step,AhistW_00,AhistW_01,AhistW_02,AhistW_03,AhistW_04,AhistW_05,AhistW_06,AhistW_07,AhistW_08,AhistW_09,AhistW_10,AhistW_11,AhistW_12,AhistW_13,AhistW_14,AhistW_15,AhistW_16,AhistW_17,AhistW_18,AhistW_19,Ahist_00,Ahist_01,Ahist_02,Ahist_03,Ahist_04,Ahist_05,Ahist_06,Ahist_07,Ahist_08,Ahist_09,Ahist_10,Ahist_11,Ahist_12,Ahist_13,Ahist_14,Ahist_15,Ahist_16,Ahist_17,Ahist_18,Ahist_19,Q__c1,Q__c2,Q__f1,Q__f2,S__c1,S__c2,S__f1,S__f2,absmu_median__c1,absmu_median__c2,absmu_median__f1,absmu_median__f2,absmu_q25__c1,absmu_q25__c2,absmu_q25__f1,absmu_q25__f2,absmu_q75__c1,absmu_q75__c2,absmu_q75__f1,absmu_q75__f2,consensus_Q,consensus_S,cos_max,cos_mean,cos_min,cv_median,dispersion_N,norm_0,norm_1,norm_2,norm_3,norm_4,norm_5,norm_6,norm_7,norm_8,norm_9
0,0.22425241768360138,0.0,0.0,0.0,0.3334170877933502,0.0,0.0,0.191312775015831,0.0,0.0,0.0,0.0,0.1022627204656601,0.0,0.0,0.0,0.14540892839431763,0.0,0.0,0.003346099751070142,0.3379906117916107,0.0,0.0,0.0,0.4269939064979553,0.0,0.0,0.16025188565254211,0.0,0.0,0.0,0.0,0.05144781619310379,0.0,0.0,0.0,0.020360099151730537,0.0,0.0,0.002955688163638115,0.05384615436196327,0.07357285171747208,0.05034956336021423,0.6706586480140686,0.14109323918819427,0.1658887416124344,0.06555482000112534,0.8529302477836609,0.00013677490642294288,9.153112478088588e-05,1.346076351183001e-05,9.284940460929647e-05,6.111070979386568e-05,3.6208759411238134e-05,1.6702989569239435e-06,1.2060647350153886e-05,0.0002618436119519174,0.00017945736180990934,4.551768506644294e-05,0.00028522202046588063,0.058912500739097595,0.2509995996952057,0.07102446258068085,-0.08553784340620041,-0.21404863893985748,4.399355888366699,0.09544780105352402,0.36384743452072144,0.30079731345176697,0.3541257381439209,0.30652350187301636,0.3153226971626282,0.3638644814491272,0.36824461817741394,0.3272111415863037,0.4139597415924072,0.3645556569099426
1,0.20932915806770325,0.0,0.0,0.0,0.33151599764823914,0.0,0.0,0.1903826892375946,0.0,0.0,0.0,0.0,0.10099957883358002,0.0,0.0,0.0,0.1637563407421112,0.0,0.0,0.004016146529465914,0.323638379573822,0.0,0.0,0.0,0.4067872166633606,0.0,0.0,0.1687050610780716,0.0,0.0,0.0,0.0,0.06547315418720245,0.0,0.0,0.0,0.030525365844368935,0.0,0.0,0.0048708305694162846,0.05961538478732109,0.08179640769958496,0.07571036368608475,0.7165668606758118,0.12479069083929062,0.17641009390354156,0.0847473219037056,0.8646284937858582,0.0002509115729480982,0.00017322885105386376,2.5214520064764656e-05,0.00017198693240061402,0.00011177047417731956,6.894086254760623e-05,2.9633879421453457e-06,2.264534487039782e-05,0.0004948659334331751,0.0003395076491869986,8.554291707696393e-05,0.0005437707295641303,0.08349262923002243,0.2687566876411438,0.11651463806629181,-0.08409589529037476,-0.17508698999881744,4.257094383239746,0.09430944174528122,0.6904237866401672,0.5539098978042603,0.6129241585731506,0.6039707660675049,0.5933749079704285,0.6526370048522949,0.7094845175743103,0.6088459491729736,0.7626091837882996,0.6937662363052368
2,0.20657791197299957,0.0,0.0,0.0,0.3355179727077484,0.0,0.0,0.17821046710014343,0.0,0.0,0.0,0.0,0.10379576683044434,0.0,0.0,0.0,0.1719643622636795,0.0,0.0,0.003933468367904425,0.3151741921901703,0.0,0.0,0.0,0.40213263034820557,0.0,0.0,0.16522596776485443,0.0,0.0,0.0,0.0,0.0739687830209732,0.0,0.0,0.0,0.03654902055859566,0.0,0.0,0.0069494228810071945,0.06923077255487442,0.08059880137443542,0.09237953275442123,0.7409181594848633,0.13698329031467438,0.17711280286312103,0.08847005665302277,0.8846185207366943,0.0004060289647895843,0.0002467711456120014,3.59372679668013e-05,0.00024758593644946814,0.0001967721473192796,9.899761062115431e-05,4.127873125980841e-06,3.10123577946797e-05,0.0007188822492025793,0.00047885323874652386,0.00012130542745580897,0.0007782551692798734,0.09920433163642883,0.2796776592731476,0.08589476346969604,-0.08429497480392456,-0.17103011906147003,4.309236526489258,0.09634923189878464,0.9743677973747253,0.7602956891059875,0.8909624218940735,0.8497387170791626,0.8438979983329773,0.9345932602882385,1.0117123126983643,0.8607420325279236,1.0744938850402832,0.9655608534812927
3,0.2084493488073349,0.0,0.0,0.0,0.3386276662349701,0.0,0.0,0.16598360240459442,0.0,0.0,0.0,0.0,0.1015075147151947,0.0,0.0,0.0,0.18080563843250275,0.0,0.0,0.0046263085678219795,0.3121967315673828,0.0,0.0,0.0,0.4032570719718933,0.0,0.0,0.16278569400310516,0.0,0.0,0.0,0.0,0.0736231878399849,0.0,0.0,0.0,0.039157330989837646,0.0,0.0,0.00897996500134468,0.08269231021404266,0.08427146077156067,0.09682896733283997,0.7552893757820129,0.14097626507282257,0.1805984079837799,0.07812555879354477,0.9011558294296265,0.0005733417347073555,0.0003148522228002548,4.589606396621093e-05,0.000318849750328809,0.00026578392134979367,0.0001253601658390835,5.244843123364262e-06,4.0469101804774255e-05,0.00102408102247864,0.0006123156636022031,0.0001554423215566203,0.0010255654342472553,0.1037348136305809,0.2869235575199127,0.08093284070491791,-0.0840405598282814,-0.15579883754253387,4.293023586273193,0.08707791566848755,1.2667486667633057,1.0118293762207031,1.1209503412246704,1.113028883934021,1.0611072778701782,1.1510885953903198,1.2925896644592285,1.1115325689315796,1.3375259637832642,1.24210524559021
4,0.20067806541919708,0.0,0.0,0.0,0.3407523036003113,0.0,0.0,0.16060952842235565,0.0,0.0,0.0,0.0,0.1001969426870346,0.0,0.0,0.0,0.19368411600589752,0.0,0.0,0.004079065285623074,0.31411007046699524,0.0,0.0,0.0,0.3981610834598541,0.0,0.0,0.16502009332180023,0.0,0.0,0.0,0.0,0.07485641539096832,0.0,0.0,0.0,0.03854450210928917,0.0,0.0,0.009307843632996082,0.10384615510702133,0.08922155946493149,0.09843695908784866,0.757684588432312,0.18111927807331085,0.17792482674121857,0.06486459821462631,0.9141032695770264,0.0007964473334141076,0.00038031869917176664,5.509430047823116e-05,0.0003915014094673097,0.0003379885165486485,0.00015360655379481614,6.388485417119227e-06,4.5658063754672185e-05,0.001555210561491549,0.0007445636438205838,0.000187437777640298,0.0012763000559061766,0.1055697351694107,0.2979431450366974,0.07058567553758621,-0.08331267535686493,-0.14900784194469452,4.245535373687744,0.09257875382900238,1.4972575902938843,1.2289584875106812,1.3664405345916748,1.3222695589065552,1.2977781295776367,1.3938168287277222,1.5698853731155396,1.3112841844558716,1.669285774230957,1.489823341369629
5,0.19590818881988525,0.0,0.0,0.0,0.3313487470149994,0.0,0.0,0.1673068404197693,0.0,0.0,0.0,0.0,0.09129105508327484,0.0,0.0,0.0,0.21027781069278717,0.0,0.0,0.0038673223461955786,0.30964338779449463,0.0,0.0,0.0,0.3922479450702667,0.0,0.0,0.16893747448921204,0.0,0.0,0.0,0.0,0.07605710625648499,0.0,0.0,0.0,0.042055483907461166,0.0,0.0,0.011058595962822437,0.1288461536169052,0.0930538922548294,0.10434207320213318,0.7648702263832092,0.21946550905704498,0.16915003955364227,0.052977703511714935,0.9188477396965027,0.001102137379348278,0.00045356826740317047,6.444015889428556e-05,0.00045775147737003863,0.00040848227217793465,0.0001826399238780141,7.330031621677335e-06,5.4583790188189596e-05,0.0023181363940238953,0.0008981542778201401,0.0002215444401372224,0.0015720248920843005,0.1113923192024231,0.3054220676422119,0.059496115893125534,-0.080878347158432,-0.15439996123313904,4.162498474121094,0.09882879257202148,1.7365143299102783,1.389913558959961,1.6034646034240723,1.5534257888793945,1.5900193452835083,1.559049129486084,1.785279631614685,1.5944523811340332,2.005310297012329,1.8097476959228516
6,0.1888204663991928,0.0,0.0,0.0,0.3241954743862152,0.0,0.0,0.16954709589481354,0.0,0.0,0.0,0.0,0.09467647224664688,0.0,0.0,0.0,0.21928885579109192,0.0,0.0,0.003471632720902562,0.3044797480106354,0.0,0.0,0.0,0.3899451196193695,0.0,0.0,0.16892747581005096,0.0,0.0,0.0,0.0,0.07981178164482117,0.0,0.0,0.0,0.04410122334957123,0.0,0.0,0.012734640389680862,0.17115384340286255,0.09796407073736191,0.11144319921731949,0.7678642272949219,0.2760511040687561,0.18243029713630676,0.046669505536556244,0.9251205921173096,0.001490940572693944,0.0005345081444829702,7.231181371025741e-05,0.0005011162720620632,0.0005344747914932668,0.0002148781350115314,7.936010661069304e-06,5.782912558061071e-05,0.0031801494769752026,0.0010686626192182302,0.00025261356495320797,0.0018889445345848799,0.11836086958646774,0.3174216151237488,0.09460149705410004,-0.07782908529043198,-0.16228622198104858,4.072373867034912,0.11693870276212692,1.9755547046661377,1.5428797006607056,1.77117121219635,1.7490164041519165,1.7388275861740112,1.7558103799819946,2.0739026069641113,1.785711407661438,2.3345515727996826,2.089737892150879
7,0.1702025830745697,0.0,0.0,0.0,0.3041192591190338,0.0,0.0,0.19845648109912872,0.0,0.0,0.0,0.0,0.1004619151353836,0.0,0.0,0.0,0.22342166304588318,0.0,0.0,0.0033380533568561077,0.3012511730194092,0.0,0.0,0.0,0.38365232944488525,0.0,0.0,0.17833498120307922,0.0,0.0,0.0,0.0,0.07826093584299088,0.0,0.0,0.0,0.04566557705402374,0.0,0.0,0.012835008092224598,0.22884614765644073,0.10071856528520584,0.11160549521446228,0.7638722062110901,0.3894560635089874,0.19685526192188263,0.03669971227645874,0.9000326991081238,0.0023477510549128056,0.0006621732609346509,8.072186028584838e-05,0.0005924919387325644,0.0008481194963678718,0.0002644627820700407,8.374412573175505e-06,6.34716561762616e-05,0.004712739959359169,0.001364078838378191,0.0002925531880464405,0.002282953355461359,0.11869490891695023,0.3272087574005127,0.15762631595134735,-0.07248907536268234,-0.16871975362300873,3.9661691188812256,0.13088999688625336,2.350222110748291,1.7743477821350098,1.9869301319122314,2.0355277061462402,1.9983019828796387,2.033151388168335,2.4000446796417236,2.099313259124756,2.8064944744110107,2.4488070011138916
8,0.14410583674907684,0.0,0.0,0.0,0.26563212275505066,0.0,0.0,0.21498018503189087,0.0,0.0,0.0,0.0,0.14152832329273224,0.0,0.0,0.0,0.2301683872938156,0.0,0.0,0.0035851469729095697,0.2966535687446594,0.0,0.0,0.0,0.37940773367881775,0.0,0.0,0.1810964196920395,0.0,0.0,0.0,0.0,0.08081799745559692,0.0,0.0,0.0,0.048321712762117386,0.0,0.0,0.0137025760486722,0.375,0.12566865980625153,0.11587516218423843,0.7604790329933167,0.6544817686080933,0.28680145740509033,0.03809283673763275,0.8544996380805969,0.0036929394118487835,0.0008632251410745084,8.89075017767027e-05,0.0006678443169221282,0.0013114380417391658,0.00032931388705037534,8.552558938390575e-06,6.697961362078786e-05,0.007453157100826502,0.001867911545559764,0.00034093603608198464,0.002973430324345827,0.12424840778112411,0.3752664029598236,0.21338903903961182,-0.0598708800971508,-0.20503178238868713,3.756164789199829,0.1526050865650177,2.716484785079956,1.9953469038009644,2.283074378967285,2.3109493255615234,2.298238515853882,2.3497955799102783,2.848841905593872,2.359400987625122,3.395153045654297,2.8637638092041016
9,0.11286928504705429,0.0,0.0,0.0,0.211446613073349,0.0,0.0,0.22261236608028412,0.0,0.0,0.0,0.0,0.17871727049350739,0.0,0.0,0.0,0.2578326165676117,0.0,0.0,0.016521882265806198,0.2816213369369507,0.0,0.0,0.0,0.37365978956222534,0.0,0.0,0.19171816110610962,0.0,0.0,0.0,0.0,0.0871342122554779,0.0,0.0,0.0,0.04998761788010597,0.0,0.0,0.015878889709711075,0.5423076748847961,0.1756087839603424,0.12239950895309448,0.7512973546981812,0.8634674549102783,0.4560099244117737,0.05543976649641991,0.8020934462547302,0.0062418547458946705,0.001176101970486343,9.73790738498792e-05,0.0007543861865997314,0.002079077297821641,0.00041295361006632447,8.581142537877895e-06,6.639050843659788e-05,0.011563489213585854,0.002677242737263441,0.000407693674787879,0.003829540219157934,0.1333070546388626,0.45305749773979187,0.29420360922813416,-0.0375978983938694,-0.24358798563480377,3.4783899784088135,0.1820356398820877,3.20943284034729,2.229564905166626,2.5986781120300293,2.7343711853027344,2.62536883354187,2.689300775527954,3.4065144062042236,2.6680495738983154,4.204596042633057,3.310426712036133
10,0.08347337692975998,0.0,0.0,0.0,0.1632794290781021,0.0,0.0,0.20065055787563324,0.0,0.0,0.0,0.0,0.19012431800365448,0.0,0.0,0.0,0.3045751750469208,0.0,0.0,0.05789712816476822,0.2663825452327728,0.0,0.0,0.0,0.3640228509902954,0.0,0.0,0.20436105132102966,0.0,0.0,0.0,0.0,0.09473065286874771,0.0,0.0,0.0,0.0536758191883564,0.0,0.0,0.01682710275053978,0.7019230723381042,0.23548902571201324,0.12993258237838745,0.7518962025642395,0.9530095458030701,0.6177793741226196,0.07593321055173874,0.8735895156860352,0.009344544261693954,0.0015904316678643227,0.00010439715697430074,0.0008498892420902848,0.0030831387266516685,0.0005238934536464512,8.53132314659888e-06,6.444388418458402e-05,0.016725799068808556,0.0037368829362094402,0.0004850254044868052,0.00495019881054759,0.14398488402366638,0.552585780620575,0.349444717168808,-0.012579948641359806,-0.2905583679676056,3.2401981353759766,0.21368150413036346,3.7481460571289062,2.460775136947632,3.0344431400299072,3.0826756954193115,3.13785457611084,3.127825975418091,4.178592205047607,3.029017686843872,5.202865123748779,3.935436487197876
11,0.059160321950912476,0.0,0.0,0.0,0.12533867359161377,0.0,0.0,0.17680343985557556,0.0,0.0,0.0,0.0,0.18228130042552948,0.0,0.0,0.0,0.34988754987716675,0.0,0.0,0.10652869939804077,0.24838118255138397,0.0,0.0,0.0,0.3561682403087616,0.0,0.0,0.21612724661827087,0.0,0.0,0.0,0.0,0.10240209102630615,0.0,0.0,0.0,0.056825343519449234,0.0,0.0,0.020095892250537872,0.7942307591438293,0.3141317367553711,0.1382172405719757,0.757684588432312,0.9810613393783569,0.7584273219108582,0.12343288958072662,0.9222521781921387,0.013307235203683376,0.0021190927363932133,0.00011173408711329103,0.0009322015102952719,0.004242906346917152,0.0006404259474948049,8.415379852522165e-06,6.0847338318126276e-05,0.02330910600721836,0.005018165335059166,0.000581038708332926,0.006526523269712925,0.15643036365509033,0.6386842727661133,0.4013919234275818,0.02018006704747677,-0.34001272916793823,3.007634162902832,0.23312634229660034,4.544084548950195,2.812345504760742,3.4494011402130127,3.5673389434814453,3.680478096008301,3.451179027557373,5.013335227966309,3.560734510421753,6.22552490234375,4.666508197784424
12,0.05527905747294426,0.0,0.0,0.0,0.10974747687578201,0.0,0.0,0.15847118198871613,0.0,0.0,0.0,0.0,0.187336727976799,0.0,0.0,0.0,0.3533480167388916,0.0,0.0,0.1358175426721573,0.2428637146949768,0.0,0.0,0.0,0.35118168592453003,0.0,0.0,0.21801525354385376,0.0,0.0,0.0,0.0,0.10729215294122696,0.0,0.0,0.0,0.058427080512046814,0.0,0.0,0.022220095619559288,0.8115384578704834,0.35756486654281616,0.14358802139759064,0.7648702263832092,0.9893432855606079,0.8112273216247559,0.1556020975112915,0.9428683519363403,0.01642998866736889,0.0025626574642956257,0.00011563929729163647,0.0009869423229247332,0.005381643306463957,0.0007260147831402719,8.196861926990096e-06,5.686067379429005e-05,0.02830679714679718,0.006039207335561514,0.0006487187929451466,0.00789516232907772,0.1640484482049942,0.6764890551567078,0.4394676387310028,0.03307558596134186,-0.350035697221756,2.999925374984741,0.2566507160663605,5.163311004638672,3.088400363922119,3.7041866779327393,3.886913299560547,4.1287736892700195,3.7636067867279053,5.688413619995117,4.030618667602539,7.257654666900635,5.357449054718018
13,0.04657895863056183,0.0,0.0,0.0,0.10205105692148209,0.0,0.0,0.15723109245300293,0.0,0.0,0.0,0.0,0.1789282262325287,0.0,0.0,0.0,0.3337539732456207,0.0,0.0,0.18145668506622314,0.23720024526119232,0.0,0.0,0.0,0.34607642889022827,0.0,0.0,0.2231924831867218,0.0,0.0,0.0,0.0,0.10999394953250885,0.0,0.0,0.0,0.05859847739338875,0.0,0.0,0.02493840456008911,0.8403846025466919,0.3930938243865967,0.14679650962352753,0.7618762254714966,0.9944865107536316,0.8444607853889465,0.17678314447402954,0.9237269163131714,0.02045094221830368,0.003059802111238241,0.00011734438157873228,0.0010419049067422748,0.006897469982504845,0.000823057082016021,7.882645149948075e-06,5.825510015711188e-05,0.0351143516600132,0.007214587647467852,0.0007238096441142261,0.00968218594789505,0.16909390687942505,0.6941258907318115,0.4642430543899536,0.04518911615014076,-0.357915997505188,2.9705164432525635,0.27248263359069824,5.853809356689453,3.4306466579437256,4.123938083648682,4.315735340118408,4.704986572265625,4.264904499053955,6.56005334854126,4.494994640350342,8.414802551269531,6.26019287109375
14,0.03663870692253113,0.0,0.0,0.0,0.09313875436782837,0.0,0.0,0.1381029337644577,0.0,0.0,0.0,0.0,0.17601408064365387,0.0,0.0,0.0,0.3211279511451721,0.0,0.0,0.234977588057518,0.228213831782341,0.0,0.0,0.0,0.33805280923843384,0.0,0.0,0.22853223979473114,0.0,0.0,0.0,0.0,0.11374738067388535,0.0,0.0,0.0,0.06457510590553284,0.0,0.0,0.026878653094172478,0.8653846383094788,0.4408383369445801,0.15480899810791016,0.7668662667274475,0.9982326030731201,0.8856158256530762,0.2226986587047577,0.946526825428009,0.025914721190929413,0.0037118149921298027,0.00011879816884174943,0.001092726131901145,0.008834117092192173,0.000947078107856214,7.662993994017597e-06,5.4954834922682494e-05,0.04412529617547989,0.008797017857432365,0.0008142245933413506,0.011749527417123318,0.17940057814121246,0.7321076989173889,0.5020159482955933,0.062310025095939636,-0.3646784722805023,2.857236385345459,0.28785499930381775,6.853035926818848,4.003884792327881,4.598663806915283,4.8505940437316895,5.290060520172119,4.861051559448242,7.720248699188232,5.059218883514404,9.863631248474121,7.290097713470459
15,0.02691093273460865,0.0,0.0,0.0,0.08000602573156357,0.0,0.0,0.12878301739692688,0.0,0.0,0.0,0.0,0.1432769000530243,0.0,0.0,0.0,0.28057992458343506,0.0,0.0,0.34044328331947327,0.2256183624267578,0.0,0.0,0.0,0.3268216550350189,0.0,0.0,0.23305939137935638,0.0,0.0,0.0,0.0,0.11472979187965393,0.0,0.0,0.0,0.0699722021818161,0.0,0.0,0.02979860082268715,0.8884615302085876,0.49884232878685,0.15976779162883759,0.7812374830245972,0.9995397329330444,0.9208586812019348,0.2568739652633667,0.9720244407653809,0.0318262055516243,0.004418572876602411,0.0001186187073471956,0.0012288414873182774,0.010703149251639843,0.0010847107041627169,7.243231266329531e-06,5.334719753591344e-05,0.05422782897949219,0.010491810739040375,0.00090532295871526,0.014442281797528267,0.18757307529449463,0.7642889022827148,0.5235675573348999,0.08109617233276367,-0.3410224914550781,2.7677342891693115,0.31907790899276733,7.77540397644043,4.427536487579346,4.937561988830566,5.223667621612549,5.748807430267334,5.269593715667725,8.874526023864746,5.647114276885986,11.565691947937012,8.40742015838623
16,0.02201594039797783,0.0,0.0,0.0,0.0771556869149208,0.0,0.0,0.12906233966350555,0.0,0.0,0.0,0.0,0.14005324244499207,0.0,0.0,0.0,0.2544977366924286,0.0,0.0,0.37721505761146545,0.21806056797504425,0.0,0.0,0.0,0.32679784297943115,0.0,0.0,0.23247241973876953,0.0,0.0,0.0,0.0,0.12163501977920532,0.0,0.0,0.0,0.0699167400598526,0.0,0.0,0.03111741691827774,0.8826923370361328,0.5227544903755188,0.16599750518798828,0.7858282923698425,0.9995801448822021,0.9323267936706543,0.25188568234443665,0.9839080572128296,0.0352155901491642,0.004876527935266495,0.00011753698345273733,0.0012686308473348618,0.011974605731666088,0.0011808463605120778,6.8849881245114375e-06,5.32851590833161e-05,0.06035131216049194,0.011562146246433258,0.0009559108875691891,0.017316173762083054,0.19479680061340332,0.7717556953430176,0.5480150580406189,0.08509846776723862,-0.3016105890274048,2.7266745567321777,0.32964643836021423,8.289363861083984,4.878816604614258,5.278143405914307,5.5416436195373535,5.947159290313721,5.621121883392334,9.671429634094238,5.962101459503174,12.667182922363281,8.946626663208008
17,0.02102029323577881,0.0,0.0,0.0,0.07397498190402985,0.0,0.0,0.14114665985107422,0.0,0.0,0.0,0.0,0.13062390685081482,0.0,0.0,0.0,0.22826994955539703,0.0,0.0,0.4049641788005829,0.2134227156639099,0.0,0.0,0.0,0.32834509015083313,0.0,0.0,0.23544856905937195,0.0,0.0,0.0,0.0,0.120558001101017,0.0,0.0,0.0,0.06991680711507797,0.0,0.0,0.03230883181095123,0.892307698726654,0.5370858311653137,0.16534332931041718,0.7874251008033752,0.999639630317688,0.9385954141616821,0.21657735109329224,0.9775431752204895,0.03661303594708443,0.005099541507661343,0.00011595852265600115,0.0012631368590518832,0.012584146112203598,0.0012187412939965725,6.653443961113226e-06,5.121849608258344e-05,0.0627576932311058,0.01210610382258892,0.0009769995231181383,0.01906811073422432,0.19505196809768677,0.7638459801673889,0.5591034889221191,0.0855041965842247,-0.2512255311012268,2.7195966243743896,0.32982367277145386,8.549080848693848,5.202647686004639,5.474170684814453,5.877371788024902,5.9516706466674805,5.818542003631592,10.04761791229248,6.124964714050293,13.167865753173828,9.285330772399902
18,0.023768316954374313,0.0,0.0,0.0,0.07850456982851028,0.0,0.0,0.14344973862171173,0.0,0.0,0.0,0.0,0.12503206729888916,0.0,0.0,0.0,0.2184593677520752,0.0,0.0,0.4107859432697296,0.21437817811965942,0.0,0.0,0.0,0.32999688386917114,0.0,0.0,0.23883755505084991,0.0,0.0,0.0,0.0,0.11700031161308289,0.0,0.0,0.0,0.06872083991765976,0.0,0.0,0.03106623701751232,0.8942307829856873,0.5314970016479492,0.1606142371892929,0.7902195453643799,0.9994524717330933,0.9365321397781372,0.17957745492458344,0.9794129729270935,0.03634675592184067,0.005100961774587631,0.00011343165533617139,0.0012366273440420628,0.0126494737342,0.001212692353874445,6.612664037675131e-06,4.9803409638116136e-05,0.062374502420425415,0.01218434702605009,0.0009627713588997722,0.01905856840312481,0.1903683841228485,0.7542648315429688,0.5614638924598694,0.077634297311306,-0.22718629240989685,2.7289175987243652,0.33278435468673706,8.486720085144043,5.394754409790039,5.564024448394775,6.084542274475098,5.855336666107178,5.853893280029297,10.149250984191895,6.12507963180542,13.497501373291016,9.283148765563965
19,0.02505522221326828,0.0,0.0,0.0,0.07912298291921616,0.0,0.0,0.14374971389770508,0.0,0.0,0.0,0.0,0.12163998931646347,0.0,0.0,0.0,0.21825583279132843,0.0,0.0,0.4121762812137604,0.2145024687051773,0.0,0.0,0.0,0.3335292935371399,0.0,0.0,0.24160495400428772,0.0,0.0,0.0,0.0,0.11389898508787155,0.0,0.0,0.0,0.06759275496006012,0.0,0.0,0.028871528804302216,0.8884615302085876,0.5252295732498169,0.15531836450099945,0.7918163537979126,0.9993512034416199,0.9339569807052612,0.1607784777879715,0.9923127889633179,0.03611048310995102,0.005065148696303368,0.00011198066204087809,0.0012016964610666037,0.012550347484648228,0.0012203017249703407,6.519072030641837e-06,5.106673779664561e-05,0.06214394047856331,0.012272589839994907,0.0009412503568455577,0.018514972180128098,0.18509557843208313,0.7520592212677002,0.5643168687820435,0.06913615763187408,-0.20353007316589355,2.756746768951416,0.34466981887817383,8.292495727539062,5.489763259887695,5.586678981781006,6.195221900939941,5.753579616546631,5.881532192230225,10.325959205627441,6.006548881530762,13.94222354888916,9.024956703186035
20,0.031093643978238106,0.0,0.0,0.0,0.0809788927435875,0.0,0.0,0.1453263908624649,0.0,0.0,0.0,0.0,0.12122666835784912,0.0,0.0,0.0,0.19405359029769897,0.0,0.0,0.42732080817222595,0.21704606711864471,0.0,0.0,0.0,0.33470940589904785,0.0,0.0,0.23988692462444305,0.0,0.0,0.0,0.0,0.11367474496364594,0.0,0.0,0.0,0.06639917939901352,0.0,0.0,0.02828366868197918,0.8884615302085876,0.5328941941261292,0.15317852795124054,0.7844310998916626,0.999332845211029,0.9411649703979492,0.1605849266052246,0.9300666451454163,0.03635362535715103,0.005115363281220198,0.00010995752381859347,0.0012060338631272316,0.01260558981448412,0.0012380632106214762,6.2841304497851525e-06,5.234571290202439e-05,0.06287853419780731,0.012651346623897552,0.0009314551134593785,0.01582600176334381,0.18346711993217468,0.7425886988639832,0.581479549407959,0.0669780746102333,-0.1803172081708908,2.769521951675415,0.35694995522499084,7.871135234832764,5.565143585205078,5.6466569900512695,6.245197772979736,5.713650226593018,5.9294023513793945,10.508892059326172,5.933796405792236,14.373311996459961,8.799765586853027
21,0.028218353167176247,0.0,0.0,0.0,0.0696365088224411,0.0,0.0,0.13284164667129517,0.0,0.0,0.0,0.0,0.10675937682390213,0.0,0.0,0.0,0.1936534345149994,0.0,0.0,0.46889063715934753,0.21434324979782104,0.0,0.0,0.0,0.33973684906959534,0.0,0.0,0.23289823532104492,0.0,0.0,0.0,0.0,0.11750087141990662,0.0,0.0,0.0,0.06633512675762177,0.0,0.0,0.029185665771365166,0.8942307829856873,0.5523353219032288,0.15635207295417786,0.7974051833152771,0.999687135219574,0.9530228972434998,0.193218395113945,0.9885046482086182,0.03721924126148224,0.005200098268687725,0.00010676359670469537,0.0011414997279644012,0.013205808587372303,0.001299725379794836,6.017501618771348e-06,5.1602582971099764e-05,0.06543512642383575,0.013297316618263721,0.0009389969054609537,0.014453783631324768,0.1877029836177826,0.7692918181419373,0.6028120517730713,0.07146389782428741,-0.15107834339141846,2.7663726806640625,0.3656468689441681,7.520796298980713,5.599421501159668,5.83046817779541,6.347362995147705,5.771415710449219,6.062994480133057,10.721598625183105,5.938640117645264,14.801008224487305,8.504322052001953
22,0.025053439661860466,0.0,0.0,0.0,0.06727239489555359,0.0,0.0,0.12450482696294785,0.0,0.0,0.0,0.0,0.08628562837839127,0.0,0.0,0.0,0.17673459649085999,0.0,0.0,0.5201491713523865,0.20935861766338348,0.0,0.0,0.0,0.3380514085292816,0.0,0.0,0.23247364163398743,0.0,0.0,0.0,0.0,0.12040021270513535,0.0,0.0,0.0,0.06743243336677551,0.0,0.0,0.03228369355201721,0.8942307829856873,0.5709381103515625,0.1619800329208374,0.8035928010940552,0.9996933937072754,0.9635792374610901,0.21746549010276794,0.9951727390289307,0.038720883429050446,0.005338058806955814,0.00010484067024663091,0.0011250546667724848,0.0134667307138443,0.0013415198773145676,6.160166321933502e-06,5.0900402129627764e-05,0.0685093104839325,0.014170559123158455,0.000963616999797523,0.013153845444321632,0.19408462941646576,0.7831582427024841,0.624535322189331,0.08159241080284119,-0.12619903683662415,2.731255531311035,0.37758004665374756,7.12468957901001,5.693699836730957,6.073545932769775,6.491304874420166,5.885008811950684,6.109127044677734,11.084917068481445,6.0039262771606445,15.302431106567383,8.136969566345215
23,0.0225062295794487,0.0,0.0,0.0,0.06440518796443939,0.0,0.0,0.11797960102558136,0.0,0.0,0.0,0.0,0.07144445180892944,0.0,0.0,0.0,0.15958812832832336,0.0,0.0,0.5640763640403748,0.20578812062740326,0.0,0.0,0.0,0.3352404534816742,0.0,0.0,0.23443178832530975,0.0,0.0,0.0,0.0,0.11980194598436356,0.0,0.0,0.0,0.06912166625261307,0.0,0.0,0.035616014152765274,0.9038461446762085,0.591217577457428,0.16509364545345306,0.8059880137443542,0.9997915029525757,0.9719507694244385,0.23731744289398193,0.99660325050354,0.040550269186496735,0.005547238513827324,0.00010391946125309914,0.0010542781092226505,0.013735777698457241,0.0013760586734861135,6.162748377391836e-06,4.949802314513363e-05,0.07214837521314621,0.015166535042226315,0.0009873618837445974,0.011080814525485039,0.19819523394107819,0.7950978875160217,0.648666262626648,0.09528473764657974,-0.14187346398830414,2.7013015747070312,0.3900950849056244,6.909404277801514,5.847806453704834,6.363068580627441,6.639712810516357,6.0085530281066895,6.343159198760986,11.425535202026367,6.152240753173828,15.987411499023438,7.763640403747559
24,0.019332541152834892,0.0,0.0,0.0,0.059429168701171875,0.0,0.0,0.11271410435438156,0.0,0.0,0.0,0.0,0.06508792191743851,0.0,0.0,0.0,0.156087264418602,0.0,0.0,0.587348997592926,0.19838093221187592,0.0,0.0,0.0,0.33215397596359253,0.0,0.0,0.23986110091209412,0.0,0.0,0.0,0.0,0.11923448741436005,0.0,0.0,0.0,0.07152913510799408,0.0,0.0,0.03884038329124451,0.9115384817123413,0.6035528779029846,0.16928090155124664,0.8029940128326416,0.9998189806938171,0.975525975227356,0.26905325055122375,0.9972922801971436,0.0419197678565979,0.005737029016017914,0.00010353701509302482,0.0010325541952624917,0.014113116078078747,0.0013829136732965708,6.148007742012851e-06,4.918772174278274e-05,0.07532406598329544,0.016179107129573822,0.000995859270915389,0.010754633694887161,0.20277675986289978,0.8085129261016846,0.6755302548408508,0.11101378500461578,-0.13484473526477814,2.6580796241760254,0.4060337543487549,6.762895107269287,5.9784321784973145,6.490721702575684,6.761174201965332,6.189406394958496,6.564388751983643,11.839088439941406,6.26283073425293,16.646564483642578,7.322301864624023
25,0.01684342883527279,0.0,0.0,0.0,0.0571395568549633,0.0,0.0,0.10982265323400497,0.0,0.0,0.0,0.0,0.06485060602426529,0.0,0.0,0.0,0.1533023864030838,0.0,0.0,0.5980414152145386,0.19104145467281342,0.0,0.0,0.0,0.33309149742126465,0.0,0.0,0.23949594795703888,0.0,0.0,0.0,0.0,0.12433567643165588,0.0,0.0,0.0,0.07119002938270569,0.0,0.0,0.04084540531039238,0.9134615659713745,0.6072654724121094,0.17605243623256683,0.807584822177887,0.9998342990875244,0.9765352010726929,0.2875654101371765,0.9974815845489502,0.04168916866183281,0.005758068989962339,0.00010340413427911699,0.00105650769546628,0.014223651960492134,0.001376994652673602,6.757210030627903e-06,5.1201430323999375e-05,0.07541898638010025,0.0166493970900774,0.0009854056406766176,0.009665913879871368,0.20933935046195984,0.8161844611167908,0.695528507232666,0.11957518756389618,-0.13376662135124207,2.604482412338257,0.4212016761302948,6.5311665534973145,5.9013142585754395,6.45003080368042,6.724453449249268,6.23034143447876,6.605321407318115,11.95255184173584,6.278157711029053,16.929269790649414,6.9386677742004395
26,0.014918603003025055,0.0,0.0,0.0,0.05576799437403679,0.0,0.0,0.11035651713609695,0.0,0.0,0.0,0.0,0.06619557738304138,0.0,0.0,0.0,0.16210216283798218,0.0,0.0,0.5906591415405273,0.1885710060596466,0.0,0.0,0.0,0.3368462920188904,0.0,0.0,0.2409682273864746,0.0,0.0,0.0,0.0,0.12041237205266953,0.0,0.0,0.0,0.07044120132923126,0.0,0.0,0.042760882526636124,0.9153845906257629,0.6000000238418579,0.1747215986251831,0.8127744197845459,0.999836802482605,0.9750675559043884,0.29314279556274414,0.9976948499679565,0.041254833340644836,0.00572328083217144,0.00010332889360142872,0.0010751908412203193,0.013711238279938698,0.001355030806735158,7.067832939355867e-06,5.415028135757893e-05,0.07431154698133469,0.016764525324106216,0.0009570079273544252,0.009221862070262432,0.2077433466911316,0.8189470767974854,0.7097967863082886,0.11971230059862137,-0.1729845106601715,2.613119602203369,0.4348165988922119,6.4151716232299805,5.824615478515625,6.380943298339844,6.600858211517334,6.199280261993408,6.550249099731445,12.085041999816895,6.237083435058594,17.025541305541992,6.536214351654053
27,0.014690755866467953,0.0,0.0,0.0,0.0579664371907711,0.0,0.0,0.11153402924537659,0.0,0.0,0.0,0.0,0.0701478123664856,0.0,0.0,0.0,0.17195329070091248,0.0,0.0,0.5737076997756958,0.19317780435085297,0.0,0.0,0.0,0.34525829553604126,0.0,0.0,0.24420715868473053,0.0,0.0,0.0,0.0,0.11760543286800385,0.0,0.0,0.0,0.06514805555343628,0.0,0.0,0.03460325673222542,0.9076923131942749,0.5857484936714172,0.16362547874450684,0.818962037563324,0.9997520446777344,0.971045196056366,0.28397998213768005,0.9979516863822937,0.038152649998664856,0.005358932074159384,0.0001039999260683544,0.0010409150272607803,0.0126094501465559,0.0012868799967691302,8.727652129891794e-06,7.870052650105208e-05,0.06911782175302505,0.015774231404066086,0.0008894792408682406,0.008498644456267357,0.1966688334941864,0.8157983422279358,0.7156124711036682,0.11053742468357086,-0.1894242763519287,2.7346343994140625,0.44674554467201233,5.982931613922119,5.444528579711914,5.986619472503662,6.163350582122803,5.799502372741699,6.15029764175415,11.434832572937012,5.865451812744141,16.29075050354004,6.063417434692383
28,0.01445727702230215,0.0,0.0,0.0,0.059870991855859756,0.0,0.0,0.11354019492864609,0.0,0.0,0.0,0.0,0.0764663815498352,0.0,0.0,0.0,0.17774243652820587,0.0,0.0,0.5579227209091187,0.19542747735977173,0.0,0.0,0.0,0.35109204053878784,0.0,0.0,0.2428703010082245,0.0,0.0,0.0,0.0,0.11481642723083496,0.0,0.0,0.0,0.06305809319019318,0.0,0.0,0.0327356718480587,0.8980769515037537,0.5663473010063171,0.16085144877433777,0.8349301218986511,0.9994592666625977,0.9648305773735046,0.2779898941516876,0.9980878233909607,0.03521474823355675,0.005042291712015867,0.00010564492549747229,0.0010705743916332722,0.011550236493349075,0.0012337822699919343,9.854856216406915e-06,9.351770131615922e-05,0.06376925110816956,0.01487090066075325,0.0008295432198792696,0.007967313751578331,0.19313816726207733,0.8121185898780823,0.7218334674835205,0.101078562438488,-0.20288357138633728,2.7710001468658447,0.4589892327785492,5.603809356689453,5.1034770011901855,5.622617244720459,5.728955268859863,5.426548480987549,5.793262481689453,10.88111686706543,5.518515586853027,15.60727596282959,5.6606035232543945
29,0.01473197527229786,0.0,0.0,0.0,0.06284596025943756,0.0,0.0,0.11694461852312088,0.0,0.0,0.0,0.0,0.08487420529127121,0.0,0.0,0.0,0.18921151757240295,0.0,0.0,0.5313916802406311,0.1975797712802887,0.0,0.0,0.0,0.35794326663017273,0.0,0.0,0.24408076703548431,0.0,0.0,0.0,0.0,0.11279696226119995,0.0,0.0,0.0,0.05887473002076149,0.0,0.0,0.028724506497383118,0.8788461685180664,0.5419161915779114,0.15434208512306213,0.852694571018219,0.9992269277572632,0.9561604261398315,0.2686458230018616,0.9979223608970642,0.031864240765571594,0.0046609072014689445,0.00010655313963070512,0.001090346835553646,0.010456182062625885,0.0011612967355176806,1.146532486018259e-05,0.00011916137736989185,0.058229558169841766,0.01371396891772747,0.0007700423011556268,0.007496384438127279,0.18585413694381714,0.8054633140563965,0.7236585021018982,0.09072703123092651,-0.21135398745536804,2.8834400177001953,0.468796044588089,5.191120147705078,4.7189555168151855,5.197436809539795,5.2950849533081055,5.001094341278076,5.361220836639404,10.113578796386719,5.129723072052002,14.71899700164795,5.226181507110596
30,0.015413699671626091,0.0,0.0,0.0,0.06720192730426788,0.0,0.0,0.1229502260684967,0.0,0.0,0.0,0.0,0.09333455562591553,0.0,0.0,0.0,0.19263973832130432,0.0,0.0,0.5084599256515503,0.20296651124954224,0.0,0.0,0.0,0.36798718571662903,0.0,0.0,0.24143747985363007,0.0,0.0,0.0,0.0,0.10754086822271347,0.0,0.0,0.0,0.05381130427122116,0.0,0.0,0.026256665587425232,0.8769230842590332,0.5116167664527893,0.14525343477725983,0.8568862080574036,0.999118447303772,0.9410763382911682,0.25931867957115173,0.9975759983062744,0.02867228537797928,0.004244762938469648,0.00010599953384371474,0.0010741453152149916,0.00936512928456068,0.0010675820522010326,1.3070113709545694e-05,0.00014652953541371971,0.05222150310873985,0.012475797906517982,0.0007114773616194725,0.0069354502484202385,0.17569594085216522,0.7944176197052002,0.7223550081253052,0.0811263844370842,-0.21524906158447266,2.962575674057007,0.47270452976226807,4.773479461669922,4.344149589538574,4.773736000061035,4.862981796264648,4.586596488952637,4.9231133460998535,9.303168296813965,4.723838806152344,13.62829875946045,4.787947177886963
31,0.016873788088560104,0.0,0.0,0.0,0.07134858518838882,0.0,0.0,0.1288769245147705,0.0,0.0,0.0,0.0,0.09868278354406357,0.0,0.0,0.0,0.19277669489383698,0.0,0.0,0.49144119024276733,0.2082837074995041,0.0,0.0,0.0,0.3733314275741577,0.0,0.0,0.23946301639080048,0.0,0.0,0.0,0.0,0.10253683477640152,0.0,0.0,0.0,0.05161840096116066,0.0,0.0,0.02476661652326584,0.8615384697914124,0.48023951053619385,0.13991011679172516,0.8658682107925415,0.9987218976020813,0.9252762794494629,0.2527705729007721,0.9926305413246155,0.025792153552174568,0.0038121428806334734,0.0001047001569531858,0.0010753858368843794,0.008373111486434937,0.0009732827311381698,1.428093764843652e-05,0.0001666282769292593,0.0469105988740921,0.011233378201723099,0.0006534202257171273,0.006325258407741785,0.16899415850639343,0.7828840017318726,0.7189475297927856,0.0739016979932785,-0.2168920338153839,2.999842405319214,0.47331663966178894,4.364376544952393,3.990882396697998,4.361891746520996,4.435016632080078,4.19260311126709,4.501065731048584,8.456499099731445,4.321643352508545,12.493010520935059,4.372981071472168
32,0.01763751357793808,0.0,0.0,0.0,0.07516743242740631,0.0,0.0,0.13451510667800903,0.0,0.0,0.0,0.0,0.10439784079790115,0.0,0.0,0.0,0.19196255505084991,0.0,0.0,0.47631946206092834,0.21241796016693115,0.0,0.0,0.0,0.3801133930683136,0.0,0.0,0.23634129762649536,0.0,0.0,0.0,0.0,0.09925230592489243,0.0,0.0,0.0,0.04950279742479324,0.0,0.0,0.022372255101799965,0.8519230484962463,0.4533333480358124,0.13451187312602997,0.8756486773490906,0.9982280731201172,0.9091790318489075,0.2483341246843338,0.9960504770278931,0.023095911368727684,0.0033954454120248556,0.00010318713611923158,0.0010470729321241379,0.007375058718025684,0.000870444520842284,1.5010834431450348e-05,0.0001857935858424753,0.0418623648583889,0.01007586158812046,0.0005987047916278243,0.005777569953352213,0.16251739859580994,0.7726630568504333,0.7135390043258667,0.06756696105003357,-0.21809759736061096,3.03952956199646,0.4721534848213196,3.9866955280303955,3.66286301612854,3.978145122528076,4.040894031524658,3.815669536590576,4.102525234222412,7.660342216491699,3.9490857124328613,11.391879081726074,3.9861531257629395
33,0.019048424437642097,0.0,0.0,0.0,0.07954983413219452,0.0,0.0,0.14025700092315674,0.0,0.0,0.0,0.0,0.1075344830751419,0.0,0.0,0.0,0.19468724727630615,0.0,0.0,0.4589230418205261,0.21746504306793213,0.0,0.0,0.0,0.3845335841178894,0.0,0.0,0.23343171179294586,0.0,0.0,0.0,0.0,0.09623802453279495,0.0,0.0,0.0,0.04775159806013107,0.0,0.0,0.020580027252435684,0.8346154093742371,0.4264271557331085,0.1300973892211914,0.8812375068664551,0.9969354271888733,0.8918039798736572,0.2443271279335022,0.9945974349975586,0.020796505734324455,0.003036414971575141,0.0001004613732220605,0.0010132252937182784,0.0065080150961875916,0.0007829332025721669,1.538654396426864e-05,0.00020427294657565653,0.03741897642612457,0.009004319086670876,0.0005494504584930837,0.005264887120574713,0.15689663589000702,0.7611252069473267,0.7084309458732605,0.06152554228901863,-0.21776482462882996,3.1093251705169678,0.4696499705314636,3.633981943130493,3.3684282302856445,3.631558418273926,3.685065746307373,3.4721109867095947,3.7485945224761963,6.930924892425537,3.608625650405884,10.370305061340332,3.64009952545166
34,0.021503953263163567,0.0,0.0,0.0,0.08369720727205276,0.0,0.0,0.14534541964530945,0.0,0.0,0.0,0.0,0.10843630880117416,0.0,0.0,0.0,0.19481448829174042,0.0,0.0,0.4462025761604309,0.22041235864162445,0.0,0.0,0.0,0.38922837376594543,0.0,0.0,0.23210714757442474,0.0,0.0,0.0,0.0,0.09319669008255005,0.0,0.0,0.0,0.04548079892992973,0.0,0.0,0.01957462914288044,0.8115384578704834,0.3988822400569916,0.12576280534267426,0.8838323354721069,0.9951958060264587,0.8751236796379089,0.24188905954360962,0.9864495396614075,0.018555903807282448,0.00274047558195889,9.805323497857898e-05,0.0009914548136293888,0.005621903110295534,0.000709206098690629,1.540326775284484e-05,0.00021490214567165822,0.03359568119049072,0.008053505793213844,0.000508637516759336,0.004874120466411114,0.15127123892307281,0.749432384967804,0.7020957469940186,0.05572592467069626,-0.2184268981218338,3.165891408920288,0.46610620617866516,3.31231689453125,3.098538875579834,3.326115608215332,3.3671252727508545,3.1663944721221924,3.431480646133423,6.265974044799805,3.3102755546569824,9.443851470947266,3.3336665630340576
35,0.02264259196817875,0.0,0.0,0.0,0.08934693783521652,0.0,0.0,0.1488962024450302,0.0,0.0,0.0,0.0,0.11016502976417542,0.0,0.0,0.0,0.19095179438591003,0.0,0.0,0.4379975199699402,0.22386033833026886,0.0,0.0,0.0,0.39099955558776855,0.0,0.0,0.23003479838371277,0.0,0.0,0.0,0.0,0.09206432104110718,0.0,0.0,0.0,0.04435769096016884,0.0,0.0,0.0186832994222641,0.7730769515037537,0.38323354721069336,0.12375780940055847,0.8862274885177612,0.9877671599388123,0.8621473908424377,0.23939873278141022,0.9803614020347595,0.016562405973672867,0.002472293097525835,9.5544513897039e-05,0.0009837286779657006,0.004970870446413755,0.0006392719224095345,1.5286066627595574e-05,0.0002260455657960847,0.03017698973417282,0.00718932319432497,0.0004739088471978903,0.004484156612306833,0.14848056435585022,0.7390942573547363,0.6930050253868103,0.049902163445949554,-0.21683618426322937,3.2180240154266357,0.46074238419532776,3.039381980895996,2.8642914295196533,3.044459342956543,3.0841825008392334,2.889477252960205,3.1518309116363525,5.664185523986816,3.0461771488189697,8.593600273132324,3.051642656326294
36,0.024861985817551613,0.0,0.0,0.0,0.09454649686813354,0.0,0.0,0.15117186307907104,0.0,0.0,0.0,0.0,0.10968820750713348,0.0,0.0,0.0,0.19540055096149445,0.0,0.0,0.42433083057403564,0.2276536077260971,0.0,0.0,0.0,0.39314794540405273,0.0,0.0,0.22782540321350098,0.0,0.0,0.0,0.0,0.09015744924545288,0.0,0.0,0.0,0.04318169131875038,0.0,0.0,0.018033908680081367,0.7557692527770996,0.3623153567314148,0.12143321335315704,0.8894211053848267,0.9755055904388428,0.8485823273658752,0.23684433102607727,0.9870240092277527,0.014918344095349312,0.0022353031672537327,9.254823089577258e-05,0.0009848354384303093,0.004526096396148205,0.0005884168203920126,1.5152903870330192e-05,0.00023069960298016667,0.026970885694026947,0.006414724513888359,0.00044455123133957386,0.004114212468266487,0.14512155950069427,0.7293986082077026,0.6820434331893921,0.04361949488520622,-0.2155497968196869,3.259286642074585,0.4540763199329376,2.7925753593444824,2.663379430770874,2.803957939147949,2.8287770748138428,2.649127244949341,2.900681972503662,5.121896266937256,2.8184852600097656,7.83312463760376,2.8036067485809326
37,0.028440482914447784,0.0,0.0,0.0,0.09901483356952667,0.0,0.0,0.1540095955133438,0.0,0.0,0.0,0.0,0.10932055115699768,0.0,0.0,0.0,0.19505424797534943,0.0,0.0,0.41416028141975403,0.23014616966247559,0.0,0.0,0.0,0.39474016427993774,0.0,0.0,0.22758977115154266,0.0,0.0,0.0,0.0,0.08845581114292145,0.0,0.0,0.0,0.041874662041664124,0.0,0.0,0.017193425446748734,0.7153846025466919,0.3482634723186493,0.11848190426826477,0.8880239129066467,0.9520012140274048,0.8398825526237488,0.2337462157011032,0.9765762090682983,0.013262953609228134,0.0020329421386122704,8.984102169051766e-05,0.0009621913195587695,0.003978886641561985,0.0005414412007667124,1.4884488336974755e-05,0.0002318290644325316,0.024193277582526207,0.005737499333918095,0.0004189593601040542,0.0037376610562205315,0.14149810373783112,0.7185134887695312,0.6686925888061523,0.03676221892237663,-0.21552234888076782,3.3028526306152344,0.4453641474246979,2.5821149349212646,2.4973106384277344,2.5868630409240723,2.616360902786255,2.4342987537384033,2.6815643310546875,4.638847827911377,2.622366428375244,7.150005340576172,2.5854592323303223
38,0.03199402615427971,0.0,0.0,0.0,0.10428090393543243,0.0,0.0,0.15536068379878998,0.0,0.0,0.0,0.0,0.11156156659126282,0.0,0.0,0.0,0.19102628529071808,0.0,0.0,0.4057765305042267,0.23208756744861603,0.0,0.0,0.0,0.39594778418540955,0.0,0.0,0.22594374418258667,0.0,0.0,0.0,0.0,0.08751924335956573,0.0,0.0,0.0,0.041646022349596024,0.0,0.0,0.016855629161000252,0.6865384578704834,0.33744511008262634,0.11778028309345245,0.8852295279502869,0.9304119944572449,0.8318625688552856,0.23055395483970642,0.9699344635009766,0.011949162930250168,0.001867444720119238,8.715034346096218e-05,0.0009871789952740073,0.0035369994584470987,0.0005028317682445049,1.460980001866119e-05,0.00023159294505603611,0.021381814032793045,0.005130755715072155,0.0003985165967606008,0.003462622407823801,0.14015032351016998,0.7083422541618347,0.6495843529701233,0.02931957133114338,-0.21339842677116394,3.333834409713745,0.43725311756134033,2.39493465423584,2.3633265495300293,2.400204658508301,2.4263455867767334,2.244157552719116,2.486412286758423,4.210524082183838,2.4520115852355957,6.562166213989258,2.387723684310913
39,0.03508365526795387,0.0,0.0,0.0,0.11133365333080292,0.0,0.0,0.15955625474452972,0.0,0.0,0.0,0.0,0.10951844602823257,0.0,0.0,0.0,0.18846967816352844,0.0,0.0,0.39603832364082336,0.23478657007217407,0.0,0.0,0.0,0.3976764380931854,0.0,0.0,0.22398504614830017,0.0,0.0,0.0,0.0,0.08635187149047852,0.0,0.0,0.0,0.040941011160612106,0.0,0.0,0.016259044408798218,0.6153846383094788,0.33117765188217163,0.1158052459359169,0.8882235288619995,0.8685901165008545,0.8247560858726501,0.22642214596271515,0.9616813063621521,0.010759612545371056,0.001734694465994835,8.481538679916412e-05,0.0009896589908748865,0.0030863110441714525,0.0004828231758438051,1.4275332432589494e-05,0.0002393172326264903,0.019178468734025955,0.004614152014255524,0.0003810544149018824,0.0032435653265565634,0.13790015876293182,0.6940034031867981,0.6258572340011597,0.021217966452240944,-0.20880910754203796,3.372570514678955,0.4275013208389282,2.2336831092834473,2.255237579345703,2.2458157539367676,2.260658025741577,2.0887298583984375,2.3346304893493652,3.8287250995635986,2.2983362674713135,6.052393913269043,2.227656841278076
40,0.04073571041226387,0.0,0.0,0.0,0.1166125014424324,0.0,0.0,0.16204355657100677,0.0,0.0,0.0,0.0,0.1119658350944519,0.0,0.0,0.0,0.18433448672294617,0.0,0.0,0.38430801033973694,0.23681505024433136,0.0,0.0,0.0,0.3982160985469818,0.0,0.0,0.22379665076732635,0.0,0.0,0.0,0.0,0.0852411538362503,0.0,0.0,0.0,0.04000869020819664,0.0,0.0,0.015922367572784424,0.550000011920929,0.3199999928474426,0.11415480822324753,0.8904191255569458,0.8144354820251465,0.8171961903572083,0.22179177403450012,0.958477795124054,0.009564604610204697,0.001611002953723073,8.243458432843909e-05,0.0009790131589397788,0.0027269613929092884,0.00045585911720991135,1.3871983355784323e-05,0.00023716453870292753,0.017041407525539398,0.004154210910201073,0.0003660210932139307,0.003068863647058606,0.1356639266014099,0.6805842518806458,0.5941076278686523,0.012577934190630913,-0.20148566365242004,3.407583236694336,0.41604387760162354,2.0998573303222656,2.180872917175293,2.107983112335205,2.12192964553833,1.955398440361023,2.1947309970855713,3.4934301376342773,2.1819283962249756,5.607620716094971,2.1022651195526123
41,0.0455109067261219,0.0,0.0,0.0,0.12391259521245956,0.0,0.0,0.16583189368247986,0.0,0.0,0.0,0.0,0.1126343309879303,0.0,0.0,0.0,0.18376067280769348,0.0,0.0,0.3683495819568634,0.23924174904823303,0.0,0.0,0.0,0.3977622091770172,0.0,0.0,0.2229589819908142,0.0,0.0,0.0,0.0,0.08476302027702332,0.0,0.0,0.0,0.03960900008678436,0.0,0.0,0.01566503942012787,0.4980769157409668,0.3116566836833954,0.1136804074048996,0.8862274885177612,0.7710679769515991,0.8079308271408081,0.2168264240026474,0.9393163919448853,0.008529845625162125,0.0015165439108386636,8.049530879361555e-05,0.000965330982580781,0.002585431793704629,0.0004378155281301588,1.3485441741067916e-05,0.0002328277041669935,0.014955670572817326,0.003764871507883072,0.0003545254294294864,0.0028988055419176817,0.13462698459625244,0.6647205948829651,0.558591365814209,0.003494632663205266,-0.19265344738960266,3.4317822456359863,0.4023226201534271,2.0065202713012695,2.1253859996795654,2.010620355606079,2.0093722343444824,1.8531421422958374,2.074213743209839,3.1979589462280273,2.09879994392395,5.231846809387207,2.0046145915985107
42,0.05405279994010925,0.0,0.0,0.0,0.13074418902397156,0.0,0.0,0.16641326248645782,0.0,0.0,0.0,0.0,0.11422280967235565,0.0,0.0,0.0,0.18148969113826752,0.0,0.0,0.3530772626399994,0.24134188890457153,0.0,0.0,0.0,0.39696240425109863,0.0,0.0,0.22225196659564972,0.0,0.0,0.0,0.0,0.08442637324333191,0.0,0.0,0.0,0.039445918053388596,0.0,0.0,0.015571455471217632,0.446153849363327,0.3045508861541748,0.1136479452252388,0.8874251246452332,0.7239547967910767,0.7946635484695435,0.20885305106639862,0.9456830620765686,0.0076219914481043816,0.0014417185448110104,7.896455645095557e-05,0.0009739112574607134,0.002445555292069912,0.0004246149037498981,1.310988864133833e-05,0.00023478550428990275,0.01309965830296278,0.0034576207399368286,0.00034500242327339947,0.0027814581990242004,0.1341352015733719,0.6487674713134766,0.5160765051841736,-0.00594292301684618,-0.1797216236591339,3.4539506435394287,0.38908371329307556,1.9453235864639282,2.0877983570098877,1.9166724681854248,1.9298256635665894,1.7750508785247803,2.0103068351745605,2.9416747093200684,2.024590492248535,4.935503959655762,1.9312942028045654
43,0.06063535436987877,0.0,0.0,0.0,0.14067116379737854,0.0,0.0,0.16976839303970337,0.0,0.0,0.0,0.0,0.11142533272504807,0.0,0.0,0.0,0.1829252392053604,0.0,0.0,0.33457452058792114,0.24229353666305542,0.0,0.0,0.0,0.39820918440818787,0.0,0.0,0.22058093547821045,0.0,0.0,0.0,0.0,0.08399593085050583,0.0,0.0,0.0,0.039471335709095,0.0,0.0,0.015449079684913158,0.3769230842590332,0.29796406626701355,0.11364295333623886,0.8874251246452332,0.6687102913856506,0.7807179093360901,0.19851398468017578,0.9386508464813232,0.006866771727800369,0.0013714104425162077,7.732511585345492e-05,0.0009834952652454376,0.002186229219660163,0.0004022663342766464,1.2701957530225627e-05,0.0002428677398711443,0.011545845307409763,0.003189848503097892,0.0003375846426934004,0.0027118930593132973,0.1336642950773239,0.6289011240005493,0.4534727931022644,-0.015320505015552044,-0.16754257678985596,3.4744865894317627,0.3745841383934021,1.8984390497207642,2.061319589614868,1.860322117805481,1.89046049118042,1.7131813764572144,1.9580048322677612,2.735111713409424,1.9930274486541748,4.693673133850098,1.8803306818008423
44,0.06550461798906326,0.0,0.0,0.0,0.15705236792564392,0.0,0.0,0.17442378401756287,0.0,0.0,0.0,0.0,0.11091290414333344,0.0,0.0,0.0,0.18228667974472046,0.0,0.0,0.3098195791244507,0.24093861877918243,0.0,0.0,0.0,0.39968422055244446,0.0,0.0,0.2201414853334427,0.0,0.0,0.0,0.0,0.08449013531208038,0.0,0.0,0.0,0.03944415599107742,0.0,0.0,0.015301363542675972,0.3384615480899811,0.2956486940383911,0.11418477445840836,0.8884231448173523,0.6356446743011475,0.7558298110961914,0.1876574456691742,0.9208252429962158,0.00606816029176116,0.0013230576878413558,7.616968650836498e-05,0.0009823378641158342,0.0019683747086673975,0.00038545686402358115,1.2312741091591306e-05,0.00023197350674308836,0.010084470734000206,0.0029956484213471413,0.00033166471985168755,0.0026529747992753983,0.1339983344078064,0.602993905544281,0.38298556208610535,-0.024283848702907562,-0.1504116654396057,3.492642879486084,0.35990098118782043,1.8934452533721924,2.0632195472717285,1.8595361709594727,1.8589694499969482,1.6593698263168335,1.9372766017913818,2.572436809539795,1.949936032295227,4.511755466461182,1.8602986335754395
45,0.07281029969453812,0.0,0.0,0.0,0.17828646302223206,0.0,0.0,0.17709073424339294,0.0,0.0,0.0,0.0,0.11431239545345306,0.0,0.0,0.0,0.1759231686592102,0.0,0.0,0.28157687187194824,0.23985038697719574,0.0,0.0,0.0,0.4001571536064148,0.0,0.0,0.22020307183265686,0.0,0.0,0.0,0.0,0.0849953144788742,0.0,0.0,0.0,0.03950187563896179,0.0,0.0,0.015292215161025524,0.3096153736114502,0.29644709825515747,0.1148189827799797,0.8840318918228149,0.6044492125511169,0.723422110080719,0.17430660128593445,0.9033225774765015,0.005255280993878841,0.0012889776844531298,7.50734398025088e-05,0.0009736589854583144,0.0018623984651640058,0.00038698100252076983,1.1875024938490242e-05,0.00022816230193711817,0.008834980428218842,0.002837083302438259,0.0003288686275482178,0.0025768878404051065,0.1345481127500534,0.5717864036560059,0.3098644018173218,-0.03223458305001259,-0.15097802877426147,3.48834490776062,0.3490418791770935,1.9007378816604614,2.0804405212402344,1.848557949066162,1.8507341146469116,1.6638774871826172,1.927738904953003,2.4269416332244873,1.9485036134719849,4.423944473266602,1.882708191871643
46,0.08536882698535919,0.0,0.0,0.0,0.19942887127399445,0.0,0.0,0.18437445163726807,0.0,0.0,0.0,0.0,0.11638592928647995,0.0,0.0,0.0,0.16365697979927063,0.0,0.0,0.2507849633693695,0.2398374080657959,0.0,0.0,0.0,0.39887765049934387,0.0,0.0,0.21987485885620117,0.0,0.0,0.0,0.0,0.08639919757843018,0.0,0.0,0.0,0.039701029658317566,0.0,0.0,0.015309846960008144,0.29230770468711853,0.29840320348739624,0.11644195020198822,0.8836327195167542,0.5682513117790222,0.6732635498046875,0.15715262293815613,0.8943630456924438,0.004496266134083271,0.0012742872349917889,7.451840792782605e-05,0.0009834044612944126,0.0018718146020546556,0.0003909062361344695,1.1425192496972159e-05,0.000231963160331361,0.007851745933294296,0.002733205910772085,0.00032901205122470856,0.002589728217571974,0.13614411652088165,0.53080153465271,0.23152101039886475,-0.038897961378097534,-0.1825239062309265,3.4772422313690186,0.34158265590667725,1.9798479080200195,2.137896776199341,1.8366990089416504,1.8601630926132202,1.6874589920043945,1.9415574073791504,2.322098731994629,1.9928138256072998,4.417238235473633,1.9057574272155762
47,0.09627258032560349,0.0,0.0,0.0,0.22225423157215118,0.0,0.0,0.19922946393489838,0.0,0.0,0.0,0.0,0.10976782441139221,0.0,0.0,0.0,0.15331457555294037,0.0,0.0,0.21916134655475616,0.2370174080133438,0.0,0.0,0.0,0.39729204773902893,0.0,0.0,0.22258387506008148,0.0,0.0,0.0,0.0,0.08768536150455475,0.0,0.0,0.0,0.04000481963157654,0.0,0.0,0.015416490845382214,0.2538461685180664,0.29844310879707336,0.11827465891838074,0.8828343152999878,0.4553714692592621,0.6069161295890808,0.13980011641979218,0.9079955816268921,0.004140336066484451,0.001291082240641117,7.420015754178166e-05,0.0009846184402704239,0.0018228290136903524,0.00040496146539226174,1.0975636541843414e-05,0.00022941296629142016,0.007493811193853617,0.0027115356642752886,0.00033219862962141633,0.0026078340597450733,0.13779345154762268,0.48221614956855774,0.19009234011173248,-0.043418120592832565,-0.19626359641551971,3.4460461139678955,0.34353286027908325,2.0563747882843018,2.1819894313812256,1.8437901735305786,1.8995815515518188,1.7097591161727905,1.9710590839385986,2.256011486053467,2.053734540939331,4.516503810882568,1.9707101583480835
48,0.10167162865400314,0.0,0.0,0.0,0.23983411490917206,0.0,0.0,0.21622294187545776,0.0,0.0,0.0,0.0,0.11917729675769806,0.0,0.0,0.0,0.12862534821033478,0.0,0.0,0.19446872174739838,0.23195277154445648,0.0,0.0,0.0,0.39592501521110535,0.0,0.0,0.2251378446817398,0.0,0.0,0.0,0.0,0.09028977155685425,0.0,0.0,0.0,0.040971383452415466,0.0,0.0,0.015723202377557755,0.24423076212406158,0.29948103427886963,0.12219226360321045,0.8880239129066467,0.4143027067184448,0.5378742814064026,0.1310357004404068,0.9287177920341492,0.0040529221296310425,0.001295283786021173,7.413780258502811e-05,0.0009978791931644082,0.0017998798284679651,0.00041872484143823385,1.0568733159743715e-05,0.00021936948178336024,0.007004504557698965,0.0026902095414698124,0.0003385982709005475,0.0026644745375961065,0.14154218137264252,0.44224658608436584,0.20193582773208618,-0.04539312794804573,-0.1936594396829605,3.4051074981689453,0.345303475856781,2.1248326301574707,2.255713701248169,1.8724067211151123,1.9962531328201294,1.7643026113510132,2.0451228618621826,2.221550226211548,2.1418814659118652,4.668217658996582,2.027398109436035
49,0.10797981172800064,0.0,0.0,0.0,0.2502222955226898,0.0,0.0,0.2407124787569046,0.0,0.0,0.0,0.0,0.11701236665248871,0.0,0.0,0.0,0.11843288689851761,0.0,0.0,0.165640190243721,0.22911688685417175,0.0,0.0,0.0,0.39151430130004883,0.0,0.0,0.2271323800086975,0.0,0.0,0.0,0.0,0.09352481365203857,0.0,0.0,0.0,0.0424501933157444,0.0,0.0,0.01626141555607319,0.25,0.3032335340976715,0.12739576399326324,0.8908183574676514,0.3818817138671875,0.4720224142074585,0.12740004062652588,0.9089488983154297,0.004069377668201923,0.0013307415647432208,7.433099381159991e-05,0.0010177353397011757,0.0019003022462129593,0.00044351775432005525,1.014624194795033e-05,0.00021934286633040756,0.006891104858368635,0.0027160239405930042,0.00034722741111181676,0.002747494960203767,0.146634042263031,0.4010607600212097,0.23474836349487305,-0.04397542402148247,-0.20423337817192078,3.3297080993652344,0.345430850982666,2.24881649017334,2.321249485015869,1.9309662580490112,2.0696401596069336,1.8867827653884888,2.111025094985962,2.1652839183807373,2.2328426837921143,4.84612512588501,2.133652687072754
50,0.102799192070961,0.0,0.0,0.0,0.2668028473854065,0.0,0.0,0.25928372144699097,0.0,0.0,0.0,0.0,0.11757363379001617,0.0,0.0,0.0,0.11342278867959976,0.0,0.0,0.1401178389787674,0.22725926339626312,0.0,0.0,0.0,0.3886040449142456,0.0,0.0,0.22939540445804596,0.0,0.0,0.0,0.0,0.0953700914978981,0.0,0.0,0.0,0.042881742119789124,0.0,0.0,0.016489457339048386,0.21153846383094788,0.3099401295185089,0.12956055998802185,0.8964071869850159,0.3129265606403351,0.4204290211200714,0.11687813699245453,0.9228127002716064,0.0040055010467767715,0.001341680996119976,7.398243178613484e-05,0.0010396582074463367,0.0019216996151953936,0.0004583567788358778,9.717529792396817e-06,0.00022111827274784446,0.006999727338552475,0.0027470779605209827,0.00035460825893096626,0.00286107393912971,0.14905354380607605,0.37108951807022095,0.2570641338825226,-0.04478377476334572,-0.1975276917219162,3.2961971759796143,0.35135138034820557,2.3700315952301025,2.3968000411987305,2.0643420219421387,2.2060763835906982,2.0021090507507324,2.218657970428467,2.178239107131958,2.356510877609253,5.1660027503967285,2.318641185760498
51,0.10113028436899185,0.0,0.0,0.0,0.2614499628543854,0.0,0.0,0.2820298671722412,0.0,0.0,0.0,0.0,0.12007925659418106,0.0,0.0,0.0,0.10969668626785278,0.0,0.0,0.12561394274234772,0.22488729655742645,0.0,0.0,0.0,0.38640764355659485,0.0,0.0,0.23119677603244781,0.0,0.0,0.0,0.0,0.09677831083536148,0.0,0.0,0.0,0.04380514845252037,0.0,0.0,0.016924826428294182,0.2211538404226303,0.3157285451889038,0.1320449560880661,0.897604763507843,0.30717355012893677,0.38594546914100647,0.11161792278289795,0.9403050541877747,0.004016685299575329,0.0013296067481860518,7.327718049054965e-05,0.0010296644177287817,0.0018404442816972733,0.0004666880122385919,9.270826012652833e-06,0.00021313223987817764,0.007328479550778866,0.0027865476440638304,0.000359066529199481,0.003000193042680621,0.15172357857227325,0.355366587638855,0.2660251259803772,-0.04349963366985321,-0.1890123188495636,3.2600669860839844,0.3609539568424225,2.4804344177246094,2.4929423332214355,2.131876230239868,2.259838819503784,2.1266958713531494,2.3194403648376465,2.2076869010925293,2.4843127727508545,5.474870681762695,2.449822187423706
52,0.10128138214349747,0.0,0.0,0.0,0.25934886932373047,0.0,0.0,0.28852713108062744,0.0,0.0,0.0,0.0,0.12030105292797089,0.0,0.0,0.0,0.11563505232334137,0.0,0.0,0.11490650475025177,0.22329473495483398,0.0,0.0,0.0,0.38462427258491516,0.0,0.0,0.23191678524017334,0.0,0.0,0.0,0.0,0.09851443767547607,0.0,0.0,0.0,0.04436953738331795,0.0,0.0,0.01728023588657379,0.2192307710647583,0.3188822269439697,0.13465918600559235,0.8958083391189575,0.28570446372032166,0.3587339222431183,0.1129254475235939,0.983241617679596,0.003998205065727234,0.001291914377361536,7.236927922349423e-05,0.0010416144505143166,0.0017903114203363657,0.0004636994272004813,8.870570127328392e-06,0.00021149928215891123,0.0074431258253753185,0.002794060856103897,0.00036269196425564587,0.0030905669555068016,0.15431243181228638,0.35081976652145386,0.27666881680488586,-0.042171649634838104,-0.1922524869441986,3.232494354248047,0.36530664563179016,2.595850706100464,2.6161253452301025,2.216700315475464,2.3407466411590576,2.2472338676452637,2.4297187328338623,2.2112979888916016,2.599151372909546,5.732635021209717,2.5299973487854004
53,0.10100475698709488,0.0,0.0,0.0,0.26174888014793396,0.0,0.0,0.29519933462142944,0.0,0.0,0.0,0.0,0.1207486242055893,0.0,0.0,0.0,0.11079761385917664,0.0,0.0,0.11050079762935638,0.2217484414577484,0.0,0.0,0.0,0.3824264407157898,0.0,0.0,0.23352915048599243,0.0,0.0,0.0,0.0,0.09971830248832703,0.0,0.0,0.0,0.04490537941455841,0.0,0.0,0.01767226867377758,0.22884614765644073,0.3205988109111786,0.13674157857894897,0.8968063592910767,0.2789497971534729,0.33594071865081787,0.1133309155702591,0.9827421307563782,0.004162513185292482,0.0012808139435946941,7.155672210501507e-05,0.0010606322903186083,0.001881648669950664,0.0004639232065528631,8.408171197515912e-06,0.000205607881071046,0.0077685145661234856,0.002860293025150895,0.000368848122889176,0.0032491530291736126,0.15637005865573883,0.34202566742897034,0.28902721405029297,-0.04146963357925415,-0.19953961670398712,3.2117722034454346,0.37314558029174805,2.770146131515503,2.7344822883605957,2.3376433849334717,2.4780404567718506,2.354978084564209,2.585345983505249,2.2864010334014893,2.758702516555786,6.1315741539001465,2.692953109741211
54,0.09436081349849701,0.0,0.0,0.0,0.24902278184890747,0.0,0.0,0.3048427104949951,0.0,0.0,0.0,0.0,0.13280172646045685,0.0,0.0,0.0,0.11616110801696777,0.0,0.0,0.10281077027320862,0.21836374700069427,0.0,0.0,0.0,0.3786383867263794,0.0,0.0,0.23662251234054565,0.0,0.0,0.0,0.0,0.10225778818130493,0.0,0.0,0.0,0.04609232395887375,0.0,0.0,0.018025239929556847,0.23269230127334595,0.3286227583885193,0.14044944941997528,0.8988023400306702,0.2977965474128723,0.3421945869922638,0.12757261097431183,0.9801458716392517,0.004475776106119156,0.00128414505161345,7.098066271282732e-05,0.0011053979396820068,0.0020683840848505497,0.00046506302896887064,7.973681931616738e-06,0.00020535598741844296,0.008130124770104885,0.0029858392663300037,0.0003784464206546545,0.003471165895462036,0.16030900180339813,0.351752370595932,0.30581358075141907,-0.0375300832092762,-0.20448210835456848,3.169856071472168,0.3727020025253296,2.983278512954712,2.8712878227233887,2.511223077774048,2.636465311050415,2.495715856552124,2.7598280906677246,2.3260817527770996,2.971024513244629,6.496215343475342,2.892897367477417
55,0.08947321027517319,0.0,0.0,0.0,0.24021264910697937,0.0,0.0,0.3146330416202545,0.0,0.0,0.0,0.0,0.13672064244747162,0.0,0.0,0.0,0.12288955599069595,0.0,0.0,0.09607090055942535,0.2164229154586792,0.0,0.0,0.0,0.3766078054904938,0.0,0.0,0.23800720274448395,0.0,0.0,0.0,0.0,0.10397814214229584,0.0,0.0,0.0,0.046685684472322464,0.0,0.0,0.01829824596643448,0.248076930642128,0.33656686544418335,0.14261923730373383,0.8996007442474365,0.2968639135360718,0.3445514142513275,0.13166536390781403,0.9793515205383301,0.004897568374872208,0.0013017954770475626,7.047670078463852e-05,0.0011496997904032469,0.002381727797910571,0.0004639736725948751,7.553655450465158e-06,0.00019827067444566637,0.00895153358578682,0.003109314478933811,0.00038786587538197637,0.003677122760564089,0.16281433403491974,0.35565927624702454,0.31771814823150635,-0.03459843620657921,-0.21994701027870178,3.1408908367156982,0.37228134274482727,3.254922866821289,3.018958568572998,2.7541236877441406,2.816370964050293,2.6604464054107666,2.9299323558807373,2.438455104827881,3.1679129600524902,6.9415202140808105,3.1385209560394287
56,0.08353005349636078,0.0,0.0,0.0,0.23013116419315338,0.0,0.0,0.3132475018501282,0.0,0.0,0.0,0.0,0.14576959609985352,0.0,0.0,0.0,0.13544398546218872,0.0,0.0,0.09187770634889603,0.21352587640285492,0.0,0.0,0.0,0.37403199076652527,0.0,0.0,0.23880445957183838,0.0,0.0,0.0,0.0,0.10703375935554504,0.0,0.0,0.0,0.04805120825767517,0.0,0.0,0.018552711233496666,0.248076930642128,0.3485029935836792,0.14676904678344727,0.8964071869850159,0.3009284436702728,0.36827632784843445,0.1513700783252716,0.9688417315483093,0.0053544603288173676,0.0013079605996608734,6.995902367634699e-05,0.0011762534268200397,0.0028355978429317474,0.00046106893569231033,7.169372111093253e-06,0.00019716864335350692,0.009821404702961445,0.0033079711720347404,0.00040046809590421617,0.004081196617335081,0.16732625663280487,0.3730696141719818,0.3234301805496216,-0.03085266798734665,-0.2364499419927597,3.1051855087280273,0.3705401122570038,3.4834654331207275,3.1721138954162598,3.036947727203369,3.0372447967529297,2.8859429359436035,3.125249147415161,2.593535900115967,3.3380019664764404,7.427958011627197,3.4093942642211914
57,0.08492757380008698,0.0,0.0,0.0,0.2218387871980667,0.0,0.0,0.3070833384990692,0.0,0.0,0.0,0.0,0.15625709295272827,0.0,0.0,0.0,0.13881050050258636,0.0,0.0,0.09108265489339828,0.21319112181663513,0.0,0.0,0.0,0.37080660462379456,0.0,0.0,0.23912174999713898,0.0,0.0,0.0,0.0,0.10922063887119293,0.0,0.0,0.0,0.048678915947675705,0.0,0.0,0.018980972468852997,0.26153847575187683,0.35596805810928345,0.14965543150901794,0.8960079550743103,0.293545126914978,0.37498074769973755,0.17303483188152313,0.9671273827552795,0.005943323019891977,0.0013157280627638102,6.940368621144444e-05,0.0012417153920978308,0.003310910426080227,0.00046073569683358073,6.771855623810552e-06,0.00019407100626267493,0.010642960667610168,0.003540035570040345,0.00041501864325255156,0.004509667865931988,0.1704532951116562,0.3861275613307953,0.31860867142677307,-0.028939824551343918,-0.24608293175697327,3.0826210975646973,0.3858177065849304,3.7434580326080322,3.3342766761779785,3.2145485877990723,3.202476739883423,3.1261188983917236,3.3266232013702393,2.796923875808716,3.5096287727355957,8.137187957763672,3.6367127895355225
58,0.08103575557470322,0.0,0.0,0.0,0.21739664673805237,0.0,0.0,0.31310227513313293,0.0,0.0,0.0,0.0,0.15588092803955078,0.0,0.0,0.0,0.1413336545228958,0.0,0.0,0.09125078469514847,0.21134765446186066,0.0,0.0,0.0,0.3698132634162903,0.0,0.0,0.23917879164218903,0.0,0.0,0.0,0.0,0.11064092069864273,0.0,0.0,0.0,0.0497431606054306,0.0,0.0,0.019276225939393044,0.26346153020858765,0.3654690682888031,0.1520574390888214,0.8874251246452332,0.2790963053703308,0.39201417565345764,0.16745582222938538,0.9578005075454712,0.0066741276532411575,0.0013230491895228624,6.888578354846686e-05,0.0013302165316417813,0.0035814861766994,0.0004610180913005024,6.394511274265824e-06,0.00018123419431503862,0.011534465476870537,0.0037839096039533615,0.00043035345152020454,0.005028589628636837,0.1731395572423935,0.3884444236755371,0.3172864317893982,-0.027425678446888924,-0.25852665305137634,3.062699317932129,0.39009788632392883,4.022509574890137,3.490878105163574,3.3975188732147217,3.4429311752319336,3.4075353145599365,3.541780710220337,3.0515060424804688,3.712998390197754,8.77975845336914,3.9060614109039307
59,0.0791330337524414,0.0,0.0,0.0,0.21946048736572266,0.0,0.0,0.3020072281360626,0.0,0.0,0.0,0.0,0.1589231640100479,0.0,0.0,0.0,0.146887868642807,0.0,0.0,0.0935882180929184,0.20996825397014618,0.0,0.0,0.0,0.3695560693740845,0.0,0.0,0.23796994984149933,0.0,0.0,0.0,0.0,0.11177092045545578,0.0,0.0,0.0,0.05119163170456886,0.0,0.0,0.019543182104825974,0.2730769217014313,0.37357285618782043,0.154481902718544,0.8882235288619995,0.2671939432621002,0.41301530599594116,0.17896507680416107,0.94917231798172,0.007526475004851818,0.0013367055216804147,6.785216828575358e-05,0.0014101305278018117,0.0037821042351424694,0.00045897686504758894,6.032964392943541e-06,0.00017474722699262202,0.012758616358041763,0.004029540810734034,0.0004497514455579221,0.00552600622177124,0.17588382959365845,0.39937737584114075,0.3158639073371887,-0.027016455307602882,-0.2565957307815552,3.0469324588775635,0.4035336971282959,4.296482563018799,3.748556613922119,3.5297977924346924,3.706376314163208,3.671583414077759,3.8634512424468994,3.240859270095825,3.939751386642456,9.602127075195312,4.149283409118652
60,0.08933915197849274,0.0,0.0,0.0,0.2203288972377777,0.0,0.0,0.2836974859237671,0.0,0.0,0.0,0.0,0.16187424957752228,0.0,0.0,0.0,0.14789125323295593,0.0,0.0,0.09686890989542007,0.21353353559970856,0.0,0.0,0.0,0.3689984679222107,0.0,0.0,0.23541785776615143,0.0,0.0,0.0,0.0,0.11045186221599579,0.0,0.0,0.0,0.051971685141325,0.0,0.0,0.01962658017873764,0.2846153974533081,0.38123753666877747,0.15352560579776764,0.8880239129066467,0.26315736770629883,0.43388158082962036,0.18069863319396973,0.9485865235328674,0.008445970714092255,0.0013416630681604147,6.681687955278903e-05,0.0014994584489613771,0.004116647876799107,0.00044853388681076467,5.65164828003617e-06,0.0001732374366838485,0.014378154650330544,0.004286368377506733,0.00047050273860804737,0.006045361049473286,0.1754523664712906,0.4066127836704254,0.2933756411075592,-0.030206916853785515,-0.2428368628025055,3.057650566101074,0.4160331189632416,4.6163835525512695,4.029715538024902,3.8636388778686523,3.943466901779175,3.933434009552002,4.223212242126465,3.49727463722229,4.271712779998779,10.600775718688965,4.495670318603516
61,0.09074767678976059,0.0,0.0,0.0,0.22285647690296173,0.0,0.0,0.281934529542923,0.0,0.0,0.0,0.0,0.15740090608596802,0.0,0.0,0.0,0.14374710619449615,0.0,0.0,0.10331322997808456,0.2156846672296524,0.0,0.0,0.0,0.37012922763824463,0.0,0.0,0.23524357378482819,0.0,0.0,0.0,0.0,0.10898202657699585,0.0,0.0,0.0,0.051003336906433105,0.0,0.0,0.018957164138555527,0.3096153736114502,0.38678643107414246,0.14986518025398254,0.8928143382072449,0.276808500289917,0.4604009985923767,0.15446841716766357,0.9646934270858765,0.009539797902107239,0.0013609478482976556,6.5634521888569e-05,0.0015842687571421266,0.004492626059800386,0.0004376804572530091,5.303617399476934e-06,0.00016946825780905783,0.016148526221513748,0.004580123815685511,0.0004938124329783022,0.006514153443276882,0.17245987057685852,0.40443992614746094,0.28344660997390747,-0.033612191677093506,-0.23903949558734894,3.078289270401001,0.415770560503006,4.9449968338012695,4.265195846557617,4.271903038024902,4.311818599700928,4.285747528076172,4.6301116943359375,3.8836421966552734,4.608865737915039,11.556092262268066,4.979944229125977
62,0.08997053653001785,0.0,0.0,0.0,0.22239013016223907,0.0,0.0,0.2678617537021637,0.0,0.0,0.0,0.0,0.16322650015354156,0.0,0.0,0.0,0.1434721052646637,0.0,0.0,0.1130789965391159,0.21704848110675812,0.0,0.0,0.0,0.3699846565723419,0.0,0.0,0.2350640445947647,0.0,0.0,0.0,0.0,0.10692847520112991,0.0,0.0,0.0,0.051919013261795044,0.0,0.0,0.01905534416437149,0.3423076868057251,0.39704591035842896,0.14805243909358978,0.8972055315971375,0.342454195022583,0.5234512090682983,0.14468590915203094,0.9713500738143921,0.01055373065173626,0.001362861366942525,6.483332253992558e-05,0.0017032024916261435,0.005085409618914127,0.00041803004569374025,4.9748800847737584e-06,0.00016538862837478518,0.019045276567339897,0.004945127293467522,0.0005242647603154182,0.007054490968585014,0.17146238684654236,0.41975751519203186,0.2660805284976959,-0.035646952688694,-0.23002326488494873,3.082444190979004,0.4316714406013489,5.2739481925964355,4.574862480163574,4.733332633972168,4.644930839538574,4.541133403778076,4.911172866821289,4.459798336029053,4.927558422088623,12.868894577026367,5.3596882820129395
63,0.09414959698915482,0.0,0.0,0.0,0.2282188981771469,0.0,0.0,0.2513344883918762,0.0,0.0,0.0,0.0,0.16071757674217224,0.0,0.0,0.0,0.14082755148410797,0.0,0.0,0.12475185841321945,0.21807609498500824,0.0,0.0,0.0,0.3726726174354553,0.0,0.0,0.23285871744155884,0.0,0.0,0.0,0.0,0.10551448166370392,0.0,0.0,0.0,0.05205926671624184,0.0,0.0,0.01881883479654789,0.3134615421295166,0.40546905994415283,0.1459900140762329,0.8982035517692566,0.28473037481307983,0.5758777856826782,0.12772198021411896,0.9863359928131104,0.011981385760009289,0.0013696984387934208,6.33555100648664e-05,0.0018112050602212548,0.005725064780563116,0.0003981111804023385,4.641050054488005e-06,0.00015760408132337034,0.0228840634226799,0.005345754325389862,0.000554978265427053,0.007354072295129299,0.17001253366470337,0.42627421021461487,0.24919338524341583,-0.03915164992213249,-0.22246357798576355,3.1084330081939697,0.4358508586883545,5.624135971069336,4.955544471740723,5.276928901672363,5.160361289978027,5.092903137207031,5.342309951782227,5.17726993560791,5.353879928588867,14.27269458770752,5.7105536460876465
64,0.09681153297424316,0.0,0.0,0.0,0.24475449323654175,0.0,0.0,0.22091861069202423,0.0,0.0,0.0,0.0,0.16628862917423248,0.0,0.0,0.0,0.13737674057483673,0.0,0.0,0.13384997844696045,0.21796976029872894,0.0,0.0,0.0,0.3792196214199066,0.0,0.0,0.228448748588562,0.0,0.0,0.0,0.0,0.1054493635892868,0.0,0.0,0.0,0.0503203384578228,0.0,0.0,0.018592147156596184,0.3461538553237915,0.4130539000034332,0.14332334697246552,0.9019959568977356,0.31214773654937744,0.6198369860649109,0.1183118149638176,0.9880366921424866,0.013342859223484993,0.001392462756484747,6.190397834870964e-05,0.0018640394555404782,0.006206238642334938,0.00037816091207787395,4.288119271222968e-06,0.00015182906645350158,0.02629757672548294,0.0056912535801529884,0.0005795654724352062,0.007408604957163334,0.168059304356575,0.4374925196170807,0.24921080470085144,-0.04311443120241165,-0.20157599449157715,3.1369898319244385,0.4338187277317047,5.9687089920043945,5.403664588928223,5.766639232635498,5.620382785797119,5.5746169090271,5.839998722076416,5.71865177154541,5.9283766746521,15.535503387451172,6.258267879486084
65,0.09779788553714752,0.0,0.0,0.0,0.2451315075159073,0.0,0.0,0.20577409863471985,0.0,0.0,0.0,0.0,0.16534508764743805,0.0,0.0,0.0,0.13805842399597168,0.0,0.0,0.14789292216300964,0.21799790859222412,0.0,0.0,0.0,0.3832935392856598,0.0,0.0,0.2256777286529541,0.0,0.0,0.0,0.0,0.10443702340126038,0.0,0.0,0.0,0.049977857619524,0.0,0.0,0.018615946173667908,0.3826923072338104,0.417924165725708,0.14155305922031403,0.905189573764801,0.3322824239730835,0.6671371459960938,0.10684575140476227,0.9940564632415771,0.014755917713046074,0.0014086328446865082,6.025184484315105e-05,0.001911476836539805,0.006469841115176678,0.0003568503598216921,4.002782588941045e-06,0.00014364805247168988,0.029776237905025482,0.00597436772659421,0.0006074047996662557,0.007567781955003738,0.1667788028717041,0.4512738585472107,0.24596759676933289,-0.04553820565342903,-0.18907612562179565,3.1742265224456787,0.43302515149116516,6.103785991668701,5.80015754699707,6.206813335418701,6.032174110412598,5.874263286590576,6.296201705932617,6.538433074951172,6.402628421783447,16.688331604003906,6.819418430328369
66,0.10588638484477997,0.0,0.0,0.0,0.24877314269542694,0.0,0.0,0.18893399834632874,0.0,0.0,0.0,0.0,0.1568496972322464,0.0,0.0,0.0,0.14170163869857788,0.0,0.0,0.15785515308380127,0.22057630121707916,0.0,0.0,0.0,0.38580816984176636,0.0,0.0,0.22326458990573883,0.0,0.0,0.0,0.0,0.10251331329345703,0.0,0.0,0.0,0.04961889982223511,0.0,0.0,0.01821870543062687,0.39038461446762085,0.41672655940055847,0.13886143267154694,0.9033932089805603,0.3493773937225342,0.6797588467597961,0.09844665229320526,0.9922786951065063,0.0163052286952734,0.001400744542479515,5.861178215127438e-05,0.001969379372894764,0.006774790585041046,0.000336577242705971,3.7639601941918954e-06,0.00013911878340877593,0.032024774700403214,0.006161870434880257,0.0006430661305785179,0.0076894378289580345,0.1641969084739685,0.45638495683670044,0.24332472681999207,-0.047686200588941574,-0.18904635310173035,3.2028491497039795,0.43255355954170227,6.1650776863098145,6.175947666168213,6.598299026489258,6.408161640167236,6.355289459228516,6.698958396911621,7.38368034362793,6.670567989349365,17.721372604370117,7.243739604949951
67,0.10547169297933578,0.0,0.0,0.0,0.24566514790058136,0.0,0.0,0.18315298855304718,0.0,0.0,0.0,0.0,0.14723214507102966,0.0,0.0,0.0,0.15403030812740326,0.0,0.0,0.16444766521453857,0.2210351973772049,0.0,0.0,0.0,0.3870396316051483,0.0,0.0,0.22277522087097168,0.0,0.0,0.0,0.0,0.10255515575408936,0.0,0.0,0.0,0.048511117696762085,0.0,0.0,0.018083669245243073,0.38653847575187683,0.4194411337375641,0.13743071258068085,0.905189573764801,0.3044263422489166,0.6965121030807495,0.10483119636774063,0.9926610589027405,0.017503827810287476,0.0014214597176760435,5.689206955139525e-05,0.002079353202134371,0.006835121661424637,0.00031725375447422266,3.5219868550484534e-06,0.000136043963721022,0.034274689853191376,0.006385742221027613,0.0006828652694821358,0.008214189670979977,0.16304166615009308,0.4656909704208374,0.2327548861503601,-0.04713057354092598,-0.18481887876987457,3.214933395385742,0.4356173574924469,6.142471790313721,6.496035099029541,6.94690465927124,6.744118690490723,6.770151138305664,7.076465606689453,7.871360778808594,6.907463073730469,18.655054092407227,7.691072940826416
68,0.09317503869533539,0.0,0.0,0.0,0.24479331076145172,0.0,0.0,0.1791156381368637,0.0,0.0,0.0,0.0,0.14733891189098358,0.0,0.0,0.0,0.15744376182556152,0.0,0.0,0.1781332790851593,0.21803803741931915,0.0,0.0,0.0,0.38696566224098206,0.0,0.0,0.2261817902326584,0.0,0.0,0.0,0.0,0.10239860415458679,0.0,0.0,0.0,0.04821518436074257,0.0,0.0,0.018200719729065895,0.41730770468711853,0.4240718483924866,0.1366916447877884,0.9107784032821655,0.350500226020813,0.707912266254425,0.12264792621135712,0.9948184490203857,0.019377661868929863,0.001471934374421835,5.499348844750784e-05,0.002150301355868578,0.0074563720263540745,0.0002991330111399293,3.25775408782647e-06,0.00012784860155079514,0.03890559449791908,0.006674742791801691,0.0007257494144141674,0.008677171543240547,0.16272617876529694,0.4828978478908539,0.25255534052848816,-0.04374012351036072,-0.18776953220367432,3.2066948413848877,0.43114161491394043,6.238064289093018,6.771628379821777,7.272648811340332,7.049132347106934,7.155047416687012,7.420167446136475,8.569684028625488,7.339919090270996,19.49498748779297,8.49646282196045
69,0.09273315221071243,0.0,0.0,0.0,0.2367013394832611,0.0,0.0,0.19037654995918274,0.0,0.0,0.0,0.0,0.1301204413175583,0.0,0.0,0.0,0.15465882420539856,0.0,0.0,0.19540974497795105,0.2179671972990036,0.0,0.0,0.0,0.38579902052879333,0.0,0.0,0.22816850244998932,0.0,0.0,0.0,0.0,0.10094215720891953,0.0,0.0,0.0,0.048614438623189926,0.0,0.0,0.0185086689889431,0.4634615480899811,0.4249900281429291,0.1357627958059311,0.9135728478431702,0.43222302198410034,0.6883848309516907,0.11667171120643616,0.9959931373596191,0.020845768973231316,0.0015109139494597912,5.303890793584287e-05,0.002175683854147792,0.008655572310090065,0.0002787571575026959,2.994404439959908e-06,0.00012059358414262533,0.04215236008167267,0.006907849106937647,0.00075873191235587,0.009009618312120438,0.1620047390460968,0.48017048835754395,0.28938737511634827,-0.04037584736943245,-0.20186899602413177,3.2025694847106934,0.42441287636756897,6.707973957061768,6.933929443359375,7.522448539733887,7.314455032348633,7.496769905090332,7.716405868530273,9.20388412475586,7.720791816711426,20.243385314941406,9.380884170532227
70,0.07820811867713928,0.0,0.0,0.0,0.21059012413024902,0.0,0.0,0.19240395724773407,0.0,0.0,0.0,0.0,0.1435864418745041,0.0,0.0,0.0,0.16762672364711761,0.0,0.0,0.20758464932441711,0.2116350382566452,0.0,0.0,0.0,0.3837927579879761,0.0,0.0,0.23206554353237152,0.0,0.0,0.0,0.0,0.10336778312921524,0.0,0.0,0.0,0.049206484109163284,0.0,0.0,0.019932379946112633,0.5365384817123413,0.4424351453781128,0.13923096656799316,0.9105787873268127,0.5732546448707581,0.7363583445549011,0.14326849579811096,0.9970962405204773,0.023010188713669777,0.0016009547980502248,5.102658178657293e-05,0.0022105928510427475,0.01022929698228836,0.00026236718986183405,2.7662558750307653e-06,0.00010794321133289486,0.047008123248815536,0.007263448555022478,0.0007914190064184368,0.009436852298676968,0.16629396378993988,0.5187817811965942,0.32339584827423096,-0.032970406115055084,-0.22993332147598267,3.1579620838165283,0.4180266857147217,7.579638481140137,6.996790409088135,7.751033782958984,7.54139518737793,7.762455940246582,7.968532562255859,9.350876808166504,8.052587509155273,20.906652450561523,10.251489639282227
71,0.06705539673566818,0.0,0.0,0.0,0.18066304922103882,0.0,0.0,0.2026127427816391,0.0,0.0,0.0,0.0,0.14227956533432007,0.0,0.0,0.0,0.18332280218601227,0.0,0.0,0.22406646609306335,0.20770858228206635,0.0,0.0,0.0,0.38301050662994385,0.0,0.0,0.23384420573711395,0.0,0.0,0.0,0.0,0.10527645796537399,0.0,0.0,0.0,0.050158459693193436,0.0,0.0,0.02000178024172783,0.6153846383094788,0.4522155821323395,0.14156554639339447,0.910179615020752,0.7185518741607666,0.7526513934135437,0.16445496678352356,0.9980983138084412,0.024651015177369118,0.0016407320508733392,4.866583913099021e-05,0.002404714236035943,0.011548280715942383,0.000243809845414944,2.5336719318147516e-06,0.00010039088374469429,0.051774024963378906,0.00757403951138258,0.0008165159379132092,0.009871263056993484,0.16912174224853516,0.5496527552604675,0.2854177951812744,-0.027566496282815933,-0.23075881600379944,3.138904333114624,0.41143596172332764,8.372710227966309,7.121737957000732,7.957515239715576,7.73422384262085,8.025788307189941,8.197158813476562,9.929940223693848,8.34515380859375,21.510202407836914,11.07358169555664
72,0.05498320609331131,0.0,0.0,0.0,0.1589818298816681,0.0,0.0,0.19063571095466614,0.0,0.0,0.0,0.0,0.14735639095306396,0.0,0.0,0.0,0.20292329788208008,0.0,0.0,0.24511955678462982,0.20376822352409363,0.0,0.0,0.0,0.38126474618911743,0.0,0.0,0.23836806416511536,0.0,0.0,0.0,0.0,0.10621781647205353,0.0,0.0,0.0,0.05022618919610977,0.0,0.0,0.020154964178800583,0.7134615182876587,0.4696606695652008,0.14156055450439453,0.910179615020752,0.9122112989425659,0.7842405438423157,0.1923258900642395,0.9977437257766724,0.02769436500966549,0.0016868449747562408,4.59715083707124e-05,0.002531300066038966,0.012948572635650635,0.00023062335094437003,2.3168313418864273e-06,9.423914161743596e-05,0.057452213019132614,0.007797714322805405,0.0008380420040339231,0.010789139196276665,0.17024914920330048,0.5953863263130188,0.2955334484577179,-0.022137276828289032,-0.2673567831516266,3.1228761672973633,0.4086850583553314,8.694737434387207,7.265717029571533,8.183175086975098,7.918225288391113,8.221731185913086,8.414554595947266,10.778558731079102,8.563905715942383,22.047779083251953,11.416101455688477
73,0.055225275456905365,0.0,0.0,0.0,0.15250617265701294,0.0,0.0,0.1749826967716217,0.0,0.0,0.0,0.0,0.12872956693172455,0.0,0.0,0.0,0.1783386915922165,0.0,0.0,0.3102174997329712,0.20444521307945251,0.0,0.0,0.0,0.38113731145858765,0.0,0.0,0.24004976451396942,0.0,0.0,0.0,0.0,0.10423900187015533,0.0,0.0,0.0,0.04946907237172127,0.0,0.0,0.020659634843468666,0.7576923370361328,0.47716566920280457,0.13870662450790405,0.9115768074989319,0.9636532068252563,0.8017857074737549,0.2005629688501358,0.9985863566398621,0.030673839151859283,0.0017041296232491732,4.27298728027381e-05,0.0024968248326331377,0.014190677553415298,0.00021588345407508314,2.1126156752870884e-06,8.903726120479405e-05,0.06230182945728302,0.007911143824458122,0.0008481544209644198,0.010168058797717094,0.1681033819913864,0.6172723174095154,0.3057664930820465,-0.0204720888286829,-0.3348976671695709,3.1310296058654785,0.41238245368003845,8.406633377075195,7.325693130493164,8.359192848205566,8.078749656677246,8.432856559753418,8.612322807312012,11.6148042678833,8.698222160339355,22.532182693481445,12.044794082641602
74,0.04301846772432327,0.0,0.0,0.0,0.13670776784420013,0.0,0.0,0.15894775092601776,0.0,0.0,0.0,0.0,0.1292838752269745,0.0,0.0,0.0,0.16285377740859985,0.0,0.0,0.3691883683204651,0.20234502851963043,0.0,0.0,0.0,0.37349435687065125,0.0,0.0,0.24700313806533813,0.0,0.0,0.0,0.0,0.10514146089553833,0.0,0.0,0.0,0.050416022539138794,0.0,0.0,0.021599993109703064,0.8134615421295166,0.4960479140281677,0.14026467502117157,0.9185628294944763,0.9800711274147034,0.8468805551528931,0.24452243745326996,0.9990865588188171,0.03477231413125992,0.0017390713328495622,4.017173341708258e-05,0.0025624241679906845,0.015600367449223995,0.00020081098773516715,1.9338519905431895e-06,8.696751319803298e-05,0.06995317339897156,0.008290540426969528,0.0008837684872560203,0.010570386424660683,0.17079661786556244,0.6613146662712097,0.3918847441673279,-0.011449329555034637,-0.3365306854248047,3.0878255367279053,0.42057791352272034,7.936981201171875,7.4181952476501465,8.44618034362793,8.218483924865723,8.607121467590332,8.772592544555664,12.339624404907227,8.652050018310547,22.965795516967773,12.655536651611328
75,0.026739761233329773,0.0,0.0,0.0,0.10816752910614014,0.0,0.0,0.15590980648994446,0.0,0.0,0.0,0.0,0.12972520291805267,0.0,0.0,0.0,0.12329953163862228,0.0,0.0,0.45615825057029724,0.1970885843038559,0.0,0.0,0.0,0.36073434352874756,0.0,0.0,0.2572033405303955,0.0,0.0,0.0,0.0,0.1093033030629158,0.0,0.0,0.0,0.052398309111595154,0.0,0.0,0.02327209711074829,0.8788461685180664,0.5204391479492188,0.14675405621528625,0.9195608496665955,0.9940706491470337,0.9160909056663513,0.28753504157066345,0.9993735551834106,0.03818722069263458,0.0017800049390643835,3.7997284380253404e-05,0.002672557719051838,0.016447588801383972,0.00018727747374214232,1.7868976556201233e-06,7.689520862186328e-05,0.07696806639432907,0.008680900558829308,0.0009358521783724427,0.011360077187418938,0.17833349108695984,0.7091729044914246,0.4667142331600189,0.0054704006761312485,-0.32811424136161804,3.0190372467041016,0.428035706281662,7.6189188957214355,7.575245380401611,8.577377319335938,8.32178020477295,8.780169486999512,8.882523536682129,12.897296905517578,8.501036643981934,23.35955047607422,13.238492965698242
76,0.020562874153256416,0.0,0.0,0.0,0.09506411105394363,0.0,0.0,0.1556660383939743,0.0,0.0,0.0,0.0,0.11839500069618225,0.0,0.0,0.0,0.12269381433725357,0.0,0.0,0.4876181185245514,0.19368591904640198,0.0,0.0,0.0,0.35839521884918213,0.0,0.0,0.2573271691799164,0.0,0.0,0.0,0.0,0.112648606300354,0.0,0.0,0.0,0.05402407422661781,0.0,0.0,0.0239190012216568,0.8846153616905212,0.5379640460014343,0.1515405774116516,0.9149700403213501,0.9971305131912231,0.9320850372314453,0.3195483982563019,0.999595046043396,0.04084780812263489,0.0018201358616352081,3.564423604984768e-05,0.0025594369508326054,0.01788628101348877,0.0001742263266351074,1.6383567071898142e-06,7.027835818007588e-05,0.0801030695438385,0.00883417297154665,0.0009456894476898015,0.010806714184582233,0.18375244736671448,0.7286974787712097,0.4724496304988861,0.01674436591565609,-0.3374577760696411,2.9990949630737305,0.4296463429927826,7.664788246154785,7.707223415374756,8.651652336120605,8.333687782287598,8.927570343017578,9.004762649536133,12.352447509765625,8.737000465393066,23.707948684692383,13.707076072692871
77,0.016964053735136986,0.0,0.0,0.0,0.08497446775436401,0.0,0.0,0.15260839462280273,0.0,0.0,0.0,0.0,0.11373817175626755,0.0,0.0,0.0,0.11742869019508362,0.0,0.0,0.5142862796783447,0.186589315533638,0.0,0.0,0.0,0.35983484983444214,0.0,0.0,0.25825265049934387,0.0,0.0,0.0,0.0,0.11468057334423065,0.0,0.0,0.0,0.05544193834066391,0.0,0.0,0.02520066127181053,0.9076923131942749,0.5558882355690002,0.15539076924324036,0.9081836342811584,0.9982880353927612,0.9438902139663696,0.349336713552475,0.9992997646331787,0.042828429490327835,0.001915965462103486,3.355506487423554e-05,0.0027841064147651196,0.018865475431084633,0.00016562003293074667,1.51325161823479e-06,6.421596481231973e-05,0.08459004759788513,0.009107459336519241,0.0009808376198634505,0.011306953616440296,0.18832004070281982,0.7454440593719482,0.5091357827186584,0.030544601380825043,-0.37842315435409546,2.9817628860473633,0.4294423460960388,7.830999851226807,7.687015056610107,8.752530097961426,8.435009002685547,9.027192115783691,9.11209487915039,12.849065780639648,8.939608573913574,24.03756332397461,13.289970397949219
78,0.016604108735919,0.0,0.0,0.0,0.07879115641117096,0.0,0.0,0.14929623901844025,0.0,0.0,0.0,0.0,0.11729884147644043,0.0,0.0,0.0,0.11889344453811646,0.0,0.0,0.519116222858429,0.18782149255275726,0.0,0.0,0.0,0.356378436088562,0.0,0.0,0.257079541683197,0.0,0.0,0.0,0.0,0.11731716245412827,0.0,0.0,0.0,0.05603247135877609,0.0,0.0,0.025370879098773003,0.932692289352417,0.5735329389572144,0.1576978862285614,0.9151696562767029,0.9996988773345947,0.950548529624939,0.3694823086261749,0.9997279644012451,0.044812753796577454,0.001997782848775387,3.1809278880245984e-05,0.0026418385095894337,0.019605834037065506,0.00015484352479688823,1.4012879319125204e-06,5.957702160230838e-05,0.0882086232304573,0.00939563661813736,0.0010113257449120283,0.011647390201687813,0.19160017371177673,0.7552998065948486,0.5255228281021118,0.03616388887166977,-0.4273050129413605,2.957657814025879,0.4283350110054016,8.460413932800293,7.3658366203308105,8.84218692779541,8.553096771240234,9.168675422668457,9.220968246459961,13.47864055633545,9.111289024353027,24.332277297973633,13.74079704284668
79,0.01740371622145176,0.0,0.0,0.0,0.07760871201753616,0.0,0.0,0.1482093632221222,0.0,0.0,0.0,0.0,0.1173115074634552,0.0,0.0,0.0,0.11555725336074829,0.0,0.0,0.5239093899726868,0.1889767050743103,0.0,0.0,0.0,0.35433581471443176,0.0,0.0,0.2589489221572876,0.0,0.0,0.0,0.0,0.11744073033332825,0.0,0.0,0.0,0.05472435802221298,0.0,0.0,0.025573479011654854,0.9346153736114502,0.5809580683708191,0.15615731477737427,0.9207584261894226,0.9994233846664429,0.9529138207435608,0.37488627433776855,0.9996129870414734,0.044979214668273926,0.002041589468717575,3.055834531551227e-05,0.0026718894951045513,0.01951131783425808,0.00014608433411922306,1.323430979027762e-06,5.607748607872054e-05,0.08958259224891663,0.009488671086728573,0.0010492114815860987,0.012053394690155983,0.19066762924194336,0.7567711472511292,0.5286870002746582,0.037661515176296234,-0.45395269989967346,2.9489171504974365,0.4366016983985901,8.657755851745605,7.1359028816223145,8.942365646362305,8.635549545288086,9.027003288269043,9.313652038574219,13.895620346069336,8.805712699890137,24.602088928222656,14.152325630187988
80,0.016794711351394653,0.0,0.0,0.0,0.07576644420623779,0.0,0.0,0.14651790261268616,0.0,0.0,0.0,0.0,0.12247709184885025,0.0,0.0,0.0,0.11104568094015121,0.0,0.0,0.5273981690406799,0.18498097360134125,0.0,0.0,0.0,0.3562857508659363,0.0,0.0,0.2608868181705475,0.0,0.0,0.0,0.0,0.11810837686061859,0.0,0.0,0.0,0.05422121658921242,0.0,0.0,0.025516856461763382,0.9346153736114502,0.5879042148590088,0.15582771599292755,0.9221556782722473,0.999504804611206,0.9585360884666443,0.38666820526123047,0.9999138712882996,0.04474052041769028,0.0020559534896165133,2.9522045224439353e-05,0.0031824717298150063,0.019808802753686905,0.00013699682313017547,1.223284471052466e-06,5.45472175872419e-05,0.08938214927911758,0.009483239613473415,0.0010829276870936155,0.01206882018595934,0.19078129529953003,0.7609130144119263,0.5391765832901001,0.041512422263622284,-0.454021692276001,2.9578046798706055,0.44972851872444153,8.193800926208496,6.894660949707031,9.01738452911377,8.746249198913574,9.178619384765625,9.417861938476562,13.501008987426758,8.310818672180176,24.8450984954834,14.578432083129883
81,0.01588335819542408,0.0,0.0,0.0,0.07766599953174591,0.0,0.0,0.14865398406982422,0.0,0.0,0.0,0.0,0.12453582882881165,0.0,0.0,0.0,0.11411596834659576,0.0,0.0,0.5191448926925659,0.18461516499519348,0.0,0.0,0.0,0.353700190782547,0.0,0.0,0.2629225254058838,0.0,0.0,0.0,0.0,0.11964166909456253,0.0,0.0,0.0,0.05380459502339363,0.0,0.0,0.025315847247838974,0.9346153736114502,0.5846706628799438,0.1570037454366684,0.9211576581001282,0.9995623826980591,0.9615997076034546,0.38600048422813416,0.999941885471344,0.04418465495109558,0.002043037209659815,2.8853204639744945e-05,0.0036389147862792015,0.01979059725999832,0.00012702772801276296,1.1772963262046687e-06,5.3822979680262506e-05,0.08803561329841614,0.009415186941623688,0.0011116050882264972,0.01279411744326353,0.19167441129684448,0.7577880024909973,0.5537990927696228,0.04479479417204857,-0.4473378360271454,2.9670920372009277,0.4619884788990021,7.641967296600342,6.723499298095703,9.072348594665527,8.842118263244629,9.31911849975586,9.516098976135254,12.777607917785645,8.024818420410156,25.041654586791992,14.91862678527832
82,0.01582324504852295,0.0,0.0,0.0,0.07540000975131989,0.0,0.0,0.15001805126667023,0.0,0.0,0.0,0.0,0.13271747529506683,0.0,0.0,0.0,0.11859063804149628,0.0,0.0,0.507450520992279,0.18645267188549042,0.0,0.0,0.0,0.35118764638900757,0.0,0.0,0.2634725272655487,0.0,0.0,0.0,0.0,0.11953148990869522,0.0,0.0,0.0,0.0540897473692894,0.0,0.0,0.02526593767106533,0.9307692050933838,0.5852694511413574,0.1571086198091507,0.920159637928009,0.9994824528694153,0.95853191614151,0.41028887033462524,0.99994295835495,0.043692100793123245,0.0020436556078493595,2.8415171982487664e-05,0.0036316304467618465,0.019490094855427742,0.00011803555389633402,1.175398892883095e-06,4.9623416998656467e-05,0.08583659678697586,0.009394626133143902,0.0011388689745217562,0.012435347773134708,0.1917904019355774,0.7587505578994751,0.5529308915138245,0.04976726323366165,-0.4425336718559265,2.9760544300079346,0.4704686403274536,7.2708420753479,6.524379730224609,9.11147403717041,8.898303985595703,9.429728507995605,9.592635154724121,12.10171890258789,7.967487335205078,25.191423416137695,14.643594741821289
83,0.015430442988872528,0.0,0.0,0.0,0.07582408934831619,0.0,0.0,0.1599731743335724,0.0,0.0,0.0,0.0,0.13461576402187347,0.0,0.0,0.0,0.12265057116746902,0.0,0.0,0.4915059208869934,0.1822994500398636,0.0,0.0,0.0,0.35467010736465454,0.0,0.0,0.2619894742965698,0.0,0.0,0.0,0.0,0.12064623832702637,0.0,0.0,0.0,0.05482717230916023,0.0,0.0,0.02556757442653179,0.9211538434028625,0.576526939868927,0.15997503697872162,0.9169660210609436,0.9986038208007812,0.9535178542137146,0.40914186835289,0.9999115467071533,0.04331924021244049,0.002040702849626541,2.933803989435546e-05,0.0036978658754378557,0.018910668790340424,0.00011162415466969833,1.1880433703481685e-06,5.152109224582091e-05,0.08274303376674652,0.009237056598067284,0.0011640038574114442,0.012265696190297604,0.19389674067497253,0.7487645149230957,0.5637380480766296,0.052887436002492905,-0.4697164297103882,2.9788150787353516,0.4803864359855652,6.93205451965332,6.453639507293701,8.909871101379395,8.794121742248535,9.491592407226562,9.634876251220703,11.556512832641602,7.852959156036377,25.28531837463379,13.978736877441406
84,0.017370985820889473,0.0,0.0,0.0,0.08360324054956436,0.0,0.0,0.1700126826763153,0.0,0.0,0.0,0.0,0.1382271647453308,0.0,0.0,0.0,0.1365901082754135,0.0,0.0,0.4541958272457123,0.1837402582168579,0.0,0.0,0.0,0.36140602827072144,0.0,0.0,0.2618405818939209,0.0,0.0,0.0,0.0,0.11616571247577667,0.0,0.0,0.0,0.05278029665350914,0.0,0.0,0.024067122489213943,0.9057692289352417,0.559600830078125,0.15279151499271393,0.9141716361045837,0.9975740909576416,0.941051721572876,0.3888382613658905,0.9997275471687317,0.041151262819767,0.0019807633943855762,2.997157753270585e-05,0.003471314674243331,0.01774473860859871,0.00010458091128384694,1.1825192132164375e-06,5.2130399126326665e-05,0.07831823825836182,0.00890501867979765,0.0011530315969139338,0.012060562148690224,0.18618819117546082,0.7290043234825134,0.555059552192688,0.046576909720897675,-0.48932763934135437,2.9932162761688232,0.49327579140663147,6.651906490325928,6.182676792144775,8.617520332336426,8.776933670043945,9.550932884216309,9.652355194091797,10.970193862915039,7.705551624298096,25.335834503173828,13.248790740966797
85,0.017160169780254364,0.0,0.0,0.0,0.08287587761878967,0.0,0.0,0.1802399903535843,0.0,0.0,0.0,0.0,0.14905652403831482,0.0,0.0,0.0,0.1540878415107727,0.0,0.0,0.41657963395118713,0.18368372321128845,0.0,0.0,0.0,0.36026182770729065,0.0,0.0,0.2634327709674835,0.0,0.0,0.0,0.0,0.11662622541189194,0.0,0.0,0.0,0.053339168429374695,0.0,0.0,0.022656282410025597,0.8826923370361328,0.5514571070671082,0.15300124883651733,0.9091815948486328,0.9960293173789978,0.9347674250602722,0.39426475763320923,0.9996240735054016,0.039057254791259766,0.001952838385477662,3.108711098320782e-05,0.0034302324056625366,0.016754042357206345,9.75436923909001e-05,1.152738605014747e-06,5.4547326726606116e-05,0.07472699135541916,0.008720215409994125,0.0011671051615849137,0.011919483542442322,0.18582399189472198,0.719714879989624,0.5613290071487427,0.045636363327503204,-0.507562518119812,3.0069479942321777,0.5037465691566467,6.470398426055908,6.008626461029053,8.44688892364502,8.697123527526855,9.436262130737305,9.675734519958496,10.517135620117188,7.676639080047607,25.374713897705078,12.664255142211914
86,0.015336280688643456,0.0,0.0,0.0,0.08030033856630325,0.0,0.0,0.18268875777721405,0.0,0.0,0.0,0.0,0.16397322714328766,0.0,0.0,0.0,0.1735030859708786,0.0,0.0,0.38419824838638306,0.18085968494415283,0.0,0.0,0.0,0.36015406250953674,0.0,0.0,0.2642481327056885,0.0,0.0,0.0,0.0,0.1196594312787056,0.0,0.0,0.0,0.053272806107997894,0.0,0.0,0.021805880591273308,0.8653846383094788,0.5489022135734558,0.15536080300807953,0.9119760394096375,0.9945692420005798,0.9290405511856079,0.4234378933906555,0.9997515082359314,0.03700341284275055,0.0019357041455805302,3.1711857445770875e-05,0.0032115636859089136,0.016153298318386078,9.344734280603006e-05,1.1372137578291586e-06,5.5296342907240614e-05,0.07098782062530518,0.008629050105810165,0.0011884025298058987,0.0117536261677742,0.1878792941570282,0.7216653227806091,0.5614842176437378,0.04749169573187828,-0.5133107304573059,3.0055325031280518,0.5193842053413391,6.359768867492676,5.825573921203613,8.184944152832031,8.648131370544434,9.182821273803711,9.306985855102539,10.073016166687012,7.5117058753967285,25.404630661010742,12.229463577270508
87,0.016457876190543175,0.0,0.0,0.0,0.08336514979600906,0.0,0.0,0.183979794383049,0.0,0.0,0.0,0.0,0.17578981816768646,0.0,0.0,0.0,0.18769890069961548,0.0,0.0,0.35270848870277405,0.18329274654388428,0.0,0.0,0.0,0.36136943101882935,0.0,0.0,0.26170188188552856,0.0,0.0,0.0,0.0,0.12047410756349564,0.0,0.0,0.0,0.05258603394031525,0.0,0.0,0.020575786009430885,0.8519230484962463,0.5443114042282104,0.15459926426410675,0.9105787873268127,0.9937021732330322,0.9182860851287842,0.43562451004981995,0.9997479915618896,0.035173770040273666,0.00192456622608006,3.293450572527945e-05,0.0028406959027051926,0.015647178515791893,8.707174856681377e-05,1.1332015219522873e-06,5.703592614736408e-05,0.06756459921598434,0.008504938334226608,0.001197758479975164,0.011299669742584229,0.18687251210212708,0.7161881923675537,0.5495760440826416,0.047321420162916183,-0.5149496793746948,3.0119502544403076,0.5339184403419495,6.209685802459717,5.626901626586914,8.040783882141113,8.629688262939453,8.926015853881836,9.071401596069336,9.684677124023438,7.359357833862305,25.442237854003906,11.956826210021973
88,0.01772833988070488,0.0,0.0,0.0,0.08727818727493286,0.0,0.0,0.19739548861980438,0.0,0.0,0.0,0.0,0.1873302012681961,0.0,0.0,0.0,0.19255951046943665,0.0,0.0,0.317708283662796,0.18573680520057678,0.0,0.0,0.0,0.3615460991859436,0.0,0.0,0.259371280670166,0.0,0.0,0.0,0.0,0.12090298533439636,0.0,0.0,0.0,0.052823279052972794,0.0,0.0,0.019619526341557503,0.8307692408561707,0.5374850034713745,0.1548289656639099,0.9119760394096375,0.9827224612236023,0.8961700201034546,0.4258366823196411,0.9997599720954895,0.03321058303117752,0.0019449834944680333,3.3504911698400974e-05,0.0027889893390238285,0.014902898110449314,8.107347093755379e-05,1.0863709576369729e-06,5.8812362112803385e-05,0.06395293027162552,0.00828448124229908,0.001206721062771976,0.011365747079253197,0.18667997419834137,0.6975883841514587,0.5353155136108398,0.04405733570456505,-0.5179734826087952,3.033663749694824,0.5519714951515198,6.089300632476807,5.28533411026001,7.858643054962158,8.505406379699707,8.6181001663208,8.990516662597656,9.219106674194336,7.200165271759033,25.49490737915039,11.791994094848633
89,0.019522566348314285,0.0,0.0,0.0,0.0913240909576416,0.0,0.0,0.20412655174732208,0.0,0.0,0.0,0.0,0.20852641761302948,0.0,0.0,0.0,0.1859091818332672,0.0,0.0,0.29059118032455444,0.18771681189537048,0.0,0.0,0.0,0.3604357838630676,0.0,0.0,0.2580142319202423,0.0,0.0,0.0,0.0,0.12141449749469757,0.0,0.0,0.0,0.052841972559690475,0.0,0.0,0.019576705992221832,0.8211538195610046,0.5374451279640198,0.1553782820701599,0.9113771915435791,0.9796978831291199,0.8737056255340576,0.42488735914230347,0.9998257160186768,0.031692761927843094,0.0019385204650461674,3.385635864106007e-05,0.002744197379797697,0.014433685690164566,7.517743506468832e-05,1.0347157513024285e-06,5.915957808610983e-05,0.06131185591220856,0.008170225657522678,0.0012182060163468122,0.011220495216548443,0.18716944754123688,0.6850177645683289,0.5250386595726013,0.042051803320646286,-0.5218286514282227,3.0396804809570312,0.5712503790855408,6.015390872955322,5.14685583114624,7.624214172363281,8.18309497833252,8.310789108276367,8.883440017700195,8.822543144226074,6.975744247436523,25.5793399810791,11.427117347717285
90,0.019709132611751556,0.0,0.0,0.0,0.09164055436849594,0.0,0.0,0.20560146868228912,0.0,0.0,0.0,0.0,0.2261200249195099,0.0,0.0,0.0,0.17919237911701202,0.0,0.0,0.2777363955974579,0.18867625296115875,0.0,0.0,0.0,0.36036255955696106,0.0,0.0,0.2572772800922394,0.0,0.0,0.0,0.0,0.12107434868812561,0.0,0.0,0.0,0.053328339010477066,0.0,0.0,0.019281206652522087,0.8038461804389954,0.5329341292381287,0.15562796592712402,0.9073852300643921,0.9753424525260925,0.852293074131012,0.44096869230270386,0.9998271465301514,0.030897902324795723,0.0019226190634071827,3.3537999115651473e-05,0.002677364507690072,0.01403895579278469,6.970152026042342e-05,1.0056488690679544e-06,5.942268035141751e-05,0.058036401867866516,0.008086837828159332,0.0012077043065801263,0.010927973315119743,0.1870720088481903,0.6830390691757202,0.5266307592391968,0.04364633187651634,-0.5277808904647827,3.0449652671813965,0.5930805802345276,5.96942663192749,4.785299777984619,7.592075824737549,7.8443603515625,8.217927932739258,8.673609733581543,8.457481384277344,6.596589088439941,25.671222686767578,11.144052505493164
91,0.020053114742040634,0.0,0.0,0.0,0.09276798367500305,0.0,0.0,0.21337559819221497,0.0,0.0,0.0,0.0,0.2396574318408966,0.0,0.0,0.0,0.17109811305999756,0.0,0.0,0.2630477845668793,0.1904919594526291,0.0,0.0,0.0,0.3568597733974457,0.0,0.0,0.2582628130912781,0.0,0.0,0.0,0.0,0.12232024222612381,0.0,0.0,0.0,0.05408850312232971,0.0,0.0,0.01797669194638729,0.7923076748847961,0.5289820432662964,0.1566966325044632,0.910179615020752,0.9654579758644104,0.8405755758285522,0.437844842672348,0.9998511075973511,0.030417470261454582,0.001917755464091897,3.4152777516283095e-05,0.002669723704457283,0.01343298889696598,6.580810440937057e-05,9.498860435996903e-07,6.0870283050462604e-05,0.05639595538377762,0.007964931428432465,0.0012068601790815592,0.010760784149169922,0.18785376846790314,0.6737931966781616,0.5225049257278442,0.0442642867565155,-0.5141292214393616,3.0480446815490723,0.6130940318107605,5.786660194396973,4.617109775543213,7.3646674156188965,7.528042793273926,8.032706260681152,8.725820541381836,8.155482292175293,6.329113960266113,25.768489837646484,11.016919136047363
92,0.021064383909106255,0.0,0.0,0.0,0.09389269351959229,0.0,0.0,0.21081487834453583,0.0,0.0,0.0,0.0,0.2493446171283722,0.0,0.0,0.0,0.16465675830841064,0.0,0.0,0.26022663712501526,0.1910948008298874,0.0,0.0,0.0,0.35301703214645386,0.0,0.0,0.26098504662513733,0.0,0.0,0.0,0.0,0.12251082062721252,0.0,0.0,0.0,0.0544719323515892,0.0,0.0,0.017920389771461487,0.7903845906257629,0.5304191708564758,0.1570911407470703,0.9091815948486328,0.9685327410697937,0.8232958912849426,0.4513147175312042,0.9998923540115356,0.029456719756126404,0.0019163087708875537,3.38537065545097e-05,0.002809025114402175,0.01306962501257658,6.078981823520735e-05,8.760448508837726e-07,5.960854468867183e-05,0.05527392029762268,0.00783909298479557,0.0012090719537809491,0.01069454662501812,0.18828988075256348,0.6742181777954102,0.5190695524215698,0.04472797363996506,-0.48646247386932373,3.041815996170044,0.6398271918296814,5.435521125793457,4.3386030197143555,7.035648345947266,7.354735851287842,7.8423686027526855,8.631216049194336,7.911499977111816,5.901055335998535,25.858938217163086,10.999802589416504
93,0.02084769681096077,0.0,0.0,0.0,0.09359796345233917,0.0,0.0,0.2135276049375534,0.0,0.0,0.0,0.0,0.2522694170475006,0.0,0.0,0.0,0.1649029701948166,0.0,0.0,0.2548544108867645,0.18742211163043976,0.0,0.0,0.0,0.3557788133621216,0.0,0.0,0.2623126804828644,0.0,0.0,0.0,0.0,0.12228275835514069,0.0,0.0,0.0,0.0537361241877079,0.0,0.0,0.01846751570701599,0.7557692527770996,0.5267065763473511,0.15694132447242737,0.90898197889328,0.9578625559806824,0.8186080455780029,0.45601606369018555,0.9999039173126221,0.029262905940413475,0.0019154887413606048,3.409889905015007e-05,0.0027650385163724422,0.01278306171298027,5.579718708759174e-05,8.082719773483404e-07,5.905196303501725e-05,0.052953243255615234,0.007743591442704201,0.0012253636959940195,0.010883083567023277,0.187890887260437,0.6720165014266968,0.5320000648498535,0.04650938883423805,-0.4738888144493103,3.053009033203125,0.6583099365234375,5.234182834625244,4.180194854736328,6.902211666107178,7.2659430503845215,7.640179634094238,8.490842819213867,7.7951860427856445,5.59651517868042,25.941303253173828,10.891526222229004
94,0.01894448697566986,0.0,0.0,0.0,0.08434750139713287,0.0,0.0,0.19477957487106323,0.0,0.0,0.0,0.0,0.26233842968940735,0.0,0.0,0.0,0.18042826652526855,0.0,0.0,0.25916174054145813,0.1834721565246582,0.0,0.0,0.0,0.35364654660224915,0.0,0.0,0.2606678605079651,0.0,0.0,0.0,0.0,0.12723159790039062,0.0,0.0,0.0,0.05587077885866165,0.0,0.0,0.019111033529043198,0.7538461685180664,0.5363672971725464,0.1643795371055603,0.9085828065872192,0.9564090371131897,0.8329775333404541,0.5102807283401489,0.9998791217803955,0.028938349336385727,0.0019413242116570473,3.478700091363862e-05,0.0027167908847332,0.01274887565523386,5.223489642958157e-05,7.658273943889071e-07,5.847244756296277e-05,0.052445344626903534,0.007771903648972511,0.0012376108206808567,0.010897576808929443,0.1953558623790741,0.701918363571167,0.5439895391464233,0.05564352124929428,-0.4694734215736389,3.018019199371338,0.6755998730659485,5.014118671417236,4.287345886230469,6.585754871368408,7.227327823638916,7.634096622467041,8.424009323120117,7.494563579559326,5.286855220794678,26.048688888549805,10.604129791259766
95,0.01789885386824608,0.0,0.0,0.0,0.07861071079969406,0.0,0.0,0.17776353657245636,0.0,0.0,0.0,0.0,0.27270424365997314,0.0,0.0,0.0,0.1937427669763565,0.0,0.0,0.25927990674972534,0.1833350509405136,0.0,0.0,0.0,0.35180217027664185,0.0,0.0,0.2590025067329407,0.0,0.0,0.0,0.0,0.12909066677093506,0.0,0.0,0.0,0.05667676031589508,0.0,0.0,0.020092828199267387,0.7538461685180664,0.5404391288757324,0.1681198626756668,0.8926147222518921,0.9588999152183533,0.837799608707428,0.5532459616661072,0.9989852905273438,0.029154855757951736,0.0019725938327610493,3.485375054879114e-05,0.002571502700448036,0.01276753656566143,4.854638973483816e-05,7.13013946551655e-07,5.828678695252165e-05,0.05201323330402374,0.007882440462708473,0.0012597942259162664,0.010528755374252796,0.19888189435005188,0.7257184386253357,0.5523257255554199,0.06265067309141159,-0.5003495812416077,3.0024919509887695,0.6844713687896729,4.881903648376465,4.272373676300049,6.487099647521973,7.284575462341309,7.905023097991943,8.118898391723633,7.313143253326416,5.282968044281006,26.138551712036133,10.213017463684082
96,0.016127342358231544,0.0,0.0,0.0,0.07074534147977829,0.0,0.0,0.172134131193161,0.0,0.0,0.0,0.0,0.2732285261154175,0.0,0.0,0.0,0.20763447880744934,0.0,0.0,0.26013022661209106,0.18056172132492065,0.0,0.0,0.0,0.34807801246643066,0.0,0.0,0.25754982233047485,0.0,0.0,0.0,0.0,0.1338329315185547,0.0,0.0,0.0,0.059663791209459305,0.0,0.0,0.02031373418867588,0.7769230604171753,0.5524550676345825,0.1755530685186386,0.8968063592910767,0.9738683700561523,0.8505208492279053,0.5762768983840942,0.9986007213592529,0.029273074120283127,0.0020069763995707035,3.541594560374506e-05,0.0025595419574528933,0.012844765558838844,4.555174382403493e-05,6.748815053470025e-07,5.3095605835551396e-05,0.05221996456384659,0.007964929565787315,0.001298084040172398,0.010113643482327461,0.2065625935792923,0.7409839630126953,0.5892084836959839,0.07190093398094177,-0.5051406025886536,2.982025146484375,0.6925925016403198,4.844720363616943,4.2873358726501465,6.402828216552734,7.3040971755981445,7.999668598175049,7.919334411621094,6.961582660675049,5.471268177032471,26.22414779663086,9.726423263549805
97,0.016154488548636436,0.0,0.0,0.0,0.07311450690031052,0.0,0.0,0.17478898167610168,0.0,0.0,0.0,0.0,0.2834472954273224,0.0,0.0,0.0,0.20369160175323486,0.0,0.0,0.24880312383174896,0.18003351986408234,0.0,0.0,0.0,0.3497207462787628,0.0,0.0,0.2567722797393799,0.0,0.0,0.0,0.0,0.13485945761203766,0.0,0.0,0.0,0.05974385142326355,0.0,0.0,0.018870145082473755,0.7615384459495544,0.5455089807510376,0.17570537328720093,0.8934131264686584,0.9544658064842224,0.8498778939247131,0.570564329624176,0.9981692433357239,0.02882082760334015,0.0019988450221717358,3.5391658457228914e-05,0.002369136083871126,0.01274186372756958,4.120555240660906e-05,6.24701840479247e-07,5.236040669842623e-05,0.05196305364370346,0.007925842888653278,0.0013040548656135798,0.009961478412151337,0.20624247193336487,0.7359334230422974,0.6017203330993652,0.0717286765575409,-0.5003548860549927,2.9790053367614746,0.7021133303642273,4.819398403167725,4.190824031829834,6.351153373718262,7.280157566070557,8.068819999694824,7.748352527618408,6.729162216186523,5.545100212097168,26.314495086669922,9.456974029541016
98,0.014351182617247105,0.0,0.0,0.0,0.0731276124715805,0.0,0.0,0.17146435379981995,0.0,0.0,0.0,0.0,0.2785235047340393,0.0,0.0,0.0,0.2062269151210785,0.0,0.0,0.2563064396381378,0.17650137841701508,0.0,0.0,0.0,0.3470601439476013,0.0,0.0,0.2576569616794586,0.0,0.0,0.0,0.0,0.13838227093219757,0.0,0.0,0.0,0.06109478324651718,0.0,0.0,0.019304463639855385,0.767307698726654,0.5512175559997559,0.18094132840633392,0.8872255086898804,0.9601524472236633,0.8615182042121887,0.5762887597084045,0.9982486367225647,0.029052622616291046,0.00199898611754179,3.6222980270395055e-05,0.002446521073579788,0.01284073293209076,3.791038761846721e-05,5.830431177855644e-07,5.303520811139606e-05,0.05249118432402611,0.007953907363116741,0.0013290049973875284,0.010020985268056393,0.21137376129627228,0.7410483956336975,0.6235013008117676,0.07891827821731567,-0.47464632987976074,2.9447124004364014,0.7188506722450256,4.595004558563232,4.069590091705322,6.312885761260986,7.150792121887207,7.835167407989502,7.579730033874512,6.501309871673584,5.617661952972412,26.396215438842773,9.22801685333252
99,0.013894758187234402,0.0,0.0,0.0,0.07627832889556885,0.0,0.0,0.17912104725837708,0.0,0.0,0.0,0.0,0.2798040807247162,0.0,0.0,0.0,0.1977740377187729,0.0,0.0,0.253127783536911,0.17525805532932281,0.0,0.0,0.0,0.34896981716156006,0.0,0.0,0.2592206597328186,0.0,0.0,0.0,0.0,0.1374053657054901,0.0,0.0,0.0,0.06027377024292946,0.0,0.0,0.018872318789362907,0.75,0.5401995778083801,0.1791410744190216,0.902594804763794,0.9495325088500977,0.8562764525413513,0.5609287619590759,0.9995390176773071,0.028888896107673645,0.001979912631213665,3.633915912359953e-05,0.002460926305502653,0.012832557782530785,3.542810372891836e-05,5.404602916314616e-07,5.2335974032757804e-05,0.05199427530169487,0.007876323536038399,0.0013310756767168641,0.009941980242729187,0.20921871066093445,0.7306957244873047,0.6326836347579956,0.07850846648216248,-0.480715274810791,2.942765474319458,0.7311288714408875,4.470632076263428,3.9231274127960205,6.306489944458008,6.943668842315674,7.655518054962158,7.717092514038086,6.290322780609131,5.67003059387207,26.47199058532715,9.079862594604492
100,0.013993827626109123,0.0,0.0,0.0,0.07648566365242004,0.0,0.0,0.18996837735176086,0.0,0.0,0.0,0.0,0.287399560213089,0.0,0.0,0.0,0.17986084520816803,0.0,0.0,0.2522917687892914,0.17378537356853485,0.0,0.0,0.0,0.34869202971458435,0.0,0.0,0.2625472843647003,0.0,0.0,0.0,0.0,0.13825948536396027,0.0,0.0,0.0,0.05829981714487076,0.0,0.0,0.01841602846980095,0.7403846383094788,0.5370858311653137,0.17761798202991486,0.9099799990653992,0.9439504146575928,0.8547955751419067,0.5431536436080933,0.9999268651008606,0.028652667999267578,0.0019685328006744385,3.698425643960945e-05,0.0025496408343315125,0.012719225138425827,3.214463868062012e-05,5.112601684231777e-07,5.169556607143022e-05,0.05155830830335617,0.007833914831280708,0.001341514172963798,0.010204194113612175,0.20769695937633514,0.7195428013801575,0.6769441366195679,0.08085918426513672,-0.5228127837181091,2.946378707885742,0.7417839765548706,4.489840507507324,3.807642698287964,6.279940128326416,6.760152339935303,7.407846450805664,7.889562606811523,5.973374843597412,5.703698635101318,26.531282424926758,9.032922744750977
101,0.012235102243721485,0.0,0.0,0.0,0.0686265155673027,0.0,0.0,0.17654284834861755,0.0,0.0,0.0,0.0,0.2908807396888733,0.0,0.0,0.0,0.1941540539264679,0.0,0.0,0.25756075978279114,0.17033711075782776,0.0,0.0,0.0,0.34104397892951965,0.0,0.0,0.2655109465122223,0.0,0.0,0.0,0.0,0.1424294114112854,0.0,0.0,0.0,0.06128985807299614,0.0,0.0,0.01938868686556816,0.75,0.5493413209915161,0.18531586229801178,0.9081836342811584,0.9465911388397217,0.8722360134124756,0.578646719455719,0.9998992085456848,0.02931610867381096,0.00201771454885602,3.798593024839647e-05,0.002489921171218157,0.013028431683778763,3.009416650456842e-05,4.792699996869487e-07,4.858475585933775e-05,0.052278272807598114,0.007954011671245098,0.0013676865492016077,0.010301771573722363,0.21555164456367493,0.7425870895385742,0.6847264766693115,0.091270811855793,-0.5270693302154541,2.927297830581665,0.7460296750068665,4.482453346252441,3.8407301902770996,6.450730800628662,6.846608638763428,7.253500461578369,7.927980422973633,5.746659278869629,5.726804256439209,26.58725929260254,8.73336410522461
102,0.013268178328871727,0.0,0.0,0.0,0.07021526247262955,0.0,0.0,0.17896023392677307,0.0,0.0,0.0,0.0,0.2868649959564209,0.0,0.0,0.0,0.19732175767421722,0.0,0.0,0.2533695697784424,0.1722324639558792,0.0,0.0,0.0,0.340126097202301,0.0,0.0,0.26690149307250977,0.0,0.0,0.0,0.0,0.1418798863887787,0.0,0.0,0.0,0.05987197160720825,0.0,0.0,0.018988071009516716,0.7461538314819336,0.5462674498558044,0.18304620683193207,0.9081836342811584,0.9493871331214905,0.8708207607269287,0.5688697695732117,0.9999273419380188,0.029026098549365997,0.0020051077008247375,3.78254298993852e-05,0.0023070338647812605,0.012959819287061691,2.7696672987076454e-05,4.475310220186657e-07,4.7829587856540456e-05,0.05199868232011795,0.007919949479401112,0.0013586070854216814,0.010078675113618374,0.2132597267627716,0.7375475764274597,0.6685616970062256,0.08902595192193985,-0.5356141328811646,2.93514347076416,0.7602322697639465,4.320316314697266,3.8421857357025146,6.402669906616211,6.823943614959717,7.136338233947754,7.661569595336914,5.637450218200684,5.594559669494629,26.64577865600586,8.528766632080078
103,0.012487570755183697,0.0,0.0,0.0,0.06056654453277588,0.0,0.0,0.1573401540517807,0.0,0.0,0.0,0.0,0.2839525640010834,0.0,0.0,0.0,0.21939943730831146,0.0,0.0,0.2662537693977356,0.1696300208568573,0.0,0.0,0.0,0.3344554305076599,0.0,0.0,0.2662331759929657,0.0,0.0,0.0,0.0,0.14625777304172516,0.0,0.0,0.0,0.06294705718755722,0.0,0.0,0.02047652006149292,0.7749999761581421,0.5621955990791321,0.19136330485343933,0.9041916131973267,0.9616935849189758,0.8834314346313477,0.6197829246520996,0.999851644039154,0.029886368662118912,0.0020866170525550842,3.802787614404224e-05,0.0017642099410295486,0.013140114024281502,2.5762648874660954e-05,4.1454055121903366e-07,4.4805186917074025e-05,0.05320776626467705,0.008135764859616756,0.0013930157292634249,0.01004254911094904,0.2219008207321167,0.7695983052253723,0.6680030822753906,0.0990602970123291,-0.517816960811615,2.9030168056488037,0.7645657062530518,4.652995586395264,3.5909903049468994,6.63384485244751,6.846290588378906,7.255762577056885,7.33793306350708,5.5345916748046875,5.418582916259766,26.68456268310547,8.380314826965332
104,0.01158074475824833,0.0,0.0,0.0,0.05743798613548279,0.0,0.0,0.15488748252391815,0.0,0.0,0.0,0.0,0.28124260902404785,0.0,0.0,0.0,0.22341924905776978,0.0,0.0,0.27143189311027527,0.16831940412521362,0.0,0.0,0.0,0.333737313747406,0.0,0.0,0.2670224905014038,0.0,0.0,0.0,0.0,0.14673949778079987,0.0,0.0,0.0,0.062270209193229675,0.0,0.0,0.02191108837723732,0.7807692289352417,0.5711377263069153,0.19228215515613556,0.8980039358139038,0.9661694765090942,0.8807771801948547,0.6308512687683105,0.9997951984405518,0.0299136433750391,0.002132532186806202,3.758050297619775e-05,0.0016502896323800087,0.013181389309465885,2.415780909359455e-05,3.8832757809359464e-07,4.617282684193924e-05,0.05419684201478958,0.008222533389925957,0.001405226532369852,0.01003311574459076,0.22320915758609772,0.7760865688323975,0.655513346195221,0.1022501215338707,-0.5322168469429016,2.887406349182129,0.7711917757987976,4.68262243270874,3.6595375537872314,6.705435752868652,6.547143936157227,7.238633155822754,7.174468994140625,5.449617385864258,5.418240070343018,26.722084045410156,8.237740516662598
105,0.011371970176696777,0.0,0.0,0.0,0.057705432176589966,0.0,0.0,0.14873988926410675,0.0,0.0,0.0,0.0,0.27586376667022705,0.0,0.0,0.0,0.2358340620994568,0.0,0.0,0.27048492431640625,0.16839341819286346,0.0,0.0,0.0,0.3324957489967346,0.0,0.0,0.2674744725227356,0.0,0.0,0.0,0.0,0.14593487977981567,0.0,0.0,0.0,0.06380210816860199,0.0,0.0,0.021899351850152016,0.7788461446762085,0.5687425136566162,0.1931510716676712,0.8999999761581421,0.9671233296394348,0.8850879073143005,0.6389351487159729,0.9998961687088013,0.03044217824935913,0.0021825844887644053,3.706290226546116e-05,0.0017061522230505943,0.013244783505797386,2.2432626792578958e-05,3.553446674686711e-07,4.4571017497219145e-05,0.05496181920170784,0.00827101245522499,0.0014150390634313226,0.009464256465435028,0.22389812767505646,0.7821759581565857,0.6647087335586548,0.1061224415898323,-0.5305577516555786,2.893230676651001,0.779492974281311,4.698458671569824,3.7289249897003174,6.671293258666992,6.474032402038574,7.051234245300293,7.013601779937744,5.499534606933594,5.148812294006348,26.765396118164062,8.239690780639648
106,0.010372970253229141,0.0,0.0,0.0,0.0557694211602211,0.0,0.0,0.1513885110616684,0.0,0.0,0.0,0.0,0.2736088037490845,0.0,0.0,0.0,0.2346528172492981,0.0,0.0,0.2742074131965637,0.17009221017360687,0.0,0.0,0.0,0.33020058274269104,0.0,0.0,0.26890087127685547,0.0,0.0,0.0,0.0,0.14402146637439728,0.0,0.0,0.0,0.06492125988006592,0.0,0.0,0.02186361514031887,0.7923076748847961,0.5685428977012634,0.19227217137813568,0.9005987644195557,0.9787114858627319,0.8711276650428772,0.6420210599899292,0.9999159574508667,0.03034743294119835,0.00221425574272871,3.703561014845036e-05,0.0019670340698212385,0.013270076364278793,2.121950819855556e-05,3.373636445758166e-07,4.291813093004748e-05,0.05535326525568962,0.008253409527242184,0.0014068128075450659,0.009348050691187382,0.2230931669473648,0.7824625968933105,0.6862013936042786,0.11031576991081238,-0.5170400142669678,2.883854627609253,0.7933254837989807,4.585920810699463,3.6333742141723633,6.461617469787598,6.382096767425537,6.965358734130859,6.973708152770996,5.202258586883545,5.080041885375977,26.808086395263672,8.431553840637207
107,0.010162918828427792,0.0,0.0,0.0,0.05330716818571091,0.0,0.0,0.15041986107826233,0.0,0.0,0.0,0.0,0.2675420939922333,0.0,0.0,0.0,0.23369356989860535,0.0,0.0,0.2848743796348572,0.17089657485485077,0.0,0.0,0.0,0.3268826901912689,0.0,0.0,0.26619717478752136,0.0,0.0,0.0,0.0,0.1467912793159485,0.0,0.0,0.0,0.06652349978685379,0.0,0.0,0.02270878665149212,0.7961538434028625,0.5718563199043274,0.1975630521774292,0.8984031677246094,0.976911187171936,0.8776836395263672,0.645393431186676,0.9999169111251831,0.03104223683476448,0.0022628505248576403,3.771051706280559e-05,0.0022631771862506866,0.013232886791229248,2.055145705526229e-05,3.121426175312081e-07,4.352006726549007e-05,0.056241028010845184,0.008352503180503845,0.0014233494875952601,0.009712028317153454,0.228180393576622,0.7861031293869019,0.6925438642501831,0.11590046435594559,-0.5172222256660461,2.8572120666503906,0.7980321049690247,4.620141983032227,3.5886049270629883,6.312281608581543,6.465113639831543,7.028745651245117,6.939058303833008,5.200985908508301,4.915427207946777,26.840669631958008,8.3857421875
108,0.00976676493883133,0.0,0.0,0.0,0.049135394394397736,0.0,0.0,0.1371098905801773,0.0,0.0,0.0,0.0,0.27126213908195496,0.0,0.0,0.0,0.240380197763443,0.0,0.0,0.2923456132411957,0.17132657766342163,0.0,0.0,0.0,0.3217759430408478,0.0,0.0,0.2657610774040222,0.0,0.0,0.0,0.0,0.14918741583824158,0.0,0.0,0.0,0.0690133348107338,0.0,0.0,0.022935669869184494,0.8057692050933838,0.5746107697486877,0.20273159444332123,0.8988023400306702,0.9757904410362244,0.8921942114830017,0.6733617782592773,0.9998739361763,0.031465329229831696,0.0022862707264721394,3.743666093214415e-05,0.0024253246374428272,0.013532818295061588,1.936118133016862e-05,2.8698147502836946e-07,4.1383973439224064e-05,0.05672387406229973,0.008343003690242767,0.0014261614996939898,0.010331450961530209,0.23315858840942383,0.8039819002151489,0.6844339966773987,0.12302802503108978,-0.5135720372200012,2.8409066200256348,0.8057971000671387,4.422178268432617,3.577420234680176,6.156085014343262,6.571975231170654,7.068304061889648,7.2083024978637695,4.969477653503418,4.815753936767578,26.870241165161133,8.264711380004883
109,0.008456213399767876,0.0,0.0,0.0,0.04639711603522301,0.0,0.0,0.133403941988945,0.0,0.0,0.0,0.0,0.2630520761013031,0.0,0.0,0.0,0.23872126638889313,0.0,0.0,0.309969425201416,0.16917577385902405,0.0,0.0,0.0,0.3215143382549286,0.0,0.0,0.2641531527042389,0.0,0.0,0.0,0.0,0.15007856488227844,0.0,0.0,0.0,0.07026858627796173,0.0,0.0,0.024809567257761955,0.8115384578704834,0.5845109820365906,0.20624969899654388,0.9017964005470276,0.9780685305595398,0.9103579521179199,0.6805016994476318,0.9999277591705322,0.03224249929189682,0.0023489866871386766,3.8630150811513886e-05,0.002319225575774908,0.013977530412375927,1.7678834410617128e-05,2.6756003990158206e-07,4.200383409624919e-05,0.05791681632399559,0.008460932411253452,0.0014624171890318394,0.010556643828749657,0.23704418540000916,0.8117368817329407,0.7024879455566406,0.1334768384695053,-0.49927371740341187,2.8103621006011963,0.8030345439910889,4.465182304382324,3.6985270977020264,6.07716703414917,6.579232692718506,6.9792070388793945,7.2513580322265625,4.946164131164551,5.009322643280029,26.90306854248047,8.211028099060059
110,0.008483326993882656,0.0,0.0,0.0,0.048403747379779816,0.0,0.0,0.14020121097564697,0.0,0.0,0.0,0.0,0.2672872841358185,0.0,0.0,0.0,0.22458623349666595,0.0,0.0,0.3110382854938507,0.16550342738628387,0.0,0.0,0.0,0.3205100893974304,0.0,0.0,0.2694106101989746,0.0,0.0,0.0,0.0,0.15137417614459991,0.0,0.0,0.0,0.06900034844875336,0.0,0.0,0.024201346561312675,0.8134615421295166,0.5734930038452148,0.206224724650383,0.9093812108039856,0.9818845391273499,0.9047401547431946,0.6676841974258423,0.9999886751174927,0.030966196209192276,0.0022830883972346783,4.0154936868930236e-05,0.003149513155221939,0.013491952791810036,1.621228875592351e-05,2.579163833615894e-07,4.211186387692578e-05,0.056587301194667816,0.00826633907854557,0.001472833682782948,0.010836881585419178,0.23647120594978333,0.8029048442840576,0.7015162110328674,0.13107092678546906,-0.462245374917984,2.7998321056365967,0.8196684718132019,4.1907525062561035,3.60079026222229,5.853102207183838,6.526997089385986,6.666242599487305,7.514778137207031,4.798915386199951,4.758666515350342,26.868207931518555,8.227839469909668
111,0.008979911915957928,0.0,0.0,0.0,0.0562935508787632,0.0,0.0,0.15789663791656494,0.0,0.0,0.0,0.0,0.2689729928970337,0.0,0.0,0.0,0.2081964910030365,0.0,0.0,0.29966041445732117,0.16433532536029816,0.0,0.0,0.0,0.3219716548919678,0.0,0.0,0.2707541882991791,0.0,0.0,0.0,0.0,0.1549428254365921,0.0,0.0,0.0,0.06529425084590912,0.0,0.0,0.02270176075398922,0.7846153974533081,0.5617165565490723,0.20538577437400818,0.9085828065872192,0.9729342460632324,0.8814310431480408,0.6309875249862671,0.9999869465827942,0.028621749952435493,0.002132750116288662,4.327898204792291e-05,0.004259100649505854,0.012672720476984978,1.4784222912567202e-05,2.481307888047013e-07,4.953312600264326e-05,0.05248318612575531,0.007718750741332769,0.001473340205848217,0.011180149391293526,0.23496335744857788,0.7768225073814392,0.6956890821456909,0.11941337585449219,-0.48186901211738586,2.8067374229431152,0.8288235068321228,3.8209657669067383,3.4356226921081543,5.610689640045166,6.522534370422363,6.1919331550598145,7.70455265045166,4.71129846572876,4.411741733551025,26.347370147705078,8.428603172302246
112,0.00933864340186119,0.0,0.0,0.0,0.06270019710063934,0.0,0.0,0.17395760118961334,0.0,0.0,0.0,0.0,0.27011919021606445,0.0,0.0,0.0,0.19835862517356873,0.0,0.0,0.28552573919296265,0.16551382839679718,0.0,0.0,0.0,0.32257330417633057,0.0,0.0,0.27069583535194397,0.0,0.0,0.0,0.0,0.15459629893302917,0.0,0.0,0.0,0.06442351639270782,0.0,0.0,0.02219722606241703,0.7653846144676208,0.535768449306488,0.20523595809936523,0.9097803831100464,0.9640973210334778,0.8493022918701172,0.6025354266166687,0.9999833106994629,0.027207525447010994,0.0020385461393743753,4.531628655968234e-05,0.004349946044385433,0.012149333022534847,1.3913155271438882e-05,2.3843543317525473e-07,5.3927993576508015e-05,0.0496501550078392,0.007360344287008047,0.001491269445978105,0.011685538105666637,0.23330704867839813,0.7539966106414795,0.6915653944015503,0.10974493622779846,-0.4989980161190033,2.8028903007507324,0.8481495976448059,3.601419687271118,3.2396163940429688,5.414403915405273,6.538002014160156,5.873833179473877,7.740082263946533,4.55508279800415,4.291110515594482,26.330312728881836,8.42857837677002
113,0.008792087435722351,0.0,0.0,0.0,0.05850678309798241,0.0,0.0,0.16163407266139984,0.0,0.0,0.0,0.0,0.27523869276046753,0.0,0.0,0.0,0.2080763578414917,0.0,0.0,0.2877520024776459,0.16454964876174927,0.0,0.0,0.0,0.32047930359840393,0.0,0.0,0.267756849527359,0.0,0.0,0.0,0.0,0.15853196382522583,0.0,0.0,0.0,0.06650149077177048,0.0,0.0,0.02218075655400753,0.7634615302085876,0.535489022731781,0.21151061356067657,0.9085828065872192,0.9654553532600403,0.848526120185852,0.6351222395896912,0.9999829530715942,0.026821669191122055,0.0019998159259557724,4.485038516577333e-05,0.004291142337024212,0.012077407911419868,1.2656570106628351e-05,2.2209550820662116e-07,5.40343280590605e-05,0.04880755394697189,0.007302471436560154,0.001488872105255723,0.011299405246973038,0.23910412192344666,0.7710602879524231,0.6968904137611389,0.11651169508695602,-0.5038058757781982,2.789565086364746,0.8659482598304749,3.4284448623657227,3.1080739498138428,5.37189245223999,6.422327995300293,5.6978020668029785,7.418478012084961,4.532921314239502,4.303964614868164,26.37868881225586,8.24782943725586
114,0.008825520984828472,0.0,0.0,0.0,0.055323872715234756,0.0,0.0,0.16329431533813477,0.0,0.0,0.0,0.0,0.28359976410865784,0.0,0.0,0.0,0.21058690547943115,0.0,0.0,0.27836963534355164,0.16502809524536133,0.0,0.0,0.0,0.32383450865745544,0.0,0.0,0.26870763301849365,0.0,0.0,0.0,0.0,0.15797173976898193,0.0,0.0,0.0,0.06336090713739395,0.0,0.0,0.02109711803495884,0.7480769157409668,0.5336527228355408,0.20666168630123138,0.9083831906318665,0.9493361115455627,0.8419862389564514,0.6406529545783997,0.999988853931427,0.027086563408374786,0.002039744984358549,4.3339045078027993e-05,0.003594794310629368,0.012004353106021881,1.1726322554750368e-05,2.0799394917503378e-07,5.417589272838086e-05,0.04830680042505264,0.007482768036425114,0.0014695398276671767,0.009954020380973816,0.23447157442569733,0.7725490927696228,0.6911399364471436,0.11433608829975128,-0.5012432932853699,2.8072564601898193,0.8582287430763245,3.5393805503845215,3.279092788696289,5.523841857910156,6.39628267288208,5.996184825897217,6.8911590576171875,4.531863689422607,4.6484599113464355,26.399606704711914,7.906768321990967
115,0.0087956003844738,0.0,0.0,0.0,0.04944850876927376,0.0,0.0,0.1337839812040329,0.0,0.0,0.0,0.0,0.2790946364402771,0.0,0.0,0.0,0.26001426577568054,0.0,0.0,0.2688630223274231,0.1662641167640686,0.0,0.0,0.0,0.32578614354133606,0.0,0.0,0.2604135572910309,0.0,0.0,0.0,0.0,0.15930137038230896,0.0,0.0,0.0,0.0668860450387001,0.0,0.0,0.021348753944039345,0.7711538672447205,0.5517764687538147,0.21098627150058746,0.8948103785514832,0.9637525081634521,0.8691120147705078,0.692043125629425,0.9999268651008606,0.028115171939134598,0.002236075233668089,4.4040261855116114e-05,0.0018336737994104624,0.012212722562253475,1.333023828919977e-05,1.9097866754691495e-07,5.09617748321034e-05,0.04926181584596634,0.008010538294911385,0.0015118001028895378,0.008000252768397331,0.23941265046596527,0.8079663515090942,0.6546769738197327,0.12156209349632263,-0.5429252982139587,2.815007209777832,0.8203161358833313,4.184579849243164,3.4793436527252197,5.902271270751953,6.579399585723877,6.439247131347656,6.476095676422119,5.111128330230713,4.944090843200684,26.380054473876953,7.697673320770264
116,0.00911781657487154,0.0,0.0,0.0,0.049829039722681046,0.0,0.0,0.13864260911941528,0.0,0.0,0.0,0.0,0.2842404246330261,0.0,0.0,0.0,0.25359371304512024,0.0,0.0,0.26457640528678894,0.16599908471107483,0.0,0.0,0.0,0.3260091543197632,0.0,0.0,0.26175376772880554,0.0,0.0,0.0,0.0,0.1595279723405838,0.0,0.0,0.0,0.06633008271455765,0.0,0.0,0.020379919558763504,0.7480769157409668,0.5465070009231567,0.2100050002336502,0.893812358379364,0.9514471292495728,0.8546674251556396,0.6885492205619812,0.9998972415924072,0.027547966688871384,0.0022313278168439865,4.352384348749183e-05,0.001740024657920003,0.011933699250221252,1.2880321264674421e-05,1.7617621494991909e-07,4.8860318202059716e-05,0.0479162372648716,0.007842780090868473,0.0014934511855244637,0.008025956340134144,0.238155335187912,0.8024056553840637,0.6515892744064331,0.11999397724866867,-0.5471743941307068,2.8236122131347656,0.8361239433288574,4.094294548034668,3.524658441543579,5.798603534698486,6.270129203796387,6.422206401824951,6.526035785675049,4.940407752990723,4.866120338439941,26.426115036010742,7.292434215545654
117,0.008913684636354446,0.0,0.0,0.0,0.04939800128340721,0.0,0.0,0.13619495928287506,0.0,0.0,0.0,0.0,0.2847267687320709,0.0,0.0,0.0,0.25959867238998413,0.0,0.0,0.2611679434776306,0.16577330231666565,0.0,0.0,0.0,0.3277788460254669,0.0,0.0,0.26076778769493103,0.0,0.0,0.0,0.0,0.15661896765232086,0.0,0.0,0.0,0.06850280612707138,0.0,0.0,0.020558277145028114,0.7576923370361328,0.5479441285133362,0.2094556838274002,0.8846307396888733,0.9573898315429688,0.8470994830131531,0.6964202523231506,0.9998176097869873,0.02697155624628067,0.00227149436250329,4.421312769409269e-05,0.0018535819835960865,0.011745716445147991,1.1824024113593623e-05,1.648339917892372e-07,5.049387982580811e-05,0.04736177250742912,0.00782889872789383,0.001486817141994834,0.008120016194880009,0.23763339221477509,0.8054883480072021,0.6629233360290527,0.12360996752977371,-0.5788947343826294,2.8287200927734375,0.8439893126487732,4.139932155609131,3.4986374378204346,5.759893894195557,5.804178237915039,6.470556259155273,6.7619757652282715,4.755855083465576,4.992336750030518,26.491701126098633,7.134932518005371
118,0.00854379590600729,0.0,0.0,0.0,0.04738488793373108,0.0,0.0,0.13309992849826813,0.0,0.0,0.0,0.0,0.2852890193462372,0.0,0.0,0.0,0.25745460391044617,0.0,0.0,0.26822778582572937,0.16425707936286926,0.0,0.0,0.0,0.3254413306713104,0.0,0.0,0.2638188302516937,0.0,0.0,0.0,0.0,0.15777075290679932,0.0,0.0,0.0,0.0679720863699913,0.0,0.0,0.020739929750561714,0.7461538314819336,0.554530918598175,0.21008740365505219,0.8650698065757751,0.9540514945983887,0.8495914340019226,0.7063401937484741,0.9995595216751099,0.026560015976428986,0.0022877859883010387,4.418645039550029e-05,0.0018560044700279832,0.011777683161199093,1.1334404916851781e-05,1.542192507031359e-07,5.055955989519134e-05,0.04737181216478348,0.007798790466040373,0.0014949251199141145,0.008604403585195541,0.23836180567741394,0.8109663128852844,0.6743135452270508,0.13112373650074005,-0.5798181891441345,2.8188352584838867,0.8622550368309021,4.037772178649902,3.4592692852020264,5.603126525878906,5.479758262634277,6.381043434143066,6.845627784729004,4.60279655456543,4.844264030456543,26.55689811706543,7.035933971405029
119,0.00808972679078579,0.0,0.0,0.0,0.046007510274648666,0.0,0.0,0.13550688326358795,0.0,0.0,0.0,0.0,0.28263214230537415,0.0,0.0,0.0,0.25255364179611206,0.0,0.0,0.27521005272865295,0.16505590081214905,0.0,0.0,0.0,0.3214738965034485,0.0,0.0,0.26274996995925903,0.0,0.0,0.0,0.0,0.15953876078128815,0.0,0.0,0.0,0.0697677731513977,0.0,0.0,0.021413682028651237,0.7365384697914124,0.5553293228149414,0.21426966786384583,0.8806387186050415,0.9373788833618164,0.845544695854187,0.7073167562484741,0.999768078327179,0.026679623872041702,0.002329726004973054,4.461446951609105e-05,0.0017871928866952658,0.012000026181340218,1.0785969607240986e-05,1.450254671908624e-07,5.336349568096921e-05,0.04773306846618652,0.007857827469706535,0.001488708658143878,0.008817808702588081,0.2424631267786026,0.8103904128074646,0.7265831232070923,0.13463036715984344,-0.5536510944366455,2.8106508255004883,0.8723733425140381,3.94929838180542,3.488189935684204,5.56139612197876,5.390210151672363,6.2972025871276855,6.815084457397461,4.3960113525390625,4.779409885406494,26.60011863708496,7.083369255065918
120,0.00796867161989212,0.0,0.0,0.0,0.044795893132686615,0.0,0.0,0.12790200114250183,0.0,0.0,0.0,0.0,0.2744430899620056,0.0,0.0,0.0,0.26476937532424927,0.0,0.0,0.2801209092140198,0.16345545649528503,0.0,0.0,0.0,0.3192898631095886,0.0,0.0,0.26269933581352234,0.0,0.0,0.0,0.0,0.15960055589675903,0.0,0.0,0.0,0.07336544245481491,0.0,0.0,0.021589361131191254,0.7692307829856873,0.5689021944999695,0.21738578379154205,0.878842294216156,0.9609251022338867,0.8526183366775513,0.7176418900489807,0.9997597336769104,0.027585424482822418,0.002395646646618843,4.549536242848262e-05,0.001865903614088893,0.01226853672415018,1.1906959116458893e-05,1.3496777739874233e-07,5.152907397132367e-05,0.04898865893483162,0.008021277375519276,0.001502743922173977,0.009340820834040642,0.2461654543876648,0.8193289637565613,0.7310899496078491,0.14141863584518433,-0.542894184589386,2.7855238914489746,0.8726879954338074,4.14857816696167,3.426091432571411,5.482699394226074,5.565540790557861,6.166924476623535,6.6903462409973145,4.318734645843506,4.860753059387207,26.637292861938477,7.099066257476807
121,0.00844136718660593,0.0,0.0,0.0,0.042340949177742004,0.0,0.0,0.11714965850114822,0.0,0.0,0.0,0.0,0.27380675077438354,0.0,0.0,0.0,0.26757848262786865,0.0,0.0,0.29068270325660706,0.16391393542289734,0.0,0.0,0.0,0.3174166679382324,0.0,0.0,0.2620982229709625,0.0,0.0,0.0,0.0,0.16048592329025269,0.0,0.0,0.0,0.0734277069568634,0.0,0.0,0.022657541558146477,0.7807692289352417,0.5720160007476807,0.2192559391260147,0.8796406984329224,0.9690338373184204,0.8658177256584167,0.7344657778739929,0.9997372031211853,0.028172917664051056,0.002448642859235406,4.5902452256996185e-05,0.0018027486512437463,0.012395855970680714,1.17067938845139e-05,1.2359583934085094e-07,4.884904046775773e-05,0.050379395484924316,0.008184093981981277,0.0015094135887920856,0.00930909626185894,0.24810709059238434,0.8320627212524414,0.7387205958366394,0.14581555128097534,-0.5502544641494751,2.7622787952423096,0.8811240196228027,4.127331733703613,3.3694183826446533,5.455987453460693,5.675751209259033,6.058197498321533,6.438292980194092,4.20927619934082,4.787640571594238,26.675479888916016,7.192221164703369
122,0.0069129085168242455,0.0,0.0,0.0,0.04125197231769562,0.0,0.0,0.10678267478942871,0.0,0.0,0.0,0.0,0.27042725682258606,0.0,0.0,0.0,0.2661961019039154,0.0,0.0,0.3084290623664856,0.16066403687000275,0.0,0.0,0.0,0.3161582946777344,0.0,0.0,0.26083076000213623,0.0,0.0,0.0,0.0,0.16171959042549133,0.0,0.0,0.0,0.07657762616872787,0.0,0.0,0.024049706757068634,0.7923076748847961,0.5869860053062439,0.22426217794418335,0.8832334876060486,0.9766934514045715,0.8826030492782593,0.7510395050048828,0.9997761249542236,0.028505587950348854,0.0024805711582303047,4.567230280372314e-05,0.0018242367077618837,0.012777264229953289,1.1023375009244774e-05,1.1299740521053536e-07,4.473063017940149e-05,0.051306918263435364,0.008317744359374046,0.0015061072772368789,0.009632883593440056,0.25368377566337585,0.8450477719306946,0.7761355638504028,0.1556585282087326,-0.5215696096420288,2.7251391410827637,0.9004840850830078,4.073491096496582,3.236532688140869,5.321256637573242,5.752788066864014,5.724204063415527,6.2320380210876465,4.070227146148682,4.656861305236816,26.707155227661133,7.126214981079102
123,0.007131547201424837,0.0,0.0,0.0,0.03923744335770607,0.0,0.0,0.10962705314159393,0.0,0.0,0.0,0.0,0.271125465631485,0.0,0.0,0.0,0.261195570230484,0.0,0.0,0.31168293952941895,0.16072477400302887,0.0,0.0,0.0,0.31562483310699463,0.0,0.0,0.2610575258731842,0.0,0.0,0.0,0.0,0.16144926846027374,0.0,0.0,0.0,0.07711536437273026,0.0,0.0,0.024028230458498,0.7903845906257629,0.5873053669929504,0.224451944231987,0.8870258927345276,0.9794186949729919,0.8848881721496582,0.746762216091156,0.9998771548271179,0.02888314798474312,0.0024772121105343103,4.574142803903669e-05,0.0022136615589261055,0.012989062815904617,9.987879820982926e-06,1.0323886101559765e-07,4.797816654900089e-05,0.051904864609241486,0.008335630409419537,0.0014937364030629396,0.009467627853155136,0.25392040610313416,0.8439986705780029,0.7923243045806885,0.15609709918498993,-0.5271793603897095,2.713967800140381,0.9148457646369934,3.9192283153533936,3.173929452896118,5.1891770362854,5.796041965484619,5.56138801574707,6.116954803466797,3.941671133041382,4.5517425537109375,26.744287490844727,7.219261169433594
124,0.006607392802834511,0.0,0.0,0.0,0.03587661311030388,0.0,0.0,0.101363405585289,0.0,0.0,0.0,0.0,0.25252774357795715,0.0,0.0,0.0,0.28036582469940186,0.0,0.0,0.32325899600982666,0.16090081632137299,0.0,0.0,0.0,0.3112959563732147,0.0,0.0,0.2584916353225708,0.0,0.0,0.0,0.0,0.1611863076686859,0.0,0.0,0.0,0.0823037177324295,0.0,0.0,0.02582157403230667,0.8057692050933838,0.606546938419342,0.23011736571788788,0.8942115306854248,0.9833975434303284,0.908886194229126,0.7584033012390137,0.9998921155929565,0.030208678916096687,0.002555953338742256,4.553732287604362e-05,0.0028137664776295424,0.013441205024719238,1.0395414392405655e-05,9.501277986601053e-08,4.8841844545677304e-05,0.05433287471532822,0.008585009723901749,0.001514814211986959,0.009213279001414776,0.260404109954834,0.8561488389968872,0.8062644004821777,0.1699834018945694,-0.517122745513916,2.6762783527374268,0.9141288995742798,4.148317337036133,3.263036012649536,5.1375017166137695,5.9799699783325195,5.443741321563721,5.876070976257324,3.9698216915130615,4.3532490730285645,26.75830841064453,7.3419575691223145
125,0.005322987679392099,0.0,0.0,0.0,0.03169732913374901,0.0,0.0,0.09393206238746643,0.0,0.0,0.0,0.0,0.2401447296142578,0.0,0.0,0.0,0.28160279989242554,0.0,0.0,0.34730005264282227,0.15936048328876495,0.0,0.0,0.0,0.3059959411621094,0.0,0.0,0.25863930583000183,0.0,0.0,0.0,0.0,0.1631799191236496,0.0,0.0,0.0,0.08388353884220123,0.0,0.0,0.028940828517079353,0.8134615421295166,0.6257884502410889,0.23591262102127075,0.8904191255569458,0.985467791557312,0.9330731630325317,0.7719553709030151,0.9999233484268188,0.031201248988509178,0.002621287712827325,4.56365778518375e-05,0.002715335926041007,0.013742666691541672,9.714716725284234e-06,8.68617462401744e-08,4.736599657917395e-05,0.0564531534910202,0.008809353224933147,0.0015407877508550882,0.009121261537075043,0.2668716013431549,0.8690442442893982,0.8260157704353333,0.18972013890743256,-0.4763715863227844,2.6426610946655273,0.9187855124473572,4.093283653259277,3.2536613941192627,5.262196063995361,6.074415683746338,5.326941013336182,5.841463088989258,3.8725810050964355,4.2233710289001465,26.789146423339844,7.401888847351074
126,0.005438762716948986,0.0,0.0,0.0,0.03230367228388786,0.0,0.0,0.09184183180332184,0.0,0.0,0.0,0.0,0.23671822249889374,0.0,0.0,0.0,0.28205281496047974,0.0,0.0,0.35164472460746765,0.16146066784858704,0.0,0.0,0.0,0.3040151596069336,0.0,0.0,0.25863075256347656,0.0,0.0,0.0,0.0,0.16345205903053284,0.0,0.0,0.0,0.08359025418758392,0.0,0.0,0.028851114213466644,0.817307710647583,0.6273053884506226,0.23560799658298492,0.8964071869850159,0.9849379062652588,0.9323400259017944,0.7722136974334717,0.999957263469696,0.03135312721133232,0.002653906587511301,4.674895535572432e-05,0.0022092261351644993,0.0141273969784379,9.575945114193019e-06,7.954543690402716e-08,4.721001459984109e-05,0.05753222107887268,0.00888146087527275,0.001547185704112053,0.00858391635119915,0.2667509615421295,0.8704115748405457,0.7926795482635498,0.19012250006198883,-0.49890589714050293,2.6403582096099854,0.9175519943237305,4.057794094085693,3.2981338500976562,5.428089141845703,5.835966110229492,5.3339104652404785,5.8910722732543945,3.9257988929748535,4.28997802734375,26.804683685302734,7.332083702087402
127,0.005349417682737112,0.0,0.0,0.0,0.029470987617969513,0.0,0.0,0.09150554984807968,0.0,0.0,0.0,0.0,0.24557778239250183,0.0,0.0,0.0,0.2718600034713745,0.0,0.0,0.3562362790107727,0.1596062183380127,0.0,0.0,0.0,0.30025529861450195,0.0,0.0,0.26038071513175964,0.0,0.0,0.0,0.0,0.16761760413646698,0.0,0.0,0.0,0.08362644910812378,0.0,0.0,0.028513707220554352,0.824999988079071,0.6294211745262146,0.23940326273441315,0.9023951888084412,0.9854161739349365,0.9401346445083618,0.7758238315582275,0.9999822974205017,0.03140093758702278,0.002657123375684023,4.777835056302138e-05,0.0027485003229230642,0.014234330505132675,8.562181392335333e-06,7.541229507523894e-08,4.930383147438988e-05,0.05717480927705765,0.008833970874547958,0.0015588841633871198,0.009060252457857132,0.2704788148403168,0.8736709356307983,0.7865644693374634,0.1962546557188034,-0.48189306259155273,2.6500515937805176,0.9227110743522644,3.845005750656128,3.2874529361724854,5.274260520935059,5.606017112731934,5.315104961395264,6.32375955581665,4.0390625,4.209063529968262,26.80752944946289,7.224433898925781
128,0.0055788555182516575,0.0,0.0,0.0,0.03253983333706856,0.0,0.0,0.10000216960906982,0.0,0.0,0.0,0.0,0.24548614025115967,0.0,0.0,0.0,0.25748810172080994,0.0,0.0,0.3589048683643341,0.16073818504810333,0.0,0.0,0.0,0.30170705914497375,0.0,0.0,0.2614031732082367,0.0,0.0,0.0,0.0,0.16415421664714813,0.0,0.0,0.0,0.08367357403039932,0.0,0.0,0.028323793783783913,0.8057692050933838,0.6110179424285889,0.23682397603988647,0.9067863821983337,0.9833821654319763,0.9235543012619019,0.7611437439918518,0.9999867677688599,0.030308999121189117,0.002518521621823311,4.947293200530112e-05,0.003782831598073244,0.013540195301175117,7.20571097190259e-06,7.11709162715124e-08,5.92954020248726e-05,0.05441337078809738,0.008447529748082161,0.0015387909952551126,0.009993934072554111,0.2670409381389618,0.8618753552436829,0.7766387462615967,0.1889927238225937,-0.43503338098526,2.672609806060791,0.9305340647697449,3.462045669555664,3.149554967880249,5.061840057373047,5.476731300354004,5.073685169219971,6.647987365722656,3.900899648666382,4.13851261138916,26.34364128112793,7.1515984535217285
129,0.005774622317403555,0.0,0.0,0.0,0.03493928909301758,0.0,0.0,0.11275795102119446,0.0,0.0,0.0,0.0,0.25820469856262207,0.0,0.0,0.0,0.24179992079734802,0.0,0.0,0.3465234637260437,0.16041791439056396,0.0,0.0,0.0,0.3046373724937439,0.0,0.0,0.2613007724285126,0.0,0.0,0.0,0.0,0.16566945612430573,0.0,0.0,0.0,0.08067077398300171,0.0,0.0,0.027303697541356087,0.800000011920929,0.5929341316223145,0.23532335460186005,0.9075847864151001,0.9805301427841187,0.9072288274765015,0.7396460771560669,0.9999803900718689,0.029146529734134674,0.0023994874209165573,5.277186573948711e-05,0.004220677074044943,0.013129444792866707,7.115569133020472e-06,6.938705610082252e-08,6.189433042891324e-05,0.05271896719932556,0.008109345100820065,0.001533502247184515,0.010951535776257515,0.26459822058677673,0.8465232849121094,0.7624114751815796,0.1780044138431549,-0.41036421060562134,2.6872565746307373,0.9469720721244812,3.252894163131714,2.985905170440674,4.778282165527344,5.568482398986816,4.887465476989746,6.989987850189209,3.836276054382324,3.954177141189575,26.316513061523438,6.997489929199219
130,0.005900448188185692,0.0,0.0,0.0,0.03625316545367241,0.0,0.0,0.12021894007921219,0.0,0.0,0.0,0.0,0.2647304832935333,0.0,0.0,0.0,0.2319107949733734,0.0,0.0,0.3409861922264099,0.1589278280735016,0.0,0.0,0.0,0.3051336705684662,0.0,0.0,0.26436713337898254,0.0,0.0,0.0,0.0,0.16460150480270386,0.0,0.0,0.0,0.07994251698255539,0.0,0.0,0.027027351781725883,0.7865384817123413,0.5759281516075134,0.23429714143276215,0.9039919972419739,0.9694089293479919,0.8928245902061462,0.7297400832176208,0.9999822974205017,0.02832547016441822,0.0023356820456683636,5.44324102520477e-05,0.004398044664412737,0.012943005189299583,6.077034413465299e-06,6.435106314484074e-08,6.440013385144994e-05,0.051252759993076324,0.007928232662379742,0.0015239756321534514,0.011287974193692207,0.26259860396385193,0.8376225233078003,0.7446736097335815,0.17226698994636536,-0.45825397968292236,2.669372797012329,0.9581053853034973,3.0304369926452637,2.865710973739624,4.664957046508789,5.517515659332275,4.914675235748291,7.0316948890686035,3.923804998397827,3.954526901245117,26.36115837097168,6.841485023498535
131,0.005593635141849518,0.0,0.0,0.0,0.03413162752985954,0.0,0.0,0.1197391077876091,0.0,0.0,0.0,0.0,0.261187881231308,0.0,0.0,0.0,0.23658119142055511,0.0,0.0,0.34276655316352844,0.1584876924753189,0.0,0.0,0.0,0.30516695976257324,0.0,0.0,0.26640212535858154,0.0,0.0,0.0,0.0,0.16327153146266937,0.0,0.0,0.0,0.07985442131757736,0.0,0.0,0.026817267760634422,0.7961538434028625,0.5687025785446167,0.23307865858078003,0.9001995921134949,0.9705749750137329,0.8933942914009094,0.7343623638153076,0.9999802112579346,0.028774429112672806,0.00235493085347116,5.257741577224806e-05,0.0038977963849902153,0.013239271938800812,6.545576070493553e-06,6.004877661780483e-08,6.220729846972972e-05,0.05130154266953468,0.007963408716022968,0.0015125864883884788,0.011230438947677612,0.2610142230987549,0.8405308127403259,0.7391170859336853,0.17513135075569153,-0.4754111170768738,2.6738152503967285,0.9634506106376648,3.0926012992858887,2.9030656814575195,4.548165798187256,5.475614070892334,4.970339298248291,6.886711120605469,3.8802316188812256,4.115665435791016,26.439990997314453,6.578754425048828
132,0.0055888439528644085,0.0,0.0,0.0,0.03381846845149994,0.0,0.0,0.11876537650823593,0.0,0.0,0.0,0.0,0.2538471519947052,0.0,0.0,0.0,0.24710524082183838,0.0,0.0,0.34087494015693665,0.16157421469688416,0.0,0.0,0.0,0.3059840202331543,0.0,0.0,0.2650212347507477,0.0,0.0,0.0,0.0,0.16134628653526306,0.0,0.0,0.0,0.0794135183095932,0.0,0.0,0.02666071616113186,0.7923076748847961,0.5685030221939087,0.2305842787027359,0.8896207213401794,0.9724292159080505,0.8984791040420532,0.7324839234352112,0.9999081492424011,0.028888987377285957,0.002413252368569374,5.090855120215565e-05,0.0029003568924963474,0.013478057458996773,7.2009997893474065e-06,5.645957656952305e-08,6.354808283504099e-05,0.05209674686193466,0.008115101605653763,0.0015013831434771419,0.011123232543468475,0.25855758786201477,0.8418229222297668,0.7411541938781738,0.17505620419979095,-0.44415178894996643,2.679128646850586,0.9659503698348999,3.209188222885132,2.9721314907073975,4.418940544128418,5.434882640838623,5.31151008605957,6.424845218658447,3.881171941757202,4.183040618896484,26.473365783691406,6.361076354980469
133,0.005212405696511269,0.0,0.0,0.0,0.03300816938281059,0.0,0.0,0.10199230909347534,0.0,0.0,0.0,0.0,0.24088060855865479,0.0,0.0,0.0,0.2747955620288849,0.0,0.0,0.34411096572875977,0.1613166332244873,0.0,0.0,0.0,0.30538827180862427,0.0,0.0,0.2636733949184418,0.0,0.0,0.0,0.0,0.16158537566661835,0.0,0.0,0.0,0.07994327694177628,0.0,0.0,0.028093041852116585,0.7980769276618958,0.5858283638954163,0.2322646826505661,0.8493013978004456,0.9758995771408081,0.91717529296875,0.7560105323791504,0.9997125267982483,0.030039723962545395,0.00258948584087193,5.096098539070226e-05,0.001784724765457213,0.013981809839606285,9.081086318474263e-06,5.1430586012202184e-08,5.579694698099047e-05,0.05401600897312164,0.008627964183688164,0.0015409659827128053,0.010275262407958508,0.2606639266014099,0.8597832918167114,0.7613316774368286,0.18268530070781708,-0.4243173897266388,2.674600601196289,0.9326671361923218,3.7251527309417725,3.2525243759155273,4.777359962463379,5.391202926635742,5.5564446449279785,5.9223833084106445,4.220344543457031,4.664703369140625,26.463573455810547,6.188177108764648
134,0.005281128454953432,0.0,0.0,0.0,0.03219669312238693,0.0,0.0,0.09111973643302917,0.0,0.0,0.0,0.0,0.22482648491859436,0.0,0.0,0.0,0.28834307193756104,0.0,0.0,0.35823291540145874,0.1608210653066635,0.0,0.0,0.0,0.306250661611557,0.0,0.0,0.2585188150405884,0.0,0.0,0.0,0.0,0.16192251443862915,0.0,0.0,0.0,0.08183833956718445,0.0,0.0,0.03064858354628086,0.8115384578704834,0.6016766428947449,0.23684145510196686,0.7992015480995178,0.9803544282913208,0.9324131608009338,0.76990807056427,0.9984236359596252,0.030584968626499176,0.002757587470114231,5.388057616073638e-05,0.0017915565986186266,0.014301327988505363,9.847440196608659e-06,4.785022156283958e-08,6.024041067576036e-05,0.05491473153233528,0.009001214057207108,0.001575276954099536,0.00983250793069601,0.2652709484100342,0.87139892578125,0.7562570571899414,0.19457101821899414,-0.42925310134887695,2.6557018756866455,0.916648268699646,4.179603576660156,3.3786847591400146,4.8255815505981445,5.317787170410156,5.840459823608398,5.463470458984375,4.61536979675293,4.7699055671691895,26.495351791381836,6.126655578613281
135,0.004931570030748844,0.0,0.0,0.0,0.0301070474088192,0.0,0.0,0.0850178450345993,0.0,0.0,0.0,0.0,0.20940352976322174,0.0,0.0,0.0,0.2946603298187256,0.0,0.0,0.3758796751499176,0.15846148133277893,0.0,0.0,0.0,0.3061523139476776,0.0,0.0,0.25685885548591614,0.0,0.0,0.0,0.0,0.16169652342796326,0.0,0.0,0.0,0.08329733461141586,0.0,0.0,0.0335334837436676,0.8134615421295166,0.6178443431854248,0.24038952589035034,0.7750498652458191,0.9797928929328918,0.9414753913879395,0.7815035581588745,0.9973670244216919,0.03094257041811943,0.002876593265682459,5.6321492593269795e-05,0.0018421463901177049,0.014393712393939495,1.0317981832486112e-05,4.464427405537208e-08,5.695525760529563e-05,0.056532636284828186,0.009307271800935268,0.001602501142770052,0.010030876845121384,0.269228458404541,0.8799404501914978,0.763201117515564,0.2082732766866684,-0.4401762783527374,2.6332924365997314,0.9085120558738708,4.432735919952393,3.462660551071167,4.964624404907227,5.171308994293213,5.821837902069092,5.285310745239258,4.672435760498047,4.976235866546631,26.531187057495117,6.209488868713379
136,0.004533358849585056,0.0,0.0,0.0,0.028716422617435455,0.0,0.0,0.07954926043748856,0.0,0.0,0.0,0.0,0.1918770968914032,0.0,0.0,0.0,0.2982921898365021,0.0,0.0,0.39703166484832764,0.1569647341966629,0.0,0.0,0.0,0.3044223487377167,0.0,0.0,0.2556002140045166,0.0,0.0,0.0,0.0,0.16013777256011963,0.0,0.0,0.0,0.08738584071397781,0.0,0.0,0.035489097237586975,0.8269230723381042,0.6282634735107422,0.24413983523845673,0.7918163537979126,0.9828847646713257,0.9480398297309875,0.7909318208694458,0.9976646304130554,0.03165031224489212,0.002954921219497919,5.681826587533578e-05,0.0019942671060562134,0.015146882273256779,9.156910891761072e-06,4.058362534919979e-08,5.315268936101347e-05,0.05883915722370148,0.009543521329760551,0.001608563819900155,0.009863872081041336,0.2735292911529541,0.8871978521347046,0.7498339414596558,0.22129517793655396,-0.41444265842437744,2.595038414001465,0.9126371145248413,4.508186340332031,3.353609800338745,4.958897113800049,5.207661151885986,5.701499938964844,5.182319641113281,4.510049819946289,5.0358195304870605,26.569307327270508,6.408079624176025
137,0.004083490464836359,0.0,0.0,0.0,0.02709078975021839,0.0,0.0,0.07492078095674515,0.0,0.0,0.0,0.0,0.1860431283712387,0.0,0.0,0.0,0.2968657314777374,0.0,0.0,0.41099604964256287,0.1563853919506073,0.0,0.0,0.0,0.3020194470882416,0.0,0.0,0.2553030550479889,0.0,0.0,0.0,0.0,0.1605740785598755,0.0,0.0,0.0,0.08966416120529175,0.0,0.0,0.0360538549721241,0.8326923251152039,0.6407585144042969,0.24600499868392944,0.8502993583679199,0.9844719171524048,0.9586271047592163,0.7977893352508545,0.9992886781692505,0.03286978229880333,0.003040469018742442,5.423396214609966e-05,0.0018099264707416296,0.015897244215011597,8.40992470330093e-06,3.6910002165768674e-08,5.3407569794217125e-05,0.060316428542137146,0.00975028146058321,0.0016080860514193773,0.00990528054535389,0.27667486667633057,0.8939016461372375,0.788795530796051,0.22963447868824005,-0.4070391058921814,2.607069969177246,0.9126501083374023,4.517379283905029,3.2729909420013428,4.781490325927734,5.085130214691162,5.740568161010742,5.535182952880859,4.36249303817749,4.864132404327393,26.59017562866211,6.884603023529053
138,0.0041389367543160915,0.0,0.0,0.0,0.025683920830488205,0.0,0.0,0.07900170981884003,0.0,0.0,0.0,0.0,0.1980006843805313,0.0,0.0,0.0,0.27921155095100403,0.0,0.0,0.4139631986618042,0.15854884684085846,0.0,0.0,0.0,0.29928964376449585,0.0,0.0,0.2571389377117157,0.0,0.0,0.0,0.0,0.16148965060710907,0.0,0.0,0.0,0.0888674408197403,0.0,0.0,0.03466545790433884,0.8480769395828247,0.645469069480896,0.2441498190164566,0.8652694225311279,0.9839614629745483,0.9596364498138428,0.7904233336448669,0.999423086643219,0.033646561205387115,0.003067482728511095,5.3198269597487524e-05,0.0022437337320297956,0.01579246297478676,9.259545549866743e-06,3.492506195357237e-08,5.371377119445242e-05,0.06078851968050003,0.009916012175381184,0.0016090280842036009,0.01078515499830246,0.2754175662994385,0.8911720514297485,0.803836464881897,0.22734420001506805,-0.3728003203868866,2.619995355606079,0.9057884812355042,4.529820919036865,3.307709217071533,4.811046600341797,5.2558207511901855,5.588630676269531,6.011847972869873,4.249131202697754,4.679321765899658,26.58448028564453,7.090658187866211
139,0.004568708129227161,0.0,0.0,0.0,0.025696491822600365,0.0,0.0,0.08577357977628708,0.0,0.0,0.0,0.0,0.20698460936546326,0.0,0.0,0.0,0.2685072124004364,0.0,0.0,0.4084693193435669,0.15833523869514465,0.0,0.0,0.0,0.2988871932029724,0.0,0.0,0.2586245536804199,0.0,0.0,0.0,0.0,0.1634851098060608,0.0,0.0,0.0,0.08839777857065201,0.0,0.0,0.032270144671201706,0.8480769395828247,0.6470259428024292,0.24311362206935883,0.8658682107925415,0.9849034547805786,0.9606534838676453,0.7725049257278442,0.9996670484542847,0.03418475389480591,0.003088804427534342,5.277992022456601e-05,0.002944628242403269,0.015814470127224922,9.150666301138699e-06,3.201862952550982e-08,5.128632619744167e-05,0.06160056218504906,0.009928345680236816,0.0015839769039303064,0.011455832049250603,0.27455228567123413,0.88395756483078,0.8244478106498718,0.21780388057231903,-0.38224348425865173,2.648895502090454,0.9091074466705322,4.319375038146973,3.266479730606079,4.969018936157227,5.407684326171875,5.553508758544922,6.400710105895996,4.0380401611328125,4.377780437469482,26.57356834411621,7.10821533203125
140,0.004154761787503958,0.0,0.0,0.0,0.022305671125650406,0.0,0.0,0.07706686109304428,0.0,0.0,0.0,0.0,0.19524802267551422,0.0,0.0,0.0,0.2660128176212311,0.0,0.0,0.4352118670940399,0.15813827514648438,0.0,0.0,0.0,0.29272040724754333,0.0,0.0,0.2545623481273651,0.0,0.0,0.0,0.0,0.16576699912548065,0.0,0.0,0.0,0.09384994953870773,0.0,0.0,0.034962013363838196,0.8557692170143127,0.6636327505111694,0.2528539299964905,0.8664670586585999,0.9863533973693848,0.9695932865142822,0.7922011017799377,0.9998339414596558,0.0353923998773098,0.0031836084090173244,5.340297502698377e-05,0.003347407327964902,0.016640353947877884,8.340563908859622e-06,2.9430671233399153e-08,5.047860031481832e-05,0.06329682469367981,0.010183325968682766,0.0015994065906852484,0.012255681678652763,0.2845829129219055,0.89646977186203,0.8479845523834229,0.2365199625492096,-0.38239842653274536,2.6286442279815674,0.9099500179290771,4.209381103515625,3.3001551628112793,5.00575590133667,5.5304999351501465,5.438852787017822,6.809542179107666,4.031404495239258,4.202157497406006,26.609355926513672,6.9935832023620605
141,0.003857468953356147,0.0,0.0,0.0,0.022356802597641945,0.0,0.0,0.07461806386709213,0.0,0.0,0.0,0.0,0.20251044631004333,0.0,0.0,0.0,0.2579455077648163,0.0,0.0,0.4387117028236389,0.1577804684638977,0.0,0.0,0.0,0.29286855459213257,0.0,0.0,0.25341561436653137,0.0,0.0,0.0,0.0,0.1671057492494583,0.0,0.0,0.0,0.09440555423498154,0.0,0.0,0.03442404419183731,0.8769230842590332,0.6641916036605835,0.2542172372341156,0.8618762493133545,0.995105504989624,0.9703018069267273,0.793712317943573,0.9999303221702576,0.035841114819049835,0.0031874519772827625,5.216910722083412e-05,0.0032033920288085938,0.017075631767511368,8.748135769565124e-06,2.7905358024327143e-08,5.427349969977513e-05,0.06386605650186539,0.010191777721047401,0.0015746795106679201,0.012410648167133331,0.28585416078567505,0.8991650342941284,0.8291079998016357,0.23675711452960968,-0.393716961145401,2.6360573768615723,0.9101850390434265,4.221887588500977,3.131054639816284,5.08472204208374,5.841759204864502,5.636371612548828,6.89929723739624,3.915442705154419,4.171754360198975,26.63092803955078,6.684319496154785
142,0.0038162146229296923,0.0,0.0,0.0,0.023708535358309746,0.0,0.0,0.07847663015127182,0.0,0.0,0.0,0.0,0.19687694311141968,0.0,0.0,0.0,0.2552013695240021,0.0,0.0,0.44192028045654297,0.15711787343025208,0.0,0.0,0.0,0.29433268308639526,0.0,0.0,0.2554393410682678,0.0,0.0,0.0,0.0,0.16669708490371704,0.0,0.0,0.0,0.09298661351203918,0.0,0.0,0.03342637047171593,0.8807692527770996,0.6573652625083923,0.25144821405410767,0.8776446580886841,0.9950511455535889,0.968329131603241,0.7806158065795898,0.9998891949653625,0.03555545210838318,0.003179532941430807,5.146025068825111e-05,0.0032244673930108547,0.017292991280555725,1.0304416719009168e-05,2.6023343480119365e-08,5.3542316891252995e-05,0.06436781585216522,0.010226964950561523,0.0015645887469872832,0.011963224038481712,0.2830727696418762,0.893996000289917,0.8141075372695923,0.2305496335029602,-0.39215052127838135,2.6394472122192383,0.9102646112442017,4.021083354949951,3.1623942852020264,5.168628215789795,5.979251384735107,5.761229515075684,6.785722255706787,4.0162787437438965,4.204452037811279,26.675634384155273,6.525199890136719
143,0.0037915639113634825,0.0,0.0,0.0,0.022386467084288597,0.0,0.0,0.07614866644144058,0.0,0.0,0.0,0.0,0.18651948869228363,0.0,0.0,0.0,0.2591233551502228,0.0,0.0,0.4520304501056671,0.15767812728881836,0.0,0.0,0.0,0.29233795404434204,0.0,0.0,0.2556855082511902,0.0,0.0,0.0,0.0,0.1669541597366333,0.0,0.0,0.0,0.09409371018409729,0.0,0.0,0.03325052559375763,0.8788461685180664,0.6554490923881531,0.25261422991752625,0.8880239129066467,0.9959719181060791,0.9693917036056519,0.7849217057228088,0.9998044967651367,0.035906124860048294,0.0032125937286764383,4.986394560546614e-05,0.003120581852272153,0.01754598133265972,9.544541171635501e-06,2.3738762067182506e-08,5.0437003665138036e-05,0.0656169056892395,0.01033109799027443,0.0015633752336725593,0.011464053764939308,0.28416305780410767,0.897670328617096,0.82728111743927,0.2350076138973236,-0.4062887728214264,2.6363422870635986,0.9131277203559875,3.859470844268799,3.1339423656463623,5.211787700653076,6.032108783721924,5.7220258712768555,6.503507614135742,4.072548866271973,4.503687858581543,26.715810775756836,6.409465312957764
144,0.003420087741687894,0.0,0.0,0.0,0.019641216844320297,0.0,0.0,0.06951253861188889,0.0,0.0,0.0,0.0,0.17384107410907745,0.0,0.0,0.0,0.2583383321762085,0.0,0.0,0.4752468168735504,0.15496057271957397,0.0,0.0,0.0,0.28915947675704956,0.0,0.0,0.25329267978668213,0.0,0.0,0.0,0.0,0.16813848912715912,0.0,0.0,0.0,0.09830085933208466,0.0,0.0,0.036147937178611755,0.892307698726654,0.6722953915596008,0.2600174844264984,0.8942115306854248,0.9977300763130188,0.9762879014015198,0.7999945878982544,0.9998552799224854,0.03701311722397804,0.003304482903331518,4.995728158974089e-05,0.0030273301526904106,0.017942866310477257,1.045774024532875e-05,2.1508634873157462e-08,5.277384479995817e-05,0.06794428080320358,0.010658180341124535,0.0015979843446984887,0.01132584735751152,0.2921082079410553,0.9074235558509827,0.8169906139373779,0.25550511479377747,-0.36097830533981323,2.5951175689697266,0.9149659872055054,3.8247218132019043,3.2870371341705322,5.181211948394775,6.060595989227295,5.697136402130127,6.237569332122803,4.08884334564209,4.492940425872803,26.743288040161133,6.451690673828125
145,0.0031114877201616764,0.0,0.0,0.0,0.019769659265875816,0.0,0.0,0.06550873816013336,0.0,0.0,0.0,0.0,0.16796252131462097,0.0,0.0,0.0,0.2668590545654297,0.0,0.0,0.4767884910106659,0.15171471238136292,0.0,0.0,0.0,0.2867642343044281,0.0,0.0,0.25477737188339233,0.0,0.0,0.0,0.0,0.17069917917251587,0.0,0.0,0.0,0.10135864466428757,0.0,0.0,0.0346858873963356,0.8961538672447205,0.6796806454658508,0.2637103796005249,0.9023951888084412,0.9977269768714905,0.9779301881790161,0.8068817257881165,0.9999876022338867,0.036739934235811234,0.0033301804214715958,4.998634540243074e-05,0.002933772746473551,0.01767038367688656,8.868761142366566e-06,1.954269457371538e-08,5.3728839702671394e-05,0.06738025695085526,0.010709734633564949,0.0016079444903880358,0.010952981188893318,0.2960680425167084,0.9116073846817017,0.8282023668289185,0.26051753759384155,-0.31140509247779846,2.5774269104003906,0.9260616898536682,3.8036632537841797,3.147932291030884,5.134655475616455,5.842575550079346,5.577988147735596,6.020838260650635,4.057414531707764,4.397556304931641,26.757787704467773,6.764796733856201
146,0.002946216845884919,0.0,0.0,0.0,0.019289052113890648,0.0,0.0,0.0661201998591423,0.0,0.0,0.0,0.0,0.1728457808494568,0.0,0.0,0.0,0.26410195231437683,0.0,0.0,0.4746968150138855,0.14914904534816742,0.0,0.0,0.0,0.2851658761501312,0.0,0.0,0.2588653862476349,0.0,0.0,0.0,0.0,0.1715841293334961,0.0,0.0,0.0,0.10113221406936646,0.0,0.0,0.03410336375236511,0.8903846144676208,0.6803593039512634,0.26373034715652466,0.8996007442474365,0.9956917762756348,0.9779083132743835,0.80536949634552,0.9999808073043823,0.03658366948366165,0.0033715330064296722,5.152669473318383e-05,0.0027359104715287685,0.01765860617160797,8.534726475772914e-06,1.7883433400811555e-08,5.434112244984135e-05,0.06749477237462997,0.010819504968822002,0.001622785348445177,0.010800020769238472,0.2960865795612335,0.9116423726081848,0.8189378976821899,0.26394471526145935,-0.3196982741355896,2.568936824798584,0.9257546663284302,3.756054162979126,3.1349642276763916,4.99625825881958,5.82001256942749,5.55038595199585,5.947737693786621,4.1869916915893555,4.512513160705566,26.784103393554688,6.909708023071289
147,0.002996564144268632,0.0,0.0,0.0,0.01937251351773739,0.0,0.0,0.06465253233909607,0.0,0.0,0.0,0.0,0.15724138915538788,0.0,0.0,0.0,0.2718336582183838,0.0,0.0,0.4839034080505371,0.14981919527053833,0.0,0.0,0.0,0.28495725989341736,0.0,0.0,0.25783827900886536,0.0,0.0,0.0,0.0,0.17234580218791962,0.0,0.0,0.0,0.10008463263511658,0.0,0.0,0.034954845905303955,0.8865384459495544,0.685029923915863,0.26398253440856934,0.8978043794631958,0.9964509010314941,0.9801709055900574,0.8055685758590698,0.9999836683273315,0.03673672676086426,0.0033959425054490566,5.09545934619382e-05,0.002409151056781411,0.017705511301755905,8.322223038703669e-06,1.633903146114335e-08,4.905281093670055e-05,0.06814227253198624,0.010923738591372967,0.0016263187862932682,0.010134179145097733,0.29656678438186646,0.9129753708839417,0.8130002021789551,0.2712942063808441,-0.3256382942199707,2.5587053298950195,0.9294191598892212,3.7028841972351074,3.0381920337677,4.898410320281982,5.68794584274292,5.526876449584961,5.717444896697998,4.295699596405029,4.722364902496338,26.80405044555664,7.058156967163086
148,0.003050709143280983,0.0,0.0,0.0,0.019447384402155876,0.0,0.0,0.06537795811891556,0.0,0.0,0.0,0.0,0.16254742443561554,0.0,0.0,0.0,0.2704807221889496,0.0,0.0,0.4790957272052765,0.1514671891927719,0.0,0.0,0.0,0.287570983171463,0.0,0.0,0.25791919231414795,0.0,0.0,0.0,0.0,0.1711115837097168,0.0,0.0,0.0,0.09819068759679794,0.0,0.0,0.033740345388650894,0.8865384459495544,0.6841916441917419,0.25945818424224854,0.8962075710296631,0.9960777759552002,0.9787406325340271,0.8038845062255859,0.9999861717224121,0.03605753928422928,0.0033661979250609875,5.030864122090861e-05,0.0022453912533819675,0.01751677133142948,7.66005086916266e-06,1.5537604980409014e-08,5.090489503345452e-05,0.06691135466098785,0.01081158872693777,0.0015968875959515572,0.009682653471827507,0.2922961115837097,0.9121209979057312,0.8146069645881653,0.2670700252056122,-0.3570329546928406,2.585792064666748,0.9471969604492188,3.6802854537963867,2.7835466861724854,4.865294933319092,5.508384704589844,5.260895252227783,5.594485759735107,4.305988788604736,4.6174211502075195,26.833229064941406,7.124157905578613
149,0.0029449956491589546,0.0,0.0,0.0,0.019285429269075394,0.0,0.0,0.06539924442768097,0.0,0.0,0.0,0.0,0.15529575943946838,0.0,0.0,0.0,0.2712930738925934,0.0,0.0,0.4857815206050873,0.14926572144031525,0.0,0.0,0.0,0.29171186685562134,0.0,0.0,0.256014347076416,0.0,0.0,0.0,0.0,0.16925056278705597,0.0,0.0,0.0,0.09918574243783951,0.0,0.0,0.03457176312804222,0.8807692527770996,0.6835529208183289,0.25948816537857056,0.890019953250885,0.9965420365333557,0.9774452447891235,0.8044998645782471,0.9999784231185913,0.03584052249789238,0.0033952484373003244,5.08738994540181e-05,0.00191582553088665,0.01741352677345276,7.023731996014249e-06,1.4662409064669646e-08,5.0273087254026905e-05,0.06667909771203995,0.010834941640496254,0.0015933213289827108,0.00965269934386015,0.2922079563140869,0.9123671650886536,0.8003155589103699,0.27200374007225037,-0.3678740859031677,2.5747992992401123,0.9590388536453247,3.5233373641967773,2.8146822452545166,4.812164783477783,5.331165790557861,5.155130386352539,5.481348514556885,4.246432304382324,4.685171127319336,26.863096237182617,7.06358528137207
150,0.002789418213069439,0.0,0.0,0.0,0.01800977997481823,0.0,0.0,0.06467007845640182,0.0,0.0,0.0,0.0,0.15354037284851074,0.0,0.0,0.0,0.27367496490478516,0.0,0.0,0.48731541633605957,0.14884096384048462,0.0,0.0,0.0,0.2886694073677063,0.0,0.0,0.2547101378440857,0.0,0.0,0.0,0.0,0.1719568371772766,0.0,0.0,0.0,0.10160353034734726,0.0,0.0,0.034219104796648026,0.8788461685180664,0.6897405385971069,0.26399752497673035,0.8904191255569458,0.9961251616477966,0.9788802862167358,0.8084446787834167,0.9999809265136719,0.03589542955160141,0.0034186821430921555,5.036163202021271e-05,0.0017944216961041093,0.017379773780703545,6.709261015203083e-06,1.35614559582109e-08,5.1503433496691287e-05,0.06660395860671997,0.010862217284739017,0.0015837601386010647,0.009559321217238903,0.29675930738449097,0.9145275354385376,0.8166723251342773,0.2768334746360779,-0.3849695324897766,2.564817190170288,0.9670178294181824,3.459716558456421,2.8923285007476807,4.82560396194458,5.135615348815918,5.178074836730957,5.572836875915527,4.098763465881348,4.6431884765625,26.888723373413086,6.867454528808594
151,0.002927251160144806,0.0,0.0,0.0,0.018901856616139412,0.0,0.0,0.06669534742832184,0.0,0.0,0.0,0.0,0.16460713744163513,0.0,0.0,0.0,0.2753554582595825,0.0,0.0,0.47151294350624084,0.15081802010536194,0.0,0.0,0.0,0.29339325428009033,0.0,0.0,0.2537916898727417,0.0,0.0,0.0,0.0,0.17248515784740448,0.0,0.0,0.0,0.09717843681573868,0.0,0.0,0.03233344852924347,0.8826923370361328,0.6827545166015625,0.2584843933582306,0.8780438899993896,0.9963747262954712,0.9755123257637024,0.8032479882240295,0.9999596476554871,0.03610691800713539,0.003384202718734741,4.886552051175386e-05,0.0016880265902727842,0.01728176325559616,5.055874225945445e-06,1.2723357478705566e-08,5.199004226597026e-05,0.06570281088352203,0.010704112239181995,0.0015422815922647715,0.009947210550308228,0.2910921573638916,0.9114723801612854,0.801160991191864,0.2645426094532013,-0.39808475971221924,2.612752676010132,0.973840057849884,3.4259870052337646,2.9904537200927734,4.504848957061768,5.000455856323242,5.371495246887207,5.913463592529297,3.862656354904175,4.560891151428223,26.9069766998291,6.728920936584473
152,0.002784440526738763,0.0,0.0,0.0,0.017244471237063408,0.0,0.0,0.0626237615942955,0.0,0.0,0.0,0.0,0.15907247364521027,0.0,0.0,0.0,0.2781933844089508,0.0,0.0,0.4800814390182495,0.1501525342464447,0.0,0.0,0.0,0.29061397910118103,0.0,0.0,0.25546613335609436,0.0,0.0,0.0,0.0,0.17155714333057404,0.0,0.0,0.0,0.0987694188952446,0.0,0.0,0.03344079852104187,0.8865384459495544,0.6868263483047485,0.2599850296974182,0.8730538487434387,0.9971715211868286,0.9788681268692017,0.8142604827880859,0.9999274015426636,0.03642349690198898,0.0034049218520522118,4.957617784384638e-05,0.0016422575572505593,0.01749722845852375,4.834892024518922e-06,1.1729152760153738e-08,4.951222945237532e-05,0.06596218049526215,0.010805554687976837,0.0015370454639196396,0.010506313294172287,0.2926695942878723,0.9173450469970703,0.8078963756561279,0.27350425720214844,-0.3870375156402588,2.59356427192688,0.9793995022773743,3.5543875694274902,2.9178590774536133,4.623476982116699,4.941395282745361,5.458558082580566,5.726335525512695,3.8139874935150146,4.5771894454956055,26.928340911865234,6.3940043449401855
153,0.0026260565500706434,0.0,0.0,0.0,0.01613663323223591,0.0,0.0,0.06462397426366806,0.0,0.0,0.0,0.0,0.166455939412117,0.0,0.0,0.0,0.27459633350372314,0.0,0.0,0.4755610227584839,0.14730562269687653,0.0,0.0,0.0,0.291475385427475,0.0,0.0,0.25880181789398193,0.0,0.0,0.0,0.0,0.1705981194972992,0.0,0.0,0.0,0.09871193766593933,0.0,0.0,0.03310709446668625,0.8903846144676208,0.6852694749832153,0.25859177112579346,0.8718562722206116,0.9951745867729187,0.9792905449867249,0.8117940425872803,0.9999090433120728,0.035828545689582825,0.003359216498211026,4.9911664973478764e-05,0.0016895206645131111,0.017435509711503983,4.7283001549658366e-06,1.1283463940969796e-08,5.165820402908139e-05,0.06543674319982529,0.010737641714513302,0.0015157172456383705,0.010693483054637909,0.29127541184425354,0.9166105389595032,0.8269433975219727,0.2710062563419342,-0.36506718397140503,2.5969650745391846,0.9916799664497375,3.518726110458374,2.856269598007202,4.511825084686279,5.138401031494141,5.440678119659424,5.723291397094727,3.655405044555664,4.454534530639648,26.950429916381836,6.086988925933838
154,0.002220294438302517,0.0,0.0,0.0,0.014795880764722824,0.0,0.0,0.06006636470556259,0.0,0.0,0.0,0.0,0.16437183320522308,0.0,0.0,0.0,0.279289573431015,0.0,0.0,0.4792560040950775,0.1455710232257843,0.0,0.0,0.0,0.2887062728404999,0.0,0.0,0.25674960017204285,0.0,0.0,0.0,0.0,0.17345601320266724,0.0,0.0,0.0,0.09975136071443558,0.0,0.0,0.035765741020441055,0.8980769515037537,0.6898203492164612,0.2649563252925873,0.8744510412216187,0.997753918170929,0.9816786050796509,0.824410617351532,0.9999296069145203,0.036107756197452545,0.003368684556335211,4.9703012336976826e-05,0.0016565639525651932,0.01715647242963314,4.72209467261564e-06,1.0452993137732847e-08,5.042419070377946e-05,0.06546777486801147,0.010792231187224388,0.0015184449730440974,0.010725092142820358,0.2974923551082611,0.9229148030281067,0.8276304006576538,0.28102198243141174,-0.37883150577545166,2.571683645248413,0.9995940327644348,3.5590193271636963,2.7991323471069336,4.522456169128418,5.115662097930908,5.312442302703857,5.418063640594482,3.669306516647339,4.5358452796936035,26.968219757080078,6.020659923553467
155,0.002166218124330044,0.0,0.0,0.0,0.013600802980363369,0.0,0.0,0.055202968418598175,0.0,0.0,0.0,0.0,0.16334879398345947,0.0,0.0,0.0,0.2677467167377472,0.0,0.0,0.497934490442276,0.14497430622577667,0.0,0.0,0.0,0.28326278924942017,0.0,0.0,0.25666895508766174,0.0,0.0,0.0,0.0,0.1751231551170349,0.0,0.0,0.0,0.10095731914043427,0.0,0.0,0.039013467729091644,0.8961538672447205,0.7057484984397888,0.27015480399131775,0.8768462538719177,0.9974620342254639,0.9831606149673462,0.8378735780715942,0.9999536871910095,0.03648471087217331,0.0033942782320082188,5.103863077238202e-05,0.0017120775301009417,0.017257671803236008,5.236257038632175e-06,9.771914832867878e-09,5.223399421083741e-05,0.06611578911542892,0.010964044369757175,0.001531953108496964,0.010684965178370476,0.30327320098876953,0.9290276765823364,0.8436211943626404,0.29016345739364624,-0.3693305253982544,2.5343003273010254,1.001570224761963,3.5512521266937256,2.886662483215332,4.580406188964844,5.207517623901367,5.201199531555176,5.2607502937316895,3.745718240737915,4.55474853515625,26.98691749572754,5.8220038414001465
156,0.0022379716392606497,0.0,0.0,0.0,0.0135946124792099,0.0,0.0,0.054816022515296936,0.0,0.0,0.0,0.0,0.1628204584121704,0.0,0.0,0.0,0.26389080286026,0.0,0.0,0.5026401281356812,0.14607150852680206,0.0,0.0,0.0,0.28244444727897644,0.0,0.0,0.2568139433860779,0.0,0.0,0.0,0.0,0.17437142133712769,0.0,0.0,0.0,0.10012032836675644,0.0,0.0,0.040178343653678894,0.8865384459495544,0.7004790306091309,0.26998502016067505,0.8696606755256653,0.9972063302993774,0.9820981621742249,0.8394993543624878,0.9998713731765747,0.0364779457449913,0.0033980943262577057,5.2134702855255455e-05,0.0018121618777513504,0.017341749742627144,4.445979811862344e-06,8.956204666787926e-09,5.1911167247453704e-05,0.06573602557182312,0.010902677662670612,0.0015219529159367085,0.010718722827732563,0.30271413922309875,0.9293490052223206,0.8429573178291321,0.2907557785511017,-0.36999034881591797,2.536100387573242,1.012960433959961,3.476327896118164,2.8333580493927,4.508967399597168,5.140652179718018,5.086364269256592,5.403997898101807,3.666193962097168,4.431185245513916,27.010143280029297,5.734825134277344
157,0.0024400886613875628,0.0,0.0,0.0,0.01435003150254488,0.0,0.0,0.05662910267710686,0.0,0.0,0.0,0.0,0.16405509412288666,0.0,0.0,0.0,0.2575313448905945,0.0,0.0,0.5049943327903748,0.14897358417510986,0.0,0.0,0.0,0.28400278091430664,0.0,0.0,0.25505486130714417,0.0,0.0,0.0,0.0,0.17380574345588684,0.0,0.0,0.0,0.09731172025203705,0.0,0.0,0.04085133224725723,0.8826923370361328,0.6914970278739929,0.26751312613487244,0.8766466975212097,0.9965401291847229,0.9814102649688721,0.8323466181755066,0.9999414682388306,0.03633422404527664,0.003388764336705208,5.304912701831199e-05,0.001817904645577073,0.01735827699303627,4.498592716117855e-06,8.198749235077685e-09,5.532753129955381e-05,0.06559964269399643,0.01089088711887598,0.0015113787958398461,0.010304763913154602,0.29997217655181885,0.9265783429145813,0.8185303211212158,0.28885021805763245,-0.3676344156265259,2.5442755222320557,1.022729754447937,3.4168784618377686,2.7221994400024414,4.610857009887695,5.03506326675415,4.89039421081543,5.279611110687256,3.636420488357544,4.4571685791015625,27.03369140625,5.788825988769531
158,0.002446223283186555,0.0,0.0,0.0,0.015013360418379307,0.0,0.0,0.060769222676754,0.0,0.0,0.0,0.0,0.17053662240505219,0.0,0.0,0.0,0.2528376281261444,0.0,0.0,0.49839696288108826,0.14722877740859985,0.0,0.0,0.0,0.28420156240463257,0.0,0.0,0.258808970451355,0.0,0.0,0.0,0.0,0.17544545233249664,0.0,0.0,0.0,0.0951860249042511,0.0,0.0,0.039129216223955154,0.8865384459495544,0.6873852610588074,0.2652534544467926,0.8818362951278687,0.9968833327293396,0.9781187772750854,0.8218371868133545,0.9999608397483826,0.03593333810567856,0.00336885335855186,5.3359461162472144e-05,0.001831528847105801,0.017388153821229935,4.98851613883744e-06,7.697358306302249e-09,5.433635305962525e-05,0.06528650969266891,0.010815995745360851,0.0014961850829422474,0.010146990418434143,0.29769882559776306,0.9217686057090759,0.8146287202835083,0.2783869206905365,-0.3966577351093292,2.546018600463867,1.0282431840896606,3.4909658432006836,2.822070837020874,4.613596439361572,5.116207122802734,4.627049446105957,5.202040195465088,3.593534231185913,4.2699408531188965,27.047321319580078,5.824001312255859
159,0.0023260919842869043,0.0,0.0,0.0,0.01405792310833931,0.0,0.0,0.05866624042391777,0.0,0.0,0.0,0.0,0.1630295217037201,0.0,0.0,0.0,0.25273844599723816,0.0,0.0,0.5091817378997803,0.14597691595554352,0.0,0.0,0.0,0.2826007306575775,0.0,0.0,0.25824347138404846,0.0,0.0,0.0,0.0,0.1745072305202484,0.0,0.0,0.0,0.09836120903491974,0.0,0.0,0.04031046852469444,0.8788461685180664,0.6934930086135864,0.26812735199928284,0.8920159339904785,0.9947306513786316,0.9793785214424133,0.8287197351455688,0.9999860525131226,0.03645411878824234,0.00346194114536047,5.5209340644069016e-05,0.001934301108121872,0.017630446702241898,5.442686415335629e-06,6.9992793783058005e-09,5.303135549183935e-05,0.06638392806053162,0.011044840328395367,0.0015313145704567432,0.010200222954154015,0.3008328080177307,0.9249473810195923,0.8201647400856018,0.2926848530769348,-0.3467840552330017,2.5253288745880127,1.018907070159912,3.546734571456909,2.9975409507751465,4.652989387512207,5.1105637550354,4.541274070739746,5.2916083335876465,3.644359827041626,4.278326034545898,27.06087303161621,5.9675774574279785
160,0.002344215288758278,0.0,0.0,0.0,0.013146373443305492,0.0,0.0,0.058056436479091644,0.0,0.0,0.0,0.0,0.15584295988082886,0.0,0.0,0.0,0.254902720451355,0.0,0.0,0.5157073140144348,0.14516475796699524,0.0,0.0,0.0,0.28205350041389465,0.0,0.0,0.25704425573349,0.0,0.0,0.0,0.0,0.1749076396226883,0.0,0.0,0.0,0.09917191416025162,0.0,0.0,0.04165790602564812,0.8942307829856873,0.6991217732429504,0.2703046202659607,0.8846307396888733,0.9967116713523865,0.9799079298973083,0.8311446905136108,0.9999764561653137,0.037245430052280426,0.0035394164733588696,5.5357886594720185e-05,0.0018219841876998544,0.01789318397641182,5.7444121921435e-06,6.43884279227791e-09,5.438294465420768e-05,0.06688114255666733,0.011220311746001244,0.0015426266472786665,0.009950433857738972,0.30311545729637146,0.9264504313468933,0.8334182500839233,0.2987990975379944,-0.338626891374588,2.5071935653686523,1.0069849491119385,3.62958025932312,3.353364944458008,4.5699076652526855,4.907899379730225,4.632035732269287,5.488389492034912,3.656609535217285,4.3035197257995605,27.067344665527344,6.0597381591796875
161,0.0022006016224622726,0.0,0.0,0.0,0.012602300383150578,0.0,0.0,0.05530852451920509,0.0,0.0,0.0,0.0,0.14756153523921967,0.0,0.0,0.0,0.2560228109359741,0.0,0.0,0.5263042449951172,0.143484428524971,0.0,0.0,0.0,0.27719801664352417,0.0,0.0,0.2573952078819275,0.0,0.0,0.0,0.0,0.1777028739452362,0.0,0.0,0.0,0.10170270502567291,0.0,0.0,0.04251676797866821,0.8961538672447205,0.7083832621574402,0.2758801579475403,0.8860279321670532,0.9973800778388977,0.982253909111023,0.8375654816627502,0.9999765753746033,0.03728749603033066,0.003573195543140173,5.6340693845413625e-05,0.0018186327069997787,0.017887834459543228,6.044339443178615e-06,5.875726127868575e-09,4.979177174391225e-05,0.06746681034564972,0.011322814039885998,0.0015445937169715762,0.009620849043130875,0.3088521957397461,0.9298862814903259,0.8396736979484558,0.30857226252555847,-0.3191797733306885,2.474147319793701,1.015457272529602,3.6192703247070312,3.2497446537017822,4.566634654998779,4.681244373321533,4.852344512939453,5.476771831512451,3.6076865196228027,4.2002482414245605,27.079219818115234,5.937335968017578
162,0.0019908391404896975,0.0,0.0,0.0,0.011596163734793663,0.0,0.0,0.05228493735194206,0.0,0.0,0.0,0.0,0.14329522848129272,0.0,0.0,0.0,0.255790650844574,0.0,0.0,0.5350422263145447,0.14282776415348053,0.0,0.0,0.0,0.2749880850315094,0.0,0.0,0.2542216181755066,0.0,0.0,0.0,0.0,0.17930513620376587,0.0,0.0,0.0,0.10557150840759277,0.0,0.0,0.043085869401693344,0.892307698726654,0.7142913937568665,0.28178277611732483,0.8724550604820251,0.9975460767745972,0.983242392539978,0.8470951914787292,0.9999539852142334,0.03808824345469475,0.0036189109086990356,5.551409049076028e-05,0.0017575372476130724,0.018282603472471237,5.019871878175763e-06,5.412886139311013e-09,5.107657489133999e-05,0.06827779114246368,0.011395891197025776,0.0015445675235241652,0.010112905874848366,0.3145170509815216,0.9341257810592651,0.8321435451507568,0.31742337346076965,-0.312186062335968,2.4765114784240723,1.0128872394561768,3.5630874633789062,3.3924880027770996,4.383109092712402,4.726231098175049,4.928102493286133,5.535022258758545,3.7214090824127197,4.186387062072754,27.09207534790039,5.883439064025879
163,0.0018262880621477962,0.0,0.0,0.0,0.011549660935997963,0.0,0.0,0.05122936889529228,0.0,0.0,0.0,0.0,0.1407540738582611,0.0,0.0,0.0,0.256230890750885,0.0,0.0,0.5384097099304199,0.14304976165294647,0.0,0.0,0.0,0.2712218165397644,0.0,0.0,0.25450193881988525,0.0,0.0,0.0,0.0,0.18030457198619843,0.0,0.0,0.0,0.1061459556221962,0.0,0.0,0.04477597400546074,0.8903846144676208,0.7138922214508057,0.2847840189933777,0.8838323354721069,0.9970719218254089,0.9849855899810791,0.8486396074295044,0.9999794960021973,0.0382019467651844,0.0036259484477341175,5.693538696505129e-05,0.001780598540790379,0.018307354301214218,6.257794666453265e-06,4.924891605639914e-09,4.936149707646109e-05,0.06840498745441437,0.011442221701145172,0.0015583694912493229,0.009941279888153076,0.3174121081829071,0.9353923201560974,0.8401638269424438,0.32308968901634216,-0.304226815700531,2.453395366668701,1.0163636207580566,3.563363790512085,3.4156384468078613,4.245560169219971,4.695420265197754,4.964863300323486,5.460709571838379,3.7898736000061035,4.208518981933594,27.109086990356445,5.800299644470215
164,0.00164452800527215,0.0,0.0,0.0,0.010173848830163479,0.0,0.0,0.047530341893434525,0.0,0.0,0.0,0.0,0.14008453488349915,0.0,0.0,0.0,0.26109084486961365,0.0,0.0,0.5394758582115173,0.1411784440279007,0.0,0.0,0.0,0.26966121792793274,0.0,0.0,0.2530752122402191,0.0,0.0,0.0,0.0,0.18147222697734833,0.0,0.0,0.0,0.10982079058885574,0.0,0.0,0.04479213431477547,0.892307698726654,0.7177245616912842,0.2893483340740204,0.8812375068664551,0.9976473450660706,0.9858515858650208,0.8610270023345947,0.9999526739120483,0.03828425332903862,0.003636907087638974,5.688144301529974e-05,0.0018471006769686937,0.018389131873846054,4.853186965192435e-06,4.5426298278528066e-09,5.30908873770386e-05,0.06861171871423721,0.011499150656163692,0.001563284662552178,0.010071883909404278,0.32184746861457825,0.9406490325927734,0.8531526923179626,0.32997092604637146,-0.32023492455482483,2.449022054672241,1.016471028327942,3.5164997577667236,3.409280776977539,4.2683491706848145,4.7375359535217285,5.101618766784668,5.42822790145874,3.734405994415283,4.155223369598389,27.12203598022461,5.827531814575195
165,0.0016292402287945151,0.0,0.0,0.0,0.010531357489526272,0.0,0.0,0.047702521085739136,0.0,0.0,0.0,0.0,0.13708271086215973,0.0,0.0,0.0,0.2604411244392395,0.0,0.0,0.5426130294799805,0.14280450344085693,0.0,0.0,0.0,0.27003002166748047,0.0,0.0,0.24977275729179382,0.0,0.0,0.0,0.0,0.18085144460201263,0.0,0.0,0.0,0.11066967248916626,0.0,0.0,0.04587158188223839,0.892307698726654,0.7144510746002197,0.2906666696071625,0.8814371228218079,0.9971304535865784,0.9856461882591248,0.8597789406776428,0.9999104142189026,0.03826311603188515,0.0036244881339371204,5.73191064177081e-05,0.001860546413809061,0.018598822876811028,4.3971567720291205e-06,4.10841538567297e-09,5.456396684166975e-05,0.06866396963596344,0.011540831997990608,0.0015757782384753227,0.010221041738986969,0.3228844106197357,0.9401348829269409,0.857196569442749,0.3323034644126892,-0.31355106830596924,2.4360296726226807,1.018376350402832,3.7065508365631104,3.313108205795288,4.263805866241455,4.769407272338867,5.073220729827881,5.288296222686768,3.7660410404205322,4.110654830932617,27.131752014160156,5.778231143951416
166,0.0016350345686078072,0.0,0.0,0.0,0.01072722114622593,0.0,0.0,0.04807491600513458,0.0,0.0,0.0,0.0,0.1375589370727539,0.0,0.0,0.0,0.2615186870098114,0.0,0.0,0.5404852032661438,0.1445990353822708,0.0,0.0,0.0,0.2679920792579651,0.0,0.0,0.25046882033348083,0.0,0.0,0.0,0.0,0.18254466354846954,0.0,0.0,0.0,0.10875435173511505,0.0,0.0,0.04564101994037628,0.8999999761581421,0.7096207737922668,0.2902047634124756,0.8810378909111023,0.9977717995643616,0.9850780963897705,0.8586366772651672,0.999908983707428,0.03779985010623932,0.0035775327123701572,5.677233639289625e-05,0.0019061211496591568,0.01829644665122032,4.637385245587211e-06,3.744364818203394e-09,5.4845080740051344e-05,0.06782510876655579,0.011426524259150028,0.0015590121038258076,0.010675618425011635,0.3221791982650757,0.9395609498023987,0.8585619926452637,0.32907694578170776,-0.298600971698761,2.4459049701690674,1.0362269878387451,3.5150468349456787,3.248185873031616,4.17543888092041,4.746862888336182,4.995871067047119,5.156981468200684,3.591097354888916,4.114076137542725,27.131813049316406,5.652749538421631
167,0.0015864777378737926,0.0,0.0,0.0,0.01045373734086752,0.0,0.0,0.046939119696617126,0.0,0.0,0.0,0.0,0.13970701396465302,0.0,0.0,0.0,0.26266610622406006,0.0,0.0,0.5386476516723633,0.14472246170043945,0.0,0.0,0.0,0.2684265673160553,0.0,0.0,0.24834296107292175,0.0,0.0,0.0,0.0,0.1843337118625641,0.0,0.0,0.0,0.10852000117301941,0.0,0.0,0.045654296875,0.8942307829856873,0.7069860100746155,0.2917003929615021,0.8828343152999878,0.997728168964386,0.9839575290679932,0.863288164138794,0.9999435544013977,0.03733453154563904,0.0035574431531131268,5.629164297715761e-05,0.0020643004681915045,0.01822560653090477,4.299916781747015e-06,3.414395655099156e-09,5.551953290705569e-05,0.06781775504350662,0.011429790407419205,0.0015584465581923723,0.010523165576159954,0.32342955470085144,0.9410183429718018,0.8721908330917358,0.3295314908027649,-0.29565560817718506,2.449897289276123,1.0398716926574707,3.536252975463867,3.194885730743408,4.526036739349365,4.7655415534973145,4.839775085449219,5.01133394241333,3.537818431854248,4.030779838562012,27.141019821166992,5.571134090423584
168,0.0016358265420421958,0.0,0.0,0.0,0.010512805543839931,0.0,0.0,0.044626131653785706,0.0,0.0,0.0,0.0,0.1342868059873581,0.0,0.0,0.0,0.26190394163131714,0.0,0.0,0.547034502029419,0.14346711337566376,0.0,0.0,0.0,0.26924020051956177,0.0,0.0,0.24813909828662872,0.0,0.0,0.0,0.0,0.1833145022392273,0.0,0.0,0.0,0.10946670174598694,0.0,0.0,0.04637237265706062,0.8846153616905212,0.705269455909729,0.2920524477958679,0.8914171457290649,0.9968282580375671,0.9850521683692932,0.8682889938354492,0.9999881386756897,0.03692471981048584,0.003528650850057602,5.521380080608651e-05,0.0023352517746388912,0.01830175146460533,3.4911972761619836e-06,3.105651735779702e-09,5.556348696700297e-05,0.06703019142150879,0.011347148567438126,0.0015537855215370655,0.010523887351155281,0.3237450420856476,0.9432234764099121,0.8679267168045044,0.3362276256084442,-0.3130139708518982,2.4543750286102295,1.0586284399032593,3.33772873878479,2.943849802017212,4.506504535675049,4.827245712280273,4.63493537902832,4.911404609680176,3.478320598602295,4.03449010848999,27.143415451049805,5.478128910064697
169,0.0015693951863795519,0.0,0.0,0.0,0.010436958633363247,0.0,0.0,0.04350733757019043,0.0,0.0,0.0,0.0,0.13695445656776428,0.0,0.0,0.0,0.2638092339038849,0.0,0.0,0.5437226295471191,0.14153605699539185,0.0,0.0,0.0,0.27084246277809143,0.0,0.0,0.24740959703922272,0.0,0.0,0.0,0.0,0.1831771731376648,0.0,0.0,0.0,0.1108427494764328,0.0,0.0,0.046191975474357605,0.8942307829856873,0.704910159111023,0.2928689122200012,0.8892215490341187,0.9970647096633911,0.9846377372741699,0.8718965649604797,0.9999879598617554,0.037087827920913696,0.003540568985044956,5.683671042788774e-05,0.002408027183264494,0.0184037983417511,3.071460241699242e-06,2.879261717936288e-09,5.590023647528142e-05,0.06714077293872833,0.011387248523533344,0.0015578153543174267,0.010606495663523674,0.32446879148483276,0.9444847702980042,0.8682264089584351,0.33518683910369873,-0.3347843289375305,2.4526865482330322,1.05308997631073,3.3859808444976807,3.0219216346740723,4.523200035095215,4.948175430297852,4.7167558670043945,4.854769706726074,3.438978433609009,3.9955127239227295,27.153179168701172,5.549187183380127
170,0.0015704372199252248,0.0,0.0,0.0,0.010806083679199219,0.0,0.0,0.04507414251565933,0.0,0.0,0.0,0.0,0.14963677525520325,0.0,0.0,0.0,0.261834055185318,0.0,0.0,0.5310784578323364,0.14292530715465546,0.0,0.0,0.0,0.27057406306266785,0.0,0.0,0.24978819489479065,0.0,0.0,0.0,0.0,0.18445807695388794,0.0,0.0,0.0,0.1078488677740097,0.0,0.0,0.0444054938852787,0.8961538672447205,0.701756477355957,0.28922098875045776,0.8842315077781677,0.9969989657402039,0.9818687438964844,0.8692814707756042,0.9999595880508423,0.03670084848999977,0.0034917956218123436,5.621693708235398e-05,0.002472196239978075,0.018389185890555382,3.2989428291330114e-06,2.6605817549096855e-09,5.951351340627298e-05,0.06615263223648071,0.011224888265132904,0.0015433209482580423,0.010528269223868847,0.3208406865596771,0.9425472617149353,0.8686190843582153,0.32584139704704285,-0.3652910888195038,2.4539682865142822,1.062996506690979,3.3118138313293457,2.9043145179748535,4.400723934173584,4.91333532333374,4.634553909301758,4.829443454742432,3.389435291290283,4.041240692138672,27.157703399658203,5.567615032196045
171,0.0015266276895999908,0.0,0.0,0.0,0.009631005115807056,0.0,0.0,0.04429638385772705,0.0,0.0,0.0,0.0,0.1459648162126541,0.0,0.0,0.0,0.26448220014572144,0.0,0.0,0.5340989232063293,0.14364783465862274,0.0,0.0,0.0,0.26741066575050354,0.0,0.0,0.2480008900165558,0.0,0.0,0.0,0.0,0.18476562201976776,0.0,0.0,0.0,0.11002439260482788,0.0,0.0,0.046150583773851395,0.8903846144676208,0.7054690718650818,0.2929363548755646,0.8852295279502869,0.9970653057098389,0.9824163913726807,0.8742915987968445,0.999983549118042,0.036543622612953186,0.003499164478853345,5.6217617384390905e-05,0.0021845796145498753,0.018165798857808113,2.582367187642376e-06,2.439730861780731e-09,6.13613665336743e-05,0.06611105054616928,0.011213686317205429,0.0015424846205860376,0.010816937312483788,0.32451286911964417,0.9445446133613586,0.8894621729850769,0.3309424817562103,-0.37012165784835815,2.4461467266082764,1.0706360340118408,3.187408685684204,2.9119393825531006,4.260504722595215,4.867969512939453,4.486589431762695,4.858292579650879,3.3385162353515625,4.201298713684082,27.167400360107422,5.539898872375488
172,0.0015303627587854862,0.0,0.0,0.0,0.0100723747164011,0.0,0.0,0.04386095330119133,0.0,0.0,0.0,0.0,0.13598601520061493,0.0,0.0,0.0,0.26546552777290344,0.0,0.0,0.5430847406387329,0.14398998022079468,0.0,0.0,0.0,0.2679697871208191,0.0,0.0,0.24625159800052643,0.0,0.0,0.0,0.0,0.18299292027950287,0.0,0.0,0.0,0.11171649396419525,0.0,0.0,0.04707923159003258,0.8942307829856873,0.7042714357376099,0.29354557394981384,0.8796406984329224,0.9961175322532654,0.9817158579826355,0.8751820921897888,0.9999778270721436,0.03644870966672897,0.003509374801069498,5.637029607896693e-05,0.002107445616275072,0.018020842224359512,3.6045448723598383e-06,2.2697832502416304e-09,6.020131695549935e-05,0.06554092466831207,0.011221651919186115,0.0015420973068103194,0.010777679271996021,0.3249489665031433,0.9445346593856812,0.8849112391471863,0.33900630474090576,-0.36644303798675537,2.423496723175049,1.078372836112976,3.0173840522766113,2.8574323654174805,4.288515090942383,4.792635917663574,4.4584431648254395,4.7349066734313965,3.3405418395996094,4.106475830078125,27.172563552856445,5.75107479095459
173,0.001591408858075738,0.0,0.0,0.0,0.010403363034129143,0.0,0.0,0.04493686929345131,0.0,0.0,0.0,0.0,0.1378365010023117,0.0,0.0,0.0,0.26853248476982117,0.0,0.0,0.5366993546485901,0.1433153599500656,0.0,0.0,0.0,0.2702806293964386,0.0,0.0,0.24709543585777283,0.0,0.0,0.0,0.0,0.18462657928466797,0.0,0.0,0.0,0.1091250628232956,0.0,0.0,0.0455569252371788,0.8903846144676208,0.7011576890945435,0.2908090054988861,0.8786426782608032,0.9966034293174744,0.9803010821342468,0.8728739619255066,0.9999843239784241,0.03625136613845825,0.0035051731392741203,5.55460064788349e-05,0.0020333139691501856,0.017623499035835266,3.4443028198438697e-06,2.0681378831710617e-09,6.291882164077833e-05,0.0647631287574768,0.01114547811448574,0.0015344948042184114,0.010644054040312767,0.32220935821533203,0.9430667161941528,0.8797818422317505,0.33391159772872925,-0.39261898398399353,2.43768572807312,1.0831854343414307,3.01202392578125,2.7635109424591064,4.325847148895264,4.500683307647705,4.536365985870361,4.820584297180176,3.3803958892822266,3.962472438812256,27.17966651916504,5.859422206878662
174,0.0015934170223772526,0.0,0.0,0.0,0.009926358237862587,0.0,0.0,0.04425286874175072,0.0,0.0,0.0,0.0,0.13433486223220825,0.0,0.0,0.0,0.27043089270591736,0.0,0.0,0.539461612701416,0.14450901746749878,0.0,0.0,0.0,0.26797500252723694,0.0,0.0,0.2453058958053589,0.0,0.0,0.0,0.0,0.18433336913585663,0.0,0.0,0.0,0.11156047880649567,0.0,0.0,0.0463162437081337,0.8884615302085876,0.7026746273040771,0.293385773897171,0.8760478496551514,0.9964610934257507,0.9807573556900024,0.8756101727485657,0.9999741315841675,0.03626956790685654,0.0035245846956968307,5.7122757425531745e-05,0.0017245810013264418,0.017486687749624252,3.7887023154326016e-06,1.939670868367216e-09,6.198287883307785e-05,0.06473848223686218,0.011247079819440842,0.0015494488179683685,0.010816659778356552,0.3246590197086334,0.9442258477210999,0.8887325525283813,0.33903899788856506,-0.3712775707244873,2.408109426498413,1.0781054496765137,3.170208215713501,2.705720901489258,4.243349075317383,4.46857213973999,4.694055557250977,4.7999982833862305,3.4716203212738037,4.055809497833252,27.185789108276367,5.763172626495361
175,0.001657938933931291,0.0,0.0,0.0,0.00975901447236538,0.0,0.0,0.043016284704208374,0.0,0.0,0.0,0.0,0.13084951043128967,0.0,0.0,0.0,0.2703980803489685,0.0,0.0,0.544319212436676,0.1450870931148529,0.0,0.0,0.0,0.26863744854927063,0.0,0.0,0.24488511681556702,0.0,0.0,0.0,0.0,0.18279412388801575,0.0,0.0,0.0,0.1106361597776413,0.0,0.0,0.04796004667878151,0.8942307829856873,0.7100199460983276,0.2916754186153412,0.8740518689155579,0.9981577396392822,0.9814988374710083,0.877985417842865,0.9999627470970154,0.03634165972471237,0.0035121527034789324,5.790597424493171e-05,0.0015388152096420527,0.01729271374642849,4.128326963837026e-06,1.7762240567265053e-09,6.022109664627351e-05,0.06431438773870468,0.011249560862779617,0.0015532872639596462,0.010909619741141796,0.3234805762767792,0.9455651044845581,0.8823442459106445,0.34601834416389465,-0.331522136926651,2.393656015396118,1.0845690965652466,3.039269208908081,2.5902605056762695,4.176102638244629,4.505869388580322,4.873913288116455,4.580424785614014,3.531585693359375,4.141627311706543,27.188434600830078,5.651699066162109
176,0.0016868128441274166,0.0,0.0,0.0,0.010100447572767735,0.0,0.0,0.04313726723194122,0.0,0.0,0.0,0.0,0.12811847031116486,0.0,0.0,0.0,0.26455721259117126,0.0,0.0,0.5523998141288757,0.14486782252788544,0.0,0.0,0.0,0.2691480815410614,0.0,0.0,0.2452881932258606,0.0,0.0,0.0,0.0,0.1815842092037201,0.0,0.0,0.0,0.10995796322822571,0.0,0.0,0.04915372654795647,0.8999999761581421,0.7054690718650818,0.2908439636230469,0.8720558881759644,0.9984204173088074,0.9812365174293518,0.876602828502655,0.9999372363090515,0.03633513301610947,0.003502464620396495,5.8808585890801623e-05,0.0014301140327006578,0.017416611313819885,4.073204308951972e-06,1.6091988852551253e-09,5.980646164971404e-05,0.06427840143442154,0.011259546503424644,0.0015658042393624783,0.010867769829928875,0.3224273920059204,0.9450738430023193,0.8683491349220276,0.348897784948349,-0.35244661569595337,2.3762261867523193,1.088030457496643,2.964125633239746,2.81484317779541,4.113412857055664,4.475001335144043,4.896201133728027,4.40938138961792,3.6433064937591553,4.052953243255615,27.18500518798828,5.502354621887207
177,0.0014370320132002234,0.0,0.0,0.0,0.010460525751113892,0.0,0.0,0.04354654997587204,0.0,0.0,0.0,0.0,0.13400234282016754,0.0,0.0,0.0,0.26931867003440857,0.0,0.0,0.5412348508834839,0.14242619276046753,0.0,0.0,0.0,0.27197572588920593,0.0,0.0,0.24614877998828888,0.0,0.0,0.0,0.0,0.1837267130613327,0.0,0.0,0.0,0.10856545716524124,0.0,0.0,0.04715711995959282,0.8903846144676208,0.7020758390426636,0.28939327597618103,0.8664670586585999,0.9976804852485657,0.9813304543495178,0.8752657771110535,0.9999278783798218,0.03619157150387764,0.0034976298920810223,5.94536577409599e-05,0.0013113424647599459,0.01720057614147663,4.367886504041962e-06,1.460316312318355e-09,5.91389398323372e-05,0.06371024250984192,0.01123367715626955,0.0015699652722105384,0.010682136751711369,0.3208059072494507,0.9445542693138123,0.8813440799713135,0.3393228054046631,-0.3777353763580322,2.365906000137329,1.0870602130889893,3.118377208709717,3.169264793395996,4.017531871795654,4.391171455383301,4.7653489112854,4.339081764221191,3.5828323364257812,4.002877712249756,27.191356658935547,5.465134143829346
178,0.0014647082425653934,0.0,0.0,0.0,0.01103733479976654,0.0,0.0,0.04645124450325966,0.0,0.0,0.0,0.0,0.1378120630979538,0.0,0.0,0.0,0.27744248509407043,0.0,0.0,0.525792121887207,0.1433887630701065,0.0,0.0,0.0,0.2746574282646179,0.0,0.0,0.2486499845981598,0.0,0.0,0.0,0.0,0.18137620389461517,0.0,0.0,0.0,0.10738241672515869,0.0,0.0,0.04454521834850311,0.892307698726654,0.6978842616081238,0.2830861508846283,0.8544909954071045,0.9979122877120972,0.9806220531463623,0.8667317628860474,0.9998840689659119,0.03592204675078392,0.0034779401030391455,5.816476186737418e-05,0.0012891783844679594,0.017347756773233414,4.706035269919084e-06,1.3594889658463671e-09,5.528178735403344e-05,0.06355717778205872,0.01119605265557766,0.0015691013541072607,0.010810349136590958,0.3145657479763031,0.9410449862480164,0.875259280204773,0.32759732007980347,-0.3726915717124939,2.383232593536377,1.0873117446899414,3.1181657314300537,3.1891977787017822,3.955281972885132,4.4246087074279785,4.819769859313965,4.294712066650391,3.784280776977539,3.9157023429870605,27.191431045532227,5.314466953277588
179,0.0014538138639181852,0.0,0.0,0.0,0.010801161639392376,0.0,0.0,0.0450344979763031,0.0,0.0,0.0,0.0,0.13675090670585632,0.0,0.0,0.0,0.27772942185401917,0.0,0.0,0.5282301306724548,0.1422649323940277,0.0,0.0,0.0,0.272708922624588,0.0,0.0,0.24740047752857208,0.0,0.0,0.0,0.0,0.18215878307819366,0.0,0.0,0.0,0.10986441373825073,0.0,0.0,0.0456024706363678,0.8999999761581421,0.7077046036720276,0.28640201687812805,0.84890216588974,0.9985343813896179,0.9809277057647705,0.8702471256256104,0.999890923500061,0.03621436655521393,0.003494450356811285,5.890108150197193e-05,0.0013341648736968637,0.017267441377043724,4.946613898937358e-06,1.2497549661816265e-09,5.474713179864921e-05,0.06409388035535812,0.011254244484007359,0.001576865091919899,0.010224907658994198,0.31816136837005615,0.9427087903022766,0.8828118443489075,0.3331131339073181,-0.3883060812950134,2.3686728477478027,1.0864267349243164,3.192262887954712,3.0473480224609375,4.186487197875977,4.321081161499023,4.814449787139893,4.297348499298096,3.8784360885620117,3.8647563457489014,27.189868927001953,5.245269298553467
180,0.0016035012667998672,0.0,0.0,0.0,0.011486902832984924,0.0,0.0,0.04876573756337166,0.0,0.0,0.0,0.0,0.1444571614265442,0.0,0.0,0.0,0.2803753912448883,0.0,0.0,0.5133112668991089,0.14532895386219025,0.0,0.0,0.0,0.2716789245605469,0.0,0.0,0.24836871027946472,0.0,0.0,0.0,0.0,0.18427546322345734,0.0,0.0,0.0,0.10752134025096893,0.0,0.0,0.042826611548662186,0.8961538672447205,0.6995209455490112,0.28336581587791443,0.8514969944953918,0.9985865950584412,0.9792409539222717,0.8600112199783325,0.9999325275421143,0.03598504513502121,0.0034330396447330713,5.8737768995342776e-05,0.0014584721066057682,0.0171271413564682,4.874172645941144e-06,1.1353554763005036e-09,5.759891064371914e-05,0.06379079818725586,0.011144673451781273,0.0015651078429073095,0.00989864394068718,0.3148905336856842,0.9381421208381653,0.882715106010437,0.3189592659473419,-0.39554500579833984,2.386903762817383,1.0868220329284668,3.1766819953918457,2.958326578140259,4.330946922302246,4.429510593414307,4.753927707672119,4.333345890045166,3.762150287628174,3.80452299118042,27.192203521728516,5.309116363525391
181,0.0014832174638286233,0.0,0.0,0.0,0.011965405195951462,0.0,0.0,0.04651645943522453,0.0,0.0,0.0,0.0,0.1395096778869629,0.0,0.0,0.0,0.273654580116272,0.0,0.0,0.5268707275390625,0.14242079854011536,0.0,0.0,0.0,0.2713671922683716,0.0,0.0,0.24803081154823303,0.0,0.0,0.0,0.0,0.1835452765226364,0.0,0.0,0.0,0.10931134223937988,0.0,0.0,0.045324575155973434,0.8961538672447205,0.7039520740509033,0.28623470664024353,0.8429141640663147,0.9986370801925659,0.9787541031837463,0.8651005625724792,0.9999144077301025,0.03645811975002289,0.0034930428955703974,5.95312230871059e-05,0.0015597882447764277,0.01707611232995987,4.495617758948356e-06,1.0676497463890655e-09,5.568581400439143e-05,0.06413067132234573,0.011245098896324635,0.0015797900268808007,0.009753426536917686,0.3177136778831482,0.9400331377983093,0.8653024435043335,0.32983237504959106,-0.3331615924835205,2.361186981201172,1.0870693922042847,3.1524159908294678,2.88767147064209,4.2885355949401855,4.425545692443848,4.689074993133545,4.268491268157959,3.837567090988159,3.8513619899749756,27.19700050354004,5.475606918334961
182,0.0013554200995713472,0.0,0.0,0.0,0.010218612849712372,0.0,0.0,0.04075174033641815,0.0,0.0,0.0,0.0,0.12344422936439514,0.0,0.0,0.0,0.269628643989563,0.0,0.0,0.5546013116836548,0.14120060205459595,0.0,0.0,0.0,0.26725587248802185,0.0,0.0,0.24388855695724487,0.0,0.0,0.0,0.0,0.18222136795520782,0.0,0.0,0.0,0.11530042439699173,0.0,0.0,0.050133198499679565,0.9038461446762085,0.7148103713989258,0.2941223680973053,0.8740518689155579,0.999104380607605,0.9832741022109985,0.8806828260421753,0.999971866607666,0.03740004450082779,0.0035938266664743423,6.022481102263555e-05,0.0016346480697393417,0.017953770235180855,3.882425517076626e-06,1.0080785095567535e-09,5.931282794335857e-05,0.06644631922245026,0.011502726934850216,0.001608178485184908,0.00984690710902214,0.32604390382766724,0.9476726651191711,0.8736836910247803,0.3564769923686981,-0.2579125761985779,2.331537961959839,1.0759974718093872,3.2853195667266846,2.8800055980682373,4.408901691436768,4.290575981140137,4.618443489074707,4.445609092712402,3.6544582843780518,4.193643569946289,27.19950294494629,5.619652271270752
183,0.0013654343783855438,0.0,0.0,0.0,0.009509174153208733,0.0,0.0,0.039182424545288086,0.0,0.0,0.0,0.0,0.11599908024072647,0.0,0.0,0.0,0.26297733187675476,0.0,0.0,0.5709664821624756,0.14103084802627563,0.0,0.0,0.0,0.2662520110607147,0.0,0.0,0.2413158267736435,0.0,0.0,0.0,0.0,0.18189814686775208,0.0,0.0,0.0,0.11701399832963943,0.0,0.0,0.052489157766103745,0.9076923131942749,0.7154490947723389,0.29718104004859924,0.8768462538719177,0.9991164207458496,0.9844038486480713,0.8852776885032654,0.9999731183052063,0.037801094353199005,0.0036116582341492176,6.0765582020394504e-05,0.0018119814340025187,0.018173540011048317,3.5668572309077717e-06,9.627854069549358e-10,5.58778629056178e-05,0.06733092665672302,0.011590457521378994,0.0016139644430950284,0.009865792468190193,0.3289598226547241,0.9499415755271912,0.8743966221809387,0.3705241084098816,-0.21156045794487,2.3088977336883545,1.0794180631637573,3.0943524837493896,2.9761674404144287,4.386157512664795,4.301720142364502,4.577421188354492,4.612220287322998,3.533007860183716,4.129430770874023,27.2009334564209,5.654365539550781
184,0.0011187635827809572,0.0,0.0,0.0,0.0077246492728590965,0.0,0.0,0.03537175804376602,0.0,0.0,0.0,0.0,0.112539142370224,0.0,0.0,0.0,0.26033878326416016,0.0,0.0,0.5829069018363953,0.1391867697238922,0.0,0.0,0.0,0.26129481196403503,0.0,0.0,0.2391098141670227,0.0,0.0,0.0,0.0,0.18436600267887115,0.0,0.0,0.0,0.12060122936964035,0.0,0.0,0.05544136464595795,0.9134615659713745,0.7259081602096558,0.30487892031669617,0.8830339312553406,0.9992014765739441,0.9862257242202759,0.8985494375228882,0.9999848008155823,0.03855358064174652,0.0036804568953812122,6.02024701947812e-05,0.0017761277267709374,0.018476452678442,4.159891886956757e-06,8.765891346129706e-10,5.567339394474402e-05,0.068994902074337,0.011747581884264946,0.0016282539581879973,0.010378103703260422,0.3367982804775238,0.9557833075523376,0.8988590240478516,0.38581985235214233,-0.20452958345413208,2.2946951389312744,1.071783423423767,3.084404945373535,3.2019712924957275,4.291247844696045,4.3525519371032715,4.611396789550781,4.535577774047852,3.498257637023926,4.358218193054199,27.205053329467773,5.667583465576172
185,0.0010264237644150853,0.0,0.0,0.0,0.007079955190420151,0.0,0.0,0.03321021795272827,0.0,0.0,0.0,0.0,0.10748740285634995,0.0,0.0,0.0,0.25582098960876465,0.0,0.0,0.5953750014305115,0.13734818994998932,0.0,0.0,0.0,0.2566896975040436,0.0,0.0,0.23844674229621887,0.0,0.0,0.0,0.0,0.18580704927444458,0.0,0.0,0.0,0.12409687042236328,0.0,0.0,0.05761142820119858,0.9134615659713745,0.7344910502433777,0.3107340931892395,0.8872255086898804,0.9992266893386841,0.9872497320175171,0.9051596522331238,0.9999876618385315,0.03851649910211563,0.0036815963685512543,6.052121170796454e-05,0.0019474925938993692,0.018674159422516823,5.15038527737488e-06,8.703655018926781e-10,5.7013665355043486e-05,0.06908491253852844,0.011803954839706421,0.0016383103793486953,0.010682091116905212,0.3427855670452118,0.9586820602416992,0.8958257436752319,0.3995335102081299,-0.17563077807426453,2.275242328643799,1.0764963626861572,3.174938917160034,3.1537814140319824,4.145308494567871,4.53485107421875,4.496101379394531,4.554690837860107,3.5508854389190674,4.173953056335449,27.208965301513672,5.582958221435547
186,0.0010366110363975167,0.0,0.0,0.0,0.006897119805216789,0.0,0.0,0.0324300117790699,0.0,0.0,0.0,0.0,0.1105717197060585,0.0,0.0,0.0,0.2615779936313629,0.0,0.0,0.5874865055084229,0.13967135548591614,0.0,0.0,0.0,0.2543310225009918,0.0,0.0,0.2374405711889267,0.0,0.0,0.0,0.0,0.1842498779296875,0.0,0.0,0.0,0.12683282792568207,0.0,0.0,0.05747435614466667,0.9134615659713745,0.7427545189857483,0.31055182218551636,0.8866267204284668,0.9993705749511719,0.9892019629478455,0.9062502384185791,0.9999871253967285,0.038474321365356445,0.0036555957049131393,6.07161782681942e-05,0.002181018004193902,0.018856100738048553,4.20700143877184e-06,8.158655973034001e-10,5.7972032664110884e-05,0.0687887966632843,0.011736681684851646,0.0016330082435160875,0.010865963995456696,0.3430894613265991,0.9596351385116577,0.8903267979621887,0.39863815903663635,-0.2166423797607422,2.274099588394165,1.0854796171188354,2.962846279144287,3.2049412727355957,4.1389265060424805,4.439033031463623,4.4955525398254395,4.443412780761719,3.620835065841675,4.114015579223633,27.207124710083008,5.535455226898193
187,0.0011340550845488906,0.0,0.0,0.0,0.00791549775749445,0.0,0.0,0.03641273081302643,0.0,0.0,0.0,0.0,0.12126842886209488,0.0,0.0,0.0,0.26796087622642517,0.0,0.0,0.5653084516525269,0.14182230830192566,0.0,0.0,0.0,0.25654715299606323,0.0,0.0,0.24095585942268372,0.0,0.0,0.0,0.0,0.1844986081123352,0.0,0.0,0.0,0.12333449721336365,0.0,0.0,0.052841588854789734,0.9115384817123413,0.7322555184364319,0.3025243580341339,0.8912175297737122,0.9993435144424438,0.9866908192634583,0.8954882025718689,0.9999896287918091,0.03738909214735031,0.003558441298082471,5.888642044737935e-05,0.0023970631882548332,0.018525302410125732,3.847721018246375e-06,8.183789201865466e-10,5.569339555222541e-05,0.06716589629650116,0.011478880420327187,0.001593089778907597,0.01074882224202156,0.33507239818573,0.9545363783836365,0.8920923471450806,0.3759792447090149,-0.2608031928539276,2.322256326675415,1.1013013124465942,2.850032091140747,3.166041612625122,4.135224342346191,4.364323139190674,4.406760215759277,4.499453544616699,3.3761470317840576,3.9992568492889404,27.209842681884766,5.47052526473999
188,0.001090007252059877,0.0,0.0,0.0,0.007786058820784092,0.0,0.0,0.03646552190184593,0.0,0.0,0.0,0.0,0.12001756578683853,0.0,0.0,0.0,0.2709897458553314,0.0,0.0,0.5636511445045471,0.1399611234664917,0.0,0.0,0.0,0.2538226246833801,0.0,0.0,0.2436314821243286,0.0,0.0,0.0,0.0,0.18493923544883728,0.0,0.0,0.0,0.1246231198310852,0.0,0.0,0.053022436797618866,0.9076923131942749,0.7286626696586609,0.303940087556839,0.8898203372955322,0.9990844130516052,0.986316978931427,0.8962758183479309,0.9999921321868896,0.03751831501722336,0.003548683598637581,6.047835267963819e-05,0.002622389467433095,0.018409110605716705,3.5913569718104554e-06,8.297741382889967e-10,6.158840551506728e-05,0.06682231277227402,0.011533007957041264,0.001612253487110138,0.010500903241336346,0.33615803718566895,0.954656720161438,0.8945392370223999,0.3758369982242584,-0.26879608631134033,2.302288055419922,1.0948715209960938,2.9172565937042236,3.322831869125366,4.1822919845581055,4.401497840881348,4.394258975982666,4.497175216674805,3.4692137241363525,3.9384586811065674,27.211551666259766,5.398617267608643
189,0.0010446748929098248,0.0,0.0,0.0,0.008732076734304428,0.0,0.0,0.037393439561128616,0.0,0.0,0.0,0.0,0.12084466964006424,0.0,0.0,0.0,0.2711198925971985,0.0,0.0,0.5608651638031006,0.1396699994802475,0.0,0.0,0.0,0.2573685348033905,0.0,0.0,0.24663355946540833,0.0,0.0,0.0,0.0,0.1813686341047287,0.0,0.0,0.0,0.12233004719018936,0.0,0.0,0.05262920260429382,0.9057692289352417,0.7201995849609375,0.2974831461906433,0.8874251246452332,0.9990870356559753,0.9856722950935364,0.8921208381652832,0.9999817609786987,0.037830084562301636,0.0035090576857328415,5.964241427136585e-05,0.002191818319261074,0.018010953441262245,4.22287848778069e-06,8.387065486559209e-10,5.834833064000122e-05,0.06714803725481033,0.011456231586635113,0.0016022706404328346,0.010416906327009201,0.32963719964027405,0.9528283476829529,0.8805946111679077,0.3696705400943756,-0.25234752893447876,2.30900502204895,1.09310781955719,2.922055959701538,3.1590240001678467,4.173381328582764,4.417552947998047,4.885092735290527,4.1979660987854,3.276350259780884,4.176117897033691,27.19915199279785,5.426932334899902
190,0.001072175451554358,0.0,0.0,0.0,0.008637111634016037,0.0,0.0,0.036215391010046005,0.0,0.0,0.0,0.0,0.1149558573961258,0.0,0.0,0.0,0.2726599872112274,0.0,0.0,0.5664595365524292,0.14129924774169922,0.0,0.0,0.0,0.25465673208236694,0.0,0.0,0.24454043805599213,0.0,0.0,0.0,0.0,0.1798623502254486,0.0,0.0,0.0,0.1256021112203598,0.0,0.0,0.054039113223552704,0.9096153974533081,0.7214770317077637,0.30009737610816956,0.8656686544418335,0.998989999294281,0.9855919480323792,0.8955521583557129,0.9999589920043945,0.037695031613111496,0.003523975843563676,6.0432605096139014e-05,0.0019656172953546047,0.018061501905322075,5.08428138346062e-06,8.640566040440945e-10,6.030668373568915e-05,0.0672764778137207,0.01151682436466217,0.001620129682123661,0.010435935109853745,0.3318920135498047,0.9540737867355347,0.8781142234802246,0.3800767660140991,-0.24895983934402466,2.2877347469329834,1.0910828113555908,2.907238245010376,2.9859254360198975,4.208662986755371,4.529967784881592,5.055871963500977,4.245357990264893,3.3940210342407227,4.205724716186523,27.2025146484375,5.200616836547852
191,0.0012784777209162712,0.0,0.0,0.0,0.009000678546726704,0.0,0.0,0.035575978457927704,0.0,0.0,0.0,0.0,0.10595457255840302,0.0,0.0,0.0,0.26246997714042664,0.0,0.0,0.5857203602790833,0.14383412897586823,0.0,0.0,0.0,0.2552538514137268,0.0,0.0,0.24372635781764984,0.0,0.0,0.0,0.0,0.17531438171863556,0.0,0.0,0.0,0.12360690534114838,0.0,0.0,0.05826438218355179,0.9057692289352417,0.7233533263206482,0.2969912588596344,0.8614770174026489,0.998921275138855,0.9843229055404663,0.8970299959182739,0.9999344348907471,0.037451308220624924,0.0035358048044145107,6.07842011959292e-05,0.0016381083987653255,0.01791911944746971,5.090851118438877e-06,7.893934950153891e-10,5.8737146900966763e-05,0.06699354201555252,0.011481896042823792,0.0016193382907658815,0.010314235463738441,0.329061895608902,0.9541435837745667,0.8780461549758911,0.3889164626598358,-0.22030696272850037,2.2679312229156494,1.1019090414047241,2.854188919067383,2.8675150871276855,4.26303243637085,4.474782943725586,5.181269645690918,4.177134037017822,3.255647897720337,4.087493419647217,27.207685470581055,5.127480983734131
192,0.0012208553962409496,0.0,0.0,0.0,0.008452831767499447,0.0,0.0,0.03585707023739815,0.0,0.0,0.0,0.0,0.1083623394370079,0.0,0.0,0.0,0.2678167521953583,0.0,0.0,0.5782902240753174,0.14480774104595184,0.0,0.0,0.0,0.2520626485347748,0.0,0.0,0.24426889419555664,0.0,0.0,0.0,0.0,0.17801950871944427,0.0,0.0,0.0,0.12256729602813721,0.0,0.0,0.05827391520142555,0.9057692289352417,0.7198403477668762,0.29812484979629517,0.8550897836685181,0.9989556670188904,0.9848262071609497,0.8976135849952698,0.9999100565910339,0.03758474439382553,0.0035459990613162518,6.12045987509191e-05,0.0017597046680748463,0.017981329932808876,4.820773938263301e-06,7.222935582973378e-10,6.050524825695902e-05,0.06685275584459305,0.011502033099532127,0.0016233822098001838,0.009937750175595284,0.3298366963863373,0.9544678926467896,0.8847566843032837,0.38827601075172424,-0.2328372597694397,2.264373540878296,1.0993283987045288,3.076429843902588,2.8065547943115234,4.3827900886535645,4.41215181350708,5.1412763595581055,4.118943214416504,3.3460724353790283,3.9530134201049805,27.207239151000977,5.139383792877197
193,0.0012789128813892603,0.0,0.0,0.0,0.008279148489236832,0.0,0.0,0.036738380789756775,0.0,0.0,0.0,0.0,0.1172240674495697,0.0,0.0,0.0,0.2660766839981079,0.0,0.0,0.5704028010368347,0.1450977623462677,0.0,0.0,0.0,0.25132113695144653,0.0,0.0,0.24409876763820648,0.0,0.0,0.0,0.0,0.18153853714466095,0.0,0.0,0.0,0.12132841348648071,0.0,0.0,0.05661537125706673,0.8999999761581421,0.7210778594017029,0.2978776693344116,0.852694571018219,0.998694658279419,0.9833685159683228,0.8971903324127197,0.999930739402771,0.037016332149505615,0.003526661079376936,6.169034168124199e-05,0.001799129182472825,0.017844583839178085,4.468919087230461e-06,6.690422105215532e-10,6.307388684945181e-05,0.06551967561244965,0.011346910148859024,0.00161008071154356,0.009710898622870445,0.32964417338371277,0.9537019729614258,0.8884557485580444,0.380207359790802,-0.2805376648902893,2.255725860595703,1.1100672483444214,3.0501418113708496,2.7803947925567627,4.391567707061768,4.213998794555664,4.80484676361084,4.12711763381958,3.4758856296539307,3.842332124710083,27.204605102539062,5.179471492767334
194,0.0013032782590016723,0.0,0.0,0.0,0.008757948875427246,0.0,0.0,0.034721385687589645,0.0,0.0,0.0,0.0,0.11192456632852554,0.0,0.0,0.0,0.2701113522052765,0.0,0.0,0.5731815695762634,0.14459127187728882,0.0,0.0,0.0,0.2512292265892029,0.0,0.0,0.2411976009607315,0.0,0.0,0.0,0.0,0.18389108777046204,0.0,0.0,0.0,0.12186289578676224,0.0,0.0,0.05722791329026222,0.8980769515037537,0.7241916060447693,0.30021223425865173,0.8582834005355835,0.998124897480011,0.9841474890708923,0.9008893966674805,0.9999600052833557,0.0370476096868515,0.0035483825486153364,6.552635750267655e-05,0.0018366036238148808,0.01784663274884224,4.7827124944888055e-06,6.150140396954384e-10,6.099737947806716e-05,0.06524066627025604,0.011404651217162609,0.0016289104241877794,0.009900685399770737,0.3320567011833191,0.9552161693572998,0.8809095025062561,0.38802608847618103,-0.2834365963935852,2.234807252883911,1.1110467910766602,3.0197479724884033,2.617588758468628,4.466219902038574,4.2296833992004395,4.678093433380127,3.9934539794921875,3.5163064002990723,3.8609604835510254,27.205507278442383,5.499481201171875
195,0.0013200691901147366,0.0,0.0,0.0,0.008947689086198807,0.0,0.0,0.03660820797085762,0.0,0.0,0.0,0.0,0.11443439871072769,0.0,0.0,0.0,0.26562008261680603,0.0,0.0,0.5730695128440857,0.1451570689678192,0.0,0.0,0.0,0.25331053137779236,0.0,0.0,0.24123020470142365,0.0,0.0,0.0,0.0,0.18492908775806427,0.0,0.0,0.0,0.12049053609371185,0.0,0.0,0.05488258972764015,0.8999999761581421,0.7198004126548767,0.29700374603271484,0.8546906113624573,0.9983608722686768,0.9829356074333191,0.8968169689178467,0.9999159574508667,0.03653869777917862,0.003547033527866006,6.682286038994789e-05,0.0018787996377795935,0.01774090901017189,4.76185141451424e-06,6.122012896625506e-10,6.451434455811977e-05,0.06404851377010345,0.011361714452505112,0.0016294429078698158,0.009874335490167141,0.32878121733665466,0.9531224370002747,0.8749198317527771,0.3849533200263977,-0.25880134105682373,2.224560260772705,1.1178054809570312,2.9167540073394775,2.696650743484497,4.36646842956543,4.1142897605896,4.3435516357421875,3.948692798614502,3.5970683097839355,3.940995454788208,27.201862335205078,5.654222011566162
196,0.0013145696138963103,0.0,0.0,0.0,0.008833261206746101,0.0,0.0,0.03730104863643646,0.0,0.0,0.0,0.0,0.11598719656467438,0.0,0.0,0.0,0.26434728503227234,0.0,0.0,0.5722165703773499,0.14770039916038513,0.0,0.0,0.0,0.2525528371334076,0.0,0.0,0.2397122085094452,0.0,0.0,0.0,0.0,0.18679045140743256,0.0,0.0,0.0,0.11949432641267776,0.0,0.0,0.05374976992607117,0.8961538672447205,0.7065069675445557,0.2966916561126709,0.8634729981422424,0.9986342191696167,0.9830969572067261,0.8953048586845398,0.999964714050293,0.03619883209466934,0.0035270964726805687,6.77844655001536e-05,0.0017984602600336075,0.017641473561525345,4.937704943586141e-06,6.207940272950907e-10,6.586837844224647e-05,0.06394271552562714,0.011315738782286644,0.0016306678298860788,0.009854867123067379,0.3278161883354187,0.9525495767593384,0.8771387338638306,0.3819408118724823,-0.24781109392642975,2.2278103828430176,1.1217906475067139,2.729923725128174,2.71004056930542,4.34434175491333,4.057260513305664,4.209047317504883,3.90399169921875,3.4814963340759277,4.1438727378845215,27.206336975097656,5.894887447357178
197,0.0013859884347766638,0.0,0.0,0.0,0.008782758377492428,0.0,0.0,0.036792077124118805,0.0,0.0,0.0,0.0,0.1165471151471138,0.0,0.0,0.0,0.264836847782135,0.0,0.0,0.5716552138328552,0.1467614471912384,0.0,0.0,0.0,0.2520333528518677,0.0,0.0,0.24003249406814575,0.0,0.0,0.0,0.0,0.18540789186954498,0.0,0.0,0.0,0.121617890894413,0.0,0.0,0.054146911948919296,0.8865384459495544,0.7106986045837402,0.29662173986434937,0.863872230052948,0.9979910254478455,0.9833559989929199,0.8966503143310547,0.9999568462371826,0.03633470833301544,0.003520243801176548,6.889172800583765e-05,0.0018658125773072243,0.01737622544169426,4.353697931946954e-06,5.797238800120397e-10,6.567859963979572e-05,0.06411466002464294,0.011324274353682995,0.0016433617565780878,0.00998716987669468,0.3279878497123718,0.953037679195404,0.8712554574012756,0.3834449052810669,-0.23985372483730316,2.2248342037200928,1.1200248003005981,2.712325096130371,2.67392635345459,4.221752643585205,4.167909145355225,4.19925594329834,3.7675087451934814,3.51448917388916,4.299710273742676,27.210302352905273,6.035445213317871
198,0.0012875852407887578,0.0,0.0,0.0,0.007848192006349564,0.0,0.0,0.033731307834386826,0.0,0.0,0.0,0.0,0.10801771283149719,0.0,0.0,0.0,0.26262471079826355,0.0,0.0,0.5864904522895813,0.14456821978092194,0.0,0.0,0.0,0.25053471326828003,0.0,0.0,0.23824721574783325,0.0,0.0,0.0,0.0,0.18384875357151031,0.0,0.0,0.0,0.12514184415340424,0.0,0.0,0.05765925347805023,0.892307698726654,0.7149301171302795,0.3008189797401428,0.8558881878852844,0.9984235167503357,0.9848654270172119,0.9057616591453552,0.9999614953994751,0.03658562898635864,0.003529475536197424,6.814353400841355e-05,0.0017286695074290037,0.017635731026530266,4.4799307943321764e-06,6.172597988296502e-10,6.341407424770296e-05,0.06463968753814697,0.011366712860763073,0.0016521585639566183,0.010139131918549538,0.3320474326610565,0.9571315050125122,0.8899838328361511,0.39707791805267334,-0.19370652735233307,2.2116706371307373,1.118920922279358,2.8165647983551025,2.658597469329834,4.269556045532227,4.1915483474731445,4.230185031890869,3.755561113357544,3.4112162590026855,4.371214389801025,27.20579719543457,5.904321193695068
199,0.0012312546605244279,0.0,0.0,0.0,0.008058024570345879,0.0,0.0,0.032344404608011246,0.0,0.0,0.0,0.0,0.10498502850532532,0.0,0.0,0.0,0.26892438530921936,0.0,0.0,0.5844568610191345,0.14562386274337769,0.0,0.0,0.0,0.252623975276947,0.0,0.0,0.23349565267562866,0.0,0.0,0.0,0.0,0.18343648314476013,0.0,0.0,0.0,0.127188578248024,0.0,0.0,0.057631444185972214,0.8961538672447205,0.7196007966995239,0.3012983798980713,0.8588821887969971,0.9985891580581665,0.9854353666305542,0.9086818695068359,0.9999130964279175,0.036839693784713745,0.0035295067355036736,6.589034455828369e-05,0.0019063439685851336,0.017827801406383514,4.155582701059757e-06,5.760262822285256e-10,6.304847192950547e-05,0.06468413025140762,0.011384328827261925,0.0016452441923320293,0.010498987510800362,0.3328036665916443,0.9583649635314941,0.8936687707901001,0.401510089635849,-0.18735072016716003,2.2130184173583984,1.1184985637664795,2.9807684421539307,2.5331599712371826,4.1953864097595215,4.451448917388916,4.200082302093506,3.8623106479644775,3.366917848587036,4.31928014755249,27.198726654052734,5.672036647796631
200,0.0012853477383032441,0.0,0.0,0.0,0.0076351771131157875,0.0,0.0,0.03332466259598732,0.0,0.0,0.0,0.0,0.10831104218959808,0.0,0.0,0.0,0.27478399872779846,0.0,0.0,0.5746598243713379,0.14581166207790375,0.0,0.0,0.0,0.250654011964798,0.0,0.0,0.2352277785539627,0.0,0.0,0.0,0.0,0.1855604499578476,0.0,0.0,0.0,0.1259952038526535,0.0,0.0,0.05675088241696358,0.8999999761581421,0.7146506905555725,0.3010562062263489,0.8171656727790833,0.9985378980636597,0.9836199879646301,0.9085912108421326,0.9997928142547607,0.03658324480056763,0.0035019507631659508,6.520752504002303e-05,0.001835244009271264,0.017676953226327896,4.032419383293018e-06,5.696090266127385e-10,5.994114326313138e-05,0.06474308669567108,0.011318491771817207,0.0016384178306907415,0.010558095760643482,0.3318108022212982,0.9577533006668091,0.8927340507507324,0.39698946475982666,-0.23092249035835266,2.213526487350464,1.1204605102539062,3.1464483737945557,2.5505170822143555,4.119673252105713,4.330404281616211,4.175323009490967,3.967994213104248,3.464313507080078,4.20322847366333,27.2027645111084,5.479933261871338
201,0.0013072831789031625,0.0,0.0,0.0,0.007458502892404795,0.0,0.0,0.032661013305187225,0.0,0.0,0.0,0.0,0.10786093026399612,0.0,0.0,0.0,0.2754117250442505,0.0,0.0,0.5753005146980286,0.14342506229877472,0.0,0.0,0.0,0.24843397736549377,0.0,0.0,0.23729299008846283,0.0,0.0,0.0,0.0,0.18629190325737,0.0,0.0,0.0,0.12821049988269806,0.0,0.0,0.056345559656620026,0.8980769515037537,0.7164870500564575,0.30176281929016113,0.8572853803634644,0.9989412426948547,0.9841262698173523,0.9102141261100769,0.9999642968177795,0.03648896515369415,0.0034717507660388947,6.575221777893603e-05,0.001907306956127286,0.017621513456106186,3.858847776427865e-06,5.393184232538317e-10,6.482961907749996e-05,0.06414760649204254,0.011271890252828598,0.0016335303662344813,0.010479595512151718,0.33303797245025635,0.9585720896720886,0.9029855728149414,0.3996986448764801,-0.21128034591674805,2.19547700881958,1.1312536001205444,3.056426525115967,2.707470655441284,4.1864142417907715,4.205083847045898,4.13204288482666,3.935779333114624,3.42755126953125,4.062441349029541,27.205121994018555,5.209875583648682
202,0.0013639713870361447,0.0,0.0,0.0,0.007584456354379654,0.0,0.0,0.03335170820355415,0.0,0.0,0.0,0.0,0.11758401244878769,0.0,0.0,0.0,0.2766296863555908,0.0,0.0,0.5634861588478088,0.14213818311691284,0.0,0.0,0.0,0.249099463224411,0.0,0.0,0.23891489207744598,0.0,0.0,0.0,0.0,0.19045138359069824,0.0,0.0,0.0,0.12425170838832855,0.0,0.0,0.05514437332749367,0.892307698726654,0.7045109868049622,0.3005543053150177,0.8447105288505554,0.9983241558074951,0.9841700196266174,0.9083015322685242,0.9999668598175049,0.036229658871889114,0.003435881109908223,6.532040424644947e-05,0.001661498099565506,0.017647961154580116,3.7776687804580433e-06,5.706100592028918e-10,6.123931234469637e-05,0.06328871101140976,0.011146385222673416,0.0016303423326462507,0.010655169375240803,0.33106616139411926,0.9576982855796814,0.9131853580474854,0.3873489499092102,-0.2603197991847992,2.198535442352295,1.133644700050354,3.0060219764709473,2.7526962757110596,4.097815036773682,4.0217766761779785,4.331034183502197,3.9848179817199707,3.4820611476898193,3.990124464035034,27.205236434936523,5.143720626831055
203,0.0013846042566001415,0.0,0.0,0.0,0.00796955730766058,0.0,0.0,0.03281976282596588,0.0,0.0,0.0,0.0,0.11533432453870773,0.0,0.0,0.0,0.2727288007736206,0.0,0.0,0.5697629451751709,0.14283709228038788,0.0,0.0,0.0,0.2487696260213852,0.0,0.0,0.23613187670707703,0.0,0.0,0.0,0.0,0.19241318106651306,0.0,0.0,0.0,0.12409233301877975,0.0,0.0,0.05575588718056679,0.8865384459495544,0.7069860100746155,0.30157554149627686,0.8453093767166138,0.997279703617096,0.9838703274726868,0.9092394709587097,0.9999603629112244,0.03604024648666382,0.003401164896786213,6.441515870392323e-05,0.0016301365103572607,0.017364706844091415,4.183587861916749e-06,7.365758558641744e-10,6.060305531718768e-05,0.06302403658628464,0.011067153885960579,0.0016280028503388166,0.010665356181561947,0.33215877413749695,0.9578245282173157,0.9014928936958313,0.389226496219635,-0.24737688899040222,2.1995863914489746,1.143844723701477,3.007262945175171,2.7009048461914062,3.971022844314575,4.073885440826416,4.272432327270508,4.256215572357178,3.33984637260437,3.8404181003570557,27.20875358581543,4.911050796508789
204,0.0012434950331225991,0.0,0.0,0.0,0.0076140896417200565,0.0,0.0,0.0319165401160717,0.0,0.0,0.0,0.0,0.1095971092581749,0.0,0.0,0.0,0.2690271735191345,0.0,0.0,0.5806015729904175,0.14291898906230927,0.0,0.0,0.0,0.2498519867658615,0.0,0.0,0.2353840321302414,0.0,0.0,0.0,0.0,0.19024306535720825,0.0,0.0,0.0,0.12290329486131668,0.0,0.0,0.058698639273643494,0.8903846144676208,0.7106986045837402,0.2996404767036438,0.8568862080574036,0.9980725049972534,0.9837487936019897,0.9126930832862854,0.9999286532402039,0.03628429025411606,0.003400602610781789,6.435209070332348e-05,0.0015687893610447645,0.01739768497645855,4.269858891348122e-06,7.32769456224247e-10,6.320095417322591e-05,0.06335471570491791,0.011065967381000519,0.0016298993723466992,0.010451137088239193,0.3307158946990967,0.959224283695221,0.9017881155014038,0.3981263041496277,-0.29418814182281494,2.185927152633667,1.1475197076797485,2.9959909915924072,2.6520533561706543,4.12439489364624,3.9345109462738037,4.486188888549805,4.224660396575928,3.2448346614837646,3.8552420139312744,27.199249267578125,4.691755771636963
205,0.0012236424954608083,0.0,0.0,0.0,0.007147874217480421,0.0,0.0,0.032603632658720016,0.0,0.0,0.0,0.0,0.11168120056390762,0.0,0.0,0.0,0.2709863781929016,0.0,0.0,0.5763572454452515,0.14128270745277405,0.0,0.0,0.0,0.24915418028831482,0.0,0.0,0.23685099184513092,0.0,0.0,0.0,0.0,0.1901710480451584,0.0,0.0,0.0,0.1225871816277504,0.0,0.0,0.05995389446616173,0.8961538672447205,0.7114570736885071,0.2995356023311615,0.836327314376831,0.9977830052375793,0.9848628640174866,0.9115653038024902,0.9998619556427002,0.036222800612449646,0.0033891918137669563,6.452473462559283e-05,0.0018398893298581243,0.017359280958771706,3.899080184055492e-06,7.365216214694215e-10,6.065683191991411e-05,0.06318055093288422,0.011006536893546581,0.0016252717468887568,0.010913372039794922,0.3304305672645569,0.9590234756469727,0.9155960083007812,0.3989272713661194,-0.26041537523269653,2.1761953830718994,1.1541388034820557,2.8031063079833984,2.737199544906616,4.092269420623779,4.021672248840332,4.632136821746826,4.149440288543701,3.2301578521728516,3.6920065879821777,27.20050048828125,4.588154315948486
206,0.001197292935103178,0.0,0.0,0.0,0.006283220369368792,0.0,0.0,0.03049711138010025,0.0,0.0,0.0,0.0,0.10867632925510406,0.0,0.0,0.0,0.27073872089385986,0.0,0.0,0.5826073884963989,0.14079448580741882,0.0,0.0,0.0,0.24285946786403656,0.0,0.0,0.23654325306415558,0.0,0.0,0.0,0.0,0.191544771194458,0.0,0.0,0.0,0.12583611905574799,0.0,0.0,0.062421899288892746,0.8961538672447205,0.7228343486785889,0.3045193552970886,0.8269460797309875,0.9970046877861023,0.9849448800086975,0.9190384745597839,0.999887228012085,0.03660836070775986,0.003448904724791646,6.528049561893567e-05,0.001724442234262824,0.017679303884506226,3.566884515748825e-06,7.441854910084089e-10,5.9702098951675e-05,0.06414646655321121,0.01116157602518797,0.0016392050310969353,0.01073814369738102,0.3356128931045532,0.9620208740234375,0.9151487946510315,0.4135800302028656,-0.24492917954921722,2.1515252590179443,1.1449790000915527,2.932485580444336,2.808889865875244,4.142861843109131,3.9057469367980957,4.586256980895996,4.22736930847168,3.4104063510894775,3.649761438369751,27.205602645874023,4.645329475402832
207,0.0011133779771625996,0.0,0.0,0.0,0.006230105180293322,0.0,0.0,0.030018722638487816,0.0,0.0,0.0,0.0,0.10838235169649124,0.0,0.0,0.0,0.274859756231308,0.0,0.0,0.5793956518173218,0.13942274451255798,0.0,0.0,0.0,0.24082110822200775,0.0,0.0,0.23671819269657135,0.0,0.0,0.0,0.0,0.19309772551059723,0.0,0.0,0.0,0.12793827056884766,0.0,0.0,0.062001947313547134,0.8961538672447205,0.7266267538070679,0.305682897567749,0.8696606755256653,0.9978922605514526,0.9865679144859314,0.9191665053367615,0.9999765157699585,0.036659859120845795,0.0034583103843033314,6.595341255888343e-05,0.0019347176421433687,0.01766888052225113,3.5106143059238093e-06,7.077371466657212e-10,6.567152740899473e-05,0.06369508802890778,0.011215152218937874,0.0016375458799302578,0.010639268904924393,0.33741071820259094,0.9626362919807434,0.9201189279556274,0.4150826334953308,-0.24403159320354462,2.1401278972625732,1.1463497877120972,2.9115982055664062,2.8889312744140625,4.136974811553955,4.006606578826904,4.478326797485352,4.061043739318848,3.4265339374542236,3.6120736598968506,27.204214096069336,4.717090129852295
208,0.0010701039573177695,0.0,0.0,0.0,0.006348269991576672,0.0,0.0,0.03087378293275833,0.0,0.0,0.0,0.0,0.11013049632310867,0.0,0.0,0.0,0.27848976850509644,0.0,0.0,0.5730876326560974,0.13712412118911743,0.0,0.0,0.0,0.24024797976016998,0.0,0.0,0.23629459738731384,0.0,0.0,0.0,0.0,0.19601278007030487,0.0,0.0,0.0,0.1287839412689209,0.0,0.0,0.06153659150004387,0.8961538672447205,0.7266666889190674,0.3075205981731415,0.8704590797424316,0.9983864426612854,0.98659348487854,0.9167757630348206,0.9999731779098511,0.036311157047748566,0.0034367647022008896,6.757533992640674e-05,0.002308994997292757,0.017365092411637306,3.75653962692013e-06,7.247819011624301e-10,7.08177758497186e-05,0.06340490281581879,0.011166026815772057,0.0016287717735394835,0.010238207876682281,0.33912965655326843,0.9617063999176025,0.92390376329422,0.4127313494682312,-0.23063062131404877,2.13112473487854,1.1578322649002075,2.9184410572052,2.9565343856811523,4.069391250610352,4.049178600311279,4.34520959854126,3.969459295272827,3.2166390419006348,3.4771883487701416,27.208972930908203,4.7691650390625
209,0.0010182536207139492,0.0,0.0,0.0,0.00633274158462882,0.0,0.0,0.030099138617515564,0.0,0.0,0.0,0.0,0.10847751796245575,0.0,0.0,0.0,0.27539291977882385,0.0,0.0,0.5786793828010559,0.13672606647014618,0.0,0.0,0.0,0.23768624663352966,0.0,0.0,0.2351485937833786,0.0,0.0,0.0,0.0,0.1954873651266098,0.0,0.0,0.0,0.13149695098400116,0.0,0.0,0.063454769551754,0.8942307829856873,0.725788414478302,0.3101348578929901,0.8756486773490906,0.9979004263877869,0.9861379861831665,0.9192624092102051,0.9999838471412659,0.036369841545820236,0.0034539029002189636,6.845258758403361e-05,0.0024556838907301426,0.017208732664585114,3.1958970794221386e-06,6.687753684175846e-10,7.013362483121455e-05,0.06393256783485413,0.011253559030592442,0.0016500742640346289,0.010210413485765457,0.34156540036201477,0.9625486135482788,0.9220575094223022,0.41851550340652466,-0.21214039623737335,2.090934991836548,1.154171347618103,3.0272305011749268,3.0018510818481445,3.9763035774230957,4.014246940612793,4.365219593048096,3.8149173259735107,3.3358306884765625,3.548722743988037,27.212520599365234,4.824118137359619
210,0.0010492022847756743,0.0,0.0,0.0,0.006461507175117731,0.0,0.0,0.031954575330019,0.0,0.0,0.0,0.0,0.1147456169128418,0.0,0.0,0.0,0.27770811319351196,0.0,0.0,0.5680810213088989,0.1358879953622818,0.0,0.0,0.0,0.23932518064975739,0.0,0.0,0.23819178342819214,0.0,0.0,0.0,0.0,0.19607248902320862,0.0,0.0,0.0,0.12945477664470673,0.0,0.0,0.061067789793014526,0.892307698726654,0.7120159864425659,0.3061698079109192,0.875249445438385,0.9981880187988281,0.9849740862846375,0.9152320623397827,0.999986469745636,0.03590402379631996,0.0034339879639446735,6.965525972191244e-05,0.0023456807248294353,0.016918204724788666,3.3238466130569577e-06,7.094281273545278e-10,6.68933498673141e-05,0.06340339779853821,0.011125716380774975,0.0016424031928181648,0.00988529808819294,0.337074339389801,0.9605330228805542,0.9162066578865051,0.4069240987300873,-0.2607296109199524,2.092036724090576,1.1599466800689697,2.895939826965332,3.074526309967041,3.957563877105713,3.8358259201049805,4.244438171386719,3.787602663040161,3.3541979789733887,3.7044711112976074,27.215232849121094,4.812084197998047
211,0.001072047627530992,0.0,0.0,0.0,0.00674106739461422,0.0,0.0,0.03310868516564369,0.0,0.0,0.0,0.0,0.11451124399900436,0.0,0.0,0.0,0.2801983654499054,0.0,0.0,0.564368724822998,0.13599416613578796,0.0,0.0,0.0,0.2388666868209839,0.0,0.0,0.24041759967803955,0.0,0.0,0.0,0.0,0.19602850079536438,0.0,0.0,0.0,0.13000942766666412,0.0,0.0,0.058683622628450394,0.8961538672447205,0.7097405195236206,0.30341073870658875,0.8708582520484924,0.9980254173278809,0.9831774830818176,0.913237452507019,0.9999794363975525,0.035285044461488724,0.003418558742851019,7.086254481691867e-05,0.00219927541911602,0.016744691878557205,3.1098902582016308e-06,6.555415099640527e-10,6.797534297220409e-05,0.062363725155591965,0.010969073511660099,0.0016371530946344137,0.009754849597811699,0.3343323767185211,0.9590768814086914,0.9141110777854919,0.4025293290615082,-0.26632559299468994,2.0892882347106934,1.17633056640625,2.838435649871826,2.8890161514282227,3.872109889984131,3.7002744674682617,4.2379279136657715,3.6543831825256348,3.2977607250213623,3.6880452632904053,27.219215393066406,4.85272741317749
212,0.0010813643457368016,0.0,0.0,0.0,0.007083160802721977,0.0,0.0,0.03326426446437836,0.0,0.0,0.0,0.0,0.11499227583408356,0.0,0.0,0.0,0.2742055356502533,0.0,0.0,0.5693734288215637,0.1358296126127243,0.0,0.0,0.0,0.2407079041004181,0.0,0.0,0.24041324853897095,0.0,0.0,0.0,0.0,0.19502688944339752,0.0,0.0,0.0,0.1291089802980423,0.0,0.0,0.05891334265470505,0.9019230604171753,0.7097804546356201,0.3006841540336609,0.8642714023590088,0.9983314275741577,0.9825395941734314,0.9124822020530701,0.999976634979248,0.035010650753974915,0.003409799188375473,7.123377872630954e-05,0.00200522318482399,0.016729123890399933,3.620836196205346e-06,6.103656469136354e-10,6.635514000663534e-05,0.06234230473637581,0.010909010656177998,0.0016334124375134706,0.009497605264186859,0.3317319452762604,0.9585698246955872,0.9099720120429993,0.401069313287735,-0.238020122051239,2.0889899730682373,1.179355502128601,2.822819948196411,2.8838045597076416,3.788533926010132,3.791194438934326,4.270810604095459,3.6231119632720947,3.3070738315582275,3.6617178916931152,27.215129852294922,4.747513294219971
213,0.0010364180197939277,0.0,0.0,0.0,0.006776103284209967,0.0,0.0,0.03282395005226135,0.0,0.0,0.0,0.0,0.111302450299263,0.0,0.0,0.0,0.26893192529678345,0.0,0.0,0.579129159450531,0.13600881397724152,0.0,0.0,0.0,0.23944680392742157,0.0,0.0,0.23797914385795593,0.0,0.0,0.0,0.0,0.19368582963943481,0.0,0.0,0.0,0.13208967447280884,0.0,0.0,0.060789741575717926,0.9038461446762085,0.7110978364944458,0.30274659395217896,0.8536925911903381,0.9984799027442932,0.9814260005950928,0.9153459668159485,0.9999240636825562,0.03525678813457489,0.0034357765689492226,7.323475438170135e-05,0.001972006633877754,0.017167314887046814,4.430946773936739e-06,7.167744175973212e-10,6.52136659482494e-05,0.06234364211559296,0.0109671950340271,0.0016547926934435964,0.009485427290201187,0.33360397815704346,0.9593621492385864,0.8973418474197388,0.40640297532081604,-0.2371213436126709,2.065690755844116,1.1704909801483154,2.983534812927246,2.8570339679718018,3.974827766418457,3.8872923851013184,4.261612415313721,3.8021724224090576,3.2206931114196777,3.5702109336853027,27.210901260375977,4.681687355041504
214,0.000977792195044458,0.0,0.0,0.0,0.006709401495754719,0.0,0.0,0.03172653913497925,0.0,0.0,0.0,0.0,0.10439898818731308,0.0,0.0,0.0,0.2643737494945526,0.0,0.0,0.5918135046958923,0.1348734050989151,0.0,0.0,0.0,0.23852840065956116,0.0,0.0,0.23352040350437164,0.0,0.0,0.0,0.0,0.19443269073963165,0.0,0.0,0.0,0.13419649004936218,0.0,0.0,0.06444862484931946,0.9057692289352417,0.7095808386802673,0.3079700469970703,0.8319361209869385,0.9985180497169495,0.9820830821990967,0.918000340461731,0.9998941421508789,0.035511769354343414,0.0034538351465016603,7.399338210234419e-05,0.0016477701719850302,0.01749774068593979,4.507652192842215e-06,8.541906626469142e-10,7.078378985170275e-05,0.06305324286222458,0.011034315451979637,0.001679630484431982,0.009663738310337067,0.33811822533607483,0.9605848789215088,0.9011447429656982,0.4145319163799286,-0.22810068726539612,2.032099723815918,1.1625300645828247,3.0207650661468506,3.071242570877075,3.986961841583252,3.7134926319122314,4.416777610778809,3.84810471534729,3.3103420734405518,3.582582712173462,27.212770462036133,4.592148303985596
215,0.0010078951017931104,0.0,0.0,0.0,0.007037512492388487,0.0,0.0,0.032398711889982224,0.0,0.0,0.0,0.0,0.10562043637037277,0.0,0.0,0.0,0.26607993245124817,0.0,0.0,0.5878555774688721,0.1341143548488617,0.0,0.0,0.0,0.239079549908638,0.0,0.0,0.2332313060760498,0.0,0.0,0.0,0.0,0.19439099729061127,0.0,0.0,0.0,0.135748952627182,0.0,0.0,0.06343484669923782,0.9076923131942749,0.7164870500564575,0.30663421750068665,0.8391217589378357,0.9985458850860596,0.9817269444465637,0.9159390330314636,0.9999553561210632,0.03516330569982529,0.0034608785063028336,7.426087540807202e-05,0.0015401985729113221,0.017325639724731445,4.73722775495844e-06,8.148594021761824e-10,6.983807543292642e-05,0.06265007704496384,0.010980751365423203,0.0016756546683609486,0.00999175850301981,0.3373643159866333,0.9595542550086975,0.8991066217422485,0.40843215584754944,-0.26725226640701294,2.0288937091827393,1.163406491279602,2.9477972984313965,3.1182477474212646,3.802003860473633,3.7079696655273438,4.348112106323242,4.045956134796143,3.298429012298584,3.6768836975097656,27.210460662841797,4.554431438446045
216,0.0011247009970247746,0.0,0.0,0.0,0.007673738058656454,0.0,0.0,0.032560836523771286,0.0,0.0,0.0,0.0,0.11139433085918427,0.0,0.0,0.0,0.27303749322891235,0.0,0.0,0.5742088556289673,0.13624140620231628,0.0,0.0,0.0,0.2435569316148758,0.0,0.0,0.23334093391895294,0.0,0.0,0.0,0.0,0.1931505799293518,0.0,0.0,0.0,0.13424764573574066,0.0,0.0,0.059462498873472214,0.9019230604171753,0.714411199092865,0.2994307279586792,0.8253492712974548,0.9985452890396118,0.9805231690406799,0.9146657586097717,0.9999123215675354,0.03480902686715126,0.0034145473036915064,7.153873593779281e-05,0.0013722816947847605,0.017100822180509567,4.823822109756293e-06,7.590602590923368e-10,6.224597746040672e-05,0.062076278030872345,0.010862627997994423,0.001661249902099371,0.010328633710741997,0.33038416504859924,0.9586393237113953,0.8897448182106018,0.3975364863872528,-0.28830859065055847,2.041775941848755,1.1704341173171997,3.0655534267425537,2.980867385864258,3.7710373401641846,3.7292089462280273,4.427022933959961,3.915316343307495,3.3112916946411133,3.6136655807495117,27.213376998901367,4.39617395401001
217,0.001035732333548367,0.0,0.0,0.0,0.007134432904422283,0.0,0.0,0.032182592898607254,0.0,0.0,0.0,0.0,0.11607247591018677,0.0,0.0,0.0,0.27697938680648804,0.0,0.0,0.5665953755378723,0.13342922925949097,0.0,0.0,0.0,0.23972636461257935,0.0,0.0,0.23436477780342102,0.0,0.0,0.0,0.0,0.19741129875183105,0.0,0.0,0.0,0.1358730047941208,0.0,0.0,0.05919532850384712,0.8980769515037537,0.7205588817596436,0.3030412197113037,0.8337324857711792,0.9979502558708191,0.9801446199417114,0.9175533056259155,0.9998986721038818,0.035081177949905396,0.0034307914320379496,7.260800339281559e-05,0.0014629893703386188,0.017162229865789413,5.074478394817561e-06,8.328276401847745e-10,6.476017733803019e-05,0.06195366010069847,0.010900982655584812,0.0016696471720933914,0.010610587894916534,0.3341885507106781,0.9596459865570068,0.9015110731124878,0.3978044092655182,-0.295561820268631,2.0280590057373047,1.166394591331482,3.2693912982940674,3.118110179901123,3.789534330368042,3.7017109394073486,4.368661880493164,3.927077293395996,3.256941318511963,3.5311644077301025,27.214336395263672,4.3922648429870605
218,0.0010326801566407084,0.0,0.0,0.0,0.006777382921427488,0.0,0.0,0.03243889659643173,0.0,0.0,0.0,0.0,0.12174605578184128,0.0,0.0,0.0,0.2770754098892212,0.0,0.0,0.5609295964241028,0.13276416063308716,0.0,0.0,0.0,0.23975948989391327,0.0,0.0,0.23619234561920166,0.0,0.0,0.0,0.0,0.1994430422782898,0.0,0.0,0.0,0.13305139541625977,0.0,0.0,0.05878957733511925,0.9019230604171753,0.720239520072937,0.3002946376800537,0.8499001860618591,0.9990445375442505,0.9812660217285156,0.9168906211853027,0.9999512434005737,0.03517748415470123,0.003417614381760359,7.26612051948905e-05,0.0015122926561161876,0.017153602093458176,4.2193282752123196e-06,9.380392018698558e-10,6.841806316515431e-05,0.061614736914634705,0.01086409855633974,0.0016650002216920257,0.010896235704421997,0.3318108022212982,0.9597496390342712,0.906804084777832,0.3947792947292328,-0.27504903078079224,2.034646511077881,1.1659657955169678,3.1994237899780273,3.0555694103240967,3.7995903491973877,3.8069565296173096,4.3239264488220215,3.95828914642334,3.116508722305298,3.559441566467285,27.218183517456055,4.583035469055176
219,0.0010716733522713184,0.0,0.0,0.0,0.006554023362696171,0.0,0.0,0.033879972994327545,0.0,0.0,0.0,0.0,0.12646253407001495,0.0,0.0,0.0,0.28444573283195496,0.0,0.0,0.5475860238075256,0.13272923231124878,0.0,0.0,0.0,0.23905996978282928,0.0,0.0,0.2389884889125824,0.0,0.0,0.0,0.0,0.19792540371418,0.0,0.0,0.0,0.13347427546977997,0.0,0.0,0.057822633534669876,0.8980769515037537,0.7139720320701599,0.29696130752563477,0.8558881878852844,0.9988477230072021,0.982077419757843,0.9134394526481628,0.999974250793457,0.03513992950320244,0.0034262407571077347,7.337417628150433e-05,0.0017335402080789208,0.016862500458955765,3.804125981332618e-06,1.130215365741094e-09,6.325828871922567e-05,0.061553046107292175,0.010893593542277813,0.0016695511294528842,0.010997645556926727,0.3284147083759308,0.9584928750991821,0.9119476675987244,0.39129653573036194,-0.2880657911300659,2.027843952178955,1.1594938039779663,3.0890252590179443,3.105180263519287,3.7391960620880127,3.7766120433807373,4.132675647735596,4.1625518798828125,3.0887961387634277,3.8299853801727295,27.21522331237793,4.7541375160217285
220,0.0010210165055468678,0.0,0.0,0.0,0.006397812161594629,0.0,0.0,0.031284864991903305,0.0,0.0,0.0,0.0,0.11371834576129913,0.0,0.0,0.0,0.26994115114212036,0.0,0.0,0.5776367783546448,0.13203464448451996,0.0,0.0,0.0,0.23675043880939484,0.0,0.0,0.23451481759548187,0.0,0.0,0.0,0.0,0.1973702311515808,0.0,0.0,0.0,0.13538533449172974,0.0,0.0,0.06394453346729279,0.8999999761581421,0.7127345204353333,0.3024519383907318,0.8534929752349854,0.9989075660705566,0.9824179410934448,0.9199044704437256,0.9999698996543884,0.035391487181186676,0.003465458285063505,7.550982263637707e-05,0.0018840953707695007,0.017132677137851715,4.354220436653122e-06,1.1493646034921312e-09,6.539206515299156e-05,0.06272301077842712,0.011036388576030731,0.0016935770399868488,0.010954312980175018,0.3334183990955353,0.9612953066825867,0.9016829133033752,0.4106881618499756,-0.2410118579864502,1.9915250539779663,1.1557974815368652,3.0754075050354004,3.285175085067749,3.7633025646209717,3.8065407276153564,4.172279357910156,4.134950637817383,2.9660067558288574,3.8593287467956543,27.209325790405273,4.7603960037231445
221,0.0009395212982781231,0.0,0.0,0.0,0.006147538311779499,0.0,0.0,0.032447800040245056,0.0,0.0,0.0,0.0,0.11279749125242233,0.0,0.0,0.0,0.2776905298233032,0.0,0.0,0.5699771046638489,0.1305198222398758,0.0,0.0,0.0,0.23336085677146912,0.0,0.0,0.23768584430217743,0.0,0.0,0.0,0.0,0.19879144430160522,0.0,0.0,0.0,0.13688956201076508,0.0,0.0,0.06275247782468796,0.8961538672447205,0.708782434463501,0.30271661281585693,0.8674650192260742,0.9983171224594116,0.9813790321350098,0.918832004070282,0.9999794363975525,0.03530161455273628,0.003451941767707467,7.588979497086257e-05,0.002013338264077902,0.016828099265694618,4.405695563036716e-06,1.1444984959751991e-09,6.802029383834451e-05,0.06224733591079712,0.011012932285666466,0.0016927599208429456,0.010627377778291702,0.33359238505363464,0.9604637026786804,0.9022732973098755,0.4117303788661957,-0.2024802565574646,1.9843167066574097,1.1611638069152832,3.0306396484375,3.2524571418762207,3.6804885864257812,3.845471143722534,4.276857376098633,3.965054512023926,2.9325668811798096,3.742136240005493,27.210756301879883,4.901376247406006
222,0.0009903734317049384,0.0,0.0,0.0,0.005973562598228455,0.0,0.0,0.03269010782241821,0.0,0.0,0.0,0.0,0.1158052533864975,0.0,0.0,0.0,0.28777405619621277,0.0,0.0,0.5567666292190552,0.12846937775611877,0.0,0.0,0.0,0.23300287127494812,0.0,0.0,0.2398957461118698,0.0,0.0,0.0,0.0,0.19866648316383362,0.0,0.0,0.0,0.1393538862466812,0.0,0.0,0.060611624270677567,0.9019230604171753,0.7091816663742065,0.30142322182655334,0.8692614436149597,0.9973474144935608,0.9822601079940796,0.9181264042854309,0.9999827146530151,0.03509340435266495,0.0034732711501419544,7.724229362793267e-05,0.0020676408894360065,0.01682695746421814,4.437200004758779e-06,1.081251976842168e-09,7.131766324164346e-05,0.06183185800909996,0.011058859527111053,0.0016931048594415188,0.010358564555644989,0.3324417769908905,0.9603447914123535,0.9066486954689026,0.4075964391231537,-0.2096887230873108,1.977136492729187,1.1583997011184692,2.9555180072784424,3.3053197860717773,3.7216577529907227,3.7613885402679443,4.218641757965088,3.832335948944092,3.205735921859741,3.7975738048553467,27.209428787231445,4.922695636749268
223,0.0010508529376238585,0.0,0.0,0.0,0.006260737776756287,0.0,0.0,0.03350106254220009,0.0,0.0,0.0,0.0,0.1184685155749321,0.0,0.0,0.0,0.2873029112815857,0.0,0.0,0.5534159541130066,0.1328161209821701,0.0,0.0,0.0,0.23378987610340118,0.0,0.0,0.23927001655101776,0.0,0.0,0.0,0.0,0.19794417917728424,0.0,0.0,0.0,0.13730241358280182,0.0,0.0,0.05887739360332489,0.9038461446762085,0.7129740715026855,0.29586517810821533,0.8686626553535461,0.9973695278167725,0.9816493391990662,0.9158005118370056,0.9999844431877136,0.03472086042165756,0.003450267482548952,7.635851943632588e-05,0.002035647165030241,0.016721447929739952,5.516775672731455e-06,1.4213996646361693e-09,6.739022501278669e-05,0.060707610100507736,0.010973538272082806,0.001679404522292316,0.009885163977742195,0.3274937570095062,0.9591855406761169,0.90321946144104,0.4015337824821472,-0.21055376529693604,1.9874117374420166,1.1674412488937378,3.0109505653381348,3.2470428943634033,3.617887258529663,3.659090518951416,4.128961086273193,3.8120954036712646,3.226914167404175,3.746241807937622,27.209646224975586,4.895720481872559
224,0.0011236019199714065,0.0,0.0,0.0,0.006699999328702688,0.0,0.0,0.03401343896985054,0.0,0.0,0.0,0.0,0.11948808282613754,0.0,0.0,0.0,0.28884294629096985,0.0,0.0,0.5498319864273071,0.1341433972120285,0.0,0.0,0.0,0.23319250345230103,0.0,0.0,0.23909011483192444,0.0,0.0,0.0,0.0,0.1982831060886383,0.0,0.0,0.0,0.13712163269519806,0.0,0.0,0.05816924571990967,0.8999999761581421,0.7079042196273804,0.2944144904613495,0.8706586360931396,0.9971169829368591,0.9810951948165894,0.9138097763061523,0.9999860525131226,0.03473697975277901,0.0034737952519208193,7.682143768761307e-05,0.0018590267281979322,0.016951384022831917,5.819014859298477e-06,1.5003857045670088e-09,6.562126509379596e-05,0.061267562210559845,0.010997079312801361,0.0016809521475806832,0.00995821226388216,0.32586991786956787,0.9581616520881653,0.9027085304260254,0.3984440863132477,-0.21291285753250122,1.9754334688186646,1.1635595560073853,2.9994707107543945,3.3819923400878906,3.5893614292144775,3.6194119453430176,4.119673728942871,3.9201786518096924,3.44911527633667,3.680467128753662,27.207475662231445,4.710129737854004
225,0.0010934092570096254,0.0,0.0,0.0,0.006354788318276405,0.0,0.0,0.032766781747341156,0.0,0.0,0.0,0.0,0.11069105565547943,0.0,0.0,0.0,0.2811264097690582,0.0,0.0,0.5679675936698914,0.13171353936195374,0.0,0.0,0.0,0.23109690845012665,0.0,0.0,0.23762592673301697,0.0,0.0,0.0,0.0,0.19701217114925385,0.0,0.0,0.0,0.13955006003379822,0.0,0.0,0.06300137937068939,0.8999999761581421,0.7042315602302551,0.2987540662288666,0.8666666150093079,0.9979123473167419,0.9808149933815002,0.917681872844696,0.9999868273735046,0.03482857346534729,0.0034629846923053265,7.663583528483286e-05,0.0016945857787504792,0.01680343970656395,5.593149580818135e-06,1.569965935033224e-09,6.247831333894283e-05,0.061671577394008636,0.01098268385976553,0.0016824898775666952,0.010091723874211311,0.32964184880256653,0.9597837924957275,0.9115906953811646,0.4116003215312958,-0.21316853165626526,1.947128176689148,1.1728912591934204,2.8784587383270264,3.3663575649261475,3.578608751296997,3.6544899940490723,4.179191589355469,3.87166428565979,3.3298566341400146,3.647965431213379,27.201330184936523,4.582515239715576
226,0.001061619957908988,0.0,0.0,0.0,0.006349910981953144,0.0,0.0,0.030875109136104584,0.0,0.0,0.0,0.0,0.09973008185625076,0.0,0.0,0.0,0.26741594076156616,0.0,0.0,0.5945672988891602,0.13107211887836456,0.0,0.0,0.0,0.22560358047485352,0.0,0.0,0.2351614534854889,0.0,0.0,0.0,0.0,0.1979207545518875,0.0,0.0,0.0,0.14140059053897858,0.0,0.0,0.06884150952100754,0.9076923131942749,0.7114970088005066,0.30459925532341003,0.8602794408798218,0.9981158971786499,0.9819989800453186,0.9212544560432434,0.9999846816062927,0.03534355014562607,0.0035127068404108286,7.789192750351503e-05,0.0013540985528379679,0.017092077061533928,4.974450348527171e-06,1.7197239188249114e-09,5.583775418926962e-05,0.06274992972612381,0.01115623489022255,0.001719069667160511,0.00985783338546753,0.3354296386241913,0.9617125391960144,0.9059327840805054,0.4311569035053253,-0.1768900454044342,1.9050084352493286,1.1596910953521729,2.8362932205200195,3.178741931915283,3.624286651611328,3.7769410610198975,4.426866054534912,4.00201940536499,3.5828914642333984,3.760882616043091,27.20087242126465,4.443896293640137
227,0.001035003806464374,0.0,0.0,0.0,0.006865407805889845,0.0,0.0,0.0315423458814621,0.0,0.0,0.0,0.0,0.10083187371492386,0.0,0.0,0.0,0.26478415727615356,0.0,0.0,0.5949413180351257,0.1331273317337036,0.0,0.0,0.0,0.2289302498102188,0.0,0.0,0.23360784351825714,0.0,0.0,0.0,0.0,0.1939474642276764,0.0,0.0,0.0,0.14227841794490814,0.0,0.0,0.0681086927652359,0.9019230604171753,0.69916170835495,0.30052685737609863,0.8548901677131653,0.9980044364929199,0.9801667928695679,0.9196023941040039,0.9999748468399048,0.03535555303096771,0.0035011861473321915,7.874937728047371e-05,0.0013319827849045396,0.01723906584084034,8.15813837107271e-06,1.623936762840117e-09,6.299866072367877e-05,0.06287207454442978,0.011128091253340244,0.001723883906379342,0.010306799784302711,0.3308597207069397,0.960555911064148,0.9139680862426758,0.4258386790752411,-0.2080400586128235,1.9023510217666626,1.1581003665924072,3.219780206680298,3.0250699520111084,3.4957547187805176,3.715794563293457,4.488858699798584,4.004284381866455,3.5352299213409424,3.7147202491760254,27.19746208190918,4.487712860107422
228,0.0010914774611592293,0.0,0.0,0.0,0.006347504444420338,0.0,0.0,0.028555547818541527,0.0,0.0,0.0,0.0,0.09809235483407974,0.0,0.0,0.0,0.26157280802726746,0.0,0.0,0.6043403148651123,0.12995703518390656,0.0,0.0,0.0,0.2256850153207779,0.0,0.0,0.23167602717876434,0.0,0.0,0.0,0.0,0.19719071686267853,0.0,0.0,0.0,0.14464126527309418,0.0,0.0,0.0708499327301979,0.9019230604171753,0.7057085633277893,0.30603745579719543,0.84151691198349,0.9968270659446716,0.9824386835098267,0.9264726638793945,0.999951958656311,0.035535652190446854,0.0035167927853763103,7.899959018686786e-05,0.0013066380051895976,0.016996581107378006,7.910899512353353e-06,1.5183201362845011e-09,6.132161797722802e-05,0.06315933167934418,0.011158979497849941,0.0017340532504022121,0.010567312128841877,0.3362044394016266,0.9640044569969177,0.9100578427314758,0.43945398926734924,-0.193370059132576,1.8749001026153564,1.1625183820724487,3.036182165145874,2.958138942718506,3.5282223224639893,3.659954786300659,4.525279521942139,3.9853649139404297,3.674255847930908,3.7267260551452637,27.204545974731445,4.43340539932251
229,0.0011164866155013442,0.0,0.0,0.0,0.006075358483940363,0.0,0.0,0.028165467083454132,0.0,0.0,0.0,0.0,0.09398055821657181,0.0,0.0,0.0,0.2583930790424347,0.0,0.0,0.6122690439224243,0.13025718927383423,0.0,0.0,0.0,0.22032172977924347,0.0,0.0,0.22878529131412506,0.0,0.0,0.0,0.0,0.1998993158340454,0.0,0.0,0.0,0.1476619988679886,0.0,0.0,0.07307446002960205,0.9096153974533081,0.7058283686637878,0.31119102239608765,0.8532933592796326,0.9983285069465637,0.9821420907974243,0.9279837608337402,0.999977171421051,0.03542748838663101,0.003515643300488591,8.02151917014271e-05,0.001424540881998837,0.01688397116959095,8.16664396552369e-06,1.75300418625568e-09,6.270684389164671e-05,0.0631747841835022,0.011171613819897175,0.0017417825292795897,0.010316246189177036,0.34114551544189453,0.9646415114402771,0.9071172475814819,0.44547683000564575,-0.19469957053661346,1.8544412851333618,1.1680858135223389,3.0446970462799072,2.9378390312194824,3.5412538051605225,3.7570760250091553,4.522105693817139,4.034419536590576,3.5746562480926514,3.5419416427612305,27.207794189453125,4.350888252258301
230,0.0011494964128360152,0.0,0.0,0.0,0.005873644724488258,0.0,0.0,0.028881948441267014,0.0,0.0,0.0,0.0,0.10098132491111755,0.0,0.0,0.0,0.26007547974586487,0.0,0.0,0.6030381321907043,0.13072632253170013,0.0,0.0,0.0,0.22009409964084625,0.0,0.0,0.2269747406244278,0.0,0.0,0.0,0.0,0.203671395778656,0.0,0.0,0.0,0.14724673330783844,0.0,0.0,0.07128671556711197,0.9019230604171753,0.704990029335022,0.31073659658432007,0.8622754216194153,0.9980096817016602,0.9839115142822266,0.9255629777908325,0.9999883770942688,0.03552219644188881,0.0034882465843111277,7.929294952191412e-05,0.0016978044295683503,0.01702343113720417,8.372513548238203e-06,1.8131480761240937e-09,6.656454206677154e-05,0.06334272772073746,0.011156275868415833,0.0017411756562069058,0.0102437324821949,0.3407697081565857,0.9640936255455017,0.9170781373977661,0.4363085925579071,-0.15763354301452637,1.8531882762908936,1.165270209312439,3.0019381046295166,3.3539860248565674,3.553467273712158,3.8133676052093506,4.503190994262695,3.965811252593994,3.374882221221924,3.5946743488311768,27.211288452148438,4.236513614654541
231,0.0011130488710477948,0.0,0.0,0.0,0.005701629910618067,0.0,0.0,0.029508864507079124,0.0,0.0,0.0,0.0,0.09489242732524872,0.0,0.0,0.0,0.2556767165660858,0.0,0.0,0.6131073236465454,0.13025495409965515,0.0,0.0,0.0,0.22062209248542786,0.0,0.0,0.2267799973487854,0.0,0.0,0.0,0.0,0.2013251632452011,0.0,0.0,0.0,0.14755026996135712,0.0,0.0,0.07346752285957336,0.9153845906257629,0.7047106027603149,0.30914607644081116,0.8546906113624573,0.9988068342208862,0.9844804406166077,0.9240763783454895,0.9999805688858032,0.03599533438682556,0.0035328578669577837,7.831954280845821e-05,0.0020303355995565653,0.017703009769320488,8.535327651770785e-06,1.7389035766868233e-09,6.972251867409796e-05,0.0640440508723259,0.01128030102699995,0.0017504653660580516,0.010767631232738495,0.3392038643360138,0.9636752009391785,0.9242949485778809,0.4440925419330597,-0.11620887368917465,1.8410592079162598,1.1583999395370483,2.9742558002471924,3.342559814453125,3.5218913555145264,4.007552623748779,4.590789318084717,4.038253307342529,3.3074424266815186,3.4070236682891846,27.208715438842773,4.523465156555176
232,0.0010357317514717579,0.0,0.0,0.0,0.005873842164874077,0.0,0.0,0.029360225424170494,0.0,0.0,0.0,0.0,0.10137864947319031,0.0,0.0,0.0,0.25679031014442444,0.0,0.0,0.6055612564086914,0.12890766561031342,0.0,0.0,0.0,0.2204904854297638,0.0,0.0,0.2265249490737915,0.0,0.0,0.0,0.0,0.20397554337978363,0.0,0.0,0.0,0.1480594128370285,0.0,0.0,0.07204193621873856,0.9153845906257629,0.6996806263923645,0.30892136693000793,0.8596805930137634,0.999409556388855,0.9837377667427063,0.924694836139679,0.9999790191650391,0.035991281270980835,0.003513077972456813,7.80882328399457e-05,0.002258081454783678,0.017328603193163872,7.105531494744355e-06,1.618492673216565e-09,7.38497546990402e-05,0.06368033587932587,0.011219307780265808,0.001743131666444242,0.010522209107875824,0.3387607932090759,0.9637288451194763,0.9153478145599365,0.43842512369155884,-0.1260361671447754,1.8378376960754395,1.1629542112350464,3.1339924335479736,3.432922840118408,3.4872570037841797,3.973432779312134,4.2635111808776855,3.913978338241577,3.1731486320495605,3.483126163482666,27.206941604614258,4.640064239501953
233,0.0009347426821477711,0.0,0.0,0.0,0.005288535263389349,0.0,0.0,0.026141885668039322,0.0,0.0,0.0,0.0,0.09257883578538895,0.0,0.0,0.0,0.25386640429496765,0.0,0.0,0.6211895942687988,0.12712876498699188,0.0,0.0,0.0,0.21682223677635193,0.0,0.0,0.22388769686222076,0.0,0.0,0.0,0.0,0.2035876214504242,0.0,0.0,0.0,0.1515425741672516,0.0,0.0,0.07703110575675964,0.9153845906257629,0.7010379433631897,0.31378528475761414,0.8606786131858826,0.9991533160209656,0.9865489602088928,0.9322705268859863,0.9999750852584839,0.036328259855508804,0.003574992995709181,7.964692485984415e-05,0.0025193924084305763,0.017574461176991463,7.285298124770634e-06,1.6854262430143763e-09,7.219673716463149e-05,0.06444419920444489,0.01142068114131689,0.0017775255255401134,0.010606519877910614,0.3433701694011688,0.9676339626312256,0.9238044023513794,0.45869341492652893,-0.12441585212945938,1.8115712404251099,1.1496596336364746,3.0150349140167236,3.4337871074676514,3.6206958293914795,4.062694549560547,4.19228458404541,3.945880889892578,3.2049529552459717,3.6828176975250244,27.21086883544922,4.919853687286377
234,0.000985210994258523,0.0,0.0,0.0,0.005602539051324129,0.0,0.0,0.026649273931980133,0.0,0.0,0.0,0.0,0.09260295331478119,0.0,0.0,0.0,0.253025084733963,0.0,0.0,0.6211349368095398,0.12787704169750214,0.0,0.0,0.0,0.21757563948631287,0.0,0.0,0.22491301596164703,0.0,0.0,0.0,0.0,0.20167359709739685,0.0,0.0,0.0,0.15057328343391418,0.0,0.0,0.07738743722438812,0.9134615659713745,0.7007983922958374,0.30968791246414185,0.8516965508460999,0.9990857243537903,0.9861307144165039,0.9306957721710205,0.9999307990074158,0.03616361692547798,0.003559267846867442,8.079610415734351e-05,0.0026963502168655396,0.01759122870862484,6.59673514746828e-06,1.6899608379361553e-09,7.332247332669795e-05,0.06399857252836227,0.011381941847503185,0.001770415692590177,0.010726306587457657,0.33944281935691833,0.9667620062828064,0.9231261014938354,0.4542621672153473,-0.14856792986392975,1.8227508068084717,1.1540101766586304,3.0028045177459717,3.2450613975524902,3.6569783687591553,3.971090316772461,4.11238956451416,4.082414627075195,3.1360695362091064,3.700444221496582,27.214065551757812,5.016596794128418
235,0.0009038743446581066,0.0,0.0,0.0,0.005318632815033197,0.0,0.0,0.024860695004463196,0.0,0.0,0.0,0.0,0.09382794797420502,0.0,0.0,0.0,0.25880756974220276,0.0,0.0,0.616281270980835,0.12348609417676926,0.0,0.0,0.0,0.2157995104789734,0.0,0.0,0.22598274052143097,0.0,0.0,0.0,0.0,0.20282910764217377,0.0,0.0,0.0,0.15489792823791504,0.0,0.0,0.07700461149215698,0.9173076748847961,0.6984830498695374,0.3121248483657837,0.8504989743232727,0.9991487264633179,0.9882634878158569,0.9346563816070557,0.9999229907989502,0.03609829396009445,0.003549410030245781,8.142000297084451e-05,0.0027080397121608257,0.01772492565214634,5.861345925950445e-06,1.657387338482863e-09,7.851084956200793e-05,0.0637807846069336,0.01128161046653986,0.0017737685702741146,0.010780994780361652,0.34156307578086853,0.9689157605171204,0.933829128742218,0.4575616717338562,-0.1189316138625145,1.8053730726242065,1.1602448225021362,2.9671378135681152,3.1619060039520264,3.7114946842193604,3.787602424621582,4.138152599334717,4.251577854156494,3.1239588260650635,3.593390703201294,27.21034049987793,4.932729244232178
236,0.001063280156813562,0.0,0.0,0.0,0.006395633798092604,0.0,0.0,0.028350094333291054,0.0,0.0,0.0,0.0,0.09984423965215683,0.0,0.0,0.0,0.26412665843963623,0.0,0.0,0.6002201437950134,0.12551401555538177,0.0,0.0,0.0,0.2219936102628708,0.0,0.0,0.22767341136932373,0.0,0.0,0.0,0.0,0.2006787210702896,0.0,0.0,0.0,0.1519802212715149,0.0,0.0,0.0721600204706192,0.9134615659713745,0.683073878288269,0.30277904868125916,0.8449101448059082,0.9989930391311646,0.9841297268867493,0.9263052940368652,0.9999199509620667,0.03538981080055237,0.0034696816001087427,8.137646364048123e-05,0.0024683261290192604,0.017479466274380684,5.812525159853976e-06,1.6960455262449159e-09,7.610004831803963e-05,0.06238695606589317,0.011023778468370438,0.001738679246045649,0.01068249810487032,0.3319151997566223,0.9641898274421692,0.9170447587966919,0.4369296729564667,-0.14150090515613556,1.827648401260376,1.1778367757797241,2.8899765014648438,3.0352187156677246,3.6689562797546387,3.7896735668182373,4.023789405822754,4.169367790222168,3.1259069442749023,3.554187536239624,27.214948654174805,4.686858177185059
237,0.0010267543839290738,0.0,0.0,0.0,0.006026353221386671,0.0,0.0,0.027293434366583824,0.0,0.0,0.0,0.0,0.10178854316473007,0.0,0.0,0.0,0.2665329575538635,0.0,0.0,0.5973319411277771,0.12549124658107758,0.0,0.0,0.0,0.21933366358280182,0.0,0.0,0.22441251575946808,0.0,0.0,0.0,0.0,0.20442236959934235,0.0,0.0,0.0,0.15397997200489044,0.0,0.0,0.07236023247241974,0.9134615659713745,0.6814770698547363,0.306054949760437,0.845109760761261,0.9992796778678894,0.9866552948951721,0.9279801845550537,0.9999542832374573,0.035405438393354416,0.003475143574178219,8.184430771507323e-05,0.0022414610721170902,0.017546895891427994,5.952135325060226e-06,1.6557601956179724e-09,7.091923907864839e-05,0.06237296760082245,0.011051136068999767,0.0017481714021414518,0.010757382959127426,0.33486825227737427,0.9656526446342468,0.926118016242981,0.43810951709747314,-0.13741424679756165,1.8143582344055176,1.1734193563461304,2.8255045413970947,2.884021520614624,3.716247081756592,3.925510883331299,4.1978230476379395,4.036866188049316,3.331320285797119,3.6338164806365967,27.215547561645508,4.569709300994873
238,0.0011184465838596225,0.0,0.0,0.0,0.006473007146269083,0.0,0.0,0.02937185950577259,0.0,0.0,0.0,0.0,0.09946977347135544,0.0,0.0,0.0,0.2614743113517761,0.0,0.0,0.6020926237106323,0.12500299513339996,0.0,0.0,0.0,0.21730926632881165,0.0,0.0,0.23022115230560303,0.0,0.0,0.0,0.0,0.2028343826532364,0.0,0.0,0.0,0.15103979408740997,0.0,0.0,0.073592409491539,0.9076923131942749,0.6725349426269531,0.30205243825912476,0.8381237387657166,0.9987138509750366,0.9847769141197205,0.9230021834373474,0.9999494552612305,0.035218238830566406,0.003498685546219349,8.253517444245517e-05,0.0016539113130420446,0.016956783831119537,6.020014552632347e-06,1.5906835848511491e-09,6.401894643204287e-05,0.062370672821998596,0.011077377945184708,0.0017463285475969315,0.010668599978089333,0.3305419087409973,0.9630357623100281,0.9209674000740051,0.4362940490245819,-0.11944794654846191,1.810119867324829,1.1744388341903687,2.7831943035125732,2.8325345516204834,3.6374077796936035,4.036930561065674,4.402019023895264,3.9266774654388428,3.415452718734741,3.6002416610717773,27.209779739379883,4.44611930847168
239,0.0011215910781174898,0.0,0.0,0.0,0.0063070994801819324,0.0,0.0,0.028596283867955208,0.0,0.0,0.0,0.0,0.09245474636554718,0.0,0.0,0.0,0.2523759603500366,0.0,0.0,0.6191443204879761,0.12407451122999191,0.0,0.0,0.0,0.21474400162696838,0.0,0.0,0.22887109220027924,0.0,0.0,0.0,0.0,0.2042495757341385,0.0,0.0,0.0,0.14863578975200653,0.0,0.0,0.07942503690719604,0.9019230604171753,0.6715768575668335,0.3047715425491333,0.8319361209869385,0.9977389574050903,0.9842151999473572,0.9256302118301392,0.9999371767044067,0.03566663712263107,0.0035774847492575645,8.393012103624642e-05,0.0015354121569544077,0.01688569411635399,5.2586365200113505e-06,1.6678995962138288e-09,6.150201807031408e-05,0.06376224011182785,0.011256127618253231,0.001777577679604292,0.010702541097998619,0.33293357491493225,0.9639740586280823,0.9192911982536316,0.45267683267593384,-0.09317773580551147,1.7808270454406738,1.1602715253829956,2.824655055999756,2.7813987731933594,3.654496431350708,4.051708221435547,4.684493541717529,3.8793551921844482,3.7800960540771484,3.5346810817718506,27.20583724975586,4.47921085357666
240,0.0010687747271731496,0.0,0.0,0.0,0.00622177729383111,0.0,0.0,0.02819608896970749,0.0,0.0,0.0,0.0,0.09598179906606674,0.0,0.0,0.0,0.2603135406970978,0.0,0.0,0.6082180142402649,0.12249384075403214,0.0,0.0,0.0,0.211652934551239,0.0,0.0,0.23063647747039795,0.0,0.0,0.0,0.0,0.2097727358341217,0.0,0.0,0.0,0.14942504465579987,0.0,0.0,0.07601896673440933,0.8999999761581421,0.6645509004592896,0.30586767196655273,0.8245508670806885,0.9969727396965027,0.9839719533920288,0.9270428419113159,0.999927282333374,0.03571246936917305,0.0035990001633763313,8.580258872825652e-05,0.0015099931042641401,0.016720499843358994,6.271368420129875e-06,1.725950715680824e-09,6.733015470672399e-05,0.06380954384803772,0.011272817850112915,0.0017825216054916382,0.010382512584328651,0.33345553278923035,0.9645124077796936,0.9172936677932739,0.44840893149375916,-0.14187203347682953,1.7714264392852783,1.1531853675842285,2.9593708515167236,3.1485846042633057,3.6709609031677246,3.985872268676758,4.571505546569824,3.673802137374878,3.84737229347229,3.4797675609588623,27.209613800048828,4.5871968269348145
241,0.0011770917335525155,0.0,0.0,0.0,0.005798593163490295,0.0,0.0,0.026738565415143967,0.0,0.0,0.0,0.0,0.09256820380687714,0.0,0.0,0.0,0.24896976351737976,0.0,0.0,0.6247477531433105,0.12027289718389511,0.0,0.0,0.0,0.20867760479450226,0.0,0.0,0.23009151220321655,0.0,0.0,0.0,0.0,0.20952393114566803,0.0,0.0,0.0,0.15053975582122803,0.0,0.0,0.08089430630207062,0.8980769515037537,0.6634331345558167,0.30867916345596313,0.824950098991394,0.9968071579933167,0.9846234321594238,0.9310162663459778,0.9999595284461975,0.03580424189567566,0.0036096968688070774,8.726943633519113e-05,0.0013099927455186844,0.016615664586424828,5.938441972830333e-06,1.6995330698321709e-09,5.860269448021427e-05,0.06378138810396194,0.011275832541286945,0.0017885837005451322,0.010397830978035927,0.33600494265556335,0.9662843942642212,0.917126476764679,0.46100786328315735,-0.12797321379184723,1.7549703121185303,1.154918909072876,2.8394992351531982,3.060967445373535,3.7155539989471436,3.932260751724243,4.329676628112793,3.8120133876800537,3.680999517440796,3.6915955543518066,27.2095890045166,4.804259300231934
242,0.0010871257400140166,0.0,0.0,0.0,0.005416730884462595,0.0,0.0,0.025005128234624863,0.0,0.0,0.0,0.0,0.0919242650270462,0.0,0.0,0.0,0.2544426918029785,0.0,0.0,0.6221240758895874,0.12095562368631363,0.0,0.0,0.0,0.20348867774009705,0.0,0.0,0.2292129099369049,0.0,0.0,0.0,0.0,0.2090541422367096,0.0,0.0,0.0,0.15627095103263855,0.0,0.0,0.08101770281791687,0.9019230604171753,0.6579241752624512,0.3115655481815338,0.8121756315231323,0.9970848560333252,0.9852147102355957,0.9359451532363892,0.9999544620513916,0.03596081584692001,0.0036240157205611467,8.821476512821391e-05,0.0013805597554892302,0.016842612996697426,5.607776529359398e-06,1.6611305664326892e-09,6.612997822230682e-05,0.06389060616493225,0.011324445717036724,0.001796606695279479,0.010214426554739475,0.3382226228713989,0.9684901237487793,0.9163855314254761,0.46678441762924194,-0.11676206439733505,1.7474656105041504,1.153968334197998,2.9848594665527344,3.050621509552002,3.7125773429870605,3.818917751312256,4.273262977600098,3.7237157821655273,3.734537363052368,3.6867849826812744,27.209928512573242,4.917375087738037
243,0.001038493006490171,0.0,0.0,0.0,0.005053278524428606,0.0,0.0,0.025064123794436455,0.0,0.0,0.0,0.0,0.08658183366060257,0.0,0.0,0.0,0.2500411570072174,0.0,0.0,0.6322210431098938,0.11653144657611847,0.0,0.0,0.0,0.20099535584449768,0.0,0.0,0.2275659590959549,0.0,0.0,0.0,0.0,0.21074272692203522,0.0,0.0,0.0,0.1588357388973236,0.0,0.0,0.08532877266407013,0.9038461446762085,0.6500998139381409,0.3168514370918274,0.8281437158584595,0.9966437816619873,0.9847984313964844,0.9373579025268555,0.999941885471344,0.03581241890788078,0.0036061396822333336,8.885550050763413e-05,0.0019211769104003906,0.016986379399895668,5.3397002375277225e-06,1.6103590683158586e-09,6.999121978878975e-05,0.06404659152030945,0.011308633722364902,0.0017945596482604742,0.009886812418699265,0.34286677837371826,0.9688429832458496,0.9254111051559448,0.47424381971359253,-0.15090227127075195,1.7386184930801392,1.1576697826385498,2.944929838180542,3.190932273864746,3.8017654418945312,3.7990097999572754,4.038934230804443,3.8971517086029053,3.536839246749878,3.6305975914001465,27.209232330322266,4.8968024253845215
244,0.0009499097941443324,0.0,0.0,0.0,0.004740050062537193,0.0,0.0,0.023031139746308327,0.0,0.0,0.0,0.0,0.08467794209718704,0.0,0.0,0.0,0.24857120215892792,0.0,0.0,0.6380298137664795,0.11433788388967514,0.0,0.0,0.0,0.20303593575954437,0.0,0.0,0.22391296923160553,0.0,0.0,0.0,0.0,0.20916658639907837,0.0,0.0,0.0,0.16390307247638702,0.0,0.0,0.08564355224370956,0.9038461446762085,0.6464271545410156,0.3178502023220062,0.8506985902786255,0.9966681599617004,0.9883649945259094,0.9408891201019287,0.9999840259552002,0.03614281490445137,0.00358679355122149,8.57029517646879e-05,0.002273011486977339,0.017584994435310364,4.526001248450484e-06,1.5381439455453005e-09,7.067815022310242e-05,0.06431125849485397,0.011305748485028744,0.0018000034615397453,0.010227508842945099,0.34384340047836304,0.9712778925895691,0.9370676279067993,0.4806007444858551,-0.1194644346833229,1.728392481803894,1.1575353145599365,2.8635692596435547,3.395563840866089,3.7716457843780518,3.7472541332244873,4.108786582946777,3.856182336807251,3.436126232147217,3.7898900508880615,27.192331314086914,4.737451076507568
245,0.00097421690588817,0.0,0.0,0.0,0.0053153857588768005,0.0,0.0,0.024224411696195602,0.0,0.0,0.0,0.0,0.09486021846532822,0.0,0.0,0.0,0.2620790898799896,0.0,0.0,0.6125466823577881,0.11419860273599625,0.0,0.0,0.0,0.2066793143749237,0.0,0.0,0.22648394107818604,0.0,0.0,0.0,0.0,0.21113115549087524,0.0,0.0,0.0,0.16214223206043243,0.0,0.0,0.07936473190784454,0.9096153974533081,0.6290618777275085,0.3120424747467041,0.8566865921020508,0.996400773525238,0.9865674376487732,0.9381809830665588,0.999983012676239,0.03527858853340149,0.003480542916804552,8.246889046858996e-05,0.0026785186491906643,0.017221501097083092,5.111323844175786e-06,1.4485030952471334e-09,7.36202928237617e-05,0.06275184452533722,0.01105768047273159,0.0017661539604887366,0.010420111007988453,0.33751508593559265,0.9694850444793701,0.938109278678894,0.4608173072338104,-0.14823737740516663,1.7668640613555908,1.1730380058288574,2.7860279083251953,3.418520212173462,3.7301580905914307,3.713796854019165,3.8132388591766357,3.816678524017334,3.2857260704040527,3.7111644744873047,27.184022903442383,4.803441047668457
246,0.0009098188602365553,0.0,0.0,0.0,0.005180100444704294,0.0,0.0,0.023971667513251305,0.0,0.0,0.0,0.0,0.09324909746646881,0.0,0.0,0.0,0.26776590943336487,0.0,0.0,0.6089233160018921,0.11126285046339035,0.0,0.0,0.0,0.20853814482688904,0.0,0.0,0.223422572016716,0.0,0.0,0.0,0.0,0.21142879128456116,0.0,0.0,0.0,0.1654723882675171,0.0,0.0,0.07987525314092636,0.9057692289352417,0.6181637048721313,0.3143795430660248,0.8588821887969971,0.9980967044830322,0.9850252866744995,0.9402974843978882,0.9999780058860779,0.03525862842798233,0.003468298353254795,8.312637510243803e-05,0.002891430165618658,0.017011312767863274,4.76603236165829e-06,1.5129132391322742e-09,8.302393689518794e-05,0.06232339143753052,0.010998849757015705,0.001753554679453373,0.010680551640689373,0.33907395601272583,0.9699375629425049,0.9334458112716675,0.4630751311779022,-0.15977171063423157,1.7655082941055298,1.1762503385543823,2.8003623485565186,3.339170217514038,3.8291172981262207,3.661797285079956,3.789092779159546,3.978411912918091,3.306295871734619,3.55130934715271,27.177671432495117,4.679717540740967
247,0.0009825320448726416,0.0,0.0,0.0,0.0050066751427948475,0.0,0.0,0.02331599034368992,0.0,0.0,0.0,0.0,0.09471587836742401,0.0,0.0,0.0,0.26523756980895996,0.0,0.0,0.610741376876831,0.11041192710399628,0.0,0.0,0.0,0.20579050481319427,0.0,0.0,0.22341938316822052,0.0,0.0,0.0,0.0,0.2124723494052887,0.0,0.0,0.0,0.1659882366657257,0.0,0.0,0.08191761374473572,0.9115384817123413,0.6127345561981201,0.31601250171661377,0.8586826324462891,0.9985151886940002,0.9856036305427551,0.9419732093811035,0.999985933303833,0.035286471247673035,0.0034571182914078236,8.311141573358327e-05,0.0028091648127883673,0.01679161936044693,4.600528882292565e-06,1.6169006133992525e-09,8.317596802953631e-05,0.06208013370633125,0.010947458446025848,0.0017518033273518085,0.011199267581105232,0.3402802348136902,0.9706940650939941,0.9340015649795532,0.4659382700920105,-0.1322897970676422,1.7714425325393677,1.1776528358459473,2.7407522201538086,3.107282876968384,3.861614465713501,3.6700479984283447,3.9313466548919678,4.200952529907227,3.288543939590454,3.4558849334716797,27.173439025878906,4.64312219619751
248,0.0010240222327411175,0.0,0.0,0.0,0.005339557770639658,0.0,0.0,0.024144573137164116,0.0,0.0,0.0,0.0,0.097934290766716,0.0,0.0,0.0,0.270614892244339,0.0,0.0,0.6009426712989807,0.10899501293897629,0.0,0.0,0.0,0.20765262842178345,0.0,0.0,0.22558780014514923,0.0,0.0,0.0,0.0,0.21208204329013824,0.0,0.0,0.0,0.16599410772323608,0.0,0.0,0.07968840003013611,0.9134615659713745,0.6013572812080383,0.3130187392234802,0.8580837845802307,0.9985798001289368,0.9848002195358276,0.9399185180664062,0.9999732971191406,0.03506676107645035,0.003407798008993268,8.278606401290745e-05,0.002689408604055643,0.0166170634329319,4.075246124557452e-06,1.5769336947357715e-09,8.376780897378922e-05,0.06149972975254059,0.010855826549232006,0.0017425378318876028,0.011301597580313683,0.33683308959007263,0.9694908857345581,0.9329619407653809,0.4587269425392151,-0.137120321393013,1.7819066047668457,1.1846877336502075,2.6988937854766846,2.959970235824585,3.9121224880218506,3.8011746406555176,3.856552839279175,4.1407365798950195,3.280909299850464,3.5223617553710938,27.175487518310547,4.442663669586182
249,0.0010355799458920956,0.0,0.0,0.0,0.005712370853871107,0.0,0.0,0.024156060069799423,0.0,0.0,0.0,0.0,0.10128583759069443,0.0,0.0,0.0,0.27493447065353394,0.0,0.0,0.5928757190704346,0.10563168674707413,0.0,0.0,0.0,0.20714247226715088,0.0,0.0,0.22885705530643463,0.0,0.0,0.0,0.0,0.21628879010677338,0.0,0.0,0.0,0.1636437177658081,0.0,0.0,0.07843627035617828,0.9076923131942749,0.593532919883728,0.31303372979164124,0.8429141640663147,0.9986291527748108,0.9847216606140137,0.9393004775047302,0.9999485611915588,0.03470625728368759,0.0033761034719645977,8.308877295348793e-05,0.00224264245480299,0.016174184158444405,4.674619958677795e-06,1.898181167803159e-09,7.844829087844118e-05,0.06003015860915184,0.010770859196782112,0.0017458058428019285,0.011305751278996468,0.3362090587615967,0.9690950512886047,0.933820366859436,0.45290249586105347,-0.1327044516801834,1.7878113985061646,1.1903444528579712,2.8648388385772705,2.9427683353424072,3.8183352947235107,3.7887706756591797,3.8613038063049316,4.038420677185059,3.142409563064575,3.6071667671203613,27.177698135375977,4.308599472045898
250,0.000944100203923881,0.0,0.0,0.0,0.005728159565478563,0.0,0.0,0.023573754355311394,0.0,0.0,0.0,0.0,0.09918168187141418,0.0,0.0,0.0,0.2740216851234436,0.0,0.0,0.5965505838394165,0.10157530754804611,0.0,0.0,0.0,0.2053009271621704,0.0,0.0,0.22909392416477203,0.0,0.0,0.0,0.0,0.21839627623558044,0.0,0.0,0.0,0.166116401553154,0.0,0.0,0.07951716333627701,0.9173076748847961,0.5883832573890686,0.316786527633667,0.8425149321556091,0.9984821677207947,0.9836075901985168,0.9417031407356262,0.9999403953552246,0.03468114882707596,0.0034000459127128124,8.3230494055897e-05,0.001862113713286817,0.01601945050060749,4.363625521364156e-06,2.104381335854555e-09,7.28675804566592e-05,0.06033596768975258,0.010773226618766785,0.0017546438612043858,0.01127101480960846,0.339403361082077,0.9697532653808594,0.9315038323402405,0.45681703090667725,-0.1508004367351532,1.7784055471420288,1.1919909715652466,2.9676687717437744,2.9874889850616455,3.7927258014678955,3.709855794906616,3.907547950744629,3.8533968925476074,3.207498788833618,3.592663288116455,27.182676315307617,4.27518367767334
251,0.0009053352987393737,0.0,0.0,0.0,0.005442967638373375,0.0,0.0,0.023194769397377968,0.0,0.0,0.0,0.0,0.09596581012010574,0.0,0.0,0.0,0.27166545391082764,0.0,0.0,0.6028257012367249,0.10110235959291458,0.0,0.0,0.0,0.20202045142650604,0.0,0.0,0.22820700705051422,0.0,0.0,0.0,0.0,0.21960733830928802,0.0,0.0,0.0,0.16697058081626892,0.0,0.0,0.08209225535392761,0.9211538434028625,0.5832335352897644,0.32009488344192505,0.8465069532394409,0.9988633394241333,0.9840399622917175,0.9430839419364929,0.9999754428863525,0.034725990146398544,0.0034194407053291798,8.547586912754923e-05,0.0017256009159609675,0.016017388552427292,4.610410087479977e-06,2.2853292591662466e-09,7.4105424573645e-05,0.060025304555892944,0.01085627544671297,0.0017671681707724929,0.011615021154284477,0.34222882986068726,0.9704561829566956,0.9325647354125977,0.4651790261268616,-0.11668823659420013,1.7648309469223022,1.1955033540725708,3.081646680831909,2.949763536453247,3.7402877807617188,3.557497501373291,3.9041550159454346,3.6588292121887207,3.2178170680999756,3.6548542976379395,27.180728912353516,4.389405727386475
252,0.0009328738087788224,0.0,0.0,0.0,0.005302527453750372,0.0,0.0,0.023055296391248703,0.0,0.0,0.0,0.0,0.10119573771953583,0.0,0.0,0.0,0.2818245589733124,0.0,0.0,0.5876890420913696,0.10407473146915436,0.0,0.0,0.0,0.19733063876628876,0.0,0.0,0.22979986667633057,0.0,0.0,0.0,0.0,0.22531376779079437,0.0,0.0,0.0,0.16313892602920532,0.0,0.0,0.08034207671880722,0.9096153974533081,0.5782434940338135,0.319695383310318,0.8471057415008545,0.9988015294075012,0.9855096340179443,0.9427428841590881,0.9999808073043823,0.034561846405267715,0.00338721857406199,8.557098044548184e-05,0.0017308300593867898,0.015693629160523415,4.9255259000347e-06,2.216450356584687e-09,7.337843999266624e-05,0.05971932411193848,0.010816197842359543,0.0017542241839691997,0.011649045161902905,0.3415607511997223,0.9707086086273193,0.939772367477417,0.45923611521720886,-0.17859578132629395,1.7763863801956177,1.1970590353012085,3.066127061843872,2.860165596008301,3.7156262397766113,3.6452138423919678,3.952191114425659,3.566591739654541,3.125419855117798,3.8159213066101074,27.174943923950195,4.35011625289917
253,0.0009067500359378755,0.0,0.0,0.0,0.005580397322773933,0.0,0.0,0.024830901995301247,0.0,0.0,0.0,0.0,0.10305939614772797,0.0,0.0,0.0,0.2789935767650604,0.0,0.0,0.5866289734840393,0.10337578505277634,0.0,0.0,0.0,0.19794684648513794,0.0,0.0,0.2348565012216568,0.0,0.0,0.0,0.0,0.22687801718711853,0.0,0.0,0.0,0.15867328643798828,0.0,0.0,0.07826954871416092,0.9096153974533081,0.5693413019180298,0.31559550762176514,0.8506985902786255,0.9983795881271362,0.9825356006622314,0.9401508569717407,0.9999893307685852,0.03406696021556854,0.003375421976670623,8.829277066979557e-05,0.0018232641741633415,0.015556100755929947,4.676259777625091e-06,2.2701471813491025e-09,7.476851169485599e-05,0.059078577905893326,0.010748714208602905,0.0017464396078139544,0.01131020300090313,0.3372761607170105,0.9686812162399292,0.9413367509841919,0.45139750838279724,-0.19076576828956604,1.7867283821105957,1.2036689519882202,3.0769855976104736,2.92120361328125,3.588996171951294,3.616990327835083,3.7802581787109375,3.517838478088379,3.184065103530884,3.76114821434021,27.177940368652344,4.387396335601807
254,0.0009242229862138629,0.0,0.0,0.0,0.005503063555806875,0.0,0.0,0.025694895535707474,0.0,0.0,0.0,0.0,0.10461319983005524,0.0,0.0,0.0,0.28557294607162476,0.0,0.0,0.5776917338371277,0.1033138632774353,0.0,0.0,0.0,0.19581900537014008,0.0,0.0,0.23637647926807404,0.0,0.0,0.0,0.0,0.22632497549057007,0.0,0.0,0.0,0.16108284890651703,0.0,0.0,0.07708282768726349,0.8980769515037537,0.5650299191474915,0.3158077597618103,0.8538922071456909,0.9974457621574402,0.9808763861656189,0.9396223425865173,0.9999932050704956,0.033674564212560654,0.003352333325892687,9.184455848298967e-05,0.0020042017567902803,0.015314511954784393,4.79464188174461e-06,2.4475697024683996e-09,8.188422361854464e-05,0.058420147746801376,0.010646620765328407,0.0017351964488625526,0.010973066091537476,0.33724600076675415,0.9678767919540405,0.9356369972229004,0.4492490291595459,-0.1822272539138794,1.7949527502059937,1.2161842584609985,3.042142391204834,2.739597797393799,3.5801570415496826,3.634999990463257,3.551090955734253,3.511535167694092,3.1899595260620117,3.576460123062134,27.176280975341797,4.55124044418335
255,0.0009118918678723276,0.0,0.0,0.0,0.005200731568038464,0.0,0.0,0.024841975420713425,0.0,0.0,0.0,0.0,0.0976339727640152,0.0,0.0,0.0,0.2731265127658844,0.0,0.0,0.598284900188446,0.10289134085178375,0.0,0.0,0.0,0.19647982716560364,0.0,0.0,0.2338896244764328,0.0,0.0,0.0,0.0,0.22312110662460327,0.0,0.0,0.0,0.16340944170951843,0.0,0.0,0.08020865172147751,0.8980769515037537,0.5682235360145569,0.3168888986110687,0.845109760761261,0.9983418583869934,0.9814260005950928,0.9419286847114563,0.9999841451644897,0.03371214121580124,0.003365113167092204,9.173291618935764e-05,0.0019796304404735565,0.015237205661833286,4.702478690887801e-06,2.7174340555546905e-09,8.303166396217421e-05,0.05855635926127434,0.010687929578125477,0.0017347113462164998,0.01082777138799429,0.33833396434783936,0.96904456615448,0.929723858833313,0.4622480571269989,-0.15203739702701569,1.7907196283340454,1.2225335836410522,3.0680017471313477,2.611370086669922,3.4643666744232178,3.6593215465545654,3.524585008621216,3.4646902084350586,3.2093145847320557,3.509523868560791,27.180496215820312,4.648681640625
256,0.0009040257427841425,0.0,0.0,0.0,0.00530732749029994,0.0,0.0,0.024953704327344894,0.0,0.0,0.0,0.0,0.09872754663228989,0.0,0.0,0.0,0.2737864851951599,0.0,0.0,0.5963208675384521,0.10166355967521667,0.0,0.0,0.0,0.19645138084888458,0.0,0.0,0.2352026104927063,0.0,0.0,0.0,0.0,0.22537875175476074,0.0,0.0,0.0,0.1603153645992279,0.0,0.0,0.0809883400797844,0.9019230604171753,0.5638722777366638,0.31697878241539,0.8481037616729736,0.9983323812484741,0.9814539551734924,0.9415802955627441,0.9999897480010986,0.03331908583641052,0.003360023023560643,9.11628594622016e-05,0.001920976210385561,0.015054425224661827,5.0919352361233905e-06,2.7237776478727938e-09,8.48322524689138e-05,0.05816604197025299,0.010623972862958908,0.0017192430095747113,0.010694648139178753,0.3382040560245514,0.9688339233398438,0.9355979561805725,0.46112221479415894,-0.1699003428220749,1.7981529235839844,1.2244484424591064,3.0377957820892334,2.5591533184051514,3.5218396186828613,3.6111509799957275,3.552264928817749,3.4359359741210938,3.0579376220703125,3.5367069244384766,27.18095588684082,4.802849769592285
257,0.000872534466907382,0.0,0.0,0.0,0.005602855700999498,0.0,0.0,0.024601081386208534,0.0,0.0,0.0,0.0,0.09201469272375107,0.0,0.0,0.0,0.26929208636283875,0.0,0.0,0.6076167225837708,0.10246863961219788,0.0,0.0,0.0,0.19740800559520721,0.0,0.0,0.23558303713798523,0.0,0.0,0.0,0.0,0.22091856598854065,0.0,0.0,0.0,0.16201721131801605,0.0,0.0,0.08160454034805298,0.9019230604171753,0.5623952150344849,0.3150986433029175,0.8455089330673218,0.9979555606842041,0.9794474840164185,0.9432236552238464,0.999990701675415,0.03336193412542343,0.0033706468529999256,9.063658944796771e-05,0.0017116479575634003,0.01499125175178051,3.993593509221682e-06,2.637048135412101e-09,7.537637429777533e-05,0.057789359241724014,0.01057939138263464,0.0017143262084573507,0.01064993068575859,0.3363412916660309,0.96892249584198,0.9113181829452515,0.46693235635757446,-0.16716426610946655,1.7910598516464233,1.228890061378479,3.1123383045196533,2.586732864379883,3.560763359069824,3.5011980533599854,3.5968663692474365,3.3558919429779053,3.1039772033691406,3.4999818801879883,27.183799743652344,4.606875419616699
258,0.000883033499121666,0.0,0.0,0.0,0.00550232594832778,0.0,0.0,0.024161096662282944,0.0,0.0,0.0,0.0,0.09110472351312637,0.0,0.0,0.0,0.26952096819877625,0.0,0.0,0.6088278293609619,0.10209847241640091,0.0,0.0,0.0,0.1988314390182495,0.0,0.0,0.23119428753852844,0.0,0.0,0.0,0.0,0.22219623625278473,0.0,0.0,0.0,0.1633838266134262,0.0,0.0,0.0822957307100296,0.9019230604171753,0.5580838322639465,0.3180125057697296,0.8479041457176208,0.9984527826309204,0.9801856279373169,0.9440538883209229,0.9999920725822449,0.03312249481678009,0.0033343343529850245,8.945867011789232e-05,0.0017369282431900501,0.014819061383605003,4.033987352158874e-06,2.540768040404373e-09,8.048954623518512e-05,0.057456422597169876,0.010484236292541027,0.0017049359157681465,0.010744853876531124,0.3388257622718811,0.9694527983665466,0.915278434753418,0.46729645133018494,-0.15278780460357666,1.8011833429336548,1.2395951747894287,3.060965061187744,2.6094563007354736,3.4669747352600098,3.366426706314087,3.665544271469116,3.279420852661133,3.100085735321045,3.4408164024353027,27.183561325073242,4.531846523284912
259,0.000881596643012017,0.0,0.0,0.0,0.006125118583440781,0.0,0.0,0.02464812807738781,0.0,0.0,0.0,0.0,0.09235640615224838,0.0,0.0,0.0,0.2749882936477661,0.0,0.0,0.6010005474090576,0.10509954392910004,0.0,0.0,0.0,0.2057347446680069,0.0,0.0,0.23126450181007385,0.0,0.0,0.0,0.0,0.21777212619781494,0.0,0.0,0.0,0.16010421514511108,0.0,0.0,0.08002486824989319,0.9019230604171753,0.548143744468689,0.310856431722641,0.8343313336372375,0.9975666403770447,0.9786149263381958,0.9428391456604004,0.9999848008155823,0.032862741500139236,0.0033107674680650234,8.651326061226428e-05,0.0015011156210675836,0.014788225293159485,4.814857675228268e-06,2.5782569412768908e-09,7.747111521894112e-05,0.056901417672634125,0.010370592586696148,0.0016971013974398375,0.010658023878932,0.3314419686794281,0.96834397315979,0.9046666026115417,0.460109680891037,-0.17472511529922485,1.8157511949539185,1.2414543628692627,3.051408529281616,2.6331684589385986,3.432098627090454,3.3552310466766357,3.679922103881836,3.3900582790374756,3.176886796951294,3.3573029041290283,27.17125701904297,4.342493534088135
260,0.000888945534825325,0.0,0.0,0.0,0.0060991863720119,0.0,0.0,0.023721791803836823,0.0,0.0,0.0,0.0,0.08546150475740433,0.0,0.0,0.0,0.26654496788978577,0.0,0.0,0.6172835826873779,0.10572846978902817,0.0,0.0,0.0,0.20737159252166748,0.0,0.0,0.22897841036319733,0.0,0.0,0.0,0.0,0.21144090592861176,0.0,0.0,0.0,0.16168878972530365,0.0,0.0,0.08479185402393341,0.9038461446762085,0.5527345538139343,0.3105393350124359,0.8211576342582703,0.9981736540794373,0.979800283908844,0.9442684054374695,0.9999698996543884,0.03289324417710304,0.0033091483637690544,8.406340930378065e-05,0.0014146831817924976,0.014706382527947426,4.859059117734432e-06,2.517450248262776e-09,6.802164716646075e-05,0.05706246197223663,0.010354721918702126,0.001701178029179573,0.010548652149736881,0.33126336336135864,0.969289243221283,0.9015860557556152,0.4734087884426117,-0.1330873966217041,1.804123878479004,1.2470401525497437,3.0284183025360107,2.661879301071167,3.4468719959259033,3.287691831588745,3.736112117767334,3.43387770652771,2.980928897857666,3.4434988498687744,27.169635772705078,4.187941074371338
261,0.0009716121130622923,0.0,0.0,0.0,0.006998854223638773,0.0,0.0,0.025534357875585556,0.0,0.0,0.0,0.0,0.08981755375862122,0.0,0.0,0.0,0.271759957075119,0.0,0.0,0.6049176454544067,0.10360435396432877,0.0,0.0,0.0,0.21557161211967468,0.0,0.0,0.23105275630950928,0.0,0.0,0.0,0.0,0.21121853590011597,0.0,0.0,0.0,0.1576889306306839,0.0,0.0,0.08086381107568741,0.8961538672447205,0.5478642582893372,0.3044869005680084,0.8127744197845459,0.9974339008331299,0.9782688617706299,0.9392154216766357,0.9999585747718811,0.0327194519340992,0.003293748013675213,8.264806820079684e-05,0.0014455255586653948,0.01471543125808239,5.236514880380128e-06,2.5357085320365513e-09,7.414323772536591e-05,0.05663635581731796,0.010247764177620411,0.0016932884464040399,0.01037796400487423,0.3252505362033844,0.966494083404541,0.891928493976593,0.45926064252853394,-0.15392574667930603,1.820985198020935,1.2459946870803833,3.0239315032958984,2.6288139820098877,3.3425819873809814,3.360147714614868,3.8775954246520996,3.6462013721466064,2.925767183303833,3.4820995330810547,27.173404693603516,3.9608914852142334
262,0.0008813758031465113,0.0,0.0,0.0,0.006145942490547895,0.0,0.0,0.0236565750092268,0.0,0.0,0.0,0.0,0.08874452114105225,0.0,0.0,0.0,0.2743982970714569,0.0,0.0,0.6061732172966003,0.09774208813905716,0.0,0.0,0.0,0.20807988941669464,0.0,0.0,0.2341742217540741,0.0,0.0,0.0,0.0,0.21359694004058838,0.0,0.0,0.0,0.16165247559547424,0.0,0.0,0.08475437015295029,0.8999999761581421,0.5548104047775269,0.3114856481552124,0.8073852062225342,0.9977760910987854,0.9805768728256226,0.9440239667892456,0.9999418258666992,0.032808758318424225,0.0033386058639734983,8.591033110860735e-05,0.0015466578770428896,0.014741428196430206,5.186041562410537e-06,2.504068730146969e-09,7.784734043525532e-05,0.056936994194984436,0.010324940085411072,0.0017149714985862374,0.010609714314341545,0.33209845423698425,0.9693152904510498,0.8990481495857239,0.4682613015174866,-0.17370736598968506,1.7860565185546875,1.2465254068374634,2.99190092086792,2.7419581413269043,3.3590266704559326,3.2846591472625732,4.028944969177246,3.607689380645752,3.088689088821411,3.4219956398010254,27.176334381103516,3.691943645477295
263,0.0009779398096725345,0.0,0.0,0.0,0.006555553060024977,0.0,0.0,0.024912115186452866,0.0,0.0,0.0,0.0,0.09208682179450989,0.0,0.0,0.0,0.2758040130138397,0.0,0.0,0.5996635556221008,0.09907923638820648,0.0,0.0,0.0,0.21457794308662415,0.0,0.0,0.23354919254779816,0.0,0.0,0.0,0.0,0.2128296196460724,0.0,0.0,0.0,0.15819446742534637,0.0,0.0,0.08176953345537186,0.8999999761581421,0.5533732771873474,0.30599501729011536,0.7999999523162842,0.9977520108222961,0.9802236557006836,0.9403611421585083,0.9998915791511536,0.032473593950271606,0.003319001058116555,8.562396396882832e-05,0.0015953776892274618,0.014555580914020538,5.139194854564266e-06,2.719703795506234e-09,8.043719572015107e-05,0.055828724056482315,0.010222258977591991,0.0017044241540133953,0.010291588492691517,0.3268279731273651,0.9675533175468445,0.886481523513794,0.46181246638298035,-0.16757890582084656,1.8045883178710938,1.2557038068771362,2.995664358139038,2.5212178230285645,3.2992284297943115,3.078036069869995,3.8848280906677246,3.7886462211608887,3.208824396133423,3.5099802017211914,27.181743621826172,3.6160194873809814
264,0.0009323264239355922,0.0,0.0,0.0,0.005846607964485884,0.0,0.0,0.023606259375810623,0.0,0.0,0.0,0.0,0.08537396788597107,0.0,0.0,0.0,0.2570599913597107,0.0,0.0,0.6271808743476868,0.09720882773399353,0.0,0.0,0.0,0.21139231324195862,0.0,0.0,0.23102246224880219,0.0,0.0,0.0,0.0,0.21033139526844025,0.0,0.0,0.0,0.16244229674339294,0.0,0.0,0.08760271966457367,0.8999999761581421,0.5595608949661255,0.3111535608768463,0.8181636333465576,0.9978933334350586,0.980774998664856,0.9444580078125,0.9999566078186035,0.033186547458171844,0.003390052355825901,8.549873746233061e-05,0.00159246358089149,0.014931325800716877,5.065278401161777e-06,2.614840344250524e-09,7.684421143494546e-05,0.05718288570642471,0.010473771020770073,0.0017342906212434173,0.010413862764835358,0.33219125866889954,0.9696138501167297,0.8919427990913391,0.4804898202419281,-0.1553148329257965,1.7728908061981201,1.2331392765045166,3.1949286460876465,2.764457941055298,3.200165271759033,3.1509807109832764,3.9286458492279053,3.8286867141723633,3.278353214263916,3.5397982597351074,27.187227249145508,3.8342058658599854
265,0.0009218627819791436,0.0,0.0,0.0,0.0056873224675655365,0.0,0.0,0.025045396760106087,0.0,0.0,0.0,0.0,0.08577955514192581,0.0,0.0,0.0,0.266602098941803,0.0,0.0,0.6159636974334717,0.09654383361339569,0.0,0.0,0.0,0.21029295027256012,0.0,0.0,0.2328035533428192,0.0,0.0,0.0,0.0,0.21088778972625732,0.0,0.0,0.0,0.16504988074302673,0.0,0.0,0.08442199230194092,0.8980769515037537,0.5527345538139343,0.3115156292915344,0.8185628652572632,0.998127818107605,0.9804133176803589,0.9417510628700256,0.9999755620956421,0.03314341604709625,0.0033566404599696398,8.591505320509896e-05,0.001641737064346671,0.014851224608719349,5.045019861427136e-06,2.4025621492285154e-09,7.264957093866542e-05,0.056798264384269714,0.010426046326756477,0.001726834336295724,0.010322547517716885,0.3321332633495331,0.9683444499969482,0.8995195627212524,0.4730931222438812,-0.11795888841152191,1.7896705865859985,1.2396070957183838,2.997363567352295,2.725674867630005,3.2729783058166504,3.181901454925537,4.098924160003662,3.772817611694336,3.0388190746307373,3.584074020385742,27.178298950195312,3.8179128170013428
266,0.0008441882091574371,0.0,0.0,0.0,0.005512807983905077,0.0,0.0,0.024586329236626625,0.0,0.0,0.0,0.0,0.08847083896398544,0.0,0.0,0.0,0.2710863947868347,0.0,0.0,0.609499454498291,0.09891173243522644,0.0,0.0,0.0,0.20838451385498047,0.0,0.0,0.22898563742637634,0.0,0.0,0.0,0.0,0.21334023773670197,0.0,0.0,0.0,0.16616927087306976,0.0,0.0,0.08420860022306442,0.9019230604171753,0.5590818524360657,0.31351563334465027,0.8299400806427002,0.9980668425559998,0.9815612435340881,0.942501425743103,0.9999814629554749,0.03338732570409775,0.003378629684448242,8.604460163041949e-05,0.0018231436843052506,0.014981347136199474,5.02426655657473e-06,2.519713104831567e-09,7.921751239337027e-05,0.057664841413497925,0.010524824261665344,0.0017371424473822117,0.010432785376906395,0.3344970941543579,0.9690557718276978,0.9159528613090515,0.47203490138053894,-0.16459333896636963,1.7844812870025635,1.2321418523788452,3.102466583251953,2.7834434509277344,3.2393062114715576,3.383542776107788,3.822282075881958,3.7611820697784424,3.1224045753479004,3.5135605335235596,27.1830997467041,4.0265703201293945
267,0.0007976111373864114,0.0,0.0,0.0,0.006137350108474493,0.0,0.0,0.027097180485725403,0.0,0.0,0.0,0.0,0.08962946385145187,0.0,0.0,0.0,0.2705184817314148,0.0,0.0,0.605819821357727,0.1001533567905426,0.0,0.0,0.0,0.20973949134349823,0.0,0.0,0.2301996797323227,0.0,0.0,0.0,0.0,0.21398970484733582,0.0,0.0,0.0,0.16516686975955963,0.0,0.0,0.08075089007616043,0.8961538672447205,0.555728554725647,0.31084147095680237,0.8327345252037048,0.9976184964179993,0.9798293113708496,0.9364637732505798,0.999980628490448,0.033364444971084595,0.0033506213221699,8.677344885654747e-05,0.0022908691316843033,0.015132378786802292,4.420279765326995e-06,2.3996620246435896e-09,8.379656355828047e-05,0.057604506611824036,0.01051944587379694,0.0017245945055037737,0.009894991293549538,0.3318432867527008,0.9659667015075684,0.9004271626472473,0.46376198530197144,-0.165137380361557,1.799597144126892,1.2412264347076416,3.069154977798462,2.7627294063568115,3.3759407997131348,3.402705669403076,3.6472160816192627,3.5925545692443848,3.030924081802368,3.4442460536956787,27.182355880737305,4.0915913581848145
268,0.0008037987863644958,0.0,0.0,0.0,0.0052100177854299545,0.0,0.0,0.025533821433782578,0.0,0.0,0.0,0.0,0.08395382016897202,0.0,0.0,0.0,0.2621104121208191,0.0,0.0,0.6223881244659424,0.10159161686897278,0.0,0.0,0.0,0.19798611104488373,0.0,0.0,0.22910776734352112,0.0,0.0,0.0,0.0,0.21680961549282074,0.0,0.0,0.0,0.1683470457792282,0.0,0.0,0.08615782111883163,0.8942307829856873,0.5617165565490723,0.3191435933113098,0.8379241228103638,0.9984935522079468,0.9821581244468689,0.9403169751167297,0.9999895095825195,0.034273140132427216,0.003413284895941615,9.128723468165845e-05,0.0022065958473831415,0.01549956202507019,4.1906341721187346e-06,2.285463818196831e-09,8.953390351962298e-05,0.059192903339862823,0.010766612365841866,0.0017743709031492472,0.010380025021731853,0.3399624228477478,0.9684516191482544,0.9206727743148804,0.48037198185920715,-0.13936254382133484,1.754001498222351,1.2219120264053345,3.2281672954559326,2.889672040939331,3.3227767944335938,3.630018711090088,3.833829879760742,3.5710127353668213,3.2216689586639404,3.403455972671509,27.176780700683594,4.012836456298828
269,0.0007661385461688042,0.0,0.0,0.0,0.004342323634773493,0.0,0.0,0.02263498492538929,0.0,0.0,0.0,0.0,0.0864722803235054,0.0,0.0,0.0,0.25653910636901855,0.0,0.0,0.6292451620101929,0.09917435050010681,0.0,0.0,0.0,0.19127584993839264,0.0,0.0,0.22851528227329254,0.0,0.0,0.0,0.0,0.22139739990234375,0.0,0.0,0.0,0.17024704813957214,0.0,0.0,0.08939007669687271,0.8961538672447205,0.5750898122787476,0.32586267590522766,0.8337324857711792,0.998356819152832,0.988706648349762,0.9447041749954224,0.9999882578849792,0.03482276573777199,0.003480376210063696,9.122007759287953e-05,0.0021023352164775133,0.01580685004591942,4.436380095285131e-06,2.1622570400836594e-09,8.347599214175716e-05,0.059998977929353714,0.010943038389086723,0.0018035736866295338,0.01077042892575264,0.3469356298446655,0.9722557663917542,0.9490395188331604,0.49063581228256226,-0.08788502216339111,1.7276474237442017,1.2055658102035522,3.123809337615967,3.3471620082855225,3.322244167327881,3.7538280487060547,3.740145683288574,3.6742799282073975,3.252565622329712,3.471644878387451,27.180917739868164,4.040560722351074
270,0.0008913741912692785,0.0,0.0,0.0,0.004977559670805931,0.0,0.0,0.02277309074997902,0.0,0.0,0.0,0.0,0.08873490989208221,0.0,0.0,0.0,0.2513981759548187,0.0,0.0,0.6312248706817627,0.10197422653436661,0.0,0.0,0.0,0.19477654993534088,0.0,0.0,0.2263750582933426,0.0,0.0,0.0,0.0,0.22188717126846313,0.0,0.0,0.0,0.16464722156524658,0.0,0.0,0.0903397724032402,0.8999999761581421,0.5759680867195129,0.322811484336853,0.8291416764259338,0.999151885509491,0.9882475733757019,0.9427533745765686,0.9999868869781494,0.0345640555024147,0.003478102385997772,9.245256660506129e-05,0.0016416141297668219,0.0159335657954216,4.543836439552251e-06,2.072736648983664e-09,7.415736035909504e-05,0.05959714204072952,0.010914662852883339,0.0018110040109604597,0.010930788703262806,0.3441031873226166,0.9713570475578308,0.9463785886764526,0.4874204993247986,-0.1036662608385086,1.734878420829773,1.210544228553772,3.1117494106292725,3.18233585357666,3.4780585765838623,3.6723380088806152,3.8116607666015625,3.546761989593506,3.3074424266815186,3.434260368347168,27.186037063598633,3.996262788772583
271,0.0008754271548241377,0.0,0.0,0.0,0.004519731272011995,0.0,0.0,0.021362558007240295,0.0,0.0,0.0,0.0,0.08411981165409088,0.0,0.0,0.0,0.24010919034481049,0.0,0.0,0.6490132808685303,0.1004769578576088,0.0,0.0,0.0,0.1906781941652298,0.0,0.0,0.22511714696884155,0.0,0.0,0.0,0.0,0.21987797319889069,0.0,0.0,0.0,0.16690412163734436,0.0,0.0,0.09694558382034302,0.8980769515037537,0.5811177492141724,0.32767292857170105,0.8277444839477539,0.998008131980896,0.9891498684883118,0.9465903639793396,0.9999890923500061,0.0351373553276062,0.0035494649782776833,9.498120925854892e-05,0.0015103400219231844,0.016001004725694656,4.906695266981842e-06,1.874753463582124e-09,7.273491064552218e-05,0.06102246418595314,0.011095458641648293,0.001849119900725782,0.011159771122038364,0.3489004373550415,0.9732416272163391,0.9480422735214233,0.5035853385925293,-0.07252748310565948,1.701045274734497,1.197747826576233,3.1243739128112793,3.4314842224121094,3.5594077110290527,3.72685170173645,3.896801233291626,3.373879909515381,3.2868313789367676,3.5740623474121094,27.192235946655273,4.067478656768799
272,0.0009356175432913005,0.0,0.0,0.0,0.004692329093813896,0.0,0.0,0.02088923752307892,0.0,0.0,0.0,0.0,0.08381324261426926,0.0,0.0,0.0,0.23718036711215973,0.0,0.0,0.6524892449378967,0.0997612327337265,0.0,0.0,0.0,0.19341672956943512,0.0,0.0,0.2262880653142929,0.0,0.0,0.0,0.0,0.21853700280189514,0.0,0.0,0.0,0.16494795680046082,0.0,0.0,0.09704900532960892,0.8961538672447205,0.58734530210495,0.32514357566833496,0.8253492712974548,0.9981533885002136,0.9896863102912903,0.9467612504959106,0.9999875426292419,0.034757621586322784,0.0035514510236680508,9.440058784093708e-05,0.001551046734675765,0.016212087124586105,5.819987563882023e-06,1.940126281851917e-09,7.051640568533912e-05,0.060777828097343445,0.011032299138605595,0.0018390484619885683,0.011034363880753517,0.34688225388526917,0.9734821915626526,0.9417722225189209,0.5051277279853821,-0.09125478565692902,1.7105590105056763,1.206135630607605,3.107664108276367,3.249265432357788,3.7079665660858154,3.756274938583374,3.741762638092041,3.311561107635498,3.3593368530273438,3.4051713943481445,27.19232177734375,4.0825910568237305
273,0.0008815664332360029,0.0,0.0,0.0,0.004212626256048679,0.0,0.0,0.018739037215709686,0.0,0.0,0.0,0.0,0.08005129545927048,0.0,0.0,0.0,0.23966675996780396,0.0,0.0,0.6564487218856812,0.09927990287542343,0.0,0.0,0.0,0.1880187690258026,0.0,0.0,0.22497187554836273,0.0,0.0,0.0,0.0,0.21388433873653412,0.0,0.0,0.0,0.17296749353408813,0.0,0.0,0.10087761282920837,0.9076923131942749,0.5886227488517761,0.330471932888031,0.8277444839477539,0.9986200928688049,0.9909185171127319,0.9520969986915588,0.9999876618385315,0.03489027917385101,0.0035604829899966717,9.525526547804475e-05,0.0018383918795734644,0.01616041734814644,5.262404556560796e-06,2.0014496726616926e-09,7.666950114071369e-05,0.06122611090540886,0.011070259846746922,0.0018550585955381393,0.011262763291597366,0.351948618888855,0.9761661887168884,0.9398921728134155,0.5183201432228088,-0.056400835514068604,1.6954798698425293,1.2077875137329102,3.175830364227295,2.988024950027466,3.780034065246582,3.663658618927002,3.8330495357513428,3.357422351837158,3.3092966079711914,3.5333735942840576,27.188705444335938,4.019278049468994
274,0.0008930872427299619,0.0,0.0,0.0,0.004278950858861208,0.0,0.0,0.018259402364492416,0.0,0.0,0.0,0.0,0.07287620007991791,0.0,0.0,0.0,0.23974528908729553,0.0,0.0,0.6639470458030701,0.09948736429214478,0.0,0.0,0.0,0.18618284165859222,0.0,0.0,0.22433669865131378,0.0,0.0,0.0,0.0,0.20878718793392181,0.0,0.0,0.0,0.17585614323616028,0.0,0.0,0.10534976422786713,0.9076923131942749,0.5929341316223145,0.3319775462150574,0.8327345252037048,0.9990311861038208,0.9904640316963196,0.9533953070640564,0.9999849200248718,0.035023197531700134,0.003538744058459997,9.495353879174218e-05,0.0022629781160503626,0.016549954190850258,6.402724466170184e-06,1.841876873243109e-09,8.669123781146482e-05,0.0610627681016922,0.011061623692512512,0.001860184594988823,0.011086261831223965,0.35365596413612366,0.9765679836273193,0.9368218183517456,0.529718816280365,-0.05872349441051483,1.692029595375061,1.2107597589492798,3.072937488555908,2.8295609951019287,3.755776882171631,3.713495969772339,3.9546878337860107,3.4624898433685303,3.0460121631622314,3.656632423400879,27.187959671020508,4.08207368850708
275,0.00082865369040519,0.0,0.0,0.0,0.0036593435797840357,0.0,0.0,0.016402555629611015,0.0,0.0,0.0,0.0,0.06910507380962372,0.0,0.0,0.0,0.2333844155073166,0.0,0.0,0.6766200065612793,0.09701333940029144,0.0,0.0,0.0,0.1827358901500702,0.0,0.0,0.21990033984184265,0.0,0.0,0.0,0.0,0.20996302366256714,0.0,0.0,0.0,0.17821893095970154,0.0,0.0,0.11216846108436584,0.9115384817123413,0.590938150882721,0.33998003602027893,0.8373253345489502,0.9989569783210754,0.9916297793388367,0.9585076570510864,0.9999769926071167,0.035715728998184204,0.003570107277482748,9.641353972256184e-05,0.0026596097741276026,0.017012745141983032,6.319351996353362e-06,2.191387959982194e-09,9.622106153983623e-05,0.061711568385362625,0.011187370866537094,0.001884646131657064,0.011394255794584751,0.36103278398513794,0.979108989238739,0.942559003829956,0.5461373925209045,-0.02227691560983658,1.6703495979309082,1.2008450031280518,3.0709331035614014,2.815891742706299,3.988431215286255,3.662426710128784,3.939495325088501,3.605415105819702,3.089026927947998,3.662795305252075,27.185449600219727,4.123653411865234
276,0.0007334208930842578,0.0,0.0,0.0,0.0035866901744157076,0.0,0.0,0.01622076891362667,0.0,0.0,0.0,0.0,0.07227818667888641,0.0,0.0,0.0,0.2470640242099762,0.0,0.0,0.660116970539093,0.09694935381412506,0.0,0.0,0.0,0.18184272944927216,0.0,0.0,0.22059546411037445,0.0,0.0,0.0,0.0,0.21153901517391205,0.0,0.0,0.0,0.1804635226726532,0.0,0.0,0.10860989987850189,0.9057692289352417,0.5869461297988892,0.3403620719909668,0.8435129523277283,0.9987717270851135,0.9922889471054077,0.9591373205184937,0.9999812245368958,0.03546886146068573,0.003534484189003706,9.713984036352485e-05,0.002944722305983305,0.016840703785419464,6.185144229675643e-06,2.255046149812756e-09,0.0001047787518473342,0.06182532757520676,0.011116843670606613,0.0018887047190219164,0.011847185902297497,0.36122065782546997,0.9794585704803467,0.9436777830123901,0.535171389579773,-0.03813393414020538,1.6790964603424072,1.1964524984359741,2.9172451496124268,2.8098762035369873,3.9700100421905518,3.691920280456543,3.987386703491211,3.702561378479004,3.102158308029175,3.753852128982544,27.180315017700195,4.202612400054932
277,0.0007490331772714853,0.0,0.0,0.0,0.003604582278057933,0.0,0.0,0.015406609512865543,0.0,0.0,0.0,0.0,0.06806646287441254,0.0,0.0,0.0,0.22689376771450043,0.0,0.0,0.6852795481681824,0.09881453216075897,0.0,0.0,0.0,0.18411211669445038,0.0,0.0,0.2171681970357895,0.0,0.0,0.0,0.0,0.20616558194160461,0.0,0.0,0.0,0.17814460396766663,0.0,0.0,0.11559496819972992,0.9096153974533081,0.5829940438270569,0.34005993604660034,0.839920163154602,0.9988367557525635,0.9914057850837708,0.9615373015403748,0.9999627470970154,0.035476960241794586,0.003516462864354253,9.73640926531516e-05,0.002994559006765485,0.01683983951807022,5.693842922482872e-06,2.3425552608813405e-09,0.00010393818229204044,0.06178441643714905,0.011090343818068504,0.0018879221752285957,0.011828171089291573,0.3606732189655304,0.9802391529083252,0.9434469938278198,0.5460447072982788,0.01360456645488739,1.6726871728897095,1.1987700462341309,2.889723300933838,2.7780439853668213,4.12578821182251,3.668943166732788,4.068127155303955,3.773402452468872,2.8912322521209717,3.668825149536133,27.18241310119629,4.211832523345947
278,0.0007236943347379565,0.0,0.0,0.0,0.0037494488060474396,0.0,0.0,0.015011787414550781,0.0,0.0,0.0,0.0,0.06469523161649704,0.0,0.0,0.0,0.22282618284225464,0.0,0.0,0.692993700504303,0.09757516533136368,0.0,0.0,0.0,0.18258267641067505,0.0,0.0,0.2145143300294876,0.0,0.0,0.0,0.0,0.20877517759799957,0.0,0.0,0.0,0.17822851240634918,0.0,0.0,0.1183241456747055,0.9096153974533081,0.5807983875274658,0.34476906061172485,0.8291416764259338,0.9988004565238953,0.9914470911026001,0.9623478651046753,0.9999067187309265,0.03488178551197052,0.0034520397894084454,9.696992492536083e-05,0.002974860602989793,0.01630575768649578,6.044781002856325e-06,2.3238926338819965e-09,0.0001037583060679026,0.06150689721107483,0.010929970070719719,0.0018726261332631111,0.011852158233523369,0.36479541659355164,0.980514645576477,0.942686915397644,0.5540493726730347,0.005777124315500259,1.677838921546936,1.2204432487487793,2.900320291519165,2.5890378952026367,3.999865770339966,3.4892053604125977,3.88580322265625,3.854887008666992,2.9156315326690674,3.5032145977020264,27.18004608154297,4.100479602813721
279,0.0006380828563123941,0.0,0.0,0.0,0.0034959744662046432,0.0,0.0,0.01507633738219738,0.0,0.0,0.0,0.0,0.06640968471765518,0.0,0.0,0.0,0.22493182122707367,0.0,0.0,0.6894480586051941,0.09549887478351593,0.0,0.0,0.0,0.1859704852104187,0.0,0.0,0.21675971150398254,0.0,0.0,0.0,0.0,0.20858196914196014,0.0,0.0,0.0,0.17536091804504395,0.0,0.0,0.11782804131507874,0.9134615659713745,0.5795209407806396,0.34265419840812683,0.8337324857711792,0.9981583952903748,0.9918787479400635,0.9629231691360474,0.9999438524246216,0.034529730677604675,0.0034067437518388033,9.569380927132443e-05,0.0029630104545503855,0.016071107238531113,4.418358912516851e-06,2.570889945374688e-09,0.0001026638419716619,0.060857437551021576,0.010792088694870472,0.0018546395003795624,0.011566433124244213,0.362814337015152,0.9807892441749573,0.9479190111160278,0.5546855926513672,0.018470462411642075,1.6911529302597046,1.2303085327148438,2.817145347595215,2.701899766921997,3.8282511234283447,3.4953386783599854,3.893005847930908,3.7714881896972656,2.878633975982666,3.4777684211730957,27.175994873046875,3.9838297367095947
280,0.0006442346493713558,0.0,0.0,0.0,0.003723562229424715,0.0,0.0,0.016072381287813187,0.0,0.0,0.0,0.0,0.06793436408042908,0.0,0.0,0.0,0.2313781976699829,0.0,0.0,0.6802472472190857,0.09564394503831863,0.0,0.0,0.0,0.18336166441440582,0.0,0.0,0.2205645591020584,0.0,0.0,0.0,0.0,0.21086126565933228,0.0,0.0,0.0,0.17755894362926483,0.0,0.0,0.11200962215662003,0.9096153974533081,0.5738123655319214,0.34195756912231445,0.839920163154602,0.9983453750610352,0.990908145904541,0.9609508514404297,0.9999808073043823,0.03402305394411087,0.003333800006657839,9.565740765538067e-05,0.0028489730320870876,0.015704886987805367,5.030466127209365e-06,2.5343964704660493e-09,9.853828669292852e-05,0.06049990653991699,0.010678890161216259,0.0018436621176078916,0.011394454166293144,0.3619026839733124,0.9795592427253723,0.9541777968406677,0.546734094619751,-0.0062301307916641235,1.7056905031204224,1.239261269569397,2.88468861579895,2.784761428833008,3.6941730976104736,3.436850070953369,3.8498198986053467,3.6556999683380127,2.9912712574005127,3.371960401535034,27.174949645996094,3.816556215286255
281,0.000639731646515429,0.0,0.0,0.0,0.003804794978350401,0.0,0.0,0.01569019816815853,0.0,0.0,0.0,0.0,0.07204364985227585,0.0,0.0,0.0,0.24239426851272583,0.0,0.0,0.6654273271560669,0.09503346681594849,0.0,0.0,0.0,0.18402832746505737,0.0,0.0,0.21967308223247528,0.0,0.0,0.0,0.0,0.21411871910095215,0.0,0.0,0.0,0.17856375873088837,0.0,0.0,0.10858264565467834,0.9115384817123413,0.5733732581138611,0.34278902411460876,0.8351297378540039,0.9987282752990723,0.9903466105461121,0.9621433615684509,0.9999814629554749,0.03346072509884834,0.003309906693175435,9.67703090282157e-05,0.002532642800360918,0.015335295349359512,4.878899289906258e-06,3.0159683639396917e-09,9.720151865622029e-05,0.05963530018925667,0.010526664555072784,0.0018390202894806862,0.011159248650074005,0.3625962734222412,0.9798648357391357,0.9537403583526611,0.5398349761962891,-0.03296784684062004,1.7138844728469849,1.2473382949829102,2.9940338134765625,2.7817001342773438,3.75404691696167,3.344670057296753,3.652843475341797,3.558980703353882,2.9517948627471924,3.338019371032715,27.162216186523438,3.7903218269348145
282,0.0006670597940683365,0.0,0.0,0.0,0.003995581064373255,0.0,0.0,0.016573743894696236,0.0,0.0,0.0,0.0,0.07394525408744812,0.0,0.0,0.0,0.24983401596546173,0.0,0.0,0.6549843549728394,0.09459082782268524,0.0,0.0,0.0,0.18852172791957855,0.0,0.0,0.2188720405101776,0.0,0.0,0.0,0.0,0.21532250940799713,0.0,0.0,0.0,0.1783376783132553,0.0,0.0,0.10435520857572556,0.9076923131942749,0.5734131932258606,0.3408539593219757,0.8203592300415039,0.9978390336036682,0.9893953800201416,0.9605674743652344,0.9999607801437378,0.03301182761788368,0.0033019999973475933,9.628246334614232e-05,0.0021079364232718945,0.015164435841143131,5.956863333267393e-06,3.1813494061339043e-09,8.940394036471844e-05,0.05875508487224579,0.010393169708549976,0.0018226662650704384,0.011205996386706829,0.3606244921684265,0.9787629246711731,0.9463184475898743,0.5306418538093567,-0.06398788094520569,1.731276035308838,1.257665991783142,2.9789669513702393,2.7033164501190186,3.626514434814453,3.1754493713378906,3.761526584625244,3.46501088142395,2.9787380695343018,3.3853511810302734,27.156038284301758,3.7125823497772217
283,0.0007007300155237317,0.0,0.0,0.0,0.004561631940305233,0.0,0.0,0.019131900742650032,0.0,0.0,0.0,0.0,0.08380444347858429,0.0,0.0,0.0,0.2672436535358429,0.0,0.0,0.624557614326477,0.09424448013305664,0.0,0.0,0.0,0.19412434101104736,0.0,0.0,0.2260848730802536,0.0,0.0,0.0,0.0,0.2169445902109146,0.0,0.0,0.0,0.17465199530124664,0.0,0.0,0.09394973516464233,0.9038461446762085,0.5649101734161377,0.3317078649997711,0.8155688643455505,0.9979479312896729,0.9865853786468506,0.9554933905601501,0.9999513030052185,0.03230497986078262,0.0032519428059458733,9.4162009190768e-05,0.0019376152195036411,0.01473785750567913,6.388130714185536e-06,3.741154053216178e-09,9.016251715365797e-05,0.05715464800596237,0.010165631771087646,0.0017793480074033141,0.010729683563113213,0.35157281160354614,0.9756050109863281,0.9421206712722778,0.5054912567138672,-0.07866226881742477,1.769661784172058,1.272439956665039,2.9269261360168457,2.7408804893493652,3.609964370727539,3.0447440147399902,3.534630060195923,3.459566354751587,2.832847833633423,3.505805730819702,27.138242721557617,3.5850675106048584
284,0.0007858308963477612,0.0,0.0,0.0,0.004910692572593689,0.0,0.0,0.020780790597200394,0.0,0.0,0.0,0.0,0.08692222833633423,0.0,0.0,0.0,0.2748841643333435,0.0,0.0,0.6117162704467773,0.09655272215604782,0.0,0.0,0.0,0.19338108599185944,0.0,0.0,0.2294052541255951,0.0,0.0,0.0,0.0,0.2201099395751953,0.0,0.0,0.0,0.17017485201358795,0.0,0.0,0.09037613868713379,0.8961538672447205,0.5617564916610718,0.32796505093574524,0.8125748038291931,0.9970992207527161,0.9833064079284668,0.9531208872795105,0.9999650716781616,0.031681377440690994,0.0032348292879760265,9.287247667089105e-05,0.0017873041797429323,0.01448838785290718,6.342708729789592e-06,3.797737235800014e-09,8.702791092218831e-05,0.05576511472463608,0.010047391057014465,0.0017622862942516804,0.010576052591204643,0.3478681743144989,0.9735220670700073,0.9309527277946472,0.493743896484375,-0.12089477479457855,1.7871677875518799,1.2819082736968994,2.7995197772979736,2.675586462020874,3.4543001651763916,2.93068528175354,3.577249765396118,3.367784261703491,2.9703662395477295,3.4539546966552734,27.139659881591797,3.685497999191284
285,0.0007883822545409203,0.0,0.0,0.0,0.005259267054498196,0.0,0.0,0.020549332723021507,0.0,0.0,0.0,0.0,0.08219589293003082,0.0,0.0,0.0,0.2703905999660492,0.0,0.0,0.6208165287971497,0.09882096946239471,0.0,0.0,0.0,0.19356337189674377,0.0,0.0,0.2292739897966385,0.0,0.0,0.0,0.0,0.21738433837890625,0.0,0.0,0.0,0.16807317733764648,0.0,0.0,0.09288414567708969,0.8980769515037537,0.5705788731575012,0.32588765025138855,0.8027943968772888,0.9970850348472595,0.9833076596260071,0.9530920386314392,0.9999578595161438,0.03108399733901024,0.003276268020272255,9.37486911425367e-05,0.001626944518648088,0.013687183149158955,6.704451152472757e-06,3.85183085427343e-09,8.785936370259151e-05,0.05589111149311066,0.010078848339617252,0.0017722493503242731,0.010461190715432167,0.3463394343852997,0.9734023213386536,0.9187230467796326,0.5016182661056519,-0.031092025339603424,1.7772046327590942,1.2772892713546753,2.7613208293914795,2.440040111541748,3.3896706104278564,2.991276741027832,3.7391104698181152,3.319101095199585,3.1368789672851562,3.418652296066284,27.12616539001465,3.890327215194702
286,0.0008829946746118367,0.0,0.0,0.0,0.005815704353153706,0.0,0.0,0.02285006269812584,0.0,0.0,0.0,0.0,0.08636745065450668,0.0,0.0,0.0,0.2821733057498932,0.0,0.0,0.6019105911254883,0.10122133046388626,0.0,0.0,0.0,0.19429510831832886,0.0,0.0,0.2334117293357849,0.0,0.0,0.0,0.0,0.2172287404537201,0.0,0.0,0.0,0.16573859751224518,0.0,0.0,0.0881045013666153,0.8942307829856873,0.563393235206604,0.3206416964530945,0.8053892254829407,0.9971365928649902,0.9805996417999268,0.9484444856643677,0.9999440312385559,0.03052195906639099,0.003234968753531575,9.610388951841742e-05,0.0015596795128658414,0.013903298415243626,6.7890809987147804e-06,4.079925730593459e-09,8.171070658136159e-05,0.05440888553857803,0.009924110025167465,0.0017550662159919739,0.010438062250614166,0.341073602437973,0.9704504013061523,0.9128602743148804,0.4833020567893982,-0.09973472356796265,1.8079134225845337,1.2872490882873535,2.6811728477478027,2.379025936126709,3.318648099899292,2.860578775405884,3.7552671432495117,3.2952725887298584,3.1688520908355713,3.3573014736175537,27.128755569458008,3.9398019313812256
287,0.0009350930340588093,0.0,0.0,0.0,0.0066809989511966705,0.0,0.0,0.024731749668717384,0.0,0.0,0.0,0.0,0.08844777196645737,0.0,0.0,0.0,0.28209441900253296,0.0,0.0,0.5971099138259888,0.1022111102938652,0.0,0.0,0.0,0.20119528472423553,0.0,0.0,0.23389412462711334,0.0,0.0,0.0,0.0,0.21433699131011963,0.0,0.0,0.0,0.1624174863100052,0.0,0.0,0.0859450101852417,0.8961538672447205,0.5559281706809998,0.3146991431713104,0.7906187176704407,0.9975111484527588,0.9779361486434937,0.9439123272895813,0.9999369382858276,0.029985439032316208,0.0032221456058323383,9.642646909924224e-05,0.0014740648912265897,0.013871148228645325,6.763396413589362e-06,4.33807656463614e-09,8.721828635316342e-05,0.053698401898145676,0.00985480286180973,0.0017344163497909904,0.010073354467749596,0.33494943380355835,0.9676512479782104,0.9016732573509216,0.4719496965408325,-0.13686832785606384,1.823465347290039,1.2917360067367554,2.500208616256714,2.494309663772583,3.4201407432556152,2.798339605331421,3.749624013900757,3.239821434020996,3.1189064979553223,3.2549431324005127,27.120540618896484,4.026355266571045
288,0.0008680101018399,0.0,0.0,0.0,0.006127036176621914,0.0,0.0,0.023380106315016747,0.0,0.0,0.0,0.0,0.08866610378026962,0.0,0.0,0.0,0.2798413038253784,0.0,0.0,0.6011175513267517,0.10075194388628006,0.0,0.0,0.0,0.20212224125862122,0.0,0.0,0.22736869752407074,0.0,0.0,0.0,0.0,0.21721243858337402,0.0,0.0,0.0,0.16506953537464142,0.0,0.0,0.08747512847185135,0.8903846144676208,0.5580040216445923,0.32015731930732727,0.7900199294090271,0.9975835680961609,0.979551374912262,0.9471826553344727,0.9999186396598816,0.030115000903606415,0.003264101454988122,9.593383583705872e-05,0.0014033159241080284,0.013422230258584023,5.821610557177337e-06,4.503498907126868e-09,8.763044752413407e-05,0.0539160892367363,0.009903930127620697,0.0017400850774720311,0.0097641721367836,0.3401271402835846,0.9696239233016968,0.9160211682319641,0.480010062456131,-0.11350429058074951,1.807564377784729,1.2889009714126587,2.622243642807007,2.7771289348602295,3.29343318939209,2.720944881439209,3.729588508605957,3.2423439025878906,3.0470070838928223,3.1796138286590576,27.12628173828125,4.078275203704834
289,0.0009301360114477575,0.0,0.0,0.0,0.0053751529194414616,0.0,0.0,0.022622354328632355,0.0,0.0,0.0,0.0,0.0820058211684227,0.0,0.0,0.0,0.26960092782974243,0.0,0.0,0.6194655895233154,0.10150212049484253,0.0,0.0,0.0,0.19758597016334534,0.0,0.0,0.22718621790409088,0.0,0.0,0.0,0.0,0.21521858870983124,0.0,0.0,0.0,0.1667136549949646,0.0,0.0,0.09179344773292542,0.8961538672447205,0.5646307468414307,0.3227465748786926,0.7936127781867981,0.9977300763130188,0.9803106784820557,0.9495897889137268,0.9999146461486816,0.03079429268836975,0.00334970117546618,9.859667625278234e-05,0.001341408584266901,0.013837422244250774,6.288563781708945e-06,4.1206873468979666e-09,8.763014193391427e-05,0.05508981645107269,0.010154977440834045,0.0017627839697524905,0.009886412881314754,0.3429665267467499,0.9710716009140015,0.9136521220207214,0.49416619539260864,-0.09243319928646088,1.7778823375701904,1.269270420074463,2.761195421218872,2.9616947174072266,3.291468381881714,2.697402000427246,3.9463443756103516,3.2768847942352295,3.0696253776550293,3.334170341491699,27.130643844604492,4.03813362121582
290,0.000946807733271271,0.0,0.0,0.0,0.005511839408427477,0.0,0.0,0.02272680401802063,0.0,0.0,0.0,0.0,0.07411069422960281,0.0,0.0,0.0,0.2663191854953766,0.0,0.0,0.6303847432136536,0.10072106122970581,0.0,0.0,0.0,0.2002563774585724,0.0,0.0,0.2248782217502594,0.0,0.0,0.0,0.0,0.21146968007087708,0.0,0.0,0.0,0.16700422763824463,0.0,0.0,0.0956704244017601,0.8999999761581421,0.571257472038269,0.32272660732269287,0.7828342914581299,0.9969528913497925,0.9800505042076111,0.9491025805473328,0.999836266040802,0.03135627135634422,0.0033927783370018005,9.857598342932761e-05,0.0013095044996589422,0.014081072062253952,6.876888164697448e-06,4.030721090231282e-09,8.729514229344204e-05,0.05567219853401184,0.010276567190885544,0.001781333819963038,0.010006187483668327,0.34321242570877075,0.9708136320114136,0.909878134727478,0.5033692121505737,-0.05601593106985092,1.7625465393066406,1.2617533206939697,2.7820374965667725,2.9871327877044678,3.43365216255188,2.7499942779541016,4.12787389755249,3.1784560680389404,3.1501688957214355,3.2852773666381836,27.138532638549805,3.960432767868042
291,0.000923850224353373,0.0,0.0,0.0,0.005494747310876846,0.0,0.0,0.02322632260620594,0.0,0.0,0.0,0.0,0.0721779465675354,0.0,0.0,0.0,0.2508545219898224,0.0,0.0,0.6473225951194763,0.10121949017047882,0.0,0.0,0.0,0.196355938911438,0.0,0.0,0.2270531803369522,0.0,0.0,0.0,0.0,0.21117253601551056,0.0,0.0,0.0,0.16443440318107605,0.0,0.0,0.09976443648338318,0.892307698726654,0.5652295351028442,0.3241722881793976,0.7722554802894592,0.9974960684776306,0.9793217182159424,0.9482319355010986,0.9997791051864624,0.03164389356970787,0.0034147603437304497,9.843902080319822e-05,0.001348290708847344,0.014391181990504265,6.014006885379786e-06,3.877287824138875e-09,8.084446744760498e-05,0.05605263635516167,0.010350340977311134,0.0017908604349941015,0.010322480462491512,0.34407302737236023,0.9703541398048401,0.9018702507019043,0.5114075541496277,-0.0453135184943676,1.7576383352279663,1.2628203630447388,2.765049695968628,2.8456404209136963,3.4264581203460693,2.8892815113067627,4.029774188995361,3.1813933849334717,3.149097204208374,3.3602685928344727,27.143932342529297,3.969494581222534
292,0.0007918109185993671,0.0,0.0,0.0,0.005112329497933388,0.0,0.0,0.020923851057887077,0.0,0.0,0.0,0.0,0.07174931466579437,0.0,0.0,0.0,0.24582324922084808,0.0,0.0,0.6555995345115662,0.09810476750135422,0.0,0.0,0.0,0.19500437378883362,0.0,0.0,0.22337040305137634,0.0,0.0,0.0,0.0,0.214607372879982,0.0,0.0,0.0,0.16528896987438202,0.0,0.0,0.1036241203546524,0.9019230604171753,0.5756886005401611,0.3300524353981018,0.7542914152145386,0.9977278709411621,0.9809901118278503,0.9530729055404663,0.9997836351394653,0.03238111734390259,0.0034766225144267082,9.754954226082191e-05,0.001318072434514761,0.014874222688376904,6.342726010188926e-06,4.11327194527189e-09,7.977862696861848e-05,0.05749525502324104,0.01055188849568367,0.0018218987388536334,0.010890817269682884,0.34994664788246155,0.9731713533401489,0.9043446183204651,0.5209024548530579,-0.08562241494655609,1.7325125932693481,1.2464702129364014,3.0980148315429688,2.859161376953125,3.3531413078308105,3.0702896118164062,4.186262130737305,3.3456544876098633,3.0640923976898193,3.3827688694000244,27.144071578979492,3.8315258026123047
293,0.0007256517419591546,0.0,0.0,0.0,0.00506979925557971,0.0,0.0,0.021065395325422287,0.0,0.0,0.0,0.0,0.06988038122653961,0.0,0.0,0.0,0.23932421207427979,0.0,0.0,0.6639345288276672,0.09696760028600693,0.0,0.0,0.0,0.1971830576658249,0.0,0.0,0.22437143325805664,0.0,0.0,0.0,0.0,0.21474649012088776,0.0,0.0,0.0,0.16304689645767212,0.0,0.0,0.10368453711271286,0.9019230604171753,0.5718163847923279,0.32826969027519226,0.7798402905464172,0.9981299042701721,0.9804683327674866,0.9529688358306885,0.9999496340751648,0.032596711069345474,0.0034412196837365627,9.682837116997689e-05,0.0011068652383983135,0.015138561837375164,5.524241714738309e-06,4.079500737219632e-09,7.173187623266131e-05,0.057954948395490646,0.010503389872610569,0.0018176659941673279,0.010841971263289452,0.3483622670173645,0.9731385707855225,0.917202889919281,0.5226452350616455,-0.10325847566127777,1.7448310852050781,1.254442572593689,3.0412514209747314,2.8414406776428223,3.2233266830444336,3.294062614440918,3.9414775371551514,3.3521766662597656,3.0409679412841797,3.376741409301758,27.142375946044922,3.7717010974884033
294,0.000720858748536557,0.0,0.0,0.0,0.004827191587537527,0.0,0.0,0.020003492012619972,0.0,0.0,0.0,0.0,0.0716281533241272,0.0,0.0,0.0,0.2430412471294403,0.0,0.0,0.6597790718078613,0.09783786535263062,0.0,0.0,0.0,0.1952044516801834,0.0,0.0,0.22226639091968536,0.0,0.0,0.0,0.0,0.2152099609375,0.0,0.0,0.0,0.166921004652977,0.0,0.0,0.10256031900644302,0.9134615659713745,0.5667465329170227,0.3307740390300751,0.8053892254829407,0.9979246258735657,0.9816651344299316,0.955026388168335,0.9999772906303406,0.033088039606809616,0.00343380868434906,9.547646914143115e-05,0.001384463277645409,0.015148676931858063,4.7320936573669314e-06,4.4257415510173814e-09,7.47275844332762e-05,0.0583510622382164,0.010534485802054405,0.001822665799409151,0.01097547821700573,0.35070523619651794,0.9744478464126587,0.9273583889007568,0.5216057300567627,-0.1226826012134552,1.749419093132019,1.252247929573059,2.9956581592559814,2.811265230178833,3.2062771320343018,3.3830606937408447,3.8661770820617676,3.318246841430664,3.0522372722625732,3.4355103969573975,27.14052963256836,3.8963277339935303
295,0.0007719706045463681,0.0,0.0,0.0,0.004504011012613773,0.0,0.0,0.020618818700313568,0.0,0.0,0.0,0.0,0.06813300400972366,0.0,0.0,0.0,0.23956909775733948,0.0,0.0,0.66640305519104,0.09775631874799728,0.0,0.0,0.0,0.19422054290771484,0.0,0.0,0.2232845425605774,0.0,0.0,0.0,0.0,0.21098244190216064,0.0,0.0,0.0,0.1696484088897705,0.0,0.0,0.10410775244235992,0.9076923131942749,0.5695009827613831,0.33063173294067383,0.8049899935722351,0.9977497458457947,0.9819101095199585,0.9540467262268066,0.9999762177467346,0.033651500940322876,0.0034427230712026358,9.548265370540321e-05,0.0017534082289785147,0.015318691730499268,5.0780408855644055e-06,4.518664109554038e-09,8.00356428953819e-05,0.05913136154413223,0.01062717754393816,0.0018390353070572019,0.011143449693918228,0.35072144865989685,0.9741047024726868,0.9306021928787231,0.5246012806892395,-0.13213498890399933,1.7480100393295288,1.2415239810943604,3.0525124073028564,2.747586727142334,3.1212971210479736,3.5715034008026123,3.9614572525024414,3.4597275257110596,2.951005697250366,3.4121618270874023,27.140466690063477,4.101519584655762
296,0.0007180268294177949,0.0,0.0,0.0,0.004433140624314547,0.0,0.0,0.020052779465913773,0.0,0.0,0.0,0.0,0.07127555459737778,0.0,0.0,0.0,0.23851118981838226,0.0,0.0,0.6650093793869019,0.09686572104692459,0.0,0.0,0.0,0.1924586296081543,0.0,0.0,0.22416047751903534,0.0,0.0,0.0,0.0,0.2112591564655304,0.0,0.0,0.0,0.17034940421581268,0.0,0.0,0.1049066036939621,0.9115384817123413,0.5708183646202087,0.33183273673057556,0.8133732080459595,0.9984596371650696,0.9839312434196472,0.9542537927627563,0.999971866607666,0.03379631042480469,0.0034647188149392605,9.724053234094754e-05,0.0021068830974400043,0.015533571131527424,4.893094228464179e-06,4.279783638594381e-09,9.087973739951849e-05,0.05925789475440979,0.010703736916184425,0.0018526851199567318,0.011245286092162132,0.352015882730484,0.9747955203056335,0.9367176294326782,0.5219389200210571,-0.13658657670021057,1.7425822019577026,1.2327308654785156,3.206799268722534,2.806730031967163,3.2065603733062744,3.6168434619903564,3.7573578357696533,3.541027784347534,2.8258864879608154,3.44515061378479,27.14415168762207,4.304524898529053
297,0.000739764014724642,0.0,0.0,0.0,0.004704461898654699,0.0,0.0,0.02170521952211857,0.0,0.0,0.0,0.0,0.06750789284706116,0.0,0.0,0.0,0.24238359928131104,0.0,0.0,0.662959098815918,0.09867942333221436,0.0,0.0,0.0,0.19475552439689636,0.0,0.0,0.22300414741039276,0.0,0.0,0.0,0.0,0.20757336914539337,0.0,0.0,0.0,0.1715596467256546,0.0,0.0,0.10442789644002914,0.9134615659713745,0.5693812370300293,0.3294956386089325,0.8235528469085693,0.9979254007339478,0.9806963801383972,0.9518124461174011,0.9999698996543884,0.03404095023870468,0.003474329598248005,9.704598051030189e-05,0.0024192489217966795,0.01565469801425934,5.090136255603284e-06,4.482894500057455e-09,9.293192124459893e-05,0.0596143938601017,0.01074555329978466,0.0018505069892853498,0.010887451469898224,0.34988170862197876,0.9728499054908752,0.9155550003051758,0.5230836868286133,-0.09503355622291565,1.7408229112625122,1.2342411279678345,3.1625752449035645,2.747529983520508,3.2276697158813477,3.530660629272461,3.752558946609497,3.653282642364502,2.9092512130737305,3.385037422180176,27.145498275756836,4.286940097808838
298,0.0006616238388232887,0.0,0.0,0.0,0.004428803455084562,0.0,0.0,0.020497195422649384,0.0,0.0,0.0,0.0,0.06783917546272278,0.0,0.0,0.0,0.2361713945865631,0.0,0.0,0.6704018712043762,0.09814200550317764,0.0,0.0,0.0,0.19074717164039612,0.0,0.0,0.2242179960012436,0.0,0.0,0.0,0.0,0.20834721624851227,0.0,0.0,0.0,0.17278847098350525,0.0,0.0,0.10575716197490692,0.9153845906257629,0.5793612599372864,0.3316929042339325,0.8405189514160156,0.9986143708229065,0.9836744070053101,0.9533534049987793,0.9999754428863525,0.034358877688646317,0.003511768765747547,9.530523675493896e-05,0.0025387087371200323,0.01581750437617302,4.619601895683445e-06,4.518851959289805e-09,0.00010154399205930531,0.06012120842933655,0.010855686850845814,0.0018573417328298092,0.011071865446865559,0.3527025282382965,0.9744118452072144,0.9165886640548706,0.5316416621208191,-0.0281556136906147,1.7317768335342407,1.2243669033050537,3.1795716285705566,2.7226011753082275,3.2106523513793945,3.597062110900879,3.871083974838257,3.752938985824585,2.9363327026367188,3.4614222049713135,27.14929962158203,4.303631782531738
299,0.0007519994978792965,0.0,0.0,0.0,0.00442502461373806,0.0,0.0,0.019813749939203262,0.0,0.0,0.0,0.0,0.07042186707258224,0.0,0.0,0.0,0.23692390322685242,0.0,0.0,0.6676634550094604,0.09881855547428131,0.0,0.0,0.0,0.19056446850299835,0.0,0.0,0.2211955338716507,0.0,0.0,0.0,0.0,0.20947395265102386,0.0,0.0,0.0,0.17475105822086334,0.0,0.0,0.10519642382860184,0.9115384817123413,0.5796008110046387,0.3336879014968872,0.8435129523277283,0.9977822303771973,0.9864280223846436,0.9531673789024353,0.9999809265136719,0.03412853926420212,0.0035153303761035204,9.574103751219809e-05,0.0024918634444475174,0.015767943114042282,4.811716280528344e-06,4.357969984880583e-09,9.762373520061374e-05,0.05987495929002762,0.01080380380153656,0.0018465364119037986,0.011285120621323586,0.35460010170936584,0.9750086069107056,0.926813542842865,0.527239978313446,-0.03635462746024132,1.7312220335006714,1.2300231456756592,3.053865432739258,2.7894175052642822,3.2378058433532715,3.6128220558166504,3.8241846561431885,3.714002847671509,2.9870829582214355,3.386589288711548,27.148359298706055,4.205018043518066
300,0.0007345202029682696,0.0,0.0,0.0,0.004268445540219545,0.0,0.0,0.018566546961665154,0.0,0.0,0.0,0.0,0.07161513715982437,0.0,0.0,0.0,0.2412104606628418,0.0,0.0,0.6636048555374146,0.10156270116567612,0.0,0.0,0.0,0.19239221513271332,0.0,0.0,0.21768546104431152,0.0,0.0,0.0,0.0,0.2061760425567627,0.0,0.0,0.0,0.17779701948165894,0.0,0.0,0.10438654571771622,0.9211538434028625,0.5776047706604004,0.3338102400302887,0.8465069532394409,0.9988398551940918,0.9866154193878174,0.9560078978538513,0.9999937415122986,0.034388672560453415,0.0035285665653645992,9.512573888059705e-05,0.0024874694645404816,0.015911972150206566,5.051108473708155e-06,4.565052780236556e-09,9.685731492936611e-05,0.060022637248039246,0.010867621749639511,0.001846438623033464,0.011232491582632065,0.35464417934417725,0.9764300584793091,0.9306963682174683,0.5310912132263184,-0.023099295794963837,1.728999376296997,1.2290681600570679,3.0341832637786865,2.9473516941070557,3.341841697692871,3.462406635284424,3.7574241161346436,3.5629210472106934,3.3412318229675293,3.288470983505249,27.156904220581055,4.089964866638184
301,0.0007591790053993464,0.0,0.0,0.0,0.0044327727518975735,0.0,0.0,0.018511446192860603,0.0,0.0,0.0,0.0,0.07284154742956161,0.0,0.0,0.0,0.24429306387901306,0.0,0.0,0.6591619849205017,0.1033872663974762,0.0,0.0,0.0,0.18986694514751434,0.0,0.0,0.2151644378900528,0.0,0.0,0.0,0.0,0.20904846489429474,0.0,0.0,0.0,0.18041352927684784,0.0,0.0,0.10211935639381409,0.9211538434028625,0.5771257281303406,0.33651188015937805,0.8407185077667236,0.9989404082298279,0.9858392477035522,0.956174910068512,0.9999933242797852,0.03477241098880768,0.0035489839501678944,9.644158853916451e-05,0.0023824991658329964,0.016009142622351646,4.272731075616321e-06,4.642475737171026e-09,8.889663149602711e-05,0.0603950060904026,0.010937845334410667,0.001864235382527113,0.011429977603256702,0.3570590317249298,0.9762960076332092,0.927482545375824,0.5332629084587097,-0.01017436757683754,1.7208880186080933,1.2188085317611694,3.0351500511169434,2.988978385925293,3.3613061904907227,3.4853808879852295,3.6863670349121094,3.614466905593872,3.6245357990264893,3.3036818504333496,27.165138244628906,4.118034362792969
302,0.0006933742552064359,0.0,0.0,0.0,0.00411246158182621,0.0,0.0,0.016087418422102928,0.0,0.0,0.0,0.0,0.07107243686914444,0.0,0.0,0.0,0.24456752836704254,0.0,0.0,0.66346675157547,0.10539005696773529,0.0,0.0,0.0,0.18947280943393707,0.0,0.0,0.20820611715316772,0.0,0.0,0.0,0.0,0.21016056835651398,0.0,0.0,0.0,0.18355517089366913,0.0,0.0,0.10321525484323502,0.925000011920929,0.5842315554618835,0.34026217460632324,0.8411177396774292,0.9981287121772766,0.990101158618927,0.9600105285644531,0.9999939203262329,0.034889429807662964,0.003564121201634407,9.774807404028252e-05,0.002499775029718876,0.016018394380807877,3.6579201605491107e-06,4.565135824918798e-09,9.271925227949396e-05,0.06053946167230606,0.010977260768413544,0.001864418387413025,0.011326618492603302,0.3609654903411865,0.9791063070297241,0.9381392002105713,0.5412752628326416,0.01255498081445694,1.7228057384490967,1.219580888748169,3.005678653717041,3.128074884414673,3.450092315673828,3.524137258529663,3.8075342178344727,3.6325418949127197,3.3511688709259033,3.2046334743499756,27.174104690551758,4.094303131103516
303,0.0006743856938555837,0.0,0.0,0.0,0.003952525556087494,0.0,0.0,0.015192867256700993,0.0,0.0,0.0,0.0,0.06671946495771408,0.0,0.0,0.0,0.24085001647472382,0.0,0.0,0.6726107597351074,0.10269438475370407,0.0,0.0,0.0,0.18700361251831055,0.0,0.0,0.20782223343849182,0.0,0.0,0.0,0.0,0.20950841903686523,0.0,0.0,0.0,0.1852567493915558,0.0,0.0,0.10771461576223373,0.9230769276618958,0.5901796221733093,0.34416231513023376,0.8467065691947937,0.99901282787323,0.9906229972839355,0.9619933366775513,0.9999943971633911,0.034458354115486145,0.0035691563971340656,9.94303118204698e-05,0.0026437712367624044,0.01600845530629158,4.070825070812134e-06,4.271127007626774e-09,9.13992989808321e-05,0.06045925244688988,0.010962553322315216,0.0018583439523354173,0.0110123660415411,0.3649972379207611,0.9801799058914185,0.9398830533027649,0.550277829170227,-0.043659236282110214,1.717318058013916,1.2293859720230103,2.9885525703430176,2.94348406791687,3.3769702911376953,3.3598525524139404,3.88116717338562,3.6053264141082764,3.245927333831787,3.3236756324768066,27.17538070678711,4.1192545890808105
304,0.0006064714398235083,0.0,0.0,0.0,0.0034703132696449757,0.0,0.0,0.013652186840772629,0.0,0.0,0.0,0.0,0.06413163989782333,0.0,0.0,0.0,0.23776181042194366,0.0,0.0,0.6803775429725647,0.09887148439884186,0.0,0.0,0.0,0.18162310123443604,0.0,0.0,0.20788493752479553,0.0,0.0,0.0,0.0,0.21361055970191956,0.0,0.0,0.0,0.18724653124809265,0.0,0.0,0.11076339334249496,0.9269230961799622,0.5983233451843262,0.3508015275001526,0.8483033776283264,0.9991381168365479,0.9914885759353638,0.9661199450492859,0.9999967217445374,0.03484642505645752,0.003619677387177944,0.00010285941243637353,0.002742448356002569,0.01600666716694832,5.012132078263676e-06,4.1876191403389385e-09,0.00010090442810906097,0.06112191826105118,0.011073834262788296,0.0018882718868553638,0.011228627525269985,0.371661901473999,0.9822706580162048,0.9428488612174988,0.5607495307922363,-0.019505586475133896,1.6887620687484741,1.221390724182129,3.1837852001190186,2.986453056335449,3.4948360919952393,3.3126933574676514,3.8948140144348145,3.526822090148926,3.2451155185699463,3.3807950019836426,27.18122100830078,4.115203857421875
305,0.0006014293758198619,0.0,0.0,0.0,0.0035164549481123686,0.0,0.0,0.014835762791335583,0.0,0.0,0.0,0.0,0.06997546553611755,0.0,0.0,0.0,0.2562614381313324,0.0,0.0,0.6548094153404236,0.09982916712760925,0.0,0.0,0.0,0.18086692690849304,0.0,0.0,0.21126845479011536,0.0,0.0,0.0,0.0,0.2155408263206482,0.0,0.0,0.0,0.18787898123264313,0.0,0.0,0.10461562871932983,0.9230769276618958,0.5944111943244934,0.34824222326278687,0.8508982062339783,0.9991639852523804,0.9907167553901672,0.963935136795044,0.9999980330467224,0.0342731773853302,0.003552640089765191,0.00010149410081794485,0.002672514645382762,0.01574118621647358,5.731968030886492e-06,4.144173892939307e-09,9.600742487236857e-05,0.059923768043518066,0.010908658616244793,0.001862254342995584,0.011160993948578835,0.36908233165740967,0.9810458421707153,0.9439834952354431,0.5442448854446411,-0.04334098845720291,1.715636968612671,1.2347687482833862,3.091531991958618,2.901655435562134,3.400698184967041,3.456892728805542,3.847271680831909,3.449575424194336,3.226431131362915,3.332805871963501,27.173545837402344,3.92094349861145
306,0.0005302538047544658,0.0,0.0,0.0,0.003172768745571375,0.0,0.0,0.013807878829538822,0.0,0.0,0.0,0.0,0.0664103701710701,0.0,0.0,0.0,0.2516758441925049,0.0,0.0,0.6644029021263123,0.09902694076299667,0.0,0.0,0.0,0.17728692293167114,0.0,0.0,0.20840702950954437,0.0,0.0,0.0,0.0,0.21497391164302826,0.0,0.0,0.0,0.19230744242668152,0.0,0.0,0.10799775272607803,0.9269230961799622,0.5999600887298584,0.35362547636032104,0.8516965508460999,0.9984760284423828,0.9912272691726685,0.9670267701148987,0.9999985694885254,0.03389303386211395,0.003594599664211273,0.00010261157876811922,0.0026784727815538645,0.01574641466140747,5.595021320914384e-06,4.5670205395254015e-09,9.50247049331665e-05,0.05991519242525101,0.010959362611174583,0.0018769758753478527,0.011012770235538483,0.37442007660865784,0.9824886322021484,0.950133740901947,0.5538287162780762,-0.05354221165180206,1.6977694034576416,1.2359106540679932,3.1718502044677734,2.898197889328003,3.378239631652832,3.3298346996307373,3.73813533782959,3.420552968978882,3.5078487396240234,3.2743678092956543,27.17648696899414,3.8615005016326904
307,0.0005737258470617235,0.0,0.0,0.0,0.0034078392200171947,0.0,0.0,0.014018808491528034,0.0,0.0,0.0,0.0,0.06579633057117462,0.0,0.0,0.0,0.2464732527732849,0.0,0.0,0.6697299480438232,0.09975290298461914,0.0,0.0,0.0,0.1803922951221466,0.0,0.0,0.20603127777576447,0.0,0.0,0.0,0.0,0.21349534392356873,0.0,0.0,0.0,0.19112229347229004,0.0,0.0,0.10920589417219162,0.925000011920929,0.5968862175941467,0.35267916321754456,0.8514969944953918,0.9985979795455933,0.9913592338562012,0.9659736156463623,0.9999960660934448,0.03345077484846115,0.0035624245647341013,0.00010186647705268115,0.0025713853538036346,0.015414310619235039,5.3976309573045e-06,4.862066749211635e-09,0.00010124228720087558,0.05897350609302521,0.010830315761268139,0.0018616612069308758,0.01094716414809227,0.3733576238155365,0.9819992780685425,0.9481788873672485,0.5535869598388672,-0.0413898229598999,1.709315538406372,1.2513083219528198,3.0953073501586914,2.68471622467041,3.2860987186431885,3.3049733638763428,3.7480721473693848,3.30342698097229,3.53452730178833,3.202789068222046,27.176860809326172,3.8747007846832275
308,0.0005886928993277252,0.0,0.0,0.0,0.0033886460587382317,0.0,0.0,0.014271116815507412,0.0,0.0,0.0,0.0,0.06252077966928482,0.0,0.0,0.0,0.23391979932785034,0.0,0.0,0.685310959815979,0.09820177406072617,0.0,0.0,0.0,0.18066546320915222,0.0,0.0,0.20490147173404694,0.0,0.0,0.0,0.0,0.2128758579492569,0.0,0.0,0.0,0.18844512104988098,0.0,0.0,0.1149103119969368,0.9230769276618958,0.5976048111915588,0.3545643091201782,0.8499001860618591,0.9987063407897949,0.9912973642349243,0.9655663967132568,0.9999942779541016,0.03322969377040863,0.0035566906444728374,0.00010227640450466424,0.002456991234794259,0.015311489813029766,5.402531314757653e-06,5.132132940843803e-09,9.792132186703384e-05,0.05847524479031563,0.010787911713123322,0.0018631742568686604,0.010956726968288422,0.37512993812561035,0.9817510843276978,0.9357669353485107,0.5649073123931885,-0.014494385570287704,1.7040196657180786,1.2601432800292969,2.9778714179992676,2.6711509227752686,3.333087205886841,3.2544987201690674,3.6639366149902344,3.136146306991577,3.4839272499084473,3.242912530899048,27.179176330566406,3.962167263031006
309,0.0006490186206065118,0.0,0.0,0.0,0.0037784117739647627,0.0,0.0,0.01638438180088997,0.0,0.0,0.0,0.0,0.06844769418239594,0.0,0.0,0.0,0.2443857640028,0.0,0.0,0.6663546562194824,0.1011584922671318,0.0,0.0,0.0,0.18163439631462097,0.0,0.0,0.206605926156044,0.0,0.0,0.0,0.0,0.2161245197057724,0.0,0.0,0.0,0.18598073720932007,0.0,0.0,0.10849593579769135,0.9230769276618958,0.5947305560112,0.3508189916610718,0.8467065691947937,0.9979360103607178,0.9867150187492371,0.9627755284309387,0.9999945759773254,0.03229830786585808,0.0035112155601382256,0.00010383307380834594,0.0021307780407369137,0.014981762506067753,5.739524567616172e-06,6.250867379264946e-09,9.336887887911871e-05,0.05706178769469261,0.010614731349050999,0.0018420382402837276,0.010943220928311348,0.3714461624622345,0.9791876673698425,0.9359089732170105,0.5473058223724365,-0.04524393007159233,1.7364875078201294,1.2749468088150024,2.900876045227051,2.5215890407562256,3.3382534980773926,3.1879959106445312,3.698322296142578,2.9699864387512207,3.2858667373657227,3.2919723987579346,27.178266525268555,4.023591995239258
310,0.0005998294218443334,0.0,0.0,0.0,0.00345011823810637,0.0,0.0,0.014640522189438343,0.0,0.0,0.0,0.0,0.06989261507987976,0.0,0.0,0.0,0.2505680024623871,0.0,0.0,0.6608489751815796,0.09914819151163101,0.0,0.0,0.0,0.18224172294139862,0.0,0.0,0.20647667348384857,0.0,0.0,0.0,0.0,0.21627900004386902,0.0,0.0,0.0,0.18863427639007568,0.0,0.0,0.1072201356291771,0.9096153974533081,0.5970458984375,0.3522047698497772,0.8427145481109619,0.9976407289505005,0.9909425973892212,0.9651153087615967,0.9999887943267822,0.03229135647416115,0.00350741995498538,0.00010494845628272742,0.002081447746604681,0.014980978332459927,5.002640136808623e-06,6.5629928158728035e-09,9.15992131922394e-05,0.056828372180461884,0.01056609395891428,0.0018428592011332512,0.011039107106626034,0.37280553579330444,0.9813091158866882,0.9354228377342224,0.548454999923706,-0.06456409394741058,1.7258309125900269,1.274819254875183,2.750441312789917,2.78016996383667,3.296645402908325,3.1060850620269775,3.6097145080566406,2.903411388397217,3.179544448852539,3.532491445541382,27.166017532348633,4.047808647155762
311,0.0006186069222167134,0.0,0.0,0.0,0.0032896955963224173,0.0,0.0,0.01576792635023594,0.0,0.0,0.0,0.0,0.0726744756102562,0.0,0.0,0.0,0.2565780282020569,0.0,0.0,0.651071310043335,0.09947777539491653,0.0,0.0,0.0,0.1798635721206665,0.0,0.0,0.21043558418750763,0.0,0.0,0.0,0.0,0.2180539071559906,0.0,0.0,0.0,0.18781006336212158,0.0,0.0,0.10435910522937775,0.9019230604171753,0.5971656441688538,0.3512784242630005,0.8019959926605225,0.9976102709770203,0.9887435436248779,0.9643754363059998,0.9999051690101624,0.03190767765045166,0.003484625369310379,0.0001045331300701946,0.0021545900963246822,0.014380363747477531,4.631978754332522e-06,7.118180711529476e-09,9.231255535269156e-05,0.05643961578607559,0.01048296969383955,0.0018333431798964739,0.01099071092903614,0.3714693486690521,0.9803233742713928,0.9393481612205505,0.5434722900390625,-0.07480190694332123,1.7308924198150635,1.2824987173080444,2.7767040729522705,2.6965014934539795,3.2920188903808594,3.0224344730377197,3.4951627254486084,2.8926236629486084,3.318331003189087,3.411634922027588,27.16718864440918,4.031506061553955
312,0.0006947088404558599,0.0,0.0,0.0,0.0035826177336275578,0.0,0.0,0.016686653718352318,0.0,0.0,0.0,0.0,0.08212415874004364,0.0,0.0,0.0,0.27093881368637085,0.0,0.0,0.6259730458259583,0.09869686514139175,0.0,0.0,0.0,0.18434645235538483,0.0,0.0,0.2141956388950348,0.0,0.0,0.0,0.0,0.21933238208293915,0.0,0.0,0.0,0.18313950300216675,0.0,0.0,0.10028915852308273,0.9134615659713745,0.5926547050476074,0.3458302319049835,0.807784378528595,0.9977156519889832,0.9890466332435608,0.9615267515182495,0.9999433159828186,0.03125670179724693,0.00345060252584517,0.00010358911822549999,0.001929261488839984,0.014047329314053059,4.4351709220791236e-06,6.971589971982439e-09,8.710538531886414e-05,0.05557890981435776,0.010362353175878525,0.001817228621803224,0.010940860956907272,0.3662267029285431,0.9790355563163757,0.9375921487808228,0.5254445672035217,-0.07927332818508148,1.751489281654358,1.2858836650848389,2.756150007247925,2.709399461746216,3.1695749759674072,3.0564346313476562,3.4575366973876953,3.0945870876312256,3.2460594177246094,3.3775510787963867,27.167497634887695,3.940457820892334
313,0.0008056751103140414,0.0,0.0,0.0,0.004067636094987392,0.0,0.0,0.01761712320148945,0.0,0.0,0.0,0.0,0.08007832616567612,0.0,0.0,0.0,0.2586084306240082,0.0,0.0,0.6388227343559265,0.10193228721618652,0.0,0.0,0.0,0.18631859123706818,0.0,0.0,0.2172294557094574,0.0,0.0,0.0,0.0,0.21445903182029724,0.0,0.0,0.0,0.1791505366563797,0.0,0.0,0.10091009736061096,0.9115384817123413,0.5897005796432495,0.3395530581474304,0.809980034828186,0.9978000521659851,0.9866185784339905,0.9597689509391785,0.9999577403068542,0.03078439272940159,0.003421581583097577,0.00010055779421236366,0.001804131898097694,0.013909755274653435,4.255117801221786e-06,6.741695202094888e-09,8.069312025327235e-05,0.05480948090553284,0.010227779857814312,0.0018047831254079938,0.010606272146105766,0.36024636030197144,0.9775092005729675,0.9368388056755066,0.5281347036361694,-0.082551971077919,1.7663183212280273,1.2999309301376343,2.747004270553589,2.590977191925049,3.0576131343841553,3.059788227081299,3.3926138877868652,3.1844253540039062,3.039923667907715,3.436624050140381,27.162797927856445,3.8108294010162354
314,0.0008804876706562936,0.0,0.0,0.0,0.004401934798806906,0.0,0.0,0.018988700583577156,0.0,0.0,0.0,0.0,0.07996769994497299,0.0,0.0,0.0,0.2721594572067261,0.0,0.0,0.6236016154289246,0.10136329382658005,0.0,0.0,0.0,0.1911381185054779,0.0,0.0,0.21922558546066284,0.0,0.0,0.0,0.0,0.21299348771572113,0.0,0.0,0.0,0.1791038066148758,0.0,0.0,0.09617570787668228,0.8999999761581421,0.5863074064254761,0.3348539471626282,0.8109779953956604,0.9973225593566895,0.9823663830757141,0.9585160613059998,0.9999738335609436,0.03058907575905323,0.003388394135981798,0.00010039276094175875,0.0017464339034631848,0.013622426427900791,4.656490091292653e-06,7.345001495906445e-09,8.303717186208814e-05,0.05447036772966385,0.010159614495933056,0.0018007036997005343,0.010459981858730316,0.35568109154701233,0.9757283329963684,0.9294350147247314,0.5192888379096985,-0.13416706025600433,1.7778183221817017,1.296847939491272,2.7467899322509766,2.6115036010742188,3.0556561946868896,3.0617284774780273,3.3490912914276123,3.326685667037964,3.0971014499664307,3.4017605781555176,27.15707015991211,3.7642312049865723
315,0.0009172773570753634,0.0,0.0,0.0,0.00482313334941864,0.0,0.0,0.020034851506352425,0.0,0.0,0.0,0.0,0.08947943150997162,0.0,0.0,0.0,0.2804257571697235,0.0,0.0,0.6043195128440857,0.10185167193412781,0.0,0.0,0.0,0.1924010068178177,0.0,0.0,0.22438505291938782,0.0,0.0,0.0,0.0,0.21618369221687317,0.0,0.0,0.0,0.1770075261592865,0.0,0.0,0.08817105740308762,0.8961538672447205,0.5801995992660522,0.32973533868789673,0.825149655342102,0.9970799088478088,0.9827888011932373,0.9551929235458374,0.9999815821647644,0.030309276655316353,0.0033330917358398438,0.0001004605510388501,0.0018803584389388561,0.013315844349563122,4.600796273734886e-06,7.366461218794029e-09,9.081892494577914e-05,0.05381575599312782,0.010097119025886059,0.001789883361198008,0.010538309812545776,0.3507307469844818,0.9742241501808167,0.9338635206222534,0.5021214485168457,-0.12445402890443802,1.8042597770690918,1.294161081314087,2.8391740322113037,2.6789605617523193,3.0445876121520996,3.1122004985809326,3.270400285720825,3.2245819568634033,3.074230909347534,3.3997628688812256,27.160348892211914,3.8633780479431152
316,0.000813614169601351,0.0,0.0,0.0,0.004272744990885258,0.0,0.0,0.018477512523531914,0.0,0.0,0.0,0.0,0.08724919706583023,0.0,0.0,0.0,0.27733126282691956,0.0,0.0,0.6118557453155518,0.09897711873054504,0.0,0.0,0.0,0.1891898810863495,0.0,0.0,0.2239799052476883,0.0,0.0,0.0,0.0,0.21887345612049103,0.0,0.0,0.0,0.17800600826740265,0.0,0.0,0.0909736305475235,0.8999999761581421,0.5855488777160645,0.3345218598842621,0.8241516947746277,0.9973694086074829,0.9861636757850647,0.9580399394035339,0.9999839663505554,0.030437085777521133,0.0033246600069105625,9.91627894109115e-05,0.0018776992801576853,0.013288512825965881,4.895844995189691e-06,7.818305114426494e-09,9.330798638984561e-05,0.05387619510293007,0.010077454149723053,0.0017951237969100475,0.010271234437823296,0.3554815948009491,0.9764355421066284,0.9539019465446472,0.5089186429977417,-0.11015656590461731,1.794737696647644,1.302659273147583,2.7666404247283936,2.9152915477752686,3.06134033203125,2.911003828048706,3.3115146160125732,3.2480852603912354,2.9731662273406982,3.2932300567626953,27.163246154785156,3.7308030128479004
317,0.0007428019307553768,0.0,0.0,0.0,0.003986933268606663,0.0,0.0,0.016255175694823265,0.0,0.0,0.0,0.0,0.07056263834238052,0.0,0.0,0.0,0.24869166314601898,0.0,0.0,0.6597608923912048,0.09862212836742401,0.0,0.0,0.0,0.18716174364089966,0.0,0.0,0.21594801545143127,0.0,0.0,0.0,0.0,0.21256382763385773,0.0,0.0,0.0,0.17782101035118103,0.0,0.0,0.1078832745552063,0.9019230604171753,0.5924950242042542,0.34223473072052,0.825149655342102,0.9976118803024292,0.9884502291679382,0.9621576070785522,0.999987006187439,0.031094083562493324,0.003406540025025606,0.00010085517715197057,0.0016567414859309793,0.013640711084008217,5.183122993912548e-06,7.317374706161672e-09,8.363238157471642e-05,0.05493687093257904,0.01030972320586443,0.00183286820538342,0.010532643646001816,0.36306488513946533,0.97901451587677,0.9510741233825684,0.5453341007232666,-0.06593143939971924,1.747873306274414,1.2909529209136963,2.761819839477539,2.761997699737549,3.1642305850982666,3.0166561603546143,3.306725025177002,3.25795841217041,3.2670226097106934,3.3302042484283447,27.172300338745117,3.756148099899292
318,0.0007656931411474943,0.0,0.0,0.0,0.003981160465627909,0.0,0.0,0.01704675517976284,0.0,0.0,0.0,0.0,0.07286914438009262,0.0,0.0,0.0,0.2467360496520996,0.0,0.0,0.6586012244224548,0.09681075066328049,0.0,0.0,0.0,0.18938423693180084,0.0,0.0,0.21979638934135437,0.0,0.0,0.0,0.0,0.21349938213825226,0.0,0.0,0.0,0.1759307086467743,0.0,0.0,0.10457853227853775,0.9038461446762085,0.5901397466659546,0.3389712870121002,0.8315368890762329,0.9987812638282776,0.9888586401939392,0.9599727392196655,0.9999874234199524,0.03121400997042656,0.0034343432635068893,0.0001015718953567557,0.0013665971346199512,0.013848671689629555,5.259973477222957e-06,7.503330401448238e-09,8.148553024511784e-05,0.055664047598838806,0.01038987934589386,0.0018470979994162917,0.010728579014539719,0.35997265577316284,0.9782058000564575,0.9534667730331421,0.5416958332061768,-0.033634915947914124,1.7430174350738525,1.2761187553405762,2.7046120166778564,2.7653005123138428,3.1385867595672607,2.958806037902832,3.5312037467956543,3.2995665073394775,3.333171844482422,3.436469316482544,27.178245544433594,3.999662160873413
319,0.0007150180754251778,0.0,0.0,0.0,0.00415603956207633,0.0,0.0,0.01695132441818714,0.0,0.0,0.0,0.0,0.07348514348268509,0.0,0.0,0.0,0.2448282390832901,0.0,0.0,0.6598642468452454,0.09640984237194061,0.0,0.0,0.0,0.18820632994174957,0.0,0.0,0.21822820603847504,0.0,0.0,0.0,0.0,0.2152724713087082,0.0,0.0,0.0,0.17489118874073029,0.0,0.0,0.1069919541478157,0.9096153974533081,0.5871058106422424,0.3420974016189575,0.8119760155677795,0.9980266690254211,0.9877715110778809,0.9604388475418091,0.9999633431434631,0.03166748583316803,0.0034778271801769733,0.00010275009844917804,0.0011504149297252297,0.014031095430254936,4.108856956008822e-06,7.963513404263267e-09,7.962687232065946e-05,0.056500159204006195,0.010477397590875626,0.0018524836050346494,0.010971494019031525,0.3624803125858307,0.9781771302223206,0.9503946304321289,0.5449718236923218,0.006050579249858856,1.7410826683044434,1.2716171741485596,2.5056710243225098,2.6978607177734375,3.098341464996338,2.999119520187378,3.6699650287628174,3.194532871246338,3.561253547668457,3.5115418434143066,27.171552658081055,4.111023426055908
320,0.0006793326465412974,0.0,0.0,0.0,0.003956444561481476,0.0,0.0,0.017539316788315773,0.0,0.0,0.0,0.0,0.07774996757507324,0.0,0.0,0.0,0.2492048591375351,0.0,0.0,0.6508700847625732,0.09829869121313095,0.0,0.0,0.0,0.1882324069738388,0.0,0.0,0.21874591708183289,0.0,0.0,0.0,0.0,0.2173682004213333,0.0,0.0,0.0,0.17386655509471893,0.0,0.0,0.10348821431398392,0.8999999761581421,0.5920159816741943,0.34011486172676086,0.792614758014679,0.9977508783340454,0.9888049960136414,0.9589477181434631,0.9999673962593079,0.03218816965818405,0.0035177511163055897,0.00010558214853517711,0.0010679513216018677,0.014348873868584633,4.6238974391599186e-06,7.310533511883932e-09,7.452723366441205e-05,0.05735468491911888,0.010620062239468098,0.0018644575029611588,0.011008459143340588,0.36068713665008545,0.9778243899345398,0.9428155422210693,0.5357562899589539,-0.03391760587692261,1.7246568202972412,1.2544986009597778,2.7098240852355957,2.870328426361084,3.03322434425354,3.035176992416382,3.6363468170166016,2.9810101985931396,3.8776936531066895,3.6477150917053223,27.17222023010254,4.171206474304199
321,0.000722782569937408,0.0,0.0,0.0,0.004264329560101032,0.0,0.0,0.018736688420176506,0.0,0.0,0.0,0.0,0.07959293574094772,0.0,0.0,0.0,0.26009443402290344,0.0,0.0,0.6365888714790344,0.1013186126947403,0.0,0.0,0.0,0.19052951037883759,0.0,0.0,0.22081153094768524,0.0,0.0,0.0,0.0,0.21608741581439972,0.0,0.0,0.0,0.17205935716629028,0.0,0.0,0.09919355809688568,0.9057692289352417,0.5842315554618835,0.3346741795539856,0.8083832263946533,0.9978215098381042,0.9862293601036072,0.9569051861763,0.9999765157699585,0.032275114208459854,0.0035195613745599985,0.00010844742791960016,0.0011803889647126198,0.014590496197342873,4.0655681914358865e-06,7.597728668429227e-09,7.885626109782606e-05,0.05717945843935013,0.010610108263790607,0.0018555945716798306,0.010834839195013046,0.35537025332450867,0.9762756824493408,0.9262014627456665,0.5225658416748047,-0.07147180289030075,1.7347326278686523,1.2509565353393555,2.766709804534912,2.9672398567199707,3.0770742893218994,3.0432236194610596,3.619374990463257,2.867810010910034,3.692948341369629,3.826871633529663,27.173629760742188,4.229916572570801
322,0.0006955419084988534,0.0,0.0,0.0,0.00433151563629508,0.0,0.0,0.018877467140555382,0.0,0.0,0.0,0.0,0.07472240179777145,0.0,0.0,0.0,0.24777767062187195,0.0,0.0,0.6535953879356384,0.10306716710329056,0.0,0.0,0.0,0.18906305730342865,0.0,0.0,0.22064143419265747,0.0,0.0,0.0,0.0,0.21130089461803436,0.0,0.0,0.0,0.17211902141571045,0.0,0.0,0.1038084328174591,0.9096153974533081,0.5837924480438232,0.3345143795013428,0.8143712282180786,0.9979126453399658,0.9836617708206177,0.9578852653503418,0.9999686479568481,0.03213546425104141,0.003507766406983137,0.00010955055040540174,0.0015412745997309685,0.014439931139349937,4.286810508347116e-06,7.677646074455424e-09,8.19318083813414e-05,0.05668196454644203,0.01056395098567009,0.0018457283731549978,0.010856231674551964,0.35527050495147705,0.9760951399803162,0.9060863256454468,0.5319147706031799,-0.04397539794445038,1.7388111352920532,1.2698837518692017,2.7200734615325928,2.7488110065460205,2.8930211067199707,2.981076240539551,3.526998996734619,2.879897117614746,3.6143229007720947,3.6700520515441895,27.169342041015625,4.397139549255371
323,0.0006514173583127558,0.0,0.0,0.0,0.0034432997927069664,0.0,0.0,0.015839766710996628,0.0,0.0,0.0,0.0,0.06756918877363205,0.0,0.0,0.0,0.23864319920539856,0.0,0.0,0.6738531589508057,0.1017691120505333,0.0,0.0,0.0,0.18416422605514526,0.0,0.0,0.2132124900817871,0.0,0.0,0.0,0.0,0.21089652180671692,0.0,0.0,0.0,0.17761079967021942,0.0,0.0,0.11234685778617859,0.9192307591438293,0.5994011759757996,0.3439725339412689,0.8351297378540039,0.9987030029296875,0.9908778071403503,0.9622462391853333,0.9999883770942688,0.0328097864985466,0.003537178272381425,0.00010992633178830147,0.001844384940341115,0.014923913404345512,4.392097253003158e-06,7.520557510076742e-09,8.838369103614241e-05,0.05790417641401291,0.010689551010727882,0.001875125104561448,0.011238457635045052,0.3652175962924957,0.9800650477409363,0.9210883378982544,0.5537775158882141,-0.019972417503595352,1.7034646272659302,1.2619526386260986,2.7287580966949463,2.8380117416381836,2.74643611907959,3.1670925617218018,3.6375198364257812,2.913571834564209,3.628690481185913,3.7173492908477783,27.153823852539062,4.312905788421631
324,0.0006736580398865044,0.0,0.0,0.0,0.003600070020183921,0.0,0.0,0.016336673870682716,0.0,0.0,0.0,0.0,0.06908602267503738,0.0,0.0,0.0,0.2322327196598053,0.0,0.0,0.6780708432197571,0.10055094957351685,0.0,0.0,0.0,0.18671748042106628,0.0,0.0,0.21190133690834045,0.0,0.0,0.0,0.0,0.2109597623348236,0.0,0.0,0.0,0.17539316415786743,0.0,0.0,0.11447729915380478,0.9211538434028625,0.5919760465621948,0.3445468246936798,0.8275448679924011,0.9985551238059998,0.9892826080322266,0.961713433265686,0.9999676942825317,0.03279297798871994,0.003515081014484167,0.00011052686022594571,0.002152085304260254,0.015142125077545643,4.087344677827787e-06,7.531005152827674e-09,9.647886327002198e-05,0.057546332478523254,0.010678183287382126,0.0018751568859443069,0.011246370151638985,0.365233838558197,0.9793891906738281,0.9180943965911865,0.5532756447792053,0.01819583773612976,1.7095506191253662,1.276222586631775,2.6419711112976074,2.699178695678711,2.646092653274536,3.1223671436309814,3.5923478603363037,2.9901506900787354,3.528559923171997,3.6401424407958984,27.15764045715332,4.338826656341553
325,0.000676040886901319,0.0,0.0,0.0,0.003574151312932372,0.0,0.0,0.016006136313080788,0.0,0.0,0.0,0.0,0.0647633895277977,0.0,0.0,0.0,0.22622579336166382,0.0,0.0,0.6887544989585876,0.1002316102385521,0.0,0.0,0.0,0.18700885772705078,0.0,0.0,0.21611595153808594,0.0,0.0,0.0,0.0,0.20439867675304413,0.0,0.0,0.0,0.1747666448354721,0.0,0.0,0.11747825145721436,0.9192307591438293,0.5908183455467224,0.3412109911441803,0.8329340815544128,0.9983465075492859,0.9892053008079529,0.9625322222709656,0.9999548196792603,0.03325115889310837,0.003511150600388646,0.00010643125278875232,0.002179903443902731,0.015324066393077374,3.8127077459648717e-06,7.532387158448728e-09,9.507585491519421e-05,0.058328330516815186,0.010761920362710953,0.0018885540775954723,0.011674666777253151,0.3621276915073395,0.9797431230545044,0.9232903122901917,0.5624091625213623,0.05401928722858429,1.703926682472229,1.2619708776474,2.6992948055267334,2.6548688411712646,2.765029191970825,3.150386095046997,3.6832828521728516,3.1702520847320557,3.5667355060577393,3.660961627960205,27.142614364624023,4.330043315887451
326,0.0006664211396127939,0.0,0.0,0.0,0.003262191079556942,0.0,0.0,0.01511442381888628,0.0,0.0,0.0,0.0,0.06513581424951553,0.0,0.0,0.0,0.2354530245065689,0.0,0.0,0.6803681254386902,0.09845706820487976,0.0,0.0,0.0,0.1859472393989563,0.0,0.0,0.21589626371860504,0.0,0.0,0.0,0.0,0.20470355451107025,0.0,0.0,0.0,0.18028569221496582,0.0,0.0,0.11471019685268402,0.9192307591438293,0.5896607041358948,0.3437378406524658,0.836327314376831,0.998018205165863,0.9911162257194519,0.9641811847686768,0.9998905062675476,0.03356251120567322,0.003530567977577448,0.00010514442692510784,0.002303890185430646,0.015660177916288376,3.764079565371503e-06,7.3983388304554865e-09,9.072301327250898e-05,0.05897154659032822,0.010908457450568676,0.0019197642104700208,0.011853738687932491,0.3644474446773529,0.9809564352035522,0.937053382396698,0.5629557371139526,0.07317131757736206,1.6880306005477905,1.2425754070281982,2.8075056076049805,2.8613221645355225,2.9010441303253174,3.0240631103515625,3.895646572113037,3.4131581783294678,3.6013472080230713,3.6435508728027344,27.135478973388672,4.202939033508301
327,0.000640070647932589,0.0,0.0,0.0,0.003102836897596717,0.0,0.0,0.014522930607199669,0.0,0.0,0.0,0.0,0.06276063621044159,0.0,0.0,0.0,0.23430335521697998,0.0,0.0,0.684670090675354,0.09742701053619385,0.0,0.0,0.0,0.18261879682540894,0.0,0.0,0.21553336083889008,0.0,0.0,0.0,0.0,0.2044653594493866,0.0,0.0,0.0,0.18308313190937042,0.0,0.0,0.11687233299016953,0.9230769276618958,0.589820384979248,0.34736332297325134,0.8435129523277283,0.9990655183792114,0.991766095161438,0.9652997255325317,0.9999796152114868,0.03422005474567413,0.003544875420629978,0.00010503543308004737,0.0024239104241132736,0.015656448900699615,3.6866208574792836e-06,7.0453713973961385e-09,0.00010016746819019318,0.05979315564036369,0.010983765125274658,0.00193704292178154,0.011761423200368881,0.367913156747818,0.9817336201667786,0.9441424608230591,0.5705423951148987,0.09325528889894485,1.6732701063156128,1.2330461740493774,3.0343894958496094,3.0752410888671875,3.0286028385162354,3.0092520713806152,3.9006452560424805,3.5038585662841797,3.535543441772461,3.4784436225891113,27.121734619140625,4.086369037628174
328,0.0006715695490129292,0.0,0.0,0.0,0.0032909782603383064,0.0,0.0,0.015275710262358189,0.0,0.0,0.0,0.0,0.06403972208499908,0.0,0.0,0.0,0.23237858712673187,0.0,0.0,0.6843434572219849,0.09729564934968948,0.0,0.0,0.0,0.18524278700351715,0.0,0.0,0.21700988709926605,0.0,0.0,0.0,0.0,0.20257839560508728,0.0,0.0,0.0,0.1802806705236435,0.0,0.0,0.11759261041879654,0.9173076748847961,0.5863872170448303,0.34443947672843933,0.8421157598495483,0.9988855123519897,0.991326093673706,0.9634384512901306,0.9999842643737793,0.034362953156232834,0.003529708832502365,0.00010257787653245032,0.0021973601542413235,0.015610089525580406,3.578647010726854e-06,7.073405416946343e-09,8.876778156263754e-05,0.06008663773536682,0.010939247906208038,0.0019397642463445663,0.011697184294462204,0.3649740219116211,0.9807611107826233,0.9471496939659119,0.5718148946762085,0.1321282684803009,1.6858664751052856,1.2368258237838745,2.9502370357513428,3.0575859546661377,3.0336384773254395,3.263950824737549,3.838738441467285,3.645512580871582,3.3118896484375,3.5119969844818115,27.127723693847656,3.8930368423461914
329,0.0007357394206337631,0.0,0.0,0.0,0.003515498712658882,0.0,0.0,0.015214793384075165,0.0,0.0,0.0,0.0,0.0617542564868927,0.0,0.0,0.0,0.22719566524028778,0.0,0.0,0.6915841102600098,0.0989237055182457,0.0,0.0,0.0,0.1845153421163559,0.0,0.0,0.21275019645690918,0.0,0.0,0.0,0.0,0.2028679996728897,0.0,0.0,0.0,0.18033099174499512,0.0,0.0,0.1206117570400238,0.9192307591438293,0.5905389189720154,0.3470112383365631,0.8387225270271301,0.9988941550254822,0.9913289546966553,0.9630027413368225,0.9999651908874512,0.034290656447410583,0.0035372511483728886,0.00010247036698274314,0.0020708157680928707,0.015467682853341103,3.889756953867618e-06,7.682114500084936e-09,9.37793665798381e-05,0.060191042721271515,0.010995708405971527,0.0019685649313032627,0.01137715857475996,0.3675675094127655,0.9805334210395813,0.9428815245628357,0.577433705329895,0.12267394363880157,1.6793392896652222,1.2292513847351074,2.897765636444092,2.919163465499878,3.4561240673065186,3.228774070739746,3.886366844177246,3.4958510398864746,3.4484524726867676,3.585864543914795,27.133071899414062,3.8751790523529053
330,0.0007056150352582335,0.0,0.0,0.0,0.003549831686541438,0.0,0.0,0.015130668878555298,0.0,0.0,0.0,0.0,0.06126245856285095,0.0,0.0,0.0,0.2325679063796997,0.0,0.0,0.6867835521697998,0.09897293895483017,0.0,0.0,0.0,0.18554803729057312,0.0,0.0,0.21244236826896667,0.0,0.0,0.0,0.0,0.20272822678089142,0.0,0.0,0.0,0.18291519582271576,0.0,0.0,0.11739324033260345,0.9192307591438293,0.587624728679657,0.34647440910339355,0.8461077809333801,0.9988229274749756,0.9906678795814514,0.96363365650177,0.9999697804450989,0.03382904827594757,0.003492369782179594,0.0001022625801851973,0.0023732970003038645,0.015237055718898773,3.942305738746654e-06,7.506475441232396e-09,0.00010055962775368243,0.05944345146417618,0.010893232189118862,0.001946382224559784,0.011236256919801235,0.3669852614402771,0.9806134104728699,0.9319674968719482,0.5734184980392456,0.09469518065452576,1.693301796913147,1.2420741319656372,2.841092348098755,2.891113519668579,3.478976249694824,3.179640293121338,3.9860291481018066,3.3210763931274414,3.3364579677581787,3.4266295433044434,27.13703727722168,3.8732128143310547
331,0.0007150858291424811,0.0,0.0,0.0,0.0034325795713812113,0.0,0.0,0.014110778458416462,0.0,0.0,0.0,0.0,0.06079280003905296,0.0,0.0,0.0,0.23703482747077942,0.0,0.0,0.6839139461517334,0.10187578946352005,0.0,0.0,0.0,0.1838807463645935,0.0,0.0,0.20815883576869965,0.0,0.0,0.0,0.0,0.20502670109272003,0.0,0.0,0.0,0.18362317979335785,0.0,0.0,0.11743475496768951,0.9134615659713745,0.5848303437232971,0.349041223526001,0.8459081649780273,0.9987894296646118,0.9906899929046631,0.9661309719085693,0.9999662041664124,0.0335933193564415,0.003439025254920125,0.00010318681597709656,0.00274809286929667,0.015201501548290253,4.55150484413025e-06,7.058199802401077e-09,0.00011040485696867108,0.05913165956735611,0.010838178917765617,0.0019286281894892454,0.011321126483380795,0.3691983222961426,0.9817410111427307,0.9287876486778259,0.5739107728004456,0.04886993393301964,1.7000092267990112,1.2462899684906006,2.733154296875,2.9144444465637207,3.529982328414917,3.197117328643799,3.928255558013916,3.429600715637207,3.1829614639282227,3.2412288188934326,27.142562866210938,4.043025016784668
332,0.0006987047963775694,0.0,0.0,0.0,0.0034280286636203527,0.0,0.0,0.013915082439780235,0.0,0.0,0.0,0.0,0.05741928890347481,0.0,0.0,0.0,0.22694706916809082,0.0,0.0,0.6975918412208557,0.10196059942245483,0.0,0.0,0.0,0.18272511661052704,0.0,0.0,0.20438550412654877,0.0,0.0,0.0,0.0,0.20440776646137238,0.0,0.0,0.0,0.18401946127414703,0.0,0.0,0.12250155210494995,0.9192307591438293,0.5904191732406616,0.3523745536804199,0.8512973785400391,0.998839795589447,0.9912576675415039,0.9663776755332947,0.9999761581420898,0.033363666385412216,0.0034225217532366514,0.00010498572373762727,0.0028808745555579662,0.014775958843529224,4.444526439328911e-06,6.82308121113806e-09,0.00011647366773104295,0.05901259183883667,0.010779923759400845,0.0019195175264030695,0.011250624433159828,0.37268954515457153,0.9819577932357788,0.9274115562438965,0.5811585187911987,0.02668142318725586,1.7008979320526123,1.2538878917694092,2.553236484527588,2.9554238319396973,3.5416252613067627,3.274470329284668,3.7322494983673096,3.569826602935791,3.1553897857666016,3.186277151107788,27.143814086914062,3.956655263900757
333,0.0007144111441448331,0.0,0.0,0.0,0.0035431135911494493,0.0,0.0,0.014544885605573654,0.0,0.0,0.0,0.0,0.05815193057060242,0.0,0.0,0.0,0.2318311184644699,0.0,0.0,0.6912145614624023,0.10480209439992905,0.0,0.0,0.0,0.180315300822258,0.0,0.0,0.20635128021240234,0.0,0.0,0.0,0.0,0.2019568383693695,0.0,0.0,0.0,0.18643318116664886,0.0,0.0,0.12014131247997284,0.9173076748847961,0.5887026190757751,0.350591778755188,0.856486976146698,0.9987528324127197,0.9873319268226624,0.9670048356056213,0.9999875426292419,0.03298388421535492,0.003394464496523142,0.00010490673594176769,0.002964986255392432,0.014607131481170654,4.71290195491747e-06,6.9859629192592365e-09,0.00011639521835604683,0.05806668475270271,0.010707603767514229,0.0019150322768837214,0.011220359243452549,0.37099146842956543,0.9811971187591553,0.9348074197769165,0.5762787461280823,0.017353663221001625,1.7043250799179077,1.2573301792144775,2.756089925765991,2.9434494972229004,3.4059152603149414,3.2198197841644287,3.721845865249634,3.4777987003326416,3.2292797565460205,3.153562068939209,27.14044189453125,3.8702635765075684
334,0.0006333680939860642,0.0,0.0,0.0,0.0032979981042444706,0.0,0.0,0.013952533714473248,0.0,0.0,0.0,0.0,0.05429950729012489,0.0,0.0,0.0,0.22580790519714355,0.0,0.0,0.7020087242126465,0.10279621928930283,0.0,0.0,0.0,0.18079403042793274,0.0,0.0,0.20154787600040436,0.0,0.0,0.0,0.0,0.19988808035850525,0.0,0.0,0.0,0.18872736394405365,0.0,0.0,0.12624643743038177,0.9134615659713745,0.5899401307106018,0.35550811886787415,0.8558881878852844,0.9972966909408569,0.9881399273872375,0.96882563829422,0.9999918937683105,0.032323867082595825,0.003388458164408803,0.00010663353168638423,0.003116991836577654,0.014526426792144775,4.688953140430385e-06,6.513698469490237e-09,0.00012237371993251145,0.057366982102394104,0.010636601597070694,0.0019051162526011467,0.01122318860143423,0.37561938166618347,0.9821157455444336,0.9399087429046631,0.5864143967628479,0.018291393294930458,1.7048510313034058,1.2741155624389648,2.6335034370422363,2.990816593170166,3.3107662200927734,3.246960163116455,3.5698728561401367,3.4220545291900635,2.983602285385132,3.146885633468628,27.126737594604492,3.8662283420562744
335,0.0006312732002697885,0.0,0.0,0.0,0.0032464817631989717,0.0,0.0,0.012821926735341549,0.0,0.0,0.0,0.0,0.05745689198374748,0.0,0.0,0.0,0.22491534054279327,0.0,0.0,0.7009280920028687,0.10149966925382614,0.0,0.0,0.0,0.1828087568283081,0.0,0.0,0.2007361650466919,0.0,0.0,0.0,0.0,0.20202986896038055,0.0,0.0,0.0,0.18821558356285095,0.0,0.0,0.12470994889736176,0.9096153974533081,0.5884630680084229,0.35587266087532043,0.8512973785400391,0.9977054595947266,0.9897737503051758,0.9705621600151062,0.9999893307685852,0.031881291419267654,0.0033618370071053505,0.0001082817543647252,0.0030292971059679985,0.01411287859082222,4.6312597987707704e-06,7.520227995883033e-09,0.00011693921987898648,0.056479740887880325,0.01054091565310955,0.001894296146929264,0.011449594981968403,0.3758142590522766,0.9832999110221863,0.9497358798980713,0.5857462882995605,0.01883532851934433,1.7120753526687622,1.2819604873657227,2.6799211502075195,3.1553235054016113,3.163607597351074,3.247314929962158,3.3859779834747314,3.3747429847717285,2.847076654434204,3.032404661178589,27.1140193939209,4.001279354095459
336,0.0006697111530229449,0.0,0.0,0.0,0.00346398469991982,0.0,0.0,0.013813911005854607,0.0,0.0,0.0,0.0,0.062313925474882126,0.0,0.0,0.0,0.23524019122123718,0.0,0.0,0.6844982504844666,0.09805106371641159,0.0,0.0,0.0,0.1861729919910431,0.0,0.0,0.20804762840270996,0.0,0.0,0.0,0.0,0.20404990017414093,0.0,0.0,0.0,0.18557189404964447,0.0,0.0,0.11810652911663055,0.9019230604171753,0.5855488777160645,0.35044196248054504,0.8293412923812866,0.9979458451271057,0.988129734992981,0.9689882397651672,0.9999165534973145,0.030542468652129173,0.0033124780748039484,0.00010558433859841898,0.0027111631352454424,0.013641991652548313,4.863780759478686e-06,7.81929543336446e-09,0.00011007401189999655,0.054956916719675064,0.010286716744303703,0.0018586736405268312,0.011067123152315617,0.3703349828720093,0.9820520281791687,0.9444372653961182,0.5694886445999146,-0.023094847798347473,1.7372310161590576,1.3042404651641846,2.6131579875946045,3.072970151901245,3.062462568283081,3.070502996444702,3.3483798503875732,3.3239047527313232,2.7354965209960938,2.9904046058654785,27.092967987060547,3.8854105472564697
337,0.000652775343041867,0.0,0.0,0.0,0.003435576567426324,0.0,0.0,0.013314880430698395,0.0,0.0,0.0,0.0,0.0589141808450222,0.0,0.0,0.0,0.22525349259376526,0.0,0.0,0.6984290480613708,0.09413859248161316,0.0,0.0,0.0,0.18806415796279907,0.0,0.0,0.20589160919189453,0.0,0.0,0.0,0.0,0.20485509932041168,0.0,0.0,0.0,0.18210260570049286,0.0,0.0,0.1249479353427887,0.9115384817123413,0.5885030031204224,0.3538052439689636,0.8157684206962585,0.9984416365623474,0.9883712530136108,0.9701029062271118,0.9999141097068787,0.03049458935856819,0.003352690488100052,0.00010633278725435957,0.002326252870261669,0.013681496493518353,4.789707418240141e-06,8.860059352855387e-09,0.00010559088696027175,0.055062197148799896,0.010277606546878815,0.001871919841505587,0.011170156300067902,0.3734852075576782,0.9825962781906128,0.9432203769683838,0.5819292068481445,0.024518977850675583,1.7167932987213135,1.2974357604980469,2.712073802947998,2.9528961181640625,3.2126379013061523,2.979804515838623,3.457303047180176,3.367079973220825,2.7695045471191406,3.0146241188049316,27.079303741455078,3.850759983062744
338,0.0006451940862461925,0.0,0.0,0.0,0.0031763138249516487,0.0,0.0,0.012429731898009777,0.0,0.0,0.0,0.0,0.054611366242170334,0.0,0.0,0.0,0.21677833795547485,0.0,0.0,0.7123591303825378,0.09329964220523834,0.0,0.0,0.0,0.1814945489168167,0.0,0.0,0.20847080647945404,0.0,0.0,0.0,0.0,0.20069292187690735,0.0,0.0,0.0,0.1834048479795456,0.0,0.0,0.13263723254203796,0.9153845906257629,0.6002794504165649,0.3569638133049011,0.8169660568237305,0.998672366142273,0.9903311729431152,0.9715604782104492,0.999953031539917,0.03080514445900917,0.003424842841923237,0.00010668505274225026,0.0020111333578824997,0.013551946729421616,5.82028860662831e-06,8.401269013802448e-09,0.00010301212751073763,0.05579264461994171,0.010378740727901459,0.0019007166847586632,0.01108283270150423,0.37712258100509644,0.983748197555542,0.9481018781661987,0.5980141758918762,0.08141583204269409,1.6889723539352417,1.2831226587295532,2.8795652389526367,2.9628419876098633,3.3160879611968994,3.003281354904175,3.438699722290039,3.6275970935821533,2.8052420616149902,2.976552724838257,27.075611114501953,3.791231870651245
339,0.0006351188640110195,0.0,0.0,0.0,0.003137771273031831,0.0,0.0,0.011782101355493069,0.0,0.0,0.0,0.0,0.0532848946750164,0.0,0.0,0.0,0.21524520218372345,0.0,0.0,0.7159149050712585,0.09482613205909729,0.0,0.0,0.0,0.1796630471944809,0.0,0.0,0.2055848091840744,0.0,0.0,0.0,0.0,0.20170417428016663,0.0,0.0,0.0,0.18375661969184875,0.0,0.0,0.13446521759033203,0.9153845906257629,0.5962075591087341,0.3598601818084717,0.8091816306114197,0.9988606572151184,0.9907817244529724,0.9728900790214539,0.9999531507492065,0.030650019645690918,0.0034158388152718544,0.00010595846106298268,0.0017516915686428547,0.01324597280472517,6.6041229729307815e-06,8.313479682442448e-09,8.901221008272842e-05,0.05596271902322769,0.010340219363570213,0.0019046053057536483,0.011025377549231052,0.37948641180992126,0.9844444394111633,0.9479231238365173,0.6040204763412476,0.09776733815670013,1.686674952507019,1.2866177558898926,2.9846301078796387,2.947489023208618,3.2693562507629395,2.8772263526916504,3.383164405822754,3.6047215461730957,2.6604604721069336,3.2924203872680664,27.08538818359375,3.6682658195495605
340,0.0007077004993334413,0.0,0.0,0.0,0.003489196766167879,0.0,0.0,0.01262864749878645,0.0,0.0,0.0,0.0,0.05515313521027565,0.0,0.0,0.0,0.22271348536014557,0.0,0.0,0.7053078413009644,0.09456298500299454,0.0,0.0,0.0,0.18252766132354736,0.0,0.0,0.20695313811302185,0.0,0.0,0.0,0.0,0.20438235998153687,0.0,0.0,0.0,0.17891590297222137,0.0,0.0,0.1326579451560974,0.9096153974533081,0.5928941965103149,0.35770538449287415,0.7948103547096252,0.9988666772842407,0.9892376065254211,0.9711496829986572,0.9999274015426636,0.030377451330423355,0.00341304880566895,0.0001071620499715209,0.0015212419675663114,0.013243518769741058,6.266033324209275e-06,8.716574129152832e-09,9.16707213036716e-05,0.05578037351369858,0.010355127975344658,0.001907804049551487,0.011210359632968903,0.37711796164512634,0.9831738471984863,0.9363957047462463,0.5958584547042847,0.09948904812335968,1.6866148710250854,1.2831804752349854,2.955193519592285,2.8380415439605713,3.5824475288391113,2.7857587337493896,3.471590757369995,3.6250433921813965,2.675682544708252,3.2898964881896973,27.085927963256836,3.5948307514190674
341,0.000742605363484472,0.0,0.0,0.0,0.003422421868890524,0.0,0.0,0.013323548249900341,0.0,0.0,0.0,0.0,0.05985885113477707,0.0,0.0,0.0,0.2327607423067093,0.0,0.0,0.6898918747901917,0.09642959386110306,0.0,0.0,0.0,0.18491224944591522,0.0,0.0,0.20905455946922302,0.0,0.0,0.0,0.0,0.2066362053155899,0.0,0.0,0.0,0.17737789452075958,0.0,0.0,0.125589519739151,0.9115384817123413,0.589181661605835,0.3529188632965088,0.7972055673599243,0.9985980987548828,0.9887167811393738,0.9701261520385742,0.9998996257781982,0.029999898746609688,0.0033423854038119316,0.0001045781682478264,0.0014908767770975828,0.01300446130335331,6.651032890658826e-06,8.573517895626992e-09,8.402712410315871e-05,0.05484006181359291,0.01018197275698185,0.0018746780697256327,0.011212032288312912,0.3724853992462158,0.9825109243392944,0.9431225061416626,0.5817986130714417,0.12459814548492432,1.7136791944503784,1.3043018579483032,3.0826416015625,2.8504858016967773,3.4586682319641113,2.7687292098999023,3.427044630050659,3.469560384750366,2.6090824604034424,3.041470527648926,27.095788955688477,3.385554552078247
342,0.0007595911738462746,0.0,0.0,0.0,0.0032869691494852304,0.0,0.0,0.013567027635872364,0.0,0.0,0.0,0.0,0.05864338576793671,0.0,0.0,0.0,0.2298232465982437,0.0,0.0,0.693919837474823,0.09493658691644669,0.0,0.0,0.0,0.18532519042491913,0.0,0.0,0.20753195881843567,0.0,0.0,0.0,0.0,0.20640845596790314,0.0,0.0,0.0,0.1780795007944107,0.0,0.0,0.12771832942962646,0.9115384817123413,0.5881037712097168,0.3549363315105438,0.8043912053108215,0.99821937084198,0.9880812168121338,0.9702457189559937,0.9999268054962158,0.02989933267235756,0.0033321059308946133,0.00010554552136454731,0.001445429865270853,0.01293550617992878,5.873179361515213e-06,8.247774019309873e-09,8.55635735206306e-05,0.0545017309486866,0.010150587186217308,0.0018741172971203923,0.010903697460889816,0.3743806481361389,0.9823859333992004,0.9489128589630127,0.5879735350608826,0.15650883316993713,1.7178614139556885,1.3179373741149902,3.070289373397827,2.9041836261749268,3.4315528869628906,2.688359260559082,3.5826563835144043,3.345259189605713,2.4200727939605713,2.905747652053833,27.10478401184082,3.310349941253662
343,0.0007595870993100107,0.0,0.0,0.0,0.003478984348475933,0.0,0.0,0.014445338398218155,0.0,0.0,0.0,0.0,0.05714455246925354,0.0,0.0,0.0,0.23096002638339996,0.0,0.0,0.6932114958763123,0.09460334479808807,0.0,0.0,0.0,0.18314515054225922,0.0,0.0,0.20889323949813843,0.0,0.0,0.0,0.0,0.2074580192565918,0.0,0.0,0.0,0.18018898367881775,0.0,0.0,0.12571126222610474,0.9057692289352417,0.5839521288871765,0.35591012239456177,0.8051896095275879,0.9984851479530334,0.986211895942688,0.9689754247665405,0.9999405145645142,0.0296842809766531,0.003320039715617895,0.0001059427231666632,0.001454587560147047,0.01280298363417387,6.863872386020375e-06,8.32277535778303e-09,9.011059592012316e-05,0.053943924605846405,0.010101376101374626,0.0018657625187188387,0.010856215842068195,0.37504640221595764,0.9813154935836792,0.9469183683395386,0.5856691002845764,0.11652491241693497,1.724632978439331,1.3243539333343506,3.00404953956604,2.7355992794036865,3.39843487739563,2.806840658187866,3.45149302482605,3.2212512493133545,2.4280405044555664,3.07397723197937,27.106033325195312,3.318925380706787
344,0.0006835543899796903,0.0,0.0,0.0,0.0032699373550713062,0.0,0.0,0.013469139114022255,0.0,0.0,0.0,0.0,0.057766783982515335,0.0,0.0,0.0,0.22878910601139069,0.0,0.0,0.6960214972496033,0.09494639188051224,0.0,0.0,0.0,0.18098025023937225,0.0,0.0,0.20529292523860931,0.0,0.0,0.0,0.0,0.209273099899292,0.0,0.0,0.0,0.18201814591884613,0.0,0.0,0.12748919427394867,0.9038461446762085,0.5851097702980042,0.360187292098999,0.8115768432617188,0.998460590839386,0.987367570400238,0.9709673523902893,0.9999518990516663,0.02975945919752121,0.0033355061896145344,0.0001083739916794002,0.0015547603834420443,0.012821506708860397,7.27953010937199e-06,7.848298899659767e-09,9.464533650316298e-05,0.05468326061964035,0.010179375298321247,0.0018812308553606272,0.011020250618457794,0.3791593313217163,0.982576847076416,0.9457828998565674,0.5913916230201721,0.1296178251504898,1.716328501701355,1.3188859224319458,2.982152223587036,2.7092485427856445,3.5840604305267334,2.812218427658081,3.225231885910034,3.1184444427490234,2.7186901569366455,2.8802032470703125,27.108734130859375,3.5914227962493896
345,0.0007052184664644301,0.0,0.0,0.0,0.0030824679415673018,0.0,0.0,0.014096960425376892,0.0,0.0,0.0,0.0,0.055037472397089005,0.0,0.0,0.0,0.22547797858715057,0.0,0.0,0.7015999555587769,0.09588002413511276,0.0,0.0,0.0,0.17663578689098358,0.0,0.0,0.20808064937591553,0.0,0.0,0.0,0.0,0.2098006159067154,0.0,0.0,0.0,0.18127842247486115,0.0,0.0,0.128324493765831,0.9038461446762085,0.5788822174072266,0.36117103695869446,0.8095808029174805,0.9984055161476135,0.9872928857803345,0.9700839519500732,0.9998839497566223,0.030034631490707397,0.003339135553687811,0.00010795204434543848,0.0017754456494003534,0.01295839250087738,6.92907588017988e-06,7.865653017802288e-09,0.000104568425740581,0.05525213107466698,0.010252300649881363,0.001902088988572359,0.011204542592167854,0.37968823313713074,0.9821149706840515,0.9587066769599915,0.5952631235122681,0.11242678761482239,1.708171010017395,1.3060535192489624,2.9540486335754395,2.983699321746826,3.4173038005828857,2.767585277557373,3.4661707878112793,3.3152689933776855,2.5652997493743896,2.9632999897003174,27.107763290405273,3.6195361614227295
346,0.0007131555466912687,0.0,0.0,0.0,0.003250216832384467,0.0,0.0,0.014004051685333252,0.0,0.0,0.0,0.0,0.0568409338593483,0.0,0.0,0.0,0.2337431162595749,0.0,0.0,0.6914485692977905,0.09705018997192383,0.0,0.0,0.0,0.1775439977645874,0.0,0.0,0.20742292702198029,0.0,0.0,0.0,0.0,0.2083718180656433,0.0,0.0,0.0,0.1848939210176468,0.0,0.0,0.12471716105937958,0.9057692289352417,0.5748901963233948,0.36026719212532043,0.8103792071342468,0.9986412525177002,0.9872530102729797,0.9699355363845825,0.999834418296814,0.02983616292476654,0.0032953238114714622,0.00010819248564075679,0.0020667649805545807,0.012866324745118618,7.089412974892184e-06,8.10510769611028e-09,0.00010678437683964148,0.055118609219789505,0.01017247885465622,0.0019043233478441834,0.011235585436224937,0.37862810492515564,0.9820321202278137,0.9556223750114441,0.58761066198349,0.100832998752594,1.7160879373550415,1.313681721687317,2.9963197708129883,2.7779057025909424,3.6330273151397705,2.8419036865234375,3.2813169956207275,3.152486801147461,2.611121892929077,2.927708148956299,27.116640090942383,3.584158420562744
347,0.0006942922482267022,0.0,0.0,0.0,0.00347320269793272,0.0,0.0,0.014926275238394737,0.0,0.0,0.0,0.0,0.0560067817568779,0.0,0.0,0.0,0.22742412984371185,0.0,0.0,0.6974753141403198,0.09820742905139923,0.0,0.0,0.0,0.18229137361049652,0.0,0.0,0.20470169186592102,0.0,0.0,0.0,0.0,0.20713283121585846,0.0,0.0,0.0,0.17868909239768982,0.0,0.0,0.12897758185863495,0.9076923131942749,0.574211597442627,0.35767292976379395,0.8179640173912048,0.9983516335487366,0.9868566989898682,0.9678143262863159,0.999861478805542,0.030065327882766724,0.003300261218100786,0.00010706051398301497,0.002131309360265732,0.01282044593244791,6.832927283539902e-06,9.475825457627707e-09,9.836294339038432e-05,0.054940033704042435,0.010152957402169704,0.001892924658022821,0.011152823455631733,0.3762689232826233,0.9809058308601379,0.9482294321060181,0.5879625678062439,0.10027474910020828,1.7196098566055298,1.322539210319519,2.822664499282837,2.8866336345672607,3.54748272895813,2.8097522258758545,3.219754934310913,3.189600706100464,2.5307915210723877,2.9981799125671387,27.12774658203125,3.5150070190429688
348,0.000704825040884316,0.0,0.0,0.0,0.0033778168726712465,0.0,0.0,0.014678304083645344,0.0,0.0,0.0,0.0,0.05404255539178848,0.0,0.0,0.0,0.22480501234531403,0.0,0.0,0.7023915648460388,0.09742163866758347,0.0,0.0,0.0,0.18201495707035065,0.0,0.0,0.20605933666229248,0.0,0.0,0.0,0.0,0.2043677270412445,0.0,0.0,0.0,0.1815738081932068,0.0,0.0,0.1285625398159027,0.9115384817123413,0.5754091739654541,0.3572984039783478,0.8235528469085693,0.9983567595481873,0.9875088930130005,0.9681260585784912,0.9999407529830933,0.030018175020813942,0.003312951186671853,0.00010560086229816079,0.0022210273891687393,0.012725287117064,6.855078027001582e-06,9.25755916370008e-09,0.00010129564179806039,0.05456127971410751,0.010166442021727562,0.0018903122982010245,0.01101964432746172,0.3760601580142975,0.9812384247779846,0.9530579447746277,0.5917029976844788,0.0750516876578331,1.719834804534912,1.323338508605957,2.8198938369750977,2.90494441986084,3.3878769874572754,2.849447250366211,3.1349668502807617,3.3016209602355957,2.4510982036590576,3.0346944332122803,27.13678550720215,3.6207306385040283
349,0.0006705092382617295,0.0,0.0,0.0,0.0026994086802005768,0.0,0.0,0.012764236889779568,0.0,0.0,0.0,0.0,0.050017692148685455,0.0,0.0,0.0,0.20703552663326263,0.0,0.0,0.7268126606941223,0.09630722552537918,0.0,0.0,0.0,0.1750091314315796,0.0,0.0,0.2044624239206314,0.0,0.0,0.0,0.0,0.20348170399665833,0.0,0.0,0.0,0.185771644115448,0.0,0.0,0.1349678635597229,0.9134615659713745,0.5865868330001831,0.3642846643924713,0.8191616535186768,0.9987409710884094,0.9899789094924927,0.9722306132316589,0.9998605847358704,0.030615845695137978,0.003367372788488865,0.00010545877739787102,0.002371195936575532,0.013013921678066254,7.351342901529279e-06,9.21979470547285e-09,9.628839325159788e-05,0.05521439388394356,0.010263590142130852,0.0019025723449885845,0.010919645428657532,0.383151650428772,0.9838654398918152,0.9598864316940308,0.6127321720123291,0.06690829992294312,1.6979186534881592,1.312878131866455,2.8431761264801025,2.918368339538574,3.3154780864715576,3.1225645542144775,3.0728600025177,3.3499321937561035,2.411972999572754,3.035069227218628,27.138301849365234,3.792365074157715
350,0.0007172285695560277,0.0,0.0,0.0,0.0028176605701446533,0.0,0.0,0.012188407592475414,0.0,0.0,0.0,0.0,0.05021509900689125,0.0,0.0,0.0,0.207724928855896,0.0,0.0,0.726336658000946,0.0970492959022522,0.0,0.0,0.0,0.17845796048641205,0.0,0.0,0.20562274754047394,0.0,0.0,0.0,0.0,0.20048749446868896,0.0,0.0,0.0,0.18407246470451355,0.0,0.0,0.1343100219964981,0.9134615659713745,0.5869061946868896,0.3601148724555969,0.8145708441734314,0.9973012208938599,0.9904131889343262,0.973084568977356,0.9996600151062012,0.030229855328798294,0.0033224686048924923,0.00010261268471367657,0.002239055698737502,0.01279956940561533,6.112493792898022e-06,9.030055814207572e-09,9.988385863834992e-05,0.054387159645557404,0.010143804363906384,0.001872381428256631,0.01085718721151352,0.37924283742904663,0.9842762351036072,0.9552797079086304,0.6126908659934998,0.040170229971408844,1.714730978012085,1.3311152458190918,2.7178516387939453,2.8511881828308105,3.2295589447021484,3.0059850215911865,3.1917738914489746,3.296499013900757,2.287954330444336,2.9427483081817627,27.1396427154541,3.7438149452209473
351,0.000728116137906909,0.0,0.0,0.0,0.0028960511554032564,0.0,0.0,0.011656704358756542,0.0,0.0,0.0,0.0,0.04962276667356491,0.0,0.0,0.0,0.19858276844024658,0.0,0.0,0.736513614654541,0.09750748425722122,0.0,0.0,0.0,0.17904356122016907,0.0,0.0,0.2038576453924179,0.0,0.0,0.0,0.0,0.19911573827266693,0.0,0.0,0.0,0.18081462383270264,0.0,0.0,0.13966095447540283,0.9134615659713745,0.5928143858909607,0.36086392402648926,0.7690618634223938,0.9988592863082886,0.9906882047653198,0.9738932251930237,0.9992006421089172,0.030381377786397934,0.003362240269780159,0.00010488134284969419,0.0019033942371606827,0.013002732768654823,5.643200893246103e-06,9.157451685837259e-09,9.761039837030694e-05,0.054646529257297516,0.010216405615210533,0.0018823235295712948,0.010760394856333733,0.3797532021999359,0.9847187399864197,0.9560555219650269,0.6214331388473511,0.07075154781341553,1.7078386545181274,1.3240214586257935,2.908534288406372,2.7022087574005127,3.408839464187622,3.0403223037719727,3.1239287853240967,3.431295394897461,2.106825590133667,2.8610999584198,27.136516571044922,3.948180675506592
352,0.0007231496274471283,0.0,0.0,0.0,0.0030136038549244404,0.0,0.0,0.011248759925365448,0.0,0.0,0.0,0.0,0.05242909491062164,0.0,0.0,0.0,0.2097272425889969,0.0,0.0,0.722858190536499,0.09685797244310379,0.0,0.0,0.0,0.18025057017803192,0.0,0.0,0.20543822646141052,0.0,0.0,0.0,0.0,0.19940879940986633,0.0,0.0,0.0,0.18322241306304932,0.0,0.0,0.13482201099395752,0.9211538434028625,0.5922954082489014,0.35888391733169556,0.7836326956748962,0.9989759922027588,0.9913561940193176,0.9738571047782898,0.9998877048492432,0.030249156057834625,0.0033587301149964333,0.00010581059177638963,0.001897056819871068,0.012993342243134975,5.430747023638105e-06,8.840196130677214e-09,9.403641888638958e-05,0.05443614348769188,0.010201242752373219,0.0018838021205738187,0.010804856196045876,0.37806209921836853,0.9850141406059265,0.9588715434074402,0.6126614809036255,0.11772026121616364,1.7103848457336426,1.3213887214660645,3.02077054977417,2.77215838432312,3.30350399017334,2.9993951320648193,3.23696231842041,3.43855619430542,2.132030963897705,2.8814046382904053,27.145160675048828,3.8276610374450684
353,0.0006678453646600246,0.0,0.0,0.0,0.0027139431331306696,0.0,0.0,0.010192843154072762,0.0,0.0,0.0,0.0,0.04815995693206787,0.0,0.0,0.0,0.2006990611553192,0.0,0.0,0.737566351890564,0.09577906876802444,0.0,0.0,0.0,0.17912456393241882,0.0,0.0,0.1999911069869995,0.0,0.0,0.0,0.0,0.19940689206123352,0.0,0.0,0.0,0.18419833481311798,0.0,0.0,0.14150002598762512,0.9192307591438293,0.6029940247535706,0.3644469678401947,0.7664670348167419,0.9988385438919067,0.9934145212173462,0.9756996631622314,0.9998719096183777,0.030853303149342537,0.0034343686420470476,0.00010555361222941428,0.001672612503170967,0.013157996349036694,4.764906861964846e-06,8.425910635878608e-09,8.194700058083981e-05,0.05557870492339134,0.010423189029097557,0.001919576432555914,0.010842818766832352,0.38365039229393005,0.9864251017570496,0.9535142779350281,0.6308817863464355,0.1262999176979065,1.6831315755844116,1.294850468635559,2.9515340328216553,2.8021974563598633,3.2667324542999268,3.1139018535614014,3.6039514541625977,3.4509687423706055,2.335279703140259,3.1971089839935303,27.15109634399414,3.778130292892456
354,0.0006163374637253582,0.0,0.0,0.0,0.0024528687354177237,0.0,0.0,0.009214308112859726,0.0,0.0,0.0,0.0,0.04622970148921013,0.0,0.0,0.0,0.2003038078546524,0.0,0.0,0.7411830425262451,0.09314484149217606,0.0,0.0,0.0,0.17738741636276245,0.0,0.0,0.19746758043766022,0.0,0.0,0.0,0.0,0.19821128249168396,0.0,0.0,0.0,0.18784701824188232,0.0,0.0,0.1459418535232544,0.925000011920929,0.6056287288665771,0.36920100450515747,0.77265465259552,0.9989005327224731,0.9939664006233215,0.9780570864677429,0.9999046921730042,0.031169824302196503,0.0034603795502334833,0.00010542207746766508,0.0016816840507090092,0.013367263600230217,5.3449834922503214e-06,7.937635437826884e-09,8.285971853183582e-05,0.05624242126941681,0.010492836125195026,0.001933589461259544,0.011042746715247631,0.3882991671562195,0.9877161979675293,0.9558717608451843,0.6410151124000549,0.16713856160640717,1.6667568683624268,1.2936205863952637,3.229649782180786,2.8550426959991455,3.175971031188965,2.912644147872925,3.7526626586914062,3.4734063148498535,2.4069530963897705,2.9958033561706543,27.15607452392578,3.7455713748931885
355,0.0006621634238399565,0.0,0.0,0.0,0.002718730829656124,0.0,0.0,0.009542232379317284,0.0,0.0,0.0,0.0,0.04899750277400017,0.0,0.0,0.0,0.21036115288734436,0.0,0.0,0.7277182340621948,0.09604668617248535,0.0,0.0,0.0,0.17742760479450226,0.0,0.0,0.19985966384410858,0.0,0.0,0.0,0.0,0.20008191466331482,0.0,0.0,0.0,0.1864829808473587,0.0,0.0,0.14010116457939148,0.9230769276618958,0.6020758748054504,0.36533334851264954,0.7976047396659851,0.9986840486526489,0.993394136428833,0.9770157933235168,0.9999554753303528,0.031058941036462784,0.0034648445434868336,0.00010482930520083755,0.0018867312464863062,0.013434442691504955,5.928435712121427e-06,7.990538009039483e-09,8.493930363329127e-05,0.05620799958705902,0.010505441576242447,0.0019320067949593067,0.011156454682350159,0.38478705286979675,0.9870766997337341,0.9537724256515503,0.629817008972168,0.10026980191469193,1.6748820543289185,1.2887303829193115,3.4037089347839355,2.6979334354400635,3.2092599868774414,3.057851552963257,3.7608883380889893,3.517153739929199,2.3395607471466064,2.999354600906372,27.162311553955078,3.747889518737793
356,0.0005420145462267101,0.0,0.0,0.0,0.002568037249147892,0.0,0.0,0.009983815252780914,0.0,0.0,0.0,0.0,0.05223710834980011,0.0,0.0,0.0,0.2166462242603302,0.0,0.0,0.718022882938385,0.09578776359558105,0.0,0.0,0.0,0.17614145576953888,0.0,0.0,0.20270279049873352,0.0,0.0,0.0,0.0,0.20168401300907135,0.0,0.0,0.0,0.18672281503677368,0.0,0.0,0.1369611769914627,0.932692289352417,0.6008782386779785,0.3642446994781494,0.8217564821243286,0.9993295073509216,0.9931848645210266,0.9766889214515686,0.9999639987945557,0.03128015249967575,0.0034548400435596704,0.00010441910126246512,0.00218399241566658,0.013560849241912365,6.2276194512378424e-06,9.701263792294412e-09,9.093742119148374e-05,0.05631839111447334,0.010531525127589703,0.0019348383648321033,0.011086694896221161,0.3839983344078064,0.9869059324264526,0.9606361985206604,0.6218677759170532,0.12071689963340759,1.6848942041397095,1.285335659980774,3.2753353118896484,2.785266637802124,3.3571929931640625,3.1007425785064697,3.6532132625579834,3.275458812713623,2.6078684329986572,2.975440263748169,27.168487548828125,3.8000597953796387
357,0.0005641873576678336,0.0,0.0,0.0,0.0028037182055413723,0.0,0.0,0.011116007342934608,0.0,0.0,0.0,0.0,0.05595019832253456,0.0,0.0,0.0,0.22301332652568817,0.0,0.0,0.7065525650978088,0.09732905775308609,0.0,0.0,0.0,0.1727331578731537,0.0,0.0,0.20928426086902618,0.0,0.0,0.0,0.0,0.2062816619873047,0.0,0.0,0.0,0.18364648520946503,0.0,0.0,0.13072538375854492,0.9269230961799622,0.5984430909156799,0.36094632744789124,0.8341317176818848,0.9992366433143616,0.9930386543273926,0.9739413261413574,0.9999616146087646,0.03097301349043846,0.003432555589824915,0.00010612534242682159,0.002286698669195175,0.013266186229884624,6.308398042165209e-06,1.0534839667286633e-08,0.00010498402843950316,0.05562985688447952,0.010457711294293404,0.0019342565210536122,0.010884576477110386,0.3809293210506439,0.9855157136917114,0.957977294921875,0.6065064072608948,0.042784810066223145,1.6997082233428955,1.2880024909973145,3.228734254837036,2.740326404571533,3.3891525268554688,3.0513365268707275,3.533430814743042,3.3050005435943604,2.6169583797454834,2.944894552230835,27.16254997253418,3.928478717803955
358,0.0005086537566967309,0.0,0.0,0.0,0.0026856637559831142,0.0,0.0,0.011325165629386902,0.0,0.0,0.0,0.0,0.056953828781843185,0.0,0.0,0.0,0.23341594636440277,0.0,0.0,0.6951107382774353,0.09510841220617294,0.0,0.0,0.0,0.17270995676517487,0.0,0.0,0.2054980844259262,0.0,0.0,0.0,0.0,0.20966079831123352,0.0,0.0,0.0,0.19084139168262482,0.0,0.0,0.12618136405944824,0.9269230961799622,0.5984430909156799,0.36564046144485474,0.8411177396774292,0.9993791580200195,0.9928304553031921,0.9739682078361511,0.9999703168869019,0.03108430653810501,0.003408767282962799,0.00010735091927926987,0.002491287887096405,0.013412455096840858,8.513011380273383e-06,9.80007541784289e-09,0.00010246610327158123,0.055686838924884796,0.010400977917015553,0.0019249747274443507,0.010808642953634262,0.3853716552257538,0.9854801893234253,0.9646862745285034,0.602311909198761,0.054404839873313904,1.7016394138336182,1.2992628812789917,3.0864155292510986,2.8869144916534424,3.269439458847046,2.916185140609741,3.5813114643096924,3.2159056663513184,2.671191692352295,2.817148208618164,27.15888023376465,3.9004294872283936
359,0.0004777786089107394,0.0,0.0,0.0,0.0026826097164303064,0.0,0.0,0.012211507186293602,0.0,0.0,0.0,0.0,0.058095790445804596,0.0,0.0,0.0,0.2368929237127304,0.0,0.0,0.6896393299102783,0.0935836061835289,0.0,0.0,0.0,0.1748361587524414,0.0,0.0,0.20658394694328308,0.0,0.0,0.0,0.0,0.2122759371995926,0.0,0.0,0.0,0.18940980732440948,0.0,0.0,0.12331053614616394,0.9230769276618958,0.5926547050476074,0.36507368087768555,0.8397205471992493,0.9993517398834229,0.991464376449585,0.972916841506958,0.9999571442604065,0.030721666291356087,0.003388765500858426,0.00010836314322659746,0.002559733809903264,0.013238959014415741,7.487683433282655e-06,9.810080747740813e-09,0.00010421560727991164,0.05537711828947067,0.0103769451379776,0.0019210439641028643,0.010609252378344536,0.3844878077507019,0.9846278429031372,0.966888964176178,0.5976025462150574,0.033115632832050323,1.7059983015060425,1.3083442449569702,2.9864492416381836,2.965385913848877,3.2902441024780273,3.006072521209717,3.307985305786133,2.9600610733032227,2.8849549293518066,2.834423542022705,27.166465759277344,3.7886464595794678
360,0.0005838648066855967,0.0,0.0,0.0,0.0030731165315955877,0.0,0.0,0.012724200263619423,0.0,0.0,0.0,0.0,0.05748038366436958,0.0,0.0,0.0,0.22966107726097107,0.0,0.0,0.6964772939682007,0.09637123346328735,0.0,0.0,0.0,0.1805737167596817,0.0,0.0,0.20415738224983215,0.0,0.0,0.0,0.0,0.20792964100837708,0.0,0.0,0.0,0.18589477241039276,0.0,0.0,0.12507323920726776,0.9173076748847961,0.589381217956543,0.3605518341064453,0.8359281420707703,0.9984052777290344,0.9900791645050049,0.9716702103614807,0.9999556541442871,0.03054777905344963,0.003358738496899605,0.00010883355571422726,0.002505165059119463,0.013187468983232975,6.985828349570511e-06,1.0381096871014961e-08,0.00010367695358581841,0.054758381098508835,0.010269226506352425,0.001914639724418521,0.010457979515194893,0.38004547357559204,0.9836183786392212,0.9545353055000305,0.5980919599533081,0.1040135994553566,1.721766471862793,1.322644591331482,2.841240406036377,2.806180000305176,3.2653982639312744,3.083963394165039,3.242023468017578,2.803520679473877,2.8108928203582764,2.876624345779419,27.17182159423828,3.832219123840332
361,0.0005906203878112137,0.0,0.0,0.0,0.003733725054189563,0.0,0.0,0.014254511334002018,0.0,0.0,0.0,0.0,0.058047469705343246,0.0,0.0,0.0,0.2270996868610382,0.0,0.0,0.6962739825248718,0.09575482457876205,0.0,0.0,0.0,0.1864260733127594,0.0,0.0,0.205221027135849,0.0,0.0,0.0,0.0,0.20724178850650787,0.0,0.0,0.0,0.18159273266792297,0.0,0.0,0.1237635537981987,0.9096153974533081,0.5843113660812378,0.35591262578964233,0.8355289101600647,0.998293399810791,0.9883183240890503,0.9680557250976562,0.9999644160270691,0.030713152140378952,0.0033857040107250214,0.00011118016118416563,0.0022262614220380783,0.013293933123350143,7.2096590884029865e-06,1.0413832463029848e-08,0.00010283355368301272,0.0548982247710228,0.010327912867069244,0.0019347108900547028,0.010728591121733189,0.37542685866355896,0.981420636177063,0.949059009552002,0.5902299880981445,0.11239579319953918,1.711399793624878,1.3063790798187256,2.694518804550171,2.9217162132263184,3.3755383491516113,3.179628849029541,3.3684051036834717,2.8287861347198486,2.8774943351745605,2.9815897941589355,27.17896270751953,3.8916804790496826
362,0.0006212710868567228,0.0,0.0,0.0,0.003879430703818798,0.0,0.0,0.014439312741160393,0.0,0.0,0.0,0.0,0.06294414401054382,0.0,0.0,0.0,0.23306073248386383,0.0,0.0,0.685055136680603,0.09550309181213379,0.0,0.0,0.0,0.18686653673648834,0.0,0.0,0.2049485594034195,0.0,0.0,0.0,0.0,0.211574524641037,0.0,0.0,0.0,0.18213462829589844,0.0,0.0,0.11897265911102295,0.9096153974533081,0.5875848531723022,0.35595008730888367,0.8219560384750366,0.9977782368659973,0.987833559513092,0.9676151871681213,0.9999728202819824,0.03010140359401703,0.0033577452413737774,0.00010801629105117172,0.0016905658412724733,0.0130307637155056,7.502735115849646e-06,9.862252348113998e-09,8.176983101293445e-05,0.05413856357336044,0.01021809596568346,0.0019113027956336737,0.010713765397667885,0.375494122505188,0.9810596704483032,0.9428247809410095,0.5800610780715942,0.10367515683174133,1.7177942991256714,1.3174504041671753,2.6919050216674805,2.7213423252105713,3.277348756790161,3.1049742698669434,3.3470816612243652,2.7814245223999023,2.9924323558807373,3.1287405490875244,27.1733455657959,3.686918020248413
363,0.0006685890257358551,0.0,0.0,0.0,0.0036349808797240257,0.0,0.0,0.01375527773052454,0.0,0.0,0.0,0.0,0.06204861029982567,0.0,0.0,0.0,0.2320253849029541,0.0,0.0,0.6878671050071716,0.09579157829284668,0.0,0.0,0.0,0.18547703325748444,0.0,0.0,0.20800131559371948,0.0,0.0,0.0,0.0,0.20937266945838928,0.0,0.0,0.0,0.17973193526268005,0.0,0.0,0.12162547558546066,0.9076923131942749,0.5892614722251892,0.3545568287372589,0.8041915893554688,0.9985332489013672,0.9886371493339539,0.968932032585144,0.9999415874481201,0.029979366809129715,0.0033840187825262547,0.00010710184869822115,0.0016841610195115209,0.013223983347415924,7.164797352743335e-06,9.43624556271061e-09,9.154924191534519e-05,0.05465012043714523,0.010271299630403519,0.0019149451982229948,0.010625908151268959,0.3740883469581604,0.981940746307373,0.9387362599372864,0.5837177634239197,0.08957090228796005,1.7094392776489258,1.3103978633880615,2.794290781021118,2.651116132736206,3.3893470764160156,2.950622081756592,3.3239586353302,2.730631113052368,3.035170793533325,3.3593857288360596,27.168947219848633,3.737468957901001
364,0.000658539414871484,0.0,0.0,0.0,0.0034805897157639265,0.0,0.0,0.012627228163182735,0.0,0.0,0.0,0.0,0.05663929879665375,0.0,0.0,0.0,0.21554459631443024,0.0,0.0,0.7110497355461121,0.09551621973514557,0.0,0.0,0.0,0.18764838576316833,0.0,0.0,0.20448948442935944,0.0,0.0,0.0,0.0,0.2045907825231552,0.0,0.0,0.0,0.1771385371685028,0.0,0.0,0.13061660528182983,0.9115384817123413,0.5989221334457397,0.35550564527511597,0.796407163143158,0.9981152415275574,0.9901798367500305,0.9708418250083923,0.9998798966407776,0.030888790264725685,0.0034383931197226048,0.00010602940164972097,0.001664469251409173,0.013716604560613632,6.960890004847897e-06,9.952963786474811e-09,8.577178959967569e-05,0.05570162087678909,0.01042352057993412,0.0019298738334327936,0.01034736167639494,0.3754453957080841,0.9832332134246826,0.9380992650985718,0.6048156023025513,0.12460756301879883,1.69072687625885,1.2959966659545898,2.880256175994873,2.828977346420288,3.3289594650268555,2.817227363586426,3.40799617767334,2.9102447032928467,3.0520951747894287,3.5512704849243164,27.171314239501953,3.677478790283203
365,0.0006626227986998856,0.0,0.0,0.0,0.003379938891157508,0.0,0.0,0.012812805362045765,0.0,0.0,0.0,0.0,0.05819769948720932,0.0,0.0,0.0,0.22404293715953827,0.0,0.0,0.7009039521217346,0.09691499173641205,0.0,0.0,0.0,0.18480631709098816,0.0,0.0,0.2063130885362625,0.0,0.0,0.0,0.0,0.20523378252983093,0.0,0.0,0.0,0.17866288125514984,0.0,0.0,0.1280689537525177,0.9076923131942749,0.6017565131187439,0.3552359640598297,0.7856287360191345,0.99808269739151,0.9901934266090393,0.9707621932029724,0.9996644258499146,0.030881118029356003,0.00343802897259593,0.00010708082845667377,0.0019372098613530397,0.013681733049452305,5.765776222688146e-06,9.943378564969407e-09,9.501662134425715e-05,0.05566367134451866,0.010397679172456264,0.0019388787914067507,0.010382367298007011,0.37522968649864197,0.9831442832946777,0.9400894045829773,0.5985988974571228,0.11460699886083603,1.6848610639572144,1.2946405410766602,3.0468642711639404,2.766245126724243,3.1653409004211426,2.650473117828369,3.4383368492126465,3.1249396800994873,3.101109504699707,3.6114261150360107,27.170684814453125,3.5960025787353516
366,0.000543874513823539,0.0,0.0,0.0,0.0032171413768082857,0.0,0.0,0.011960274539887905,0.0,0.0,0.0,0.0,0.054080452769994736,0.0,0.0,0.0,0.2222432941198349,0.0,0.0,0.707955002784729,0.09416338056325912,0.0,0.0,0.0,0.1838066130876541,0.0,0.0,0.20422007143497467,0.0,0.0,0.0,0.0,0.20455560088157654,0.0,0.0,0.0,0.18022973835468292,0.0,0.0,0.13302460312843323,0.9173076748847961,0.5977644920349121,0.35972535610198975,0.811377227306366,0.9993331432342529,0.9913599491119385,0.9723675847053528,0.9997360110282898,0.03134041652083397,0.0034657458309084177,0.00010828772792592645,0.0019253052305430174,0.013769695535302162,5.767922175436979e-06,1.09684918925268e-08,9.228796261595562e-05,0.05628446489572525,0.010498355142772198,0.00195996998809278,0.010684126988053322,0.37947946786880493,0.9842783212661743,0.9441961050033569,0.6096299886703491,0.14523395895957947,1.66026771068573,1.2825568914413452,3.049163341522217,2.8333096504211426,3.0631110668182373,2.818800687789917,3.481468915939331,3.279572010040283,3.1222236156463623,3.719078302383423,27.176103591918945,3.5519139766693115
367,0.0006115990690886974,0.0,0.0,0.0,0.0031922191847115755,0.0,0.0,0.012097647413611412,0.0,0.0,0.0,0.0,0.05154462903738022,0.0,0.0,0.0,0.2158850133419037,0.0,0.0,0.7166689038276672,0.09374357014894485,0.0,0.0,0.0,0.18375195562839508,0.0,0.0,0.20405489206314087,0.0,0.0,0.0,0.0,0.20383331179618835,0.0,0.0,0.0,0.17932988703250885,0.0,0.0,0.1352863907814026,0.9211538434028625,0.5981237292289734,0.3600849211215973,0.8203592300415039,0.9991844892501831,0.9912954568862915,0.9720074534416199,0.9998968839645386,0.03117186948657036,0.0034442036412656307,0.00010870127152884379,0.0019480159971863031,0.013814072124660015,6.037782441126183e-06,1.1391147580752659e-08,9.271028102375567e-05,0.05619576573371887,0.010448050685226917,0.0019596838392317295,0.010711767710745335,0.3799434006214142,0.9840981364250183,0.9385562539100647,0.6133806109428406,0.16432201862335205,1.6658400297164917,1.2879457473754883,2.99462890625,2.769266366958618,2.9734127521514893,2.8828911781311035,3.4331095218658447,3.286135196685791,3.1806228160858154,3.7415497303009033,27.172252655029297,3.466517686843872
368,0.0006185519159771502,0.0,0.0,0.0,0.0029581179842352867,0.0,0.0,0.012488288804888725,0.0,0.0,0.0,0.0,0.054117701947689056,0.0,0.0,0.0,0.22160804271697998,0.0,0.0,0.708209216594696,0.09309156984090805,0.0,0.0,0.0,0.1768258661031723,0.0,0.0,0.20613224804401398,0.0,0.0,0.0,0.0,0.2058916687965393,0.0,0.0,0.0,0.186233788728714,0.0,0.0,0.13182485103607178,0.9173076748847961,0.5913373231887817,0.36468666791915894,0.832534909248352,0.9990072250366211,0.9905571937561035,0.9720580577850342,0.9999729990959167,0.03090778738260269,0.003410451579838991,0.00011290349357295781,0.0021201064810156822,0.013681311160326004,6.531479812110774e-06,1.1071849215227303e-08,8.960712875705212e-05,0.0557437390089035,0.010430844500660896,0.0019708487670868635,0.010859046131372452,0.3839612305164337,0.9839346408843994,0.9477630853652954,0.6067754626274109,0.1684020459651947,1.671907901763916,1.2923808097839355,3.0239691734313965,2.8407273292541504,2.949657917022705,2.930269718170166,3.3066489696502686,3.1565260887145996,3.190599203109741,3.572451591491699,27.162769317626953,3.585594654083252
369,0.0005651703104376793,0.0,0.0,0.0,0.0028650446329265833,0.0,0.0,0.012067931704223156,0.0,0.0,0.0,0.0,0.05191251263022423,0.0,0.0,0.0,0.21618349850177765,0.0,0.0,0.7164058089256287,0.09467590600252151,0.0,0.0,0.0,0.17429836094379425,0.0,0.0,0.20495599508285522,0.0,0.0,0.0,0.0,0.2048325538635254,0.0,0.0,0.0,0.18613918125629425,0.0,0.0,0.13509801030158997,0.9076923131942749,0.5935728549957275,0.36612486839294434,0.8449101448059082,0.9987199902534485,0.9912652969360352,0.9730196595191956,0.9999276995658875,0.030658390372991562,0.0033915252424776554,0.00011659964366117492,0.0024698006454855204,0.013617277145385742,5.7305833252030425e-06,1.1477814254590157e-08,0.00011110841296613216,0.055143680423498154,0.0104112783446908,0.001987348310649395,0.011050359345972538,0.3855595290660858,0.9845013618469238,0.9477385878562927,0.6099779605865479,0.15469291806221008,1.6696839332580566,1.2886254787445068,2.999329090118408,2.9990198612213135,2.916839838027954,3.072838068008423,3.1243796348571777,3.0562875270843506,3.1244914531707764,3.4871318340301514,27.147146224975586,3.8966338634490967
370,0.0005287652020342648,0.0,0.0,0.0,0.0030112334061414003,0.0,0.0,0.012355879880487919,0.0,0.0,0.0,0.0,0.05598432943224907,0.0,0.0,0.0,0.22459731996059418,0.0,0.0,0.7035224437713623,0.09407808631658554,0.0,0.0,0.0,0.1756848245859146,0.0,0.0,0.20417673885822296,0.0,0.0,0.0,0.0,0.20733970403671265,0.0,0.0,0.0,0.18562962114810944,0.0,0.0,0.1330910176038742,0.9096153974533081,0.5875848531723022,0.36626967787742615,0.8522953987121582,0.9988202452659607,0.9908338785171509,0.9724324345588684,0.9999797940254211,0.030439333990216255,0.003314992878586054,0.0001172265037894249,0.0028184233233332634,0.013128510676324368,4.75949673273135e-06,1.0813516304608584e-08,0.00013087940169498324,0.05445753037929535,0.010285905562341213,0.001972406404092908,0.010885323397815228,0.38543426990509033,0.9841037392616272,0.9537793397903442,0.5986418128013611,0.06908077001571655,1.6897566318511963,1.3073712587356567,2.7150163650512695,3.1530938148498535,2.805575370788574,3.147730588912964,2.9824376106262207,2.989696502685547,3.065669536590576,3.3288567066192627,27.138654708862305,3.8464159965515137
371,0.00046040781307965517,0.0,0.0,0.0,0.0030381730757653713,0.0,0.0,0.0121864452958107,0.0,0.0,0.0,0.0,0.05499911680817604,0.0,0.0,0.0,0.23574088513851166,0.0,0.0,0.6935749650001526,0.09424164891242981,0.0,0.0,0.0,0.17531195282936096,0.0,0.0,0.20235438644886017,0.0,0.0,0.0,0.0,0.20407995581626892,0.0,0.0,0.0,0.1895408034324646,0.0,0.0,0.13447126746177673,0.9096153974533081,0.5914570689201355,0.36753809452056885,0.8588821887969971,0.9986216425895691,0.9901735186576843,0.9732433557510376,0.9999919533729553,0.03047797456383705,0.0032866336405277252,0.00011728258687071502,0.0030024047009646893,0.013187231495976448,5.944610165897757e-06,1.096363355657104e-08,0.00013779467553831637,0.05500313639640808,0.010275628417730331,0.0019866400398314,0.01120163407176733,0.38691428303718567,0.9843147397041321,0.9469279050827026,0.6003793478012085,0.07851080596446991,1.685907006263733,1.2988409996032715,2.739060401916504,3.3784842491149902,2.8649537563323975,3.229905366897583,3.0210928916931152,3.054110288619995,3.0383543968200684,3.1973373889923096,27.127531051635742,3.7826807498931885
372,0.0005055587971583009,0.0,0.0,0.0,0.003233394818380475,0.0,0.0,0.011954419314861298,0.0,0.0,0.0,0.0,0.05685197934508324,0.0,0.0,0.0,0.22816181182861328,0.0,0.0,0.6992928385734558,0.09408821910619736,0.0,0.0,0.0,0.17887337505817413,0.0,0.0,0.20181438326835632,0.0,0.0,0.0,0.0,0.20183338224887848,0.0,0.0,0.0,0.18849942088127136,0.0,0.0,0.13489122688770294,0.9115384817123413,0.586227536201477,0.3655555844306946,0.8596805930137634,0.9976552128791809,0.9897869229316711,0.9735956192016602,0.9999918341636658,0.03045198693871498,0.003257028292864561,0.00011484419519547373,0.0029134470969438553,0.013271203264594078,6.7245509853819385e-06,1.0263718763781071e-08,0.00013096295879222453,0.05493859946727753,0.010136610828340054,0.0019786511547863483,0.01130578014999628,0.3847801089286804,0.9843062162399292,0.9510073065757751,0.5973743200302124,0.030615683645009995,1.6887553930282593,1.2988899946212769,2.7804083824157715,3.251110792160034,2.9918477535247803,3.1797828674316406,3.121746778488159,2.981433629989624,3.13395619392395,3.1932895183563232,27.12504005432129,3.6558125019073486
373,0.0005688967648893595,0.0,0.0,0.0,0.0032209574710577726,0.0,0.0,0.012256236746907234,0.0,0.0,0.0,0.0,0.0592363104224205,0.0,0.0,0.0,0.24338844418525696,0.0,0.0,0.6813291311264038,0.09409831464290619,0.0,0.0,0.0,0.17793406546115875,0.0,0.0,0.2033640742301941,0.0,0.0,0.0,0.0,0.20506447553634644,0.0,0.0,0.0,0.19000785052776337,0.0,0.0,0.12953123450279236,0.9115384817123413,0.5877844095230103,0.36496880650520325,0.8594810366630554,0.9978654384613037,0.9889175891876221,0.9733456969261169,0.9999940395355225,0.030371379107236862,0.003249271772801876,0.00011225053458474576,0.0026508583687245846,0.013403174467384815,6.331590157060418e-06,9.931379274519259e-09,0.00011918340169358999,0.05503757670521736,0.0101328669115901,0.0019858996383845806,0.01128450222313404,0.3843231201171875,0.9839535355567932,0.9587283730506897,0.5883201956748962,-0.015371274203062057,1.690771222114563,1.2890475988388062,2.7921290397644043,3.0859529972076416,3.2490572929382324,3.127429962158203,3.281416177749634,3.006413698196411,3.1223573684692383,3.4220240116119385,27.118026733398438,3.5284698009490967
374,0.000579025421757251,0.0,0.0,0.0,0.002972062211483717,0.0,0.0,0.011609948240220547,0.0,0.0,0.0,0.0,0.053463008254766464,0.0,0.0,0.0,0.22679543495178223,0.0,0.0,0.7045804858207703,0.09200815856456757,0.0,0.0,0.0,0.17613597214221954,0.0,0.0,0.20175977051258087,0.0,0.0,0.0,0.0,0.20078739523887634,0.0,0.0,0.0,0.19073109328746796,0.0,0.0,0.13857761025428772,0.9076923131942749,0.5957684516906738,0.36869415640830994,0.8592814207077026,0.9981696009635925,0.9901807904243469,0.9746184349060059,0.9999951720237732,0.030186720192432404,0.0032448084093630314,0.00011431955499574542,0.0025239656679332256,0.013402605429291725,5.194502591621131e-06,9.723271077177742e-09,0.00012710543524008244,0.054965704679489136,0.010161986574530602,0.0020019058138132095,0.011180911213159561,0.388241171836853,0.984838604927063,0.9593369960784912,0.6078439354896545,0.06051471829414368,1.6655561923980713,1.2900519371032715,2.8029022216796875,3.0527284145355225,3.2978405952453613,2.954495668411255,3.3701438903808594,3.1190402507781982,3.1346821784973145,3.331286668777466,27.100387573242188,3.4990243911743164
375,0.000624865060672164,0.0,0.0,0.0,0.0031696760561317205,0.0,0.0,0.01262396015226841,0.0,0.0,0.0,0.0,0.054250627756118774,0.0,0.0,0.0,0.23204126954078674,0.0,0.0,0.6972895860671997,0.09196658432483673,0.0,0.0,0.0,0.17718744277954102,0.0,0.0,0.20378077030181885,0.0,0.0,0.0,0.0,0.20174121856689453,0.0,0.0,0.0,0.18832263350486755,0.0,0.0,0.13700135052204132,0.9057692289352417,0.595289409160614,0.36639201641082764,0.8584830164909363,0.9984753131866455,0.9874388575553894,0.9734866619110107,0.9999935626983643,0.029601041227579117,0.0032385149970650673,0.00011454790364950895,0.0023618140257894993,0.01288035698235035,5.978108220006106e-06,9.764184127902809e-09,0.00012535054702311754,0.054325953125953674,0.010101361200213432,0.0020029328297823668,0.010718000121414661,0.3860629200935364,0.9835810661315918,0.9547623991966248,0.6035041213035583,0.05649413913488388,1.6754354238510132,1.2916946411132812,2.6778948307037354,2.962887763977051,3.2779600620269775,2.8513007164001465,3.523772954940796,3.4192283153533936,3.1904311180114746,3.154945135116577,27.095745086669922,3.4544777870178223
376,0.0006247400888241827,0.0,0.0,0.0,0.0032621128484606743,0.0,0.0,0.011640094220638275,0.0,0.0,0.0,0.0,0.053746357560157776,0.0,0.0,0.0,0.2275371253490448,0.0,0.0,0.7031896114349365,0.09359384328126907,0.0,0.0,0.0,0.17737732827663422,0.0,0.0,0.20110628008842468,0.0,0.0,0.0,0.0,0.2025231122970581,0.0,0.0,0.0,0.18740591406822205,0.0,0.0,0.13799352943897247,0.9134615659713745,0.5951297283172607,0.3676304817199707,0.8598802089691162,0.9985138177871704,0.9895243644714355,0.9744006991386414,0.9999972581863403,0.02946060337126255,0.003246176289394498,0.00011430526501499116,0.0022785263136029243,0.013051856309175491,5.553122718993109e-06,9.708653436746317e-09,0.00011656694550765678,0.054836299270391464,0.010128529742360115,0.0020224866457283497,0.010501579381525517,0.3872297704219818,0.9844726920127869,0.95365309715271,0.6089972853660583,0.11502229422330856,1.6704061031341553,1.2822030782699585,2.661072254180908,3.0511698722839355,3.511223077774048,2.783250570297241,3.6630358695983887,3.5033957958221436,3.2394399642944336,3.116137981414795,27.100549697875977,3.32668399810791
377,0.0006046777707524598,0.0,0.0,0.0,0.0031722330022603273,0.0,0.0,0.012814614921808243,0.0,0.0,0.0,0.0,0.054552264511585236,0.0,0.0,0.0,0.22592218220233917,0.0,0.0,0.7029340267181396,0.09390251338481903,0.0,0.0,0.0,0.17854659259319305,0.0,0.0,0.20069541037082672,0.0,0.0,0.0,0.0,0.20293021202087402,0.0,0.0,0.0,0.185911625623703,0.0,0.0,0.13801366090774536,0.9115384817123413,0.592974066734314,0.3671061396598816,0.8626746535301208,0.9969989657402039,0.9858900308609009,0.9741556644439697,0.9999976754188538,0.029307976365089417,0.003229717258363962,0.0001146987488027662,0.002490326063707471,0.012990659102797508,5.31530122316326e-06,1.0585015530750752e-08,0.00012276349298190325,0.054086800664663315,0.010066332295536995,0.002006271854043007,0.01029612310230732,0.3866475224494934,0.9834079742431641,0.9570741653442383,0.6077736616134644,0.12257274985313416,1.6707254648208618,1.2914599180221558,2.776632785797119,2.838688373565674,3.6859328746795654,2.7368929386138916,3.5579123497009277,3.435988187789917,3.2248895168304443,2.9796674251556396,27.105093002319336,3.308314800262451
378,0.0005786696565337479,0.0,0.0,0.0,0.0028250578325241804,0.0,0.0,0.014613643288612366,0.0,0.0,0.0,0.0,0.05390238016843796,0.0,0.0,0.0,0.21930986642837524,0.0,0.0,0.7087704539299011,0.09100529551506042,0.0,0.0,0.0,0.1751902550458908,0.0,0.0,0.2037636637687683,0.0,0.0,0.0,0.0,0.20010235905647278,0.0,0.0,0.0,0.1879432499408722,0.0,0.0,0.14199517667293549,0.9076923131942749,0.5896607041358948,0.3700774312019348,0.8636726140975952,0.9965419173240662,0.9817113876342773,0.9733818173408508,0.9999833703041077,0.02917930670082569,0.0032177302055060863,0.00011628716310951859,0.002769830636680126,0.012991249561309814,4.999995780963218e-06,1.0395874383561932e-08,0.00013329077046364546,0.05413550138473511,0.010025830008089542,0.0020196051336824894,0.01030344981700182,0.3892224431037903,0.9819822907447815,0.9627259373664856,0.6112197041511536,0.13881021738052368,1.660305380821228,1.2991338968276978,2.9790849685668945,2.742467164993286,3.4838008880615234,2.6947052478790283,3.3941805362701416,3.378314971923828,3.2830564975738525,2.964841604232788,27.10017204284668,3.3456544876098633
379,0.0005248778034001589,0.0,0.0,0.0,0.0027988555375486612,0.0,0.0,0.01292688399553299,0.0,0.0,0.0,0.0,0.05686330422759056,0.0,0.0,0.0,0.2179458737373352,0.0,0.0,0.7089402675628662,0.09161043167114258,0.0,0.0,0.0,0.17414192855358124,0.0,0.0,0.20404715836048126,0.0,0.0,0.0,0.0,0.2028597891330719,0.0,0.0,0.0,0.1864955872297287,0.0,0.0,0.14084511995315552,0.9019230604171753,0.5886227488517761,0.37047940492630005,0.8594810366630554,0.9959291815757751,0.988482654094696,0.9739115834236145,0.999984085559845,0.029111631214618683,0.0032174407970160246,0.00011997723777312785,0.003000934375450015,0.01296965777873993,4.661934326577466e-06,1.0079657997152935e-08,0.00014761838247068226,0.05343339592218399,0.009988193400204182,0.0020221881568431854,0.010470099747180939,0.38947993516921997,0.9837490320205688,0.9612746238708496,0.6097289323806763,0.06589693576097488,1.6785749197006226,1.2973334789276123,2.684706687927246,2.7873871326446533,3.4358370304107666,2.935857057571411,3.105250597000122,3.259456157684326,3.483391523361206,3.015380859375,27.080625534057617,3.6042845249176025
380,0.0004901422653347254,0.0,0.0,0.0,0.0026001627556979656,0.0,0.0,0.012417471036314964,0.0,0.0,0.0,0.0,0.05359526351094246,0.0,0.0,0.0,0.20874905586242676,0.0,0.0,0.7221478223800659,0.0895363986492157,0.0,0.0,0.0,0.1718277782201767,0.0,0.0,0.20336921513080597,0.0,0.0,0.0,0.0,0.20197011530399323,0.0,0.0,0.0,0.18855386972427368,0.0,0.0,0.14474262297153473,0.9134615659713745,0.5904191732406616,0.3743270933628082,0.8580837845802307,0.9980885982513428,0.9895805716514587,0.9747437238693237,0.9999837279319763,0.02912432886660099,0.0032212103251367807,0.00011884466221090406,0.002956097014248371,0.012921832501888275,5.391097602114314e-06,9.44720390805287e-09,0.00015511635865550488,0.05337796360254288,0.010008283890783787,0.002025120658800006,0.010520934127271175,0.3931567370891571,0.9844919443130493,0.9627922177314758,0.6230393052101135,0.14768269658088684,1.669884204864502,1.3009494543075562,2.701247453689575,2.6500449180603027,3.3910233974456787,2.856196403503418,3.2074482440948486,3.06471848487854,3.5075058937072754,3.1295511722564697,27.07372283935547,3.6821448802948
381,0.000527296622749418,0.0,0.0,0.0,0.002673549810424447,0.0,0.0,0.012992553412914276,0.0,0.0,0.0,0.0,0.057275064289569855,0.0,0.0,0.0,0.2189236432313919,0.0,0.0,0.7076077461242676,0.09169144183397293,0.0,0.0,0.0,0.17103014886379242,0.0,0.0,0.2019404172897339,0.0,0.0,0.0,0.0,0.2064676582813263,0.0,0.0,0.0,0.1891106367111206,0.0,0.0,0.13975970447063446,0.9076923131942749,0.5875449180603027,0.3744669258594513,0.8554890155792236,0.9963343739509583,0.9885627627372742,0.9740298390388489,0.999986469745636,0.028311464935541153,0.0031768442131578922,0.0001180089166155085,0.0028706323355436325,0.012317828834056854,5.615196187136462e-06,9.005437284770323e-09,0.00015086615167092532,0.05190562456846237,0.009930336847901344,0.002000650158151984,0.010702488012611866,0.39308249950408936,0.9838061332702637,0.9528441429138184,0.6100094318389893,0.11590373516082764,1.6884757280349731,1.316470980644226,2.610333204269409,2.526449203491211,3.4209752082824707,2.9582266807556152,3.1051580905914307,2.9585301876068115,3.5286355018615723,2.9910624027252197,27.059545516967773,3.5601582527160645
382,0.0004887236282229424,0.0,0.0,0.0,0.0029137369710952044,0.0,0.0,0.013081278651952744,0.0,0.0,0.0,0.0,0.05842716991901398,0.0,0.0,0.0,0.22547461092472076,0.0,0.0,0.6996145248413086,0.09180988371372223,0.0,0.0,0.0,0.17642748355865479,0.0,0.0,0.2007492333650589,0.0,0.0,0.0,0.0,0.2081405222415924,0.0,0.0,0.0,0.18768182396888733,0.0,0.0,0.13519105315208435,0.9019230604171753,0.5839920043945312,0.37143072485923767,0.8497005701065063,0.9965714812278748,0.9886504411697388,0.973430871963501,0.9999683499336243,0.027868235483765602,0.0031372173689305782,0.0001176681398646906,0.0026703940238803625,0.01229381188750267,5.56816439711838e-06,9.006699386304717e-09,0.00013945074169896543,0.05128348618745804,0.009830299764871597,0.001984421629458666,0.010798921808600426,0.3899810016155243,0.9835157990455627,0.9355529546737671,0.5991145968437195,0.06900933384895325,1.7078155279159546,1.3246994018554688,2.6311469078063965,2.634052276611328,3.2928054332733154,3.032869577407837,3.1098780632019043,2.8219587802886963,3.39689302444458,2.8734030723571777,27.06333351135254,3.590078115463257
383,0.0005251586553640664,0.0,0.0,0.0,0.0028422928880900145,0.0,0.0,0.012989789247512817,0.0,0.0,0.0,0.0,0.06038309261202812,0.0,0.0,0.0,0.22847136855125427,0.0,0.0,0.6947882771492004,0.0933714509010315,0.0,0.0,0.0,0.17698879539966583,0.0,0.0,0.1979089379310608,0.0,0.0,0.0,0.0,0.2086169570684433,0.0,0.0,0.0,0.19058704376220703,0.0,0.0,0.13252681493759155,0.9038461446762085,0.585668683052063,0.3721773028373718,0.826347291469574,0.9968666434288025,0.9895275831222534,0.9733189344406128,0.999925971031189,0.02781156450510025,0.0031285779550671577,0.0001171124167740345,0.002273580292239785,0.012445415370166302,6.151843990664929e-06,9.272133283388939e-09,0.0001263289013877511,0.0512470081448555,0.009809336625039577,0.0019823042675852776,0.011105837300419807,0.3905029296875,0.9836422801017761,0.9427987337112427,0.5956059694290161,0.031066130846738815,1.7096707820892334,1.3257659673690796,2.6928343772888184,2.744049072265625,3.2798984050750732,2.98544979095459,3.3156747817993164,2.838646650314331,3.287900686264038,2.8071110248565674,27.073869705200195,3.395479917526245
384,0.0005047844024375081,0.0,0.0,0.0,0.002949765883386135,0.0,0.0,0.012576607055962086,0.0,0.0,0.0,0.0,0.05658276379108429,0.0,0.0,0.0,0.2315208911895752,0.0,0.0,0.695865273475647,0.09307827055454254,0.0,0.0,0.0,0.17697851359844208,0.0,0.0,0.1968347579240799,0.0,0.0,0.0,0.0,0.20729504525661469,0.0,0.0,0.0,0.19090662896633148,0.0,0.0,0.1349067986011505,0.8980769515037537,0.5883033871650696,0.3731810450553894,0.824950098991394,0.9965358972549438,0.9898341298103333,0.9738724827766418,0.9999680519104004,0.027782218530774117,0.003113330341875553,0.0001167661466752179,0.0019949348643422127,0.012481890618801117,5.741709628637182e-06,8.915891136496157e-09,0.00011664246267173439,0.050794634968042374,0.009747406467795372,0.0019778688438236713,0.011327749118208885,0.39156538248062134,0.9839683175086975,0.940954327583313,0.6001120805740356,0.0562848336994648,1.7099347114562988,1.3346179723739624,2.695695638656616,2.5630767345428467,3.1573433876037598,2.9917492866516113,3.5159451961517334,2.8997716903686523,3.1076579093933105,2.8466951847076416,27.089370727539062,3.299088478088379
385,0.0005412499886006117,0.0,0.0,0.0,0.003028787672519684,0.0,0.0,0.013671781867742538,0.0,0.0,0.0,0.0,0.05733127146959305,0.0,0.0,0.0,0.23194554448127747,0.0,0.0,0.6934813261032104,0.09280586242675781,0.0,0.0,0.0,0.179209366440773,0.0,0.0,0.1967179924249649,0.0,0.0,0.0,0.0,0.20766957104206085,0.0,0.0,0.0,0.18880659341812134,0.0,0.0,0.1347905993461609,0.9019230604171753,0.5853493213653564,0.37210237979888916,0.8231536746025085,0.9970321655273438,0.9875931739807129,0.9725403189659119,0.9999446272850037,0.027228394523262978,0.0030534612014889717,0.0001172705233329907,0.0018107739742845297,0.0122070899233222,8.137661097862292e-06,8.928035200028717e-09,0.00010604119597701356,0.0500415563583374,0.009643937461078167,0.0019674506038427353,0.011614901944994926,0.3903753459453583,0.9827578067779541,0.9395052790641785,0.5975891351699829,0.05482350289821625,1.7172917127609253,1.351802945137024,2.729961633682251,2.528977870941162,2.954711675643921,2.956650972366333,3.4737911224365234,2.7700397968292236,3.0367062091827393,2.8546814918518066,27.08592987060547,3.2119674682617188
386,0.0005423807306215167,0.0,0.0,0.0,0.002652479102835059,0.0,0.0,0.012589341960847378,0.0,0.0,0.0,0.0,0.06212189793586731,0.0,0.0,0.0,0.24240916967391968,0.0,0.0,0.6796847581863403,0.09194590151309967,0.0,0.0,0.0,0.17740221321582794,0.0,0.0,0.19382968544960022,0.0,0.0,0.0,0.0,0.21065467596054077,0.0,0.0,0.0,0.19278857111930847,0.0,0.0,0.13337896764278412,0.8999999761581421,0.5871456861495972,0.37664172053337097,0.8253492712974548,0.9967491626739502,0.9895526170730591,0.9745824933052063,0.9999156594276428,0.027217041701078415,0.0030575802084058523,0.00011879001249326393,0.0018283434910699725,0.012023810297250748,6.9219331635395065e-06,9.695906300066781e-09,0.00011003577674273401,0.049896083772182465,0.009652988985180855,0.001978711225092411,0.011793308891355991,0.39472025632858276,0.9842155575752258,0.940949022769928,0.5919437408447266,0.06718623638153076,1.7103773355484009,1.3439873456954956,2.965519666671753,2.6018869876861572,2.9995148181915283,2.829834461212158,3.5449960231781006,2.697021007537842,3.126514434814453,2.8602404594421387,27.09353256225586,3.14976167678833
387,0.0006210551946423948,0.0,0.0,0.0,0.0026849256828427315,0.0,0.0,0.012648203410208225,0.0,0.0,0.0,0.0,0.06105201691389084,0.0,0.0,0.0,0.243832066655159,0.0,0.0,0.6791617274284363,0.09178762137889862,0.0,0.0,0.0,0.17487715184688568,0.0,0.0,0.196388840675354,0.0,0.0,0.0,0.0,0.21197345852851868,0.0,0.0,0.0,0.19115924835205078,0.0,0.0,0.13381367921829224,0.8884615302085876,0.5865069627761841,0.37667417526245117,0.8223552703857422,0.9965906739234924,0.9895066022872925,0.9743557572364807,0.9999534487724304,0.02670614793896675,0.0030479622073471546,0.00011976712266914546,0.0016765742329880595,0.011892283335328102,6.516007488244213e-06,9.746787377196142e-09,0.0001088736898964271,0.05018818378448486,0.009589350782334805,0.0019809806253761053,0.011763648129999638,0.39466458559036255,0.9840455055236816,0.948805034160614,0.5918189287185669,0.08278360962867737,1.7157561779022217,1.3497776985168457,2.844817876815796,2.5914933681488037,2.929107904434204,2.792470932006836,3.583211660385132,2.71891713142395,3.1649022102355957,2.7625837326049805,27.09818458557129,3.2127158641815186
388,0.0006829049088992178,0.0,0.0,0.0,0.0029985036235302687,0.0,0.0,0.013434220105409622,0.0,0.0,0.0,0.0,0.05926330015063286,0.0,0.0,0.0,0.23249438405036926,0.0,0.0,0.6911266446113586,0.09233570843935013,0.0,0.0,0.0,0.17660723626613617,0.0,0.0,0.1981138288974762,0.0,0.0,0.0,0.0,0.20903125405311584,0.0,0.0,0.0,0.18558357656002045,0.0,0.0,0.13832838833332062,0.8884615302085876,0.584111750125885,0.37377530336380005,0.8109779953956604,0.9957956671714783,0.9879735112190247,0.9728825688362122,0.9999076724052429,0.026593809947371483,0.0030519268475472927,0.00012068823707522824,0.001589571125805378,0.01181765366345644,7.040019227133598e-06,9.472282513911523e-09,0.00010623744310578331,0.04974101111292839,0.009581458754837513,0.001977714244276285,0.011577456258237362,0.3916999399662018,0.9828841686248779,0.9356756210327148,0.5943548083305359,0.0869428813457489,1.7187423706054688,1.3542320728302002,2.8386995792388916,2.507923126220703,2.9243502616882324,2.678441047668457,3.5678842067718506,2.782076597213745,3.1678690910339355,2.7889299392700195,27.08809471130371,3.194708824157715
389,0.0007108816062100232,0.0,0.0,0.0,0.003111386438831687,0.0,0.0,0.01347753219306469,0.0,0.0,0.0,0.0,0.05909589305520058,0.0,0.0,0.0,0.22602951526641846,0.0,0.0,0.6975748538970947,0.09232518076896667,0.0,0.0,0.0,0.17645145952701569,0.0,0.0,0.20132280886173248,0.0,0.0,0.0,0.0,0.20698973536491394,0.0,0.0,0.0,0.18409471213817596,0.0,0.0,0.13881610333919525,0.8903846144676208,0.5835928320884705,0.37136581540107727,0.8047903776168823,0.9959885478019714,0.9878671765327454,0.9726024866104126,0.9998978972434998,0.02648748829960823,0.0030715600587427616,0.00011906710278708488,0.001615380053408444,0.011892296373844147,6.8950575951021165e-06,1.0079686418862366e-08,0.00010654716606950387,0.04995791241526604,0.009533766657114029,0.0019788870122283697,0.010987689718604088,0.3893616199493408,0.9826998114585876,0.9394415616989136,0.5948610901832581,0.08297520875930786,1.722795844078064,1.3535183668136597,2.791476011276245,2.5244739055633545,2.962848663330078,2.6429338455200195,3.453836679458618,3.008985996246338,2.9446752071380615,2.885958194732666,27.08078384399414,3.24399471282959
390,0.0006701380480080843,0.0,0.0,0.0,0.002763455267995596,0.0,0.0,0.012288100086152554,0.0,0.0,0.0,0.0,0.056478407233953476,0.0,0.0,0.0,0.21319957077503204,0.0,0.0,0.7146002650260925,0.09045161306858063,0.0,0.0,0.0,0.1725434511899948,0.0,0.0,0.19768591225147247,0.0,0.0,0.0,0.0,0.2076210379600525,0.0,0.0,0.0,0.18490631878376007,0.0,0.0,0.14679168164730072,0.9057692289352417,0.5869860053062439,0.3787490725517273,0.7920159697532654,0.9973664283752441,0.9897779822349548,0.9746968150138855,0.9998189806938171,0.026884660124778748,0.0031174197793006897,0.00011939839896513149,0.0016736941179260612,0.012037989683449268,7.694701707805507e-06,9.753705398907186e-09,0.00011029507004423067,0.05048803985118866,0.009627061896026134,0.002006146591156721,0.011022238060832024,0.3962884247303009,0.9842780232429504,0.9561171531677246,0.6092142462730408,0.08606359362602234,1.6930737495422363,1.340834379196167,2.7177183628082275,2.8231515884399414,3.0121426582336426,2.5564146041870117,3.3149404525756836,3.164108991622925,2.9417779445648193,3.0864338874816895,27.072433471679688,3.2336862087249756
391,0.0005983890732750297,0.0,0.0,0.0,0.00251177791506052,0.0,0.0,0.011464593932032585,0.0,0.0,0.0,0.0,0.05630874261260033,0.0,0.0,0.0,0.21160899102687836,0.0,0.0,0.717507541179657,0.08908099681138992,0.0,0.0,0.0,0.17018340528011322,0.0,0.0,0.19441278278827667,0.0,0.0,0.0,0.0,0.20850712060928345,0.0,0.0,0.0,0.18930105865001678,0.0,0.0,0.14851462841033936,0.9076923131942749,0.5998004078865051,0.3831910192966461,0.8119760155677795,0.9982978701591492,0.9916000366210938,0.9760265946388245,0.9999046325683594,0.0267435684800148,0.003111648838967085,0.00012131410767324269,0.0018701259978115559,0.012177739292383194,7.029882908682339e-06,1.0480700751713812e-08,0.00011881129466928542,0.050273265689611435,0.009717334993183613,0.0020318664610385895,0.011125548742711544,0.40139418840408325,0.9854249358177185,0.9630045890808105,0.6157259941101074,0.09588281065225601,1.6816972494125366,1.333582878112793,2.7760467529296875,2.6718966960906982,3.359710931777954,2.5492537021636963,3.203857660293579,3.1570963859558105,2.9546544551849365,3.1307783126831055,27.0858211517334,3.302053213119507
392,0.0005920928088016808,0.0,0.0,0.0,0.002422382589429617,0.0,0.0,0.011476115323603153,0.0,0.0,0.0,0.0,0.05400769039988518,0.0,0.0,0.0,0.21155457198619843,0.0,0.0,0.7199471592903137,0.09062690287828445,0.0,0.0,0.0,0.16951020061969757,0.0,0.0,0.19288372993469238,0.0,0.0,0.0,0.0,0.20780086517333984,0.0,0.0,0.0,0.19019335508346558,0.0,0.0,0.14898495376110077,0.9076923131942749,0.5975249409675598,0.3837578296661377,0.815169632434845,0.9979071617126465,0.9914252161979675,0.9762787222862244,0.9998909831047058,0.02679707296192646,0.003111716825515032,0.00012132424308219925,0.0020167205948382616,0.012256269343197346,6.980701982683968e-06,1.1015989898055523e-08,0.0001194625801872462,0.04993877559900284,0.009695175103843212,0.0020390457939356565,0.01098383404314518,0.4018256664276123,0.9855090975761414,0.9561258554458618,0.6212812066078186,0.09106449037790298,1.680383563041687,1.3356989622116089,2.8197412490844727,2.517068862915039,3.4883546829223633,2.48773455619812,3.1428606510162354,3.128469467163086,3.034709930419922,3.040330410003662,27.09048843383789,3.394272565841675
393,0.0005443725967779756,0.0,0.0,0.0,0.002553484635427594,0.0,0.0,0.011803887784481049,0.0,0.0,0.0,0.0,0.05402452498674393,0.0,0.0,0.0,0.2242242693901062,0.0,0.0,0.7068494558334351,0.08888678252696991,0.0,0.0,0.0,0.16949746012687683,0.0,0.0,0.19311955571174622,0.0,0.0,0.0,0.0,0.20682360231876373,0.0,0.0,0.0,0.19734761118888855,0.0,0.0,0.14432498812675476,0.9153845906257629,0.5969261527061462,0.3846791684627533,0.8409181237220764,0.9982796311378479,0.9907512068748474,0.975707471370697,0.9999729990959167,0.02747141569852829,0.0031086942180991173,0.00012469175271689892,0.002257829299196601,0.012257792055606842,6.621035936404951e-06,1.0847004183744957e-08,0.00011870647722389549,0.05050966888666153,0.009722433984279633,0.00205822242423892,0.010878294706344604,0.40295538306236267,0.9850978851318359,0.946562647819519,0.6157017946243286,0.108354851603508,1.6764791011810303,1.3276489973068237,2.9310429096221924,2.512368679046631,3.4441730976104736,2.587623357772827,3.2816007137298584,3.001089096069336,3.2438364028930664,2.850447654724121,27.075199127197266,3.448464870452881
394,0.0005043093697167933,0.0,0.0,0.0,0.002739217597991228,0.0,0.0,0.012486089020967484,0.0,0.0,0.0,0.0,0.05545903369784355,0.0,0.0,0.0,0.22100704908370972,0.0,0.0,0.707804262638092,0.08756397664546967,0.0,0.0,0.0,0.16918574273586273,0.0,0.0,0.1971602439880371,0.0,0.0,0.0,0.0,0.20882996916770935,0.0,0.0,0.0,0.19360502064228058,0.0,0.0,0.14365506172180176,0.9076923131942749,0.5883832573890686,0.383283406496048,0.8463073372840881,0.9976064562797546,0.990340530872345,0.9743223190307617,0.9999468326568604,0.02790132910013199,0.0030957083217799664,0.00012572889681905508,0.002590414835140109,0.012443844228982925,9.093513654079288e-06,1.1092551766012093e-08,0.00013485188537742943,0.0503796823322773,0.009727091528475285,0.0020621686708182096,0.011167388409376144,0.4012155830860138,0.9842701554298401,0.9506421089172363,0.6098028421401978,0.07880275696516037,1.683087944984436,1.3264272212982178,2.7699899673461914,2.50356125831604,3.3670432567596436,2.957439422607422,3.1184957027435303,3.0760931968688965,3.069485902786255,2.8548924922943115,27.070240020751953,3.613856792449951
395,0.0004816876898985356,0.0,0.0,0.0,0.0027850004844367504,0.0,0.0,0.012746588326990604,0.0,0.0,0.0,0.0,0.06047585606575012,0.0,0.0,0.0,0.2373405545949936,0.0,0.0,0.686170220375061,0.08745840191841125,0.0,0.0,0.0,0.168153777718544,0.0,0.0,0.1989220827817917,0.0,0.0,0.0,0.0,0.2135879397392273,0.0,0.0,0.0,0.1955626755952835,0.0,0.0,0.13631512224674225,0.9019230604171753,0.5807983875274658,0.3832559585571289,0.8481037616729736,0.9972658157348633,0.9898034930229187,0.974019467830658,0.999924898147583,0.027126431465148926,0.003049230668693781,0.00012431925279088318,0.0029178811237215996,0.012223981320858002,8.829156286083162e-06,1.1043805869803691e-08,0.00014751225535292178,0.04937072843313217,0.009640955366194248,0.00204116920940578,0.010971322655677795,0.40076321363449097,0.9839864373207092,0.9527065753936768,0.5967999696731567,0.06871972978115082,1.7067064046859741,1.3400095701217651,2.8017237186431885,2.509087085723877,3.3195066452026367,2.9637064933776855,3.0734095573425293,2.9250900745391846,2.9398484230041504,2.6849138736724854,27.069406509399414,3.6755053997039795
396,0.0004754695401061326,0.0,0.0,0.0,0.0027085382025688887,0.0,0.0,0.01219305582344532,0.0,0.0,0.0,0.0,0.05708979815244675,0.0,0.0,0.0,0.2265336662530899,0.0,0.0,0.7009994983673096,0.08933521807193756,0.0,0.0,0.0,0.16870535910129547,0.0,0.0,0.19402536749839783,0.0,0.0,0.0,0.0,0.20929820835590363,0.0,0.0,0.0,0.19657348096370697,0.0,0.0,0.14206235110759735,0.9134615659713745,0.578004002571106,0.3853009045124054,0.8516965508460999,0.9971626996994019,0.9899266958236694,0.9751721024513245,0.999951958656311,0.027424365282058716,0.003072163090109825,0.0001246384490514174,0.003153120167553425,0.012281637638807297,8.586041076341644e-06,1.2078813504956543e-08,0.0001574498019181192,0.04975251108407974,0.009732155129313469,0.0020524845458567142,0.010782385244965553,0.4025563895702362,0.9846226572990417,0.9516781568527222,0.6103211641311646,0.10341043025255203,1.6955058574676514,1.3327291011810303,2.7494301795959473,2.5306854248046875,3.410808563232422,2.9691474437713623,3.075615167617798,2.9460983276367188,2.9637539386749268,2.7616326808929443,27.078044891357422,3.7344226837158203
397,0.00046955287689343095,0.0,0.0,0.0,0.0024846778251230717,0.0,0.0,0.011667909100651741,0.0,0.0,0.0,0.0,0.05709529295563698,0.0,0.0,0.0,0.2362217754125595,0.0,0.0,0.6920607686042786,0.0899290144443512,0.0,0.0,0.0,0.1667214035987854,0.0,0.0,0.19152309000492096,0.0,0.0,0.0,0.0,0.2116764336824417,0.0,0.0,0.0,0.19799034297466278,0.0,0.0,0.14215971529483795,0.9019230604171753,0.5827544927597046,0.38804495334625244,0.8520957827568054,0.9984705448150635,0.99000483751297,0.9764257073402405,0.9999882578849792,0.027456006035208702,0.0031011998653411865,0.00012348868767730892,0.002806647215038538,0.012358477339148521,8.697114935785066e-06,1.2627332957038107e-08,0.00014997340622358024,0.05038699507713318,0.009781751781702042,0.002050744602456689,0.01089419610798359,0.4053725600242615,0.985377311706543,0.95297771692276,0.6119328737258911,0.08519855886697769,1.6869754791259766,1.3362675905227661,2.8505642414093018,2.7852323055267334,3.1845040321350098,2.9089365005493164,3.413076400756836,2.974771738052368,2.8973734378814697,2.57218861579895,27.092924118041992,3.4387099742889404
398,0.00043428983190096915,0.0,0.0,0.0,0.0026461693923920393,0.0,0.0,0.01204950176179409,0.0,0.0,0.0,0.0,0.05874883010983467,0.0,0.0,0.0,0.23958352208137512,0.0,0.0,0.6865377426147461,0.08978917449712753,0.0,0.0,0.0,0.16709193587303162,0.0,0.0,0.1933089941740036,0.0,0.0,0.0,0.0,0.21468812227249146,0.0,0.0,0.0,0.19580376148223877,0.0,0.0,0.13931801915168762,0.8999999761581421,0.5821157693862915,0.386579304933548,0.8443113565444946,0.9971959590911865,0.9891344904899597,0.9759467840194702,0.9999589323997498,0.027391090989112854,0.003105206647887826,0.000121937038784381,0.002611920703202486,0.01215310674160719,7.813358934072312e-06,1.230628932091804e-08,0.0001379374589305371,0.05068130046129227,0.009775238111615181,0.0020376555621623993,0.010806293226778507,0.4038809537887573,0.9848695397377014,0.9442793726921082,0.6067776083946228,0.08774195611476898,1.6886324882507324,1.3400583267211914,2.8291451930999756,3.008786916732788,3.1936326026916504,2.877913236618042,3.242036819458008,2.7945973873138428,2.9633636474609375,2.70758318901062,27.10502815246582,3.2845330238342285
399,0.000416665367083624,0.0,0.0,0.0,0.0025006295181810856,0.0,0.0,0.010381578467786312,0.0,0.0,0.0,0.0,0.05229824408888817,0.0,0.0,0.0,0.2140028178691864,0.0,0.0,0.7204000353813171,0.08917646110057831,0.0,0.0,0.0,0.16856929659843445,0.0,0.0,0.1873062402009964,0.0,0.0,0.0,0.0,0.20975267887115479,0.0,0.0,0.0,0.19273947179317474,0.0,0.0,0.15245585143566132,0.9134615659713745,0.589381217956543,0.3902846574783325,0.845109760761261,0.9979798793792725,0.9910545945167542,0.9785634279251099,0.9999721050262451,0.027833983302116394,0.003149311523884535,0.00012016303662676364,0.0023605204187333584,0.012343968264758587,6.8077815740252845e-06,1.2171276431161004e-08,0.00012531352695077658,0.0510401614010334,0.009864498861134052,0.0020530526526272297,0.011087995022535324,0.40777119994163513,0.9867008924484253,0.9432617425918579,0.6352857947349548,0.16849760711193085,1.6653170585632324,1.3336273431777954,2.7631642818450928,3.1022818088531494,3.334853172302246,2.84008526802063,3.41593861579895,2.8699073791503906,2.835620641708374,2.673311948776245,27.114166259765625,3.29486083984375
400,0.0004987100837752223,0.0,0.0,0.0,0.0026736559811979532,0.0,0.0,0.011217513121664524,0.0,0.0,0.0,0.0,0.053563639521598816,0.0,0.0,0.0,0.21487438678741455,0.0,0.0,0.7171720862388611,0.09146266430616379,0.0,0.0,0.0,0.17234085500240326,0.0,0.0,0.190384641289711,0.0,0.0,0.0,0.0,0.20744353532791138,0.0,0.0,0.0,0.18850639462471008,0.0,0.0,0.1498618870973587,0.9096153974533081,0.5895010232925415,0.38311612606048584,0.843712568283081,0.9982352256774902,0.9905667901039124,0.9766388535499573,0.9999783039093018,0.027615034952759743,0.0031231555622071028,0.00012112660624552518,0.0020752805285155773,0.012225882150232792,7.165761417127214e-06,1.1298415536487028e-08,0.00011468231969047338,0.0503300279378891,0.00980360060930252,0.0020369496196508408,0.011318470351397991,0.40109726786613464,0.9856097102165222,0.937677800655365,0.62711501121521,0.13651211559772491,1.679426908493042,1.3430945873260498,2.5926616191864014,3.0883419513702393,3.2039761543273926,2.7556309700012207,3.421177864074707,2.847123622894287,2.8445041179656982,2.9373974800109863,27.122549057006836,3.1372735500335693
401,0.00045238150050863624,0.0,0.0,0.0,0.002271858975291252,0.0,0.0,0.009657541289925575,0.0,0.0,0.0,0.0,0.04448764771223068,0.0,0.0,0.0,0.1959846466779709,0.0,0.0,0.74714595079422,0.08661174029111862,0.0,0.0,0.0,0.16758441925048828,0.0,0.0,0.18949374556541443,0.0,0.0,0.0,0.0,0.20252005755901337,0.0,0.0,0.0,0.19071181118488312,0.0,0.0,0.1630782186985016,0.9173076748847961,0.6019960045814514,0.391038715839386,0.8233532905578613,0.9986509084701538,0.991995632648468,0.9798416495323181,0.9999560713768005,0.028011072427034378,0.0031974082812666893,0.00012342384434305131,0.0017916724318638444,0.012352559715509415,7.604690381413093e-06,1.1239252195593963e-08,0.00011192886449862272,0.05229337140917778,0.00999775342643261,0.0020701817702502012,0.011549847200512886,0.4089565873146057,0.9876178503036499,0.940353512763977,0.6581019163131714,0.17626447975635529,1.6364521980285645,1.327304720878601,2.6765758991241455,3.1266703605651855,3.2881600856781006,2.892127513885498,3.3524606227874756,2.843963861465454,3.022219657897949,2.9916489124298096,27.127395629882812,3.146061897277832
402,0.0005118414992466569,0.0,0.0,0.0,0.0026622777804732323,0.0,0.0,0.010974211618304253,0.0,0.0,0.0,0.0,0.04888133704662323,0.0,0.0,0.0,0.20747920870780945,0.0,0.0,0.7294911742210388,0.09020426124334335,0.0,0.0,0.0,0.17376162111759186,0.0,0.0,0.19201301038265228,0.0,0.0,0.0,0.0,0.20462603867053986,0.0,0.0,0.0,0.1884452998638153,0.0,0.0,0.15094976127147675,0.9096153974533081,0.5904989838600159,0.38254931569099426,0.8257485032081604,0.9981539845466614,0.9891652464866638,0.9777394533157349,0.9999587535858154,0.02755000628530979,0.0031701605767011642,0.00012177419557701796,0.0017053437186405063,0.012303803116083145,8.847583558235783e-06,1.3921006569717065e-08,0.00010732601367635652,0.05218222364783287,0.009878699667751789,0.0020411587320268154,0.011421924456954002,0.4004198908805847,0.9858514070510864,0.9325056076049805,0.6382623910903931,0.18899957835674286,1.6628899574279785,1.3320648670196533,2.5252556800842285,2.960641860961914,3.2968037128448486,2.9987120628356934,3.381699800491333,2.6986048221588135,2.8661577701568604,3.097867250442505,27.125885009765625,3.371033191680908
403,0.0005164935137145221,0.0,0.0,0.0,0.0026402357034385204,0.0,0.0,0.01048827264457941,0.0,0.0,0.0,0.0,0.04640653729438782,0.0,0.0,0.0,0.20369191467761993,0.0,0.0,0.73625648021698,0.09072893112897873,0.0,0.0,0.0,0.17226745188236237,0.0,0.0,0.1934775412082672,0.0,0.0,0.0,0.0,0.20021991431713104,0.0,0.0,0.0,0.19000869989395142,0.0,0.0,0.15329745411872864,0.9115384817123413,0.5962474942207336,0.3819226026535034,0.8269460797309875,0.9973872303962708,0.9908180236816406,0.9780750870704651,0.9999368786811829,0.027990613132715225,0.0032046507112681866,0.00012170366971986368,0.0017526093870401382,0.012526404112577438,8.23560549179092e-06,1.3975852475311967e-08,0.0001098501670639962,0.0529308058321476,0.009950822219252586,0.0020560999400913715,0.011102277785539627,0.4001879096031189,0.986354649066925,0.9437685012817383,0.6426578164100647,0.20287197828292847,1.6508557796478271,1.316617488861084,2.780977249145508,3.0371947288513184,3.186796188354492,2.9306766986846924,3.364227294921875,2.889239549636841,2.9811782836914062,3.0568742752075195,27.125478744506836,3.4647512435913086
404,0.0006037632701918483,0.0,0.0,0.0,0.002928034868091345,0.0,0.0,0.011172455735504627,0.0,0.0,0.0,0.0,0.04742489755153656,0.0,0.0,0.0,0.20903632044792175,0.0,0.0,0.7288346290588379,0.09396364539861679,0.0,0.0,0.0,0.17455026507377625,0.0,0.0,0.1948174238204956,0.0,0.0,0.0,0.0,0.20114678144454956,0.0,0.0,0.0,0.18694747984409332,0.0,0.0,0.14857439696788788,0.9076923131942749,0.5891017913818359,0.37711861729621887,0.8141716122627258,0.9986447691917419,0.9898979067802429,0.9763871431350708,0.9999209046363831,0.028141550719738007,0.0032125525176525116,0.00012128760135965422,0.0018606159137561917,0.012656830251216888,8.03698094387073e-06,1.4711044826754005e-08,0.0001158901141025126,0.052959293127059937,0.009969118051230907,0.0020570699125528336,0.010410819202661514,0.3951563835144043,0.9852954745292664,0.9473567605018616,0.6330400705337524,0.1357225626707077,1.6569069623947144,1.3016856908798218,2.8637309074401855,2.919710159301758,3.4107666015625,2.8851616382598877,3.3441929817199707,3.00032639503479,2.943262815475464,3.192556858062744,27.125080108642578,3.6416537761688232
405,0.000534587714355439,0.0,0.0,0.0,0.0029495307244360447,0.0,0.0,0.011472543701529503,0.0,0.0,0.0,0.0,0.047244004905223846,0.0,0.0,0.0,0.2111702263355255,0.0,0.0,0.7266291379928589,0.09110213816165924,0.0,0.0,0.0,0.17550614476203918,0.0,0.0,0.1950775384902954,0.0,0.0,0.0,0.0,0.20273029804229736,0.0,0.0,0.0,0.18824078142642975,0.0,0.0,0.14734311401844025,0.9076923131942749,0.5876646637916565,0.37833958864212036,0.8271456956863403,0.9983024001121521,0.9904825091362,0.9756783246994019,0.9999365210533142,0.02830515056848526,0.003208744339644909,0.00012248528946656734,0.002174735302105546,0.012873687781393528,7.792496035108343e-06,1.4497981482008981e-08,0.00011700558388838544,0.05230795592069626,0.009952631779015064,0.0020600324496626854,0.009920273907482624,0.39635801315307617,0.9850430488586426,0.9496952295303345,0.6312850713729858,0.16100594401359558,1.651777744293213,1.302778720855713,2.9380195140838623,2.827148199081421,3.5446012020111084,2.7835798263549805,3.1683096885681152,3.022865056991577,3.044548988342285,3.0678319931030273,27.134952545166016,3.7888150215148926
406,0.00048561798757873476,0.0,0.0,0.0,0.0026120012626051903,0.0,0.0,0.010174116119742393,0.0,0.0,0.0,0.0,0.04388568177819252,0.0,0.0,0.0,0.18970762193202972,0.0,0.0,0.7531350255012512,0.09065485745668411,0.0,0.0,0.0,0.1706179529428482,0.0,0.0,0.19143462181091309,0.0,0.0,0.0,0.0,0.20037539303302765,0.0,0.0,0.0,0.1875578612089157,0.0,0.0,0.15935930609703064,0.9134615659713745,0.5931337475776672,0.38521599769592285,0.8327345252037048,0.998071551322937,0.9918773174285889,0.9783831238746643,0.9999233484268188,0.028317727148532867,0.0031870899256318808,0.00012381872511468828,0.0024559139274060726,0.012898103334009647,7.374180313490797e-06,1.3892188732711475e-08,0.00013545210822485387,0.05160706490278244,0.009929117746651173,0.002071710303425789,0.009943336248397827,0.40313631296157837,0.9867281317710876,0.9553691744804382,0.6568002700805664,0.2308046519756317,1.6400730609893799,1.3108829259872437,2.823519229888916,2.7292492389678955,3.5414834022521973,2.75388503074646,3.2205662727355957,2.772108793258667,3.0848703384399414,3.0083365440368652,27.1389217376709,4.008591175079346
407,0.00042948557529598475,0.0,0.0,0.0,0.0023200479336082935,0.0,0.0,0.00977062713354826,0.0,0.0,0.0,0.0,0.04250897467136383,0.0,0.0,0.0,0.1944981813430786,0.0,0.0,0.7504726648330688,0.09106125682592392,0.0,0.0,0.0,0.1693830043077469,0.0,0.0,0.18919233977794647,0.0,0.0,0.0,0.0,0.1985526829957962,0.0,0.0,0.0,0.19300569593906403,0.0,0.0,0.1588050276041031,0.9096153974533081,0.5942515134811401,0.3877977728843689,0.8483033776283264,0.9974680542945862,0.9917279481887817,0.9799590110778809,0.9999693036079407,0.028299488127231598,0.0031925495713949203,0.00012484542094171047,0.0028285160660743713,0.013268237933516502,6.810612376284553e-06,1.4450313834402095e-08,0.00013886769011151046,0.051533423364162445,0.009951207786798477,0.002096611075103283,0.010081494227051735,0.4057762026786804,0.9874796867370605,0.9538596272468567,0.6601946949958801,0.23267513513565063,1.6310949325561523,1.3026354312896729,2.7540037631988525,2.737492561340332,3.5991625785827637,2.872448444366455,3.20076322555542,2.784689426422119,3.1124651432037354,3.090073347091675,27.134841918945312,4.069544792175293
408,0.0004655389639083296,0.0,0.0,0.0,0.002875062171369791,0.0,0.0,0.010507975704967976,0.0,0.0,0.0,0.0,0.04462675377726555,0.0,0.0,0.0,0.2067776322364807,0.0,0.0,0.7347471117973328,0.09092625230550766,0.0,0.0,0.0,0.17289042472839355,0.0,0.0,0.1903018355369568,0.0,0.0,0.0,0.0,0.19791440665721893,0.0,0.0,0.0,0.1962440460920334,0.0,0.0,0.15172305703163147,0.9057692289352417,0.5847904086112976,0.3848889172077179,0.8512973785400391,0.9978639483451843,0.9902622103691101,0.9780604839324951,0.9999631643295288,0.028289292007684708,0.003122646827250719,0.0001248696935363114,0.0029523244593292475,0.012930512428283691,6.484851382992929e-06,1.4690138883111103e-08,0.00014738099707756191,0.05070244148373604,0.00980356615036726,0.002081353450194001,0.010387346148490906,0.40255406498908997,0.9861512184143066,0.9566935300827026,0.642482340335846,0.15623101592063904,1.6554656028747559,1.3135011196136475,2.6730215549468994,2.670851707458496,3.4562811851501465,2.912874698638916,3.2408053874969482,2.7834904193878174,3.00620698928833,3.0985021591186523,27.100557327270508,3.9708356857299805
409,0.00047760969027876854,0.0,0.0,0.0,0.0029208536725491285,0.0,0.0,0.01074189879000187,0.0,0.0,0.0,0.0,0.04643508419394493,0.0,0.0,0.0,0.2068399041891098,0.0,0.0,0.7325846552848816,0.08956421166658401,0.0,0.0,0.0,0.17116379737854004,0.0,0.0,0.19290922582149506,0.0,0.0,0.0,0.0,0.20089271664619446,0.0,0.0,0.0,0.19432473182678223,0.0,0.0,0.1511453092098236,0.8980769515037537,0.578642725944519,0.3857378363609314,0.8467065691947937,0.9972231984138489,0.9896224737167358,0.9778558611869812,0.9999488592147827,0.027954719960689545,0.003043312346562743,0.00012459102435968816,0.0029924206901341677,0.01291380450129509,6.1874097809777595e-06,1.443247121812874e-08,0.00014327923418022692,0.050019171088933945,0.009684507735073566,0.002071104943752289,0.010640360414981842,0.4029228985309601,0.9858592748641968,0.9435265064239502,0.6404451131820679,0.1897127628326416,1.6668322086334229,1.3239686489105225,2.5399796962738037,2.684187650680542,3.329603910446167,2.8579726219177246,3.280587673187256,2.915376663208008,3.0150949954986572,2.918095588684082,27.069591522216797,3.8891258239746094
410,0.00048287183744832873,0.0,0.0,0.0,0.002878766506910324,0.0,0.0,0.01043637003749609,0.0,0.0,0.0,0.0,0.04477690905332565,0.0,0.0,0.0,0.19952735304832458,0.0,0.0,0.7418978214263916,0.08947302401065826,0.0,0.0,0.0,0.17343716323375702,0.0,0.0,0.19187666475772858,0.0,0.0,0.0,0.0,0.1971684694290161,0.0,0.0,0.0,0.19088563323020935,0.0,0.0,0.15715903043746948,0.9134615659713745,0.5797205567359924,0.38471412658691406,0.8425149321556091,0.9979901909828186,0.989680290222168,0.9784801006317139,0.9999396800994873,0.027969222515821457,0.00302357180044055,0.00012151422561146319,0.0027568009681999683,0.012821889482438564,5.8858131524175406e-06,1.4086428024029374e-08,0.00013742188457399607,0.04956037551164627,0.009636884555220604,0.0020811986178159714,0.010882764123380184,0.40200430154800415,0.986201822757721,0.9347435235977173,0.6493234634399414,0.2143533080816269,1.673190712928772,1.3297181129455566,2.3733785152435303,2.632981777191162,3.249738931655884,2.8642375469207764,3.3800511360168457,2.8923637866973877,2.89042067527771,3.221343994140625,27.056884765625,3.7261171340942383
411,0.000515241757966578,0.0,0.0,0.0,0.002916245022788644,0.0,0.0,0.010481343604624271,0.0,0.0,0.0,0.0,0.04989520087838173,0.0,0.0,0.0,0.22140207886695862,0.0,0.0,0.7147898077964783,0.09038814157247543,0.0,0.0,0.0,0.17317448556423187,0.0,0.0,0.1906079798936844,0.0,0.0,0.0,0.0,0.20027929544448853,0.0,0.0,0.0,0.19553327560424805,0.0,0.0,0.15001682937145233,0.9134615659713745,0.5847904086112976,0.3849937617778778,0.8449101448059082,0.9980314373970032,0.9888134002685547,0.9786450266838074,0.9999884366989136,0.027989178895950317,0.0029891168233007193,0.00011992316285613924,0.002537035383284092,0.012712215073406696,7.790703421051148e-06,1.3847218482965218e-08,0.00011995977547485381,0.048945069313049316,0.009600084275007248,0.0020846379920840263,0.010824166238307953,0.40258654952049255,0.9860867857933044,0.9493330717086792,0.6340786218643188,0.18394461274147034,1.6790318489074707,1.322275161743164,2.5805575847625732,2.618065595626831,3.3854308128356934,2.7528998851776123,3.3708279132843018,3.110524892807007,2.941995859146118,3.21873140335083,27.06850814819336,3.490814447402954
412,0.0005415871273726225,0.0,0.0,0.0,0.0026245692279189825,0.0,0.0,0.010257077403366566,0.0,0.0,0.0,0.0,0.04482700303196907,0.0,0.0,0.0,0.2018013745546341,0.0,0.0,0.7399484515190125,0.09125073254108429,0.0,0.0,0.0,0.17135615646839142,0.0,0.0,0.1903541386127472,0.0,0.0,0.0,0.0,0.19461224973201752,0.0,0.0,0.0,0.19221903383731842,0.0,0.0,0.16020768880844116,0.9153845906257629,0.5847504734992981,0.38594508171081543,0.84890216588974,0.9983099102973938,0.9892477989196777,0.9794105887413025,0.9999945759773254,0.027684012427926064,0.0029948519077152014,0.00011844097753055394,0.002360174898058176,0.012772101908922195,7.346782695094589e-06,1.365738633296587e-08,9.951878018910065e-05,0.04919969290494919,0.009630110114812851,0.002097868360579014,0.010837183333933353,0.4035167694091797,0.986576497554779,0.9491226673126221,0.6517764925956726,0.18396295607089996,1.6668115854263306,1.3219786882400513,2.400516986846924,2.7725350856781006,3.232126235961914,2.9532830715179443,3.3561644554138184,3.3389668464660645,2.801661491394043,3.3099656105041504,27.077255249023438,3.3221230506896973
413,0.000546128663700074,0.0,0.0,0.0,0.002652583410963416,0.0,0.0,0.010469482280313969,0.0,0.0,0.0,0.0,0.044994983822107315,0.0,0.0,0.0,0.2047996073961258,0.0,0.0,0.7365372776985168,0.0899382084608078,0.0,0.0,0.0,0.17017103731632233,0.0,0.0,0.19325274229049683,0.0,0.0,0.0,0.0,0.19339418411254883,0.0,0.0,0.0,0.19497822225093842,0.0,0.0,0.1582656055688858,0.9134615659713745,0.5901796221733093,0.3856154978275299,0.8439121246337891,0.9983816742897034,0.9894102215766907,0.9789425134658813,0.999984622001648,0.027610259130597115,0.0029997106175869703,0.0001195545555674471,0.002318207174539566,0.012752486392855644,6.33018544249353e-06,1.3453874458946302e-08,0.00010447527893120423,0.04857766255736351,0.009593789465725422,0.0021115143317729235,0.011116589419543743,0.40346571803092957,0.9863316416740417,0.9601293206214905,0.6482836008071899,0.11262428760528564,1.661954402923584,1.3235896825790405,2.7481689453125,2.852839708328247,2.9837570190429688,3.018430471420288,3.331298351287842,3.2907145023345947,2.698505163192749,3.409940242767334,27.091020584106445,3.0980634689331055
414,0.0005238345474936068,0.0,0.0,0.0,0.0029740245081484318,0.0,0.0,0.011758606880903244,0.0,0.0,0.0,0.0,0.05080854520201683,0.0,0.0,0.0,0.2114931344985962,0.0,0.0,0.7224418520927429,0.09297089278697968,0.0,0.0,0.0,0.17388901114463806,0.0,0.0,0.1955576241016388,0.0,0.0,0.0,0.0,0.19568951427936554,0.0,0.0,0.0,0.19191163778305054,0.0,0.0,0.1499813199043274,0.8999999761581421,0.5829141736030579,0.37930089235305786,0.8391217589378357,0.9978585243225098,0.9883804321289062,0.9764982461929321,0.999988853931427,0.026977764442563057,0.002938489895313978,0.00011802205699495971,0.0021876483224332333,0.012733682990074158,6.967712579353247e-06,1.3665657050410118e-08,0.00010395413846708834,0.0477331206202507,0.00941907986998558,0.0020869942381978035,0.010883542709052563,0.39710497856140137,0.9847432374954224,0.9524078369140625,0.6295512318611145,0.09247392416000366,1.6907662153244019,1.3346434831619263,2.7301812171936035,2.9043166637420654,2.9153096675872803,2.936940908432007,3.1933984756469727,3.1476528644561768,2.866832971572876,3.3040196895599365,27.082609176635742,3.0524063110351562
415,0.000543972768355161,0.0,0.0,0.0,0.0028765422757714987,0.0,0.0,0.010537698864936829,0.0,0.0,0.0,0.0,0.04589908570051193,0.0,0.0,0.0,0.19648699462413788,0.0,0.0,0.7436556816101074,0.09508143365383148,0.0,0.0,0.0,0.17361260950565338,0.0,0.0,0.1923404484987259,0.0,0.0,0.0,0.0,0.19433262944221497,0.0,0.0,0.0,0.185785710811615,0.0,0.0,0.1588471680879593,0.9076923131942749,0.5958083868026733,0.37926343083381653,0.8443113565444946,0.9985162615776062,0.9897242188453674,0.9783716201782227,0.999992311000824,0.0268847718834877,0.0029509346932172775,0.00011862515384564176,0.0021490808576345444,0.012794995680451393,6.2310155044542626e-06,1.3156704170569355e-08,0.00011091113992733881,0.04822264984250069,0.009478877298533916,0.0020833630114793777,0.010680261068046093,0.39788904786109924,0.9860414862632751,0.9522002935409546,0.6494176983833313,0.11031614243984222,1.6802308559417725,1.332905650138855,2.8511264324188232,2.842073678970337,2.9419944286346436,2.788285493850708,3.0566155910491943,3.3194808959960938,2.787196397781372,3.2812063694000244,27.061630249023438,3.2230851650238037
416,0.0005958928377367556,0.0,0.0,0.0,0.00331034604460001,0.0,0.0,0.011709925718605518,0.0,0.0,0.0,0.0,0.047762032598257065,0.0,0.0,0.0,0.20665524899959564,0.0,0.0,0.7299665808677673,0.09212217479944229,0.0,0.0,0.0,0.17769964039325714,0.0,0.0,0.19390586018562317,0.0,0.0,0.0,0.0,0.1971452236175537,0.0,0.0,0.0,0.1872072070837021,0.0,0.0,0.151919886469841,0.8999999761581421,0.5895808339118958,0.3774806559085846,0.8508982062339783,0.9983543753623962,0.9875249266624451,0.976292610168457,0.9999933242797852,0.026416104286909103,0.0029444382525980473,0.00011997039837297052,0.0019850884564220905,0.01254128385335207,5.548640729102772e-06,1.3383521846321855e-08,0.00010730310168582946,0.04768160730600357,0.009353690780699253,0.002073991810902953,0.01073868852108717,0.39593812823295593,0.9843834638595581,0.9374958872795105,0.6350920796394348,0.06213042140007019,1.6851835250854492,1.3311731815338135,2.7952871322631836,2.6724984645843506,2.9725756645202637,2.710768222808838,3.049642324447632,3.316897392272949,2.941605806350708,3.422027587890625,27.04737663269043,3.2605948448181152
417,0.0004971529124304652,0.0,0.0,0.0,0.0027650357224047184,0.0,0.0,0.011259117163717747,0.0,0.0,0.0,0.0,0.04686594381928444,0.0,0.0,0.0,0.2039480209350586,0.0,0.0,0.734664797782898,0.09281699359416962,0.0,0.0,0.0,0.17677108943462372,0.0,0.0,0.19315850734710693,0.0,0.0,0.0,0.0,0.19926922023296356,0.0,0.0,0.0,0.18728655576705933,0.0,0.0,0.15069763362407684,0.9134615659713745,0.5961676836013794,0.37784022092819214,0.8522953987121582,0.9985277652740479,0.9896395802497864,0.9775216579437256,0.9999942183494568,0.026607736945152283,0.0030049108900129795,0.00011627428466454148,0.002111417008563876,0.012443908490240574,5.755560778197832e-06,1.278885886080161e-08,0.00011429765436332673,0.04838777706027031,0.0094672329723835,0.0020898664370179176,0.01043001189827919,0.39668741822242737,0.9854784607887268,0.940614640712738,0.642332911491394,0.14931072294712067,1.6740076541900635,1.2975473403930664,3.004682779312134,3.067974805831909,2.829840660095215,2.6661179065704346,3.059077262878418,3.5586652755737305,2.992877244949341,3.4981436729431152,27.031721115112305,3.5777359008789062
418,0.0005412762984633446,0.0,0.0,0.0,0.0031609488651156425,0.0,0.0,0.011590263806283474,0.0,0.0,0.0,0.0,0.04513418301939964,0.0,0.0,0.0,0.20718134939670563,0.0,0.0,0.7323920130729675,0.09270492196083069,0.0,0.0,0.0,0.177893728017807,0.0,0.0,0.19537480175495148,0.0,0.0,0.0,0.0,0.19980472326278687,0.0,0.0,0.0,0.18519635498523712,0.0,0.0,0.14902548491954803,0.9115384817123413,0.5913373231887817,0.3758701682090759,0.8528941869735718,0.9985958337783813,0.9890315532684326,0.9763753414154053,0.9999948143959045,0.025800593197345734,0.002966545522212982,0.00011602121958276257,0.002282493282109499,0.012155403383076191,6.490020496130455e-06,1.3354441108504034e-08,0.00012476748088374734,0.04764070361852646,0.009333834052085876,0.002067210851237178,0.01028425432741642,0.3945810794830322,0.9847069978713989,0.9319685101509094,0.6381996870040894,0.11735701560974121,1.6946754455566406,1.3171849250793457,2.968538284301758,2.7933647632598877,2.7894744873046875,2.6140964031219482,3.016838550567627,3.514464855194092,2.9039816856384277,3.3597676753997803,27.040538787841797,3.6522536277770996
419,0.0005138571723364294,0.0,0.0,0.0,0.002995770424604416,0.0,0.0,0.011771422810852528,0.0,0.0,0.0,0.0,0.046370383352041245,0.0,0.0,0.0,0.205715611577034,0.0,0.0,0.7326328754425049,0.09084632247686386,0.0,0.0,0.0,0.17748379707336426,0.0,0.0,0.19669820368289948,0.0,0.0,0.0,0.0,0.19866923987865448,0.0,0.0,0.0,0.18536163866519928,0.0,0.0,0.15094079077243805,0.9076923131942749,0.5872255563735962,0.37706369161605835,0.8491017818450928,0.998358964920044,0.9891226887702942,0.9763975143432617,0.9999905228614807,0.025588197633624077,0.0029529728926718235,0.00011594158422667533,0.0023144264705479145,0.012171341106295586,6.727785603288794e-06,1.3586235247942113e-08,0.00012370303738862276,0.04737835004925728,0.009326152503490448,0.002063372638076544,0.010291095823049545,0.3954022526741028,0.9847184419631958,0.9351040124893188,0.6375867128372192,0.16295325756072998,1.7049752473831177,1.3334870338439941,2.920501470565796,2.865638494491577,2.721540689468384,2.6204538345336914,3.091186761856079,3.2794487476348877,2.8285036087036133,3.169919013977051,27.030153274536133,3.557129144668579
420,0.0004942179657518864,0.0,0.0,0.0,0.002722696866840124,0.0,0.0,0.012271711602807045,0.0,0.0,0.0,0.0,0.0498538613319397,0.0,0.0,0.0,0.21134288609027863,0.0,0.0,0.723314642906189,0.09232325106859207,0.0,0.0,0.0,0.17889080941677094,0.0,0.0,0.19448107481002808,0.0,0.0,0.0,0.0,0.19999811053276062,0.0,0.0,0.0,0.18783049285411835,0.0,0.0,0.14647625386714935,0.8999999761581421,0.5831137895584106,0.37670913338661194,0.8407185077667236,0.9984397888183594,0.9889876246452332,0.9760825037956238,0.9999860525131226,0.02561180293560028,0.0029723336920142174,0.00011930906475754455,0.002301860600709915,0.012138163670897484,6.062856755306711e-06,1.295540563717168e-08,0.00013120721268933266,0.046974651515483856,0.009353532455861568,0.0020720972679555416,0.010474331676959991,0.3947272002696991,0.9845110177993774,0.9459120035171509,0.6282549500465393,0.16969263553619385,1.69601571559906,1.331175684928894,2.7174148559570312,3.0581068992614746,2.656700611114502,2.7524948120117188,2.9631869792938232,3.237621784210205,3.0546352863311768,3.1477346420288086,27.022464752197266,3.530684232711792
421,0.0004644464934244752,0.0,0.0,0.0,0.0026011266745626926,0.0,0.0,0.010403220541775227,0.0,0.0,0.0,0.0,0.045912958681583405,0.0,0.0,0.0,0.20987381041049957,0.0,0.0,0.730744481086731,0.09147093445062637,0.0,0.0,0.0,0.17677098512649536,0.0,0.0,0.18820250034332275,0.0,0.0,0.0,0.0,0.19639791548252106,0.0,0.0,0.0,0.1916332095861435,0.0,0.0,0.15552444756031036,0.8980769515037537,0.5887824296951294,0.3838302195072174,0.8449101448059082,0.9976765513420105,0.9904735684394836,0.979271411895752,0.999980092048645,0.025471242144703865,0.0030032263603061438,0.00012102159962523729,0.002322037238627672,0.012008368037641048,7.723798262304626e-06,1.2886584244142796e-08,0.00013798545114696026,0.04703718423843384,0.009416939690709114,0.0020884755067527294,0.010626055300235748,0.40171894431114197,0.9865310192108154,0.9458190202713013,0.6431146264076233,0.21371734142303467,1.6711375713348389,1.3277379274368286,2.7072222232818604,3.124128580093384,2.966017484664917,2.980759620666504,2.8617396354675293,3.1664834022521973,2.9524641036987305,3.0520780086517334,27.019437789916992,3.403635025024414
422,0.0004794924461748451,0.0,0.0,0.0,0.0027361169923096895,0.0,0.0,0.01167151890695095,0.0,0.0,0.0,0.0,0.05281025171279907,0.0,0.0,0.0,0.22192177176475525,0.0,0.0,0.7103808522224426,0.09425392001867294,0.0,0.0,0.0,0.17716321349143982,0.0,0.0,0.19324156641960144,0.0,0.0,0.0,0.0,0.19994977116584778,0.0,0.0,0.0,0.19148682057857513,0.0,0.0,0.1439047008752823,0.892307698726654,0.5784031748771667,0.3778676688671112,0.8487025499343872,0.9976135492324829,0.9888558983802795,0.9773148894309998,0.9999892711639404,0.024814072996377945,0.0029195905663073063,0.00011586378968786448,0.0022526548709720373,0.011733493767678738,7.3948008321167435e-06,1.3415984767561895e-08,0.00013244655565358698,0.046062808483839035,0.009220214560627937,0.002036329824477434,0.010573970153927803,0.3956133723258972,0.9851126670837402,0.9375731945037842,0.6203927993774414,0.15890194475650787,1.7107102870941162,1.3563672304153442,2.6095967292785645,3.0622966289520264,2.868863582611084,2.947333812713623,2.7649130821228027,3.0096065998077393,2.7716681957244873,2.9231486320495605,27.02825164794922,3.3485605716705322
423,0.0004814639105461538,0.0,0.0,0.0,0.0027595313731580973,0.0,0.0,0.011813819408416748,0.0,0.0,0.0,0.0,0.0519830547273159,0.0,0.0,0.0,0.21705713868141174,0.0,0.0,0.7159050703048706,0.0941988080739975,0.0,0.0,0.0,0.1783607006072998,0.0,0.0,0.1912505030632019,0.0,0.0,0.0,0.0,0.19902141392230988,0.0,0.0,0.0,0.19126933813095093,0.0,0.0,0.14589923620224,0.892307698726654,0.5745708346366882,0.37882399559020996,0.8516965508460999,0.9974719285964966,0.9884907603263855,0.9771966338157654,0.9999887347221375,0.02468106523156166,0.0029068258590996265,0.00011572599032660946,0.0021852790378034115,0.011747094802558422,6.6384727688273415e-06,1.2802586546456496e-08,0.00012534733104985207,0.04565225914120674,0.009172509424388409,0.0020343451760709286,0.010624866932630539,0.39631393551826477,0.9849448800086975,0.93663090467453,0.6257550120353699,0.15348950028419495,1.7134501934051514,1.3621505498886108,2.5319628715515137,2.9083454608917236,2.7793564796447754,3.057555675506592,2.837886095046997,3.015425682067871,2.708303213119507,3.04076886177063,27.048503875732422,3.2649729251861572
424,0.0004913126467727125,0.0,0.0,0.0,0.0027699884958565235,0.0,0.0,0.010505025275051594,0.0,0.0,0.0,0.0,0.04685819149017334,0.0,0.0,0.0,0.1981080025434494,0.0,0.0,0.7412673830986023,0.09545377641916275,0.0,0.0,0.0,0.17689912021160126,0.0,0.0,0.18597964942455292,0.0,0.0,0.0,0.0,0.19629371166229248,0.0,0.0,0.0,0.18814855813980103,0.0,0.0,0.15722517669200897,0.9038461446762085,0.5815967917442322,0.3829488158226013,0.8307384848594666,0.9985066056251526,0.990056574344635,0.9788773059844971,0.9999726414680481,0.024552246555685997,0.0029350072145462036,0.00011755612649722025,0.0018885389436036348,0.011825760826468468,6.233773092390038e-06,1.3264012999059105e-08,0.0001126382703660056,0.04528576135635376,0.009232034906744957,0.002059278078377247,0.010761665180325508,0.4003247916698456,0.9862335324287415,0.9384024143218994,0.6466984152793884,0.21540440618991852,1.6942191123962402,1.3716126680374146,2.3615386486053467,2.953652858734131,2.849156141281128,3.005948066711426,2.909121513366699,3.1009137630462646,2.554471969604492,3.062279224395752,27.062267303466797,3.070833921432495
425,0.00048232474364340305,0.0,0.0,0.0,0.002526303753256798,0.0,0.0,0.009918445721268654,0.0,0.0,0.0,0.0,0.04556479677557945,0.0,0.0,0.0,0.19089975953102112,0.0,0.0,0.7506083250045776,0.09458475559949875,0.0,0.0,0.0,0.17240221798419952,0.0,0.0,0.1844496876001358,0.0,0.0,0.0,0.0,0.19852128624916077,0.0,0.0,0.0,0.1888117641210556,0.0,0.0,0.16123029589653015,0.9115384817123413,0.5903792381286621,0.38793009519577026,0.8331336975097656,0.9988130331039429,0.9910512566566467,0.9799913763999939,0.9999836087226868,0.025053206831216812,0.002982939826324582,0.00012064941256539896,0.0017103294376283884,0.012052755802869797,6.0130623751319945e-06,1.3434262591260904e-08,0.0001058835259755142,0.046236421912908554,0.009377198293805122,0.0020818188786506653,0.010773041285574436,0.4055001437664032,0.987072765827179,0.9491097927093506,0.6558031439781189,0.2007090151309967,1.6688563823699951,1.355344295501709,2.651733875274658,2.9967520236968994,2.7339212894439697,3.114689350128174,2.9006330966949463,3.022618293762207,2.767871856689453,3.0917093753814697,27.074190139770508,3.0984737873077393
426,0.0004966019187122583,0.0,0.0,0.0,0.002625978086143732,0.0,0.0,0.009638044051826,0.0,0.0,0.0,0.0,0.04473946988582611,0.0,0.0,0.0,0.18892821669578552,0.0,0.0,0.753571629524231,0.09425447881221771,0.0,0.0,0.0,0.17390349507331848,0.0,0.0,0.18304210901260376,0.0,0.0,0.0,0.0,0.19585247337818146,0.0,0.0,0.0,0.18952888250350952,0.0,0.0,0.16341856122016907,0.9134615659713745,0.5938922166824341,0.38791513442993164,0.8307384848594666,0.9988486170768738,0.9918906092643738,0.9799332618713379,0.9999788403511047,0.025373248383402824,0.0030127582140266895,0.00012390963092911988,0.0016469177789986134,0.012305723503232002,6.2510944189853035e-06,1.2591060638555973e-08,9.910413791658357e-05,0.047097690403461456,0.009464566595852375,0.0021036553662270308,0.010822070762515068,0.40566486120224,0.9872391819953918,0.9476621747016907,0.6585232019424438,0.21799242496490479,1.6512646675109863,1.3394546508789062,2.7351529598236084,3.0045506954193115,2.905116081237793,3.0465095043182373,3.044677495956421,3.1152143478393555,2.785557508468628,3.084911584854126,27.077619552612305,3.1650185585021973
427,0.000494954758323729,0.0,0.0,0.0,0.002489121863618493,0.0,0.0,0.009995438158512115,0.0,0.0,0.0,0.0,0.04236443713307381,0.0,0.0,0.0,0.1890386939048767,0.0,0.0,0.7556173205375671,0.09344124794006348,0.0,0.0,0.0,0.17049738764762878,0.0,0.0,0.18688564002513885,0.0,0.0,0.0,0.0,0.1944926679134369,0.0,0.0,0.0,0.18955421447753906,0.0,0.0,0.16512882709503174,0.9153845906257629,0.595289409160614,0.38793009519577026,0.8323352932929993,0.9986864924430847,0.991237461566925,0.9797950387001038,0.9999823570251465,0.02554337866604328,0.0030108459759503603,0.00012370658805593848,0.0017239986918866634,0.01233941875398159,6.435965588025283e-06,1.2778144764524768e-08,9.045212209457532e-05,0.04677627235651016,0.009500959888100624,0.0021129499655216932,0.010875055566430092,0.4057808518409729,0.9870203137397766,0.9498358964920044,0.6638388633728027,0.218666210770607,1.648483395576477,1.34174382686615,3.0200724601745605,2.7808098793029785,2.6777570247650146,3.017307758331299,3.0672760009765625,3.2085862159729004,2.8176677227020264,3.1344316005706787,27.082969665527344,3.0977420806884766
428,0.00048566990881226957,0.0,0.0,0.0,0.0024999070446938276,0.0,0.0,0.009359538555145264,0.0,0.0,0.0,0.0,0.03815198689699173,0.0,0.0,0.0,0.1779487133026123,0.0,0.0,0.7715542316436768,0.09151818603277206,0.0,0.0,0.0,0.17018884420394897,0.0,0.0,0.18255600333213806,0.0,0.0,0.0,0.0,0.1909922957420349,0.0,0.0,0.0,0.19077564775943756,0.0,0.0,0.17396901547908783,0.9115384817123413,0.5953293442726135,0.3931211233139038,0.8329340815544128,0.9970648884773254,0.9913045167922974,0.9810392260551453,0.9999797940254211,0.026152286678552628,0.0030704534146934748,0.00012801634147763252,0.0018652931321412325,0.012630262412130833,6.192192813614383e-06,1.2235195079313144e-08,9.568715904606506e-05,0.04736153781414032,0.009643202647566795,0.002163511700928211,0.011494940146803856,0.4106082618236542,0.9876545667648315,0.960146427154541,0.6806343197822571,0.2474806159734726,1.6116777658462524,1.3150615692138672,3.222288131713867,2.6684882640838623,2.7361836433410645,3.144808769226074,3.150050163269043,3.2128548622131348,2.853170394897461,3.2719016075134277,27.087087631225586,3.4514505863189697
429,0.000474179454613477,0.0,0.0,0.0,0.0025702877901494503,0.0,0.0,0.009593489579856396,0.0,0.0,0.0,0.0,0.04217638075351715,0.0,0.0,0.0,0.19583089649677277,0.0,0.0,0.7493547797203064,0.09267570823431015,0.0,0.0,0.0,0.16790680587291718,0.0,0.0,0.18448767066001892,0.0,0.0,0.0,0.0,0.19516047835350037,0.0,0.0,0.0,0.1965707540512085,0.0,0.0,0.1631985753774643,0.9134615659713745,0.5931337475776672,0.39222973585128784,0.8497005701065063,0.9987087845802307,0.9913363456726074,0.9803820848464966,0.9999908804893494,0.025891797617077827,0.0030270633287727833,0.00012974158744327724,0.002120177261531353,0.012584093026816845,8.18494208942866e-06,1.2506609081697206e-08,0.0001291750668315217,0.046922486275434494,0.009560071863234043,0.002169187180697918,0.011508564464747906,0.40984970331192017,0.98736172914505,0.9659662246704102,0.6618905067443848,0.22150582075119019,1.622249722480774,1.3149974346160889,3.298677444458008,2.5843377113342285,2.6745386123657227,3.072680950164795,3.199821949005127,3.1943254470825195,3.0634002685546875,3.061894655227661,27.087905883789062,3.5715091228485107
430,0.000484777003293857,0.0,0.0,0.0,0.002893594326451421,0.0,0.0,0.010624248534440994,0.0,0.0,0.0,0.0,0.0448407381772995,0.0,0.0,0.0,0.2013043612241745,0.0,0.0,0.739852249622345,0.09289462864398956,0.0,0.0,0.0,0.16938187181949615,0.0,0.0,0.18903681635856628,0.0,0.0,0.0,0.0,0.19692015647888184,0.0,0.0,0.0,0.19474674761295319,0.0,0.0,0.15701977908611298,0.9115384817123413,0.5871856212615967,0.3875980079174042,0.8546906113624573,0.9982066750526428,0.9897080063819885,0.9785566329956055,0.9999893307685852,0.025340963155031204,0.002970809815451503,0.0001286677288589999,0.0024181162007153034,0.012604632414877415,7.139545687095961e-06,1.2068261057152085e-08,0.00013805106573272496,0.04630526155233383,0.00943818036466837,0.0021543283946812153,0.011326810345053673,0.40525656938552856,0.9859970211982727,0.9626560211181641,0.6503867506980896,0.20037318766117096,1.6405901908874512,1.326686978340149,3.0865468978881836,2.5571649074554443,2.7678515911102295,3.083773374557495,3.116657018661499,3.0803773403167725,3.1007769107818604,3.0781283378601074,27.091487884521484,3.457939863204956
431,0.0005440973327495158,0.0,0.0,0.0,0.0025361659936606884,0.0,0.0,0.010460426099598408,0.0,0.0,0.0,0.0,0.043221086263656616,0.0,0.0,0.0,0.20427873730659485,0.0,0.0,0.7389594912528992,0.09002251923084259,0.0,0.0,0.0,0.16910238564014435,0.0,0.0,0.1885409951210022,0.0,0.0,0.0,0.0,0.19785669445991516,0.0,0.0,0.0,0.19537858664989471,0.0,0.0,0.15909883379936218,0.8999999761581421,0.5815569162368774,0.3908589482307434,0.8544909954071045,0.9982339143753052,0.9906216263771057,0.9790762066841125,0.9999860525131226,0.025494234636425972,0.0029303566552698612,0.00012996187433600426,0.002505587413907051,0.012599646113812923,6.822014256613329e-06,1.1391327880971858e-08,0.00013971110456623137,0.046682946383953094,0.009374614804983139,0.002159766387194395,0.011587338522076607,0.40794286131858826,0.9864590764045715,0.965308427810669,0.6531895995140076,0.19331276416778564,1.6472893953323364,1.330661416053772,2.964219093322754,2.57236385345459,2.7209010124206543,3.199352502822876,2.9989006519317627,3.230776786804199,3.0269625186920166,3.0116677284240723,27.098695755004883,3.484956741333008
432,0.0005733304424211383,0.0,0.0,0.0,0.0030021413695067167,0.0,0.0,0.011516697704792023,0.0,0.0,0.0,0.0,0.046690620481967926,0.0,0.0,0.0,0.21132829785346985,0.0,0.0,0.72688889503479,0.09168703854084015,0.0,0.0,0.0,0.1694066971540451,0.0,0.0,0.19320553541183472,0.0,0.0,0.0,0.0,0.19773371517658234,0.0,0.0,0.0,0.1964063197374344,0.0,0.0,0.1515606939792633,0.9134615659713745,0.5721756815910339,0.38659676909446716,0.8500998020172119,0.9981275200843811,0.988755464553833,0.977030873298645,0.9999387264251709,0.02474357560276985,0.00285362359136343,0.00012780967517755926,0.002621949417516589,0.012277591973543167,7.721059773757588e-06,1.122335646641659e-08,0.0001419502223143354,0.04540128633379936,0.009120369330048561,0.0021199900656938553,0.011450431309640408,0.403403103351593,0.9849075675010681,0.9698148369789124,0.6352177262306213,0.14633506536483765,1.6804648637771606,1.3596034049987793,2.9263107776641846,2.4397521018981934,2.734779119491577,3.1650705337524414,2.822918653488159,3.0027763843536377,2.862461566925049,2.9218788146972656,27.101425170898438,3.408104658126831
433,0.0004945650580339134,0.0,0.0,0.0,0.0024968544021248817,0.0,0.0,0.010165237821638584,0.0,0.0,0.0,0.0,0.04551319777965546,0.0,0.0,0.0,0.19811388850212097,0.0,0.0,0.7432162761688232,0.08828707039356232,0.0,0.0,0.0,0.16368423402309418,0.0,0.0,0.19148162007331848,0.0,0.0,0.0,0.0,0.1986106038093567,0.0,0.0,0.0,0.19712015986442566,0.0,0.0,0.16081631183624268,0.9115384817123413,0.5778043866157532,0.39480650424957275,0.8588821887969971,0.9985644817352295,0.990185022354126,0.9799554944038391,0.9999895691871643,0.024883242323994637,0.0028619859367609024,0.00012962565233465284,0.0026850993745028973,0.01217139232903719,8.018214430194348e-06,1.1985408221448779e-08,0.00014821381773799658,0.045667607337236404,0.009149680845439434,0.002134585753083229,0.011393100954592228,0.4114573001861572,0.9868431687355042,0.9761128425598145,0.6521596312522888,0.2036527842283249,1.6644703149795532,1.3644750118255615,2.9731688499450684,2.5635759830474854,2.754956007003784,3.1225244998931885,2.8842127323150635,2.8662712574005127,2.7051029205322266,2.911119222640991,27.113147735595703,3.355243682861328
434,0.0005011939210817218,0.0,0.0,0.0,0.002373934257775545,0.0,0.0,0.01010055374354124,0.0,0.0,0.0,0.0,0.04190459102392197,0.0,0.0,0.0,0.19291548430919647,0.0,0.0,0.7522042393684387,0.08762844651937485,0.0,0.0,0.0,0.16117189824581146,0.0,0.0,0.19084303081035614,0.0,0.0,0.0,0.0,0.1944294422864914,0.0,0.0,0.0,0.1975133717060089,0.0,0.0,0.16841381788253784,0.9115384817123413,0.5821956396102905,0.3973408341407776,0.8459081649780273,0.9981349110603333,0.9890724420547485,0.9807448983192444,0.9999831914901733,0.025029191747307777,0.002906068693846464,0.00013065886741969734,0.00240050395950675,0.01219441369175911,7.702319635427557e-06,1.1971802216237393e-08,0.00013819389278069139,0.04613914340734482,0.009258049540221691,0.002157091861590743,0.011585364118218422,0.4139162302017212,0.9870241284370422,0.9768669605255127,0.6646305918693542,0.23926521837711334,1.6487230062484741,1.3551714420318604,3.038421392440796,2.650437116622925,2.8802883625030518,3.0204906463623047,2.916685104370117,2.882742404937744,2.6227920055389404,3.1058907508850098,27.11861801147461,3.3147366046905518
435,0.0004629391187336296,0.0,0.0,0.0,0.002336147241294384,0.0,0.0,0.009480129927396774,0.0,0.0,0.0,0.0,0.04052230343222618,0.0,0.0,0.0,0.19395312666893005,0.0,0.0,0.7532452940940857,0.08585571497678757,0.0,0.0,0.0,0.16125546395778656,0.0,0.0,0.1863667368888855,0.0,0.0,0.0,0.0,0.1945926696062088,0.0,0.0,0.0,0.20091210305690765,0.0,0.0,0.17101730406284332,0.9134615659713745,0.5857484936714172,0.4020399749279022,0.8395209312438965,0.9983060956001282,0.9892009496688843,0.9819424152374268,0.9999881386756897,0.025803033262491226,0.002951670903712511,0.00013249568291939795,0.0021216263994574547,0.012541485950350761,6.4666446633054875e-06,1.2073799737777335e-08,0.00011590625217650086,0.04700786992907524,0.009352046996355057,0.002177997026592493,0.011545770801603794,0.4184165596961975,0.9877206683158875,0.9719027280807495,0.6712655425071716,0.25325149297714233,1.6258654594421387,1.3387202024459839,2.8545517921447754,2.6939566135406494,2.8456647396087646,3.084580659866333,3.252929449081421,2.8974170684814453,2.678845167160034,3.3712210655212402,27.12609100341797,3.294776201248169
436,0.0004693073860835284,0.0,0.0,0.0,0.0022729013580828905,0.0,0.0,0.00891966838389635,0.0,0.0,0.0,0.0,0.03849375993013382,0.0,0.0,0.0,0.18650412559509277,0.0,0.0,0.7633402943611145,0.08650732040405273,0.0,0.0,0.0,0.16083280742168427,0.0,0.0,0.18458706140518188,0.0,0.0,0.0,0.0,0.1927575021982193,0.0,0.0,0.0,0.1995677649974823,0.0,0.0,0.17574754357337952,0.9153845906257629,0.5905788540840149,0.40289390087127686,0.8409181237220764,0.998441755771637,0.9908120632171631,0.982456386089325,0.9999892115592957,0.026332968845963478,0.0029744079802185297,0.00013063062215223908,0.002100736601278186,0.012710889801383018,6.18995454715332e-06,1.1518423548295686e-08,9.578985191183165e-05,0.04754622280597687,0.009441880509257317,0.0022086496464908123,0.011675961315631866,0.4195091724395752,0.9883378148078918,0.9653481841087341,0.6810042858123779,0.2956244945526123,1.613019585609436,1.3247408866882324,2.9065563678741455,2.8179080486297607,2.8137028217315674,3.0490975379943848,3.2851710319519043,3.04120135307312,2.778066635131836,3.474116086959839,27.128662109375,3.26426100730896
437,0.0004704372549895197,0.0,0.0,0.0,0.0023154844529926777,0.0,0.0,0.008564391173422337,0.0,0.0,0.0,0.0,0.036278873682022095,0.0,0.0,0.0,0.17308984696865082,0.0,0.0,0.779280960559845,0.08481661975383759,0.0,0.0,0.0,0.16312845051288605,0.0,0.0,0.18250460922718048,0.0,0.0,0.0,0.0,0.19446198642253876,0.0,0.0,0.0,0.1925460398197174,0.0,0.0,0.18254229426383972,0.9057692289352417,0.5883832573890686,0.40425220131874084,0.8425149321556091,0.9981839656829834,0.9903649091720581,0.9832161664962769,0.9999823570251465,0.02676745317876339,0.0030050009954720736,0.00013030070113018155,0.0021357648074626923,0.01251157931983471,7.414128958771471e-06,1.2758608392005044e-08,0.00011770738638006151,0.04793980345129967,0.009516766294836998,0.002207435667514801,0.011659824289381504,0.4206504821777344,0.9886494278907776,0.946696937084198,0.6925439834594727,0.3038462996482849,1.6059868335723877,1.3182612657546997,2.867875576019287,2.858809232711792,2.9326159954071045,3.0269253253936768,3.235291004180908,2.9249987602233887,2.8811392784118652,3.410555601119995,27.13249969482422,3.5104706287384033
438,0.0004302297020331025,0.0,0.0,0.0,0.0021796978544443846,0.0,0.0,0.008153444156050682,0.0,0.0,0.0,0.0,0.033565737307071686,0.0,0.0,0.0,0.1668662577867508,0.0,0.0,0.7888046503067017,0.08643549680709839,0.0,0.0,0.0,0.16125495731830597,0.0,0.0,0.18120136857032776,0.0,0.0,0.0,0.0,0.1914164423942566,0.0,0.0,0.0,0.19228340685367584,0.0,0.0,0.18740831315517426,0.9230769276618958,0.589381217956543,0.40542322397232056,0.8379241228103638,0.9984446167945862,0.991531252861023,0.9838547110557556,0.9999757409095764,0.026954639703035355,0.0030124830082058907,0.00013205208233557642,0.0021180480252951384,0.01280392799526453,7.120398095139535e-06,1.3033073287260777e-08,0.00012447375047486275,0.04817847162485123,0.009577682241797447,0.0022318344563245773,0.011928940191864967,0.42176395654678345,0.9892364740371704,0.9399240016937256,0.7026528120040894,0.3371088206768036,1.5896129608154297,1.3080980777740479,2.862231492996216,2.909027576446533,2.9360158443450928,3.246203660964966,3.0920188426971436,2.907876491546631,3.0338003635406494,3.3741352558135986,27.141023635864258,3.637275457382202
439,0.00042540859431028366,0.0,0.0,0.0,0.0024629614781588316,0.0,0.0,0.009207633323967457,0.0,0.0,0.0,0.0,0.037302035838365555,0.0,0.0,0.0,0.180795356631279,0.0,0.0,0.7698066830635071,0.08600243180990219,0.0,0.0,0.0,0.1644504815340042,0.0,0.0,0.18807752430438995,0.0,0.0,0.0,0.0,0.19463972747325897,0.0,0.0,0.0,0.18960660696029663,0.0,0.0,0.17722322046756744,0.9192307591438293,0.5781636834144592,0.39856430888175964,0.8457085490226746,0.9983437657356262,0.9899968504905701,0.9820740222930908,0.9999518394470215,0.026329535990953445,0.0029490040615200996,0.00012853622320108116,0.002381355734542012,0.012613625265657902,8.444283594144508e-06,1.4023064487389547e-08,0.00013982421660330147,0.047415804117918015,0.009393911808729172,0.002199807669967413,0.011555302888154984,0.41482555866241455,0.9879038333892822,0.93841552734375,0.6838252544403076,0.3112906217575073,1.6220648288726807,1.319403886795044,2.7160110473632812,2.881739377975464,2.824618339538574,3.2614974975585938,3.1208574771881104,2.9803202152252197,3.061002731323242,3.1378276348114014,27.138322830200195,3.636784553527832
440,0.00041677383705973625,0.0,0.0,0.0,0.0025794696994125843,0.0,0.0,0.00991588644683361,0.0,0.0,0.0,0.0,0.03950776159763336,0.0,0.0,0.0,0.1832832247018814,0.0,0.0,0.7642968893051147,0.08591300249099731,0.0,0.0,0.0,0.16727189719676971,0.0,0.0,0.1912822127342224,0.0,0.0,0.0,0.0,0.1960466206073761,0.0,0.0,0.0,0.18632322549819946,0.0,0.0,0.1731630563735962,0.9192307591438293,0.5712175965309143,0.3942796587944031,0.8590818047523499,0.9985182881355286,0.9884560108184814,0.9811488389968872,0.9999929666519165,0.02578890323638916,0.002885452937334776,0.00012500720913521945,0.0024629917461425066,0.012449180707335472,8.762636753090192e-06,1.4266168690824088e-08,0.00014117946557234973,0.04662252217531204,0.009262287057936192,0.002153819426894188,0.011252407915890217,0.41059666872024536,0.987087607383728,0.941470205783844,0.6743382215499878,0.27741119265556335,1.6506547927856445,1.3397974967956543,2.6865737438201904,2.7894234657287598,2.8163366317749023,3.1737608909606934,3.046396017074585,3.0064592361450195,2.8830103874206543,3.0554988384246826,27.13855743408203,3.4906201362609863
441,0.0003842793230433017,0.0,0.0,0.0,0.0022912484128028154,0.0,0.0,0.008932371623814106,0.0,0.0,0.0,0.0,0.039093706756830215,0.0,0.0,0.0,0.18111637234687805,0.0,0.0,0.7681820392608643,0.08635981380939484,0.0,0.0,0.0,0.1626955270767212,0.0,0.0,0.1894630789756775,0.0,0.0,0.0,0.0,0.19470423460006714,0.0,0.0,0.0,0.19084084033966064,0.0,0.0,0.1759365051984787,0.9288461804389954,0.5742514729499817,0.3987840414047241,0.8632734417915344,0.9986250996589661,0.9901733994483948,0.9828935861587524,0.9999966025352478,0.02539157122373581,0.002861673478037119,0.0001251667708856985,0.0025575796607881784,0.012181313708424568,7.336317139561288e-06,1.4999974595752974e-08,0.00014185093459673226,0.045926161110401154,0.009166048839688301,0.002156960079446435,0.011264173313975334,0.41501811146736145,0.9883918762207031,0.9534012079238892,0.6797870397567749,0.2582608461380005,1.6524547338485718,1.3461604118347168,2.679992198944092,2.795279026031494,2.875349998474121,3.07527232170105,3.020138740539551,2.9039111137390137,2.914170265197754,3.00244140625,27.131755828857422,3.4668867588043213
442,0.00042495105299167335,0.0,0.0,0.0,0.0025076698511838913,0.0,0.0,0.009805364534258842,0.0,0.0,0.0,0.0,0.04284362122416496,0.0,0.0,0.0,0.1903192549943924,0.0,0.0,0.7540991306304932,0.08831978589296341,0.0,0.0,0.0,0.1665412187576294,0.0,0.0,0.1909058392047882,0.0,0.0,0.0,0.0,0.19568531215190887,0.0,0.0,0.0,0.18952907621860504,0.0,0.0,0.16901876032352448,0.9173076748847961,0.5709381103515625,0.3935430943965912,0.8646706342697144,0.9980682134628296,0.9898379445075989,0.981073796749115,0.9999963641166687,0.024765463545918465,0.002796363551169634,0.00012313033221289515,0.0024973691906780005,0.011726503260433674,6.8353942879184615e-06,1.7481742276004297e-08,0.00013437500456348062,0.04464072734117508,0.008970004506409168,0.0021254029124975204,0.011012386530637741,0.40995872020721436,0.9872617721557617,0.9496769309043884,0.664764404296875,0.19249047338962555,1.684633493423462,1.3697868585586548,2.543978214263916,2.706342935562134,2.828019857406616,2.9182395935058594,3.12197208404541,2.7500972747802734,2.805445909500122,2.9587931632995605,27.127471923828125,3.3517379760742188
443,0.0004114807234145701,0.0,0.0,0.0,0.0023597325198352337,0.0,0.0,0.008852277882397175,0.0,0.0,0.0,0.0,0.04015794023871422,0.0,0.0,0.0,0.18979954719543457,0.0,0.0,0.7584190368652344,0.08638490736484528,0.0,0.0,0.0,0.16293452680110931,0.0,0.0,0.18847616016864777,0.0,0.0,0.0,0.0,0.19537590444087982,0.0,0.0,0.0,0.19298608601093292,0.0,0.0,0.1738424152135849,0.9096153974533081,0.5738922357559204,0.39968541264533997,0.8656686544418335,0.9981849193572998,0.989517867565155,0.9831966757774353,0.9999960660934448,0.024804258719086647,0.0028405585326254368,0.00012548745144158602,0.0023659684229642153,0.011908655054867268,6.537723493238445e-06,1.7152718356783225e-08,0.00013001466868445277,0.044683605432510376,0.009067263454198837,0.0021489434875547886,0.011075427755713463,0.4158393144607544,0.9883763194084167,0.9550467133522034,0.6760944724082947,0.2366192489862442,1.658718466758728,1.3572794198989868,2.5532004833221436,2.7979578971862793,3.0558674335479736,2.8257124423980713,3.23952317237854,2.7227797508239746,2.770977020263672,3.02646541595459,27.133848190307617,3.396195411682129
444,0.00040761189302429557,0.0,0.0,0.0,0.0023321514017879963,0.0,0.0,0.008745678700506687,0.0,0.0,0.0,0.0,0.041232336312532425,0.0,0.0,0.0,0.20067375898361206,0.0,0.0,0.7466084957122803,0.08320996910333633,0.0,0.0,0.0,0.16511209309101105,0.0,0.0,0.1891551911830902,0.0,0.0,0.0,0.0,0.19917263090610504,0.0,0.0,0.0,0.19406983256340027,0.0,0.0,0.1692802757024765,0.9115384817123413,0.5801995992660522,0.3996604382991791,0.8552893996238708,0.9983517527580261,0.9903802275657654,0.9831597208976746,0.9999897480010986,0.02484302595257759,0.002858638996258378,0.0001282009034184739,0.002226353157311678,0.011914188973605633,5.892954504815862e-06,1.886312972487758e-08,0.00011164138413732871,0.04437877982854843,0.009058631025254726,0.0021678085904568434,0.011078785173594952,0.4160643219947815,0.9885143041610718,0.9488474130630493,0.6711233854293823,0.25168856978416443,1.6605048179626465,1.348604440689087,2.5162835121154785,2.7366175651550293,3.1375157833099365,2.7186365127563477,3.494601249694824,2.798696517944336,2.9546492099761963,3.071856737136841,27.139379501342773,3.248181104660034
445,0.00041524964035488665,0.0,0.0,0.0,0.0025024469941854477,0.0,0.0,0.009233466349542141,0.0,0.0,0.0,0.0,0.042068950831890106,0.0,0.0,0.0,0.19762814044952393,0.0,0.0,0.7481516599655151,0.08324622362852097,0.0,0.0,0.0,0.1682126820087433,0.0,0.0,0.18894340097904205,0.0,0.0,0.0,0.0,0.19940294325351715,0.0,0.0,0.0,0.19100266695022583,0.0,0.0,0.1691920906305313,0.9153845906257629,0.5776846408843994,0.3970586955547333,0.8576846122741699,0.9972896575927734,0.9899417161941528,0.9822419881820679,0.9999906420707703,0.024493927136063576,0.00286307604983449,0.00012886447075288743,0.002055336022749543,0.011845074594020844,6.1467558225558605e-06,1.8518182542948125e-08,0.00011087529128417373,0.044016480445861816,0.009004197083413601,0.0021704784594476223,0.01096484623849392,0.413533478975296,0.9878485202789307,0.9426578879356384,0.6708237528800964,0.269551157951355,1.6694624423980713,1.3563799858093262,2.5823075771331787,2.5937893390655518,3.097778081893921,2.6979665756225586,3.394608974456787,2.84667706489563,2.939936876296997,3.049999952316284,27.140911102294922,3.2235023975372314
446,0.00041518895886838436,0.0,0.0,0.0,0.0024606119841337204,0.0,0.0,0.009039168246090412,0.0,0.0,0.0,0.0,0.041274357587099075,0.0,0.0,0.0,0.19477838277816772,0.0,0.0,0.7520323991775513,0.08127542585134506,0.0,0.0,0.0,0.17043200135231018,0.0,0.0,0.18790802359580994,0.0,0.0,0.0,0.0,0.20011110603809357,0.0,0.0,0.0,0.190164715051651,0.0,0.0,0.17010872066020966,0.9211538434028625,0.5816766619682312,0.3974382281303406,0.8620758056640625,0.9975817203521729,0.9908309578895569,0.9823426604270935,0.9999935030937195,0.02438957616686821,0.0028616858180612326,0.00012914722901768982,0.001894936547614634,0.01201212964951992,5.417240572569426e-06,1.823330109118615e-08,0.00010484059748705477,0.04411448910832405,0.009017478674650192,0.002170426305383444,0.01096140593290329,0.4141760468482971,0.9880846738815308,0.9445689916610718,0.6751313805580139,0.28504759073257446,1.6705429553985596,1.3570961952209473,2.7099480628967285,2.510836124420166,3.1109519004821777,2.5493922233581543,3.425041675567627,2.8845064640045166,2.919145107269287,3.0885446071624756,27.141721725463867,3.2109334468841553
447,0.0004357269499450922,0.0,0.0,0.0,0.002363726729527116,0.0,0.0,0.00856074970215559,0.0,0.0,0.0,0.0,0.039663009345531464,0.0,0.0,0.0,0.1906610131263733,0.0,0.0,0.7583157420158386,0.08068148046731949,0.0,0.0,0.0,0.1709601879119873,0.0,0.0,0.1838737577199936,0.0,0.0,0.0,0.0,0.1997770220041275,0.0,0.0,0.0,0.1904906928539276,0.0,0.0,0.1742168515920639,0.9307692050933838,0.5777644515037537,0.40064170956611633,0.8646706342697144,0.9987674355506897,0.9904446005821228,0.9833953976631165,0.9999942183494568,0.024174969643354416,0.002839210908859968,0.00012876548862550408,0.001895285677164793,0.011827489361166954,5.7780180213740095e-06,1.886369993542303e-08,0.00010199380631092936,0.04368741810321808,0.008976866491138935,0.0021705334074795246,0.010944269597530365,0.4169667065143585,0.9886394739151001,0.948020339012146,0.6810262799263,0.27572691440582275,1.6675395965576172,1.3651947975158691,2.575193166732788,2.694520950317383,3.184619188308716,2.507814884185791,3.5147972106933594,2.731611490249634,2.7610020637512207,2.9697322845458984,27.151397705078125,3.230776071548462
448,0.0004034253943245858,0.0,0.0,0.0,0.0021213821601122618,0.0,0.0,0.008211412467062473,0.0,0.0,0.0,0.0,0.03892691433429718,0.0,0.0,0.0,0.18870016932487488,0.0,0.0,0.7616366147994995,0.08131933212280273,0.0,0.0,0.0,0.16836382448673248,0.0,0.0,0.18292613327503204,0.0,0.0,0.0,0.0,0.19743512570858002,0.0,0.0,0.0,0.19470272958278656,0.0,0.0,0.17525285482406616,0.9307692050933838,0.5823153853416443,0.4031960070133209,0.8612774014472961,0.9986569285392761,0.9908885359764099,0.9843461513519287,0.9999929070472717,0.024256594479084015,0.0028166542761027813,0.0001288570638280362,0.0018982565961778164,0.011847526766359806,5.560980298469076e-06,1.7559582232706816e-08,0.00010935765749309212,0.04357003793120384,0.008897943422198296,0.0021613752469420433,0.011056758463382721,0.4195648431777954,0.9892635941505432,0.9534938931465149,0.6848766207695007,0.2702406346797943,1.6698803901672363,1.3759132623672485,2.6383023262023926,2.580303192138672,3.0448758602142334,2.5375137329101562,3.3745718002319336,2.7079367637634277,2.8461148738861084,2.8536581993103027,27.15700340270996,3.248938798904419
449,0.00039274943992495537,0.0,0.0,0.0,0.0020780146587640047,0.0,0.0,0.007994215004146099,0.0,0.0,0.0,0.0,0.03666266053915024,0.0,0.0,0.0,0.18492057919502258,0.0,0.0,0.7679517865180969,0.08458248525857925,0.0,0.0,0.0,0.16897669434547424,0.0,0.0,0.17684344947338104,0.0,0.0,0.0,0.0,0.19600041210651398,0.0,0.0,0.0,0.19373798370361328,0.0,0.0,0.1798589825630188,0.9230769276618958,0.5839920043945312,0.40468665957450867,0.8652694225311279,0.9986513257026672,0.9917322993278503,0.9845331311225891,0.9999922513961792,0.024138163775205612,0.0028053149580955505,0.00013085271348245442,0.0021026036702096462,0.011930975131690502,5.309805146680446e-06,1.7590625844832175e-08,0.0001274632231798023,0.04380814731121063,0.008901555091142654,0.0021767732687294483,0.011154575273394585,0.42108428478240967,0.9895349144935608,0.9542925357818604,0.6901041269302368,0.24268032610416412,1.661261796951294,1.371315836906433,2.620481252670288,2.6581523418426514,3.1204895973205566,2.6608173847198486,3.3553268909454346,2.683291435241699,2.7800323963165283,2.75307035446167,27.16326141357422,3.3506786823272705
450,0.0004052701697219163,0.0,0.0,0.0,0.0019596402999013662,0.0,0.0,0.008133567869663239,0.0,0.0,0.0,0.0,0.035854969173669815,0.0,0.0,0.0,0.18114322423934937,0.0,0.0,0.7725033164024353,0.08588745445013046,0.0,0.0,0.0,0.16756492853164673,0.0,0.0,0.1801258623600006,0.0,0.0,0.0,0.0,0.19471336901187897,0.0,0.0,0.0,0.1903873085975647,0.0,0.0,0.18132109940052032,0.9211538434028625,0.5843912363052368,0.40223222970962524,0.8670658469200134,0.9986625909805298,0.9913866519927979,0.9846118092536926,0.9999908804893494,0.02432132139801979,0.0028156551998108625,0.00012993610289413482,0.0022335853427648544,0.012045204639434814,5.1648958105943166e-06,1.7469250934709635e-08,0.00012974579294677824,0.043496839702129364,0.008974079042673111,0.0021907035261392593,0.01128101535141468,0.4188457131385803,0.9895012378692627,0.952876627445221,0.6938331127166748,0.2494974136352539,1.6546036005020142,1.3566241264343262,2.6958444118499756,2.843379497528076,3.2933785915374756,2.531087875366211,3.291578531265259,2.638016700744629,2.802227020263672,2.7922751903533936,27.160503387451172,3.565065860748291
451,0.00039481130079366267,0.0,0.0,0.0,0.002010817639529705,0.0,0.0,0.008178483694791794,0.0,0.0,0.0,0.0,0.03532128036022186,0.0,0.0,0.0,0.18363361060619354,0.0,0.0,0.7704609632492065,0.0847611278295517,0.0,0.0,0.0,0.16790050268173218,0.0,0.0,0.17989271879196167,0.0,0.0,0.0,0.0,0.1919790506362915,0.0,0.0,0.0,0.19489005208015442,0.0,0.0,0.18057654798030853,0.9153845906257629,0.5827544927597046,0.4031386077404022,0.871257483959198,0.9970312118530273,0.9915119409561157,0.9845332503318787,0.9999908208847046,0.024218179285526276,0.0027875916566699743,0.0001302964665228501,0.0024330210871994495,0.011985212564468384,4.8843476179172285e-06,1.733799237513267e-08,0.0001273992093047127,0.04329628497362137,0.008915672078728676,0.002189178951084614,0.011172132566571236,0.4196344316005707,0.98941570520401,0.9498283267021179,0.6923920512199402,0.21922403573989868,1.6523433923721313,1.361331820487976,3.013873338699341,2.790186643600464,3.2915666103363037,2.5960729122161865,3.1363284587860107,2.6755659580230713,2.7142343521118164,2.679948329925537,27.160011291503906,3.3931362628936768
452,0.0003830005007330328,0.0,0.0,0.0,0.0018963611219078302,0.0,0.0,0.008012433536350727,0.0,0.0,0.0,0.0,0.03661506250500679,0.0,0.0,0.0,0.19103914499282837,0.0,0.0,0.762053906917572,0.0860777422785759,0.0,0.0,0.0,0.16583417356014252,0.0,0.0,0.17939865589141846,0.0,0.0,0.0,0.0,0.1919221431016922,0.0,0.0,0.0,0.19904929399490356,0.0,0.0,0.17771799862384796,0.9057692289352417,0.5833532810211182,0.4044020175933838,0.8622754216194153,0.9967101812362671,0.9914936423301697,0.9851289987564087,0.9999096989631653,0.024135449901223183,0.002799241803586483,0.00012973789125680923,0.002568946685642004,0.011823060922324657,4.7340199671452865e-06,1.6988165540965383e-08,0.0001330365485046059,0.04305892437696457,0.008955900557339191,0.002207888290286064,0.011222646571695805,0.42072704434394836,0.9897080063819885,0.9512808322906494,0.6891686320304871,0.22864747047424316,1.6406303644180298,1.3530231714248657,3.0449254512786865,2.824636220932007,3.401104688644409,2.5088186264038086,3.126885175704956,2.5657360553741455,2.990403652191162,2.6665968894958496,27.15601348876953,3.4300737380981445
453,0.00038719462463632226,0.0,0.0,0.0,0.0019934691954404116,0.0,0.0,0.007999089546501637,0.0,0.0,0.0,0.0,0.03761986270546913,0.0,0.0,0.0,0.1906043440103531,0.0,0.0,0.761396050453186,0.08446738868951797,0.0,0.0,0.0,0.1691354215145111,0.0,0.0,0.17806681990623474,0.0,0.0,0.0,0.0,0.1922711580991745,0.0,0.0,0.0,0.19844695925712585,0.0,0.0,0.17761225998401642,0.8942307829856873,0.5838722586631775,0.40427467226982117,0.8556885719299316,0.9975013732910156,0.9914376139640808,0.9849408864974976,0.999963104724884,0.02413973957300186,0.0027930536307394505,0.00012941037130076438,0.0025899093598127365,0.011835204437375069,5.542079634324182e-06,1.7492920889594643e-08,0.0001341625611530617,0.042896568775177,0.008942794054746628,0.002217293716967106,0.011454537510871887,0.4205484092235565,0.9896200895309448,0.9561240673065186,0.6876850128173828,0.18993490934371948,1.6380492448806763,1.3497097492218018,2.978224992752075,3.023881435394287,3.232274293899536,2.5323996543884277,3.133782148361206,2.674074172973633,3.0573885440826416,2.7276411056518555,27.155364990234375,3.2895560264587402
454,0.0004095846670679748,0.0,0.0,0.0,0.0020592608489096165,0.0,0.0,0.00852918066084385,0.0,0.0,0.0,0.0,0.03992766514420509,0.0,0.0,0.0,0.19158750772476196,0.0,0.0,0.7574868202209473,0.08678776770830154,0.0,0.0,0.0,0.1649600863456726,0.0,0.0,0.18036317825317383,0.0,0.0,0.0,0.0,0.19306688010692596,0.0,0.0,0.0,0.1983904093503952,0.0,0.0,0.17643167078495026,0.8884615302085876,0.5785229802131653,0.4044269919395447,0.839920163154602,0.9971874952316284,0.9902706742286682,0.9843825697898865,0.9997523427009583,0.023862788453698158,0.002796703716740012,0.00013176533684600145,0.0025052418932318687,0.01178857684135437,5.621271611744305e-06,1.6717214279537984e-08,0.00013644970022141933,0.04261017590761185,0.008907342329621315,0.002244359813630581,0.011728101409971714,0.420188844203949,0.9890018701553345,0.9569924473762512,0.6818107962608337,0.18913288414478302,1.6290591955184937,1.3469958305358887,3.0933640003204346,2.946247100830078,3.348518133163452,2.4188332557678223,2.93349289894104,2.7567291259765625,3.0439810752868652,2.818197727203369,27.161890029907227,3.3901214599609375
455,0.00043691039900295436,0.0,0.0,0.0,0.0022283238358795643,0.0,0.0,0.008815969340503216,0.0,0.0,0.0,0.0,0.044107675552368164,0.0,0.0,0.0,0.20979872345924377,0.0,0.0,0.7346124053001404,0.08890435844659805,0.0,0.0,0.0,0.16841471195220947,0.0,0.0,0.1784452199935913,0.0,0.0,0.0,0.0,0.1952233612537384,0.0,0.0,0.0,0.19825226068496704,0.0,0.0,0.17076008021831512,0.8980769515037537,0.5733732581138611,0.40180277824401855,0.8379241228103638,0.9974457621574402,0.9894936680793762,0.9838043451309204,0.999760091304779,0.02375827729701996,0.0027868621982634068,0.00013282393047120422,0.0025204229168593884,0.01187104731798172,6.41550104774069e-06,1.6184500850613404e-08,0.00014847138663753867,0.04276302456855774,0.008918301202356815,0.0022632679902017117,0.011786919087171555,0.41743993759155273,0.9885186553001404,0.9462085962295532,0.6680647730827332,0.22430017590522766,1.6316359043121338,1.336918592453003,2.795236349105835,2.992530584335327,3.59270977973938,2.440114736557007,2.8282248973846436,3.2152273654937744,3.284334182739258,2.7115049362182617,27.155845642089844,3.220459222793579
456,0.00046313696657307446,0.0,0.0,0.0,0.002219644607976079,0.0,0.0,0.008971147239208221,0.0,0.0,0.0,0.0,0.04564739391207695,0.0,0.0,0.0,0.21673880517482758,0.0,0.0,0.725959837436676,0.09137718379497528,0.0,0.0,0.0,0.1684582531452179,0.0,0.0,0.17918267846107483,0.0,0.0,0.0,0.0,0.19468294084072113,0.0,0.0,0.0,0.1983957290649414,0.0,0.0,0.16790321469306946,0.8980769515037537,0.5734131932258606,0.39904120564460754,0.8481037616729736,0.9975451231002808,0.9895487427711487,0.9834323525428772,0.9999523162841797,0.023551777005195618,0.0027671032585203648,0.00013039262557867914,0.002452429383993149,0.011707316152751446,6.877532541693654e-06,1.7021651643744917e-08,0.00014219475269783288,0.04221222177147865,0.008835569024085999,0.0022490450646728277,0.011747606098651886,0.4149949252605438,0.9883459210395813,0.9468438029289246,0.6654654145240784,0.23028352856636047,1.6444215774536133,1.3461235761642456,2.5875113010406494,2.9753427505493164,3.503582239151001,2.4474825859069824,2.823169469833374,3.1625359058380127,3.2010586261749268,2.8139281272888184,27.15569305419922,3.265509843826294
457,0.00048357597552239895,0.0,0.0,0.0,0.002397173549979925,0.0,0.0,0.009347116574645042,0.0,0.0,0.0,0.0,0.04669635742902756,0.0,0.0,0.0,0.21599727869033813,0.0,0.0,0.7250784635543823,0.09305388480424881,0.0,0.0,0.0,0.17111416161060333,0.0,0.0,0.18024957180023193,0.0,0.0,0.0,0.0,0.19399188458919525,0.0,0.0,0.0,0.194026380777359,0.0,0.0,0.16756410896778107,0.9019230604171753,0.5683034062385559,0.39494383335113525,0.8538922071456909,0.9978413581848145,0.987968921661377,0.9829792976379395,0.9999650716781616,0.02294493094086647,0.0027282387018203735,0.00012862044968642294,0.0024173054844141006,0.011320252902805805,6.514252163469791e-06,1.709026520302359e-08,0.00013773447426501662,0.04137776046991348,0.00868537463247776,0.0022319662384688854,0.011585806496441364,0.41096317768096924,0.9877718687057495,0.9493592977523804,0.663455069065094,0.23616892099380493,1.6649892330169678,1.3677116632461548,2.565896511077881,3.0088038444519043,3.34805965423584,2.4144372940063477,2.7166218757629395,3.0822081565856934,2.982070207595825,2.7872767448425293,27.1594295501709,3.1856489181518555
458,0.0005160915316082537,0.0,0.0,0.0,0.0023728085216134787,0.0,0.0,0.008828483521938324,0.0,0.0,0.0,0.0,0.04247668385505676,0.0,0.0,0.0,0.1915547102689743,0.0,0.0,0.7542511820793152,0.09423714131116867,0.0,0.0,0.0,0.16863340139389038,0.0,0.0,0.179329976439476,0.0,0.0,0.0,0.0,0.19193945825099945,0.0,0.0,0.0,0.1924474835395813,0.0,0.0,0.1734125316143036,0.8961538672447205,0.5746107697486877,0.3962796628475189,0.8592814207077026,0.997205913066864,0.9890983700752258,0.9835405349731445,0.9999741911888123,0.022826120257377625,0.0027118236757814884,0.00012822597636841238,0.002487892983481288,0.011312632821500301,6.782965101592708e-06,1.7158100718006608e-08,0.00013460345508065075,0.04155810549855232,0.008689535781741142,0.002234390936791897,0.011220590211451054,0.4126264452934265,0.9882823824882507,0.946487307548523,0.6777434945106506,0.26183855533599854,1.6611111164093018,1.3712928295135498,2.4590721130371094,2.8512682914733887,3.297409772872925,2.3703296184539795,2.795192003250122,3.2638089656829834,2.940077066421509,2.761319160461426,27.154783248901367,3.2438011169433594
459,0.000500591704621911,0.0,0.0,0.0,0.0024039268027991056,0.0,0.0,0.008347645401954651,0.0,0.0,0.0,0.0,0.03875663876533508,0.0,0.0,0.0,0.17395737767219543,0.0,0.0,0.7760338187217712,0.09390012919902802,0.0,0.0,0.0,0.17122411727905273,0.0,0.0,0.17575229704380035,0.0,0.0,0.0,0.0,0.18989187479019165,0.0,0.0,0.0,0.1865333765745163,0.0,0.0,0.18269822001457214,0.8884615302085876,0.5740917921066284,0.39734333753585815,0.8624750375747681,0.9972219467163086,0.989565372467041,0.9842020273208618,0.9999809861183167,0.023083772510290146,0.0027172304689884186,0.00012743950355798006,0.002451652195304632,0.011388899758458138,5.939118182141101e-06,1.708001917677393e-08,0.00013923017831984907,0.0416719913482666,0.008705053478479385,0.002235924592241645,0.011063004843890667,0.41361233592033386,0.9887475967407227,0.9469195008277893,0.695209264755249,0.29513049125671387,1.6531298160552979,1.3677287101745605,2.260349750518799,2.850032091140747,3.260457992553711,2.5076847076416016,3.0255813598632812,3.2784976959228516,2.716583013534546,2.7083566188812256,27.1497859954834,3.496001720428467
460,0.0005083691794425249,0.0,0.0,0.0,0.0024985531345009804,0.0,0.0,0.009353226982057095,0.0,0.0,0.0,0.0,0.038811348378658295,0.0,0.0,0.0,0.1771089881658554,0.0,0.0,0.7717195153236389,0.09335912764072418,0.0,0.0,0.0,0.17315055429935455,0.0,0.0,0.17808596789836884,0.0,0.0,0.0,0.0,0.18898843228816986,0.0,0.0,0.0,0.18547970056533813,0.0,0.0,0.18093623220920563,0.8846153616905212,0.571257472038269,0.39459428191185,0.8630738258361816,0.9957360029220581,0.9886031746864319,0.9827126264572144,0.9999936819076538,0.023140229284763336,0.0027217997703701258,0.00012775204959325492,0.002417827257886529,0.011331752873957157,5.7371039474674035e-06,1.7665854556980776e-08,0.00012816325761377811,0.04152827337384224,0.008708437904715538,0.0022326812613755465,0.01062103919684887,0.4108959138393402,0.9876396059989929,0.9421038031578064,0.690587043762207,0.29593509435653687,1.6503459215164185,1.3645451068878174,2.2179818153381348,3.081603527069092,3.2435829639434814,2.431420087814331,2.945513963699341,3.2305567264556885,2.7535400390625,2.7495222091674805,27.147966384887695,3.5534822940826416
461,0.0005112247890792787,0.0,0.0,0.0,0.002577736973762512,0.0,0.0,0.00973243173211813,0.0,0.0,0.0,0.0,0.03837398812174797,0.0,0.0,0.0,0.17740541696548462,0.0,0.0,0.7713992595672607,0.09327186644077301,0.0,0.0,0.0,0.1726631075143814,0.0,0.0,0.17901578545570374,0.0,0.0,0.0,0.0,0.18987832963466644,0.0,0.0,0.0,0.1848732978105545,0.0,0.0,0.1802976131439209,0.8807692527770996,0.5678243637084961,0.3947390913963318,0.8640718460083008,0.9957278966903687,0.9875694513320923,0.9822768568992615,0.9999905824661255,0.023037917912006378,0.0027163175400346518,0.00012815307127311826,0.002420033561065793,0.01126814354211092,6.358263817674015e-06,1.836862040249798e-08,0.00012177664029877633,0.04127658158540726,0.008676578290760517,0.0022368384525179863,0.010720761492848396,0.41083791851997375,0.987178385257721,0.9362198710441589,0.691282331943512,0.31746238470077515,1.6440393924713135,1.367363691329956,2.1685407161712646,2.9309799671173096,3.2281858921051025,2.464017868041992,3.10317325592041,3.252002000808716,2.554189443588257,2.844966173171997,27.148418426513672,3.5798633098602295
462,0.0005407278658822179,0.0,0.0,0.0,0.002512773498892784,0.0,0.0,0.009180668741464615,0.0,0.0,0.0,0.0,0.03969324380159378,0.0,0.0,0.0,0.17830947041511536,0.0,0.0,0.769763171672821,0.09315092861652374,0.0,0.0,0.0,0.17015522718429565,0.0,0.0,0.179311141371727,0.0,0.0,0.0,0.0,0.19233685731887817,0.0,0.0,0.0,0.1873108148574829,0.0,0.0,0.17773503065109253,0.8980769515037537,0.5708582997322083,0.3964919149875641,0.8622754216194153,0.9978257417678833,0.9884212613105774,0.9828991293907166,0.9999862313270569,0.02285056747496128,0.002701979596167803,0.00013180894893594086,0.0024525390472263098,0.011128800921142101,6.3198053794621956e-06,1.8236478993571836e-08,0.00011986573372269049,0.04072341322898865,0.008634860627353191,0.00223355321213603,0.010733077302575111,0.4126426875591278,0.9877656102180481,0.9417961835861206,0.6886100769042969,0.3275061249732971,1.655842661857605,1.3725281953811646,2.3777477741241455,2.79215145111084,3.243001937866211,2.4080686569213867,2.9696176052093506,3.1212007999420166,2.6599230766296387,2.9274001121520996,27.147138595581055,3.442704677581787
463,0.0005398474750109017,0.0,0.0,0.0,0.0025510762352496386,0.0,0.0,0.008944304659962654,0.0,0.0,0.0,0.0,0.03762255236506462,0.0,0.0,0.0,0.17046034336090088,0.0,0.0,0.7798818945884705,0.09352290630340576,0.0,0.0,0.0,0.1698303520679474,0.0,0.0,0.17726343870162964,0.0,0.0,0.0,0.0,0.19031599164009094,0.0,0.0,0.0,0.18474352359771729,0.0,0.0,0.18432378768920898,0.9057692289352417,0.5752894282341003,0.3979875445365906,0.8594810366630554,0.9969053864479065,0.9888796210289001,0.9831573963165283,0.9999880790710449,0.022817187011241913,0.0027239476330578327,0.00013231841148808599,0.0022266125306487083,0.011020088568329811,6.9353709477582015e-06,1.7338921409759678e-08,0.00011026556603610516,0.04058577120304108,0.00867648608982563,0.0022306207101792097,0.010799147188663483,0.41426652669906616,0.9879646301269531,0.9476804733276367,0.697231113910675,0.31605127453804016,1.6568249464035034,1.3743467330932617,2.45661997795105,2.7155675888061523,3.5035784244537354,2.5325920581817627,2.944187641143799,2.984743356704712,2.6155009269714355,2.7906687259674072,27.130224227905273,3.3240416049957275
464,0.0004881660279352218,0.0,0.0,0.0,0.0022898497991263866,0.0,0.0,0.008429108187556267,0.0,0.0,0.0,0.0,0.0382961630821228,0.0,0.0,0.0,0.17214977741241455,0.0,0.0,0.7783469557762146,0.09369723498821259,0.0,0.0,0.0,0.1679420918226242,0.0,0.0,0.17671288549900055,0.0,0.0,0.0,0.0,0.1909153312444687,0.0,0.0,0.0,0.18785494565963745,0.0,0.0,0.18287751078605652,0.9057692289352417,0.5745708346366882,0.3998127579689026,0.8606786131858826,0.9969466924667358,0.9896566867828369,0.9843109846115112,0.999993622303009,0.023054376244544983,0.0027350718155503273,0.00013265464804135263,0.0020556198433041573,0.011195322498679161,6.3405332184629515e-06,1.603553378970446e-08,0.00011479379463708028,0.04061126336455345,0.008669164963066578,0.0022258441895246506,0.010921252891421318,0.41593441367149353,0.9887925982475281,0.9470721483230591,0.6951211094856262,0.3071097135543823,1.6510130167007446,1.37434983253479,2.4576244354248047,2.8724067211151123,3.345578908920288,2.615466594696045,3.035130262374878,2.9150192737579346,2.640918493270874,2.717233657836914,27.13576889038086,3.2617900371551514
465,0.00046149687841534615,0.0,0.0,0.0,0.0020137690007686615,0.0,0.0,0.006926520261913538,0.0,0.0,0.0,0.0,0.034771159291267395,0.0,0.0,0.0,0.16251224279403687,0.0,0.0,0.7933147549629211,0.0924285501241684,0.0,0.0,0.0,0.16611641645431519,0.0,0.0,0.16759800910949707,0.0,0.0,0.0,0.0,0.18775136768817902,0.0,0.0,0.0,0.19166363775730133,0.0,0.0,0.1944420039653778,0.9153845906257629,0.5827944278717041,0.40903371572494507,0.8606786131858826,0.9971848130226135,0.9913905262947083,0.9868295192718506,0.9999930262565613,0.02329385280609131,0.0027881083078682423,0.00013244386354926974,0.0020878338254988194,0.011401673778891563,6.728786502208095e-06,1.6469783759021084e-08,0.00012051677913405001,0.04126828536391258,0.008832182735204697,0.0022569969296455383,0.01104391273111105,0.4249907433986664,0.9905981421470642,0.9524736404418945,0.7145320773124695,0.33245354890823364,1.615554928779602,1.359729528427124,2.6949191093444824,2.8443233966827393,3.3536179065704346,2.8054826259613037,2.975625514984131,3.015777111053467,2.6402671337127686,2.7369070053100586,27.12415885925293,3.2309088706970215
466,0.0004643126158043742,0.0,0.0,0.0,0.001996512757614255,0.0,0.0,0.007220575585961342,0.0,0.0,0.0,0.0,0.036836978048086166,0.0,0.0,0.0,0.17115755379199982,0.0,0.0,0.7823241353034973,0.09009404480457306,0.0,0.0,0.0,0.16647349298000336,0.0,0.0,0.16738194227218628,0.0,0.0,0.0,0.0,0.19038787484169006,0.0,0.0,0.0,0.19683793187141418,0.0,0.0,0.18882469832897186,0.9057692289352417,0.5788423418998718,0.4111960232257843,0.8449101448059082,0.9966101050376892,0.9905059337615967,0.9866819977760315,0.9999681115150452,0.023100582882761955,0.0027771193999797106,0.00013296661200001836,0.002145233564078808,0.01135075744241476,5.957692337688059e-06,1.784950853789269e-08,0.00011926942534046248,0.04109673574566841,0.008755983784794807,0.00224488927051425,0.011192506179213524,0.4265751242637634,0.9903184771537781,0.9596365690231323,0.7066065073013306,0.34816792607307434,1.6261494159698486,1.3690367937088013,2.6219635009765625,2.953657627105713,3.1474521160125732,2.723778009414673,2.906575918197632,3.005128860473633,2.6924126148223877,2.6518490314483643,27.127037048339844,3.304572105407715
467,0.0003765186993405223,0.0,0.0,0.0,0.0019679213874042034,0.0,0.0,0.006335119716823101,0.0,0.0,0.0,0.0,0.036613963544368744,0.0,0.0,0.0,0.17651979625225067,0.0,0.0,0.7781866788864136,0.08813699334859848,0.0,0.0,0.0,0.16877835988998413,0.0,0.0,0.16269542276859283,0.0,0.0,0.0,0.0,0.19178207218647003,0.0,0.0,0.0,0.19838811457157135,0.0,0.0,0.19021904468536377,0.9211538434028625,0.5857884287834167,0.41425469517707825,0.8441117405891418,0.9984156489372253,0.9919872879981995,0.9878023862838745,0.9999700784683228,0.02305000089108944,0.0027827746234834194,0.00013181022950448096,0.0022060549817979336,0.011431707069277763,5.803894055134151e-06,1.650936809483028e-08,0.00012434132804628462,0.041321128606796265,0.008811157196760178,0.002247527241706848,0.01128300279378891,0.42982974648475647,0.9913204312324524,0.9647883176803589,0.7091978192329407,0.36143776774406433,1.6169960498809814,1.3611501455307007,2.6709892749786377,2.861427068710327,3.3141181468963623,2.9115915298461914,2.8768255710601807,3.0094048976898193,2.7685844898223877,2.586287260055542,27.134380340576172,3.263885974884033
468,0.00036347933928482234,0.0,0.0,0.0,0.0018818764947354794,0.0,0.0,0.006501427851617336,0.0,0.0,0.0,0.0,0.03582673892378807,0.0,0.0,0.0,0.18034420907497406,0.0,0.0,0.7750822901725769,0.08795338869094849,0.0,0.0,0.0,0.16535112261772156,0.0,0.0,0.1651381254196167,0.0,0.0,0.0,0.0,0.1907755434513092,0.0,0.0,0.0,0.20102737843990326,0.0,0.0,0.1897544264793396,0.9230769276618958,0.5852694511413574,0.415113627910614,0.8530938029289246,0.9981761574745178,0.9925370216369629,0.9875259399414062,0.999966561794281,0.022747229784727097,0.0027825473807752132,0.00013108860002830625,0.002515769097954035,0.011279313825070858,6.213141205080319e-06,1.6117908785417967e-08,0.00012730812886729836,0.04100793972611427,0.008775214664638042,0.0022488627582788467,0.010974270291626453,0.4307042956352234,0.9912530779838562,0.9598673582077026,0.7066629528999329,0.32596224546432495,1.6180990934371948,1.3564746379852295,2.6547741889953613,2.749650716781616,3.317049503326416,2.8302576541900635,2.9240221977233887,3.039710521697998,2.812443733215332,2.6779677867889404,27.140256881713867,3.415163993835449
469,0.0003448822826612741,0.0,0.0,0.0,0.0018418536055833101,0.0,0.0,0.006583611015230417,0.0,0.0,0.0,0.0,0.03624475374817848,0.0,0.0,0.0,0.18025261163711548,0.0,0.0,0.774732232093811,0.0885859876871109,0.0,0.0,0.0,0.16520453989505768,0.0,0.0,0.16423361003398895,0.0,0.0,0.0,0.0,0.19229023158550262,0.0,0.0,0.0,0.19964733719825745,0.0,0.0,0.1900383085012436,0.9076923131942749,0.5821956396102905,0.4156554341316223,0.8560878038406372,0.9977205991744995,0.9919251203536987,0.9877278208732605,0.9999641180038452,0.02272874489426613,0.0027656618040055037,0.0001294957473874092,0.002643333049491048,0.011309857480227947,6.250718797673471e-06,1.5805882824793116e-08,0.00014076370280236006,0.04087749868631363,0.008793235756456852,0.002255072118714452,0.010821298696100712,0.4310452938079834,0.9912293553352356,0.9590427875518799,0.7072181701660156,0.3518621027469635,1.6118242740631104,1.349995493888855,2.6728763580322266,2.7881264686584473,3.524204969406128,2.844766616821289,2.9659221172332764,2.9054391384124756,3.044767379760742,2.533355474472046,27.147960662841797,3.363748788833618
470,0.0003570837143342942,0.0,0.0,0.0,0.0020156926475465298,0.0,0.0,0.006958820857107639,0.0,0.0,0.0,0.0,0.038156792521476746,0.0,0.0,0.0,0.18218569457530975,0.0,0.0,0.7703258395195007,0.08981088548898697,0.0,0.0,0.0,0.1655339151620865,0.0,0.0,0.1675008237361908,0.0,0.0,0.0,0.0,0.19020803272724152,0.0,0.0,0.0,0.19868329167366028,0.0,0.0,0.18826304376125336,0.8942307829856873,0.5800798535346985,0.41198503971099854,0.8540917634963989,0.9972659945487976,0.9916068911552429,0.986918568611145,0.9999537467956543,0.022425442934036255,0.002753741107881069,0.0001317968126386404,0.0027468535117805004,0.011150674894452095,5.590903583652107e-06,1.589478770824826e-08,0.00014301268674898893,0.04028971865773201,0.008754351176321507,0.0022553519811481237,0.010677270591259003,0.42747288942337036,0.9906682372093201,0.9580091238021851,0.7021045684814453,0.3274197578430176,1.6154215335845947,1.3501447439193726,2.641442060470581,2.6992602348327637,3.590614080429077,2.7621006965637207,3.0867714881896973,2.8581953048706055,3.2005035877227783,2.4649057388305664,27.1505184173584,3.348935604095459
471,0.00035853832378052175,0.0,0.0,0.0,0.0020523343700915575,0.0,0.0,0.007303731050342321,0.0,0.0,0.0,0.0,0.03707122430205345,0.0,0.0,0.0,0.18011796474456787,0.0,0.0,0.7730962038040161,0.08892428129911423,0.0,0.0,0.0,0.1690709888935089,0.0,0.0,0.17017561197280884,0.0,0.0,0.0,0.0,0.18900439143180847,0.0,0.0,0.0,0.19600768387317657,0.0,0.0,0.18681703507900238,0.8999999761581421,0.5761277675628662,0.4083046317100525,0.8602794408798218,0.9972785115242004,0.9912779331207275,0.9863925576210022,0.9999628067016602,0.022033076733350754,0.0027288910932838917,0.00012985675130039454,0.002911248244345188,0.01083831675350666,6.538904017361347e-06,1.6505209643469243e-08,0.00015993145643733442,0.03984508663415909,0.008700172416865826,0.0022604409605264664,0.010714897885918617,0.4239027798175812,0.9902852773666382,0.955836296081543,0.7029374837875366,0.31482163071632385,1.618401288986206,1.348868489265442,2.705810546875,2.6369171142578125,3.546698570251465,2.7656142711639404,3.114680290222168,2.8194799423217773,3.336348533630371,2.432541847229004,27.146799087524414,3.334583044052124
472,0.00040884720510803163,0.0,0.0,0.0,0.002211005426943302,0.0,0.0,0.008298062719404697,0.0,0.0,0.0,0.0,0.04154668748378754,0.0,0.0,0.0,0.19701725244522095,0.0,0.0,0.7505182027816772,0.08952711522579193,0.0,0.0,0.0,0.17194925248622894,0.0,0.0,0.17315375804901123,0.0,0.0,0.0,0.0,0.1914120763540268,0.0,0.0,0.0,0.19800710678100586,0.0,0.0,0.17595069110393524,0.9019230604171753,0.5747305154800415,0.40332087874412537,0.8614770174026489,0.9973128437995911,0.9905655980110168,0.9846186637878418,0.9999600648880005,0.02103080041706562,0.002654026262462139,0.00013127352576702833,0.002826385898515582,0.010852017439901829,6.549533281940967e-06,1.5884486614936577e-08,0.00015838474791962653,0.03833529353141785,0.008443301543593407,0.002244566800072789,0.010662528686225414,0.4192076027393341,0.9890819191932678,0.9561794996261597,0.6797806620597839,0.25596946477890015,1.652081847190857,1.3668420314788818,2.619185209274292,2.6124656200408936,3.378878116607666,2.748751163482666,3.0279107093811035,2.827242374420166,3.321486473083496,2.456256151199341,27.129108428955078,3.1019654273986816
473,0.000398978911107406,0.0,0.0,0.0,0.002370172180235386,0.0,0.0,0.009126420132815838,0.0,0.0,0.0,0.0,0.04209854081273079,0.0,0.0,0.0,0.19677734375,0.0,0.0,0.7492285966873169,0.0907016471028328,0.0,0.0,0.0,0.17142222821712494,0.0,0.0,0.17784911394119263,0.0,0.0,0.0,0.0,0.1874706894159317,0.0,0.0,0.0,0.19821135699748993,0.0,0.0,0.1743449568748474,0.8961538672447205,0.5700998306274414,0.3997328579425812,0.8614770174026489,0.9965763688087463,0.989345908164978,0.9834599494934082,0.999887228012085,0.020586058497428894,0.002590681193396449,0.00013224894064478576,0.0029051736928522587,0.010553473606705666,7.352186912612524e-06,1.6327462049048336e-08,0.00015936237468849868,0.03815143182873726,0.008340378291904926,0.0022528567351400852,0.010741758160293102,0.415598064661026,0.9881042838096619,0.9528300762176514,0.6757775545120239,0.2901061773300171,1.6546868085861206,1.365638256072998,2.623509407043457,2.608879566192627,3.3028030395507812,2.653142213821411,3.0542519092559814,2.980134963989258,3.3059494495391846,2.441739797592163,27.108142852783203,3.14117693901062
474,0.00038038360071368515,0.0,0.0,0.0,0.002141923876479268,0.0,0.0,0.008664696477353573,0.0,0.0,0.0,0.0,0.0411648154258728,0.0,0.0,0.0,0.19111548364162445,0.0,0.0,0.7565327286720276,0.08821231126785278,0.0,0.0,0.0,0.16771060228347778,0.0,0.0,0.1767934411764145,0.0,0.0,0.0,0.0,0.1916116625070572,0.0,0.0,0.0,0.19740954041481018,0.0,0.0,0.17826244235038757,0.9019230604171753,0.5704590678215027,0.4055580794811249,0.8610778450965881,0.9968622326850891,0.9895439147949219,0.9846194982528687,0.9999205470085144,0.020643871277570724,0.0025835393462330103,0.00013425471843220294,0.0027173010166734457,0.010431506671011448,5.965708169242134e-06,1.5558004662352687e-08,0.00015807157615199685,0.03747716173529625,0.008284795098006725,0.0022686198353767395,0.010579672642052174,0.42103323340415955,0.9888126254081726,0.9570491313934326,0.683799147605896,0.27861207723617554,1.6388295888900757,1.3618820905685425,2.7119617462158203,2.7402453422546387,3.1335861682891846,2.5435147285461426,2.9970781803131104,3.104421615600586,3.3185842037200928,2.5290045738220215,27.09551239013672,3.1312649250030518
475,0.0003836773394141346,0.0,0.0,0.0,0.0021548911463469267,0.0,0.0,0.008421926759183407,0.0,0.0,0.0,0.0,0.04099100083112717,0.0,0.0,0.0,0.1986779123544693,0.0,0.0,0.7493705749511719,0.08690449595451355,0.0,0.0,0.0,0.1685885339975357,0.0,0.0,0.17558664083480835,0.0,0.0,0.0,0.0,0.19359111785888672,0.0,0.0,0.0,0.19832107424736023,0.0,0.0,0.17700812220573425,0.892307698726654,0.5714570879936218,0.4069613218307495,0.8656686544418335,0.997119128704071,0.99003666639328,0.9848692417144775,0.999981164932251,0.020440787076950073,0.002567828632891178,0.00013440108159556985,0.0025504110381007195,0.010040320456027985,5.805522050650325e-06,1.567543250757808e-08,0.00014544730947818607,0.03698692470788956,0.00822411011904478,0.0022775689139962196,0.010514635592699051,0.4224366843700409,0.9890392422676086,0.9593542814254761,0.6794254779815674,0.25281190872192383,1.6404824256896973,1.3626883029937744,2.602398633956909,2.7533724308013916,3.2582921981811523,2.4127862453460693,3.0436203479766846,3.1497859954833984,3.262605905532837,2.6468162536621094,27.080421447753906,3.0448126792907715
476,0.0004416710580699146,0.0,0.0,0.0,0.0022053236607462168,0.0,0.0,0.009183179587125778,0.0,0.0,0.0,0.0,0.04203830659389496,0.0,0.0,0.0,0.19317738711833954,0.0,0.0,0.7529542446136475,0.08909669518470764,0.0,0.0,0.0,0.1703856736421585,0.0,0.0,0.17706549167633057,0.0,0.0,0.0,0.0,0.19369009137153625,0.0,0.0,0.0,0.19345888495445251,0.0,0.0,0.17630316317081451,0.8980769515037537,0.563672661781311,0.4031011462211609,0.8610778450965881,0.9970265626907349,0.9883882999420166,0.9839679598808289,0.9999856352806091,0.01978527009487152,0.002524671144783497,0.00013248971663415432,0.0023472667671740055,0.009813682176172733,5.169490577827673e-06,1.528180426646486e-08,0.00013561148080043495,0.03619428724050522,0.008047930896282196,0.0022577052004635334,0.010274050757288933,0.41835159063339233,0.9881696701049805,0.9527618885040283,0.6758711934089661,0.26038751006126404,1.6593130826950073,1.3812390565872192,2.4195046424865723,2.6753416061401367,2.99638032913208,2.301140546798706,3.004077196121216,3.184565305709839,3.097194194793701,2.8975768089294434,27.0729923248291,3.0150070190429688
477,0.00041795099969021976,0.0,0.0,0.0,0.0021195446606725454,0.0,0.0,0.00961640290915966,0.0,0.0,0.0,0.0,0.043336305767297745,0.0,0.0,0.0,0.2012244611978531,0.0,0.0,0.7432854175567627,0.08591929823160172,0.0,0.0,0.0,0.1716262698173523,0.0,0.0,0.1787206381559372,0.0,0.0,0.0,0.0,0.19495463371276855,0.0,0.0,0.0,0.19709356129169464,0.0,0.0,0.1716856062412262,0.8884615302085876,0.5617564916610718,0.40366044640541077,0.8658682107925415,0.9964697957038879,0.9884656071662903,0.9834737181663513,0.9999908804893494,0.01970497891306877,0.0025181961245834827,0.0001315011177212,0.0023360776249319315,0.009513280354440212,6.136451247584773e-06,1.4675493709148668e-08,0.00013113512250129133,0.03625878691673279,0.008024262264370918,0.0022566861007362604,0.010012944228947163,0.41880396008491516,0.9878458976745605,0.9541599750518799,0.6700480580329895,0.24887137115001678,1.6602187156677246,1.3792201280593872,2.391639471054077,2.9213123321533203,2.9029879570007324,2.1735541820526123,2.9729957580566406,3.2672340869903564,3.1312148571014404,2.9196579456329346,27.07219123840332,2.9796040058135986
478,0.0004618129460141063,0.0,0.0,0.0,0.002309403382241726,0.0,0.0,0.010195350274443626,0.0,0.0,0.0,0.0,0.048401203006505966,0.0,0.0,0.0,0.20750734210014343,0.0,0.0,0.7311249375343323,0.08756428211927414,0.0,0.0,0.0,0.17249023914337158,0.0,0.0,0.17940296232700348,0.0,0.0,0.0,0.0,0.19942612946033478,0.0,0.0,0.0,0.19763082265853882,0.0,0.0,0.163485586643219,0.8903846144676208,0.5589221715927124,0.40129339694976807,0.8678642511367798,0.9974820017814636,0.9873075485229492,0.9824602603912354,0.9999918341636658,0.0197700634598732,0.0025029240641742945,0.00013090037100482732,0.002301872940734029,0.009610711596906185,6.413026312657166e-06,1.526320758671318e-08,0.00011886180436704308,0.03554674983024597,0.007956213317811489,0.002240266650915146,0.009732138365507126,0.4164656400680542,0.9870331883430481,0.9533215761184692,0.6515414714813232,0.2162538468837738,1.6697921752929688,1.3738020658493042,2.4614150524139404,2.854862928390503,3.003985643386841,2.196016311645508,2.9140522480010986,3.2316272258758545,3.1680703163146973,2.914506673812866,27.07229232788086,3.0808119773864746
479,0.00045911743654869497,0.0,0.0,0.0,0.0022075525484979153,0.0,0.0,0.009728029370307922,0.0,0.0,0.0,0.0,0.04529126361012459,0.0,0.0,0.0,0.19971922039985657,0.0,0.0,0.742594838142395,0.08642353117465973,0.0,0.0,0.0,0.17105476558208466,0.0,0.0,0.17912320792675018,0.0,0.0,0.0,0.0,0.19671829044818878,0.0,0.0,0.0,0.19843564927577972,0.0,0.0,0.16824455559253693,0.8846153616905212,0.5637125968933105,0.4032284915447235,0.8702594637870789,0.9975447058677673,0.9891089797019958,0.9828935265541077,0.9999943971633911,0.01946045085787773,0.0024903053417801857,0.00012899949797429144,0.0022374698892235756,0.009459576569497585,5.55709902982926e-06,1.4608486864631232e-08,0.0001302298333030194,0.03506459668278694,0.007909895852208138,0.002216715831309557,0.009589677676558495,0.41856271028518677,0.987605094909668,0.9603716135025024,0.6611279249191284,0.26557251811027527,1.6864863634109497,1.3893238306045532,2.5162155628204346,2.831280469894409,3.023763418197632,2.272470474243164,2.8489034175872803,3.030437707901001,3.029315233230591,2.7432937622070312,27.076763153076172,3.044027805328369
480,0.0004896544851362705,0.0,0.0,0.0,0.0020114535000175238,0.0,0.0,0.009252580814063549,0.0,0.0,0.0,0.0,0.041648536920547485,0.0,0.0,0.0,0.19052579998970032,0.0,0.0,0.7560719847679138,0.08772861212491989,0.0,0.0,0.0,0.1705860197544098,0.0,0.0,0.1774025857448578,0.0,0.0,0.0,0.0,0.19656267762184143,0.0,0.0,0.0,0.19450801610946655,0.0,0.0,0.17321209609508514,0.8903846144676208,0.5685828328132629,0.4037003815174103,0.8628742098808289,0.9977275729179382,0.9897912740707397,0.9837696552276611,0.9999409317970276,0.01945720985531807,0.0025297722313553095,0.00012628526019398123,0.00215882807970047,0.009494250640273094,5.019452601118246e-06,1.635220669982118e-08,0.00013080013741273433,0.0354594811797142,0.007972894236445427,0.002212924649938941,0.00943906232714653,0.41920527815818787,0.9882460236549377,0.9578015804290771,0.6730549335479736,0.28698307275772095,1.6767003536224365,1.3833873271942139,2.5175940990448,2.9628467559814453,2.9802656173706055,2.1565489768981934,2.7562122344970703,2.856631278991699,3.225191116333008,2.833571195602417,27.084003448486328,3.2530882358551025
481,0.00044541669194586575,0.0,0.0,0.0,0.0020107016898691654,0.0,0.0,0.008936036378145218,0.0,0.0,0.0,0.0,0.04010621830821037,0.0,0.0,0.0,0.1918743997812271,0.0,0.0,0.7566272020339966,0.08551842719316483,0.0,0.0,0.0,0.16865085065364838,0.0,0.0,0.17709244787693024,0.0,0.0,0.0,0.0,0.1981542855501175,0.0,0.0,0.0,0.19358213245868683,0.0,0.0,0.17700187861919403,0.9096153974533081,0.5740519165992737,0.40678155422210693,0.8664670586585999,0.9983830451965332,0.9901991486549377,0.9841890931129456,0.9999747276306152,0.019501009956002235,0.0025392849929630756,0.00012737105134874582,0.0021601985208690166,0.009768732823431492,4.925243501929799e-06,1.6009126468929935e-08,0.00013577216304838657,0.03567451983690262,0.008008337579667568,0.002224650699645281,0.009727592580020428,0.42245060205459595,0.9886075854301453,0.9561519622802734,0.6782652139663696,0.2792557179927826,1.6576941013336182,1.3805872201919556,2.6212615966796875,2.9242398738861084,3.0836000442504883,2.2397890090942383,2.6671273708343506,2.8887834548950195,3.0980489253997803,2.8557393550872803,27.089847564697266,3.2471187114715576
482,0.0004167187144048512,0.0,0.0,0.0,0.001918258611112833,0.0,0.0,0.008059198036789894,0.0,0.0,0.0,0.0,0.03530417010188103,0.0,0.0,0.0,0.17755956947803497,0.0,0.0,0.7767421007156372,0.0833296850323677,0.0,0.0,0.0,0.16680623590946198,0.0,0.0,0.1728871464729309,0.0,0.0,0.0,0.0,0.19626083970069885,0.0,0.0,0.0,0.19340786337852478,0.0,0.0,0.187308207154274,0.8999999761581421,0.5769660472869873,0.4129737913608551,0.8634729981422424,0.9982280731201172,0.9907454252243042,0.9856680631637573,0.9999600648880005,0.019732479006052017,0.0025901389308273792,0.0001299535797443241,0.0021448726765811443,0.009930107742547989,5.623850483971182e-06,1.6307392769476792e-08,0.0001414552825735882,0.03637155517935753,0.008146960288286209,0.0022464694920927286,0.009845239110291004,0.4283265471458435,0.9896055459976196,0.9566323757171631,0.6977916359901428,0.2892759144306183,1.6335625648498535,1.3674640655517578,3.026794672012329,2.742861747741699,3.0717763900756836,2.359536647796631,2.752042055130005,2.9426825046539307,3.0508978366851807,2.862046003341675,27.094797134399414,3.2194197177886963
483,0.000342974322848022,0.0,0.0,0.0,0.0016614508349448442,0.0,0.0,0.007152865175157785,0.0,0.0,0.0,0.0,0.030389508232474327,0.0,0.0,0.0,0.16315358877182007,0.0,0.0,0.7972995638847351,0.08176236599683762,0.0,0.0,0.0,0.1617404818534851,0.0,0.0,0.16856183111667633,0.0,0.0,0.0,0.0,0.19280056655406952,0.0,0.0,0.0,0.1958409547805786,0.0,0.0,0.1992938071489334,0.9115384817123413,0.5862674713134766,0.4211086332798004,0.8662674427032471,0.998521089553833,0.9918120503425598,0.9873600602149963,0.9999924898147583,0.02040688507258892,0.002660469152033329,0.0001312954700551927,0.002102235332131386,0.010508039966225624,6.429072527680546e-06,1.573227415008205e-08,0.0001317617716267705,0.03758632391691208,0.008400043472647667,0.0022839512676000595,0.010050362907350063,0.43647119402885437,0.9908425211906433,0.9614951014518738,0.7197999358177185,0.3291966915130615,1.59539794921875,1.335565209388733,3.069516897201538,2.845370054244995,3.365838050842285,2.580869436264038,3.0332188606262207,2.85548996925354,3.09371018409729,2.8374502658843994,27.095561981201172,3.363473415374756
484,0.0003269852895755321,0.0,0.0,0.0,0.0016100124921649694,0.0,0.0,0.0071824355982244015,0.0,0.0,0.0,0.0,0.03150885924696922,0.0,0.0,0.0,0.1672615259885788,0.0,0.0,0.7921102046966553,0.08300971984863281,0.0,0.0,0.0,0.16051462292671204,0.0,0.0,0.16971223056316376,0.0,0.0,0.0,0.0,0.19291558861732483,0.0,0.0,0.0,0.19413089752197266,0.0,0.0,0.1997169554233551,0.9115384817123413,0.5942914485931396,0.4200774133205414,0.8405189514160156,0.9983482360839844,0.9926742315292358,0.9871944785118103,0.9998881220817566,0.020707523450255394,0.0026782299391925335,0.0001339122245553881,0.0021054076496511698,0.010564478114247322,7.1642270995653234e-06,1.6924687429309415e-08,0.00013173795014154166,0.037646133452653885,0.00844559632241726,0.002295751590281725,0.010260028764605522,0.43568018078804016,0.9908804893493652,0.9579349160194397,0.7165558934211731,0.33408328890800476,1.5925381183624268,1.329677700996399,3.070786714553833,2.966939687728882,3.248370885848999,2.814981460571289,2.9513895511627197,2.756012439727783,3.292182683944702,2.7332046031951904,27.098773956298828,3.4039089679718018
485,0.0003272416943218559,0.0,0.0,0.0,0.001649418380111456,0.0,0.0,0.007357734255492687,0.0,0.0,0.0,0.0,0.030254902318120003,0.0,0.0,0.0,0.1662178486585617,0.0,0.0,0.7941928505897522,0.08319326490163803,0.0,0.0,0.0,0.16075032949447632,0.0,0.0,0.17146660387516022,0.0,0.0,0.0,0.0,0.18936246633529663,0.0,0.0,0.0,0.19486431777477264,0.0,0.0,0.20036303997039795,0.9096153974533081,0.5950499176979065,0.41822224855422974,0.8453093767166138,0.9982541799545288,0.9924322962760925,0.9869214296340942,0.9998767375946045,0.02013804204761982,0.00267278915271163,0.0001361215690849349,0.0022386801429092884,0.010373828001320362,7.5538760029303376e-06,1.7058535917158224e-08,0.00012908430653624237,0.03705086559057236,0.008346837013959885,0.0022919930052012205,0.010440047830343246,0.43405401706695557,0.9906653165817261,0.9566100239753723,0.7207093238830566,0.35826021432876587,1.5984861850738525,1.3423502445220947,2.963592767715454,2.8336713314056396,3.0413644313812256,2.861150026321411,2.798985242843628,2.878622055053711,3.176527500152588,2.8697688579559326,27.094573974609375,3.3917932510375977
486,0.0003130089899059385,0.0,0.0,0.0,0.0015688525745645165,0.0,0.0,0.007386169862002134,0.0,0.0,0.0,0.0,0.0315752774477005,0.0,0.0,0.0,0.17704735696315765,0.0,0.0,0.7821093797683716,0.08065100759267807,0.0,0.0,0.0,0.16093340516090393,0.0,0.0,0.173912912607193,0.0,0.0,0.0,0.0,0.1902880221605301,0.0,0.0,0.0,0.19969698786735535,0.0,0.0,0.19451768696308136,0.9057692289352417,0.5902994275093079,0.4185018837451935,0.8469061851501465,0.9985321164131165,0.9921815991401672,0.9871014356613159,0.9998841881752014,0.019933372735977173,0.0026463433168828487,0.00013667992607224733,0.0023915045894682407,0.010012014769017696,7.69666803535074e-06,1.6655548051858204e-08,0.00013551523443311453,0.036341238766908646,0.008315317332744598,0.002292639808729291,0.010865511372685432,0.4340516924858093,0.9907317757606506,0.957735002040863,0.7104356288909912,0.3132410943508148,1.611989140510559,1.3412028551101685,2.9405324459075928,2.914182662963867,3.142299175262451,2.830928087234497,2.9065470695495605,2.751264810562134,3.06868314743042,2.8160688877105713,27.060747146606445,3.451139211654663
487,0.0003615297900978476,0.0,0.0,0.0,0.0017169935163110495,0.0,0.0,0.008298882283270359,0.0,0.0,0.0,0.0,0.03370190039277077,0.0,0.0,0.0,0.18430587649345398,0.0,0.0,0.7716148495674133,0.0840294361114502,0.0,0.0,0.0,0.16111448407173157,0.0,0.0,0.1761622428894043,0.0,0.0,0.0,0.0,0.19024471938610077,0.0,0.0,0.0,0.19833558797836304,0.0,0.0,0.19011351466178894,0.8961538672447205,0.582155704498291,0.41423723101615906,0.8576846122741699,0.9987344741821289,0.9903066158294678,0.9857960343360901,0.9999752044677734,0.01921127550303936,0.0025746612809598446,0.0001364256750093773,0.002615084173157811,0.009706389158964157,6.730576842528535e-06,1.5811696840728473e-08,0.00015485727635677904,0.0360134094953537,0.00818503275513649,0.002278431784361601,0.011126812547445297,0.42972999811172485,0.9896224141120911,0.9541505575180054,0.6982775330543518,0.26252344250679016,1.629146695137024,1.3488868474960327,2.8187758922576904,2.8379852771759033,3.1414756774902344,2.8868825435638428,2.9175825119018555,2.7651219367980957,2.9061923027038574,2.7549362182617188,27.019695281982422,3.5100033283233643
488,0.0004318423743825406,0.0,0.0,0.0,0.0018846193561330438,0.0,0.0,0.009107295423746109,0.0,0.0,0.0,0.0,0.041641660034656525,0.0,0.0,0.0,0.2082328349351883,0.0,0.0,0.7387017607688904,0.08424919843673706,0.0,0.0,0.0,0.16210347414016724,0.0,0.0,0.17936070263385773,0.0,0.0,0.0,0.0,0.19641484320163727,0.0,0.0,0.0,0.20305031538009644,0.0,0.0,0.17482146620750427,0.8634615540504456,0.5708982348442078,0.4114881455898285,0.8536925911903381,0.9952293038368225,0.9872599244117737,0.9851458072662354,0.999941885471344,0.018346386030316353,0.0025143874809145927,0.0001338242000201717,0.002649039262905717,0.009215500205755234,7.2617858677404e-06,1.5675537312631604e-08,0.0001594696077518165,0.03501954674720764,0.00796142965555191,0.0022440452594310045,0.011230068281292915,0.4264359474182129,0.9885759949684143,0.9497910141944885,0.6690777540206909,0.190029114484787,1.664783000946045,1.3681762218475342,2.881715774536133,2.724710702896118,3.105473041534424,2.8897993564605713,2.7326226234436035,2.6778342723846436,2.848008632659912,2.6916682720184326,26.99505615234375,3.3538219928741455
489,0.00040366954635828733,0.0,0.0,0.0,0.0018043314339593053,0.0,0.0,0.008839285932481289,0.0,0.0,0.0,0.0,0.039271771907806396,0.0,0.0,0.0,0.20524537563323975,0.0,0.0,0.7444356083869934,0.0839073657989502,0.0,0.0,0.0,0.15964236855506897,0.0,0.0,0.176446333527565,0.0,0.0,0.0,0.0,0.19513407349586487,0.0,0.0,0.0,0.20621487498283386,0.0,0.0,0.1786549985408783,0.8711538314819336,0.5642315149307251,0.41644445061683655,0.8558881878852844,0.9980854988098145,0.9884237051010132,0.9853355884552002,0.99996417760849,0.01806793361902237,0.0025264814030379057,0.00013580400263890624,0.0027357314247637987,0.009002475999295712,7.518171514675487e-06,1.4644676582520333e-08,0.00016498831973876804,0.03520844131708145,0.007994947955012321,0.00229429523460567,0.011517113074660301,0.4306880533695221,0.9889523983001709,0.9575091600418091,0.6773231625556946,0.2312883585691452,1.6517163515090942,1.3580660820007324,2.963517189025879,2.891145944595337,3.2321484088897705,2.947197675704956,2.8554625511169434,2.6970715522766113,2.75247859954834,2.724231004714966,26.9923038482666,3.1508586406707764
490,0.000517620297614485,0.0,0.0,0.0,0.002280394546687603,0.0,0.0,0.01011195033788681,0.0,0.0,0.0,0.0,0.04244348406791687,0.0,0.0,0.0,0.20681123435497284,0.0,0.0,0.7378352284431458,0.08584583550691605,0.0,0.0,0.0,0.1648038923740387,0.0,0.0,0.18141266703605652,0.0,0.0,0.0,0.0,0.19429485499858856,0.0,0.0,0.0,0.20057663321495056,0.0,0.0,0.17306610941886902,0.8711538314819336,0.5506985783576965,0.40782272815704346,0.845109760761261,0.9949480891227722,0.985400378704071,0.983349084854126,0.9998869299888611,0.017586633563041687,0.0024833125062286854,0.00013471621787175536,0.0025618234649300575,0.008738185279071331,8.674526725371834e-06,1.645913627612572e-08,0.00015845155576243997,0.03450615331530571,0.007903333753347397,0.0022804019972682,0.011469496414065361,0.4217662811279297,0.9870897531509399,0.9497172832489014,0.6659431457519531,0.22112828493118286,1.678977131843567,1.3734327554702759,2.983327865600586,2.6965270042419434,3.0609946250915527,2.8649182319641113,2.9003968238830566,2.933366060256958,2.7473111152648926,2.5981147289276123,26.990222930908203,2.9442172050476074
491,0.0005482301930896938,0.0,0.0,0.0,0.0022947071120142937,0.0,0.0,0.009567047469317913,0.0,0.0,0.0,0.0,0.04096684604883194,0.0,0.0,0.0,0.20562675595283508,0.0,0.0,0.7409963607788086,0.08632376790046692,0.0,0.0,0.0,0.1633763611316681,0.0,0.0,0.18172504007816315,0.0,0.0,0.0,0.0,0.19350455701351166,0.0,0.0,0.0,0.2025883048772812,0.0,0.0,0.172481968998909,0.867307722568512,0.551856279373169,0.40821975469589233,0.8487025499343872,0.9962416291236877,0.985625684261322,0.9840530157089233,0.9998977780342102,0.01757611148059368,0.002467428334057331,0.00013465445954352617,0.002380172023549676,0.008588599041104317,8.21544472273672e-06,1.6130208280173974e-08,0.0001388869568472728,0.03444435074925423,0.007845265790820122,0.0022865496575832367,0.011557084508240223,0.4222395122051239,0.9875898957252502,0.9521843194961548,0.6668265461921692,0.17491276562213898,1.67331862449646,1.3733766078948975,2.9027557373046875,2.635892391204834,3.1283531188964844,2.718388557434082,2.983233690261841,2.933184862136841,2.7548699378967285,2.761852741241455,27.00077247619629,2.922898054122925
492,0.000564415764529258,0.0,0.0,0.0,0.0021917668636888266,0.0,0.0,0.009001674130558968,0.0,0.0,0.0,0.0,0.03895876556634903,0.0,0.0,0.0,0.20500297844409943,0.0,0.0,0.7442803978919983,0.08345063775777817,0.0,0.0,0.0,0.1642768234014511,0.0,0.0,0.1808149218559265,0.0,0.0,0.0,0.0,0.19317705929279327,0.0,0.0,0.0,0.20197318494319916,0.0,0.0,0.17630738019943237,0.8711538314819336,0.5526546835899353,0.4099375903606415,0.8403193354606628,0.9980809688568115,0.9858909845352173,0.9849751591682434,0.9999394416809082,0.017654769122600555,0.0024526319466531277,0.00013546098489314318,0.002419914584606886,0.008578585460782051,8.790119863988366e-06,1.716401598628181e-08,0.0001345745549770072,0.03430835157632828,0.007871582172811031,0.0023247848730534315,0.011478050611913204,0.4237891137599945,0.9882418513298035,0.9575487971305847,0.6721729040145874,0.19900457561016083,1.6536664962768555,1.3506487607955933,3.165405035018921,2.5979604721069336,3.021847724914551,2.7529380321502686,2.9763283729553223,3.1942741870880127,2.6930129528045654,3.011376142501831,27.004941940307617,3.05098819732666
493,0.00042506796307861805,0.0,0.0,0.0,0.0019857287406921387,0.0,0.0,0.007795657962560654,0.0,0.0,0.0,0.0,0.03497689589858055,0.0,0.0,0.0,0.19087092578411102,0.0,0.0,0.7639457583427429,0.08453009277582169,0.0,0.0,0.0,0.16044913232326508,0.0,0.0,0.17707468569278717,0.0,0.0,0.0,0.0,0.18753474950790405,0.0,0.0,0.0,0.20140551030635834,0.0,0.0,0.18900583684444427,0.8846153616905212,0.5641517043113708,0.4151535630226135,0.8343313336372375,0.9987444877624512,0.9878539443016052,0.9869382381439209,0.9999551177024841,0.017796024680137634,0.0024850168265402317,0.0001392443518852815,0.00225901510566473,0.008610205724835396,1.138435891334666e-05,1.650438541389576e-08,0.00013556027261074632,0.03424017131328583,0.007950776256620884,0.0023601623252034187,0.01146442350000143,0.4292498230934143,0.9897934198379517,0.9686316251754761,0.6961580514907837,0.2770713269710541,1.6254969835281372,1.3458622694015503,3.2265806198120117,2.694300651550293,3.071030616760254,2.560478687286377,2.9612338542938232,3.4430267810821533,2.5974748134613037,3.0073599815368652,26.990285873413086,3.05450701713562
494,0.00044997624354436994,0.0,0.0,0.0,0.002136670285835862,0.0,0.0,0.008431080728769302,0.0,0.0,0.0,0.0,0.03822305426001549,0.0,0.0,0.0,0.2042938768863678,0.0,0.0,0.7464653849601746,0.08476349711418152,0.0,0.0,0.0,0.16249851882457733,0.0,0.0,0.17945434153079987,0.0,0.0,0.0,0.0,0.18996582925319672,0.0,0.0,0.0,0.20332930982112885,0.0,0.0,0.17998850345611572,0.875,0.5611577033996582,0.4114207327365875,0.8457085490226746,0.998450756072998,0.9875969886779785,0.9857316017150879,0.9999712705612183,0.01752106100320816,0.002466269303113222,0.00013822987966705114,0.0022530294954776764,0.008432585746049881,8.591262485424522e-06,1.6247085454779153e-08,0.00014231220120564103,0.03383003920316696,0.007868204265832901,0.0023332342971116304,0.010942451655864716,0.4257284104824066,0.9889820218086243,0.9653019905090332,0.6813827753067017,0.23688964545726776,1.6458276510238647,1.3596391677856445,3.254633903503418,2.693235158920288,2.968435764312744,2.430176019668579,2.805474042892456,3.4750683307647705,2.550492286682129,2.993936061859131,26.996173858642578,3.0216596126556396
495,0.00039934704545885324,0.0,0.0,0.0,0.0019916906021535397,0.0,0.0,0.008020911365747452,0.0,0.0,0.0,0.0,0.03620931878685951,0.0,0.0,0.0,0.19344496726989746,0.0,0.0,0.7599337697029114,0.08413930237293243,0.0,0.0,0.0,0.1627524048089981,0.0,0.0,0.17897173762321472,0.0,0.0,0.0,0.0,0.19038961827754974,0.0,0.0,0.0,0.20159193873405457,0.0,0.0,0.18215499818325043,0.867307722568512,0.5648303627967834,0.41179776191711426,0.8508982062339783,0.9979410767555237,0.9890671968460083,0.9863458275794983,0.9999733567237854,0.01740892231464386,0.002468364778906107,0.0001379114983137697,0.0023998101241886616,0.00816332921385765,7.4043659878952894e-06,1.536905713805936e-08,0.00014598621055483818,0.03367701172828674,0.007893120869994164,0.00232797977514565,0.010455679148435593,0.4263431429862976,0.9895878434181213,0.967502772808075,0.6931238770484924,0.23553678393363953,1.650942325592041,1.3617374897003174,3.32454514503479,2.7181832790374756,2.8755722045898438,2.3323426246643066,2.7961251735687256,3.6899478435516357,2.402104139328003,2.9145798683166504,27.012962341308594,3.113936424255371
496,0.00029591479687951505,0.0,0.0,0.0,0.0017081989208236337,0.0,0.0,0.00758670549839735,0.0,0.0,0.0,0.0,0.03344368562102318,0.0,0.0,0.0,0.19204211235046387,0.0,0.0,0.7649233937263489,0.08302172273397446,0.0,0.0,0.0,0.15765567123889923,0.0,0.0,0.17551209032535553,0.0,0.0,0.0,0.0,0.1896229088306427,0.0,0.0,0.0,0.209010049700737,0.0,0.0,0.18517754971981049,0.8653846383094788,0.5675050020217896,0.41928091645240784,0.8572853803634644,0.9967157244682312,0.9891350865364075,0.9877085089683533,0.9999856352806091,0.017451025545597076,0.002499850932508707,0.00013957222108729184,0.002453762572258711,0.008171084336936474,7.87579392635962e-06,1.4289565086755829e-08,0.0001455223246011883,0.03414411097764969,0.008022218942642212,0.002348893089219928,0.010671205818653107,0.4335227906703949,0.9904090762138367,0.9730778932571411,0.7023011445999146,0.2897697687149048,1.6296112537384033,1.3440111875534058,3.6051931381225586,2.920607566833496,2.8798673152923584,2.3057363033294678,2.8204185962677,3.7103497982025146,2.3385655879974365,2.9905056953430176,27.02457046508789,3.186500310897827
497,0.0003233041206840426,0.0,0.0,0.0,0.0016159960068762302,0.0,0.0,0.0076531097292900085,0.0,0.0,0.0,0.0,0.03195483237504959,0.0,0.0,0.0,0.17083026468753815,0.0,0.0,0.7876225709915161,0.08201754093170166,0.0,0.0,0.0,0.15812024474143982,0.0,0.0,0.17474673688411713,0.0,0.0,0.0,0.0,0.1879754662513733,0.0,0.0,0.0,0.200332909822464,0.0,0.0,0.1968071162700653,0.8769230842590332,0.5677844285964966,0.4204969108104706,0.8528941869735718,0.9983299374580383,0.9878026247024536,0.9879977703094482,0.9999779462814331,0.017597362399101257,0.002511345548555255,0.00014266211655922234,0.0025890786200761795,0.008056809194386005,7.269754405569984e-06,1.3748836735771874e-08,0.00016016513109207153,0.03423580527305603,0.008034924976527691,0.0023645388428121805,0.010782293044030666,0.4346316456794739,0.990407407283783,0.9687734842300415,0.7177454829216003,0.29196757078170776,1.6214252710342407,1.3521277904510498,3.300198793411255,3.100557327270508,2.9250192642211914,2.3519527912139893,2.8495187759399414,3.570805311203003,2.3831145763397217,2.782740592956543,27.02608871459961,3.213496446609497
498,0.0003866208717226982,0.0,0.0,0.0,0.0017201489536091685,0.0,0.0,0.008932582102715969,0.0,0.0,0.0,0.0,0.03408979997038841,0.0,0.0,0.0,0.18724636733531952,0.0,0.0,0.7676244974136353,0.0838887169957161,0.0,0.0,0.0,0.16235890984535217,0.0,0.0,0.1738424301147461,0.0,0.0,0.0,0.0,0.1903197467327118,0.0,0.0,0.0,0.2043985277414322,0.0,0.0,0.18519166111946106,0.8653846383094788,0.5626746416091919,0.41669416427612305,0.8493013978004456,0.9960798621177673,0.9855913519859314,0.9863860607147217,0.9999293684959412,0.017303593456745148,0.0025024330243468285,0.00014327456301543862,0.0026427078992128372,0.008083458989858627,6.757662049494684e-06,1.3143319321784475e-08,0.0001569298328831792,0.034003764390945435,0.007952844724059105,0.0023443237878382206,0.010874761268496513,0.43074604868888855,0.9889605045318604,0.9653810858726501,0.696959912776947,0.24120132625102997,1.6430132389068604,1.3643163442611694,3.192375421524048,2.9257113933563232,2.9112491607666016,2.378685235977173,2.828416109085083,3.508472442626953,2.4371097087860107,2.7734081745147705,26.999967575073242,3.099863290786743
499,0.000426222977694124,0.0,0.0,0.0,0.0019023932982236147,0.0,0.0,0.009313682094216347,0.0,0.0,0.0,0.0,0.03685895353555679,0.0,0.0,0.0,0.20180483162403107,0.0,0.0,0.7496939301490784,0.0865425169467926,0.0,0.0,0.0,0.1668202131986618,0.0,0.0,0.1742030829191208,0.0,0.0,0.0,0.0,0.19173893332481384,0.0,0.0,0.0,0.20389068126678467,0.0,0.0,0.1768045723438263,0.8557692170143127,0.5569261312484741,0.411121129989624,0.8471057415008545,0.9955141544342041,0.9847844839096069,0.9856456518173218,0.9999319314956665,0.017405599355697632,0.0025205283891409636,0.00013868579117115587,0.002666634041815996,0.008052865043282509,7.1697904786560684e-06,1.3364704898322088e-08,0.00015620225167367607,0.03414434194564819,0.007971096783876419,0.002318867016583681,0.01091232430189848,0.42519718408584595,0.988357424736023,0.9603043794631958,0.6809417605400085,0.25494635105133057,1.658387303352356,1.3655937910079956,3.0757768154144287,2.7994394302368164,2.9527761936187744,2.4408438205718994,2.956031322479248,3.3403477668762207,2.570247173309326,2.6323940753936768,26.984710693359375,3.2219271659851074
