nohup: ignoring input
============================================================
Raw-gradient norm-clip pilot (2 seeds)
  Config:   configs/activation_clip/cnn_mnist_rawqclip_080.json
  Jobs:     30 (distributed across GPUs)
  Plots ->  results/activation_clip_plots/cnn_mnist_rawqclip_080/
============================================================
[2026-07-23 15:40:27.400594] Starting configs/activation_clip/cnn_mnist_rawqclip_080.json
Pre-downloading MNIST dataset sequentially to avoid parallel race conditions...
MNIST dataset is ready!
============================================================
Starting sweep: configs/activation_clip/cnn_mnist_rawqclip_080.json
  model.name = cnn_mnist
  nb_jobs = 30, distribute_gpus = True
============================================================
Distributing tasks across 2 GPUs...
Total trainings to do: 356
Running 30 trainings in parallel...

[ByzFL-SNN] [Training Start] Model: cnn_mnist | Dataset: mnist
[ByzFL-SNN]   Aggregator: CenteredClipping | Attack: SignFlipping
[ByzFL-SNN]   Distribution: gamma_similarity_niid (gamma=0.33)
[ByzFL-SNN]   Clients: 10 honest, 2 byzantine | Algorithm: DSGD
[ByzFL-SNN]   Learning Rate: 0.15 | Steps: 500 | Device: cuda:1
[ByzFL-SNN]   Validation samples: 12000 | Test samples: 10000
[ByzFL-SNN] Initial VRAM (Alloc/Reserved): 36.1/42.0 MiB
[ByzFL-SNN]   [Step 0/500] (0.0%) | Val Acc: 0.1542 | Test Acc: 0.1595 | VRAM (Alloc/Reserved): 44.3/64.0 MiB | Time: 4.2s
[ByzFL-SNN]   [Step 50/500] (10.0%) | Val Acc: 0.7642 | Test Acc: 0.7667 | VRAM (Alloc/Reserved): 95.0/582.0 MiB | Time: 38.2s
[ByzFL-SNN]   [Step 100/500] (20.0%) | Val Acc: 0.8271 | Test Acc: 0.8305 | VRAM (Alloc/Reserved): 96.5/582.0 MiB | Time: 71.1s
[ByzFL-SNN]   [Step 150/500] (30.0%) | Val Acc: 0.8744 | Test Acc: 0.8734 | VRAM (Alloc/Reserved): 94.9/582.0 MiB | Time: 103.3s
[ByzFL-SNN]   [Step 200/500] (40.0%) | Val Acc: 0.9122 | Test Acc: 0.9209 | VRAM (Alloc/Reserved): 96.8/582.0 MiB | Time: 132.8s
[ByzFL-SNN]   [Step 250/500] (50.0%) | Val Acc: 0.9268 | Test Acc: 0.9334 | VRAM (Alloc/Reserved): 96.5/582.0 MiB | Time: 165.6s
[ByzFL-SNN]   [Step 300/500] (60.0%) | Val Acc: 0.9329 | Test Acc: 0.9375 | VRAM (Alloc/Reserved): 95.4/582.0 MiB | Time: 198.0s
[ByzFL-SNN]   [Step 350/500] (70.0%) | Val Acc: 0.9419 | Test Acc: 0.9459 | VRAM (Alloc/Reserved): 95.0/582.0 MiB | Time: 229.4s
[ByzFL-SNN]   [Step 400/500] (80.0%) | Val Acc: 0.9463 | Test Acc: 0.9502 | VRAM (Alloc/Reserved): 95.8/582.0 MiB | Time: 259.3s
[ByzFL-SNN]   [Step 450/500] (90.0%) | Val Acc: 0.9510 | Test Acc: 0.9547 | VRAM (Alloc/Reserved): 95.5/582.0 MiB | Time: 291.2s
[ByzFL-SNN] [Training Complete] Peak VRAM (Alloc/Reserved): 353.0/582.0 MiB | Total time: 320.4s

Training 0 done

[ByzFL-SNN] [Training Start] Model: cnn_mnist | Dataset: mnist
[ByzFL-SNN]   Aggregator: CenteredClipping | Attack: SignFlipping
[ByzFL-SNN]   Distribution: gamma_similarity_niid (gamma=0.33)
[ByzFL-SNN]   Clients: 10 honest, 2 byzantine | Algorithm: DSGD
[ByzFL-SNN]   Learning Rate: 0.15 | Steps: 500 | Device: cuda:0
[ByzFL-SNN]   Validation samples: 12000 | Test samples: 10000
[ByzFL-SNN] Initial VRAM (Alloc/Reserved): 36.1/42.0 MiB
[ByzFL-SNN]   [Step 0/500] (0.0%) | Val Acc: 0.1542 | Test Acc: 0.1595 | VRAM (Alloc/Reserved): 44.3/64.0 MiB | Time: 3.9s
[ByzFL-SNN]   [Step 50/500] (10.0%) | Val Acc: 0.7827 | Test Acc: 0.7859 | VRAM (Alloc/Reserved): 95.0/582.0 MiB | Time: 39.3s
[ByzFL-SNN]   [Step 100/500] (20.0%) | Val Acc: 0.8343 | Test Acc: 0.8396 | VRAM (Alloc/Reserved): 96.5/582.0 MiB | Time: 72.4s
[ByzFL-SNN]   [Step 150/500] (30.0%) | Val Acc: 0.8827 | Test Acc: 0.8869 | VRAM (Alloc/Reserved): 94.9/582.0 MiB | Time: 104.8s
[ByzFL-SNN]   [Step 200/500] (40.0%) | Val Acc: 0.8784 | Test Acc: 0.8796 | VRAM (Alloc/Reserved): 96.8/582.0 MiB | Time: 135.6s
[ByzFL-SNN]   [Step 250/500] (50.0%) | Val Acc: 0.9315 | Test Acc: 0.9413 | VRAM (Alloc/Reserved): 96.5/582.0 MiB | Time: 169.5s
[ByzFL-SNN]   [Step 300/500] (60.0%) | Val Acc: 0.9358 | Test Acc: 0.9403 | VRAM (Alloc/Reserved): 95.4/582.0 MiB | Time: 201.9s
[ByzFL-SNN]   [Step 350/500] (70.0%) | Val Acc: 0.9224 | Test Acc: 0.9281 | VRAM (Alloc/Reserved): 95.0/582.0 MiB | Time: 234.1s
[ByzFL-SNN]   [Step 400/500] (80.0%) | Val Acc: 0.9461 | Test Acc: 0.9526 | VRAM (Alloc/Reserved): 95.8/582.0 MiB | Time: 265.1s
[ByzFL-SNN]   [Step 450/500] (90.0%) | Val Acc: 0.9377 | Test Acc: 0.9416 | VRAM (Alloc/Reserved): 95.5/582.0 MiB | Time: 297.5s
[ByzFL-SNN] [Training Complete] Peak VRAM (Alloc/Reserved): 353.0/582.0 MiB | Total time: 326.5s

Training 1 done

[ByzFL-SNN] [Training Start] Model: cnn_mnist | Dataset: mnist
[ByzFL-SNN]   Aggregator: GeometricMedian | Attack: Optimal_ALittleIsEnough_neg1
[ByzFL-SNN]   Distribution: gamma_similarity_niid (gamma=0.33)
[ByzFL-SNN]   Clients: 10 honest, 2 byzantine | Algorithm: DSGD
[ByzFL-SNN]   Learning Rate: 0.15 | Steps: 500 | Device: cuda:1
[ByzFL-SNN]   Validation samples: 12000 | Test samples: 10000
[ByzFL-SNN] Initial VRAM (Alloc/Reserved): 36.1/42.0 MiB
[ByzFL-SNN]   [Step 0/500] (0.0%) | Val Acc: 0.1542 | Test Acc: 0.1595 | VRAM (Alloc/Reserved): 44.3/64.0 MiB | Time: 3.8s
[ByzFL-SNN]   [Step 50/500] (10.0%) | Val Acc: 0.5012 | Test Acc: 0.5215 | VRAM (Alloc/Reserved): 93.7/582.0 MiB | Time: 124.9s
[ByzFL-SNN]   [Step 100/500] (20.0%) | Val Acc: 0.3938 | Test Acc: 0.3980 | VRAM (Alloc/Reserved): 94.7/582.0 MiB | Time: 241.6s
[ByzFL-SNN]   [Step 150/500] (30.0%) | Val Acc: 0.0981 | Test Acc: 0.0974 | VRAM (Alloc/Reserved): 94.4/582.0 MiB | Time: 355.9s
[ByzFL-SNN]   [Step 200/500] (40.0%) | Val Acc: 0.1133 | Test Acc: 0.1135 | VRAM (Alloc/Reserved): 93.9/582.0 MiB | Time: 473.5s
[ByzFL-SNN]   [Step 250/500] (50.0%) | Val Acc: 0.1133 | Test Acc: 0.1135 | VRAM (Alloc/Reserved): 93.5/582.0 MiB | Time: 589.6s
[ByzFL-SNN]   [Step 300/500] (60.0%) | Val Acc: 0.0997 | Test Acc: 0.1032 | VRAM (Alloc/Reserved): 93.0/582.0 MiB | Time: 702.6s
[ByzFL-SNN]   [Step 350/500] (70.0%) | Val Acc: 0.0972 | Test Acc: 0.0958 | VRAM (Alloc/Reserved): 94.2/582.0 MiB | Time: 819.8s
[ByzFL-SNN]   [Step 400/500] (80.0%) | Val Acc: 0.1068 | Test Acc: 0.1028 | VRAM (Alloc/Reserved): 93.8/582.0 MiB | Time: 933.1s
[ByzFL-SNN]   [Step 450/500] (90.0%) | Val Acc: 0.1037 | Test Acc: 0.1010 | VRAM (Alloc/Reserved): 94.9/582.0 MiB | Time: 1046.2s
[ByzFL-SNN] [Training Complete] Peak VRAM (Alloc/Reserved): 357.2/582.0 MiB | Total time: 1156.9s

Training 2 done

[ByzFL-SNN] [Training Start] Model: cnn_mnist | Dataset: mnist
[ByzFL-SNN]   Aggregator: CenteredClipping | Attack: Optimal_InnerProductManipulation
[ByzFL-SNN]   Distribution: gamma_similarity_niid (gamma=0.66)
[ByzFL-SNN]   Clients: 10 honest, 2 byzantine | Algorithm: DSGD
[ByzFL-SNN]   Learning Rate: 0.15 | Steps: 500 | Device: cuda:0
[ByzFL-SNN]   Validation samples: 12000 | Test samples: 10000
[ByzFL-SNN] Initial VRAM (Alloc/Reserved): 36.1/42.0 MiB
[ByzFL-SNN]   [Step 0/500] (0.0%) | Val Acc: 0.1542 | Test Acc: 0.1595 | VRAM (Alloc/Reserved): 44.3/64.0 MiB | Time: 5.0s
[ByzFL-SNN]   [Step 50/500] (10.0%) | Val Acc: 0.7620 | Test Acc: 0.7749 | VRAM (Alloc/Reserved): 96.8/584.0 MiB | Time: 125.2s
[ByzFL-SNN]   [Step 100/500] (20.0%) | Val Acc: 0.8928 | Test Acc: 0.9012 | VRAM (Alloc/Reserved): 97.7/584.0 MiB | Time: 242.5s
[ByzFL-SNN]   [Step 150/500] (30.0%) | Val Acc: 0.9036 | Test Acc: 0.9131 | VRAM (Alloc/Reserved): 96.8/584.0 MiB | Time: 360.2s
[ByzFL-SNN]   [Step 200/500] (40.0%) | Val Acc: 0.9391 | Test Acc: 0.9448 | VRAM (Alloc/Reserved): 96.6/584.0 MiB | Time: 476.4s
[ByzFL-SNN]   [Step 250/500] (50.0%) | Val Acc: 0.9491 | Test Acc: 0.9538 | VRAM (Alloc/Reserved): 97.5/584.0 MiB | Time: 592.6s
[ByzFL-SNN]   [Step 300/500] (60.0%) | Val Acc: 0.9587 | Test Acc: 0.9626 | VRAM (Alloc/Reserved): 96.9/584.0 MiB | Time: 708.1s
[ByzFL-SNN]   [Step 350/500] (70.0%) | Val Acc: 0.9444 | Test Acc: 0.9514 | VRAM (Alloc/Reserved): 96.7/584.0 MiB | Time: 825.2s
[ByzFL-SNN]   [Step 400/500] (80.0%) | Val Acc: 0.9497 | Test Acc: 0.9539 | VRAM (Alloc/Reserved): 97.7/584.0 MiB | Time: 941.7s
[ByzFL-SNN]   [Step 450/500] (90.0%) | Val Acc: 0.9697 | Test Acc: 0.9718 | VRAM (Alloc/Reserved): 97.2/584.0 MiB | Time: 1056.5s
[ByzFL-SNN] [Training Complete] Peak VRAM (Alloc/Reserved): 361.2/584.0 MiB | Total time: 1167.9s

Training 3 done

[ByzFL-SNN] [Training Start] Model: cnn_mnist | Dataset: mnist
[ByzFL-SNN]   Aggregator: CenteredClipping | Attack: Optimal_InnerProductManipulation
[ByzFL-SNN]   Distribution: gamma_similarity_niid (gamma=0.66)
[ByzFL-SNN]   Clients: 10 honest, 2 byzantine | Algorithm: DSGD
[ByzFL-SNN]   Learning Rate: 0.15 | Steps: 500 | Device: cuda:1
[ByzFL-SNN]   Validation samples: 12000 | Test samples: 10000
[ByzFL-SNN] Initial VRAM (Alloc/Reserved): 36.1/42.0 MiB
[ByzFL-SNN]   [Step 0/500] (0.0%) | Val Acc: 0.1542 | Test Acc: 0.1595 | VRAM (Alloc/Reserved): 44.3/64.0 MiB | Time: 5.0s
[ByzFL-SNN]   [Step 50/500] (10.0%) | Val Acc: 0.8407 | Test Acc: 0.8483 | VRAM (Alloc/Reserved): 96.8/584.0 MiB | Time: 126.8s
[ByzFL-SNN]   [Step 100/500] (20.0%) | Val Acc: 0.9077 | Test Acc: 0.9163 | VRAM (Alloc/Reserved): 97.7/584.0 MiB | Time: 246.0s
[ByzFL-SNN]   [Step 150/500] (30.0%) | Val Acc: 0.8951 | Test Acc: 0.9062 | VRAM (Alloc/Reserved): 96.8/584.0 MiB | Time: 362.1s
[ByzFL-SNN]   [Step 200/500] (40.0%) | Val Acc: 0.9450 | Test Acc: 0.9509 | VRAM (Alloc/Reserved): 96.6/584.0 MiB | Time: 481.0s
[ByzFL-SNN]   [Step 250/500] (50.0%) | Val Acc: 0.9406 | Test Acc: 0.9472 | VRAM (Alloc/Reserved): 97.5/584.0 MiB | Time: 596.2s
[ByzFL-SNN]   [Step 300/500] (60.0%) | Val Acc: 0.9582 | Test Acc: 0.9625 | VRAM (Alloc/Reserved): 96.9/584.0 MiB | Time: 716.7s
[ByzFL-SNN]   [Step 350/500] (70.0%) | Val Acc: 0.9468 | Test Acc: 0.9519 | VRAM (Alloc/Reserved): 96.7/584.0 MiB | Time: 831.8s
[ByzFL-SNN]   [Step 400/500] (80.0%) | Val Acc: 0.9653 | Test Acc: 0.9685 | VRAM (Alloc/Reserved): 97.7/584.0 MiB | Time: 947.5s
[ByzFL-SNN]   [Step 450/500] (90.0%) | Val Acc: 0.9680 | Test Acc: 0.9728 | VRAM (Alloc/Reserved): 97.2/584.0 MiB | Time: 1062.5s
[ByzFL-SNN] [Training Complete] Peak VRAM (Alloc/Reserved): 361.2/584.0 MiB | Total time: 1174.4s

Training 4 done

[ByzFL-SNN] [Training Start] Model: cnn_mnist | Dataset: mnist
[ByzFL-SNN]   Aggregator: CenteredClipping | Attack: Optimal_ALittleIsEnough_neg1
[ByzFL-SNN]   Distribution: gamma_similarity_niid (gamma=0.33)
[ByzFL-SNN]   Clients: 10 honest, 2 byzantine | Algorithm: DSGD
[ByzFL-SNN]   Learning Rate: 0.15 | Steps: 500 | Device: cuda:1
[ByzFL-SNN]   Validation samples: 12000 | Test samples: 10000
[ByzFL-SNN] Initial VRAM (Alloc/Reserved): 36.1/42.0 MiB
[ByzFL-SNN]   [Step 0/500] (0.0%) | Val Acc: 0.1542 | Test Acc: 0.1595 | VRAM (Alloc/Reserved): 44.3/64.0 MiB | Time: 4.0s
[ByzFL-SNN]   [Step 50/500] (10.0%) | Val Acc: 0.0973 | Test Acc: 0.0961 | VRAM (Alloc/Reserved): 97.3/582.0 MiB | Time: 122.8s
[ByzFL-SNN]   [Step 100/500] (20.0%) | Val Acc: 0.7086 | Test Acc: 0.7117 | VRAM (Alloc/Reserved): 96.7/582.0 MiB | Time: 250.6s
[ByzFL-SNN]   [Step 150/500] (30.0%) | Val Acc: 0.7927 | Test Acc: 0.7919 | VRAM (Alloc/Reserved): 97.7/582.0 MiB | Time: 371.9s
[ByzFL-SNN]   [Step 200/500] (40.0%) | Val Acc: 0.0978 | Test Acc: 0.1009 | VRAM (Alloc/Reserved): 97.4/582.0 MiB | Time: 498.1s
[ByzFL-SNN]   [Step 250/500] (50.0%) | Val Acc: 0.1133 | Test Acc: 0.1135 | VRAM (Alloc/Reserved): 98.3/582.0 MiB | Time: 619.7s
[ByzFL-SNN]   [Step 300/500] (60.0%) | Val Acc: 0.0978 | Test Acc: 0.1009 | VRAM (Alloc/Reserved): 96.8/582.0 MiB | Time: 737.6s
[ByzFL-SNN]   [Step 350/500] (70.0%) | Val Acc: 0.1037 | Test Acc: 0.1010 | VRAM (Alloc/Reserved): 97.7/582.0 MiB | Time: 850.0s
[ByzFL-SNN]   [Step 400/500] (80.0%) | Val Acc: 0.0978 | Test Acc: 0.1009 | VRAM (Alloc/Reserved): 98.0/582.0 MiB | Time: 960.3s
[ByzFL-SNN]   [Step 450/500] (90.0%) | Val Acc: 0.0990 | Test Acc: 0.0980 | VRAM (Alloc/Reserved): 96.6/582.0 MiB | Time: 1070.5s
[ByzFL-SNN] [Training Complete] Peak VRAM (Alloc/Reserved): 361.2/582.0 MiB | Total time: 1173.9s

Training 5 done

[ByzFL-SNN] [Training Start] Model: cnn_mnist | Dataset: mnist
[ByzFL-SNN]   Aggregator: GeometricMedian | Attack: Optimal_InnerProductManipulation
[ByzFL-SNN]   Distribution: gamma_similarity_niid (gamma=0.66)
[ByzFL-SNN]   Clients: 10 honest, 2 byzantine | Algorithm: DSGD
[ByzFL-SNN]   Learning Rate: 0.15 | Steps: 500 | Device: cuda:1
[ByzFL-SNN]   Validation samples: 12000 | Test samples: 10000
[ByzFL-SNN] Initial VRAM (Alloc/Reserved): 36.1/42.0 MiB
[ByzFL-SNN]   [Step 0/500] (0.0%) | Val Acc: 0.1542 | Test Acc: 0.1595 | VRAM (Alloc/Reserved): 44.3/64.0 MiB | Time: 4.3s
[ByzFL-SNN]   [Step 50/500] (10.0%) | Val Acc: 0.8338 | Test Acc: 0.8422 | VRAM (Alloc/Reserved): 93.8/584.0 MiB | Time: 127.3s
[ByzFL-SNN]   [Step 100/500] (20.0%) | Val Acc: 0.8697 | Test Acc: 0.8836 | VRAM (Alloc/Reserved): 93.2/584.0 MiB | Time: 248.0s
[ByzFL-SNN]   [Step 150/500] (30.0%) | Val Acc: 0.9344 | Test Acc: 0.9400 | VRAM (Alloc/Reserved): 93.9/584.0 MiB | Time: 366.5s
[ByzFL-SNN]   [Step 200/500] (40.0%) | Val Acc: 0.9274 | Test Acc: 0.9330 | VRAM (Alloc/Reserved): 93.8/584.0 MiB | Time: 484.4s
[ByzFL-SNN]   [Step 250/500] (50.0%) | Val Acc: 0.9519 | Test Acc: 0.9569 | VRAM (Alloc/Reserved): 94.3/584.0 MiB | Time: 603.3s
[ByzFL-SNN]   [Step 300/500] (60.0%) | Val Acc: 0.9570 | Test Acc: 0.9621 | VRAM (Alloc/Reserved): 93.3/584.0 MiB | Time: 721.2s
[ByzFL-SNN]   [Step 350/500] (70.0%) | Val Acc: 0.9477 | Test Acc: 0.9523 | VRAM (Alloc/Reserved): 95.7/584.0 MiB | Time: 838.1s
[ByzFL-SNN]   [Step 400/500] (80.0%) | Val Acc: 0.9690 | Test Acc: 0.9735 | VRAM (Alloc/Reserved): 94.2/584.0 MiB | Time: 956.1s
[ByzFL-SNN]   [Step 450/500] (90.0%) | Val Acc: 0.9708 | Test Acc: 0.9745 | VRAM (Alloc/Reserved): 93.8/584.0 MiB | Time: 1075.3s
[ByzFL-SNN] [Training Complete] Peak VRAM (Alloc/Reserved): 358.9/584.0 MiB | Total time: 1183.6s

Training 6 done

[ByzFL-SNN] [Training Start] Model: cnn_mnist | Dataset: mnist
[ByzFL-SNN]   Aggregator: TrMean | Attack: Optimal_InnerProductManipulation
[ByzFL-SNN]   Distribution: gamma_similarity_niid (gamma=0.66)
[ByzFL-SNN]   Clients: 10 honest, 2 byzantine | Algorithm: DSGD
[ByzFL-SNN]   Learning Rate: 0.15 | Steps: 500 | Device: cuda:0
[ByzFL-SNN]   Validation samples: 12000 | Test samples: 10000
[ByzFL-SNN] Initial VRAM (Alloc/Reserved): 36.1/42.0 MiB
[ByzFL-SNN]   [Step 0/500] (0.0%) | Val Acc: 0.1542 | Test Acc: 0.1595 | VRAM (Alloc/Reserved): 44.3/64.0 MiB | Time: 5.0s
[ByzFL-SNN]   [Step 50/500] (10.0%) | Val Acc: 0.7650 | Test Acc: 0.7745 | VRAM (Alloc/Reserved): 93.7/584.0 MiB | Time: 126.4s
[ByzFL-SNN]   [Step 100/500] (20.0%) | Val Acc: 0.8969 | Test Acc: 0.9040 | VRAM (Alloc/Reserved): 94.3/584.0 MiB | Time: 247.5s
[ByzFL-SNN]   [Step 150/500] (30.0%) | Val Acc: 0.9343 | Test Acc: 0.9380 | VRAM (Alloc/Reserved): 94.6/584.0 MiB | Time: 367.2s
[ByzFL-SNN]   [Step 200/500] (40.0%) | Val Acc: 0.9453 | Test Acc: 0.9509 | VRAM (Alloc/Reserved): 93.9/584.0 MiB | Time: 486.9s
[ByzFL-SNN]   [Step 250/500] (50.0%) | Val Acc: 0.9534 | Test Acc: 0.9567 | VRAM (Alloc/Reserved): 94.3/584.0 MiB | Time: 604.5s
[ByzFL-SNN]   [Step 300/500] (60.0%) | Val Acc: 0.9652 | Test Acc: 0.9685 | VRAM (Alloc/Reserved): 94.5/584.0 MiB | Time: 722.0s
[ByzFL-SNN]   [Step 350/500] (70.0%) | Val Acc: 0.9657 | Test Acc: 0.9713 | VRAM (Alloc/Reserved): 94.4/584.0 MiB | Time: 838.8s
[ByzFL-SNN]   [Step 400/500] (80.0%) | Val Acc: 0.9685 | Test Acc: 0.9728 | VRAM (Alloc/Reserved): 94.4/584.0 MiB | Time: 954.2s
[ByzFL-SNN]   [Step 450/500] (90.0%) | Val Acc: 0.9714 | Test Acc: 0.9732 | VRAM (Alloc/Reserved): 93.7/584.0 MiB | Time: 1070.8s
[ByzFL-SNN] [Training Complete] Peak VRAM (Alloc/Reserved): 356.8/584.0 MiB | Total time: 1183.8s

Training 7 done

[ByzFL-SNN] [Training Start] Model: cnn_mnist | Dataset: mnist
[ByzFL-SNN]   Aggregator: TrMean | Attack: Optimal_InnerProductManipulation
[ByzFL-SNN]   Distribution: gamma_similarity_niid (gamma=0.66)
[ByzFL-SNN]   Clients: 10 honest, 2 byzantine | Algorithm: DSGD
[ByzFL-SNN]   Learning Rate: 0.15 | Steps: 500 | Device: cuda:1
[ByzFL-SNN]   Validation samples: 12000 | Test samples: 10000
[ByzFL-SNN] Initial VRAM (Alloc/Reserved): 36.1/42.0 MiB
[ByzFL-SNN]   [Step 0/500] (0.0%) | Val Acc: 0.1542 | Test Acc: 0.1595 | VRAM (Alloc/Reserved): 44.3/64.0 MiB | Time: 5.0s
[ByzFL-SNN]   [Step 50/500] (10.0%) | Val Acc: 0.7237 | Test Acc: 0.7258 | VRAM (Alloc/Reserved): 93.7/584.0 MiB | Time: 126.0s
[ByzFL-SNN]   [Step 100/500] (20.0%) | Val Acc: 0.8823 | Test Acc: 0.8909 | VRAM (Alloc/Reserved): 94.3/584.0 MiB | Time: 247.7s
[ByzFL-SNN]   [Step 150/500] (30.0%) | Val Acc: 0.9301 | Test Acc: 0.9383 | VRAM (Alloc/Reserved): 94.6/584.0 MiB | Time: 368.1s
[ByzFL-SNN]   [Step 200/500] (40.0%) | Val Acc: 0.9502 | Test Acc: 0.9531 | VRAM (Alloc/Reserved): 93.9/584.0 MiB | Time: 486.5s
[ByzFL-SNN]   [Step 250/500] (50.0%) | Val Acc: 0.9480 | Test Acc: 0.9513 | VRAM (Alloc/Reserved): 94.3/584.0 MiB | Time: 604.0s
[ByzFL-SNN]   [Step 300/500] (60.0%) | Val Acc: 0.9625 | Test Acc: 0.9651 | VRAM (Alloc/Reserved): 94.5/584.0 MiB | Time: 723.3s
[ByzFL-SNN]   [Step 350/500] (70.0%) | Val Acc: 0.9545 | Test Acc: 0.9590 | VRAM (Alloc/Reserved): 94.4/584.0 MiB | Time: 840.5s
[ByzFL-SNN]   [Step 400/500] (80.0%) | Val Acc: 0.9673 | Test Acc: 0.9723 | VRAM (Alloc/Reserved): 94.4/584.0 MiB | Time: 957.8s
[ByzFL-SNN]   [Step 450/500] (90.0%) | Val Acc: 0.9693 | Test Acc: 0.9729 | VRAM (Alloc/Reserved): 93.7/584.0 MiB | Time: 1075.6s
[ByzFL-SNN] [Training Complete] Peak VRAM (Alloc/Reserved): 356.8/584.0 MiB | Total time: 1184.5s

Training 8 done

[ByzFL-SNN] [Training Start] Model: cnn_mnist | Dataset: mnist
[ByzFL-SNN]   Aggregator: CenteredClipping | Attack: Optimal_ALittleIsEnough_neg1
[ByzFL-SNN]   Distribution: gamma_similarity_niid (gamma=0.66)
[ByzFL-SNN]   Clients: 10 honest, 2 byzantine | Algorithm: DSGD
[ByzFL-SNN]   Learning Rate: 0.15 | Steps: 500 | Device: cuda:1
[ByzFL-SNN]   Validation samples: 12000 | Test samples: 10000
[ByzFL-SNN] Initial VRAM (Alloc/Reserved): 36.1/42.0 MiB
[ByzFL-SNN]   [Step 0/500] (0.0%) | Val Acc: 0.1542 | Test Acc: 0.1595 | VRAM (Alloc/Reserved): 44.3/64.0 MiB | Time: 4.7s
[ByzFL-SNN]   [Step 50/500] (10.0%) | Val Acc: 0.7541 | Test Acc: 0.7644 | VRAM (Alloc/Reserved): 97.3/584.0 MiB | Time: 125.1s
[ByzFL-SNN]   [Step 100/500] (20.0%) | Val Acc: 0.8445 | Test Acc: 0.8508 | VRAM (Alloc/Reserved): 96.7/584.0 MiB | Time: 245.9s
[ByzFL-SNN]   [Step 150/500] (30.0%) | Val Acc: 0.9212 | Test Acc: 0.9288 | VRAM (Alloc/Reserved): 97.7/584.0 MiB | Time: 364.6s
[ByzFL-SNN]   [Step 200/500] (40.0%) | Val Acc: 0.9492 | Test Acc: 0.9527 | VRAM (Alloc/Reserved): 97.4/584.0 MiB | Time: 483.8s
[ByzFL-SNN]   [Step 250/500] (50.0%) | Val Acc: 0.9503 | Test Acc: 0.9577 | VRAM (Alloc/Reserved): 98.3/584.0 MiB | Time: 600.9s
[ByzFL-SNN]   [Step 300/500] (60.0%) | Val Acc: 0.9357 | Test Acc: 0.9418 | VRAM (Alloc/Reserved): 96.8/584.0 MiB | Time: 718.4s
[ByzFL-SNN]   [Step 350/500] (70.0%) | Val Acc: 0.9521 | Test Acc: 0.9579 | VRAM (Alloc/Reserved): 97.7/584.0 MiB | Time: 835.7s
[ByzFL-SNN]   [Step 400/500] (80.0%) | Val Acc: 0.9635 | Test Acc: 0.9690 | VRAM (Alloc/Reserved): 98.0/584.0 MiB | Time: 954.8s
[ByzFL-SNN]   [Step 450/500] (90.0%) | Val Acc: 0.9626 | Test Acc: 0.9687 | VRAM (Alloc/Reserved): 96.6/584.0 MiB | Time: 1074.8s
[ByzFL-SNN] [Training Complete] Peak VRAM (Alloc/Reserved): 361.2/584.0 MiB | Total time: 1187.8s

Training 9 done

[ByzFL-SNN] [Training Start] Model: cnn_mnist | Dataset: mnist
[ByzFL-SNN]   Aggregator: GeometricMedian | Attack: Optimal_InnerProductManipulation
[ByzFL-SNN]   Distribution: gamma_similarity_niid (gamma=0.66)
[ByzFL-SNN]   Clients: 10 honest, 2 byzantine | Algorithm: DSGD
[ByzFL-SNN]   Learning Rate: 0.15 | Steps: 500 | Device: cuda:0
[ByzFL-SNN]   Validation samples: 12000 | Test samples: 10000
[ByzFL-SNN] Initial VRAM (Alloc/Reserved): 36.1/42.0 MiB
[ByzFL-SNN]   [Step 0/500] (0.0%) | Val Acc: 0.1542 | Test Acc: 0.1595 | VRAM (Alloc/Reserved): 44.3/64.0 MiB | Time: 4.2s
[ByzFL-SNN]   [Step 50/500] (10.0%) | Val Acc: 0.7910 | Test Acc: 0.7949 | VRAM (Alloc/Reserved): 93.8/584.0 MiB | Time: 127.7s
[ByzFL-SNN]   [Step 100/500] (20.0%) | Val Acc: 0.8858 | Test Acc: 0.8961 | VRAM (Alloc/Reserved): 93.2/584.0 MiB | Time: 248.8s
[ByzFL-SNN]   [Step 150/500] (30.0%) | Val Acc: 0.9167 | Test Acc: 0.9254 | VRAM (Alloc/Reserved): 93.9/584.0 MiB | Time: 368.8s
[ByzFL-SNN]   [Step 200/500] (40.0%) | Val Acc: 0.9077 | Test Acc: 0.9151 | VRAM (Alloc/Reserved): 93.8/584.0 MiB | Time: 488.9s
[ByzFL-SNN]   [Step 250/500] (50.0%) | Val Acc: 0.9510 | Test Acc: 0.9558 | VRAM (Alloc/Reserved): 94.3/584.0 MiB | Time: 607.3s
[ByzFL-SNN]   [Step 300/500] (60.0%) | Val Acc: 0.9540 | Test Acc: 0.9584 | VRAM (Alloc/Reserved): 93.3/584.0 MiB | Time: 725.1s
[ByzFL-SNN]   [Step 350/500] (70.0%) | Val Acc: 0.9656 | Test Acc: 0.9691 | VRAM (Alloc/Reserved): 95.7/584.0 MiB | Time: 841.5s
[ByzFL-SNN]   [Step 400/500] (80.0%) | Val Acc: 0.9659 | Test Acc: 0.9689 | VRAM (Alloc/Reserved): 94.2/584.0 MiB | Time: 958.6s
[ByzFL-SNN]   [Step 450/500] (90.0%) | Val Acc: 0.9712 | Test Acc: 0.9738 | VRAM (Alloc/Reserved): 93.8/584.0 MiB | Time: 1076.7s
[ByzFL-SNN] [Training Complete] Peak VRAM (Alloc/Reserved): 358.9/584.0 MiB | Total time: 1188.8s

Training 10 done

[ByzFL-SNN] [Training Start] Model: cnn_mnist | Dataset: mnist
[ByzFL-SNN]   Aggregator: MultiKrum | Attack: Optimal_InnerProductManipulation
[ByzFL-SNN]   Distribution: gamma_similarity_niid (gamma=0.66)
[ByzFL-SNN]   Clients: 10 honest, 2 byzantine | Algorithm: DSGD
[ByzFL-SNN]   Learning Rate: 0.15 | Steps: 500 | Device: cuda:0
[ByzFL-SNN]   Validation samples: 12000 | Test samples: 10000
[ByzFL-SNN] Initial VRAM (Alloc/Reserved): 36.1/42.0 MiB
[ByzFL-SNN]   [Step 0/500] (0.0%) | Val Acc: 0.1542 | Test Acc: 0.1595 | VRAM (Alloc/Reserved): 44.3/64.0 MiB | Time: 5.1s
[ByzFL-SNN]   [Step 50/500] (10.0%) | Val Acc: 0.7438 | Test Acc: 0.7479 | VRAM (Alloc/Reserved): 93.7/584.0 MiB | Time: 126.8s
[ByzFL-SNN]   [Step 100/500] (20.0%) | Val Acc: 0.9146 | Test Acc: 0.9211 | VRAM (Alloc/Reserved): 94.3/584.0 MiB | Time: 247.0s
[ByzFL-SNN]   [Step 150/500] (30.0%) | Val Acc: 0.9240 | Test Acc: 0.9314 | VRAM (Alloc/Reserved): 94.6/584.0 MiB | Time: 367.1s
[ByzFL-SNN]   [Step 200/500] (40.0%) | Val Acc: 0.9377 | Test Acc: 0.9452 | VRAM (Alloc/Reserved): 93.9/584.0 MiB | Time: 487.4s
[ByzFL-SNN]   [Step 250/500] (50.0%) | Val Acc: 0.9572 | Test Acc: 0.9593 | VRAM (Alloc/Reserved): 94.3/584.0 MiB | Time: 607.6s
[ByzFL-SNN]   [Step 300/500] (60.0%) | Val Acc: 0.9638 | Test Acc: 0.9676 | VRAM (Alloc/Reserved): 94.5/584.0 MiB | Time: 722.8s
[ByzFL-SNN]   [Step 350/500] (70.0%) | Val Acc: 0.9649 | Test Acc: 0.9687 | VRAM (Alloc/Reserved): 94.4/584.0 MiB | Time: 841.5s
[ByzFL-SNN]   [Step 400/500] (80.0%) | Val Acc: 0.9706 | Test Acc: 0.9731 | VRAM (Alloc/Reserved): 94.4/584.0 MiB | Time: 960.5s
[ByzFL-SNN]   [Step 450/500] (90.0%) | Val Acc: 0.9683 | Test Acc: 0.9720 | VRAM (Alloc/Reserved): 93.7/584.0 MiB | Time: 1078.0s
[ByzFL-SNN] [Training Complete] Peak VRAM (Alloc/Reserved): 356.8/584.0 MiB | Total time: 1192.1s

Training 11 done

[ByzFL-SNN] [Training Start] Model: cnn_mnist | Dataset: mnist
[ByzFL-SNN]   Aggregator: MultiKrum | Attack: Optimal_InnerProductManipulation
[ByzFL-SNN]   Distribution: gamma_similarity_niid (gamma=0.66)
[ByzFL-SNN]   Clients: 10 honest, 2 byzantine | Algorithm: DSGD
[ByzFL-SNN]   Learning Rate: 0.15 | Steps: 500 | Device: cuda:1
[ByzFL-SNN]   Validation samples: 12000 | Test samples: 10000
[ByzFL-SNN] Initial VRAM (Alloc/Reserved): 36.1/42.0 MiB
[ByzFL-SNN]   [Step 0/500] (0.0%) | Val Acc: 0.1542 | Test Acc: 0.1595 | VRAM (Alloc/Reserved): 44.3/64.0 MiB | Time: 4.4s
[ByzFL-SNN]   [Step 50/500] (10.0%) | Val Acc: 0.6743 | Test Acc: 0.6822 | VRAM (Alloc/Reserved): 93.7/584.0 MiB | Time: 126.1s
[ByzFL-SNN]   [Step 100/500] (20.0%) | Val Acc: 0.8188 | Test Acc: 0.8321 | VRAM (Alloc/Reserved): 94.3/584.0 MiB | Time: 248.3s
[ByzFL-SNN]   [Step 150/500] (30.0%) | Val Acc: 0.9066 | Test Acc: 0.9147 | VRAM (Alloc/Reserved): 94.6/584.0 MiB | Time: 368.1s
[ByzFL-SNN]   [Step 200/500] (40.0%) | Val Acc: 0.9449 | Test Acc: 0.9494 | VRAM (Alloc/Reserved): 93.9/584.0 MiB | Time: 489.8s
[ByzFL-SNN]   [Step 250/500] (50.0%) | Val Acc: 0.9508 | Test Acc: 0.9539 | VRAM (Alloc/Reserved): 94.3/584.0 MiB | Time: 610.9s
[ByzFL-SNN]   [Step 300/500] (60.0%) | Val Acc: 0.9572 | Test Acc: 0.9617 | VRAM (Alloc/Reserved): 94.5/584.0 MiB | Time: 731.3s
[ByzFL-SNN]   [Step 350/500] (70.0%) | Val Acc: 0.9502 | Test Acc: 0.9549 | VRAM (Alloc/Reserved): 94.4/584.0 MiB | Time: 851.8s
[ByzFL-SNN]   [Step 400/500] (80.0%) | Val Acc: 0.9685 | Test Acc: 0.9723 | VRAM (Alloc/Reserved): 94.4/584.0 MiB | Time: 969.0s
[ByzFL-SNN]   [Step 450/500] (90.0%) | Val Acc: 0.9683 | Test Acc: 0.9712 | VRAM (Alloc/Reserved): 93.7/584.0 MiB | Time: 1088.9s
[ByzFL-SNN] [Training Complete] Peak VRAM (Alloc/Reserved): 356.8/584.0 MiB | Total time: 1197.9s

Training 12 done

[ByzFL-SNN] [Training Start] Model: cnn_mnist | Dataset: mnist
[ByzFL-SNN]   Aggregator: TrMean | Attack: Optimal_InnerProductManipulation
[ByzFL-SNN]   Distribution: gamma_similarity_niid (gamma=1.0)
[ByzFL-SNN]   Clients: 10 honest, 2 byzantine | Algorithm: DSGD
[ByzFL-SNN]   Learning Rate: 0.15 | Steps: 500 | Device: cuda:1
[ByzFL-SNN]   Validation samples: 12000 | Test samples: 10000
[ByzFL-SNN] Initial VRAM (Alloc/Reserved): 36.1/42.0 MiB
[ByzFL-SNN]   [Step 0/500] (0.0%) | Val Acc: 0.1542 | Test Acc: 0.1595 | VRAM (Alloc/Reserved): 44.3/64.0 MiB | Time: 3.3s
[ByzFL-SNN]   [Step 50/500] (10.0%) | Val Acc: 0.8860 | Test Acc: 0.8997 | VRAM (Alloc/Reserved): 93.7/586.0 MiB | Time: 106.9s
[ByzFL-SNN]   [Step 100/500] (20.0%) | Val Acc: 0.9417 | Test Acc: 0.9478 | VRAM (Alloc/Reserved): 94.3/586.0 MiB | Time: 227.7s
[ByzFL-SNN]   [Step 150/500] (30.0%) | Val Acc: 0.9577 | Test Acc: 0.9612 | VRAM (Alloc/Reserved): 94.6/586.0 MiB | Time: 349.3s
[ByzFL-SNN]   [Step 200/500] (40.0%) | Val Acc: 0.9628 | Test Acc: 0.9666 | VRAM (Alloc/Reserved): 93.9/586.0 MiB | Time: 471.9s
[ByzFL-SNN]   [Step 250/500] (50.0%) | Val Acc: 0.9704 | Test Acc: 0.9740 | VRAM (Alloc/Reserved): 94.3/586.0 MiB | Time: 595.0s
[ByzFL-SNN]   [Step 300/500] (60.0%) | Val Acc: 0.9717 | Test Acc: 0.9771 | VRAM (Alloc/Reserved): 94.5/586.0 MiB | Time: 718.5s
[ByzFL-SNN]   [Step 350/500] (70.0%) | Val Acc: 0.9764 | Test Acc: 0.9791 | VRAM (Alloc/Reserved): 94.4/586.0 MiB | Time: 842.9s
[ByzFL-SNN]   [Step 400/500] (80.0%) | Val Acc: 0.9769 | Test Acc: 0.9803 | VRAM (Alloc/Reserved): 94.4/586.0 MiB | Time: 967.1s
[ByzFL-SNN]   [Step 450/500] (90.0%) | Val Acc: 0.9775 | Test Acc: 0.9813 | VRAM (Alloc/Reserved): 93.7/586.0 MiB | Time: 1091.5s
[ByzFL-SNN] [Training Complete] Peak VRAM (Alloc/Reserved): 356.8/586.0 MiB | Total time: 1205.3s

Training 13 done

[ByzFL-SNN] [Training Start] Model: cnn_mnist | Dataset: mnist
[ByzFL-SNN]   Aggregator: CenteredClipping | Attack: Optimal_ALittleIsEnough_neg1
[ByzFL-SNN]   Distribution: gamma_similarity_niid (gamma=0.66)
[ByzFL-SNN]   Clients: 10 honest, 2 byzantine | Algorithm: DSGD
[ByzFL-SNN]   Learning Rate: 0.15 | Steps: 500 | Device: cuda:0
[ByzFL-SNN]   Validation samples: 12000 | Test samples: 10000
[ByzFL-SNN] Initial VRAM (Alloc/Reserved): 36.1/42.0 MiB
[ByzFL-SNN]   [Step 0/500] (0.0%) | Val Acc: 0.1542 | Test Acc: 0.1595 | VRAM (Alloc/Reserved): 44.3/64.0 MiB | Time: 4.8s
[ByzFL-SNN]   [Step 50/500] (10.0%) | Val Acc: 0.7354 | Test Acc: 0.7411 | VRAM (Alloc/Reserved): 97.3/584.0 MiB | Time: 129.5s
[ByzFL-SNN]   [Step 100/500] (20.0%) | Val Acc: 0.8744 | Test Acc: 0.8889 | VRAM (Alloc/Reserved): 96.7/584.0 MiB | Time: 250.3s
[ByzFL-SNN]   [Step 150/500] (30.0%) | Val Acc: 0.9378 | Test Acc: 0.9462 | VRAM (Alloc/Reserved): 97.7/584.0 MiB | Time: 370.8s
[ByzFL-SNN]   [Step 200/500] (40.0%) | Val Acc: 0.9459 | Test Acc: 0.9515 | VRAM (Alloc/Reserved): 97.4/584.0 MiB | Time: 491.1s
[ByzFL-SNN]   [Step 250/500] (50.0%) | Val Acc: 0.9421 | Test Acc: 0.9455 | VRAM (Alloc/Reserved): 98.3/584.0 MiB | Time: 608.8s
[ByzFL-SNN]   [Step 300/500] (60.0%) | Val Acc: 0.9678 | Test Acc: 0.9726 | VRAM (Alloc/Reserved): 96.8/584.0 MiB | Time: 726.4s
[ByzFL-SNN]   [Step 350/500] (70.0%) | Val Acc: 0.9648 | Test Acc: 0.9694 | VRAM (Alloc/Reserved): 97.7/584.0 MiB | Time: 845.3s
[ByzFL-SNN]   [Step 400/500] (80.0%) | Val Acc: 0.9698 | Test Acc: 0.9739 | VRAM (Alloc/Reserved): 98.0/584.0 MiB | Time: 966.4s
[ByzFL-SNN]   [Step 450/500] (90.0%) | Val Acc: 0.9597 | Test Acc: 0.9618 | VRAM (Alloc/Reserved): 96.6/584.0 MiB | Time: 1087.5s
[ByzFL-SNN] [Training Complete] Peak VRAM (Alloc/Reserved): 361.2/584.0 MiB | Total time: 1202.1s

Training 14 done

[ByzFL-SNN] [Training Start] Model: cnn_mnist | Dataset: mnist
[ByzFL-SNN]   Aggregator: MultiKrum | Attack: Optimal_ALittleIsEnough_neg1
[ByzFL-SNN]   Distribution: gamma_similarity_niid (gamma=0.66)
[ByzFL-SNN]   Clients: 10 honest, 2 byzantine | Algorithm: DSGD
[ByzFL-SNN]   Learning Rate: 0.15 | Steps: 500 | Device: cuda:1
[ByzFL-SNN]   Validation samples: 12000 | Test samples: 10000
[ByzFL-SNN] Initial VRAM (Alloc/Reserved): 36.1/42.0 MiB
[ByzFL-SNN]   [Step 0/500] (0.0%) | Val Acc: 0.1542 | Test Acc: 0.1595 | VRAM (Alloc/Reserved): 44.3/64.0 MiB | Time: 4.9s
[ByzFL-SNN]   [Step 50/500] (10.0%) | Val Acc: 0.8882 | Test Acc: 0.9001 | VRAM (Alloc/Reserved): 94.0/584.0 MiB | Time: 124.4s
[ByzFL-SNN]   [Step 100/500] (20.0%) | Val Acc: 0.9393 | Test Acc: 0.9464 | VRAM (Alloc/Reserved): 94.3/584.0 MiB | Time: 244.4s
[ByzFL-SNN]   [Step 150/500] (30.0%) | Val Acc: 0.9359 | Test Acc: 0.9397 | VRAM (Alloc/Reserved): 93.7/584.0 MiB | Time: 363.5s
[ByzFL-SNN]   [Step 200/500] (40.0%) | Val Acc: 0.9632 | Test Acc: 0.9682 | VRAM (Alloc/Reserved): 93.5/584.0 MiB | Time: 485.2s
[ByzFL-SNN]   [Step 250/500] (50.0%) | Val Acc: 0.9688 | Test Acc: 0.9738 | VRAM (Alloc/Reserved): 94.3/584.0 MiB | Time: 606.5s
[ByzFL-SNN]   [Step 300/500] (60.0%) | Val Acc: 0.9600 | Test Acc: 0.9673 | VRAM (Alloc/Reserved): 93.0/584.0 MiB | Time: 728.2s
[ByzFL-SNN]   [Step 350/500] (70.0%) | Val Acc: 0.9663 | Test Acc: 0.9738 | VRAM (Alloc/Reserved): 94.3/584.0 MiB | Time: 849.2s
[ByzFL-SNN]   [Step 400/500] (80.0%) | Val Acc: 0.9750 | Test Acc: 0.9783 | VRAM (Alloc/Reserved): 93.4/584.0 MiB | Time: 970.9s
[ByzFL-SNN]   [Step 450/500] (90.0%) | Val Acc: 0.9708 | Test Acc: 0.9760 | VRAM (Alloc/Reserved): 92.8/584.0 MiB | Time: 1091.6s
[ByzFL-SNN] [Training Complete] Peak VRAM (Alloc/Reserved): 357.0/584.0 MiB | Total time: 1203.3s

Training 15 done

[ByzFL-SNN] [Training Start] Model: cnn_mnist | Dataset: mnist
[ByzFL-SNN]   Aggregator: TrMean | Attack: Optimal_InnerProductManipulation
[ByzFL-SNN]   Distribution: gamma_similarity_niid (gamma=1.0)
[ByzFL-SNN]   Clients: 10 honest, 2 byzantine | Algorithm: DSGD
[ByzFL-SNN]   Learning Rate: 0.15 | Steps: 500 | Device: cuda:0
[ByzFL-SNN]   Validation samples: 12000 | Test samples: 10000
[ByzFL-SNN] Initial VRAM (Alloc/Reserved): 36.1/42.0 MiB
[ByzFL-SNN]   [Step 0/500] (0.0%) | Val Acc: 0.1542 | Test Acc: 0.1595 | VRAM (Alloc/Reserved): 44.3/64.0 MiB | Time: 3.1s
[ByzFL-SNN]   [Step 50/500] (10.0%) | Val Acc: 0.8922 | Test Acc: 0.9018 | VRAM (Alloc/Reserved): 93.7/586.0 MiB | Time: 105.1s
[ByzFL-SNN]   [Step 100/500] (20.0%) | Val Acc: 0.9428 | Test Acc: 0.9490 | VRAM (Alloc/Reserved): 94.3/586.0 MiB | Time: 227.6s
[ByzFL-SNN]   [Step 150/500] (30.0%) | Val Acc: 0.9580 | Test Acc: 0.9632 | VRAM (Alloc/Reserved): 94.6/586.0 MiB | Time: 349.8s
[ByzFL-SNN]   [Step 200/500] (40.0%) | Val Acc: 0.9617 | Test Acc: 0.9672 | VRAM (Alloc/Reserved): 93.9/586.0 MiB | Time: 473.8s
[ByzFL-SNN]   [Step 250/500] (50.0%) | Val Acc: 0.9705 | Test Acc: 0.9751 | VRAM (Alloc/Reserved): 94.3/586.0 MiB | Time: 594.7s
[ByzFL-SNN]   [Step 300/500] (60.0%) | Val Acc: 0.9728 | Test Acc: 0.9773 | VRAM (Alloc/Reserved): 94.5/586.0 MiB | Time: 717.5s
[ByzFL-SNN]   [Step 350/500] (70.0%) | Val Acc: 0.9762 | Test Acc: 0.9792 | VRAM (Alloc/Reserved): 94.4/586.0 MiB | Time: 841.3s
[ByzFL-SNN]   [Step 400/500] (80.0%) | Val Acc: 0.9769 | Test Acc: 0.9809 | VRAM (Alloc/Reserved): 94.4/586.0 MiB | Time: 965.3s
[ByzFL-SNN]   [Step 450/500] (90.0%) | Val Acc: 0.9782 | Test Acc: 0.9829 | VRAM (Alloc/Reserved): 93.7/586.0 MiB | Time: 1089.2s
[ByzFL-SNN] [Training Complete] Peak VRAM (Alloc/Reserved): 356.8/586.0 MiB | Total time: 1208.5s

Training 16 done

[ByzFL-SNN] [Training Start] Model: cnn_mnist | Dataset: mnist
[ByzFL-SNN]   Aggregator: MultiKrum | Attack: Optimal_InnerProductManipulation
[ByzFL-SNN]   Distribution: gamma_similarity_niid (gamma=1.0)
[ByzFL-SNN]   Clients: 10 honest, 2 byzantine | Algorithm: DSGD
[ByzFL-SNN]   Learning Rate: 0.15 | Steps: 500 | Device: cuda:1
[ByzFL-SNN]   Validation samples: 12000 | Test samples: 10000
[ByzFL-SNN] Initial VRAM (Alloc/Reserved): 36.1/42.0 MiB
[ByzFL-SNN]   [Step 0/500] (0.0%) | Val Acc: 0.1542 | Test Acc: 0.1595 | VRAM (Alloc/Reserved): 44.3/64.0 MiB | Time: 3.2s
[ByzFL-SNN]   [Step 50/500] (10.0%) | Val Acc: 0.8913 | Test Acc: 0.9015 | VRAM (Alloc/Reserved): 93.7/586.0 MiB | Time: 111.9s
[ByzFL-SNN]   [Step 100/500] (20.0%) | Val Acc: 0.9407 | Test Acc: 0.9474 | VRAM (Alloc/Reserved): 94.3/586.0 MiB | Time: 233.3s
[ByzFL-SNN]   [Step 150/500] (30.0%) | Val Acc: 0.9558 | Test Acc: 0.9598 | VRAM (Alloc/Reserved): 94.6/586.0 MiB | Time: 354.2s
[ByzFL-SNN]   [Step 200/500] (40.0%) | Val Acc: 0.9621 | Test Acc: 0.9655 | VRAM (Alloc/Reserved): 93.9/586.0 MiB | Time: 475.4s
[ByzFL-SNN]   [Step 250/500] (50.0%) | Val Acc: 0.9707 | Test Acc: 0.9738 | VRAM (Alloc/Reserved): 94.3/586.0 MiB | Time: 598.9s
[ByzFL-SNN]   [Step 300/500] (60.0%) | Val Acc: 0.9705 | Test Acc: 0.9759 | VRAM (Alloc/Reserved): 94.5/586.0 MiB | Time: 722.4s
[ByzFL-SNN]   [Step 350/500] (70.0%) | Val Acc: 0.9758 | Test Acc: 0.9783 | VRAM (Alloc/Reserved): 94.4/586.0 MiB | Time: 848.7s
[ByzFL-SNN]   [Step 400/500] (80.0%) | Val Acc: 0.9757 | Test Acc: 0.9795 | VRAM (Alloc/Reserved): 94.4/586.0 MiB | Time: 974.2s
[ByzFL-SNN]   [Step 450/500] (90.0%) | Val Acc: 0.9775 | Test Acc: 0.9802 | VRAM (Alloc/Reserved): 93.7/586.0 MiB | Time: 1098.9s
[ByzFL-SNN] [Training Complete] Peak VRAM (Alloc/Reserved): 356.8/586.0 MiB | Total time: 1210.8s

Training 17 done

[ByzFL-SNN] [Training Start] Model: cnn_mnist | Dataset: mnist
[ByzFL-SNN]   Aggregator: MultiKrum | Attack: Optimal_ALittleIsEnough_neg1
[ByzFL-SNN]   Distribution: gamma_similarity_niid (gamma=0.66)
[ByzFL-SNN]   Clients: 10 honest, 2 byzantine | Algorithm: DSGD
[ByzFL-SNN]   Learning Rate: 0.15 | Steps: 500 | Device: cuda:0
[ByzFL-SNN]   Validation samples: 12000 | Test samples: 10000
[ByzFL-SNN] Initial VRAM (Alloc/Reserved): 36.1/42.0 MiB
[ByzFL-SNN]   [Step 0/500] (0.0%) | Val Acc: 0.1542 | Test Acc: 0.1595 | VRAM (Alloc/Reserved): 44.3/64.0 MiB | Time: 4.3s
[ByzFL-SNN]   [Step 50/500] (10.0%) | Val Acc: 0.8342 | Test Acc: 0.8484 | VRAM (Alloc/Reserved): 94.0/584.0 MiB | Time: 120.8s
[ByzFL-SNN]   [Step 100/500] (20.0%) | Val Acc: 0.9345 | Test Acc: 0.9433 | VRAM (Alloc/Reserved): 94.3/584.0 MiB | Time: 241.1s
[ByzFL-SNN]   [Step 150/500] (30.0%) | Val Acc: 0.9335 | Test Acc: 0.9361 | VRAM (Alloc/Reserved): 93.7/584.0 MiB | Time: 361.1s
[ByzFL-SNN]   [Step 200/500] (40.0%) | Val Acc: 0.9314 | Test Acc: 0.9353 | VRAM (Alloc/Reserved): 93.5/584.0 MiB | Time: 483.9s
[ByzFL-SNN]   [Step 250/500] (50.0%) | Val Acc: 0.9620 | Test Acc: 0.9653 | VRAM (Alloc/Reserved): 94.3/584.0 MiB | Time: 601.5s
[ByzFL-SNN]   [Step 300/500] (60.0%) | Val Acc: 0.9559 | Test Acc: 0.9630 | VRAM (Alloc/Reserved): 93.0/584.0 MiB | Time: 723.1s
[ByzFL-SNN]   [Step 350/500] (70.0%) | Val Acc: 0.9477 | Test Acc: 0.9507 | VRAM (Alloc/Reserved): 94.3/584.0 MiB | Time: 844.3s
[ByzFL-SNN]   [Step 400/500] (80.0%) | Val Acc: 0.9647 | Test Acc: 0.9672 | VRAM (Alloc/Reserved): 93.4/584.0 MiB | Time: 967.0s
[ByzFL-SNN]   [Step 450/500] (90.0%) | Val Acc: 0.9758 | Test Acc: 0.9756 | VRAM (Alloc/Reserved): 92.8/584.0 MiB | Time: 1089.6s
[ByzFL-SNN] [Training Complete] Peak VRAM (Alloc/Reserved): 357.0/584.0 MiB | Total time: 1208.5s

Training 18 done

[ByzFL-SNN] [Training Start] Model: cnn_mnist | Dataset: mnist
[ByzFL-SNN]   Aggregator: TrMean | Attack: Optimal_ALittleIsEnough_neg1
[ByzFL-SNN]   Distribution: gamma_similarity_niid (gamma=0.66)
[ByzFL-SNN]   Clients: 10 honest, 2 byzantine | Algorithm: DSGD
[ByzFL-SNN]   Learning Rate: 0.15 | Steps: 500 | Device: cuda:0
[ByzFL-SNN]   Validation samples: 12000 | Test samples: 10000
[ByzFL-SNN] Initial VRAM (Alloc/Reserved): 36.1/42.0 MiB
[ByzFL-SNN]   [Step 0/500] (0.0%) | Val Acc: 0.1542 | Test Acc: 0.1595 | VRAM (Alloc/Reserved): 44.3/64.0 MiB | Time: 4.8s
[ByzFL-SNN]   [Step 50/500] (10.0%) | Val Acc: 0.7654 | Test Acc: 0.7738 | VRAM (Alloc/Reserved): 94.0/584.0 MiB | Time: 125.5s
[ByzFL-SNN]   [Step 100/500] (20.0%) | Val Acc: 0.8928 | Test Acc: 0.9056 | VRAM (Alloc/Reserved): 94.3/584.0 MiB | Time: 247.2s
[ByzFL-SNN]   [Step 150/500] (30.0%) | Val Acc: 0.9442 | Test Acc: 0.9496 | VRAM (Alloc/Reserved): 93.7/584.0 MiB | Time: 368.8s
[ByzFL-SNN]   [Step 200/500] (40.0%) | Val Acc: 0.9506 | Test Acc: 0.9583 | VRAM (Alloc/Reserved): 93.5/584.0 MiB | Time: 490.0s
[ByzFL-SNN]   [Step 250/500] (50.0%) | Val Acc: 0.9623 | Test Acc: 0.9673 | VRAM (Alloc/Reserved): 94.3/584.0 MiB | Time: 611.2s
[ByzFL-SNN]   [Step 300/500] (60.0%) | Val Acc: 0.9417 | Test Acc: 0.9474 | VRAM (Alloc/Reserved): 93.0/584.0 MiB | Time: 733.0s
[ByzFL-SNN]   [Step 350/500] (70.0%) | Val Acc: 0.9648 | Test Acc: 0.9708 | VRAM (Alloc/Reserved): 94.3/584.0 MiB | Time: 855.1s
[ByzFL-SNN]   [Step 400/500] (80.0%) | Val Acc: 0.9661 | Test Acc: 0.9726 | VRAM (Alloc/Reserved): 93.4/584.0 MiB | Time: 974.9s
[ByzFL-SNN]   [Step 450/500] (90.0%) | Val Acc: 0.9521 | Test Acc: 0.9556 | VRAM (Alloc/Reserved): 92.8/584.0 MiB | Time: 1094.3s
[ByzFL-SNN] [Training Complete] Peak VRAM (Alloc/Reserved): 357.0/584.0 MiB | Total time: 1210.3s

Training 19 done

[ByzFL-SNN] [Training Start] Model: cnn_mnist | Dataset: mnist
[ByzFL-SNN]   Aggregator: GeometricMedian | Attack: Optimal_InnerProductManipulation
[ByzFL-SNN]   Distribution: gamma_similarity_niid (gamma=0.33)
[ByzFL-SNN]   Clients: 10 honest, 2 byzantine | Algorithm: DSGD
[ByzFL-SNN]   Learning Rate: 0.15 | Steps: 500 | Device: cuda:1
[ByzFL-SNN]   Validation samples: 12000 | Test samples: 10000
[ByzFL-SNN] Initial VRAM (Alloc/Reserved): 36.1/42.0 MiB
[ByzFL-SNN]   [Step 0/500] (0.0%) | Val Acc: 0.1542 | Test Acc: 0.1595 | VRAM (Alloc/Reserved): 44.3/64.0 MiB | Time: 3.7s
[ByzFL-SNN]   [Step 50/500] (10.0%) | Val Acc: 0.0762 | Test Acc: 0.0769 | VRAM (Alloc/Reserved): 93.8/582.0 MiB | Time: 121.3s
[ByzFL-SNN]   [Step 100/500] (20.0%) | Val Acc: 0.5838 | Test Acc: 0.5905 | VRAM (Alloc/Reserved): 93.2/582.0 MiB | Time: 236.9s
[ByzFL-SNN]   [Step 150/500] (30.0%) | Val Acc: 0.0849 | Test Acc: 0.0825 | VRAM (Alloc/Reserved): 93.9/582.0 MiB | Time: 350.4s
[ByzFL-SNN]   [Step 200/500] (40.0%) | Val Acc: 0.1748 | Test Acc: 0.1714 | VRAM (Alloc/Reserved): 93.8/582.0 MiB | Time: 471.9s
[ByzFL-SNN]   [Step 250/500] (50.0%) | Val Acc: 0.1839 | Test Acc: 0.1796 | VRAM (Alloc/Reserved): 94.3/582.0 MiB | Time: 595.9s
[ByzFL-SNN]   [Step 300/500] (60.0%) | Val Acc: 0.0935 | Test Acc: 0.0988 | VRAM (Alloc/Reserved): 93.3/582.0 MiB | Time: 721.0s
[ByzFL-SNN]   [Step 350/500] (70.0%) | Val Acc: 0.1827 | Test Acc: 0.1873 | VRAM (Alloc/Reserved): 95.7/582.0 MiB | Time: 847.2s
[ByzFL-SNN]   [Step 400/500] (80.0%) | Val Acc: 0.1464 | Test Acc: 0.1484 | VRAM (Alloc/Reserved): 94.2/582.0 MiB | Time: 972.1s
[ByzFL-SNN]   [Step 450/500] (90.0%) | Val Acc: 0.1227 | Test Acc: 0.1203 | VRAM (Alloc/Reserved): 93.8/582.0 MiB | Time: 1099.1s
[ByzFL-SNN] [Training Complete] Peak VRAM (Alloc/Reserved): 358.9/582.0 MiB | Total time: 1210.5s

Training 20 done

[ByzFL-SNN] [Training Start] Model: cnn_mnist | Dataset: mnist
[ByzFL-SNN]   Aggregator: MultiKrum | Attack: Optimal_ALittleIsEnough_neg1
[ByzFL-SNN]   Distribution: gamma_similarity_niid (gamma=1.0)
[ByzFL-SNN]   Clients: 10 honest, 2 byzantine | Algorithm: DSGD
[ByzFL-SNN]   Learning Rate: 0.15 | Steps: 500 | Device: cuda:1
[ByzFL-SNN]   Validation samples: 12000 | Test samples: 10000
[ByzFL-SNN] Initial VRAM (Alloc/Reserved): 36.1/42.0 MiB
[ByzFL-SNN]   [Step 0/500] (0.0%) | Val Acc: 0.1542 | Test Acc: 0.1595 | VRAM (Alloc/Reserved): 44.3/64.0 MiB | Time: 3.4s
[ByzFL-SNN]   [Step 50/500] (10.0%) | Val Acc: 0.8855 | Test Acc: 0.8947 | VRAM (Alloc/Reserved): 94.0/586.0 MiB | Time: 119.8s
[ByzFL-SNN]   [Step 100/500] (20.0%) | Val Acc: 0.9456 | Test Acc: 0.9531 | VRAM (Alloc/Reserved): 94.3/586.0 MiB | Time: 242.2s
[ByzFL-SNN]   [Step 150/500] (30.0%) | Val Acc: 0.9593 | Test Acc: 0.9669 | VRAM (Alloc/Reserved): 93.7/586.0 MiB | Time: 363.9s
[ByzFL-SNN]   [Step 200/500] (40.0%) | Val Acc: 0.9679 | Test Acc: 0.9735 | VRAM (Alloc/Reserved): 93.5/586.0 MiB | Time: 486.7s
[ByzFL-SNN]   [Step 250/500] (50.0%) | Val Acc: 0.9676 | Test Acc: 0.9730 | VRAM (Alloc/Reserved): 94.3/586.0 MiB | Time: 609.1s
[ByzFL-SNN]   [Step 300/500] (60.0%) | Val Acc: 0.9766 | Test Acc: 0.9802 | VRAM (Alloc/Reserved): 93.0/586.0 MiB | Time: 733.4s
[ByzFL-SNN]   [Step 350/500] (70.0%) | Val Acc: 0.9781 | Test Acc: 0.9819 | VRAM (Alloc/Reserved): 94.3/586.0 MiB | Time: 859.5s
[ByzFL-SNN]   [Step 400/500] (80.0%) | Val Acc: 0.9768 | Test Acc: 0.9825 | VRAM (Alloc/Reserved): 93.4/586.0 MiB | Time: 983.3s
[ByzFL-SNN]   [Step 450/500] (90.0%) | Val Acc: 0.9746 | Test Acc: 0.9787 | VRAM (Alloc/Reserved): 92.8/586.0 MiB | Time: 1108.4s
[ByzFL-SNN] [Training Complete] Peak VRAM (Alloc/Reserved): 357.0/586.0 MiB | Total time: 1216.8s

Training 21 done

[ByzFL-SNN] [Training Start] Model: cnn_mnist | Dataset: mnist
[ByzFL-SNN]   Aggregator: MultiKrum | Attack: Optimal_InnerProductManipulation
[ByzFL-SNN]   Distribution: gamma_similarity_niid (gamma=1.0)
[ByzFL-SNN]   Clients: 10 honest, 2 byzantine | Algorithm: DSGD
[ByzFL-SNN]   Learning Rate: 0.15 | Steps: 500 | Device: cuda:0
[ByzFL-SNN]   Validation samples: 12000 | Test samples: 10000
[ByzFL-SNN] Initial VRAM (Alloc/Reserved): 36.1/42.0 MiB
[ByzFL-SNN]   [Step 0/500] (0.0%) | Val Acc: 0.1542 | Test Acc: 0.1595 | VRAM (Alloc/Reserved): 44.3/64.0 MiB | Time: 3.1s
[ByzFL-SNN]   [Step 50/500] (10.0%) | Val Acc: 0.8917 | Test Acc: 0.9013 | VRAM (Alloc/Reserved): 93.7/586.0 MiB | Time: 110.6s
[ByzFL-SNN]   [Step 100/500] (20.0%) | Val Acc: 0.9413 | Test Acc: 0.9473 | VRAM (Alloc/Reserved): 94.3/586.0 MiB | Time: 232.1s
[ByzFL-SNN]   [Step 150/500] (30.0%) | Val Acc: 0.9565 | Test Acc: 0.9609 | VRAM (Alloc/Reserved): 94.6/586.0 MiB | Time: 353.9s
[ByzFL-SNN]   [Step 200/500] (40.0%) | Val Acc: 0.9643 | Test Acc: 0.9685 | VRAM (Alloc/Reserved): 93.9/586.0 MiB | Time: 477.9s
[ByzFL-SNN]   [Step 250/500] (50.0%) | Val Acc: 0.9694 | Test Acc: 0.9746 | VRAM (Alloc/Reserved): 94.3/586.0 MiB | Time: 599.9s
[ByzFL-SNN]   [Step 300/500] (60.0%) | Val Acc: 0.9719 | Test Acc: 0.9773 | VRAM (Alloc/Reserved): 94.5/586.0 MiB | Time: 725.0s
[ByzFL-SNN]   [Step 350/500] (70.0%) | Val Acc: 0.9738 | Test Acc: 0.9772 | VRAM (Alloc/Reserved): 94.4/586.0 MiB | Time: 848.0s
[ByzFL-SNN]   [Step 400/500] (80.0%) | Val Acc: 0.9756 | Test Acc: 0.9794 | VRAM (Alloc/Reserved): 94.4/586.0 MiB | Time: 972.0s
[ByzFL-SNN]   [Step 450/500] (90.0%) | Val Acc: 0.9776 | Test Acc: 0.9826 | VRAM (Alloc/Reserved): 93.7/586.0 MiB | Time: 1096.2s
[ByzFL-SNN] [Training Complete] Peak VRAM (Alloc/Reserved): 356.8/586.0 MiB | Total time: 1218.1s

Training 22 done

[ByzFL-SNN] [Training Start] Model: cnn_mnist | Dataset: mnist
[ByzFL-SNN]   Aggregator: TrMean | Attack: Optimal_ALittleIsEnough_neg1
[ByzFL-SNN]   Distribution: gamma_similarity_niid (gamma=0.66)
[ByzFL-SNN]   Clients: 10 honest, 2 byzantine | Algorithm: DSGD
[ByzFL-SNN]   Learning Rate: 0.15 | Steps: 500 | Device: cuda:1
[ByzFL-SNN]   Validation samples: 12000 | Test samples: 10000
[ByzFL-SNN] Initial VRAM (Alloc/Reserved): 36.1/42.0 MiB
[ByzFL-SNN]   [Step 0/500] (0.0%) | Val Acc: 0.1542 | Test Acc: 0.1595 | VRAM (Alloc/Reserved): 44.3/64.0 MiB | Time: 5.1s
[ByzFL-SNN]   [Step 50/500] (10.0%) | Val Acc: 0.8952 | Test Acc: 0.9077 | VRAM (Alloc/Reserved): 94.0/584.0 MiB | Time: 125.6s
[ByzFL-SNN]   [Step 100/500] (20.0%) | Val Acc: 0.9169 | Test Acc: 0.9235 | VRAM (Alloc/Reserved): 94.3/584.0 MiB | Time: 247.4s
[ByzFL-SNN]   [Step 150/500] (30.0%) | Val Acc: 0.9437 | Test Acc: 0.9486 | VRAM (Alloc/Reserved): 93.7/584.0 MiB | Time: 368.3s
[ByzFL-SNN]   [Step 200/500] (40.0%) | Val Acc: 0.9542 | Test Acc: 0.9608 | VRAM (Alloc/Reserved): 93.5/584.0 MiB | Time: 491.3s
[ByzFL-SNN]   [Step 250/500] (50.0%) | Val Acc: 0.9652 | Test Acc: 0.9710 | VRAM (Alloc/Reserved): 94.3/584.0 MiB | Time: 614.2s
[ByzFL-SNN]   [Step 300/500] (60.0%) | Val Acc: 0.9691 | Test Acc: 0.9729 | VRAM (Alloc/Reserved): 93.0/584.0 MiB | Time: 736.6s
[ByzFL-SNN]   [Step 350/500] (70.0%) | Val Acc: 0.9537 | Test Acc: 0.9597 | VRAM (Alloc/Reserved): 94.3/584.0 MiB | Time: 859.7s
[ByzFL-SNN]   [Step 400/500] (80.0%) | Val Acc: 0.9705 | Test Acc: 0.9737 | VRAM (Alloc/Reserved): 93.4/584.0 MiB | Time: 984.8s
[ByzFL-SNN]   [Step 450/500] (90.0%) | Val Acc: 0.9699 | Test Acc: 0.9739 | VRAM (Alloc/Reserved): 92.8/584.0 MiB | Time: 1108.1s
[ByzFL-SNN] [Training Complete] Peak VRAM (Alloc/Reserved): 357.0/584.0 MiB | Total time: 1214.7s

Training 23 done

[ByzFL-SNN] [Training Start] Model: cnn_mnist | Dataset: mnist
[ByzFL-SNN]   Aggregator: MultiKrum | Attack: Optimal_ALittleIsEnough_neg1
[ByzFL-SNN]   Distribution: gamma_similarity_niid (gamma=1.0)
[ByzFL-SNN]   Clients: 10 honest, 2 byzantine | Algorithm: DSGD
[ByzFL-SNN]   Learning Rate: 0.15 | Steps: 500 | Device: cuda:0
[ByzFL-SNN]   Validation samples: 12000 | Test samples: 10000
[ByzFL-SNN] Initial VRAM (Alloc/Reserved): 36.1/42.0 MiB
[ByzFL-SNN]   [Step 0/500] (0.0%) | Val Acc: 0.1542 | Test Acc: 0.1595 | VRAM (Alloc/Reserved): 44.3/64.0 MiB | Time: 3.3s
[ByzFL-SNN]   [Step 50/500] (10.0%) | Val Acc: 0.8663 | Test Acc: 0.8755 | VRAM (Alloc/Reserved): 94.0/586.0 MiB | Time: 123.3s
[ByzFL-SNN]   [Step 100/500] (20.0%) | Val Acc: 0.9465 | Test Acc: 0.9519 | VRAM (Alloc/Reserved): 94.3/586.0 MiB | Time: 245.4s
[ByzFL-SNN]   [Step 150/500] (30.0%) | Val Acc: 0.9618 | Test Acc: 0.9664 | VRAM (Alloc/Reserved): 93.7/586.0 MiB | Time: 368.0s
[ByzFL-SNN]   [Step 200/500] (40.0%) | Val Acc: 0.9683 | Test Acc: 0.9724 | VRAM (Alloc/Reserved): 93.5/586.0 MiB | Time: 491.5s
[ByzFL-SNN]   [Step 250/500] (50.0%) | Val Acc: 0.9742 | Test Acc: 0.9763 | VRAM (Alloc/Reserved): 94.3/586.0 MiB | Time: 616.2s
[ByzFL-SNN]   [Step 300/500] (60.0%) | Val Acc: 0.9758 | Test Acc: 0.9796 | VRAM (Alloc/Reserved): 93.0/586.0 MiB | Time: 740.2s
[ByzFL-SNN]   [Step 350/500] (70.0%) | Val Acc: 0.9721 | Test Acc: 0.9784 | VRAM (Alloc/Reserved): 94.3/586.0 MiB | Time: 863.4s
[ByzFL-SNN]   [Step 400/500] (80.0%) | Val Acc: 0.9791 | Test Acc: 0.9807 | VRAM (Alloc/Reserved): 93.4/586.0 MiB | Time: 986.7s
[ByzFL-SNN]   [Step 450/500] (90.0%) | Val Acc: 0.9800 | Test Acc: 0.9846 | VRAM (Alloc/Reserved): 92.8/586.0 MiB | Time: 1108.8s
[ByzFL-SNN] [Training Complete] Peak VRAM (Alloc/Reserved): 357.0/586.0 MiB | Total time: 1227.9s

Training 24 done

[ByzFL-SNN] [Training Start] Model: cnn_mnist | Dataset: mnist
[ByzFL-SNN]   Aggregator: GeometricMedian | Attack: Optimal_ALittleIsEnough_neg1
[ByzFL-SNN]   Distribution: gamma_similarity_niid (gamma=0.66)
[ByzFL-SNN]   Clients: 10 honest, 2 byzantine | Algorithm: DSGD
[ByzFL-SNN]   Learning Rate: 0.15 | Steps: 500 | Device: cuda:1
[ByzFL-SNN]   Validation samples: 12000 | Test samples: 10000
[ByzFL-SNN] Initial VRAM (Alloc/Reserved): 36.1/42.0 MiB
[ByzFL-SNN]   [Step 0/500] (0.0%) | Val Acc: 0.1542 | Test Acc: 0.1595 | VRAM (Alloc/Reserved): 44.3/64.0 MiB | Time: 4.9s
[ByzFL-SNN]   [Step 50/500] (10.0%) | Val Acc: 0.8512 | Test Acc: 0.8586 | VRAM (Alloc/Reserved): 93.7/584.0 MiB | Time: 126.1s
[ByzFL-SNN]   [Step 100/500] (20.0%) | Val Acc: 0.9429 | Test Acc: 0.9487 | VRAM (Alloc/Reserved): 94.7/584.0 MiB | Time: 248.7s
[ByzFL-SNN]   [Step 150/500] (30.0%) | Val Acc: 0.9463 | Test Acc: 0.9549 | VRAM (Alloc/Reserved): 94.4/584.0 MiB | Time: 372.0s
[ByzFL-SNN]   [Step 200/500] (40.0%) | Val Acc: 0.9601 | Test Acc: 0.9657 | VRAM (Alloc/Reserved): 93.9/584.0 MiB | Time: 496.8s
[ByzFL-SNN]   [Step 250/500] (50.0%) | Val Acc: 0.9612 | Test Acc: 0.9665 | VRAM (Alloc/Reserved): 93.5/584.0 MiB | Time: 620.2s
[ByzFL-SNN]   [Step 300/500] (60.0%) | Val Acc: 0.9522 | Test Acc: 0.9600 | VRAM (Alloc/Reserved): 93.0/584.0 MiB | Time: 744.0s
[ByzFL-SNN]   [Step 350/500] (70.0%) | Val Acc: 0.9538 | Test Acc: 0.9588 | VRAM (Alloc/Reserved): 94.2/584.0 MiB | Time: 870.5s
[ByzFL-SNN]   [Step 400/500] (80.0%) | Val Acc: 0.9715 | Test Acc: 0.9736 | VRAM (Alloc/Reserved): 93.8/584.0 MiB | Time: 997.6s
[ByzFL-SNN]   [Step 450/500] (90.0%) | Val Acc: 0.9633 | Test Acc: 0.9704 | VRAM (Alloc/Reserved): 94.9/584.0 MiB | Time: 1122.5s
[ByzFL-SNN] [Training Complete] Peak VRAM (Alloc/Reserved): 357.2/584.0 MiB | Total time: 1223.8s

Training 25 done

[ByzFL-SNN] [Training Start] Model: cnn_mnist | Dataset: mnist
[ByzFL-SNN]   Aggregator: GeometricMedian | Attack: Optimal_ALittleIsEnough_neg1
[ByzFL-SNN]   Distribution: gamma_similarity_niid (gamma=0.66)
[ByzFL-SNN]   Clients: 10 honest, 2 byzantine | Algorithm: DSGD
[ByzFL-SNN]   Learning Rate: 0.15 | Steps: 500 | Device: cuda:0
[ByzFL-SNN]   Validation samples: 12000 | Test samples: 10000
[ByzFL-SNN] Initial VRAM (Alloc/Reserved): 36.1/42.0 MiB
[ByzFL-SNN]   [Step 0/500] (0.0%) | Val Acc: 0.1542 | Test Acc: 0.1595 | VRAM (Alloc/Reserved): 44.3/64.0 MiB | Time: 3.8s
[ByzFL-SNN]   [Step 50/500] (10.0%) | Val Acc: 0.6810 | Test Acc: 0.6853 | VRAM (Alloc/Reserved): 93.7/584.0 MiB | Time: 125.7s
[ByzFL-SNN]   [Step 100/500] (20.0%) | Val Acc: 0.8591 | Test Acc: 0.8691 | VRAM (Alloc/Reserved): 94.7/584.0 MiB | Time: 249.3s
[ByzFL-SNN]   [Step 150/500] (30.0%) | Val Acc: 0.9301 | Test Acc: 0.9373 | VRAM (Alloc/Reserved): 94.4/584.0 MiB | Time: 374.4s
[ByzFL-SNN]   [Step 200/500] (40.0%) | Val Acc: 0.9008 | Test Acc: 0.9033 | VRAM (Alloc/Reserved): 93.9/584.0 MiB | Time: 498.8s
[ByzFL-SNN]   [Step 250/500] (50.0%) | Val Acc: 0.9584 | Test Acc: 0.9647 | VRAM (Alloc/Reserved): 93.5/584.0 MiB | Time: 622.7s
[ByzFL-SNN]   [Step 300/500] (60.0%) | Val Acc: 0.9492 | Test Acc: 0.9545 | VRAM (Alloc/Reserved): 93.0/584.0 MiB | Time: 746.9s
[ByzFL-SNN]   [Step 350/500] (70.0%) | Val Acc: 0.9679 | Test Acc: 0.9762 | VRAM (Alloc/Reserved): 94.2/584.0 MiB | Time: 873.5s
[ByzFL-SNN]   [Step 400/500] (80.0%) | Val Acc: 0.9666 | Test Acc: 0.9735 | VRAM (Alloc/Reserved): 93.8/584.0 MiB | Time: 996.4s
[ByzFL-SNN]   [Step 450/500] (90.0%) | Val Acc: 0.9677 | Test Acc: 0.9724 | VRAM (Alloc/Reserved): 94.9/584.0 MiB | Time: 1120.7s
[ByzFL-SNN] [Training Complete] Peak VRAM (Alloc/Reserved): 357.2/584.0 MiB | Total time: 1240.4s

Training 26 done

[ByzFL-SNN] [Training Start] Model: cnn_mnist | Dataset: mnist
[ByzFL-SNN]   Aggregator: CenteredClipping | Attack: Optimal_ALittleIsEnough_neg1
[ByzFL-SNN]   Distribution: gamma_similarity_niid (gamma=0.33)
[ByzFL-SNN]   Clients: 10 honest, 2 byzantine | Algorithm: DSGD
[ByzFL-SNN]   Learning Rate: 0.15 | Steps: 500 | Device: cuda:0
[ByzFL-SNN]   Validation samples: 12000 | Test samples: 10000
[ByzFL-SNN] Initial VRAM (Alloc/Reserved): 36.1/42.0 MiB
[ByzFL-SNN]   [Step 0/500] (0.0%) | Val Acc: 0.1542 | Test Acc: 0.1595 | VRAM (Alloc/Reserved): 44.3/64.0 MiB | Time: 3.6s
[ByzFL-SNN]   [Step 50/500] (10.0%) | Val Acc: 0.5333 | Test Acc: 0.5361 | VRAM (Alloc/Reserved): 97.3/582.0 MiB | Time: 124.5s
[ByzFL-SNN]   [Step 100/500] (20.0%) | Val Acc: 0.7301 | Test Acc: 0.7319 | VRAM (Alloc/Reserved): 96.7/582.0 MiB | Time: 245.9s
[ByzFL-SNN]   [Step 150/500] (30.0%) | Val Acc: 0.8782 | Test Acc: 0.8806 | VRAM (Alloc/Reserved): 97.7/582.0 MiB | Time: 366.8s
[ByzFL-SNN]   [Step 200/500] (40.0%) | Val Acc: 0.9187 | Test Acc: 0.9228 | VRAM (Alloc/Reserved): 97.4/582.0 MiB | Time: 489.6s
[ByzFL-SNN]   [Step 250/500] (50.0%) | Val Acc: 0.8590 | Test Acc: 0.8654 | VRAM (Alloc/Reserved): 98.3/582.0 MiB | Time: 615.8s
[ByzFL-SNN]   [Step 300/500] (60.0%) | Val Acc: 0.6691 | Test Acc: 0.6861 | VRAM (Alloc/Reserved): 96.8/582.0 MiB | Time: 744.3s
[ByzFL-SNN]   [Step 350/500] (70.0%) | Val Acc: 0.5564 | Test Acc: 0.5584 | VRAM (Alloc/Reserved): 97.7/582.0 MiB | Time: 874.0s
[ByzFL-SNN]   [Step 400/500] (80.0%) | Val Acc: 0.6967 | Test Acc: 0.7054 | VRAM (Alloc/Reserved): 98.0/582.0 MiB | Time: 1005.7s
[ByzFL-SNN]   [Step 450/500] (90.0%) | Val Acc: 0.7561 | Test Acc: 0.7718 | VRAM (Alloc/Reserved): 96.6/582.0 MiB | Time: 1134.5s
[ByzFL-SNN] [Training Complete] Peak VRAM (Alloc/Reserved): 361.2/582.0 MiB | Total time: 1255.4s

Training 27 done

[ByzFL-SNN] [Training Start] Model: cnn_mnist | Dataset: mnist
[ByzFL-SNN]   Aggregator: GeometricMedian | Attack: Optimal_InnerProductManipulation
[ByzFL-SNN]   Distribution: gamma_similarity_niid (gamma=0.33)
[ByzFL-SNN]   Clients: 10 honest, 2 byzantine | Algorithm: DSGD
[ByzFL-SNN]   Learning Rate: 0.15 | Steps: 500 | Device: cuda:0
[ByzFL-SNN]   Validation samples: 12000 | Test samples: 10000
[ByzFL-SNN] Initial VRAM (Alloc/Reserved): 36.1/42.0 MiB
[ByzFL-SNN]   [Step 0/500] (0.0%) | Val Acc: 0.1542 | Test Acc: 0.1595 | VRAM (Alloc/Reserved): 44.3/64.0 MiB | Time: 4.3s
[ByzFL-SNN]   [Step 50/500] (10.0%) | Val Acc: 0.2342 | Test Acc: 0.2429 | VRAM (Alloc/Reserved): 93.8/582.0 MiB | Time: 122.2s
[ByzFL-SNN]   [Step 100/500] (20.0%) | Val Acc: 0.7629 | Test Acc: 0.7700 | VRAM (Alloc/Reserved): 93.2/582.0 MiB | Time: 239.5s
[ByzFL-SNN]   [Step 150/500] (30.0%) | Val Acc: 0.1107 | Test Acc: 0.1088 | VRAM (Alloc/Reserved): 93.9/582.0 MiB | Time: 355.5s
[ByzFL-SNN]   [Step 200/500] (40.0%) | Val Acc: 0.1133 | Test Acc: 0.1135 | VRAM (Alloc/Reserved): 93.8/582.0 MiB | Time: 471.5s
[ByzFL-SNN]   [Step 250/500] (50.0%) | Val Acc: 0.1133 | Test Acc: 0.1136 | VRAM (Alloc/Reserved): 94.3/582.0 MiB | Time: 601.7s
[ByzFL-SNN]   [Step 300/500] (60.0%) | Val Acc: 0.1133 | Test Acc: 0.1135 | VRAM (Alloc/Reserved): 93.3/582.0 MiB | Time: 736.9s
[ByzFL-SNN]   [Step 350/500] (70.0%) | Val Acc: 0.1133 | Test Acc: 0.1135 | VRAM (Alloc/Reserved): 95.7/582.0 MiB | Time: 867.6s
[ByzFL-SNN]   [Step 400/500] (80.0%) | Val Acc: 0.1133 | Test Acc: 0.1135 | VRAM (Alloc/Reserved): 94.2/582.0 MiB | Time: 1001.9s
[ByzFL-SNN]   [Step 450/500] (90.0%) | Val Acc: 0.1133 | Test Acc: 0.1136 | VRAM (Alloc/Reserved): 93.8/582.0 MiB | Time: 1133.1s
[ByzFL-SNN] [Training Complete] Peak VRAM (Alloc/Reserved): 358.9/582.0 MiB | Total time: 1262.8s

Training 28 done

[ByzFL-SNN] [Training Start] Model: cnn_mnist | Dataset: mnist
[ByzFL-SNN]   Aggregator: GeometricMedian | Attack: Optimal_ALittleIsEnough_neg1
[ByzFL-SNN]   Distribution: gamma_similarity_niid (gamma=0.33)
[ByzFL-SNN]   Clients: 10 honest, 2 byzantine | Algorithm: DSGD
[ByzFL-SNN]   Learning Rate: 0.15 | Steps: 500 | Device: cuda:0
[ByzFL-SNN]   Validation samples: 12000 | Test samples: 10000
[ByzFL-SNN] Initial VRAM (Alloc/Reserved): 36.1/42.0 MiB
[ByzFL-SNN]   [Step 0/500] (0.0%) | Val Acc: 0.1542 | Test Acc: 0.1595 | VRAM (Alloc/Reserved): 44.3/64.0 MiB | Time: 4.0s
[ByzFL-SNN]   [Step 50/500] (10.0%) | Val Acc: 0.4387 | Test Acc: 0.4557 | VRAM (Alloc/Reserved): 93.7/582.0 MiB | Time: 127.2s
[ByzFL-SNN]   [Step 100/500] (20.0%) | Val Acc: 0.6827 | Test Acc: 0.6985 | VRAM (Alloc/Reserved): 94.7/582.0 MiB | Time: 252.6s
[ByzFL-SNN]   [Step 150/500] (30.0%) | Val Acc: 0.8583 | Test Acc: 0.8662 | VRAM (Alloc/Reserved): 94.4/582.0 MiB | Time: 378.4s
[ByzFL-SNN]   [Step 200/500] (40.0%) | Val Acc: 0.8611 | Test Acc: 0.8700 | VRAM (Alloc/Reserved): 93.9/582.0 MiB | Time: 501.4s
[ByzFL-SNN]   [Step 250/500] (50.0%) | Val Acc: 0.8358 | Test Acc: 0.8485 | VRAM (Alloc/Reserved): 93.5/582.0 MiB | Time: 632.3s
[ByzFL-SNN]   [Step 300/500] (60.0%) | Val Acc: 0.4594 | Test Acc: 0.4746 | VRAM (Alloc/Reserved): 93.0/582.0 MiB | Time: 762.5s
[ByzFL-SNN]   [Step 350/500] (70.0%) | Val Acc: 0.1327 | Test Acc: 0.1412 | VRAM (Alloc/Reserved): 94.2/582.0 MiB | Time: 892.6s
[ByzFL-SNN]   [Step 400/500] (80.0%) | Val Acc: 0.1591 | Test Acc: 0.1719 | VRAM (Alloc/Reserved): 93.8/582.0 MiB | Time: 1017.3s
[ByzFL-SNN]   [Step 450/500] (90.0%) | Val Acc: 0.2685 | Test Acc: 0.2811 | VRAM (Alloc/Reserved): 94.9/582.0 MiB | Time: 1139.8s
[ByzFL-SNN] [Training Complete] Peak VRAM (Alloc/Reserved): 357.2/582.0 MiB | Total time: 1263.9s

Training 29 done

[ByzFL-SNN] [Training Start] Model: cnn_mnist | Dataset: mnist
[ByzFL-SNN]   Aggregator: CenteredClipping | Attack: Optimal_InnerProductManipulation
[ByzFL-SNN]   Distribution: gamma_similarity_niid (gamma=0.33)
[ByzFL-SNN]   Clients: 10 honest, 2 byzantine | Algorithm: DSGD
[ByzFL-SNN]   Learning Rate: 0.15 | Steps: 500 | Device: cuda:1
[ByzFL-SNN]   Validation samples: 12000 | Test samples: 10000
[ByzFL-SNN] Initial VRAM (Alloc/Reserved): 36.1/42.0 MiB
[ByzFL-SNN]   [Step 0/500] (0.0%) | Val Acc: 0.1542 | Test Acc: 0.1595 | VRAM (Alloc/Reserved): 44.3/64.0 MiB | Time: 3.8s
[ByzFL-SNN]   [Step 50/500] (10.0%) | Val Acc: 0.3236 | Test Acc: 0.3330 | VRAM (Alloc/Reserved): 96.8/582.0 MiB | Time: 112.5s
[ByzFL-SNN]   [Step 100/500] (20.0%) | Val Acc: 0.6436 | Test Acc: 0.6584 | VRAM (Alloc/Reserved): 97.7/582.0 MiB | Time: 224.1s
[ByzFL-SNN]   [Step 150/500] (30.0%) | Val Acc: 0.7268 | Test Acc: 0.7335 | VRAM (Alloc/Reserved): 96.8/582.0 MiB | Time: 341.6s
[ByzFL-SNN]   [Step 200/500] (40.0%) | Val Acc: 0.7013 | Test Acc: 0.7122 | VRAM (Alloc/Reserved): 96.6/582.0 MiB | Time: 456.2s
[ByzFL-SNN]   [Step 250/500] (50.0%) | Val Acc: 0.2074 | Test Acc: 0.2104 | VRAM (Alloc/Reserved): 97.5/582.0 MiB | Time: 567.7s
[ByzFL-SNN]   [Step 300/500] (60.0%) | Val Acc: 0.1953 | Test Acc: 0.1970 | VRAM (Alloc/Reserved): 96.9/582.0 MiB | Time: 694.6s
[ByzFL-SNN]   [Step 350/500] (70.0%) | Val Acc: 0.1915 | Test Acc: 0.2028 | VRAM (Alloc/Reserved): 96.7/582.0 MiB | Time: 820.1s
[ByzFL-SNN]   [Step 400/500] (80.0%) | Val Acc: 0.1969 | Test Acc: 0.2047 | VRAM (Alloc/Reserved): 97.7/582.0 MiB | Time: 915.9s
[ByzFL-SNN]   [Step 450/500] (90.0%) | Val Acc: 0.2004 | Test Acc: 0.2083 | VRAM (Alloc/Reserved): 97.2/582.0 MiB | Time: 1023.6s
[ByzFL-SNN] [Training Complete] Peak VRAM (Alloc/Reserved): 361.2/582.0 MiB | Total time: 1129.3s

Training 30 done

[ByzFL-SNN] [Training Start] Model: cnn_mnist | Dataset: mnist
[ByzFL-SNN]   Aggregator: TrMean | Attack: SignFlipping
[ByzFL-SNN]   Distribution: gamma_similarity_niid (gamma=0.33)
[ByzFL-SNN]   Clients: 10 honest, 2 byzantine | Algorithm: DSGD
[ByzFL-SNN]   Learning Rate: 0.15 | Steps: 500 | Device: cuda:1
[ByzFL-SNN]   Validation samples: 12000 | Test samples: 10000
[ByzFL-SNN] Initial VRAM (Alloc/Reserved): 36.1/42.0 MiB
[ByzFL-SNN]   [Step 0/500] (0.0%) | Val Acc: 0.1542 | Test Acc: 0.1595 | VRAM (Alloc/Reserved): 44.3/64.0 MiB | Time: 3.6s
[ByzFL-SNN]   [Step 50/500] (10.0%) | Val Acc: 0.7572 | Test Acc: 0.7612 | VRAM (Alloc/Reserved): 94.1/582.0 MiB | Time: 31.3s
[ByzFL-SNN]   [Step 100/500] (20.0%) | Val Acc: 0.8406 | Test Acc: 0.8447 | VRAM (Alloc/Reserved): 95.0/582.0 MiB | Time: 57.8s
[ByzFL-SNN]   [Step 150/500] (30.0%) | Val Acc: 0.8782 | Test Acc: 0.8785 | VRAM (Alloc/Reserved): 94.4/582.0 MiB | Time: 86.3s
[ByzFL-SNN]   [Step 200/500] (40.0%) | Val Acc: 0.9145 | Test Acc: 0.9210 | VRAM (Alloc/Reserved): 94.7/582.0 MiB | Time: 116.5s
[ByzFL-SNN]   [Step 250/500] (50.0%) | Val Acc: 0.9299 | Test Acc: 0.9375 | VRAM (Alloc/Reserved): 92.9/582.0 MiB | Time: 147.1s
[ByzFL-SNN]   [Step 300/500] (60.0%) | Val Acc: 0.9335 | Test Acc: 0.9369 | VRAM (Alloc/Reserved): 93.6/582.0 MiB | Time: 177.5s
[ByzFL-SNN]   [Step 350/500] (70.0%) | Val Acc: 0.9473 | Test Acc: 0.9494 | VRAM (Alloc/Reserved): 93.8/582.0 MiB | Time: 208.0s
[ByzFL-SNN]   [Step 400/500] (80.0%) | Val Acc: 0.9487 | Test Acc: 0.9520 | VRAM (Alloc/Reserved): 95.1/582.0 MiB | Time: 237.9s
[ByzFL-SNN]   [Step 450/500] (90.0%) | Val Acc: 0.9532 | Test Acc: 0.9578 | VRAM (Alloc/Reserved): 93.7/582.0 MiB | Time: 267.8s
[ByzFL-SNN] [Training Complete] Peak VRAM (Alloc/Reserved): 350.7/582.0 MiB | Total time: 294.0s

Training 31 done

[ByzFL-SNN] [Training Start] Model: cnn_mnist | Dataset: mnist
[ByzFL-SNN]   Aggregator: MultiKrum | Attack: SignFlipping
[ByzFL-SNN]   Distribution: gamma_similarity_niid (gamma=0.33)
[ByzFL-SNN]   Clients: 10 honest, 2 byzantine | Algorithm: DSGD
[ByzFL-SNN]   Learning Rate: 0.15 | Steps: 500 | Device: cuda:1
[ByzFL-SNN]   Validation samples: 12000 | Test samples: 10000
[ByzFL-SNN] Initial VRAM (Alloc/Reserved): 36.1/42.0 MiB
[ByzFL-SNN]   [Step 0/500] (0.0%) | Val Acc: 0.1542 | Test Acc: 0.1595 | VRAM (Alloc/Reserved): 44.3/64.0 MiB | Time: 3.6s
[ByzFL-SNN]   [Step 50/500] (10.0%) | Val Acc: 0.7566 | Test Acc: 0.7609 | VRAM (Alloc/Reserved): 94.1/582.0 MiB | Time: 29.2s
[ByzFL-SNN]   [Step 100/500] (20.0%) | Val Acc: 0.8390 | Test Acc: 0.8426 | VRAM (Alloc/Reserved): 95.0/582.0 MiB | Time: 57.7s
[ByzFL-SNN]   [Step 150/500] (30.0%) | Val Acc: 0.8776 | Test Acc: 0.8788 | VRAM (Alloc/Reserved): 94.4/582.0 MiB | Time: 87.4s
[ByzFL-SNN]   [Step 200/500] (40.0%) | Val Acc: 0.9146 | Test Acc: 0.9217 | VRAM (Alloc/Reserved): 94.7/582.0 MiB | Time: 118.5s
[ByzFL-SNN]   [Step 250/500] (50.0%) | Val Acc: 0.9304 | Test Acc: 0.9377 | VRAM (Alloc/Reserved): 92.9/582.0 MiB | Time: 149.2s
[ByzFL-SNN]   [Step 300/500] (60.0%) | Val Acc: 0.9341 | Test Acc: 0.9380 | VRAM (Alloc/Reserved): 93.6/582.0 MiB | Time: 179.8s
[ByzFL-SNN]   [Step 350/500] (70.0%) | Val Acc: 0.9473 | Test Acc: 0.9498 | VRAM (Alloc/Reserved): 93.8/582.0 MiB | Time: 209.6s
[ByzFL-SNN]   [Step 400/500] (80.0%) | Val Acc: 0.9485 | Test Acc: 0.9522 | VRAM (Alloc/Reserved): 95.1/582.0 MiB | Time: 240.1s
[ByzFL-SNN]   [Step 450/500] (90.0%) | Val Acc: 0.9537 | Test Acc: 0.9585 | VRAM (Alloc/Reserved): 93.7/582.0 MiB | Time: 270.9s
[ByzFL-SNN] [Training Complete] Peak VRAM (Alloc/Reserved): 350.7/582.0 MiB | Total time: 296.6s

Training 32 done

[ByzFL-SNN] [Training Start] Model: cnn_mnist | Dataset: mnist
[ByzFL-SNN]   Aggregator: TrMean | Attack: SignFlipping
[ByzFL-SNN]   Distribution: gamma_similarity_niid (gamma=0.33)
[ByzFL-SNN]   Clients: 10 honest, 2 byzantine | Algorithm: DSGD
[ByzFL-SNN]   Learning Rate: 0.15 | Steps: 500 | Device: cuda:0
[ByzFL-SNN]   Validation samples: 12000 | Test samples: 10000
[ByzFL-SNN] Initial VRAM (Alloc/Reserved): 36.1/42.0 MiB
[ByzFL-SNN]   [Step 0/500] (0.0%) | Val Acc: 0.1542 | Test Acc: 0.1595 | VRAM (Alloc/Reserved): 44.3/64.0 MiB | Time: 3.8s
[ByzFL-SNN]   [Step 50/500] (10.0%) | Val Acc: 0.7910 | Test Acc: 0.7933 | VRAM (Alloc/Reserved): 94.1/582.0 MiB | Time: 36.2s
[ByzFL-SNN]   [Step 100/500] (20.0%) | Val Acc: 0.8404 | Test Acc: 0.8439 | VRAM (Alloc/Reserved): 95.0/582.0 MiB | Time: 69.4s
[ByzFL-SNN]   [Step 150/500] (30.0%) | Val Acc: 0.8898 | Test Acc: 0.8939 | VRAM (Alloc/Reserved): 94.4/582.0 MiB | Time: 101.6s
[ByzFL-SNN]   [Step 200/500] (40.0%) | Val Acc: 0.8827 | Test Acc: 0.8814 | VRAM (Alloc/Reserved): 94.7/582.0 MiB | Time: 132.2s
[ByzFL-SNN]   [Step 250/500] (50.0%) | Val Acc: 0.9344 | Test Acc: 0.9430 | VRAM (Alloc/Reserved): 92.9/582.0 MiB | Time: 162.8s
[ByzFL-SNN]   [Step 300/500] (60.0%) | Val Acc: 0.9397 | Test Acc: 0.9444 | VRAM (Alloc/Reserved): 93.6/582.0 MiB | Time: 193.9s
[ByzFL-SNN]   [Step 350/500] (70.0%) | Val Acc: 0.9251 | Test Acc: 0.9311 | VRAM (Alloc/Reserved): 93.8/582.0 MiB | Time: 224.6s
[ByzFL-SNN]   [Step 400/500] (80.0%) | Val Acc: 0.9481 | Test Acc: 0.9531 | VRAM (Alloc/Reserved): 95.1/582.0 MiB | Time: 255.2s
[ByzFL-SNN]   [Step 450/500] (90.0%) | Val Acc: 0.9393 | Test Acc: 0.9428 | VRAM (Alloc/Reserved): 93.7/582.0 MiB | Time: 285.9s
[ByzFL-SNN] [Training Complete] Peak VRAM (Alloc/Reserved): 350.7/582.0 MiB | Total time: 315.2s

Training 33 done

[ByzFL-SNN] [Training Start] Model: cnn_mnist | Dataset: mnist
[ByzFL-SNN]   Aggregator: MultiKrum | Attack: SignFlipping
[ByzFL-SNN]   Distribution: gamma_similarity_niid (gamma=0.33)
[ByzFL-SNN]   Clients: 10 honest, 2 byzantine | Algorithm: DSGD
[ByzFL-SNN]   Learning Rate: 0.15 | Steps: 500 | Device: cuda:0
[ByzFL-SNN]   Validation samples: 12000 | Test samples: 10000
[ByzFL-SNN] Initial VRAM (Alloc/Reserved): 36.1/42.0 MiB
[ByzFL-SNN]   [Step 0/500] (0.0%) | Val Acc: 0.1542 | Test Acc: 0.1595 | VRAM (Alloc/Reserved): 44.3/64.0 MiB | Time: 3.8s
[ByzFL-SNN]   [Step 50/500] (10.0%) | Val Acc: 0.7848 | Test Acc: 0.7872 | VRAM (Alloc/Reserved): 94.1/582.0 MiB | Time: 36.8s
[ByzFL-SNN]   [Step 100/500] (20.0%) | Val Acc: 0.8424 | Test Acc: 0.8467 | VRAM (Alloc/Reserved): 95.0/582.0 MiB | Time: 70.7s
[ByzFL-SNN]   [Step 150/500] (30.0%) | Val Acc: 0.8894 | Test Acc: 0.8919 | VRAM (Alloc/Reserved): 94.4/582.0 MiB | Time: 101.6s
[ByzFL-SNN]   [Step 200/500] (40.0%) | Val Acc: 0.8828 | Test Acc: 0.8826 | VRAM (Alloc/Reserved): 94.7/582.0 MiB | Time: 132.4s
[ByzFL-SNN]   [Step 250/500] (50.0%) | Val Acc: 0.9344 | Test Acc: 0.9426 | VRAM (Alloc/Reserved): 92.9/582.0 MiB | Time: 162.8s
[ByzFL-SNN]   [Step 300/500] (60.0%) | Val Acc: 0.9407 | Test Acc: 0.9453 | VRAM (Alloc/Reserved): 93.6/582.0 MiB | Time: 193.6s
[ByzFL-SNN]   [Step 350/500] (70.0%) | Val Acc: 0.9263 | Test Acc: 0.9325 | VRAM (Alloc/Reserved): 93.8/582.0 MiB | Time: 223.7s
[ByzFL-SNN]   [Step 400/500] (80.0%) | Val Acc: 0.9489 | Test Acc: 0.9535 | VRAM (Alloc/Reserved): 95.1/582.0 MiB | Time: 254.4s
[ByzFL-SNN]   [Step 450/500] (90.0%) | Val Acc: 0.9394 | Test Acc: 0.9432 | VRAM (Alloc/Reserved): 93.7/582.0 MiB | Time: 284.9s
[ByzFL-SNN] [Training Complete] Peak VRAM (Alloc/Reserved): 350.7/582.0 MiB | Total time: 313.5s

Training 34 done

[ByzFL-SNN] [Training Start] Model: cnn_mnist | Dataset: mnist
[ByzFL-SNN]   Aggregator: CenteredClipping | Attack: SignFlipping
[ByzFL-SNN]   Distribution: gamma_similarity_niid (gamma=0.0)
[ByzFL-SNN]   Clients: 10 honest, 2 byzantine | Algorithm: DSGD
[ByzFL-SNN]   Learning Rate: 0.15 | Steps: 500 | Device: cuda:1
[ByzFL-SNN]   Validation samples: 12000 | Test samples: 10000
[ByzFL-SNN] Initial VRAM (Alloc/Reserved): 36.1/42.0 MiB
[ByzFL-SNN]   [Step 0/500] (0.0%) | Val Acc: 0.1542 | Test Acc: 0.1595 | VRAM (Alloc/Reserved): 44.3/64.0 MiB | Time: 3.6s
[ByzFL-SNN]   [Step 50/500] (10.0%) | Val Acc: 0.2038 | Test Acc: 0.1990 | VRAM (Alloc/Reserved): 95.0/580.0 MiB | Time: 33.0s
[ByzFL-SNN]   [Step 100/500] (20.0%) | Val Acc: 0.1202 | Test Acc: 0.1213 | VRAM (Alloc/Reserved): 96.5/580.0 MiB | Time: 62.3s
[ByzFL-SNN]   [Step 150/500] (30.0%) | Val Acc: 0.1293 | Test Acc: 0.1284 | VRAM (Alloc/Reserved): 94.9/580.0 MiB | Time: 92.9s
[ByzFL-SNN]   [Step 200/500] (40.0%) | Val Acc: 0.2366 | Test Acc: 0.2325 | VRAM (Alloc/Reserved): 96.8/580.0 MiB | Time: 123.1s
[ByzFL-SNN]   [Step 250/500] (50.0%) | Val Acc: 0.0981 | Test Acc: 0.0974 | VRAM (Alloc/Reserved): 96.5/580.0 MiB | Time: 154.4s
[ByzFL-SNN]   [Step 300/500] (60.0%) | Val Acc: 0.0968 | Test Acc: 0.0982 | VRAM (Alloc/Reserved): 95.4/580.0 MiB | Time: 185.3s
[ByzFL-SNN]   [Step 350/500] (70.0%) | Val Acc: 0.0807 | Test Acc: 0.0844 | VRAM (Alloc/Reserved): 95.0/580.0 MiB | Time: 216.0s
[ByzFL-SNN]   [Step 400/500] (80.0%) | Val Acc: 0.1166 | Test Acc: 0.1160 | VRAM (Alloc/Reserved): 95.8/580.0 MiB | Time: 247.3s
[ByzFL-SNN]   [Step 450/500] (90.0%) | Val Acc: 0.0960 | Test Acc: 0.0901 | VRAM (Alloc/Reserved): 95.5/580.0 MiB | Time: 276.6s
[ByzFL-SNN] [Training Complete] Peak VRAM (Alloc/Reserved): 353.0/580.0 MiB | Total time: 303.9s

Training 35 done

[ByzFL-SNN] [Training Start] Model: cnn_mnist | Dataset: mnist
[ByzFL-SNN]   Aggregator: GeometricMedian | Attack: SignFlipping
[ByzFL-SNN]   Distribution: gamma_similarity_niid (gamma=0.0)
[ByzFL-SNN]   Clients: 10 honest, 2 byzantine | Algorithm: DSGD
[ByzFL-SNN]   Learning Rate: 0.15 | Steps: 500 | Device: cuda:1
[ByzFL-SNN]   Validation samples: 12000 | Test samples: 10000
[ByzFL-SNN] Initial VRAM (Alloc/Reserved): 36.1/42.0 MiB
[ByzFL-SNN]   [Step 0/500] (0.0%) | Val Acc: 0.1542 | Test Acc: 0.1595 | VRAM (Alloc/Reserved): 44.3/64.0 MiB | Time: 4.2s
[ByzFL-SNN]   [Step 50/500] (10.0%) | Val Acc: 0.3034 | Test Acc: 0.3058 | VRAM (Alloc/Reserved): 93.7/580.0 MiB | Time: 32.7s
[ByzFL-SNN]   [Step 100/500] (20.0%) | Val Acc: 0.0981 | Test Acc: 0.0974 | VRAM (Alloc/Reserved): 94.2/580.0 MiB | Time: 62.8s
[ByzFL-SNN]   [Step 150/500] (30.0%) | Val Acc: 0.0995 | Test Acc: 0.1032 | VRAM (Alloc/Reserved): 94.0/580.0 MiB | Time: 94.9s
[ByzFL-SNN]   [Step 200/500] (40.0%) | Val Acc: 0.0997 | Test Acc: 0.1032 | VRAM (Alloc/Reserved): 95.0/580.0 MiB | Time: 127.3s
[ByzFL-SNN]   [Step 250/500] (50.0%) | Val Acc: 0.0997 | Test Acc: 0.1032 | VRAM (Alloc/Reserved): 93.9/580.0 MiB | Time: 159.8s
[ByzFL-SNN]   [Step 300/500] (60.0%) | Val Acc: 0.1066 | Test Acc: 0.1024 | VRAM (Alloc/Reserved): 94.5/580.0 MiB | Time: 192.1s
[ByzFL-SNN]   [Step 350/500] (70.0%) | Val Acc: 0.0997 | Test Acc: 0.1032 | VRAM (Alloc/Reserved): 94.1/580.0 MiB | Time: 224.4s
[ByzFL-SNN]   [Step 400/500] (80.0%) | Val Acc: 0.0986 | Test Acc: 0.0982 | VRAM (Alloc/Reserved): 94.1/580.0 MiB | Time: 256.2s
[ByzFL-SNN]   [Step 450/500] (90.0%) | Val Acc: 0.1043 | Test Acc: 0.1008 | VRAM (Alloc/Reserved): 93.3/580.0 MiB | Time: 286.5s
[ByzFL-SNN] [Training Complete] Peak VRAM (Alloc/Reserved): 352.1/580.0 MiB | Total time: 314.4s

Training 36 done

[ByzFL-SNN] [Training Start] Model: cnn_mnist | Dataset: mnist
[ByzFL-SNN]   Aggregator: CenteredClipping | Attack: Optimal_InnerProductManipulation
[ByzFL-SNN]   Distribution: gamma_similarity_niid (gamma=0.33)
[ByzFL-SNN]   Clients: 10 honest, 2 byzantine | Algorithm: DSGD
[ByzFL-SNN]   Learning Rate: 0.15 | Steps: 500 | Device: cuda:0
[ByzFL-SNN]   Validation samples: 12000 | Test samples: 10000
[ByzFL-SNN] Initial VRAM (Alloc/Reserved): 36.1/42.0 MiB
[ByzFL-SNN]   [Step 0/500] (0.0%) | Val Acc: 0.1542 | Test Acc: 0.1595 | VRAM (Alloc/Reserved): 44.3/64.0 MiB | Time: 3.9s
[ByzFL-SNN]   [Step 50/500] (10.0%) | Val Acc: 0.0767 | Test Acc: 0.0780 | VRAM (Alloc/Reserved): 96.8/582.0 MiB | Time: 116.7s
[ByzFL-SNN]   [Step 100/500] (20.0%) | Val Acc: 0.4649 | Test Acc: 0.4873 | VRAM (Alloc/Reserved): 97.7/582.0 MiB | Time: 237.8s
[ByzFL-SNN]   [Step 150/500] (30.0%) | Val Acc: 0.7361 | Test Acc: 0.7478 | VRAM (Alloc/Reserved): 96.8/582.0 MiB | Time: 353.3s
[ByzFL-SNN]   [Step 200/500] (40.0%) | Val Acc: 0.7073 | Test Acc: 0.7162 | VRAM (Alloc/Reserved): 96.6/582.0 MiB | Time: 467.6s
[ByzFL-SNN]   [Step 250/500] (50.0%) | Val Acc: 0.0990 | Test Acc: 0.0980 | VRAM (Alloc/Reserved): 97.5/582.0 MiB | Time: 582.6s
[ByzFL-SNN]   [Step 300/500] (60.0%) | Val Acc: 0.1133 | Test Acc: 0.1135 | VRAM (Alloc/Reserved): 96.9/582.0 MiB | Time: 706.1s
[ByzFL-SNN]   [Step 350/500] (70.0%) | Val Acc: 0.0978 | Test Acc: 0.1009 | VRAM (Alloc/Reserved): 96.7/582.0 MiB | Time: 830.9s
[ByzFL-SNN]   [Step 400/500] (80.0%) | Val Acc: 0.1068 | Test Acc: 0.1028 | VRAM (Alloc/Reserved): 97.7/582.0 MiB | Time: 959.8s
[ByzFL-SNN]   [Step 450/500] (90.0%) | Val Acc: 0.1068 | Test Acc: 0.1028 | VRAM (Alloc/Reserved): 97.2/582.0 MiB | Time: 1082.6s
[ByzFL-SNN] [Training Complete] Peak VRAM (Alloc/Reserved): 361.2/582.0 MiB | Total time: 1204.5s

Training 37 done

[ByzFL-SNN] [Training Start] Model: cnn_mnist | Dataset: mnist
[ByzFL-SNN]   Aggregator: GeometricMedian | Attack: SignFlipping
[ByzFL-SNN]   Distribution: gamma_similarity_niid (gamma=0.0)
[ByzFL-SNN]   Clients: 10 honest, 2 byzantine | Algorithm: DSGD
[ByzFL-SNN]   Learning Rate: 0.15 | Steps: 500 | Device: cuda:0
[ByzFL-SNN]   Validation samples: 12000 | Test samples: 10000
[ByzFL-SNN] Initial VRAM (Alloc/Reserved): 36.1/42.0 MiB
[ByzFL-SNN]   [Step 0/500] (0.0%) | Val Acc: 0.1542 | Test Acc: 0.1595 | VRAM (Alloc/Reserved): 44.3/64.0 MiB | Time: 4.4s
[ByzFL-SNN]   [Step 50/500] (10.0%) | Val Acc: 0.5216 | Test Acc: 0.5223 | VRAM (Alloc/Reserved): 93.7/580.0 MiB | Time: 40.2s
[ByzFL-SNN]   [Step 100/500] (20.0%) | Val Acc: 0.1889 | Test Acc: 0.1927 | VRAM (Alloc/Reserved): 94.2/580.0 MiB | Time: 72.9s
[ByzFL-SNN]   [Step 150/500] (30.0%) | Val Acc: 0.1412 | Test Acc: 0.1418 | VRAM (Alloc/Reserved): 94.0/580.0 MiB | Time: 103.9s
[ByzFL-SNN]   [Step 200/500] (40.0%) | Val Acc: 0.2653 | Test Acc: 0.2810 | VRAM (Alloc/Reserved): 95.0/580.0 MiB | Time: 135.0s
[ByzFL-SNN]   [Step 250/500] (50.0%) | Val Acc: 0.1020 | Test Acc: 0.1027 | VRAM (Alloc/Reserved): 93.9/580.0 MiB | Time: 165.7s
[ByzFL-SNN]   [Step 300/500] (60.0%) | Val Acc: 0.1070 | Test Acc: 0.1033 | VRAM (Alloc/Reserved): 94.5/580.0 MiB | Time: 196.5s
[ByzFL-SNN]   [Step 350/500] (70.0%) | Val Acc: 0.1618 | Test Acc: 0.1633 | VRAM (Alloc/Reserved): 94.1/580.0 MiB | Time: 227.5s
[ByzFL-SNN]   [Step 400/500] (80.0%) | Val Acc: 0.0968 | Test Acc: 0.0982 | VRAM (Alloc/Reserved): 94.1/580.0 MiB | Time: 258.6s
[ByzFL-SNN]   [Step 450/500] (90.0%) | Val Acc: 0.0968 | Test Acc: 0.0982 | VRAM (Alloc/Reserved): 93.3/580.0 MiB | Time: 292.8s
[ByzFL-SNN] [Training Complete] Peak VRAM (Alloc/Reserved): 352.1/580.0 MiB | Total time: 323.3s

Training 38 done

[ByzFL-SNN] [Training Start] Model: cnn_mnist | Dataset: mnist
[ByzFL-SNN]   Aggregator: CenteredClipping | Attack: SignFlipping
[ByzFL-SNN]   Distribution: gamma_similarity_niid (gamma=0.0)
[ByzFL-SNN]   Clients: 10 honest, 2 byzantine | Algorithm: DSGD
[ByzFL-SNN]   Learning Rate: 0.15 | Steps: 500 | Device: cuda:0
[ByzFL-SNN]   Validation samples: 12000 | Test samples: 10000
[ByzFL-SNN] Initial VRAM (Alloc/Reserved): 36.1/42.0 MiB
[ByzFL-SNN]   [Step 0/500] (0.0%) | Val Acc: 0.1542 | Test Acc: 0.1595 | VRAM (Alloc/Reserved): 44.3/64.0 MiB | Time: 3.8s
[ByzFL-SNN]   [Step 50/500] (10.0%) | Val Acc: 0.2646 | Test Acc: 0.2745 | VRAM (Alloc/Reserved): 95.0/580.0 MiB | Time: 38.9s
[ByzFL-SNN]   [Step 100/500] (20.0%) | Val Acc: 0.1038 | Test Acc: 0.1010 | VRAM (Alloc/Reserved): 96.5/580.0 MiB | Time: 70.0s
[ByzFL-SNN]   [Step 150/500] (30.0%) | Val Acc: 0.1827 | Test Acc: 0.1870 | VRAM (Alloc/Reserved): 94.9/580.0 MiB | Time: 100.6s
[ByzFL-SNN]   [Step 200/500] (40.0%) | Val Acc: 0.1098 | Test Acc: 0.1109 | VRAM (Alloc/Reserved): 96.8/580.0 MiB | Time: 131.3s
[ByzFL-SNN]   [Step 250/500] (50.0%) | Val Acc: 0.0990 | Test Acc: 0.0980 | VRAM (Alloc/Reserved): 96.5/580.0 MiB | Time: 162.6s
[ByzFL-SNN]   [Step 300/500] (60.0%) | Val Acc: 0.1037 | Test Acc: 0.1010 | VRAM (Alloc/Reserved): 95.4/580.0 MiB | Time: 194.1s
[ByzFL-SNN]   [Step 350/500] (70.0%) | Val Acc: 0.0978 | Test Acc: 0.1009 | VRAM (Alloc/Reserved): 95.0/580.0 MiB | Time: 224.7s
[ByzFL-SNN]   [Step 400/500] (80.0%) | Val Acc: 0.1445 | Test Acc: 0.1439 | VRAM (Alloc/Reserved): 95.8/580.0 MiB | Time: 255.8s
[ByzFL-SNN]   [Step 450/500] (90.0%) | Val Acc: 0.1508 | Test Acc: 0.1656 | VRAM (Alloc/Reserved): 95.5/580.0 MiB | Time: 288.4s
[ByzFL-SNN] [Training Complete] Peak VRAM (Alloc/Reserved): 353.0/580.0 MiB | Total time: 317.7s

Training 39 done

[ByzFL-SNN] [Training Start] Model: cnn_mnist | Dataset: mnist
[ByzFL-SNN]   Aggregator: TrMean | Attack: SignFlipping
[ByzFL-SNN]   Distribution: gamma_similarity_niid (gamma=0.0)
[ByzFL-SNN]   Clients: 10 honest, 2 byzantine | Algorithm: DSGD
[ByzFL-SNN]   Learning Rate: 0.15 | Steps: 500 | Device: cuda:1
[ByzFL-SNN]   Validation samples: 12000 | Test samples: 10000
[ByzFL-SNN] Initial VRAM (Alloc/Reserved): 36.1/42.0 MiB
[ByzFL-SNN]   [Step 0/500] (0.0%) | Val Acc: 0.1542 | Test Acc: 0.1595 | VRAM (Alloc/Reserved): 44.3/64.0 MiB | Time: 3.5s
[ByzFL-SNN]   [Step 50/500] (10.0%) | Val Acc: 0.4491 | Test Acc: 0.4660 | VRAM (Alloc/Reserved): 94.1/580.0 MiB | Time: 35.3s
[ByzFL-SNN]   [Step 100/500] (20.0%) | Val Acc: 0.3822 | Test Acc: 0.3923 | VRAM (Alloc/Reserved): 95.0/580.0 MiB | Time: 66.2s
[ByzFL-SNN]   [Step 150/500] (30.0%) | Val Acc: 0.1704 | Test Acc: 0.1635 | VRAM (Alloc/Reserved): 94.4/580.0 MiB | Time: 97.3s
[ByzFL-SNN]   [Step 200/500] (40.0%) | Val Acc: 0.0990 | Test Acc: 0.0980 | VRAM (Alloc/Reserved): 94.7/580.0 MiB | Time: 128.7s
[ByzFL-SNN]   [Step 250/500] (50.0%) | Val Acc: 0.0990 | Test Acc: 0.0980 | VRAM (Alloc/Reserved): 92.9/580.0 MiB | Time: 159.9s
[ByzFL-SNN]   [Step 300/500] (60.0%) | Val Acc: 0.0990 | Test Acc: 0.0980 | VRAM (Alloc/Reserved): 93.6/580.0 MiB | Time: 190.0s
[ByzFL-SNN]   [Step 350/500] (70.0%) | Val Acc: 0.0990 | Test Acc: 0.0980 | VRAM (Alloc/Reserved): 93.8/580.0 MiB | Time: 219.8s
[ByzFL-SNN]   [Step 400/500] (80.0%) | Val Acc: 0.0990 | Test Acc: 0.0980 | VRAM (Alloc/Reserved): 95.1/580.0 MiB | Time: 248.9s
[ByzFL-SNN]   [Step 450/500] (90.0%) | Val Acc: 0.0990 | Test Acc: 0.0980 | VRAM (Alloc/Reserved): 93.7/580.0 MiB | Time: 278.0s
[ByzFL-SNN] [Training Complete] Peak VRAM (Alloc/Reserved): 350.5/580.0 MiB | Total time: 306.5s

Training 40 done

[ByzFL-SNN] [Training Start] Model: cnn_mnist | Dataset: mnist
[ByzFL-SNN]   Aggregator: TrMean | Attack: SignFlipping
[ByzFL-SNN]   Distribution: gamma_similarity_niid (gamma=0.0)
[ByzFL-SNN]   Clients: 10 honest, 2 byzantine | Algorithm: DSGD
[ByzFL-SNN]   Learning Rate: 0.15 | Steps: 500 | Device: cuda:0
[ByzFL-SNN]   Validation samples: 12000 | Test samples: 10000
[ByzFL-SNN] Initial VRAM (Alloc/Reserved): 36.1/42.0 MiB
[ByzFL-SNN]   [Step 0/500] (0.0%) | Val Acc: 0.1542 | Test Acc: 0.1595 | VRAM (Alloc/Reserved): 44.3/64.0 MiB | Time: 3.7s
[ByzFL-SNN]   [Step 50/500] (10.0%) | Val Acc: 0.5246 | Test Acc: 0.5425 | VRAM (Alloc/Reserved): 94.1/580.0 MiB | Time: 36.8s
[ByzFL-SNN]   [Step 100/500] (20.0%) | Val Acc: 0.1683 | Test Acc: 0.1722 | VRAM (Alloc/Reserved): 95.0/580.0 MiB | Time: 68.2s
[ByzFL-SNN]   [Step 150/500] (30.0%) | Val Acc: 0.1998 | Test Acc: 0.2105 | VRAM (Alloc/Reserved): 94.4/580.0 MiB | Time: 99.5s
[ByzFL-SNN]   [Step 200/500] (40.0%) | Val Acc: 0.0978 | Test Acc: 0.1009 | VRAM (Alloc/Reserved): 94.7/580.0 MiB | Time: 130.8s
[ByzFL-SNN]   [Step 250/500] (50.0%) | Val Acc: 0.0997 | Test Acc: 0.1032 | VRAM (Alloc/Reserved): 92.9/580.0 MiB | Time: 162.5s
[ByzFL-SNN]   [Step 300/500] (60.0%) | Val Acc: 0.1037 | Test Acc: 0.1010 | VRAM (Alloc/Reserved): 93.6/580.0 MiB | Time: 194.0s
[ByzFL-SNN]   [Step 350/500] (70.0%) | Val Acc: 0.1037 | Test Acc: 0.1010 | VRAM (Alloc/Reserved): 93.8/580.0 MiB | Time: 227.2s
[ByzFL-SNN]   [Step 400/500] (80.0%) | Val Acc: 0.1037 | Test Acc: 0.1010 | VRAM (Alloc/Reserved): 95.1/580.0 MiB | Time: 260.8s
[ByzFL-SNN]   [Step 450/500] (90.0%) | Val Acc: 0.1068 | Test Acc: 0.1028 | VRAM (Alloc/Reserved): 93.7/580.0 MiB | Time: 294.1s
[ByzFL-SNN] [Training Complete] Peak VRAM (Alloc/Reserved): 350.7/580.0 MiB | Total time: 324.5s

Training 41 done

[ByzFL-SNN] [Training Start] Model: cnn_mnist | Dataset: mnist
[ByzFL-SNN]   Aggregator: MultiKrum | Attack: SignFlipping
[ByzFL-SNN]   Distribution: gamma_similarity_niid (gamma=0.0)
[ByzFL-SNN]   Clients: 10 honest, 2 byzantine | Algorithm: DSGD
[ByzFL-SNN]   Learning Rate: 0.15 | Steps: 500 | Device: cuda:0
[ByzFL-SNN]   Validation samples: 12000 | Test samples: 10000
[ByzFL-SNN] Initial VRAM (Alloc/Reserved): 36.1/42.0 MiB
[ByzFL-SNN]   [Step 0/500] (0.0%) | Val Acc: 0.1542 | Test Acc: 0.1595 | VRAM (Alloc/Reserved): 44.3/64.0 MiB | Time: 3.8s
[ByzFL-SNN]   [Step 50/500] (10.0%) | Val Acc: 0.4022 | Test Acc: 0.4192 | VRAM (Alloc/Reserved): 94.1/580.0 MiB | Time: 36.7s
[ByzFL-SNN]   [Step 100/500] (20.0%) | Val Acc: 0.0978 | Test Acc: 0.1009 | VRAM (Alloc/Reserved): 95.0/580.0 MiB | Time: 69.4s
[ByzFL-SNN]   [Step 150/500] (30.0%) | Val Acc: 0.2781 | Test Acc: 0.2740 | VRAM (Alloc/Reserved): 94.4/580.0 MiB | Time: 102.0s
[ByzFL-SNN]   [Step 200/500] (40.0%) | Val Acc: 0.3448 | Test Acc: 0.3490 | VRAM (Alloc/Reserved): 94.7/580.0 MiB | Time: 134.3s
[ByzFL-SNN]   [Step 250/500] (50.0%) | Val Acc: 0.0978 | Test Acc: 0.1009 | VRAM (Alloc/Reserved): 92.9/580.0 MiB | Time: 166.2s
[ByzFL-SNN]   [Step 300/500] (60.0%) | Val Acc: 0.1133 | Test Acc: 0.1135 | VRAM (Alloc/Reserved): 93.6/580.0 MiB | Time: 198.9s
[ByzFL-SNN]   [Step 350/500] (70.0%) | Val Acc: 0.1133 | Test Acc: 0.1135 | VRAM (Alloc/Reserved): 93.8/580.0 MiB | Time: 231.8s
[ByzFL-SNN]   [Step 400/500] (80.0%) | Val Acc: 0.0997 | Test Acc: 0.1032 | VRAM (Alloc/Reserved): 95.1/580.0 MiB | Time: 264.7s
[ByzFL-SNN]   [Step 450/500] (90.0%) | Val Acc: 0.0981 | Test Acc: 0.0974 | VRAM (Alloc/Reserved): 93.7/580.0 MiB | Time: 297.8s
[ByzFL-SNN] [Training Complete] Peak VRAM (Alloc/Reserved): 350.7/580.0 MiB | Total time: 327.6s

Training 42 done

[ByzFL-SNN] [Training Start] Model: cnn_mnist | Dataset: mnist
[ByzFL-SNN]   Aggregator: MultiKrum | Attack: SignFlipping
[ByzFL-SNN]   Distribution: gamma_similarity_niid (gamma=0.0)
[ByzFL-SNN]   Clients: 10 honest, 2 byzantine | Algorithm: DSGD
[ByzFL-SNN]   Learning Rate: 0.15 | Steps: 500 | Device: cuda:1
[ByzFL-SNN]   Validation samples: 12000 | Test samples: 10000
[ByzFL-SNN] Initial VRAM (Alloc/Reserved): 36.1/42.0 MiB
[ByzFL-SNN]   [Step 0/500] (0.0%) | Val Acc: 0.1542 | Test Acc: 0.1595 | VRAM (Alloc/Reserved): 44.3/64.0 MiB | Time: 3.6s
[ByzFL-SNN]   [Step 50/500] (10.0%) | Val Acc: 0.5747 | Test Acc: 0.5878 | VRAM (Alloc/Reserved): 94.1/580.0 MiB | Time: 36.6s
[ByzFL-SNN]   [Step 100/500] (20.0%) | Val Acc: 0.0995 | Test Acc: 0.0990 | VRAM (Alloc/Reserved): 95.0/580.0 MiB | Time: 67.9s
[ByzFL-SNN]   [Step 150/500] (30.0%) | Val Acc: 0.2678 | Test Acc: 0.2670 | VRAM (Alloc/Reserved): 94.4/580.0 MiB | Time: 99.7s
[ByzFL-SNN]   [Step 200/500] (40.0%) | Val Acc: 0.1068 | Test Acc: 0.1028 | VRAM (Alloc/Reserved): 94.7/580.0 MiB | Time: 131.7s
[ByzFL-SNN]   [Step 250/500] (50.0%) | Val Acc: 0.1133 | Test Acc: 0.1135 | VRAM (Alloc/Reserved): 92.9/580.0 MiB | Time: 164.0s
[ByzFL-SNN]   [Step 300/500] (60.0%) | Val Acc: 0.1133 | Test Acc: 0.1135 | VRAM (Alloc/Reserved): 93.6/580.0 MiB | Time: 196.5s
[ByzFL-SNN]   [Step 350/500] (70.0%) | Val Acc: 0.1133 | Test Acc: 0.1135 | VRAM (Alloc/Reserved): 93.8/580.0 MiB | Time: 228.6s
[ByzFL-SNN]   [Step 400/500] (80.0%) | Val Acc: 0.1133 | Test Acc: 0.1135 | VRAM (Alloc/Reserved): 95.1/580.0 MiB | Time: 260.7s
[ByzFL-SNN]   [Step 450/500] (90.0%) | Val Acc: 0.1133 | Test Acc: 0.1135 | VRAM (Alloc/Reserved): 93.7/580.0 MiB | Time: 293.4s
[ByzFL-SNN] [Training Complete] Peak VRAM (Alloc/Reserved): 350.7/580.0 MiB | Total time: 322.3s

Training 43 done

[ByzFL-SNN] [Training Start] Model: cnn_mnist | Dataset: mnist
[ByzFL-SNN]   Aggregator: GeometricMedian | Attack: SignFlipping
[ByzFL-SNN]   Distribution: gamma_similarity_niid (gamma=1.0)
[ByzFL-SNN]   Clients: 10 honest, 3 byzantine | Algorithm: DSGD
[ByzFL-SNN]   Learning Rate: 0.15 | Steps: 500 | Device: cuda:0
[ByzFL-SNN]   Validation samples: 12000 | Test samples: 10000
[ByzFL-SNN] Initial VRAM (Alloc/Reserved): 36.1/42.0 MiB
[ByzFL-SNN]   [Step 0/500] (0.0%) | Val Acc: 0.1542 | Test Acc: 0.1595 | VRAM (Alloc/Reserved): 44.3/64.0 MiB | Time: 3.9s
[ByzFL-SNN]   [Step 50/500] (10.0%) | Val Acc: 0.8676 | Test Acc: 0.8810 | VRAM (Alloc/Reserved): 93.7/602.0 MiB | Time: 38.0s
[ByzFL-SNN]   [Step 100/500] (20.0%) | Val Acc: 0.9422 | Test Acc: 0.9480 | VRAM (Alloc/Reserved): 94.4/602.0 MiB | Time: 71.6s
[ByzFL-SNN]   [Step 150/500] (30.0%) | Val Acc: 0.9543 | Test Acc: 0.9599 | VRAM (Alloc/Reserved): 95.0/602.0 MiB | Time: 105.3s
[ByzFL-SNN]   [Step 200/500] (40.0%) | Val Acc: 0.9602 | Test Acc: 0.9657 | VRAM (Alloc/Reserved): 94.7/602.0 MiB | Time: 139.7s
[ByzFL-SNN]   [Step 250/500] (50.0%) | Val Acc: 0.9647 | Test Acc: 0.9713 | VRAM (Alloc/Reserved): 94.0/602.0 MiB | Time: 174.0s
[ByzFL-SNN]   [Step 300/500] (60.0%) | Val Acc: 0.9699 | Test Acc: 0.9749 | VRAM (Alloc/Reserved): 94.8/602.0 MiB | Time: 208.3s
[ByzFL-SNN]   [Step 350/500] (70.0%) | Val Acc: 0.9717 | Test Acc: 0.9754 | VRAM (Alloc/Reserved): 94.1/602.0 MiB | Time: 242.3s
[ByzFL-SNN]   [Step 400/500] (80.0%) | Val Acc: 0.9742 | Test Acc: 0.9777 | VRAM (Alloc/Reserved): 94.7/602.0 MiB | Time: 276.6s
[ByzFL-SNN]   [Step 450/500] (90.0%) | Val Acc: 0.9754 | Test Acc: 0.9800 | VRAM (Alloc/Reserved): 94.4/602.0 MiB | Time: 311.7s
[ByzFL-SNN] [Training Complete] Peak VRAM (Alloc/Reserved): 352.6/602.0 MiB | Total time: 343.5s

Training 44 done

[ByzFL-SNN] [Training Start] Model: cnn_mnist | Dataset: mnist
[ByzFL-SNN]   Aggregator: GeometricMedian | Attack: SignFlipping
[ByzFL-SNN]   Distribution: gamma_similarity_niid (gamma=1.0)
[ByzFL-SNN]   Clients: 10 honest, 3 byzantine | Algorithm: DSGD
[ByzFL-SNN]   Learning Rate: 0.15 | Steps: 500 | Device: cuda:1
[ByzFL-SNN]   Validation samples: 12000 | Test samples: 10000
[ByzFL-SNN] Initial VRAM (Alloc/Reserved): 36.1/42.0 MiB
[ByzFL-SNN]   [Step 0/500] (0.0%) | Val Acc: 0.1542 | Test Acc: 0.1595 | VRAM (Alloc/Reserved): 44.3/64.0 MiB | Time: 3.7s
[ByzFL-SNN]   [Step 50/500] (10.0%) | Val Acc: 0.8935 | Test Acc: 0.9051 | VRAM (Alloc/Reserved): 93.7/602.0 MiB | Time: 37.1s
[ByzFL-SNN]   [Step 100/500] (20.0%) | Val Acc: 0.9282 | Test Acc: 0.9370 | VRAM (Alloc/Reserved): 94.4/602.0 MiB | Time: 70.9s
[ByzFL-SNN]   [Step 150/500] (30.0%) | Val Acc: 0.9482 | Test Acc: 0.9527 | VRAM (Alloc/Reserved): 95.0/602.0 MiB | Time: 103.9s
[ByzFL-SNN]   [Step 200/500] (40.0%) | Val Acc: 0.9557 | Test Acc: 0.9594 | VRAM (Alloc/Reserved): 94.7/602.0 MiB | Time: 137.5s
[ByzFL-SNN]   [Step 250/500] (50.0%) | Val Acc: 0.9632 | Test Acc: 0.9680 | VRAM (Alloc/Reserved): 94.0/602.0 MiB | Time: 170.8s
[ByzFL-SNN]   [Step 300/500] (60.0%) | Val Acc: 0.9661 | Test Acc: 0.9717 | VRAM (Alloc/Reserved): 94.8/602.0 MiB | Time: 204.5s
[ByzFL-SNN]   [Step 350/500] (70.0%) | Val Acc: 0.9692 | Test Acc: 0.9754 | VRAM (Alloc/Reserved): 94.1/602.0 MiB | Time: 238.1s
[ByzFL-SNN]   [Step 400/500] (80.0%) | Val Acc: 0.9712 | Test Acc: 0.9756 | VRAM (Alloc/Reserved): 94.7/602.0 MiB | Time: 271.5s
[ByzFL-SNN]   [Step 450/500] (90.0%) | Val Acc: 0.9728 | Test Acc: 0.9760 | VRAM (Alloc/Reserved): 94.4/602.0 MiB | Time: 306.0s
[ByzFL-SNN] [Training Complete] Peak VRAM (Alloc/Reserved): 352.6/602.0 MiB | Total time: 336.7s

Training 45 done

[ByzFL-SNN] [Training Start] Model: cnn_mnist | Dataset: mnist
[ByzFL-SNN]   Aggregator: MultiKrum | Attack: Optimal_ALittleIsEnough_neg1
[ByzFL-SNN]   Distribution: gamma_similarity_niid (gamma=0.33)
[ByzFL-SNN]   Clients: 10 honest, 2 byzantine | Algorithm: DSGD
[ByzFL-SNN]   Learning Rate: 0.15 | Steps: 500 | Device: cuda:0
[ByzFL-SNN]   Validation samples: 12000 | Test samples: 10000
[ByzFL-SNN] Initial VRAM (Alloc/Reserved): 36.1/42.0 MiB
[ByzFL-SNN]   [Step 0/500] (0.0%) | Val Acc: 0.1542 | Test Acc: 0.1595 | VRAM (Alloc/Reserved): 44.3/64.0 MiB | Time: 3.7s
[ByzFL-SNN]   [Step 50/500] (10.0%) | Val Acc: 0.4178 | Test Acc: 0.4319 | VRAM (Alloc/Reserved): 94.0/582.0 MiB | Time: 120.6s
[ByzFL-SNN]   [Step 100/500] (20.0%) | Val Acc: 0.0981 | Test Acc: 0.0974 | VRAM (Alloc/Reserved): 94.3/582.0 MiB | Time: 236.3s
[ByzFL-SNN]   [Step 150/500] (30.0%) | Val Acc: 0.1133 | Test Acc: 0.1135 | VRAM (Alloc/Reserved): 93.7/582.0 MiB | Time: 353.9s
[ByzFL-SNN]   [Step 200/500] (40.0%) | Val Acc: 0.1133 | Test Acc: 0.1135 | VRAM (Alloc/Reserved): 93.5/582.0 MiB | Time: 472.4s
[ByzFL-SNN]   [Step 250/500] (50.0%) | Val Acc: 0.1133 | Test Acc: 0.1135 | VRAM (Alloc/Reserved): 94.3/582.0 MiB | Time: 583.3s
[ByzFL-SNN]   [Step 300/500] (60.0%) | Val Acc: 0.1133 | Test Acc: 0.1135 | VRAM (Alloc/Reserved): 93.0/582.0 MiB | Time: 692.6s
[ByzFL-SNN]   [Step 350/500] (70.0%) | Val Acc: 0.1133 | Test Acc: 0.1135 | VRAM (Alloc/Reserved): 94.3/582.0 MiB | Time: 802.5s
[ByzFL-SNN]   [Step 400/500] (80.0%) | Val Acc: 0.1133 | Test Acc: 0.1135 | VRAM (Alloc/Reserved): 93.4/582.0 MiB | Time: 911.0s
[ByzFL-SNN]   [Step 450/500] (90.0%) | Val Acc: 0.0877 | Test Acc: 0.0892 | VRAM (Alloc/Reserved): 92.8/582.0 MiB | Time: 1016.0s
[ByzFL-SNN] [Training Complete] Peak VRAM (Alloc/Reserved): 357.0/582.0 MiB | Total time: 1121.8s

Training 46 done

[ByzFL-SNN] [Training Start] Model: cnn_mnist | Dataset: mnist
[ByzFL-SNN]   Aggregator: TrMean | Attack: Optimal_InnerProductManipulation
[ByzFL-SNN]   Distribution: gamma_similarity_niid (gamma=0.33)
[ByzFL-SNN]   Clients: 10 honest, 2 byzantine | Algorithm: DSGD
[ByzFL-SNN]   Learning Rate: 0.15 | Steps: 500 | Device: cuda:1
[ByzFL-SNN]   Validation samples: 12000 | Test samples: 10000
[ByzFL-SNN] Initial VRAM (Alloc/Reserved): 36.1/42.0 MiB
[ByzFL-SNN]   [Step 0/500] (0.0%) | Val Acc: 0.1542 | Test Acc: 0.1595 | VRAM (Alloc/Reserved): 44.3/64.0 MiB | Time: 3.5s
[ByzFL-SNN]   [Step 50/500] (10.0%) | Val Acc: 0.0988 | Test Acc: 0.0951 | VRAM (Alloc/Reserved): 93.7/582.0 MiB | Time: 88.0s
[ByzFL-SNN]   [Step 100/500] (20.0%) | Val Acc: 0.7264 | Test Acc: 0.7380 | VRAM (Alloc/Reserved): 94.3/582.0 MiB | Time: 201.4s
[ByzFL-SNN]   [Step 150/500] (30.0%) | Val Acc: 0.7847 | Test Acc: 0.8017 | VRAM (Alloc/Reserved): 94.6/582.0 MiB | Time: 307.3s
[ByzFL-SNN]   [Step 200/500] (40.0%) | Val Acc: 0.0988 | Test Acc: 0.1001 | VRAM (Alloc/Reserved): 93.9/582.0 MiB | Time: 409.4s
[ByzFL-SNN]   [Step 250/500] (50.0%) | Val Acc: 0.1925 | Test Acc: 0.1926 | VRAM (Alloc/Reserved): 94.3/582.0 MiB | Time: 529.6s
[ByzFL-SNN]   [Step 300/500] (60.0%) | Val Acc: 0.2427 | Test Acc: 0.2507 | VRAM (Alloc/Reserved): 94.5/582.0 MiB | Time: 646.0s
[ByzFL-SNN]   [Step 350/500] (70.0%) | Val Acc: 0.0996 | Test Acc: 0.1032 | VRAM (Alloc/Reserved): 94.4/582.0 MiB | Time: 761.4s
[ByzFL-SNN]   [Step 400/500] (80.0%) | Val Acc: 0.1037 | Test Acc: 0.1010 | VRAM (Alloc/Reserved): 94.4/582.0 MiB | Time: 884.8s
[ByzFL-SNN]   [Step 450/500] (90.0%) | Val Acc: 0.0990 | Test Acc: 0.0980 | VRAM (Alloc/Reserved): 93.7/582.0 MiB | Time: 1009.6s
[ByzFL-SNN] [Training Complete] Peak VRAM (Alloc/Reserved): 356.8/582.0 MiB | Total time: 1136.4s

Training 47 done

[ByzFL-SNN] [Training Start] Model: cnn_mnist | Dataset: mnist
[ByzFL-SNN]   Aggregator: TrMean | Attack: Optimal_ALittleIsEnough_neg1
[ByzFL-SNN]   Distribution: gamma_similarity_niid (gamma=0.33)
[ByzFL-SNN]   Clients: 10 honest, 2 byzantine | Algorithm: DSGD
[ByzFL-SNN]   Learning Rate: 0.15 | Steps: 500 | Device: cuda:1
[ByzFL-SNN]   Validation samples: 12000 | Test samples: 10000
[ByzFL-SNN] Initial VRAM (Alloc/Reserved): 36.1/42.0 MiB
[ByzFL-SNN]   [Step 0/500] (0.0%) | Val Acc: 0.1542 | Test Acc: 0.1595 | VRAM (Alloc/Reserved): 44.3/64.0 MiB | Time: 3.6s
[ByzFL-SNN]   [Step 50/500] (10.0%) | Val Acc: 0.5527 | Test Acc: 0.5543 | VRAM (Alloc/Reserved): 94.0/582.0 MiB | Time: 95.1s
[ByzFL-SNN]   [Step 100/500] (20.0%) | Val Acc: 0.4877 | Test Acc: 0.4979 | VRAM (Alloc/Reserved): 94.3/582.0 MiB | Time: 207.6s
[ByzFL-SNN]   [Step 150/500] (30.0%) | Val Acc: 0.6208 | Test Acc: 0.6331 | VRAM (Alloc/Reserved): 93.7/582.0 MiB | Time: 318.8s
[ByzFL-SNN]   [Step 200/500] (40.0%) | Val Acc: 0.8879 | Test Acc: 0.9019 | VRAM (Alloc/Reserved): 93.5/582.0 MiB | Time: 425.4s
[ByzFL-SNN]   [Step 250/500] (50.0%) | Val Acc: 0.8469 | Test Acc: 0.8571 | VRAM (Alloc/Reserved): 94.3/582.0 MiB | Time: 546.4s
[ByzFL-SNN]   [Step 300/500] (60.0%) | Val Acc: 0.5892 | Test Acc: 0.5847 | VRAM (Alloc/Reserved): 93.0/582.0 MiB | Time: 668.1s
[ByzFL-SNN]   [Step 350/500] (70.0%) | Val Acc: 0.6763 | Test Acc: 0.6905 | VRAM (Alloc/Reserved): 94.3/582.0 MiB | Time: 789.2s
[ByzFL-SNN]   [Step 400/500] (80.0%) | Val Acc: 0.3218 | Test Acc: 0.3355 | VRAM (Alloc/Reserved): 93.4/582.0 MiB | Time: 909.6s
[ByzFL-SNN]   [Step 450/500] (90.0%) | Val Acc: 0.3673 | Test Acc: 0.3668 | VRAM (Alloc/Reserved): 92.8/582.0 MiB | Time: 1036.3s
[ByzFL-SNN] [Training Complete] Peak VRAM (Alloc/Reserved): 357.0/582.0 MiB | Total time: 1158.5s

Training 48 done

[ByzFL-SNN] [Training Start] Model: cnn_mnist | Dataset: mnist
[ByzFL-SNN]   Aggregator: TrMean | Attack: Optimal_InnerProductManipulation
[ByzFL-SNN]   Distribution: gamma_similarity_niid (gamma=0.33)
[ByzFL-SNN]   Clients: 10 honest, 2 byzantine | Algorithm: DSGD
[ByzFL-SNN]   Learning Rate: 0.15 | Steps: 500 | Device: cuda:0
[ByzFL-SNN]   Validation samples: 12000 | Test samples: 10000
[ByzFL-SNN] Initial VRAM (Alloc/Reserved): 36.1/42.0 MiB
[ByzFL-SNN]   [Step 0/500] (0.0%) | Val Acc: 0.1542 | Test Acc: 0.1595 | VRAM (Alloc/Reserved): 44.3/64.0 MiB | Time: 3.9s
[ByzFL-SNN]   [Step 50/500] (10.0%) | Val Acc: 0.1032 | Test Acc: 0.1007 | VRAM (Alloc/Reserved): 93.7/582.0 MiB | Time: 113.9s
[ByzFL-SNN]   [Step 100/500] (20.0%) | Val Acc: 0.6420 | Test Acc: 0.6490 | VRAM (Alloc/Reserved): 94.3/582.0 MiB | Time: 225.0s
[ByzFL-SNN]   [Step 150/500] (30.0%) | Val Acc: 0.7762 | Test Acc: 0.7844 | VRAM (Alloc/Reserved): 94.6/582.0 MiB | Time: 336.9s
[ByzFL-SNN]   [Step 200/500] (40.0%) | Val Acc: 0.8095 | Test Acc: 0.8189 | VRAM (Alloc/Reserved): 93.9/582.0 MiB | Time: 447.6s
[ByzFL-SNN]   [Step 250/500] (50.0%) | Val Acc: 0.8224 | Test Acc: 0.8272 | VRAM (Alloc/Reserved): 94.3/582.0 MiB | Time: 559.3s
[ByzFL-SNN]   [Step 300/500] (60.0%) | Val Acc: 0.0968 | Test Acc: 0.0982 | VRAM (Alloc/Reserved): 94.5/582.0 MiB | Time: 672.5s
[ByzFL-SNN]   [Step 350/500] (70.0%) | Val Acc: 0.1037 | Test Acc: 0.1010 | VRAM (Alloc/Reserved): 94.4/582.0 MiB | Time: 797.6s
[ByzFL-SNN]   [Step 400/500] (80.0%) | Val Acc: 0.1037 | Test Acc: 0.1010 | VRAM (Alloc/Reserved): 94.4/582.0 MiB | Time: 917.6s
[ByzFL-SNN]   [Step 450/500] (90.0%) | Val Acc: 0.1037 | Test Acc: 0.1010 | VRAM (Alloc/Reserved): 93.7/582.0 MiB | Time: 1034.1s
[ByzFL-SNN] [Training Complete] Peak VRAM (Alloc/Reserved): 356.8/582.0 MiB | Total time: 1146.8s

Training 49 done

[ByzFL-SNN] [Training Start] Model: cnn_mnist | Dataset: mnist
[ByzFL-SNN]   Aggregator: CenteredClipping | Attack: Optimal_ALittleIsEnough_neg1
[ByzFL-SNN]   Distribution: gamma_similarity_niid (gamma=0.0)
[ByzFL-SNN]   Clients: 10 honest, 2 byzantine | Algorithm: DSGD
[ByzFL-SNN]   Learning Rate: 0.15 | Steps: 500 | Device: cuda:1
[ByzFL-SNN]   Validation samples: 12000 | Test samples: 10000
[ByzFL-SNN] Initial VRAM (Alloc/Reserved): 36.1/42.0 MiB
[ByzFL-SNN]   [Step 0/500] (0.0%) | Val Acc: 0.1542 | Test Acc: 0.1595 | VRAM (Alloc/Reserved): 44.3/64.0 MiB | Time: 3.5s
[ByzFL-SNN]   [Step 50/500] (10.0%) | Val Acc: 0.0981 | Test Acc: 0.0974 | VRAM (Alloc/Reserved): 97.3/580.0 MiB | Time: 108.7s
[ByzFL-SNN]   [Step 100/500] (20.0%) | Val Acc: 0.0981 | Test Acc: 0.0974 | VRAM (Alloc/Reserved): 96.7/580.0 MiB | Time: 232.5s
[ByzFL-SNN]   [Step 150/500] (30.0%) | Val Acc: 0.1133 | Test Acc: 0.1135 | VRAM (Alloc/Reserved): 97.7/580.0 MiB | Time: 344.9s
[ByzFL-SNN]   [Step 200/500] (40.0%) | Val Acc: 0.1133 | Test Acc: 0.1135 | VRAM (Alloc/Reserved): 97.4/580.0 MiB | Time: 460.1s
[ByzFL-SNN]   [Step 250/500] (50.0%) | Val Acc: 0.1133 | Test Acc: 0.1135 | VRAM (Alloc/Reserved): 98.3/580.0 MiB | Time: 573.5s
[ByzFL-SNN]   [Step 300/500] (60.0%) | Val Acc: 0.1133 | Test Acc: 0.1135 | VRAM (Alloc/Reserved): 96.8/580.0 MiB | Time: 684.8s
[ByzFL-SNN]   [Step 350/500] (70.0%) | Val Acc: 0.1133 | Test Acc: 0.1135 | VRAM (Alloc/Reserved): 97.7/580.0 MiB | Time: 798.0s
[ByzFL-SNN]   [Step 400/500] (80.0%) | Val Acc: 0.0972 | Test Acc: 0.0958 | VRAM (Alloc/Reserved): 98.0/580.0 MiB | Time: 911.9s
[ByzFL-SNN]   [Step 450/500] (90.0%) | Val Acc: 0.1037 | Test Acc: 0.1010 | VRAM (Alloc/Reserved): 96.6/580.0 MiB | Time: 1020.2s
[ByzFL-SNN] [Training Complete] Peak VRAM (Alloc/Reserved): 361.2/580.0 MiB | Total time: 1121.6s

Training 50 done

[ByzFL-SNN] [Training Start] Model: cnn_mnist | Dataset: mnist
[ByzFL-SNN]   Aggregator: MultiKrum | Attack: Optimal_ALittleIsEnough_neg1
[ByzFL-SNN]   Distribution: gamma_similarity_niid (gamma=0.33)
[ByzFL-SNN]   Clients: 10 honest, 2 byzantine | Algorithm: DSGD
[ByzFL-SNN]   Learning Rate: 0.15 | Steps: 500 | Device: cuda:1
[ByzFL-SNN]   Validation samples: 12000 | Test samples: 10000
[ByzFL-SNN] Initial VRAM (Alloc/Reserved): 36.1/42.0 MiB
[ByzFL-SNN]   [Step 0/500] (0.0%) | Val Acc: 0.1542 | Test Acc: 0.1595 | VRAM (Alloc/Reserved): 44.3/64.0 MiB | Time: 3.9s
[ByzFL-SNN]   [Step 50/500] (10.0%) | Val Acc: 0.3486 | Test Acc: 0.3582 | VRAM (Alloc/Reserved): 94.0/582.0 MiB | Time: 96.1s
[ByzFL-SNN]   [Step 100/500] (20.0%) | Val Acc: 0.0981 | Test Acc: 0.0974 | VRAM (Alloc/Reserved): 94.3/582.0 MiB | Time: 210.7s
[ByzFL-SNN]   [Step 150/500] (30.0%) | Val Acc: 0.3700 | Test Acc: 0.3852 | VRAM (Alloc/Reserved): 93.7/582.0 MiB | Time: 318.2s
[ByzFL-SNN]   [Step 200/500] (40.0%) | Val Acc: 0.6242 | Test Acc: 0.6325 | VRAM (Alloc/Reserved): 93.5/582.0 MiB | Time: 431.6s
[ByzFL-SNN]   [Step 250/500] (50.0%) | Val Acc: 0.7409 | Test Acc: 0.7496 | VRAM (Alloc/Reserved): 94.3/582.0 MiB | Time: 551.8s
[ByzFL-SNN]   [Step 300/500] (60.0%) | Val Acc: 0.5407 | Test Acc: 0.5522 | VRAM (Alloc/Reserved): 93.0/582.0 MiB | Time: 671.7s
[ByzFL-SNN]   [Step 350/500] (70.0%) | Val Acc: 0.6673 | Test Acc: 0.6672 | VRAM (Alloc/Reserved): 94.3/582.0 MiB | Time: 792.8s
[ByzFL-SNN]   [Step 400/500] (80.0%) | Val Acc: 0.7804 | Test Acc: 0.7836 | VRAM (Alloc/Reserved): 93.4/582.0 MiB | Time: 909.8s
[ByzFL-SNN]   [Step 450/500] (90.0%) | Val Acc: 0.6256 | Test Acc: 0.6227 | VRAM (Alloc/Reserved): 92.8/582.0 MiB | Time: 1031.1s
[ByzFL-SNN] [Training Complete] Peak VRAM (Alloc/Reserved): 357.0/582.0 MiB | Total time: 1149.7s

Training 51 done

[ByzFL-SNN] [Training Start] Model: cnn_mnist | Dataset: mnist
[ByzFL-SNN]   Aggregator: MultiKrum | Attack: Optimal_InnerProductManipulation
[ByzFL-SNN]   Distribution: gamma_similarity_niid (gamma=0.33)
[ByzFL-SNN]   Clients: 10 honest, 2 byzantine | Algorithm: DSGD
[ByzFL-SNN]   Learning Rate: 0.15 | Steps: 500 | Device: cuda:1
[ByzFL-SNN]   Validation samples: 12000 | Test samples: 10000
[ByzFL-SNN] Initial VRAM (Alloc/Reserved): 36.1/42.0 MiB
[ByzFL-SNN]   [Step 0/500] (0.0%) | Val Acc: 0.1542 | Test Acc: 0.1595 | VRAM (Alloc/Reserved): 44.3/64.0 MiB | Time: 3.4s
[ByzFL-SNN]   [Step 50/500] (10.0%) | Val Acc: 0.1163 | Test Acc: 0.1171 | VRAM (Alloc/Reserved): 93.7/582.0 MiB | Time: 97.2s
[ByzFL-SNN]   [Step 100/500] (20.0%) | Val Acc: 0.6168 | Test Acc: 0.6238 | VRAM (Alloc/Reserved): 94.3/582.0 MiB | Time: 211.1s
[ByzFL-SNN]   [Step 150/500] (30.0%) | Val Acc: 0.0981 | Test Acc: 0.0974 | VRAM (Alloc/Reserved): 94.6/582.0 MiB | Time: 312.0s
[ByzFL-SNN]   [Step 200/500] (40.0%) | Val Acc: 0.0968 | Test Acc: 0.0982 | VRAM (Alloc/Reserved): 93.9/582.0 MiB | Time: 420.1s
[ByzFL-SNN]   [Step 250/500] (50.0%) | Val Acc: 0.1068 | Test Acc: 0.1028 | VRAM (Alloc/Reserved): 94.3/582.0 MiB | Time: 536.4s
[ByzFL-SNN]   [Step 300/500] (60.0%) | Val Acc: 0.1133 | Test Acc: 0.1135 | VRAM (Alloc/Reserved): 94.5/582.0 MiB | Time: 658.7s
[ByzFL-SNN]   [Step 350/500] (70.0%) | Val Acc: 0.1133 | Test Acc: 0.1135 | VRAM (Alloc/Reserved): 94.4/582.0 MiB | Time: 782.4s
[ByzFL-SNN]   [Step 400/500] (80.0%) | Val Acc: 0.1133 | Test Acc: 0.1135 | VRAM (Alloc/Reserved): 94.4/582.0 MiB | Time: 907.6s
[ByzFL-SNN]   [Step 450/500] (90.0%) | Val Acc: 0.1133 | Test Acc: 0.1135 | VRAM (Alloc/Reserved): 93.7/582.0 MiB | Time: 1033.3s
[ByzFL-SNN] [Training Complete] Peak VRAM (Alloc/Reserved): 356.8/582.0 MiB | Total time: 1150.4s

Training 52 done

[ByzFL-SNN] [Training Start] Model: cnn_mnist | Dataset: mnist
[ByzFL-SNN]   Aggregator: CenteredClipping | Attack: Optimal_ALittleIsEnough_neg1
[ByzFL-SNN]   Distribution: gamma_similarity_niid (gamma=0.0)
[ByzFL-SNN]   Clients: 10 honest, 2 byzantine | Algorithm: DSGD
[ByzFL-SNN]   Learning Rate: 0.15 | Steps: 500 | Device: cuda:0
[ByzFL-SNN]   Validation samples: 12000 | Test samples: 10000
[ByzFL-SNN] Initial VRAM (Alloc/Reserved): 36.1/42.0 MiB
[ByzFL-SNN]   [Step 0/500] (0.0%) | Val Acc: 0.1542 | Test Acc: 0.1595 | VRAM (Alloc/Reserved): 44.3/64.0 MiB | Time: 3.8s
[ByzFL-SNN]   [Step 50/500] (10.0%) | Val Acc: 0.1647 | Test Acc: 0.1762 | VRAM (Alloc/Reserved): 97.3/580.0 MiB | Time: 122.7s
[ByzFL-SNN]   [Step 100/500] (20.0%) | Val Acc: 0.0972 | Test Acc: 0.0958 | VRAM (Alloc/Reserved): 96.7/580.0 MiB | Time: 245.3s
[ByzFL-SNN]   [Step 150/500] (30.0%) | Val Acc: 0.0968 | Test Acc: 0.0982 | VRAM (Alloc/Reserved): 97.7/580.0 MiB | Time: 373.6s
[ByzFL-SNN]   [Step 200/500] (40.0%) | Val Acc: 0.1068 | Test Acc: 0.1028 | VRAM (Alloc/Reserved): 97.4/580.0 MiB | Time: 491.6s
[ByzFL-SNN]   [Step 250/500] (50.0%) | Val Acc: 0.0997 | Test Acc: 0.1032 | VRAM (Alloc/Reserved): 98.3/580.0 MiB | Time: 608.1s
[ByzFL-SNN]   [Step 300/500] (60.0%) | Val Acc: 0.0968 | Test Acc: 0.0982 | VRAM (Alloc/Reserved): 96.8/580.0 MiB | Time: 719.6s
[ByzFL-SNN]   [Step 350/500] (70.0%) | Val Acc: 0.1068 | Test Acc: 0.1028 | VRAM (Alloc/Reserved): 97.7/580.0 MiB | Time: 830.4s
[ByzFL-SNN]   [Step 400/500] (80.0%) | Val Acc: 0.0990 | Test Acc: 0.0980 | VRAM (Alloc/Reserved): 98.0/580.0 MiB | Time: 939.9s
[ByzFL-SNN]   [Step 450/500] (90.0%) | Val Acc: 0.1037 | Test Acc: 0.1010 | VRAM (Alloc/Reserved): 96.6/580.0 MiB | Time: 1048.4s
[ByzFL-SNN] [Training Complete] Peak VRAM (Alloc/Reserved): 361.2/580.0 MiB | Total time: 1154.8s

Training 53 done

[ByzFL-SNN] [Training Start] Model: cnn_mnist | Dataset: mnist
[ByzFL-SNN]   Aggregator: GeometricMedian | Attack: Optimal_ALittleIsEnough_neg1
[ByzFL-SNN]   Distribution: gamma_similarity_niid (gamma=0.0)
[ByzFL-SNN]   Clients: 10 honest, 2 byzantine | Algorithm: DSGD
[ByzFL-SNN]   Learning Rate: 0.15 | Steps: 500 | Device: cuda:1
[ByzFL-SNN]   Validation samples: 12000 | Test samples: 10000
[ByzFL-SNN] Initial VRAM (Alloc/Reserved): 36.1/42.0 MiB
[ByzFL-SNN]   [Step 0/500] (0.0%) | Val Acc: 0.1542 | Test Acc: 0.1595 | VRAM (Alloc/Reserved): 44.3/64.0 MiB | Time: 3.5s
[ByzFL-SNN]   [Step 50/500] (10.0%) | Val Acc: 0.1020 | Test Acc: 0.1016 | VRAM (Alloc/Reserved): 93.7/580.0 MiB | Time: 106.0s
[ByzFL-SNN]   [Step 100/500] (20.0%) | Val Acc: 0.2572 | Test Acc: 0.2593 | VRAM (Alloc/Reserved): 94.7/580.0 MiB | Time: 230.2s
[ByzFL-SNN]   [Step 150/500] (30.0%) | Val Acc: 0.0978 | Test Acc: 0.1009 | VRAM (Alloc/Reserved): 94.4/580.0 MiB | Time: 345.6s
[ByzFL-SNN]   [Step 200/500] (40.0%) | Val Acc: 0.0997 | Test Acc: 0.1032 | VRAM (Alloc/Reserved): 93.9/580.0 MiB | Time: 471.7s
[ByzFL-SNN]   [Step 250/500] (50.0%) | Val Acc: 0.1037 | Test Acc: 0.1010 | VRAM (Alloc/Reserved): 93.5/580.0 MiB | Time: 594.2s
[ByzFL-SNN]   [Step 300/500] (60.0%) | Val Acc: 0.1068 | Test Acc: 0.1028 | VRAM (Alloc/Reserved): 93.0/580.0 MiB | Time: 714.2s
[ByzFL-SNN]   [Step 350/500] (70.0%) | Val Acc: 0.1037 | Test Acc: 0.1010 | VRAM (Alloc/Reserved): 94.2/580.0 MiB | Time: 826.9s
[ByzFL-SNN]   [Step 400/500] (80.0%) | Val Acc: 0.0997 | Test Acc: 0.1032 | VRAM (Alloc/Reserved): 93.8/580.0 MiB | Time: 946.8s
[ByzFL-SNN]   [Step 450/500] (90.0%) | Val Acc: 0.0972 | Test Acc: 0.0958 | VRAM (Alloc/Reserved): 94.9/580.0 MiB | Time: 1062.1s
[ByzFL-SNN] [Training Complete] Peak VRAM (Alloc/Reserved): 357.2/580.0 MiB | Total time: 1168.4s

Training 54 done

[ByzFL-SNN] [Training Start] Model: cnn_mnist | Dataset: mnist
[ByzFL-SNN]   Aggregator: TrMean | Attack: Optimal_ALittleIsEnough_neg1
[ByzFL-SNN]   Distribution: gamma_similarity_niid (gamma=0.33)
[ByzFL-SNN]   Clients: 10 honest, 2 byzantine | Algorithm: DSGD
[ByzFL-SNN]   Learning Rate: 0.15 | Steps: 500 | Device: cuda:0
[ByzFL-SNN]   Validation samples: 12000 | Test samples: 10000
[ByzFL-SNN] Initial VRAM (Alloc/Reserved): 36.1/42.0 MiB
[ByzFL-SNN]   [Step 0/500] (0.0%) | Val Acc: 0.1542 | Test Acc: 0.1595 | VRAM (Alloc/Reserved): 44.3/64.0 MiB | Time: 3.7s
[ByzFL-SNN]   [Step 50/500] (10.0%) | Val Acc: 0.1373 | Test Acc: 0.1370 | VRAM (Alloc/Reserved): 94.0/582.0 MiB | Time: 120.3s
[ByzFL-SNN]   [Step 100/500] (20.0%) | Val Acc: 0.7562 | Test Acc: 0.7569 | VRAM (Alloc/Reserved): 94.3/582.0 MiB | Time: 237.5s
[ByzFL-SNN]   [Step 150/500] (30.0%) | Val Acc: 0.8831 | Test Acc: 0.8867 | VRAM (Alloc/Reserved): 93.7/582.0 MiB | Time: 355.5s
[ByzFL-SNN]   [Step 200/500] (40.0%) | Val Acc: 0.9253 | Test Acc: 0.9278 | VRAM (Alloc/Reserved): 93.5/582.0 MiB | Time: 474.2s
[ByzFL-SNN]   [Step 250/500] (50.0%) | Val Acc: 0.9393 | Test Acc: 0.9430 | VRAM (Alloc/Reserved): 94.3/582.0 MiB | Time: 596.2s
[ByzFL-SNN]   [Step 300/500] (60.0%) | Val Acc: 0.9339 | Test Acc: 0.9372 | VRAM (Alloc/Reserved): 93.0/582.0 MiB | Time: 720.2s
[ByzFL-SNN]   [Step 350/500] (70.0%) | Val Acc: 0.9111 | Test Acc: 0.9123 | VRAM (Alloc/Reserved): 94.3/582.0 MiB | Time: 848.6s
[ByzFL-SNN]   [Step 400/500] (80.0%) | Val Acc: 0.8976 | Test Acc: 0.9047 | VRAM (Alloc/Reserved): 93.4/582.0 MiB | Time: 977.9s
[ByzFL-SNN]   [Step 450/500] (90.0%) | Val Acc: 0.7900 | Test Acc: 0.7927 | VRAM (Alloc/Reserved): 92.8/582.0 MiB | Time: 1105.9s
[ByzFL-SNN] [Training Complete] Peak VRAM (Alloc/Reserved): 357.0/582.0 MiB | Total time: 1229.5s

Training 55 done

[ByzFL-SNN] [Training Start] Model: cnn_mnist | Dataset: mnist
[ByzFL-SNN]   Aggregator: TrMean | Attack: Optimal_ALittleIsEnough_neg1
[ByzFL-SNN]   Distribution: gamma_similarity_niid (gamma=0.0)
[ByzFL-SNN]   Clients: 10 honest, 2 byzantine | Algorithm: DSGD
[ByzFL-SNN]   Learning Rate: 0.15 | Steps: 500 | Device: cuda:0
[ByzFL-SNN]   Validation samples: 12000 | Test samples: 10000
[ByzFL-SNN] Initial VRAM (Alloc/Reserved): 36.1/42.0 MiB
[ByzFL-SNN]   [Step 0/500] (0.0%) | Val Acc: 0.1542 | Test Acc: 0.1595 | VRAM (Alloc/Reserved): 44.3/64.0 MiB | Time: 4.0s
[ByzFL-SNN]   [Step 50/500] (10.0%) | Val Acc: 0.0997 | Test Acc: 0.1032 | VRAM (Alloc/Reserved): 94.0/580.0 MiB | Time: 119.4s
[ByzFL-SNN]   [Step 100/500] (20.0%) | Val Acc: 0.1037 | Test Acc: 0.1010 | VRAM (Alloc/Reserved): 94.3/580.0 MiB | Time: 244.1s
[ByzFL-SNN]   [Step 150/500] (30.0%) | Val Acc: 0.1133 | Test Acc: 0.1135 | VRAM (Alloc/Reserved): 93.7/580.0 MiB | Time: 370.2s
[ByzFL-SNN]   [Step 200/500] (40.0%) | Val Acc: 0.1037 | Test Acc: 0.1010 | VRAM (Alloc/Reserved): 93.5/580.0 MiB | Time: 486.8s
[ByzFL-SNN]   [Step 250/500] (50.0%) | Val Acc: 0.1037 | Test Acc: 0.1010 | VRAM (Alloc/Reserved): 94.3/580.0 MiB | Time: 600.8s
[ByzFL-SNN]   [Step 300/500] (60.0%) | Val Acc: 0.0990 | Test Acc: 0.0980 | VRAM (Alloc/Reserved): 93.0/580.0 MiB | Time: 713.1s
[ByzFL-SNN]   [Step 350/500] (70.0%) | Val Acc: 0.0997 | Test Acc: 0.1032 | VRAM (Alloc/Reserved): 94.3/580.0 MiB | Time: 823.7s
[ByzFL-SNN]   [Step 400/500] (80.0%) | Val Acc: 0.1133 | Test Acc: 0.1135 | VRAM (Alloc/Reserved): 93.4/580.0 MiB | Time: 933.6s
[ByzFL-SNN]   [Step 450/500] (90.0%) | Val Acc: 0.0981 | Test Acc: 0.0974 | VRAM (Alloc/Reserved): 92.8/580.0 MiB | Time: 1046.1s
[ByzFL-SNN] [Training Complete] Peak VRAM (Alloc/Reserved): 357.0/580.0 MiB | Total time: 1153.0s

Training 56 done

[ByzFL-SNN] [Training Start] Model: cnn_mnist | Dataset: mnist
[ByzFL-SNN]   Aggregator: CenteredClipping | Attack: Optimal_InnerProductManipulation
[ByzFL-SNN]   Distribution: gamma_similarity_niid (gamma=0.0)
[ByzFL-SNN]   Clients: 10 honest, 2 byzantine | Algorithm: DSGD
[ByzFL-SNN]   Learning Rate: 0.15 | Steps: 500 | Device: cuda:1
[ByzFL-SNN]   Validation samples: 12000 | Test samples: 10000
[ByzFL-SNN] Initial VRAM (Alloc/Reserved): 36.1/42.0 MiB
[ByzFL-SNN]   [Step 0/500] (0.0%) | Val Acc: 0.1542 | Test Acc: 0.1595 | VRAM (Alloc/Reserved): 44.3/64.0 MiB | Time: 3.6s
[ByzFL-SNN]   [Step 50/500] (10.0%) | Val Acc: 0.0965 | Test Acc: 0.0940 | VRAM (Alloc/Reserved): 96.8/580.0 MiB | Time: 110.0s
[ByzFL-SNN]   [Step 100/500] (20.0%) | Val Acc: 0.3997 | Test Acc: 0.4117 | VRAM (Alloc/Reserved): 97.7/580.0 MiB | Time: 225.5s
[ByzFL-SNN]   [Step 150/500] (30.0%) | Val Acc: 0.1068 | Test Acc: 0.1028 | VRAM (Alloc/Reserved): 96.8/580.0 MiB | Time: 324.6s
[ByzFL-SNN]   [Step 200/500] (40.0%) | Val Acc: 0.1133 | Test Acc: 0.1135 | VRAM (Alloc/Reserved): 96.6/580.0 MiB | Time: 439.6s
[ByzFL-SNN]   [Step 250/500] (50.0%) | Val Acc: 0.1003 | Test Acc: 0.0979 | VRAM (Alloc/Reserved): 97.5/580.0 MiB | Time: 556.7s
[ByzFL-SNN]   [Step 300/500] (60.0%) | Val Acc: 0.0922 | Test Acc: 0.0894 | VRAM (Alloc/Reserved): 96.9/580.0 MiB | Time: 682.2s
[ByzFL-SNN]   [Step 350/500] (70.0%) | Val Acc: 0.1008 | Test Acc: 0.1038 | VRAM (Alloc/Reserved): 96.7/580.0 MiB | Time: 806.5s
[ByzFL-SNN]   [Step 400/500] (80.0%) | Val Acc: 0.1067 | Test Acc: 0.1145 | VRAM (Alloc/Reserved): 97.7/580.0 MiB | Time: 929.7s
[ByzFL-SNN]   [Step 450/500] (90.0%) | Val Acc: 0.0921 | Test Acc: 0.0914 | VRAM (Alloc/Reserved): 97.2/580.0 MiB | Time: 1057.6s
[ByzFL-SNN] [Training Complete] Peak VRAM (Alloc/Reserved): 361.2/580.0 MiB | Total time: 1168.7s

Training 57 done

[ByzFL-SNN] [Training Start] Model: cnn_mnist | Dataset: mnist
[ByzFL-SNN]   Aggregator: GeometricMedian | Attack: Optimal_InnerProductManipulation
[ByzFL-SNN]   Distribution: gamma_similarity_niid (gamma=0.0)
[ByzFL-SNN]   Clients: 10 honest, 2 byzantine | Algorithm: DSGD
[ByzFL-SNN]   Learning Rate: 0.15 | Steps: 500 | Device: cuda:1
[ByzFL-SNN]   Validation samples: 12000 | Test samples: 10000
[ByzFL-SNN] Initial VRAM (Alloc/Reserved): 36.1/42.0 MiB
[ByzFL-SNN]   [Step 0/500] (0.0%) | Val Acc: 0.1542 | Test Acc: 0.1595 | VRAM (Alloc/Reserved): 44.3/64.0 MiB | Time: 3.5s
[ByzFL-SNN]   [Step 50/500] (10.0%) | Val Acc: 0.1045 | Test Acc: 0.1015 | VRAM (Alloc/Reserved): 93.8/580.0 MiB | Time: 109.2s
[ByzFL-SNN]   [Step 100/500] (20.0%) | Val Acc: 0.1453 | Test Acc: 0.1528 | VRAM (Alloc/Reserved): 93.2/580.0 MiB | Time: 221.4s
[ByzFL-SNN]   [Step 150/500] (30.0%) | Val Acc: 0.0990 | Test Acc: 0.0980 | VRAM (Alloc/Reserved): 93.9/580.0 MiB | Time: 318.0s
[ByzFL-SNN]   [Step 200/500] (40.0%) | Val Acc: 0.0990 | Test Acc: 0.0980 | VRAM (Alloc/Reserved): 93.8/580.0 MiB | Time: 422.0s
[ByzFL-SNN]   [Step 250/500] (50.0%) | Val Acc: 0.0990 | Test Acc: 0.0980 | VRAM (Alloc/Reserved): 94.3/580.0 MiB | Time: 551.9s
[ByzFL-SNN]   [Step 300/500] (60.0%) | Val Acc: 0.0990 | Test Acc: 0.0980 | VRAM (Alloc/Reserved): 93.3/580.0 MiB | Time: 685.3s
[ByzFL-SNN]   [Step 350/500] (70.0%) | Val Acc: 0.0997 | Test Acc: 0.1032 | VRAM (Alloc/Reserved): 95.7/580.0 MiB | Time: 820.2s
[ByzFL-SNN]   [Step 400/500] (80.0%) | Val Acc: 0.1133 | Test Acc: 0.1135 | VRAM (Alloc/Reserved): 94.2/580.0 MiB | Time: 953.9s
[ByzFL-SNN]   [Step 450/500] (90.0%) | Val Acc: 0.1133 | Test Acc: 0.1135 | VRAM (Alloc/Reserved): 93.8/580.0 MiB | Time: 1083.5s
[ByzFL-SNN] [Training Complete] Peak VRAM (Alloc/Reserved): 358.9/580.0 MiB | Total time: 1191.3s

Training 58 done

[ByzFL-SNN] [Training Start] Model: cnn_mnist | Dataset: mnist
[ByzFL-SNN]   Aggregator: GeometricMedian | Attack: Optimal_ALittleIsEnough_neg1
[ByzFL-SNN]   Distribution: gamma_similarity_niid (gamma=0.0)
[ByzFL-SNN]   Clients: 10 honest, 2 byzantine | Algorithm: DSGD
[ByzFL-SNN]   Learning Rate: 0.15 | Steps: 500 | Device: cuda:0
[ByzFL-SNN]   Validation samples: 12000 | Test samples: 10000
[ByzFL-SNN] Initial VRAM (Alloc/Reserved): 36.1/42.0 MiB
[ByzFL-SNN]   [Step 0/500] (0.0%) | Val Acc: 0.1542 | Test Acc: 0.1595 | VRAM (Alloc/Reserved): 44.3/64.0 MiB | Time: 3.7s
[ByzFL-SNN]   [Step 50/500] (10.0%) | Val Acc: 0.2893 | Test Acc: 0.3019 | VRAM (Alloc/Reserved): 93.7/580.0 MiB | Time: 125.8s
[ByzFL-SNN]   [Step 100/500] (20.0%) | Val Acc: 0.4418 | Test Acc: 0.4517 | VRAM (Alloc/Reserved): 94.7/580.0 MiB | Time: 246.4s
[ByzFL-SNN]   [Step 150/500] (30.0%) | Val Acc: 0.1133 | Test Acc: 0.1135 | VRAM (Alloc/Reserved): 94.4/580.0 MiB | Time: 359.2s
[ByzFL-SNN]   [Step 200/500] (40.0%) | Val Acc: 0.0968 | Test Acc: 0.0982 | VRAM (Alloc/Reserved): 93.9/580.0 MiB | Time: 479.9s
[ByzFL-SNN]   [Step 250/500] (50.0%) | Val Acc: 0.1037 | Test Acc: 0.1010 | VRAM (Alloc/Reserved): 93.5/580.0 MiB | Time: 606.0s
[ByzFL-SNN]   [Step 300/500] (60.0%) | Val Acc: 0.1037 | Test Acc: 0.1010 | VRAM (Alloc/Reserved): 93.0/580.0 MiB | Time: 731.3s
[ByzFL-SNN]   [Step 350/500] (70.0%) | Val Acc: 0.1037 | Test Acc: 0.1010 | VRAM (Alloc/Reserved): 94.2/580.0 MiB | Time: 854.5s
[ByzFL-SNN]   [Step 400/500] (80.0%) | Val Acc: 0.0978 | Test Acc: 0.1008 | VRAM (Alloc/Reserved): 93.8/580.0 MiB | Time: 971.8s
[ByzFL-SNN]   [Step 450/500] (90.0%) | Val Acc: 0.0978 | Test Acc: 0.1008 | VRAM (Alloc/Reserved): 94.9/580.0 MiB | Time: 1096.6s
[ByzFL-SNN] [Training Complete] Peak VRAM (Alloc/Reserved): 357.2/580.0 MiB | Total time: 1213.2s

Training 59 done

[ByzFL-SNN] [Training Start] Model: cnn_mnist | Dataset: mnist
[ByzFL-SNN]   Aggregator: MultiKrum | Attack: Optimal_InnerProductManipulation
[ByzFL-SNN]   Distribution: gamma_similarity_niid (gamma=0.33)
[ByzFL-SNN]   Clients: 10 honest, 2 byzantine | Algorithm: DSGD
[ByzFL-SNN]   Learning Rate: 0.15 | Steps: 500 | Device: cuda:0
[ByzFL-SNN]   Validation samples: 12000 | Test samples: 10000
[ByzFL-SNN] Initial VRAM (Alloc/Reserved): 36.1/42.0 MiB
[ByzFL-SNN]   [Step 0/500] (0.0%) | Val Acc: 0.1542 | Test Acc: 0.1595 | VRAM (Alloc/Reserved): 44.3/64.0 MiB | Time: 3.8s
[ByzFL-SNN]   [Step 50/500] (10.0%) | Val Acc: 0.2390 | Test Acc: 0.2417 | VRAM (Alloc/Reserved): 93.7/582.0 MiB | Time: 119.0s
[ByzFL-SNN]   [Step 100/500] (20.0%) | Val Acc: 0.6796 | Test Acc: 0.6906 | VRAM (Alloc/Reserved): 94.3/582.0 MiB | Time: 235.6s
[ByzFL-SNN]   [Step 150/500] (30.0%) | Val Acc: 0.2207 | Test Acc: 0.2252 | VRAM (Alloc/Reserved): 94.6/582.0 MiB | Time: 350.5s
[ByzFL-SNN]   [Step 200/500] (40.0%) | Val Acc: 0.1614 | Test Acc: 0.1549 | VRAM (Alloc/Reserved): 93.9/582.0 MiB | Time: 469.9s
[ByzFL-SNN]   [Step 250/500] (50.0%) | Val Acc: 0.1037 | Test Acc: 0.1010 | VRAM (Alloc/Reserved): 94.3/582.0 MiB | Time: 592.0s
[ByzFL-SNN]   [Step 300/500] (60.0%) | Val Acc: 0.1037 | Test Acc: 0.1011 | VRAM (Alloc/Reserved): 94.5/582.0 MiB | Time: 719.1s
[ByzFL-SNN]   [Step 350/500] (70.0%) | Val Acc: 0.1133 | Test Acc: 0.1135 | VRAM (Alloc/Reserved): 94.4/582.0 MiB | Time: 845.1s
[ByzFL-SNN]   [Step 400/500] (80.0%) | Val Acc: 0.1133 | Test Acc: 0.1135 | VRAM (Alloc/Reserved): 94.4/582.0 MiB | Time: 972.8s
[ByzFL-SNN]   [Step 450/500] (90.0%) | Val Acc: 0.1133 | Test Acc: 0.1135 | VRAM (Alloc/Reserved): 93.7/582.0 MiB | Time: 1102.3s
[ByzFL-SNN] [Training Complete] Peak VRAM (Alloc/Reserved): 356.8/582.0 MiB | Total time: 1229.8s

Training 60 done

[ByzFL-SNN] [Training Start] Model: cnn_mnist | Dataset: mnist
[ByzFL-SNN]   Aggregator: TrMean | Attack: Optimal_ALittleIsEnough_neg1
[ByzFL-SNN]   Distribution: gamma_similarity_niid (gamma=0.0)
[ByzFL-SNN]   Clients: 10 honest, 2 byzantine | Algorithm: DSGD
[ByzFL-SNN]   Learning Rate: 0.15 | Steps: 500 | Device: cuda:1
[ByzFL-SNN]   Validation samples: 12000 | Test samples: 10000
[ByzFL-SNN] Initial VRAM (Alloc/Reserved): 36.1/42.0 MiB
[ByzFL-SNN]   [Step 0/500] (0.0%) | Val Acc: 0.1542 | Test Acc: 0.1595 | VRAM (Alloc/Reserved): 44.3/64.0 MiB | Time: 3.6s
[ByzFL-SNN]   [Step 50/500] (10.0%) | Val Acc: 0.1133 | Test Acc: 0.1135 | VRAM (Alloc/Reserved): 94.0/580.0 MiB | Time: 116.8s
[ByzFL-SNN]   [Step 100/500] (20.0%) | Val Acc: 0.3675 | Test Acc: 0.3861 | VRAM (Alloc/Reserved): 94.3/580.0 MiB | Time: 239.1s
[ByzFL-SNN]   [Step 150/500] (30.0%) | Val Acc: 0.0981 | Test Acc: 0.0974 | VRAM (Alloc/Reserved): 93.7/580.0 MiB | Time: 357.2s
[ByzFL-SNN]   [Step 200/500] (40.0%) | Val Acc: 0.1133 | Test Acc: 0.1135 | VRAM (Alloc/Reserved): 93.5/580.0 MiB | Time: 481.3s
[ByzFL-SNN]   [Step 250/500] (50.0%) | Val Acc: 0.1133 | Test Acc: 0.1135 | VRAM (Alloc/Reserved): 94.3/580.0 MiB | Time: 606.1s
[ByzFL-SNN]   [Step 300/500] (60.0%) | Val Acc: 0.0972 | Test Acc: 0.0958 | VRAM (Alloc/Reserved): 93.0/580.0 MiB | Time: 731.3s
[ByzFL-SNN]   [Step 350/500] (70.0%) | Val Acc: 0.1133 | Test Acc: 0.1135 | VRAM (Alloc/Reserved): 94.3/580.0 MiB | Time: 850.7s
[ByzFL-SNN]   [Step 400/500] (80.0%) | Val Acc: 0.0981 | Test Acc: 0.0974 | VRAM (Alloc/Reserved): 93.4/580.0 MiB | Time: 965.7s
[ByzFL-SNN]   [Step 450/500] (90.0%) | Val Acc: 0.0972 | Test Acc: 0.0958 | VRAM (Alloc/Reserved): 92.8/580.0 MiB | Time: 1079.6s
[ByzFL-SNN] [Training Complete] Peak VRAM (Alloc/Reserved): 357.0/580.0 MiB | Total time: 1174.4s

Training 61 done

[ByzFL-SNN] [Training Start] Model: cnn_mnist | Dataset: mnist
[ByzFL-SNN]   Aggregator: CenteredClipping | Attack: Optimal_InnerProductManipulation
[ByzFL-SNN]   Distribution: gamma_similarity_niid (gamma=0.0)
[ByzFL-SNN]   Clients: 10 honest, 2 byzantine | Algorithm: DSGD
[ByzFL-SNN]   Learning Rate: 0.15 | Steps: 500 | Device: cuda:0
[ByzFL-SNN]   Validation samples: 12000 | Test samples: 10000
[ByzFL-SNN] Initial VRAM (Alloc/Reserved): 36.1/42.0 MiB
[ByzFL-SNN]   [Step 0/500] (0.0%) | Val Acc: 0.1542 | Test Acc: 0.1595 | VRAM (Alloc/Reserved): 44.3/64.0 MiB | Time: 4.3s
[ByzFL-SNN]   [Step 50/500] (10.0%) | Val Acc: 0.2427 | Test Acc: 0.2537 | VRAM (Alloc/Reserved): 96.8/580.0 MiB | Time: 120.1s
[ByzFL-SNN]   [Step 100/500] (20.0%) | Val Acc: 0.0972 | Test Acc: 0.0958 | VRAM (Alloc/Reserved): 97.7/580.0 MiB | Time: 233.2s
[ByzFL-SNN]   [Step 150/500] (30.0%) | Val Acc: 0.0968 | Test Acc: 0.0982 | VRAM (Alloc/Reserved): 96.8/580.0 MiB | Time: 349.8s
[ByzFL-SNN]   [Step 200/500] (40.0%) | Val Acc: 0.1133 | Test Acc: 0.1135 | VRAM (Alloc/Reserved): 96.6/580.0 MiB | Time: 469.9s
[ByzFL-SNN]   [Step 250/500] (50.0%) | Val Acc: 0.1133 | Test Acc: 0.1135 | VRAM (Alloc/Reserved): 97.5/580.0 MiB | Time: 591.5s
[ByzFL-SNN]   [Step 300/500] (60.0%) | Val Acc: 0.1133 | Test Acc: 0.1135 | VRAM (Alloc/Reserved): 96.9/580.0 MiB | Time: 712.7s
[ByzFL-SNN]   [Step 350/500] (70.0%) | Val Acc: 0.1133 | Test Acc: 0.1135 | VRAM (Alloc/Reserved): 96.7/580.0 MiB | Time: 835.4s
[ByzFL-SNN]   [Step 400/500] (80.0%) | Val Acc: 0.1133 | Test Acc: 0.1135 | VRAM (Alloc/Reserved): 97.7/580.0 MiB | Time: 963.3s
[ByzFL-SNN]   [Step 450/500] (90.0%) | Val Acc: 0.1133 | Test Acc: 0.1135 | VRAM (Alloc/Reserved): 97.2/580.0 MiB | Time: 1088.3s
[ByzFL-SNN] [Training Complete] Peak VRAM (Alloc/Reserved): 361.2/580.0 MiB | Total time: 1207.7s

Training 62 done

[ByzFL-SNN] [Training Start] Model: cnn_mnist | Dataset: mnist
[ByzFL-SNN]   Aggregator: GeometricMedian | Attack: Optimal_InnerProductManipulation
[ByzFL-SNN]   Distribution: gamma_similarity_niid (gamma=0.0)
[ByzFL-SNN]   Clients: 10 honest, 2 byzantine | Algorithm: DSGD
[ByzFL-SNN]   Learning Rate: 0.15 | Steps: 500 | Device: cuda:0
[ByzFL-SNN]   Validation samples: 12000 | Test samples: 10000
[ByzFL-SNN] Initial VRAM (Alloc/Reserved): 36.1/42.0 MiB
[ByzFL-SNN]   [Step 0/500] (0.0%) | Val Acc: 0.1542 | Test Acc: 0.1595 | VRAM (Alloc/Reserved): 44.3/64.0 MiB | Time: 3.7s
[ByzFL-SNN]   [Step 50/500] (10.0%) | Val Acc: 0.0991 | Test Acc: 0.0952 | VRAM (Alloc/Reserved): 93.8/580.0 MiB | Time: 119.2s
[ByzFL-SNN]   [Step 100/500] (20.0%) | Val Acc: 0.1599 | Test Acc: 0.1597 | VRAM (Alloc/Reserved): 93.2/580.0 MiB | Time: 234.2s
[ByzFL-SNN]   [Step 150/500] (30.0%) | Val Acc: 0.1643 | Test Acc: 0.1646 | VRAM (Alloc/Reserved): 93.9/580.0 MiB | Time: 348.1s
[ByzFL-SNN]   [Step 200/500] (40.0%) | Val Acc: 0.1133 | Test Acc: 0.1135 | VRAM (Alloc/Reserved): 93.8/580.0 MiB | Time: 467.7s
[ByzFL-SNN]   [Step 250/500] (50.0%) | Val Acc: 0.1133 | Test Acc: 0.1135 | VRAM (Alloc/Reserved): 94.3/580.0 MiB | Time: 598.5s
[ByzFL-SNN]   [Step 300/500] (60.0%) | Val Acc: 0.1133 | Test Acc: 0.1135 | VRAM (Alloc/Reserved): 93.3/580.0 MiB | Time: 728.9s
[ByzFL-SNN]   [Step 350/500] (70.0%) | Val Acc: 0.1133 | Test Acc: 0.1135 | VRAM (Alloc/Reserved): 95.7/580.0 MiB | Time: 861.1s
[ByzFL-SNN]   [Step 400/500] (80.0%) | Val Acc: 0.0997 | Test Acc: 0.1032 | VRAM (Alloc/Reserved): 94.2/580.0 MiB | Time: 993.3s
[ByzFL-SNN]   [Step 450/500] (90.0%) | Val Acc: 0.0997 | Test Acc: 0.1032 | VRAM (Alloc/Reserved): 93.8/580.0 MiB | Time: 1126.8s
[ByzFL-SNN] [Training Complete] Peak VRAM (Alloc/Reserved): 358.9/580.0 MiB | Total time: 1261.2s

Training 63 done

[ByzFL-SNN] [Training Start] Model: cnn_mnist | Dataset: mnist
[ByzFL-SNN]   Aggregator: TrMean | Attack: Optimal_InnerProductManipulation
[ByzFL-SNN]   Distribution: gamma_similarity_niid (gamma=0.0)
[ByzFL-SNN]   Clients: 10 honest, 2 byzantine | Algorithm: DSGD
[ByzFL-SNN]   Learning Rate: 0.15 | Steps: 500 | Device: cuda:1
[ByzFL-SNN]   Validation samples: 12000 | Test samples: 10000
[ByzFL-SNN] Initial VRAM (Alloc/Reserved): 36.1/42.0 MiB
[ByzFL-SNN]   [Step 0/500] (0.0%) | Val Acc: 0.1542 | Test Acc: 0.1595 | VRAM (Alloc/Reserved): 44.3/64.0 MiB | Time: 3.6s
[ByzFL-SNN]   [Step 50/500] (10.0%) | Val Acc: 0.0942 | Test Acc: 0.0969 | VRAM (Alloc/Reserved): 93.7/580.0 MiB | Time: 107.1s
[ByzFL-SNN]   [Step 100/500] (20.0%) | Val Acc: 0.3571 | Test Acc: 0.3715 | VRAM (Alloc/Reserved): 94.3/580.0 MiB | Time: 215.9s
[ByzFL-SNN]   [Step 150/500] (30.0%) | Val Acc: 0.1133 | Test Acc: 0.1135 | VRAM (Alloc/Reserved): 94.6/580.0 MiB | Time: 326.8s
[ByzFL-SNN]   [Step 200/500] (40.0%) | Val Acc: 0.1133 | Test Acc: 0.1135 | VRAM (Alloc/Reserved): 93.9/580.0 MiB | Time: 443.1s
[ByzFL-SNN]   [Step 250/500] (50.0%) | Val Acc: 0.1054 | Test Acc: 0.0999 | VRAM (Alloc/Reserved): 94.3/580.0 MiB | Time: 565.1s
[ByzFL-SNN]   [Step 300/500] (60.0%) | Val Acc: 0.1853 | Test Acc: 0.1837 | VRAM (Alloc/Reserved): 94.5/580.0 MiB | Time: 688.3s
[ByzFL-SNN]   [Step 350/500] (70.0%) | Val Acc: 0.0990 | Test Acc: 0.0980 | VRAM (Alloc/Reserved): 94.4/580.0 MiB | Time: 817.0s
[ByzFL-SNN]   [Step 400/500] (80.0%) | Val Acc: 0.0990 | Test Acc: 0.0980 | VRAM (Alloc/Reserved): 94.4/580.0 MiB | Time: 930.9s
[ByzFL-SNN]   [Step 450/500] (90.0%) | Val Acc: 0.0990 | Test Acc: 0.0980 | VRAM (Alloc/Reserved): 93.7/580.0 MiB | Time: 1046.1s
[ByzFL-SNN] [Training Complete] Peak VRAM (Alloc/Reserved): 356.8/580.0 MiB | Total time: 1156.0s

Training 64 done

[ByzFL-SNN] [Training Start] Model: cnn_mnist | Dataset: mnist
[ByzFL-SNN]   Aggregator: TrMean | Attack: Optimal_InnerProductManipulation
[ByzFL-SNN]   Distribution: gamma_similarity_niid (gamma=0.0)
[ByzFL-SNN]   Clients: 10 honest, 2 byzantine | Algorithm: DSGD
[ByzFL-SNN]   Learning Rate: 0.15 | Steps: 500 | Device: cuda:0
[ByzFL-SNN]   Validation samples: 12000 | Test samples: 10000
[ByzFL-SNN] Initial VRAM (Alloc/Reserved): 36.1/42.0 MiB
[ByzFL-SNN]   [Step 0/500] (0.0%) | Val Acc: 0.1542 | Test Acc: 0.1595 | VRAM (Alloc/Reserved): 44.3/64.0 MiB | Time: 4.0s
[ByzFL-SNN]   [Step 50/500] (10.0%) | Val Acc: 0.1344 | Test Acc: 0.1221 | VRAM (Alloc/Reserved): 93.7/580.0 MiB | Time: 121.6s
[ByzFL-SNN]   [Step 100/500] (20.0%) | Val Acc: 0.5376 | Test Acc: 0.5378 | VRAM (Alloc/Reserved): 94.3/580.0 MiB | Time: 233.7s
[ByzFL-SNN]   [Step 150/500] (30.0%) | Val Acc: 0.1799 | Test Acc: 0.1789 | VRAM (Alloc/Reserved): 94.6/580.0 MiB | Time: 344.9s
[ByzFL-SNN]   [Step 200/500] (40.0%) | Val Acc: 0.2004 | Test Acc: 0.1966 | VRAM (Alloc/Reserved): 93.9/580.0 MiB | Time: 464.0s
[ByzFL-SNN]   [Step 250/500] (50.0%) | Val Acc: 0.1978 | Test Acc: 0.2038 | VRAM (Alloc/Reserved): 94.3/580.0 MiB | Time: 583.7s
[ByzFL-SNN]   [Step 300/500] (60.0%) | Val Acc: 0.1978 | Test Acc: 0.2038 | VRAM (Alloc/Reserved): 94.5/580.0 MiB | Time: 716.9s
[ByzFL-SNN]   [Step 350/500] (70.0%) | Val Acc: 0.1978 | Test Acc: 0.2038 | VRAM (Alloc/Reserved): 94.4/580.0 MiB | Time: 847.8s
[ByzFL-SNN]   [Step 400/500] (80.0%) | Val Acc: 0.1981 | Test Acc: 0.2038 | VRAM (Alloc/Reserved): 94.4/580.0 MiB | Time: 985.3s
[ByzFL-SNN]   [Step 450/500] (90.0%) | Val Acc: 0.0990 | Test Acc: 0.0980 | VRAM (Alloc/Reserved): 93.7/580.0 MiB | Time: 1099.0s
[ByzFL-SNN] [Training Complete] Peak VRAM (Alloc/Reserved): 356.8/580.0 MiB | Total time: 1176.1s

Training 65 done

[ByzFL-SNN] [Training Start] Model: cnn_mnist | Dataset: mnist
[ByzFL-SNN]   Aggregator: CenteredClipping | Attack: SignFlipping
[ByzFL-SNN]   Distribution: gamma_similarity_niid (gamma=1.0)
[ByzFL-SNN]   Clients: 10 honest, 3 byzantine | Algorithm: DSGD
[ByzFL-SNN]   Learning Rate: 0.15 | Steps: 500 | Device: cuda:1
[ByzFL-SNN]   Validation samples: 12000 | Test samples: 10000
[ByzFL-SNN] Initial VRAM (Alloc/Reserved): 36.1/42.0 MiB
[ByzFL-SNN]   [Step 0/500] (0.0%) | Val Acc: 0.1542 | Test Acc: 0.1595 | VRAM (Alloc/Reserved): 44.3/64.0 MiB | Time: 3.6s
[ByzFL-SNN]   [Step 50/500] (10.0%) | Val Acc: 0.8818 | Test Acc: 0.8925 | VRAM (Alloc/Reserved): 95.9/602.0 MiB | Time: 34.8s
[ByzFL-SNN]   [Step 100/500] (20.0%) | Val Acc: 0.9287 | Test Acc: 0.9379 | VRAM (Alloc/Reserved): 95.1/602.0 MiB | Time: 64.9s
[ByzFL-SNN]   [Step 150/500] (30.0%) | Val Acc: 0.9459 | Test Acc: 0.9520 | VRAM (Alloc/Reserved): 96.1/602.0 MiB | Time: 95.3s
[ByzFL-SNN]   [Step 200/500] (40.0%) | Val Acc: 0.9547 | Test Acc: 0.9581 | VRAM (Alloc/Reserved): 95.4/602.0 MiB | Time: 127.2s
[ByzFL-SNN]   [Step 250/500] (50.0%) | Val Acc: 0.9620 | Test Acc: 0.9655 | VRAM (Alloc/Reserved): 95.9/602.0 MiB | Time: 158.8s
[ByzFL-SNN]   [Step 300/500] (60.0%) | Val Acc: 0.9645 | Test Acc: 0.9696 | VRAM (Alloc/Reserved): 96.5/602.0 MiB | Time: 191.9s
[ByzFL-SNN]   [Step 350/500] (70.0%) | Val Acc: 0.9700 | Test Acc: 0.9745 | VRAM (Alloc/Reserved): 95.7/602.0 MiB | Time: 225.1s
[ByzFL-SNN]   [Step 400/500] (80.0%) | Val Acc: 0.9689 | Test Acc: 0.9745 | VRAM (Alloc/Reserved): 95.5/602.0 MiB | Time: 258.3s
[ByzFL-SNN]   [Step 450/500] (90.0%) | Val Acc: 0.9718 | Test Acc: 0.9755 | VRAM (Alloc/Reserved): 95.6/602.0 MiB | Time: 291.2s
[ByzFL-SNN] [Training Complete] Peak VRAM (Alloc/Reserved): 354.6/602.0 MiB | Total time: 320.7s

Training 66 done

[ByzFL-SNN] [Training Start] Model: cnn_mnist | Dataset: mnist
[ByzFL-SNN]   Aggregator: CenteredClipping | Attack: SignFlipping
[ByzFL-SNN]   Distribution: gamma_similarity_niid (gamma=1.0)
[ByzFL-SNN]   Clients: 10 honest, 3 byzantine | Algorithm: DSGD
[ByzFL-SNN]   Learning Rate: 0.15 | Steps: 500 | Device: cuda:0
[ByzFL-SNN]   Validation samples: 12000 | Test samples: 10000
[ByzFL-SNN] Initial VRAM (Alloc/Reserved): 36.1/42.0 MiB
[ByzFL-SNN]   [Step 0/500] (0.0%) | Val Acc: 0.1542 | Test Acc: 0.1595 | VRAM (Alloc/Reserved): 44.3/64.0 MiB | Time: 3.7s
[ByzFL-SNN]   [Step 50/500] (10.0%) | Val Acc: 0.8731 | Test Acc: 0.8792 | VRAM (Alloc/Reserved): 95.9/602.0 MiB | Time: 38.2s
[ByzFL-SNN]   [Step 100/500] (20.0%) | Val Acc: 0.9413 | Test Acc: 0.9477 | VRAM (Alloc/Reserved): 95.1/602.0 MiB | Time: 74.3s
[ByzFL-SNN]   [Step 150/500] (30.0%) | Val Acc: 0.9530 | Test Acc: 0.9591 | VRAM (Alloc/Reserved): 96.1/602.0 MiB | Time: 110.4s
[ByzFL-SNN]   [Step 200/500] (40.0%) | Val Acc: 0.9605 | Test Acc: 0.9648 | VRAM (Alloc/Reserved): 95.4/602.0 MiB | Time: 144.3s
[ByzFL-SNN]   [Step 250/500] (50.0%) | Val Acc: 0.9658 | Test Acc: 0.9706 | VRAM (Alloc/Reserved): 95.9/602.0 MiB | Time: 178.6s
[ByzFL-SNN]   [Step 300/500] (60.0%) | Val Acc: 0.9690 | Test Acc: 0.9755 | VRAM (Alloc/Reserved): 96.5/602.0 MiB | Time: 212.7s
[ByzFL-SNN]   [Step 350/500] (70.0%) | Val Acc: 0.9710 | Test Acc: 0.9759 | VRAM (Alloc/Reserved): 95.7/602.0 MiB | Time: 246.0s
[ByzFL-SNN]   [Step 400/500] (80.0%) | Val Acc: 0.9729 | Test Acc: 0.9757 | VRAM (Alloc/Reserved): 95.5/602.0 MiB | Time: 280.2s
[ByzFL-SNN]   [Step 450/500] (90.0%) | Val Acc: 0.9760 | Test Acc: 0.9784 | VRAM (Alloc/Reserved): 95.6/602.0 MiB | Time: 314.7s
[ByzFL-SNN] [Training Complete] Peak VRAM (Alloc/Reserved): 354.6/602.0 MiB | Total time: 344.9s

Training 67 done

[ByzFL-SNN] [Training Start] Model: cnn_mnist | Dataset: mnist
[ByzFL-SNN]   Aggregator: MultiKrum | Attack: Optimal_ALittleIsEnough_neg1
[ByzFL-SNN]   Distribution: gamma_similarity_niid (gamma=0.0)
[ByzFL-SNN]   Clients: 10 honest, 2 byzantine | Algorithm: DSGD
[ByzFL-SNN]   Learning Rate: 0.15 | Steps: 500 | Device: cuda:0
[ByzFL-SNN]   Validation samples: 12000 | Test samples: 10000
[ByzFL-SNN] Initial VRAM (Alloc/Reserved): 36.1/42.0 MiB
[ByzFL-SNN]   [Step 0/500] (0.0%) | Val Acc: 0.1542 | Test Acc: 0.1595 | VRAM (Alloc/Reserved): 44.3/64.0 MiB | Time: 3.8s
[ByzFL-SNN]   [Step 50/500] (10.0%) | Val Acc: 0.1164 | Test Acc: 0.1078 | VRAM (Alloc/Reserved): 94.0/580.0 MiB | Time: 128.0s
[ByzFL-SNN]   [Step 100/500] (20.0%) | Val Acc: 0.1068 | Test Acc: 0.1028 | VRAM (Alloc/Reserved): 94.3/580.0 MiB | Time: 255.7s
[ByzFL-SNN]   [Step 150/500] (30.0%) | Val Acc: 0.0978 | Test Acc: 0.1009 | VRAM (Alloc/Reserved): 93.7/580.0 MiB | Time: 376.8s
[ByzFL-SNN]   [Step 200/500] (40.0%) | Val Acc: 0.1133 | Test Acc: 0.1135 | VRAM (Alloc/Reserved): 93.5/580.0 MiB | Time: 495.7s
[ByzFL-SNN]   [Step 250/500] (50.0%) | Val Acc: 0.1133 | Test Acc: 0.1135 | VRAM (Alloc/Reserved): 94.3/580.0 MiB | Time: 617.2s
[ByzFL-SNN]   [Step 300/500] (60.0%) | Val Acc: 0.1133 | Test Acc: 0.1135 | VRAM (Alloc/Reserved): 93.0/580.0 MiB | Time: 735.4s
[ByzFL-SNN]   [Step 350/500] (70.0%) | Val Acc: 0.0997 | Test Acc: 0.1032 | VRAM (Alloc/Reserved): 94.3/580.0 MiB | Time: 845.7s
[ByzFL-SNN]   [Step 400/500] (80.0%) | Val Acc: 0.1037 | Test Acc: 0.1010 | VRAM (Alloc/Reserved): 93.4/580.0 MiB | Time: 960.8s
[ByzFL-SNN]   [Step 450/500] (90.0%) | Val Acc: 0.1133 | Test Acc: 0.1135 | VRAM (Alloc/Reserved): 92.8/580.0 MiB | Time: 1068.4s
[ByzFL-SNN] [Training Complete] Peak VRAM (Alloc/Reserved): 357.0/580.0 MiB | Total time: 1174.7s

Training 68 done

[ByzFL-SNN] [Training Start] Model: cnn_mnist | Dataset: mnist
[ByzFL-SNN]   Aggregator: TrMean | Attack: SignFlipping
[ByzFL-SNN]   Distribution: gamma_similarity_niid (gamma=1.0)
[ByzFL-SNN]   Clients: 10 honest, 3 byzantine | Algorithm: DSGD
[ByzFL-SNN]   Learning Rate: 0.15 | Steps: 500 | Device: cuda:1
[ByzFL-SNN]   Validation samples: 12000 | Test samples: 10000
[ByzFL-SNN] Initial VRAM (Alloc/Reserved): 36.1/42.0 MiB
[ByzFL-SNN]   [Step 0/500] (0.0%) | Val Acc: 0.1542 | Test Acc: 0.1595 | VRAM (Alloc/Reserved): 44.3/64.0 MiB | Time: 3.6s
[ByzFL-SNN]   [Step 50/500] (10.0%) | Val Acc: 0.8918 | Test Acc: 0.8997 | VRAM (Alloc/Reserved): 94.1/602.0 MiB | Time: 32.8s
[ByzFL-SNN]   [Step 100/500] (20.0%) | Val Acc: 0.9420 | Test Acc: 0.9489 | VRAM (Alloc/Reserved): 95.0/602.0 MiB | Time: 63.2s
[ByzFL-SNN]   [Step 150/500] (30.0%) | Val Acc: 0.9540 | Test Acc: 0.9584 | VRAM (Alloc/Reserved): 94.4/602.0 MiB | Time: 95.1s
[ByzFL-SNN]   [Step 200/500] (40.0%) | Val Acc: 0.9593 | Test Acc: 0.9659 | VRAM (Alloc/Reserved): 94.7/602.0 MiB | Time: 127.5s
[ByzFL-SNN]   [Step 250/500] (50.0%) | Val Acc: 0.9659 | Test Acc: 0.9720 | VRAM (Alloc/Reserved): 92.9/602.0 MiB | Time: 159.5s
[ByzFL-SNN]   [Step 300/500] (60.0%) | Val Acc: 0.9688 | Test Acc: 0.9742 | VRAM (Alloc/Reserved): 93.6/602.0 MiB | Time: 192.8s
[ByzFL-SNN]   [Step 350/500] (70.0%) | Val Acc: 0.9722 | Test Acc: 0.9769 | VRAM (Alloc/Reserved): 93.8/602.0 MiB | Time: 225.6s
[ByzFL-SNN]   [Step 400/500] (80.0%) | Val Acc: 0.9736 | Test Acc: 0.9768 | VRAM (Alloc/Reserved): 95.1/602.0 MiB | Time: 258.2s
[ByzFL-SNN]   [Step 450/500] (90.0%) | Val Acc: 0.9760 | Test Acc: 0.9790 | VRAM (Alloc/Reserved): 93.7/602.0 MiB | Time: 289.9s
[ByzFL-SNN] [Training Complete] Peak VRAM (Alloc/Reserved): 352.6/602.0 MiB | Total time: 319.4s

Training 69 done

[ByzFL-SNN] [Training Start] Model: cnn_mnist | Dataset: mnist
[ByzFL-SNN]   Aggregator: TrMean | Attack: SignFlipping
[ByzFL-SNN]   Distribution: gamma_similarity_niid (gamma=1.0)
[ByzFL-SNN]   Clients: 10 honest, 3 byzantine | Algorithm: DSGD
[ByzFL-SNN]   Learning Rate: 0.15 | Steps: 500 | Device: cuda:0
[ByzFL-SNN]   Validation samples: 12000 | Test samples: 10000
[ByzFL-SNN] Initial VRAM (Alloc/Reserved): 36.1/42.0 MiB
[ByzFL-SNN]   [Step 0/500] (0.0%) | Val Acc: 0.1542 | Test Acc: 0.1595 | VRAM (Alloc/Reserved): 44.3/64.0 MiB | Time: 4.0s
[ByzFL-SNN]   [Step 50/500] (10.0%) | Val Acc: 0.9028 | Test Acc: 0.9098 | VRAM (Alloc/Reserved): 94.1/602.0 MiB | Time: 39.7s
[ByzFL-SNN]   [Step 100/500] (20.0%) | Val Acc: 0.9421 | Test Acc: 0.9491 | VRAM (Alloc/Reserved): 95.0/602.0 MiB | Time: 75.7s
[ByzFL-SNN]   [Step 150/500] (30.0%) | Val Acc: 0.9537 | Test Acc: 0.9599 | VRAM (Alloc/Reserved): 94.4/602.0 MiB | Time: 111.2s
[ByzFL-SNN]   [Step 200/500] (40.0%) | Val Acc: 0.9587 | Test Acc: 0.9658 | VRAM (Alloc/Reserved): 94.7/602.0 MiB | Time: 147.0s
[ByzFL-SNN]   [Step 250/500] (50.0%) | Val Acc: 0.9656 | Test Acc: 0.9707 | VRAM (Alloc/Reserved): 92.9/602.0 MiB | Time: 181.4s
[ByzFL-SNN]   [Step 300/500] (60.0%) | Val Acc: 0.9694 | Test Acc: 0.9745 | VRAM (Alloc/Reserved): 93.6/602.0 MiB | Time: 214.7s
[ByzFL-SNN]   [Step 350/500] (70.0%) | Val Acc: 0.9704 | Test Acc: 0.9752 | VRAM (Alloc/Reserved): 93.8/602.0 MiB | Time: 248.8s
[ByzFL-SNN]   [Step 400/500] (80.0%) | Val Acc: 0.9732 | Test Acc: 0.9772 | VRAM (Alloc/Reserved): 95.1/602.0 MiB | Time: 283.0s
[ByzFL-SNN]   [Step 450/500] (90.0%) | Val Acc: 0.9751 | Test Acc: 0.9779 | VRAM (Alloc/Reserved): 93.7/602.0 MiB | Time: 317.0s
[ByzFL-SNN] [Training Complete] Peak VRAM (Alloc/Reserved): 352.6/602.0 MiB | Total time: 347.7s

Training 70 done

[ByzFL-SNN] [Training Start] Model: cnn_mnist | Dataset: mnist
[ByzFL-SNN]   Aggregator: MultiKrum | Attack: Optimal_ALittleIsEnough_neg1
[ByzFL-SNN]   Distribution: gamma_similarity_niid (gamma=0.0)
[ByzFL-SNN]   Clients: 10 honest, 2 byzantine | Algorithm: DSGD
[ByzFL-SNN]   Learning Rate: 0.15 | Steps: 500 | Device: cuda:1
[ByzFL-SNN]   Validation samples: 12000 | Test samples: 10000
[ByzFL-SNN] Initial VRAM (Alloc/Reserved): 36.1/42.0 MiB
[ByzFL-SNN]   [Step 0/500] (0.0%) | Val Acc: 0.1542 | Test Acc: 0.1595 | VRAM (Alloc/Reserved): 44.3/64.0 MiB | Time: 3.5s
[ByzFL-SNN]   [Step 50/500] (10.0%) | Val Acc: 0.0972 | Test Acc: 0.0958 | VRAM (Alloc/Reserved): 94.0/580.0 MiB | Time: 118.9s
[ByzFL-SNN]   [Step 100/500] (20.0%) | Val Acc: 0.0972 | Test Acc: 0.0958 | VRAM (Alloc/Reserved): 94.3/580.0 MiB | Time: 246.0s
[ByzFL-SNN]   [Step 150/500] (30.0%) | Val Acc: 0.1037 | Test Acc: 0.1010 | VRAM (Alloc/Reserved): 93.7/580.0 MiB | Time: 366.4s
[ByzFL-SNN]   [Step 200/500] (40.0%) | Val Acc: 0.1133 | Test Acc: 0.1135 | VRAM (Alloc/Reserved): 93.5/580.0 MiB | Time: 502.2s
[ByzFL-SNN]   [Step 250/500] (50.0%) | Val Acc: 0.1133 | Test Acc: 0.1135 | VRAM (Alloc/Reserved): 94.3/580.0 MiB | Time: 636.4s
[ByzFL-SNN]   [Step 300/500] (60.0%) | Val Acc: 0.1133 | Test Acc: 0.1135 | VRAM (Alloc/Reserved): 93.0/580.0 MiB | Time: 769.3s
[ByzFL-SNN]   [Step 350/500] (70.0%) | Val Acc: 0.1067 | Test Acc: 0.1028 | VRAM (Alloc/Reserved): 94.3/580.0 MiB | Time: 882.0s
[ByzFL-SNN]   [Step 400/500] (80.0%) | Val Acc: 0.0877 | Test Acc: 0.0892 | VRAM (Alloc/Reserved): 93.4/580.0 MiB | Time: 989.5s
[ByzFL-SNN]   [Step 450/500] (90.0%) | Val Acc: 0.0978 | Test Acc: 0.1009 | VRAM (Alloc/Reserved): 92.8/580.0 MiB | Time: 1106.8s
[ByzFL-SNN] [Training Complete] Peak VRAM (Alloc/Reserved): 357.0/580.0 MiB | Total time: 1215.8s

Training 71 done

[ByzFL-SNN] [Training Start] Model: cnn_mnist | Dataset: mnist
[ByzFL-SNN]   Aggregator: MultiKrum | Attack: Optimal_InnerProductManipulation
[ByzFL-SNN]   Distribution: gamma_similarity_niid (gamma=0.0)
[ByzFL-SNN]   Clients: 10 honest, 2 byzantine | Algorithm: DSGD
[ByzFL-SNN]   Learning Rate: 0.15 | Steps: 500 | Device: cuda:1
[ByzFL-SNN]   Validation samples: 12000 | Test samples: 10000
[ByzFL-SNN] Initial VRAM (Alloc/Reserved): 36.1/42.0 MiB
[ByzFL-SNN]   [Step 0/500] (0.0%) | Val Acc: 0.1542 | Test Acc: 0.1595 | VRAM (Alloc/Reserved): 44.3/64.0 MiB | Time: 3.8s
[ByzFL-SNN]   [Step 50/500] (10.0%) | Val Acc: 0.1924 | Test Acc: 0.1960 | VRAM (Alloc/Reserved): 93.7/580.0 MiB | Time: 121.7s
[ByzFL-SNN]   [Step 100/500] (20.0%) | Val Acc: 0.4616 | Test Acc: 0.4664 | VRAM (Alloc/Reserved): 94.3/580.0 MiB | Time: 244.5s
[ByzFL-SNN]   [Step 150/500] (30.0%) | Val Acc: 0.0990 | Test Acc: 0.0981 | VRAM (Alloc/Reserved): 94.6/580.0 MiB | Time: 360.6s
[ByzFL-SNN]   [Step 200/500] (40.0%) | Val Acc: 0.0990 | Test Acc: 0.0980 | VRAM (Alloc/Reserved): 93.9/580.0 MiB | Time: 483.0s
[ByzFL-SNN]   [Step 250/500] (50.0%) | Val Acc: 0.0877 | Test Acc: 0.0782 | VRAM (Alloc/Reserved): 94.3/580.0 MiB | Time: 606.4s
[ByzFL-SNN]   [Step 300/500] (60.0%) | Val Acc: 0.1754 | Test Acc: 0.1682 | VRAM (Alloc/Reserved): 94.5/580.0 MiB | Time: 732.2s
[ByzFL-SNN]   [Step 350/500] (70.0%) | Val Acc: 0.2002 | Test Acc: 0.1979 | VRAM (Alloc/Reserved): 94.4/580.0 MiB | Time: 853.5s
[ByzFL-SNN]   [Step 400/500] (80.0%) | Val Acc: 0.2028 | Test Acc: 0.2009 | VRAM (Alloc/Reserved): 94.4/580.0 MiB | Time: 968.3s
[ByzFL-SNN]   [Step 450/500] (90.0%) | Val Acc: 0.2028 | Test Acc: 0.2013 | VRAM (Alloc/Reserved): 93.7/580.0 MiB | Time: 1094.6s
[ByzFL-SNN] [Training Complete] Peak VRAM (Alloc/Reserved): 356.8/580.0 MiB | Total time: 1214.9s

Training 72 done

[ByzFL-SNN] [Training Start] Model: cnn_mnist | Dataset: mnist
[ByzFL-SNN]   Aggregator: MultiKrum | Attack: SignFlipping
[ByzFL-SNN]   Distribution: gamma_similarity_niid (gamma=1.0)
[ByzFL-SNN]   Clients: 10 honest, 3 byzantine | Algorithm: DSGD
[ByzFL-SNN]   Learning Rate: 0.15 | Steps: 500 | Device: cuda:0
[ByzFL-SNN]   Validation samples: 12000 | Test samples: 10000
[ByzFL-SNN] Initial VRAM (Alloc/Reserved): 36.1/42.0 MiB
[ByzFL-SNN]   [Step 0/500] (0.0%) | Val Acc: 0.1542 | Test Acc: 0.1595 | VRAM (Alloc/Reserved): 44.3/64.0 MiB | Time: 4.4s
[ByzFL-SNN]   [Step 50/500] (10.0%) | Val Acc: 0.9028 | Test Acc: 0.9097 | VRAM (Alloc/Reserved): 94.1/602.0 MiB | Time: 38.2s
[ByzFL-SNN]   [Step 100/500] (20.0%) | Val Acc: 0.9417 | Test Acc: 0.9490 | VRAM (Alloc/Reserved): 95.0/602.0 MiB | Time: 73.0s
[ByzFL-SNN]   [Step 150/500] (30.0%) | Val Acc: 0.9548 | Test Acc: 0.9607 | VRAM (Alloc/Reserved): 94.4/602.0 MiB | Time: 108.0s
[ByzFL-SNN]   [Step 200/500] (40.0%) | Val Acc: 0.9591 | Test Acc: 0.9669 | VRAM (Alloc/Reserved): 94.7/602.0 MiB | Time: 141.8s
[ByzFL-SNN]   [Step 250/500] (50.0%) | Val Acc: 0.9661 | Test Acc: 0.9707 | VRAM (Alloc/Reserved): 92.9/602.0 MiB | Time: 175.5s
[ByzFL-SNN]   [Step 300/500] (60.0%) | Val Acc: 0.9700 | Test Acc: 0.9748 | VRAM (Alloc/Reserved): 93.6/602.0 MiB | Time: 209.7s
[ByzFL-SNN]   [Step 350/500] (70.0%) | Val Acc: 0.9707 | Test Acc: 0.9750 | VRAM (Alloc/Reserved): 93.8/602.0 MiB | Time: 243.4s
[ByzFL-SNN]   [Step 400/500] (80.0%) | Val Acc: 0.9731 | Test Acc: 0.9776 | VRAM (Alloc/Reserved): 95.1/602.0 MiB | Time: 276.5s
[ByzFL-SNN]   [Step 450/500] (90.0%) | Val Acc: 0.9755 | Test Acc: 0.9781 | VRAM (Alloc/Reserved): 93.7/602.0 MiB | Time: 310.1s
[ByzFL-SNN] [Training Complete] Peak VRAM (Alloc/Reserved): 352.6/602.0 MiB | Total time: 340.9s

Training 73 done

[ByzFL-SNN] [Training Start] Model: cnn_mnist | Dataset: mnist
[ByzFL-SNN]   Aggregator: MultiKrum | Attack: SignFlipping
[ByzFL-SNN]   Distribution: gamma_similarity_niid (gamma=1.0)
[ByzFL-SNN]   Clients: 10 honest, 3 byzantine | Algorithm: DSGD
[ByzFL-SNN]   Learning Rate: 0.15 | Steps: 500 | Device: cuda:1
[ByzFL-SNN]   Validation samples: 12000 | Test samples: 10000
[ByzFL-SNN] Initial VRAM (Alloc/Reserved): 36.1/42.0 MiB
[ByzFL-SNN]   [Step 0/500] (0.0%) | Val Acc: 0.1542 | Test Acc: 0.1595 | VRAM (Alloc/Reserved): 44.3/64.0 MiB | Time: 3.5s
[ByzFL-SNN]   [Step 50/500] (10.0%) | Val Acc: 0.8931 | Test Acc: 0.9024 | VRAM (Alloc/Reserved): 94.1/602.0 MiB | Time: 34.7s
[ByzFL-SNN]   [Step 100/500] (20.0%) | Val Acc: 0.9435 | Test Acc: 0.9498 | VRAM (Alloc/Reserved): 95.0/602.0 MiB | Time: 66.7s
[ByzFL-SNN]   [Step 150/500] (30.0%) | Val Acc: 0.9533 | Test Acc: 0.9585 | VRAM (Alloc/Reserved): 94.4/602.0 MiB | Time: 99.9s
[ByzFL-SNN]   [Step 200/500] (40.0%) | Val Acc: 0.9599 | Test Acc: 0.9664 | VRAM (Alloc/Reserved): 94.7/602.0 MiB | Time: 133.6s
[ByzFL-SNN]   [Step 250/500] (50.0%) | Val Acc: 0.9663 | Test Acc: 0.9723 | VRAM (Alloc/Reserved): 92.9/602.0 MiB | Time: 167.1s
[ByzFL-SNN]   [Step 300/500] (60.0%) | Val Acc: 0.9685 | Test Acc: 0.9746 | VRAM (Alloc/Reserved): 93.6/602.0 MiB | Time: 199.8s
[ByzFL-SNN]   [Step 350/500] (70.0%) | Val Acc: 0.9716 | Test Acc: 0.9764 | VRAM (Alloc/Reserved): 93.8/602.0 MiB | Time: 231.7s
[ByzFL-SNN]   [Step 400/500] (80.0%) | Val Acc: 0.9741 | Test Acc: 0.9778 | VRAM (Alloc/Reserved): 95.1/602.0 MiB | Time: 264.5s
[ByzFL-SNN]   [Step 450/500] (90.0%) | Val Acc: 0.9752 | Test Acc: 0.9792 | VRAM (Alloc/Reserved): 93.7/602.0 MiB | Time: 296.8s
[ByzFL-SNN] [Training Complete] Peak VRAM (Alloc/Reserved): 352.6/602.0 MiB | Total time: 326.5s

Training 74 done

[ByzFL-SNN] [Training Start] Model: cnn_mnist | Dataset: mnist
[ByzFL-SNN]   Aggregator: MultiKrum | Attack: Optimal_InnerProductManipulation
[ByzFL-SNN]   Distribution: gamma_similarity_niid (gamma=0.0)
[ByzFL-SNN]   Clients: 10 honest, 2 byzantine | Algorithm: DSGD
[ByzFL-SNN]   Learning Rate: 0.15 | Steps: 500 | Device: cuda:0
[ByzFL-SNN]   Validation samples: 12000 | Test samples: 10000
[ByzFL-SNN] Initial VRAM (Alloc/Reserved): 36.1/42.0 MiB
[ByzFL-SNN]   [Step 0/500] (0.0%) | Val Acc: 0.1542 | Test Acc: 0.1595 | VRAM (Alloc/Reserved): 44.3/64.0 MiB | Time: 4.1s
[ByzFL-SNN]   [Step 50/500] (10.0%) | Val Acc: 0.1319 | Test Acc: 0.1352 | VRAM (Alloc/Reserved): 93.7/580.0 MiB | Time: 125.0s
[ByzFL-SNN]   [Step 100/500] (20.0%) | Val Acc: 0.3703 | Test Acc: 0.3617 | VRAM (Alloc/Reserved): 94.3/580.0 MiB | Time: 250.5s
[ByzFL-SNN]   [Step 150/500] (30.0%) | Val Acc: 0.1037 | Test Acc: 0.1010 | VRAM (Alloc/Reserved): 94.6/580.0 MiB | Time: 371.3s
[ByzFL-SNN]   [Step 200/500] (40.0%) | Val Acc: 0.0990 | Test Acc: 0.0980 | VRAM (Alloc/Reserved): 93.9/580.0 MiB | Time: 496.4s
[ByzFL-SNN]   [Step 250/500] (50.0%) | Val Acc: 0.1068 | Test Acc: 0.1028 | VRAM (Alloc/Reserved): 94.3/580.0 MiB | Time: 625.1s
[ByzFL-SNN]   [Step 300/500] (60.0%) | Val Acc: 0.1068 | Test Acc: 0.1028 | VRAM (Alloc/Reserved): 94.5/580.0 MiB | Time: 751.1s
[ByzFL-SNN]   [Step 350/500] (70.0%) | Val Acc: 0.1068 | Test Acc: 0.1028 | VRAM (Alloc/Reserved): 94.4/580.0 MiB | Time: 882.2s
[ByzFL-SNN]   [Step 400/500] (80.0%) | Val Acc: 0.1068 | Test Acc: 0.1028 | VRAM (Alloc/Reserved): 94.4/580.0 MiB | Time: 1008.5s
[ByzFL-SNN]   [Step 450/500] (90.0%) | Val Acc: 0.0990 | Test Acc: 0.0980 | VRAM (Alloc/Reserved): 93.7/580.0 MiB | Time: 1132.8s
[ByzFL-SNN] [Training Complete] Peak VRAM (Alloc/Reserved): 356.8/580.0 MiB | Total time: 1251.1s

Training 75 done

[ByzFL-SNN] [Training Start] Model: cnn_mnist | Dataset: mnist
[ByzFL-SNN]   Aggregator: GeometricMedian | Attack: Optimal_ALittleIsEnough_neg1
[ByzFL-SNN]   Distribution: gamma_similarity_niid (gamma=1.0)
[ByzFL-SNN]   Clients: 10 honest, 3 byzantine | Algorithm: DSGD
[ByzFL-SNN]   Learning Rate: 0.15 | Steps: 500 | Device: cuda:1
[ByzFL-SNN]   Validation samples: 12000 | Test samples: 10000
[ByzFL-SNN] Initial VRAM (Alloc/Reserved): 36.1/42.0 MiB
[ByzFL-SNN]   [Step 0/500] (0.0%) | Val Acc: 0.1542 | Test Acc: 0.1595 | VRAM (Alloc/Reserved): 44.3/64.0 MiB | Time: 3.7s
[ByzFL-SNN]   [Step 50/500] (10.0%) | Val Acc: 0.8451 | Test Acc: 0.8593 | VRAM (Alloc/Reserved): 93.7/602.0 MiB | Time: 141.5s
[ByzFL-SNN]   [Step 100/500] (20.0%) | Val Acc: 0.9469 | Test Acc: 0.9527 | VRAM (Alloc/Reserved): 94.7/602.0 MiB | Time: 276.1s
[ByzFL-SNN]   [Step 150/500] (30.0%) | Val Acc: 0.9580 | Test Acc: 0.9628 | VRAM (Alloc/Reserved): 94.4/602.0 MiB | Time: 409.1s
[ByzFL-SNN]   [Step 200/500] (40.0%) | Val Acc: 0.9667 | Test Acc: 0.9715 | VRAM (Alloc/Reserved): 93.9/602.0 MiB | Time: 544.7s
[ByzFL-SNN]   [Step 250/500] (50.0%) | Val Acc: 0.9701 | Test Acc: 0.9738 | VRAM (Alloc/Reserved): 93.5/602.0 MiB | Time: 682.1s
[ByzFL-SNN]   [Step 300/500] (60.0%) | Val Acc: 0.9740 | Test Acc: 0.9780 | VRAM (Alloc/Reserved): 93.0/602.0 MiB | Time: 814.5s
[ByzFL-SNN]   [Step 350/500] (70.0%) | Val Acc: 0.9758 | Test Acc: 0.9781 | VRAM (Alloc/Reserved): 94.2/602.0 MiB | Time: 934.9s
[ByzFL-SNN]   [Step 400/500] (80.0%) | Val Acc: 0.9712 | Test Acc: 0.9741 | VRAM (Alloc/Reserved): 93.8/602.0 MiB | Time: 1069.9s
[ByzFL-SNN]   [Step 450/500] (90.0%) | Val Acc: 0.9669 | Test Acc: 0.9725 | VRAM (Alloc/Reserved): 94.9/602.0 MiB | Time: 1201.0s
[ByzFL-SNN] [Training Complete] Peak VRAM (Alloc/Reserved): 377.4/602.0 MiB | Total time: 1327.3s

Training 76 done

[ByzFL-SNN] [Training Start] Model: cnn_mnist | Dataset: mnist
[ByzFL-SNN]   Aggregator: GeometricMedian | Attack: Optimal_ALittleIsEnough_neg1
[ByzFL-SNN]   Distribution: gamma_similarity_niid (gamma=1.0)
[ByzFL-SNN]   Clients: 10 honest, 3 byzantine | Algorithm: DSGD
[ByzFL-SNN]   Learning Rate: 0.15 | Steps: 500 | Device: cuda:0
[ByzFL-SNN]   Validation samples: 12000 | Test samples: 10000
[ByzFL-SNN] Initial VRAM (Alloc/Reserved): 36.1/42.0 MiB
[ByzFL-SNN]   [Step 0/500] (0.0%) | Val Acc: 0.1542 | Test Acc: 0.1595 | VRAM (Alloc/Reserved): 44.3/64.0 MiB | Time: 4.0s
[ByzFL-SNN]   [Step 50/500] (10.0%) | Val Acc: 0.8765 | Test Acc: 0.8854 | VRAM (Alloc/Reserved): 93.7/602.0 MiB | Time: 146.0s
[ByzFL-SNN]   [Step 100/500] (20.0%) | Val Acc: 0.9500 | Test Acc: 0.9521 | VRAM (Alloc/Reserved): 94.7/602.0 MiB | Time: 282.2s
[ByzFL-SNN]   [Step 150/500] (30.0%) | Val Acc: 0.9602 | Test Acc: 0.9663 | VRAM (Alloc/Reserved): 94.4/602.0 MiB | Time: 421.3s
[ByzFL-SNN]   [Step 200/500] (40.0%) | Val Acc: 0.9673 | Test Acc: 0.9723 | VRAM (Alloc/Reserved): 93.9/602.0 MiB | Time: 561.0s
[ByzFL-SNN]   [Step 250/500] (50.0%) | Val Acc: 0.9693 | Test Acc: 0.9734 | VRAM (Alloc/Reserved): 93.5/602.0 MiB | Time: 705.1s
[ByzFL-SNN]   [Step 300/500] (60.0%) | Val Acc: 0.9663 | Test Acc: 0.9728 | VRAM (Alloc/Reserved): 93.0/602.0 MiB | Time: 846.4s
[ByzFL-SNN]   [Step 350/500] (70.0%) | Val Acc: 0.9682 | Test Acc: 0.9752 | VRAM (Alloc/Reserved): 94.2/602.0 MiB | Time: 988.8s
[ByzFL-SNN]   [Step 400/500] (80.0%) | Val Acc: 0.9718 | Test Acc: 0.9761 | VRAM (Alloc/Reserved): 93.8/602.0 MiB | Time: 1127.5s
[ByzFL-SNN]   [Step 450/500] (90.0%) | Val Acc: 0.9792 | Test Acc: 0.9811 | VRAM (Alloc/Reserved): 94.9/602.0 MiB | Time: 1263.4s
[ByzFL-SNN] [Training Complete] Peak VRAM (Alloc/Reserved): 377.4/602.0 MiB | Total time: 1403.9s

Training 77 done

[ByzFL-SNN] [Training Start] Model: cnn_mnist | Dataset: mnist
[ByzFL-SNN]   Aggregator: GeometricMedian | Attack: SignFlipping
[ByzFL-SNN]   Distribution: gamma_similarity_niid (gamma=0.66)
[ByzFL-SNN]   Clients: 10 honest, 3 byzantine | Algorithm: DSGD
[ByzFL-SNN]   Learning Rate: 0.15 | Steps: 500 | Device: cuda:1
[ByzFL-SNN]   Validation samples: 12000 | Test samples: 10000
[ByzFL-SNN] Initial VRAM (Alloc/Reserved): 36.1/42.0 MiB
[ByzFL-SNN]   [Step 0/500] (0.0%) | Val Acc: 0.1542 | Test Acc: 0.1595 | VRAM (Alloc/Reserved): 44.3/64.0 MiB | Time: 4.0s
[ByzFL-SNN]   [Step 50/500] (10.0%) | Val Acc: 0.6246 | Test Acc: 0.6221 | VRAM (Alloc/Reserved): 93.7/600.0 MiB | Time: 37.4s
[ByzFL-SNN]   [Step 100/500] (20.0%) | Val Acc: 0.8859 | Test Acc: 0.8945 | VRAM (Alloc/Reserved): 94.4/600.0 MiB | Time: 69.6s
[ByzFL-SNN]   [Step 150/500] (30.0%) | Val Acc: 0.9082 | Test Acc: 0.9132 | VRAM (Alloc/Reserved): 95.0/600.0 MiB | Time: 101.9s
[ByzFL-SNN]   [Step 200/500] (40.0%) | Val Acc: 0.9353 | Test Acc: 0.9398 | VRAM (Alloc/Reserved): 94.7/600.0 MiB | Time: 132.9s
[ByzFL-SNN]   [Step 250/500] (50.0%) | Val Acc: 0.9349 | Test Acc: 0.9386 | VRAM (Alloc/Reserved): 94.0/600.0 MiB | Time: 164.8s
[ByzFL-SNN]   [Step 300/500] (60.0%) | Val Acc: 0.9456 | Test Acc: 0.9521 | VRAM (Alloc/Reserved): 94.8/600.0 MiB | Time: 197.7s
[ByzFL-SNN]   [Step 350/500] (70.0%) | Val Acc: 0.9510 | Test Acc: 0.9562 | VRAM (Alloc/Reserved): 94.1/600.0 MiB | Time: 229.6s
[ByzFL-SNN]   [Step 400/500] (80.0%) | Val Acc: 0.9574 | Test Acc: 0.9608 | VRAM (Alloc/Reserved): 94.7/600.0 MiB | Time: 260.6s
[ByzFL-SNN]   [Step 450/500] (90.0%) | Val Acc: 0.9603 | Test Acc: 0.9644 | VRAM (Alloc/Reserved): 94.4/600.0 MiB | Time: 291.8s
[ByzFL-SNN] [Training Complete] Peak VRAM (Alloc/Reserved): 352.6/600.0 MiB | Total time: 320.4s

Training 78 done

[ByzFL-SNN] [Training Start] Model: cnn_mnist | Dataset: mnist
[ByzFL-SNN]   Aggregator: GeometricMedian | Attack: SignFlipping
[ByzFL-SNN]   Distribution: gamma_similarity_niid (gamma=0.66)
[ByzFL-SNN]   Clients: 10 honest, 3 byzantine | Algorithm: DSGD
[ByzFL-SNN]   Learning Rate: 0.15 | Steps: 500 | Device: cuda:0
[ByzFL-SNN]   Validation samples: 12000 | Test samples: 10000
[ByzFL-SNN] Initial VRAM (Alloc/Reserved): 36.1/42.0 MiB
[ByzFL-SNN]   [Step 0/500] (0.0%) | Val Acc: 0.1542 | Test Acc: 0.1595 | VRAM (Alloc/Reserved): 44.3/64.0 MiB | Time: 3.9s
[ByzFL-SNN]   [Step 50/500] (10.0%) | Val Acc: 0.6927 | Test Acc: 0.6975 | VRAM (Alloc/Reserved): 93.7/600.0 MiB | Time: 37.6s
[ByzFL-SNN]   [Step 100/500] (20.0%) | Val Acc: 0.8866 | Test Acc: 0.8970 | VRAM (Alloc/Reserved): 94.4/600.0 MiB | Time: 70.7s
[ByzFL-SNN]   [Step 150/500] (30.0%) | Val Acc: 0.9123 | Test Acc: 0.9190 | VRAM (Alloc/Reserved): 95.0/600.0 MiB | Time: 104.1s
[ByzFL-SNN]   [Step 200/500] (40.0%) | Val Acc: 0.9262 | Test Acc: 0.9328 | VRAM (Alloc/Reserved): 94.7/600.0 MiB | Time: 138.0s
[ByzFL-SNN]   [Step 250/500] (50.0%) | Val Acc: 0.9357 | Test Acc: 0.9432 | VRAM (Alloc/Reserved): 94.0/600.0 MiB | Time: 171.5s
[ByzFL-SNN]   [Step 300/500] (60.0%) | Val Acc: 0.9440 | Test Acc: 0.9499 | VRAM (Alloc/Reserved): 94.8/600.0 MiB | Time: 205.0s
[ByzFL-SNN]   [Step 350/500] (70.0%) | Val Acc: 0.9517 | Test Acc: 0.9589 | VRAM (Alloc/Reserved): 94.1/600.0 MiB | Time: 238.6s
[ByzFL-SNN]   [Step 400/500] (80.0%) | Val Acc: 0.9597 | Test Acc: 0.9633 | VRAM (Alloc/Reserved): 94.7/600.0 MiB | Time: 272.6s
[ByzFL-SNN]   [Step 450/500] (90.0%) | Val Acc: 0.9609 | Test Acc: 0.9629 | VRAM (Alloc/Reserved): 94.4/600.0 MiB | Time: 307.4s
[ByzFL-SNN] [Training Complete] Peak VRAM (Alloc/Reserved): 352.6/600.0 MiB | Total time: 337.2s

Training 79 done

[ByzFL-SNN] [Training Start] Model: cnn_mnist | Dataset: mnist
[ByzFL-SNN]   Aggregator: CenteredClipping | Attack: SignFlipping
[ByzFL-SNN]   Distribution: gamma_similarity_niid (gamma=0.66)
[ByzFL-SNN]   Clients: 10 honest, 3 byzantine | Algorithm: DSGD
[ByzFL-SNN]   Learning Rate: 0.15 | Steps: 500 | Device: cuda:1
[ByzFL-SNN]   Validation samples: 12000 | Test samples: 10000
[ByzFL-SNN] Initial VRAM (Alloc/Reserved): 36.1/42.0 MiB
[ByzFL-SNN]   [Step 0/500] (0.0%) | Val Acc: 0.1542 | Test Acc: 0.1595 | VRAM (Alloc/Reserved): 44.3/64.0 MiB | Time: 3.6s
[ByzFL-SNN]   [Step 50/500] (10.0%) | Val Acc: 0.7245 | Test Acc: 0.7261 | VRAM (Alloc/Reserved): 95.9/600.0 MiB | Time: 36.8s
[ByzFL-SNN]   [Step 100/500] (20.0%) | Val Acc: 0.8956 | Test Acc: 0.9027 | VRAM (Alloc/Reserved): 95.1/600.0 MiB | Time: 67.9s
[ByzFL-SNN]   [Step 150/500] (30.0%) | Val Acc: 0.9046 | Test Acc: 0.9135 | VRAM (Alloc/Reserved): 96.1/600.0 MiB | Time: 99.5s
[ByzFL-SNN]   [Step 200/500] (40.0%) | Val Acc: 0.9350 | Test Acc: 0.9411 | VRAM (Alloc/Reserved): 95.4/600.0 MiB | Time: 131.6s
[ByzFL-SNN]   [Step 250/500] (50.0%) | Val Acc: 0.9348 | Test Acc: 0.9377 | VRAM (Alloc/Reserved): 95.9/600.0 MiB | Time: 162.5s
[ByzFL-SNN]   [Step 300/500] (60.0%) | Val Acc: 0.9464 | Test Acc: 0.9527 | VRAM (Alloc/Reserved): 96.5/600.0 MiB | Time: 193.6s
[ByzFL-SNN]   [Step 350/500] (70.0%) | Val Acc: 0.9500 | Test Acc: 0.9558 | VRAM (Alloc/Reserved): 95.7/600.0 MiB | Time: 224.9s
[ByzFL-SNN]   [Step 400/500] (80.0%) | Val Acc: 0.9586 | Test Acc: 0.9629 | VRAM (Alloc/Reserved): 95.5/600.0 MiB | Time: 257.0s
[ByzFL-SNN]   [Step 450/500] (90.0%) | Val Acc: 0.9597 | Test Acc: 0.9626 | VRAM (Alloc/Reserved): 95.6/600.0 MiB | Time: 288.6s
[ByzFL-SNN] [Training Complete] Peak VRAM (Alloc/Reserved): 354.6/600.0 MiB | Total time: 317.5s

Training 80 done

[ByzFL-SNN] [Training Start] Model: cnn_mnist | Dataset: mnist
[ByzFL-SNN]   Aggregator: CenteredClipping | Attack: SignFlipping
[ByzFL-SNN]   Distribution: gamma_similarity_niid (gamma=0.66)
[ByzFL-SNN]   Clients: 10 honest, 3 byzantine | Algorithm: DSGD
[ByzFL-SNN]   Learning Rate: 0.15 | Steps: 500 | Device: cuda:0
[ByzFL-SNN]   Validation samples: 12000 | Test samples: 10000
[ByzFL-SNN] Initial VRAM (Alloc/Reserved): 36.1/42.0 MiB
[ByzFL-SNN]   [Step 0/500] (0.0%) | Val Acc: 0.1542 | Test Acc: 0.1595 | VRAM (Alloc/Reserved): 44.3/64.0 MiB | Time: 3.6s
[ByzFL-SNN]   [Step 50/500] (10.0%) | Val Acc: 0.7495 | Test Acc: 0.7568 | VRAM (Alloc/Reserved): 95.9/600.0 MiB | Time: 38.0s
[ByzFL-SNN]   [Step 100/500] (20.0%) | Val Acc: 0.8785 | Test Acc: 0.8867 | VRAM (Alloc/Reserved): 95.1/600.0 MiB | Time: 71.8s
[ByzFL-SNN]   [Step 150/500] (30.0%) | Val Acc: 0.9109 | Test Acc: 0.9183 | VRAM (Alloc/Reserved): 96.1/600.0 MiB | Time: 105.1s
[ByzFL-SNN]   [Step 200/500] (40.0%) | Val Acc: 0.9267 | Test Acc: 0.9329 | VRAM (Alloc/Reserved): 95.4/600.0 MiB | Time: 138.2s
[ByzFL-SNN]   [Step 250/500] (50.0%) | Val Acc: 0.9365 | Test Acc: 0.9415 | VRAM (Alloc/Reserved): 95.9/600.0 MiB | Time: 171.7s
[ByzFL-SNN]   [Step 300/500] (60.0%) | Val Acc: 0.9421 | Test Acc: 0.9486 | VRAM (Alloc/Reserved): 96.5/600.0 MiB | Time: 205.4s
[ByzFL-SNN]   [Step 350/500] (70.0%) | Val Acc: 0.9477 | Test Acc: 0.9538 | VRAM (Alloc/Reserved): 95.7/600.0 MiB | Time: 239.7s
[ByzFL-SNN]   [Step 400/500] (80.0%) | Val Acc: 0.9584 | Test Acc: 0.9641 | VRAM (Alloc/Reserved): 95.5/600.0 MiB | Time: 272.3s
[ByzFL-SNN]   [Step 450/500] (90.0%) | Val Acc: 0.9629 | Test Acc: 0.9647 | VRAM (Alloc/Reserved): 95.6/600.0 MiB | Time: 304.6s
[ByzFL-SNN] [Training Complete] Peak VRAM (Alloc/Reserved): 354.6/600.0 MiB | Total time: 333.0s

Training 81 done

[ByzFL-SNN] [Training Start] Model: cnn_mnist | Dataset: mnist
[ByzFL-SNN]   Aggregator: GeometricMedian | Attack: Optimal_InnerProductManipulation
[ByzFL-SNN]   Distribution: gamma_similarity_niid (gamma=1.0)
[ByzFL-SNN]   Clients: 10 honest, 3 byzantine | Algorithm: DSGD
[ByzFL-SNN]   Learning Rate: 0.15 | Steps: 500 | Device: cuda:1
[ByzFL-SNN]   Validation samples: 12000 | Test samples: 10000
[ByzFL-SNN] Initial VRAM (Alloc/Reserved): 36.1/42.0 MiB
[ByzFL-SNN]   [Step 0/500] (0.0%) | Val Acc: 0.1542 | Test Acc: 0.1595 | VRAM (Alloc/Reserved): 44.3/64.0 MiB | Time: 4.3s
[ByzFL-SNN]   [Step 50/500] (10.0%) | Val Acc: 0.8853 | Test Acc: 0.8976 | VRAM (Alloc/Reserved): 93.8/602.0 MiB | Time: 119.9s
[ByzFL-SNN]   [Step 100/500] (20.0%) | Val Acc: 0.9295 | Test Acc: 0.9378 | VRAM (Alloc/Reserved): 93.2/602.0 MiB | Time: 253.9s
[ByzFL-SNN]   [Step 150/500] (30.0%) | Val Acc: 0.9512 | Test Acc: 0.9558 | VRAM (Alloc/Reserved): 93.9/602.0 MiB | Time: 389.0s
[ByzFL-SNN]   [Step 200/500] (40.0%) | Val Acc: 0.9571 | Test Acc: 0.9626 | VRAM (Alloc/Reserved): 93.8/602.0 MiB | Time: 512.9s
[ByzFL-SNN]   [Step 250/500] (50.0%) | Val Acc: 0.9673 | Test Acc: 0.9704 | VRAM (Alloc/Reserved): 94.3/602.0 MiB | Time: 628.9s
[ByzFL-SNN]   [Step 300/500] (60.0%) | Val Acc: 0.9681 | Test Acc: 0.9740 | VRAM (Alloc/Reserved): 93.3/602.0 MiB | Time: 756.5s
[ByzFL-SNN]   [Step 350/500] (70.0%) | Val Acc: 0.9708 | Test Acc: 0.9759 | VRAM (Alloc/Reserved): 95.7/602.0 MiB | Time: 881.3s
[ByzFL-SNN]   [Step 400/500] (80.0%) | Val Acc: 0.9730 | Test Acc: 0.9767 | VRAM (Alloc/Reserved): 94.2/602.0 MiB | Time: 1008.0s
[ByzFL-SNN]   [Step 450/500] (90.0%) | Val Acc: 0.9765 | Test Acc: 0.9794 | VRAM (Alloc/Reserved): 93.8/602.0 MiB | Time: 1127.1s
[ByzFL-SNN] [Training Complete] Peak VRAM (Alloc/Reserved): 380.3/602.0 MiB | Total time: 1252.1s

Training 82 done

[ByzFL-SNN] [Training Start] Model: cnn_mnist | Dataset: mnist
[ByzFL-SNN]   Aggregator: GeometricMedian | Attack: Optimal_InnerProductManipulation
[ByzFL-SNN]   Distribution: gamma_similarity_niid (gamma=1.0)
[ByzFL-SNN]   Clients: 10 honest, 3 byzantine | Algorithm: DSGD
[ByzFL-SNN]   Learning Rate: 0.15 | Steps: 500 | Device: cuda:0
[ByzFL-SNN]   Validation samples: 12000 | Test samples: 10000
[ByzFL-SNN] Initial VRAM (Alloc/Reserved): 36.1/42.0 MiB
[ByzFL-SNN]   [Step 0/500] (0.0%) | Val Acc: 0.1542 | Test Acc: 0.1595 | VRAM (Alloc/Reserved): 44.3/64.0 MiB | Time: 3.7s
[ByzFL-SNN]   [Step 50/500] (10.0%) | Val Acc: 0.8548 | Test Acc: 0.8712 | VRAM (Alloc/Reserved): 93.8/602.0 MiB | Time: 119.6s
[ByzFL-SNN]   [Step 100/500] (20.0%) | Val Acc: 0.9362 | Test Acc: 0.9432 | VRAM (Alloc/Reserved): 93.2/602.0 MiB | Time: 256.0s
[ByzFL-SNN]   [Step 150/500] (30.0%) | Val Acc: 0.9530 | Test Acc: 0.9578 | VRAM (Alloc/Reserved): 93.9/602.0 MiB | Time: 396.4s
[ByzFL-SNN]   [Step 200/500] (40.0%) | Val Acc: 0.9586 | Test Acc: 0.9652 | VRAM (Alloc/Reserved): 93.8/602.0 MiB | Time: 532.2s
[ByzFL-SNN]   [Step 250/500] (50.0%) | Val Acc: 0.9669 | Test Acc: 0.9708 | VRAM (Alloc/Reserved): 94.3/602.0 MiB | Time: 665.0s
[ByzFL-SNN]   [Step 300/500] (60.0%) | Val Acc: 0.9714 | Test Acc: 0.9749 | VRAM (Alloc/Reserved): 93.3/602.0 MiB | Time: 797.1s
[ByzFL-SNN]   [Step 350/500] (70.0%) | Val Acc: 0.9722 | Test Acc: 0.9750 | VRAM (Alloc/Reserved): 95.7/602.0 MiB | Time: 923.8s
[ByzFL-SNN]   [Step 400/500] (80.0%) | Val Acc: 0.9741 | Test Acc: 0.9787 | VRAM (Alloc/Reserved): 94.2/602.0 MiB | Time: 1053.1s
[ByzFL-SNN]   [Step 450/500] (90.0%) | Val Acc: 0.9761 | Test Acc: 0.9793 | VRAM (Alloc/Reserved): 93.8/602.0 MiB | Time: 1183.1s
[ByzFL-SNN] [Training Complete] Peak VRAM (Alloc/Reserved): 380.3/602.0 MiB | Total time: 1310.3s

Training 83 done

[ByzFL-SNN] [Training Start] Model: cnn_mnist | Dataset: mnist
[ByzFL-SNN]   Aggregator: TrMean | Attack: SignFlipping
[ByzFL-SNN]   Distribution: gamma_similarity_niid (gamma=0.66)
[ByzFL-SNN]   Clients: 10 honest, 3 byzantine | Algorithm: DSGD
[ByzFL-SNN]   Learning Rate: 0.15 | Steps: 500 | Device: cuda:0
[ByzFL-SNN]   Validation samples: 12000 | Test samples: 10000
[ByzFL-SNN] Initial VRAM (Alloc/Reserved): 36.1/42.0 MiB
[ByzFL-SNN]   [Step 0/500] (0.0%) | Val Acc: 0.1542 | Test Acc: 0.1595 | VRAM (Alloc/Reserved): 44.3/64.0 MiB | Time: 3.8s
[ByzFL-SNN]   [Step 50/500] (10.0%) | Val Acc: 0.7632 | Test Acc: 0.7653 | VRAM (Alloc/Reserved): 94.1/600.0 MiB | Time: 39.5s
[ByzFL-SNN]   [Step 100/500] (20.0%) | Val Acc: 0.8858 | Test Acc: 0.8953 | VRAM (Alloc/Reserved): 95.0/600.0 MiB | Time: 75.1s
[ByzFL-SNN]   [Step 150/500] (30.0%) | Val Acc: 0.9155 | Test Acc: 0.9224 | VRAM (Alloc/Reserved): 94.4/600.0 MiB | Time: 108.4s
[ByzFL-SNN]   [Step 200/500] (40.0%) | Val Acc: 0.9320 | Test Acc: 0.9391 | VRAM (Alloc/Reserved): 94.7/600.0 MiB | Time: 141.7s
[ByzFL-SNN]   [Step 250/500] (50.0%) | Val Acc: 0.9432 | Test Acc: 0.9473 | VRAM (Alloc/Reserved): 92.9/600.0 MiB | Time: 174.6s
[ByzFL-SNN]   [Step 300/500] (60.0%) | Val Acc: 0.9495 | Test Acc: 0.9546 | VRAM (Alloc/Reserved): 93.6/600.0 MiB | Time: 208.2s
[ByzFL-SNN]   [Step 350/500] (70.0%) | Val Acc: 0.9540 | Test Acc: 0.9610 | VRAM (Alloc/Reserved): 93.8/600.0 MiB | Time: 242.3s
[ByzFL-SNN]   [Step 400/500] (80.0%) | Val Acc: 0.9627 | Test Acc: 0.9652 | VRAM (Alloc/Reserved): 95.1/600.0 MiB | Time: 277.3s
[ByzFL-SNN]   [Step 450/500] (90.0%) | Val Acc: 0.9647 | Test Acc: 0.9667 | VRAM (Alloc/Reserved): 93.7/600.0 MiB | Time: 310.4s
[ByzFL-SNN] [Training Complete] Peak VRAM (Alloc/Reserved): 352.6/600.0 MiB | Total time: 340.1s

Training 84 done

[ByzFL-SNN] [Training Start] Model: cnn_mnist | Dataset: mnist
[ByzFL-SNN]   Aggregator: CenteredClipping | Attack: Optimal_ALittleIsEnough_neg1
[ByzFL-SNN]   Distribution: gamma_similarity_niid (gamma=1.0)
[ByzFL-SNN]   Clients: 10 honest, 3 byzantine | Algorithm: DSGD
[ByzFL-SNN]   Learning Rate: 0.15 | Steps: 500 | Device: cuda:1
[ByzFL-SNN]   Validation samples: 12000 | Test samples: 10000
[ByzFL-SNN] Initial VRAM (Alloc/Reserved): 36.1/42.0 MiB
[ByzFL-SNN]   [Step 0/500] (0.0%) | Val Acc: 0.1542 | Test Acc: 0.1595 | VRAM (Alloc/Reserved): 44.3/64.0 MiB | Time: 4.1s
[ByzFL-SNN]   [Step 50/500] (10.0%) | Val Acc: 0.8338 | Test Acc: 0.8520 | VRAM (Alloc/Reserved): 97.3/602.0 MiB | Time: 142.4s
[ByzFL-SNN]   [Step 100/500] (20.0%) | Val Acc: 0.9471 | Test Acc: 0.9528 | VRAM (Alloc/Reserved): 97.2/602.0 MiB | Time: 275.9s
[ByzFL-SNN]   [Step 150/500] (30.0%) | Val Acc: 0.9573 | Test Acc: 0.9624 | VRAM (Alloc/Reserved): 98.0/602.0 MiB | Time: 403.8s
[ByzFL-SNN]   [Step 200/500] (40.0%) | Val Acc: 0.9668 | Test Acc: 0.9717 | VRAM (Alloc/Reserved): 96.5/602.0 MiB | Time: 519.3s
[ByzFL-SNN]   [Step 250/500] (50.0%) | Val Acc: 0.9704 | Test Acc: 0.9747 | VRAM (Alloc/Reserved): 96.4/602.0 MiB | Time: 649.2s
[ByzFL-SNN]   [Step 300/500] (60.0%) | Val Acc: 0.9730 | Test Acc: 0.9746 | VRAM (Alloc/Reserved): 98.4/602.0 MiB | Time: 774.8s
[ByzFL-SNN]   [Step 350/500] (70.0%) | Val Acc: 0.9768 | Test Acc: 0.9798 | VRAM (Alloc/Reserved): 97.7/602.0 MiB | Time: 901.9s
[ByzFL-SNN]   [Step 400/500] (80.0%) | Val Acc: 0.9690 | Test Acc: 0.9749 | VRAM (Alloc/Reserved): 96.6/602.0 MiB | Time: 1028.8s
[ByzFL-SNN]   [Step 450/500] (90.0%) | Val Acc: 0.9756 | Test Acc: 0.9798 | VRAM (Alloc/Reserved): 97.3/602.0 MiB | Time: 1161.3s
[ByzFL-SNN] [Training Complete] Peak VRAM (Alloc/Reserved): 381.8/602.0 MiB | Total time: 1287.7s

Training 85 done

[ByzFL-SNN] [Training Start] Model: cnn_mnist | Dataset: mnist
[ByzFL-SNN]   Aggregator: TrMean | Attack: SignFlipping
[ByzFL-SNN]   Distribution: gamma_similarity_niid (gamma=0.66)
[ByzFL-SNN]   Clients: 10 honest, 3 byzantine | Algorithm: DSGD
[ByzFL-SNN]   Learning Rate: 0.15 | Steps: 500 | Device: cuda:1
[ByzFL-SNN]   Validation samples: 12000 | Test samples: 10000
[ByzFL-SNN] Initial VRAM (Alloc/Reserved): 36.1/42.0 MiB
[ByzFL-SNN]   [Step 0/500] (0.0%) | Val Acc: 0.1542 | Test Acc: 0.1595 | VRAM (Alloc/Reserved): 44.3/64.0 MiB | Time: 3.6s
[ByzFL-SNN]   [Step 50/500] (10.0%) | Val Acc: 0.6781 | Test Acc: 0.6756 | VRAM (Alloc/Reserved): 94.1/600.0 MiB | Time: 38.0s
[ByzFL-SNN]   [Step 100/500] (20.0%) | Val Acc: 0.8903 | Test Acc: 0.8977 | VRAM (Alloc/Reserved): 95.0/600.0 MiB | Time: 69.7s
[ByzFL-SNN]   [Step 150/500] (30.0%) | Val Acc: 0.9109 | Test Acc: 0.9155 | VRAM (Alloc/Reserved): 94.4/600.0 MiB | Time: 101.4s
[ByzFL-SNN]   [Step 200/500] (40.0%) | Val Acc: 0.9403 | Test Acc: 0.9438 | VRAM (Alloc/Reserved): 94.7/600.0 MiB | Time: 133.9s
[ByzFL-SNN]   [Step 250/500] (50.0%) | Val Acc: 0.9386 | Test Acc: 0.9432 | VRAM (Alloc/Reserved): 92.9/600.0 MiB | Time: 167.3s
[ByzFL-SNN]   [Step 300/500] (60.0%) | Val Acc: 0.9487 | Test Acc: 0.9540 | VRAM (Alloc/Reserved): 93.6/600.0 MiB | Time: 198.8s
[ByzFL-SNN]   [Step 350/500] (70.0%) | Val Acc: 0.9549 | Test Acc: 0.9590 | VRAM (Alloc/Reserved): 93.8/600.0 MiB | Time: 231.0s
[ByzFL-SNN]   [Step 400/500] (80.0%) | Val Acc: 0.9595 | Test Acc: 0.9642 | VRAM (Alloc/Reserved): 95.1/600.0 MiB | Time: 263.5s
[ByzFL-SNN]   [Step 450/500] (90.0%) | Val Acc: 0.9621 | Test Acc: 0.9649 | VRAM (Alloc/Reserved): 93.7/600.0 MiB | Time: 295.2s
[ByzFL-SNN] [Training Complete] Peak VRAM (Alloc/Reserved): 352.6/600.0 MiB | Total time: 324.2s

Training 86 done

[ByzFL-SNN] [Training Start] Model: cnn_mnist | Dataset: mnist
[ByzFL-SNN]   Aggregator: CenteredClipping | Attack: Optimal_ALittleIsEnough_neg1
[ByzFL-SNN]   Distribution: gamma_similarity_niid (gamma=1.0)
[ByzFL-SNN]   Clients: 10 honest, 3 byzantine | Algorithm: DSGD
[ByzFL-SNN]   Learning Rate: 0.15 | Steps: 500 | Device: cuda:0
[ByzFL-SNN]   Validation samples: 12000 | Test samples: 10000
[ByzFL-SNN] Initial VRAM (Alloc/Reserved): 36.1/42.0 MiB
[ByzFL-SNN]   [Step 0/500] (0.0%) | Val Acc: 0.1542 | Test Acc: 0.1595 | VRAM (Alloc/Reserved): 44.3/64.0 MiB | Time: 3.9s
[ByzFL-SNN]   [Step 50/500] (10.0%) | Val Acc: 0.8739 | Test Acc: 0.8812 | VRAM (Alloc/Reserved): 97.3/602.0 MiB | Time: 144.6s
[ByzFL-SNN]   [Step 100/500] (20.0%) | Val Acc: 0.9491 | Test Acc: 0.9520 | VRAM (Alloc/Reserved): 97.2/602.0 MiB | Time: 280.3s
[ByzFL-SNN]   [Step 150/500] (30.0%) | Val Acc: 0.9596 | Test Acc: 0.9653 | VRAM (Alloc/Reserved): 98.0/602.0 MiB | Time: 414.6s
[ByzFL-SNN]   [Step 200/500] (40.0%) | Val Acc: 0.9678 | Test Acc: 0.9724 | VRAM (Alloc/Reserved): 96.5/602.0 MiB | Time: 556.2s
[ByzFL-SNN]   [Step 250/500] (50.0%) | Val Acc: 0.9712 | Test Acc: 0.9741 | VRAM (Alloc/Reserved): 96.4/602.0 MiB | Time: 692.1s
[ByzFL-SNN]   [Step 300/500] (60.0%) | Val Acc: 0.9630 | Test Acc: 0.9708 | VRAM (Alloc/Reserved): 98.4/602.0 MiB | Time: 824.4s
[ByzFL-SNN]   [Step 350/500] (70.0%) | Val Acc: 0.9712 | Test Acc: 0.9770 | VRAM (Alloc/Reserved): 97.7/602.0 MiB | Time: 961.4s
[ByzFL-SNN]   [Step 400/500] (80.0%) | Val Acc: 0.9769 | Test Acc: 0.9797 | VRAM (Alloc/Reserved): 96.6/602.0 MiB | Time: 1097.4s
[ByzFL-SNN]   [Step 450/500] (90.0%) | Val Acc: 0.9802 | Test Acc: 0.9838 | VRAM (Alloc/Reserved): 97.3/602.0 MiB | Time: 1236.9s
[ByzFL-SNN] [Training Complete] Peak VRAM (Alloc/Reserved): 381.8/602.0 MiB | Total time: 1368.1s

Training 87 done

[ByzFL-SNN] [Training Start] Model: cnn_mnist | Dataset: mnist
[ByzFL-SNN]   Aggregator: CenteredClipping | Attack: Optimal_InnerProductManipulation
[ByzFL-SNN]   Distribution: gamma_similarity_niid (gamma=1.0)
[ByzFL-SNN]   Clients: 10 honest, 3 byzantine | Algorithm: DSGD
[ByzFL-SNN]   Learning Rate: 0.15 | Steps: 500 | Device: cuda:1
[ByzFL-SNN]   Validation samples: 12000 | Test samples: 10000
[ByzFL-SNN] Initial VRAM (Alloc/Reserved): 36.1/42.0 MiB
[ByzFL-SNN]   [Step 0/500] (0.0%) | Val Acc: 0.1542 | Test Acc: 0.1595 | VRAM (Alloc/Reserved): 44.3/64.0 MiB | Time: 4.0s
[ByzFL-SNN]   [Step 50/500] (10.0%) | Val Acc: 0.8741 | Test Acc: 0.8829 | VRAM (Alloc/Reserved): 98.0/602.0 MiB | Time: 87.7s
[ByzFL-SNN]   [Step 100/500] (20.0%) | Val Acc: 0.9265 | Test Acc: 0.9356 | VRAM (Alloc/Reserved): 97.7/602.0 MiB | Time: 176.4s
[ByzFL-SNN]   [Step 150/500] (30.0%) | Val Acc: 0.9477 | Test Acc: 0.9521 | VRAM (Alloc/Reserved): 97.2/602.0 MiB | Time: 279.6s
[ByzFL-SNN]   [Step 200/500] (40.0%) | Val Acc: 0.9560 | Test Acc: 0.9627 | VRAM (Alloc/Reserved): 97.4/602.0 MiB | Time: 375.0s
[ByzFL-SNN]   [Step 250/500] (50.0%) | Val Acc: 0.9664 | Test Acc: 0.9707 | VRAM (Alloc/Reserved): 97.2/602.0 MiB | Time: 474.2s
[ByzFL-SNN]   [Step 300/500] (60.0%) | Val Acc: 0.9694 | Test Acc: 0.9732 | VRAM (Alloc/Reserved): 98.2/602.0 MiB | Time: 573.5s
[ByzFL-SNN]   [Step 350/500] (70.0%) | Val Acc: 0.9700 | Test Acc: 0.9726 | VRAM (Alloc/Reserved): 97.7/602.0 MiB | Time: 676.1s
[ByzFL-SNN]   [Step 400/500] (80.0%) | Val Acc: 0.9745 | Test Acc: 0.9791 | VRAM (Alloc/Reserved): 96.4/602.0 MiB | Time: 782.6s
[ByzFL-SNN]   [Step 450/500] (90.0%) | Val Acc: 0.9769 | Test Acc: 0.9797 | VRAM (Alloc/Reserved): 99.1/602.0 MiB | Time: 884.1s
[ByzFL-SNN] [Training Complete] Peak VRAM (Alloc/Reserved): 381.7/602.0 MiB | Total time: 989.2s

Training 88 done

[ByzFL-SNN] [Training Start] Model: cnn_mnist | Dataset: mnist
[ByzFL-SNN]   Aggregator: CenteredClipping | Attack: Optimal_InnerProductManipulation
[ByzFL-SNN]   Distribution: gamma_similarity_niid (gamma=1.0)
[ByzFL-SNN]   Clients: 10 honest, 3 byzantine | Algorithm: DSGD
[ByzFL-SNN]   Learning Rate: 0.15 | Steps: 500 | Device: cuda:0
[ByzFL-SNN]   Validation samples: 12000 | Test samples: 10000
[ByzFL-SNN] Initial VRAM (Alloc/Reserved): 36.1/42.0 MiB
[ByzFL-SNN]   [Step 0/500] (0.0%) | Val Acc: 0.1542 | Test Acc: 0.1595 | VRAM (Alloc/Reserved): 44.3/64.0 MiB | Time: 5.2s
[ByzFL-SNN]   [Step 50/500] (10.0%) | Val Acc: 0.8731 | Test Acc: 0.8810 | VRAM (Alloc/Reserved): 98.0/602.0 MiB | Time: 110.2s
[ByzFL-SNN]   [Step 100/500] (20.0%) | Val Acc: 0.9276 | Test Acc: 0.9361 | VRAM (Alloc/Reserved): 97.7/602.0 MiB | Time: 212.4s
[ByzFL-SNN]   [Step 150/500] (30.0%) | Val Acc: 0.9469 | Test Acc: 0.9524 | VRAM (Alloc/Reserved): 97.2/602.0 MiB | Time: 315.5s
[ByzFL-SNN]   [Step 200/500] (40.0%) | Val Acc: 0.9559 | Test Acc: 0.9611 | VRAM (Alloc/Reserved): 97.4/602.0 MiB | Time: 421.0s
[ByzFL-SNN]   [Step 250/500] (50.0%) | Val Acc: 0.9652 | Test Acc: 0.9691 | VRAM (Alloc/Reserved): 97.2/602.0 MiB | Time: 523.5s
[ByzFL-SNN]   [Step 300/500] (60.0%) | Val Acc: 0.9699 | Test Acc: 0.9735 | VRAM (Alloc/Reserved): 98.2/602.0 MiB | Time: 634.1s
[ByzFL-SNN]   [Step 350/500] (70.0%) | Val Acc: 0.9728 | Test Acc: 0.9750 | VRAM (Alloc/Reserved): 97.7/602.0 MiB | Time: 741.0s
[ByzFL-SNN]   [Step 400/500] (80.0%) | Val Acc: 0.9737 | Test Acc: 0.9762 | VRAM (Alloc/Reserved): 96.4/602.0 MiB | Time: 847.3s
[ByzFL-SNN]   [Step 450/500] (90.0%) | Val Acc: 0.9762 | Test Acc: 0.9799 | VRAM (Alloc/Reserved): 99.1/602.0 MiB | Time: 948.7s
[ByzFL-SNN] [Training Complete] Peak VRAM (Alloc/Reserved): 381.7/602.0 MiB | Total time: 1051.1s

Training 89 done

[ByzFL-SNN] [Training Start] Model: cnn_mnist | Dataset: mnist
[ByzFL-SNN]   Aggregator: MultiKrum | Attack: SignFlipping
[ByzFL-SNN]   Distribution: gamma_similarity_niid (gamma=0.66)
[ByzFL-SNN]   Clients: 10 honest, 3 byzantine | Algorithm: DSGD
[ByzFL-SNN]   Learning Rate: 0.15 | Steps: 500 | Device: cuda:0
[ByzFL-SNN]   Validation samples: 12000 | Test samples: 10000
[ByzFL-SNN] Initial VRAM (Alloc/Reserved): 36.1/42.0 MiB
[ByzFL-SNN]   [Step 0/500] (0.0%) | Val Acc: 0.1542 | Test Acc: 0.1595 | VRAM (Alloc/Reserved): 44.3/64.0 MiB | Time: 4.1s
[ByzFL-SNN]   [Step 50/500] (10.0%) | Val Acc: 0.7545 | Test Acc: 0.7581 | VRAM (Alloc/Reserved): 94.1/600.0 MiB | Time: 41.1s
[ByzFL-SNN]   [Step 100/500] (20.0%) | Val Acc: 0.8865 | Test Acc: 0.8961 | VRAM (Alloc/Reserved): 95.0/600.0 MiB | Time: 74.1s
[ByzFL-SNN]   [Step 150/500] (30.0%) | Val Acc: 0.9172 | Test Acc: 0.9234 | VRAM (Alloc/Reserved): 94.4/600.0 MiB | Time: 106.7s
[ByzFL-SNN]   [Step 200/500] (40.0%) | Val Acc: 0.9317 | Test Acc: 0.9382 | VRAM (Alloc/Reserved): 94.7/600.0 MiB | Time: 139.6s
[ByzFL-SNN]   [Step 250/500] (50.0%) | Val Acc: 0.9429 | Test Acc: 0.9469 | VRAM (Alloc/Reserved): 92.9/600.0 MiB | Time: 172.9s
[ByzFL-SNN]   [Step 300/500] (60.0%) | Val Acc: 0.9484 | Test Acc: 0.9542 | VRAM (Alloc/Reserved): 93.6/600.0 MiB | Time: 206.0s
[ByzFL-SNN]   [Step 350/500] (70.0%) | Val Acc: 0.9541 | Test Acc: 0.9608 | VRAM (Alloc/Reserved): 93.8/600.0 MiB | Time: 240.1s
[ByzFL-SNN]   [Step 400/500] (80.0%) | Val Acc: 0.9625 | Test Acc: 0.9652 | VRAM (Alloc/Reserved): 95.1/600.0 MiB | Time: 274.3s
[ByzFL-SNN]   [Step 450/500] (90.0%) | Val Acc: 0.9643 | Test Acc: 0.9647 | VRAM (Alloc/Reserved): 93.7/600.0 MiB | Time: 306.5s
[ByzFL-SNN] [Training Complete] Peak VRAM (Alloc/Reserved): 352.6/600.0 MiB | Total time: 335.6s

Training 90 done

[ByzFL-SNN] [Training Start] Model: cnn_mnist | Dataset: mnist
[ByzFL-SNN]   Aggregator: MultiKrum | Attack: SignFlipping
[ByzFL-SNN]   Distribution: gamma_similarity_niid (gamma=0.66)
[ByzFL-SNN]   Clients: 10 honest, 3 byzantine | Algorithm: DSGD
[ByzFL-SNN]   Learning Rate: 0.15 | Steps: 500 | Device: cuda:1
[ByzFL-SNN]   Validation samples: 12000 | Test samples: 10000
[ByzFL-SNN] Initial VRAM (Alloc/Reserved): 36.1/42.0 MiB
[ByzFL-SNN]   [Step 0/500] (0.0%) | Val Acc: 0.1542 | Test Acc: 0.1595 | VRAM (Alloc/Reserved): 44.3/64.0 MiB | Time: 4.0s
[ByzFL-SNN]   [Step 50/500] (10.0%) | Val Acc: 0.6748 | Test Acc: 0.6716 | VRAM (Alloc/Reserved): 94.1/600.0 MiB | Time: 38.0s
[ByzFL-SNN]   [Step 100/500] (20.0%) | Val Acc: 0.8901 | Test Acc: 0.8963 | VRAM (Alloc/Reserved): 95.0/600.0 MiB | Time: 70.2s
[ByzFL-SNN]   [Step 150/500] (30.0%) | Val Acc: 0.9103 | Test Acc: 0.9154 | VRAM (Alloc/Reserved): 94.4/600.0 MiB | Time: 102.1s
[ByzFL-SNN]   [Step 200/500] (40.0%) | Val Acc: 0.9408 | Test Acc: 0.9439 | VRAM (Alloc/Reserved): 94.7/600.0 MiB | Time: 133.6s
[ByzFL-SNN]   [Step 250/500] (50.0%) | Val Acc: 0.9390 | Test Acc: 0.9427 | VRAM (Alloc/Reserved): 92.9/600.0 MiB | Time: 165.6s
[ByzFL-SNN]   [Step 300/500] (60.0%) | Val Acc: 0.9491 | Test Acc: 0.9539 | VRAM (Alloc/Reserved): 93.6/600.0 MiB | Time: 197.1s
[ByzFL-SNN]   [Step 350/500] (70.0%) | Val Acc: 0.9547 | Test Acc: 0.9587 | VRAM (Alloc/Reserved): 93.8/600.0 MiB | Time: 228.5s
[ByzFL-SNN]   [Step 400/500] (80.0%) | Val Acc: 0.9603 | Test Acc: 0.9637 | VRAM (Alloc/Reserved): 95.1/600.0 MiB | Time: 260.8s
[ByzFL-SNN]   [Step 450/500] (90.0%) | Val Acc: 0.9618 | Test Acc: 0.9650 | VRAM (Alloc/Reserved): 93.7/600.0 MiB | Time: 292.3s
[ByzFL-SNN] [Training Complete] Peak VRAM (Alloc/Reserved): 352.6/600.0 MiB | Total time: 321.5s

Training 91 done

[ByzFL-SNN] [Training Start] Model: cnn_mnist | Dataset: mnist
[ByzFL-SNN]   Aggregator: TrMean | Attack: Optimal_ALittleIsEnough_neg1
[ByzFL-SNN]   Distribution: gamma_similarity_niid (gamma=1.0)
[ByzFL-SNN]   Clients: 10 honest, 3 byzantine | Algorithm: DSGD
[ByzFL-SNN]   Learning Rate: 0.15 | Steps: 500 | Device: cuda:1
[ByzFL-SNN]   Validation samples: 12000 | Test samples: 10000
[ByzFL-SNN] Initial VRAM (Alloc/Reserved): 36.1/42.0 MiB
[ByzFL-SNN]   [Step 0/500] (0.0%) | Val Acc: 0.1542 | Test Acc: 0.1595 | VRAM (Alloc/Reserved): 44.3/64.0 MiB | Time: 3.6s
[ByzFL-SNN]   [Step 50/500] (10.0%) | Val Acc: 0.8460 | Test Acc: 0.8590 | VRAM (Alloc/Reserved): 94.0/602.0 MiB | Time: 121.8s
[ByzFL-SNN]   [Step 100/500] (20.0%) | Val Acc: 0.9455 | Test Acc: 0.9523 | VRAM (Alloc/Reserved): 94.3/602.0 MiB | Time: 252.0s
[ByzFL-SNN]   [Step 150/500] (30.0%) | Val Acc: 0.9554 | Test Acc: 0.9611 | VRAM (Alloc/Reserved): 93.7/602.0 MiB | Time: 377.0s
[ByzFL-SNN]   [Step 200/500] (40.0%) | Val Acc: 0.9651 | Test Acc: 0.9707 | VRAM (Alloc/Reserved): 93.5/602.0 MiB | Time: 503.6s
[ByzFL-SNN]   [Step 250/500] (50.0%) | Val Acc: 0.9730 | Test Acc: 0.9764 | VRAM (Alloc/Reserved): 94.3/602.0 MiB | Time: 628.1s
[ByzFL-SNN]   [Step 300/500] (60.0%) | Val Acc: 0.9714 | Test Acc: 0.9760 | VRAM (Alloc/Reserved): 93.0/602.0 MiB | Time: 758.3s
[ByzFL-SNN]   [Step 350/500] (70.0%) | Val Acc: 0.9752 | Test Acc: 0.9789 | VRAM (Alloc/Reserved): 94.3/602.0 MiB | Time: 886.4s
[ByzFL-SNN]   [Step 400/500] (80.0%) | Val Acc: 0.9749 | Test Acc: 0.9789 | VRAM (Alloc/Reserved): 93.4/602.0 MiB | Time: 1014.8s
[ByzFL-SNN]   [Step 450/500] (90.0%) | Val Acc: 0.9709 | Test Acc: 0.9767 | VRAM (Alloc/Reserved): 92.8/602.0 MiB | Time: 1146.5s
[ByzFL-SNN] [Training Complete] Peak VRAM (Alloc/Reserved): 377.0/602.0 MiB | Total time: 1278.1s

Training 92 done

[ByzFL-SNN] [Training Start] Model: cnn_mnist | Dataset: mnist
[ByzFL-SNN]   Aggregator: TrMean | Attack: Optimal_InnerProductManipulation
[ByzFL-SNN]   Distribution: gamma_similarity_niid (gamma=1.0)
[ByzFL-SNN]   Clients: 10 honest, 3 byzantine | Algorithm: DSGD
[ByzFL-SNN]   Learning Rate: 0.15 | Steps: 500 | Device: cuda:1
[ByzFL-SNN]   Validation samples: 12000 | Test samples: 10000
[ByzFL-SNN] Initial VRAM (Alloc/Reserved): 36.1/42.0 MiB
[ByzFL-SNN]   [Step 0/500] (0.0%) | Val Acc: 0.1542 | Test Acc: 0.1595 | VRAM (Alloc/Reserved): 44.3/64.0 MiB | Time: 4.2s
[ByzFL-SNN]   [Step 50/500] (10.0%) | Val Acc: 0.8845 | Test Acc: 0.8939 | VRAM (Alloc/Reserved): 93.7/602.0 MiB | Time: 116.3s
[ByzFL-SNN]   [Step 100/500] (20.0%) | Val Acc: 0.9360 | Test Acc: 0.9425 | VRAM (Alloc/Reserved): 94.3/602.0 MiB | Time: 246.2s
[ByzFL-SNN]   [Step 150/500] (30.0%) | Val Acc: 0.9513 | Test Acc: 0.9569 | VRAM (Alloc/Reserved): 94.6/602.0 MiB | Time: 369.0s
[ByzFL-SNN]   [Step 200/500] (40.0%) | Val Acc: 0.9573 | Test Acc: 0.9612 | VRAM (Alloc/Reserved): 93.9/602.0 MiB | Time: 493.9s
[ByzFL-SNN]   [Step 250/500] (50.0%) | Val Acc: 0.9669 | Test Acc: 0.9711 | VRAM (Alloc/Reserved): 94.3/602.0 MiB | Time: 615.3s
[ByzFL-SNN]   [Step 300/500] (60.0%) | Val Acc: 0.9692 | Test Acc: 0.9749 | VRAM (Alloc/Reserved): 94.5/602.0 MiB | Time: 738.8s
[ByzFL-SNN]   [Step 350/500] (70.0%) | Val Acc: 0.9721 | Test Acc: 0.9765 | VRAM (Alloc/Reserved): 94.4/602.0 MiB | Time: 863.6s
[ByzFL-SNN]   [Step 400/500] (80.0%) | Val Acc: 0.9749 | Test Acc: 0.9783 | VRAM (Alloc/Reserved): 94.4/602.0 MiB | Time: 989.2s
[ByzFL-SNN]   [Step 450/500] (90.0%) | Val Acc: 0.9751 | Test Acc: 0.9785 | VRAM (Alloc/Reserved): 93.7/602.0 MiB | Time: 1113.8s
[ByzFL-SNN] [Training Complete] Peak VRAM (Alloc/Reserved): 378.0/602.0 MiB | Total time: 1239.5s

Training 93 done

[ByzFL-SNN] [Training Start] Model: cnn_mnist | Dataset: mnist
[ByzFL-SNN]   Aggregator: GeometricMedian | Attack: SignFlipping
[ByzFL-SNN]   Distribution: gamma_similarity_niid (gamma=0.33)
[ByzFL-SNN]   Clients: 10 honest, 3 byzantine | Algorithm: DSGD
[ByzFL-SNN]   Learning Rate: 0.15 | Steps: 500 | Device: cuda:0
[ByzFL-SNN]   Validation samples: 12000 | Test samples: 10000
[ByzFL-SNN] Initial VRAM (Alloc/Reserved): 36.1/42.0 MiB
[ByzFL-SNN]   [Step 0/500] (0.0%) | Val Acc: 0.1542 | Test Acc: 0.1595 | VRAM (Alloc/Reserved): 44.3/64.0 MiB | Time: 3.9s
[ByzFL-SNN]   [Step 50/500] (10.0%) | Val Acc: 0.1787 | Test Acc: 0.1841 | VRAM (Alloc/Reserved): 93.7/598.0 MiB | Time: 40.1s
[ByzFL-SNN]   [Step 100/500] (20.0%) | Val Acc: 0.6265 | Test Acc: 0.6301 | VRAM (Alloc/Reserved): 94.4/598.0 MiB | Time: 74.1s
[ByzFL-SNN]   [Step 150/500] (30.0%) | Val Acc: 0.3525 | Test Acc: 0.3536 | VRAM (Alloc/Reserved): 95.0/598.0 MiB | Time: 107.0s
[ByzFL-SNN]   [Step 200/500] (40.0%) | Val Acc: 0.6566 | Test Acc: 0.6601 | VRAM (Alloc/Reserved): 94.7/598.0 MiB | Time: 140.5s
[ByzFL-SNN]   [Step 250/500] (50.0%) | Val Acc: 0.7835 | Test Acc: 0.7905 | VRAM (Alloc/Reserved): 94.0/598.0 MiB | Time: 174.2s
[ByzFL-SNN]   [Step 300/500] (60.0%) | Val Acc: 0.8188 | Test Acc: 0.8222 | VRAM (Alloc/Reserved): 94.8/598.0 MiB | Time: 208.1s
[ByzFL-SNN]   [Step 350/500] (70.0%) | Val Acc: 0.8602 | Test Acc: 0.8632 | VRAM (Alloc/Reserved): 94.1/598.0 MiB | Time: 241.4s
[ByzFL-SNN]   [Step 400/500] (80.0%) | Val Acc: 0.8644 | Test Acc: 0.8688 | VRAM (Alloc/Reserved): 94.7/598.0 MiB | Time: 274.6s
[ByzFL-SNN]   [Step 450/500] (90.0%) | Val Acc: 0.7624 | Test Acc: 0.7642 | VRAM (Alloc/Reserved): 94.4/598.0 MiB | Time: 308.5s
[ByzFL-SNN] [Training Complete] Peak VRAM (Alloc/Reserved): 352.6/598.0 MiB | Total time: 340.5s

Training 94 done

[ByzFL-SNN] [Training Start] Model: cnn_mnist | Dataset: mnist
[ByzFL-SNN]   Aggregator: MultiKrum | Attack: Optimal_ALittleIsEnough_neg1
[ByzFL-SNN]   Distribution: gamma_similarity_niid (gamma=1.0)
[ByzFL-SNN]   Clients: 10 honest, 3 byzantine | Algorithm: DSGD
[ByzFL-SNN]   Learning Rate: 0.15 | Steps: 500 | Device: cuda:1
[ByzFL-SNN]   Validation samples: 12000 | Test samples: 10000
[ByzFL-SNN] Initial VRAM (Alloc/Reserved): 36.1/42.0 MiB
[ByzFL-SNN]   [Step 0/500] (0.0%) | Val Acc: 0.1542 | Test Acc: 0.1595 | VRAM (Alloc/Reserved): 44.3/64.0 MiB | Time: 3.6s
[ByzFL-SNN]   [Step 50/500] (10.0%) | Val Acc: 0.8680 | Test Acc: 0.8737 | VRAM (Alloc/Reserved): 94.0/602.0 MiB | Time: 127.2s
[ByzFL-SNN]   [Step 100/500] (20.0%) | Val Acc: 0.9472 | Test Acc: 0.9518 | VRAM (Alloc/Reserved): 94.3/602.0 MiB | Time: 256.7s
[ByzFL-SNN]   [Step 150/500] (30.0%) | Val Acc: 0.9526 | Test Acc: 0.9601 | VRAM (Alloc/Reserved): 93.7/602.0 MiB | Time: 383.3s
[ByzFL-SNN]   [Step 200/500] (40.0%) | Val Acc: 0.9650 | Test Acc: 0.9689 | VRAM (Alloc/Reserved): 93.5/602.0 MiB | Time: 510.6s
[ByzFL-SNN]   [Step 250/500] (50.0%) | Val Acc: 0.9683 | Test Acc: 0.9739 | VRAM (Alloc/Reserved): 94.3/602.0 MiB | Time: 638.4s
[ByzFL-SNN]   [Step 300/500] (60.0%) | Val Acc: 0.9766 | Test Acc: 0.9782 | VRAM (Alloc/Reserved): 93.0/602.0 MiB | Time: 766.0s
[ByzFL-SNN]   [Step 350/500] (70.0%) | Val Acc: 0.9763 | Test Acc: 0.9791 | VRAM (Alloc/Reserved): 94.3/602.0 MiB | Time: 894.1s
[ByzFL-SNN]   [Step 400/500] (80.0%) | Val Acc: 0.9680 | Test Acc: 0.9746 | VRAM (Alloc/Reserved): 93.4/602.0 MiB | Time: 1023.0s
[ByzFL-SNN]   [Step 450/500] (90.0%) | Val Acc: 0.9786 | Test Acc: 0.9812 | VRAM (Alloc/Reserved): 92.8/602.0 MiB | Time: 1157.3s
[ByzFL-SNN] [Training Complete] Peak VRAM (Alloc/Reserved): 377.0/602.0 MiB | Total time: 1282.0s

Training 95 done

[ByzFL-SNN] [Training Start] Model: cnn_mnist | Dataset: mnist
[ByzFL-SNN]   Aggregator: MultiKrum | Attack: Optimal_InnerProductManipulation
[ByzFL-SNN]   Distribution: gamma_similarity_niid (gamma=1.0)
[ByzFL-SNN]   Clients: 10 honest, 3 byzantine | Algorithm: DSGD
[ByzFL-SNN]   Learning Rate: 0.15 | Steps: 500 | Device: cuda:1
[ByzFL-SNN]   Validation samples: 12000 | Test samples: 10000
[ByzFL-SNN] Initial VRAM (Alloc/Reserved): 36.1/42.0 MiB
[ByzFL-SNN]   [Step 0/500] (0.0%) | Val Acc: 0.1542 | Test Acc: 0.1595 | VRAM (Alloc/Reserved): 44.3/64.0 MiB | Time: 3.6s
[ByzFL-SNN]   [Step 50/500] (10.0%) | Val Acc: 0.8887 | Test Acc: 0.8983 | VRAM (Alloc/Reserved): 93.7/602.0 MiB | Time: 119.8s
[ByzFL-SNN]   [Step 100/500] (20.0%) | Val Acc: 0.9340 | Test Acc: 0.9415 | VRAM (Alloc/Reserved): 94.3/602.0 MiB | Time: 246.9s
[ByzFL-SNN]   [Step 150/500] (30.0%) | Val Acc: 0.9484 | Test Acc: 0.9544 | VRAM (Alloc/Reserved): 94.6/602.0 MiB | Time: 371.3s
[ByzFL-SNN]   [Step 200/500] (40.0%) | Val Acc: 0.9547 | Test Acc: 0.9597 | VRAM (Alloc/Reserved): 93.9/602.0 MiB | Time: 495.9s
[ByzFL-SNN]   [Step 250/500] (50.0%) | Val Acc: 0.9652 | Test Acc: 0.9695 | VRAM (Alloc/Reserved): 94.3/602.0 MiB | Time: 622.5s
[ByzFL-SNN]   [Step 300/500] (60.0%) | Val Acc: 0.9684 | Test Acc: 0.9738 | VRAM (Alloc/Reserved): 94.5/602.0 MiB | Time: 746.8s
[ByzFL-SNN]   [Step 350/500] (70.0%) | Val Acc: 0.9664 | Test Acc: 0.9710 | VRAM (Alloc/Reserved): 94.4/602.0 MiB | Time: 875.8s
[ByzFL-SNN]   [Step 400/500] (80.0%) | Val Acc: 0.9724 | Test Acc: 0.9758 | VRAM (Alloc/Reserved): 94.4/602.0 MiB | Time: 1002.5s
[ByzFL-SNN]   [Step 450/500] (90.0%) | Val Acc: 0.9741 | Test Acc: 0.9770 | VRAM (Alloc/Reserved): 93.7/602.0 MiB | Time: 1133.5s
[ByzFL-SNN] [Training Complete] Peak VRAM (Alloc/Reserved): 378.0/602.0 MiB | Total time: 1256.2s

Training 96 done

[ByzFL-SNN] [Training Start] Model: cnn_mnist | Dataset: mnist
[ByzFL-SNN]   Aggregator: TrMean | Attack: Optimal_InnerProductManipulation
[ByzFL-SNN]   Distribution: gamma_similarity_niid (gamma=1.0)
[ByzFL-SNN]   Clients: 10 honest, 3 byzantine | Algorithm: DSGD
[ByzFL-SNN]   Learning Rate: 0.15 | Steps: 500 | Device: cuda:0
[ByzFL-SNN]   Validation samples: 12000 | Test samples: 10000
[ByzFL-SNN] Initial VRAM (Alloc/Reserved): 36.1/42.0 MiB
[ByzFL-SNN]   [Step 0/500] (0.0%) | Val Acc: 0.1542 | Test Acc: 0.1595 | VRAM (Alloc/Reserved): 44.3/64.0 MiB | Time: 3.9s
[ByzFL-SNN]   [Step 50/500] (10.0%) | Val Acc: 0.8956 | Test Acc: 0.9025 | VRAM (Alloc/Reserved): 93.7/602.0 MiB | Time: 134.3s
[ByzFL-SNN]   [Step 100/500] (20.0%) | Val Acc: 0.9363 | Test Acc: 0.9432 | VRAM (Alloc/Reserved): 94.3/602.0 MiB | Time: 266.9s
[ByzFL-SNN]   [Step 150/500] (30.0%) | Val Acc: 0.9505 | Test Acc: 0.9552 | VRAM (Alloc/Reserved): 94.6/602.0 MiB | Time: 397.5s
[ByzFL-SNN]   [Step 200/500] (40.0%) | Val Acc: 0.9569 | Test Acc: 0.9631 | VRAM (Alloc/Reserved): 93.9/602.0 MiB | Time: 530.7s
[ByzFL-SNN]   [Step 250/500] (50.0%) | Val Acc: 0.9640 | Test Acc: 0.9679 | VRAM (Alloc/Reserved): 94.3/602.0 MiB | Time: 661.5s
[ByzFL-SNN]   [Step 300/500] (60.0%) | Val Acc: 0.9708 | Test Acc: 0.9737 | VRAM (Alloc/Reserved): 94.5/602.0 MiB | Time: 796.9s
[ByzFL-SNN]   [Step 350/500] (70.0%) | Val Acc: 0.9719 | Test Acc: 0.9747 | VRAM (Alloc/Reserved): 94.4/602.0 MiB | Time: 925.8s
[ByzFL-SNN]   [Step 400/500] (80.0%) | Val Acc: 0.9716 | Test Acc: 0.9763 | VRAM (Alloc/Reserved): 94.4/602.0 MiB | Time: 1058.3s
[ByzFL-SNN]   [Step 450/500] (90.0%) | Val Acc: 0.9736 | Test Acc: 0.9776 | VRAM (Alloc/Reserved): 93.7/602.0 MiB | Time: 1185.4s
[ByzFL-SNN] [Training Complete] Peak VRAM (Alloc/Reserved): 378.0/602.0 MiB | Total time: 1315.6s

Training 97 done

[ByzFL-SNN] [Training Start] Model: cnn_mnist | Dataset: mnist
[ByzFL-SNN]   Aggregator: TrMean | Attack: Optimal_ALittleIsEnough_neg1
[ByzFL-SNN]   Distribution: gamma_similarity_niid (gamma=1.0)
[ByzFL-SNN]   Clients: 10 honest, 3 byzantine | Algorithm: DSGD
[ByzFL-SNN]   Learning Rate: 0.15 | Steps: 500 | Device: cuda:0
[ByzFL-SNN]   Validation samples: 12000 | Test samples: 10000
[ByzFL-SNN] Initial VRAM (Alloc/Reserved): 36.1/42.0 MiB
[ByzFL-SNN]   [Step 0/500] (0.0%) | Val Acc: 0.1542 | Test Acc: 0.1595 | VRAM (Alloc/Reserved): 44.3/64.0 MiB | Time: 4.0s
[ByzFL-SNN]   [Step 50/500] (10.0%) | Val Acc: 0.8799 | Test Acc: 0.8856 | VRAM (Alloc/Reserved): 94.0/602.0 MiB | Time: 149.8s
[ByzFL-SNN]   [Step 100/500] (20.0%) | Val Acc: 0.9494 | Test Acc: 0.9514 | VRAM (Alloc/Reserved): 94.3/602.0 MiB | Time: 286.3s
[ByzFL-SNN]   [Step 150/500] (30.0%) | Val Acc: 0.9611 | Test Acc: 0.9659 | VRAM (Alloc/Reserved): 93.7/602.0 MiB | Time: 416.2s
[ByzFL-SNN]   [Step 200/500] (40.0%) | Val Acc: 0.9657 | Test Acc: 0.9713 | VRAM (Alloc/Reserved): 93.5/602.0 MiB | Time: 554.4s
[ByzFL-SNN]   [Step 250/500] (50.0%) | Val Acc: 0.9708 | Test Acc: 0.9750 | VRAM (Alloc/Reserved): 94.3/602.0 MiB | Time: 693.3s
[ByzFL-SNN]   [Step 300/500] (60.0%) | Val Acc: 0.9627 | Test Acc: 0.9697 | VRAM (Alloc/Reserved): 93.0/602.0 MiB | Time: 832.8s
[ByzFL-SNN]   [Step 350/500] (70.0%) | Val Acc: 0.9713 | Test Acc: 0.9769 | VRAM (Alloc/Reserved): 94.3/602.0 MiB | Time: 967.1s
[ByzFL-SNN]   [Step 400/500] (80.0%) | Val Acc: 0.9675 | Test Acc: 0.9726 | VRAM (Alloc/Reserved): 93.4/602.0 MiB | Time: 1105.0s
[ByzFL-SNN]   [Step 450/500] (90.0%) | Val Acc: 0.9751 | Test Acc: 0.9782 | VRAM (Alloc/Reserved): 92.8/602.0 MiB | Time: 1242.6s
[ByzFL-SNN] [Training Complete] Peak VRAM (Alloc/Reserved): 377.0/602.0 MiB | Total time: 1380.0s

Training 98 done

[ByzFL-SNN] [Training Start] Model: cnn_mnist | Dataset: mnist
[ByzFL-SNN]   Aggregator: GeometricMedian | Attack: SignFlipping
[ByzFL-SNN]   Distribution: gamma_similarity_niid (gamma=0.33)
[ByzFL-SNN]   Clients: 10 honest, 3 byzantine | Algorithm: DSGD
[ByzFL-SNN]   Learning Rate: 0.15 | Steps: 500 | Device: cuda:1
[ByzFL-SNN]   Validation samples: 12000 | Test samples: 10000
[ByzFL-SNN] Initial VRAM (Alloc/Reserved): 36.1/42.0 MiB
[ByzFL-SNN]   [Step 0/500] (0.0%) | Val Acc: 0.1542 | Test Acc: 0.1595 | VRAM (Alloc/Reserved): 44.3/64.0 MiB | Time: 4.3s
[ByzFL-SNN]   [Step 50/500] (10.0%) | Val Acc: 0.1857 | Test Acc: 0.1916 | VRAM (Alloc/Reserved): 93.7/598.0 MiB | Time: 38.8s
[ByzFL-SNN]   [Step 100/500] (20.0%) | Val Acc: 0.6274 | Test Acc: 0.6305 | VRAM (Alloc/Reserved): 94.4/598.0 MiB | Time: 71.9s
[ByzFL-SNN]   [Step 150/500] (30.0%) | Val Acc: 0.0972 | Test Acc: 0.0958 | VRAM (Alloc/Reserved): 95.0/598.0 MiB | Time: 104.4s
[ByzFL-SNN]   [Step 200/500] (40.0%) | Val Acc: 0.0973 | Test Acc: 0.0960 | VRAM (Alloc/Reserved): 94.7/598.0 MiB | Time: 137.8s
[ByzFL-SNN]   [Step 250/500] (50.0%) | Val Acc: 0.1132 | Test Acc: 0.1135 | VRAM (Alloc/Reserved): 94.0/598.0 MiB | Time: 171.7s
[ByzFL-SNN]   [Step 300/500] (60.0%) | Val Acc: 0.1133 | Test Acc: 0.1135 | VRAM (Alloc/Reserved): 94.8/598.0 MiB | Time: 205.1s
[ByzFL-SNN]   [Step 350/500] (70.0%) | Val Acc: 0.1133 | Test Acc: 0.1135 | VRAM (Alloc/Reserved): 94.1/598.0 MiB | Time: 238.6s
[ByzFL-SNN]   [Step 400/500] (80.0%) | Val Acc: 0.1133 | Test Acc: 0.1135 | VRAM (Alloc/Reserved): 94.7/598.0 MiB | Time: 269.9s
[ByzFL-SNN]   [Step 450/500] (90.0%) | Val Acc: 0.1133 | Test Acc: 0.1135 | VRAM (Alloc/Reserved): 94.4/598.0 MiB | Time: 301.2s
[ByzFL-SNN] [Training Complete] Peak VRAM (Alloc/Reserved): 352.6/598.0 MiB | Total time: 329.0s

Training 99 done

[ByzFL-SNN] [Training Start] Model: cnn_mnist | Dataset: mnist
[ByzFL-SNN]   Aggregator: MultiKrum | Attack: Optimal_ALittleIsEnough_neg1
[ByzFL-SNN]   Distribution: gamma_similarity_niid (gamma=1.0)
[ByzFL-SNN]   Clients: 10 honest, 3 byzantine | Algorithm: DSGD
[ByzFL-SNN]   Learning Rate: 0.15 | Steps: 500 | Device: cuda:0
[ByzFL-SNN]   Validation samples: 12000 | Test samples: 10000
[ByzFL-SNN] Initial VRAM (Alloc/Reserved): 36.1/42.0 MiB
[ByzFL-SNN]   [Step 0/500] (0.0%) | Val Acc: 0.1542 | Test Acc: 0.1595 | VRAM (Alloc/Reserved): 44.3/64.0 MiB | Time: 3.7s
[ByzFL-SNN]   [Step 50/500] (10.0%) | Val Acc: 0.8764 | Test Acc: 0.8842 | VRAM (Alloc/Reserved): 94.0/602.0 MiB | Time: 144.2s
[ByzFL-SNN]   [Step 100/500] (20.0%) | Val Acc: 0.9496 | Test Acc: 0.9518 | VRAM (Alloc/Reserved): 94.3/602.0 MiB | Time: 276.1s
[ByzFL-SNN]   [Step 150/500] (30.0%) | Val Acc: 0.9596 | Test Acc: 0.9653 | VRAM (Alloc/Reserved): 93.7/602.0 MiB | Time: 408.3s
[ByzFL-SNN]   [Step 200/500] (40.0%) | Val Acc: 0.9660 | Test Acc: 0.9719 | VRAM (Alloc/Reserved): 93.5/602.0 MiB | Time: 546.9s
[ByzFL-SNN]   [Step 250/500] (50.0%) | Val Acc: 0.9716 | Test Acc: 0.9768 | VRAM (Alloc/Reserved): 94.3/602.0 MiB | Time: 680.8s
[ByzFL-SNN]   [Step 300/500] (60.0%) | Val Acc: 0.9573 | Test Acc: 0.9637 | VRAM (Alloc/Reserved): 93.0/602.0 MiB | Time: 818.9s
[ByzFL-SNN]   [Step 350/500] (70.0%) | Val Acc: 0.9708 | Test Acc: 0.9756 | VRAM (Alloc/Reserved): 94.3/602.0 MiB | Time: 954.5s
[ByzFL-SNN]   [Step 400/500] (80.0%) | Val Acc: 0.9775 | Test Acc: 0.9802 | VRAM (Alloc/Reserved): 93.4/602.0 MiB | Time: 1089.5s
[ByzFL-SNN]   [Step 450/500] (90.0%) | Val Acc: 0.9800 | Test Acc: 0.9817 | VRAM (Alloc/Reserved): 92.8/602.0 MiB | Time: 1224.2s
[ByzFL-SNN] [Training Complete] Peak VRAM (Alloc/Reserved): 377.0/602.0 MiB | Total time: 1362.3s

Training 100 done

[ByzFL-SNN] [Training Start] Model: cnn_mnist | Dataset: mnist
[ByzFL-SNN]   Aggregator: MultiKrum | Attack: Optimal_InnerProductManipulation
[ByzFL-SNN]   Distribution: gamma_similarity_niid (gamma=1.0)
[ByzFL-SNN]   Clients: 10 honest, 3 byzantine | Algorithm: DSGD
[ByzFL-SNN]   Learning Rate: 0.15 | Steps: 500 | Device: cuda:0
[ByzFL-SNN]   Validation samples: 12000 | Test samples: 10000
[ByzFL-SNN] Initial VRAM (Alloc/Reserved): 36.1/42.0 MiB
[ByzFL-SNN]   [Step 0/500] (0.0%) | Val Acc: 0.1542 | Test Acc: 0.1595 | VRAM (Alloc/Reserved): 44.3/64.0 MiB | Time: 3.8s
[ByzFL-SNN]   [Step 50/500] (10.0%) | Val Acc: 0.8902 | Test Acc: 0.8963 | VRAM (Alloc/Reserved): 93.7/602.0 MiB | Time: 129.7s
[ByzFL-SNN]   [Step 100/500] (20.0%) | Val Acc: 0.9357 | Test Acc: 0.9421 | VRAM (Alloc/Reserved): 94.3/602.0 MiB | Time: 262.2s
[ByzFL-SNN]   [Step 150/500] (30.0%) | Val Acc: 0.9517 | Test Acc: 0.9564 | VRAM (Alloc/Reserved): 94.6/602.0 MiB | Time: 394.3s
[ByzFL-SNN]   [Step 200/500] (40.0%) | Val Acc: 0.9560 | Test Acc: 0.9617 | VRAM (Alloc/Reserved): 93.9/602.0 MiB | Time: 531.3s
[ByzFL-SNN]   [Step 250/500] (50.0%) | Val Acc: 0.9630 | Test Acc: 0.9676 | VRAM (Alloc/Reserved): 94.3/602.0 MiB | Time: 659.7s
[ByzFL-SNN]   [Step 300/500] (60.0%) | Val Acc: 0.9691 | Test Acc: 0.9727 | VRAM (Alloc/Reserved): 94.5/602.0 MiB | Time: 795.0s
[ByzFL-SNN]   [Step 350/500] (70.0%) | Val Acc: 0.9702 | Test Acc: 0.9721 | VRAM (Alloc/Reserved): 94.4/602.0 MiB | Time: 930.5s
[ByzFL-SNN]   [Step 400/500] (80.0%) | Val Acc: 0.9703 | Test Acc: 0.9749 | VRAM (Alloc/Reserved): 94.4/602.0 MiB | Time: 1064.1s
[ByzFL-SNN]   [Step 450/500] (90.0%) | Val Acc: 0.9747 | Test Acc: 0.9793 | VRAM (Alloc/Reserved): 93.7/602.0 MiB | Time: 1197.5s
[ByzFL-SNN] [Training Complete] Peak VRAM (Alloc/Reserved): 378.0/602.0 MiB | Total time: 1333.4s

Training 101 done

[ByzFL-SNN] [Training Start] Model: cnn_mnist | Dataset: mnist
[ByzFL-SNN]   Aggregator: GeometricMedian | Attack: Optimal_ALittleIsEnough_neg1
[ByzFL-SNN]   Distribution: gamma_similarity_niid (gamma=0.66)
[ByzFL-SNN]   Clients: 10 honest, 3 byzantine | Algorithm: DSGD
[ByzFL-SNN]   Learning Rate: 0.15 | Steps: 500 | Device: cuda:1
[ByzFL-SNN]   Validation samples: 12000 | Test samples: 10000
[ByzFL-SNN] Initial VRAM (Alloc/Reserved): 36.1/42.0 MiB
[ByzFL-SNN]   [Step 0/500] (0.0%) | Val Acc: 0.1542 | Test Acc: 0.1595 | VRAM (Alloc/Reserved): 44.3/64.0 MiB | Time: 3.8s
[ByzFL-SNN]   [Step 50/500] (10.0%) | Val Acc: 0.8017 | Test Acc: 0.8075 | VRAM (Alloc/Reserved): 93.7/600.0 MiB | Time: 130.3s
[ByzFL-SNN]   [Step 100/500] (20.0%) | Val Acc: 0.9039 | Test Acc: 0.9134 | VRAM (Alloc/Reserved): 94.7/600.0 MiB | Time: 261.3s
[ByzFL-SNN]   [Step 150/500] (30.0%) | Val Acc: 0.8965 | Test Acc: 0.9008 | VRAM (Alloc/Reserved): 94.4/600.0 MiB | Time: 393.2s
[ByzFL-SNN]   [Step 200/500] (40.0%) | Val Acc: 0.9479 | Test Acc: 0.9566 | VRAM (Alloc/Reserved): 93.9/600.0 MiB | Time: 517.3s
[ByzFL-SNN]   [Step 250/500] (50.0%) | Val Acc: 0.9584 | Test Acc: 0.9674 | VRAM (Alloc/Reserved): 93.5/600.0 MiB | Time: 651.1s
[ByzFL-SNN]   [Step 300/500] (60.0%) | Val Acc: 0.9554 | Test Acc: 0.9629 | VRAM (Alloc/Reserved): 93.0/600.0 MiB | Time: 782.3s
[ByzFL-SNN]   [Step 350/500] (70.0%) | Val Acc: 0.9561 | Test Acc: 0.9619 | VRAM (Alloc/Reserved): 94.2/600.0 MiB | Time: 912.2s
[ByzFL-SNN]   [Step 400/500] (80.0%) | Val Acc: 0.9373 | Test Acc: 0.9440 | VRAM (Alloc/Reserved): 93.8/600.0 MiB | Time: 1047.6s
[ByzFL-SNN]   [Step 450/500] (90.0%) | Val Acc: 0.9626 | Test Acc: 0.9659 | VRAM (Alloc/Reserved): 94.9/600.0 MiB | Time: 1181.4s
[ByzFL-SNN] [Training Complete] Peak VRAM (Alloc/Reserved): 377.4/600.0 MiB | Total time: 1303.7s

Training 102 done

[ByzFL-SNN] [Training Start] Model: cnn_mnist | Dataset: mnist
[ByzFL-SNN]   Aggregator: GeometricMedian | Attack: Optimal_ALittleIsEnough_neg1
[ByzFL-SNN]   Distribution: gamma_similarity_niid (gamma=0.66)
[ByzFL-SNN]   Clients: 10 honest, 3 byzantine | Algorithm: DSGD
[ByzFL-SNN]   Learning Rate: 0.15 | Steps: 500 | Device: cuda:0
[ByzFL-SNN]   Validation samples: 12000 | Test samples: 10000
[ByzFL-SNN] Initial VRAM (Alloc/Reserved): 36.1/42.0 MiB
[ByzFL-SNN]   [Step 0/500] (0.0%) | Val Acc: 0.1542 | Test Acc: 0.1595 | VRAM (Alloc/Reserved): 44.3/64.0 MiB | Time: 3.8s
[ByzFL-SNN]   [Step 50/500] (10.0%) | Val Acc: 0.6673 | Test Acc: 0.6763 | VRAM (Alloc/Reserved): 93.7/600.0 MiB | Time: 138.3s
[ByzFL-SNN]   [Step 100/500] (20.0%) | Val Acc: 0.9019 | Test Acc: 0.9117 | VRAM (Alloc/Reserved): 94.7/600.0 MiB | Time: 276.3s
[ByzFL-SNN]   [Step 150/500] (30.0%) | Val Acc: 0.9253 | Test Acc: 0.9343 | VRAM (Alloc/Reserved): 94.4/600.0 MiB | Time: 413.8s
[ByzFL-SNN]   [Step 200/500] (40.0%) | Val Acc: 0.9466 | Test Acc: 0.9551 | VRAM (Alloc/Reserved): 93.9/600.0 MiB | Time: 553.4s
[ByzFL-SNN]   [Step 250/500] (50.0%) | Val Acc: 0.9000 | Test Acc: 0.9068 | VRAM (Alloc/Reserved): 93.5/600.0 MiB | Time: 691.1s
[ByzFL-SNN]   [Step 300/500] (60.0%) | Val Acc: 0.9556 | Test Acc: 0.9620 | VRAM (Alloc/Reserved): 93.0/600.0 MiB | Time: 828.8s
[ByzFL-SNN]   [Step 350/500] (70.0%) | Val Acc: 0.9539 | Test Acc: 0.9571 | VRAM (Alloc/Reserved): 94.2/600.0 MiB | Time: 970.4s
[ByzFL-SNN]   [Step 400/500] (80.0%) | Val Acc: 0.9545 | Test Acc: 0.9582 | VRAM (Alloc/Reserved): 93.8/600.0 MiB | Time: 1106.2s
[ByzFL-SNN]   [Step 450/500] (90.0%) | Val Acc: 0.9498 | Test Acc: 0.9584 | VRAM (Alloc/Reserved): 94.9/600.0 MiB | Time: 1248.7s
[ByzFL-SNN] [Training Complete] Peak VRAM (Alloc/Reserved): 377.4/600.0 MiB | Total time: 1387.9s

Training 103 done

[ByzFL-SNN] [Training Start] Model: cnn_mnist | Dataset: mnist
[ByzFL-SNN]   Aggregator: GeometricMedian | Attack: Optimal_InnerProductManipulation
[ByzFL-SNN]   Distribution: gamma_similarity_niid (gamma=0.66)
[ByzFL-SNN]   Clients: 10 honest, 3 byzantine | Algorithm: DSGD
[ByzFL-SNN]   Learning Rate: 0.15 | Steps: 500 | Device: cuda:1
[ByzFL-SNN]   Validation samples: 12000 | Test samples: 10000
[ByzFL-SNN] Initial VRAM (Alloc/Reserved): 36.1/42.0 MiB
[ByzFL-SNN]   [Step 0/500] (0.0%) | Val Acc: 0.1542 | Test Acc: 0.1595 | VRAM (Alloc/Reserved): 44.3/64.0 MiB | Time: 3.8s
[ByzFL-SNN]   [Step 50/500] (10.0%) | Val Acc: 0.8003 | Test Acc: 0.8061 | VRAM (Alloc/Reserved): 93.8/600.0 MiB | Time: 126.2s
[ByzFL-SNN]   [Step 100/500] (20.0%) | Val Acc: 0.8946 | Test Acc: 0.9033 | VRAM (Alloc/Reserved): 93.2/600.0 MiB | Time: 247.1s
[ByzFL-SNN]   [Step 150/500] (30.0%) | Val Acc: 0.9289 | Test Acc: 0.9365 | VRAM (Alloc/Reserved): 93.9/600.0 MiB | Time: 362.6s
[ByzFL-SNN]   [Step 200/500] (40.0%) | Val Acc: 0.9440 | Test Acc: 0.9488 | VRAM (Alloc/Reserved): 93.8/600.0 MiB | Time: 480.3s
[ByzFL-SNN]   [Step 250/500] (50.0%) | Val Acc: 0.9442 | Test Acc: 0.9511 | VRAM (Alloc/Reserved): 94.3/600.0 MiB | Time: 597.6s
[ByzFL-SNN]   [Step 300/500] (60.0%) | Val Acc: 0.9625 | Test Acc: 0.9646 | VRAM (Alloc/Reserved): 93.3/600.0 MiB | Time: 712.5s
[ByzFL-SNN]   [Step 350/500] (70.0%) | Val Acc: 0.9638 | Test Acc: 0.9678 | VRAM (Alloc/Reserved): 95.7/600.0 MiB | Time: 828.7s
[ByzFL-SNN]   [Step 400/500] (80.0%) | Val Acc: 0.9637 | Test Acc: 0.9677 | VRAM (Alloc/Reserved): 94.2/600.0 MiB | Time: 950.9s
[ByzFL-SNN]   [Step 450/500] (90.0%) | Val Acc: 0.9557 | Test Acc: 0.9621 | VRAM (Alloc/Reserved): 93.8/600.0 MiB | Time: 1061.2s
[ByzFL-SNN] [Training Complete] Peak VRAM (Alloc/Reserved): 380.3/600.0 MiB | Total time: 1166.4s

Training 104 done

[ByzFL-SNN] [Training Start] Model: cnn_mnist | Dataset: mnist
[ByzFL-SNN]   Aggregator: GeometricMedian | Attack: Optimal_InnerProductManipulation
[ByzFL-SNN]   Distribution: gamma_similarity_niid (gamma=0.66)
[ByzFL-SNN]   Clients: 10 honest, 3 byzantine | Algorithm: DSGD
[ByzFL-SNN]   Learning Rate: 0.15 | Steps: 500 | Device: cuda:0
[ByzFL-SNN]   Validation samples: 12000 | Test samples: 10000
[ByzFL-SNN] Initial VRAM (Alloc/Reserved): 36.1/42.0 MiB
[ByzFL-SNN]   [Step 0/500] (0.0%) | Val Acc: 0.1542 | Test Acc: 0.1595 | VRAM (Alloc/Reserved): 44.3/64.0 MiB | Time: 3.7s
[ByzFL-SNN]   [Step 50/500] (10.0%) | Val Acc: 0.7141 | Test Acc: 0.7217 | VRAM (Alloc/Reserved): 93.8/600.0 MiB | Time: 136.6s
[ByzFL-SNN]   [Step 100/500] (20.0%) | Val Acc: 0.9069 | Test Acc: 0.9137 | VRAM (Alloc/Reserved): 93.2/600.0 MiB | Time: 266.9s
[ByzFL-SNN]   [Step 150/500] (30.0%) | Val Acc: 0.9144 | Test Acc: 0.9242 | VRAM (Alloc/Reserved): 93.9/600.0 MiB | Time: 390.2s
[ByzFL-SNN]   [Step 200/500] (40.0%) | Val Acc: 0.9273 | Test Acc: 0.9333 | VRAM (Alloc/Reserved): 93.8/600.0 MiB | Time: 518.4s
[ByzFL-SNN]   [Step 250/500] (50.0%) | Val Acc: 0.9034 | Test Acc: 0.9090 | VRAM (Alloc/Reserved): 94.3/600.0 MiB | Time: 643.2s
[ByzFL-SNN]   [Step 300/500] (60.0%) | Val Acc: 0.9573 | Test Acc: 0.9618 | VRAM (Alloc/Reserved): 93.3/600.0 MiB | Time: 770.1s
[ByzFL-SNN]   [Step 350/500] (70.0%) | Val Acc: 0.9645 | Test Acc: 0.9686 | VRAM (Alloc/Reserved): 95.7/600.0 MiB | Time: 890.7s
[ByzFL-SNN]   [Step 400/500] (80.0%) | Val Acc: 0.9672 | Test Acc: 0.9688 | VRAM (Alloc/Reserved): 94.2/600.0 MiB | Time: 1012.7s
[ByzFL-SNN]   [Step 450/500] (90.0%) | Val Acc: 0.9668 | Test Acc: 0.9683 | VRAM (Alloc/Reserved): 93.8/600.0 MiB | Time: 1140.7s
[ByzFL-SNN] [Training Complete] Peak VRAM (Alloc/Reserved): 380.3/600.0 MiB | Total time: 1261.7s

Training 105 done

[ByzFL-SNN] [Training Start] Model: cnn_mnist | Dataset: mnist
[ByzFL-SNN]   Aggregator: CenteredClipping | Attack: Optimal_InnerProductManipulation
[ByzFL-SNN]   Distribution: gamma_similarity_niid (gamma=0.66)
[ByzFL-SNN]   Clients: 10 honest, 3 byzantine | Algorithm: DSGD
[ByzFL-SNN]   Learning Rate: 0.15 | Steps: 500 | Device: cuda:1
[ByzFL-SNN]   Validation samples: 12000 | Test samples: 10000
[ByzFL-SNN] Initial VRAM (Alloc/Reserved): 36.1/42.0 MiB
[ByzFL-SNN]   [Step 0/500] (0.0%) | Val Acc: 0.1542 | Test Acc: 0.1595 | VRAM (Alloc/Reserved): 44.3/64.0 MiB | Time: 4.3s
[ByzFL-SNN]   [Step 50/500] (10.0%) | Val Acc: 0.7097 | Test Acc: 0.7093 | VRAM (Alloc/Reserved): 98.0/600.0 MiB | Time: 126.0s
[ByzFL-SNN]   [Step 100/500] (20.0%) | Val Acc: 0.7932 | Test Acc: 0.8050 | VRAM (Alloc/Reserved): 97.7/600.0 MiB | Time: 239.4s
[ByzFL-SNN]   [Step 150/500] (30.0%) | Val Acc: 0.8317 | Test Acc: 0.8377 | VRAM (Alloc/Reserved): 97.2/600.0 MiB | Time: 361.5s
[ByzFL-SNN]   [Step 200/500] (40.0%) | Val Acc: 0.8665 | Test Acc: 0.8767 | VRAM (Alloc/Reserved): 97.4/600.0 MiB | Time: 481.3s
[ByzFL-SNN]   [Step 250/500] (50.0%) | Val Acc: 0.9431 | Test Acc: 0.9476 | VRAM (Alloc/Reserved): 97.2/600.0 MiB | Time: 595.6s
[ByzFL-SNN]   [Step 300/500] (60.0%) | Val Acc: 0.9424 | Test Acc: 0.9482 | VRAM (Alloc/Reserved): 98.2/600.0 MiB | Time: 710.7s
[ByzFL-SNN]   [Step 350/500] (70.0%) | Val Acc: 0.9509 | Test Acc: 0.9566 | VRAM (Alloc/Reserved): 97.7/600.0 MiB | Time: 828.1s
[ByzFL-SNN]   [Step 400/500] (80.0%) | Val Acc: 0.9583 | Test Acc: 0.9625 | VRAM (Alloc/Reserved): 96.4/600.0 MiB | Time: 941.8s
[ByzFL-SNN]   [Step 450/500] (90.0%) | Val Acc: 0.9483 | Test Acc: 0.9546 | VRAM (Alloc/Reserved): 99.1/600.0 MiB | Time: 1055.2s
[ByzFL-SNN] [Training Complete] Peak VRAM (Alloc/Reserved): 381.7/600.0 MiB | Total time: 1163.0s

Training 106 done

[ByzFL-SNN] [Training Start] Model: cnn_mnist | Dataset: mnist
[ByzFL-SNN]   Aggregator: CenteredClipping | Attack: Optimal_ALittleIsEnough_neg1
[ByzFL-SNN]   Distribution: gamma_similarity_niid (gamma=0.66)
[ByzFL-SNN]   Clients: 10 honest, 3 byzantine | Algorithm: DSGD
[ByzFL-SNN]   Learning Rate: 0.15 | Steps: 500 | Device: cuda:1
[ByzFL-SNN]   Validation samples: 12000 | Test samples: 10000
[ByzFL-SNN] Initial VRAM (Alloc/Reserved): 36.1/42.0 MiB
[ByzFL-SNN]   [Step 0/500] (0.0%) | Val Acc: 0.1542 | Test Acc: 0.1595 | VRAM (Alloc/Reserved): 44.3/64.0 MiB | Time: 3.7s
[ByzFL-SNN]   [Step 50/500] (10.0%) | Val Acc: 0.6029 | Test Acc: 0.6066 | VRAM (Alloc/Reserved): 97.3/600.0 MiB | Time: 121.6s
[ByzFL-SNN]   [Step 100/500] (20.0%) | Val Acc: 0.8816 | Test Acc: 0.8950 | VRAM (Alloc/Reserved): 97.2/600.0 MiB | Time: 246.5s
[ByzFL-SNN]   [Step 150/500] (30.0%) | Val Acc: 0.9242 | Test Acc: 0.9337 | VRAM (Alloc/Reserved): 98.0/600.0 MiB | Time: 376.2s
[ByzFL-SNN]   [Step 200/500] (40.0%) | Val Acc: 0.9465 | Test Acc: 0.9542 | VRAM (Alloc/Reserved): 96.5/600.0 MiB | Time: 502.3s
[ByzFL-SNN]   [Step 250/500] (50.0%) | Val Acc: 0.9522 | Test Acc: 0.9583 | VRAM (Alloc/Reserved): 96.4/600.0 MiB | Time: 629.8s
[ByzFL-SNN]   [Step 300/500] (60.0%) | Val Acc: 0.9525 | Test Acc: 0.9599 | VRAM (Alloc/Reserved): 98.4/600.0 MiB | Time: 759.1s
[ByzFL-SNN]   [Step 350/500] (70.0%) | Val Acc: 0.9436 | Test Acc: 0.9528 | VRAM (Alloc/Reserved): 97.7/600.0 MiB | Time: 891.2s
[ByzFL-SNN]   [Step 400/500] (80.0%) | Val Acc: 0.9538 | Test Acc: 0.9572 | VRAM (Alloc/Reserved): 96.6/600.0 MiB | Time: 1016.4s
[ByzFL-SNN]   [Step 450/500] (90.0%) | Val Acc: 0.9566 | Test Acc: 0.9619 | VRAM (Alloc/Reserved): 97.3/600.0 MiB | Time: 1139.4s
[ByzFL-SNN] [Training Complete] Peak VRAM (Alloc/Reserved): 381.8/600.0 MiB | Total time: 1258.6s

Training 107 done

[ByzFL-SNN] [Training Start] Model: cnn_mnist | Dataset: mnist
[ByzFL-SNN]   Aggregator: CenteredClipping | Attack: SignFlipping
[ByzFL-SNN]   Distribution: gamma_similarity_niid (gamma=0.33)
[ByzFL-SNN]   Clients: 10 honest, 3 byzantine | Algorithm: DSGD
[ByzFL-SNN]   Learning Rate: 0.15 | Steps: 500 | Device: cuda:1
[ByzFL-SNN]   Validation samples: 12000 | Test samples: 10000
[ByzFL-SNN] Initial VRAM (Alloc/Reserved): 36.1/42.0 MiB
[ByzFL-SNN]   [Step 0/500] (0.0%) | Val Acc: 0.1542 | Test Acc: 0.1595 | VRAM (Alloc/Reserved): 44.3/64.0 MiB | Time: 3.5s
[ByzFL-SNN]   [Step 50/500] (10.0%) | Val Acc: 0.2980 | Test Acc: 0.2933 | VRAM (Alloc/Reserved): 95.9/598.0 MiB | Time: 34.8s
[ByzFL-SNN]   [Step 100/500] (20.0%) | Val Acc: 0.3982 | Test Acc: 0.4025 | VRAM (Alloc/Reserved): 95.1/598.0 MiB | Time: 65.7s
[ByzFL-SNN]   [Step 150/500] (30.0%) | Val Acc: 0.6399 | Test Acc: 0.6443 | VRAM (Alloc/Reserved): 96.1/598.0 MiB | Time: 97.5s
[ByzFL-SNN]   [Step 200/500] (40.0%) | Val Acc: 0.6597 | Test Acc: 0.6649 | VRAM (Alloc/Reserved): 95.4/598.0 MiB | Time: 127.9s
[ByzFL-SNN]   [Step 250/500] (50.0%) | Val Acc: 0.7264 | Test Acc: 0.7262 | VRAM (Alloc/Reserved): 95.9/598.0 MiB | Time: 157.8s
[ByzFL-SNN]   [Step 300/500] (60.0%) | Val Acc: 0.7827 | Test Acc: 0.7863 | VRAM (Alloc/Reserved): 96.5/598.0 MiB | Time: 188.6s
[ByzFL-SNN]   [Step 350/500] (70.0%) | Val Acc: 0.8345 | Test Acc: 0.8427 | VRAM (Alloc/Reserved): 95.7/598.0 MiB | Time: 218.9s
[ByzFL-SNN]   [Step 400/500] (80.0%) | Val Acc: 0.8804 | Test Acc: 0.8860 | VRAM (Alloc/Reserved): 95.5/598.0 MiB | Time: 248.6s
[ByzFL-SNN]   [Step 450/500] (90.0%) | Val Acc: 0.9198 | Test Acc: 0.9287 | VRAM (Alloc/Reserved): 95.6/598.0 MiB | Time: 278.3s
[ByzFL-SNN] [Training Complete] Peak VRAM (Alloc/Reserved): 354.6/598.0 MiB | Total time: 305.0s

Training 108 done

[ByzFL-SNN] [Training Start] Model: cnn_mnist | Dataset: mnist
[ByzFL-SNN]   Aggregator: CenteredClipping | Attack: Optimal_InnerProductManipulation
[ByzFL-SNN]   Distribution: gamma_similarity_niid (gamma=0.66)
[ByzFL-SNN]   Clients: 10 honest, 3 byzantine | Algorithm: DSGD
[ByzFL-SNN]   Learning Rate: 0.15 | Steps: 500 | Device: cuda:0
[ByzFL-SNN]   Validation samples: 12000 | Test samples: 10000
[ByzFL-SNN] Initial VRAM (Alloc/Reserved): 36.1/42.0 MiB
[ByzFL-SNN]   [Step 0/500] (0.0%) | Val Acc: 0.1542 | Test Acc: 0.1595 | VRAM (Alloc/Reserved): 44.3/64.0 MiB | Time: 4.0s
[ByzFL-SNN]   [Step 50/500] (10.0%) | Val Acc: 0.6787 | Test Acc: 0.6769 | VRAM (Alloc/Reserved): 98.0/600.0 MiB | Time: 132.4s
[ByzFL-SNN]   [Step 100/500] (20.0%) | Val Acc: 0.8070 | Test Acc: 0.8166 | VRAM (Alloc/Reserved): 97.7/600.0 MiB | Time: 260.9s
[ByzFL-SNN]   [Step 150/500] (30.0%) | Val Acc: 0.9216 | Test Acc: 0.9297 | VRAM (Alloc/Reserved): 97.2/600.0 MiB | Time: 383.8s
[ByzFL-SNN]   [Step 200/500] (40.0%) | Val Acc: 0.9278 | Test Acc: 0.9355 | VRAM (Alloc/Reserved): 97.4/600.0 MiB | Time: 506.9s
[ByzFL-SNN]   [Step 250/500] (50.0%) | Val Acc: 0.9488 | Test Acc: 0.9538 | VRAM (Alloc/Reserved): 97.2/600.0 MiB | Time: 632.6s
[ByzFL-SNN]   [Step 300/500] (60.0%) | Val Acc: 0.9519 | Test Acc: 0.9568 | VRAM (Alloc/Reserved): 98.2/600.0 MiB | Time: 752.0s
[ByzFL-SNN]   [Step 350/500] (70.0%) | Val Acc: 0.9537 | Test Acc: 0.9598 | VRAM (Alloc/Reserved): 97.7/600.0 MiB | Time: 872.8s
[ByzFL-SNN]   [Step 400/500] (80.0%) | Val Acc: 0.9644 | Test Acc: 0.9668 | VRAM (Alloc/Reserved): 96.4/600.0 MiB | Time: 1001.6s
[ByzFL-SNN]   [Step 450/500] (90.0%) | Val Acc: 0.9658 | Test Acc: 0.9692 | VRAM (Alloc/Reserved): 99.1/600.0 MiB | Time: 1127.4s
[ByzFL-SNN] [Training Complete] Peak VRAM (Alloc/Reserved): 381.7/600.0 MiB | Total time: 1246.2s

Training 109 done

[ByzFL-SNN] [Training Start] Model: cnn_mnist | Dataset: mnist
[ByzFL-SNN]   Aggregator: CenteredClipping | Attack: Optimal_ALittleIsEnough_neg1
[ByzFL-SNN]   Distribution: gamma_similarity_niid (gamma=0.66)
[ByzFL-SNN]   Clients: 10 honest, 3 byzantine | Algorithm: DSGD
[ByzFL-SNN]   Learning Rate: 0.15 | Steps: 500 | Device: cuda:0
[ByzFL-SNN]   Validation samples: 12000 | Test samples: 10000
[ByzFL-SNN] Initial VRAM (Alloc/Reserved): 36.1/42.0 MiB
[ByzFL-SNN]   [Step 0/500] (0.0%) | Val Acc: 0.1542 | Test Acc: 0.1595 | VRAM (Alloc/Reserved): 44.3/64.0 MiB | Time: 4.3s
[ByzFL-SNN]   [Step 50/500] (10.0%) | Val Acc: 0.8447 | Test Acc: 0.8510 | VRAM (Alloc/Reserved): 97.3/600.0 MiB | Time: 131.0s
[ByzFL-SNN]   [Step 100/500] (20.0%) | Val Acc: 0.8809 | Test Acc: 0.8923 | VRAM (Alloc/Reserved): 97.2/600.0 MiB | Time: 268.7s
[ByzFL-SNN]   [Step 150/500] (30.0%) | Val Acc: 0.9300 | Test Acc: 0.9379 | VRAM (Alloc/Reserved): 98.0/600.0 MiB | Time: 401.4s
[ByzFL-SNN]   [Step 200/500] (40.0%) | Val Acc: 0.9572 | Test Acc: 0.9621 | VRAM (Alloc/Reserved): 96.5/600.0 MiB | Time: 536.8s
[ByzFL-SNN]   [Step 250/500] (50.0%) | Val Acc: 0.9307 | Test Acc: 0.9358 | VRAM (Alloc/Reserved): 96.4/600.0 MiB | Time: 668.9s
[ByzFL-SNN]   [Step 300/500] (60.0%) | Val Acc: 0.9476 | Test Acc: 0.9517 | VRAM (Alloc/Reserved): 98.4/600.0 MiB | Time: 804.0s
[ByzFL-SNN]   [Step 350/500] (70.0%) | Val Acc: 0.9681 | Test Acc: 0.9741 | VRAM (Alloc/Reserved): 97.7/600.0 MiB | Time: 938.0s
[ByzFL-SNN]   [Step 400/500] (80.0%) | Val Acc: 0.9688 | Test Acc: 0.9742 | VRAM (Alloc/Reserved): 96.6/600.0 MiB | Time: 1078.2s
[ByzFL-SNN]   [Step 450/500] (90.0%) | Val Acc: 0.9539 | Test Acc: 0.9615 | VRAM (Alloc/Reserved): 97.3/600.0 MiB | Time: 1217.4s
[ByzFL-SNN] [Training Complete] Peak VRAM (Alloc/Reserved): 381.8/600.0 MiB | Total time: 1352.1s

Training 110 done

[ByzFL-SNN] [Training Start] Model: cnn_mnist | Dataset: mnist
[ByzFL-SNN]   Aggregator: CenteredClipping | Attack: SignFlipping
[ByzFL-SNN]   Distribution: gamma_similarity_niid (gamma=0.33)
[ByzFL-SNN]   Clients: 10 honest, 3 byzantine | Algorithm: DSGD
[ByzFL-SNN]   Learning Rate: 0.15 | Steps: 500 | Device: cuda:0
[ByzFL-SNN]   Validation samples: 12000 | Test samples: 10000
[ByzFL-SNN] Initial VRAM (Alloc/Reserved): 36.1/42.0 MiB
[ByzFL-SNN]   [Step 0/500] (0.0%) | Val Acc: 0.1542 | Test Acc: 0.1595 | VRAM (Alloc/Reserved): 44.3/64.0 MiB | Time: 3.7s
[ByzFL-SNN]   [Step 50/500] (10.0%) | Val Acc: 0.1037 | Test Acc: 0.1010 | VRAM (Alloc/Reserved): 95.9/598.0 MiB | Time: 39.2s
[ByzFL-SNN]   [Step 100/500] (20.0%) | Val Acc: 0.2915 | Test Acc: 0.3023 | VRAM (Alloc/Reserved): 95.1/598.0 MiB | Time: 74.0s
[ByzFL-SNN]   [Step 150/500] (30.0%) | Val Acc: 0.5673 | Test Acc: 0.5854 | VRAM (Alloc/Reserved): 96.1/598.0 MiB | Time: 108.4s
[ByzFL-SNN]   [Step 200/500] (40.0%) | Val Acc: 0.6314 | Test Acc: 0.6419 | VRAM (Alloc/Reserved): 95.4/598.0 MiB | Time: 143.2s
[ByzFL-SNN]   [Step 250/500] (50.0%) | Val Acc: 0.6143 | Test Acc: 0.6309 | VRAM (Alloc/Reserved): 95.9/598.0 MiB | Time: 177.1s
[ByzFL-SNN]   [Step 300/500] (60.0%) | Val Acc: 0.1133 | Test Acc: 0.1135 | VRAM (Alloc/Reserved): 96.5/598.0 MiB | Time: 211.5s
[ByzFL-SNN]   [Step 350/500] (70.0%) | Val Acc: 0.0997 | Test Acc: 0.1032 | VRAM (Alloc/Reserved): 95.7/598.0 MiB | Time: 246.0s
[ByzFL-SNN]   [Step 400/500] (80.0%) | Val Acc: 0.1067 | Test Acc: 0.1027 | VRAM (Alloc/Reserved): 95.5/598.0 MiB | Time: 281.0s
[ByzFL-SNN]   [Step 450/500] (90.0%) | Val Acc: 0.1067 | Test Acc: 0.1027 | VRAM (Alloc/Reserved): 95.6/598.0 MiB | Time: 315.1s
[ByzFL-SNN] [Training Complete] Peak VRAM (Alloc/Reserved): 354.6/598.0 MiB | Total time: 345.6s

Training 111 done

[ByzFL-SNN] [Training Start] Model: cnn_mnist | Dataset: mnist
[ByzFL-SNN]   Aggregator: TrMean | Attack: Optimal_ALittleIsEnough_neg1
[ByzFL-SNN]   Distribution: gamma_similarity_niid (gamma=0.66)
[ByzFL-SNN]   Clients: 10 honest, 3 byzantine | Algorithm: DSGD
[ByzFL-SNN]   Learning Rate: 0.15 | Steps: 500 | Device: cuda:1
[ByzFL-SNN]   Validation samples: 12000 | Test samples: 10000
[ByzFL-SNN] Initial VRAM (Alloc/Reserved): 36.1/42.0 MiB
[ByzFL-SNN]   [Step 0/500] (0.0%) | Val Acc: 0.1542 | Test Acc: 0.1595 | VRAM (Alloc/Reserved): 44.3/64.0 MiB | Time: 4.3s
[ByzFL-SNN]   [Step 50/500] (10.0%) | Val Acc: 0.7616 | Test Acc: 0.7731 | VRAM (Alloc/Reserved): 94.0/600.0 MiB | Time: 125.2s
[ByzFL-SNN]   [Step 100/500] (20.0%) | Val Acc: 0.8661 | Test Acc: 0.8777 | VRAM (Alloc/Reserved): 94.3/600.0 MiB | Time: 254.3s
[ByzFL-SNN]   [Step 150/500] (30.0%) | Val Acc: 0.9450 | Test Acc: 0.9539 | VRAM (Alloc/Reserved): 93.7/600.0 MiB | Time: 383.0s
[ByzFL-SNN]   [Step 200/500] (40.0%) | Val Acc: 0.9452 | Test Acc: 0.9509 | VRAM (Alloc/Reserved): 93.5/600.0 MiB | Time: 513.2s
[ByzFL-SNN]   [Step 250/500] (50.0%) | Val Acc: 0.9544 | Test Acc: 0.9597 | VRAM (Alloc/Reserved): 94.3/600.0 MiB | Time: 640.5s
[ByzFL-SNN]   [Step 300/500] (60.0%) | Val Acc: 0.9579 | Test Acc: 0.9627 | VRAM (Alloc/Reserved): 93.0/600.0 MiB | Time: 771.8s
[ByzFL-SNN]   [Step 350/500] (70.0%) | Val Acc: 0.9585 | Test Acc: 0.9666 | VRAM (Alloc/Reserved): 94.3/600.0 MiB | Time: 900.7s
[ByzFL-SNN]   [Step 400/500] (80.0%) | Val Acc: 0.9675 | Test Acc: 0.9709 | VRAM (Alloc/Reserved): 93.4/600.0 MiB | Time: 1024.2s
[ByzFL-SNN]   [Step 450/500] (90.0%) | Val Acc: 0.9512 | Test Acc: 0.9604 | VRAM (Alloc/Reserved): 92.8/600.0 MiB | Time: 1144.6s
[ByzFL-SNN] [Training Complete] Peak VRAM (Alloc/Reserved): 377.0/600.0 MiB | Total time: 1261.1s

Training 112 done

[ByzFL-SNN] [Training Start] Model: cnn_mnist | Dataset: mnist
[ByzFL-SNN]   Aggregator: TrMean | Attack: SignFlipping
[ByzFL-SNN]   Distribution: gamma_similarity_niid (gamma=0.33)
[ByzFL-SNN]   Clients: 10 honest, 3 byzantine | Algorithm: DSGD
[ByzFL-SNN]   Learning Rate: 0.15 | Steps: 500 | Device: cuda:1
[ByzFL-SNN]   Validation samples: 12000 | Test samples: 10000
[ByzFL-SNN] Initial VRAM (Alloc/Reserved): 36.1/42.0 MiB
[ByzFL-SNN]   [Step 0/500] (0.0%) | Val Acc: 0.1542 | Test Acc: 0.1595 | VRAM (Alloc/Reserved): 44.3/64.0 MiB | Time: 3.6s
[ByzFL-SNN]   [Step 50/500] (10.0%) | Val Acc: 0.1070 | Test Acc: 0.1036 | VRAM (Alloc/Reserved): 94.1/598.0 MiB | Time: 36.3s
[ByzFL-SNN]   [Step 100/500] (20.0%) | Val Acc: 0.5099 | Test Acc: 0.5232 | VRAM (Alloc/Reserved): 95.0/598.0 MiB | Time: 67.1s
[ByzFL-SNN]   [Step 150/500] (30.0%) | Val Acc: 0.6573 | Test Acc: 0.6745 | VRAM (Alloc/Reserved): 94.4/598.0 MiB | Time: 98.7s
[ByzFL-SNN]   [Step 200/500] (40.0%) | Val Acc: 0.1037 | Test Acc: 0.1010 | VRAM (Alloc/Reserved): 94.7/598.0 MiB | Time: 130.3s
[ByzFL-SNN]   [Step 250/500] (50.0%) | Val Acc: 0.1007 | Test Acc: 0.1040 | VRAM (Alloc/Reserved): 92.9/598.0 MiB | Time: 161.5s
[ByzFL-SNN]   [Step 300/500] (60.0%) | Val Acc: 0.1132 | Test Acc: 0.1135 | VRAM (Alloc/Reserved): 93.6/598.0 MiB | Time: 192.8s
[ByzFL-SNN]   [Step 350/500] (70.0%) | Val Acc: 0.1037 | Test Acc: 0.1010 | VRAM (Alloc/Reserved): 93.8/598.0 MiB | Time: 223.9s
[ByzFL-SNN]   [Step 400/500] (80.0%) | Val Acc: 0.0894 | Test Acc: 0.0890 | VRAM (Alloc/Reserved): 95.1/598.0 MiB | Time: 254.4s
[ByzFL-SNN]   [Step 450/500] (90.0%) | Val Acc: 0.1214 | Test Acc: 0.1196 | VRAM (Alloc/Reserved): 93.7/598.0 MiB | Time: 285.7s
[ByzFL-SNN] [Training Complete] Peak VRAM (Alloc/Reserved): 352.6/598.0 MiB | Total time: 314.4s

Training 113 done

[ByzFL-SNN] [Training Start] Model: cnn_mnist | Dataset: mnist
[ByzFL-SNN]   Aggregator: TrMean | Attack: SignFlipping
[ByzFL-SNN]   Distribution: gamma_similarity_niid (gamma=0.33)
[ByzFL-SNN]   Clients: 10 honest, 3 byzantine | Algorithm: DSGD
[ByzFL-SNN]   Learning Rate: 0.15 | Steps: 500 | Device: cuda:0
[ByzFL-SNN]   Validation samples: 12000 | Test samples: 10000
[ByzFL-SNN] Initial VRAM (Alloc/Reserved): 36.1/42.0 MiB
[ByzFL-SNN]   [Step 0/500] (0.0%) | Val Acc: 0.1542 | Test Acc: 0.1595 | VRAM (Alloc/Reserved): 44.3/64.0 MiB | Time: 3.9s
[ByzFL-SNN]   [Step 50/500] (10.0%) | Val Acc: 0.1134 | Test Acc: 0.1135 | VRAM (Alloc/Reserved): 94.1/598.0 MiB | Time: 38.3s
[ByzFL-SNN]   [Step 100/500] (20.0%) | Val Acc: 0.6272 | Test Acc: 0.6311 | VRAM (Alloc/Reserved): 95.0/598.0 MiB | Time: 72.7s
[ByzFL-SNN]   [Step 150/500] (30.0%) | Val Acc: 0.1298 | Test Acc: 0.1245 | VRAM (Alloc/Reserved): 94.4/598.0 MiB | Time: 106.7s
[ByzFL-SNN]   [Step 200/500] (40.0%) | Val Acc: 0.1134 | Test Acc: 0.1137 | VRAM (Alloc/Reserved): 94.7/598.0 MiB | Time: 141.6s
[ByzFL-SNN]   [Step 250/500] (50.0%) | Val Acc: 0.0877 | Test Acc: 0.0892 | VRAM (Alloc/Reserved): 92.9/598.0 MiB | Time: 175.8s
[ByzFL-SNN]   [Step 300/500] (60.0%) | Val Acc: 0.0877 | Test Acc: 0.0889 | VRAM (Alloc/Reserved): 93.6/598.0 MiB | Time: 210.3s
[ByzFL-SNN]   [Step 350/500] (70.0%) | Val Acc: 0.0972 | Test Acc: 0.0958 | VRAM (Alloc/Reserved): 93.8/598.0 MiB | Time: 244.4s
[ByzFL-SNN]   [Step 400/500] (80.0%) | Val Acc: 0.0972 | Test Acc: 0.0958 | VRAM (Alloc/Reserved): 95.1/598.0 MiB | Time: 278.4s
[ByzFL-SNN]   [Step 450/500] (90.0%) | Val Acc: 0.0972 | Test Acc: 0.0958 | VRAM (Alloc/Reserved): 93.7/598.0 MiB | Time: 312.7s
[ByzFL-SNN] [Training Complete] Peak VRAM (Alloc/Reserved): 352.6/598.0 MiB | Total time: 344.5s

Training 114 done

[ByzFL-SNN] [Training Start] Model: cnn_mnist | Dataset: mnist
[ByzFL-SNN]   Aggregator: TrMean | Attack: Optimal_ALittleIsEnough_neg1
[ByzFL-SNN]   Distribution: gamma_similarity_niid (gamma=0.66)
[ByzFL-SNN]   Clients: 10 honest, 3 byzantine | Algorithm: DSGD
[ByzFL-SNN]   Learning Rate: 0.15 | Steps: 500 | Device: cuda:0
[ByzFL-SNN]   Validation samples: 12000 | Test samples: 10000
[ByzFL-SNN] Initial VRAM (Alloc/Reserved): 36.1/42.0 MiB
[ByzFL-SNN]   [Step 0/500] (0.0%) | Val Acc: 0.1542 | Test Acc: 0.1595 | VRAM (Alloc/Reserved): 44.3/64.0 MiB | Time: 4.2s
[ByzFL-SNN]   [Step 50/500] (10.0%) | Val Acc: 0.7692 | Test Acc: 0.7781 | VRAM (Alloc/Reserved): 94.0/600.0 MiB | Time: 134.6s
[ByzFL-SNN]   [Step 100/500] (20.0%) | Val Acc: 0.8839 | Test Acc: 0.8915 | VRAM (Alloc/Reserved): 94.3/600.0 MiB | Time: 271.7s
[ByzFL-SNN]   [Step 150/500] (30.0%) | Val Acc: 0.9099 | Test Acc: 0.9226 | VRAM (Alloc/Reserved): 93.7/600.0 MiB | Time: 409.9s
[ByzFL-SNN]   [Step 200/500] (40.0%) | Val Acc: 0.9464 | Test Acc: 0.9509 | VRAM (Alloc/Reserved): 93.5/600.0 MiB | Time: 543.1s
[ByzFL-SNN]   [Step 250/500] (50.0%) | Val Acc: 0.9571 | Test Acc: 0.9597 | VRAM (Alloc/Reserved): 94.3/600.0 MiB | Time: 679.0s
[ByzFL-SNN]   [Step 300/500] (60.0%) | Val Acc: 0.9602 | Test Acc: 0.9661 | VRAM (Alloc/Reserved): 93.0/600.0 MiB | Time: 812.7s
[ByzFL-SNN]   [Step 350/500] (70.0%) | Val Acc: 0.9621 | Test Acc: 0.9675 | VRAM (Alloc/Reserved): 94.3/600.0 MiB | Time: 950.7s
[ByzFL-SNN]   [Step 400/500] (80.0%) | Val Acc: 0.9563 | Test Acc: 0.9558 | VRAM (Alloc/Reserved): 93.4/600.0 MiB | Time: 1088.9s
[ByzFL-SNN]   [Step 450/500] (90.0%) | Val Acc: 0.9561 | Test Acc: 0.9592 | VRAM (Alloc/Reserved): 92.8/600.0 MiB | Time: 1230.0s
[ByzFL-SNN] [Training Complete] Peak VRAM (Alloc/Reserved): 377.0/600.0 MiB | Total time: 1365.2s

Training 115 done

[ByzFL-SNN] [Training Start] Model: cnn_mnist | Dataset: mnist
[ByzFL-SNN]   Aggregator: TrMean | Attack: Optimal_InnerProductManipulation
[ByzFL-SNN]   Distribution: gamma_similarity_niid (gamma=0.66)
[ByzFL-SNN]   Clients: 10 honest, 3 byzantine | Algorithm: DSGD
[ByzFL-SNN]   Learning Rate: 0.15 | Steps: 500 | Device: cuda:1
[ByzFL-SNN]   Validation samples: 12000 | Test samples: 10000
[ByzFL-SNN] Initial VRAM (Alloc/Reserved): 36.1/42.0 MiB
[ByzFL-SNN]   [Step 0/500] (0.0%) | Val Acc: 0.1542 | Test Acc: 0.1595 | VRAM (Alloc/Reserved): 44.3/64.0 MiB | Time: 3.7s
[ByzFL-SNN]   [Step 50/500] (10.0%) | Val Acc: 0.7588 | Test Acc: 0.7611 | VRAM (Alloc/Reserved): 93.7/600.0 MiB | Time: 132.6s
[ByzFL-SNN]   [Step 100/500] (20.0%) | Val Acc: 0.8968 | Test Acc: 0.9053 | VRAM (Alloc/Reserved): 94.3/600.0 MiB | Time: 253.2s
[ByzFL-SNN]   [Step 150/500] (30.0%) | Val Acc: 0.9186 | Test Acc: 0.9251 | VRAM (Alloc/Reserved): 94.6/600.0 MiB | Time: 368.7s
[ByzFL-SNN]   [Step 200/500] (40.0%) | Val Acc: 0.9457 | Test Acc: 0.9516 | VRAM (Alloc/Reserved): 93.9/600.0 MiB | Time: 487.1s
[ByzFL-SNN]   [Step 250/500] (50.0%) | Val Acc: 0.9522 | Test Acc: 0.9571 | VRAM (Alloc/Reserved): 94.3/600.0 MiB | Time: 608.9s
[ByzFL-SNN]   [Step 300/500] (60.0%) | Val Acc: 0.9344 | Test Acc: 0.9397 | VRAM (Alloc/Reserved): 94.5/600.0 MiB | Time: 721.0s
[ByzFL-SNN]   [Step 350/500] (70.0%) | Val Acc: 0.9602 | Test Acc: 0.9642 | VRAM (Alloc/Reserved): 94.4/600.0 MiB | Time: 832.2s
[ByzFL-SNN]   [Step 400/500] (80.0%) | Val Acc: 0.9678 | Test Acc: 0.9724 | VRAM (Alloc/Reserved): 94.4/600.0 MiB | Time: 942.0s
[ByzFL-SNN]   [Step 450/500] (90.0%) | Val Acc: 0.9676 | Test Acc: 0.9718 | VRAM (Alloc/Reserved): 93.7/600.0 MiB | Time: 1052.2s
[ByzFL-SNN] [Training Complete] Peak VRAM (Alloc/Reserved): 378.0/600.0 MiB | Total time: 1158.7s

Training 116 done

[ByzFL-SNN] [Training Start] Model: cnn_mnist | Dataset: mnist
[ByzFL-SNN]   Aggregator: TrMean | Attack: Optimal_InnerProductManipulation
[ByzFL-SNN]   Distribution: gamma_similarity_niid (gamma=0.66)
[ByzFL-SNN]   Clients: 10 honest, 3 byzantine | Algorithm: DSGD
[ByzFL-SNN]   Learning Rate: 0.15 | Steps: 500 | Device: cuda:0
[ByzFL-SNN]   Validation samples: 12000 | Test samples: 10000
[ByzFL-SNN] Initial VRAM (Alloc/Reserved): 36.1/42.0 MiB
[ByzFL-SNN]   [Step 0/500] (0.0%) | Val Acc: 0.1542 | Test Acc: 0.1595 | VRAM (Alloc/Reserved): 44.3/64.0 MiB | Time: 4.2s
[ByzFL-SNN]   [Step 50/500] (10.0%) | Val Acc: 0.7553 | Test Acc: 0.7637 | VRAM (Alloc/Reserved): 93.7/600.0 MiB | Time: 130.7s
[ByzFL-SNN]   [Step 100/500] (20.0%) | Val Acc: 0.8962 | Test Acc: 0.9032 | VRAM (Alloc/Reserved): 94.3/600.0 MiB | Time: 257.3s
[ByzFL-SNN]   [Step 150/500] (30.0%) | Val Acc: 0.9290 | Test Acc: 0.9361 | VRAM (Alloc/Reserved): 94.6/600.0 MiB | Time: 381.3s
[ByzFL-SNN]   [Step 200/500] (40.0%) | Val Acc: 0.9445 | Test Acc: 0.9500 | VRAM (Alloc/Reserved): 93.9/600.0 MiB | Time: 504.7s
[ByzFL-SNN]   [Step 250/500] (50.0%) | Val Acc: 0.9297 | Test Acc: 0.9363 | VRAM (Alloc/Reserved): 94.3/600.0 MiB | Time: 630.2s
[ByzFL-SNN]   [Step 300/500] (60.0%) | Val Acc: 0.9585 | Test Acc: 0.9632 | VRAM (Alloc/Reserved): 94.5/600.0 MiB | Time: 754.9s
[ByzFL-SNN]   [Step 350/500] (70.0%) | Val Acc: 0.9615 | Test Acc: 0.9661 | VRAM (Alloc/Reserved): 94.4/600.0 MiB | Time: 878.8s
[ByzFL-SNN]   [Step 400/500] (80.0%) | Val Acc: 0.9692 | Test Acc: 0.9740 | VRAM (Alloc/Reserved): 94.4/600.0 MiB | Time: 1004.5s
[ByzFL-SNN]   [Step 450/500] (90.0%) | Val Acc: 0.9722 | Test Acc: 0.9730 | VRAM (Alloc/Reserved): 93.7/600.0 MiB | Time: 1128.4s
[ByzFL-SNN] [Training Complete] Peak VRAM (Alloc/Reserved): 378.0/600.0 MiB | Total time: 1246.5s

Training 117 done

[ByzFL-SNN] [Training Start] Model: cnn_mnist | Dataset: mnist
[ByzFL-SNN]   Aggregator: MultiKrum | Attack: SignFlipping
[ByzFL-SNN]   Distribution: gamma_similarity_niid (gamma=0.33)
[ByzFL-SNN]   Clients: 10 honest, 3 byzantine | Algorithm: DSGD
[ByzFL-SNN]   Learning Rate: 0.15 | Steps: 500 | Device: cuda:0
[ByzFL-SNN]   Validation samples: 12000 | Test samples: 10000
[ByzFL-SNN] Initial VRAM (Alloc/Reserved): 36.1/42.0 MiB
[ByzFL-SNN]   [Step 0/500] (0.0%) | Val Acc: 0.1542 | Test Acc: 0.1595 | VRAM (Alloc/Reserved): 44.3/64.0 MiB | Time: 3.6s
[ByzFL-SNN]   [Step 50/500] (10.0%) | Val Acc: 0.1798 | Test Acc: 0.1847 | VRAM (Alloc/Reserved): 94.1/598.0 MiB | Time: 38.9s
[ByzFL-SNN]   [Step 100/500] (20.0%) | Val Acc: 0.5967 | Test Acc: 0.6151 | VRAM (Alloc/Reserved): 95.0/598.0 MiB | Time: 72.7s
[ByzFL-SNN]   [Step 150/500] (30.0%) | Val Acc: 0.1417 | Test Acc: 0.1402 | VRAM (Alloc/Reserved): 94.4/598.0 MiB | Time: 105.9s
[ByzFL-SNN]   [Step 200/500] (40.0%) | Val Acc: 0.1382 | Test Acc: 0.1380 | VRAM (Alloc/Reserved): 94.7/598.0 MiB | Time: 138.5s
[ByzFL-SNN]   [Step 250/500] (50.0%) | Val Acc: 0.0990 | Test Acc: 0.0980 | VRAM (Alloc/Reserved): 92.9/598.0 MiB | Time: 173.3s
[ByzFL-SNN]   [Step 300/500] (60.0%) | Val Acc: 0.1352 | Test Acc: 0.1322 | VRAM (Alloc/Reserved): 93.6/598.0 MiB | Time: 207.1s
[ByzFL-SNN]   [Step 350/500] (70.0%) | Val Acc: 0.1844 | Test Acc: 0.1810 | VRAM (Alloc/Reserved): 93.8/598.0 MiB | Time: 240.5s
[ByzFL-SNN]   [Step 400/500] (80.0%) | Val Acc: 0.1852 | Test Acc: 0.1821 | VRAM (Alloc/Reserved): 95.1/598.0 MiB | Time: 274.8s
[ByzFL-SNN]   [Step 450/500] (90.0%) | Val Acc: 0.1860 | Test Acc: 0.1827 | VRAM (Alloc/Reserved): 93.7/598.0 MiB | Time: 309.3s
[ByzFL-SNN] [Training Complete] Peak VRAM (Alloc/Reserved): 352.6/598.0 MiB | Total time: 338.7s

Training 118 done

[ByzFL-SNN] [Training Start] Model: cnn_mnist | Dataset: mnist
[ByzFL-SNN]   Aggregator: MultiKrum | Attack: SignFlipping
[ByzFL-SNN]   Distribution: gamma_similarity_niid (gamma=0.33)
[ByzFL-SNN]   Clients: 10 honest, 3 byzantine | Algorithm: DSGD
[ByzFL-SNN]   Learning Rate: 0.15 | Steps: 500 | Device: cuda:1
[ByzFL-SNN]   Validation samples: 12000 | Test samples: 10000
[ByzFL-SNN] Initial VRAM (Alloc/Reserved): 36.1/42.0 MiB
[ByzFL-SNN]   [Step 0/500] (0.0%) | Val Acc: 0.1542 | Test Acc: 0.1595 | VRAM (Alloc/Reserved): 44.3/64.0 MiB | Time: 3.5s
[ByzFL-SNN]   [Step 50/500] (10.0%) | Val Acc: 0.0877 | Test Acc: 0.0892 | VRAM (Alloc/Reserved): 94.1/598.0 MiB | Time: 35.0s
[ByzFL-SNN]   [Step 100/500] (20.0%) | Val Acc: 0.5658 | Test Acc: 0.5748 | VRAM (Alloc/Reserved): 95.0/598.0 MiB | Time: 66.1s
[ByzFL-SNN]   [Step 150/500] (30.0%) | Val Acc: 0.0877 | Test Acc: 0.0892 | VRAM (Alloc/Reserved): 94.4/598.0 MiB | Time: 97.0s
[ByzFL-SNN]   [Step 200/500] (40.0%) | Val Acc: 0.1133 | Test Acc: 0.1135 | VRAM (Alloc/Reserved): 94.7/598.0 MiB | Time: 128.1s
[ByzFL-SNN]   [Step 250/500] (50.0%) | Val Acc: 0.1037 | Test Acc: 0.1010 | VRAM (Alloc/Reserved): 92.9/598.0 MiB | Time: 159.7s
[ByzFL-SNN]   [Step 300/500] (60.0%) | Val Acc: 0.1039 | Test Acc: 0.1010 | VRAM (Alloc/Reserved): 93.6/598.0 MiB | Time: 191.4s
[ByzFL-SNN]   [Step 350/500] (70.0%) | Val Acc: 0.1037 | Test Acc: 0.1015 | VRAM (Alloc/Reserved): 93.8/598.0 MiB | Time: 221.9s
[ByzFL-SNN]   [Step 400/500] (80.0%) | Val Acc: 0.1037 | Test Acc: 0.1009 | VRAM (Alloc/Reserved): 95.1/598.0 MiB | Time: 253.0s
[ByzFL-SNN]   [Step 450/500] (90.0%) | Val Acc: 0.1058 | Test Acc: 0.1025 | VRAM (Alloc/Reserved): 93.7/598.0 MiB | Time: 284.0s
[ByzFL-SNN] [Training Complete] Peak VRAM (Alloc/Reserved): 352.6/598.0 MiB | Total time: 313.4s

Training 119 done

[ByzFL-SNN] [Training Start] Model: cnn_mnist | Dataset: mnist
[ByzFL-SNN]   Aggregator: MultiKrum | Attack: Optimal_ALittleIsEnough_neg1
[ByzFL-SNN]   Distribution: gamma_similarity_niid (gamma=0.66)
[ByzFL-SNN]   Clients: 10 honest, 3 byzantine | Algorithm: DSGD
[ByzFL-SNN]   Learning Rate: 0.15 | Steps: 500 | Device: cuda:1
[ByzFL-SNN]   Validation samples: 12000 | Test samples: 10000
[ByzFL-SNN] Initial VRAM (Alloc/Reserved): 36.1/42.0 MiB
[ByzFL-SNN]   [Step 0/500] (0.0%) | Val Acc: 0.1542 | Test Acc: 0.1595 | VRAM (Alloc/Reserved): 44.3/64.0 MiB | Time: 3.6s
[ByzFL-SNN]   [Step 50/500] (10.0%) | Val Acc: 0.6745 | Test Acc: 0.6843 | VRAM (Alloc/Reserved): 94.0/600.0 MiB | Time: 125.9s
[ByzFL-SNN]   [Step 100/500] (20.0%) | Val Acc: 0.8913 | Test Acc: 0.9073 | VRAM (Alloc/Reserved): 94.3/600.0 MiB | Time: 255.5s
[ByzFL-SNN]   [Step 150/500] (30.0%) | Val Acc: 0.9380 | Test Acc: 0.9492 | VRAM (Alloc/Reserved): 93.7/600.0 MiB | Time: 383.0s
[ByzFL-SNN]   [Step 200/500] (40.0%) | Val Acc: 0.9324 | Test Acc: 0.9389 | VRAM (Alloc/Reserved): 93.5/600.0 MiB | Time: 513.4s
[ByzFL-SNN]   [Step 250/500] (50.0%) | Val Acc: 0.9559 | Test Acc: 0.9624 | VRAM (Alloc/Reserved): 94.3/600.0 MiB | Time: 640.5s
[ByzFL-SNN]   [Step 300/500] (60.0%) | Val Acc: 0.9511 | Test Acc: 0.9539 | VRAM (Alloc/Reserved): 93.0/600.0 MiB | Time: 762.3s
[ByzFL-SNN]   [Step 350/500] (70.0%) | Val Acc: 0.9625 | Test Acc: 0.9704 | VRAM (Alloc/Reserved): 94.3/600.0 MiB | Time: 883.8s
[ByzFL-SNN]   [Step 400/500] (80.0%) | Val Acc: 0.9603 | Test Acc: 0.9690 | VRAM (Alloc/Reserved): 93.4/600.0 MiB | Time: 1000.9s
[ByzFL-SNN]   [Step 450/500] (90.0%) | Val Acc: 0.9463 | Test Acc: 0.9506 | VRAM (Alloc/Reserved): 92.8/600.0 MiB | Time: 1122.4s
[ByzFL-SNN] [Training Complete] Peak VRAM (Alloc/Reserved): 377.0/600.0 MiB | Total time: 1242.2s

Training 120 done

[ByzFL-SNN] [Training Start] Model: cnn_mnist | Dataset: mnist
[ByzFL-SNN]   Aggregator: GeometricMedian | Attack: SignFlipping
[ByzFL-SNN]   Distribution: gamma_similarity_niid (gamma=0.0)
[ByzFL-SNN]   Clients: 10 honest, 3 byzantine | Algorithm: DSGD
[ByzFL-SNN]   Learning Rate: 0.15 | Steps: 500 | Device: cuda:0
[ByzFL-SNN]   Validation samples: 12000 | Test samples: 10000
[ByzFL-SNN] Initial VRAM (Alloc/Reserved): 36.1/42.0 MiB
[ByzFL-SNN]   [Step 0/500] (0.0%) | Val Acc: 0.1542 | Test Acc: 0.1595 | VRAM (Alloc/Reserved): 44.3/64.0 MiB | Time: 3.7s
[ByzFL-SNN]   [Step 50/500] (10.0%) | Val Acc: 0.1457 | Test Acc: 0.1499 | VRAM (Alloc/Reserved): 93.7/596.0 MiB | Time: 39.3s
[ByzFL-SNN]   [Step 100/500] (20.0%) | Val Acc: 0.1449 | Test Acc: 0.1468 | VRAM (Alloc/Reserved): 94.4/596.0 MiB | Time: 73.3s
[ByzFL-SNN]   [Step 150/500] (30.0%) | Val Acc: 0.0990 | Test Acc: 0.0980 | VRAM (Alloc/Reserved): 95.0/596.0 MiB | Time: 106.0s
[ByzFL-SNN]   [Step 200/500] (40.0%) | Val Acc: 0.0990 | Test Acc: 0.0980 | VRAM (Alloc/Reserved): 94.7/596.0 MiB | Time: 138.6s
[ByzFL-SNN]   [Step 250/500] (50.0%) | Val Acc: 0.0990 | Test Acc: 0.0980 | VRAM (Alloc/Reserved): 94.0/596.0 MiB | Time: 171.6s
[ByzFL-SNN]   [Step 300/500] (60.0%) | Val Acc: 0.0990 | Test Acc: 0.0980 | VRAM (Alloc/Reserved): 94.8/596.0 MiB | Time: 202.7s
[ByzFL-SNN]   [Step 350/500] (70.0%) | Val Acc: 0.0990 | Test Acc: 0.0980 | VRAM (Alloc/Reserved): 94.1/596.0 MiB | Time: 232.5s
[ByzFL-SNN]   [Step 400/500] (80.0%) | Val Acc: 0.0990 | Test Acc: 0.0980 | VRAM (Alloc/Reserved): 94.7/596.0 MiB | Time: 264.5s
[ByzFL-SNN]   [Step 450/500] (90.0%) | Val Acc: 0.0990 | Test Acc: 0.0980 | VRAM (Alloc/Reserved): 94.4/596.0 MiB | Time: 297.4s
[ByzFL-SNN] [Training Complete] Peak VRAM (Alloc/Reserved): 352.6/596.0 MiB | Total time: 326.6s

Training 121 done

[ByzFL-SNN] [Training Start] Model: cnn_mnist | Dataset: mnist
[ByzFL-SNN]   Aggregator: MultiKrum | Attack: Optimal_InnerProductManipulation
[ByzFL-SNN]   Distribution: gamma_similarity_niid (gamma=0.66)
[ByzFL-SNN]   Clients: 10 honest, 3 byzantine | Algorithm: DSGD
[ByzFL-SNN]   Learning Rate: 0.15 | Steps: 500 | Device: cuda:1
[ByzFL-SNN]   Validation samples: 12000 | Test samples: 10000
[ByzFL-SNN] Initial VRAM (Alloc/Reserved): 36.1/42.0 MiB
[ByzFL-SNN]   [Step 0/500] (0.0%) | Val Acc: 0.1542 | Test Acc: 0.1595 | VRAM (Alloc/Reserved): 44.3/64.0 MiB | Time: 3.6s
[ByzFL-SNN]   [Step 50/500] (10.0%) | Val Acc: 0.6954 | Test Acc: 0.6932 | VRAM (Alloc/Reserved): 93.7/600.0 MiB | Time: 128.7s
[ByzFL-SNN]   [Step 100/500] (20.0%) | Val Acc: 0.8731 | Test Acc: 0.8831 | VRAM (Alloc/Reserved): 94.3/600.0 MiB | Time: 252.2s
[ByzFL-SNN]   [Step 150/500] (30.0%) | Val Acc: 0.9143 | Test Acc: 0.9211 | VRAM (Alloc/Reserved): 94.6/600.0 MiB | Time: 374.8s
[ByzFL-SNN]   [Step 200/500] (40.0%) | Val Acc: 0.9394 | Test Acc: 0.9433 | VRAM (Alloc/Reserved): 93.9/600.0 MiB | Time: 487.0s
[ByzFL-SNN]   [Step 250/500] (50.0%) | Val Acc: 0.9341 | Test Acc: 0.9407 | VRAM (Alloc/Reserved): 94.3/600.0 MiB | Time: 602.6s
[ByzFL-SNN]   [Step 300/500] (60.0%) | Val Acc: 0.9557 | Test Acc: 0.9598 | VRAM (Alloc/Reserved): 94.5/600.0 MiB | Time: 714.8s
[ByzFL-SNN]   [Step 350/500] (70.0%) | Val Acc: 0.9489 | Test Acc: 0.9545 | VRAM (Alloc/Reserved): 94.4/600.0 MiB | Time: 822.9s
[ByzFL-SNN]   [Step 400/500] (80.0%) | Val Acc: 0.9615 | Test Acc: 0.9660 | VRAM (Alloc/Reserved): 94.4/600.0 MiB | Time: 935.5s
[ByzFL-SNN]   [Step 450/500] (90.0%) | Val Acc: 0.9596 | Test Acc: 0.9644 | VRAM (Alloc/Reserved): 93.7/600.0 MiB | Time: 1050.1s
[ByzFL-SNN] [Training Complete] Peak VRAM (Alloc/Reserved): 378.0/600.0 MiB | Total time: 1157.9s

Training 122 done

[ByzFL-SNN] [Training Start] Model: cnn_mnist | Dataset: mnist
[ByzFL-SNN]   Aggregator: MultiKrum | Attack: Optimal_ALittleIsEnough_neg1
[ByzFL-SNN]   Distribution: gamma_similarity_niid (gamma=0.66)
[ByzFL-SNN]   Clients: 10 honest, 3 byzantine | Algorithm: DSGD
[ByzFL-SNN]   Learning Rate: 0.15 | Steps: 500 | Device: cuda:0
[ByzFL-SNN]   Validation samples: 12000 | Test samples: 10000
[ByzFL-SNN] Initial VRAM (Alloc/Reserved): 36.1/42.0 MiB
[ByzFL-SNN]   [Step 0/500] (0.0%) | Val Acc: 0.1542 | Test Acc: 0.1595 | VRAM (Alloc/Reserved): 44.3/64.0 MiB | Time: 3.7s
[ByzFL-SNN]   [Step 50/500] (10.0%) | Val Acc: 0.8574 | Test Acc: 0.8699 | VRAM (Alloc/Reserved): 94.0/600.0 MiB | Time: 135.2s
[ByzFL-SNN]   [Step 100/500] (20.0%) | Val Acc: 0.9237 | Test Acc: 0.9340 | VRAM (Alloc/Reserved): 94.3/600.0 MiB | Time: 267.8s
[ByzFL-SNN]   [Step 150/500] (30.0%) | Val Acc: 0.9267 | Test Acc: 0.9336 | VRAM (Alloc/Reserved): 93.7/600.0 MiB | Time: 404.0s
[ByzFL-SNN]   [Step 200/500] (40.0%) | Val Acc: 0.8979 | Test Acc: 0.9073 | VRAM (Alloc/Reserved): 93.5/600.0 MiB | Time: 538.2s
[ByzFL-SNN]   [Step 250/500] (50.0%) | Val Acc: 0.9646 | Test Acc: 0.9677 | VRAM (Alloc/Reserved): 94.3/600.0 MiB | Time: 678.5s
[ByzFL-SNN]   [Step 300/500] (60.0%) | Val Acc: 0.9407 | Test Acc: 0.9497 | VRAM (Alloc/Reserved): 93.0/600.0 MiB | Time: 816.3s
[ByzFL-SNN]   [Step 350/500] (70.0%) | Val Acc: 0.9594 | Test Acc: 0.9632 | VRAM (Alloc/Reserved): 94.3/600.0 MiB | Time: 957.5s
[ByzFL-SNN]   [Step 400/500] (80.0%) | Val Acc: 0.9601 | Test Acc: 0.9637 | VRAM (Alloc/Reserved): 93.4/600.0 MiB | Time: 1096.3s
[ByzFL-SNN]   [Step 450/500] (90.0%) | Val Acc: 0.9602 | Test Acc: 0.9664 | VRAM (Alloc/Reserved): 92.8/600.0 MiB | Time: 1231.2s
[ByzFL-SNN] [Training Complete] Peak VRAM (Alloc/Reserved): 377.0/600.0 MiB | Total time: 1364.6s

Training 123 done

[ByzFL-SNN] [Training Start] Model: cnn_mnist | Dataset: mnist
[ByzFL-SNN]   Aggregator: GeometricMedian | Attack: SignFlipping
[ByzFL-SNN]   Distribution: gamma_similarity_niid (gamma=0.0)
[ByzFL-SNN]   Clients: 10 honest, 3 byzantine | Algorithm: DSGD
[ByzFL-SNN]   Learning Rate: 0.15 | Steps: 500 | Device: cuda:1
[ByzFL-SNN]   Validation samples: 12000 | Test samples: 10000
[ByzFL-SNN] Initial VRAM (Alloc/Reserved): 36.1/42.0 MiB
[ByzFL-SNN]   [Step 0/500] (0.0%) | Val Acc: 0.1542 | Test Acc: 0.1595 | VRAM (Alloc/Reserved): 44.3/64.0 MiB | Time: 3.6s
[ByzFL-SNN]   [Step 50/500] (10.0%) | Val Acc: 0.1933 | Test Acc: 0.2094 | VRAM (Alloc/Reserved): 93.7/596.0 MiB | Time: 36.3s
[ByzFL-SNN]   [Step 100/500] (20.0%) | Val Acc: 0.0978 | Test Acc: 0.1009 | VRAM (Alloc/Reserved): 94.4/596.0 MiB | Time: 68.4s
[ByzFL-SNN]   [Step 150/500] (30.0%) | Val Acc: 0.0997 | Test Acc: 0.1032 | VRAM (Alloc/Reserved): 95.0/596.0 MiB | Time: 99.7s
[ByzFL-SNN]   [Step 200/500] (40.0%) | Val Acc: 0.0997 | Test Acc: 0.1032 | VRAM (Alloc/Reserved): 94.7/596.0 MiB | Time: 131.3s
[ByzFL-SNN]   [Step 250/500] (50.0%) | Val Acc: 0.0978 | Test Acc: 0.1009 | VRAM (Alloc/Reserved): 94.0/596.0 MiB | Time: 164.0s
[ByzFL-SNN]   [Step 300/500] (60.0%) | Val Acc: 0.1037 | Test Acc: 0.1010 | VRAM (Alloc/Reserved): 94.8/596.0 MiB | Time: 197.2s
[ByzFL-SNN]   [Step 350/500] (70.0%) | Val Acc: 0.1037 | Test Acc: 0.1010 | VRAM (Alloc/Reserved): 94.1/596.0 MiB | Time: 229.1s
[ByzFL-SNN]   [Step 400/500] (80.0%) | Val Acc: 0.1037 | Test Acc: 0.1010 | VRAM (Alloc/Reserved): 94.7/596.0 MiB | Time: 261.2s
[ByzFL-SNN]   [Step 450/500] (90.0%) | Val Acc: 0.1037 | Test Acc: 0.1010 | VRAM (Alloc/Reserved): 94.4/596.0 MiB | Time: 292.6s
[ByzFL-SNN] [Training Complete] Peak VRAM (Alloc/Reserved): 352.6/596.0 MiB | Total time: 320.5s

Training 124 done

[ByzFL-SNN] [Training Start] Model: cnn_mnist | Dataset: mnist
[ByzFL-SNN]   Aggregator: MultiKrum | Attack: Optimal_InnerProductManipulation
[ByzFL-SNN]   Distribution: gamma_similarity_niid (gamma=0.66)
[ByzFL-SNN]   Clients: 10 honest, 3 byzantine | Algorithm: DSGD
[ByzFL-SNN]   Learning Rate: 0.15 | Steps: 500 | Device: cuda:0
[ByzFL-SNN]   Validation samples: 12000 | Test samples: 10000
[ByzFL-SNN] Initial VRAM (Alloc/Reserved): 36.1/42.0 MiB
[ByzFL-SNN]   [Step 0/500] (0.0%) | Val Acc: 0.1542 | Test Acc: 0.1595 | VRAM (Alloc/Reserved): 44.3/64.0 MiB | Time: 3.7s
[ByzFL-SNN]   [Step 50/500] (10.0%) | Val Acc: 0.5343 | Test Acc: 0.5403 | VRAM (Alloc/Reserved): 93.7/600.0 MiB | Time: 138.4s
[ByzFL-SNN]   [Step 100/500] (20.0%) | Val Acc: 0.8865 | Test Acc: 0.8965 | VRAM (Alloc/Reserved): 94.3/600.0 MiB | Time: 268.4s
[ByzFL-SNN]   [Step 150/500] (30.0%) | Val Acc: 0.9230 | Test Acc: 0.9299 | VRAM (Alloc/Reserved): 94.6/600.0 MiB | Time: 391.5s
[ByzFL-SNN]   [Step 200/500] (40.0%) | Val Acc: 0.9290 | Test Acc: 0.9354 | VRAM (Alloc/Reserved): 93.9/600.0 MiB | Time: 520.2s
[ByzFL-SNN]   [Step 250/500] (50.0%) | Val Acc: 0.9530 | Test Acc: 0.9569 | VRAM (Alloc/Reserved): 94.3/600.0 MiB | Time: 646.5s
[ByzFL-SNN]   [Step 300/500] (60.0%) | Val Acc: 0.9540 | Test Acc: 0.9568 | VRAM (Alloc/Reserved): 94.5/600.0 MiB | Time: 771.4s
[ByzFL-SNN]   [Step 350/500] (70.0%) | Val Acc: 0.9483 | Test Acc: 0.9531 | VRAM (Alloc/Reserved): 94.4/600.0 MiB | Time: 897.2s
[ByzFL-SNN]   [Step 400/500] (80.0%) | Val Acc: 0.9635 | Test Acc: 0.9657 | VRAM (Alloc/Reserved): 94.4/600.0 MiB | Time: 1021.6s
[ByzFL-SNN]   [Step 450/500] (90.0%) | Val Acc: 0.9683 | Test Acc: 0.9711 | VRAM (Alloc/Reserved): 93.7/600.0 MiB | Time: 1143.2s
[ByzFL-SNN] [Training Complete] Peak VRAM (Alloc/Reserved): 378.0/600.0 MiB | Total time: 1265.0s

Training 125 done

[ByzFL-SNN] [Training Start] Model: cnn_mnist | Dataset: mnist
[ByzFL-SNN]   Aggregator: CenteredClipping | Attack: SignFlipping
[ByzFL-SNN]   Distribution: gamma_similarity_niid (gamma=0.0)
[ByzFL-SNN]   Clients: 10 honest, 3 byzantine | Algorithm: DSGD
[ByzFL-SNN]   Learning Rate: 0.15 | Steps: 500 | Device: cuda:1
[ByzFL-SNN]   Validation samples: 12000 | Test samples: 10000
[ByzFL-SNN] Initial VRAM (Alloc/Reserved): 36.1/42.0 MiB
[ByzFL-SNN]   [Step 0/500] (0.0%) | Val Acc: 0.1542 | Test Acc: 0.1595 | VRAM (Alloc/Reserved): 44.3/64.0 MiB | Time: 3.9s
[ByzFL-SNN]   [Step 50/500] (10.0%) | Val Acc: 0.1133 | Test Acc: 0.1135 | VRAM (Alloc/Reserved): 95.9/596.0 MiB | Time: 35.7s
[ByzFL-SNN]   [Step 100/500] (20.0%) | Val Acc: 0.1041 | Test Acc: 0.0997 | VRAM (Alloc/Reserved): 95.1/596.0 MiB | Time: 67.5s
[ByzFL-SNN]   [Step 150/500] (30.0%) | Val Acc: 0.0997 | Test Acc: 0.1032 | VRAM (Alloc/Reserved): 96.1/596.0 MiB | Time: 98.8s
[ByzFL-SNN]   [Step 200/500] (40.0%) | Val Acc: 0.0997 | Test Acc: 0.1032 | VRAM (Alloc/Reserved): 95.4/596.0 MiB | Time: 129.5s
[ByzFL-SNN]   [Step 250/500] (50.0%) | Val Acc: 0.1354 | Test Acc: 0.1360 | VRAM (Alloc/Reserved): 95.9/596.0 MiB | Time: 160.7s
[ByzFL-SNN]   [Step 300/500] (60.0%) | Val Acc: 0.1135 | Test Acc: 0.1138 | VRAM (Alloc/Reserved): 96.5/596.0 MiB | Time: 192.3s
[ByzFL-SNN]   [Step 350/500] (70.0%) | Val Acc: 0.1133 | Test Acc: 0.1135 | VRAM (Alloc/Reserved): 95.7/596.0 MiB | Time: 223.5s
[ByzFL-SNN]   [Step 400/500] (80.0%) | Val Acc: 0.0990 | Test Acc: 0.0980 | VRAM (Alloc/Reserved): 95.5/596.0 MiB | Time: 256.9s
[ByzFL-SNN]   [Step 450/500] (90.0%) | Val Acc: 0.0972 | Test Acc: 0.0958 | VRAM (Alloc/Reserved): 95.6/596.0 MiB | Time: 289.3s
[ByzFL-SNN] [Training Complete] Peak VRAM (Alloc/Reserved): 354.6/596.0 MiB | Total time: 318.7s

Training 126 done

[ByzFL-SNN] [Training Start] Model: cnn_mnist | Dataset: mnist
[ByzFL-SNN]   Aggregator: CenteredClipping | Attack: SignFlipping
[ByzFL-SNN]   Distribution: gamma_similarity_niid (gamma=0.0)
[ByzFL-SNN]   Clients: 10 honest, 3 byzantine | Algorithm: DSGD
[ByzFL-SNN]   Learning Rate: 0.15 | Steps: 500 | Device: cuda:0
[ByzFL-SNN]   Validation samples: 12000 | Test samples: 10000
[ByzFL-SNN] Initial VRAM (Alloc/Reserved): 36.1/42.0 MiB
[ByzFL-SNN]   [Step 0/500] (0.0%) | Val Acc: 0.1542 | Test Acc: 0.1595 | VRAM (Alloc/Reserved): 44.3/64.0 MiB | Time: 3.8s
[ByzFL-SNN]   [Step 50/500] (10.0%) | Val Acc: 0.1154 | Test Acc: 0.1167 | VRAM (Alloc/Reserved): 95.9/596.0 MiB | Time: 37.7s
[ByzFL-SNN]   [Step 100/500] (20.0%) | Val Acc: 0.1154 | Test Acc: 0.1169 | VRAM (Alloc/Reserved): 95.1/596.0 MiB | Time: 72.4s
[ByzFL-SNN]   [Step 150/500] (30.0%) | Val Acc: 0.1671 | Test Acc: 0.1757 | VRAM (Alloc/Reserved): 96.1/596.0 MiB | Time: 106.9s
[ByzFL-SNN]   [Step 200/500] (40.0%) | Val Acc: 0.3905 | Test Acc: 0.3843 | VRAM (Alloc/Reserved): 95.4/596.0 MiB | Time: 139.6s
[ByzFL-SNN]   [Step 250/500] (50.0%) | Val Acc: 0.1133 | Test Acc: 0.1135 | VRAM (Alloc/Reserved): 95.9/596.0 MiB | Time: 173.1s
[ByzFL-SNN]   [Step 300/500] (60.0%) | Val Acc: 0.1042 | Test Acc: 0.1073 | VRAM (Alloc/Reserved): 96.5/596.0 MiB | Time: 207.8s
[ByzFL-SNN]   [Step 350/500] (70.0%) | Val Acc: 0.1358 | Test Acc: 0.1327 | VRAM (Alloc/Reserved): 95.7/596.0 MiB | Time: 240.6s
[ByzFL-SNN]   [Step 400/500] (80.0%) | Val Acc: 0.1761 | Test Acc: 0.1732 | VRAM (Alloc/Reserved): 95.5/596.0 MiB | Time: 273.0s
[ByzFL-SNN]   [Step 450/500] (90.0%) | Val Acc: 0.2048 | Test Acc: 0.2022 | VRAM (Alloc/Reserved): 95.6/596.0 MiB | Time: 305.5s
[ByzFL-SNN] [Training Complete] Peak VRAM (Alloc/Reserved): 354.6/596.0 MiB | Total time: 335.1s

Training 127 done

[ByzFL-SNN] [Training Start] Model: cnn_mnist | Dataset: mnist
[ByzFL-SNN]   Aggregator: GeometricMedian | Attack: Optimal_ALittleIsEnough_neg1
[ByzFL-SNN]   Distribution: gamma_similarity_niid (gamma=0.33)
[ByzFL-SNN]   Clients: 10 honest, 3 byzantine | Algorithm: DSGD
[ByzFL-SNN]   Learning Rate: 0.15 | Steps: 500 | Device: cuda:1
[ByzFL-SNN]   Validation samples: 12000 | Test samples: 10000
[ByzFL-SNN] Initial VRAM (Alloc/Reserved): 36.1/42.0 MiB
[ByzFL-SNN]   [Step 0/500] (0.0%) | Val Acc: 0.1542 | Test Acc: 0.1595 | VRAM (Alloc/Reserved): 44.3/64.0 MiB | Time: 3.6s
[ByzFL-SNN]   [Step 50/500] (10.0%) | Val Acc: 0.1147 | Test Acc: 0.1176 | VRAM (Alloc/Reserved): 93.7/598.0 MiB | Time: 136.7s
[ByzFL-SNN]   [Step 100/500] (20.0%) | Val Acc: 0.3414 | Test Acc: 0.3400 | VRAM (Alloc/Reserved): 94.7/598.0 MiB | Time: 280.3s
[ByzFL-SNN]   [Step 150/500] (30.0%) | Val Acc: 0.5855 | Test Acc: 0.5835 | VRAM (Alloc/Reserved): 94.4/598.0 MiB | Time: 410.4s
[ByzFL-SNN]   [Step 200/500] (40.0%) | Val Acc: 0.6284 | Test Acc: 0.6325 | VRAM (Alloc/Reserved): 93.9/598.0 MiB | Time: 539.1s
[ByzFL-SNN]   [Step 250/500] (50.0%) | Val Acc: 0.7751 | Test Acc: 0.7856 | VRAM (Alloc/Reserved): 93.5/598.0 MiB | Time: 664.2s
[ByzFL-SNN]   [Step 300/500] (60.0%) | Val Acc: 0.5779 | Test Acc: 0.5890 | VRAM (Alloc/Reserved): 93.0/598.0 MiB | Time: 790.3s
[ByzFL-SNN]   [Step 350/500] (70.0%) | Val Acc: 0.2491 | Test Acc: 0.2583 | VRAM (Alloc/Reserved): 94.2/598.0 MiB | Time: 919.2s
[ByzFL-SNN]   [Step 400/500] (80.0%) | Val Acc: 0.4347 | Test Acc: 0.4408 | VRAM (Alloc/Reserved): 93.8/598.0 MiB | Time: 1051.4s
[ByzFL-SNN]   [Step 450/500] (90.0%) | Val Acc: 0.3077 | Test Acc: 0.3043 | VRAM (Alloc/Reserved): 94.9/598.0 MiB | Time: 1180.1s
[ByzFL-SNN] [Training Complete] Peak VRAM (Alloc/Reserved): 377.4/598.0 MiB | Total time: 1314.9s

Training 128 done

[ByzFL-SNN] [Training Start] Model: cnn_mnist | Dataset: mnist
[ByzFL-SNN]   Aggregator: GeometricMedian | Attack: Optimal_ALittleIsEnough_neg1
[ByzFL-SNN]   Distribution: gamma_similarity_niid (gamma=0.33)
[ByzFL-SNN]   Clients: 10 honest, 3 byzantine | Algorithm: DSGD
[ByzFL-SNN]   Learning Rate: 0.15 | Steps: 500 | Device: cuda:0
[ByzFL-SNN]   Validation samples: 12000 | Test samples: 10000
[ByzFL-SNN] Initial VRAM (Alloc/Reserved): 36.1/42.0 MiB
[ByzFL-SNN]   [Step 0/500] (0.0%) | Val Acc: 0.1542 | Test Acc: 0.1595 | VRAM (Alloc/Reserved): 44.3/64.0 MiB | Time: 4.3s
[ByzFL-SNN]   [Step 50/500] (10.0%) | Val Acc: 0.3446 | Test Acc: 0.3609 | VRAM (Alloc/Reserved): 93.7/598.0 MiB | Time: 142.1s
[ByzFL-SNN]   [Step 100/500] (20.0%) | Val Acc: 0.6301 | Test Acc: 0.6347 | VRAM (Alloc/Reserved): 94.7/598.0 MiB | Time: 279.2s
[ByzFL-SNN]   [Step 150/500] (30.0%) | Val Acc: 0.7862 | Test Acc: 0.8088 | VRAM (Alloc/Reserved): 94.4/598.0 MiB | Time: 421.7s
[ByzFL-SNN]   [Step 200/500] (40.0%) | Val Acc: 0.6171 | Test Acc: 0.6153 | VRAM (Alloc/Reserved): 93.9/598.0 MiB | Time: 564.4s
[ByzFL-SNN]   [Step 250/500] (50.0%) | Val Acc: 0.4857 | Test Acc: 0.4974 | VRAM (Alloc/Reserved): 93.5/598.0 MiB | Time: 713.0s
[ByzFL-SNN]   [Step 300/500] (60.0%) | Val Acc: 0.7264 | Test Acc: 0.7421 | VRAM (Alloc/Reserved): 93.0/598.0 MiB | Time: 857.0s
[ByzFL-SNN]   [Step 350/500] (70.0%) | Val Acc: 0.1368 | Test Acc: 0.1410 | VRAM (Alloc/Reserved): 94.2/598.0 MiB | Time: 998.1s
[ByzFL-SNN]   [Step 400/500] (80.0%) | Val Acc: 0.3760 | Test Acc: 0.3871 | VRAM (Alloc/Reserved): 93.8/598.0 MiB | Time: 1138.4s
[ByzFL-SNN]   [Step 450/500] (90.0%) | Val Acc: 0.3682 | Test Acc: 0.3745 | VRAM (Alloc/Reserved): 94.9/598.0 MiB | Time: 1274.8s
[ByzFL-SNN] [Training Complete] Peak VRAM (Alloc/Reserved): 377.4/598.0 MiB | Total time: 1401.2s

Training 129 done

[ByzFL-SNN] [Training Start] Model: cnn_mnist | Dataset: mnist
[ByzFL-SNN]   Aggregator: GeometricMedian | Attack: Optimal_InnerProductManipulation
[ByzFL-SNN]   Distribution: gamma_similarity_niid (gamma=0.33)
[ByzFL-SNN]   Clients: 10 honest, 3 byzantine | Algorithm: DSGD
[ByzFL-SNN]   Learning Rate: 0.15 | Steps: 500 | Device: cuda:1
[ByzFL-SNN]   Validation samples: 12000 | Test samples: 10000
[ByzFL-SNN] Initial VRAM (Alloc/Reserved): 36.1/42.0 MiB
[ByzFL-SNN]   [Step 0/500] (0.0%) | Val Acc: 0.1542 | Test Acc: 0.1595 | VRAM (Alloc/Reserved): 44.3/64.0 MiB | Time: 3.7s
[ByzFL-SNN]   [Step 50/500] (10.0%) | Val Acc: 0.1572 | Test Acc: 0.1644 | VRAM (Alloc/Reserved): 93.8/598.0 MiB | Time: 124.2s
[ByzFL-SNN]   [Step 100/500] (20.0%) | Val Acc: 0.5414 | Test Acc: 0.5459 | VRAM (Alloc/Reserved): 93.2/598.0 MiB | Time: 238.8s
[ByzFL-SNN]   [Step 150/500] (30.0%) | Val Acc: 0.7750 | Test Acc: 0.7807 | VRAM (Alloc/Reserved): 93.9/598.0 MiB | Time: 347.6s
[ByzFL-SNN]   [Step 200/500] (40.0%) | Val Acc: 0.0993 | Test Acc: 0.0982 | VRAM (Alloc/Reserved): 93.8/598.0 MiB | Time: 449.1s
[ByzFL-SNN]   [Step 250/500] (50.0%) | Val Acc: 0.0990 | Test Acc: 0.0980 | VRAM (Alloc/Reserved): 94.3/598.0 MiB | Time: 571.2s
[ByzFL-SNN]   [Step 300/500] (60.0%) | Val Acc: 0.0968 | Test Acc: 0.0982 | VRAM (Alloc/Reserved): 93.3/598.0 MiB | Time: 693.3s
[ByzFL-SNN]   [Step 350/500] (70.0%) | Val Acc: 0.0968 | Test Acc: 0.0982 | VRAM (Alloc/Reserved): 95.7/598.0 MiB | Time: 818.5s
[ByzFL-SNN]   [Step 400/500] (80.0%) | Val Acc: 0.0968 | Test Acc: 0.0982 | VRAM (Alloc/Reserved): 94.2/598.0 MiB | Time: 940.9s
[ByzFL-SNN]   [Step 450/500] (90.0%) | Val Acc: 0.0968 | Test Acc: 0.0982 | VRAM (Alloc/Reserved): 93.8/598.0 MiB | Time: 1067.2s
[ByzFL-SNN] [Training Complete] Peak VRAM (Alloc/Reserved): 380.3/598.0 MiB | Total time: 1189.4s

Training 130 done

[ByzFL-SNN] [Training Start] Model: cnn_mnist | Dataset: mnist
[ByzFL-SNN]   Aggregator: TrMean | Attack: SignFlipping
[ByzFL-SNN]   Distribution: gamma_similarity_niid (gamma=0.0)
[ByzFL-SNN]   Clients: 10 honest, 3 byzantine | Algorithm: DSGD
[ByzFL-SNN]   Learning Rate: 0.15 | Steps: 500 | Device: cuda:0
[ByzFL-SNN]   Validation samples: 12000 | Test samples: 10000
[ByzFL-SNN] Initial VRAM (Alloc/Reserved): 36.1/42.0 MiB
[ByzFL-SNN]   [Step 0/500] (0.0%) | Val Acc: 0.1542 | Test Acc: 0.1595 | VRAM (Alloc/Reserved): 44.3/64.0 MiB | Time: 3.9s
[ByzFL-SNN]   [Step 50/500] (10.0%) | Val Acc: 0.1557 | Test Acc: 0.1566 | VRAM (Alloc/Reserved): 94.1/596.0 MiB | Time: 39.9s
[ByzFL-SNN]   [Step 100/500] (20.0%) | Val Acc: 0.1135 | Test Acc: 0.1140 | VRAM (Alloc/Reserved): 95.0/596.0 MiB | Time: 74.4s
[ByzFL-SNN]   [Step 150/500] (30.0%) | Val Acc: 0.2118 | Test Acc: 0.2099 | VRAM (Alloc/Reserved): 94.4/596.0 MiB | Time: 107.9s
[ByzFL-SNN]   [Step 200/500] (40.0%) | Val Acc: 0.1456 | Test Acc: 0.1478 | VRAM (Alloc/Reserved): 94.7/596.0 MiB | Time: 140.6s
[ByzFL-SNN]   [Step 250/500] (50.0%) | Val Acc: 0.1133 | Test Acc: 0.1135 | VRAM (Alloc/Reserved): 92.9/596.0 MiB | Time: 174.5s
[ByzFL-SNN]   [Step 300/500] (60.0%) | Val Acc: 0.1133 | Test Acc: 0.1135 | VRAM (Alloc/Reserved): 93.6/596.0 MiB | Time: 208.6s
[ByzFL-SNN]   [Step 350/500] (70.0%) | Val Acc: 0.1037 | Test Acc: 0.1010 | VRAM (Alloc/Reserved): 93.8/596.0 MiB | Time: 244.5s
[ByzFL-SNN]   [Step 400/500] (80.0%) | Val Acc: 0.1037 | Test Acc: 0.1010 | VRAM (Alloc/Reserved): 95.1/596.0 MiB | Time: 278.6s
[ByzFL-SNN]   [Step 450/500] (90.0%) | Val Acc: 0.1133 | Test Acc: 0.1135 | VRAM (Alloc/Reserved): 93.7/596.0 MiB | Time: 314.0s
[ByzFL-SNN] [Training Complete] Peak VRAM (Alloc/Reserved): 352.6/596.0 MiB | Total time: 345.5s

Training 131 done

[ByzFL-SNN] [Training Start] Model: cnn_mnist | Dataset: mnist
[ByzFL-SNN]   Aggregator: CenteredClipping | Attack: Optimal_InnerProductManipulation
[ByzFL-SNN]   Distribution: gamma_similarity_niid (gamma=0.33)
[ByzFL-SNN]   Clients: 10 honest, 3 byzantine | Algorithm: DSGD
[ByzFL-SNN]   Learning Rate: 0.15 | Steps: 500 | Device: cuda:1
[ByzFL-SNN]   Validation samples: 12000 | Test samples: 10000
[ByzFL-SNN] Initial VRAM (Alloc/Reserved): 36.1/42.0 MiB
[ByzFL-SNN]   [Step 0/500] (0.0%) | Val Acc: 0.1542 | Test Acc: 0.1595 | VRAM (Alloc/Reserved): 44.3/64.0 MiB | Time: 3.6s
[ByzFL-SNN]   [Step 50/500] (10.0%) | Val Acc: 0.0972 | Test Acc: 0.0958 | VRAM (Alloc/Reserved): 98.0/598.0 MiB | Time: 112.8s
[ByzFL-SNN]   [Step 100/500] (20.0%) | Val Acc: 0.5557 | Test Acc: 0.5659 | VRAM (Alloc/Reserved): 97.7/598.0 MiB | Time: 228.4s
[ByzFL-SNN]   [Step 150/500] (30.0%) | Val Acc: 0.7868 | Test Acc: 0.7962 | VRAM (Alloc/Reserved): 97.2/598.0 MiB | Time: 339.6s
[ByzFL-SNN]   [Step 200/500] (40.0%) | Val Acc: 0.8154 | Test Acc: 0.8232 | VRAM (Alloc/Reserved): 97.4/598.0 MiB | Time: 446.3s
[ByzFL-SNN]   [Step 250/500] (50.0%) | Val Acc: 0.3478 | Test Acc: 0.3424 | VRAM (Alloc/Reserved): 97.2/598.0 MiB | Time: 552.7s
[ByzFL-SNN]   [Step 300/500] (60.0%) | Val Acc: 0.6234 | Test Acc: 0.6345 | VRAM (Alloc/Reserved): 98.2/598.0 MiB | Time: 663.0s
[ByzFL-SNN]   [Step 350/500] (70.0%) | Val Acc: 0.7422 | Test Acc: 0.7549 | VRAM (Alloc/Reserved): 97.7/598.0 MiB | Time: 771.3s
[ByzFL-SNN]   [Step 400/500] (80.0%) | Val Acc: 0.2283 | Test Acc: 0.2380 | VRAM (Alloc/Reserved): 96.4/598.0 MiB | Time: 879.7s
[ByzFL-SNN]   [Step 450/500] (90.0%) | Val Acc: 0.0877 | Test Acc: 0.0892 | VRAM (Alloc/Reserved): 99.1/598.0 MiB | Time: 993.1s
[ByzFL-SNN] [Training Complete] Peak VRAM (Alloc/Reserved): 381.7/598.0 MiB | Total time: 1110.0s

Training 132 done

[ByzFL-SNN] [Training Start] Model: cnn_mnist | Dataset: mnist
[ByzFL-SNN]   Aggregator: GeometricMedian | Attack: Optimal_InnerProductManipulation
[ByzFL-SNN]   Distribution: gamma_similarity_niid (gamma=0.33)
[ByzFL-SNN]   Clients: 10 honest, 3 byzantine | Algorithm: DSGD
[ByzFL-SNN]   Learning Rate: 0.15 | Steps: 500 | Device: cuda:0
[ByzFL-SNN]   Validation samples: 12000 | Test samples: 10000
[ByzFL-SNN] Initial VRAM (Alloc/Reserved): 36.1/42.0 MiB
[ByzFL-SNN]   [Step 0/500] (0.0%) | Val Acc: 0.1542 | Test Acc: 0.1595 | VRAM (Alloc/Reserved): 44.3/64.0 MiB | Time: 4.1s
[ByzFL-SNN]   [Step 50/500] (10.0%) | Val Acc: 0.2437 | Test Acc: 0.2487 | VRAM (Alloc/Reserved): 93.8/598.0 MiB | Time: 130.5s
[ByzFL-SNN]   [Step 100/500] (20.0%) | Val Acc: 0.2542 | Test Acc: 0.2562 | VRAM (Alloc/Reserved): 93.2/598.0 MiB | Time: 267.9s
[ByzFL-SNN]   [Step 150/500] (30.0%) | Val Acc: 0.6377 | Test Acc: 0.6424 | VRAM (Alloc/Reserved): 93.9/598.0 MiB | Time: 406.3s
[ByzFL-SNN]   [Step 200/500] (40.0%) | Val Acc: 0.1036 | Test Acc: 0.1009 | VRAM (Alloc/Reserved): 93.8/598.0 MiB | Time: 543.2s
[ByzFL-SNN]   [Step 250/500] (50.0%) | Val Acc: 0.1076 | Test Acc: 0.1005 | VRAM (Alloc/Reserved): 94.3/598.0 MiB | Time: 678.8s
[ByzFL-SNN]   [Step 300/500] (60.0%) | Val Acc: 0.1037 | Test Acc: 0.1010 | VRAM (Alloc/Reserved): 93.3/598.0 MiB | Time: 820.4s
[ByzFL-SNN]   [Step 350/500] (70.0%) | Val Acc: 0.0978 | Test Acc: 0.1009 | VRAM (Alloc/Reserved): 95.7/598.0 MiB | Time: 960.6s
[ByzFL-SNN]   [Step 400/500] (80.0%) | Val Acc: 0.0978 | Test Acc: 0.1009 | VRAM (Alloc/Reserved): 94.2/598.0 MiB | Time: 1092.2s
[ByzFL-SNN]   [Step 450/500] (90.0%) | Val Acc: 0.0978 | Test Acc: 0.1009 | VRAM (Alloc/Reserved): 93.8/598.0 MiB | Time: 1222.0s
[ByzFL-SNN] [Training Complete] Peak VRAM (Alloc/Reserved): 380.3/598.0 MiB | Total time: 1350.8s

Training 133 done

[ByzFL-SNN] [Training Start] Model: cnn_mnist | Dataset: mnist
[ByzFL-SNN]   Aggregator: TrMean | Attack: SignFlipping
[ByzFL-SNN]   Distribution: gamma_similarity_niid (gamma=0.0)
[ByzFL-SNN]   Clients: 10 honest, 3 byzantine | Algorithm: DSGD
[ByzFL-SNN]   Learning Rate: 0.15 | Steps: 500 | Device: cuda:1
[ByzFL-SNN]   Validation samples: 12000 | Test samples: 10000
[ByzFL-SNN] Initial VRAM (Alloc/Reserved): 36.1/42.0 MiB
[ByzFL-SNN]   [Step 0/500] (0.0%) | Val Acc: 0.1542 | Test Acc: 0.1595 | VRAM (Alloc/Reserved): 44.3/64.0 MiB | Time: 3.6s
[ByzFL-SNN]   [Step 50/500] (10.0%) | Val Acc: 0.1198 | Test Acc: 0.1203 | VRAM (Alloc/Reserved): 94.1/596.0 MiB | Time: 36.2s
[ByzFL-SNN]   [Step 100/500] (20.0%) | Val Acc: 0.2604 | Test Acc: 0.2633 | VRAM (Alloc/Reserved): 95.0/596.0 MiB | Time: 67.8s
[ByzFL-SNN]   [Step 150/500] (30.0%) | Val Acc: 0.1133 | Test Acc: 0.1135 | VRAM (Alloc/Reserved): 94.4/596.0 MiB | Time: 99.8s
[ByzFL-SNN]   [Step 200/500] (40.0%) | Val Acc: 0.1133 | Test Acc: 0.1135 | VRAM (Alloc/Reserved): 94.7/596.0 MiB | Time: 131.3s
[ByzFL-SNN]   [Step 250/500] (50.0%) | Val Acc: 0.0972 | Test Acc: 0.0958 | VRAM (Alloc/Reserved): 92.9/596.0 MiB | Time: 163.4s
[ByzFL-SNN]   [Step 300/500] (60.0%) | Val Acc: 0.1037 | Test Acc: 0.1010 | VRAM (Alloc/Reserved): 93.6/596.0 MiB | Time: 194.9s
[ByzFL-SNN]   [Step 350/500] (70.0%) | Val Acc: 0.1068 | Test Acc: 0.1028 | VRAM (Alloc/Reserved): 93.8/596.0 MiB | Time: 227.0s
[ByzFL-SNN]   [Step 400/500] (80.0%) | Val Acc: 0.0972 | Test Acc: 0.0958 | VRAM (Alloc/Reserved): 95.1/596.0 MiB | Time: 258.3s
[ByzFL-SNN]   [Step 450/500] (90.0%) | Val Acc: 0.1068 | Test Acc: 0.1028 | VRAM (Alloc/Reserved): 93.7/596.0 MiB | Time: 290.3s
[ByzFL-SNN] [Training Complete] Peak VRAM (Alloc/Reserved): 352.6/596.0 MiB | Total time: 319.6s

Training 134 done

[ByzFL-SNN] [Training Start] Model: cnn_mnist | Dataset: mnist
[ByzFL-SNN]   Aggregator: CenteredClipping | Attack: Optimal_ALittleIsEnough_neg1
[ByzFL-SNN]   Distribution: gamma_similarity_niid (gamma=0.33)
[ByzFL-SNN]   Clients: 10 honest, 3 byzantine | Algorithm: DSGD
[ByzFL-SNN]   Learning Rate: 0.15 | Steps: 500 | Device: cuda:1
[ByzFL-SNN]   Validation samples: 12000 | Test samples: 10000
[ByzFL-SNN] Initial VRAM (Alloc/Reserved): 36.1/42.0 MiB
[ByzFL-SNN]   [Step 0/500] (0.0%) | Val Acc: 0.1542 | Test Acc: 0.1595 | VRAM (Alloc/Reserved): 44.3/64.0 MiB | Time: 3.6s
[ByzFL-SNN]   [Step 50/500] (10.0%) | Val Acc: 0.4004 | Test Acc: 0.4098 | VRAM (Alloc/Reserved): 97.3/598.0 MiB | Time: 119.3s
[ByzFL-SNN]   [Step 100/500] (20.0%) | Val Acc: 0.5646 | Test Acc: 0.5715 | VRAM (Alloc/Reserved): 97.2/598.0 MiB | Time: 240.4s
[ByzFL-SNN]   [Step 150/500] (30.0%) | Val Acc: 0.7070 | Test Acc: 0.7253 | VRAM (Alloc/Reserved): 98.0/598.0 MiB | Time: 360.5s
[ByzFL-SNN]   [Step 200/500] (40.0%) | Val Acc: 0.6657 | Test Acc: 0.6725 | VRAM (Alloc/Reserved): 96.5/598.0 MiB | Time: 483.3s
[ByzFL-SNN]   [Step 250/500] (50.0%) | Val Acc: 0.2847 | Test Acc: 0.2835 | VRAM (Alloc/Reserved): 96.4/598.0 MiB | Time: 607.2s
[ByzFL-SNN]   [Step 300/500] (60.0%) | Val Acc: 0.6041 | Test Acc: 0.6152 | VRAM (Alloc/Reserved): 98.4/598.0 MiB | Time: 731.1s
[ByzFL-SNN]   [Step 350/500] (70.0%) | Val Acc: 0.6555 | Test Acc: 0.6636 | VRAM (Alloc/Reserved): 97.7/598.0 MiB | Time: 853.8s
[ByzFL-SNN]   [Step 400/500] (80.0%) | Val Acc: 0.3999 | Test Acc: 0.4066 | VRAM (Alloc/Reserved): 96.6/598.0 MiB | Time: 982.4s
[ByzFL-SNN]   [Step 450/500] (90.0%) | Val Acc: 0.6962 | Test Acc: 0.6998 | VRAM (Alloc/Reserved): 97.3/598.0 MiB | Time: 1103.1s
[ByzFL-SNN] [Training Complete] Peak VRAM (Alloc/Reserved): 381.8/598.0 MiB | Total time: 1219.9s

Training 135 done

[ByzFL-SNN] [Training Start] Model: cnn_mnist | Dataset: mnist
[ByzFL-SNN]   Aggregator: CenteredClipping | Attack: Optimal_InnerProductManipulation
[ByzFL-SNN]   Distribution: gamma_similarity_niid (gamma=0.33)
[ByzFL-SNN]   Clients: 10 honest, 3 byzantine | Algorithm: DSGD
[ByzFL-SNN]   Learning Rate: 0.15 | Steps: 500 | Device: cuda:0
[ByzFL-SNN]   Validation samples: 12000 | Test samples: 10000
[ByzFL-SNN] Initial VRAM (Alloc/Reserved): 36.1/42.0 MiB
[ByzFL-SNN]   [Step 0/500] (0.0%) | Val Acc: 0.1542 | Test Acc: 0.1595 | VRAM (Alloc/Reserved): 44.3/64.0 MiB | Time: 3.7s
[ByzFL-SNN]   [Step 50/500] (10.0%) | Val Acc: 0.0732 | Test Acc: 0.0764 | VRAM (Alloc/Reserved): 98.0/598.0 MiB | Time: 126.1s
[ByzFL-SNN]   [Step 100/500] (20.0%) | Val Acc: 0.3641 | Test Acc: 0.3721 | VRAM (Alloc/Reserved): 97.7/598.0 MiB | Time: 253.4s
[ByzFL-SNN]   [Step 150/500] (30.0%) | Val Acc: 0.8102 | Test Acc: 0.8181 | VRAM (Alloc/Reserved): 97.2/598.0 MiB | Time: 377.2s
[ByzFL-SNN]   [Step 200/500] (40.0%) | Val Acc: 0.8094 | Test Acc: 0.8175 | VRAM (Alloc/Reserved): 97.4/598.0 MiB | Time: 500.9s
[ByzFL-SNN]   [Step 250/500] (50.0%) | Val Acc: 0.7977 | Test Acc: 0.8090 | VRAM (Alloc/Reserved): 97.2/598.0 MiB | Time: 609.8s
[ByzFL-SNN]   [Step 300/500] (60.0%) | Val Acc: 0.7602 | Test Acc: 0.7728 | VRAM (Alloc/Reserved): 98.2/598.0 MiB | Time: 724.7s
[ByzFL-SNN]   [Step 350/500] (70.0%) | Val Acc: 0.1133 | Test Acc: 0.1135 | VRAM (Alloc/Reserved): 97.7/598.0 MiB | Time: 842.5s
[ByzFL-SNN]   [Step 400/500] (80.0%) | Val Acc: 0.2533 | Test Acc: 0.2622 | VRAM (Alloc/Reserved): 96.4/598.0 MiB | Time: 962.1s
[ByzFL-SNN]   [Step 450/500] (90.0%) | Val Acc: 0.3901 | Test Acc: 0.4015 | VRAM (Alloc/Reserved): 99.1/598.0 MiB | Time: 1093.0s
[ByzFL-SNN] [Training Complete] Peak VRAM (Alloc/Reserved): 381.7/598.0 MiB | Total time: 1215.6s

Training 136 done

[ByzFL-SNN] [Training Start] Model: cnn_mnist | Dataset: mnist
[ByzFL-SNN]   Aggregator: TrMean | Attack: Optimal_ALittleIsEnough_neg1
[ByzFL-SNN]   Distribution: gamma_similarity_niid (gamma=0.33)
[ByzFL-SNN]   Clients: 10 honest, 3 byzantine | Algorithm: DSGD
[ByzFL-SNN]   Learning Rate: 0.15 | Steps: 500 | Device: cuda:1
[ByzFL-SNN]   Validation samples: 12000 | Test samples: 10000
[ByzFL-SNN] Initial VRAM (Alloc/Reserved): 36.1/42.0 MiB
[ByzFL-SNN]   [Step 0/500] (0.0%) | Val Acc: 0.1542 | Test Acc: 0.1595 | VRAM (Alloc/Reserved): 44.3/64.0 MiB | Time: 4.0s
[ByzFL-SNN]   [Step 50/500] (10.0%) | Val Acc: 0.3566 | Test Acc: 0.3624 | VRAM (Alloc/Reserved): 94.0/598.0 MiB | Time: 125.4s
[ByzFL-SNN]   [Step 100/500] (20.0%) | Val Acc: 0.5767 | Test Acc: 0.5885 | VRAM (Alloc/Reserved): 94.3/598.0 MiB | Time: 254.4s
[ByzFL-SNN]   [Step 150/500] (30.0%) | Val Acc: 0.5047 | Test Acc: 0.5077 | VRAM (Alloc/Reserved): 93.7/598.0 MiB | Time: 374.3s
[ByzFL-SNN]   [Step 200/500] (40.0%) | Val Acc: 0.5613 | Test Acc: 0.5557 | VRAM (Alloc/Reserved): 93.5/598.0 MiB | Time: 499.5s
[ByzFL-SNN]   [Step 250/500] (50.0%) | Val Acc: 0.5879 | Test Acc: 0.5882 | VRAM (Alloc/Reserved): 94.3/598.0 MiB | Time: 627.4s
[ByzFL-SNN]   [Step 300/500] (60.0%) | Val Acc: 0.4335 | Test Acc: 0.4321 | VRAM (Alloc/Reserved): 93.0/598.0 MiB | Time: 752.0s
[ByzFL-SNN]   [Step 350/500] (70.0%) | Val Acc: 0.5453 | Test Acc: 0.5505 | VRAM (Alloc/Reserved): 94.3/598.0 MiB | Time: 882.3s
[ByzFL-SNN]   [Step 400/500] (80.0%) | Val Acc: 0.5502 | Test Acc: 0.5534 | VRAM (Alloc/Reserved): 93.4/598.0 MiB | Time: 1006.3s
[ByzFL-SNN]   [Step 450/500] (90.0%) | Val Acc: 0.4887 | Test Acc: 0.4859 | VRAM (Alloc/Reserved): 92.8/598.0 MiB | Time: 1130.2s
[ByzFL-SNN] [Training Complete] Peak VRAM (Alloc/Reserved): 377.0/598.0 MiB | Total time: 1247.9s

Training 137 done

[ByzFL-SNN] [Training Start] Model: cnn_mnist | Dataset: mnist
[ByzFL-SNN]   Aggregator: TrMean | Attack: Optimal_InnerProductManipulation
[ByzFL-SNN]   Distribution: gamma_similarity_niid (gamma=0.33)
[ByzFL-SNN]   Clients: 10 honest, 3 byzantine | Algorithm: DSGD
[ByzFL-SNN]   Learning Rate: 0.15 | Steps: 500 | Device: cuda:1
[ByzFL-SNN]   Validation samples: 12000 | Test samples: 10000
[ByzFL-SNN] Initial VRAM (Alloc/Reserved): 36.1/42.0 MiB
[ByzFL-SNN]   [Step 0/500] (0.0%) | Val Acc: 0.1542 | Test Acc: 0.1595 | VRAM (Alloc/Reserved): 44.3/64.0 MiB | Time: 3.5s
[ByzFL-SNN]   [Step 50/500] (10.0%) | Val Acc: 0.0978 | Test Acc: 0.1009 | VRAM (Alloc/Reserved): 93.7/598.0 MiB | Time: 111.0s
[ByzFL-SNN]   [Step 100/500] (20.0%) | Val Acc: 0.7375 | Test Acc: 0.7419 | VRAM (Alloc/Reserved): 94.3/598.0 MiB | Time: 221.3s
[ByzFL-SNN]   [Step 150/500] (30.0%) | Val Acc: 0.0997 | Test Acc: 0.1032 | VRAM (Alloc/Reserved): 94.6/598.0 MiB | Time: 328.0s
[ByzFL-SNN]   [Step 200/500] (40.0%) | Val Acc: 0.1290 | Test Acc: 0.1268 | VRAM (Alloc/Reserved): 93.9/598.0 MiB | Time: 448.5s
[ByzFL-SNN]   [Step 250/500] (50.0%) | Val Acc: 0.1627 | Test Acc: 0.1675 | VRAM (Alloc/Reserved): 94.3/598.0 MiB | Time: 567.3s
[ByzFL-SNN]   [Step 300/500] (60.0%) | Val Acc: 0.1796 | Test Acc: 0.1890 | VRAM (Alloc/Reserved): 94.5/598.0 MiB | Time: 691.4s
[ByzFL-SNN]   [Step 350/500] (70.0%) | Val Acc: 0.1890 | Test Acc: 0.1990 | VRAM (Alloc/Reserved): 94.4/598.0 MiB | Time: 816.5s
[ByzFL-SNN]   [Step 400/500] (80.0%) | Val Acc: 0.2260 | Test Acc: 0.2368 | VRAM (Alloc/Reserved): 94.4/598.0 MiB | Time: 931.7s
[ByzFL-SNN]   [Step 450/500] (90.0%) | Val Acc: 0.0968 | Test Acc: 0.0982 | VRAM (Alloc/Reserved): 93.7/598.0 MiB | Time: 1037.4s
[ByzFL-SNN] [Training Complete] Peak VRAM (Alloc/Reserved): 378.0/598.0 MiB | Total time: 1153.1s

Training 138 done

[ByzFL-SNN] [Training Start] Model: cnn_mnist | Dataset: mnist
[ByzFL-SNN]   Aggregator: CenteredClipping | Attack: Optimal_ALittleIsEnough_neg1
[ByzFL-SNN]   Distribution: gamma_similarity_niid (gamma=0.33)
[ByzFL-SNN]   Clients: 10 honest, 3 byzantine | Algorithm: DSGD
[ByzFL-SNN]   Learning Rate: 0.15 | Steps: 500 | Device: cuda:0
[ByzFL-SNN]   Validation samples: 12000 | Test samples: 10000
[ByzFL-SNN] Initial VRAM (Alloc/Reserved): 36.1/42.0 MiB
[ByzFL-SNN]   [Step 0/500] (0.0%) | Val Acc: 0.1542 | Test Acc: 0.1595 | VRAM (Alloc/Reserved): 44.3/64.0 MiB | Time: 3.7s
[ByzFL-SNN]   [Step 50/500] (10.0%) | Val Acc: 0.2477 | Test Acc: 0.2517 | VRAM (Alloc/Reserved): 97.3/598.0 MiB | Time: 137.0s
[ByzFL-SNN]   [Step 100/500] (20.0%) | Val Acc: 0.2304 | Test Acc: 0.2331 | VRAM (Alloc/Reserved): 97.2/598.0 MiB | Time: 275.7s
[ByzFL-SNN]   [Step 150/500] (30.0%) | Val Acc: 0.7370 | Test Acc: 0.7493 | VRAM (Alloc/Reserved): 98.0/598.0 MiB | Time: 419.1s
[ByzFL-SNN]   [Step 200/500] (40.0%) | Val Acc: 0.7989 | Test Acc: 0.8086 | VRAM (Alloc/Reserved): 96.5/598.0 MiB | Time: 560.8s
[ByzFL-SNN]   [Step 250/500] (50.0%) | Val Acc: 0.7728 | Test Acc: 0.7798 | VRAM (Alloc/Reserved): 96.4/598.0 MiB | Time: 697.9s
[ByzFL-SNN]   [Step 300/500] (60.0%) | Val Acc: 0.1369 | Test Acc: 0.1370 | VRAM (Alloc/Reserved): 98.4/598.0 MiB | Time: 838.2s
[ByzFL-SNN]   [Step 350/500] (70.0%) | Val Acc: 0.7137 | Test Acc: 0.7342 | VRAM (Alloc/Reserved): 97.7/598.0 MiB | Time: 969.9s
[ByzFL-SNN]   [Step 400/500] (80.0%) | Val Acc: 0.8154 | Test Acc: 0.8312 | VRAM (Alloc/Reserved): 96.6/598.0 MiB | Time: 1107.7s
[ByzFL-SNN]   [Step 450/500] (90.0%) | Val Acc: 0.7457 | Test Acc: 0.7571 | VRAM (Alloc/Reserved): 97.3/598.0 MiB | Time: 1244.5s
[ByzFL-SNN] [Training Complete] Peak VRAM (Alloc/Reserved): 381.8/598.0 MiB | Total time: 1382.4s

Training 139 done

[ByzFL-SNN] [Training Start] Model: cnn_mnist | Dataset: mnist
[ByzFL-SNN]   Aggregator: MultiKrum | Attack: SignFlipping
[ByzFL-SNN]   Distribution: gamma_similarity_niid (gamma=0.0)
[ByzFL-SNN]   Clients: 10 honest, 3 byzantine | Algorithm: DSGD
[ByzFL-SNN]   Learning Rate: 0.15 | Steps: 500 | Device: cuda:0
[ByzFL-SNN]   Validation samples: 12000 | Test samples: 10000
[ByzFL-SNN] Initial VRAM (Alloc/Reserved): 36.1/42.0 MiB
[ByzFL-SNN]   [Step 0/500] (0.0%) | Val Acc: 0.1542 | Test Acc: 0.1595 | VRAM (Alloc/Reserved): 44.3/64.0 MiB | Time: 3.7s
[ByzFL-SNN]   [Step 50/500] (10.0%) | Val Acc: 0.0909 | Test Acc: 0.0913 | VRAM (Alloc/Reserved): 94.1/596.0 MiB | Time: 38.9s
[ByzFL-SNN]   [Step 100/500] (20.0%) | Val Acc: 0.0997 | Test Acc: 0.1031 | VRAM (Alloc/Reserved): 95.0/596.0 MiB | Time: 73.1s
[ByzFL-SNN]   [Step 150/500] (30.0%) | Val Acc: 0.0968 | Test Acc: 0.0982 | VRAM (Alloc/Reserved): 94.4/596.0 MiB | Time: 107.1s
[ByzFL-SNN]   [Step 200/500] (40.0%) | Val Acc: 0.1133 | Test Acc: 0.1135 | VRAM (Alloc/Reserved): 94.7/596.0 MiB | Time: 139.7s
[ByzFL-SNN]   [Step 250/500] (50.0%) | Val Acc: 0.1037 | Test Acc: 0.1010 | VRAM (Alloc/Reserved): 92.9/596.0 MiB | Time: 175.1s
[ByzFL-SNN]   [Step 300/500] (60.0%) | Val Acc: 0.1037 | Test Acc: 0.1010 | VRAM (Alloc/Reserved): 93.6/596.0 MiB | Time: 209.9s
[ByzFL-SNN]   [Step 350/500] (70.0%) | Val Acc: 0.0968 | Test Acc: 0.0982 | VRAM (Alloc/Reserved): 93.8/596.0 MiB | Time: 244.6s
[ByzFL-SNN]   [Step 400/500] (80.0%) | Val Acc: 0.0989 | Test Acc: 0.0980 | VRAM (Alloc/Reserved): 95.1/596.0 MiB | Time: 278.6s
[ByzFL-SNN]   [Step 450/500] (90.0%) | Val Acc: 0.1037 | Test Acc: 0.1010 | VRAM (Alloc/Reserved): 93.7/596.0 MiB | Time: 313.8s
[ByzFL-SNN] [Training Complete] Peak VRAM (Alloc/Reserved): 352.6/596.0 MiB | Total time: 346.1s

Training 140 done

[ByzFL-SNN] [Training Start] Model: cnn_mnist | Dataset: mnist
[ByzFL-SNN]   Aggregator: TrMean | Attack: Optimal_ALittleIsEnough_neg1
[ByzFL-SNN]   Distribution: gamma_similarity_niid (gamma=0.33)
[ByzFL-SNN]   Clients: 10 honest, 3 byzantine | Algorithm: DSGD
[ByzFL-SNN]   Learning Rate: 0.15 | Steps: 500 | Device: cuda:0
[ByzFL-SNN]   Validation samples: 12000 | Test samples: 10000
[ByzFL-SNN] Initial VRAM (Alloc/Reserved): 36.1/42.0 MiB
[ByzFL-SNN]   [Step 0/500] (0.0%) | Val Acc: 0.1542 | Test Acc: 0.1595 | VRAM (Alloc/Reserved): 44.3/64.0 MiB | Time: 3.8s
[ByzFL-SNN]   [Step 50/500] (10.0%) | Val Acc: 0.2572 | Test Acc: 0.2533 | VRAM (Alloc/Reserved): 94.0/598.0 MiB | Time: 139.6s
[ByzFL-SNN]   [Step 100/500] (20.0%) | Val Acc: 0.1133 | Test Acc: 0.1135 | VRAM (Alloc/Reserved): 94.3/598.0 MiB | Time: 267.2s
[ByzFL-SNN]   [Step 150/500] (30.0%) | Val Acc: 0.4336 | Test Acc: 0.4410 | VRAM (Alloc/Reserved): 93.7/598.0 MiB | Time: 404.8s
[ByzFL-SNN]   [Step 200/500] (40.0%) | Val Acc: 0.3709 | Test Acc: 0.3765 | VRAM (Alloc/Reserved): 93.5/598.0 MiB | Time: 548.5s
[ByzFL-SNN]   [Step 250/500] (50.0%) | Val Acc: 0.3759 | Test Acc: 0.3813 | VRAM (Alloc/Reserved): 94.3/598.0 MiB | Time: 686.5s
[ByzFL-SNN]   [Step 300/500] (60.0%) | Val Acc: 0.2066 | Test Acc: 0.2022 | VRAM (Alloc/Reserved): 93.0/598.0 MiB | Time: 822.5s
[ByzFL-SNN]   [Step 350/500] (70.0%) | Val Acc: 0.2905 | Test Acc: 0.2813 | VRAM (Alloc/Reserved): 94.3/598.0 MiB | Time: 953.8s
[ByzFL-SNN]   [Step 400/500] (80.0%) | Val Acc: 0.4566 | Test Acc: 0.4653 | VRAM (Alloc/Reserved): 93.4/598.0 MiB | Time: 1086.6s
[ByzFL-SNN]   [Step 450/500] (90.0%) | Val Acc: 0.4743 | Test Acc: 0.4768 | VRAM (Alloc/Reserved): 92.8/598.0 MiB | Time: 1226.2s
[ByzFL-SNN] [Training Complete] Peak VRAM (Alloc/Reserved): 377.0/598.0 MiB | Total time: 1364.3s

Training 141 done

[ByzFL-SNN] [Training Start] Model: cnn_mnist | Dataset: mnist
[ByzFL-SNN]   Aggregator: MultiKrum | Attack: SignFlipping
[ByzFL-SNN]   Distribution: gamma_similarity_niid (gamma=0.0)
[ByzFL-SNN]   Clients: 10 honest, 3 byzantine | Algorithm: DSGD
[ByzFL-SNN]   Learning Rate: 0.15 | Steps: 500 | Device: cuda:1
[ByzFL-SNN]   Validation samples: 12000 | Test samples: 10000
[ByzFL-SNN] Initial VRAM (Alloc/Reserved): 36.1/42.0 MiB
[ByzFL-SNN]   [Step 0/500] (0.0%) | Val Acc: 0.1542 | Test Acc: 0.1595 | VRAM (Alloc/Reserved): 44.3/64.0 MiB | Time: 3.6s
[ByzFL-SNN]   [Step 50/500] (10.0%) | Val Acc: 0.1201 | Test Acc: 0.1202 | VRAM (Alloc/Reserved): 94.1/596.0 MiB | Time: 36.6s
[ByzFL-SNN]   [Step 100/500] (20.0%) | Val Acc: 0.2267 | Test Acc: 0.2353 | VRAM (Alloc/Reserved): 95.0/596.0 MiB | Time: 67.9s
[ByzFL-SNN]   [Step 150/500] (30.0%) | Val Acc: 0.0978 | Test Acc: 0.1009 | VRAM (Alloc/Reserved): 94.4/596.0 MiB | Time: 98.1s
[ByzFL-SNN]   [Step 200/500] (40.0%) | Val Acc: 0.1068 | Test Acc: 0.1028 | VRAM (Alloc/Reserved): 94.7/596.0 MiB | Time: 129.9s
[ByzFL-SNN]   [Step 250/500] (50.0%) | Val Acc: 0.1068 | Test Acc: 0.1028 | VRAM (Alloc/Reserved): 92.9/596.0 MiB | Time: 161.4s
[ByzFL-SNN]   [Step 300/500] (60.0%) | Val Acc: 0.0978 | Test Acc: 0.1009 | VRAM (Alloc/Reserved): 93.6/596.0 MiB | Time: 193.3s
[ByzFL-SNN]   [Step 350/500] (70.0%) | Val Acc: 0.1037 | Test Acc: 0.1010 | VRAM (Alloc/Reserved): 93.8/596.0 MiB | Time: 223.0s
[ByzFL-SNN]   [Step 400/500] (80.0%) | Val Acc: 0.1037 | Test Acc: 0.1010 | VRAM (Alloc/Reserved): 95.1/596.0 MiB | Time: 253.5s
[ByzFL-SNN]   [Step 450/500] (90.0%) | Val Acc: 0.1037 | Test Acc: 0.1010 | VRAM (Alloc/Reserved): 93.7/596.0 MiB | Time: 285.0s
[ByzFL-SNN] [Training Complete] Peak VRAM (Alloc/Reserved): 352.6/596.0 MiB | Total time: 313.3s

Training 142 done

[ByzFL-SNN] [Training Start] Model: cnn_mnist | Dataset: mnist
[ByzFL-SNN]   Aggregator: TrMean | Attack: Optimal_InnerProductManipulation
[ByzFL-SNN]   Distribution: gamma_similarity_niid (gamma=0.33)
[ByzFL-SNN]   Clients: 10 honest, 3 byzantine | Algorithm: DSGD
[ByzFL-SNN]   Learning Rate: 0.15 | Steps: 500 | Device: cuda:0
[ByzFL-SNN]   Validation samples: 12000 | Test samples: 10000
[ByzFL-SNN] Initial VRAM (Alloc/Reserved): 36.1/42.0 MiB
[ByzFL-SNN]   [Step 0/500] (0.0%) | Val Acc: 0.1542 | Test Acc: 0.1595 | VRAM (Alloc/Reserved): 44.3/64.0 MiB | Time: 3.7s
[ByzFL-SNN]   [Step 50/500] (10.0%) | Val Acc: 0.0864 | Test Acc: 0.0878 | VRAM (Alloc/Reserved): 93.7/598.0 MiB | Time: 130.8s
[ByzFL-SNN]   [Step 100/500] (20.0%) | Val Acc: 0.6002 | Test Acc: 0.6183 | VRAM (Alloc/Reserved): 94.3/598.0 MiB | Time: 261.9s
[ByzFL-SNN]   [Step 150/500] (30.0%) | Val Acc: 0.6923 | Test Acc: 0.7023 | VRAM (Alloc/Reserved): 94.6/598.0 MiB | Time: 383.2s
[ByzFL-SNN]   [Step 200/500] (40.0%) | Val Acc: 0.0968 | Test Acc: 0.0982 | VRAM (Alloc/Reserved): 93.9/598.0 MiB | Time: 499.4s
[ByzFL-SNN]   [Step 250/500] (50.0%) | Val Acc: 0.1840 | Test Acc: 0.1855 | VRAM (Alloc/Reserved): 94.3/598.0 MiB | Time: 626.7s
[ByzFL-SNN]   [Step 300/500] (60.0%) | Val Acc: 0.1903 | Test Acc: 0.1886 | VRAM (Alloc/Reserved): 94.5/598.0 MiB | Time: 764.0s
[ByzFL-SNN]   [Step 350/500] (70.0%) | Val Acc: 0.1847 | Test Acc: 0.1782 | VRAM (Alloc/Reserved): 94.4/598.0 MiB | Time: 902.5s
[ByzFL-SNN]   [Step 400/500] (80.0%) | Val Acc: 0.1828 | Test Acc: 0.1835 | VRAM (Alloc/Reserved): 94.4/598.0 MiB | Time: 1041.4s
[ByzFL-SNN]   [Step 450/500] (90.0%) | Val Acc: 0.1877 | Test Acc: 0.1801 | VRAM (Alloc/Reserved): 93.7/598.0 MiB | Time: 1184.4s
[ByzFL-SNN] [Training Complete] Peak VRAM (Alloc/Reserved): 378.0/598.0 MiB | Total time: 1324.8s

Training 143 done

[ByzFL-SNN] [Training Start] Model: cnn_mnist | Dataset: mnist
[ByzFL-SNN]   Aggregator: MultiKrum | Attack: Optimal_ALittleIsEnough_neg1
[ByzFL-SNN]   Distribution: gamma_similarity_niid (gamma=0.33)
[ByzFL-SNN]   Clients: 10 honest, 3 byzantine | Algorithm: DSGD
[ByzFL-SNN]   Learning Rate: 0.15 | Steps: 500 | Device: cuda:1
[ByzFL-SNN]   Validation samples: 12000 | Test samples: 10000
[ByzFL-SNN] Initial VRAM (Alloc/Reserved): 36.1/42.0 MiB
[ByzFL-SNN]   [Step 0/500] (0.0%) | Val Acc: 0.1542 | Test Acc: 0.1595 | VRAM (Alloc/Reserved): 44.3/64.0 MiB | Time: 4.0s
[ByzFL-SNN]   [Step 50/500] (10.0%) | Val Acc: 0.3567 | Test Acc: 0.3661 | VRAM (Alloc/Reserved): 94.0/598.0 MiB | Time: 123.1s
[ByzFL-SNN]   [Step 100/500] (20.0%) | Val Acc: 0.2439 | Test Acc: 0.2470 | VRAM (Alloc/Reserved): 94.3/598.0 MiB | Time: 254.9s
[ByzFL-SNN]   [Step 150/500] (30.0%) | Val Acc: 0.3248 | Test Acc: 0.3128 | VRAM (Alloc/Reserved): 93.7/598.0 MiB | Time: 381.7s
[ByzFL-SNN]   [Step 200/500] (40.0%) | Val Acc: 0.6245 | Test Acc: 0.6360 | VRAM (Alloc/Reserved): 93.5/598.0 MiB | Time: 502.8s
[ByzFL-SNN]   [Step 250/500] (50.0%) | Val Acc: 0.5821 | Test Acc: 0.5970 | VRAM (Alloc/Reserved): 94.3/598.0 MiB | Time: 630.0s
[ByzFL-SNN]   [Step 300/500] (60.0%) | Val Acc: 0.6415 | Test Acc: 0.6581 | VRAM (Alloc/Reserved): 93.0/598.0 MiB | Time: 755.8s
[ByzFL-SNN]   [Step 350/500] (70.0%) | Val Acc: 0.4817 | Test Acc: 0.4844 | VRAM (Alloc/Reserved): 94.3/598.0 MiB | Time: 878.6s
[ByzFL-SNN]   [Step 400/500] (80.0%) | Val Acc: 0.5447 | Test Acc: 0.5429 | VRAM (Alloc/Reserved): 93.4/598.0 MiB | Time: 997.1s
[ByzFL-SNN]   [Step 450/500] (90.0%) | Val Acc: 0.4791 | Test Acc: 0.4698 | VRAM (Alloc/Reserved): 92.8/598.0 MiB | Time: 1112.5s
[ByzFL-SNN] [Training Complete] Peak VRAM (Alloc/Reserved): 377.0/598.0 MiB | Total time: 1232.0s

Training 144 done

[ByzFL-SNN] [Training Start] Model: cnn_mnist | Dataset: mnist
[ByzFL-SNN]   Aggregator: MultiKrum | Attack: Optimal_ALittleIsEnough_neg1
[ByzFL-SNN]   Distribution: gamma_similarity_niid (gamma=0.33)
[ByzFL-SNN]   Clients: 10 honest, 3 byzantine | Algorithm: DSGD
[ByzFL-SNN]   Learning Rate: 0.15 | Steps: 500 | Device: cuda:0
[ByzFL-SNN]   Validation samples: 12000 | Test samples: 10000
[ByzFL-SNN] Initial VRAM (Alloc/Reserved): 36.1/42.0 MiB
[ByzFL-SNN]   [Step 0/500] (0.0%) | Val Acc: 0.1542 | Test Acc: 0.1595 | VRAM (Alloc/Reserved): 44.3/64.0 MiB | Time: 3.6s
[ByzFL-SNN]   [Step 50/500] (10.0%) | Val Acc: 0.1881 | Test Acc: 0.1821 | VRAM (Alloc/Reserved): 94.0/598.0 MiB | Time: 143.6s
[ByzFL-SNN]   [Step 100/500] (20.0%) | Val Acc: 0.4923 | Test Acc: 0.5066 | VRAM (Alloc/Reserved): 94.3/598.0 MiB | Time: 292.5s
[ByzFL-SNN]   [Step 150/500] (30.0%) | Val Acc: 0.3797 | Test Acc: 0.3927 | VRAM (Alloc/Reserved): 93.7/598.0 MiB | Time: 429.4s
[ByzFL-SNN]   [Step 200/500] (40.0%) | Val Acc: 0.6670 | Test Acc: 0.6788 | VRAM (Alloc/Reserved): 93.5/598.0 MiB | Time: 570.2s
[ByzFL-SNN]   [Step 250/500] (50.0%) | Val Acc: 0.5843 | Test Acc: 0.5864 | VRAM (Alloc/Reserved): 94.3/598.0 MiB | Time: 704.1s
[ByzFL-SNN]   [Step 300/500] (60.0%) | Val Acc: 0.6409 | Test Acc: 0.6581 | VRAM (Alloc/Reserved): 93.0/598.0 MiB | Time: 837.5s
[ByzFL-SNN]   [Step 350/500] (70.0%) | Val Acc: 0.4934 | Test Acc: 0.4957 | VRAM (Alloc/Reserved): 94.3/598.0 MiB | Time: 974.2s
[ByzFL-SNN]   [Step 400/500] (80.0%) | Val Acc: 0.2518 | Test Acc: 0.2608 | VRAM (Alloc/Reserved): 93.4/598.0 MiB | Time: 1116.0s
[ByzFL-SNN]   [Step 450/500] (90.0%) | Val Acc: 0.1113 | Test Acc: 0.1170 | VRAM (Alloc/Reserved): 92.8/598.0 MiB | Time: 1260.2s
[ByzFL-SNN] [Training Complete] Peak VRAM (Alloc/Reserved): 377.0/598.0 MiB | Total time: 1396.1s

Training 145 done

[ByzFL-SNN] [Training Start] Model: cnn_mnist | Dataset: mnist
[ByzFL-SNN]   Aggregator: MultiKrum | Attack: Optimal_InnerProductManipulation
[ByzFL-SNN]   Distribution: gamma_similarity_niid (gamma=0.33)
[ByzFL-SNN]   Clients: 10 honest, 3 byzantine | Algorithm: DSGD
[ByzFL-SNN]   Learning Rate: 0.15 | Steps: 500 | Device: cuda:1
[ByzFL-SNN]   Validation samples: 12000 | Test samples: 10000
[ByzFL-SNN] Initial VRAM (Alloc/Reserved): 36.1/42.0 MiB
[ByzFL-SNN]   [Step 0/500] (0.0%) | Val Acc: 0.1542 | Test Acc: 0.1595 | VRAM (Alloc/Reserved): 44.3/64.0 MiB | Time: 3.5s
[ByzFL-SNN]   [Step 50/500] (10.0%) | Val Acc: 0.1168 | Test Acc: 0.1153 | VRAM (Alloc/Reserved): 93.7/598.0 MiB | Time: 123.6s
[ByzFL-SNN]   [Step 100/500] (20.0%) | Val Acc: 0.1035 | Test Acc: 0.1003 | VRAM (Alloc/Reserved): 94.3/598.0 MiB | Time: 250.1s
[ByzFL-SNN]   [Step 150/500] (30.0%) | Val Acc: 0.1533 | Test Acc: 0.1503 | VRAM (Alloc/Reserved): 94.6/598.0 MiB | Time: 374.0s
[ByzFL-SNN]   [Step 200/500] (40.0%) | Val Acc: 0.2708 | Test Acc: 0.2706 | VRAM (Alloc/Reserved): 93.9/598.0 MiB | Time: 484.2s
[ByzFL-SNN]   [Step 250/500] (50.0%) | Val Acc: 0.1037 | Test Acc: 0.1010 | VRAM (Alloc/Reserved): 94.3/598.0 MiB | Time: 606.5s
[ByzFL-SNN]   [Step 300/500] (60.0%) | Val Acc: 0.1726 | Test Acc: 0.1646 | VRAM (Alloc/Reserved): 94.5/598.0 MiB | Time: 726.6s
[ByzFL-SNN]   [Step 350/500] (70.0%) | Val Acc: 0.1522 | Test Acc: 0.1532 | VRAM (Alloc/Reserved): 94.4/598.0 MiB | Time: 856.2s
[ByzFL-SNN]   [Step 400/500] (80.0%) | Val Acc: 0.1898 | Test Acc: 0.1887 | VRAM (Alloc/Reserved): 94.4/598.0 MiB | Time: 980.5s
[ByzFL-SNN]   [Step 450/500] (90.0%) | Val Acc: 0.1815 | Test Acc: 0.1838 | VRAM (Alloc/Reserved): 93.7/598.0 MiB | Time: 1102.8s
[ByzFL-SNN] [Training Complete] Peak VRAM (Alloc/Reserved): 378.0/598.0 MiB | Total time: 1226.4s

Training 146 done

[ByzFL-SNN] [Training Start] Model: cnn_mnist | Dataset: mnist
[ByzFL-SNN]   Aggregator: GeometricMedian | Attack: Optimal_ALittleIsEnough_neg1
[ByzFL-SNN]   Distribution: gamma_similarity_niid (gamma=0.0)
[ByzFL-SNN]   Clients: 10 honest, 3 byzantine | Algorithm: DSGD
[ByzFL-SNN]   Learning Rate: 0.15 | Steps: 500 | Device: cuda:1
[ByzFL-SNN]   Validation samples: 12000 | Test samples: 10000
[ByzFL-SNN] Initial VRAM (Alloc/Reserved): 36.1/42.0 MiB
[ByzFL-SNN]   [Step 0/500] (0.0%) | Val Acc: 0.1542 | Test Acc: 0.1595 | VRAM (Alloc/Reserved): 44.3/64.0 MiB | Time: 3.6s
[ByzFL-SNN]   [Step 50/500] (10.0%) | Val Acc: 0.0981 | Test Acc: 0.0974 | VRAM (Alloc/Reserved): 93.7/596.0 MiB | Time: 127.8s
[ByzFL-SNN]   [Step 100/500] (20.0%) | Val Acc: 0.2385 | Test Acc: 0.2364 | VRAM (Alloc/Reserved): 94.7/596.0 MiB | Time: 263.8s
[ByzFL-SNN]   [Step 150/500] (30.0%) | Val Acc: 0.1037 | Test Acc: 0.1010 | VRAM (Alloc/Reserved): 94.4/596.0 MiB | Time: 382.2s
[ByzFL-SNN]   [Step 200/500] (40.0%) | Val Acc: 0.1037 | Test Acc: 0.1010 | VRAM (Alloc/Reserved): 93.9/596.0 MiB | Time: 505.3s
[ByzFL-SNN]   [Step 250/500] (50.0%) | Val Acc: 0.0972 | Test Acc: 0.0958 | VRAM (Alloc/Reserved): 93.5/596.0 MiB | Time: 630.4s
[ByzFL-SNN]   [Step 300/500] (60.0%) | Val Acc: 0.0972 | Test Acc: 0.0958 | VRAM (Alloc/Reserved): 93.0/596.0 MiB | Time: 746.7s
[ByzFL-SNN]   [Step 350/500] (70.0%) | Val Acc: 0.0968 | Test Acc: 0.0982 | VRAM (Alloc/Reserved): 94.2/596.0 MiB | Time: 862.7s
[ByzFL-SNN]   [Step 400/500] (80.0%) | Val Acc: 0.0990 | Test Acc: 0.0980 | VRAM (Alloc/Reserved): 93.8/596.0 MiB | Time: 974.6s
[ByzFL-SNN]   [Step 450/500] (90.0%) | Val Acc: 0.0981 | Test Acc: 0.0974 | VRAM (Alloc/Reserved): 94.9/596.0 MiB | Time: 1086.9s
[ByzFL-SNN] [Training Complete] Peak VRAM (Alloc/Reserved): 377.4/596.0 MiB | Total time: 1199.0s

Training 147 done

[ByzFL-SNN] [Training Start] Model: cnn_mnist | Dataset: mnist
[ByzFL-SNN]   Aggregator: GeometricMedian | Attack: SignFlipping
[ByzFL-SNN]   Distribution: gamma_similarity_niid (gamma=1.0)
[ByzFL-SNN]   Clients: 10 honest, 4 byzantine | Algorithm: DSGD
[ByzFL-SNN]   Learning Rate: 0.15 | Steps: 500 | Device: cuda:0
[ByzFL-SNN]   Validation samples: 12000 | Test samples: 10000
[ByzFL-SNN] Initial VRAM (Alloc/Reserved): 36.1/42.0 MiB
[ByzFL-SNN]   [Step 0/500] (0.0%) | Val Acc: 0.1542 | Test Acc: 0.1595 | VRAM (Alloc/Reserved): 44.3/64.0 MiB | Time: 3.8s
[ByzFL-SNN]   [Step 50/500] (10.0%) | Val Acc: 0.8602 | Test Acc: 0.8789 | VRAM (Alloc/Reserved): 93.7/620.0 MiB | Time: 38.2s
[ByzFL-SNN]   [Step 100/500] (20.0%) | Val Acc: 0.9367 | Test Acc: 0.9415 | VRAM (Alloc/Reserved): 94.4/620.0 MiB | Time: 73.0s
[ByzFL-SNN]   [Step 150/500] (30.0%) | Val Acc: 0.9491 | Test Acc: 0.9537 | VRAM (Alloc/Reserved): 95.0/620.0 MiB | Time: 109.9s
[ByzFL-SNN]   [Step 200/500] (40.0%) | Val Acc: 0.9535 | Test Acc: 0.9595 | VRAM (Alloc/Reserved): 94.7/620.0 MiB | Time: 146.2s
[ByzFL-SNN]   [Step 250/500] (50.0%) | Val Acc: 0.9591 | Test Acc: 0.9638 | VRAM (Alloc/Reserved): 94.0/620.0 MiB | Time: 181.4s
[ByzFL-SNN]   [Step 300/500] (60.0%) | Val Acc: 0.9631 | Test Acc: 0.9675 | VRAM (Alloc/Reserved): 94.8/620.0 MiB | Time: 215.4s
[ByzFL-SNN]   [Step 350/500] (70.0%) | Val Acc: 0.9649 | Test Acc: 0.9681 | VRAM (Alloc/Reserved): 94.1/620.0 MiB | Time: 249.4s
[ByzFL-SNN]   [Step 400/500] (80.0%) | Val Acc: 0.9679 | Test Acc: 0.9720 | VRAM (Alloc/Reserved): 94.7/620.0 MiB | Time: 285.2s
[ByzFL-SNN]   [Step 450/500] (90.0%) | Val Acc: 0.9696 | Test Acc: 0.9744 | VRAM (Alloc/Reserved): 94.4/620.0 MiB | Time: 321.1s
[ByzFL-SNN] [Training Complete] Peak VRAM (Alloc/Reserved): 372.1/620.0 MiB | Total time: 353.3s

Training 148 done

[ByzFL-SNN] [Training Start] Model: cnn_mnist | Dataset: mnist
[ByzFL-SNN]   Aggregator: GeometricMedian | Attack: SignFlipping
[ByzFL-SNN]   Distribution: gamma_similarity_niid (gamma=1.0)
[ByzFL-SNN]   Clients: 10 honest, 4 byzantine | Algorithm: DSGD
[ByzFL-SNN]   Learning Rate: 0.15 | Steps: 500 | Device: cuda:1
[ByzFL-SNN]   Validation samples: 12000 | Test samples: 10000
[ByzFL-SNN] Initial VRAM (Alloc/Reserved): 36.1/42.0 MiB
[ByzFL-SNN]   [Step 0/500] (0.0%) | Val Acc: 0.1542 | Test Acc: 0.1595 | VRAM (Alloc/Reserved): 44.3/64.0 MiB | Time: 3.5s
[ByzFL-SNN]   [Step 50/500] (10.0%) | Val Acc: 0.8489 | Test Acc: 0.8547 | VRAM (Alloc/Reserved): 93.7/620.0 MiB | Time: 32.9s
[ByzFL-SNN]   [Step 100/500] (20.0%) | Val Acc: 0.9210 | Test Acc: 0.9298 | VRAM (Alloc/Reserved): 94.4/620.0 MiB | Time: 64.0s
[ByzFL-SNN]   [Step 150/500] (30.0%) | Val Acc: 0.9410 | Test Acc: 0.9472 | VRAM (Alloc/Reserved): 95.0/620.0 MiB | Time: 95.4s
[ByzFL-SNN]   [Step 200/500] (40.0%) | Val Acc: 0.9477 | Test Acc: 0.9527 | VRAM (Alloc/Reserved): 94.7/620.0 MiB | Time: 127.0s
[ByzFL-SNN]   [Step 250/500] (50.0%) | Val Acc: 0.9565 | Test Acc: 0.9612 | VRAM (Alloc/Reserved): 94.0/620.0 MiB | Time: 159.9s
[ByzFL-SNN]   [Step 300/500] (60.0%) | Val Acc: 0.9581 | Test Acc: 0.9651 | VRAM (Alloc/Reserved): 94.8/620.0 MiB | Time: 192.9s
[ByzFL-SNN]   [Step 350/500] (70.0%) | Val Acc: 0.9623 | Test Acc: 0.9674 | VRAM (Alloc/Reserved): 94.1/620.0 MiB | Time: 224.6s
[ByzFL-SNN]   [Step 400/500] (80.0%) | Val Acc: 0.9657 | Test Acc: 0.9714 | VRAM (Alloc/Reserved): 94.7/620.0 MiB | Time: 256.3s
[ByzFL-SNN]   [Step 450/500] (90.0%) | Val Acc: 0.9683 | Test Acc: 0.9706 | VRAM (Alloc/Reserved): 94.4/620.0 MiB | Time: 287.7s
[ByzFL-SNN] [Training Complete] Peak VRAM (Alloc/Reserved): 372.1/620.0 MiB | Total time: 316.8s

Training 149 done

[ByzFL-SNN] [Training Start] Model: cnn_mnist | Dataset: mnist
[ByzFL-SNN]   Aggregator: GeometricMedian | Attack: Optimal_InnerProductManipulation
[ByzFL-SNN]   Distribution: gamma_similarity_niid (gamma=0.0)
[ByzFL-SNN]   Clients: 10 honest, 3 byzantine | Algorithm: DSGD
[ByzFL-SNN]   Learning Rate: 0.15 | Steps: 500 | Device: cuda:1
[ByzFL-SNN]   Validation samples: 12000 | Test samples: 10000
[ByzFL-SNN] Initial VRAM (Alloc/Reserved): 36.1/42.0 MiB
[ByzFL-SNN]   [Step 0/500] (0.0%) | Val Acc: 0.1542 | Test Acc: 0.1595 | VRAM (Alloc/Reserved): 44.3/64.0 MiB | Time: 3.5s
[ByzFL-SNN]   [Step 50/500] (10.0%) | Val Acc: 0.1667 | Test Acc: 0.1793 | VRAM (Alloc/Reserved): 93.8/596.0 MiB | Time: 129.4s
[ByzFL-SNN]   [Step 100/500] (20.0%) | Val Acc: 0.0981 | Test Acc: 0.0974 | VRAM (Alloc/Reserved): 93.2/596.0 MiB | Time: 239.8s
[ByzFL-SNN]   [Step 150/500] (30.0%) | Val Acc: 0.1133 | Test Acc: 0.1135 | VRAM (Alloc/Reserved): 93.9/596.0 MiB | Time: 361.9s
[ByzFL-SNN]   [Step 200/500] (40.0%) | Val Acc: 0.1133 | Test Acc: 0.1135 | VRAM (Alloc/Reserved): 93.8/596.0 MiB | Time: 488.6s
[ByzFL-SNN]   [Step 250/500] (50.0%) | Val Acc: 0.1133 | Test Acc: 0.1135 | VRAM (Alloc/Reserved): 94.3/596.0 MiB | Time: 610.6s
[ByzFL-SNN]   [Step 300/500] (60.0%) | Val Acc: 0.1133 | Test Acc: 0.1135 | VRAM (Alloc/Reserved): 93.3/596.0 MiB | Time: 730.8s
[ByzFL-SNN]   [Step 350/500] (70.0%) | Val Acc: 0.0997 | Test Acc: 0.1032 | VRAM (Alloc/Reserved): 95.7/596.0 MiB | Time: 854.9s
[ByzFL-SNN]   [Step 400/500] (80.0%) | Val Acc: 0.0997 | Test Acc: 0.1032 | VRAM (Alloc/Reserved): 94.2/596.0 MiB | Time: 978.7s
[ByzFL-SNN]   [Step 450/500] (90.0%) | Val Acc: 0.0997 | Test Acc: 0.1032 | VRAM (Alloc/Reserved): 93.8/596.0 MiB | Time: 1110.5s
[ByzFL-SNN] [Training Complete] Peak VRAM (Alloc/Reserved): 380.3/596.0 MiB | Total time: 1234.7s

Training 150 done

[ByzFL-SNN] [Training Start] Model: cnn_mnist | Dataset: mnist
[ByzFL-SNN]   Aggregator: MultiKrum | Attack: Optimal_InnerProductManipulation
[ByzFL-SNN]   Distribution: gamma_similarity_niid (gamma=0.33)
[ByzFL-SNN]   Clients: 10 honest, 3 byzantine | Algorithm: DSGD
[ByzFL-SNN]   Learning Rate: 0.15 | Steps: 500 | Device: cuda:0
[ByzFL-SNN]   Validation samples: 12000 | Test samples: 10000
[ByzFL-SNN] Initial VRAM (Alloc/Reserved): 36.1/42.0 MiB
[ByzFL-SNN]   [Step 0/500] (0.0%) | Val Acc: 0.1542 | Test Acc: 0.1595 | VRAM (Alloc/Reserved): 44.3/64.0 MiB | Time: 3.8s
[ByzFL-SNN]   [Step 50/500] (10.0%) | Val Acc: 0.3133 | Test Acc: 0.3110 | VRAM (Alloc/Reserved): 93.7/598.0 MiB | Time: 138.8s
[ByzFL-SNN]   [Step 100/500] (20.0%) | Val Acc: 0.4165 | Test Acc: 0.4159 | VRAM (Alloc/Reserved): 94.3/598.0 MiB | Time: 269.7s
[ByzFL-SNN]   [Step 150/500] (30.0%) | Val Acc: 0.1037 | Test Acc: 0.1011 | VRAM (Alloc/Reserved): 94.6/598.0 MiB | Time: 394.0s
[ByzFL-SNN]   [Step 200/500] (40.0%) | Val Acc: 0.1333 | Test Acc: 0.1387 | VRAM (Alloc/Reserved): 93.9/598.0 MiB | Time: 526.1s
[ByzFL-SNN]   [Step 250/500] (50.0%) | Val Acc: 0.1348 | Test Acc: 0.1403 | VRAM (Alloc/Reserved): 94.3/598.0 MiB | Time: 664.4s
[ByzFL-SNN]   [Step 300/500] (60.0%) | Val Acc: 0.1819 | Test Acc: 0.1914 | VRAM (Alloc/Reserved): 94.5/598.0 MiB | Time: 811.8s
[ByzFL-SNN]   [Step 350/500] (70.0%) | Val Acc: 0.2502 | Test Acc: 0.2638 | VRAM (Alloc/Reserved): 94.4/598.0 MiB | Time: 962.6s
[ByzFL-SNN]   [Step 400/500] (80.0%) | Val Acc: 0.1447 | Test Acc: 0.1549 | VRAM (Alloc/Reserved): 94.4/598.0 MiB | Time: 1111.4s
[ByzFL-SNN]   [Step 450/500] (90.0%) | Val Acc: 0.2285 | Test Acc: 0.2448 | VRAM (Alloc/Reserved): 93.7/598.0 MiB | Time: 1250.3s
[ByzFL-SNN] [Training Complete] Peak VRAM (Alloc/Reserved): 378.0/598.0 MiB | Total time: 1379.5s

Training 151 done

[ByzFL-SNN] [Training Start] Model: cnn_mnist | Dataset: mnist
[ByzFL-SNN]   Aggregator: GeometricMedian | Attack: Optimal_ALittleIsEnough_neg1
[ByzFL-SNN]   Distribution: gamma_similarity_niid (gamma=0.0)
[ByzFL-SNN]   Clients: 10 honest, 3 byzantine | Algorithm: DSGD
[ByzFL-SNN]   Learning Rate: 0.15 | Steps: 500 | Device: cuda:0
[ByzFL-SNN]   Validation samples: 12000 | Test samples: 10000
[ByzFL-SNN] Initial VRAM (Alloc/Reserved): 36.1/42.0 MiB
[ByzFL-SNN]   [Step 0/500] (0.0%) | Val Acc: 0.1542 | Test Acc: 0.1595 | VRAM (Alloc/Reserved): 44.3/64.0 MiB | Time: 4.0s
[ByzFL-SNN]   [Step 50/500] (10.0%) | Val Acc: 0.0981 | Test Acc: 0.0974 | VRAM (Alloc/Reserved): 93.7/596.0 MiB | Time: 139.5s
[ByzFL-SNN]   [Step 100/500] (20.0%) | Val Acc: 0.0978 | Test Acc: 0.1009 | VRAM (Alloc/Reserved): 94.7/596.0 MiB | Time: 290.3s
[ByzFL-SNN]   [Step 150/500] (30.0%) | Val Acc: 0.1037 | Test Acc: 0.1010 | VRAM (Alloc/Reserved): 94.4/596.0 MiB | Time: 439.2s
[ByzFL-SNN]   [Step 200/500] (40.0%) | Val Acc: 0.0978 | Test Acc: 0.1009 | VRAM (Alloc/Reserved): 93.9/596.0 MiB | Time: 573.9s
[ByzFL-SNN]   [Step 250/500] (50.0%) | Val Acc: 0.1068 | Test Acc: 0.1028 | VRAM (Alloc/Reserved): 93.5/596.0 MiB | Time: 708.3s
[ByzFL-SNN]   [Step 300/500] (60.0%) | Val Acc: 0.0997 | Test Acc: 0.1032 | VRAM (Alloc/Reserved): 93.0/596.0 MiB | Time: 839.8s
[ByzFL-SNN]   [Step 350/500] (70.0%) | Val Acc: 0.0990 | Test Acc: 0.0980 | VRAM (Alloc/Reserved): 94.2/596.0 MiB | Time: 967.6s
[ByzFL-SNN]   [Step 400/500] (80.0%) | Val Acc: 0.0990 | Test Acc: 0.0980 | VRAM (Alloc/Reserved): 93.8/596.0 MiB | Time: 1093.5s
[ByzFL-SNN]   [Step 450/500] (90.0%) | Val Acc: 0.1068 | Test Acc: 0.1028 | VRAM (Alloc/Reserved): 94.9/596.0 MiB | Time: 1220.6s
[ByzFL-SNN] [Training Complete] Peak VRAM (Alloc/Reserved): 377.4/596.0 MiB | Total time: 1342.7s

Training 152 done

[ByzFL-SNN] [Training Start] Model: cnn_mnist | Dataset: mnist
[ByzFL-SNN]   Aggregator: CenteredClipping | Attack: SignFlipping
[ByzFL-SNN]   Distribution: gamma_similarity_niid (gamma=1.0)
[ByzFL-SNN]   Clients: 10 honest, 4 byzantine | Algorithm: DSGD
[ByzFL-SNN]   Learning Rate: 0.15 | Steps: 500 | Device: cuda:1
[ByzFL-SNN]   Validation samples: 12000 | Test samples: 10000
[ByzFL-SNN] Initial VRAM (Alloc/Reserved): 36.1/42.0 MiB
[ByzFL-SNN]   [Step 0/500] (0.0%) | Val Acc: 0.1542 | Test Acc: 0.1595 | VRAM (Alloc/Reserved): 44.3/64.0 MiB | Time: 3.8s
[ByzFL-SNN]   [Step 50/500] (10.0%) | Val Acc: 0.8529 | Test Acc: 0.8632 | VRAM (Alloc/Reserved): 96.5/620.0 MiB | Time: 36.8s
[ByzFL-SNN]   [Step 100/500] (20.0%) | Val Acc: 0.9199 | Test Acc: 0.9297 | VRAM (Alloc/Reserved): 95.9/620.0 MiB | Time: 68.9s
[ByzFL-SNN]   [Step 150/500] (30.0%) | Val Acc: 0.9361 | Test Acc: 0.9436 | VRAM (Alloc/Reserved): 95.4/620.0 MiB | Time: 100.3s
[ByzFL-SNN]   [Step 200/500] (40.0%) | Val Acc: 0.9452 | Test Acc: 0.9493 | VRAM (Alloc/Reserved): 95.1/620.0 MiB | Time: 130.9s
[ByzFL-SNN]   [Step 250/500] (50.0%) | Val Acc: 0.9546 | Test Acc: 0.9585 | VRAM (Alloc/Reserved): 96.6/620.0 MiB | Time: 162.7s
[ByzFL-SNN]   [Step 300/500] (60.0%) | Val Acc: 0.9558 | Test Acc: 0.9626 | VRAM (Alloc/Reserved): 96.4/620.0 MiB | Time: 194.2s
[ByzFL-SNN]   [Step 350/500] (70.0%) | Val Acc: 0.9621 | Test Acc: 0.9677 | VRAM (Alloc/Reserved): 95.5/620.0 MiB | Time: 225.7s
[ByzFL-SNN]   [Step 400/500] (80.0%) | Val Acc: 0.9662 | Test Acc: 0.9704 | VRAM (Alloc/Reserved): 96.2/620.0 MiB | Time: 256.9s
[ByzFL-SNN]   [Step 450/500] (90.0%) | Val Acc: 0.9688 | Test Acc: 0.9721 | VRAM (Alloc/Reserved): 96.7/620.0 MiB | Time: 287.5s
[ByzFL-SNN] [Training Complete] Peak VRAM (Alloc/Reserved): 373.9/620.0 MiB | Total time: 316.1s

Training 153 done

[ByzFL-SNN] [Training Start] Model: cnn_mnist | Dataset: mnist
[ByzFL-SNN]   Aggregator: CenteredClipping | Attack: Optimal_ALittleIsEnough_neg1
[ByzFL-SNN]   Distribution: gamma_similarity_niid (gamma=0.0)
[ByzFL-SNN]   Clients: 10 honest, 3 byzantine | Algorithm: DSGD
[ByzFL-SNN]   Learning Rate: 0.15 | Steps: 500 | Device: cuda:1
[ByzFL-SNN]   Validation samples: 12000 | Test samples: 10000
[ByzFL-SNN] Initial VRAM (Alloc/Reserved): 36.1/42.0 MiB
[ByzFL-SNN]   [Step 0/500] (0.0%) | Val Acc: 0.1542 | Test Acc: 0.1595 | VRAM (Alloc/Reserved): 44.3/64.0 MiB | Time: 3.7s
[ByzFL-SNN]   [Step 50/500] (10.0%) | Val Acc: 0.0997 | Test Acc: 0.1035 | VRAM (Alloc/Reserved): 97.3/596.0 MiB | Time: 125.7s
[ByzFL-SNN]   [Step 100/500] (20.0%) | Val Acc: 0.0877 | Test Acc: 0.0892 | VRAM (Alloc/Reserved): 97.2/596.0 MiB | Time: 252.7s
[ByzFL-SNN]   [Step 150/500] (30.0%) | Val Acc: 0.1099 | Test Acc: 0.1149 | VRAM (Alloc/Reserved): 98.0/596.0 MiB | Time: 387.6s
[ByzFL-SNN]   [Step 200/500] (40.0%) | Val Acc: 0.0968 | Test Acc: 0.0982 | VRAM (Alloc/Reserved): 96.5/596.0 MiB | Time: 504.7s
[ByzFL-SNN]   [Step 250/500] (50.0%) | Val Acc: 0.1037 | Test Acc: 0.1010 | VRAM (Alloc/Reserved): 96.4/596.0 MiB | Time: 625.6s
[ByzFL-SNN]   [Step 300/500] (60.0%) | Val Acc: 0.1133 | Test Acc: 0.1135 | VRAM (Alloc/Reserved): 98.4/596.0 MiB | Time: 749.1s
[ByzFL-SNN]   [Step 350/500] (70.0%) | Val Acc: 0.1133 | Test Acc: 0.1135 | VRAM (Alloc/Reserved): 97.7/596.0 MiB | Time: 866.0s
[ByzFL-SNN]   [Step 400/500] (80.0%) | Val Acc: 0.0968 | Test Acc: 0.0982 | VRAM (Alloc/Reserved): 96.6/596.0 MiB | Time: 985.2s
[ByzFL-SNN]   [Step 450/500] (90.0%) | Val Acc: 0.1133 | Test Acc: 0.1135 | VRAM (Alloc/Reserved): 97.3/596.0 MiB | Time: 1097.3s
[ByzFL-SNN] [Training Complete] Peak VRAM (Alloc/Reserved): 381.8/596.0 MiB | Total time: 1207.6s

Training 154 done

[ByzFL-SNN] [Training Start] Model: cnn_mnist | Dataset: mnist
[ByzFL-SNN]   Aggregator: CenteredClipping | Attack: Optimal_ALittleIsEnough_neg1
[ByzFL-SNN]   Distribution: gamma_similarity_niid (gamma=0.0)
[ByzFL-SNN]   Clients: 10 honest, 3 byzantine | Algorithm: DSGD
[ByzFL-SNN]   Learning Rate: 0.15 | Steps: 500 | Device: cuda:0
[ByzFL-SNN]   Validation samples: 12000 | Test samples: 10000
[ByzFL-SNN] Initial VRAM (Alloc/Reserved): 36.1/42.0 MiB
[ByzFL-SNN]   [Step 0/500] (0.0%) | Val Acc: 0.1542 | Test Acc: 0.1595 | VRAM (Alloc/Reserved): 44.3/64.0 MiB | Time: 3.8s
[ByzFL-SNN]   [Step 50/500] (10.0%) | Val Acc: 0.0978 | Test Acc: 0.1009 | VRAM (Alloc/Reserved): 97.3/596.0 MiB | Time: 138.2s
[ByzFL-SNN]   [Step 100/500] (20.0%) | Val Acc: 0.0968 | Test Acc: 0.0982 | VRAM (Alloc/Reserved): 97.2/596.0 MiB | Time: 280.5s
[ByzFL-SNN]   [Step 150/500] (30.0%) | Val Acc: 0.1133 | Test Acc: 0.1135 | VRAM (Alloc/Reserved): 98.0/596.0 MiB | Time: 407.5s
[ByzFL-SNN]   [Step 200/500] (40.0%) | Val Acc: 0.1068 | Test Acc: 0.1028 | VRAM (Alloc/Reserved): 96.5/596.0 MiB | Time: 535.8s
[ByzFL-SNN]   [Step 250/500] (50.0%) | Val Acc: 0.0997 | Test Acc: 0.1032 | VRAM (Alloc/Reserved): 96.4/596.0 MiB | Time: 662.7s
[ByzFL-SNN]   [Step 300/500] (60.0%) | Val Acc: 0.1037 | Test Acc: 0.1010 | VRAM (Alloc/Reserved): 98.4/596.0 MiB | Time: 791.5s
[ByzFL-SNN]   [Step 350/500] (70.0%) | Val Acc: 0.1133 | Test Acc: 0.1135 | VRAM (Alloc/Reserved): 97.7/596.0 MiB | Time: 928.2s
[ByzFL-SNN]   [Step 400/500] (80.0%) | Val Acc: 0.0968 | Test Acc: 0.0982 | VRAM (Alloc/Reserved): 96.6/596.0 MiB | Time: 1052.7s
[ByzFL-SNN]   [Step 450/500] (90.0%) | Val Acc: 0.0990 | Test Acc: 0.0980 | VRAM (Alloc/Reserved): 97.3/596.0 MiB | Time: 1176.6s
[ByzFL-SNN] [Training Complete] Peak VRAM (Alloc/Reserved): 381.8/596.0 MiB | Total time: 1303.5s

Training 155 done

[ByzFL-SNN] [Training Start] Model: cnn_mnist | Dataset: mnist
[ByzFL-SNN]   Aggregator: CenteredClipping | Attack: SignFlipping
[ByzFL-SNN]   Distribution: gamma_similarity_niid (gamma=1.0)
[ByzFL-SNN]   Clients: 10 honest, 4 byzantine | Algorithm: DSGD
[ByzFL-SNN]   Learning Rate: 0.15 | Steps: 500 | Device: cuda:0
[ByzFL-SNN]   Validation samples: 12000 | Test samples: 10000
[ByzFL-SNN] Initial VRAM (Alloc/Reserved): 36.1/42.0 MiB
[ByzFL-SNN]   [Step 0/500] (0.0%) | Val Acc: 0.1542 | Test Acc: 0.1595 | VRAM (Alloc/Reserved): 44.3/64.0 MiB | Time: 3.7s
[ByzFL-SNN]   [Step 50/500] (10.0%) | Val Acc: 0.8762 | Test Acc: 0.8847 | VRAM (Alloc/Reserved): 96.5/620.0 MiB | Time: 36.9s
[ByzFL-SNN]   [Step 100/500] (20.0%) | Val Acc: 0.9262 | Test Acc: 0.9327 | VRAM (Alloc/Reserved): 95.9/620.0 MiB | Time: 71.5s
[ByzFL-SNN]   [Step 150/500] (30.0%) | Val Acc: 0.9393 | Test Acc: 0.9451 | VRAM (Alloc/Reserved): 95.4/620.0 MiB | Time: 107.3s
[ByzFL-SNN]   [Step 200/500] (40.0%) | Val Acc: 0.9456 | Test Acc: 0.9523 | VRAM (Alloc/Reserved): 95.1/620.0 MiB | Time: 143.1s
[ByzFL-SNN]   [Step 250/500] (50.0%) | Val Acc: 0.9553 | Test Acc: 0.9598 | VRAM (Alloc/Reserved): 96.6/620.0 MiB | Time: 178.7s
[ByzFL-SNN]   [Step 300/500] (60.0%) | Val Acc: 0.9605 | Test Acc: 0.9650 | VRAM (Alloc/Reserved): 96.4/620.0 MiB | Time: 214.9s
[ByzFL-SNN]   [Step 350/500] (70.0%) | Val Acc: 0.9623 | Test Acc: 0.9670 | VRAM (Alloc/Reserved): 95.5/620.0 MiB | Time: 250.7s
[ByzFL-SNN]   [Step 400/500] (80.0%) | Val Acc: 0.9635 | Test Acc: 0.9698 | VRAM (Alloc/Reserved): 96.2/620.0 MiB | Time: 286.9s
[ByzFL-SNN]   [Step 450/500] (90.0%) | Val Acc: 0.9699 | Test Acc: 0.9738 | VRAM (Alloc/Reserved): 96.7/620.0 MiB | Time: 322.6s
[ByzFL-SNN] [Training Complete] Peak VRAM (Alloc/Reserved): 373.9/620.0 MiB | Total time: 355.8s

Training 156 done

[ByzFL-SNN] [Training Start] Model: cnn_mnist | Dataset: mnist
[ByzFL-SNN]   Aggregator: GeometricMedian | Attack: Optimal_InnerProductManipulation
[ByzFL-SNN]   Distribution: gamma_similarity_niid (gamma=0.0)
[ByzFL-SNN]   Clients: 10 honest, 3 byzantine | Algorithm: DSGD
[ByzFL-SNN]   Learning Rate: 0.15 | Steps: 500 | Device: cuda:0
[ByzFL-SNN]   Validation samples: 12000 | Test samples: 10000
[ByzFL-SNN] Initial VRAM (Alloc/Reserved): 36.1/42.0 MiB
[ByzFL-SNN]   [Step 0/500] (0.0%) | Val Acc: 0.1542 | Test Acc: 0.1595 | VRAM (Alloc/Reserved): 44.3/64.0 MiB | Time: 3.7s
[ByzFL-SNN]   [Step 50/500] (10.0%) | Val Acc: 0.1973 | Test Acc: 0.1988 | VRAM (Alloc/Reserved): 93.8/596.0 MiB | Time: 129.9s
[ByzFL-SNN]   [Step 100/500] (20.0%) | Val Acc: 0.0978 | Test Acc: 0.1009 | VRAM (Alloc/Reserved): 93.2/596.0 MiB | Time: 248.3s
[ByzFL-SNN]   [Step 150/500] (30.0%) | Val Acc: 0.1133 | Test Acc: 0.1135 | VRAM (Alloc/Reserved): 93.9/596.0 MiB | Time: 376.9s
[ByzFL-SNN]   [Step 200/500] (40.0%) | Val Acc: 0.1133 | Test Acc: 0.1135 | VRAM (Alloc/Reserved): 93.8/596.0 MiB | Time: 502.7s
[ByzFL-SNN]   [Step 250/500] (50.0%) | Val Acc: 0.1133 | Test Acc: 0.1135 | VRAM (Alloc/Reserved): 94.3/596.0 MiB | Time: 631.7s
[ByzFL-SNN]   [Step 300/500] (60.0%) | Val Acc: 0.1133 | Test Acc: 0.1135 | VRAM (Alloc/Reserved): 93.3/596.0 MiB | Time: 763.7s
[ByzFL-SNN]   [Step 350/500] (70.0%) | Val Acc: 0.0997 | Test Acc: 0.1032 | VRAM (Alloc/Reserved): 95.7/596.0 MiB | Time: 913.1s
[ByzFL-SNN]   [Step 400/500] (80.0%) | Val Acc: 0.0997 | Test Acc: 0.1032 | VRAM (Alloc/Reserved): 94.2/596.0 MiB | Time: 1062.8s
[ByzFL-SNN]   [Step 450/500] (90.0%) | Val Acc: 0.0997 | Test Acc: 0.1032 | VRAM (Alloc/Reserved): 93.8/596.0 MiB | Time: 1215.8s
[ByzFL-SNN] [Training Complete] Peak VRAM (Alloc/Reserved): 380.3/596.0 MiB | Total time: 1366.5s

Training 157 done

[ByzFL-SNN] [Training Start] Model: cnn_mnist | Dataset: mnist
[ByzFL-SNN]   Aggregator: CenteredClipping | Attack: Optimal_InnerProductManipulation
[ByzFL-SNN]   Distribution: gamma_similarity_niid (gamma=0.0)
[ByzFL-SNN]   Clients: 10 honest, 3 byzantine | Algorithm: DSGD
[ByzFL-SNN]   Learning Rate: 0.15 | Steps: 500 | Device: cuda:1
[ByzFL-SNN]   Validation samples: 12000 | Test samples: 10000
[ByzFL-SNN] Initial VRAM (Alloc/Reserved): 36.1/42.0 MiB
[ByzFL-SNN]   [Step 0/500] (0.0%) | Val Acc: 0.1542 | Test Acc: 0.1595 | VRAM (Alloc/Reserved): 44.3/64.0 MiB | Time: 3.7s
[ByzFL-SNN]   [Step 50/500] (10.0%) | Val Acc: 0.1855 | Test Acc: 0.1953 | VRAM (Alloc/Reserved): 98.0/596.0 MiB | Time: 123.1s
[ByzFL-SNN]   [Step 100/500] (20.0%) | Val Acc: 0.6085 | Test Acc: 0.6168 | VRAM (Alloc/Reserved): 97.7/596.0 MiB | Time: 245.2s
[ByzFL-SNN]   [Step 150/500] (30.0%) | Val Acc: 0.2325 | Test Acc: 0.2336 | VRAM (Alloc/Reserved): 97.2/596.0 MiB | Time: 350.5s
[ByzFL-SNN]   [Step 200/500] (40.0%) | Val Acc: 0.0766 | Test Acc: 0.0716 | VRAM (Alloc/Reserved): 97.4/596.0 MiB | Time: 473.3s
[ByzFL-SNN]   [Step 250/500] (50.0%) | Val Acc: 0.1133 | Test Acc: 0.1135 | VRAM (Alloc/Reserved): 97.2/596.0 MiB | Time: 597.1s
[ByzFL-SNN]   [Step 300/500] (60.0%) | Val Acc: 0.1037 | Test Acc: 0.1009 | VRAM (Alloc/Reserved): 98.2/596.0 MiB | Time: 719.5s
[ByzFL-SNN]   [Step 350/500] (70.0%) | Val Acc: 0.0997 | Test Acc: 0.1032 | VRAM (Alloc/Reserved): 97.7/596.0 MiB | Time: 844.0s
[ByzFL-SNN]   [Step 400/500] (80.0%) | Val Acc: 0.0978 | Test Acc: 0.1009 | VRAM (Alloc/Reserved): 96.4/596.0 MiB | Time: 965.5s
[ByzFL-SNN]   [Step 450/500] (90.0%) | Val Acc: 0.0990 | Test Acc: 0.0980 | VRAM (Alloc/Reserved): 99.1/596.0 MiB | Time: 1086.3s
[ByzFL-SNN] [Training Complete] Peak VRAM (Alloc/Reserved): 381.7/596.0 MiB | Total time: 1215.1s

Training 158 done

[ByzFL-SNN] [Training Start] Model: cnn_mnist | Dataset: mnist
[ByzFL-SNN]   Aggregator: TrMean | Attack: SignFlipping
[ByzFL-SNN]   Distribution: gamma_similarity_niid (gamma=1.0)
[ByzFL-SNN]   Clients: 10 honest, 4 byzantine | Algorithm: DSGD
[ByzFL-SNN]   Learning Rate: 0.15 | Steps: 500 | Device: cuda:1
[ByzFL-SNN]   Validation samples: 12000 | Test samples: 10000
[ByzFL-SNN] Initial VRAM (Alloc/Reserved): 36.1/42.0 MiB
[ByzFL-SNN]   [Step 0/500] (0.0%) | Val Acc: 0.1542 | Test Acc: 0.1595 | VRAM (Alloc/Reserved): 44.3/64.0 MiB | Time: 3.8s
[ByzFL-SNN]   [Step 50/500] (10.0%) | Val Acc: 0.8933 | Test Acc: 0.9042 | VRAM (Alloc/Reserved): 94.1/620.0 MiB | Time: 35.1s
[ByzFL-SNN]   [Step 100/500] (20.0%) | Val Acc: 0.9260 | Test Acc: 0.9358 | VRAM (Alloc/Reserved): 95.0/620.0 MiB | Time: 67.0s
[ByzFL-SNN]   [Step 150/500] (30.0%) | Val Acc: 0.9425 | Test Acc: 0.9501 | VRAM (Alloc/Reserved): 94.4/620.0 MiB | Time: 98.1s
[ByzFL-SNN]   [Step 200/500] (40.0%) | Val Acc: 0.9476 | Test Acc: 0.9530 | VRAM (Alloc/Reserved): 94.7/620.0 MiB | Time: 129.8s
[ByzFL-SNN]   [Step 250/500] (50.0%) | Val Acc: 0.9570 | Test Acc: 0.9615 | VRAM (Alloc/Reserved): 92.9/620.0 MiB | Time: 160.7s
[ByzFL-SNN]   [Step 300/500] (60.0%) | Val Acc: 0.9600 | Test Acc: 0.9666 | VRAM (Alloc/Reserved): 93.6/620.0 MiB | Time: 192.7s
[ByzFL-SNN]   [Step 350/500] (70.0%) | Val Acc: 0.9622 | Test Acc: 0.9681 | VRAM (Alloc/Reserved): 93.8/620.0 MiB | Time: 225.4s
[ByzFL-SNN]   [Step 400/500] (80.0%) | Val Acc: 0.9650 | Test Acc: 0.9699 | VRAM (Alloc/Reserved): 95.1/620.0 MiB | Time: 258.2s
[ByzFL-SNN]   [Step 450/500] (90.0%) | Val Acc: 0.9673 | Test Acc: 0.9706 | VRAM (Alloc/Reserved): 93.7/620.0 MiB | Time: 291.2s
[ByzFL-SNN] [Training Complete] Peak VRAM (Alloc/Reserved): 372.2/620.0 MiB | Total time: 320.1s

Training 159 done

[ByzFL-SNN] [Training Start] Model: cnn_mnist | Dataset: mnist
[ByzFL-SNN]   Aggregator: TrMean | Attack: SignFlipping
[ByzFL-SNN]   Distribution: gamma_similarity_niid (gamma=1.0)
[ByzFL-SNN]   Clients: 10 honest, 4 byzantine | Algorithm: DSGD
[ByzFL-SNN]   Learning Rate: 0.15 | Steps: 500 | Device: cuda:0
[ByzFL-SNN]   Validation samples: 12000 | Test samples: 10000
[ByzFL-SNN] Initial VRAM (Alloc/Reserved): 36.1/42.0 MiB
[ByzFL-SNN]   [Step 0/500] (0.0%) | Val Acc: 0.1542 | Test Acc: 0.1595 | VRAM (Alloc/Reserved): 44.3/64.0 MiB | Time: 4.3s
[ByzFL-SNN]   [Step 50/500] (10.0%) | Val Acc: 0.9031 | Test Acc: 0.9093 | VRAM (Alloc/Reserved): 94.1/620.0 MiB | Time: 38.8s
[ByzFL-SNN]   [Step 100/500] (20.0%) | Val Acc: 0.9402 | Test Acc: 0.9476 | VRAM (Alloc/Reserved): 95.0/620.0 MiB | Time: 73.6s
[ByzFL-SNN]   [Step 150/500] (30.0%) | Val Acc: 0.9517 | Test Acc: 0.9569 | VRAM (Alloc/Reserved): 94.4/620.0 MiB | Time: 108.7s
[ByzFL-SNN]   [Step 200/500] (40.0%) | Val Acc: 0.9541 | Test Acc: 0.9615 | VRAM (Alloc/Reserved): 94.7/620.0 MiB | Time: 144.3s
[ByzFL-SNN]   [Step 250/500] (50.0%) | Val Acc: 0.9622 | Test Acc: 0.9662 | VRAM (Alloc/Reserved): 92.9/620.0 MiB | Time: 180.8s
[ByzFL-SNN]   [Step 300/500] (60.0%) | Val Acc: 0.9643 | Test Acc: 0.9697 | VRAM (Alloc/Reserved): 93.6/620.0 MiB | Time: 215.4s
[ByzFL-SNN]   [Step 350/500] (70.0%) | Val Acc: 0.9650 | Test Acc: 0.9694 | VRAM (Alloc/Reserved): 93.8/620.0 MiB | Time: 249.1s
[ByzFL-SNN]   [Step 400/500] (80.0%) | Val Acc: 0.9677 | Test Acc: 0.9728 | VRAM (Alloc/Reserved): 95.1/620.0 MiB | Time: 283.0s
[ByzFL-SNN]   [Step 450/500] (90.0%) | Val Acc: 0.9720 | Test Acc: 0.9756 | VRAM (Alloc/Reserved): 93.7/620.0 MiB | Time: 316.5s
[ByzFL-SNN] [Training Complete] Peak VRAM (Alloc/Reserved): 372.2/620.0 MiB | Total time: 347.4s

Training 160 done

[ByzFL-SNN] [Training Start] Model: cnn_mnist | Dataset: mnist
[ByzFL-SNN]   Aggregator: CenteredClipping | Attack: Optimal_InnerProductManipulation
[ByzFL-SNN]   Distribution: gamma_similarity_niid (gamma=0.0)
[ByzFL-SNN]   Clients: 10 honest, 3 byzantine | Algorithm: DSGD
[ByzFL-SNN]   Learning Rate: 0.15 | Steps: 500 | Device: cuda:0
[ByzFL-SNN]   Validation samples: 12000 | Test samples: 10000
[ByzFL-SNN] Initial VRAM (Alloc/Reserved): 36.1/42.0 MiB
[ByzFL-SNN]   [Step 0/500] (0.0%) | Val Acc: 0.1542 | Test Acc: 0.1595 | VRAM (Alloc/Reserved): 44.3/64.0 MiB | Time: 3.8s
[ByzFL-SNN]   [Step 50/500] (10.0%) | Val Acc: 0.0858 | Test Acc: 0.0813 | VRAM (Alloc/Reserved): 98.0/596.0 MiB | Time: 137.8s
[ByzFL-SNN]   [Step 100/500] (20.0%) | Val Acc: 0.4130 | Test Acc: 0.4263 | VRAM (Alloc/Reserved): 97.7/596.0 MiB | Time: 262.8s
[ByzFL-SNN]   [Step 150/500] (30.0%) | Val Acc: 0.0877 | Test Acc: 0.0892 | VRAM (Alloc/Reserved): 97.2/596.0 MiB | Time: 391.0s
[ByzFL-SNN]   [Step 200/500] (40.0%) | Val Acc: 0.1625 | Test Acc: 0.1702 | VRAM (Alloc/Reserved): 97.4/596.0 MiB | Time: 522.5s
[ByzFL-SNN]   [Step 250/500] (50.0%) | Val Acc: 0.1893 | Test Acc: 0.1826 | VRAM (Alloc/Reserved): 97.2/596.0 MiB | Time: 661.5s
[ByzFL-SNN]   [Step 300/500] (60.0%) | Val Acc: 0.1530 | Test Acc: 0.1526 | VRAM (Alloc/Reserved): 98.2/596.0 MiB | Time: 799.9s
[ByzFL-SNN]   [Step 350/500] (70.0%) | Val Acc: 0.1952 | Test Acc: 0.2013 | VRAM (Alloc/Reserved): 97.7/596.0 MiB | Time: 939.5s
[ByzFL-SNN]   [Step 400/500] (80.0%) | Val Acc: 0.2015 | Test Acc: 0.1995 | VRAM (Alloc/Reserved): 96.4/596.0 MiB | Time: 1082.6s
[ByzFL-SNN]   [Step 450/500] (90.0%) | Val Acc: 0.2033 | Test Acc: 0.2015 | VRAM (Alloc/Reserved): 99.1/596.0 MiB | Time: 1223.3s
[ByzFL-SNN] [Training Complete] Peak VRAM (Alloc/Reserved): 381.7/596.0 MiB | Total time: 1352.6s

Training 161 done

[ByzFL-SNN] [Training Start] Model: cnn_mnist | Dataset: mnist
[ByzFL-SNN]   Aggregator: TrMean | Attack: Optimal_ALittleIsEnough_neg1
[ByzFL-SNN]   Distribution: gamma_similarity_niid (gamma=0.0)
[ByzFL-SNN]   Clients: 10 honest, 3 byzantine | Algorithm: DSGD
[ByzFL-SNN]   Learning Rate: 0.15 | Steps: 500 | Device: cuda:1
[ByzFL-SNN]   Validation samples: 12000 | Test samples: 10000
[ByzFL-SNN] Initial VRAM (Alloc/Reserved): 36.1/42.0 MiB
[ByzFL-SNN]   [Step 0/500] (0.0%) | Val Acc: 0.1542 | Test Acc: 0.1595 | VRAM (Alloc/Reserved): 44.3/64.0 MiB | Time: 3.5s
[ByzFL-SNN]   [Step 50/500] (10.0%) | Val Acc: 0.1133 | Test Acc: 0.1135 | VRAM (Alloc/Reserved): 94.0/596.0 MiB | Time: 124.8s
[ByzFL-SNN]   [Step 100/500] (20.0%) | Val Acc: 0.1478 | Test Acc: 0.1543 | VRAM (Alloc/Reserved): 94.3/596.0 MiB | Time: 256.5s
[ByzFL-SNN]   [Step 150/500] (30.0%) | Val Acc: 0.0968 | Test Acc: 0.0982 | VRAM (Alloc/Reserved): 93.7/596.0 MiB | Time: 372.0s
[ByzFL-SNN]   [Step 200/500] (40.0%) | Val Acc: 0.0972 | Test Acc: 0.0958 | VRAM (Alloc/Reserved): 93.5/596.0 MiB | Time: 498.7s
[ByzFL-SNN]   [Step 250/500] (50.0%) | Val Acc: 0.1133 | Test Acc: 0.1135 | VRAM (Alloc/Reserved): 94.3/596.0 MiB | Time: 626.9s
[ByzFL-SNN]   [Step 300/500] (60.0%) | Val Acc: 0.1133 | Test Acc: 0.1135 | VRAM (Alloc/Reserved): 93.0/596.0 MiB | Time: 760.2s
[ByzFL-SNN]   [Step 350/500] (70.0%) | Val Acc: 0.0981 | Test Acc: 0.0974 | VRAM (Alloc/Reserved): 94.3/596.0 MiB | Time: 887.6s
[ByzFL-SNN]   [Step 400/500] (80.0%) | Val Acc: 0.0997 | Test Acc: 0.1032 | VRAM (Alloc/Reserved): 93.4/596.0 MiB | Time: 1011.9s
[ByzFL-SNN]   [Step 450/500] (90.0%) | Val Acc: 0.0981 | Test Acc: 0.0974 | VRAM (Alloc/Reserved): 92.8/596.0 MiB | Time: 1138.3s
[ByzFL-SNN] [Training Complete] Peak VRAM (Alloc/Reserved): 377.0/596.0 MiB | Total time: 1261.2s

Training 162 done

[ByzFL-SNN] [Training Start] Model: cnn_mnist | Dataset: mnist
[ByzFL-SNN]   Aggregator: TrMean | Attack: Optimal_ALittleIsEnough_neg1
[ByzFL-SNN]   Distribution: gamma_similarity_niid (gamma=0.0)
[ByzFL-SNN]   Clients: 10 honest, 3 byzantine | Algorithm: DSGD
[ByzFL-SNN]   Learning Rate: 0.15 | Steps: 500 | Device: cuda:0
[ByzFL-SNN]   Validation samples: 12000 | Test samples: 10000
[ByzFL-SNN] Initial VRAM (Alloc/Reserved): 36.1/42.0 MiB
[ByzFL-SNN]   [Step 0/500] (0.0%) | Val Acc: 0.1542 | Test Acc: 0.1595 | VRAM (Alloc/Reserved): 44.3/64.0 MiB | Time: 3.9s
[ByzFL-SNN]   [Step 50/500] (10.0%) | Val Acc: 0.1133 | Test Acc: 0.1135 | VRAM (Alloc/Reserved): 94.0/596.0 MiB | Time: 135.9s
[ByzFL-SNN]   [Step 100/500] (20.0%) | Val Acc: 0.1068 | Test Acc: 0.1028 | VRAM (Alloc/Reserved): 94.3/596.0 MiB | Time: 273.3s
[ByzFL-SNN]   [Step 150/500] (30.0%) | Val Acc: 0.0968 | Test Acc: 0.0982 | VRAM (Alloc/Reserved): 93.7/596.0 MiB | Time: 414.4s
[ByzFL-SNN]   [Step 200/500] (40.0%) | Val Acc: 0.0990 | Test Acc: 0.0980 | VRAM (Alloc/Reserved): 93.5/596.0 MiB | Time: 551.2s
[ByzFL-SNN]   [Step 250/500] (50.0%) | Val Acc: 0.0968 | Test Acc: 0.0982 | VRAM (Alloc/Reserved): 94.3/596.0 MiB | Time: 688.1s
[ByzFL-SNN]   [Step 300/500] (60.0%) | Val Acc: 0.0990 | Test Acc: 0.0980 | VRAM (Alloc/Reserved): 93.0/596.0 MiB | Time: 812.2s
[ByzFL-SNN]   [Step 350/500] (70.0%) | Val Acc: 0.0990 | Test Acc: 0.0980 | VRAM (Alloc/Reserved): 94.3/596.0 MiB | Time: 943.7s
[ByzFL-SNN]   [Step 400/500] (80.0%) | Val Acc: 0.0990 | Test Acc: 0.0980 | VRAM (Alloc/Reserved): 93.4/596.0 MiB | Time: 1071.9s
[ByzFL-SNN]   [Step 450/500] (90.0%) | Val Acc: 0.0877 | Test Acc: 0.0892 | VRAM (Alloc/Reserved): 92.8/596.0 MiB | Time: 1191.4s
[ByzFL-SNN] [Training Complete] Peak VRAM (Alloc/Reserved): 377.0/596.0 MiB | Total time: 1307.8s

Training 163 done

[ByzFL-SNN] [Training Start] Model: cnn_mnist | Dataset: mnist
[ByzFL-SNN]   Aggregator: MultiKrum | Attack: SignFlipping
[ByzFL-SNN]   Distribution: gamma_similarity_niid (gamma=1.0)
[ByzFL-SNN]   Clients: 10 honest, 4 byzantine | Algorithm: DSGD
[ByzFL-SNN]   Learning Rate: 0.15 | Steps: 500 | Device: cuda:0
[ByzFL-SNN]   Validation samples: 12000 | Test samples: 10000
[ByzFL-SNN] Initial VRAM (Alloc/Reserved): 36.1/42.0 MiB
[ByzFL-SNN]   [Step 0/500] (0.0%) | Val Acc: 0.1542 | Test Acc: 0.1595 | VRAM (Alloc/Reserved): 44.3/64.0 MiB | Time: 3.7s
[ByzFL-SNN]   [Step 50/500] (10.0%) | Val Acc: 0.9028 | Test Acc: 0.9099 | VRAM (Alloc/Reserved): 94.1/620.0 MiB | Time: 38.3s
[ByzFL-SNN]   [Step 100/500] (20.0%) | Val Acc: 0.9401 | Test Acc: 0.9476 | VRAM (Alloc/Reserved): 95.0/620.0 MiB | Time: 71.9s
[ByzFL-SNN]   [Step 150/500] (30.0%) | Val Acc: 0.9529 | Test Acc: 0.9584 | VRAM (Alloc/Reserved): 94.4/620.0 MiB | Time: 105.8s
[ByzFL-SNN]   [Step 200/500] (40.0%) | Val Acc: 0.9553 | Test Acc: 0.9632 | VRAM (Alloc/Reserved): 94.7/620.0 MiB | Time: 139.4s
[ByzFL-SNN]   [Step 250/500] (50.0%) | Val Acc: 0.9628 | Test Acc: 0.9674 | VRAM (Alloc/Reserved): 92.9/620.0 MiB | Time: 173.1s
[ByzFL-SNN]   [Step 300/500] (60.0%) | Val Acc: 0.9667 | Test Acc: 0.9711 | VRAM (Alloc/Reserved): 93.6/620.0 MiB | Time: 208.8s
[ByzFL-SNN]   [Step 350/500] (70.0%) | Val Acc: 0.9673 | Test Acc: 0.9719 | VRAM (Alloc/Reserved): 93.8/620.0 MiB | Time: 243.0s
[ByzFL-SNN]   [Step 400/500] (80.0%) | Val Acc: 0.9700 | Test Acc: 0.9754 | VRAM (Alloc/Reserved): 95.1/620.0 MiB | Time: 277.4s
[ByzFL-SNN]   [Step 450/500] (90.0%) | Val Acc: 0.9728 | Test Acc: 0.9762 | VRAM (Alloc/Reserved): 93.7/620.0 MiB | Time: 311.4s
[ByzFL-SNN] [Training Complete] Peak VRAM (Alloc/Reserved): 372.2/620.0 MiB | Total time: 342.3s

Training 164 done

[ByzFL-SNN] [Training Start] Model: cnn_mnist | Dataset: mnist
[ByzFL-SNN]   Aggregator: MultiKrum | Attack: SignFlipping
[ByzFL-SNN]   Distribution: gamma_similarity_niid (gamma=1.0)
[ByzFL-SNN]   Clients: 10 honest, 4 byzantine | Algorithm: DSGD
[ByzFL-SNN]   Learning Rate: 0.15 | Steps: 500 | Device: cuda:1
[ByzFL-SNN]   Validation samples: 12000 | Test samples: 10000
[ByzFL-SNN] Initial VRAM (Alloc/Reserved): 36.1/42.0 MiB
[ByzFL-SNN]   [Step 0/500] (0.0%) | Val Acc: 0.1542 | Test Acc: 0.1595 | VRAM (Alloc/Reserved): 44.3/64.0 MiB | Time: 3.5s
[ByzFL-SNN]   [Step 50/500] (10.0%) | Val Acc: 0.8837 | Test Acc: 0.8916 | VRAM (Alloc/Reserved): 94.1/620.0 MiB | Time: 35.3s
[ByzFL-SNN]   [Step 100/500] (20.0%) | Val Acc: 0.9399 | Test Acc: 0.9476 | VRAM (Alloc/Reserved): 95.0/620.0 MiB | Time: 68.3s
[ByzFL-SNN]   [Step 150/500] (30.0%) | Val Acc: 0.9497 | Test Acc: 0.9553 | VRAM (Alloc/Reserved): 94.4/620.0 MiB | Time: 101.9s
[ByzFL-SNN]   [Step 200/500] (40.0%) | Val Acc: 0.9546 | Test Acc: 0.9610 | VRAM (Alloc/Reserved): 94.7/620.0 MiB | Time: 135.6s
[ByzFL-SNN]   [Step 250/500] (50.0%) | Val Acc: 0.9599 | Test Acc: 0.9652 | VRAM (Alloc/Reserved): 92.9/620.0 MiB | Time: 167.8s
[ByzFL-SNN]   [Step 300/500] (60.0%) | Val Acc: 0.9634 | Test Acc: 0.9700 | VRAM (Alloc/Reserved): 93.6/620.0 MiB | Time: 199.2s
[ByzFL-SNN]   [Step 350/500] (70.0%) | Val Acc: 0.9646 | Test Acc: 0.9711 | VRAM (Alloc/Reserved): 93.8/620.0 MiB | Time: 232.2s
[ByzFL-SNN]   [Step 400/500] (80.0%) | Val Acc: 0.9684 | Test Acc: 0.9726 | VRAM (Alloc/Reserved): 95.1/620.0 MiB | Time: 265.1s
[ByzFL-SNN]   [Step 450/500] (90.0%) | Val Acc: 0.9689 | Test Acc: 0.9739 | VRAM (Alloc/Reserved): 93.7/620.0 MiB | Time: 298.8s
[ByzFL-SNN] [Training Complete] Peak VRAM (Alloc/Reserved): 372.2/620.0 MiB | Total time: 328.8s

Training 165 done

[ByzFL-SNN] [Training Start] Model: cnn_mnist | Dataset: mnist
[ByzFL-SNN]   Aggregator: TrMean | Attack: Optimal_InnerProductManipulation
[ByzFL-SNN]   Distribution: gamma_similarity_niid (gamma=0.0)
[ByzFL-SNN]   Clients: 10 honest, 3 byzantine | Algorithm: DSGD
[ByzFL-SNN]   Learning Rate: 0.15 | Steps: 500 | Device: cuda:1
[ByzFL-SNN]   Validation samples: 12000 | Test samples: 10000
[ByzFL-SNN] Initial VRAM (Alloc/Reserved): 36.1/42.0 MiB
[ByzFL-SNN]   [Step 0/500] (0.0%) | Val Acc: 0.1542 | Test Acc: 0.1595 | VRAM (Alloc/Reserved): 44.3/64.0 MiB | Time: 3.6s
[ByzFL-SNN]   [Step 50/500] (10.0%) | Val Acc: 0.1896 | Test Acc: 0.1911 | VRAM (Alloc/Reserved): 93.7/596.0 MiB | Time: 123.6s
[ByzFL-SNN]   [Step 100/500] (20.0%) | Val Acc: 0.2637 | Test Acc: 0.2647 | VRAM (Alloc/Reserved): 94.3/596.0 MiB | Time: 246.2s
[ByzFL-SNN]   [Step 150/500] (30.0%) | Val Acc: 0.1055 | Test Acc: 0.1078 | VRAM (Alloc/Reserved): 94.6/596.0 MiB | Time: 357.6s
[ByzFL-SNN]   [Step 200/500] (40.0%) | Val Acc: 0.0978 | Test Acc: 0.1009 | VRAM (Alloc/Reserved): 93.9/596.0 MiB | Time: 468.9s
[ByzFL-SNN]   [Step 250/500] (50.0%) | Val Acc: 0.0997 | Test Acc: 0.1032 | VRAM (Alloc/Reserved): 94.3/596.0 MiB | Time: 596.1s
[ByzFL-SNN]   [Step 300/500] (60.0%) | Val Acc: 0.0997 | Test Acc: 0.1032 | VRAM (Alloc/Reserved): 94.5/596.0 MiB | Time: 718.0s
[ByzFL-SNN]   [Step 350/500] (70.0%) | Val Acc: 0.0997 | Test Acc: 0.1032 | VRAM (Alloc/Reserved): 94.4/596.0 MiB | Time: 840.7s
[ByzFL-SNN]   [Step 400/500] (80.0%) | Val Acc: 0.1037 | Test Acc: 0.1010 | VRAM (Alloc/Reserved): 94.4/596.0 MiB | Time: 969.8s
[ByzFL-SNN]   [Step 450/500] (90.0%) | Val Acc: 0.1037 | Test Acc: 0.1010 | VRAM (Alloc/Reserved): 93.7/596.0 MiB | Time: 1090.2s
[ByzFL-SNN] [Training Complete] Peak VRAM (Alloc/Reserved): 378.0/596.0 MiB | Total time: 1219.1s

Training 166 done

[ByzFL-SNN] [Training Start] Model: cnn_mnist | Dataset: mnist
[ByzFL-SNN]   Aggregator: MultiKrum | Attack: Optimal_ALittleIsEnough_neg1
[ByzFL-SNN]   Distribution: gamma_similarity_niid (gamma=0.0)
[ByzFL-SNN]   Clients: 10 honest, 3 byzantine | Algorithm: DSGD
[ByzFL-SNN]   Learning Rate: 0.15 | Steps: 500 | Device: cuda:1
[ByzFL-SNN]   Validation samples: 12000 | Test samples: 10000
[ByzFL-SNN] Initial VRAM (Alloc/Reserved): 36.1/42.0 MiB
[ByzFL-SNN]   [Step 0/500] (0.0%) | Val Acc: 0.1542 | Test Acc: 0.1595 | VRAM (Alloc/Reserved): 44.3/64.0 MiB | Time: 3.5s
[ByzFL-SNN]   [Step 50/500] (10.0%) | Val Acc: 0.0981 | Test Acc: 0.0974 | VRAM (Alloc/Reserved): 94.0/596.0 MiB | Time: 127.0s
[ByzFL-SNN]   [Step 100/500] (20.0%) | Val Acc: 0.1068 | Test Acc: 0.1028 | VRAM (Alloc/Reserved): 94.3/596.0 MiB | Time: 253.9s
[ByzFL-SNN]   [Step 150/500] (30.0%) | Val Acc: 0.1133 | Test Acc: 0.1135 | VRAM (Alloc/Reserved): 93.7/596.0 MiB | Time: 378.3s
[ByzFL-SNN]   [Step 200/500] (40.0%) | Val Acc: 0.1133 | Test Acc: 0.1135 | VRAM (Alloc/Reserved): 93.5/596.0 MiB | Time: 495.8s
[ByzFL-SNN]   [Step 250/500] (50.0%) | Val Acc: 0.1068 | Test Acc: 0.1028 | VRAM (Alloc/Reserved): 94.3/596.0 MiB | Time: 608.5s
[ByzFL-SNN]   [Step 300/500] (60.0%) | Val Acc: 0.0972 | Test Acc: 0.0958 | VRAM (Alloc/Reserved): 93.0/596.0 MiB | Time: 718.3s
[ByzFL-SNN]   [Step 350/500] (70.0%) | Val Acc: 0.0972 | Test Acc: 0.0958 | VRAM (Alloc/Reserved): 94.3/596.0 MiB | Time: 827.0s
[ByzFL-SNN]   [Step 400/500] (80.0%) | Val Acc: 0.1037 | Test Acc: 0.1010 | VRAM (Alloc/Reserved): 93.4/596.0 MiB | Time: 947.7s
[ByzFL-SNN]   [Step 450/500] (90.0%) | Val Acc: 0.1037 | Test Acc: 0.1010 | VRAM (Alloc/Reserved): 92.8/596.0 MiB | Time: 1063.2s
[ByzFL-SNN] [Training Complete] Peak VRAM (Alloc/Reserved): 377.0/596.0 MiB | Total time: 1176.4s

Training 167 done

[ByzFL-SNN] [Training Start] Model: cnn_mnist | Dataset: mnist
[ByzFL-SNN]   Aggregator: MultiKrum | Attack: Optimal_ALittleIsEnough_neg1
[ByzFL-SNN]   Distribution: gamma_similarity_niid (gamma=0.0)
[ByzFL-SNN]   Clients: 10 honest, 3 byzantine | Algorithm: DSGD
[ByzFL-SNN]   Learning Rate: 0.15 | Steps: 500 | Device: cuda:0
[ByzFL-SNN]   Validation samples: 12000 | Test samples: 10000
[ByzFL-SNN] Initial VRAM (Alloc/Reserved): 36.1/42.0 MiB
[ByzFL-SNN]   [Step 0/500] (0.0%) | Val Acc: 0.1542 | Test Acc: 0.1595 | VRAM (Alloc/Reserved): 44.3/64.0 MiB | Time: 3.7s
[ByzFL-SNN]   [Step 50/500] (10.0%) | Val Acc: 0.1068 | Test Acc: 0.1028 | VRAM (Alloc/Reserved): 94.0/596.0 MiB | Time: 144.4s
[ByzFL-SNN]   [Step 100/500] (20.0%) | Val Acc: 0.0972 | Test Acc: 0.0958 | VRAM (Alloc/Reserved): 94.3/596.0 MiB | Time: 287.4s
[ByzFL-SNN]   [Step 150/500] (30.0%) | Val Acc: 0.0968 | Test Acc: 0.0982 | VRAM (Alloc/Reserved): 93.7/596.0 MiB | Time: 433.6s
[ByzFL-SNN]   [Step 200/500] (40.0%) | Val Acc: 0.1037 | Test Acc: 0.1010 | VRAM (Alloc/Reserved): 93.5/596.0 MiB | Time: 568.5s
[ByzFL-SNN]   [Step 250/500] (50.0%) | Val Acc: 0.1068 | Test Acc: 0.1028 | VRAM (Alloc/Reserved): 94.3/596.0 MiB | Time: 700.0s
[ByzFL-SNN]   [Step 300/500] (60.0%) | Val Acc: 0.1037 | Test Acc: 0.1010 | VRAM (Alloc/Reserved): 93.0/596.0 MiB | Time: 833.0s
[ByzFL-SNN]   [Step 350/500] (70.0%) | Val Acc: 0.1133 | Test Acc: 0.1135 | VRAM (Alloc/Reserved): 94.3/596.0 MiB | Time: 957.2s
[ByzFL-SNN]   [Step 400/500] (80.0%) | Val Acc: 0.1133 | Test Acc: 0.1135 | VRAM (Alloc/Reserved): 93.4/596.0 MiB | Time: 1082.1s
[ByzFL-SNN]   [Step 450/500] (90.0%) | Val Acc: 0.0877 | Test Acc: 0.0892 | VRAM (Alloc/Reserved): 92.8/596.0 MiB | Time: 1204.5s
[ByzFL-SNN] [Training Complete] Peak VRAM (Alloc/Reserved): 377.0/596.0 MiB | Total time: 1323.7s

Training 168 done

[ByzFL-SNN] [Training Start] Model: cnn_mnist | Dataset: mnist
[ByzFL-SNN]   Aggregator: TrMean | Attack: Optimal_InnerProductManipulation
[ByzFL-SNN]   Distribution: gamma_similarity_niid (gamma=0.0)
[ByzFL-SNN]   Clients: 10 honest, 3 byzantine | Algorithm: DSGD
[ByzFL-SNN]   Learning Rate: 0.15 | Steps: 500 | Device: cuda:0
[ByzFL-SNN]   Validation samples: 12000 | Test samples: 10000
[ByzFL-SNN] Initial VRAM (Alloc/Reserved): 36.1/42.0 MiB
[ByzFL-SNN]   [Step 0/500] (0.0%) | Val Acc: 0.1542 | Test Acc: 0.1595 | VRAM (Alloc/Reserved): 44.3/64.0 MiB | Time: 3.6s
[ByzFL-SNN]   [Step 50/500] (10.0%) | Val Acc: 0.0972 | Test Acc: 0.0957 | VRAM (Alloc/Reserved): 93.7/596.0 MiB | Time: 138.8s
[ByzFL-SNN]   [Step 100/500] (20.0%) | Val Acc: 0.4617 | Test Acc: 0.4681 | VRAM (Alloc/Reserved): 94.3/596.0 MiB | Time: 268.7s
[ByzFL-SNN]   [Step 150/500] (30.0%) | Val Acc: 0.0877 | Test Acc: 0.0892 | VRAM (Alloc/Reserved): 94.6/596.0 MiB | Time: 400.2s
[ByzFL-SNN]   [Step 200/500] (40.0%) | Val Acc: 0.0978 | Test Acc: 0.1009 | VRAM (Alloc/Reserved): 93.9/596.0 MiB | Time: 525.3s
[ByzFL-SNN]   [Step 250/500] (50.0%) | Val Acc: 0.1068 | Test Acc: 0.1028 | VRAM (Alloc/Reserved): 94.3/596.0 MiB | Time: 660.1s
[ByzFL-SNN]   [Step 300/500] (60.0%) | Val Acc: 0.1068 | Test Acc: 0.1028 | VRAM (Alloc/Reserved): 94.5/596.0 MiB | Time: 800.6s
[ByzFL-SNN]   [Step 350/500] (70.0%) | Val Acc: 0.1068 | Test Acc: 0.1028 | VRAM (Alloc/Reserved): 94.4/596.0 MiB | Time: 936.8s
[ByzFL-SNN]   [Step 400/500] (80.0%) | Val Acc: 0.1068 | Test Acc: 0.1028 | VRAM (Alloc/Reserved): 94.4/596.0 MiB | Time: 1068.8s
[ByzFL-SNN]   [Step 450/500] (90.0%) | Val Acc: 0.1068 | Test Acc: 0.1028 | VRAM (Alloc/Reserved): 93.7/596.0 MiB | Time: 1200.4s
[ByzFL-SNN] [Training Complete] Peak VRAM (Alloc/Reserved): 378.0/596.0 MiB | Total time: 1335.3s

Training 169 done

[ByzFL-SNN] [Training Start] Model: cnn_mnist | Dataset: mnist
[ByzFL-SNN]   Aggregator: GeometricMedian | Attack: SignFlipping
[ByzFL-SNN]   Distribution: gamma_similarity_niid (gamma=0.66)
[ByzFL-SNN]   Clients: 10 honest, 4 byzantine | Algorithm: DSGD
[ByzFL-SNN]   Learning Rate: 0.15 | Steps: 500 | Device: cuda:0
[ByzFL-SNN]   Validation samples: 12000 | Test samples: 10000
[ByzFL-SNN] Initial VRAM (Alloc/Reserved): 36.1/42.0 MiB
[ByzFL-SNN]   [Step 0/500] (0.0%) | Val Acc: 0.1542 | Test Acc: 0.1595 | VRAM (Alloc/Reserved): 44.3/64.0 MiB | Time: 4.6s
[ByzFL-SNN]   [Step 50/500] (10.0%) | Val Acc: 0.5193 | Test Acc: 0.5235 | VRAM (Alloc/Reserved): 93.7/618.0 MiB | Time: 41.0s
[ByzFL-SNN]   [Step 100/500] (20.0%) | Val Acc: 0.7605 | Test Acc: 0.7650 | VRAM (Alloc/Reserved): 94.4/618.0 MiB | Time: 76.3s
[ByzFL-SNN]   [Step 150/500] (30.0%) | Val Acc: 0.8906 | Test Acc: 0.8991 | VRAM (Alloc/Reserved): 95.0/618.0 MiB | Time: 111.1s
[ByzFL-SNN]   [Step 200/500] (40.0%) | Val Acc: 0.9096 | Test Acc: 0.9136 | VRAM (Alloc/Reserved): 94.7/618.0 MiB | Time: 144.8s
[ByzFL-SNN]   [Step 250/500] (50.0%) | Val Acc: 0.9317 | Test Acc: 0.9382 | VRAM (Alloc/Reserved): 94.0/618.0 MiB | Time: 178.5s
[ByzFL-SNN]   [Step 300/500] (60.0%) | Val Acc: 0.9405 | Test Acc: 0.9448 | VRAM (Alloc/Reserved): 94.8/618.0 MiB | Time: 212.4s
[ByzFL-SNN]   [Step 350/500] (70.0%) | Val Acc: 0.9413 | Test Acc: 0.9476 | VRAM (Alloc/Reserved): 94.1/618.0 MiB | Time: 248.4s
[ByzFL-SNN]   [Step 400/500] (80.0%) | Val Acc: 0.9395 | Test Acc: 0.9437 | VRAM (Alloc/Reserved): 94.7/618.0 MiB | Time: 284.0s
[ByzFL-SNN]   [Step 450/500] (90.0%) | Val Acc: 0.9588 | Test Acc: 0.9637 | VRAM (Alloc/Reserved): 94.4/618.0 MiB | Time: 319.4s
[ByzFL-SNN] [Training Complete] Peak VRAM (Alloc/Reserved): 372.1/618.0 MiB | Total time: 349.4s

Training 170 done

[ByzFL-SNN] [Training Start] Model: cnn_mnist | Dataset: mnist
[ByzFL-SNN]   Aggregator: GeometricMedian | Attack: SignFlipping
[ByzFL-SNN]   Distribution: gamma_similarity_niid (gamma=0.66)
[ByzFL-SNN]   Clients: 10 honest, 4 byzantine | Algorithm: DSGD
[ByzFL-SNN]   Learning Rate: 0.15 | Steps: 500 | Device: cuda:1
[ByzFL-SNN]   Validation samples: 12000 | Test samples: 10000
[ByzFL-SNN] Initial VRAM (Alloc/Reserved): 36.1/42.0 MiB
[ByzFL-SNN]   [Step 0/500] (0.0%) | Val Acc: 0.1542 | Test Acc: 0.1595 | VRAM (Alloc/Reserved): 44.3/64.0 MiB | Time: 3.6s
[ByzFL-SNN]   [Step 50/500] (10.0%) | Val Acc: 0.5280 | Test Acc: 0.5295 | VRAM (Alloc/Reserved): 93.7/618.0 MiB | Time: 37.2s
[ByzFL-SNN]   [Step 100/500] (20.0%) | Val Acc: 0.8334 | Test Acc: 0.8480 | VRAM (Alloc/Reserved): 94.4/618.0 MiB | Time: 70.2s
[ByzFL-SNN]   [Step 150/500] (30.0%) | Val Acc: 0.8828 | Test Acc: 0.8888 | VRAM (Alloc/Reserved): 95.0/618.0 MiB | Time: 103.5s
[ByzFL-SNN]   [Step 200/500] (40.0%) | Val Acc: 0.9167 | Test Acc: 0.9202 | VRAM (Alloc/Reserved): 94.7/618.0 MiB | Time: 136.1s
[ByzFL-SNN]   [Step 250/500] (50.0%) | Val Acc: 0.9217 | Test Acc: 0.9242 | VRAM (Alloc/Reserved): 94.0/618.0 MiB | Time: 169.6s
[ByzFL-SNN]   [Step 300/500] (60.0%) | Val Acc: 0.9370 | Test Acc: 0.9429 | VRAM (Alloc/Reserved): 94.8/618.0 MiB | Time: 201.7s
[ByzFL-SNN]   [Step 350/500] (70.0%) | Val Acc: 0.9346 | Test Acc: 0.9410 | VRAM (Alloc/Reserved): 94.1/618.0 MiB | Time: 232.7s
[ByzFL-SNN]   [Step 400/500] (80.0%) | Val Acc: 0.9539 | Test Acc: 0.9584 | VRAM (Alloc/Reserved): 94.7/618.0 MiB | Time: 263.7s
[ByzFL-SNN]   [Step 450/500] (90.0%) | Val Acc: 0.9533 | Test Acc: 0.9580 | VRAM (Alloc/Reserved): 94.4/618.0 MiB | Time: 294.5s
[ByzFL-SNN] [Training Complete] Peak VRAM (Alloc/Reserved): 372.1/618.0 MiB | Total time: 324.6s

Training 171 done

[ByzFL-SNN] [Training Start] Model: cnn_mnist | Dataset: mnist
[ByzFL-SNN]   Aggregator: MultiKrum | Attack: Optimal_InnerProductManipulation
[ByzFL-SNN]   Distribution: gamma_similarity_niid (gamma=0.0)
[ByzFL-SNN]   Clients: 10 honest, 3 byzantine | Algorithm: DSGD
[ByzFL-SNN]   Learning Rate: 0.15 | Steps: 500 | Device: cuda:1
[ByzFL-SNN]   Validation samples: 12000 | Test samples: 10000
[ByzFL-SNN] Initial VRAM (Alloc/Reserved): 36.1/42.0 MiB
[ByzFL-SNN]   [Step 0/500] (0.0%) | Val Acc: 0.1542 | Test Acc: 0.1595 | VRAM (Alloc/Reserved): 44.3/64.0 MiB | Time: 3.6s
[ByzFL-SNN]   [Step 50/500] (10.0%) | Val Acc: 0.1133 | Test Acc: 0.1135 | VRAM (Alloc/Reserved): 93.7/596.0 MiB | Time: 123.4s
[ByzFL-SNN]   [Step 100/500] (20.0%) | Val Acc: 0.1133 | Test Acc: 0.1135 | VRAM (Alloc/Reserved): 94.3/596.0 MiB | Time: 245.1s
[ByzFL-SNN]   [Step 150/500] (30.0%) | Val Acc: 0.1133 | Test Acc: 0.1135 | VRAM (Alloc/Reserved): 94.6/596.0 MiB | Time: 370.4s
[ByzFL-SNN]   [Step 200/500] (40.0%) | Val Acc: 0.0879 | Test Acc: 0.0913 | VRAM (Alloc/Reserved): 93.9/596.0 MiB | Time: 485.7s
[ByzFL-SNN]   [Step 250/500] (50.0%) | Val Acc: 0.0978 | Test Acc: 0.1009 | VRAM (Alloc/Reserved): 94.3/596.0 MiB | Time: 604.3s
[ByzFL-SNN]   [Step 300/500] (60.0%) | Val Acc: 0.0978 | Test Acc: 0.1009 | VRAM (Alloc/Reserved): 94.5/596.0 MiB | Time: 726.1s
[ByzFL-SNN]   [Step 350/500] (70.0%) | Val Acc: 0.1133 | Test Acc: 0.1135 | VRAM (Alloc/Reserved): 94.4/596.0 MiB | Time: 855.7s
[ByzFL-SNN]   [Step 400/500] (80.0%) | Val Acc: 0.1133 | Test Acc: 0.1135 | VRAM (Alloc/Reserved): 94.4/596.0 MiB | Time: 984.1s
[ByzFL-SNN]   [Step 450/500] (90.0%) | Val Acc: 0.0981 | Test Acc: 0.0974 | VRAM (Alloc/Reserved): 93.7/596.0 MiB | Time: 1109.6s
[ByzFL-SNN] [Training Complete] Peak VRAM (Alloc/Reserved): 378.0/596.0 MiB | Total time: 1237.2s

Training 172 done

[ByzFL-SNN] [Training Start] Model: cnn_mnist | Dataset: mnist
[ByzFL-SNN]   Aggregator: MultiKrum | Attack: Optimal_InnerProductManipulation
[ByzFL-SNN]   Distribution: gamma_similarity_niid (gamma=0.0)
[ByzFL-SNN]   Clients: 10 honest, 3 byzantine | Algorithm: DSGD
[ByzFL-SNN]   Learning Rate: 0.15 | Steps: 500 | Device: cuda:0
[ByzFL-SNN]   Validation samples: 12000 | Test samples: 10000
[ByzFL-SNN] Initial VRAM (Alloc/Reserved): 36.1/42.0 MiB
[ByzFL-SNN]   [Step 0/500] (0.0%) | Val Acc: 0.1542 | Test Acc: 0.1595 | VRAM (Alloc/Reserved): 44.3/64.0 MiB | Time: 3.7s
[ByzFL-SNN]   [Step 50/500] (10.0%) | Val Acc: 0.0990 | Test Acc: 0.0980 | VRAM (Alloc/Reserved): 93.7/596.0 MiB | Time: 142.1s
[ByzFL-SNN]   [Step 100/500] (20.0%) | Val Acc: 0.1116 | Test Acc: 0.1100 | VRAM (Alloc/Reserved): 94.3/596.0 MiB | Time: 289.1s
[ByzFL-SNN]   [Step 150/500] (30.0%) | Val Acc: 0.0990 | Test Acc: 0.0980 | VRAM (Alloc/Reserved): 94.6/596.0 MiB | Time: 423.1s
[ByzFL-SNN]   [Step 200/500] (40.0%) | Val Acc: 0.0968 | Test Acc: 0.0982 | VRAM (Alloc/Reserved): 93.9/596.0 MiB | Time: 552.9s
[ByzFL-SNN]   [Step 250/500] (50.0%) | Val Acc: 0.1133 | Test Acc: 0.1135 | VRAM (Alloc/Reserved): 94.3/596.0 MiB | Time: 681.5s
[ByzFL-SNN]   [Step 300/500] (60.0%) | Val Acc: 0.1133 | Test Acc: 0.1135 | VRAM (Alloc/Reserved): 94.5/596.0 MiB | Time: 804.9s
[ByzFL-SNN]   [Step 350/500] (70.0%) | Val Acc: 0.1133 | Test Acc: 0.1135 | VRAM (Alloc/Reserved): 94.4/596.0 MiB | Time: 943.3s
[ByzFL-SNN]   [Step 400/500] (80.0%) | Val Acc: 0.0877 | Test Acc: 0.0892 | VRAM (Alloc/Reserved): 94.4/596.0 MiB | Time: 1080.9s
[ByzFL-SNN]   [Step 450/500] (90.0%) | Val Acc: 0.0968 | Test Acc: 0.0982 | VRAM (Alloc/Reserved): 93.7/596.0 MiB | Time: 1218.5s
[ByzFL-SNN] [Training Complete] Peak VRAM (Alloc/Reserved): 378.0/596.0 MiB | Total time: 1356.7s

Training 173 done

[ByzFL-SNN] [Training Start] Model: cnn_mnist | Dataset: mnist
[ByzFL-SNN]   Aggregator: CenteredClipping | Attack: SignFlipping
[ByzFL-SNN]   Distribution: gamma_similarity_niid (gamma=0.66)
[ByzFL-SNN]   Clients: 10 honest, 4 byzantine | Algorithm: DSGD
[ByzFL-SNN]   Learning Rate: 0.15 | Steps: 500 | Device: cuda:1
[ByzFL-SNN]   Validation samples: 12000 | Test samples: 10000
[ByzFL-SNN] Initial VRAM (Alloc/Reserved): 36.1/42.0 MiB
[ByzFL-SNN]   [Step 0/500] (0.0%) | Val Acc: 0.1542 | Test Acc: 0.1595 | VRAM (Alloc/Reserved): 44.3/64.0 MiB | Time: 3.5s
[ByzFL-SNN]   [Step 50/500] (10.0%) | Val Acc: 0.5269 | Test Acc: 0.5249 | VRAM (Alloc/Reserved): 96.5/618.0 MiB | Time: 35.7s
[ByzFL-SNN]   [Step 100/500] (20.0%) | Val Acc: 0.8180 | Test Acc: 0.8239 | VRAM (Alloc/Reserved): 95.9/618.0 MiB | Time: 66.7s
[ByzFL-SNN]   [Step 150/500] (30.0%) | Val Acc: 0.8462 | Test Acc: 0.8495 | VRAM (Alloc/Reserved): 95.4/618.0 MiB | Time: 98.1s
[ByzFL-SNN]   [Step 200/500] (40.0%) | Val Acc: 0.9047 | Test Acc: 0.9119 | VRAM (Alloc/Reserved): 95.1/618.0 MiB | Time: 130.6s
[ByzFL-SNN]   [Step 250/500] (50.0%) | Val Acc: 0.9104 | Test Acc: 0.9146 | VRAM (Alloc/Reserved): 96.6/618.0 MiB | Time: 163.7s
[ByzFL-SNN]   [Step 300/500] (60.0%) | Val Acc: 0.9239 | Test Acc: 0.9289 | VRAM (Alloc/Reserved): 96.4/618.0 MiB | Time: 196.0s
[ByzFL-SNN]   [Step 350/500] (70.0%) | Val Acc: 0.9326 | Test Acc: 0.9393 | VRAM (Alloc/Reserved): 95.5/618.0 MiB | Time: 227.4s
[ByzFL-SNN]   [Step 400/500] (80.0%) | Val Acc: 0.9476 | Test Acc: 0.9549 | VRAM (Alloc/Reserved): 96.2/618.0 MiB | Time: 259.3s
[ByzFL-SNN]   [Step 450/500] (90.0%) | Val Acc: 0.9527 | Test Acc: 0.9580 | VRAM (Alloc/Reserved): 96.7/618.0 MiB | Time: 290.6s
[ByzFL-SNN] [Training Complete] Peak VRAM (Alloc/Reserved): 373.9/618.0 MiB | Total time: 319.0s

Training 174 done

[ByzFL-SNN] [Training Start] Model: cnn_mnist | Dataset: mnist
[ByzFL-SNN]   Aggregator: CenteredClipping | Attack: SignFlipping
[ByzFL-SNN]   Distribution: gamma_similarity_niid (gamma=0.66)
[ByzFL-SNN]   Clients: 10 honest, 4 byzantine | Algorithm: DSGD
[ByzFL-SNN]   Learning Rate: 0.15 | Steps: 500 | Device: cuda:0
[ByzFL-SNN]   Validation samples: 12000 | Test samples: 10000
[ByzFL-SNN] Initial VRAM (Alloc/Reserved): 36.1/42.0 MiB
[ByzFL-SNN]   [Step 0/500] (0.0%) | Val Acc: 0.1542 | Test Acc: 0.1595 | VRAM (Alloc/Reserved): 44.3/64.0 MiB | Time: 3.7s
[ByzFL-SNN]   [Step 50/500] (10.0%) | Val Acc: 0.5163 | Test Acc: 0.5214 | VRAM (Alloc/Reserved): 96.5/618.0 MiB | Time: 40.2s
[ByzFL-SNN]   [Step 100/500] (20.0%) | Val Acc: 0.7144 | Test Acc: 0.7161 | VRAM (Alloc/Reserved): 95.9/618.0 MiB | Time: 75.6s
[ByzFL-SNN]   [Step 150/500] (30.0%) | Val Acc: 0.8753 | Test Acc: 0.8785 | VRAM (Alloc/Reserved): 95.4/618.0 MiB | Time: 110.1s
[ByzFL-SNN]   [Step 200/500] (40.0%) | Val Acc: 0.8978 | Test Acc: 0.9019 | VRAM (Alloc/Reserved): 95.1/618.0 MiB | Time: 143.1s
[ByzFL-SNN]   [Step 250/500] (50.0%) | Val Acc: 0.9100 | Test Acc: 0.9181 | VRAM (Alloc/Reserved): 96.6/618.0 MiB | Time: 176.4s
[ByzFL-SNN]   [Step 300/500] (60.0%) | Val Acc: 0.9338 | Test Acc: 0.9393 | VRAM (Alloc/Reserved): 96.4/618.0 MiB | Time: 209.8s
[ByzFL-SNN]   [Step 350/500] (70.0%) | Val Acc: 0.9313 | Test Acc: 0.9372 | VRAM (Alloc/Reserved): 95.5/618.0 MiB | Time: 244.2s
[ByzFL-SNN]   [Step 400/500] (80.0%) | Val Acc: 0.9417 | Test Acc: 0.9459 | VRAM (Alloc/Reserved): 96.2/618.0 MiB | Time: 279.0s
[ByzFL-SNN]   [Step 450/500] (90.0%) | Val Acc: 0.9543 | Test Acc: 0.9609 | VRAM (Alloc/Reserved): 96.7/618.0 MiB | Time: 313.6s
[ByzFL-SNN] [Training Complete] Peak VRAM (Alloc/Reserved): 373.9/618.0 MiB | Total time: 344.7s

Training 175 done

[ByzFL-SNN] [Training Start] Model: cnn_mnist | Dataset: mnist
[ByzFL-SNN]   Aggregator: GeometricMedian | Attack: Optimal_ALittleIsEnough_neg1
[ByzFL-SNN]   Distribution: gamma_similarity_niid (gamma=1.0)
[ByzFL-SNN]   Clients: 10 honest, 4 byzantine | Algorithm: DSGD
[ByzFL-SNN]   Learning Rate: 0.15 | Steps: 500 | Device: cuda:1
[ByzFL-SNN]   Validation samples: 12000 | Test samples: 10000
[ByzFL-SNN] Initial VRAM (Alloc/Reserved): 36.1/42.0 MiB
[ByzFL-SNN]   [Step 0/500] (0.0%) | Val Acc: 0.1542 | Test Acc: 0.1595 | VRAM (Alloc/Reserved): 44.3/64.0 MiB | Time: 3.4s
[ByzFL-SNN]   [Step 50/500] (10.0%) | Val Acc: 0.8798 | Test Acc: 0.8883 | VRAM (Alloc/Reserved): 93.7/620.0 MiB | Time: 138.3s
[ByzFL-SNN]   [Step 100/500] (20.0%) | Val Acc: 0.9472 | Test Acc: 0.9528 | VRAM (Alloc/Reserved): 94.7/620.0 MiB | Time: 269.4s
[ByzFL-SNN]   [Step 150/500] (30.0%) | Val Acc: 0.9593 | Test Acc: 0.9637 | VRAM (Alloc/Reserved): 94.4/620.0 MiB | Time: 399.1s
[ByzFL-SNN]   [Step 200/500] (40.0%) | Val Acc: 0.9670 | Test Acc: 0.9708 | VRAM (Alloc/Reserved): 93.9/620.0 MiB | Time: 529.2s
[ByzFL-SNN]   [Step 250/500] (50.0%) | Val Acc: 0.9584 | Test Acc: 0.9650 | VRAM (Alloc/Reserved): 93.5/620.0 MiB | Time: 664.6s
[ByzFL-SNN]   [Step 300/500] (60.0%) | Val Acc: 0.9677 | Test Acc: 0.9698 | VRAM (Alloc/Reserved): 93.0/620.0 MiB | Time: 805.3s
[ByzFL-SNN]   [Step 350/500] (70.0%) | Val Acc: 0.9733 | Test Acc: 0.9749 | VRAM (Alloc/Reserved): 94.2/620.0 MiB | Time: 951.5s
[ByzFL-SNN]   [Step 400/500] (80.0%) | Val Acc: 0.9687 | Test Acc: 0.9744 | VRAM (Alloc/Reserved): 93.8/620.0 MiB | Time: 1090.0s
[ByzFL-SNN]   [Step 450/500] (90.0%) | Val Acc: 0.9716 | Test Acc: 0.9762 | VRAM (Alloc/Reserved): 94.9/620.0 MiB | Time: 1232.7s
[ByzFL-SNN] [Training Complete] Peak VRAM (Alloc/Reserved): 398.9/620.0 MiB | Total time: 1368.8s

Training 176 done

[ByzFL-SNN] [Training Start] Model: cnn_mnist | Dataset: mnist
[ByzFL-SNN]   Aggregator: CenteredClipping | Attack: Optimal_InnerProductManipulation
[ByzFL-SNN]   Distribution: gamma_similarity_niid (gamma=1.0)
[ByzFL-SNN]   Clients: 10 honest, 4 byzantine | Algorithm: DSGD
[ByzFL-SNN]   Learning Rate: 0.15 | Steps: 500 | Device: cuda:0
[ByzFL-SNN]   Validation samples: 12000 | Test samples: 10000
[ByzFL-SNN] Initial VRAM (Alloc/Reserved): 36.1/42.0 MiB
[ByzFL-SNN]   [Step 0/500] (0.0%) | Val Acc: 0.1542 | Test Acc: 0.1595 | VRAM (Alloc/Reserved): 44.3/64.0 MiB | Time: 3.7s
[ByzFL-SNN]   [Step 50/500] (10.0%) | Val Acc: 0.8548 | Test Acc: 0.8621 | VRAM (Alloc/Reserved): 97.7/620.0 MiB | Time: 109.6s
[ByzFL-SNN]   [Step 100/500] (20.0%) | Val Acc: 0.9177 | Test Acc: 0.9247 | VRAM (Alloc/Reserved): 97.3/620.0 MiB | Time: 222.6s
[ByzFL-SNN]   [Step 150/500] (30.0%) | Val Acc: 0.9383 | Test Acc: 0.9460 | VRAM (Alloc/Reserved): 98.9/620.0 MiB | Time: 334.3s
[ByzFL-SNN]   [Step 200/500] (40.0%) | Val Acc: 0.9481 | Test Acc: 0.9526 | VRAM (Alloc/Reserved): 98.7/620.0 MiB | Time: 441.2s
[ByzFL-SNN]   [Step 250/500] (50.0%) | Val Acc: 0.9607 | Test Acc: 0.9651 | VRAM (Alloc/Reserved): 96.4/620.0 MiB | Time: 542.9s
[ByzFL-SNN]   [Step 300/500] (60.0%) | Val Acc: 0.9647 | Test Acc: 0.9677 | VRAM (Alloc/Reserved): 97.2/620.0 MiB | Time: 645.2s
[ByzFL-SNN]   [Step 350/500] (70.0%) | Val Acc: 0.9692 | Test Acc: 0.9714 | VRAM (Alloc/Reserved): 97.9/620.0 MiB | Time: 758.9s
[ByzFL-SNN]   [Step 400/500] (80.0%) | Val Acc: 0.9706 | Test Acc: 0.9727 | VRAM (Alloc/Reserved): 96.5/620.0 MiB | Time: 861.3s
[ByzFL-SNN]   [Step 450/500] (90.0%) | Val Acc: 0.9747 | Test Acc: 0.9774 | VRAM (Alloc/Reserved): 97.0/620.0 MiB | Time: 969.2s
[ByzFL-SNN] [Training Complete] Peak VRAM (Alloc/Reserved): 403.8/620.0 MiB | Total time: 1074.8s

Training 177 done

[ByzFL-SNN] [Training Start] Model: cnn_mnist | Dataset: mnist
[ByzFL-SNN]   Aggregator: CenteredClipping | Attack: Optimal_InnerProductManipulation
[ByzFL-SNN]   Distribution: gamma_similarity_niid (gamma=1.0)
[ByzFL-SNN]   Clients: 10 honest, 4 byzantine | Algorithm: DSGD
[ByzFL-SNN]   Learning Rate: 0.15 | Steps: 500 | Device: cuda:1
[ByzFL-SNN]   Validation samples: 12000 | Test samples: 10000
[ByzFL-SNN] Initial VRAM (Alloc/Reserved): 36.1/42.0 MiB
[ByzFL-SNN]   [Step 0/500] (0.0%) | Val Acc: 0.1542 | Test Acc: 0.1595 | VRAM (Alloc/Reserved): 44.3/64.0 MiB | Time: 3.8s
[ByzFL-SNN]   [Step 50/500] (10.0%) | Val Acc: 0.8538 | Test Acc: 0.8648 | VRAM (Alloc/Reserved): 97.7/620.0 MiB | Time: 98.0s
[ByzFL-SNN]   [Step 100/500] (20.0%) | Val Acc: 0.9158 | Test Acc: 0.9237 | VRAM (Alloc/Reserved): 97.3/620.0 MiB | Time: 190.2s
[ByzFL-SNN]   [Step 150/500] (30.0%) | Val Acc: 0.9387 | Test Acc: 0.9434 | VRAM (Alloc/Reserved): 98.9/620.0 MiB | Time: 288.8s
[ByzFL-SNN]   [Step 200/500] (40.0%) | Val Acc: 0.9493 | Test Acc: 0.9545 | VRAM (Alloc/Reserved): 98.7/620.0 MiB | Time: 394.8s
[ByzFL-SNN]   [Step 250/500] (50.0%) | Val Acc: 0.9580 | Test Acc: 0.9638 | VRAM (Alloc/Reserved): 96.4/620.0 MiB | Time: 492.6s
[ByzFL-SNN]   [Step 300/500] (60.0%) | Val Acc: 0.9634 | Test Acc: 0.9697 | VRAM (Alloc/Reserved): 97.2/620.0 MiB | Time: 599.6s
[ByzFL-SNN]   [Step 350/500] (70.0%) | Val Acc: 0.9684 | Test Acc: 0.9725 | VRAM (Alloc/Reserved): 97.9/620.0 MiB | Time: 696.5s
[ByzFL-SNN]   [Step 400/500] (80.0%) | Val Acc: 0.9692 | Test Acc: 0.9731 | VRAM (Alloc/Reserved): 96.5/620.0 MiB | Time: 803.6s
[ByzFL-SNN]   [Step 450/500] (90.0%) | Val Acc: 0.9751 | Test Acc: 0.9773 | VRAM (Alloc/Reserved): 97.0/620.0 MiB | Time: 906.4s
[ByzFL-SNN] [Training Complete] Peak VRAM (Alloc/Reserved): 403.8/620.0 MiB | Total time: 1012.2s

Training 178 done

[ByzFL-SNN] [Training Start] Model: cnn_mnist | Dataset: mnist
[ByzFL-SNN]   Aggregator: GeometricMedian | Attack: Optimal_InnerProductManipulation
[ByzFL-SNN]   Distribution: gamma_similarity_niid (gamma=1.0)
[ByzFL-SNN]   Clients: 10 honest, 4 byzantine | Algorithm: DSGD
[ByzFL-SNN]   Learning Rate: 0.15 | Steps: 500 | Device: cuda:1
[ByzFL-SNN]   Validation samples: 12000 | Test samples: 10000
[ByzFL-SNN] Initial VRAM (Alloc/Reserved): 36.1/42.0 MiB
[ByzFL-SNN]   [Step 0/500] (0.0%) | Val Acc: 0.1542 | Test Acc: 0.1595 | VRAM (Alloc/Reserved): 44.3/64.0 MiB | Time: 3.8s
[ByzFL-SNN]   [Step 50/500] (10.0%) | Val Acc: 0.8625 | Test Acc: 0.8652 | VRAM (Alloc/Reserved): 93.8/620.0 MiB | Time: 114.1s
[ByzFL-SNN]   [Step 100/500] (20.0%) | Val Acc: 0.9284 | Test Acc: 0.9365 | VRAM (Alloc/Reserved): 93.2/620.0 MiB | Time: 241.1s
[ByzFL-SNN]   [Step 150/500] (30.0%) | Val Acc: 0.9421 | Test Acc: 0.9486 | VRAM (Alloc/Reserved): 93.9/620.0 MiB | Time: 365.1s
[ByzFL-SNN]   [Step 200/500] (40.0%) | Val Acc: 0.9526 | Test Acc: 0.9580 | VRAM (Alloc/Reserved): 93.8/620.0 MiB | Time: 490.4s
[ByzFL-SNN]   [Step 250/500] (50.0%) | Val Acc: 0.9586 | Test Acc: 0.9637 | VRAM (Alloc/Reserved): 94.3/620.0 MiB | Time: 624.9s
[ByzFL-SNN]   [Step 300/500] (60.0%) | Val Acc: 0.9661 | Test Acc: 0.9713 | VRAM (Alloc/Reserved): 93.3/620.0 MiB | Time: 757.1s
[ByzFL-SNN]   [Step 350/500] (70.0%) | Val Acc: 0.9688 | Test Acc: 0.9740 | VRAM (Alloc/Reserved): 95.7/620.0 MiB | Time: 884.6s
[ByzFL-SNN]   [Step 400/500] (80.0%) | Val Acc: 0.9697 | Test Acc: 0.9745 | VRAM (Alloc/Reserved): 94.2/620.0 MiB | Time: 1011.3s
[ByzFL-SNN]   [Step 450/500] (90.0%) | Val Acc: 0.9732 | Test Acc: 0.9760 | VRAM (Alloc/Reserved): 93.8/620.0 MiB | Time: 1140.2s
[ByzFL-SNN] [Training Complete] Peak VRAM (Alloc/Reserved): 401.1/620.0 MiB | Total time: 1265.6s

Training 179 done

[ByzFL-SNN] [Training Start] Model: cnn_mnist | Dataset: mnist
[ByzFL-SNN]   Aggregator: GeometricMedian | Attack: Optimal_ALittleIsEnough_neg1
[ByzFL-SNN]   Distribution: gamma_similarity_niid (gamma=1.0)
[ByzFL-SNN]   Clients: 10 honest, 4 byzantine | Algorithm: DSGD
[ByzFL-SNN]   Learning Rate: 0.15 | Steps: 500 | Device: cuda:0
[ByzFL-SNN]   Validation samples: 12000 | Test samples: 10000
[ByzFL-SNN] Initial VRAM (Alloc/Reserved): 36.1/42.0 MiB
[ByzFL-SNN]   [Step 0/500] (0.0%) | Val Acc: 0.1542 | Test Acc: 0.1595 | VRAM (Alloc/Reserved): 44.3/64.0 MiB | Time: 3.8s
[ByzFL-SNN]   [Step 50/500] (10.0%) | Val Acc: 0.8425 | Test Acc: 0.8519 | VRAM (Alloc/Reserved): 93.7/620.0 MiB | Time: 161.4s
[ByzFL-SNN]   [Step 100/500] (20.0%) | Val Acc: 0.9447 | Test Acc: 0.9519 | VRAM (Alloc/Reserved): 94.7/620.0 MiB | Time: 316.1s
[ByzFL-SNN]   [Step 150/500] (30.0%) | Val Acc: 0.9617 | Test Acc: 0.9679 | VRAM (Alloc/Reserved): 94.4/620.0 MiB | Time: 471.4s
[ByzFL-SNN]   [Step 200/500] (40.0%) | Val Acc: 0.9663 | Test Acc: 0.9712 | VRAM (Alloc/Reserved): 93.9/620.0 MiB | Time: 630.5s
[ByzFL-SNN]   [Step 250/500] (50.0%) | Val Acc: 0.9532 | Test Acc: 0.9582 | VRAM (Alloc/Reserved): 93.5/620.0 MiB | Time: 780.4s
[ByzFL-SNN]   [Step 300/500] (60.0%) | Val Acc: 0.9631 | Test Acc: 0.9691 | VRAM (Alloc/Reserved): 93.0/620.0 MiB | Time: 932.4s
[ByzFL-SNN]   [Step 350/500] (70.0%) | Val Acc: 0.9626 | Test Acc: 0.9696 | VRAM (Alloc/Reserved): 94.2/620.0 MiB | Time: 1083.2s
[ByzFL-SNN]   [Step 400/500] (80.0%) | Val Acc: 0.9689 | Test Acc: 0.9730 | VRAM (Alloc/Reserved): 93.8/620.0 MiB | Time: 1232.7s
[ByzFL-SNN]   [Step 450/500] (90.0%) | Val Acc: 0.9743 | Test Acc: 0.9771 | VRAM (Alloc/Reserved): 94.9/620.0 MiB | Time: 1386.6s
[ByzFL-SNN] [Training Complete] Peak VRAM (Alloc/Reserved): 398.9/620.0 MiB | Total time: 1536.0s

Training 180 done

[ByzFL-SNN] [Training Start] Model: cnn_mnist | Dataset: mnist
[ByzFL-SNN]   Aggregator: GeometricMedian | Attack: Optimal_InnerProductManipulation
[ByzFL-SNN]   Distribution: gamma_similarity_niid (gamma=1.0)
[ByzFL-SNN]   Clients: 10 honest, 4 byzantine | Algorithm: DSGD
[ByzFL-SNN]   Learning Rate: 0.15 | Steps: 500 | Device: cuda:0
[ByzFL-SNN]   Validation samples: 12000 | Test samples: 10000
[ByzFL-SNN] Initial VRAM (Alloc/Reserved): 36.1/42.0 MiB
[ByzFL-SNN]   [Step 0/500] (0.0%) | Val Acc: 0.1542 | Test Acc: 0.1595 | VRAM (Alloc/Reserved): 44.3/64.0 MiB | Time: 4.4s
[ByzFL-SNN]   [Step 50/500] (10.0%) | Val Acc: 0.8940 | Test Acc: 0.9007 | VRAM (Alloc/Reserved): 93.8/620.0 MiB | Time: 130.3s
[ByzFL-SNN]   [Step 100/500] (20.0%) | Val Acc: 0.9286 | Test Acc: 0.9335 | VRAM (Alloc/Reserved): 93.2/620.0 MiB | Time: 277.4s
[ByzFL-SNN]   [Step 150/500] (30.0%) | Val Acc: 0.9440 | Test Acc: 0.9490 | VRAM (Alloc/Reserved): 93.9/620.0 MiB | Time: 425.9s
[ByzFL-SNN]   [Step 200/500] (40.0%) | Val Acc: 0.9520 | Test Acc: 0.9593 | VRAM (Alloc/Reserved): 93.8/620.0 MiB | Time: 568.3s
[ByzFL-SNN]   [Step 250/500] (50.0%) | Val Acc: 0.9594 | Test Acc: 0.9655 | VRAM (Alloc/Reserved): 94.3/620.0 MiB | Time: 707.9s
[ByzFL-SNN]   [Step 300/500] (60.0%) | Val Acc: 0.9651 | Test Acc: 0.9688 | VRAM (Alloc/Reserved): 93.3/620.0 MiB | Time: 847.4s
[ByzFL-SNN]   [Step 350/500] (70.0%) | Val Acc: 0.9688 | Test Acc: 0.9706 | VRAM (Alloc/Reserved): 95.7/620.0 MiB | Time: 991.2s
[ByzFL-SNN]   [Step 400/500] (80.0%) | Val Acc: 0.9689 | Test Acc: 0.9729 | VRAM (Alloc/Reserved): 94.2/620.0 MiB | Time: 1128.5s
[ByzFL-SNN]   [Step 450/500] (90.0%) | Val Acc: 0.9732 | Test Acc: 0.9767 | VRAM (Alloc/Reserved): 93.8/620.0 MiB | Time: 1262.9s
[ByzFL-SNN] [Training Complete] Peak VRAM (Alloc/Reserved): 401.1/620.0 MiB | Total time: 1403.8s

Training 181 done

[ByzFL-SNN] [Training Start] Model: cnn_mnist | Dataset: mnist
[ByzFL-SNN]   Aggregator: TrMean | Attack: SignFlipping
[ByzFL-SNN]   Distribution: gamma_similarity_niid (gamma=0.66)
[ByzFL-SNN]   Clients: 10 honest, 4 byzantine | Algorithm: DSGD
[ByzFL-SNN]   Learning Rate: 0.15 | Steps: 500 | Device: cuda:0
[ByzFL-SNN]   Validation samples: 12000 | Test samples: 10000
[ByzFL-SNN] Initial VRAM (Alloc/Reserved): 36.1/42.0 MiB
[ByzFL-SNN]   [Step 0/500] (0.0%) | Val Acc: 0.1542 | Test Acc: 0.1595 | VRAM (Alloc/Reserved): 44.3/64.0 MiB | Time: 3.8s
[ByzFL-SNN]   [Step 50/500] (10.0%) | Val Acc: 0.5286 | Test Acc: 0.5309 | VRAM (Alloc/Reserved): 94.1/618.0 MiB | Time: 39.6s
[ByzFL-SNN]   [Step 100/500] (20.0%) | Val Acc: 0.7597 | Test Acc: 0.7717 | VRAM (Alloc/Reserved): 95.0/618.0 MiB | Time: 74.8s
[ByzFL-SNN]   [Step 150/500] (30.0%) | Val Acc: 0.8877 | Test Acc: 0.8970 | VRAM (Alloc/Reserved): 94.4/618.0 MiB | Time: 109.7s
[ByzFL-SNN]   [Step 200/500] (40.0%) | Val Acc: 0.9005 | Test Acc: 0.9044 | VRAM (Alloc/Reserved): 94.7/618.0 MiB | Time: 142.8s
[ByzFL-SNN]   [Step 250/500] (50.0%) | Val Acc: 0.9313 | Test Acc: 0.9372 | VRAM (Alloc/Reserved): 92.9/618.0 MiB | Time: 176.1s
[ByzFL-SNN]   [Step 300/500] (60.0%) | Val Acc: 0.9401 | Test Acc: 0.9471 | VRAM (Alloc/Reserved): 93.6/618.0 MiB | Time: 209.3s
[ByzFL-SNN]   [Step 350/500] (70.0%) | Val Acc: 0.9381 | Test Acc: 0.9415 | VRAM (Alloc/Reserved): 93.8/618.0 MiB | Time: 243.9s
[ByzFL-SNN]   [Step 400/500] (80.0%) | Val Acc: 0.9461 | Test Acc: 0.9490 | VRAM (Alloc/Reserved): 95.1/618.0 MiB | Time: 277.9s
[ByzFL-SNN]   [Step 450/500] (90.0%) | Val Acc: 0.9557 | Test Acc: 0.9582 | VRAM (Alloc/Reserved): 93.7/618.0 MiB | Time: 311.2s
[ByzFL-SNN] [Training Complete] Peak VRAM (Alloc/Reserved): 372.2/618.0 MiB | Total time: 341.4s

Training 182 done

[ByzFL-SNN] [Training Start] Model: cnn_mnist | Dataset: mnist
[ByzFL-SNN]   Aggregator: CenteredClipping | Attack: Optimal_ALittleIsEnough_neg1
[ByzFL-SNN]   Distribution: gamma_similarity_niid (gamma=1.0)
[ByzFL-SNN]   Clients: 10 honest, 4 byzantine | Algorithm: DSGD
[ByzFL-SNN]   Learning Rate: 0.15 | Steps: 500 | Device: cuda:1
[ByzFL-SNN]   Validation samples: 12000 | Test samples: 10000
[ByzFL-SNN] Initial VRAM (Alloc/Reserved): 36.1/42.0 MiB
[ByzFL-SNN]   [Step 0/500] (0.0%) | Val Acc: 0.1542 | Test Acc: 0.1595 | VRAM (Alloc/Reserved): 44.3/64.0 MiB | Time: 3.5s
[ByzFL-SNN]   [Step 50/500] (10.0%) | Val Acc: 0.8707 | Test Acc: 0.8865 | VRAM (Alloc/Reserved): 98.1/620.0 MiB | Time: 138.6s
[ByzFL-SNN]   [Step 100/500] (20.0%) | Val Acc: 0.9470 | Test Acc: 0.9537 | VRAM (Alloc/Reserved): 97.7/620.0 MiB | Time: 267.9s
[ByzFL-SNN]   [Step 150/500] (30.0%) | Val Acc: 0.9583 | Test Acc: 0.9635 | VRAM (Alloc/Reserved): 97.3/620.0 MiB | Time: 395.5s
[ByzFL-SNN]   [Step 200/500] (40.0%) | Val Acc: 0.9647 | Test Acc: 0.9678 | VRAM (Alloc/Reserved): 98.3/620.0 MiB | Time: 534.2s
[ByzFL-SNN]   [Step 250/500] (50.0%) | Val Acc: 0.9590 | Test Acc: 0.9681 | VRAM (Alloc/Reserved): 96.6/620.0 MiB | Time: 671.6s
[ByzFL-SNN]   [Step 300/500] (60.0%) | Val Acc: 0.9677 | Test Acc: 0.9703 | VRAM (Alloc/Reserved): 96.7/620.0 MiB | Time: 810.1s
[ByzFL-SNN]   [Step 350/500] (70.0%) | Val Acc: 0.9730 | Test Acc: 0.9767 | VRAM (Alloc/Reserved): 96.6/620.0 MiB | Time: 948.0s
[ByzFL-SNN]   [Step 400/500] (80.0%) | Val Acc: 0.9659 | Test Acc: 0.9709 | VRAM (Alloc/Reserved): 97.2/620.0 MiB | Time: 1081.7s
[ByzFL-SNN]   [Step 450/500] (90.0%) | Val Acc: 0.9722 | Test Acc: 0.9760 | VRAM (Alloc/Reserved): 97.5/620.0 MiB | Time: 1219.9s
[ByzFL-SNN] [Training Complete] Peak VRAM (Alloc/Reserved): 403.8/620.0 MiB | Total time: 1349.7s

Training 183 done

[ByzFL-SNN] [Training Start] Model: cnn_mnist | Dataset: mnist
[ByzFL-SNN]   Aggregator: TrMean | Attack: SignFlipping
[ByzFL-SNN]   Distribution: gamma_similarity_niid (gamma=0.66)
[ByzFL-SNN]   Clients: 10 honest, 4 byzantine | Algorithm: DSGD
[ByzFL-SNN]   Learning Rate: 0.15 | Steps: 500 | Device: cuda:1
[ByzFL-SNN]   Validation samples: 12000 | Test samples: 10000
[ByzFL-SNN] Initial VRAM (Alloc/Reserved): 36.1/42.0 MiB
[ByzFL-SNN]   [Step 0/500] (0.0%) | Val Acc: 0.1542 | Test Acc: 0.1595 | VRAM (Alloc/Reserved): 44.3/64.0 MiB | Time: 3.6s
[ByzFL-SNN]   [Step 50/500] (10.0%) | Val Acc: 0.5774 | Test Acc: 0.5834 | VRAM (Alloc/Reserved): 94.1/618.0 MiB | Time: 37.4s
[ByzFL-SNN]   [Step 100/500] (20.0%) | Val Acc: 0.8518 | Test Acc: 0.8607 | VRAM (Alloc/Reserved): 95.0/618.0 MiB | Time: 71.4s
[ByzFL-SNN]   [Step 150/500] (30.0%) | Val Acc: 0.8363 | Test Acc: 0.8382 | VRAM (Alloc/Reserved): 94.4/618.0 MiB | Time: 103.7s
[ByzFL-SNN]   [Step 200/500] (40.0%) | Val Acc: 0.9239 | Test Acc: 0.9281 | VRAM (Alloc/Reserved): 94.7/618.0 MiB | Time: 134.6s
[ByzFL-SNN]   [Step 250/500] (50.0%) | Val Acc: 0.9240 | Test Acc: 0.9282 | VRAM (Alloc/Reserved): 92.9/618.0 MiB | Time: 165.1s
[ByzFL-SNN]   [Step 300/500] (60.0%) | Val Acc: 0.9457 | Test Acc: 0.9497 | VRAM (Alloc/Reserved): 93.6/618.0 MiB | Time: 196.2s
[ByzFL-SNN]   [Step 350/500] (70.0%) | Val Acc: 0.9407 | Test Acc: 0.9466 | VRAM (Alloc/Reserved): 93.8/618.0 MiB | Time: 226.8s
[ByzFL-SNN]   [Step 400/500] (80.0%) | Val Acc: 0.9559 | Test Acc: 0.9593 | VRAM (Alloc/Reserved): 95.1/618.0 MiB | Time: 259.6s
[ByzFL-SNN]   [Step 450/500] (90.0%) | Val Acc: 0.9382 | Test Acc: 0.9427 | VRAM (Alloc/Reserved): 93.7/618.0 MiB | Time: 291.0s
[ByzFL-SNN] [Training Complete] Peak VRAM (Alloc/Reserved): 372.2/618.0 MiB | Total time: 320.2s

Training 184 done

[ByzFL-SNN] [Training Start] Model: cnn_mnist | Dataset: mnist
[ByzFL-SNN]   Aggregator: CenteredClipping | Attack: Optimal_ALittleIsEnough_neg1
[ByzFL-SNN]   Distribution: gamma_similarity_niid (gamma=1.0)
[ByzFL-SNN]   Clients: 10 honest, 4 byzantine | Algorithm: DSGD
[ByzFL-SNN]   Learning Rate: 0.15 | Steps: 500 | Device: cuda:0
[ByzFL-SNN]   Validation samples: 12000 | Test samples: 10000
[ByzFL-SNN] Initial VRAM (Alloc/Reserved): 36.1/42.0 MiB
[ByzFL-SNN]   [Step 0/500] (0.0%) | Val Acc: 0.1542 | Test Acc: 0.1595 | VRAM (Alloc/Reserved): 44.3/64.0 MiB | Time: 3.8s
[ByzFL-SNN]   [Step 50/500] (10.0%) | Val Acc: 0.8433 | Test Acc: 0.8495 | VRAM (Alloc/Reserved): 98.1/620.0 MiB | Time: 157.2s
[ByzFL-SNN]   [Step 100/500] (20.0%) | Val Acc: 0.9462 | Test Acc: 0.9528 | VRAM (Alloc/Reserved): 97.7/620.0 MiB | Time: 310.8s
[ByzFL-SNN]   [Step 150/500] (30.0%) | Val Acc: 0.9615 | Test Acc: 0.9664 | VRAM (Alloc/Reserved): 97.3/620.0 MiB | Time: 463.8s
[ByzFL-SNN]   [Step 200/500] (40.0%) | Val Acc: 0.9617 | Test Acc: 0.9664 | VRAM (Alloc/Reserved): 98.3/620.0 MiB | Time: 610.1s
[ByzFL-SNN]   [Step 250/500] (50.0%) | Val Acc: 0.9493 | Test Acc: 0.9552 | VRAM (Alloc/Reserved): 96.6/620.0 MiB | Time: 757.7s
[ByzFL-SNN]   [Step 300/500] (60.0%) | Val Acc: 0.9568 | Test Acc: 0.9591 | VRAM (Alloc/Reserved): 96.7/620.0 MiB | Time: 911.2s
[ByzFL-SNN]   [Step 350/500] (70.0%) | Val Acc: 0.9657 | Test Acc: 0.9721 | VRAM (Alloc/Reserved): 96.6/620.0 MiB | Time: 1057.5s
[ByzFL-SNN]   [Step 400/500] (80.0%) | Val Acc: 0.9762 | Test Acc: 0.9794 | VRAM (Alloc/Reserved): 97.2/620.0 MiB | Time: 1206.5s
[ByzFL-SNN]   [Step 450/500] (90.0%) | Val Acc: 0.9799 | Test Acc: 0.9824 | VRAM (Alloc/Reserved): 97.5/620.0 MiB | Time: 1359.3s
[ByzFL-SNN] [Training Complete] Peak VRAM (Alloc/Reserved): 403.8/620.0 MiB | Total time: 1501.8s

Training 185 done

[ByzFL-SNN] [Training Start] Model: cnn_mnist | Dataset: mnist
[ByzFL-SNN]   Aggregator: MultiKrum | Attack: SignFlipping
[ByzFL-SNN]   Distribution: gamma_similarity_niid (gamma=0.66)
[ByzFL-SNN]   Clients: 10 honest, 4 byzantine | Algorithm: DSGD
[ByzFL-SNN]   Learning Rate: 0.15 | Steps: 500 | Device: cuda:0
[ByzFL-SNN]   Validation samples: 12000 | Test samples: 10000
[ByzFL-SNN] Initial VRAM (Alloc/Reserved): 36.1/42.0 MiB
[ByzFL-SNN]   [Step 0/500] (0.0%) | Val Acc: 0.1542 | Test Acc: 0.1595 | VRAM (Alloc/Reserved): 44.3/64.0 MiB | Time: 3.7s
[ByzFL-SNN]   [Step 50/500] (10.0%) | Val Acc: 0.5513 | Test Acc: 0.5519 | VRAM (Alloc/Reserved): 94.1/618.0 MiB | Time: 39.4s
[ByzFL-SNN]   [Step 100/500] (20.0%) | Val Acc: 0.7598 | Test Acc: 0.7702 | VRAM (Alloc/Reserved): 95.0/618.0 MiB | Time: 74.9s
[ByzFL-SNN]   [Step 150/500] (30.0%) | Val Acc: 0.8984 | Test Acc: 0.9076 | VRAM (Alloc/Reserved): 94.4/618.0 MiB | Time: 109.7s
[ByzFL-SNN]   [Step 200/500] (40.0%) | Val Acc: 0.8438 | Test Acc: 0.8416 | VRAM (Alloc/Reserved): 94.7/618.0 MiB | Time: 144.0s
[ByzFL-SNN]   [Step 250/500] (50.0%) | Val Acc: 0.9344 | Test Acc: 0.9390 | VRAM (Alloc/Reserved): 92.9/618.0 MiB | Time: 176.8s
[ByzFL-SNN]   [Step 300/500] (60.0%) | Val Acc: 0.9216 | Test Acc: 0.9230 | VRAM (Alloc/Reserved): 93.6/618.0 MiB | Time: 209.8s
[ByzFL-SNN]   [Step 350/500] (70.0%) | Val Acc: 0.9357 | Test Acc: 0.9423 | VRAM (Alloc/Reserved): 93.8/618.0 MiB | Time: 243.0s
[ByzFL-SNN]   [Step 400/500] (80.0%) | Val Acc: 0.9475 | Test Acc: 0.9526 | VRAM (Alloc/Reserved): 95.1/618.0 MiB | Time: 277.1s
[ByzFL-SNN]   [Step 450/500] (90.0%) | Val Acc: 0.9546 | Test Acc: 0.9589 | VRAM (Alloc/Reserved): 93.7/618.0 MiB | Time: 310.6s
[ByzFL-SNN] [Training Complete] Peak VRAM (Alloc/Reserved): 372.2/618.0 MiB | Total time: 340.2s

Training 186 done

[ByzFL-SNN] [Training Start] Model: cnn_mnist | Dataset: mnist
[ByzFL-SNN]   Aggregator: TrMean | Attack: Optimal_ALittleIsEnough_neg1
[ByzFL-SNN]   Distribution: gamma_similarity_niid (gamma=1.0)
[ByzFL-SNN]   Clients: 10 honest, 4 byzantine | Algorithm: DSGD
[ByzFL-SNN]   Learning Rate: 0.15 | Steps: 500 | Device: cuda:1
[ByzFL-SNN]   Validation samples: 12000 | Test samples: 10000
[ByzFL-SNN] Initial VRAM (Alloc/Reserved): 36.1/42.0 MiB
[ByzFL-SNN]   [Step 0/500] (0.0%) | Val Acc: 0.1542 | Test Acc: 0.1595 | VRAM (Alloc/Reserved): 44.3/64.0 MiB | Time: 4.2s
[ByzFL-SNN]   [Step 50/500] (10.0%) | Val Acc: 0.9037 | Test Acc: 0.9127 | VRAM (Alloc/Reserved): 94.0/620.0 MiB | Time: 135.6s
[ByzFL-SNN]   [Step 100/500] (20.0%) | Val Acc: 0.9497 | Test Acc: 0.9563 | VRAM (Alloc/Reserved): 94.3/620.0 MiB | Time: 265.2s
[ByzFL-SNN]   [Step 150/500] (30.0%) | Val Acc: 0.9637 | Test Acc: 0.9681 | VRAM (Alloc/Reserved): 93.7/620.0 MiB | Time: 400.5s
[ByzFL-SNN]   [Step 200/500] (40.0%) | Val Acc: 0.9657 | Test Acc: 0.9678 | VRAM (Alloc/Reserved): 93.5/620.0 MiB | Time: 538.9s
[ByzFL-SNN]   [Step 250/500] (50.0%) | Val Acc: 0.9596 | Test Acc: 0.9638 | VRAM (Alloc/Reserved): 94.3/620.0 MiB | Time: 674.7s
[ByzFL-SNN]   [Step 300/500] (60.0%) | Val Acc: 0.9716 | Test Acc: 0.9748 | VRAM (Alloc/Reserved): 93.0/620.0 MiB | Time: 815.2s
[ByzFL-SNN]   [Step 350/500] (70.0%) | Val Acc: 0.9724 | Test Acc: 0.9768 | VRAM (Alloc/Reserved): 94.3/620.0 MiB | Time: 951.7s
[ByzFL-SNN]   [Step 400/500] (80.0%) | Val Acc: 0.9647 | Test Acc: 0.9708 | VRAM (Alloc/Reserved): 93.4/620.0 MiB | Time: 1086.8s
[ByzFL-SNN]   [Step 450/500] (90.0%) | Val Acc: 0.9754 | Test Acc: 0.9792 | VRAM (Alloc/Reserved): 92.8/620.0 MiB | Time: 1222.4s
[ByzFL-SNN] [Training Complete] Peak VRAM (Alloc/Reserved): 398.2/620.0 MiB | Total time: 1358.5s

Training 187 done

[ByzFL-SNN] [Training Start] Model: cnn_mnist | Dataset: mnist
[ByzFL-SNN]   Aggregator: MultiKrum | Attack: SignFlipping
[ByzFL-SNN]   Distribution: gamma_similarity_niid (gamma=0.66)
[ByzFL-SNN]   Clients: 10 honest, 4 byzantine | Algorithm: DSGD
[ByzFL-SNN]   Learning Rate: 0.15 | Steps: 500 | Device: cuda:1
[ByzFL-SNN]   Validation samples: 12000 | Test samples: 10000
[ByzFL-SNN] Initial VRAM (Alloc/Reserved): 36.1/42.0 MiB
[ByzFL-SNN]   [Step 0/500] (0.0%) | Val Acc: 0.1542 | Test Acc: 0.1595 | VRAM (Alloc/Reserved): 44.3/64.0 MiB | Time: 3.5s
[ByzFL-SNN]   [Step 50/500] (10.0%) | Val Acc: 0.5959 | Test Acc: 0.5939 | VRAM (Alloc/Reserved): 94.1/618.0 MiB | Time: 35.8s
[ByzFL-SNN]   [Step 100/500] (20.0%) | Val Acc: 0.8375 | Test Acc: 0.8435 | VRAM (Alloc/Reserved): 95.0/618.0 MiB | Time: 67.3s
[ByzFL-SNN]   [Step 150/500] (30.0%) | Val Acc: 0.8938 | Test Acc: 0.9027 | VRAM (Alloc/Reserved): 94.4/618.0 MiB | Time: 98.7s
[ByzFL-SNN]   [Step 200/500] (40.0%) | Val Acc: 0.9140 | Test Acc: 0.9207 | VRAM (Alloc/Reserved): 94.7/618.0 MiB | Time: 130.1s
[ByzFL-SNN]   [Step 250/500] (50.0%) | Val Acc: 0.9267 | Test Acc: 0.9313 | VRAM (Alloc/Reserved): 92.9/618.0 MiB | Time: 162.6s
[ByzFL-SNN]   [Step 300/500] (60.0%) | Val Acc: 0.9423 | Test Acc: 0.9477 | VRAM (Alloc/Reserved): 93.6/618.0 MiB | Time: 194.9s
[ByzFL-SNN]   [Step 350/500] (70.0%) | Val Acc: 0.9265 | Test Acc: 0.9323 | VRAM (Alloc/Reserved): 93.8/618.0 MiB | Time: 227.2s
[ByzFL-SNN]   [Step 400/500] (80.0%) | Val Acc: 0.9494 | Test Acc: 0.9561 | VRAM (Alloc/Reserved): 95.1/618.0 MiB | Time: 258.1s
[ByzFL-SNN]   [Step 450/500] (90.0%) | Val Acc: 0.9422 | Test Acc: 0.9456 | VRAM (Alloc/Reserved): 93.7/618.0 MiB | Time: 290.4s
[ByzFL-SNN] [Training Complete] Peak VRAM (Alloc/Reserved): 372.2/618.0 MiB | Total time: 320.0s

Training 188 done

[ByzFL-SNN] [Training Start] Model: cnn_mnist | Dataset: mnist
[ByzFL-SNN]   Aggregator: TrMean | Attack: Optimal_InnerProductManipulation
[ByzFL-SNN]   Distribution: gamma_similarity_niid (gamma=1.0)
[ByzFL-SNN]   Clients: 10 honest, 4 byzantine | Algorithm: DSGD
[ByzFL-SNN]   Learning Rate: 0.15 | Steps: 500 | Device: cuda:1
[ByzFL-SNN]   Validation samples: 12000 | Test samples: 10000
[ByzFL-SNN] Initial VRAM (Alloc/Reserved): 36.1/42.0 MiB
[ByzFL-SNN]   [Step 0/500] (0.0%) | Val Acc: 0.1542 | Test Acc: 0.1595 | VRAM (Alloc/Reserved): 44.3/64.0 MiB | Time: 3.5s
[ByzFL-SNN]   [Step 50/500] (10.0%) | Val Acc: 0.8896 | Test Acc: 0.8962 | VRAM (Alloc/Reserved): 93.7/620.0 MiB | Time: 122.3s
[ByzFL-SNN]   [Step 100/500] (20.0%) | Val Acc: 0.9276 | Test Acc: 0.9346 | VRAM (Alloc/Reserved): 94.3/620.0 MiB | Time: 257.4s
[ByzFL-SNN]   [Step 150/500] (30.0%) | Val Acc: 0.9437 | Test Acc: 0.9507 | VRAM (Alloc/Reserved): 94.6/620.0 MiB | Time: 393.5s
[ByzFL-SNN]   [Step 200/500] (40.0%) | Val Acc: 0.9480 | Test Acc: 0.9554 | VRAM (Alloc/Reserved): 93.9/620.0 MiB | Time: 524.3s
[ByzFL-SNN]   [Step 250/500] (50.0%) | Val Acc: 0.9614 | Test Acc: 0.9660 | VRAM (Alloc/Reserved): 94.3/620.0 MiB | Time: 656.0s
[ByzFL-SNN]   [Step 300/500] (60.0%) | Val Acc: 0.9608 | Test Acc: 0.9680 | VRAM (Alloc/Reserved): 94.5/620.0 MiB | Time: 787.1s
[ByzFL-SNN]   [Step 350/500] (70.0%) | Val Acc: 0.9662 | Test Acc: 0.9721 | VRAM (Alloc/Reserved): 94.4/620.0 MiB | Time: 917.7s
[ByzFL-SNN]   [Step 400/500] (80.0%) | Val Acc: 0.9661 | Test Acc: 0.9719 | VRAM (Alloc/Reserved): 94.4/620.0 MiB | Time: 1044.7s
[ByzFL-SNN]   [Step 450/500] (90.0%) | Val Acc: 0.9736 | Test Acc: 0.9764 | VRAM (Alloc/Reserved): 93.7/620.0 MiB | Time: 1174.3s
[ByzFL-SNN] [Training Complete] Peak VRAM (Alloc/Reserved): 398.5/620.0 MiB | Total time: 1299.1s

Training 189 done

[ByzFL-SNN] [Training Start] Model: cnn_mnist | Dataset: mnist
[ByzFL-SNN]   Aggregator: TrMean | Attack: Optimal_ALittleIsEnough_neg1
[ByzFL-SNN]   Distribution: gamma_similarity_niid (gamma=1.0)
[ByzFL-SNN]   Clients: 10 honest, 4 byzantine | Algorithm: DSGD
[ByzFL-SNN]   Learning Rate: 0.15 | Steps: 500 | Device: cuda:0
[ByzFL-SNN]   Validation samples: 12000 | Test samples: 10000
[ByzFL-SNN] Initial VRAM (Alloc/Reserved): 36.1/42.0 MiB
[ByzFL-SNN]   [Step 0/500] (0.0%) | Val Acc: 0.1542 | Test Acc: 0.1595 | VRAM (Alloc/Reserved): 44.3/64.0 MiB | Time: 3.9s
[ByzFL-SNN]   [Step 50/500] (10.0%) | Val Acc: 0.8595 | Test Acc: 0.8739 | VRAM (Alloc/Reserved): 94.0/620.0 MiB | Time: 162.6s
[ByzFL-SNN]   [Step 100/500] (20.0%) | Val Acc: 0.9453 | Test Acc: 0.9525 | VRAM (Alloc/Reserved): 94.3/620.0 MiB | Time: 312.1s
[ByzFL-SNN]   [Step 150/500] (30.0%) | Val Acc: 0.9613 | Test Acc: 0.9665 | VRAM (Alloc/Reserved): 93.7/620.0 MiB | Time: 457.0s
[ByzFL-SNN]   [Step 200/500] (40.0%) | Val Acc: 0.9593 | Test Acc: 0.9631 | VRAM (Alloc/Reserved): 93.5/620.0 MiB | Time: 601.4s
[ByzFL-SNN]   [Step 250/500] (50.0%) | Val Acc: 0.9616 | Test Acc: 0.9673 | VRAM (Alloc/Reserved): 94.3/620.0 MiB | Time: 751.8s
[ByzFL-SNN]   [Step 300/500] (60.0%) | Val Acc: 0.9491 | Test Acc: 0.9568 | VRAM (Alloc/Reserved): 93.0/620.0 MiB | Time: 901.5s
[ByzFL-SNN]   [Step 350/500] (70.0%) | Val Acc: 0.9734 | Test Acc: 0.9776 | VRAM (Alloc/Reserved): 94.3/620.0 MiB | Time: 1048.9s
[ByzFL-SNN]   [Step 400/500] (80.0%) | Val Acc: 0.9761 | Test Acc: 0.9804 | VRAM (Alloc/Reserved): 93.4/620.0 MiB | Time: 1199.4s
[ByzFL-SNN]   [Step 450/500] (90.0%) | Val Acc: 0.9783 | Test Acc: 0.9822 | VRAM (Alloc/Reserved): 92.8/620.0 MiB | Time: 1344.6s
[ByzFL-SNN] [Training Complete] Peak VRAM (Alloc/Reserved): 398.2/620.0 MiB | Total time: 1492.7s

Training 190 done

[ByzFL-SNN] [Training Start] Model: cnn_mnist | Dataset: mnist
[ByzFL-SNN]   Aggregator: TrMean | Attack: Optimal_InnerProductManipulation
[ByzFL-SNN]   Distribution: gamma_similarity_niid (gamma=1.0)
[ByzFL-SNN]   Clients: 10 honest, 4 byzantine | Algorithm: DSGD
[ByzFL-SNN]   Learning Rate: 0.15 | Steps: 500 | Device: cuda:0
[ByzFL-SNN]   Validation samples: 12000 | Test samples: 10000
[ByzFL-SNN] Initial VRAM (Alloc/Reserved): 36.1/42.0 MiB
[ByzFL-SNN]   [Step 0/500] (0.0%) | Val Acc: 0.1542 | Test Acc: 0.1595 | VRAM (Alloc/Reserved): 44.3/64.0 MiB | Time: 3.8s
[ByzFL-SNN]   [Step 50/500] (10.0%) | Val Acc: 0.8886 | Test Acc: 0.8988 | VRAM (Alloc/Reserved): 93.7/620.0 MiB | Time: 144.6s
[ByzFL-SNN]   [Step 100/500] (20.0%) | Val Acc: 0.9298 | Test Acc: 0.9383 | VRAM (Alloc/Reserved): 94.3/620.0 MiB | Time: 287.1s
[ByzFL-SNN]   [Step 150/500] (30.0%) | Val Acc: 0.9465 | Test Acc: 0.9511 | VRAM (Alloc/Reserved): 94.6/620.0 MiB | Time: 428.8s
[ByzFL-SNN]   [Step 200/500] (40.0%) | Val Acc: 0.9536 | Test Acc: 0.9586 | VRAM (Alloc/Reserved): 93.9/620.0 MiB | Time: 574.7s
[ByzFL-SNN]   [Step 250/500] (50.0%) | Val Acc: 0.9603 | Test Acc: 0.9641 | VRAM (Alloc/Reserved): 94.3/620.0 MiB | Time: 711.0s
[ByzFL-SNN]   [Step 300/500] (60.0%) | Val Acc: 0.9654 | Test Acc: 0.9694 | VRAM (Alloc/Reserved): 94.5/620.0 MiB | Time: 854.7s
[ByzFL-SNN]   [Step 350/500] (70.0%) | Val Acc: 0.9670 | Test Acc: 0.9718 | VRAM (Alloc/Reserved): 94.4/620.0 MiB | Time: 999.5s
[ByzFL-SNN]   [Step 400/500] (80.0%) | Val Acc: 0.9685 | Test Acc: 0.9728 | VRAM (Alloc/Reserved): 94.4/620.0 MiB | Time: 1138.0s
[ByzFL-SNN]   [Step 450/500] (90.0%) | Val Acc: 0.9730 | Test Acc: 0.9754 | VRAM (Alloc/Reserved): 93.7/620.0 MiB | Time: 1273.5s
[ByzFL-SNN] [Training Complete] Peak VRAM (Alloc/Reserved): 398.5/620.0 MiB | Total time: 1414.0s

Training 191 done

[ByzFL-SNN] [Training Start] Model: cnn_mnist | Dataset: mnist
[ByzFL-SNN]   Aggregator: MultiKrum | Attack: Optimal_ALittleIsEnough_neg1
[ByzFL-SNN]   Distribution: gamma_similarity_niid (gamma=1.0)
[ByzFL-SNN]   Clients: 10 honest, 4 byzantine | Algorithm: DSGD
[ByzFL-SNN]   Learning Rate: 0.15 | Steps: 500 | Device: cuda:1
[ByzFL-SNN]   Validation samples: 12000 | Test samples: 10000
[ByzFL-SNN] Initial VRAM (Alloc/Reserved): 36.1/42.0 MiB
[ByzFL-SNN]   [Step 0/500] (0.0%) | Val Acc: 0.1542 | Test Acc: 0.1595 | VRAM (Alloc/Reserved): 44.3/64.0 MiB | Time: 3.5s
[ByzFL-SNN]   [Step 50/500] (10.0%) | Val Acc: 0.8839 | Test Acc: 0.8926 | VRAM (Alloc/Reserved): 94.0/620.0 MiB | Time: 143.3s
[ByzFL-SNN]   [Step 100/500] (20.0%) | Val Acc: 0.9461 | Test Acc: 0.9516 | VRAM (Alloc/Reserved): 94.3/620.0 MiB | Time: 276.3s
[ByzFL-SNN]   [Step 150/500] (30.0%) | Val Acc: 0.9595 | Test Acc: 0.9654 | VRAM (Alloc/Reserved): 93.7/620.0 MiB | Time: 414.2s
[ByzFL-SNN]   [Step 200/500] (40.0%) | Val Acc: 0.9647 | Test Acc: 0.9670 | VRAM (Alloc/Reserved): 93.5/620.0 MiB | Time: 546.6s
[ByzFL-SNN]   [Step 250/500] (50.0%) | Val Acc: 0.9629 | Test Acc: 0.9682 | VRAM (Alloc/Reserved): 94.3/620.0 MiB | Time: 684.2s
[ByzFL-SNN]   [Step 300/500] (60.0%) | Val Acc: 0.9720 | Test Acc: 0.9737 | VRAM (Alloc/Reserved): 93.0/620.0 MiB | Time: 818.1s
[ByzFL-SNN]   [Step 350/500] (70.0%) | Val Acc: 0.9708 | Test Acc: 0.9735 | VRAM (Alloc/Reserved): 94.3/620.0 MiB | Time: 950.0s
[ByzFL-SNN]   [Step 400/500] (80.0%) | Val Acc: 0.9726 | Test Acc: 0.9761 | VRAM (Alloc/Reserved): 93.4/620.0 MiB | Time: 1089.1s
[ByzFL-SNN]   [Step 450/500] (90.0%) | Val Acc: 0.9708 | Test Acc: 0.9727 | VRAM (Alloc/Reserved): 92.8/620.0 MiB | Time: 1224.0s
[ByzFL-SNN] [Training Complete] Peak VRAM (Alloc/Reserved): 398.2/620.0 MiB | Total time: 1353.7s

Training 192 done

[ByzFL-SNN] [Training Start] Model: cnn_mnist | Dataset: mnist
[ByzFL-SNN]   Aggregator: MultiKrum | Attack: Optimal_InnerProductManipulation
[ByzFL-SNN]   Distribution: gamma_similarity_niid (gamma=1.0)
[ByzFL-SNN]   Clients: 10 honest, 4 byzantine | Algorithm: DSGD
[ByzFL-SNN]   Learning Rate: 0.15 | Steps: 500 | Device: cuda:1
[ByzFL-SNN]   Validation samples: 12000 | Test samples: 10000
[ByzFL-SNN] Initial VRAM (Alloc/Reserved): 36.1/42.0 MiB
[ByzFL-SNN]   [Step 0/500] (0.0%) | Val Acc: 0.1542 | Test Acc: 0.1595 | VRAM (Alloc/Reserved): 44.3/64.0 MiB | Time: 3.5s
[ByzFL-SNN]   [Step 50/500] (10.0%) | Val Acc: 0.8782 | Test Acc: 0.8894 | VRAM (Alloc/Reserved): 93.7/620.0 MiB | Time: 132.7s
[ByzFL-SNN]   [Step 100/500] (20.0%) | Val Acc: 0.9307 | Test Acc: 0.9385 | VRAM (Alloc/Reserved): 94.3/620.0 MiB | Time: 266.0s
[ByzFL-SNN]   [Step 150/500] (30.0%) | Val Acc: 0.9437 | Test Acc: 0.9496 | VRAM (Alloc/Reserved): 94.6/620.0 MiB | Time: 402.6s
[ByzFL-SNN]   [Step 200/500] (40.0%) | Val Acc: 0.9486 | Test Acc: 0.9541 | VRAM (Alloc/Reserved): 93.9/620.0 MiB | Time: 538.1s
[ByzFL-SNN]   [Step 250/500] (50.0%) | Val Acc: 0.9567 | Test Acc: 0.9615 | VRAM (Alloc/Reserved): 94.3/620.0 MiB | Time: 671.1s
[ByzFL-SNN]   [Step 300/500] (60.0%) | Val Acc: 0.9618 | Test Acc: 0.9671 | VRAM (Alloc/Reserved): 94.5/620.0 MiB | Time: 803.8s
[ByzFL-SNN]   [Step 350/500] (70.0%) | Val Acc: 0.9607 | Test Acc: 0.9658 | VRAM (Alloc/Reserved): 94.4/620.0 MiB | Time: 931.8s
[ByzFL-SNN]   [Step 400/500] (80.0%) | Val Acc: 0.9654 | Test Acc: 0.9705 | VRAM (Alloc/Reserved): 94.4/620.0 MiB | Time: 1066.9s
[ByzFL-SNN]   [Step 450/500] (90.0%) | Val Acc: 0.9663 | Test Acc: 0.9704 | VRAM (Alloc/Reserved): 93.7/620.0 MiB | Time: 1199.3s
[ByzFL-SNN] [Training Complete] Peak VRAM (Alloc/Reserved): 398.5/620.0 MiB | Total time: 1325.4s

Training 193 done

[ByzFL-SNN] [Training Start] Model: cnn_mnist | Dataset: mnist
[ByzFL-SNN]   Aggregator: GeometricMedian | Attack: SignFlipping
[ByzFL-SNN]   Distribution: gamma_similarity_niid (gamma=0.33)
[ByzFL-SNN]   Clients: 10 honest, 4 byzantine | Algorithm: DSGD
[ByzFL-SNN]   Learning Rate: 0.15 | Steps: 500 | Device: cuda:0
[ByzFL-SNN]   Validation samples: 12000 | Test samples: 10000
[ByzFL-SNN] Initial VRAM (Alloc/Reserved): 36.1/42.0 MiB
[ByzFL-SNN]   [Step 0/500] (0.0%) | Val Acc: 0.1542 | Test Acc: 0.1595 | VRAM (Alloc/Reserved): 44.3/64.0 MiB | Time: 4.2s
[ByzFL-SNN]   [Step 50/500] (10.0%) | Val Acc: 0.1102 | Test Acc: 0.1118 | VRAM (Alloc/Reserved): 93.7/616.0 MiB | Time: 39.8s
[ByzFL-SNN]   [Step 100/500] (20.0%) | Val Acc: 0.5853 | Test Acc: 0.5904 | VRAM (Alloc/Reserved): 94.4/616.0 MiB | Time: 73.6s
[ByzFL-SNN]   [Step 150/500] (30.0%) | Val Acc: 0.1068 | Test Acc: 0.1028 | VRAM (Alloc/Reserved): 95.0/616.0 MiB | Time: 106.6s
[ByzFL-SNN]   [Step 200/500] (40.0%) | Val Acc: 0.1068 | Test Acc: 0.1027 | VRAM (Alloc/Reserved): 94.7/616.0 MiB | Time: 141.8s
[ByzFL-SNN]   [Step 250/500] (50.0%) | Val Acc: 0.0877 | Test Acc: 0.0892 | VRAM (Alloc/Reserved): 94.0/616.0 MiB | Time: 177.4s
[ByzFL-SNN]   [Step 300/500] (60.0%) | Val Acc: 0.0978 | Test Acc: 0.1009 | VRAM (Alloc/Reserved): 94.8/616.0 MiB | Time: 213.3s
[ByzFL-SNN]   [Step 350/500] (70.0%) | Val Acc: 0.0978 | Test Acc: 0.1009 | VRAM (Alloc/Reserved): 94.1/616.0 MiB | Time: 247.4s
[ByzFL-SNN]   [Step 400/500] (80.0%) | Val Acc: 0.0978 | Test Acc: 0.1009 | VRAM (Alloc/Reserved): 94.7/616.0 MiB | Time: 282.2s
[ByzFL-SNN]   [Step 450/500] (90.0%) | Val Acc: 0.0978 | Test Acc: 0.1009 | VRAM (Alloc/Reserved): 94.4/616.0 MiB | Time: 316.8s
[ByzFL-SNN] [Training Complete] Peak VRAM (Alloc/Reserved): 372.1/616.0 MiB | Total time: 348.9s

Training 194 done

[ByzFL-SNN] [Training Start] Model: cnn_mnist | Dataset: mnist
[ByzFL-SNN]   Aggregator: MultiKrum | Attack: Optimal_ALittleIsEnough_neg1
[ByzFL-SNN]   Distribution: gamma_similarity_niid (gamma=1.0)
[ByzFL-SNN]   Clients: 10 honest, 4 byzantine | Algorithm: DSGD
[ByzFL-SNN]   Learning Rate: 0.15 | Steps: 500 | Device: cuda:0
[ByzFL-SNN]   Validation samples: 12000 | Test samples: 10000
[ByzFL-SNN] Initial VRAM (Alloc/Reserved): 36.1/42.0 MiB
[ByzFL-SNN]   [Step 0/500] (0.0%) | Val Acc: 0.1542 | Test Acc: 0.1595 | VRAM (Alloc/Reserved): 44.3/64.0 MiB | Time: 3.7s
[ByzFL-SNN]   [Step 50/500] (10.0%) | Val Acc: 0.8844 | Test Acc: 0.8892 | VRAM (Alloc/Reserved): 94.0/620.0 MiB | Time: 157.5s
[ByzFL-SNN]   [Step 100/500] (20.0%) | Val Acc: 0.9451 | Test Acc: 0.9506 | VRAM (Alloc/Reserved): 94.3/620.0 MiB | Time: 300.1s
[ByzFL-SNN]   [Step 150/500] (30.0%) | Val Acc: 0.9573 | Test Acc: 0.9653 | VRAM (Alloc/Reserved): 93.7/620.0 MiB | Time: 443.1s
[ByzFL-SNN]   [Step 200/500] (40.0%) | Val Acc: 0.9657 | Test Acc: 0.9703 | VRAM (Alloc/Reserved): 93.5/620.0 MiB | Time: 590.9s
[ByzFL-SNN]   [Step 250/500] (50.0%) | Val Acc: 0.9588 | Test Acc: 0.9629 | VRAM (Alloc/Reserved): 94.3/620.0 MiB | Time: 737.9s
[ByzFL-SNN]   [Step 300/500] (60.0%) | Val Acc: 0.9577 | Test Acc: 0.9640 | VRAM (Alloc/Reserved): 93.0/620.0 MiB | Time: 883.6s
[ByzFL-SNN]   [Step 350/500] (70.0%) | Val Acc: 0.9692 | Test Acc: 0.9742 | VRAM (Alloc/Reserved): 94.3/620.0 MiB | Time: 1033.6s
[ByzFL-SNN]   [Step 400/500] (80.0%) | Val Acc: 0.9732 | Test Acc: 0.9782 | VRAM (Alloc/Reserved): 93.4/620.0 MiB | Time: 1180.4s
[ByzFL-SNN]   [Step 450/500] (90.0%) | Val Acc: 0.9763 | Test Acc: 0.9785 | VRAM (Alloc/Reserved): 92.8/620.0 MiB | Time: 1329.4s
[ByzFL-SNN] [Training Complete] Peak VRAM (Alloc/Reserved): 398.2/620.0 MiB | Total time: 1476.2s

Training 195 done

[ByzFL-SNN] [Training Start] Model: cnn_mnist | Dataset: mnist
[ByzFL-SNN]   Aggregator: GeometricMedian | Attack: SignFlipping
[ByzFL-SNN]   Distribution: gamma_similarity_niid (gamma=0.33)
[ByzFL-SNN]   Clients: 10 honest, 4 byzantine | Algorithm: DSGD
[ByzFL-SNN]   Learning Rate: 0.15 | Steps: 500 | Device: cuda:1
[ByzFL-SNN]   Validation samples: 12000 | Test samples: 10000
[ByzFL-SNN] Initial VRAM (Alloc/Reserved): 36.1/42.0 MiB
[ByzFL-SNN]   [Step 0/500] (0.0%) | Val Acc: 0.1542 | Test Acc: 0.1595 | VRAM (Alloc/Reserved): 44.3/64.0 MiB | Time: 3.6s
[ByzFL-SNN]   [Step 50/500] (10.0%) | Val Acc: 0.1800 | Test Acc: 0.1860 | VRAM (Alloc/Reserved): 93.7/616.0 MiB | Time: 37.5s
[ByzFL-SNN]   [Step 100/500] (20.0%) | Val Acc: 0.4846 | Test Acc: 0.4907 | VRAM (Alloc/Reserved): 94.4/616.0 MiB | Time: 69.9s
[ByzFL-SNN]   [Step 150/500] (30.0%) | Val Acc: 0.5743 | Test Acc: 0.5789 | VRAM (Alloc/Reserved): 95.0/616.0 MiB | Time: 102.3s
[ByzFL-SNN]   [Step 200/500] (40.0%) | Val Acc: 0.5941 | Test Acc: 0.6058 | VRAM (Alloc/Reserved): 94.7/616.0 MiB | Time: 133.8s
[ByzFL-SNN]   [Step 250/500] (50.0%) | Val Acc: 0.4216 | Test Acc: 0.4248 | VRAM (Alloc/Reserved): 94.0/616.0 MiB | Time: 164.9s
[ByzFL-SNN]   [Step 300/500] (60.0%) | Val Acc: 0.7128 | Test Acc: 0.7221 | VRAM (Alloc/Reserved): 94.8/616.0 MiB | Time: 196.5s
[ByzFL-SNN]   [Step 350/500] (70.0%) | Val Acc: 0.7008 | Test Acc: 0.7126 | VRAM (Alloc/Reserved): 94.1/616.0 MiB | Time: 228.7s
[ByzFL-SNN]   [Step 400/500] (80.0%) | Val Acc: 0.7308 | Test Acc: 0.7330 | VRAM (Alloc/Reserved): 94.7/616.0 MiB | Time: 260.5s
[ByzFL-SNN]   [Step 450/500] (90.0%) | Val Acc: 0.7853 | Test Acc: 0.7872 | VRAM (Alloc/Reserved): 94.4/616.0 MiB | Time: 291.0s
[ByzFL-SNN] [Training Complete] Peak VRAM (Alloc/Reserved): 372.1/616.0 MiB | Total time: 319.1s

Training 196 done

[ByzFL-SNN] [Training Start] Model: cnn_mnist | Dataset: mnist
[ByzFL-SNN]   Aggregator: MultiKrum | Attack: Optimal_InnerProductManipulation
[ByzFL-SNN]   Distribution: gamma_similarity_niid (gamma=1.0)
[ByzFL-SNN]   Clients: 10 honest, 4 byzantine | Algorithm: DSGD
[ByzFL-SNN]   Learning Rate: 0.15 | Steps: 500 | Device: cuda:0
[ByzFL-SNN]   Validation samples: 12000 | Test samples: 10000
[ByzFL-SNN] Initial VRAM (Alloc/Reserved): 36.1/42.0 MiB
[ByzFL-SNN]   [Step 0/500] (0.0%) | Val Acc: 0.1542 | Test Acc: 0.1595 | VRAM (Alloc/Reserved): 44.3/64.0 MiB | Time: 3.8s
[ByzFL-SNN]   [Step 50/500] (10.0%) | Val Acc: 0.8953 | Test Acc: 0.8978 | VRAM (Alloc/Reserved): 93.7/620.0 MiB | Time: 136.3s
[ByzFL-SNN]   [Step 100/500] (20.0%) | Val Acc: 0.9273 | Test Acc: 0.9333 | VRAM (Alloc/Reserved): 94.3/620.0 MiB | Time: 283.6s
[ByzFL-SNN]   [Step 150/500] (30.0%) | Val Acc: 0.9416 | Test Acc: 0.9463 | VRAM (Alloc/Reserved): 94.6/620.0 MiB | Time: 426.5s
[ByzFL-SNN]   [Step 200/500] (40.0%) | Val Acc: 0.9493 | Test Acc: 0.9543 | VRAM (Alloc/Reserved): 93.9/620.0 MiB | Time: 569.9s
[ByzFL-SNN]   [Step 250/500] (50.0%) | Val Acc: 0.9577 | Test Acc: 0.9626 | VRAM (Alloc/Reserved): 94.3/620.0 MiB | Time: 715.4s
[ByzFL-SNN]   [Step 300/500] (60.0%) | Val Acc: 0.9589 | Test Acc: 0.9633 | VRAM (Alloc/Reserved): 94.5/620.0 MiB | Time: 859.6s
[ByzFL-SNN]   [Step 350/500] (70.0%) | Val Acc: 0.9608 | Test Acc: 0.9661 | VRAM (Alloc/Reserved): 94.4/620.0 MiB | Time: 1001.7s
[ByzFL-SNN]   [Step 400/500] (80.0%) | Val Acc: 0.9688 | Test Acc: 0.9722 | VRAM (Alloc/Reserved): 94.4/620.0 MiB | Time: 1145.4s
[ByzFL-SNN]   [Step 450/500] (90.0%) | Val Acc: 0.9717 | Test Acc: 0.9756 | VRAM (Alloc/Reserved): 93.7/620.0 MiB | Time: 1293.8s
[ByzFL-SNN] [Training Complete] Peak VRAM (Alloc/Reserved): 398.5/620.0 MiB | Total time: 1435.7s

Training 197 done

[ByzFL-SNN] [Training Start] Model: cnn_mnist | Dataset: mnist
[ByzFL-SNN]   Aggregator: GeometricMedian | Attack: Optimal_InnerProductManipulation
[ByzFL-SNN]   Distribution: gamma_similarity_niid (gamma=0.66)
[ByzFL-SNN]   Clients: 10 honest, 4 byzantine | Algorithm: DSGD
[ByzFL-SNN]   Learning Rate: 0.15 | Steps: 500 | Device: cuda:1
[ByzFL-SNN]   Validation samples: 12000 | Test samples: 10000
[ByzFL-SNN] Initial VRAM (Alloc/Reserved): 36.1/42.0 MiB
[ByzFL-SNN]   [Step 0/500] (0.0%) | Val Acc: 0.1542 | Test Acc: 0.1595 | VRAM (Alloc/Reserved): 44.3/64.0 MiB | Time: 3.6s
[ByzFL-SNN]   [Step 50/500] (10.0%) | Val Acc: 0.6681 | Test Acc: 0.6655 | VRAM (Alloc/Reserved): 93.8/618.0 MiB | Time: 138.3s
[ByzFL-SNN]   [Step 100/500] (20.0%) | Val Acc: 0.8357 | Test Acc: 0.8459 | VRAM (Alloc/Reserved): 93.2/618.0 MiB | Time: 256.9s
[ByzFL-SNN]   [Step 150/500] (30.0%) | Val Acc: 0.9187 | Test Acc: 0.9266 | VRAM (Alloc/Reserved): 93.9/618.0 MiB | Time: 383.3s
[ByzFL-SNN]   [Step 200/500] (40.0%) | Val Acc: 0.9433 | Test Acc: 0.9473 | VRAM (Alloc/Reserved): 93.8/618.0 MiB | Time: 506.4s
[ByzFL-SNN]   [Step 250/500] (50.0%) | Val Acc: 0.9437 | Test Acc: 0.9506 | VRAM (Alloc/Reserved): 94.3/618.0 MiB | Time: 624.0s
[ByzFL-SNN]   [Step 300/500] (60.0%) | Val Acc: 0.9581 | Test Acc: 0.9623 | VRAM (Alloc/Reserved): 93.3/618.0 MiB | Time: 742.1s
[ByzFL-SNN]   [Step 350/500] (70.0%) | Val Acc: 0.9457 | Test Acc: 0.9510 | VRAM (Alloc/Reserved): 95.7/618.0 MiB | Time: 865.4s
[ByzFL-SNN]   [Step 400/500] (80.0%) | Val Acc: 0.9655 | Test Acc: 0.9691 | VRAM (Alloc/Reserved): 94.2/618.0 MiB | Time: 984.7s
[ByzFL-SNN]   [Step 450/500] (90.0%) | Val Acc: 0.9623 | Test Acc: 0.9670 | VRAM (Alloc/Reserved): 93.8/618.0 MiB | Time: 1104.0s
[ByzFL-SNN] [Training Complete] Peak VRAM (Alloc/Reserved): 401.1/618.0 MiB | Total time: 1215.9s

Training 198 done

[ByzFL-SNN] [Training Start] Model: cnn_mnist | Dataset: mnist
[ByzFL-SNN]   Aggregator: GeometricMedian | Attack: Optimal_InnerProductManipulation
[ByzFL-SNN]   Distribution: gamma_similarity_niid (gamma=0.66)
[ByzFL-SNN]   Clients: 10 honest, 4 byzantine | Algorithm: DSGD
[ByzFL-SNN]   Learning Rate: 0.15 | Steps: 500 | Device: cuda:0
[ByzFL-SNN]   Validation samples: 12000 | Test samples: 10000
[ByzFL-SNN] Initial VRAM (Alloc/Reserved): 36.1/42.0 MiB
[ByzFL-SNN]   [Step 0/500] (0.0%) | Val Acc: 0.1542 | Test Acc: 0.1595 | VRAM (Alloc/Reserved): 44.3/64.0 MiB | Time: 3.6s
[ByzFL-SNN]   [Step 50/500] (10.0%) | Val Acc: 0.5690 | Test Acc: 0.5783 | VRAM (Alloc/Reserved): 93.8/618.0 MiB | Time: 139.0s
[ByzFL-SNN]   [Step 100/500] (20.0%) | Val Acc: 0.8470 | Test Acc: 0.8568 | VRAM (Alloc/Reserved): 93.2/618.0 MiB | Time: 279.3s
[ByzFL-SNN]   [Step 150/500] (30.0%) | Val Acc: 0.9107 | Test Acc: 0.9189 | VRAM (Alloc/Reserved): 93.9/618.0 MiB | Time: 408.8s
[ByzFL-SNN]   [Step 200/500] (40.0%) | Val Acc: 0.9095 | Test Acc: 0.9182 | VRAM (Alloc/Reserved): 93.8/618.0 MiB | Time: 541.3s
[ByzFL-SNN]   [Step 250/500] (50.0%) | Val Acc: 0.9413 | Test Acc: 0.9457 | VRAM (Alloc/Reserved): 94.3/618.0 MiB | Time: 678.3s
[ByzFL-SNN]   [Step 300/500] (60.0%) | Val Acc: 0.9557 | Test Acc: 0.9613 | VRAM (Alloc/Reserved): 93.3/618.0 MiB | Time: 804.1s
[ByzFL-SNN]   [Step 350/500] (70.0%) | Val Acc: 0.9602 | Test Acc: 0.9652 | VRAM (Alloc/Reserved): 95.7/618.0 MiB | Time: 932.0s
[ByzFL-SNN]   [Step 400/500] (80.0%) | Val Acc: 0.9673 | Test Acc: 0.9713 | VRAM (Alloc/Reserved): 94.2/618.0 MiB | Time: 1068.7s
[ByzFL-SNN]   [Step 450/500] (90.0%) | Val Acc: 0.9672 | Test Acc: 0.9709 | VRAM (Alloc/Reserved): 93.8/618.0 MiB | Time: 1200.4s
[ByzFL-SNN] [Training Complete] Peak VRAM (Alloc/Reserved): 401.1/618.0 MiB | Total time: 1331.2s

Training 199 done

[ByzFL-SNN] [Training Start] Model: cnn_mnist | Dataset: mnist
[ByzFL-SNN]   Aggregator: GeometricMedian | Attack: Optimal_ALittleIsEnough_neg1
[ByzFL-SNN]   Distribution: gamma_similarity_niid (gamma=0.66)
[ByzFL-SNN]   Clients: 10 honest, 4 byzantine | Algorithm: DSGD
[ByzFL-SNN]   Learning Rate: 0.15 | Steps: 500 | Device: cuda:1
[ByzFL-SNN]   Validation samples: 12000 | Test samples: 10000
[ByzFL-SNN] Initial VRAM (Alloc/Reserved): 36.1/42.0 MiB
[ByzFL-SNN]   [Step 0/500] (0.0%) | Val Acc: 0.1542 | Test Acc: 0.1595 | VRAM (Alloc/Reserved): 44.3/64.0 MiB | Time: 3.8s
[ByzFL-SNN]   [Step 50/500] (10.0%) | Val Acc: 0.2357 | Test Acc: 0.2366 | VRAM (Alloc/Reserved): 93.7/618.0 MiB | Time: 139.9s
[ByzFL-SNN]   [Step 100/500] (20.0%) | Val Acc: 0.5730 | Test Acc: 0.5856 | VRAM (Alloc/Reserved): 94.7/618.0 MiB | Time: 285.9s
[ByzFL-SNN]   [Step 150/500] (30.0%) | Val Acc: 0.8327 | Test Acc: 0.8423 | VRAM (Alloc/Reserved): 94.4/618.0 MiB | Time: 428.4s
[ByzFL-SNN]   [Step 200/500] (40.0%) | Val Acc: 0.9199 | Test Acc: 0.9320 | VRAM (Alloc/Reserved): 93.9/618.0 MiB | Time: 563.8s
[ByzFL-SNN]   [Step 250/500] (50.0%) | Val Acc: 0.9153 | Test Acc: 0.9214 | VRAM (Alloc/Reserved): 93.5/618.0 MiB | Time: 700.4s
[ByzFL-SNN]   [Step 300/500] (60.0%) | Val Acc: 0.8961 | Test Acc: 0.9064 | VRAM (Alloc/Reserved): 93.0/618.0 MiB | Time: 838.7s
[ByzFL-SNN]   [Step 350/500] (70.0%) | Val Acc: 0.9282 | Test Acc: 0.9337 | VRAM (Alloc/Reserved): 94.2/618.0 MiB | Time: 979.4s
[ByzFL-SNN]   [Step 400/500] (80.0%) | Val Acc: 0.8567 | Test Acc: 0.8642 | VRAM (Alloc/Reserved): 93.8/618.0 MiB | Time: 1114.9s
[ByzFL-SNN]   [Step 450/500] (90.0%) | Val Acc: 0.8410 | Test Acc: 0.8571 | VRAM (Alloc/Reserved): 94.9/618.0 MiB | Time: 1250.8s
[ByzFL-SNN] [Training Complete] Peak VRAM (Alloc/Reserved): 398.9/618.0 MiB | Total time: 1385.1s

Training 200 done

[ByzFL-SNN] [Training Start] Model: cnn_mnist | Dataset: mnist
[ByzFL-SNN]   Aggregator: CenteredClipping | Attack: SignFlipping
[ByzFL-SNN]   Distribution: gamma_similarity_niid (gamma=0.33)
[ByzFL-SNN]   Clients: 10 honest, 4 byzantine | Algorithm: DSGD
[ByzFL-SNN]   Learning Rate: 0.15 | Steps: 500 | Device: cuda:0
[ByzFL-SNN]   Validation samples: 12000 | Test samples: 10000
[ByzFL-SNN] Initial VRAM (Alloc/Reserved): 36.1/42.0 MiB
[ByzFL-SNN]   [Step 0/500] (0.0%) | Val Acc: 0.1542 | Test Acc: 0.1595 | VRAM (Alloc/Reserved): 44.3/64.0 MiB | Time: 3.7s
[ByzFL-SNN]   [Step 50/500] (10.0%) | Val Acc: 0.1133 | Test Acc: 0.1135 | VRAM (Alloc/Reserved): 96.5/616.0 MiB | Time: 39.5s
[ByzFL-SNN]   [Step 100/500] (20.0%) | Val Acc: 0.4243 | Test Acc: 0.4341 | VRAM (Alloc/Reserved): 95.9/616.0 MiB | Time: 73.6s
[ByzFL-SNN]   [Step 150/500] (30.0%) | Val Acc: 0.6141 | Test Acc: 0.6212 | VRAM (Alloc/Reserved): 95.4/616.0 MiB | Time: 108.5s
[ByzFL-SNN]   [Step 200/500] (40.0%) | Val Acc: 0.7337 | Test Acc: 0.7376 | VRAM (Alloc/Reserved): 95.1/616.0 MiB | Time: 141.8s
[ByzFL-SNN]   [Step 250/500] (50.0%) | Val Acc: 0.7848 | Test Acc: 0.7861 | VRAM (Alloc/Reserved): 96.6/616.0 MiB | Time: 176.9s
[ByzFL-SNN]   [Step 300/500] (60.0%) | Val Acc: 0.7969 | Test Acc: 0.8002 | VRAM (Alloc/Reserved): 96.4/616.0 MiB | Time: 211.4s
[ByzFL-SNN]   [Step 350/500] (70.0%) | Val Acc: 0.8083 | Test Acc: 0.8108 | VRAM (Alloc/Reserved): 95.5/616.0 MiB | Time: 246.5s
[ByzFL-SNN]   [Step 400/500] (80.0%) | Val Acc: 0.7843 | Test Acc: 0.7869 | VRAM (Alloc/Reserved): 96.2/616.0 MiB | Time: 281.4s
[ByzFL-SNN]   [Step 450/500] (90.0%) | Val Acc: 0.7224 | Test Acc: 0.7267 | VRAM (Alloc/Reserved): 96.7/616.0 MiB | Time: 316.5s
[ByzFL-SNN] [Training Complete] Peak VRAM (Alloc/Reserved): 373.9/616.0 MiB | Total time: 348.5s

Training 201 done

[ByzFL-SNN] [Training Start] Model: cnn_mnist | Dataset: mnist
[ByzFL-SNN]   Aggregator: CenteredClipping | Attack: SignFlipping
[ByzFL-SNN]   Distribution: gamma_similarity_niid (gamma=0.33)
[ByzFL-SNN]   Clients: 10 honest, 4 byzantine | Algorithm: DSGD
[ByzFL-SNN]   Learning Rate: 0.15 | Steps: 500 | Device: cuda:1
[ByzFL-SNN]   Validation samples: 12000 | Test samples: 10000
[ByzFL-SNN] Initial VRAM (Alloc/Reserved): 36.1/42.0 MiB
[ByzFL-SNN]   [Step 0/500] (0.0%) | Val Acc: 0.1542 | Test Acc: 0.1595 | VRAM (Alloc/Reserved): 44.3/64.0 MiB | Time: 3.6s
[ByzFL-SNN]   [Step 50/500] (10.0%) | Val Acc: 0.2147 | Test Acc: 0.2169 | VRAM (Alloc/Reserved): 96.5/616.0 MiB | Time: 35.4s
[ByzFL-SNN]   [Step 100/500] (20.0%) | Val Acc: 0.5798 | Test Acc: 0.5904 | VRAM (Alloc/Reserved): 95.9/616.0 MiB | Time: 67.1s
[ByzFL-SNN]   [Step 150/500] (30.0%) | Val Acc: 0.6723 | Test Acc: 0.6871 | VRAM (Alloc/Reserved): 95.4/616.0 MiB | Time: 99.1s
[ByzFL-SNN]   [Step 200/500] (40.0%) | Val Acc: 0.7322 | Test Acc: 0.7387 | VRAM (Alloc/Reserved): 95.1/616.0 MiB | Time: 131.1s
[ByzFL-SNN]   [Step 250/500] (50.0%) | Val Acc: 0.7438 | Test Acc: 0.7487 | VRAM (Alloc/Reserved): 96.6/616.0 MiB | Time: 162.8s
[ByzFL-SNN]   [Step 300/500] (60.0%) | Val Acc: 0.7654 | Test Acc: 0.7686 | VRAM (Alloc/Reserved): 96.4/616.0 MiB | Time: 194.2s
[ByzFL-SNN]   [Step 350/500] (70.0%) | Val Acc: 0.7818 | Test Acc: 0.7806 | VRAM (Alloc/Reserved): 95.5/616.0 MiB | Time: 225.3s
[ByzFL-SNN]   [Step 400/500] (80.0%) | Val Acc: 0.8030 | Test Acc: 0.8082 | VRAM (Alloc/Reserved): 96.2/616.0 MiB | Time: 255.9s
[ByzFL-SNN]   [Step 450/500] (90.0%) | Val Acc: 0.7612 | Test Acc: 0.7622 | VRAM (Alloc/Reserved): 96.7/616.0 MiB | Time: 286.4s
[ByzFL-SNN] [Training Complete] Peak VRAM (Alloc/Reserved): 373.9/616.0 MiB | Total time: 314.2s

Training 202 done

[ByzFL-SNN] [Training Start] Model: cnn_mnist | Dataset: mnist
[ByzFL-SNN]   Aggregator: GeometricMedian | Attack: Optimal_ALittleIsEnough_neg1
[ByzFL-SNN]   Distribution: gamma_similarity_niid (gamma=0.66)
[ByzFL-SNN]   Clients: 10 honest, 4 byzantine | Algorithm: DSGD
[ByzFL-SNN]   Learning Rate: 0.15 | Steps: 500 | Device: cuda:0
[ByzFL-SNN]   Validation samples: 12000 | Test samples: 10000
[ByzFL-SNN] Initial VRAM (Alloc/Reserved): 36.1/42.0 MiB
[ByzFL-SNN]   [Step 0/500] (0.0%) | Val Acc: 0.1542 | Test Acc: 0.1595 | VRAM (Alloc/Reserved): 44.3/64.0 MiB | Time: 3.7s
[ByzFL-SNN]   [Step 50/500] (10.0%) | Val Acc: 0.2842 | Test Acc: 0.2964 | VRAM (Alloc/Reserved): 93.7/618.0 MiB | Time: 152.9s
[ByzFL-SNN]   [Step 100/500] (20.0%) | Val Acc: 0.6396 | Test Acc: 0.6543 | VRAM (Alloc/Reserved): 94.7/618.0 MiB | Time: 298.1s
[ByzFL-SNN]   [Step 150/500] (30.0%) | Val Acc: 0.8863 | Test Acc: 0.9036 | VRAM (Alloc/Reserved): 94.4/618.0 MiB | Time: 445.8s
[ByzFL-SNN]   [Step 200/500] (40.0%) | Val Acc: 0.9184 | Test Acc: 0.9272 | VRAM (Alloc/Reserved): 93.9/618.0 MiB | Time: 598.6s
[ByzFL-SNN]   [Step 250/500] (50.0%) | Val Acc: 0.9311 | Test Acc: 0.9391 | VRAM (Alloc/Reserved): 93.5/618.0 MiB | Time: 751.9s
[ByzFL-SNN]   [Step 300/500] (60.0%) | Val Acc: 0.9026 | Test Acc: 0.9115 | VRAM (Alloc/Reserved): 93.0/618.0 MiB | Time: 900.0s
[ByzFL-SNN]   [Step 350/500] (70.0%) | Val Acc: 0.8678 | Test Acc: 0.8822 | VRAM (Alloc/Reserved): 94.2/618.0 MiB | Time: 1049.8s
[ByzFL-SNN]   [Step 400/500] (80.0%) | Val Acc: 0.8733 | Test Acc: 0.8792 | VRAM (Alloc/Reserved): 93.8/618.0 MiB | Time: 1203.2s
[ByzFL-SNN]   [Step 450/500] (90.0%) | Val Acc: 0.9193 | Test Acc: 0.9254 | VRAM (Alloc/Reserved): 94.9/618.0 MiB | Time: 1353.6s
[ByzFL-SNN] [Training Complete] Peak VRAM (Alloc/Reserved): 398.9/618.0 MiB | Total time: 1501.6s

Training 203 done

[ByzFL-SNN] [Training Start] Model: cnn_mnist | Dataset: mnist
[ByzFL-SNN]   Aggregator: CenteredClipping | Attack: Optimal_ALittleIsEnough_neg1
[ByzFL-SNN]   Distribution: gamma_similarity_niid (gamma=0.66)
[ByzFL-SNN]   Clients: 10 honest, 4 byzantine | Algorithm: DSGD
[ByzFL-SNN]   Learning Rate: 0.15 | Steps: 500 | Device: cuda:1
[ByzFL-SNN]   Validation samples: 12000 | Test samples: 10000
[ByzFL-SNN] Initial VRAM (Alloc/Reserved): 36.1/42.0 MiB
[ByzFL-SNN]   [Step 0/500] (0.0%) | Val Acc: 0.1542 | Test Acc: 0.1595 | VRAM (Alloc/Reserved): 44.3/64.0 MiB | Time: 3.7s
[ByzFL-SNN]   [Step 50/500] (10.0%) | Val Acc: 0.2283 | Test Acc: 0.2379 | VRAM (Alloc/Reserved): 98.1/618.0 MiB | Time: 134.1s
[ByzFL-SNN]   [Step 100/500] (20.0%) | Val Acc: 0.7518 | Test Acc: 0.7635 | VRAM (Alloc/Reserved): 97.7/618.0 MiB | Time: 274.9s
[ByzFL-SNN]   [Step 150/500] (30.0%) | Val Acc: 0.8802 | Test Acc: 0.8879 | VRAM (Alloc/Reserved): 97.3/618.0 MiB | Time: 408.8s
[ByzFL-SNN]   [Step 200/500] (40.0%) | Val Acc: 0.9305 | Test Acc: 0.9413 | VRAM (Alloc/Reserved): 98.3/618.0 MiB | Time: 543.6s
[ByzFL-SNN]   [Step 250/500] (50.0%) | Val Acc: 0.9326 | Test Acc: 0.9428 | VRAM (Alloc/Reserved): 96.6/618.0 MiB | Time: 680.0s
[ByzFL-SNN]   [Step 300/500] (60.0%) | Val Acc: 0.9287 | Test Acc: 0.9380 | VRAM (Alloc/Reserved): 96.7/618.0 MiB | Time: 817.5s
[ByzFL-SNN]   [Step 350/500] (70.0%) | Val Acc: 0.9215 | Test Acc: 0.9270 | VRAM (Alloc/Reserved): 96.6/618.0 MiB | Time: 949.6s
[ByzFL-SNN]   [Step 400/500] (80.0%) | Val Acc: 0.8762 | Test Acc: 0.8797 | VRAM (Alloc/Reserved): 97.2/618.0 MiB | Time: 1081.8s
[ByzFL-SNN]   [Step 450/500] (90.0%) | Val Acc: 0.9058 | Test Acc: 0.9101 | VRAM (Alloc/Reserved): 97.5/618.0 MiB | Time: 1215.4s
[ByzFL-SNN] [Training Complete] Peak VRAM (Alloc/Reserved): 403.8/618.0 MiB | Total time: 1344.3s

Training 204 done

[ByzFL-SNN] [Training Start] Model: cnn_mnist | Dataset: mnist
[ByzFL-SNN]   Aggregator: CenteredClipping | Attack: Optimal_InnerProductManipulation
[ByzFL-SNN]   Distribution: gamma_similarity_niid (gamma=0.66)
[ByzFL-SNN]   Clients: 10 honest, 4 byzantine | Algorithm: DSGD
[ByzFL-SNN]   Learning Rate: 0.15 | Steps: 500 | Device: cuda:1
[ByzFL-SNN]   Validation samples: 12000 | Test samples: 10000
[ByzFL-SNN] Initial VRAM (Alloc/Reserved): 36.1/42.0 MiB
[ByzFL-SNN]   [Step 0/500] (0.0%) | Val Acc: 0.1542 | Test Acc: 0.1595 | VRAM (Alloc/Reserved): 44.3/64.0 MiB | Time: 3.6s
[ByzFL-SNN]   [Step 50/500] (10.0%) | Val Acc: 0.6937 | Test Acc: 0.6941 | VRAM (Alloc/Reserved): 97.7/618.0 MiB | Time: 123.4s
[ByzFL-SNN]   [Step 100/500] (20.0%) | Val Acc: 0.8368 | Test Acc: 0.8427 | VRAM (Alloc/Reserved): 97.3/618.0 MiB | Time: 238.4s
[ByzFL-SNN]   [Step 150/500] (30.0%) | Val Acc: 0.9106 | Test Acc: 0.9166 | VRAM (Alloc/Reserved): 98.9/618.0 MiB | Time: 363.3s
[ByzFL-SNN]   [Step 200/500] (40.0%) | Val Acc: 0.9199 | Test Acc: 0.9276 | VRAM (Alloc/Reserved): 98.7/618.0 MiB | Time: 485.3s
[ByzFL-SNN]   [Step 250/500] (50.0%) | Val Acc: 0.9287 | Test Acc: 0.9317 | VRAM (Alloc/Reserved): 96.4/618.0 MiB | Time: 610.4s
[ByzFL-SNN]   [Step 300/500] (60.0%) | Val Acc: 0.9393 | Test Acc: 0.9450 | VRAM (Alloc/Reserved): 97.2/618.0 MiB | Time: 738.0s
[ByzFL-SNN]   [Step 350/500] (70.0%) | Val Acc: 0.9517 | Test Acc: 0.9579 | VRAM (Alloc/Reserved): 97.9/618.0 MiB | Time: 861.2s
[ByzFL-SNN]   [Step 400/500] (80.0%) | Val Acc: 0.9544 | Test Acc: 0.9597 | VRAM (Alloc/Reserved): 96.5/618.0 MiB | Time: 983.6s
[ByzFL-SNN]   [Step 450/500] (90.0%) | Val Acc: 0.9551 | Test Acc: 0.9610 | VRAM (Alloc/Reserved): 97.0/618.0 MiB | Time: 1102.1s
[ByzFL-SNN] [Training Complete] Peak VRAM (Alloc/Reserved): 403.8/618.0 MiB | Total time: 1220.4s

Training 205 done

[ByzFL-SNN] [Training Start] Model: cnn_mnist | Dataset: mnist
[ByzFL-SNN]   Aggregator: TrMean | Attack: SignFlipping
[ByzFL-SNN]   Distribution: gamma_similarity_niid (gamma=0.33)
[ByzFL-SNN]   Clients: 10 honest, 4 byzantine | Algorithm: DSGD
[ByzFL-SNN]   Learning Rate: 0.15 | Steps: 500 | Device: cuda:0
[ByzFL-SNN]   Validation samples: 12000 | Test samples: 10000
[ByzFL-SNN] Initial VRAM (Alloc/Reserved): 36.1/42.0 MiB
[ByzFL-SNN]   [Step 0/500] (0.0%) | Val Acc: 0.1542 | Test Acc: 0.1595 | VRAM (Alloc/Reserved): 44.3/64.0 MiB | Time: 3.6s
[ByzFL-SNN]   [Step 50/500] (10.0%) | Val Acc: 0.1023 | Test Acc: 0.0999 | VRAM (Alloc/Reserved): 94.1/616.0 MiB | Time: 39.2s
[ByzFL-SNN]   [Step 100/500] (20.0%) | Val Acc: 0.1034 | Test Acc: 0.1009 | VRAM (Alloc/Reserved): 95.0/616.0 MiB | Time: 74.2s
[ByzFL-SNN]   [Step 150/500] (30.0%) | Val Acc: 0.6791 | Test Acc: 0.6904 | VRAM (Alloc/Reserved): 94.4/616.0 MiB | Time: 109.4s
[ByzFL-SNN]   [Step 200/500] (40.0%) | Val Acc: 0.6559 | Test Acc: 0.6661 | VRAM (Alloc/Reserved): 94.7/616.0 MiB | Time: 143.8s
[ByzFL-SNN]   [Step 250/500] (50.0%) | Val Acc: 0.6123 | Test Acc: 0.6227 | VRAM (Alloc/Reserved): 92.9/616.0 MiB | Time: 178.4s
[ByzFL-SNN]   [Step 300/500] (60.0%) | Val Acc: 0.7198 | Test Acc: 0.7259 | VRAM (Alloc/Reserved): 93.6/616.0 MiB | Time: 213.6s
[ByzFL-SNN]   [Step 350/500] (70.0%) | Val Acc: 0.7185 | Test Acc: 0.7231 | VRAM (Alloc/Reserved): 93.8/616.0 MiB | Time: 246.9s
[ByzFL-SNN]   [Step 400/500] (80.0%) | Val Acc: 0.7692 | Test Acc: 0.7740 | VRAM (Alloc/Reserved): 95.1/616.0 MiB | Time: 279.4s
[ByzFL-SNN]   [Step 450/500] (90.0%) | Val Acc: 0.7867 | Test Acc: 0.7923 | VRAM (Alloc/Reserved): 93.7/616.0 MiB | Time: 313.0s
[ByzFL-SNN] [Training Complete] Peak VRAM (Alloc/Reserved): 372.2/616.0 MiB | Total time: 343.5s

Training 206 done

[ByzFL-SNN] [Training Start] Model: cnn_mnist | Dataset: mnist
[ByzFL-SNN]   Aggregator: TrMean | Attack: SignFlipping
[ByzFL-SNN]   Distribution: gamma_similarity_niid (gamma=0.33)
[ByzFL-SNN]   Clients: 10 honest, 4 byzantine | Algorithm: DSGD
[ByzFL-SNN]   Learning Rate: 0.15 | Steps: 500 | Device: cuda:1
[ByzFL-SNN]   Validation samples: 12000 | Test samples: 10000
[ByzFL-SNN] Initial VRAM (Alloc/Reserved): 36.1/42.0 MiB
[ByzFL-SNN]   [Step 0/500] (0.0%) | Val Acc: 0.1542 | Test Acc: 0.1595 | VRAM (Alloc/Reserved): 44.3/64.0 MiB | Time: 3.6s
[ByzFL-SNN]   [Step 50/500] (10.0%) | Val Acc: 0.1258 | Test Acc: 0.1274 | VRAM (Alloc/Reserved): 94.1/616.0 MiB | Time: 36.6s
[ByzFL-SNN]   [Step 100/500] (20.0%) | Val Acc: 0.2774 | Test Acc: 0.2753 | VRAM (Alloc/Reserved): 95.0/616.0 MiB | Time: 68.2s
[ByzFL-SNN]   [Step 150/500] (30.0%) | Val Acc: 0.5792 | Test Acc: 0.5923 | VRAM (Alloc/Reserved): 94.4/616.0 MiB | Time: 99.6s
[ByzFL-SNN]   [Step 200/500] (40.0%) | Val Acc: 0.7032 | Test Acc: 0.7133 | VRAM (Alloc/Reserved): 94.7/616.0 MiB | Time: 130.6s
[ByzFL-SNN]   [Step 250/500] (50.0%) | Val Acc: 0.6998 | Test Acc: 0.7071 | VRAM (Alloc/Reserved): 92.9/616.0 MiB | Time: 162.0s
[ByzFL-SNN]   [Step 300/500] (60.0%) | Val Acc: 0.7132 | Test Acc: 0.7233 | VRAM (Alloc/Reserved): 93.6/616.0 MiB | Time: 193.7s
[ByzFL-SNN]   [Step 350/500] (70.0%) | Val Acc: 0.8235 | Test Acc: 0.8289 | VRAM (Alloc/Reserved): 93.8/616.0 MiB | Time: 225.8s
[ByzFL-SNN]   [Step 400/500] (80.0%) | Val Acc: 0.8413 | Test Acc: 0.8402 | VRAM (Alloc/Reserved): 95.1/616.0 MiB | Time: 257.6s
[ByzFL-SNN]   [Step 450/500] (90.0%) | Val Acc: 0.8582 | Test Acc: 0.8652 | VRAM (Alloc/Reserved): 93.7/616.0 MiB | Time: 289.0s
[ByzFL-SNN] [Training Complete] Peak VRAM (Alloc/Reserved): 372.2/616.0 MiB | Total time: 317.5s

Training 207 done

[ByzFL-SNN] [Training Start] Model: cnn_mnist | Dataset: mnist
[ByzFL-SNN]   Aggregator: CenteredClipping | Attack: Optimal_InnerProductManipulation
[ByzFL-SNN]   Distribution: gamma_similarity_niid (gamma=0.66)
[ByzFL-SNN]   Clients: 10 honest, 4 byzantine | Algorithm: DSGD
[ByzFL-SNN]   Learning Rate: 0.15 | Steps: 500 | Device: cuda:0
[ByzFL-SNN]   Validation samples: 12000 | Test samples: 10000
[ByzFL-SNN] Initial VRAM (Alloc/Reserved): 36.1/42.0 MiB
[ByzFL-SNN]   [Step 0/500] (0.0%) | Val Acc: 0.1542 | Test Acc: 0.1595 | VRAM (Alloc/Reserved): 44.3/64.0 MiB | Time: 3.8s
[ByzFL-SNN]   [Step 50/500] (10.0%) | Val Acc: 0.6893 | Test Acc: 0.6958 | VRAM (Alloc/Reserved): 97.7/618.0 MiB | Time: 124.5s
[ByzFL-SNN]   [Step 100/500] (20.0%) | Val Acc: 0.8197 | Test Acc: 0.8248 | VRAM (Alloc/Reserved): 97.3/618.0 MiB | Time: 262.8s
[ByzFL-SNN]   [Step 150/500] (30.0%) | Val Acc: 0.8888 | Test Acc: 0.8920 | VRAM (Alloc/Reserved): 98.9/618.0 MiB | Time: 397.3s
[ByzFL-SNN]   [Step 200/500] (40.0%) | Val Acc: 0.9084 | Test Acc: 0.9166 | VRAM (Alloc/Reserved): 98.7/618.0 MiB | Time: 528.8s
[ByzFL-SNN]   [Step 250/500] (50.0%) | Val Acc: 0.9214 | Test Acc: 0.9260 | VRAM (Alloc/Reserved): 96.4/618.0 MiB | Time: 658.3s
[ByzFL-SNN]   [Step 300/500] (60.0%) | Val Acc: 0.9289 | Test Acc: 0.9359 | VRAM (Alloc/Reserved): 97.2/618.0 MiB | Time: 794.7s
[ByzFL-SNN]   [Step 350/500] (70.0%) | Val Acc: 0.9337 | Test Acc: 0.9380 | VRAM (Alloc/Reserved): 97.9/618.0 MiB | Time: 921.5s
[ByzFL-SNN]   [Step 400/500] (80.0%) | Val Acc: 0.9557 | Test Acc: 0.9580 | VRAM (Alloc/Reserved): 96.5/618.0 MiB | Time: 1052.8s
[ByzFL-SNN]   [Step 450/500] (90.0%) | Val Acc: 0.9540 | Test Acc: 0.9560 | VRAM (Alloc/Reserved): 97.0/618.0 MiB | Time: 1180.4s
[ByzFL-SNN] [Training Complete] Peak VRAM (Alloc/Reserved): 403.8/618.0 MiB | Total time: 1305.9s

Training 208 done

[ByzFL-SNN] [Training Start] Model: cnn_mnist | Dataset: mnist
[ByzFL-SNN]   Aggregator: CenteredClipping | Attack: Optimal_ALittleIsEnough_neg1
[ByzFL-SNN]   Distribution: gamma_similarity_niid (gamma=0.66)
[ByzFL-SNN]   Clients: 10 honest, 4 byzantine | Algorithm: DSGD
[ByzFL-SNN]   Learning Rate: 0.15 | Steps: 500 | Device: cuda:0
[ByzFL-SNN]   Validation samples: 12000 | Test samples: 10000
[ByzFL-SNN] Initial VRAM (Alloc/Reserved): 36.1/42.0 MiB
[ByzFL-SNN]   [Step 0/500] (0.0%) | Val Acc: 0.1542 | Test Acc: 0.1595 | VRAM (Alloc/Reserved): 44.3/64.0 MiB | Time: 3.7s
[ByzFL-SNN]   [Step 50/500] (10.0%) | Val Acc: 0.2507 | Test Acc: 0.2596 | VRAM (Alloc/Reserved): 98.1/618.0 MiB | Time: 148.7s
[ByzFL-SNN]   [Step 100/500] (20.0%) | Val Acc: 0.5969 | Test Acc: 0.6103 | VRAM (Alloc/Reserved): 97.7/618.0 MiB | Time: 298.7s
[ByzFL-SNN]   [Step 150/500] (30.0%) | Val Acc: 0.9069 | Test Acc: 0.9133 | VRAM (Alloc/Reserved): 97.3/618.0 MiB | Time: 447.4s
[ByzFL-SNN]   [Step 200/500] (40.0%) | Val Acc: 0.9162 | Test Acc: 0.9281 | VRAM (Alloc/Reserved): 98.3/618.0 MiB | Time: 599.1s
[ByzFL-SNN]   [Step 250/500] (50.0%) | Val Acc: 0.9137 | Test Acc: 0.9174 | VRAM (Alloc/Reserved): 96.6/618.0 MiB | Time: 744.6s
[ByzFL-SNN]   [Step 300/500] (60.0%) | Val Acc: 0.9396 | Test Acc: 0.9484 | VRAM (Alloc/Reserved): 96.7/618.0 MiB | Time: 894.7s
[ByzFL-SNN]   [Step 350/500] (70.0%) | Val Acc: 0.9174 | Test Acc: 0.9233 | VRAM (Alloc/Reserved): 96.6/618.0 MiB | Time: 1047.6s
[ByzFL-SNN]   [Step 400/500] (80.0%) | Val Acc: 0.9210 | Test Acc: 0.9225 | VRAM (Alloc/Reserved): 97.2/618.0 MiB | Time: 1199.1s
[ByzFL-SNN]   [Step 450/500] (90.0%) | Val Acc: 0.8564 | Test Acc: 0.8612 | VRAM (Alloc/Reserved): 97.5/618.0 MiB | Time: 1349.2s
[ByzFL-SNN] [Training Complete] Peak VRAM (Alloc/Reserved): 403.8/618.0 MiB | Total time: 1496.8s

Training 209 done

[ByzFL-SNN] [Training Start] Model: cnn_mnist | Dataset: mnist
[ByzFL-SNN]   Aggregator: TrMean | Attack: Optimal_ALittleIsEnough_neg1
[ByzFL-SNN]   Distribution: gamma_similarity_niid (gamma=0.66)
[ByzFL-SNN]   Clients: 10 honest, 4 byzantine | Algorithm: DSGD
[ByzFL-SNN]   Learning Rate: 0.15 | Steps: 500 | Device: cuda:1
[ByzFL-SNN]   Validation samples: 12000 | Test samples: 10000
[ByzFL-SNN] Initial VRAM (Alloc/Reserved): 36.1/42.0 MiB
[ByzFL-SNN]   [Step 0/500] (0.0%) | Val Acc: 0.1542 | Test Acc: 0.1595 | VRAM (Alloc/Reserved): 44.3/64.0 MiB | Time: 4.1s
[ByzFL-SNN]   [Step 50/500] (10.0%) | Val Acc: 0.3762 | Test Acc: 0.3799 | VRAM (Alloc/Reserved): 94.0/618.0 MiB | Time: 137.4s
[ByzFL-SNN]   [Step 100/500] (20.0%) | Val Acc: 0.5850 | Test Acc: 0.5885 | VRAM (Alloc/Reserved): 94.3/618.0 MiB | Time: 279.6s
[ByzFL-SNN]   [Step 150/500] (30.0%) | Val Acc: 0.9244 | Test Acc: 0.9351 | VRAM (Alloc/Reserved): 93.7/618.0 MiB | Time: 412.3s
[ByzFL-SNN]   [Step 200/500] (40.0%) | Val Acc: 0.9130 | Test Acc: 0.9196 | VRAM (Alloc/Reserved): 93.5/618.0 MiB | Time: 551.0s
[ByzFL-SNN]   [Step 250/500] (50.0%) | Val Acc: 0.9211 | Test Acc: 0.9306 | VRAM (Alloc/Reserved): 94.3/618.0 MiB | Time: 688.4s
[ByzFL-SNN]   [Step 300/500] (60.0%) | Val Acc: 0.8987 | Test Acc: 0.9080 | VRAM (Alloc/Reserved): 93.0/618.0 MiB | Time: 822.4s
[ByzFL-SNN]   [Step 350/500] (70.0%) | Val Acc: 0.8851 | Test Acc: 0.8929 | VRAM (Alloc/Reserved): 94.3/618.0 MiB | Time: 957.6s
[ByzFL-SNN]   [Step 400/500] (80.0%) | Val Acc: 0.9065 | Test Acc: 0.9070 | VRAM (Alloc/Reserved): 93.4/618.0 MiB | Time: 1088.9s
[ByzFL-SNN]   [Step 450/500] (90.0%) | Val Acc: 0.8849 | Test Acc: 0.8962 | VRAM (Alloc/Reserved): 92.8/618.0 MiB | Time: 1224.6s
[ByzFL-SNN] [Training Complete] Peak VRAM (Alloc/Reserved): 398.2/618.0 MiB | Total time: 1358.1s

Training 210 done

[ByzFL-SNN] [Training Start] Model: cnn_mnist | Dataset: mnist
[ByzFL-SNN]   Aggregator: TrMean | Attack: Optimal_InnerProductManipulation
[ByzFL-SNN]   Distribution: gamma_similarity_niid (gamma=0.66)
[ByzFL-SNN]   Clients: 10 honest, 4 byzantine | Algorithm: DSGD
[ByzFL-SNN]   Learning Rate: 0.15 | Steps: 500 | Device: cuda:1
[ByzFL-SNN]   Validation samples: 12000 | Test samples: 10000
[ByzFL-SNN] Initial VRAM (Alloc/Reserved): 36.1/42.0 MiB
[ByzFL-SNN]   [Step 0/500] (0.0%) | Val Acc: 0.1542 | Test Acc: 0.1595 | VRAM (Alloc/Reserved): 44.3/64.0 MiB | Time: 3.6s
[ByzFL-SNN]   [Step 50/500] (10.0%) | Val Acc: 0.7113 | Test Acc: 0.7118 | VRAM (Alloc/Reserved): 93.7/618.0 MiB | Time: 128.3s
[ByzFL-SNN]   [Step 100/500] (20.0%) | Val Acc: 0.8851 | Test Acc: 0.8940 | VRAM (Alloc/Reserved): 94.3/618.0 MiB | Time: 253.5s
[ByzFL-SNN]   [Step 150/500] (30.0%) | Val Acc: 0.9044 | Test Acc: 0.9160 | VRAM (Alloc/Reserved): 94.6/618.0 MiB | Time: 375.1s
[ByzFL-SNN]   [Step 200/500] (40.0%) | Val Acc: 0.9151 | Test Acc: 0.9234 | VRAM (Alloc/Reserved): 93.9/618.0 MiB | Time: 496.6s
[ByzFL-SNN]   [Step 250/500] (50.0%) | Val Acc: 0.9506 | Test Acc: 0.9572 | VRAM (Alloc/Reserved): 94.3/618.0 MiB | Time: 613.6s
[ByzFL-SNN]   [Step 300/500] (60.0%) | Val Acc: 0.9572 | Test Acc: 0.9617 | VRAM (Alloc/Reserved): 94.5/618.0 MiB | Time: 726.1s
[ByzFL-SNN]   [Step 350/500] (70.0%) | Val Acc: 0.9563 | Test Acc: 0.9584 | VRAM (Alloc/Reserved): 94.4/618.0 MiB | Time: 836.1s
[ByzFL-SNN]   [Step 400/500] (80.0%) | Val Acc: 0.9652 | Test Acc: 0.9700 | VRAM (Alloc/Reserved): 94.4/618.0 MiB | Time: 950.4s
[ByzFL-SNN]   [Step 450/500] (90.0%) | Val Acc: 0.9646 | Test Acc: 0.9685 | VRAM (Alloc/Reserved): 93.7/618.0 MiB | Time: 1064.7s
[ByzFL-SNN] [Training Complete] Peak VRAM (Alloc/Reserved): 398.5/618.0 MiB | Total time: 1180.9s

Training 211 done

[ByzFL-SNN] [Training Start] Model: cnn_mnist | Dataset: mnist
[ByzFL-SNN]   Aggregator: MultiKrum | Attack: SignFlipping
[ByzFL-SNN]   Distribution: gamma_similarity_niid (gamma=0.33)
[ByzFL-SNN]   Clients: 10 honest, 4 byzantine | Algorithm: DSGD
[ByzFL-SNN]   Learning Rate: 0.15 | Steps: 500 | Device: cuda:1
[ByzFL-SNN]   Validation samples: 12000 | Test samples: 10000
[ByzFL-SNN] Initial VRAM (Alloc/Reserved): 36.1/42.0 MiB
[ByzFL-SNN]   [Step 0/500] (0.0%) | Val Acc: 0.1542 | Test Acc: 0.1595 | VRAM (Alloc/Reserved): 44.3/64.0 MiB | Time: 3.6s
[ByzFL-SNN]   [Step 50/500] (10.0%) | Val Acc: 0.1133 | Test Acc: 0.1137 | VRAM (Alloc/Reserved): 94.1/616.0 MiB | Time: 35.9s
[ByzFL-SNN]   [Step 100/500] (20.0%) | Val Acc: 0.1037 | Test Acc: 0.1010 | VRAM (Alloc/Reserved): 95.0/616.0 MiB | Time: 66.6s
[ByzFL-SNN]   [Step 150/500] (30.0%) | Val Acc: 0.1044 | Test Acc: 0.1054 | VRAM (Alloc/Reserved): 94.4/616.0 MiB | Time: 98.0s
[ByzFL-SNN]   [Step 200/500] (40.0%) | Val Acc: 0.1245 | Test Acc: 0.1313 | VRAM (Alloc/Reserved): 94.7/616.0 MiB | Time: 129.4s
[ByzFL-SNN]   [Step 250/500] (50.0%) | Val Acc: 0.3147 | Test Acc: 0.3182 | VRAM (Alloc/Reserved): 92.9/616.0 MiB | Time: 161.1s
[ByzFL-SNN]   [Step 300/500] (60.0%) | Val Acc: 0.6650 | Test Acc: 0.6750 | VRAM (Alloc/Reserved): 93.6/616.0 MiB | Time: 193.8s
[ByzFL-SNN]   [Step 350/500] (70.0%) | Val Acc: 0.7030 | Test Acc: 0.7150 | VRAM (Alloc/Reserved): 93.8/616.0 MiB | Time: 227.5s
[ByzFL-SNN]   [Step 400/500] (80.0%) | Val Acc: 0.7398 | Test Acc: 0.7449 | VRAM (Alloc/Reserved): 95.1/616.0 MiB | Time: 259.3s
[ByzFL-SNN]   [Step 450/500] (90.0%) | Val Acc: 0.7652 | Test Acc: 0.7667 | VRAM (Alloc/Reserved): 93.7/616.0 MiB | Time: 290.8s
[ByzFL-SNN] [Training Complete] Peak VRAM (Alloc/Reserved): 372.2/616.0 MiB | Total time: 319.7s

Training 212 done

[ByzFL-SNN] [Training Start] Model: cnn_mnist | Dataset: mnist
[ByzFL-SNN]   Aggregator: MultiKrum | Attack: SignFlipping
[ByzFL-SNN]   Distribution: gamma_similarity_niid (gamma=0.33)
[ByzFL-SNN]   Clients: 10 honest, 4 byzantine | Algorithm: DSGD
[ByzFL-SNN]   Learning Rate: 0.15 | Steps: 500 | Device: cuda:0
[ByzFL-SNN]   Validation samples: 12000 | Test samples: 10000
[ByzFL-SNN] Initial VRAM (Alloc/Reserved): 36.1/42.0 MiB
[ByzFL-SNN]   [Step 0/500] (0.0%) | Val Acc: 0.1542 | Test Acc: 0.1595 | VRAM (Alloc/Reserved): 44.3/64.0 MiB | Time: 3.6s
[ByzFL-SNN]   [Step 50/500] (10.0%) | Val Acc: 0.1133 | Test Acc: 0.1135 | VRAM (Alloc/Reserved): 94.1/616.0 MiB | Time: 37.4s
[ByzFL-SNN]   [Step 100/500] (20.0%) | Val Acc: 0.1037 | Test Acc: 0.1010 | VRAM (Alloc/Reserved): 95.0/616.0 MiB | Time: 72.1s
[ByzFL-SNN]   [Step 150/500] (30.0%) | Val Acc: 0.1037 | Test Acc: 0.1010 | VRAM (Alloc/Reserved): 94.4/616.0 MiB | Time: 106.9s
[ByzFL-SNN]   [Step 200/500] (40.0%) | Val Acc: 0.1037 | Test Acc: 0.1010 | VRAM (Alloc/Reserved): 94.7/616.0 MiB | Time: 141.9s
[ByzFL-SNN]   [Step 250/500] (50.0%) | Val Acc: 0.1037 | Test Acc: 0.1010 | VRAM (Alloc/Reserved): 92.9/616.0 MiB | Time: 176.5s
[ByzFL-SNN]   [Step 300/500] (60.0%) | Val Acc: 0.1118 | Test Acc: 0.1098 | VRAM (Alloc/Reserved): 93.6/616.0 MiB | Time: 210.0s
[ByzFL-SNN]   [Step 350/500] (70.0%) | Val Acc: 0.1073 | Test Acc: 0.1053 | VRAM (Alloc/Reserved): 93.8/616.0 MiB | Time: 242.9s
[ByzFL-SNN]   [Step 400/500] (80.0%) | Val Acc: 0.0996 | Test Acc: 0.1033 | VRAM (Alloc/Reserved): 95.1/616.0 MiB | Time: 277.9s
[ByzFL-SNN]   [Step 450/500] (90.0%) | Val Acc: 0.1133 | Test Acc: 0.1135 | VRAM (Alloc/Reserved): 93.7/616.0 MiB | Time: 313.4s
[ByzFL-SNN] [Training Complete] Peak VRAM (Alloc/Reserved): 372.2/616.0 MiB | Total time: 345.0s

Training 213 done

[ByzFL-SNN] [Training Start] Model: cnn_mnist | Dataset: mnist
[ByzFL-SNN]   Aggregator: TrMean | Attack: Optimal_ALittleIsEnough_neg1
[ByzFL-SNN]   Distribution: gamma_similarity_niid (gamma=0.66)
[ByzFL-SNN]   Clients: 10 honest, 4 byzantine | Algorithm: DSGD
[ByzFL-SNN]   Learning Rate: 0.15 | Steps: 500 | Device: cuda:0
[ByzFL-SNN]   Validation samples: 12000 | Test samples: 10000
[ByzFL-SNN] Initial VRAM (Alloc/Reserved): 36.1/42.0 MiB
[ByzFL-SNN]   [Step 0/500] (0.0%) | Val Acc: 0.1542 | Test Acc: 0.1595 | VRAM (Alloc/Reserved): 44.3/64.0 MiB | Time: 3.7s
[ByzFL-SNN]   [Step 50/500] (10.0%) | Val Acc: 0.2988 | Test Acc: 0.2988 | VRAM (Alloc/Reserved): 94.0/618.0 MiB | Time: 149.0s
[ByzFL-SNN]   [Step 100/500] (20.0%) | Val Acc: 0.7107 | Test Acc: 0.7302 | VRAM (Alloc/Reserved): 94.3/618.0 MiB | Time: 298.2s
[ByzFL-SNN]   [Step 150/500] (30.0%) | Val Acc: 0.8105 | Test Acc: 0.8208 | VRAM (Alloc/Reserved): 93.7/618.0 MiB | Time: 446.0s
[ByzFL-SNN]   [Step 200/500] (40.0%) | Val Acc: 0.9401 | Test Acc: 0.9474 | VRAM (Alloc/Reserved): 93.5/618.0 MiB | Time: 591.8s
[ByzFL-SNN]   [Step 250/500] (50.0%) | Val Acc: 0.9395 | Test Acc: 0.9490 | VRAM (Alloc/Reserved): 94.3/618.0 MiB | Time: 742.8s
[ByzFL-SNN]   [Step 300/500] (60.0%) | Val Acc: 0.9295 | Test Acc: 0.9308 | VRAM (Alloc/Reserved): 93.0/618.0 MiB | Time: 892.6s
[ByzFL-SNN]   [Step 350/500] (70.0%) | Val Acc: 0.7866 | Test Acc: 0.7874 | VRAM (Alloc/Reserved): 94.3/618.0 MiB | Time: 1044.6s
[ByzFL-SNN]   [Step 400/500] (80.0%) | Val Acc: 0.6704 | Test Acc: 0.6822 | VRAM (Alloc/Reserved): 93.4/618.0 MiB | Time: 1196.5s
[ByzFL-SNN]   [Step 450/500] (90.0%) | Val Acc: 0.8749 | Test Acc: 0.8901 | VRAM (Alloc/Reserved): 92.8/618.0 MiB | Time: 1348.7s
[ByzFL-SNN] [Training Complete] Peak VRAM (Alloc/Reserved): 398.2/618.0 MiB | Total time: 1497.5s

Training 214 done

[ByzFL-SNN] [Training Start] Model: cnn_mnist | Dataset: mnist
[ByzFL-SNN]   Aggregator: TrMean | Attack: Optimal_InnerProductManipulation
[ByzFL-SNN]   Distribution: gamma_similarity_niid (gamma=0.66)
[ByzFL-SNN]   Clients: 10 honest, 4 byzantine | Algorithm: DSGD
[ByzFL-SNN]   Learning Rate: 0.15 | Steps: 500 | Device: cuda:0
[ByzFL-SNN]   Validation samples: 12000 | Test samples: 10000
[ByzFL-SNN] Initial VRAM (Alloc/Reserved): 36.1/42.0 MiB
[ByzFL-SNN]   [Step 0/500] (0.0%) | Val Acc: 0.1542 | Test Acc: 0.1595 | VRAM (Alloc/Reserved): 44.3/64.0 MiB | Time: 3.6s
[ByzFL-SNN]   [Step 50/500] (10.0%) | Val Acc: 0.6191 | Test Acc: 0.6251 | VRAM (Alloc/Reserved): 93.7/618.0 MiB | Time: 144.0s
[ByzFL-SNN]   [Step 100/500] (20.0%) | Val Acc: 0.8462 | Test Acc: 0.8548 | VRAM (Alloc/Reserved): 94.3/618.0 MiB | Time: 281.9s
[ByzFL-SNN]   [Step 150/500] (30.0%) | Val Acc: 0.8514 | Test Acc: 0.8620 | VRAM (Alloc/Reserved): 94.6/618.0 MiB | Time: 412.0s
[ByzFL-SNN]   [Step 200/500] (40.0%) | Val Acc: 0.9243 | Test Acc: 0.9326 | VRAM (Alloc/Reserved): 93.9/618.0 MiB | Time: 546.1s
[ByzFL-SNN]   [Step 250/500] (50.0%) | Val Acc: 0.9311 | Test Acc: 0.9383 | VRAM (Alloc/Reserved): 94.3/618.0 MiB | Time: 680.5s
[ByzFL-SNN]   [Step 300/500] (60.0%) | Val Acc: 0.9587 | Test Acc: 0.9636 | VRAM (Alloc/Reserved): 94.5/618.0 MiB | Time: 812.5s
[ByzFL-SNN]   [Step 350/500] (70.0%) | Val Acc: 0.9567 | Test Acc: 0.9602 | VRAM (Alloc/Reserved): 94.4/618.0 MiB | Time: 939.6s
[ByzFL-SNN]   [Step 400/500] (80.0%) | Val Acc: 0.9685 | Test Acc: 0.9718 | VRAM (Alloc/Reserved): 94.4/618.0 MiB | Time: 1071.0s
[ByzFL-SNN]   [Step 450/500] (90.0%) | Val Acc: 0.9701 | Test Acc: 0.9732 | VRAM (Alloc/Reserved): 93.7/618.0 MiB | Time: 1200.1s
[ByzFL-SNN] [Training Complete] Peak VRAM (Alloc/Reserved): 398.5/618.0 MiB | Total time: 1327.6s

Training 215 done

[ByzFL-SNN] [Training Start] Model: cnn_mnist | Dataset: mnist
[ByzFL-SNN]   Aggregator: MultiKrum | Attack: Optimal_ALittleIsEnough_neg1
[ByzFL-SNN]   Distribution: gamma_similarity_niid (gamma=0.66)
[ByzFL-SNN]   Clients: 10 honest, 4 byzantine | Algorithm: DSGD
[ByzFL-SNN]   Learning Rate: 0.15 | Steps: 500 | Device: cuda:1
[ByzFL-SNN]   Validation samples: 12000 | Test samples: 10000
[ByzFL-SNN] Initial VRAM (Alloc/Reserved): 36.1/42.0 MiB
[ByzFL-SNN]   [Step 0/500] (0.0%) | Val Acc: 0.1542 | Test Acc: 0.1595 | VRAM (Alloc/Reserved): 44.3/64.0 MiB | Time: 3.6s
[ByzFL-SNN]   [Step 50/500] (10.0%) | Val Acc: 0.2735 | Test Acc: 0.2797 | VRAM (Alloc/Reserved): 94.0/618.0 MiB | Time: 131.7s
[ByzFL-SNN]   [Step 100/500] (20.0%) | Val Acc: 0.3904 | Test Acc: 0.4092 | VRAM (Alloc/Reserved): 94.3/618.0 MiB | Time: 271.7s
[ByzFL-SNN]   [Step 150/500] (30.0%) | Val Acc: 0.8193 | Test Acc: 0.8288 | VRAM (Alloc/Reserved): 93.7/618.0 MiB | Time: 407.6s
[ByzFL-SNN]   [Step 200/500] (40.0%) | Val Acc: 0.9164 | Test Acc: 0.9272 | VRAM (Alloc/Reserved): 93.5/618.0 MiB | Time: 542.9s
[ByzFL-SNN]   [Step 250/500] (50.0%) | Val Acc: 0.9132 | Test Acc: 0.9193 | VRAM (Alloc/Reserved): 94.3/618.0 MiB | Time: 676.9s
[ByzFL-SNN]   [Step 300/500] (60.0%) | Val Acc: 0.6926 | Test Acc: 0.6957 | VRAM (Alloc/Reserved): 93.0/618.0 MiB | Time: 806.0s
[ByzFL-SNN]   [Step 350/500] (70.0%) | Val Acc: 0.9060 | Test Acc: 0.9145 | VRAM (Alloc/Reserved): 94.3/618.0 MiB | Time: 940.1s
[ByzFL-SNN]   [Step 400/500] (80.0%) | Val Acc: 0.8188 | Test Acc: 0.8232 | VRAM (Alloc/Reserved): 93.4/618.0 MiB | Time: 1073.7s
[ByzFL-SNN]   [Step 450/500] (90.0%) | Val Acc: 0.8179 | Test Acc: 0.8239 | VRAM (Alloc/Reserved): 92.8/618.0 MiB | Time: 1208.5s
[ByzFL-SNN] [Training Complete] Peak VRAM (Alloc/Reserved): 398.2/618.0 MiB | Total time: 1344.0s

Training 216 done

[ByzFL-SNN] [Training Start] Model: cnn_mnist | Dataset: mnist
[ByzFL-SNN]   Aggregator: GeometricMedian | Attack: SignFlipping
[ByzFL-SNN]   Distribution: gamma_similarity_niid (gamma=0.0)
[ByzFL-SNN]   Clients: 10 honest, 4 byzantine | Algorithm: DSGD
[ByzFL-SNN]   Learning Rate: 0.15 | Steps: 500 | Device: cuda:0
[ByzFL-SNN]   Validation samples: 12000 | Test samples: 10000
[ByzFL-SNN] Initial VRAM (Alloc/Reserved): 36.1/42.0 MiB
[ByzFL-SNN]   [Step 0/500] (0.0%) | Val Acc: 0.1542 | Test Acc: 0.1595 | VRAM (Alloc/Reserved): 44.3/64.0 MiB | Time: 4.0s
[ByzFL-SNN]   [Step 50/500] (10.0%) | Val Acc: 0.0990 | Test Acc: 0.0980 | VRAM (Alloc/Reserved): 93.7/614.0 MiB | Time: 38.2s
[ByzFL-SNN]   [Step 100/500] (20.0%) | Val Acc: 0.0990 | Test Acc: 0.0980 | VRAM (Alloc/Reserved): 94.4/614.0 MiB | Time: 69.1s
[ByzFL-SNN]   [Step 150/500] (30.0%) | Val Acc: 0.0990 | Test Acc: 0.0980 | VRAM (Alloc/Reserved): 95.0/614.0 MiB | Time: 101.3s
[ByzFL-SNN]   [Step 200/500] (40.0%) | Val Acc: 0.0990 | Test Acc: 0.0980 | VRAM (Alloc/Reserved): 94.7/614.0 MiB | Time: 134.5s
[ByzFL-SNN]   [Step 250/500] (50.0%) | Val Acc: 0.0990 | Test Acc: 0.0980 | VRAM (Alloc/Reserved): 94.0/614.0 MiB | Time: 167.7s
[ByzFL-SNN]   [Step 300/500] (60.0%) | Val Acc: 0.0990 | Test Acc: 0.0980 | VRAM (Alloc/Reserved): 94.8/614.0 MiB | Time: 200.8s
[ByzFL-SNN]   [Step 350/500] (70.0%) | Val Acc: 0.0990 | Test Acc: 0.0980 | VRAM (Alloc/Reserved): 94.1/614.0 MiB | Time: 233.3s
[ByzFL-SNN]   [Step 400/500] (80.0%) | Val Acc: 0.0990 | Test Acc: 0.0980 | VRAM (Alloc/Reserved): 94.7/614.0 MiB | Time: 265.6s
[ByzFL-SNN]   [Step 450/500] (90.0%) | Val Acc: 0.0990 | Test Acc: 0.0980 | VRAM (Alloc/Reserved): 94.4/614.0 MiB | Time: 296.6s
[ByzFL-SNN] [Training Complete] Peak VRAM (Alloc/Reserved): 372.1/614.0 MiB | Total time: 324.5s

Training 217 done

[ByzFL-SNN] [Training Start] Model: cnn_mnist | Dataset: mnist
[ByzFL-SNN]   Aggregator: GeometricMedian | Attack: SignFlipping
[ByzFL-SNN]   Distribution: gamma_similarity_niid (gamma=0.0)
[ByzFL-SNN]   Clients: 10 honest, 4 byzantine | Algorithm: DSGD
[ByzFL-SNN]   Learning Rate: 0.15 | Steps: 500 | Device: cuda:1
[ByzFL-SNN]   Validation samples: 12000 | Test samples: 10000
[ByzFL-SNN] Initial VRAM (Alloc/Reserved): 36.1/42.0 MiB
[ByzFL-SNN]   [Step 0/500] (0.0%) | Val Acc: 0.1542 | Test Acc: 0.1595 | VRAM (Alloc/Reserved): 44.3/64.0 MiB | Time: 3.7s
[ByzFL-SNN]   [Step 50/500] (10.0%) | Val Acc: 0.1153 | Test Acc: 0.1162 | VRAM (Alloc/Reserved): 93.7/614.0 MiB | Time: 38.3s
[ByzFL-SNN]   [Step 100/500] (20.0%) | Val Acc: 0.0997 | Test Acc: 0.1032 | VRAM (Alloc/Reserved): 94.4/614.0 MiB | Time: 71.3s
[ByzFL-SNN]   [Step 150/500] (30.0%) | Val Acc: 0.0990 | Test Acc: 0.0980 | VRAM (Alloc/Reserved): 95.0/614.0 MiB | Time: 101.9s
[ByzFL-SNN]   [Step 200/500] (40.0%) | Val Acc: 0.0990 | Test Acc: 0.0980 | VRAM (Alloc/Reserved): 94.7/614.0 MiB | Time: 132.0s
[ByzFL-SNN]   [Step 250/500] (50.0%) | Val Acc: 0.0990 | Test Acc: 0.0980 | VRAM (Alloc/Reserved): 94.0/614.0 MiB | Time: 161.2s
[ByzFL-SNN]   [Step 300/500] (60.0%) | Val Acc: 0.0990 | Test Acc: 0.0980 | VRAM (Alloc/Reserved): 94.8/614.0 MiB | Time: 191.9s
[ByzFL-SNN]   [Step 350/500] (70.0%) | Val Acc: 0.0990 | Test Acc: 0.0980 | VRAM (Alloc/Reserved): 94.1/614.0 MiB | Time: 222.2s
[ByzFL-SNN]   [Step 400/500] (80.0%) | Val Acc: 0.0990 | Test Acc: 0.0980 | VRAM (Alloc/Reserved): 94.7/614.0 MiB | Time: 253.6s
[ByzFL-SNN]   [Step 450/500] (90.0%) | Val Acc: 0.0990 | Test Acc: 0.0980 | VRAM (Alloc/Reserved): 94.4/614.0 MiB | Time: 285.4s
[ByzFL-SNN] [Training Complete] Peak VRAM (Alloc/Reserved): 372.1/614.0 MiB | Total time: 312.9s

Training 218 done

[ByzFL-SNN] [Training Start] Model: cnn_mnist | Dataset: mnist
[ByzFL-SNN]   Aggregator: MultiKrum | Attack: Optimal_InnerProductManipulation
[ByzFL-SNN]   Distribution: gamma_similarity_niid (gamma=0.66)
[ByzFL-SNN]   Clients: 10 honest, 4 byzantine | Algorithm: DSGD
[ByzFL-SNN]   Learning Rate: 0.15 | Steps: 500 | Device: cuda:1
[ByzFL-SNN]   Validation samples: 12000 | Test samples: 10000
[ByzFL-SNN] Initial VRAM (Alloc/Reserved): 36.1/42.0 MiB
[ByzFL-SNN]   [Step 0/500] (0.0%) | Val Acc: 0.1542 | Test Acc: 0.1595 | VRAM (Alloc/Reserved): 44.3/64.0 MiB | Time: 3.5s
[ByzFL-SNN]   [Step 50/500] (10.0%) | Val Acc: 0.4009 | Test Acc: 0.4011 | VRAM (Alloc/Reserved): 93.7/618.0 MiB | Time: 137.4s
[ByzFL-SNN]   [Step 100/500] (20.0%) | Val Acc: 0.7228 | Test Acc: 0.7264 | VRAM (Alloc/Reserved): 94.3/618.0 MiB | Time: 270.9s
[ByzFL-SNN]   [Step 150/500] (30.0%) | Val Acc: 0.8678 | Test Acc: 0.8758 | VRAM (Alloc/Reserved): 94.6/618.0 MiB | Time: 396.0s
[ByzFL-SNN]   [Step 200/500] (40.0%) | Val Acc: 0.9302 | Test Acc: 0.9350 | VRAM (Alloc/Reserved): 93.9/618.0 MiB | Time: 518.2s
[ByzFL-SNN]   [Step 250/500] (50.0%) | Val Acc: 0.9350 | Test Acc: 0.9431 | VRAM (Alloc/Reserved): 94.3/618.0 MiB | Time: 636.1s
[ByzFL-SNN]   [Step 300/500] (60.0%) | Val Acc: 0.9397 | Test Acc: 0.9464 | VRAM (Alloc/Reserved): 94.5/618.0 MiB | Time: 754.9s
[ByzFL-SNN]   [Step 350/500] (70.0%) | Val Acc: 0.9424 | Test Acc: 0.9484 | VRAM (Alloc/Reserved): 94.4/618.0 MiB | Time: 871.2s
[ByzFL-SNN]   [Step 400/500] (80.0%) | Val Acc: 0.9564 | Test Acc: 0.9603 | VRAM (Alloc/Reserved): 94.4/618.0 MiB | Time: 992.5s
[ByzFL-SNN]   [Step 450/500] (90.0%) | Val Acc: 0.9612 | Test Acc: 0.9664 | VRAM (Alloc/Reserved): 93.7/618.0 MiB | Time: 1113.7s
[ByzFL-SNN] [Training Complete] Peak VRAM (Alloc/Reserved): 398.5/618.0 MiB | Total time: 1234.7s

Training 219 done

[ByzFL-SNN] [Training Start] Model: cnn_mnist | Dataset: mnist
[ByzFL-SNN]   Aggregator: MultiKrum | Attack: Optimal_InnerProductManipulation
[ByzFL-SNN]   Distribution: gamma_similarity_niid (gamma=0.66)
[ByzFL-SNN]   Clients: 10 honest, 4 byzantine | Algorithm: DSGD
[ByzFL-SNN]   Learning Rate: 0.15 | Steps: 500 | Device: cuda:0
[ByzFL-SNN]   Validation samples: 12000 | Test samples: 10000
[ByzFL-SNN] Initial VRAM (Alloc/Reserved): 36.1/42.0 MiB
[ByzFL-SNN]   [Step 0/500] (0.0%) | Val Acc: 0.1542 | Test Acc: 0.1595 | VRAM (Alloc/Reserved): 44.3/64.0 MiB | Time: 4.1s
[ByzFL-SNN]   [Step 50/500] (10.0%) | Val Acc: 0.5093 | Test Acc: 0.5160 | VRAM (Alloc/Reserved): 93.7/618.0 MiB | Time: 140.3s
[ByzFL-SNN]   [Step 100/500] (20.0%) | Val Acc: 0.7683 | Test Acc: 0.7756 | VRAM (Alloc/Reserved): 94.3/618.0 MiB | Time: 281.2s
[ByzFL-SNN]   [Step 150/500] (30.0%) | Val Acc: 0.8233 | Test Acc: 0.8285 | VRAM (Alloc/Reserved): 94.6/618.0 MiB | Time: 425.7s
[ByzFL-SNN]   [Step 200/500] (40.0%) | Val Acc: 0.9313 | Test Acc: 0.9321 | VRAM (Alloc/Reserved): 93.9/618.0 MiB | Time: 560.3s
[ByzFL-SNN]   [Step 250/500] (50.0%) | Val Acc: 0.9420 | Test Acc: 0.9461 | VRAM (Alloc/Reserved): 94.3/618.0 MiB | Time: 697.4s
[ByzFL-SNN]   [Step 300/500] (60.0%) | Val Acc: 0.9476 | Test Acc: 0.9530 | VRAM (Alloc/Reserved): 94.5/618.0 MiB | Time: 831.0s
[ByzFL-SNN]   [Step 350/500] (70.0%) | Val Acc: 0.9601 | Test Acc: 0.9640 | VRAM (Alloc/Reserved): 94.4/618.0 MiB | Time: 964.6s
[ByzFL-SNN]   [Step 400/500] (80.0%) | Val Acc: 0.9608 | Test Acc: 0.9640 | VRAM (Alloc/Reserved): 94.4/618.0 MiB | Time: 1100.6s
[ByzFL-SNN]   [Step 450/500] (90.0%) | Val Acc: 0.9660 | Test Acc: 0.9701 | VRAM (Alloc/Reserved): 93.7/618.0 MiB | Time: 1232.1s
[ByzFL-SNN] [Training Complete] Peak VRAM (Alloc/Reserved): 398.5/618.0 MiB | Total time: 1360.4s

Training 220 done

[ByzFL-SNN] [Training Start] Model: cnn_mnist | Dataset: mnist
[ByzFL-SNN]   Aggregator: MultiKrum | Attack: Optimal_ALittleIsEnough_neg1
[ByzFL-SNN]   Distribution: gamma_similarity_niid (gamma=0.66)
[ByzFL-SNN]   Clients: 10 honest, 4 byzantine | Algorithm: DSGD
[ByzFL-SNN]   Learning Rate: 0.15 | Steps: 500 | Device: cuda:0
[ByzFL-SNN]   Validation samples: 12000 | Test samples: 10000
[ByzFL-SNN] Initial VRAM (Alloc/Reserved): 36.1/42.0 MiB
[ByzFL-SNN]   [Step 0/500] (0.0%) | Val Acc: 0.1542 | Test Acc: 0.1595 | VRAM (Alloc/Reserved): 44.3/64.0 MiB | Time: 4.0s
[ByzFL-SNN]   [Step 50/500] (10.0%) | Val Acc: 0.3369 | Test Acc: 0.3519 | VRAM (Alloc/Reserved): 94.0/618.0 MiB | Time: 150.0s
[ByzFL-SNN]   [Step 100/500] (20.0%) | Val Acc: 0.8152 | Test Acc: 0.8336 | VRAM (Alloc/Reserved): 94.3/618.0 MiB | Time: 290.7s
[ByzFL-SNN]   [Step 150/500] (30.0%) | Val Acc: 0.9100 | Test Acc: 0.9170 | VRAM (Alloc/Reserved): 93.7/618.0 MiB | Time: 437.2s
[ByzFL-SNN]   [Step 200/500] (40.0%) | Val Acc: 0.9193 | Test Acc: 0.9296 | VRAM (Alloc/Reserved): 93.5/618.0 MiB | Time: 589.6s
[ByzFL-SNN]   [Step 250/500] (50.0%) | Val Acc: 0.9179 | Test Acc: 0.9272 | VRAM (Alloc/Reserved): 94.3/618.0 MiB | Time: 740.5s
[ByzFL-SNN]   [Step 300/500] (60.0%) | Val Acc: 0.9319 | Test Acc: 0.9403 | VRAM (Alloc/Reserved): 93.0/618.0 MiB | Time: 893.7s
[ByzFL-SNN]   [Step 350/500] (70.0%) | Val Acc: 0.9267 | Test Acc: 0.9358 | VRAM (Alloc/Reserved): 94.3/618.0 MiB | Time: 1045.7s
[ByzFL-SNN]   [Step 400/500] (80.0%) | Val Acc: 0.8810 | Test Acc: 0.8902 | VRAM (Alloc/Reserved): 93.4/618.0 MiB | Time: 1195.8s
[ByzFL-SNN]   [Step 450/500] (90.0%) | Val Acc: 0.9084 | Test Acc: 0.9240 | VRAM (Alloc/Reserved): 92.8/618.0 MiB | Time: 1341.5s
[ByzFL-SNN] [Training Complete] Peak VRAM (Alloc/Reserved): 398.2/618.0 MiB | Total time: 1488.3s

Training 221 done

[ByzFL-SNN] [Training Start] Model: cnn_mnist | Dataset: mnist
[ByzFL-SNN]   Aggregator: GeometricMedian | Attack: Optimal_ALittleIsEnough_neg1
[ByzFL-SNN]   Distribution: gamma_similarity_niid (gamma=0.33)
[ByzFL-SNN]   Clients: 10 honest, 4 byzantine | Algorithm: DSGD
[ByzFL-SNN]   Learning Rate: 0.15 | Steps: 500 | Device: cuda:1
[ByzFL-SNN]   Validation samples: 12000 | Test samples: 10000
[ByzFL-SNN] Initial VRAM (Alloc/Reserved): 36.1/42.0 MiB
[ByzFL-SNN]   [Step 0/500] (0.0%) | Val Acc: 0.1542 | Test Acc: 0.1595 | VRAM (Alloc/Reserved): 44.3/64.0 MiB | Time: 3.6s
[ByzFL-SNN]   [Step 50/500] (10.0%) | Val Acc: 0.5121 | Test Acc: 0.5219 | VRAM (Alloc/Reserved): 93.7/616.0 MiB | Time: 146.2s
[ByzFL-SNN]   [Step 100/500] (20.0%) | Val Acc: 0.1248 | Test Acc: 0.1207 | VRAM (Alloc/Reserved): 94.7/616.0 MiB | Time: 271.6s
[ByzFL-SNN]   [Step 150/500] (30.0%) | Val Acc: 0.6684 | Test Acc: 0.6871 | VRAM (Alloc/Reserved): 94.4/616.0 MiB | Time: 403.9s
[ByzFL-SNN]   [Step 200/500] (40.0%) | Val Acc: 0.5230 | Test Acc: 0.5313 | VRAM (Alloc/Reserved): 93.9/616.0 MiB | Time: 543.8s
[ByzFL-SNN]   [Step 250/500] (50.0%) | Val Acc: 0.0997 | Test Acc: 0.1032 | VRAM (Alloc/Reserved): 93.5/616.0 MiB | Time: 679.9s
[ByzFL-SNN]   [Step 300/500] (60.0%) | Val Acc: 0.1037 | Test Acc: 0.1010 | VRAM (Alloc/Reserved): 93.0/616.0 MiB | Time: 803.4s
[ByzFL-SNN]   [Step 350/500] (70.0%) | Val Acc: 0.0972 | Test Acc: 0.0958 | VRAM (Alloc/Reserved): 94.2/616.0 MiB | Time: 930.3s
[ByzFL-SNN]   [Step 400/500] (80.0%) | Val Acc: 0.1346 | Test Acc: 0.1336 | VRAM (Alloc/Reserved): 93.8/616.0 MiB | Time: 1052.1s
[ByzFL-SNN]   [Step 450/500] (90.0%) | Val Acc: 0.1068 | Test Acc: 0.1028 | VRAM (Alloc/Reserved): 94.9/616.0 MiB | Time: 1180.7s
[ByzFL-SNN] [Training Complete] Peak VRAM (Alloc/Reserved): 398.9/616.0 MiB | Total time: 1298.9s

Training 222 done

[ByzFL-SNN] [Training Start] Model: cnn_mnist | Dataset: mnist
[ByzFL-SNN]   Aggregator: CenteredClipping | Attack: SignFlipping
[ByzFL-SNN]   Distribution: gamma_similarity_niid (gamma=0.0)
[ByzFL-SNN]   Clients: 10 honest, 4 byzantine | Algorithm: DSGD
[ByzFL-SNN]   Learning Rate: 0.15 | Steps: 500 | Device: cuda:0
[ByzFL-SNN]   Validation samples: 12000 | Test samples: 10000
[ByzFL-SNN] Initial VRAM (Alloc/Reserved): 36.1/42.0 MiB
[ByzFL-SNN]   [Step 0/500] (0.0%) | Val Acc: 0.1542 | Test Acc: 0.1595 | VRAM (Alloc/Reserved): 44.3/64.0 MiB | Time: 3.7s
[ByzFL-SNN]   [Step 50/500] (10.0%) | Val Acc: 0.1084 | Test Acc: 0.1035 | VRAM (Alloc/Reserved): 96.5/614.0 MiB | Time: 38.7s
[ByzFL-SNN]   [Step 100/500] (20.0%) | Val Acc: 0.2846 | Test Acc: 0.2913 | VRAM (Alloc/Reserved): 95.9/614.0 MiB | Time: 72.3s
[ByzFL-SNN]   [Step 150/500] (30.0%) | Val Acc: 0.0997 | Test Acc: 0.1032 | VRAM (Alloc/Reserved): 95.4/614.0 MiB | Time: 105.8s
[ByzFL-SNN]   [Step 200/500] (40.0%) | Val Acc: 0.1313 | Test Acc: 0.1300 | VRAM (Alloc/Reserved): 95.1/614.0 MiB | Time: 139.6s
[ByzFL-SNN]   [Step 250/500] (50.0%) | Val Acc: 0.1353 | Test Acc: 0.1354 | VRAM (Alloc/Reserved): 96.6/614.0 MiB | Time: 175.4s
[ByzFL-SNN]   [Step 300/500] (60.0%) | Val Acc: 0.0653 | Test Acc: 0.0672 | VRAM (Alloc/Reserved): 96.4/614.0 MiB | Time: 211.1s
[ByzFL-SNN]   [Step 350/500] (70.0%) | Val Acc: 0.0965 | Test Acc: 0.0979 | VRAM (Alloc/Reserved): 95.5/614.0 MiB | Time: 244.7s
[ByzFL-SNN]   [Step 400/500] (80.0%) | Val Acc: 0.0961 | Test Acc: 0.0955 | VRAM (Alloc/Reserved): 96.2/614.0 MiB | Time: 278.2s
[ByzFL-SNN]   [Step 450/500] (90.0%) | Val Acc: 0.0732 | Test Acc: 0.0777 | VRAM (Alloc/Reserved): 96.7/614.0 MiB | Time: 313.4s
[ByzFL-SNN] [Training Complete] Peak VRAM (Alloc/Reserved): 373.9/614.0 MiB | Total time: 345.1s

Training 223 done

[ByzFL-SNN] [Training Start] Model: cnn_mnist | Dataset: mnist
[ByzFL-SNN]   Aggregator: CenteredClipping | Attack: SignFlipping
[ByzFL-SNN]   Distribution: gamma_similarity_niid (gamma=0.0)
[ByzFL-SNN]   Clients: 10 honest, 4 byzantine | Algorithm: DSGD
[ByzFL-SNN]   Learning Rate: 0.15 | Steps: 500 | Device: cuda:1
[ByzFL-SNN]   Validation samples: 12000 | Test samples: 10000
[ByzFL-SNN] Initial VRAM (Alloc/Reserved): 36.1/42.0 MiB
[ByzFL-SNN]   [Step 0/500] (0.0%) | Val Acc: 0.1542 | Test Acc: 0.1595 | VRAM (Alloc/Reserved): 44.3/64.0 MiB | Time: 3.8s
[ByzFL-SNN]   [Step 50/500] (10.0%) | Val Acc: 0.1036 | Test Acc: 0.1001 | VRAM (Alloc/Reserved): 96.5/614.0 MiB | Time: 38.1s
[ByzFL-SNN]   [Step 100/500] (20.0%) | Val Acc: 0.1037 | Test Acc: 0.1010 | VRAM (Alloc/Reserved): 95.9/614.0 MiB | Time: 71.4s
[ByzFL-SNN]   [Step 150/500] (30.0%) | Val Acc: 0.1037 | Test Acc: 0.1010 | VRAM (Alloc/Reserved): 95.4/614.0 MiB | Time: 104.0s
[ByzFL-SNN]   [Step 200/500] (40.0%) | Val Acc: 0.0970 | Test Acc: 0.0984 | VRAM (Alloc/Reserved): 95.1/614.0 MiB | Time: 135.1s
[ByzFL-SNN]   [Step 250/500] (50.0%) | Val Acc: 0.0997 | Test Acc: 0.1032 | VRAM (Alloc/Reserved): 96.6/614.0 MiB | Time: 167.1s
[ByzFL-SNN]   [Step 300/500] (60.0%) | Val Acc: 0.0997 | Test Acc: 0.1032 | VRAM (Alloc/Reserved): 96.4/614.0 MiB | Time: 199.7s
[ByzFL-SNN]   [Step 350/500] (70.0%) | Val Acc: 0.0997 | Test Acc: 0.1032 | VRAM (Alloc/Reserved): 95.5/614.0 MiB | Time: 232.8s
[ByzFL-SNN]   [Step 400/500] (80.0%) | Val Acc: 0.1052 | Test Acc: 0.1100 | VRAM (Alloc/Reserved): 96.2/614.0 MiB | Time: 264.8s
[ByzFL-SNN]   [Step 450/500] (90.0%) | Val Acc: 0.0997 | Test Acc: 0.1033 | VRAM (Alloc/Reserved): 96.7/614.0 MiB | Time: 297.3s
[ByzFL-SNN] [Training Complete] Peak VRAM (Alloc/Reserved): 373.9/614.0 MiB | Total time: 325.9s

Training 224 done

[ByzFL-SNN] [Training Start] Model: cnn_mnist | Dataset: mnist
[ByzFL-SNN]   Aggregator: GeometricMedian | Attack: Optimal_ALittleIsEnough_neg1
[ByzFL-SNN]   Distribution: gamma_similarity_niid (gamma=0.33)
[ByzFL-SNN]   Clients: 10 honest, 4 byzantine | Algorithm: DSGD
[ByzFL-SNN]   Learning Rate: 0.15 | Steps: 500 | Device: cuda:0
[ByzFL-SNN]   Validation samples: 12000 | Test samples: 10000
[ByzFL-SNN] Initial VRAM (Alloc/Reserved): 36.1/42.0 MiB
[ByzFL-SNN]   [Step 0/500] (0.0%) | Val Acc: 0.1542 | Test Acc: 0.1595 | VRAM (Alloc/Reserved): 44.3/64.0 MiB | Time: 3.6s
[ByzFL-SNN]   [Step 50/500] (10.0%) | Val Acc: 0.3277 | Test Acc: 0.3377 | VRAM (Alloc/Reserved): 93.7/616.0 MiB | Time: 154.8s
[ByzFL-SNN]   [Step 100/500] (20.0%) | Val Acc: 0.1977 | Test Acc: 0.2099 | VRAM (Alloc/Reserved): 94.7/616.0 MiB | Time: 323.9s
[ByzFL-SNN]   [Step 150/500] (30.0%) | Val Acc: 0.1133 | Test Acc: 0.1135 | VRAM (Alloc/Reserved): 94.4/616.0 MiB | Time: 490.1s
[ByzFL-SNN]   [Step 200/500] (40.0%) | Val Acc: 0.0968 | Test Acc: 0.0982 | VRAM (Alloc/Reserved): 93.9/616.0 MiB | Time: 644.4s
[ByzFL-SNN]   [Step 250/500] (50.0%) | Val Acc: 0.1133 | Test Acc: 0.1135 | VRAM (Alloc/Reserved): 93.5/616.0 MiB | Time: 787.8s
[ByzFL-SNN]   [Step 300/500] (60.0%) | Val Acc: 0.1068 | Test Acc: 0.1028 | VRAM (Alloc/Reserved): 93.0/616.0 MiB | Time: 923.4s
[ByzFL-SNN]   [Step 350/500] (70.0%) | Val Acc: 0.0972 | Test Acc: 0.0958 | VRAM (Alloc/Reserved): 94.2/616.0 MiB | Time: 1062.0s
[ByzFL-SNN]   [Step 400/500] (80.0%) | Val Acc: 0.0972 | Test Acc: 0.0958 | VRAM (Alloc/Reserved): 93.8/616.0 MiB | Time: 1194.6s
[ByzFL-SNN]   [Step 450/500] (90.0%) | Val Acc: 0.0877 | Test Acc: 0.0892 | VRAM (Alloc/Reserved): 94.9/616.0 MiB | Time: 1328.2s
[ByzFL-SNN] [Training Complete] Peak VRAM (Alloc/Reserved): 398.9/616.0 MiB | Total time: 1461.5s

Training 225 done

[ByzFL-SNN] [Training Start] Model: cnn_mnist | Dataset: mnist
[ByzFL-SNN]   Aggregator: GeometricMedian | Attack: Optimal_InnerProductManipulation
[ByzFL-SNN]   Distribution: gamma_similarity_niid (gamma=0.33)
[ByzFL-SNN]   Clients: 10 honest, 4 byzantine | Algorithm: DSGD
[ByzFL-SNN]   Learning Rate: 0.15 | Steps: 500 | Device: cuda:1
[ByzFL-SNN]   Validation samples: 12000 | Test samples: 10000
[ByzFL-SNN] Initial VRAM (Alloc/Reserved): 36.1/42.0 MiB
[ByzFL-SNN]   [Step 0/500] (0.0%) | Val Acc: 0.1542 | Test Acc: 0.1595 | VRAM (Alloc/Reserved): 44.3/64.0 MiB | Time: 3.6s
[ByzFL-SNN]   [Step 50/500] (10.0%) | Val Acc: 0.6098 | Test Acc: 0.6129 | VRAM (Alloc/Reserved): 93.8/616.0 MiB | Time: 127.0s
[ByzFL-SNN]   [Step 100/500] (20.0%) | Val Acc: 0.1037 | Test Acc: 0.1010 | VRAM (Alloc/Reserved): 93.2/616.0 MiB | Time: 237.7s
[ByzFL-SNN]   [Step 150/500] (30.0%) | Val Acc: 0.1169 | Test Acc: 0.1161 | VRAM (Alloc/Reserved): 93.9/616.0 MiB | Time: 359.8s
[ByzFL-SNN]   [Step 200/500] (40.0%) | Val Acc: 0.1002 | Test Acc: 0.1003 | VRAM (Alloc/Reserved): 93.8/616.0 MiB | Time: 489.0s
[ByzFL-SNN]   [Step 250/500] (50.0%) | Val Acc: 0.1002 | Test Acc: 0.1002 | VRAM (Alloc/Reserved): 94.3/616.0 MiB | Time: 617.6s
[ByzFL-SNN]   [Step 300/500] (60.0%) | Val Acc: 0.1118 | Test Acc: 0.1167 | VRAM (Alloc/Reserved): 93.3/616.0 MiB | Time: 751.1s
[ByzFL-SNN]   [Step 350/500] (70.0%) | Val Acc: 0.0964 | Test Acc: 0.0979 | VRAM (Alloc/Reserved): 95.7/616.0 MiB | Time: 882.7s
[ByzFL-SNN]   [Step 400/500] (80.0%) | Val Acc: 0.1337 | Test Acc: 0.1377 | VRAM (Alloc/Reserved): 94.2/616.0 MiB | Time: 1023.0s
[ByzFL-SNN]   [Step 450/500] (90.0%) | Val Acc: 0.1482 | Test Acc: 0.1543 | VRAM (Alloc/Reserved): 93.8/616.0 MiB | Time: 1159.7s
[ByzFL-SNN] [Training Complete] Peak VRAM (Alloc/Reserved): 401.1/616.0 MiB | Total time: 1292.4s

Training 226 done

[ByzFL-SNN] [Training Start] Model: cnn_mnist | Dataset: mnist
[ByzFL-SNN]   Aggregator: CenteredClipping | Attack: Optimal_InnerProductManipulation
[ByzFL-SNN]   Distribution: gamma_similarity_niid (gamma=0.33)
[ByzFL-SNN]   Clients: 10 honest, 4 byzantine | Algorithm: DSGD
[ByzFL-SNN]   Learning Rate: 0.15 | Steps: 500 | Device: cuda:1
[ByzFL-SNN]   Validation samples: 12000 | Test samples: 10000
[ByzFL-SNN] Initial VRAM (Alloc/Reserved): 36.1/42.0 MiB
[ByzFL-SNN]   [Step 0/500] (0.0%) | Val Acc: 0.1542 | Test Acc: 0.1595 | VRAM (Alloc/Reserved): 44.3/64.0 MiB | Time: 3.6s
[ByzFL-SNN]   [Step 50/500] (10.0%) | Val Acc: 0.0973 | Test Acc: 0.0964 | VRAM (Alloc/Reserved): 97.7/616.0 MiB | Time: 124.4s
[ByzFL-SNN]   [Step 100/500] (20.0%) | Val Acc: 0.1817 | Test Acc: 0.1893 | VRAM (Alloc/Reserved): 97.3/616.0 MiB | Time: 236.8s
[ByzFL-SNN]   [Step 150/500] (30.0%) | Val Acc: 0.6058 | Test Acc: 0.6141 | VRAM (Alloc/Reserved): 98.9/616.0 MiB | Time: 340.9s
[ByzFL-SNN]   [Step 200/500] (40.0%) | Val Acc: 0.7173 | Test Acc: 0.7342 | VRAM (Alloc/Reserved): 98.7/616.0 MiB | Time: 444.5s
[ByzFL-SNN]   [Step 250/500] (50.0%) | Val Acc: 0.8193 | Test Acc: 0.8307 | VRAM (Alloc/Reserved): 96.4/616.0 MiB | Time: 569.9s
[ByzFL-SNN]   [Step 300/500] (60.0%) | Val Acc: 0.1163 | Test Acc: 0.1149 | VRAM (Alloc/Reserved): 97.2/616.0 MiB | Time: 678.2s
[ByzFL-SNN]   [Step 350/500] (70.0%) | Val Acc: 0.1462 | Test Acc: 0.1475 | VRAM (Alloc/Reserved): 97.9/616.0 MiB | Time: 789.9s
[ByzFL-SNN]   [Step 400/500] (80.0%) | Val Acc: 0.1133 | Test Acc: 0.1135 | VRAM (Alloc/Reserved): 96.5/616.0 MiB | Time: 900.1s
[ByzFL-SNN]   [Step 450/500] (90.0%) | Val Acc: 0.0968 | Test Acc: 0.0982 | VRAM (Alloc/Reserved): 97.0/616.0 MiB | Time: 1037.9s
[ByzFL-SNN] [Training Complete] Peak VRAM (Alloc/Reserved): 403.8/616.0 MiB | Total time: 1167.6s

Training 227 done

[ByzFL-SNN] [Training Start] Model: cnn_mnist | Dataset: mnist
[ByzFL-SNN]   Aggregator: CenteredClipping | Attack: Optimal_ALittleIsEnough_neg1
[ByzFL-SNN]   Distribution: gamma_similarity_niid (gamma=0.33)
[ByzFL-SNN]   Clients: 10 honest, 4 byzantine | Algorithm: DSGD
[ByzFL-SNN]   Learning Rate: 0.15 | Steps: 500 | Device: cuda:1
[ByzFL-SNN]   Validation samples: 12000 | Test samples: 10000
[ByzFL-SNN] Initial VRAM (Alloc/Reserved): 36.1/42.0 MiB
[ByzFL-SNN]   [Step 0/500] (0.0%) | Val Acc: 0.1542 | Test Acc: 0.1595 | VRAM (Alloc/Reserved): 44.3/64.0 MiB | Time: 3.6s
[ByzFL-SNN]   [Step 50/500] (10.0%) | Val Acc: 0.0972 | Test Acc: 0.0958 | VRAM (Alloc/Reserved): 98.1/616.0 MiB | Time: 131.1s
[ByzFL-SNN]   [Step 100/500] (20.0%) | Val Acc: 0.1133 | Test Acc: 0.1135 | VRAM (Alloc/Reserved): 97.7/616.0 MiB | Time: 277.9s
[ByzFL-SNN]   [Step 150/500] (30.0%) | Val Acc: 0.1133 | Test Acc: 0.1135 | VRAM (Alloc/Reserved): 97.3/616.0 MiB | Time: 415.4s
[ByzFL-SNN]   [Step 200/500] (40.0%) | Val Acc: 0.2244 | Test Acc: 0.2317 | VRAM (Alloc/Reserved): 98.3/616.0 MiB | Time: 549.2s
[ByzFL-SNN]   [Step 250/500] (50.0%) | Val Acc: 0.3427 | Test Acc: 0.3409 | VRAM (Alloc/Reserved): 96.6/616.0 MiB | Time: 687.9s
[ByzFL-SNN]   [Step 300/500] (60.0%) | Val Acc: 0.3984 | Test Acc: 0.3962 | VRAM (Alloc/Reserved): 96.7/616.0 MiB | Time: 817.4s
[ByzFL-SNN]   [Step 350/500] (70.0%) | Val Acc: 0.4852 | Test Acc: 0.4861 | VRAM (Alloc/Reserved): 96.6/616.0 MiB | Time: 956.4s
[ByzFL-SNN]   [Step 400/500] (80.0%) | Val Acc: 0.1133 | Test Acc: 0.1135 | VRAM (Alloc/Reserved): 97.2/616.0 MiB | Time: 1087.5s
[ByzFL-SNN]   [Step 450/500] (90.0%) | Val Acc: 0.0978 | Test Acc: 0.1009 | VRAM (Alloc/Reserved): 97.5/616.0 MiB | Time: 1213.0s
[ByzFL-SNN] [Training Complete] Peak VRAM (Alloc/Reserved): 403.8/616.0 MiB | Total time: 1331.3s

Training 228 done

[ByzFL-SNN] [Training Start] Model: cnn_mnist | Dataset: mnist
[ByzFL-SNN]   Aggregator: TrMean | Attack: SignFlipping
[ByzFL-SNN]   Distribution: gamma_similarity_niid (gamma=0.0)
[ByzFL-SNN]   Clients: 10 honest, 4 byzantine | Algorithm: DSGD
[ByzFL-SNN]   Learning Rate: 0.15 | Steps: 500 | Device: cuda:1
[ByzFL-SNN]   Validation samples: 12000 | Test samples: 10000
[ByzFL-SNN] Initial VRAM (Alloc/Reserved): 36.1/42.0 MiB
[ByzFL-SNN]   [Step 0/500] (0.0%) | Val Acc: 0.1542 | Test Acc: 0.1595 | VRAM (Alloc/Reserved): 44.3/64.0 MiB | Time: 3.7s
[ByzFL-SNN]   [Step 50/500] (10.0%) | Val Acc: 0.1133 | Test Acc: 0.1135 | VRAM (Alloc/Reserved): 94.1/614.0 MiB | Time: 37.6s
[ByzFL-SNN]   [Step 100/500] (20.0%) | Val Acc: 0.1133 | Test Acc: 0.1135 | VRAM (Alloc/Reserved): 95.0/614.0 MiB | Time: 69.9s
[ByzFL-SNN]   [Step 150/500] (30.0%) | Val Acc: 0.0997 | Test Acc: 0.1032 | VRAM (Alloc/Reserved): 94.4/614.0 MiB | Time: 103.0s
[ByzFL-SNN]   [Step 200/500] (40.0%) | Val Acc: 0.0997 | Test Acc: 0.1032 | VRAM (Alloc/Reserved): 94.7/614.0 MiB | Time: 136.4s
[ByzFL-SNN]   [Step 250/500] (50.0%) | Val Acc: 0.0997 | Test Acc: 0.1032 | VRAM (Alloc/Reserved): 92.9/614.0 MiB | Time: 170.1s
[ByzFL-SNN]   [Step 300/500] (60.0%) | Val Acc: 0.1037 | Test Acc: 0.1010 | VRAM (Alloc/Reserved): 93.6/614.0 MiB | Time: 203.1s
[ByzFL-SNN]   [Step 350/500] (70.0%) | Val Acc: 0.1133 | Test Acc: 0.1135 | VRAM (Alloc/Reserved): 93.8/614.0 MiB | Time: 236.4s
[ByzFL-SNN]   [Step 400/500] (80.0%) | Val Acc: 0.1133 | Test Acc: 0.1135 | VRAM (Alloc/Reserved): 95.1/614.0 MiB | Time: 269.2s
[ByzFL-SNN]   [Step 450/500] (90.0%) | Val Acc: 0.1133 | Test Acc: 0.1135 | VRAM (Alloc/Reserved): 93.7/614.0 MiB | Time: 302.4s
[ByzFL-SNN] [Training Complete] Peak VRAM (Alloc/Reserved): 372.2/614.0 MiB | Total time: 330.8s

Training 229 done

[ByzFL-SNN] [Training Start] Model: cnn_mnist | Dataset: mnist
[ByzFL-SNN]   Aggregator: TrMean | Attack: SignFlipping
[ByzFL-SNN]   Distribution: gamma_similarity_niid (gamma=0.0)
[ByzFL-SNN]   Clients: 10 honest, 4 byzantine | Algorithm: DSGD
[ByzFL-SNN]   Learning Rate: 0.15 | Steps: 500 | Device: cuda:0
[ByzFL-SNN]   Validation samples: 12000 | Test samples: 10000
[ByzFL-SNN] Initial VRAM (Alloc/Reserved): 36.1/42.0 MiB
[ByzFL-SNN]   [Step 0/500] (0.0%) | Val Acc: 0.1542 | Test Acc: 0.1595 | VRAM (Alloc/Reserved): 44.3/64.0 MiB | Time: 3.7s
[ByzFL-SNN]   [Step 50/500] (10.0%) | Val Acc: 0.1133 | Test Acc: 0.1135 | VRAM (Alloc/Reserved): 94.1/614.0 MiB | Time: 37.4s
[ByzFL-SNN]   [Step 100/500] (20.0%) | Val Acc: 0.1133 | Test Acc: 0.1135 | VRAM (Alloc/Reserved): 95.0/614.0 MiB | Time: 72.5s
[ByzFL-SNN]   [Step 150/500] (30.0%) | Val Acc: 0.1038 | Test Acc: 0.1010 | VRAM (Alloc/Reserved): 94.4/614.0 MiB | Time: 108.4s
[ByzFL-SNN]   [Step 200/500] (40.0%) | Val Acc: 0.1038 | Test Acc: 0.1010 | VRAM (Alloc/Reserved): 94.7/614.0 MiB | Time: 143.3s
[ByzFL-SNN]   [Step 250/500] (50.0%) | Val Acc: 0.1038 | Test Acc: 0.1010 | VRAM (Alloc/Reserved): 92.9/614.0 MiB | Time: 177.0s
[ByzFL-SNN]   [Step 300/500] (60.0%) | Val Acc: 0.1037 | Test Acc: 0.1010 | VRAM (Alloc/Reserved): 93.6/614.0 MiB | Time: 212.2s
[ByzFL-SNN]   [Step 350/500] (70.0%) | Val Acc: 0.1133 | Test Acc: 0.1135 | VRAM (Alloc/Reserved): 93.8/614.0 MiB | Time: 247.9s
[ByzFL-SNN]   [Step 400/500] (80.0%) | Val Acc: 0.1133 | Test Acc: 0.1135 | VRAM (Alloc/Reserved): 95.1/614.0 MiB | Time: 282.9s
[ByzFL-SNN]   [Step 450/500] (90.0%) | Val Acc: 0.1133 | Test Acc: 0.1135 | VRAM (Alloc/Reserved): 93.7/614.0 MiB | Time: 318.7s
[ByzFL-SNN] [Training Complete] Peak VRAM (Alloc/Reserved): 372.2/614.0 MiB | Total time: 351.7s

Training 230 done

[ByzFL-SNN] [Training Start] Model: cnn_mnist | Dataset: mnist
[ByzFL-SNN]   Aggregator: GeometricMedian | Attack: Optimal_InnerProductManipulation
[ByzFL-SNN]   Distribution: gamma_similarity_niid (gamma=0.33)
[ByzFL-SNN]   Clients: 10 honest, 4 byzantine | Algorithm: DSGD
[ByzFL-SNN]   Learning Rate: 0.15 | Steps: 500 | Device: cuda:0
[ByzFL-SNN]   Validation samples: 12000 | Test samples: 10000
[ByzFL-SNN] Initial VRAM (Alloc/Reserved): 36.1/42.0 MiB
[ByzFL-SNN]   [Step 0/500] (0.0%) | Val Acc: 0.1542 | Test Acc: 0.1595 | VRAM (Alloc/Reserved): 44.3/64.0 MiB | Time: 3.6s
[ByzFL-SNN]   [Step 50/500] (10.0%) | Val Acc: 0.2023 | Test Acc: 0.2044 | VRAM (Alloc/Reserved): 93.8/616.0 MiB | Time: 141.3s
[ByzFL-SNN]   [Step 100/500] (20.0%) | Val Acc: 0.4905 | Test Acc: 0.4963 | VRAM (Alloc/Reserved): 93.2/616.0 MiB | Time: 273.2s
[ByzFL-SNN]   [Step 150/500] (30.0%) | Val Acc: 0.1141 | Test Acc: 0.1145 | VRAM (Alloc/Reserved): 93.9/616.0 MiB | Time: 408.7s
[ByzFL-SNN]   [Step 200/500] (40.0%) | Val Acc: 0.1133 | Test Acc: 0.1135 | VRAM (Alloc/Reserved): 93.8/616.0 MiB | Time: 558.5s
[ByzFL-SNN]   [Step 250/500] (50.0%) | Val Acc: 0.1027 | Test Acc: 0.1003 | VRAM (Alloc/Reserved): 94.3/616.0 MiB | Time: 713.0s
[ByzFL-SNN]   [Step 300/500] (60.0%) | Val Acc: 0.0943 | Test Acc: 0.0889 | VRAM (Alloc/Reserved): 93.3/616.0 MiB | Time: 868.3s
[ByzFL-SNN]   [Step 350/500] (70.0%) | Val Acc: 0.1133 | Test Acc: 0.1136 | VRAM (Alloc/Reserved): 95.7/616.0 MiB | Time: 1017.5s
[ByzFL-SNN]   [Step 400/500] (80.0%) | Val Acc: 0.1143 | Test Acc: 0.1143 | VRAM (Alloc/Reserved): 94.2/616.0 MiB | Time: 1172.6s
[ByzFL-SNN]   [Step 450/500] (90.0%) | Val Acc: 0.1165 | Test Acc: 0.1166 | VRAM (Alloc/Reserved): 93.8/616.0 MiB | Time: 1325.0s
[ByzFL-SNN] [Training Complete] Peak VRAM (Alloc/Reserved): 401.1/616.0 MiB | Total time: 1484.2s

Training 231 done

[ByzFL-SNN] [Training Start] Model: cnn_mnist | Dataset: mnist
[ByzFL-SNN]   Aggregator: CenteredClipping | Attack: Optimal_ALittleIsEnough_neg1
[ByzFL-SNN]   Distribution: gamma_similarity_niid (gamma=0.33)
[ByzFL-SNN]   Clients: 10 honest, 4 byzantine | Algorithm: DSGD
[ByzFL-SNN]   Learning Rate: 0.15 | Steps: 500 | Device: cuda:0
[ByzFL-SNN]   Validation samples: 12000 | Test samples: 10000
[ByzFL-SNN] Initial VRAM (Alloc/Reserved): 36.1/42.0 MiB
[ByzFL-SNN]   [Step 0/500] (0.0%) | Val Acc: 0.1542 | Test Acc: 0.1595 | VRAM (Alloc/Reserved): 44.3/64.0 MiB | Time: 4.1s
[ByzFL-SNN]   [Step 50/500] (10.0%) | Val Acc: 0.3207 | Test Acc: 0.3265 | VRAM (Alloc/Reserved): 98.1/616.0 MiB | Time: 153.7s
[ByzFL-SNN]   [Step 100/500] (20.0%) | Val Acc: 0.6446 | Test Acc: 0.6573 | VRAM (Alloc/Reserved): 97.7/616.0 MiB | Time: 303.8s
[ByzFL-SNN]   [Step 150/500] (30.0%) | Val Acc: 0.6571 | Test Acc: 0.6577 | VRAM (Alloc/Reserved): 97.3/616.0 MiB | Time: 454.7s
[ByzFL-SNN]   [Step 200/500] (40.0%) | Val Acc: 0.6589 | Test Acc: 0.6641 | VRAM (Alloc/Reserved): 98.3/616.0 MiB | Time: 602.3s
[ByzFL-SNN]   [Step 250/500] (50.0%) | Val Acc: 0.4319 | Test Acc: 0.4359 | VRAM (Alloc/Reserved): 96.6/616.0 MiB | Time: 747.7s
[ByzFL-SNN]   [Step 300/500] (60.0%) | Val Acc: 0.2627 | Test Acc: 0.2729 | VRAM (Alloc/Reserved): 96.7/616.0 MiB | Time: 902.8s
[ByzFL-SNN]   [Step 350/500] (70.0%) | Val Acc: 0.2135 | Test Acc: 0.2159 | VRAM (Alloc/Reserved): 96.6/616.0 MiB | Time: 1052.4s
[ByzFL-SNN]   [Step 400/500] (80.0%) | Val Acc: 0.2303 | Test Acc: 0.2278 | VRAM (Alloc/Reserved): 97.2/616.0 MiB | Time: 1192.5s
[ByzFL-SNN]   [Step 450/500] (90.0%) | Val Acc: 0.2001 | Test Acc: 0.2040 | VRAM (Alloc/Reserved): 97.5/616.0 MiB | Time: 1332.0s
[ByzFL-SNN] [Training Complete] Peak VRAM (Alloc/Reserved): 403.8/616.0 MiB | Total time: 1479.7s

Training 232 done

[ByzFL-SNN] [Training Start] Model: cnn_mnist | Dataset: mnist
[ByzFL-SNN]   Aggregator: GeometricMedian | Attack: Optimal_ALittleIsEnough_neg1
[ByzFL-SNN]   Distribution: gamma_similarity_niid (gamma=0.0)
[ByzFL-SNN]   Clients: 10 honest, 4 byzantine | Algorithm: DSGD
[ByzFL-SNN]   Learning Rate: 0.15 | Steps: 500 | Device: cuda:1
[ByzFL-SNN]   Validation samples: 12000 | Test samples: 10000
[ByzFL-SNN] Initial VRAM (Alloc/Reserved): 36.1/42.0 MiB
[ByzFL-SNN]   [Step 0/500] (0.0%) | Val Acc: 0.1542 | Test Acc: 0.1595 | VRAM (Alloc/Reserved): 44.3/64.0 MiB | Time: 3.5s
[ByzFL-SNN]   [Step 50/500] (10.0%) | Val Acc: 0.0990 | Test Acc: 0.0980 | VRAM (Alloc/Reserved): 93.7/614.0 MiB | Time: 130.3s
[ByzFL-SNN]   [Step 100/500] (20.0%) | Val Acc: 0.0990 | Test Acc: 0.0980 | VRAM (Alloc/Reserved): 94.7/614.0 MiB | Time: 214.4s
[ByzFL-SNN]   [Step 150/500] (30.0%) | Val Acc: 0.0990 | Test Acc: 0.0980 | VRAM (Alloc/Reserved): 94.4/614.0 MiB | Time: 300.4s
[ByzFL-SNN]   [Step 200/500] (40.0%) | Val Acc: 0.0990 | Test Acc: 0.0980 | VRAM (Alloc/Reserved): 93.9/614.0 MiB | Time: 391.1s
[ByzFL-SNN]   [Step 250/500] (50.0%) | Val Acc: 0.0990 | Test Acc: 0.0980 | VRAM (Alloc/Reserved): 93.5/614.0 MiB | Time: 476.5s
[ByzFL-SNN]   [Step 300/500] (60.0%) | Val Acc: 0.0990 | Test Acc: 0.0980 | VRAM (Alloc/Reserved): 93.0/614.0 MiB | Time: 563.8s
[ByzFL-SNN]   [Step 350/500] (70.0%) | Val Acc: 0.0990 | Test Acc: 0.0980 | VRAM (Alloc/Reserved): 94.2/614.0 MiB | Time: 650.1s
[ByzFL-SNN]   [Step 400/500] (80.0%) | Val Acc: 0.0990 | Test Acc: 0.0980 | VRAM (Alloc/Reserved): 93.8/614.0 MiB | Time: 737.9s
[ByzFL-SNN]   [Step 450/500] (90.0%) | Val Acc: 0.0990 | Test Acc: 0.0980 | VRAM (Alloc/Reserved): 94.9/614.0 MiB | Time: 823.0s
[ByzFL-SNN] [Training Complete] Peak VRAM (Alloc/Reserved): 398.9/614.0 MiB | Total time: 904.6s

Training 233 done

[ByzFL-SNN] [Training Start] Model: cnn_mnist | Dataset: mnist
[ByzFL-SNN]   Aggregator: CenteredClipping | Attack: Optimal_InnerProductManipulation
[ByzFL-SNN]   Distribution: gamma_similarity_niid (gamma=0.33)
[ByzFL-SNN]   Clients: 10 honest, 4 byzantine | Algorithm: DSGD
[ByzFL-SNN]   Learning Rate: 0.15 | Steps: 500 | Device: cuda:0
[ByzFL-SNN]   Validation samples: 12000 | Test samples: 10000
[ByzFL-SNN] Initial VRAM (Alloc/Reserved): 36.1/42.0 MiB
[ByzFL-SNN]   [Step 0/500] (0.0%) | Val Acc: 0.1542 | Test Acc: 0.1595 | VRAM (Alloc/Reserved): 44.3/64.0 MiB | Time: 3.7s
[ByzFL-SNN]   [Step 50/500] (10.0%) | Val Acc: 0.5329 | Test Acc: 0.5459 | VRAM (Alloc/Reserved): 97.7/616.0 MiB | Time: 136.0s
[ByzFL-SNN]   [Step 100/500] (20.0%) | Val Acc: 0.6202 | Test Acc: 0.6359 | VRAM (Alloc/Reserved): 97.3/616.0 MiB | Time: 260.0s
[ByzFL-SNN]   [Step 150/500] (30.0%) | Val Acc: 0.1037 | Test Acc: 0.1010 | VRAM (Alloc/Reserved): 98.9/616.0 MiB | Time: 381.0s
[ByzFL-SNN]   [Step 200/500] (40.0%) | Val Acc: 0.1148 | Test Acc: 0.1146 | VRAM (Alloc/Reserved): 98.7/616.0 MiB | Time: 521.4s
[ByzFL-SNN]   [Step 250/500] (50.0%) | Val Acc: 0.0968 | Test Acc: 0.0982 | VRAM (Alloc/Reserved): 96.4/616.0 MiB | Time: 655.2s
[ByzFL-SNN]   [Step 300/500] (60.0%) | Val Acc: 0.0968 | Test Acc: 0.0982 | VRAM (Alloc/Reserved): 97.2/616.0 MiB | Time: 799.0s
[ByzFL-SNN]   [Step 350/500] (70.0%) | Val Acc: 0.0968 | Test Acc: 0.0982 | VRAM (Alloc/Reserved): 97.9/616.0 MiB | Time: 940.3s
[ByzFL-SNN]   [Step 400/500] (80.0%) | Val Acc: 0.0968 | Test Acc: 0.0982 | VRAM (Alloc/Reserved): 96.5/616.0 MiB | Time: 1081.2s
[ByzFL-SNN]   [Step 450/500] (90.0%) | Val Acc: 0.0968 | Test Acc: 0.0982 | VRAM (Alloc/Reserved): 97.0/616.0 MiB | Time: 1224.4s
[ByzFL-SNN] [Training Complete] Peak VRAM (Alloc/Reserved): 403.8/616.0 MiB | Total time: 1371.2s

Training 234 done

[ByzFL-SNN] [Training Start] Model: cnn_mnist | Dataset: mnist
[ByzFL-SNN]   Aggregator: TrMean | Attack: Optimal_ALittleIsEnough_neg1
[ByzFL-SNN]   Distribution: gamma_similarity_niid (gamma=0.33)
[ByzFL-SNN]   Clients: 10 honest, 4 byzantine | Algorithm: DSGD
[ByzFL-SNN]   Learning Rate: 0.15 | Steps: 500 | Device: cuda:1
[ByzFL-SNN]   Validation samples: 12000 | Test samples: 10000
[ByzFL-SNN] Initial VRAM (Alloc/Reserved): 36.1/42.0 MiB
[ByzFL-SNN]   [Step 0/500] (0.0%) | Val Acc: 0.1542 | Test Acc: 0.1595 | VRAM (Alloc/Reserved): 44.3/64.0 MiB | Time: 3.5s
[ByzFL-SNN]   [Step 50/500] (10.0%) | Val Acc: 0.2669 | Test Acc: 0.2672 | VRAM (Alloc/Reserved): 94.0/616.0 MiB | Time: 135.9s
[ByzFL-SNN]   [Step 100/500] (20.0%) | Val Acc: 0.1673 | Test Acc: 0.1681 | VRAM (Alloc/Reserved): 94.3/616.0 MiB | Time: 273.9s
[ByzFL-SNN]   [Step 150/500] (30.0%) | Val Acc: 0.1138 | Test Acc: 0.1140 | VRAM (Alloc/Reserved): 93.7/616.0 MiB | Time: 407.0s
[ByzFL-SNN]   [Step 200/500] (40.0%) | Val Acc: 0.3114 | Test Acc: 0.3043 | VRAM (Alloc/Reserved): 93.5/616.0 MiB | Time: 547.6s
[ByzFL-SNN]   [Step 250/500] (50.0%) | Val Acc: 0.2464 | Test Acc: 0.2561 | VRAM (Alloc/Reserved): 94.3/616.0 MiB | Time: 687.1s
[ByzFL-SNN]   [Step 300/500] (60.0%) | Val Acc: 0.2331 | Test Acc: 0.2341 | VRAM (Alloc/Reserved): 93.0/616.0 MiB | Time: 828.9s
[ByzFL-SNN]   [Step 350/500] (70.0%) | Val Acc: 0.1086 | Test Acc: 0.1107 | VRAM (Alloc/Reserved): 94.3/616.0 MiB | Time: 966.2s
[ByzFL-SNN]   [Step 400/500] (80.0%) | Val Acc: 0.1395 | Test Acc: 0.1361 | VRAM (Alloc/Reserved): 93.4/616.0 MiB | Time: 1104.4s
[ByzFL-SNN]   [Step 450/500] (90.0%) | Val Acc: 0.0997 | Test Acc: 0.1032 | VRAM (Alloc/Reserved): 92.8/616.0 MiB | Time: 1226.0s
[ByzFL-SNN] [Training Complete] Peak VRAM (Alloc/Reserved): 398.2/616.0 MiB | Total time: 1343.4s

Training 235 done

[ByzFL-SNN] [Training Start] Model: cnn_mnist | Dataset: mnist
[ByzFL-SNN]   Aggregator: MultiKrum | Attack: SignFlipping
[ByzFL-SNN]   Distribution: gamma_similarity_niid (gamma=0.0)
[ByzFL-SNN]   Clients: 10 honest, 4 byzantine | Algorithm: DSGD
[ByzFL-SNN]   Learning Rate: 0.15 | Steps: 500 | Device: cuda:0
[ByzFL-SNN]   Validation samples: 12000 | Test samples: 10000
[ByzFL-SNN] Initial VRAM (Alloc/Reserved): 36.1/42.0 MiB
[ByzFL-SNN]   [Step 0/500] (0.0%) | Val Acc: 0.1542 | Test Acc: 0.1595 | VRAM (Alloc/Reserved): 44.3/64.0 MiB | Time: 3.7s
[ByzFL-SNN]   [Step 50/500] (10.0%) | Val Acc: 0.1133 | Test Acc: 0.1135 | VRAM (Alloc/Reserved): 94.1/614.0 MiB | Time: 38.9s
[ByzFL-SNN]   [Step 100/500] (20.0%) | Val Acc: 0.1133 | Test Acc: 0.1135 | VRAM (Alloc/Reserved): 95.0/614.0 MiB | Time: 74.1s
[ByzFL-SNN]   [Step 150/500] (30.0%) | Val Acc: 0.1037 | Test Acc: 0.1010 | VRAM (Alloc/Reserved): 94.4/614.0 MiB | Time: 109.2s
[ByzFL-SNN]   [Step 200/500] (40.0%) | Val Acc: 0.1037 | Test Acc: 0.1010 | VRAM (Alloc/Reserved): 94.7/614.0 MiB | Time: 144.9s
[ByzFL-SNN]   [Step 250/500] (50.0%) | Val Acc: 0.1037 | Test Acc: 0.1010 | VRAM (Alloc/Reserved): 92.9/614.0 MiB | Time: 181.6s
[ByzFL-SNN]   [Step 300/500] (60.0%) | Val Acc: 0.1133 | Test Acc: 0.1135 | VRAM (Alloc/Reserved): 93.6/614.0 MiB | Time: 216.8s
[ByzFL-SNN]   [Step 350/500] (70.0%) | Val Acc: 0.1133 | Test Acc: 0.1135 | VRAM (Alloc/Reserved): 93.8/614.0 MiB | Time: 252.3s
[ByzFL-SNN]   [Step 400/500] (80.0%) | Val Acc: 0.1133 | Test Acc: 0.1135 | VRAM (Alloc/Reserved): 95.1/614.0 MiB | Time: 288.2s
[ByzFL-SNN]   [Step 450/500] (90.0%) | Val Acc: 0.1133 | Test Acc: 0.1135 | VRAM (Alloc/Reserved): 93.7/614.0 MiB | Time: 324.7s
[ByzFL-SNN] [Training Complete] Peak VRAM (Alloc/Reserved): 372.2/614.0 MiB | Total time: 358.0s

Training 236 done

[ByzFL-SNN] [Training Start] Model: cnn_mnist | Dataset: mnist
[ByzFL-SNN]   Aggregator: TrMean | Attack: Optimal_InnerProductManipulation
[ByzFL-SNN]   Distribution: gamma_similarity_niid (gamma=0.33)
[ByzFL-SNN]   Clients: 10 honest, 4 byzantine | Algorithm: DSGD
[ByzFL-SNN]   Learning Rate: 0.15 | Steps: 500 | Device: cuda:1
[ByzFL-SNN]   Validation samples: 12000 | Test samples: 10000
[ByzFL-SNN] Initial VRAM (Alloc/Reserved): 36.1/42.0 MiB
[ByzFL-SNN]   [Step 0/500] (0.0%) | Val Acc: 0.1542 | Test Acc: 0.1595 | VRAM (Alloc/Reserved): 44.3/64.0 MiB | Time: 3.6s
[ByzFL-SNN]   [Step 50/500] (10.0%) | Val Acc: 0.0993 | Test Acc: 0.0981 | VRAM (Alloc/Reserved): 93.7/616.0 MiB | Time: 134.7s
[ByzFL-SNN]   [Step 100/500] (20.0%) | Val Acc: 0.4783 | Test Acc: 0.5033 | VRAM (Alloc/Reserved): 94.3/616.0 MiB | Time: 257.8s
[ByzFL-SNN]   [Step 150/500] (30.0%) | Val Acc: 0.7251 | Test Acc: 0.7347 | VRAM (Alloc/Reserved): 94.6/616.0 MiB | Time: 384.5s
[ByzFL-SNN]   [Step 200/500] (40.0%) | Val Acc: 0.1068 | Test Acc: 0.1028 | VRAM (Alloc/Reserved): 93.9/616.0 MiB | Time: 503.1s
[ByzFL-SNN]   [Step 250/500] (50.0%) | Val Acc: 0.1037 | Test Acc: 0.1010 | VRAM (Alloc/Reserved): 94.3/616.0 MiB | Time: 633.2s
[ByzFL-SNN]   [Step 300/500] (60.0%) | Val Acc: 0.1037 | Test Acc: 0.1010 | VRAM (Alloc/Reserved): 94.5/616.0 MiB | Time: 765.2s
[ByzFL-SNN]   [Step 350/500] (70.0%) | Val Acc: 0.1037 | Test Acc: 0.1010 | VRAM (Alloc/Reserved): 94.4/616.0 MiB | Time: 896.1s
[ByzFL-SNN]   [Step 400/500] (80.0%) | Val Acc: 0.1037 | Test Acc: 0.1010 | VRAM (Alloc/Reserved): 94.4/616.0 MiB | Time: 1025.9s
[ByzFL-SNN]   [Step 450/500] (90.0%) | Val Acc: 0.1037 | Test Acc: 0.1010 | VRAM (Alloc/Reserved): 93.7/616.0 MiB | Time: 1152.6s
[ByzFL-SNN] [Training Complete] Peak VRAM (Alloc/Reserved): 398.5/616.0 MiB | Total time: 1279.5s

Training 237 done

[ByzFL-SNN] [Training Start] Model: cnn_mnist | Dataset: mnist
[ByzFL-SNN]   Aggregator: MultiKrum | Attack: SignFlipping
[ByzFL-SNN]   Distribution: gamma_similarity_niid (gamma=0.0)
[ByzFL-SNN]   Clients: 10 honest, 4 byzantine | Algorithm: DSGD
[ByzFL-SNN]   Learning Rate: 0.15 | Steps: 500 | Device: cuda:1
[ByzFL-SNN]   Validation samples: 12000 | Test samples: 10000
[ByzFL-SNN] Initial VRAM (Alloc/Reserved): 36.1/42.0 MiB
[ByzFL-SNN]   [Step 0/500] (0.0%) | Val Acc: 0.1542 | Test Acc: 0.1595 | VRAM (Alloc/Reserved): 44.3/64.0 MiB | Time: 3.8s
[ByzFL-SNN]   [Step 50/500] (10.0%) | Val Acc: 0.0978 | Test Acc: 0.1009 | VRAM (Alloc/Reserved): 94.1/614.0 MiB | Time: 37.2s
[ByzFL-SNN]   [Step 100/500] (20.0%) | Val Acc: 0.1022 | Test Acc: 0.1017 | VRAM (Alloc/Reserved): 95.0/614.0 MiB | Time: 68.9s
[ByzFL-SNN]   [Step 150/500] (30.0%) | Val Acc: 0.0978 | Test Acc: 0.1009 | VRAM (Alloc/Reserved): 94.4/614.0 MiB | Time: 100.3s
[ByzFL-SNN]   [Step 200/500] (40.0%) | Val Acc: 0.0972 | Test Acc: 0.0958 | VRAM (Alloc/Reserved): 94.7/614.0 MiB | Time: 134.2s
[ByzFL-SNN]   [Step 250/500] (50.0%) | Val Acc: 0.0972 | Test Acc: 0.0958 | VRAM (Alloc/Reserved): 92.9/614.0 MiB | Time: 167.8s
[ByzFL-SNN]   [Step 300/500] (60.0%) | Val Acc: 0.0990 | Test Acc: 0.0980 | VRAM (Alloc/Reserved): 93.6/614.0 MiB | Time: 200.7s
[ByzFL-SNN]   [Step 350/500] (70.0%) | Val Acc: 0.1037 | Test Acc: 0.1010 | VRAM (Alloc/Reserved): 93.8/614.0 MiB | Time: 233.3s
[ByzFL-SNN]   [Step 400/500] (80.0%) | Val Acc: 0.0997 | Test Acc: 0.1032 | VRAM (Alloc/Reserved): 95.1/614.0 MiB | Time: 267.0s
[ByzFL-SNN]   [Step 450/500] (90.0%) | Val Acc: 0.1068 | Test Acc: 0.1028 | VRAM (Alloc/Reserved): 93.7/614.0 MiB | Time: 301.1s
[ByzFL-SNN] [Training Complete] Peak VRAM (Alloc/Reserved): 372.2/614.0 MiB | Total time: 330.8s

Training 238 done

[ByzFL-SNN] [Training Start] Model: cnn_mnist | Dataset: mnist
[ByzFL-SNN]   Aggregator: TrMean | Attack: Optimal_InnerProductManipulation
[ByzFL-SNN]   Distribution: gamma_similarity_niid (gamma=0.33)
[ByzFL-SNN]   Clients: 10 honest, 4 byzantine | Algorithm: DSGD
[ByzFL-SNN]   Learning Rate: 0.15 | Steps: 500 | Device: cuda:0
[ByzFL-SNN]   Validation samples: 12000 | Test samples: 10000
[ByzFL-SNN] Initial VRAM (Alloc/Reserved): 36.1/42.0 MiB
[ByzFL-SNN]   [Step 0/500] (0.0%) | Val Acc: 0.1542 | Test Acc: 0.1595 | VRAM (Alloc/Reserved): 44.3/64.0 MiB | Time: 4.2s
[ByzFL-SNN]   [Step 50/500] (10.0%) | Val Acc: 0.0978 | Test Acc: 0.1009 | VRAM (Alloc/Reserved): 93.7/616.0 MiB | Time: 148.6s
[ByzFL-SNN]   [Step 100/500] (20.0%) | Val Acc: 0.5013 | Test Acc: 0.5205 | VRAM (Alloc/Reserved): 94.3/616.0 MiB | Time: 291.7s
[ByzFL-SNN]   [Step 150/500] (30.0%) | Val Acc: 0.4727 | Test Acc: 0.4840 | VRAM (Alloc/Reserved): 94.6/616.0 MiB | Time: 422.3s
[ByzFL-SNN]   [Step 200/500] (40.0%) | Val Acc: 0.1037 | Test Acc: 0.1009 | VRAM (Alloc/Reserved): 93.9/616.0 MiB | Time: 560.9s
[ByzFL-SNN]   [Step 250/500] (50.0%) | Val Acc: 0.1037 | Test Acc: 0.1010 | VRAM (Alloc/Reserved): 94.3/616.0 MiB | Time: 691.1s
[ByzFL-SNN]   [Step 300/500] (60.0%) | Val Acc: 0.1037 | Test Acc: 0.1010 | VRAM (Alloc/Reserved): 94.5/616.0 MiB | Time: 841.0s
[ByzFL-SNN]   [Step 350/500] (70.0%) | Val Acc: 0.1037 | Test Acc: 0.1010 | VRAM (Alloc/Reserved): 94.4/616.0 MiB | Time: 984.6s
[ByzFL-SNN]   [Step 400/500] (80.0%) | Val Acc: 0.1037 | Test Acc: 0.1010 | VRAM (Alloc/Reserved): 94.4/616.0 MiB | Time: 1131.3s
[ByzFL-SNN]   [Step 450/500] (90.0%) | Val Acc: 0.1037 | Test Acc: 0.1010 | VRAM (Alloc/Reserved): 93.7/616.0 MiB | Time: 1268.7s
[ByzFL-SNN] [Training Complete] Peak VRAM (Alloc/Reserved): 398.5/616.0 MiB | Total time: 1408.7s

Training 239 done

[ByzFL-SNN] [Training Start] Model: cnn_mnist | Dataset: mnist
[ByzFL-SNN]   Aggregator: GeometricMedian | Attack: Optimal_InnerProductManipulation
[ByzFL-SNN]   Distribution: gamma_similarity_niid (gamma=0.0)
[ByzFL-SNN]   Clients: 10 honest, 4 byzantine | Algorithm: DSGD
[ByzFL-SNN]   Learning Rate: 0.15 | Steps: 500 | Device: cuda:1
[ByzFL-SNN]   Validation samples: 12000 | Test samples: 10000
[ByzFL-SNN] Initial VRAM (Alloc/Reserved): 36.1/42.0 MiB
[ByzFL-SNN]   [Step 0/500] (0.0%) | Val Acc: 0.1542 | Test Acc: 0.1595 | VRAM (Alloc/Reserved): 44.3/64.0 MiB | Time: 3.9s
[ByzFL-SNN]   [Step 50/500] (10.0%) | Val Acc: 0.2315 | Test Acc: 0.2280 | VRAM (Alloc/Reserved): 93.8/614.0 MiB | Time: 131.5s
[ByzFL-SNN]   [Step 100/500] (20.0%) | Val Acc: 0.1037 | Test Acc: 0.1010 | VRAM (Alloc/Reserved): 93.2/614.0 MiB | Time: 258.5s
[ByzFL-SNN]   [Step 150/500] (30.0%) | Val Acc: 0.0990 | Test Acc: 0.0980 | VRAM (Alloc/Reserved): 93.9/614.0 MiB | Time: 366.7s
[ByzFL-SNN]   [Step 200/500] (40.0%) | Val Acc: 0.0990 | Test Acc: 0.0980 | VRAM (Alloc/Reserved): 93.8/614.0 MiB | Time: 452.1s
[ByzFL-SNN]   [Step 250/500] (50.0%) | Val Acc: 0.0990 | Test Acc: 0.0980 | VRAM (Alloc/Reserved): 94.3/614.0 MiB | Time: 539.5s
[ByzFL-SNN]   [Step 300/500] (60.0%) | Val Acc: 0.0990 | Test Acc: 0.0980 | VRAM (Alloc/Reserved): 93.3/614.0 MiB | Time: 626.7s
[ByzFL-SNN]   [Step 350/500] (70.0%) | Val Acc: 0.0990 | Test Acc: 0.0980 | VRAM (Alloc/Reserved): 95.7/614.0 MiB | Time: 708.8s
[ByzFL-SNN]   [Step 400/500] (80.0%) | Val Acc: 0.0990 | Test Acc: 0.0980 | VRAM (Alloc/Reserved): 94.2/614.0 MiB | Time: 796.5s
[ByzFL-SNN]   [Step 450/500] (90.0%) | Val Acc: 0.0990 | Test Acc: 0.0980 | VRAM (Alloc/Reserved): 93.8/614.0 MiB | Time: 882.2s
[ByzFL-SNN] [Training Complete] Peak VRAM (Alloc/Reserved): 401.1/614.0 MiB | Total time: 963.8s

Training 240 done

[ByzFL-SNN] [Training Start] Model: cnn_mnist | Dataset: mnist
[ByzFL-SNN]   Aggregator: TrMean | Attack: Optimal_ALittleIsEnough_neg1
[ByzFL-SNN]   Distribution: gamma_similarity_niid (gamma=0.33)
[ByzFL-SNN]   Clients: 10 honest, 4 byzantine | Algorithm: DSGD
[ByzFL-SNN]   Learning Rate: 0.15 | Steps: 500 | Device: cuda:0
[ByzFL-SNN]   Validation samples: 12000 | Test samples: 10000
[ByzFL-SNN] Initial VRAM (Alloc/Reserved): 36.1/42.0 MiB
[ByzFL-SNN]   [Step 0/500] (0.0%) | Val Acc: 0.1542 | Test Acc: 0.1595 | VRAM (Alloc/Reserved): 44.3/64.0 MiB | Time: 3.8s
[ByzFL-SNN]   [Step 50/500] (10.0%) | Val Acc: 0.4374 | Test Acc: 0.4393 | VRAM (Alloc/Reserved): 94.0/616.0 MiB | Time: 151.9s
[ByzFL-SNN]   [Step 100/500] (20.0%) | Val Acc: 0.4470 | Test Acc: 0.4616 | VRAM (Alloc/Reserved): 94.3/616.0 MiB | Time: 292.8s
[ByzFL-SNN]   [Step 150/500] (30.0%) | Val Acc: 0.5528 | Test Acc: 0.5554 | VRAM (Alloc/Reserved): 93.7/616.0 MiB | Time: 445.8s
[ByzFL-SNN]   [Step 200/500] (40.0%) | Val Acc: 0.5347 | Test Acc: 0.5480 | VRAM (Alloc/Reserved): 93.5/616.0 MiB | Time: 597.5s
[ByzFL-SNN]   [Step 250/500] (50.0%) | Val Acc: 0.3891 | Test Acc: 0.3924 | VRAM (Alloc/Reserved): 94.3/616.0 MiB | Time: 741.1s
[ByzFL-SNN]   [Step 300/500] (60.0%) | Val Acc: 0.2971 | Test Acc: 0.2971 | VRAM (Alloc/Reserved): 93.0/616.0 MiB | Time: 890.9s
[ByzFL-SNN]   [Step 350/500] (70.0%) | Val Acc: 0.3423 | Test Acc: 0.3511 | VRAM (Alloc/Reserved): 94.3/616.0 MiB | Time: 1039.7s
[ByzFL-SNN]   [Step 400/500] (80.0%) | Val Acc: 0.3247 | Test Acc: 0.3206 | VRAM (Alloc/Reserved): 93.4/616.0 MiB | Time: 1190.0s
[ByzFL-SNN]   [Step 450/500] (90.0%) | Val Acc: 0.2216 | Test Acc: 0.2297 | VRAM (Alloc/Reserved): 92.8/616.0 MiB | Time: 1344.8s
[ByzFL-SNN] [Training Complete] Peak VRAM (Alloc/Reserved): 398.2/616.0 MiB | Total time: 1509.0s

Training 241 done

[ByzFL-SNN] [Training Start] Model: cnn_mnist | Dataset: mnist
[ByzFL-SNN]   Aggregator: MultiKrum | Attack: Optimal_ALittleIsEnough_neg1
[ByzFL-SNN]   Distribution: gamma_similarity_niid (gamma=0.33)
[ByzFL-SNN]   Clients: 10 honest, 4 byzantine | Algorithm: DSGD
[ByzFL-SNN]   Learning Rate: 0.15 | Steps: 500 | Device: cuda:0
[ByzFL-SNN]   Validation samples: 12000 | Test samples: 10000
[ByzFL-SNN] Initial VRAM (Alloc/Reserved): 36.1/42.0 MiB
[ByzFL-SNN]   [Step 0/500] (0.0%) | Val Acc: 0.1542 | Test Acc: 0.1595 | VRAM (Alloc/Reserved): 44.3/64.0 MiB | Time: 3.6s
[ByzFL-SNN]   [Step 50/500] (10.0%) | Val Acc: 0.4572 | Test Acc: 0.4612 | VRAM (Alloc/Reserved): 94.0/616.0 MiB | Time: 151.6s
[ByzFL-SNN]   [Step 100/500] (20.0%) | Val Acc: 0.1133 | Test Acc: 0.1135 | VRAM (Alloc/Reserved): 94.3/616.0 MiB | Time: 302.3s
[ByzFL-SNN]   [Step 150/500] (30.0%) | Val Acc: 0.0997 | Test Acc: 0.1032 | VRAM (Alloc/Reserved): 93.7/616.0 MiB | Time: 457.7s
[ByzFL-SNN]   [Step 200/500] (40.0%) | Val Acc: 0.1068 | Test Acc: 0.1028 | VRAM (Alloc/Reserved): 93.5/616.0 MiB | Time: 594.6s
[ByzFL-SNN]   [Step 250/500] (50.0%) | Val Acc: 0.1133 | Test Acc: 0.1135 | VRAM (Alloc/Reserved): 94.3/616.0 MiB | Time: 730.9s
[ByzFL-SNN]   [Step 300/500] (60.0%) | Val Acc: 0.0981 | Test Acc: 0.0974 | VRAM (Alloc/Reserved): 93.0/616.0 MiB | Time: 861.1s
[ByzFL-SNN]   [Step 350/500] (70.0%) | Val Acc: 0.1037 | Test Acc: 0.1010 | VRAM (Alloc/Reserved): 94.3/616.0 MiB | Time: 994.0s
[ByzFL-SNN]   [Step 400/500] (80.0%) | Val Acc: 0.0877 | Test Acc: 0.0892 | VRAM (Alloc/Reserved): 93.4/616.0 MiB | Time: 1136.7s
[ByzFL-SNN]   [Step 450/500] (90.0%) | Val Acc: 0.0972 | Test Acc: 0.0958 | VRAM (Alloc/Reserved): 92.8/616.0 MiB | Time: 1272.1s
[ByzFL-SNN] [Training Complete] Peak VRAM (Alloc/Reserved): 398.2/616.0 MiB | Total time: 1405.1s

Training 242 done

[ByzFL-SNN] [Training Start] Model: cnn_mnist | Dataset: mnist
[ByzFL-SNN]   Aggregator: MultiKrum | Attack: Optimal_ALittleIsEnough_neg1
[ByzFL-SNN]   Distribution: gamma_similarity_niid (gamma=0.33)
[ByzFL-SNN]   Clients: 10 honest, 4 byzantine | Algorithm: DSGD
[ByzFL-SNN]   Learning Rate: 0.15 | Steps: 500 | Device: cuda:1
[ByzFL-SNN]   Validation samples: 12000 | Test samples: 10000
[ByzFL-SNN] Initial VRAM (Alloc/Reserved): 36.1/42.0 MiB
[ByzFL-SNN]   [Step 0/500] (0.0%) | Val Acc: 0.1542 | Test Acc: 0.1595 | VRAM (Alloc/Reserved): 44.3/64.0 MiB | Time: 3.6s
[ByzFL-SNN]   [Step 50/500] (10.0%) | Val Acc: 0.3218 | Test Acc: 0.3270 | VRAM (Alloc/Reserved): 94.0/616.0 MiB | Time: 135.8s
[ByzFL-SNN]   [Step 100/500] (20.0%) | Val Acc: 0.1983 | Test Acc: 0.1948 | VRAM (Alloc/Reserved): 94.3/616.0 MiB | Time: 271.0s
[ByzFL-SNN]   [Step 150/500] (30.0%) | Val Acc: 0.4235 | Test Acc: 0.4240 | VRAM (Alloc/Reserved): 93.7/616.0 MiB | Time: 409.3s
[ByzFL-SNN]   [Step 200/500] (40.0%) | Val Acc: 0.2761 | Test Acc: 0.2821 | VRAM (Alloc/Reserved): 93.5/616.0 MiB | Time: 539.9s
[ByzFL-SNN]   [Step 250/500] (50.0%) | Val Acc: 0.3507 | Test Acc: 0.3565 | VRAM (Alloc/Reserved): 94.3/616.0 MiB | Time: 680.7s
[ByzFL-SNN]   [Step 300/500] (60.0%) | Val Acc: 0.2631 | Test Acc: 0.2681 | VRAM (Alloc/Reserved): 93.0/616.0 MiB | Time: 819.3s
[ByzFL-SNN]   [Step 350/500] (70.0%) | Val Acc: 0.2488 | Test Acc: 0.2611 | VRAM (Alloc/Reserved): 94.3/616.0 MiB | Time: 956.1s
[ByzFL-SNN]   [Step 400/500] (80.0%) | Val Acc: 0.1266 | Test Acc: 0.1207 | VRAM (Alloc/Reserved): 93.4/616.0 MiB | Time: 1096.3s
[ByzFL-SNN]   [Step 450/500] (90.0%) | Val Acc: 0.1156 | Test Acc: 0.1097 | VRAM (Alloc/Reserved): 92.8/616.0 MiB | Time: 1232.1s
[ByzFL-SNN] [Training Complete] Peak VRAM (Alloc/Reserved): 398.2/616.0 MiB | Total time: 1341.9s

Training 243 done

[ByzFL-SNN] [Training Start] Model: cnn_mnist | Dataset: mnist
[ByzFL-SNN]   Aggregator: GeometricMedian | Attack: SignFlipping
[ByzFL-SNN]   Distribution: gamma_similarity_niid (gamma=1.0)
[ByzFL-SNN]   Clients: 10 honest, 5 byzantine | Algorithm: DSGD
[ByzFL-SNN]   Learning Rate: 0.15 | Steps: 500 | Device: cuda:0
[ByzFL-SNN]   Validation samples: 12000 | Test samples: 10000
[ByzFL-SNN] Initial VRAM (Alloc/Reserved): 36.1/42.0 MiB
[ByzFL-SNN]   [Step 0/500] (0.0%) | Val Acc: 0.1542 | Test Acc: 0.1595 | VRAM (Alloc/Reserved): 44.3/64.0 MiB | Time: 3.8s
[ByzFL-SNN]   [Step 50/500] (10.0%) | Val Acc: 0.8696 | Test Acc: 0.8799 | VRAM (Alloc/Reserved): 93.7/636.0 MiB | Time: 39.0s
[ByzFL-SNN]   [Step 100/500] (20.0%) | Val Acc: 0.9068 | Test Acc: 0.9166 | VRAM (Alloc/Reserved): 94.4/636.0 MiB | Time: 74.9s
[ByzFL-SNN]   [Step 150/500] (30.0%) | Val Acc: 0.9260 | Test Acc: 0.9340 | VRAM (Alloc/Reserved): 95.0/636.0 MiB | Time: 111.9s
[ByzFL-SNN]   [Step 200/500] (40.0%) | Val Acc: 0.9421 | Test Acc: 0.9484 | VRAM (Alloc/Reserved): 94.7/636.0 MiB | Time: 149.3s
[ByzFL-SNN]   [Step 250/500] (50.0%) | Val Acc: 0.9493 | Test Acc: 0.9524 | VRAM (Alloc/Reserved): 94.0/636.0 MiB | Time: 185.5s
[ByzFL-SNN]   [Step 300/500] (60.0%) | Val Acc: 0.9553 | Test Acc: 0.9617 | VRAM (Alloc/Reserved): 94.8/636.0 MiB | Time: 222.0s
[ByzFL-SNN]   [Step 350/500] (70.0%) | Val Acc: 0.9616 | Test Acc: 0.9650 | VRAM (Alloc/Reserved): 94.1/636.0 MiB | Time: 258.7s
[ByzFL-SNN]   [Step 400/500] (80.0%) | Val Acc: 0.9639 | Test Acc: 0.9689 | VRAM (Alloc/Reserved): 94.7/636.0 MiB | Time: 296.3s
[ByzFL-SNN]   [Step 450/500] (90.0%) | Val Acc: 0.9654 | Test Acc: 0.9697 | VRAM (Alloc/Reserved): 94.4/636.0 MiB | Time: 332.5s
[ByzFL-SNN] [Training Complete] Peak VRAM (Alloc/Reserved): 391.9/636.0 MiB | Total time: 365.3s

Training 244 done

[ByzFL-SNN] [Training Start] Model: cnn_mnist | Dataset: mnist
[ByzFL-SNN]   Aggregator: GeometricMedian | Attack: SignFlipping
[ByzFL-SNN]   Distribution: gamma_similarity_niid (gamma=1.0)
[ByzFL-SNN]   Clients: 10 honest, 5 byzantine | Algorithm: DSGD
[ByzFL-SNN]   Learning Rate: 0.15 | Steps: 500 | Device: cuda:1
[ByzFL-SNN]   Validation samples: 12000 | Test samples: 10000
[ByzFL-SNN] Initial VRAM (Alloc/Reserved): 36.1/42.0 MiB
[ByzFL-SNN]   [Step 0/500] (0.0%) | Val Acc: 0.1542 | Test Acc: 0.1595 | VRAM (Alloc/Reserved): 44.3/64.0 MiB | Time: 3.6s
[ByzFL-SNN]   [Step 50/500] (10.0%) | Val Acc: 0.8769 | Test Acc: 0.8855 | VRAM (Alloc/Reserved): 93.7/636.0 MiB | Time: 36.2s
[ByzFL-SNN]   [Step 100/500] (20.0%) | Val Acc: 0.9131 | Test Acc: 0.9219 | VRAM (Alloc/Reserved): 94.4/636.0 MiB | Time: 68.9s
[ByzFL-SNN]   [Step 150/500] (30.0%) | Val Acc: 0.9305 | Test Acc: 0.9361 | VRAM (Alloc/Reserved): 95.0/636.0 MiB | Time: 101.6s
[ByzFL-SNN]   [Step 200/500] (40.0%) | Val Acc: 0.9378 | Test Acc: 0.9445 | VRAM (Alloc/Reserved): 94.7/636.0 MiB | Time: 135.0s
[ByzFL-SNN]   [Step 250/500] (50.0%) | Val Acc: 0.9479 | Test Acc: 0.9541 | VRAM (Alloc/Reserved): 94.0/636.0 MiB | Time: 168.1s
[ByzFL-SNN]   [Step 300/500] (60.0%) | Val Acc: 0.9540 | Test Acc: 0.9608 | VRAM (Alloc/Reserved): 94.8/636.0 MiB | Time: 199.5s
[ByzFL-SNN]   [Step 350/500] (70.0%) | Val Acc: 0.9589 | Test Acc: 0.9645 | VRAM (Alloc/Reserved): 94.1/636.0 MiB | Time: 229.7s
[ByzFL-SNN]   [Step 400/500] (80.0%) | Val Acc: 0.9607 | Test Acc: 0.9649 | VRAM (Alloc/Reserved): 94.7/636.0 MiB | Time: 262.2s
[ByzFL-SNN]   [Step 450/500] (90.0%) | Val Acc: 0.9637 | Test Acc: 0.9692 | VRAM (Alloc/Reserved): 94.4/636.0 MiB | Time: 295.5s
[ByzFL-SNN] [Training Complete] Peak VRAM (Alloc/Reserved): 391.9/636.0 MiB | Total time: 324.8s

Training 245 done

[ByzFL-SNN] [Training Start] Model: cnn_mnist | Dataset: mnist
[ByzFL-SNN]   Aggregator: MultiKrum | Attack: Optimal_InnerProductManipulation
[ByzFL-SNN]   Distribution: gamma_similarity_niid (gamma=0.33)
[ByzFL-SNN]   Clients: 10 honest, 4 byzantine | Algorithm: DSGD
[ByzFL-SNN]   Learning Rate: 0.15 | Steps: 500 | Device: cuda:1
[ByzFL-SNN]   Validation samples: 12000 | Test samples: 10000
[ByzFL-SNN] Initial VRAM (Alloc/Reserved): 36.1/42.0 MiB
[ByzFL-SNN]   [Step 0/500] (0.0%) | Val Acc: 0.1542 | Test Acc: 0.1595 | VRAM (Alloc/Reserved): 44.3/64.0 MiB | Time: 3.6s
[ByzFL-SNN]   [Step 50/500] (10.0%) | Val Acc: 0.1006 | Test Acc: 0.1039 | VRAM (Alloc/Reserved): 93.7/616.0 MiB | Time: 131.5s
[ByzFL-SNN]   [Step 100/500] (20.0%) | Val Acc: 0.1407 | Test Acc: 0.1335 | VRAM (Alloc/Reserved): 94.3/616.0 MiB | Time: 257.8s
[ByzFL-SNN]   [Step 150/500] (30.0%) | Val Acc: 0.0978 | Test Acc: 0.1009 | VRAM (Alloc/Reserved): 94.6/616.0 MiB | Time: 386.9s
[ByzFL-SNN]   [Step 200/500] (40.0%) | Val Acc: 0.1559 | Test Acc: 0.1534 | VRAM (Alloc/Reserved): 93.9/616.0 MiB | Time: 516.2s
[ByzFL-SNN]   [Step 250/500] (50.0%) | Val Acc: 0.3064 | Test Acc: 0.3015 | VRAM (Alloc/Reserved): 94.3/616.0 MiB | Time: 649.0s
[ByzFL-SNN]   [Step 300/500] (60.0%) | Val Acc: 0.1106 | Test Acc: 0.1070 | VRAM (Alloc/Reserved): 94.5/616.0 MiB | Time: 779.4s
[ByzFL-SNN]   [Step 350/500] (70.0%) | Val Acc: 0.1135 | Test Acc: 0.1138 | VRAM (Alloc/Reserved): 94.4/616.0 MiB | Time: 903.4s
[ByzFL-SNN]   [Step 400/500] (80.0%) | Val Acc: 0.1305 | Test Acc: 0.1365 | VRAM (Alloc/Reserved): 94.4/616.0 MiB | Time: 1039.1s
[ByzFL-SNN]   [Step 450/500] (90.0%) | Val Acc: 0.0970 | Test Acc: 0.0953 | VRAM (Alloc/Reserved): 93.7/616.0 MiB | Time: 1167.8s
[ByzFL-SNN] [Training Complete] Peak VRAM (Alloc/Reserved): 398.5/616.0 MiB | Total time: 1292.1s

Training 246 done

[ByzFL-SNN] [Training Start] Model: cnn_mnist | Dataset: mnist
[ByzFL-SNN]   Aggregator: MultiKrum | Attack: Optimal_InnerProductManipulation
[ByzFL-SNN]   Distribution: gamma_similarity_niid (gamma=0.33)
[ByzFL-SNN]   Clients: 10 honest, 4 byzantine | Algorithm: DSGD
[ByzFL-SNN]   Learning Rate: 0.15 | Steps: 500 | Device: cuda:0
[ByzFL-SNN]   Validation samples: 12000 | Test samples: 10000
[ByzFL-SNN] Initial VRAM (Alloc/Reserved): 36.1/42.0 MiB
[ByzFL-SNN]   [Step 0/500] (0.0%) | Val Acc: 0.1542 | Test Acc: 0.1595 | VRAM (Alloc/Reserved): 44.3/64.0 MiB | Time: 3.6s
[ByzFL-SNN]   [Step 50/500] (10.0%) | Val Acc: 0.1179 | Test Acc: 0.1124 | VRAM (Alloc/Reserved): 93.7/616.0 MiB | Time: 149.0s
[ByzFL-SNN]   [Step 100/500] (20.0%) | Val Acc: 0.0997 | Test Acc: 0.1032 | VRAM (Alloc/Reserved): 94.3/616.0 MiB | Time: 293.3s
[ByzFL-SNN]   [Step 150/500] (30.0%) | Val Acc: 0.2873 | Test Acc: 0.2999 | VRAM (Alloc/Reserved): 94.6/616.0 MiB | Time: 435.3s
[ByzFL-SNN]   [Step 200/500] (40.0%) | Val Acc: 0.4874 | Test Acc: 0.4965 | VRAM (Alloc/Reserved): 93.9/616.0 MiB | Time: 579.1s
[ByzFL-SNN]   [Step 250/500] (50.0%) | Val Acc: 0.4763 | Test Acc: 0.4866 | VRAM (Alloc/Reserved): 94.3/616.0 MiB | Time: 720.9s
[ByzFL-SNN]   [Step 300/500] (60.0%) | Val Acc: 0.0974 | Test Acc: 0.0983 | VRAM (Alloc/Reserved): 94.5/616.0 MiB | Time: 850.8s
[ByzFL-SNN]   [Step 350/500] (70.0%) | Val Acc: 0.1037 | Test Acc: 0.1010 | VRAM (Alloc/Reserved): 94.4/616.0 MiB | Time: 1002.5s
[ByzFL-SNN]   [Step 400/500] (80.0%) | Val Acc: 0.1037 | Test Acc: 0.1010 | VRAM (Alloc/Reserved): 94.4/616.0 MiB | Time: 1157.8s
[ByzFL-SNN]   [Step 450/500] (90.0%) | Val Acc: 0.1037 | Test Acc: 0.1010 | VRAM (Alloc/Reserved): 93.7/616.0 MiB | Time: 1308.9s
[ByzFL-SNN] [Training Complete] Peak VRAM (Alloc/Reserved): 398.5/616.0 MiB | Total time: 1466.8s

Training 247 done

[ByzFL-SNN] [Training Start] Model: cnn_mnist | Dataset: mnist
[ByzFL-SNN]   Aggregator: CenteredClipping | Attack: SignFlipping
[ByzFL-SNN]   Distribution: gamma_similarity_niid (gamma=1.0)
[ByzFL-SNN]   Clients: 10 honest, 5 byzantine | Algorithm: DSGD
[ByzFL-SNN]   Learning Rate: 0.15 | Steps: 500 | Device: cuda:1
[ByzFL-SNN]   Validation samples: 12000 | Test samples: 10000
[ByzFL-SNN] Initial VRAM (Alloc/Reserved): 36.1/42.0 MiB
[ByzFL-SNN]   [Step 0/500] (0.0%) | Val Acc: 0.1542 | Test Acc: 0.1595 | VRAM (Alloc/Reserved): 44.3/64.0 MiB | Time: 3.7s
[ByzFL-SNN]   [Step 50/500] (10.0%) | Val Acc: 0.8555 | Test Acc: 0.8647 | VRAM (Alloc/Reserved): 95.8/636.0 MiB | Time: 34.8s
[ByzFL-SNN]   [Step 100/500] (20.0%) | Val Acc: 0.9242 | Test Acc: 0.9317 | VRAM (Alloc/Reserved): 96.0/636.0 MiB | Time: 68.1s
[ByzFL-SNN]   [Step 150/500] (30.0%) | Val Acc: 0.9375 | Test Acc: 0.9416 | VRAM (Alloc/Reserved): 96.5/636.0 MiB | Time: 101.2s
[ByzFL-SNN]   [Step 200/500] (40.0%) | Val Acc: 0.9443 | Test Acc: 0.9497 | VRAM (Alloc/Reserved): 94.7/636.0 MiB | Time: 133.7s
[ByzFL-SNN]   [Step 250/500] (50.0%) | Val Acc: 0.9522 | Test Acc: 0.9563 | VRAM (Alloc/Reserved): 95.1/636.0 MiB | Time: 165.5s
[ByzFL-SNN]   [Step 300/500] (60.0%) | Val Acc: 0.9553 | Test Acc: 0.9592 | VRAM (Alloc/Reserved): 94.7/636.0 MiB | Time: 197.1s
[ByzFL-SNN]   [Step 350/500] (70.0%) | Val Acc: 0.9573 | Test Acc: 0.9639 | VRAM (Alloc/Reserved): 95.6/636.0 MiB | Time: 228.7s
[ByzFL-SNN]   [Step 400/500] (80.0%) | Val Acc: 0.9593 | Test Acc: 0.9638 | VRAM (Alloc/Reserved): 95.9/636.0 MiB | Time: 260.6s
[ByzFL-SNN]   [Step 450/500] (90.0%) | Val Acc: 0.9638 | Test Acc: 0.9680 | VRAM (Alloc/Reserved): 94.5/636.0 MiB | Time: 293.4s
[ByzFL-SNN] [Training Complete] Peak VRAM (Alloc/Reserved): 394.6/636.0 MiB | Total time: 323.9s

Training 248 done

[ByzFL-SNN] [Training Start] Model: cnn_mnist | Dataset: mnist
[ByzFL-SNN]   Aggregator: GeometricMedian | Attack: Optimal_ALittleIsEnough_neg1
[ByzFL-SNN]   Distribution: gamma_similarity_niid (gamma=0.0)
[ByzFL-SNN]   Clients: 10 honest, 4 byzantine | Algorithm: DSGD
[ByzFL-SNN]   Learning Rate: 0.15 | Steps: 500 | Device: cuda:0
[ByzFL-SNN]   Validation samples: 12000 | Test samples: 10000
[ByzFL-SNN] Initial VRAM (Alloc/Reserved): 36.1/42.0 MiB
[ByzFL-SNN]   [Step 0/500] (0.0%) | Val Acc: 0.1542 | Test Acc: 0.1595 | VRAM (Alloc/Reserved): 44.3/64.0 MiB | Time: 4.0s
[ByzFL-SNN]   [Step 50/500] (10.0%) | Val Acc: 0.0981 | Test Acc: 0.0974 | VRAM (Alloc/Reserved): 93.7/614.0 MiB | Time: 157.0s
[ByzFL-SNN]   [Step 100/500] (20.0%) | Val Acc: 0.1133 | Test Acc: 0.1135 | VRAM (Alloc/Reserved): 94.7/614.0 MiB | Time: 319.5s
[ByzFL-SNN]   [Step 150/500] (30.0%) | Val Acc: 0.0968 | Test Acc: 0.0982 | VRAM (Alloc/Reserved): 94.4/614.0 MiB | Time: 461.3s
[ByzFL-SNN]   [Step 200/500] (40.0%) | Val Acc: 0.0968 | Test Acc: 0.0982 | VRAM (Alloc/Reserved): 93.9/614.0 MiB | Time: 605.4s
[ByzFL-SNN]   [Step 250/500] (50.0%) | Val Acc: 0.0978 | Test Acc: 0.1009 | VRAM (Alloc/Reserved): 93.5/614.0 MiB | Time: 746.7s
[ByzFL-SNN]   [Step 300/500] (60.0%) | Val Acc: 0.0981 | Test Acc: 0.0974 | VRAM (Alloc/Reserved): 93.0/614.0 MiB | Time: 892.9s
[ByzFL-SNN]   [Step 350/500] (70.0%) | Val Acc: 0.0997 | Test Acc: 0.1032 | VRAM (Alloc/Reserved): 94.2/614.0 MiB | Time: 1037.2s
[ByzFL-SNN]   [Step 400/500] (80.0%) | Val Acc: 0.0997 | Test Acc: 0.1032 | VRAM (Alloc/Reserved): 93.8/614.0 MiB | Time: 1183.2s
[ByzFL-SNN]   [Step 450/500] (90.0%) | Val Acc: 0.0981 | Test Acc: 0.0974 | VRAM (Alloc/Reserved): 94.9/614.0 MiB | Time: 1330.6s
[ByzFL-SNN] [Training Complete] Peak VRAM (Alloc/Reserved): 398.9/614.0 MiB | Total time: 1470.0s

Training 249 done

[ByzFL-SNN] [Training Start] Model: cnn_mnist | Dataset: mnist
[ByzFL-SNN]   Aggregator: CenteredClipping | Attack: Optimal_ALittleIsEnough_neg1
[ByzFL-SNN]   Distribution: gamma_similarity_niid (gamma=0.0)
[ByzFL-SNN]   Clients: 10 honest, 4 byzantine | Algorithm: DSGD
[ByzFL-SNN]   Learning Rate: 0.15 | Steps: 500 | Device: cuda:1
[ByzFL-SNN]   Validation samples: 12000 | Test samples: 10000
[ByzFL-SNN] Initial VRAM (Alloc/Reserved): 36.1/42.0 MiB
[ByzFL-SNN]   [Step 0/500] (0.0%) | Val Acc: 0.1542 | Test Acc: 0.1595 | VRAM (Alloc/Reserved): 44.3/64.0 MiB | Time: 3.6s
[ByzFL-SNN]   [Step 50/500] (10.0%) | Val Acc: 0.0978 | Test Acc: 0.1009 | VRAM (Alloc/Reserved): 98.1/614.0 MiB | Time: 138.9s
[ByzFL-SNN]   [Step 100/500] (20.0%) | Val Acc: 0.0978 | Test Acc: 0.1009 | VRAM (Alloc/Reserved): 97.7/614.0 MiB | Time: 281.6s
[ByzFL-SNN]   [Step 150/500] (30.0%) | Val Acc: 0.1037 | Test Acc: 0.1010 | VRAM (Alloc/Reserved): 97.3/614.0 MiB | Time: 420.1s
[ByzFL-SNN]   [Step 200/500] (40.0%) | Val Acc: 0.1037 | Test Acc: 0.1010 | VRAM (Alloc/Reserved): 98.3/614.0 MiB | Time: 550.2s
[ByzFL-SNN]   [Step 250/500] (50.0%) | Val Acc: 0.0981 | Test Acc: 0.0974 | VRAM (Alloc/Reserved): 96.6/614.0 MiB | Time: 671.6s
[ByzFL-SNN]   [Step 300/500] (60.0%) | Val Acc: 0.1037 | Test Acc: 0.1010 | VRAM (Alloc/Reserved): 96.7/614.0 MiB | Time: 793.5s
[ByzFL-SNN]   [Step 350/500] (70.0%) | Val Acc: 0.0990 | Test Acc: 0.0980 | VRAM (Alloc/Reserved): 96.6/614.0 MiB | Time: 907.3s
[ByzFL-SNN]   [Step 400/500] (80.0%) | Val Acc: 0.0877 | Test Acc: 0.0892 | VRAM (Alloc/Reserved): 97.2/614.0 MiB | Time: 1019.4s
[ByzFL-SNN]   [Step 450/500] (90.0%) | Val Acc: 0.0877 | Test Acc: 0.0892 | VRAM (Alloc/Reserved): 97.5/614.0 MiB | Time: 1131.0s
[ByzFL-SNN] [Training Complete] Peak VRAM (Alloc/Reserved): 403.8/614.0 MiB | Total time: 1242.0s

Training 250 done

[ByzFL-SNN] [Training Start] Model: cnn_mnist | Dataset: mnist
[ByzFL-SNN]   Aggregator: CenteredClipping | Attack: SignFlipping
[ByzFL-SNN]   Distribution: gamma_similarity_niid (gamma=1.0)
[ByzFL-SNN]   Clients: 10 honest, 5 byzantine | Algorithm: DSGD
[ByzFL-SNN]   Learning Rate: 0.15 | Steps: 500 | Device: cuda:0
[ByzFL-SNN]   Validation samples: 12000 | Test samples: 10000
[ByzFL-SNN] Initial VRAM (Alloc/Reserved): 36.1/42.0 MiB
[ByzFL-SNN]   [Step 0/500] (0.0%) | Val Acc: 0.1542 | Test Acc: 0.1595 | VRAM (Alloc/Reserved): 44.3/64.0 MiB | Time: 3.7s
[ByzFL-SNN]   [Step 50/500] (10.0%) | Val Acc: 0.7788 | Test Acc: 0.7835 | VRAM (Alloc/Reserved): 95.8/636.0 MiB | Time: 40.7s
[ByzFL-SNN]   [Step 100/500] (20.0%) | Val Acc: 0.9213 | Test Acc: 0.9280 | VRAM (Alloc/Reserved): 96.0/636.0 MiB | Time: 77.8s
[ByzFL-SNN]   [Step 150/500] (30.0%) | Val Acc: 0.9337 | Test Acc: 0.9411 | VRAM (Alloc/Reserved): 96.5/636.0 MiB | Time: 114.1s
[ByzFL-SNN]   [Step 200/500] (40.0%) | Val Acc: 0.9361 | Test Acc: 0.9423 | VRAM (Alloc/Reserved): 94.7/636.0 MiB | Time: 149.9s
[ByzFL-SNN]   [Step 250/500] (50.0%) | Val Acc: 0.9493 | Test Acc: 0.9535 | VRAM (Alloc/Reserved): 95.1/636.0 MiB | Time: 188.5s
[ByzFL-SNN]   [Step 300/500] (60.0%) | Val Acc: 0.9529 | Test Acc: 0.9590 | VRAM (Alloc/Reserved): 94.7/636.0 MiB | Time: 227.2s
[ByzFL-SNN]   [Step 350/500] (70.0%) | Val Acc: 0.9565 | Test Acc: 0.9604 | VRAM (Alloc/Reserved): 95.6/636.0 MiB | Time: 265.7s
[ByzFL-SNN]   [Step 400/500] (80.0%) | Val Acc: 0.9613 | Test Acc: 0.9661 | VRAM (Alloc/Reserved): 95.9/636.0 MiB | Time: 302.9s
[ByzFL-SNN]   [Step 450/500] (90.0%) | Val Acc: 0.9645 | Test Acc: 0.9693 | VRAM (Alloc/Reserved): 94.5/636.0 MiB | Time: 339.0s
[ByzFL-SNN] [Training Complete] Peak VRAM (Alloc/Reserved): 394.6/636.0 MiB | Total time: 373.4s

Training 251 done

[ByzFL-SNN] [Training Start] Model: cnn_mnist | Dataset: mnist
[ByzFL-SNN]   Aggregator: MultiKrum | Attack: Optimal_ALittleIsEnough_neg1
[ByzFL-SNN]   Distribution: gamma_similarity_niid (gamma=0.0)
[ByzFL-SNN]   Clients: 10 honest, 4 byzantine | Algorithm: DSGD
[ByzFL-SNN]   Learning Rate: 0.15 | Steps: 500 | Device: cuda:1
[ByzFL-SNN]   Validation samples: 12000 | Test samples: 10000
[ByzFL-SNN] Initial VRAM (Alloc/Reserved): 36.1/42.0 MiB
[ByzFL-SNN]   [Step 0/500] (0.0%) | Val Acc: 0.1542 | Test Acc: 0.1595 | VRAM (Alloc/Reserved): 44.3/64.0 MiB | Time: 3.6s
[ByzFL-SNN]   [Step 50/500] (10.0%) | Val Acc: 0.0990 | Test Acc: 0.0980 | VRAM (Alloc/Reserved): 94.0/614.0 MiB | Time: 119.5s
[ByzFL-SNN]   [Step 100/500] (20.0%) | Val Acc: 0.0990 | Test Acc: 0.0980 | VRAM (Alloc/Reserved): 94.3/614.0 MiB | Time: 199.9s
[ByzFL-SNN]   [Step 150/500] (30.0%) | Val Acc: 0.0990 | Test Acc: 0.0980 | VRAM (Alloc/Reserved): 93.7/614.0 MiB | Time: 284.1s
[ByzFL-SNN]   [Step 200/500] (40.0%) | Val Acc: 0.0990 | Test Acc: 0.0980 | VRAM (Alloc/Reserved): 93.5/614.0 MiB | Time: 366.6s
[ByzFL-SNN]   [Step 250/500] (50.0%) | Val Acc: 0.0990 | Test Acc: 0.0980 | VRAM (Alloc/Reserved): 94.3/614.0 MiB | Time: 451.0s
[ByzFL-SNN]   [Step 300/500] (60.0%) | Val Acc: 0.0990 | Test Acc: 0.0980 | VRAM (Alloc/Reserved): 93.0/614.0 MiB | Time: 529.5s
[ByzFL-SNN]   [Step 350/500] (70.0%) | Val Acc: 0.0990 | Test Acc: 0.0980 | VRAM (Alloc/Reserved): 94.3/614.0 MiB | Time: 609.7s
[ByzFL-SNN]   [Step 400/500] (80.0%) | Val Acc: 0.0990 | Test Acc: 0.0980 | VRAM (Alloc/Reserved): 93.4/614.0 MiB | Time: 687.2s
[ByzFL-SNN]   [Step 450/500] (90.0%) | Val Acc: 0.0990 | Test Acc: 0.0980 | VRAM (Alloc/Reserved): 92.8/614.0 MiB | Time: 765.9s
[ByzFL-SNN] [Training Complete] Peak VRAM (Alloc/Reserved): 398.2/614.0 MiB | Total time: 844.5s

Training 252 done

[ByzFL-SNN] [Training Start] Model: cnn_mnist | Dataset: mnist
[ByzFL-SNN]   Aggregator: TrMean | Attack: SignFlipping
[ByzFL-SNN]   Distribution: gamma_similarity_niid (gamma=1.0)
[ByzFL-SNN]   Clients: 10 honest, 5 byzantine | Algorithm: DSGD
[ByzFL-SNN]   Learning Rate: 0.15 | Steps: 500 | Device: cuda:1
[ByzFL-SNN]   Validation samples: 12000 | Test samples: 10000
[ByzFL-SNN] Initial VRAM (Alloc/Reserved): 36.1/42.0 MiB
[ByzFL-SNN]   [Step 0/500] (0.0%) | Val Acc: 0.1542 | Test Acc: 0.1595 | VRAM (Alloc/Reserved): 44.3/64.0 MiB | Time: 3.9s
[ByzFL-SNN]   [Step 50/500] (10.0%) | Val Acc: 0.8843 | Test Acc: 0.8961 | VRAM (Alloc/Reserved): 94.1/636.0 MiB | Time: 34.8s
[ByzFL-SNN]   [Step 100/500] (20.0%) | Val Acc: 0.9292 | Test Acc: 0.9381 | VRAM (Alloc/Reserved): 95.0/636.0 MiB | Time: 66.1s
[ByzFL-SNN]   [Step 150/500] (30.0%) | Val Acc: 0.9435 | Test Acc: 0.9470 | VRAM (Alloc/Reserved): 94.4/636.0 MiB | Time: 97.2s
[ByzFL-SNN]   [Step 200/500] (40.0%) | Val Acc: 0.9453 | Test Acc: 0.9530 | VRAM (Alloc/Reserved): 94.7/636.0 MiB | Time: 128.4s
[ByzFL-SNN]   [Step 250/500] (50.0%) | Val Acc: 0.9567 | Test Acc: 0.9615 | VRAM (Alloc/Reserved): 92.9/636.0 MiB | Time: 160.3s
[ByzFL-SNN]   [Step 300/500] (60.0%) | Val Acc: 0.9573 | Test Acc: 0.9631 | VRAM (Alloc/Reserved): 93.6/636.0 MiB | Time: 193.2s
[ByzFL-SNN]   [Step 350/500] (70.0%) | Val Acc: 0.9600 | Test Acc: 0.9665 | VRAM (Alloc/Reserved): 93.8/636.0 MiB | Time: 225.4s
[ByzFL-SNN]   [Step 400/500] (80.0%) | Val Acc: 0.9643 | Test Acc: 0.9697 | VRAM (Alloc/Reserved): 95.1/636.0 MiB | Time: 257.3s
[ByzFL-SNN]   [Step 450/500] (90.0%) | Val Acc: 0.9639 | Test Acc: 0.9684 | VRAM (Alloc/Reserved): 93.7/636.0 MiB | Time: 288.3s
[ByzFL-SNN] [Training Complete] Peak VRAM (Alloc/Reserved): 391.9/636.0 MiB | Total time: 316.1s

Training 253 done

[ByzFL-SNN] [Training Start] Model: cnn_mnist | Dataset: mnist
[ByzFL-SNN]   Aggregator: TrMean | Attack: SignFlipping
[ByzFL-SNN]   Distribution: gamma_similarity_niid (gamma=1.0)
[ByzFL-SNN]   Clients: 10 honest, 5 byzantine | Algorithm: DSGD
[ByzFL-SNN]   Learning Rate: 0.15 | Steps: 500 | Device: cuda:0
[ByzFL-SNN]   Validation samples: 12000 | Test samples: 10000
[ByzFL-SNN] Initial VRAM (Alloc/Reserved): 36.1/42.0 MiB
[ByzFL-SNN]   [Step 0/500] (0.0%) | Val Acc: 0.1542 | Test Acc: 0.1595 | VRAM (Alloc/Reserved): 44.3/64.0 MiB | Time: 3.7s
[ByzFL-SNN]   [Step 50/500] (10.0%) | Val Acc: 0.9027 | Test Acc: 0.9097 | VRAM (Alloc/Reserved): 94.1/636.0 MiB | Time: 40.9s
[ByzFL-SNN]   [Step 100/500] (20.0%) | Val Acc: 0.9392 | Test Acc: 0.9459 | VRAM (Alloc/Reserved): 95.0/636.0 MiB | Time: 79.6s
[ByzFL-SNN]   [Step 150/500] (30.0%) | Val Acc: 0.9475 | Test Acc: 0.9531 | VRAM (Alloc/Reserved): 94.4/636.0 MiB | Time: 117.8s
[ByzFL-SNN]   [Step 200/500] (40.0%) | Val Acc: 0.9498 | Test Acc: 0.9567 | VRAM (Alloc/Reserved): 94.7/636.0 MiB | Time: 155.4s
[ByzFL-SNN]   [Step 250/500] (50.0%) | Val Acc: 0.9563 | Test Acc: 0.9609 | VRAM (Alloc/Reserved): 92.9/636.0 MiB | Time: 191.9s
[ByzFL-SNN]   [Step 300/500] (60.0%) | Val Acc: 0.9606 | Test Acc: 0.9668 | VRAM (Alloc/Reserved): 93.6/636.0 MiB | Time: 228.9s
[ByzFL-SNN]   [Step 350/500] (70.0%) | Val Acc: 0.9615 | Test Acc: 0.9680 | VRAM (Alloc/Reserved): 93.8/636.0 MiB | Time: 265.2s
[ByzFL-SNN]   [Step 400/500] (80.0%) | Val Acc: 0.9647 | Test Acc: 0.9694 | VRAM (Alloc/Reserved): 95.1/636.0 MiB | Time: 302.9s
[ByzFL-SNN]   [Step 450/500] (90.0%) | Val Acc: 0.9663 | Test Acc: 0.9702 | VRAM (Alloc/Reserved): 93.7/636.0 MiB | Time: 341.1s
[ByzFL-SNN] [Training Complete] Peak VRAM (Alloc/Reserved): 391.9/636.0 MiB | Total time: 375.8s

Training 254 done

[ByzFL-SNN] [Training Start] Model: cnn_mnist | Dataset: mnist
[ByzFL-SNN]   Aggregator: TrMean | Attack: Optimal_ALittleIsEnough_neg1
[ByzFL-SNN]   Distribution: gamma_similarity_niid (gamma=0.0)
[ByzFL-SNN]   Clients: 10 honest, 4 byzantine | Algorithm: DSGD
[ByzFL-SNN]   Learning Rate: 0.15 | Steps: 500 | Device: cuda:1
[ByzFL-SNN]   Validation samples: 12000 | Test samples: 10000
[ByzFL-SNN] Initial VRAM (Alloc/Reserved): 36.1/42.0 MiB
[ByzFL-SNN]   [Step 0/500] (0.0%) | Val Acc: 0.1542 | Test Acc: 0.1595 | VRAM (Alloc/Reserved): 44.3/64.0 MiB | Time: 3.5s
[ByzFL-SNN]   [Step 50/500] (10.0%) | Val Acc: 0.0981 | Test Acc: 0.0974 | VRAM (Alloc/Reserved): 94.0/614.0 MiB | Time: 140.2s
[ByzFL-SNN]   [Step 100/500] (20.0%) | Val Acc: 0.0997 | Test Acc: 0.1032 | VRAM (Alloc/Reserved): 94.3/614.0 MiB | Time: 282.5s
[ByzFL-SNN]   [Step 150/500] (30.0%) | Val Acc: 0.1037 | Test Acc: 0.1010 | VRAM (Alloc/Reserved): 93.7/614.0 MiB | Time: 420.2s
[ByzFL-SNN]   [Step 200/500] (40.0%) | Val Acc: 0.1037 | Test Acc: 0.1010 | VRAM (Alloc/Reserved): 93.5/614.0 MiB | Time: 548.1s
[ByzFL-SNN]   [Step 250/500] (50.0%) | Val Acc: 0.1068 | Test Acc: 0.1028 | VRAM (Alloc/Reserved): 94.3/614.0 MiB | Time: 676.4s
[ByzFL-SNN]   [Step 300/500] (60.0%) | Val Acc: 0.1037 | Test Acc: 0.1010 | VRAM (Alloc/Reserved): 93.0/614.0 MiB | Time: 793.3s
[ByzFL-SNN]   [Step 350/500] (70.0%) | Val Acc: 0.0968 | Test Acc: 0.0982 | VRAM (Alloc/Reserved): 94.3/614.0 MiB | Time: 909.3s
[ByzFL-SNN]   [Step 400/500] (80.0%) | Val Acc: 0.0968 | Test Acc: 0.0982 | VRAM (Alloc/Reserved): 93.4/614.0 MiB | Time: 1023.3s
[ByzFL-SNN]   [Step 450/500] (90.0%) | Val Acc: 0.1133 | Test Acc: 0.1135 | VRAM (Alloc/Reserved): 92.8/614.0 MiB | Time: 1135.5s
[ByzFL-SNN] [Training Complete] Peak VRAM (Alloc/Reserved): 398.2/614.0 MiB | Total time: 1242.0s

Training 255 done

[ByzFL-SNN] [Training Start] Model: cnn_mnist | Dataset: mnist
[ByzFL-SNN]   Aggregator: CenteredClipping | Attack: Optimal_InnerProductManipulation
[ByzFL-SNN]   Distribution: gamma_similarity_niid (gamma=0.0)
[ByzFL-SNN]   Clients: 10 honest, 4 byzantine | Algorithm: DSGD
[ByzFL-SNN]   Learning Rate: 0.15 | Steps: 500 | Device: cuda:1
[ByzFL-SNN]   Validation samples: 12000 | Test samples: 10000
[ByzFL-SNN] Initial VRAM (Alloc/Reserved): 36.1/42.0 MiB
[ByzFL-SNN]   [Step 0/500] (0.0%) | Val Acc: 0.1542 | Test Acc: 0.1595 | VRAM (Alloc/Reserved): 44.3/64.0 MiB | Time: 3.8s
[ByzFL-SNN]   [Step 50/500] (10.0%) | Val Acc: 0.1852 | Test Acc: 0.1828 | VRAM (Alloc/Reserved): 97.7/614.0 MiB | Time: 127.2s
[ByzFL-SNN]   [Step 100/500] (20.0%) | Val Acc: 0.0972 | Test Acc: 0.0958 | VRAM (Alloc/Reserved): 97.3/614.0 MiB | Time: 247.1s
[ByzFL-SNN]   [Step 150/500] (30.0%) | Val Acc: 0.1274 | Test Acc: 0.1272 | VRAM (Alloc/Reserved): 98.9/614.0 MiB | Time: 381.6s
[ByzFL-SNN]   [Step 200/500] (40.0%) | Val Acc: 0.0972 | Test Acc: 0.0958 | VRAM (Alloc/Reserved): 98.7/614.0 MiB | Time: 505.8s
[ByzFL-SNN]   [Step 250/500] (50.0%) | Val Acc: 0.0997 | Test Acc: 0.1032 | VRAM (Alloc/Reserved): 96.4/614.0 MiB | Time: 641.4s
[ByzFL-SNN]   [Step 300/500] (60.0%) | Val Acc: 0.0877 | Test Acc: 0.0892 | VRAM (Alloc/Reserved): 97.2/614.0 MiB | Time: 776.7s
[ByzFL-SNN]   [Step 350/500] (70.0%) | Val Acc: 0.0972 | Test Acc: 0.0958 | VRAM (Alloc/Reserved): 97.9/614.0 MiB | Time: 906.9s
[ByzFL-SNN]   [Step 400/500] (80.0%) | Val Acc: 0.0972 | Test Acc: 0.0958 | VRAM (Alloc/Reserved): 96.5/614.0 MiB | Time: 1034.7s
[ByzFL-SNN]   [Step 450/500] (90.0%) | Val Acc: 0.0972 | Test Acc: 0.0958 | VRAM (Alloc/Reserved): 97.0/614.0 MiB | Time: 1167.0s
[ByzFL-SNN] [Training Complete] Peak VRAM (Alloc/Reserved): 403.8/614.0 MiB | Total time: 1289.6s

Training 256 done

[ByzFL-SNN] [Training Start] Model: cnn_mnist | Dataset: mnist
[ByzFL-SNN]   Aggregator: GeometricMedian | Attack: Optimal_InnerProductManipulation
[ByzFL-SNN]   Distribution: gamma_similarity_niid (gamma=0.0)
[ByzFL-SNN]   Clients: 10 honest, 4 byzantine | Algorithm: DSGD
[ByzFL-SNN]   Learning Rate: 0.15 | Steps: 500 | Device: cuda:0
[ByzFL-SNN]   Validation samples: 12000 | Test samples: 10000
[ByzFL-SNN] Initial VRAM (Alloc/Reserved): 36.1/42.0 MiB
[ByzFL-SNN]   [Step 0/500] (0.0%) | Val Acc: 0.1542 | Test Acc: 0.1595 | VRAM (Alloc/Reserved): 44.3/64.0 MiB | Time: 3.6s
[ByzFL-SNN]   [Step 50/500] (10.0%) | Val Acc: 0.1184 | Test Acc: 0.1177 | VRAM (Alloc/Reserved): 93.8/614.0 MiB | Time: 156.1s
[ByzFL-SNN]   [Step 100/500] (20.0%) | Val Acc: 0.1082 | Test Acc: 0.1054 | VRAM (Alloc/Reserved): 93.2/614.0 MiB | Time: 290.4s
[ByzFL-SNN]   [Step 150/500] (30.0%) | Val Acc: 0.0978 | Test Acc: 0.1009 | VRAM (Alloc/Reserved): 93.9/614.0 MiB | Time: 446.7s
[ByzFL-SNN]   [Step 200/500] (40.0%) | Val Acc: 0.1068 | Test Acc: 0.1028 | VRAM (Alloc/Reserved): 93.8/614.0 MiB | Time: 600.8s
[ByzFL-SNN]   [Step 250/500] (50.0%) | Val Acc: 0.0877 | Test Acc: 0.0892 | VRAM (Alloc/Reserved): 94.3/614.0 MiB | Time: 758.6s
[ByzFL-SNN]   [Step 300/500] (60.0%) | Val Acc: 0.1133 | Test Acc: 0.1135 | VRAM (Alloc/Reserved): 93.3/614.0 MiB | Time: 912.5s
[ByzFL-SNN]   [Step 350/500] (70.0%) | Val Acc: 0.1133 | Test Acc: 0.1135 | VRAM (Alloc/Reserved): 95.7/614.0 MiB | Time: 1071.8s
[ByzFL-SNN]   [Step 400/500] (80.0%) | Val Acc: 0.1133 | Test Acc: 0.1135 | VRAM (Alloc/Reserved): 94.2/614.0 MiB | Time: 1231.6s
[ByzFL-SNN]   [Step 450/500] (90.0%) | Val Acc: 0.1133 | Test Acc: 0.1135 | VRAM (Alloc/Reserved): 93.8/614.0 MiB | Time: 1391.1s
[ByzFL-SNN] [Training Complete] Peak VRAM (Alloc/Reserved): 401.1/614.0 MiB | Total time: 1552.1s

Training 257 done

[ByzFL-SNN] [Training Start] Model: cnn_mnist | Dataset: mnist
[ByzFL-SNN]   Aggregator: CenteredClipping | Attack: Optimal_InnerProductManipulation
[ByzFL-SNN]   Distribution: gamma_similarity_niid (gamma=0.0)
[ByzFL-SNN]   Clients: 10 honest, 4 byzantine | Algorithm: DSGD
[ByzFL-SNN]   Learning Rate: 0.15 | Steps: 500 | Device: cuda:0
[ByzFL-SNN]   Validation samples: 12000 | Test samples: 10000
[ByzFL-SNN] Initial VRAM (Alloc/Reserved): 36.1/42.0 MiB
[ByzFL-SNN]   [Step 0/500] (0.0%) | Val Acc: 0.1542 | Test Acc: 0.1595 | VRAM (Alloc/Reserved): 44.3/64.0 MiB | Time: 3.6s
[ByzFL-SNN]   [Step 50/500] (10.0%) | Val Acc: 0.0973 | Test Acc: 0.0967 | VRAM (Alloc/Reserved): 97.7/614.0 MiB | Time: 138.2s
[ByzFL-SNN]   [Step 100/500] (20.0%) | Val Acc: 0.4834 | Test Acc: 0.4794 | VRAM (Alloc/Reserved): 97.3/614.0 MiB | Time: 271.2s
[ByzFL-SNN]   [Step 150/500] (30.0%) | Val Acc: 0.1068 | Test Acc: 0.1028 | VRAM (Alloc/Reserved): 98.9/614.0 MiB | Time: 405.1s
[ByzFL-SNN]   [Step 200/500] (40.0%) | Val Acc: 0.0973 | Test Acc: 0.0990 | VRAM (Alloc/Reserved): 98.7/614.0 MiB | Time: 546.6s
[ByzFL-SNN]   [Step 250/500] (50.0%) | Val Acc: 0.1133 | Test Acc: 0.1133 | VRAM (Alloc/Reserved): 96.4/614.0 MiB | Time: 667.4s
[ByzFL-SNN]   [Step 300/500] (60.0%) | Val Acc: 0.0990 | Test Acc: 0.0980 | VRAM (Alloc/Reserved): 97.2/614.0 MiB | Time: 817.4s
[ByzFL-SNN]   [Step 350/500] (70.0%) | Val Acc: 0.0990 | Test Acc: 0.0981 | VRAM (Alloc/Reserved): 97.9/614.0 MiB | Time: 977.0s
[ByzFL-SNN]   [Step 400/500] (80.0%) | Val Acc: 0.0977 | Test Acc: 0.1009 | VRAM (Alloc/Reserved): 96.5/614.0 MiB | Time: 1127.0s
[ByzFL-SNN]   [Step 450/500] (90.0%) | Val Acc: 0.1028 | Test Acc: 0.1054 | VRAM (Alloc/Reserved): 97.0/614.0 MiB | Time: 1280.4s
[ByzFL-SNN] [Training Complete] Peak VRAM (Alloc/Reserved): 403.8/614.0 MiB | Total time: 1433.8s

Training 258 done

[ByzFL-SNN] [Training Start] Model: cnn_mnist | Dataset: mnist
[ByzFL-SNN]   Aggregator: MultiKrum | Attack: SignFlipping
[ByzFL-SNN]   Distribution: gamma_similarity_niid (gamma=1.0)
[ByzFL-SNN]   Clients: 10 honest, 5 byzantine | Algorithm: DSGD
[ByzFL-SNN]   Learning Rate: 0.15 | Steps: 500 | Device: cuda:1
[ByzFL-SNN]   Validation samples: 12000 | Test samples: 10000
[ByzFL-SNN] Initial VRAM (Alloc/Reserved): 36.1/42.0 MiB
[ByzFL-SNN]   [Step 0/500] (0.0%) | Val Acc: 0.1542 | Test Acc: 0.1595 | VRAM (Alloc/Reserved): 44.3/64.0 MiB | Time: 3.8s
[ByzFL-SNN]   [Step 50/500] (10.0%) | Val Acc: 0.8829 | Test Acc: 0.8917 | VRAM (Alloc/Reserved): 94.1/636.0 MiB | Time: 34.9s
[ByzFL-SNN]   [Step 100/500] (20.0%) | Val Acc: 0.9384 | Test Acc: 0.9458 | VRAM (Alloc/Reserved): 95.0/636.0 MiB | Time: 65.6s
[ByzFL-SNN]   [Step 150/500] (30.0%) | Val Acc: 0.9460 | Test Acc: 0.9524 | VRAM (Alloc/Reserved): 94.4/636.0 MiB | Time: 96.7s
[ByzFL-SNN]   [Step 200/500] (40.0%) | Val Acc: 0.9530 | Test Acc: 0.9580 | VRAM (Alloc/Reserved): 94.7/636.0 MiB | Time: 128.1s
[ByzFL-SNN]   [Step 250/500] (50.0%) | Val Acc: 0.9570 | Test Acc: 0.9636 | VRAM (Alloc/Reserved): 92.9/636.0 MiB | Time: 158.9s
[ByzFL-SNN]   [Step 300/500] (60.0%) | Val Acc: 0.9605 | Test Acc: 0.9659 | VRAM (Alloc/Reserved): 93.6/636.0 MiB | Time: 188.6s
[ByzFL-SNN]   [Step 350/500] (70.0%) | Val Acc: 0.9623 | Test Acc: 0.9696 | VRAM (Alloc/Reserved): 93.8/636.0 MiB | Time: 219.2s
[ByzFL-SNN]   [Step 400/500] (80.0%) | Val Acc: 0.9653 | Test Acc: 0.9708 | VRAM (Alloc/Reserved): 95.1/636.0 MiB | Time: 250.5s
[ByzFL-SNN]   [Step 450/500] (90.0%) | Val Acc: 0.9650 | Test Acc: 0.9719 | VRAM (Alloc/Reserved): 93.7/636.0 MiB | Time: 281.4s
[ByzFL-SNN] [Training Complete] Peak VRAM (Alloc/Reserved): 391.9/636.0 MiB | Total time: 309.1s

Training 259 done

[ByzFL-SNN] [Training Start] Model: cnn_mnist | Dataset: mnist
[ByzFL-SNN]   Aggregator: CenteredClipping | Attack: Optimal_ALittleIsEnough_neg1
[ByzFL-SNN]   Distribution: gamma_similarity_niid (gamma=0.0)
[ByzFL-SNN]   Clients: 10 honest, 4 byzantine | Algorithm: DSGD
[ByzFL-SNN]   Learning Rate: 0.15 | Steps: 500 | Device: cuda:0
[ByzFL-SNN]   Validation samples: 12000 | Test samples: 10000
[ByzFL-SNN] Initial VRAM (Alloc/Reserved): 36.1/42.0 MiB
[ByzFL-SNN]   [Step 0/500] (0.0%) | Val Acc: 0.1542 | Test Acc: 0.1595 | VRAM (Alloc/Reserved): 44.3/64.0 MiB | Time: 3.8s
[ByzFL-SNN]   [Step 50/500] (10.0%) | Val Acc: 0.0979 | Test Acc: 0.0962 | VRAM (Alloc/Reserved): 98.1/614.0 MiB | Time: 153.0s
[ByzFL-SNN]   [Step 100/500] (20.0%) | Val Acc: 0.1068 | Test Acc: 0.1028 | VRAM (Alloc/Reserved): 97.7/614.0 MiB | Time: 301.5s
[ByzFL-SNN]   [Step 150/500] (30.0%) | Val Acc: 0.1068 | Test Acc: 0.1028 | VRAM (Alloc/Reserved): 97.3/614.0 MiB | Time: 469.0s
[ByzFL-SNN]   [Step 200/500] (40.0%) | Val Acc: 0.1068 | Test Acc: 0.1028 | VRAM (Alloc/Reserved): 98.3/614.0 MiB | Time: 628.5s
[ByzFL-SNN]   [Step 250/500] (50.0%) | Val Acc: 0.1068 | Test Acc: 0.1028 | VRAM (Alloc/Reserved): 96.6/614.0 MiB | Time: 776.0s
[ByzFL-SNN]   [Step 300/500] (60.0%) | Val Acc: 0.1068 | Test Acc: 0.1028 | VRAM (Alloc/Reserved): 96.7/614.0 MiB | Time: 921.5s
[ByzFL-SNN]   [Step 350/500] (70.0%) | Val Acc: 0.0997 | Test Acc: 0.1032 | VRAM (Alloc/Reserved): 96.6/614.0 MiB | Time: 1082.5s
[ByzFL-SNN]   [Step 400/500] (80.0%) | Val Acc: 0.0981 | Test Acc: 0.0974 | VRAM (Alloc/Reserved): 97.2/614.0 MiB | Time: 1245.8s
[ByzFL-SNN]   [Step 450/500] (90.0%) | Val Acc: 0.0981 | Test Acc: 0.0974 | VRAM (Alloc/Reserved): 97.5/614.0 MiB | Time: 1416.9s
[ByzFL-SNN] [Training Complete] Peak VRAM (Alloc/Reserved): 403.8/614.0 MiB | Total time: 1582.6s

Training 260 done

[ByzFL-SNN] [Training Start] Model: cnn_mnist | Dataset: mnist
[ByzFL-SNN]   Aggregator: MultiKrum | Attack: Optimal_InnerProductManipulation
[ByzFL-SNN]   Distribution: gamma_similarity_niid (gamma=0.0)
[ByzFL-SNN]   Clients: 10 honest, 4 byzantine | Algorithm: DSGD
[ByzFL-SNN]   Learning Rate: 0.15 | Steps: 500 | Device: cuda:1
[ByzFL-SNN]   Validation samples: 12000 | Test samples: 10000
[ByzFL-SNN] Initial VRAM (Alloc/Reserved): 36.1/42.0 MiB
[ByzFL-SNN]   [Step 0/500] (0.0%) | Val Acc: 0.1542 | Test Acc: 0.1595 | VRAM (Alloc/Reserved): 44.3/64.0 MiB | Time: 3.5s
[ByzFL-SNN]   [Step 50/500] (10.0%) | Val Acc: 0.1042 | Test Acc: 0.1011 | VRAM (Alloc/Reserved): 93.7/614.0 MiB | Time: 135.6s
[ByzFL-SNN]   [Step 100/500] (20.0%) | Val Acc: 0.1994 | Test Acc: 0.1963 | VRAM (Alloc/Reserved): 94.3/614.0 MiB | Time: 269.9s
[ByzFL-SNN]   [Step 150/500] (30.0%) | Val Acc: 0.1068 | Test Acc: 0.1028 | VRAM (Alloc/Reserved): 94.6/614.0 MiB | Time: 403.2s
[ByzFL-SNN]   [Step 200/500] (40.0%) | Val Acc: 0.0990 | Test Acc: 0.0980 | VRAM (Alloc/Reserved): 93.9/614.0 MiB | Time: 504.1s
[ByzFL-SNN]   [Step 250/500] (50.0%) | Val Acc: 0.0990 | Test Acc: 0.0980 | VRAM (Alloc/Reserved): 94.3/614.0 MiB | Time: 584.5s
[ByzFL-SNN]   [Step 300/500] (60.0%) | Val Acc: 0.0990 | Test Acc: 0.0980 | VRAM (Alloc/Reserved): 94.5/614.0 MiB | Time: 665.0s
[ByzFL-SNN]   [Step 350/500] (70.0%) | Val Acc: 0.0990 | Test Acc: 0.0980 | VRAM (Alloc/Reserved): 94.4/614.0 MiB | Time: 741.2s
[ByzFL-SNN]   [Step 400/500] (80.0%) | Val Acc: 0.0990 | Test Acc: 0.0980 | VRAM (Alloc/Reserved): 94.4/614.0 MiB | Time: 818.4s
[ByzFL-SNN]   [Step 450/500] (90.0%) | Val Acc: 0.0990 | Test Acc: 0.0980 | VRAM (Alloc/Reserved): 93.7/614.0 MiB | Time: 894.2s
[ByzFL-SNN] [Training Complete] Peak VRAM (Alloc/Reserved): 398.5/614.0 MiB | Total time: 967.0s

Training 261 done

[ByzFL-SNN] [Training Start] Model: cnn_mnist | Dataset: mnist
[ByzFL-SNN]   Aggregator: TrMean | Attack: Optimal_ALittleIsEnough_neg1
[ByzFL-SNN]   Distribution: gamma_similarity_niid (gamma=0.0)
[ByzFL-SNN]   Clients: 10 honest, 4 byzantine | Algorithm: DSGD
[ByzFL-SNN]   Learning Rate: 0.15 | Steps: 500 | Device: cuda:0
[ByzFL-SNN]   Validation samples: 12000 | Test samples: 10000
[ByzFL-SNN] Initial VRAM (Alloc/Reserved): 36.1/42.0 MiB
[ByzFL-SNN]   [Step 0/500] (0.0%) | Val Acc: 0.1542 | Test Acc: 0.1595 | VRAM (Alloc/Reserved): 44.3/64.0 MiB | Time: 3.8s
[ByzFL-SNN]   [Step 50/500] (10.0%) | Val Acc: 0.0981 | Test Acc: 0.0974 | VRAM (Alloc/Reserved): 94.0/614.0 MiB | Time: 157.1s
[ByzFL-SNN]   [Step 100/500] (20.0%) | Val Acc: 0.0981 | Test Acc: 0.0974 | VRAM (Alloc/Reserved): 94.3/614.0 MiB | Time: 310.7s
[ByzFL-SNN]   [Step 150/500] (30.0%) | Val Acc: 0.0972 | Test Acc: 0.0958 | VRAM (Alloc/Reserved): 93.7/614.0 MiB | Time: 451.8s
[ByzFL-SNN]   [Step 200/500] (40.0%) | Val Acc: 0.0981 | Test Acc: 0.0974 | VRAM (Alloc/Reserved): 93.5/614.0 MiB | Time: 594.2s
[ByzFL-SNN]   [Step 250/500] (50.0%) | Val Acc: 0.1037 | Test Acc: 0.1010 | VRAM (Alloc/Reserved): 94.3/614.0 MiB | Time: 739.5s
[ByzFL-SNN]   [Step 300/500] (60.0%) | Val Acc: 0.1037 | Test Acc: 0.1010 | VRAM (Alloc/Reserved): 93.0/614.0 MiB | Time: 880.4s
[ByzFL-SNN]   [Step 350/500] (70.0%) | Val Acc: 0.0968 | Test Acc: 0.0982 | VRAM (Alloc/Reserved): 94.3/614.0 MiB | Time: 1021.9s
[ByzFL-SNN]   [Step 400/500] (80.0%) | Val Acc: 0.1037 | Test Acc: 0.1010 | VRAM (Alloc/Reserved): 93.4/614.0 MiB | Time: 1151.9s
[ByzFL-SNN]   [Step 450/500] (90.0%) | Val Acc: 0.0997 | Test Acc: 0.1032 | VRAM (Alloc/Reserved): 92.8/614.0 MiB | Time: 1292.1s
[ByzFL-SNN] [Training Complete] Peak VRAM (Alloc/Reserved): 398.2/614.0 MiB | Total time: 1424.9s

Training 262 done

[ByzFL-SNN] [Training Start] Model: cnn_mnist | Dataset: mnist
[ByzFL-SNN]   Aggregator: MultiKrum | Attack: Optimal_InnerProductManipulation
[ByzFL-SNN]   Distribution: gamma_similarity_niid (gamma=0.0)
[ByzFL-SNN]   Clients: 10 honest, 4 byzantine | Algorithm: DSGD
[ByzFL-SNN]   Learning Rate: 0.15 | Steps: 500 | Device: cuda:0
[ByzFL-SNN]   Validation samples: 12000 | Test samples: 10000
[ByzFL-SNN] Initial VRAM (Alloc/Reserved): 36.1/42.0 MiB
[ByzFL-SNN]   [Step 0/500] (0.0%) | Val Acc: 0.1542 | Test Acc: 0.1595 | VRAM (Alloc/Reserved): 44.3/64.0 MiB | Time: 3.6s
[ByzFL-SNN]   [Step 50/500] (10.0%) | Val Acc: 0.0990 | Test Acc: 0.0980 | VRAM (Alloc/Reserved): 93.7/614.0 MiB | Time: 150.5s
[ByzFL-SNN]   [Step 100/500] (20.0%) | Val Acc: 0.0990 | Test Acc: 0.0980 | VRAM (Alloc/Reserved): 94.3/614.0 MiB | Time: 247.4s
[ByzFL-SNN]   [Step 150/500] (30.0%) | Val Acc: 0.0990 | Test Acc: 0.0980 | VRAM (Alloc/Reserved): 94.6/614.0 MiB | Time: 344.4s
[ByzFL-SNN]   [Step 200/500] (40.0%) | Val Acc: 0.0990 | Test Acc: 0.0980 | VRAM (Alloc/Reserved): 93.9/614.0 MiB | Time: 440.3s
[ByzFL-SNN]   [Step 250/500] (50.0%) | Val Acc: 0.0990 | Test Acc: 0.0980 | VRAM (Alloc/Reserved): 94.3/614.0 MiB | Time: 540.7s
[ByzFL-SNN]   [Step 300/500] (60.0%) | Val Acc: 0.0990 | Test Acc: 0.0980 | VRAM (Alloc/Reserved): 94.5/614.0 MiB | Time: 639.3s
[ByzFL-SNN]   [Step 350/500] (70.0%) | Val Acc: 0.0990 | Test Acc: 0.0980 | VRAM (Alloc/Reserved): 94.4/614.0 MiB | Time: 737.5s
[ByzFL-SNN]   [Step 400/500] (80.0%) | Val Acc: 0.0990 | Test Acc: 0.0980 | VRAM (Alloc/Reserved): 94.4/614.0 MiB | Time: 837.2s
[ByzFL-SNN]   [Step 450/500] (90.0%) | Val Acc: 0.0990 | Test Acc: 0.0980 | VRAM (Alloc/Reserved): 93.7/614.0 MiB | Time: 938.9s
[ByzFL-SNN] [Training Complete] Peak VRAM (Alloc/Reserved): 398.5/614.0 MiB | Total time: 1033.6s

Training 263 done

[ByzFL-SNN] [Training Start] Model: cnn_mnist | Dataset: mnist
[ByzFL-SNN]   Aggregator: MultiKrum | Attack: SignFlipping
[ByzFL-SNN]   Distribution: gamma_similarity_niid (gamma=1.0)
[ByzFL-SNN]   Clients: 10 honest, 5 byzantine | Algorithm: DSGD
[ByzFL-SNN]   Learning Rate: 0.15 | Steps: 500 | Device: cuda:0
[ByzFL-SNN]   Validation samples: 12000 | Test samples: 10000
[ByzFL-SNN] Initial VRAM (Alloc/Reserved): 36.1/42.0 MiB
[ByzFL-SNN]   [Step 0/500] (0.0%) | Val Acc: 0.1542 | Test Acc: 0.1595 | VRAM (Alloc/Reserved): 44.3/64.0 MiB | Time: 3.8s
[ByzFL-SNN]   [Step 50/500] (10.0%) | Val Acc: 0.9029 | Test Acc: 0.9097 | VRAM (Alloc/Reserved): 94.1/636.0 MiB | Time: 40.6s
[ByzFL-SNN]   [Step 100/500] (20.0%) | Val Acc: 0.9400 | Test Acc: 0.9473 | VRAM (Alloc/Reserved): 95.0/636.0 MiB | Time: 78.4s
[ByzFL-SNN]   [Step 150/500] (30.0%) | Val Acc: 0.9485 | Test Acc: 0.9543 | VRAM (Alloc/Reserved): 94.4/636.0 MiB | Time: 117.0s
[ByzFL-SNN]   [Step 200/500] (40.0%) | Val Acc: 0.9525 | Test Acc: 0.9575 | VRAM (Alloc/Reserved): 94.7/636.0 MiB | Time: 154.9s
[ByzFL-SNN]   [Step 250/500] (50.0%) | Val Acc: 0.9570 | Test Acc: 0.9626 | VRAM (Alloc/Reserved): 92.9/636.0 MiB | Time: 194.0s
[ByzFL-SNN]   [Step 300/500] (60.0%) | Val Acc: 0.9612 | Test Acc: 0.9666 | VRAM (Alloc/Reserved): 93.6/636.0 MiB | Time: 232.9s
[ByzFL-SNN]   [Step 350/500] (70.0%) | Val Acc: 0.9637 | Test Acc: 0.9686 | VRAM (Alloc/Reserved): 93.8/636.0 MiB | Time: 271.1s
[ByzFL-SNN]   [Step 400/500] (80.0%) | Val Acc: 0.9657 | Test Acc: 0.9701 | VRAM (Alloc/Reserved): 95.1/636.0 MiB | Time: 309.3s
[ByzFL-SNN]   [Step 450/500] (90.0%) | Val Acc: 0.9678 | Test Acc: 0.9719 | VRAM (Alloc/Reserved): 93.7/636.0 MiB | Time: 346.4s
[ByzFL-SNN] [Training Complete] Peak VRAM (Alloc/Reserved): 391.9/636.0 MiB | Total time: 379.3s

Training 264 done

[ByzFL-SNN] [Training Start] Model: cnn_mnist | Dataset: mnist
[ByzFL-SNN]   Aggregator: TrMean | Attack: Optimal_InnerProductManipulation
[ByzFL-SNN]   Distribution: gamma_similarity_niid (gamma=0.0)
[ByzFL-SNN]   Clients: 10 honest, 4 byzantine | Algorithm: DSGD
[ByzFL-SNN]   Learning Rate: 0.15 | Steps: 500 | Device: cuda:1
[ByzFL-SNN]   Validation samples: 12000 | Test samples: 10000
[ByzFL-SNN] Initial VRAM (Alloc/Reserved): 36.1/42.0 MiB
[ByzFL-SNN]   [Step 0/500] (0.0%) | Val Acc: 0.1542 | Test Acc: 0.1595 | VRAM (Alloc/Reserved): 44.3/64.0 MiB | Time: 4.2s
[ByzFL-SNN]   [Step 50/500] (10.0%) | Val Acc: 0.0918 | Test Acc: 0.0958 | VRAM (Alloc/Reserved): 93.7/614.0 MiB | Time: 131.9s
[ByzFL-SNN]   [Step 100/500] (20.0%) | Val Acc: 0.1643 | Test Acc: 0.1645 | VRAM (Alloc/Reserved): 94.3/614.0 MiB | Time: 254.2s
[ByzFL-SNN]   [Step 150/500] (30.0%) | Val Acc: 0.0972 | Test Acc: 0.0958 | VRAM (Alloc/Reserved): 94.6/614.0 MiB | Time: 382.0s
[ByzFL-SNN]   [Step 200/500] (40.0%) | Val Acc: 0.1037 | Test Acc: 0.1010 | VRAM (Alloc/Reserved): 93.9/614.0 MiB | Time: 515.4s
[ByzFL-SNN]   [Step 250/500] (50.0%) | Val Acc: 0.0968 | Test Acc: 0.0982 | VRAM (Alloc/Reserved): 94.3/614.0 MiB | Time: 645.9s
[ByzFL-SNN]   [Step 300/500] (60.0%) | Val Acc: 0.1068 | Test Acc: 0.1028 | VRAM (Alloc/Reserved): 94.5/614.0 MiB | Time: 775.7s
[ByzFL-SNN]   [Step 350/500] (70.0%) | Val Acc: 0.1068 | Test Acc: 0.1028 | VRAM (Alloc/Reserved): 94.4/614.0 MiB | Time: 910.3s
[ByzFL-SNN]   [Step 400/500] (80.0%) | Val Acc: 0.1068 | Test Acc: 0.1028 | VRAM (Alloc/Reserved): 94.4/614.0 MiB | Time: 1037.0s
[ByzFL-SNN]   [Step 450/500] (90.0%) | Val Acc: 0.1068 | Test Acc: 0.1028 | VRAM (Alloc/Reserved): 93.7/614.0 MiB | Time: 1164.0s
[ByzFL-SNN] [Training Complete] Peak VRAM (Alloc/Reserved): 398.5/614.0 MiB | Total time: 1291.9s

Training 265 done

[ByzFL-SNN] [Training Start] Model: cnn_mnist | Dataset: mnist
[ByzFL-SNN]   Aggregator: GeometricMedian | Attack: SignFlipping
[ByzFL-SNN]   Distribution: gamma_similarity_niid (gamma=0.66)
[ByzFL-SNN]   Clients: 10 honest, 5 byzantine | Algorithm: DSGD
[ByzFL-SNN]   Learning Rate: 0.15 | Steps: 500 | Device: cuda:1
[ByzFL-SNN]   Validation samples: 12000 | Test samples: 10000
[ByzFL-SNN] Initial VRAM (Alloc/Reserved): 36.1/42.0 MiB
[ByzFL-SNN]   [Step 0/500] (0.0%) | Val Acc: 0.1542 | Test Acc: 0.1595 | VRAM (Alloc/Reserved): 44.3/64.0 MiB | Time: 3.5s
[ByzFL-SNN]   [Step 50/500] (10.0%) | Val Acc: 0.4689 | Test Acc: 0.4713 | VRAM (Alloc/Reserved): 93.7/634.0 MiB | Time: 35.5s
[ByzFL-SNN]   [Step 100/500] (20.0%) | Val Acc: 0.7679 | Test Acc: 0.7764 | VRAM (Alloc/Reserved): 94.4/634.0 MiB | Time: 66.5s
[ByzFL-SNN]   [Step 150/500] (30.0%) | Val Acc: 0.8631 | Test Acc: 0.8702 | VRAM (Alloc/Reserved): 95.0/634.0 MiB | Time: 97.5s
[ByzFL-SNN]   [Step 200/500] (40.0%) | Val Acc: 0.9088 | Test Acc: 0.9170 | VRAM (Alloc/Reserved): 94.7/634.0 MiB | Time: 128.6s
[ByzFL-SNN]   [Step 250/500] (50.0%) | Val Acc: 0.9174 | Test Acc: 0.9201 | VRAM (Alloc/Reserved): 94.0/634.0 MiB | Time: 159.3s
[ByzFL-SNN]   [Step 300/500] (60.0%) | Val Acc: 0.9353 | Test Acc: 0.9403 | VRAM (Alloc/Reserved): 94.8/634.0 MiB | Time: 191.5s
[ByzFL-SNN]   [Step 350/500] (70.0%) | Val Acc: 0.9402 | Test Acc: 0.9461 | VRAM (Alloc/Reserved): 94.1/634.0 MiB | Time: 223.4s
[ByzFL-SNN]   [Step 400/500] (80.0%) | Val Acc: 0.9512 | Test Acc: 0.9560 | VRAM (Alloc/Reserved): 94.7/634.0 MiB | Time: 255.3s
[ByzFL-SNN]   [Step 450/500] (90.0%) | Val Acc: 0.9367 | Test Acc: 0.9400 | VRAM (Alloc/Reserved): 94.4/634.0 MiB | Time: 287.7s
[ByzFL-SNN] [Training Complete] Peak VRAM (Alloc/Reserved): 391.9/634.0 MiB | Total time: 317.0s

Training 266 done

[ByzFL-SNN] [Training Start] Model: cnn_mnist | Dataset: mnist
[ByzFL-SNN]   Aggregator: GeometricMedian | Attack: SignFlipping
[ByzFL-SNN]   Distribution: gamma_similarity_niid (gamma=0.66)
[ByzFL-SNN]   Clients: 10 honest, 5 byzantine | Algorithm: DSGD
[ByzFL-SNN]   Learning Rate: 0.15 | Steps: 500 | Device: cuda:0
[ByzFL-SNN]   Validation samples: 12000 | Test samples: 10000
[ByzFL-SNN] Initial VRAM (Alloc/Reserved): 36.1/42.0 MiB
[ByzFL-SNN]   [Step 0/500] (0.0%) | Val Acc: 0.1542 | Test Acc: 0.1595 | VRAM (Alloc/Reserved): 44.3/64.0 MiB | Time: 3.8s
[ByzFL-SNN]   [Step 50/500] (10.0%) | Val Acc: 0.4775 | Test Acc: 0.4803 | VRAM (Alloc/Reserved): 93.7/634.0 MiB | Time: 43.1s
[ByzFL-SNN]   [Step 100/500] (20.0%) | Val Acc: 0.6699 | Test Acc: 0.6763 | VRAM (Alloc/Reserved): 94.4/634.0 MiB | Time: 81.6s
[ByzFL-SNN]   [Step 150/500] (30.0%) | Val Acc: 0.8741 | Test Acc: 0.8792 | VRAM (Alloc/Reserved): 95.0/634.0 MiB | Time: 118.9s
[ByzFL-SNN]   [Step 200/500] (40.0%) | Val Acc: 0.9062 | Test Acc: 0.9100 | VRAM (Alloc/Reserved): 94.7/634.0 MiB | Time: 155.2s
[ByzFL-SNN]   [Step 250/500] (50.0%) | Val Acc: 0.9255 | Test Acc: 0.9302 | VRAM (Alloc/Reserved): 94.0/634.0 MiB | Time: 190.8s
[ByzFL-SNN]   [Step 300/500] (60.0%) | Val Acc: 0.9373 | Test Acc: 0.9410 | VRAM (Alloc/Reserved): 94.8/634.0 MiB | Time: 226.3s
[ByzFL-SNN]   [Step 350/500] (70.0%) | Val Acc: 0.9452 | Test Acc: 0.9518 | VRAM (Alloc/Reserved): 94.1/634.0 MiB | Time: 261.2s
[ByzFL-SNN]   [Step 400/500] (80.0%) | Val Acc: 0.9491 | Test Acc: 0.9543 | VRAM (Alloc/Reserved): 94.7/634.0 MiB | Time: 296.5s
[ByzFL-SNN]   [Step 450/500] (90.0%) | Val Acc: 0.9553 | Test Acc: 0.9609 | VRAM (Alloc/Reserved): 94.4/634.0 MiB | Time: 332.3s
[ByzFL-SNN] [Training Complete] Peak VRAM (Alloc/Reserved): 391.9/634.0 MiB | Total time: 365.6s

Training 267 done

[ByzFL-SNN] [Training Start] Model: cnn_mnist | Dataset: mnist
[ByzFL-SNN]   Aggregator: MultiKrum | Attack: Optimal_ALittleIsEnough_neg1
[ByzFL-SNN]   Distribution: gamma_similarity_niid (gamma=0.0)
[ByzFL-SNN]   Clients: 10 honest, 4 byzantine | Algorithm: DSGD
[ByzFL-SNN]   Learning Rate: 0.15 | Steps: 500 | Device: cuda:0
[ByzFL-SNN]   Validation samples: 12000 | Test samples: 10000
[ByzFL-SNN] Initial VRAM (Alloc/Reserved): 36.1/42.0 MiB
[ByzFL-SNN]   [Step 0/500] (0.0%) | Val Acc: 0.1542 | Test Acc: 0.1595 | VRAM (Alloc/Reserved): 44.3/64.0 MiB | Time: 4.2s
[ByzFL-SNN]   [Step 50/500] (10.0%) | Val Acc: 0.0981 | Test Acc: 0.0974 | VRAM (Alloc/Reserved): 94.0/614.0 MiB | Time: 159.6s
[ByzFL-SNN]   [Step 100/500] (20.0%) | Val Acc: 0.0978 | Test Acc: 0.1009 | VRAM (Alloc/Reserved): 94.3/614.0 MiB | Time: 319.3s
[ByzFL-SNN]   [Step 150/500] (30.0%) | Val Acc: 0.1133 | Test Acc: 0.1135 | VRAM (Alloc/Reserved): 93.7/614.0 MiB | Time: 470.8s
[ByzFL-SNN]   [Step 200/500] (40.0%) | Val Acc: 0.0997 | Test Acc: 0.1032 | VRAM (Alloc/Reserved): 93.5/614.0 MiB | Time: 612.4s
[ByzFL-SNN]   [Step 250/500] (50.0%) | Val Acc: 0.1133 | Test Acc: 0.1135 | VRAM (Alloc/Reserved): 94.3/614.0 MiB | Time: 760.1s
[ByzFL-SNN]   [Step 300/500] (60.0%) | Val Acc: 0.0981 | Test Acc: 0.0974 | VRAM (Alloc/Reserved): 93.0/614.0 MiB | Time: 901.4s
[ByzFL-SNN]   [Step 350/500] (70.0%) | Val Acc: 0.0981 | Test Acc: 0.0974 | VRAM (Alloc/Reserved): 94.3/614.0 MiB | Time: 1038.5s
[ByzFL-SNN]   [Step 400/500] (80.0%) | Val Acc: 0.0997 | Test Acc: 0.1032 | VRAM (Alloc/Reserved): 93.4/614.0 MiB | Time: 1180.1s
[ByzFL-SNN]   [Step 450/500] (90.0%) | Val Acc: 0.1068 | Test Acc: 0.1028 | VRAM (Alloc/Reserved): 92.8/614.0 MiB | Time: 1311.3s
[ByzFL-SNN] [Training Complete] Peak VRAM (Alloc/Reserved): 398.2/614.0 MiB | Total time: 1437.3s

Training 268 done

[ByzFL-SNN] [Training Start] Model: cnn_mnist | Dataset: mnist
[ByzFL-SNN]   Aggregator: TrMean | Attack: Optimal_InnerProductManipulation
[ByzFL-SNN]   Distribution: gamma_similarity_niid (gamma=0.0)
[ByzFL-SNN]   Clients: 10 honest, 4 byzantine | Algorithm: DSGD
[ByzFL-SNN]   Learning Rate: 0.15 | Steps: 500 | Device: cuda:0
[ByzFL-SNN]   Validation samples: 12000 | Test samples: 10000
[ByzFL-SNN] Initial VRAM (Alloc/Reserved): 36.1/42.0 MiB
[ByzFL-SNN]   [Step 0/500] (0.0%) | Val Acc: 0.1542 | Test Acc: 0.1595 | VRAM (Alloc/Reserved): 44.3/64.0 MiB | Time: 3.7s
[ByzFL-SNN]   [Step 50/500] (10.0%) | Val Acc: 0.1183 | Test Acc: 0.1142 | VRAM (Alloc/Reserved): 93.7/614.0 MiB | Time: 146.9s
[ByzFL-SNN]   [Step 100/500] (20.0%) | Val Acc: 0.0968 | Test Acc: 0.0982 | VRAM (Alloc/Reserved): 94.3/614.0 MiB | Time: 292.4s
[ByzFL-SNN]   [Step 150/500] (30.0%) | Val Acc: 0.1068 | Test Acc: 0.1028 | VRAM (Alloc/Reserved): 94.6/614.0 MiB | Time: 443.1s
[ByzFL-SNN]   [Step 200/500] (40.0%) | Val Acc: 0.1068 | Test Acc: 0.1028 | VRAM (Alloc/Reserved): 93.9/614.0 MiB | Time: 598.6s
[ByzFL-SNN]   [Step 250/500] (50.0%) | Val Acc: 0.1068 | Test Acc: 0.1028 | VRAM (Alloc/Reserved): 94.3/614.0 MiB | Time: 756.2s
[ByzFL-SNN]   [Step 300/500] (60.0%) | Val Acc: 0.1068 | Test Acc: 0.1028 | VRAM (Alloc/Reserved): 94.5/614.0 MiB | Time: 911.4s
[ByzFL-SNN]   [Step 350/500] (70.0%) | Val Acc: 0.1068 | Test Acc: 0.1028 | VRAM (Alloc/Reserved): 94.4/614.0 MiB | Time: 1075.7s
[ByzFL-SNN]   [Step 400/500] (80.0%) | Val Acc: 0.1068 | Test Acc: 0.1028 | VRAM (Alloc/Reserved): 94.4/614.0 MiB | Time: 1239.1s
[ByzFL-SNN]   [Step 450/500] (90.0%) | Val Acc: 0.1068 | Test Acc: 0.1028 | VRAM (Alloc/Reserved): 93.7/614.0 MiB | Time: 1398.4s
[ByzFL-SNN] [Training Complete] Peak VRAM (Alloc/Reserved): 398.5/614.0 MiB | Total time: 1551.0s

Training 269 done

[ByzFL-SNN] [Training Start] Model: cnn_mnist | Dataset: mnist
[ByzFL-SNN]   Aggregator: CenteredClipping | Attack: Optimal_InnerProductManipulation
[ByzFL-SNN]   Distribution: gamma_similarity_niid (gamma=1.0)
[ByzFL-SNN]   Clients: 10 honest, 5 byzantine | Algorithm: DSGD
[ByzFL-SNN]   Learning Rate: 0.15 | Steps: 500 | Device: cuda:1
[ByzFL-SNN]   Validation samples: 12000 | Test samples: 10000
[ByzFL-SNN] Initial VRAM (Alloc/Reserved): 36.1/42.0 MiB
[ByzFL-SNN]   [Step 0/500] (0.0%) | Val Acc: 0.1542 | Test Acc: 0.1595 | VRAM (Alloc/Reserved): 44.3/64.0 MiB | Time: 4.0s
[ByzFL-SNN]   [Step 50/500] (10.0%) | Val Acc: 0.8256 | Test Acc: 0.8352 | VRAM (Alloc/Reserved): 97.2/636.0 MiB | Time: 98.1s
[ByzFL-SNN]   [Step 100/500] (20.0%) | Val Acc: 0.9017 | Test Acc: 0.9108 | VRAM (Alloc/Reserved): 97.0/636.0 MiB | Time: 190.0s
[ByzFL-SNN]   [Step 150/500] (30.0%) | Val Acc: 0.9273 | Test Acc: 0.9321 | VRAM (Alloc/Reserved): 98.3/636.0 MiB | Time: 290.6s
[ByzFL-SNN]   [Step 200/500] (40.0%) | Val Acc: 0.9430 | Test Acc: 0.9478 | VRAM (Alloc/Reserved): 97.7/636.0 MiB | Time: 383.9s
[ByzFL-SNN]   [Step 250/500] (50.0%) | Val Acc: 0.9504 | Test Acc: 0.9548 | VRAM (Alloc/Reserved): 96.8/636.0 MiB | Time: 487.0s
[ByzFL-SNN]   [Step 300/500] (60.0%) | Val Acc: 0.9575 | Test Acc: 0.9630 | VRAM (Alloc/Reserved): 96.5/636.0 MiB | Time: 583.3s
[ByzFL-SNN]   [Step 350/500] (70.0%) | Val Acc: 0.9631 | Test Acc: 0.9661 | VRAM (Alloc/Reserved): 97.0/636.0 MiB | Time: 677.9s
[ByzFL-SNN]   [Step 400/500] (80.0%) | Val Acc: 0.9651 | Test Acc: 0.9696 | VRAM (Alloc/Reserved): 97.5/636.0 MiB | Time: 782.3s
[ByzFL-SNN]   [Step 450/500] (90.0%) | Val Acc: 0.9701 | Test Acc: 0.9717 | VRAM (Alloc/Reserved): 97.8/636.0 MiB | Time: 882.0s
[ByzFL-SNN] [Training Complete] Peak VRAM (Alloc/Reserved): 424.2/636.0 MiB | Total time: 995.5s

Training 270 done

[ByzFL-SNN] [Training Start] Model: cnn_mnist | Dataset: mnist
[ByzFL-SNN]   Aggregator: CenteredClipping | Attack: SignFlipping
[ByzFL-SNN]   Distribution: gamma_similarity_niid (gamma=0.66)
[ByzFL-SNN]   Clients: 10 honest, 5 byzantine | Algorithm: DSGD
[ByzFL-SNN]   Learning Rate: 0.15 | Steps: 500 | Device: cuda:1
[ByzFL-SNN]   Validation samples: 12000 | Test samples: 10000
[ByzFL-SNN] Initial VRAM (Alloc/Reserved): 36.1/42.0 MiB
[ByzFL-SNN]   [Step 0/500] (0.0%) | Val Acc: 0.1542 | Test Acc: 0.1595 | VRAM (Alloc/Reserved): 44.3/64.0 MiB | Time: 3.7s
[ByzFL-SNN]   [Step 50/500] (10.0%) | Val Acc: 0.4213 | Test Acc: 0.4180 | VRAM (Alloc/Reserved): 95.8/634.0 MiB | Time: 37.0s
[ByzFL-SNN]   [Step 100/500] (20.0%) | Val Acc: 0.6751 | Test Acc: 0.6781 | VRAM (Alloc/Reserved): 96.0/634.0 MiB | Time: 69.4s
[ByzFL-SNN]   [Step 150/500] (30.0%) | Val Acc: 0.8417 | Test Acc: 0.8479 | VRAM (Alloc/Reserved): 96.5/634.0 MiB | Time: 101.6s
[ByzFL-SNN]   [Step 200/500] (40.0%) | Val Acc: 0.8922 | Test Acc: 0.8981 | VRAM (Alloc/Reserved): 94.7/634.0 MiB | Time: 134.6s
[ByzFL-SNN]   [Step 250/500] (50.0%) | Val Acc: 0.9050 | Test Acc: 0.9083 | VRAM (Alloc/Reserved): 95.1/634.0 MiB | Time: 167.2s
[ByzFL-SNN]   [Step 300/500] (60.0%) | Val Acc: 0.9306 | Test Acc: 0.9373 | VRAM (Alloc/Reserved): 94.7/634.0 MiB | Time: 197.9s
[ByzFL-SNN]   [Step 350/500] (70.0%) | Val Acc: 0.9339 | Test Acc: 0.9395 | VRAM (Alloc/Reserved): 95.6/634.0 MiB | Time: 230.0s
[ByzFL-SNN]   [Step 400/500] (80.0%) | Val Acc: 0.9408 | Test Acc: 0.9504 | VRAM (Alloc/Reserved): 95.9/634.0 MiB | Time: 263.0s
[ByzFL-SNN]   [Step 450/500] (90.0%) | Val Acc: 0.9443 | Test Acc: 0.9512 | VRAM (Alloc/Reserved): 94.5/634.0 MiB | Time: 298.0s
[ByzFL-SNN] [Training Complete] Peak VRAM (Alloc/Reserved): 394.6/634.0 MiB | Total time: 327.5s

Training 271 done

[ByzFL-SNN] [Training Start] Model: cnn_mnist | Dataset: mnist
[ByzFL-SNN]   Aggregator: CenteredClipping | Attack: SignFlipping
[ByzFL-SNN]   Distribution: gamma_similarity_niid (gamma=0.66)
[ByzFL-SNN]   Clients: 10 honest, 5 byzantine | Algorithm: DSGD
[ByzFL-SNN]   Learning Rate: 0.15 | Steps: 500 | Device: cuda:0
[ByzFL-SNN]   Validation samples: 12000 | Test samples: 10000
[ByzFL-SNN] Initial VRAM (Alloc/Reserved): 36.1/42.0 MiB
[ByzFL-SNN]   [Step 0/500] (0.0%) | Val Acc: 0.1542 | Test Acc: 0.1595 | VRAM (Alloc/Reserved): 44.3/64.0 MiB | Time: 3.7s
[ByzFL-SNN]   [Step 50/500] (10.0%) | Val Acc: 0.4074 | Test Acc: 0.4137 | VRAM (Alloc/Reserved): 95.8/634.0 MiB | Time: 40.3s
[ByzFL-SNN]   [Step 100/500] (20.0%) | Val Acc: 0.6502 | Test Acc: 0.6527 | VRAM (Alloc/Reserved): 96.0/634.0 MiB | Time: 76.3s
[ByzFL-SNN]   [Step 150/500] (30.0%) | Val Acc: 0.8283 | Test Acc: 0.8356 | VRAM (Alloc/Reserved): 96.5/634.0 MiB | Time: 112.4s
[ByzFL-SNN]   [Step 200/500] (40.0%) | Val Acc: 0.8954 | Test Acc: 0.9024 | VRAM (Alloc/Reserved): 94.7/634.0 MiB | Time: 148.1s
[ByzFL-SNN]   [Step 250/500] (50.0%) | Val Acc: 0.9066 | Test Acc: 0.9129 | VRAM (Alloc/Reserved): 95.1/634.0 MiB | Time: 183.9s
[ByzFL-SNN]   [Step 300/500] (60.0%) | Val Acc: 0.9277 | Test Acc: 0.9351 | VRAM (Alloc/Reserved): 94.7/634.0 MiB | Time: 221.7s
[ByzFL-SNN]   [Step 350/500] (70.0%) | Val Acc: 0.9319 | Test Acc: 0.9411 | VRAM (Alloc/Reserved): 95.6/634.0 MiB | Time: 257.6s
[ByzFL-SNN]   [Step 400/500] (80.0%) | Val Acc: 0.9491 | Test Acc: 0.9541 | VRAM (Alloc/Reserved): 95.9/634.0 MiB | Time: 291.8s
[ByzFL-SNN]   [Step 450/500] (90.0%) | Val Acc: 0.9493 | Test Acc: 0.9543 | VRAM (Alloc/Reserved): 94.5/634.0 MiB | Time: 325.7s
[ByzFL-SNN] [Training Complete] Peak VRAM (Alloc/Reserved): 394.6/634.0 MiB | Total time: 357.9s

Training 272 done

[ByzFL-SNN] [Training Start] Model: cnn_mnist | Dataset: mnist
[ByzFL-SNN]   Aggregator: GeometricMedian | Attack: Optimal_InnerProductManipulation
[ByzFL-SNN]   Distribution: gamma_similarity_niid (gamma=1.0)
[ByzFL-SNN]   Clients: 10 honest, 5 byzantine | Algorithm: DSGD
[ByzFL-SNN]   Learning Rate: 0.15 | Steps: 500 | Device: cuda:1
[ByzFL-SNN]   Validation samples: 12000 | Test samples: 10000
[ByzFL-SNN] Initial VRAM (Alloc/Reserved): 36.1/42.0 MiB
[ByzFL-SNN]   [Step 0/500] (0.0%) | Val Acc: 0.1542 | Test Acc: 0.1595 | VRAM (Alloc/Reserved): 44.3/64.0 MiB | Time: 3.6s
[ByzFL-SNN]   [Step 50/500] (10.0%) | Val Acc: 0.8789 | Test Acc: 0.8878 | VRAM (Alloc/Reserved): 93.8/636.0 MiB | Time: 120.6s
[ByzFL-SNN]   [Step 100/500] (20.0%) | Val Acc: 0.9173 | Test Acc: 0.9268 | VRAM (Alloc/Reserved): 93.2/636.0 MiB | Time: 255.0s
[ByzFL-SNN]   [Step 150/500] (30.0%) | Val Acc: 0.9308 | Test Acc: 0.9391 | VRAM (Alloc/Reserved): 93.9/636.0 MiB | Time: 379.3s
[ByzFL-SNN]   [Step 200/500] (40.0%) | Val Acc: 0.9403 | Test Acc: 0.9488 | VRAM (Alloc/Reserved): 93.8/636.0 MiB | Time: 517.0s
[ByzFL-SNN]   [Step 250/500] (50.0%) | Val Acc: 0.9517 | Test Acc: 0.9571 | VRAM (Alloc/Reserved): 94.3/636.0 MiB | Time: 642.8s
[ByzFL-SNN]   [Step 300/500] (60.0%) | Val Acc: 0.9557 | Test Acc: 0.9627 | VRAM (Alloc/Reserved): 93.3/636.0 MiB | Time: 766.4s
[ByzFL-SNN]   [Step 350/500] (70.0%) | Val Acc: 0.9622 | Test Acc: 0.9682 | VRAM (Alloc/Reserved): 95.7/636.0 MiB | Time: 889.8s
[ByzFL-SNN]   [Step 400/500] (80.0%) | Val Acc: 0.9635 | Test Acc: 0.9690 | VRAM (Alloc/Reserved): 94.2/636.0 MiB | Time: 1019.1s
[ByzFL-SNN]   [Step 450/500] (90.0%) | Val Acc: 0.9691 | Test Acc: 0.9726 | VRAM (Alloc/Reserved): 93.8/636.0 MiB | Time: 1153.4s
[ByzFL-SNN] [Training Complete] Peak VRAM (Alloc/Reserved): 422.3/636.0 MiB | Total time: 1285.2s

Training 273 done

[ByzFL-SNN] [Training Start] Model: cnn_mnist | Dataset: mnist
[ByzFL-SNN]   Aggregator: GeometricMedian | Attack: Optimal_ALittleIsEnough_neg1
[ByzFL-SNN]   Distribution: gamma_similarity_niid (gamma=1.0)
[ByzFL-SNN]   Clients: 10 honest, 5 byzantine | Algorithm: DSGD
[ByzFL-SNN]   Learning Rate: 0.15 | Steps: 500 | Device: cuda:1
[ByzFL-SNN]   Validation samples: 12000 | Test samples: 10000
[ByzFL-SNN] Initial VRAM (Alloc/Reserved): 36.1/42.0 MiB
[ByzFL-SNN]   [Step 0/500] (0.0%) | Val Acc: 0.1542 | Test Acc: 0.1595 | VRAM (Alloc/Reserved): 44.3/64.0 MiB | Time: 3.6s
[ByzFL-SNN]   [Step 50/500] (10.0%) | Val Acc: 0.8398 | Test Acc: 0.8503 | VRAM (Alloc/Reserved): 93.7/636.0 MiB | Time: 156.5s
[ByzFL-SNN]   [Step 100/500] (20.0%) | Val Acc: 0.9447 | Test Acc: 0.9521 | VRAM (Alloc/Reserved): 94.7/636.0 MiB | Time: 298.7s
[ByzFL-SNN]   [Step 150/500] (30.0%) | Val Acc: 0.9493 | Test Acc: 0.9540 | VRAM (Alloc/Reserved): 94.4/636.0 MiB | Time: 437.8s
[ByzFL-SNN]   [Step 200/500] (40.0%) | Val Acc: 0.9663 | Test Acc: 0.9696 | VRAM (Alloc/Reserved): 93.9/636.0 MiB | Time: 579.2s
[ByzFL-SNN]   [Step 250/500] (50.0%) | Val Acc: 0.9669 | Test Acc: 0.9704 | VRAM (Alloc/Reserved): 93.5/636.0 MiB | Time: 717.5s
[ByzFL-SNN]   [Step 300/500] (60.0%) | Val Acc: 0.9704 | Test Acc: 0.9748 | VRAM (Alloc/Reserved): 93.0/636.0 MiB | Time: 851.6s
[ByzFL-SNN]   [Step 350/500] (70.0%) | Val Acc: 0.9435 | Test Acc: 0.9470 | VRAM (Alloc/Reserved): 94.2/636.0 MiB | Time: 988.0s
[ByzFL-SNN]   [Step 400/500] (80.0%) | Val Acc: 0.9678 | Test Acc: 0.9730 | VRAM (Alloc/Reserved): 93.8/636.0 MiB | Time: 1132.6s
[ByzFL-SNN]   [Step 450/500] (90.0%) | Val Acc: 0.9721 | Test Acc: 0.9774 | VRAM (Alloc/Reserved): 94.9/636.0 MiB | Time: 1277.3s
[ByzFL-SNN] [Training Complete] Peak VRAM (Alloc/Reserved): 420.3/636.0 MiB | Total time: 1416.9s

Training 274 done

[ByzFL-SNN] [Training Start] Model: cnn_mnist | Dataset: mnist
[ByzFL-SNN]   Aggregator: CenteredClipping | Attack: Optimal_InnerProductManipulation
[ByzFL-SNN]   Distribution: gamma_similarity_niid (gamma=1.0)
[ByzFL-SNN]   Clients: 10 honest, 5 byzantine | Algorithm: DSGD
[ByzFL-SNN]   Learning Rate: 0.15 | Steps: 500 | Device: cuda:0
[ByzFL-SNN]   Validation samples: 12000 | Test samples: 10000
[ByzFL-SNN] Initial VRAM (Alloc/Reserved): 36.1/42.0 MiB
[ByzFL-SNN]   [Step 0/500] (0.0%) | Val Acc: 0.1542 | Test Acc: 0.1595 | VRAM (Alloc/Reserved): 44.3/64.0 MiB | Time: 3.7s
[ByzFL-SNN]   [Step 50/500] (10.0%) | Val Acc: 0.8285 | Test Acc: 0.8353 | VRAM (Alloc/Reserved): 97.2/636.0 MiB | Time: 116.6s
[ByzFL-SNN]   [Step 100/500] (20.0%) | Val Acc: 0.9052 | Test Acc: 0.9128 | VRAM (Alloc/Reserved): 97.0/636.0 MiB | Time: 235.9s
[ByzFL-SNN]   [Step 150/500] (30.0%) | Val Acc: 0.9291 | Test Acc: 0.9369 | VRAM (Alloc/Reserved): 98.3/636.0 MiB | Time: 357.2s
[ByzFL-SNN]   [Step 200/500] (40.0%) | Val Acc: 0.9377 | Test Acc: 0.9436 | VRAM (Alloc/Reserved): 97.7/636.0 MiB | Time: 491.3s
[ByzFL-SNN]   [Step 250/500] (50.0%) | Val Acc: 0.9514 | Test Acc: 0.9549 | VRAM (Alloc/Reserved): 96.8/636.0 MiB | Time: 616.7s
[ByzFL-SNN]   [Step 300/500] (60.0%) | Val Acc: 0.9569 | Test Acc: 0.9622 | VRAM (Alloc/Reserved): 96.5/636.0 MiB | Time: 737.0s
[ByzFL-SNN]   [Step 350/500] (70.0%) | Val Acc: 0.9628 | Test Acc: 0.9672 | VRAM (Alloc/Reserved): 97.0/636.0 MiB | Time: 859.7s
[ByzFL-SNN]   [Step 400/500] (80.0%) | Val Acc: 0.9654 | Test Acc: 0.9707 | VRAM (Alloc/Reserved): 97.5/636.0 MiB | Time: 978.3s
[ByzFL-SNN]   [Step 450/500] (90.0%) | Val Acc: 0.9690 | Test Acc: 0.9733 | VRAM (Alloc/Reserved): 97.8/636.0 MiB | Time: 1091.1s
[ByzFL-SNN] [Training Complete] Peak VRAM (Alloc/Reserved): 424.2/636.0 MiB | Total time: 1212.8s

Training 275 done

[ByzFL-SNN] [Training Start] Model: cnn_mnist | Dataset: mnist
[ByzFL-SNN]   Aggregator: TrMean | Attack: SignFlipping
[ByzFL-SNN]   Distribution: gamma_similarity_niid (gamma=0.66)
[ByzFL-SNN]   Clients: 10 honest, 5 byzantine | Algorithm: DSGD
[ByzFL-SNN]   Learning Rate: 0.15 | Steps: 500 | Device: cuda:1
[ByzFL-SNN]   Validation samples: 12000 | Test samples: 10000
[ByzFL-SNN] Initial VRAM (Alloc/Reserved): 36.1/42.0 MiB
[ByzFL-SNN]   [Step 0/500] (0.0%) | Val Acc: 0.1542 | Test Acc: 0.1595 | VRAM (Alloc/Reserved): 44.3/64.0 MiB | Time: 3.6s
[ByzFL-SNN]   [Step 50/500] (10.0%) | Val Acc: 0.5250 | Test Acc: 0.5267 | VRAM (Alloc/Reserved): 94.1/634.0 MiB | Time: 38.5s
[ByzFL-SNN]   [Step 100/500] (20.0%) | Val Acc: 0.7206 | Test Acc: 0.7267 | VRAM (Alloc/Reserved): 95.0/634.0 MiB | Time: 71.8s
[ByzFL-SNN]   [Step 150/500] (30.0%) | Val Acc: 0.8652 | Test Acc: 0.8734 | VRAM (Alloc/Reserved): 94.4/634.0 MiB | Time: 103.1s
[ByzFL-SNN]   [Step 200/500] (40.0%) | Val Acc: 0.9085 | Test Acc: 0.9136 | VRAM (Alloc/Reserved): 94.7/634.0 MiB | Time: 135.5s
[ByzFL-SNN]   [Step 250/500] (50.0%) | Val Acc: 0.9127 | Test Acc: 0.9160 | VRAM (Alloc/Reserved): 92.9/634.0 MiB | Time: 167.3s
[ByzFL-SNN]   [Step 300/500] (60.0%) | Val Acc: 0.9222 | Test Acc: 0.9251 | VRAM (Alloc/Reserved): 93.6/634.0 MiB | Time: 198.5s
[ByzFL-SNN]   [Step 350/500] (70.0%) | Val Acc: 0.9214 | Test Acc: 0.9270 | VRAM (Alloc/Reserved): 93.8/634.0 MiB | Time: 228.0s
[ByzFL-SNN]   [Step 400/500] (80.0%) | Val Acc: 0.9503 | Test Acc: 0.9552 | VRAM (Alloc/Reserved): 95.1/634.0 MiB | Time: 258.3s
[ByzFL-SNN]   [Step 450/500] (90.0%) | Val Acc: 0.9462 | Test Acc: 0.9517 | VRAM (Alloc/Reserved): 93.7/634.0 MiB | Time: 290.1s
[ByzFL-SNN] [Training Complete] Peak VRAM (Alloc/Reserved): 391.9/634.0 MiB | Total time: 318.4s

Training 276 done

[ByzFL-SNN] [Training Start] Model: cnn_mnist | Dataset: mnist
[ByzFL-SNN]   Aggregator: CenteredClipping | Attack: Optimal_ALittleIsEnough_neg1
[ByzFL-SNN]   Distribution: gamma_similarity_niid (gamma=1.0)
[ByzFL-SNN]   Clients: 10 honest, 5 byzantine | Algorithm: DSGD
[ByzFL-SNN]   Learning Rate: 0.15 | Steps: 500 | Device: cuda:1
[ByzFL-SNN]   Validation samples: 12000 | Test samples: 10000
[ByzFL-SNN] Initial VRAM (Alloc/Reserved): 36.1/42.0 MiB
[ByzFL-SNN]   [Step 0/500] (0.0%) | Val Acc: 0.1542 | Test Acc: 0.1595 | VRAM (Alloc/Reserved): 44.3/64.0 MiB | Time: 3.8s
[ByzFL-SNN]   [Step 50/500] (10.0%) | Val Acc: 0.8555 | Test Acc: 0.8634 | VRAM (Alloc/Reserved): 97.5/636.0 MiB | Time: 129.2s
[ByzFL-SNN]   [Step 100/500] (20.0%) | Val Acc: 0.9394 | Test Acc: 0.9460 | VRAM (Alloc/Reserved): 98.2/636.0 MiB | Time: 264.5s
[ByzFL-SNN]   [Step 150/500] (30.0%) | Val Acc: 0.9561 | Test Acc: 0.9620 | VRAM (Alloc/Reserved): 98.1/636.0 MiB | Time: 404.7s
[ByzFL-SNN]   [Step 200/500] (40.0%) | Val Acc: 0.9652 | Test Acc: 0.9692 | VRAM (Alloc/Reserved): 100.5/636.0 MiB | Time: 538.7s
[ByzFL-SNN]   [Step 250/500] (50.0%) | Val Acc: 0.9425 | Test Acc: 0.9462 | VRAM (Alloc/Reserved): 97.7/636.0 MiB | Time: 670.2s
[ByzFL-SNN]   [Step 300/500] (60.0%) | Val Acc: 0.9732 | Test Acc: 0.9777 | VRAM (Alloc/Reserved): 97.5/636.0 MiB | Time: 803.3s
[ByzFL-SNN]   [Step 350/500] (70.0%) | Val Acc: 0.9592 | Test Acc: 0.9650 | VRAM (Alloc/Reserved): 97.4/636.0 MiB | Time: 944.8s
[ByzFL-SNN]   [Step 400/500] (80.0%) | Val Acc: 0.9712 | Test Acc: 0.9784 | VRAM (Alloc/Reserved): 98.6/636.0 MiB | Time: 1089.0s
[ByzFL-SNN]   [Step 450/500] (90.0%) | Val Acc: 0.9770 | Test Acc: 0.9800 | VRAM (Alloc/Reserved): 96.5/636.0 MiB | Time: 1228.6s
[ByzFL-SNN] [Training Complete] Peak VRAM (Alloc/Reserved): 424.5/636.0 MiB | Total time: 1359.4s

Training 277 done

[ByzFL-SNN] [Training Start] Model: cnn_mnist | Dataset: mnist
[ByzFL-SNN]   Aggregator: TrMean | Attack: SignFlipping
[ByzFL-SNN]   Distribution: gamma_similarity_niid (gamma=0.66)
[ByzFL-SNN]   Clients: 10 honest, 5 byzantine | Algorithm: DSGD
[ByzFL-SNN]   Learning Rate: 0.15 | Steps: 500 | Device: cuda:0
[ByzFL-SNN]   Validation samples: 12000 | Test samples: 10000
[ByzFL-SNN] Initial VRAM (Alloc/Reserved): 36.1/42.0 MiB
[ByzFL-SNN]   [Step 0/500] (0.0%) | Val Acc: 0.1542 | Test Acc: 0.1595 | VRAM (Alloc/Reserved): 44.3/64.0 MiB | Time: 3.7s
[ByzFL-SNN]   [Step 50/500] (10.0%) | Val Acc: 0.4805 | Test Acc: 0.4834 | VRAM (Alloc/Reserved): 94.1/634.0 MiB | Time: 38.5s
[ByzFL-SNN]   [Step 100/500] (20.0%) | Val Acc: 0.6693 | Test Acc: 0.6781 | VRAM (Alloc/Reserved): 95.0/634.0 MiB | Time: 73.1s
[ByzFL-SNN]   [Step 150/500] (30.0%) | Val Acc: 0.8552 | Test Acc: 0.8642 | VRAM (Alloc/Reserved): 94.4/634.0 MiB | Time: 110.0s
[ByzFL-SNN]   [Step 200/500] (40.0%) | Val Acc: 0.8720 | Test Acc: 0.8749 | VRAM (Alloc/Reserved): 94.7/634.0 MiB | Time: 145.8s
[ByzFL-SNN]   [Step 250/500] (50.0%) | Val Acc: 0.9307 | Test Acc: 0.9347 | VRAM (Alloc/Reserved): 92.9/634.0 MiB | Time: 182.3s
[ByzFL-SNN]   [Step 300/500] (60.0%) | Val Acc: 0.9287 | Test Acc: 0.9331 | VRAM (Alloc/Reserved): 93.6/634.0 MiB | Time: 218.6s
[ByzFL-SNN]   [Step 350/500] (70.0%) | Val Acc: 0.9302 | Test Acc: 0.9362 | VRAM (Alloc/Reserved): 93.8/634.0 MiB | Time: 255.3s
[ByzFL-SNN]   [Step 400/500] (80.0%) | Val Acc: 0.9437 | Test Acc: 0.9486 | VRAM (Alloc/Reserved): 95.1/634.0 MiB | Time: 290.5s
[ByzFL-SNN]   [Step 450/500] (90.0%) | Val Acc: 0.9543 | Test Acc: 0.9587 | VRAM (Alloc/Reserved): 93.7/634.0 MiB | Time: 325.0s
[ByzFL-SNN] [Training Complete] Peak VRAM (Alloc/Reserved): 391.9/634.0 MiB | Total time: 358.3s

Training 278 done

[ByzFL-SNN] [Training Start] Model: cnn_mnist | Dataset: mnist
[ByzFL-SNN]   Aggregator: GeometricMedian | Attack: Optimal_InnerProductManipulation
[ByzFL-SNN]   Distribution: gamma_similarity_niid (gamma=1.0)
[ByzFL-SNN]   Clients: 10 honest, 5 byzantine | Algorithm: DSGD
[ByzFL-SNN]   Learning Rate: 0.15 | Steps: 500 | Device: cuda:0
[ByzFL-SNN]   Validation samples: 12000 | Test samples: 10000
[ByzFL-SNN] Initial VRAM (Alloc/Reserved): 36.1/42.0 MiB
[ByzFL-SNN]   [Step 0/500] (0.0%) | Val Acc: 0.1542 | Test Acc: 0.1595 | VRAM (Alloc/Reserved): 44.3/64.0 MiB | Time: 3.7s
[ByzFL-SNN]   [Step 50/500] (10.0%) | Val Acc: 0.8718 | Test Acc: 0.8783 | VRAM (Alloc/Reserved): 93.8/636.0 MiB | Time: 143.2s
[ByzFL-SNN]   [Step 100/500] (20.0%) | Val Acc: 0.9191 | Test Acc: 0.9257 | VRAM (Alloc/Reserved): 93.2/636.0 MiB | Time: 306.7s
[ByzFL-SNN]   [Step 150/500] (30.0%) | Val Acc: 0.9386 | Test Acc: 0.9446 | VRAM (Alloc/Reserved): 93.9/636.0 MiB | Time: 480.4s
[ByzFL-SNN]   [Step 200/500] (40.0%) | Val Acc: 0.9455 | Test Acc: 0.9523 | VRAM (Alloc/Reserved): 93.8/636.0 MiB | Time: 646.8s
[ByzFL-SNN]   [Step 250/500] (50.0%) | Val Acc: 0.9547 | Test Acc: 0.9595 | VRAM (Alloc/Reserved): 94.3/636.0 MiB | Time: 813.4s
[ByzFL-SNN]   [Step 300/500] (60.0%) | Val Acc: 0.9611 | Test Acc: 0.9653 | VRAM (Alloc/Reserved): 93.3/636.0 MiB | Time: 971.5s
[ByzFL-SNN]   [Step 350/500] (70.0%) | Val Acc: 0.9623 | Test Acc: 0.9650 | VRAM (Alloc/Reserved): 95.7/636.0 MiB | Time: 1128.1s
[ByzFL-SNN]   [Step 400/500] (80.0%) | Val Acc: 0.9652 | Test Acc: 0.9716 | VRAM (Alloc/Reserved): 94.2/636.0 MiB | Time: 1279.1s
[ByzFL-SNN]   [Step 450/500] (90.0%) | Val Acc: 0.9702 | Test Acc: 0.9747 | VRAM (Alloc/Reserved): 93.8/636.0 MiB | Time: 1433.1s
[ByzFL-SNN] [Training Complete] Peak VRAM (Alloc/Reserved): 422.3/636.0 MiB | Total time: 1589.2s

Training 279 done

[ByzFL-SNN] [Training Start] Model: cnn_mnist | Dataset: mnist
[ByzFL-SNN]   Aggregator: TrMean | Attack: Optimal_ALittleIsEnough_neg1
[ByzFL-SNN]   Distribution: gamma_similarity_niid (gamma=1.0)
[ByzFL-SNN]   Clients: 10 honest, 5 byzantine | Algorithm: DSGD
[ByzFL-SNN]   Learning Rate: 0.15 | Steps: 500 | Device: cuda:1
[ByzFL-SNN]   Validation samples: 12000 | Test samples: 10000
[ByzFL-SNN] Initial VRAM (Alloc/Reserved): 36.1/42.0 MiB
[ByzFL-SNN]   [Step 0/500] (0.0%) | Val Acc: 0.1542 | Test Acc: 0.1595 | VRAM (Alloc/Reserved): 44.3/64.0 MiB | Time: 3.5s
[ByzFL-SNN]   [Step 50/500] (10.0%) | Val Acc: 0.8427 | Test Acc: 0.8519 | VRAM (Alloc/Reserved): 94.0/636.0 MiB | Time: 139.7s
[ByzFL-SNN]   [Step 100/500] (20.0%) | Val Acc: 0.9462 | Test Acc: 0.9516 | VRAM (Alloc/Reserved): 94.3/636.0 MiB | Time: 279.2s
[ByzFL-SNN]   [Step 150/500] (30.0%) | Val Acc: 0.9514 | Test Acc: 0.9567 | VRAM (Alloc/Reserved): 93.7/636.0 MiB | Time: 411.5s
[ByzFL-SNN]   [Step 200/500] (40.0%) | Val Acc: 0.9637 | Test Acc: 0.9656 | VRAM (Alloc/Reserved): 93.5/636.0 MiB | Time: 541.7s
[ByzFL-SNN]   [Step 250/500] (50.0%) | Val Acc: 0.9486 | Test Acc: 0.9570 | VRAM (Alloc/Reserved): 94.3/636.0 MiB | Time: 675.3s
[ByzFL-SNN]   [Step 300/500] (60.0%) | Val Acc: 0.9720 | Test Acc: 0.9747 | VRAM (Alloc/Reserved): 93.0/636.0 MiB | Time: 814.5s
[ByzFL-SNN]   [Step 350/500] (70.0%) | Val Acc: 0.9736 | Test Acc: 0.9765 | VRAM (Alloc/Reserved): 94.3/636.0 MiB | Time: 961.4s
[ByzFL-SNN]   [Step 400/500] (80.0%) | Val Acc: 0.9766 | Test Acc: 0.9799 | VRAM (Alloc/Reserved): 93.4/636.0 MiB | Time: 1099.5s
[ByzFL-SNN]   [Step 450/500] (90.0%) | Val Acc: 0.9670 | Test Acc: 0.9723 | VRAM (Alloc/Reserved): 92.8/636.0 MiB | Time: 1233.2s
[ByzFL-SNN] [Training Complete] Peak VRAM (Alloc/Reserved): 419.5/636.0 MiB | Total time: 1364.7s

Training 280 done

[ByzFL-SNN] [Training Start] Model: cnn_mnist | Dataset: mnist
[ByzFL-SNN]   Aggregator: GeometricMedian | Attack: Optimal_ALittleIsEnough_neg1
[ByzFL-SNN]   Distribution: gamma_similarity_niid (gamma=1.0)
[ByzFL-SNN]   Clients: 10 honest, 5 byzantine | Algorithm: DSGD
[ByzFL-SNN]   Learning Rate: 0.15 | Steps: 500 | Device: cuda:0
[ByzFL-SNN]   Validation samples: 12000 | Test samples: 10000
[ByzFL-SNN] Initial VRAM (Alloc/Reserved): 36.1/42.0 MiB
[ByzFL-SNN]   [Step 0/500] (0.0%) | Val Acc: 0.1542 | Test Acc: 0.1595 | VRAM (Alloc/Reserved): 44.3/64.0 MiB | Time: 4.0s
[ByzFL-SNN]   [Step 50/500] (10.0%) | Val Acc: 0.8530 | Test Acc: 0.8670 | VRAM (Alloc/Reserved): 93.7/636.0 MiB | Time: 179.8s
[ByzFL-SNN]   [Step 100/500] (20.0%) | Val Acc: 0.9417 | Test Acc: 0.9494 | VRAM (Alloc/Reserved): 94.7/636.0 MiB | Time: 353.4s
[ByzFL-SNN]   [Step 150/500] (30.0%) | Val Acc: 0.9595 | Test Acc: 0.9633 | VRAM (Alloc/Reserved): 94.4/636.0 MiB | Time: 534.3s
[ByzFL-SNN]   [Step 200/500] (40.0%) | Val Acc: 0.9446 | Test Acc: 0.9529 | VRAM (Alloc/Reserved): 93.9/636.0 MiB | Time: 711.8s
[ByzFL-SNN]   [Step 250/500] (50.0%) | Val Acc: 0.9447 | Test Acc: 0.9482 | VRAM (Alloc/Reserved): 93.5/636.0 MiB | Time: 894.0s
[ByzFL-SNN]   [Step 300/500] (60.0%) | Val Acc: 0.9645 | Test Acc: 0.9680 | VRAM (Alloc/Reserved): 93.0/636.0 MiB | Time: 1065.5s
[ByzFL-SNN]   [Step 350/500] (70.0%) | Val Acc: 0.9655 | Test Acc: 0.9717 | VRAM (Alloc/Reserved): 94.2/636.0 MiB | Time: 1235.7s
[ByzFL-SNN]   [Step 400/500] (80.0%) | Val Acc: 0.9507 | Test Acc: 0.9547 | VRAM (Alloc/Reserved): 93.8/636.0 MiB | Time: 1398.6s
[ByzFL-SNN]   [Step 450/500] (90.0%) | Val Acc: 0.9318 | Test Acc: 0.9397 | VRAM (Alloc/Reserved): 94.9/636.0 MiB | Time: 1570.6s
[ByzFL-SNN] [Training Complete] Peak VRAM (Alloc/Reserved): 420.3/636.0 MiB | Total time: 1742.6s

Training 281 done

[ByzFL-SNN] [Training Start] Model: cnn_mnist | Dataset: mnist
[ByzFL-SNN]   Aggregator: MultiKrum | Attack: SignFlipping
[ByzFL-SNN]   Distribution: gamma_similarity_niid (gamma=0.66)
[ByzFL-SNN]   Clients: 10 honest, 5 byzantine | Algorithm: DSGD
[ByzFL-SNN]   Learning Rate: 0.15 | Steps: 500 | Device: cuda:1
[ByzFL-SNN]   Validation samples: 12000 | Test samples: 10000
[ByzFL-SNN] Initial VRAM (Alloc/Reserved): 36.1/42.0 MiB
[ByzFL-SNN]   [Step 0/500] (0.0%) | Val Acc: 0.1542 | Test Acc: 0.1595 | VRAM (Alloc/Reserved): 44.3/64.0 MiB | Time: 3.5s
[ByzFL-SNN]   [Step 50/500] (10.0%) | Val Acc: 0.4492 | Test Acc: 0.4448 | VRAM (Alloc/Reserved): 94.1/634.0 MiB | Time: 35.8s
[ByzFL-SNN]   [Step 100/500] (20.0%) | Val Acc: 0.5747 | Test Acc: 0.5830 | VRAM (Alloc/Reserved): 95.0/634.0 MiB | Time: 67.9s
[ByzFL-SNN]   [Step 150/500] (30.0%) | Val Acc: 0.8658 | Test Acc: 0.8701 | VRAM (Alloc/Reserved): 94.4/634.0 MiB | Time: 97.3s
[ByzFL-SNN]   [Step 200/500] (40.0%) | Val Acc: 0.8948 | Test Acc: 0.9009 | VRAM (Alloc/Reserved): 94.7/634.0 MiB | Time: 127.5s
[ByzFL-SNN]   [Step 250/500] (50.0%) | Val Acc: 0.9142 | Test Acc: 0.9134 | VRAM (Alloc/Reserved): 92.9/634.0 MiB | Time: 157.8s
[ByzFL-SNN]   [Step 300/500] (60.0%) | Val Acc: 0.9399 | Test Acc: 0.9438 | VRAM (Alloc/Reserved): 93.6/634.0 MiB | Time: 187.7s
[ByzFL-SNN]   [Step 350/500] (70.0%) | Val Acc: 0.9262 | Test Acc: 0.9336 | VRAM (Alloc/Reserved): 93.8/634.0 MiB | Time: 218.7s
[ByzFL-SNN]   [Step 400/500] (80.0%) | Val Acc: 0.9397 | Test Acc: 0.9468 | VRAM (Alloc/Reserved): 95.1/634.0 MiB | Time: 249.9s
[ByzFL-SNN]   [Step 450/500] (90.0%) | Val Acc: 0.9382 | Test Acc: 0.9434 | VRAM (Alloc/Reserved): 93.7/634.0 MiB | Time: 280.4s
[ByzFL-SNN] [Training Complete] Peak VRAM (Alloc/Reserved): 391.9/634.0 MiB | Total time: 308.1s

Training 282 done

[ByzFL-SNN] [Training Start] Model: cnn_mnist | Dataset: mnist
[ByzFL-SNN]   Aggregator: MultiKrum | Attack: SignFlipping
[ByzFL-SNN]   Distribution: gamma_similarity_niid (gamma=0.66)
[ByzFL-SNN]   Clients: 10 honest, 5 byzantine | Algorithm: DSGD
[ByzFL-SNN]   Learning Rate: 0.15 | Steps: 500 | Device: cuda:0
[ByzFL-SNN]   Validation samples: 12000 | Test samples: 10000
[ByzFL-SNN] Initial VRAM (Alloc/Reserved): 36.1/42.0 MiB
[ByzFL-SNN]   [Step 0/500] (0.0%) | Val Acc: 0.1542 | Test Acc: 0.1595 | VRAM (Alloc/Reserved): 44.3/64.0 MiB | Time: 3.8s
[ByzFL-SNN]   [Step 50/500] (10.0%) | Val Acc: 0.4107 | Test Acc: 0.4162 | VRAM (Alloc/Reserved): 94.1/634.0 MiB | Time: 42.7s
[ByzFL-SNN]   [Step 100/500] (20.0%) | Val Acc: 0.7750 | Test Acc: 0.7756 | VRAM (Alloc/Reserved): 95.0/634.0 MiB | Time: 79.3s
[ByzFL-SNN]   [Step 150/500] (30.0%) | Val Acc: 0.8628 | Test Acc: 0.8689 | VRAM (Alloc/Reserved): 94.4/634.0 MiB | Time: 115.2s
[ByzFL-SNN]   [Step 200/500] (40.0%) | Val Acc: 0.8804 | Test Acc: 0.8806 | VRAM (Alloc/Reserved): 94.7/634.0 MiB | Time: 152.0s
[ByzFL-SNN]   [Step 250/500] (50.0%) | Val Acc: 0.9011 | Test Acc: 0.9064 | VRAM (Alloc/Reserved): 92.9/634.0 MiB | Time: 189.1s
[ByzFL-SNN]   [Step 300/500] (60.0%) | Val Acc: 0.9209 | Test Acc: 0.9258 | VRAM (Alloc/Reserved): 93.6/634.0 MiB | Time: 227.2s
[ByzFL-SNN]   [Step 350/500] (70.0%) | Val Acc: 0.9227 | Test Acc: 0.9269 | VRAM (Alloc/Reserved): 93.8/634.0 MiB | Time: 263.6s
[ByzFL-SNN]   [Step 400/500] (80.0%) | Val Acc: 0.9279 | Test Acc: 0.9315 | VRAM (Alloc/Reserved): 95.1/634.0 MiB | Time: 299.4s
[ByzFL-SNN]   [Step 450/500] (90.0%) | Val Acc: 0.9487 | Test Acc: 0.9527 | VRAM (Alloc/Reserved): 93.7/634.0 MiB | Time: 336.1s
[ByzFL-SNN] [Training Complete] Peak VRAM (Alloc/Reserved): 391.9/634.0 MiB | Total time: 368.5s

Training 283 done

[ByzFL-SNN] [Training Start] Model: cnn_mnist | Dataset: mnist
[ByzFL-SNN]   Aggregator: TrMean | Attack: Optimal_InnerProductManipulation
[ByzFL-SNN]   Distribution: gamma_similarity_niid (gamma=1.0)
[ByzFL-SNN]   Clients: 10 honest, 5 byzantine | Algorithm: DSGD
[ByzFL-SNN]   Learning Rate: 0.15 | Steps: 500 | Device: cuda:1
[ByzFL-SNN]   Validation samples: 12000 | Test samples: 10000
[ByzFL-SNN] Initial VRAM (Alloc/Reserved): 36.1/42.0 MiB
[ByzFL-SNN]   [Step 0/500] (0.0%) | Val Acc: 0.1542 | Test Acc: 0.1595 | VRAM (Alloc/Reserved): 44.3/64.0 MiB | Time: 3.8s
[ByzFL-SNN]   [Step 50/500] (10.0%) | Val Acc: 0.8555 | Test Acc: 0.8677 | VRAM (Alloc/Reserved): 93.7/636.0 MiB | Time: 131.1s
[ByzFL-SNN]   [Step 100/500] (20.0%) | Val Acc: 0.9248 | Test Acc: 0.9328 | VRAM (Alloc/Reserved): 94.3/636.0 MiB | Time: 258.5s
[ByzFL-SNN]   [Step 150/500] (30.0%) | Val Acc: 0.9351 | Test Acc: 0.9401 | VRAM (Alloc/Reserved): 94.6/636.0 MiB | Time: 382.9s
[ByzFL-SNN]   [Step 200/500] (40.0%) | Val Acc: 0.9434 | Test Acc: 0.9504 | VRAM (Alloc/Reserved): 93.9/636.0 MiB | Time: 512.5s
[ByzFL-SNN]   [Step 250/500] (50.0%) | Val Acc: 0.9553 | Test Acc: 0.9598 | VRAM (Alloc/Reserved): 94.3/636.0 MiB | Time: 644.9s
[ByzFL-SNN]   [Step 300/500] (60.0%) | Val Acc: 0.9595 | Test Acc: 0.9653 | VRAM (Alloc/Reserved): 94.5/636.0 MiB | Time: 779.6s
[ByzFL-SNN]   [Step 350/500] (70.0%) | Val Acc: 0.9640 | Test Acc: 0.9692 | VRAM (Alloc/Reserved): 94.4/636.0 MiB | Time: 911.8s
[ByzFL-SNN]   [Step 400/500] (80.0%) | Val Acc: 0.9653 | Test Acc: 0.9698 | VRAM (Alloc/Reserved): 94.4/636.0 MiB | Time: 1037.8s
[ByzFL-SNN]   [Step 450/500] (90.0%) | Val Acc: 0.9664 | Test Acc: 0.9709 | VRAM (Alloc/Reserved): 93.7/636.0 MiB | Time: 1160.1s
[ByzFL-SNN] [Training Complete] Peak VRAM (Alloc/Reserved): 419.9/636.0 MiB | Total time: 1286.7s

Training 284 done

[ByzFL-SNN] [Training Start] Model: cnn_mnist | Dataset: mnist
[ByzFL-SNN]   Aggregator: CenteredClipping | Attack: Optimal_ALittleIsEnough_neg1
[ByzFL-SNN]   Distribution: gamma_similarity_niid (gamma=1.0)
[ByzFL-SNN]   Clients: 10 honest, 5 byzantine | Algorithm: DSGD
[ByzFL-SNN]   Learning Rate: 0.15 | Steps: 500 | Device: cuda:0
[ByzFL-SNN]   Validation samples: 12000 | Test samples: 10000
[ByzFL-SNN] Initial VRAM (Alloc/Reserved): 36.1/42.0 MiB
[ByzFL-SNN]   [Step 0/500] (0.0%) | Val Acc: 0.1542 | Test Acc: 0.1595 | VRAM (Alloc/Reserved): 44.3/64.0 MiB | Time: 3.8s
[ByzFL-SNN]   [Step 50/500] (10.0%) | Val Acc: 0.8361 | Test Acc: 0.8423 | VRAM (Alloc/Reserved): 97.5/636.0 MiB | Time: 156.8s
[ByzFL-SNN]   [Step 100/500] (20.0%) | Val Acc: 0.9341 | Test Acc: 0.9419 | VRAM (Alloc/Reserved): 98.2/636.0 MiB | Time: 331.3s
[ByzFL-SNN]   [Step 150/500] (30.0%) | Val Acc: 0.9493 | Test Acc: 0.9548 | VRAM (Alloc/Reserved): 98.1/636.0 MiB | Time: 502.6s
[ByzFL-SNN]   [Step 200/500] (40.0%) | Val Acc: 0.9612 | Test Acc: 0.9667 | VRAM (Alloc/Reserved): 100.5/636.0 MiB | Time: 681.5s
[ByzFL-SNN]   [Step 250/500] (50.0%) | Val Acc: 0.9598 | Test Acc: 0.9643 | VRAM (Alloc/Reserved): 97.7/636.0 MiB | Time: 856.8s
[ByzFL-SNN]   [Step 300/500] (60.0%) | Val Acc: 0.9634 | Test Acc: 0.9678 | VRAM (Alloc/Reserved): 97.5/636.0 MiB | Time: 1026.3s
[ByzFL-SNN]   [Step 350/500] (70.0%) | Val Acc: 0.9726 | Test Acc: 0.9770 | VRAM (Alloc/Reserved): 97.4/636.0 MiB | Time: 1186.9s
[ByzFL-SNN]   [Step 400/500] (80.0%) | Val Acc: 0.9643 | Test Acc: 0.9706 | VRAM (Alloc/Reserved): 98.6/636.0 MiB | Time: 1357.2s
[ByzFL-SNN]   [Step 450/500] (90.0%) | Val Acc: 0.9720 | Test Acc: 0.9759 | VRAM (Alloc/Reserved): 96.5/636.0 MiB | Time: 1531.2s
[ByzFL-SNN] [Training Complete] Peak VRAM (Alloc/Reserved): 424.5/636.0 MiB | Total time: 1696.1s

Training 285 done

[ByzFL-SNN] [Training Start] Model: cnn_mnist | Dataset: mnist
[ByzFL-SNN]   Aggregator: MultiKrum | Attack: Optimal_ALittleIsEnough_neg1
[ByzFL-SNN]   Distribution: gamma_similarity_niid (gamma=1.0)
[ByzFL-SNN]   Clients: 10 honest, 5 byzantine | Algorithm: DSGD
[ByzFL-SNN]   Learning Rate: 0.15 | Steps: 500 | Device: cuda:1
[ByzFL-SNN]   Validation samples: 12000 | Test samples: 10000
[ByzFL-SNN] Initial VRAM (Alloc/Reserved): 36.1/42.0 MiB
[ByzFL-SNN]   [Step 0/500] (0.0%) | Val Acc: 0.1542 | Test Acc: 0.1595 | VRAM (Alloc/Reserved): 44.3/64.0 MiB | Time: 3.7s
[ByzFL-SNN]   [Step 50/500] (10.0%) | Val Acc: 0.8743 | Test Acc: 0.8868 | VRAM (Alloc/Reserved): 94.0/636.0 MiB | Time: 138.7s
[ByzFL-SNN]   [Step 100/500] (20.0%) | Val Acc: 0.9463 | Test Acc: 0.9512 | VRAM (Alloc/Reserved): 94.3/636.0 MiB | Time: 269.6s
[ByzFL-SNN]   [Step 150/500] (30.0%) | Val Acc: 0.9461 | Test Acc: 0.9498 | VRAM (Alloc/Reserved): 93.7/636.0 MiB | Time: 401.5s
[ByzFL-SNN]   [Step 200/500] (40.0%) | Val Acc: 0.9631 | Test Acc: 0.9676 | VRAM (Alloc/Reserved): 93.5/636.0 MiB | Time: 541.2s
[ByzFL-SNN]   [Step 250/500] (50.0%) | Val Acc: 0.9452 | Test Acc: 0.9517 | VRAM (Alloc/Reserved): 94.3/636.0 MiB | Time: 684.2s
[ByzFL-SNN]   [Step 300/500] (60.0%) | Val Acc: 0.9713 | Test Acc: 0.9748 | VRAM (Alloc/Reserved): 93.0/636.0 MiB | Time: 824.5s
[ByzFL-SNN]   [Step 350/500] (70.0%) | Val Acc: 0.9677 | Test Acc: 0.9718 | VRAM (Alloc/Reserved): 94.3/636.0 MiB | Time: 960.1s
[ByzFL-SNN]   [Step 400/500] (80.0%) | Val Acc: 0.9563 | Test Acc: 0.9650 | VRAM (Alloc/Reserved): 93.4/636.0 MiB | Time: 1091.9s
[ByzFL-SNN]   [Step 450/500] (90.0%) | Val Acc: 0.9708 | Test Acc: 0.9784 | VRAM (Alloc/Reserved): 92.8/636.0 MiB | Time: 1227.5s
[ByzFL-SNN] [Training Complete] Peak VRAM (Alloc/Reserved): 419.5/636.0 MiB | Total time: 1362.4s

Training 286 done

[ByzFL-SNN] [Training Start] Model: cnn_mnist | Dataset: mnist
[ByzFL-SNN]   Aggregator: TrMean | Attack: Optimal_InnerProductManipulation
[ByzFL-SNN]   Distribution: gamma_similarity_niid (gamma=1.0)
[ByzFL-SNN]   Clients: 10 honest, 5 byzantine | Algorithm: DSGD
[ByzFL-SNN]   Learning Rate: 0.15 | Steps: 500 | Device: cuda:0
[ByzFL-SNN]   Validation samples: 12000 | Test samples: 10000
[ByzFL-SNN] Initial VRAM (Alloc/Reserved): 36.1/42.0 MiB
[ByzFL-SNN]   [Step 0/500] (0.0%) | Val Acc: 0.1542 | Test Acc: 0.1595 | VRAM (Alloc/Reserved): 44.3/64.0 MiB | Time: 3.7s
[ByzFL-SNN]   [Step 50/500] (10.0%) | Val Acc: 0.8845 | Test Acc: 0.8915 | VRAM (Alloc/Reserved): 93.7/636.0 MiB | Time: 164.9s
[ByzFL-SNN]   [Step 100/500] (20.0%) | Val Acc: 0.9238 | Test Acc: 0.9301 | VRAM (Alloc/Reserved): 94.3/636.0 MiB | Time: 333.0s
[ByzFL-SNN]   [Step 150/500] (30.0%) | Val Acc: 0.9329 | Test Acc: 0.9408 | VRAM (Alloc/Reserved): 94.6/636.0 MiB | Time: 505.0s
[ByzFL-SNN]   [Step 200/500] (40.0%) | Val Acc: 0.9424 | Test Acc: 0.9489 | VRAM (Alloc/Reserved): 93.9/636.0 MiB | Time: 665.9s
[ByzFL-SNN]   [Step 250/500] (50.0%) | Val Acc: 0.9536 | Test Acc: 0.9566 | VRAM (Alloc/Reserved): 94.3/636.0 MiB | Time: 820.0s
[ByzFL-SNN]   [Step 300/500] (60.0%) | Val Acc: 0.9596 | Test Acc: 0.9633 | VRAM (Alloc/Reserved): 94.5/636.0 MiB | Time: 969.7s
[ByzFL-SNN]   [Step 350/500] (70.0%) | Val Acc: 0.9630 | Test Acc: 0.9663 | VRAM (Alloc/Reserved): 94.4/636.0 MiB | Time: 1130.1s
[ByzFL-SNN]   [Step 400/500] (80.0%) | Val Acc: 0.9612 | Test Acc: 0.9672 | VRAM (Alloc/Reserved): 94.4/636.0 MiB | Time: 1291.3s
[ByzFL-SNN]   [Step 450/500] (90.0%) | Val Acc: 0.9701 | Test Acc: 0.9737 | VRAM (Alloc/Reserved): 93.7/636.0 MiB | Time: 1445.4s
[ByzFL-SNN] [Training Complete] Peak VRAM (Alloc/Reserved): 419.9/636.0 MiB | Total time: 1600.1s

Training 287 done

[ByzFL-SNN] [Training Start] Model: cnn_mnist | Dataset: mnist
[ByzFL-SNN]   Aggregator: MultiKrum | Attack: Optimal_InnerProductManipulation
[ByzFL-SNN]   Distribution: gamma_similarity_niid (gamma=1.0)
[ByzFL-SNN]   Clients: 10 honest, 5 byzantine | Algorithm: DSGD
[ByzFL-SNN]   Learning Rate: 0.15 | Steps: 500 | Device: cuda:1
[ByzFL-SNN]   Validation samples: 12000 | Test samples: 10000
[ByzFL-SNN] Initial VRAM (Alloc/Reserved): 36.1/42.0 MiB
[ByzFL-SNN]   [Step 0/500] (0.0%) | Val Acc: 0.1542 | Test Acc: 0.1595 | VRAM (Alloc/Reserved): 44.3/64.0 MiB | Time: 3.6s
[ByzFL-SNN]   [Step 50/500] (10.0%) | Val Acc: 0.7942 | Test Acc: 0.8071 | VRAM (Alloc/Reserved): 93.7/636.0 MiB | Time: 121.5s
[ByzFL-SNN]   [Step 100/500] (20.0%) | Val Acc: 0.9273 | Test Acc: 0.9329 | VRAM (Alloc/Reserved): 94.3/636.0 MiB | Time: 245.9s
[ByzFL-SNN]   [Step 150/500] (30.0%) | Val Acc: 0.9398 | Test Acc: 0.9462 | VRAM (Alloc/Reserved): 94.6/636.0 MiB | Time: 383.1s
[ByzFL-SNN]   [Step 200/500] (40.0%) | Val Acc: 0.9460 | Test Acc: 0.9526 | VRAM (Alloc/Reserved): 93.9/636.0 MiB | Time: 515.4s
[ByzFL-SNN]   [Step 250/500] (50.0%) | Val Acc: 0.9558 | Test Acc: 0.9618 | VRAM (Alloc/Reserved): 94.3/636.0 MiB | Time: 655.8s
[ByzFL-SNN]   [Step 300/500] (60.0%) | Val Acc: 0.9562 | Test Acc: 0.9604 | VRAM (Alloc/Reserved): 94.5/636.0 MiB | Time: 787.1s
[ByzFL-SNN]   [Step 350/500] (70.0%) | Val Acc: 0.9606 | Test Acc: 0.9660 | VRAM (Alloc/Reserved): 94.4/636.0 MiB | Time: 916.9s
[ByzFL-SNN]   [Step 400/500] (80.0%) | Val Acc: 0.9617 | Test Acc: 0.9652 | VRAM (Alloc/Reserved): 94.4/636.0 MiB | Time: 1047.3s
[ByzFL-SNN]   [Step 450/500] (90.0%) | Val Acc: 0.9617 | Test Acc: 0.9660 | VRAM (Alloc/Reserved): 93.7/636.0 MiB | Time: 1176.4s
[ByzFL-SNN] [Training Complete] Peak VRAM (Alloc/Reserved): 419.9/636.0 MiB | Total time: 1310.0s

Training 288 done

[ByzFL-SNN] [Training Start] Model: cnn_mnist | Dataset: mnist
[ByzFL-SNN]   Aggregator: TrMean | Attack: Optimal_ALittleIsEnough_neg1
[ByzFL-SNN]   Distribution: gamma_similarity_niid (gamma=1.0)
[ByzFL-SNN]   Clients: 10 honest, 5 byzantine | Algorithm: DSGD
[ByzFL-SNN]   Learning Rate: 0.15 | Steps: 500 | Device: cuda:0
[ByzFL-SNN]   Validation samples: 12000 | Test samples: 10000
[ByzFL-SNN] Initial VRAM (Alloc/Reserved): 36.1/42.0 MiB
[ByzFL-SNN]   [Step 0/500] (0.0%) | Val Acc: 0.1542 | Test Acc: 0.1595 | VRAM (Alloc/Reserved): 44.3/64.0 MiB | Time: 3.8s
[ByzFL-SNN]   [Step 50/500] (10.0%) | Val Acc: 0.8610 | Test Acc: 0.8755 | VRAM (Alloc/Reserved): 94.0/636.0 MiB | Time: 184.4s
[ByzFL-SNN]   [Step 100/500] (20.0%) | Val Acc: 0.9423 | Test Acc: 0.9496 | VRAM (Alloc/Reserved): 94.3/636.0 MiB | Time: 357.9s
[ByzFL-SNN]   [Step 150/500] (30.0%) | Val Acc: 0.9560 | Test Acc: 0.9614 | VRAM (Alloc/Reserved): 93.7/636.0 MiB | Time: 538.8s
[ByzFL-SNN]   [Step 200/500] (40.0%) | Val Acc: 0.9549 | Test Acc: 0.9609 | VRAM (Alloc/Reserved): 93.5/636.0 MiB | Time: 709.2s
[ByzFL-SNN]   [Step 250/500] (50.0%) | Val Acc: 0.9602 | Test Acc: 0.9658 | VRAM (Alloc/Reserved): 94.3/636.0 MiB | Time: 875.7s
[ByzFL-SNN]   [Step 300/500] (60.0%) | Val Acc: 0.9367 | Test Acc: 0.9397 | VRAM (Alloc/Reserved): 93.0/636.0 MiB | Time: 1034.3s
[ByzFL-SNN]   [Step 350/500] (70.0%) | Val Acc: 0.9672 | Test Acc: 0.9732 | VRAM (Alloc/Reserved): 94.3/636.0 MiB | Time: 1201.5s
[ByzFL-SNN]   [Step 400/500] (80.0%) | Val Acc: 0.9613 | Test Acc: 0.9675 | VRAM (Alloc/Reserved): 93.4/636.0 MiB | Time: 1373.3s
[ByzFL-SNN]   [Step 450/500] (90.0%) | Val Acc: 0.9689 | Test Acc: 0.9723 | VRAM (Alloc/Reserved): 92.8/636.0 MiB | Time: 1541.4s
[ByzFL-SNN] [Training Complete] Peak VRAM (Alloc/Reserved): 419.5/636.0 MiB | Total time: 1702.2s

Training 289 done

[ByzFL-SNN] [Training Start] Model: cnn_mnist | Dataset: mnist
[ByzFL-SNN]   Aggregator: GeometricMedian | Attack: SignFlipping
[ByzFL-SNN]   Distribution: gamma_similarity_niid (gamma=0.33)
[ByzFL-SNN]   Clients: 10 honest, 5 byzantine | Algorithm: DSGD
[ByzFL-SNN]   Learning Rate: 0.15 | Steps: 500 | Device: cuda:1
[ByzFL-SNN]   Validation samples: 12000 | Test samples: 10000
[ByzFL-SNN] Initial VRAM (Alloc/Reserved): 36.1/42.0 MiB
[ByzFL-SNN]   [Step 0/500] (0.0%) | Val Acc: 0.1542 | Test Acc: 0.1595 | VRAM (Alloc/Reserved): 44.3/64.0 MiB | Time: 3.6s
[ByzFL-SNN]   [Step 50/500] (10.0%) | Val Acc: 0.2342 | Test Acc: 0.2338 | VRAM (Alloc/Reserved): 93.7/632.0 MiB | Time: 36.2s
[ByzFL-SNN]   [Step 100/500] (20.0%) | Val Acc: 0.2833 | Test Acc: 0.2878 | VRAM (Alloc/Reserved): 94.4/632.0 MiB | Time: 67.8s
[ByzFL-SNN]   [Step 150/500] (30.0%) | Val Acc: 0.2117 | Test Acc: 0.2168 | VRAM (Alloc/Reserved): 95.0/632.0 MiB | Time: 98.3s
[ByzFL-SNN]   [Step 200/500] (40.0%) | Val Acc: 0.4663 | Test Acc: 0.4731 | VRAM (Alloc/Reserved): 94.7/632.0 MiB | Time: 129.7s
[ByzFL-SNN]   [Step 250/500] (50.0%) | Val Acc: 0.5942 | Test Acc: 0.6052 | VRAM (Alloc/Reserved): 94.0/632.0 MiB | Time: 161.8s
[ByzFL-SNN]   [Step 300/500] (60.0%) | Val Acc: 0.6093 | Test Acc: 0.6189 | VRAM (Alloc/Reserved): 94.8/632.0 MiB | Time: 194.0s
[ByzFL-SNN]   [Step 350/500] (70.0%) | Val Acc: 0.0990 | Test Acc: 0.0980 | VRAM (Alloc/Reserved): 94.1/632.0 MiB | Time: 226.5s
[ByzFL-SNN]   [Step 400/500] (80.0%) | Val Acc: 0.1042 | Test Acc: 0.1013 | VRAM (Alloc/Reserved): 94.7/632.0 MiB | Time: 258.1s
[ByzFL-SNN]   [Step 450/500] (90.0%) | Val Acc: 0.0997 | Test Acc: 0.1032 | VRAM (Alloc/Reserved): 94.4/632.0 MiB | Time: 288.7s
[ByzFL-SNN] [Training Complete] Peak VRAM (Alloc/Reserved): 391.9/632.0 MiB | Total time: 316.0s

Training 290 done

[ByzFL-SNN] [Training Start] Model: cnn_mnist | Dataset: mnist
[ByzFL-SNN]   Aggregator: GeometricMedian | Attack: SignFlipping
[ByzFL-SNN]   Distribution: gamma_similarity_niid (gamma=0.33)
[ByzFL-SNN]   Clients: 10 honest, 5 byzantine | Algorithm: DSGD
[ByzFL-SNN]   Learning Rate: 0.15 | Steps: 500 | Device: cuda:0
[ByzFL-SNN]   Validation samples: 12000 | Test samples: 10000
[ByzFL-SNN] Initial VRAM (Alloc/Reserved): 36.1/42.0 MiB
[ByzFL-SNN]   [Step 0/500] (0.0%) | Val Acc: 0.1542 | Test Acc: 0.1595 | VRAM (Alloc/Reserved): 44.3/64.0 MiB | Time: 3.7s
[ByzFL-SNN]   [Step 50/500] (10.0%) | Val Acc: 0.1197 | Test Acc: 0.1185 | VRAM (Alloc/Reserved): 93.7/632.0 MiB | Time: 40.8s
[ByzFL-SNN]   [Step 100/500] (20.0%) | Val Acc: 0.1027 | Test Acc: 0.0991 | VRAM (Alloc/Reserved): 94.4/632.0 MiB | Time: 76.9s
[ByzFL-SNN]   [Step 150/500] (30.0%) | Val Acc: 0.1108 | Test Acc: 0.1124 | VRAM (Alloc/Reserved): 95.0/632.0 MiB | Time: 113.1s
[ByzFL-SNN]   [Step 200/500] (40.0%) | Val Acc: 0.0999 | Test Acc: 0.1034 | VRAM (Alloc/Reserved): 94.7/632.0 MiB | Time: 149.9s
[ByzFL-SNN]   [Step 250/500] (50.0%) | Val Acc: 0.1032 | Test Acc: 0.1009 | VRAM (Alloc/Reserved): 94.0/632.0 MiB | Time: 185.5s
[ByzFL-SNN]   [Step 300/500] (60.0%) | Val Acc: 0.4395 | Test Acc: 0.4410 | VRAM (Alloc/Reserved): 94.8/632.0 MiB | Time: 221.3s
[ByzFL-SNN]   [Step 350/500] (70.0%) | Val Acc: 0.5447 | Test Acc: 0.5492 | VRAM (Alloc/Reserved): 94.1/632.0 MiB | Time: 257.5s
[ByzFL-SNN]   [Step 400/500] (80.0%) | Val Acc: 0.6776 | Test Acc: 0.6870 | VRAM (Alloc/Reserved): 94.7/632.0 MiB | Time: 293.0s
[ByzFL-SNN]   [Step 450/500] (90.0%) | Val Acc: 0.7013 | Test Acc: 0.7071 | VRAM (Alloc/Reserved): 94.4/632.0 MiB | Time: 329.1s
[ByzFL-SNN] [Training Complete] Peak VRAM (Alloc/Reserved): 391.9/632.0 MiB | Total time: 361.3s

Training 291 done

[ByzFL-SNN] [Training Start] Model: cnn_mnist | Dataset: mnist
[ByzFL-SNN]   Aggregator: GeometricMedian | Attack: Optimal_InnerProductManipulation
[ByzFL-SNN]   Distribution: gamma_similarity_niid (gamma=0.66)
[ByzFL-SNN]   Clients: 10 honest, 5 byzantine | Algorithm: DSGD
[ByzFL-SNN]   Learning Rate: 0.15 | Steps: 500 | Device: cuda:1
[ByzFL-SNN]   Validation samples: 12000 | Test samples: 10000
[ByzFL-SNN] Initial VRAM (Alloc/Reserved): 36.1/42.0 MiB
[ByzFL-SNN]   [Step 0/500] (0.0%) | Val Acc: 0.1542 | Test Acc: 0.1595 | VRAM (Alloc/Reserved): 44.3/64.0 MiB | Time: 3.5s
[ByzFL-SNN]   [Step 50/500] (10.0%) | Val Acc: 0.5983 | Test Acc: 0.6066 | VRAM (Alloc/Reserved): 93.8/634.0 MiB | Time: 131.0s
[ByzFL-SNN]   [Step 100/500] (20.0%) | Val Acc: 0.8642 | Test Acc: 0.8786 | VRAM (Alloc/Reserved): 93.2/634.0 MiB | Time: 256.7s
[ByzFL-SNN]   [Step 150/500] (30.0%) | Val Acc: 0.8814 | Test Acc: 0.8902 | VRAM (Alloc/Reserved): 93.9/634.0 MiB | Time: 387.7s
[ByzFL-SNN]   [Step 200/500] (40.0%) | Val Acc: 0.9342 | Test Acc: 0.9402 | VRAM (Alloc/Reserved): 93.8/634.0 MiB | Time: 510.1s
[ByzFL-SNN]   [Step 250/500] (50.0%) | Val Acc: 0.9355 | Test Acc: 0.9454 | VRAM (Alloc/Reserved): 94.3/634.0 MiB | Time: 630.1s
[ByzFL-SNN]   [Step 300/500] (60.0%) | Val Acc: 0.9562 | Test Acc: 0.9594 | VRAM (Alloc/Reserved): 93.3/634.0 MiB | Time: 743.1s
[ByzFL-SNN]   [Step 350/500] (70.0%) | Val Acc: 0.9417 | Test Acc: 0.9482 | VRAM (Alloc/Reserved): 95.7/634.0 MiB | Time: 862.7s
[ByzFL-SNN]   [Step 400/500] (80.0%) | Val Acc: 0.9627 | Test Acc: 0.9673 | VRAM (Alloc/Reserved): 94.2/634.0 MiB | Time: 980.6s
[ByzFL-SNN]   [Step 450/500] (90.0%) | Val Acc: 0.9573 | Test Acc: 0.9625 | VRAM (Alloc/Reserved): 93.8/634.0 MiB | Time: 1100.8s
[ByzFL-SNN] [Training Complete] Peak VRAM (Alloc/Reserved): 422.3/634.0 MiB | Total time: 1214.2s

Training 292 done

[ByzFL-SNN] [Training Start] Model: cnn_mnist | Dataset: mnist
[ByzFL-SNN]   Aggregator: GeometricMedian | Attack: Optimal_ALittleIsEnough_neg1
[ByzFL-SNN]   Distribution: gamma_similarity_niid (gamma=0.66)
[ByzFL-SNN]   Clients: 10 honest, 5 byzantine | Algorithm: DSGD
[ByzFL-SNN]   Learning Rate: 0.15 | Steps: 500 | Device: cuda:1
[ByzFL-SNN]   Validation samples: 12000 | Test samples: 10000
[ByzFL-SNN] Initial VRAM (Alloc/Reserved): 36.1/42.0 MiB
[ByzFL-SNN]   [Step 0/500] (0.0%) | Val Acc: 0.1542 | Test Acc: 0.1595 | VRAM (Alloc/Reserved): 44.3/64.0 MiB | Time: 3.5s
[ByzFL-SNN]   [Step 50/500] (10.0%) | Val Acc: 0.2184 | Test Acc: 0.2111 | VRAM (Alloc/Reserved): 93.7/634.0 MiB | Time: 134.0s
[ByzFL-SNN]   [Step 100/500] (20.0%) | Val Acc: 0.4887 | Test Acc: 0.4816 | VRAM (Alloc/Reserved): 94.7/634.0 MiB | Time: 278.4s
[ByzFL-SNN]   [Step 150/500] (30.0%) | Val Acc: 0.8726 | Test Acc: 0.8881 | VRAM (Alloc/Reserved): 94.4/634.0 MiB | Time: 421.0s
[ByzFL-SNN]   [Step 200/500] (40.0%) | Val Acc: 0.8888 | Test Acc: 0.8987 | VRAM (Alloc/Reserved): 93.9/634.0 MiB | Time: 569.8s
[ByzFL-SNN]   [Step 250/500] (50.0%) | Val Acc: 0.9052 | Test Acc: 0.9094 | VRAM (Alloc/Reserved): 93.5/634.0 MiB | Time: 711.2s
[ByzFL-SNN]   [Step 300/500] (60.0%) | Val Acc: 0.8513 | Test Acc: 0.8548 | VRAM (Alloc/Reserved): 93.0/634.0 MiB | Time: 847.8s
[ByzFL-SNN]   [Step 350/500] (70.0%) | Val Acc: 0.9306 | Test Acc: 0.9387 | VRAM (Alloc/Reserved): 94.2/634.0 MiB | Time: 986.8s
[ByzFL-SNN]   [Step 400/500] (80.0%) | Val Acc: 0.8403 | Test Acc: 0.8489 | VRAM (Alloc/Reserved): 93.8/634.0 MiB | Time: 1128.7s
[ByzFL-SNN]   [Step 450/500] (90.0%) | Val Acc: 0.7633 | Test Acc: 0.7744 | VRAM (Alloc/Reserved): 94.9/634.0 MiB | Time: 1272.4s
[ByzFL-SNN] [Training Complete] Peak VRAM (Alloc/Reserved): 420.3/634.0 MiB | Total time: 1410.1s

Training 293 done

[ByzFL-SNN] [Training Start] Model: cnn_mnist | Dataset: mnist
[ByzFL-SNN]   Aggregator: CenteredClipping | Attack: Optimal_InnerProductManipulation
[ByzFL-SNN]   Distribution: gamma_similarity_niid (gamma=0.66)
[ByzFL-SNN]   Clients: 10 honest, 5 byzantine | Algorithm: DSGD
[ByzFL-SNN]   Learning Rate: 0.15 | Steps: 500 | Device: cuda:1
[ByzFL-SNN]   Validation samples: 12000 | Test samples: 10000
[ByzFL-SNN] Initial VRAM (Alloc/Reserved): 36.1/42.0 MiB
[ByzFL-SNN]   [Step 0/500] (0.0%) | Val Acc: 0.1542 | Test Acc: 0.1595 | VRAM (Alloc/Reserved): 44.3/64.0 MiB | Time: 3.6s
[ByzFL-SNN]   [Step 50/500] (10.0%) | Val Acc: 0.6302 | Test Acc: 0.6343 | VRAM (Alloc/Reserved): 97.2/634.0 MiB | Time: 116.6s
[ByzFL-SNN]   [Step 100/500] (20.0%) | Val Acc: 0.7262 | Test Acc: 0.7425 | VRAM (Alloc/Reserved): 97.0/634.0 MiB | Time: 240.3s
[ByzFL-SNN]   [Step 150/500] (30.0%) | Val Acc: 0.8877 | Test Acc: 0.8955 | VRAM (Alloc/Reserved): 98.3/634.0 MiB | Time: 355.3s
[ByzFL-SNN]   [Step 200/500] (40.0%) | Val Acc: 0.9134 | Test Acc: 0.9190 | VRAM (Alloc/Reserved): 97.7/634.0 MiB | Time: 473.8s
[ByzFL-SNN]   [Step 250/500] (50.0%) | Val Acc: 0.9112 | Test Acc: 0.9191 | VRAM (Alloc/Reserved): 96.8/634.0 MiB | Time: 587.6s
[ByzFL-SNN]   [Step 300/500] (60.0%) | Val Acc: 0.9345 | Test Acc: 0.9417 | VRAM (Alloc/Reserved): 96.5/634.0 MiB | Time: 706.4s
[ByzFL-SNN]   [Step 350/500] (70.0%) | Val Acc: 0.9263 | Test Acc: 0.9329 | VRAM (Alloc/Reserved): 97.0/634.0 MiB | Time: 822.2s
[ByzFL-SNN]   [Step 400/500] (80.0%) | Val Acc: 0.9424 | Test Acc: 0.9464 | VRAM (Alloc/Reserved): 97.5/634.0 MiB | Time: 940.8s
[ByzFL-SNN]   [Step 450/500] (90.0%) | Val Acc: 0.9079 | Test Acc: 0.9164 | VRAM (Alloc/Reserved): 97.8/634.0 MiB | Time: 1055.7s
[ByzFL-SNN] [Training Complete] Peak VRAM (Alloc/Reserved): 424.2/634.0 MiB | Total time: 1163.9s

Training 294 done

[ByzFL-SNN] [Training Start] Model: cnn_mnist | Dataset: mnist
[ByzFL-SNN]   Aggregator: MultiKrum | Attack: Optimal_InnerProductManipulation
[ByzFL-SNN]   Distribution: gamma_similarity_niid (gamma=1.0)
[ByzFL-SNN]   Clients: 10 honest, 5 byzantine | Algorithm: DSGD
[ByzFL-SNN]   Learning Rate: 0.15 | Steps: 500 | Device: cuda:0
[ByzFL-SNN]   Validation samples: 12000 | Test samples: 10000
[ByzFL-SNN] Initial VRAM (Alloc/Reserved): 36.1/42.0 MiB
[ByzFL-SNN]   [Step 0/500] (0.0%) | Val Acc: 0.1542 | Test Acc: 0.1595 | VRAM (Alloc/Reserved): 44.3/64.0 MiB | Time: 3.8s
[ByzFL-SNN]   [Step 50/500] (10.0%) | Val Acc: 0.8724 | Test Acc: 0.8811 | VRAM (Alloc/Reserved): 93.7/636.0 MiB | Time: 166.4s
[ByzFL-SNN]   [Step 100/500] (20.0%) | Val Acc: 0.9243 | Test Acc: 0.9332 | VRAM (Alloc/Reserved): 94.3/636.0 MiB | Time: 338.4s
[ByzFL-SNN]   [Step 150/500] (30.0%) | Val Acc: 0.9323 | Test Acc: 0.9397 | VRAM (Alloc/Reserved): 94.6/636.0 MiB | Time: 497.4s
[ByzFL-SNN]   [Step 200/500] (40.0%) | Val Acc: 0.9441 | Test Acc: 0.9494 | VRAM (Alloc/Reserved): 93.9/636.0 MiB | Time: 654.3s
[ByzFL-SNN]   [Step 250/500] (50.0%) | Val Acc: 0.9509 | Test Acc: 0.9579 | VRAM (Alloc/Reserved): 94.3/636.0 MiB | Time: 812.3s
[ByzFL-SNN]   [Step 300/500] (60.0%) | Val Acc: 0.9478 | Test Acc: 0.9543 | VRAM (Alloc/Reserved): 94.5/636.0 MiB | Time: 973.7s
[ByzFL-SNN]   [Step 350/500] (70.0%) | Val Acc: 0.9577 | Test Acc: 0.9615 | VRAM (Alloc/Reserved): 94.4/636.0 MiB | Time: 1136.5s
[ByzFL-SNN]   [Step 400/500] (80.0%) | Val Acc: 0.9554 | Test Acc: 0.9606 | VRAM (Alloc/Reserved): 94.4/636.0 MiB | Time: 1296.4s
[ByzFL-SNN]   [Step 450/500] (90.0%) | Val Acc: 0.9647 | Test Acc: 0.9686 | VRAM (Alloc/Reserved): 93.7/636.0 MiB | Time: 1454.6s
[ByzFL-SNN] [Training Complete] Peak VRAM (Alloc/Reserved): 419.9/636.0 MiB | Total time: 1615.8s

Training 295 done

[ByzFL-SNN] [Training Start] Model: cnn_mnist | Dataset: mnist
[ByzFL-SNN]   Aggregator: MultiKrum | Attack: Optimal_ALittleIsEnough_neg1
[ByzFL-SNN]   Distribution: gamma_similarity_niid (gamma=1.0)
[ByzFL-SNN]   Clients: 10 honest, 5 byzantine | Algorithm: DSGD
[ByzFL-SNN]   Learning Rate: 0.15 | Steps: 500 | Device: cuda:0
[ByzFL-SNN]   Validation samples: 12000 | Test samples: 10000
[ByzFL-SNN] Initial VRAM (Alloc/Reserved): 36.1/42.0 MiB
[ByzFL-SNN]   [Step 0/500] (0.0%) | Val Acc: 0.1542 | Test Acc: 0.1595 | VRAM (Alloc/Reserved): 44.3/64.0 MiB | Time: 4.1s
[ByzFL-SNN]   [Step 50/500] (10.0%) | Val Acc: 0.8343 | Test Acc: 0.8540 | VRAM (Alloc/Reserved): 94.0/636.0 MiB | Time: 182.8s
[ByzFL-SNN]   [Step 100/500] (20.0%) | Val Acc: 0.9407 | Test Acc: 0.9479 | VRAM (Alloc/Reserved): 94.3/636.0 MiB | Time: 360.3s
[ByzFL-SNN]   [Step 150/500] (30.0%) | Val Acc: 0.9593 | Test Acc: 0.9668 | VRAM (Alloc/Reserved): 93.7/636.0 MiB | Time: 523.5s
[ByzFL-SNN]   [Step 200/500] (40.0%) | Val Acc: 0.9555 | Test Acc: 0.9627 | VRAM (Alloc/Reserved): 93.5/636.0 MiB | Time: 685.8s
[ByzFL-SNN]   [Step 250/500] (50.0%) | Val Acc: 0.9557 | Test Acc: 0.9600 | VRAM (Alloc/Reserved): 94.3/636.0 MiB | Time: 848.5s
[ByzFL-SNN]   [Step 300/500] (60.0%) | Val Acc: 0.9580 | Test Acc: 0.9652 | VRAM (Alloc/Reserved): 93.0/636.0 MiB | Time: 1016.6s
[ByzFL-SNN]   [Step 350/500] (70.0%) | Val Acc: 0.9692 | Test Acc: 0.9751 | VRAM (Alloc/Reserved): 94.3/636.0 MiB | Time: 1184.8s
[ByzFL-SNN]   [Step 400/500] (80.0%) | Val Acc: 0.9644 | Test Acc: 0.9690 | VRAM (Alloc/Reserved): 93.4/636.0 MiB | Time: 1354.9s
[ByzFL-SNN]   [Step 450/500] (90.0%) | Val Acc: 0.9541 | Test Acc: 0.9593 | VRAM (Alloc/Reserved): 92.8/636.0 MiB | Time: 1517.4s
[ByzFL-SNN] [Training Complete] Peak VRAM (Alloc/Reserved): 419.5/636.0 MiB | Total time: 1686.0s

Training 296 done

[ByzFL-SNN] [Training Start] Model: cnn_mnist | Dataset: mnist
[ByzFL-SNN]   Aggregator: CenteredClipping | Attack: SignFlipping
[ByzFL-SNN]   Distribution: gamma_similarity_niid (gamma=0.33)
[ByzFL-SNN]   Clients: 10 honest, 5 byzantine | Algorithm: DSGD
[ByzFL-SNN]   Learning Rate: 0.15 | Steps: 500 | Device: cuda:1
[ByzFL-SNN]   Validation samples: 12000 | Test samples: 10000
[ByzFL-SNN] Initial VRAM (Alloc/Reserved): 36.1/42.0 MiB
[ByzFL-SNN]   [Step 0/500] (0.0%) | Val Acc: 0.1542 | Test Acc: 0.1595 | VRAM (Alloc/Reserved): 44.3/64.0 MiB | Time: 3.7s
[ByzFL-SNN]   [Step 50/500] (10.0%) | Val Acc: 0.1162 | Test Acc: 0.1153 | VRAM (Alloc/Reserved): 95.8/632.0 MiB | Time: 35.8s
[ByzFL-SNN]   [Step 100/500] (20.0%) | Val Acc: 0.1037 | Test Acc: 0.1010 | VRAM (Alloc/Reserved): 96.0/632.0 MiB | Time: 67.1s
[ByzFL-SNN]   [Step 150/500] (30.0%) | Val Acc: 0.1037 | Test Acc: 0.1010 | VRAM (Alloc/Reserved): 96.5/632.0 MiB | Time: 97.5s
[ByzFL-SNN]   [Step 200/500] (40.0%) | Val Acc: 0.0997 | Test Acc: 0.1032 | VRAM (Alloc/Reserved): 94.7/632.0 MiB | Time: 128.6s
[ByzFL-SNN]   [Step 250/500] (50.0%) | Val Acc: 0.0997 | Test Acc: 0.1032 | VRAM (Alloc/Reserved): 95.1/632.0 MiB | Time: 161.0s
[ByzFL-SNN]   [Step 300/500] (60.0%) | Val Acc: 0.0997 | Test Acc: 0.1032 | VRAM (Alloc/Reserved): 94.7/632.0 MiB | Time: 191.8s
[ByzFL-SNN]   [Step 350/500] (70.0%) | Val Acc: 0.0997 | Test Acc: 0.1032 | VRAM (Alloc/Reserved): 95.6/632.0 MiB | Time: 222.3s
[ByzFL-SNN]   [Step 400/500] (80.0%) | Val Acc: 0.1037 | Test Acc: 0.1010 | VRAM (Alloc/Reserved): 95.9/632.0 MiB | Time: 251.5s
[ByzFL-SNN]   [Step 450/500] (90.0%) | Val Acc: 0.1037 | Test Acc: 0.1010 | VRAM (Alloc/Reserved): 94.5/632.0 MiB | Time: 281.5s
[ByzFL-SNN] [Training Complete] Peak VRAM (Alloc/Reserved): 394.6/632.0 MiB | Total time: 308.7s

Training 297 done

[ByzFL-SNN] [Training Start] Model: cnn_mnist | Dataset: mnist
[ByzFL-SNN]   Aggregator: CenteredClipping | Attack: Optimal_ALittleIsEnough_neg1
[ByzFL-SNN]   Distribution: gamma_similarity_niid (gamma=0.66)
[ByzFL-SNN]   Clients: 10 honest, 5 byzantine | Algorithm: DSGD
[ByzFL-SNN]   Learning Rate: 0.15 | Steps: 500 | Device: cuda:1
[ByzFL-SNN]   Validation samples: 12000 | Test samples: 10000
[ByzFL-SNN] Initial VRAM (Alloc/Reserved): 36.1/42.0 MiB
[ByzFL-SNN]   [Step 0/500] (0.0%) | Val Acc: 0.1542 | Test Acc: 0.1595 | VRAM (Alloc/Reserved): 44.3/64.0 MiB | Time: 3.4s
[ByzFL-SNN]   [Step 50/500] (10.0%) | Val Acc: 0.4236 | Test Acc: 0.4397 | VRAM (Alloc/Reserved): 97.5/634.0 MiB | Time: 137.8s
[ByzFL-SNN]   [Step 100/500] (20.0%) | Val Acc: 0.7799 | Test Acc: 0.7910 | VRAM (Alloc/Reserved): 98.2/634.0 MiB | Time: 276.2s
[ByzFL-SNN]   [Step 150/500] (30.0%) | Val Acc: 0.8992 | Test Acc: 0.9107 | VRAM (Alloc/Reserved): 98.1/634.0 MiB | Time: 423.6s
[ByzFL-SNN]   [Step 200/500] (40.0%) | Val Acc: 0.9328 | Test Acc: 0.9374 | VRAM (Alloc/Reserved): 100.5/634.0 MiB | Time: 561.2s
[ByzFL-SNN]   [Step 250/500] (50.0%) | Val Acc: 0.9381 | Test Acc: 0.9429 | VRAM (Alloc/Reserved): 97.7/634.0 MiB | Time: 696.7s
[ByzFL-SNN]   [Step 300/500] (60.0%) | Val Acc: 0.9169 | Test Acc: 0.9298 | VRAM (Alloc/Reserved): 97.5/634.0 MiB | Time: 836.4s
[ByzFL-SNN]   [Step 350/500] (70.0%) | Val Acc: 0.6239 | Test Acc: 0.6260 | VRAM (Alloc/Reserved): 97.4/634.0 MiB | Time: 972.7s
[ByzFL-SNN]   [Step 400/500] (80.0%) | Val Acc: 0.8826 | Test Acc: 0.8959 | VRAM (Alloc/Reserved): 98.6/634.0 MiB | Time: 1108.0s
[ByzFL-SNN]   [Step 450/500] (90.0%) | Val Acc: 0.8578 | Test Acc: 0.8634 | VRAM (Alloc/Reserved): 96.5/634.0 MiB | Time: 1245.8s
[ByzFL-SNN] [Training Complete] Peak VRAM (Alloc/Reserved): 424.5/634.0 MiB | Total time: 1367.6s

Training 298 done

[ByzFL-SNN] [Training Start] Model: cnn_mnist | Dataset: mnist
[ByzFL-SNN]   Aggregator: CenteredClipping | Attack: SignFlipping
[ByzFL-SNN]   Distribution: gamma_similarity_niid (gamma=0.33)
[ByzFL-SNN]   Clients: 10 honest, 5 byzantine | Algorithm: DSGD
[ByzFL-SNN]   Learning Rate: 0.15 | Steps: 500 | Device: cuda:0
[ByzFL-SNN]   Validation samples: 12000 | Test samples: 10000
[ByzFL-SNN] Initial VRAM (Alloc/Reserved): 36.1/42.0 MiB
[ByzFL-SNN]   [Step 0/500] (0.0%) | Val Acc: 0.1542 | Test Acc: 0.1595 | VRAM (Alloc/Reserved): 44.3/64.0 MiB | Time: 3.7s
[ByzFL-SNN]   [Step 50/500] (10.0%) | Val Acc: 0.1037 | Test Acc: 0.1010 | VRAM (Alloc/Reserved): 95.8/632.0 MiB | Time: 39.8s
[ByzFL-SNN]   [Step 100/500] (20.0%) | Val Acc: 0.1037 | Test Acc: 0.1010 | VRAM (Alloc/Reserved): 96.0/632.0 MiB | Time: 75.9s
[ByzFL-SNN]   [Step 150/500] (30.0%) | Val Acc: 0.1025 | Test Acc: 0.1057 | VRAM (Alloc/Reserved): 96.5/632.0 MiB | Time: 111.5s
[ByzFL-SNN]   [Step 200/500] (40.0%) | Val Acc: 0.0997 | Test Acc: 0.1032 | VRAM (Alloc/Reserved): 94.7/632.0 MiB | Time: 146.3s
[ByzFL-SNN]   [Step 250/500] (50.0%) | Val Acc: 0.0963 | Test Acc: 0.0988 | VRAM (Alloc/Reserved): 95.1/632.0 MiB | Time: 181.1s
[ByzFL-SNN]   [Step 300/500] (60.0%) | Val Acc: 0.1676 | Test Acc: 0.1654 | VRAM (Alloc/Reserved): 94.7/632.0 MiB | Time: 218.4s
[ByzFL-SNN]   [Step 350/500] (70.0%) | Val Acc: 0.6288 | Test Acc: 0.6319 | VRAM (Alloc/Reserved): 95.6/632.0 MiB | Time: 256.3s
[ByzFL-SNN]   [Step 400/500] (80.0%) | Val Acc: 0.6780 | Test Acc: 0.6839 | VRAM (Alloc/Reserved): 95.9/632.0 MiB | Time: 293.9s
[ByzFL-SNN]   [Step 450/500] (90.0%) | Val Acc: 0.6977 | Test Acc: 0.7029 | VRAM (Alloc/Reserved): 94.5/632.0 MiB | Time: 331.2s
[ByzFL-SNN] [Training Complete] Peak VRAM (Alloc/Reserved): 394.6/632.0 MiB | Total time: 365.1s

Training 299 done

[ByzFL-SNN] [Training Start] Model: cnn_mnist | Dataset: mnist
[ByzFL-SNN]   Aggregator: GeometricMedian | Attack: Optimal_InnerProductManipulation
[ByzFL-SNN]   Distribution: gamma_similarity_niid (gamma=0.66)
[ByzFL-SNN]   Clients: 10 honest, 5 byzantine | Algorithm: DSGD
[ByzFL-SNN]   Learning Rate: 0.15 | Steps: 500 | Device: cuda:0
[ByzFL-SNN]   Validation samples: 12000 | Test samples: 10000
[ByzFL-SNN] Initial VRAM (Alloc/Reserved): 36.1/42.0 MiB
[ByzFL-SNN]   [Step 0/500] (0.0%) | Val Acc: 0.1542 | Test Acc: 0.1595 | VRAM (Alloc/Reserved): 44.3/64.0 MiB | Time: 3.8s
[ByzFL-SNN]   [Step 50/500] (10.0%) | Val Acc: 0.5165 | Test Acc: 0.5220 | VRAM (Alloc/Reserved): 93.8/634.0 MiB | Time: 154.0s
[ByzFL-SNN]   [Step 100/500] (20.0%) | Val Acc: 0.8013 | Test Acc: 0.8088 | VRAM (Alloc/Reserved): 93.2/634.0 MiB | Time: 300.4s
[ByzFL-SNN]   [Step 150/500] (30.0%) | Val Acc: 0.9113 | Test Acc: 0.9184 | VRAM (Alloc/Reserved): 93.9/634.0 MiB | Time: 438.2s
[ByzFL-SNN]   [Step 200/500] (40.0%) | Val Acc: 0.9239 | Test Acc: 0.9302 | VRAM (Alloc/Reserved): 93.8/634.0 MiB | Time: 579.5s
[ByzFL-SNN]   [Step 250/500] (50.0%) | Val Acc: 0.9090 | Test Acc: 0.9173 | VRAM (Alloc/Reserved): 94.3/634.0 MiB | Time: 728.6s
[ByzFL-SNN]   [Step 300/500] (60.0%) | Val Acc: 0.9457 | Test Acc: 0.9495 | VRAM (Alloc/Reserved): 93.3/634.0 MiB | Time: 873.1s
[ByzFL-SNN]   [Step 350/500] (70.0%) | Val Acc: 0.9552 | Test Acc: 0.9617 | VRAM (Alloc/Reserved): 95.7/634.0 MiB | Time: 1019.0s
[ByzFL-SNN]   [Step 400/500] (80.0%) | Val Acc: 0.9653 | Test Acc: 0.9687 | VRAM (Alloc/Reserved): 94.2/634.0 MiB | Time: 1163.1s
[ByzFL-SNN]   [Step 450/500] (90.0%) | Val Acc: 0.9663 | Test Acc: 0.9704 | VRAM (Alloc/Reserved): 93.8/634.0 MiB | Time: 1312.9s
[ByzFL-SNN] [Training Complete] Peak VRAM (Alloc/Reserved): 422.3/634.0 MiB | Total time: 1452.9s

Training 300 done

[ByzFL-SNN] [Training Start] Model: cnn_mnist | Dataset: mnist
[ByzFL-SNN]   Aggregator: CenteredClipping | Attack: Optimal_InnerProductManipulation
[ByzFL-SNN]   Distribution: gamma_similarity_niid (gamma=0.66)
[ByzFL-SNN]   Clients: 10 honest, 5 byzantine | Algorithm: DSGD
[ByzFL-SNN]   Learning Rate: 0.15 | Steps: 500 | Device: cuda:0
[ByzFL-SNN]   Validation samples: 12000 | Test samples: 10000
[ByzFL-SNN] Initial VRAM (Alloc/Reserved): 36.1/42.0 MiB
[ByzFL-SNN]   [Step 0/500] (0.0%) | Val Acc: 0.1542 | Test Acc: 0.1595 | VRAM (Alloc/Reserved): 44.3/64.0 MiB | Time: 3.7s
[ByzFL-SNN]   [Step 50/500] (10.0%) | Val Acc: 0.6393 | Test Acc: 0.6384 | VRAM (Alloc/Reserved): 97.2/634.0 MiB | Time: 144.1s
[ByzFL-SNN]   [Step 100/500] (20.0%) | Val Acc: 0.7452 | Test Acc: 0.7501 | VRAM (Alloc/Reserved): 97.0/634.0 MiB | Time: 276.2s
[ByzFL-SNN]   [Step 150/500] (30.0%) | Val Acc: 0.7444 | Test Acc: 0.7528 | VRAM (Alloc/Reserved): 98.3/634.0 MiB | Time: 415.5s
[ByzFL-SNN]   [Step 200/500] (40.0%) | Val Acc: 0.9035 | Test Acc: 0.9106 | VRAM (Alloc/Reserved): 97.7/634.0 MiB | Time: 558.3s
[ByzFL-SNN]   [Step 250/500] (50.0%) | Val Acc: 0.9141 | Test Acc: 0.9190 | VRAM (Alloc/Reserved): 96.8/634.0 MiB | Time: 713.8s
[ByzFL-SNN]   [Step 300/500] (60.0%) | Val Acc: 0.9233 | Test Acc: 0.9309 | VRAM (Alloc/Reserved): 96.5/634.0 MiB | Time: 861.0s
[ByzFL-SNN]   [Step 350/500] (70.0%) | Val Acc: 0.9342 | Test Acc: 0.9391 | VRAM (Alloc/Reserved): 97.0/634.0 MiB | Time: 1002.7s
[ByzFL-SNN]   [Step 400/500] (80.0%) | Val Acc: 0.9290 | Test Acc: 0.9338 | VRAM (Alloc/Reserved): 97.5/634.0 MiB | Time: 1148.8s
[ByzFL-SNN]   [Step 450/500] (90.0%) | Val Acc: 0.9005 | Test Acc: 0.9100 | VRAM (Alloc/Reserved): 97.8/634.0 MiB | Time: 1297.8s
[ByzFL-SNN] [Training Complete] Peak VRAM (Alloc/Reserved): 424.2/634.0 MiB | Total time: 1441.7s

Training 301 done

[ByzFL-SNN] [Training Start] Model: cnn_mnist | Dataset: mnist
[ByzFL-SNN]   Aggregator: TrMean | Attack: Optimal_InnerProductManipulation
[ByzFL-SNN]   Distribution: gamma_similarity_niid (gamma=0.66)
[ByzFL-SNN]   Clients: 10 honest, 5 byzantine | Algorithm: DSGD
[ByzFL-SNN]   Learning Rate: 0.15 | Steps: 500 | Device: cuda:1
[ByzFL-SNN]   Validation samples: 12000 | Test samples: 10000
[ByzFL-SNN] Initial VRAM (Alloc/Reserved): 36.1/42.0 MiB
[ByzFL-SNN]   [Step 0/500] (0.0%) | Val Acc: 0.1542 | Test Acc: 0.1595 | VRAM (Alloc/Reserved): 44.3/64.0 MiB | Time: 3.8s
[ByzFL-SNN]   [Step 50/500] (10.0%) | Val Acc: 0.4303 | Test Acc: 0.4383 | VRAM (Alloc/Reserved): 93.7/634.0 MiB | Time: 134.7s
[ByzFL-SNN]   [Step 100/500] (20.0%) | Val Acc: 0.8636 | Test Acc: 0.8736 | VRAM (Alloc/Reserved): 94.3/634.0 MiB | Time: 259.5s
[ByzFL-SNN]   [Step 150/500] (30.0%) | Val Acc: 0.9067 | Test Acc: 0.9166 | VRAM (Alloc/Reserved): 94.6/634.0 MiB | Time: 373.3s
[ByzFL-SNN]   [Step 200/500] (40.0%) | Val Acc: 0.9384 | Test Acc: 0.9448 | VRAM (Alloc/Reserved): 93.9/634.0 MiB | Time: 495.1s
[ByzFL-SNN]   [Step 250/500] (50.0%) | Val Acc: 0.9427 | Test Acc: 0.9514 | VRAM (Alloc/Reserved): 94.3/634.0 MiB | Time: 614.0s
[ByzFL-SNN]   [Step 300/500] (60.0%) | Val Acc: 0.9402 | Test Acc: 0.9453 | VRAM (Alloc/Reserved): 94.5/634.0 MiB | Time: 734.2s
[ByzFL-SNN]   [Step 350/500] (70.0%) | Val Acc: 0.9565 | Test Acc: 0.9605 | VRAM (Alloc/Reserved): 94.4/634.0 MiB | Time: 854.7s
[ByzFL-SNN]   [Step 400/500] (80.0%) | Val Acc: 0.9637 | Test Acc: 0.9691 | VRAM (Alloc/Reserved): 94.4/634.0 MiB | Time: 962.4s
[ByzFL-SNN]   [Step 450/500] (90.0%) | Val Acc: 0.9608 | Test Acc: 0.9659 | VRAM (Alloc/Reserved): 93.7/634.0 MiB | Time: 1070.3s
[ByzFL-SNN] [Training Complete] Peak VRAM (Alloc/Reserved): 419.9/634.0 MiB | Total time: 1179.7s

Training 302 done

[ByzFL-SNN] [Training Start] Model: cnn_mnist | Dataset: mnist
[ByzFL-SNN]   Aggregator: GeometricMedian | Attack: Optimal_ALittleIsEnough_neg1
[ByzFL-SNN]   Distribution: gamma_similarity_niid (gamma=0.66)
[ByzFL-SNN]   Clients: 10 honest, 5 byzantine | Algorithm: DSGD
[ByzFL-SNN]   Learning Rate: 0.15 | Steps: 500 | Device: cuda:0
[ByzFL-SNN]   Validation samples: 12000 | Test samples: 10000
[ByzFL-SNN] Initial VRAM (Alloc/Reserved): 36.1/42.0 MiB
[ByzFL-SNN]   [Step 0/500] (0.0%) | Val Acc: 0.1542 | Test Acc: 0.1595 | VRAM (Alloc/Reserved): 44.3/64.0 MiB | Time: 3.7s
[ByzFL-SNN]   [Step 50/500] (10.0%) | Val Acc: 0.2547 | Test Acc: 0.2608 | VRAM (Alloc/Reserved): 93.7/634.0 MiB | Time: 179.7s
[ByzFL-SNN]   [Step 100/500] (20.0%) | Val Acc: 0.5278 | Test Acc: 0.5494 | VRAM (Alloc/Reserved): 94.7/634.0 MiB | Time: 352.0s
[ByzFL-SNN]   [Step 150/500] (30.0%) | Val Acc: 0.8587 | Test Acc: 0.8674 | VRAM (Alloc/Reserved): 94.4/634.0 MiB | Time: 518.0s
[ByzFL-SNN]   [Step 200/500] (40.0%) | Val Acc: 0.8843 | Test Acc: 0.8931 | VRAM (Alloc/Reserved): 93.9/634.0 MiB | Time: 693.8s
[ByzFL-SNN]   [Step 250/500] (50.0%) | Val Acc: 0.8393 | Test Acc: 0.8492 | VRAM (Alloc/Reserved): 93.5/634.0 MiB | Time: 871.2s
[ByzFL-SNN]   [Step 300/500] (60.0%) | Val Acc: 0.8480 | Test Acc: 0.8598 | VRAM (Alloc/Reserved): 93.0/634.0 MiB | Time: 1044.5s
[ByzFL-SNN]   [Step 350/500] (70.0%) | Val Acc: 0.1227 | Test Acc: 0.1217 | VRAM (Alloc/Reserved): 94.2/634.0 MiB | Time: 1219.4s
[ByzFL-SNN]   [Step 400/500] (80.0%) | Val Acc: 0.1081 | Test Acc: 0.1034 | VRAM (Alloc/Reserved): 93.8/634.0 MiB | Time: 1383.4s
[ByzFL-SNN]   [Step 450/500] (90.0%) | Val Acc: 0.5473 | Test Acc: 0.5484 | VRAM (Alloc/Reserved): 94.9/634.0 MiB | Time: 1561.2s
[ByzFL-SNN] [Training Complete] Peak VRAM (Alloc/Reserved): 420.3/634.0 MiB | Total time: 1736.1s

Training 303 done

[ByzFL-SNN] [Training Start] Model: cnn_mnist | Dataset: mnist
[ByzFL-SNN]   Aggregator: TrMean | Attack: SignFlipping
[ByzFL-SNN]   Distribution: gamma_similarity_niid (gamma=0.33)
[ByzFL-SNN]   Clients: 10 honest, 5 byzantine | Algorithm: DSGD
[ByzFL-SNN]   Learning Rate: 0.15 | Steps: 500 | Device: cuda:1
[ByzFL-SNN]   Validation samples: 12000 | Test samples: 10000
[ByzFL-SNN] Initial VRAM (Alloc/Reserved): 36.1/42.0 MiB
[ByzFL-SNN]   [Step 0/500] (0.0%) | Val Acc: 0.1542 | Test Acc: 0.1595 | VRAM (Alloc/Reserved): 44.3/64.0 MiB | Time: 3.4s
[ByzFL-SNN]   [Step 50/500] (10.0%) | Val Acc: 0.3508 | Test Acc: 0.3565 | VRAM (Alloc/Reserved): 94.1/632.0 MiB | Time: 33.1s
[ByzFL-SNN]   [Step 100/500] (20.0%) | Val Acc: 0.4637 | Test Acc: 0.4705 | VRAM (Alloc/Reserved): 95.0/632.0 MiB | Time: 63.0s
[ByzFL-SNN]   [Step 150/500] (30.0%) | Val Acc: 0.0997 | Test Acc: 0.1032 | VRAM (Alloc/Reserved): 94.4/632.0 MiB | Time: 93.4s
[ByzFL-SNN]   [Step 200/500] (40.0%) | Val Acc: 0.1356 | Test Acc: 0.1390 | VRAM (Alloc/Reserved): 94.7/632.0 MiB | Time: 123.3s
[ByzFL-SNN]   [Step 250/500] (50.0%) | Val Acc: 0.0997 | Test Acc: 0.1032 | VRAM (Alloc/Reserved): 92.9/632.0 MiB | Time: 152.4s
[ByzFL-SNN]   [Step 300/500] (60.0%) | Val Acc: 0.1003 | Test Acc: 0.1040 | VRAM (Alloc/Reserved): 93.6/632.0 MiB | Time: 181.2s
[ByzFL-SNN]   [Step 350/500] (70.0%) | Val Acc: 0.1124 | Test Acc: 0.1183 | VRAM (Alloc/Reserved): 93.8/632.0 MiB | Time: 211.0s
[ByzFL-SNN]   [Step 400/500] (80.0%) | Val Acc: 0.1153 | Test Acc: 0.1225 | VRAM (Alloc/Reserved): 95.1/632.0 MiB | Time: 241.1s
[ByzFL-SNN]   [Step 450/500] (90.0%) | Val Acc: 0.1383 | Test Acc: 0.1400 | VRAM (Alloc/Reserved): 93.7/632.0 MiB | Time: 272.7s
[ByzFL-SNN] [Training Complete] Peak VRAM (Alloc/Reserved): 391.9/632.0 MiB | Total time: 299.6s

Training 304 done

[ByzFL-SNN] [Training Start] Model: cnn_mnist | Dataset: mnist
[ByzFL-SNN]   Aggregator: TrMean | Attack: SignFlipping
[ByzFL-SNN]   Distribution: gamma_similarity_niid (gamma=0.33)
[ByzFL-SNN]   Clients: 10 honest, 5 byzantine | Algorithm: DSGD
[ByzFL-SNN]   Learning Rate: 0.15 | Steps: 500 | Device: cuda:0
[ByzFL-SNN]   Validation samples: 12000 | Test samples: 10000
[ByzFL-SNN] Initial VRAM (Alloc/Reserved): 36.1/42.0 MiB
[ByzFL-SNN]   [Step 0/500] (0.0%) | Val Acc: 0.1542 | Test Acc: 0.1595 | VRAM (Alloc/Reserved): 44.3/64.0 MiB | Time: 3.8s
[ByzFL-SNN]   [Step 50/500] (10.0%) | Val Acc: 0.1133 | Test Acc: 0.1135 | VRAM (Alloc/Reserved): 94.1/632.0 MiB | Time: 41.8s
[ByzFL-SNN]   [Step 100/500] (20.0%) | Val Acc: 0.0968 | Test Acc: 0.0983 | VRAM (Alloc/Reserved): 95.0/632.0 MiB | Time: 80.9s
[ByzFL-SNN]   [Step 150/500] (30.0%) | Val Acc: 0.2985 | Test Acc: 0.3175 | VRAM (Alloc/Reserved): 94.4/632.0 MiB | Time: 119.9s
[ByzFL-SNN]   [Step 200/500] (40.0%) | Val Acc: 0.5221 | Test Acc: 0.5282 | VRAM (Alloc/Reserved): 94.7/632.0 MiB | Time: 157.6s
[ByzFL-SNN]   [Step 250/500] (50.0%) | Val Acc: 0.6051 | Test Acc: 0.6174 | VRAM (Alloc/Reserved): 92.9/632.0 MiB | Time: 195.9s
[ByzFL-SNN]   [Step 300/500] (60.0%) | Val Acc: 0.6240 | Test Acc: 0.6292 | VRAM (Alloc/Reserved): 93.6/632.0 MiB | Time: 234.0s
[ByzFL-SNN]   [Step 350/500] (70.0%) | Val Acc: 0.1133 | Test Acc: 0.1135 | VRAM (Alloc/Reserved): 93.8/632.0 MiB | Time: 270.9s
[ByzFL-SNN]   [Step 400/500] (80.0%) | Val Acc: 0.0969 | Test Acc: 0.0984 | VRAM (Alloc/Reserved): 95.1/632.0 MiB | Time: 307.1s
[ByzFL-SNN]   [Step 450/500] (90.0%) | Val Acc: 0.1067 | Test Acc: 0.1027 | VRAM (Alloc/Reserved): 93.7/632.0 MiB | Time: 343.2s
[ByzFL-SNN] [Training Complete] Peak VRAM (Alloc/Reserved): 391.9/632.0 MiB | Total time: 376.2s

Training 305 done

[ByzFL-SNN] [Training Start] Model: cnn_mnist | Dataset: mnist
[ByzFL-SNN]   Aggregator: TrMean | Attack: Optimal_ALittleIsEnough_neg1
[ByzFL-SNN]   Distribution: gamma_similarity_niid (gamma=0.66)
[ByzFL-SNN]   Clients: 10 honest, 5 byzantine | Algorithm: DSGD
[ByzFL-SNN]   Learning Rate: 0.15 | Steps: 500 | Device: cuda:1
[ByzFL-SNN]   Validation samples: 12000 | Test samples: 10000
[ByzFL-SNN] Initial VRAM (Alloc/Reserved): 36.1/42.0 MiB
[ByzFL-SNN]   [Step 0/500] (0.0%) | Val Acc: 0.1542 | Test Acc: 0.1595 | VRAM (Alloc/Reserved): 44.3/64.0 MiB | Time: 3.8s
[ByzFL-SNN]   [Step 50/500] (10.0%) | Val Acc: 0.2507 | Test Acc: 0.2445 | VRAM (Alloc/Reserved): 94.0/634.0 MiB | Time: 144.8s
[ByzFL-SNN]   [Step 100/500] (20.0%) | Val Acc: 0.7490 | Test Acc: 0.7568 | VRAM (Alloc/Reserved): 94.3/634.0 MiB | Time: 287.9s
[ByzFL-SNN]   [Step 150/500] (30.0%) | Val Acc: 0.8833 | Test Acc: 0.8916 | VRAM (Alloc/Reserved): 93.7/634.0 MiB | Time: 423.1s
[ByzFL-SNN]   [Step 200/500] (40.0%) | Val Acc: 0.9004 | Test Acc: 0.9061 | VRAM (Alloc/Reserved): 93.5/634.0 MiB | Time: 558.7s
[ByzFL-SNN]   [Step 250/500] (50.0%) | Val Acc: 0.7946 | Test Acc: 0.8043 | VRAM (Alloc/Reserved): 94.3/634.0 MiB | Time: 697.2s
[ByzFL-SNN]   [Step 300/500] (60.0%) | Val Acc: 0.8569 | Test Acc: 0.8681 | VRAM (Alloc/Reserved): 93.0/634.0 MiB | Time: 839.2s
[ByzFL-SNN]   [Step 350/500] (70.0%) | Val Acc: 0.8430 | Test Acc: 0.8527 | VRAM (Alloc/Reserved): 94.3/634.0 MiB | Time: 978.4s
[ByzFL-SNN]   [Step 400/500] (80.0%) | Val Acc: 0.9190 | Test Acc: 0.9263 | VRAM (Alloc/Reserved): 93.4/634.0 MiB | Time: 1107.2s
[ByzFL-SNN]   [Step 450/500] (90.0%) | Val Acc: 0.8628 | Test Acc: 0.8706 | VRAM (Alloc/Reserved): 92.8/634.0 MiB | Time: 1237.4s
[ByzFL-SNN] [Training Complete] Peak VRAM (Alloc/Reserved): 419.5/634.0 MiB | Total time: 1368.9s

Training 306 done

[ByzFL-SNN] [Training Start] Model: cnn_mnist | Dataset: mnist
[ByzFL-SNN]   Aggregator: CenteredClipping | Attack: Optimal_ALittleIsEnough_neg1
[ByzFL-SNN]   Distribution: gamma_similarity_niid (gamma=0.66)
[ByzFL-SNN]   Clients: 10 honest, 5 byzantine | Algorithm: DSGD
[ByzFL-SNN]   Learning Rate: 0.15 | Steps: 500 | Device: cuda:0
[ByzFL-SNN]   Validation samples: 12000 | Test samples: 10000
[ByzFL-SNN] Initial VRAM (Alloc/Reserved): 36.1/42.0 MiB
[ByzFL-SNN]   [Step 0/500] (0.0%) | Val Acc: 0.1542 | Test Acc: 0.1595 | VRAM (Alloc/Reserved): 44.3/64.0 MiB | Time: 3.8s
[ByzFL-SNN]   [Step 50/500] (10.0%) | Val Acc: 0.2623 | Test Acc: 0.2683 | VRAM (Alloc/Reserved): 97.5/634.0 MiB | Time: 164.1s
[ByzFL-SNN]   [Step 100/500] (20.0%) | Val Acc: 0.7619 | Test Acc: 0.7741 | VRAM (Alloc/Reserved): 98.2/634.0 MiB | Time: 327.4s
[ByzFL-SNN]   [Step 150/500] (30.0%) | Val Acc: 0.8618 | Test Acc: 0.8624 | VRAM (Alloc/Reserved): 98.1/634.0 MiB | Time: 492.0s
[ByzFL-SNN]   [Step 200/500] (40.0%) | Val Acc: 0.8921 | Test Acc: 0.9030 | VRAM (Alloc/Reserved): 100.5/634.0 MiB | Time: 660.2s
[ByzFL-SNN]   [Step 250/500] (50.0%) | Val Acc: 0.9123 | Test Acc: 0.9223 | VRAM (Alloc/Reserved): 97.7/634.0 MiB | Time: 826.9s
[ByzFL-SNN]   [Step 300/500] (60.0%) | Val Acc: 0.9002 | Test Acc: 0.8998 | VRAM (Alloc/Reserved): 97.5/634.0 MiB | Time: 990.6s
[ByzFL-SNN]   [Step 350/500] (70.0%) | Val Acc: 0.8964 | Test Acc: 0.9001 | VRAM (Alloc/Reserved): 97.4/634.0 MiB | Time: 1154.5s
[ByzFL-SNN]   [Step 400/500] (80.0%) | Val Acc: 0.8572 | Test Acc: 0.8521 | VRAM (Alloc/Reserved): 98.6/634.0 MiB | Time: 1324.2s
[ByzFL-SNN]   [Step 450/500] (90.0%) | Val Acc: 0.8898 | Test Acc: 0.8944 | VRAM (Alloc/Reserved): 96.5/634.0 MiB | Time: 1495.9s
[ByzFL-SNN] [Training Complete] Peak VRAM (Alloc/Reserved): 424.5/634.0 MiB | Total time: 1654.9s

Training 307 done

[ByzFL-SNN] [Training Start] Model: cnn_mnist | Dataset: mnist
[ByzFL-SNN]   Aggregator: MultiKrum | Attack: SignFlipping
[ByzFL-SNN]   Distribution: gamma_similarity_niid (gamma=0.33)
[ByzFL-SNN]   Clients: 10 honest, 5 byzantine | Algorithm: DSGD
[ByzFL-SNN]   Learning Rate: 0.15 | Steps: 500 | Device: cuda:1
[ByzFL-SNN]   Validation samples: 12000 | Test samples: 10000
[ByzFL-SNN] Initial VRAM (Alloc/Reserved): 36.1/42.0 MiB
[ByzFL-SNN]   [Step 0/500] (0.0%) | Val Acc: 0.1542 | Test Acc: 0.1595 | VRAM (Alloc/Reserved): 44.3/64.0 MiB | Time: 3.5s
[ByzFL-SNN]   [Step 50/500] (10.0%) | Val Acc: 0.1133 | Test Acc: 0.1135 | VRAM (Alloc/Reserved): 94.1/632.0 MiB | Time: 34.0s
[ByzFL-SNN]   [Step 100/500] (20.0%) | Val Acc: 0.0997 | Test Acc: 0.1032 | VRAM (Alloc/Reserved): 95.0/632.0 MiB | Time: 64.5s
[ByzFL-SNN]   [Step 150/500] (30.0%) | Val Acc: 0.0997 | Test Acc: 0.1032 | VRAM (Alloc/Reserved): 94.4/632.0 MiB | Time: 94.7s
[ByzFL-SNN]   [Step 200/500] (40.0%) | Val Acc: 0.0997 | Test Acc: 0.1032 | VRAM (Alloc/Reserved): 94.7/632.0 MiB | Time: 126.3s
[ByzFL-SNN]   [Step 250/500] (50.0%) | Val Acc: 0.0997 | Test Acc: 0.1032 | VRAM (Alloc/Reserved): 92.9/632.0 MiB | Time: 156.8s
[ByzFL-SNN]   [Step 300/500] (60.0%) | Val Acc: 0.0958 | Test Acc: 0.0972 | VRAM (Alloc/Reserved): 93.6/632.0 MiB | Time: 187.4s
[ByzFL-SNN]   [Step 350/500] (70.0%) | Val Acc: 0.1133 | Test Acc: 0.1135 | VRAM (Alloc/Reserved): 93.8/632.0 MiB | Time: 218.0s
[ByzFL-SNN]   [Step 400/500] (80.0%) | Val Acc: 0.0968 | Test Acc: 0.0982 | VRAM (Alloc/Reserved): 95.1/632.0 MiB | Time: 248.5s
[ByzFL-SNN]   [Step 450/500] (90.0%) | Val Acc: 0.0700 | Test Acc: 0.0636 | VRAM (Alloc/Reserved): 93.7/632.0 MiB | Time: 280.7s
[ByzFL-SNN] [Training Complete] Peak VRAM (Alloc/Reserved): 391.9/632.0 MiB | Total time: 310.5s

Training 308 done

[ByzFL-SNN] [Training Start] Model: cnn_mnist | Dataset: mnist
[ByzFL-SNN]   Aggregator: MultiKrum | Attack: SignFlipping
[ByzFL-SNN]   Distribution: gamma_similarity_niid (gamma=0.33)
[ByzFL-SNN]   Clients: 10 honest, 5 byzantine | Algorithm: DSGD
[ByzFL-SNN]   Learning Rate: 0.15 | Steps: 500 | Device: cuda:0
[ByzFL-SNN]   Validation samples: 12000 | Test samples: 10000
[ByzFL-SNN] Initial VRAM (Alloc/Reserved): 36.1/42.0 MiB
[ByzFL-SNN]   [Step 0/500] (0.0%) | Val Acc: 0.1542 | Test Acc: 0.1595 | VRAM (Alloc/Reserved): 44.3/64.0 MiB | Time: 3.7s
[ByzFL-SNN]   [Step 50/500] (10.0%) | Val Acc: 0.1133 | Test Acc: 0.1135 | VRAM (Alloc/Reserved): 94.1/632.0 MiB | Time: 42.1s
[ByzFL-SNN]   [Step 100/500] (20.0%) | Val Acc: 0.0968 | Test Acc: 0.0982 | VRAM (Alloc/Reserved): 95.0/632.0 MiB | Time: 79.0s
[ByzFL-SNN]   [Step 150/500] (30.0%) | Val Acc: 0.0968 | Test Acc: 0.0982 | VRAM (Alloc/Reserved): 94.4/632.0 MiB | Time: 115.5s
[ByzFL-SNN]   [Step 200/500] (40.0%) | Val Acc: 0.0928 | Test Acc: 0.0998 | VRAM (Alloc/Reserved): 94.7/632.0 MiB | Time: 151.0s
[ByzFL-SNN]   [Step 250/500] (50.0%) | Val Acc: 0.4698 | Test Acc: 0.4818 | VRAM (Alloc/Reserved): 92.9/632.0 MiB | Time: 185.6s
[ByzFL-SNN]   [Step 300/500] (60.0%) | Val Acc: 0.4579 | Test Acc: 0.4715 | VRAM (Alloc/Reserved): 93.6/632.0 MiB | Time: 222.2s
[ByzFL-SNN]   [Step 350/500] (70.0%) | Val Acc: 0.5516 | Test Acc: 0.5622 | VRAM (Alloc/Reserved): 93.8/632.0 MiB | Time: 259.5s
[ByzFL-SNN]   [Step 400/500] (80.0%) | Val Acc: 0.6164 | Test Acc: 0.6224 | VRAM (Alloc/Reserved): 95.1/632.0 MiB | Time: 295.7s
[ByzFL-SNN]   [Step 450/500] (90.0%) | Val Acc: 0.6917 | Test Acc: 0.6948 | VRAM (Alloc/Reserved): 93.7/632.0 MiB | Time: 331.3s
[ByzFL-SNN] [Training Complete] Peak VRAM (Alloc/Reserved): 391.9/632.0 MiB | Total time: 363.5s

Training 309 done

[ByzFL-SNN] [Training Start] Model: cnn_mnist | Dataset: mnist
[ByzFL-SNN]   Aggregator: TrMean | Attack: Optimal_InnerProductManipulation
[ByzFL-SNN]   Distribution: gamma_similarity_niid (gamma=0.66)
[ByzFL-SNN]   Clients: 10 honest, 5 byzantine | Algorithm: DSGD
[ByzFL-SNN]   Learning Rate: 0.15 | Steps: 500 | Device: cuda:0
[ByzFL-SNN]   Validation samples: 12000 | Test samples: 10000
[ByzFL-SNN] Initial VRAM (Alloc/Reserved): 36.1/42.0 MiB
[ByzFL-SNN]   [Step 0/500] (0.0%) | Val Acc: 0.1542 | Test Acc: 0.1595 | VRAM (Alloc/Reserved): 44.3/64.0 MiB | Time: 3.7s
[ByzFL-SNN]   [Step 50/500] (10.0%) | Val Acc: 0.4930 | Test Acc: 0.4960 | VRAM (Alloc/Reserved): 93.7/634.0 MiB | Time: 157.6s
[ByzFL-SNN]   [Step 100/500] (20.0%) | Val Acc: 0.8521 | Test Acc: 0.8601 | VRAM (Alloc/Reserved): 94.3/634.0 MiB | Time: 306.2s
[ByzFL-SNN]   [Step 150/500] (30.0%) | Val Acc: 0.9095 | Test Acc: 0.9136 | VRAM (Alloc/Reserved): 94.6/634.0 MiB | Time: 457.2s
[ByzFL-SNN]   [Step 200/500] (40.0%) | Val Acc: 0.9305 | Test Acc: 0.9364 | VRAM (Alloc/Reserved): 93.9/634.0 MiB | Time: 600.7s
[ByzFL-SNN]   [Step 250/500] (50.0%) | Val Acc: 0.9440 | Test Acc: 0.9477 | VRAM (Alloc/Reserved): 94.3/634.0 MiB | Time: 744.4s
[ByzFL-SNN]   [Step 300/500] (60.0%) | Val Acc: 0.9548 | Test Acc: 0.9602 | VRAM (Alloc/Reserved): 94.5/634.0 MiB | Time: 887.4s
[ByzFL-SNN]   [Step 350/500] (70.0%) | Val Acc: 0.9618 | Test Acc: 0.9651 | VRAM (Alloc/Reserved): 94.4/634.0 MiB | Time: 1036.4s
[ByzFL-SNN]   [Step 400/500] (80.0%) | Val Acc: 0.9666 | Test Acc: 0.9704 | VRAM (Alloc/Reserved): 94.4/634.0 MiB | Time: 1186.6s
[ByzFL-SNN]   [Step 450/500] (90.0%) | Val Acc: 0.9666 | Test Acc: 0.9676 | VRAM (Alloc/Reserved): 93.7/634.0 MiB | Time: 1327.4s
[ByzFL-SNN] [Training Complete] Peak VRAM (Alloc/Reserved): 419.9/634.0 MiB | Total time: 1462.5s

Training 310 done

[ByzFL-SNN] [Training Start] Model: cnn_mnist | Dataset: mnist
[ByzFL-SNN]   Aggregator: MultiKrum | Attack: Optimal_ALittleIsEnough_neg1
[ByzFL-SNN]   Distribution: gamma_similarity_niid (gamma=0.66)
[ByzFL-SNN]   Clients: 10 honest, 5 byzantine | Algorithm: DSGD
[ByzFL-SNN]   Learning Rate: 0.15 | Steps: 500 | Device: cuda:1
[ByzFL-SNN]   Validation samples: 12000 | Test samples: 10000
[ByzFL-SNN] Initial VRAM (Alloc/Reserved): 36.1/42.0 MiB
[ByzFL-SNN]   [Step 0/500] (0.0%) | Val Acc: 0.1542 | Test Acc: 0.1595 | VRAM (Alloc/Reserved): 44.3/64.0 MiB | Time: 3.6s
[ByzFL-SNN]   [Step 50/500] (10.0%) | Val Acc: 0.4416 | Test Acc: 0.4620 | VRAM (Alloc/Reserved): 94.0/634.0 MiB | Time: 136.5s
[ByzFL-SNN]   [Step 100/500] (20.0%) | Val Acc: 0.7808 | Test Acc: 0.7899 | VRAM (Alloc/Reserved): 94.3/634.0 MiB | Time: 269.0s
[ByzFL-SNN]   [Step 150/500] (30.0%) | Val Acc: 0.8638 | Test Acc: 0.8710 | VRAM (Alloc/Reserved): 93.7/634.0 MiB | Time: 406.4s
[ByzFL-SNN]   [Step 200/500] (40.0%) | Val Acc: 0.8981 | Test Acc: 0.9089 | VRAM (Alloc/Reserved): 93.5/634.0 MiB | Time: 544.4s
[ByzFL-SNN]   [Step 250/500] (50.0%) | Val Acc: 0.8353 | Test Acc: 0.8393 | VRAM (Alloc/Reserved): 94.3/634.0 MiB | Time: 680.8s
[ByzFL-SNN]   [Step 300/500] (60.0%) | Val Acc: 0.6720 | Test Acc: 0.6795 | VRAM (Alloc/Reserved): 93.0/634.0 MiB | Time: 816.1s
[ByzFL-SNN]   [Step 350/500] (70.0%) | Val Acc: 0.8685 | Test Acc: 0.8754 | VRAM (Alloc/Reserved): 94.3/634.0 MiB | Time: 939.5s
[ByzFL-SNN]   [Step 400/500] (80.0%) | Val Acc: 0.6565 | Test Acc: 0.6584 | VRAM (Alloc/Reserved): 93.4/634.0 MiB | Time: 1070.0s
[ByzFL-SNN]   [Step 450/500] (90.0%) | Val Acc: 0.7873 | Test Acc: 0.7961 | VRAM (Alloc/Reserved): 92.8/634.0 MiB | Time: 1200.5s
[ByzFL-SNN] [Training Complete] Peak VRAM (Alloc/Reserved): 419.5/634.0 MiB | Total time: 1338.1s

Training 311 done

[ByzFL-SNN] [Training Start] Model: cnn_mnist | Dataset: mnist
[ByzFL-SNN]   Aggregator: MultiKrum | Attack: Optimal_InnerProductManipulation
[ByzFL-SNN]   Distribution: gamma_similarity_niid (gamma=0.66)
[ByzFL-SNN]   Clients: 10 honest, 5 byzantine | Algorithm: DSGD
[ByzFL-SNN]   Learning Rate: 0.15 | Steps: 500 | Device: cuda:1
[ByzFL-SNN]   Validation samples: 12000 | Test samples: 10000
[ByzFL-SNN] Initial VRAM (Alloc/Reserved): 36.1/42.0 MiB
[ByzFL-SNN]   [Step 0/500] (0.0%) | Val Acc: 0.1542 | Test Acc: 0.1595 | VRAM (Alloc/Reserved): 44.3/64.0 MiB | Time: 4.3s
[ByzFL-SNN]   [Step 50/500] (10.0%) | Val Acc: 0.4097 | Test Acc: 0.4068 | VRAM (Alloc/Reserved): 93.7/634.0 MiB | Time: 131.4s
[ByzFL-SNN]   [Step 100/500] (20.0%) | Val Acc: 0.6756 | Test Acc: 0.6863 | VRAM (Alloc/Reserved): 94.3/634.0 MiB | Time: 262.7s
[ByzFL-SNN]   [Step 150/500] (30.0%) | Val Acc: 0.8508 | Test Acc: 0.8616 | VRAM (Alloc/Reserved): 94.6/634.0 MiB | Time: 392.4s
[ByzFL-SNN]   [Step 200/500] (40.0%) | Val Acc: 0.9102 | Test Acc: 0.9171 | VRAM (Alloc/Reserved): 93.9/634.0 MiB | Time: 513.4s
[ByzFL-SNN]   [Step 250/500] (50.0%) | Val Acc: 0.8928 | Test Acc: 0.9013 | VRAM (Alloc/Reserved): 94.3/634.0 MiB | Time: 634.8s
[ByzFL-SNN]   [Step 300/500] (60.0%) | Val Acc: 0.9325 | Test Acc: 0.9368 | VRAM (Alloc/Reserved): 94.5/634.0 MiB | Time: 744.0s
[ByzFL-SNN]   [Step 350/500] (70.0%) | Val Acc: 0.9459 | Test Acc: 0.9510 | VRAM (Alloc/Reserved): 94.4/634.0 MiB | Time: 855.4s
[ByzFL-SNN]   [Step 400/500] (80.0%) | Val Acc: 0.9543 | Test Acc: 0.9569 | VRAM (Alloc/Reserved): 94.4/634.0 MiB | Time: 975.2s
[ByzFL-SNN]   [Step 450/500] (90.0%) | Val Acc: 0.9338 | Test Acc: 0.9422 | VRAM (Alloc/Reserved): 93.7/634.0 MiB | Time: 1099.3s
[ByzFL-SNN] [Training Complete] Peak VRAM (Alloc/Reserved): 419.9/634.0 MiB | Total time: 1221.7s

Training 312 done

[ByzFL-SNN] [Training Start] Model: cnn_mnist | Dataset: mnist
[ByzFL-SNN]   Aggregator: TrMean | Attack: Optimal_ALittleIsEnough_neg1
[ByzFL-SNN]   Distribution: gamma_similarity_niid (gamma=0.66)
[ByzFL-SNN]   Clients: 10 honest, 5 byzantine | Algorithm: DSGD
[ByzFL-SNN]   Learning Rate: 0.15 | Steps: 500 | Device: cuda:0
[ByzFL-SNN]   Validation samples: 12000 | Test samples: 10000
[ByzFL-SNN] Initial VRAM (Alloc/Reserved): 36.1/42.0 MiB
[ByzFL-SNN]   [Step 0/500] (0.0%) | Val Acc: 0.1542 | Test Acc: 0.1595 | VRAM (Alloc/Reserved): 44.3/64.0 MiB | Time: 3.8s
[ByzFL-SNN]   [Step 50/500] (10.0%) | Val Acc: 0.3747 | Test Acc: 0.3863 | VRAM (Alloc/Reserved): 94.0/634.0 MiB | Time: 159.8s
[ByzFL-SNN]   [Step 100/500] (20.0%) | Val Acc: 0.6352 | Test Acc: 0.6572 | VRAM (Alloc/Reserved): 94.3/634.0 MiB | Time: 327.4s
[ByzFL-SNN]   [Step 150/500] (30.0%) | Val Acc: 0.8881 | Test Acc: 0.8985 | VRAM (Alloc/Reserved): 93.7/634.0 MiB | Time: 494.9s
[ByzFL-SNN]   [Step 200/500] (40.0%) | Val Acc: 0.9147 | Test Acc: 0.9231 | VRAM (Alloc/Reserved): 93.5/634.0 MiB | Time: 664.6s
[ByzFL-SNN]   [Step 250/500] (50.0%) | Val Acc: 0.9004 | Test Acc: 0.9025 | VRAM (Alloc/Reserved): 94.3/634.0 MiB | Time: 840.9s
[ByzFL-SNN]   [Step 300/500] (60.0%) | Val Acc: 0.7008 | Test Acc: 0.7013 | VRAM (Alloc/Reserved): 93.0/634.0 MiB | Time: 1012.9s
[ByzFL-SNN]   [Step 350/500] (70.0%) | Val Acc: 0.6038 | Test Acc: 0.6132 | VRAM (Alloc/Reserved): 94.3/634.0 MiB | Time: 1192.1s
[ByzFL-SNN]   [Step 400/500] (80.0%) | Val Acc: 0.6659 | Test Acc: 0.6803 | VRAM (Alloc/Reserved): 93.4/634.0 MiB | Time: 1361.1s
[ByzFL-SNN]   [Step 450/500] (90.0%) | Val Acc: 0.7466 | Test Acc: 0.7609 | VRAM (Alloc/Reserved): 92.8/634.0 MiB | Time: 1528.3s
[ByzFL-SNN] [Training Complete] Peak VRAM (Alloc/Reserved): 419.5/634.0 MiB | Total time: 1689.3s

Training 313 done

[ByzFL-SNN] [Training Start] Model: cnn_mnist | Dataset: mnist
[ByzFL-SNN]   Aggregator: GeometricMedian | Attack: SignFlipping
[ByzFL-SNN]   Distribution: gamma_similarity_niid (gamma=0.0)
[ByzFL-SNN]   Clients: 10 honest, 5 byzantine | Algorithm: DSGD
[ByzFL-SNN]   Learning Rate: 0.15 | Steps: 500 | Device: cuda:1
[ByzFL-SNN]   Validation samples: 12000 | Test samples: 10000
[ByzFL-SNN] Initial VRAM (Alloc/Reserved): 36.1/42.0 MiB
[ByzFL-SNN]   [Step 0/500] (0.0%) | Val Acc: 0.1542 | Test Acc: 0.1595 | VRAM (Alloc/Reserved): 44.3/64.0 MiB | Time: 3.5s
[ByzFL-SNN]   [Step 50/500] (10.0%) | Val Acc: 0.0990 | Test Acc: 0.0980 | VRAM (Alloc/Reserved): 93.7/630.0 MiB | Time: 33.6s
[ByzFL-SNN]   [Step 100/500] (20.0%) | Val Acc: 0.0990 | Test Acc: 0.0980 | VRAM (Alloc/Reserved): 94.4/630.0 MiB | Time: 62.3s
[ByzFL-SNN]   [Step 150/500] (30.0%) | Val Acc: 0.0990 | Test Acc: 0.0980 | VRAM (Alloc/Reserved): 95.0/630.0 MiB | Time: 92.1s
[ByzFL-SNN]   [Step 200/500] (40.0%) | Val Acc: 0.0990 | Test Acc: 0.0980 | VRAM (Alloc/Reserved): 94.7/630.0 MiB | Time: 122.8s
[ByzFL-SNN]   [Step 250/500] (50.0%) | Val Acc: 0.0990 | Test Acc: 0.0980 | VRAM (Alloc/Reserved): 94.0/630.0 MiB | Time: 152.0s
[ByzFL-SNN]   [Step 300/500] (60.0%) | Val Acc: 0.0990 | Test Acc: 0.0980 | VRAM (Alloc/Reserved): 94.8/630.0 MiB | Time: 182.0s
[ByzFL-SNN]   [Step 350/500] (70.0%) | Val Acc: 0.0990 | Test Acc: 0.0980 | VRAM (Alloc/Reserved): 94.1/630.0 MiB | Time: 212.1s
[ByzFL-SNN]   [Step 400/500] (80.0%) | Val Acc: 0.0990 | Test Acc: 0.0980 | VRAM (Alloc/Reserved): 94.7/630.0 MiB | Time: 242.3s
[ByzFL-SNN]   [Step 450/500] (90.0%) | Val Acc: 0.0990 | Test Acc: 0.0980 | VRAM (Alloc/Reserved): 94.4/630.0 MiB | Time: 271.2s
[ByzFL-SNN] [Training Complete] Peak VRAM (Alloc/Reserved): 391.9/630.0 MiB | Total time: 296.4s

Training 314 done

[ByzFL-SNN] [Training Start] Model: cnn_mnist | Dataset: mnist
[ByzFL-SNN]   Aggregator: GeometricMedian | Attack: SignFlipping
[ByzFL-SNN]   Distribution: gamma_similarity_niid (gamma=0.0)
[ByzFL-SNN]   Clients: 10 honest, 5 byzantine | Algorithm: DSGD
[ByzFL-SNN]   Learning Rate: 0.15 | Steps: 500 | Device: cuda:0
[ByzFL-SNN]   Validation samples: 12000 | Test samples: 10000
[ByzFL-SNN] Initial VRAM (Alloc/Reserved): 36.1/42.0 MiB
[ByzFL-SNN]   [Step 0/500] (0.0%) | Val Acc: 0.1542 | Test Acc: 0.1595 | VRAM (Alloc/Reserved): 44.3/64.0 MiB | Time: 3.8s
[ByzFL-SNN]   [Step 50/500] (10.0%) | Val Acc: 0.1133 | Test Acc: 0.1135 | VRAM (Alloc/Reserved): 93.7/630.0 MiB | Time: 40.2s
[ByzFL-SNN]   [Step 100/500] (20.0%) | Val Acc: 0.1290 | Test Acc: 0.1286 | VRAM (Alloc/Reserved): 94.4/630.0 MiB | Time: 77.3s
[ByzFL-SNN]   [Step 150/500] (30.0%) | Val Acc: 0.0877 | Test Acc: 0.0892 | VRAM (Alloc/Reserved): 95.0/630.0 MiB | Time: 112.2s
[ByzFL-SNN]   [Step 200/500] (40.0%) | Val Acc: 0.1037 | Test Acc: 0.1010 | VRAM (Alloc/Reserved): 94.7/630.0 MiB | Time: 147.3s
[ByzFL-SNN]   [Step 250/500] (50.0%) | Val Acc: 0.1037 | Test Acc: 0.1010 | VRAM (Alloc/Reserved): 94.0/630.0 MiB | Time: 183.8s
[ByzFL-SNN]   [Step 300/500] (60.0%) | Val Acc: 0.1037 | Test Acc: 0.1010 | VRAM (Alloc/Reserved): 94.8/630.0 MiB | Time: 219.9s
[ByzFL-SNN]   [Step 350/500] (70.0%) | Val Acc: 0.0978 | Test Acc: 0.1009 | VRAM (Alloc/Reserved): 94.1/630.0 MiB | Time: 255.2s
[ByzFL-SNN]   [Step 400/500] (80.0%) | Val Acc: 0.0972 | Test Acc: 0.0958 | VRAM (Alloc/Reserved): 94.7/630.0 MiB | Time: 291.0s
[ByzFL-SNN]   [Step 450/500] (90.0%) | Val Acc: 0.0972 | Test Acc: 0.0958 | VRAM (Alloc/Reserved): 94.4/630.0 MiB | Time: 328.0s
[ByzFL-SNN] [Training Complete] Peak VRAM (Alloc/Reserved): 391.9/630.0 MiB | Total time: 362.4s

Training 315 done

[ByzFL-SNN] [Training Start] Model: cnn_mnist | Dataset: mnist
[ByzFL-SNN]   Aggregator: GeometricMedian | Attack: Optimal_ALittleIsEnough_neg1
[ByzFL-SNN]   Distribution: gamma_similarity_niid (gamma=0.33)
[ByzFL-SNN]   Clients: 10 honest, 5 byzantine | Algorithm: DSGD
[ByzFL-SNN]   Learning Rate: 0.15 | Steps: 500 | Device: cuda:1
[ByzFL-SNN]   Validation samples: 12000 | Test samples: 10000
[ByzFL-SNN] Initial VRAM (Alloc/Reserved): 36.1/42.0 MiB
[ByzFL-SNN]   [Step 0/500] (0.0%) | Val Acc: 0.1542 | Test Acc: 0.1595 | VRAM (Alloc/Reserved): 44.3/64.0 MiB | Time: 3.5s
[ByzFL-SNN]   [Step 50/500] (10.0%) | Val Acc: 0.1339 | Test Acc: 0.1336 | VRAM (Alloc/Reserved): 93.7/632.0 MiB | Time: 141.4s
[ByzFL-SNN]   [Step 100/500] (20.0%) | Val Acc: 0.0978 | Test Acc: 0.1009 | VRAM (Alloc/Reserved): 94.7/632.0 MiB | Time: 283.2s
[ByzFL-SNN]   [Step 150/500] (30.0%) | Val Acc: 0.1068 | Test Acc: 0.1028 | VRAM (Alloc/Reserved): 94.4/632.0 MiB | Time: 422.3s
[ByzFL-SNN]   [Step 200/500] (40.0%) | Val Acc: 0.1133 | Test Acc: 0.1135 | VRAM (Alloc/Reserved): 93.9/632.0 MiB | Time: 554.3s
[ByzFL-SNN]   [Step 250/500] (50.0%) | Val Acc: 0.0978 | Test Acc: 0.1009 | VRAM (Alloc/Reserved): 93.5/632.0 MiB | Time: 673.5s
[ByzFL-SNN]   [Step 300/500] (60.0%) | Val Acc: 0.1133 | Test Acc: 0.1135 | VRAM (Alloc/Reserved): 93.0/632.0 MiB | Time: 792.2s
[ByzFL-SNN]   [Step 350/500] (70.0%) | Val Acc: 0.0990 | Test Acc: 0.0980 | VRAM (Alloc/Reserved): 94.2/632.0 MiB | Time: 911.9s
[ByzFL-SNN]   [Step 400/500] (80.0%) | Val Acc: 0.0981 | Test Acc: 0.0974 | VRAM (Alloc/Reserved): 93.8/632.0 MiB | Time: 1039.0s
[ByzFL-SNN]   [Step 450/500] (90.0%) | Val Acc: 0.0997 | Test Acc: 0.1032 | VRAM (Alloc/Reserved): 94.9/632.0 MiB | Time: 1167.0s
[ByzFL-SNN] [Training Complete] Peak VRAM (Alloc/Reserved): 420.3/632.0 MiB | Total time: 1287.5s

Training 316 done

[ByzFL-SNN] [Training Start] Model: cnn_mnist | Dataset: mnist
[ByzFL-SNN]   Aggregator: MultiKrum | Attack: Optimal_ALittleIsEnough_neg1
[ByzFL-SNN]   Distribution: gamma_similarity_niid (gamma=0.66)
[ByzFL-SNN]   Clients: 10 honest, 5 byzantine | Algorithm: DSGD
[ByzFL-SNN]   Learning Rate: 0.15 | Steps: 500 | Device: cuda:0
[ByzFL-SNN]   Validation samples: 12000 | Test samples: 10000
[ByzFL-SNN] Initial VRAM (Alloc/Reserved): 36.1/42.0 MiB
[ByzFL-SNN]   [Step 0/500] (0.0%) | Val Acc: 0.1542 | Test Acc: 0.1595 | VRAM (Alloc/Reserved): 44.3/64.0 MiB | Time: 3.6s
[ByzFL-SNN]   [Step 50/500] (10.0%) | Val Acc: 0.2168 | Test Acc: 0.2138 | VRAM (Alloc/Reserved): 94.0/634.0 MiB | Time: 167.7s
[ByzFL-SNN]   [Step 100/500] (20.0%) | Val Acc: 0.8381 | Test Acc: 0.8486 | VRAM (Alloc/Reserved): 94.3/634.0 MiB | Time: 343.5s
[ByzFL-SNN]   [Step 150/500] (30.0%) | Val Acc: 0.8855 | Test Acc: 0.8919 | VRAM (Alloc/Reserved): 93.7/634.0 MiB | Time: 508.7s
[ByzFL-SNN]   [Step 200/500] (40.0%) | Val Acc: 0.8864 | Test Acc: 0.8865 | VRAM (Alloc/Reserved): 93.5/634.0 MiB | Time: 673.5s
[ByzFL-SNN]   [Step 250/500] (50.0%) | Val Acc: 0.9032 | Test Acc: 0.9096 | VRAM (Alloc/Reserved): 94.3/634.0 MiB | Time: 837.6s
[ByzFL-SNN]   [Step 300/500] (60.0%) | Val Acc: 0.8791 | Test Acc: 0.8773 | VRAM (Alloc/Reserved): 93.0/634.0 MiB | Time: 1015.4s
[ByzFL-SNN]   [Step 350/500] (70.0%) | Val Acc: 0.8510 | Test Acc: 0.8644 | VRAM (Alloc/Reserved): 94.3/634.0 MiB | Time: 1187.2s
[ByzFL-SNN]   [Step 400/500] (80.0%) | Val Acc: 0.8538 | Test Acc: 0.8647 | VRAM (Alloc/Reserved): 93.4/634.0 MiB | Time: 1353.9s
[ByzFL-SNN]   [Step 450/500] (90.0%) | Val Acc: 0.9034 | Test Acc: 0.9043 | VRAM (Alloc/Reserved): 92.8/634.0 MiB | Time: 1520.0s
[ByzFL-SNN] [Training Complete] Peak VRAM (Alloc/Reserved): 419.5/634.0 MiB | Total time: 1689.7s

Training 317 done

[ByzFL-SNN] [Training Start] Model: cnn_mnist | Dataset: mnist
[ByzFL-SNN]   Aggregator: GeometricMedian | Attack: Optimal_InnerProductManipulation
[ByzFL-SNN]   Distribution: gamma_similarity_niid (gamma=0.33)
[ByzFL-SNN]   Clients: 10 honest, 5 byzantine | Algorithm: DSGD
[ByzFL-SNN]   Learning Rate: 0.15 | Steps: 500 | Device: cuda:1
[ByzFL-SNN]   Validation samples: 12000 | Test samples: 10000
[ByzFL-SNN] Initial VRAM (Alloc/Reserved): 36.1/42.0 MiB
[ByzFL-SNN]   [Step 0/500] (0.0%) | Val Acc: 0.1542 | Test Acc: 0.1595 | VRAM (Alloc/Reserved): 44.3/64.0 MiB | Time: 3.6s
[ByzFL-SNN]   [Step 50/500] (10.0%) | Val Acc: 0.0930 | Test Acc: 0.0948 | VRAM (Alloc/Reserved): 93.8/632.0 MiB | Time: 136.0s
[ByzFL-SNN]   [Step 100/500] (20.0%) | Val Acc: 0.1685 | Test Acc: 0.1664 | VRAM (Alloc/Reserved): 93.2/632.0 MiB | Time: 266.1s
[ByzFL-SNN]   [Step 150/500] (30.0%) | Val Acc: 0.4529 | Test Acc: 0.4553 | VRAM (Alloc/Reserved): 93.9/632.0 MiB | Time: 396.7s
[ByzFL-SNN]   [Step 200/500] (40.0%) | Val Acc: 0.4305 | Test Acc: 0.4291 | VRAM (Alloc/Reserved): 93.8/632.0 MiB | Time: 499.1s
[ByzFL-SNN]   [Step 250/500] (50.0%) | Val Acc: 0.1320 | Test Acc: 0.1393 | VRAM (Alloc/Reserved): 94.3/632.0 MiB | Time: 616.0s
[ByzFL-SNN]   [Step 300/500] (60.0%) | Val Acc: 0.1465 | Test Acc: 0.1554 | VRAM (Alloc/Reserved): 93.3/632.0 MiB | Time: 746.2s
[ByzFL-SNN]   [Step 350/500] (70.0%) | Val Acc: 0.1392 | Test Acc: 0.1479 | VRAM (Alloc/Reserved): 95.7/632.0 MiB | Time: 877.1s
[ByzFL-SNN]   [Step 400/500] (80.0%) | Val Acc: 0.1094 | Test Acc: 0.1122 | VRAM (Alloc/Reserved): 94.2/632.0 MiB | Time: 1010.5s
[ByzFL-SNN]   [Step 450/500] (90.0%) | Val Acc: 0.1133 | Test Acc: 0.1135 | VRAM (Alloc/Reserved): 93.8/632.0 MiB | Time: 1134.0s
[ByzFL-SNN] [Training Complete] Peak VRAM (Alloc/Reserved): 422.3/632.0 MiB | Total time: 1275.5s

Training 318 done

[ByzFL-SNN] [Training Start] Model: cnn_mnist | Dataset: mnist
[ByzFL-SNN]   Aggregator: MultiKrum | Attack: Optimal_InnerProductManipulation
[ByzFL-SNN]   Distribution: gamma_similarity_niid (gamma=0.66)
[ByzFL-SNN]   Clients: 10 honest, 5 byzantine | Algorithm: DSGD
[ByzFL-SNN]   Learning Rate: 0.15 | Steps: 500 | Device: cuda:0
[ByzFL-SNN]   Validation samples: 12000 | Test samples: 10000
[ByzFL-SNN] Initial VRAM (Alloc/Reserved): 36.1/42.0 MiB
[ByzFL-SNN]   [Step 0/500] (0.0%) | Val Acc: 0.1542 | Test Acc: 0.1595 | VRAM (Alloc/Reserved): 44.3/64.0 MiB | Time: 3.7s
[ByzFL-SNN]   [Step 50/500] (10.0%) | Val Acc: 0.3140 | Test Acc: 0.3178 | VRAM (Alloc/Reserved): 93.7/634.0 MiB | Time: 164.1s
[ByzFL-SNN]   [Step 100/500] (20.0%) | Val Acc: 0.4790 | Test Acc: 0.4874 | VRAM (Alloc/Reserved): 94.3/634.0 MiB | Time: 319.9s
[ByzFL-SNN]   [Step 150/500] (30.0%) | Val Acc: 0.7925 | Test Acc: 0.8048 | VRAM (Alloc/Reserved): 94.6/634.0 MiB | Time: 477.7s
[ByzFL-SNN]   [Step 200/500] (40.0%) | Val Acc: 0.8488 | Test Acc: 0.8506 | VRAM (Alloc/Reserved): 93.9/634.0 MiB | Time: 632.6s
[ByzFL-SNN]   [Step 250/500] (50.0%) | Val Acc: 0.9247 | Test Acc: 0.9293 | VRAM (Alloc/Reserved): 94.3/634.0 MiB | Time: 792.1s
[ByzFL-SNN]   [Step 300/500] (60.0%) | Val Acc: 0.9124 | Test Acc: 0.9211 | VRAM (Alloc/Reserved): 94.5/634.0 MiB | Time: 943.3s
[ByzFL-SNN]   [Step 350/500] (70.0%) | Val Acc: 0.9454 | Test Acc: 0.9495 | VRAM (Alloc/Reserved): 94.4/634.0 MiB | Time: 1088.7s
[ByzFL-SNN]   [Step 400/500] (80.0%) | Val Acc: 0.9317 | Test Acc: 0.9357 | VRAM (Alloc/Reserved): 94.4/634.0 MiB | Time: 1233.3s
[ByzFL-SNN]   [Step 450/500] (90.0%) | Val Acc: 0.9546 | Test Acc: 0.9597 | VRAM (Alloc/Reserved): 93.7/634.0 MiB | Time: 1383.6s
[ByzFL-SNN] [Training Complete] Peak VRAM (Alloc/Reserved): 419.9/634.0 MiB | Total time: 1530.0s

Training 319 done

[ByzFL-SNN] [Training Start] Model: cnn_mnist | Dataset: mnist
[ByzFL-SNN]   Aggregator: CenteredClipping | Attack: SignFlipping
[ByzFL-SNN]   Distribution: gamma_similarity_niid (gamma=0.0)
[ByzFL-SNN]   Clients: 10 honest, 5 byzantine | Algorithm: DSGD
[ByzFL-SNN]   Learning Rate: 0.15 | Steps: 500 | Device: cuda:1
[ByzFL-SNN]   Validation samples: 12000 | Test samples: 10000
[ByzFL-SNN] Initial VRAM (Alloc/Reserved): 36.1/42.0 MiB
[ByzFL-SNN]   [Step 0/500] (0.0%) | Val Acc: 0.1542 | Test Acc: 0.1595 | VRAM (Alloc/Reserved): 44.3/64.0 MiB | Time: 3.8s
[ByzFL-SNN]   [Step 50/500] (10.0%) | Val Acc: 0.1133 | Test Acc: 0.1135 | VRAM (Alloc/Reserved): 95.8/630.0 MiB | Time: 37.3s
[ByzFL-SNN]   [Step 100/500] (20.0%) | Val Acc: 0.1150 | Test Acc: 0.1143 | VRAM (Alloc/Reserved): 96.0/630.0 MiB | Time: 68.0s
[ByzFL-SNN]   [Step 150/500] (30.0%) | Val Acc: 0.1133 | Test Acc: 0.1135 | VRAM (Alloc/Reserved): 96.5/630.0 MiB | Time: 98.9s
[ByzFL-SNN]   [Step 200/500] (40.0%) | Val Acc: 0.1134 | Test Acc: 0.1135 | VRAM (Alloc/Reserved): 94.7/630.0 MiB | Time: 129.0s
[ByzFL-SNN]   [Step 250/500] (50.0%) | Val Acc: 0.0978 | Test Acc: 0.1009 | VRAM (Alloc/Reserved): 95.1/630.0 MiB | Time: 161.2s
[ByzFL-SNN]   [Step 300/500] (60.0%) | Val Acc: 0.0997 | Test Acc: 0.1032 | VRAM (Alloc/Reserved): 94.7/630.0 MiB | Time: 193.9s
[ByzFL-SNN]   [Step 350/500] (70.0%) | Val Acc: 0.0997 | Test Acc: 0.1031 | VRAM (Alloc/Reserved): 95.6/630.0 MiB | Time: 224.8s
[ByzFL-SNN]   [Step 400/500] (80.0%) | Val Acc: 0.0996 | Test Acc: 0.1031 | VRAM (Alloc/Reserved): 95.9/630.0 MiB | Time: 256.2s
[ByzFL-SNN]   [Step 450/500] (90.0%) | Val Acc: 0.0998 | Test Acc: 0.1027 | VRAM (Alloc/Reserved): 94.5/630.0 MiB | Time: 289.2s
[ByzFL-SNN] [Training Complete] Peak VRAM (Alloc/Reserved): 394.6/630.0 MiB | Total time: 318.6s

Training 320 done

[ByzFL-SNN] [Training Start] Model: cnn_mnist | Dataset: mnist
[ByzFL-SNN]   Aggregator: CenteredClipping | Attack: SignFlipping
[ByzFL-SNN]   Distribution: gamma_similarity_niid (gamma=0.0)
[ByzFL-SNN]   Clients: 10 honest, 5 byzantine | Algorithm: DSGD
[ByzFL-SNN]   Learning Rate: 0.15 | Steps: 500 | Device: cuda:0
[ByzFL-SNN]   Validation samples: 12000 | Test samples: 10000
[ByzFL-SNN] Initial VRAM (Alloc/Reserved): 36.1/42.0 MiB
[ByzFL-SNN]   [Step 0/500] (0.0%) | Val Acc: 0.1542 | Test Acc: 0.1595 | VRAM (Alloc/Reserved): 44.3/64.0 MiB | Time: 3.8s
[ByzFL-SNN]   [Step 50/500] (10.0%) | Val Acc: 0.0968 | Test Acc: 0.0982 | VRAM (Alloc/Reserved): 95.8/630.0 MiB | Time: 40.6s
[ByzFL-SNN]   [Step 100/500] (20.0%) | Val Acc: 0.0968 | Test Acc: 0.0982 | VRAM (Alloc/Reserved): 96.0/630.0 MiB | Time: 77.9s
[ByzFL-SNN]   [Step 150/500] (30.0%) | Val Acc: 0.1037 | Test Acc: 0.1010 | VRAM (Alloc/Reserved): 96.5/630.0 MiB | Time: 114.0s
[ByzFL-SNN]   [Step 200/500] (40.0%) | Val Acc: 0.1037 | Test Acc: 0.1010 | VRAM (Alloc/Reserved): 94.7/630.0 MiB | Time: 151.9s
[ByzFL-SNN]   [Step 250/500] (50.0%) | Val Acc: 0.1037 | Test Acc: 0.1010 | VRAM (Alloc/Reserved): 95.1/630.0 MiB | Time: 189.4s
[ByzFL-SNN]   [Step 300/500] (60.0%) | Val Acc: 0.0968 | Test Acc: 0.0982 | VRAM (Alloc/Reserved): 94.7/630.0 MiB | Time: 227.1s
[ByzFL-SNN]   [Step 350/500] (70.0%) | Val Acc: 0.1037 | Test Acc: 0.1010 | VRAM (Alloc/Reserved): 95.6/630.0 MiB | Time: 265.4s
[ByzFL-SNN]   [Step 400/500] (80.0%) | Val Acc: 0.1037 | Test Acc: 0.1010 | VRAM (Alloc/Reserved): 95.9/630.0 MiB | Time: 302.6s
[ByzFL-SNN]   [Step 450/500] (90.0%) | Val Acc: 0.1037 | Test Acc: 0.1010 | VRAM (Alloc/Reserved): 94.5/630.0 MiB | Time: 339.3s
[ByzFL-SNN] [Training Complete] Peak VRAM (Alloc/Reserved): 394.6/630.0 MiB | Total time: 374.9s

Training 321 done

[ByzFL-SNN] [Training Start] Model: cnn_mnist | Dataset: mnist
[ByzFL-SNN]   Aggregator: CenteredClipping | Attack: Optimal_ALittleIsEnough_neg1
[ByzFL-SNN]   Distribution: gamma_similarity_niid (gamma=0.33)
[ByzFL-SNN]   Clients: 10 honest, 5 byzantine | Algorithm: DSGD
[ByzFL-SNN]   Learning Rate: 0.15 | Steps: 500 | Device: cuda:1
[ByzFL-SNN]   Validation samples: 12000 | Test samples: 10000
[ByzFL-SNN] Initial VRAM (Alloc/Reserved): 36.1/42.0 MiB
[ByzFL-SNN]   [Step 0/500] (0.0%) | Val Acc: 0.1542 | Test Acc: 0.1595 | VRAM (Alloc/Reserved): 44.3/64.0 MiB | Time: 3.5s
[ByzFL-SNN]   [Step 50/500] (10.0%) | Val Acc: 0.4799 | Test Acc: 0.4784 | VRAM (Alloc/Reserved): 97.5/632.0 MiB | Time: 139.1s
[ByzFL-SNN]   [Step 100/500] (20.0%) | Val Acc: 0.3164 | Test Acc: 0.3208 | VRAM (Alloc/Reserved): 98.2/632.0 MiB | Time: 273.0s
[ByzFL-SNN]   [Step 150/500] (30.0%) | Val Acc: 0.1060 | Test Acc: 0.1114 | VRAM (Alloc/Reserved): 98.1/632.0 MiB | Time: 394.7s
[ByzFL-SNN]   [Step 200/500] (40.0%) | Val Acc: 0.1502 | Test Acc: 0.1538 | VRAM (Alloc/Reserved): 100.5/632.0 MiB | Time: 522.1s
[ByzFL-SNN]   [Step 250/500] (50.0%) | Val Acc: 0.4177 | Test Acc: 0.4094 | VRAM (Alloc/Reserved): 97.7/632.0 MiB | Time: 652.1s
[ByzFL-SNN]   [Step 300/500] (60.0%) | Val Acc: 0.1245 | Test Acc: 0.1271 | VRAM (Alloc/Reserved): 97.5/632.0 MiB | Time: 789.0s
[ByzFL-SNN]   [Step 350/500] (70.0%) | Val Acc: 0.2290 | Test Acc: 0.2307 | VRAM (Alloc/Reserved): 97.4/632.0 MiB | Time: 931.1s
[ByzFL-SNN]   [Step 400/500] (80.0%) | Val Acc: 0.0981 | Test Acc: 0.0974 | VRAM (Alloc/Reserved): 98.6/632.0 MiB | Time: 1065.1s
[ByzFL-SNN]   [Step 450/500] (90.0%) | Val Acc: 0.0978 | Test Acc: 0.1009 | VRAM (Alloc/Reserved): 96.5/632.0 MiB | Time: 1192.3s
[ByzFL-SNN] [Training Complete] Peak VRAM (Alloc/Reserved): 424.5/632.0 MiB | Total time: 1311.6s

Training 322 done

[ByzFL-SNN] [Training Start] Model: cnn_mnist | Dataset: mnist
[ByzFL-SNN]   Aggregator: GeometricMedian | Attack: Optimal_ALittleIsEnough_neg1
[ByzFL-SNN]   Distribution: gamma_similarity_niid (gamma=0.33)
[ByzFL-SNN]   Clients: 10 honest, 5 byzantine | Algorithm: DSGD
[ByzFL-SNN]   Learning Rate: 0.15 | Steps: 500 | Device: cuda:0
[ByzFL-SNN]   Validation samples: 12000 | Test samples: 10000
[ByzFL-SNN] Initial VRAM (Alloc/Reserved): 36.1/42.0 MiB
[ByzFL-SNN]   [Step 0/500] (0.0%) | Val Acc: 0.1542 | Test Acc: 0.1595 | VRAM (Alloc/Reserved): 44.3/64.0 MiB | Time: 3.8s
[ByzFL-SNN]   [Step 50/500] (10.0%) | Val Acc: 0.3498 | Test Acc: 0.3474 | VRAM (Alloc/Reserved): 93.7/632.0 MiB | Time: 177.8s
[ByzFL-SNN]   [Step 100/500] (20.0%) | Val Acc: 0.2411 | Test Acc: 0.2473 | VRAM (Alloc/Reserved): 94.7/632.0 MiB | Time: 324.4s
[ByzFL-SNN]   [Step 150/500] (30.0%) | Val Acc: 0.3842 | Test Acc: 0.3903 | VRAM (Alloc/Reserved): 94.4/632.0 MiB | Time: 495.7s
[ByzFL-SNN]   [Step 200/500] (40.0%) | Val Acc: 0.4696 | Test Acc: 0.4709 | VRAM (Alloc/Reserved): 93.9/632.0 MiB | Time: 676.1s
[ByzFL-SNN]   [Step 250/500] (50.0%) | Val Acc: 0.2818 | Test Acc: 0.2837 | VRAM (Alloc/Reserved): 93.5/632.0 MiB | Time: 858.7s
[ByzFL-SNN]   [Step 300/500] (60.0%) | Val Acc: 0.2828 | Test Acc: 0.2912 | VRAM (Alloc/Reserved): 93.0/632.0 MiB | Time: 1030.6s
[ByzFL-SNN]   [Step 350/500] (70.0%) | Val Acc: 0.3219 | Test Acc: 0.3342 | VRAM (Alloc/Reserved): 94.2/632.0 MiB | Time: 1198.5s
[ByzFL-SNN]   [Step 400/500] (80.0%) | Val Acc: 0.2024 | Test Acc: 0.2050 | VRAM (Alloc/Reserved): 93.8/632.0 MiB | Time: 1370.9s
[ByzFL-SNN]   [Step 450/500] (90.0%) | Val Acc: 0.1875 | Test Acc: 0.1891 | VRAM (Alloc/Reserved): 94.9/632.0 MiB | Time: 1550.0s
[ByzFL-SNN] [Training Complete] Peak VRAM (Alloc/Reserved): 420.3/632.0 MiB | Total time: 1707.8s

Training 323 done

[ByzFL-SNN] [Training Start] Model: cnn_mnist | Dataset: mnist
[ByzFL-SNN]   Aggregator: CenteredClipping | Attack: Optimal_InnerProductManipulation
[ByzFL-SNN]   Distribution: gamma_similarity_niid (gamma=0.33)
[ByzFL-SNN]   Clients: 10 honest, 5 byzantine | Algorithm: DSGD
[ByzFL-SNN]   Learning Rate: 0.15 | Steps: 500 | Device: cuda:1
[ByzFL-SNN]   Validation samples: 12000 | Test samples: 10000
[ByzFL-SNN] Initial VRAM (Alloc/Reserved): 36.1/42.0 MiB
[ByzFL-SNN]   [Step 0/500] (0.0%) | Val Acc: 0.1542 | Test Acc: 0.1595 | VRAM (Alloc/Reserved): 44.3/64.0 MiB | Time: 3.6s
[ByzFL-SNN]   [Step 50/500] (10.0%) | Val Acc: 0.3397 | Test Acc: 0.3543 | VRAM (Alloc/Reserved): 97.2/632.0 MiB | Time: 129.5s
[ByzFL-SNN]   [Step 100/500] (20.0%) | Val Acc: 0.0877 | Test Acc: 0.0892 | VRAM (Alloc/Reserved): 97.0/632.0 MiB | Time: 233.1s
[ByzFL-SNN]   [Step 150/500] (30.0%) | Val Acc: 0.1230 | Test Acc: 0.1250 | VRAM (Alloc/Reserved): 98.3/632.0 MiB | Time: 333.8s
[ByzFL-SNN]   [Step 200/500] (40.0%) | Val Acc: 0.1133 | Test Acc: 0.1135 | VRAM (Alloc/Reserved): 97.7/632.0 MiB | Time: 453.6s
[ByzFL-SNN]   [Step 250/500] (50.0%) | Val Acc: 0.1133 | Test Acc: 0.1135 | VRAM (Alloc/Reserved): 96.8/632.0 MiB | Time: 588.0s
[ByzFL-SNN]   [Step 300/500] (60.0%) | Val Acc: 0.1133 | Test Acc: 0.1135 | VRAM (Alloc/Reserved): 96.5/632.0 MiB | Time: 732.7s
[ByzFL-SNN]   [Step 350/500] (70.0%) | Val Acc: 0.1133 | Test Acc: 0.1135 | VRAM (Alloc/Reserved): 97.0/632.0 MiB | Time: 869.7s
[ByzFL-SNN]   [Step 400/500] (80.0%) | Val Acc: 0.1149 | Test Acc: 0.1140 | VRAM (Alloc/Reserved): 97.5/632.0 MiB | Time: 1004.3s
[ByzFL-SNN]   [Step 450/500] (90.0%) | Val Acc: 0.1167 | Test Acc: 0.1160 | VRAM (Alloc/Reserved): 97.8/632.0 MiB | Time: 1142.1s
[ByzFL-SNN] [Training Complete] Peak VRAM (Alloc/Reserved): 424.2/632.0 MiB | Total time: 1276.1s

Training 324 done

[ByzFL-SNN] [Training Start] Model: cnn_mnist | Dataset: mnist
[ByzFL-SNN]   Aggregator: TrMean | Attack: SignFlipping
[ByzFL-SNN]   Distribution: gamma_similarity_niid (gamma=0.0)
[ByzFL-SNN]   Clients: 10 honest, 5 byzantine | Algorithm: DSGD
[ByzFL-SNN]   Learning Rate: 0.15 | Steps: 500 | Device: cuda:1
[ByzFL-SNN]   Validation samples: 12000 | Test samples: 10000
[ByzFL-SNN] Initial VRAM (Alloc/Reserved): 36.1/42.0 MiB
[ByzFL-SNN]   [Step 0/500] (0.0%) | Val Acc: 0.1542 | Test Acc: 0.1595 | VRAM (Alloc/Reserved): 44.3/64.0 MiB | Time: 3.6s
[ByzFL-SNN]   [Step 50/500] (10.0%) | Val Acc: 0.1393 | Test Acc: 0.1426 | VRAM (Alloc/Reserved): 94.1/630.0 MiB | Time: 37.3s
[ByzFL-SNN]   [Step 100/500] (20.0%) | Val Acc: 0.1906 | Test Acc: 0.1934 | VRAM (Alloc/Reserved): 95.0/630.0 MiB | Time: 69.0s
[ByzFL-SNN]   [Step 150/500] (30.0%) | Val Acc: 0.1071 | Test Acc: 0.1028 | VRAM (Alloc/Reserved): 94.4/630.0 MiB | Time: 99.5s
[ByzFL-SNN]   [Step 200/500] (40.0%) | Val Acc: 0.0877 | Test Acc: 0.0892 | VRAM (Alloc/Reserved): 94.7/630.0 MiB | Time: 130.5s
[ByzFL-SNN]   [Step 250/500] (50.0%) | Val Acc: 0.0877 | Test Acc: 0.0892 | VRAM (Alloc/Reserved): 92.9/630.0 MiB | Time: 164.2s
[ByzFL-SNN]   [Step 300/500] (60.0%) | Val Acc: 0.0977 | Test Acc: 0.1010 | VRAM (Alloc/Reserved): 93.6/630.0 MiB | Time: 195.7s
[ByzFL-SNN]   [Step 350/500] (70.0%) | Val Acc: 0.0990 | Test Acc: 0.0980 | VRAM (Alloc/Reserved): 93.8/630.0 MiB | Time: 226.8s
[ByzFL-SNN]   [Step 400/500] (80.0%) | Val Acc: 0.0990 | Test Acc: 0.0980 | VRAM (Alloc/Reserved): 95.1/630.0 MiB | Time: 255.6s
[ByzFL-SNN]   [Step 450/500] (90.0%) | Val Acc: 0.0990 | Test Acc: 0.0980 | VRAM (Alloc/Reserved): 93.7/630.0 MiB | Time: 285.1s
[ByzFL-SNN] [Training Complete] Peak VRAM (Alloc/Reserved): 391.9/630.0 MiB | Total time: 312.2s

Training 325 done

[ByzFL-SNN] [Training Start] Model: cnn_mnist | Dataset: mnist
[ByzFL-SNN]   Aggregator: TrMean | Attack: SignFlipping
[ByzFL-SNN]   Distribution: gamma_similarity_niid (gamma=0.0)
[ByzFL-SNN]   Clients: 10 honest, 5 byzantine | Algorithm: DSGD
[ByzFL-SNN]   Learning Rate: 0.15 | Steps: 500 | Device: cuda:0
[ByzFL-SNN]   Validation samples: 12000 | Test samples: 10000
[ByzFL-SNN] Initial VRAM (Alloc/Reserved): 36.1/42.0 MiB
[ByzFL-SNN]   [Step 0/500] (0.0%) | Val Acc: 0.1542 | Test Acc: 0.1595 | VRAM (Alloc/Reserved): 44.3/64.0 MiB | Time: 3.7s
[ByzFL-SNN]   [Step 50/500] (10.0%) | Val Acc: 0.0968 | Test Acc: 0.0982 | VRAM (Alloc/Reserved): 94.1/630.0 MiB | Time: 41.9s
[ByzFL-SNN]   [Step 100/500] (20.0%) | Val Acc: 0.1037 | Test Acc: 0.1010 | VRAM (Alloc/Reserved): 95.0/630.0 MiB | Time: 77.9s
[ByzFL-SNN]   [Step 150/500] (30.0%) | Val Acc: 0.1037 | Test Acc: 0.1010 | VRAM (Alloc/Reserved): 94.4/630.0 MiB | Time: 113.6s
[ByzFL-SNN]   [Step 200/500] (40.0%) | Val Acc: 0.0968 | Test Acc: 0.0982 | VRAM (Alloc/Reserved): 94.7/630.0 MiB | Time: 150.8s
[ByzFL-SNN]   [Step 250/500] (50.0%) | Val Acc: 0.0968 | Test Acc: 0.0982 | VRAM (Alloc/Reserved): 92.9/630.0 MiB | Time: 188.2s
[ByzFL-SNN]   [Step 300/500] (60.0%) | Val Acc: 0.1037 | Test Acc: 0.1010 | VRAM (Alloc/Reserved): 93.6/630.0 MiB | Time: 224.9s
[ByzFL-SNN]   [Step 350/500] (70.0%) | Val Acc: 0.1037 | Test Acc: 0.1010 | VRAM (Alloc/Reserved): 93.8/630.0 MiB | Time: 263.4s
[ByzFL-SNN]   [Step 400/500] (80.0%) | Val Acc: 0.1133 | Test Acc: 0.1135 | VRAM (Alloc/Reserved): 95.1/630.0 MiB | Time: 302.0s
[ByzFL-SNN]   [Step 450/500] (90.0%) | Val Acc: 0.0968 | Test Acc: 0.0982 | VRAM (Alloc/Reserved): 93.7/630.0 MiB | Time: 339.7s
[ByzFL-SNN] [Training Complete] Peak VRAM (Alloc/Reserved): 391.9/630.0 MiB | Total time: 373.3s

Training 326 done

[ByzFL-SNN] [Training Start] Model: cnn_mnist | Dataset: mnist
[ByzFL-SNN]   Aggregator: GeometricMedian | Attack: Optimal_InnerProductManipulation
[ByzFL-SNN]   Distribution: gamma_similarity_niid (gamma=0.33)
[ByzFL-SNN]   Clients: 10 honest, 5 byzantine | Algorithm: DSGD
[ByzFL-SNN]   Learning Rate: 0.15 | Steps: 500 | Device: cuda:0
[ByzFL-SNN]   Validation samples: 12000 | Test samples: 10000
[ByzFL-SNN] Initial VRAM (Alloc/Reserved): 36.1/42.0 MiB
[ByzFL-SNN]   [Step 0/500] (0.0%) | Val Acc: 0.1542 | Test Acc: 0.1595 | VRAM (Alloc/Reserved): 44.3/64.0 MiB | Time: 3.7s
[ByzFL-SNN]   [Step 50/500] (10.0%) | Val Acc: 0.1968 | Test Acc: 0.2030 | VRAM (Alloc/Reserved): 93.8/632.0 MiB | Time: 165.1s
[ByzFL-SNN]   [Step 100/500] (20.0%) | Val Acc: 0.5748 | Test Acc: 0.5918 | VRAM (Alloc/Reserved): 93.2/632.0 MiB | Time: 320.5s
[ByzFL-SNN]   [Step 150/500] (30.0%) | Val Acc: 0.1133 | Test Acc: 0.1135 | VRAM (Alloc/Reserved): 93.9/632.0 MiB | Time: 477.2s
[ByzFL-SNN]   [Step 200/500] (40.0%) | Val Acc: 0.0968 | Test Acc: 0.0982 | VRAM (Alloc/Reserved): 93.8/632.0 MiB | Time: 639.5s
[ByzFL-SNN]   [Step 250/500] (50.0%) | Val Acc: 0.0968 | Test Acc: 0.0982 | VRAM (Alloc/Reserved): 94.3/632.0 MiB | Time: 805.6s
[ByzFL-SNN]   [Step 300/500] (60.0%) | Val Acc: 0.0968 | Test Acc: 0.0982 | VRAM (Alloc/Reserved): 93.3/632.0 MiB | Time: 966.0s
[ByzFL-SNN]   [Step 350/500] (70.0%) | Val Acc: 0.0968 | Test Acc: 0.0982 | VRAM (Alloc/Reserved): 95.7/632.0 MiB | Time: 1120.5s
[ByzFL-SNN]   [Step 400/500] (80.0%) | Val Acc: 0.1037 | Test Acc: 0.1010 | VRAM (Alloc/Reserved): 94.2/632.0 MiB | Time: 1266.8s
[ByzFL-SNN]   [Step 450/500] (90.0%) | Val Acc: 0.0978 | Test Acc: 0.1009 | VRAM (Alloc/Reserved): 93.8/632.0 MiB | Time: 1415.8s
[ByzFL-SNN] [Training Complete] Peak VRAM (Alloc/Reserved): 422.3/632.0 MiB | Total time: 1575.3s

Training 327 done

[ByzFL-SNN] [Training Start] Model: cnn_mnist | Dataset: mnist
[ByzFL-SNN]   Aggregator: TrMean | Attack: Optimal_ALittleIsEnough_neg1
[ByzFL-SNN]   Distribution: gamma_similarity_niid (gamma=0.33)
[ByzFL-SNN]   Clients: 10 honest, 5 byzantine | Algorithm: DSGD
[ByzFL-SNN]   Learning Rate: 0.15 | Steps: 500 | Device: cuda:1
[ByzFL-SNN]   Validation samples: 12000 | Test samples: 10000
[ByzFL-SNN] Initial VRAM (Alloc/Reserved): 36.1/42.0 MiB
[ByzFL-SNN]   [Step 0/500] (0.0%) | Val Acc: 0.1542 | Test Acc: 0.1595 | VRAM (Alloc/Reserved): 44.3/64.0 MiB | Time: 3.8s
[ByzFL-SNN]   [Step 50/500] (10.0%) | Val Acc: 0.0990 | Test Acc: 0.0980 | VRAM (Alloc/Reserved): 94.0/632.0 MiB | Time: 138.0s
[ByzFL-SNN]   [Step 100/500] (20.0%) | Val Acc: 0.1133 | Test Acc: 0.1135 | VRAM (Alloc/Reserved): 94.3/632.0 MiB | Time: 270.3s
[ByzFL-SNN]   [Step 150/500] (30.0%) | Val Acc: 0.1133 | Test Acc: 0.1135 | VRAM (Alloc/Reserved): 93.7/632.0 MiB | Time: 405.9s
[ByzFL-SNN]   [Step 200/500] (40.0%) | Val Acc: 0.1133 | Test Acc: 0.1135 | VRAM (Alloc/Reserved): 93.5/632.0 MiB | Time: 533.9s
[ByzFL-SNN]   [Step 250/500] (50.0%) | Val Acc: 0.0972 | Test Acc: 0.0958 | VRAM (Alloc/Reserved): 94.3/632.0 MiB | Time: 666.9s
[ByzFL-SNN]   [Step 300/500] (60.0%) | Val Acc: 0.1068 | Test Acc: 0.1028 | VRAM (Alloc/Reserved): 93.0/632.0 MiB | Time: 789.1s
[ByzFL-SNN]   [Step 350/500] (70.0%) | Val Acc: 0.0981 | Test Acc: 0.0974 | VRAM (Alloc/Reserved): 94.3/632.0 MiB | Time: 916.8s
[ByzFL-SNN]   [Step 400/500] (80.0%) | Val Acc: 0.0968 | Test Acc: 0.0982 | VRAM (Alloc/Reserved): 93.4/632.0 MiB | Time: 1041.8s
[ByzFL-SNN]   [Step 450/500] (90.0%) | Val Acc: 0.1133 | Test Acc: 0.1135 | VRAM (Alloc/Reserved): 92.8/632.0 MiB | Time: 1167.1s
[ByzFL-SNN] [Training Complete] Peak VRAM (Alloc/Reserved): 419.5/632.0 MiB | Total time: 1284.4s

Training 328 done

[ByzFL-SNN] [Training Start] Model: cnn_mnist | Dataset: mnist
[ByzFL-SNN]   Aggregator: GeometricMedian | Attack: Optimal_ALittleIsEnough_neg1
[ByzFL-SNN]   Distribution: gamma_similarity_niid (gamma=0.0)
[ByzFL-SNN]   Clients: 10 honest, 5 byzantine | Algorithm: DSGD
[ByzFL-SNN]   Learning Rate: 0.15 | Steps: 500 | Device: cuda:1
[ByzFL-SNN]   Validation samples: 12000 | Test samples: 10000
[ByzFL-SNN] Initial VRAM (Alloc/Reserved): 36.1/42.0 MiB
[ByzFL-SNN]   [Step 0/500] (0.0%) | Val Acc: 0.1542 | Test Acc: 0.1595 | VRAM (Alloc/Reserved): 44.3/64.0 MiB | Time: 3.5s
[ByzFL-SNN]   [Step 50/500] (10.0%) | Val Acc: 0.0990 | Test Acc: 0.0980 | VRAM (Alloc/Reserved): 93.7/630.0 MiB | Time: 119.5s
[ByzFL-SNN]   [Step 100/500] (20.0%) | Val Acc: 0.0990 | Test Acc: 0.0980 | VRAM (Alloc/Reserved): 94.7/630.0 MiB | Time: 209.1s
[ByzFL-SNN]   [Step 150/500] (30.0%) | Val Acc: 0.0990 | Test Acc: 0.0980 | VRAM (Alloc/Reserved): 94.4/630.0 MiB | Time: 299.2s
[ByzFL-SNN]   [Step 200/500] (40.0%) | Val Acc: 0.0990 | Test Acc: 0.0980 | VRAM (Alloc/Reserved): 93.9/630.0 MiB | Time: 382.7s
[ByzFL-SNN]   [Step 250/500] (50.0%) | Val Acc: 0.0990 | Test Acc: 0.0980 | VRAM (Alloc/Reserved): 93.5/630.0 MiB | Time: 471.9s
[ByzFL-SNN]   [Step 300/500] (60.0%) | Val Acc: 0.0990 | Test Acc: 0.0980 | VRAM (Alloc/Reserved): 93.0/630.0 MiB | Time: 559.9s
[ByzFL-SNN]   [Step 350/500] (70.0%) | Val Acc: 0.0990 | Test Acc: 0.0980 | VRAM (Alloc/Reserved): 94.2/630.0 MiB | Time: 646.2s
[ByzFL-SNN]   [Step 400/500] (80.0%) | Val Acc: 0.0990 | Test Acc: 0.0980 | VRAM (Alloc/Reserved): 93.8/630.0 MiB | Time: 735.5s
[ByzFL-SNN]   [Step 450/500] (90.0%) | Val Acc: 0.0990 | Test Acc: 0.0980 | VRAM (Alloc/Reserved): 94.9/630.0 MiB | Time: 824.7s
[ByzFL-SNN] [Training Complete] Peak VRAM (Alloc/Reserved): 420.3/630.0 MiB | Total time: 905.3s

Training 329 done

[ByzFL-SNN] [Training Start] Model: cnn_mnist | Dataset: mnist
[ByzFL-SNN]   Aggregator: CenteredClipping | Attack: Optimal_ALittleIsEnough_neg1
[ByzFL-SNN]   Distribution: gamma_similarity_niid (gamma=0.33)
[ByzFL-SNN]   Clients: 10 honest, 5 byzantine | Algorithm: DSGD
[ByzFL-SNN]   Learning Rate: 0.15 | Steps: 500 | Device: cuda:0
[ByzFL-SNN]   Validation samples: 12000 | Test samples: 10000
[ByzFL-SNN] Initial VRAM (Alloc/Reserved): 36.1/42.0 MiB
[ByzFL-SNN]   [Step 0/500] (0.0%) | Val Acc: 0.1542 | Test Acc: 0.1595 | VRAM (Alloc/Reserved): 44.3/64.0 MiB | Time: 3.7s
[ByzFL-SNN]   [Step 50/500] (10.0%) | Val Acc: 0.4899 | Test Acc: 0.5021 | VRAM (Alloc/Reserved): 97.5/632.0 MiB | Time: 170.4s
[ByzFL-SNN]   [Step 100/500] (20.0%) | Val Acc: 0.5022 | Test Acc: 0.5127 | VRAM (Alloc/Reserved): 98.2/632.0 MiB | Time: 339.7s
[ByzFL-SNN]   [Step 150/500] (30.0%) | Val Acc: 0.5268 | Test Acc: 0.5410 | VRAM (Alloc/Reserved): 98.1/632.0 MiB | Time: 515.3s
[ByzFL-SNN]   [Step 200/500] (40.0%) | Val Acc: 0.4450 | Test Acc: 0.4619 | VRAM (Alloc/Reserved): 100.5/632.0 MiB | Time: 693.3s
[ByzFL-SNN]   [Step 250/500] (50.0%) | Val Acc: 0.3040 | Test Acc: 0.3034 | VRAM (Alloc/Reserved): 97.7/632.0 MiB | Time: 864.1s
[ByzFL-SNN]   [Step 300/500] (60.0%) | Val Acc: 0.1037 | Test Acc: 0.1010 | VRAM (Alloc/Reserved): 97.5/632.0 MiB | Time: 1023.0s
[ByzFL-SNN]   [Step 350/500] (70.0%) | Val Acc: 0.1037 | Test Acc: 0.1010 | VRAM (Alloc/Reserved): 97.4/632.0 MiB | Time: 1176.8s
[ByzFL-SNN]   [Step 400/500] (80.0%) | Val Acc: 0.0978 | Test Acc: 0.1009 | VRAM (Alloc/Reserved): 98.6/632.0 MiB | Time: 1329.0s
[ByzFL-SNN]   [Step 450/500] (90.0%) | Val Acc: 0.0968 | Test Acc: 0.0982 | VRAM (Alloc/Reserved): 96.5/632.0 MiB | Time: 1480.0s
[ByzFL-SNN] [Training Complete] Peak VRAM (Alloc/Reserved): 424.5/632.0 MiB | Total time: 1619.7s

Training 330 done

[ByzFL-SNN] [Training Start] Model: cnn_mnist | Dataset: mnist
[ByzFL-SNN]   Aggregator: CenteredClipping | Attack: Optimal_InnerProductManipulation
[ByzFL-SNN]   Distribution: gamma_similarity_niid (gamma=0.33)
[ByzFL-SNN]   Clients: 10 honest, 5 byzantine | Algorithm: DSGD
[ByzFL-SNN]   Learning Rate: 0.15 | Steps: 500 | Device: cuda:0
[ByzFL-SNN]   Validation samples: 12000 | Test samples: 10000
[ByzFL-SNN] Initial VRAM (Alloc/Reserved): 36.1/42.0 MiB
[ByzFL-SNN]   [Step 0/500] (0.0%) | Val Acc: 0.1542 | Test Acc: 0.1595 | VRAM (Alloc/Reserved): 44.3/64.0 MiB | Time: 3.8s
[ByzFL-SNN]   [Step 50/500] (10.0%) | Val Acc: 0.5083 | Test Acc: 0.5046 | VRAM (Alloc/Reserved): 97.2/632.0 MiB | Time: 154.8s
[ByzFL-SNN]   [Step 100/500] (20.0%) | Val Acc: 0.1003 | Test Acc: 0.0986 | VRAM (Alloc/Reserved): 97.0/632.0 MiB | Time: 295.9s
[ByzFL-SNN]   [Step 150/500] (30.0%) | Val Acc: 0.5388 | Test Acc: 0.5467 | VRAM (Alloc/Reserved): 98.3/632.0 MiB | Time: 445.7s
[ByzFL-SNN]   [Step 200/500] (40.0%) | Val Acc: 0.6923 | Test Acc: 0.6966 | VRAM (Alloc/Reserved): 97.7/632.0 MiB | Time: 594.3s
[ByzFL-SNN]   [Step 250/500] (50.0%) | Val Acc: 0.0981 | Test Acc: 0.0974 | VRAM (Alloc/Reserved): 96.8/632.0 MiB | Time: 733.8s
[ByzFL-SNN]   [Step 300/500] (60.0%) | Val Acc: 0.1057 | Test Acc: 0.1027 | VRAM (Alloc/Reserved): 96.5/632.0 MiB | Time: 869.4s
[ByzFL-SNN]   [Step 350/500] (70.0%) | Val Acc: 0.0990 | Test Acc: 0.0980 | VRAM (Alloc/Reserved): 97.0/632.0 MiB | Time: 1009.1s
[ByzFL-SNN]   [Step 400/500] (80.0%) | Val Acc: 0.0990 | Test Acc: 0.0980 | VRAM (Alloc/Reserved): 97.5/632.0 MiB | Time: 1165.4s
[ByzFL-SNN]   [Step 450/500] (90.0%) | Val Acc: 0.0990 | Test Acc: 0.0980 | VRAM (Alloc/Reserved): 97.8/632.0 MiB | Time: 1332.3s
[ByzFL-SNN] [Training Complete] Peak VRAM (Alloc/Reserved): 424.2/632.0 MiB | Total time: 1475.4s

Training 331 done

[ByzFL-SNN] [Training Start] Model: cnn_mnist | Dataset: mnist
[ByzFL-SNN]   Aggregator: TrMean | Attack: Optimal_InnerProductManipulation
[ByzFL-SNN]   Distribution: gamma_similarity_niid (gamma=0.33)
[ByzFL-SNN]   Clients: 10 honest, 5 byzantine | Algorithm: DSGD
[ByzFL-SNN]   Learning Rate: 0.15 | Steps: 500 | Device: cuda:1
[ByzFL-SNN]   Validation samples: 12000 | Test samples: 10000
[ByzFL-SNN] Initial VRAM (Alloc/Reserved): 36.1/42.0 MiB
[ByzFL-SNN]   [Step 0/500] (0.0%) | Val Acc: 0.1542 | Test Acc: 0.1595 | VRAM (Alloc/Reserved): 44.3/64.0 MiB | Time: 3.4s
[ByzFL-SNN]   [Step 50/500] (10.0%) | Val Acc: 0.1068 | Test Acc: 0.1028 | VRAM (Alloc/Reserved): 93.7/632.0 MiB | Time: 126.4s
[ByzFL-SNN]   [Step 100/500] (20.0%) | Val Acc: 0.4773 | Test Acc: 0.4746 | VRAM (Alloc/Reserved): 94.3/632.0 MiB | Time: 249.5s
[ByzFL-SNN]   [Step 150/500] (30.0%) | Val Acc: 0.6820 | Test Acc: 0.6922 | VRAM (Alloc/Reserved): 94.6/632.0 MiB | Time: 362.5s
[ByzFL-SNN]   [Step 200/500] (40.0%) | Val Acc: 0.1013 | Test Acc: 0.1049 | VRAM (Alloc/Reserved): 93.9/632.0 MiB | Time: 482.2s
[ByzFL-SNN]   [Step 250/500] (50.0%) | Val Acc: 0.1456 | Test Acc: 0.1470 | VRAM (Alloc/Reserved): 94.3/632.0 MiB | Time: 612.4s
[ByzFL-SNN]   [Step 300/500] (60.0%) | Val Acc: 0.1339 | Test Acc: 0.1354 | VRAM (Alloc/Reserved): 94.5/632.0 MiB | Time: 746.2s
[ByzFL-SNN]   [Step 350/500] (70.0%) | Val Acc: 0.1244 | Test Acc: 0.1260 | VRAM (Alloc/Reserved): 94.4/632.0 MiB | Time: 880.4s
[ByzFL-SNN]   [Step 400/500] (80.0%) | Val Acc: 0.1172 | Test Acc: 0.1180 | VRAM (Alloc/Reserved): 94.4/632.0 MiB | Time: 1018.2s
[ByzFL-SNN]   [Step 450/500] (90.0%) | Val Acc: 0.1255 | Test Acc: 0.1285 | VRAM (Alloc/Reserved): 93.7/632.0 MiB | Time: 1153.8s
[ByzFL-SNN] [Training Complete] Peak VRAM (Alloc/Reserved): 419.9/632.0 MiB | Total time: 1262.1s

Training 332 done

[ByzFL-SNN] [Training Start] Model: cnn_mnist | Dataset: mnist
[ByzFL-SNN]   Aggregator: MultiKrum | Attack: Optimal_ALittleIsEnough_neg1
[ByzFL-SNN]   Distribution: gamma_similarity_niid (gamma=0.33)
[ByzFL-SNN]   Clients: 10 honest, 5 byzantine | Algorithm: DSGD
[ByzFL-SNN]   Learning Rate: 0.15 | Steps: 500 | Device: cuda:1
[ByzFL-SNN]   Validation samples: 12000 | Test samples: 10000
[ByzFL-SNN] Initial VRAM (Alloc/Reserved): 36.1/42.0 MiB
[ByzFL-SNN]   [Step 0/500] (0.0%) | Val Acc: 0.1542 | Test Acc: 0.1595 | VRAM (Alloc/Reserved): 44.3/64.0 MiB | Time: 4.0s
[ByzFL-SNN]   [Step 50/500] (10.0%) | Val Acc: 0.0997 | Test Acc: 0.1032 | VRAM (Alloc/Reserved): 94.0/632.0 MiB | Time: 132.4s
[ByzFL-SNN]   [Step 100/500] (20.0%) | Val Acc: 0.0981 | Test Acc: 0.0974 | VRAM (Alloc/Reserved): 94.3/632.0 MiB | Time: 270.9s
[ByzFL-SNN]   [Step 150/500] (30.0%) | Val Acc: 0.0978 | Test Acc: 0.1009 | VRAM (Alloc/Reserved): 93.7/632.0 MiB | Time: 397.5s
[ByzFL-SNN]   [Step 200/500] (40.0%) | Val Acc: 0.1133 | Test Acc: 0.1135 | VRAM (Alloc/Reserved): 93.5/632.0 MiB | Time: 524.7s
[ByzFL-SNN]   [Step 250/500] (50.0%) | Val Acc: 0.0981 | Test Acc: 0.0974 | VRAM (Alloc/Reserved): 94.3/632.0 MiB | Time: 655.5s
[ByzFL-SNN]   [Step 300/500] (60.0%) | Val Acc: 0.0990 | Test Acc: 0.0980 | VRAM (Alloc/Reserved): 93.0/632.0 MiB | Time: 783.1s
[ByzFL-SNN]   [Step 350/500] (70.0%) | Val Acc: 0.0981 | Test Acc: 0.0974 | VRAM (Alloc/Reserved): 94.3/632.0 MiB | Time: 907.3s
[ByzFL-SNN]   [Step 400/500] (80.0%) | Val Acc: 0.0978 | Test Acc: 0.1009 | VRAM (Alloc/Reserved): 93.4/632.0 MiB | Time: 1031.6s
[ByzFL-SNN]   [Step 450/500] (90.0%) | Val Acc: 0.0981 | Test Acc: 0.0974 | VRAM (Alloc/Reserved): 92.8/632.0 MiB | Time: 1143.4s
[ByzFL-SNN] [Training Complete] Peak VRAM (Alloc/Reserved): 419.5/632.0 MiB | Total time: 1236.8s

Training 333 done

[ByzFL-SNN] [Training Start] Model: cnn_mnist | Dataset: mnist
[ByzFL-SNN]   Aggregator: MultiKrum | Attack: SignFlipping
[ByzFL-SNN]   Distribution: gamma_similarity_niid (gamma=0.0)
[ByzFL-SNN]   Clients: 10 honest, 5 byzantine | Algorithm: DSGD
[ByzFL-SNN]   Learning Rate: 0.15 | Steps: 500 | Device: cuda:0
[ByzFL-SNN]   Validation samples: 12000 | Test samples: 10000
[ByzFL-SNN] Initial VRAM (Alloc/Reserved): 36.1/42.0 MiB
[ByzFL-SNN]   [Step 0/500] (0.0%) | Val Acc: 0.1542 | Test Acc: 0.1595 | VRAM (Alloc/Reserved): 44.3/64.0 MiB | Time: 4.3s
[ByzFL-SNN]   [Step 50/500] (10.0%) | Val Acc: 0.1133 | Test Acc: 0.1135 | VRAM (Alloc/Reserved): 94.1/630.0 MiB | Time: 43.7s
[ByzFL-SNN]   [Step 100/500] (20.0%) | Val Acc: 0.2203 | Test Acc: 0.2267 | VRAM (Alloc/Reserved): 95.0/630.0 MiB | Time: 82.5s
[ByzFL-SNN]   [Step 150/500] (30.0%) | Val Acc: 0.1068 | Test Acc: 0.1028 | VRAM (Alloc/Reserved): 94.4/630.0 MiB | Time: 120.3s
[ByzFL-SNN]   [Step 200/500] (40.0%) | Val Acc: 0.1068 | Test Acc: 0.1028 | VRAM (Alloc/Reserved): 94.7/630.0 MiB | Time: 157.8s
[ByzFL-SNN]   [Step 250/500] (50.0%) | Val Acc: 0.0968 | Test Acc: 0.0982 | VRAM (Alloc/Reserved): 92.9/630.0 MiB | Time: 194.1s
[ByzFL-SNN]   [Step 300/500] (60.0%) | Val Acc: 0.0968 | Test Acc: 0.0982 | VRAM (Alloc/Reserved): 93.6/630.0 MiB | Time: 229.8s
[ByzFL-SNN]   [Step 350/500] (70.0%) | Val Acc: 0.0968 | Test Acc: 0.0982 | VRAM (Alloc/Reserved): 93.8/630.0 MiB | Time: 264.1s
[ByzFL-SNN]   [Step 400/500] (80.0%) | Val Acc: 0.0968 | Test Acc: 0.0982 | VRAM (Alloc/Reserved): 95.1/630.0 MiB | Time: 297.7s
[ByzFL-SNN]   [Step 450/500] (90.0%) | Val Acc: 0.0877 | Test Acc: 0.0892 | VRAM (Alloc/Reserved): 93.7/630.0 MiB | Time: 329.8s
[ByzFL-SNN] [Training Complete] Peak VRAM (Alloc/Reserved): 391.9/630.0 MiB | Total time: 358.7s

Training 334 done

[ByzFL-SNN] [Training Start] Model: cnn_mnist | Dataset: mnist
[ByzFL-SNN]   Aggregator: MultiKrum | Attack: SignFlipping
[ByzFL-SNN]   Distribution: gamma_similarity_niid (gamma=0.0)
[ByzFL-SNN]   Clients: 10 honest, 5 byzantine | Algorithm: DSGD
[ByzFL-SNN]   Learning Rate: 0.15 | Steps: 500 | Device: cuda:1
[ByzFL-SNN]   Validation samples: 12000 | Test samples: 10000
[ByzFL-SNN] Initial VRAM (Alloc/Reserved): 36.1/42.0 MiB
[ByzFL-SNN]   [Step 0/500] (0.0%) | Val Acc: 0.1542 | Test Acc: 0.1595 | VRAM (Alloc/Reserved): 44.3/64.0 MiB | Time: 3.7s
[ByzFL-SNN]   [Step 50/500] (10.0%) | Val Acc: 0.0967 | Test Acc: 0.0981 | VRAM (Alloc/Reserved): 94.1/630.0 MiB | Time: 37.6s
[ByzFL-SNN]   [Step 100/500] (20.0%) | Val Acc: 0.0968 | Test Acc: 0.0982 | VRAM (Alloc/Reserved): 95.0/630.0 MiB | Time: 69.6s
[ByzFL-SNN]   [Step 150/500] (30.0%) | Val Acc: 0.1488 | Test Acc: 0.1556 | VRAM (Alloc/Reserved): 94.4/630.0 MiB | Time: 100.7s
[ByzFL-SNN]   [Step 200/500] (40.0%) | Val Acc: 0.1068 | Test Acc: 0.1029 | VRAM (Alloc/Reserved): 94.7/630.0 MiB | Time: 130.1s
[ByzFL-SNN]   [Step 250/500] (50.0%) | Val Acc: 0.1068 | Test Acc: 0.1028 | VRAM (Alloc/Reserved): 92.9/630.0 MiB | Time: 158.6s
[ByzFL-SNN]   [Step 300/500] (60.0%) | Val Acc: 0.1068 | Test Acc: 0.1028 | VRAM (Alloc/Reserved): 93.6/630.0 MiB | Time: 187.1s
[ByzFL-SNN]   [Step 350/500] (70.0%) | Val Acc: 0.0968 | Test Acc: 0.0982 | VRAM (Alloc/Reserved): 93.8/630.0 MiB | Time: 215.5s
[ByzFL-SNN]   [Step 400/500] (80.0%) | Val Acc: 0.1068 | Test Acc: 0.1028 | VRAM (Alloc/Reserved): 95.1/630.0 MiB | Time: 243.0s
[ByzFL-SNN]   [Step 450/500] (90.0%) | Val Acc: 0.0968 | Test Acc: 0.0982 | VRAM (Alloc/Reserved): 93.7/630.0 MiB | Time: 268.3s
[ByzFL-SNN] [Training Complete] Peak VRAM (Alloc/Reserved): 391.9/630.0 MiB | Total time: 289.5s

Training 335 done

[ByzFL-SNN] [Training Start] Model: cnn_mnist | Dataset: mnist
[ByzFL-SNN]   Aggregator: TrMean | Attack: Optimal_ALittleIsEnough_neg1
[ByzFL-SNN]   Distribution: gamma_similarity_niid (gamma=0.33)
[ByzFL-SNN]   Clients: 10 honest, 5 byzantine | Algorithm: DSGD
[ByzFL-SNN]   Learning Rate: 0.15 | Steps: 500 | Device: cuda:0
[ByzFL-SNN]   Validation samples: 12000 | Test samples: 10000
[ByzFL-SNN] Initial VRAM (Alloc/Reserved): 36.1/42.0 MiB
[ByzFL-SNN]   [Step 0/500] (0.0%) | Val Acc: 0.1542 | Test Acc: 0.1595 | VRAM (Alloc/Reserved): 44.3/64.0 MiB | Time: 3.7s
[ByzFL-SNN]   [Step 50/500] (10.0%) | Val Acc: 0.4066 | Test Acc: 0.4068 | VRAM (Alloc/Reserved): 94.0/632.0 MiB | Time: 173.6s
[ByzFL-SNN]   [Step 100/500] (20.0%) | Val Acc: 0.3942 | Test Acc: 0.3998 | VRAM (Alloc/Reserved): 94.3/632.0 MiB | Time: 357.0s
[ByzFL-SNN]   [Step 150/500] (30.0%) | Val Acc: 0.4257 | Test Acc: 0.4311 | VRAM (Alloc/Reserved): 93.7/632.0 MiB | Time: 526.4s
[ByzFL-SNN]   [Step 200/500] (40.0%) | Val Acc: 0.3354 | Test Acc: 0.3274 | VRAM (Alloc/Reserved): 93.5/632.0 MiB | Time: 688.5s
[ByzFL-SNN]   [Step 250/500] (50.0%) | Val Acc: 0.1732 | Test Acc: 0.1706 | VRAM (Alloc/Reserved): 94.3/632.0 MiB | Time: 855.7s
[ByzFL-SNN]   [Step 300/500] (60.0%) | Val Acc: 0.2134 | Test Acc: 0.2173 | VRAM (Alloc/Reserved): 93.0/632.0 MiB | Time: 1023.7s
[ByzFL-SNN]   [Step 350/500] (70.0%) | Val Acc: 0.0972 | Test Acc: 0.0958 | VRAM (Alloc/Reserved): 94.3/632.0 MiB | Time: 1187.7s
[ByzFL-SNN]   [Step 400/500] (80.0%) | Val Acc: 0.0968 | Test Acc: 0.0982 | VRAM (Alloc/Reserved): 93.4/632.0 MiB | Time: 1337.2s
[ByzFL-SNN]   [Step 450/500] (90.0%) | Val Acc: 0.0968 | Test Acc: 0.0982 | VRAM (Alloc/Reserved): 92.8/632.0 MiB | Time: 1465.2s
[ByzFL-SNN] [Training Complete] Peak VRAM (Alloc/Reserved): 419.5/632.0 MiB | Total time: 1576.0s

Training 336 done

[ByzFL-SNN] [Training Start] Model: cnn_mnist | Dataset: mnist
[ByzFL-SNN]   Aggregator: GeometricMedian | Attack: Optimal_InnerProductManipulation
[ByzFL-SNN]   Distribution: gamma_similarity_niid (gamma=0.0)
[ByzFL-SNN]   Clients: 10 honest, 5 byzantine | Algorithm: DSGD
[ByzFL-SNN]   Learning Rate: 0.15 | Steps: 500 | Device: cuda:0
[ByzFL-SNN]   Validation samples: 12000 | Test samples: 10000
[ByzFL-SNN] Initial VRAM (Alloc/Reserved): 36.1/42.0 MiB
[ByzFL-SNN]   [Step 0/500] (0.0%) | Val Acc: 0.1542 | Test Acc: 0.1595 | VRAM (Alloc/Reserved): 44.3/64.0 MiB | Time: 3.7s
[ByzFL-SNN]   [Step 50/500] (10.0%) | Val Acc: 0.2173 | Test Acc: 0.2225 | VRAM (Alloc/Reserved): 93.8/630.0 MiB | Time: 161.5s
[ByzFL-SNN]   [Step 100/500] (20.0%) | Val Acc: 0.0990 | Test Acc: 0.0980 | VRAM (Alloc/Reserved): 93.2/630.0 MiB | Time: 296.9s
[ByzFL-SNN]   [Step 150/500] (30.0%) | Val Acc: 0.0990 | Test Acc: 0.0980 | VRAM (Alloc/Reserved): 93.9/630.0 MiB | Time: 403.2s
[ByzFL-SNN]   [Step 200/500] (40.0%) | Val Acc: 0.0990 | Test Acc: 0.0980 | VRAM (Alloc/Reserved): 93.8/630.0 MiB | Time: 508.6s
[ByzFL-SNN]   [Step 250/500] (50.0%) | Val Acc: 0.0990 | Test Acc: 0.0980 | VRAM (Alloc/Reserved): 94.3/630.0 MiB | Time: 614.6s
[ByzFL-SNN]   [Step 300/500] (60.0%) | Val Acc: 0.0990 | Test Acc: 0.0980 | VRAM (Alloc/Reserved): 93.3/630.0 MiB | Time: 724.8s
[ByzFL-SNN]   [Step 350/500] (70.0%) | Val Acc: 0.0990 | Test Acc: 0.0980 | VRAM (Alloc/Reserved): 95.7/630.0 MiB | Time: 830.4s
[ByzFL-SNN]   [Step 400/500] (80.0%) | Val Acc: 0.0990 | Test Acc: 0.0980 | VRAM (Alloc/Reserved): 94.2/630.0 MiB | Time: 926.9s
[ByzFL-SNN]   [Step 450/500] (90.0%) | Val Acc: 0.0990 | Test Acc: 0.0980 | VRAM (Alloc/Reserved): 93.8/630.0 MiB | Time: 1014.0s
[ByzFL-SNN] [Training Complete] Peak VRAM (Alloc/Reserved): 422.3/630.0 MiB | Total time: 1092.2s

Training 337 done

[ByzFL-SNN] [Training Start] Model: cnn_mnist | Dataset: mnist
[ByzFL-SNN]   Aggregator: MultiKrum | Attack: Optimal_InnerProductManipulation
[ByzFL-SNN]   Distribution: gamma_similarity_niid (gamma=0.33)
[ByzFL-SNN]   Clients: 10 honest, 5 byzantine | Algorithm: DSGD
[ByzFL-SNN]   Learning Rate: 0.15 | Steps: 500 | Device: cuda:1
[ByzFL-SNN]   Validation samples: 12000 | Test samples: 10000
[ByzFL-SNN] Initial VRAM (Alloc/Reserved): 36.1/42.0 MiB
[ByzFL-SNN]   [Step 0/500] (0.0%) | Val Acc: 0.1542 | Test Acc: 0.1595 | VRAM (Alloc/Reserved): 44.3/64.0 MiB | Time: 3.5s
[ByzFL-SNN]   [Step 50/500] (10.0%) | Val Acc: 0.0968 | Test Acc: 0.0982 | VRAM (Alloc/Reserved): 93.7/632.0 MiB | Time: 131.3s
[ByzFL-SNN]   [Step 100/500] (20.0%) | Val Acc: 0.1182 | Test Acc: 0.1206 | VRAM (Alloc/Reserved): 94.3/632.0 MiB | Time: 269.4s
[ByzFL-SNN]   [Step 150/500] (30.0%) | Val Acc: 0.1852 | Test Acc: 0.1879 | VRAM (Alloc/Reserved): 94.6/632.0 MiB | Time: 404.2s
[ByzFL-SNN]   [Step 200/500] (40.0%) | Val Acc: 0.0877 | Test Acc: 0.0891 | VRAM (Alloc/Reserved): 93.9/632.0 MiB | Time: 533.6s
[ByzFL-SNN]   [Step 250/500] (50.0%) | Val Acc: 0.1068 | Test Acc: 0.1028 | VRAM (Alloc/Reserved): 94.3/632.0 MiB | Time: 662.8s
[ByzFL-SNN]   [Step 300/500] (60.0%) | Val Acc: 0.0877 | Test Acc: 0.0892 | VRAM (Alloc/Reserved): 94.5/632.0 MiB | Time: 797.8s
[ByzFL-SNN]   [Step 350/500] (70.0%) | Val Acc: 0.0877 | Test Acc: 0.0892 | VRAM (Alloc/Reserved): 94.4/632.0 MiB | Time: 935.8s
[ByzFL-SNN]   [Step 400/500] (80.0%) | Val Acc: 0.0877 | Test Acc: 0.0892 | VRAM (Alloc/Reserved): 94.4/632.0 MiB | Time: 1048.2s
[ByzFL-SNN]   [Step 450/500] (90.0%) | Val Acc: 0.0877 | Test Acc: 0.0892 | VRAM (Alloc/Reserved): 93.7/632.0 MiB | Time: 1141.8s
[ByzFL-SNN] [Training Complete] Peak VRAM (Alloc/Reserved): 419.9/632.0 MiB | Total time: 1220.2s

Training 338 done

[ByzFL-SNN] [Training Start] Model: cnn_mnist | Dataset: mnist
[ByzFL-SNN]   Aggregator: TrMean | Attack: Optimal_ALittleIsEnough_neg1
[ByzFL-SNN]   Distribution: gamma_similarity_niid (gamma=0.0)
[ByzFL-SNN]   Clients: 10 honest, 5 byzantine | Algorithm: DSGD
[ByzFL-SNN]   Learning Rate: 0.15 | Steps: 500 | Device: cuda:1
[ByzFL-SNN]   Validation samples: 12000 | Test samples: 10000
[ByzFL-SNN] Initial VRAM (Alloc/Reserved): 36.1/42.0 MiB
[ByzFL-SNN]   [Step 0/500] (0.0%) | Val Acc: 0.1542 | Test Acc: 0.1595 | VRAM (Alloc/Reserved): 44.3/64.0 MiB | Time: 3.7s
[ByzFL-SNN]   [Step 50/500] (10.0%) | Val Acc: 0.0990 | Test Acc: 0.0980 | VRAM (Alloc/Reserved): 94.0/630.0 MiB | Time: 123.8s
[ByzFL-SNN]   [Step 100/500] (20.0%) | Val Acc: 0.0990 | Test Acc: 0.0980 | VRAM (Alloc/Reserved): 94.3/630.0 MiB | Time: 209.8s
[ByzFL-SNN]   [Step 150/500] (30.0%) | Val Acc: 0.0990 | Test Acc: 0.0980 | VRAM (Alloc/Reserved): 93.7/630.0 MiB | Time: 296.4s
[ByzFL-SNN]   [Step 200/500] (40.0%) | Val Acc: 0.0990 | Test Acc: 0.0980 | VRAM (Alloc/Reserved): 93.5/630.0 MiB | Time: 381.3s
[ByzFL-SNN]   [Step 250/500] (50.0%) | Val Acc: 0.0990 | Test Acc: 0.0980 | VRAM (Alloc/Reserved): 94.3/630.0 MiB | Time: 467.6s
[ByzFL-SNN]   [Step 300/500] (60.0%) | Val Acc: 0.0990 | Test Acc: 0.0980 | VRAM (Alloc/Reserved): 93.0/630.0 MiB | Time: 545.1s
[ByzFL-SNN]   [Step 350/500] (70.0%) | Val Acc: 0.0990 | Test Acc: 0.0980 | VRAM (Alloc/Reserved): 94.3/630.0 MiB | Time: 616.0s
[ByzFL-SNN]   [Step 400/500] (80.0%) | Val Acc: 0.0990 | Test Acc: 0.0980 | VRAM (Alloc/Reserved): 93.4/630.0 MiB | Time: 679.2s
[ByzFL-SNN]   [Step 450/500] (90.0%) | Val Acc: 0.0990 | Test Acc: 0.0980 | VRAM (Alloc/Reserved): 92.8/630.0 MiB | Time: 734.8s
[ByzFL-SNN] [Training Complete] Peak VRAM (Alloc/Reserved): 419.5/630.0 MiB | Total time: 784.9s

Training 339 done

[ByzFL-SNN] [Training Start] Model: cnn_mnist | Dataset: mnist
[ByzFL-SNN]   Aggregator: TrMean | Attack: Optimal_InnerProductManipulation
[ByzFL-SNN]   Distribution: gamma_similarity_niid (gamma=0.33)
[ByzFL-SNN]   Clients: 10 honest, 5 byzantine | Algorithm: DSGD
[ByzFL-SNN]   Learning Rate: 0.15 | Steps: 500 | Device: cuda:0
[ByzFL-SNN]   Validation samples: 12000 | Test samples: 10000
[ByzFL-SNN] Initial VRAM (Alloc/Reserved): 36.1/42.0 MiB
[ByzFL-SNN]   [Step 0/500] (0.0%) | Val Acc: 0.1542 | Test Acc: 0.1595 | VRAM (Alloc/Reserved): 44.3/64.0 MiB | Time: 3.7s
[ByzFL-SNN]   [Step 50/500] (10.0%) | Val Acc: 0.4983 | Test Acc: 0.5085 | VRAM (Alloc/Reserved): 93.7/632.0 MiB | Time: 168.5s
[ByzFL-SNN]   [Step 100/500] (20.0%) | Val Acc: 0.0877 | Test Acc: 0.0892 | VRAM (Alloc/Reserved): 94.3/632.0 MiB | Time: 308.2s
[ByzFL-SNN]   [Step 150/500] (30.0%) | Val Acc: 0.1149 | Test Acc: 0.1152 | VRAM (Alloc/Reserved): 94.6/632.0 MiB | Time: 464.5s
[ByzFL-SNN]   [Step 200/500] (40.0%) | Val Acc: 0.1139 | Test Acc: 0.1145 | VRAM (Alloc/Reserved): 93.9/632.0 MiB | Time: 622.7s
[ByzFL-SNN]   [Step 250/500] (50.0%) | Val Acc: 0.1211 | Test Acc: 0.1233 | VRAM (Alloc/Reserved): 94.3/632.0 MiB | Time: 786.9s
[ByzFL-SNN]   [Step 300/500] (60.0%) | Val Acc: 0.1133 | Test Acc: 0.1135 | VRAM (Alloc/Reserved): 94.5/632.0 MiB | Time: 941.7s
[ByzFL-SNN]   [Step 350/500] (70.0%) | Val Acc: 0.1133 | Test Acc: 0.1135 | VRAM (Alloc/Reserved): 94.4/632.0 MiB | Time: 1117.2s
[ByzFL-SNN]   [Step 400/500] (80.0%) | Val Acc: 0.1133 | Test Acc: 0.1135 | VRAM (Alloc/Reserved): 94.4/632.0 MiB | Time: 1271.7s
[ByzFL-SNN]   [Step 450/500] (90.0%) | Val Acc: 0.1133 | Test Acc: 0.1135 | VRAM (Alloc/Reserved): 93.7/632.0 MiB | Time: 1400.8s
[ByzFL-SNN] [Training Complete] Peak VRAM (Alloc/Reserved): 419.9/632.0 MiB | Total time: 1498.6s

Training 340 done

[ByzFL-SNN] [Training Start] Model: cnn_mnist | Dataset: mnist
[ByzFL-SNN]   Aggregator: MultiKrum | Attack: Optimal_ALittleIsEnough_neg1
[ByzFL-SNN]   Distribution: gamma_similarity_niid (gamma=0.33)
[ByzFL-SNN]   Clients: 10 honest, 5 byzantine | Algorithm: DSGD
[ByzFL-SNN]   Learning Rate: 0.15 | Steps: 500 | Device: cuda:0
[ByzFL-SNN]   Validation samples: 12000 | Test samples: 10000
[ByzFL-SNN] Initial VRAM (Alloc/Reserved): 36.1/42.0 MiB
[ByzFL-SNN]   [Step 0/500] (0.0%) | Val Acc: 0.1542 | Test Acc: 0.1595 | VRAM (Alloc/Reserved): 44.3/64.0 MiB | Time: 3.7s
[ByzFL-SNN]   [Step 50/500] (10.0%) | Val Acc: 0.1667 | Test Acc: 0.1586 | VRAM (Alloc/Reserved): 94.0/632.0 MiB | Time: 175.6s
[ByzFL-SNN]   [Step 100/500] (20.0%) | Val Acc: 0.3673 | Test Acc: 0.3583 | VRAM (Alloc/Reserved): 94.3/632.0 MiB | Time: 354.3s
[ByzFL-SNN]   [Step 150/500] (30.0%) | Val Acc: 0.4200 | Test Acc: 0.4237 | VRAM (Alloc/Reserved): 93.7/632.0 MiB | Time: 521.3s
[ByzFL-SNN]   [Step 200/500] (40.0%) | Val Acc: 0.0877 | Test Acc: 0.0892 | VRAM (Alloc/Reserved): 93.5/632.0 MiB | Time: 682.5s
[ByzFL-SNN]   [Step 250/500] (50.0%) | Val Acc: 0.0972 | Test Acc: 0.0958 | VRAM (Alloc/Reserved): 94.3/632.0 MiB | Time: 830.2s
[ByzFL-SNN]   [Step 300/500] (60.0%) | Val Acc: 0.0877 | Test Acc: 0.0892 | VRAM (Alloc/Reserved): 93.0/632.0 MiB | Time: 988.1s
[ByzFL-SNN]   [Step 350/500] (70.0%) | Val Acc: 0.0877 | Test Acc: 0.0892 | VRAM (Alloc/Reserved): 94.3/632.0 MiB | Time: 1136.1s
[ByzFL-SNN]   [Step 400/500] (80.0%) | Val Acc: 0.0997 | Test Acc: 0.1032 | VRAM (Alloc/Reserved): 93.4/632.0 MiB | Time: 1262.8s
[ByzFL-SNN]   [Step 450/500] (90.0%) | Val Acc: 0.1133 | Test Acc: 0.1135 | VRAM (Alloc/Reserved): 92.8/632.0 MiB | Time: 1375.3s
[ByzFL-SNN] [Training Complete] Peak VRAM (Alloc/Reserved): 419.5/632.0 MiB | Total time: 1462.9s

Training 341 done

[ByzFL-SNN] [Training Start] Model: cnn_mnist | Dataset: mnist
[ByzFL-SNN]   Aggregator: GeometricMedian | Attack: Optimal_InnerProductManipulation
[ByzFL-SNN]   Distribution: gamma_similarity_niid (gamma=0.0)
[ByzFL-SNN]   Clients: 10 honest, 5 byzantine | Algorithm: DSGD
[ByzFL-SNN]   Learning Rate: 0.15 | Steps: 500 | Device: cuda:1
[ByzFL-SNN]   Validation samples: 12000 | Test samples: 10000
[ByzFL-SNN] Initial VRAM (Alloc/Reserved): 36.1/42.0 MiB
[ByzFL-SNN]   [Step 0/500] (0.0%) | Val Acc: 0.1542 | Test Acc: 0.1595 | VRAM (Alloc/Reserved): 44.3/64.0 MiB | Time: 3.7s
[ByzFL-SNN]   [Step 50/500] (10.0%) | Val Acc: 0.1068 | Test Acc: 0.1027 | VRAM (Alloc/Reserved): 93.8/630.0 MiB | Time: 135.8s
[ByzFL-SNN]   [Step 100/500] (20.0%) | Val Acc: 0.0997 | Test Acc: 0.1032 | VRAM (Alloc/Reserved): 93.2/630.0 MiB | Time: 267.1s
[ByzFL-SNN]   [Step 150/500] (30.0%) | Val Acc: 0.1133 | Test Acc: 0.1135 | VRAM (Alloc/Reserved): 93.9/630.0 MiB | Time: 408.6s
[ByzFL-SNN]   [Step 200/500] (40.0%) | Val Acc: 0.1133 | Test Acc: 0.1135 | VRAM (Alloc/Reserved): 93.8/630.0 MiB | Time: 548.2s
[ByzFL-SNN]   [Step 250/500] (50.0%) | Val Acc: 0.1068 | Test Acc: 0.1028 | VRAM (Alloc/Reserved): 94.3/630.0 MiB | Time: 693.3s
[ByzFL-SNN]   [Step 300/500] (60.0%) | Val Acc: 0.1068 | Test Acc: 0.1028 | VRAM (Alloc/Reserved): 93.3/630.0 MiB | Time: 829.5s
[ByzFL-SNN]   [Step 350/500] (70.0%) | Val Acc: 0.1133 | Test Acc: 0.1135 | VRAM (Alloc/Reserved): 95.7/630.0 MiB | Time: 943.4s
[ByzFL-SNN]   [Step 400/500] (80.0%) | Val Acc: 0.0972 | Test Acc: 0.0958 | VRAM (Alloc/Reserved): 94.2/630.0 MiB | Time: 1030.9s
[ByzFL-SNN]   [Step 450/500] (90.0%) | Val Acc: 0.1133 | Test Acc: 0.1135 | VRAM (Alloc/Reserved): 93.8/630.0 MiB | Time: 1103.6s
[ByzFL-SNN] [Training Complete] Peak VRAM (Alloc/Reserved): 422.3/630.0 MiB | Total time: 1161.7s

Training 342 done

[ByzFL-SNN] [Training Start] Model: cnn_mnist | Dataset: mnist
[ByzFL-SNN]   Aggregator: CenteredClipping | Attack: Optimal_ALittleIsEnough_neg1
[ByzFL-SNN]   Distribution: gamma_similarity_niid (gamma=0.0)
[ByzFL-SNN]   Clients: 10 honest, 5 byzantine | Algorithm: DSGD
[ByzFL-SNN]   Learning Rate: 0.15 | Steps: 500 | Device: cuda:1
[ByzFL-SNN]   Validation samples: 12000 | Test samples: 10000
[ByzFL-SNN] Initial VRAM (Alloc/Reserved): 36.1/42.0 MiB
[ByzFL-SNN]   [Step 0/500] (0.0%) | Val Acc: 0.1542 | Test Acc: 0.1595 | VRAM (Alloc/Reserved): 44.3/64.0 MiB | Time: 3.9s
[ByzFL-SNN]   [Step 50/500] (10.0%) | Val Acc: 0.1133 | Test Acc: 0.1135 | VRAM (Alloc/Reserved): 97.5/630.0 MiB | Time: 139.3s
[ByzFL-SNN]   [Step 100/500] (20.0%) | Val Acc: 0.1133 | Test Acc: 0.1135 | VRAM (Alloc/Reserved): 98.2/630.0 MiB | Time: 283.4s
[ByzFL-SNN]   [Step 150/500] (30.0%) | Val Acc: 0.0981 | Test Acc: 0.0974 | VRAM (Alloc/Reserved): 98.1/630.0 MiB | Time: 416.3s
[ByzFL-SNN]   [Step 200/500] (40.0%) | Val Acc: 0.0997 | Test Acc: 0.1032 | VRAM (Alloc/Reserved): 100.5/630.0 MiB | Time: 550.8s
[ByzFL-SNN]   [Step 250/500] (50.0%) | Val Acc: 0.0978 | Test Acc: 0.1009 | VRAM (Alloc/Reserved): 97.7/630.0 MiB | Time: 679.5s
[ByzFL-SNN]   [Step 300/500] (60.0%) | Val Acc: 0.0997 | Test Acc: 0.1032 | VRAM (Alloc/Reserved): 97.5/630.0 MiB | Time: 787.4s
[ByzFL-SNN]   [Step 350/500] (70.0%) | Val Acc: 0.1068 | Test Acc: 0.1028 | VRAM (Alloc/Reserved): 97.4/630.0 MiB | Time: 879.3s
[ByzFL-SNN]   [Step 400/500] (80.0%) | Val Acc: 0.0968 | Test Acc: 0.0982 | VRAM (Alloc/Reserved): 98.6/630.0 MiB | Time: 956.0s
[ByzFL-SNN]   [Step 450/500] (90.0%) | Val Acc: 0.0978 | Test Acc: 0.1009 | VRAM (Alloc/Reserved): 96.5/630.0 MiB | Time: 1016.8s
[ByzFL-SNN] [Training Complete] Peak VRAM (Alloc/Reserved): 424.5/630.0 MiB | Total time: 1070.8s

Training 343 done

[ByzFL-SNN] [Training Start] Model: cnn_mnist | Dataset: mnist
[ByzFL-SNN]   Aggregator: MultiKrum | Attack: Optimal_ALittleIsEnough_neg1
[ByzFL-SNN]   Distribution: gamma_similarity_niid (gamma=0.0)
[ByzFL-SNN]   Clients: 10 honest, 5 byzantine | Algorithm: DSGD
[ByzFL-SNN]   Learning Rate: 0.15 | Steps: 500 | Device: cuda:1
[ByzFL-SNN]   Validation samples: 12000 | Test samples: 10000
[ByzFL-SNN] Initial VRAM (Alloc/Reserved): 36.1/42.0 MiB
[ByzFL-SNN]   [Step 0/500] (0.0%) | Val Acc: 0.1542 | Test Acc: 0.1595 | VRAM (Alloc/Reserved): 44.3/64.0 MiB | Time: 3.5s
[ByzFL-SNN]   [Step 50/500] (10.0%) | Val Acc: 0.0990 | Test Acc: 0.0980 | VRAM (Alloc/Reserved): 94.0/630.0 MiB | Time: 115.4s
[ByzFL-SNN]   [Step 100/500] (20.0%) | Val Acc: 0.0990 | Test Acc: 0.0980 | VRAM (Alloc/Reserved): 94.3/630.0 MiB | Time: 201.5s
[ByzFL-SNN]   [Step 150/500] (30.0%) | Val Acc: 0.0990 | Test Acc: 0.0980 | VRAM (Alloc/Reserved): 93.7/630.0 MiB | Time: 281.2s
[ByzFL-SNN]   [Step 200/500] (40.0%) | Val Acc: 0.0990 | Test Acc: 0.0980 | VRAM (Alloc/Reserved): 93.5/630.0 MiB | Time: 351.9s
[ByzFL-SNN]   [Step 250/500] (50.0%) | Val Acc: 0.0990 | Test Acc: 0.0980 | VRAM (Alloc/Reserved): 94.3/630.0 MiB | Time: 417.5s
[ByzFL-SNN]   [Step 300/500] (60.0%) | Val Acc: 0.0990 | Test Acc: 0.0980 | VRAM (Alloc/Reserved): 93.0/630.0 MiB | Time: 472.7s
[ByzFL-SNN]   [Step 350/500] (70.0%) | Val Acc: 0.0990 | Test Acc: 0.0980 | VRAM (Alloc/Reserved): 94.3/630.0 MiB | Time: 526.5s
[ByzFL-SNN]   [Step 400/500] (80.0%) | Val Acc: 0.0990 | Test Acc: 0.0980 | VRAM (Alloc/Reserved): 93.4/630.0 MiB | Time: 569.7s
[ByzFL-SNN]   [Step 450/500] (90.0%) | Val Acc: 0.0990 | Test Acc: 0.0980 | VRAM (Alloc/Reserved): 92.8/630.0 MiB | Time: 611.4s
[ByzFL-SNN] [Training Complete] Peak VRAM (Alloc/Reserved): 419.5/630.0 MiB | Total time: 642.9s

Training 344 done

[ByzFL-SNN] [Training Start] Model: cnn_mnist | Dataset: mnist
[ByzFL-SNN]   Aggregator: CenteredClipping | Attack: Optimal_InnerProductManipulation
[ByzFL-SNN]   Distribution: gamma_similarity_niid (gamma=0.0)
[ByzFL-SNN]   Clients: 10 honest, 5 byzantine | Algorithm: DSGD
[ByzFL-SNN]   Learning Rate: 0.15 | Steps: 500 | Device: cuda:1
[ByzFL-SNN]   Validation samples: 12000 | Test samples: 10000
[ByzFL-SNN] Initial VRAM (Alloc/Reserved): 36.1/42.0 MiB
[ByzFL-SNN]   [Step 0/500] (0.0%) | Val Acc: 0.1542 | Test Acc: 0.1595 | VRAM (Alloc/Reserved): 44.3/64.0 MiB | Time: 3.7s
[ByzFL-SNN]   [Step 50/500] (10.0%) | Val Acc: 0.0991 | Test Acc: 0.0980 | VRAM (Alloc/Reserved): 97.2/630.0 MiB | Time: 131.8s
[ByzFL-SNN]   [Step 100/500] (20.0%) | Val Acc: 0.1133 | Test Acc: 0.1135 | VRAM (Alloc/Reserved): 97.0/630.0 MiB | Time: 251.8s
[ByzFL-SNN]   [Step 150/500] (30.0%) | Val Acc: 0.0990 | Test Acc: 0.0980 | VRAM (Alloc/Reserved): 98.3/630.0 MiB | Time: 385.5s
[ByzFL-SNN]   [Step 200/500] (40.0%) | Val Acc: 0.0972 | Test Acc: 0.0958 | VRAM (Alloc/Reserved): 97.7/630.0 MiB | Time: 514.9s
[ByzFL-SNN]   [Step 250/500] (50.0%) | Val Acc: 0.0877 | Test Acc: 0.0892 | VRAM (Alloc/Reserved): 96.8/630.0 MiB | Time: 617.4s
[ByzFL-SNN]   [Step 300/500] (60.0%) | Val Acc: 0.0877 | Test Acc: 0.0892 | VRAM (Alloc/Reserved): 96.5/630.0 MiB | Time: 714.8s
[ByzFL-SNN]   [Step 350/500] (70.0%) | Val Acc: 0.1133 | Test Acc: 0.1135 | VRAM (Alloc/Reserved): 97.0/630.0 MiB | Time: 795.5s
[ByzFL-SNN]   [Step 400/500] (80.0%) | Val Acc: 0.1133 | Test Acc: 0.1135 | VRAM (Alloc/Reserved): 97.5/630.0 MiB | Time: 864.1s
[ByzFL-SNN]   [Step 450/500] (90.0%) | Val Acc: 0.1133 | Test Acc: 0.1135 | VRAM (Alloc/Reserved): 97.8/630.0 MiB | Time: 920.7s
[ByzFL-SNN] [Training Complete] Peak VRAM (Alloc/Reserved): 424.2/630.0 MiB | Total time: 954.6s

Training 345 done

[ByzFL-SNN] [Training Start] Model: cnn_mnist | Dataset: mnist
[ByzFL-SNN]   Aggregator: MultiKrum | Attack: Optimal_InnerProductManipulation
[ByzFL-SNN]   Distribution: gamma_similarity_niid (gamma=0.33)
[ByzFL-SNN]   Clients: 10 honest, 5 byzantine | Algorithm: DSGD
[ByzFL-SNN]   Learning Rate: 0.15 | Steps: 500 | Device: cuda:0
[ByzFL-SNN]   Validation samples: 12000 | Test samples: 10000
[ByzFL-SNN] Initial VRAM (Alloc/Reserved): 36.1/42.0 MiB
[ByzFL-SNN]   [Step 0/500] (0.0%) | Val Acc: 0.1542 | Test Acc: 0.1595 | VRAM (Alloc/Reserved): 44.3/64.0 MiB | Time: 3.9s
[ByzFL-SNN]   [Step 50/500] (10.0%) | Val Acc: 0.1179 | Test Acc: 0.1178 | VRAM (Alloc/Reserved): 93.7/632.0 MiB | Time: 160.7s
[ByzFL-SNN]   [Step 100/500] (20.0%) | Val Acc: 0.1053 | Test Acc: 0.1108 | VRAM (Alloc/Reserved): 94.3/632.0 MiB | Time: 319.2s
[ByzFL-SNN]   [Step 150/500] (30.0%) | Val Acc: 0.1046 | Test Acc: 0.1030 | VRAM (Alloc/Reserved): 94.6/632.0 MiB | Time: 477.9s
[ByzFL-SNN]   [Step 200/500] (40.0%) | Val Acc: 0.1407 | Test Acc: 0.1449 | VRAM (Alloc/Reserved): 93.9/632.0 MiB | Time: 643.3s
[ByzFL-SNN]   [Step 250/500] (50.0%) | Val Acc: 0.1320 | Test Acc: 0.1284 | VRAM (Alloc/Reserved): 94.3/632.0 MiB | Time: 812.5s
[ByzFL-SNN]   [Step 300/500] (60.0%) | Val Acc: 0.0997 | Test Acc: 0.0986 | VRAM (Alloc/Reserved): 94.5/632.0 MiB | Time: 982.3s
[ByzFL-SNN]   [Step 350/500] (70.0%) | Val Acc: 0.0990 | Test Acc: 0.0980 | VRAM (Alloc/Reserved): 94.4/632.0 MiB | Time: 1127.5s
[ByzFL-SNN]   [Step 400/500] (80.0%) | Val Acc: 0.1037 | Test Acc: 0.1010 | VRAM (Alloc/Reserved): 94.4/632.0 MiB | Time: 1253.9s
[ByzFL-SNN]   [Step 450/500] (90.0%) | Val Acc: 0.1038 | Test Acc: 0.1010 | VRAM (Alloc/Reserved): 93.7/632.0 MiB | Time: 1353.0s
[ByzFL-SNN] [Training Complete] Peak VRAM (Alloc/Reserved): 419.9/632.0 MiB | Total time: 1433.4s

Training 346 done

[ByzFL-SNN] [Training Start] Model: cnn_mnist | Dataset: mnist
[ByzFL-SNN]   Aggregator: TrMean | Attack: Optimal_InnerProductManipulation
[ByzFL-SNN]   Distribution: gamma_similarity_niid (gamma=0.0)
[ByzFL-SNN]   Clients: 10 honest, 5 byzantine | Algorithm: DSGD
[ByzFL-SNN]   Learning Rate: 0.15 | Steps: 500 | Device: cuda:1
[ByzFL-SNN]   Validation samples: 12000 | Test samples: 10000
[ByzFL-SNN] Initial VRAM (Alloc/Reserved): 36.1/42.0 MiB
[ByzFL-SNN]   [Step 0/500] (0.0%) | Val Acc: 0.1542 | Test Acc: 0.1595 | VRAM (Alloc/Reserved): 44.3/64.0 MiB | Time: 3.9s
[ByzFL-SNN]   [Step 50/500] (10.0%) | Val Acc: 0.3793 | Test Acc: 0.3949 | VRAM (Alloc/Reserved): 93.7/630.0 MiB | Time: 138.7s
[ByzFL-SNN]   [Step 100/500] (20.0%) | Val Acc: 0.0981 | Test Acc: 0.0974 | VRAM (Alloc/Reserved): 94.3/630.0 MiB | Time: 267.1s
[ByzFL-SNN]   [Step 150/500] (30.0%) | Val Acc: 0.0978 | Test Acc: 0.1009 | VRAM (Alloc/Reserved): 94.6/630.0 MiB | Time: 387.7s
[ByzFL-SNN]   [Step 200/500] (40.0%) | Val Acc: 0.1133 | Test Acc: 0.1135 | VRAM (Alloc/Reserved): 93.9/630.0 MiB | Time: 490.9s
[ByzFL-SNN]   [Step 250/500] (50.0%) | Val Acc: 0.1133 | Test Acc: 0.1135 | VRAM (Alloc/Reserved): 94.3/630.0 MiB | Time: 575.3s
[ByzFL-SNN]   [Step 300/500] (60.0%) | Val Acc: 0.0968 | Test Acc: 0.0982 | VRAM (Alloc/Reserved): 94.5/630.0 MiB | Time: 641.4s
[ByzFL-SNN]   [Step 350/500] (70.0%) | Val Acc: 0.0968 | Test Acc: 0.0982 | VRAM (Alloc/Reserved): 94.4/630.0 MiB | Time: 700.3s
[ByzFL-SNN]   [Step 400/500] (80.0%) | Val Acc: 0.0968 | Test Acc: 0.0982 | VRAM (Alloc/Reserved): 94.4/630.0 MiB | Time: 726.0s
[ByzFL-SNN]   [Step 450/500] (90.0%) | Val Acc: 0.0968 | Test Acc: 0.0982 | VRAM (Alloc/Reserved): 93.7/630.0 MiB | Time: 746.9s
[ByzFL-SNN] [Training Complete] Peak VRAM (Alloc/Reserved): 419.9/630.0 MiB | Total time: 765.7s

Training 347 done

[ByzFL-SNN] [Training Start] Model: cnn_mnist | Dataset: mnist
[ByzFL-SNN]   Aggregator: GeometricMedian | Attack: Optimal_ALittleIsEnough_neg1
[ByzFL-SNN]   Distribution: gamma_similarity_niid (gamma=0.0)
[ByzFL-SNN]   Clients: 10 honest, 5 byzantine | Algorithm: DSGD
[ByzFL-SNN]   Learning Rate: 0.15 | Steps: 500 | Device: cuda:0
[ByzFL-SNN]   Validation samples: 12000 | Test samples: 10000
[ByzFL-SNN] Initial VRAM (Alloc/Reserved): 36.1/42.0 MiB
[ByzFL-SNN]   [Step 0/500] (0.0%) | Val Acc: 0.1542 | Test Acc: 0.1595 | VRAM (Alloc/Reserved): 44.3/64.0 MiB | Time: 3.9s
[ByzFL-SNN]   [Step 50/500] (10.0%) | Val Acc: 0.0981 | Test Acc: 0.0974 | VRAM (Alloc/Reserved): 93.7/630.0 MiB | Time: 178.7s
[ByzFL-SNN]   [Step 100/500] (20.0%) | Val Acc: 0.0990 | Test Acc: 0.0980 | VRAM (Alloc/Reserved): 94.7/630.0 MiB | Time: 356.8s
[ByzFL-SNN]   [Step 150/500] (30.0%) | Val Acc: 0.0972 | Test Acc: 0.0958 | VRAM (Alloc/Reserved): 94.4/630.0 MiB | Time: 519.0s
[ByzFL-SNN]   [Step 200/500] (40.0%) | Val Acc: 0.1037 | Test Acc: 0.1010 | VRAM (Alloc/Reserved): 93.9/630.0 MiB | Time: 676.4s
[ByzFL-SNN]   [Step 250/500] (50.0%) | Val Acc: 0.0968 | Test Acc: 0.0982 | VRAM (Alloc/Reserved): 93.5/630.0 MiB | Time: 840.2s
[ByzFL-SNN]   [Step 300/500] (60.0%) | Val Acc: 0.0978 | Test Acc: 0.1009 | VRAM (Alloc/Reserved): 93.0/630.0 MiB | Time: 987.6s
[ByzFL-SNN]   [Step 350/500] (70.0%) | Val Acc: 0.1037 | Test Acc: 0.1010 | VRAM (Alloc/Reserved): 94.2/630.0 MiB | Time: 1109.3s
[ByzFL-SNN]   [Step 400/500] (80.0%) | Val Acc: 0.0968 | Test Acc: 0.0982 | VRAM (Alloc/Reserved): 93.8/630.0 MiB | Time: 1213.5s
[ByzFL-SNN]   [Step 450/500] (90.0%) | Val Acc: 0.0968 | Test Acc: 0.0982 | VRAM (Alloc/Reserved): 94.9/630.0 MiB | Time: 1295.1s
[ByzFL-SNN] [Training Complete] Peak VRAM (Alloc/Reserved): 420.3/630.0 MiB | Total time: 1364.6s

Training 348 done

[ByzFL-SNN] [Training Start] Model: cnn_mnist | Dataset: mnist
[ByzFL-SNN]   Aggregator: MultiKrum | Attack: Optimal_InnerProductManipulation
[ByzFL-SNN]   Distribution: gamma_similarity_niid (gamma=0.0)
[ByzFL-SNN]   Clients: 10 honest, 5 byzantine | Algorithm: DSGD
[ByzFL-SNN]   Learning Rate: 0.15 | Steps: 500 | Device: cuda:1
[ByzFL-SNN]   Validation samples: 12000 | Test samples: 10000
[ByzFL-SNN] Initial VRAM (Alloc/Reserved): 36.1/42.0 MiB
[ByzFL-SNN]   [Step 0/500] (0.0%) | Val Acc: 0.1542 | Test Acc: 0.1595 | VRAM (Alloc/Reserved): 44.3/64.0 MiB | Time: 3.7s
[ByzFL-SNN]   [Step 50/500] (10.0%) | Val Acc: 0.1068 | Test Acc: 0.1028 | VRAM (Alloc/Reserved): 93.7/630.0 MiB | Time: 122.8s
[ByzFL-SNN]   [Step 100/500] (20.0%) | Val Acc: 0.1811 | Test Acc: 0.1881 | VRAM (Alloc/Reserved): 94.3/630.0 MiB | Time: 227.8s
[ByzFL-SNN]   [Step 150/500] (30.0%) | Val Acc: 0.1068 | Test Acc: 0.1028 | VRAM (Alloc/Reserved): 94.6/630.0 MiB | Time: 313.3s
[ByzFL-SNN]   [Step 200/500] (40.0%) | Val Acc: 0.0990 | Test Acc: 0.0980 | VRAM (Alloc/Reserved): 93.9/630.0 MiB | Time: 374.2s
[ByzFL-SNN]   [Step 250/500] (50.0%) | Val Acc: 0.0990 | Test Acc: 0.0980 | VRAM (Alloc/Reserved): 94.3/630.0 MiB | Time: 417.0s
[ByzFL-SNN]   [Step 300/500] (60.0%) | Val Acc: 0.0990 | Test Acc: 0.0980 | VRAM (Alloc/Reserved): 94.5/630.0 MiB | Time: 449.4s
[ByzFL-SNN]   [Step 350/500] (70.0%) | Val Acc: 0.0990 | Test Acc: 0.0980 | VRAM (Alloc/Reserved): 94.4/630.0 MiB | Time: 470.2s
[ByzFL-SNN]   [Step 400/500] (80.0%) | Val Acc: 0.0990 | Test Acc: 0.0980 | VRAM (Alloc/Reserved): 94.4/630.0 MiB | Time: 489.9s
[ByzFL-SNN]   [Step 450/500] (90.0%) | Val Acc: 0.0990 | Test Acc: 0.0980 | VRAM (Alloc/Reserved): 93.7/630.0 MiB | Time: 510.0s
[ByzFL-SNN] [Training Complete] Peak VRAM (Alloc/Reserved): 419.9/630.0 MiB | Total time: 524.1s

Training 349 done

[ByzFL-SNN] [Training Start] Model: cnn_mnist | Dataset: mnist
[ByzFL-SNN]   Aggregator: MultiKrum | Attack: Optimal_ALittleIsEnough_neg1
[ByzFL-SNN]   Distribution: gamma_similarity_niid (gamma=0.0)
[ByzFL-SNN]   Clients: 10 honest, 5 byzantine | Algorithm: DSGD
[ByzFL-SNN]   Learning Rate: 0.15 | Steps: 500 | Device: cuda:0
[ByzFL-SNN]   Validation samples: 12000 | Test samples: 10000
[ByzFL-SNN] Initial VRAM (Alloc/Reserved): 36.1/42.0 MiB
[ByzFL-SNN]   [Step 0/500] (0.0%) | Val Acc: 0.1542 | Test Acc: 0.1595 | VRAM (Alloc/Reserved): 44.3/64.0 MiB | Time: 3.7s
[ByzFL-SNN]   [Step 50/500] (10.0%) | Val Acc: 0.0990 | Test Acc: 0.0980 | VRAM (Alloc/Reserved): 94.0/630.0 MiB | Time: 141.4s
[ByzFL-SNN]   [Step 100/500] (20.0%) | Val Acc: 0.0990 | Test Acc: 0.0980 | VRAM (Alloc/Reserved): 94.3/630.0 MiB | Time: 247.0s
[ByzFL-SNN]   [Step 150/500] (30.0%) | Val Acc: 0.0990 | Test Acc: 0.0980 | VRAM (Alloc/Reserved): 93.7/630.0 MiB | Time: 345.5s
[ByzFL-SNN]   [Step 200/500] (40.0%) | Val Acc: 0.0990 | Test Acc: 0.0980 | VRAM (Alloc/Reserved): 93.5/630.0 MiB | Time: 434.0s
[ByzFL-SNN]   [Step 250/500] (50.0%) | Val Acc: 0.0990 | Test Acc: 0.0980 | VRAM (Alloc/Reserved): 94.3/630.0 MiB | Time: 515.9s
[ByzFL-SNN]   [Step 300/500] (60.0%) | Val Acc: 0.0990 | Test Acc: 0.0980 | VRAM (Alloc/Reserved): 93.0/630.0 MiB | Time: 588.3s
[ByzFL-SNN]   [Step 350/500] (70.0%) | Val Acc: 0.0990 | Test Acc: 0.0980 | VRAM (Alloc/Reserved): 94.3/630.0 MiB | Time: 652.9s
[ByzFL-SNN]   [Step 400/500] (80.0%) | Val Acc: 0.0990 | Test Acc: 0.0980 | VRAM (Alloc/Reserved): 93.4/630.0 MiB | Time: 706.7s
[ByzFL-SNN]   [Step 450/500] (90.0%) | Val Acc: 0.0990 | Test Acc: 0.0980 | VRAM (Alloc/Reserved): 92.8/630.0 MiB | Time: 758.7s
[ByzFL-SNN] [Training Complete] Peak VRAM (Alloc/Reserved): 419.5/630.0 MiB | Total time: 800.0s

Training 350 done

[ByzFL-SNN] [Training Start] Model: cnn_mnist | Dataset: mnist
[ByzFL-SNN]   Aggregator: CenteredClipping | Attack: Optimal_ALittleIsEnough_neg1
[ByzFL-SNN]   Distribution: gamma_similarity_niid (gamma=0.0)
[ByzFL-SNN]   Clients: 10 honest, 5 byzantine | Algorithm: DSGD
[ByzFL-SNN]   Learning Rate: 0.15 | Steps: 500 | Device: cuda:0
[ByzFL-SNN]   Validation samples: 12000 | Test samples: 10000
[ByzFL-SNN] Initial VRAM (Alloc/Reserved): 36.1/42.0 MiB
[ByzFL-SNN]   [Step 0/500] (0.0%) | Val Acc: 0.1542 | Test Acc: 0.1595 | VRAM (Alloc/Reserved): 44.3/64.0 MiB | Time: 3.7s
[ByzFL-SNN]   [Step 50/500] (10.0%) | Val Acc: 0.0981 | Test Acc: 0.0974 | VRAM (Alloc/Reserved): 97.5/630.0 MiB | Time: 165.0s
[ByzFL-SNN]   [Step 100/500] (20.0%) | Val Acc: 0.0972 | Test Acc: 0.0958 | VRAM (Alloc/Reserved): 98.2/630.0 MiB | Time: 329.8s
[ByzFL-SNN]   [Step 150/500] (30.0%) | Val Acc: 0.0978 | Test Acc: 0.1009 | VRAM (Alloc/Reserved): 98.1/630.0 MiB | Time: 488.4s
[ByzFL-SNN]   [Step 200/500] (40.0%) | Val Acc: 0.1037 | Test Acc: 0.1010 | VRAM (Alloc/Reserved): 100.5/630.0 MiB | Time: 670.2s
[ByzFL-SNN]   [Step 250/500] (50.0%) | Val Acc: 0.1037 | Test Acc: 0.1010 | VRAM (Alloc/Reserved): 97.7/630.0 MiB | Time: 825.7s
[ByzFL-SNN]   [Step 300/500] (60.0%) | Val Acc: 0.0997 | Test Acc: 0.1032 | VRAM (Alloc/Reserved): 97.5/630.0 MiB | Time: 955.4s
[ByzFL-SNN]   [Step 350/500] (70.0%) | Val Acc: 0.1133 | Test Acc: 0.1135 | VRAM (Alloc/Reserved): 97.4/630.0 MiB | Time: 1062.5s
[ByzFL-SNN]   [Step 400/500] (80.0%) | Val Acc: 0.0997 | Test Acc: 0.1032 | VRAM (Alloc/Reserved): 98.6/630.0 MiB | Time: 1145.4s
[ByzFL-SNN]   [Step 450/500] (90.0%) | Val Acc: 0.0877 | Test Acc: 0.0892 | VRAM (Alloc/Reserved): 96.5/630.0 MiB | Time: 1213.5s
[ByzFL-SNN] [Training Complete] Peak VRAM (Alloc/Reserved): 424.5/630.0 MiB | Total time: 1260.1s

Training 351 done

[ByzFL-SNN] [Training Start] Model: cnn_mnist | Dataset: mnist
[ByzFL-SNN]   Aggregator: TrMean | Attack: Optimal_ALittleIsEnough_neg1
[ByzFL-SNN]   Distribution: gamma_similarity_niid (gamma=0.0)
[ByzFL-SNN]   Clients: 10 honest, 5 byzantine | Algorithm: DSGD
[ByzFL-SNN]   Learning Rate: 0.15 | Steps: 500 | Device: cuda:0
[ByzFL-SNN]   Validation samples: 12000 | Test samples: 10000
[ByzFL-SNN] Initial VRAM (Alloc/Reserved): 36.1/42.0 MiB
[ByzFL-SNN]   [Step 0/500] (0.0%) | Val Acc: 0.1542 | Test Acc: 0.1595 | VRAM (Alloc/Reserved): 44.3/64.0 MiB | Time: 3.6s
[ByzFL-SNN]   [Step 50/500] (10.0%) | Val Acc: 0.0990 | Test Acc: 0.0980 | VRAM (Alloc/Reserved): 94.0/630.0 MiB | Time: 179.1s
[ByzFL-SNN]   [Step 100/500] (20.0%) | Val Acc: 0.0981 | Test Acc: 0.0974 | VRAM (Alloc/Reserved): 94.3/630.0 MiB | Time: 345.5s
[ByzFL-SNN]   [Step 150/500] (30.0%) | Val Acc: 0.0968 | Test Acc: 0.0982 | VRAM (Alloc/Reserved): 93.7/630.0 MiB | Time: 499.3s
[ByzFL-SNN]   [Step 200/500] (40.0%) | Val Acc: 0.0972 | Test Acc: 0.0958 | VRAM (Alloc/Reserved): 93.5/630.0 MiB | Time: 646.1s
[ByzFL-SNN]   [Step 250/500] (50.0%) | Val Acc: 0.0877 | Test Acc: 0.0892 | VRAM (Alloc/Reserved): 94.3/630.0 MiB | Time: 763.7s
[ByzFL-SNN]   [Step 300/500] (60.0%) | Val Acc: 0.0981 | Test Acc: 0.0974 | VRAM (Alloc/Reserved): 93.0/630.0 MiB | Time: 863.9s
[ByzFL-SNN]   [Step 350/500] (70.0%) | Val Acc: 0.0968 | Test Acc: 0.0982 | VRAM (Alloc/Reserved): 94.3/630.0 MiB | Time: 944.9s
[ByzFL-SNN]   [Step 400/500] (80.0%) | Val Acc: 0.0968 | Test Acc: 0.0982 | VRAM (Alloc/Reserved): 93.4/630.0 MiB | Time: 1016.9s
[ByzFL-SNN]   [Step 450/500] (90.0%) | Val Acc: 0.0990 | Test Acc: 0.0980 | VRAM (Alloc/Reserved): 92.8/630.0 MiB | Time: 1067.3s
[ByzFL-SNN] [Training Complete] Peak VRAM (Alloc/Reserved): 419.5/630.0 MiB | Total time: 1105.2s

Training 352 done

[ByzFL-SNN] [Training Start] Model: cnn_mnist | Dataset: mnist
[ByzFL-SNN]   Aggregator: CenteredClipping | Attack: Optimal_InnerProductManipulation
[ByzFL-SNN]   Distribution: gamma_similarity_niid (gamma=0.0)
[ByzFL-SNN]   Clients: 10 honest, 5 byzantine | Algorithm: DSGD
[ByzFL-SNN]   Learning Rate: 0.15 | Steps: 500 | Device: cuda:0
[ByzFL-SNN]   Validation samples: 12000 | Test samples: 10000
[ByzFL-SNN] Initial VRAM (Alloc/Reserved): 36.1/42.0 MiB
[ByzFL-SNN]   [Step 0/500] (0.0%) | Val Acc: 0.1542 | Test Acc: 0.1595 | VRAM (Alloc/Reserved): 44.3/64.0 MiB | Time: 3.8s
[ByzFL-SNN]   [Step 50/500] (10.0%) | Val Acc: 0.1176 | Test Acc: 0.1180 | VRAM (Alloc/Reserved): 97.2/630.0 MiB | Time: 160.8s
[ByzFL-SNN]   [Step 100/500] (20.0%) | Val Acc: 0.1133 | Test Acc: 0.1135 | VRAM (Alloc/Reserved): 97.0/630.0 MiB | Time: 314.9s
[ByzFL-SNN]   [Step 150/500] (30.0%) | Val Acc: 0.1837 | Test Acc: 0.1764 | VRAM (Alloc/Reserved): 98.3/630.0 MiB | Time: 481.3s
[ByzFL-SNN]   [Step 200/500] (40.0%) | Val Acc: 0.0908 | Test Acc: 0.0867 | VRAM (Alloc/Reserved): 97.7/630.0 MiB | Time: 645.8s
[ByzFL-SNN]   [Step 250/500] (50.0%) | Val Acc: 0.0958 | Test Acc: 0.0923 | VRAM (Alloc/Reserved): 96.8/630.0 MiB | Time: 791.6s
[ByzFL-SNN]   [Step 300/500] (60.0%) | Val Acc: 0.0972 | Test Acc: 0.0958 | VRAM (Alloc/Reserved): 96.5/630.0 MiB | Time: 914.3s
[ByzFL-SNN]   [Step 350/500] (70.0%) | Val Acc: 0.0972 | Test Acc: 0.0958 | VRAM (Alloc/Reserved): 97.0/630.0 MiB | Time: 1006.1s
[ByzFL-SNN]   [Step 400/500] (80.0%) | Val Acc: 0.0972 | Test Acc: 0.0958 | VRAM (Alloc/Reserved): 97.5/630.0 MiB | Time: 1079.9s
[ByzFL-SNN]   [Step 450/500] (90.0%) | Val Acc: 0.0971 | Test Acc: 0.0957 | VRAM (Alloc/Reserved): 97.8/630.0 MiB | Time: 1129.5s
[ByzFL-SNN] [Training Complete] Peak VRAM (Alloc/Reserved): 424.2/630.0 MiB | Total time: 1163.5s

Training 353 done

[ByzFL-SNN] [Training Start] Model: cnn_mnist | Dataset: mnist
[ByzFL-SNN]   Aggregator: MultiKrum | Attack: Optimal_InnerProductManipulation
[ByzFL-SNN]   Distribution: gamma_similarity_niid (gamma=0.0)
[ByzFL-SNN]   Clients: 10 honest, 5 byzantine | Algorithm: DSGD
[ByzFL-SNN]   Learning Rate: 0.15 | Steps: 500 | Device: cuda:0
[ByzFL-SNN]   Validation samples: 12000 | Test samples: 10000
[ByzFL-SNN] Initial VRAM (Alloc/Reserved): 36.1/42.0 MiB
[ByzFL-SNN]   [Step 0/500] (0.0%) | Val Acc: 0.1542 | Test Acc: 0.1595 | VRAM (Alloc/Reserved): 44.3/64.0 MiB | Time: 3.7s
[ByzFL-SNN]   [Step 50/500] (10.0%) | Val Acc: 0.1098 | Test Acc: 0.1209 | VRAM (Alloc/Reserved): 93.7/630.0 MiB | Time: 156.8s
[ByzFL-SNN]   [Step 100/500] (20.0%) | Val Acc: 0.0978 | Test Acc: 0.1009 | VRAM (Alloc/Reserved): 94.3/630.0 MiB | Time: 288.2s
[ByzFL-SNN]   [Step 150/500] (30.0%) | Val Acc: 0.0990 | Test Acc: 0.0980 | VRAM (Alloc/Reserved): 94.6/630.0 MiB | Time: 377.4s
[ByzFL-SNN]   [Step 200/500] (40.0%) | Val Acc: 0.0990 | Test Acc: 0.0980 | VRAM (Alloc/Reserved): 93.9/630.0 MiB | Time: 435.9s
[ByzFL-SNN]   [Step 250/500] (50.0%) | Val Acc: 0.0990 | Test Acc: 0.0980 | VRAM (Alloc/Reserved): 94.3/630.0 MiB | Time: 489.2s
[ByzFL-SNN]   [Step 300/500] (60.0%) | Val Acc: 0.0990 | Test Acc: 0.0980 | VRAM (Alloc/Reserved): 94.5/630.0 MiB | Time: 537.3s
[ByzFL-SNN]   [Step 350/500] (70.0%) | Val Acc: 0.0990 | Test Acc: 0.0980 | VRAM (Alloc/Reserved): 94.4/630.0 MiB | Time: 576.0s
[ByzFL-SNN]   [Step 400/500] (80.0%) | Val Acc: 0.0990 | Test Acc: 0.0980 | VRAM (Alloc/Reserved): 94.4/630.0 MiB | Time: 610.4s
[ByzFL-SNN]   [Step 450/500] (90.0%) | Val Acc: 0.0990 | Test Acc: 0.0980 | VRAM (Alloc/Reserved): 93.7/630.0 MiB | Time: 637.0s
[ByzFL-SNN] [Training Complete] Peak VRAM (Alloc/Reserved): 419.9/630.0 MiB | Total time: 653.5s

Training 354 done

[ByzFL-SNN] [Training Start] Model: cnn_mnist | Dataset: mnist
[ByzFL-SNN]   Aggregator: TrMean | Attack: Optimal_InnerProductManipulation
[ByzFL-SNN]   Distribution: gamma_similarity_niid (gamma=0.0)
[ByzFL-SNN]   Clients: 10 honest, 5 byzantine | Algorithm: DSGD
[ByzFL-SNN]   Learning Rate: 0.15 | Steps: 500 | Device: cuda:0
[ByzFL-SNN]   Validation samples: 12000 | Test samples: 10000
[ByzFL-SNN] Initial VRAM (Alloc/Reserved): 36.1/42.0 MiB
[ByzFL-SNN]   [Step 0/500] (0.0%) | Val Acc: 0.1542 | Test Acc: 0.1595 | VRAM (Alloc/Reserved): 44.3/64.0 MiB | Time: 4.0s
[ByzFL-SNN]   [Step 50/500] (10.0%) | Val Acc: 0.1413 | Test Acc: 0.1434 | VRAM (Alloc/Reserved): 93.7/630.0 MiB | Time: 175.0s
[ByzFL-SNN]   [Step 100/500] (20.0%) | Val Acc: 0.0924 | Test Acc: 0.0968 | VRAM (Alloc/Reserved): 94.3/630.0 MiB | Time: 334.2s
[ByzFL-SNN]   [Step 150/500] (30.0%) | Val Acc: 0.1133 | Test Acc: 0.1135 | VRAM (Alloc/Reserved): 94.6/630.0 MiB | Time: 470.5s
[ByzFL-SNN]   [Step 200/500] (40.0%) | Val Acc: 0.1133 | Test Acc: 0.1135 | VRAM (Alloc/Reserved): 93.9/630.0 MiB | Time: 591.1s
[ByzFL-SNN]   [Step 250/500] (50.0%) | Val Acc: 0.1133 | Test Acc: 0.1135 | VRAM (Alloc/Reserved): 94.3/630.0 MiB | Time: 684.8s
[ByzFL-SNN]   [Step 300/500] (60.0%) | Val Acc: 0.1068 | Test Acc: 0.1028 | VRAM (Alloc/Reserved): 94.5/630.0 MiB | Time: 765.0s
[ByzFL-SNN]   [Step 350/500] (70.0%) | Val Acc: 0.1068 | Test Acc: 0.1028 | VRAM (Alloc/Reserved): 94.4/630.0 MiB | Time: 823.5s
[ByzFL-SNN]   [Step 400/500] (80.0%) | Val Acc: 0.1037 | Test Acc: 0.1010 | VRAM (Alloc/Reserved): 94.4/630.0 MiB | Time: 869.4s
[ByzFL-SNN]   [Step 450/500] (90.0%) | Val Acc: 0.1037 | Test Acc: 0.1010 | VRAM (Alloc/Reserved): 93.7/630.0 MiB | Time: 895.7s
[ByzFL-SNN] [Training Complete] Peak VRAM (Alloc/Reserved): 419.9/630.0 MiB | Total time: 911.9s

Training 355 done
All trainings finished.
Done

============================================================
Benchmark complete! Generating heatmaps...
  results_dir = results/activation_clip/cnn_mnist_rawqclip_080
  plots_dir   = results/activation_clip_plots/cnn_mnist_rawqclip_080
============================================================

--> Generating heatmaps for attack: merged
    - Saved line plots
    - Saved loss heatmaps
    - Saved aggregated test heatmaps

--> Generating heatmaps for attack: SignFlipping
    - Saved line plots
    - Saved loss heatmaps
    - Saved aggregated test heatmaps

--> Generating heatmaps for attack: Optimal_InnerProductManipulation
    - Saved line plots
    - Saved loss heatmaps
    - Saved aggregated test heatmaps

--> Generating heatmaps for attack: Optimal_ALittleIsEnough_neg1
    - Saved line plots
    - Saved loss heatmaps
    - Saved aggregated test heatmaps

All plots saved in results/activation_clip_plots/cnn_mnist_rawqclip_080/
[2026-07-23 19:02:58.255416] Finished configs/activation_clip/cnn_mnist_rawqclip_080.json.
Plots in results/activation_clip_plots/cnn_mnist_rawqclip_080/
