step,AhistW_00,AhistW_01,AhistW_02,AhistW_03,AhistW_04,AhistW_05,AhistW_06,AhistW_07,AhistW_08,AhistW_09,AhistW_10,AhistW_11,AhistW_12,AhistW_13,AhistW_14,AhistW_15,AhistW_16,AhistW_17,AhistW_18,AhistW_19,Ahist_00,Ahist_01,Ahist_02,Ahist_03,Ahist_04,Ahist_05,Ahist_06,Ahist_07,Ahist_08,Ahist_09,Ahist_10,Ahist_11,Ahist_12,Ahist_13,Ahist_14,Ahist_15,Ahist_16,Ahist_17,Ahist_18,Ahist_19,Q__c1,Q__c2,Q__f1,Q__f2,S__c1,S__c2,S__f1,S__f2,absmu_median__c1,absmu_median__c2,absmu_median__f1,absmu_median__f2,absmu_q25__c1,absmu_q25__c2,absmu_q25__f1,absmu_q25__f2,absmu_q75__c1,absmu_q75__c2,absmu_q75__f1,absmu_q75__f2,consensus_Q,consensus_S,cos_max,cos_mean,cos_min,cv_median,dispersion_N,norm_0,norm_1,norm_2,norm_3,norm_4,norm_5,norm_6,norm_7,norm_8,norm_9
0,0.10621163994073868,0.0,0.0,0.0,0.21245555579662323,0.0,0.0,0.22609612345695496,0.0,0.0,0.0,0.0,0.20095951855182648,0.0,0.0,0.0,0.19400948286056519,0.0,0.0,0.060267627239227295,0.2302527278661728,0.0,0.0,0.0,0.32493770122528076,0.0,0.0,0.20876486599445343,0.0,0.0,0.0,0.0,0.12422866374254227,0.0,0.0,0.0,0.07694454491138458,0.0,0.0,0.034871503710746765,0.23461538553237915,0.22371257841587067,0.18568290770053864,0.5590817928314209,0.5551872849464417,0.5090587735176086,0.3289673626422882,0.6834643483161926,0.00015966650971677154,9.240930376108736e-05,1.4133669537841342e-05,9.411526116309687e-05,6.029708310961723e-05,3.60466365236789e-05,1.9160615920554847e-06,1.1041413017665036e-05,0.00027759725344367325,0.0001824377104640007,4.678088953369297e-05,0.00029913787147961557,0.1922914683818817,0.4552195072174072,0.22673910856246948,-0.01712539978325367,-0.17382505536079407,2.5855307579040527,0.18125903606414795,0.1849956214427948,0.17849205434322357,0.1899312287569046,0.12191413342952728,0.17378732562065125,0.15041013062000275,0.23600120842456818,0.2337094098329544,0.22105538845062256,0.18651163578033447
1,0.11269988864660263,0.0,0.0,0.0,0.2146497517824173,0.0,0.0,0.22151485085487366,0.0,0.0,0.0,0.0,0.18267042934894562,0.0,0.0,0.0,0.2135913223028183,0.0,0.0,0.05487380921840668,0.21820072829723358,0.0,0.0,0.0,0.3175966739654541,0.0,0.0,0.19710297882556915,0.0,0.0,0.0,0.0,0.12929312884807587,0.0,0.0,0.0,0.09247247874736786,0.0,0.0,0.04533401504158974,0.20769231021404266,0.2224351316690445,0.22061674296855927,0.6119760274887085,0.5423390865325928,0.48143482208251953,0.3223651945590973,0.7214319705963135,0.00027831498300656676,0.00017256081628147513,2.6287390937795863e-05,0.00017915388161782175,0.00013048324035480618,6.822285649832338e-05,3.4520257941039745e-06,2.051712726824917e-05,0.0005019037052989006,0.0003407477051950991,8.763263758737594e-05,0.0005604879697784781,0.22525517642498016,0.45112138986587524,0.2232574224472046,-0.020692717283964157,-0.2169192135334015,2.5615177154541016,0.1662849634885788,0.4083523154258728,0.332866370677948,0.3667549192905426,0.2654294967651367,0.31382831931114197,0.2811587154865265,0.4309239089488983,0.3747502267360687,0.4608805775642395,0.3713802099227905
2,0.10684709995985031,0.0,0.0,0.0,0.20939168334007263,0.0,0.0,0.2119133174419403,0.0,0.0,0.0,0.0,0.18559740483760834,0.0,0.0,0.0,0.2115781307220459,0.0,0.0,0.07467232644557953,0.21100828051567078,0.0,0.0,0.0,0.3026737868785858,0.0,0.0,0.19689427316188812,0.0,0.0,0.0,0.0,0.1357569396495819,0.0,0.0,0.0,0.0932961106300354,0.0,0.0,0.060370612889528275,0.2576923072338104,0.22970059514045715,0.24474158883094788,0.6584830284118652,0.6179138422012329,0.5010484457015991,0.34330958127975464,0.7429831027984619,0.000380344339646399,0.00024749580188654363,3.7149984564166516e-05,0.0002560311113484204,0.00016383384354412556,9.836777462624013e-05,4.780460585607216e-06,2.9307171644177288e-05,0.0006906141061335802,0.0004894721787422895,0.00012370836338959634,0.000791096652392298,0.24869166314601898,0.4718370735645294,0.18066543340682983,-0.01919313333928585,-0.16817182302474976,2.4804253578186035,0.12467236071825027,0.5315337777137756,0.43299272656440735,0.49464643001556396,0.41402944922447205,0.4538145363330841,0.43801626563072205,0.5964088439941406,0.517888069152832,0.5987150073051453,0.5262287855148315
3,0.09291510283946991,0.0,0.0,0.0,0.19757521152496338,0.0,0.0,0.21157442033290863,0.0,0.0,0.0,0.0,0.18504534661769867,0.0,0.0,0.0,0.23249545693397522,0.0,0.0,0.08039447665214539,0.20352482795715332,0.0,0.0,0.0,0.30192598700523376,0.0,0.0,0.19252948462963104,0.0,0.0,0.0,0.0,0.1318342685699463,0.0,0.0,0.0,0.10418931394815445,0.0,0.0,0.06599611043930054,0.27115383744239807,0.24327345192432404,0.257563054561615,0.6830338835716248,0.6069151759147644,0.538312554359436,0.3563966751098633,0.7878583669662476,0.00044748070649802685,0.00030859734397381544,4.672971408581361e-05,0.00032510131131857634,0.00020249935914762318,0.0001226722088176757,5.950968898105202e-06,3.826143074547872e-05,0.0008466207655146718,0.0006150412373244762,0.0001553462352603674,0.0010008416138589382,0.26169389486312866,0.49792537093162537,0.24399954080581665,-0.015430212020874023,-0.16942788660526276,2.473396062850952,0.10298418998718262,0.6891767382621765,0.5378434658050537,0.5947489142417908,0.5743451118469238,0.5250208377838135,0.572189450263977,0.7048702239990234,0.6625128388404846,0.6964921951293945,0.6361174583435059
4,0.09057998657226562,0.0,0.0,0.0,0.20201264321804047,0.0,0.0,0.20662814378738403,0.0,0.0,0.0,0.0,0.18619996309280396,0.0,0.0,0.0,0.2389926314353943,0.0,0.0,0.07558661699295044,0.19907501339912415,0.0,0.0,0.0,0.30379363894462585,0.0,0.0,0.19202882051467896,0.0,0.0,0.0,0.0,0.13137948513031006,0.0,0.0,0.0,0.1054752767086029,0.0,0.0,0.06824777275323868,0.2730769217014313,0.24882236123085022,0.2622646689414978,0.699999988079071,0.6448805928230286,0.5401658415794373,0.3522462844848633,0.7990205883979797,0.0005490741459652781,0.00036495807580649853,5.5793287174310535e-05,0.0003881401789840311,0.00027567692450247705,0.00014458296936936677,7.1762506195227616e-06,4.506699042394757e-05,0.0010468135587871075,0.0007232335628941655,0.00018458120757713914,0.0012205149978399277,0.26658394932746887,0.5007707476615906,0.23467956483364105,-0.0163678340613842,-0.11331511288881302,2.4872548580169678,0.09560427814722061,0.8048114776611328,0.6068452596664429,0.6980144381523132,0.7165489792823792,0.6498505473136902,0.6994643211364746,0.8344479203224182,0.7822656631469727,0.8063745498657227,0.7636426687240601
5,0.09555798768997192,0.0,0.0,0.0,0.20768898725509644,0.0,0.0,0.20535720884799957,0.0,0.0,0.0,0.0,0.19373776018619537,0.0,0.0,0.0,0.23225249350070953,0.0,0.0,0.06540554761886597,0.2027699202299118,0.0,0.0,0.0,0.3040127456188202,0.0,0.0,0.187596395611763,0.0,0.0,0.0,0.0,0.13339018821716309,0.0,0.0,0.0,0.10402486473321915,0.0,0.0,0.06820586323738098,0.29230770468711853,0.24171656370162964,0.2654731571674347,0.7161676287651062,0.7147440314292908,0.5290254354476929,0.33333820104599,0.8023762106895447,0.0006347610615193844,0.0004055693279951811,6.462613237090409e-05,0.00045892936759628356,0.00030202718335203826,0.00015995395369827747,8.363167580682784e-06,4.991265450371429e-05,0.0012636079918593168,0.0008077827515080571,0.00021084198669996113,0.0014048757730051875,0.26936301589012146,0.4913889169692993,0.22096851468086243,-0.020051341503858566,-0.1226719468832016,2.529561758041382,0.10081739723682404,0.9583757519721985,0.7035331130027771,0.8112321496009827,0.8531606197357178,0.7699452042579651,0.7597032189369202,0.9145568609237671,0.9066722989082336,0.9780932664871216,0.8852311372756958
6,0.10153892636299133,0.0,0.0,0.0,0.20741884410381317,0.0,0.0,0.20469796657562256,0.0,0.0,0.0,0.0,0.19201864302158356,0.0,0.0,0.0,0.22537432610988617,0.0,0.0,0.06895127147436142,0.20540083944797516,0.0,0.0,0.0,0.30021172761917114,0.0,0.0,0.1855001002550125,0.0,0.0,0.0,0.0,0.13221484422683716,0.0,0.0,0.0,0.10381926596164703,0.0,0.0,0.07285323739051819,0.2884615361690521,0.23864272236824036,0.2698327302932739,0.7363273501396179,0.7093837261199951,0.5286802649497986,0.3066907823085785,0.8301004767417908,0.0007668232428841293,0.00043984048534184694,7.284498133230954e-05,0.0005166474147699773,0.000347167399013415,0.00017273817502427846,9.38264565775171e-06,6.11817667959258e-05,0.0016108560375869274,0.0008762317011132836,0.00023577650426886976,0.0015834786463528872,0.2734643220901489,0.4863392412662506,0.18385453522205353,-0.02261367440223694,-0.12647731602191925,2.5590012073516846,0.11239759624004364,1.1146198511123657,0.777321457862854,0.9033330678939819,0.9563155174255371,0.8599265217781067,0.84297114610672,1.0195097923278809,1.0068384408950806,1.090109944343567,1.0623172521591187
7,0.10424783080816269,0.0,0.0,0.0,0.22334714233875275,0.0,0.0,0.208229199051857,0.0,0.0,0.0,0.0,0.18290574848651886,0.0,0.0,0.0,0.2174120843410492,0.0,0.0,0.06385791301727295,0.2103145271539688,0.0,0.0,0.0,0.306539922952652,0.0,0.0,0.18556489050388336,0.0,0.0,0.0,0.0,0.125200092792511,0.0,0.0,0.0,0.10065412521362305,0.0,0.0,0.07172644138336182,0.3384615480899811,0.23101796209812164,0.26041948795318604,0.7383233308792114,0.7417159676551819,0.5082467794418335,0.26603323221206665,0.8203538656234741,0.0009675543988123536,0.00046738056698814034,8.054720819927752e-05,0.0005770319839939475,0.00041200959822162986,0.00018288558931089938,1.0354604455642402e-05,6.4341482357122e-05,0.0019755910616368055,0.0009428210323676467,0.0002577830455265939,0.0017417161725461483,0.2643592953681946,0.4641692340373993,0.22239559888839722,-0.02979276329278946,-0.1287522315979004,2.6342058181762695,0.11458399891853333,1.2462780475616455,0.8887296319007874,0.9892793297767639,1.0832046270370483,0.9586219787597656,0.9955011606216431,1.1472655534744263,1.1305874586105347,1.2519747018814087,1.2474186420440674
8,0.10563550889492035,0.0,0.0,0.0,0.22377443313598633,0.0,0.0,0.2102847844362259,0.0,0.0,0.0,0.0,0.17477059364318848,0.0,0.0,0.0,0.21675528585910797,0.0,0.0,0.06877946853637695,0.21013705432415009,0.0,0.0,0.0,0.30775874853134155,0.0,0.0,0.18342213332653046,0.0,0.0,0.0,0.0,0.12451091408729553,0.0,0.0,0.0,0.0991930142045021,0.0,0.0,0.07497815042734146,0.39230769872665405,0.2226746529340744,0.26289889216423035,0.7461077570915222,0.7503196001052856,0.4954361021518707,0.25527530908584595,0.8175026774406433,0.0012517647119238973,0.0004957787459716201,8.901694673113525e-05,0.0006355333025567234,0.0005242705228738487,0.0001958963694050908,1.1431365237513091e-05,7.273434312082827e-05,0.002425878308713436,0.001011413405649364,0.00028179961373098195,0.0019278544932603836,0.2663334012031555,0.46029746532440186,0.20554666221141815,-0.03103991597890854,-0.14737552404403687,2.662879228591919,0.10806788504123688,1.3712562322616577,0.9782098531723022,1.1192293167114258,1.1891952753067017,1.0407150983810425,1.101136326789856,1.299347996711731,1.2507245540618896,1.365939974784851,1.2896839380264282
9,0.10619234293699265,0.0,0.0,0.0,0.22860187292099,0.0,0.0,0.20076142251491547,0.0,0.0,0.0,0.0,0.1729220151901245,0.0,0.0,0.0,0.2179580181837082,0.0,0.0,0.073564313352108,0.21366563439369202,0.0,0.0,0.0,0.3113202750682831,0.0,0.0,0.1805967539548874,0.0,0.0,0.0,0.0,0.12093159556388855,0.0,0.0,0.0,0.09833461791276932,0.0,0.0,0.07515110820531845,0.44807693362236023,0.21676646173000336,0.2596729099750519,0.7548902034759521,0.828380286693573,0.48853248357772827,0.24733735620975494,0.8204112648963928,0.0015679007628932595,0.0005329110426828265,9.649396815802902e-05,0.0007078825728967786,0.0006669192807748914,0.00020752078853547573,1.228121982421726e-05,8.089145558187738e-05,0.00298674707300961,0.0010881582275032997,0.0003051256644539535,0.0021317447535693645,0.2631623148918152,0.46443918347358704,0.2167101800441742,-0.03267468512058258,-0.1628078669309616,2.682145118713379,0.10548817366361618,1.494256615638733,1.0891133546829224,1.259714961051941,1.3147985935211182,1.1650445461273193,1.2181718349456787,1.3913853168487549,1.3304696083068848,1.567955732345581,1.4007327556610107
10,0.11130468547344208,0.0,0.0,0.0,0.22607506811618805,0.0,0.0,0.18787820637226105,0.0,0.0,0.0,0.0,0.17002052068710327,0.0,0.0,0.0,0.22804103791713715,0.0,0.0,0.0766804963350296,0.21700534224510193,0.0,0.0,0.0,0.3126639425754547,0.0,0.0,0.1796925961971283,0.0,0.0,0.0,0.0,0.11746669560670853,0.0,0.0,0.0,0.09840340167284012,0.0,0.0,0.07476802915334702,0.5326923131942749,0.21628741919994354,0.2561722993850708,0.7668662667274475,0.917965292930603,0.4948717951774597,0.23154881596565247,0.8396556973457336,0.0018820937257260084,0.0005709973629564047,0.00010447460226714611,0.0007596722571179271,0.00079767731949687,0.00021920724248047918,1.3034119547228329e-05,8.75585901667364e-05,0.003796094562858343,0.0011804731329903007,0.000332311203237623,0.002418206073343754,0.26012343168258667,0.4747372269630432,0.20198221504688263,-0.03351100906729698,-0.14979523420333862,2.732764482498169,0.11637472361326218,1.649254560470581,1.1925711631774902,1.4696378707885742,1.406067132949829,1.305827260017395,1.292378306388855,1.5685333013534546,1.4359948635101318,1.7970503568649292,1.4837990999221802
11,0.11274897307157516,0.0,0.0,0.0,0.21869365870952606,0.0,0.0,0.18937885761260986,0.0,0.0,0.0,0.0,0.1584833413362503,0.0,0.0,0.0,0.23828701674938202,0.0,0.0,0.08240816742181778,0.22165563702583313,0.0,0.0,0.0,0.3143693804740906,0.0,0.0,0.1762896329164505,0.0,0.0,0.0,0.0,0.11620265990495682,0.0,0.0,0.0,0.09905749559402466,0.0,0.0,0.07242518663406372,0.5692307949066162,0.21409182250499725,0.25390511751174927,0.7682634592056274,0.9481775760650635,0.510556697845459,0.21606537699699402,0.8224212527275085,0.0023198616690933704,0.0006177168106660247,0.00011313272989355028,0.0008787239203229547,0.0009574108989909291,0.00023516867076978087,1.3725433746003546e-05,9.434339153813198e-05,0.004627583548426628,0.0012898530112579465,0.00036237231688573956,0.0027657574974000454,0.2579497992992401,0.4791726768016815,0.17859822511672974,-0.03385370969772339,-0.16392946243286133,2.7741827964782715,0.11139028519392014,1.784256935119629,1.385002613067627,1.583175778388977,1.5163708925247192,1.4859317541122437,1.3790256977081299,1.707468867301941,1.661995530128479,1.9938879013061523,1.5697613954544067
12,0.1100909411907196,0.0,0.0,0.0,0.21175971627235413,0.0,0.0,0.18873900175094604,0.0,0.0,0.0,0.0,0.1606186479330063,0.0,0.0,0.0,0.24290025234222412,0.0,0.0,0.0858914777636528,0.22231359779834747,0.0,0.0,0.0,0.31379684805870056,0.0,0.0,0.17884141206741333,0.0,0.0,0.0,0.0,0.11539307236671448,0.0,0.0,0.0,0.09861868619918823,0.0,0.0,0.07103638350963593,0.6115384697914124,0.22111776471138,0.251016229391098,0.7640718221664429,0.9629614949226379,0.5281712412834167,0.20586244761943817,0.8174170255661011,0.002714610192924738,0.0006667831912636757,0.00012245701509527862,0.0009883844759315252,0.0011215083068236709,0.00025429908419027925,1.4297181223810185e-05,9.9432363640517e-05,0.005590655840933323,0.0014174690004438162,0.0003961305192206055,0.0031361079309135675,0.2556764483451843,0.4894048869609833,0.15095610916614532,-0.0329100601375103,-0.15876221656799316,2.8084499835968018,0.11236514896154404,1.9606645107269287,1.5282418727874756,1.6859815120697021,1.6878101825714111,1.6592135429382324,1.5418142080307007,1.8132331371307373,1.8931255340576172,2.228276014328003,1.7961359024047852
13,0.11367432773113251,0.0,0.0,0.0,0.2046971470117569,0.0,0.0,0.1954779028892517,0.0,0.0,0.0,0.0,0.16161605715751648,0.0,0.0,0.0,0.23519837856292725,0.0,0.0,0.08933616429567337,0.2240597903728485,0.0,0.0,0.0,0.3148156702518463,0.0,0.0,0.17735400795936584,0.0,0.0,0.0,0.0,0.11193956434726715,0.0,0.0,0.0,0.09796421974897385,0.0,0.0,0.07386674731969833,0.6499999761581421,0.23185628652572632,0.24965544044971466,0.7622753977775574,0.9748257994651794,0.5485281944274902,0.19660213589668274,0.7538823485374451,0.0033654309809207916,0.0007402881747111678,0.0001341945753665641,0.001121728797443211,0.0013400947209447622,0.00028097632457502186,1.5272527889464982e-05,0.00010669444600353017,0.006942878942936659,0.0015744336415082216,0.0004389265086501837,0.003602713579311967,0.25506171584129333,0.4861472249031067,0.15007974207401276,-0.028813932090997696,-0.19216309487819672,2.7817277908325195,0.11572055518627167,2.138723850250244,1.675125241279602,1.8897689580917358,1.8331559896469116,1.8504260778427124,1.6839466094970703,1.9489647150039673,2.1340584754943848,2.4714674949645996,1.9944638013839722
14,0.11142135411500931,0.0,0.0,0.0,0.21524304151535034,0.0,0.0,0.1911846250295639,0.0,0.0,0.0,0.0,0.16009698808193207,0.0,0.0,0.0,0.22569802403450012,0.0,0.0,0.09635593742132187,0.22508223354816437,0.0,0.0,0.0,0.32088959217071533,0.0,0.0,0.17665696144104004,0.0,0.0,0.0,0.0,0.10837731510400772,0.0,0.0,0.0,0.09531794488430023,0.0,0.0,0.0736759677529335,0.6711538434028625,0.23461078107357025,0.2438427060842514,0.7580838203430176,0.9782428741455078,0.568105936050415,0.17658154666423798,0.7182613015174866,0.003990545403212309,0.0008250545943155885,0.00014737520541530102,0.0012960589956492186,0.0016446796944364905,0.0003054921398870647,1.585189238539897e-05,0.00010981211380567402,0.008313886821269989,0.0017501604743301868,0.0004921824438497424,0.004118410404771566,0.24979819357395172,0.4821462035179138,0.09978535771369934,-0.026605533435940742,-0.1957896202802658,2.7976160049438477,0.11064489185810089,2.3584413528442383,1.9942654371261597,2.1480846405029297,2.112414836883545,2.0952563285827637,1.8243333101272583,2.102970600128174,2.263685703277588,2.784780979156494,2.270423173904419
15,0.1009383276104927,0.0,0.0,0.0,0.19076834619045258,0.0,0.0,0.18072770535945892,0.0,0.0,0.0,0.0,0.15072599053382874,0.0,0.0,0.0,0.23765906691551208,0.0,0.0,0.13918058574199677,0.22539271414279938,0.0,0.0,0.0,0.31907299160957336,0.0,0.0,0.18178541958332062,0.0,0.0,0.0,0.0,0.10671457648277283,0.0,0.0,0.0,0.09198147803544998,0.0,0.0,0.07505282759666443,0.6942307949066162,0.249421164393425,0.2394407093524933,0.7684630751609802,0.9859132766723633,0.6072028279304504,0.16908343136310577,0.8234127759933472,0.004779429640620947,0.0009074682020582259,0.0001614826760487631,0.0015309890732169151,0.0018833670765161514,0.00033937086118385196,1.6860121831996366e-05,0.00011835613986477256,0.0097151268273592,0.001927772187627852,0.0005554398521780968,0.004725963808596134,0.24671755731105804,0.5275624990463257,0.10500608384609222,-0.02118767239153385,-0.16754107177257538,2.790130376815796,0.11604379117488861,2.6343915462493896,2.222266912460327,2.2538390159606934,2.3000144958496094,2.3873250484466553,2.19535231590271,2.3483633995056152,2.414400100708008,3.205817461013794,2.554631233215332
16,0.10387232154607773,0.0,0.0,0.0,0.19766390323638916,0.0,0.0,0.18234679102897644,0.0,0.0,0.0,0.0,0.1373903453350067,0.0,0.0,0.0,0.22454553842544556,0.0,0.0,0.1541810780763626,0.22828415036201477,0.0,0.0,0.0,0.33087754249572754,0.0,0.0,0.17866408824920654,0.0,0.0,0.0,0.0,0.1041002869606018,0.0,0.0,0.0,0.08784056454896927,0.0,0.0,0.07023336738348007,0.7192307710647583,0.2554091811180115,0.22817978262901306,0.757485032081604,0.9901546835899353,0.6283290386199951,0.1330920308828354,0.776496946811676,0.005486534908413887,0.0009901985758915544,0.00017331435810774565,0.001669169869273901,0.0023082136176526546,0.00036788114812225103,1.757813515723683e-05,0.00013863125059287995,0.011225523427128792,0.002102519851177931,0.0005971991922706366,0.005193788092583418,0.23650600016117096,0.5161142945289612,0.13813437521457672,-0.025815041735768318,-0.169012188911438,2.947232484817505,0.11225216090679169,2.7248735427856445,2.4703915119171143,2.658766508102417,2.6432485580444336,2.721881628036499,2.571967601776123,2.7453441619873047,2.6268680095672607,3.6356377601623535,2.969773769378662
17,0.09774282574653625,0.0,0.0,0.0,0.18436408042907715,0.0,0.0,0.19344858825206757,0.0,0.0,0.0,0.0,0.16421924531459808,0.0,0.0,0.0,0.21525338292121887,0.0,0.0,0.14497186243534088,0.23107483983039856,0.0,0.0,0.0,0.336006760597229,0.0,0.0,0.1748659908771515,0.0,0.0,0.0,0.0,0.10252918303012848,0.0,0.0,0.0,0.08713104575872421,0.0,0.0,0.06839218735694885,0.7307692170143127,0.26986026763916016,0.22329838573932648,0.7678642272949219,0.9922138452529907,0.6699962615966797,0.12797988951206207,0.7319968342781067,0.0062657371163368225,0.0010578904766589403,0.00018499082943890244,0.001822611317038536,0.002647073706611991,0.0003837033291347325,1.8280761651112698e-05,0.0001378094602841884,0.013071766123175621,0.0022741740103811026,0.0006437753909267485,0.005699567962437868,0.23294517397880554,0.5244419574737549,0.1378777027130127,-0.025994718074798584,-0.15034867823123932,2.9824423789978027,0.10841745883226395,2.819474935531616,2.554302453994751,2.9703917503356934,3.011168956756592,2.8607664108276367,2.9532108306884766,3.186992883682251,2.962114095687866,3.8396425247192383,3.354008674621582
18,0.1061633974313736,0.0,0.0,0.0,0.18123973906040192,0.0,0.0,0.1549302488565445,0.0,0.0,0.0,0.0,0.15071140229701996,0.0,0.0,0.0,0.22449834644794464,0.0,0.0,0.18245680630207062,0.2502104938030243,0.0,0.0,0.0,0.34690535068511963,0.0,0.0,0.16419389843940735,0.0,0.0,0.0,0.0,0.09435386210680008,0.0,0.0,0.0,0.08122676610946655,0.0,0.0,0.0631096363067627,0.7461538314819336,0.27113771438598633,0.20454183220863342,0.776247501373291,0.9934579730033875,0.6779170036315918,0.10082156956195831,0.7973214387893677,0.00695979967713356,0.0011091898195445538,0.0001843186910264194,0.0018977886065840721,0.0029500897508114576,0.00040986371459439397,1.8402974092168733e-05,0.0001508284331066534,0.014880119822919369,0.00239540939219296,0.0006195325404405594,0.005678795278072357,0.215709388256073,0.557666540145874,0.12866449356079102,-0.04574951156973839,-0.1537637710571289,3.270659923553467,0.11284101009368896,3.23525071144104,2.6914303302764893,3.458087205886841,3.3642046451568604,3.3428304195404053,3.2301483154296875,3.6242520809173584,3.2580630779266357,4.083861351013184,4.037842273712158
19,0.10829217731952667,0.0,0.0,0.0,0.17889626324176788,0.0,0.0,0.14261052012443542,0.0,0.0,0.0,0.0,0.15297619998455048,0.0,0.0,0.0,0.2182806134223938,0.0,0.0,0.19894422590732574,0.259264200925827,0.0,0.0,0.0,0.34796908497810364,0.0,0.0,0.16186918318271637,0.0,0.0,0.0,0.0,0.09384404867887497,0.0,0.0,0.0,0.07684097439050674,0.0,0.0,0.06021249294281006,0.7557692527770996,0.27524951100349426,0.19653932750225067,0.7966067790985107,0.9947487115859985,0.691273033618927,0.090549536049366,0.8050165772438049,0.007648663595318794,0.0011658065486699343,0.0001923362142406404,0.002068174770101905,0.003185620531439781,0.00043094815919175744,1.8937604181701317e-05,0.00014756547170691192,0.01596989668905735,0.0025319643318653107,0.0006434026872739196,0.006063317414373159,0.20876172184944153,0.5701999664306641,0.09021277725696564,-0.0527857169508934,-0.15064415335655212,3.4921960830688477,0.12152336537837982,3.700658082962036,3.069608449935913,3.78023099899292,3.652547836303711,3.9823262691497803,3.67470645904541,3.8429031372070312,3.5598742961883545,4.83322286605835,4.5034027099609375
20,0.1098010316491127,0.0,0.0,0.0,0.19945605099201202,0.0,0.0,0.17124591767787933,0.0,0.0,0.0,0.0,0.15564259886741638,0.0,0.0,0.0,0.21079742908477783,0.0,0.0,0.15305699408054352,0.257970929145813,0.0,0.0,0.0,0.3524562418460846,0.0,0.0,0.16764216125011444,0.0,0.0,0.0,0.0,0.09072085469961166,0.0,0.0,0.0,0.07249826937913895,0.0,0.0,0.05871152877807617,0.767307698726654,0.2720159590244293,0.18863670527935028,0.7668662667274475,0.9953684210777283,0.6821549534797668,0.08257735520601273,0.6883403062820435,0.007983123883605003,0.0012018554843962193,0.00021411912166513503,0.002626661444082856,0.0032501863315701485,0.0004334416298661381,1.9485141820041463e-05,0.00015519268345087767,0.016078010201454163,0.002605765126645565,0.000749866128899157,0.007827253080904484,0.20090007781982422,0.5194944143295288,0.1181529238820076,-0.049665991216897964,-0.23780247569084167,3.4559593200683594,0.15034912526607513,3.857450008392334,3.3645522594451904,3.8613181114196777,4.051061153411865,4.248640060424805,4.356896877288818,4.38212776184082,3.9263856410980225,5.896819114685059,4.589824676513672
21,0.10837206989526749,0.0,0.0,0.0,0.1791364997625351,0.0,0.0,0.17685948312282562,0.0,0.0,0.0,0.0,0.1822432428598404,0.0,0.0,0.0,0.2311093807220459,0.0,0.0,0.1222793459892273,0.2567397952079773,0.0,0.0,0.0,0.360486775636673,0.0,0.0,0.17350295186042786,0.0,0.0,0.0,0.0,0.08949928730726242,0.0,0.0,0.0,0.06625155359506607,0.0,0.0,0.05351962149143219,0.7634615302085876,0.2594810426235199,0.17739327251911163,0.7840319275856018,0.9946101307868958,0.6515308618545532,0.07721872627735138,0.7733154296875,0.007754502817988396,0.0011891359463334084,0.00023255363339558244,0.0028343519661575556,0.0031478090677410364,0.0004361832106951624,1.948399585671723e-05,0.00014714400458615273,0.015717504546046257,0.0025859929155558348,0.0008688154630362988,0.008404220454394817,0.18992067873477936,0.5356271266937256,0.1660517156124115,-0.04358575865626335,-0.32946181297302246,3.3787364959716797,0.23354776203632355,3.535557985305786,3.488508939743042,4.414373397827148,4.19019889831543,4.217519760131836,5.008478164672852,4.546327114105225,4.119831085205078,7.4534711837768555,5.218508243560791
22,0.17946191132068634,0.0,0.0,0.0,0.293112576007843,0.0,0.0,0.14133450388908386,0.0,0.0,0.0,0.0,0.10674326121807098,0.0,0.0,0.0,0.18588696420192719,0.0,0.0,0.0934607982635498,0.27583491802215576,0.0,0.0,0.0,0.37261149287223816,0.0,0.0,0.1574397087097168,0.0,0.0,0.0,0.0,0.08216705918312073,0.0,0.0,0.0,0.06257470697164536,0.0,0.0,0.0493721105158329,0.7519230842590332,0.2454291433095932,0.1643795371055603,0.7558882236480713,0.9913707375526428,0.6350039839744568,0.057998113334178925,0.4310014843940735,0.007377909496426582,0.0011486122384667397,0.00021963438484817743,0.0028657037764787674,0.003112182719632983,0.0004239298577886075,1.9015922589460388e-05,0.00015265641559381038,0.01563212089240551,0.0024962301831692457,0.0008190308581106365,0.00888781063258648,0.1766725480556488,0.38608646392822266,0.17198528349399567,-0.058497097343206406,-0.287743479013443,3.8119826316833496,0.2544284760951996,3.4549598693847656,3.236785650253296,5.1811699867248535,4.916815280914307,5.093565940856934,5.284086227416992,4.750279903411865,3.9440863132476807,7.809128761291504,6.181776523590088
23,0.12332981079816818,0.0,0.0,0.0,0.2456647753715515,0.0,0.0,0.18566395342350006,0.0,0.0,0.0,0.0,0.1277875006198883,0.0,0.0,0.0,0.21531736850738525,0.0,0.0,0.10223650187253952,0.2782966196537018,0.0,0.0,0.0,0.3633304238319397,0.0,0.0,0.1654871702194214,0.0,0.0,0.0,0.0,0.08581335097551346,0.0,0.0,0.0,0.05894461274147034,0.0,0.0,0.04812782630324364,0.7269230484962463,0.2509780526161194,0.16358552873134613,0.7053892016410828,0.9896295070648193,0.6087590456008911,0.04337599128484726,0.5766905546188354,0.006875358521938324,0.0011883152183145285,0.00021962870960123837,0.0031475818250328302,0.0027080937288701534,0.0004353438562247902,2.034787212323863e-05,0.00013778624997939914,0.013750114478170872,0.002505997661501169,0.0007427569944411516,0.009004555642604828,0.1756402552127838,0.4453376531600952,0.2244204878807068,-0.06505356729030609,-0.3008541166782379,4.226718902587891,0.22326871752738953,3.6433498859405518,3.720094919204712,4.76204776763916,4.953860282897949,5.819650650024414,6.955990791320801,5.4876909255981445,4.7797651290893555,7.20143461227417,6.752378463745117
24,0.0767480805516243,0.0,0.0,0.0,0.17555302381515503,0.0,0.0,0.20522654056549072,0.0,0.0,0.0,0.0,0.09932130575180054,0.0,0.0,0.0,0.43205416202545166,0.0,0.0,0.011096899397671223,0.2337992638349533,0.0,0.0,0.0,0.3611156940460205,0.0,0.0,0.19813032448291779,0.0,0.0,0.0,0.0,0.10105948895215988,0.0,0.0,0.0,0.06006893515586853,0.0,0.0,0.04582628607749939,0.607692301273346,0.2635129690170288,0.17790262401103973,0.6367264986038208,0.9499959945678711,0.6250531077384949,0.12501707673072815,0.742007851600647,0.004994356073439121,0.0013346762862056494,0.0003356875095050782,0.004919994622468948,0.0019684131257236004,0.0004770555242430419,2.242209120595362e-05,0.00015310638991650194,0.008840743452310562,0.002822844311594963,0.0012720597442239523,0.017545536160469055,0.18872831761837006,0.5424672961235046,0.29522305727005005,-0.02546980232000351,-0.44624483585357666,3.1935479640960693,0.30594611167907715,4.793248653411865,3.6665236949920654,6.35868501663208,6.54818058013916,4.7286376953125,6.329905986785889,5.742262363433838,5.049543857574463,10.513691902160645,8.528674125671387
25,0.046184051781892776,0.0,0.0,0.0,0.08739946037530899,0.0,0.0,0.11151571571826935,0.0,0.0,0.0,0.0,0.14559538662433624,0.0,0.0,0.0,0.5743463635444641,0.0,0.0,0.03495905175805092,0.19578181207180023,0.0,0.0,0.0,0.3085424304008484,0.0,0.0,0.2256760448217392,0.0,0.0,0.0,0.0,0.14168037474155426,0.0,0.0,0.0,0.07865887135267258,0.0,0.0,0.04966045543551445,0.4115384519100189,0.3733333349227905,0.2336704283952713,0.647504985332489,0.7968409061431885,0.7976593971252441,0.3505275249481201,0.9329416751861572,0.0038201301358640194,0.0018610316328704357,0.0005243230843916535,0.006228089332580566,0.0014648986980319023,0.0006579349283128977,2.733912697294727e-05,0.00018524138431530446,0.007771109230816364,0.0040154531598091125,0.0019866940565407276,0.01788977161049843,0.24681034684181213,0.754896879196167,0.42319199442863464,0.06378418952226639,-0.7490921020507812,2.4863688945770264,0.31697702407836914,5.2738261222839355,4.97873067855835,7.479887962341309,6.469151496887207,8.417490005493164,9.509306907653809,5.787489414215088,6.390750885009766,13.05504035949707,6.0446343421936035
26,0.046430956572294235,0.0,0.0,0.0,0.09469734132289886,0.0,0.0,0.12684069573879242,0.0,0.0,0.0,0.0,0.14385244250297546,0.0,0.0,0.0,0.48831281065940857,0.0,0.0,0.09986574947834015,0.18638572096824646,0.0,0.0,0.0,0.3086310923099518,0.0,0.0,0.23145629465579987,0.0,0.0,0.0,0.0,0.1384715884923935,0.0,0.0,0.0,0.08174166083335876,0.0,0.0,0.05331362038850784,0.800000011920929,0.555728554725647,0.22733834385871887,0.6031935811042786,0.9906989932060242,0.9273751378059387,0.3498903214931488,0.8755312561988831,0.012850501574575901,0.003523416817188263,0.0005607926286756992,0.008666839450597763,0.0044435737654566765,0.0011694603599607944,2.9580813134089112e-05,0.00019292044453322887,0.022441625595092773,0.007468994706869125,0.002091944683343172,0.03357288986444473,0.25148001313209534,0.7320279479026794,0.416467547416687,0.062232453376054764,-0.4735528826713562,2.4936492443084717,0.3470737934112549,5.111631393432617,4.989690780639648,5.931929588317871,7.517038345336914,10.370595932006836,11.018775939941406,6.254469394683838,5.4310526847839355,13.257122039794922,9.266375541687012
27,0.05362700670957565,0.0,0.0,0.0,0.10159368067979813,0.0,0.0,0.11274019628763199,0.0,0.0,0.0,0.0,0.12534701824188232,0.0,0.0,0.0,0.24339061975479126,0.0,0.0,0.36330145597457886,0.17292748391628265,0.0,0.0,0.0,0.30039680004119873,0.0,0.0,0.23368747532367706,0.0,0.0,0.0,0.0,0.14316090941429138,0.0,0.0,0.0,0.08122404664754868,0.0,0.0,0.06860329955816269,0.8557692170143127,0.6877046227455139,0.24091637134552002,0.6185628771781921,0.9988336563110352,0.9810525178909302,0.30245718359947205,0.731345534324646,0.023858971893787384,0.005825906526297331,0.0006460972945205867,0.006929541472345591,0.007445130497217178,0.0019785177428275347,4.2216022848151624e-05,0.0002762913645710796,0.04105786979198456,0.012278186157345772,0.0022696510422974825,0.024362992495298386,0.27200984954833984,0.7320371866226196,0.36661601066589355,0.09013824909925461,-0.3170849084854126,2.499600887298584,0.2873465418815613,4.752923965454102,5.165957927703857,9.0535888671875,8.125768661499023,11.208231925964355,11.79575252532959,6.315596103668213,7.828575611114502,10.502829551696777,11.392348289489746
28,0.02860189415514469,0.0,0.0,0.0,0.08524071425199509,0.0,0.0,0.10100027173757553,0.0,0.0,0.0,0.0,0.07742582261562347,0.0,0.0,0.0,0.14120854437351227,0.0,0.0,0.5665228366851807,0.1533917635679245,0.0,0.0,0.0,0.28656795620918274,0.0,0.0,0.24512986838817596,0.0,0.0,0.0,0.0,0.15833355486392975,0.0,0.0,0.0,0.08325350284576416,0.0,0.0,0.07332335412502289,0.9134615659713745,0.8011975884437561,0.26200002431869507,0.6097804307937622,0.9994907379150391,0.9921504855155945,0.27496618032455444,0.6999343633651733,0.02846379019320011,0.008550256490707397,0.0008150606881827116,0.005686764605343342,0.008668425492942333,0.0034717912785708904,7.115457992767915e-05,0.0005600018776021898,0.054149363189935684,0.0167000163346529,0.002630791626870632,0.015394260175526142,0.2981604337692261,0.7851554751396179,0.342001736164093,0.12791046500205994,-0.25947707891464233,2.3586301803588867,0.27924078702926636,4.9900102615356445,4.7944560050964355,9.696979522705078,8.022411346435547,9.901836395263672,10.130066871643066,6.4238386154174805,8.159195899963379,11.009392738342285,12.206001281738281
29,0.0225070733577013,0.0,0.0,0.0,0.07638359069824219,0.0,0.0,0.09992273896932602,0.0,0.0,0.0,0.0,0.0830041915178299,0.0,0.0,0.0,0.1294986754655838,0.0,0.0,0.5886837840080261,0.1439712792634964,0.0,0.0,0.0,0.2747689485549927,0.0,0.0,0.24430876970291138,0.0,0.0,0.0,0.0,0.166924387216568,0.0,0.0,0.0,0.09168453514575958,0.0,0.0,0.07834207266569138,0.9115384817123413,0.8259081840515137,0.28751811385154724,0.6718562841415405,0.9993120431900024,0.9935376644134521,0.3083321750164032,0.7159367203712463,0.026820318773388863,0.009010259062051773,0.0008628410287201405,0.00497379619628191,0.009819515980780125,0.003989208489656448,9.544331260258332e-05,0.0008245055796578526,0.05273973196744919,0.016772069036960602,0.00263263494707644,0.013560846447944641,0.32402339577674866,0.8011855483055115,0.338350772857666,0.13984905183315277,-0.22182542085647583,2.258413314819336,0.2877868711948395,4.733726978302002,4.394327640533447,9.350974082946777,7.403412818908691,8.85522174835205,9.247239112854004,6.096901893615723,7.601850509643555,10.625736236572266,11.783905029296875
30,0.023581258952617645,0.0,0.0,0.0,0.07775528728961945,0.0,0.0,0.10556337982416153,0.0,0.0,0.0,0.0,0.09625070542097092,0.0,0.0,0.0,0.14050237834453583,0.0,0.0,0.5563469529151917,0.14512573182582855,0.0,0.0,0.0,0.27816522121429443,0.0,0.0,0.24601680040359497,0.0,0.0,0.0,0.0,0.16837546229362488,0.0,0.0,0.0,0.09004630148410797,0.0,0.0,0.0722704753279686,0.8961538672447205,0.8063473105430603,0.28413984179496765,0.7023952007293701,0.9987231492996216,0.9896002411842346,0.3192729949951172,0.70997154712677,0.023452403023838997,0.007999713532626629,0.0008063862915150821,0.004589816089719534,0.008654545992612839,0.003620465984568,0.00010253206710331142,0.0009072590619325638,0.0462687686085701,0.014883387833833694,0.002418318996205926,0.012317994609475136,0.32008445262908936,0.7930983304977417,0.3189247250556946,0.1292087286710739,-0.21824151277542114,2.296278715133667,0.28848570585250854,4.343346118927002,3.98926043510437,8.54057788848877,6.7308149337768555,7.976358890533447,8.413924217224121,5.580501556396484,6.919552803039551,9.69349193572998,10.798445701599121
31,0.02499728836119175,0.0,0.0,0.0,0.08161935210227966,0.0,0.0,0.114129438996315,0.0,0.0,0.0,0.0,0.10258311778306961,0.0,0.0,0.0,0.15029241144657135,0.0,0.0,0.5263783931732178,0.14863774180412292,0.0,0.0,0.0,0.2813330292701721,0.0,0.0,0.24890100955963135,0.0,0.0,0.0,0.0,0.1666610985994339,0.0,0.0,0.0,0.08737887442111969,0.0,0.0,0.06708826124668121,0.8826923370361328,0.7542514801025391,0.2782971262931824,0.7191616296768188,0.9984024167060852,0.9792793393135071,0.3188555836677551,0.7085804343223572,0.02076534554362297,0.006788034923374653,0.00073182926280424,0.004245467018336058,0.007343284320086241,0.002997675910592079,0.00010213819768978283,0.0010032013524323702,0.04043211042881012,0.012918724678456783,0.0021794019266963005,0.011172919534146786,0.3118075728416443,0.779252290725708,0.3004748225212097,0.11786650121212006,-0.22205810248851776,2.3462631702423096,0.2862575650215149,3.9759271144866943,3.645362377166748,7.737795829772949,6.084259510040283,7.1925554275512695,7.600979804992676,5.067972183227539,6.2783989906311035,8.78918743133545,9.775644302368164
32,0.02665906585752964,0.0,0.0,0.0,0.08463980257511139,0.0,0.0,0.11900950223207474,0.0,0.0,0.0,0.0,0.10342758893966675,0.0,0.0,0.0,0.14781604707241058,0.0,0.0,0.518447995185852,0.15164944529533386,0.0,0.0,0.0,0.28427833318710327,0.0,0.0,0.24941439926624298,0.0,0.0,0.0,0.0,0.16437993943691254,0.0,0.0,0.0,0.0851704329252243,0.0,0.0,0.06510745733976364,0.8326923251152039,0.6951696872711182,0.27573034167289734,0.7259480953216553,0.9966346025466919,0.9730609059333801,0.3184130787849426,0.7036764621734619,0.01754056103527546,0.0057037267833948135,0.0006657775957137346,0.00393691984936595,0.00581315066665411,0.0023841336369514465,9.988596139010042e-05,0.001063661533407867,0.03451934829354286,0.011311138980090618,0.0019606566056609154,0.010133158415555954,0.3060081899166107,0.7696896195411682,0.29285481572151184,0.10993146896362305,-0.22460244596004486,2.3897359371185303,0.2831059992313385,3.6262385845184326,3.342007637023926,7.0084404945373535,5.500515937805176,6.492926120758057,6.865344047546387,4.596253871917725,5.706143856048584,7.952821731567383,8.817431449890137
33,0.027774829417467117,0.0,0.0,0.0,0.08759932965040207,0.0,0.0,0.1212141364812851,0.0,0.0,0.0,0.0,0.10327664017677307,0.0,0.0,0.0,0.1511801779270172,0.0,0.0,0.5089548826217651,0.1543922871351242,0.0,0.0,0.0,0.2871876657009125,0.0,0.0,0.24880638718605042,0.0,0.0,0.0,0.0,0.16172070801258087,0.0,0.0,0.0,0.0839599147439003,0.0,0.0,0.06393304467201233,0.7749999761581421,0.6532534956932068,0.2734382152557373,0.7339321374893188,0.9918854236602783,0.9706367254257202,0.3185358941555023,0.7023292183876038,0.01464490033686161,0.004805530421435833,0.0006087810033932328,0.003629760816693306,0.004232240840792656,0.001883212011307478,9.70596302067861e-05,0.001051970524713397,0.029087025672197342,0.009984554722905159,0.0017682623583823442,0.009235909208655357,0.30146610736846924,0.763409435749054,0.2870098352432251,0.10341163724660873,-0.2272988259792328,2.43287992477417,0.2787444293498993,3.3139936923980713,3.0912113189697266,6.343736171722412,4.984438896179199,5.876748085021973,6.204623699188232,4.173802375793457,5.184926986694336,7.181246757507324,7.968393325805664
34,0.02875465527176857,0.0,0.0,0.0,0.09031133353710175,0.0,0.0,0.12359889596700668,0.0,0.0,0.0,0.0,0.10566357523202896,0.0,0.0,0.0,0.15009452402591705,0.0,0.0,0.5015769004821777,0.15587496757507324,0.0,0.0,0.0,0.29030460119247437,0.0,0.0,0.24747583270072937,0.0,0.0,0.0,0.0,0.15999504923820496,0.0,0.0,0.0,0.08301558345556259,0.0,0.0,0.06333395093679428,0.7211538553237915,0.6239920258522034,0.27217230200767517,0.7377245426177979,0.9819270372390747,0.9685866236686707,0.31993308663368225,0.6981000900268555,0.01209924928843975,0.00418546749278903,0.0005588518106378615,0.0033650794066488743,0.0038961360696703196,0.0015647074906155467,9.305780258728191e-05,0.0010122638195753098,0.024775639176368713,0.008905612863600254,0.0015983221819624305,0.008470766246318817,0.2985687255859375,0.7573334574699402,0.2839367985725403,0.09785769134759903,-0.2284548580646515,2.457400321960449,0.27351877093315125,3.0291357040405273,2.8679635524749756,5.756303310394287,4.518054962158203,5.313475608825684,5.611156940460205,3.798107862472534,4.730933666229248,6.487211227416992,7.190723896026611
35,0.02945345640182495,0.0,0.0,0.0,0.09290742129087448,0.0,0.0,0.12664198875427246,0.0,0.0,0.0,0.0,0.10915526747703552,0.0,0.0,0.0,0.1517428308725357,0.0,0.0,0.4900990128517151,0.15634898841381073,0.0,0.0,0.0,0.29081016778945923,0.0,0.0,0.24687282741069794,0.0,0.0,0.0,0.0,0.1588744968175888,0.0,0.0,0.0,0.08316131681203842,0.0,0.0,0.06393219530582428,0.6634615659713745,0.6046706438064575,0.27324846386909485,0.7453093528747559,0.9687479734420776,0.9645041227340698,0.32234513759613037,0.6926634907722473,0.009629442356526852,0.003742109052836895,0.0005162049783393741,0.0031717601232230663,0.0039023696444928646,0.001376178115606308,8.883258124114946e-05,0.0009747910080477595,0.020774396136403084,0.0080406554043293,0.0014534210786223412,0.0077775814570486546,0.2984643280506134,0.7509933710098267,0.2810913920402527,0.09342026710510254,-0.22900733351707458,2.471496820449829,0.2653226852416992,2.80334210395813,2.6863598823547363,5.215543746948242,4.101749897003174,4.816795349121094,5.077315330505371,3.4742331504821777,4.329858303070068,5.8691253662109375,6.485040187835693
36,0.03047439269721508,0.0,0.0,0.0,0.09330462664365768,0.0,0.0,0.13043199479579926,0.0,0.0,0.0,0.0,0.11873884499073029,0.0,0.0,0.0,0.1561613231897354,0.0,0.0,0.4708888828754425,0.15721073746681213,0.0,0.0,0.0,0.29071852564811707,0.0,0.0,0.24549247324466705,0.0,0.0,0.0,0.0,0.15878507494926453,0.0,0.0,0.0,0.08359909057617188,0.0,0.0,0.06419410556554794,0.6153846383094788,0.6027544736862183,0.274514377117157,0.7479041814804077,0.9433954954147339,0.9593813419342041,0.3278887867927551,0.6882237792015076,0.007941455580294132,0.0034540263004601,0.0004786606295965612,0.0030104529578238726,0.004080634564161301,0.001290451386012137,8.459467790089548e-05,0.0009586380911059678,0.01774411089718342,0.007362722884863615,0.0013256313977763057,0.007217905949801207,0.2995012700557709,0.7457866668701172,0.2791139483451843,0.0908254086971283,-0.2295556664466858,2.4773192405700684,0.25571057200431824,2.5976221561431885,2.5384769439697266,4.735044002532959,3.728334426879883,4.375799655914307,4.603679180145264,3.192671298980713,4.0052595138549805,5.318802833557129,5.855380058288574
37,0.03002864122390747,0.0,0.0,0.0,0.0937507152557373,0.0,0.0,0.1329762190580368,0.0,0.0,0.0,0.0,0.13287602365016937,0.0,0.0,0.0,0.15583547949790955,0.0,0.0,0.4545328915119171,0.1578681468963623,0.0,0.0,0.0,0.29142242670059204,0.0,0.0,0.24403303861618042,0.0,0.0,0.0,0.0,0.1582832932472229,0.0,0.0,0.0,0.0839444026350975,0.0,0.0,0.06444870680570602,0.5653846263885498,0.6011576652526855,0.2749912738800049,0.7556886076927185,0.9073691368103027,0.952704131603241,0.33658477663993835,0.6996265053749084,0.006909732706844807,0.00327796908095479,0.00044859922491014004,0.0028988621197640896,0.003054781584069133,0.0012208520201966166,8.146003528963774e-05,0.0009520970052108169,0.015034904703497887,0.006789618171751499,0.0012164762010797858,0.006758131552487612,0.2998816967010498,0.7432414889335632,0.2799004912376404,0.08963930606842041,-0.2285962998867035,2.4811885356903076,0.2425270676612854,2.4623217582702637,2.419102430343628,4.310128211975098,3.4185373783111572,3.98531436920166,4.186434745788574,2.944927215576172,3.713395833969116,4.819747447967529,5.301163196563721
38,0.030055180191993713,0.0,0.0,0.0,0.09507093578577042,0.0,0.0,0.13600602746009827,0.0,0.0,0.0,0.0,0.1441364735364914,0.0,0.0,0.0,0.15650859475135803,0.0,0.0,0.43822282552719116,0.15831777453422546,0.0,0.0,0.0,0.2907789647579193,0.0,0.0,0.24335941672325134,0.0,0.0,0.0,0.0,0.15803122520446777,0.0,0.0,0.0,0.08444720506668091,0.0,0.0,0.0650654137134552,0.5192307829856873,0.600558876991272,0.2764769196510315,0.7620758414268494,0.8395621180534363,0.9452027082443237,0.34976229071617126,0.6967362761497498,0.00684189610183239,0.0030996273271739483,0.00042413570918142796,0.002820580266416073,0.002639171201735735,0.0011721211485564709,7.872914284234866e-05,0.00094103894662112,0.012712154537439346,0.00631748465821147,0.0011218878207728267,0.00627612741664052,0.30124571919441223,0.7388643622398376,0.2866738438606262,0.08859269320964813,-0.22161832451820374,2.4855642318725586,0.22637717425823212,2.338158130645752,2.3654983043670654,3.9576358795166016,3.1545417308807373,3.647787094116211,3.8264946937561035,2.7495386600494385,3.4689762592315674,4.405633449554443,4.806623935699463
39,0.029724180698394775,0.0,0.0,0.0,0.09544326364994049,0.0,0.0,0.13886791467666626,0.0,0.0,0.0,0.0,0.15282776951789856,0.0,0.0,0.0,0.15868884325027466,0.0,0.0,0.42444801330566406,0.15701524913311005,0.0,0.0,0.0,0.28926801681518555,0.0,0.0,0.24258875846862793,0.0,0.0,0.0,0.0,0.15951089560985565,0.0,0.0,0.0,0.08598984032869339,0.0,0.0,0.06562724709510803,0.5,0.6011976003646851,0.28058677911758423,0.7644710540771484,0.8151074647903442,0.9364455938339233,0.373195618391037,0.7038285136222839,0.006483634002506733,0.0029131677001714706,0.000402845093049109,0.002723496640101075,0.0026012726593762636,0.0011178741697221994,7.624369754921645e-05,0.0009528661612421274,0.011068707332015038,0.005822695791721344,0.0010480718920007348,0.005954646039754152,0.3051058053970337,0.7359614372253418,0.2895606756210327,0.08718705177307129,-0.20569461584091187,2.477647542953491,0.21522103250026703,2.234365940093994,2.2654082775115967,3.6385207176208496,2.9415199756622314,3.356754779815674,3.525946855545044,2.5771660804748535,3.237046480178833,4.092133045196533,4.40458869934082
40,0.02975635789334774,0.0,0.0,0.0,0.09446897357702255,0.0,0.0,0.14007751643657684,0.0,0.0,0.0,0.0,0.16480132937431335,0.0,0.0,0.0,0.16536115109920502,0.0,0.0,0.40553468465805054,0.1556301862001419,0.0,0.0,0.0,0.28833499550819397,0.0,0.0,0.24113710224628448,0.0,0.0,0.0,0.0,0.1615198850631714,0.0,0.0,0.0,0.08761510252952576,0.0,0.0,0.0657627284526825,0.5115384459495544,0.6021956205368042,0.2847041189670563,0.7708582878112793,0.8673831224441528,0.9278174042701721,0.4069351255893707,0.7082661986351013,0.006156258285045624,0.00274868868291378,0.0003843231243081391,0.0026801181957125664,0.0025978977791965008,0.001067525241523981,7.386563083855435e-05,0.0009551398688927293,0.009828805923461914,0.005392958410084248,0.0009849370690062642,0.005695800296962261,0.3090772032737732,0.7356929779052734,0.28600314259529114,0.0849478542804718,-0.18259869515895844,2.4716176986694336,0.20302778482437134,2.172612190246582,2.219557285308838,3.3576669692993164,2.752933979034424,3.105802536010742,3.2667899131774902,2.4353530406951904,3.015138626098633,3.8313944339752197,4.0973992347717285
41,0.028937919065356255,0.0,0.0,0.0,0.09229695051908493,0.0,0.0,0.13939984142780304,0.0,0.0,0.0,0.0,0.17754486203193665,0.0,0.0,0.0,0.1845272034406662,0.0,0.0,0.37729325890541077,0.15227952599525452,0.0,0.0,0.0,0.2841927707195282,0.0,0.0,0.24170880019664764,0.0,0.0,0.0,0.0,0.16475939750671387,0.0,0.0,0.0,0.09009730070829391,0.0,0.0,0.06696219742298126,0.48653846979141235,0.6005988121032715,0.29255181550979614,0.77265465259552,0.8625670075416565,0.9201633930206299,0.46748411655426025,0.7340185046195984,0.005719471722841263,0.0025822778698056936,0.0003679495712276548,0.002704273909330368,0.0023690625093877316,0.0010179775999858975,7.104533142410219e-05,0.0009384339209645987,0.009600941091775894,0.004982393700629473,0.000936661846935749,0.0055741253308951855,0.31626614928245544,0.7393611073493958,0.2816851735115051,0.08382097631692886,-0.16290056705474854,2.4509403705596924,0.19948267936706543,2.101979970932007,2.1639046669006348,3.138721466064453,2.5639007091522217,2.8972644805908203,3.057407855987549,2.311861276626587,2.7670323848724365,3.6859498023986816,3.852813959121704
42,0.02714679203927517,0.0,0.0,0.0,0.08583918958902359,0.0,0.0,0.13747908174991608,0.0,0.0,0.0,0.0,0.19144882261753082,0.0,0.0,0.0,0.21428850293159485,0.0,0.0,0.3437976539134979,0.1477651298046112,0.0,0.0,0.0,0.2793501615524292,0.0,0.0,0.2410147339105606,0.0,0.0,0.0,0.0,0.16870322823524475,0.0,0.0,0.0,0.0947074443101883,0.0,0.0,0.06845931708812714,0.41923075914382935,0.5984032154083252,0.3035255968570709,0.78143709897995,0.7939635515213013,0.9122439622879028,0.5572323799133301,0.7584080696105957,0.0050622932612895966,0.0024387608282268047,0.00035588466562330723,0.0026852316223084927,0.002148834988474846,0.0009919352596625686,6.827933248132467e-05,0.0008940184488892555,0.0092648696154356,0.004609389696270227,0.0008997269906103611,0.0056042722426354885,0.3263547420501709,0.7495296001434326,0.27902552485466003,0.08712419867515564,-0.1500820815563202,2.411440372467041,0.20955196022987366,1.9978324174880981,2.094416856765747,2.9122471809387207,2.4351394176483154,2.6747357845306396,2.948076009750366,2.1668179035186768,2.524031162261963,3.6160707473754883,3.715071678161621
43,0.026110297068953514,0.0,0.0,0.0,0.08045341074466705,0.0,0.0,0.13846972584724426,0.0,0.0,0.0,0.0,0.19644199311733246,0.0,0.0,0.0,0.23591431975364685,0.0,0.0,0.3226102292537689,0.14484800398349762,0.0,0.0,0.0,0.27512824535369873,0.0,0.0,0.24189579486846924,0.0,0.0,0.0,0.0,0.17239713668823242,0.0,0.0,0.0,0.0977596715092659,0.0,0.0,0.06797116249799728,0.35576921701431274,0.5946108102798462,0.3107166290283203,0.7824351191520691,0.7321183085441589,0.8947656154632568,0.6273118853569031,0.7661314606666565,0.004758815281093121,0.0022989180870354176,0.0003416815889067948,0.002572040306404233,0.0019499867921695113,0.0009755250648595393,6.526794459205121e-05,0.0009029645589180291,0.009167909622192383,0.004275976680219173,0.000861464417539537,0.005709329154342413,0.3327503204345703,0.7549629211425781,0.30335021018981934,0.0904376357793808,-0.14318527281284332,2.395310163497925,0.2185220718383789,1.9369044303894043,2.071566581726074,2.694998025894165,2.3056228160858154,2.5019729137420654,2.9031410217285156,2.088948965072632,2.328490972518921,3.5887815952301025,3.6025378704071045
44,0.023226533085107803,0.0,0.0,0.0,0.07194124907255173,0.0,0.0,0.13362903892993927,0.0,0.0,0.0,0.0,0.19867029786109924,0.0,0.0,0.0,0.26336124539375305,0.0,0.0,0.309171587228775,0.14212310314178467,0.0,0.0,0.0,0.270892858505249,0.0,0.0,0.24064995348453522,0.0,0.0,0.0,0.0,0.17606011033058167,0.0,0.0,0.0,0.10160131752490997,0.0,0.0,0.06867264956235886,0.35961538553237915,0.6016766428947449,0.3191111385822296,0.7870259284973145,0.7138948440551758,0.8832880854606628,0.6880883574485779,0.7947134375572205,0.004491117782890797,0.0021536180283874273,0.00032773640123195946,0.0025514080189168453,0.002034512348473072,0.0009435120155103505,6.269586447160691e-05,0.0008901371038518846,0.008905726484954357,0.0039703939110040665,0.0008301596390083432,0.005700273439288139,0.3410179316997528,0.7711995840072632,0.36321812868118286,0.09947120398283005,-0.10913323611021042,2.3669590950012207,0.23884180188179016,1.8490432500839233,2.0196797847747803,2.5410938262939453,2.1842761039733887,2.327871799468994,2.848642110824585,1.9942353963851929,2.1595444679260254,3.6383159160614014,3.5053718090057373
45,0.02290143258869648,0.0,0.0,0.0,0.06798364222049713,0.0,0.0,0.12279955297708511,0.0,0.0,0.0,0.0,0.20169688761234283,0.0,0.0,0.0,0.2758690416812897,0.0,0.0,0.3087494373321533,0.14082224667072296,0.0,0.0,0.0,0.2698307931423187,0.0,0.0,0.24044494330883026,0.0,0.0,0.0,0.0,0.17691101133823395,0.0,0.0,0.0,0.10290113836526871,0.0,0.0,0.0690898522734642,0.4134615361690521,0.5972854495048523,0.32215481996536255,0.7866266965866089,0.7686067819595337,0.8745196461677551,0.7225632667541504,0.8269535303115845,0.004477210342884064,0.0019813624676316977,0.0003114451246801764,0.002497130073606968,0.002141328528523445,0.0008891543839126825,5.954744847258553e-05,0.0008504964062012732,0.008241498842835426,0.0036565219052135944,0.000792661914601922,0.005596183240413666,0.34365084767341614,0.7863114476203918,0.39894813299179077,0.1093943640589714,-0.07484983652830124,2.355555295944214,0.2651093900203705,1.752475619316101,1.95758855342865,2.395181179046631,2.122668743133545,2.175597906112671,2.755161762237549,1.8563135862350464,2.0236690044403076,3.6986918449401855,3.4618234634399414
46,0.023881088942289352,0.0,0.0,0.0,0.06552852690219879,0.0,0.0,0.12167716771364212,0.0,0.0,0.0,0.0,0.2099633514881134,0.0,0.0,0.0,0.2845219671726227,0.0,0.0,0.29442790150642395,0.14028781652450562,0.0,0.0,0.0,0.27032116055488586,0.0,0.0,0.2431642860174179,0.0,0.0,0.0,0.0,0.17728953063488007,0.0,0.0,0.0,0.10268579423427582,0.0,0.0,0.06625140458345413,0.4442307651042938,0.5919760465621948,0.319695383310318,0.7936127781867981,0.8090221285820007,0.859451949596405,0.7305067181587219,0.850854754447937,0.0044521549716591835,0.0018317900830879807,0.0002932338393293321,0.0024082865566015244,0.0020735375583171844,0.0008169449283741415,5.603252429864369e-05,0.0008111362112686038,0.008058224804699421,0.0033647879026830196,0.0007480743224732578,0.005446434486657381,0.3411756753921509,0.7889102697372437,0.4343504011631012,0.11053960770368576,-0.07642790675163269,2.367241144180298,0.28574690222740173,1.6744213104248047,1.8881808519363403,2.2437057495117188,2.0132458209991455,2.085846185684204,2.691009521484375,1.7679648399353027,1.992090106010437,3.750495433807373,3.400388717651367
47,0.020793776959180832,0.0,0.0,0.0,0.06478358805179596,0.0,0.0,0.1295962929725647,0.0,0.0,0.0,0.0,0.21908046305179596,0.0,0.0,0.0,0.28599822521209717,0.0,0.0,0.2797476649284363,0.13912075757980347,0.0,0.0,0.0,0.2704426348209381,0.0,0.0,0.24644355475902557,0.0,0.0,0.0,0.0,0.18008720874786377,0.0,0.0,0.0,0.10188900679349899,0.0,0.0,0.06201683729887009,0.48269230127334595,0.58363276720047,0.3179650604724884,0.7900199294090271,0.8163760900497437,0.8436017632484436,0.7262486815452576,0.8660128712654114,0.004396017640829086,0.0016884705983102322,0.0002732138673309237,0.002245277864858508,0.001882210373878479,0.0007584100239910185,5.230610986473039e-05,0.0007609357126057148,0.008181562647223473,0.0030791587196290493,0.0007017115131020546,0.005099717993289232,0.3390878736972809,0.7848222851753235,0.42486071586608887,0.10782065987586975,-0.09967442601919174,2.394105911254883,0.3082145154476166,1.5502947568893433,1.7992345094680786,2.1318624019622803,1.9151886701583862,2.0503928661346436,2.619032621383667,1.6968958377838135,1.9706041812896729,3.8175621032714844,3.3211565017700195
48,0.020937766879796982,0.0,0.0,0.0,0.06838478147983551,0.0,0.0,0.14781881868839264,0.0,0.0,0.0,0.0,0.24680672585964203,0.0,0.0,0.0,0.26009753346443176,0.0,0.0,0.255954384803772,0.1397377997636795,0.0,0.0,0.0,0.273362934589386,0.0,0.0,0.25171807408332825,0.0,0.0,0.0,0.0,0.1817127764225006,0.0,0.0,0.0,0.09655865281820297,0.0,0.0,0.056909747421741486,0.45769229531288147,0.5767265558242798,0.309305876493454,0.7886227369308472,0.8148602843284607,0.8240250945091248,0.701328456401825,0.845912516117096,0.004233324900269508,0.0015611627604812384,0.0002522674039937556,0.0020737461745738983,0.001914435881190002,0.0007067169062793255,4.8560865252511576e-05,0.0006958000012673438,0.00812101736664772,0.002831284422427416,0.0006453308742493391,0.0045846616849303246,0.3305952548980713,0.762854278087616,0.42471200227737427,0.09167682379484177,-0.13412901759147644,2.4474685192108154,0.3117941617965698,1.4889694452285767,1.7009984254837036,2.0620946884155273,1.9391545057296753,2.03849720954895,2.458217144012451,1.618786096572876,1.987318515777588,3.8461647033691406,3.0823793411254883
49,0.022095562890172005,0.0,0.0,0.0,0.07861216366291046,0.0,0.0,0.1601172387599945,0.0,0.0,0.0,0.0,0.23864226043224335,0.0,0.0,0.0,0.21426410973072052,0.0,0.0,0.2862686514854431,0.1437530517578125,0.0,0.0,0.0,0.2824034094810486,0.0,0.0,0.25512152910232544,0.0,0.0,0.0,0.0,0.17596599459648132,0.0,0.0,0.0,0.08882482349872589,0.0,0.0,0.053931206464767456,0.45576924085617065,0.5705389380455017,0.2923146188259125,0.7864271402359009,0.8233301043510437,0.8119936585426331,0.6342276930809021,0.8838928937911987,0.004069874994456768,0.0014561312273144722,0.00023053519544191658,0.0018339452799409628,0.0020027898717671633,0.0006632740842178464,4.522270319284871e-05,0.0006400085985660553,0.007661482319235802,0.002623750362545252,0.0005877189105376601,0.004138018004596233,0.3144219219684601,0.7391698956489563,0.42223304510116577,0.07228067517280579,-0.23825030028820038,2.5309057235717773,0.3129216730594635,1.463415503501892,1.6088504791259766,1.9979323148727417,1.897187352180481,2.1842947006225586,2.312148332595825,1.6534570455551147,1.9301652908325195,3.878899335861206,2.8482232093811035
50,0.022960862144827843,0.0,0.0,0.0,0.07458823919296265,0.0,0.0,0.15159770846366882,0.0,0.0,0.0,0.0,0.21746273338794708,0.0,0.0,0.0,0.22196467220783234,0.0,0.0,0.31142574548721313,0.14682821929454803,0.0,0.0,0.0,0.28666239976882935,0.0,0.0,0.25242793560028076,0.0,0.0,0.0,0.0,0.17446592450141907,0.0,0.0,0.0,0.0865171030163765,0.0,0.0,0.05309842526912689,0.4384615421295166,0.5716567039489746,0.28747817873954773,0.78143709897995,0.798730731010437,0.8019607067108154,0.615002453327179,0.9180663824081421,0.004204423166811466,0.0013710811035707593,0.00021450986969284713,0.0017093417700380087,0.0018576497677713633,0.0006265694391913712,4.26132683060132e-05,0.0005905404686927795,0.00783362053334713,0.0024925104808062315,0.0005464132991619408,0.003899154718965292,0.30991464853286743,0.7508484125137329,0.4136365056037903,0.07249542325735092,-0.3009524941444397,2.587982654571533,0.30977874994277954,1.5238219499588013,1.5939112901687622,1.9678447246551514,1.9809181690216064,2.474310874938965,2.1598243713378906,1.7271026372909546,1.988418698310852,3.998856544494629,2.5495355129241943
51,0.02328283153474331,0.0,0.0,0.0,0.07542704790830612,0.0,0.0,0.1429920643568039,0.0,0.0,0.0,0.0,0.2024790346622467,0.0,0.0,0.0,0.2492585927248001,0.0,0.0,0.3065604269504547,0.14914445579051971,0.0,0.0,0.0,0.28979456424713135,0.0,0.0,0.2515277564525604,0.0,0.0,0.0,0.0,0.1717834770679474,0.0,0.0,0.0,0.08563672006130219,0.0,0.0,0.05211300775408745,0.4326923191547394,0.5673852562904358,0.2832159996032715,0.7640718221664429,0.7703908085823059,0.7867404818534851,0.5991235971450806,0.9307076930999756,0.004036805126816034,0.0012854593805968761,0.0002007483853958547,0.00163948442786932,0.0015316016506403685,0.0005848754080943763,3.9929687773110345e-05,0.0005530287744477391,0.007543718907982111,0.002355018863454461,0.0005129561759531498,0.0037908724043518305,0.30549782514572144,0.7582918405532837,0.40496087074279785,0.07447069138288498,-0.3425070643424988,2.6293752193450928,0.30919694900512695,1.6214418411254883,1.537571668624878,2.0443944931030273,1.9511722326278687,2.541909694671631,2.095025062561035,1.8413876295089722,2.118462085723877,4.087412357330322,2.334007978439331
52,0.027207449078559875,0.0,0.0,0.0,0.08209570497274399,0.0,0.0,0.15111656486988068,0.0,0.0,0.0,0.0,0.19785726070404053,0.0,0.0,0.0,0.24299703538417816,0.0,0.0,0.2987259328365326,0.152943417429924,0.0,0.0,0.0,0.29647296667099,0.0,0.0,0.25243982672691345,0.0,0.0,0.0,0.0,0.16657541692256927,0.0,0.0,0.0,0.08190476894378662,0.0,0.0,0.04966360703110695,0.4153846204280853,0.5603592991828918,0.27175530791282654,0.7548902034759521,0.7543028593063354,0.7699334025382996,0.5535014867782593,0.9276461601257324,0.0037911911495029926,0.0011747272219508886,0.00018364199786446989,0.0015420326963067055,0.0015505871269851923,0.00053917255718261,3.6737888876814395e-05,0.0005324637750163674,0.007007347419857979,0.002173899207264185,0.0004690438508987427,0.0035861858632415533,0.29431429505348206,0.7395749688148499,0.37677380442619324,0.055849965661764145,-0.41424816846847534,2.7106292247772217,0.3061099052429199,1.5979801416397095,1.4350804090499878,2.022895097732544,2.0228960514068604,2.283557176589966,2.136049509048462,1.7767767906188965,2.2502574920654297,3.9934513568878174,2.176957845687866
53,0.03262213617563248,0.0,0.0,0.0,0.10370179265737534,0.0,0.0,0.17802715301513672,0.0,0.0,0.0,0.0,0.2127884030342102,0.0,0.0,0.0,0.2134745717048645,0.0,0.0,0.259385883808136,0.15717813372612,0.0,0.0,0.0,0.3027637302875519,0.0,0.0,0.2529938817024231,0.0,0.0,0.0,0.0,0.16320230066776276,0.0,0.0,0.0,0.07754117995500565,0.0,0.0,0.04632076993584633,0.35384616255760193,0.5512175559997559,0.2606991231441498,0.7540917992591858,0.65522301197052,0.7386966347694397,0.49337905645370483,0.9065142869949341,0.0031398346181958914,0.0010870248079299927,0.0001688389020273462,0.0014418642967939377,0.00142589770257473,0.0005018505617044866,3.401134017622098e-05,0.0004957823548465967,0.00601548096165061,0.002008173381909728,0.0004314483958296478,0.003308163257315755,0.2834276854991913,0.6856406331062317,0.33469080924987793,0.02285044826567173,-0.5536156892776489,2.7977826595306396,0.29651397466659546,1.5989835262298584,1.3809200525283813,2.0664923191070557,2.0173020362854004,1.9970018863677979,2.230639934539795,1.7125364542007446,2.2350192070007324,3.8370893001556396,2.3834755420684814
54,0.044302016496658325,0.0,0.0,0.0,0.13385918736457825,0.0,0.0,0.21377494931221008,0.0,0.0,0.0,0.0,0.24166986346244812,0.0,0.0,0.0,0.24845173954963684,0.0,0.0,0.11794230341911316,0.16012901067733765,0.0,0.0,0.0,0.3085428774356842,0.0,0.0,0.25407809019088745,0.0,0.0,0.0,0.0,0.15938667953014374,0.0,0.0,0.0,0.07371596246957779,0.0,0.0,0.04414735734462738,0.30192306637763977,0.5395209789276123,0.2511935234069824,0.7479041814804077,0.536259114742279,0.7025837898254395,0.43636494874954224,0.8341038227081299,0.0029869885183870792,0.0010023897048085928,0.00015686450933571905,0.0013340379809960723,0.0013245713198557496,0.00047029004781506956,3.161875793011859e-05,0.0004639477701857686,0.005273845046758652,0.0018592699198052287,0.00040569459088146687,0.0031142421066761017,0.2737821340560913,0.6080546975135803,0.2591327726840973,-0.0017511884216219187,-0.5751233100891113,2.8601651191711426,0.31119081377983093,1.601219654083252,1.3240435123443604,1.9542734622955322,2.0014467239379883,1.7127978801727295,2.4582877159118652,1.6039143800735474,2.191681385040283,3.6960830688476562,2.7676985263824463
55,0.05764791741967201,0.0,0.0,0.0,0.17429785430431366,0.0,0.0,0.23899994790554047,0.0,0.0,0.0,0.0,0.25158488750457764,0.0,0.0,0.0,0.19818034768104553,0.0,0.0,0.07928898185491562,0.16417492926120758,0.0,0.0,0.0,0.3110553026199341,0.0,0.0,0.25404882431030273,0.0,0.0,0.0,0.0,0.15646837651729584,0.0,0.0,0.0,0.07133914530277252,0.0,0.0,0.04291341453790665,0.2557692229747772,0.5308582782745361,0.24494633078575134,0.7435129284858704,0.4330666959285736,0.6842889189720154,0.38868096470832825,0.6890869140625,0.002651422517374158,0.0009077145950868726,0.00014547252794727683,0.0012554216664284468,0.0011196427512913942,0.0004262111324351281,2.9416843972285278e-05,0.00041327482904307544,0.004717377945780754,0.0016887380043044686,0.00037839211290702224,0.0030071442015469074,0.26736801862716675,0.529045581817627,0.18455424904823303,-0.01848430745303631,-0.5769187808036804,2.9152939319610596,0.31554609537124634,1.5406657457351685,1.3531917333602905,1.8967499732971191,1.9797779321670532,1.6688846349716187,2.646599292755127,1.5390499830245972,2.02111554145813,3.451106548309326,3.046593189239502
56,0.06958039849996567,0.0,0.0,0.0,0.19417400658130646,0.0,0.0,0.254018098115921,0.0,0.0,0.0,0.0,0.23404327034950256,0.0,0.0,0.0,0.18751519918441772,0.0,0.0,0.06066903844475746,0.16547474265098572,0.0,0.0,0.0,0.3115662634372711,0.0,0.0,0.2537689507007599,0.0,0.0,0.0,0.0,0.15610137581825256,0.0,0.0,0.0,0.07086976617574692,0.0,0.0,0.0422188863158226,0.24230769276618958,0.5253892540931702,0.2439001351594925,0.7279440760612488,0.4169304370880127,0.6498650908470154,0.3736538589000702,0.5865043997764587,0.0021849987097084522,0.000824556453153491,0.00013513388694263995,0.001163956825621426,0.0010953785385936499,0.0003933064581360668,2.7233509172219783e-05,0.0003993939608335495,0.004100845195353031,0.0015392010100185871,0.00035687899799086154,0.002853682264685631,0.2658810615539551,0.4822177290916443,0.16662950813770294,-0.02609953097999096,-0.48739194869995117,2.9438159465789795,0.35464414954185486,1.4473007917404175,1.3295958042144775,1.7557276487350464,1.9271366596221924,1.6220402717590332,2.747864007949829,1.4719374179840088,1.9589751958847046,3.491861343383789,3.2820122241973877
57,0.07323777675628662,0.0,0.0,0.0,0.20748271048069,0.0,0.0,0.27726805210113525,0.0,0.0,0.0,0.0,0.23787568509578705,0.0,0.0,0.0,0.15396897494792938,0.0,0.0,0.050166819244623184,0.16455523669719696,0.0,0.0,0.0,0.3124992549419403,0.0,0.0,0.25506919622421265,0.0,0.0,0.0,0.0,0.1558903604745865,0.0,0.0,0.0,0.07059411704540253,0.0,0.0,0.041391827166080475,0.21346153318881989,0.5146507024765015,0.24323096871376038,0.7305389046669006,0.3128422498703003,0.5970795154571533,0.35377398133277893,0.5369245409965515,0.001963899005204439,0.0007508218986913562,0.00012587683158926666,0.0011296744924038649,0.001044687582179904,0.0003617446927819401,2.528657205402851e-05,0.00036952103255316615,0.0035944953560829163,0.0014089324977248907,0.0003375901433173567,0.002771391998976469,0.2646307051181793,0.44200143218040466,0.19059574604034424,-0.03217189013957977,-0.48517906665802,2.9729528427124023,0.3713654577732086,1.3745635747909546,1.3116856813430786,1.810481071472168,1.8557037115097046,1.7141515016555786,2.717698097229004,1.440529465675354,1.8509764671325684,3.6311092376708984,3.290666103363037
58,0.054849203675985336,0.0,0.0,0.0,0.20186826586723328,0.0,0.0,0.29547417163848877,0.0,0.0,0.0,0.0,0.24516519904136658,0.0,0.0,0.0,0.15720117092132568,0.0,0.0,0.04544202610850334,0.1628878265619278,0.0,0.0,0.0,0.31255269050598145,0.0,0.0,0.2564160227775574,0.0,0.0,0.0,0.0,0.15645946562290192,0.0,0.0,0.0,0.07090684771537781,0.0,0.0,0.04077713191509247,0.18269230425357819,0.5112574696540833,0.2440699189901352,0.7099800109863281,0.348148912191391,0.5663393139839172,0.3781571388244629,0.5463429093360901,0.0019483782816678286,0.0007005683146417141,0.00011678296141326427,0.0010341050801798701,0.0009656297042965889,0.0003354825603310019,2.3576183593831956e-05,0.000346030225045979,0.0033124261535704136,0.0013264977606013417,0.00031935295555740595,0.002552411984652281,0.2649369239807129,0.4477962851524353,0.2509198486804962,-0.030341753736138344,-0.4942697584629059,2.977353572845459,0.38553449511528015,1.3126988410949707,1.2762185335159302,1.7684394121170044,1.8848782777786255,2.019780397415161,2.4791176319122314,1.3897380828857422,1.6698685884475708,3.8958499431610107,3.0365102291107178
59,0.05158473923802376,0.0,0.0,0.0,0.18926770985126495,0.0,0.0,0.29778385162353516,0.0,0.0,0.0,0.0,0.23978623747825623,0.0,0.0,0.0,0.1704777479171753,0.0,0.0,0.05109976977109909,0.15948128700256348,0.0,0.0,0.0,0.31099510192871094,0.0,0.0,0.25672271847724915,0.0,0.0,0.0,0.0,0.16028179228305817,0.0,0.0,0.0,0.0719233974814415,0.0,0.0,0.040595706552267075,0.19230769574642181,0.5134131908416748,0.24912859499454498,0.6928143501281738,0.5043390393257141,0.5421938300132751,0.38070058822631836,0.5882313847541809,0.0018357837107032537,0.0006644933018833399,0.00010957445192616433,0.0009905039332807064,0.0009009283385239542,0.0003198079066351056,2.204731572419405e-05,0.00032756716245785356,0.003615004476159811,0.0012813461944460869,0.0003104672650806606,0.0024596857838332653,0.2695741057395935,0.4613494575023651,0.24851658940315247,-0.024883104488253593,-0.5261702537536621,2.938199043273926,0.4102153778076172,1.2156373262405396,1.2238258123397827,1.7014046907424927,1.91119384765625,2.293023109436035,2.3082334995269775,1.3704254627227783,1.5957832336425781,4.0899858474731445,2.848175048828125
60,0.04143041744828224,0.0,0.0,0.0,0.1323952078819275,0.0,0.0,0.2855087220668793,0.0,0.0,0.0,0.0,0.21759270131587982,0.0,0.0,0.0,0.27213308215141296,0.0,0.0,0.05093982443213463,0.1536135971546173,0.0,0.0,0.0,0.3067788779735565,0.0,0.0,0.25925639271736145,0.0,0.0,0.0,0.0,0.16647419333457947,0.0,0.0,0.0,0.0735182985663414,0.0,0.0,0.040358658879995346,0.21346153318881989,0.5194011926651001,0.25682398676872253,0.690219521522522,0.4935542643070221,0.5196675062179565,0.402134507894516,0.7952939867973328,0.001930529484525323,0.0006430779467336833,0.00010398610174888745,0.0009626814280636609,0.0009308502776548266,0.00030913014779798687,2.0914314518449828e-05,0.00031693564960733056,0.004130819346755743,0.0012728327419608831,0.00030964831239543855,0.0025248429737985134,0.2770669162273407,0.5406535863876343,0.31491029262542725,-0.012166500091552734,-0.5285131335258484,2.8767428398132324,0.420625239610672,1.1601015329360962,1.230283260345459,1.720376968383789,1.9637809991836548,2.585623025894165,2.2084453105926514,1.3679496049880981,1.6452724933624268,4.222646236419678,2.7063937187194824
61,0.034412916749715805,0.0,0.0,0.0,0.1241764947772026,0.0,0.0,0.2460377812385559,0.0,0.0,0.0,0.0,0.2297891229391098,0.0,0.0,0.0,0.3188640773296356,0.0,0.0,0.04671965166926384,0.15002135932445526,0.0,0.0,0.0,0.3017934560775757,0.0,0.0,0.26164382696151733,0.0,0.0,0.0,0.0,0.1720956712961197,0.0,0.0,0.0,0.07409423589706421,0.0,0.0,0.04035146161913872,0.22692307829856873,0.5262674689292908,0.26292386651039124,0.697604775428772,0.4772273898124695,0.4936072528362274,0.4337470233440399,0.8983015418052673,0.0020384963136166334,0.000611479626968503,9.751966717885807e-05,0.0009264837135560811,0.0009422804578207433,0.0002933970536105335,1.953206447069533e-05,0.00028692104388028383,0.004262381698936224,0.001240903278812766,0.00030187726952135563,0.0024580408353358507,0.2832351326942444,0.595360279083252,0.32056689262390137,-0.0027920326683670282,-0.5093536376953125,2.8338236808776855,0.43049147725105286,1.17654287815094,1.1812833547592163,1.7514642477035522,2.085822820663452,2.526808500289917,2.1476962566375732,1.3504908084869385,1.5087003707885742,4.274046421051025,2.5707178115844727
62,0.035491809248924255,0.0,0.0,0.0,0.1249910220503807,0.0,0.0,0.24256475269794464,0.0,0.0,0.0,0.0,0.2115100473165512,0.0,0.0,0.0,0.3323133885860443,0.0,0.0,0.053128939121961594,0.1520690768957138,0.0,0.0,0.0,0.3023758828639984,0.0,0.0,0.26220038533210754,0.0,0.0,0.0,0.0,0.1707524210214615,0.0,0.0,0.0,0.07282561808824539,0.0,0.0,0.03977660834789276,0.2230769246816635,0.519041895866394,0.25993260741233826,0.7049899697303772,0.4557040333747864,0.4525391459465027,0.40409353375434875,0.935000479221344,0.0020088369492441416,0.0005782723310403526,9.013278759084642e-05,0.0008271991391666234,0.0009252281161025167,0.00027841905830428004,1.8102075046044774e-05,0.000261461129412055,0.004062371328473091,0.0012077516876161098,0.0002873492776416242,0.0022016859147697687,0.280117392539978,0.596938967704773,0.373298704624176,-0.005881794262677431,-0.5899738073348999,2.8611674308776855,0.4278263747692108,1.1687638759613037,1.1030995845794678,1.8109217882156372,2.089384078979492,2.3273673057556152,2.1046547889709473,1.401302456855774,1.7181648015975952,4.325814247131348,2.5298430919647217
63,0.04382266104221344,0.0,0.0,0.0,0.14833949506282806,0.0,0.0,0.2614852488040924,0.0,0.0,0.0,0.0,0.2921338379383087,0.0,0.0,0.0,0.2219122052192688,0.0,0.0,0.03230658918619156,0.15421001613140106,0.0,0.0,0.0,0.30860304832458496,0.0,0.0,0.26248130202293396,0.0,0.0,0.0,0.0,0.16457843780517578,0.0,0.0,0.0,0.07100455462932587,0.0,0.0,0.03912265971302986,0.20384615659713745,0.5131337642669678,0.25158554315567017,0.6704590320587158,0.31464633345603943,0.4161846339702606,0.3759951889514923,0.8962646722793579,0.0020199136342853308,0.0005477070808410645,8.243559568654746e-05,0.0007424390641972423,0.0009940341114997864,0.0002622664615046233,1.6616249922662973e-05,0.00023880334629211575,0.003671131795272231,0.0011565415188670158,0.00026582746068015695,0.0019610642921179533,0.2715946137905121,0.5463377237319946,0.34216225147247314,-0.02048209123313427,-0.6435881853103638,2.9409303665161133,0.4158715307712555,1.09842050075531,1.0601342916488647,1.9265820980072021,2.011219024658203,2.16943621635437,2.138272762298584,1.3530710935592651,1.7980313301086426,4.136312007904053,2.5928549766540527
64,0.061700157821178436,0.0,0.0,0.0,0.1863570660352707,0.0,0.0,0.36635062098503113,0.0,0.0,0.0,0.0,0.22806474566459656,0.0,0.0,0.0,0.14205533266067505,0.0,0.0,0.015472047962248325,0.1608501821756363,0.0,0.0,0.0,0.3118894696235657,0.0,0.0,0.2601768970489502,0.0,0.0,0.0,0.0,0.16049359738826752,0.0,0.0,0.0,0.0683244988322258,0.0,0.0,0.038265377283096313,0.2461538463830948,0.5033932328224182,0.24433459341526031,0.6493013501167297,0.44851335883140564,0.3969728350639343,0.34582042694091797,0.4563794732093811,0.002035301411524415,0.0005077335517853498,7.621529221069068e-05,0.00070189218968153,0.0009407201432622969,0.0002442986879032105,1.5431582141900435e-05,0.000221419773879461,0.0036855563521385193,0.0010840962640941143,0.00025062644272111356,0.0019248842727392912,0.2640971541404724,0.3855776786804199,0.31808674335479736,-0.03632689267396927,-0.6732932329177856,3.015042781829834,0.4156861901283264,1.1223671436309814,1.0238908529281616,1.931043267250061,1.95549476146698,1.9700369834899902,2.274881362915039,1.2718242406845093,1.9122731685638428,4.045065879821777,2.760732650756836
65,0.09323697537183762,0.0,0.0,0.0,0.2743484079837799,0.0,0.0,0.2723429203033447,0.0,0.0,0.0,0.0,0.22113698720932007,0.0,0.0,0.0,0.12426706403493881,0.0,0.0,0.014667625539004803,0.1675623655319214,0.0,0.0,0.0,0.3229031562805176,0.0,0.0,0.2552856504917145,0.0,0.0,0.0,0.0,0.15239916741847992,0.0,0.0,0.0,0.06444832682609558,0.0,0.0,0.03740132972598076,0.2788461446762085,0.496207594871521,0.23153558373451233,0.6147704124450684,0.5305855870246887,0.38867005705833435,0.3260937035083771,0.40463125705718994,0.002100507728755474,0.0004587193834595382,6.866037438157946e-05,0.0006775606889277697,0.0009399207192473114,0.00022141185763757676,1.408625303156441e-05,0.00021314830519258976,0.003919708076864481,0.0009893421083688736,0.00022374422405846417,0.0018439176492393017,0.25142666697502136,0.36005815863609314,0.25188085436820984,-0.05142650753259659,-0.6612640619277954,3.1881160736083984,0.3711429536342621,1.1663358211517334,1.082312822341919,1.9338032007217407,2.0824756622314453,1.866891622543335,2.339381217956543,1.3634310960769653,2.0809595584869385,3.710265874862671,2.902717113494873
66,0.08391954004764557,0.0,0.0,0.0,0.21497301757335663,0.0,0.0,0.2900274991989136,0.0,0.0,0.0,0.0,0.24748428165912628,0.0,0.0,0.0,0.14746032655239105,0.0,0.0,0.016135280951857567,0.1681123524904251,0.0,0.0,0.0,0.3246045410633087,0.0,0.0,0.25458332896232605,0.0,0.0,0.0,0.0,0.15116998553276062,0.0,0.0,0.0,0.06431667506694794,0.0,0.0,0.03721313178539276,0.29423075914382935,0.49584829807281494,0.22998003661632538,0.6091816425323486,0.505011796951294,0.4171628952026367,0.33437392115592957,0.620639443397522,0.002120769117027521,0.0004110401787329465,6.295478669926524e-05,0.0006377352983690798,0.0009594341390766203,0.0001963779068319127,1.3020445294387173e-05,0.00019934009469579905,0.004114269744604826,0.0008942936547100544,0.0002073395298793912,0.00181872327812016,0.24991418421268463,0.4110627770423889,0.20068144798278809,-0.04931991547346115,-0.665605366230011,3.2451589107513428,0.3659796118736267,1.0949236154556274,0.9977003335952759,1.8906303644180298,2.1168744564056396,1.8552000522613525,2.3485219478607178,1.319097876548767,2.089755058288574,3.4339799880981445,2.941155195236206
67,0.07759876549243927,0.0,0.0,0.0,0.2236083447933197,0.0,0.0,0.29280388355255127,0.0,0.0,0.0,0.0,0.24650876224040985,0.0,0.0,0.0,0.14631927013397217,0.0,0.0,0.013161017559468746,0.16689573228359222,0.0,0.0,0.0,0.3248862624168396,0.0,0.0,0.25323888659477234,0.0,0.0,0.0,0.0,0.15211783349514008,0.0,0.0,0.0,0.06542989611625671,0.0,0.0,0.03743140026926994,0.29807692766189575,0.49720558524131775,0.23236455023288727,0.6079840064048767,0.5510217547416687,0.41183868050575256,0.3283492624759674,0.601840615272522,0.0021728086285293102,0.00038298475556075573,5.84031586186029e-05,0.0006347681628540158,0.0010566418059170246,0.00018299967632628977,1.2181482816231437e-05,0.0001908573613036424,0.004147949628531933,0.0008526158635504544,0.00020027233404107392,0.001898287795484066,0.2521991431713104,0.4059710204601288,0.19135233759880066,-0.048199284821748734,-0.6789419054985046,3.2073848247528076,0.3730422556400299,1.0615675449371338,1.0160804986953735,1.8408476114273071,2.068743944168091,1.7600226402282715,2.244666576385498,1.3356844186782837,1.8929868936538696,3.4020867347717285,2.9719080924987793
68,0.07367223501205444,0.0,0.0,0.0,0.21660158038139343,0.0,0.0,0.2938210368156433,0.0,0.0,0.0,0.0,0.2913338243961334,0.0,0.0,0.0,0.11300413310527802,0.0,0.0,0.011567228473722935,0.1677740067243576,0.0,0.0,0.0,0.32222938537597656,0.0,0.0,0.25569483637809753,0.0,0.0,0.0,0.0,0.1532241255044937,0.0,0.0,0.0,0.06391491740942001,0.0,0.0,0.03716272488236427,0.3057692348957062,0.49948105216026306,0.2316104918718338,0.5992015600204468,0.5264454483985901,0.4371412992477417,0.31512656807899475,0.6554354429244995,0.002203625626862049,0.0003530881949700415,5.42579909961205e-05,0.0006229032296687365,0.0011075289221480489,0.00016685259470250458,1.1370876563887578e-05,0.00018145248759537935,0.004107131622731686,0.0007947814301587641,0.00019142460951115936,0.0018615107983350754,0.2515380084514618,0.4158879518508911,0.2511010766029358,-0.045603763312101364,-0.6811771392822266,3.244333028793335,0.3810289204120636,0.9498392343521118,0.9538220763206482,1.946454405784607,1.9777213335037231,2.0600976943969727,2.0991909503936768,1.3088997602462769,1.8110625743865967,3.435879945755005,2.8382105827331543
69,0.08713091164827347,0.0,0.0,0.0,0.25708431005477905,0.0,0.0,0.29218682646751404,0.0,0.0,0.0,0.0,0.23174753785133362,0.0,0.0,0.0,0.12266437709331512,0.0,0.0,0.00918605551123619,0.17152678966522217,0.0,0.0,0.0,0.3241078853607178,0.0,0.0,0.2544456422328949,0.0,0.0,0.0,0.0,0.150972381234169,0.0,0.0,0.0,0.062047842890024185,0.0,0.0,0.03689945861697197,0.30192306637763977,0.4957684576511383,0.22727341949939728,0.5936127305030823,0.48333293199539185,0.42875686287879944,0.26801612973213196,0.5307648181915283,0.0021148312371224165,0.000327451154589653,5.036807124270126e-05,0.0005926635349169374,0.0010579617228358984,0.00015428493497893214,1.0539984941715375e-05,0.00017388741252943873,0.004322294145822525,0.0007641270058229566,0.00018480866856407374,0.001700717955827713,0.24722325801849365,0.3635789453983307,0.29262804985046387,-0.050034310668706894,-0.6586568355560303,3.2788519859313965,0.3898480534553528,0.9493354558944702,0.9011127352714539,2.047654628753662,2.106538772583008,2.175663948059082,1.9365708827972412,1.3380897045135498,1.601741909980774,3.4661717414855957,2.7770278453826904
70,0.08187668770551682,0.0,0.0,0.0,0.23805874586105347,0.0,0.0,0.3069966435432434,0.0,0.0,0.0,0.0,0.23763790726661682,0.0,0.0,0.0,0.1283523589372635,0.0,0.0,0.007077745161950588,0.1703568547964096,0.0,0.0,0.0,0.3269745707511902,0.0,0.0,0.2537343502044678,0.0,0.0,0.0,0.0,0.15104374289512634,0.0,0.0,0.0,0.06104407086968422,0.0,0.0,0.03684639930725098,0.33076924085617065,0.5059481263160706,0.2254531979560852,0.6021955609321594,0.525618314743042,0.46655789017677307,0.2480083703994751,0.5549543499946594,0.0022627264261245728,0.00031110664713196456,4.6889788791304454e-05,0.0005885264254175127,0.0010752090020105243,0.00014423736138269305,9.803260581975337e-06,0.00016495291492901742,0.004448264837265015,0.0007669359911233187,0.00018252000154461712,0.0019399379380047321,0.24625824391841888,0.3730488121509552,0.34790292382240295,-0.0452098585665226,-0.5930575132369995,3.2395613193511963,0.3946132957935333,0.9381166696548462,0.9084962606430054,1.9895617961883545,2.068978786468506,2.2927474975585938,1.867777943611145,1.2879055738449097,1.4800608158111572,3.419837474822998,2.6932146549224854
71,0.10141991078853607,0.0,0.0,0.0,0.27206891775131226,0.0,0.0,0.280061811208725,0.0,0.0,0.0,0.0,0.18996258080005646,0.0,0.0,0.0,0.15064609050750732,0.0,0.0,0.00584070710465312,0.17123349010944366,0.0,0.0,0.0,0.3255823254585266,0.0,0.0,0.25498145818710327,0.0,0.0,0.0,0.0,0.14985860884189606,0.0,0.0,0.0,0.0618736557662487,0.0,0.0,0.03647047281265259,0.3403846025466919,0.5017964243888855,0.22525843977928162,0.5770459175109863,0.5000525712966919,0.45043981075286865,0.23976139724254608,0.4588954746723175,0.002458652714267373,0.0002973946975544095,4.356753925094381e-05,0.0005849753506481647,0.0011007749708369374,0.00013500606291927397,9.12921314011328e-06,0.0001598921517143026,0.0046025412157177925,0.000768729776609689,0.00018297239148523659,0.0019154309993609786,0.2455553561449051,0.3464287519454956,0.3465077877044678,-0.04543505236506462,-0.5725114345550537,3.254838228225708,0.4004094898700714,0.965096116065979,0.9377835988998413,1.9386602640151978,2.22786545753479,2.450270891189575,1.8473072052001953,1.215685248374939,1.4729288816452026,3.460949420928955,2.68215012550354
72,0.11532966047525406,0.0,0.0,0.0,0.2889390289783478,0.0,0.0,0.24320727586746216,0.0,0.0,0.0,0.0,0.17790071666240692,0.0,0.0,0.0,0.16788595914840698,0.0,0.0,0.0067373826168477535,0.17147405445575714,0.0,0.0,0.0,0.32679322361946106,0.0,0.0,0.2543845772743225,0.0,0.0,0.0,0.0,0.14829915761947632,0.0,0.0,0.0,0.0624484159052372,0.0,0.0,0.03660057857632637,0.3519230782985687,0.5024351477622986,0.22477154433727264,0.5395209193229675,0.6137338876724243,0.44435369968414307,0.23734383285045624,0.45951512455940247,0.002417125040665269,0.00028016610303893685,4.02727528125979e-05,0.000547983858268708,0.0010388164082542062,0.00012618284381460398,8.427324246440548e-06,0.0001473614975111559,0.004593282472342253,0.0007383042247965932,0.00017761602066457272,0.0018606689991429448,0.24471792578697205,0.35250046849250793,0.2959427833557129,-0.04824275150895119,-0.5639868378639221,3.2510201930999756,0.3977805972099304,0.962384819984436,0.907325804233551,1.8217761516571045,2.285698175430298,2.277704954147339,1.8407412767410278,1.1848698854446411,1.4170149564743042,3.363654136657715,2.5755748748779297
73,0.12649647891521454,0.0,0.0,0.0,0.31273365020751953,0.0,0.0,0.25828367471694946,0.0,0.0,0.0,0.0,0.16900646686553955,0.0,0.0,0.0,0.12730565667152405,0.0,0.0,0.00617400836199522,0.17048518359661102,0.0,0.0,0.0,0.3213721215724945,0.0,0.0,0.2575741112232208,0.0,0.0,0.0,0.0,0.15116126835346222,0.0,0.0,0.0,0.06302899122238159,0.0,0.0,0.03637830168008804,0.35384616255760193,0.5096207857131958,0.2278526872396469,0.5323353409767151,0.511649489402771,0.4578385651111603,0.22132539749145508,0.3472437262535095,0.0022818432189524174,0.00027134339325129986,3.7597521441057324e-05,0.0005144805763848126,0.0010557789355516434,0.00011967318278038874,7.857785021769814e-06,0.0001416375453118235,0.004336073528975248,0.0007205380825325847,0.00018169947725255042,0.0016755788819864392,0.24791687726974487,0.30246502161026,0.2504018545150757,-0.04865792766213417,-0.6330692172050476,3.2083373069763184,0.41874954104423523,0.9213895201683044,0.9432244300842285,1.7250683307647705,2.1760082244873047,2.109143018722534,1.855122447013855,1.1053227186203003,1.4511250257492065,3.4908859729766846,2.685084342956543
74,0.08679934591054916,0.0,0.0,0.0,0.23812124133110046,0.0,0.0,0.3379090428352356,0.0,0.0,0.0,0.0,0.2252260446548462,0.0,0.0,0.0,0.10727675259113312,0.0,0.0,0.004667545203119516,0.16864611208438873,0.0,0.0,0.0,0.3182206153869629,0.0,0.0,0.2578478455543518,0.0,0.0,0.0,0.0,0.1534028798341751,0.0,0.0,0.0,0.06510139256715775,0.0,0.0,0.036781150847673416,0.39038461446762085,0.5158882141113281,0.23225219547748566,0.548702597618103,0.6661357283592224,0.49411967396736145,0.22684456408023834,0.4447253942489624,0.0022847549989819527,0.0002663939376361668,3.536921940394677e-05,0.0005210344097577035,0.0010723489103838801,0.00011413545144023374,7.350596206379123e-06,0.0001299400464631617,0.0044331979006528854,0.0007439654436893761,0.00019118310592602938,0.0017067191656678915,0.25260278582572937,0.3371468782424927,0.3191812038421631,-0.04231961444020271,-0.6506474018096924,3.109532356262207,0.44842973351478577,0.9160258769989014,0.8981732130050659,1.6237070560455322,2.0099713802337646,1.9836699962615967,1.9678813219070435,1.0814005136489868,1.5464141368865967,3.7335262298583984,2.713658332824707
75,0.12081096321344376,0.0,0.0,0.0,0.35081395506858826,0.0,0.0,0.2515459358692169,0.0,0.0,0.0,0.0,0.19588670134544373,0.0,0.0,0.0,0.07630231976509094,0.0,0.0,0.00464017316699028,0.1723216325044632,0.0,0.0,0.0,0.3243224322795868,0.0,0.0,0.2541864216327667,0.0,0.0,0.0,0.0,0.1503339558839798,0.0,0.0,0.0,0.062221460044384,0.0,0.0,0.03661409765481949,0.321153849363327,0.5122554898262024,0.22639700770378113,0.5217564702033997,0.5361905694007874,0.47388750314712524,0.19771817326545715,0.32112425565719604,0.0022751297801733017,0.0002556651015765965,3.313960041850805e-05,0.0005271161207929254,0.001076803426258266,0.00010568037396296859,6.917494374647504e-06,0.00013098878844175488,0.0045928629115223885,0.0007382750627584755,0.00019313352822791785,0.0018233798909932375,0.2465551793575287,0.27681034803390503,0.37760046124458313,-0.0464753694832325,-0.7556118965148926,3.1119565963745117,0.43989863991737366,0.9314939975738525,1.113196611404419,1.6755048036575317,1.756310224533081,2.1578493118286133,2.1615219116210938,1.1050326824188232,1.5737674236297607,3.8515408039093018,2.760546922683716
76,0.18218645453453064,0.0,0.0,0.0,0.289700448513031,0.0,0.0,0.22941207885742188,0.0,0.0,0.0,0.0,0.21345970034599304,0.0,0.0,0.0,0.08072149008512497,0.0,0.0,0.0045197708532214165,0.179315984249115,0.0,0.0,0.0,0.3289135992527008,0.0,0.0,0.2502537667751312,0.0,0.0,0.0,0.0,0.14482231438159943,0.0,0.0,0.0,0.059912651777267456,0.0,0.0,0.036781683564186096,0.32692307233810425,0.5036726593971252,0.21905618906021118,0.4999999701976776,0.6202785968780518,0.4398959279060364,0.20202858746051788,0.3873681426048279,0.002233884297311306,0.0002350780850974843,3.0232604331104085e-05,0.000568243267480284,0.001016089809127152,9.643948578741401e-05,6.315699010883691e-06,0.0001294640969717875,0.004380944650620222,0.0006984942010603845,0.00017850981384981424,0.0020084043499082327,0.23899045586585999,0.2986815869808197,0.2969299852848053,-0.05212913826107979,-0.7915183305740356,3.1937246322631836,0.42364808917045593,0.9242957234382629,1.1088188886642456,1.6233152151107788,1.724366307258606,1.9982225894927979,2.1755762100219727,1.139707326889038,1.7080405950546265,3.7421536445617676,2.652404308319092
77,0.10315252840518951,0.0,0.0,0.0,0.3414590060710907,0.0,0.0,0.22169463336467743,0.0,0.0,0.0,0.0,0.24082675576210022,0.0,0.0,0.0,0.08803758770227432,0.0,0.0,0.0048295436426997185,0.1787577122449875,0.0,0.0,0.0,0.32910358905792236,0.0,0.0,0.2501060664653778,0.0,0.0,0.0,0.0,0.1445697546005249,0.0,0.0,0.0,0.060726750642061234,0.0,0.0,0.03673610836267471,0.32884615659713745,0.49856287240982056,0.219895139336586,0.5027943849563599,0.6122907400131226,0.4381282925605774,0.2262229323387146,0.46296626329421997,0.0022248742170631886,0.0002220375172328204,2.797004344756715e-05,0.0005908145685680211,0.0009888093918561935,8.87326750671491e-05,5.884373877051985e-06,0.00012149324174970388,0.004200709983706474,0.000684584490954876,0.00017268481315113604,0.0020242766477167606,0.2395077645778656,0.33367106318473816,0.3048000931739807,-0.04997320473194122,-0.8392471075057983,3.2056727409362793,0.41660237312316895,0.8493126630783081,1.0630654096603394,1.7341994047164917,1.7227846384048462,1.9107362031936646,2.111969470977783,1.17691171169281,1.587673544883728,3.598564386367798,2.5830068588256836
78,0.11496283113956451,0.0,0.0,0.0,0.2656751871109009,0.0,0.0,0.29650017619132996,0.0,0.0,0.0,0.0,0.22201010584831238,0.0,0.0,0.0,0.09570815414190292,0.0,0.0,0.0051435427740216255,0.18529640138149261,0.0,0.0,0.0,0.3349015414714813,0.0,0.0,0.24575307965278625,0.0,0.0,0.0,0.0,0.13989587128162384,0.0,0.0,0.0,0.05764375627040863,0.0,0.0,0.036509353667497635,0.3115384578704834,0.48295408487319946,0.2126317173242569,0.48443111777305603,0.5962470769882202,0.39879995584487915,0.23325081169605255,0.4334276020526886,0.0020649246871471405,0.00019993264868389815,2.5283530703745782e-05,0.0005565850879065692,0.0009805408772081137,7.910741260275245e-05,5.350853825802915e-06,0.00011866586282849312,0.003994903992861509,0.0006324075511656702,0.00015324998821597546,0.0018340398091822863,0.231618270277977,0.3228364586830139,0.3172946572303772,-0.05855698138475418,-0.827741801738739,3.3427352905273438,0.4024699628353119,0.8817976713180542,1.0948162078857422,1.7684345245361328,1.8121706247329712,1.8454558849334717,1.9547511339187622,1.146460771560669,1.5274595022201538,3.4932444095611572,2.5431220531463623
79,0.11470924317836761,0.0,0.0,0.0,0.2747661769390106,0.0,0.0,0.2558211386203766,0.0,0.0,0.0,0.0,0.2542697489261627,0.0,0.0,0.0,0.09542831033468246,0.0,0.0,0.0050054253078997135,0.18713872134685516,0.0,0.0,0.0,0.33582818508148193,0.0,0.0,0.24614053964614868,0.0,0.0,0.0,0.0,0.13733023405075073,0.0,0.0,0.0,0.05721331387758255,0.0,0.0,0.036349017173051834,0.30000001192092896,0.4749700725078583,0.2100224792957306,0.4658682346343994,0.5805617570877075,0.35367056727409363,0.20119185745716095,0.6552850604057312,0.0019726508762687445,0.00017545855371281505,2.3176839022198692e-05,0.0004604009445756674,0.0009030034998431802,7.006488158367574e-05,4.8878723646339495e-06,0.00010756883420981467,0.003625038545578718,0.0005666536162607372,0.00014102795103099197,0.001487167552113533,0.22850051522254944,0.3546810448169708,0.3816661834716797,-0.06160824000835419,-0.757472574710846,3.4219136238098145,0.38730987906455994,0.9614208340644836,0.9897924065589905,1.6577202081680298,1.9839787483215332,1.883859395980835,1.6447161436080933,1.1376094818115234,1.457235336303711,3.2279772758483887,2.562737226486206
80,0.11515607684850693,0.0,0.0,0.0,0.2679457664489746,0.0,0.0,0.2461610734462738,0.0,0.0,0.0,0.0,0.18357963860034943,0.0,0.0,0.0,0.1848280429840088,0.0,0.0,0.0023294752463698387,0.18610315024852753,0.0,0.0,0.0,0.33640938997268677,0.0,0.0,0.2461646944284439,0.0,0.0,0.0,0.0,0.1380215585231781,0.0,0.0,0.0,0.057248804718256,0.0,0.0,0.0360524021089077,0.2865384519100189,0.467145711183548,0.210926353931427,0.4714570641517639,0.6116170883178711,0.33012253046035767,0.18001268804073334,0.6739322543144226,0.0017559942789375782,0.00016224650607910007,2.1559633751166984e-05,0.00046946777729317546,0.0008026486029848456,6.40266589471139e-05,4.542747319646878e-06,0.00010552045569056645,0.003594638779759407,0.0005650089588016272,0.00014196454139892012,0.0015516080893576145,0.22893431782722473,0.37071239948272705,0.3662421405315399,-0.061325203627347946,-0.7236642241477966,3.3933770656585693,0.37443703413009644,0.9960742592811584,1.0000883340835571,1.7139726877212524,2.131394624710083,1.8472926616668701,1.4850342273712158,1.2513957023620605,1.3746209144592285,3.0911426544189453,2.61747407913208
81,0.14052942395210266,0.0,0.0,0.0,0.30639249086380005,0.0,0.0,0.2246151566505432,0.0,0.0,0.0,0.0,0.14971882104873657,0.0,0.0,0.0,0.17699183523654938,0.0,0.0,0.0017522753914818168,0.18405428528785706,0.0,0.0,0.0,0.3345717191696167,0.0,0.0,0.2490583211183548,0.0,0.0,0.0,0.0,0.13992756605148315,0.0,0.0,0.0,0.056544821709394455,0.0,0.0,0.03584328666329384,0.2826923131942749,0.4687425196170807,0.21177779138088226,0.480638712644577,0.6107657551765442,0.3227554261684418,0.16776184737682343,0.5558210611343384,0.0017473844345659018,0.00015879848797339946,2.0182213120278902e-05,0.0004534271138254553,0.0008530339691787958,5.876467184862122e-05,4.19028310716385e-06,9.870219946606085e-05,0.0034576754551380873,0.0006025261245667934,0.00014895411732140929,0.0016140525694936514,0.22992020845413208,0.32844045758247375,0.3441036641597748,-0.056769758462905884,-0.6739844679832458,3.2979354858398438,0.4012696444988251,0.9376906156539917,0.9366793632507324,1.654049277305603,2.1944446563720703,1.7035900354385376,1.5012823343276978,1.3202629089355469,1.3231546878814697,3.222073793411255,2.620222806930542
82,0.11335141956806183,0.0,0.0,0.0,0.291269987821579,0.0,0.0,0.29567912220954895,0.0,0.0,0.0,0.0,0.22130948305130005,0.0,0.0,0.0,0.07685381919145584,0.0,0.0,0.001536165946163237,0.1830359399318695,0.0,0.0,0.0,0.33357396721839905,0.0,0.0,0.24941696226596832,0.0,0.0,0.0,0.0,0.14256884157657623,0.0,0.0,0.0,0.0557890310883522,0.0,0.0,0.035615257918834686,0.29423075914382935,0.473053902387619,0.213108628988266,0.4930139482021332,0.5424119830131531,0.33562231063842773,0.158062145113945,0.5004402995109558,0.0016851933905854821,0.00015500660811085254,1.8785889551509172e-05,0.00047162786358967423,0.0008693061536177993,5.4668464144924656e-05,3.8810671867395286e-06,9.241379302693531e-05,0.0034676447976380587,0.0006294783088378608,0.00015200788038782775,0.0017034943448379636,0.23156492412090302,0.29968181252479553,0.2770085036754608,-0.052153896540403366,-0.6730233430862427,3.247032880783081,0.4227587580680847,0.8889381289482117,0.8354977965354919,1.6461557149887085,1.9800612926483154,1.7307368516921997,1.644751787185669,1.3020985126495361,1.4360907077789307,3.443469762802124,2.537017345428467
83,0.11730758100748062,0.0,0.0,0.0,0.3029617667198181,0.0,0.0,0.258960485458374,0.0,0.0,0.0,0.0,0.27283087372779846,0.0,0.0,0.0,0.04648897424340248,0.0,0.0,0.0014503253623843193,0.1855839043855667,0.0,0.0,0.0,0.3376108705997467,0.0,0.0,0.24831946194171906,0.0,0.0,0.0,0.0,0.13869044184684753,0.0,0.0,0.0,0.054194558411836624,0.0,0.0,0.035600777715444565,0.25,0.4663473069667816,0.207598015666008,0.5045908093452454,0.41085994243621826,0.3091525137424469,0.1483938843011856,0.5556676983833313,0.001685427501797676,0.00014840764924883842,1.7464022675994784e-05,0.000493825355079025,0.0008598154527135193,5.000692544854246e-05,3.5804237086267676e-06,8.927334420150146e-05,0.003388825338333845,0.000599249848164618,0.00014804708189330995,0.0018884154269471765,0.2261366844177246,0.3207536041736603,0.26574838161468506,-0.05365057662129402,-0.7189455032348633,3.3178868293762207,0.43239569664001465,0.834597110748291,0.8263564109802246,1.5484215021133423,1.9801888465881348,2.0138564109802246,1.7594267129898071,1.3029532432556152,1.496302843093872,3.5672502517700195,2.4600014686584473
84,0.11907295137643814,0.0,0.0,0.0,0.2908860445022583,0.0,0.0,0.23613671958446503,0.0,0.0,0.0,0.0,0.30928587913513184,0.0,0.0,0.0,0.04311368614435196,0.0,0.0,0.0015047242632135749,0.18826833367347717,0.0,0.0,0.0,0.34020301699638367,0.0,0.0,0.24532586336135864,0.0,0.0,0.0,0.0,0.13650308549404144,0.0,0.0,0.0,0.05421919748187065,0.0,0.0,0.03548049181699753,0.20769231021404266,0.46534931659698486,0.20537079870700836,0.4980039894580841,0.35920414328575134,0.29419949650764465,0.1443062424659729,0.6174579858779907,0.0016104059759527445,0.00014306505909189582,1.628625250305049e-05,0.0004254896775819361,0.0007530148141086102,4.58368485851679e-05,3.3071394227590645e-06,8.4801678895019e-05,0.0031101610511541367,0.0005936699453741312,0.00014880136586725712,0.0015299483202397823,0.22388188540935516,0.3538858890533447,0.22581040859222412,-0.05704047530889511,-0.7560099363327026,3.3328142166137695,0.4473409950733185,0.8908597826957703,0.8241230249404907,1.4830366373062134,1.9552438259124756,1.9988197088241577,1.8588744401931763,1.2449357509613037,1.6280601024627686,3.7634739875793457,2.437521457672119
85,0.13868682086467743,0.0,0.0,0.0,0.30220550298690796,0.0,0.0,0.3409203290939331,0.0,0.0,0.0,0.0,0.18127593398094177,0.0,0.0,0.0,0.035416554659605026,0.0,0.0,0.001494846073910594,0.19128814339637756,0.0,0.0,0.0,0.34197720885276794,0.0,0.0,0.24413584172725677,0.0,0.0,0.0,0.0,0.13374583423137665,0.0,0.0,0.0,0.05364927649497986,0.0,0.0,0.03520367667078972,0.17499999701976776,0.4596008062362671,0.2020799070596695,0.4864271283149719,0.35445326566696167,0.2827613651752472,0.1451580822467804,0.2976558804512024,0.0014632263919338584,0.00013322141603566706,1.4956251106923446e-05,0.0004099009674973786,0.0007367113139480352,4.149337109993212e-05,3.020832764377701e-06,7.644343713764101e-05,0.002722584642469883,0.0005447110743261874,0.00014188318164087832,0.0013263216242194176,0.22031642496585846,0.21817739307880402,0.21726690232753754,-0.06754282861948013,-0.7699214816093445,3.3838460445404053,0.4452929198741913,0.8295891284942627,0.8379535675048828,1.3694125413894653,1.9443548917770386,1.8441041707992554,1.915629267692566,1.1731846332550049,1.7412233352661133,3.6171865463256836,2.4877333641052246
86,0.18725399672985077,0.0,0.0,0.0,0.39968836307525635,0.0,0.0,0.23372012376785278,0.0,0.0,0.0,0.0,0.1395963728427887,0.0,0.0,0.0,0.03832510486245155,0.0,0.0,0.001416012062691152,0.19317270815372467,0.0,0.0,0.0,0.3411465585231781,0.0,0.0,0.24322544038295746,0.0,0.0,0.0,0.0,0.13381066918373108,0.0,0.0,0.0,0.05345114320516586,0.0,0.0,0.03519347682595253,0.1576923131942749,0.4497804343700409,0.20272409915924072,0.47405189275741577,0.2628062963485718,0.22494110465049744,0.1475866138935089,0.21342769265174866,0.0014627182390540838,0.00012454247917048633,1.3861319530406035e-05,0.00043989496771246195,0.0007034706650301814,3.786808520089835e-05,2.776581595753669e-06,7.533813186455518e-05,0.002741941250860691,0.0005307252868078649,0.0001391590340062976,0.001523563521914184,0.22017955780029297,0.17932932078838348,0.2701420783996582,-0.07102582603693008,-0.7646104097366333,3.4131181240081787,0.4486614465713501,0.8577011227607727,0.7594754695892334,1.470194935798645,2.0555899143218994,1.6869392395019531,1.9430837631225586,1.1077449321746826,1.705514907836914,3.508312463760376,2.68540358543396
87,0.1737155169248581,0.0,0.0,0.0,0.39625465869903564,0.0,0.0,0.24346181750297546,0.0,0.0,0.0,0.0,0.1491813212633133,0.0,0.0,0.0,0.036319389939308167,0.0,0.0,0.0010673312935978174,0.19324038922786713,0.0,0.0,0.0,0.3425181806087494,0.0,0.0,0.2429262101650238,0.0,0.0,0.0,0.0,0.13395486772060394,0.0,0.0,0.0,0.05251932889223099,0.0,0.0,0.03484101593494415,0.16153846681118011,0.441357284784317,0.2014581859111786,0.5203592777252197,0.28943777084350586,0.19546739757061005,0.15137363970279694,0.24154549837112427,0.0013990765437483788,0.00011759018525481224,1.2795254406228196e-05,0.0004347150679677725,0.0006600447231903672,3.4330354537814856e-05,2.5550568807375384e-06,6.815676169935614e-05,0.0027978322468698025,0.0005239392048679292,0.00013505596143659204,0.0015592393465340137,0.21905680000782013,0.18656036257743835,0.2215682715177536,-0.07454542815685272,-0.764622688293457,3.4784016609191895,0.44270822405815125,0.937694251537323,0.7389946579933167,1.7028347253799438,2.065653085708618,1.6932957172393799,1.901684045791626,1.0801138877868652,1.6951935291290283,3.54197096824646,2.741433620452881
88,0.15123498439788818,0.0,0.0,0.0,0.4071502387523651,0.0,0.0,0.24003511667251587,0.0,0.0,0.0,0.0,0.1554749459028244,0.0,0.0,0.0,0.04454934969544411,0.0,0.0,0.001555283204652369,0.1928102970123291,0.0,0.0,0.0,0.3425874412059784,0.0,0.0,0.24314145743846893,0.0,0.0,0.0,0.0,0.13347505033016205,0.0,0.0,0.0,0.05296535789966583,0.0,0.0,0.035020411014556885,0.16923077404499054,0.4368063807487488,0.20203246176242828,0.5093812346458435,0.3059740662574768,0.19493544101715088,0.14882737398147583,0.2822874188423157,0.0013777274871245027,0.00010406108776805922,1.1889422239619307e-05,0.00044865289237350225,0.0006222696974873543,3.076358916587196e-05,2.3532943487225566e-06,6.722818943671882e-05,0.002760990522801876,0.0004732988600153476,0.00012645767128560692,0.0015196993481367826,0.21920758485794067,0.20157133042812347,0.23770363628864288,-0.07387290894985199,-0.737866997718811,3.576375961303711,0.39422258734703064,0.964485764503479,0.8318658471107483,1.7803720235824585,1.990913987159729,1.8059651851654053,1.7847187519073486,1.184462547302246,1.6398719549179077,3.2991132736206055,2.6060197353363037
89,0.1423679143190384,0.0,0.0,0.0,0.38957417011260986,0.0,0.0,0.2154408097267151,0.0,0.0,0.0,0.0,0.196688711643219,0.0,0.0,0.0,0.05473870784044266,0.0,0.0,0.0011896727373823524,0.19572915136814117,0.0,0.0,0.0,0.3471609354019165,0.0,0.0,0.24219663441181183,0.0,0.0,0.0,0.0,0.12889406085014343,0.0,0.0,0.0,0.05106314271688461,0.0,0.0,0.03495607152581215,0.1846153885126114,0.4337724447250366,0.19587017595767975,0.4584830105304718,0.37080568075180054,0.17319124937057495,0.11998417973518372,0.4505653977394104,0.0012941918103024364,9.476955165155232e-05,1.1100163646915462e-05,0.0004657238023355603,0.0006842295406386256,2.7734313334804028e-05,2.164698798878817e-06,6.516915163956583e-05,0.0025999187491834164,0.00047200563130900264,0.0001249451597686857,0.0015017270343378186,0.21273314952850342,0.2526070475578308,0.257749080657959,-0.07450160384178162,-0.6818317174911499,3.635573387145996,0.4103794991970062,0.9176812171936035,0.8873206377029419,1.899276852607727,1.9980015754699707,1.9645624160766602,1.6671839952468872,1.1528328657150269,1.7066888809204102,3.514266014099121,2.5336508750915527
90,0.14617106318473816,0.0,0.0,0.0,0.28978875279426575,0.0,0.0,0.26364925503730774,0.0,0.0,0.0,0.0,0.23103633522987366,0.0,0.0,0.0,0.06857467442750931,0.0,0.0,0.0007799396407790482,0.19895200431346893,0.0,0.0,0.0,0.34829315543174744,0.0,0.0,0.24318231642246246,0.0,0.0,0.0,0.0,0.12575195729732513,0.0,0.0,0.0,0.04896876588463783,0.0,0.0,0.034851811826229095,0.17692308127880096,0.43069860339164734,0.19078652560710907,0.4267464876174927,0.3361738920211792,0.16927897930145264,0.10897352546453476,0.5491703152656555,0.0013584168627858162,9.107961523113772e-05,1.0296873369952664e-05,0.0005277327727526426,0.0007379798917099833,2.507797398720868e-05,1.9836920728266705e-06,6.765528814867139e-05,0.002595635363832116,0.00047489727148786187,0.0001220411213580519,0.0017843842506408691,0.2074533849954605,0.3003799021244049,0.3524942696094513,-0.0710066631436348,-0.65238356590271,3.6428658962249756,0.39609700441360474,1.0577703714370728,0.8929863572120667,1.8394036293029785,1.9762070178985596,2.1334853172302246,1.5844383239746094,1.1642892360687256,1.7024550437927246,3.4116060733795166,2.686217784881592
91,0.2369665801525116,0.0,0.0,0.0,0.3285442292690277,0.0,0.0,0.22601862251758575,0.0,0.0,0.0,0.0,0.12824766337871552,0.0,0.0,0.0,0.0796138271689415,0.0,0.0,0.0006090502138249576,0.194034606218338,0.0,0.0,0.0,0.3462018072605133,0.0,0.0,0.24510928988456726,0.0,0.0,0.0,0.0,0.12919704616069794,0.0,0.0,0.0,0.05051695555448532,0.0,0.0,0.034940291196107864,0.1903846114873886,0.4395209550857544,0.19549314677715302,0.4381237328052521,0.3024097979068756,0.20340318977832794,0.10834777355194092,0.31879493594169617,0.001440511317923665,9.300655801780522e-05,9.608872460376006e-06,0.0005075671360827982,0.0006737119401805103,2.3205910110846162e-05,1.8140765405405546e-06,6.507212674478069e-05,0.0026094974018633366,0.000537339597940445,0.00012800081458408386,0.001847927225753665,0.21248725056648254,0.20846405625343323,0.30551812052726746,-0.06468833237886429,-0.6343629360198975,3.5076658725738525,0.43064796924591064,1.0578081607818604,0.8430672883987427,1.749313235282898,1.9941517114639282,2.0218801498413086,1.53103506565094,1.058555006980896,1.6988272666931152,3.5936145782470703,2.6678948402404785
92,0.22683995962142944,0.0,0.0,0.0,0.3529500663280487,0.0,0.0,0.21874810755252838,0.0,0.0,0.0,0.0,0.1501605063676834,0.0,0.0,0.0,0.05051642656326294,0.0,0.0,0.0007848909590393305,0.19295339286327362,0.0,0.0,0.0,0.34585803747177124,0.0,0.0,0.24424812197685242,0.0,0.0,0.0,0.0,0.13130785524845123,0.0,0.0,0.0,0.050819020718336105,0.0,0.0,0.03481358289718628,0.19807691872119904,0.4390419125556946,0.1977578103542328,0.45349299907684326,0.31032082438468933,0.22266250848770142,0.11985843628644943,0.28296059370040894,0.0014878412475809455,8.966618042904884e-05,8.888005140761379e-06,0.0005034981295466423,0.0007200675318017602,2.1001746063120663e-05,1.6477215467602946e-06,6.128901441115886e-05,0.002683662809431553,0.0005228143418207765,0.00012588841491378844,0.002011133125051856,0.21475133299827576,0.20145604014396667,0.2933084964752197,-0.06143566966056824,-0.6214508414268494,3.510744571685791,0.4170987606048584,1.0955654382705688,0.8046051859855652,1.7038021087646484,1.935107946395874,1.9749164581298828,1.6701387166976929,1.0495103597640991,1.7766741514205933,3.5190117359161377,2.5987801551818848
93,0.2182386815547943,0.0,0.0,0.0,0.3630117177963257,0.0,0.0,0.21070753037929535,0.0,0.0,0.0,0.0,0.17470180988311768,0.0,0.0,0.0,0.032457828521728516,0.0,0.0,0.0008824170217849314,0.19520024955272675,0.0,0.0,0.0,0.345409631729126,0.0,0.0,0.24399679899215698,0.0,0.0,0.0,0.0,0.13076387345790863,0.0,0.0,0.0,0.049851078540086746,0.0,0.0,0.034778349101543427,0.18076923489570618,0.4386826455593109,0.1959875226020813,0.46686625480651855,0.30960825085639954,0.24340254068374634,0.1297508180141449,0.29703253507614136,0.0015087563078850508,8.208886720240116e-05,8.32557816465851e-06,0.0004910425050184131,0.0006840151036158204,1.9102924852631986e-05,1.5111836546566337e-06,5.8174788136966527e-05,0.0026252949610352516,0.00048085040180012584,0.00012258770584594458,0.001835336908698082,0.21322029829025269,0.20803628861904144,0.3485325574874878,-0.06425376981496811,-0.6726596355438232,3.5695767402648926,0.40959593653678894,1.0079741477966309,0.7898858189582825,1.7502647638320923,1.8133816719055176,1.9476240873336792,1.7741047143936157,1.1030991077423096,1.8848696947097778,3.4441184997558594,2.5981011390686035
94,0.248086616396904,0.0,0.0,0.0,0.31121692061424255,0.0,0.0,0.2166929990053177,0.0,0.0,0.0,0.0,0.14773871004581451,0.0,0.0,0.0,0.07535813003778458,0.0,0.0,0.0009066842612810433,0.19741907715797424,0.0,0.0,0.0,0.3453732430934906,0.0,0.0,0.24274569749832153,0.0,0.0,0.0,0.0,0.12882106006145477,0.0,0.0,0.0,0.050369422882795334,0.0,0.0,0.03527148440480232,0.1884615421295166,0.43836328387260437,0.1949463188648224,0.4722554683685303,0.34722280502319336,0.2455814778804779,0.13748672604560852,0.362172394990921,0.001434548757970333,7.855748117435724e-05,7.761444067000411e-06,0.0005104282172396779,0.0006991659174673259,1.7220287190866657e-05,1.3786063846055185e-06,5.884460188099183e-05,0.0025058386381715536,0.00046171172289177775,0.00012119799066567793,0.0018309977604076266,0.21230630576610565,0.22399696707725525,0.4305700659751892,-0.0693400576710701,-0.6962440013885498,3.55314302444458,0.41213274002075195,0.938745379447937,0.798110842704773,1.7700315713882446,1.791813850402832,1.6751012802124023,1.8679687976837158,1.153885841369629,1.861170768737793,3.319287061691284,2.79463529586792
95,0.15425068140029907,0.0,0.0,0.0,0.40541309118270874,0.0,0.0,0.21944350004196167,0.0,0.0,0.0,0.0,0.11842022836208344,0.0,0.0,0.0,0.10141917318105698,0.0,0.0,0.0010533478343859315,0.1988086700439453,0.0,0.0,0.0,0.34785541892051697,0.0,0.0,0.24184772372245789,0.0,0.0,0.0,0.0,0.12610134482383728,0.0,0.0,0.0,0.0502118319272995,0.0,0.0,0.03517499566078186,0.13846154510974884,0.43477046489715576,0.1924169808626175,0.44451096653938293,0.3017606735229492,0.21145941317081451,0.13825760781764984,0.36558133363723755,0.0012969388626515865,7.374487177003175e-05,7.120297595974989e-06,0.00043718592496588826,0.0006608979310840368,1.5385858205263503e-05,1.2574511174534564e-06,5.6742384913377464e-05,0.002271414501592517,0.00043302038102410734,0.00011435261694714427,0.0015410864725708961,0.2093648612499237,0.2208847552537918,0.36571380496025085,-0.07325974106788635,-0.7544354200363159,3.6484487056732178,0.4078092873096466,0.904758095741272,0.804720938205719,1.691750168800354,1.910183310508728,1.752738356590271,1.9105950593948364,1.2296671867370605,1.7164640426635742,3.3189826011657715,2.7575597763061523
96,0.1578594297170639,0.0,0.0,0.0,0.40830835700035095,0.0,0.0,0.19666339457035065,0.0,0.0,0.0,0.0,0.14567585289478302,0.0,0.0,0.0,0.09071207046508789,0.0,0.0,0.0007809454691596329,0.19670724868774414,0.0,0.0,0.0,0.34701797366142273,0.0,0.0,0.24277573823928833,0.0,0.0,0.0,0.0,0.1280614733695984,0.0,0.0,0.0,0.05039413645863533,0.0,0.0,0.035043444484472275,0.1230769231915474,0.4292614758014679,0.19420474767684937,0.5021955966949463,0.2575797438621521,0.19096589088439941,0.13078783452510834,0.4048469662666321,0.001276123453862965,6.862578447908163e-05,6.6152060753665864e-06,0.0004910536808893085,0.0006102646584622562,1.3973376553622074e-05,1.1458164408395533e-06,5.449472155305557e-05,0.002136392518877983,0.00039704100345261395,0.00011447253200458363,0.0018402233254164457,0.21135753393173218,0.23716169595718384,0.3656376004219055,-0.06997537612915039,-0.7626874446868896,3.6654136180877686,0.406766414642334,0.8303363919258118,0.9264621138572693,1.6188870668411255,2.068700075149536,1.5964173078536987,1.9860807657241821,1.2008389234542847,1.8878401517868042,3.340989589691162,2.717932939529419
97,0.17351123690605164,0.0,0.0,0.0,0.4171959459781647,0.0,0.0,0.18463969230651855,0.0,0.0,0.0,0.0,0.07869280874729156,0.0,0.0,0.0,0.1453891098499298,0.0,0.0,0.0005712342681363225,0.19323371350765228,0.0,0.0,0.0,0.3465225398540497,0.0,0.0,0.24649043381214142,0.0,0.0,0.0,0.0,0.12861940264701843,0.0,0.0,0.0,0.05015430226922035,0.0,0.0,0.034979600459337234,0.10769230872392654,0.42806386947631836,0.1946392059326172,0.49700596928596497,0.23122641444206238,0.183546781539917,0.11326893419027328,0.36985379457473755,0.0011746068485081196,6.958469020901248e-05,6.1646915128221735e-06,0.0004450431151781231,0.0005593580426648259,1.2640337445191108e-05,1.0374631074228091e-06,5.6284327001776546e-05,0.0021706793922930956,0.0004109442816115916,0.00011711768456734717,0.0017026455607265234,0.21161270141601562,0.22464600205421448,0.296175092458725,-0.061079978942871094,-0.764970064163208,3.6147472858428955,0.4139218330383301,0.8289815783500671,0.9576919674873352,1.5953949689865112,2.060499429702759,1.6810840368270874,1.8883109092712402,1.0949691534042358,1.8389045000076294,3.4126622676849365,2.6024656295776367
98,0.12169493734836578,0.0,0.0,0.0,0.41714921593666077,0.0,0.0,0.2518138289451599,0.0,0.0,0.0,0.0,0.09039273113012314,0.0,0.0,0.0,0.1185947060585022,0.0,0.0,0.00035461425432004035,0.19011880457401276,0.0,0.0,0.0,0.3433043658733368,0.0,0.0,0.2504112422466278,0.0,0.0,0.0,0.0,0.13084331154823303,0.0,0.0,0.0,0.05041122809052467,0.0,0.0,0.034911077469587326,0.10769230872392654,0.4352894127368927,0.1966991275548935,0.5019959807395935,0.1970406025648117,0.21471843123435974,0.0952073261141777,0.33360564708709717,0.0012322531547397375,7.629580795764923e-05,5.827576387673616e-06,0.00044917402556166053,0.0006553432904183865,1.16212786451797e-05,9.4427952035403e-07,5.52382662135642e-05,0.002320291707292199,0.0004542230162769556,0.0001245688763447106,0.0016598013462498784,0.21400436758995056,0.20933501422405243,0.3233409523963928,-0.05356428027153015,-0.738878607749939,3.4920849800109863,0.42767152190208435,0.8603965640068054,0.9136044979095459,1.7806825637817383,1.9160709381103516,1.7976983785629272,1.7875256538391113,1.1148045063018799,1.8853886127471924,3.595899820327759,2.678779125213623
99,0.11269116401672363,0.0,0.0,0.0,0.35143953561782837,0.0,0.0,0.31300410628318787,0.0,0.0,0.0,0.0,0.17615294456481934,0.0,0.0,0.0,0.04656980186700821,0.0,0.0,0.00014247262151911855,0.1945830136537552,0.0,0.0,0.0,0.34639349579811096,0.0,0.0,0.24974635243415833,0.0,0.0,0.0,0.0,0.127136692404747,0.0,0.0,0.0,0.04742612689733505,0.0,0.0,0.03471432998776436,0.10961538553237915,0.4323353171348572,0.18955805897712708,0.5005987882614136,0.1932980716228485,0.1832180917263031,0.08783742040395737,0.353929340839386,0.0012689316645264626,7.849537360016257e-05,5.408653123595286e-06,0.0005465575959533453,0.0006664833053946495,1.0552902494964655e-05,8.592577955823799e-07,5.2982613851781934e-05,0.0024065019097179174,0.00048658522428013384,0.00012173786672065035,0.0022631981410086155,0.20718428492546082,0.22285842895507812,0.4206664562225342,-0.05163123086094856,-0.6980867385864258,3.529520034790039,0.4295705258846283,0.9109887480735779,0.8479809165000916,1.8121410608291626,1.9476165771484375,2.0489327907562256,1.836549997329712,1.085771083831787,1.8879822492599487,3.666327953338623,2.640329122543335
100,0.14559811353683472,0.0,0.0,0.0,0.4551955759525299,0.0,0.0,0.17343251407146454,0.0,0.0,0.0,0.0,0.15756896138191223,0.0,0.0,0.0,0.06807783246040344,0.0,0.0,0.00012694655742961913,0.19754813611507416,0.0,0.0,0.0,0.35329926013946533,0.0,0.0,0.2451397329568863,0.0,0.0,0.0,0.0,0.12278074771165848,0.0,0.0,0.0,0.046701204031705856,0.0,0.0,0.034530915319919586,0.09615384787321091,0.4357285499572754,0.18357054889202118,0.5155688524246216,0.17464491724967957,0.19932301342487335,0.07718461751937866,0.38867685198783875,0.0013364526676014066,7.631150947418064e-05,4.974793228029739e-06,0.0006374049698933959,0.0006457261624746025,9.58838063525036e-06,7.772961225782637e-07,5.333165609044954e-05,0.002412892412394285,0.00048281988711096346,0.00011350964632583782,0.002499041613191366,0.20197643339633942,0.22576572000980377,0.3912413418292999,-0.06253042072057724,-0.6694797277450562,3.644752264022827,0.4079623520374298,0.9635920524597168,0.8714422583580017,1.8684791326522827,1.9633995294570923,2.024824619293213,1.8968161344528198,1.1457387208938599,1.6814309358596802,3.4206697940826416,2.8752095699310303
101,0.1570078730583191,0.0,0.0,0.0,0.4098396897315979,0.0,0.0,0.19654664397239685,0.0,0.0,0.0,0.0,0.21517762541770935,0.0,0.0,0.0,0.021324051544070244,0.0,0.0,0.00010407288209535182,0.2038450688123703,0.0,0.0,0.0,0.35976850986480713,0.0,0.0,0.23817892372608185,0.0,0.0,0.0,0.0,0.11825999617576599,0.0,0.0,0.0,0.04532546177506447,0.0,0.0,0.03462205454707146,0.11153846234083176,0.43141716718673706,0.1784469485282898,0.450698584318161,0.18391689658164978,0.18276624381542206,0.07075221836566925,0.4335918128490448,0.0012603455688804388,7.782327884342521e-05,4.657836143451277e-06,0.0005173734971322119,0.0006282233516685665,8.66807658894686e-06,7.13874385382951e-07,4.96061984449625e-05,0.0023683891631662846,0.0004964024992659688,0.0001088542994693853,0.0022057374007999897,0.19623041152954102,0.2365984171628952,0.34953194856643677,-0.07504916936159134,-0.6706818342208862,3.748352289199829,0.43258512020111084,0.9881222248077393,0.7793693542480469,1.835780382156372,1.9990020990371704,2.1000733375549316,1.8896461725234985,1.1321804523468018,1.588802456855774,3.509793996810913,3.002523183822632
102,0.140231192111969,0.0,0.0,0.0,0.4056313633918762,0.0,0.0,0.25331079959869385,0.0,0.0,0.0,0.0,0.1806594878435135,0.0,0.0,0.0,0.018851565197110176,0.0,0.0,0.0013156214263290167,0.206152081489563,0.0,0.0,0.0,0.35769081115722656,0.0,0.0,0.23592138290405273,0.0,0.0,0.0,0.0,0.11933492869138718,0.0,0.0,0.0,0.04610316455364227,0.0,0.0,0.03479762375354767,0.1230769231915474,0.4348103702068329,0.18034957349300385,0.45329341292381287,0.26205044984817505,0.18916480243206024,0.0890004113316536,0.3540399968624115,0.001184278167784214,7.426892989315093e-05,4.330557658249745e-06,0.00042683680658228695,0.0005608152132481337,7.868375178077258e-06,6.485398671429721e-07,4.9946112994803116e-05,0.0022550795692950487,0.0004571703029796481,0.00010197776282439008,0.0014372225850820541,0.1982393115758896,0.2008211314678192,0.19587957859039307,-0.08238742500543594,-0.7027804851531982,3.8527867794036865,0.40849024057388306,1.0603052377700806,0.844297468662262,1.7455248832702637,1.9536746740341187,1.9942820072174072,2.0816075801849365,1.0928691625595093,1.538021445274353,3.316260576248169,2.9483280181884766
103,0.12969820201396942,0.0,0.0,0.0,0.3134693205356598,0.0,0.0,0.38108429312705994,0.0,0.0,0.0,0.0,0.11656010150909424,0.0,0.0,0.0,0.057887494564056396,0.0,0.0,0.0013005865039303899,0.20383517444133759,0.0,0.0,0.0,0.35593247413635254,0.0,0.0,0.2371375858783722,0.0,0.0,0.0,0.0,0.12064594775438309,0.0,0.0,0.0,0.04759293794631958,0.0,0.0,0.03485587611794472,0.1269230842590332,0.4335329234600067,0.1834082454442978,0.4584830105304718,0.319838285446167,0.20543064177036285,0.09724289923906326,0.2600703537464142,0.0011812372831627727,7.485538662876934e-05,4.078252459294163e-06,0.0004656416131183505,0.0005646083736792207,7.067190836096415e-06,5.893302841286641e-07,4.9636277253739536e-05,0.00226292060688138,0.0004667025641538203,0.00010466362437000498,0.0016535315662622452,0.20107173919677734,0.17574407160282135,0.18376119434833527,-0.07993841171264648,-0.7425990104675293,3.844595432281494,0.4161902070045471,1.248856782913208,0.7497676014900208,1.5994192361831665,1.890295147895813,1.9957410097122192,2.154940128326416,1.193115234375,1.7278155088424683,3.548638343811035,2.9711074829101562
104,0.2335285246372223,0.0,0.0,0.0,0.36613526940345764,0.0,0.0,0.1903047263622284,0.0,0.0,0.0,0.0,0.1328272819519043,0.0,0.0,0.0,0.07690009474754333,0.0,0.0,0.00030411238549277186,0.19889874756336212,0.0,0.0,0.0,0.3536042869091034,0.0,0.0,0.2389024943113327,0.0,0.0,0.0,0.0,0.12479820102453232,0.0,0.0,0.0,0.04902936890721321,0.0,0.0,0.034766919910907745,0.13461539149284363,0.4363672733306885,0.18855930864810944,0.500199556350708,0.2999335527420044,0.2000952810049057,0.1040513813495636,0.31757840514183044,0.0012916548876091838,8.409270230913535e-05,3.905556695826817e-06,0.000503215123899281,0.0005589153151959181,6.4767978074087296e-06,5.361521857594198e-07,4.8481422709301114e-05,0.002348692622035742,0.0004946567350998521,0.00011572393123060465,0.002340515609830618,0.20651620626449585,0.21002499759197235,0.2959451675415039,-0.07169437408447266,-0.7498924732208252,3.7099218368530273,0.4463154673576355,1.3335998058319092,0.7012972235679626,1.5942647457122803,1.8126945495605469,1.9494836330413818,2.0189850330352783,1.2674462795257568,1.9659337997436523,3.8826961517333984,3.140104055404663
105,0.18740025162696838,0.0,0.0,0.0,0.38032984733581543,0.0,0.0,0.2032185196876526,0.0,0.0,0.0,0.0,0.1226409301161766,0.0,0.0,0.0,0.10605434328317642,0.0,0.0,0.00035616065724752843,0.19719253480434418,0.0,0.0,0.0,0.3508344888687134,0.0,0.0,0.24224503338336945,0.0,0.0,0.0,0.0,0.12532129883766174,0.0,0.0,0.0,0.049722228199243546,0.0,0.0,0.034684423357248306,0.14615385234355927,0.4428742527961731,0.189370796084404,0.4984031915664673,0.4274787902832031,0.19764703512191772,0.0880325511097908,0.34965234994888306,0.0014442126266658306,9.106854849960655e-05,3.721157554537058e-06,0.0006541644688695669,0.0005828011780977249,5.8305240600020625e-06,4.864347147304215e-07,5.3283241868484765e-05,0.0024845246225595474,0.0005680254544131458,0.00012860921560786664,0.0028199253138154745,0.20764128863811493,0.22904270887374878,0.22575214505195618,-0.06560962647199631,-0.7521651983261108,3.489187479019165,0.4721459150314331,1.3081640005111694,0.7086735963821411,1.6777398586273193,1.835022211074829,1.8198978900909424,1.7654410600662231,1.4563673734664917,1.9019248485565186,4.203619956970215,3.091294765472412
106,0.16568270325660706,0.0,0.0,0.0,0.34746602177619934,0.0,0.0,0.25956830382347107,0.0,0.0,0.0,0.0,0.0934220626950264,0.0,0.0,0.0,0.1336134672164917,0.0,0.0,0.0002473693457432091,0.1950824111700058,0.0,0.0,0.0,0.3478868007659912,0.0,0.0,0.24583053588867188,0.0,0.0,0.0,0.0,0.12610064446926117,0.0,0.0,0.0,0.05047399923205376,0.0,0.0,0.03462560474872589,0.14615385234355927,0.437564879655838,0.19121599197387695,0.5029940009117126,0.3680014908313751,0.180922731757164,0.08852016925811768,0.3398982286453247,0.0014365295646712184,9.111054532695562e-05,3.543154207363841e-06,0.0005882497644051909,0.0006382514256983995,5.2542909543262795e-06,4.4127361320533964e-07,5.2924508054275066e-05,0.0024471785873174667,0.000547161209397018,0.00013317397679202259,0.0029267272911965847,0.2091004103422165,0.22727510333061218,0.25172024965286255,-0.06059668958187103,-0.7334582209587097,3.4471435546875,0.496323823928833,1.1907598972320557,0.7703589797019958,1.723331332206726,1.810934066772461,1.7541130781173706,1.7440485954284668,1.511603832244873,1.869782567024231,4.449239253997803,3.02288818359375
107,0.173392191529274,0.0,0.0,0.0,0.41011348366737366,0.0,0.0,0.2041027992963791,0.0,0.0,0.0,0.0,0.17128527164459229,0.0,0.0,0.0,0.04082510992884636,0.0,0.0,0.00028119649505242705,0.1973968744277954,0.0,0.0,0.0,0.3510444164276123,0.0,0.0,0.24432338774204254,0.0,0.0,0.0,0.0,0.12338241934776306,0.0,0.0,0.0,0.04922035336494446,0.0,0.0,0.03463255241513252,0.11923076957464218,0.43736526370048523,0.1869787871837616,0.5077844262123108,0.27085351943969727,0.19152367115020752,0.08066833019256592,0.3268984854221344,0.0013835984282195568,8.15761013654992e-05,3.3408227864129003e-06,0.0005762799410149455,0.0006795077351853251,4.7768326112418436e-06,3.992200277025404e-07,5.4689931857865304e-05,0.002268729731440544,0.0005118308472447097,0.00012859393609687686,0.0024055405519902706,0.20517538487911224,0.21238458156585693,0.22885221242904663,-0.06545596569776535,-0.7200654745101929,3.5000317096710205,0.47154003381729126,1.0577291250228882,0.8254373073577881,1.817474126815796,1.8990302085876465,1.8812801837921143,1.7334058284759521,1.5859977006912231,1.7967305183410645,4.251584053039551,3.0692741870880127
108,0.13894565403461456,0.0,0.0,0.0,0.295739084482193,0.0,0.0,0.31553128361701965,0.0,0.0,0.0,0.0,0.2187938392162323,0.0,0.0,0.0,0.03054664470255375,0.0,0.0,0.0004434668808244169,0.20251595973968506,0.0,0.0,0.0,0.3553852438926697,0.0,0.0,0.2388002723455429,0.0,0.0,0.0,0.0,0.12089616805315018,0.0,0.0,0.0,0.04782143980264664,0.0,0.0,0.03458092361688614,0.0923076942563057,0.4274650812149048,0.18375781178474426,0.48223552107810974,0.16840408742427826,0.18158309161663055,0.06950532644987106,0.4386104941368103,0.0012877401895821095,7.042432844173163e-05,3.102967639279086e-06,0.0005308434483595192,0.0006552924169227481,4.272850219422253e-06,3.6190806440572487e-07,4.8620833695167676e-05,0.0022453637793660164,0.0004366353969089687,0.00011211524542886764,0.0019779419526457787,0.2012781947851181,0.24977658689022064,0.22387923300266266,-0.07469727098941803,-0.6771072745323181,3.7230119705200195,0.44022542238235474,1.0252506732940674,0.9122642874717712,1.9489068984985352,1.707738995552063,2.0427305698394775,1.8264418840408325,1.4790490865707397,1.9043021202087402,4.01865816116333,3.0318350791931152
109,0.14271166920661926,0.0,0.0,0.0,0.29424673318862915,0.0,0.0,0.21532759070396423,0.0,0.0,0.0,0.0,0.2957436740398407,0.0,0.0,0.0,0.051852382719516754,0.0,0.0,0.00011797267507063225,0.20559705793857574,0.0,0.0,0.0,0.3569222688674927,0.0,0.0,0.2360401749610901,0.0,0.0,0.0,0.0,0.11970121413469315,0.0,0.0,0.0,0.04735986143350601,0.0,0.0,0.034379422664642334,0.08461538702249527,0.42159679532051086,0.18192510306835175,0.5005987882614136,0.15534378588199615,0.12753058969974518,0.060992468148469925,0.7026688456535339,0.001140784239396453,6.898119318066165e-05,2.9396323952823877e-06,0.0005402142414823174,0.0005671487306244671,3.861555796902394e-06,3.2769253266451415e-07,5.1874252676498145e-05,0.0022903624922037125,0.00041856442112475634,0.00010708323679864407,0.0019813620019704103,0.19943863153457642,0.3477046489715576,0.20206336677074432,-0.08254700899124146,-0.6637079119682312,3.8666837215423584,0.4412328600883484,1.0134482383728027,0.8913482427597046,2.004021406173706,1.8716191053390503,2.2984139919281006,1.8399553298950195,1.3279064893722534,1.704437494277954,3.990029811859131,2.922201633453369
110,0.1628452092409134,0.0,0.0,0.0,0.35907280445098877,0.0,0.0,0.3069591224193573,0.0,0.0,0.0,0.0,0.15372183918952942,0.0,0.0,0.0,0.0172578152269125,0.0,0.0,0.00014322523202281445,0.20863929390907288,0.0,0.0,0.0,0.3579830229282379,0.0,0.0,0.23433084785938263,0.0,0.0,0.0,0.0,0.11778516322374344,0.0,0.0,0.0,0.046870388090610504,0.0,0.0,0.03439129889011383,0.08461538702249527,0.42335328459739685,0.17951062321662903,0.4808382987976074,0.17038701474666595,0.12422699481248856,0.056341540068387985,0.30006375908851624,0.0011315972078591585,6.886254413984716e-05,2.9208877094788477e-06,0.0005576226394623518,0.0005711423000320792,3.4939200759254163e-06,2.9736179385508876e-07,5.560147837968543e-05,0.0020211967639625072,0.0004228605830576271,0.00011333215661579743,0.0019933574367314577,0.19706784188747406,0.17111699283123016,0.16691869497299194,-0.08468970656394958,-0.6030649542808533,3.743741750717163,0.45989280939102173,1.0465832948684692,0.8447025418281555,1.9804329872131348,1.8684744834899902,2.3029346466064453,1.8122353553771973,1.2447909116744995,1.6260865926742554,3.990644931793213,3.1266989707946777
111,0.1284404844045639,0.0,0.0,0.0,0.56190025806427,0.0,0.0,0.18449357151985168,0.0,0.0,0.0,0.0,0.07298588007688522,0.0,0.0,0.0,0.05206207185983658,0.0,0.0,0.00011768531112466007,0.20332616567611694,0.0,0.0,0.0,0.3482850193977356,0.0,0.0,0.2418222278356552,0.0,0.0,0.0,0.0,0.12277499586343765,0.0,0.0,0.0,0.04930447041988373,0.0,0.0,0.03448712080717087,0.09038461744785309,0.4368862211704254,0.18735331296920776,0.4263472855091095,0.19494475424289703,0.16307751834392548,0.07937882095575333,0.1570259928703308,0.0012197683099657297,7.752167584840208e-05,2.852571469702525e-06,0.0004753168032038957,0.0006146659143269062,3.1651700282964157e-06,2.7101944510832254e-07,5.0624501454876736e-05,0.002087449887767434,0.00048193553811870515,0.00012325200077611953,0.002131124958395958,0.2045142501592636,0.12516072392463684,0.259891152381897,-0.07009907066822052,-0.638574481010437,3.4995861053466797,0.4689367711544037,1.065738558769226,0.8925435543060303,1.841160535812378,1.886238932609558,2.1135284900665283,1.734716534614563,1.1334965229034424,1.7891919612884521,4.1005539894104,3.001739740371704
112,0.2365833967924118,0.0,0.0,0.0,0.41314372420310974,0.0,0.0,0.18396073579788208,0.0,0.0,0.0,0.0,0.07994990050792694,0.0,0.0,0.0,0.08606871217489243,0.0,0.0,0.0002935247903224081,0.19734862446784973,0.0,0.0,0.0,0.34377387166023254,0.0,0.0,0.24300722777843475,0.0,0.0,0.0,0.0,0.12921100854873657,0.0,0.0,0.0,0.05167315527796745,0.0,0.0,0.03498610481619835,0.13846154510974884,0.45057883858680725,0.19607241451740265,0.4485029876232147,0.32787513732910156,0.22779709100723267,0.10932434350252151,0.20213088393211365,0.0012802684213966131,8.781363430898637e-05,2.7737344225897687e-06,0.0005508331814780831,0.0006194735178723931,2.864136376956594e-06,2.457460368532338e-07,5.1913193601649255e-05,0.0022389038931578398,0.0005145830800756812,0.00012872341903857887,0.0022655604407191277,0.2137259989976883,0.1663060486316681,0.21771690249443054,-0.06296940892934799,-0.6901931762695312,3.396606206893921,0.46540847420692444,1.049854040145874,0.8431596159934998,1.8182079792022705,1.7893098592758179,2.1054787635803223,1.9570281505584717,1.1090245246887207,1.7060528993606567,4.001636505126953,2.9643728733062744
113,0.13965478539466858,0.0,0.0,0.0,0.2958085238933563,0.0,0.0,0.3483324348926544,0.0,0.0,0.0,0.0,0.13964587450027466,0.0,0.0,0.0,0.07616763561964035,0.0,0.0,0.0003906823694705963,0.19865228235721588,0.0,0.0,0.0,0.3476414978504181,0.0,0.0,0.24126280844211578,0.0,0.0,0.0,0.0,0.1275785118341446,0.0,0.0,0.0,0.04982239753007889,0.0,0.0,0.035042501986026764,0.10576923191547394,0.44586825370788574,0.19240699708461761,0.47644710540771484,0.24938595294952393,0.22429700195789337,0.10940157622098923,0.30044230818748474,0.001236549112945795,8.351413271157071e-05,2.824455577865592e-06,0.0008378755301237106,0.0005854497430846095,2.597790853542392e-06,2.2375544972419448e-07,6.033821409801021e-05,0.0022786816116422415,0.0004973087925463915,0.0001313026004936546,0.0031704676803201437,0.21033219993114471,0.21619708836078644,0.23022890090942383,-0.06478534638881683,-0.7116862535476685,3.3910138607025146,0.43053439259529114,1.2640165090560913,0.8285648822784424,1.8875110149383545,1.791767954826355,1.9718568325042725,2.3436405658721924,1.028603434562683,1.8659085035324097,3.858368396759033,2.8198087215423584
114,0.14961227774620056,0.0,0.0,0.0,0.3998704254627228,0.0,0.0,0.22342877089977264,0.0,0.0,0.0,0.0,0.08387000113725662,0.0,0.0,0.0,0.14282619953155518,0.0,0.0,0.00039231672417372465,0.2026696503162384,0.0,0.0,0.0,0.3480569124221802,0.0,0.0,0.2404533326625824,0.0,0.0,0.0,0.0,0.12482017278671265,0.0,0.0,0.0,0.04898804426193237,0.0,0.0,0.03501188009977341,0.10000000149011612,0.4406387209892273,0.1892084926366806,0.45029938220977783,0.2313229739665985,0.234389990568161,0.11410798877477646,0.2966465950012207,0.0013088632840663195,7.452571298927069e-05,2.844708888005698e-06,0.0008728632819838822,0.0006132925627753139,2.3304899059439776e-06,2.0237547460055794e-07,5.8310462918598205e-05,0.0023206230252981186,0.0004468671977519989,0.00012200347555335611,0.003169812960550189,0.20674586296081543,0.2270808070898056,0.21139705181121826,-0.06659514456987381,-0.7295414209365845,3.6013801097869873,0.38380634784698486,1.5224952697753906,0.7767497301101685,1.9466532468795776,1.8249315023422241,2.092536449432373,2.245014190673828,1.2014275789260864,2.236440658569336,3.7259771823883057,2.7873706817626953
115,0.18753957748413086,0.0,0.0,0.0,0.3252747356891632,0.0,0.0,0.21028940379619598,0.0,0.0,0.0,0.0,0.16686010360717773,0.0,0.0,0.0,0.10962186008691788,0.0,0.0,0.0004142998077441007,0.20378172397613525,0.0,0.0,0.0,0.3519693613052368,0.0,0.0,0.24010871350765228,0.0,0.0,0.0,0.0,0.12198270857334137,0.0,0.0,0.0,0.047224629670381546,0.0,0.0,0.03493287041783333,0.10000000149011612,0.43560877442359924,0.18480150401592255,0.42874249815940857,0.2370196431875229,0.24818240106105804,0.1040499210357666,0.40287262201309204,0.001237405464053154,6.91755412844941e-05,2.8427316465240438e-06,0.0005522387218661606,0.0006148830289021134,2.117648364219349e-06,1.8331330409182556e-07,5.4594860557699576e-05,0.002312245313078165,0.0004197888192720711,0.00011378209455870092,0.002394629642367363,0.20210866630077362,0.2768895626068115,0.20267155766487122,-0.06523264199495316,-0.6955981850624084,3.730379343032837,0.3699919581413269,1.5458816289901733,0.7573615908622742,2.1166350841522217,1.899696946144104,1.9992161989212036,2.1314175128936768,1.3526570796966553,1.997709035873413,3.507028579711914,3.116729736328125
116,0.10291675478219986,0.0,0.0,0.0,0.2291231006383896,0.0,0.0,0.29441890120506287,0.0,0.0,0.0,0.0,0.3293623626232147,0.0,0.0,0.0,0.04337971657514572,0.0,0.0,0.0007991256425157189,0.20336933434009552,0.0,0.0,0.0,0.3527800440788269,0.0,0.0,0.24065230786800385,0.0,0.0,0.0,0.0,0.12159141153097153,0.0,0.0,0.0,0.046322546899318695,0.0,0.0,0.03528433293104172,0.10769230872392654,0.43720558285713196,0.18381273746490479,0.4187624752521515,0.30933475494384766,0.2504223883152008,0.10685651004314423,0.5865647196769714,0.0012805922888219357,6.874569226056337e-05,2.925191438407637e-06,0.0006414494127966464,0.0005991390789858997,1.915555913001299e-06,1.6685675063854433e-07,6.016110273776576e-05,0.0023963614366948605,0.000428484461735934,0.00011001200618920848,0.0024089880753308535,0.20117612183094025,0.37353387475013733,0.19679147005081177,-0.0664474293589592,-0.6644195318222046,3.7658026218414307,0.373053640127182,1.5370397567749023,0.6860290169715881,2.3590970039367676,2.04673171043396,1.8857126235961914,2.0415985584259033,1.3953742980957031,2.082960844039917,3.366002082824707,3.298645257949829
117,0.25305306911468506,0.0,0.0,0.0,0.3372590243816376,0.0,0.0,0.10035001486539841,0.0,0.0,0.0,0.0,0.21131452918052673,0.0,0.0,0.0,0.09756143391132355,0.0,0.0,0.00046193398884497583,0.20901663601398468,0.0,0.0,0.0,0.3570101261138916,0.0,0.0,0.23451167345046997,0.0,0.0,0.0,0.0,0.11866753548383713,0.0,0.0,0.0,0.04549555107951164,0.0,0.0,0.03529847413301468,0.1230769231915474,0.44007983803749084,0.1789388358592987,0.47405189275741577,0.33963543176651,0.2799798250198364,0.08436774462461472,0.3775940239429474,0.0014673685654997826,7.45902507333085e-05,2.875352720366209e-06,0.0007492369622923434,0.0007489599520340562,1.7247659798158566e-06,1.5135297815049853e-07,6.0901063989149407e-05,0.0025378200225532055,0.00044595266808755696,0.00010944165114779025,0.003505266970023513,0.1974761188030243,0.30933067202568054,0.38198649883270264,-0.0679948702454567,-0.4567193388938904,3.866020917892456,0.44575268030166626,1.444288969039917,0.732993483543396,2.463911294937134,2.396235704421997,1.7348334789276123,2.1697897911071777,1.5091594457626343,1.8646321296691895,2.975250244140625,4.476044178009033
118,0.04545122757554054,0.0,0.0,0.0,0.32746198773384094,0.0,0.0,0.31534430384635925,0.0,0.0,0.0,0.0,0.15029697120189667,0.0,0.0,0.0,0.16116833686828613,0.0,0.0,0.0002771491417661309,0.20058108866214752,0.0,0.0,0.0,0.3523764908313751,0.0,0.0,0.23920944333076477,0.0,0.0,0.0,0.0,0.12490364164113998,0.0,0.0,0.0,0.04787188023328781,0.0,0.0,0.03505746275186539,0.1288461536169052,0.4553692638874054,0.18673159182071686,0.4870259463787079,0.4209462106227875,0.38063979148864746,0.12674161791801453,0.34487903118133545,0.0016092185396701097,7.932873268146068e-05,2.8136148557678098e-06,0.000612222240306437,0.000768125057220459,1.5588186670356663e-06,1.3702806711535231e-07,5.375948967412114e-05,0.0027805729769170284,0.0005036068614572287,0.00012647682160604745,0.003052038373425603,0.20576228201389313,0.31173425912857056,0.5166895389556885,-0.04213190823793411,-0.4400107264518738,3.550611734390259,0.5130490064620972,1.3270071744918823,0.807771623134613,2.2677628993988037,2.440016269683838,1.6671209335327148,2.4463157653808594,1.6386783123016357,1.8108750581741333,2.717970132827759,5.259368896484375
119,0.06467881798744202,0.0,0.0,0.0,0.12641635537147522,0.0,0.0,0.5250927805900574,0.0,0.0,0.0,0.0,0.15198834240436554,0.0,0.0,0.0,0.13172875344753265,0.0,0.0,9.496717393631116e-05,0.20244432985782623,0.0,0.0,0.0,0.3551163971424103,0.0,0.0,0.23736363649368286,0.0,0.0,0.0,0.0,0.12215312570333481,0.0,0.0,0.0,0.047581445425748825,0.0,0.0,0.035341061651706696,0.11923076957464218,0.4500598907470703,0.18403495848178864,0.49520957469940186,0.35931676626205444,0.3511117398738861,0.12709778547286987,0.3209253251552582,0.0015050971414893866,7.272121001733467e-05,2.8513873076008167e-06,0.0009542271145619452,0.0006983132916502655,1.4100686485107872e-06,1.24403186418931e-07,5.94816156080924e-05,0.002606135793030262,0.0004717126430477947,0.00012310150486882776,0.0037540369667112827,0.20303192734718323,0.283805251121521,0.5140178203582764,-0.05693213269114494,-0.3846246600151062,3.624499559402466,0.4908769130706787,1.2072360515594482,0.8061856031417847,1.9931279420852661,2.3954896926879883,1.7392187118530273,2.597994327545166,1.527124285697937,2.121828556060791,2.7542216777801514,4.9619622230529785
120,0.3364534080028534,0.0,0.0,0.0,0.2661101818084717,0.0,0.0,0.19448421895503998,0.0,0.0,0.0,0.0,0.0693085566163063,0.0,0.0,0.0,0.13347402215003967,0.0,0.0,0.0001696312247077003,0.21195563673973083,0.0,0.0,0.0,0.3596038222312927,0.0,0.0,0.2294401377439499,0.0,0.0,0.0,0.0,0.11729048937559128,0.0,0.0,0.0,0.0463918000459671,0.0,0.0,0.035318128764629364,0.1288461536169052,0.44590818881988525,0.17871910333633423,0.4221556782722473,0.31933295726776123,0.3452913761138916,0.10880273580551147,0.21869194507598877,0.0015580087201669812,6.909252260811627e-05,2.8054648737452226e-06,0.000707193510606885,0.0006763784913346171,1.2720150834866217e-06,1.1246513054175011e-07,5.7989705965155736e-05,0.002668512985110283,0.0004437678726390004,0.00010523940727580339,0.002469360362738371,0.1970144808292389,0.20294520258903503,0.38412922620773315,-0.07761938869953156,-0.49088254570961,3.908165693283081,0.4367890954017639,1.176008939743042,0.9543419480323792,1.9115090370178223,2.296604633331299,2.043699026107788,2.6003754138946533,1.5064951181411743,2.155878782272339,3.228074073791504,4.4604902267456055
121,0.13835816085338593,0.0,0.0,0.0,0.2978895604610443,0.0,0.0,0.32057955861091614,0.0,0.0,0.0,0.0,0.18788018822669983,0.0,0.0,0.0,0.054448917508125305,0.0,0.0,0.0008436191128566861,0.21208450198173523,0.0,0.0,0.0,0.36074259877204895,0.0,0.0,0.2320667952299118,0.0,0.0,0.0,0.0,0.11530116200447083,0.0,0.0,0.0,0.044428251683712006,0.0,0.0,0.03537670522928238,0.11346153914928436,0.4284231662750244,0.17587515711784363,0.40678641200065613,0.29033443331718445,0.23319347202777863,0.0841749906539917,0.4072316288948059,0.0015029262285679579,7.119579095160589e-05,2.831831352523295e-06,0.0005430654273368418,0.0007994130719453096,1.1507304407132324e-06,1.0163433472598626e-07,5.359566421248019e-05,0.0026937443763017654,0.00044831415289081633,0.00010280939750373363,0.001946890028193593,0.1931590586900711,0.2431657761335373,0.36212682723999023,-0.08619309961795807,-0.5473757982254028,4.004528045654297,0.43115127086639404,1.0722237825393677,0.8840664625167847,2.167362689971924,2.3592755794525146,2.0346906185150146,2.400529146194458,1.52840256690979,2.1178059577941895,3.6687817573547363,4.086209774017334
122,0.12301476299762726,0.0,0.0,0.0,0.2737589180469513,0.0,0.0,0.23606109619140625,0.0,0.0,0.0,0.0,0.10742319375276566,0.0,0.0,0.0,0.2594592273235321,0.0,0.0,0.00028278736863285303,0.20688378810882568,0.0,0.0,0.0,0.3600549101829529,0.0,0.0,0.23464339971542358,0.0,0.0,0.0,0.0,0.11724789440631866,0.0,0.0,0.0,0.045666176825761795,0.0,0.0,0.0355038195848465,0.11923076957464218,0.42674651741981506,0.17932584881782532,0.4205588698387146,0.2982916235923767,0.19530463218688965,0.10821166634559631,0.6518737077713013,0.0014920912217348814,6.787985330447555e-05,2.8452045626181643e-06,0.0005622956668958068,0.0007578681688755751,1.0357161954743788e-06,9.200785200391692e-08,5.815073018311523e-05,0.002682894002646208,0.00043010280933231115,0.0001072823943104595,0.0017790545243769884,0.19643454253673553,0.3671550452709198,0.3055223226547241,-0.08265465497970581,-0.5725265145301819,3.9390134811401367,0.4130089282989502,1.199145793914795,0.8928949236869812,2.229226589202881,2.568000316619873,2.0827767848968506,2.343979597091675,1.4333537817001343,2.075206995010376,3.683091878890991,3.902918815612793
123,0.09972578287124634,0.0,0.0,0.0,0.23103997111320496,0.0,0.0,0.43378618359565735,0.0,0.0,0.0,0.0,0.17552705109119415,0.0,0.0,0.0,0.05969620123505592,0.0,0.0,0.0002248292148578912,0.21081329882144928,0.0,0.0,0.0,0.3595956563949585,0.0,0.0,0.23191125690937042,0.0,0.0,0.0,0.0,0.11669490486383438,0.0,0.0,0.0,0.04530064016580582,0.0,0.0,0.035684242844581604,0.10576923191547394,0.4326546788215637,0.1783096194267273,0.4107784330844879,0.19671767950057983,0.3184097111225128,0.09491357952356339,0.281919926404953,0.0016413244884461164,6.577042950084433e-05,2.737443082878599e-06,0.0007918180199339986,0.0007690719794481993,9.355648558084795e-07,8.355495850764783e-08,6.316349754342809e-05,0.002916350495070219,0.0004117604985367507,9.607182437321171e-05,0.0028239472303539515,0.19570381939411163,0.2354418933391571,0.2965521216392517,-0.0823407843708992,-0.5337887406349182,4.113315105438232,0.40678954124450684,1.339167833328247,1.041994333267212,2.23637056350708,2.6521050930023193,1.9426603317260742,2.456744432449341,1.2917636632919312,1.8176286220550537,3.3458590507507324,4.054462909698486
124,0.10213625431060791,0.0,0.0,0.0,0.36199456453323364,0.0,0.0,0.19150012731552124,0.0,0.0,0.0,0.0,0.1266997754573822,0.0,0.0,0.0,0.21747225522994995,0.0,0.0,0.0001969941076822579,0.20691101253032684,0.0,0.0,0.0,0.35901471972465515,0.0,0.0,0.23048588633537292,0.0,0.0,0.0,0.0,0.12085957825183868,0.0,0.0,0.0,0.04687558487057686,0.0,0.0,0.035853203386068344,0.09615384787321091,0.4399201571941376,0.1844893991947174,0.3846307396888733,0.20323440432548523,0.38595008850097656,0.1211434006690979,0.3945443034172058,0.0016051603015512228,6.760300311725587e-05,2.8569295409397455e-06,0.0007548627909272909,0.0007985980482771993,8.52295670483727e-07,7.607407326304383e-08,6.622580986004323e-05,0.002883892273530364,0.0004224593285471201,0.00010379949526395649,0.0032060539815574884,0.20155192911624908,0.3443588316440582,0.3774142265319824,-0.07007063925266266,-0.4704880714416504,3.9733171463012695,0.4080660343170166,1.404809594154358,1.2474207878112793,2.049778461456299,2.632913112640381,1.788047194480896,2.6441314220428467,1.3871382474899292,1.7227308750152588,3.159982681274414,4.294922828674316
125,0.25046390295028687,0.0,0.0,0.0,0.3523530960083008,0.0,0.0,0.07384338974952698,0.0,0.0,0.0,0.0,0.15727435052394867,0.0,0.0,0.0,0.1659020185470581,0.0,0.0,0.00016320831491611898,0.2044830471277237,0.0,0.0,0.0,0.356745183467865,0.0,0.0,0.23254069685935974,0.0,0.0,0.0,0.0,0.12212838977575302,0.0,0.0,0.0,0.04793281480669975,0.0,0.0,0.0361698754131794,0.14230769872665405,0.44027945399284363,0.18576779961585999,0.5007984042167664,0.2902487814426422,0.3497985303401947,0.09393628686666489,0.37447473406791687,0.0016519608907401562,7.354198896791786e-05,2.9725251806667075e-06,0.0009154391009360552,0.0008321830537170172,7.694625878684747e-07,6.869618118798826e-08,7.313763489946723e-05,0.002875521080568433,0.00046991920680738986,0.00011966668535023928,0.0040062228217720985,0.20416629314422607,0.3233306407928467,0.3506105840206146,-0.062021203339099884,-0.499822735786438,3.7107956409454346,0.45669442415237427,1.722874402999878,1.2418793439865112,1.9965296983718872,2.4112160205841064,1.5710996389389038,2.5206191539764404,1.4163818359375,1.664858102798462,3.4051496982574463,4.802174091339111
126,0.1333814561367035,0.0,0.0,0.0,0.4416344165802002,0.0,0.0,0.18075798451900482,0.0,0.0,0.0,0.0,0.13450667262077332,0.0,0.0,0.0,0.10959777981042862,0.0,0.0,0.0001217296376125887,0.20752744376659393,0.0,0.0,0.0,0.35757267475128174,0.0,0.0,0.23296575248241425,0.0,0.0,0.0,0.0,0.11901358515024185,0.0,0.0,0.0,0.04664235934615135,0.0,0.0,0.036278173327445984,0.14807692170143127,0.43984031677246094,0.1809188574552536,0.5237524509429932,0.35904648900032043,0.3099845349788666,0.07211605459451675,0.2967730760574341,0.0016688157338649035,7.516046025557443e-05,2.9738553166680504e-06,0.0009131003171205521,0.0008284134091809392,6.997421451160335e-07,6.201395308380597e-08,6.952927651582286e-05,0.0028106807731091976,0.0004919201019220054,0.00011665424972306937,0.003941507078707218,0.1999095380306244,0.24421797692775726,0.2929806113243103,-0.06972862780094147,-0.5593124628067017,3.7207367420196533,0.46321243047714233,1.7277554273605347,1.165408730506897,1.730423927307129,2.581103563308716,1.557286024093628,2.287360906600952,1.375346302986145,1.7632396221160889,3.787874221801758,4.527958393096924
127,0.18177630007266998,0.0,0.0,0.0,0.2760358154773712,0.0,0.0,0.337833046913147,0.0,0.0,0.0,0.0,0.12904204428195953,0.0,0.0,0.0,0.07508770376443863,0.0,0.0,0.0002251630212413147,0.21041618287563324,0.0,0.0,0.0,0.36076802015304565,0.0,0.0,0.2334221452474594,0.0,0.0,0.0,0.0,0.11485639214515686,0.0,0.0,0.0,0.04467861354351044,0.0,0.0,0.0358586460351944,0.17115384340286255,0.4388423264026642,0.17555056512355804,0.3984031677246094,0.39050018787384033,0.33963656425476074,0.06438209116458893,0.2344597578048706,0.0017337294993922114,7.833674317225814e-05,2.9242810342111625e-06,0.000674166192766279,0.0008531893836334348,6.420712566068687e-07,5.622115395453875e-08,6.330557516776025e-05,0.0029676882550120354,0.0004918023478239775,9.603974467609078e-05,0.0029159022960811853,0.19343510270118713,0.20434875786304474,0.18602919578552246,-0.07330986112356186,-0.6076949238777161,3.9901323318481445,0.41761070489883423,1.5650848150253296,1.0736558437347412,1.6512839794158936,2.4851129055023193,1.935892105102539,2.0553557872772217,1.4623891115188599,2.090977430343628,3.7228105068206787,4.074112415313721
128,0.15867750346660614,0.0,0.0,0.0,0.2179308533668518,0.0,0.0,0.23812124133110046,0.0,0.0,0.0,0.0,0.18916067481040955,0.0,0.0,0.0,0.19599752128124237,0.0,0.0,0.00011219046427868307,0.2092943638563156,0.0,0.0,0.0,0.3572675585746765,0.0,0.0,0.23542892932891846,0.0,0.0,0.0,0.0,0.11651001870632172,0.0,0.0,0.0,0.045365821570158005,0.0,0.0,0.03613331541419029,0.1576923131942749,0.44411176443099976,0.177800253033638,0.41616764664649963,0.3516123592853546,0.2805756628513336,0.087914377450943,0.5410326719284058,0.0018945842748507857,8.487275044899434e-05,3.0596836495533353e-06,0.001019759220071137,0.0008050239994190633,5.795059223601129e-07,5.119404278275397e-08,6.983189086895436e-05,0.003238204400986433,0.0005473383353091776,9.729991143103689e-05,0.003620921866968274,0.19602163136005402,0.385260671377182,0.24425777792930603,-0.0627661645412445,-0.6750025749206543,4.000327110290527,0.40150678157806396,1.4376202821731567,1.0294212102890015,1.567051887512207,2.4515812397003174,2.657573938369751,1.8926880359649658,1.6360045671463013,2.26617693901062,3.913426399230957,3.7006866931915283
129,0.3415159285068512,0.0,0.0,0.0,0.1735767275094986,0.0,0.0,0.11185689270496368,0.0,0.0,0.0,0.0,0.10570510476827621,0.0,0.0,0.0,0.2671152353286743,0.0,0.0,0.00023011452867649496,0.20880034565925598,0.0,0.0,0.0,0.356635183095932,0.0,0.0,0.23738262057304382,0.0,0.0,0.0,0.0,0.11614053696393967,0.0,0.0,0.0,0.04531404748558998,0.0,0.0,0.035727258771657944,0.1596153825521469,0.43808382749557495,0.1768714189529419,0.4491017758846283,0.4281224310398102,0.26175931096076965,0.10100080817937851,0.4741460680961609,0.0016565457917749882,9.013599628815427e-05,3.0779679036641028e-06,0.0008019796223379672,0.0007826369837857783,5.206101718613354e-07,4.65590943576899e-08,6.369285983964801e-05,0.0031045693904161453,0.000606705725658685,0.00011382646334823221,0.002963030245155096,0.19519346952438354,0.3730402886867523,0.21346750855445862,-0.05503689497709274,-0.7535532116889954,3.7492315769195557,0.4189494252204895,1.3981927633285522,0.8936604261398315,1.6261236667633057,2.3852176666259766,2.6238205432891846,1.9820663928985596,1.6297246217727661,2.473735809326172,4.324636459350586,3.276540994644165
130,0.36252230405807495,0.0,0.0,0.0,0.2721167206764221,0.0,0.0,0.15573352575302124,0.0,0.0,0.0,0.0,0.1327306479215622,0.0,0.0,0.0,0.07636675983667374,0.0,0.0,0.0005299768527038395,0.2069234549999237,0.0,0.0,0.0,0.3562709391117096,0.0,0.0,0.24007143080234528,0.0,0.0,0.0,0.0,0.11547303199768066,0.0,0.0,0.0,0.045940808951854706,0.0,0.0,0.03532033786177635,0.1576923131942749,0.4369261562824249,0.17608490586280823,0.4794411063194275,0.40515920519828796,0.37757813930511475,0.0683201476931572,0.25399675965309143,0.001797717297449708,8.595436520408839e-05,3.1272563774109585e-06,0.0009187487885355949,0.0007870472618378699,4.7067800323929987e-07,4.198922809450778e-08,7.264546729857102e-05,0.0032907116692513227,0.000567919691093266,0.00013536120241042227,0.003186033107340336,0.1947457641363144,0.20962068438529968,0.24031329154968262,-0.06260691583156586,-0.8451558351516724,3.5474634170532227,0.47372421622276306,1.226137399673462,0.9491940140724182,2.0317728519439697,2.2983391284942627,2.233759641647339,2.082392454147339,1.5139029026031494,2.383995771408081,4.804656982421875,3.7835450172424316
131,0.20322811603546143,0.0,0.0,0.0,0.3702368140220642,0.0,0.0,0.1335155963897705,0.0,0.0,0.0,0.0,0.24268651008605957,0.0,0.0,0.0,0.05004793405532837,0.0,0.0,0.00028499861946329474,0.2068597823381424,0.0,0.0,0.0,0.3558524549007416,0.0,0.0,0.23770678043365479,0.0,0.0,0.0,0.0,0.11715438216924667,0.0,0.0,0.0,0.04713406413793564,0.0,0.0,0.035292547196149826,0.16923077404499054,0.43812376260757446,0.1790686696767807,0.47604790329933167,0.33159926533699036,0.4289652109146118,0.09022891521453857,0.4007137715816498,0.0021115364506840706,9.141425107372925e-05,3.239297257096041e-06,0.000699579541105777,0.0010200977558270097,4.2299600977457885e-07,3.7929250851220786e-08,7.076290057739243e-05,0.0037324335426092148,0.000585374073125422,0.00014850842126179487,0.0028874690178781748,0.19756194949150085,0.2930114269256592,0.19294719398021698,-0.06871237605810165,-0.8420854806900024,3.3831300735473633,0.49696576595306396,1.120139479637146,1.043621301651001,2.28065824508667,2.16589617729187,2.1138222217559814,2.181440830230713,1.336733341217041,2.2888801097869873,4.894408702850342,3.9927871227264404
132,0.10866174846887589,0.0,0.0,0.0,0.21079248189926147,0.0,0.0,0.5130859017372131,0.0,0.0,0.0,0.0,0.08841273188591003,0.0,0.0,0.0,0.07871406525373459,0.0,0.0,0.00033311182050965726,0.2122143805027008,0.0,0.0,0.0,0.36361461877822876,0.0,0.0,0.23355908691883087,0.0,0.0,0.0,0.0,0.11129338294267654,0.0,0.0,0.0,0.04411426931619644,0.0,0.0,0.03520423546433449,0.14807692170143127,0.4324550926685333,0.17119351029396057,0.3718562722206116,0.2803446352481842,0.3387044668197632,0.06397714465856552,0.1823800504207611,0.0019509609555825591,8.294526196550578e-05,3.0419823815464042e-06,0.0006302968831732869,0.0009255778277292848,3.8161681459314423e-07,3.423456718110174e-08,6.223243690328673e-05,0.0033916058018803596,0.0005039541283622384,0.00011729302059393376,0.0023523878771811724,0.18867960572242737,0.16745451092720032,0.1924242377281189,-0.08100295811891556,-0.7995850443840027,3.7956223487854004,0.4519649147987366,1.0845227241516113,1.0496134757995605,2.201749324798584,2.3064403533935547,2.3167471885681152,2.1020636558532715,1.33008873462677,2.259218692779541,4.457066535949707,3.6917128562927246
133,0.10735853761434555,0.0,0.0,0.0,0.18190856277942657,0.0,0.0,0.36048853397369385,0.0,0.0,0.0,0.0,0.11775492131710052,0.0,0.0,0.0,0.2319539487361908,0.0,0.0,0.0005354767199605703,0.21614862978458405,0.0,0.0,0.0,0.3672579228878021,0.0,0.0,0.2300971895456314,0.0,0.0,0.0,0.0,0.10947690904140472,0.0,0.0,0.0,0.041850339621305466,0.0,0.0,0.035169001668691635,0.10384615510702133,0.42830339074134827,0.1663520634174347,0.4337325096130371,0.2308388650417328,0.20210765302181244,0.06207479536533356,0.5323659181594849,0.0016297688707709312,8.10204292065464e-05,2.9415923563647084e-06,0.0004750979715026915,0.0008240395109169185,3.429350954320398e-07,3.0979848020251666e-08,5.8587065723259e-05,0.0028102239593863487,0.0005089965416118503,0.00010397824371466413,0.0016187757719308138,0.18460611999034882,0.35023683309555054,0.24717813730239868,-0.07728663831949234,-0.7750160694122314,4.121790885925293,0.42011141777038574,1.2060590982437134,0.9375797510147095,2.149411201477051,2.4883623123168945,2.8674545288085938,2.1233859062194824,1.4714909791946411,2.1805033683776855,4.333221435546875,3.3685083389282227
134,0.1442696750164032,0.0,0.0,0.0,0.3506146967411041,0.0,0.0,0.2657898962497711,0.0,0.0,0.0,0.0,0.17701664566993713,0.0,0.0,0.0,0.06207303702831268,0.0,0.0,0.00023613320081494749,0.21850809454917908,0.0,0.0,0.0,0.3678487241268158,0.0,0.0,0.22855757176876068,0.0,0.0,0.0,0.0,0.10843025892972946,0.0,0.0,0.0,0.041496265679597855,0.0,0.0,0.035159096121788025,0.10384615510702133,0.42491018772125244,0.16442696750164032,0.4836327135562897,0.23809094727039337,0.1752600222826004,0.04311838001012802,0.35859373211860657,0.0014384216628968716,8.790504944045097e-05,2.974730250571156e-06,0.0007310512010008097,0.0007255479576997459,3.089278379775351e-07,2.806823218293175e-08,6.778048555133864e-05,0.002707721898332238,0.000541730027180165,0.00010735125397332013,0.002529580146074295,0.18320034444332123,0.23931710422039032,0.1865353137254715,-0.08058302104473114,-0.7463924884796143,4.023867130279541,0.4528859257698059,1.341253638267517,0.8517351150512695,1.8885927200317383,2.3009302616119385,2.7859582901000977,2.03796124458313,1.3784644603729248,2.0439271926879883,4.4711761474609375,3.4553589820861816
135,0.09971962869167328,0.0,0.0,0.0,0.22137954831123352,0.0,0.0,0.46021154522895813,0.0,0.0,0.0,0.0,0.18657885491847992,0.0,0.0,0.0,0.03192851319909096,0.0,0.0,0.000181870287633501,0.21185161173343658,0.0,0.0,0.0,0.3596007227897644,0.0,0.0,0.23625889420509338,0.0,0.0,0.0,0.0,0.11348423361778259,0.0,0.0,0.0,0.04369591921567917,0.0,0.0,0.03510860726237297,0.11923076957464218,0.4429141879081726,0.17180775105953217,0.4149700403213501,0.2565365433692932,0.2705388069152832,0.0757279321551323,0.28924477100372314,0.0016461336053907871,8.637428982183337e-05,3.2281159292324446e-06,0.0008602883317507803,0.0007368715014308691,2.789175255202281e-07,2.545669808284856e-08,7.557420030934736e-05,0.003062790259718895,0.0005583608872257173,0.00011894643830601126,0.002837450010702014,0.1903243064880371,0.21868233382701874,0.20312745869159698,-0.0734940618276596,-0.6976242065429688,3.7265677452087402,0.44983330368995667,1.4649790525436401,0.8247159123420715,1.7073900699615479,2.076052188873291,2.7002344131469727,2.098069429397583,1.3433679342269897,2.0274534225463867,4.296621322631836,3.5168025493621826
136,0.15432068705558777,0.0,0.0,0.0,0.23639395833015442,0.0,0.0,0.3641890585422516,0.0,0.0,0.0,0.0,0.17488877475261688,0.0,0.0,0.0,0.07007061690092087,0.0,0.0,0.0001369264500681311,0.21384190022945404,0.0,0.0,0.0,0.3604290187358856,0.0,0.0,0.2346171736717224,0.0,0.0,0.0,0.0,0.1124546155333519,0.0,0.0,0.0,0.04368573799729347,0.0,0.0,0.034971557557582855,0.11346153914928436,0.43848302960395813,0.171288400888443,0.3784430921077728,0.1707427203655243,0.24470509588718414,0.08379852026700974,0.35206079483032227,0.0016863791970536113,8.059891115408391e-05,3.1005522487248527e-06,0.000814804108813405,0.0007079123752191663,2.509317482690676e-07,2.3121842218642996e-08,7.08788720658049e-05,0.0028742614667862654,0.0004935076576657593,9.876637341221794e-05,0.0026290076784789562,0.18915283679962158,0.24508947134017944,0.18227854371070862,-0.0787581130862236,-0.6861456632614136,4.003321170806885,0.436368465423584,1.4984620809555054,0.844458281993866,1.6114330291748047,2.09521222114563,2.7979516983032227,1.9325687885284424,1.368579626083374,1.9393703937530518,4.028765678405762,3.5015907287597656
137,0.1496182233095169,0.0,0.0,0.0,0.2594020962715149,0.0,0.0,0.3028731346130371,0.0,0.0,0.0,0.0,0.12519165873527527,0.0,0.0,0.0,0.16258801519870758,0.0,0.0,0.0003269586304668337,0.21425054967403412,0.0,0.0,0.0,0.3598804771900177,0.0,0.0,0.23402555286884308,0.0,0.0,0.0,0.0,0.1123707965016365,0.0,0.0,0.0,0.044474393129348755,0.0,0.0,0.03499824181199074,0.10192307829856873,0.429900199174881,0.17187266051769257,0.4377245306968689,0.22784817218780518,0.20837600529193878,0.08287607133388519,0.4304599165916443,0.0014790805289521813,7.903990626800805e-05,3.0160795176925603e-06,0.0005956791574135423,0.0006735285860486329,2.259675966342911e-07,2.0840165149138556e-08,6.208249396877363e-05,0.0025093774311244488,0.0004686704487539828,8.706931839697063e-05,0.002233453094959259,0.18987195193767548,0.28809788823127747,0.1977546066045761,-0.07816178351640701,-0.7237359881401062,4.22451639175415,0.4090321660041809,1.4041821956634521,0.7933461666107178,1.7713136672973633,2.159266471862793,2.7923903465270996,1.9014866352081299,1.3513685464859009,2.330758810043335,3.787163496017456,3.369396686553955
138,0.12407650053501129,0.0,0.0,0.0,0.3080103397369385,0.0,0.0,0.23061153292655945,0.0,0.0,0.0,0.0,0.07003963738679886,0.0,0.0,0.0,0.2669598162174225,0.0,0.0,0.00030214860453270376,0.20927295088768005,0.0,0.0,0.0,0.3567020297050476,0.0,0.0,0.23861156404018402,0.0,0.0,0.0,0.0,0.11442460864782333,0.0,0.0,0.0,0.045849066227674484,0.0,0.0,0.0351397767663002,0.08846154063940048,0.4293014109134674,0.17537328600883484,0.4658682346343994,0.21965403854846954,0.17880409955978394,0.08917008340358734,0.481060653924942,0.0012236220063641667,7.347515202127397e-05,3.1851582207309548e-06,0.0006116905715316534,0.0005300026386976242,2.0358473307169334e-07,1.8808560042771205e-08,6.601390487048775e-05,0.002176819369196892,0.0004538338107522577,9.855734242592007e-05,0.002346209716051817,0.1934003084897995,0.3372914791107178,0.18185530602931976,-0.06848859786987305,-0.7762423157691956,3.9462149143218994,0.4228965640068054,1.2797801494598389,0.7288017272949219,1.8048356771469116,2.194841146469116,2.6153085231781006,1.8363704681396484,1.3458832502365112,2.2532601356506348,3.8965976238250732,3.194781541824341
139,0.10863252729177475,0.0,0.0,0.0,0.2512128949165344,0.0,0.0,0.3726186454296112,0.0,0.0,0.0,0.0,0.11496002227067947,0.0,0.0,0.0,0.1523216813802719,0.0,0.0,0.0002542503352742642,0.2078292816877365,0.0,0.0,0.0,0.3539937436580658,0.0,0.0,0.23860543966293335,0.0,0.0,0.0,0.0,0.11808855086565018,0.0,0.0,0.0,0.04620642215013504,0.0,0.0,0.03527655079960823,0.08653846383094788,0.42718562483787537,0.1797877699136734,0.4774450957775116,0.20146895945072174,0.18526192009449005,0.11759225279092789,0.38755351305007935,0.0012426342582330108,7.419748726533726e-05,3.128606749669416e-06,0.0007583746919408441,0.0006156726740300655,1.8303774140804308e-07,1.6963289439786422e-08,6.959985330468044e-05,0.002340195467695594,0.00047995580825954676,0.00011006492422893643,0.0025807833299040794,0.19751091301441193,0.2675282955169678,0.13989609479904175,-0.06842934340238571,-0.7844878435134888,3.723801851272583,0.4695713520050049,1.1249903440475464,0.6832038760185242,1.9349067211151123,2.1772894859313965,2.2868270874023438,1.7323768138885498,1.2598196268081665,2.05220365524292,3.9807257652282715,3.5593786239624023
140,0.1529066115617752,0.0,0.0,0.0,0.4329918920993805,0.0,0.0,0.17397338151931763,0.0,0.0,0.0,0.0,0.09902213513851166,0.0,0.0,0.0,0.14091245830059052,0.0,0.0,0.00019350070215296,0.20373360812664032,0.0,0.0,0.0,0.3520607650279999,0.0,0.0,0.24025633931159973,0.0,0.0,0.0,0.0,0.1213025450706482,0.0,0.0,0.0,0.04801798239350319,0.0,0.0,0.0346287377178669,0.11730769276618958,0.4312574863433838,0.1841672956943512,0.4758482873439789,0.2741932272911072,0.25930655002593994,0.12084591388702393,0.3126398026943207,0.0013941526412963867,8.232517575379461e-05,3.4083307127730222e-06,0.000749453785829246,0.0005879340460523963,1.6487116738517216e-07,1.530517401704401e-08,6.623032095376402e-05,0.00257538678124547,0.0005209594964981079,0.00012613243598025292,0.0029507435392588377,0.20183493196964264,0.2401193529367447,0.2461053729057312,-0.062292419373989105,-0.787689208984375,3.47516131401062,0.46945443749427795,1.0283418893814087,0.7025215029716492,2.1193621158599854,2.0546252727508545,2.1246535778045654,1.8023651838302612,1.317865252494812,1.8974090814590454,3.9668774604797363,3.503526449203491
141,0.4022497236728668,0.0,0.0,0.0,0.21933017671108246,0.0,0.0,0.1447647362947464,0.0,0.0,0.0,0.0,0.13764061033725739,0.0,0.0,0.0,0.09594481438398361,0.0,0.0,6.989147368585691e-05,0.20471221208572388,0.0,0.0,0.0,0.3524850308895111,0.0,0.0,0.24070662260055542,0.0,0.0,0.0,0.0,0.12078931927680969,0.0,0.0,0.0,0.04686892032623291,0.0,0.0,0.03443789482116699,0.08461538702249527,0.43389222025871277,0.18256929516792297,0.4353293180465698,0.2140301913022995,0.24538201093673706,0.11400510370731354,0.3008085787296295,0.001297708018682897,7.534322503488511e-05,3.4498916647862643e-06,0.0005990799982100725,0.0005869594751857221,1.4845531381979526e-07,1.3937171416955607e-08,6.0159320128150284e-05,0.0023841422516852617,0.0004916079342365265,0.00012263022654224187,0.002460053190588951,0.1999930441379547,0.23364804685115814,0.3354107141494751,-0.062326714396476746,-0.7861185669898987,3.592167377471924,0.46985960006713867,1.0180978775024414,0.6624819040298462,1.964477300643921,2.017695903778076,2.4175548553466797,2.166350841522217,1.1190952062606812,2.0005176067352295,4.046973705291748,3.239511251449585
142,0.424854040145874,0.0,0.0,0.0,0.15933960676193237,0.0,0.0,0.12708690762519836,0.0,0.0,0.0,0.0,0.06271415203809738,0.0,0.0,0.0,0.2259569615125656,0.0,0.0,4.826409349334426e-05,0.2057766616344452,0.0,0.0,0.0,0.3537468910217285,0.0,0.0,0.2401290237903595,0.0,0.0,0.0,0.0,0.12030830979347229,0.0,0.0,0.0,0.0457078292965889,0.0,0.0,0.034331273287534714,0.09038461744785309,0.4292614758014679,0.18085643649101257,0.4453093707561493,0.20024099946022034,0.15753433108329773,0.11837854981422424,0.3835192620754242,0.0012165603693574667,7.153180195018649e-05,3.4412248623993946e-06,0.00046603960799984634,0.0005457393708638847,1.3365104223339586e-07,1.2708879282286034e-08,5.652359686791897e-05,0.002108416287228465,0.0004567040014080703,0.00011176868429174647,0.0016872765263542533,0.19825555384159088,0.2887125611305237,0.20045676827430725,-0.06072041392326355,-0.7602501511573792,3.750534772872925,0.46379002928733826,0.9415010213851929,0.7450141906738281,1.8588796854019165,2.190849781036377,2.485285997390747,2.1924326419830322,1.0486423969268799,2.0476021766662598,3.995244026184082,3.138249158859253
143,0.09486578404903412,0.0,0.0,0.0,0.23003384470939636,0.0,0.0,0.3070841431617737,0.0,0.0,0.0,0.0,0.22277222573757172,0.0,0.0,0.0,0.1451813131570816,0.0,0.0,6.270833546295762e-05,0.21083392202854156,0.0,0.0,0.0,0.35822615027427673,0.0,0.0,0.23585332930088043,0.0,0.0,0.0,0.0,0.11840609461069107,0.0,0.0,0.0,0.042679738253355026,0.0,0.0,0.034000784158706665,0.09807692468166351,0.42826348543167114,0.17545568943023682,0.4321357011795044,0.160887211561203,0.11117737740278244,0.10052705556154251,0.5403862595558167,0.0013015668373554945,7.233842188725248e-05,3.2975979138427647e-06,0.000500899157486856,0.0006338630337268114,1.2036329621878394e-07,1.1479448502882406e-08,6.159870827104896e-05,0.0023872104939073324,0.0004563434631563723,0.00010113597818417475,0.0016210386529564857,0.19303610920906067,0.36800768971443176,0.2384461760520935,-0.07122263312339783,-0.713532030582428,3.9030518531799316,0.462238073348999,1.0289133787155151,0.7294238209724426,1.7106523513793945,2.3339970111846924,2.46427845954895,2.090993642807007,1.0377953052520752,1.8285231590270996,3.9010300636291504,3.0921437740325928
144,0.07940152287483215,0.0,0.0,0.0,0.1754930168390274,0.0,0.0,0.4107028841972351,0.0,0.0,0.0,0.0,0.2870418131351471,0.0,0.0,0.0,0.047295790165662766,0.0,0.0,6.495676643680781e-05,0.20937909185886383,0.0,0.0,0.0,0.35827845335006714,0.0,0.0,0.23571765422821045,0.0,0.0,0.0,0.0,0.12003104388713837,0.0,0.0,0.0,0.04265889525413513,0.0,0.0,0.03393486514687538,0.1884615421295166,0.4398004114627838,0.1760299652814865,0.4491017758846283,0.29938459396362305,0.1733241081237793,0.08965305984020233,0.48775312304496765,0.0015592469135299325,7.521503721363842e-05,3.551428108039545e-06,0.0005374277825467288,0.0007609972381033003,1.0843514530733955e-07,1.0397709360177032e-08,5.923608841840178e-05,0.0027665907982736826,0.0004598677915055305,0.00010613020276650786,0.002338215708732605,0.19454626739025116,0.33439478278160095,0.22998857498168945,-0.0639181137084961,-0.6751407980918884,3.7853689193725586,0.5000438094139099,0.9893618226051331,0.743340015411377,1.7822091579437256,2.11151385307312,2.3403284549713135,1.8821356296539307,1.084745168685913,1.7903337478637695,4.17226505279541,3.375624895095825
145,0.07708722352981567,0.0,0.0,0.0,0.16560056805610657,0.0,0.0,0.3340716063976288,0.0,0.0,0.0,0.0,0.3382014334201813,0.0,0.0,0.0,0.08447985351085663,0.0,0.0,0.000559328414965421,0.20676645636558533,0.0,0.0,0.0,0.3561570644378662,0.0,0.0,0.23565837740898132,0.0,0.0,0.0,0.0,0.12379539012908936,0.0,0.0,0.0,0.043720073997974396,0.0,0.0,0.03390263766050339,0.2211538404226303,0.45209580659866333,0.17944321036338806,0.5179640650749207,0.434713214635849,0.29880961775779724,0.10893979668617249,0.5861037969589233,0.0016541469376534224,7.390700920950621e-05,3.6886194720864296e-06,0.0008621502784080803,0.0007051538559608161,9.796782762805378e-08,9.414399926299666e-09,8.104578591883183e-05,0.0030793778132647276,0.00045977020636200905,0.00011087952589150518,0.002978571457788348,0.19927160441875458,0.4232320487499237,0.3355775773525238,-0.05273762345314026,-0.6891106367111206,3.6143710613250732,0.4817199409008026,1.1315600872039795,0.7828493714332581,1.728340744972229,1.9724013805389404,2.2563889026641846,1.8352891206741333,1.1150312423706055,1.7706754207611084,4.053106307983398,3.350872755050659
146,0.0847037136554718,0.0,0.0,0.0,0.19927868247032166,0.0,0.0,0.3164687156677246,0.0,0.0,0.0,0.0,0.3864034116268158,0.0,0.0,0.0,0.012732747942209244,0.0,0.0,0.0004127981374040246,0.20816488564014435,0.0,0.0,0.0,0.35905593633651733,0.0,0.0,0.23628945648670197,0.0,0.0,0.0,0.0,0.11969469487667084,0.0,0.0,0.0,0.04263940453529358,0.0,0.0,0.03415560722351074,0.1576923131942749,0.4368862211704254,0.17585767805576324,0.46666663885116577,0.2698252201080322,0.2239183783531189,0.08144962787628174,0.5831490159034729,0.0014033704064786434,7.144306437112391e-05,3.910888608515961e-06,0.0004979848163202405,0.0007028910331428051,8.849049493164785e-08,8.51007975199991e-09,6.129325629444793e-05,0.0025116847828030586,0.00041376802255399525,0.00011037744116038084,0.0023505412973463535,0.1943838745355606,0.39954060316085815,0.3680022954940796,-0.06386242061853409,-0.733330488204956,3.6676602363586426,0.48210394382476807,1.0397675037384033,0.7364671230316162,1.9472016096115112,1.8088446855545044,2.0714478492736816,1.8254822492599487,1.1804401874542236,1.725783109664917,4.02060079574585,3.2282676696777344
147,0.0731671079993248,0.0,0.0,0.0,0.16467103362083435,0.0,0.0,0.1598900854587555,0.0,0.0,0.0,0.0,0.3519487679004669,0.0,0.0,0.0,0.25013256072998047,0.0,0.0,0.00019041831546928734,0.2083015739917755,0.0,0.0,0.0,0.35977017879486084,0.0,0.0,0.23702409863471985,0.0,0.0,0.0,0.0,0.1173735111951828,0.0,0.0,0.0,0.043449610471725464,0.0,0.0,0.034081023186445236,0.125,0.4194810390472412,0.17568540573120117,0.43453091382980347,0.18823440372943878,0.11660228669643402,0.11976268887519836,0.8566502332687378,0.0012695189798250794,6.846666656201705e-05,3.6853475648968015e-06,0.0005071323248557746,0.0006159053300507367,7.986892569533666e-08,7.705023286064261e-09,6.754196510883048e-05,0.002280737040564418,0.0004031854623463005,9.962266631191596e-05,0.002013031393289566,0.19279949367046356,0.6022623777389526,0.4153083562850952,-0.06368159502744675,-0.8044086694717407,3.881028175354004,0.45044440031051636,1.0380465984344482,0.7036043405532837,1.9697238206863403,1.9654295444488525,2.1211626529693604,2.0068929195404053,1.210734248161316,1.7076970338821411,3.9151978492736816,2.860421657562256
148,0.07040133327245712,0.0,0.0,0.0,0.15103934705257416,0.0,0.0,0.14948318898677826,0.0,0.0,0.0,0.0,0.3761301636695862,0.0,0.0,0.0,0.2527841031551361,0.0,0.0,0.00016181226237677038,0.20757368206977844,0.0,0.0,0.0,0.35856640338897705,0.0,0.0,0.23771922290325165,0.0,0.0,0.0,0.0,0.11804699152708054,0.0,0.0,0.0,0.044064465910196304,0.0,0.0,0.034029241651296616,0.10192307829856873,0.42510977387428284,0.1766292154788971,0.4375249445438385,0.24767646193504333,0.12771476805210114,0.1444520205259323,0.9270203113555908,0.0013700397685170174,7.154297782108188e-05,3.6748101592820603e-06,0.0004182717821095139,0.0006087166257202625,7.176555527621531e-08,6.937168617326961e-09,5.84075169172138e-05,0.0025504063814878464,0.0004585508140735328,0.00010340932931285352,0.0017016446217894554,0.1940104067325592,0.6290663480758667,0.42261892557144165,-0.06432292610406876,-0.8100656270980835,3.8332929611206055,0.46849364042282104,1.0918487310409546,0.6469728350639343,1.915937066078186,2.0213189125061035,1.9364197254180908,2.095510959625244,1.2011882066726685,1.6962538957595825,4.067566871643066,2.8333616256713867
149,0.08727046102285385,0.0,0.0,0.0,0.177285835146904,0.0,0.0,0.17623776197433472,0.0,0.0,0.0,0.0,0.4182341694831848,0.0,0.0,0.0,0.14084593951702118,0.0,0.0,0.00012578452879097313,0.20582206547260284,0.0,0.0,0.0,0.3575633764266968,0.0,0.0,0.23861248791217804,0.0,0.0,0.0,0.0,0.11968035250902176,0.0,0.0,0.0,0.04433508962392807,0.0,0.0,0.033986639231443405,0.11153846234083176,0.42958083748817444,0.1770961433649063,0.5331337451934814,0.25478023290634155,0.18751507997512817,0.1441759616136551,0.8985997438430786,0.0016087949043139815,8.016436186153442e-05,3.6581723179551773e-06,0.000455425470136106,0.0006129350513219833,6.464833290920069e-08,6.254585738219021e-09,5.8777372032636777e-05,0.0029668069910258055,0.000521969108376652,0.00010869308607652783,0.0020126402378082275,0.19582676887512207,0.5591947436332703,0.30385667085647583,-0.0708962082862854,-0.7828983068466187,3.723989248275757,0.5112079381942749,1.0647504329681396,0.6106722950935364,1.8533551692962646,2.0179216861724854,1.758596658706665,1.9669644832611084,1.1599326133728027,1.6224470138549805,4.20454740524292,3.123098134994507
150,0.07898524403572083,0.0,0.0,0.0,0.18304219841957092,0.0,0.0,0.15974947810173035,0.0,0.0,0.0,0.0,0.45287102460861206,0.0,0.0,0.0,0.12517215311527252,0.0,0.0,0.00017980975098907948,0.20647293329238892,0.0,0.0,0.0,0.35892966389656067,0.0,0.0,0.23793214559555054,0.0,0.0,0.0,0.0,0.11911620199680328,0.0,0.0,0.0,0.04364083334803581,0.0,0.0,0.03390820324420929,0.125,0.42822355031967163,0.17656929790973663,0.46506986021995544,0.3763453960418701,0.24106310307979584,0.1709948629140854,0.8985370993614197,0.0014643489848822355,7.4058334575966e-05,3.5398511499806773e-06,0.0004575116909109056,0.0006039038999006152,5.823391546755374e-08,5.646483280941084e-09,5.596831033471972e-05,0.002731329994276166,0.0004744134785141796,0.00010282845323672518,0.0022873671259731054,0.19448363780975342,0.5782123804092407,0.343710333108902,-0.07120087742805481,-0.758640468120575,3.790886402130127,0.5122853517532349,0.8996073007583618,0.6589874029159546,1.776893138885498,2.1489062309265137,1.8716754913330078,1.9650778770446777,1.0768976211547852,1.5812186002731323,4.127964496612549,3.005375862121582
151,0.0767316147685051,0.0,0.0,0.0,0.4826529920101166,0.0,0.0,0.1905883103609085,0.0,0.0,0.0,0.0,0.1185697615146637,0.0,0.0,0.0,0.13140898942947388,0.0,0.0,4.8328798584407195e-05,0.20699411630630493,0.0,0.0,0.0,0.3591112196445465,0.0,0.0,0.23948019742965698,0.0,0.0,0.0,0.0,0.11716528236865997,0.0,0.0,0.0,0.04332260414958,0.0,0.0,0.033926576375961304,0.1269230842590332,0.42558881640434265,0.17410238087177277,0.4816367030143738,0.24098408222198486,0.15143263339996338,0.11390431970357895,0.3225019574165344,0.0014277516165748239,7.462518260581419e-05,3.389809535292443e-06,0.0009174114093184471,0.0006529242964461446,5.233492927914085e-08,5.08821740297094e-09,8.031872857827693e-05,0.0025264103896915913,0.0004889684496447444,0.00010132478200830519,0.0028377738781273365,0.19223347306251526,0.25001609325408936,0.24883177876472473,-0.06564412266016006,-0.7404866218566895,3.9445390701293945,0.46704426407814026,0.8425395488739014,0.884676456451416,1.7927387952804565,2.0909783840179443,2.3957910537719727,1.9955599308013916,1.3695697784423828,1.9404443502426147,4.245882511138916,3.0136003494262695
152,0.07359714061021805,0.0,0.0,0.0,0.22967274487018585,0.0,0.0,0.31706276535987854,0.0,0.0,0.0,0.0,0.2888224422931671,0.0,0.0,0.0,0.09077493101358414,0.0,0.0,7.002535130595788e-05,0.2073718160390854,0.0,0.0,0.0,0.35751107335090637,0.0,0.0,0.24083098769187927,0.0,0.0,0.0,0.0,0.11743561178445816,0.0,0.0,0.0,0.04280005767941475,0.0,0.0,0.034050460904836655,0.11346153914928436,0.429021954536438,0.1737028807401657,0.4848303198814392,0.1812390238046646,0.2873910665512085,0.107754647731781,0.5043802261352539,0.0013216963270679116,6.973966083023697e-05,3.406727500987472e-06,0.0008143610320985317,0.0006335153011605144,4.7208139619669964e-08,4.595468450219187e-09,7.92227074271068e-05,0.002567707560956478,0.00044523284304887056,9.802083513932303e-05,0.002955120988190174,0.19208268821239471,0.3796580731868744,0.30729836225509644,-0.06206277385354042,-0.7494519948959351,3.9524319171905518,0.4568644165992737,0.8636035919189453,0.8389659523963928,1.7942866086959839,1.8945329189300537,2.3247594833374023,2.0577447414398193,1.3402491807937622,2.17433762550354,4.1184587478637695,2.9548211097717285
153,0.07176356017589569,0.0,0.0,0.0,0.17570269107818604,0.0,0.0,0.36351361870765686,0.0,0.0,0.0,0.0,0.35023096203804016,0.0,0.0,0.0,0.0387442484498024,0.0,0.0,4.4949567381991073e-05,0.20554262399673462,0.0,0.0,0.0,0.35821935534477234,0.0,0.0,0.2424245923757553,0.0,0.0,0.0,0.0,0.11825887858867645,0.0,0.0,0.0,0.041420646011829376,0.0,0.0,0.034133896231651306,0.12115384638309479,0.43604791164398193,0.17307865619659424,0.45568859577178955,0.2573730945587158,0.3250614106655121,0.09055690467357635,0.5164255499839783,0.0012874517124146223,6.908141222083941e-05,3.459617801127024e-06,0.0010302814189344645,0.0006504973862320185,4.248732565770297e-08,4.142096443615628e-09,8.284770592581481e-05,0.002658409532159567,0.0004361971514299512,9.919006697600707e-05,0.0031458770390599966,0.1915816217660904,0.38901233673095703,0.2107209861278534,-0.059059154242277145,-0.700342059135437,3.915365219116211,0.481785386800766,0.8371191620826721,0.8974756002426147,1.6547397375106812,1.9572476148605347,2.4775869846343994,1.8553885221481323,1.2653110027313232,2.286139488220215,4.191195011138916,3.278731346130371
154,0.09580887854099274,0.0,0.0,0.0,0.2680632174015045,0.0,0.0,0.34398117661476135,0.0,0.0,0.0,0.0,0.28283607959747314,0.0,0.0,0.0,0.009281732141971588,0.0,0.0,2.896982550737448e-05,0.2096933126449585,0.0,0.0,0.0,0.3605619966983795,0.0,0.0,0.23945771157741547,0.0,0.0,0.0,0.0,0.1162034124135971,0.0,0.0,0.0,0.039983946830034256,0.0,0.0,0.034099604934453964,0.11538461595773697,0.42738524079322815,0.16927342116832733,0.5011975765228271,0.13310985267162323,0.183891162276268,0.0660569816827774,0.4096859395503998,0.0012192559661343694,6.93630863679573e-05,3.3437586353102233e-06,0.00043377955444157124,0.000627524743322283,3.81692970563563e-08,3.735594944487275e-09,5.8099536545341834e-05,0.002216925146058202,0.00042542116716504097,9.783392306417227e-05,0.001915972912684083,0.18806487321853638,0.2921380400657654,0.24132977426052094,-0.06881610304117203,-0.6921733617782593,3.864980936050415,0.4884619414806366,0.869176983833313,0.8716428875923157,1.5220444202423096,1.8937095403671265,2.299238681793213,1.7849268913269043,1.1492940187454224,2.059023141860962,3.979296922683716,3.318161725997925
155,0.23218083381652832,0.0,0.0,0.0,0.46534982323646545,0.0,0.0,0.10660920292139053,0.0,0.0,0.0,0.0,0.15892061591148376,0.0,0.0,0.0,0.03686143830418587,0.0,0.0,7.810729584889486e-05,0.20840835571289062,0.0,0.0,0.0,0.3589972257614136,0.0,0.0,0.24056707322597504,0.0,0.0,0.0,0.0,0.11721180379390717,0.0,0.0,0.0,0.040938444435596466,0.0,0.0,0.03387709707021713,0.10769230872392654,0.4256686568260193,0.17164544761180878,0.4664670526981354,0.17461031675338745,0.14970670640468597,0.06850197166204453,0.2551272511482239,0.0013732825173065066,7.638767419848591e-05,3.401828962523723e-06,0.000593839562498033,0.0006469309446401894,3.440210605276661e-08,3.363518130683474e-09,7.113863830454648e-05,0.0023269709199666977,0.0004610424512065947,0.0001006328166113235,0.002094232477247715,0.18975597620010376,0.19585222005844116,0.5060341358184814,-0.06728430837392807,-0.6564496755599976,3.8433289527893066,0.4966168999671936,0.8361789584159851,0.8997890949249268,1.6155768632888794,1.835189700126648,2.402822494506836,1.9471776485443115,1.0546119213104248,1.7781007289886475,3.9905662536621094,3.325484275817871
156,0.13673266768455505,0.0,0.0,0.0,0.43329718708992004,0.0,0.0,0.2289571613073349,0.0,0.0,0.0,0.0,0.06301096081733704,0.0,0.0,0.0,0.13788843154907227,0.0,0.0,0.00011357815674273297,0.20816555619239807,0.0,0.0,0.0,0.35841524600982666,0.0,0.0,0.23971439898014069,0.0,0.0,0.0,0.0,0.11811857670545578,0.0,0.0,0.0,0.04187729209661484,0.0,0.0,0.03370891883969307,0.11346153914928436,0.4268263578414917,0.17387765645980835,0.42155686020851135,0.19208744168281555,0.1549707055091858,0.09386631846427917,0.2506975829601288,0.001282246084883809,7.299598655663431e-05,3.3982942113652825e-06,0.00043878855649381876,0.00056330522056669,3.097325773637749e-08,3.0359399438850687e-09,5.777079059043899e-05,0.00233194837346673,0.0004423412901815027,0.00010099609789904207,0.0014874034095555544,0.19138212502002716,0.20100541412830353,0.45256295800209045,-0.060884661972522736,-0.7077372074127197,3.8269636631011963,0.5143547654151917,0.7717847228050232,0.8070630431175232,1.5893362760543823,1.7761356830596924,2.1723008155822754,2.14904522895813,0.9826524257659912,1.7939515113830566,4.038820266723633,3.2068607807159424
157,0.08269138634204865,0.0,0.0,0.0,0.14741036295890808,0.0,0.0,0.4629945158958435,0.0,0.0,0.0,0.0,0.0799177885055542,0.0,0.0,0.0,0.22685734927654266,0.0,0.0,0.0001286092883674428,0.2077564001083374,0.0,0.0,0.0,0.357811838388443,0.0,0.0,0.24010135233402252,0.0,0.0,0.0,0.0,0.11872968822717667,0.0,0.0,0.0,0.042415034025907516,0.0,0.0,0.0331856943666935,0.10576923191547394,0.42403194308280945,0.17534083127975464,0.3688622713088989,0.15515142679214478,0.16405819356441498,0.13403335213661194,0.4232451915740967,0.0012717333156615496,6.725067214574665e-05,3.2519642445549835e-06,0.00044569652527570724,0.0005553483497351408,2.7865700857887532e-08,2.7323998619266376e-09,5.718386091757566e-05,0.0022267962340265512,0.00037844141479581594,9.351121843792498e-05,0.001568981446325779,0.19195741415023804,0.30689623951911926,0.4927021563053131,-0.06199776381254196,-0.7286520004272461,3.9323971271514893,0.46697568893432617,0.7423760890960693,0.7724931836128235,1.73835027217865,1.780291199684143,2.1958024501800537,2.3133227825164795,1.125584602355957,1.72005033493042,3.6522722244262695,3.058922052383423
158,0.08343922346830368,0.0,0.0,0.0,0.22994448244571686,0.0,0.0,0.2453048825263977,0.0,0.0,0.0,0.0,0.32262542843818665,0.0,0.0,0.0,0.11862388998270035,0.0,0.0,6.210918218130246e-05,0.21177370846271515,0.0,0.0,0.0,0.3610967695713043,0.0,0.0,0.23532865941524506,0.0,0.0,0.0,0.0,0.11676469445228577,0.0,0.0,0.0,0.04193992540240288,0.0,0.0,0.033096250146627426,0.08653846383094788,0.42027944326400757,0.17252185940742493,0.39660677313804626,0.1819172501564026,0.12839457392692566,0.11618586629629135,0.6895594596862793,0.0010747762862592936,6.247944838833064e-05,3.2986376936605666e-06,0.0006065835477784276,0.00047186596202664077,2.5072656839597585e-08,2.462925419166595e-09,6.899415166117251e-05,0.0019330363720655441,0.0003562051570042968,8.971508214017376e-05,0.002269004238769412,0.18941961228847504,0.44130149483680725,0.33491724729537964,-0.07109762728214264,-0.7289927005767822,3.9834346771240234,0.44226303696632385,0.8284628987312317,1.0245143175125122,1.6950541734695435,1.7141631841659546,2.0383641719818115,2.465773105621338,1.032069444656372,1.7601560354232788,3.524308919906616,3.111865997314453
159,0.09191660583019257,0.0,0.0,0.0,0.20941795408725739,0.0,0.0,0.440315842628479,0.0,0.0,0.0,0.0,0.12936174869537354,0.0,0.0,0.0,0.1288178265094757,0.0,0.0,0.00016999838408082724,0.20830170810222626,0.0,0.0,0.0,0.3568839132785797,0.0,0.0,0.24143432080745697,0.0,0.0,0.0,0.0,0.11754769086837769,0.0,0.0,0.0,0.04264337196946144,0.0,0.0,0.033188994973897934,0.06538461893796921,0.4210778474807739,0.17429713904857635,0.3830339312553406,0.16560690104961395,0.1469566524028778,0.10960599780082703,0.33784595131874084,0.0010586357675492764,6.890446820762008e-05,3.364312988196616e-06,0.0007018759497441351,0.00054849375737831,2.257733200394796e-08,2.218512484830626e-09,6.750559259671718e-05,0.0019350770162418485,0.0003954738494940102,9.661928925197572e-05,0.0032216287218034267,0.19093208014965057,0.2583426833152771,0.39312833547592163,-0.06456558406352997,-0.7455084323883057,3.8532919883728027,0.41169774532318115,1.0882289409637451,1.0732059478759766,1.6624709367752075,1.7342476844787598,2.010742425918579,2.161619186401367,1.1662046909332275,2.082760810852051,3.694911479949951,3.0656492710113525
160,0.0673099234700203,0.0,0.0,0.0,0.2533993422985077,0.0,0.0,0.327959269285202,0.0,0.0,0.0,0.0,0.17979778349399567,0.0,0.0,0.0,0.17148181796073914,0.0,0.0,5.184553810977377e-05,0.20323464274406433,0.0,0.0,0.0,0.3515973389148712,0.0,0.0,0.24462890625,0.0,0.0,0.0,0.0,0.1232004314661026,0.0,0.0,0.0,0.044122692197561264,0.0,0.0,0.03321598470211029,0.10576923191547394,0.4308183789253235,0.1805068701505661,0.4377245306968689,0.18226823210716248,0.18812623620033264,0.11580044031143188,0.4477044343948364,0.0012182681821286678,8.441250247415155e-05,3.489104983600555e-06,0.0007110266014933586,0.0006201392388902605,2.032517976147119e-08,1.998966103755606e-09,7.077979535097256e-05,0.0022785284090787172,0.0004744651378132403,0.00010523858509259298,0.0034820016007870436,0.19795165956020355,0.35132190585136414,0.3804057240486145,-0.05516912415623665,-0.719760000705719,3.6350462436676025,0.41016846895217896,1.2015239000320435,1.0505138635635376,1.733211636543274,1.663626790046692,2.23118257522583,1.9632569551467896,1.2602940797805786,1.9347983598709106,3.8778443336486816,2.8501713275909424
161,0.05707657337188721,0.0,0.0,0.0,0.34619003534317017,0.0,0.0,0.29741477966308594,0.0,0.0,0.0,0.0,0.20562045276165009,0.0,0.0,0.0,0.09363175928592682,0.0,0.0,6.6369328123983e-05,0.20806437730789185,0.0,0.0,0.0,0.3574853837490082,0.0,0.0,0.23845680058002472,0.0,0.0,0.0,0.0,0.1192236989736557,0.0,0.0,0.0,0.04353529214859009,0.0,0.0,0.03323444724082947,0.11923076957464218,0.4343712627887726,0.17568041384220123,0.41377243399620056,0.23997706174850464,0.1960393637418747,0.11242952197790146,0.36965256929397583,0.0013046162202954292,7.395831198664382e-05,3.3740425351425074e-06,0.0008875491330400109,0.0005961352144367993,1.8287638070546564e-08,1.8014276736977308e-09,7.921698852442205e-05,0.0023824009113013744,0.00044362948392517865,9.622606739867479e-05,0.003445335663855076,0.1934119015932083,0.2993091940879822,0.29449182748794556,-0.06353165209293365,-0.7007533311843872,3.8373873233795166,0.3935873806476593,1.3413056135177612,1.010999083518982,1.5869710445404053,1.7533284425735474,2.197953701019287,2.2173993587493896,1.2326284646987915,1.8693805932998657,3.7708640098571777,2.75396466255188
162,0.1583925187587738,0.0,0.0,0.0,0.29099270701408386,0.0,0.0,0.303504079580307,0.0,0.0,0.0,0.0,0.23058243095874786,0.0,0.0,0.0,0.016412945464253426,0.0,0.0,0.00011532920325407758,0.22135640680789948,0.0,0.0,0.0,0.3607681393623352,0.0,0.0,0.23148132860660553,0.0,0.0,0.0,0.0,0.11271446943283081,0.0,0.0,0.0,0.04047149419784546,0.0,0.0,0.03320816159248352,0.08653846383094788,0.42043912410736084,0.16601748764514923,0.4399201571941376,0.2678161561489105,0.12133342772722244,0.10778369009494781,0.35583028197288513,0.0011345153907313943,6.43078310531564e-05,3.1440895327250473e-06,0.0005577047122642398,0.0005311847198754549,1.646339420346976e-08,1.6215000453456696e-09,7.014743459876627e-05,0.0018837014213204384,0.000355320778908208,7.728133641649038e-05,0.0018386512529104948,0.18388931453227997,0.24710392951965332,0.254006952047348,-0.08133711665868759,-0.6936492919921875,4.275823593139648,0.3831498324871063,1.1074762344360352,0.8708274364471436,1.7623099088668823,2.002223253250122,2.083601713180542,2.60978627204895,1.2894465923309326,1.7966188192367554,3.4578945636749268,2.7300362586975098
163,0.09164639562368393,0.0,0.0,0.0,0.2915688455104828,0.0,0.0,0.37733930349349976,0.0,0.0,0.0,0.0,0.2190108299255371,0.0,0.0,0.0,0.02035514824092388,0.0,0.0,7.946069672470912e-05,0.22634021937847137,0.0,0.0,0.0,0.3652670085430145,0.0,0.0,0.22798199951648712,0.0,0.0,0.0,0.0,0.10825540125370026,0.0,0.0,0.0,0.0390707328915596,0.0,0.0,0.03308463841676712,0.09807692468166351,0.41425150632858276,0.16058926284313202,0.39081835746765137,0.26780927181243896,0.13108964264392853,0.0783357173204422,0.3517962396144867,0.0013016820885241032,6.641579238930717e-05,3.0373860226973193e-06,0.00045674628927372396,0.0006043125758878887,1.4817055138394153e-08,1.4608111387204303e-09,6.432912778109312e-05,0.0022478203754872084,0.00037588801933452487,7.774554978823289e-05,0.001524203922599554,0.1779298633337021,0.2394389510154724,0.2826079726219177,-0.08478866517543793,-0.7219504714012146,4.315656661987305,0.4012705087661743,0.9857075214385986,0.8367302417755127,1.87004554271698,1.986510157585144,2.2750251293182373,2.5779709815979004,1.2693166732788086,1.7799264192581177,3.5161385536193848,2.845201253890991
164,0.1543934941291809,0.0,0.0,0.0,0.5252900719642639,0.0,0.0,0.22714267671108246,0.0,0.0,0.0,0.0,0.06415411084890366,0.0,0.0,0.0,0.028942307457327843,0.0,0.0,7.729584467597306e-05,0.22656075656414032,0.0,0.0,0.0,0.36954328417778015,0.0,0.0,0.22485017776489258,0.0,0.0,0.0,0.0,0.10578278452157974,0.0,0.0,0.0,0.039740897715091705,0.0,0.0,0.033522117882966995,0.0942307710647583,0.42067864537239075,0.1594506949186325,0.32894212007522583,0.269161194562912,0.12719443440437317,0.0662500187754631,0.0790272131562233,0.0013846942456439137,7.077357440721244e-05,3.224402007617755e-06,0.00036565191112458706,0.0005890305619686842,1.3322046577002311e-08,1.3151462141536285e-09,5.750049604102969e-05,0.002520626410841942,0.0004308377392590046,8.390447328565642e-05,0.0012954722624272108,0.17652176320552826,0.09316950291395187,0.3274562954902649,-0.09124697744846344,-0.7366043925285339,4.192357063293457,0.44039231538772583,0.8617462515830994,0.7632246017456055,1.8324000835418701,1.938472867012024,2.1217730045318604,2.436933755874634,1.2442246675491333,1.8417243957519531,3.7421998977661133,2.917325735092163
165,0.5846461653709412,0.0,0.0,0.0,0.15930229425430298,0.0,0.0,0.10902470350265503,0.0,0.0,0.0,0.0,0.11348354816436768,0.0,0.0,0.0,0.03350156173110008,0.0,0.0,4.172640910837799e-05,0.22495391964912415,0.0,0.0,0.0,0.36651548743247986,0.0,0.0,0.22678281366825104,0.0,0.0,0.0,0.0,0.10848140716552734,0.0,0.0,0.0,0.03987788408994675,0.0,0.0,0.033388491719961166,0.10576923191547394,0.4190419316291809,0.1609862744808197,0.43672654032707214,0.278619647026062,0.098432756960392,0.06091716140508652,0.17841143906116486,0.0017708027735352516,8.650714153191075e-05,3.5551815926737618e-06,0.0005359682254493237,0.0007375266868621111,1.200181376503906e-08,1.1845673331123407e-09,7.138223736546934e-05,0.003295563394203782,0.0005264119245111942,0.00010377787111792713,0.0022522802464663982,0.17911989986896515,0.14702121913433075,0.2725185453891754,-0.08456078916788101,-0.7268861532211304,3.8167431354522705,0.47486355900764465,0.9551162719726562,0.8503856062889099,1.7856512069702148,1.8457082509994507,2.318923234939575,2.2638509273529053,1.2436294555664062,2.0308949947357178,4.38043212890625,2.676408529281616
166,0.5312148332595825,0.0,0.0,0.0,0.1552717238664627,0.0,0.0,0.07947535067796707,0.0,0.0,0.0,0.0,0.10052672773599625,0.0,0.0,0.0,0.13349391520023346,0.0,0.0,1.7417009075870737e-05,0.22058331966400146,0.0,0.0,0.0,0.3622826039791107,0.0,0.0,0.22902508080005646,0.0,0.0,0.0,0.0,0.11232851445674896,0.0,0.0,0.0,0.04222768545150757,0.0,0.0,0.03355279564857483,0.08461538702249527,0.424351304769516,0.16710112988948822,0.4564869999885559,0.18421714007854462,0.10285068303346634,0.08403550088405609,0.2894873321056366,0.00179467408452183,9.30258393054828e-05,3.5469304293656023e-06,0.0005658433656208217,0.0007932911976240575,1.0801632477352996e-08,1.0716239007280137e-09,6.869426579214633e-05,0.003214577678591013,0.0005561418947763741,0.00011110112245660275,0.0026599427219480276,0.1853136420249939,0.23402878642082214,0.32166212797164917,-0.07152014225721359,-0.718176007270813,3.660271644592285,0.49115994572639465,1.0435832738876343,0.8929827809333801,1.712777018547058,2.010315418243408,2.0751497745513916,1.974912405014038,1.3967875242233276,2.0872511863708496,4.678940773010254,2.5255792140960693
167,0.07473023235797882,0.0,0.0,0.0,0.3632042706012726,0.0,0.0,0.252785861492157,0.0,0.0,0.0,0.0,0.20287884771823883,0.0,0.0,0.0,0.10637719184160233,0.0,0.0,2.3590211640112102e-05,0.22513538599014282,0.0,0.0,0.0,0.3650028705596924,0.0,0.0,0.22844745218753815,0.0,0.0,0.0,0.0,0.10816024988889694,0.0,0.0,0.0,0.039803631603717804,0.0,0.0,0.0334504097700119,0.08461538702249527,0.41313374042510986,0.16089388728141785,0.4353293180465698,0.1650182008743286,0.08776549994945526,0.08618669956922531,0.4075283706188202,0.0013555343030020595,7.209756586235017e-05,3.2043449209595565e-06,0.0006183405639603734,0.0005364246317185462,9.731532912837793e-09,9.652434407314558e-10,7.210095645859838e-05,0.002313557080924511,0.00043222479871474206,9.050099470186979e-05,0.002409406006336212,0.17864897847175598,0.30927005410194397,0.24814927577972412,-0.08241474628448486,-0.7272219657897949,4.055647850036621,0.4415576756000519,1.1422866582870483,0.954456627368927,1.951952576637268,1.952462077140808,1.9049170017242432,1.7008562088012695,1.3086035251617432,2.0707898139953613,4.185765743255615,2.727537155151367
168,0.12655597925186157,0.0,0.0,0.0,0.20757582783699036,0.0,0.0,0.2149529606103897,0.0,0.0,0.0,0.0,0.427843302488327,0.0,0.0,0.0,0.023035231977701187,0.0,0.0,3.667024429887533e-05,0.22356317937374115,0.0,0.0,0.0,0.36409056186676025,0.0,0.0,0.23195065557956696,0.0,0.0,0.0,0.0,0.10883218795061111,0.0,0.0,0.0,0.038110118359327316,0.0,0.0,0.03345328941941261,0.0923076942563057,0.407624751329422,0.1599525660276413,0.44431135058403015,0.15479248762130737,0.07191070914268494,0.0743941217660904,0.7326093912124634,0.0011112866923213005,6.133095303084701e-05,3.2060311241366435e-06,0.00082873844075948,0.0005447927978821099,8.755639768764922e-09,8.696970366095513e-10,8.288116077892482e-05,0.0019478268222883344,0.00036809127777814865,8.135485404636711e-05,0.0025157793425023556,0.1775679737329483,0.4509062170982361,0.2913348972797394,-0.08391226083040237,-0.7381869554519653,4.2219085693359375,0.4137076139450073,1.140893578529358,1.223044991493225,2.2879412174224854,1.7672317028045654,1.7834482192993164,1.9102437496185303,1.336639165878296,1.7644881010055542,4.014508247375488,2.9345054626464844
169,0.13323058187961578,0.0,0.0,0.0,0.20997512340545654,0.0,0.0,0.2178923487663269,0.0,0.0,0.0,0.0,0.30674704909324646,0.0,0.0,0.0,0.13204322755336761,0.0,0.0,0.0001116649727919139,0.22161729633808136,0.0,0.0,0.0,0.36316415667533875,0.0,0.0,0.23244929313659668,0.0,0.0,0.0,0.0,0.11021801084280014,0.0,0.0,0.0,0.03874194249510765,0.0,0.0,0.03380930423736572,0.07692307978868484,0.41149699687957764,0.16287390887737274,0.3864271342754364,0.13436368107795715,0.08214781433343887,0.105889692902565,0.6582208275794983,0.0010827680816873908,6.120376201579347e-05,3.1879621928965207e-06,0.0007084622047841549,0.0005535354139283299,7.88513343508157e-09,7.833518278488327e-10,7.83482173574157e-05,0.001972309546545148,0.00037329699262045324,8.19919805508107e-05,0.0029105935245752335,0.17981581389904022,0.43889328837394714,0.26654958724975586,-0.07873595505952835,-0.7449816465377808,4.164783954620361,0.3912876546382904,1.188797950744629,1.1555348634719849,2.2552132606506348,1.798077940940857,2.0597164630889893,2.079741954803467,1.3964149951934814,1.7488161325454712,3.9108340740203857,2.9692485332489014
170,0.0899539515376091,0.0,0.0,0.0,0.5524100065231323,0.0,0.0,0.11433054506778717,0.0,0.0,0.0,0.0,0.04265619441866875,0.0,0.0,0.0,0.20061054825782776,0.0,0.0,3.8801124901510775e-05,0.2181854248046875,0.0,0.0,0.0,0.3619319796562195,0.0,0.0,0.23424901068210602,0.0,0.0,0.0,0.0,0.11160994321107864,0.0,0.0,0.0,0.04029932990670204,0.0,0.0,0.03372432664036751,0.06538461893796921,0.41784432530403137,0.16610237956047058,0.3315369188785553,0.15087123215198517,0.08468671888113022,0.10338284820318222,0.30372047424316406,0.0015177116729319096,8.391895244130865e-05,3.570193939594901e-06,0.0008616947452537715,0.0006853357772342861,7.0966201803912554e-09,7.071744301256899e-10,8.754953159950674e-05,0.002760736271739006,0.0005271910922601819,0.0001043329102685675,0.0032231961376965046,0.18253225088119507,0.24329480528831482,0.268990159034729,-0.07087725400924683,-0.7524338960647583,3.857914686203003,0.49244925379753113,1.2539676427841187,1.190657615661621,2.054767370223999,2.0831806659698486,2.238805055618286,1.9722634553909302,1.2864136695861816,1.754184603691101,5.016204357147217,2.951167345046997
171,0.20515696704387665,0.0,0.0,0.0,0.4964204728603363,0.0,0.0,0.09938891232013702,0.0,0.0,0.0,0.0,0.03951926529407501,0.0,0.0,0.0,0.15948182344436646,0.0,0.0,3.255955016356893e-05,0.21675798296928406,0.0,0.0,0.0,0.358287513256073,0.0,0.0,0.2366095930337906,0.0,0.0,0.0,0.0,0.1131872832775116,0.0,0.0,0.0,0.04144527390599251,0.0,0.0,0.033712346106767654,0.07500000298023224,0.4334530830383301,0.1677403301000595,0.34211575984954834,0.16970930993556976,0.12991629540920258,0.09264250099658966,0.23724637925624847,0.001954863779246807,0.00010517588816583157,3.960520189139061e-06,0.0008892022888176143,0.0007778091821819544,6.384857975660907e-09,6.37087049781826e-10,8.536021050531417e-05,0.0034592223819345236,0.0006598790059797466,0.0001270037901122123,0.003316179383546114,0.18509557843208313,0.19902284443378448,0.35889729857444763,-0.06550145149230957,-0.766069233417511,3.4883005619049072,0.5201290845870972,1.319674015045166,1.1274809837341309,1.8689907789230347,2.040914535522461,2.3273727893829346,1.9101446866989136,1.5019243955612183,1.754101276397705,5.325169563293457,3.1155123710632324
172,0.07869639992713928,0.0,0.0,0.0,0.5917014479637146,0.0,0.0,0.14378389716148376,0.0,0.0,0.0,0.0,0.07012864202260971,0.0,0.0,0.0,0.11566340923309326,0.0,0.0,2.617226891743485e-05,0.2210216075181961,0.0,0.0,0.0,0.36066490411758423,0.0,0.0,0.23192399740219116,0.0,0.0,0.0,0.0,0.11177794635295868,0.0,0.0,0.0,0.041098929941654205,0.0,0.0,0.033512599766254425,0.04038461670279503,0.4239521026611328,0.16566042602062225,0.3848303258419037,0.053180795162916183,0.12767577171325684,0.09680932015180588,0.22761270403862,0.0015884323511272669,9.204509115079418e-05,3.6350438676890917e-06,0.0008383190724998713,0.0007417165907099843,5.74826231058978e-09,5.735545371976514e-10,9.143163333646953e-05,0.0028702537529170513,0.0005545880412682891,0.00011044033453799784,0.0029631322249770164,0.18306580185890198,0.18580853939056396,0.3124127686023712,-0.07648169249296188,-0.808133602142334,3.7513229846954346,0.49898675084114075,1.2349332571029663,1.0043998956680298,2.0235705375671387,2.0987071990966797,2.1274662017822266,1.8917293548583984,1.5680677890777588,1.7131459712982178,4.9254584312438965,3.422847032546997
173,0.11905623972415924,0.0,0.0,0.0,0.23953397572040558,0.0,0.0,0.2475374937057495,0.0,0.0,0.0,0.0,0.3674398362636566,0.0,0.0,0.0,0.026374394074082375,0.0,0.0,5.809576759929769e-05,0.2227620929479599,0.0,0.0,0.0,0.3633549213409424,0.0,0.0,0.23187467455863953,0.0,0.0,0.0,0.0,0.10942429304122925,0.0,0.0,0.0,0.039075884968042374,0.0,0.0,0.03350813314318657,0.06538461893796921,0.42467066645622253,0.16106867790222168,0.36666664481163025,0.09458618611097336,0.17149484157562256,0.12361037731170654,0.6691510677337646,0.0010731029324233532,5.76217207708396e-05,3.2319899219146464e-06,0.0005703400820493698,0.0004466371319722384,5.1717345961321826e-09,5.174131678664651e-10,7.255122909555212e-05,0.001872166059911251,0.0003301817923784256,7.345902849920094e-05,0.001686760107986629,0.178660586476326,0.39386260509490967,0.36279168725013733,-0.0734710842370987,-0.7899863719940186,4.523447513580322,0.4115692377090454,1.218860149383545,1.1600724458694458,2.6371660232543945,2.335686206817627,2.1272337436676025,2.0970213413238525,1.6171916723251343,1.7819390296936035,4.413437843322754,3.194962501525879
174,0.08072536438703537,0.0,0.0,0.0,0.1764668971300125,0.0,0.0,0.21359603106975555,0.0,0.0,0.0,0.0,0.2788669764995575,0.0,0.0,0.0,0.2503181993961334,0.0,0.0,2.647148721734993e-05,0.22200098633766174,0.0,0.0,0.0,0.362745076417923,0.0,0.0,0.23054003715515137,0.0,0.0,0.0,0.0,0.11079239845275879,0.0,0.0,0.0,0.04049129784107208,0.0,0.0,0.03343020752072334,0.07884615659713745,0.4214770495891571,0.16391511261463165,0.37225547432899475,0.09029991179704666,0.1692226082086563,0.11096034198999405,0.680999219417572,0.0012715699849650264,6.604516238439828e-05,3.5365148960408987e-06,0.0008966453024186194,0.0006273065228015184,4.654561180927885e-09,4.659096441983479e-10,8.76368721947074e-05,0.0023117209784686565,0.0003947932564187795,9.445612522540614e-05,0.0029964784625917673,0.18120071291923523,0.529201328754425,0.29108160734176636,-0.0730501115322113,-0.8207564949989319,4.141777992248535,0.47972530126571655,1.1603673696517944,1.05711829662323,2.498370409011841,2.1337027549743652,2.146174907684326,2.050630807876587,1.7201186418533325,2.2018978595733643,5.22012186050415,3.054727792739868
175,0.16947634518146515,0.0,0.0,0.0,0.5465616583824158,0.0,0.0,0.14797775447368622,0.0,0.0,0.0,0.0,0.03949860483407974,0.0,0.0,0.0,0.09644802659749985,0.0,0.0,3.7576992326648906e-05,0.2180880308151245,0.0,0.0,0.0,0.3578064441680908,0.0,0.0,0.23654992878437042,0.0,0.0,0.0,0.0,0.1121131107211113,0.0,0.0,0.0,0.04221722483634949,0.0,0.0,0.033225271850824356,0.07307692617177963,0.42802396416664124,0.16568540036678314,0.4279440939426422,0.14465488493442535,0.12759262323379517,0.06928998231887817,0.15170568227767944,0.0019254821818321943,0.000118867406854406,4.011766577605158e-06,0.0009951270185410976,0.0009239264763891697,4.190483515742471e-09,4.1939915429445307e-10,9.04011758393608e-05,0.0035944681148976088,0.0007384702330455184,0.00014963292051106691,0.004680810496211052,0.18386611342430115,0.13597780466079712,0.35602104663848877,-0.06144989654421806,-0.780438244342804,3.329271078109741,0.6360960602760315,1.097738265991211,1.0529718399047852,2.1553971767425537,2.2347402572631836,2.04556941986084,1.73691725730896,1.8819996118545532,2.2050952911376953,6.740856647491455,3.0987813472747803
176,0.09020188450813293,0.0,0.0,0.0,0.2968800663948059,0.0,0.0,0.47552135586738586,0.0,0.0,0.0,0.0,0.09180843085050583,0.0,0.0,0.0,0.04498423635959625,0.0,0.0,0.0006040388252586126,0.21501368284225464,0.0,0.0,0.0,0.3577578365802765,0.0,0.0,0.2393963634967804,0.0,0.0,0.0,0.0,0.11278024315834045,0.0,0.0,0.0,0.041933849453926086,0.0,0.0,0.03311800956726074,0.11730769276618958,0.4469461143016815,0.16466167569160461,0.42295408248901367,0.30472421646118164,0.19889871776103973,0.07875309139490128,0.14160627126693726,0.0025325394235551357,0.0001304824836552143,3.965657015214674e-06,0.0004764096229337156,0.0010844487696886063,3.770194823005113e-09,3.777007595573423e-10,5.811710434500128e-05,0.004473041743040085,0.0009183839429169893,0.00015980466559994966,0.003269805572926998,0.18400993943214417,0.13739188015460968,0.36382725834846497,-0.0642528161406517,-0.6580497622489929,3.071993112564087,0.6593489646911621,1.112623691558838,0.9074188470840454,1.970394492149353,2.323347330093384,1.7569888830184937,1.8317499160766602,1.8080939054489136,1.6554173231124878,6.460794448852539,3.924685001373291
177,0.11906404793262482,0.0,0.0,0.0,0.6308315992355347,0.0,0.0,0.12348468601703644,0.0,0.0,0.0,0.0,0.10594464838504791,0.0,0.0,0.0,0.020572859793901443,0.0,0.0,0.00010220299009233713,0.22924858331680298,0.0,0.0,0.0,0.37014704942703247,0.0,0.0,0.22435683012008667,0.0,0.0,0.0,0.0,0.10387144982814789,0.0,0.0,0.0,0.0394563153386116,0.0,0.0,0.032919760793447495,0.07500000298023224,0.4132135808467865,0.15346068143844604,0.5017963647842407,0.18887418508529663,0.12685000896453857,0.04973470792174339,0.15086539089679718,0.0017294586868956685,8.63043824210763e-05,3.601778644224396e-06,0.0007450330886058509,0.0007807750953361392,3.409002857779342e-09,3.4026573225709456e-10,7.60459661250934e-05,0.0034908773377537727,0.0006136416923254728,0.00012273105676285923,0.0026551769115030766,0.1725085973739624,0.12661240994930267,0.42593395709991455,-0.08933842927217484,-0.7529913187026978,3.692826509475708,0.5821263790130615,0.9515129923820496,0.99529629945755,2.328418016433716,2.006610870361328,1.9308650493621826,2.9232969284057617,1.5608563423156738,1.726254940032959,5.878448009490967,3.5135717391967773
178,0.08721562474966049,0.0,0.0,0.0,0.16504724323749542,0.0,0.0,0.11208699643611908,0.0,0.0,0.0,0.0,0.3027750849723816,0.0,0.0,0.0,0.3328283131122589,0.0,0.0,4.668694964493625e-05,0.21181516349315643,0.0,0.0,0.0,0.35904449224472046,0.0,0.0,0.23808450996875763,0.0,0.0,0.0,0.0,0.11745660752058029,0.0,0.0,0.0,0.040920887142419815,0.0,0.0,0.032678358256816864,0.11346153914928436,0.45197606086730957,0.16774782538414001,0.3960079848766327,0.20660221576690674,0.378448486328125,0.19097180664539337,0.78408282995224,0.0013043651124462485,7.681295392103493e-05,3.5028333513764665e-06,0.0005813302705064416,0.0005451944889500737,3.0681026608192496e-09,3.0635377568088984e-10,7.375892892014235e-05,0.002547705313190818,0.00047917140182107687,9.413849329575896e-05,0.002121374709531665,0.1868516355752945,0.6356409192085266,0.42031317949295044,-0.052209872752428055,-0.7815889120101929,4.165173530578613,0.45275017619132996,0.9676569700241089,1.303039312362671,2.7283284664154053,2.7250659465789795,2.342503309249878,3.1290488243103027,1.5470569133758545,2.572481155395508,5.329422473907471,2.8449831008911133
179,0.16187267005443573,0.0,0.0,0.0,0.3278208076953888,0.0,0.0,0.10573948174715042,0.0,0.0,0.0,0.0,0.4019230604171753,0.0,0.0,0.0,0.002622835570946336,0.0,0.0,2.113648588419892e-05,0.22443683445453644,0.0,0.0,0.0,0.36978858709335327,0.0,0.0,0.23072612285614014,0.0,0.0,0.0,0.0,0.10539136826992035,0.0,0.0,0.0,0.03716357424855232,0.0,0.0,0.03249349445104599,0.0942307710647583,0.43512973189353943,0.15216229856014252,0.3670658469200134,0.08865419030189514,0.12284709513187408,0.08120784908533096,0.4890689253807068,0.0016985012916848063,9.388184844283387e-05,3.84157283406239e-06,0.0010521060321480036,0.0007318398565985262,2.76190803560894e-09,2.758963058013819e-10,9.758019587025046e-05,0.0031116418540477753,0.0005831837770529091,0.00012325106945354491,0.004257039166986942,0.17103323340415955,0.40455615520477295,0.2943437099456787,-0.06573457270860672,-0.7360639572143555,3.8922135829925537,0.5570304989814758,1.4175159931182861,1.0929365158081055,2.4294610023498535,3.0951502323150635,2.3163020610809326,2.452773332595825,1.7433736324310303,2.828875780105591,6.873491287231445,3.053335189819336
180,0.3921835422515869,0.0,0.0,0.0,0.16273625195026398,0.0,0.0,0.09698116779327393,0.0,0.0,0.0,0.0,0.22826774418354034,0.0,0.0,0.0,0.1191653460264206,0.0,0.0,0.0006658710190095007,0.21205812692642212,0.0,0.0,0.0,0.3565085232257843,0.0,0.0,0.24108175933361053,0.0,0.0,0.0,0.0,0.11765824258327484,0.0,0.0,0.0,0.04018346220254898,0.0,0.0,0.03250989317893982,0.18269230425357819,0.47576847672462463,0.16448938846588135,0.44071856141090393,0.42157283425331116,0.43815624713897705,0.10256251692771912,0.4106888771057129,0.0022189407609403133,0.0001174911594716832,4.277148946130183e-06,0.0019877231679856777,0.0008529488695785403,2.485717187639125e-09,2.486704453463773e-10,0.0001442361099179834,0.0045549566857516766,0.0007687751785852015,0.00018494753749109805,0.007041458040475845,0.18581007421016693,0.34808897972106934,0.47120699286460876,-0.04513820260763168,-0.7102121710777283,3.142744779586792,0.6209935545921326,1.6186614036560059,0.9607734084129333,2.4203970432281494,2.725551128387451,1.8845787048339844,2.2317607402801514,1.7080587148666382,2.950183868408203,7.408581733703613,4.1408491134643555
181,0.061343930661678314,0.0,0.0,0.0,0.5016904473304749,0.0,0.0,0.1548415571451187,0.0,0.0,0.0,0.0,0.26795393228530884,0.0,0.0,0.0,0.013848681002855301,0.0,0.0,0.0003214799507986754,0.21763262152671814,0.0,0.0,0.0,0.36623162031173706,0.0,0.0,0.23645758628845215,0.0,0.0,0.0,0.0,0.10938607901334763,0.0,0.0,0.0,0.038396939635276794,0.0,0.0,0.03189515322446823,0.17307692766189575,0.46011975407600403,0.15457428991794586,0.3999999761581421,0.35739627480506897,0.269376665353775,0.07369920611381531,0.34097638726234436,0.0020260093733668327,0.00010782005119835958,3.993944119429216e-06,0.001128343166783452,0.0007961203809827566,2.23714535785291e-09,2.2406311528389011e-10,9.903181489789858e-05,0.0038707652129232883,0.0006986607331782579,0.00012182999489596114,0.004447425715625286,0.17520414292812347,0.2821131646633148,0.37003085017204285,-0.06480415165424347,-0.7435159087181091,3.9040348529815674,0.525040328502655,1.307735562324524,1.0450187921524048,2.583583354949951,2.6974074840545654,2.4809205532073975,2.8177616596221924,1.7349419593811035,2.975337266921997,6.539297580718994,3.7265007495880127
182,0.07100886851549149,0.0,0.0,0.0,0.1657869815826416,0.0,0.0,0.2483902871608734,0.0,0.0,0.0,0.0,0.42165473103523254,0.0,0.0,0.0,0.09192243218421936,0.0,0.0,0.001236651325598359,0.20923076570034027,0.0,0.0,0.0,0.35561561584472656,0.0,0.0,0.24346034228801727,0.0,0.0,0.0,0.0,0.11829721182584763,0.0,0.0,0.0,0.04140986129641533,0.0,0.0,0.031986188143491745,0.2173076868057251,0.47245508432388306,0.16571536660194397,0.4341317117214203,0.4776701331138611,0.31447234749794006,0.17011229693889618,0.6760614514350891,0.0020417640917003155,9.86741652013734e-05,4.034105586470105e-06,0.0016452023992314935,0.0009430020581930876,2.0134307554542374e-09,2.0190207838943763e-10,0.00012904689356219023,0.004161518532782793,0.0007696597604081035,0.00011147554323542863,0.004604886285960674,0.18672172725200653,0.5148037672042847,0.3504863977432251,-0.05087719112634659,-0.7032368183135986,3.9879982471466064,0.4412558078765869,1.318511962890625,1.2490105628967285,2.8102428913116455,3.2566847801208496,2.863931894302368,2.9564361572265625,1.7086271047592163,2.7520792484283447,5.798643112182617,3.4604239463806152
183,0.05539923906326294,0.0,0.0,0.0,0.18577058613300323,0.0,0.0,0.4346538782119751,0.0,0.0,0.0,0.0,0.1251269280910492,0.0,0.0,0.0,0.19878831505775452,0.0,0.0,0.0002610290830489248,0.21387693285942078,0.0,0.0,0.0,0.3615930378437042,0.0,0.0,0.2426079958677292,0.0,0.0,0.0,0.0,0.11072985082864761,0.0,0.0,0.0,0.03949715197086334,0.0,0.0,0.031695012003183365,0.13461539149284363,0.4501796364784241,0.1568814069032669,0.4221556782722473,0.3056396245956421,0.20705242455005646,0.12450829148292542,0.4167356491088867,0.0020318005699664354,0.00010007664968725294,3.8627913454547524e-06,0.0011576632969081402,0.0009906711056828499,1.8120877021132742e-09,1.820085887560552e-10,0.0001159828098025173,0.00399440573528409,0.0007398414891213179,0.00011858662765007466,0.004570308141410351,0.17698107659816742,0.32416749000549316,0.3680674731731415,-0.060496751219034195,-0.6929607391357422,3.932321310043335,0.5021876692771912,1.4464961290359497,1.1199920177459717,2.7409474849700928,3.4382030963897705,2.549708366394043,2.781867742538452,1.6009111404418945,2.352468967437744,6.243267059326172,4.104583740234375
184,0.244195356965065,0.0,0.0,0.0,0.3568916618824005,0.0,0.0,0.13023746013641357,0.0,0.0,0.0,0.0,0.19828927516937256,0.0,0.0,0.0,0.06837423145771027,0.0,0.0,0.0020119587425142527,0.20730476081371307,0.0,0.0,0.0,0.36147576570510864,0.0,0.0,0.24218140542507172,0.0,0.0,0.0,0.0,0.11811747401952744,0.0,0.0,0.0,0.03945763409137726,0.0,0.0,0.031462982296943665,0.1596153825521469,0.4627145826816559,0.16176779568195343,0.5443113446235657,0.3526836931705475,0.36439990997314453,0.11162959784269333,0.3001551032066345,0.0024715233594179153,0.00012310314923524857,4.281581823306624e-06,0.0015197349712252617,0.0010444670915603638,1.630878765368493e-09,1.6436749183945665e-10,0.00010558529174886644,0.004661782179027796,0.0008533350192010403,0.00016083396621979773,0.006112113129347563,0.1836990863084793,0.26866546273231506,0.4923185408115387,-0.056622687727212906,-0.6423200368881226,3.355011463165283,0.5807240605354309,1.5247397422790527,1.0924419164657593,2.517627239227295,3.0704739093780518,2.140242576599121,2.630960464477539,1.478599190711975,2.2324295043945312,6.7903733253479,4.710535049438477
185,0.43874138593673706,0.0,0.0,0.0,0.1452241688966751,0.0,0.0,0.1592167764902115,0.0,0.0,0.0,0.0,0.148735910654068,0.0,0.0,0.0,0.10765587538480759,0.0,0.0,0.00042591497185640037,0.20563869178295135,0.0,0.0,0.0,0.3553231656551361,0.0,0.0,0.25002390146255493,0.0,0.0,0.0,0.0,0.1166841983795166,0.0,0.0,0.0,0.040622908622026443,0.0,0.0,0.03170714154839516,0.14615385234355927,0.4552095830440521,0.163320854306221,0.43652692437171936,0.338556706905365,0.26132750511169434,0.10191749036312103,0.29038703441619873,0.0019978147465735674,0.0001118071741075255,4.628439455700573e-06,0.002413795329630375,0.000887976260855794,1.4677909998539462e-09,1.4804139858437537e-10,0.0001781560422386974,0.0037623769603669643,0.0007220084662549198,0.0001579025265527889,0.0065350341610610485,0.18343695998191833,0.2568098306655884,0.4465152621269226,-0.04636038839817047,-0.7025672197341919,3.424422025680542,0.5609967708587646,1.3772544860839844,1.1030025482177734,2.355018377304077,2.641364097595215,2.4909605979919434,2.4784996509552,1.4221611022949219,3.577958345413208,6.759883403778076,4.13217830657959
186,0.11672938615083694,0.0,0.0,0.0,0.2521643340587616,0.0,0.0,0.21691375970840454,0.0,0.0,0.0,0.0,0.3751235008239746,0.0,0.0,0.0,0.038772501051425934,0.0,0.0,0.0002965612802654505,0.20977835357189178,0.0,0.0,0.0,0.3568247854709625,0.0,0.0,0.24214623868465424,0.0,0.0,0.0,0.0,0.11992635577917099,0.0,0.0,0.0,0.04011271148920059,0.0,0.0,0.031211545690894127,0.19807691872119904,0.48854291439056396,0.16424719989299774,0.351896196603775,0.3358643352985382,0.44713541865348816,0.1437898874282837,0.4580881893634796,0.002159101888537407,0.00011152818478876725,4.329084731580224e-06,0.001382609480060637,0.0009711800375953317,1.3210118554596306e-09,1.337467914197532e-10,0.00013226513692643493,0.003991672769188881,0.000779131893068552,0.00011836891644634306,0.005592409521341324,0.1853136420249939,0.4141828417778015,0.46775689721107483,-0.04036672040820122,-0.7706576585769653,3.9083077907562256,0.47950127720832825,1.3500351905822754,1.2438410520553589,2.5355591773986816,2.6959140300750732,2.711639165878296,2.855083703994751,1.4171583652496338,3.8872063159942627,5.948627948760986,3.7991626262664795
187,0.0972575843334198,0.0,0.0,0.0,0.2795851528644562,0.0,0.0,0.3500092923641205,0.0,0.0,0.0,0.0,0.13137522339820862,0.0,0.0,0.0,0.14120176434516907,0.0,0.0,0.0005710131954401731,0.22284290194511414,0.0,0.0,0.0,0.3722096085548401,0.0,0.0,0.23303228616714478,0.0,0.0,0.0,0.0,0.10525748133659363,0.0,0.0,0.0,0.036372486501932144,0.0,0.0,0.03028522990643978,0.14423076808452606,0.46487027406692505,0.14551061391830444,0.3411177396774292,0.28186431527137756,0.2579188942909241,0.0585828572511673,0.3723183870315552,0.0019975262694060802,0.0001123200636357069,3.902949174516834e-06,0.0008228212827816606,0.0007757177809253335,1.1889105255846744e-09,1.2049222730681208e-10,9.809903713176027e-05,0.003890283638611436,0.0008225180208683014,9.32800758164376e-05,0.002926031593233347,0.16634036600589752,0.2731371521949768,0.408208966255188,-0.06445861607789993,-0.5775909423828125,4.4365105628967285,0.49906468391418457,1.2767215967178345,1.0810667276382446,2.6703596115112305,3.083108901977539,2.538372755050659,2.65289044380188,1.278339147567749,3.408777952194214,5.638335227966309,4.776663780212402
188,0.05238140746951103,0.0,0.0,0.0,0.36060643196105957,0.0,0.0,0.20050524175167084,0.0,0.0,0.0,0.0,0.2255285233259201,0.0,0.0,0.0,0.15806330740451813,0.0,0.0,0.0029150627087801695,0.22194525599479675,0.0,0.0,0.0,0.3750342130661011,0.0,0.0,0.23474249243736267,0.0,0.0,0.0,0.0,0.1029614508152008,0.0,0.0,0.0,0.03504651412367821,0.0,0.0,0.030270064249634743,0.16346153616905212,0.4670259654521942,0.14191260933876038,0.2902195453643799,0.32713380455970764,0.29668301343917847,0.07989051192998886,0.5126001238822937,0.0023231736849993467,0.00010208935418631881,4.395929863676429e-06,0.0008551160572096705,0.0009428051998838782,1.0700194064128254e-09,1.0857090226856769e-10,0.00010087029659189284,0.004568407777696848,0.0007664720760658383,0.00011867214925587177,0.003436535131186247,0.1625545173883438,0.3864947557449341,0.4373011589050293,-0.0644126832485199,-0.6274919509887695,3.967510938644409,0.5421539545059204,1.2266364097595215,0.9175297021865845,2.442490339279175,2.9765470027923584,2.522768020629883,2.4202303886413574,1.398128628730774,3.0120608806610107,5.992009162902832,4.790435314178467
189,0.37698832154273987,0.0,0.0,0.0,0.18983040750026703,0.0,0.0,0.18448713421821594,0.0,0.0,0.0,0.0,0.21499799191951752,0.0,0.0,0.0,0.02591514028608799,0.0,0.0,0.007781020365655422,0.21222297847270966,0.0,0.0,0.0,0.3683754801750183,0.0,0.0,0.24180857837200165,0.0,0.0,0.0,0.0,0.11087322980165482,0.0,0.0,0.0,0.03643414005637169,0.0,0.0,0.030285608023405075,0.1903846114873886,0.4819560945034027,0.15033458173274994,0.28862273693084717,0.5195612907409668,0.42314544320106506,0.1516401469707489,0.21801376342773438,0.0029183905571699142,0.000134590663947165,5.102454451844096e-06,0.0012030784273520112,0.0012327535077929497,9.630175545893849e-10,9.775281972768113e-11,0.00012422451982274652,0.005684578325599432,0.0009711823659017682,0.00014761308557353914,0.0041035539470613,0.17126056551933289,0.24868524074554443,0.39896684885025024,-0.04287547618150711,-0.6686475872993469,3.550571918487549,0.5149475336074829,1.165327787399292,1.1575212478637695,2.679980754852295,2.814383029937744,2.8356916904449463,2.558181047439575,1.5505006313323975,3.0387165546417236,6.265966892242432,4.317291736602783
190,0.09806961566209793,0.0,0.0,0.0,0.386915922164917,0.0,0.0,0.21591822803020477,0.0,0.0,0.0,0.0,0.2674243748188019,0.0,0.0,0.0,0.025850895792245865,0.0,0.0,0.005821011494845152,0.2141994684934616,0.0,0.0,0.0,0.36803191900253296,0.0,0.0,0.24241285026073456,0.0,0.0,0.0,0.0,0.11032787710428238,0.0,0.0,0.0,0.034688934683799744,0.0,0.0,0.030338959768414497,0.20769231021404266,0.4760878384113312,0.1480674147605896,0.28502991795539856,0.55478435754776,0.4191579520702362,0.1571265161037445,0.2953827679157257,0.002784651704132557,0.00013637753727380186,5.6168560149671976e-06,0.0007156308856792748,0.0011607774067670107,8.667156436992229e-10,8.808308249452779e-11,9.703144314698875e-05,0.005641202442348003,0.0009566773078404367,0.0001528313005110249,0.0031547893304377794,0.16879233717918396,0.2990851402282715,0.428067147731781,-0.04039796441793442,-0.6400562524795532,3.4652974605560303,0.5027035474777222,1.0821880102157593,1.1698380708694458,2.4030022621154785,2.7837038040161133,2.7353785037994385,3.06959867477417,1.535891056060791,3.1916470527648926,6.107207775115967,3.9481558799743652
191,0.38054701685905457,0.0,0.0,0.0,0.17730969190597534,0.0,0.0,0.2527709901332855,0.0,0.0,0.0,0.0,0.16764327883720398,0.0,0.0,0.0,0.01733267679810524,0.0,0.0,0.004396415781229734,0.22615894675254822,0.0,0.0,0.0,0.3772728145122528,0.0,0.0,0.23515479266643524,0.0,0.0,0.0,0.0,0.10039088129997253,0.0,0.0,0.0,0.03189108520746231,0.0,0.0,0.029131487011909485,0.1288461536169052,0.4511377215385437,0.13506117463111877,0.2786427140235901,0.3504847586154938,0.3636186718940735,0.07845313847064972,0.15816380083560944,0.0022721397690474987,0.00010278535773977637,5.056237569078803e-06,0.0006807572208344936,0.0009704532567411661,7.80044140391567e-10,7.940570423414783e-11,0.00010017133899964392,0.004192983731627464,0.0006960270693525672,0.0001281301665585488,0.0032670500222593546,0.15508954226970673,0.18936632573604584,0.43324172496795654,-0.06741774827241898,-0.716963529586792,3.9176299571990967,0.5273183584213257,1.0119553804397583,1.0504401922225952,2.4034619331359863,2.623138666152954,2.360419988632202,2.901566982269287,1.408818244934082,3.3373594284057617,5.724687099456787,4.719669342041016
192,0.07580175250768661,0.0,0.0,0.0,0.3339805603027344,0.0,0.0,0.2350342720746994,0.0,0.0,0.0,0.0,0.2009248435497284,0.0,0.0,0.0,0.15410171449184418,0.0,0.0,0.00015686469851061702,0.22762854397296906,0.0,0.0,0.0,0.377329558134079,0.0,0.0,0.23425918817520142,0.0,0.0,0.0,0.0,0.100552998483181,0.0,0.0,0.0,0.03206219896674156,0.0,0.0,0.028167514130473137,0.10576923191547394,0.452534943819046,0.13312110304832458,0.35109779238700867,0.24913287162780762,0.2654993236064911,0.07414411753416061,0.49094054102897644,0.0016890557017177343,0.00011638252181001008,4.925303073832765e-06,0.0012199357151985168,0.0007673383806832135,7.020396486367986e-10,7.155281922521795e-11,0.00013001059414818883,0.0036814522463828325,0.0007193776546046138,0.00011203678150195628,0.003790298942476511,0.1541825234889984,0.3551717698574066,0.4015103578567505,-0.07114333659410477,-0.6957293748855591,4.03120756149292,0.520457923412323,1.1633710861206055,1.104297161102295,2.2537801265716553,2.5907299518585205,2.1698906421661377,2.5396804809570312,1.340726613998413,3.325385093688965,5.396897792816162,4.782569885253906
193,0.05308353900909424,0.0,0.0,0.0,0.22983138263225555,0.0,0.0,0.2852535545825958,0.0,0.0,0.0,0.0,0.1958359181880951,0.0,0.0,0.0,0.23587223887443542,0.0,0.0,0.0001233328366652131,0.22665581107139587,0.0,0.0,0.0,0.37532997131347656,0.0,0.0,0.2323983758687973,0.0,0.0,0.0,0.0,0.10534914582967758,0.0,0.0,0.0,0.0322859026491642,0.0,0.0,0.02798079140484333,0.1288461536169052,0.45085829496383667,0.13796254992485046,0.340718537569046,0.28562405705451965,0.27231135964393616,0.08862544596195221,0.5646750926971436,0.0017669853987172246,0.00012279987276997417,5.366204277379438e-06,0.0008370984578505158,0.0007133538601920009,6.31835694875349e-10,6.443942601741526e-11,0.00011613329115789384,0.003249292727559805,0.0007737212581560016,0.00011731469567166641,0.003429291071370244,0.15849031507968903,0.43182024359703064,0.3930746614933014,-0.060348108410835266,-0.6569346189498901,3.8589110374450684,0.48530372977256775,1.5032562017440796,1.0958060026168823,2.197934150695801,2.7596275806427,2.23877215385437,2.255452871322632,1.3233444690704346,3.155787706375122,5.200488567352295,4.4987616539001465
194,0.20300628244876862,0.0,0.0,0.0,0.31429293751716614,0.0,0.0,0.13661059737205505,0.0,0.0,0.0,0.0,0.1533326506614685,0.0,0.0,0.0,0.19128550589084625,0.0,0.0,0.0014719986356794834,0.22463098168373108,0.0,0.0,0.0,0.3768633306026459,0.0,0.0,0.2349347621202469,0.0,0.0,0.0,0.0,0.1048329696059227,0.0,0.0,0.0,0.030989110469818115,0.0,0.0,0.0277488324791193,0.125,0.44499000906944275,0.13592760264873505,0.3373253345489502,0.2998538911342621,0.2662193179130554,0.09884937852621078,0.42337170243263245,0.0016137035563588142,0.00010604271665215492,5.299611530062975e-06,0.000779875845182687,0.0007511635776609182,5.686520698766628e-10,5.810874698086721e-11,0.00010254672088194638,0.0030269206035882235,0.000705920800101012,0.00011647936480585486,0.003530841553583741,0.1562146246433258,0.3460785448551178,0.37956303358078003,-0.05975768342614174,-0.6435279846191406,3.7790367603302,0.4862925708293915,1.4078058004379272,1.0706952810287476,2.182934045791626,2.506499767303467,2.579498291015625,2.1812424659729004,1.1912407875061035,2.8736464977264404,5.190346717834473,4.11578893661499
195,0.34005436301231384,0.0,0.0,0.0,0.13747566938400269,0.0,0.0,0.18694442510604858,0.0,0.0,0.0,0.0,0.31562650203704834,0.0,0.0,0.0,0.017401594668626785,0.0,0.0,0.0024974525440484285,0.21708542108535767,0.0,0.0,0.0,0.36843782663345337,0.0,0.0,0.24378807842731476,0.0,0.0,0.0,0.0,0.11162097752094269,0.0,0.0,0.0,0.031561676412820816,0.0,0.0,0.027506006881594658,0.14423076808452606,0.4547704756259918,0.1414257287979126,0.40079838037490845,0.389044851064682,0.3542096018791199,0.1664869636297226,0.37357619404792786,0.002040859078988433,0.00011282225023023784,5.764421530329855e-06,0.00123067875392735,0.0008429597946815193,5.117868906445722e-10,5.238006556274044e-11,0.00013266000314615667,0.0037072133272886276,0.000746891659218818,0.0001366481010336429,0.005083750002086163,0.16265195608139038,0.33551737666130066,0.433215856552124,-0.045668359845876694,-0.6581978797912598,3.5020246505737305,0.459957480430603,1.332119345664978,1.1171289682388306,2.291989803314209,2.386610269546509,2.7683236598968506,2.6785309314727783,1.3379158973693848,2.673527240753174,5.2314300537109375,3.766627073287964
196,0.3561024069786072,0.0,0.0,0.0,0.15814238786697388,0.0,0.0,0.20905953645706177,0.0,0.0,0.0,0.0,0.25616759061813354,0.0,0.0,0.0,0.017812728881835938,0.0,0.0,0.002715308452025056,0.21992217004299164,0.0,0.0,0.0,0.3698447048664093,0.0,0.0,0.24215252697467804,0.0,0.0,0.0,0.0,0.1100001186132431,0.0,0.0,0.0,0.030821407213807106,0.0,0.0,0.027259085327386856,0.15000000596046448,0.4489421248435974,0.13948315382003784,0.3393213450908661,0.338813841342926,0.31584662199020386,0.1579575538635254,0.29841580986976624,0.0020375349558889866,0.00011118831025669351,5.927673555561341e-06,0.0010556085035204887,0.0008942594286054373,4.606081904778847e-10,4.718934271119579e-11,0.00013530363503377885,0.0036141942255198956,0.0007081857183948159,0.0001337974244961515,0.004118108190596104,0.15980097651481628,0.2766883969306946,0.4408004879951477,-0.048799075186252594,-0.6570078134536743,3.4884796142578125,0.46667054295539856,1.2674086093902588,1.0781580209732056,2.193817138671875,2.3774771690368652,2.5849621295928955,2.824828624725342,1.1847811937332153,2.385859489440918,4.992729663848877,3.7185251712799072
197,0.37101420760154724,0.0,0.0,0.0,0.18913064897060394,0.0,0.0,0.15800029039382935,0.0,0.0,0.0,0.0,0.2605312168598175,0.0,0.0,0.0,0.018420329317450523,0.0,0.0,0.0029032756574451923,0.22761227190494537,0.0,0.0,0.0,0.3755185306072235,0.0,0.0,0.23763085901737213,0.0,0.0,0.0,0.0,0.1035221591591835,0.0,0.0,0.0,0.02890617400407791,0.0,0.0,0.026809999719262123,0.1269230842590332,0.4449101686477661,0.1296529322862625,0.3924151659011841,0.3444966673851013,0.2900359034538269,0.10762053728103638,0.32975348830223083,0.001921829767525196,0.0001032380823744461,6.017629857524298e-06,0.000787083525210619,0.0008558583213016391,4.1454734089896306e-10,4.2549637424560416e-11,0.00010971354640787467,0.0035629693884402514,0.0006584016955457628,0.00012072209210600704,0.003070146543905139,0.1510230153799057,0.2818475365638733,0.3843865394592285,-0.06766760349273682,-0.6682433485984802,3.6335818767547607,0.4795239567756653,1.0909725427627563,1.1220574378967285,1.9640231132507324,2.5282225608825684,2.326643466949463,2.8666915893554688,1.1432946920394897,2.1433725357055664,4.788828372955322,3.749413013458252
198,0.11464496701955795,0.0,0.0,0.0,0.4211368262767792,0.0,0.0,0.29887446761131287,0.0,0.0,0.0,0.0,0.14283230900764465,0.0,0.0,0.0,0.022326085716485977,0.0,0.0,0.00018535011622589082,0.24132384359836578,0.0,0.0,0.0,0.38303041458129883,0.0,0.0,0.22788332402706146,0.0,0.0,0.0,0.0,0.09448330849409103,0.0,0.0,0.0,0.02676091156899929,0.0,0.0,0.026518188416957855,0.12115384638309479,0.44522953033447266,0.11888889223337173,0.28682634234428406,0.2779093384742737,0.22068263590335846,0.06165458634495735,0.16958007216453552,0.0017376840114593506,0.00010551154264248908,5.55929455003934e-06,0.0009344393038190901,0.0008054524660110474,3.730926123601819e-10,3.832073547371806e-11,0.00011922082921955734,0.0032837935723364353,0.0006738827796652913,0.00010478831973159686,0.003039342351257801,0.13980700075626373,0.16533617675304413,0.3151881694793701,-0.08547195792198181,-0.6789480447769165,3.9775960445404053,0.486965149641037,1.119161605834961,1.02852463722229,1.8622021675109863,2.732607126235962,2.182206869125366,2.6364495754241943,1.1276624202728271,2.4700043201446533,4.637736797332764,4.098538398742676
199,0.06654513627290726,0.0,0.0,0.0,0.35783568024635315,0.0,0.0,0.1848176121711731,0.0,0.0,0.0,0.0,0.09454253315925598,0.0,0.0,0.0,0.29623034596443176,0.0,0.0,2.8698434107354842e-05,0.2398250252008438,0.0,0.0,0.0,0.38203510642051697,0.0,0.0,0.22762314975261688,0.0,0.0,0.0,0.0,0.09587004035711288,0.0,0.0,0.0,0.028397291898727417,0.0,0.0,0.026249369606375694,0.1230769231915474,0.4419960081577301,0.12030711770057678,0.3846307396888733,0.31077638268470764,0.20127485692501068,0.0872182697057724,0.563890814781189,0.001721743494272232,0.0001079377907444723,5.621904165309388e-06,0.0007564545376226306,0.0007490413263440132,3.3578334557304856e-10,3.466955195152721e-11,0.00010917341569438577,0.0033285953104496002,0.0006807915633544326,0.00010932986333500594,0.002615399193018675,0.14207571744918823,0.3907879590988159,0.38436365127563477,-0.08284007757902145,-0.7020238041877747,3.8094189167022705,0.48062217235565186,1.0770293474197388,0.9525235295295715,1.841342806816101,2.68172550201416,1.9004278182983398,2.4576427936553955,1.3048183917999268,2.507148504257202,4.401137351989746,4.06893253326416
200,0.060988899320364,0.0,0.0,0.0,0.40023961663246155,0.0,0.0,0.17647196352481842,0.0,0.0,0.0,0.0,0.14810051023960114,0.0,0.0,0.0,0.21413163840770721,0.0,0.0,6.74302427796647e-05,0.23526787757873535,0.0,0.0,0.0,0.38017550110816956,0.0,0.0,0.23189948499202728,0.0,0.0,0.0,0.0,0.09830939769744873,0.0,0.0,0.0,0.02851186878979206,0.0,0.0,0.025835877284407616,0.12115384638309479,0.44367265701293945,0.12169288843870163,0.40678641200065613,0.33622488379478455,0.21583914756774902,0.10771888494491577,0.48674991726875305,0.00152678566519171,9.787314047571272e-05,5.743824203818804e-06,0.0009038558346219361,0.0007417370798066258,3.022050387713193e-10,3.124742478655129e-11,0.00011335776798659936,0.002988520311191678,0.0005926198791712523,0.00010674555960576981,0.0032611119095236063,0.1437157839536667,0.3622884154319763,0.4079987108707428,-0.07491806894540787,-0.757325291633606,3.8018016815185547,0.4528833329677582,0.9953614473342896,0.9316299557685852,2.1532504558563232,2.263627529144287,1.8869551420211792,2.2567391395568848,1.3022994995117188,2.704545736312866,4.194964408874512,3.616584300994873
201,0.0579775795340538,0.0,0.0,0.0,0.38480326533317566,0.0,0.0,0.10435120761394501,0.0,0.0,0.0,0.0,0.43740004301071167,0.0,0.0,0.0,0.015425647608935833,0.0,0.0,4.22787998104468e-05,0.23415105044841766,0.0,0.0,0.0,0.3764784038066864,0.0,0.0,0.23436599969863892,0.0,0.0,0.0,0.0,0.10142238438129425,0.0,0.0,0.0,0.02772870659828186,0.0,0.0,0.025853442028164864,0.11538461595773697,0.44095808267593384,0.12455930560827255,0.3483033776283264,0.2875007688999176,0.2456727772951126,0.14351069927215576,0.5418851375579834,0.0013161008246243,8.868318400345743e-05,6.0105749071226455e-06,0.0007020121556706727,0.0006030283402651548,2.719844904852664e-10,2.823488665093521e-11,9.992709965445101e-05,0.0028269689064472914,0.0005364912794902921,0.00011025985440937802,0.0032681887969374657,0.145534485578537,0.45285576581954956,0.4505283832550049,-0.06358637660741806,-0.8129969835281372,3.7338690757751465,0.44416993856430054,0.9010165929794312,0.9235823750495911,2.1041669845581055,2.099114418029785,2.9926395416259766,2.319549322128296,1.2665704488754272,2.7180418968200684,4.2505316734313965,3.1680943965911865
202,0.3898765444755554,0.0,0.0,0.0,0.0989212840795517,0.0,0.0,0.12094682455062866,0.0,0.0,0.0,0.0,0.3704923689365387,0.0,0.0,0.0,0.017686009407043457,0.0,0.0,0.002077020239084959,0.23159055411815643,0.0,0.0,0.0,0.3732834458351135,0.0,0.0,0.23738384246826172,0.0,0.0,0.0,0.0,0.10387541353702545,0.0,0.0,0.0,0.02796788699924946,0.0,0.0,0.025898853316903114,0.125,0.44011977314949036,0.12692135572433472,0.3469061851501465,0.34057390689849854,0.23977436125278473,0.14212603867053986,0.46565160155296326,0.0016396075952798128,0.0001024029916152358,6.3144707382889464e-06,0.001098880311474204,0.0007345108315348625,2.447860247833944e-10,2.543009899880211e-11,0.00013711044448427856,0.0032849041745066643,0.0006588397664017975,0.00011975540837738663,0.0030106406193226576,0.14767561852931976,0.39024633169174194,0.4061064124107361,-0.0641484186053276,-0.7777385115623474,3.564028024673462,0.4669830799102783,0.9217895269393921,0.8261875510215759,1.977583885192871,2.250783920288086,3.014819860458374,2.294405698776245,1.2848236560821533,2.4758825302124023,4.512167453765869,2.9634125232696533
203,0.4415366053581238,0.0,0.0,0.0,0.15658235549926758,0.0,0.0,0.13962571322917938,0.0,0.0,0.0,0.0,0.2033144235610962,0.0,0.0,0.0,0.05520419403910637,0.0,0.0,0.0037366903852671385,0.22676528990268707,0.0,0.0,0.0,0.36630895733833313,0.0,0.0,0.24109682440757751,0.0,0.0,0.0,0.0,0.11075884103775024,0.0,0.0,0.0,0.029117770493030548,0.0,0.0,0.025952309370040894,0.13846154510974884,0.4758882224559784,0.1313657909631729,0.4263472855091095,0.4486068785190582,0.35330384969711304,0.13147924840450287,0.25432735681533813,0.0024609172251075506,0.00012050439545419067,6.55095573165454e-06,0.0008932002820074558,0.0009947435464709997,2.203074112028247e-10,2.290538765603589e-11,0.00013083376688882709,0.004233797546476126,0.0007997141219675541,0.0001268228515982628,0.003112603211775422,0.15482278168201447,0.26224762201309204,0.4573207497596741,-0.06143968924880028,-0.6697088479995728,3.385451316833496,0.5002883076667786,0.8974745273590088,0.7403118014335632,1.818159580230713,2.253406047821045,2.630516290664673,2.182335615158081,1.1383689641952515,2.1203577518463135,4.435303688049316,3.3842005729675293
204,0.07848554104566574,0.0,0.0,0.0,0.3787451684474945,0.0,0.0,0.22454878687858582,0.0,0.0,0.0,0.0,0.26463761925697327,0.0,0.0,0.0,0.048166122287511826,0.0,0.0,0.005416722968220711,0.22765280306339264,0.0,0.0,0.0,0.3650173842906952,0.0,0.0,0.24178020656108856,0.0,0.0,0.0,0.0,0.11056987941265106,0.0,0.0,0.0,0.029116876423358917,0.0,0.0,0.025862842798233032,0.1557692289352417,0.47289422154426575,0.13094133138656616,0.41397204995155334,0.4739135801792145,0.374795526266098,0.14722023904323578,0.3397035598754883,0.0020385724492371082,0.00010546184057602659,6.159111762826797e-06,0.0009053897229023278,0.000877313083037734,1.982766867358876e-10,2.0629600458454966e-11,0.00014185404870659113,0.0037038824521005154,0.0007074919994920492,0.0001143873087130487,0.0029544816352427006,0.15413148701190948,0.3182101845741272,0.3757258951663971,-0.06652533262968063,-0.6446763277053833,3.479167938232422,0.46263477206230164,0.9440665245056152,0.8275076746940613,1.744114637374878,2.3078885078430176,2.3730156421661377,2.2019219398498535,1.1204984188079834,1.9582031965255737,3.8660330772399902,3.5164923667907715
205,0.11628616601228714,0.0,0.0,0.0,0.266994446516037,0.0,0.0,0.35607314109802246,0.0,0.0,0.0,0.0,0.19611990451812744,0.0,0.0,0.0,0.060401953756809235,0.0,0.0,0.0041244057938456535,0.22985003888607025,0.0,0.0,0.0,0.36539167165756226,0.0,0.0,0.2417294979095459,0.0,0.0,0.0,0.0,0.10864420980215073,0.0,0.0,0.0,0.028943968936800957,0.0,0.0,0.025440607219934464,0.13461539149284363,0.4631936252117157,0.1291285902261734,0.3698602616786957,0.34773218631744385,0.33045387268066406,0.1589902937412262,0.26182037591934204,0.0015707116108387709,9.293900075135753e-05,5.874613179912558e-06,0.0012703745160251856,0.0007645205478183925,1.7844901945007763e-10,1.858072723459614e-11,0.00016561710799578577,0.0030827834270894527,0.0005716346204280853,0.00010133563773706555,0.003547328058630228,0.15134546160697937,0.26063817739486694,0.2775585651397705,-0.06914810836315155,-0.6932716369628906,3.627439022064209,0.46737122535705566,0.8427420258522034,0.8960442543029785,1.5953162908554077,2.2902867794036865,2.1635968685150146,2.2742254734039307,1.1180851459503174,1.7960317134857178,3.545726776123047,3.671746015548706
206,0.04427651688456535,0.0,0.0,0.0,0.1513509303331375,0.0,0.0,0.25527262687683105,0.0,0.0,0.0,0.0,0.23416341841220856,0.0,0.0,0.0,0.31288203597068787,0.0,0.0,0.0020545613951981068,0.22312425076961517,0.0,0.0,0.0,0.36097249388694763,0.0,0.0,0.2410401701927185,0.0,0.0,0.0,0.0,0.116315558552742,0.0,0.0,0.0,0.03327777609229088,0.0,0.0,0.025269754230976105,0.21346153318881989,0.47936126589775085,0.13887391984462738,0.40479040145874023,0.48517921566963196,0.566603422164917,0.2768915593624115,0.610866367816925,0.0018174820579588413,0.0001105421397369355,5.705607691197656e-06,0.0016394848935306072,0.0008018941152840853,1.6060411334173352e-10,1.6739189895309536e-11,0.0001992273610085249,0.0032025121618062258,0.0006007185438647866,9.457837586523965e-05,0.00398075208067894,0.1618400365114212,0.549091637134552,0.3632017970085144,-0.041804175823926926,-0.667711615562439,3.674870729446411,0.4367820918560028,0.8164122104644775,1.0177475214004517,1.6779426336288452,2.453822374343872,2.031890869140625,2.451045513153076,1.0613645315170288,1.8279377222061157,2.997129201889038,3.69370174407959
207,0.08210690319538116,0.0,0.0,0.0,0.21447154879570007,0.0,0.0,0.11931702494621277,0.0,0.0,0.0,0.0,0.20877505838871002,0.0,0.0,0.0,0.37435370683670044,0.0,0.0,0.0009757234947755933,0.23164629936218262,0.0,0.0,0.0,0.36324483156204224,0.0,0.0,0.23502790927886963,0.0,0.0,0.0,0.0,0.11307638138532639,0.0,0.0,0.0,0.0323980487883091,0.0,0.0,0.024606527760624886,0.2826923131942749,0.49053892493247986,0.1334681659936905,0.35109779238700867,0.5746889114379883,0.6810646057128906,0.2720910310745239,0.603358805179596,0.0020603921730071306,0.00010868852405110374,5.732968475058442e-06,0.0011875407071784139,0.0009152023703791201,1.4454368257865724e-10,1.5142191320260956e-11,0.00016645377036184072,0.0036648493260145187,0.0005896047805435956,9.807822061702609e-05,0.003566464176401496,0.15692679584026337,0.5840933918952942,0.3727233111858368,-0.03751971945166588,-0.6494520306587219,3.642277479171753,0.44214192032814026,1.0332368612289429,1.0414562225341797,1.6847920417785645,2.432246685028076,1.8079636096954346,2.526521682739258,1.01500403881073,1.8660573959350586,2.7930405139923096,3.971451997756958
208,0.032569486647844315,0.0,0.0,0.0,0.10050392150878906,0.0,0.0,0.38291874527931213,0.0,0.0,0.0,0.0,0.17183291912078857,0.0,0.0,0.0,0.31140559911727905,0.0,0.0,0.0007693866500630975,0.233219176530838,0.0,0.0,0.0,0.36642172932624817,0.0,0.0,0.23457083106040955,0.0,0.0,0.0,0.0,0.10992954671382904,0.0,0.0,0.0,0.03172329440712929,0.0,0.0,0.024135427549481392,0.3134615421295166,0.4844311475753784,0.12850438058376312,0.39520958065986633,0.6275671720504761,0.6546401977539062,0.20802953839302063,0.4783444106578827,0.0020897260401397943,0.00010077720799017698,5.952837909717346e-06,0.0006873580859974027,0.0009087592479772866,1.3008931432079152e-10,1.3650083667549051e-11,0.00011489585449453443,0.0036355641204863787,0.0005765517125837505,0.00010072185250464827,0.003234040690585971,0.15250998735427856,0.4839974641799927,0.47528451681137085,-0.03954349458217621,-0.6141642332077026,3.557678699493408,0.4750731885433197,1.0478591918945312,0.9776994585990906,1.7092984914779663,2.2884609699249268,1.6946204900741577,2.3641891479492188,0.967930018901825,1.9649481773376465,2.6326708793640137,4.2671122550964355
209,0.042111895978450775,0.0,0.0,0.0,0.08760730177164078,0.0,0.0,0.5074850916862488,0.0,0.0,0.0,0.0,0.16003039479255676,0.0,0.0,0.0,0.2021486759185791,0.0,0.0,0.000616517208982259,0.226725772023201,0.0,0.0,0.0,0.36560454964637756,0.0,0.0,0.2436773180961609,0.0,0.0,0.0,0.0,0.109001025557518,0.0,0.0,0.0,0.03068990260362625,0.0,0.0,0.024301443248987198,0.2750000059604645,0.4783632755279541,0.12629713118076324,0.4209580719470978,0.5174416303634644,0.437073290348053,0.1810668706893921,0.38216260075569153,0.0017459809314459562,0.0001006316306302324,6.323740308289416e-06,0.0011129716876894236,0.00078148627653718,1.170803870520487e-10,1.2386281236786978e-11,0.00014854338951408863,0.0031570480205118656,0.000673383183311671,0.00011852183524752036,0.0036070558708161116,0.15035957098007202,0.36278748512268066,0.3891405761241913,-0.0404638797044754,-0.6136064529418945,3.3032264709472656,0.5005872249603271,0.9928744435310364,0.8769502639770508,1.806209921836853,2.3111586570739746,1.6588102579116821,2.0619513988494873,0.9315983057022095,1.8235692977905273,3.131356954574585,4.200011253356934
210,0.05621275305747986,0.0,0.0,0.0,0.11046113818883896,0.0,0.0,0.508380115032196,0.0,0.0,0.0,0.0,0.1410151720046997,0.0,0.0,0.0,0.18385496735572815,0.0,0.0,7.578721852041781e-05,0.23399528861045837,0.0,0.0,0.0,0.3721260726451874,0.0,0.0,0.24090005457401276,0.0,0.0,0.0,0.0,0.10180716961622238,0.0,0.0,0.0,0.027527663856744766,0.0,0.0,0.023643733933568,0.1884615421295166,0.4595608711242676,0.11693134158849716,0.3636726438999176,0.38539135456085205,0.2917078733444214,0.15057478845119476,0.3690297305583954,0.001558150164783001,9.883979510050267e-05,6.111422862886684e-06,0.0010665444424375892,0.0006995652802288532,1.0537233585683481e-10,1.118472155170469e-11,0.0001603532291483134,0.002707988955080509,0.000627049885224551,0.00011346129758749157,0.0031233576592057943,0.13979540765285492,0.32493826746940613,0.3473370671272278,-0.055050842463970184,-0.6450929641723633,3.4002685546875,0.4956147074699402,0.9687539935112,0.8079319596290588,1.822277307510376,2.160797357559204,1.8310350179672241,1.865265130996704,0.8970064520835876,1.806902289390564,3.2627015113830566,3.9560306072235107
211,0.08759701997041702,0.0,0.0,0.0,0.26097720861434937,0.0,0.0,0.4331967830657959,0.0,0.0,0.0,0.0,0.07328163087368011,0.0,0.0,0.0,0.14382468163967133,0.0,0.0,0.001122665824368596,0.24711874127388,0.0,0.0,0.0,0.38286012411117554,0.0,0.0,0.22993049025535583,0.0,0.0,0.0,0.0,0.09169616550207138,0.0,0.0,0.0,0.025229813531041145,0.0,0.0,0.023164676502346992,0.16346153616905212,0.45433133840560913,0.1048739105463028,0.3087824285030365,0.34057843685150146,0.36686429381370544,0.10331002622842789,0.19853544235229492,0.001412983052432537,8.248015365097672e-05,5.362785486795474e-06,0.0011303387582302094,0.0006950689130462706,9.483510504670889e-11,1.0069091394004914e-11,0.00015145140059757978,0.002586380112916231,0.0005174584221094847,8.550348138669506e-05,0.002812173217535019,0.12762132287025452,0.2182212769985199,0.22665981948375702,-0.06934738904237747,-0.610352635383606,3.811811685562134,0.4704732298851013,0.9133502244949341,0.7975724935531616,1.7653263807296753,1.9749675989151,2.0465352535247803,1.9750537872314453,0.8257805109024048,1.6524474620819092,3.035277843475342,3.611135244369507
212,0.09253541380167007,0.0,0.0,0.0,0.19010362029075623,0.0,0.0,0.15576700866222382,0.0,0.0,0.0,0.0,0.10086651146411896,0.0,0.0,0.0,0.45953014492988586,0.0,0.0,0.0011973243672400713,0.252962201833725,0.0,0.0,0.0,0.3788555860519409,0.0,0.0,0.2211490124464035,0.0,0.0,0.0,0.0,0.09683222323656082,0.0,0.0,0.0,0.027045052498579025,0.0,0.0,0.023155920207500458,0.22884614765644073,0.4750499129295349,0.1100199818611145,0.291217565536499,0.4454704523086548,0.665072500705719,0.2134849578142166,0.6042135953903198,0.0019412769470363855,8.446492574876174e-05,5.203377895668382e-06,0.0006545494543388486,0.0009356531081721187,8.535159384814861e-11,9.071673967575578e-12,0.00011737192835425958,0.0030753659084439278,0.0004883917281404138,7.444305811077356e-05,0.00190339598339051,0.13348102569580078,0.5615836977958679,0.3335881531238556,-0.060460347682237625,-0.6273089647293091,3.998891592025757,0.4316772222518921,0.8643495440483093,0.8177515268325806,1.674529790878296,1.9780279397964478,2.53174090385437,2.328833818435669,0.885484516620636,1.6671432256698608,2.7537736892700195,3.2692782878875732
213,0.14584848284721375,0.0,0.0,0.0,0.15931929647922516,0.0,0.0,0.12488270550966263,0.0,0.0,0.0,0.0,0.12254931032657623,0.0,0.0,0.0,0.4458843767642975,0.0,0.0,0.0015158428577706218,0.24719120562076569,0.0,0.0,0.0,0.37056756019592285,0.0,0.0,0.22626475989818573,0.0,0.0,0.0,0.0,0.10383728891611099,0.0,0.0,0.0,0.029107265174388885,0.0,0.0,0.023031925782561302,0.1884615421295166,0.47493013739585876,0.11786767095327377,0.32335329055786133,0.4453465938568115,0.6127151846885681,0.283743679523468,0.6488418579101562,0.0015066477935761213,8.396551129408181e-05,5.650130333378911e-06,0.0006755358772352338,0.0007614238420501351,7.681642821832924e-11,8.175688424871819e-12,0.00012213701847940683,0.002645406173542142,0.0005031012697145343,8.050987526075915e-05,0.002270741853863001,0.14108982682228088,0.569939374923706,0.35125482082366943,-0.05666324868798256,-0.617660641670227,3.7777280807495117,0.4025494158267975,0.8368569016456604,0.8000207543373108,1.565311074256897,2.014634609222412,2.4216244220733643,2.251950979232788,1.0482178926467896,1.7168887853622437,2.741928815841675,2.989361047744751
214,0.13380326330661774,0.0,0.0,0.0,0.2580089867115021,0.0,0.0,0.2257407009601593,0.0,0.0,0.0,0.0,0.21814584732055664,0.0,0.0,0.0,0.16100814938545227,0.0,0.0,0.003293075133115053,0.25033846497535706,0.0,0.0,0.0,0.3771975338459015,0.0,0.0,0.22867578268051147,0.0,0.0,0.0,0.0,0.09587595611810684,0.0,0.0,0.0,0.025873741135001183,0.0,0.0,0.022038497030735016,0.14230769872665405,0.45125749707221985,0.10685643553733826,0.336926132440567,0.27494025230407715,0.26869791746139526,0.173354834318161,0.580653190612793,0.0012418715050444007,7.78311223257333e-05,5.387290002545342e-06,0.0005481151747517288,0.0006057602004148066,6.913478123315997e-11,7.363822225603389e-12,0.00010586573625914752,0.0022164410911500454,0.0004638894461095333,7.578075747005641e-05,0.0017725941725075245,0.12958616018295288,0.3824373185634613,0.32108062505722046,-0.07433956116437912,-0.6496425867080688,3.860750436782837,0.45852184295654297,0.720475971698761,0.7490250468254089,1.429569125175476,2.0117673873901367,2.356095314025879,2.1274263858795166,1.054245114326477,1.6326103210449219,3.288970470428467,2.9993438720703125
215,0.08406431972980499,0.0,0.0,0.0,0.5135409235954285,0.0,0.0,0.1534736454486847,0.0,0.0,0.0,0.0,0.11106990277767181,0.0,0.0,0.0,0.13511255383491516,0.0,0.0,0.00273868627846241,0.24103716015815735,0.0,0.0,0.0,0.3713359534740448,0.0,0.0,0.23519796133041382,0.0,0.0,0.0,0.0,0.1028175950050354,0.0,0.0,0.0,0.027705896645784378,0.0,0.0,0.021905425935983658,0.1903846114873886,0.4811975955963135,0.11187266558408737,0.41197603940963745,0.3505719006061554,0.327071875333786,0.15310315787792206,0.23543140292167664,0.0024387207813560963,0.00013623887207359076,6.567549462488387e-06,0.0008677330915816128,0.0011093789944425225,6.222130449762275e-11,6.632989296706526e-12,0.0001426835369784385,0.004616880789399147,0.000902884523384273,0.00011580946738831699,0.00360517087392509,0.13691659271717072,0.24890924990177155,0.5018846988677979,-0.05497082695364952,-0.7029589414596558,3.2113583087921143,0.5645209550857544,0.6599439382553101,0.8315302729606628,1.4232186079025269,1.99627685546875,2.2436368465423584,1.8226869106292725,1.2765947580337524,1.6203866004943848,4.659409046173096,2.7837486267089844
216,0.03431214392185211,0.0,0.0,0.0,0.08910735696554184,0.0,0.0,0.4702552258968353,0.0,0.0,0.0,0.0,0.23022976517677307,0.0,0.0,0.0,0.1718980371952057,0.0,0.0,0.004197474103420973,0.21972030401229858,0.0,0.0,0.0,0.34873634576797485,0.0,0.0,0.2487270087003708,0.0,0.0,0.0,0.0,0.12617188692092896,0.0,0.0,0.0,0.034321654587984085,0.0,0.0,0.022322816774249077,0.20769231021404266,0.5229141712188721,0.13658428192138672,0.5197604894638062,0.4448525309562683,0.39961671829223633,0.3026416003704071,0.42753708362579346,0.003223452717065811,0.00018758793885353953,7.368564183707349e-06,0.000821754103526473,0.0015605534426867962,5.599917404786048e-11,5.997972517962635e-12,0.00013622650294564664,0.005634007044136524,0.001201633713208139,0.00015067157801240683,0.00378884794190526,0.16357289254665375,0.4063158631324768,0.5099912881851196,-0.006919715087860823,-0.7146166563034058,2.828742027282715,0.6186664700508118,0.7406661510467529,0.9071295261383057,1.4838883876800537,1.8216816186904907,2.2339839935302734,1.7913997173309326,1.44121253490448,1.609686017036438,5.337800025939941,2.3722615242004395
217,0.018436996266245842,0.0,0.0,0.0,0.07443500310182571,0.0,0.0,0.3087935447692871,0.0,0.0,0.0,0.0,0.3732094466686249,0.0,0.0,0.0,0.21289204061031342,0.0,0.0,0.012233039364218712,0.21043875813484192,0.0,0.0,0.0,0.3362943232059479,0.0,0.0,0.25619423389434814,0.0,0.0,0.0,0.0,0.13608968257904053,0.0,0.0,0.0,0.03873400017619133,0.0,0.0,0.0222490094602108,0.20384615659713745,0.5384430885314941,0.14867167174816132,0.5109780430793762,0.4317206144332886,0.4945323169231415,0.3698008358478546,0.6865831017494202,0.0035567451268434525,0.00019784773758146912,7.310824912565295e-06,0.0007824396016076207,0.001769952243193984,5.0399254214461564e-11,5.404501065425782e-12,0.0001401039189659059,0.006384389474987984,0.001273122732527554,0.00015697561320848763,0.0033735635224729776,0.17559850215911865,0.5983253121376038,0.5686567425727844,0.018416356295347214,-0.7297288775444031,2.693300724029541,0.6341875791549683,0.7862704992294312,0.8613491058349609,1.5318975448608398,1.757728099822998,1.9787687063217163,1.654491662979126,1.2900015115737915,1.6520344018936157,5.316333293914795,2.435560941696167
218,0.03549034893512726,0.0,0.0,0.0,0.11553598195314407,0.0,0.0,0.3389895558357239,0.0,0.0,0.0,0.0,0.3666810095310211,0.0,0.0,0.0,0.13933469355106354,0.0,0.0,0.003968487493693829,0.2236766666173935,0.0,0.0,0.0,0.3499951660633087,0.0,0.0,0.25210604071617126,0.0,0.0,0.0,0.0,0.12050707638263702,0.0,0.0,0.0,0.03206739202141762,0.0,0.0,0.021647648885846138,0.13846154510974884,0.5039920210838318,0.12785018980503082,0.5415169596672058,0.2995678782463074,0.33637160062789917,0.27586379647254944,0.6359803676605225,0.0030762325040996075,0.00018205103697255254,6.788979590055533e-06,0.00047286745393648744,0.0013770771911367774,4.535932740523663e-11,4.866252366342305e-12,9.81648190645501e-05,0.00565236946567893,0.001132159261032939,0.0001417712919646874,0.003109655575826764,0.1545281708240509,0.5099732875823975,0.45056426525115967,-0.018343796953558922,-0.8007210493087769,2.789217710494995,0.6077236533164978,0.8780151605606079,0.7771652936935425,1.4811005592346191,1.629116415977478,1.7835211753845215,1.7091971635818481,1.1485474109649658,1.626952886581421,4.89241361618042,2.6591684818267822
219,0.22448593378067017,0.0,0.0,0.0,0.38254424929618835,0.0,0.0,0.20264117419719696,0.0,0.0,0.0,0.0,0.13815049827098846,0.0,0.0,0.0,0.049670375883579254,0.0,0.0,0.002507667290046811,0.25841325521469116,0.0,0.0,0.0,0.3806304931640625,0.0,0.0,0.2284618467092514,0.0,0.0,0.0,0.0,0.08844870328903198,0.0,0.0,0.0,0.022923946380615234,0.0,0.0,0.021121764555573463,0.0923076942563057,0.4509381353855133,0.09219226241111755,0.4325349032878876,0.14705760776996613,0.18087275326251984,0.10975467413663864,0.23175059258937836,0.0015358534874394536,0.00010168026346946135,5.761834927398013e-06,0.000474009953904897,0.0007426688098348677,4.0823396746381135e-11,4.387564964125623e-12,9.020165452966467e-05,0.003063762793317437,0.000613052980042994,9.24715495784767e-05,0.0017488272860646248,0.11699452996253967,0.19032040238380432,0.17408215999603271,-0.07829654216766357,-0.8293019533157349,3.4521982669830322,0.5562722682952881,0.7618465423583984,0.6943280100822449,1.442367434501648,1.6120346784591675,1.6464096307754517,2.079751968383789,1.034069299697876,1.597617506980896,4.175539970397949,2.8201546669006348
220,0.10064219683408737,0.0,0.0,0.0,0.24482201039791107,0.0,0.0,0.3199177086353302,0.0,0.0,0.0,0.0,0.22226493060588837,0.0,0.0,0.0,0.10918592661619186,0.0,0.0,0.0031672720797359943,0.2641028165817261,0.0,0.0,0.0,0.37895551323890686,0.0,0.0,0.22227413952350616,0.0,0.0,0.0,0.0,0.08920637518167496,0.0,0.0,0.0,0.023867035284638405,0.0,0.0,0.021594109013676643,0.14230769872665405,0.4658682644367218,0.09294382482767105,0.40818363428115845,0.24426980316638947,0.3111793100833893,0.1348920464515686,0.4766656756401062,0.0013270347844809294,9.586324449628592e-05,5.465128197101876e-06,0.0006002099253237247,0.0006560552283190191,3.674105811257711e-11,3.955377258363368e-12,0.00010726255277404562,0.002512779552489519,0.0005581494187936187,7.59636823204346e-05,0.0018135129939764738,0.11833766847848892,0.33460867404937744,0.29687443375587463,-0.06540980935096741,-0.7921532392501831,3.6177618503570557,0.49201294779777527,0.7359615564346313,0.8059632182121277,1.4620482921600342,1.522769570350647,1.7558224201202393,2.3341641426086426,1.0335493087768555,1.5609612464904785,3.6347405910491943,2.7495322227478027
221,0.12006398290395737,0.0,0.0,0.0,0.24271591007709503,0.0,0.0,0.16800075769424438,0.0,0.0,0.0,0.0,0.28301432728767395,0.0,0.0,0.0,0.1838807761669159,0.0,0.0,0.0023242447059601545,0.26395541429519653,0.0,0.0,0.0,0.37784329056739807,0.0,0.0,0.22222782671451569,0.0,0.0,0.0,0.0,0.09021828323602676,0.0,0.0,0.0,0.02424800395965576,0.0,0.0,0.021507201716303825,0.1596153825521469,0.4720558822154999,0.09237702935934067,0.4676646590232849,0.29641732573509216,0.39914530515670776,0.14229153096675873,0.7145037651062012,0.0013111503794789314,9.937740105669945e-05,5.297160896589048e-06,0.00056681246496737,0.0006529387319460511,3.306694848492775e-11,3.5637181140107943e-12,0.00011321598140057176,0.002551725832745433,0.0005254588322713971,7.144994015106931e-05,0.001582765020430088,0.11888281255960464,0.46920809149742126,0.2979665696620941,-0.06104927137494087,-0.7468857765197754,3.6336493492126465,0.46956899762153625,0.792026698589325,0.7838669419288635,1.4113370180130005,1.4694527387619019,1.839489459991455,2.165342330932617,0.9336013197898865,1.611175298690796,3.3967363834381104,2.649594306945801
222,0.10201701521873474,0.0,0.0,0.0,0.20517635345458984,0.0,0.0,0.25191929936408997,0.0,0.0,0.0,0.0,0.30017560720443726,0.0,0.0,0.0,0.1392054557800293,0.0,0.0,0.0015062707243487239,0.26456013321876526,0.0,0.0,0.0,0.3791981339454651,0.0,0.0,0.2229921519756317,0.0,0.0,0.0,0.0,0.08843831717967987,0.0,0.0,0.0,0.023479174822568893,0.0,0.0,0.021332096308469772,0.16346153616905212,0.4620758593082428,0.0896429494023323,0.47844308614730835,0.23037336766719818,0.24111086130142212,0.1227089911699295,0.6256345510482788,0.001483718166127801,9.452554513700306e-05,5.508133654075209e-06,0.0008751359418965876,0.0007601980469189584,2.976025328949028e-11,3.2105585551223115e-12,0.00013254392251837999,0.0027034226804971695,0.0005161826848052442,7.95306550571695e-05,0.0026773852296173573,0.11589264869689941,0.4408772885799408,0.3058120906352997,-0.06744777411222458,-0.7262402176856995,3.485960006713867,0.4842292368412018,0.7868837118148804,0.7828910946846008,1.2871814966201782,1.589198112487793,1.796643614768982,1.9180110692977905,0.9457961320877075,1.5914939641952515,3.5796334743499756,2.4203646183013916
223,0.0867943987250328,0.0,0.0,0.0,0.25239261984825134,0.0,0.0,0.3176814019680023,0.0,0.0,0.0,0.0,0.10857478529214859,0.0,0.0,0.0,0.23265491425991058,0.0,0.0,0.0019019361352548003,0.2603084444999695,0.0,0.0,0.0,0.37271133065223694,0.0,0.0,0.22707027196884155,0.0,0.0,0.0,0.0,0.09376072883605957,0.0,0.0,0.0,0.024925947189331055,0.0,0.0,0.0212232768535614,0.13846154510974884,0.4727345407009125,0.09430711716413498,0.49121755361557007,0.16410744190216064,0.3640945851802826,0.14645954966545105,0.38882976770401,0.0016957628540694714,0.00012557770241983235,6.374733857228421e-06,0.0011595466639846563,0.0008329091942869127,2.6784224144149604e-11,2.890800229402024e-12,0.00016073379083536565,0.003348060417920351,0.0007386828656308353,0.0001022863871185109,0.003425855655223131,0.12096363306045532,0.34312108159065247,0.22879764437675476,-0.05654514208436012,-0.7196068167686462,3.0694973468780518,0.5673855543136597,1.04091477394104,0.731590211391449,1.2553129196166992,1.5932109355926514,1.8158507347106934,1.53085458278656,0.9637747406959534,1.3875672817230225,4.258095741271973,2.326897621154785
224,0.058986496180295944,0.0,0.0,0.0,0.12175381928682327,0.0,0.0,0.21543657779693604,0.0,0.0,0.0,0.0,0.4363057315349579,0.0,0.0,0.0,0.16597765684127808,0.0,0.0,0.0015396953094750643,0.25190678238868713,0.0,0.0,0.0,0.3642509877681732,0.0,0.0,0.23676057159900665,0.0,0.0,0.0,0.0,0.09927345812320709,0.0,0.0,0.0,0.026848608627915382,0.0,0.0,0.02095961943268776,0.11346153914928436,0.4852295517921448,0.09781773388385773,0.6201596856117249,0.21585839986801147,0.28618234395980835,0.18947945535182953,0.8174427151679993,0.0024046003818511963,0.0001613315544091165,6.718511940562166e-06,0.001259747426956892,0.0010153136681765318,2.4105802423624034e-11,2.604148233859016e-12,0.00016649701865389943,0.004410760942846537,0.0010478151962161064,0.00012040854198858142,0.003610052168369293,0.12641969323158264,0.6038106679916382,0.3685673475265503,-0.04764078930020332,-0.6862121820449829,2.8463428020477295,0.6285727024078369,1.111574649810791,0.6760133504867554,1.3477709293365479,1.5797319412231445,1.8348894119262695,1.4198694229125977,0.9925577640533447,1.380220890045166,4.762125492095947,2.2477543354034424
225,0.04657193273305893,0.0,0.0,0.0,0.10756660252809525,0.0,0.0,0.15961779654026031,0.0,0.0,0.0,0.0,0.5647238492965698,0.0,0.0,0.0,0.11924179643392563,0.0,0.0,0.002278047613799572,0.24342504143714905,0.0,0.0,0.0,0.3559267818927765,0.0,0.0,0.24128159880638123,0.0,0.0,0.0,0.0,0.10777205228805542,0.0,0.0,0.0,0.030157484114170074,0.0,0.0,0.02143705077469349,0.1576923131942749,0.5039520859718323,0.1070387065410614,0.6163672208786011,0.39596664905548096,0.3394783139228821,0.2532418966293335,0.9428213238716125,0.0028770684730261564,0.00017415147158317268,6.919258339621592e-06,0.001208645524457097,0.0011761921923607588,2.1695220273065807e-11,2.3465404966338532e-12,0.00015357753727585077,0.005377997178584337,0.0011829816503450274,0.00013105814286973327,0.0036977012641727924,0.13608379662036896,0.6862326264381409,0.43024545907974243,-0.032106589525938034,-0.6686017513275146,2.6717190742492676,0.6544327139854431,1.0599812269210815,0.678891658782959,1.3289767503738403,1.3748691082000732,1.7644778490066528,1.5915405750274658,1.054425597190857,1.2583125829696655,4.880370616912842,2.2566983699798584
226,0.042752619832754135,0.0,0.0,0.0,0.11349569261074066,0.0,0.0,0.19491812586784363,0.0,0.0,0.0,0.0,0.5592837333679199,0.0,0.0,0.0,0.08706801384687424,0.0,0.0,0.002481873380020261,0.24302253127098083,0.0,0.0,0.0,0.35424065589904785,0.0,0.0,0.2435259073972702,0.0,0.0,0.0,0.0,0.10852615535259247,0.0,0.0,0.0,0.029482893645763397,0.0,0.0,0.021201858296990395,0.1846153885126114,0.4969261586666107,0.10640449821949005,0.606387197971344,0.3980847895145416,0.34640151262283325,0.24790775775909424,0.9034338593482971,0.0031055263243615627,0.00017638558347243816,6.881547960801981e-06,0.0010067815892398357,0.001262944657355547,1.9525700500899745e-11,2.1127054099234766e-12,0.00014354581071529537,0.005615214817225933,0.0011621102457866073,0.00013098314229864627,0.003278428688645363,0.13500279188156128,0.6488209962844849,0.4164552092552185,-0.03059379942715168,-0.7147164344787598,2.6206936836242676,0.6394367218017578,0.9694920182228088,0.6180710792541504,1.3946107625961304,1.3697315454483032,1.673782229423523,1.8172420263290405,1.0200669765472412,1.1891708374023438,4.668216705322266,2.1939034461975098
227,0.08783533424139023,0.0,0.0,0.0,0.4389714002609253,0.0,0.0,0.2886351943016052,0.0,0.0,0.0,0.0,0.15029536187648773,0.0,0.0,0.0,0.03343096002936363,0.0,0.0,0.0008317473693750799,0.26580819487571716,0.0,0.0,0.0,0.3732118308544159,0.0,0.0,0.22861634194850922,0.0,0.0,0.0,0.0,0.08836651593446732,0.0,0.0,0.0,0.02309325523674488,0.0,0.0,0.020903876051306725,0.1288461536169052,0.45345309376716614,0.08440699428319931,0.5532934069633484,0.29007285833358765,0.19587117433547974,0.13931678235530853,0.18308386206626892,0.002540118061006069,0.00014520116383209825,6.344762368826196e-06,0.0004460946947801858,0.0010749753564596176,1.7573128716086295e-11,1.9019176424744932e-12,8.79133804119192e-05,0.004832856357097626,0.0009516222635284066,0.00011142672883579507,0.0024616634473204613,0.11135520786046982,0.18454872071743011,0.3094416856765747,-0.061608921736478806,-0.7037801742553711,2.823974132537842,0.6279435157775879,0.8168783783912659,0.5856632590293884,1.2924894094467163,1.3862940073013306,1.5672385692596436,1.819581389427185,1.0746761560440063,1.0506020784378052,4.337647914886475,2.287745952606201
228,0.31938275694847107,0.0,0.0,0.0,0.37556010484695435,0.0,0.0,0.14854565262794495,0.0,0.0,0.0,0.0,0.13233262300491333,0.0,0.0,0.0,0.023586243391036987,0.0,0.0,0.0005925970617681742,0.28056806325912476,0.0,0.0,0.0,0.38201630115509033,0.0,0.0,0.21882446110248566,0.0,0.0,0.0,0.0,0.0774742066860199,0.0,0.0,0.0,0.020423652604222298,0.0,0.0,0.020693335682153702,0.07115384936332703,0.41800400614738464,0.07378777116537094,0.5179640650749207,0.1325690597295761,0.12973105907440186,0.09394825249910355,0.19051587581634521,0.0019126756815239787,0.00010519812349230051,5.812142717331881e-06,0.0004793218395207077,0.0008339069318026304,1.5815817405728794e-11,1.7122319187490298e-12,9.34116542339325e-05,0.0036967559717595577,0.0006786889280192554,9.006380423670635e-05,0.0014952759956941009,0.09894915670156479,0.15650346875190735,0.24670761823654175,-0.08382323384284973,-0.7029480934143066,3.0366830825805664,0.5906369090080261,0.7419840693473816,0.5815213918685913,1.1917457580566406,1.2517143487930298,1.431480050086975,1.8862866163253784,1.0586144924163818,1.140147089958191,3.8898913860321045,2.215327501296997
229,0.12291111797094345,0.0,0.0,0.0,0.4187343418598175,0.0,0.0,0.29391252994537354,0.0,0.0,0.0,0.0,0.09494847804307938,0.0,0.0,0.0,0.06901311874389648,0.0,0.0,0.0004805246426258236,0.2889670729637146,0.0,0.0,0.0,0.3876042664051056,0.0,0.0,0.21163196861743927,0.0,0.0,0.0,0.0,0.07069924473762512,0.0,0.0,0.0,0.02024708315730095,0.0,0.0,0.020850343629717827,0.05961538478732109,0.4076646864414215,0.06834457069635391,0.4449101686477661,0.11728579550981522,0.15076392889022827,0.08295845985412598,0.2019447386264801,0.0013132377061992884,7.539440412074327e-05,5.496039193531033e-06,0.000645396183244884,0.0005660058814100921,1.4234233583487743e-11,1.5419557991558364e-12,0.00010547324200160801,0.0026880514342337847,0.00047437072498723865,7.689792983001098e-05,0.0018847037572413683,0.09242832660675049,0.16443400084972382,0.18919137120246887,-0.09042946994304657,-0.6742744445800781,3.1863207817077637,0.5395045876502991,0.6325889825820923,0.6122868061065674,1.0370138883590698,1.3420060873031616,1.2698125839233398,1.9518749713897705,1.13057541847229,1.2787853479385376,3.4485156536102295,2.1085262298583984
230,0.12582553923130035,0.0,0.0,0.0,0.21088963747024536,0.0,0.0,0.21304085850715637,0.0,0.0,0.0,0.0,0.2611548900604248,0.0,0.0,0.0,0.1885504275560379,0.0,0.0,0.000538587337359786,0.2873767614364624,0.0,0.0,0.0,0.38388529419898987,0.0,0.0,0.21043753623962402,0.0,0.0,0.0,0.0,0.07501431554555893,0.0,0.0,0.0,0.022347524762153625,0.0,0.0,0.020938578993082047,0.0615384615957737,0.4216766357421875,0.07183770835399628,0.4718562662601471,0.15012957155704498,0.1743066906929016,0.115563303232193,0.6536315679550171,0.0009095699642784894,6.453660171246156e-05,5.32954709342448e-06,0.0007159996312111616,0.00039176997961476445,1.2810809704721926e-11,1.3880344356537178e-12,0.00010697686957428232,0.0018658323679119349,0.00036349057336337864,6.946903158677742e-05,0.002129234606400132,0.09680338203907013,0.45023325085639954,0.2757652997970581,-0.08171164244413376,-0.6964149475097656,3.1876649856567383,0.5033027529716492,0.670745313167572,0.673405647277832,0.9556834101676941,1.2901419401168823,1.288588047027588,1.9191869497299194,1.0678622722625732,1.4380627870559692,3.239283800125122,1.9367583990097046
231,0.1068507507443428,0.0,0.0,0.0,0.315517783164978,0.0,0.0,0.14089082181453705,0.0,0.0,0.0,0.0,0.20948080718517303,0.0,0.0,0.0,0.2271663248538971,0.0,0.0,9.357415547128767e-05,0.2874325215816498,0.0,0.0,0.0,0.380740225315094,0.0,0.0,0.20977972447872162,0.0,0.0,0.0,0.0,0.07852951437234879,0.0,0.0,0.0,0.022685859352350235,0.0,0.0,0.020832139998674393,0.07500000298023224,0.42962077260017395,0.07349563390016556,0.4714570641517639,0.21586072444915771,0.18038727343082428,0.14441734552383423,0.5959652662277222,0.0008929971372708678,6.135743024060503e-05,5.0943144742632285e-06,0.0005115842795930803,0.00039160531014204025,1.1529728560777386e-11,1.2502033913328048e-12,8.759072807151824e-05,0.0016439493047073483,0.0003253868198953569,6.505033525172621e-05,0.0016583704855293036,0.09881693124771118,0.4367291331291199,0.3413112461566925,-0.07446561753749847,-0.7268239855766296,3.177673101425171,0.4620293080806732,0.6976245045661926,0.6597115993499756,0.9911155700683594,1.2817528247833252,1.2617130279541016,1.76775062084198,1.0757399797439575,1.4650120735168457,2.9768409729003906,1.9205396175384521
232,0.09562855958938599,0.0,0.0,0.0,0.20059219002723694,0.0,0.0,0.13780775666236877,0.0,0.0,0.0,0.0,0.19175367057323456,0.0,0.0,0.0,0.3741439878940582,0.0,0.0,7.38529342925176e-05,0.28850072622299194,0.0,0.0,0.0,0.38016727566719055,0.0,0.0,0.20707090198993683,0.0,0.0,0.0,0.0,0.08035717159509659,0.0,0.0,0.0,0.02345079556107521,0.0,0.0,0.020453128963708878,0.07884615659713745,0.4287824332714081,0.07374782115221024,0.5077844262123108,0.23810327053070068,0.19577905535697937,0.17876239120960236,0.7388407588005066,0.0009850254282355309,5.784614404547028e-05,5.038933522882871e-06,0.0003987058298662305,0.00045801891246810555,1.0376755010810257e-11,1.1261108148405419e-12,8.359323692275211e-05,0.0017333230935037136,0.00029509206069633365,6.507390935439616e-05,0.001693118829280138,0.09942934662103653,0.5659624934196472,0.2968628704547882,-0.06662589311599731,-0.7263392210006714,3.1325573921203613,0.43577712774276733,0.719802975654602,0.6607586741447449,0.934666633605957,1.3810676336288452,1.3930745124816895,1.6439623832702637,1.1959354877471924,1.3617100715637207,2.8981876373291016,1.7125098705291748
233,0.07918977737426758,0.0,0.0,0.0,0.16607575118541718,0.0,0.0,0.1594863086938858,0.0,0.0,0.0,0.0,0.21609626710414886,0.0,0.0,0.0,0.3786437213420868,0.0,0.0,0.00050824333447963,0.2930620312690735,0.0,0.0,0.0,0.3793681561946869,0.0,0.0,0.20669423043727875,0.0,0.0,0.0,0.0,0.07697367668151855,0.0,0.0,0.0,0.02350146323442459,0.0,0.0,0.020400432869791985,0.0923076942563057,0.402075856924057,0.0717628002166748,0.45928141474723816,0.19079598784446716,0.10779314488172531,0.15550850331783295,0.8101312518119812,0.0011257315054535866,5.759115083492361e-05,5.229653652349953e-06,0.00043403016752563417,0.00048450892791152,9.339079856673926e-12,1.0173629516954663e-12,9.693309402791783e-05,0.0019605292472988367,0.0003292175242677331,7.067413389449939e-05,0.0014318962348625064,0.09548576176166534,0.595237135887146,0.27781054377555847,-0.06862818449735641,-0.6630351543426514,2.988762617111206,0.4262731969356537,0.7374716401100159,0.7895842790603638,1.0154486894607544,1.4460896253585815,1.3627126216888428,1.507352352142334,1.0929449796676636,1.1862918138504028,2.8929245471954346,1.6990505456924438
234,0.25597065687179565,0.0,0.0,0.0,0.29206976294517517,0.0,0.0,0.11418894678354263,0.0,0.0,0.0,0.0,0.083446204662323,0.0,0.0,0.0,0.2542285919189453,0.0,0.0,9.582788334228098e-05,0.2812727987766266,0.0,0.0,0.0,0.372394859790802,0.0,0.0,0.21571610867977142,0.0,0.0,0.0,0.0,0.08526954054832458,0.0,0.0,0.0,0.025392724201083183,0.0,0.0,0.019953977316617966,0.10000000149011612,0.3945309519767761,0.07857678085565567,0.49341315031051636,0.1696089804172516,0.12454146146774292,0.1899377852678299,0.43974703550338745,0.0013266690075397491,8.536892710253596e-05,5.890538886887953e-06,0.0005971529171802104,0.0005533371586352587,8.405171524061839e-12,9.15799987927235e-13,0.00010390073293820024,0.002773267449811101,0.0005143749294802547,8.866273856256157e-05,0.002292680088430643,0.10178389400243759,0.3377591669559479,0.238003671169281,-0.05702612176537514,-0.6064048409461975,2.6450209617614746,0.435146689414978,0.7728941440582275,0.8808983564376831,1.1010209321975708,1.3389761447906494,1.2938419580459595,1.4283150434494019,1.0897034406661987,1.0851279497146606,2.971907377243042,1.7936211824417114
235,0.32286331057548523,0.0,0.0,0.0,0.24173295497894287,0.0,0.0,0.15172995626926422,0.0,0.0,0.0,0.0,0.10891023278236389,0.0,0.0,0.0,0.1746407002210617,0.0,0.0,0.0001228000473929569,0.2804456055164337,0.0,0.0,0.0,0.37076497077941895,0.0,0.0,0.21893346309661865,0.0,0.0,0.0,0.0,0.08578404039144516,0.0,0.0,0.0,0.024425987154245377,0.0,0.0,0.019645938649773598,0.09807692468166351,0.3858283460140228,0.07735830545425415,0.4548901915550232,0.17774756252765656,0.13865327835083008,0.1926930695772171,0.35806021094322205,0.0014629934448748827,9.344000136479735e-05,6.065195975679671e-06,0.0009227682603523135,0.0006262381211854517,7.564654631864176e-12,8.24529572222843e-13,0.00014320993795990944,0.002994523150846362,0.0005647977814078331,9.316456998931244e-05,0.0027849809266626835,0.09969611465930939,0.28366416692733765,0.27302154898643494,-0.05667489022016525,-0.6655278205871582,2.520951747894287,0.39837655425071716,0.8964565396308899,0.8483795523643494,1.2738052606582642,1.232120156288147,1.2798126935958862,1.39005708694458,1.0844072103500366,1.1526033878326416,2.8287224769592285,1.887832522392273
236,0.24784225225448608,0.0,0.0,0.0,0.3561099171638489,0.0,0.0,0.19309024512767792,0.0,0.0,0.0,0.0,0.10242108255624771,0.0,0.0,0.0,0.1003991961479187,0.0,0.0,0.00013724279415328056,0.29304689168930054,0.0,0.0,0.0,0.3794490694999695,0.0,0.0,0.20991890132427216,0.0,0.0,0.0,0.0,0.07526014000177383,0.0,0.0,0.0,0.022986777126789093,0.0,0.0,0.019338229671120644,0.06730769574642181,0.3684231638908386,0.06696879118680954,0.44590815901756287,0.08565006405115128,0.09672814607620239,0.14163443446159363,0.26303282380104065,0.0012723692925646901,7.817786536179483e-05,5.563508238992654e-06,0.0009845169261097908,0.0005107825854793191,6.808188561524542e-12,7.423695989536294e-13,0.00014351932622957975,0.0024254601448774338,0.00046535037108696997,8.164394239429384e-05,0.002847811672836542,0.0888906940817833,0.20294828712940216,0.24692854285240173,-0.07121390104293823,-0.7130907773971558,2.687312364578247,0.37338361144065857,0.9472740888595581,0.7909180521965027,1.2528812885284424,1.1331243515014648,1.3968130350112915,1.6423673629760742,1.0443572998046875,1.1034345626831055,2.6264309883117676,1.860819935798645
237,0.12687371671199799,0.0,0.0,0.0,0.2465277910232544,0.0,0.0,0.2755786180496216,0.0,0.0,0.0,0.0,0.29761844873428345,0.0,0.0,0.0,0.053287822753190994,0.0,0.0,0.00011354994057910517,0.30039680004119873,0.0,0.0,0.0,0.3855341672897339,0.0,0.0,0.20380502939224243,0.0,0.0,0.0,0.0,0.06959348171949387,0.0,0.0,0.0,0.021860651671886444,0.0,0.0,0.018809892237186432,0.07692307978868484,0.3627544939517975,0.05882147699594498,0.5315369367599487,0.10256393998861313,0.09228167682886124,0.09767530113458633,0.5075497627258301,0.0011444722767919302,6.675960321445018e-05,5.414563020167407e-06,0.0007223590509966016,0.00048299587797373533,6.127369445163566e-12,6.681948831049889e-13,0.0001273296948056668,0.0021603978238999844,0.00037796032847836614,7.533688767580315e-05,0.0023788968101143837,0.08199870586395264,0.35101035237312317,0.22145745158195496,-0.07766479253768921,-0.7073168754577637,2.8230154514312744,0.3854648172855377,0.934111475944519,0.7484204173088074,1.2600148916244507,1.179234504699707,1.34305739402771,1.9781330823898315,0.9406749606132507,1.1116509437561035,2.5616347789764404,1.8096781969070435
238,0.13256916403770447,0.0,0.0,0.0,0.31723034381866455,0.0,0.0,0.3284856081008911,0.0,0.0,0.0,0.0,0.1393023133277893,0.0,0.0,0.0,0.08232689648866653,0.0,0.0,8.564160816604272e-05,0.3045591711997986,0.0,0.0,0.0,0.3893047273159027,0.0,0.0,0.1999574899673462,0.0,0.0,0.0,0.0,0.06636164337396622,0.0,0.0,0.0,0.021680569276213646,0.0,0.0,0.018136417493224144,0.07884615659713745,0.3552095890045166,0.05466417223215103,0.5253492593765259,0.11268384754657745,0.07727882266044617,0.08913455903530121,0.30706435441970825,0.0011401200899854302,6.059970473870635e-05,5.2262857934692875e-06,0.000880628707818687,0.0004414775175973773,5.5146330210642525e-12,6.014180039398687e-13,0.00013533234596252441,0.0020639928989112377,0.0003412192454561591,7.035221642581746e-05,0.0023404282983392477,0.07762828469276428,0.22170612215995789,0.18046332895755768,-0.08201655745506287,-0.715398907661438,2.8991470336914062,0.3736565113067627,0.8284784555435181,0.7861555218696594,1.1496378183364868,1.278008222579956,1.250058650970459,1.9995298385620117,1.009225845336914,1.2089238166809082,2.479187250137329,1.7581210136413574
239,0.2033722996711731,0.0,0.0,0.0,0.3438282907009125,0.0,0.0,0.21891357004642487,0.0,0.0,0.0,0.0,0.0777525082230568,0.0,0.0,0.0,0.15594013035297394,0.0,0.0,0.00019319014973007143,0.3018166720867157,0.0,0.0,0.0,0.38567525148391724,0.0,0.0,0.20071814954280853,0.0,0.0,0.0,0.0,0.07110381871461868,0.0,0.0,0.0,0.023036088794469833,0.0,0.0,0.017650021240115166,0.06538461893796921,0.3445109724998474,0.05930337309837341,0.44011974334716797,0.08615755289793015,0.07244283705949783,0.12282885611057281,0.3228593170642853,0.0012350474717095494,6.160356861073524e-05,5.219609192863572e-06,0.0008594384416937828,0.0005082914140075445,4.9631696322216534e-12,5.413004029383717e-13,0.00012405202141962945,0.0021638788748532534,0.00034197935019619763,7.01815661159344e-05,0.002257514977827668,0.0803099200129509,0.23387674987316132,0.22761224210262299,-0.08148904889822006,-0.7205914258956909,2.816629648208618,0.3714303970336914,0.726905107498169,0.6819208860397339,1.2301048040390015,1.3570612668991089,1.1730035543441772,1.8841980695724487,0.9999406933784485,1.2769380807876587,2.3863797187805176,1.6813459396362305
240,0.1845347136259079,0.0,0.0,0.0,0.38437002897262573,0.0,0.0,0.10422231256961823,0.0,0.0,0.0,0.0,0.06548289954662323,0.0,0.0,0.0,0.2612353265285492,0.0,0.0,0.0001547114079585299,0.29876622557640076,0.0,0.0,0.0,0.3882366716861725,0.0,0.0,0.20093141496181488,0.0,0.0,0.0,0.0,0.07242956757545471,0.0,0.0,0.0,0.022920582443475723,0.0,0.0,0.016715526580810547,0.05961538478732109,0.3376447260379791,0.05782022699713707,0.48942112922668457,0.07218863815069199,0.07512110471725464,0.13912375271320343,0.4760045111179352,0.0012542688054963946,6.263458635658026e-05,5.070077804703033e-06,0.00042953292722813785,0.0005943637224845588,4.466852235318619e-12,4.872097733935044e-13,8.489568426739424e-05,0.002267410745844245,0.0003401429275982082,6.577429303433746e-05,0.0012856144458055496,0.07909901440143585,0.32686007022857666,0.24634519219398499,-0.08017978072166443,-0.7497044205665588,2.7812752723693848,0.36332449316978455,0.6204599738121033,0.6793233752250671,1.1057296991348267,1.4607694149017334,1.198073148727417,1.647810697555542,0.9795372486114502,1.2997885942459106,2.2756168842315674,1.6026995182037354
241,0.2177364081144333,0.0,0.0,0.0,0.2917324900627136,0.0,0.0,0.14163203537464142,0.0,0.0,0.0,0.0,0.07226913422346115,0.0,0.0,0.0,0.27643024921417236,0.0,0.0,0.00019965086539741606,0.2909645140171051,0.0,0.0,0.0,0.38537833094596863,0.0,0.0,0.2074728012084961,0.0,0.0,0.0,0.0,0.0752800777554512,0.0,0.0,0.0,0.024725275114178658,0.0,0.0,0.016179010272026062,0.06923077255487442,0.33572855591773987,0.05965293571352959,0.4758482873439789,0.15686285495758057,0.09166800230741501,0.14093028008937836,0.47949784994125366,0.0011935544898733497,6.18636840954423e-05,4.99178895552177e-06,0.0004720591241493821,0.000572273216675967,4.020167011786757e-12,4.3853771525617646e-13,8.48790950840339e-05,0.0023123035207390785,0.00034637891803868115,6.592596037080511e-05,0.0020146341994404793,0.08054421842098236,0.3488880395889282,0.2697693407535553,-0.07538104057312012,-0.7096737623214722,2.751962661743164,0.36050909757614136,0.6168275475502014,0.6801010966300964,1.0810184478759766,1.4061311483383179,1.2055200338363647,1.511122703552246,1.0138684511184692,1.3414201736450195,2.2787909507751465,1.6527096033096313
242,0.11032868176698685,0.0,0.0,0.0,0.2989676296710968,0.0,0.0,0.22906291484832764,0.0,0.0,0.0,0.0,0.11140606552362442,0.0,0.0,0.0,0.2501305937767029,0.0,0.0,0.00010417338489787653,0.2957859933376312,0.0,0.0,0.0,0.3889157772064209,0.0,0.0,0.20540371537208557,0.0,0.0,0.0,0.0,0.07152450829744339,0.0,0.0,0.0,0.022999515756964684,0.0,0.0,0.015370507724583149,0.05576923117041588,0.3192814290523529,0.05535580590367317,0.4073852300643921,0.11535247415304184,0.11028669029474258,0.12170206010341644,0.5245024561882019,0.001068805460818112,5.726358722313307e-05,4.771985913976096e-06,0.000398608623072505,0.0005288682878017426,3.6181502672399946e-12,3.9469884066840877e-13,7.337068382184952e-05,0.00200018472969532,0.0003166578826494515,6.245909025892615e-05,0.001544780912809074,0.07478426396846771,0.36163008213043213,0.27267324924468994,-0.07932846248149872,-0.6826271414756775,2.845292806625366,0.3752216398715973,0.6048770546913147,0.6104634404182434,1.1228498220443726,1.3042328357696533,1.2292940616607666,1.3928265571594238,1.0209236145019531,1.3375153541564941,2.293745756149292,1.7451319694519043
243,0.12384732067584991,0.0,0.0,0.0,0.258698970079422,0.0,0.0,0.30901670455932617,0.0,0.0,0.0,0.0,0.08808210492134094,0.0,0.0,0.0,0.22016581892967224,0.0,0.0,0.0001891520369099453,0.288671612739563,0.0,0.0,0.0,0.3881663978099823,0.0,0.0,0.2095414251089096,0.0,0.0,0.0,0.0,0.07491082698106766,0.0,0.0,0.0,0.023799775168299675,0.0,0.0,0.01490999199450016,0.05384615436196327,0.3074251413345337,0.05739825591444969,0.40479040145874023,0.10564164817333221,0.09471165388822556,0.12212227284908295,0.44518473744392395,0.0011693139094859362,6.59765355521813e-05,5.104695446789265e-06,0.0006266089621931314,0.0004848900134675205,3.2563353055681254e-12,3.552427720477508e-13,0.00010337950516259298,0.0020394509192556143,0.0003813682124018669,7.291509245987982e-05,0.0018409343902021646,0.07596038281917572,0.30842670798301697,0.22659379243850708,-0.08119889348745346,-0.6831892132759094,2.6136646270751953,0.3902224004268646,0.6775050163269043,0.5574773550033569,1.5142937898635864,1.0963674783706665,1.172829508781433,1.2334542274475098,0.9541979432106018,1.282120704650879,2.3523950576782227,1.6613426208496094
244,0.20250532031059265,0.0,0.0,0.0,0.3095387816429138,0.0,0.0,0.304109662771225,0.0,0.0,0.0,0.0,0.17110814154148102,0.0,0.0,0.0,0.012571223080158234,0.0,0.0,0.0001668570766923949,0.27726975083351135,0.0,0.0,0.0,0.385688453912735,0.0,0.0,0.21752239763736725,0.0,0.0,0.0,0.0,0.08150734752416611,0.0,0.0,0.0,0.024019688367843628,0.0,0.0,0.01399235986173153,0.05961538478732109,0.29109781980514526,0.06063421070575714,0.44790416955947876,0.07887498289346695,0.12307180464267731,0.12650422751903534,0.21801701188087463,0.0011208455543965101,6.80007942719385e-05,5.475566467794124e-06,0.0006810567574575543,0.0004857222083956003,2.930701688275139e-12,3.197252575540266e-13,0.00010281445429427549,0.0018990625394508243,0.00038539350498467684,8.03973525762558e-05,0.002215045504271984,0.07852603495121002,0.18383881449699402,0.23931121826171875,-0.0770065188407898,-0.6900610327720642,2.4483280181884766,0.3906531035900116,0.6359720230102539,0.4798850417137146,1.6723958253860474,1.0637091398239136,1.1983217000961304,1.3751646280288696,0.9025216102600098,1.278997540473938,2.197295904159546,1.616989254951477
245,0.1015755757689476,0.0,0.0,0.0,0.3546081483364105,0.0,0.0,0.4404860734939575,0.0,0.0,0.0,0.0,0.07534407824277878,0.0,0.0,0.0,0.027923816815018654,0.0,0.0,6.232150917639956e-05,0.2851678431034088,0.0,0.0,0.0,0.394944965839386,0.0,0.0,0.21011008322238922,0.0,0.0,0.0,0.0,0.07410331070423126,0.0,0.0,0.0,0.02278142236173153,0.0,0.0,0.012892368249595165,0.06730769574642181,0.270698606967926,0.05498876795172691,0.3502993881702423,0.061963874846696854,0.09909148514270782,0.10053488612174988,0.10778281092643738,0.0011338860495015979,6.91613822709769e-05,5.103468538436573e-06,0.0006953951669856906,0.0005280893528833985,2.6376309990305824e-12,2.8775527967372927e-13,0.00010686978930607438,0.0019183997064828873,0.0003844382590614259,7.388544327113777e-05,0.0019033722346648574,0.07097058743238449,0.10332602262496948,0.23635126650333405,-0.08721573650836945,-0.6565067172050476,2.573167085647583,0.40049275755882263,0.6396943926811218,0.5228719711303711,1.6164135932922363,1.0866905450820923,1.1390354633331299,1.3906806707382202,0.8446421027183533,1.2450873851776123,2.299769878387451,1.5136550664901733
246,0.1207224503159523,0.0,0.0,0.0,0.27222946286201477,0.0,0.0,0.4903841018676758,0.0,0.0,0.0,0.0,0.036999478936195374,0.0,0.0,0.0,0.07960117608308792,0.0,0.0,6.337033119052649e-05,0.29133209586143494,0.0,0.0,0.0,0.4072659909725189,0.0,0.0,0.2002193182706833,0.0,0.0,0.0,0.0,0.06782908737659454,0.0,0.0,0.0,0.021797263994812965,0.0,0.0,0.011556229554116726,0.05576923117041588,0.2440718561410904,0.05000749230384827,0.3197604715824127,0.06296811997890472,0.053412698209285736,0.0912543535232544,0.15698574483394623,0.001093925442546606,6.289980956353247e-05,4.604080913850339e-06,0.00036456703674048185,0.0005107327597215772,2.373868029231785e-12,2.5898207189900546e-13,7.789311348460615e-05,0.0019485619850456715,0.0003510674287099391,6.0628270148299634e-05,0.0011758318869397044,0.06442655622959137,0.11666004359722137,0.23919883370399475,-0.0929640457034111,-0.637570858001709,2.862563371658325,0.4119023382663727,0.6225616931915283,0.47299280762672424,1.4376370906829834,1.2229499816894531,1.24345064163208,1.3070218563079834,0.7359617352485657,1.356571912765503,2.3314592838287354,1.5063395500183105
247,0.09373588114976883,0.0,0.0,0.0,0.18404428660869598,0.0,0.0,0.27944114804267883,0.0,0.0,0.0,0.0,0.21751587092876434,0.0,0.0,0.0,0.2252216935157776,0.0,0.0,4.107681888854131e-05,0.2835671603679657,0.0,0.0,0.0,0.3980999290943146,0.0,0.0,0.20967325568199158,0.0,0.0,0.0,0.0,0.07480257004499435,0.0,0.0,0.0,0.023281842470169067,0.0,0.0,0.010575268417596817,0.04423077031970024,0.22902195155620575,0.054936330765485764,0.33033931255340576,0.05010618269443512,0.06749138981103897,0.12323007732629776,0.6680997014045715,0.0011114461813122034,6.938780279597268e-05,4.8875199354370125e-06,0.00035448611015453935,0.0005317837349139154,2.1364810962043457e-12,2.330838701301158e-13,7.288961205631495e-05,0.0021397266536951065,0.00037677507498301566,6.583184585906565e-05,0.0011324838269501925,0.06824024021625519,0.44276726245880127,0.2955588102340698,-0.08127442002296448,-0.6115451455116272,2.722684383392334,0.4031449854373932,0.6976403594017029,0.5593966245651245,1.2440561056137085,1.3992297649383545,1.1961621046066284,1.3663325309753418,0.6710929870605469,1.4345709085464478,2.3753719329833984,1.478126049041748
248,0.0975610539317131,0.0,0.0,0.0,0.33598315715789795,0.0,0.0,0.20867040753364563,0.0,0.0,0.0,0.0,0.03922365605831146,0.0,0.0,0.0,0.3185114860534668,0.0,0.0,5.0255835958523676e-05,0.27350732684135437,0.0,0.0,0.0,0.39848724007606506,0.0,0.0,0.21112394332885742,0.0,0.0,0.0,0.0,0.08118253946304321,0.0,0.0,0.0,0.026015201583504677,0.0,0.0,0.009683727286756039,0.05384615436196327,0.21325349807739258,0.06039201095700264,0.34011974930763245,0.0554346889257431,0.08300188183784485,0.15788386762142181,0.4767724275588989,0.001221468672156334,7.499377534259111e-05,4.952593371854164e-06,0.000532651087269187,0.0005366402911022305,1.922832986583911e-12,2.0978776712771846e-13,9.190042328555137e-05,0.002147386083379388,0.0003877427370753139,6.862464942969382e-05,0.0014857059577479959,0.07251786440610886,0.3577713072299957,0.31358590722084045,-0.06926475465297699,-0.6088989973068237,2.5603246688842773,0.4187522530555725,0.6745631694793701,0.6011450886726379,1.1080248355865479,1.5870007276535034,1.056274652481079,1.338075041770935,0.6248933672904968,1.3248578310012817,2.355909824371338,1.4498382806777954
249,0.11018937826156616,0.0,0.0,0.0,0.5622232556343079,0.0,0.0,0.13725987076759338,0.0,0.0,0.0,0.0,0.07203437387943268,0.0,0.0,0.0,0.11818348616361618,0.0,0.0,0.00010957031918223947,0.2758198380470276,0.0,0.0,0.0,0.4117836058139801,0.0,0.0,0.20676663517951965,0.0,0.0,0.0,0.0,0.07499376684427261,0.0,0.0,0.0,0.021993637084960938,0.0,0.0,0.00864251609891653,0.042307693511247635,0.18882235884666443,0.053660426288843155,0.3411177396774292,0.033366844058036804,0.08255435526371002,0.10971733927726746,0.2500355541706085,0.0010200447868555784,7.288502820301801e-05,4.778065431310097e-06,0.00045576452976092696,0.0004888565745204687,1.7305498397138241e-12,1.8880913271648175e-13,8.773061563260853e-05,0.0019583655521273613,0.0003891470259986818,6.814836524426937e-05,0.001546946121379733,0.06484179198741913,0.19031696021556854,0.2464742362499237,-0.08124804496765137,-0.6562120914459229,2.646101713180542,0.4519408047199249,0.6471534967422485,0.5664750933647156,1.1831692457199097,1.3529882431030273,1.0487759113311768,1.379235029220581,0.5488001704216003,1.2897344827651978,2.4783384799957275,1.4231090545654297
250,0.10354235023260117,0.0,0.0,0.0,0.3821592330932617,0.0,0.0,0.39016222953796387,0.0,0.0,0.0,0.0,0.11837394535541534,0.0,0.0,0.0,0.005726621951907873,0.0,0.0,3.56520467903465e-05,0.2750186026096344,0.0,0.0,0.0,0.41325628757476807,0.0,0.0,0.21114733815193176,0.0,0.0,0.0,0.0,0.07387830317020416,0.0,0.0,0.0,0.019148409366607666,0.0,0.0,0.007551055401563644,0.032692309468984604,0.16526946425437927,0.050923846662044525,0.3634730279445648,0.0317058227956295,0.07538164407014847,0.09472188353538513,0.15455429255962372,0.0010004707146435976,7.582058606203645e-05,5.008486368751619e-06,0.0004536178894340992,0.00042795808985829353,1.5574948015323331e-12,1.6992821266857e-13,8.714873547432944e-05,0.001893239445053041,0.0004033096774946898,7.22193144611083e-05,0.0014418920036405325,0.06117890402674675,0.12413071095943451,0.3290921747684479,-0.08315365761518478,-0.6348744630813599,2.6418204307556152,0.41695889830589294,0.6394917368888855,0.6367262005805969,1.4119820594787598,1.2194526195526123,0.99842768907547,1.3697022199630737,0.7654092311859131,1.277812123298645,2.4668824672698975,1.4256340265274048
251,0.08849454671144485,0.0,0.0,0.0,0.22307494282722473,0.0,0.0,0.27787625789642334,0.0,0.0,0.0,0.0,0.19663594663143158,0.0,0.0,0.0,0.213886559009552,0.0,0.0,3.178546467097476e-05,0.2692931890487671,0.0,0.0,0.0,0.41353732347488403,0.0,0.0,0.21677574515342712,0.0,0.0,0.0,0.0,0.07416963577270508,0.0,0.0,0.0,0.01956810988485813,0.0,0.0,0.006656002718955278,0.05384615436196327,0.1506187617778778,0.05158302187919617,0.3291417062282562,0.03699742630124092,0.21456769108772278,0.11079595237970352,0.6087965965270996,0.0010533585445955396,7.558560173492879e-05,5.0185735744889826e-06,0.0005251558031886816,0.000502982409670949,1.4017451479067522e-12,1.5293539004646028e-13,9.320845128968358e-05,0.0020530815236270428,0.0003686445124913007,7.219363033073023e-05,0.0016867542872205377,0.0605664886534214,0.41054409742355347,0.4566660225391388,-0.08061647415161133,-0.6399107575416565,2.6028435230255127,0.36502644419670105,0.6860588788986206,0.7728801369667053,1.4341689348220825,1.0984346866607666,1.0568279027938843,1.255172610282898,1.0388869047164917,1.176985740661621,2.3754262924194336,1.6036032438278198
252,0.07345211505889893,0.0,0.0,0.0,0.32887089252471924,0.0,0.0,0.2095249891281128,0.0,0.0,0.0,0.0,0.20773102343082428,0.0,0.0,0.0,0.18037277460098267,0.0,0.0,4.820454341825098e-05,0.2572450041770935,0.0,0.0,0.0,0.41132810711860657,0.0,0.0,0.22425208985805511,0.0,0.0,0.0,0.0,0.08016051352024078,0.0,0.0,0.0,0.02095434069633484,0.0,0.0,0.006059926003217697,0.07500000298023224,0.1369660645723343,0.056479401886463165,0.3205588757991791,0.10126639902591705,0.26437896490097046,0.15354986488819122,0.5272284150123596,0.001139368861913681,7.426446245517582e-05,5.178128958505113e-06,0.000745216035284102,0.0005840990925207734,1.261570709010229e-12,1.376453204887662e-13,0.00011052902118535712,0.002227355493232608,0.00036179585731588304,7.37925001885742e-05,0.0025654323399066925,0.06424793601036072,0.3881404995918274,0.3603087365627289,-0.07127989828586578,-0.6460503935813904,2.484785556793213,0.33893316984176636,0.7849408388137817,0.8840512037277222,1.3650845289230347,1.1343165636062622,1.066057801246643,1.1738548278808594,1.074493169784546,1.1459320783615112,2.37666916847229,1.527580738067627
253,0.11143597960472107,0.0,0.0,0.0,0.23721130192279816,0.0,0.0,0.20816487073898315,0.0,0.0,0.0,0.0,0.22024355828762054,0.0,0.0,0.0,0.22291962802410126,0.0,0.0,2.4675771783222444e-05,0.25856536626815796,0.0,0.0,0.0,0.40736880898475647,0.0,0.0,0.22576630115509033,0.0,0.0,0.0,0.0,0.08229130506515503,0.0,0.0,0.0,0.020866474136710167,0.0,0.0,0.0051417481154203415,0.06538461893796921,0.11716566979885101,0.05811985209584236,0.31916165351867676,0.05116856470704079,0.15725773572921753,0.16166995465755463,0.5837844610214233,0.0009401971474289894,7.054131856421009e-05,5.081651124783093e-06,0.0005937035894021392,0.0004641238774638623,1.1354137031613365e-12,1.2389006107896977e-13,0.00010319481953047216,0.001772884395904839,0.000356373842805624,7.158034713938832e-05,0.002245226176455617,0.06459358334541321,0.44317734241485596,0.31613653898239136,-0.0705828070640564,-0.6672887802124023,2.623640775680542,0.38048797845840454,0.7210868000984192,0.7877258658409119,1.3242312669754028,1.3444932699203491,1.334479570388794,1.0766335725784302,1.0198036432266235,1.2346693277359009,2.5777859687805176,1.589616060256958
254,0.0713338628411293,0.0,0.0,0.0,0.17847883701324463,0.0,0.0,0.18793755769729614,0.0,0.0,0.0,0.0,0.29201218485832214,0.0,0.0,0.0,0.2701761722564697,0.0,0.0,6.137058517197147e-05,0.252718061208725,0.0,0.0,0.0,0.40457072854042053,0.0,0.0,0.22908726334571838,0.0,0.0,0.0,0.0,0.08750546723604202,0.0,0.0,0.0,0.021436046808958054,0.0,0.0,0.004682423081248999,0.07307692617177963,0.10970059782266617,0.0617203526198864,0.31736525893211365,0.10427064448595047,0.12508361041545868,0.19739609956741333,0.7268500328063965,0.0009367710445076227,8.507595339324325e-05,5.359812348615378e-06,0.0007330839289352298,0.00038761954056099057,1.0218722569510508e-12,1.1150105903683094e-13,0.00011710063699865714,0.001713597564958036,0.0004068711132276803,7.41421536076814e-05,0.0022025646176189184,0.06749327480792999,0.5622397065162659,0.36239761114120483,-0.06783077120780945,-0.6336992979049683,2.5549280643463135,0.3791559636592865,0.7429975271224976,0.7465441226959229,1.2775510549545288,1.4041826725006104,1.30642831325531,1.0984830856323242,0.980631947517395,1.2897391319274902,2.556502342224121,1.5519144535064697
255,0.0592692494392395,0.0,0.0,0.0,0.21380294859409332,0.0,0.0,0.3616236448287964,0.0,0.0,0.0,0.0,0.15890707075595856,0.0,0.0,0.0,0.2063404619693756,0.0,0.0,5.6600219977553934e-05,0.25526806712150574,0.0,0.0,0.0,0.41277340054512024,0.0,0.0,0.2258295714855194,0.0,0.0,0.0,0.0,0.08187629282474518,0.0,0.0,0.0,0.01999514363706112,0.0,0.0,0.0042575360275805,0.0615384615957737,0.09744510799646378,0.057890139520168304,0.28702592849731445,0.05614349618554115,0.10392101854085922,0.13840526342391968,0.47151950001716614,0.0008319754269905388,8.126147440634668e-05,5.343527391232783e-06,0.000477176858112216,0.0004075879114679992,9.19684901151685e-13,1.0035983139368779e-13,8.837062341626734e-05,0.0016789445653557777,0.00041370675899088383,7.248156907735392e-05,0.0019583844114094973,0.06285608559846878,0.36529508233070374,0.29511895775794983,-0.07676887512207031,-0.6653872132301331,2.6277408599853516,0.4295249879360199,0.7097730040550232,0.7656002640724182,1.1960803270339966,1.342915654182434,1.1211272478103638,1.0224971771240234,0.9515342712402344,1.4484813213348389,2.7413501739501953,1.6256307363510132
256,0.19104361534118652,0.0,0.0,0.0,0.24029938876628876,0.0,0.0,0.2952992916107178,0.0,0.0,0.0,0.0,0.25699013471603394,0.0,0.0,0.0,0.016284912824630737,0.0,0.0,8.265925862360746e-05,0.2689278721809387,0.0,0.0,0.0,0.4179248511791229,0.0,0.0,0.21538491547107697,0.0,0.0,0.0,0.0,0.07512660324573517,0.0,0.0,0.0,0.018835630267858505,0.0,0.0,0.0038001020438969135,0.051923077553510666,0.08059880137443542,0.052749067544937134,0.34550896286964417,0.040204498916864395,0.05551139637827873,0.12829378247261047,0.5081527829170227,0.001316721085458994,7.10466702003032e-05,4.935352535540005e-06,0.0005920472322031856,0.0005733012221753597,8.277164218785382e-13,9.032566226007885e-14,9.597591269994155e-05,0.0024749753065407276,0.0003878861607518047,6.542367918882519e-05,0.0015085008926689625,0.05776886269450188,0.273348867893219,0.33797937631607056,-0.09095573425292969,-0.6746336221694946,2.6925876140594482,0.4583436846733093,0.6112771034240723,0.7034956812858582,1.2221115827560425,1.2548547983169556,1.0573241710662842,1.1981228590011597,0.8546644449234009,1.3440475463867188,2.661458969116211,2.0535106658935547
257,0.18777458369731903,0.0,0.0,0.0,0.25739115476608276,0.0,0.0,0.29379209876060486,0.0,0.0,0.0,0.0,0.23464353382587433,0.0,0.0,0.0,0.026280533522367477,0.0,0.0,0.00011813614401035011,0.268743634223938,0.0,0.0,0.0,0.4217362105846405,0.0,0.0,0.21401579678058624,0.0,0.0,0.0,0.0,0.07475826889276505,0.0,0.0,0.0,0.017289718613028526,0.0,0.0,0.003456370672211051,0.07692307978868484,0.07504989951848984,0.050808992236852646,0.4029940068721771,0.06637086719274521,0.06313948333263397,0.11291345208883286,0.42358481884002686,0.0014066582079976797,8.055981015786529e-05,4.957266810379224e-06,0.0008050985052250326,0.0005761389038525522,7.449447417436084e-13,8.13012309384964e-14,0.00011978246038779616,0.0028128428384661674,0.0004260034766048193,6.854303501313552e-05,0.002188480691984296,0.05634221434593201,0.26103389263153076,0.3623256981372833,-0.08966671675443649,-0.6815391778945923,2.682140588760376,0.44409963488578796,0.5457587838172913,0.7663757801055908,1.3834513425827026,1.2794804573059082,1.2045540809631348,1.197279691696167,0.8626608848571777,1.4491984844207764,2.743911027908325,1.8613742589950562
258,0.17045849561691284,0.0,0.0,0.0,0.1764114797115326,0.0,0.0,0.24800337851047516,0.0,0.0,0.0,0.0,0.1994069367647171,0.0,0.0,0.0,0.20568616688251495,0.0,0.0,3.349548933329061e-05,0.2681262493133545,0.0,0.0,0.0,0.41741251945495605,0.0,0.0,0.21789292991161346,0.0,0.0,0.0,0.0,0.0747612789273262,0.0,0.0,0.0,0.01879860647022724,0.0,0.0,0.003008407074958086,0.05961538478732109,0.06618762761354446,0.051912613213062286,0.40798401832580566,0.06170826032757759,0.07566305249929428,0.11273078620433807,0.5830011367797852,0.0011749756522476673,8.016198989935219e-05,4.827916200156324e-06,0.000653370632790029,0.0005236426368355751,6.704502404641932e-13,7.317109700262503e-14,9.769777534529567e-05,0.0023969616740942,0.0004138443327974528,6.608336116187274e-05,0.0020787145476788282,0.05688967555761337,0.4051153063774109,0.2767792046070099,-0.08278212696313858,-0.7515339851379395,2.7690258026123047,0.45329996943473816,0.5171592235565186,0.7646611332893372,1.3184295892715454,1.195876121520996,1.3502930402755737,1.3115373849868774,0.8574519157409668,1.3460806608200073,2.8070156574249268,1.7802598476409912
259,0.08739738166332245,0.0,0.0,0.0,0.20401938259601593,0.0,0.0,0.26684311032295227,0.0,0.0,0.0,0.0,0.27051448822021484,0.0,0.0,0.0,0.17117621004581451,0.0,0.0,4.9487021897220984e-05,0.2696998119354248,0.0,0.0,0.0,0.4279016852378845,0.0,0.0,0.2130439728498459,0.0,0.0,0.0,0.0,0.06890256702899933,0.0,0.0,0.0,0.017624862492084503,0.0,0.0,0.002827075310051441,0.032692309468984604,0.05999999865889549,0.048853933811187744,0.3145708441734314,0.05498469993472099,0.06759852916002274,0.08485347032546997,0.6389429569244385,0.0011500974651426077,8.486620208714157e-05,4.801941031473689e-06,0.0004449009138625115,0.00047929759602993727,6.034051838917087e-13,6.586246305284593e-14,7.462683424819261e-05,0.0020750234834849834,0.0004419623001012951,6.41967635601759e-05,0.00163546996191144,0.05257029086351395,0.4417280852794647,0.3204476833343506,-0.08625266700983047,-0.7352638244628906,2.8565614223480225,0.4238038957118988,0.6545267701148987,0.7515830397605896,1.2592264413833618,1.4639028310775757,1.4753904342651367,1.1853301525115967,0.9477366805076599,1.2984387874603271,2.7634453773498535,1.907366394996643
260,0.09816515445709229,0.0,0.0,0.0,0.42180877923965454,0.0,0.0,0.17585431039333344,0.0,0.0,0.0,0.0,0.15899910032749176,0.0,0.0,0.0,0.14513272047042847,0.0,0.0,3.9976897824089974e-05,0.25496822595596313,0.0,0.0,0.0,0.4190201759338379,0.0,0.0,0.2233389914035797,0.0,0.0,0.0,0.0,0.08000868558883667,0.0,0.0,0.0,0.019841300323605537,0.0,0.0,0.002822628477588296,0.05961538478732109,0.060159679502248764,0.05626217648386955,0.3866267204284668,0.07075896859169006,0.060316476970911026,0.10559739917516708,0.40479207038879395,0.0012651477009057999,0.00010931801807601005,5.370678991312161e-06,0.0006785355508327484,0.0006202731747180223,5.430647251336573e-13,5.928212158364324e-14,0.0001107631396735087,0.0024130777455866337,0.0005785917746834457,7.840486796339974e-05,0.002082000020891428,0.06033219024538994,0.3041583299636841,0.440127432346344,-0.07014515995979309,-0.7248369455337524,2.6024110317230225,0.47266456484794617,0.6828587055206299,0.6920269131660461,1.27152681350708,1.7547588348388672,1.4145005941390991,0.9918581247329712,1.1551806926727295,1.2210944890975952,3.077436923980713,1.9073601961135864
261,0.08234291523694992,0.0,0.0,0.0,0.2003089040517807,0.0,0.0,0.4176187217235565,0.0,0.0,0.0,0.0,0.17518000304698944,0.0,0.0,0.0,0.12448177486658096,0.0,0.0,6.76756098982878e-05,0.2432902455329895,0.0,0.0,0.0,0.4129005968570709,0.0,0.0,0.2356230765581131,0.0,0.0,0.0,0.0,0.08607381582260132,0.0,0.0,0.0,0.01953546516597271,0.0,0.0,0.002576800063252449,0.07884615659713745,0.06327345222234726,0.06024469807744026,0.32335329055786133,0.11508724838495255,0.1655070036649704,0.14968791604042053,0.38700321316719055,0.001364101655781269,0.0001216013915836811,5.343337761587463e-06,0.0005988882621750236,0.0006080330349504948,4.887582309362482e-13,5.335390061613626e-14,9.904183389153332e-05,0.0026225021574646235,0.0005672823754139245,8.292190614156425e-05,0.0024186260998249054,0.06350097805261612,0.2997182011604309,0.3680836260318756,-0.05917777121067047,-0.6963282823562622,2.55110764503479,0.4556283950805664,0.7218530774116516,0.7693020105361938,1.3478147983551025,1.562138557434082,1.3992371559143066,1.3619670867919922,1.144437551498413,1.1884721517562866,3.1672394275665283,2.0509560108184814
262,0.06732681393623352,0.0,0.0,0.0,0.1950993835926056,0.0,0.0,0.3993212580680847,0.0,0.0,0.0,0.0,0.24267451465129852,0.0,0.0,0.0,0.09496802091598511,0.0,0.0,0.0006100063910707831,0.24403396248817444,0.0,0.0,0.0,0.41279613971710205,0.0,0.0,0.2361016571521759,0.0,0.0,0.0,0.0,0.08595369756221771,0.0,0.0,0.0,0.018570682033896446,0.0,0.0,0.002543875016272068,0.08846154063940048,0.05341317504644394,0.06005743145942688,0.32455089688301086,0.14362125098705292,0.2055385261774063,0.16496732831001282,0.44298475980758667,0.001223993138410151,9.726967982714996e-05,5.179429081181297e-06,0.0008527208119630814,0.0005647992365993559,4.398823970006016e-13,4.8018514620280783e-14,0.00012971200339961797,0.0022658761590719223,0.0004818255838472396,7.647904567420483e-05,0.0022773221135139465,0.06277953088283539,0.33824384212493896,0.3411717116832733,-0.06098826974630356,-0.6529970169067383,2.58488392829895,0.4304417073726654,0.7264935970306396,0.8394005298614502,1.2755225896835327,1.5207383632659912,1.2775239944458008,1.5323177576065063,1.1574469804763794,1.1809122562408447,3.006443977355957,2.0842061042785645
263,0.1555611938238144,0.0,0.0,0.0,0.21875286102294922,0.0,0.0,0.2654752731323242,0.0,0.0,0.0,0.0,0.3386300504207611,0.0,0.0,0.0,0.020663348957896233,0.0,0.0,0.0009172045974992216,0.2528269290924072,0.0,0.0,0.0,0.41623377799987793,0.0,0.0,0.23239314556121826,0.0,0.0,0.0,0.0,0.0802820548415184,0.0,0.0,0.0,0.01573016867041588,0.0,0.0,0.0025339308194816113,0.07884615659713745,0.04147704690694809,0.05551810562610626,0.314371258020401,0.1183847114443779,0.15697608888149261,0.13965675234794617,0.5029594898223877,0.0009701356757432222,6.345399742713198e-05,4.707533662440255e-06,0.00039877896779216826,0.0003992090350948274,3.958941464585197e-13,4.321666451350542e-14,8.301989146275446e-05,0.0017616883851587772,0.0003294681082479656,6.440695142373443e-05,0.0013875445583835244,0.05773870646953583,0.3602021038532257,0.27385854721069336,-0.06391490250825882,-0.6520674228668213,2.8047659397125244,0.4220736026763916,0.6828271150588989,1.024783968925476,1.1706914901733398,1.5800952911376953,1.1601786613464355,1.7772657871246338,1.0387099981307983,1.1159178018569946,2.860940456390381,2.102565288543701
264,0.20687837898731232,0.0,0.0,0.0,0.3274646997451782,0.0,0.0,0.17591987550258636,0.0,0.0,0.0,0.0,0.2675464153289795,0.0,0.0,0.0,0.02077595889568329,0.0,0.0,0.0014146770117804408,0.2591613829135895,0.0,0.0,0.0,0.4169274866580963,0.0,0.0,0.224734365940094,0.0,0.0,0.0,0.0,0.08027161657810211,0.0,0.0,0.0,0.01615574210882187,0.0,0.0,0.0027494076639413834,0.0634615421295166,0.04471058025956154,0.054402001202106476,0.41776445508003235,0.1592324823141098,0.15498238801956177,0.10773936659097672,0.3989948630332947,0.0009465582552365959,5.8573888964019716e-05,4.483825705392519e-06,0.0006530130049213767,0.0004233128856867552,3.5630472097064603e-13,3.889499399639673e-14,0.00011457750952104107,0.001576318871229887,0.00029400407220236957,6.097552613937296e-05,0.0018259274074807763,0.05807274952530861,0.2897276282310486,0.3109259009361267,-0.072299525141716,-0.7310550212860107,2.902432918548584,0.3922613263130188,0.7700733542442322,0.9954559803009033,1.1373343467712402,1.7798458337783813,1.191773533821106,1.6893082857131958,0.9134476780891418,1.3061561584472656,2.648738145828247,2.1887502670288086
265,0.12728451192378998,0.0,0.0,0.0,0.4682471752166748,0.0,0.0,0.20907743275165558,0.0,0.0,0.0,0.0,0.17607857286930084,0.0,0.0,0.0,0.019223418086767197,0.0,0.0,8.892334153642878e-05,0.25894981622695923,0.0,0.0,0.0,0.418242871761322,0.0,0.0,0.22696752846240997,0.0,0.0,0.0,0.0,0.07680660486221313,0.0,0.0,0.0,0.016326062381267548,0.0,0.0,0.0027071377262473106,0.05384615436196327,0.0466267466545105,0.05410736799240112,0.26227542757987976,0.08678354322910309,0.08346758782863617,0.11568793654441833,0.251853883266449,0.0010480068158358335,7.667488534934819e-05,4.790175808011554e-06,0.0008320545312017202,0.0004419534816406667,3.2067423261054884e-13,3.500549324150434e-14,0.0001269720814889297,0.0017476431094110012,0.00036502606235444546,7.273515802808106e-05,0.002308437367901206,0.056091681122779846,0.19538313150405884,0.27752435207366943,-0.0749039351940155,-0.7083197832107544,2.706075429916382,0.43009793758392334,0.7346513271331787,1.0125188827514648,1.080104947090149,1.8885688781738281,1.3340590000152588,1.6883747577667236,0.8477341532707214,1.1950271129608154,2.9219510555267334,2.007002115249634
266,0.3437608778476715,0.0,0.0,0.0,0.13603582978248596,0.0,0.0,0.12400329858064651,0.0,0.0,0.0,0.0,0.1068333089351654,0.0,0.0,0.0,0.2892761528491974,0.0,0.0,9.051180677488446e-05,0.25571271777153015,0.0,0.0,0.0,0.41082310676574707,0.0,0.0,0.23075245320796967,0.0,0.0,0.0,0.0,0.08098302781581879,0.0,0.0,0.0,0.018984857946634293,0.0,0.0,0.0027438432443886995,0.02500000037252903,0.03768463060259819,0.05927840620279312,0.2407185584306717,0.03926294669508934,0.10374677181243896,0.17644132673740387,0.4897313416004181,0.001089919707737863,9.645720274420455e-05,5.206528385315323e-06,0.0009280689992010593,0.0004806930082850158,2.886068120599994e-13,3.150494323972755e-14,0.00013787673378828913,0.0019282314460724592,0.0004554249462671578,8.434560004388914e-05,0.002678993856534362,0.060090936720371246,0.3961888551712036,0.3370954990386963,-0.06624558568000793,-0.7292548418045044,2.529025077819824,0.4134834408760071,0.7892850637435913,0.9260708689689636,0.9736790060997009,2.0681567192077637,1.5773296356201172,1.538834810256958,0.9102089405059814,1.4364811182022095,2.8845627307891846,1.7806644439697266
267,0.35939279198646545,0.0,0.0,0.0,0.2523716986179352,0.0,0.0,0.16676658391952515,0.0,0.0,0.0,0.0,0.10130072385072708,0.0,0.0,0.0,0.11990679055452347,0.0,0.0,0.00026141732814721763,0.2613646388053894,0.0,0.0,0.0,0.41703879833221436,0.0,0.0,0.2249288111925125,0.0,0.0,0.0,0.0,0.0757707953453064,0.0,0.0,0.0,0.018259551376104355,0.0,0.0,0.00263740262016654,0.026923077180981636,0.03960079699754715,0.054489389061927795,0.3083832263946533,0.015983235090970993,0.08140019327402115,0.11979349702596664,0.30382299423217773,0.0013339851284399629,0.00011124045704491436,5.090563718113117e-06,0.0008478784584440291,0.0006203051307238638,2.597461362750103e-13,2.8354446544062543e-14,0.00012633961159735918,0.002768887672573328,0.0005153107922524214,8.059502579271793e-05,0.0023306971415877342,0.05654171109199524,0.22145946323871613,0.3506242334842682,-0.07460662722587585,-0.7253654599189758,2.5805978775024414,0.4183741807937622,0.8009986877441406,0.8475430607795715,1.015148401260376,1.9558541774749756,1.4156310558319092,1.4465751647949219,0.8565016984939575,1.3469427824020386,2.783905267715454,1.9821572303771973
268,0.15425346791744232,0.0,0.0,0.0,0.3447692096233368,0.0,0.0,0.3806098401546478,0.0,0.0,0.0,0.0,0.09197939187288284,0.0,0.0,0.0,0.027922574430704117,0.0,0.0,0.00046556987217627466,0.264569491147995,0.0,0.0,0.0,0.41778764128685,0.0,0.0,0.22380149364471436,0.0,0.0,0.0,0.0,0.07478033006191254,0.0,0.0,0.0,0.01631195843219757,0.0,0.0,0.0027490726206451654,0.05961538478732109,0.03828343376517296,0.052724096924066544,0.3093812167644501,0.09724802523851395,0.24171489477157593,0.10651396960020065,0.09152981638908386,0.0012454991228878498,8.582085138186812e-05,4.9578852667764295e-06,0.0006712291506119072,0.0005046146688982844,2.337715253580147e-13,2.5519290050264945e-14,0.00010974080942105502,0.0023222065065056086,0.0004235100350342691,7.77543755248189e-05,0.0021095159463584423,0.05487612634897232,0.1203630119562149,0.51398766040802,-0.07193680107593536,-0.7083970308303833,2.678006172180176,0.4062694013118744,0.7693981528282166,0.8822959661483765,1.0822118520736694,1.6367024183273315,1.3962069749832153,1.7367416620254517,0.9219787120819092,1.2946844100952148,2.805877923965454,1.9971725940704346
269,0.06963139027357101,0.0,0.0,0.0,0.287509948015213,0.0,0.0,0.21131108701229095,0.0,0.0,0.0,0.0,0.3549032211303711,0.0,0.0,0.0,0.07608442008495331,0.0,0.0,0.0005599324940703809,0.26599645614624023,0.0,0.0,0.0,0.41913703083992004,0.0,0.0,0.21953454613685608,0.0,0.0,0.0,0.0,0.07482067495584488,0.0,0.0,0.0,0.017646871507167816,0.0,0.0,0.002864442765712738,0.09807692468166351,0.04359281435608864,0.05389013886451721,0.26007983088493347,0.24052873253822327,0.3541623651981354,0.12927097082138062,0.5407752990722656,0.0012927554780617356,7.330467633437365e-05,4.937665835313965e-06,0.0006218072376213968,0.0006515081040561199,2.1039436469069694e-13,2.2968004790278364e-14,9.649331332184374e-05,0.002270864322781563,0.00040230725426226854,7.588288281112909e-05,0.0019135931506752968,0.05574139580130577,0.4315357506275177,0.47972720861434937,-0.0748554989695549,-0.646432638168335,2.6711232662200928,0.3797227442264557,0.6933059096336365,0.841523289680481,1.3601940870285034,1.6140594482421875,1.4437941312789917,1.7994627952575684,1.183171272277832,1.4553632736206055,2.77679181098938,2.1844265460968018
270,0.10896097123622894,0.0,0.0,0.0,0.2885879874229431,0.0,0.0,0.3624991774559021,0.0,0.0,0.0,0.0,0.22723457217216492,0.0,0.0,0.0,0.011684921570122242,0.0,0.0,0.001032443717122078,0.27294549345970154,0.0,0.0,0.0,0.4289109408855438,0.0,0.0,0.21572113037109375,0.0,0.0,0.0,0.0,0.06585781276226044,0.0,0.0,0.0,0.013620691373944283,0.0,0.0,0.002943942090496421,0.09807692468166351,0.04766467213630676,0.04624219983816147,0.20139719545841217,0.1708368957042694,0.3860056698322296,0.08738790452480316,0.2154150754213333,0.001171209616586566,7.011790876276791e-05,4.7248277041944675e-06,0.0005782117368653417,0.0005157486884854734,1.893549065375838e-13,2.0671205497096654e-14,9.489010699326172e-05,0.0021711126901209354,0.00039385323179885745,6.808612670283765e-05,0.0019153134198859334,0.04819059371948242,0.23994435369968414,0.3928897976875305,-0.08569253236055374,-0.6210825443267822,2.8725016117095947,0.4045814573764801,0.7086803317070007,0.7470801472663879,1.2393864393234253,1.8803961277008057,1.4359805583953857,1.6166542768478394,1.185411810874939,1.4351810216903687,2.7905712127685547,2.3292033672332764
271,0.23564228415489197,0.0,0.0,0.0,0.18300917744636536,0.0,0.0,0.14971256256103516,0.0,0.0,0.0,0.0,0.4244908392429352,0.0,0.0,0.0,0.006528027355670929,0.0,0.0,0.000617114535998553,0.26959583163261414,0.0,0.0,0.0,0.426822692155838,0.0,0.0,0.21838122606277466,0.0,0.0,0.0,0.0,0.06819751113653183,0.0,0.0,0.0,0.014078359119594097,0.0,0.0,0.002924394328147173,0.08461538702249527,0.04786427319049835,0.047685395926237106,0.22574849426746368,0.15286846458911896,0.1852855682373047,0.08988581597805023,0.5858195424079895,0.0010053024161607027,8.047901792451739e-05,4.945046839566203e-06,0.00028478269814513624,0.0004884207155555487,1.704193969102874e-13,1.8604082575694736e-14,7.068764534778893e-05,0.0018710546428337693,0.0004227150056976825,7.140167144825682e-05,0.0009911577217280865,0.049809783697128296,0.43162691593170166,0.4078297019004822,-0.0843667984008789,-0.5585731863975525,2.7703850269317627,0.4210279583930969,0.7148823738098145,0.7499858736991882,1.0578142404556274,2.140575647354126,1.4898748397827148,1.2348562479019165,1.1511131525039673,1.4833945035934448,2.726832866668701,2.187913656234741
272,0.34212201833724976,0.0,0.0,0.0,0.12857814133167267,0.0,0.0,0.15281298756599426,0.0,0.0,0.0,0.0,0.3689073324203491,0.0,0.0,0.0,0.007182883098721504,0.0,0.0,0.000396639050450176,0.26852333545684814,0.0,0.0,0.0,0.4224165081977844,0.0,0.0,0.21968071162700653,0.0,0.0,0.0,0.0,0.07170834392309189,0.0,0.0,0.0,0.014790093526244164,0.0,0.0,0.0028810324147343636,0.08076923340559006,0.04431137815117836,0.050289638340473175,0.24550896883010864,0.11122105270624161,0.18036502599716187,0.10000414401292801,0.47616663575172424,0.0010076380567625165,8.389060531044379e-05,4.850968707614811e-06,0.0006238075438886881,0.0004533799656201154,1.5337747348229125e-13,1.6743672962872547e-14,0.00012006381439277902,0.0018413449870422482,0.00044540176168084145,7.270797505043447e-05,0.0015903725288808346,0.05224784463644028,0.37647607922554016,0.35019534826278687,-0.07701433449983597,-0.6320269107818604,2.7865030765533447,0.4309418201446533,0.7764345407485962,0.6939087510108948,0.9820616245269775,2.034593105316162,1.6051291227340698,1.2113960981369019,1.1197320222854614,1.4948770999908447,2.863687038421631,1.9714244604110718
273,0.4605271816253662,0.0,0.0,0.0,0.1314690262079239,0.0,0.0,0.11479117721319199,0.0,0.0,0.0,0.0,0.14112819731235504,0.0,0.0,0.0,0.15173092484474182,0.0,0.0,0.0003535468131303787,0.2568640112876892,0.0,0.0,0.0,0.41442495584487915,0.0,0.0,0.23055094480514526,0.0,0.0,0.0,0.0,0.07935594767332077,0.0,0.0,0.0,0.015930721536278725,0.0,0.0,0.002873403485864401,0.08461538702249527,0.05117764323949814,0.05280899256467819,0.4504989981651306,0.09465862810611725,0.22359678149223328,0.11079367250204086,0.3540366590023041,0.0012656983453780413,9.067523205885664e-05,4.938886377203744e-06,0.0005583871388807893,0.0005880341050215065,1.3803972613406212e-13,1.5069307360651187e-14,9.92066998151131e-05,0.0022453966084867716,0.0004864036163780838,7.96377717051655e-05,0.0020182146690785885,0.0573745034635067,0.2932015657424927,0.34880486130714417,-0.06810299307107925,-0.6539204120635986,2.7443125247955322,0.4399870038032532,0.8030964732170105,0.9150427579879761,0.9370896816253662,1.7865327596664429,1.5175451040267944,1.701469898223877,0.9897208213806152,1.523271083831787,3.1808040142059326,1.8831559419631958
274,0.4383000433444977,0.0,0.0,0.0,0.12779760360717773,0.0,0.0,0.09941074252128601,0.0,0.0,0.0,0.0,0.14067654311656952,0.0,0.0,0.0,0.1933227777481079,0.0,0.0,0.0004922771477140486,0.25694531202316284,0.0,0.0,0.0,0.4098179042339325,0.0,0.0,0.23082296550273895,0.0,0.0,0.0,0.0,0.08258191496133804,0.0,0.0,0.0,0.016855314373970032,0.0,0.0,0.002976568415760994,0.06538461893796921,0.04794411361217499,0.05609987676143646,0.41956087946891785,0.09324728697538376,0.2016262710094452,0.11400946229696274,0.40532413125038147,0.001263357698917389,9.319191303802654e-05,5.2388545555004384e-06,0.0008141485741361976,0.0005980278947390616,1.2423574538913962e-13,1.3562948202418875e-14,0.0001223289145855233,0.0022781607694923878,0.000488234160002321,8.973658259492368e-05,0.002566502196714282,0.059861280024051666,0.33448123931884766,0.35112589597702026,-0.06382223963737488,-0.7417110204696655,2.61535906791687,0.48746681213378906,0.7942284941673279,1.036258578300476,1.0125051736831665,1.5153223276138306,1.544403076171875,1.8974637985229492,0.8909339308738708,1.4414620399475098,3.5366060733795166,1.9386600255966187
275,0.3798253834247589,0.0,0.0,0.0,0.16127599775791168,0.0,0.0,0.12952820956707,0.0,0.0,0.0,0.0,0.2976885735988617,0.0,0.0,0.0,0.03113698959350586,0.0,0.0,0.0005448524025268853,0.2551935613155365,0.0,0.0,0.0,0.414025217294693,0.0,0.0,0.22907686233520508,0.0,0.0,0.0,0.0,0.08228747546672821,0.0,0.0,0.0,0.016356678679585457,0.0,0.0,0.003060179529711604,0.0634615421295166,0.04371257498860359,0.05535081401467323,0.46467065811157227,0.08390422910451889,0.1581471860408783,0.108344666659832,0.4159208834171295,0.0011028395965695381,8.733107097214088e-05,5.024094207328744e-06,0.0014504578430205584,0.0005212994874455035,1.118121572976985e-13,1.2206652789253924e-14,0.00018938830180559307,0.0019570626318454742,0.00045475541264750063,8.794301538728178e-05,0.0035993382334709167,0.05944140627980232,0.32936012744903564,0.3156648576259613,-0.06975015997886658,-0.6979202032089233,2.5599703788757324,0.473495215177536,0.7308140993118286,1.0767017602920532,1.0763471126556396,1.5180730819702148,1.5474534034729004,1.9270435571670532,0.7973974943161011,1.244431495666504,3.311645984649658,1.8300024271011353
276,0.09290934354066849,0.0,0.0,0.0,0.3531326651573181,0.0,0.0,0.23558995127677917,0.0,0.0,0.0,0.0,0.27565139532089233,0.0,0.0,0.0,0.04178517684340477,0.0,0.0,0.0009314445778727531,0.2675531506538391,0.0,0.0,0.0,0.4241451025009155,0.0,0.0,0.22013217210769653,0.0,0.0,0.0,0.0,0.070260189473629,0.0,0.0,0.0,0.014809375628829002,0.0,0.0,0.0031000059098005295,0.05961538478732109,0.04223553091287613,0.047997504472732544,0.37944111227989197,0.07032560557126999,0.11192409694194794,0.08570932596921921,0.4685141444206238,0.0010326418559998274,9.051330562215298e-05,4.731246917799581e-06,0.0007678625406697392,0.00047221401473507285,1.0063094292318137e-13,1.0985986832702174e-14,0.00011365384125383571,0.0018521075835451484,0.00044163723941892385,7.831781840650365e-05,0.0022677360102534294,0.051528722047805786,0.3183577358722687,0.35442987084388733,-0.08272617310285568,-0.6862185001373291,2.7363626956939697,0.48062047362327576,0.6730465292930603,0.9669632315635681,1.0093237161636353,2.1128180027008057,1.2875299453735352,1.7976789474487305,0.9223723411560059,1.0810471773147583,3.1506857872009277,1.9879868030548096
277,0.0961984172463417,0.0,0.0,0.0,0.18122532963752747,0.0,0.0,0.24180975556373596,0.0,0.0,0.0,0.0,0.4742929935455322,0.0,0.0,0.0,0.005997930653393269,0.0,0.0,0.00047562888357788324,0.2629097104072571,0.0,0.0,0.0,0.42220836877822876,0.0,0.0,0.22406846284866333,0.0,0.0,0.0,0.0,0.07251819223165512,0.0,0.0,0.0,0.015242752619087696,0.0,0.0,0.0030525201000273228,0.08653846383094788,0.050299402326345444,0.049565546214580536,0.34371256828308105,0.13913463056087494,0.11158875375986099,0.10801728069782257,0.650395393371582,0.0010894963052123785,8.397277997573838e-05,4.953012648911681e-06,0.00039078627014532685,0.0005144257447682321,9.056785269662138e-14,9.887388488245136e-15,7.789656956447288e-05,0.0017519302200526,0.00041525729466229677,8.253942360170186e-05,0.0015700256917625666,0.05307135730981827,0.48075661063194275,0.33861902356147766,-0.07603701949119568,-0.6608558297157288,2.705721139907837,0.46884122490882874,0.6112885475158691,0.9090080857276917,1.0378973484039307,2.0805089473724365,1.235377550125122,1.6058400869369507,1.0194380283355713,1.4633769989013672,3.166156530380249,2.011284589767456
278,0.2669624984264374,0.0,0.0,0.0,0.18171145021915436,0.0,0.0,0.12994197010993958,0.0,0.0,0.0,0.0,0.4155818521976471,0.0,0.0,0.0,0.00538420956581831,0.0,0.0,0.00041804375359788537,0.25012505054473877,0.0,0.0,0.0,0.4100577235221863,0.0,0.0,0.23608408868312836,0.0,0.0,0.0,0.0,0.08456725627183914,0.0,0.0,0.0,0.016109183430671692,0.0,0.0,0.0030566956847906113,0.11346153914928436,0.0548902191221714,0.05657178908586502,0.4071856141090393,0.2007010132074356,0.2584005296230316,0.13573873043060303,0.5066167116165161,0.0011072432389482856,8.610129589214921e-05,5.25933410244761e-06,0.0011668908409774303,0.000431584456237033,8.151106471645381e-14,8.898649470014033e-15,0.00016772456001490355,0.001980397617444396,0.00041048016282729805,9.16052158572711e-05,0.003099009394645691,0.06061752140522003,0.42137548327445984,0.2734902501106262,-0.05882608890533447,-0.7289553880691528,2.527416944503784,0.43637484312057495,0.7427874207496643,0.8777239918708801,1.2103278636932373,1.8872073888778687,1.298202395439148,1.4983137845993042,1.1071261167526245,1.600062370300293,3.212869882583618,1.8613824844360352
279,0.2969282269477844,0.0,0.0,0.0,0.1556442677974701,0.0,0.0,0.12583805620670319,0.0,0.0,0.0,0.0,0.33238524198532104,0.0,0.0,0.0,0.08874501287937164,0.0,0.0,0.00045916580711491406,0.24057848751544952,0.0,0.0,0.0,0.3987582325935364,0.0,0.0,0.24544556438922882,0.0,0.0,0.0,0.0,0.09383200109004974,0.0,0.0,0.0,0.018320979550480843,0.0,0.0,0.0030647446401417255,0.14230769872665405,0.06407185643911362,0.06325343251228333,0.4013971984386444,0.2979505956172943,0.381086528301239,0.17676153779029846,0.4780125916004181,0.001411117147654295,8.843316027196124e-05,5.214932571107056e-06,0.0011753385188058019,0.0006522891926579177,7.3359965021072e-14,8.008978578260845e-15,0.000175976034370251,0.0025640232488512993,0.0005074116634204984,9.750092431204394e-05,0.003217223798856139,0.06732625514268875,0.4215785562992096,0.2526962459087372,-0.04946083575487137,-0.7938569784164429,2.4110538959503174,0.44524675607681274,0.8305361866950989,0.7732899188995361,1.2972962856292725,1.722017765045166,1.2969971895217896,1.5894453525543213,1.1401102542877197,1.6739941835403442,3.3366689682006836,1.695256233215332
280,0.04974130168557167,0.0,0.0,0.0,0.3221675753593445,0.0,0.0,0.26973825693130493,0.0,0.0,0.0,0.0,0.13817040622234344,0.0,0.0,0.0,0.21960732340812683,0.0,0.0,0.0005751787684857845,0.25472837686538696,0.0,0.0,0.0,0.40765589475631714,0.0,0.0,0.2340204268693924,0.0,0.0,0.0,0.0,0.08342332392930984,0.0,0.0,0.0,0.017035620287060738,0.0,0.0,0.0031363642774522305,0.10769230872392654,0.049141716212034225,0.05751810595393181,0.35349300503730774,0.17666544020175934,0.26682421565055847,0.13639257848262787,0.4259890019893646,0.0012972081312909722,7.794985140208155e-05,4.80314201922738e-06,0.000668044260237366,0.0005811945884488523,6.602395496643765e-14,7.208167371905265e-15,0.00010047577234217897,0.00240877247415483,0.0004460779600776732,8.228317165048793e-05,0.0024637957103550434,0.06053169071674347,0.3583407998085022,0.31963473558425903,-0.06014871224761009,-0.6762576103210449,2.7544617652893066,0.436625599861145,0.8865259289741516,0.7247675061225891,1.406185269355774,1.91653311252594,1.1750612258911133,1.690637469291687,1.0860265493392944,1.5694677829742432,3.2388484477996826,1.734191656112671
281,0.07729549705982208,0.0,0.0,0.0,0.21658357977867126,0.0,0.0,0.37114885449409485,0.0,0.0,0.0,0.0,0.08587104082107544,0.0,0.0,0.0,0.248287633061409,0.0,0.0,0.0008134640520438552,0.2589302957057953,0.0,0.0,0.0,0.41276150941848755,0.0,0.0,0.22854521870613098,0.0,0.0,0.0,0.0,0.07977622747421265,0.0,0.0,0.0,0.016814429312944412,0.0,0.0,0.003172309137880802,0.08461538702249527,0.037005987018346786,0.05607990175485611,0.33852294087409973,0.09923548996448517,0.1076527088880539,0.13797621428966522,0.484133780002594,0.0013688616454601288,6.721947283949703e-05,4.665950655180495e-06,0.0006211394211277366,0.0006416282849386334,5.942155675928845e-14,6.487350380604854e-15,0.00010732733062468469,0.0027102562598884106,0.0004084116080775857,7.274425297509879e-05,0.0017104509752243757,0.058288488537073135,0.3349619209766388,0.37646859884262085,-0.06995484232902527,-0.726635217666626,2.812340021133423,0.4123135805130005,0.7917525172233582,0.8089265823364258,1.3878483772277832,1.805095911026001,1.2251328229904175,1.747681975364685,1.0425773859024048,1.4293889999389648,3.0271077156066895,1.8110750913619995
282,0.10690252482891083,0.0,0.0,0.0,0.4692663848400116,0.0,0.0,0.17962411046028137,0.0,0.0,0.0,0.0,0.2125862091779709,0.0,0.0,0.0,0.030286528170108795,0.0,0.0,0.001334254746325314,0.27225548028945923,0.0,0.0,0.0,0.42551857233047485,0.0,0.0,0.21291810274124146,0.0,0.0,0.0,0.0,0.07080063968896866,0.0,0.0,0.0,0.015036847442388535,0.0,0.0,0.003470347262918949,0.07500000298023224,0.03329341486096382,0.0487765297293663,0.41596806049346924,0.0941426157951355,0.1297052651643753,0.086241215467453,0.3876327574253082,0.0018198846373707056,7.387086225207895e-05,4.470894964470062e-06,0.0006106607615947723,0.0007297393749468029,5.347940040573325e-14,5.838615046082837e-15,0.00010441125050419942,0.003251657821238041,0.00047842698404565454,6.89279186190106e-05,0.0017674812115728855,0.05217593163251877,0.24419428408145905,0.31356650590896606,-0.0847271978855133,-0.6441293954849243,2.8522655963897705,0.41692396998405457,0.8607831001281738,0.8303950428962708,1.298257827758789,1.8197437524795532,1.4719635248184204,1.6349161863327026,0.8853565454483032,1.241357445716858,2.9766318798065186,2.0523343086242676
283,0.11282280087471008,0.0,0.0,0.0,0.36510998010635376,0.0,0.0,0.18904399871826172,0.0,0.0,0.0,0.0,0.1548094004392624,0.0,0.0,0.0,0.17737194895744324,0.0,0.0,0.0008418781217187643,0.2797682583332062,0.0,0.0,0.0,0.42936503887176514,0.0,0.0,0.20692749321460724,0.0,0.0,0.0,0.0,0.06576873362064362,0.0,0.0,0.0,0.015081183053553104,0.0,0.0,0.0030892998911440372,0.05576923117041588,0.03453093767166138,0.046059928834438324,0.35888221859931946,0.05395685136318207,0.20118305087089539,0.08723040670156479,0.5296916365623474,0.0016804349143058062,7.631379412487149e-05,4.51335381512763e-06,0.0006030471995472908,0.0006961181643418968,4.813146138159946e-14,5.254807751583178e-15,0.00010603304690448567,0.003430068027228117,0.00047923126840032637,7.04129779478535e-05,0.0016717403195798397,0.049037303775548935,0.33300888538360596,0.27944543957710266,-0.09219992160797119,-0.6403288841247559,2.859039306640625,0.43786269426345825,0.7830251455307007,0.8372700214385986,1.287496566772461,1.960193395614624,1.488494873046875,1.7897664308547974,0.793049156665802,1.1149535179138184,2.802644968032837,2.4171266555786133
284,0.11105170845985413,0.0,0.0,0.0,0.25318825244903564,0.0,0.0,0.23353515565395355,0.0,0.0,0.0,0.0,0.267339825630188,0.0,0.0,0.0,0.13398653268814087,0.0,0.0,0.0008985077729448676,0.28867363929748535,0.0,0.0,0.0,0.4286378026008606,0.0,0.0,0.20286108553409576,0.0,0.0,0.0,0.0,0.06260301172733307,0.0,0.0,0.0,0.014253771863877773,0.0,0.0,0.002970694098621607,0.04423077031970024,0.0282235536724329,0.044486891478300095,0.30998003482818604,0.05937033146619797,0.07097483426332474,0.09227930754423141,0.7334191203117371,0.0012494171969592571,6.744735583197325e-05,4.219703441776801e-06,0.0005493888747878373,0.0005400291411206126,4.3318315243439515e-14,4.729444036378171e-15,9.327640145784244e-05,0.0022158047650009394,0.0003746281436178833,5.839989535161294e-05,0.001460621366277337,0.04662707820534706,0.4022110104560852,0.23417888581752777,-0.09208452701568604,-0.64388507604599,3.071458101272583,0.37989652156829834,0.8079637289047241,0.8626059293746948,1.240840196609497,1.8420535326004028,1.4785958528518677,1.7427265644073486,0.8585032820701599,1.5782067775726318,2.600165605545044,2.296853542327881
285,0.08780186623334885,0.0,0.0,0.0,0.4938342869281769,0.0,0.0,0.21372568607330322,0.0,0.0,0.0,0.0,0.17395491898059845,0.0,0.0,0.0,0.030232448130846024,0.0,0.0,0.0004508101847022772,0.2765950560569763,0.0,0.0,0.0,0.42478233575820923,0.0,0.0,0.21202974021434784,0.0,0.0,0.0,0.0,0.06835838407278061,0.0,0.0,0.0,0.015164272859692574,0.0,0.0,0.0030701893847435713,0.057692307978868484,0.035289421677589417,0.04872909188270569,0.27385228872299194,0.0778392031788826,0.13524869084358215,0.08616746217012405,0.24797280132770538,0.0009977053850889206,7.366549107246101e-05,4.76587865705369e-06,0.0008286517113447189,0.00045597791904583573,3.8986480330963774e-14,4.256498955113996e-15,0.00012134933058405295,0.0018092480022460222,0.00040404676110483706,7.994665065780282e-05,0.002506620017811656,0.05057530105113983,0.20462971925735474,0.3667120933532715,-0.08025535196065903,-0.7254092693328857,2.834949493408203,0.3812730312347412,0.8964636325836182,0.8050278425216675,1.6022568941116333,1.8057774305343628,1.574513554573059,1.448774814605713,0.9077548980712891,1.9126415252685547,2.8884541988372803,2.125962734222412
286,0.12366478890180588,0.0,0.0,0.0,0.2676694095134735,0.0,0.0,0.2538318634033203,0.0,0.0,0.0,0.0,0.32237544655799866,0.0,0.0,0.0,0.03223121538758278,0.0,0.0,0.00022730750788468868,0.24852228164672852,0.0,0.0,0.0,0.40710654854774475,0.0,0.0,0.23782077431678772,0.0,0.0,0.0,0.0,0.08486136794090271,0.0,0.0,0.0,0.018403908237814903,0.0,0.0,0.0032851353753358126,0.08846154063940048,0.03884231671690941,0.06108115240931511,0.26766467094421387,0.0749715119600296,0.1730654239654541,0.13913342356681824,0.43271583318710327,0.0012632280122488737,8.680719474796206e-05,5.639137270918582e-06,0.0013414316345006227,0.0006286209099926054,3.508783162024104e-14,3.830848805492712e-15,0.0001425264636054635,0.0025308867916464806,0.0004832381964661181,0.00010210320760961622,0.0036300960928201675,0.06222279369831085,0.35482335090637207,0.3857642412185669,-0.05750351771712303,-0.7289849519729614,2.341752767562866,0.374568372964859,1.0164843797683716,0.7324642539024353,1.6535980701446533,1.700129508972168,1.5895284414291382,1.3811720609664917,1.0158931016921997,1.972874402999878,2.9170007705688477,2.1168901920318604
287,0.09384025633335114,0.0,0.0,0.0,0.2497146725654602,0.0,0.0,0.3492909371852875,0.0,0.0,0.0,0.0,0.2415948361158371,0.0,0.0,0.0,0.0651685819029808,0.0,0.0,0.00039076319080777466,0.2574460506439209,0.0,0.0,0.0,0.41478124260902405,0.0,0.0,0.22793997824192047,0.0,0.0,0.0,0.0,0.07904303073883057,0.0,0.0,0.0,0.017559820786118507,0.0,0.0,0.0032298946753144264,0.07115384936332703,0.03572854399681091,0.056314609944820404,0.3279440999031067,0.0700613483786583,0.16419526934623718,0.11039970070123672,0.38467469811439514,0.0012079579755663872,7.740440196357667e-05,5.290623448672704e-06,0.0011218483559787273,0.0005337660550139844,3.1579048458216935e-14,3.4477929781735316e-15,0.00015588747919537127,0.0023453531321138144,0.0004196670779492706,8.619959407951683e-05,0.0032706372439861298,0.05829312652349472,0.30714645981788635,0.327603280544281,-0.07148797810077667,-0.7218999862670898,2.5893139839172363,0.3590956926345825,0.8973421454429626,0.7387409806251526,1.546596884727478,1.761709213256836,1.5569297075271606,1.411709189414978,1.2135162353515625,1.835463523864746,2.8409130573272705,2.0380008220672607
288,0.13346461951732635,0.0,0.0,0.0,0.23491023480892181,0.0,0.0,0.457741916179657,0.0,0.0,0.0,0.0,0.1690983772277832,0.0,0.0,0.0,0.004669201094657183,0.0,0.0,0.00011560888378880918,0.2700447738170624,0.0,0.0,0.0,0.42361313104629517,0.0,0.0,0.2170807123184204,0.0,0.0,0.0,0.0,0.07084255665540695,0.0,0.0,0.0,0.015288102440536022,0.0,0.0,0.003130723489448428,0.0634615421295166,0.030578842386603355,0.050012487918138504,0.32694610953330994,0.06385117024183273,0.11564156413078308,0.10117867588996887,0.2387905716896057,0.0011540758423507214,6.305929855443537e-05,4.745961632579565e-06,0.0008116431999951601,0.0004423721693456173,2.842114361239524e-14,3.1030141462242995e-15,0.0001314807595917955,0.0020822444930672646,0.00035312154795974493,6.93973051966168e-05,0.0021090384107083082,0.05211794003844261,0.1738770753145218,0.39239251613616943,-0.08553998172283173,-0.6773057579994202,2.8770134449005127,0.3427608013153076,0.9230151772499084,0.8179601430892944,1.6103795766830444,1.7993760108947754,1.540329098701477,1.5345593690872192,1.1676799058914185,1.6339423656463623,2.654819965362549,2.3839900493621826
289,0.12002944201231003,0.0,0.0,0.0,0.2947593629360199,0.0,0.0,0.1806909590959549,0.0,0.0,0.0,0.0,0.38038912415504456,0.0,0.0,0.0,0.023245373740792274,0.0,0.0,0.0008857952780090272,0.2690597474575043,0.0,0.0,0.0,0.41944777965545654,0.0,0.0,0.21593442559242249,0.0,0.0,0.0,0.0,0.07755424827337265,0.0,0.0,0.0,0.01518264040350914,0.0,0.0,0.0028211658354848623,0.0634615421295166,0.03736526891589165,0.053078655153512955,0.3636726438999176,0.05784164369106293,0.11139871925115585,0.13498641550540924,0.6690139770507812,0.0012231720611453056,5.811720620840788e-05,4.92346407554578e-06,0.0003979925822932273,0.0005537631222978234,2.5579026201837107e-14,2.7927125198436327e-15,8.275539585156366e-05,0.0020400164648890495,0.0003439636784605682,7.130058656912297e-05,0.0013821038883179426,0.055787790566682816,0.4045100212097168,0.37462544441223145,-0.07911458611488342,-0.6809883713722229,2.868013381958008,0.3011702597141266,0.8224708437919617,1.0417883396148682,1.651257038116455,1.8636665344238281,1.8739182949066162,1.753648042678833,1.3460781574249268,1.4572222232818604,2.5028107166290283,2.362048625946045
290,0.11309356987476349,0.0,0.0,0.0,0.2582232356071472,0.0,0.0,0.19968272745609283,0.0,0.0,0.0,0.0,0.41087695956230164,0.0,0.0,0.0,0.01740187592804432,0.0,0.0,0.0007216015364974737,0.2743818461894989,0.0,0.0,0.0,0.4275955557823181,0.0,0.0,0.2105451375246048,0.0,0.0,0.0,0.0,0.0700320303440094,0.0,0.0,0.0,0.014397437684237957,0.0,0.0,0.003047980833798647,0.07115384936332703,0.031097805127501488,0.048986271023750305,0.3149700462818146,0.08266662061214447,0.06968913972377777,0.11812418699264526,0.7368521094322205,0.001281198114156723,5.6236232921946794e-05,4.871915734838694e-06,0.0006400670390576124,0.0006392351933754981,2.302112561453247e-14,2.513549095153455e-15,9.798287646844983e-05,0.0023108660243451595,0.00035063293762505054,6.874177779536694e-05,0.0018160894978791475,0.05106477066874504,0.42898833751678467,0.305290549993515,-0.0862145870923996,-0.6754813194274902,2.9263651371002197,0.32937538623809814,0.8170194029808044,1.0916532278060913,1.5975725650787354,1.8179006576538086,1.8250374794006348,1.7893811464309692,1.2297053337097168,1.3458582162857056,2.8062007427215576,2.150773763656616
291,0.2582566738128662,0.0,0.0,0.0,0.3607145845890045,0.0,0.0,0.20626911520957947,0.0,0.0,0.0,0.0,0.16494913399219513,0.0,0.0,0.0,0.009423140436410904,0.0,0.0,0.0003873100795317441,0.29008156061172485,0.0,0.0,0.0,0.4283142387866974,0.0,0.0,0.19992686808109283,0.0,0.0,0.0,0.0,0.06533472239971161,0.0,0.0,0.0,0.013600305654108524,0.0,0.0,0.0027423175051808357,0.07307692617177963,0.028502993285655975,0.044676657766103745,0.3804391026496887,0.09377279877662659,0.10060390830039978,0.07529734820127487,0.2604764699935913,0.0021257204934954643,8.01419373601675e-05,5.097497705719434e-06,0.0006239142967388034,0.0009883270831778646,2.0719012036639686e-14,2.2621941856381094e-15,0.00011030591849703342,0.0037283399142324924,0.0005020106327719986,7.616147922817618e-05,0.001618033624254167,0.047673288732767105,0.17475084960460663,0.2722027003765106,-0.0941975936293602,-0.6593453884124756,2.947685956954956,0.41858044266700745,0.7647230625152588,1.0871074199676514,1.6190440654754639,1.6856812238693237,1.6728875637054443,1.7524573802947998,1.1309746503829956,1.5307559967041016,3.483452558517456,2.137094497680664
292,0.11587178707122803,0.0,0.0,0.0,0.6338847279548645,0.0,0.0,0.14986170828342438,0.0,0.0,0.0,0.0,0.07472351938486099,0.0,0.0,0.0,0.0254430640488863,0.0,0.0,0.0002152601518901065,0.28851941227912903,0.0,0.0,0.0,0.4268963038921356,0.0,0.0,0.20326654613018036,0.0,0.0,0.0,0.0,0.06385617703199387,0.0,0.0,0.0,0.014504275284707546,0.0,0.0,0.002957297954708338,0.042307693511247635,0.03429141640663147,0.04445942863821983,0.35349300503730774,0.05660435929894447,0.07804343104362488,0.061817653477191925,0.12078489363193512,0.002487562596797943,0.0001225959276780486,5.825034804729512e-06,0.0008027619333006442,0.001127526513300836,1.8647108461283465e-14,2.0359745553160617e-15,0.00013492832658812404,0.004400473088026047,0.0007231099298223853,9.792730998015031e-05,0.002458881353959441,0.04745754972100258,0.10037481039762497,0.18316155672073364,-0.09343171119689941,-0.6635026931762695,2.7923483848571777,0.5708873867988586,0.8790649175643921,0.9503852725028992,1.435181736946106,1.6171408891677856,1.5773849487304688,1.648245096206665,1.0190457105636597,1.8188767433166504,4.547818183898926,2.0174639225006104
293,0.08395393937826157,0.0,0.0,0.0,0.3774653673171997,0.0,0.0,0.4311426877975464,0.0,0.0,0.0,0.0,0.09383367002010345,0.0,0.0,0.0,0.01292745117098093,0.0,0.0,0.0006769215688109398,0.2606504261493683,0.0,0.0,0.0,0.41527172923088074,0.0,0.0,0.22572079300880432,0.0,0.0,0.0,0.0,0.07874369621276855,0.0,0.0,0.0,0.016500836238265038,0.0,0.0,0.0031125403475016356,0.07115384936332703,0.05772455036640167,0.05397753044962883,0.3277445137500763,0.21010786294937134,0.14009469747543335,0.09680735319852829,0.08976159989833832,0.0030862251296639442,0.00016322598094120622,6.409514753613621e-06,0.0015717402566224337,0.0012217520270496607,1.678239761515512e-14,1.832377269191045e-15,0.00022127926058601588,0.005783709231764078,0.0009646470425650477,0.00012596219312399626,0.003931429237127304,0.05739770084619522,0.10743214935064316,0.3195923864841461,-0.07177119702100754,-0.6315176486968994,2.383509397506714,0.6230018138885498,0.9815393686294556,0.8442993760108948,1.4336934089660645,1.5844523906707764,1.4847875833511353,1.6276905536651611,0.9769554138183594,1.8327568769454956,4.8969035148620605,2.100024700164795
294,0.0752658098936081,0.0,0.0,0.0,0.1480472832918167,0.0,0.0,0.1970061957836151,0.0,0.0,0.0,0.0,0.559586763381958,0.0,0.0,0.0,0.019287865608930588,0.0,0.0,0.0008060198742896318,0.2481594830751419,0.0,0.0,0.0,0.4047543406486511,0.0,0.0,0.2376888245344162,0.0,0.0,0.0,0.0,0.08773652464151382,0.0,0.0,0.0,0.018508506938815117,0.0,0.0,0.0031523294746875763,0.07500000298023224,0.06431137770414352,0.05966292321681976,0.3942115604877472,0.13571417331695557,0.14949816465377808,0.135024294257164,0.8433036208152771,0.003295157104730606,0.00016436136502306908,6.4800706240930595e-06,0.0015499172732234001,0.0013591318856924772,1.5104155990167123e-14,1.6491468902827579e-15,0.00022651851759292185,0.0060178660787642,0.0009981400799006224,0.00013434881111606956,0.003907022066414356,0.06383965909481049,0.5796687006950378,0.2714713215827942,-0.058983635157346725,-0.6013306975364685,2.2393248081207275,0.633102536201477,1.0207566022872925,0.8954319357872009,1.413728952407837,1.4198302030563354,1.3768752813339233,1.5685594081878662,0.8584864139556885,1.7992334365844727,4.811805248260498,2.096778392791748
295,0.15652291476726532,0.0,0.0,0.0,0.28416967391967773,0.0,0.0,0.415382981300354,0.0,0.0,0.0,0.0,0.12764617800712585,0.0,0.0,0.0,0.016166942194104195,0.0,0.0,0.00011132161307614297,0.27796176075935364,0.0,0.0,0.0,0.42840561270713806,0.0,0.0,0.2102731466293335,0.0,0.0,0.0,0.0,0.06694521009922028,0.0,0.0,0.0,0.012733105570077896,0.0,0.0,0.0036811912432312965,0.05000000074505806,0.04087824374437332,0.044704120606184006,0.40219560265541077,0.04878421500325203,0.10044698417186737,0.059511199593544006,0.18532249331474304,0.0023090902250260115,0.000133895970066078,6.029689757269807e-06,0.0009467281633988023,0.0010319321881979704,1.3593742085216305e-14,1.4842317989138321e-15,0.00014956403174437582,0.004043202381581068,0.0007818254525773227,0.00010899105109274387,0.002749847248196602,0.04864294454455376,0.14391770958900452,0.20665337145328522,-0.08847890049219131,-0.5764127969741821,2.6209089756011963,0.5610865354537964,0.9976063966751099,0.923111617565155,1.9722316265106201,1.4037123918533325,1.5142412185668945,1.6866910457611084,0.8543018698692322,1.6291731595993042,4.452178478240967,2.2482964992523193
296,0.10586351156234741,0.0,0.0,0.0,0.2231128066778183,0.0,0.0,0.5131354928016663,0.0,0.0,0.0,0.0,0.1134893149137497,0.0,0.0,0.0,0.04438003525137901,0.0,0.0,1.8871194697567262e-05,0.28895947337150574,0.0,0.0,0.0,0.4324135184288025,0.0,0.0,0.1983763873577118,0.0,0.0,0.0,0.0,0.0630563274025917,0.0,0.0,0.0,0.013377754017710686,0.0,0.0,0.0038165359292179346,0.03076923079788685,0.04179640859365463,0.043238453567028046,0.3604790270328522,0.024079706519842148,0.10508133471012115,0.08259644359350204,0.21282099187374115,0.0015315823256969452,8.345593232661486e-05,5.057424459664617e-06,0.0007227041060104966,0.0007348096696659923,1.2234367707288085e-14,1.3358264384780768e-15,0.00010893564467551187,0.0028819453436881304,0.0005023666890338063,7.641089905519038e-05,0.0022785149049013853,0.04682657867670059,0.157882422208786,0.2698281407356262,-0.09258569031953812,-0.5850030779838562,2.998103618621826,0.519094705581665,0.8345746397972107,0.8888888359069824,1.9982093572616577,1.5976656675338745,1.514141321182251,1.7794411182403564,0.9452391862869263,1.4293162822723389,4.06274938583374,2.2368345260620117
297,0.1513364315032959,0.0,0.0,0.0,0.47986170649528503,0.0,0.0,0.20909789204597473,0.0,0.0,0.0,0.0,0.10090252012014389,0.0,0.0,0.0,0.05836557596921921,0.0,0.0,0.00043586301035247743,0.2927993834018707,0.0,0.0,0.0,0.43273672461509705,0.0,0.0,0.19455818831920624,0.0,0.0,0.0,0.0,0.06173320487141609,0.0,0.0,0.0,0.01412532664835453,0.0,0.0,0.004047166556119919,0.03846153989434242,0.035489022731781006,0.04370537027716637,0.33652693033218384,0.03251489996910095,0.11094534397125244,0.08149853348731995,0.2198462039232254,0.001653879415243864,8.13640290289186e-05,4.8726642489782535e-06,0.0005389555008150637,0.000712533772457391,1.1010930258932919e-14,1.2022635304979401e-15,0.00010521797958062962,0.0029495004564523697,0.0004940712242387235,7.200521940831095e-05,0.001755199278704822,0.04662475734949112,0.1596955955028534,0.311832994222641,-0.09229062497615814,-0.575948178768158,3.0521092414855957,0.5164554715156555,0.7848372459411621,0.9177671074867249,1.8054907321929932,1.705114722251892,1.4614171981811523,1.5772852897644043,0.9259820580482483,1.385170340538025,3.9175145626068115,2.32010817527771
298,0.30504873394966125,0.0,0.0,0.0,0.47522830963134766,0.0,0.0,0.10607345402240753,0.0,0.0,0.0,0.0,0.08730464428663254,0.0,0.0,0.0,0.026012754067778587,0.0,0.0,0.00033203308703377843,0.2836560308933258,0.0,0.0,0.0,0.43434977531433105,0.0,0.0,0.19756291806697845,0.0,0.0,0.0,0.0,0.06592056900262833,0.0,0.0,0.0,0.014602632261812687,0.0,0.0,0.003908082377165556,0.05000000074505806,0.035289421677589417,0.045590512454509735,0.4127744436264038,0.06580247730016708,0.06734181195497513,0.057218898087739944,0.15739884972572327,0.0023069167509675026,9.888881322694942e-05,5.403505383583251e-06,0.0005097206449136138,0.0009472239762544632,9.909837402446216e-15,1.0820574850630565e-15,9.055719419848174e-05,0.0047333454713225365,0.0006858588312752545,8.879689266905189e-05,0.0019317602273076773,0.04926463961601257,0.11364184319972992,0.265926331281662,-0.09125541150569916,-0.6025993824005127,2.812077045440674,0.5678763389587402,0.8075363636016846,0.8305357098579407,1.7342714071273804,1.5862141847610474,1.4839667081832886,1.4944652318954468,0.8801042437553406,1.271465539932251,4.144373416900635,2.245389699935913
299,0.05873311683535576,0.0,0.0,0.0,0.6397350430488586,0.0,0.0,0.1382875144481659,0.0,0.0,0.0,0.0,0.13178573548793793,0.0,0.0,0.0,0.030492208898067474,0.0,0.0,0.0009664192912168801,0.24728664755821228,0.0,0.0,0.0,0.4114394187927246,0.0,0.0,0.2312132716178894,0.0,0.0,0.0,0.0,0.08754283934831619,0.0,0.0,0.0,0.01830368861556053,0.0,0.0,0.004214141983538866,0.10961538553237915,0.0655888244509697,0.05875655636191368,0.48942112922668457,0.19915175437927246,0.20118612051010132,0.09124121814966202,0.15684789419174194,0.0032793432474136353,0.00013780395966023207,6.228809525055112e-06,0.0007925015524961054,0.0012338152155280113,8.918852899871942e-15,9.738551670401873e-16,0.00012857120600529015,0.00611450057476759,0.0009435726096853614,0.00011856349738081917,0.0024859190452843904,0.06422010064125061,0.1632336676120758,0.3986840844154358,-0.06376971304416656,-0.5590458512306213,2.3901705741882324,0.639679491519928,0.7961097359657288,0.7669495940208435,1.505165457725525,1.5004550218582153,1.4620693922042847,1.4599006175994873,0.994442343711853,1.351502776145935,4.624638557434082,2.0422472953796387
300,0.04993026703596115,0.0,0.0,0.0,0.5231361389160156,0.0,0.0,0.23438164591789246,0.0,0.0,0.0,0.0,0.167777419090271,0.0,0.0,0.0,0.023615311831235886,0.0,0.0,0.0011591875227168202,0.22989241778850555,0.0,0.0,0.0,0.39681220054626465,0.0,0.0,0.2444835901260376,0.0,0.0,0.0,0.0,0.10075460374355316,0.0,0.0,0.0,0.023441288620233536,0.0,0.0,0.004615898244082928,0.11923076957464218,0.08371257781982422,0.0698077455163002,0.45548900961875916,0.2022879272699356,0.34572410583496094,0.14010192453861237,0.13908718526363373,0.003099237335845828,0.00014767004176974297,6.44032934360439e-06,0.0008631959790363908,0.0012408826733008027,8.026967863994632e-15,8.764708361822947e-16,0.00013325741747394204,0.0057330988347530365,0.0009712394676171243,0.0001185213986900635,0.002547360025346279,0.07515774667263031,0.1925429254770279,0.5453575849533081,-0.048886556178331375,-0.6213133335113525,2.2575371265411377,0.6286501288414001,0.7907476425170898,0.7341329455375671,1.3837347030639648,1.5342789888381958,1.325295090675354,1.4133952856063843,0.9725412726402283,1.286943793296814,4.374697208404541,2.080726146697998
301,0.09844958037137985,0.0,0.0,0.0,0.16201041638851166,0.0,0.0,0.6398717164993286,0.0,0.0,0.0,0.0,0.09149905294179916,0.0,0.0,0.0,0.007271918933838606,0.0,0.0,0.000897322257515043,0.2497624307870865,0.0,0.0,0.0,0.4118201434612274,0.0,0.0,0.2292577028274536,0.0,0.0,0.0,0.0,0.08509242534637451,0.0,0.0,0.0,0.019077306613326073,0.0,0.0,0.004990000277757645,0.04615384712815285,0.05764470994472504,0.060317106544971466,0.36506983637809753,0.0377640463411808,0.10596506297588348,0.10122371464967728,0.1017829030752182,0.002391838002949953,0.00012006671749986708,5.94266748521477e-06,0.0006569161778315902,0.0009527556248940527,7.224271162298464e-15,7.888416778988115e-16,0.00011139114940306172,0.004496655892580748,0.0008066636510193348,0.00010104510874953121,0.002203746233135462,0.0636865571141243,0.09966407716274261,0.3822779655456543,-0.06542890518903732,-0.656189501285553,2.4150819778442383,0.5996400713920593,0.7573673725128174,0.709492564201355,1.347376823425293,1.5575439929962158,1.1985249519348145,1.1925017833709717,0.9159460663795471,1.3449474573135376,3.9649736881256104,2.0375492572784424
302,0.2804906964302063,0.0,0.0,0.0,0.4894772171974182,0.0,0.0,0.13464286923408508,0.0,0.0,0.0,0.0,0.08641862869262695,0.0,0.0,0.0,0.00877360999584198,0.0,0.0,0.00019696226809173822,0.2704748511314392,0.0,0.0,0.0,0.42834991216659546,0.0,0.0,0.20991301536560059,0.0,0.0,0.0,0.0,0.06889888644218445,0.0,0.0,0.0,0.01747320406138897,0.0,0.0,0.004890111740678549,0.03846153989434242,0.04331337288022041,0.05063670501112938,0.31337323784828186,0.029453124850988388,0.09370008111000061,0.06047145649790764,0.10781043022871017,0.0012827804312109947,9.988894453272223e-05,5.286042323859874e-06,0.000595529971178621,0.0005882188561372459,6.501843537848849e-15,7.10000062926618e-16,0.00010707761975936592,0.0026630768552422523,0.0005854443879798055,8.19374035927467e-05,0.001813674345612526,0.05324997752904892,0.0953836739063263,0.37116146087646484,-0.0848102942109108,-0.6538888216018677,2.682692527770996,0.5533092617988586,0.6747168302536011,0.7519122362136841,1.3927408456802368,1.5050567388534546,1.0250669717788696,1.2472813129425049,0.8357364535331726,1.4771150350570679,3.529212236404419,2.1682076454162598
303,0.19496051967144012,0.0,0.0,0.0,0.5826536417007446,0.0,0.0,0.1817474365234375,0.0,0.0,0.0,0.0,0.03699818626046181,0.0,0.0,0.0,0.0033805405255407095,0.0,0.0,0.0002597063430584967,0.26966261863708496,0.0,0.0,0.0,0.4266732335090637,0.0,0.0,0.21399661898612976,0.0,0.0,0.0,0.0,0.06834103167057037,0.0,0.0,0.0,0.016173793002963066,0.0,0.0,0.0051527125760912895,0.05576923117041588,0.04299401119351387,0.05040699243545532,0.25129738450050354,0.04995964467525482,0.08197420835494995,0.06899496167898178,0.020428232848644257,0.0010384293273091316,8.630899537820369e-05,5.567517291638069e-06,0.0006021410226821899,0.000467950536403805,5.85165892995408e-15,6.390179078533196e-16,0.00011774186714319512,0.0021184440702199936,0.0004912751028314233,8.203446486731991e-05,0.0018196322489529848,0.052317436784505844,0.040636371821165085,0.42104092240333557,-0.08846081048250198,-0.622762143611908,2.5808475017547607,0.5394743084907532,0.6162809133529663,0.7245608568191528,1.455518364906311,1.3307125568389893,0.8171788454055786,1.21729576587677,0.8172519207000732,1.4432199001312256,3.201545238494873,2.033940076828003
304,0.10603322088718414,0.0,0.0,0.0,0.4535904824733734,0.0,0.0,0.36932310461997986,0.0,0.0,0.0,0.0,0.0675133466720581,0.0,0.0,0.0,0.0033689572010189295,0.0,0.0,0.00017082957492675632,0.27533435821533203,0.0,0.0,0.0,0.4270623028278351,0.0,0.0,0.20729893445968628,0.0,0.0,0.0,0.0,0.06858012825250626,0.0,0.0,0.0,0.016372716054320335,0.0,0.0,0.005351548083126545,0.048076923936605453,0.04371257498860359,0.05094631761312485,0.23732534050941467,0.030425291508436203,0.07406534254550934,0.08814261853694916,0.0676935613155365,0.0008480759570375085,6.92193498252891e-05,5.160795808478724e-06,0.0007445958908647299,0.0003669346624519676,5.266492571090551e-15,5.751397122295246e-16,0.00011158383858855814,0.0016088346019387245,0.0003975230793002993,7.376349094556645e-05,0.0018891682848334312,0.0526885986328125,0.07104995101690292,0.3659117817878723,-0.08483607321977615,-0.6278035044670105,2.689845085144043,0.5106821060180664,0.5784730315208435,0.7094780802726746,1.4397523403167725,1.4018951654434204,0.9825193881988525,1.1666678190231323,0.7754458785057068,1.417829990386963,3.0564236640930176,1.807844638824463
305,0.10149957984685898,0.0,0.0,0.0,0.6434425115585327,0.0,0.0,0.12333520501852036,0.0,0.0,0.0,0.0,0.12805001437664032,0.0,0.0,0.0,0.003427578369155526,0.0,0.0,0.0002450775064062327,0.2747025191783905,0.0,0.0,0.0,0.43145954608917236,0.0,0.0,0.2040807455778122,0.0,0.0,0.0,0.0,0.06789438426494598,0.0,0.0,0.0,0.016368284821510315,0.0,0.0,0.005494527518749237,0.042307693511247635,0.0439520962536335,0.05029213801026344,0.2616766393184662,0.019139433279633522,0.10883629322052002,0.07805207371711731,0.1563851535320282,0.0010524899698793888,7.153819024097174e-05,4.969052952219499e-06,0.0005830900045111775,0.00040907112997956574,4.739843059871612e-15,5.176309396712859e-16,0.00011034576164092869,0.0019751950167119503,0.0004287963092792779,7.039777119643986e-05,0.0015688654966652393,0.052370790392160416,0.13171496987342834,0.48119795322418213,-0.08353432267904282,-0.6379655003547668,2.7556612491607666,0.5314978957176208,0.5384356379508972,0.6606482863426208,1.3857572078704834,1.4578698873519897,1.008127212524414,1.2785686254501343,0.7547420263290405,1.2904462814331055,3.1340911388397217,1.6172453165054321
306,0.32110342383384705,0.0,0.0,0.0,0.4027569890022278,0.0,0.0,0.0953998789191246,0.0,0.0,0.0,0.0,0.1503051370382309,0.0,0.0,0.0,0.030249102041125298,0.0,0.0,0.00018550966342445463,0.26950880885124207,0.0,0.0,0.0,0.425344854593277,0.0,0.0,0.21072106063365936,0.0,0.0,0.0,0.0,0.07213344424962997,0.0,0.0,0.0,0.01711331121623516,0.0,0.0,0.005178505554795265,0.04423077031970024,0.044191617518663406,0.052998755127191544,0.28003990650177,0.02261383831501007,0.05767771974205971,0.09024094045162201,0.24043384194374084,0.0012991197872906923,8.447855361737311e-05,5.163740752323065e-06,0.000527904718182981,0.0006550948601216078,4.265858669181156e-15,4.659559477185836e-16,0.00010831683175638318,0.002705817576497793,0.0005089292535558343,7.653527427464724e-05,0.0017503752605989575,0.05511506274342537,0.1807306557893753,0.559201717376709,-0.07168328016996384,-0.6396558284759521,2.6157355308532715,0.5104563236236572,0.5735469460487366,0.6497563719749451,1.271242618560791,1.4898154735565186,1.2085025310516357,1.34857976436615,0.7319151759147644,1.1406453847885132,3.0314154624938965,1.594292163848877
307,0.317219078540802,0.0,0.0,0.0,0.4291204810142517,0.0,0.0,0.10053805261850357,0.0,0.0,0.0,0.0,0.14560848474502563,0.0,0.0,0.0,0.007327653467655182,0.0,0.0,0.00018617865862324834,0.2645127773284912,0.0,0.0,0.0,0.42500972747802734,0.0,0.0,0.21565860509872437,0.0,0.0,0.0,0.0,0.073114313185215,0.0,0.0,0.0,0.01604890264570713,0.0,0.0,0.005655668210238218,0.036538463085889816,0.048423152416944504,0.052744071930646896,0.2996007800102234,0.01135262195020914,0.07344746589660645,0.08644476532936096,0.20953629910945892,0.0018384838476777077,9.700149530544877e-05,5.356961992220022e-06,0.0004592548939399421,0.0007316534756682813,3.83927297166963e-15,4.1938739976752227e-16,9.106192737817764e-05,0.003585285507142544,0.0006057036807760596,8.032473851926625e-05,0.0016031422419473529,0.05534239858388901,0.1531144231557846,0.4788869321346283,-0.0743885263800621,-0.6221967935562134,2.5154740810394287,0.544090747833252,0.5530547499656677,0.621236264705658,1.2621936798095703,1.5330404043197632,1.2111204862594604,1.2509385347366333,0.7048549652099609,1.0949164628982544,3.1398181915283203,1.4996929168701172
308,0.10321253538131714,0.0,0.0,0.0,0.21066860854625702,0.0,0.0,0.4009312689304352,0.0,0.0,0.0,0.0,0.27756381034851074,0.0,0.0,0.0,0.00749156204983592,0.0,0.0,0.00013212455087341368,0.259811133146286,0.0,0.0,0.0,0.42044976353645325,0.0,0.0,0.2212422788143158,0.0,0.0,0.0,0.0,0.07586187869310379,0.0,0.0,0.0,0.016704954206943512,0.0,0.0,0.005930000450462103,0.04423077031970024,0.050459083169698715,0.054764047265052795,0.31177642941474915,0.05107485502958298,0.1344320923089981,0.08399278670549393,0.4215540885925293,0.0020057051442563534,0.00011055528011638671,5.3873231991019566e-06,0.0006459421711042523,0.000762216979637742,3.4553453356894878e-15,3.77456039565323e-16,0.00011579424608498812,0.0042159780859947205,0.0006657660705968738,8.370015711989254e-05,0.0020063742995262146,0.05748817324638367,0.2851778566837311,0.3740164339542389,-0.07327766716480255,-0.5614593625068665,2.447150468826294,0.5587988495826721,0.5535462498664856,0.5883480310440063,1.1523959636688232,1.5241786241531372,1.1493195295333862,1.1986255645751953,0.7847380042076111,1.0795854330062866,3.1892123222351074,1.730907917022705
309,0.1278383731842041,0.0,0.0,0.0,0.36958202719688416,0.0,0.0,0.3713117837905884,0.0,0.0,0.0,0.0,0.0933990329504013,0.0,0.0,0.0,0.03777093067765236,0.0,0.0,9.784467692952603e-05,0.2641015946865082,0.0,0.0,0.0,0.42314356565475464,0.0,0.0,0.21371573209762573,0.0,0.0,0.0,0.0,0.07521519064903259,0.0,0.0,0.0,0.018093451857566833,0.0,0.0,0.0057304538786411285,0.028846153989434242,0.04315369203686714,0.05488140136003494,0.36846306920051575,0.009804481640458107,0.051573146134614944,0.08207404613494873,0.18908865749835968,0.00182081398088485,0.00011900735989911482,5.463835805130657e-06,0.0006844940362498164,0.0007042000070214272,3.109810738593068e-15,3.3971045149065846e-16,0.00012217961193528026,0.0039490582421422005,0.000653073366265744,8.147777407430112e-05,0.0019926512613892555,0.05781293660402298,0.13126003742218018,0.3903186619281769,-0.07816044986248016,-0.544827401638031,2.434720516204834,0.5849669575691223,0.5927191376686096,0.4998052418231964,1.0009450912475586,1.5768330097198486,1.0776329040527344,1.1656769514083862,0.7569515109062195,0.9924008846282959,3.161978244781494,1.656597375869751
310,0.33501946926116943,0.0,0.0,0.0,0.4579531252384186,0.0,0.0,0.16861048340797424,0.0,0.0,0.0,0.0,0.03657142072916031,0.0,0.0,0.0,0.0018239752389490604,0.0,0.0,2.1415104129118845e-05,0.28077811002731323,0.0,0.0,0.0,0.4345135986804962,0.0,0.0,0.19983309507369995,0.0,0.0,0.0,0.0,0.06323318928480148,0.0,0.0,0.0,0.01576855778694153,0.0,0.0,0.005873470101505518,0.02500000037252903,0.027345309033989906,0.04767540842294693,0.3125748336315155,0.012876191176474094,0.016492091119289398,0.045504648238420486,0.05094386264681816,0.0015523731708526611,8.658228762215003e-05,5.0215980991197284e-06,0.0004676336538977921,0.0005744994850829244,2.7988295800304664e-15,3.057394010476367e-16,9.341348049929366e-05,0.0033474559895694256,0.0005269311368465424,7.139500667108223e-05,0.001241688965819776,0.04954532906413078,0.03841427341103554,0.3996967077255249,-0.09204818308353424,-0.5673980116844177,2.6760237216949463,0.5829272866249084,0.5580160021781921,0.4826273024082184,1.0779602527618408,1.4565949440002441,0.9117788076400757,1.1728692054748535,0.6569153666496277,1.0605391263961792,3.022517681121826,1.6910040378570557
311,0.4469699263572693,0.0,0.0,0.0,0.3545430302619934,0.0,0.0,0.09305614233016968,0.0,0.0,0.0,0.0,0.10317179560661316,0.0,0.0,0.0,0.00221502804197371,0.0,0.0,4.402502236189321e-05,0.2701672911643982,0.0,0.0,0.0,0.4315134882926941,0.0,0.0,0.2085111439228058,0.0,0.0,0.0,0.0,0.0686931312084198,0.0,0.0,0.0,0.014705765061080456,0.0,0.0,0.006409186404198408,0.03076923079788685,0.02690618857741356,0.05034956336021423,0.3487025797367096,0.00916487816721201,0.020007511600852013,0.06173232942819595,0.15638478100299835,0.0013853437267243862,7.017482130322605e-05,5.100892394693801e-06,0.0005764288362115622,0.0005860329838469625,2.518946812609833e-15,2.751792993436488e-16,0.00010664351430023089,0.0028501444030553102,0.00043874033144675195,7.167575677158311e-05,0.0016676593804731965,0.05243110656738281,0.10542403906583786,0.26316165924072266,-0.08364732563495636,-0.5890483856201172,2.6976170539855957,0.5189757347106934,0.7560138702392578,0.5345338582992554,1.0601376295089722,1.3458306789398193,0.9515887498855591,1.1486958265304565,0.7566487789154053,1.2713196277618408,2.933990716934204,1.6921324729919434
312,0.1271805465221405,0.0,0.0,0.0,0.5920031070709229,0.0,0.0,0.14919593930244446,0.0,0.0,0.0,0.0,0.1295872926712036,0.0,0.0,0.0,0.00200379709713161,0.0,0.0,2.9318352972040884e-05,0.2717674970626831,0.0,0.0,0.0,0.43504416942596436,0.0,0.0,0.20793019235134125,0.0,0.0,0.0,0.0,0.06444922089576721,0.0,0.0,0.0,0.014785176143050194,0.0,0.0,0.006023737136274576,0.028846153989434242,0.02578842267394066,0.048494383692741394,0.2742514908313751,0.02092627063393593,0.03717603534460068,0.06027185916900635,0.1855635941028595,0.001126432092860341,6.572541315108538e-05,5.037618393544108e-06,0.0004407995438668877,0.0005002051475457847,2.267051919590613e-15,2.476614223488431e-16,8.801021613180637e-05,0.002228572266176343,0.0003745330322999507,7.007719250395894e-05,0.001749706920236349,0.04977498576045036,0.1316125988960266,0.30117982625961304,-0.08569801598787308,-0.6243308782577515,2.7382302284240723,0.4869079887866974,0.6808726191520691,0.5097572207450867,1.1805039644241333,1.316272258758545,0.914531409740448,1.1262669563293457,0.7010083794593811,1.4127509593963623,2.6631205081939697,1.7105374336242676
313,0.09726378321647644,0.0,0.0,0.0,0.32429391145706177,0.0,0.0,0.2202037274837494,0.0,0.0,0.0,0.0,0.34321022033691406,0.0,0.0,0.0,0.014986624009907246,0.0,0.0,4.17235896748025e-05,0.27478334307670593,0.0,0.0,0.0,0.43285876512527466,0.0,0.0,0.20661498606204987,0.0,0.0,0.0,0.0,0.06420683860778809,0.0,0.0,0.0,0.015738802030682564,0.0,0.0,0.0057972511276602745,0.028846153989434242,0.03616766631603241,0.047106120735406876,0.3576846122741699,0.017384491860866547,0.0757102370262146,0.06940978765487671,0.5265073180198669,0.0007866527885198593,4.889512274530716e-05,4.6744726205361076e-06,0.0005201047169975936,0.000361420214176178,2.0403467276315515e-15,2.2290031995999497e-16,9.268251596949995e-05,0.0014970182674005628,0.00026310491375625134,5.9737103583756834e-05,0.0018106800271198153,0.050057996064424515,0.3582286834716797,0.2915782928466797,-0.08477034419775009,-0.6279481053352356,2.912625551223755,0.44270461797714233,0.6341511011123657,0.5350156426429749,1.340935230255127,1.3697813749313354,1.1527676582336426,1.1201131343841553,0.6951472759246826,1.3625773191452026,2.492494821548462,1.721351981163025
314,0.08919128775596619,0.0,0.0,0.0,0.2866641879081726,0.0,0.0,0.24056604504585266,0.0,0.0,0.0,0.0,0.2376922369003296,0.0,0.0,0.0,0.14585307240486145,0.0,0.0,3.315835419925861e-05,0.2752216160297394,0.0,0.0,0.0,0.4270938038825989,0.0,0.0,0.2096567153930664,0.0,0.0,0.0,0.0,0.06704707443714142,0.0,0.0,0.0,0.01583889313042164,0.0,0.0,0.005141878500580788,0.04038461670279503,0.04371257498860359,0.048769041895866394,0.30039918422698975,0.04831472411751747,0.08108701556921005,0.08597449958324432,0.5491080284118652,0.000675827031955123,4.272743171895854e-05,4.228541456541279e-06,0.0005181337473914027,0.00031131182913668454,1.8363121607475148e-15,2.0061235525378236e-16,9.143032366409898e-05,0.0012328140437602997,0.0002253619022667408,5.19811874255538e-05,0.0014647182542830706,0.051389534026384354,0.3835678696632385,0.23427441716194153,-0.08268621563911438,-0.5989104509353638,3.0091190338134766,0.4314369559288025,0.5797958374023438,0.5284375548362732,1.250451922416687,1.5140262842178345,1.166886568069458,1.0702762603759766,0.6939254403114319,1.2861002683639526,2.3549795150756836,1.5626715421676636
315,0.07778957486152649,0.0,0.0,0.0,0.2105201780796051,0.0,0.0,0.40804925560951233,0.0,0.0,0.0,0.0,0.028515104204416275,0.0,0.0,0.0,0.27511000633239746,0.0,0.0,1.585996687936131e-05,0.27548280358314514,0.0,0.0,0.0,0.42373043298721313,0.0,0.0,0.21325995028018951,0.0,0.0,0.0,0.0,0.06624016165733337,0.0,0.0,0.0,0.015755385160446167,0.0,0.0,0.0055312723852694035,0.028846153989434242,0.03676646575331688,0.04997003823518753,0.21516965329647064,0.03854212164878845,0.07232397794723511,0.10569574683904648,0.40165212750434875,0.0006763027631677687,4.129936860408634e-05,4.085764885530807e-06,0.0005179911968298256,0.00035469315480440855,1.6526809234969396e-15,1.8055304011091423e-16,9.796883387025446e-05,0.0013873334974050522,0.00022781427833251655,5.1058741519227624e-05,0.0013737622648477554,0.05109724774956703,0.3036321997642517,0.2681114673614502,-0.08130240440368652,-0.6155921816825867,3.1444640159606934,0.4394470751285553,0.6045128107070923,0.6343114972114563,1.1083377599716187,1.4891102313995361,1.372644066810608,1.071569561958313,0.7046151757240295,1.2666782140731812,2.5217132568359375,1.603636622428894
316,0.10665705054998398,0.0,0.0,0.0,0.1453983038663864,0.0,0.0,0.37148386240005493,0.0,0.0,0.0,0.0,0.1118709146976471,0.0,0.0,0.0,0.264581561088562,0.0,0.0,8.363379492948297e-06,0.2688182592391968,0.0,0.0,0.0,0.4210333824157715,0.0,0.0,0.21554337441921234,0.0,0.0,0.0,0.0,0.07235642522573471,0.0,0.0,0.0,0.016860250383615494,0.0,0.0,0.005388286430388689,0.057692307978868484,0.02670658752322197,0.05368040129542351,0.32135728001594543,0.07473567873239517,0.04282407462596893,0.16310933232307434,0.5038115382194519,0.0007995181367732584,4.9782582209445536e-05,4.19146272179205e-06,0.0004382951883599162,0.0004065596731379628,1.4874127252681273e-15,1.6249771227702116e-16,8.940476254792884e-05,0.0016945977695286274,0.00027263336232863367,5.5474243708886206e-05,0.0016138555947691202,0.05522872880101204,0.3764505386352539,0.2475069761276245,-0.07476955652236938,-0.6068093776702881,2.980398654937744,0.44251614809036255,0.576387345790863,0.6985886693000793,1.121788501739502,1.414101481437683,1.2209172248840332,1.2621421813964844,0.7015289664268494,1.2350116968154907,2.596214532852173,1.507396936416626
317,0.1263657510280609,0.0,0.0,0.0,0.1987038105726242,0.0,0.0,0.3870401978492737,0.0,0.0,0.0,0.0,0.16224589943885803,0.0,0.0,0.0,0.12562498450279236,0.0,0.0,1.935231739480514e-05,0.26695674657821655,0.0,0.0,0.0,0.4210844337940216,0.0,0.0,0.21501260995864868,0.0,0.0,0.0,0.0,0.07386302947998047,0.0,0.0,0.0,0.017742544412612915,0.0,0.0,0.0053406450897455215,0.05961538478732109,0.024950100108981133,0.05398502200841904,0.42315366864204407,0.05736440047621727,0.04417361319065094,0.15280772745609283,0.40755149722099304,0.0011428706347942352,5.794818207505159e-05,4.5038104872219265e-06,0.0008173795067705214,0.0004882198991253972,1.3386713045105488e-15,1.4635364811415842e-16,0.00013406015932559967,0.0022017047740519047,0.0003317631781101227,6.155872688395903e-05,0.002244792180135846,0.05659506469964981,0.2878807783126831,0.2542312741279602,-0.07426052540540695,-0.5674316883087158,2.830954074859619,0.44508564472198486,0.6692744493484497,0.709265410900116,1.095267653465271,1.3670604228973389,1.0701202154159546,1.387671947479248,0.7813993096351624,1.121356725692749,2.664576768875122,1.6017427444458008
318,0.2717932164669037,0.0,0.0,0.0,0.3344764709472656,0.0,0.0,0.1268887221813202,0.0,0.0,0.0,0.0,0.18928667902946472,0.0,0.0,0.0,0.07753928005695343,0.0,0.0,1.569179949001409e-05,0.2540276050567627,0.0,0.0,0.0,0.40774843096733093,0.0,0.0,0.22555018961429596,0.0,0.0,0.0,0.0,0.08630254864692688,0.0,0.0,0.0,0.021038157865405083,0.0,0.0,0.005333057604730129,0.08461538702249527,0.04115768522024155,0.06255430728197098,0.44411176443099976,0.11258702725172043,0.12369987368583679,0.17190450429916382,0.3462599515914917,0.0014091411139816046,7.558092329418287e-05,5.100061571283732e-06,0.0009960392490029335,0.0006564478389918804,1.2048042058232294e-15,1.3173018014518456e-16,0.00015549964155070484,0.0025860259775072336,0.0004220773698762059,7.428745448123664e-05,0.002696999115869403,0.06577201932668686,0.26682937145233154,0.2652420997619629,-0.06102398410439491,-0.690287172794342,2.5166831016540527,0.42843425273895264,0.626003623008728,0.676684558391571,1.03704035282135,1.4234198331832886,1.1900321245193481,1.3668431043624878,0.9565963745117188,1.0814003944396973,2.614328384399414,1.5618669986724854
319,0.19349339604377747,0.0,0.0,0.0,0.45788341760635376,0.0,0.0,0.14266689121723175,0.0,0.0,0.0,0.0,0.14639948308467865,0.0,0.0,0.0,0.05954575166106224,0.0,0.0,1.1076671398768667e-05,0.2561417520046234,0.0,0.0,0.0,0.41040700674057007,0.0,0.0,0.22684571146965027,0.0,0.0,0.0,0.0,0.08200272172689438,0.0,0.0,0.0,0.01941678114235401,0.0,0.0,0.005186021327972412,0.08653846383094788,0.03764471039175987,0.059188518673181534,0.4257484972476959,0.13098561763763428,0.10453492403030396,0.13936643302440643,0.26373082399368286,0.0011797967599704862,7.118406938388944e-05,5.016526301915292e-06,0.0010366677306592464,0.000573464494664222,1.0843237217134354e-15,1.1855946632498044e-16,0.00015621661441400647,0.0021831351332366467,0.0004065230896230787,7.095954788383096e-05,0.002357747172936797,0.06222975254058838,0.20594531297683716,0.3714323043823242,-0.06549245864152908,-0.7510526776313782,2.5982370376586914,0.3969259560108185,0.6189309358596802,0.6468003392219543,1.1629841327667236,1.4616566896438599,1.2174549102783203,1.2817797660827637,0.9159837365150452,1.147780179977417,2.4263651371002197,1.6266204118728638
320,0.13215136528015137,0.0,0.0,0.0,0.20510165393352509,0.0,0.0,0.2558181583881378,0.0,0.0,0.0,0.0,0.2702364921569824,0.0,0.0,0.0,0.13664673268795013,0.0,0.0,4.5633882109541446e-05,0.2741531729698181,0.0,0.0,0.0,0.4228314459323883,0.0,0.0,0.21262577176094055,0.0,0.0,0.0,0.0,0.06851345300674438,0.0,0.0,0.0,0.016642559319734573,0.0,0.0,0.005233583971858025,0.06923077255487442,0.031137725338339806,0.05018477141857147,0.3654690384864807,0.12445052713155746,0.12811385095119476,0.13560304045677185,0.5703204274177551,0.0005969963385723531,4.3752166675403714e-05,4.529746547632385e-06,0.0004349225200712681,0.0002793649327941239,9.758914342453866e-16,1.067052931677157e-16,8.511669875588268e-05,0.0010762837482616305,0.0002405985869700089,5.652195977745578e-05,0.0016197465592995286,0.052765149623155594,0.40691959857940674,0.22003518044948578,-0.08174102008342743,-0.6358767747879028,2.8952760696411133,0.347554475069046,0.624397337436676,0.7041555047035217,1.1773061752319336,1.4608452320098877,1.2186130285263062,1.3568695783615112,0.8777253031730652,1.3633127212524414,2.195359468460083,1.5799428224563599
321,0.16004742681980133,0.0,0.0,0.0,0.2585952579975128,0.0,0.0,0.21322306990623474,0.0,0.0,0.0,0.0,0.18852588534355164,0.0,0.0,0.0,0.17955100536346436,0.0,0.0,5.726269955630414e-05,0.2726138234138489,0.0,0.0,0.0,0.4248378574848175,0.0,0.0,0.2115485519170761,0.0,0.0,0.0,0.0,0.06905363500118256,0.0,0.0,0.0,0.016791459172964096,0.0,0.0,0.005154679995030165,0.057692307978868484,0.03029940091073513,0.05062422156333923,0.3658682405948639,0.09739703685045242,0.08207835257053375,0.13023699820041656,0.5416663885116577,0.0005508964532054961,3.858385025523603e-05,4.203298885840923e-06,0.0005437590298242867,0.0002550606441218406,8.783022272933769e-16,9.603476252745515e-17,0.00010511334403418005,0.0009584866929799318,0.0002110187051584944,5.010281893191859e-05,0.0013575439807027578,0.05311543494462967,0.3681255578994751,0.46614131331443787,-0.08525006473064423,-0.6074687242507935,2.989102602005005,0.3481706976890564,0.6073885560035706,0.6364383101463318,1.1022617816925049,1.439656376838684,1.228240966796875,1.2534078359603882,0.8076545596122742,1.4034777879714966,2.0004608631134033,1.6618462800979614
322,0.3130122721195221,0.0,0.0,0.0,0.19697600603103638,0.0,0.0,0.281221866607666,0.0,0.0,0.0,0.0,0.20285005867481232,0.0,0.0,0.0,0.0059199221432209015,0.0,0.0,1.984503433050122e-05,0.28375768661499023,0.0,0.0,0.0,0.428096741437912,0.0,0.0,0.20637355744838715,0.0,0.0,0.0,0.0,0.06250347942113876,0.0,0.0,0.0,0.014129457995295525,0.0,0.0,0.005139068700373173,0.05384615436196327,0.02802395261824131,0.04520849138498306,0.3469061851501465,0.07234510034322739,0.07101516425609589,0.07615747302770615,0.2940674126148224,0.0005868673324584961,4.106432606931776e-05,4.181325493846089e-06,0.00042193601257167757,0.0002686820225790143,7.9047195162448e-16,8.643473594873623e-17,8.244364289566875e-05,0.0011525278678163886,0.00022286412422545254,5.1110739150317386e-05,0.0013215787475928664,0.04772664234042168,0.20878323912620544,0.4258003532886505,-0.09287100285291672,-0.5706435441970825,3.0077435970306396,0.3679504692554474,0.5618056654930115,0.6770076155662537,1.0047911405563354,1.3795570135116577,1.1086921691894531,1.2145652770996094,0.8698227405548096,1.3228495121002197,2.002121925354004,1.8469380140304565
323,0.3917364180088043,0.0,0.0,0.0,0.21508367359638214,0.0,0.0,0.22232326865196228,0.0,0.0,0.0,0.0,0.1609281599521637,0.0,0.0,0.0,0.009904042817652225,0.0,0.0,2.443215998937376e-05,0.2839352488517761,0.0,0.0,0.0,0.43437129259109497,0.0,0.0,0.20219649374485016,0.0,0.0,0.0,0.0,0.06019110977649689,0.0,0.0,0.0,0.014190204441547394,0.0,0.0,0.005115628242492676,0.048076923936605453,0.024870259687304497,0.04378277435898781,0.36267465353012085,0.038557086139917374,0.0681224837899208,0.06354305148124695,0.245426207780838,0.0007571952301077545,5.368124766391702e-05,4.374335730972234e-06,0.0004138697113376111,0.0003107309457845986,7.11424825283459e-16,7.779125441292873e-17,7.822588668204844e-05,0.0016101575456559658,0.00029171520145609975,5.628032158710994e-05,0.0013543901732191443,0.04639510437846184,0.17085053026676178,0.512069582939148,-0.09653633087873459,-0.621778666973114,2.960585594177246,0.4031573235988617,0.53150874376297,0.7099696397781372,0.998604953289032,1.4957767724990845,1.1458934545516968,1.15433669090271,0.856480062007904,1.201494812965393,2.1841228008270264,1.9174234867095947
324,0.4020964205265045,0.0,0.0,0.0,0.23337675631046295,0.0,0.0,0.27436724305152893,0.0,0.0,0.0,0.0,0.061555758118629456,0.0,0.0,0.0,0.02858605794608593,0.0,0.0,1.7762347852112725e-05,0.27347782254219055,0.0,0.0,0.0,0.4300694167613983,0.0,0.0,0.21245498955249786,0.0,0.0,0.0,0.0,0.06277576088905334,0.0,0.0,0.0,0.015386877581477165,0.0,0.0,0.005835168529301882,0.06538461893796921,0.027385229244828224,0.04645193740725517,0.36087822914123535,0.0666760504245758,0.09499349445104599,0.07121383398771286,0.09472065418958664,0.0010837196605280042,6.317597581073642e-05,4.770847681356827e-06,0.0003684757393784821,0.0004822739283554256,6.402822633457743e-16,7.00163323726366e-17,7.363956683548167e-05,0.0018875137902796268,0.00038486841367557645,6.645395478699356e-05,0.0015083311591297388,0.04902106523513794,0.09015500545501709,0.3526383638381958,-0.08989768475294113,-0.6435184478759766,2.7466022968292236,0.41983088850975037,0.5053345561027527,0.7067015767097473,1.1556202173233032,1.3362252712249756,1.4171712398529053,1.1638915538787842,1.000089406967163,1.0662157535552979,2.409356117248535,1.9718587398529053
325,0.3999064266681671,0.0,0.0,0.0,0.2531900405883789,0.0,0.0,0.21177713572978973,0.0,0.0,0.0,0.0,0.10402040183544159,0.0,0.0,0.0,0.031094100326299667,0.0,0.0,1.1919672033400275e-05,0.2777726948261261,0.0,0.0,0.0,0.43072080612182617,0.0,0.0,0.20743811130523682,0.0,0.0,0.0,0.0,0.06330271065235138,0.0,0.0,0.0,0.015160850249230862,0.0,0.0,0.005604824051260948,0.05961538478732109,0.02614770457148552,0.045782774686813354,0.4245508909225464,0.058832842856645584,0.11886705458164215,0.07588891685009003,0.153863787651062,0.0009144506184384227,5.497517850017175e-05,4.513221938395873e-06,0.00040243309922516346,0.0004136778006795794,5.762539840716376e-16,6.301470509107335e-17,7.069385173963383e-05,0.001749275834299624,0.0003199070633854717,6.262207170948386e-05,0.0014398813946172595,0.04906050115823746,0.13512085378170013,0.33179426193237305,-0.08696913719177246,-0.6545417904853821,2.9370951652526855,0.40079089999198914,0.4808943569660187,0.7836742997169495,1.1930240392684937,1.2460429668426514,1.7031338214874268,1.3029749393463135,0.9375377297401428,1.2250217199325562,2.4301211833953857,1.7621352672576904
326,0.43982312083244324,0.0,0.0,0.0,0.2846282422542572,0.0,0.0,0.09216731041669846,0.0,0.0,0.0,0.0,0.16928745806217194,0.0,0.0,0.0,0.014080477878451347,0.0,0.0,1.3400236639427021e-05,0.2795269191265106,0.0,0.0,0.0,0.43087655305862427,0.0,0.0,0.20361359417438507,0.0,0.0,0.0,0.0,0.06573643535375595,0.0,0.0,0.0,0.015030808746814728,0.0,0.0,0.005215662997215986,0.05000000074505806,0.030059879645705223,0.04735081270337105,0.37644708156585693,0.04994224011898041,0.07970060408115387,0.08843884617090225,0.2295142263174057,0.0008065254078246653,5.780871651950292e-05,4.465648089535534e-06,0.000657781376503408,0.00039373020990751684,5.186285856644739e-16,5.671322994975459e-17,0.00010485837992746383,0.0015184454387053847,0.00033403263660147786,6.179988849908113e-05,0.0018034086097031832,0.050173982977867126,0.18337170779705048,0.3462423086166382,-0.08518029749393463,-0.6726607084274292,2.937509775161743,0.4259648621082306,0.44709187746047974,0.7394692897796631,1.2702205181121826,1.215075969696045,1.5872902870178223,1.192160964012146,0.8739676475524902,1.1433842182159424,2.4742918014526367,1.752623438835144
327,0.14681465923786163,0.0,0.0,0.0,0.23759429156780243,0.0,0.0,0.4841051697731018,0.0,0.0,0.0,0.0,0.11981870979070663,0.0,0.0,0.0,0.011655687354505062,0.0,0.0,1.151552532974165e-05,0.283159077167511,0.0,0.0,0.0,0.43708106875419617,0.0,0.0,0.20138750970363617,0.0,0.0,0.0,0.0,0.05946407839655876,0.0,0.0,0.0,0.013704130426049232,0.0,0.0,0.005204150453209877,0.026923077180981636,0.02023952081799507,0.04335830360651016,0.36467063426971436,0.007005923893302679,0.04687865823507309,0.06424050778150558,0.20004568994045258,0.0009069755906239152,4.842145062866621e-05,4.359724698588252e-06,0.0002682044287212193,0.0004170515458099544,4.667657112161587e-16,5.104190761652362e-17,5.9930105635430664e-05,0.0016728523187339306,0.00028923575882799923,5.467337541631423e-05,0.0008935852674767375,0.04572933167219162,0.13148145377635956,0.35485270619392395,-0.09347159415483475,-0.7641979455947876,3.1374716758728027,0.4046674370765686,0.6015878915786743,0.7187460660934448,1.292030930519104,1.2594894170761108,1.3870429992675781,1.3890408277511597,0.8282245993614197,1.3714426755905151,2.4353575706481934,2.050079107284546
328,0.13890719413757324,0.0,0.0,0.0,0.23051302134990692,0.0,0.0,0.1667299121618271,0.0,0.0,0.0,0.0,0.30236756801605225,0.0,0.0,0.0,0.16147078573703766,0.0,0.0,1.1526268281158991e-05,0.27370569109916687,0.0,0.0,0.0,0.428610622882843,0.0,0.0,0.20781482756137848,0.0,0.0,0.0,0.0,0.07026422768831253,0.0,0.0,0.0,0.014161783270537853,0.0,0.0,0.005442863795906305,0.02500000037252903,0.03277445212006569,0.048681650310754776,0.45369261503219604,0.003571950364857912,0.05446639284491539,0.134351447224617,0.8385857343673706,0.0013858256861567497,5.687105658580549e-05,4.4660359890258405e-06,0.00030421713017858565,0.0005048280581831932,4.2008914009454286e-16,4.593771354614881e-17,6.29169589956291e-05,0.002539797220379114,0.0003289169690106064,6.174540612846613e-05,0.0008977135876193643,0.0524357445538044,0.46383461356163025,0.34048739075660706,-0.08346418291330338,-0.8417243957519531,2.868813991546631,0.44386717677116394,0.6693609356880188,0.6533235311508179,1.2525886297225952,1.4634125232696533,1.2552508115768433,1.2640448808670044,0.8462824821472168,1.231411337852478,2.5144755840301514,2.335980176925659
329,0.10439549386501312,0.0,0.0,0.0,0.21376197040081024,0.0,0.0,0.3782019317150116,0.0,0.0,0.0,0.0,0.2112133651971817,0.0,0.0,0.0,0.0923890545964241,0.0,0.0,3.81596946681384e-05,0.2503916323184967,0.0,0.0,0.0,0.41451895236968994,0.0,0.0,0.23096863925457,0.0,0.0,0.0,0.0,0.08100005239248276,0.0,0.0,0.0,0.017311714589595795,0.0,0.0,0.005809006746858358,0.048076923936605453,0.04415169730782509,0.058469414710998535,0.32714569568634033,0.020153788849711418,0.07739861309528351,0.1904597133398056,0.43295443058013916,0.0009524362394586205,5.0176793592981994e-05,4.531187641987344e-06,0.0004549327422864735,0.00041052899905480444,3.78080196968331e-16,4.1343942853278417e-17,8.388719288632274e-05,0.001712858211249113,0.00025549711426720023,6.207659316714853e-05,0.0015294201439246535,0.0607474260032177,0.30363303422927856,0.2944347858428955,-0.06676274538040161,-0.8614519834518433,2.8148193359375,0.4185929000377655,0.7079111337661743,0.6582159996032715,1.4868700504302979,1.4017146825790405,1.28770911693573,1.2468308210372925,0.899843692779541,1.3710432052612305,2.587829828262329,2.1891281604766846
330,0.04352672025561333,0.0,0.0,0.0,0.13100960850715637,0.0,0.0,0.1563452035188675,0.0,0.0,0.0,0.0,0.07188233733177185,0.0,0.0,0.0,0.5972223877906799,0.0,0.0,1.366989999951329e-05,0.23512080311775208,0.0,0.0,0.0,0.398891419172287,0.0,0.0,0.23903344571590424,0.0,0.0,0.0,0.0,0.098706915974617,0.0,0.0,0.0,0.02242218516767025,0.0,0.0,0.005825235042721033,0.06923077255487442,0.052734531462192535,0.07183270901441574,0.3596806228160858,0.06241961568593979,0.234245166182518,0.2827679514884949,0.8183066844940186,0.0007831568946130574,4.979228106094524e-05,4.941610313835554e-06,0.0005364168318919837,0.00037879825686104596,3.4027219315336567e-16,3.7210309574114124e-17,0.00010086286783916876,0.0014470124151557684,0.0002782002848107368,7.313396781682968e-05,0.0019710964988917112,0.07406514137983322,0.669109582901001,0.3843005299568176,-0.0494961217045784,-0.8292346000671387,2.685406446456909,0.4252907931804657,0.7258736491203308,0.7738902568817139,1.3515416383743286,1.4424843788146973,1.7076815366744995,1.1647441387176514,0.9938830733299255,1.6371433734893799,2.958693265914917,1.9672863483428955
331,0.18004238605499268,0.0,0.0,0.0,0.35342836380004883,0.0,0.0,0.17529800534248352,0.0,0.0,0.0,0.0,0.10131047666072845,0.0,0.0,0.0,0.18991214036941528,0.0,0.0,8.7113930931082e-06,0.2542191445827484,0.0,0.0,0.0,0.412618488073349,0.0,0.0,0.2228279858827591,0.0,0.0,0.0,0.0,0.08419227600097656,0.0,0.0,0.0,0.020157312974333763,0.0,0.0,0.005984761752188206,0.09807692468166351,0.040798403322696686,0.06259925663471222,0.3197604715824127,0.18572306632995605,0.2161819487810135,0.1751968115568161,0.3295764923095703,0.0016378830187022686,8.202361641451716e-05,5.5972504924284294e-06,0.0011454926570877433,0.0007193607743829489,3.062450003078087e-16,3.348927729321373e-17,0.0001934432948473841,0.002979407785460353,0.00047498877393081784,9.249409049516544e-05,0.002685671206563711,0.06436392664909363,0.29122093319892883,0.3208651542663574,-0.05256247520446777,-0.8198740482330322,2.406067132949829,0.5048434138298035,0.8703406453132629,0.7051348090171814,1.269465446472168,1.1391186714172363,1.784663438796997,1.419226050376892,0.9981505870819092,1.3700865507125854,3.491633653640747,1.9071788787841797
332,0.39132124185562134,0.0,0.0,0.0,0.2561488449573517,0.0,0.0,0.12414921075105667,0.0,0.0,0.0,0.0,0.17212873697280884,0.0,0.0,0.0,0.05624743178486824,0.0,0.0,4.526231350610033e-06,0.26388630270957947,0.0,0.0,0.0,0.41704413294792175,0.0,0.0,0.2222244292497635,0.0,0.0,0.0,0.0,0.07456263899803162,0.0,0.0,0.0,0.016265464946627617,0.0,0.0,0.006017028819769621,0.06538461893796921,0.03804391250014305,0.0539800263941288,0.3485029935836792,0.07795314490795135,0.0898744985461235,0.1026514545083046,0.30077704787254333,0.0017217752756550908,9.27130167838186e-05,5.712670827051625e-06,0.0007486204849556088,0.0007250410271808505,2.7562047116027027e-16,3.014080054276232e-17,0.00012460711877793074,0.003343737218528986,0.0005537332035601139,9.673631575424224e-05,0.0028815839905291796,0.05649067834019661,0.22837196290493011,0.3481287658214569,-0.061886973679065704,-0.8117838501930237,2.439452648162842,0.49239078164100647,0.8994606137275696,0.8067589998245239,1.3463647365570068,1.3828572034835815,1.655707597732544,1.3350340127944946,0.9882618188858032,1.1977089643478394,3.4617302417755127,2.2635622024536133
333,0.1857949197292328,0.0,0.0,0.0,0.4497357904911041,0.0,0.0,0.18877804279327393,0.0,0.0,0.0,0.0,0.11947420239448547,0.0,0.0,0.0,0.056199803948402405,0.0,0.0,1.72691452462459e-05,0.27554675936698914,0.0,0.0,0.0,0.4269759953022003,0.0,0.0,0.2117360234260559,0.0,0.0,0.0,0.0,0.0633692741394043,0.0,0.0,0.0,0.01616745814681053,0.0,0.0,0.006204485427588224,0.026923077180981636,0.03504990041255951,0.04782022535800934,0.30219560861587524,0.020110443234443665,0.07332677394151688,0.0695449635386467,0.23515664041042328,0.0012925707269459963,8.433291804976761e-05,5.611495453194948e-06,0.0010986592387780547,0.000565831083804369,2.4805841610330936e-16,2.71267198267416e-17,0.00013595662312582135,0.0025257780216634274,0.0004653220239561051,9.169607801595703e-05,0.00347218569368124,0.05000928044319153,0.17568275332450867,0.2854819893836975,-0.07769462466239929,-0.8392094373703003,2.6137561798095703,0.4968292713165283,0.7933860421180725,0.8565860986709595,1.5701078176498413,1.3602877855300903,1.5968012809753418,1.2106868028640747,0.8672156929969788,1.35627281665802,3.2587056159973145,2.7205963134765625
334,0.12464097142219543,0.0,0.0,0.0,0.27623337507247925,0.0,0.0,0.3534480035305023,0.0,0.0,0.0,0.0,0.14091284573078156,0.0,0.0,0.0,0.10475155711174011,0.0,0.0,1.320167848462006e-05,0.29531604051589966,0.0,0.0,0.0,0.4330620765686035,0.0,0.0,0.19473612308502197,0.0,0.0,0.0,0.0,0.05538717284798622,0.0,0.0,0.0,0.01554818358272314,0.0,0.0,0.005950392223894596,0.026923077180981636,0.036686625331640244,0.041747815907001495,0.3347305357456207,0.02247600257396698,0.034874457865953445,0.061145879328250885,0.3844066858291626,0.000925692031159997,5.4156047553988174e-05,4.597744919010438e-06,0.0007129524601623416,0.00043078832095488906,2.2325255331715475e-16,2.44140504910454e-17,0.00011948461178690195,0.0017492538318037987,0.0002970684436149895,6.468249193858355e-05,0.001961885718628764,0.044840868562459946,0.24566969275474548,0.28264206647872925,-0.0850098505616188,-0.8336237668991089,3.0244624614715576,0.4776887595653534,0.6917063593864441,0.8501971960067749,1.6273950338363647,1.3920716047286987,1.5442616939544678,1.3170230388641357,0.7894483208656311,1.4009616374969482,2.994749069213867,2.717331647872925
335,0.11204076558351517,0.0,0.0,0.0,0.09614703804254532,0.0,0.0,0.10430506616830826,0.0,0.0,0.0,0.0,0.6695418953895569,0.0,0.0,0.0,0.017956411466002464,0.0,0.0,8.779977179074194e-06,0.2621336877346039,0.0,0.0,0.0,0.40580061078071594,0.0,0.0,0.21999546885490417,0.0,0.0,0.0,0.0,0.08836972713470459,0.0,0.0,0.0,0.017646098509430885,0.0,0.0,0.006054410245269537,0.09807692468166351,0.06475050002336502,0.06303370743989944,0.2504989802837372,0.14478102326393127,0.2816016972064972,0.2305442839860916,0.807713508605957,0.0009640541393309832,5.9583966503851116e-05,5.0874414228019305e-06,0.0006549613317474723,0.0004797681176569313,2.0092729269148335e-16,2.1972641802346165e-17,0.00010145991836907342,0.0015257720369845629,0.00031275101355277,7.610250759171322e-05,0.002033691853284836,0.06535445898771286,0.6875007748603821,0.5535480976104736,-0.03945925459265709,-0.8295986652374268,2.7809841632843018,0.4122936427593231,0.7788745164871216,0.9048371911048889,1.6192008256912231,1.2774790525436401,1.8629717826843262,1.6021602153778076,0.8808783888816833,1.8045308589935303,3.0043463706970215,2.321657657623291
336,0.05986148491501808,0.0,0.0,0.0,0.37033283710479736,0.0,0.0,0.11433802545070648,0.0,0.0,0.0,0.0,0.4525165259838104,0.0,0.0,0.0,0.0029285724740475416,0.0,0.0,2.255826984765008e-05,0.2738936245441437,0.0,0.0,0.0,0.41536179184913635,0.0,0.0,0.21281090378761292,0.0,0.0,0.0,0.0,0.07592973113059998,0.0,0.0,0.0,0.015964895486831665,0.0,0.0,0.0060390508733689785,0.023076923564076424,0.036247506737709045,0.056699126958847046,0.19740518927574158,0.021525852382183075,0.041540149599313736,0.18488982319831848,0.561237096786499,0.0009180508786812425,5.418503860710189e-05,5.031819910072954e-06,0.0006446148036047816,0.00037825247272849083,1.8083457268675788e-16,1.977538043452563e-17,0.00011013165203621611,0.0017118785763159394,0.0002967390464618802,7.610229658894241e-05,0.0017929140012711287,0.0571054108440876,0.4554547667503357,0.4958023130893707,-0.059415221214294434,-0.8180787563323975,2.844011068344116,0.4749501049518585,0.7690039277076721,0.9293625354766846,1.53486168384552,1.3061556816101074,1.6075127124786377,1.4540157318115234,0.9005393385887146,1.7400598526000977,3.4453372955322266,2.4360218048095703
337,0.5225467681884766,0.0,0.0,0.0,0.22719477117061615,0.0,0.0,0.1304343342781067,0.0,0.0,0.0,0.0,0.11095169931650162,0.0,0.0,0.0,0.00865528266876936,0.0,0.0,0.0002170574152842164,0.2813076972961426,0.0,0.0,0.0,0.4240739047527313,0.0,0.0,0.20718763768672943,0.0,0.0,0.0,0.0,0.06729759275913239,0.0,0.0,0.0,0.014249570667743683,0.0,0.0,0.005883616395294666,0.057692307978868484,0.03221556916832924,0.047602999955415726,0.4143712520599365,0.05774360150098801,0.12614037096500397,0.05342195928096771,0.13865958154201508,0.0022600949741899967,9.863868035608903e-05,5.692418199032545e-06,0.000520376255735755,0.0009745470597408712,1.627511074771482e-16,1.7797841398456333e-17,9.239996143151075e-05,0.004819007590413094,0.0006055961712263525,9.717399370856583e-05,0.001725883106701076,0.050983577966690063,0.1198178380727768,0.5093858242034912,-0.07465334981679916,-0.7817820310592651,2.708526611328125,0.5918664932250977,0.752896249294281,0.8462221026420593,1.4130257368087769,1.323584794998169,1.47238290309906,1.4387189149856567,0.8042036890983582,1.6136857271194458,4.001815319061279,2.982048273086548
338,0.2836269438266754,0.0,0.0,0.0,0.43640848994255066,0.0,0.0,0.15034905076026917,0.0,0.0,0.0,0.0,0.1251029372215271,0.0,0.0,0.0,0.0036539521533995867,0.0,0.0,0.0008586202166043222,0.26688680052757263,0.0,0.0,0.0,0.4163905084133148,0.0,0.0,0.21865017712116241,0.0,0.0,0.0,0.0,0.077210433781147,0.0,0.0,0.0,0.014926501549780369,0.0,0.0,0.005935591645538807,0.08076923340559006,0.04055888205766678,0.05381273478269577,0.4075848162174225,0.09113196283578873,0.19277353584766388,0.0809188038110733,0.1122443899512291,0.002191028092056513,0.00010013503924710676,5.528583642444573e-06,0.0009616941679269075,0.0009583357605151832,1.4647600467036727e-16,1.601818381724442e-17,0.00014922827540431172,0.004733608569949865,0.000604688364546746,9.342138218926266e-05,0.0021233707666397095,0.05718660354614258,0.1296086609363556,0.48182544112205505,-0.06444099545478821,-0.7384647727012634,2.643160104751587,0.5803670287132263,0.7244395017623901,0.7349582314491272,1.415678858757019,1.250870704650879,1.53847074508667,1.385528326034546,0.801490306854248,1.5035139322280884,3.8031420707702637,2.7345926761627197
339,0.07791196554899216,0.0,0.0,0.0,0.2304951399564743,0.0,0.0,0.23272377252578735,0.0,0.0,0.0,0.0,0.2057303488254547,0.0,0.0,0.0,0.25258520245552063,0.0,0.0,0.000553581805434078,0.2577214539051056,0.0,0.0,0.0,0.41510671377182007,0.0,0.0,0.22587279975414276,0.0,0.0,0.0,0.0,0.07911436259746552,0.0,0.0,0.0,0.016161054372787476,0.0,0.0,0.006023593246936798,0.10192307829856873,0.04179640859365463,0.05705118924379349,0.30179640650749207,0.08738336712121964,0.08411391079425812,0.1509951502084732,0.7371217608451843,0.0012722406536340714,5.9473299188539386e-05,4.700086265074788e-06,0.0004896353930234909,0.0005637065623886883,1.3182839626239666e-16,1.4416365104647733e-17,9.13374315132387e-05,0.002456527203321457,0.00034467707155272365,7.00023811077699e-05,0.001571466913446784,0.05906328558921814,0.4588572382926941,0.35219186544418335,-0.061807889491319656,-0.7613470554351807,2.8781909942626953,0.4643149971961975,0.7890257239341736,0.82322758436203,1.3852540254592896,1.114968180656433,1.5939055681228638,1.583639144897461,1.0597761869430542,1.4549176692962646,3.195504903793335,2.4946036338806152
340,0.13546626269817352,0.0,0.0,0.0,0.29460281133651733,0.0,0.0,0.20258408784866333,0.0,0.0,0.0,0.0,0.05521482974290848,0.0,0.0,0.0,0.31159940361976624,0.0,0.0,0.000532601261511445,0.26894277334213257,0.0,0.0,0.0,0.42312681674957275,0.0,0.0,0.2140202820301056,0.0,0.0,0.0,0.0,0.07160931825637817,0.0,0.0,0.0,0.015620524063706398,0.0,0.0,0.006680300459265709,0.06538461893796921,0.03281437233090401,0.05309613049030304,0.2958083748817444,0.06436667591333389,0.13123127818107605,0.13360974192619324,0.532339334487915,0.0011969693005084991,5.506849993253127e-05,4.671177066484233e-06,0.0005903551355004311,0.00045980530558153987,1.1864554604824515e-16,1.2974729090491327e-17,0.00011171585356350988,0.0022503735963255167,0.0003188723640050739,6.817220855737105e-05,0.001624448224902153,0.05475318059325218,0.36733418703079224,0.37901678681373596,-0.06860393285751343,-0.7418655157089233,2.911867141723633,0.44266536831855774,0.8858477473258972,0.7140019536018372,1.3947502374649048,1.117506980895996,1.5695933103561401,1.5580726861953735,1.0281169414520264,1.5196770429611206,3.090693712234497,2.2610666751861572
341,0.10250145196914673,0.0,0.0,0.0,0.3628583252429962,0.0,0.0,0.19123885035514832,0.0,0.0,0.0,0.0,0.11846722662448883,0.0,0.0,0.0,0.22452130913734436,0.0,0.0,0.00041281094308942556,0.2641836702823639,0.0,0.0,0.0,0.4186224043369293,0.0,0.0,0.2186860889196396,0.0,0.0,0.0,0.0,0.07431857287883759,0.0,0.0,0.0,0.017949942499399185,0.0,0.0,0.006239306181669235,0.06730769574642181,0.03652694448828697,0.05627965182065964,0.25269460678100586,0.06256558001041412,0.08141007274389267,0.1403057873249054,0.4746045470237732,0.0010488723637536168,6.0558770201168954e-05,4.746522336063208e-06,0.0005348732229322195,0.00045937515096738935,1.0678099011993166e-16,1.1677254940671276e-17,0.00010275131353409961,0.0020261378958821297,0.00033138602157123387,7.02401521266438e-05,0.00168234936427325,0.05742785707116127,0.343389093875885,0.4325674772262573,-0.06545117497444153,-0.6748214960098267,2.825249433517456,0.4378807246685028,0.9320072531700134,0.6328712105751038,1.6013927459716797,1.140217900276184,1.4876600503921509,1.3920363187789917,0.9925006031990051,1.4341483116149902,2.964674234390259,2.273059606552124
342,0.3067087233066559,0.0,0.0,0.0,0.4298168122768402,0.0,0.0,0.09959280490875244,0.0,0.0,0.0,0.0,0.07303480803966522,0.0,0.0,0.0,0.09064502269029617,0.0,0.0,0.0002018503291765228,0.2670614421367645,0.0,0.0,0.0,0.4266743063926697,0.0,0.0,0.21263675391674042,0.0,0.0,0.0,0.0,0.0701121836900711,0.0,0.0,0.0,0.017319118604063988,0.0,0.0,0.00619620131328702,0.05576923117041588,0.03445109724998474,0.05276654288172722,0.29980039596557617,0.03888612985610962,0.08173535019159317,0.09369844198226929,0.21039605140686035,0.0015384778380393982,8.581783185945824e-05,5.05269144923659e-06,0.0008527471218258142,0.0006601166096515954,9.610288912270502e-17,1.050952820583323e-17,0.00015127018559724092,0.0030311180744320154,0.0004873618599958718,8.126367174554616e-05,0.002274521393701434,0.05457687750458717,0.16387252509593964,0.35849669575691223,-0.06409896165132523,-0.6855323910713196,2.690261125564575,0.44362321496009827,1.08211088180542,0.7404346466064453,1.4439773559570312,1.0609246492385864,1.411906361579895,1.527541160583496,0.8659578561782837,1.3313536643981934,2.9628100395202637,2.3945484161376953
343,0.30434951186180115,0.0,0.0,0.0,0.3345649838447571,0.0,0.0,0.1748901754617691,0.0,0.0,0.0,0.0,0.1683180034160614,0.0,0.0,0.0,0.017660677433013916,0.0,0.0,0.0002166500489693135,0.2630648910999298,0.0,0.0,0.0,0.42367619276046753,0.0,0.0,0.21756313741207123,0.0,0.0,0.0,0.0,0.07271605730056763,0.0,0.0,0.0,0.016763178631663322,0.0,0.0,0.006216544192284346,0.06538461893796921,0.040239520370960236,0.053380776196718216,0.3241516947746277,0.06070718914270401,0.11829264461994171,0.10614287853240967,0.2248140573501587,0.0012104128254577518,6.998110620770603e-05,4.9782101996243e-06,0.001271342160180211,0.0005740753840655088,8.649259888694554e-17,9.458575385249906e-18,0.00019511106074787676,0.0022595159243792295,0.0003897674905601889,7.75992521084845e-05,0.003031363245099783,0.05577851086854935,0.18618769943714142,0.3275059461593628,-0.0681285485625267,-0.7202425003051758,2.6665494441986084,0.43807220458984375,0.9858719706535339,0.7025672793388367,1.359503984451294,0.9955712556838989,1.234202265739441,1.4247069358825684,0.9035464525222778,1.726693034172058,2.6982920169830322,2.487089157104492
344,0.16995805501937866,0.0,0.0,0.0,0.34387922286987305,0.0,0.0,0.22618930041790009,0.0,0.0,0.0,0.0,0.18643641471862793,0.0,0.0,0.0,0.0730285570025444,0.0,0.0,0.0005084793665446341,0.2735291123390198,0.0,0.0,0.0,0.43053311109542847,0.0,0.0,0.21085646748542786,0.0,0.0,0.0,0.0,0.06344082951545715,0.0,0.0,0.0,0.01548308040946722,0.0,0.0,0.006157409865409136,0.09807692468166351,0.04323353245854378,0.04731086269021034,0.25828343629837036,0.12554030120372772,0.09948479384183884,0.09382499754428864,0.42529693245887756,0.0009568779496476054,5.309451080393046e-05,4.2352539821877144e-06,0.0004082079394720495,0.0004956339835189283,7.784334693918487e-17,8.51271751585267e-18,8.669007365824655e-05,0.0018240713980048895,0.00029457558412104845,5.87575814279262e-05,0.001382971415296197,0.04958708584308624,0.2599639296531677,0.3069562017917633,-0.07925456762313843,-0.7394990921020508,2.9999022483825684,0.4360223114490509,0.9309064149856567,0.6666833758354187,1.586020588874817,0.9171032905578613,1.292641043663025,1.4838244915008545,0.829514741897583,1.6279937028884888,2.4242005348205566,2.612307071685791
345,0.2418474704027176,0.0,0.0,0.0,0.18212370574474335,0.0,0.0,0.1294538527727127,0.0,0.0,0.0,0.0,0.06426414847373962,0.0,0.0,0.0,0.38214701414108276,0.0,0.0,0.00016388240328524262,0.25879815220832825,0.0,0.0,0.0,0.41216975450515747,0.0,0.0,0.21685519814491272,0.0,0.0,0.0,0.0,0.08023609966039658,0.0,0.0,0.0,0.025719812139868736,0.0,0.0,0.006220994517207146,0.14615385234355927,0.08730538934469223,0.06026217341423035,0.3564870059490204,0.25868648290634155,0.3745981752872467,0.16350670158863068,0.49739426374435425,0.0014041815884411335,6.812482024542987e-05,4.877863830188289e-06,0.0008217134745791554,0.000650688773021102,7.005900827479944e-17,7.661444440778424e-18,0.00012501889432314783,0.002260466106235981,0.00040887875366024673,7.891468703746796e-05,0.003657511668279767,0.06537997722625732,0.4465625584125519,0.3330375552177429,-0.04091743379831314,-0.6375471353530884,2.6389758586883545,0.44736248254776,0.9153874516487122,0.7583857178688049,1.8210052251815796,1.073122262954712,1.1602747440338135,1.6068133115768433,0.7388672232627869,1.4640841484069824,2.13055157661438,2.910466194152832
346,0.07345867156982422,0.0,0.0,0.0,0.45023488998413086,0.0,0.0,0.1328771412372589,0.0,0.0,0.0,0.0,0.10581865906715393,0.0,0.0,0.0,0.23736236989498138,0.0,0.0,0.00024821844999678433,0.23306292295455933,0.0,0.0,0.0,0.3966420292854309,0.0,0.0,0.23750118911266327,0.0,0.0,0.0,0.0,0.09798029065132141,0.0,0.0,0.0,0.028428813442587852,0.0,0.0,0.006384740117937326,0.1884615421295166,0.10131736844778061,0.0719001293182373,0.38502994179725647,0.31122952699661255,0.3160809874534607,0.18376624584197998,0.36669251322746277,0.0015807582531124353,8.929768955567852e-05,5.290148237691028e-06,0.0009657818009145558,0.0007343130419030786,6.305310612383052e-17,6.895301485625684e-18,0.00011473420454422012,0.0027670287527143955,0.0005543947918340564,9.130686521530151e-05,0.004458640702068806,0.07738935202360153,0.34341445565223694,0.43920645117759705,-0.01587267592549324,-0.58674156665802,2.325899362564087,0.5016751885414124,0.962334930896759,0.7497985363006592,1.6580772399902344,1.3170956373214722,1.0246295928955078,1.4884167909622192,0.6733008623123169,1.1864912509918213,2.3650829792022705,3.1407663822174072
347,0.3156949281692505,0.0,0.0,0.0,0.23463085293769836,0.0,0.0,0.19925010204315186,0.0,0.0,0.0,0.0,0.22817212343215942,0.0,0.0,0.0,0.021822446957230568,0.0,0.0,0.0004296093829907477,0.2613960802555084,0.0,0.0,0.0,0.42008718848228455,0.0,0.0,0.21854659914970398,0.0,0.0,0.0,0.0,0.07578670978546143,0.0,0.0,0.0,0.018124639987945557,0.0,0.0,0.006058796774595976,0.14423076808452606,0.0798802375793457,0.05278152599930763,0.378842294216156,0.2152700424194336,0.2445947825908661,0.11706825345754623,0.26978811621665955,0.0015142522752285004,7.91868515079841e-05,4.762859134643804e-06,0.001447760732844472,0.0007543928222730756,5.67477862470246e-17,6.205771171626993e-18,0.00022172191529534757,0.0024946266785264015,0.0004539309302344918,7.244920561788604e-05,0.003386440919712186,0.058256011456251144,0.2504159212112427,0.37399089336395264,-0.054242368787527084,-0.5811854600906372,2.744886875152588,0.45364195108413696,0.7741504311561584,0.8613103628158569,1.6185301542282104,1.4596978425979614,1.3146218061447144,1.272744059562683,0.8403578400611877,1.4612634181976318,2.8022189140319824,2.74861741065979
348,0.08841622620820999,0.0,0.0,0.0,0.36706405878067017,0.0,0.0,0.1754986047744751,0.0,0.0,0.0,0.0,0.30541324615478516,0.0,0.0,0.0,0.06263968348503113,0.0,0.0,0.0009682105155661702,0.2618292272090912,0.0,0.0,0.0,0.414178729057312,0.0,0.0,0.22571951150894165,0.0,0.0,0.0,0.0,0.07435733079910278,0.0,0.0,0.0,0.017565162852406502,0.0,0.0,0.006350053008645773,0.27115383744239807,0.09888223558664322,0.05215231329202652,0.23532932996749878,0.5397105813026428,0.4334856867790222,0.12439671158790588,0.3786150813102722,0.001722300541587174,8.286444062832743e-05,5.726400559069589e-06,0.0015434704255312681,0.0006220951909199357,5.1073009607555613e-17,5.585205800428992e-18,0.00022661502589471638,0.003524632193148136,0.0005296228919178247,9.851602953858674e-05,0.004027907736599445,0.05726083740592003,0.36900851130485535,0.5677486658096313,-0.04961486533284187,-0.7918477654457092,2.5402207374572754,0.5454483032226562,0.7316320538520813,0.7647240161895752,1.5564515590667725,1.1930255889892578,2.325056552886963,1.53386652469635,0.991629421710968,2.1580111980438232,4.0863871574401855,2.1179652214050293
349,0.07448460906744003,0.0,0.0,0.0,0.3582956790924072,0.0,0.0,0.2396119236946106,0.0,0.0,0.0,0.0,0.24400223791599274,0.0,0.0,0.0,0.08208812028169632,0.0,0.0,0.0015173937426880002,0.23594404757022858,0.0,0.0,0.0,0.3939846456050873,0.0,0.0,0.24289986491203308,0.0,0.0,0.0,0.0,0.09809402376413345,0.0,0.0,0.0,0.022519778460264206,0.0,0.0,0.006557651329785585,0.20192307233810425,0.09764470905065536,0.0684419497847557,0.39481037855148315,0.5208666920661926,0.3480829894542694,0.19636811316013336,0.33151185512542725,0.0029444436077028513,0.0001410824916092679,6.623492026847089e-06,0.0012629355769604445,0.001307352795265615,4.59657119555225e-17,5.026685179027062e-18,0.00019154712208546698,0.005537865683436394,0.00099451735150069,0.00014451089373324066,0.004077326040714979,0.07409297674894333,0.3275938034057617,0.578909695148468,-0.023596424609422684,-0.7625740766525269,2.1370317935943604,0.7119836211204529,0.7599393725395203,0.6020742654800415,1.6252518892288208,0.9686923623085022,2.155153751373291,1.4356762170791626,1.0771934986114502,2.018798351287842,5.314083099365234,2.082369804382324
350,0.022851357236504555,0.0,0.0,0.0,0.11482007056474686,0.0,0.0,0.39259371161460876,0.0,0.0,0.0,0.0,0.3640700876712799,0.0,0.0,0.0,0.09772544354200363,0.0,0.0,0.007939394563436508,0.20807020366191864,0.0,0.0,0.0,0.37861642241477966,0.0,0.0,0.26243698596954346,0.0,0.0,0.0,0.0,0.115383081138134,0.0,0.0,0.0,0.02841375209391117,0.0,0.0,0.007079547271132469,0.2903846204280853,0.14626745879650116,0.07885643094778061,0.4980039894580841,0.6234689354896545,0.42679163813591003,0.3267856240272522,0.5047762989997864,0.004976204596459866,0.00016927173419389874,7.572328286187258e-06,0.0005720454500988126,0.0021128058433532715,4.136913546601433e-17,4.524015792584713e-18,9.037785639520735e-05,0.009759598411619663,0.0014811614528298378,0.00016945009701885283,0.004533843602985144,0.08790016174316406,0.46972325444221497,0.7186141014099121,-0.011981621384620667,-0.6831622123718262,2.022334098815918,0.7174368500709534,0.8210610151290894,0.5382915735244751,1.8063623905181885,1.5910568237304688,1.9451419115066528,1.4335358142852783,0.9444583058357239,1.641350269317627,5.598909378051758,3.0474610328674316
351,0.3682195544242859,0.0,0.0,0.0,0.21512074768543243,0.0,0.0,0.20961688458919525,0.0,0.0,0.0,0.0,0.12943023443222046,0.0,0.0,0.0,0.07674746960401535,0.0,0.0,0.000865127076394856,0.26958179473876953,0.0,0.0,0.0,0.42394256591796875,0.0,0.0,0.2149120420217514,0.0,0.0,0.0,0.0,0.06820082664489746,0.0,0.0,0.0,0.017238358035683632,0.0,0.0,0.006124415434896946,0.18269230425357819,0.0809980034828186,0.04827465862035751,0.3065868020057678,0.4032275378704071,0.23854421079158783,0.08860038220882416,0.1793293058872223,0.003635660046711564,0.0001690296921879053,6.69443397782743e-06,0.0010174731723964214,0.0015659281052649021,3.723222324290188e-17,4.071614171967211e-18,0.00018313231703359634,0.0074322763830423355,0.0011442704126238823,0.00012658597552217543,0.0032806387171149254,0.053340449929237366,0.20703212916851044,0.5539119243621826,-0.07095557451248169,-0.6737351417541504,2.3911967277526855,0.6396275162696838,0.8495321869850159,0.8926507234573364,1.6259820461273193,1.8525359630584717,1.7941105365753174,1.49219810962677,0.7549185752868652,1.6549774408340454,5.013944149017334,3.016982316970825
352,0.08607363700866699,0.0,0.0,0.0,0.3388129770755768,0.0,0.0,0.3585035800933838,0.0,0.0,0.0,0.0,0.13367405533790588,0.0,0.0,0.0,0.08154485374689102,0.0,0.0,0.0013909089611843228,0.2608494758605957,0.0,0.0,0.0,0.42174476385116577,0.0,0.0,0.22489894926548004,0.0,0.0,0.0,0.0,0.07065054774284363,0.0,0.0,0.0,0.015723133459687233,0.0,0.0,0.006133136805146933,0.14807692170143127,0.06750498712062836,0.04963545873761177,0.31556886434555054,0.1368713080883026,0.11649640649557114,0.09072025120258331,0.3501755893230438,0.0017373086884617805,9.86717568594031e-05,5.994134880893398e-06,0.0008377396734431386,0.0008234480628743768,3.3508997279016995e-17,3.6645056529706625e-18,0.00013540853979066014,0.003948508761823177,0.0006108329980634153,8.578129200031981e-05,0.0026268207002431154,0.05388327315449715,0.21659864485263824,0.480144202709198,-0.06254599243402481,-0.7427030801773071,2.82909893989563,0.522275447845459,0.8193266987800598,1.2201677560806274,1.5503867864608765,2.0637407302856445,1.8055568933486938,1.8743289709091187,0.7403595447540283,2.19956111907959,4.400691509246826,2.9090828895568848
353,0.07097384333610535,0.0,0.0,0.0,0.2052573561668396,0.0,0.0,0.367301344871521,0.0,0.0,0.0,0.0,0.06316755712032318,0.0,0.0,0.0,0.29135075211524963,0.0,0.0,0.001949172466993332,0.27362629771232605,0.0,0.0,0.0,0.418100506067276,0.0,0.0,0.21659179031848907,0.0,0.0,0.0,0.0,0.0706041231751442,0.0,0.0,0.0,0.014883939176797867,0.0,0.0,0.0061933440156280994,0.16730768978595734,0.07409181445837021,0.04983271285891533,0.22315368056297302,0.2227514088153839,0.10021386295557022,0.12156494706869125,0.5126628875732422,0.0014283956261351705,8.753979636821896e-05,5.592111847363412e-06,0.0006674607284367085,0.0006998428143560886,3.015809854373203e-17,3.298074567777022e-18,0.00012327745207585394,0.0028944131918251514,0.0005408516153693199,7.430413825204596e-05,0.002002925844863057,0.05339844524860382,0.3564554452896118,0.5747020840644836,-0.055039893835783005,-0.7390639781951904,3.208570957183838,0.5290461182594299,0.8125651478767395,1.1757904291152954,1.6310884952545166,1.9237433671951294,1.9043476581573486,2.0794484615325928,0.7525826096534729,2.304051637649536,4.580559253692627,2.704425096511841
354,0.08120347559452057,0.0,0.0,0.0,0.47946617007255554,0.0,0.0,0.10973860323429108,0.0,0.0,0.0,0.0,0.2486199587583542,0.0,0.0,0.0,0.0786532312631607,0.0,0.0,0.0023185808677226305,0.2439163327217102,0.0,0.0,0.0,0.40194040536880493,0.0,0.0,0.24178555607795715,0.0,0.0,0.0,0.0,0.0871468260884285,0.0,0.0,0.0,0.018567638471722603,0.0,0.0,0.006643247790634632,0.23461538553237915,0.08826347440481186,0.060374535620212555,0.3389221429824829,0.5744770169258118,0.37135663628578186,0.16765812039375305,0.32479041814804077,0.0028486624360084534,0.00014025476411916316,7.361858024523826e-06,0.0010531649459153414,0.0013628450687974691,2.7142285711508623e-17,2.968291719622543e-18,0.00017924397252500057,0.005317628383636475,0.0010236595990136266,0.00013077087351121008,0.003140728920698166,0.06544261425733566,0.3295760750770569,0.5883578062057495,-0.027403075248003006,-0.6924869418144226,2.5018579959869385,0.662962794303894,0.8336561322212219,0.9309271574020386,1.684956431388855,1.6643208265304565,1.7495721578598022,2.0857748985290527,0.8066916465759277,2.1547863483428955,5.6537346839904785,2.7435061931610107
355,0.056572068482637405,0.0,0.0,0.0,0.18472649157047272,0.0,0.0,0.3365446925163269,0.0,0.0,0.0,0.0,0.32032668590545654,0.0,0.0,0.0,0.09334518760442734,0.0,0.0,0.008484907448291779,0.20822995901107788,0.0,0.0,0.0,0.36419931054115295,0.0,0.0,0.2646162807941437,0.0,0.0,0.0,0.0,0.12439318746328354,0.0,0.0,0.0,0.030739882960915565,0.0,0.0,0.007821367122232914,0.25961539149284363,0.1501796394586563,0.08702122420072556,0.43313372135162354,0.622930645942688,0.4511740505695343,0.35183584690093994,0.40910011529922485,0.003784569213166833,0.0002027662267209962,8.812228770693764e-06,0.0008583138114772737,0.0016299532726407051,2.4428056313177148e-17,2.671507380849489e-18,0.0001495384203735739,0.007391903083771467,0.0014763993676751852,0.00016741051513236016,0.0033582530450075865,0.09492205828428268,0.4221436381340027,0.5548157691955566,0.012478470802307129,-0.6959978342056274,2.076957941055298,0.7203237414360046,0.8060515522956848,1.0106903314590454,1.6226028203964233,1.6101939678192139,1.865338683128357,1.907584309577942,0.8936555981636047,1.849409580230713,6.166282653808594,2.9300949573516846
356,0.03561454266309738,0.0,0.0,0.0,0.10917850583791733,0.0,0.0,0.5366623997688293,0.0,0.0,0.0,0.0,0.2193264663219452,0.0,0.0,0.0,0.09382842481136322,0.0,0.0,0.005389607045799494,0.21976915001869202,0.0,0.0,0.0,0.3760327100753784,0.0,0.0,0.25931382179260254,0.0,0.0,0.0,0.0,0.1104121282696724,0.0,0.0,0.0,0.02668827399611473,0.0,0.0,0.0077839139848947525,0.2192307710647583,0.13960079848766327,0.07672659307718277,0.4089820086956024,0.5300296545028687,0.41872522234916687,0.30150946974754333,0.2640649080276489,0.003908746410161257,0.00022271064517553896,8.598774911661167e-06,0.0009952777763828635,0.0018134387210011482,2.1985251343603923e-17,2.404465148181392e-18,0.00017860429943539202,0.0071061886847019196,0.0014673691475763917,0.0001569660089444369,0.0030926126055419445,0.0844135731458664,0.3185327649116516,0.4560364782810211,-0.011837848462164402,-0.6410110592842102,2.1385672092437744,0.7442822456359863,0.7464044690132141,1.0158964395523071,1.428890347480774,1.6888824701309204,1.686956524848938,1.698981761932373,0.8042919039726257,1.6862306594848633,5.9915666580200195,3.019510269165039
357,0.4454701840877533,0.0,0.0,0.0,0.210814967751503,0.0,0.0,0.17584100365638733,0.0,0.0,0.0,0.0,0.10550180822610855,0.0,0.0,0.0,0.06084733083844185,0.0,0.0,0.001524717197753489,0.25220316648483276,0.0,0.0,0.0,0.40738368034362793,0.0,0.0,0.23528240621089935,0.0,0.0,0.0,0.0,0.07983521372079849,0.0,0.0,0.0,0.01829797402024269,0.0,0.0,0.0069975717924535275,0.1519230753183365,0.09373253583908081,0.05517353489995003,0.3768462836742401,0.2253415733575821,0.3180064558982849,0.11880865693092346,0.1097608134150505,0.002896970836445689,0.0001796686847228557,7.856931915739551e-06,0.0009553469717502594,0.0014275024877861142,1.9786726043807408e-17,2.170181542517079e-18,0.00012522336328402162,0.005198201164603233,0.0010806694626808167,0.0001266853214474395,0.0032073487527668476,0.0612693727016449,0.16786643862724304,0.3598993122577667,-0.059875551611185074,-0.6216639280319214,2.4285573959350586,0.6854823231697083,0.6004851460456848,1.0883396863937378,1.4113290309906006,1.7936135530471802,1.440787672996521,1.7613624334335327,0.8021031618118286,1.5933506488800049,5.247169017791748,2.917820453643799
358,0.1453726589679718,0.0,0.0,0.0,0.3421286642551422,0.0,0.0,0.37453511357307434,0.0,0.0,0.0,0.0,0.1189882680773735,0.0,0.0,0.0,0.01787981204688549,0.0,0.0,0.0010955326724797487,0.27302756905555725,0.0,0.0,0.0,0.42224910855293274,0.0,0.0,0.217237651348114,0.0,0.0,0.0,0.0,0.06693358719348907,0.0,0.0,0.0,0.014080807566642761,0.0,0.0,0.0064712814055383205,0.16153846681118011,0.08546905964612961,0.045727841556072235,0.2880239486694336,0.13608194887638092,0.21490177512168884,0.06984839588403702,0.10765674710273743,0.0018714298494160175,0.00011389015708118677,6.556153493875172e-06,0.0005883674020878971,0.0008207937935367227,1.7808053770298912e-17,1.9532844461480183e-18,0.0001054511230904609,0.003433339763432741,0.0006670248694717884,9.07210778677836e-05,0.0017596050165593624,0.05099285766482353,0.13795752823352814,0.30700600147247314,-0.07833350449800491,-0.6739935278892517,2.7822396755218506,0.6196062564849854,0.5436797738075256,1.0201679468154907,1.3734917640686035,1.9726834297180176,1.3632447719573975,2.0635032653808594,0.7514113783836365,1.6133664846420288,4.606657028198242,2.611668348312378
359,0.11775662004947662,0.0,0.0,0.0,0.32162150740623474,0.0,0.0,0.360882967710495,0.0,0.0,0.0,0.0,0.09256095439195633,0.0,0.0,0.0,0.10647053271532059,0.0,0.0,0.0007073762826621532,0.2647903561592102,0.0,0.0,0.0,0.4171008765697479,0.0,0.0,0.22311803698539734,0.0,0.0,0.0,0.0,0.07251386344432831,0.0,0.0,0.0,0.016256054863333702,0.0,0.0,0.006220815237611532,0.1230769231915474,0.07345309108495712,0.051892638206481934,0.2385229468345642,0.07844602316617966,0.137471005320549,0.09401970356702805,0.26958173513412476,0.0016126411501318216,0.00011442611867096275,6.639775619987631e-06,0.0003995014412794262,0.0007265654858201742,1.602724640803555e-17,1.7582321557807173e-18,8.662729669595137e-05,0.0032729345839470625,0.0006078052101656795,9.151283302344382e-05,0.001732677686959505,0.05540039390325546,0.1997305303812027,0.38192376494407654,-0.07302889972925186,-0.7297240495681763,2.743411064147949,0.5976857542991638,0.5418475270271301,0.9191413521766663,1.527478814125061,1.9179695844650269,1.3804688453674316,2.137704372406006,0.7118837833404541,1.5887935161590576,4.3774309158325195,2.381761312484741
360,0.24574628472328186,0.0,0.0,0.0,0.334541916847229,0.0,0.0,0.16644057631492615,0.0,0.0,0.0,0.0,0.045503877103328705,0.0,0.0,0.0,0.20726580917835236,0.0,0.0,0.000501491071190685,0.2639177739620209,0.0,0.0,0.0,0.4148313105106354,0.0,0.0,0.2223503440618515,0.0,0.0,0.0,0.0,0.0773216187953949,0.0,0.0,0.0,0.015948627144098282,0.0,0.0,0.00563033064827323,0.10384615510702133,0.059960078448057175,0.05555805563926697,0.21277444064617157,0.0778290405869484,0.11643408983945847,0.13814964890480042,0.3359987139701843,0.001559158437885344,0.0001005280064418912,6.380326340149622e-06,0.0006634729797951877,0.000681517063640058,1.442452275984873e-17,1.5832552286873486e-18,0.00012816343223676085,0.0030664000660181046,0.0005727077950723469,8.982579311123118e-05,0.001946929027326405,0.05769927054643631,0.253259539604187,0.3542097210884094,-0.06697069108486176,-0.7604104280471802,2.7586216926574707,0.573257565498352,0.5880661010742188,0.8438804745674133,1.6236926317214966,1.7886309623718262,1.4102423191070557,2.0769553184509277,0.7459083795547485,1.530712604522705,4.162351608276367,2.175957202911377
361,0.11734204739332199,0.0,0.0,0.0,0.5385386943817139,0.0,0.0,0.14705385267734528,0.0,0.0,0.0,0.0,0.04910832270979881,0.0,0.0,0.0,0.1470911055803299,0.0,0.0,0.0008659572340548038,0.26454493403434753,0.0,0.0,0.0,0.41751551628112793,0.0,0.0,0.22407865524291992,0.0,0.0,0.0,0.0,0.07366354763507843,0.0,0.0,0.0,0.015618976205587387,0.0,0.0,0.004578386899083853,0.0923076942563057,0.04926147684454918,0.051777780055999756,0.31896206736564636,0.08160635083913803,0.09061377495527267,0.1165333166718483,0.25883617997169495,0.00225490378215909,0.00011456535139586776,6.5846534198499285e-06,0.0007890784181654453,0.001003663637675345,1.2982069491247123e-17,1.4254703200477054e-18,0.00015140260802581906,0.0037688645534217358,0.0007035597809590399,9.464923641644418e-05,0.0022271161433309317,0.05478565767407417,0.19705410301685333,0.2914884686470032,-0.06532607972621918,-0.7732937932014465,2.7538094520568848,0.6155124306678772,0.5830349326133728,0.6794067025184631,1.5306309461593628,1.6357370615005493,1.469117283821106,1.9234180450439453,0.7634140253067017,1.497215747833252,4.312613010406494,2.089383125305176
362,0.06651166826486588,0.0,0.0,0.0,0.5293038487434387,0.0,0.0,0.24563390016555786,0.0,0.0,0.0,0.0,0.07620155811309814,0.0,0.0,0.0,0.08178431540727615,0.0,0.0,0.0005647603538818657,0.24082712829113007,0.0,0.0,0.0,0.4067216217517853,0.0,0.0,0.24440330266952515,0.0,0.0,0.0,0.0,0.08623731136322021,0.0,0.0,0.0,0.017340444028377533,0.0,0.0,0.004470210522413254,0.10576923191547394,0.058962076902389526,0.05942821875214577,0.3710578680038452,0.10785850137472153,0.1085049957036972,0.15996061265468597,0.18367771804332733,0.0027148830704391003,0.00013133473112247884,6.98982421454275e-06,0.0007042831275612116,0.0012699766084551811,1.1683861632223737e-17,1.2832650480527688e-18,0.00011259796883678064,0.00485991919413209,0.0008617599960416555,0.0001057380432030186,0.0023922468535602093,0.06307878345251083,0.1585405468940735,0.4609072208404541,-0.05039059370756149,-0.7278704643249512,2.5000905990600586,0.6279284954071045,0.7079077363014221,0.6173475980758667,1.4276573657989502,1.5556467771530151,1.3966856002807617,1.6441999673843384,0.854840874671936,1.4308708906173706,4.3347086906433105,2.0063869953155518
363,0.04212065413594246,0.0,0.0,0.0,0.2633078396320343,0.0,0.0,0.48880594968795776,0.0,0.0,0.0,0.0,0.1680426150560379,0.0,0.0,0.0,0.03689965978264809,0.0,0.0,0.00082332146121189,0.22858016192913055,0.0,0.0,0.0,0.39583316445350647,0.0,0.0,0.2543220818042755,0.0,0.0,0.0,0.0,0.09740079194307327,0.0,0.0,0.0,0.019500011578202248,0.0,0.0,0.004363778047263622,0.14230769872665405,0.0769660696387291,0.06502372026443481,0.4982035756111145,0.18353186547756195,0.16418319940567017,0.20074380934238434,0.22960925102233887,0.0028745585586875677,0.00013657071394845843,6.989519533817656e-06,0.0006415066309273243,0.0013992578024044633,1.0515475634437486e-17,1.1589182952901224e-18,0.00012106927897548303,0.005280589684844017,0.0009284589323215187,0.00010792873217724264,0.0028488868847489357,0.07084532082080841,0.20575720071792603,0.4293517768383026,-0.038280751556158066,-0.6509919166564941,2.3618032932281494,0.630952000617981,0.6811298727989197,0.5637221932411194,1.3466652631759644,1.5168269872665405,1.3698877096176147,1.4452012777328491,0.9278860092163086,1.3469552993774414,4.200151443481445,2.1810591220855713
364,0.04680686444044113,0.0,0.0,0.0,0.3057648241519928,0.0,0.0,0.4426101744174957,0.0,0.0,0.0,0.0,0.15669584274291992,0.0,0.0,0.0,0.04744792357087135,0.0,0.0,0.0006743818521499634,0.23656314611434937,0.0,0.0,0.0,0.3987892270088196,0.0,0.0,0.24772679805755615,0.0,0.0,0.0,0.0,0.0931851714849472,0.0,0.0,0.0,0.01942729763686657,0.0,0.0,0.00430836109444499,0.13076923787593842,0.08035928010940552,0.06208489462733269,0.5041915774345398,0.15774378180503845,0.24215582013130188,0.17760537564754486,0.19388002157211304,0.0027854866348206997,0.00013769295765087008,6.715255040035117e-06,0.000763396848924458,0.0012702244566753507,9.463927243813124e-18,1.0435770578563407e-18,0.000137200957396999,0.005088593810796738,0.0008924919529817998,9.943794430000708e-05,0.0023629292845726013,0.06836782395839691,0.20480720698833466,0.38939982652664185,-0.04291263222694397,-0.6337990760803223,2.4024195671081543,0.6273388266563416,0.7210805416107178,0.5428133606910706,1.226681113243103,1.4995958805084229,1.306465983390808,1.3861415386199951,0.8644679188728333,1.2882226705551147,4.017782688140869,2.152343511581421
365,0.09769600629806519,0.0,0.0,0.0,0.29058602452278137,0.0,0.0,0.45748308300971985,0.0,0.0,0.0,0.0,0.11602357029914856,0.0,0.0,0.0,0.0376487597823143,0.0,0.0,0.0005626081838272512,0.25480926036834717,0.0,0.0,0.0,0.4129214882850647,0.0,0.0,0.2330659180879593,0.0,0.0,0.0,0.0,0.07918102294206619,0.0,0.0,0.0,0.016354111954569817,0.0,0.0,0.003668174846097827,0.10769230872392654,0.06702595204114914,0.052444446831941605,0.45449098944664,0.11733028292655945,0.1259923279285431,0.11513132601976395,0.18505480885505676,0.0022596712224185467,0.00012366818555165082,6.319428393908311e-06,0.0006632168660871685,0.0010094671742990613,8.51753501574018e-18,9.392884009723395e-19,0.00011986960453214124,0.004095124080777168,0.0007561028469353914,8.610748773207888e-05,0.0021357859950512648,0.05803099274635315,0.15422554314136505,0.2804507315158844,-0.06335137039422989,-0.6222367286682129,2.5323898792266846,0.6015958786010742,0.7622528672218323,0.5363646745681763,1.0507253408432007,1.4737961292266846,1.122146725654602,1.3781527280807495,0.7815107107162476,1.2387268543243408,3.6034295558929443,2.169753313064575
366,0.22035159170627594,0.0,0.0,0.0,0.48109856247901917,0.0,0.0,0.19580213725566864,0.0,0.0,0.0,0.0,0.058815017342567444,0.0,0.0,0.0,0.04379533231258392,0.0,0.0,0.00013741578732151538,0.2720777690410614,0.0,0.0,0.0,0.4263347387313843,0.0,0.0,0.21745921671390533,0.0,0.0,0.0,0.0,0.06647714972496033,0.0,0.0,0.0,0.014055078849196434,0.0,0.0,0.0035960383247584105,0.0615384615957737,0.053133733570575714,0.04523595795035362,0.3471057713031769,0.061818238347768784,0.05192624777555466,0.07953433692455292,0.14780974388122559,0.0017608219059184194,9.645879617892206e-05,5.676317414327059e-06,0.0006396269891411066,0.0007769210496917367,7.665780521549427e-18,8.458909727198826e-19,0.00011343818187015131,0.003058293368667364,0.0005843362305313349,7.082714728312567e-05,0.0018042632145807147,0.049222882837057114,0.10274054855108261,0.23003149032592773,-0.08239665627479553,-0.6529850959777832,2.8150928020477295,0.5727924704551697,0.6931648254394531,0.6265459656715393,1.0073481798171997,1.5417759418487549,1.1169804334640503,1.3088781833648682,0.718747079372406,1.1494067907333374,3.3238022327423096,2.0916221141815186
367,0.15288054943084717,0.0,0.0,0.0,0.28033432364463806,0.0,0.0,0.41281962394714355,0.0,0.0,0.0,0.0,0.11084366589784622,0.0,0.0,0.0,0.04310762137174606,0.0,0.0,1.4150090464681853e-05,0.2767367362976074,0.0,0.0,0.0,0.43217921257019043,0.0,0.0,0.21081438660621643,0.0,0.0,0.0,0.0,0.06353244930505753,0.0,0.0,0.0,0.013142458163201809,0.0,0.0,0.0035947556607425213,0.10000000149011612,0.04938123747706413,0.04295880347490311,0.35109779238700867,0.10149739682674408,0.058164190500974655,0.07314131408929825,0.25212493538856506,0.001172663178294897,7.199649553513154e-05,5.017875992052723e-06,0.00044572167098522186,0.0005587782943621278,6.899202055804178e-18,7.614965265556646e-19,9.321932157035917e-05,0.0022155235055834055,0.0004100173828192055,5.813816824229434e-05,0.0013741448055952787,0.04698200151324272,0.15395689010620117,0.2596406936645508,-0.0858253613114357,-0.7092442512512207,3.058967113494873,0.5391206741333008,0.6610842347145081,0.6699061393737793,1.040928602218628,1.4680687189102173,1.1030797958374023,1.2519097328186035,0.6518812775611877,1.1817631721496582,3.080497980117798,1.927898645401001
368,0.16523480415344238,0.0,0.0,0.0,0.34920257329940796,0.0,0.0,0.35569822788238525,0.0,0.0,0.0,0.0,0.11317064613103867,0.0,0.0,0.0,0.01668199524283409,0.0,0.0,1.179496666736668e-05,0.28558579087257385,0.0,0.0,0.0,0.43743881583213806,0.0,0.0,0.20215636491775513,0.0,0.0,0.0,0.0,0.05912770703434944,0.0,0.0,0.0,0.012362849898636341,0.0,0.0,0.00332845957018435,0.10576923191547394,0.0397205576300621,0.0393558070063591,0.413173645734787,0.10521004348993301,0.03377929702401161,0.062124285846948624,0.22945056855678558,0.001158424187451601,6.49981593596749e-05,4.65371294922079e-06,0.00040939325117506087,0.0005329689593054354,6.209281726146668e-18,6.871371770889984e-19,9.385473822476342e-05,0.00209430861286819,0.00035351482802070677,5.228365262155421e-05,0.0009924669284373522,0.04380161687731743,0.12985773384571075,0.2432074248790741,-0.08991221338510513,-0.7343094348907471,3.23214054107666,0.5104902386665344,0.6004627346992493,0.7687962651252747,1.0837516784667969,1.3619848489761353,1.1008676290512085,1.3682634830474854,0.6430855393409729,1.1759124994277954,2.957573890686035,1.8035238981246948
369,0.1613246351480484,0.0,0.0,0.0,0.5310249328613281,0.0,0.0,0.12913298606872559,0.0,0.0,0.0,0.0,0.1022927314043045,0.0,0.0,0.0,0.07621599733829498,0.0,0.0,8.604870345152449e-06,0.2798469364643097,0.0,0.0,0.0,0.4313899576663971,0.0,0.0,0.20746801793575287,0.0,0.0,0.0,0.0,0.06437774747610092,0.0,0.0,0.0,0.013285115361213684,0.0,0.0,0.003632215317338705,0.10961538553237915,0.034171655774116516,0.04383770376443863,0.40998002886772156,0.09095000475645065,0.02358722686767578,0.08454453945159912,0.3050290048122406,0.001259888056665659,6.719183875247836e-05,4.641570285457419e-06,0.000323579297401011,0.0005567747284658253,5.588354049840369e-18,6.185743991623742e-19,7.889774860814214e-05,0.0023760756012052298,0.0003787792520597577,5.541204518522136e-05,0.0009620193159207702,0.047610655426979065,0.1785065233707428,0.3361642360687256,-0.08570896089076996,-0.7187885046005249,3.0893495082855225,0.5167938470840454,0.5716425180435181,0.7040620446205139,1.09381103515625,1.3652122020721436,1.1051489114761353,1.3156015872955322,0.5975797772407532,1.0809980630874634,2.8781182765960693,1.6321264505386353
370,0.19204388558864594,0.0,0.0,0.0,0.4984089136123657,0.0,0.0,0.12847311794757843,0.0,0.0,0.0,0.0,0.030446868389844894,0.0,0.0,0.0,0.15026617050170898,0.0,0.0,0.0003611084830481559,0.2752501368522644,0.0,0.0,0.0,0.4258422553539276,0.0,0.0,0.2142079472541809,0.0,0.0,0.0,0.0,0.06656160950660706,0.0,0.0,0.0,0.014626054093241692,0.0,0.0,0.0035119950771331787,0.10000000149011612,0.026387225836515427,0.046392012387514114,0.4189620614051819,0.08292729407548904,0.02302411198616028,0.10152736306190491,0.2991201877593994,0.0015545191708952188,7.972618914209306e-05,5.090894774184562e-06,0.0003664785181172192,0.0006386878085322678,5.0295186862153625e-18,5.568690002126028e-19,8.624939800938591e-05,0.00324846338480711,0.0004680963756982237,6.439612479880452e-05,0.0010356451384723186,0.04962420091032982,0.18106259405612946,0.24054250121116638,-0.0833524838089943,-0.7657174468040466,2.8547616004943848,0.5501271486282349,0.5110608339309692,0.6636366248130798,1.1082189083099365,1.2941207885742188,1.1550363302230835,1.3065937757492065,0.611638605594635,1.0966802835464478,3.023153066635132,1.4999374151229858
371,0.3425152003765106,0.0,0.0,0.0,0.31311795115470886,0.0,0.0,0.17730949819087982,0.0,0.0,0.0,0.0,0.05741759389638901,0.0,0.0,0.0,0.10962025076150894,0.0,0.0,1.9561328372219577e-05,0.2601955533027649,0.0,0.0,0.0,0.41800007224082947,0.0,0.0,0.22690708935260773,0.0,0.0,0.0,0.0,0.07602232694625854,0.0,0.0,0.0,0.015779264271259308,0.0,0.0,0.003095681080594659,0.13653846085071564,0.036447107791900635,0.05262921750545502,0.3812375068664551,0.109333336353302,0.09190910309553146,0.12466394156217575,0.2268730103969574,0.0021672965958714485,9.537256846670061e-05,5.751794560637791e-06,0.0005002941470593214,0.0008980713901109993,4.52656640400352e-18,5.013429506313323e-19,0.00010435697913635522,0.004118311684578657,0.0005693793063983321,7.554391049779952e-05,0.0014867943245917559,0.055609170347452164,0.1670466810464859,0.2882288992404938,-0.07110798358917236,-0.7569680213928223,2.545743465423584,0.593674898147583,0.494533896446228,0.6305245757102966,1.1303884983062744,1.1512484550476074,1.1455744504928589,1.2479935884475708,0.628650426864624,1.0061630010604858,3.160680055618286,1.4262053966522217
372,0.21010079979896545,0.0,0.0,0.0,0.33900341391563416,0.0,0.0,0.2844734489917755,0.0,0.0,0.0,0.0,0.10906501859426498,0.0,0.0,0.0,0.05730322003364563,0.0,0.0,5.412800965132192e-05,0.24961017072200775,0.0,0.0,0.0,0.41161593794822693,0.0,0.0,0.23810504376888275,0.0,0.0,0.0,0.0,0.0814778134226799,0.0,0.0,0.0,0.01647207885980606,0.0,0.0,0.002718961564823985,0.16923077404499054,0.05413173511624336,0.05527590587735176,0.37005987763404846,0.1932649463415146,0.25313931703567505,0.13496090471744537,0.109010711312294,0.0027313209138810635,0.00011622700549196452,6.094597210903885e-06,0.000613563519436866,0.0010578761575743556,4.0739095981670454e-18,4.512905619584783e-19,0.00012679267092607915,0.005003554280847311,0.0006759422249160707,8.290800906252116e-05,0.0015380652621388435,0.059005290269851685,0.16641269624233246,0.4786055088043213,-0.06144668534398079,-0.7388022541999817,2.3638129234313965,0.6270430684089661,0.5716339945793152,0.6088594794273376,1.2062948942184448,1.0514531135559082,1.057708501815796,1.1217786073684692,0.6110941171646118,1.0024603605270386,3.298534870147705,1.4548290967941284
373,0.058745674788951874,0.0,0.0,0.0,0.2554139792919159,0.0,0.0,0.43271395564079285,0.0,0.0,0.0,0.0,0.13396568596363068,0.0,0.0,0.0,0.11882186681032181,0.0,0.0,0.0003388848272152245,0.23811973631381989,0.0,0.0,0.0,0.40549802780151367,0.0,0.0,0.24260711669921875,0.0,0.0,0.0,0.0,0.09088318794965744,0.0,0.0,0.0,0.02030794322490692,0.0,0.0,0.0025839998852461576,0.2211538404226303,0.07249501347541809,0.06086142733693123,0.4882235527038574,0.3228733539581299,0.4952852725982666,0.16616171598434448,0.09192278236150742,0.0028803530149161816,0.00011678489681798965,6.160313205327839e-06,0.0007073126034811139,0.0010793434921652079,3.66651859699131e-18,4.0617561436195335e-19,0.00014839251525700092,0.005115925334393978,0.0007071949075907469,8.456161594949663e-05,0.0018351870821788907,0.06669759750366211,0.253114253282547,0.5713524222373962,-0.045383792370557785,-0.6933834552764893,2.3005075454711914,0.6421173214912415,0.5756112337112427,0.6095663905143738,1.200896978378296,1.0763909816741943,1.0276386737823486,1.1305742263793945,0.5900844931602478,0.9973287582397461,3.3780694007873535,1.5301522016525269
374,0.06907811015844345,0.0,0.0,0.0,0.3746275007724762,0.0,0.0,0.2639351785182953,0.0,0.0,0.0,0.0,0.15549173951148987,0.0,0.0,0.0,0.13629905879497528,0.0,0.0,0.0005683636991307139,0.23715965449810028,0.0,0.0,0.0,0.4054550230503082,0.0,0.0,0.2443641722202301,0.0,0.0,0.0,0.0,0.09094865620136261,0.0,0.0,0.0,0.019409870728850365,0.0,0.0,0.002662625862285495,0.2173076868057251,0.06966067850589752,0.06053183600306511,0.4922155439853668,0.3934885561466217,0.49275341629981995,0.16079053282737732,0.16204124689102173,0.0026835226453840733,0.00010682801075745374,5.9297076404618565e-06,0.0006736586801707745,0.0010278091067448258,3.299866654574118e-18,3.655719805793219e-19,0.00012956414138898253,0.004975658375769854,0.0006520886090584099,8.070473268162459e-05,0.0018136791186407208,0.0662684440612793,0.2923450469970703,0.5781751275062561,-0.045747265219688416,-0.6696076393127441,2.300374984741211,0.6052794456481934,0.5316399931907654,0.6225095391273499,1.1232563257217407,1.05799400806427,0.9782252311706543,1.015373945236206,0.6537991762161255,1.0969769954681396,3.138518810272217,1.5466151237487793
375,0.1368323266506195,0.0,0.0,0.0,0.3752119243144989,0.0,0.0,0.23320001363754272,0.0,0.0,0.0,0.0,0.11341605335474014,0.0,0.0,0.0,0.1403844654560089,0.0,0.0,0.0009552581468597054,0.24430035054683685,0.0,0.0,0.0,0.4092903435230255,0.0,0.0,0.23949378728866577,0.0,0.0,0.0,0.0,0.08554507791996002,0.0,0.0,0.0,0.018692217767238617,0.0,0.0,0.0026782287750393152,0.1903846114873886,0.06263472884893417,0.057967543601989746,0.42754489183425903,0.32366493344306946,0.4495013952255249,0.13821087777614594,0.13798965513706207,0.0022987322881817818,9.715629130369052e-05,5.7306751841679215e-06,0.0006345818983390927,0.0009577717864885926,2.969879906398645e-18,3.2907840046531326e-19,0.00013580353697761893,0.004411743953824043,0.0005896252114325762,7.742544403299689e-05,0.0018555615097284317,0.06269370019435883,0.2547439932823181,0.501619815826416,-0.05347631499171257,-0.6264526844024658,2.342576265335083,0.5604479312896729,0.5161991119384766,0.6653692722320557,1.0815860033035278,0.9747429490089417,0.9822579622268677,0.9781927466392517,0.7165855765342712,1.1025034189224243,2.894785165786743,1.576236605644226
376,0.18007875978946686,0.0,0.0,0.0,0.2597416639328003,0.0,0.0,0.24035437405109406,0.0,0.0,0.0,0.0,0.20958764851093292,0.0,0.0,0.0,0.11021238565444946,0.0,0.0,2.5133482267847285e-05,0.2847158908843994,0.0,0.0,0.0,0.43160054087638855,0.0,0.0,0.20545344054698944,0.0,0.0,0.0,0.0,0.06279293447732925,0.0,0.0,0.0,0.013392345048487186,0.0,0.0,0.0020448442082852125,0.06923077255487442,0.022035928443074226,0.04285892844200134,0.40439119935035706,0.0891289934515953,0.020593663677573204,0.0869048461318016,0.6395516395568848,0.0013220451073721051,6.608859257539734e-05,4.870109933108324e-06,0.0004957997007295489,0.0005994093371555209,2.6728916676045967e-18,2.9617434477008436e-19,0.00010621796536725014,0.002710015745833516,0.00037887401413172483,5.8306810387875885e-05,0.0015125797362998128,0.045882437378168106,0.3198097348213196,0.1969519853591919,-0.09027674049139023,-0.6237691640853882,2.8641135692596436,0.4910127520561218,0.5653257369995117,0.6661589741706848,0.9901589155197144,1.0199142694473267,0.9483415484428406,1.0842896699905396,0.7147662043571472,1.2149720191955566,2.5808887481689453,1.6464018821716309
377,0.17801803350448608,0.0,0.0,0.0,0.2903221845626831,0.0,0.0,0.27080172300338745,0.0,0.0,0.0,0.0,0.19412945210933685,0.0,0.0,0.0,0.06670913100242615,0.0,0.0,1.9486276869429275e-05,0.2878848910331726,0.0,0.0,0.0,0.43290701508522034,0.0,0.0,0.2043122947216034,0.0,0.0,0.0,0.0,0.06106589362025261,0.0,0.0,0.0,0.011864366941154003,0.0,0.0,0.0019655299838632345,0.05961538478732109,0.027984032407402992,0.04044194892048836,0.40099799633026123,0.07889053970575333,0.05533226579427719,0.08084697276353836,0.6367625594139099,0.00100565399043262,4.724341124529019e-05,4.321491815062473e-06,0.00030023284489288926,0.0004640865954570472,2.4056025215236523e-18,2.6657593544716465e-19,6.889932410558686e-05,0.0017899216618388891,0.0002674440620467067,4.782071118825115e-05,0.001019179355353117,0.043931521475315094,0.260846346616745,0.2194015085697174,-0.090141661465168,-0.5703470706939697,3.1586415767669678,0.4320715367794037,0.5573623776435852,0.6290855407714844,1.1420780420303345,0.9684944152832031,1.0460360050201416,1.1527467966079712,0.796280562877655,1.244467854499817,2.3447535037994385,1.6580770015716553
378,0.18868616223335266,0.0,0.0,0.0,0.3536137640476227,0.0,0.0,0.3318817615509033,0.0,0.0,0.0,0.0,0.10321751236915588,0.0,0.0,0.0,0.02252858690917492,0.0,0.0,7.211663614725694e-05,0.28615549206733704,0.0,0.0,0.0,0.43367618322372437,0.0,0.0,0.20557750761508942,0.0,0.0,0.0,0.0,0.06110972538590431,0.0,0.0,0.0,0.011610571295022964,0.0,0.0,0.0018705041147768497,0.08461538702249527,0.03520958125591278,0.03985518217086792,0.3940119743347168,0.1224035769701004,0.06958995759487152,0.08471675962209702,0.2706671953201294,0.0008659836603328586,4.092220478923991e-05,4.060126229887828e-06,0.00027023282018490136,0.0003563509089872241,2.165042269371287e-18,2.4000412828678817e-19,6.46122862235643e-05,0.0015249750576913357,0.00022218385129235685,4.337717837188393e-05,0.0006735574570484459,0.043755222111940384,0.12581326067447662,0.21158143877983093,-0.08450104296207428,-0.5237774848937988,3.286695718765259,0.41193294525146484,0.4489520192146301,0.6210971474647522,1.1716771125793457,1.0551080703735352,1.1302260160446167,1.0932146310806274,0.7635412812232971,1.187149167060852,2.1704277992248535,1.5469319820404053
379,0.20061376690864563,0.0,0.0,0.0,0.3119562566280365,0.0,0.0,0.2887495458126068,0.0,0.0,0.0,0.0,0.17136336863040924,0.0,0.0,0.0,0.027244869619607925,0.0,0.0,7.220773113658652e-05,0.2830902636051178,0.0,0.0,0.0,0.429291695356369,0.0,0.0,0.20933708548545837,0.0,0.0,0.0,0.0,0.06516821682453156,0.0,0.0,0.0,0.011167175136506557,0.0,0.0,0.0019455560250207782,0.09615384787321091,0.033053893595933914,0.04280649498105049,0.3540917932987213,0.3068537712097168,0.07293912768363953,0.11957523971796036,0.37676846981048584,0.0008596583502367139,4.216550587443635e-05,4.246448952471837e-06,0.0003475261328276247,0.0004418373864609748,1.948538083793189e-18,2.1600370253341229e-19,7.829026435501873e-05,0.001610284554772079,0.00021805489086546004,4.616530713974498e-05,0.0009202881483361125,0.045921873301267624,0.19867251813411713,0.32360148429870605,-0.07989875227212906,-0.5686002373695374,3.1023757457733154,0.36409828066825867,0.5013819932937622,0.6974565982818604,1.2110011577606201,1.375481367111206,1.2220765352249146,0.9353122711181641,0.7148500084877014,1.1251283884048462,1.9695155620574951,1.418699026107788
380,0.16518308222293854,0.0,0.0,0.0,0.27120399475097656,0.0,0.0,0.22396676242351532,0.0,0.0,0.0,0.0,0.25576451420783997,0.0,0.0,0.0,0.08380866795778275,0.0,0.0,7.301700679818168e-05,0.2810017466545105,0.0,0.0,0.0,0.4320293068885803,0.0,0.0,0.2088848054409027,0.0,0.0,0.0,0.0,0.06498708575963974,0.0,0.0,0.0,0.011084265075623989,0.0,0.0,0.0020128043834120035,0.06730769574642181,0.02159680612385273,0.04303870350122452,0.3858283460140228,0.1609223186969757,0.04983794689178467,0.13053324818611145,0.6468825936317444,0.0009648011764511466,4.399391036713496e-05,4.389855348563287e-06,0.0004211444465909153,0.0004381945473141968,1.7536841099777476e-18,1.9442615341768957e-19,8.545167656848207e-05,0.0017925344873219728,0.00023393392621073872,4.782955511473119e-05,0.0012406287714838982,0.04580588638782501,0.3396318256855011,0.2854654788970947,-0.08070588111877441,-0.6179052591323853,3.012739896774292,0.3702884614467621,0.5259140729904175,0.670191764831543,1.153010606765747,1.2755640745162964,1.2059625387191772,0.9457294344902039,0.7430321574211121,1.028382420539856,2.034489393234253,1.2586747407913208
381,0.15084047615528107,0.0,0.0,0.0,0.4755714237689972,0.0,0.0,0.20553593337535858,0.0,0.0,0.0,0.0,0.07049767673015594,0.0,0.0,0.0,0.09748155623674393,0.0,0.0,7.288160122698173e-05,0.265858918428421,0.0,0.0,0.0,0.41914933919906616,0.0,0.0,0.22213171422481537,0.0,0.0,0.0,0.0,0.07499030977487564,0.0,0.0,0.0,0.0158490389585495,0.0,0.0,0.0020206733606755733,0.07500000298023224,0.023792415857315063,0.05203745514154434,0.40059879422187805,0.11914435774087906,0.0393323190510273,0.14354605972766876,0.23737825453281403,0.0011824340326711535,8.004783012438565e-05,5.163746209291276e-06,0.0004548229044303298,0.0005810915026813745,1.5783156162619116e-18,1.7498354453826915e-19,8.473821799270809e-05,0.002052903175354004,0.0004329460207372904,6.56397533020936e-05,0.0015930556692183018,0.054474808275699615,0.1680413782596588,0.4158404469490051,-0.0699547678232193,-0.619788408279419,2.5729615688323975,0.4533578157424927,0.6346551179885864,0.6274474859237671,1.1090723276138306,1.1587975025177002,1.0701736211776733,0.8405622243881226,0.6809412837028503,0.939102053642273,2.3737030029296875,1.2891333103179932
382,0.0656227394938469,0.0,0.0,0.0,0.2943073809146881,0.0,0.0,0.48706287145614624,0.0,0.0,0.0,0.0,0.10243457555770874,0.0,0.0,0.0,0.05049622058868408,0.0,0.0,7.614135392941535e-05,0.2388463318347931,0.0,0.0,0.0,0.4051419794559479,0.0,0.0,0.24687720835208893,0.0,0.0,0.0,0.0,0.08899205178022385,0.0,0.0,0.0,0.018011143431067467,0.0,0.0,0.002131285611540079,0.09615384787321091,0.048423152416944504,0.06110861524939537,0.3718562722206116,0.12974102795124054,0.16356155276298523,0.1490451991558075,0.1501803994178772,0.001691277138888836,0.00010722489969339222,5.593383320956491e-06,0.0005203642067499459,0.0007650877814739943,1.4204840753152357e-18,1.5749224179916425e-19,9.817381942411885e-05,0.003097168868407607,0.0005528612527996302,7.720428402535617e-05,0.0018902401207014918,0.06402523815631866,0.15299975872039795,0.4535655379295349,-0.05255258455872536,-0.6196184754371643,2.3049509525299072,0.4976964294910431,0.630418062210083,0.57862788438797,1.200973629951477,1.1210368871688843,0.9214588403701782,0.985847532749176,0.7023230195045471,0.8729658722877502,2.5579895973205566,1.259594202041626
383,0.035359155386686325,0.0,0.0,0.0,0.1222621351480484,0.0,0.0,0.26488739252090454,0.0,0.0,0.0,0.0,0.5291228294372559,0.0,0.0,0.0,0.0481867790222168,0.0,0.0,0.00018175848526880145,0.22153815627098083,0.0,0.0,0.0,0.3902095556259155,0.0,0.0,0.2594464123249054,0.0,0.0,0.0,0.0,0.10584816336631775,0.0,0.0,0.0,0.020688019692897797,0.0,0.0,0.0022696717642247677,0.14807692170143127,0.06522954255342484,0.07054682075977325,0.5209580659866333,0.1858503222465515,0.2763216197490692,0.1933782547712326,0.8205627799034119,0.0020638699643313885,0.00011793761950684711,5.8466735026740935e-06,0.000849465373903513,0.0008405587868764997,1.2784356574439545e-18,1.4178474112633288e-19,0.00014517459203489125,0.0038700499571859837,0.0006144564831629395,8.389641880057752e-05,0.002103362698107958,0.07556602358818054,0.5774774551391602,0.47680094838142395,-0.030773838981986046,-0.6434797048568726,2.174318790435791,0.5482907295227051,0.6084069609642029,0.5333418846130371,1.1601074934005737,1.063576102256775,0.9659614562988281,1.0303319692611694,0.6999178528785706,0.8947696685791016,2.7606966495513916,1.1522505283355713
384,0.040434204041957855,0.0,0.0,0.0,0.13041596114635468,0.0,0.0,0.42008718848228455,0.0,0.0,0.0,0.0,0.387286514043808,0.0,0.0,0.0,0.02162032574415207,0.0,0.0,0.0001557248760946095,0.22526411712169647,0.0,0.0,0.0,0.3935795724391937,0.0,0.0,0.25578856468200684,0.0,0.0,0.0,0.0,0.10312282294034958,0.0,0.0,0.0,0.01999114267528057,0.0,0.0,0.002253748243674636,0.1269230842590332,0.06351297348737717,0.06901373714208603,0.4810379147529602,0.23826102912425995,0.299376517534256,0.18508456647396088,0.5197047591209412,0.0021270071156322956,0.00010701778228394687,5.641979441861622e-06,0.0007003642967902124,0.0008472059271298349,1.1505921020393167e-18,1.2761163464039324e-19,0.00012859064736403525,0.003964265342801809,0.0005904359859414399,8.121969585772604e-05,0.0019668685272336006,0.07355247437953949,0.4090496599674225,0.5251559019088745,-0.041296251118183136,-0.6151875257492065,2.174741744995117,0.4963468611240387,0.663252055644989,0.524243175983429,1.1089786291122437,1.0307332277297974,0.8808017373085022,0.9650315642356873,0.7719399333000183,1.1146265268325806,2.583064556121826,1.2453571557998657
385,0.29726383090019226,0.0,0.0,0.0,0.4177967607975006,0.0,0.0,0.12674479186534882,0.0,0.0,0.0,0.0,0.15248645842075348,0.0,0.0,0.0,0.00567952124401927,0.0,0.0,2.8569478672579862e-05,0.2662760317325592,0.0,0.0,0.0,0.42253220081329346,0.0,0.0,0.2237444519996643,0.0,0.0,0.0,0.0,0.07316996157169342,0.0,0.0,0.0,0.012391367927193642,0.0,0.0,0.001885986770503223,0.051923077553510666,0.024391217157244682,0.04906117543578148,0.3652694523334503,0.03982928395271301,0.025335144251585007,0.10449791699647903,0.22302201390266418,0.001213917275890708,7.785118941683322e-05,4.981333404430188e-06,0.0005253534181974828,0.0005701532354578376,1.0355328297968391e-18,1.148519601014565e-19,0.00010079070489155129,0.002269192598760128,0.0004130773595534265,6.416079850168899e-05,0.0018966790521517396,0.05130602419376373,0.15818580985069275,0.4710145592689514,-0.08037514984607697,-0.698851466178894,2.6208670139312744,0.4665444791316986,0.5635612607002258,0.5086110830307007,1.0981651544570923,1.0270297527313232,0.9500188827514648,1.0012454986572266,0.7626157402992249,1.315228819847107,2.4110851287841797,1.222896933555603
386,0.11160799115896225,0.0,0.0,0.0,0.5767626762390137,0.0,0.0,0.21998561918735504,0.0,0.0,0.0,0.0,0.040521349757909775,0.0,0.0,0.0,0.051082585006952286,0.0,0.0,3.974348874180578e-05,0.28376278281211853,0.0,0.0,0.0,0.4373930096626282,0.0,0.0,0.20627948641777039,0.0,0.0,0.0,0.0,0.05897935852408409,0.0,0.0,0.0,0.011727075092494488,0.0,0.0,0.0018583025084808469,0.051923077553510666,0.01948103867471218,0.04158801585435867,0.23592813313007355,0.1152343675494194,0.028939593583345413,0.07977553457021713,0.11878354847431183,0.0008789964485913515,6.234431930352002e-05,4.451602762856055e-06,0.00044280249858275056,0.00034552442957647145,9.319795364773975e-19,1.0336676409131086e-19,8.54369718581438e-05,0.0017214008839800954,0.00033200278994627297,5.154239624971524e-05,0.0012983279302716255,0.04257446527481079,0.09163809567689896,0.3145604729652405,-0.09597310423851013,-0.7166430950164795,2.860590934753418,0.4502948820590973,0.45072028040885925,0.46385762095451355,1.0218559503555298,1.1245585680007935,0.887823224067688,0.9834077954292297,0.8636187314987183,1.2124735116958618,2.228196859359741,1.231859803199768
387,0.18466725945472717,0.0,0.0,0.0,0.31204384565353394,0.0,0.0,0.38078612089157104,0.0,0.0,0.0,0.0,0.11115720868110657,0.0,0.0,0.0,0.01129813864827156,0.0,0.0,4.7455218009417877e-05,0.29774439334869385,0.0,0.0,0.0,0.44220617413520813,0.0,0.0,0.19555599987506866,0.0,0.0,0.0,0.0,0.05293663963675499,0.0,0.0,0.0,0.0097934165969491,0.0,0.0,0.0017633686074987054,0.08846154063940048,0.028742514550685883,0.0359300896525383,0.23073852062225342,0.19089332222938538,0.06526783108711243,0.07513061165809631,0.2019343078136444,0.0007407107623293996,4.8996742407325655e-05,4.18835406890139e-06,0.00034765712916851044,0.0003585898084565997,8.387815104513542e-19,9.303076105889718e-20,7.520466897403821e-05,0.0013152206083759665,0.00025284040020778775,4.526003249338828e-05,0.0007861678022891283,0.037839844822883606,0.12249855697154999,0.34792834520339966,-0.09776899963617325,-0.7512034773826599,3.0510408878326416,0.4189768433570862,0.4752058982849121,0.5136027932167053,1.1213905811309814,1.2522861957550049,0.9187294840812683,1.0056079626083374,0.7834799885749817,1.0881718397140503,2.117368459701538,1.3423259258270264
388,0.18464285135269165,0.0,0.0,0.0,0.2869616448879242,0.0,0.0,0.2627940773963928,0.0,0.0,0.0,0.0,0.24364519119262695,0.0,0.0,0.0,0.02191430702805519,0.0,0.0,4.184102363069542e-05,0.2973020076751709,0.0,0.0,0.0,0.43943336606025696,0.0,0.0,0.19607555866241455,0.0,0.0,0.0,0.0,0.05465587228536606,0.0,0.0,0.0,0.010773817077279091,0.0,0.0,0.0017593939555808902,0.10000000149011612,0.022395210340619087,0.037350814789533615,0.2838323414325714,0.23616844415664673,0.039537228643894196,0.07817244529724121,0.46684589982032776,0.0007127602584660053,5.4486583394464105e-05,4.315486876294017e-06,0.0004105601692572236,0.00035283694160170853,7.549034317845224e-19,8.372768042936349e-20,8.323048677993938e-05,0.001267539570108056,0.0002770692517515272,4.6822526201140136e-05,0.0011018433142453432,0.039421919733285904,0.2655934989452362,0.2585584819316864,-0.09631424397230148,-0.66721111536026,3.0211732387542725,0.4215589761734009,0.4649457335472107,0.5509564280509949,0.9814415574073792,1.2614368200302124,1.1661027669906616,0.9623629450798035,0.7665389776229858,0.9983022212982178,2.1335551738739014,1.3646740913391113
389,0.15903645753860474,0.0,0.0,0.0,0.23840931057929993,0.0,0.0,0.3081136643886566,0.0,0.0,0.0,0.0,0.28073930740356445,0.0,0.0,0.0,0.013665915466845036,0.0,0.0,3.5343273339094594e-05,0.29239827394485474,0.0,0.0,0.0,0.43486908078193665,0.0,0.0,0.20395447313785553,0.0,0.0,0.0,0.0,0.056169912219047546,0.0,0.0,0.0,0.010797496885061264,0.0,0.0,0.0018107848009094596,0.07692307978868484,0.01668662764132023,0.03858676925301552,0.29620757699012756,0.10734540969133377,0.031296711415052414,0.08999636024236679,0.497699111700058,0.0006761732511222363,5.8826659369515255e-05,4.367708243080415e-06,0.00025335283135063946,0.0003406461328268051,6.794130162277665e-19,7.535490010796492e-20,5.863807018613443e-05,0.0012316356878727674,0.00029038803768344223,4.781183088198304e-05,0.0007974635809659958,0.04035446047782898,0.2944302558898926,0.2487131953239441,-0.09042967110872269,-0.657466471195221,3.011897563934326,0.422199547290802,0.510041356086731,0.6466836929321289,0.9643630385398865,1.2280361652374268,1.0462255477905273,0.9752348065376282,0.7391176819801331,1.0264033079147339,2.1986958980560303,1.4656809568405151
390,0.14168277382850647,0.0,0.0,0.0,0.4202355742454529,0.0,0.0,0.26575684547424316,0.0,0.0,0.0,0.0,0.1566060185432434,0.0,0.0,0.0,0.015649044886231422,0.0,0.0,6.978759483899921e-05,0.2786741256713867,0.0,0.0,0.0,0.4288775324821472,0.0,0.0,0.2131677120923996,0.0,0.0,0.0,0.0,0.0649094432592392,0.0,0.0,0.0,0.01249322947114706,0.0,0.0,0.0018779379315674305,0.05000000074505806,0.01704590767621994,0.04477153718471527,0.333133727312088,0.055950962007045746,0.020313281565904617,0.11003289371728897,0.2675820589065552,0.0009275326738134027,6.558110180776566e-05,4.676522621593904e-06,0.00039324304088950157,0.00039579730946570635,6.114717611338993e-19,6.781941397457755e-20,8.317848551087081e-05,0.0017070104368031025,0.0003432167577557266,5.613416578853503e-05,0.0012274724431335926,0.046518050134181976,0.17231623828411102,0.24605974555015564,-0.08821523934602737,-0.6973656415939331,2.8300743103027344,0.43005919456481934,0.511421263217926,0.6791797876358032,1.0862817764282227,1.312578797340393,0.9755491018295288,0.9489699006080627,0.7877911925315857,0.959956705570221,2.269575357437134,1.496275782585144
391,0.14672382175922394,0.0,0.0,0.0,0.6417455077171326,0.0,0.0,0.11469583958387375,0.0,0.0,0.0,0.0,0.08385726809501648,0.0,0.0,0.0,0.01292179711163044,0.0,0.0,5.566556137637235e-05,0.27548837661743164,0.0,0.0,0.0,0.42959487438201904,0.0,0.0,0.21281862258911133,0.0,0.0,0.0,0.0,0.06654436886310577,0.0,0.0,0.0,0.013557163998484612,0.0,0.0,0.0019966077525168657,0.05000000074505806,0.01588822342455387,0.04614981636404991,0.3708582818508148,0.04195455089211464,0.017636509612202644,0.09227380901575089,0.13330389559268951,0.0011484629940241575,7.831685070414096e-05,4.837109372601844e-06,0.0002931061608251184,0.00042269183904863894,5.503245023024481e-19,6.103747645452892e-20,6.739312811987475e-05,0.001992241246625781,0.0003935454005841166,6.077250873204321e-05,0.0010405817301943898,0.04816971719264984,0.09682758152484894,0.31064462661743164,-0.08532994985580444,-0.6517932415008545,2.7866108417510986,0.4691199064254761,0.5065368413925171,0.6634052991867065,0.9821790456771851,1.2651138305664062,0.9798234105110168,1.0502283573150635,0.7517626881599426,1.0139893293380737,2.4464855194091797,1.6090996265411377
392,0.36184197664260864,0.0,0.0,0.0,0.3067503869533539,0.0,0.0,0.09604119509458542,0.0,0.0,0.0,0.0,0.07698774337768555,0.0,0.0,0.0,0.1583399921655655,0.0,0.0,3.8802874769316986e-05,0.2498033046722412,0.0,0.0,0.0,0.41473761200904846,0.0,0.0,0.23472408950328827,0.0,0.0,0.0,0.0,0.08199864625930786,0.0,0.0,0.0,0.016696253791451454,0.0,0.0,0.00204008212313056,0.06923077255487442,0.03504990041255951,0.05746067687869072,0.30978041887283325,0.08953521400690079,0.10417550057172775,0.15521617233753204,0.28538551926612854,0.001142385764978826,7.767514034640044e-05,5.253860763332341e-06,0.0004448198014870286,0.00048456626245751977,4.952920727517186e-19,5.49337236391972e-20,8.349883137270808e-05,0.002118554199114442,0.00039707464748062193,6.864429451525211e-05,0.0016293706139549613,0.0591050423681736,0.23535586893558502,0.3813755214214325,-0.055078957229852676,-0.6805309057235718,2.6152279376983643,0.40155646204948425,0.6866230964660645,0.6656885743141174,0.9961572289466858,1.3469825983047485,1.0820937156677246,1.0347440242767334,0.7448228597640991,1.279421091079712,2.3208484649658203,1.4603945016860962
393,0.4442344009876251,0.0,0.0,0.0,0.13979847729206085,0.0,0.0,0.08993112295866013,0.0,0.0,0.0,0.0,0.110969677567482,0.0,0.0,0.0,0.2150239497423172,0.0,0.0,4.234345760778524e-05,0.2622535228729248,0.0,0.0,0.0,0.4188876748085022,0.0,0.0,0.22476841509342194,0.0,0.0,0.0,0.0,0.07602588832378387,0.0,0.0,0.0,0.016206257045269012,0.0,0.0,0.0018582437187433243,0.06923077255487442,0.03628742694854736,0.05320599302649498,0.30818361043930054,0.1242094337940216,0.19795094430446625,0.16079498827457428,0.3866741955280304,0.0009480169974267483,6.127853703219444e-05,4.804326181329088e-06,0.0004906191024929285,0.0004378287703730166,4.457628758163044e-19,4.944034610539865e-20,9.643103112466633e-05,0.001721030450426042,0.00031867180950939655,6.0792113799834624e-05,0.0015589137328788638,0.05520553141832352,0.3260243833065033,0.3370532989501953,-0.06325691193342209,-0.7088392972946167,2.8034942150115967,0.36461329460144043,0.7219142317771912,0.605976402759552,1.0095829963684082,1.357130527496338,1.0259497165679932,1.053232192993164,0.8174051642417908,1.3190135955810547,2.125673294067383,1.4695669412612915
394,0.16338440775871277,0.0,0.0,0.0,0.26582837104797363,0.0,0.0,0.1702755242586136,0.0,0.0,0.0,0.0,0.15524642169475555,0.0,0.0,0.0,0.24521224200725555,0.0,0.0,5.299489930621348e-05,0.26438599824905396,0.0,0.0,0.0,0.41896599531173706,0.0,0.0,0.22428114712238312,0.0,0.0,0.0,0.0,0.0742754116654396,0.0,0.0,0.0,0.01601584628224373,0.0,0.0,0.0020756155718117952,0.06730769574642181,0.03469061851501465,0.05188265070319176,0.3353293240070343,0.12138086557388306,0.2514478266239166,0.17344075441360474,0.5005455613136292,0.0008581695728935301,4.561117384582758e-05,4.366209395811893e-06,0.0006184602389112115,0.0003341755364090204,4.0118652619612805e-19,4.4496310202389076e-20,0.00010630721226334572,0.0015547429211437702,0.00023112630879040807,5.1590359362307936e-05,0.0018114212434738874,0.05419643968343735,0.40049993991851807,0.2477383017539978,-0.06851314008235931,-0.6815365552902222,2.9423632621765137,0.3478848934173584,0.6686320900917053,0.650489866733551,1.0772900581359863,1.2481900453567505,1.0273425579071045,0.9587299823760986,0.8049315810203552,1.3224478960037231,1.9958657026290894,1.5087703466415405
395,0.1459130495786667,0.0,0.0,0.0,0.28814560174942017,0.0,0.0,0.3398585915565491,0.0,0.0,0.0,0.0,0.19196857511997223,0.0,0.0,0.0,0.03403647616505623,0.0,0.0,7.763668691040948e-05,0.2696661055088043,0.0,0.0,0.0,0.42706623673439026,0.0,0.0,0.21809160709381104,0.0,0.0,0.0,0.0,0.06973728537559509,0.0,0.0,0.0,0.013426374644041061,0.0,0.0,0.002012374810874462,0.051923077553510666,0.03237525001168251,0.04800749197602272,0.2952095866203308,0.13912613689899445,0.18614453077316284,0.13717472553253174,0.2695314288139343,0.0006132839480414987,3.7455629353644326e-05,3.950778591388371e-06,0.0005012023029848933,0.0002821441739797592,3.610679045957882e-19,4.0046682736441863e-20,8.361806976608932e-05,0.0011500460095703602,0.0001932760060299188,4.505499600782059e-05,0.001521233469247818,0.04997680336236954,0.22607631981372833,0.2500358819961548,-0.07727087289094925,-0.7107033729553223,3.061457395553589,0.3707883656024933,0.6286090016365051,0.5794244408607483,1.0161242485046387,1.3013083934783936,0.9103546142578125,0.9645628333091736,0.7590323090553284,1.1991322040557861,1.8343461751937866,1.7128980159759521
396,0.09830281138420105,0.0,0.0,0.0,0.23484213650226593,0.0,0.0,0.3181387782096863,0.0,0.0,0.0,0.0,0.3441973626613617,0.0,0.0,0.0,0.004480727482587099,0.0,0.0,3.8212750951061025e-05,0.2757987976074219,0.0,0.0,0.0,0.4287335276603699,0.0,0.0,0.21427780389785767,0.0,0.0,0.0,0.0,0.06707177311182022,0.0,0.0,0.0,0.011868521571159363,0.0,0.0,0.0022495631128549576,0.02500000037252903,0.030219560489058495,0.04577028751373291,0.2864271402359009,0.03108464553952217,0.07907500118017197,0.1266450434923172,0.4844314455986023,0.0005871452740393579,3.950435348087922e-05,3.986718638770981e-06,0.00042131319059990346,0.00022709593758918345,3.249610831169364e-19,3.6042010585388555e-20,8.555310341762379e-05,0.0011326733510941267,0.00020423467503860593,4.840652400162071e-05,0.0012809296604245901,0.04763849079608917,0.3487076163291931,0.3243204355239868,-0.08763682097196579,-0.6544085741043091,2.9341061115264893,0.4396888017654419,0.5862141847610474,0.5388873219490051,1.0326377153396606,1.2311991453170776,0.6977306008338928,0.9344646334648132,0.7521396279335022,1.1186758279800415,1.6852457523345947,2.075911283493042
397,0.2851913571357727,0.0,0.0,0.0,0.28217172622680664,0.0,0.0,0.0898100808262825,0.0,0.0,0.0,0.0,0.08060822635889053,0.0,0.0,0.0,0.2621793746948242,0.0,0.0,3.9261718484340236e-05,0.27029654383659363,0.0,0.0,0.0,0.42469072341918945,0.0,0.0,0.2154291421175003,0.0,0.0,0.0,0.0,0.0716107189655304,0.0,0.0,0.0,0.01572723686695099,0.0,0.0,0.0022456184960901737,0.051923077553510666,0.041916169226169586,0.05021722987294197,0.2934131622314453,0.10535930842161179,0.23966486752033234,0.1451391875743866,0.4026927053928375,0.0008934651268646121,4.2990715883206576e-05,4.2999436118407175e-06,0.0005590576911345124,0.0003307881997898221,2.92464982560061e-19,3.2437810173084553e-20,0.00010489486157894135,0.001695337239652872,0.00021907498012296855,5.463024353957735e-05,0.0018822649726644158,0.05256333202123642,0.34281492233276367,0.33771342039108276,-0.07433907687664032,-0.6550779342651367,2.749296188354492,0.46743831038475037,0.498639851808548,0.5239182710647583,1.0969880819320679,1.3580628633499146,0.7470688223838806,0.993658721446991,0.7204127907752991,1.106476902961731,1.5587881803512573,2.2517032623291016
398,0.0426798015832901,0.0,0.0,0.0,0.21328337490558624,0.0,0.0,0.372057169675827,0.0,0.0,0.0,0.0,0.08509157598018646,0.0,0.0,0.0,0.2868657112121582,0.0,0.0,2.2354855900630355e-05,0.2587624192237854,0.0,0.0,0.0,0.4133248031139374,0.0,0.0,0.2233806550502777,0.0,0.0,0.0,0.0,0.08293697237968445,0.0,0.0,0.0,0.019357364624738693,0.0,0.0,0.002237799810245633,0.11346153914928436,0.05696606636047363,0.057640451937913895,0.3728542923927307,0.2262800931930542,0.39831385016441345,0.19058074057102203,0.3947557806968689,0.0010811929823830724,4.50298139185179e-05,4.686114152718801e-06,0.0006068677175790071,0.0004145920684095472,2.632184610396002e-19,2.919526863422522e-20,0.00011492414341773838,0.002189019462093711,0.00024868559557944536,6.300427776295692e-05,0.00247782189399004,0.06133200600743294,0.3719697892665863,0.353887677192688,-0.05461093783378601,-0.5858640074729919,2.5962278842926025,0.45285677909851074,0.4559095799922943,0.565501868724823,1.2999242544174194,1.3126918077468872,0.8608661890029907,1.044661045074463,0.701076090335846,1.048151969909668,1.4731985330581665,2.2593202590942383
399,0.036673497408628464,0.0,0.0,0.0,0.09845228493213654,0.0,0.0,0.09620967507362366,0.0,0.0,0.0,0.0,0.46386265754699707,0.0,0.0,0.0,0.30478164553642273,0.0,0.0,2.026570109592285e-05,0.24959473311901093,0.0,0.0,0.0,0.4050537347793579,0.0,0.0,0.22937506437301636,0.0,0.0,0.0,0.0,0.0919572040438652,0.0,0.0,0.0,0.021785372868180275,0.0,0.0,0.002233890350908041,0.14230769872665405,0.07824351638555527,0.06364794075489044,0.36087822914123535,0.32720884680747986,0.44166040420532227,0.21910355985164642,0.9160115122795105,0.0011309185065329075,4.886767783318646e-05,4.7806215661694296e-06,0.0006990206893533468,0.00040164802339859307,2.368966175205796e-19,2.6276694320976842e-20,0.00012795694055967033,0.0022711155470460653,0.00028781467699445784,6.671652954537421e-05,0.0021950306836515665,0.06804537773132324,0.7686555981636047,0.37080252170562744,-0.036372553557157516,-0.6702314019203186,2.4687576293945312,0.44099095463752747,0.5216271281242371,0.5305612683296204,1.2199029922485352,1.373215913772583,0.9708219766616821,0.9886209964752197,0.7023648023605347,1.067038655281067,1.3770112991333008,2.2597291469573975
400,0.08121052384376526,0.0,0.0,0.0,0.11593147367238998,0.0,0.0,0.22058965265750885,0.0,0.0,0.0,0.0,0.48265373706817627,0.0,0.0,0.0,0.09959296882152557,0.0,0.0,2.1639118131133728e-05,0.26152125000953674,0.0,0.0,0.0,0.41600242257118225,0.0,0.0,0.22436383366584778,0.0,0.0,0.0,0.0,0.07990937680006027,0.0,0.0,0.0,0.015953408554196358,0.0,0.0,0.0022496876772493124,0.07500000298023224,0.0709381252527237,0.05307116359472275,0.348103791475296,0.2606993317604065,0.44331711530685425,0.14306488633155823,0.6933447122573853,0.0009378750110045075,4.9531852710060775e-05,4.8261981646646746e-06,0.0007399091264232993,0.0004092432791367173,2.1320695318358221e-19,2.3649025858231438e-20,0.0001331930689048022,0.0017126970924437046,0.0002935395750682801,6.533146370202303e-05,0.0019908128306269646,0.05756472423672676,0.5822591185569763,0.30435478687286377,-0.06127743422985077,-0.6172818541526794,2.57734751701355,0.4396974444389343,0.566126823425293,0.5532805919647217,0.9663410782814026,1.5692689418792725,1.263093113899231,0.9846446514129639,0.7127013802528381,1.0758448839187622,1.3684073686599731,2.2910919189453125
401,0.17763501405715942,0.0,0.0,0.0,0.3652898967266083,0.0,0.0,0.14009355008602142,0.0,0.0,0.0,0.0,0.24451899528503418,0.0,0.0,0.0,0.07241387665271759,0.0,0.0,4.8686393711250275e-05,0.27532026171684265,0.0,0.0,0.0,0.428455650806427,0.0,0.0,0.21396489441394806,0.0,0.0,0.0,0.0,0.06768148392438889,0.0,0.0,0.0,0.01240313146263361,0.0,0.0,0.002174600725993514,0.07115384936332703,0.06323353201150894,0.04382771626114845,0.3255488872528076,0.21407550573349,0.3928285837173462,0.10682855546474457,0.34995460510253906,0.0007488527335226536,4.671578062698245e-05,4.214148702885723e-06,0.00036765399272553623,0.000374147406546399,1.9188624364805722e-19,2.12841197181166e-20,7.335249392781407e-05,0.001402424182742834,0.000258851854596287,5.1704919314943254e-05,0.001244238461367786,0.04826250672340393,0.3169696629047394,0.24484172463417053,-0.07691150158643723,-0.5453680753707886,2.9438695907592773,0.41029590368270874,0.6150680780410767,0.5126022100448608,0.9575989246368408,1.417658805847168,1.3608129024505615,0.9935926198959351,0.7083010673522949,1.0970799922943115,1.5542426109313965,2.11628794670105
402,0.11278004199266434,0.0,0.0,0.0,0.34478867053985596,0.0,0.0,0.22069047391414642,0.0,0.0,0.0,0.0,0.2521987855434418,0.0,0.0,0.0,0.06950843334197998,0.0,0.0,3.3541047741891816e-05,0.27371570467948914,0.0,0.0,0.0,0.4297948479652405,0.0,0.0,0.21539756655693054,0.0,0.0,0.0,0.0,0.06662897765636444,0.0,0.0,0.0,0.012292278930544853,0.0,0.0,0.002170621184632182,0.0634615421295166,0.057684630155563354,0.043765295296907425,0.30019959807395935,0.14249666035175323,0.36442187428474426,0.11324939131736755,0.38501712679862976,0.0006648714188486338,4.314422403695062e-05,3.834455128526315e-06,0.0003998008614871651,0.00030152866384014487,1.7269761799078179e-19,1.91557096850095e-20,8.636483107693493e-05,0.0013161511160433292,0.00023253296967595816,4.571098179440014e-05,0.0010945547837764025,0.047578178346157074,0.3217315673828125,0.3312898576259613,-0.07497638463973999,-0.5717106461524963,3.066192865371704,0.39357367157936096,0.6261915564537048,0.4643854796886444,1.0148696899414062,1.3217862844467163,1.2276780605316162,1.0481231212615967,0.6457404494285583,1.1201367378234863,1.510157585144043,1.9850391149520874
403,0.09593932330608368,0.0,0.0,0.0,0.42715707421302795,0.0,0.0,0.18973420560359955,0.0,0.0,0.0,0.0,0.2243870198726654,0.0,0.0,0.0,0.06275516003370285,0.0,0.0,2.715862683544401e-05,0.2671991288661957,0.0,0.0,0.0,0.4264826774597168,0.0,0.0,0.21982049942016602,0.0,0.0,0.0,0.0,0.07037403434515,0.0,0.0,0.0,0.01403210498392582,0.0,0.0,0.0020915705244988203,0.057692307978868484,0.05640718713402748,0.04620974138379097,0.3846307396888733,0.13606823980808258,0.21093368530273438,0.12796823680400848,0.34137290716171265,0.0006795360241085291,4.0890317904995754e-05,4.025885573355481e-06,0.0006445262115448713,0.00030654272995889187,1.5542784455947624e-19,1.7240137100921416e-20,0.00012421300925780088,0.001389057608321309,0.00021681038197129965,5.140928624314256e-05,0.0017152255168184638,0.0507492832839489,0.2871592342853546,0.33032262325286865,-0.06651313602924347,-0.6542471647262573,3.00508451461792,0.4586929380893707,0.6230432391166687,0.5222362279891968,1.0787642002105713,1.3256233930587769,1.084685206413269,1.0077625513076782,0.6189175844192505,1.0902442932128906,1.7885977029800415,2.3031413555145264
404,0.3574501574039459,0.0,0.0,0.0,0.17250418663024902,0.0,0.0,0.16271665692329407,0.0,0.0,0.0,0.0,0.13145245611667633,0.0,0.0,0.0,0.17584630846977234,0.0,0.0,3.029371509910561e-05,0.27384695410728455,0.0,0.0,0.0,0.4256766140460968,0.0,0.0,0.21526995301246643,0.0,0.0,0.0,0.0,0.06855267286300659,0.0,0.0,0.0,0.014562204480171204,0.0,0.0,0.002091611735522747,0.03461538627743721,0.043113771826028824,0.04600000008940697,0.404990017414093,0.041771162301301956,0.06544274836778641,0.14047309756278992,0.40800046920776367,0.000994405709207058,4.5764376409351826e-05,4.221199560561217e-06,0.0007092761225067079,0.00043484458001330495,1.398850562261195e-19,1.5516491421578375e-20,0.00012991941184736788,0.0020718362648040056,0.0002495289663784206,5.670508471666835e-05,0.0017617896664887667,0.04999072477221489,0.30731621384620667,0.27527037262916565,-0.0724450945854187,-0.6779590845108032,2.9063191413879395,0.4968900978565216,0.6281754970550537,0.48042550683021545,1.2339181900024414,1.3971164226531982,1.0089994668960571,0.9437816739082336,0.5817439556121826,1.1620283126831055,1.833763599395752,2.4821367263793945
405,0.38074126839637756,0.0,0.0,0.0,0.1374586671590805,0.0,0.0,0.12187514454126358,0.0,0.0,0.0,0.0,0.11572432518005371,0.0,0.0,0.0,0.24419640004634857,0.0,0.0,4.1480461732135154e-06,0.27166834473609924,0.0,0.0,0.0,0.41893520951271057,0.0,0.0,0.21508412063121796,0.0,0.0,0.0,0.0,0.07468517124652863,0.0,0.0,0.0,0.017499949783086777,0.0,0.0,0.0021271968726068735,0.07500000298023224,0.06343313306570053,0.05027216300368309,0.41736525297164917,0.08082973212003708,0.1589926928281784,0.14506973326206207,0.4525308907032013,0.0014438035432249308,4.317276761867106e-05,4.299876309232786e-06,0.0007085914257913828,0.0005335772875696421,1.2589655318844696e-19,1.3965031787791343e-20,0.00013576452329289168,0.002570579294115305,0.0002467058366164565,6.0281257901806384e-05,0.0023400397039949894,0.05533311888575554,0.3599129319190979,0.3007301986217499,-0.06294112652540207,-0.6639000177383423,2.8735554218292236,0.4920892119407654,0.7036213278770447,0.5454370975494385,1.3986862897872925,1.3018875122070312,1.0213236808776855,1.089080572128296,0.5577584505081177,1.0992162227630615,1.7003772258758545,2.642277956008911
406,0.20632874965667725,0.0,0.0,0.0,0.17510953545570374,0.0,0.0,0.11182054132223129,0.0,0.0,0.0,0.0,0.11827419698238373,0.0,0.0,0.0,0.3884587287902832,0.0,0.0,8.28428801469272e-06,0.2450544238090515,0.0,0.0,0.0,0.40026018023490906,0.0,0.0,0.23296679556369781,0.0,0.0,0.0,0.0,0.09450659155845642,0.0,0.0,0.0,0.024883057922124863,0.0,0.0,0.0023289562668651342,0.1596153825521469,0.09361277520656586,0.06601498275995255,0.3824351131916046,0.2196446806192398,0.3913467526435852,0.2372669279575348,0.5726823806762695,0.0010944509413093328,5.0611641199793667e-05,4.9646059778751805e-06,0.0010268170153722167,0.00048053282080218196,1.1330689011478402e-19,1.2568528770570922e-20,0.00015067908680066466,0.002309853443875909,0.00028657988877967,7.173507037805393e-05,0.0031158002093434334,0.07140902429819107,0.5067296624183655,0.39679425954818726,-0.023848870769143105,-0.655464768409729,2.5629048347473145,0.4735233783721924,0.6797430515289307,0.5779504776000977,1.4911112785339355,1.4021077156066895,0.9831246137619019,1.1368845701217651,0.6178677678108215,0.9727004766464233,1.6048988103866577,2.5622079372406006
407,0.045547664165496826,0.0,0.0,0.0,0.15631966292858124,0.0,0.0,0.2251030057668686,0.0,0.0,0.0,0.0,0.19874267280101776,0.0,0.0,0.0,0.3742802143096924,0.0,0.0,6.716169082210399e-06,0.24887703359127045,0.0,0.0,0.0,0.40536969900131226,0.0,0.0,0.22958481311798096,0.0,0.0,0.0,0.0,0.0904112309217453,0.0,0.0,0.0,0.023463819175958633,0.0,0.0,0.002293396508321166,0.13846154510974884,0.08383233845233917,0.06327840685844421,0.37205588817596436,0.1933039426803589,0.4002472162246704,0.24482984840869904,0.6848339438438416,0.001094128005206585,4.8254332796204835e-05,4.740179065265693e-06,0.0012901219306513667,0.00046000201837159693,1.0197620239577533e-19,1.131167468182348e-20,0.00021228533296380192,0.0022709371987730265,0.00027830913313664496,6.66462437948212e-05,0.0027334559708833694,0.06815208494663239,0.5730201005935669,0.3608211874961853,-0.03974481672048569,-0.6575073003768921,2.6162772178649902,0.415890634059906,0.6455127000808716,0.6908628940582275,1.5124508142471313,1.4432939291000366,1.0526528358459473,1.098766565322876,0.6681035757064819,0.8836279511451721,1.6199253797531128,2.2613365650177
408,0.05920162424445152,0.0,0.0,0.0,0.2609657645225525,0.0,0.0,0.23778142035007477,0.0,0.0,0.0,0.0,0.1663421243429184,0.0,0.0,0.0,0.27570444345474243,0.0,0.0,4.577454092213884e-06,0.26914408802986145,0.0,0.0,0.0,0.42500534653663635,0.0,0.0,0.21572333574295044,0.0,0.0,0.0,0.0,0.07206857949495316,0.0,0.0,0.0,0.0161527581512928,0.0,0.0,0.0019059067126363516,0.12115384638309479,0.06634730845689774,0.047965046018362045,0.3708582818508148,0.2073286473751068,0.3038100302219391,0.1572284996509552,0.5526927709579468,0.0008526458404958248,4.2638625018298626e-05,4.155531314609107e-06,0.0008199631702154875,0.0004013634752482176,9.177857763255382e-20,1.0180507617537915e-20,0.00011706108489306644,0.0015813590725883842,0.00024105270858854055,5.191584205022082e-05,0.0020053666085004807,0.05287417769432068,0.4420400857925415,0.3054392337799072,-0.062035996466875076,-0.6641629934310913,3.022852897644043,0.39267221093177795,0.5967513918876648,0.613073468208313,1.418820858001709,1.325173020362854,1.0002223253250122,1.0414607524871826,0.7328313589096069,1.0509475469589233,1.7229501008987427,2.053042411804199
409,0.11799435317516327,0.0,0.0,0.0,0.416526734828949,0.0,0.0,0.3108018636703491,0.0,0.0,0.0,0.0,0.1393597573041916,0.0,0.0,0.0,0.015300172381103039,0.0,0.0,1.7183612726512365e-05,0.2788148522377014,0.0,0.0,0.0,0.4341219365596771,0.0,0.0,0.21176043152809143,0.0,0.0,0.0,0.0,0.06234504655003548,0.0,0.0,0.0,0.011028117500245571,0.0,0.0,0.0019296241225674748,0.06923077255487442,0.04522954300045967,0.04102122411131859,0.28862273693084717,0.08461295813322067,0.07872167229652405,0.09697256237268448,0.2620067000389099,0.000779820024035871,4.3017585994675756e-05,3.6426058613869827e-06,0.0004968879511579871,0.00032404239755123854,8.260071793059388e-20,9.16245669422541e-21,9.227021655533463e-05,0.0012973388656973839,0.0002421982935629785,4.37074777437374e-05,0.0011705976212397218,0.04417741671204567,0.15467028319835663,0.3032125234603882,-0.07748843729496002,-0.6956723928451538,3.2204651832580566,0.4105024039745331,0.5709441900253296,0.6525406241416931,1.195861577987671,1.3562308549880981,1.1297738552093506,1.0424803495407104,0.72574383020401,1.1285349130630493,2.1187095642089844,1.9411770105361938
410,0.49724727869033813,0.0,0.0,0.0,0.15132518112659454,0.0,0.0,0.1784336268901825,0.0,0.0,0.0,0.0,0.10038328170776367,0.0,0.0,0.0,0.07247352600097656,0.0,0.0,0.0001370879908790812,0.2615450322628021,0.0,0.0,0.0,0.4237547516822815,0.0,0.0,0.2281169295310974,0.0,0.0,0.0,0.0,0.07219821214675903,0.0,0.0,0.0,0.01245151273906231,0.0,0.0,0.0019335629185661674,0.0923076942563057,0.06510978192090988,0.047388266772031784,0.24730537831783295,0.09841770678758621,0.137395977973938,0.10749592632055283,0.1985495239496231,0.0015073837712407112,9.765586582943797e-05,4.952400558977388e-06,0.0005547129549086094,0.0006524350610561669,7.43406474300042e-20,8.246210378568016e-21,0.00011046746658394113,0.0028865470085293055,0.0005518100224435329,7.768032082822174e-05,0.00199667876586318,0.05079567804932594,0.17298613488674164,0.6123487949371338,-0.05742931365966797,-0.6954759359359741,2.5047261714935303,0.48470473289489746,0.914432168006897,0.6744717359542847,1.0046906471252441,1.2454408407211304,1.2105556726455688,0.9348795413970947,0.76481032371521,1.2785793542861938,2.8711049556732178,1.84210205078125
411,0.05429193377494812,0.0,0.0,0.0,0.10966771841049194,0.0,0.0,0.6026511192321777,0.0,0.0,0.0,0.0,0.15793704986572266,0.0,0.0,0.0,0.07516710460186005,0.0,0.0,0.00028511660639196634,0.2236061692237854,0.0,0.0,0.0,0.3881376087665558,0.0,0.0,0.2635824382305145,0.0,0.0,0.0,0.0,0.10275998711585999,0.0,0.0,0.0,0.019719256088137627,0.0,0.0,0.002194543369114399,0.0923076942563057,0.09197604656219482,0.06868664175271988,0.333133727312088,0.14557355642318726,0.14952220022678375,0.19729135930538177,0.2614559531211853,0.0021672938019037247,0.00015458001871593297,5.803501608170336e-06,0.0006094763521105051,0.0009055138798430562,6.690658139453407e-20,7.421588856035074e-21,0.00011345317761879414,0.00448205042630434,0.0007981512462720275,0.00010427593952044845,0.003152216784656048,0.07314188033342361,0.2333810031414032,0.6829017400741577,-0.01725979894399643,-0.7046099901199341,2.1104962825775146,0.5877885222434998,0.9781070947647095,0.716730535030365,1.016066074371338,1.2115068435668945,1.1271133422851562,0.978367805480957,0.7096568942070007,1.2873533964157104,3.510019302368164,1.707293152809143
412,0.06424091756343842,0.0,0.0,0.0,0.12685853242874146,0.0,0.0,0.5664259195327759,0.0,0.0,0.0,0.0,0.16451364755630493,0.0,0.0,0.0,0.07752876728773117,0.0,0.0,0.0004322141467127949,0.2290075123310089,0.0,0.0,0.0,0.39563465118408203,0.0,0.0,0.25310400128364563,0.0,0.0,0.0,0.0,0.0995413213968277,0.0,0.0,0.0,0.02042309194803238,0.0,0.0,0.002289442578330636,0.05384615436196327,0.0754091814160347,0.06701123714447021,0.4317364990711212,0.10530900210142136,0.11060670018196106,0.21651998162269592,0.28760313987731934,0.002304011955857277,0.00014644628390669823,5.851193236594554e-06,0.0008919220417737961,0.0008532591164112091,6.021591808520183e-20,6.6794297280934965e-21,0.00015274810721166432,0.0044584013521671295,0.0007411012193188071,0.00010240284609608352,0.002659675432369113,0.07172218710184097,0.24246670305728912,0.6600656509399414,-0.024492496624588966,-0.7091209888458252,2.080824851989746,0.5765758752822876,0.8626671433448792,0.6828567385673523,1.1074557304382324,1.2187347412109375,1.0225640535354614,1.1858900785446167,0.6433082818984985,1.194024920463562,3.3676910400390625,1.5723001956939697
413,0.09976660460233688,0.0,0.0,0.0,0.6318365931510925,0.0,0.0,0.10591216385364532,0.0,0.0,0.0,0.0,0.08476641774177551,0.0,0.0,0.0,0.07765166461467743,0.0,0.0,6.648028647759929e-05,0.266341894865036,0.0,0.0,0.0,0.429193377494812,0.0,0.0,0.220757395029068,0.0,0.0,0.0,0.0,0.06850723177194595,0.0,0.0,0.0,0.013242755085229874,0.0,0.0,0.001957349479198456,0.03076923079788685,0.05325349420309067,0.045091137290000916,0.35129740834236145,0.029978010803461075,0.10844999551773071,0.08266263455152512,0.20478802919387817,0.0019354415126144886,0.00012243659875821322,5.147676802153001e-06,0.0005775506142526865,0.0007281237049028277,5.419432433797709e-20,6.011487038011895e-21,0.00010093149467138574,0.00385773996822536,0.0005932882777415216,8.523323049303144e-05,0.0018098631408065557,0.0491068959236145,0.16247372329235077,0.531051516532898,-0.06900782138109207,-0.7145061492919922,2.4140875339508057,0.5348249077796936,0.7609010338783264,0.6421915292739868,1.2917872667312622,1.2122056484222412,0.9975939989089966,1.123809814453125,0.6554254293441772,1.1587287187576294,3.065098762512207,1.6822829246520996
414,0.10862451791763306,0.0,0.0,0.0,0.1776137799024582,0.0,0.0,0.4116043150424957,0.0,0.0,0.0,0.0,0.2149641513824463,0.0,0.0,0.0,0.08711180090904236,0.0,0.0,8.143168815877289e-05,0.29175975918769836,0.0,0.0,0.0,0.44194579124450684,0.0,0.0,0.20041677355766296,0.0,0.0,0.0,0.0,0.05341785028576851,0.0,0.0,0.0,0.01077530812472105,0.0,0.0,0.0016845068894326687,0.04615384712815285,0.03485029935836792,0.03479151055216789,0.36506983637809753,0.039567720144987106,0.1303710788488388,0.05317334458231926,0.4636681377887726,0.0012622447684407234,6.369400944095105e-05,4.523062671069056e-06,0.0005309174302965403,0.0006028848001733422,4.877489222729681e-20,5.410337970703601e-21,0.00010269240010529757,0.0027777699287980795,0.0003358754329383373,6.26801629550755e-05,0.0014872654573991895,0.0386471189558506,0.3021479547023773,0.40948331356048584,-0.0899844542145729,-0.6717715263366699,2.9129068851470947,0.458686888217926,0.5473827719688416,0.766549825668335,1.4430011510849,1.2992721796035767,1.0337389707565308,1.1931931972503662,0.777874767780304,1.2044826745986938,2.724226474761963,1.583143949508667
415,0.21633227169513702,0.0,0.0,0.0,0.2212550789117813,0.0,0.0,0.20899735391139984,0.0,0.0,0.0,0.0,0.3309033513069153,0.0,0.0,0.0,0.022479690611362457,0.0,0.0,3.223354724468663e-05,0.2796909511089325,0.0,0.0,0.0,0.43649786710739136,0.0,0.0,0.20649908483028412,0.0,0.0,0.0,0.0,0.06374136358499527,0.0,0.0,0.0,0.011874399147927761,0.0,0.0,0.0016963428352028131,0.09807692468166351,0.06638722866773605,0.039730340242385864,0.3844311237335205,0.12911266088485718,0.24017515778541565,0.08252086490392685,0.49195602536201477,0.0010627552401274443,4.99543129990343e-05,4.465813162823906e-06,0.0005865281564183533,0.0004745982005260885,4.3897399127158006e-20,4.869396585217299e-21,0.00010482774814590812,0.0018149453680962324,0.00028635485796257854,5.7080778788076714e-05,0.0015699341893196106,0.04535585269331932,0.35340702533721924,0.36823683977127075,-0.0749114602804184,-0.6232883930206299,2.997952938079834,0.3684949576854706,0.44510167837142944,0.8586499094963074,1.4582797288894653,1.171887993812561,1.2520040273666382,1.3677330017089844,1.1886545419692993,1.1645398139953613,2.3851122856140137,1.5330448150634766
416,0.15611688792705536,0.0,0.0,0.0,0.38475170731544495,0.0,0.0,0.3352442979812622,0.0,0.0,0.0,0.0,0.10494596511125565,0.0,0.0,0.0,0.018923694267868996,0.0,0.0,1.7512536942376755e-05,0.28713271021842957,0.0,0.0,0.0,0.440084308385849,0.0,0.0,0.19999051094055176,0.0,0.0,0.0,0.0,0.06053057312965393,0.0,0.0,0.0,0.010581382550299168,0.0,0.0,0.0016805260675027966,0.0942307710647583,0.05341317504644394,0.038876406848430634,0.2898203432559967,0.08756911754608154,0.09437382221221924,0.0607534721493721,0.18609537184238434,0.0009021115256473422,5.133463128004223e-05,4.194432221993338e-06,0.0004550507292151451,0.00039909666520543396,3.9507661476264193e-20,4.3824566035781426e-21,9.460381988901645e-05,0.001460648374632001,0.00027776684146374464,4.9662885430734605e-05,0.0011268812231719494,0.042704373598098755,0.12388278543949127,0.3157566487789154,-0.08047846704721451,-0.6566280722618103,3.266570568084717,0.4429699182510376,0.4558832049369812,0.8337793350219727,1.3141322135925293,1.1503534317016602,1.2868491411209106,1.2296055555343628,1.2323771715164185,1.0358500480651855,2.766043186187744,1.5013678073883057
417,0.08382128924131393,0.0,0.0,0.0,0.4393634796142578,0.0,0.0,0.3912912607192993,0.0,0.0,0.0,0.0,0.050577081739902496,0.0,0.0,0.0,0.0346890389919281,0.0,0.0,0.00025787699269130826,0.2792573571205139,0.0,0.0,0.0,0.43902960419654846,0.0,0.0,0.20901595056056976,0.0,0.0,0.0,0.0,0.058532536029815674,0.0,0.0,0.0,0.012373212724924088,0.0,0.0,0.0017913280753418803,0.08269231021404266,0.04487026110291481,0.0403820239007473,0.2083832323551178,0.08875717967748642,0.07152312248945236,0.0647498145699501,0.09229561686515808,0.0017006786074489355,9.883245365926996e-05,5.4783845371275675e-06,0.0004356817516963929,0.0007630876498296857,3.555689177434608e-20,3.944256866284609e-21,7.861008634790778e-05,0.003035185160115361,0.0005910229519940913,8.084069850156084e-05,0.0018419928383082151,0.0426463782787323,0.08551909029483795,0.3573612570762634,-0.08295069634914398,-0.6588068604469299,2.7217164039611816,0.7354671359062195,0.44562897086143494,0.753230631351471,1.0436301231384277,1.0996514558792114,1.1463419198989868,0.9867703914642334,1.205183506011963,0.9383814334869385,4.145151138305664,1.5071675777435303
418,0.05231741443276405,0.0,0.0,0.0,0.1286698281764984,0.0,0.0,0.31889617443084717,0.0,0.0,0.0,0.0,0.34063640236854553,0.0,0.0,0.0,0.1574479192495346,0.0,0.0,0.002032296732068062,0.22758440673351288,0.0,0.0,0.0,0.3998030722141266,0.0,0.0,0.25255653262138367,0.0,0.0,0.0,0.0,0.09601711481809616,0.0,0.0,0.0,0.02130638062953949,0.0,0.0,0.002732499735429883,0.15000000596046448,0.09229540824890137,0.06475655734539032,0.40618762373924255,0.3341807425022125,0.21996569633483887,0.22393642365932465,0.6317654252052307,0.003090253099799156,0.0001773356052581221,6.97166433383245e-06,0.0011206441558897495,0.0013500123750418425,3.200120098132434e-20,3.549831462383897e-21,0.0001468848786316812,0.005612356122583151,0.0010141684906557202,0.000121000935905613,0.0033674552105367184,0.07042776793241501,0.5001024007797241,0.5354028940200806,-0.019580373540520668,-0.6513763666152954,2.159578561782837,0.8668509721755981,0.5224965214729309,0.6677590012550354,0.9545466303825378,1.0678951740264893,1.1031684875488281,1.0419995784759521,1.2229280471801758,0.9419004321098328,4.9379730224609375,1.4759634733200073
419,0.026652391999959946,0.0,0.0,0.0,0.10929031670093536,0.0,0.0,0.15550768375396729,0.0,0.0,0.0,0.0,0.3751523196697235,0.0,0.0,0.0,0.3282736837863922,0.0,0.0,0.005123649723827839,0.21753761172294617,0.0,0.0,0.0,0.38640883564949036,0.0,0.0,0.25874605774879456,0.0,0.0,0.0,0.0,0.1078711673617363,0.0,0.0,0.0,0.026011822745203972,0.0,0.0,0.003424481488764286,0.1884615421295166,0.11093812435865402,0.07429962605237961,0.416966050863266,0.3785891532897949,0.30640709400177,0.2980714440345764,0.918533205986023,0.003458432387560606,0.00021824958093930036,7.311241006391356e-06,0.001230528810992837,0.0015555020654574037,2.880108152942676e-20,3.1948477910796885e-21,0.0002135492832167074,0.00639444962143898,0.0011371697764843702,0.00013341759040486068,0.0037306263111531734,0.08054886013269424,0.7085387110710144,0.4168469309806824,-0.006598378531634808,-0.6028444766998291,2.0687668323516846,0.9463849067687988,0.5855420231819153,0.6420011520385742,0.8509724736213684,0.9608343243598938,1.0750770568847656,1.134998083114624,1.1305928230285645,0.791641354560852,5.206942081451416,1.3333253860473633
420,0.0466601625084877,0.0,0.0,0.0,0.12163669615983963,0.0,0.0,0.4514927864074707,0.0,0.0,0.0,0.0,0.3419370651245117,0.0,0.0,0.0,0.036580152809619904,0.0,0.0,0.0016930467681959271,0.22976815700531006,0.0,0.0,0.0,0.397329181432724,0.0,0.0,0.2562865614891052,0.0,0.0,0.0,0.0,0.0934906154870987,0.0,0.0,0.0,0.020796343684196472,0.0,0.0,0.002329158829525113,0.16730768978595734,0.08778443187475204,0.063780277967453,0.3313373029232025,0.28804391622543335,0.19732391834259033,0.23174375295639038,0.47540339827537537,0.0033090035431087017,0.00019759820133913308,7.056162758090068e-06,0.0011688652448356152,0.0015104907797649503,2.5920974345836362e-20,2.8753630119717197e-21,0.00015329939196817577,0.006605977658182383,0.0010457225143909454,0.0001266544422833249,0.0035674781538546085,0.06840957701206207,0.3801991641521454,0.3586915135383606,-0.029375996440649033,-0.6046533584594727,2.1722028255462646,0.8913900256156921,0.525424063205719,0.5855843424797058,1.0917437076568604,0.902284562587738,0.9758555293083191,1.5830553770065308,1.0111095905303955,0.7723090052604675,4.950061321258545,1.4009774923324585
421,0.5764681100845337,0.0,0.0,0.0,0.22877883911132812,0.0,0.0,0.12529781460762024,0.0,0.0,0.0,0.0,0.04779106006026268,0.0,0.0,0.0,0.02148657850921154,0.0,0.0,0.0001775235723471269,0.27126628160476685,0.0,0.0,0.0,0.4293628931045532,0.0,0.0,0.2197234183549881,0.0,0.0,0.0,0.0,0.06397181004285812,0.0,0.0,0.0,0.013658814132213593,0.0,0.0,0.0020167906768620014,0.07884615659713745,0.04718562960624695,0.04400749132037163,0.2580838203430176,0.10645586997270584,0.07303307205438614,0.0786803811788559,0.06392702460289001,0.002355977427214384,0.0001455873134545982,6.227585345186526e-06,0.000883315980900079,0.00112107302993536,2.3328873033843604e-20,2.5878266703848694e-21,0.00015417070244438946,0.004601556342095137,0.0007809707894921303,9.77912059170194e-05,0.0024194330908358097,0.04672218859195709,0.06945116817951202,0.3167591392993927,-0.07988942414522171,-0.632408857345581,2.4985058307647705,0.8246392011642456,0.46903547644615173,0.577357828617096,1.1291403770446777,0.8107242584228516,1.0745289325714111,1.8612926006317139,0.9098559021949768,0.7563607692718506,4.383106708526611,1.2049431800842285
422,0.11096779257059097,0.0,0.0,0.0,0.19128671288490295,0.0,0.0,0.13888368010520935,0.0,0.0,0.0,0.0,0.5420384407043457,0.0,0.0,0.0,0.016362421214580536,0.0,0.0,0.0004609104944393039,0.2781938910484314,0.0,0.0,0.0,0.43502694368362427,0.0,0.0,0.21020349860191345,0.0,0.0,0.0,0.0,0.06294043362140656,0.0,0.0,0.0,0.011515616439282894,0.0,0.0,0.0021196326706558466,0.06730769574642181,0.06323353201150894,0.04029713198542595,0.3205588757991791,0.07324854284524918,0.09189415723085403,0.060976043343544006,0.8644358515739441,0.001281946781091392,8.131448703352362e-05,5.16513364345883e-06,0.0004834527208004147,0.0005916405352763832,2.0995986215135384e-20,2.329043740813473e-21,8.896566578187048e-05,0.0025294891092926264,0.0004526942502707243,6.657358608208597e-05,0.001492656534537673,0.04491973668336868,0.5588495135307312,0.36481842398643494,-0.08041716367006302,-0.6650159955024719,3.0061326026916504,0.7089268565177917,0.5144508481025696,0.660141110420227,1.0859055519104004,0.8731505274772644,1.0643550157546997,1.8321810960769653,0.8795925378799438,0.8360453844070435,3.8161637783050537,1.3002294301986694
423,0.11769886314868927,0.0,0.0,0.0,0.1912546157836914,0.0,0.0,0.0958883985877037,0.0,0.0,0.0,0.0,0.47880756855010986,0.0,0.0,0.0,0.11629604548215866,0.0,0.0,5.452571713249199e-05,0.26586467027664185,0.0,0.0,0.0,0.42296329140663147,0.0,0.0,0.22074322402477264,0.0,0.0,0.0,0.0,0.0741913914680481,0.0,0.0,0.0,0.014101940207183361,0.0,0.0,0.0021354593336582184,0.10576923191547394,0.08335329592227936,0.04712359607219696,0.3694610595703125,0.12893351912498474,0.08415112644433975,0.09523312747478485,0.9364712238311768,0.0009928280487656593,6.80105877108872e-05,4.76475997857051e-06,0.0003862675803247839,0.00040993801667355,1.8896388562974126e-20,2.0961790697859413e-21,8.029447053559124e-05,0.0017736937152221799,0.0003643468371592462,5.758388579124585e-05,0.0011396845802664757,0.053045839071273804,0.5951452255249023,0.4477689266204834,-0.06506798416376114,-0.687159538269043,3.0726823806762695,0.6378095149993896,0.5121909379959106,0.6417064070701599,1.122420310974121,0.9453475475311279,1.0435916185379028,1.6172391176223755,0.8156720995903015,0.924813449382782,3.4238903522491455,1.3231778144836426
424,0.09740588814020157,0.0,0.0,0.0,0.168524369597435,0.0,0.0,0.3040843904018402,0.0,0.0,0.0,0.0,0.3209710419178009,0.0,0.0,0.0,0.10889909416437149,0.0,0.0,0.0001151829055743292,0.2653835117816925,0.0,0.0,0.0,0.4244348704814911,0.0,0.0,0.22154246270656586,0.0,0.0,0.0,0.0,0.07254773378372192,0.0,0.0,0.0,0.013781893998384476,0.0,0.0,0.0023095053620636463,0.08846154063940048,0.0631536915898323,0.04747815430164337,0.35349300503730774,0.08696197718381882,0.09702171385288239,0.10086385160684586,0.6238538026809692,0.001131754950620234,7.877295138314366e-05,5.0325961638009176e-06,0.0006452148081734776,0.00048275807057507336,1.7006749383559287e-20,1.8866232821326453e-21,0.00012037653505103663,0.0020237762946635485,0.00042409461457282305,6.568589014932513e-05,0.0019120993092656136,0.051994990557432175,0.42997482419013977,0.39374715089797974,-0.07107082009315491,-0.6257561445236206,2.829241991043091,0.6651111841201782,0.4818273186683655,0.6683185696601868,1.0430426597595215,1.0385897159576416,0.951761782169342,1.430446982383728,0.6853436827659607,0.86757493019104,3.421964168548584,1.3407831192016602
425,0.11086634546518326,0.0,0.0,0.0,0.25866246223449707,0.0,0.0,0.4035724997520447,0.0,0.0,0.0,0.0,0.12422798573970795,0.0,0.0,0.0,0.10262493789196014,0.0,0.0,4.584707130561583e-05,0.2620657682418823,0.0,0.0,0.0,0.42212414741516113,0.0,0.0,0.22128891944885254,0.0,0.0,0.0,0.0,0.07525784522294998,0.0,0.0,0.0,0.016862818971276283,0.0,0.0,0.0024004997685551643,0.0634615421295166,0.05357285588979721,0.051390763372182846,0.3880239427089691,0.042443789541721344,0.10444304347038269,0.10116803646087646,0.29451242089271545,0.0016424654750153422,0.0001302124874200672,5.774278179160319e-06,0.0005083471769466996,0.0007760021253488958,1.5306072506498797e-20,1.697961075088416e-21,9.711374877952039e-05,0.002905277069658041,0.0006705105770379305,8.680181781528518e-05,0.0015067466301843524,0.055444467812776566,0.22688975930213928,0.44034263491630554,-0.07026175409555435,-0.5805344581604004,2.524496555328369,0.7789437174797058,0.4176788628101349,0.5274040699005127,0.9984021186828613,0.9837618470191956,0.9546416997909546,1.2753015756607056,0.6993453502655029,0.8321495652198792,3.8889617919921875,1.59051513671875
426,0.1005517765879631,0.0,0.0,0.0,0.2590333819389343,0.0,0.0,0.4469068944454193,0.0,0.0,0.0,0.0,0.05697520822286606,0.0,0.0,0.0,0.13627834618091583,0.0,0.0,0.0002544044400565326,0.2516154646873474,0.0,0.0,0.0,0.4149048924446106,0.0,0.0,0.2318701297044754,0.0,0.0,0.0,0.0,0.08018744736909866,0.0,0.0,0.0,0.019029540941119194,0.0,0.0,0.002392533700913191,0.09615384787321091,0.0617964081466198,0.054791513830423355,0.4295409023761749,0.15088939666748047,0.11306528002023697,0.11560223251581192,0.2329690009355545,0.001967154908925295,0.00017150533676613122,6.227954145288095e-06,0.0006162261124700308,0.0009186923853121698,1.3775465255848918e-20,1.5283050389840827e-21,0.00011756729509215802,0.0036746773403137922,0.0008310176781378686,9.624868835089728e-05,0.0014934060163795948,0.05960378795862198,0.193497896194458,0.41815313696861267,-0.058084722608327866,-0.5773028135299683,2.437988758087158,0.8230288028717041,0.40997835993766785,0.49005064368247986,0.9060296416282654,1.125573754310608,0.9070255756378174,1.2293615341186523,0.6741093993186951,0.8174805641174316,4.0984721183776855,1.7319458723068237
427,0.061855148524045944,0.0,0.0,0.0,0.1421312838792801,0.0,0.0,0.5870398283004761,0.0,0.0,0.0,0.0,0.1105506494641304,0.0,0.0,0.0,0.09820683300495148,0.0,0.0,0.00021628307877108455,0.2381831854581833,0.0,0.0,0.0,0.40353161096572876,0.0,0.0,0.2451316863298416,0.0,0.0,0.0,0.0,0.09095151722431183,0.0,0.0,0.0,0.0199319776147604,0.0,0.0,0.002270030789077282,0.15000000596046448,0.06834331154823303,0.06129338592290878,0.45389220118522644,0.2968103289604187,0.1385199874639511,0.164350226521492,0.2332073599100113,0.002313770819455385,0.0001654470688663423,6.1341388573055156e-06,0.0008489834726788104,0.0010187546722590923,1.2397917114676892e-20,1.3755440053324318e-21,0.00012954101839568466,0.004332402255386114,0.0009056158596649766,0.00010038927575806156,0.0021215323358774185,0.0663728341460228,0.2089647501707077,0.5716740489006042,-0.04425501823425293,-0.5665748119354248,2.3610570430755615,0.8349407315254211,0.4091307520866394,0.5087348818778992,0.855446994304657,1.0718332529067993,1.0403136014938354,1.231181263923645,0.7651548981666565,0.8718553781509399,4.275756359100342,1.6215856075286865
428,0.0406138077378273,0.0,0.0,0.0,0.12067974358797073,0.0,0.0,0.3113008141517639,0.0,0.0,0.0,0.0,0.4550744295120239,0.0,0.0,0.0,0.07212653756141663,0.0,0.0,0.00020468526054173708,0.23240400850772858,0.0,0.0,0.0,0.39646458625793457,0.0,0.0,0.2509154975414276,0.0,0.0,0.0,0.0,0.09822043031454086,0.0,0.0,0.0,0.019729504361748695,0.0,0.0,0.0022659865207970142,0.19423076510429382,0.07576846331357956,0.06503371149301529,0.4698602557182312,0.4264048933982849,0.23196497559547424,0.18275907635688782,0.6872608661651611,0.0023446802515536547,0.00014352567086461931,6.110344656917732e-06,0.000570521573536098,0.0010663989232853055,1.1158126857237623e-20,1.2379895846043495e-21,0.00010237618698738515,0.0044204494915902615,0.0008503604331053793,0.00010014636791311204,0.002608285751193762,0.07051823288202286,0.5273926854133606,0.529244601726532,-0.0343613401055336,-0.5988369584083557,2.3251352310180664,0.804410457611084,0.4046112298965454,0.5242553949356079,0.7544500231742859,0.9789034724235535,1.0190179347991943,1.3217846155166626,0.7647899389266968,0.9149964451789856,4.019130229949951,1.5556707382202148
429,0.07241813838481903,0.0,0.0,0.0,0.24203097820281982,0.0,0.0,0.5372909307479858,0.0,0.0,0.0,0.0,0.0719190314412117,0.0,0.0,0.0,0.0763295516371727,0.0,0.0,1.136099763243692e-05,0.24560633301734924,0.0,0.0,0.0,0.4057675302028656,0.0,0.0,0.2425612211227417,0.0,0.0,0.0,0.0,0.08590783923864365,0.0,0.0,0.0,0.018013635650277138,0.0,0.0,0.002143444726243615,0.14615385234355927,0.05836327373981476,0.05892384797334671,0.33592814207077026,0.3196558952331543,0.161576047539711,0.13448891043663025,0.13624344766139984,0.00196633068844676,0.0001296823174925521,5.952860192337539e-06,0.0005204371991567314,0.0008300235494971275,1.0042313525279007e-20,1.114818130284138e-21,8.737015014048666e-05,0.0038338531740009785,0.0007078502094373107,9.245820547221228e-05,0.0020082159899175167,0.06221583113074303,0.14825358986854553,0.5035675764083862,-0.05112319067120552,-0.5484480857849121,2.447789192199707,0.7485573887825012,0.3866828680038452,0.5634503364562988,0.8945631980895996,0.9673149585723877,0.9269224405288696,1.2899858951568604,0.8174147605895996,0.9052585363388062,3.7234275341033936,1.4395192861557007
430,0.3758295476436615,0.0,0.0,0.0,0.3463546633720398,0.0,0.0,0.13392893970012665,0.0,0.0,0.0,0.0,0.06771375983953476,0.0,0.0,0.0,0.07615289092063904,0.0,0.0,2.0192766896798275e-05,0.24907957017421722,0.0,0.0,0.0,0.41222599148750305,0.0,0.0,0.2341351956129074,0.0,0.0,0.0,0.0,0.08521340787410736,0.0,0.0,0.0,0.017087765038013458,0.0,0.0,0.0022580684162676334,0.11538461595773697,0.051976047456264496,0.05878402292728424,0.3063872158527374,0.22228941321372986,0.09878970682621002,0.13603025674819946,0.15551473200321198,0.0017570445779711008,0.00011061440454795957,5.665607204718981e-06,0.0005340038915164769,0.0008164498722180724,9.03808233430982e-21,1.0036459445299347e-21,0.00010223609569948167,0.0031442472245544195,0.0005848797154612839,8.164179598679766e-05,0.0019450618419796228,0.06133432686328888,0.14387847483158112,0.5169907808303833,-0.06061208248138428,-0.5959742069244385,2.5067057609558105,0.726927638053894,0.3580250144004822,0.5668299198150635,0.7365524768829346,0.9733766317367554,0.8684670329093933,1.214381456375122,0.7277166247367859,0.841537594795227,3.3548827171325684,1.3777117729187012
431,0.09040868282318115,0.0,0.0,0.0,0.33504119515419006,0.0,0.0,0.4093513488769531,0.0,0.0,0.0,0.0,0.06905829906463623,0.0,0.0,0.0,0.09606314450502396,0.0,0.0,7.73085339460522e-05,0.25999802350997925,0.0,0.0,0.0,0.4225407838821411,0.0,0.0,0.22253286838531494,0.0,0.0,0.0,0.0,0.07691547274589539,0.0,0.0,0.0,0.01569945551455021,0.0,0.0,0.0023133959621191025,0.057692307978868484,0.043073851615190506,0.054187268018722534,0.23832334578037262,0.09034115076065063,0.08733175694942474,0.13645267486572266,0.2018679827451706,0.0012707281857728958,8.36634571896866e-05,5.149190656084102e-06,0.0005474400240927935,0.0005914124194532633,8.134274423996265e-21,9.033004140051212e-22,9.713816689327359e-05,0.0022840965539216995,0.00044108519796282053,6.899303116369992e-05,0.0015451280632987618,0.05568572133779526,0.16519013047218323,0.3579978942871094,-0.07562169432640076,-0.6215536594390869,2.7036399841308594,0.6735369563102722,0.3358564078807831,0.555927574634552,0.7622386813163757,0.9819927215576172,0.827859103679657,1.188973307609558,0.7496597170829773,0.8355553150177002,3.049365758895874,1.3466392755508423
432,0.11971702426671982,0.0,0.0,0.0,0.2224787026643753,0.0,0.0,0.33648625016212463,0.0,0.0,0.0,0.0,0.26825177669525146,0.0,0.0,0.0,0.05303860828280449,0.0,0.0,2.7636098820948973e-05,0.27120086550712585,0.0,0.0,0.0,0.4291815459728241,0.0,0.0,0.215031698346138,0.0,0.0,0.0,0.0,0.06843984872102737,0.0,0.0,0.0,0.01393947284668684,0.0,0.0,0.002206588862463832,0.06538461893796921,0.03744510933756828,0.04718352109193802,0.3035928010940552,0.048990026116371155,0.058446142822504044,0.10324952751398087,0.511717677116394,0.00120907137170434,7.677117537241429e-05,4.767381142301019e-06,0.00043613126035779715,0.000535761471837759,7.320845689126931e-21,8.129703625071895e-22,8.427815919276327e-05,0.0024125282652676105,0.0004130078013986349,6.275038322200999e-05,0.001398772932589054,0.049619562923908234,0.32130616903305054,0.49470165371894836,-0.08314460515975952,-0.6787093877792358,2.7713794708251953,0.6585599184036255,0.3755703568458557,0.5080413222312927,0.78168123960495,1.0097765922546387,0.7473198771476746,1.0825003385543823,0.7518092393875122,0.7969076037406921,2.9129133224487305,1.3902562856674194
433,0.11401500552892685,0.0,0.0,0.0,0.26145291328430176,0.0,0.0,0.29057949781417847,0.0,0.0,0.0,0.0,0.24716182053089142,0.0,0.0,0.0,0.08677808195352554,0.0,0.0,1.265995524590835e-05,0.27995508909225464,0.0,0.0,0.0,0.4423714876174927,0.0,0.0,0.2040911614894867,0.0,0.0,0.0,0.0,0.059382252395153046,0.0,0.0,0.0,0.012151672504842281,0.0,0.0,0.002048345748335123,0.05000000074505806,0.02954091876745224,0.040749065577983856,0.30379241704940796,0.03955591470003128,0.052196942269802094,0.07831171154975891,0.5369436144828796,0.0010419797617942095,6.80541415931657e-05,4.346338755567558e-06,0.00038661452708765864,0.00045800142106600106,6.588761362552308e-21,7.316733111103412e-22,7.68559257267043e-05,0.001981397159397602,0.0003430508077144623,5.360438808565959e-05,0.0012517604045569897,0.04316600412130356,0.33393970131874084,0.46123239398002625,-0.08966683596372604,-0.6926037669181824,2.9816770553588867,0.5955732464790344,0.36712393164634705,0.5548853278160095,0.8303738236427307,1.0278024673461914,0.7870087027549744,0.9871726632118225,0.7144243717193604,0.8472952842712402,2.652867555618286,1.343610167503357
434,0.12223614752292633,0.0,0.0,0.0,0.24221481382846832,0.0,0.0,0.19987133145332336,0.0,0.0,0.0,0.0,0.30539098381996155,0.0,0.0,0.0,0.13026438653469086,0.0,0.0,2.2308748157229275e-05,0.27402499318122864,0.0,0.0,0.0,0.4355241060256958,0.0,0.0,0.21271051466464996,0.0,0.0,0.0,0.0,0.06289221346378326,0.0,0.0,0.0,0.012807788327336311,0.0,0.0,0.0020403885282576084,0.04038461670279503,0.02934131771326065,0.04281148687005043,0.35089820623397827,0.022450020536780357,0.03314889594912529,0.07769723981618881,0.7218388319015503,0.0008822258096188307,6.508041406050324e-05,4.397990778670646e-06,0.0005247559165582061,0.0003693974867928773,5.929884943569329e-21,6.585059446583385e-22,0.00010077183833345771,0.0016484030056744814,0.00033044948941096663,5.2977095037931576e-05,0.0014312013518065214,0.04560638591647148,0.43566539883613586,0.4290359616279602,-0.08702804893255234,-0.6270263195037842,2.9669511318206787,0.5664504170417786,0.3514927625656128,0.5646692514419556,1.0273774862289429,1.0823636054992676,0.7256251573562622,0.8786623477935791,0.7162660360336304,0.7631710171699524,2.4804227352142334,1.4338048696517944
435,0.14404207468032837,0.0,0.0,0.0,0.22764816880226135,0.0,0.0,0.1430686116218567,0.0,0.0,0.0,0.0,0.3358346223831177,0.0,0.0,0.0,0.14939388632774353,0.0,0.0,1.2663622328545898e-05,0.2842298746109009,0.0,0.0,0.0,0.44114822149276733,0.0,0.0,0.20158551633358002,0.0,0.0,0.0,0.0,0.05837929621338844,0.0,0.0,0.0,0.01257734838873148,0.0,0.0,0.0020797501783818007,0.028846153989434242,0.026626747101545334,0.04018476977944374,0.33852294087409973,0.022734390571713448,0.01952820084989071,0.06659940630197525,0.7784516215324402,0.0009163455688394606,6.996239972067997e-05,4.385820830066223e-06,0.0004570914024952799,0.0003888868377543986,5.336896206874326e-21,5.9266592219081205e-22,7.199124956969172e-05,0.0017498924862593412,0.0003391169011592865,5.105992022436112e-05,0.0012051555095240474,0.042850516736507416,0.48522523045539856,0.5489073991775513,-0.09117698669433594,-0.5822293758392334,2.9999911785125732,0.5349524021148682,0.3967059552669525,0.5534461736679077,0.9732266068458557,1.0883852243423462,0.7842142581939697,0.8744066953659058,0.7019244432449341,0.8287054300308228,2.3999922275543213,1.343299388885498
436,0.15537774562835693,0.0,0.0,0.0,0.3250372111797333,0.0,0.0,0.3319873511791229,0.0,0.0,0.0,0.0,0.1501656025648117,0.0,0.0,0.0,0.03742664307355881,0.0,0.0,5.4728930081182625e-06,0.27621397376060486,0.0,0.0,0.0,0.43531861901283264,0.0,0.0,0.21327434480190277,0.0,0.0,0.0,0.0,0.060958683490753174,0.0,0.0,0.0,0.012182247824966908,0.0,0.0,0.002052121562883258,0.04038461670279503,0.03125748410820961,0.041061174124479294,0.3528941869735718,0.029770327731966972,0.05212610960006714,0.0710616484284401,0.2736717760562897,0.0010616364888846874,7.379955059150234e-05,4.755329428007826e-06,0.0006262853275984526,0.00046118878526613116,4.803206788135285e-21,5.334022481259914e-22,0.00011774625454563648,0.0020393116865307093,0.00040182459633797407,5.931374471401796e-05,0.0015239912318065763,0.04411478340625763,0.18758989870548248,0.29308581352233887,-0.0891689732670784,-0.5449233651161194,2.8055949211120605,0.5291807055473328,0.5394942164421082,0.49205246567726135,1.0625810623168945,1.0268352031707764,0.9459454417228699,0.9187094569206238,0.6561229825019836,0.7880308032035828,2.478151321411133,1.3069472312927246
437,0.3360852301120758,0.0,0.0,0.0,0.3324735760688782,0.0,0.0,0.14418411254882812,0.0,0.0,0.0,0.0,0.16562096774578094,0.0,0.0,0.0,0.021611006930470467,0.0,0.0,2.508746547391638e-05,0.27312445640563965,0.0,0.0,0.0,0.4266746938228607,0.0,0.0,0.21555152535438538,0.0,0.0,0.0,0.0,0.06859643757343292,0.0,0.0,0.0,0.014036391861736774,0.0,0.0,0.002016495680436492,0.05576923117041588,0.03508982062339783,0.046114858239889145,0.4055888056755066,0.06509684771299362,0.06624872237443924,0.0994129627943039,0.25032392144203186,0.0010628040181472898,7.295772957149893e-05,4.990473826183006e-06,0.0005992923397570848,0.0004507233970798552,4.3228858669836865e-21,4.800619728262944e-22,8.784652163740247e-05,0.002102518454194069,0.0004275054088793695,6.26968321739696e-05,0.002172264037653804,0.04966363683342934,0.18724742531776428,0.33308297395706177,-0.07539144903421402,-0.5338122248649597,2.6627800464630127,0.540762722492218,0.539536714553833,0.5392535328865051,1.042870283126831,0.952481210231781,0.9721970558166504,0.8769315481185913,0.6229548454284668,0.8550697565078735,2.5384879112243652,1.2304435968399048
438,0.332926869392395,0.0,0.0,0.0,0.3372022807598114,0.0,0.0,0.12038573622703552,0.0,0.0,0.0,0.0,0.15902259945869446,0.0,0.0,0.0,0.05042228102684021,0.0,0.0,4.0182181692216545e-05,0.25936323404312134,0.0,0.0,0.0,0.42064040899276733,0.0,0.0,0.22484788298606873,0.0,0.0,0.0,0.0,0.07620655745267868,0.0,0.0,0.0,0.01673579029738903,0.0,0.0,0.002206135308369994,0.10000000149011612,0.0386027954518795,0.05237703025341034,0.413173645734787,0.13296708464622498,0.13811928033828735,0.12246748805046082,0.2522227466106415,0.001241421326994896,8.555379463359714e-05,5.3540875342150684e-06,0.0007329134969040751,0.0005076688248664141,3.890597159116283e-21,4.320558108846335e-22,0.00010959403880406171,0.002705728868022561,0.0005108211771585047,7.309685315703973e-05,0.002425111597403884,0.05582722648978233,0.20947472751140594,0.420845091342926,-0.061012882739305496,-0.5778532028198242,2.4797935485839844,0.6140798926353455,0.5492059588432312,0.5132105946540833,0.9713892936706543,0.8743036389350891,0.9141542315483093,0.9202228784561157,0.6859448552131653,0.8846533894538879,2.853409767150879,1.1824572086334229
439,0.17458386719226837,0.0,0.0,0.0,0.37262389063835144,0.0,0.0,0.22222310304641724,0.0,0.0,0.0,0.0,0.15630610287189484,0.0,0.0,0.0,0.07424706220626831,0.0,0.0,1.5952178728184663e-05,0.25671881437301636,0.0,0.0,0.0,0.418785035610199,0.0,0.0,0.2294798046350479,0.0,0.0,0.0,0.0,0.07708759605884552,0.0,0.0,0.0,0.015963882207870483,0.0,0.0,0.001964846160262823,0.0923076942563057,0.03596806526184082,0.05225468426942825,0.43053892254829407,0.13786081969738007,0.210740864276886,0.11611704528331757,0.26014164090156555,0.001607911428436637,8.783736848272383e-05,5.489884188136784e-06,0.0006870274082757533,0.0007992582977749407,3.501537523984011e-21,3.888513253661953e-22,0.00011159868154209107,0.002825311850756407,0.0005307982792146504,7.427572563756257e-05,0.0024303849786520004,0.05575299635529518,0.2305583506822586,0.5077813863754272,-0.05482938513159752,-0.6087939739227295,2.473381280899048,0.5978078246116638,0.5410606861114502,0.5282353162765503,0.9496865272521973,0.9064252376556396,1.0603363513946533,0.8887510299682617,0.6466081738471985,0.7927340269088745,2.7708539962768555,1.2454532384872437
440,0.19254422187805176,0.0,0.0,0.0,0.4257148802280426,0.0,0.0,0.19349423050880432,0.0,0.0,0.0,0.0,0.12629668414592743,0.0,0.0,0.0,0.061601459980010986,0.0,0.0,0.000348548375768587,0.2502055764198303,0.0,0.0,0.0,0.4184418320655823,0.0,0.0,0.2354745864868164,0.0,0.0,0.0,0.0,0.07837555557489395,0.0,0.0,0.0,0.015375430695712566,0.0,0.0,0.002127020386978984,0.07500000298023224,0.040998004376888275,0.0535680428147316,0.34550896286964417,0.12010551989078522,0.2979263365268707,0.1253478080034256,0.15932521224021912,0.0016471839044243097,8.404120308114216e-05,5.334339675755473e-06,0.0004576024366542697,0.0007400066824629903,3.151383650416575e-21,3.49966162537317e-22,7.723273301962763e-05,0.003037514165043831,0.000511964492034167,7.181669934652746e-05,0.001804674742743373,0.056256383657455444,0.18823641538619995,0.4993707537651062,-0.05772792175412178,-0.6384003758430481,2.4246091842651367,0.5734829902648926,0.48713693022727966,0.5732139348983765,0.9065186381340027,0.8846455216407776,0.9852724671363831,0.9209171533584595,0.6065189242362976,0.7265166640281677,2.572162389755249,1.3101568222045898
441,0.5029411911964417,0.0,0.0,0.0,0.2511432468891144,0.0,0.0,0.14164051413536072,0.0,0.0,0.0,0.0,0.09965357929468155,0.0,0.0,0.0,0.0046101780608296394,0.0,0.0,1.1304216059215833e-05,0.28341418504714966,0.0,0.0,0.0,0.4354565143585205,0.0,0.0,0.20545600354671478,0.0,0.0,0.0,0.0,0.06231198459863663,0.0,0.0,0.0,0.011084361933171749,0.0,0.0,0.0022769588977098465,0.04423077031970024,0.02463073842227459,0.041530586779117584,0.3732534945011139,0.04624069109559059,0.10347885638475418,0.06731642782688141,0.11868265271186829,0.0015899091958999634,7.776203710818663e-05,4.826137228519656e-06,0.0005487818852998316,0.0005857851938344538,2.836245002647169e-21,3.1504310093656557e-22,0.00010239447874482721,0.0031154972966760397,0.00045811705058440566,6.218033377081156e-05,0.0013137642526999116,0.04440707340836525,0.10426919162273407,0.4667844772338867,-0.08611071854829788,-0.6525776982307434,2.703301429748535,0.5373930931091309,0.49362799525260925,0.609985888004303,0.9238799810409546,0.9956386089324951,0.8921453356742859,0.8874219655990601,0.6091663241386414,0.7596457600593567,2.4467103481292725,1.3819056749343872
442,0.15524591505527496,0.0,0.0,0.0,0.5965868830680847,0.0,0.0,0.13351169228553772,0.0,0.0,0.0,0.0,0.1023784801363945,0.0,0.0,0.0,0.012093516066670418,0.0,0.0,0.00018353726773057133,0.27919802069664,0.0,0.0,0.0,0.4364689886569977,0.0,0.0,0.20717789232730865,0.0,0.0,0.0,0.0,0.06250914186239243,0.0,0.0,0.0,0.012309711426496506,0.0,0.0,0.0023362361826002598,0.06538461893796921,0.02499002031981945,0.04239950329065323,0.3746506869792938,0.09061962366104126,0.09248325228691101,0.06532450020313263,0.1454618275165558,0.0014969126787036657,7.179543899837881e-05,4.763709966937313e-06,0.0003518523881211877,0.0005567681510001421,2.552620603356648e-21,2.8354319079349397e-22,7.343529432546347e-05,0.0032285121269524097,0.00044781985343433917,6.169104744913056e-05,0.0010852486593648791,0.045276980847120285,0.11464767903089523,0.4527561664581299,-0.08784717321395874,-0.6128740906715393,2.670959711074829,0.5776516795158386,0.41043469309806824,0.5607672333717346,0.8475571870803833,1.0596414804458618,0.7563263773918152,0.8950469493865967,0.577063798904419,0.7319771647453308,2.4515271186828613,1.3092825412750244
443,0.1642296314239502,0.0,0.0,0.0,0.48060524463653564,0.0,0.0,0.2798941135406494,0.0,0.0,0.0,0.0,0.06032960116863251,0.0,0.0,0.0,0.014911605045199394,0.0,0.0,2.9737640943494625e-05,0.2815313935279846,0.0,0.0,0.0,0.4369846284389496,0.0,0.0,0.204680398106575,0.0,0.0,0.0,0.0,0.06221291050314903,0.0,0.0,0.0,0.01220698095858097,0.0,0.0,0.002383681945502758,0.04423077031970024,0.023033931851387024,0.042057428508996964,0.3962075710296631,0.026647130027413368,0.07334290444850922,0.06836280226707458,0.08714717626571655,0.0014607515186071396,5.8332203479949385e-05,4.386039108794648e-06,0.00047676792019046843,0.0005099501577205956,2.2973584420467874e-21,2.5520561576017443e-22,9.509023220743984e-05,0.0030342915561050177,0.0003592187713366002,5.460764077724889e-05,0.0011050469474866986,0.04507052153348923,0.07526537775993347,0.3753088712692261,-0.08950458467006683,-0.6036758422851562,2.7996315956115723,0.5251884460449219,0.3854050636291504,0.5178253054618835,0.9549445509910583,0.9560486674308777,0.6595224142074585,1.0033838748931885,0.7101259231567383,0.7876022458076477,2.258768320083618,1.262499213218689
444,0.17243580520153046,0.0,0.0,0.0,0.5742631554603577,0.0,0.0,0.12717583775520325,0.0,0.0,0.0,0.0,0.09383570402860641,0.0,0.0,0.0,0.03227610886096954,0.0,0.0,1.3376187780522741e-05,0.28201723098754883,0.0,0.0,0.0,0.4349931478500366,0.0,0.0,0.2059403657913208,0.0,0.0,0.0,0.0,0.06251457333564758,0.0,0.0,0.0,0.012427810579538345,0.0,0.0,0.0021068775095045567,0.05000000074505806,0.025708582252264023,0.04164794087409973,0.42754489183425903,0.023409565910696983,0.10080741345882416,0.0708540827035904,0.16837595403194427,0.0014067227020859718,5.4659747547702864e-05,4.3014993025281e-06,0.00045213778503239155,0.000643972191028297,2.0676225574524303e-21,2.296850440867374e-22,8.823926327750087e-05,0.0025388915091753006,0.00032276203273795545,5.2297480578999966e-05,0.0013391892425715923,0.04521666839718819,0.12611573934555054,0.30647358298301697,-0.09095269441604614,-0.6843156814575195,2.8963205814361572,0.4866708219051361,0.411337286233902,0.5007404088973999,0.9836347103118896,1.077267050743103,0.8363623023033142,0.8950373530387878,0.7786849141120911,0.8146646022796631,2.216573476791382,1.2093920707702637
445,0.1947227120399475,0.0,0.0,0.0,0.45308369398117065,0.0,0.0,0.17941328883171082,0.0,0.0,0.0,0.0,0.11254475265741348,0.0,0.0,0.0,0.06021776795387268,0.0,0.0,1.7858434148365632e-05,0.2815609276294708,0.0,0.0,0.0,0.4369453489780426,0.0,0.0,0.20549531280994415,0.0,0.0,0.0,0.0,0.061234332621097565,0.0,0.0,0.0,0.012676941230893135,0.0,0.0,0.00208712974563241,0.05384615436196327,0.026067864149808884,0.04107865318655968,0.41776445508003235,0.04169249162077904,0.10365181416273117,0.08812285214662552,0.237202450633049,0.0010664165019989014,5.0114758778363466e-05,3.9972373997443356e-06,0.0004513499152380973,0.0005114858504384756,1.8608603219020264e-21,2.0671653210499897e-22,7.992380415089428e-05,0.0018492015078663826,0.0002699955366551876,4.770138912135735e-05,0.0013430350227281451,0.044599611312150955,0.17276988923549652,0.292757511138916,-0.08747196197509766,-0.6981216669082642,2.9928908348083496,0.44889146089553833,0.4044201374053955,0.5486232042312622,0.9181786775588989,0.9375707507133484,1.028359055519104,0.8664426207542419,0.7463325262069702,0.9017900228500366,2.088160514831543,1.1963835954666138
446,0.18565039336681366,0.0,0.0,0.0,0.2771588861942291,0.0,0.0,0.3246300518512726,0.0,0.0,0.0,0.0,0.18354004621505737,0.0,0.0,0.0,0.029011180624365807,0.0,0.0,9.491825039731339e-06,0.28485479950904846,0.0,0.0,0.0,0.43706196546554565,0.0,0.0,0.20609872043132782,0.0,0.0,0.0,0.0,0.05890793725848198,0.0,0.0,0.0,0.010977542959153652,0.0,0.0,0.002099054865539074,0.03461538627743721,0.02518962137401104,0.03955056518316269,0.34351295232772827,0.022021936252713203,0.13033324480056763,0.09032738953828812,0.2797943949699402,0.0008370161522179842,4.214150249026716e-05,3.884709258272778e-06,0.0006382234860211611,0.0003926098579540849,1.6747741685427888e-21,1.860545484359309e-22,8.393853204324841e-05,0.00145572773180902,0.0002185851481044665,4.481793075683527e-05,0.0015930725494399667,0.04224273934960365,0.2125537246465683,0.357246458530426,-0.08576486259698868,-0.7088280916213989,3.034210443496704,0.4091643989086151,0.39994168281555176,0.5148972868919373,0.8810520768165588,0.9585235118865967,1.0227222442626953,0.9216789603233337,0.7295962572097778,1.1829726696014404,1.9113454818725586,1.1238540410995483
447,0.1481025665998459,0.0,0.0,0.0,0.2874210476875305,0.0,0.0,0.3847638666629791,0.0,0.0,0.0,0.0,0.16261428594589233,0.0,0.0,0.0,0.017071744427084923,0.0,0.0,2.645986751304008e-05,0.28173819184303284,0.0,0.0,0.0,0.43691495060920715,0.0,0.0,0.20644645392894745,0.0,0.0,0.0,0.0,0.06140108034014702,0.0,0.0,0.0,0.01142796128988266,0.0,0.0,0.0020713426638394594,0.042307693511247635,0.024510977789759636,0.04115106165409088,0.3654690384864807,0.04693935438990593,0.12897935509681702,0.09409293532371521,0.2266654074192047,0.0008017752552405,4.042519140057266e-05,3.902136086253449e-06,0.000553347694221884,0.00035373237915337086,1.507296650714314e-21,1.6745580837636306e-22,8.714525029063225e-05,0.00142738688737154,0.0002154330868506804,4.3989184632664546e-05,0.0014641399029642344,0.043954718858003616,0.17970530688762665,0.3352441191673279,-0.08418088406324387,-0.7388268113136292,3.0136325359344482,0.39069145917892456,0.43937262892723083,0.4746357798576355,0.905768096446991,0.9367699027061462,0.9781312346458435,0.9417346715927124,0.6809237599372864,1.193197250366211,1.7979151010513306,1.1076910495758057
448,0.11611919105052948,0.0,0.0,0.0,0.28468936681747437,0.0,0.0,0.21406573057174683,0.0,0.0,0.0,0.0,0.2785037159919739,0.0,0.0,0.0,0.10661080479621887,0.0,0.0,1.1178534805367235e-05,0.2858232855796814,0.0,0.0,0.0,0.4367612898349762,0.0,0.0,0.204488143324852,0.0,0.0,0.0,0.0,0.059400420635938644,0.0,0.0,0.0,0.011427870951592922,0.0,0.0,0.0020989966578781605,0.048076923936605453,0.019600799307227135,0.03988514468073845,0.39101794362068176,0.055019911378622055,0.13635894656181335,0.0863356962800026,0.5931249260902405,0.000647003878839314,3.831157664535567e-05,3.8346574910974596e-06,0.00045647891238331795,0.00028593518072739244,1.3565669149609455e-21,1.5071022249001696e-22,8.905019058147445e-05,0.001260816352441907,0.0002070899645332247,4.2394676711410284e-05,0.0014965971931815147,0.042797163128852844,0.3851129412651062,0.29164159297943115,-0.08614466339349747,-0.7269536852836609,3.0479307174682617,0.3340493142604828,0.6205427050590515,0.5583038926124573,0.9599810838699341,0.9634479284286499,0.8945502638816833,0.8467211723327637,0.6192615032196045,1.23585045337677,1.6598047018051147,1.1385269165039062
449,0.12575063109397888,0.0,0.0,0.0,0.31181561946868896,0.0,0.0,0.29995420575141907,0.0,0.0,0.0,0.0,0.22105912864208221,0.0,0.0,0.0,0.04140878841280937,0.0,0.0,1.1607055967033375e-05,0.28466224670410156,0.0,0.0,0.0,0.44198089838027954,0.0,0.0,0.20701487362384796,0.0,0.0,0.0,0.0,0.05478363484144211,0.0,0.0,0.0,0.009502840228378773,0.0,0.0,0.0020555227529257536,0.03076923079788685,0.01988023892045021,0.03790012747049332,0.21756486594676971,0.02529759891331196,0.12854065001010895,0.07025081664323807,0.42712071537971497,0.0006094267591834068,3.996824671048671e-05,3.7449340197781567e-06,0.000506791693624109,0.0002917855163104832,1.2209103042442076e-21,1.3563919266795058e-22,9.936552669387311e-05,0.0012057636631652713,0.00022228603484109044,4.166729922872037e-05,0.0011432234896346927,0.038932450115680695,0.2624702453613281,0.24801930785179138,-0.08460570871829987,-0.7049739360809326,3.103548526763916,0.3254973292350769,0.570634663105011,0.548778235912323,0.9973340630531311,1.0418518781661987,0.963630735874176,0.8228978514671326,0.6465166211128235,1.0243709087371826,1.6291857957839966,1.1725741624832153
450,0.16602641344070435,0.0,0.0,0.0,0.2754940688610077,0.0,0.0,0.33108383417129517,0.0,0.0,0.0,0.0,0.22200655937194824,0.0,0.0,0.0,0.005361089948564768,0.0,0.0,2.8046199076925404e-05,0.28670984506607056,0.0,0.0,0.0,0.445423424243927,0.0,0.0,0.20317885279655457,0.0,0.0,0.0,0.0,0.05332748219370842,0.0,0.0,0.0,0.009391898289322853,0.0,0.0,0.0019685039296746254,0.05000000074505806,0.015129740349948406,0.03726591914892197,0.2065868228673935,0.025168320164084435,0.03370567038655281,0.06456968188285828,0.40955832600593567,0.0006872068624943495,4.913243174087256e-05,3.935890163120348e-06,0.000458012567833066,0.00030245172092691064,1.098819172845591e-21,1.220752784498653e-22,9.066433267435059e-05,0.0013152100145816803,0.000271251832600683,4.486944817472249e-05,0.0011336819734424353,0.03796279430389404,0.22738680243492126,0.3963373899459839,-0.0890430435538292,-0.7132583856582642,3.0404558181762695,0.3549967408180237,0.6533235311508179,0.543864369392395,0.9740349650382996,1.0597602128982544,0.863603949546814,0.797558605670929,0.6943863034248352,0.9660785794258118,1.8065015077590942,1.172742247581482
451,0.11369072645902634,0.0,0.0,0.0,0.25206875801086426,0.0,0.0,0.3654226064682007,0.0,0.0,0.0,0.0,0.2009764164686203,0.0,0.0,0.0,0.06783138960599899,0.0,0.0,1.0142735845874995e-05,0.28143998980522156,0.0,0.0,0.0,0.44285184144973755,0.0,0.0,0.2067050337791443,0.0,0.0,0.0,0.0,0.056986093521118164,0.0,0.0,0.0,0.010012886486947536,0.0,0.0,0.0020041584502905607,0.017307693138718605,0.01612774468958378,0.03897378593683243,0.2862275242805481,0.0178839061409235,0.022222956642508507,0.07695744931697845,0.39960137009620667,0.0006530811660923064,4.822816845262423e-05,4.222703410050599e-06,0.00047365573118440807,0.0002767871192190796,9.889373363403886e-22,1.098677379831043e-22,8.375821926165372e-05,0.001326021971181035,0.0002720558550208807,4.794172855326906e-05,0.0015748020960018039,0.040493644773960114,0.2688075304031372,0.4060216248035431,-0.08412989228963852,-0.6652559041976929,2.9699547290802,0.3360963761806488,0.6764163970947266,0.6330901384353638,0.8841148018836975,0.9402565956115723,1.0101189613342285,0.8658259510993958,0.6292351484298706,1.0364255905151367,1.7936071157455444,1.098292589187622
452,0.11773818731307983,0.0,0.0,0.0,0.28270402550697327,0.0,0.0,0.2934887111186981,0.0,0.0,0.0,0.0,0.04595617949962616,0.0,0.0,0.0,0.2601058781147003,0.0,0.0,7.0965929808153305e-06,0.2786909341812134,0.0,0.0,0.0,0.4382303059101105,0.0,0.0,0.2082364857196808,0.0,0.0,0.0,0.0,0.06023196130990982,0.0,0.0,0.0,0.012467782944440842,0.0,0.0,0.0021425297018140554,0.03076923079788685,0.02271457016468048,0.04214232414960861,0.2934131622314453,0.02192290499806404,0.09120429307222366,0.09202458709478378,0.4254375696182251,0.0008894776692613959,5.672602856066078e-05,4.296679890103405e-06,0.0004582335823215544,0.0003953940176870674,8.900435118295735e-22,9.888757042155855e-23,8.095958037301898e-05,0.0017419090727344155,0.00032141024712473154,5.145799514139071e-05,0.0017605442553758621,0.04391992464661598,0.30605578422546387,0.42892590165138245,-0.07487251609563828,-0.6544947028160095,2.86922550201416,0.38344573974609375,0.6277186274528503,0.5381966829299927,0.9560624957084656,0.919234037399292,1.0825918912887573,1.0329687595367432,0.5644062161445618,0.9888371825218201,1.9080407619476318,1.0482312440872192
453,0.11634916067123413,0.0,0.0,0.0,0.49808335304260254,0.0,0.0,0.1635439544916153,0.0,0.0,0.0,0.0,0.07160331308841705,0.0,0.0,0.0,0.15041488409042358,0.0,0.0,5.335054993338417e-06,0.2907049059867859,0.0,0.0,0.0,0.4418981671333313,0.0,0.0,0.20198370516300201,0.0,0.0,0.0,0.0,0.05325722321867943,0.0,0.0,0.0,0.010218966752290726,0.0,0.0,0.0019370574736967683,0.026923077180981636,0.015768462792038918,0.036581773310899734,0.29680636525154114,0.01727219484746456,0.02928346022963524,0.05651006102561951,0.33386996388435364,0.0008016168721951544,4.9822199798654765e-05,4.078348865732551e-06,0.0003846348845399916,0.00036149212974123657,8.010391505491965e-22,8.90002465818953e-23,7.93209983385168e-05,0.0015419612172991037,0.0002915212535299361,4.669968620873988e-05,0.0012260875664651394,0.03838498890399933,0.22201105952262878,0.400625079870224,-0.08696955442428589,-0.6410276889801025,3.0887680053710938,0.37990596890449524,0.5709779858589172,0.4965737760066986,1.1513876914978027,0.856747567653656,1.0187280178070068,1.1318933963775635,0.5643728971481323,1.1592388153076172,1.827656865119934,1.1802222728729248
454,0.15497085452079773,0.0,0.0,0.0,0.4147201478481293,0.0,0.0,0.2906772792339325,0.0,0.0,0.0,0.0,0.13296428322792053,0.0,0.0,0.0,0.006659488193690777,0.0,0.0,7.936375368444715e-06,0.2904027998447418,0.0,0.0,0.0,0.43902766704559326,0.0,0.0,0.20104444026947021,0.0,0.0,0.0,0.0,0.05751524865627289,0.0,0.0,0.0,0.010029293596744537,0.0,0.0,0.0019805580377578735,0.01923076994717121,0.017485029995441437,0.03740324825048447,0.43093812465667725,0.005804578308016062,0.04159483686089516,0.056630175560712814,0.20442365109920502,0.0009489047224633396,5.339936615200713e-05,4.39285759057384e-06,0.0005156592233106494,0.0004506480763666332,7.209352607378258e-22,8.010265918835854e-23,0.00010353940888307989,0.0018278026254847646,0.0003286581486463547,5.3282717999536544e-05,0.0013187977019697428,0.040797535330057144,0.1396244913339615,0.21342667937278748,-0.08939273655414581,-0.7050392627716064,2.9954073429107666,0.43039265275001526,0.5529329776763916,0.553372323513031,1.1479662656784058,0.8770580887794495,1.0426578521728516,1.0620261430740356,0.5507035851478577,1.0466655492782593,2.0992002487182617,1.3036551475524902
455,0.16944414377212524,0.0,0.0,0.0,0.29795369505882263,0.0,0.0,0.352558970451355,0.0,0.0,0.0,0.0,0.17300312221050262,0.0,0.0,0.0,0.007032792549580336,0.0,0.0,7.308549356821459e-06,0.2930167317390442,0.0,0.0,0.0,0.4421343505382538,0.0,0.0,0.1994006633758545,0.0,0.0,0.0,0.0,0.05356832221150398,0.0,0.0,0.0,0.009847873821854591,0.0,0.0,0.002032038290053606,0.02500000037252903,0.015648702159523964,0.03593258559703827,0.35109779238700867,0.017692316323518753,0.035351380705833435,0.05582035705447197,0.3175038695335388,0.0008077211678028107,5.003853948437609e-05,3.957161425205413e-06,0.00035952741745859385,0.0003812789509538561,6.488417043717845e-22,7.20924014736761e-23,7.783051842125133e-05,0.0014377442421391606,0.00029197122785262764,4.5879249228164554e-05,0.0009144971263594925,0.03840354457497597,0.1800355315208435,0.22988875210285187,-0.09538906812667847,-0.7441047430038452,3.1651721000671387,0.4109891951084137,0.4938741624355316,0.4978373646736145,1.049402117729187,1.1160293817520142,1.0334333181381226,0.9544715285301208,0.6989709734916687,0.8950772285461426,1.9780834913253784,1.3616178035736084
456,0.17300492525100708,0.0,0.0,0.0,0.2598642110824585,0.0,0.0,0.3870979845523834,0.0,0.0,0.0,0.0,0.14027811586856842,0.0,0.0,0.0,0.03974246233701706,0.0,0.0,1.2277519090275746e-05,0.2974994480609894,0.0,0.0,0.0,0.4420802891254425,0.0,0.0,0.1965881884098053,0.0,0.0,0.0,0.0,0.051236435770988464,0.0,0.0,0.0,0.010512166656553745,0.0,0.0,0.0020834568422287703,0.03076923079788685,0.017325349152088165,0.0357927605509758,0.27165669202804565,0.016535460948944092,0.04159945622086525,0.05480578914284706,0.3317089378833771,0.000735544366762042,4.629572867997922e-05,3.663921688712435e-06,0.0002058396057691425,0.00032750636455602944,5.839575036423473e-22,6.488315312215508e-23,5.017996591050178e-05,0.0014512867201119661,0.0002658214943949133,4.14631467720028e-05,0.0006564438808709383,0.037454765290021896,0.18002410233020782,0.2332710176706314,-0.09353551268577576,-0.6930814385414124,3.3221395015716553,0.4417997896671295,0.45874056220054626,0.46175485849380493,0.9882946610450745,1.3349324464797974,0.9628905653953552,1.0951414108276367,0.6680461168289185,0.7484265565872192,1.9674081802368164,1.4275743961334229
457,0.12110842764377594,0.0,0.0,0.0,0.21152065694332123,0.0,0.0,0.40362367033958435,0.0,0.0,0.0,0.0,0.17781271040439606,0.0,0.0,0.0,0.08591378480195999,0.0,0.0,2.0737978047691286e-05,0.29245737195014954,0.0,0.0,0.0,0.43624475598335266,0.0,0.0,0.20179413259029388,0.0,0.0,0.0,0.0,0.055935099720954895,0.0,0.0,0.0,0.0114100007340312,0.0,0.0,0.0021586488001048565,0.042307693511247635,0.019001996144652367,0.03848189860582352,0.3333333134651184,0.04788781702518463,0.07880713045597076,0.06773971021175385,0.3707975447177887,0.0007969157304614782,4.497999179875478e-05,3.937895598937757e-06,0.0004923649248667061,0.0003525407810229808,5.255617532781126e-22,5.839484159647191e-23,9.967698861146346e-05,0.0015548161463811994,0.00024831463815644383,4.712012378149666e-05,0.0014534288784489036,0.04078129678964615,0.2637384831905365,0.24445848166942596,-0.08982130885124207,-0.6473056674003601,3.083022117614746,0.3921338617801666,0.43422049283981323,0.6516135334968567,0.8090785145759583,1.3268152475357056,1.1615939140319824,1.027750015258789,0.850402295589447,0.7443485856056213,1.9036471843719482,1.3049699068069458
458,0.19367201626300812,0.0,0.0,0.0,0.1273248791694641,0.0,0.0,0.14579588174819946,0.0,0.0,0.0,0.0,0.3995921313762665,0.0,0.0,0.0,0.13338899612426758,0.0,0.0,0.00022605610138271004,0.28155553340911865,0.0,0.0,0.0,0.4309227466583252,0.0,0.0,0.2097364068031311,0.0,0.0,0.0,0.0,0.06281258910894394,0.0,0.0,0.0,0.01268745493143797,0.0,0.0,0.002285244408994913,0.05961538478732109,0.021636726334691048,0.04278651997447014,0.3922155499458313,0.06683268398046494,0.07876117527484894,0.095304936170578,0.7271730303764343,0.0009758701780810952,4.4884633098263294e-05,4.239450390741695e-06,0.00045296919415704906,0.0004890031414106488,4.7300554260933275e-22,5.255534607722769e-23,9.049561049323529e-05,0.001698843901976943,0.00023734731075819582,5.18993147125002e-05,0.00180632877163589,0.04563886299729347,0.5331950783729553,0.2689696252346039,-0.07619954645633698,-0.6354337334632874,2.899217367172241,0.35417887568473816,0.46643656492233276,0.8693586587905884,0.8403780460357666,1.2160305976867676,1.3059606552124023,1.088942289352417,0.7910880446434021,0.8210126757621765,1.9048272371292114,1.1763850450515747
459,0.13319194316864014,0.0,0.0,0.0,0.153682678937912,0.0,0.0,0.36296677589416504,0.0,0.0,0.0,0.0,0.3464936316013336,0.0,0.0,0.0,0.003627298166975379,0.0,0.0,3.7681780668208376e-05,0.28206658363342285,0.0,0.0,0.0,0.43105894327163696,0.0,0.0,0.21217860281467438,0.0,0.0,0.0,0.0,0.06133979558944702,0.0,0.0,0.0,0.011209121905267239,0.0,0.0,0.00214693252928555,0.04615384712815285,0.02271457016468048,0.04277902841567993,0.2327345311641693,0.06928087025880814,0.09608288109302521,0.09110292047262192,0.4687906503677368,0.0008341465727426112,4.279855056665838e-05,4.383777195471339e-06,0.0004160479293204844,0.00038228515768423676,4.257049883483995e-22,4.729981273168237e-23,9.059772128239274e-05,0.0015152316773310304,0.0002336826000828296,5.3999468946130946e-05,0.0013737536501139402,0.04382481426000595,0.3501507341861725,0.31772828102111816,-0.07824598252773285,-0.7393538951873779,2.864596128463745,0.36245670914649963,0.45250776410102844,0.827999472618103,1.0186810493469238,1.119466781616211,1.22068452835083,1.0943338871002197,0.7818300127983093,0.8365045785903931,1.9857746362686157,1.2064522504806519
460,0.1320270150899887,0.0,0.0,0.0,0.30689167976379395,0.0,0.0,0.3022997975349426,0.0,0.0,0.0,0.0,0.15409526228904724,0.0,0.0,0.0,0.10464008152484894,0.0,0.0,4.613856799551286e-05,0.26146644353866577,0.0,0.0,0.0,0.4235425889492035,0.0,0.0,0.2295818328857422,0.0,0.0,0.0,0.0,0.06948661804199219,0.0,0.0,0.0,0.01370041724294424,0.0,0.0,0.0022221168037503958,0.04423077031970024,0.029301397502422333,0.049013733863830566,0.2423153668642044,0.06580876559019089,0.10619007050991058,0.100587859749794,0.337185800075531,0.0009385622106492519,5.744360532844439e-05,5.081001745566027e-06,0.0006676553166471422,0.0004012740682810545,3.831344945622693e-22,4.256983429841339e-23,0.00010631340410327539,0.0016543082892894745,0.0003256992786191404,6.811744242440909e-05,0.002461665775626898,0.05010903254151344,0.25877252221107483,0.26098641753196716,-0.07544665038585663,-0.7234307527542114,2.553802490234375,0.41752001643180847,0.4444720149040222,0.8078547120094299,1.1022249460220337,1.0572621822357178,1.1240346431732178,1.0779176950454712,0.7993593811988831,0.822717547416687,2.2394440174102783,1.3488686084747314
461,0.18449975550174713,0.0,0.0,0.0,0.22749337553977966,0.0,0.0,0.13798342645168304,0.0,0.0,0.0,0.0,0.4435667097568512,0.0,0.0,0.0,0.006422161124646664,0.0,0.0,3.455654587014578e-05,0.26679107546806335,0.0,0.0,0.0,0.42909902334213257,0.0,0.0,0.22203461825847626,0.0,0.0,0.0,0.0,0.06837035715579987,0.0,0.0,0.0,0.011565744876861572,0.0,0.0,0.002139168558642268,0.017307693138718605,0.02538922242820263,0.04583021253347397,0.3506985902786255,0.010766682215034962,0.09018346667289734,0.08999457955360413,0.6883683800697327,0.0010313207749277353,5.6429522373946384e-05,4.759195689985063e-06,0.0005112597718834877,0.00044689897913485765,3.448210223868483e-22,3.831284739758407e-23,0.00010747714259196073,0.0019120421493425965,0.00033266039099544287,6.414407107513398e-05,0.0016886863159015775,0.048151157796382904,0.45001059770584106,0.2597735524177551,-0.08603544533252716,-0.6797013282775879,2.6586923599243164,0.44366341829299927,0.4483201801776886,0.7679716348648071,1.0686628818511963,0.9764995574951172,0.9857704043388367,1.0009845495224,0.7736830711364746,0.8456061482429504,2.227541923522949,1.5908756256103516
462,0.13275673985481262,0.0,0.0,0.0,0.2837141156196594,0.0,0.0,0.39585375785827637,0.0,0.0,0.0,0.0,0.17961424589157104,0.0,0.0,0.0,0.008050191216170788,0.0,0.0,1.0895489140239079e-05,0.2677580714225769,0.0,0.0,0.0,0.4285070300102234,0.0,0.0,0.22260315716266632,0.0,0.0,0.0,0.0,0.0664333626627922,0.0,0.0,0.0,0.012547205202281475,0.0,0.0,0.0021511754021048546,0.02500000037252903,0.028502993285655975,0.04648939147591591,0.23373252153396606,0.03502626717090607,0.0862114354968071,0.11283430457115173,0.25366106629371643,0.0010071806609630585,5.6134209444280714e-05,4.545328920357861e-06,0.00046513439156115055,0.0004584935959428549,3.103389150994537e-22,3.4481564551091833e-23,8.229711966123432e-05,0.0019883131608366966,0.0003257330390624702,5.968987534288317e-05,0.0018187672831118107,0.04759441688656807,0.1876680701971054,0.36351972818374634,-0.08151476085186005,-0.6332917213439941,2.7143492698669434,0.4071155786514282,0.49609270691871643,0.7464567422866821,1.0463459491729736,1.130263328552246,0.9115896224975586,0.8702686429023743,0.738968551158905,1.0752805471420288,2.1158993244171143,1.46336829662323
463,0.08573026210069656,0.0,0.0,0.0,0.31997573375701904,0.0,0.0,0.40474551916122437,0.0,0.0,0.0,0.0,0.18387345969676971,0.0,0.0,0.0,0.005668906029313803,0.0,0.0,6.0927081904083025e-06,0.27922841906547546,0.0,0.0,0.0,0.43108758330345154,0.0,0.0,0.21294373273849487,0.0,0.0,0.0,0.0,0.06287196278572083,0.0,0.0,0.0,0.011788246221840382,0.0,0.0,0.0020800461061298847,0.011538461782038212,0.024950100108981133,0.0438801534473896,0.23972055315971375,0.012573577463626862,0.047000907361507416,0.11550383269786835,0.25880247354507446,0.0009792433120310307,5.4304189688991755e-05,4.44022725787363e-06,0.0005031826440244913,0.000404596357839182,2.793049756267653e-22,3.10334093581601e-23,9.743819100549445e-05,0.0019033594289794564,0.0002941973216366023,5.567355401581153e-05,0.0018350367899984121,0.045017167925834656,0.18954037129878998,0.5399884581565857,-0.08489617705345154,-0.622994065284729,2.8046581745147705,0.37673360109329224,0.595877468585968,0.6432990431785583,1.0131535530090332,1.5067042112350464,1.0750340223312378,0.7827075123786926,0.7494806051254272,1.082818865776062,1.9385064840316772,1.4085578918457031
464,0.09537763893604279,0.0,0.0,0.0,0.21190349757671356,0.0,0.0,0.21924816071987152,0.0,0.0,0.0,0.0,0.178831547498703,0.0,0.0,0.0,0.29462313652038574,0.0,0.0,1.6008782040444203e-05,0.27774548530578613,0.0,0.0,0.0,0.4322097897529602,0.0,0.0,0.21160241961479187,0.0,0.0,0.0,0.0,0.06315327435731888,0.0,0.0,0.0,0.013102060183882713,0.0,0.0,0.0021869721822440624,0.017307693138718605,0.025988023728132248,0.043770287185907364,0.32834330201148987,0.004745428916066885,0.0766117125749588,0.11361103504896164,0.7513347864151001,0.0007784636691212654,4.4614811486098915e-05,4.07262359658489e-06,0.00034466784563846886,0.000387111707823351,2.5137450330763773e-22,2.793006526690047e-23,7.768694194965065e-05,0.0015926280757412314,0.0002416219504084438,4.72279243695084e-05,0.0011643071193248034,0.04601234197616577,0.4734572768211365,0.49393799901008606,-0.0859430804848671,-0.5831352472305298,3.0007238388061523,0.3616056442260742,0.6058608293533325,0.5894579291343689,0.9037351012229919,1.350523591041565,1.2600959539413452,1.0888935327529907,0.715930163860321,0.9289056062698364,1.8704357147216797,1.4408953189849854
465,0.17507800459861755,0.0,0.0,0.0,0.3707732856273651,0.0,0.0,0.19540205597877502,0.0,0.0,0.0,0.0,0.09629137814044952,0.0,0.0,0.0,0.16243185102939606,0.0,0.0,2.342010884603951e-05,0.2743350863456726,0.0,0.0,0.0,0.42497479915618896,0.0,0.0,0.2180340439081192,0.0,0.0,0.0,0.0,0.06665480136871338,0.0,0.0,0.0,0.013845879584550858,0.0,0.0,0.002155385445803404,0.028846153989434242,0.0308982040733099,0.04566292464733124,0.363872230052948,0.024064108729362488,0.07339005917310715,0.12030907720327377,0.39479854702949524,0.000559751526452601,3.7235324271023273e-05,3.911550720658852e-06,0.0004299574065953493,0.00025243821437470615,2.2623705297687395e-22,2.5137055900311162e-23,8.552167128073052e-05,0.001066469820216298,0.00019919261103495955,4.571874160319567e-05,0.0012408243492245674,0.04848288372159004,0.25873616337776184,0.37944042682647705,-0.08126352727413177,-0.5977917909622192,3.086632251739502,0.35670050978660583,0.6960593461990356,0.6251690983772278,0.859113872051239,1.178180456161499,1.2948713302612305,1.368879795074463,0.6768941283226013,0.8761934041976929,1.761252999305725,1.6547315120697021
466,0.22831085324287415,0.0,0.0,0.0,0.2537727653980255,0.0,0.0,0.14907950162887573,0.0,0.0,0.0,0.0,0.3648632764816284,0.0,0.0,0.0,0.00392657658085227,0.0,0.0,4.6973975258879364e-05,0.28396791219711304,0.0,0.0,0.0,0.4326534867286682,0.0,0.0,0.21031524240970612,0.0,0.0,0.0,0.0,0.05992904677987099,0.0,0.0,0.0,0.01086023636162281,0.0,0.0,0.0022740846034139395,0.032692309468984604,0.023552894592285156,0.040614232420921326,0.31956085562705994,0.02216162346303463,0.08631270378828049,0.11763761937618256,0.5187548995018005,0.0007546955603174865,4.0463586628902704e-05,4.230153535900172e-06,0.000492379127535969,0.0003432276425883174,2.0361334263047676e-22,2.2623352203546218e-23,0.00010335696424590424,0.001453401055186987,0.00021654787997249514,5.3230054618325084e-05,0.001627573394216597,0.042855154722929,0.36882689595222473,0.3987573981285095,-0.07958415895700455,-0.7545230388641357,2.9156441688537598,0.38146358728408813,0.6250700354576111,0.6388281583786011,0.8480475544929504,1.166060447692871,1.2545957565307617,1.6257989406585693,0.6384545564651489,0.8490616083145142,1.7537647485733032,1.6011368036270142
467,0.14672206342220306,0.0,0.0,0.0,0.23610636591911316,0.0,0.0,0.37227997183799744,0.0,0.0,0.0,0.0,0.23463082313537598,0.0,0.0,0.0,0.009835870936512947,0.0,0.0,0.0004249282937962562,0.29354041814804077,0.0,0.0,0.0,0.4409731328487396,0.0,0.0,0.20131391286849976,0.0,0.0,0.0,0.0,0.052370328456163406,0.0,0.0,0.0,0.00955172162503004,0.0,0.0,0.002250488381832838,0.0634615421295166,0.027025947347283363,0.03607241064310074,0.21317364275455475,0.10325344651937485,0.13993486762046814,0.08060514181852341,0.3910259008407593,0.0007392799598164856,4.299356442061253e-05,3.837672011286486e-06,0.00034101231722161174,0.00029866790282540023,1.8325199700783205e-22,2.036101745650814e-23,7.069730781950057e-05,0.0013494138838723302,0.0002321247011423111,4.4806824007537216e-05,0.0011315707815811038,0.03763802722096443,0.24488398432731628,0.33280229568481445,-0.08647540211677551,-0.7465348839759827,3.1764917373657227,0.34100186824798584,0.5454508662223816,0.6387403607368469,0.9461689591407776,1.3536447286605835,1.2654974460601807,1.362629771232605,0.812919557094574,0.86351478099823,1.6491575241088867,1.6292259693145752
468,0.1699156016111374,0.0,0.0,0.0,0.16271671652793884,0.0,0.0,0.3362851142883301,0.0,0.0,0.0,0.0,0.27580726146698,0.0,0.0,0.0,0.05527171492576599,0.0,0.0,3.5913810734200524e-06,0.29102805256843567,0.0,0.0,0.0,0.4342954158782959,0.0,0.0,0.20280751585960388,0.0,0.0,0.0,0.0,0.0571194626390934,0.0,0.0,0.0,0.01254247035831213,0.0,0.0,0.0022070950362831354,0.07884615659713745,0.047065868973731995,0.03842197358608246,0.31177642941474915,0.12344931811094284,0.3526686429977417,0.08558619767427444,0.37597373127937317,0.0010975138284265995,5.1337141485419124e-05,3.929934791813139e-06,0.0008662453619763255,0.000442066986579448,1.649267960448714e-22,1.8324913817591153e-23,0.00014911845210008323,0.0018483177991583943,0.0002644610940478742,4.5534998207585886e-05,0.0019031676929444075,0.042149949818849564,0.33107447624206543,0.32064005732536316,-0.07715898007154465,-0.7809103727340698,3.1778461933135986,0.29398417472839355,0.6343698501586914,0.8850864768028259,0.8693056106567383,1.5187358856201172,1.2353452444076538,1.201364278793335,0.7740840911865234,0.9638562202453613,1.4890925884246826,1.643394112586975
469,0.39899152517318726,0.0,0.0,0.0,0.08715342730283737,0.0,0.0,0.1291564553976059,0.0,0.0,0.0,0.0,0.24332863092422485,0.0,0.0,0.0,0.14136743545532227,0.0,0.0,2.573633537394926e-06,0.2703740894794464,0.0,0.0,0.0,0.423410564661026,0.0,0.0,0.2189360409975052,0.0,0.0,0.0,0.0,0.07016364485025406,0.0,0.0,0.0,0.014750266447663307,0.0,0.0,0.0023654222022742033,0.16153846681118011,0.08443114161491394,0.04560549557209015,0.31956085562705994,0.3366217315196991,0.6009734869003296,0.12306327372789383,0.3648269474506378,0.0015519754961133003,5.783743836218491e-05,4.510271537583321e-06,0.001046616118401289,0.0006714870105497539,1.4843411265385191e-22,1.6492421489198952e-23,0.00013178421068005264,0.0025830925442278385,0.0003275020862929523,5.882099867449142e-05,0.0025834343396127224,0.05118539556860924,0.3846876323223114,0.2979951500892639,-0.042787909507751465,-0.7019999623298645,2.7728025913238525,0.38634613156318665,0.6159684062004089,0.8170790672302246,1.1782952547073364,1.4441018104553223,1.1656233072280884,1.0757287740707397,0.7820308208465576,0.7486137747764587,1.3572994470596313,2.202742576599121
470,0.27168041467666626,0.0,0.0,0.0,0.2577563226222992,0.0,0.0,0.16434890031814575,0.0,0.0,0.0,0.0,0.21683849394321442,0.0,0.0,0.0,0.08936528116464615,0.0,0.0,1.063708168658195e-05,0.2789996564388275,0.0,0.0,0.0,0.4295756220817566,0.0,0.0,0.21308881044387817,0.0,0.0,0.0,0.0,0.0631180852651596,0.0,0.0,0.0,0.012824569828808308,0.0,0.0,0.0023932340554893017,0.1519230753183365,0.06814371049404144,0.04151810333132744,0.27724549174308777,0.30189773440361023,0.567341685295105,0.09818281978368759,0.26552435755729675,0.0016314982203766704,5.8756559155881405e-05,4.421604444360128e-06,0.0008507182355970144,0.0007093993481248617,1.3359070391282162e-22,1.484317839364597e-23,0.00015231182624120265,0.002714422531425953,0.00032039202051237226,6.013076927047223e-05,0.0021399524994194508,0.04593811184167862,0.30620092153549194,0.29287245869636536,-0.049809325486421585,-0.5980942845344543,2.7366647720336914,0.40802067518234253,0.5743259191513062,0.839004635810852,1.0699125528335571,1.2764465808868408,1.216966986656189,1.2819740772247314,0.7365453243255615,0.6875794529914856,1.1742719411849976,2.250765562057495
471,0.38148432970046997,0.0,0.0,0.0,0.17733736336231232,0.0,0.0,0.16631560027599335,0.0,0.0,0.0,0.0,0.2492208629846573,0.0,0.0,0.0,0.025628823786973953,0.0,0.0,1.2981206964468583e-05,0.28899937868118286,0.0,0.0,0.0,0.44276583194732666,0.0,0.0,0.20291076600551605,0.0,0.0,0.0,0.0,0.052878718823194504,0.0,0.0,0.0,0.010063848458230495,0.0,0.0,0.0023814609739929438,0.09615384787321091,0.04846307262778282,0.035255931317806244,0.2253492921590805,0.21679258346557617,0.47907754778862,0.06004830822348595,0.24482105672359467,0.0011819939827546477,4.722291851066984e-05,4.106713731744094e-06,0.0006345081492327154,0.0005473436322063208,1.2023162847282966e-22,1.3358860869825735e-23,8.98129801498726e-05,0.002014661906287074,0.00024820060934871435,5.1094917580485344e-05,0.0016555346082895994,0.03830611705780029,0.27485424280166626,0.25301775336265564,-0.06979908794164658,-0.6846227049827576,3.0361216068267822,0.38285619020462036,0.5281530618667603,0.8027311563491821,1.0822486877441406,1.1699868440628052,1.1771422624588013,1.3434406518936157,0.6903878450393677,0.7701464295387268,1.225597620010376,2.077000379562378
472,0.11613079160451889,0.0,0.0,0.0,0.39289167523384094,0.0,0.0,0.3618427813053131,0.0,0.0,0.0,0.0,0.11621420085430145,0.0,0.0,0.0,0.012898441404104233,0.0,0.0,2.2095184249337763e-05,0.3042145073413849,0.0,0.0,0.0,0.44659748673439026,0.0,0.0,0.1888720542192459,0.0,0.0,0.0,0.0,0.04731592908501625,0.0,0.0,0.0,0.010744988918304443,0.0,0.0,0.002255023457109928,0.09807692468166351,0.025429142639040947,0.033343322575092316,0.2403193563222885,0.12363935261964798,0.07766063511371613,0.04833215847611427,0.1754325032234192,0.000740450865123421,4.68377947981935e-05,3.998966349172406e-06,0.0003637373447418213,0.00030030705966055393,1.0820846688772415e-22,1.2022973836210075e-23,5.937597597949207e-05,0.0012348557356745005,0.00024128571385517716,4.831748083233833e-05,0.0013040401972830296,0.03536698594689369,0.12912975251674652,0.306510329246521,-0.09336578845977783,-0.688051164150238,3.1251673698425293,0.4169791638851166,0.5021157264709473,0.6611379981040955,1.0381627082824707,1.0853980779647827,1.1635404825210571,1.2413547039031982,0.6525789499282837,0.7623173594474792,1.7057626247406006,1.9770499467849731
473,0.11747819185256958,0.0,0.0,0.0,0.4767368733882904,0.0,0.0,0.2721967399120331,0.0,0.0,0.0,0.0,0.07069085538387299,0.0,0.0,0.0,0.06279618293046951,0.0,0.0,0.00010117227793671191,0.2994002401828766,0.0,0.0,0.0,0.4402995705604553,0.0,0.0,0.1908475160598755,0.0,0.0,0.0,0.0,0.055083438754081726,0.0,0.0,0.0,0.012161638587713242,0.0,0.0,0.0022076102904975414,0.08461538702249527,0.030259480699896812,0.038182273507118225,0.2916167676448822,0.05155693739652634,0.0966218113899231,0.06417972594499588,0.17393842339515686,0.0010228136088699102,6.932052201591432e-05,4.352301857579732e-06,0.00044607368181459606,0.0004250464553479105,9.738761136370959e-23,1.0821852644198752e-23,9.047722414834425e-05,0.0017668282380327582,0.00032908591674640775,5.728400719817728e-05,0.0016974478494375944,0.040723301470279694,0.13358187675476074,0.3155082166194916,-0.09364306181669235,-0.6573697328567505,2.8692469596862793,0.4030800461769104,0.5977247357368469,0.7172415852546692,1.0321319103240967,1.0824741125106812,1.0320130586624146,1.1908632516860962,0.6298467516899109,0.9806190133094788,1.9556305408477783,1.8883460760116577
474,0.16155093908309937,0.0,0.0,0.0,0.31912264227867126,0.0,0.0,0.3264698088169098,0.0,0.0,0.0,0.0,0.1693585067987442,0.0,0.0,0.0,0.02329804003238678,0.0,0.0,0.000200046764803119,0.29904812574386597,0.0,0.0,0.0,0.44085344672203064,0.0,0.0,0.19056661427021027,0.0,0.0,0.0,0.0,0.05512300133705139,0.0,0.0,0.0,0.012173507362604141,0.0,0.0,0.002235304331406951,0.07500000298023224,0.03353293612599373,0.03753558173775673,0.3319361209869385,0.06481455266475677,0.22379708290100098,0.0711284726858139,0.22568680346012115,0.0009004917228594422,5.263480488792993e-05,3.8691673580615316e-06,0.0003846919280476868,0.00042082747677341104,8.764885212060481e-23,9.739666433145791e-24,7.446779636666179e-05,0.0015976445283740759,0.0002562839654274285,4.7876474127406254e-05,0.0015000011771917343,0.04076969623565674,0.19284972548484802,0.2941431999206543,-0.09344370663166046,-0.6143468022346497,3.0229039192199707,0.38236793875694275,0.5417041778564453,0.6462739109992981,0.9456369280815125,1.2500560283660889,0.9943726062774658,1.172625184059143,0.5634099245071411,1.0487139225006104,1.8238580226898193,1.6138099431991577
475,0.08442389965057373,0.0,0.0,0.0,0.17269523441791534,0.0,0.0,0.2795408070087433,0.0,0.0,0.0,0.0,0.1594160944223404,0.0,0.0,0.0,0.3039136826992035,0.0,0.0,1.0277715773554519e-05,0.27205899357795715,0.0,0.0,0.0,0.425010085105896,0.0,0.0,0.2162102311849594,0.0,0.0,0.0,0.0,0.07020264863967896,0.0,0.0,0.0,0.014231229200959206,0.0,0.0,0.00228680856525898,0.08269231021404266,0.04570858180522919,0.047852687537670135,0.3125748336315155,0.10519812256097794,0.29133984446525574,0.16662614047527313,0.5910604596138,0.0007749688811600208,4.609558527590707e-05,3.7858417272218503e-06,0.0006319514941424131,0.00039155545528046787,7.888395744221346e-23,8.765700105375574e-24,0.00010409319656901062,0.0013197653461247683,0.00022137249470688403,4.823796916753054e-05,0.0016571586020290852,0.05084671452641487,0.4633304476737976,0.3540613651275635,-0.06833212822675705,-0.6592351794242859,3.028193950653076,0.34991997480392456,0.5049773454666138,0.5681906938552856,1.1208057403564453,1.2955602407455444,1.121384859085083,1.133786916732788,0.7508909702301025,0.976396381855011,1.8117731809616089,1.3915921449661255
476,0.1043834239244461,0.0,0.0,0.0,0.27559149265289307,0.0,0.0,0.16143645346164703,0.0,0.0,0.0,0.0,0.11037592589855194,0.0,0.0,0.0,0.34819257259368896,0.0,0.0,2.0147470422671176e-05,0.2585888206958771,0.0,0.0,0.0,0.41855892539024353,0.0,0.0,0.2277548909187317,0.0,0.0,0.0,0.0,0.07691668719053268,0.0,0.0,0.0,0.015889784321188927,0.0,0.0,0.002290882868692279,0.08076923340559006,0.05113772302865982,0.053877655416727066,0.22634729743003845,0.1268763393163681,0.2382492572069168,0.2029959112405777,0.5664380192756653,0.0008605082985013723,4.6212098823161796e-05,4.139966222282965e-06,0.000635655946098268,0.0003831354551948607,7.099556927105681e-23,7.889130489268469e-24,0.00011978306429227814,0.0013554859906435013,0.0002521799469832331,5.622093522106297e-05,0.0019990545697510242,0.055755313485860825,0.458577036857605,0.28689849376678467,-0.057153623551130295,-0.6852831244468689,2.797506332397461,0.3397553563117981,0.4923737049102783,0.5194712281227112,1.1235219240188599,1.1374211311340332,1.1582446098327637,1.0810673236846924,0.8560348749160767,1.2019771337509155,1.7924295663833618,1.3773802518844604
477,0.07870609313249588,0.0,0.0,0.0,0.42050793766975403,0.0,0.0,0.21087883412837982,0.0,0.0,0.0,0.0,0.19258753955364227,0.0,0.0,0.0,0.09730558842420578,0.0,0.0,1.3985169061925262e-05,0.2610457241535187,0.0,0.0,0.0,0.43125250935554504,0.0,0.0,0.22398129105567932,0.0,0.0,0.0,0.0,0.06940432637929916,0.0,0.0,0.0,0.012116080150008202,0.0,0.0,0.002200045855715871,0.08846154063940048,0.04343313351273537,0.046506866812705994,0.27904191613197327,0.08327943086624146,0.2024538218975067,0.14282026886940002,0.3506931960582733,0.0009105234639719129,6.053439938114025e-05,4.511491169978399e-06,0.0007495625177398324,0.00042933959048241377,6.389601045068495e-23,7.100215941505902e-24,0.00012784295540768653,0.0016449722461402416,0.0003540830221027136,6.388439214788377e-05,0.002059732796624303,0.04908137768507004,0.28989705443382263,0.2512492537498474,-0.07352885603904724,-0.6028128862380981,2.790555715560913,0.38458311557769775,0.5946010947227478,0.46578526496887207,1.2042839527130127,1.3393136262893677,1.1049176454544067,1.10647714138031,0.9695571064949036,1.177396297454834,2.1796343326568604,1.2727428674697876
478,0.12125834077596664,0.0,0.0,0.0,0.588446319103241,0.0,0.0,0.15331287682056427,0.0,0.0,0.0,0.0,0.052543774247169495,0.0,0.0,0.0,0.0844099298119545,0.0,0.0,2.877358565456234e-05,0.2857125997543335,0.0,0.0,0.0,0.44054099917411804,0.0,0.0,0.2033579796552658,0.0,0.0,0.0,0.0,0.056819621473550797,0.0,0.0,0.0,0.011372629553079605,0.0,0.0,0.0021961759775877,0.0634615421295166,0.041397206485271454,0.03895131126046181,0.22315368056297302,0.10613101720809937,0.14110933244228363,0.0711013451218605,0.1515413373708725,0.0010972351301461458,8.169025386450812e-05,4.4114276533946395e-06,0.0005191750242374837,0.0004755150293931365,5.750640120146304e-23,6.390194584013584e-24,0.00010136221681023017,0.0021931705996394157,0.00043291636393405497,6.265736010391265e-05,0.001375556574203074,0.04126380383968353,0.1369735598564148,0.30768150091171265,-0.08265677094459534,-0.6151229739189148,2.905953884124756,0.40860700607299805,0.6348676681518555,0.6285812854766846,1.0065187215805054,1.3431763648986816,1.0134432315826416,1.1871165037155151,0.9461728930473328,1.082790493965149,2.3387084007263184,1.6914560794830322
479,0.16266797482967377,0.0,0.0,0.0,0.605776846408844,0.0,0.0,0.13174661993980408,0.0,0.0,0.0,0.0,0.09777730703353882,0.0,0.0,0.0,0.002020362066105008,0.0,0.0,1.0824622222571634e-05,0.28195711970329285,0.0,0.0,0.0,0.43653690814971924,0.0,0.0,0.20660234987735748,0.0,0.0,0.0,0.0,0.0614488422870636,0.0,0.0,0.0,0.01114373654127121,0.0,0.0,0.0023110590409487486,0.05961538478732109,0.03844311460852623,0.04109363630414009,0.29461076855659485,0.12513749301433563,0.11220716685056686,0.061208225786685944,0.10203787684440613,0.0012033132370561361,0.00010384597408119589,5.254097686702153e-06,0.0008910080068744719,0.0005305224913172424,5.175576297458291e-23,5.751255510538467e-24,0.00014820530486758798,0.002220568712800741,0.0004834005667362362,7.713767263339832e-05,0.002173186279833317,0.04390832409262657,0.09980303049087524,0.2925654649734497,-0.08368527889251709,-0.6272063851356506,2.6861979961395264,0.45747727155685425,0.740914523601532,0.8447604775428772,0.9327702522277832,1.3359709978103638,1.0522923469543457,1.230559229850769,0.8570595979690552,1.18948233127594,2.816729784011841,1.6800079345703125
480,0.4063361585140228,0.0,0.0,0.0,0.281217485666275,0.0,0.0,0.21400901675224304,0.0,0.0,0.0,0.0,0.09415040165185928,0.0,0.0,0.0,0.00424572080373764,0.0,0.0,4.1235201933886856e-05,0.2790505290031433,0.0,0.0,0.0,0.4285307228565216,0.0,0.0,0.2139032632112503,0.0,0.0,0.0,0.0,0.0645061731338501,0.0,0.0,0.0,0.011520089581608772,0.0,0.0,0.0024892259389162064,0.07115384936332703,0.03572854399681091,0.04362047463655472,0.28702592849731445,0.18223530054092407,0.08704914152622223,0.08383701741695404,0.09878719598054886,0.0010577791836112738,7.878753240220249e-05,4.937090125167742e-06,0.0008959459373727441,0.0004932563751935959,4.658018541494717e-23,5.176129762269394e-24,0.00016388754011131823,0.0019688401371240616,0.00038841215427964926,7.101573282852769e-05,0.0020171180367469788,0.04602394253015518,0.09843333065509796,0.2651759386062622,-0.07984451204538345,-0.5987920165061951,2.7915937900543213,0.3824467658996582,0.7349395751953125,0.9229933023452759,1.0140734910964966,1.3217180967330933,1.1015913486480713,1.1151096820831299,0.9758886694908142,1.2831841707229614,2.524737596511841,1.6646900177001953
481,0.08586978912353516,0.0,0.0,0.0,0.3113802373409271,0.0,0.0,0.31968045234680176,0.0,0.0,0.0,0.0,0.23646391928195953,0.0,0.0,0.0,0.046591173857450485,0.0,0.0,1.446340320399031e-05,0.2697543799877167,0.0,0.0,0.0,0.4251854121685028,0.0,0.0,0.21800869703292847,0.0,0.0,0.0,0.0,0.07158517837524414,0.0,0.0,0.0,0.012878050096333027,0.0,0.0,0.002588274423032999,0.1519230753183365,0.05568862333893776,0.04746317118406296,0.30199599266052246,0.2060704231262207,0.1510736495256424,0.12115276604890823,0.3314096927642822,0.001500396872870624,5.945870725554414e-05,5.084823897050228e-06,0.001035596476867795,0.0007198897656053305,4.1922163718008834e-23,4.658517101586817e-24,0.00018141712644137442,0.002667503198608756,0.0003284239210188389,6.863894668640569e-05,0.0025921757332980633,0.05102533474564552,0.2830618619918823,0.31554698944091797,-0.06763871759176254,-0.6273269653320312,2.783627510070801,0.3453143835067749,0.7262002825737,0.9479562640190125,1.1512556076049805,1.4683107137680054,1.2046093940734863,1.0189636945724487,1.071708083152771,1.461012363433838,2.441894769668579,1.4088983535766602
482,0.09056507796049118,0.0,0.0,0.0,0.14580515027046204,0.0,0.0,0.491978257894516,0.0,0.0,0.0,0.0,0.09129496663808823,0.0,0.0,0.0,0.18035289645195007,0.0,0.0,3.737504130185698e-06,0.27614566683769226,0.0,0.0,0.0,0.4261074662208557,0.0,0.0,0.2140253484249115,0.0,0.0,0.0,0.0,0.06776400655508041,0.0,0.0,0.0,0.013377079740166664,0.0,0.0,0.002580430591478944,0.1865384578704834,0.07325349003076553,0.044729091227054596,0.2610778510570526,0.26961037516593933,0.2762845456600189,0.11361979693174362,0.2997319996356964,0.0015566428191959858,5.491732736118138e-05,4.784080374520272e-06,0.000739753944799304,0.0007897574105300009,3.77299486083854e-23,4.192665549200316e-24,0.0001322415773756802,0.0025364814791828394,0.00029475876362994313,6.097541336202994e-05,0.0021859477274119854,0.04907210171222687,0.2716449201107025,0.3460147976875305,-0.06769449263811111,-0.6434327960014343,2.958564043045044,0.3527500331401825,0.7726446986198425,1.0878543853759766,1.2776691913604736,1.3572360277175903,1.1224744319915771,0.9972556829452515,0.9764230251312256,1.3877530097961426,2.5078322887420654,1.6655243635177612
483,0.13335946202278137,0.0,0.0,0.0,0.41094082593917847,0.0,0.0,0.1932414174079895,0.0,0.0,0.0,0.0,0.08501772582530975,0.0,0.0,0.0,0.17743758857250214,0.0,0.0,3.0138726287987083e-06,0.2943425476551056,0.0,0.0,0.0,0.4409201443195343,0.0,0.0,0.19413989782333374,0.0,0.0,0.0,0.0,0.05474594235420227,0.0,0.0,0.0,0.013361935503780842,0.0,0.0,0.0024895314127206802,0.042307693511247635,0.04055888205766678,0.03851935267448425,0.27385228872299194,0.02322946861386299,0.07916531711816788,0.0936349406838417,0.4020335376262665,0.0007483941735699773,5.690431498805992e-05,4.537067979981657e-06,0.0005017805960960686,0.00034742403659038246,3.3956953116458135e-23,3.773398599849832e-24,8.902966510504484e-05,0.0017822559457272291,0.0002837626379914582,5.713447171729058e-05,0.0017209146171808243,0.0413774736225605,0.26244789361953735,0.2671271562576294,-0.08835583180189133,-0.6762984991073608,3.2592737674713135,0.38768506050109863,0.7181159853935242,0.9293806552886963,1.6091381311416626,1.3381028175354004,1.0273240804672241,1.014968991279602,0.9122514724731445,1.366594910621643,2.5478458404541016,1.7172300815582275
484,0.11820525676012039,0.0,0.0,0.0,0.5749958753585815,0.0,0.0,0.21775491535663605,0.0,0.0,0.0,0.0,0.06287392973899841,0.0,0.0,0.0,0.025607557967305183,0.0,0.0,0.0005625055055133998,0.30003324151039124,0.0,0.0,0.0,0.44418805837631226,0.0,0.0,0.1881600022315979,0.0,0.0,0.0,0.0,0.05201225355267525,0.0,0.0,0.0,0.012946661561727524,0.0,0.0,0.002659785095602274,0.057692307978868484,0.033053893595933914,0.036387018859386444,0.3299401104450226,0.14187376201152802,0.09973857551813126,0.06875260174274445,0.07629247009754181,0.0013225206639617682,8.272343256976455e-05,4.775929483002983e-06,0.0006691946764476597,0.0004576728097163141,3.05612571737236e-23,3.396058424320487e-24,0.00012972067634109408,0.003003202611580491,0.00042163440957665443,6.408464832929894e-05,0.0016316414112225175,0.039630696177482605,0.0890384167432785,0.26564261317253113,-0.09724024683237076,-0.6900241374969482,3.13694167137146,0.4682139754295349,0.6316104531288147,0.8663155436515808,1.5970547199249268,1.2199925184249878,0.9648552536964417,1.0927335023880005,0.8308203220367432,1.2678502798080444,2.8587629795074463,1.7881156206130981
485,0.08202941715717316,0.0,0.0,0.0,0.3109012246131897,0.0,0.0,0.47381487488746643,0.0,0.0,0.0,0.0,0.09242776036262512,0.0,0.0,0.0,0.040194831788539886,0.0,0.0,0.000631985196378082,0.2689083218574524,0.0,0.0,0.0,0.42684057354927063,0.0,0.0,0.21831855177879333,0.0,0.0,0.0,0.0,0.06637904047966003,0.0,0.0,0.0,0.016628403216600418,0.0,0.0,0.002925110748037696,0.10961538553237915,0.04626746475696564,0.046222224831581116,0.3956087827682495,0.2555391788482666,0.12283457070589066,0.0857776403427124,0.13303202390670776,0.002004553796723485,0.00011423231626395136,5.8812274801312014e-06,0.0010012012207880616,0.0007639393443241715,2.7505131140806876e-23,3.056452424116257e-24,0.00017497758381068707,0.004670904017984867,0.0006333735072985291,9.240081999450922e-05,0.0023780204355716705,0.05036188289523125,0.13324837386608124,0.30218905210494995,-0.0776466354727745,-0.7315356135368347,2.5997955799102783,0.6395348906517029,0.39878049492836,0.8130964040756226,1.5933692455291748,1.1572140455245972,1.0519922971725464,1.008110523223877,0.7406635284423828,1.26101815700531,3.6542532444000244,1.661430835723877
486,0.05514528229832649,0.0,0.0,0.0,0.5605144500732422,0.0,0.0,0.2478475719690323,0.0,0.0,0.0,0.0,0.08934273570775986,0.0,0.0,0.0,0.04631992429494858,0.0,0.0,0.000829976808745414,0.24570924043655396,0.0,0.0,0.0,0.41612833738327026,0.0,0.0,0.23925727605819702,0.0,0.0,0.0,0.0,0.07880903780460358,0.0,0.0,0.0,0.01740448735654354,0.0,0.0,0.0026916195638477802,0.11730769276618958,0.06155688688158989,0.052224721759557724,0.49261474609375,0.2370901107788086,0.11807303875684738,0.1038983017206192,0.1378595232963562,0.002616188023239374,0.000126043931231834,5.97483722231118e-06,0.0007184477872215211,0.0009498455910943449,2.4754617711181826e-23,2.7508072803122445e-24,0.0001350211532553658,0.005723750218749046,0.0007181988330557942,9.544402564642951e-05,0.001999219413846731,0.057963721454143524,0.1364843100309372,0.6359700560569763,-0.05423511937260628,-0.7183729410171509,2.5225446224212646,0.6625069975852966,0.5594674348831177,0.7507806420326233,1.6032254695892334,1.0762715339660645,1.1735771894454956,0.8928064703941345,0.7465376853942871,1.2021949291229248,3.8229494094848633,1.619712471961975
487,0.05502903461456299,0.0,0.0,0.0,0.5734948515892029,0.0,0.0,0.22999635338783264,0.0,0.0,0.0,0.0,0.08483155816793442,0.0,0.0,0.0,0.05614378675818443,0.0,0.0,0.0005043220589868724,0.2538752555847168,0.0,0.0,0.0,0.420523464679718,0.0,0.0,0.2349620759487152,0.0,0.0,0.0,0.0,0.0722208172082901,0.0,0.0,0.0,0.015892934054136276,0.0,0.0,0.0025254525244235992,0.10384615510702133,0.05133732408285141,0.04900125041604042,0.3858283460140228,0.21183429658412933,0.07820296287536621,0.09398423880338669,0.1649792343378067,0.002305839443579316,0.00011474559141788632,5.748538569605444e-06,0.0007368170190602541,0.0008952656062319875,2.2279154835658376e-23,2.4757618538065287e-24,0.00011881918180733919,0.004916259087622166,0.0006250992882996798,8.905767754185945e-05,0.002319835824891925,0.05311775207519531,0.14146995544433594,0.5719271302223206,-0.05967273190617561,-0.701108992099762,2.5343120098114014,0.5925117135047913,0.6748383045196533,0.7098538875579834,1.3505221605300903,1.0417331457138062,1.2481662034988403,1.0437308549880981,0.7589591145515442,1.2150629758834839,3.4681143760681152,1.4536703824996948
488,0.07926563173532486,0.0,0.0,0.0,0.6290133595466614,0.0,0.0,0.14171956479549408,0.0,0.0,0.0,0.0,0.14549508690834045,0.0,0.0,0.0,0.0043809982016682625,0.0,0.0,0.00012532914115581661,0.2656152844429016,0.0,0.0,0.0,0.43090638518333435,0.0,0.0,0.22078529000282288,0.0,0.0,0.0,0.0,0.06758345663547516,0.0,0.0,0.0,0.012584068812429905,0.0,0.0,0.0025255223736166954,0.07692307978868484,0.05325349420309067,0.04438452050089836,0.34730538725852966,0.15141230821609497,0.07818347960710526,0.08434657007455826,0.18640001118183136,0.0022005033679306507,0.00010926255345111713,5.325583970261505e-06,0.0006103055784478784,0.000786400050856173,2.00512396676369e-23,2.2281857473119663e-24,0.00010283189476467669,0.004289866890758276,0.0005740532069467008,8.317661558976397e-05,0.0020954355131834745,0.04845968633890152,0.14998997747898102,0.522528886795044,-0.06546752899885178,-0.6877748966217041,2.579291820526123,0.5714899301528931,0.6404961943626404,0.6599444150924683,1.2192339897155762,0.9933648109436035,1.1449366807937622,1.1813008785247803,0.734133780002594,1.3536897897720337,3.294867515563965,1.6176947355270386
489,0.0884815901517868,0.0,0.0,0.0,0.6142188310623169,0.0,0.0,0.12199091911315918,0.0,0.0,0.0,0.0,0.16486550867557526,0.0,0.0,0.0,0.010415211319923401,0.0,0.0,2.7912559744436294e-05,0.27967000007629395,0.0,0.0,0.0,0.43687552213668823,0.0,0.0,0.20964562892913818,0.0,0.0,0.0,0.0,0.058607667684555054,0.0,0.0,0.0,0.012493467889726162,0.0,0.0,0.002707709791138768,0.03076923079788685,0.04355289414525032,0.0399700403213501,0.3053892254829407,0.027653271332383156,0.0761226937174797,0.06978420913219452,0.24052245914936066,0.0012431626673787832,7.172050391091034e-05,4.733165951620322e-06,0.0003933486295863986,0.00044169166358187795,1.8046114596467943e-23,2.0053668570364076e-24,8.824858377920464e-05,0.0024036651011556387,0.0003820006095338613,6.161195051390678e-05,0.0015219865599647164,0.04325183480978012,0.17529723048210144,0.4507622718811035,-0.08306536078453064,-0.6893854141235352,3.0369210243225098,0.5325466394424438,0.5865535736083984,0.6974469423294067,1.3258320093154907,1.0136115550994873,1.1141507625579834,1.2346082925796509,0.7739401459693909,1.186758041381836,3.0730020999908447,1.5379505157470703
490,0.0974738821387291,0.0,0.0,0.0,0.19551263749599457,0.0,0.0,0.4507405161857605,0.0,0.0,0.0,0.0,0.05787111818790436,0.0,0.0,0.0,0.19838978350162506,0.0,0.0,1.2082455214112997e-05,0.2800205945968628,0.0,0.0,0.0,0.43382683396339417,0.0,0.0,0.20969875156879425,0.0,0.0,0.0,0.0,0.06003325432538986,0.0,0.0,0.0,0.013954317197203636,0.0,0.0,0.0024662523064762354,0.032692309468984604,0.05097804591059685,0.04178526997566223,0.25628742575645447,0.028953567147254944,0.08154742419719696,0.08484749495983124,0.36822474002838135,0.0010287044569849968,6.229782593436539e-05,4.562032700050622e-06,0.0004801474278792739,0.0005209771916270256,1.6241502190188063e-23,1.804830329104948e-24,9.310516179539263e-05,0.0018700879300013185,0.00032060762168839574,5.451450124382973e-05,0.0012946423375979066,0.04480143263936043,0.25626417994499207,0.3501320481300354,-0.08081729710102081,-0.7161881327629089,3.1193549633026123,0.4835834205150604,0.6237009763717651,0.8593682646751404,1.1495414972305298,0.9660681486129761,1.1278396844863892,1.217067003250122,0.7473239302635193,1.1505675315856934,2.8065242767333984,1.7690404653549194
491,0.15415211021900177,0.0,0.0,0.0,0.5328826308250427,0.0,0.0,0.18076707422733307,0.0,0.0,0.0,0.0,0.05904911085963249,0.0,0.0,0.0,0.0731387585401535,0.0,0.0,1.038917343976209e-05,0.27914535999298096,0.0,0.0,0.0,0.43255236744880676,0.0,0.0,0.2110682725906372,0.0,0.0,0.0,0.0,0.05976737663149834,0.0,0.0,0.0,0.015162551775574684,0.0,0.0,0.00230407458730042,0.03846153989434242,0.048782434314489365,0.04147565737366676,0.33053889870643616,0.053869154304265976,0.06965675204992294,0.06916288286447525,0.16557659208774567,0.0014473143965005875,9.698851499706507e-05,5.148120180820115e-06,0.0008871053578332067,0.0005770952557213604,1.461735118230835e-23,1.6243472370298852e-24,0.00017075806681532413,0.002716604620218277,0.00046209030551835895,6.694310286547989e-05,0.0022291825152933598,0.045256104320287704,0.13218963146209717,0.3529602885246277,-0.07224418967962265,-0.7370256185531616,2.877382755279541,0.48646923899650574,0.6734438538551331,0.7897728681564331,1.317914605140686,1.121264934539795,1.2682782411575317,1.1100285053253174,0.6736698746681213,1.0377405881881714,2.8467369079589844,1.7197657823562622
492,0.5025833249092102,0.0,0.0,0.0,0.16850942373275757,0.0,0.0,0.09535794705152512,0.0,0.0,0.0,0.0,0.19543668627738953,0.0,0.0,0.0,0.03808634728193283,0.0,0.0,2.6263871404808015e-05,0.2747632563114166,0.0,0.0,0.0,0.43062329292297363,0.0,0.0,0.2151532918214798,0.0,0.0,0.0,0.0,0.06233768165111542,0.0,0.0,0.0,0.014311617240309715,0.0,0.0,0.0028108570259064436,0.04615384712815285,0.047824352979660034,0.04215480759739876,0.3924151659011841,0.07485423237085342,0.06662622094154358,0.07991644740104675,0.32367828488349915,0.0015778469387441874,0.00010154506890103221,5.2450623115873896e-06,0.0005954421358183026,0.000554880069103092,1.3155617168482783e-23,1.461912493605374e-24,0.00010895665036514401,0.0029712533578276634,0.0005045897560194135,7.358628499787301e-05,0.002112988382577896,0.046559806913137436,0.23353905975818634,0.3504081964492798,-0.06735718250274658,-0.7052031755447388,2.715909481048584,0.5061106085777283,0.6289928555488586,0.8085593581199646,1.303710699081421,0.9953489899635315,1.2924787998199463,1.1426329612731934,0.6584885120391846,0.9304429292678833,2.860433340072632,1.625611662864685
493,0.5055246949195862,0.0,0.0,0.0,0.18053951859474182,0.0,0.0,0.12787562608718872,0.0,0.0,0.0,0.0,0.142604798078537,0.0,0.0,0.0,0.04338240623474121,0.0,0.0,7.297489355551079e-05,0.26078280806541443,0.0,0.0,0.0,0.4234454333782196,0.0,0.0,0.22740301489830017,0.0,0.0,0.0,0.0,0.0717204213142395,0.0,0.0,0.0,0.013762085698544979,0.0,0.0,0.002886237110942602,0.048076923936605453,0.05449101701378822,0.04772284999489784,0.36267465353012085,0.062340784817934036,0.08276785165071487,0.11034215986728668,0.24527472257614136,0.001653251820243895,9.913567919284105e-05,5.629145562124904e-06,0.0009232501033693552,0.000597492151428014,1.1840055136090143e-23,1.3157438648312939e-24,0.0001628222526051104,0.00335452938452363,0.0005296614253893495,8.527310274075717e-05,0.0024181618355214596,0.051776934415102005,0.18605196475982666,0.34438467025756836,-0.062190085649490356,-0.7267138957977295,2.4788947105407715,0.520531177520752,0.5801159739494324,0.7282335162162781,1.3870878219604492,0.9923010468482971,1.16139817237854,1.038228988647461,0.6828720569610596,1.0324429273605347,2.869084358215332,1.5185507535934448
494,0.09290707856416702,0.0,0.0,0.0,0.6328321695327759,0.0,0.0,0.1590627133846283,0.0,0.0,0.0,0.0,0.09559325128793716,0.0,0.0,0.0,0.01959426887333393,0.0,0.0,1.0486988685443066e-05,0.26718348264694214,0.0,0.0,0.0,0.42913195490837097,0.0,0.0,0.21945376694202423,0.0,0.0,0.0,0.0,0.06818361580371857,0.0,0.0,0.0,0.013461721129715443,0.0,0.0,0.0025854422710835934,0.042307693511247635,0.044191617518663406,0.04534582048654556,0.3960079848766327,0.04797728359699249,0.057402368634939194,0.09822113811969757,0.14494195580482483,0.0017032531322911382,9.447457705391571e-05,5.540434358408675e-06,0.0008580461144447327,0.0006585484952665865,1.0656049070278495e-23,1.1841693600190287e-24,0.00016536795010324568,0.003581657074391842,0.0005125416209921241,8.601114677730948e-05,0.0024280922953039408,0.049350470304489136,0.11519093066453934,0.29667794704437256,-0.07063430547714233,-0.7283760905265808,2.5006113052368164,0.5441240668296814,0.5299152135848999,0.6858812570571899,1.375235676765442,1.0084511041641235,1.0320457220077515,1.053669810295105,0.644880473613739,1.0476924180984497,2.8865458965301514,1.6225470304489136
495,0.10487350821495056,0.0,0.0,0.0,0.266101211309433,0.0,0.0,0.5663061141967773,0.0,0.0,0.0,0.0,0.059903956949710846,0.0,0.0,0.0,0.002800122369080782,0.0,0.0,1.5079938748385757e-05,0.2747807502746582,0.0,0.0,0.0,0.435598760843277,0.0,0.0,0.21598796546459198,0.0,0.0,0.0,0.0,0.059952884912490845,0.0,0.0,0.0,0.011070417240262032,0.0,0.0,0.002609229413792491,0.04038461670279503,0.041197605431079865,0.04024219885468483,0.28483033180236816,0.07386267930269241,0.059821877628564835,0.06715494394302368,0.061909765005111694,0.0017090762266889215,8.496673399349675e-05,5.461417458718643e-06,0.0007561636157333851,0.0006706617423333228,9.590443926592374e-24,1.065752463460171e-24,0.00013976178888697177,0.003463157219812274,0.00046977007878012955,8.145602623699233e-05,0.0019189359154552221,0.043140485882759094,0.06271586567163467,0.2912687659263611,-0.07681932300329208,-0.7469765543937683,2.553223133087158,0.555142343044281,0.43253234028816223,0.6144176125526428,1.2399195432662964,0.9382842183113098,0.9592084288597107,1.0673900842666626,0.740281879901886,1.0279229879379272,2.8065590858459473,1.5855289697647095
496,0.23171576857566833,0.0,0.0,0.0,0.4362831115722656,0.0,0.0,0.2740118205547333,0.0,0.0,0.0,0.0,0.05351301282644272,0.0,0.0,0.0,0.004469680599868298,0.0,0.0,6.711192781949649e-06,0.2818101644515991,0.0,0.0,0.0,0.4392622411251068,0.0,0.0,0.20909275114536285,0.0,0.0,0.0,0.0,0.05624562129378319,0.0,0.0,0.0,0.01109866052865982,0.0,0.0,0.0024905663449317217,0.042307693511247635,0.03049900196492672,0.03923845291137695,0.22674649953842163,0.037224180996418,0.05411946401000023,0.05918433889746666,0.05990485101938248,0.0013590366579592228,6.897531420690939e-05,5.128252269059885e-06,0.0006917717400938272,0.000552388490177691,8.631398902844412e-24,9.59177157949586e-25,0.00013953312009107322,0.0026547543238848448,0.00036131407250650227,7.39723036531359e-05,0.001995862228795886,0.040913522243499756,0.05798620358109474,0.26566654443740845,-0.08391633629798889,-0.6831755638122559,2.647321939468384,0.5300170183181763,0.40536853671073914,0.614876389503479,1.1138560771942139,0.9173603653907776,0.9183040261268616,1.0584372282028198,0.7089415192604065,1.1925218105316162,2.6274704933166504,1.3553588390350342
497,0.36032822728157043,0.0,0.0,0.0,0.35032352805137634,0.0,0.0,0.20764298737049103,0.0,0.0,0.0,0.0,0.0711120218038559,0.0,0.0,0.0,0.010585691779851913,0.0,0.0,7.570223715447355e-06,0.27806684374809265,0.0,0.0,0.0,0.43378475308418274,0.0,0.0,0.2106359452009201,0.0,0.0,0.0,0.0,0.061697155237197876,0.0,0.0,0.0,0.013110794126987457,0.0,0.0,0.002704522106796503,0.042307693511247635,0.032654691487550735,0.043405745178461075,0.26966068148612976,0.04058554768562317,0.08120407164096832,0.08210097253322601,0.08329778164625168,0.001192249241285026,5.8672187151387334e-05,5.328643055690918e-06,0.0008276710286736488,0.0004897640319541097,7.76825885478779e-24,8.632737599800572e-25,0.000122875499073416,0.002164148259907961,0.00030078738927841187,7.19527670298703e-05,0.0025270769838243723,0.04540920630097389,0.08170153200626373,0.22009225189685822,-0.07549434900283813,-0.7198421955108643,2.6648459434509277,0.5075619220733643,0.45414653420448303,0.5814821720123291,0.9938612580299377,0.9307403564453125,0.8967698812484741,1.0407824516296387,0.675021231174469,1.4972831010818481,2.465676784515381,1.229153037071228
498,0.5423465967178345,0.0,0.0,0.0,0.2021428644657135,0.0,0.0,0.1752711981534958,0.0,0.0,0.0,0.0,0.06855969876050949,0.0,0.0,0.0,0.011633875779807568,0.0,0.0,4.578337393468246e-05,0.28365057706832886,0.0,0.0,0.0,0.43858328461647034,0.0,0.0,0.20579814910888672,0.0,0.0,0.0,0.0,0.05736766755580902,0.0,0.0,0.0,0.012085740454494953,0.0,0.0,0.0025145625695586205,0.03846153989434242,0.028103793039917946,0.04046192392706871,0.24850298464298248,0.06175067275762558,0.04513895511627197,0.0676327794790268,0.09035979211330414,0.0009997463785111904,5.637860522256233e-05,4.870943485002499e-06,0.0006127064116299152,0.00042892812052741647,6.991433600397735e-24,7.769463938428128e-25,0.0001207726018037647,0.0019342642044648528,0.00028562534134835005,6.0222213505767286e-05,0.001896378118544817,0.04215922951698303,0.08023576438426971,0.25585830211639404,-0.08570758253335953,-0.67368483543396,2.914485216140747,0.44726091623306274,0.420680433511734,0.5732190608978271,0.9938899874687195,1.1090278625488281,0.9116857051849365,1.0976980924606323,0.6401861310005188,1.3950471878051758,2.1686105728149414,1.2248162031173706
499,0.1682572364807129,0.0,0.0,0.0,0.523185133934021,0.0,0.0,0.2780172824859619,0.0,0.0,0.0,0.0,0.028203802183270454,0.0,0.0,0.0,0.0023052876349538565,0.0,0.0,3.129362085019238e-05,0.2899438440799713,0.0,0.0,0.0,0.44117414951324463,0.0,0.0,0.19970539212226868,0.0,0.0,0.0,0.0,0.05440283194184303,0.0,0.0,0.0,0.012219749391078949,0.0,0.0,0.0025540306232869625,0.032692309468984604,0.023792415857315063,0.03974531963467598,0.1874251365661621,0.022841544821858406,0.03644826263189316,0.06348425894975662,0.019047925248742104,0.0008445634739473462,4.7513549361610785e-05,4.247939159540692e-06,0.0003772767086047679,0.00033251583226956427,6.2922894514970565e-24,6.993703547652509e-25,8.094274380709976e-05,0.0018496951088309288,0.00024095186381600797,4.789628292201087e-05,0.0010551586747169495,0.040526121854782104,0.030538635328412056,0.23829202353954315,-0.09255734831094742,-0.6893308162689209,3.0873520374298096,0.3887835741043091,0.4077657461166382,0.5344801545143127,1.1549164056777954,0.9858317971229553,0.9489862322807312,1.1885443925857544,0.5731063485145569,1.2504209280014038,1.7503126859664917,1.3425918817520142
