step,CV_eff,CV_eff__c1,CV_eff__c2,CV_eff__f1,CV_eff__f2,CV_eff_act,N,Pi,Pi__c1,Pi__c2,Pi__f1,Pi__f2,absmu_med__c1,absmu_med__c2,absmu_med__f1,absmu_med__f2,cos_max,cos_mean,cos_min,g_CV_eff,g_CV_eff__c1,g_CV_eff__c2,g_CV_eff__f1,g_CV_eff__f2,g_CV_eff_act,g_N,g_Pi,g_Pi__c1,g_Pi__c2,g_Pi__f1,g_Pi__f2,g_absmu_med__c1,g_absmu_med__c2,g_absmu_med__f1,g_absmu_med__f2,g_cos_max,g_cos_mean,g_cos_min,g_norm_0,g_norm_1,g_norm_2,g_norm_3,g_norm_4,g_norm_5,g_norm_6,g_norm_7,g_norm_8,g_norm_9,g_scale,g_sigma_H,norm_0,norm_1,norm_2,norm_3,norm_4,norm_5,norm_6,norm_7,norm_8,norm_9,scale,sigma_H
0,9.503483772277832,5.347756385803223,6.479475021362305,9.51694393157959,12.677186965942383,9.4287093010948,0.07958200573921204,0.9977441430091858,0.9993554353713989,0.9997069239616394,0.995851993560791,0.9995999932289124,0.00013222885900177062,8.900149259716272e-05,1.3371943168749567e-05,9.146910451818258e-05,0.03628827631473541,-0.0984869971871376,-0.1659812033176422,9.503483772277832,5.347756385803223,6.479475498199463,9.516944885253906,12.677186012268066,9.428709308753149,0.07958205044269562,0.9977442026138306,0.9993554353713989,0.9997069835662842,0.9958520531654358,0.9995998740196228,0.0013222892303019762,0.0008900149841792881,0.00013371945533435792,0.0009146928787231445,0.03628827631473541,-0.098486989736557,-0.1659812033176422,5.346772193908691,4.291892051696777,4.916629791259766,4.9830474853515625,4.713150978088379,4.707265853881836,5.376100540161133,4.734594345092773,5.737005710601807,5.17365026473999,4.998011112213135,4.986284255981445,0.5346772074699402,0.42918920516967773,0.49166297912597656,0.4983047544956207,0.4713151156902313,0.4707266092300415,0.5376101136207581,0.473459392786026,0.5737005472183228,0.517365038394928,0.49980106949806213,0.4986284375190735
1,9.49229621887207,5.409109115600586,6.482171535491943,9.500569343566895,12.617572784423828,9.433157647894202,0.0834323838353157,0.9980394244194031,0.999975860118866,0.9996371269226074,0.9964559674263,0.999607264995575,0.00027587072690948844,0.000171670617419295,2.524184856156353e-05,0.00017598697741050273,0.050752874463796616,-0.09851178526878357,-0.16812269389629364,9.31148624420166,5.2348432540893555,6.338023662567139,9.336709022521973,12.415789604187012,9.242217102458511,0.08982577174901962,0.9970494508743286,0.9998236894607544,0.9995575547218323,0.9945559501647949,0.9994604587554932,0.0017009839648380876,0.0009310945170000196,0.00013505104288924485,0.0009546812507323921,0.06372158974409103,-0.09811601042747498,-0.16904541850090027,5.442605495452881,4.3112568855285645,4.537707805633545,4.803907871246338,4.583295822143555,4.94134521484375,5.492201328277588,4.814940929412842,5.755434989929199,5.256804943084717,4.993949890136719,4.985389709472656,1.0241296291351318,0.8163800835609436,0.8945559859275818,0.9276272058486938,0.8814471960067749,0.9163087606430054,1.0317589044570923,0.906478762626648,1.0901681184768677,0.9900516271591187,0.9478906989097595,0.9459492564201355
2,9.411955833435059,4.910388946533203,6.4411211013793945,9.471141815185547,12.267224311828613,9.390742400199326,0.08826912194490433,0.9986528754234314,0.999899685382843,0.9997166991233826,0.9975314140319824,0.9997875094413757,0.00047537926002405584,0.0002462108968757093,3.6443303542910144e-05,0.00025358228594996035,0.05326881259679794,-0.09883209317922592,-0.17012929916381836,8.87376880645752,3.812242269515991,6.009319305419922,9.098204612731934,11.366189002990723,8.807561268700287,0.0979185402393341,0.9969568848609924,0.9999057054519653,0.9996737241744995,0.9940308332443237,0.9994857311248779,0.0022039159666746855,0.0009597116149961948,0.00013964557729195803,0.0009324775892309844,0.05727744102478027,-0.09840510785579681,-0.17053340375423431,5.651640892028809,4.3695220947265625,4.81928014755249,5.038236141204834,4.719302654266357,4.923254013061523,5.683998107910156,5.086310863494873,6.173232078552246,5.28454065322876,5.17493200302124,5.166975975036621,1.4820332527160645,1.167869210243225,1.2825464010238647,1.3353620767593384,1.2619531154632568,1.3125061988830566,1.4919322729110718,1.3207253217697144,1.5914157629013062,1.414757490158081,1.3661102056503296,1.3637460470199585
3,9.131964683532715,3.843536615371704,6.151015281677246,9.380309104919434,11.63825511932373,9.117651164414013,0.08979415148496628,0.9989264011383057,0.9987177848815918,0.9996800422668457,0.998029351234436,0.9998788237571716,0.0007183014531619847,0.0003185788809787482,4.6859338908689097e-05,0.0003254345210734755,0.030927151441574097,-0.09890444576740265,-0.1648385226726532,7.812556266784668,2.550426959991455,4.963027000427246,8.553340911865234,9.84615421295166,7.7834645962523945,0.09899860620498657,0.9979567527770996,0.99985271692276,0.9997243285179138,0.9955283403396606,0.9994859099388123,0.0035467171110212803,0.0010754710528999567,0.00013556468184106052,0.0009700849768705666,0.0401030033826828,-0.09667687863111496,-0.16389894485473633,6.098189353942871,4.693685054779053,5.26670503616333,5.103848457336426,5.4118332862854,5.297857761383057,6.195983409881592,5.461273193359375,6.656247615814209,5.7534499168396,5.593907833099365,5.5757622718811035,1.9276576042175293,1.5090407133102417,1.6686902046203613,1.701921820640564,1.666155457496643,1.6994739770889282,1.9463545083999634,1.7247731685638428,2.075721263885498,1.83525812625885,1.7755047082901,1.7720551490783691
4,8.083830833435059,2.7065882682800293,5.147573947906494,8.729458808898926,10.158935546875,8.076578371149226,0.1025656908750534,0.9992897510528564,0.9997912049293518,0.9997972249984741,0.9985473155975342,0.9998751282691956,0.0012225653044879436,0.0004281046858523041,5.803818567073904e-05,0.00041593314381316304,0.032591499388217926,-0.09728036820888519,-0.15550200641155243,5.645925998687744,1.8563276529312134,3.3237462043762207,6.645303249359131,7.188510417938232,5.634982651394621,0.1429709941148758,0.9989582300186157,0.9999681711196899,0.9998235106468201,0.9972271919250488,0.9998261332511902,0.007400246802717447,0.0015998570015653968,0.00013844032946508378,0.0010905518429353833,0.14537936449050903,-0.0878085270524025,-0.1868668794631958,7.593641757965088,5.591763019561768,5.964103698730469,6.119847774505615,5.882755279541016,5.820933818817139,7.560847759246826,6.33048677444458,8.644248008728027,6.601684093475342,6.611031532287598,6.575906276702881,2.4554920196533203,1.8901149034500122,2.0763399600982666,2.1219828128814697,2.066622257232666,2.0893173217773438,2.4732398986816406,2.1646199226379395,2.687116861343384,2.285884141921997,2.2310731410980225,2.225811719894409
5,6.741518020629883,2.1038575172424316,4.082015037536621,7.654094696044922,8.457642555236816,6.7378706563866135,0.11891595274209976,0.999548614025116,0.9998863935470581,0.9997237920761108,0.9990973472595215,0.9999188184738159,0.002234982093796134,0.0005830436712130904,6.875518738524988e-05,0.0005050348117947578,0.07141852378845215,-0.0932321548461914,-0.17250677943229675,4.421449184417725,1.6067065000534058,2.58842134475708,5.273035049438477,5.654847621917725,4.4167922220869,0.17071735858917236,0.9994152784347534,0.9999918341636658,0.9997944831848145,0.9984272718429565,0.9999225735664368,0.012722210958600044,0.0022460611071437597,0.00014611255028285086,0.0012047089403495193,0.227101132273674,-0.07540517300367355,-0.2197321206331253,8.785179138183594,6.168156623840332,6.812620639801025,6.865288734436035,7.049376487731934,6.773806095123291,8.97327995300293,7.1885600090026855,10.715697288513184,7.645567893981934,7.69775390625,7.616740703582764,3.0459372997283936,2.292437791824341,2.526444435119629,2.571108818054199,2.539947509765625,2.532021999359131,3.0809690952301025,2.6403796672821045,3.4373767375946045,2.7922418117523193,2.7458865642547607,2.735304355621338
6,4.54983377456665,1.5021414756774902,2.6685523986816406,5.402843952178955,5.655100345611572,4.548627304258652,0.14966458082199097,0.9997473359107971,0.9999226927757263,0.9997686147689819,0.9994935989379883,0.9999738931655884,0.005369880702346563,0.0009862045990303159,8.153181988745928e-05,0.000615005090367049,0.17651504278182983,-0.07482931762933731,-0.23124296963214874,2.520979404449463,1.176723837852478,1.5303977727890015,2.882725477218628,3.183429479598999,2.5196897563864598,0.22681352496147156,0.9996287226676941,0.9986554384231567,0.9998342990875244,0.9993451833724976,0.9999725818634033,0.03325246647000313,0.005216413643211126,0.00015904776228126138,0.0013612330658361316,0.4047357141971588,-0.0039414167404174805,-0.39410990476608276,13.594286918640137,7.914628028869629,9.331989288330078,9.511306762695312,10.431459426879883,10.081404685974121,13.782699584960938,10.87121295928955,17.089887619018555,10.788703918457031,11.33975887298584,10.808487892150879,3.9844422340393066,2.80977463722229,3.1507444381713867,3.1950337886810303,3.259345531463623,3.225857734680176,4.050420761108398,3.385857582092285,4.69021463394165,3.5093607902526855,3.5261056423187256,3.4822614192962646
7,2.6475882530212402,1.0887643098831177,1.633937120437622,3.1071393489837646,3.1655499935150146,2.647083942251295,0.200071781873703,0.9998028874397278,0.9995642304420471,0.9997885823249817,0.9996841549873352,0.9999923706054688,0.013570219278335571,0.0020115666557103395,9.998296445701271e-05,0.0007516580517403781,0.3336024582386017,-0.008143900893628597,-0.3730553686618805,1.4374730587005615,0.8810040354728699,0.986781120300293,1.5310652256011963,1.7152105569839478,1.4372836871098014,0.28880369663238525,0.9998603463172913,0.9999845027923584,0.9999502897262573,0.9995929002761841,0.9999883770942688,0.08847653120756149,0.011627348139882088,0.00020642542222049087,0.0014928532764315605,0.5811855792999268,0.1658986210823059,-0.6322055459022522,23.126033782958984,8.706274032592773,15.088950157165527,16.35515785217285,17.3580265045166,15.502062797546387,23.384693145751953,17.40036964416504,29.124176025390625,17.85552978515625,18.390127182006836,15.713431358337402,5.659691333770752,3.344684600830078,4.183928489685059,4.334314823150635,4.484315872192383,4.286059856414795,5.784621715545654,4.6194748878479,6.934118270874023,4.736140727996826,4.836735248565674,4.614415168762207
8,1.7875300645828247,0.9104571342468262,1.1880279779434204,2.027064800262451,2.064474582672119,1.7874580286365669,0.2487427443265915,0.9999513626098633,0.9999561309814453,0.9998713135719299,0.9999613165855408,0.999997615814209,0.02802102640271187,0.0036658048629760742,0.00012139195314375684,0.0008236538851633668,0.47922223806381226,0.08915620297193527,-0.5133157968521118,1.1117205619812012,0.782060980796814,0.8280125260353088,1.138840675354004,1.2713744640350342,1.11170493344966,0.32568734884262085,0.9999355673789978,0.9999975562095642,0.9999549388885498,0.999845027923584,0.999974250793457,0.15590552985668182,0.018531983718276024,0.0002555079699959606,0.001259202603250742,0.6763926148414612,0.26243069767951965,-0.793372392654419,35.01607131958008,7.842883110046387,23.425477981567383,26.065465927124023,26.851451873779297,22.948999404907227,36.219783782958984,26.401424407958984,43.0572395324707,27.154510498046875,27.49833106994629,21.50132942199707,8.342592239379883,3.7402093410491943,5.875727653503418,6.273327350616455,6.532796859741211,5.958229064941406,8.59289264678955,6.583269119262695,10.35250186920166,6.731557369232178,6.898311138153076,6.203727722167969
9,1.714424967765808,0.9468719959259033,1.1420637369155884,1.891784429550171,2.0196728706359863,1.7143449029277131,0.2705734670162201,0.9999406337738037,0.9999162554740906,0.9998561143875122,0.9999697804450989,0.9999814033508301,0.038314640522003174,0.004883548244833946,0.00012886978220194578,0.0009786355076357722,0.524294376373291,0.0993185043334961,-0.5661606788635254,1.5739368200302124,1.0339595079421997,1.0985050201416016,1.5996044874191284,1.8898801803588867,1.5736638400901222,0.31783533096313477,0.9997203350067139,0.9996659755706787,0.9999263882637024,0.9996823072433472,0.9996347427368164,0.12989865243434906,0.016216140240430832,0.00016301104915328324,0.0009590759873390198,0.6095455288887024,0.12500597536563873,-0.667325496673584,36.209999084472656,13.403257369995117,16.955814361572266,23.445781707763672,24.7087345123291,22.034896850585938,35.68593215942383,25.90291976928711,42.08133316040039,25.978792190551758,26.6407470703125,23.594539642333984,11.030058860778809,4.6128692626953125,6.918648719787598,7.901521682739258,8.263413429260254,7.484007835388184,11.220382690429688,8.430991172790527,13.450737953186035,8.572527885437012,8.7885160446167,7.864469528198242
10,1.8439933061599731,1.014581561088562,1.1582748889923096,1.9808306694030762,2.3851675987243652,1.8437876006477345,0.29404476284980774,0.9998959302902222,0.9997325539588928,0.9997906684875488,0.99996018409729,0.9999968409538269,0.04921996220946312,0.006215440575033426,0.00012635094753932208,0.001083848997950554,0.5440727472305298,0.07225732505321503,-0.5520716905593872,1.7908238172531128,1.1960712671279907,1.2501912117004395,1.7764378786087036,2.234119176864624,1.7361339826671631,0.34877923130989075,0.9839665293693542,0.9997377991676331,0.9998859167098999,0.999727725982666,0.9567951560020447,0.14549677073955536,0.01811455935239792,0.00013046844105701894,0.0007932297885417938,0.610755205154419,0.0737476795911789,-0.6695501208305359,41.36955642700195,21.166793823242188,16.524349212646484,22.773344039916992,25.519926071166992,23.222684860229492,42.779502868652344,28.533357620239258,51.23088073730469,30.623291015625,30.374364852905273,28.086612701416016,13.745269775390625,6.107595920562744,7.677740573883057,9.062052726745605,9.641225814819336,8.743132591247559,14.114480972290039,10.212603569030762,16.979446411132812,10.456947326660156,10.674049377441406,9.78034496307373
11,1.912911057472229,1.0826728343963623,1.175843358039856,1.9915788173675537,2.6736385822296143,1.9126969752459582,0.3268350660800934,0.9998981356620789,0.9996969103813171,0.9998323321342468,0.9999821782112122,0.9999961256980896,0.06629329174757004,0.007998599670827389,0.00012944373884238303,0.0011738840257748961,0.5710886120796204,0.054775092750787735,-0.46482619643211365,1.7322666645050049,1.2336212396621704,1.2579936981201172,1.6807091236114502,2.144165277481079,0.8733392025424551,0.38287052512168884,0.94467693567276,0.9999479651451111,0.9998100996017456,0.9997931122779846,0.8539795875549316,0.22318756580352783,0.024143101647496223,9.760900866240263e-05,0.0005753272562287748,0.6367745399475098,0.09039238840341568,-0.5663542747497559,57.619171142578125,30.37382698059082,21.422731399536133,30.16513442993164,32.41008758544922,30.709596633911133,58.44587707519531,40.238460540771484,75.62493896484375,41.40505599975586,41.841487884521484,38.80210876464844,17.798416137695312,8.351975440979004,8.688407897949219,10.767921447753906,11.490653991699219,10.579755783081055,18.2731990814209,12.92529582977295,22.570964813232422,13.191070556640625,13.463767051696777,12.552870750427246
12,1.6523865461349487,1.1166473627090454,1.1639783382415771,1.7018073797225952,1.9939517974853516,1.6522579761786462,0.3667776882648468,0.9999257922172546,0.9998584985733032,0.9997921586036682,0.9999840259552002,0.9999967813491821,0.11064509302377701,0.01159933302551508,0.0001375966239720583,0.0012706693960353732,0.625124454498291,0.09986620396375656,-0.5586212277412415,1.2264236211776733,1.161938190460205,1.1683300733566284,1.2261075973510742,1.250035285949707,0.6370766984223516,0.4194069504737854,0.9608229994773865,0.9998729825019836,0.9997539520263672,0.9998509883880615,0.9330922365188599,0.5120810866355896,0.043509844690561295,8.11204663477838e-05,0.0003389247867744416,0.7052081227302551,0.2235202193260193,-0.8446575403213501,125.49553680419922,62.255340576171875,12.966803550720215,77.25252532958984,79.00022888183594,73.9661636352539,126.43123626708984,82.22345733642578,151.32273864746094,88.79488372802734,87.97089385986328,73.93293762207031,27.85453987121582,13.419442176818848,8.899906158447266,16.55371856689453,17.373109817504883,16.22977066040039,28.474489212036133,19.291738510131836,34.89796829223633,20.03886604309082,20.303356170654297,18.501632690429688
13,1.7612028121948242,1.154868245124817,1.1748045682907104,1.6591640710830688,2.418879508972168,1.761134869527594,0.3904990255832672,0.9999610781669617,0.9999865889549255,0.9998944997787476,0.9999723434448242,0.999993085861206,0.19343918561935425,0.016922563314437866,0.0001454093580832705,0.0013780163135379553,0.6418010592460632,0.08026187866926193,-0.6176746487617493,1.346681833267212,1.19992995262146,1.2017830610275269,1.3245289325714111,1.4219868183135986,0.6377473456492214,0.41959869861602783,0.9490841627120972,0.9984503984451294,0.9997955560684204,0.9999135732650757,0.9082832336425781,0.9519877433776855,0.06353312730789185,7.260546408360824e-05,0.00030947604682296515,0.6967045068740845,0.21201463043689728,-0.9832233786582947,215.57846069335938,98.9373779296875,138.8821258544922,111.65862274169922,40.89704132080078,120.83001708984375,218.14593505859375,138.16712951660156,264.8649597167969,145.17250061035156,149.3134002685547,130.0024871826172,44.6319465637207,20.745399475097656,20.73128318786621,23.38437271118164,18.458593368530273,24.540504455566406,45.791404724121094,29.63117218017578,56.27362060546875,30.57204818725586,31.476032257080078,29.38452911376953
14,1.3001158237457275,1.164379358291626,1.1681149005889893,1.344996452331543,1.346997618675232,1.3001088889660348,0.4240146577358246,0.9999881386756897,0.9999871850013733,0.9999512434005737,0.9999956488609314,0.9999952912330627,0.5099560618400574,0.0321832150220871,0.0001694308448350057,0.0014722903724759817,0.6976073980331421,0.20721319317817688,-0.8507792949676514,1.0323281288146973,1.1707146167755127,1.1691040992736816,1.1498780250549316,0.9755004644393921,0.49315490018791475,0.42539891600608826,0.960813045501709,0.9999693036079407,0.9997907876968384,0.9998372793197632,0.9452128410339355,3.301551103591919,0.16646982729434967,0.00010948319686576724,0.00026324085774831474,0.9843430519104004,0.5065983533859253,0.3668113648891449,718.626708984375,384.3902587890625,537.1268920898438,491.4622802734375,34.006168365478516,427.2452392578125,726.6781616210938,489.6749572753906,907.5424194335938,526.080322265625,524.2833251953125,409.23089599609375,109.81473541259766,54.54257583618164,70.58944702148438,67.09857177734375,14.465143203735352,61.55214309692383,111.36284637451172,72.92522430419922,138.74781799316406,76.60272216796875,77.77012634277344,66.95706939697266
15,1.3248026371002197,1.073984146118164,1.0781770944595337,1.1915652751922607,1.5280582904815674,1.324796295343545,0.40154093503952026,0.9999854564666748,0.9999986886978149,0.9999630451202393,0.9999802708625793,0.9999905228614807,1.4099358320236206,0.07215996086597443,0.00019791127124335617,0.0018122754991054535,0.7218382954597473,0.22860565781593323,-0.7043277621269226,1.0149157047271729,1.0656702518463135,1.0680726766586304,1.0842225551605225,0.9822802543640137,0.5186174075134345,0.44137951731681824,0.9412481784820557,0.9363468885421753,0.9933534264564514,0.9984611868858337,0.9229205846786499,9.557372093200684,0.4332648813724518,7.15013884473592e-05,1.524662093288498e-05,0.7692206501960754,0.3123922049999237,-0.991775631904602,1761.8870849609375,864.4010009765625,1222.0264892578125,1196.6314697265625,1422.7015380859375,1112.1239013671875,1909.146240234375,1148.2144775390625,2103.3232421875,10.099745750427246,1275.0555419921875,992.7862548828125,259.8214416503906,121.27215576171875,163.88829040527344,158.43496704101562,149.19259643554688,146.69869995117188,276.3229675292969,164.4667205810547,320.6145324707031,69.51882934570312,183.0231170654297,157.41583251953125
16,1.2737547159194946,0.9834442734718323,0.9858550429344177,1.112292766571045,1.5943940877914429,1.2737427526112712,0.4037792384624481,0.9999823570251465,0.9999988675117493,0.999945342540741,0.9999914169311523,0.9999886155128479,1.5221755504608154,0.08621609956026077,0.00019448055536486208,0.0017869634320959449,0.747320830821991,0.2752167284488678,-0.30791112780570984,0.9765217304229736,0.9317594766616821,0.9461778998374939,0.9575405120849609,1.4706263542175293,0.797895692974935,0.7374674081802368,0.9924736022949219,0.9995948076248169,0.9992265105247498,0.9998983144760132,0.8577125668525696,2.5489931106567383,0.20198248326778412,0.0,0.0,0.9695484638214111,0.3905249238014221,-0.8594228625297546,189.7943572998047,54.79841995239258,62.00761413574219,18.875675201416016,272.3799743652344,64.26863861083984,273.0287780761719,87.82559967041016,303.4982604980469,415.24267578125,174.1719970703125,151.19822692871094,249.40850830078125,112.45762634277344,150.79000854492188,143.4773406982422,152.8410186767578,134.9967041015625,271.1792907714844,153.89389038085938,314.5865173339844,82.39754486083984,176.6028289794922,149.8051300048828
17,1.2734816074371338,0.9832836389541626,0.9851464033126831,1.1120911836624146,1.5950744152069092,1.2734650789683553,0.4034711420536041,0.9999873042106628,0.9999856352806091,0.9999676942825317,0.999989926815033,0.9999980926513672,1.3717278242111206,0.07962726801633835,0.00019095782772637904,0.0016634262865409255,0.7475117444992065,0.2756131887435913,-0.3065337836742401,1.6759109497070312,1.602868676185608,1.6600556373596191,1.6671189069747925,4.1061835289001465,1.6746035568115545,0.9348803162574768,0.9991000294685364,0.9998998045921326,0.9994744062423706,0.9979004263877869,0.9998594522476196,0.024883409962058067,0.00834178738296032,4.822513074032031e-05,0.0005496432422660291,0.951812744140625,-0.06787534803152084,-0.8032681345939636,6.134601593017578,2.7504446506500244,2.6060361862182617,2.243718385696411,10.362235069274902,1.7946640253067017,8.403603553771973,1.750280737876892,9.338123321533203,23.89307403564453,6.927678108215332,8.143976211547852,224.603515625,101.23318481445312,135.73736572265625,129.1569061279297,137.73878479003906,121.52452850341797,244.240478515625,138.52435302734375,283.3425598144531,74.63444519042969,159.0736083984375,134.9103240966797
18,1.2736115455627441,0.9832972288131714,0.9851997494697571,1.1121057271957397,1.5953330993652344,1.2735962706996464,0.40339964628219604,0.9999892711639404,0.9999953508377075,0.9999623894691467,0.9999921321868896,0.999999463558197,1.2344595193862915,0.07170971482992172,0.0001795442949514836,0.0015346275176852942,0.7474702000617981,0.2755500078201294,-0.30653005838394165,2.724907398223877,2.793302536010742,2.6798882484436035,2.670241117477417,7.016465187072754,2.7185214670089692,0.9403380155563354,0.9977808594703674,0.99998939037323,0.999461829662323,0.9939768314361572,0.9998412728309631,0.0035536678042262793,0.00019388059445191175,1.9814733605016954e-06,0.0002527539327275008,0.9304233193397522,-0.09398806095123291,-0.8531765341758728,2.1291439533233643,2.0282750129699707,2.216872215270996,2.2186825275421143,5.177058219909668,1.7683014869689941,3.0068979263305664,1.873519778251648,3.147458553314209,13.93008041381836,3.749629259109497,4.831918239593506,202.1522674560547,91.12163543701172,122.17357635498047,116.25055694580078,123.97566223144531,109.38188934326172,219.8256378173828,124.68212127685547,255.01637268066406,67.21334075927734,143.17930603027344,121.43207550048828
19,1.2737783193588257,0.9833251237869263,0.9853290915489197,1.1121704578399658,1.5956056118011475,1.2737630470011976,0.40329134464263916,0.9999898672103882,0.9999963641166687,0.9999626278877258,0.999992311000824,1.0,1.1103323698043823,0.06447801738977432,0.0001699118729447946,0.001431411481462419,0.7474181652069092,0.27546507120132446,-0.30645668506622314,2.652599811553955,2.5074243545532227,2.6204845905303955,2.6164984703063965,6.874388217926025,2.6453725167742936,1.0328933000564575,0.9975557923316956,0.9999999403953552,0.9986813068389893,0.995144248008728,0.9998313188552856,0.002677098149433732,5.658117152052e-05,2.526743969610834e-07,0.00025822693714872,0.8590084314346313,-0.09402281790971756,-0.8652816414833069,2.520704746246338,1.8788814544677734,2.5652828216552734,2.386270523071289,5.1283369064331055,1.7317030429840088,3.4986443519592285,1.7764326333999634,3.928402900695801,17.032983779907227,4.24476432800293,5.710236072540283,181.94387817382812,82.0202865600586,109.96592712402344,104.63508605957031,111.58560943603516,98.45346069335938,197.8492431640625,112.22352600097656,229.51893615722656,60.55247116088867,128.87484741210938,109.30164337158203
20,1.2740130424499512,0.9833769202232361,0.9857103824615479,1.1123241186141968,1.595902681350708,1.2739974720264937,0.4030517041683197,0.9999898672103882,0.9999969005584717,0.9999618530273438,0.9999923706054688,1.0,0.9983268976211548,0.05811591073870659,0.00016139207582455128,0.0013765310868620872,0.7473628520965576,0.275363028049469,-0.306061327457428,2.5460927486419678,2.4150049686431885,2.558955192565918,2.4357144832611084,6.339761734008789,2.542391050943039,1.1259959936141968,0.9986523985862732,0.9995522499084473,0.999393105506897,0.9959849119186401,0.9999299049377441,0.0036917671095579863,1.8499495126889087e-05,0.0,0.0002700902696233243,0.9469947218894958,-0.09171581268310547,-0.9247654676437378,2.880817413330078,3.293405294418335,3.4472217559814453,3.036569833755493,7.552673816680908,1.5524238348007202,4.793899059295654,2.3596856594085693,6.337834358215332,26.26655387878418,6.152108669281006,8.62345027923584,163.7559051513672,73.82994842529297,98.97929382324219,94.18179321289062,100.43708801269531,88.61712646484375,178.0708770751953,101.01103973388672,206.57196044921875,54.63718032836914,116.00923156738281,98.38875579833984
21,1.2742505073547363,0.9834029674530029,0.9861354231834412,1.1125835180282593,1.5961791276931763,1.2742329284557536,0.4027542173862457,0.9999886751174927,0.9999936819076538,0.9999589920043945,0.9999924302101135,0.9999999403953552,0.8978515863418579,0.05244877561926842,0.00015227335097733885,0.001356317545287311,0.7473130226135254,0.2752784490585327,-0.3055681884288788,2.341731548309326,2.0769565105438232,2.2301993370056152,2.4729831218719482,6.614699840545654,2.331776573012906,1.0123296976089478,0.9955872893333435,0.9994386434555054,0.9966219663619995,0.9935020804405212,0.9998992681503296,0.002950843423604965,3.798445732172695e-06,0.0,0.00021869591728318483,0.916894257068634,-0.06057971343398094,-0.8528673052787781,2.752298593521118,1.6874876022338867,2.683619976043701,2.5214602947235107,6.169620037078857,1.365273356437683,3.698584794998169,1.8670382499694824,5.078106880187988,17.66850471496582,4.54919958114624,5.953230381011963,147.3865203857422,66.45629119873047,89.0905990600586,84.77233123779297,90.40664672851562,79.7628173828125,160.27078247070312,90.91835021972656,185.92091369628906,49.337032318115234,104.4322280883789,88.56732940673828
22,1.274454951286316,0.9834145307540894,0.9862968325614929,1.1129435300827026,1.5964443683624268,1.27443773832125,0.4025268852710724,0.9999887943267822,0.9999942779541016,0.9999595880508423,0.9999921917915344,0.9999999403953552,0.8079997301101685,0.04716348275542259,0.0001426014059688896,0.0012773339403793216,0.7472653985023499,0.27520057559013367,-0.30523180961608887,2.4322729110717773,2.137772560119629,2.2201297283172607,2.565950393676758,6.901253700256348,2.4172548800506957,0.9642439484596252,0.994344174861908,0.9999587535858154,0.9968660473823547,0.9915123581886292,0.9999085068702698,0.0014324038056656718,0.0,0.0,0.00015694012108724564,0.8125599026679993,-0.042662329971790314,-0.7778592705726624,2.243335723876953,1.7624430656433105,2.222212314605713,1.9145218133926392,5.942132949829102,1.442734718322754,2.6699230670928955,2.1752994060516357,3.5433990955352783,14.212650299072266,3.8128654956817627,4.898805141448975,132.65350341796875,59.81949234008789,80.18946075439453,76.3025131225586,81.38088989257812,71.79317474365234,144.2499237060547,81.83438110351562,167.3340301513672,44.510616302490234,94.00679779052734,79.72428131103516
23,1.2746801376342773,0.983411967754364,0.986482560634613,1.1134697198867798,1.5966962575912476,1.274663880175345,0.40224164724349976,0.9999892115592957,0.9999969601631165,0.9999589323997498,0.999992311000824,1.0,0.7271973490715027,0.042482323944568634,0.0001330137311015278,0.0012489745859056711,0.7472177743911743,0.275120347738266,-0.30478018522262573,2.8654801845550537,2.4467461109161377,2.681450128555298,2.881638526916504,7.544628620147705,2.839016850753506,0.8843313455581665,0.9922923445701599,0.9993337392807007,0.9919832348823547,0.9923878312110901,0.9998853802680969,0.0008761475910432637,0.0,0.0,0.00011349067062838003,0.8412252068519592,-0.06542497128248215,-0.8150324821472168,1.7520554065704346,1.8823715448379517,2.3645622730255127,2.0685276985168457,4.687625408172607,1.5911747217178345,2.505542278289795,2.3366456031799316,3.4061529636383057,12.41178035736084,3.5006439685821533,4.4121623039245605,119.39311218261719,53.84605026245117,72.17799377441406,68.67936706542969,73.25714874267578,64.62032318115234,129.83055114746094,73.65869903564453,150.6057891845703,40.183536529541016,84.62525939941406,71.76583099365234
24,1.2749309539794922,0.9834007024765015,0.9866832494735718,1.1141958236694336,1.596929669380188,1.2749139717395397,0.40190526843070984,0.9999886751174927,0.999996542930603,0.9999569654464722,0.999992311000824,1.0000001192092896,0.6544355750083923,0.03823515400290489,0.0001233490911545232,0.001211625407449901,0.7471741437911987,0.27503156661987305,-0.304286926984787,3.34725022315979,2.5495846271514893,2.9421725273132324,3.3966448307037354,8.637996673583984,3.306303528618812,0.8454599380493164,0.9873692393302917,0.9986796975135803,0.9760684370994568,0.9920260310173035,0.999896764755249,0.0007195567595772445,0.0,0.0,8.472947229165584e-05,0.7759259939193726,-0.0779266506433487,-0.7613701820373535,1.5213888883590698,1.9692047834396362,2.31329083442688,2.1267693042755127,4.4190354347229,1.7020469903945923,2.1239330768585205,2.133516550064087,2.581512689590454,10.925405502319336,3.181610584259033,3.9919919967651367,107.45806121826172,48.469661712646484,64.9674072265625,61.81809616088867,65.94518280029297,58.16463088989258,116.85261535644531,66.29987335205078,135.5499725341797,36.29841232299805,76.1823959350586,64.60324096679688
25,1.2752010822296143,0.9834051132202148,0.9868460893630981,1.1150685548782349,1.5971527099609375,1.275184364703182,0.4015645384788513,0.999988853931427,0.9999971985816956,0.9999575018882751,0.9999921917915344,0.9999999403953552,0.5890020132064819,0.03441305458545685,0.00011384702520444989,0.0011411703890189528,0.7471328377723694,0.27492544054985046,-0.30391472578048706,3.466353416442871,2.3164491653442383,2.4422669410705566,4.09958553314209,9.88857650756836,3.397258905074364,0.7521021366119385,0.9792836904525757,0.9998635053634644,0.9852426052093506,0.9727353453636169,0.9997404217720032,0.0006710927118547261,0.0,0.0,7.911971624707803e-05,0.7443535327911377,-0.05888170376420021,-0.747367262840271,1.5220613479614258,2.122725009918213,2.368518829345703,2.0941765308380127,4.528522491455078,1.711707353591919,2.067808151245117,2.2051804065704346,2.0070905685424805,9.334464073181152,2.996225357055664,3.6021645069122314,96.71619415283203,43.63102340698242,58.4777946472168,55.64313507080078,59.36345672607422,52.35414123535156,105.1720199584961,59.676719665527344,121.99889373779297,32.78825378417969,68.58216857910156,58.156028747558594
26,1.2754873037338257,0.9834031462669373,0.9869786500930786,1.1160929203033447,1.5973693132400513,1.2754707713211428,0.4012109935283661,0.999988853931427,0.9999971389770508,0.9999573826789856,0.9999921321868896,0.9999998211860657,0.5301299691200256,0.031014278531074524,0.00010438724712003022,0.0010836287401616573,0.7470930218696594,0.27480757236480713,-0.30361366271972656,3.803856372833252,2.598681688308716,2.6727073192596436,4.8342976570129395,11.606081008911133,3.7245315627136857,0.7225112915039062,0.9843630194664001,0.9992760419845581,0.9867883324623108,0.9801967740058899,0.999825119972229,0.0006075463024899364,0.0,0.0,7.095775072230026e-05,0.7272132039070129,-0.05762935429811478,-0.7669891119003296,1.2525383234024048,2.1404531002044678,2.5846519470214844,2.0963265895843506,4.149660110473633,1.7056421041488647,1.7746891975402832,2.204550266265869,1.8293499946594238,8.547625541687012,2.8285489082336426,3.3749139308929443,87.04800415039062,39.27622985839844,52.63779067993164,50.08598709106445,53.4393310546875,47.12458419799805,94.65888214111328,53.7156867980957,109.80266571044922,29.6195125579834,61.74087142944336,52.352848052978516
27,1.2758126258850098,0.983406662940979,0.987200915813446,1.1172537803649902,1.5975873470306396,1.2757956944243813,0.40081220865249634,0.9999885559082031,0.9999958276748657,0.9999573230743408,0.9999921917915344,1.0,0.47712334990501404,0.027941474691033363,9.583465725881979e-05,0.0010346228955313563,0.7470525503158569,0.2746705114841461,-0.30335086584091187,4.350767612457275,3.1301090717315674,3.3467025756835938,5.012635707855225,12.928454399108887,4.13022628689272,0.686354398727417,0.9608025550842285,0.9993582367897034,0.9785977602005005,0.9378638863563538,0.9995510578155518,0.00042614302947185934,0.0,0.0,6.461796874646097e-05,0.7364320158958435,-0.06328422576189041,-0.7295044660568237,1.1584060192108154,2.1540980339050293,2.611617088317871,2.2343149185180664,3.4828360080718994,1.6870274543762207,1.6373777389526367,2.2184698581695557,1.6737912893295288,7.867400169372559,2.6725337505340576,3.1590964794158936,78.34630584716797,35.35715866088867,47.38220977783203,45.08499526977539,48.1091194152832,42.41796112060547,85.19683837890625,48.35088348388672,98.82585906982422,26.768112182617188,55.58395004272461,47.13019943237305
28,1.276184320449829,0.9834070205688477,0.9875457882881165,1.118552327156067,1.5978153944015503,1.2761675250685456,0.4003397226333618,0.999988317489624,0.9999953508377075,0.9999570846557617,0.9999921321868896,0.9999999403953552,0.4293805658817291,0.02516765706241131,8.778180927038193e-05,0.0009732828475534916,0.7470091581344604,0.27451542019844055,-0.3031094968318939,4.158906936645508,3.409043550491333,3.2173705101013184,5.125277042388916,14.140073776245117,3.9561416686028,0.7352263927459717,0.9658792018890381,0.9989691376686096,0.9667040109634399,0.9634465575218201,0.9996501207351685,0.0004450624983292073,0.0,0.0,6.087622750783339e-05,0.7176098823547363,-0.047523681074380875,-0.762087345123291,1.1070002317428589,2.0749082565307617,2.339606523513794,2.412010431289673,2.353600025177002,1.6832386255264282,1.5056320428848267,2.156677722930908,1.7518775463104248,8.010690689086914,2.5395243167877197,3.0646893978118896,70.51456451416016,31.83013343811035,42.6526985168457,40.585113525390625,43.308719635009766,38.18217086791992,76.68077850341797,43.52286148071289,88.94680786132812,24.211057662963867,50.043487548828125,42.430171966552734
29,1.276643991470337,0.9834070205688477,0.988169252872467,1.12002432346344,1.5980700254440308,1.2766274219011202,0.3997613489627838,0.9999884963035583,0.9999964237213135,0.9999566674232483,0.9999919533729553,1.0,0.3864232003688812,0.02266620472073555,8.037492079893127e-05,0.0009201480424962938,0.746959924697876,0.27431854605674744,-0.3029264211654663,5.421528339385986,4.276957988739014,4.633002281188965,5.95283317565918,16.72936248779297,4.846770641553993,0.6929348707199097,0.9494761824607849,0.9963561296463013,0.9772140979766846,0.9028920531272888,0.9988112449645996,0.0003961813636124134,0.0,0.0,6.463421595981345e-05,0.7312447428703308,-0.06843435764312744,-0.7649722695350647,1.1734600067138672,2.0724525451660156,2.294290542602539,2.4370150566101074,2.1956098079681396,2.196237802505493,1.3405951261520386,2.15466046333313,1.7394461631774902,7.63599157333374,2.5239760875701904,3.0197746753692627,63.466064453125,28.656517028808594,38.396759033203125,36.53662109375,38.987640380859375,34.37221145629883,69.01603698730469,39.17816925048828,80.05567169189453,21.921422958374023,45.058712005615234,38.20136260986328
30,1.2771767377853394,0.9833940267562866,0.988990306854248,1.1216875314712524,1.5983456373214722,1.2771608672847032,0.3991203010082245,0.9999885559082031,0.9999966621398926,0.9999562501907349,0.9999919533729553,0.9999997615814209,0.34774327278137207,0.020400943234562874,7.31811742298305e-05,0.000868203875143081,0.7469061613082886,0.27407974004745483,-0.30310866236686707,6.580896854400635,5.045328140258789,5.990237712860107,6.5079874992370605,15.504616737365723,5.717198926419255,0.5727111101150513,0.9061955809593201,0.992267906665802,0.8928388953208923,0.9153561592102051,0.9987486004829407,0.0002737092145252973,0.0,0.0,5.639699156745337e-05,0.7844637036323547,-0.07431934028863907,-0.7958282828330994,1.130603313446045,2.102708339691162,2.2766706943511963,2.910457134246826,2.2251930236816406,2.2050600051879883,1.2440904378890991,2.196939468383789,1.5079482793807983,6.2387776374816895,2.4038448333740234,2.7387232780456543,57.122352600097656,25.801536560058594,34.567256927490234,32.89604187011719,35.09940719604492,30.94388771057129,62.117610931396484,35.26892852783203,72.05340576171875,19.856428146362305,40.572689056396484,34.395912170410156
31,1.27786386013031,0.9833608865737915,0.9902114272117615,1.1237640380859375,1.5986732244491577,1.277848377770519,0.39829930663108826,0.9999889135360718,0.9999985694885254,0.9999563097953796,0.9999919533729553,1.0,0.3129377067089081,0.018380453810095787,6.674072210444137e-05,0.0008268567034974694,0.746846079826355,0.2737608551979065,-0.303653746843338,7.135202407836914,5.191761016845703,5.736712455749512,8.918237686157227,18.292211532592773,6.609012131540264,0.5907104015350342,0.9692802429199219,0.9997449517250061,0.9854967594146729,0.9271984696388245,0.9983896017074585,0.0002351016300963238,0.0,0.0,5.6214190408354625e-05,0.8257341980934143,-0.06972292810678482,-0.8142550587654114,1.0799480676651,2.100996971130371,2.4087488651275635,3.486829996109009,2.007229804992676,2.5545647144317627,1.2990331649780273,2.2995107173919678,1.3919488191604614,6.487381458282471,2.5116193294525146,2.888857126235962,51.41303253173828,23.233474731445312,31.122461318969727,29.625028610229492,31.59937286376953,27.861745834350586,55.909141540527344,31.75225830078125,64.85139465332031,18.015125274658203,36.538307189941406,30.973302841186523
32,1.2789788246154785,0.9833413362503052,0.9933075308799744,1.1263545751571655,1.5990689992904663,1.2789626281975286,0.3969074785709381,0.999988317489624,0.9999964237213135,0.9999558925628662,0.9999917149543762,1.0,0.2816772758960724,0.01656324975192547,6.097977893659845e-05,0.0007784193730913103,0.7467676401138306,0.27325505018234253,-0.30493268370628357,8.883597373962402,6.340095043182373,8.820113182067871,8.382211685180664,17.048267364501953,7.615232826069181,0.7602936625480652,0.9581761360168457,0.9997628927230835,0.98441481590271,0.881080150604248,0.9987077116966248,0.00029936336795799434,0.0,0.0,6.746040162397549e-05,0.8850357532501221,-0.07852106541395187,-0.864124059677124,1.1048486232757568,2.1088967323303223,2.981356620788574,3.9587361812591553,2.3919665813446045,3.6851658821105957,1.2389397621154785,2.772608995437622,1.9995492696762085,10.130391120910645,3.237246036529541,4.041116237640381,46.27484130859375,20.923917770385742,28.025726318359375,26.688335418701172,28.451889038085938,25.095844268798828,50.32160568237305,28.590187072753906,58.37031936645508,16.440555572509766,32.9183235168457,27.900569915771484
33,1.2808047533035278,0.98331218957901,0.9999173283576965,1.1294652223587036,1.5995596647262573,1.280786582574756,0.39463117718696594,0.9999868869781494,0.9999917149543762,0.9999538064002991,0.9999915957450867,1.0,0.2535971701145172,0.014923550188541412,5.582039739238098e-05,0.0007579743978567421,0.7466620206832886,0.2724657654762268,-0.3081232011318207,8.463715553283691,6.2524943351745605,8.301880836486816,8.713788032531738,16.002971649169922,8.023640476724944,0.7893292903900146,0.9807952046394348,0.9998481273651123,0.9918180108070374,0.9064504504203796,0.9988772869110107,0.00046694354387000203,0.0,0.0,7.802958134561777e-05,0.9013664722442627,-0.08777450025081635,-0.9239290356636047,1.2844702005386353,2.168088674545288,3.5181429386138916,5.099025726318359,3.1856021881103516,3.9180493354797363,1.5246284008026123,3.1430749893188477,3.0952837467193604,12.833267211914062,3.976963520050049,5.031598091125488,41.651039123535156,18.847572326660156,25.24472999572754,24.06029510498047,25.623441696166992,22.613149642944336,45.29336166381836,25.74839973449707,52.53960418701172,15.139904022216797,29.6761474609375,25.14661407470703
34,1.2840241193771362,0.9832690954208374,1.0135622024536133,1.1335954666137695,1.6001759767532349,1.284007465382082,0.3905744254589081,0.9999876618385315,0.999995768070221,0.9999538064002991,0.9999914169311523,0.9999999403953552,0.22836200892925262,0.013498163782060146,5.137190601089969e-05,0.000741513620596379,0.7465209364891052,0.2711922228336334,-0.31284886598587036,7.459564685821533,5.51928186416626,7.311492919921875,8.326949119567871,14.424519538879395,7.193196499820176,0.8361853957176208,0.9849100112915039,0.9999291896820068,0.9900068640708923,0.9268301129341125,0.9980079531669617,0.0006111445254646242,0.0,0.0,9.742351539898664e-05,0.9369624257087708,-0.09010495245456696,-0.9289266467094421,1.8641973733901978,2.1732609272003174,4.582076549530029,5.539391040802002,3.5906472206115723,5.093081951141357,1.684767484664917,3.862001657485962,4.040447235107422,16.607704162597656,4.903757572174072,6.335549831390381,37.49087905883789,16.98137664794922,22.753156661987305,21.71138572692871,23.08356285095215,20.396692276000977,40.7685661315918,23.19784164428711,47.2958984375,14.201347351074219,26.788070678710938,22.689573287963867
35,1.2888175249099731,0.9832048416137695,1.035199522972107,1.1385828256607056,1.6009219884872437,1.2887994261263271,0.38505181670188904,0.9999870657920837,0.9999932646751404,0.9999536871910095,0.9999909996986389,1.0,0.20566324889659882,0.012177713215351105,4.718161289929412e-05,0.0007266395841725171,0.7463222742080688,0.2694135010242462,-0.3211829364299774,7.439844131469727,6.01196813583374,7.349679946899414,7.811084747314453,13.303972244262695,7.2640234200099325,0.7626951336860657,0.9874156713485718,0.99996018409729,0.9913614392280579,0.9416341781616211,0.9993314146995544,0.0004932580050081015,0.0,0.0,0.00010615366045385599,0.9474973678588867,-0.08942196518182755,-0.9395942687988281,1.959836483001709,2.272348642349243,6.244372367858887,6.161578178405762,4.901296138763428,3.956012010574341,1.8837449550628662,3.9550580978393555,4.994215965270996,16.46380615234375,5.279226779937744,6.580287456512451,33.74781799316406,15.30447006225586,20.536272048950195,19.619163513183594,20.810922622680664,18.402023315429688,36.69717025756836,20.909679412841797,42.58292007446289,13.504729270935059,24.211517333984375,20.497831344604492
36,1.29499351978302,0.98308926820755,1.0629777908325195,1.1447135210037231,1.6018481254577637,1.2949772693718051,0.37904027104377747,0.9999878406524658,0.9999971985816956,0.9999540448188782,0.9999905824661255,1.0,0.1852274388074875,0.010992168448865414,4.3298990931361914e-05,0.0007396350847557187,0.7459995746612549,0.2671775817871094,-0.33238551020622253,6.357862949371338,4.204400062561035,6.316661357879639,6.205028057098389,12.228601455688477,6.199436407070867,0.6110404133796692,0.9906550049781799,0.9999791383743286,0.9943445324897766,0.9595646262168884,0.9989830851554871,0.0006110587855800986,0.0,0.0,0.00012802604760508984,0.9366161823272705,-0.08659842610359192,-0.9099199175834656,2.316274881362915,2.343365430831909,6.41259241104126,5.93937873840332,4.770288467407227,4.531842231750488,2.3834152221679688,3.8016581535339355,7.045628547668457,13.803775787353516,5.334822177886963,6.175998687744141,30.38116455078125,13.798383712768555,18.5625,17.75359535217285,18.775423049926758,16.622861862182617,33.035064697265625,18.85607147216797,38.357177734375,12.870159149169922,21.9012393951416,18.537967681884766
37,1.3056377172470093,0.9829748272895813,1.1128877401351929,1.152951717376709,1.603002905845642,1.3056224194449915,0.3693673014640808,0.9999880790710449,0.9999990463256836,0.9999538660049438,0.99998939037323,1.0,0.16690604388713837,0.009961391799151897,4.008847099612467e-05,0.0007548583671450615,0.7455701231956482,0.26389479637145996,-0.3468199670314789,5.1083831787109375,4.282770156860352,5.058840274810791,5.351279258728027,11.09644889831543,4.991597302985183,0.6907281875610352,0.9906919002532959,0.999878466129303,0.9944800138473511,0.9393379092216492,0.9952248930931091,0.0009123535710386932,0.0,0.0,0.0001526132837170735,0.9461656212806702,-0.08768186718225479,-0.9484454989433289,4.304533004760742,2.152536153793335,7.099015712738037,6.224313259124756,5.261249542236328,5.2941389083862305,2.9688427448272705,4.636857986450195,8.42182731628418,19.043903350830078,6.540721893310547,7.801277160644531,27.360488891601562,12.445672035217285,16.82000160217285,16.100255966186523,16.961015701293945,15.046412467956543,29.74242401123047,17.024988174438477,34.57498550415039,12.73055648803711,19.880680084228516,16.82546043395996
38,1.3836946487426758,0.9843292236328125,1.4509559869766235,1.172326922416687,1.6061742305755615,1.3836777130693008,0.33267855644226074,0.9999856948852539,0.9999986886978149,0.9999630451202393,0.9999756813049316,1.0,0.15112827718257904,0.009570430964231491,4.010969860246405e-05,0.0009930196683853865,0.7510860562324524,0.2555219829082489,-0.29028430581092834,1.678805947303772,1.714076042175293,1.6770845651626587,1.7361196279525757,4.174168586730957,1.6784141451126338,1.1683425903320312,0.9997120499610901,0.9989476799964905,0.9998843669891357,0.9921371936798096,0.9995998740196228,0.01634335331618786,0.0,0.0,0.0007413960993289948,0.9880264401435852,-0.041481178253889084,-0.9732689261436462,41.252567291259766,10.469600677490234,7.656525135040283,2.170194625854492,59.77336883544922,2.8151602745056152,35.709068298339844,16.30512237548828,35.95807647705078,151.70384216308594,36.38135528564453,48.068111419677734,25.119722366333008,11.294700622558594,15.292377471923828,14.530436515808105,16.94213104248047,13.533891677856445,27.0909481048584,15.570840835571289,31.567420959472656,23.58759880065918,19.453006744384766,16.61614227294922
39,1.4009687900543213,1.0230711698532104,1.4472572803497314,1.3422303199768066,1.6506880521774292,1.400954340279558,0.8188238143920898,0.9999825954437256,0.9999980926513672,0.9999925494194031,0.9999701976776123,0.9999974966049194,0.13446210324764252,0.00873515848070383,3.962204573326744e-05,0.005856778472661972,0.9246407747268677,0.3251785337924957,-0.16284100711345673,1.337004542350769,1.2754355669021606,1.3119463920593262,1.3511368036270142,1.4385673999786377,1.3296544401396264,1.2590155601501465,0.9995607137680054,0.9999834895133972,0.999882161617279,0.9995508790016174,0.8993539810180664,0.05240780860185623,0.0,0.0,0.004408048000186682,0.9835150241851807,0.46233683824539185,-0.8906400203704834,154.51898193359375,33.81791687011719,16.19337272644043,27.948381423950195,356.1746826171875,71.16779327392578,222.21400451660156,7.270414352416992,201.2731475830078,854.4078979492188,194.4986572265625,250.42410278320312,28.99407196044922,10.817138671875,13.908269882202148,13.32724380493164,42.203617095947266,13.840060234069824,34.47821807861328,14.156813621520996,36.406951904296875,98.37358856201172,30.650598526000977,32.24350357055664
40,1.3428078889846802,2.2792892456054688,1.354768991470337,1.3292433023452759,1.6347270011901855,1.3424990672207224,1.2143669128417969,0.9997603893280029,0.9998762607574463,0.9994010925292969,0.9999978542327881,0.9999763369560242,0.037079181522130966,0.007947923615574837,3.8485621189465746e-05,0.021012762561440468,0.9862764477729797,0.47717544436454773,-0.16475442051887512,1.328648328781128,1.3187546730041504,1.3324021100997925,1.3293359279632568,0.9651574492454529,1.3101954724107006,1.2611110210418701,0.9992371797561646,0.8999995589256287,0.9999968409538269,0.9999346137046814,0.9249633550643921,1.1057366132736206,0.0,0.0,0.03379986062645912,0.98844975233078,0.49967488646507263,-0.9660429954528809,754.4722290039062,217.27301025390625,132.13429260253906,173.57159423828125,1812.1346435546875,347.95599365234375,1162.75,0.005129490979015827,1089.4078369140625,4510.30712890625,1020.0011596679688,1311.6640625,93.05084991455078,27.56800079345703,20.885892868041992,23.8807315826416,215.82681274414062,42.4664421081543,138.96820068359375,12.741294860839844,131.06857299804688,534.37255859375,124.08293914794922,156.5540313720703
41,1.322144627571106,1.3639390468597412,1.3309741020202637,1.3261269330978394,1.0951061248779297,1.3221419253643036,1.147015929222107,0.9999973773956299,0.9999070167541504,1.0,0.9999995231628418,0.9999946355819702,1.9573194980621338,0.007215579506009817,3.606296013458632e-05,0.04881712794303894,0.9840700030326843,0.5303458571434021,-0.05619284510612488,1.3080687522888184,1.317457675933838,1.3257129192352295,1.3243625164031982,0.9566447734832764,1.1800290211281206,1.1077041625976562,0.9956573843955994,0.9999995827674866,1.0,0.9999544620513916,0.9174289107322693,19.373929977416992,0.0,0.0,0.0640384703874588,0.9999586939811707,0.5664188861846924,0.14530962705612183,3034.3779296875,1914.8572998046875,249.01194763183594,1259.4473876953125,8034.32666015625,1955.9642333984375,4806.83935546875,1599.79150390625,4592.638671875,18393.572265625,4584.0830078125,5434.701171875,379.1799011230469,205.46151733398438,24.24870491027832,138.26373291015625,989.7058715820312,226.29873657226562,597.6770629882812,164.5948028564453,568.9747924804688,2306.40234375,560.0807495117188,679.7544555664062
42,1.1832863092422485,1.1996840238571167,1.2178819179534912,1.2246549129486084,1.0451141595840454,1.1832782332947842,0.8225365877151489,0.9999902844429016,0.9999793767929077,1.0,0.9999831318855286,0.9999963641166687,34.41843795776367,0.006592115852981806,3.3983804314630106e-05,0.07142128795385361,0.9342150688171387,0.4213680028915405,-0.6025925278663635,1.141991138458252,1.1911449432373047,1.195630669593811,1.2041127681732178,0.9741749167442322,0.6799273432312785,0.7706610560417175,0.8801635503768921,0.8999999761581421,0.9000000357627869,0.8999994397163391,0.8258653879165649,325.63482666015625,0.0,0.0,0.008153126575052738,0.9203596115112305,0.4693082273006439,0.0,23097.478515625,0.0,23596.71875,20214.830078125,47541.984375,22222.1640625,36299.61328125,25630.2265625,33182.3046875,102262.0,33404.73046875,31728.458984375,2554.455078125,184.91537475585938,2351.65673828125,2082.697998046875,5527.4873046875,2331.752685546875,4062.47216796875,2639.899169921875,3730.08056640625,12132.3857421875,3759.780517578125,3718.279541015625
43,1.183287262916565,1.1996819972991943,1.2178819179534912,1.224654197692871,1.0451221466064453,1.183278258017633,0.8225263357162476,0.9999895691871643,0.9999752044677734,1.0,0.9999830722808838,0.9999963641166687,30.944501876831055,0.0064927670173347,4.3541600462049246e-05,0.06425545364618301,0.9342146515846252,0.42140987515449524,-0.6019954681396484,1.2401903867721558,1.4646927118301392,1.2748793363571167,1.2017422914505005,2.390288829803467,1.2401397819014721,1.0947692394256592,0.999942421913147,0.999998927116394,0.999981164932251,0.9999197125434875,0.999611496925354,0.00024759687948971987,0.0,0.0,1.8837663446902297e-05,0.980697751045227,0.5110155940055847,-0.9508863091468811,6.7279767990112305,73.92936706542969,11.861568450927734,1.4284647703170776,20.929664611816406,2.12994122505188,15.93040657043457,4.517609596252441,16.201274871826172,38.14438247680664,19.18006706237793,22.1386775970459,2299.014404296875,166.58529663085938,2116.495361328125,1874.4324951171875,4974.7412109375,2098.58154296875,3656.228271484375,2375.9140625,3357.077392578125,10919.150390625,3383.822021484375,3346.455322265625
44,1.1833031177520752,1.1997126340866089,1.2179008722305298,1.2246534824371338,1.0451351404190063,1.183221906276439,0.8207523822784424,0.9999288320541382,0.9996325969696045,1.0,0.9999831318855286,0.9999958872795105,27.8549747467041,0.006520083639770746,4.8499259719392285e-05,0.058580417186021805,0.9342140555381775,0.42821910977363586,-0.5034935474395752,1.3480744361877441,1.5163424015045166,1.3454116582870483,1.4528714418411255,1.6073009967803955,1.347962968752175,1.1818662881851196,0.9998677968978882,0.9999675154685974,0.9999753832817078,0.9952479600906372,0.9735804200172424,0.10600495338439941,0.0,0.0,0.000767991878092289,0.9762910604476929,0.5063709616661072,-0.9600904583930969,94.8793716430664,939.9976806640625,228.4749755859375,84.19987487792969,124.98906707763672,50.42025375366211,123.53626251220703,20.31745147705078,173.25694274902344,319.5339660644531,215.9605712890625,268.5270690917969,2069.141357421875,177.1817626953125,1904.976318359375,1687.023193359375,4477.29052734375,1888.7379150390625,3290.6337890625,2138.3271484375,3021.43212890625,9827.2822265625,3048.202880859375,3011.93701171875
45,1.1833043098449707,1.1997134685516357,1.2179014682769775,1.2246532440185547,1.0451390743255615,1.1832355592607813,0.8207043409347534,0.9999397993087769,0.9996945858001709,1.0,0.9999831318855286,0.9999959468841553,25.06952667236328,0.005910051055252552,4.5283282815944403e-05,0.053189922124147415,0.9342136383056641,0.42837128043174744,-0.5013041496276855,1.5526806116104126,2.5362067222595215,2.346100091934204,1.406258463859558,2.532257318496704,1.5439851980224324,1.2370661497116089,0.9843389391899109,0.9072254300117493,0.8900748491287231,0.9974696040153503,0.9980993270874023,0.0026490630116313696,0.0,0.0,2.70509954134468e-05,0.9891169667243958,0.39338570833206177,-0.8954275250434875,3.628685474395752,94.55298614501953,17.319293975830078,10.39523696899414,17.357234954833984,2.123417377471924,14.865979194641113,4.942817687988281,14.304511070251465,28.156539916992188,20.764671325683594,27.769418716430664,1862.2293701171875,160.12762451171875,1714.4818115234375,1518.3238525390625,4029.564453125,1699.8658447265625,2961.573486328125,1924.4964599609375,2719.2919921875,8844.5576171875,2743.451171875,2710.74853515625
46,1.1833046674728394,1.1997138261795044,1.2179014682769775,1.224653720855713,1.0451399087905884,1.1832229259551912,0.8206967711448669,0.99992835521698,0.9996296167373657,1.0,0.9999830722808838,0.9999954104423523,22.562528610229492,0.005331818480044603,4.1863080696202815e-05,0.047870002686977386,0.9342135190963745,0.42839378118515015,-0.5009695887565613,2.3997952938079834,2.636274814605713,2.573381185531616,2.2278454303741455,4.364386558532715,2.0559098045235884,1.3729608058929443,0.9801439046859741,0.9905796051025391,0.9865847229957581,0.9745284914970398,0.9999901652336121,0.0006233445601537824,0.0,0.0,4.334386176196858e-06,0.9484621286392212,-0.022572603076696396,-0.7562041878700256,2.066566228866577,35.80686950683594,3.0086238384246826,2.2315163612365723,5.267510414123535,1.696475863456726,3.495659828186035,3.658879280090332,3.3330888748168945,11.592935562133789,7.2158122062683105,11.313375473022461,1676.006591796875,144.20880126953125,1543.0340576171875,1366.4915771484375,3626.608154296875,1529.8795166015625,2665.41650390625,1732.047119140625,2447.363037109375,7960.10205078125,2469.11572265625,2439.674560546875
47,1.1833049058914185,1.1997137069702148,1.217901587486267,1.224654197692871,1.045140266418457,1.183223601291322,0.8206934332847595,0.9999284148216248,0.9996311664581299,1.0,0.9999830722808838,0.9999950528144836,20.306255340576172,0.004810971207916737,3.847573316306807e-05,0.042886391282081604,0.9342136383056641,0.4284031391143799,-0.5008253455162048,2.6728029251098633,2.967519998550415,2.7679901123046875,2.639530897140503,5.038259506225586,2.1984702212402425,0.8275189399719238,0.958877682685852,0.8992236256599426,0.6584776639938354,0.9687540531158447,0.9999766945838928,0.00010209991887677461,0.0,0.0,3.0071639685047558e-06,0.9502461552619934,-0.012789552100002766,-0.6251336336135864,2.1011836528778076,13.5993070602417,2.4309849739074707,2.579580545425415,4.282379627227783,2.190075159072876,2.4333243370056152,3.6291229724884033,2.506605625152588,10.452876091003418,4.62054443359375,5.61716365814209,1508.40625,129.82400512695312,1388.7308349609375,1229.8427734375,3263.947509765625,1376.891845703125,2398.875,1558.8426513671875,2202.627197265625,7164.091796875,2222.2080078125,2195.70751953125
48,1.1833056211471558,1.199713945388794,1.2179028987884521,1.2246545553207397,1.0451407432556152,1.1832242806184803,0.8206751942634583,0.99992835521698,0.9996311664581299,1.0,0.9999829530715942,0.9999951124191284,18.276025772094727,0.00438265223056078,3.569374166545458e-05,0.038915105164051056,0.9342134594917297,0.4284580647945404,-0.49998345971107483,2.483224391937256,2.5041446685791016,2.4808828830718994,2.4786033630371094,4.962888717651367,2.285852978492919,1.6008050441741943,0.8968293070793152,0.9024960994720459,0.8933129906654358,0.9484173059463501,0.9999068379402161,0.0009101612376980484,0.0,0.0,1.7578728147782385e-05,0.955609917640686,0.10612717270851135,-0.9194537401199341,2.084225654602051,61.04951477050781,10.663858413696289,4.002074718475342,4.487619876861572,1.9590272903442383,3.456606149673462,5.98345947265625,2.3855483531951904,10.546722412109375,10.661865234375,18.66726303100586,1357.5657958984375,117.0263900756836,1249.858642578125,1106.85888671875,2937.552978515625,1239.2027587890625,2158.98779296875,1402.958984375,1982.3646240234375,6447.68359375,2000.006103515625,1976.13818359375
49,1.1833058595657349,1.199713945388794,1.2179027795791626,1.2246553897857666,1.0451411008834839,1.1832245464167694,0.8206727504730225,0.9999284148216248,0.9996310472488403,1.0,0.9999828934669495,0.9999949932098389,16.448423385620117,0.0039514503441751,3.287958315922879e-05,0.035202231258153915,0.934213399887085,0.42846494913101196,-0.49987462162971497,2.5203988552093506,2.8934357166290283,3.160013198852539,2.47109317779541,5.0161004066467285,2.1615503153887885,0.7902300953865051,0.9652320742607117,0.7487474083900452,0.627015233039856,0.9671663641929626,0.9999657273292542,5.27577540196944e-05,0.0,0.0,9.082281593464359e-08,0.9463111162185669,0.007118580397218466,-0.6192033886909485,2.009592294692993,8.898625373840332,1.8557747602462769,1.7422783374786377,4.354586601257324,1.788257360458374,2.3949899673461914,2.5727992057800293,2.353485345840454,10.547765731811523,3.851815938949585,4.56325626373291,1221.8094482421875,105.34628295898438,1124.873046875,996.1731567382812,2643.798095703125,1115.2828369140625,1943.0892333984375,1262.6634521484375,1784.12841796875,5802.916015625,1800.008056640625,1778.5247802734375
50,1.183306336402893,1.199713945388794,1.2179027795791626,1.2246562242507935,1.045141577720642,1.1832256839570268,0.8206701278686523,0.9999279975891113,0.9996309876441956,1.0,0.9999828338623047,0.9999935030937195,14.80358600616455,0.0035613838117569685,3.018954703293275e-05,0.031789861619472504,0.9342135190963745,0.42847248911857605,-0.4997574985027313,2.3016891479492188,3.015181541442871,3.3254802227020264,2.241931915283203,4.777180194854736,2.051832072620663,0.7548372745513916,0.9781020283699036,0.8947730660438538,0.5821855068206787,0.981531023979187,0.9999634623527527,5.2640778449131176e-05,0.0,0.0,3.815175375621038e-07,0.9555475115776062,0.03582421690225601,-0.5185194611549377,1.9519500732421875,7.2189459800720215,1.7513372898101807,1.7940553426742554,4.449477672576904,1.6727828979492188,2.4202146530151367,2.961216926574707,2.379122018814087,10.575815200805664,3.717491865158081,4.271914005279541,1099.6287841796875,94.83365631103516,1012.3858642578125,896.5560913085938,2379.418701171875,1003.7546997070312,1748.780517578125,1136.3974609375,1605.7156982421875,5222.62548828125,1620.009765625,1600.6729736328125
51,1.1833065748214722,1.199713945388794,1.2179028987884521,1.2246571779251099,1.0451420545578003,1.1832262532165008,0.8206669092178345,0.999927818775177,0.9996306896209717,1.0,0.999983012676239,0.9999931454658508,13.323205947875977,0.003215137170627713,2.7664083972922526e-05,0.028721613809466362,0.9342136383056641,0.42848122119903564,-0.4996197521686554,2.7427992820739746,3.668549060821533,5.741507053375244,2.2171711921691895,4.715692043304443,2.373473434821323,0.7941504716873169,0.9559942483901978,0.9956005215644836,0.6854110360145569,0.9811270236968994,0.999966561794281,0.00010439677134854719,0.0,0.0,7.348421604547184e-07,0.9694191217422485,0.01184250507503748,-0.7535150647163391,2.0549046993255615,6.749080181121826,1.7393401861190796,2.11820650100708,5.515406131744385,1.827440619468689,2.4835331439971924,5.617586135864258,2.586097478866577,13.559102058410645,4.425069808959961,5.30888032913208,989.6661987304688,85.37378692626953,911.1474609375,806.9007568359375,2141.477294921875,903.3794555664062,1573.90283203125,1022.7582397460938,1445.14453125,4700.3642578125,1458.011474609375,1440.6063232421875
52,1.1833080053329468,1.1997144222259521,1.2179054021835327,1.2246578931808472,1.045142650604248,1.1832314635175674,0.8206371665000916,0.9999290108680725,0.9996829628944397,1.0,0.9999567270278931,0.9999932646751404,11.99012279510498,0.00292676012031734,2.5549708880134858e-05,0.025916922837495804,0.9342137575149536,0.42857828736305237,-0.4982333779335022,1.9268349409103394,1.9587516784667969,1.9263250827789307,2.007004976272583,3.9114770889282227,1.790711785913226,1.7778874635696411,0.8967664241790771,0.9345126748085022,0.8986823558807373,0.5836277008056641,0.9919960498809814,0.009997173212468624,0.0,0.0,4.746424747281708e-05,0.9971225261688232,0.13821975886821747,-0.9882293343544006,2.184666156768799,49.98310852050781,23.86787223815918,25.128320693969727,572.1543579101562,32.56490707397461,3.6894021034240723,42.43815231323242,2.6822867393493652,888.7295532226562,164.34226989746094,297.5445556640625,890.6998901367188,77.02791595458984,820.0352172851562,726.2147827148438,1927.3338623046875,813.0480346679688,1416.5128173828125,920.488037109375,1300.63037109375,4230.33447265625,1312.2325439453125,1296.54931640625
53,1.183308720588684,1.1997145414352417,1.2179054021835327,1.2246592044830322,1.0451433658599854,1.1832318470105492,0.8206327557563782,0.9999287724494934,0.9996814727783203,1.0,0.9999567270278931,0.9999931454658508,10.791106224060059,0.002649119822308421,2.360102917009499e-05,0.02347707375884056,0.9342138171195984,0.42859017848968506,-0.49804458022117615,2.0779123306274414,2.9092772006988525,2.9718384742736816,2.003514051437378,4.245553970336914,1.2289444901724644,0.7144625186920166,0.9697867035865784,0.8028359413146973,0.21524490416049957,0.99162757396698,0.9999591708183289,6.593191210413352e-05,0.0,0.0,1.6577029100517393e-06,0.95624840259552,0.09455113857984543,-0.6146798133850098,2.2602713108062744,5.762535572052002,2.800316572189331,1.816507339477539,4.584168910980225,1.7951524257659912,2.8181169033050537,3.7054383754730225,2.7473926544189453,11.852550506591797,4.01424503326416,4.44551944732666,801.6303100585938,69.35165405273438,738.031982421875,653.5936279296875,1734.60107421875,731.743408203125,1274.8619384765625,828.4397583007812,1170.5677490234375,3807.30224609375,1181.0123291015625,1166.895263671875
54,1.1833094358444214,1.1997144222259521,1.2179055213928223,1.2246612310409546,1.0451442003250122,1.1832327740540585,0.8206292986869812,0.9999287724494934,0.9996814131736755,1.0,0.9999567270278931,0.9999926686286926,9.711997032165527,0.002385668223723769,2.1601310436381027e-05,0.020998479798436165,0.9342135787010193,0.42859897017478943,-0.49789631366729736,1.9801174402236938,3.220031499862671,3.8620548248291016,1.933618426322937,4.09508752822876,1.861791677253721,0.7922779321670532,0.9967600703239441,0.8795377016067505,0.3743705749511719,0.9973296523094177,0.999967098236084,4.2033290810650215e-05,0.0,0.0,1.3351564120966941e-06,0.9588689208030701,0.06272812932729721,-0.6714937686920166,2.381462574005127,4.086819648742676,1.7790508270263672,1.7966631650924683,5.132814884185791,1.877637505531311,2.940052032470703,2.6979424953460693,2.955122232437134,12.284385681152344,3.7931954860687256,4.319795608520508,721.4677734375,62.43560791015625,664.2291259765625,588.234619140625,1561.141845703125,658.5694580078125,1147.376220703125,745.5963745117188,1053.511474609375,3426.574462890625,1062.9136962890625,1050.2066650390625
55,1.1833103895187378,1.1997143030166626,1.2179055213928223,1.2246638536453247,1.0451451539993286,1.1832341038171972,0.8206251263618469,0.9999285936355591,0.9996814131736755,0.9999999403953552,0.9999567270278931,0.9999921321868896,8.740763664245605,0.0021548753138631582,1.9959201381425373e-05,0.019206304103136063,0.9342132806777954,0.42860904335975647,-0.49772265553474426,2.026311159133911,3.4438135623931885,4.896500110626221,1.8631789684295654,3.834092140197754,1.86877435204825,0.814691960811615,0.979727566242218,0.964232325553894,0.315284788608551,0.99566650390625,0.999953031539917,0.00011949694453505799,0.0,0.0,2.4965181637526257e-06,0.874215841293335,0.06830838322639465,-0.6356866359710693,2.2694246768951416,3.930426836013794,1.6815636157989502,1.8187044858932495,5.86406946182251,1.7690247297286987,3.0133423805236816,3.5238044261932373,3.113889217376709,13.120482444763184,4.010472774505615,4.638788223266602,649.321533203125,56.2120475769043,597.8065795898438,529.41162109375,1405.0286865234375,592.712890625,1032.63916015625,671.0374755859375,948.1610107421875,3083.919677734375,956.6251220703125,945.1871948242188
56,1.183311939239502,1.1997143030166626,1.217905879020691,1.2246670722961426,1.0451465845108032,1.1832349631465011,0.820618212223053,0.9999285340309143,0.9996814131736755,1.0,0.9999566078186035,0.9999918937683105,7.866702556610107,0.0019556533079594374,1.8329066733713262e-05,0.01730494201183319,0.9342135787010193,0.428627073764801,-0.4974215030670166,2.110852003097534,3.0705018043518066,3.428865909576416,1.8818310499191284,3.7208502292633057,1.9341833045365513,0.7115198373794556,0.9444003105163574,0.9760061502456665,0.49598464369773865,0.9912843704223633,0.9999580979347229,0.00017880201630759984,0.0,0.0,5.924205652263481e-06,0.9603567123413086,0.08493166416883469,-0.7125786542892456,2.3096354007720947,5.239825248718262,4.739814758300781,1.7626146078109741,5.565970420837402,1.7584120035171509,3.093533992767334,5.098703861236572,3.1435763835906982,13.61662483215332,4.632871150970459,5.138460159301758,584.3900146484375,50.62149429321289,538.0264892578125,476.47100830078125,1264.527099609375,533.4420776367188,929.3759765625,603.9349975585938,853.345703125,2775.531005859375,860.9666137695312,850.6699829101562
57,1.1833151578903198,1.1997145414352417,1.2179104089736938,1.2246713638305664,1.0451481342315674,1.1832382118441607,0.8206082582473755,0.9999284148216248,0.9996813535690308,0.9999998807907104,0.9999566674232483,0.9999918341636658,7.080092906951904,0.0017792187863960862,1.6848603991093114e-05,0.01555707585066557,0.934212863445282,0.42864829301834106,-0.49703091382980347,1.8584668636322021,2.4011592864990234,1.853640079498291,1.8585184812545776,3.4780070781707764,1.278241168702398,0.791179358959198,0.6468102931976318,0.8629688620567322,0.5985450148582458,0.9479352831840515,0.9999225735664368,0.0006994166760705411,0.0,0.0,1.1653656656562816e-05,0.9364141225814819,0.10398036241531372,-0.9430021643638611,2.380565643310547,5.878715515136719,23.211109161376953,9.314522743225098,26.503887176513672,4.957701206207275,3.361802101135254,12.975942611694336,3.41597318649292,26.279829025268555,11.828004837036133,13.281639099121094,525.9518432617188,45.59425354003906,484.2297058105469,428.825439453125,1138.0789794921875,480.0985412597656,836.4392700195312,543.5457153320312,768.0121459960938,2497.9833984375,774.8759155273438,765.6060180664062
58,1.1833205223083496,1.1997148990631104,1.217919111251831,1.2246770858764648,1.0451503992080688,1.1832438793554176,0.8205893635749817,0.9999281764030457,0.9996814727783203,0.9999997019767761,0.9999567270278931,0.9999909400939941,6.372186183929443,0.0016131717711687088,1.5513476682826877e-05,0.013960890471935272,0.9342054128646851,0.42868348956108093,-0.4963800013065338,1.8182228803634644,2.3147778511047363,1.8061795234680176,1.9240986108779907,3.364558219909668,1.2478112067866796,1.052882194519043,0.6271218657493591,0.8697929382324219,0.6000263094902039,0.931766152381897,0.999906599521637,0.0006597999599762261,0.0,0.0,1.3512338227883447e-05,0.9332582950592041,0.1716069132089615,-0.9291483163833618,2.291370391845703,6.959926605224609,16.47972869873047,19.26767921447754,54.2374153137207,4.73046350479126,3.392244338989258,10.8894681930542,3.29254150390625,18.894474029541016,14.043530464172363,17.868282318115234,473.3575439453125,41.08710479736328,435.8177185058594,385.9520568847656,1024.2874755859375,432.08941650390625,752.7963256835938,489.1971740722656,691.2119750976562,2248.191650390625,697.3988647460938,689.0507202148438
59,1.1833239793777466,1.1997148990631104,1.2179207801818848,1.224684476852417,1.0451529026031494,1.1832476173698958,0.8205696940422058,0.9999281167984009,0.9996815323829651,0.9999996423721313,0.9999567270278931,0.9999902248382568,5.7349653244018555,0.0014532244531437755,1.4216115232557058e-05,0.012547324411571026,0.934205949306488,0.4287382960319519,-0.49550652503967285,1.8334619998931885,4.03499174118042,17.330015182495117,1.7442222833633423,3.312108039855957,1.8107917107359497,0.8131141066551208,0.9947559237480164,0.9505350589752197,0.44988951086997986,0.9950646758079529,0.9999702572822571,5.066029916633852e-05,0.0,0.0,1.1143849860673072e-06,0.9404256939888,0.0761098861694336,-0.5955038070678711,2.3754167556762695,6.9152984619140625,1.9873180389404297,1.3831311464309692,5.898196220397949,1.5230251550674438,3.5259835720062256,3.1504461765289307,3.704934597015381,13.99207592010498,4.445582866668701,5.03018045425415,426.0228271484375,37.042686462402344,392.2366638183594,347.35748291015625,921.8609008789062,388.8810729980469,677.5180053710938,440.2796630859375,622.0921630859375,2023.378662109375,627.6669921875,620.1483764648438
60,1.183327555656433,1.1997147798538208,1.2179207801818848,1.2246935367584229,1.0451558828353882,1.1832515391662441,0.8205483555793762,0.9999279379844666,0.9996814727783203,0.9999997615814209,0.9999564290046692,0.99998939037323,5.161468029022217,0.001308484235778451,1.3015276635996997e-05,0.011347967199981213,0.9342063069343567,0.4287983179092407,-0.4945549964904785,1.7524328231811523,2.8810315132141113,3.0388314723968506,1.7182798385620117,3.266557455062866,1.735518345361525,0.8377849459648132,0.9951474666595459,0.8573015332221985,0.7866248488426208,0.995125412940979,0.9999275207519531,2.425108505121898e-05,0.0,0.0,1.4229632938622672e-07,0.9641363024711609,0.06264958530664444,-0.6667971014976501,2.4233548641204834,5.953213691711426,1.9798383712768555,1.3363062143325806,5.83775520324707,1.5211360454559326,3.5958034992218018,2.181321144104004,3.597543716430664,13.722001075744629,4.214827537536621,4.775671482086182,383.4217529296875,33.401405334472656,353.0138244628906,312.62237548828125,829.6773681640625,349.9936218261719,609.7676391601562,396.2528076171875,559.8845825195312,1821.0474853515625,564.9083251953125,558.1362915039062
61,1.1833317279815674,1.1997150182724,1.2179207801818848,1.2247041463851929,1.0451595783233643,1.183255821196679,0.8205249309539795,0.9999278783798218,0.9996814727783203,0.9999997019767761,0.9999565482139587,0.9999892711639404,4.645327091217041,0.0011787585681304336,1.1896706382685807e-05,0.010432328097522259,0.9342064261436462,0.42886531352996826,-0.493498831987381,1.6696802377700806,3.205885171890259,3.1293649673461914,1.6341207027435303,3.15867018699646,1.656588343237143,0.8487730026245117,0.9982590675354004,0.6888908743858337,0.6257760524749756,0.9983293414115906,0.999922513961792,3.985083822044544e-05,0.0,0.0,1.3807257914777438e-07,0.9635869264602661,0.08150363713502884,-0.7143893241882324,2.4211156368255615,4.927866458892822,2.041459083557129,1.2706109285354614,5.915729522705078,1.4968124628067017,3.6293413639068604,2.140446424484253,3.7305238246917725,13.741899490356445,4.131580352783203,4.649121284484863,345.0809326171875,30.12432861328125,317.71337890625,281.3608093261719,746.712646484375,314.99493408203125,548.7926025390625,356.6286926269531,503.8980407714844,1638.950439453125,508.4256896972656,502.3258056640625
62,1.1833367347717285,1.1997151374816895,1.2179208993911743,1.224716305732727,1.0451639890670776,1.1832611251072302,0.8205020427703857,0.9999277591705322,0.9996815323829651,0.9999997615814209,0.9999566078186035,0.9999887347221375,4.180802822113037,0.0010608783923089504,1.0851973456738051e-05,0.009743454866111279,0.9342063665390015,0.42893195152282715,-0.49244314432144165,1.6068451404571533,3.051163673400879,3.0133628845214844,1.5711244344711304,3.0240912437438965,1.5968884611555152,0.8552947044372559,0.9985535740852356,0.7859721779823303,0.45296862721443176,0.9987058639526367,0.9998951554298401,3.099658351857215e-05,0.0,0.0,1.5941817821385484e-07,0.9629675149917603,0.11062990128993988,-0.6858848929405212,2.4886515140533447,4.243959426879883,2.001542568206787,1.4369124174118042,5.955864429473877,1.5189012289047241,3.7910358905792236,2.080815076828003,3.7212908267974854,13.84313678741455,4.108211040496826,4.58967399597168,310.5744323730469,27.16819953918457,285.9430236816406,253.22557067871094,672.0449829101562,283.49615478515625,493.9154052734375,320.9671325683594,453.5104675292969,1475.064453125,457.5910339355469,452.0967102050781
63,1.1833434104919434,1.1997150182724,1.2179207801818848,1.2247322797775269,1.045169472694397,1.1832678533845555,0.82047039270401,0.9999276995658875,0.9996816515922546,0.9999997019767761,0.9999564290046692,0.9999882578849792,3.7627265453338623,0.0009557967423461378,9.935084563039709e-06,0.009001001715660095,0.9342069625854492,0.4290252923965454,-0.4910103976726532,1.630958914756775,3.0560994148254395,3.0288853645324707,1.5949090719223022,3.071500539779663,1.6222539824322975,0.855590283870697,0.9981735348701477,0.8311654329299927,0.7455419301986694,0.9981918931007385,0.9998030662536621,3.4064851206494495e-05,0.0,0.0,2.661057862951566e-07,0.9626970887184143,0.08299917727708817,-0.7038570046424866,2.4149892330169678,4.67758846282959,2.080327033996582,1.25833261013031,5.962259769439697,1.5129660367965698,3.9069395065307617,2.053212881088257,3.8590712547302246,13.979294776916504,4.170497894287109,4.67915153503418,279.5186767578125,24.521873474121094,257.34991455078125,227.90380859375,604.8445434570312,255.14743041992188,444.52630615234375,288.871826171875,408.1620178222656,1327.5687255859375,411.8415222167969,406.8911437988281
64,1.1833512783050537,1.1997153759002686,1.2179208993911743,1.2247518301010132,1.04517662525177,1.183276060659363,0.8204221725463867,0.9999275803565979,0.9996815323829651,0.9999996423721313,0.9999565482139587,0.9999879002571106,3.3864619731903076,0.0008603545720688999,9.07324101717677e-06,0.008277512155473232,0.9342066049575806,0.42916613817214966,-0.48888108134269714,1.5819919109344482,3.164067268371582,2.957625150680542,1.5457773208618164,2.9841768741607666,1.5723142093221614,0.8438536524772644,0.998684823513031,0.8384971618652344,0.6487936973571777,0.9989012479782104,0.9991590976715088,3.171436765114777e-05,0.0,0.0,1.7365143989422904e-08,0.9625459909439087,0.11068721860647202,-0.7410434484481812,2.5268304347991943,5.371685028076172,2.059485912322998,1.2820690870285034,6.075994968414307,1.5129410028457642,3.925546407699585,2.027707576751709,3.912451982498169,14.068880081176758,4.2763590812683105,4.729772090911865,251.56886291503906,22.164770126342773,231.6162872314453,205.11431884765625,544.364990234375,229.63360595703125,400.0764465332031,259.9862060546875,367.348876953125,1194.823974609375,370.66986083984375,366.20672607421875
65,1.1833608150482178,1.1997153759002686,1.2179210186004639,1.224774718284607,1.045184850692749,1.1832877601877962,0.8203773498535156,0.9999265670776367,0.9996814727783203,0.9999997019767761,0.9999566078186035,0.9999831318855286,3.047821283340454,0.0007746546762064099,8.289359357149806e-06,0.007731248624622822,0.9342073798179626,0.4292992055416107,-0.486868292093277,1.554093599319458,3.2335011959075928,3.3506712913513184,1.5179591178894043,2.910409450531006,1.5399293905973959,0.8591060042381287,0.9993078708648682,0.885817289352417,0.6584005951881409,0.9993410706520081,0.9984055161476135,2.167119600926526e-05,0.0,0.0,1.0230476021888535e-07,0.961454451084137,0.12140064686536789,-0.7323518991470337,2.5299835205078125,4.0961594581604,2.0669026374816895,1.2833033800125122,6.226269245147705,1.5603379011154175,3.9430665969848633,2.0627763271331787,4.097423076629639,14.129356384277344,4.199557781219482,4.655914306640625,226.41429138183594,20.029687881469727,208.4562225341797,184.6038360595703,489.9341735839844,206.67124938964844,360.0720520019531,233.9893341064453,330.61767578125,1075.3555908203125,333.6144104003906,329.5913391113281
66,1.1833728551864624,1.1997159719467163,1.2179210186004639,1.2248039245605469,1.04519522190094,1.1832886181522355,0.8203210830688477,0.999917209148407,0.9996294379234314,0.9999997019767761,0.9999565482139587,0.9999827146530151,2.743020534515381,0.0006985343643464148,7.542951152572641e-06,0.0072450484149158,0.9342079758644104,0.42946404218673706,-0.48437055945396423,1.5862704515457153,3.022397041320801,2.990002155303955,1.5451948642730713,2.9431419372558594,1.5802744345045485,0.8544152975082397,0.998511016368866,0.7979864478111267,0.5757653713226318,0.9993824362754822,0.9972156286239624,5.81799540668726e-05,0.0,0.0,8.668376239029385e-08,0.9615257382392883,0.0976114273071289,-0.7043724656105042,2.5716536045074463,4.299370765686035,2.066472053527832,1.2488268613815308,6.330170154571533,1.5455037355422974,4.005541801452637,2.086777687072754,3.923405170440674,14.083449363708496,4.2161173820495605,4.69111442565918,203.77552795410156,18.11849594116211,187.6123809814453,166.1444854736328,440.9474182128906,186.00534057617188,324.068603515625,210.59234619140625,297.5599060058594,967.8359985351562,300.2660827636719,296.6382141113281
67,1.183387279510498,1.1997159719467163,1.2179211378097534,1.2248384952545166,1.0452076196670532,1.1833104724567545,0.8202524185180664,0.9999288320541382,0.9996947646141052,0.9999996423721313,0.9999566078186035,0.9999825358390808,2.4686946868896484,0.0006297150976024568,6.9668089963670354e-06,0.0068767862394452095,0.9342085719108582,0.42966797947883606,-0.48130911588668823,1.5440003871917725,3.0064573287963867,2.9742233753204346,1.507057547569275,2.8325700759887695,1.3841366405392477,0.8521460294723511,0.9967378973960876,0.8364002704620361,0.3847882151603699,0.9970876574516296,0.9965921640396118,4.330312367528677e-05,0.0,0.0,4.420218999712233e-07,0.9607930183410645,0.134897843003273,-0.6938318014144897,2.5535664558410645,4.464237689971924,1.9968061447143555,1.3308991193771362,6.188308238983154,1.584152102470398,4.042111873626709,2.1184756755828857,3.9952306747436523,14.197092056274414,4.2470879554748535,4.6834635734558105,183.40093994140625,16.408048629760742,168.8530731201172,149.53123474121094,396.860107421875,167.4060821533203,291.66607666015625,189.53533935546875,267.8085632324219,871.0706176757812,270.2539978027344,266.98114013671875
68,1.183404803276062,1.1997162103652954,1.217921257019043,1.224880337715149,1.0452229976654053,1.1833282393976472,0.8201695084571838,0.9999287724494934,0.99969482421875,0.9999997019767761,0.9999565482139587,0.9999819993972778,2.2217421531677246,0.000569553580135107,6.393772764567984e-06,0.0064768241718411446,0.9342094659805298,0.42991262674331665,-0.4776179790496826,1.5372517108917236,2.6722874641418457,2.629800319671631,1.4994746446609497,2.81547212600708,1.5247781863178775,0.8493527770042419,0.9992514252662659,0.7350297570228577,0.4972793757915497,0.9995524883270264,0.9959030151367188,4.508230631472543e-05,0.0,0.0,1.7024244414187706e-07,0.960805356502533,0.1189807802438736,-0.7341970205307007,2.5643749237060547,4.157187461853027,2.061685800552368,1.197967767715454,6.2150068283081055,1.5688976049423218,4.079995155334473,2.105398416519165,4.10640287399292,13.99299144744873,4.204990863800049,4.6246442794799805,165.06419372558594,14.87761116027832,151.9699249267578,134.5792999267578,357.1825866699219,150.66697692871094,262.5044250488281,170.58425903320312,241.0331573486328,783.9839477539062,243.24462890625,240.29055786132812
69,1.183427095413208,1.199716329574585,1.217921257019043,1.2249338626861572,1.045242190361023,1.1833622774685406,0.8200706243515015,0.999937891960144,0.9997471570968628,0.9999998211860657,0.9999565482139587,0.9999812841415405,1.9994944334030151,0.0005153241218067706,5.845043688168516e-06,0.0061436803080141544,0.9342111349105835,0.4301983416080475,-0.47336167097091675,1.5577003955841064,3.0615577697753906,3.0761497020721436,1.518273949623108,2.870975971221924,1.5129197141437158,0.8509688973426819,0.9988508224487305,0.8271600604057312,0.4022839665412903,0.9992662668228149,0.9943231344223022,7.322223973460495e-05,0.0,0.0,2.455403773637954e-07,0.96018385887146,0.11835841089487076,-0.7311357259750366,2.601526975631714,4.1125030517578125,2.140213966369629,1.3075578212738037,6.345605373382568,1.5775713920593262,4.1296210289001465,2.1645820140838623,4.057420253753662,14.262638092041016,4.269923686981201,4.718134880065918,148.56161499023438,13.508723258972168,136.7755889892578,121.12278747558594,321.47418212890625,135.6019287109375,236.2596893310547,153.52862548828125,216.93594360351562,705.6090698242188,218.9378204345703,216.2701416015625
70,1.1834542751312256,1.199716567993164,1.2179216146469116,1.2249984741210938,1.045265555381775,1.183389981489361,0.819953203201294,0.9999380707740784,0.9997490644454956,0.9999996423721313,0.9999565482139587,0.9999805092811584,1.7994874715805054,0.0004644684959203005,5.333813078323146e-06,0.005856828298419714,0.9342125058174133,0.4305349290370941,-0.4682764708995819,1.5401984453201294,2.8401100635528564,3.3938159942626953,1.5012110471725464,2.8201096057891846,1.5319540237912352,0.8444844484329224,0.9990984201431274,0.8776411414146423,0.6123206615447998,0.9993129968643188,0.9928946495056152,3.1556406611343846e-05,0.0,0.0,5.767109456655817e-08,0.9593101143836975,0.12038400024175644,-0.7461298108100891,2.555858850479126,3.998152494430542,2.202003002166748,1.2684201002120972,6.52989387512207,1.6008087396621704,4.106755256652832,2.18993878364563,4.278106212615967,14.196337699890137,4.292627811431885,4.712384223937988,133.70970153808594,12.28541374206543,123.1010513305664,109.01203155517578,289.3382873535156,122.04362487792969,212.64015197753906,138.1789093017578,195.2496337890625,635.0745239257812,197.06333923339844,194.65286254882812
71,1.183488130569458,1.1997166872024536,1.2179216146469116,1.2250800132751465,1.0452944040298462,1.1834137181648845,0.8198484778404236,0.9999251365661621,0.99968421459198,0.9999997615814209,0.9999566078186035,0.9999739527702332,1.6195048093795776,0.0004183434066362679,4.891150183539139e-06,0.0054849484004080296,0.9342142343521118,0.43083351850509644,-0.4638040363788605,1.591101884841919,3.0991342067718506,3.6698672771453857,1.549834966659546,2.875394582748413,1.5692011462106266,0.879422128200531,0.9991386532783508,0.9615896940231323,0.37768885493278503,0.9994556307792664,0.9921628832817078,2.80568674497772e-05,0.0,0.0,6.243573693609505e-07,0.9595203995704651,0.11023002117872238,-0.694454550743103,2.545147657394409,3.107067346572876,2.0928378105163574,1.3955663442611694,5.831993103027344,1.6158586740493774,4.122691631317139,2.1533944606781006,4.093681335449219,14.29344654083252,4.125168800354004,4.651092052459717,120.34342193603516,11.16300106048584,110.79424285888672,98.1126708984375,260.4160461425781,109.84141540527344,191.3834228515625,124.36445617675781,175.7325897216797,571.5970458984375,177.3748321533203,175.1982879638672
72,1.1835304498672485,1.1997169256210327,1.2179218530654907,1.225181221961975,1.0453306436538696,1.1834516155989758,0.8196830153465271,0.9999218583106995,0.9996650218963623,0.9999998211860657,0.9999565482139587,0.999974250793457,1.4575031995773315,0.00037717941449955106,4.509474820224568e-06,0.005138108041137457,0.9342173933982849,0.43128734827041626,-0.4569922089576721,1.564082384109497,2.923336982727051,2.7951207160949707,1.5227917432785034,2.867478847503662,1.5201165992925687,0.8377055525779724,0.9988324046134949,0.8447566628456116,0.462198406457901,0.9993038177490234,0.9837023019790649,3.627506521297619e-05,0.0,0.0,2.3548393812689028e-07,0.9591423273086548,0.1185089573264122,-0.749087929725647,2.617645502090454,3.9707069396972656,2.2043676376342773,1.4292874336242676,6.440625190734863,1.627529501914978,4.08656644821167,2.2986512184143066,4.119776248931885,14.22431755065918,4.301947593688965,4.728166580200195,108.3145523071289,10.1936674118042,99.7187271118164,88.30349731445312,234.3888397216797,98.85968780517578,172.2532501220703,111.93209838867188,158.16830444335938,514.4708862304688,159.6603546142578,157.6907196044922
73,1.1835811138153076,1.1997171640396118,1.2179219722747803,1.225300669670105,1.0453746318817139,1.1835007526958063,0.8195109367370605,0.9999213814735413,0.9996639490127563,0.9999995827674866,0.999956488609314,0.9999727606773376,1.311708927154541,0.00034071828122250736,4.099362740817014e-06,0.004868682473897934,0.9342206120491028,0.4317557215690613,-0.44979235529899597,1.5406639575958252,3.2632532119750977,3.5276970863342285,1.499873161315918,2.7996857166290283,1.5144861871794084,0.8525251150131226,0.9986581206321716,0.9245425462722778,0.5605304837226868,0.9993847608566284,0.9688827991485596,3.438230851315893e-05,0.0,0.0,5.5478455607271826e-08,0.9581549763679504,0.13400398194789886,-0.7443410754203796,2.650879383087158,3.456674098968506,2.260232448577881,1.2652961015701294,6.439762592315674,1.652631402015686,4.021522045135498,2.3058197498321533,4.186047077178955,14.233901977539062,4.247276782989502,4.681550025939941,97.48931121826172,9.314302444458008,89.75130462646484,79.4752197265625,210.9662322998047,88.97640228271484,155.0369415283203,100.74348449707031,142.36175537109375,463.0615234375,143.7176513671875,141.9352569580078
74,1.1836446523666382,1.1997172832489014,1.2179224491119385,1.2254515886306763,1.0454301834106445,1.1835677686292234,0.8192827105522156,0.9999243021011353,0.9996802806854248,0.9999997019767761,0.9999565482139587,0.9999730587005615,1.1805047988891602,0.0003068908990826458,3.7441336644405965e-06,0.004690743982791901,0.9342252016067505,0.4323470890522003,-0.4409409761428833,1.551285743713379,3.3511476516723633,3.3625805377960205,1.5091378688812256,2.8147380352020264,1.5114337206240909,0.8391727805137634,0.9987627267837524,0.7872885465621948,0.4348872900009155,0.9996722936630249,0.9639638662338257,2.8783701054635458e-05,0.0,0.0,1.1199771421388505e-07,0.9584707021713257,0.12144052982330322,-0.7436344623565674,2.615161895751953,3.8015170097351074,2.1656007766723633,1.3843523263931274,6.433730602264404,1.647641658782959,4.155122756958008,2.306001663208008,4.309406280517578,14.242273330688477,4.306081295013428,4.724787712097168,87.74726104736328,8.548856735229492,80.78108978271484,71.53020477294922,189.887939453125,80.08179473876953,139.5437469482422,90.67426300048828,128.13751220703125,416.7977600097656,129.373046875,127.75711822509766
75,1.1837254762649536,1.19971764087677,1.2179226875305176,1.2256437540054321,1.0454998016357422,1.183652033756323,0.8189455270767212,0.9999275803565979,0.9996992349624634,0.9999997615814209,0.9999566078186035,0.9999725222587585,1.0624696016311646,0.00027632422279566526,3.470568572083721e-06,0.00454216543585062,0.9342301487922668,0.43317222595214844,-0.42843398451805115,1.5721768140792847,3.039030075073242,4.109071731567383,1.5285872220993042,2.8652613162994385,1.3919591539131275,0.808505117893219,0.996408224105835,0.7023761868476868,0.20707881450653076,0.9976006150245667,0.9531775712966919,4.742879173136316e-05,0.0,0.0,7.316496208886747e-08,0.9556633830070496,0.10933037102222443,-0.7416018843650818,2.6087138652801514,4.7220282554626465,2.2343645095825195,1.5514235496520996,6.592876434326172,1.665579080581665,4.174221515655518,2.394320011138916,4.130372524261475,14.167339324951172,4.424123764038086,4.800438404083252,78.98014068603516,7.9112043380737305,72.70865631103516,64.38029479980469,170.92030334472656,72.07704162597656,125.6012191772461,81.61277770996094,115.3366470336914,375.16522216796875,116.46935272216797,114.99885559082031
76,1.183823585510254,1.1997181177139282,1.2179235219955444,1.2258751392364502,1.0455849170684814,1.183759803361063,0.8186453580856323,0.9999399781227112,0.9997696280479431,0.9999995827674866,0.9999566674232483,0.9999720454216003,0.9561777114868164,0.0002499934926163405,3.170775698890793e-06,0.004427970852702856,0.9342365264892578,0.43387749791145325,-0.417544424533844,1.5638506412506104,3.095850944519043,3.4544737339019775,1.5197129249572754,2.824186086654663,1.4777808432081805,0.8504113554954529,0.9980993866920471,0.7858191132545471,0.4887334406375885,0.9996206164360046,0.9515165090560913,6.433392263716087e-05,0.0,0.0,1.515095249260412e-07,0.9574364423751831,0.13107553124427795,-0.7164744138717651,2.7018909454345703,3.5945680141448975,2.2808353900909424,1.401821255683899,6.398847579956055,1.7025219202041626,4.256887435913086,2.4046072959899902,4.075894355773926,14.59536075592041,4.341323375701904,4.801212787628174,71.09092712402344,7.300343036651611,65.44435119628906,57.945430755615234,153.85105895996094,64.87319946289062,113.05450439453125,73.45814514160156,103.81704711914062,337.7021179199219,104.85371398925781,103.5182113647461
77,1.1839452981948853,1.1997184753417969,1.217923879623413,1.2261624336242676,1.0456924438476562,1.183839591779703,0.8184026479721069,0.9999391436576843,0.9997695684432983,0.9999996423721313,0.9999566674232483,0.9999677538871765,0.8605262637138367,0.00022624398116022348,2.890609039241099e-06,0.004342338070273399,0.934245228767395,0.43442976474761963,-0.40871092677116394,1.5759692192077637,2.925278663635254,3.147179365158081,1.5318924188613892,2.861314296722412,1.4692953470888923,0.8746704459190369,0.9984018802642822,0.813819944858551,0.48335790634155273,0.9996563792228699,0.9489559531211853,1.888129372673575e-05,0.0,0.0,3.083195565523056e-07,0.9571731686592102,0.12088654935359955,-0.6756393313407898,2.731663703918457,2.6331353187561035,2.234335422515869,1.5876240730285645,6.46370792388916,1.694102168083191,4.167378902435303,2.3294835090637207,4.2948222160339355,14.69929027557373,4.2835540771484375,4.805197715759277,63.99182891845703,6.7093963623046875,58.907142639160156,52.154842376708984,138.49180603027344,58.39023208618164,101.76380920410156,66.11956787109375,93.45197296142578,303.99237060546875,94.39729309082031,93.1878890991211
78,1.1840890645980835,1.1997188329696655,1.2179251909255981,1.2264933586120605,1.0458256006240845,1.1839812229343618,0.8180155158042908,0.9999369382858276,0.9997573494911194,0.9999997615814209,0.9999566674232483,0.9999673962593079,0.7744354605674744,0.00020443678658921272,2.6382742817077087e-06,0.004220915026962757,0.9342552423477173,0.43526509404182434,-0.39579883217811584,1.5197114944458008,3.48260235786438,3.380697727203369,1.4743796586990356,2.7670326232910156,1.4080798243521957,0.8466247916221619,0.9973912835121155,0.8795510530471802,0.5498243570327759,0.9995919466018677,0.9193965196609497,2.6005087420344353e-05,0.0,0.0,1.9105689830212214e-07,0.9564693570137024,0.14044032990932465,-0.6736178994178772,2.7411949634552,3.407618999481201,2.2521376609802246,1.5010403394699097,6.717450141906738,1.771485686302185,4.206287384033203,2.156176805496216,4.401008605957031,14.535059928894043,4.368945598602295,4.782022476196289,57.60390090942383,6.2309370040893555,53.02459716796875,46.943603515625,124.6728744506836,52.556114196777344,91.60414123535156,59.515113830566406,84.1259765625,273.6603088378906,84.99375915527344,83.89314270019531
79,1.1842732429504395,1.1997194290161133,1.217925786972046,1.2269260883331299,1.0459874868392944,1.1841568231284143,0.817624568939209,0.9999307990074158,0.999723494052887,0.9999998211860657,0.9999567270278931,0.9999667406082153,0.6969528794288635,0.00018496041593607515,2.4130438305292046e-06,0.004081705119460821,0.9342665672302246,0.436084508895874,-0.38208287954330444,1.569167971611023,2.989884614944458,3.259777545928955,1.5262868404388428,2.789372444152832,1.4470994327528504,0.8826024532318115,0.9974199533462524,0.6806014180183411,0.3377405107021332,0.9996638298034668,0.9110844731330872,5.006685387343168e-05,0.0,0.0,2.415973483493872e-07,0.9568264484405518,0.12319609522819519,-0.6794000864028931,2.6756579875946045,3.046712875366211,2.2639081478118896,1.278851866722107,6.014612674713135,1.7065610885620117,4.11802864074707,2.253324508666992,4.339807033538818,14.737022399902344,4.243448734283447,4.773019313812256,51.85582733154297,5.790709972381592,47.73095703125,42.25322341918945,112.23589324951172,47.305999755859375,82.46206665039062,53.572288513183594,75.73469543457031,246.37069702148438,76.53124237060547,75.53062438964844
80,1.1844967603683472,1.1997205018997192,1.2179282903671265,1.2274401187896729,1.046191692352295,1.1843902746839687,0.8172339797019958,0.99993896484375,0.9997698664665222,0.9999997615814209,0.9999567270278931,0.9999662637710571,0.6272004246711731,0.00016700579726602882,2.2104661638877587e-06,0.0040565128438174725,0.9342823028564453,0.43685194849967957,-0.36937886476516724,1.5410454273223877,3.2010550498962402,3.683090925216675,1.4955732822418213,2.743654727935791,1.4186475265285357,0.8801553845405579,0.9972644448280334,0.8339364528656006,0.6278365254402161,0.9995565414428711,0.9161677360534668,5.872654219274409e-05,0.0,0.0,2.557346476805833e-07,0.9552343487739563,0.12916870415210724,-0.6236675977706909,2.7239022254943848,2.8071975708007812,2.1533684730529785,1.3992325067520142,6.663290023803711,1.7208733558654785,4.333477020263672,2.159275770187378,4.3065714836120605,14.721373558044434,4.298856258392334,4.803991317749023,46.68427276611328,5.382284641265869,42.96764373779297,38.0327262878418,101.04985046386719,42.58152389526367,74.23748779296875,48.22425079345703,68.1849594116211,221.81922912597656,68.91641998291016,68.0076904296875
81,1.1847832202911377,1.199721336364746,1.2179313898086548,1.228105068206787,1.0464478731155396,1.1846436884941527,0.8166847229003906,0.999911367893219,0.9996142387390137,0.9999997615814209,0.9999569654464722,0.9999659061431885,0.5644537806510925,0.00015066057676449418,2.008066076086834e-06,0.003979680594056845,0.9343017935752869,0.43781670928001404,-0.3536762595176697,1.5693897008895874,3.0560495853424072,2.928039073944092,1.5232336521148682,2.791081666946411,1.39517875831556,0.8706654906272888,0.997083306312561,0.7677063941955566,0.5108970403671265,0.9998316764831543,0.9090456366539001,3.9845413994044065e-05,0.0,0.0,5.018506143983359e-08,0.9559213519096375,0.1225239709019661,-0.6680523753166199,2.6839535236358643,3.2234654426574707,2.304675817489624,1.4212945699691772,6.492959976196289,1.7205042839050293,4.348746299743652,2.1933181285858154,4.1127119064331055,14.794445037841797,4.3296074867248535,4.841397285461426,42.03129577636719,5.056297302246094,38.68252182006836,34.23491668701172,90.98589324951172,38.330265045166016,66.8381118774414,43.41229248046875,61.39179992675781,199.7335662841797,62.0696907043457,61.24092483520508
82,1.1851255893707275,1.1997226476669312,1.2179418802261353,1.2288793325424194,1.0467634201049805,1.1849474334673868,0.815980851650238,0.9998791813850403,0.9994328022003174,0.9999996423721313,0.9999570846557617,0.9999648332595825,0.5079655051231384,0.00013603593106381595,1.8489196236259886e-06,0.0038541764952242374,0.9343257546424866,0.43895113468170166,-0.33507004380226135,1.5386356115341187,3.5127623081207275,3.78716778755188,1.4837216138839722,2.722432851791382,1.3636424751435234,0.8492955565452576,0.9965277910232544,0.784002959728241,0.7099162340164185,0.9995695948600769,0.911781370639801,6.322754052234814e-05,0.0,0.0,3.16211554718393e-07,0.9552124738693237,0.1460920125246048,-0.6382007598876953,2.7183001041412354,3.820063591003418,2.23250150680542,1.4090063571929932,6.511321067810059,1.8271147012710571,4.2351460456848145,2.285111904144287,4.253728866577148,14.776689529418945,4.406898498535156,4.847860813140869,37.84556198120117,4.794775009155273,34.826995849609375,30.817453384399414,81.93334197998047,34.50505447387695,60.180908203125,39.08310317993164,55.28185272216797,179.86793518066406,55.9136962890625,55.15473556518555
83,1.1855738162994385,1.1997253894805908,1.217973232269287,1.229884386062622,1.0471670627593994,1.1853112849991403,0.8150697350502014,0.9998117089271545,0.9990496635437012,0.9999998807907104,0.9999572038650513,0.9999645948410034,0.457171767950058,0.00012372851779218763,1.702587042018422e-06,0.003794477554038167,0.9343547821044922,0.4401572346687317,-0.31422147154808044,1.5965778827667236,3.3107783794403076,3.255091428756714,1.5197348594665527,2.794816732406616,1.4152008594712007,0.8109501600265503,0.9938068985939026,0.8611717820167542,0.700631320476532,0.9995912909507751,0.9119887351989746,9.71473564277403e-05,0.0,0.0,3.285523177964933e-07,0.9541295170783997,0.12208434194326401,-0.5394672155380249,2.7297909259796143,4.7910685539245605,2.459150552749634,1.4329869747161865,6.650195121765137,1.723818302154541,4.2473344802856445,2.4930803775787354,4.433223724365234,14.692856788635254,4.565350532531738,4.981414318084717,34.08060836791992,4.595701694488525,31.360021591186523,27.742511749267578,73.79261779785156,31.063199996948242,54.192623138427734,35.1894645690918,49.78779983520508,162.00088500976562,50.38054656982422,49.68232727050781
84,1.1860941648483276,1.19972562789917,1.2179710865020752,1.231055498123169,1.0476667881011963,1.1858559524774916,0.81432044506073,0.9998313784599304,0.9991604089736938,0.9999997019767761,0.9999573230743408,0.9999644756317139,0.41145727038383484,0.00011092302156612277,1.54823760567524e-06,0.0036735464818775654,0.9343922138214111,0.4410652816295624,-0.2967160940170288,1.5307978391647339,2.9009368419647217,4.06687593460083,1.4841054677963257,2.732534170150757,1.33956125134403,0.8429589867591858,0.9968568682670593,0.7198456525802612,0.450033962726593,0.9991833567619324,0.9146688580513,2.9865041142329574e-05,0.0,0.0,1.8575529736608587e-07,0.9534440636634827,0.1483810842037201,-0.6936612129211426,2.6698508262634277,3.1853134632110596,2.4205520153045654,1.4805430173873901,6.849748134613037,1.7752954959869385,4.368910789489746,2.5129055976867676,4.357723712921143,14.709660530090332,4.433050632476807,4.85402250289917,30.69385528564453,4.360930442810059,28.24134635925293,24.976078033447266,66.47412109375,27.966583251953125,48.80766677856445,31.687129974365234,44.846588134765625,145.93466186523438,45.398895263671875,44.76145935058594
85,1.1867588758468628,1.1997261047363281,1.2179725170135498,1.2325509786605835,1.0482935905456543,1.1865325738263577,0.8131894469261169,0.9998408555984497,0.9992141127586365,0.9999996423721313,0.9999573230743408,0.9999638199806213,0.37030988931655884,9.981767652789131e-05,1.4097394114287454e-06,0.003562255995348096,0.9344353079795837,0.4422341287136078,-0.2745044231414795,1.549699068069458,2.259627342224121,1.8991081714630127,1.503598928451538,2.740184783935547,1.3606888402609225,0.838749349117279,0.9967999458312988,0.9957351684570312,0.8152883052825928,0.9992011189460754,0.9131832122802734,3.977377855335362e-05,0.0,0.0,5.660840542986989e-07,0.9517176151275635,0.1247343122959137,-0.7271611094474792,2.7128355503082275,3.8618507385253906,2.2819433212280273,1.435714602470398,6.6813859939575195,1.7198662757873535,4.410425186157227,2.3938071727752686,4.446911811828613,14.794322967529297,4.473906993865967,4.90643310546875,27.648662567138672,4.221654415130615,25.435562133789062,22.486913681030273,59.89304733276367,25.180618286132812,43.96568298339844,28.536287307739258,40.404823303222656,131.491455078125,40.92647171020508,40.33888244628906
86,1.1875829696655273,1.19972825050354,1.2179659605026245,1.2344012260437012,1.0490787029266357,1.187456715146938,0.8122467398643494,0.9999200701713562,0.999697208404541,0.9999995827674866,0.9999395608901978,0.9999626278877258,0.33329159021377563,9.089844388654456e-05,1.2889503295809845e-06,0.003458552761003375,0.9344875812530518,0.443008691072464,-0.25650978088378906,1.578581690788269,2.6034293174743652,2.113642930984497,1.529331088066101,2.787602186203003,1.2018226936059864,0.8348584175109863,0.9919551610946655,0.8923491835594177,0.7563492059707642,0.9949541687965393,0.9100554585456848,7.458934851456434e-05,0.0,0.0,6.962595762161072e-07,0.9534181952476501,0.12543067336082458,-0.5457156896591187,2.7241363525390625,3.5900847911834717,2.9368479251861572,1.4882855415344238,6.380208969116211,1.69823157787323,4.342225551605225,2.2358741760253906,4.451148509979248,14.856792449951172,4.470383644104004,4.919479846954346,24.910737991333008,4.045110702514648,22.914329528808594,20.24793815612793,53.97434616088867,22.67424201965332,39.61178970336914,25.701223373413086,36.412269592285156,118.51062774658203,36.900264739990234,36.364173889160156
87,1.1886273622512817,1.1997292041778564,1.2179384231567383,1.2367597818374634,1.0500645637512207,1.188528283585969,0.8112667202949524,0.9999443292617798,0.9998413324356079,0.9999996423721313,0.9999397397041321,0.9999566674232483,0.29996249079704285,8.19883935037069e-05,1.178487082142965e-06,0.003378345398232341,0.9345483779907227,0.4435662627220154,-0.2517995238304138,1.6348514556884766,2.4678075313568115,2.3151490688323975,1.5719190835952759,2.813403844833374,1.0669460235612516,0.7967681884765625,0.9785935878753662,0.8809993863105774,0.6275147199630737,0.9875683188438416,0.9087536931037903,0.00011409452417865396,0.0,0.0,9.594664334144909e-07,0.9510853886604309,0.11971915513277054,-0.5354452729225159,2.729571580886841,5.663972854614258,2.4854929447174072,1.483579397201538,6.479295253753662,1.716239333152771,4.36586332321167,2.710312604904175,4.361352920532227,14.848706245422363,4.684438705444336,5.109499454498291,22.449716567993164,3.880852460861206,20.647972106933594,18.233993530273438,48.656654357910156,20.419981002807617,35.69853973388672,23.15577507019043,32.82351303100586,106.84711456298828,33.281410217285156,32.794124603271484
88,1.1898773908615112,1.1997309923171997,1.2179454565048218,1.2394715547561646,1.0512868165969849,1.1897334671244426,0.8098682761192322,0.999905526638031,0.9996245503425598,0.9999997615814209,0.9999400973320007,0.9999518990516663,0.2699744701385498,7.429170364048332e-05,1.077781803360267e-06,0.0032917619682848454,0.9346275925636292,0.44424474239349365,-0.2458459883928299,1.5636259317398071,3.3131725788116455,7.0457963943481445,1.504626750946045,2.7384047508239746,1.3175234256482038,0.8157737851142883,0.9954747557640076,0.981201171875,0.7461262941360474,0.9980099201202393,0.9140055775642395,6.0124206356704235e-05,0.0,0.0,1.1142909670525114e-06,0.9518734812736511,0.1373160183429718,-0.6248413920402527,2.7419865131378174,3.6723382472991943,2.960664987564087,1.4231544733047485,6.722108840942383,1.7175806760787964,4.4594645500183105,2.6386053562164307,4.3596625328063965,14.793228149414062,4.548879146575928,4.945588111877441,20.238529205322266,3.790515184402466,18.611154556274414,16.42206573486328,43.883174896240234,18.392709732055664,32.183284759521484,20.867555618286133,29.599679946899414,96.37053680419922,30.03592300415039,29.58879280090332
89,1.191406011581421,1.199733853340149,1.2179604768753052,1.2427061796188354,1.052825689315796,1.1912449744906155,0.8083747625350952,0.9998892545700073,0.9995329976081848,0.9999995827674866,0.9999403953552246,0.9999486804008484,0.24298954010009766,6.713062612107024e-05,9.859709280135576e-07,0.003159493673592806,0.9347211122512817,0.44460052251815796,-0.241912841796875,1.550919771194458,2.966583251953125,11.277130126953125,1.4943904876708984,2.744962692260742,1.3548874352775975,0.8257356286048889,0.9963656663894653,0.9026867151260376,0.44155946373939514,0.9988458752632141,0.9147153496742249,4.921999789075926e-05,0.0,0.0,9.68230665421288e-07,0.9487396478652954,0.13234376907348633,-0.6950422525405884,2.7552199363708496,3.6045727729797363,2.532463550567627,1.4505730867385864,6.973363399505615,1.7351114749908447,4.482740879058838,2.5661425590515137,4.474486827850342,14.785070419311523,4.535974502563477,4.9439167976379395,18.252397537231445,3.709937572479248,16.782089233398438,14.792741775512695,39.601715087890625,16.56991195678711,29.02634620666504,18.810802459716797,26.706314086914062,86.9647216796875,27.1216983795166,26.712627410888672
90,1.1932990550994873,1.1997359991073608,1.218005895614624,1.24663507938385,1.0547395944595337,1.193016749479922,0.8073644042015076,0.9997903108596802,0.9989666938781738,0.9999997019767761,0.9999412298202515,0.9999426007270813,0.21870136260986328,6.12330695730634e-05,8.989049433694163e-07,0.0030589483212679625,0.9348313212394714,0.44429001212120056,-0.2429022192955017,1.57285737991333,3.4999406337738037,5.5618896484375,1.5113556385040283,2.7346420288085938,1.3524454318752945,0.8313686847686768,0.9962284564971924,0.9154722094535828,0.8185657858848572,0.9989413619041443,0.9147356152534485,7.103051757439971e-05,0.0,0.0,8.500092008034699e-07,0.9480310678482056,0.1294340193271637,-0.6357705593109131,2.7301254272460938,3.0607995986938477,2.459561824798584,1.4913471937179565,7.011293888092041,1.8230317831039429,4.424993991851807,2.8155405521392822,4.528768539428711,14.803168296813965,4.514863014221191,4.954737663269043,16.46881103515625,3.563148260116577,15.139017105102539,13.328408241271973,35.76165771484375,14.931395530700684,26.191198348999023,16.96586036682129,24.111228942871094,78.52572631835938,24.498645782470703,24.133041381835938
91,1.1958012580871582,1.1997425556182861,1.2184875011444092,1.2514790296554565,1.057129144668579,1.195682822982007,0.8037601709365845,0.9999222159385681,0.9997267723083496,0.9999997615814209,0.9999420642852783,0.9999421238899231,0.1968259960412979,5.558295742957853e-05,8.295161251226091e-07,0.002964037237688899,0.9349652528762817,0.4445570707321167,-0.2312154769897461,1.7190667390823364,3.007655143737793,3.021493673324585,1.5174058675765991,2.75417160987854,1.5011247524887705,0.7863190770149231,0.9836561679840088,0.8815780878067017,0.8259488344192505,0.9989421367645264,0.9116464853286743,0.0001649639889365062,0.0,0.0,9.631360171624692e-07,0.9491333365440369,0.11969469487667084,-0.4903678596019745,2.7338881492614746,9.852365493774414,2.5796849727630615,1.4103310108184814,6.57999324798584,1.7559977769851685,4.490206718444824,2.7570958137512207,4.446854114532471,14.915602684020996,5.152202129364014,5.665407180786133,14.868268966674805,3.74521541595459,13.666056632995605,12.011180877685547,32.31083679199219,13.458755493164062,23.64845848083496,15.308191299438477,21.782705307006836,70.96135711669922,22.176103591918945,21.8255558013916
92,1.1986249685287476,1.1997456550598145,1.218343734741211,1.2571955919265747,1.0601191520690918,1.1984686835299763,0.8026819825172424,0.9998929500579834,0.999555766582489,0.9999998211860657,0.9999423027038574,0.9999405741691589,0.17714957892894745,5.0432339776307344e-05,7.601494189657387e-07,0.0028471320401877165,0.9351181983947754,0.4433518052101135,-0.23546984791755676,1.591525673866272,2.9720821380615234,1.6469635963439941,1.5418262481689453,2.72481632232666,1.1128201614549784,0.7565097808837891,0.9803460836410522,0.9773460030555725,0.7934584617614746,0.9886652231216431,0.914259672164917,9.816991223488003e-05,0.0,0.0,1.909939783217851e-06,0.946564257144928,0.15297235548496246,-0.45535048842430115,3.0273656845092773,5.613400936126709,2.67421817779541,1.5846412181854248,7.033720016479492,1.9932687282562256,4.566179275512695,2.935260772705078,4.618628978729248,14.906818389892578,4.895349979400635,5.197531223297119,13.434133529663086,3.606943368911743,12.344786643981934,10.82692813873291,29.228836059570312,12.13652229309082,21.368247985839844,13.820712089538574,19.69932746887207,64.1849365234375,20.06513786315918,19.7567081451416
93,1.202156662940979,1.1997592449188232,1.2179752588272095,1.264331579208374,1.0638608932495117,1.2019211551619369,0.7999207973480225,0.9998245239257812,0.9991612434387207,0.9999997615814209,0.9999417662620544,0.9999321699142456,0.1594504565000534,4.5870965550420806e-05,6.991996883698448e-07,0.002795449923723936,0.9352887272834778,0.4422130584716797,-0.23362812399864197,1.6479520797729492,2.5959043502807617,1.3762662410736084,1.6691977977752686,2.7951900959014893,0.7814915888528123,0.7161290645599365,0.9548820853233337,0.999995768070221,0.9926820993423462,0.9462326765060425,0.9102948904037476,0.0002454701461829245,0.0,0.0,4.639236976800021e-06,0.9229840040206909,0.21583253145217896,-0.5342269539833069,3.2976067066192627,12.159982681274414,3.290593147277832,2.2419581413269043,6.831392765045166,2.4790525436401367,4.7620110511779785,3.1820812225341797,4.490386009216309,14.912303924560547,5.764737129211426,6.061744689941406,12.151535987854004,3.649127960205078,11.164018630981445,9.767330169677734,26.462589263916016,10.951354026794434,19.326278686523438,12.486696243286133,17.832046508789062,58.12092590332031,18.191190719604492,17.90902328491211
94,1.2062779664993286,1.199758768081665,1.218160629272461,1.2717350721359253,1.0684319734573364,1.206124665803858,0.7983618974685669,0.9998806118965149,0.9995086789131165,0.9999997615814209,0.9999433159828186,0.9999115467071533,0.1435033082962036,4.146615901845507e-05,6.348425358737586e-07,0.002712436718866229,0.9354932904243469,0.44007450342178345,-0.2389688789844513,1.5612103939056396,3.4079809188842773,6.47310733795166,1.4919672012329102,2.7116246223449707,1.342075730422967,0.7963778376579285,0.9944455623626709,0.9019166231155396,0.7253121733665466,0.99742591381073,0.9123976826667786,5.680285539710894e-05,0.0,0.0,1.0329671340514324e-06,0.9457296133041382,0.1560906320810318,-0.46540653705596924,2.7632932662963867,3.6229944229125977,2.6238911151885986,1.9580960273742676,6.410101890563965,1.8657722473144531,4.475192546844482,2.9983532428741455,4.516854763031006,14.923442840576172,4.6157989501953125,4.968778610229492,11.000362396240234,3.573788642883301,10.106266975402832,8.817037582397461,23.982450485229492,9.885773658752441,17.498214721679688,11.29295825958252,16.163850784301758,52.70133590698242,16.5022029876709,16.25657844543457
95,1.2111314535140991,1.1997592449188232,1.2182902097702026,1.2800716161727905,1.0740149021148682,1.210900701296059,0.7967336177825928,0.9998157024383545,0.9991208910942078,0.9999997615814209,0.9999452233314514,0.9999005794525146,0.12914936244487762,3.744457717402838e-05,5.814744667986815e-07,0.0026495277415961027,0.935725748538971,0.4373328387737274,-0.24691428244113922,1.5438086986541748,3.680691719055176,5.945959091186523,1.4849684238433838,2.726526975631714,1.349539950090824,0.8241085410118103,0.9963968396186829,0.8832001686096191,0.5747693181037903,0.9992513060569763,0.9134474396705627,4.5883749407948926e-05,0.0,0.0,8.570900149607041e-07,0.9451781511306763,0.14743377268314362,-0.6341311931610107,2.7629096508026123,3.486668586730957,2.430394172668457,1.544561505317688,6.632374286651611,1.888791561126709,4.4001359939575195,2.573244094848633,4.366943359375,14.701457977294922,4.478747844696045,4.871047496795654,9.971219062805176,3.5197300910949707,9.155675888061523,7.961735248565674,21.774044036865234,8.930352210998535,15.862286567687988,10.221832275390625,14.670397758483887,47.858097076416016,14.992535591125488,14.78176212310791
96,1.2175068855285645,1.1997640132904053,1.21847665309906,1.2910665273666382,1.0809537172317505,1.2171123364178729,0.7948468923568726,0.9996882081031799,0.9983265995979309,0.9999995827674866,0.9999472498893738,0.9998993277549744,0.1162378340959549,3.403600931051187e-05,5.267202141112648e-07,0.0025973389856517315,0.9360188245773315,0.43319475650787354,-0.2598147988319397,1.6433513164520264,3.096782922744751,4.901060581207275,1.5807139873504639,2.846937417984009,1.428247197373697,0.7890953421592712,0.995209276676178,0.9536417126655579,0.5684128403663635,0.9986258745193481,0.9071586728096008,6.0907485021743923e-05,0.0,0.0,1.9462595446384512e-07,0.9476372003555298,0.11694450676441193,-0.6844930052757263,2.6750049591064453,4.02970552444458,2.423524856567383,1.5877556800842285,6.636229991912842,1.7921875715255737,4.283075332641602,3.631608247756958,4.316793441772461,14.643954277038574,4.601984024047852,5.007887363433838,9.049823760986328,3.493258476257324,8.306352615356445,7.195159912109375,19.805957794189453,8.07298469543457,14.39824104309082,9.27752685546875,13.336929321289062,43.540321350097656,13.647656440734863,13.471978187561035
97,1.2252988815307617,1.1997677087783813,1.2187323570251465,1.3040674924850464,1.0893670320510864,1.2250870573852846,0.793307900428772,0.999871015548706,0.9994391202926636,0.9999996423721313,0.9999493956565857,0.9998941421508789,0.1046169325709343,3.0808845622232184e-05,4.80591836549138e-07,0.0024715312756597996,0.9363553524017334,0.427817702293396,-0.27461010217666626,1.677712321281433,3.4076414108276367,4.740736961364746,1.613613486289978,2.918999671936035,1.2691197931533644,0.7831989526748657,0.9883028864860535,0.9303925633430481,0.25696054100990295,0.9923789501190186,0.9002828001976013,8.408939902437851e-05,0.0,0.0,4.869108920502185e-07,0.9488759636878967,0.12498012185096741,-0.5281077027320862,2.652531147003174,3.8336479663848877,2.4031982421875,1.717192530632019,6.124637126922607,1.8655019998550415,4.21534538269043,4.054083347320557,4.125033855438232,14.567179679870605,4.555835247039795,4.970788955688477,8.227307319641113,3.4474141597747803,7.546664237976074,6.510630130767822,18.036598205566406,7.30687952041626,13.090264320373535,8.44944953918457,12.142563819885254,39.697364807128906,12.445513725280762,12.307576179504395
98,1.2357012033462524,1.199774146080017,1.219557523727417,1.321069598197937,1.0998411178588867,1.2354491420609468,0.7905387282371521,0.9998527765274048,0.9993066787719727,0.9999996423721313,0.9999521374702454,0.9998939037322998,0.09415357559919357,2.7804955607280135e-05,4.4299045498519263e-07,0.002352715702727437,0.9367544651031494,0.42004454135894775,-0.2975928485393524,1.820549488067627,3.5957043170928955,3.3435020446777344,1.741163730621338,3.0027847290039062,1.530986595687052,0.741233766078949,0.986802875995636,0.8777922987937927,0.3625994026660919,0.9981877207756042,0.8948094844818115,0.00011717754387063906,0.0,0.0,3.0347231927407847e-07,0.9489589929580688,0.0929536297917366,-0.6909583806991577,2.680828094482422,6.147645473480225,2.5307435989379883,1.6679726839065552,6.365839004516602,1.9410682916641235,4.048328399658203,4.564188003540039,4.124637126922607,14.68388557434082,4.875513553619385,5.3192243576049805,7.495116710662842,3.497459650039673,6.87306547164917,5.897895336151123,16.472675323486328,6.622079849243164,11.919427871704102,7.730018615722656,11.080595970153809,36.29219055175781,11.388052940368652,11.28454875946045
99,1.2480250597000122,1.1997764110565186,1.2200196981430054,1.3404453992843628,1.1125668287277222,1.2476997642550047,0.7885966897010803,0.9997975826263428,0.9989307522773743,0.9999995827674866,0.999954879283905,0.9998900294303894,0.08473749458789825,2.5293053113273345e-05,4.0392271216660447e-07,0.0022429663222283125,0.9372150301933289,0.4106789529323578,-0.3256414532661438,1.7978096008300781,2.5459935665130615,2.8502540588378906,1.7416836023330688,3.0426535606384277,1.4749259949888704,0.7597260475158691,0.9889369010925293,0.7353436350822449,0.40373075008392334,0.9936050772666931,0.8930980563163757,8.090410119621083e-05,0.0,0.0,2.8452902256503876e-07,0.9487847089767456,0.09396183490753174,-0.7836305499076843,2.7207062244415283,5.404971122741699,2.5957696437835693,1.7644187211990356,6.218166828155518,1.955697774887085,4.01351261138916,3.5939931869506836,3.9826459884643555,14.542521476745605,4.679240703582764,5.135482311248779,6.844531536102295,3.508209228515625,6.276992321014404,5.352499961853027,15.079924583435059,6.011148929595947,10.87621021270752,7.07973575592041,10.13166618347168,33.27295684814453,10.443387985229492,10.37913703918457
100,1.262353777885437,1.1997886896133423,1.221064567565918,1.3607666492462158,1.1280286312103271,1.262147123171519,0.7853304147720337,0.9998870491981506,0.9994958639144897,0.9999996423721313,0.9999576210975647,0.9998869299888611,0.07625384628772736,2.2916943635209464e-05,3.697654733514355e-07,0.0021390216425061226,0.9377092719078064,0.4004960358142853,-0.35295164585113525,1.9397327899932861,3.0991461277008057,3.1192657947540283,1.7398146390914917,2.9611220359802246,1.2504540442459346,0.8018348217010498,0.9193164706230164,0.9406998157501221,0.31577739119529724,0.979210376739502,0.8959444761276245,0.0001788046647561714,0.0,0.0,7.212360060293577e-07,0.9475416541099548,0.09477201104164124,-0.4912593364715576,2.6675026416778564,12.041152954101562,2.48942494392395,1.6971955299377441,6.378263473510742,1.864115595817566,4.136253833770752,3.1587696075439453,4.113269805908203,14.730141639709473,5.327609062194824,6.0696635246276855,6.268176078796387,3.6331088542938232,5.74424409866333,4.866322994232178,13.856512069702148,5.466094493865967,9.95643424987793,6.498015880584717,9.297715187072754,30.619237899780273,9.620585441589355,9.588639259338379
101,1.2777388095855713,1.1997944116592407,1.221176266670227,1.3799564838409424,1.1469234228134155,1.27754877340334,0.7820346355438232,0.9998943209648132,0.9995432496070862,0.9999995827674866,0.9999610185623169,0.9998657703399658,0.06862957030534744,2.07595821848372e-05,3.3745831728992925e-07,0.0020666508935391903,0.9382798671722412,0.38956019282341003,-0.38817667961120605,1.7030003070831299,2.7877237796783447,3.1700668334960938,1.6376893520355225,2.8116536140441895,1.4247204404837082,0.7645431160926819,0.9830109477043152,0.8673403263092041,0.2425454556941986,0.9915696978569031,0.9060207605361938,0.00010355940321460366,0.0,0.0,4.096506529549515e-07,0.9472322463989258,0.11851669102907181,-0.7454928159713745,2.7292349338531494,7.0545973777771,2.463458299636841,1.5640547275543213,6.675037384033203,1.8498928546905518,4.28972053527832,3.257827043533325,4.338435173034668,14.814497947692871,4.903675079345703,5.322824478149414,5.762780666351318,3.7653961181640625,5.274054050445557,4.4302659034729,12.794623374938965,4.981332778930664,9.150396347045898,5.98944616317749,8.572918891906738,28.292999267578125,8.901421546936035,8.898838996887207
102,1.2953331470489502,1.1997958421707153,1.2231476306915283,1.39884614944458,1.170041799545288,1.2951735853854947,0.7776898741722107,0.999918520450592,0.9996876120567322,0.9999995231628418,0.9999644756317139,0.9998659491539001,0.061754386872053146,1.885347046481911e-05,3.0793455607636133e-07,0.001961528556421399,0.9388415217399597,0.3773059844970703,-0.41094377636909485,1.6568318605422974,2.7329633235931396,2.7401559352874756,1.589489221572876,2.789947986602783,1.4226888464777043,0.7743188142776489,0.9862843751907349,0.9457191824913025,0.6442738771438599,0.9928774237632751,0.9079810976982117,0.00014368574193213135,0.0,0.0,2.9660833433808875e-07,0.9410017728805542,0.11601758003234863,-0.7091718316078186,2.7066993713378906,6.780200958251953,2.692876100540161,1.5667756795883179,6.998013496398926,1.8268003463745117,4.295572757720947,2.7910656929016113,4.4287285804748535,14.94728946685791,4.903402328491211,5.309410572052002,5.317168235778809,3.9841737747192383,4.869760990142822,4.042896747589111,11.88378620147705,4.549990653991699,8.441561698913574,5.525153636932373,7.943346977233887,26.263717651367188,8.282155990600586,8.304994583129883
103,1.3160041570663452,1.1998050212860107,1.2293293476104736,1.41837477684021,1.1978873014450073,1.31578339106571,0.770358681678772,0.9998746514320374,0.9993429183959961,0.9999996423721313,0.9999679923057556,0.9998482465744019,0.05557988956570625,1.708644413156435e-05,2.8324012646407937e-07,0.0018802067497745156,0.9394368529319763,0.36287233233451843,-0.4346016049385071,1.7571042776107788,3.860539197921753,3.4321393966674805,1.6180894374847412,2.7792084217071533,1.0583443589622017,0.7368488907814026,0.9793066382408142,0.9883723855018616,0.5524373054504395,0.9969657063484192,0.9115845561027527,0.0001319384464295581,0.0,0.0,1.5725960338386358e-06,0.9272751212120056,0.1247006356716156,-0.5362861752510071,2.768961191177368,9.235319137573242,2.7637624740600586,1.4812215566635132,6.7752556800842285,1.828312873840332,4.508333683013916,3.88716983795166,4.37308406829834,14.67731761932373,5.2298736572265625,5.645985126495361,4.929297924041748,4.3260650634765625,4.522984027862549,3.6956119537353516,11.07456111907959,4.167895793914795,7.832253932952881,5.166098117828369,7.392053127288818,24.48504638671875,7.759186744689941,7.798539161682129
104,1.3379426002502441,1.199810266494751,1.2325985431671143,1.4384453296661377,1.23089599609375,1.3376823488572704,0.7704924941062927,0.999853253364563,0.9991405606269836,0.9999995827674866,0.9999709129333496,0.9998273253440857,0.05002341419458389,1.5378958778455853e-05,2.62691145280769e-07,0.0017492177430540323,0.9399611353874207,0.3466659486293793,-0.465414434671402,1.702931523323059,5.14937686920166,11.42520809173584,1.627162218093872,2.9501962661743164,1.4379071720068952,0.7757511734962463,0.9931468367576599,0.858870267868042,0.3123234808444977,0.9966027140617371,0.8968426585197449,3.582097633625381e-05,0.0,0.0,1.3447512401398853e-06,0.9428855776786804,0.10547010600566864,-0.6210857033729553,2.699038505554199,4.591445446014404,2.669999599456787,1.605752944946289,6.209360122680664,1.9873666763305664,4.375118255615234,3.4998297691345215,4.295468807220459,14.825361251831055,4.67587423324585,5.103073596954346,4.588657379150391,4.29365348815918,4.220071792602539,3.3946118354797363,10.344874382019043,3.835519790649414,7.288835525512695,4.850308418273926,6.908041477203369,22.953439712524414,7.267800807952881,7.349012851715088
105,1.364373803138733,1.1998019218444824,1.2399746179580688,1.4624383449554443,1.2691080570220947,1.3641168085885431,0.7711230516433716,0.9998663663864136,0.9992083311080933,0.9999995231628418,0.9999736547470093,0.9998043179512024,0.04502340406179428,1.389852423017146e-05,2.399804372998915e-07,0.0016454373253509402,0.9406175017356873,0.3268396258354187,-0.4951021671295166,1.8018590211868286,3.4469356536865234,3.595125913619995,1.6927663087844849,3.0333492755889893,1.5301036476746064,0.722886860370636,0.9903815388679504,0.8991713523864746,0.7860081195831299,0.9976499676704407,0.8892316222190857,6.133761053206399e-05,0.0,0.0,2.4183793811971555e-06,0.9438064694404602,0.0797422006726265,-0.5729041695594788,2.7086799144744873,3.7185378074645996,2.4368252754211426,1.7286720275878906,6.233445644378662,3.9248833656311035,4.669599533081055,4.216196537017822,4.0426435470581055,14.700130462646484,4.837961673736572,5.219700813293457,4.292364120483398,4.202235221862793,3.94280743598938,3.1322805881500244,9.712158203125,3.5777828693389893,6.815673828125,4.621798515319824,6.46913480758667,21.624771118164062,6.8391008377075195,6.965693950653076
106,1.3933942317962646,1.1997990608215332,1.2618517875671387,1.4843318462371826,1.3114320039749146,1.393218373426012,0.771298885345459,0.9999166131019592,0.9996280074119568,0.9999995231628418,0.9999769926071167,0.9997762441635132,0.040529560297727585,1.2643557965930086e-05,2.1965679763980006e-07,0.0015370281180366874,0.9411197304725647,0.30478358268737793,-0.46320515871047974,1.9917844533920288,4.218385219573975,4.830227375030518,1.6752536296844482,3.062117099761963,1.639533290284644,0.6162840723991394,0.9897093176841736,0.9992427229881287,0.9072607159614563,0.9970399141311646,0.889715850353241,0.00010634217323968187,0.0,0.0,3.33438197230862e-06,0.9250978827476501,0.08056402206420898,-0.7618395686149597,2.7354137897491455,4.375182151794434,2.6478664875030518,2.2941462993621826,6.619601249694824,7.611619472503662,4.637853145599365,5.946310997009277,4.017908096313477,14.452632904052734,5.533853530883789,5.80928897857666,4.033884048461914,4.105477809906006,3.7068285942077637,2.9164416790008545,9.185137748718262,3.38167405128479,6.399840831756592,4.4137115478515625,6.085638046264648,20.467121124267578,6.46957540512085,6.637871742248535
107,1.4280383586883545,1.1998013257980347,1.2755835056304932,1.5169951915740967,1.3600099086761475,1.4277507069471376,0.7766976952552795,0.9998654723167419,0.999110758304596,0.9999995827674866,0.9999791383743286,0.9997402429580688,0.036474987864494324,1.141221491707256e-05,2.0012748791486956e-07,0.001462358864955604,0.9420921802520752,0.2815112769603729,-0.46777671575546265,1.7401865720748901,2.388761043548584,1.4843415021896362,1.7735137939453125,3.2760493755340576,1.453430874457909,0.6432366371154785,0.9868075847625732,0.9981361031532288,0.9963532090187073,0.9861310124397278,0.8742697834968567,0.00022290255583357066,0.0,0.0,5.062281161372084e-06,0.9300192594528198,0.13589707016944885,-0.6609349846839905,4.152719020843506,4.672543048858643,2.681145429611206,2.237126588821411,6.091573715209961,3.7247469425201416,8.172172546386719,4.2876505851745605,3.8030929565429688,14.862651824951172,5.468542575836182,5.637623310089111,3.789421796798706,3.834306240081787,3.5000839233398438,2.7396347522735596,8.698042869567871,3.2404274940490723,5.95454216003418,4.230836391448975,5.7349066734313965,19.471939086914062,6.119414806365967,6.346953392028809
108,1.4640244245529175,1.1998002529144287,1.308416724205017,1.543533444404602,1.4178727865219116,1.4637625672779107,0.7775951027870178,0.9998874068260193,0.9992932677268982,0.9999995827674866,0.9999811053276062,0.9997038841247559,0.03284421190619469,1.0362674402131233e-05,1.844739898615444e-07,0.001398871885612607,0.9428658485412598,0.25835707783699036,-0.4297899305820465,1.885964035987854,3.1043875217437744,7.052438735961914,1.7300256490707397,3.2408909797668457,1.4741860571311245,0.7050426602363586,0.9917274713516235,0.8993504643440247,0.8053545355796814,0.9965704083442688,0.8742910623550415,0.00010255249071633443,0.0,0.0,4.055631961819017e-06,0.9456683397293091,0.11570287495851517,-0.7615440487861633,2.9096927642822266,4.8281426429748535,2.9546751976013184,2.155082941055298,5.878552436828613,2.9803764820098877,3.781247854232788,3.948329448699951,3.661233425140381,14.296370506286621,4.739370346069336,5.123237133026123,3.5980350971221924,3.782149314880371,3.3315773010253906,2.582651138305664,8.26137924194336,3.1021170616149902,5.613178730010986,4.0728068351745605,5.417119026184082,18.613649368286133,5.837466716766357,6.106127738952637
109,1.5018030405044556,1.199815034866333,1.3651292324066162,1.5667049884796143,1.4839266538619995,1.5014617174650546,0.7764196991920471,0.9998505711555481,0.9987465143203735,0.9999995827674866,0.999983012676239,0.9996991753578186,0.02954789064824581,9.328216947324108e-06,1.678678955840951e-07,0.0012992959236726165,0.9432882070541382,0.23641762137413025,-0.37848782539367676,1.9808696508407593,4.027817726135254,12.626272201538086,1.7192673683166504,3.2449443340301514,1.5729592182203302,0.6961679458618164,0.989957332611084,0.998253345489502,0.5951357483863831,0.9951067566871643,0.8806098699569702,7.946113328216597e-05,0.0,0.0,3.7796751257701544e-06,0.9202167987823486,0.09060849994421005,-0.6328647136688232,2.7850358486175537,6.665731906890869,2.6829233169555664,2.0843608379364014,6.492501735687256,2.199525833129883,5.234077453613281,3.7939553260803223,3.86450457572937,14.354607582092285,5.015722751617432,5.455684185028076,3.4382126331329346,3.8564019203186035,3.1889607906341553,2.4570088386535645,7.922375202178955,2.925093173980713,5.3463521003723145,3.9401981830596924,5.1661152839660645,17.88588523864746,5.6126604080200195,5.914555549621582
110,1.5197011232376099,1.199825644493103,1.3262965679168701,1.5852783918380737,1.5283182859420776,1.5193802430048784,0.8086327314376831,0.9998924136161804,0.9992138147354126,0.9999996423721313,0.9999852776527405,0.9996234774589539,0.02658010832965374,8.407967470702715e-06,1.5490252280869754e-07,0.0011932997731491923,0.9432002305984497,0.2271319478750229,-0.46113473176956177,2.6862030029296875,2.682110071182251,2.6867549419403076,2.6764347553253174,3.025808811187744,2.2580374633637335,2.25059175491333,0.9791312217712402,0.9993360042572021,0.9999387860298157,0.6501491665840149,0.8935942053794861,0.003384159877896309,0.0,0.0,3.628424747148529e-05,0.9696123003959656,0.08589339256286621,-0.94733065366745,17.911434173583984,358.6083984375,18.195466995239258,3.8995063304901123,8.213518142700195,6.005019664764404,13.087879180908203,15.888635635375977,4.972972869873047,16.337705612182617,46.31205368041992,106.8887939453125,3.159370183944702,3.092841863632202,3.0341532230377197,2.325817823410034,7.618274211883545,2.6118125915527344,5.031938076019287,3.7601163387298584,4.988325595855713,17.333118438720703,5.295577049255371,5.6891021728515625
111,1.5357038974761963,1.1999189853668213,1.2332626581192017,1.6249761581420898,1.5642673969268799,1.5353973362710525,0.8298800587654114,0.9999070763587952,0.9994738698005676,0.9999997615814209,0.99997878074646,0.9995290637016296,0.02390160970389843,7.609927251905901e-06,1.4530107250720903e-07,0.001076933927834034,0.9410155415534973,0.23652179539203644,-0.592296302318573,2.3642642498016357,2.369413375854492,2.348008871078491,2.535831928253174,2.6404788494110107,1.9981314486416608,2.308884620666504,0.9590420126914978,0.9999740123748779,0.9999777674674988,0.5096389055252075,0.9279553294181824,0.01325272023677826,0.0,0.0,7.629299943801016e-05,0.9845143556594849,0.49952462315559387,-0.8972505927085876,36.93864059448242,1435.141357421875,161.9860076904297,3.646925210952759,25.832639694213867,7.230733871459961,105.45819091796875,7.828530311584473,18.7795352935791,18.3619384765625,182.12045288085938,422.0411682128906,2.9174270629882812,2.7199599742889404,2.9616470336914062,2.222620964050293,7.109017848968506,2.52652645111084,4.700987815856934,3.6759657859802246,4.656757831573486,16.861339569091797,5.035224914550781,5.483242034912109
112,1.5435683727264404,1.1999776363372803,1.2080687284469604,1.6341526508331299,1.6229820251464844,1.5431266533451806,0.836353063583374,0.9998995065689087,0.9992809891700745,0.9999997615814209,0.9999818801879883,0.9994194507598877,0.021491490304470062,6.857012976979604e-06,1.369757995917098e-07,0.001004109508357942,0.9416904449462891,0.2447630763053894,-0.7040820717811584,2.520073175430298,2.549363136291504,2.5109097957611084,2.66666841506958,2.6616153717041016,1.8362499201499147,2.2558865547180176,0.9747171998023987,0.9999716877937317,0.999962329864502,0.5577685832977295,0.9209434986114502,0.005175984930247068,0.0,0.0,4.8327761760447174e-05,0.969889223575592,0.0964663028717041,-0.9514929056167603,5.109115123748779,577.6243896484375,49.0694580078125,4.038003921508789,7.5855631828308105,3.9385592937469482,61.87296676635742,16.215232849121094,6.0984697341918945,16.32158660888672,74.78733825683594,171.5334014892578,2.6965508460998535,2.748164176940918,3.027254343032837,2.204862117767334,6.984342098236084,2.3347127437591553,4.45474100112915,3.5880415439605713,4.560774326324463,16.55220603942871,4.915164947509766,5.37770938873291
113,1.562404751777649,1.2000560760498047,1.23464834690094,1.6251683235168457,1.7221269607543945,1.5620635079433223,0.8430604934692383,0.9999352693557739,0.9998176097869873,0.9999993443489075,0.9999857544898987,0.9993892312049866,0.01935821957886219,6.227413450687891e-06,1.2541191551918018e-07,0.0009373354841955006,0.9425007104873657,0.22214722633361816,-0.6455782651901245,1.6075687408447266,3.264402151107788,3.147519111633301,1.4987331628799438,2.8081328868865967,1.261419638905947,0.7896330952644348,0.983242392539978,0.8706828355789185,0.4619179368019104,0.9975393414497375,0.9083982110023499,0.00016185657295864075,0.0,0.0,4.322872086959251e-07,0.9415178894996643,0.1186850443482399,-0.4836951196193695,2.6957736015319824,7.537661075592041,2.487281560897827,1.5868825912475586,7.027284622192383,1.8326563835144043,4.389492988586426,2.251061201095581,4.378328800201416,14.910036087036133,4.909646034240723,5.3118743896484375,2.6371521949768066,2.80151104927063,2.891815185546875,2.0971977710723877,6.880417823791504,2.232590675354004,4.317572116851807,3.377124309539795,4.46691370010376,16.214096069335938,4.79163932800293,5.2786383628845215
114,1.573617935180664,1.2000881433486938,1.2420095205307007,1.6151937246322632,1.8270223140716553,1.5733150609900795,0.8460119366645813,0.9999427795410156,0.9998741745948792,0.999999463558197,0.9999873638153076,0.9993743896484375,0.017424367368221283,5.6565090744697955e-06,1.1570038083164036e-07,0.0008720868499949574,0.9428524971008301,0.2062322050333023,-0.6183589100837708,1.6238441467285156,3.5459134578704834,3.03861927986145,1.4900089502334595,2.7989084720611572,1.3477345797790654,0.7826740145683289,0.9769433736801147,0.9512338042259216,0.5032124519348145,0.9968283176422119,0.9068107008934021,0.00010332261445000768,0.0,0.0,7.980970622156747e-07,0.940166175365448,0.12774381041526794,-0.47372934222221375,2.7730343341827393,8.318852424621582,2.6753299236297607,1.6632107496261597,6.686668395996094,1.8733967542648315,4.586139678955078,2.2201030254364014,4.5085272789001465,15.126502990722656,5.043176174163818,5.453120231628418,2.5995967388153076,2.964207172393799,2.7721760272979736,2.0155718326568604,6.775514125823975,2.1486496925354004,4.239020824432373,3.1830756664276123,4.404399871826172,15.958245277404785,4.706045627593994,5.202639102935791
115,1.5838054418563843,1.2002121210098267,1.2685285806655884,1.6046115159988403,1.9326950311660767,1.583523628979979,0.8468064665794373,0.9999388456344604,0.9995535016059875,0.9999991059303284,0.9999893307685852,0.9993994235992432,0.01565195433795452,5.103232979308814e-06,1.058910825690873e-07,0.0008261771872639656,0.9428318738937378,0.1914420872926712,-0.5646442174911499,1.5372748374938965,3.5262460708618164,3.5637357234954834,1.4613611698150635,2.7008299827575684,1.3390982152590294,0.8049671649932861,0.9917320013046265,0.81483393907547,0.5797460079193115,0.997216522693634,0.9126635193824768,0.00015631792484782636,0.0,0.0,2.4791668806756206e-07,0.9430283308029175,0.14743386209011078,-0.4334183931350708,2.966109275817871,7.8201680183410645,2.805940628051758,1.6570550203323364,7.402529239654541,1.952942132949829,4.781697750091553,2.089625835418701,4.896047115325928,16.373823165893555,5.274593830108643,5.67594575881958,2.5651752948760986,3.2394208908081055,2.697413921356201,1.9445992708206177,6.693621635437012,2.0805857181549072,4.15978479385376,3.003994941711426,4.349865436553955,15.77900218963623,4.651346683502197,5.153697490692139
116,1.5932847261428833,1.2004077434539795,1.3434202671051025,1.5924699306488037,2.0369184017181396,1.5930272971021011,0.8483341336250305,0.9999460577964783,0.999579668045044,0.9999983310699463,0.9999885559082031,0.9994320869445801,0.014107349328696728,4.620038453140296e-06,9.61196988669144e-08,0.000771710358094424,0.9427010416984558,0.17700253427028656,-0.5021023750305176,1.5298142433166504,2.1912038326263428,2.140348434448242,1.4408349990844727,2.6181814670562744,1.283867981838935,0.7795339226722717,0.9692021012306213,0.9910526275634766,0.49887529015541077,0.9951609373092651,0.9183275103569031,0.00037691055331379175,0.0,0.0,4.3851363784597197e-07,0.9396503567695618,0.17050571739673615,-0.38731902837753296,3.1008524894714355,9.995948791503906,3.7443044185638428,1.6286534070968628,7.221303462982178,1.9948203563690186,4.984010696411133,2.076629400253296,5.022458076477051,16.504037857055664,5.627302169799805,5.97231912612915,2.5423994064331055,3.5946762561798096,2.5539259910583496,1.8751941919326782,6.6397013664245605,2.03047251701355,4.094388961791992,2.8484201431274414,4.310443878173828,15.655304908752441,4.614492893218994,5.125390529632568
117,1.594603419303894,1.2006115913391113,1.4273381233215332,1.5768345594406128,2.1338436603546143,1.5944078179958063,0.8458057045936584,0.9999627470970154,0.9999493360519409,0.9999980926513672,0.9999908804893494,0.999461829662323,0.01269813347607851,4.201572210149607e-06,8.791715799816302e-08,0.0007249602931551635,0.9422849416732788,0.1696595698595047,-0.45391789078712463,1.512752890586853,2.735602617263794,2.7516112327575684,1.40975821018219,2.5181868076324463,1.1028275855639338,0.789345383644104,0.9812865853309631,0.8705031275749207,0.6425345540046692,0.9933878779411316,0.9243822693824768,0.00031697878148406744,0.0,0.0,6.49112450901157e-07,0.9386202692985535,0.1896986961364746,-0.460624635219574,3.185171365737915,11.20809555053711,2.979599952697754,1.7274786233901978,7.298661231994629,2.164436101913452,5.125730991363525,1.9744154214859009,5.197762489318848,16.4315128326416,5.729286193847656,6.088956832885742,2.5306856632232666,3.9689438343048096,2.5375092029571533,1.8212531805038452,6.606719017028809,1.9996602535247803,4.063900470733643,2.706552267074585,4.2777814865112305,15.580554962158203,4.60935640335083,5.114500045776367
118,1.5917376279830933,1.2008720636367798,1.510405421257019,1.5613605976104736,2.2243642807006836,1.5915809250498236,0.8398475050926208,0.9999669790267944,0.999967098236084,0.9999976754188538,0.9999921321868896,0.9994792342185974,0.011424064636230469,3.805819460467319e-06,8.014973218450905e-08,0.0006767672603018582,0.941634476184845,0.16529428958892822,-0.4285374879837036,1.5109398365020752,3.045189619064331,2.892343282699585,1.4288890361785889,2.4819936752319336,1.2014481318437125,0.7852835655212402,0.9852394461631775,0.8906094431877136,0.6698222160339355,0.9924070835113525,0.9266054034233093,0.0002518881228752434,0.0,0.0,7.48407956052688e-07,0.9353667497634888,0.1911720484495163,-0.4220062792301178,3.271225690841675,12.102143287658691,3.0201966762542725,1.962204933166504,7.736820697784424,2.215766668319702,5.195971965789795,1.990683674812317,5.043776035308838,16.49639892578125,5.9035186767578125,6.2594685554504395,2.5349767208099365,4.426414966583252,2.5334270000457764,1.8003102540969849,6.591586112976074,1.986367106437683,4.053085803985596,2.5873968601226807,4.279635429382324,15.546218872070312,4.633942127227783,5.124100208282471
119,1.5866650342941284,1.2012134790420532,1.5931092500686646,1.5471421480178833,2.3009705543518066,1.5865376246389726,0.835766613483429,0.9999706745147705,0.9999677538871765,0.9999967813491821,0.999993622303009,0.9995034337043762,0.010280816815793514,3.4367371881671716e-06,7.299578896891035e-08,0.0006360228871926665,0.9408724308013916,0.16259720921516418,-0.408672958612442,1.6665141582489014,2.926849603652954,2.9556260108947754,1.5846186876296997,2.406745195388794,1.3663968819592334,0.8578230738639832,0.9335789084434509,0.9710893630981445,0.5824437737464905,0.942922055721283,0.929482102394104,0.0003644104581326246,0.0,0.0,2.6606442133925157e-06,0.9328171610832214,0.18760399520397186,-0.4404532015323639,3.6113829612731934,18.305828094482422,3.301260232925415,1.965747594833374,7.551450252532959,2.3193166255950928,5.3135986328125,2.095364570617676,5.065709590911865,16.595775604248047,6.61254358291626,7.470436096191406,2.5301132202148438,4.759154319763184,2.5343191623687744,1.7909811735153198,6.592546463012695,1.9881525039672852,4.066031455993652,2.488569974899292,4.304965972900391,15.534307479858398,4.658914089202881,5.136722087860107
120,1.5833154916763306,1.201686143875122,1.830839991569519,1.5328043699264526,2.359222888946533,1.5831935886196769,0.8328242897987366,0.9999717473983765,0.9998729228973389,0.9999937415122986,0.9999938011169434,0.9995214343070984,0.009267312474548817,3.141302386211464e-06,6.642201100248712e-08,0.0005917614325881004,0.9398813843727112,0.1607246696949005,-0.3884204924106598,1.7533389329910278,2.2617578506469727,2.2121825218200684,1.6533088684082031,2.336609363555908,1.4346919133796805,0.8787464499473572,0.8864562511444092,0.8961709141731262,0.6134914755821228,0.9222831130027771,0.925396203994751,0.0006006389739923179,0.0,0.0,1.6837739167385735e-06,0.9307615160942078,0.22021031379699707,-0.3835580348968506,3.463991641998291,22.78187370300293,6.115840911865234,2.061502456665039,7.700443744659424,2.3915178775787354,5.294710159301758,2.5155575275421143,5.2744364738464355,16.640310287475586,7.424018859863281,8.58498764038086,2.55176043510437,5.068251609802246,2.451446771621704,1.7871711254119873,6.599152088165283,2.0015885829925537,4.088451385498047,2.4331493377685547,4.3328094482421875,15.53561782836914,4.684939861297607,5.154842853546143
121,1.5818877220153809,1.2024681568145752,2.069931745529175,1.5236103534698486,2.4156112670898438,1.581792887566472,0.8241461515426636,0.999976634979248,0.9999507069587708,0.9999912977218628,0.9999945759773254,0.9995747208595276,0.008305635303258896,2.8488489078881685e-06,6.027079280102043e-08,0.0005447463481687009,0.9391248226165771,0.15917526185512543,-0.3858177661895752,1.6301028728485107,2.878690719604492,2.935685157775879,1.5225930213928223,2.4761476516723633,1.1506076969795611,0.813758373260498,0.9416736960411072,0.9291274547576904,0.6760720014572144,0.9513822793960571,0.9238094687461853,0.0003218388883396983,0.0,0.0,6.991000987000007e-07,0.9322315454483032,0.18312221765518188,-0.402048259973526,3.350383996963501,15.845956802368164,3.3306639194488525,2.0202579498291016,7.865551948547363,2.3101420402526855,5.241737365722656,2.196902275085449,5.051648139953613,16.49844741821289,6.371169567108154,7.001638889312744,2.5830445289611816,5.5353007316589355,2.50957989692688,1.7904633283615112,6.631173133850098,2.0113465785980225,4.123339653015137,2.3722710609436035,4.370758533477783,15.559356689453125,4.748663425445557,5.201390743255615
122,1.580728530883789,1.2035181522369385,2.34802508354187,1.5160373449325562,2.4572999477386475,1.5805531014276295,0.8148396611213684,0.9999750256538391,0.9995837211608887,0.9999849200248718,0.9999954700469971,0.9995853304862976,0.007467812392860651,2.578066869318718e-06,5.482163700776255e-08,0.0005024753045290709,0.9384169578552246,0.15872327983379364,-0.393937885761261,1.683802843093872,2.7740793228149414,2.8399555683135986,1.5829527378082275,2.4139184951782227,1.3947117445593598,0.82683926820755,0.946839451789856,0.8591887950897217,0.6912533640861511,0.9580129981040955,0.9210540652275085,0.0003858320415019989,0.0,0.0,1.1782545925598242e-06,0.9304396510124207,0.18389756977558136,-0.38020050525665283,3.448483943939209,18.089862823486328,3.671407461166382,2.2441303730010986,7.889203071594238,2.362718343734741,5.3468828201293945,2.5002129077911377,5.296055793762207,16.79145622253418,6.764041423797607,7.5462565422058105,2.62233829498291,6.0466461181640625,2.55916166305542,1.8177067041397095,6.67105770111084,2.030332565307617,4.165480613708496,2.3319356441497803,4.40882682800293,15.595576286315918,4.824906826019287,5.259743690490723
123,1.5739890336990356,1.204017162322998,2.4017255306243896,1.5088828802108765,2.4816086292266846,1.5738208719655777,0.8064118027687073,0.9999783635139465,0.9997509121894836,0.9999840259552002,0.9999964237213135,0.9995999932289124,0.0067114694975316525,2.328919890715042e-06,5.04897457176412e-08,0.00046774951624684036,0.937317967414856,0.1621924638748169,-0.38823550939559937,1.8147742748260498,2.6472766399383545,2.1294994354248047,1.7860993146896362,2.3112974166870117,1.5090925916859255,0.952271580696106,0.9082618355751038,0.9460660219192505,0.8019559383392334,0.9103589057922363,0.9169517755508423,0.00026711542159318924,0.0,0.0,3.192752046743408e-06,0.9119754433631897,0.20403669774532318,-0.4070866107940674,3.530742883682251,25.22869873046875,3.813636541366577,2.0481889247894287,8.301553726196289,2.463132381439209,5.497045040130615,2.6243882179260254,5.353019714355469,16.980764389038086,7.584117412567139,9.172371864318848,2.6673874855041504,6.4690327644348145,2.639800786972046,1.8218082189559937,6.691009044647217,2.05912709236145,4.21437406539917,2.30727219581604,4.44593620300293,15.626813888549805,4.894256114959717,5.306888103485107
124,1.5642650127410889,1.204898715019226,2.0768189430236816,1.5017774105072021,2.4838554859161377,1.5641214539593542,0.7986087203025818,0.9999805688858032,0.9999340176582336,0.9999890923500061,0.9999957084655762,0.9996232986450195,0.00608489103615284,2.1213920717855217e-06,4.618340909701146e-08,0.00044065146357752383,0.9351633191108704,0.16926218569278717,-0.3658751845359802,1.5808693170547485,2.4158198833465576,1.3178480863571167,1.780900001525879,2.227888345718384,1.3790170255679677,0.7716550230979919,0.8858884572982788,0.9995509386062622,0.8956775665283203,0.8752447366714478,0.9143489003181458,0.000545149203389883,0.0,0.0,7.163525424402906e-06,0.9250752329826355,0.2581440508365631,-0.8022627830505371,22.838102340698242,30.22340965270996,8.291863441467285,4.425376892089844,7.696192741394043,6.764734268188477,5.341211795806885,3.690662145614624,5.686837196350098,21.276166915893555,11.623456001281738,12.407716751098633,2.472020149230957,6.8978800773620605,2.645781993865967,1.8262674808502197,6.758840560913086,2.011526584625244,4.287182807922363,2.3114466667175293,4.468940734863281,15.393472671508789,4.907336235046387,5.2913618087768555
125,1.5368577241897583,1.2047773599624634,1.5699208974838257,1.4811145067214966,2.503574848175049,1.5367220741027319,0.7700862884521484,0.9999812245368958,0.999972939491272,0.9999960064888,0.999995768070221,0.999618649482727,0.005532415583729744,1.916424935188843e-06,4.336297720897164e-08,0.0004027832474093884,0.9222109317779541,0.18706868588924408,-0.44797641038894653,1.641175627708435,2.0005416870117188,1.61441171169281,1.718445062637329,2.161076784133911,1.51005828614088,1.2354778051376343,0.9158222079277039,0.997005045413971,0.8996360301971436,0.9663093686103821,0.9085476994514465,0.0019809394143521786,0.0,0.0,1.1751897545764223e-05,0.9434852004051208,0.359544962644577,-0.9627574682235718,6.6354289054870605,136.60342407226562,17.360563278198242,4.679988384246826,18.890729904174805,5.538537502288818,17.799123764038086,11.03891658782959,29.492847442626953,93.78965759277344,34.18292236328125,46.39799880981445,2.4302196502685547,6.773452281951904,2.6757590770721436,1.8808673620224,6.435413837432861,2.0504374504089355,4.045979022979736,2.284451723098755,4.165736198425293,14.373213768005371,4.71155309677124,4.984432220458984
126,1.485732913017273,1.2049360275268555,1.1829928159713745,1.4814029932022095,2.508408546447754,1.485534028761059,0.755477249622345,0.9999820590019226,0.999930202960968,0.9999989867210388,0.9999966621398926,0.9995627999305725,0.004993950016796589,1.7340167914881022e-06,4.0763932673826275e-08,0.00036242592614144087,0.9256892800331116,0.224317729473114,-0.5430353283882141,1.9870275259017944,2.082028388977051,1.9868719577789307,2.035231113433838,1.8153361082077026,1.9837986523631248,1.9732578992843628,0.9994591474533081,0.9999607801437378,0.9999973177909851,0.8299216628074646,0.929764449596405,0.04859581217169762,0.0,0.0,0.0002251650730613619,0.9981672167778015,0.5906866192817688,-0.9902440309524536,200.4201202392578,7834.73291015625,1416.7998046875,89.76173400878906,156.1542205810547,146.20462036132812,758.4047241210938,22.050439834594727,425.36016845703125,423.4679870605469,1147.3358154296875,2267.19091796875,2.260504722595215,6.514871597290039,2.684943199157715,1.8506489992141724,5.914142608642578,1.9964498281478882,3.713085889816284,2.2749922275543213,3.862412691116333,13.405096054077148,4.447714805603027,4.62438440322876
127,1.4991912841796875,1.2050896883010864,1.1829575300216675,1.4833158254623413,2.510721206665039,1.499001950540263,0.7509894371032715,0.9999826550483704,0.9993004202842712,0.9999982714653015,0.9999984502792358,0.9996134638786316,0.004485976882278919,1.5778605302330106e-06,3.7115668760634435e-08,0.000342207116773352,0.9263820052146912,0.21561864018440247,-0.5163660049438477,2.322197914123535,2.990852117538452,3.4179351329803467,2.3152501583099365,2.235938310623169,1.6777958092991703,1.4577512741088867,0.7206296324729919,0.7939786911010742,0.6764073371887207,0.7175016403198242,0.8961203098297119,0.0003976939187850803,0.0,0.0,5.070361552839131e-08,0.919011116027832,0.20789460837841034,-0.4196235239505768,3.9096646308898926,57.530784606933594,5.208920001983643,2.512204647064209,7.930098533630371,2.641169786453247,5.458120346069336,2.2955615520477295,5.390775203704834,17.25037384033203,11.01276683807373,17.880699157714844,2.3445050716400146,7.09956169128418,2.7953596115112305,1.8802531957626343,6.0656633377075195,2.0255916118621826,3.836760997772217,2.2346811294555664,3.9544379711151123,13.610730171203613,4.584754467010498,4.769906520843506
128,1.5131361484527588,1.207687258720398,1.2296667098999023,1.4857368469238281,2.500552177429199,1.512967514687452,0.7487842440605164,0.9999850392341614,0.9999998211860657,0.9999961853027344,0.9999984502792358,0.9996408224105835,0.00404278002679348,1.4387907185664517e-06,3.38842873759404e-08,0.00031936843879520893,0.9264440536499023,0.21075594425201416,-0.5310860276222229,1.8437148332595825,2.800508499145508,2.621136426925659,1.8081814050674438,2.261695384979248,1.4177611776131198,1.0015530586242676,0.8685905933380127,0.8512414693832397,0.748220682144165,0.870154082775116,0.8943896293640137,0.00043368045589886606,0.0,0.0,1.0063116917535808e-07,0.9202889204025269,0.21246227622032166,-0.5966576337814331,4.189110279083252,30.5017032623291,6.42588472366333,2.292344093322754,7.863318920135498,2.570127010345459,5.400691509246826,2.414200782775879,5.430107593536377,16.83954429626465,8.39270305633545,10.441353797912598,2.4174880981445312,8.083216667175293,2.9468753337860107,1.895725965499878,6.216061115264893,2.054171085357666,3.9635610580444336,2.2145743370056152,4.058541297912598,13.840216636657715,4.769043445587158,4.970448970794678
129,1.5308905839920044,1.2087877988815308,1.247097134590149,1.4982901811599731,2.492791175842285,1.5307358170214433,0.747097373008728,0.999985933303833,0.9999995827674866,0.9999956488609314,0.9999985098838806,0.9996722936630249,0.003650753991678357,1.3018936897424283e-06,3.125701297790329e-08,0.0002943697036243975,0.9264296293258667,0.20635297894477844,-0.527847170829773,2.2693779468536377,3.0227174758911133,2.7604620456695557,2.267045497894287,2.246098756790161,1.794540979649473,1.3891915082931519,0.8638450503349304,0.7139375805854797,0.6846967339515686,0.8641334772109985,0.8941294550895691,0.0002990396460518241,0.0,0.0,6.957204163882125e-07,0.9180921912193298,0.20693033933639526,-0.4819670021533966,3.889559745788574,53.86732482910156,6.210503578186035,2.3635599613189697,8.207483291625977,2.6164968013763428,5.410890102386475,2.27938175201416,5.679624080657959,17.122371673583984,10.76471996307373,16.861345291137695,2.509894371032715,8.9515380859375,3.1442785263061523,1.920806884765625,6.362518787384033,2.089470386505127,4.082094669342041,2.19232439994812,4.160364627838135,14.064704895019531,4.9477996826171875,5.170739650726318
130,1.5460524559020996,1.2085163593292236,1.2375526428222656,1.5130130052566528,2.5328969955444336,1.5459117221902523,0.7430899739265442,0.9999870657920837,0.9999409317970276,0.9999938607215881,0.9999986886978149,0.9996839165687561,0.003281241049990058,1.1752146065191482e-06,2.8286160969059893e-08,0.0002704715298023075,0.9278032183647156,0.21462439000606537,-0.5508341789245605,2.013260841369629,2.7025399208068848,2.623556613922119,2.0082650184631348,2.2110965251922607,1.5887007741367516,1.439275860786438,0.8642569184303284,0.8802816867828369,0.6594699621200562,0.8653532266616821,0.9000139832496643,0.0010119309881702065,0.0,0.0,2.7136408675687562e-08,0.9734655618667603,0.33865997195243835,-0.8636196851730347,4.674639701843262,120.55604553222656,13.485651969909668,3.117459297180176,19.611347198486328,3.3460605144500732,16.243690490722656,4.296147346496582,16.669431686401367,30.866586685180664,23.286706924438477,36.551090240478516,2.5721418857574463,9.95457935333252,3.2487809658050537,1.9703552722930908,6.158408164978027,2.151315689086914,3.9173669815063477,2.2782509326934814,3.9753096103668213,13.714767456054688,4.99412727355957,5.224414348602295
131,1.5767040252685547,1.209745168685913,1.2362242937088013,1.5443905591964722,2.5107498168945312,1.5765687923081215,0.7559025287628174,0.9999869465827942,0.998954713344574,0.9999929070472717,0.9999987483024597,0.9997033476829529,0.0029290607199072838,1.0641392691468354e-06,2.556074640835959e-08,0.0002531431382521987,0.9272789359092712,0.21238647401332855,-0.5071250200271606,2.514400005340576,2.7275094985961914,2.7144322395324707,2.5140380859375,2.225196123123169,1.4866836173511861,1.898149013519287,0.752778947353363,0.8995993137359619,0.7535566091537476,0.7520517706871033,0.891766369342804,0.0009235244360752404,0.0,0.0,6.787916451145293e-09,0.9534265398979187,0.21384833753108978,-0.4407857656478882,3.7017552852630615,126.00618743896484,16.665857315063477,2.323225259780884,8.016070365905762,2.6829476356506348,5.515947341918945,2.3066537380218506,5.57622766494751,17.14822769165039,18.99431037902832,37.86656188964844,2.662010669708252,11.249956130981445,3.3752431869506836,1.9902030229568481,6.311047554016113,2.188648223876953,4.037211894989014,2.2601208686828613,4.094302177429199,13.989187240600586,5.215793132781982,5.521396636962891
132,1.5694153308868408,1.2104357481002808,1.2131839990615845,1.5387407541275024,2.552079916000366,1.5693042386487581,0.7719907760620117,0.9999893307685852,0.9999104142189026,0.9999932646751404,0.9999986886978149,0.9997010827064514,0.0026331921108067036,9.588242164682015e-07,2.331731074889376e-08,0.0002340273786103353,0.9296068549156189,0.23301078379154205,-0.5380464792251587,1.6464030742645264,2.3146655559539795,2.3647282123565674,1.635225534439087,2.192023992538452,1.4608541587061687,1.347139596939087,0.9319188594818115,0.7411704659461975,0.6607362627983093,0.9351140260696411,0.9053826332092285,0.0018610457191243768,0.0,0.0,1.7407618457809804e-08,0.9869489669799805,0.43341201543807983,-0.9273777008056641,7.794679641723633,160.0745391845703,28.270565032958984,3.927255630493164,27.179485321044922,3.697986125946045,23.613910675048828,5.9844560623168945,25.305091857910156,41.94952392578125,32.77975082397461,47.00454330444336,2.635768175125122,12.84123706817627,3.5857317447662354,2.0632119178771973,6.047858715057373,2.2510054111480713,3.8614861965179443,2.3185272216796875,3.905757427215576,13.50920295715332,5.301979064941406,5.64882230758667
133,1.527341365814209,1.219365119934082,1.2239640951156616,1.4981423616409302,2.553356409072876,1.527257240282421,0.7916285395622253,0.9999911785125732,0.9998783469200134,0.9999925494194031,0.9999988675117493,0.9997096657752991,0.0023931418545544147,8.72973657806142e-07,2.1205591949069458e-08,0.0002147322375094518,0.9332164525985718,0.26688411831855774,-0.5893833041191101,1.6701369285583496,2.736588716506958,2.699801445007324,1.6352555751800537,1.685404896736145,1.5536055259702326,1.4508774280548096,0.9153980612754822,0.9562172293663025,0.7039379477500916,0.9208086133003235,0.9100525379180908,0.0031059200409799814,0.0,0.0,3.745876178684604e-11,0.9884482622146606,0.5068328380584717,-0.944196879863739,9.06922435760498,193.7703857421875,25.177610397338867,5.917575359344482,28.489940643310547,6.681163787841797,27.078588485717773,3.9701406955718994,25.894819259643555,43.93363571166992,36.99831008911133,55.93518829345703,2.640169620513916,14.282309532165527,3.9450762271881104,2.1227047443389893,5.889257907867432,2.2754414081573486,3.760693311691284,2.3760344982147217,3.795387029647827,13.208771705627441,5.429584503173828,5.793625831604004
134,1.5238347053527832,1.2459604740142822,1.3816542625427246,1.4938901662826538,2.605429172515869,1.523764964053282,0.8212599158287048,0.9999921917915344,0.9998295903205872,0.9999935030937195,0.9999986886978149,0.9997108578681946,0.0021510389633476734,7.875675578361552e-07,1.919512193637729e-08,0.00019655399955809116,0.9352856874465942,0.2811634838581085,-0.5921259522438049,1.8034236431121826,2.800386905670166,2.8206732273101807,1.7476751804351807,2.2014811038970947,1.524019548987272,1.516020655632019,0.9081454873085022,0.89927738904953,0.55002361536026,0.9229540228843689,0.9102014899253845,0.003027033293619752,0.0,0.0,5.750896425738006e-10,0.9795309901237488,0.40831393003463745,-0.888013482093811,7.504238128662109,158.56166076660156,22.607240676879883,3.396744966506958,20.86485481262207,3.067491054534912,18.723276138305664,4.602794647216797,19.07320785522461,32.860721588134766,29.126220703125,46.26093292236328,2.6685585975646973,16.023855209350586,4.43530797958374,2.1942126750946045,5.75861930847168,2.315091371536255,3.6808977127075195,2.4400970935821533,3.716855525970459,13.040285110473633,5.627377986907959,6.0880446434021
135,1.498441219329834,1.3194671869277954,1.715952754020691,1.4654842615127563,2.6183860301971436,1.4983889229188776,0.8507772088050842,0.9999938011169434,0.9999998211860657,0.9999961256980896,0.9999988079071045,0.9997164011001587,0.0019340564031153917,7.132290988920431e-07,1.7434302890251274e-08,0.00017939158715307713,0.9407573938369751,0.30937445163726807,-0.6404615640640259,1.6763761043548584,2.6595516204833984,2.7391579151153564,1.5698111057281494,1.8210407495498657,1.5542732059585018,1.3986526727676392,0.9519190788269043,0.9106868505477905,0.8908859491348267,0.9565130472183228,0.8951507210731506,0.004515127744525671,0.0,0.0,3.540557358405749e-08,0.9889065623283386,0.4644140899181366,-0.9351717829704285,8.579874038696289,181.278076171875,30.130138397216797,5.007853031158447,29.75760841369629,4.717552185058594,25.922500610351562,4.385198593139648,25.32972526550293,43.37168502807617,35.8480224609375,52.93339157104492,2.7389729022979736,18.03274917602539,5.118990898132324,2.2888031005859375,5.762048244476318,2.3941309452056885,3.692937135696411,2.568960189819336,3.7326831817626953,13.101495742797852,5.943177223205566,6.490458965301514
136,1.5098401308059692,1.4134657382965088,1.8981767892837524,1.4775397777557373,2.6455652713775635,1.5097977849582667,0.9086291193962097,0.9999945759773254,0.9999234676361084,0.9999969005584717,0.9999988079071045,0.9997138977050781,0.001827061758376658,6.437627462219098e-07,1.572041874453589e-08,0.0001641496637603268,0.9431691765785217,0.3279586136341095,-0.6538506150245667,1.7975497245788574,2.340299367904663,2.4732561111450195,1.7611943483352661,2.2332732677459717,1.5822498802034826,1.5212554931640625,0.9187722206115723,0.9205259084701538,0.7414241433143616,0.9265638589859009,0.894920289516449,0.0037752073258161545,0.0,0.0,2.341783655879226e-09,0.976385235786438,0.44019344449043274,-0.8792307376861572,5.220073223114014,159.56166076660156,25.25193214416504,3.1426520347595215,20.013113021850586,4.683642864227295,18.630151748657227,4.821118354797363,18.13007926940918,32.9907341003418,29.24452018737793,46.52484130859375,2.841517925262451,21.157997131347656,5.8891682624816895,2.336364984512329,5.895443916320801,2.443485736846924,3.740229845046997,2.683027505874634,3.74862003326416,13.260383605957031,6.399623870849609,7.209040641784668
137,1.606553077697754,1.5803176164627075,1.9730759859085083,1.5726842880249023,2.6379494667053223,1.6065036181398868,0.9780043959617615,0.9999943971633911,0.9999998807907104,0.9999980330467224,0.9999983906745911,0.9996927380561829,0.0017172947991639376,5.820998580929881e-07,1.4389755165211682e-08,0.0001601304829819128,0.9550931453704834,0.3068520426750183,-0.6255121231079102,2.430116653442383,2.348978281021118,2.2271063327789307,2.4782211780548096,2.3995232582092285,1.4600544600713496,1.9320135116577148,0.7443316578865051,0.7470350861549377,0.6073743104934692,0.7780156135559082,0.8950645327568054,0.005367469973862171,0.0,0.0,3.810622928313023e-08,0.905855655670166,0.1671074777841568,-0.41439288854599,3.35476016998291,161.8417510986328,35.10372543334961,2.111459732055664,7.893078804016113,2.3027303218841553,5.116485595703125,2.6391820907592773,5.135012149810791,17.13387680053711,24.263208389282227,48.8126335144043,2.8382818698883057,24.298686981201172,6.5387163162231445,2.2870941162109375,5.970346927642822,2.3994648456573486,3.7815346717834473,2.6311066150665283,3.793518304824829,13.438901901245117,6.797765254974365,8.072301864624023
138,1.6916208267211914,1.8135888576507568,2.0622787475585938,1.650671124458313,2.6630358695983887,1.6915326306677458,1.0467413663864136,0.9999935626983643,0.999944806098938,0.9999985098838806,0.999998152256012,0.9996234774589539,0.001637493260204792,5.252943537925603e-07,1.3032156687131646e-08,0.00014960877888370305,0.9599456191062927,0.2951487600803375,-0.6000028848648071,2.4235892295837402,2.439915657043457,2.4091601371765137,2.429039716720581,2.430983304977417,1.6716759153006635,1.868812084197998,0.6778647899627686,0.9887403249740601,0.7178142070770264,0.6616185903549194,0.9139248132705688,0.006604290101677179,0.0,0.0,2.5947583637275784e-08,0.9290895462036133,0.2065415382385254,-0.6150510311126709,5.815489292144775,164.7106475830078,27.046083450317383,2.0512726306915283,10.341248512268066,2.4590554237365723,8.386137008666992,3.228466272354126,8.289158821105957,19.777576446533203,25.210512161254883,49.39520263671875,2.8872804641723633,27.41362762451172,7.176616191864014,2.2346901893615723,5.937440872192383,2.3616979122161865,3.732024908065796,2.5960254669189453,3.74843168258667,13.550042152404785,7.163787841796875,8.927387237548828
139,1.7754851579666138,1.9858039617538452,2.1009316444396973,1.7321631908416748,2.6857783794403076,1.775388489637504,1.114282250404358,0.9999929070472717,0.9998714923858643,0.9999992847442627,0.9999974370002747,0.9995816946029663,0.0017072734190151095,4.73400831424442e-07,1.2200959353947383e-08,0.0001426286034984514,0.966589093208313,0.2785094976425171,-0.5700259804725647,2.471510887145996,2.5369324684143066,2.4161086082458496,2.4878954887390137,2.5633902549743652,1.4727681082124202,1.999332308769226,0.6464307308197021,0.8908696174621582,0.6412613987922668,0.6470969319343567,0.9236356019973755,0.005142358597368002,0.0,0.0,8.377674021176063e-08,0.9692933559417725,0.1528177261352539,-0.3558122217655182,2.963231086730957,156.1837921142578,27.248870849609375,1.8540310859680176,6.591529846191406,2.046750068664551,5.4973249435424805,3.0185694694519043,4.853484153747559,15.650301933288574,22.590787887573242,46.81424331665039,2.847104072570801,30.898225784301758,8.051555633544922,2.1745927333831787,5.904213905334473,2.306313991546631,3.7874560356140137,2.5850610733032227,3.796613931655884,13.577425003051758,7.5928568840026855,9.905054092407227
140,1.820468544960022,2.0996170043945312,2.158052921295166,1.7544453144073486,2.703526020050049,1.8201283781802842,1.14909827709198,0.9999913573265076,0.9996727705001831,0.9999997615814209,0.9999974370002747,0.9993919134140015,0.0017740167677402496,4.281659755633882e-07,1.1080518724781996e-08,0.00013049076369497925,0.9703219532966614,0.27046290040016174,-0.5562090873718262,2.712449550628662,2.7833361625671387,2.7760910987854004,2.593989610671997,2.4520263671875,2.103853447232916,2.3725578784942627,0.7163206934928894,0.986009955406189,0.6919633150100708,0.7590478658676147,0.9284060597419739,0.012380591593682766,0.0,0.0,1.5775706287968205e-06,0.9154333472251892,0.21670474112033844,-0.39919739961624146,5.136523246765137,273.61273193359375,18.147939682006836,1.8014142513275146,7.474606990814209,2.122248888015747,5.428778171539307,2.6394124031066895,5.937927722930908,15.383444786071777,33.76850509643555,81.576171875,2.867272138595581,33.063720703125,8.834854125976562,2.1222383975982666,5.943181037902832,2.2631287574768066,3.8415627479553223,2.561081647872925,3.8321893215179443,13.579882621765137,7.890911102294922,10.535348892211914
141,1.8157925605773926,2.059886932373047,1.9430780410766602,1.7590010166168213,2.702343225479126,1.8154622987446913,1.1864256858825684,0.9999915957450867,0.9998927116394043,0.9999998211860657,0.9999976754188538,0.9992811679840088,0.0015653588343411684,3.9080555325199384e-07,1.0215538637226018e-08,0.00012037858687108383,0.975548505783081,0.28544706106185913,-0.5721724033355713,2.3234102725982666,2.423448324203491,2.319762945175171,2.5320351123809814,2.2751338481903076,2.311467135649455,2.293860912322998,0.9960196614265442,0.9999969005584717,0.9991832971572876,0.8057320713996887,0.9383168816566467,0.07633242756128311,0.0,0.0,1.6455100194434635e-05,0.998600959777832,0.5330215692520142,-0.9723896384239197,140.6663055419922,3994.44091796875,459.4600524902344,25.92267417907715,47.2597541809082,64.49567413330078,266.0865783691406,14.241165161132812,45.96144485473633,38.51804733276367,509.7052917480469,1171.5596923828125,2.6776981353759766,33.107872009277344,8.763314247131348,1.9586138725280762,5.546785831451416,2.076328754425049,3.595834255218506,2.4589996337890625,3.604001760482788,13.027652740478516,7.681710243225098,10.440685272216797
142,1.7997978925704956,2.0681989192962646,1.8140888214111328,1.776125192642212,2.723194122314453,1.7995270141891984,1.2515254020690918,0.9999922513961792,0.9998455047607422,1.0,0.9999974966049194,0.9991104602813721,0.0014574447413906455,3.5332695347278786e-07,9.340533679846885e-09,0.00011082903802162036,0.9797618985176086,0.3196708858013153,-0.5955945253372192,1.8169291019439697,2.060586929321289,1.796154260635376,2.2552435398101807,1.4376561641693115,1.777217717781561,1.7888331413269043,0.9897875189781189,0.9463034272193909,0.9999927878379822,0.7470319867134094,0.9061647653579712,0.4216756522655487,0.0,0.0,0.0015672873705625534,0.9988327622413635,0.7395644187927246,-0.17556476593017578,1117.9444580078125,26025.51953125,4150.3427734375,290.59149169921875,1896.943359375,858.969970703125,2594.953125,2.1033973693847656,1805.46630859375,2569.991455078125,4131.28271484375,7417.32275390625,2.538562059402466,34.546810150146484,8.843340873718262,1.8291075229644775,5.181942462921143,1.940224528312683,3.4261653423309326,2.3550519943237305,3.4033010005950928,12.009284973144531,7.60737943649292,10.652909278869629
143,1.8075718879699707,2.085261583328247,1.7971659898757935,1.8075814247131348,2.7295432090759277,1.80737068580325,1.3444159030914307,0.9999931454658508,0.9989931583404541,1.0,0.9999963045120239,0.9989539980888367,0.0012799408286809921,3.223169358079758e-07,8.97425866952517e-09,0.0001026159297907725,0.9807366132736206,0.35894832015037537,-0.6364071369171143,1.5460257530212402,1.7524714469909668,1.484626054763794,2.043617010116577,1.1813760995864868,1.5167029164500976,1.485093593597412,0.9813869595527649,0.9884157776832581,0.9999550580978394,0.8031333684921265,0.933591365814209,0.9290533065795898,0.0,0.0,0.005949689541012049,0.9933893084526062,0.5833446383476257,-0.9093320369720459,4171.16357421875,51419.12890625,10315.3837890625,1126.4112548828125,5619.66064453125,1726.369873046875,7837.43408203125,4.935023307800293,5067.82958984375,8993.3046875,9628.1630859375,14474.2431640625,2.4554319381713867,38.109619140625,9.067955017089844,1.7609885931015015,4.95165491104126,1.8715251684188843,3.326878309249878,2.289510488510132,3.283147096633911,11.306884765625,7.8423590660095215,11.497971534729004
144,1.804705262184143,2.104968309402466,1.7631351947784424,1.8589091300964355,2.7274768352508545,1.8044635125459711,1.4209388494491577,0.9999930262565613,0.999960720539093,1.0,0.999995231628418,0.998519778251648,0.001124726957641542,2.9161890324758133e-07,8.48123526964173e-09,0.0001020754934870638,0.9799149632453918,0.4036736488342285,-0.6467961668968201,1.556647777557373,1.5802574157714844,1.3787888288497925,1.8659851551055908,1.0339670181274414,1.4393758337796365,1.4544382095336914,0.8950995802879333,0.899999737739563,0.8999975323677063,0.8851664662361145,0.9167156219482422,5.4166364669799805,0.0,0.0,0.06226947531104088,0.9852272868156433,0.7103130221366882,-0.0030770055018365383,10358.4013671875,245540.53125,48850.296875,9626.640625,28244.51171875,9929.548828125,34018.88671875,0.016223745420575142,35702.91015625,46035.1171875,46830.6875,69544.6953125,2.38808274269104,41.11516189575195,9.232869148254395,1.7220373153686523,4.79329776763916,1.8345847129821777,3.25140118598938,2.061596393585205,3.20389986038208,10.826858520507812,8.04297924041748,12.223898887634277
145,1.8290619850158691,2.1466710567474365,1.755854845046997,1.9343873262405396,2.724128007888794,1.8288894113422132,1.5125105381011963,0.999994695186615,0.9999677538871765,1.0,0.9999958276748657,0.9984965324401855,0.0009195475722663105,2.624095145620231e-07,7.71681563094262e-09,9.885790495900437e-05,0.975158154964447,0.4478437006473541,-0.6375218629837036,1.4008510112762451,1.4683465957641602,1.1628154516220093,1.5730451345443726,0.9983899593353271,1.2903905551261732,1.3132526874542236,0.8998414874076843,0.8999994397163391,0.8999991416931152,0.8997129201889038,0.8237104415893555,12.953001976013184,0.0,0.0,0.15429523587226868,0.9860261678695679,0.7289575338363647,0.0,36388.3828125,605697.25,115729.6953125,29451.107421875,94333.71875,27350.28515625,100587.7421875,0.0,120397.0390625,132580.6875,126251.6015625,169614.171875,2.3651742935180664,45.60023880004883,9.384541511535645,1.7028688192367554,4.688705921173096,1.8394625186920166,3.2006514072418213,1.8554366827011108,3.1557037830352783,10.47722339630127,8.427000999450684,13.406904220581055
146,1.8590084314346313,2.21342134475708,1.7630313634872437,1.9857897758483887,2.71937894821167,1.858879216900115,1.6016950607299805,0.9999943375587463,0.9999766945838928,1.0,0.9999929070472717,0.9983521699905396,0.0009282871033065021,2.3621127809292375e-07,6.997115331586201e-09,0.0001037738038576208,0.9722078442573547,0.49228501319885254,-0.611955463886261,1.2576216459274292,1.4034276008605957,1.0856831073760986,1.3678677082061768,0.9874294400215149,1.1494783591188436,1.1826413869857788,0.8992321491241455,0.8999881148338318,0.8999776244163513,0.8987016677856445,0.8250930309295654,36.7515869140625,0.0,0.0,0.2547960877418518,0.9859365820884705,0.7391153573989868,0.0,90018.90625,1129669.375,217423.015625,67987.6328125,227375.171875,62566.18359375,232055.984375,0.0,259773.96875,296817.21875,258368.75,313203.84375,2.3708384037017822,51.15565490722656,9.671652793884277,1.7151504755020142,4.6589813232421875,1.8806952238082886,3.1906440258026123,1.6698930263519287,3.1610829830169678,10.294270515441895,8.976885795593262,14.927755355834961
147,1.8817729949951172,2.2880074977874756,1.7718465328216553,2.0098283290863037,2.7112810611724854,1.8816814433950162,1.6746035814285278,0.9999937415122986,0.9998177886009216,1.0,0.999989926815033,0.9983307719230652,0.001034218119457364,2.1259016591557156e-07,6.312943501285417e-09,0.00011083840217906982,0.9705817699432373,0.536344587802887,-0.5726942420005798,1.2360988855361938,1.338127613067627,1.050679087638855,1.3418070077896118,0.9745900630950928,1.1288244396457634,1.1500943899154663,0.8997963666915894,0.8999935388565063,0.8998693227767944,0.8997565507888794,0.8271135091781616,92.03167724609375,0.0,0.0,0.3858271539211273,0.9869871735572815,0.7433868646621704,0.0,183654.90625,2017417.0,358859.0,127858.9453125,470950.28125,118118.1015625,417280.125,0.0,461997.90625,578516.8125,473465.3125,560991.25,2.4441580772399902,57.34063720703125,10.086671829223633,1.7711414098739624,4.741371154785156,1.9618830680847168,3.2571051120758057,1.502903699874878,3.21134877204895,10.359225273132324,9.667644500732422,16.651220321655273
148,1.8993282318115234,2.32204532623291,1.7870854139328003,2.015458106994629,2.69588041305542,1.899263658283378,1.73614501953125,0.999992847442627,0.9999951124191284,1.0,0.9999874830245972,0.9983081221580505,0.0013294275850057602,1.9119538308132178e-07,5.701562777460367e-09,0.00011193969112355262,0.9728028178215027,0.5776455402374268,-0.5298752188682556,1.1635197401046753,1.3013166189193726,1.0707520246505737,1.2175483703613281,0.9642742872238159,1.0573113778700935,1.1046345233917236,0.8999654650688171,0.8999995589256287,0.8999987840652466,0.8999544978141785,0.826168954372406,211.2303924560547,0.0,0.0,0.5972995162010193,0.9918142557144165,0.7557065486907959,0.0,308721.78125,3252296.5,638710.6875,234616.375,721105.375,207737.28125,771686.375,0.0,796152.5625,975861.1875,790688.8125,893499.5,2.5653560161590576,65.11906433105469,10.857105255126953,1.8423973321914673,5.113468647003174,2.063521385192871,3.5116829872131348,1.3526133298873901,3.2941534519195557,10.57739543914795,10.62967586517334,18.84470558166504
149,1.8941057920455933,2.2677698135375977,1.787466287612915,1.9953551292419434,2.664851188659668,1.8940584776379272,1.7643578052520752,0.999991774559021,0.9999876618385315,1.0,0.9999850988388062,0.9982960820198059,0.001777236582711339,1.72166863876555e-07,5.149345394528382e-09,0.00011834149336209521,0.9752095937728882,0.6139360070228577,-0.4843307137489319,1.0974490642547607,1.239639401435852,1.0220023393630981,1.1464394330978394,0.964461088180542,0.991629504926575,1.040926456451416,0.8999830484390259,0.8999999165534973,0.8999999761581421,0.8999861478805542,0.8253254890441895,374.4463195800781,0.0,0.0,0.8066026568412781,0.9922767877578735,0.7580295205116272,0.0,405378.59375,4176782.0,962886.25,320343.46875,1020411.25,264807.8125,1065425.625,0.0,1149986.5,1411314.625,1077733.625,1149875.5,2.711724042892456,72.95903015136719,11.748860359191895,1.9544330835342407,6.163721561431885,2.240126848220825,3.91595458984375,1.2173517942428589,3.4293792247772217,11.023630142211914,11.736421585083008,21.04857063293457
150,1.8766921758651733,2.1745803356170654,1.7780486345291138,1.9660645723342896,2.6058058738708496,1.8766544001387824,1.7699142694473267,0.9999905824661255,0.9999409914016724,1.0,0.9999827742576599,0.9982737302780151,0.0026325490325689316,1.5497822403176542e-07,4.640914763598403e-09,0.00012184351362520829,0.9785082936286926,0.6419292092323303,-0.4406730532646179,1.0974552631378174,1.2352149486541748,1.0320909023284912,1.1465904712677002,0.9664719700813293,0.9914669516903214,1.039639949798584,0.8999555706977844,0.8999999761581421,0.8999952077865601,0.8999463319778442,0.8238229751586914,653.8078002929688,0.0,0.0,1.0635521411895752,0.9933009147644043,0.757694661617279,0.0,513657.9375,5648097.5,1327804.5,420410.65625,1473180.125,383273.96875,1367711.0,0.0,1493444.375,1999842.625,1462742.25,1559657.125,2.8869738578796387,80.59237670898438,12.70529556274414,2.0952725410461426,7.32401704788208,2.426668882369995,4.737543106079102,1.0956166982650757,3.634660243988037,11.751923561096191,12.92503547668457,23.1884822845459
151,1.8433895111083984,2.0591964721679688,1.75462806224823,1.9225270748138428,2.4996776580810547,1.8433565832155818,1.7530516386032104,0.9999895095825195,0.9999241232872009,1.0,0.9999805688858032,0.9981606602668762,0.003947916906327009,1.394983684122053e-07,4.17843404321161e-09,0.00012875907123088837,0.9796253442764282,0.6647246479988098,-0.4029366672039032,1.124979853630066,1.2390735149383545,1.0746257305145264,1.1676536798477173,0.9579188227653503,1.018762801220794,1.073453664779663,0.8999250531196594,0.8999995589256287,0.9000000357627869,0.8998886942863464,0.8263227939605713,1110.156005859375,0.0,0.0,1.3619282245635986,0.9888131618499756,0.7650228142738342,0.0,718641.5625,7790807.5,1567696.875,573752.125,1808552.375,627215.125,1862925.5,0.0,2091948.125,2377598.25,1941913.875,2129299.25,3.134209632873535,87.74905395507812,13.75683879852295,2.241290807723999,8.484516143798828,2.614412546157837,5.813991546630859,0.9860550165176392,4.1616950035095215,12.971339225769043,14.191340446472168,25.17538070678711
152,1.806833028793335,1.9662340879440308,1.7266446352005005,1.8783921003341675,2.323439836502075,1.8068002559315803,1.7271873950958252,0.9999881386756897,0.9983416795730591,1.0,0.9999786019325256,0.997860848903656,0.005719378124922514,1.2554852446555742e-07,3.764039746556591e-09,0.00013821996981278062,0.9807780385017395,0.6811844706535339,-0.3711201548576355,1.1054936647415161,1.2234458923339844,1.0646283626556396,1.1429321765899658,0.9727209210395813,0.999212730206725,1.0532113313674927,0.899971604347229,0.8999999761581421,0.9000000357627869,0.8999897241592407,0.8259742856025696,1633.5213623046875,0.0,0.0,1.6679210662841797,0.9942296147346497,0.7632817625999451,0.0,862530.5625,9176234.0,1933229.25,664954.25,2348837.25,552725.0,2434044.5,0.0,2334225.0,3203331.5,2351011.25,2532165.0,3.4452121257781982,94.57927703857422,14.776314735412598,2.383826732635498,9.574119567871094,2.8003408908843994,6.963315010070801,0.8874495029449463,5.339470386505127,14.165695190429688,15.491500854492188,27.05109214782715
153,1.7695491313934326,1.8858592510223389,1.6976203918457031,1.8345791101455688,2.0787909030914307,1.7695142896359375,1.698245882987976,0.9999870657920837,0.9981516003608704,1.0,0.9999771118164062,0.9973523616790771,0.00759919686242938,1.1299160718181156e-07,3.3917726405263693e-09,0.00014748609100934118,0.9857660531997681,0.6937978863716125,-0.34350141882896423,1.0671414136886597,1.176835536956787,1.0348485708236694,1.0987286567687988,0.964380145072937,0.9604895743202935,1.021924376487732,0.8999611139297485,0.9000000357627869,0.9000000953674316,0.899992823600769,0.8247305154800415,2587.762451171875,0.0,0.0,2.02294921875,0.9952076077461243,0.7695083618164062,0.0,1295735.5,11406493.0,2483464.25,931998.875,2780037.25,756564.4375,2935072.75,0.0,3368005.5,3910918.0,2986829.0,3116187.5,3.820192813873291,101.36608123779297,15.883020401000977,2.5344583988189697,10.744763374328613,3.0019538402557373,8.08936595916748,0.7987045049667358,6.572507858276367,15.694849014282227,16.850589752197266,28.911853790283203
154,1.743230938911438,1.8402984142303467,1.6788179874420166,1.8026537895202637,1.7945536375045776,1.7431914425765116,1.6771944761276245,0.9999858736991882,0.9979421496391296,1.0,0.9999756813049316,0.9968027472496033,0.010402112267911434,1.0169505770818432e-07,3.057598618738666e-09,0.00015242033987306058,0.9884781837463379,0.7024032473564148,-0.31881463527679443,1.1198281049728394,1.2324974536895752,1.0920336246490479,1.1484695672988892,0.9731543660163879,1.0123697023602398,1.0700688362121582,0.8999428749084473,0.9000002145767212,0.9000000357627869,0.899986207485199,0.8248763680458069,3742.59228515625,0.0,0.0,2.5843770503997803,0.9928637742996216,0.7650986909866333,0.0,1281165.875,14165266.0,2283675.25,1096008.375,3537951.75,951894.25,3678153.75,0.0,3911903.5,4894113.0,3580013.75,3910894.0,4.198612213134766,109.13164520263672,16.911348342895508,2.7109909057617188,12.218478202819824,3.244372844696045,9.220307350158691,0.7188340425491333,7.762149333953857,17.281558990478516,18.33983039855957,31.063722610473633
155,1.7289721965789795,1.8272134065628052,1.6718355417251587,1.7827624082565308,1.5483134984970093,1.7289213785308288,1.6671119928359985,0.9999825954437256,0.995472252368927,1.0,0.9999744296073914,0.9961843490600586,0.014091878198087215,9.1524860579284e-08,2.757043926493452e-09,0.00015452566731255502,0.9900723099708557,0.709125816822052,-0.2973402142524719,1.0526988506317139,1.1724700927734375,1.0285344123840332,1.077733039855957,0.9755455255508423,0.9448755368695055,1.0040836334228516,0.899925708770752,0.9000000357627869,0.8999999761581421,0.899990975856781,0.8246968388557434,5418.1826171875,0.0,0.0,3.189899206161499,0.9934238195419312,0.766584038734436,0.0,1808856.25,16205008.0,3115907.0,1315982.25,4438900.0,1158770.875,4478235.5,0.0,4964142.0,5875692.5,4336149.5,4455093.0,4.620623588562012,118.74695587158203,17.98302459716797,2.8996880054473877,13.621088027954102,3.517420530319214,10.675467491149902,0.6469506025314331,8.987055778503418,18.8703670501709,20.056865692138672,33.75233459472656
156,1.7460861206054688,1.861561894416809,1.6970080137252808,1.7932881116867065,1.3677482604980469,1.7460176280577033,1.6892505884170532,0.9999770522117615,0.9927180409431458,1.0,0.9999733567237854,0.9955056309700012,0.019611401483416557,8.237237381081286e-08,2.48562814775255e-09,0.00015618167526554316,0.9916584491729736,0.7145126461982727,-0.2782452702522278,1.065179705619812,1.165403962135315,1.0438581705093384,1.0875086784362793,0.9668988585472107,0.9568556419761334,1.0201507806777954,0.8999084234237671,0.8999999761581421,0.8999999761581421,0.899989664554596,0.8251587748527527,7803.125,0.0,0.0,3.711435079574585,0.9941401481628418,0.7655670642852783,0.0,1955672.0,20303112.0,4584329.5,1543075.875,5553415.0,1566726.25,5344172.5,0.0,5523520.5,6929681.5,5330370.5,5551516.5,5.2199273109436035,135.4169158935547,19.22803497314453,3.1157755851745605,14.973217964172363,3.818549871444702,12.200241088867188,0.5822555422782898,10.595598220825195,20.825822830200195,22.597633361816406,38.494266510009766
157,1.7901384830474854,1.9256560802459717,1.7490884065628052,1.8304508924484253,1.2726882696151733,1.7900446363685987,1.7381272315979004,0.9999698400497437,0.9913954734802246,1.0,0.9999719858169556,0.9950830340385437,0.02823142521083355,7.413378000364901e-08,2.243355501363453e-09,0.00016016500012483448,0.9924874305725098,0.7200967073440552,-0.26283764839172363,1.0334199666976929,1.1194149255752563,1.0151644945144653,1.0527594089508057,0.9514472484588623,0.9250172738706807,0.989287793636322,0.8998803496360779,0.9000000953674316,0.8999999165534973,0.8999809622764587,0.8264977335929871,10994.4755859375,0.0,0.0,4.546615123748779,0.9925450682640076,0.76973557472229,0.0,3009914.25,23786996.0,5693452.0,1945325.875,6437358.0,1711200.25,6545238.0,0.0,6305800.5,8679964.0,6411525.5,6481215.0,6.565571308135986,161.57826232910156,21.028820037841797,3.313039541244507,16.322113037109375,4.1105475425720215,14.357109069824219,0.5240299701690674,12.063968658447266,22.900226593017578,26.276371002197266,46.000396728515625
158,1.89363694190979,2.056476593017578,1.8615527153015137,1.9255309104919434,1.295179009437561,1.8934789088438493,1.8476476669311523,0.9999512434005737,0.9884223341941833,1.0,0.9999704957008362,0.9948059320449829,0.04624676704406738,6.682432029947449e-08,2.0644979059625257e-09,0.0001738650316838175,0.9930729269981384,0.7248005270957947,-0.24983836710453033,1.0607860088348389,1.1474519968032837,1.0435141324996948,1.078952670097351,0.9664409756660461,0.9512587873552163,1.0176067352294922,0.899837851524353,0.8999999761581421,0.9000000357627869,0.8999888896942139,0.8264809846878052,15184.265625,0.0,0.0,5.954497814178467,0.9931972026824951,0.7682870030403137,0.0,3182479.75,28766472.0,5680707.5,2179134.75,7679151.5,2208841.25,7741197.5,0.0,8291064.5,9983701.0,7571275.5,7860101.0,8.454505920410156,219.66665649414062,25.983959197998047,3.4910829067230225,17.542407989501953,4.4181013107299805,19.946069717407227,0.47162696719169617,13.502767562866211,24.909217834472656,33.83863830566406,62.8645133972168
159,2.0735270977020264,2.230879545211792,2.0513150691986084,2.0954878330230713,1.4400925636291504,2.073233994748956,2.0338165760040283,0.9998918175697327,0.9817419052124023,1.0,0.9999687075614929,0.9954727292060852,0.09935083240270615,6.01096488139774e-08,1.8743362417694698e-09,0.00020124416914768517,0.9932979345321655,0.726519763469696,-0.23062297701835632,1.079240083694458,1.1614397764205933,1.0628540515899658,1.0963340997695923,0.9636828303337097,0.968515523062378,1.030974268913269,0.8997748494148254,0.8999999761581421,0.9000000357627869,0.8999829292297363,0.8260334134101868,20058.328125,0.0,0.0,7.518963813781738,0.9917511940002441,0.7595071792602539,0.0,3193165.5,33373370.0,6880381.5,2668029.5,8780059.0,2357119.0,9192879.0,0.0,9107100.0,11308241.0,8686035.0,9151130.0,13.322402000427246,391.5736999511719,45.39697265625,4.117718696594238,19.087604522705078,5.851197242736816,31.665096282958984,0.42446425557136536,15.416565895080566,27.75950813293457,55.461524963378906,113.21743774414062
160,2.142369508743286,2.246441125869751,2.127272844314575,2.1574418544769287,1.4731791019439697,2.1413051191757972,2.1074578762054443,0.9994749426841736,0.9483944177627563,1.0,0.9999675750732422,0.9952700138092041,0.29115554690361023,5.4156210183009534e-08,1.6952850234730477e-09,0.00026969099417328835,0.9940078854560852,0.7260876297950745,-0.19549955427646637,1.022184133529663,1.095066785812378,1.009292721748352,1.0346765518188477,0.9593921899795532,0.9037933785758762,0.9763051867485046,0.8996050357818604,0.9000000357627869,0.9000000953674316,0.8999849557876587,0.8247981071472168,38549.96484375,0.0,0.0,11.187300682067871,0.9924167394638062,0.7562034130096436,0.0,4917911.5,45566084.0,11246264.0,3877424.0,11816613.0,3759133.5,13010983.0,0.0,13394705.0,17112022.0,12470114.0,12457702.0,27.16815185546875,827.2467651367188,105.7917709350586,7.526335716247559,24.035154342651367,13.287156105041504,64.87823486328125,0.3820178210735321,25.993892669677734,40.84130096435547,113.71508026123047,240.3647918701172
161,2.0085771083831787,2.057950496673584,1.9980218410491943,2.021238088607788,1.3383368253707886,2.004309976464332,1.9683616161346436,0.99774169921875,0.901854932308197,1.0,0.9999664425849915,0.994135320186615,1.0844324827194214,4.876213210991409e-08,1.5372816353220742e-09,0.00045730543206445873,0.988511860370636,0.7159847021102905,-0.18083691596984863,1.009964942932129,1.0734100341796875,0.996772825717926,1.020493745803833,0.9651503562927246,0.8816662463599025,0.9551618695259094,0.8990812301635742,0.8999999761581421,0.9000000953674316,0.8999982476234436,0.8261645436286926,97892.390625,0.0,0.0,23.870159149169922,0.9850460290908813,0.737883448600769,0.0,8259888.5,74060424.0,17561018.0,7222525.5,21210874.0,6368103.0,22143258.0,0.0,21800614.0,27535850.0,20616256.0,20259054.0,62.48918533325195,1884.5255126953125,290.3639831542969,19.588321685791016,71.74845886230469,40.56658935546875,170.44093322753906,0.34381601214408875,93.2220458984375,121.57421875,275.486328125,544.4752807617188
162,1.8262333869934082,1.852398157119751,1.8212250471115112,1.8399839401245117,1.1844115257263184,1.8156756556314657,1.7692984342575073,0.9944953322410583,0.9000000357627869,1.0,0.999967098236084,0.9927034378051758,4.654903888702393,4.396950004093014e-08,1.3992780267813032e-09,0.0009672660380601883,0.9781523942947388,0.6879199147224426,-0.1663466840982437,1.0190575122833252,1.065490961074829,1.0075234174728394,1.027002215385437,0.9595782160758972,0.8621855846161897,0.9399924278259277,0.8978627920150757,0.9000000357627869,0.8999999761581421,0.8999989032745361,0.8263211846351624,276323.4375,0.0,0.0,45.09768295288086,0.9747124910354614,0.7025271058082581,0.0,17261552.0,138939744.0,34642120.0,14815244.0,37239484.0,13351272.0,39492648.0,0.0,40675216.0,54161296.0,39057856.0,38260160.0,227.48330688476562,4785.20751953125,795.8265991210938,62.707603454589844,327.6671447753906,138.5394287109375,515.5385131835938,0.3094344437122345,328.4427795410156,493.3309631347656,767.50537109375,1368.14990234375
163,1.6573541164398193,1.6828569173812866,1.6668990850448608,1.681275725364685,1.1285371780395508,1.6260405713574735,1.5548138618469238,0.984463095664978,0.9000000953674316,1.0,0.9999672174453735,0.990795910358429,24.08469009399414,3.959395655783737e-08,1.2679788330416386e-09,0.0025358397979289293,0.9386268854141235,0.6237459778785706,-0.14509260654449463,0.9926045536994934,1.0248595476150513,0.9816827774047852,0.9947676658630371,0.9626287817955017,0.7063290227660449,0.8291848301887512,0.8922927379608154,0.9000000357627869,0.9000000357627869,0.8999994397163391,0.8246535062789917,1360592.25,0.0,0.0,108.86114501953125,0.9241227507591248,0.6241264343261719,0.0,69959944.0,399315936.0,110020920.0,60878348.0,114894408.0,58506764.0,122254968.0,0.0,137396656.0,155550928.0,122877888.0,112452440.0,732.4571533203125,13204.609375,2480.5810546875,334.7250671386719,1297.18359375,455.219482421875,1750.4432373046875,0.27849096059799194,1401.277587890625,2068.1328125,2372.490966796875,3755.25244140625
164,1.6420060396194458,1.718361735343933,1.6814769506454468,1.6931085586547852,1.177270531654358,1.5755943537035952,1.441319465637207,0.9724458456039429,0.9000000357627869,1.0,0.9999669790267944,0.9893417358398438,106.27010345458984,3.565527251225831e-08,1.1534713184602197e-09,0.004790746606886387,0.85335373878479,0.5424962639808655,-0.12271987646818161,0.9582476019859314,0.9742360711097717,0.9423987865447998,0.9536907076835632,0.9603753685951233,0.5084783098476189,0.627352237701416,0.8772592544555664,0.9000000953674316,0.9000000357627869,0.8999996781349182,0.8245326280593872,7864095.5,0.0,0.0,218.6913604736328,0.8299771547317505,0.5326085090637207,0.0,500110752.0,1732520832.0,618591552.0,484197376.0,628548928.0,420133152.0,709310016.0,0.0,734052800.0,805607680.0,663307264.0,541758528.0,2178.425048828125,43289.94921875,8282.2041015625,1649.7593994140625,5238.99169921875,1729.4398193359375,6208.22900390625,0.2506418526172638,6443.7060546875,8099.64892578125,8312.060546875,12453.7109375
165,1.6678940057754517,1.8306323289871216,1.7966798543930054,1.8047617673873901,1.2494398355484009,1.559660448649564,1.3320225477218628,0.9731239080429077,0.8999999761581421,1.0,0.9999661445617676,0.9890075922012329,254.34385681152344,3.2197963406588315e-08,1.0814481532506193e-09,0.008473641239106655,0.7200907468795776,0.47126635909080505,-0.11062133312225342,0.9672408103942871,0.9947175979614258,0.9752323627471924,0.981167197227478,0.9577387571334839,0.41292012017536356,0.4408677816390991,0.852207601070404,0.9000000357627869,0.9000000953674316,0.8999999761581421,0.8254634737968445,43114836.0,0.0,0.0,13.427255630493164,0.6648904085159302,0.45588842034339905,0.0,5226445312.0,10602935296.0,5883711488.0,5073141760.0,5168577024.0,4524311552.0,6177309696.0,0.0,6591355904.0,6371966976.0,5561975808.0,4225998848.0,6609.0947265625,109221.3515625,20732.40625,5171.7314453125,16482.365234375,4950.6103515625,17867.447265625,0.22557766735553741,20274.9375,23335.380859375,22464.556640625,32091.380859375
166,1.9283015727996826,2.1311192512512207,2.1064467430114746,2.1113781929016113,1.5792651176452637,1.5787836889626734,1.337069034576416,0.9705504179000854,0.8999999761581421,1.0,1.0,0.977130115032196,430.56298828125,2.90941279956769e-08,9.999979733166242e-10,0.01581837795674801,0.95829838514328,0.36222338676452637,-0.041658028960227966,1.0430035591125488,1.6502801179885864,1.6340354681015015,1.628627896308899,0.9582690000534058,0.5290421635576668,0.34835419058799744,0.9256924986839294,1.0,1.0,0.9999998807907104,0.9177882075309753,129593656.0,0.0,0.0,0.0,0.9903709292411804,0.49856042861938477,0.29580411314964294,39233363968.0,58091978752.0,38191489024.0,4981088768.0,32657262592.0,32441397248.0,39509098496.0,34067484672.0,45342806016.0,38248484864.0,36276445184.0,27728791552.0,14683.1171875,221768.140625,36966.4375,7503.99560546875,35746.69921875,10144.736328125,37159.53515625,0.43840548396110535,41871.21875,49394.80078125,45523.9140625,67475.609375
167,1.6910669803619385,1.8611793518066406,1.8397725820541382,1.8406879901885986,1.4693437814712524,1.4137797825874252,1.229653000831604,0.9740898609161377,0.9000000357627869,1.0,1.0,0.9830357432365417,883.79443359375,2.6243768047606864e-08,9.109989984601441e-10,0.01563018374145031,0.9935766458511353,0.5020703673362732,0.35231101512908936,0.8532930612564087,0.5983699560165405,0.5923787355422974,0.5970359444618225,0.9590385556221008,0.48667884227834346,0.33128392696380615,0.9450668692588806,1.0,1.0,1.0,0.9168448448181152,7140386304.0,0.0,0.0,0.0,0.9965404272079468,0.602719247341156,0.4964976906776428,1078591029248.0,1381134368768.0,1096293154816.0,98431967232.0,959879905280.0,878758920192.0,1094325174272.0,887973150720.0,1164248350720.0,1076088143872.0,971572379648.0,664355012608.0,33355.87109375,422961.65625,73327.0,20810.298828125,83138.953125,22143.68359375,81157.6875,0.7651441693305969,89058.640625,109129.1875,93508.375,127569.828125
168,1.7106372117996216,2.095270872116089,2.080479621887207,2.0808157920837402,1.3928413391113281,1.3924697654329086,1.165824294090271,0.9774941802024841,0.9000001549720764,1.0,1.0000001192092896,0.9846740961074829,1294.0963134765625,2.3646654412345924e-08,8.310079846474139e-10,0.014734645374119282,0.992116391658783,0.49600890278816223,0.38007375597953796,1.0270029306411743,1.5451945066452026,1.5341429710388184,1.5252257585525513,0.969770073890686,0.4281275141656578,0.3452206254005432,0.923383891582489,0.9999997019767761,0.9999999403953552,1.0,0.9166518449783325,12260698112.0,0.0,0.0,0.0,0.9939215779304504,0.5043561458587646,0.33948853611946106,4093425483776.0,5482463363072.0,4000251641856.0,224747831296.0,3606631415808.0,3545406111744.0,4272656744448.0,3518112989184.0,4341701541888.0,4011708907520.0,3709710893056.0,2811792457728.0,62394.625,722160.0,134119.890625,43177.27734375,150875.328125,41535.03125,153663.90625,1.0791113376617432,164796.078125,201105.890625,167382.921875,221950.359375
169,1.894464373588562,2.0072178840637207,1.9959990978240967,1.9926213026046753,1.7309409379959106,1.40875961804369,1.223989725112915,0.9664101600646973,0.9000000357627869,1.0,1.0000001192092896,0.9652029871940613,2068.338623046875,2.1398204097522466e-08,7.71098573881801e-10,0.014537706971168518,0.925151526927948,0.3680326044559479,0.12567687034606934,1.0442821979522705,1.1683342456817627,1.1664382219314575,1.1684396266937256,0.9601614475250244,0.585210632110532,0.42774656414985657,0.9492281079292297,1.0,0.9999988079071045,1.0,0.9178794026374817,44031602688.0,0.0,0.0,0.0,0.9984941482543945,0.5124208927154541,0.2628009021282196,5910329032704.0,10189237387264.0,1007927230464.0,10599839825920.0,5296940384256.0,4673516339200.0,5462842408960.0,5436528394240.0,6408438284288.0,5485421920256.0,6047101616128.0,4750330298368.0,87086.859375,1061285.375,161583.859375,43166.203125,210637.0625,57646.72265625,218104.546875,1.2300479412078857,235223.28125,289360.78125,236409.578125,330447.1875
170,1.8208245038986206,1.9397565126419067,1.9306892156600952,1.926619052886963,1.6571714878082275,1.3680471090495498,1.1831834316253662,0.9675390124320984,0.8999999761581421,1.0,1.0,0.9680322408676147,3099.071044921875,1.926762749349109e-08,6.957260878515115e-10,0.013266751542687416,0.9681928157806396,0.38991573452949524,0.16934794187545776,0.9735280275344849,0.9805709719657898,0.9719195365905762,0.9666781425476074,0.9737306237220764,0.43414339047212597,0.35936370491981506,0.9364463090896606,1.0,1.0,1.0,0.9154936075210571,427569676288.0,0.0,0.0,0.0,0.9985017776489258,0.5340907573699951,0.35884812474250793,74273867694080.0,116770690039808.0,6753729642496.0,78819226550272.0,68811487182848.0,62077595025408.0,76483510927360.0,72602613710848.0,82757552177152.0,72992541376512.0,71234280751104.0,52801283555328.0,128470.71875,1540704.5,255442.09375,62251.5546875,329124.40625,89504.0859375,329806.125,1.4471783638000488,359139.4375,451179.5625,354562.40625,481447.34375
171,1.72341787815094,1.8792394399642944,1.870589017868042,1.8666303157806396,1.5333999395370483,1.3211794830429742,1.1493264436721802,0.9701142311096191,0.9000000357627869,1.0,1.0000001192092896,0.9735800623893738,4454.74951171875,1.7372926208736317e-08,6.289263554393187e-10,0.012470916844904423,0.9903989434242249,0.43940141797065735,0.2703939378261566,0.9109843969345093,0.780957043170929,0.7720798850059509,0.7684173583984375,0.9527909159660339,0.3508414223171097,0.3012763261795044,0.9363064169883728,1.0,1.0,0.9999999403953552,0.9148477911949158,2556577185792.0,0.0,0.0,0.0,0.9996179342269897,0.5533830523490906,0.4057801365852356,434829032161280.0,629442825158656.0,96533307457536.0,406390543745024.0,420960113000448.0,390888731705344.0,460715504697344.0,396786527109120.0,495955644252160.0,440563316817920.0,417306538672128.0,293507663134720.0,187814.921875,2180793.5,383334.34375,104821.7265625,481599.9375,135383.6875,488470.28125,1.6841456890106201,530552.0,653177.1875,514594.96875,678085.75
172,1.8602280616760254,1.8790522813796997,1.869575023651123,1.8625258207321167,1.8399462699890137,1.63023931307396,1.2189990282058716,0.9676796793937683,0.9000000357627869,1.0,1.0,0.968727171421051,5947.6279296875,1.570972862907638e-08,5.781943257510136e-10,0.011812098324298859,0.9578067660331726,0.38467487692832947,0.19415396451950073,0.9695091247558594,1.004093885421753,0.9998974800109863,0.9941859841346741,0.9511321783065796,0.46778157674257836,0.41530460119247437,0.9482121467590332,0.9999149441719055,0.9999899864196777,1.000000238418579,0.9170181751251221,3037583900672.0,0.0,0.0,0.0,0.9948264360427856,0.5576407313346863,0.24160674214363098,396468598865920.0,678421357133824.0,595561774317568.0,484794265763840.0,357688768724992.0,359674251575296.0,2980797743104.0,387571238567936.0,439800926568448.0,369945900744704.0,407290775601152.0,306982619709440.0,237810.28125,2854075.0,493605.0,153038.390625,597014.875,167430.3125,405794.375,1.822320818901062,651510.0625,817082.4375,637736.3125,885655.875
173,1.9153252840042114,1.952471137046814,1.9428715705871582,1.9355477094650269,1.863133430480957,1.657307650821904,1.2348127365112305,0.9670969843864441,0.8999999761581421,1.0,1.0,0.9670288562774658,7464.9140625,1.4145274285226606e-08,5.230016419943695e-10,0.010899308137595654,0.890235424041748,0.35326769948005676,0.06306089460849762,0.9622156620025635,0.9820648431777954,0.973675012588501,0.96506267786026,0.9586469531059265,0.41968956242703476,0.38109296560287476,0.8436583280563354,0.9000000953674316,0.9000000953674316,0.9000000953674316,0.8258545994758606,15408004333568.0,0.0,0.0,0.0,0.7004551887512207,0.4364444315433502,0.0,2747848940584960.0,4051357287841792.0,3236769227079680.0,2816567880450048.0,2528791649845248.0,2257818941915136.0,0.0,2529116725182464.0,2981532742451200.0,2569021534765056.0,2571882519855104.0,1908349935288320.0,327118.78125,3714585.25,618007.125,223202.8125,787630.125,218269.15625,365214.9375,1.9953737258911133,887302.875,1093651.25,823498.4375,1159920.5
174,1.88705313205719,2.0463294982910156,2.03743052482605,2.029263973236084,1.6818066835403442,1.634197508072019,1.216458797454834,0.9701282978057861,0.9000000953674316,1.0,1.0,0.9738844037055969,9026.0380859375,1.2731888432426786e-08,4.714716950182662e-10,0.009943585842847824,0.9410167932510376,0.39930129051208496,0.22064489126205444,1.0226956605911255,1.3162378072738647,1.3088834285736084,1.2963687181472778,0.9645717144012451,0.4446128766111741,0.38108909130096436,0.9291266202926636,0.9999951720237732,1.0,1.0,0.9167680144309998,37335475421184.0,0.0,0.0,0.0,0.9990954995155334,0.5239871740341187,0.29380151629447937,8744128749764608.0,1.3236770304950272e+16,9564386435792896.0,8570890170138624.0,7947525059248128.0,7446611613450240.0,67364062232576.0,7863231494225920.0,9911274838163456.0,8665399851745280.0,8201758132142080.0,6275619918708736.0,425733.34375,4765806.5,775964.25,306173.875,1050613.875,288877.6875,466845.375,2.188009023666382,1185486.0,1462410.25,1072791.375,1492714.25
175,1.7455569505691528,1.9134044647216797,1.904354453086853,1.894734263420105,1.5468494892120361,1.5398994333432603,1.1663243770599365,0.9724829196929932,0.8999999165534973,1.0,1.0,0.978547990322113,12053.234375,1.1460678628338883e-08,4.2531111965615764e-10,0.008967154659330845,0.9890435338020325,0.467963844537735,0.338268905878067,0.8787303566932678,0.7126047015190125,0.706820011138916,0.7023810148239136,0.9527015089988708,0.4263523868336803,0.37502622604370117,0.9445956349372864,0.9999921917915344,0.999998152256012,1.0,0.9170111417770386,266747114422272.0,0.0,0.0,0.0,0.9987607598304749,0.6081173419952393,0.5294979214668274,3.998468094191206e+16,5.836335280763699e+16,4.059665365204992e+16,3.832465460717158e+16,3.706114824313242e+16,3.3143560396079104e+16,552562877005824.0,3.489379822390477e+16,4.36785289101312e+16,3.811041304851251e+16,3.647093813228339e+16,2.571138148335616e+16,562370.625,5975335.5,1016192.9375,409636.625,1396246.375,379947.4375,753073.625,2.397024631500244,1554500.5,1897941.625,1394524.875,1859002.875
176,1.9108203649520874,1.9649642705917358,1.9559202194213867,1.946226716041565,1.8272464275360107,1.4389942152861488,1.2563430070877075,0.9557210206985474,0.9000000953674316,1.0,1.0000001192092896,0.9351776838302612,14532.923828125,1.0323898180786273e-08,3.836398421164233e-10,0.008248005993664265,0.8378980159759521,0.37706220149993896,-0.038639530539512634,0.9823289513587952,1.1053498983383179,1.096480369567871,1.0834318399429321,0.9505916833877563,0.5435417422400728,0.39084282517433167,0.9351783990859985,0.9999164938926697,0.9999485611915588,1.0,0.9181804060935974,207609458065408.0,0.0,0.0,0.0,0.9999226331710815,0.5416755676269531,0.3232821226119995,3.88862001062871e+16,6.265557132456755e+16,4.470413703564493e+16,3.896685529713869e+16,3.582732010310861e+16,3.3286763195662336e+16,4.343720758267085e+16,3.508537524014285e+16,4.633281010912461e+16,420239430909952.0,3.796024810694246e+16,2.856124260810752e+16,655578.8125,7294381.0,1256147.25,475811.9375,1616264.125,448382.15625,795968.25,2.4880945682525635,1772865.0,1459386.875,1577478.875,2244265.5
177,1.9733049869537354,2.002713918685913,1.993829369544983,1.984378695487976,1.9341511726379395,1.505757816580329,1.2700532674789429,0.9568571448326111,0.9000000357627869,1.0,1.0,0.9373841881752014,17456.935546875,9.299489178715703e-09,3.458702213521292e-10,0.007497020997107029,0.6527455449104309,0.32695597410202026,-0.4610300064086914,0.971173882484436,0.9971297979354858,0.9880487322807312,0.977533221244812,0.9670091271400452,0.4621467155332665,0.3803482949733734,0.8414963483810425,0.9000000357627869,0.8999999165534973,0.8999999761581421,0.8266459107398987,863363252879360.0,0.0,0.0,0.0,0.6378945708274841,0.4338711202144623,0.0,1.6996477516434637e+17,2.5373568991127142e+17,1.792082491599749e+17,1.6903835071859917e+17,1.5620254889672704e+17,1.4520196942056653e+17,1.6865075568993894e+17,1.5363475974914048e+17,1.9848083256901632e+17,0.0,1.594117828200366e+17,1.1882292453362893e+17,849555.25,8916859.0,1613492.0,594661.9375,2007874.0,556206.625,1066475.25,2.6430985927581787,2150408.5,1313448.25,1906898.375,2749574.0
178,1.934220790863037,1.9853911399841309,1.976523518562317,1.967962622642517,1.8592443466186523,1.5234272361149315,1.2677600383758545,0.9606465101242065,0.8999999165534973,1.0,1.0,0.9496216773986816,21492.12890625,8.372559534564061e-09,3.1307470504948753e-10,0.007041409146040678,0.6483042240142822,0.32885587215423584,-0.6526753306388855,0.9200931787490845,0.8065104484558105,0.7994832992553711,0.7961167097091675,0.9622953534126282,0.39958350980649443,0.37701916694641113,0.8465969562530518,0.9000000357627869,0.8999999761581421,0.9000000357627869,0.8259615898132324,3584919812964352.0,0.0,0.0,0.0,0.6611701250076294,0.4580037593841553,0.0,5.959515200511017e+17,8.58592343614292e+17,6.079741299450184e+17,5.6929258932535296e+17,5.6004810171744256e+17,4.9438128157700915e+17,5.824017572256809e+17,5.0870262668722176e+17,6.446444232793129e+17,0.0,5.4219887047029555e+17,3.92344609654571e+17,1062169.875,10914240.0,2011681.5,746661.9375,2531698.25,707560.0,1548718.125,2.8949315547943115,2704344.5,1182103.375,2340918.0,3357655.25
179,1.8579999208450317,1.9282383918762207,1.9194473028182983,1.9116718769073486,1.7559527158737183,1.518714301956874,1.2619997262954712,0.9646342396736145,0.9000000357627869,1.0,1.0,0.9608038067817688,26766.55078125,7.532724666248214e-09,2.823192513101702e-10,0.006390159018337727,0.6567445993423462,0.3499179780483246,-0.7215796113014221,0.8670524954795837,0.6403365135192871,0.6378055810928345,0.6381784677505493,0.9704267382621765,0.4366734355177282,0.3669741451740265,0.85265052318573,0.8999999761581421,0.9000001549720764,0.9000000357627869,0.8264882564544678,1.150305521631232e+16,0.0,0.0,0.0,0.693070113658905,0.4822442829608917,0.0,1.5995464263443415e+18,2.2260280857638994e+18,1.7301660712619213e+18,1.6265226692539187e+18,1.5901586586274365e+18,1.4064941747394314e+18,1.6635336050343936e+18,1.3484633254149489e+18,1.8558418995841597e+18,0.0,1.5046754778585498e+18,1.0499853634534113e+18,1296575.875,13355366.0,2567578.25,953727.875,3168075.75,891341.375,2163793.75,3.1871607303619385,3376478.5,1063893.0,2883683.5,4088642.25
180,1.7566829919815063,1.8333559036254883,1.824524998664856,1.817954421043396,1.6473203897476196,1.4842092286015183,1.247641682624817,0.9678381085395813,0.9000000357627869,1.0,1.0,0.9690268635749817,35826.01171875,6.779451666716341e-09,2.544297272866203e-10,0.005699376109987497,0.6748473644256592,0.38423091173171997,-0.7416512966156006,0.8132051825523376,0.5520836710929871,0.5512912273406982,0.5574831962585449,0.9596676230430603,0.411036924257447,0.36225152015686035,0.8581333160400391,0.8999999761581421,0.9000000357627869,0.8999999761581421,0.827488362789154,3.1688358904201216e+16,0.0,0.0,0.0,0.7217075228691101,0.512240469455719,0.0,4.075291469840122e+18,5.298416242124653e+18,4.304739755347673e+18,3.6987109363500974e+18,3.782531105781973e+18,3.5560539755705795e+18,3.9457808198381076e+18,3.5417309124734484e+18,4.707087893590442e+18,0.0,3.6910341461649654e+18,2.4768434556119286e+18,1712616.875,17113312.0,3549374.0,1305833.375,4175327.75,1219762.25,2930910.25,3.669226884841919,4493544.0,957503.5625,3745818.75,5205070.5
181,1.6190470457077026,1.6955204010009766,1.6868040561676025,1.6810835599899292,1.509746789932251,1.3736406401310557,1.218501329421997,0.9686646461486816,0.9000000357627869,1.0,1.0,0.9710645079612732,54455.41796875,6.104291738751044e-09,2.2917301389924205e-10,0.005143172573298216,0.7605679631233215,0.5271475315093994,-0.09287652373313904,0.7717140316963196,0.5003983378410339,0.5010132193565369,0.5090177059173584,0.9491650462150574,0.48708552200983446,0.35229188203811646,0.9567739367485046,0.9999967813491821,0.9999985098838806,1.0,0.9181727766990662,7.59526311591936e+16,0.0,0.0,0.0,0.9968012571334839,0.6706124544143677,0.5393033027648926,9.043727230038966e+18,1.1651643466798072e+19,9.68633680089265e+18,8.564495191468147e+18,9.007779796880458e+18,8.106135731883213e+18,8.508055610346963e+18,8.002583726779269e+18,1.058890060736653e+19,1.479683750357893e+17,8.33076320865878e+18,5.396240341403697e+18,2534765.0,24079896.0,5281557.5,2040378.0,6152532.5,1864962.75,4113112.75,4.430619239807129,6551429.0,1251094.75,5386973.5,7224573.5
182,1.7755690813064575,1.8403600454330444,1.8325620889663696,1.825300931930542,1.6765795946121216,1.4464211168282604,1.26459538936615,0.9643257856369019,0.8999999761581421,1.0,1.0,0.9598615765571594,83254.9609375,5.509734002373534e-09,2.0786937449113196e-10,0.004658426158130169,0.7928856015205383,0.4473666548728943,-0.1372150480747223,0.9743415713310242,1.1121490001678467,1.1033437252044678,1.0920933485031128,0.9449533820152283,0.5914953882721076,0.3683311939239502,0.9335364103317261,0.9999998807907104,1.0,0.9999999403953552,0.9194392561912537,3.037330219519181e+16,0.0,0.0,0.0,0.9437271356582642,0.5612809062004089,0.31869959831237793,6.340149633372652e+18,9.548906643513672e+18,6.50231605359752e+18,6.306424313213878e+18,5.930287982421475e+18,5.635218643944997e+18,1.532746009715671e+17,6.101648518877807e+18,7.219695713674854e+18,6.365879304974238e+18,6.010380257679376e+18,4.4698699091652116e+18,4546064.5,39537452.0,8724204.0,3756817.0,9567911.0,3474490.75,3669976.25,5.110524654388428,10616013.0,1762445.5,8565539.0,12032332.0
183,0.9110369086265564,0.766449511051178,0.7619840502738953,0.7594568133354187,0.9613150358200073,0.6895252346370988,0.36384958028793335,0.9757118821144104,0.9000000953674316,1.0,1.0,0.9787536263465881,1.7462598291161088e+16,4.983925716572912e-09,2.9120630906653844e-10,0.005331418942660093,0.6875973343849182,0.48318642377853394,-0.5291382670402527,nan,0.7664495706558228,0.7619839906692505,0.7594568729400635,0.9613150358200073,0.47171623731960316,nan,nan,0.9000000357627869,0.8999999761581421,0.9000000357627869,0.827005922794342,1.7462598291161088e+17,0.0,0.0,0.0,0.0,0.0,0.0,inf,inf,inf,inf,inf,inf,0.0,inf,inf,inf,inf,inf,3.2418830964626555e+18,3.938540260891296e+18,2.957936142734852e+18,2.8468351656725053e+18,2.806190069084324e+18,2.5147870521306644e+18,3302978.75,2.5659528257292206e+18,3.221525363796476e+18,2.7530762357592556e+18,2.684672868616241e+18,1.9239798721080197e+18
184,nan,0.7670816779136658,nan,nan,nan,2.1234432363496505,nan,nan,0.9975783228874207,nan,nan,nan,1.5706159604301824e+16,1.4741861775746656e-07,1.7998680323927374e-09,2910065291952128.0,0.0,0.0,0.0,nan,2.064279556274414,nan,nan,nan,2.0249251895411504,nan,nan,0.9998239874839783,nan,nan,nan,143762185519104.0,0.0,0.0,0.0,0.0,0.0,0.0,inf,inf,inf,inf,inf,inf,inf,inf,inf,inf,inf,inf,inf,inf,inf,inf,inf,inf,inf,inf,inf,inf,inf,inf
185,nan,nan,nan,nan,nan,nan,nan,nan,nan,nan,nan,nan,nan,nan,nan,nan,nan,nan,nan,nan,nan,nan,nan,nan,nan,nan,nan,nan,nan,nan,nan,nan,nan,nan,nan,nan,nan,nan,nan,nan,nan,nan,nan,nan,nan,nan,nan,nan,nan,nan,nan,nan,nan,nan,nan,nan,nan,nan,nan,nan,nan,nan
186,nan,nan,nan,nan,nan,nan,nan,nan,nan,nan,nan,nan,nan,nan,nan,nan,nan,nan,nan,nan,nan,nan,nan,nan,nan,nan,nan,nan,nan,nan,nan,nan,nan,nan,nan,nan,nan,nan,nan,nan,nan,nan,nan,nan,nan,nan,nan,nan,nan,nan,nan,nan,nan,nan,nan,nan,nan,nan,nan,nan,nan,nan
187,nan,nan,nan,nan,nan,nan,nan,nan,nan,nan,nan,nan,nan,nan,nan,nan,nan,nan,nan,nan,nan,nan,nan,nan,nan,nan,nan,nan,nan,nan,nan,nan,nan,nan,nan,nan,nan,nan,nan,nan,nan,nan,nan,nan,nan,nan,nan,nan,nan,nan,nan,nan,nan,nan,nan,nan,nan,nan,nan,nan,nan,nan
188,nan,nan,nan,nan,nan,nan,nan,nan,nan,nan,nan,nan,nan,nan,nan,nan,nan,nan,nan,nan,nan,nan,nan,nan,nan,nan,nan,nan,nan,nan,nan,nan,nan,nan,nan,nan,nan,nan,nan,nan,nan,nan,nan,nan,nan,nan,nan,nan,nan,nan,nan,nan,nan,nan,nan,nan,nan,nan,nan,nan,nan,nan
189,nan,nan,nan,nan,nan,nan,nan,nan,nan,nan,nan,nan,nan,nan,nan,nan,nan,nan,nan,nan,nan,nan,nan,nan,nan,nan,nan,nan,nan,nan,nan,nan,nan,nan,nan,nan,nan,nan,nan,nan,nan,nan,nan,nan,nan,nan,nan,nan,nan,nan,nan,nan,nan,nan,nan,nan,nan,nan,nan,nan,nan,nan
190,nan,nan,nan,nan,nan,nan,nan,nan,nan,nan,nan,nan,nan,nan,nan,nan,nan,nan,nan,nan,nan,nan,nan,nan,nan,nan,nan,nan,nan,nan,nan,nan,nan,nan,nan,nan,nan,nan,nan,nan,nan,nan,nan,nan,nan,nan,nan,nan,nan,nan,nan,nan,nan,nan,nan,nan,nan,nan,nan,nan,nan,nan
191,nan,nan,nan,nan,nan,nan,nan,nan,nan,nan,nan,nan,nan,nan,nan,nan,nan,nan,nan,nan,nan,nan,nan,nan,nan,nan,nan,nan,nan,nan,nan,nan,nan,nan,nan,nan,nan,nan,nan,nan,nan,nan,nan,nan,nan,nan,nan,nan,nan,nan,nan,nan,nan,nan,nan,nan,nan,nan,nan,nan,nan,nan
192,nan,nan,nan,nan,nan,nan,nan,nan,nan,nan,nan,nan,nan,nan,nan,nan,nan,nan,nan,nan,nan,nan,nan,nan,nan,nan,nan,nan,nan,nan,nan,nan,nan,nan,nan,nan,nan,nan,nan,nan,nan,nan,nan,nan,nan,nan,nan,nan,nan,nan,nan,nan,nan,nan,nan,nan,nan,nan,nan,nan,nan,nan
193,nan,nan,nan,nan,nan,nan,nan,nan,nan,nan,nan,nan,nan,nan,nan,nan,nan,nan,nan,nan,nan,nan,nan,nan,nan,nan,nan,nan,nan,nan,nan,nan,nan,nan,nan,nan,nan,nan,nan,nan,nan,nan,nan,nan,nan,nan,nan,nan,nan,nan,nan,nan,nan,nan,nan,nan,nan,nan,nan,nan,nan,nan
194,nan,nan,nan,nan,nan,nan,nan,nan,nan,nan,nan,nan,nan,nan,nan,nan,nan,nan,nan,nan,nan,nan,nan,nan,nan,nan,nan,nan,nan,nan,nan,nan,nan,nan,nan,nan,nan,nan,nan,nan,nan,nan,nan,nan,nan,nan,nan,nan,nan,nan,nan,nan,nan,nan,nan,nan,nan,nan,nan,nan,nan,nan
195,nan,nan,nan,nan,nan,nan,nan,nan,nan,nan,nan,nan,nan,nan,nan,nan,nan,nan,nan,nan,nan,nan,nan,nan,nan,nan,nan,nan,nan,nan,nan,nan,nan,nan,nan,nan,nan,nan,nan,nan,nan,nan,nan,nan,nan,nan,nan,nan,nan,nan,nan,nan,nan,nan,nan,nan,nan,nan,nan,nan,nan,nan
196,nan,nan,nan,nan,nan,nan,nan,nan,nan,nan,nan,nan,nan,nan,nan,nan,nan,nan,nan,nan,nan,nan,nan,nan,nan,nan,nan,nan,nan,nan,nan,nan,nan,nan,nan,nan,nan,nan,nan,nan,nan,nan,nan,nan,nan,nan,nan,nan,nan,nan,nan,nan,nan,nan,nan,nan,nan,nan,nan,nan,nan,nan
197,nan,nan,nan,nan,nan,nan,nan,nan,nan,nan,nan,nan,nan,nan,nan,nan,nan,nan,nan,nan,nan,nan,nan,nan,nan,nan,nan,nan,nan,nan,nan,nan,nan,nan,nan,nan,nan,nan,nan,nan,nan,nan,nan,nan,nan,nan,nan,nan,nan,nan,nan,nan,nan,nan,nan,nan,nan,nan,nan,nan,nan,nan
198,nan,nan,nan,nan,nan,nan,nan,nan,nan,nan,nan,nan,nan,nan,nan,nan,nan,nan,nan,nan,nan,nan,nan,nan,nan,nan,nan,nan,nan,nan,nan,nan,nan,nan,nan,nan,nan,nan,nan,nan,nan,nan,nan,nan,nan,nan,nan,nan,nan,nan,nan,nan,nan,nan,nan,nan,nan,nan,nan,nan,nan,nan
199,nan,nan,nan,nan,nan,nan,nan,nan,nan,nan,nan,nan,nan,nan,nan,nan,nan,nan,nan,nan,nan,nan,nan,nan,nan,nan,nan,nan,nan,nan,nan,nan,nan,nan,nan,nan,nan,nan,nan,nan,nan,nan,nan,nan,nan,nan,nan,nan,nan,nan,nan,nan,nan,nan,nan,nan,nan,nan,nan,nan,nan,nan
200,nan,nan,nan,nan,nan,nan,nan,nan,nan,nan,nan,nan,nan,nan,nan,nan,nan,nan,nan,nan,nan,nan,nan,nan,nan,nan,nan,nan,nan,nan,nan,nan,nan,nan,nan,nan,nan,nan,nan,nan,nan,nan,nan,nan,nan,nan,nan,nan,nan,nan,nan,nan,nan,nan,nan,nan,nan,nan,nan,nan,nan,nan
201,nan,nan,nan,nan,nan,nan,nan,nan,nan,nan,nan,nan,nan,nan,nan,nan,nan,nan,nan,nan,nan,nan,nan,nan,nan,nan,nan,nan,nan,nan,nan,nan,nan,nan,nan,nan,nan,nan,nan,nan,nan,nan,nan,nan,nan,nan,nan,nan,nan,nan,nan,nan,nan,nan,nan,nan,nan,nan,nan,nan,nan,nan
202,nan,nan,nan,nan,nan,nan,nan,nan,nan,nan,nan,nan,nan,nan,nan,nan,nan,nan,nan,nan,nan,nan,nan,nan,nan,nan,nan,nan,nan,nan,nan,nan,nan,nan,nan,nan,nan,nan,nan,nan,nan,nan,nan,nan,nan,nan,nan,nan,nan,nan,nan,nan,nan,nan,nan,nan,nan,nan,nan,nan,nan,nan
203,nan,nan,nan,nan,nan,nan,nan,nan,nan,nan,nan,nan,nan,nan,nan,nan,nan,nan,nan,nan,nan,nan,nan,nan,nan,nan,nan,nan,nan,nan,nan,nan,nan,nan,nan,nan,nan,nan,nan,nan,nan,nan,nan,nan,nan,nan,nan,nan,nan,nan,nan,nan,nan,nan,nan,nan,nan,nan,nan,nan,nan,nan
204,nan,nan,nan,nan,nan,nan,nan,nan,nan,nan,nan,nan,nan,nan,nan,nan,nan,nan,nan,nan,nan,nan,nan,nan,nan,nan,nan,nan,nan,nan,nan,nan,nan,nan,nan,nan,nan,nan,nan,nan,nan,nan,nan,nan,nan,nan,nan,nan,nan,nan,nan,nan,nan,nan,nan,nan,nan,nan,nan,nan,nan,nan
205,nan,nan,nan,nan,nan,nan,nan,nan,nan,nan,nan,nan,nan,nan,nan,nan,nan,nan,nan,nan,nan,nan,nan,nan,nan,nan,nan,nan,nan,nan,nan,nan,nan,nan,nan,nan,nan,nan,nan,nan,nan,nan,nan,nan,nan,nan,nan,nan,nan,nan,nan,nan,nan,nan,nan,nan,nan,nan,nan,nan,nan,nan
206,nan,nan,nan,nan,nan,nan,nan,nan,nan,nan,nan,nan,nan,nan,nan,nan,nan,nan,nan,nan,nan,nan,nan,nan,nan,nan,nan,nan,nan,nan,nan,nan,nan,nan,nan,nan,nan,nan,nan,nan,nan,nan,nan,nan,nan,nan,nan,nan,nan,nan,nan,nan,nan,nan,nan,nan,nan,nan,nan,nan,nan,nan
207,nan,nan,nan,nan,nan,nan,nan,nan,nan,nan,nan,nan,nan,nan,nan,nan,nan,nan,nan,nan,nan,nan,nan,nan,nan,nan,nan,nan,nan,nan,nan,nan,nan,nan,nan,nan,nan,nan,nan,nan,nan,nan,nan,nan,nan,nan,nan,nan,nan,nan,nan,nan,nan,nan,nan,nan,nan,nan,nan,nan,nan,nan
208,nan,nan,nan,nan,nan,nan,nan,nan,nan,nan,nan,nan,nan,nan,nan,nan,nan,nan,nan,nan,nan,nan,nan,nan,nan,nan,nan,nan,nan,nan,nan,nan,nan,nan,nan,nan,nan,nan,nan,nan,nan,nan,nan,nan,nan,nan,nan,nan,nan,nan,nan,nan,nan,nan,nan,nan,nan,nan,nan,nan,nan,nan
209,nan,nan,nan,nan,nan,nan,nan,nan,nan,nan,nan,nan,nan,nan,nan,nan,nan,nan,nan,nan,nan,nan,nan,nan,nan,nan,nan,nan,nan,nan,nan,nan,nan,nan,nan,nan,nan,nan,nan,nan,nan,nan,nan,nan,nan,nan,nan,nan,nan,nan,nan,nan,nan,nan,nan,nan,nan,nan,nan,nan,nan,nan
210,nan,nan,nan,nan,nan,nan,nan,nan,nan,nan,nan,nan,nan,nan,nan,nan,nan,nan,nan,nan,nan,nan,nan,nan,nan,nan,nan,nan,nan,nan,nan,nan,nan,nan,nan,nan,nan,nan,nan,nan,nan,nan,nan,nan,nan,nan,nan,nan,nan,nan,nan,nan,nan,nan,nan,nan,nan,nan,nan,nan,nan,nan
211,nan,nan,nan,nan,nan,nan,nan,nan,nan,nan,nan,nan,nan,nan,nan,nan,nan,nan,nan,nan,nan,nan,nan,nan,nan,nan,nan,nan,nan,nan,nan,nan,nan,nan,nan,nan,nan,nan,nan,nan,nan,nan,nan,nan,nan,nan,nan,nan,nan,nan,nan,nan,nan,nan,nan,nan,nan,nan,nan,nan,nan,nan
212,nan,nan,nan,nan,nan,nan,nan,nan,nan,nan,nan,nan,nan,nan,nan,nan,nan,nan,nan,nan,nan,nan,nan,nan,nan,nan,nan,nan,nan,nan,nan,nan,nan,nan,nan,nan,nan,nan,nan,nan,nan,nan,nan,nan,nan,nan,nan,nan,nan,nan,nan,nan,nan,nan,nan,nan,nan,nan,nan,nan,nan,nan
213,nan,nan,nan,nan,nan,nan,nan,nan,nan,nan,nan,nan,nan,nan,nan,nan,nan,nan,nan,nan,nan,nan,nan,nan,nan,nan,nan,nan,nan,nan,nan,nan,nan,nan,nan,nan,nan,nan,nan,nan,nan,nan,nan,nan,nan,nan,nan,nan,nan,nan,nan,nan,nan,nan,nan,nan,nan,nan,nan,nan,nan,nan
214,nan,nan,nan,nan,nan,nan,nan,nan,nan,nan,nan,nan,nan,nan,nan,nan,nan,nan,nan,nan,nan,nan,nan,nan,nan,nan,nan,nan,nan,nan,nan,nan,nan,nan,nan,nan,nan,nan,nan,nan,nan,nan,nan,nan,nan,nan,nan,nan,nan,nan,nan,nan,nan,nan,nan,nan,nan,nan,nan,nan,nan,nan
215,nan,nan,nan,nan,nan,nan,nan,nan,nan,nan,nan,nan,nan,nan,nan,nan,nan,nan,nan,nan,nan,nan,nan,nan,nan,nan,nan,nan,nan,nan,nan,nan,nan,nan,nan,nan,nan,nan,nan,nan,nan,nan,nan,nan,nan,nan,nan,nan,nan,nan,nan,nan,nan,nan,nan,nan,nan,nan,nan,nan,nan,nan
216,nan,nan,nan,nan,nan,nan,nan,nan,nan,nan,nan,nan,nan,nan,nan,nan,nan,nan,nan,nan,nan,nan,nan,nan,nan,nan,nan,nan,nan,nan,nan,nan,nan,nan,nan,nan,nan,nan,nan,nan,nan,nan,nan,nan,nan,nan,nan,nan,nan,nan,nan,nan,nan,nan,nan,nan,nan,nan,nan,nan,nan,nan
217,nan,nan,nan,nan,nan,nan,nan,nan,nan,nan,nan,nan,nan,nan,nan,nan,nan,nan,nan,nan,nan,nan,nan,nan,nan,nan,nan,nan,nan,nan,nan,nan,nan,nan,nan,nan,nan,nan,nan,nan,nan,nan,nan,nan,nan,nan,nan,nan,nan,nan,nan,nan,nan,nan,nan,nan,nan,nan,nan,nan,nan,nan
218,nan,nan,nan,nan,nan,nan,nan,nan,nan,nan,nan,nan,nan,nan,nan,nan,nan,nan,nan,nan,nan,nan,nan,nan,nan,nan,nan,nan,nan,nan,nan,nan,nan,nan,nan,nan,nan,nan,nan,nan,nan,nan,nan,nan,nan,nan,nan,nan,nan,nan,nan,nan,nan,nan,nan,nan,nan,nan,nan,nan,nan,nan
219,nan,nan,nan,nan,nan,nan,nan,nan,nan,nan,nan,nan,nan,nan,nan,nan,nan,nan,nan,nan,nan,nan,nan,nan,nan,nan,nan,nan,nan,nan,nan,nan,nan,nan,nan,nan,nan,nan,nan,nan,nan,nan,nan,nan,nan,nan,nan,nan,nan,nan,nan,nan,nan,nan,nan,nan,nan,nan,nan,nan,nan,nan
220,nan,nan,nan,nan,nan,nan,nan,nan,nan,nan,nan,nan,nan,nan,nan,nan,nan,nan,nan,nan,nan,nan,nan,nan,nan,nan,nan,nan,nan,nan,nan,nan,nan,nan,nan,nan,nan,nan,nan,nan,nan,nan,nan,nan,nan,nan,nan,nan,nan,nan,nan,nan,nan,nan,nan,nan,nan,nan,nan,nan,nan,nan
221,nan,nan,nan,nan,nan,nan,nan,nan,nan,nan,nan,nan,nan,nan,nan,nan,nan,nan,nan,nan,nan,nan,nan,nan,nan,nan,nan,nan,nan,nan,nan,nan,nan,nan,nan,nan,nan,nan,nan,nan,nan,nan,nan,nan,nan,nan,nan,nan,nan,nan,nan,nan,nan,nan,nan,nan,nan,nan,nan,nan,nan,nan
222,nan,nan,nan,nan,nan,nan,nan,nan,nan,nan,nan,nan,nan,nan,nan,nan,nan,nan,nan,nan,nan,nan,nan,nan,nan,nan,nan,nan,nan,nan,nan,nan,nan,nan,nan,nan,nan,nan,nan,nan,nan,nan,nan,nan,nan,nan,nan,nan,nan,nan,nan,nan,nan,nan,nan,nan,nan,nan,nan,nan,nan,nan
223,nan,nan,nan,nan,nan,nan,nan,nan,nan,nan,nan,nan,nan,nan,nan,nan,nan,nan,nan,nan,nan,nan,nan,nan,nan,nan,nan,nan,nan,nan,nan,nan,nan,nan,nan,nan,nan,nan,nan,nan,nan,nan,nan,nan,nan,nan,nan,nan,nan,nan,nan,nan,nan,nan,nan,nan,nan,nan,nan,nan,nan,nan
224,nan,nan,nan,nan,nan,nan,nan,nan,nan,nan,nan,nan,nan,nan,nan,nan,nan,nan,nan,nan,nan,nan,nan,nan,nan,nan,nan,nan,nan,nan,nan,nan,nan,nan,nan,nan,nan,nan,nan,nan,nan,nan,nan,nan,nan,nan,nan,nan,nan,nan,nan,nan,nan,nan,nan,nan,nan,nan,nan,nan,nan,nan
225,nan,nan,nan,nan,nan,nan,nan,nan,nan,nan,nan,nan,nan,nan,nan,nan,nan,nan,nan,nan,nan,nan,nan,nan,nan,nan,nan,nan,nan,nan,nan,nan,nan,nan,nan,nan,nan,nan,nan,nan,nan,nan,nan,nan,nan,nan,nan,nan,nan,nan,nan,nan,nan,nan,nan,nan,nan,nan,nan,nan,nan,nan
226,nan,nan,nan,nan,nan,nan,nan,nan,nan,nan,nan,nan,nan,nan,nan,nan,nan,nan,nan,nan,nan,nan,nan,nan,nan,nan,nan,nan,nan,nan,nan,nan,nan,nan,nan,nan,nan,nan,nan,nan,nan,nan,nan,nan,nan,nan,nan,nan,nan,nan,nan,nan,nan,nan,nan,nan,nan,nan,nan,nan,nan,nan
227,nan,nan,nan,nan,nan,nan,nan,nan,nan,nan,nan,nan,nan,nan,nan,nan,nan,nan,nan,nan,nan,nan,nan,nan,nan,nan,nan,nan,nan,nan,nan,nan,nan,nan,nan,nan,nan,nan,nan,nan,nan,nan,nan,nan,nan,nan,nan,nan,nan,nan,nan,nan,nan,nan,nan,nan,nan,nan,nan,nan,nan,nan
228,nan,nan,nan,nan,nan,nan,nan,nan,nan,nan,nan,nan,nan,nan,nan,nan,nan,nan,nan,nan,nan,nan,nan,nan,nan,nan,nan,nan,nan,nan,nan,nan,nan,nan,nan,nan,nan,nan,nan,nan,nan,nan,nan,nan,nan,nan,nan,nan,nan,nan,nan,nan,nan,nan,nan,nan,nan,nan,nan,nan,nan,nan
229,nan,nan,nan,nan,nan,nan,nan,nan,nan,nan,nan,nan,nan,nan,nan,nan,nan,nan,nan,nan,nan,nan,nan,nan,nan,nan,nan,nan,nan,nan,nan,nan,nan,nan,nan,nan,nan,nan,nan,nan,nan,nan,nan,nan,nan,nan,nan,nan,nan,nan,nan,nan,nan,nan,nan,nan,nan,nan,nan,nan,nan,nan
230,nan,nan,nan,nan,nan,nan,nan,nan,nan,nan,nan,nan,nan,nan,nan,nan,nan,nan,nan,nan,nan,nan,nan,nan,nan,nan,nan,nan,nan,nan,nan,nan,nan,nan,nan,nan,nan,nan,nan,nan,nan,nan,nan,nan,nan,nan,nan,nan,nan,nan,nan,nan,nan,nan,nan,nan,nan,nan,nan,nan,nan,nan
231,nan,nan,nan,nan,nan,nan,nan,nan,nan,nan,nan,nan,nan,nan,nan,nan,nan,nan,nan,nan,nan,nan,nan,nan,nan,nan,nan,nan,nan,nan,nan,nan,nan,nan,nan,nan,nan,nan,nan,nan,nan,nan,nan,nan,nan,nan,nan,nan,nan,nan,nan,nan,nan,nan,nan,nan,nan,nan,nan,nan,nan,nan
232,nan,nan,nan,nan,nan,nan,nan,nan,nan,nan,nan,nan,nan,nan,nan,nan,nan,nan,nan,nan,nan,nan,nan,nan,nan,nan,nan,nan,nan,nan,nan,nan,nan,nan,nan,nan,nan,nan,nan,nan,nan,nan,nan,nan,nan,nan,nan,nan,nan,nan,nan,nan,nan,nan,nan,nan,nan,nan,nan,nan,nan,nan
233,nan,nan,nan,nan,nan,nan,nan,nan,nan,nan,nan,nan,nan,nan,nan,nan,nan,nan,nan,nan,nan,nan,nan,nan,nan,nan,nan,nan,nan,nan,nan,nan,nan,nan,nan,nan,nan,nan,nan,nan,nan,nan,nan,nan,nan,nan,nan,nan,nan,nan,nan,nan,nan,nan,nan,nan,nan,nan,nan,nan,nan,nan
234,nan,nan,nan,nan,nan,nan,nan,nan,nan,nan,nan,nan,nan,nan,nan,nan,nan,nan,nan,nan,nan,nan,nan,nan,nan,nan,nan,nan,nan,nan,nan,nan,nan,nan,nan,nan,nan,nan,nan,nan,nan,nan,nan,nan,nan,nan,nan,nan,nan,nan,nan,nan,nan,nan,nan,nan,nan,nan,nan,nan,nan,nan
235,nan,nan,nan,nan,nan,nan,nan,nan,nan,nan,nan,nan,nan,nan,nan,nan,nan,nan,nan,nan,nan,nan,nan,nan,nan,nan,nan,nan,nan,nan,nan,nan,nan,nan,nan,nan,nan,nan,nan,nan,nan,nan,nan,nan,nan,nan,nan,nan,nan,nan,nan,nan,nan,nan,nan,nan,nan,nan,nan,nan,nan,nan
236,nan,nan,nan,nan,nan,nan,nan,nan,nan,nan,nan,nan,nan,nan,nan,nan,nan,nan,nan,nan,nan,nan,nan,nan,nan,nan,nan,nan,nan,nan,nan,nan,nan,nan,nan,nan,nan,nan,nan,nan,nan,nan,nan,nan,nan,nan,nan,nan,nan,nan,nan,nan,nan,nan,nan,nan,nan,nan,nan,nan,nan,nan
237,nan,nan,nan,nan,nan,nan,nan,nan,nan,nan,nan,nan,nan,nan,nan,nan,nan,nan,nan,nan,nan,nan,nan,nan,nan,nan,nan,nan,nan,nan,nan,nan,nan,nan,nan,nan,nan,nan,nan,nan,nan,nan,nan,nan,nan,nan,nan,nan,nan,nan,nan,nan,nan,nan,nan,nan,nan,nan,nan,nan,nan,nan
238,nan,nan,nan,nan,nan,nan,nan,nan,nan,nan,nan,nan,nan,nan,nan,nan,nan,nan,nan,nan,nan,nan,nan,nan,nan,nan,nan,nan,nan,nan,nan,nan,nan,nan,nan,nan,nan,nan,nan,nan,nan,nan,nan,nan,nan,nan,nan,nan,nan,nan,nan,nan,nan,nan,nan,nan,nan,nan,nan,nan,nan,nan
239,nan,nan,nan,nan,nan,nan,nan,nan,nan,nan,nan,nan,nan,nan,nan,nan,nan,nan,nan,nan,nan,nan,nan,nan,nan,nan,nan,nan,nan,nan,nan,nan,nan,nan,nan,nan,nan,nan,nan,nan,nan,nan,nan,nan,nan,nan,nan,nan,nan,nan,nan,nan,nan,nan,nan,nan,nan,nan,nan,nan,nan,nan
240,nan,nan,nan,nan,nan,nan,nan,nan,nan,nan,nan,nan,nan,nan,nan,nan,nan,nan,nan,nan,nan,nan,nan,nan,nan,nan,nan,nan,nan,nan,nan,nan,nan,nan,nan,nan,nan,nan,nan,nan,nan,nan,nan,nan,nan,nan,nan,nan,nan,nan,nan,nan,nan,nan,nan,nan,nan,nan,nan,nan,nan,nan
241,nan,nan,nan,nan,nan,nan,nan,nan,nan,nan,nan,nan,nan,nan,nan,nan,nan,nan,nan,nan,nan,nan,nan,nan,nan,nan,nan,nan,nan,nan,nan,nan,nan,nan,nan,nan,nan,nan,nan,nan,nan,nan,nan,nan,nan,nan,nan,nan,nan,nan,nan,nan,nan,nan,nan,nan,nan,nan,nan,nan,nan,nan
242,nan,nan,nan,nan,nan,nan,nan,nan,nan,nan,nan,nan,nan,nan,nan,nan,nan,nan,nan,nan,nan,nan,nan,nan,nan,nan,nan,nan,nan,nan,nan,nan,nan,nan,nan,nan,nan,nan,nan,nan,nan,nan,nan,nan,nan,nan,nan,nan,nan,nan,nan,nan,nan,nan,nan,nan,nan,nan,nan,nan,nan,nan
243,nan,nan,nan,nan,nan,nan,nan,nan,nan,nan,nan,nan,nan,nan,nan,nan,nan,nan,nan,nan,nan,nan,nan,nan,nan,nan,nan,nan,nan,nan,nan,nan,nan,nan,nan,nan,nan,nan,nan,nan,nan,nan,nan,nan,nan,nan,nan,nan,nan,nan,nan,nan,nan,nan,nan,nan,nan,nan,nan,nan,nan,nan
244,nan,nan,nan,nan,nan,nan,nan,nan,nan,nan,nan,nan,nan,nan,nan,nan,nan,nan,nan,nan,nan,nan,nan,nan,nan,nan,nan,nan,nan,nan,nan,nan,nan,nan,nan,nan,nan,nan,nan,nan,nan,nan,nan,nan,nan,nan,nan,nan,nan,nan,nan,nan,nan,nan,nan,nan,nan,nan,nan,nan,nan,nan
245,nan,nan,nan,nan,nan,nan,nan,nan,nan,nan,nan,nan,nan,nan,nan,nan,nan,nan,nan,nan,nan,nan,nan,nan,nan,nan,nan,nan,nan,nan,nan,nan,nan,nan,nan,nan,nan,nan,nan,nan,nan,nan,nan,nan,nan,nan,nan,nan,nan,nan,nan,nan,nan,nan,nan,nan,nan,nan,nan,nan,nan,nan
246,nan,nan,nan,nan,nan,nan,nan,nan,nan,nan,nan,nan,nan,nan,nan,nan,nan,nan,nan,nan,nan,nan,nan,nan,nan,nan,nan,nan,nan,nan,nan,nan,nan,nan,nan,nan,nan,nan,nan,nan,nan,nan,nan,nan,nan,nan,nan,nan,nan,nan,nan,nan,nan,nan,nan,nan,nan,nan,nan,nan,nan,nan
247,nan,nan,nan,nan,nan,nan,nan,nan,nan,nan,nan,nan,nan,nan,nan,nan,nan,nan,nan,nan,nan,nan,nan,nan,nan,nan,nan,nan,nan,nan,nan,nan,nan,nan,nan,nan,nan,nan,nan,nan,nan,nan,nan,nan,nan,nan,nan,nan,nan,nan,nan,nan,nan,nan,nan,nan,nan,nan,nan,nan,nan,nan
248,nan,nan,nan,nan,nan,nan,nan,nan,nan,nan,nan,nan,nan,nan,nan,nan,nan,nan,nan,nan,nan,nan,nan,nan,nan,nan,nan,nan,nan,nan,nan,nan,nan,nan,nan,nan,nan,nan,nan,nan,nan,nan,nan,nan,nan,nan,nan,nan,nan,nan,nan,nan,nan,nan,nan,nan,nan,nan,nan,nan,nan,nan
249,nan,nan,nan,nan,nan,nan,nan,nan,nan,nan,nan,nan,nan,nan,nan,nan,nan,nan,nan,nan,nan,nan,nan,nan,nan,nan,nan,nan,nan,nan,nan,nan,nan,nan,nan,nan,nan,nan,nan,nan,nan,nan,nan,nan,nan,nan,nan,nan,nan,nan,nan,nan,nan,nan,nan,nan,nan,nan,nan,nan,nan,nan
250,nan,nan,nan,nan,nan,nan,nan,nan,nan,nan,nan,nan,nan,nan,nan,nan,nan,nan,nan,nan,nan,nan,nan,nan,nan,nan,nan,nan,nan,nan,nan,nan,nan,nan,nan,nan,nan,nan,nan,nan,nan,nan,nan,nan,nan,nan,nan,nan,nan,nan,nan,nan,nan,nan,nan,nan,nan,nan,nan,nan,nan,nan
251,nan,nan,nan,nan,nan,nan,nan,nan,nan,nan,nan,nan,nan,nan,nan,nan,nan,nan,nan,nan,nan,nan,nan,nan,nan,nan,nan,nan,nan,nan,nan,nan,nan,nan,nan,nan,nan,nan,nan,nan,nan,nan,nan,nan,nan,nan,nan,nan,nan,nan,nan,nan,nan,nan,nan,nan,nan,nan,nan,nan,nan,nan
252,nan,nan,nan,nan,nan,nan,nan,nan,nan,nan,nan,nan,nan,nan,nan,nan,nan,nan,nan,nan,nan,nan,nan,nan,nan,nan,nan,nan,nan,nan,nan,nan,nan,nan,nan,nan,nan,nan,nan,nan,nan,nan,nan,nan,nan,nan,nan,nan,nan,nan,nan,nan,nan,nan,nan,nan,nan,nan,nan,nan,nan,nan
253,nan,nan,nan,nan,nan,nan,nan,nan,nan,nan,nan,nan,nan,nan,nan,nan,nan,nan,nan,nan,nan,nan,nan,nan,nan,nan,nan,nan,nan,nan,nan,nan,nan,nan,nan,nan,nan,nan,nan,nan,nan,nan,nan,nan,nan,nan,nan,nan,nan,nan,nan,nan,nan,nan,nan,nan,nan,nan,nan,nan,nan,nan
254,nan,nan,nan,nan,nan,nan,nan,nan,nan,nan,nan,nan,nan,nan,nan,nan,nan,nan,nan,nan,nan,nan,nan,nan,nan,nan,nan,nan,nan,nan,nan,nan,nan,nan,nan,nan,nan,nan,nan,nan,nan,nan,nan,nan,nan,nan,nan,nan,nan,nan,nan,nan,nan,nan,nan,nan,nan,nan,nan,nan,nan,nan
255,nan,nan,nan,nan,nan,nan,nan,nan,nan,nan,nan,nan,nan,nan,nan,nan,nan,nan,nan,nan,nan,nan,nan,nan,nan,nan,nan,nan,nan,nan,nan,nan,nan,nan,nan,nan,nan,nan,nan,nan,nan,nan,nan,nan,nan,nan,nan,nan,nan,nan,nan,nan,nan,nan,nan,nan,nan,nan,nan,nan,nan,nan
256,nan,nan,nan,nan,nan,nan,nan,nan,nan,nan,nan,nan,nan,nan,nan,nan,nan,nan,nan,nan,nan,nan,nan,nan,nan,nan,nan,nan,nan,nan,nan,nan,nan,nan,nan,nan,nan,nan,nan,nan,nan,nan,nan,nan,nan,nan,nan,nan,nan,nan,nan,nan,nan,nan,nan,nan,nan,nan,nan,nan,nan,nan
257,nan,nan,nan,nan,nan,nan,nan,nan,nan,nan,nan,nan,nan,nan,nan,nan,nan,nan,nan,nan,nan,nan,nan,nan,nan,nan,nan,nan,nan,nan,nan,nan,nan,nan,nan,nan,nan,nan,nan,nan,nan,nan,nan,nan,nan,nan,nan,nan,nan,nan,nan,nan,nan,nan,nan,nan,nan,nan,nan,nan,nan,nan
258,nan,nan,nan,nan,nan,nan,nan,nan,nan,nan,nan,nan,nan,nan,nan,nan,nan,nan,nan,nan,nan,nan,nan,nan,nan,nan,nan,nan,nan,nan,nan,nan,nan,nan,nan,nan,nan,nan,nan,nan,nan,nan,nan,nan,nan,nan,nan,nan,nan,nan,nan,nan,nan,nan,nan,nan,nan,nan,nan,nan,nan,nan
259,nan,nan,nan,nan,nan,nan,nan,nan,nan,nan,nan,nan,nan,nan,nan,nan,nan,nan,nan,nan,nan,nan,nan,nan,nan,nan,nan,nan,nan,nan,nan,nan,nan,nan,nan,nan,nan,nan,nan,nan,nan,nan,nan,nan,nan,nan,nan,nan,nan,nan,nan,nan,nan,nan,nan,nan,nan,nan,nan,nan,nan,nan
260,nan,nan,nan,nan,nan,nan,nan,nan,nan,nan,nan,nan,nan,nan,nan,nan,nan,nan,nan,nan,nan,nan,nan,nan,nan,nan,nan,nan,nan,nan,nan,nan,nan,nan,nan,nan,nan,nan,nan,nan,nan,nan,nan,nan,nan,nan,nan,nan,nan,nan,nan,nan,nan,nan,nan,nan,nan,nan,nan,nan,nan,nan
261,nan,nan,nan,nan,nan,nan,nan,nan,nan,nan,nan,nan,nan,nan,nan,nan,nan,nan,nan,nan,nan,nan,nan,nan,nan,nan,nan,nan,nan,nan,nan,nan,nan,nan,nan,nan,nan,nan,nan,nan,nan,nan,nan,nan,nan,nan,nan,nan,nan,nan,nan,nan,nan,nan,nan,nan,nan,nan,nan,nan,nan,nan
262,nan,nan,nan,nan,nan,nan,nan,nan,nan,nan,nan,nan,nan,nan,nan,nan,nan,nan,nan,nan,nan,nan,nan,nan,nan,nan,nan,nan,nan,nan,nan,nan,nan,nan,nan,nan,nan,nan,nan,nan,nan,nan,nan,nan,nan,nan,nan,nan,nan,nan,nan,nan,nan,nan,nan,nan,nan,nan,nan,nan,nan,nan
263,nan,nan,nan,nan,nan,nan,nan,nan,nan,nan,nan,nan,nan,nan,nan,nan,nan,nan,nan,nan,nan,nan,nan,nan,nan,nan,nan,nan,nan,nan,nan,nan,nan,nan,nan,nan,nan,nan,nan,nan,nan,nan,nan,nan,nan,nan,nan,nan,nan,nan,nan,nan,nan,nan,nan,nan,nan,nan,nan,nan,nan,nan
264,nan,nan,nan,nan,nan,nan,nan,nan,nan,nan,nan,nan,nan,nan,nan,nan,nan,nan,nan,nan,nan,nan,nan,nan,nan,nan,nan,nan,nan,nan,nan,nan,nan,nan,nan,nan,nan,nan,nan,nan,nan,nan,nan,nan,nan,nan,nan,nan,nan,nan,nan,nan,nan,nan,nan,nan,nan,nan,nan,nan,nan,nan
265,nan,nan,nan,nan,nan,nan,nan,nan,nan,nan,nan,nan,nan,nan,nan,nan,nan,nan,nan,nan,nan,nan,nan,nan,nan,nan,nan,nan,nan,nan,nan,nan,nan,nan,nan,nan,nan,nan,nan,nan,nan,nan,nan,nan,nan,nan,nan,nan,nan,nan,nan,nan,nan,nan,nan,nan,nan,nan,nan,nan,nan,nan
266,nan,nan,nan,nan,nan,nan,nan,nan,nan,nan,nan,nan,nan,nan,nan,nan,nan,nan,nan,nan,nan,nan,nan,nan,nan,nan,nan,nan,nan,nan,nan,nan,nan,nan,nan,nan,nan,nan,nan,nan,nan,nan,nan,nan,nan,nan,nan,nan,nan,nan,nan,nan,nan,nan,nan,nan,nan,nan,nan,nan,nan,nan
267,nan,nan,nan,nan,nan,nan,nan,nan,nan,nan,nan,nan,nan,nan,nan,nan,nan,nan,nan,nan,nan,nan,nan,nan,nan,nan,nan,nan,nan,nan,nan,nan,nan,nan,nan,nan,nan,nan,nan,nan,nan,nan,nan,nan,nan,nan,nan,nan,nan,nan,nan,nan,nan,nan,nan,nan,nan,nan,nan,nan,nan,nan
268,nan,nan,nan,nan,nan,nan,nan,nan,nan,nan,nan,nan,nan,nan,nan,nan,nan,nan,nan,nan,nan,nan,nan,nan,nan,nan,nan,nan,nan,nan,nan,nan,nan,nan,nan,nan,nan,nan,nan,nan,nan,nan,nan,nan,nan,nan,nan,nan,nan,nan,nan,nan,nan,nan,nan,nan,nan,nan,nan,nan,nan,nan
269,nan,nan,nan,nan,nan,nan,nan,nan,nan,nan,nan,nan,nan,nan,nan,nan,nan,nan,nan,nan,nan,nan,nan,nan,nan,nan,nan,nan,nan,nan,nan,nan,nan,nan,nan,nan,nan,nan,nan,nan,nan,nan,nan,nan,nan,nan,nan,nan,nan,nan,nan,nan,nan,nan,nan,nan,nan,nan,nan,nan,nan,nan
270,nan,nan,nan,nan,nan,nan,nan,nan,nan,nan,nan,nan,nan,nan,nan,nan,nan,nan,nan,nan,nan,nan,nan,nan,nan,nan,nan,nan,nan,nan,nan,nan,nan,nan,nan,nan,nan,nan,nan,nan,nan,nan,nan,nan,nan,nan,nan,nan,nan,nan,nan,nan,nan,nan,nan,nan,nan,nan,nan,nan,nan,nan
271,nan,nan,nan,nan,nan,nan,nan,nan,nan,nan,nan,nan,nan,nan,nan,nan,nan,nan,nan,nan,nan,nan,nan,nan,nan,nan,nan,nan,nan,nan,nan,nan,nan,nan,nan,nan,nan,nan,nan,nan,nan,nan,nan,nan,nan,nan,nan,nan,nan,nan,nan,nan,nan,nan,nan,nan,nan,nan,nan,nan,nan,nan
272,nan,nan,nan,nan,nan,nan,nan,nan,nan,nan,nan,nan,nan,nan,nan,nan,nan,nan,nan,nan,nan,nan,nan,nan,nan,nan,nan,nan,nan,nan,nan,nan,nan,nan,nan,nan,nan,nan,nan,nan,nan,nan,nan,nan,nan,nan,nan,nan,nan,nan,nan,nan,nan,nan,nan,nan,nan,nan,nan,nan,nan,nan
273,nan,nan,nan,nan,nan,nan,nan,nan,nan,nan,nan,nan,nan,nan,nan,nan,nan,nan,nan,nan,nan,nan,nan,nan,nan,nan,nan,nan,nan,nan,nan,nan,nan,nan,nan,nan,nan,nan,nan,nan,nan,nan,nan,nan,nan,nan,nan,nan,nan,nan,nan,nan,nan,nan,nan,nan,nan,nan,nan,nan,nan,nan
274,nan,nan,nan,nan,nan,nan,nan,nan,nan,nan,nan,nan,nan,nan,nan,nan,nan,nan,nan,nan,nan,nan,nan,nan,nan,nan,nan,nan,nan,nan,nan,nan,nan,nan,nan,nan,nan,nan,nan,nan,nan,nan,nan,nan,nan,nan,nan,nan,nan,nan,nan,nan,nan,nan,nan,nan,nan,nan,nan,nan,nan,nan
275,nan,nan,nan,nan,nan,nan,nan,nan,nan,nan,nan,nan,nan,nan,nan,nan,nan,nan,nan,nan,nan,nan,nan,nan,nan,nan,nan,nan,nan,nan,nan,nan,nan,nan,nan,nan,nan,nan,nan,nan,nan,nan,nan,nan,nan,nan,nan,nan,nan,nan,nan,nan,nan,nan,nan,nan,nan,nan,nan,nan,nan,nan
276,nan,nan,nan,nan,nan,nan,nan,nan,nan,nan,nan,nan,nan,nan,nan,nan,nan,nan,nan,nan,nan,nan,nan,nan,nan,nan,nan,nan,nan,nan,nan,nan,nan,nan,nan,nan,nan,nan,nan,nan,nan,nan,nan,nan,nan,nan,nan,nan,nan,nan,nan,nan,nan,nan,nan,nan,nan,nan,nan,nan,nan,nan
277,nan,nan,nan,nan,nan,nan,nan,nan,nan,nan,nan,nan,nan,nan,nan,nan,nan,nan,nan,nan,nan,nan,nan,nan,nan,nan,nan,nan,nan,nan,nan,nan,nan,nan,nan,nan,nan,nan,nan,nan,nan,nan,nan,nan,nan,nan,nan,nan,nan,nan,nan,nan,nan,nan,nan,nan,nan,nan,nan,nan,nan,nan
278,nan,nan,nan,nan,nan,nan,nan,nan,nan,nan,nan,nan,nan,nan,nan,nan,nan,nan,nan,nan,nan,nan,nan,nan,nan,nan,nan,nan,nan,nan,nan,nan,nan,nan,nan,nan,nan,nan,nan,nan,nan,nan,nan,nan,nan,nan,nan,nan,nan,nan,nan,nan,nan,nan,nan,nan,nan,nan,nan,nan,nan,nan
279,nan,nan,nan,nan,nan,nan,nan,nan,nan,nan,nan,nan,nan,nan,nan,nan,nan,nan,nan,nan,nan,nan,nan,nan,nan,nan,nan,nan,nan,nan,nan,nan,nan,nan,nan,nan,nan,nan,nan,nan,nan,nan,nan,nan,nan,nan,nan,nan,nan,nan,nan,nan,nan,nan,nan,nan,nan,nan,nan,nan,nan,nan
280,nan,nan,nan,nan,nan,nan,nan,nan,nan,nan,nan,nan,nan,nan,nan,nan,nan,nan,nan,nan,nan,nan,nan,nan,nan,nan,nan,nan,nan,nan,nan,nan,nan,nan,nan,nan,nan,nan,nan,nan,nan,nan,nan,nan,nan,nan,nan,nan,nan,nan,nan,nan,nan,nan,nan,nan,nan,nan,nan,nan,nan,nan
281,nan,nan,nan,nan,nan,nan,nan,nan,nan,nan,nan,nan,nan,nan,nan,nan,nan,nan,nan,nan,nan,nan,nan,nan,nan,nan,nan,nan,nan,nan,nan,nan,nan,nan,nan,nan,nan,nan,nan,nan,nan,nan,nan,nan,nan,nan,nan,nan,nan,nan,nan,nan,nan,nan,nan,nan,nan,nan,nan,nan,nan,nan
282,nan,nan,nan,nan,nan,nan,nan,nan,nan,nan,nan,nan,nan,nan,nan,nan,nan,nan,nan,nan,nan,nan,nan,nan,nan,nan,nan,nan,nan,nan,nan,nan,nan,nan,nan,nan,nan,nan,nan,nan,nan,nan,nan,nan,nan,nan,nan,nan,nan,nan,nan,nan,nan,nan,nan,nan,nan,nan,nan,nan,nan,nan
283,nan,nan,nan,nan,nan,nan,nan,nan,nan,nan,nan,nan,nan,nan,nan,nan,nan,nan,nan,nan,nan,nan,nan,nan,nan,nan,nan,nan,nan,nan,nan,nan,nan,nan,nan,nan,nan,nan,nan,nan,nan,nan,nan,nan,nan,nan,nan,nan,nan,nan,nan,nan,nan,nan,nan,nan,nan,nan,nan,nan,nan,nan
284,nan,nan,nan,nan,nan,nan,nan,nan,nan,nan,nan,nan,nan,nan,nan,nan,nan,nan,nan,nan,nan,nan,nan,nan,nan,nan,nan,nan,nan,nan,nan,nan,nan,nan,nan,nan,nan,nan,nan,nan,nan,nan,nan,nan,nan,nan,nan,nan,nan,nan,nan,nan,nan,nan,nan,nan,nan,nan,nan,nan,nan,nan
285,nan,nan,nan,nan,nan,nan,nan,nan,nan,nan,nan,nan,nan,nan,nan,nan,nan,nan,nan,nan,nan,nan,nan,nan,nan,nan,nan,nan,nan,nan,nan,nan,nan,nan,nan,nan,nan,nan,nan,nan,nan,nan,nan,nan,nan,nan,nan,nan,nan,nan,nan,nan,nan,nan,nan,nan,nan,nan,nan,nan,nan,nan
286,nan,nan,nan,nan,nan,nan,nan,nan,nan,nan,nan,nan,nan,nan,nan,nan,nan,nan,nan,nan,nan,nan,nan,nan,nan,nan,nan,nan,nan,nan,nan,nan,nan,nan,nan,nan,nan,nan,nan,nan,nan,nan,nan,nan,nan,nan,nan,nan,nan,nan,nan,nan,nan,nan,nan,nan,nan,nan,nan,nan,nan,nan
287,nan,nan,nan,nan,nan,nan,nan,nan,nan,nan,nan,nan,nan,nan,nan,nan,nan,nan,nan,nan,nan,nan,nan,nan,nan,nan,nan,nan,nan,nan,nan,nan,nan,nan,nan,nan,nan,nan,nan,nan,nan,nan,nan,nan,nan,nan,nan,nan,nan,nan,nan,nan,nan,nan,nan,nan,nan,nan,nan,nan,nan,nan
288,nan,nan,nan,nan,nan,nan,nan,nan,nan,nan,nan,nan,nan,nan,nan,nan,nan,nan,nan,nan,nan,nan,nan,nan,nan,nan,nan,nan,nan,nan,nan,nan,nan,nan,nan,nan,nan,nan,nan,nan,nan,nan,nan,nan,nan,nan,nan,nan,nan,nan,nan,nan,nan,nan,nan,nan,nan,nan,nan,nan,nan,nan
289,nan,nan,nan,nan,nan,nan,nan,nan,nan,nan,nan,nan,nan,nan,nan,nan,nan,nan,nan,nan,nan,nan,nan,nan,nan,nan,nan,nan,nan,nan,nan,nan,nan,nan,nan,nan,nan,nan,nan,nan,nan,nan,nan,nan,nan,nan,nan,nan,nan,nan,nan,nan,nan,nan,nan,nan,nan,nan,nan,nan,nan,nan
290,nan,nan,nan,nan,nan,nan,nan,nan,nan,nan,nan,nan,nan,nan,nan,nan,nan,nan,nan,nan,nan,nan,nan,nan,nan,nan,nan,nan,nan,nan,nan,nan,nan,nan,nan,nan,nan,nan,nan,nan,nan,nan,nan,nan,nan,nan,nan,nan,nan,nan,nan,nan,nan,nan,nan,nan,nan,nan,nan,nan,nan,nan
291,nan,nan,nan,nan,nan,nan,nan,nan,nan,nan,nan,nan,nan,nan,nan,nan,nan,nan,nan,nan,nan,nan,nan,nan,nan,nan,nan,nan,nan,nan,nan,nan,nan,nan,nan,nan,nan,nan,nan,nan,nan,nan,nan,nan,nan,nan,nan,nan,nan,nan,nan,nan,nan,nan,nan,nan,nan,nan,nan,nan,nan,nan
292,nan,nan,nan,nan,nan,nan,nan,nan,nan,nan,nan,nan,nan,nan,nan,nan,nan,nan,nan,nan,nan,nan,nan,nan,nan,nan,nan,nan,nan,nan,nan,nan,nan,nan,nan,nan,nan,nan,nan,nan,nan,nan,nan,nan,nan,nan,nan,nan,nan,nan,nan,nan,nan,nan,nan,nan,nan,nan,nan,nan,nan,nan
293,nan,nan,nan,nan,nan,nan,nan,nan,nan,nan,nan,nan,nan,nan,nan,nan,nan,nan,nan,nan,nan,nan,nan,nan,nan,nan,nan,nan,nan,nan,nan,nan,nan,nan,nan,nan,nan,nan,nan,nan,nan,nan,nan,nan,nan,nan,nan,nan,nan,nan,nan,nan,nan,nan,nan,nan,nan,nan,nan,nan,nan,nan
294,nan,nan,nan,nan,nan,nan,nan,nan,nan,nan,nan,nan,nan,nan,nan,nan,nan,nan,nan,nan,nan,nan,nan,nan,nan,nan,nan,nan,nan,nan,nan,nan,nan,nan,nan,nan,nan,nan,nan,nan,nan,nan,nan,nan,nan,nan,nan,nan,nan,nan,nan,nan,nan,nan,nan,nan,nan,nan,nan,nan,nan,nan
295,nan,nan,nan,nan,nan,nan,nan,nan,nan,nan,nan,nan,nan,nan,nan,nan,nan,nan,nan,nan,nan,nan,nan,nan,nan,nan,nan,nan,nan,nan,nan,nan,nan,nan,nan,nan,nan,nan,nan,nan,nan,nan,nan,nan,nan,nan,nan,nan,nan,nan,nan,nan,nan,nan,nan,nan,nan,nan,nan,nan,nan,nan
296,nan,nan,nan,nan,nan,nan,nan,nan,nan,nan,nan,nan,nan,nan,nan,nan,nan,nan,nan,nan,nan,nan,nan,nan,nan,nan,nan,nan,nan,nan,nan,nan,nan,nan,nan,nan,nan,nan,nan,nan,nan,nan,nan,nan,nan,nan,nan,nan,nan,nan,nan,nan,nan,nan,nan,nan,nan,nan,nan,nan,nan,nan
297,nan,nan,nan,nan,nan,nan,nan,nan,nan,nan,nan,nan,nan,nan,nan,nan,nan,nan,nan,nan,nan,nan,nan,nan,nan,nan,nan,nan,nan,nan,nan,nan,nan,nan,nan,nan,nan,nan,nan,nan,nan,nan,nan,nan,nan,nan,nan,nan,nan,nan,nan,nan,nan,nan,nan,nan,nan,nan,nan,nan,nan,nan
298,nan,nan,nan,nan,nan,nan,nan,nan,nan,nan,nan,nan,nan,nan,nan,nan,nan,nan,nan,nan,nan,nan,nan,nan,nan,nan,nan,nan,nan,nan,nan,nan,nan,nan,nan,nan,nan,nan,nan,nan,nan,nan,nan,nan,nan,nan,nan,nan,nan,nan,nan,nan,nan,nan,nan,nan,nan,nan,nan,nan,nan,nan
299,nan,nan,nan,nan,nan,nan,nan,nan,nan,nan,nan,nan,nan,nan,nan,nan,nan,nan,nan,nan,nan,nan,nan,nan,nan,nan,nan,nan,nan,nan,nan,nan,nan,nan,nan,nan,nan,nan,nan,nan,nan,nan,nan,nan,nan,nan,nan,nan,nan,nan,nan,nan,nan,nan,nan,nan,nan,nan,nan,nan,nan,nan
300,nan,nan,nan,nan,nan,nan,nan,nan,nan,nan,nan,nan,nan,nan,nan,nan,nan,nan,nan,nan,nan,nan,nan,nan,nan,nan,nan,nan,nan,nan,nan,nan,nan,nan,nan,nan,nan,nan,nan,nan,nan,nan,nan,nan,nan,nan,nan,nan,nan,nan,nan,nan,nan,nan,nan,nan,nan,nan,nan,nan,nan,nan
301,nan,nan,nan,nan,nan,nan,nan,nan,nan,nan,nan,nan,nan,nan,nan,nan,nan,nan,nan,nan,nan,nan,nan,nan,nan,nan,nan,nan,nan,nan,nan,nan,nan,nan,nan,nan,nan,nan,nan,nan,nan,nan,nan,nan,nan,nan,nan,nan,nan,nan,nan,nan,nan,nan,nan,nan,nan,nan,nan,nan,nan,nan
302,nan,nan,nan,nan,nan,nan,nan,nan,nan,nan,nan,nan,nan,nan,nan,nan,nan,nan,nan,nan,nan,nan,nan,nan,nan,nan,nan,nan,nan,nan,nan,nan,nan,nan,nan,nan,nan,nan,nan,nan,nan,nan,nan,nan,nan,nan,nan,nan,nan,nan,nan,nan,nan,nan,nan,nan,nan,nan,nan,nan,nan,nan
303,nan,nan,nan,nan,nan,nan,nan,nan,nan,nan,nan,nan,nan,nan,nan,nan,nan,nan,nan,nan,nan,nan,nan,nan,nan,nan,nan,nan,nan,nan,nan,nan,nan,nan,nan,nan,nan,nan,nan,nan,nan,nan,nan,nan,nan,nan,nan,nan,nan,nan,nan,nan,nan,nan,nan,nan,nan,nan,nan,nan,nan,nan
304,nan,nan,nan,nan,nan,nan,nan,nan,nan,nan,nan,nan,nan,nan,nan,nan,nan,nan,nan,nan,nan,nan,nan,nan,nan,nan,nan,nan,nan,nan,nan,nan,nan,nan,nan,nan,nan,nan,nan,nan,nan,nan,nan,nan,nan,nan,nan,nan,nan,nan,nan,nan,nan,nan,nan,nan,nan,nan,nan,nan,nan,nan
305,nan,nan,nan,nan,nan,nan,nan,nan,nan,nan,nan,nan,nan,nan,nan,nan,nan,nan,nan,nan,nan,nan,nan,nan,nan,nan,nan,nan,nan,nan,nan,nan,nan,nan,nan,nan,nan,nan,nan,nan,nan,nan,nan,nan,nan,nan,nan,nan,nan,nan,nan,nan,nan,nan,nan,nan,nan,nan,nan,nan,nan,nan
306,nan,nan,nan,nan,nan,nan,nan,nan,nan,nan,nan,nan,nan,nan,nan,nan,nan,nan,nan,nan,nan,nan,nan,nan,nan,nan,nan,nan,nan,nan,nan,nan,nan,nan,nan,nan,nan,nan,nan,nan,nan,nan,nan,nan,nan,nan,nan,nan,nan,nan,nan,nan,nan,nan,nan,nan,nan,nan,nan,nan,nan,nan
307,nan,nan,nan,nan,nan,nan,nan,nan,nan,nan,nan,nan,nan,nan,nan,nan,nan,nan,nan,nan,nan,nan,nan,nan,nan,nan,nan,nan,nan,nan,nan,nan,nan,nan,nan,nan,nan,nan,nan,nan,nan,nan,nan,nan,nan,nan,nan,nan,nan,nan,nan,nan,nan,nan,nan,nan,nan,nan,nan,nan,nan,nan
308,nan,nan,nan,nan,nan,nan,nan,nan,nan,nan,nan,nan,nan,nan,nan,nan,nan,nan,nan,nan,nan,nan,nan,nan,nan,nan,nan,nan,nan,nan,nan,nan,nan,nan,nan,nan,nan,nan,nan,nan,nan,nan,nan,nan,nan,nan,nan,nan,nan,nan,nan,nan,nan,nan,nan,nan,nan,nan,nan,nan,nan,nan
309,nan,nan,nan,nan,nan,nan,nan,nan,nan,nan,nan,nan,nan,nan,nan,nan,nan,nan,nan,nan,nan,nan,nan,nan,nan,nan,nan,nan,nan,nan,nan,nan,nan,nan,nan,nan,nan,nan,nan,nan,nan,nan,nan,nan,nan,nan,nan,nan,nan,nan,nan,nan,nan,nan,nan,nan,nan,nan,nan,nan,nan,nan
310,nan,nan,nan,nan,nan,nan,nan,nan,nan,nan,nan,nan,nan,nan,nan,nan,nan,nan,nan,nan,nan,nan,nan,nan,nan,nan,nan,nan,nan,nan,nan,nan,nan,nan,nan,nan,nan,nan,nan,nan,nan,nan,nan,nan,nan,nan,nan,nan,nan,nan,nan,nan,nan,nan,nan,nan,nan,nan,nan,nan,nan,nan
311,nan,nan,nan,nan,nan,nan,nan,nan,nan,nan,nan,nan,nan,nan,nan,nan,nan,nan,nan,nan,nan,nan,nan,nan,nan,nan,nan,nan,nan,nan,nan,nan,nan,nan,nan,nan,nan,nan,nan,nan,nan,nan,nan,nan,nan,nan,nan,nan,nan,nan,nan,nan,nan,nan,nan,nan,nan,nan,nan,nan,nan,nan
312,nan,nan,nan,nan,nan,nan,nan,nan,nan,nan,nan,nan,nan,nan,nan,nan,nan,nan,nan,nan,nan,nan,nan,nan,nan,nan,nan,nan,nan,nan,nan,nan,nan,nan,nan,nan,nan,nan,nan,nan,nan,nan,nan,nan,nan,nan,nan,nan,nan,nan,nan,nan,nan,nan,nan,nan,nan,nan,nan,nan,nan,nan
313,nan,nan,nan,nan,nan,nan,nan,nan,nan,nan,nan,nan,nan,nan,nan,nan,nan,nan,nan,nan,nan,nan,nan,nan,nan,nan,nan,nan,nan,nan,nan,nan,nan,nan,nan,nan,nan,nan,nan,nan,nan,nan,nan,nan,nan,nan,nan,nan,nan,nan,nan,nan,nan,nan,nan,nan,nan,nan,nan,nan,nan,nan
314,nan,nan,nan,nan,nan,nan,nan,nan,nan,nan,nan,nan,nan,nan,nan,nan,nan,nan,nan,nan,nan,nan,nan,nan,nan,nan,nan,nan,nan,nan,nan,nan,nan,nan,nan,nan,nan,nan,nan,nan,nan,nan,nan,nan,nan,nan,nan,nan,nan,nan,nan,nan,nan,nan,nan,nan,nan,nan,nan,nan,nan,nan
315,nan,nan,nan,nan,nan,nan,nan,nan,nan,nan,nan,nan,nan,nan,nan,nan,nan,nan,nan,nan,nan,nan,nan,nan,nan,nan,nan,nan,nan,nan,nan,nan,nan,nan,nan,nan,nan,nan,nan,nan,nan,nan,nan,nan,nan,nan,nan,nan,nan,nan,nan,nan,nan,nan,nan,nan,nan,nan,nan,nan,nan,nan
316,nan,nan,nan,nan,nan,nan,nan,nan,nan,nan,nan,nan,nan,nan,nan,nan,nan,nan,nan,nan,nan,nan,nan,nan,nan,nan,nan,nan,nan,nan,nan,nan,nan,nan,nan,nan,nan,nan,nan,nan,nan,nan,nan,nan,nan,nan,nan,nan,nan,nan,nan,nan,nan,nan,nan,nan,nan,nan,nan,nan,nan,nan
317,nan,nan,nan,nan,nan,nan,nan,nan,nan,nan,nan,nan,nan,nan,nan,nan,nan,nan,nan,nan,nan,nan,nan,nan,nan,nan,nan,nan,nan,nan,nan,nan,nan,nan,nan,nan,nan,nan,nan,nan,nan,nan,nan,nan,nan,nan,nan,nan,nan,nan,nan,nan,nan,nan,nan,nan,nan,nan,nan,nan,nan,nan
318,nan,nan,nan,nan,nan,nan,nan,nan,nan,nan,nan,nan,nan,nan,nan,nan,nan,nan,nan,nan,nan,nan,nan,nan,nan,nan,nan,nan,nan,nan,nan,nan,nan,nan,nan,nan,nan,nan,nan,nan,nan,nan,nan,nan,nan,nan,nan,nan,nan,nan,nan,nan,nan,nan,nan,nan,nan,nan,nan,nan,nan,nan
319,nan,nan,nan,nan,nan,nan,nan,nan,nan,nan,nan,nan,nan,nan,nan,nan,nan,nan,nan,nan,nan,nan,nan,nan,nan,nan,nan,nan,nan,nan,nan,nan,nan,nan,nan,nan,nan,nan,nan,nan,nan,nan,nan,nan,nan,nan,nan,nan,nan,nan,nan,nan,nan,nan,nan,nan,nan,nan,nan,nan,nan,nan
320,nan,nan,nan,nan,nan,nan,nan,nan,nan,nan,nan,nan,nan,nan,nan,nan,nan,nan,nan,nan,nan,nan,nan,nan,nan,nan,nan,nan,nan,nan,nan,nan,nan,nan,nan,nan,nan,nan,nan,nan,nan,nan,nan,nan,nan,nan,nan,nan,nan,nan,nan,nan,nan,nan,nan,nan,nan,nan,nan,nan,nan,nan
321,nan,nan,nan,nan,nan,nan,nan,nan,nan,nan,nan,nan,nan,nan,nan,nan,nan,nan,nan,nan,nan,nan,nan,nan,nan,nan,nan,nan,nan,nan,nan,nan,nan,nan,nan,nan,nan,nan,nan,nan,nan,nan,nan,nan,nan,nan,nan,nan,nan,nan,nan,nan,nan,nan,nan,nan,nan,nan,nan,nan,nan,nan
322,nan,nan,nan,nan,nan,nan,nan,nan,nan,nan,nan,nan,nan,nan,nan,nan,nan,nan,nan,nan,nan,nan,nan,nan,nan,nan,nan,nan,nan,nan,nan,nan,nan,nan,nan,nan,nan,nan,nan,nan,nan,nan,nan,nan,nan,nan,nan,nan,nan,nan,nan,nan,nan,nan,nan,nan,nan,nan,nan,nan,nan,nan
323,nan,nan,nan,nan,nan,nan,nan,nan,nan,nan,nan,nan,nan,nan,nan,nan,nan,nan,nan,nan,nan,nan,nan,nan,nan,nan,nan,nan,nan,nan,nan,nan,nan,nan,nan,nan,nan,nan,nan,nan,nan,nan,nan,nan,nan,nan,nan,nan,nan,nan,nan,nan,nan,nan,nan,nan,nan,nan,nan,nan,nan,nan
324,nan,nan,nan,nan,nan,nan,nan,nan,nan,nan,nan,nan,nan,nan,nan,nan,nan,nan,nan,nan,nan,nan,nan,nan,nan,nan,nan,nan,nan,nan,nan,nan,nan,nan,nan,nan,nan,nan,nan,nan,nan,nan,nan,nan,nan,nan,nan,nan,nan,nan,nan,nan,nan,nan,nan,nan,nan,nan,nan,nan,nan,nan
325,nan,nan,nan,nan,nan,nan,nan,nan,nan,nan,nan,nan,nan,nan,nan,nan,nan,nan,nan,nan,nan,nan,nan,nan,nan,nan,nan,nan,nan,nan,nan,nan,nan,nan,nan,nan,nan,nan,nan,nan,nan,nan,nan,nan,nan,nan,nan,nan,nan,nan,nan,nan,nan,nan,nan,nan,nan,nan,nan,nan,nan,nan
326,nan,nan,nan,nan,nan,nan,nan,nan,nan,nan,nan,nan,nan,nan,nan,nan,nan,nan,nan,nan,nan,nan,nan,nan,nan,nan,nan,nan,nan,nan,nan,nan,nan,nan,nan,nan,nan,nan,nan,nan,nan,nan,nan,nan,nan,nan,nan,nan,nan,nan,nan,nan,nan,nan,nan,nan,nan,nan,nan,nan,nan,nan
327,nan,nan,nan,nan,nan,nan,nan,nan,nan,nan,nan,nan,nan,nan,nan,nan,nan,nan,nan,nan,nan,nan,nan,nan,nan,nan,nan,nan,nan,nan,nan,nan,nan,nan,nan,nan,nan,nan,nan,nan,nan,nan,nan,nan,nan,nan,nan,nan,nan,nan,nan,nan,nan,nan,nan,nan,nan,nan,nan,nan,nan,nan
328,nan,nan,nan,nan,nan,nan,nan,nan,nan,nan,nan,nan,nan,nan,nan,nan,nan,nan,nan,nan,nan,nan,nan,nan,nan,nan,nan,nan,nan,nan,nan,nan,nan,nan,nan,nan,nan,nan,nan,nan,nan,nan,nan,nan,nan,nan,nan,nan,nan,nan,nan,nan,nan,nan,nan,nan,nan,nan,nan,nan,nan,nan
329,nan,nan,nan,nan,nan,nan,nan,nan,nan,nan,nan,nan,nan,nan,nan,nan,nan,nan,nan,nan,nan,nan,nan,nan,nan,nan,nan,nan,nan,nan,nan,nan,nan,nan,nan,nan,nan,nan,nan,nan,nan,nan,nan,nan,nan,nan,nan,nan,nan,nan,nan,nan,nan,nan,nan,nan,nan,nan,nan,nan,nan,nan
330,nan,nan,nan,nan,nan,nan,nan,nan,nan,nan,nan,nan,nan,nan,nan,nan,nan,nan,nan,nan,nan,nan,nan,nan,nan,nan,nan,nan,nan,nan,nan,nan,nan,nan,nan,nan,nan,nan,nan,nan,nan,nan,nan,nan,nan,nan,nan,nan,nan,nan,nan,nan,nan,nan,nan,nan,nan,nan,nan,nan,nan,nan
331,nan,nan,nan,nan,nan,nan,nan,nan,nan,nan,nan,nan,nan,nan,nan,nan,nan,nan,nan,nan,nan,nan,nan,nan,nan,nan,nan,nan,nan,nan,nan,nan,nan,nan,nan,nan,nan,nan,nan,nan,nan,nan,nan,nan,nan,nan,nan,nan,nan,nan,nan,nan,nan,nan,nan,nan,nan,nan,nan,nan,nan,nan
332,nan,nan,nan,nan,nan,nan,nan,nan,nan,nan,nan,nan,nan,nan,nan,nan,nan,nan,nan,nan,nan,nan,nan,nan,nan,nan,nan,nan,nan,nan,nan,nan,nan,nan,nan,nan,nan,nan,nan,nan,nan,nan,nan,nan,nan,nan,nan,nan,nan,nan,nan,nan,nan,nan,nan,nan,nan,nan,nan,nan,nan,nan
333,nan,nan,nan,nan,nan,nan,nan,nan,nan,nan,nan,nan,nan,nan,nan,nan,nan,nan,nan,nan,nan,nan,nan,nan,nan,nan,nan,nan,nan,nan,nan,nan,nan,nan,nan,nan,nan,nan,nan,nan,nan,nan,nan,nan,nan,nan,nan,nan,nan,nan,nan,nan,nan,nan,nan,nan,nan,nan,nan,nan,nan,nan
334,nan,nan,nan,nan,nan,nan,nan,nan,nan,nan,nan,nan,nan,nan,nan,nan,nan,nan,nan,nan,nan,nan,nan,nan,nan,nan,nan,nan,nan,nan,nan,nan,nan,nan,nan,nan,nan,nan,nan,nan,nan,nan,nan,nan,nan,nan,nan,nan,nan,nan,nan,nan,nan,nan,nan,nan,nan,nan,nan,nan,nan,nan
335,nan,nan,nan,nan,nan,nan,nan,nan,nan,nan,nan,nan,nan,nan,nan,nan,nan,nan,nan,nan,nan,nan,nan,nan,nan,nan,nan,nan,nan,nan,nan,nan,nan,nan,nan,nan,nan,nan,nan,nan,nan,nan,nan,nan,nan,nan,nan,nan,nan,nan,nan,nan,nan,nan,nan,nan,nan,nan,nan,nan,nan,nan
336,nan,nan,nan,nan,nan,nan,nan,nan,nan,nan,nan,nan,nan,nan,nan,nan,nan,nan,nan,nan,nan,nan,nan,nan,nan,nan,nan,nan,nan,nan,nan,nan,nan,nan,nan,nan,nan,nan,nan,nan,nan,nan,nan,nan,nan,nan,nan,nan,nan,nan,nan,nan,nan,nan,nan,nan,nan,nan,nan,nan,nan,nan
337,nan,nan,nan,nan,nan,nan,nan,nan,nan,nan,nan,nan,nan,nan,nan,nan,nan,nan,nan,nan,nan,nan,nan,nan,nan,nan,nan,nan,nan,nan,nan,nan,nan,nan,nan,nan,nan,nan,nan,nan,nan,nan,nan,nan,nan,nan,nan,nan,nan,nan,nan,nan,nan,nan,nan,nan,nan,nan,nan,nan,nan,nan
338,nan,nan,nan,nan,nan,nan,nan,nan,nan,nan,nan,nan,nan,nan,nan,nan,nan,nan,nan,nan,nan,nan,nan,nan,nan,nan,nan,nan,nan,nan,nan,nan,nan,nan,nan,nan,nan,nan,nan,nan,nan,nan,nan,nan,nan,nan,nan,nan,nan,nan,nan,nan,nan,nan,nan,nan,nan,nan,nan,nan,nan,nan
339,nan,nan,nan,nan,nan,nan,nan,nan,nan,nan,nan,nan,nan,nan,nan,nan,nan,nan,nan,nan,nan,nan,nan,nan,nan,nan,nan,nan,nan,nan,nan,nan,nan,nan,nan,nan,nan,nan,nan,nan,nan,nan,nan,nan,nan,nan,nan,nan,nan,nan,nan,nan,nan,nan,nan,nan,nan,nan,nan,nan,nan,nan
340,nan,nan,nan,nan,nan,nan,nan,nan,nan,nan,nan,nan,nan,nan,nan,nan,nan,nan,nan,nan,nan,nan,nan,nan,nan,nan,nan,nan,nan,nan,nan,nan,nan,nan,nan,nan,nan,nan,nan,nan,nan,nan,nan,nan,nan,nan,nan,nan,nan,nan,nan,nan,nan,nan,nan,nan,nan,nan,nan,nan,nan,nan
341,nan,nan,nan,nan,nan,nan,nan,nan,nan,nan,nan,nan,nan,nan,nan,nan,nan,nan,nan,nan,nan,nan,nan,nan,nan,nan,nan,nan,nan,nan,nan,nan,nan,nan,nan,nan,nan,nan,nan,nan,nan,nan,nan,nan,nan,nan,nan,nan,nan,nan,nan,nan,nan,nan,nan,nan,nan,nan,nan,nan,nan,nan
342,nan,nan,nan,nan,nan,nan,nan,nan,nan,nan,nan,nan,nan,nan,nan,nan,nan,nan,nan,nan,nan,nan,nan,nan,nan,nan,nan,nan,nan,nan,nan,nan,nan,nan,nan,nan,nan,nan,nan,nan,nan,nan,nan,nan,nan,nan,nan,nan,nan,nan,nan,nan,nan,nan,nan,nan,nan,nan,nan,nan,nan,nan
343,nan,nan,nan,nan,nan,nan,nan,nan,nan,nan,nan,nan,nan,nan,nan,nan,nan,nan,nan,nan,nan,nan,nan,nan,nan,nan,nan,nan,nan,nan,nan,nan,nan,nan,nan,nan,nan,nan,nan,nan,nan,nan,nan,nan,nan,nan,nan,nan,nan,nan,nan,nan,nan,nan,nan,nan,nan,nan,nan,nan,nan,nan
344,nan,nan,nan,nan,nan,nan,nan,nan,nan,nan,nan,nan,nan,nan,nan,nan,nan,nan,nan,nan,nan,nan,nan,nan,nan,nan,nan,nan,nan,nan,nan,nan,nan,nan,nan,nan,nan,nan,nan,nan,nan,nan,nan,nan,nan,nan,nan,nan,nan,nan,nan,nan,nan,nan,nan,nan,nan,nan,nan,nan,nan,nan
345,nan,nan,nan,nan,nan,nan,nan,nan,nan,nan,nan,nan,nan,nan,nan,nan,nan,nan,nan,nan,nan,nan,nan,nan,nan,nan,nan,nan,nan,nan,nan,nan,nan,nan,nan,nan,nan,nan,nan,nan,nan,nan,nan,nan,nan,nan,nan,nan,nan,nan,nan,nan,nan,nan,nan,nan,nan,nan,nan,nan,nan,nan
346,nan,nan,nan,nan,nan,nan,nan,nan,nan,nan,nan,nan,nan,nan,nan,nan,nan,nan,nan,nan,nan,nan,nan,nan,nan,nan,nan,nan,nan,nan,nan,nan,nan,nan,nan,nan,nan,nan,nan,nan,nan,nan,nan,nan,nan,nan,nan,nan,nan,nan,nan,nan,nan,nan,nan,nan,nan,nan,nan,nan,nan,nan
347,nan,nan,nan,nan,nan,nan,nan,nan,nan,nan,nan,nan,nan,nan,nan,nan,nan,nan,nan,nan,nan,nan,nan,nan,nan,nan,nan,nan,nan,nan,nan,nan,nan,nan,nan,nan,nan,nan,nan,nan,nan,nan,nan,nan,nan,nan,nan,nan,nan,nan,nan,nan,nan,nan,nan,nan,nan,nan,nan,nan,nan,nan
348,nan,nan,nan,nan,nan,nan,nan,nan,nan,nan,nan,nan,nan,nan,nan,nan,nan,nan,nan,nan,nan,nan,nan,nan,nan,nan,nan,nan,nan,nan,nan,nan,nan,nan,nan,nan,nan,nan,nan,nan,nan,nan,nan,nan,nan,nan,nan,nan,nan,nan,nan,nan,nan,nan,nan,nan,nan,nan,nan,nan,nan,nan
349,nan,nan,nan,nan,nan,nan,nan,nan,nan,nan,nan,nan,nan,nan,nan,nan,nan,nan,nan,nan,nan,nan,nan,nan,nan,nan,nan,nan,nan,nan,nan,nan,nan,nan,nan,nan,nan,nan,nan,nan,nan,nan,nan,nan,nan,nan,nan,nan,nan,nan,nan,nan,nan,nan,nan,nan,nan,nan,nan,nan,nan,nan
350,nan,nan,nan,nan,nan,nan,nan,nan,nan,nan,nan,nan,nan,nan,nan,nan,nan,nan,nan,nan,nan,nan,nan,nan,nan,nan,nan,nan,nan,nan,nan,nan,nan,nan,nan,nan,nan,nan,nan,nan,nan,nan,nan,nan,nan,nan,nan,nan,nan,nan,nan,nan,nan,nan,nan,nan,nan,nan,nan,nan,nan,nan
351,nan,nan,nan,nan,nan,nan,nan,nan,nan,nan,nan,nan,nan,nan,nan,nan,nan,nan,nan,nan,nan,nan,nan,nan,nan,nan,nan,nan,nan,nan,nan,nan,nan,nan,nan,nan,nan,nan,nan,nan,nan,nan,nan,nan,nan,nan,nan,nan,nan,nan,nan,nan,nan,nan,nan,nan,nan,nan,nan,nan,nan,nan
352,nan,nan,nan,nan,nan,nan,nan,nan,nan,nan,nan,nan,nan,nan,nan,nan,nan,nan,nan,nan,nan,nan,nan,nan,nan,nan,nan,nan,nan,nan,nan,nan,nan,nan,nan,nan,nan,nan,nan,nan,nan,nan,nan,nan,nan,nan,nan,nan,nan,nan,nan,nan,nan,nan,nan,nan,nan,nan,nan,nan,nan,nan
353,nan,nan,nan,nan,nan,nan,nan,nan,nan,nan,nan,nan,nan,nan,nan,nan,nan,nan,nan,nan,nan,nan,nan,nan,nan,nan,nan,nan,nan,nan,nan,nan,nan,nan,nan,nan,nan,nan,nan,nan,nan,nan,nan,nan,nan,nan,nan,nan,nan,nan,nan,nan,nan,nan,nan,nan,nan,nan,nan,nan,nan,nan
354,nan,nan,nan,nan,nan,nan,nan,nan,nan,nan,nan,nan,nan,nan,nan,nan,nan,nan,nan,nan,nan,nan,nan,nan,nan,nan,nan,nan,nan,nan,nan,nan,nan,nan,nan,nan,nan,nan,nan,nan,nan,nan,nan,nan,nan,nan,nan,nan,nan,nan,nan,nan,nan,nan,nan,nan,nan,nan,nan,nan,nan,nan
355,nan,nan,nan,nan,nan,nan,nan,nan,nan,nan,nan,nan,nan,nan,nan,nan,nan,nan,nan,nan,nan,nan,nan,nan,nan,nan,nan,nan,nan,nan,nan,nan,nan,nan,nan,nan,nan,nan,nan,nan,nan,nan,nan,nan,nan,nan,nan,nan,nan,nan,nan,nan,nan,nan,nan,nan,nan,nan,nan,nan,nan,nan
356,nan,nan,nan,nan,nan,nan,nan,nan,nan,nan,nan,nan,nan,nan,nan,nan,nan,nan,nan,nan,nan,nan,nan,nan,nan,nan,nan,nan,nan,nan,nan,nan,nan,nan,nan,nan,nan,nan,nan,nan,nan,nan,nan,nan,nan,nan,nan,nan,nan,nan,nan,nan,nan,nan,nan,nan,nan,nan,nan,nan,nan,nan
357,nan,nan,nan,nan,nan,nan,nan,nan,nan,nan,nan,nan,nan,nan,nan,nan,nan,nan,nan,nan,nan,nan,nan,nan,nan,nan,nan,nan,nan,nan,nan,nan,nan,nan,nan,nan,nan,nan,nan,nan,nan,nan,nan,nan,nan,nan,nan,nan,nan,nan,nan,nan,nan,nan,nan,nan,nan,nan,nan,nan,nan,nan
358,nan,nan,nan,nan,nan,nan,nan,nan,nan,nan,nan,nan,nan,nan,nan,nan,nan,nan,nan,nan,nan,nan,nan,nan,nan,nan,nan,nan,nan,nan,nan,nan,nan,nan,nan,nan,nan,nan,nan,nan,nan,nan,nan,nan,nan,nan,nan,nan,nan,nan,nan,nan,nan,nan,nan,nan,nan,nan,nan,nan,nan,nan
359,nan,nan,nan,nan,nan,nan,nan,nan,nan,nan,nan,nan,nan,nan,nan,nan,nan,nan,nan,nan,nan,nan,nan,nan,nan,nan,nan,nan,nan,nan,nan,nan,nan,nan,nan,nan,nan,nan,nan,nan,nan,nan,nan,nan,nan,nan,nan,nan,nan,nan,nan,nan,nan,nan,nan,nan,nan,nan,nan,nan,nan,nan
360,nan,nan,nan,nan,nan,nan,nan,nan,nan,nan,nan,nan,nan,nan,nan,nan,nan,nan,nan,nan,nan,nan,nan,nan,nan,nan,nan,nan,nan,nan,nan,nan,nan,nan,nan,nan,nan,nan,nan,nan,nan,nan,nan,nan,nan,nan,nan,nan,nan,nan,nan,nan,nan,nan,nan,nan,nan,nan,nan,nan,nan,nan
361,nan,nan,nan,nan,nan,nan,nan,nan,nan,nan,nan,nan,nan,nan,nan,nan,nan,nan,nan,nan,nan,nan,nan,nan,nan,nan,nan,nan,nan,nan,nan,nan,nan,nan,nan,nan,nan,nan,nan,nan,nan,nan,nan,nan,nan,nan,nan,nan,nan,nan,nan,nan,nan,nan,nan,nan,nan,nan,nan,nan,nan,nan
362,nan,nan,nan,nan,nan,nan,nan,nan,nan,nan,nan,nan,nan,nan,nan,nan,nan,nan,nan,nan,nan,nan,nan,nan,nan,nan,nan,nan,nan,nan,nan,nan,nan,nan,nan,nan,nan,nan,nan,nan,nan,nan,nan,nan,nan,nan,nan,nan,nan,nan,nan,nan,nan,nan,nan,nan,nan,nan,nan,nan,nan,nan
363,nan,nan,nan,nan,nan,nan,nan,nan,nan,nan,nan,nan,nan,nan,nan,nan,nan,nan,nan,nan,nan,nan,nan,nan,nan,nan,nan,nan,nan,nan,nan,nan,nan,nan,nan,nan,nan,nan,nan,nan,nan,nan,nan,nan,nan,nan,nan,nan,nan,nan,nan,nan,nan,nan,nan,nan,nan,nan,nan,nan,nan,nan
364,nan,nan,nan,nan,nan,nan,nan,nan,nan,nan,nan,nan,nan,nan,nan,nan,nan,nan,nan,nan,nan,nan,nan,nan,nan,nan,nan,nan,nan,nan,nan,nan,nan,nan,nan,nan,nan,nan,nan,nan,nan,nan,nan,nan,nan,nan,nan,nan,nan,nan,nan,nan,nan,nan,nan,nan,nan,nan,nan,nan,nan,nan
365,nan,nan,nan,nan,nan,nan,nan,nan,nan,nan,nan,nan,nan,nan,nan,nan,nan,nan,nan,nan,nan,nan,nan,nan,nan,nan,nan,nan,nan,nan,nan,nan,nan,nan,nan,nan,nan,nan,nan,nan,nan,nan,nan,nan,nan,nan,nan,nan,nan,nan,nan,nan,nan,nan,nan,nan,nan,nan,nan,nan,nan,nan
366,nan,nan,nan,nan,nan,nan,nan,nan,nan,nan,nan,nan,nan,nan,nan,nan,nan,nan,nan,nan,nan,nan,nan,nan,nan,nan,nan,nan,nan,nan,nan,nan,nan,nan,nan,nan,nan,nan,nan,nan,nan,nan,nan,nan,nan,nan,nan,nan,nan,nan,nan,nan,nan,nan,nan,nan,nan,nan,nan,nan,nan,nan
367,nan,nan,nan,nan,nan,nan,nan,nan,nan,nan,nan,nan,nan,nan,nan,nan,nan,nan,nan,nan,nan,nan,nan,nan,nan,nan,nan,nan,nan,nan,nan,nan,nan,nan,nan,nan,nan,nan,nan,nan,nan,nan,nan,nan,nan,nan,nan,nan,nan,nan,nan,nan,nan,nan,nan,nan,nan,nan,nan,nan,nan,nan
368,nan,nan,nan,nan,nan,nan,nan,nan,nan,nan,nan,nan,nan,nan,nan,nan,nan,nan,nan,nan,nan,nan,nan,nan,nan,nan,nan,nan,nan,nan,nan,nan,nan,nan,nan,nan,nan,nan,nan,nan,nan,nan,nan,nan,nan,nan,nan,nan,nan,nan,nan,nan,nan,nan,nan,nan,nan,nan,nan,nan,nan,nan
369,nan,nan,nan,nan,nan,nan,nan,nan,nan,nan,nan,nan,nan,nan,nan,nan,nan,nan,nan,nan,nan,nan,nan,nan,nan,nan,nan,nan,nan,nan,nan,nan,nan,nan,nan,nan,nan,nan,nan,nan,nan,nan,nan,nan,nan,nan,nan,nan,nan,nan,nan,nan,nan,nan,nan,nan,nan,nan,nan,nan,nan,nan
370,nan,nan,nan,nan,nan,nan,nan,nan,nan,nan,nan,nan,nan,nan,nan,nan,nan,nan,nan,nan,nan,nan,nan,nan,nan,nan,nan,nan,nan,nan,nan,nan,nan,nan,nan,nan,nan,nan,nan,nan,nan,nan,nan,nan,nan,nan,nan,nan,nan,nan,nan,nan,nan,nan,nan,nan,nan,nan,nan,nan,nan,nan
371,nan,nan,nan,nan,nan,nan,nan,nan,nan,nan,nan,nan,nan,nan,nan,nan,nan,nan,nan,nan,nan,nan,nan,nan,nan,nan,nan,nan,nan,nan,nan,nan,nan,nan,nan,nan,nan,nan,nan,nan,nan,nan,nan,nan,nan,nan,nan,nan,nan,nan,nan,nan,nan,nan,nan,nan,nan,nan,nan,nan,nan,nan
372,nan,nan,nan,nan,nan,nan,nan,nan,nan,nan,nan,nan,nan,nan,nan,nan,nan,nan,nan,nan,nan,nan,nan,nan,nan,nan,nan,nan,nan,nan,nan,nan,nan,nan,nan,nan,nan,nan,nan,nan,nan,nan,nan,nan,nan,nan,nan,nan,nan,nan,nan,nan,nan,nan,nan,nan,nan,nan,nan,nan,nan,nan
373,nan,nan,nan,nan,nan,nan,nan,nan,nan,nan,nan,nan,nan,nan,nan,nan,nan,nan,nan,nan,nan,nan,nan,nan,nan,nan,nan,nan,nan,nan,nan,nan,nan,nan,nan,nan,nan,nan,nan,nan,nan,nan,nan,nan,nan,nan,nan,nan,nan,nan,nan,nan,nan,nan,nan,nan,nan,nan,nan,nan,nan,nan
374,nan,nan,nan,nan,nan,nan,nan,nan,nan,nan,nan,nan,nan,nan,nan,nan,nan,nan,nan,nan,nan,nan,nan,nan,nan,nan,nan,nan,nan,nan,nan,nan,nan,nan,nan,nan,nan,nan,nan,nan,nan,nan,nan,nan,nan,nan,nan,nan,nan,nan,nan,nan,nan,nan,nan,nan,nan,nan,nan,nan,nan,nan
375,nan,nan,nan,nan,nan,nan,nan,nan,nan,nan,nan,nan,nan,nan,nan,nan,nan,nan,nan,nan,nan,nan,nan,nan,nan,nan,nan,nan,nan,nan,nan,nan,nan,nan,nan,nan,nan,nan,nan,nan,nan,nan,nan,nan,nan,nan,nan,nan,nan,nan,nan,nan,nan,nan,nan,nan,nan,nan,nan,nan,nan,nan
376,nan,nan,nan,nan,nan,nan,nan,nan,nan,nan,nan,nan,nan,nan,nan,nan,nan,nan,nan,nan,nan,nan,nan,nan,nan,nan,nan,nan,nan,nan,nan,nan,nan,nan,nan,nan,nan,nan,nan,nan,nan,nan,nan,nan,nan,nan,nan,nan,nan,nan,nan,nan,nan,nan,nan,nan,nan,nan,nan,nan,nan,nan
377,nan,nan,nan,nan,nan,nan,nan,nan,nan,nan,nan,nan,nan,nan,nan,nan,nan,nan,nan,nan,nan,nan,nan,nan,nan,nan,nan,nan,nan,nan,nan,nan,nan,nan,nan,nan,nan,nan,nan,nan,nan,nan,nan,nan,nan,nan,nan,nan,nan,nan,nan,nan,nan,nan,nan,nan,nan,nan,nan,nan,nan,nan
378,nan,nan,nan,nan,nan,nan,nan,nan,nan,nan,nan,nan,nan,nan,nan,nan,nan,nan,nan,nan,nan,nan,nan,nan,nan,nan,nan,nan,nan,nan,nan,nan,nan,nan,nan,nan,nan,nan,nan,nan,nan,nan,nan,nan,nan,nan,nan,nan,nan,nan,nan,nan,nan,nan,nan,nan,nan,nan,nan,nan,nan,nan
379,nan,nan,nan,nan,nan,nan,nan,nan,nan,nan,nan,nan,nan,nan,nan,nan,nan,nan,nan,nan,nan,nan,nan,nan,nan,nan,nan,nan,nan,nan,nan,nan,nan,nan,nan,nan,nan,nan,nan,nan,nan,nan,nan,nan,nan,nan,nan,nan,nan,nan,nan,nan,nan,nan,nan,nan,nan,nan,nan,nan,nan,nan
380,nan,nan,nan,nan,nan,nan,nan,nan,nan,nan,nan,nan,nan,nan,nan,nan,nan,nan,nan,nan,nan,nan,nan,nan,nan,nan,nan,nan,nan,nan,nan,nan,nan,nan,nan,nan,nan,nan,nan,nan,nan,nan,nan,nan,nan,nan,nan,nan,nan,nan,nan,nan,nan,nan,nan,nan,nan,nan,nan,nan,nan,nan
381,nan,nan,nan,nan,nan,nan,nan,nan,nan,nan,nan,nan,nan,nan,nan,nan,nan,nan,nan,nan,nan,nan,nan,nan,nan,nan,nan,nan,nan,nan,nan,nan,nan,nan,nan,nan,nan,nan,nan,nan,nan,nan,nan,nan,nan,nan,nan,nan,nan,nan,nan,nan,nan,nan,nan,nan,nan,nan,nan,nan,nan,nan
382,nan,nan,nan,nan,nan,nan,nan,nan,nan,nan,nan,nan,nan,nan,nan,nan,nan,nan,nan,nan,nan,nan,nan,nan,nan,nan,nan,nan,nan,nan,nan,nan,nan,nan,nan,nan,nan,nan,nan,nan,nan,nan,nan,nan,nan,nan,nan,nan,nan,nan,nan,nan,nan,nan,nan,nan,nan,nan,nan,nan,nan,nan
383,nan,nan,nan,nan,nan,nan,nan,nan,nan,nan,nan,nan,nan,nan,nan,nan,nan,nan,nan,nan,nan,nan,nan,nan,nan,nan,nan,nan,nan,nan,nan,nan,nan,nan,nan,nan,nan,nan,nan,nan,nan,nan,nan,nan,nan,nan,nan,nan,nan,nan,nan,nan,nan,nan,nan,nan,nan,nan,nan,nan,nan,nan
384,nan,nan,nan,nan,nan,nan,nan,nan,nan,nan,nan,nan,nan,nan,nan,nan,nan,nan,nan,nan,nan,nan,nan,nan,nan,nan,nan,nan,nan,nan,nan,nan,nan,nan,nan,nan,nan,nan,nan,nan,nan,nan,nan,nan,nan,nan,nan,nan,nan,nan,nan,nan,nan,nan,nan,nan,nan,nan,nan,nan,nan,nan
385,nan,nan,nan,nan,nan,nan,nan,nan,nan,nan,nan,nan,nan,nan,nan,nan,nan,nan,nan,nan,nan,nan,nan,nan,nan,nan,nan,nan,nan,nan,nan,nan,nan,nan,nan,nan,nan,nan,nan,nan,nan,nan,nan,nan,nan,nan,nan,nan,nan,nan,nan,nan,nan,nan,nan,nan,nan,nan,nan,nan,nan,nan
386,nan,nan,nan,nan,nan,nan,nan,nan,nan,nan,nan,nan,nan,nan,nan,nan,nan,nan,nan,nan,nan,nan,nan,nan,nan,nan,nan,nan,nan,nan,nan,nan,nan,nan,nan,nan,nan,nan,nan,nan,nan,nan,nan,nan,nan,nan,nan,nan,nan,nan,nan,nan,nan,nan,nan,nan,nan,nan,nan,nan,nan,nan
387,nan,nan,nan,nan,nan,nan,nan,nan,nan,nan,nan,nan,nan,nan,nan,nan,nan,nan,nan,nan,nan,nan,nan,nan,nan,nan,nan,nan,nan,nan,nan,nan,nan,nan,nan,nan,nan,nan,nan,nan,nan,nan,nan,nan,nan,nan,nan,nan,nan,nan,nan,nan,nan,nan,nan,nan,nan,nan,nan,nan,nan,nan
388,nan,nan,nan,nan,nan,nan,nan,nan,nan,nan,nan,nan,nan,nan,nan,nan,nan,nan,nan,nan,nan,nan,nan,nan,nan,nan,nan,nan,nan,nan,nan,nan,nan,nan,nan,nan,nan,nan,nan,nan,nan,nan,nan,nan,nan,nan,nan,nan,nan,nan,nan,nan,nan,nan,nan,nan,nan,nan,nan,nan,nan,nan
389,nan,nan,nan,nan,nan,nan,nan,nan,nan,nan,nan,nan,nan,nan,nan,nan,nan,nan,nan,nan,nan,nan,nan,nan,nan,nan,nan,nan,nan,nan,nan,nan,nan,nan,nan,nan,nan,nan,nan,nan,nan,nan,nan,nan,nan,nan,nan,nan,nan,nan,nan,nan,nan,nan,nan,nan,nan,nan,nan,nan,nan,nan
390,nan,nan,nan,nan,nan,nan,nan,nan,nan,nan,nan,nan,nan,nan,nan,nan,nan,nan,nan,nan,nan,nan,nan,nan,nan,nan,nan,nan,nan,nan,nan,nan,nan,nan,nan,nan,nan,nan,nan,nan,nan,nan,nan,nan,nan,nan,nan,nan,nan,nan,nan,nan,nan,nan,nan,nan,nan,nan,nan,nan,nan,nan
391,nan,nan,nan,nan,nan,nan,nan,nan,nan,nan,nan,nan,nan,nan,nan,nan,nan,nan,nan,nan,nan,nan,nan,nan,nan,nan,nan,nan,nan,nan,nan,nan,nan,nan,nan,nan,nan,nan,nan,nan,nan,nan,nan,nan,nan,nan,nan,nan,nan,nan,nan,nan,nan,nan,nan,nan,nan,nan,nan,nan,nan,nan
392,nan,nan,nan,nan,nan,nan,nan,nan,nan,nan,nan,nan,nan,nan,nan,nan,nan,nan,nan,nan,nan,nan,nan,nan,nan,nan,nan,nan,nan,nan,nan,nan,nan,nan,nan,nan,nan,nan,nan,nan,nan,nan,nan,nan,nan,nan,nan,nan,nan,nan,nan,nan,nan,nan,nan,nan,nan,nan,nan,nan,nan,nan
393,nan,nan,nan,nan,nan,nan,nan,nan,nan,nan,nan,nan,nan,nan,nan,nan,nan,nan,nan,nan,nan,nan,nan,nan,nan,nan,nan,nan,nan,nan,nan,nan,nan,nan,nan,nan,nan,nan,nan,nan,nan,nan,nan,nan,nan,nan,nan,nan,nan,nan,nan,nan,nan,nan,nan,nan,nan,nan,nan,nan,nan,nan
394,nan,nan,nan,nan,nan,nan,nan,nan,nan,nan,nan,nan,nan,nan,nan,nan,nan,nan,nan,nan,nan,nan,nan,nan,nan,nan,nan,nan,nan,nan,nan,nan,nan,nan,nan,nan,nan,nan,nan,nan,nan,nan,nan,nan,nan,nan,nan,nan,nan,nan,nan,nan,nan,nan,nan,nan,nan,nan,nan,nan,nan,nan
395,nan,nan,nan,nan,nan,nan,nan,nan,nan,nan,nan,nan,nan,nan,nan,nan,nan,nan,nan,nan,nan,nan,nan,nan,nan,nan,nan,nan,nan,nan,nan,nan,nan,nan,nan,nan,nan,nan,nan,nan,nan,nan,nan,nan,nan,nan,nan,nan,nan,nan,nan,nan,nan,nan,nan,nan,nan,nan,nan,nan,nan,nan
396,nan,nan,nan,nan,nan,nan,nan,nan,nan,nan,nan,nan,nan,nan,nan,nan,nan,nan,nan,nan,nan,nan,nan,nan,nan,nan,nan,nan,nan,nan,nan,nan,nan,nan,nan,nan,nan,nan,nan,nan,nan,nan,nan,nan,nan,nan,nan,nan,nan,nan,nan,nan,nan,nan,nan,nan,nan,nan,nan,nan,nan,nan
397,nan,nan,nan,nan,nan,nan,nan,nan,nan,nan,nan,nan,nan,nan,nan,nan,nan,nan,nan,nan,nan,nan,nan,nan,nan,nan,nan,nan,nan,nan,nan,nan,nan,nan,nan,nan,nan,nan,nan,nan,nan,nan,nan,nan,nan,nan,nan,nan,nan,nan,nan,nan,nan,nan,nan,nan,nan,nan,nan,nan,nan,nan
398,nan,nan,nan,nan,nan,nan,nan,nan,nan,nan,nan,nan,nan,nan,nan,nan,nan,nan,nan,nan,nan,nan,nan,nan,nan,nan,nan,nan,nan,nan,nan,nan,nan,nan,nan,nan,nan,nan,nan,nan,nan,nan,nan,nan,nan,nan,nan,nan,nan,nan,nan,nan,nan,nan,nan,nan,nan,nan,nan,nan,nan,nan
399,nan,nan,nan,nan,nan,nan,nan,nan,nan,nan,nan,nan,nan,nan,nan,nan,nan,nan,nan,nan,nan,nan,nan,nan,nan,nan,nan,nan,nan,nan,nan,nan,nan,nan,nan,nan,nan,nan,nan,nan,nan,nan,nan,nan,nan,nan,nan,nan,nan,nan,nan,nan,nan,nan,nan,nan,nan,nan,nan,nan,nan,nan
400,nan,nan,nan,nan,nan,nan,nan,nan,nan,nan,nan,nan,nan,nan,nan,nan,nan,nan,nan,nan,nan,nan,nan,nan,nan,nan,nan,nan,nan,nan,nan,nan,nan,nan,nan,nan,nan,nan,nan,nan,nan,nan,nan,nan,nan,nan,nan,nan,nan,nan,nan,nan,nan,nan,nan,nan,nan,nan,nan,nan,nan,nan
401,nan,nan,nan,nan,nan,nan,nan,nan,nan,nan,nan,nan,nan,nan,nan,nan,nan,nan,nan,nan,nan,nan,nan,nan,nan,nan,nan,nan,nan,nan,nan,nan,nan,nan,nan,nan,nan,nan,nan,nan,nan,nan,nan,nan,nan,nan,nan,nan,nan,nan,nan,nan,nan,nan,nan,nan,nan,nan,nan,nan,nan,nan
402,nan,nan,nan,nan,nan,nan,nan,nan,nan,nan,nan,nan,nan,nan,nan,nan,nan,nan,nan,nan,nan,nan,nan,nan,nan,nan,nan,nan,nan,nan,nan,nan,nan,nan,nan,nan,nan,nan,nan,nan,nan,nan,nan,nan,nan,nan,nan,nan,nan,nan,nan,nan,nan,nan,nan,nan,nan,nan,nan,nan,nan,nan
403,nan,nan,nan,nan,nan,nan,nan,nan,nan,nan,nan,nan,nan,nan,nan,nan,nan,nan,nan,nan,nan,nan,nan,nan,nan,nan,nan,nan,nan,nan,nan,nan,nan,nan,nan,nan,nan,nan,nan,nan,nan,nan,nan,nan,nan,nan,nan,nan,nan,nan,nan,nan,nan,nan,nan,nan,nan,nan,nan,nan,nan,nan
404,nan,nan,nan,nan,nan,nan,nan,nan,nan,nan,nan,nan,nan,nan,nan,nan,nan,nan,nan,nan,nan,nan,nan,nan,nan,nan,nan,nan,nan,nan,nan,nan,nan,nan,nan,nan,nan,nan,nan,nan,nan,nan,nan,nan,nan,nan,nan,nan,nan,nan,nan,nan,nan,nan,nan,nan,nan,nan,nan,nan,nan,nan
405,nan,nan,nan,nan,nan,nan,nan,nan,nan,nan,nan,nan,nan,nan,nan,nan,nan,nan,nan,nan,nan,nan,nan,nan,nan,nan,nan,nan,nan,nan,nan,nan,nan,nan,nan,nan,nan,nan,nan,nan,nan,nan,nan,nan,nan,nan,nan,nan,nan,nan,nan,nan,nan,nan,nan,nan,nan,nan,nan,nan,nan,nan
406,nan,nan,nan,nan,nan,nan,nan,nan,nan,nan,nan,nan,nan,nan,nan,nan,nan,nan,nan,nan,nan,nan,nan,nan,nan,nan,nan,nan,nan,nan,nan,nan,nan,nan,nan,nan,nan,nan,nan,nan,nan,nan,nan,nan,nan,nan,nan,nan,nan,nan,nan,nan,nan,nan,nan,nan,nan,nan,nan,nan,nan,nan
407,nan,nan,nan,nan,nan,nan,nan,nan,nan,nan,nan,nan,nan,nan,nan,nan,nan,nan,nan,nan,nan,nan,nan,nan,nan,nan,nan,nan,nan,nan,nan,nan,nan,nan,nan,nan,nan,nan,nan,nan,nan,nan,nan,nan,nan,nan,nan,nan,nan,nan,nan,nan,nan,nan,nan,nan,nan,nan,nan,nan,nan,nan
408,nan,nan,nan,nan,nan,nan,nan,nan,nan,nan,nan,nan,nan,nan,nan,nan,nan,nan,nan,nan,nan,nan,nan,nan,nan,nan,nan,nan,nan,nan,nan,nan,nan,nan,nan,nan,nan,nan,nan,nan,nan,nan,nan,nan,nan,nan,nan,nan,nan,nan,nan,nan,nan,nan,nan,nan,nan,nan,nan,nan,nan,nan
409,nan,nan,nan,nan,nan,nan,nan,nan,nan,nan,nan,nan,nan,nan,nan,nan,nan,nan,nan,nan,nan,nan,nan,nan,nan,nan,nan,nan,nan,nan,nan,nan,nan,nan,nan,nan,nan,nan,nan,nan,nan,nan,nan,nan,nan,nan,nan,nan,nan,nan,nan,nan,nan,nan,nan,nan,nan,nan,nan,nan,nan,nan
410,nan,nan,nan,nan,nan,nan,nan,nan,nan,nan,nan,nan,nan,nan,nan,nan,nan,nan,nan,nan,nan,nan,nan,nan,nan,nan,nan,nan,nan,nan,nan,nan,nan,nan,nan,nan,nan,nan,nan,nan,nan,nan,nan,nan,nan,nan,nan,nan,nan,nan,nan,nan,nan,nan,nan,nan,nan,nan,nan,nan,nan,nan
411,nan,nan,nan,nan,nan,nan,nan,nan,nan,nan,nan,nan,nan,nan,nan,nan,nan,nan,nan,nan,nan,nan,nan,nan,nan,nan,nan,nan,nan,nan,nan,nan,nan,nan,nan,nan,nan,nan,nan,nan,nan,nan,nan,nan,nan,nan,nan,nan,nan,nan,nan,nan,nan,nan,nan,nan,nan,nan,nan,nan,nan,nan
412,nan,nan,nan,nan,nan,nan,nan,nan,nan,nan,nan,nan,nan,nan,nan,nan,nan,nan,nan,nan,nan,nan,nan,nan,nan,nan,nan,nan,nan,nan,nan,nan,nan,nan,nan,nan,nan,nan,nan,nan,nan,nan,nan,nan,nan,nan,nan,nan,nan,nan,nan,nan,nan,nan,nan,nan,nan,nan,nan,nan,nan,nan
413,nan,nan,nan,nan,nan,nan,nan,nan,nan,nan,nan,nan,nan,nan,nan,nan,nan,nan,nan,nan,nan,nan,nan,nan,nan,nan,nan,nan,nan,nan,nan,nan,nan,nan,nan,nan,nan,nan,nan,nan,nan,nan,nan,nan,nan,nan,nan,nan,nan,nan,nan,nan,nan,nan,nan,nan,nan,nan,nan,nan,nan,nan
414,nan,nan,nan,nan,nan,nan,nan,nan,nan,nan,nan,nan,nan,nan,nan,nan,nan,nan,nan,nan,nan,nan,nan,nan,nan,nan,nan,nan,nan,nan,nan,nan,nan,nan,nan,nan,nan,nan,nan,nan,nan,nan,nan,nan,nan,nan,nan,nan,nan,nan,nan,nan,nan,nan,nan,nan,nan,nan,nan,nan,nan,nan
415,nan,nan,nan,nan,nan,nan,nan,nan,nan,nan,nan,nan,nan,nan,nan,nan,nan,nan,nan,nan,nan,nan,nan,nan,nan,nan,nan,nan,nan,nan,nan,nan,nan,nan,nan,nan,nan,nan,nan,nan,nan,nan,nan,nan,nan,nan,nan,nan,nan,nan,nan,nan,nan,nan,nan,nan,nan,nan,nan,nan,nan,nan
416,nan,nan,nan,nan,nan,nan,nan,nan,nan,nan,nan,nan,nan,nan,nan,nan,nan,nan,nan,nan,nan,nan,nan,nan,nan,nan,nan,nan,nan,nan,nan,nan,nan,nan,nan,nan,nan,nan,nan,nan,nan,nan,nan,nan,nan,nan,nan,nan,nan,nan,nan,nan,nan,nan,nan,nan,nan,nan,nan,nan,nan,nan
417,nan,nan,nan,nan,nan,nan,nan,nan,nan,nan,nan,nan,nan,nan,nan,nan,nan,nan,nan,nan,nan,nan,nan,nan,nan,nan,nan,nan,nan,nan,nan,nan,nan,nan,nan,nan,nan,nan,nan,nan,nan,nan,nan,nan,nan,nan,nan,nan,nan,nan,nan,nan,nan,nan,nan,nan,nan,nan,nan,nan,nan,nan
418,nan,nan,nan,nan,nan,nan,nan,nan,nan,nan,nan,nan,nan,nan,nan,nan,nan,nan,nan,nan,nan,nan,nan,nan,nan,nan,nan,nan,nan,nan,nan,nan,nan,nan,nan,nan,nan,nan,nan,nan,nan,nan,nan,nan,nan,nan,nan,nan,nan,nan,nan,nan,nan,nan,nan,nan,nan,nan,nan,nan,nan,nan
419,nan,nan,nan,nan,nan,nan,nan,nan,nan,nan,nan,nan,nan,nan,nan,nan,nan,nan,nan,nan,nan,nan,nan,nan,nan,nan,nan,nan,nan,nan,nan,nan,nan,nan,nan,nan,nan,nan,nan,nan,nan,nan,nan,nan,nan,nan,nan,nan,nan,nan,nan,nan,nan,nan,nan,nan,nan,nan,nan,nan,nan,nan
420,nan,nan,nan,nan,nan,nan,nan,nan,nan,nan,nan,nan,nan,nan,nan,nan,nan,nan,nan,nan,nan,nan,nan,nan,nan,nan,nan,nan,nan,nan,nan,nan,nan,nan,nan,nan,nan,nan,nan,nan,nan,nan,nan,nan,nan,nan,nan,nan,nan,nan,nan,nan,nan,nan,nan,nan,nan,nan,nan,nan,nan,nan
421,nan,nan,nan,nan,nan,nan,nan,nan,nan,nan,nan,nan,nan,nan,nan,nan,nan,nan,nan,nan,nan,nan,nan,nan,nan,nan,nan,nan,nan,nan,nan,nan,nan,nan,nan,nan,nan,nan,nan,nan,nan,nan,nan,nan,nan,nan,nan,nan,nan,nan,nan,nan,nan,nan,nan,nan,nan,nan,nan,nan,nan,nan
422,nan,nan,nan,nan,nan,nan,nan,nan,nan,nan,nan,nan,nan,nan,nan,nan,nan,nan,nan,nan,nan,nan,nan,nan,nan,nan,nan,nan,nan,nan,nan,nan,nan,nan,nan,nan,nan,nan,nan,nan,nan,nan,nan,nan,nan,nan,nan,nan,nan,nan,nan,nan,nan,nan,nan,nan,nan,nan,nan,nan,nan,nan
423,nan,nan,nan,nan,nan,nan,nan,nan,nan,nan,nan,nan,nan,nan,nan,nan,nan,nan,nan,nan,nan,nan,nan,nan,nan,nan,nan,nan,nan,nan,nan,nan,nan,nan,nan,nan,nan,nan,nan,nan,nan,nan,nan,nan,nan,nan,nan,nan,nan,nan,nan,nan,nan,nan,nan,nan,nan,nan,nan,nan,nan,nan
424,nan,nan,nan,nan,nan,nan,nan,nan,nan,nan,nan,nan,nan,nan,nan,nan,nan,nan,nan,nan,nan,nan,nan,nan,nan,nan,nan,nan,nan,nan,nan,nan,nan,nan,nan,nan,nan,nan,nan,nan,nan,nan,nan,nan,nan,nan,nan,nan,nan,nan,nan,nan,nan,nan,nan,nan,nan,nan,nan,nan,nan,nan
425,nan,nan,nan,nan,nan,nan,nan,nan,nan,nan,nan,nan,nan,nan,nan,nan,nan,nan,nan,nan,nan,nan,nan,nan,nan,nan,nan,nan,nan,nan,nan,nan,nan,nan,nan,nan,nan,nan,nan,nan,nan,nan,nan,nan,nan,nan,nan,nan,nan,nan,nan,nan,nan,nan,nan,nan,nan,nan,nan,nan,nan,nan
426,nan,nan,nan,nan,nan,nan,nan,nan,nan,nan,nan,nan,nan,nan,nan,nan,nan,nan,nan,nan,nan,nan,nan,nan,nan,nan,nan,nan,nan,nan,nan,nan,nan,nan,nan,nan,nan,nan,nan,nan,nan,nan,nan,nan,nan,nan,nan,nan,nan,nan,nan,nan,nan,nan,nan,nan,nan,nan,nan,nan,nan,nan
427,nan,nan,nan,nan,nan,nan,nan,nan,nan,nan,nan,nan,nan,nan,nan,nan,nan,nan,nan,nan,nan,nan,nan,nan,nan,nan,nan,nan,nan,nan,nan,nan,nan,nan,nan,nan,nan,nan,nan,nan,nan,nan,nan,nan,nan,nan,nan,nan,nan,nan,nan,nan,nan,nan,nan,nan,nan,nan,nan,nan,nan,nan
428,nan,nan,nan,nan,nan,nan,nan,nan,nan,nan,nan,nan,nan,nan,nan,nan,nan,nan,nan,nan,nan,nan,nan,nan,nan,nan,nan,nan,nan,nan,nan,nan,nan,nan,nan,nan,nan,nan,nan,nan,nan,nan,nan,nan,nan,nan,nan,nan,nan,nan,nan,nan,nan,nan,nan,nan,nan,nan,nan,nan,nan,nan
429,nan,nan,nan,nan,nan,nan,nan,nan,nan,nan,nan,nan,nan,nan,nan,nan,nan,nan,nan,nan,nan,nan,nan,nan,nan,nan,nan,nan,nan,nan,nan,nan,nan,nan,nan,nan,nan,nan,nan,nan,nan,nan,nan,nan,nan,nan,nan,nan,nan,nan,nan,nan,nan,nan,nan,nan,nan,nan,nan,nan,nan,nan
430,nan,nan,nan,nan,nan,nan,nan,nan,nan,nan,nan,nan,nan,nan,nan,nan,nan,nan,nan,nan,nan,nan,nan,nan,nan,nan,nan,nan,nan,nan,nan,nan,nan,nan,nan,nan,nan,nan,nan,nan,nan,nan,nan,nan,nan,nan,nan,nan,nan,nan,nan,nan,nan,nan,nan,nan,nan,nan,nan,nan,nan,nan
431,nan,nan,nan,nan,nan,nan,nan,nan,nan,nan,nan,nan,nan,nan,nan,nan,nan,nan,nan,nan,nan,nan,nan,nan,nan,nan,nan,nan,nan,nan,nan,nan,nan,nan,nan,nan,nan,nan,nan,nan,nan,nan,nan,nan,nan,nan,nan,nan,nan,nan,nan,nan,nan,nan,nan,nan,nan,nan,nan,nan,nan,nan
432,nan,nan,nan,nan,nan,nan,nan,nan,nan,nan,nan,nan,nan,nan,nan,nan,nan,nan,nan,nan,nan,nan,nan,nan,nan,nan,nan,nan,nan,nan,nan,nan,nan,nan,nan,nan,nan,nan,nan,nan,nan,nan,nan,nan,nan,nan,nan,nan,nan,nan,nan,nan,nan,nan,nan,nan,nan,nan,nan,nan,nan,nan
433,nan,nan,nan,nan,nan,nan,nan,nan,nan,nan,nan,nan,nan,nan,nan,nan,nan,nan,nan,nan,nan,nan,nan,nan,nan,nan,nan,nan,nan,nan,nan,nan,nan,nan,nan,nan,nan,nan,nan,nan,nan,nan,nan,nan,nan,nan,nan,nan,nan,nan,nan,nan,nan,nan,nan,nan,nan,nan,nan,nan,nan,nan
434,nan,nan,nan,nan,nan,nan,nan,nan,nan,nan,nan,nan,nan,nan,nan,nan,nan,nan,nan,nan,nan,nan,nan,nan,nan,nan,nan,nan,nan,nan,nan,nan,nan,nan,nan,nan,nan,nan,nan,nan,nan,nan,nan,nan,nan,nan,nan,nan,nan,nan,nan,nan,nan,nan,nan,nan,nan,nan,nan,nan,nan,nan
435,nan,nan,nan,nan,nan,nan,nan,nan,nan,nan,nan,nan,nan,nan,nan,nan,nan,nan,nan,nan,nan,nan,nan,nan,nan,nan,nan,nan,nan,nan,nan,nan,nan,nan,nan,nan,nan,nan,nan,nan,nan,nan,nan,nan,nan,nan,nan,nan,nan,nan,nan,nan,nan,nan,nan,nan,nan,nan,nan,nan,nan,nan
436,nan,nan,nan,nan,nan,nan,nan,nan,nan,nan,nan,nan,nan,nan,nan,nan,nan,nan,nan,nan,nan,nan,nan,nan,nan,nan,nan,nan,nan,nan,nan,nan,nan,nan,nan,nan,nan,nan,nan,nan,nan,nan,nan,nan,nan,nan,nan,nan,nan,nan,nan,nan,nan,nan,nan,nan,nan,nan,nan,nan,nan,nan
437,nan,nan,nan,nan,nan,nan,nan,nan,nan,nan,nan,nan,nan,nan,nan,nan,nan,nan,nan,nan,nan,nan,nan,nan,nan,nan,nan,nan,nan,nan,nan,nan,nan,nan,nan,nan,nan,nan,nan,nan,nan,nan,nan,nan,nan,nan,nan,nan,nan,nan,nan,nan,nan,nan,nan,nan,nan,nan,nan,nan,nan,nan
438,nan,nan,nan,nan,nan,nan,nan,nan,nan,nan,nan,nan,nan,nan,nan,nan,nan,nan,nan,nan,nan,nan,nan,nan,nan,nan,nan,nan,nan,nan,nan,nan,nan,nan,nan,nan,nan,nan,nan,nan,nan,nan,nan,nan,nan,nan,nan,nan,nan,nan,nan,nan,nan,nan,nan,nan,nan,nan,nan,nan,nan,nan
439,nan,nan,nan,nan,nan,nan,nan,nan,nan,nan,nan,nan,nan,nan,nan,nan,nan,nan,nan,nan,nan,nan,nan,nan,nan,nan,nan,nan,nan,nan,nan,nan,nan,nan,nan,nan,nan,nan,nan,nan,nan,nan,nan,nan,nan,nan,nan,nan,nan,nan,nan,nan,nan,nan,nan,nan,nan,nan,nan,nan,nan,nan
440,nan,nan,nan,nan,nan,nan,nan,nan,nan,nan,nan,nan,nan,nan,nan,nan,nan,nan,nan,nan,nan,nan,nan,nan,nan,nan,nan,nan,nan,nan,nan,nan,nan,nan,nan,nan,nan,nan,nan,nan,nan,nan,nan,nan,nan,nan,nan,nan,nan,nan,nan,nan,nan,nan,nan,nan,nan,nan,nan,nan,nan,nan
441,nan,nan,nan,nan,nan,nan,nan,nan,nan,nan,nan,nan,nan,nan,nan,nan,nan,nan,nan,nan,nan,nan,nan,nan,nan,nan,nan,nan,nan,nan,nan,nan,nan,nan,nan,nan,nan,nan,nan,nan,nan,nan,nan,nan,nan,nan,nan,nan,nan,nan,nan,nan,nan,nan,nan,nan,nan,nan,nan,nan,nan,nan
442,nan,nan,nan,nan,nan,nan,nan,nan,nan,nan,nan,nan,nan,nan,nan,nan,nan,nan,nan,nan,nan,nan,nan,nan,nan,nan,nan,nan,nan,nan,nan,nan,nan,nan,nan,nan,nan,nan,nan,nan,nan,nan,nan,nan,nan,nan,nan,nan,nan,nan,nan,nan,nan,nan,nan,nan,nan,nan,nan,nan,nan,nan
443,nan,nan,nan,nan,nan,nan,nan,nan,nan,nan,nan,nan,nan,nan,nan,nan,nan,nan,nan,nan,nan,nan,nan,nan,nan,nan,nan,nan,nan,nan,nan,nan,nan,nan,nan,nan,nan,nan,nan,nan,nan,nan,nan,nan,nan,nan,nan,nan,nan,nan,nan,nan,nan,nan,nan,nan,nan,nan,nan,nan,nan,nan
444,nan,nan,nan,nan,nan,nan,nan,nan,nan,nan,nan,nan,nan,nan,nan,nan,nan,nan,nan,nan,nan,nan,nan,nan,nan,nan,nan,nan,nan,nan,nan,nan,nan,nan,nan,nan,nan,nan,nan,nan,nan,nan,nan,nan,nan,nan,nan,nan,nan,nan,nan,nan,nan,nan,nan,nan,nan,nan,nan,nan,nan,nan
445,nan,nan,nan,nan,nan,nan,nan,nan,nan,nan,nan,nan,nan,nan,nan,nan,nan,nan,nan,nan,nan,nan,nan,nan,nan,nan,nan,nan,nan,nan,nan,nan,nan,nan,nan,nan,nan,nan,nan,nan,nan,nan,nan,nan,nan,nan,nan,nan,nan,nan,nan,nan,nan,nan,nan,nan,nan,nan,nan,nan,nan,nan
446,nan,nan,nan,nan,nan,nan,nan,nan,nan,nan,nan,nan,nan,nan,nan,nan,nan,nan,nan,nan,nan,nan,nan,nan,nan,nan,nan,nan,nan,nan,nan,nan,nan,nan,nan,nan,nan,nan,nan,nan,nan,nan,nan,nan,nan,nan,nan,nan,nan,nan,nan,nan,nan,nan,nan,nan,nan,nan,nan,nan,nan,nan
447,nan,nan,nan,nan,nan,nan,nan,nan,nan,nan,nan,nan,nan,nan,nan,nan,nan,nan,nan,nan,nan,nan,nan,nan,nan,nan,nan,nan,nan,nan,nan,nan,nan,nan,nan,nan,nan,nan,nan,nan,nan,nan,nan,nan,nan,nan,nan,nan,nan,nan,nan,nan,nan,nan,nan,nan,nan,nan,nan,nan,nan,nan
448,nan,nan,nan,nan,nan,nan,nan,nan,nan,nan,nan,nan,nan,nan,nan,nan,nan,nan,nan,nan,nan,nan,nan,nan,nan,nan,nan,nan,nan,nan,nan,nan,nan,nan,nan,nan,nan,nan,nan,nan,nan,nan,nan,nan,nan,nan,nan,nan,nan,nan,nan,nan,nan,nan,nan,nan,nan,nan,nan,nan,nan,nan
449,nan,nan,nan,nan,nan,nan,nan,nan,nan,nan,nan,nan,nan,nan,nan,nan,nan,nan,nan,nan,nan,nan,nan,nan,nan,nan,nan,nan,nan,nan,nan,nan,nan,nan,nan,nan,nan,nan,nan,nan,nan,nan,nan,nan,nan,nan,nan,nan,nan,nan,nan,nan,nan,nan,nan,nan,nan,nan,nan,nan,nan,nan
450,nan,nan,nan,nan,nan,nan,nan,nan,nan,nan,nan,nan,nan,nan,nan,nan,nan,nan,nan,nan,nan,nan,nan,nan,nan,nan,nan,nan,nan,nan,nan,nan,nan,nan,nan,nan,nan,nan,nan,nan,nan,nan,nan,nan,nan,nan,nan,nan,nan,nan,nan,nan,nan,nan,nan,nan,nan,nan,nan,nan,nan,nan
451,nan,nan,nan,nan,nan,nan,nan,nan,nan,nan,nan,nan,nan,nan,nan,nan,nan,nan,nan,nan,nan,nan,nan,nan,nan,nan,nan,nan,nan,nan,nan,nan,nan,nan,nan,nan,nan,nan,nan,nan,nan,nan,nan,nan,nan,nan,nan,nan,nan,nan,nan,nan,nan,nan,nan,nan,nan,nan,nan,nan,nan,nan
452,nan,nan,nan,nan,nan,nan,nan,nan,nan,nan,nan,nan,nan,nan,nan,nan,nan,nan,nan,nan,nan,nan,nan,nan,nan,nan,nan,nan,nan,nan,nan,nan,nan,nan,nan,nan,nan,nan,nan,nan,nan,nan,nan,nan,nan,nan,nan,nan,nan,nan,nan,nan,nan,nan,nan,nan,nan,nan,nan,nan,nan,nan
453,nan,nan,nan,nan,nan,nan,nan,nan,nan,nan,nan,nan,nan,nan,nan,nan,nan,nan,nan,nan,nan,nan,nan,nan,nan,nan,nan,nan,nan,nan,nan,nan,nan,nan,nan,nan,nan,nan,nan,nan,nan,nan,nan,nan,nan,nan,nan,nan,nan,nan,nan,nan,nan,nan,nan,nan,nan,nan,nan,nan,nan,nan
454,nan,nan,nan,nan,nan,nan,nan,nan,nan,nan,nan,nan,nan,nan,nan,nan,nan,nan,nan,nan,nan,nan,nan,nan,nan,nan,nan,nan,nan,nan,nan,nan,nan,nan,nan,nan,nan,nan,nan,nan,nan,nan,nan,nan,nan,nan,nan,nan,nan,nan,nan,nan,nan,nan,nan,nan,nan,nan,nan,nan,nan,nan
455,nan,nan,nan,nan,nan,nan,nan,nan,nan,nan,nan,nan,nan,nan,nan,nan,nan,nan,nan,nan,nan,nan,nan,nan,nan,nan,nan,nan,nan,nan,nan,nan,nan,nan,nan,nan,nan,nan,nan,nan,nan,nan,nan,nan,nan,nan,nan,nan,nan,nan,nan,nan,nan,nan,nan,nan,nan,nan,nan,nan,nan,nan
456,nan,nan,nan,nan,nan,nan,nan,nan,nan,nan,nan,nan,nan,nan,nan,nan,nan,nan,nan,nan,nan,nan,nan,nan,nan,nan,nan,nan,nan,nan,nan,nan,nan,nan,nan,nan,nan,nan,nan,nan,nan,nan,nan,nan,nan,nan,nan,nan,nan,nan,nan,nan,nan,nan,nan,nan,nan,nan,nan,nan,nan,nan
457,nan,nan,nan,nan,nan,nan,nan,nan,nan,nan,nan,nan,nan,nan,nan,nan,nan,nan,nan,nan,nan,nan,nan,nan,nan,nan,nan,nan,nan,nan,nan,nan,nan,nan,nan,nan,nan,nan,nan,nan,nan,nan,nan,nan,nan,nan,nan,nan,nan,nan,nan,nan,nan,nan,nan,nan,nan,nan,nan,nan,nan,nan
458,nan,nan,nan,nan,nan,nan,nan,nan,nan,nan,nan,nan,nan,nan,nan,nan,nan,nan,nan,nan,nan,nan,nan,nan,nan,nan,nan,nan,nan,nan,nan,nan,nan,nan,nan,nan,nan,nan,nan,nan,nan,nan,nan,nan,nan,nan,nan,nan,nan,nan,nan,nan,nan,nan,nan,nan,nan,nan,nan,nan,nan,nan
459,nan,nan,nan,nan,nan,nan,nan,nan,nan,nan,nan,nan,nan,nan,nan,nan,nan,nan,nan,nan,nan,nan,nan,nan,nan,nan,nan,nan,nan,nan,nan,nan,nan,nan,nan,nan,nan,nan,nan,nan,nan,nan,nan,nan,nan,nan,nan,nan,nan,nan,nan,nan,nan,nan,nan,nan,nan,nan,nan,nan,nan,nan
460,nan,nan,nan,nan,nan,nan,nan,nan,nan,nan,nan,nan,nan,nan,nan,nan,nan,nan,nan,nan,nan,nan,nan,nan,nan,nan,nan,nan,nan,nan,nan,nan,nan,nan,nan,nan,nan,nan,nan,nan,nan,nan,nan,nan,nan,nan,nan,nan,nan,nan,nan,nan,nan,nan,nan,nan,nan,nan,nan,nan,nan,nan
461,nan,nan,nan,nan,nan,nan,nan,nan,nan,nan,nan,nan,nan,nan,nan,nan,nan,nan,nan,nan,nan,nan,nan,nan,nan,nan,nan,nan,nan,nan,nan,nan,nan,nan,nan,nan,nan,nan,nan,nan,nan,nan,nan,nan,nan,nan,nan,nan,nan,nan,nan,nan,nan,nan,nan,nan,nan,nan,nan,nan,nan,nan
462,nan,nan,nan,nan,nan,nan,nan,nan,nan,nan,nan,nan,nan,nan,nan,nan,nan,nan,nan,nan,nan,nan,nan,nan,nan,nan,nan,nan,nan,nan,nan,nan,nan,nan,nan,nan,nan,nan,nan,nan,nan,nan,nan,nan,nan,nan,nan,nan,nan,nan,nan,nan,nan,nan,nan,nan,nan,nan,nan,nan,nan,nan
463,nan,nan,nan,nan,nan,nan,nan,nan,nan,nan,nan,nan,nan,nan,nan,nan,nan,nan,nan,nan,nan,nan,nan,nan,nan,nan,nan,nan,nan,nan,nan,nan,nan,nan,nan,nan,nan,nan,nan,nan,nan,nan,nan,nan,nan,nan,nan,nan,nan,nan,nan,nan,nan,nan,nan,nan,nan,nan,nan,nan,nan,nan
464,nan,nan,nan,nan,nan,nan,nan,nan,nan,nan,nan,nan,nan,nan,nan,nan,nan,nan,nan,nan,nan,nan,nan,nan,nan,nan,nan,nan,nan,nan,nan,nan,nan,nan,nan,nan,nan,nan,nan,nan,nan,nan,nan,nan,nan,nan,nan,nan,nan,nan,nan,nan,nan,nan,nan,nan,nan,nan,nan,nan,nan,nan
465,nan,nan,nan,nan,nan,nan,nan,nan,nan,nan,nan,nan,nan,nan,nan,nan,nan,nan,nan,nan,nan,nan,nan,nan,nan,nan,nan,nan,nan,nan,nan,nan,nan,nan,nan,nan,nan,nan,nan,nan,nan,nan,nan,nan,nan,nan,nan,nan,nan,nan,nan,nan,nan,nan,nan,nan,nan,nan,nan,nan,nan,nan
466,nan,nan,nan,nan,nan,nan,nan,nan,nan,nan,nan,nan,nan,nan,nan,nan,nan,nan,nan,nan,nan,nan,nan,nan,nan,nan,nan,nan,nan,nan,nan,nan,nan,nan,nan,nan,nan,nan,nan,nan,nan,nan,nan,nan,nan,nan,nan,nan,nan,nan,nan,nan,nan,nan,nan,nan,nan,nan,nan,nan,nan,nan
467,nan,nan,nan,nan,nan,nan,nan,nan,nan,nan,nan,nan,nan,nan,nan,nan,nan,nan,nan,nan,nan,nan,nan,nan,nan,nan,nan,nan,nan,nan,nan,nan,nan,nan,nan,nan,nan,nan,nan,nan,nan,nan,nan,nan,nan,nan,nan,nan,nan,nan,nan,nan,nan,nan,nan,nan,nan,nan,nan,nan,nan,nan
468,nan,nan,nan,nan,nan,nan,nan,nan,nan,nan,nan,nan,nan,nan,nan,nan,nan,nan,nan,nan,nan,nan,nan,nan,nan,nan,nan,nan,nan,nan,nan,nan,nan,nan,nan,nan,nan,nan,nan,nan,nan,nan,nan,nan,nan,nan,nan,nan,nan,nan,nan,nan,nan,nan,nan,nan,nan,nan,nan,nan,nan,nan
469,nan,nan,nan,nan,nan,nan,nan,nan,nan,nan,nan,nan,nan,nan,nan,nan,nan,nan,nan,nan,nan,nan,nan,nan,nan,nan,nan,nan,nan,nan,nan,nan,nan,nan,nan,nan,nan,nan,nan,nan,nan,nan,nan,nan,nan,nan,nan,nan,nan,nan,nan,nan,nan,nan,nan,nan,nan,nan,nan,nan,nan,nan
470,nan,nan,nan,nan,nan,nan,nan,nan,nan,nan,nan,nan,nan,nan,nan,nan,nan,nan,nan,nan,nan,nan,nan,nan,nan,nan,nan,nan,nan,nan,nan,nan,nan,nan,nan,nan,nan,nan,nan,nan,nan,nan,nan,nan,nan,nan,nan,nan,nan,nan,nan,nan,nan,nan,nan,nan,nan,nan,nan,nan,nan,nan
471,nan,nan,nan,nan,nan,nan,nan,nan,nan,nan,nan,nan,nan,nan,nan,nan,nan,nan,nan,nan,nan,nan,nan,nan,nan,nan,nan,nan,nan,nan,nan,nan,nan,nan,nan,nan,nan,nan,nan,nan,nan,nan,nan,nan,nan,nan,nan,nan,nan,nan,nan,nan,nan,nan,nan,nan,nan,nan,nan,nan,nan,nan
472,nan,nan,nan,nan,nan,nan,nan,nan,nan,nan,nan,nan,nan,nan,nan,nan,nan,nan,nan,nan,nan,nan,nan,nan,nan,nan,nan,nan,nan,nan,nan,nan,nan,nan,nan,nan,nan,nan,nan,nan,nan,nan,nan,nan,nan,nan,nan,nan,nan,nan,nan,nan,nan,nan,nan,nan,nan,nan,nan,nan,nan,nan
473,nan,nan,nan,nan,nan,nan,nan,nan,nan,nan,nan,nan,nan,nan,nan,nan,nan,nan,nan,nan,nan,nan,nan,nan,nan,nan,nan,nan,nan,nan,nan,nan,nan,nan,nan,nan,nan,nan,nan,nan,nan,nan,nan,nan,nan,nan,nan,nan,nan,nan,nan,nan,nan,nan,nan,nan,nan,nan,nan,nan,nan,nan
474,nan,nan,nan,nan,nan,nan,nan,nan,nan,nan,nan,nan,nan,nan,nan,nan,nan,nan,nan,nan,nan,nan,nan,nan,nan,nan,nan,nan,nan,nan,nan,nan,nan,nan,nan,nan,nan,nan,nan,nan,nan,nan,nan,nan,nan,nan,nan,nan,nan,nan,nan,nan,nan,nan,nan,nan,nan,nan,nan,nan,nan,nan
475,nan,nan,nan,nan,nan,nan,nan,nan,nan,nan,nan,nan,nan,nan,nan,nan,nan,nan,nan,nan,nan,nan,nan,nan,nan,nan,nan,nan,nan,nan,nan,nan,nan,nan,nan,nan,nan,nan,nan,nan,nan,nan,nan,nan,nan,nan,nan,nan,nan,nan,nan,nan,nan,nan,nan,nan,nan,nan,nan,nan,nan,nan
476,nan,nan,nan,nan,nan,nan,nan,nan,nan,nan,nan,nan,nan,nan,nan,nan,nan,nan,nan,nan,nan,nan,nan,nan,nan,nan,nan,nan,nan,nan,nan,nan,nan,nan,nan,nan,nan,nan,nan,nan,nan,nan,nan,nan,nan,nan,nan,nan,nan,nan,nan,nan,nan,nan,nan,nan,nan,nan,nan,nan,nan,nan
477,nan,nan,nan,nan,nan,nan,nan,nan,nan,nan,nan,nan,nan,nan,nan,nan,nan,nan,nan,nan,nan,nan,nan,nan,nan,nan,nan,nan,nan,nan,nan,nan,nan,nan,nan,nan,nan,nan,nan,nan,nan,nan,nan,nan,nan,nan,nan,nan,nan,nan,nan,nan,nan,nan,nan,nan,nan,nan,nan,nan,nan,nan
478,nan,nan,nan,nan,nan,nan,nan,nan,nan,nan,nan,nan,nan,nan,nan,nan,nan,nan,nan,nan,nan,nan,nan,nan,nan,nan,nan,nan,nan,nan,nan,nan,nan,nan,nan,nan,nan,nan,nan,nan,nan,nan,nan,nan,nan,nan,nan,nan,nan,nan,nan,nan,nan,nan,nan,nan,nan,nan,nan,nan,nan,nan
479,nan,nan,nan,nan,nan,nan,nan,nan,nan,nan,nan,nan,nan,nan,nan,nan,nan,nan,nan,nan,nan,nan,nan,nan,nan,nan,nan,nan,nan,nan,nan,nan,nan,nan,nan,nan,nan,nan,nan,nan,nan,nan,nan,nan,nan,nan,nan,nan,nan,nan,nan,nan,nan,nan,nan,nan,nan,nan,nan,nan,nan,nan
480,nan,nan,nan,nan,nan,nan,nan,nan,nan,nan,nan,nan,nan,nan,nan,nan,nan,nan,nan,nan,nan,nan,nan,nan,nan,nan,nan,nan,nan,nan,nan,nan,nan,nan,nan,nan,nan,nan,nan,nan,nan,nan,nan,nan,nan,nan,nan,nan,nan,nan,nan,nan,nan,nan,nan,nan,nan,nan,nan,nan,nan,nan
481,nan,nan,nan,nan,nan,nan,nan,nan,nan,nan,nan,nan,nan,nan,nan,nan,nan,nan,nan,nan,nan,nan,nan,nan,nan,nan,nan,nan,nan,nan,nan,nan,nan,nan,nan,nan,nan,nan,nan,nan,nan,nan,nan,nan,nan,nan,nan,nan,nan,nan,nan,nan,nan,nan,nan,nan,nan,nan,nan,nan,nan,nan
482,nan,nan,nan,nan,nan,nan,nan,nan,nan,nan,nan,nan,nan,nan,nan,nan,nan,nan,nan,nan,nan,nan,nan,nan,nan,nan,nan,nan,nan,nan,nan,nan,nan,nan,nan,nan,nan,nan,nan,nan,nan,nan,nan,nan,nan,nan,nan,nan,nan,nan,nan,nan,nan,nan,nan,nan,nan,nan,nan,nan,nan,nan
483,nan,nan,nan,nan,nan,nan,nan,nan,nan,nan,nan,nan,nan,nan,nan,nan,nan,nan,nan,nan,nan,nan,nan,nan,nan,nan,nan,nan,nan,nan,nan,nan,nan,nan,nan,nan,nan,nan,nan,nan,nan,nan,nan,nan,nan,nan,nan,nan,nan,nan,nan,nan,nan,nan,nan,nan,nan,nan,nan,nan,nan,nan
484,nan,nan,nan,nan,nan,nan,nan,nan,nan,nan,nan,nan,nan,nan,nan,nan,nan,nan,nan,nan,nan,nan,nan,nan,nan,nan,nan,nan,nan,nan,nan,nan,nan,nan,nan,nan,nan,nan,nan,nan,nan,nan,nan,nan,nan,nan,nan,nan,nan,nan,nan,nan,nan,nan,nan,nan,nan,nan,nan,nan,nan,nan
485,nan,nan,nan,nan,nan,nan,nan,nan,nan,nan,nan,nan,nan,nan,nan,nan,nan,nan,nan,nan,nan,nan,nan,nan,nan,nan,nan,nan,nan,nan,nan,nan,nan,nan,nan,nan,nan,nan,nan,nan,nan,nan,nan,nan,nan,nan,nan,nan,nan,nan,nan,nan,nan,nan,nan,nan,nan,nan,nan,nan,nan,nan
486,nan,nan,nan,nan,nan,nan,nan,nan,nan,nan,nan,nan,nan,nan,nan,nan,nan,nan,nan,nan,nan,nan,nan,nan,nan,nan,nan,nan,nan,nan,nan,nan,nan,nan,nan,nan,nan,nan,nan,nan,nan,nan,nan,nan,nan,nan,nan,nan,nan,nan,nan,nan,nan,nan,nan,nan,nan,nan,nan,nan,nan,nan
487,nan,nan,nan,nan,nan,nan,nan,nan,nan,nan,nan,nan,nan,nan,nan,nan,nan,nan,nan,nan,nan,nan,nan,nan,nan,nan,nan,nan,nan,nan,nan,nan,nan,nan,nan,nan,nan,nan,nan,nan,nan,nan,nan,nan,nan,nan,nan,nan,nan,nan,nan,nan,nan,nan,nan,nan,nan,nan,nan,nan,nan,nan
488,nan,nan,nan,nan,nan,nan,nan,nan,nan,nan,nan,nan,nan,nan,nan,nan,nan,nan,nan,nan,nan,nan,nan,nan,nan,nan,nan,nan,nan,nan,nan,nan,nan,nan,nan,nan,nan,nan,nan,nan,nan,nan,nan,nan,nan,nan,nan,nan,nan,nan,nan,nan,nan,nan,nan,nan,nan,nan,nan,nan,nan,nan
489,nan,nan,nan,nan,nan,nan,nan,nan,nan,nan,nan,nan,nan,nan,nan,nan,nan,nan,nan,nan,nan,nan,nan,nan,nan,nan,nan,nan,nan,nan,nan,nan,nan,nan,nan,nan,nan,nan,nan,nan,nan,nan,nan,nan,nan,nan,nan,nan,nan,nan,nan,nan,nan,nan,nan,nan,nan,nan,nan,nan,nan,nan
490,nan,nan,nan,nan,nan,nan,nan,nan,nan,nan,nan,nan,nan,nan,nan,nan,nan,nan,nan,nan,nan,nan,nan,nan,nan,nan,nan,nan,nan,nan,nan,nan,nan,nan,nan,nan,nan,nan,nan,nan,nan,nan,nan,nan,nan,nan,nan,nan,nan,nan,nan,nan,nan,nan,nan,nan,nan,nan,nan,nan,nan,nan
491,nan,nan,nan,nan,nan,nan,nan,nan,nan,nan,nan,nan,nan,nan,nan,nan,nan,nan,nan,nan,nan,nan,nan,nan,nan,nan,nan,nan,nan,nan,nan,nan,nan,nan,nan,nan,nan,nan,nan,nan,nan,nan,nan,nan,nan,nan,nan,nan,nan,nan,nan,nan,nan,nan,nan,nan,nan,nan,nan,nan,nan,nan
492,nan,nan,nan,nan,nan,nan,nan,nan,nan,nan,nan,nan,nan,nan,nan,nan,nan,nan,nan,nan,nan,nan,nan,nan,nan,nan,nan,nan,nan,nan,nan,nan,nan,nan,nan,nan,nan,nan,nan,nan,nan,nan,nan,nan,nan,nan,nan,nan,nan,nan,nan,nan,nan,nan,nan,nan,nan,nan,nan,nan,nan,nan
493,nan,nan,nan,nan,nan,nan,nan,nan,nan,nan,nan,nan,nan,nan,nan,nan,nan,nan,nan,nan,nan,nan,nan,nan,nan,nan,nan,nan,nan,nan,nan,nan,nan,nan,nan,nan,nan,nan,nan,nan,nan,nan,nan,nan,nan,nan,nan,nan,nan,nan,nan,nan,nan,nan,nan,nan,nan,nan,nan,nan,nan,nan
494,nan,nan,nan,nan,nan,nan,nan,nan,nan,nan,nan,nan,nan,nan,nan,nan,nan,nan,nan,nan,nan,nan,nan,nan,nan,nan,nan,nan,nan,nan,nan,nan,nan,nan,nan,nan,nan,nan,nan,nan,nan,nan,nan,nan,nan,nan,nan,nan,nan,nan,nan,nan,nan,nan,nan,nan,nan,nan,nan,nan,nan,nan
495,nan,nan,nan,nan,nan,nan,nan,nan,nan,nan,nan,nan,nan,nan,nan,nan,nan,nan,nan,nan,nan,nan,nan,nan,nan,nan,nan,nan,nan,nan,nan,nan,nan,nan,nan,nan,nan,nan,nan,nan,nan,nan,nan,nan,nan,nan,nan,nan,nan,nan,nan,nan,nan,nan,nan,nan,nan,nan,nan,nan,nan,nan
496,nan,nan,nan,nan,nan,nan,nan,nan,nan,nan,nan,nan,nan,nan,nan,nan,nan,nan,nan,nan,nan,nan,nan,nan,nan,nan,nan,nan,nan,nan,nan,nan,nan,nan,nan,nan,nan,nan,nan,nan,nan,nan,nan,nan,nan,nan,nan,nan,nan,nan,nan,nan,nan,nan,nan,nan,nan,nan,nan,nan,nan,nan
497,nan,nan,nan,nan,nan,nan,nan,nan,nan,nan,nan,nan,nan,nan,nan,nan,nan,nan,nan,nan,nan,nan,nan,nan,nan,nan,nan,nan,nan,nan,nan,nan,nan,nan,nan,nan,nan,nan,nan,nan,nan,nan,nan,nan,nan,nan,nan,nan,nan,nan,nan,nan,nan,nan,nan,nan,nan,nan,nan,nan,nan,nan
498,nan,nan,nan,nan,nan,nan,nan,nan,nan,nan,nan,nan,nan,nan,nan,nan,nan,nan,nan,nan,nan,nan,nan,nan,nan,nan,nan,nan,nan,nan,nan,nan,nan,nan,nan,nan,nan,nan,nan,nan,nan,nan,nan,nan,nan,nan,nan,nan,nan,nan,nan,nan,nan,nan,nan,nan,nan,nan,nan,nan,nan,nan
499,nan,nan,nan,nan,nan,nan,nan,nan,nan,nan,nan,nan,nan,nan,nan,nan,nan,nan,nan,nan,nan,nan,nan,nan,nan,nan,nan,nan,nan,nan,nan,nan,nan,nan,nan,nan,nan,nan,nan,nan,nan,nan,nan,nan,nan,nan,nan,nan,nan,nan,nan,nan,nan,nan,nan,nan,nan,nan,nan,nan,nan,nan
