step,CV_eff,CV_eff__c1,CV_eff__c2,CV_eff__f1,CV_eff__f2,CV_eff_act,N,Pi,Pi__c1,Pi__c2,Pi__f1,Pi__f2,absmu_med__c1,absmu_med__c2,absmu_med__f1,absmu_med__f2,cos_max,cos_mean,cos_min,g_CV_eff,g_CV_eff__c1,g_CV_eff__c2,g_CV_eff__f1,g_CV_eff__f2,g_CV_eff_act,g_N,g_Pi,g_Pi__c1,g_Pi__c2,g_Pi__f1,g_Pi__f2,g_absmu_med__c1,g_absmu_med__c2,g_absmu_med__f1,g_absmu_med__f2,g_cos_max,g_cos_mean,g_cos_min,g_norm_0,g_norm_1,g_norm_2,g_norm_3,g_norm_4,g_norm_5,g_norm_6,g_norm_7,g_norm_8,g_norm_9,g_scale,g_sigma_H,norm_0,norm_1,norm_2,norm_3,norm_4,norm_5,norm_6,norm_7,norm_8,norm_9,scale,sigma_H
0,9.417667388916016,5.655036926269531,6.401401042938232,9.41720199584961,12.658449172973633,9.324256040796202,0.07610054314136505,0.9944640398025513,0.9996970891952515,0.9995843768119812,0.9897119998931885,0.9988240003585815,0.00013094520545564592,9.192031575366855e-05,1.3578188372775912e-05,9.577850869391114e-05,0.053498025983572006,-0.09840357303619385,-0.16623307764530182,9.417668342590332,5.6550374031066895,6.401400566101074,9.417201042175293,12.658449172973633,9.324256028526687,0.07610054314136505,0.9944642186164856,0.9996970295906067,0.9995843768119812,0.9897119998931885,0.9988239407539368,0.0013094519963487983,0.0009192030993290246,0.0001357819273835048,0.0009577853488735855,0.05349801853299141,-0.09840357303619385,-0.1662331074476242,5.424368858337402,4.334922790527344,5.000225067138672,4.841844081878662,4.7002644538879395,4.9772539138793945,5.397615909576416,4.752227306365967,5.708584785461426,5.066838264465332,5.02041482925415,5.006784439086914,0.5424368977546692,0.4334922730922699,0.5000224709510803,0.4841843843460083,0.4700264632701874,0.49772536754608154,0.5397616028785706,0.47522270679473877,0.5708584785461426,0.5066838264465332,0.5020415186882019,0.5006784200668335
1,9.620894432067871,5.617802619934082,6.471263885498047,9.603311538696289,12.910384178161621,9.58719114103434,0.07668691128492355,0.9981017708778381,0.9989136457443237,0.9995694756507874,0.9966046214103699,0.999707043170929,0.0002483416465111077,0.00016968598356470466,2.5524908778606914e-05,0.0001802941842470318,0.063902348279953,-0.09887213259935379,-0.1647389978170395,9.61934757232666,5.430461883544922,6.38218355178833,9.623969078063965,12.891837120056152,9.545360894535937,0.09110479056835175,0.9971634745597839,0.9999483227729797,0.9996411800384521,0.9946673512458801,0.9996017813682556,0.0015112929977476597,0.0009497711434960365,0.0001444774679839611,0.0010182567639276385,0.07320645451545715,-0.09889505058526993,-0.16266745328903198,5.810096740722656,4.553206920623779,4.835215091705322,5.234009742736816,4.912715911865234,5.243406772613525,5.910985469818115,5.051082134246826,6.11234188079834,5.564863204956055,5.3227925300598145,5.316187381744385,1.0294969081878662,0.822192907333374,0.9318230152130127,0.9181767106056213,0.8918417096138,0.9446194171905518,1.024367094039917,0.902020275592804,1.083478331565857,0.9615316987037659,0.9509548544883728,0.9486363530158997
2,9.866438865661621,5.640017986297607,6.494205474853516,9.824151039123535,13.242411613464355,9.845723028693095,0.07658308744430542,0.9989131093025208,0.9998438954353333,0.999623715877533,0.9981446266174316,0.9997421503067017,0.00035376381129026413,0.00023392276489175856,3.582788849598728e-05,0.0002592500241007656,0.049535561352968216,-0.09964650869369507,-0.16048230230808258,9.972721099853516,5.520602703094482,6.3487443923950195,9.935290336608887,13.211299896240234,9.894327481946542,0.08901432901620865,0.9973695874214172,0.9981955885887146,0.9996207356452942,0.9950475096702576,0.9995722770690918,0.0016729613998904824,0.0010208928724750876,0.00016097874322440475,0.0011847056448459625,0.025843556970357895,-0.10048338770866394,-0.15605948865413666,6.53707218170166,5.136588096618652,5.673799991607666,5.7968854904174805,5.785355567932129,6.248554706573486,6.614396095275879,5.857397079467773,7.147492408752441,6.228099346160889,6.102563858032227,6.096122741699219,1.4661619663238525,1.1708221435546875,1.3359050750732422,1.3077501058578491,1.2697142362594604,1.345542550086975,1.4589046239852905,1.284220576286316,1.543313980102539,1.3690789937973022,1.355141520500183,1.352182149887085
3,10.175792694091797,5.698195457458496,6.587302207946777,10.084415435791016,13.436223030090332,10.161767101343509,0.0766226127743721,0.9992167353630066,0.9998549818992615,0.9995438456535339,0.9987334609031677,0.999844491481781,0.0004086603585164994,0.0002777102345135063,4.4141459511592984e-05,0.000337910809321329,0.037975721061229706,-0.10065839439630508,-0.15492185950279236,10.190682411193848,5.624869346618652,6.544622898101807,9.984301567077637,12.653783798217773,10.140923650629698,0.09258400648832321,0.9978370070457458,0.9997614622116089,0.9996671676635742,0.9957835078239441,0.9997138381004333,0.0016545791877433658,0.001045751036144793,0.00018171651754528284,0.001458109705708921,0.02079349011182785,-0.10196003317832947,-0.16761845350265503,7.954697132110596,6.103851318359375,6.6983489990234375,6.67891788482666,6.790726661682129,7.217979431152344,8.023544311523438,7.00626277923584,8.304987907409668,7.4929704666137695,7.22722864151001,7.223443031311035,1.8541213274002075,1.4810302257537842,1.6955291032791138,1.6537771224975586,1.6059136390686035,1.7031275033950806,1.8455116748809814,1.624301791191101,1.9534069299697876,1.7322309017181396,1.7148948907852173,1.7116763591766357
4,10.36606502532959,5.912904262542725,6.672184467315674,10.236943244934082,13.164850234985352,10.35345258868504,0.07664226740598679,0.9993868470191956,0.999458909034729,0.9996687173843384,0.9989759922027588,0.9998680949211121,0.00046373181976377964,0.00030753109604120255,5.209616574575193e-05,0.0003983816131949425,0.03886086121201515,-0.10151197761297226,-0.15947207808494568,9.210192680358887,6.436829090118408,6.307775497436523,9.008771896362305,10.374098777770996,9.185367286678792,0.1111469715833664,0.999148428440094,0.9992610812187195,0.9996511936187744,0.9982812404632568,0.9998962879180908,0.002018512226641178,0.001164733781479299,0.00024272454902529716,0.0022013101261109114,0.05944831296801567,-0.10160872340202332,-0.1771538406610489,9.915379524230957,7.493489742279053,8.56884479522705,8.053274154663086,8.049050331115723,8.568737983703613,10.274385452270508,8.601268768310547,10.640829086303711,9.419872283935547,8.958514213562012,8.961013793945312,2.198519229888916,1.755741000175476,2.0139594078063965,1.9605910778045654,1.9038485288619995,2.0196380615234375,2.187490701675415,1.9263778924942017,2.316781997680664,2.054454803466797,2.033740282058716,2.0302796363830566
5,10.254284858703613,6.198876857757568,6.661823749542236,10.167746543884277,12.272934913635254,10.24605734248599,0.07647909224033356,0.9994940757751465,0.9996820688247681,0.9995502829551697,0.9991680979728699,0.9999175667762756,0.000531806203071028,0.00032559328246861696,5.932868953095749e-05,0.0004857628664467484,0.022690076380968094,-0.10197317600250244,-0.16885420680046082,7.2125163078308105,5.492310523986816,5.229940891265869,7.1704254150390625,7.634767055511475,7.20574629825211,0.11659867316484451,0.9995540380477905,0.9990187883377075,0.9998117089271545,0.9989194273948669,0.999971866607666,0.002635363256558776,0.0015491615049540997,0.0003304336278233677,0.0042603276669979095,0.07071147114038467,-0.09716758131980896,-0.1980295181274414,12.75326919555664,9.11075496673584,10.526453971862793,10.674808502197266,10.525490760803223,10.99156665802002,12.901925086975098,10.37354564666748,13.592334747314453,11.65204906463623,11.310219764709473,11.278949737548828,2.4998202323913574,1.9985525608062744,2.294692277908325,2.2301225662231445,2.1662306785583496,2.299132823944092,2.4882500171661377,2.193424701690674,2.637031078338623,2.3385066986083984,2.3145763874053955,2.310375452041626
6,9.661664009094238,6.2275848388671875,6.459086894989014,9.722493171691895,10.820036888122559,9.656370696526983,0.07625561952590942,0.9996511936187744,1.0,0.9995945692062378,0.9993971586227417,0.9999443292617798,0.0005795712932012975,0.00034485297510400414,6.651844159932807e-05,0.000643771723844111,0.018545906990766525,-0.10150125622749329,-0.18207815289497375,5.3959431648254395,3.452730178833008,3.861980676651001,5.413224697113037,5.620909214019775,5.393847940410504,0.14536245167255402,0.9998219013214111,0.9997538328170776,0.9997263550758362,0.9995492100715637,0.9999904632568359,0.0073160636238753796,0.0023996562231332064,0.00047239504056051373,0.006182152312248945,0.09277407824993134,-0.08854014426469803,-0.23347869515419006,16.30368423461914,10.981196403503418,12.4861421585083,12.168073654174805,13.027764320373535,14.548664093017578,17.02681541442871,12.952770233154297,17.223482131958008,14.712817192077637,14.143141746520996,14.05250358581543,2.7642688751220703,2.2133123874664307,2.5423078536987305,2.4692816734313965,2.396726131439209,2.5451159477233887,2.7531731128692627,2.428727149963379,2.9192376136779785,2.5881149768829346,2.5620267391204834,2.5558114051818848
7,8.74549674987793,5.5440354347229,6.049739360809326,9.010568618774414,9.286685943603516,8.74189000936977,0.07601002603769302,0.9997215270996094,0.9999493360519409,0.9996758699417114,0.9994357228279114,0.9999639987945557,0.0006409715279005468,0.0003721996326930821,7.538757927250117e-05,0.0008616987615823746,0.01805606484413147,-0.09983046352863312,-0.1959458291530609,4.336491107940674,2.49780011177063,2.9774560928344727,4.361032485961914,4.503440856933594,4.334911225252567,0.18082056939601898,0.9998296499252319,0.9999882578849792,0.9996684193611145,0.9994994401931763,0.9999939203262329,0.014478064142167568,0.003597135888412595,0.0006709132576361299,0.015012294054031372,0.1330987811088562,-0.07701990753412247,-0.253183513879776,21.197420120239258,13.270255088806152,14.957308769226074,14.598550796508789,14.796700477600098,17.944957733154297,20.8370418548584,15.839495658874512,23.08182144165039,18.658777236938477,17.518232345581055,17.347061157226562,2.998060464859009,2.403884172439575,2.761683940887451,2.6808395385742188,2.6000754833221436,2.7633955478668213,2.9877142906188965,2.637465238571167,3.168246030807495,2.8084099292755127,2.780977725982666,2.7709436416625977
8,7.860969066619873,4.630645751953125,5.546888828277588,8.280143737792969,8.097479820251465,7.85901640040179,0.0760568380355835,0.9998347759246826,0.999065101146698,0.9996828436851501,0.9996762275695801,0.9999842643737793,0.0007820231840014458,0.00040181283839046955,8.476376387989148e-05,0.0011126500321552157,0.03919675946235657,-0.09736979752779007,-0.21045267581939697,3.7880966663360596,2.0828897953033447,2.476483106613159,3.8027400970458984,3.927199363708496,3.7874789199435237,0.20126263797283173,0.999880850315094,0.99951171875,0.9996926188468933,0.999639093875885,0.9999955892562866,0.02214553952217102,0.0048139626160264015,0.0008736412273719907,0.030239446088671684,0.1553834080696106,-0.06715851277112961,-0.31785842776298523,25.75750732421875,16.16227149963379,17.199630737304688,16.5391788482666,17.913822174072266,22.51773452758789,26.98024559020996,19.069677352905273,27.85183334350586,23.830949783325195,21.38228416442871,21.088611602783203,3.2069504261016846,2.573254346847534,2.956087350845337,2.868084669113159,2.7807602882385254,2.956875801086426,3.1982879638671875,2.8226053714752197,3.3912744522094727,3.0045230388641357,2.9758706092834473,2.960606098175049
9,7.176761150360107,3.918333053588867,5.095730304718018,7.679699420928955,7.280760765075684,7.175167045540543,0.07603488117456436,0.9998432993888855,0.9999428987503052,0.9996308088302612,0.9996474981307983,0.9999848008155823,0.0010658471146598458,0.00042943135485984385,9.22196195460856e-05,0.0015805673319846392,0.05520649999380112,-0.0947951003909111,-0.211892232298851,3.549177408218384,1.9391082525253296,2.3065013885498047,3.5569186210632324,3.6459763050079346,3.5485101296330632,0.19609637558460236,0.9998750686645508,0.9998880624771118,0.9997251033782959,0.9995306730270386,0.999985933303833,0.025703636929392815,0.005002242978662252,0.0011218477739021182,0.03344329819083214,0.1548873335123062,-0.05867944285273552,-0.37071385979652405,32.92643737792969,19.150474548339844,23.806129455566406,24.882038116455078,18.524486541748047,25.152671813964844,30.928241729736328,23.013181686401367,33.83491516113281,29.3424072265625,26.156097412109375,25.65536117553711,3.394397020339966,2.725207567214966,3.128120183944702,3.034449338912964,2.9445858001708984,3.1300854682922363,3.3868415355682373,2.987346887588501,3.5900895595550537,3.17822003364563,3.1499345302581787,3.1287992000579834
10,6.680233955383301,3.4559237957000732,4.741971015930176,7.219933986663818,6.724219799041748,6.679004423870526,0.07593931257724762,0.9998564720153809,0.9998154044151306,0.9996607899665833,0.9996293783187866,0.9999879002571106,0.0013557494385167956,0.000449218787252903,9.780128311831504e-05,0.0017415377078577876,0.06678871065378189,-0.092369943857193,-0.24530991911888123,3.1413533687591553,1.841979742050171,2.1767330169677734,3.164759397506714,3.1859323978424072,3.1407504683683665,0.2141340970993042,0.9999154806137085,0.9998287558555603,0.9996863603591919,0.9997434616088867,0.9999674558639526,0.02724519744515419,0.0051292660646140575,0.0013829738600179553,0.014618383720517159,0.16028232872486115,-0.04478701576590538,-0.4460735321044922,38.00725555419922,22.268787384033203,29.503459930419922,28.70738983154297,19.19903564453125,28.962909698486328,37.84404373168945,27.45459747314453,40.36333084106445,33.80276870727539,30.611358642578125,29.830322265625,3.561835527420044,2.861103057861328,3.2806601524353027,3.179495334625244,3.0904059410095215,3.281163454055786,3.55269718170166,3.1331875324249268,3.7652957439422607,3.332653522491455,3.303849935531616,3.276850700378418
11,6.564713478088379,3.255117416381836,4.590585708618164,7.049966812133789,6.621379375457764,6.563757941758219,0.07591553777456284,0.999873697757721,0.9998860955238342,0.999692976474762,0.9996324181556702,0.9999927282333374,0.001491258037276566,0.0004462546785362065,0.00010123679385287687,0.0016294330125674605,0.07024496793746948,-0.09184751659631729,-0.25332212448120117,3.8561851978302,2.232029676437378,2.6761634349823,3.7980775833129883,3.910888671875,3.8555957918157846,0.18547743558883667,0.9998752474784851,0.9996828436851501,0.9996402859687805,0.9994558691978455,0.9999711513519287,0.019115431234240532,0.004209041129797697,0.0012640847126021981,0.062266331166028976,0.1439370959997177,-0.06410187482833862,-0.30542635917663574,44.405643463134766,24.386720657348633,35.69105529785156,34.584774017333984,28.740034103393555,30.754854202270508,42.49777603149414,29.54201316833496,43.40926742553711,33.91252899169922,34.7924690246582,34.25287628173828,3.7161307334899902,2.984670639038086,3.422823190689087,3.3136565685272217,3.221353530883789,3.422307014465332,3.7041003704071045,3.268656015396118,3.925895929336548,3.4784231185913086,3.4458014965057373,3.4163076877593994
12,6.631810188293457,3.138784885406494,4.531503677368164,7.0465240478515625,6.714327812194824,6.63083571650786,0.0755123496055603,0.9998490810394287,0.9985473155975342,0.999542236328125,0.9996082782745361,0.9999887347221375,0.0015311174793168902,0.0004354674892965704,0.00010184941493207589,0.0022525936365127563,0.0674704983830452,-0.09228601306676865,-0.23828473687171936,3.6410067081451416,2.3376848697662354,2.778470039367676,3.608980894088745,3.665177345275879,3.6406330674651284,0.1866229921579361,0.999918520450592,0.9998608231544495,0.9996889233589172,0.9994860887527466,0.9999977350234985,0.01571068726480007,0.004091864917427301,0.001480395207181573,0.07176603376865387,0.12443694472312927,-0.05723569914698601,-0.3450157046318054,50.531253814697266,27.276165008544922,41.92253112792969,39.131805419921875,41.123050689697266,30.92140007019043,47.665164947509766,34.391510009765625,50.782615661621094,39.562965393066406,40.330848693847656,39.56215286254883,3.8512187004089355,3.095707654953003,3.5489423274993896,3.4323558807373047,3.342207908630371,3.5440826416015625,3.8341286182403564,3.3879942893981934,4.066910743713379,3.607085704803467,3.571063280105591,3.541198253631592
13,6.906347274780273,3.2106704711914062,4.594857692718506,7.191030502319336,7.032681941986084,6.905505072228777,0.07511275261640549,0.9998958706855774,0.9997818470001221,0.9997573494911194,0.9996486306190491,0.9999938607215881,0.0014099763939157128,0.0004119635559618473,0.00010075780301121995,0.0023223157040774822,0.04975615814328194,-0.09390979260206223,-0.2221396267414093,4.603934288024902,4.323044300079346,3.950568675994873,4.512629985809326,4.624693393707275,4.603502242862258,0.1636495590209961,0.9999372959136963,0.9996812343597412,0.9995549917221069,0.9995784163475037,0.9999961853027344,0.007086968515068293,0.0028567069675773382,0.0013194342609494925,0.04909798502922058,0.130326509475708,-0.07622350007295609,-0.2998189926147461,56.34293746948242,32.209571838378906,43.6367301940918,37.22560119628906,45.244606018066406,45.00157165527344,46.37053680419922,39.415897369384766,57.2592658996582,46.75849151611328,44.94652557373047,44.50663375854492,3.9778249263763428,3.1977062225341797,3.666043519973755,3.5473458766937256,3.453639268875122,3.657161235809326,3.95638108253479,3.4990265369415283,4.195486068725586,3.72554349899292,3.6876161098480225,3.6598377227783203
14,7.8160786628723145,3.2162389755249023,4.680695056915283,7.832719802856445,8.110526084899902,7.815304526284411,0.07463441044092178,0.9999051094055176,0.9998274445533752,0.9996834993362427,0.9997141361236572,0.9999932646751404,0.0012956218561157584,0.0003891723172273487,9.448997298022732e-05,0.0013651385670527816,0.038755301386117935,-0.09792979061603546,-0.21194645762443542,3.312288284301758,3.8283421993255615,3.0473430156707764,3.3676908016204834,3.307243824005127,3.312149015205811,0.1732388436794281,0.9999598264694214,0.9999275803565979,0.9997116923332214,0.9996472597122192,0.9999995231628418,0.006790799554437399,0.003873159410431981,0.0022760971914976835,0.0469292588531971,0.18554392457008362,-0.04606792703270912,-0.5171088576316833,60.2821044921875,36.02202606201172,50.58594512939453,51.77116012573242,52.240474700927734,56.44022750854492,35.892127990722656,47.56473159790039,62.76888656616211,59.32976150512695,51.28974533081055,49.832183837890625,4.072453022003174,3.2852511405944824,3.7506065368652344,3.63171124458313,3.5332651138305664,3.7503299713134766,4.06727933883667,3.5934689044952393,4.291693687438965,3.8217508792877197,3.7797811031341553,3.759647846221924
15,9.83288860321045,3.26186203956604,4.707304000854492,9.003765106201172,10.753134727478027,9.83141152868682,0.0741468295454979,0.9998342990875244,0.9999719262123108,0.9997703433036804,0.999657154083252,0.9999117255210876,0.0011099698022007942,0.0003703351248987019,8.447130676358938e-05,0.001174379140138626,-0.012390419840812683,-0.10335850715637207,-0.19984807074069977,3.862070322036743,4.044197082519531,2.7783706188201904,3.712275981903076,3.889498233795166,3.861953780757577,0.19096405804157257,0.9999596476554871,0.9999222159385681,0.9997157454490662,0.999661922454834,0.9999980926513672,0.005565608385950327,0.004231863655149937,0.0019256651867181063,0.04259079322218895,0.14912040531635284,-0.06253022700548172,-0.4903718829154968,37.19181823730469,39.70296096801758,45.426414489746094,56.56312942504883,56.8469352722168,61.853702545166016,64.34426879882812,55.974952697753906,67.09772491455078,68.76534271240234,55.3767204284668,54.577537536621094,4.1702880859375,3.367140769958496,3.828031063079834,3.711282730102539,3.6127665042877197,3.834432601928711,4.152198791503906,3.676203966140747,4.384773254394531,3.914100170135498,3.865121841430664,3.8558433055877686
16,9.708245277404785,3.0275137424468994,4.539425849914551,9.042339324951172,10.453938484191895,9.70702609500207,0.073573037981987,0.9998424053192139,0.9998800754547119,0.9996950626373291,0.9996572732925415,0.9999223947525024,0.0011476532090455294,0.00037253901246003807,8.358503691852093e-05,0.001543913851492107,-0.006268203258514404,-0.10270928591489792,-0.2215823084115982,2.5948169231414795,2.212555170059204,2.1962668895721436,2.497825860977173,2.60856294631958,2.594783598379016,0.22514699399471283,0.999957799911499,0.999954342842102,0.9998183250427246,0.9997488856315613,0.9999812841415405,0.025888675823807716,0.006701955106109381,0.0033953941892832518,0.039822496473789215,0.17990344762802124,-0.012155750766396523,-0.53270423412323,69.74737548828125,50.03226089477539,32.538490295410156,64.00983428955078,61.30818557739258,64.04305267333984,83.6281967163086,65.7491226196289,80.79776763916016,80.68946075439453,65.25437927246094,62.413394927978516,4.24567174911499,3.4384210109710693,3.9133312702178955,3.776132583618164,3.6775240898132324,3.9077935218811035,4.235867500305176,3.755833625793457,4.463137626647949,3.9951021671295166,3.9408814907073975,3.9307355880737305
17,9.359845161437988,2.5414352416992188,4.271328926086426,8.880499839782715,9.967452049255371,9.358785616207141,0.07379352301359177,0.9999136924743652,0.9999887943267822,0.9997024536132812,0.9997122287750244,0.9999931454658508,0.001339693902991712,0.00037854097899980843,8.194531255867332e-05,0.0025380649603903294,0.0014880374073982239,-0.10203499346971512,-0.24533458054065704,2.0320937633514404,1.260446310043335,1.558087706565857,2.0404765605926514,2.0370235443115234,2.032097116204987,0.26077648997306824,0.9999573826789856,0.9992669224739075,0.9998239874839783,0.9997508525848389,0.9999790787696838,0.05337586626410484,0.010711400769650936,0.004527915269136429,0.20468388497829437,0.2630179524421692,0.050412122160196304,-0.7170125842094421,91.71627044677734,57.71226501464844,84.77715301513672,66.29409790039062,51.43545913696289,39.21345138549805,98.14289855957031,74.29058074951172,95.6922836303711,91.97891235351562,75.1253433227539,69.65995788574219,4.2974419593811035,3.4946541786193848,3.9719114303588867,3.8075520992279053,3.693551540374756,3.9711499214172363,4.292861461639404,3.8166043758392334,4.518730640411377,4.060680389404297,3.992513656616211,3.980714797973633
18,8.248726844787598,2.2628555297851562,4.044694900512695,8.293754577636719,8.538154602050781,8.247928071749108,0.0739656463265419,0.9999163150787354,0.9997449517250061,0.9996899962425232,0.9996484518051147,0.9999942779541016,0.0015126281650736928,0.00038290294469334185,8.631515083834529e-05,0.0026430636644363403,0.006859943270683289,-0.09924288839101791,-0.26716843247413635,2.032639503479004,1.2985429763793945,1.6938797235488892,2.073558807373047,2.0329878330230713,2.0325334484435107,0.3028775453567505,0.9999445080757141,0.9999938011169434,0.9996800422668457,0.999569296836853,0.9999753832817078,0.05817275121808052,0.008731371723115444,0.004382302984595299,0.17685256898403168,0.2397972196340561,0.04266924411058426,-0.6647229194641113,100.98318481445312,57.240936279296875,97.18115997314453,35.26237869262695,47.09726333618164,85.73880004882812,104.69166564941406,75.76798248291016,105.12704467773438,99.29901123046875,80.83894348144531,75.79004669189453,4.357339859008789,3.5465505123138428,4.03334379196167,3.8582258224487305,3.7326443195343018,4.029939651489258,4.355987548828125,3.8693552017211914,4.578096866607666,4.124291896820068,4.048577308654785,4.030129909515381
19,8.485628128051758,1.9782048463821411,3.8016254901885986,8.250563621520996,8.887471199035645,8.48492675793368,0.07427888363599777,0.9999287128448486,0.9999833106994629,0.9997220039367676,0.9996960759162903,0.9999951124191284,0.001715718419291079,0.00038586018490605056,8.432592585450038e-05,0.002024261048063636,0.012561455368995667,-0.09995555877685547,-0.23907262086868286,1.8368370532989502,1.243712306022644,1.448211908340454,1.8235481977462769,1.8420827388763428,1.8364588493517755,0.2768535315990448,0.9998995065689087,0.9997652173042297,0.9997475743293762,0.9997681379318237,0.9999112486839294,0.07377054542303085,0.009011919610202312,0.005371682345867157,0.2266206294298172,0.39890897274017334,0.08018448203802109,-0.7732455730438232,111.78987121582031,51.8109130859375,100.39421081542969,102.38522338867188,92.12800598144531,103.86886596679688,117.95416259765625,63.47871398925781,117.85728454589844,48.6489372253418,91.0316162109375,82.95867919921875,4.394202709197998,3.580486536026001,4.069064140319824,3.8947865962982178,3.744019031524658,4.0629048347473145,4.389260292053223,3.894688129425049,4.613025188446045,4.177070617675781,4.081951141357422,4.065065860748291
20,7.790492057800293,1.8485630750656128,3.5650060176849365,7.76513147354126,8.064027786254883,7.790162126343034,0.07420886307954788,0.9999445080757141,0.9999777674674988,0.9997134804725647,0.9997409582138062,0.9999967813491821,0.001828179694712162,0.00038704098551534116,8.69306386448443e-05,0.0023332503624260426,0.017399094998836517,-0.09810733795166016,-0.24779894948005676,1.7752684354782104,1.1196540594100952,1.160741925239563,1.6837451457977295,1.787474513053894,1.775188206455745,0.350396066904068,0.9999645948410034,0.9997162222862244,0.999768078327179,0.9995591640472412,0.9999977946281433,0.07199092954397202,0.012972846627235413,0.006109777372330427,0.3043944239616394,0.37554875016212463,0.07395809143781662,-0.8105043172836304,101.79585266113281,25.590818405151367,106.13275909423828,112.93072509765625,94.32595825195312,106.50733184814453,122.56582641601562,38.53083801269531,128.62843322753906,123.63668823242188,96.06452178955078,88.6884994506836,4.431151866912842,3.6164710521698,4.102145195007324,3.9337613582611084,3.7770779132843018,4.104153633117676,4.439884185791016,3.923961877822876,4.649962425231934,4.2192463874816895,4.119781494140625,4.0974907875061035
21,7.4790120124816895,1.8297663927078247,3.433112144470215,7.5501556396484375,7.688345432281494,7.47853434466051,0.07441287487745285,0.9999321103096008,0.9996581673622131,0.9995304942131042,0.9997317790985107,0.9999911785125732,0.0018209522822871804,0.00037925256765447557,8.903199341148138e-05,0.002448661020025611,0.025612618774175644,-0.09726043790578842,-0.24846549332141876,2.377967119216919,1.8326401710510254,1.5437982082366943,2.316929817199707,2.3881096839904785,2.376233550735205,0.32297828793525696,0.9996290802955627,0.9997050762176514,0.9996374845504761,0.9995406270027161,0.9996346235275269,0.05039285495877266,0.00980363879352808,0.004399695433676243,0.24128590524196625,0.265117883682251,-0.006971993949264288,-0.6022347807884216,86.13227081298828,27.482698440551758,69.01449584960938,114.1251220703125,76.70110321044922,104.06226348876953,124.79808044433594,79.90878295898438,131.06663513183594,119.32087707519531,93.26123046875,90.34171295166016,4.494096279144287,3.6667420864105225,4.145463943481445,3.9921529293060303,3.825441837310791,4.160008907318115,4.505599021911621,3.9795103073120117,4.713793754577637,4.280531883239746,4.176333904266357,4.150940895080566
22,7.236588001251221,1.6461583375930786,3.2189078330993652,7.480477809906006,7.412199020385742,7.23614969980365,0.07453155517578125,0.9999426007270813,0.9996551275253296,0.9996258616447449,0.999709963798523,0.9999964833259583,0.0019845960196107626,0.0003955603751819581,9.223448432749137e-05,0.002635511802509427,0.03854324296116829,-0.09562531858682632,-0.2592923939228058,1.45407235622406,1.269144892692566,1.2758944034576416,1.4008872509002686,1.458781123161316,1.2003828466868507,0.32922452688217163,0.9775927066802979,0.9999232888221741,0.9996201395988464,0.9995348453521729,0.9759916663169861,0.09890381246805191,0.015207232907414436,0.00875409971922636,0.3266741931438446,0.43387436866760254,0.15315653383731842,-0.9186044931411743,138.17649841308594,87.60562133789062,19.92267608642578,130.5818634033203,112.64376068115234,101.28729248046875,152.44436645507812,119.08815002441406,155.8628692626953,142.1131591796875,115.9726333618164,100.60174560546875,4.5081281661987305,3.6846835613250732,4.137415885925293,3.9850564002990723,3.826997995376587,4.142454147338867,4.518007755279541,4.006692409515381,4.723969459533691,4.293460845947266,4.182686805725098,4.154806137084961
23,7.097708702087402,1.4264436960220337,3.0184662342071533,7.448071002960205,7.264060020446777,7.0972023065683825,0.07406465709209442,0.9999334812164307,0.9989234209060669,0.9995948672294617,0.9997161626815796,0.9999956488609314,0.0021652623545378447,0.0004068647976964712,8.607876225141808e-05,0.004294228740036488,0.044637419283390045,-0.0945555567741394,-0.30084192752838135,1.3801767826080322,1.0277833938598633,1.151578664779663,1.3964674472808838,1.3810157775878906,1.3873133502330104,0.3039510250091553,0.9888782501220703,0.9998520016670227,0.9997025728225708,0.999528706073761,0.9882073402404785,0.10755255073308945,0.01855148747563362,0.008882454596459866,0.3790511190891266,0.43454599380493164,0.18128515779972076,-0.9751735329627991,152.48338317871094,99.80829620361328,151.3786163330078,105.05976104736328,121.78125,31.655149459838867,160.37689208984375,131.80894470214844,167.27171325683594,152.79904174804688,127.44231414794922,107.8628158569336,4.496548652648926,3.6977922916412354,4.150667667388916,3.94706392288208,3.8168740272521973,4.1359028816223145,4.508248329162598,4.020678997039795,4.718364715576172,4.295240879058838,4.178738594055176,4.149205207824707
24,8.498083114624023,1.0717979669570923,2.6810553073883057,8.448385238647461,8.995017051696777,8.49736720721204,0.0747164711356163,0.9999260306358337,0.9997086524963379,0.9996423125267029,0.9996607303619385,0.9999962449073792,0.0025522359646856785,0.0004432499408721924,7.346056372625753e-05,0.0026341660413891077,0.02485204115509987,-0.09955815225839615,-0.27868759632110596,1.098076343536377,0.6945450305938721,0.8269122242927551,1.1357389688491821,1.0994806289672852,1.0837219099398288,0.3432079553604126,0.9902964234352112,0.9999496340751648,0.9992215037345886,0.9996790289878845,0.9897075891494751,0.19940324127674103,0.03015740029513836,0.012183906510472298,0.45328831672668457,0.5276185870170593,0.2546498775482178,-0.9900758862495422,180.76693725585938,120.97074127197266,164.70960998535156,139.67364501953125,166.1597137451172,159.99734497070312,6.90554141998291,150.66287231445312,189.5464630126953,174.39187622070312,145.3784637451172,113.64041137695312,4.448351860046387,3.6721038818359375,4.092257022857666,3.883653402328491,3.76926589012146,4.08961820602417,4.491477012634277,3.9928932189941406,4.665518283843994,4.247375965118408,4.135251522064209,4.118361949920654
25,6.726008415222168,0.8417134881019592,2.331105947494507,7.340893268585205,6.953725814819336,6.725785424043892,0.09326096624135971,0.9999548196792603,0.9999672174453735,0.9997355937957764,0.9996675252914429,0.999997615814209,0.0029580779373645782,0.000489342026412487,8.267637895187363e-05,0.0012257278431206942,0.03242485225200653,-0.0942118763923645,-0.3516885042190552,1.1185531616210938,0.9703957438468933,1.0143009424209595,1.1217793226242065,1.1194685697555542,0.8655618961216276,0.3299776315689087,0.9767407774925232,0.999716579914093,0.999779462814331,0.9995655417442322,0.9753627181053162,0.18199430406093597,0.02415071614086628,0.012085024267435074,0.4216507077217102,0.91758793592453,0.4033907353878021,0.07573831081390381,131.9451141357422,124.37918853759766,172.29449462890625,17.218351364135742,138.3081817626953,165.45550537109375,171.52682495117188,157.84593200683594,198.62655639648438,181.01011657714844,145.8610076904297,114.50801849365234,4.4239678382873535,3.6705546379089355,4.07883882522583,3.3590545654296875,3.7389798164367676,4.093775272369385,4.490830421447754,3.983153820037842,4.645995140075684,4.227225303649902,4.071237564086914,4.044447898864746
26,7.435582637786865,0.7810490727424622,2.1503868103027344,7.727849960327148,7.861326217651367,7.435281416355963,0.09146832674741745,0.9999496936798096,0.9999963045120239,0.9997869729995728,0.9996275305747986,0.9999964237213135,0.0031807818450033665,0.0005061087431386113,7.492094300687313e-05,0.0015369117027148604,0.03061501495540142,-0.09675577282905579,-0.3014582395553589,1.2196465730667114,1.1560605764389038,1.1712228059768677,1.2925264835357666,1.2169431447982788,0.7378570843969628,0.31306493282318115,0.9700654745101929,0.9997020959854126,0.9998842477798462,0.999417781829834,0.9684861302375793,0.15998195111751556,0.020621636882424355,0.01049870252609253,0.35331496596336365,0.5421797633171082,0.20709432661533356,-0.9331042766571045,126.65636444091797,114.16569519042969,169.01841735839844,169.20236206054688,152.5481719970703,161.52642822265625,176.44024658203125,147.5334014892578,187.2641143798828,24.601123809814453,142.8956298828125,115.79003143310547,4.402810096740723,3.6608686447143555,4.058945655822754,3.3928468227386475,3.7074551582336426,4.073988914489746,4.474092960357666,3.964808464050293,4.620269775390625,4.258082866668701,4.061417579650879,4.041981220245361
27,8.215072631835938,0.8001176714897156,1.9784932136535645,8.087890625,8.951122283935547,8.214305480616156,0.08979291468858719,0.9999178647994995,0.999999463558197,0.9997000694274902,0.9996318817138672,0.9999722242355347,0.003371277591213584,0.0005335028981789947,6.99079391779378e-05,0.002554349834099412,0.034436289221048355,-0.09991692751646042,-0.25978943705558777,1.8902649879455566,1.1581881046295166,1.1933574676513672,1.8089752197265625,1.9083069562911987,0.8215926027357888,0.3861384093761444,0.9425231218338013,0.9999957084655762,0.9997564554214478,0.999571681022644,0.9382871389389038,0.16929833590984344,0.02223418653011322,0.005786612164229155,0.4460662305355072,0.40223246812820435,0.0814160406589508,-0.734136164188385,65.8036117553711,80.5641098022461,150.11244201660156,150.39088439941406,54.65240478515625,140.8928680419922,171.74600219726562,55.47450637817383,160.2819366455078,160.60116577148438,119.05199432373047,112.80631256103516,4.43657922744751,3.6895370483398438,4.10345458984375,3.4940407276153564,3.673950433731079,4.10107421875,4.498655796051025,3.985879898071289,4.656644821166992,4.298406600952148,4.093822002410889,4.080174922943115
28,7.531864643096924,0.8285827040672302,1.828978419303894,7.52025032043457,8.14370346069336,7.53134640318032,0.08771983534097672,0.99993896484375,0.9997065663337708,0.9997738003730774,0.9997124671936035,0.9999966025352478,0.003639874281361699,0.0005605141050182283,7.434159488184378e-05,0.002032415708526969,0.0564827099442482,-0.09663086384534836,-0.32637253403663635,1.5453870296478271,1.0342878103256226,1.0457264184951782,1.4304215908050537,1.5599608421325684,0.734560439245197,0.39875510334968567,0.9033231139183044,0.999586284160614,0.999573826789856,0.9995602369308472,0.8963027000427246,0.20657041668891907,0.025918012484908104,0.008790084160864353,0.41158580780029297,0.4678206443786621,0.11963507533073425,-0.7488617897033691,144.27597045898438,40.54368209838867,154.77349853515625,168.75637817382812,119.95528411865234,153.2427978515625,166.0736083984375,22.711198806762695,172.55462646484375,175.8240966796875,131.87112426757812,119.19110870361328,4.451083183288574,3.701540470123291,4.138853549957275,3.565248966217041,3.6985957622528076,4.122872829437256,4.5410027503967285,4.021859645843506,4.680736064910889,4.31141471862793,4.123321056365967,4.103147506713867
29,7.451033592224121,0.848910927772522,1.7078667879104614,7.282710075378418,8.131799697875977,7.450364177601575,0.08549334108829498,0.9999215602874756,0.9996828436851501,0.9996361136436462,0.9996952414512634,0.999997079372406,0.0039541227743029594,0.0005808680434711277,7.57759262342006e-05,0.003824389772489667,0.06116785109043121,-0.09692386537790298,-0.2794681787490845,1.2996811866760254,1.0509957075119019,0.9167323708534241,1.1362446546554565,1.313750147819519,0.42467593137598064,0.3489830791950226,0.9288420081138611,0.9992300271987915,0.9995201826095581,0.9996840953826904,0.9234527945518494,0.229404017329216,0.030935173854231834,0.011747518554329872,0.33015546202659607,0.4714846611022949,0.1668025106191635,-0.8038245439529419,128.87469482421875,6.788910865783691,136.0982208251953,173.71226501464844,142.61643981933594,162.74160766601562,182.197021484375,157.87448120117188,199.3014678955078,181.77066040039062,147.1975860595703,123.56170654296875,4.4732666015625,3.727454423904419,4.108019828796387,3.594836473464966,3.707336664199829,4.1222944259643555,4.549211502075195,4.027953147888184,4.663511753082275,4.3001813888549805,4.127406597137451,4.10565185546875
30,6.860529899597168,0.7742857933044434,1.4908021688461304,7.071490287780762,7.530613899230957,6.860123910118178,0.1032746285200119,0.9999479651451111,0.9999898672103882,0.9997765421867371,0.9996519088745117,0.999992847442627,0.004518108442425728,0.0006605400703847408,8.029337914194912e-05,0.004067897796630859,0.032942503690719604,-0.09595895558595657,-0.2585429549217224,0.9862741231918335,0.748283863067627,0.7562568187713623,0.9710924625396729,0.9912892580032349,0.6797503969715025,0.3465462327003479,0.968631386756897,0.9977042078971863,0.9993552565574646,0.9994063377380371,0.966609001159668,0.3580280542373657,0.04817819595336914,0.015510804951190948,0.5637779235839844,0.9993463754653931,0.51692134141922,0.4619567394256592,207.85186767578125,127.08401489257812,9.328825950622559,192.19137573242188,180.57940673828125,182.67776489257812,215.0237579345703,184.677490234375,219.62246704101562,203.60765075683594,172.2644500732422,128.02243041992188,4.444465637207031,3.696106433868408,3.3617916107177734,3.546649932861328,3.676762819290161,4.067900657653809,4.506466388702393,3.9833462238311768,4.627979278564453,4.243196487426758,4.015466213226318,3.9946110248565674
31,5.639080047607422,0.7865633368492126,1.4037911891937256,6.218088626861572,5.985998630523682,5.638855193992662,0.09924748539924622,0.9999626874923706,0.9999985098838806,0.9997743368148804,0.9996658563613892,0.9999973773956299,0.004775431007146835,0.000694946909788996,9.091317042475566e-05,0.004299745429307222,0.06063061207532883,-0.0866488665342331,-0.37339773774147034,1.260237216949463,1.054372787475586,1.0212395191192627,1.2178219556808472,1.2657880783081055,0.4973516967680853,0.402060329914093,0.955924391746521,0.999987006187439,0.999113917350769,0.999629557132721,0.953205943107605,0.2462141513824463,0.03471062332391739,0.012055990286171436,0.4024997353553772,0.5338300466537476,0.19492995738983154,-0.8612382411956787,188.47804260253906,65.33092498779297,7.999077320098877,171.677978515625,139.28826904296875,161.62741088867188,193.8531036376953,155.03228759765625,197.83653259277344,179.59091186523438,146.0714569091797,123.32667541503906,4.458086013793945,3.7058088779449463,3.465035915374756,3.572866678237915,3.6882238388061523,4.088889122009277,4.515753746032715,4.014981746673584,4.6484694480896,4.265929222106934,4.0424041748046875,3.999859094619751
32,5.762058258056641,0.8140581846237183,1.3566365242004395,6.211593151092529,6.162403106689453,5.761804975533742,0.09613095223903656,0.9999611973762512,0.9999480247497559,0.9997933506965637,0.9996888041496277,0.9999966621398926,0.0049125864170491695,0.0007060387288220227,8.966663881437853e-05,0.004483725409954786,0.08047603815793991,-0.08720892667770386,-0.3771464228630066,1.759200096130371,1.370194911956787,1.3132169246673584,1.8050612211227417,1.7665458917617798,0.48170000746405234,0.3994424641132355,0.9192990064620972,0.9998188614845276,0.9996684193611145,0.9995121955871582,0.9143635630607605,0.1923574060201645,0.024957040324807167,0.0068141864612698555,0.34240221977233887,0.40243056416511536,0.09950461238622665,-0.5723687410354614,122.30548095703125,27.06269645690918,137.4998321533203,145.32269287109375,36.48398208618164,115.61978149414062,169.27517700195312,143.22006225585938,155.85145568847656,178.80264282226562,123.1443862915039,115.28156280517578,4.491211414337158,3.7239797115325928,3.5837223529815674,3.6504740715026855,3.658198595046997,4.109501838684082,4.5457763671875,4.055907726287842,4.690398693084717,4.285975456237793,4.079514980316162,4.037961959838867
33,5.69650411605835,0.7755177617073059,1.2422760725021362,6.20165491104126,6.178480625152588,5.696221019165921,0.10639170557260513,0.999957799911499,0.9998999834060669,0.9998188614845276,0.9996923804283142,0.9999958276748657,0.005240092985332012,0.0007639727555215359,8.21527573862113e-05,0.0054802973754704,0.09485374391078949,-0.08731434494256973,-0.3337959945201874,0.9800147414207458,0.8346311450004578,0.8358317613601685,1.0384557247161865,0.9802765250205994,0.47966234058938584,0.3335755169391632,0.9743979573249817,0.9999550580978394,0.9996535778045654,0.9995654821395874,0.9730463027954102,0.31589800119400024,0.047329891473054886,0.013690121471881866,0.5574124455451965,0.9904187321662903,0.5118268728256226,0.413998007774353,201.6900177001953,113.80414581298828,184.30960083007812,186.36195373535156,183.06085205078125,18.74464225769043,204.50929260253906,176.74050903320312,209.81642150878906,200.3100128173828,167.93475341796875,123.91044616699219,4.447345733642578,3.6775100231170654,3.6005911827087402,3.6342055797576904,3.634173631668091,3.3982105255126953,4.489329814910889,4.005064010620117,4.639053821563721,4.231869697570801,3.9757354259490967,3.9379565715789795
34,5.288748264312744,0.8103315830230713,1.2287261486053467,5.910542964935303,5.651136875152588,5.288527893831675,0.10069134086370468,0.9999622702598572,0.9999960064888,0.9997341632843018,0.9996976852416992,0.9999958276748657,0.005332332104444504,0.0007769567891955376,8.917196100810543e-05,0.0048121619038283825,0.10551389306783676,-0.0826750174164772,-0.3496670126914978,1.5471526384353638,1.3522464036941528,1.3031657934188843,1.5629671812057495,1.5503288507461548,0.49962710708770003,0.35600802302360535,0.9127300381660461,0.9998465776443481,0.9995109438896179,0.999664843082428,0.9079523682594299,0.19135276973247528,0.028186587616801262,0.007820049300789833,0.2958671450614929,0.39784693717956543,0.1351480484008789,-0.884887158870697,132.1323699951172,49.78426742553711,154.9847869873047,116.29949188232422,140.2665252685547,41.81111145019531,173.06991577148438,135.5926513671875,181.18231201171875,170.44642639160156,129.55699157714844,115.49698638916016,4.458511829376221,3.7023205757141113,3.695087432861328,3.6791889667510986,3.6740481853485107,3.5004138946533203,4.511138916015625,4.042687892913818,4.6783552169799805,4.263128757476807,4.020488262176514,3.970466375350952
35,5.219600677490234,0.7955359816551208,1.1541205644607544,5.672543525695801,5.647571086883545,5.218436803290749,0.11418803781270981,0.9998079538345337,0.9981639385223389,0.9997440576553345,0.9997457265853882,0.999961793422699,0.005767136346548796,0.0008274646825157106,8.627595525467768e-05,0.004950566217303276,0.05998004972934723,-0.08333128690719604,-0.42530226707458496,1.088171362876892,1.005092978477478,0.9835538864135742,1.0778732299804688,1.090046763420105,0.4762190886382752,0.362232506275177,0.9590005874633789,0.9999980926513672,0.9998428225517273,0.9994402527809143,0.9567556381225586,0.26801249384880066,0.03491949662566185,0.012391683645546436,0.43192625045776367,0.9011452198028564,0.4253969192504883,0.11820468306541443,173.35411071777344,92.41731262207031,171.87628173828125,12.675713539123535,152.6245880126953,166.26463317871094,191.11854553222656,135.46734619140625,194.10690307617188,186.7108154296875,147.66162109375,115.63760375976562,4.4230637550354,3.678511381149292,3.7075254917144775,3.195762872695923,3.620126247406006,3.5589189529418945,4.483654975891113,4.0106940269470215,4.644409656524658,4.239025592803955,3.9561691284179688,3.910752534866333
36,5.357308864593506,0.8234804272651672,1.135488510131836,5.7217512130737305,5.8528265953063965,5.356939320831735,0.10863342136144638,0.999943196773529,0.9999152421951294,0.9998372793197632,0.9996896982192993,0.999973475933075,0.005885952617973089,0.0008464278071187437,8.292393613373861e-05,0.005265531130135059,0.06705377250909805,-0.0829303041100502,-0.35281848907470703,1.2101202011108398,1.0060995817184448,0.9648364782333374,1.1224565505981445,1.2176640033721924,0.5229162529791103,0.3940613269805908,0.9385430812835693,0.99994957447052,0.9995527863502502,0.9996775388717651,0.9347389340400696,0.24472646415233612,0.033033259212970734,0.011342247016727924,0.3842274248600006,0.5436255931854248,0.20025572180747986,-0.8059676885604858,157.74501037597656,58.842796325683594,158.80702209472656,169.7833709716797,145.39141845703125,159.09950256347656,174.19680786132812,8.50922966003418,178.38304138183594,179.350830078125,139.0109100341797,115.17733764648438,4.403011322021484,3.6680173873901367,3.748711347579956,3.264639377593994,3.616024971008301,3.601814031600952,4.482901096343994,4.061648845672607,4.6323933601379395,4.222725868225098,3.970188856124878,3.925741195678711
37,5.490059852600098,0.823715329170227,1.106810450553894,5.847371578216553,6.053292751312256,5.489604753169828,0.10840358585119247,0.9999452233314514,0.9998904466629028,0.9997733235359192,0.9996802806854248,0.9999880790710449,0.00599305285140872,0.0008619846776127815,8.259212336270139e-05,0.006933040916919708,0.08299177885055542,-0.08492329716682434,-0.2939260005950928,1.6038562059402466,0.8891683220863342,0.9156216382980347,1.622053861618042,1.6193721294403076,1.2988296861067044,0.4555194079875946,0.9496796131134033,0.9995442032814026,0.9994808435440063,0.9991284608840942,0.9465147256851196,0.20100615918636322,0.027736444026231766,0.006325117778033018,0.5495188236236572,0.7427814602851868,0.15513376891613007,-0.6031015515327454,60.290645599365234,12.828079223632812,136.7506866455078,143.20668029785156,38.87535858154297,136.4730987548828,154.75393676757812,134.2034149169922,162.05816650390625,155.21127319335938,113.46514129638672,105.8019790649414,4.418503761291504,3.6773884296417236,3.8198952674865723,3.373917818069458,3.4786605834960938,3.6664159297943115,4.513261795043945,4.096816539764404,4.675442695617676,4.248208522796631,3.9968514442443848,3.955190420150757
38,5.551237106323242,0.81719571352005,1.0968589782714844,5.799159526824951,6.113463878631592,5.550580130275985,0.10325948148965836,0.9999446272850037,0.9999431371688843,0.9997056126594543,0.9997407793998718,0.9999858736991882,0.005905881058424711,0.0008567930199205875,8.434212213614956e-05,0.005115610547363758,0.10510291904211044,-0.08472815901041031,-0.34090468287467957,1.856329321861267,1.1155998706817627,1.073334813117981,1.7146931886672974,1.8774499893188477,1.237059484773775,0.4042011797428131,0.9319763779640198,0.9999104738235474,0.9994308948516846,0.9994975328445435,0.9274635314941406,0.14270174503326416,0.021932555362582207,0.005759891122579575,0.4062808156013489,0.3825661838054657,0.04703092575073242,-0.6358932852745056,47.184288024902344,11.434603691101074,124.66195678710938,130.62203979492188,73.33740234375,124.02529907226562,139.6252899169922,126.08509063720703,139.05368041992188,125.7391586303711,104.1768798828125,98.92457580566406,4.474808216094971,3.714390754699707,3.8899595737457275,3.4811196327209473,3.5485782623291016,3.7592275142669678,4.565970420837402,4.139540672302246,4.718724250793457,4.288330554962158,4.058064937591553,4.015017509460449
39,5.7872138023376465,0.7108888626098633,0.9826094508171082,5.797019004821777,6.635300636291504,5.786357208102992,0.10338050872087479,0.9999457597732544,0.9999982714653015,0.9998122453689575,0.9996813535690308,0.9999786615371704,0.006254308857023716,0.0009231084259226918,7.998261571628973e-05,0.0036544115282595158,0.11659735441207886,-0.08657113462686539,-0.3009432852268219,0.9666261076927185,0.6830573678016663,0.7138311862945557,1.0771782398223877,0.9690170884132385,0.9730068038891184,0.3464554250240326,0.9864411950111389,0.9999699592590332,0.9988414645195007,0.9988963603973389,0.9857375025749207,0.2922077775001526,0.04625609517097473,0.011617041192948818,0.49304625391960144,0.9956318140029907,0.5259576439857483,0.4334332346916199,169.96119689941406,113.13990020751953,160.10569763183594,163.45497131347656,154.41709899902344,156.1504669189453,168.57334899902344,156.55357360839844,181.7169189453125,3.3952078819274902,142.746826171875,104.99552154541016,4.422451019287109,3.6645708084106445,3.855649709701538,3.474959373474121,3.517965316772461,3.731154441833496,4.500157833099365,4.065426826477051,4.656071662902832,3.6608619689941406,3.9549272060394287,3.9179441928863525
40,4.926736831665039,0.625853955745697,0.897810697555542,5.175131797790527,5.485172748565674,4.925900162485252,0.10952028632164001,0.9998700022697449,0.9997540712356567,0.9996678233146667,0.9996871948242188,0.9999209642410278,0.006550188641995192,0.0009782841661944985,9.353392670163885e-05,0.0036217686720192432,0.14118075370788574,-0.07706096768379211,-0.34451526403427124,0.9903843402862549,0.8238592147827148,0.8345077633857727,1.106808066368103,0.9905396103858948,0.9072200516696319,0.3469978868961334,0.9835094213485718,0.9987245202064514,0.9960439205169678,0.9958536624908447,0.9827896952629089,0.270792692899704,0.044008519500494,0.010897316038608551,0.4664032459259033,0.6057892441749573,0.3072212040424347,-0.8790291547775269,161.69134521484375,113.8082275390625,145.74298095703125,152.53469848632812,150.7548828125,151.00868225097656,161.8805389404297,150.4029083251953,167.53123474121094,0.694148600101471,135.60496520996094,101.0044174194336,4.410037517547607,3.6498541831970215,3.856200695037842,3.4978249073028564,3.5238394737243652,3.7454147338867188,4.476650714874268,4.023557662963867,4.628962993621826,3.3428609371185303,3.915520429611206,3.860218048095703
41,5.08167028427124,0.5880298614501953,0.8398085236549377,5.380443096160889,5.796003341674805,5.081112003072422,0.11157019436359406,0.9999331831932068,0.9998795986175537,0.9998887777328491,0.9996099472045898,0.9999670386314392,0.006671787239611149,0.001059125759638846,8.688639354659244e-05,0.0023568407632410526,0.13857139647006989,-0.07960844039916992,-0.3063449561595917,1.0988658666610718,0.9847386479377747,0.9453811645507812,1.089948296546936,1.1027048826217651,1.0385965745667205,0.33241066336631775,0.9807522892951965,0.9995840787887573,0.999493420124054,0.9992456436157227,0.9795447587966919,0.22808532416820526,0.04416541010141373,0.010038668289780617,0.3730170428752899,0.7761497497558594,0.37345218658447266,-0.22943644225597382,153.91867065429688,103.55049133300781,7.260150909423828,122.65084075927734,132.5293731689453,138.96304321289062,146.30479431152344,132.60693359375,147.642822265625,137.95626831054688,122.33834075927734,95.34873962402344,4.391358375549316,3.645325183868408,3.4740889072418213,3.46392560005188,3.5253419876098633,3.7607250213623047,4.4447526931762695,4.000762939453125,4.599310874938965,3.40976619720459,3.8715360164642334,3.8222529888153076
42,5.125736236572266,0.6061199903488159,0.8354642987251282,5.407662868499756,5.888712406158447,5.125147087326967,0.10780362039804459,0.9998844265937805,0.9994440078735352,0.9998063445091248,0.99973464012146,0.9999756217002869,0.0068175229243934155,0.0011159254936501384,8.311069541377947e-05,0.003039628267288208,0.1011957973241806,-0.08013446629047394,-0.296749085187912,1.744283676147461,1.3205299377441406,1.2492766380310059,1.718699336051941,1.7661188840866089,1.4002010832492717,0.29952940344810486,0.9609357118606567,0.9999918341636658,0.9996969103813171,0.9995986223220825,0.9574361443519592,0.1830540895462036,0.03662761673331261,0.005147198215126991,0.37749841809272766,0.34476208686828613,0.11094208061695099,-0.7859940528869629,121.99858856201172,82.77303314208984,42.695682525634766,42.21352767944336,106.45405578613281,111.0635757446289,116.52102661132812,115.84979248046875,105.0245132446289,118.44465637207031,96.30384826660156,87.21504211425781,4.446275234222412,3.6844303607940674,3.5243611335754395,3.507279634475708,3.5769426822662354,3.8395931720733643,4.4853997230529785,4.017194747924805,4.644791603088379,3.528590202331543,3.9254860877990723,3.875171184539795
43,5.352799415588379,0.6531447768211365,0.8498265147209167,5.536400318145752,6.28104305267334,5.352542317187858,0.10357421636581421,0.9999503493309021,0.9999996423721313,0.999783456325531,0.9996306300163269,0.9999945163726807,0.0068925595842301846,0.0011737588793039322,7.725541945546865e-05,0.003405279014259577,0.061455290764570236,-0.08247444033622742,-0.2895529270172119,1.487282633781433,1.4452836513519287,1.3293265104293823,1.474806547164917,1.4919613599777222,1.4091334973179348,0.31868407130241394,0.9814291000366211,0.9997828602790833,0.9994519948959351,0.9995362758636475,0.9799879789352417,0.18601906299591064,0.036002639681100845,0.006426106672734022,0.29356202483177185,0.3818809390068054,0.1628294289112091,-0.7179669737815857,115.82154083251953,68.41617584228516,102.45540618896484,17.0084171295166,93.66023254394531,107.87396240234375,82.57144927978516,119.33460998535156,112.94686889648438,114.47859191894531,93.45672607421875,81.39910125732422,4.471756935119629,3.704448699951172,3.621748447418213,3.484767198562622,3.5961506366729736,3.8898186683654785,4.487559795379639,4.019314289093018,4.6485443115234375,3.617981195449829,3.954209089279175,3.90775465965271
44,6.294814109802246,0.7209132313728333,0.891320526599884,6.19927453994751,7.998131275177002,6.293705961174202,0.09890313446521759,0.9997936487197876,0.9999954104423523,0.9997615814208984,0.9995866417884827,0.9997608065605164,0.006848278921097517,0.0012012554798275232,7.20675743650645e-05,0.003606985555961728,0.047785744071006775,-0.08949800580739975,-0.24449655413627625,1.7313412427902222,1.5193581581115723,1.447951316833496,1.7085989713668823,1.7428520917892456,1.366344904414113,0.347599059343338,0.9715113639831543,0.9999988675117493,0.9995704293251038,0.9996855854988098,0.9691853523254395,0.14594392478466034,0.02826101891696453,0.0045774467289447784,0.2677042782306671,0.3694683313369751,0.08565299212932587,-0.6515710353851318,106.4567642211914,22.38627052307129,93.85153198242188,90.1302490234375,82.08158111572266,95.81499481201172,30.7231502532959,101.18112182617188,96.33810424804688,101.55656433105469,82.05203247070312,75.221923828125,4.475904941558838,3.715144157409668,3.6775779724121094,3.5613019466400146,3.6192712783813477,3.9211649894714355,4.524420261383057,4.042932510375977,4.66358757019043,3.706226110458374,3.990753173828125,3.960559606552124
45,6.2320122718811035,0.7913364171981812,0.9299037456512451,5.869016170501709,7.931532382965088,6.230725888655556,0.09653035551309586,0.9998204112052917,0.999442994594574,0.9997196197509766,0.9996059536933899,0.999979555606842,0.006936787161976099,0.0012260746443644166,7.976867345860228e-05,0.005120532121509314,0.05011306330561638,-0.08907500654459,-0.2735077738761902,1.60016667842865,1.3957229852676392,1.239984154701233,1.4094650745391846,1.6230380535125732,1.3228924887402822,0.3667164444923401,0.976620078086853,0.9999563097953796,0.9995864629745483,0.9996609687805176,0.9742671847343445,0.16373872756958008,0.028589248657226562,0.005389784928411245,0.2976742684841156,0.4075775742530823,0.10773532837629318,-0.8310858011245728,87.76204681396484,6.541177749633789,87.81135559082031,92.20169067382812,42.23366928100586,83.4688491821289,83.5103988647461,98.92971801757812,100.86799621582031,98.5083236694336,78.18352508544922,70.6189956665039,4.521841049194336,3.739779472351074,3.7213845252990723,3.63606595993042,3.6378026008605957,3.9608871936798096,4.554128646850586,4.066169738769531,4.7009663581848145,3.7960541248321533,4.033507823944092,4.001074314117432
46,6.415380001068115,0.842425525188446,0.9597487449645996,6.046250820159912,8.306550025939941,6.414839868426195,0.09385129064321518,0.9999321103096008,0.9999966025352478,0.9997666478157043,0.9996618032455444,0.9999951720237732,0.00686597591266036,0.0012603047071024776,7.653277862118557e-05,0.003860672703012824,0.06446680426597595,-0.09046198427677155,-0.2791265845298767,1.7766913175582886,1.4619747400283813,1.3730612993240356,1.883623719215393,1.7897571325302124,1.4115888468710804,0.33955109119415283,0.9712673425674438,0.9997456669807434,0.9996111392974854,0.9996799826622009,0.9689356684684753,0.11562039703130722,0.026936763897538185,0.003720755921676755,0.24758337438106537,0.4200458228588104,0.09208664298057556,-0.8217370510101318,77.1361312866211,30.20692253112793,74.19640350341797,84.19747924804688,43.07701110839844,30.158164978027344,83.79508972167969,86.15155029296875,92.8878402709961,89.3568344116211,69.11634826660156,63.60874557495117,4.537883758544922,3.7573726177215576,3.797150135040283,3.6927683353424072,3.640695095062256,4.0001726150512695,4.582854270935059,4.095380783081055,4.7329559326171875,3.8834095001220703,4.072064399719238,4.041158676147461
47,6.586437225341797,0.9493886232376099,1.0343724489212036,6.295108318328857,8.3433256149292,6.585711129330866,0.09130743145942688,0.9999094605445862,0.9999193549156189,0.9996999502182007,0.9996736645698547,0.9999958276748657,0.006431230343878269,0.0012350227916613221,7.56469598854892e-05,0.003301152726635337,0.07244324684143066,-0.09141785651445389,-0.3017774820327759,2.5045676231384277,2.201115608215332,1.7326103448867798,2.5980923175811768,2.5226240158081055,1.598201556598262,0.3410445749759674,0.9361041188240051,0.9999208450317383,0.9995203614234924,0.9996886849403381,0.9314995408058167,0.05729934200644493,0.015374935232102871,0.0023147249594330788,0.1949053406715393,0.21419757604599,-0.014780264347791672,-0.5142120122909546,35.960601806640625,22.729026794433594,58.966068267822266,69.77932739257812,31.130884170532227,56.58906173706055,72.7237319946289,75.56629180908203,76.76385498046875,78.65692901611328,57.88657760620117,56.80031204223633,4.604748725891113,3.802896738052368,3.885342597961426,3.7859034538269043,3.708409309387207,4.062103748321533,4.64118766784668,4.144578456878662,4.804261684417725,3.9798476696014404,4.141928195953369,4.112033843994141
48,6.897871494293213,1.0266767740249634,1.0859731435775757,6.639787197113037,8.66757583618164,6.897145779309886,0.08872297406196594,0.999918520450592,0.9999975562095642,0.9996926784515381,0.9996674656867981,0.9999935030937195,0.005947472527623177,0.001213902491144836,7.305317558348179e-05,0.0030639837495982647,0.06806540489196777,-0.09316496551036835,-0.27255553007125854,2.3375661373138428,2.094299793243408,1.462040662765503,2.180771589279175,2.3602654933929443,2.3318373878449092,0.28619787096977234,0.9974150657653809,0.9999545812606812,0.9996958374977112,0.9996829032897949,0.9972562193870544,0.03928222879767418,0.01339385099709034,0.0025413185358047485,0.12488114833831787,0.18760758638381958,0.011154403910040855,-0.7885372638702393,35.25926971435547,31.00371742248535,30.593244552612305,57.21453857421875,56.79549026489258,67.70331573486328,69.30487060546875,67.41058349609375,70.62096405029297,68.72774505615234,55.46337890625,53.0405158996582,4.636934757232666,3.83402943611145,3.9556832313537598,3.840329170227051,3.773045063018799,4.126063823699951,4.680853366851807,4.186617851257324,4.858205318450928,4.060792922973633,4.195255279541016,4.168161869049072
49,6.76222562789917,1.0809415578842163,1.1169649362564087,6.5262370109558105,8.143656730651855,6.761702599048894,0.08707478642463684,0.9999445080757141,1.0,0.9997944831848145,0.9996585249900818,0.9999938607215881,0.005658493842929602,0.0011923405108973384,7.485842070309445e-05,0.004612504038959742,0.06357228755950928,-0.09262009710073471,-0.2628714442253113,2.489612102508545,2.226202964782715,1.4814931154251099,2.487196683883667,2.5066134929656982,2.4895654399837213,0.2650594413280487,0.9999814629554749,0.9995008707046509,0.9996631145477295,0.9997490048408508,0.9999984502792358,0.031878966838121414,0.01168243307620287,0.0020410772413015366,0.12016461044549942,0.22915850579738617,-0.002312265569344163,-0.6089154481887817,50.665496826171875,32.13203048706055,30.761930465698242,31.29903221130371,54.06566619873047,63.29938507080078,64.0726089477539,61.13600158691406,65.40105438232422,53.0652961730957,50.5898551940918,48.56551742553711,4.685242176055908,3.8660173416137695,4.030757904052734,3.9041802883148193,3.8364007472991943,4.190284729003906,4.728982448577881,4.224005222320557,4.918696880340576,4.131174564361572,4.251574516296387,4.221749305725098
50,6.605681419372559,1.0362825393676758,1.080276370048523,6.5021796226501465,7.806017875671387,6.604743790786541,0.08674363046884537,0.999876856803894,0.999631941318512,0.9996165633201599,0.9995723366737366,0.9999975562095642,0.005579115357249975,0.0012131602270528674,7.514357275795192e-05,0.00581936864182353,0.06828494369983673,-0.09186959266662598,-0.27171820402145386,1.8127909898757935,1.215906023979187,1.0723490715026855,1.9360313415527344,1.82231605052948,1.812756120881868,0.2543180286884308,0.9999822974205017,0.9993653893470764,0.999738335609436,0.9997255206108093,0.9999998807907104,0.053896624594926834,0.015680598095059395,0.00268494407646358,0.1777505725622177,0.32298439741134644,0.0965932160615921,-0.9216257333755493,58.909488677978516,38.1346435546875,57.90838623046875,27.25823974609375,55.84159851074219,61.670013427734375,62.31703186035156,55.823326110839844,64.49230194091797,31.096315383911133,51.34513473510742,46.389461517333984,4.706401824951172,3.8803274631500244,4.092247009277344,3.9068052768707275,3.854412078857422,4.219388484954834,4.745670795440674,4.228450298309326,4.944058418273926,4.16353178024292,4.274129390716553,4.241848945617676
51,7.10695743560791,0.948204755783081,1.0170857906341553,6.914648056030273,8.62437629699707,7.106414754773319,0.08601465821266174,0.9999343156814575,0.9999918341636658,0.9997485876083374,0.9996513724327087,0.9999983310699463,0.00535704055801034,0.0012369997566565871,7.104581891326234e-05,0.004325245972722769,0.04105449840426445,-0.0949087142944336,-0.2808884382247925,2.0397839546203613,1.3570196628570557,1.134590744972229,1.8772881031036377,2.070014238357544,2.0397438786780095,0.21207468211650848,0.9999812245368958,0.9998594522476196,0.9997802972793579,0.9997431039810181,0.9999991059303284,0.045090239495038986,0.014061066322028637,0.0022468087263405323,0.11997449398040771,0.3303009867668152,0.058438822627067566,-0.8506522178649902,55.44297790527344,37.05824279785156,51.76402282714844,48.000545501708984,52.07835006713867,50.15290451049805,56.9488525390625,23.38688850402832,57.06040954589844,42.05099868774414,47.3944206237793,43.50201416015625,4.725543022155762,3.8908815383911133,4.137646198272705,3.9393136501312256,3.8885996341705322,4.2371625900268555,4.767520427703857,4.225820541381836,4.96713399887085,4.167232513427734,4.294685363769531,4.268495559692383
52,7.04450798034668,0.788411021232605,0.8878383040428162,6.638398170471191,8.846099853515625,7.044048763637913,0.08524426817893982,0.9999129772186279,0.9999334216117859,0.9997534155845642,0.999670684337616,0.9999861121177673,0.005683905445039272,0.0013627862790599465,7.709862984484062e-05,0.003189142793416977,0.06069185584783554,-0.094172403216362,-0.2362690269947052,1.2669775485992432,0.7694084644317627,0.6972164511680603,1.227293610572815,1.2920032739639282,1.2669571369624593,0.30945977568626404,0.9999827146530151,0.9999946355819702,0.9998160600662231,0.9997528195381165,0.9999998807907104,0.09892533719539642,0.02759993076324463,0.004074306692928076,0.17040754854679108,0.5050259828567505,0.19129592180252075,-0.9298909902572632,58.422950744628906,40.54747009277344,54.12757873535156,57.162750244140625,55.14057922363281,48.97697067260742,58.21593475341797,7.576783180236816,61.11674118041992,64.28052520751953,50.55683135986328,41.54170608520508,4.699306011199951,3.8690807819366455,4.128958702087402,3.9372150897979736,3.870400905609131,4.185884952545166,4.745840549468994,4.207540512084961,4.937119007110596,4.167977333068848,4.274932384490967,4.24785041809082
53,6.60357141494751,0.7530986070632935,0.8599189519882202,6.430325508117676,8.115381240844727,6.603432875248075,0.08344411849975586,0.9999054074287415,0.9999993443489075,0.9996453523635864,0.999663233757019,0.999993622303009,0.005726178642362356,0.0014394907047972083,7.83232317189686e-05,0.0034810099750757217,0.08072149753570557,-0.09105381369590759,-0.24297238886356354,1.463694453239441,1.0191395282745361,0.8660554885864258,1.6376162767410278,1.4786622524261475,1.4636718666264563,0.3095357120037079,0.9999805688858032,0.9998845458030701,0.9997645020484924,0.9996799826622009,0.9999998211860657,0.07199312001466751,0.021590013056993484,0.002693543443456292,0.10771363973617554,0.46701762080192566,0.13600675761699677,-0.7769283056259155,54.85697555541992,29.506412506103516,48.36552810668945,52.73173522949219,45.484657287597656,11.185996055603027,54.929080963134766,38.35247039794922,55.64173889160156,54.99363327026367,44.60482406616211,38.55400848388672,4.693248748779297,3.8715438842773438,4.147591590881348,3.9500906467437744,3.8754332065582275,4.22369909286499,4.736306190490723,4.198782444000244,4.931943893432617,4.199046611785889,4.282768726348877,4.249207973480225
54,6.527775287628174,0.8609076738357544,0.9411992430686951,6.138643264770508,7.716044902801514,6.527234958631747,0.08278962969779968,0.9999303817749023,0.9999644160270691,0.9997192025184631,0.9997096061706543,0.9999979734420776,0.005371661391109228,0.0013642756966874003,8.338267798535526e-05,0.003922421485185623,0.06892101466655731,-0.09108888357877731,-0.24173414707183838,2.9980006217956543,3.0239827632904053,1.5150715112686157,2.5954697132110596,3.058870553970337,2.997785134522692,0.2531203329563141,0.9999668002128601,0.9995850324630737,0.9996863603591919,0.9996169209480286,0.9999987483024597,0.013805672526359558,0.006816519889980555,0.0015145469224080443,0.11209356039762497,0.13162730634212494,-0.04130719229578972,-0.43971705436706543,43.5698127746582,15.650815963745117,38.2401008605957,33.25788116455078,27.693700790405273,37.45601272583008,42.402793884277344,27.929079055786133,44.2706413269043,45.07307052612305,35.55438995361328,34.791297912597656,4.753615856170654,3.905916929244995,4.213977813720703,4.017370700836182,3.936445713043213,4.2866058349609375,4.789252281188965,4.227358341217041,4.993539810180664,4.2754225730896,4.3399505615234375,4.304582118988037
55,6.538680553436279,0.9989710450172424,1.027525782585144,6.002196311950684,7.563523292541504,6.538080139648746,0.0822281613945961,0.999923825263977,0.9998044371604919,0.9997183084487915,0.9997172951698303,0.9999979138374329,0.00494770472869277,0.0013064962113276124,8.661039464641362e-05,0.005193725693970919,0.03916378319263458,-0.09192981570959091,-0.22758135199546814,3.0728132724761963,3.2140743732452393,1.6011263132095337,2.7191314697265625,3.137554168701172,3.0726777558086478,0.24747735261917114,0.9999650120735168,0.9997740387916565,0.999679684638977,0.9996119737625122,0.9999985098838806,0.0143740801140666,0.006519167218357325,0.001240402809344232,0.09999850392341614,0.14234255254268646,-0.04744596779346466,-0.4233943819999695,41.52915573120117,14.57616138458252,32.05740737915039,28.589468002319336,25.55756950378418,39.311805725097656,39.90601348876953,32.57298278808594,40.289241790771484,40.912933349609375,33.5302734375,32.84622573852539,4.806252479553223,3.93744158744812,4.26815128326416,4.0752434730529785,3.9909796714782715,4.343002796173096,4.8362717628479,4.260396480560303,5.047194480895996,4.342576026916504,4.390750885009766,4.3549346923828125
56,6.573680877685547,1.1436182260513306,1.0982239246368408,6.060052394866943,7.524664402008057,6.572969620985276,0.08176738023757935,0.9999111294746399,0.9995916485786438,0.9996926188468933,0.9997318983078003,0.9999982714653015,0.004620827734470367,0.0012942387256771326,8.79005528986454e-05,0.004880306776612997,0.041951242834329605,-0.09266924858093262,-0.24028311669826508,3.0708696842193604,3.207937240600586,1.7961591482162476,2.9779598712921143,3.12947416305542,3.070632816592971,0.24637819826602936,0.9999401569366455,0.9995953440666199,0.9996121525764465,0.9995534420013428,0.9999803900718689,0.02067447081208229,0.009168845601379871,0.0012273733736947179,0.10325755923986435,0.18860256671905518,-0.04505602642893791,-0.4709659814834595,39.321720123291016,18.79141616821289,22.673587799072266,26.688676834106445,24.332626342773438,42.19316101074219,38.249481201171875,34.34650802612305,39.179840087890625,37.960113525390625,32.373714447021484,31.703229904174805,4.848471641540527,3.9644742012023926,4.320557117462158,4.124000549316406,4.037558078765869,4.38163423538208,4.875179290771484,4.2967705726623535,5.0966973304748535,4.400953769683838,4.434629440307617,4.398824214935303
57,6.465444087982178,1.2754771709442139,1.1508594751358032,6.068084239959717,7.347214221954346,6.464883306129712,0.08133607357740402,0.9999299645423889,0.9999986886978149,0.9997278451919556,0.9996712803840637,0.9999862313270569,0.0044541428796947,0.0013247188180685043,8.973422518465668e-05,0.005645418073982,0.04563908278942108,-0.09198097884654999,-0.24049405753612518,2.6349117755889893,2.6488611698150635,1.6687425374984741,2.6122472286224365,2.6891143321990967,2.6345841332416158,0.2351297289133072,0.9999490976333618,0.9998573660850525,0.999660849571228,0.9995865821838379,0.9999879598617554,0.028760675340890884,0.012414338067173958,0.00137916742824018,0.08113481104373932,0.2362794578075409,-0.017106136307120323,-0.526801586151123,40.170284271240234,22.847301483154297,18.734432220458984,27.440853118896484,27.667325973510742,43.29359817504883,37.78330612182617,34.857200622558594,39.18695831298828,35.099403381347656,32.708065032958984,31.413787841796875,4.88021183013916,3.986682653427124,4.369264125823975,4.157057762145996,4.073536396026611,4.403022766113281,4.903511047363281,4.328831195831299,5.133983135223389,4.447054386138916,4.468315124511719,4.430391788482666
58,6.560971260070801,1.4690827131271362,1.2483521699905396,6.056460857391357,7.3903279304504395,6.560318736979601,0.08096437156200409,0.9999126195907593,0.9999960660934448,0.9996826648712158,0.9996939897537231,0.9999704360961914,0.003905663965269923,0.0012938667787238955,8.960425475379452e-05,0.0054220170713961124,0.04123394563794136,-0.09252285957336426,-0.2512139081954956,3.690061092376709,5.039456367492676,2.3611252307891846,3.5951344966888428,3.741450071334839,3.689526375324114,0.1662573665380478,0.9999457001686096,0.9999375343322754,0.999626100063324,0.9993675351142883,0.999991774559021,0.01098667737096548,0.006743589881807566,0.0008458760567009449,0.06445951759815216,0.15133248269557953,-0.054247867316007614,-0.5505398511886597,35.56309127807617,21.905134201049805,28.67327117919922,27.024051666259766,25.668561935424805,37.507137298583984,34.54291534423828,33.12386703491211,36.124603271484375,26.31088638305664,30.644351959228516,29.983503341674805,4.921555519104004,4.011849880218506,4.4198760986328125,4.208595275878906,4.110969543457031,4.4388346672058105,4.9395952224731445,4.358982563018799,5.176203727722168,4.4940714836120605,4.508053779602051,4.4711689949035645
59,6.776309490203857,1.7022533416748047,1.3506337404251099,6.100976943969727,7.579265117645264,6.775659278373964,0.08024744689464569,0.9999203681945801,0.9999920129776001,0.999671995639801,0.9996899962425232,0.9999826550483704,0.003373245242983103,0.0012291510356590152,8.803766831988469e-05,0.005336534231901169,0.0312604121863842,-0.09355869889259338,-0.29152849316596985,3.9553005695343018,5.0749616622924805,2.589521646499634,3.714444398880005,4.006111145019531,3.9549876050837796,0.14309638738632202,0.9999510645866394,0.9997904896736145,0.9998126029968262,0.9992793798446655,0.9999954104423523,0.010269321501255035,0.004705421160906553,0.0007728877826593816,0.031299032270908356,0.12714022397994995,-0.0573156364262104,-0.5426256656646729,32.39433670043945,22.054113388061523,29.732898712158203,26.979021072387695,24.251449584960938,36.780067443847656,30.059415817260742,30.060178756713867,33.354854583740234,26.450239181518555,29.211658477783203,28.609027862548828,4.955807685852051,4.034463405609131,4.468242645263672,4.256781101226807,4.147735118865967,4.478200435638428,4.967271327972412,4.3849406242370605,5.212202548980713,4.536921977996826,4.544256687164307,4.5100202560424805
60,7.272397041320801,2.0920796394348145,1.4910261631011963,6.377864837646484,8.088654518127441,7.271588219818434,0.07977233082056046,0.9998970031738281,0.9997500777244568,0.9996718764305115,0.9996381402015686,0.9999646544456482,0.0026451253797858953,0.0011251966934651136,8.437592623522505e-05,0.004938347730785608,0.01687365025281906,-0.09613469988107681,-0.2885132431983948,4.720094680786133,2.5711164474487305,3.1926376819610596,4.8907294273376465,4.77008581161499,4.719542075896665,0.1678876131772995,0.9998766183853149,0.9983806610107422,0.9996468424797058,0.9992326498031616,0.9999346137046814,0.01393468864262104,0.0030834004282951355,0.0006136658485047519,0.037911541759967804,0.09594261646270752,-0.07763402163982391,-0.3426890969276428,28.841114044189453,20.948110580444336,28.278018951416016,24.02536964416504,21.323440551757812,34.18068313598633,28.74649429321289,25.473308563232422,32.093624114990234,34.80710220336914,27.871728897094727,27.648117065429688,4.986629486083984,4.056665897369385,4.512614727020264,4.293704986572266,4.185483455657959,4.519139766693115,4.994961261749268,4.407111167907715,5.248569011688232,4.58276891708374,4.578765392303467,4.550491809844971
61,7.805317401885986,2.574078321456909,1.6284281015396118,6.715387344360352,8.638760566711426,7.80429902973215,0.07935518771409988,0.9998751282691956,0.9999449849128723,0.9996776580810547,0.9996496438980103,0.9999273419380188,0.001912855776026845,0.0010258943075314164,8.134004019666463e-05,0.004776137415319681,0.006773851811885834,-0.09832900762557983,-0.2713139057159424,5.032623291015625,2.6925885677337646,3.4801275730133057,5.217139720916748,5.0954694747924805,5.032332657510188,0.17691849172115326,0.9999569654464722,0.9999508261680603,0.9997250437736511,0.99922776222229,0.9999971389770508,0.014826617203652859,0.0030191130936145782,0.0005752502474933863,0.018878882750868797,0.08138381689786911,-0.0835050642490387,-0.37138429284095764,27.35286521911621,20.881277084350586,28.030635833740234,28.183753967285156,23.48011016845703,32.05112075805664,29.443134307861328,22.44407844543457,33.75284957885742,37.94685745239258,28.35666847229004,28.244834899902344,5.0167365074157715,4.077176094055176,4.551272869110107,4.3372602462768555,4.221070289611816,4.553852558135986,5.024031639099121,4.426790714263916,5.282505035400391,4.620302677154541,4.611100196838379,4.588094234466553
62,8.491432189941406,3.016770601272583,1.7410017251968384,7.246659278869629,9.423440933227539,8.490542519692447,0.0790032148361206,0.9999041557312012,0.9999938011169434,0.9997441172599792,0.9996365308761597,0.9999544620513916,0.0016275102971121669,0.0009542572661302984,7.75918597355485e-05,0.0037904405035078526,0.006951957941055298,-0.10057640075683594,-0.24244286119937897,4.978569030761719,4.338050842285156,3.5146775245666504,5.121585369110107,5.023616313934326,4.978200142499326,0.17705444991588593,0.9999531507492065,0.9999867081642151,0.9996235370635986,0.9993430972099304,0.9999929666519165,0.01303721684962511,0.003710436401888728,0.0005686077638529241,0.025744104757905006,0.09231071174144745,-0.08283715695142746,-0.28381800651550293,27.752695083618164,21.54347801208496,25.065431594848633,29.24618148803711,28.407251358032227,25.408390045166016,31.265596389770508,22.396839141845703,35.02903747558594,38.25414276123047,28.436904907226562,28.313678741455078,5.0436530113220215,4.095554828643799,4.581316947937012,4.375986576080322,4.257956504821777,4.570440292358398,5.049118518829346,4.444810390472412,5.313638687133789,4.646708965301514,4.637918949127197,4.620440483093262
63,8.818182945251465,3.091289520263672,1.7411744594573975,7.726240634918213,9.87248420715332,8.817193622450613,0.07845524698495865,0.9999150037765503,0.9999310970306396,0.9996583461761475,0.9995872378349304,0.9999963045120239,0.0015714578330516815,0.0009719854569993913,7.428962999256328e-05,0.003937278874218464,0.009236425161361694,-0.10136917233467102,-0.22830599546432495,2.786926746368408,4.307344436645508,2.0230417251586914,3.0630605220794678,2.7948334217071533,2.786782793625682,0.22307422757148743,0.9999671578407288,0.9998608827590942,0.9997993111610413,0.9995905756950378,0.9999905228614807,0.015908820554614067,0.008317389525473118,0.0008827635901980102,0.0646156296133995,0.19598349928855896,-0.02127387747168541,-0.5686459541320801,31.443279266357422,22.80698013305664,24.7369384765625,33.582374572753906,32.72113800048828,19.106460571289062,36.19880676269531,26.268630981445312,38.02831268310547,41.59357833862305,30.648651123046875,29.55682945251465,5.053228855133057,4.10461950302124,4.59055233001709,4.390493392944336,4.278334140777588,4.570939064025879,5.05672025680542,4.452080726623535,5.320394992828369,4.653526306152344,4.647089004516602,4.631682395935059
64,8.533370971679688,3.4835541248321533,1.8223017454147339,7.70237922668457,9.40963077545166,8.532407420120212,0.07805124670267105,0.9999098777770996,1.0,0.9995781183242798,0.9995759129524231,0.9999960660934448,0.0014893277548253536,0.000951282971072942,7.510845171054825e-05,0.004363869316875935,0.012361153960227966,-0.10025181621313095,-0.21918919682502747,3.0100674629211426,5.925298690795898,2.2246432304382324,3.0131404399871826,3.0224688053131104,3.0099551862562364,0.2494392991065979,0.9999645948410034,0.9999791979789734,0.9997051358222961,0.999431848526001,0.9999975562095642,0.010545939207077026,0.006143467500805855,0.0008972453069873154,0.03456559777259827,0.20865929126739502,-0.04015282168984413,-0.42880165576934814,31.503877639770508,19.864805221557617,17.45437240600586,30.486961364746094,32.2557487487793,32.703731536865234,36.72823715209961,24.6668643951416,39.93946075439453,42.15922927856445,30.776330947875977,30.101654052734375,5.06928825378418,4.117032527923584,4.617224216461182,4.415253162384033,4.303099632263184,4.591516017913818,5.070807456970215,4.4677205085754395,5.34218692779541,4.678981781005859,4.667311191558838,4.649688243865967
65,8.606122016906738,4.011494159698486,1.9756327867507935,7.715659141540527,9.376956939697266,8.60536939416293,0.07800629734992981,0.9999285340309143,0.9998116493225098,0.9996601939201355,0.9996240139007568,0.999996542930603,0.0013573141768574715,0.0008800806826911867,7.38485759939067e-05,0.004989996086806059,0.010217562317848206,-0.10049998015165329,-0.2295675426721573,4.171273231506348,3.41900897026062,2.7413082122802734,3.827075958251953,4.224966526031494,4.171161022219783,0.24648968875408173,0.9999511241912842,0.999891996383667,0.9997880458831787,0.999254584312439,0.9999935030937195,0.01332074124366045,0.0038261727895587683,0.000698980176821351,0.06640869379043579,0.08894017338752747,-0.07377948611974716,-0.36155879497528076,27.833730697631836,15.982172012329102,32.4112434387207,23.930810928344727,30.154573440551758,31.996135711669922,36.09138107299805,23.408205032348633,38.779510498046875,42.37105941772461,30.295883178710938,30.342891693115234,5.093119144439697,4.132351875305176,4.650203227996826,4.438236236572266,4.3331732749938965,4.617974281311035,5.095401287078857,4.487180233001709,5.370699882507324,4.711905479431152,4.693024635314941,4.675821781158447
66,8.395384788513184,4.193680286407471,2.0684943199157715,7.478410243988037,9.042017936706543,8.394258070076857,0.07789608836174011,0.9998681545257568,0.9995889067649841,0.9996286630630493,0.9996652007102966,0.9999199509620667,0.0012651382712647319,0.0008295467123389244,7.405481301248074e-05,0.004838609602302313,0.012753479182720184,-0.09997018426656723,-0.2631290555000305,3.5096275806427,4.382165431976318,2.3498599529266357,3.23795223236084,3.5411434173583984,3.509499848398436,0.2578572630882263,0.9999632835388184,0.9999978542327881,0.9997310638427734,0.9994238615036011,0.9999961853027344,0.01038175355643034,0.004165062215179205,0.0008962025167420506,0.0619494691491127,0.11176678538322449,-0.056787822395563126,-0.4643884003162384,30.954734802246094,16.57358169555664,39.37620162963867,20.97610855102539,29.139925003051758,34.75838851928711,38.44521713256836,27.122760772705078,42.55196762084961,40.72267532348633,32.062156677246094,31.843523025512695,5.110507011413574,4.143823146820068,4.675042629241943,4.456936836242676,4.3568854331970215,4.635949611663818,5.114340782165527,4.505466938018799,5.392156600952148,4.739703178405762,4.713081359863281,4.694175720214844
67,8.534524917602539,4.278199672698975,2.162205219268799,7.377895832061768,9.16879653930664,8.534394053818518,0.07804932445287704,0.9999275803565979,0.9995916485786438,0.9996280074119568,0.9996859431266785,0.9999892711639404,0.0012790613109245896,0.0007762595196254551,7.502760126953945e-05,0.0033317103516310453,0.01221851259469986,-0.1006491556763649,-0.260015070438385,3.520244836807251,4.237026691436768,2.337308883666992,3.241593360900879,3.5505294799804688,3.520056293532917,0.27136093378067017,0.9999634623527527,0.9997743368148804,0.9998289346694946,0.9993502497673035,0.9999976754188538,0.011942400597035885,0.0034208805300295353,0.0009186522220261395,0.09798777848482132,0.12168987095355988,-0.055134013295173645,-0.5413824319839478,34.03041076660156,13.153704643249512,40.80521011352539,24.950252532958984,30.154329299926758,42.8935432434082,40.68539810180664,33.44829559326172,45.88681411743164,32.658843994140625,33.86668014526367,33.755882263183594,5.1255316734313965,4.1520867347717285,4.696570873260498,4.475162506103516,4.364038944244385,4.656188011169434,5.128105163574219,4.516089916229248,5.408911228179932,4.755402088165283,4.727809429168701,4.709965705871582
68,8.480384826660156,4.31179666519165,2.1068525314331055,7.151090621948242,9.134296417236328,8.478883245551115,0.07868313789367676,0.9997833967208862,0.9986260533332825,0.9997326135635376,0.9996228814125061,0.9998143911361694,0.0012224187375977635,0.0007820792379789054,7.588216249132529e-05,0.004532156977802515,0.014021236449480057,-0.10038018226623535,-0.29443901777267456,1.9047070741653442,1.812244176864624,1.3614753484725952,1.9220166206359863,1.9124037027359009,1.9047666307431905,0.3031231462955475,0.9999107718467712,0.9996466636657715,0.9998143911361694,0.9994608759880066,0.9999322295188904,0.02309717796742916,0.00811245571821928,0.0017724728677421808,0.11337652057409286,0.4086313247680664,0.06449728459119797,-0.8651100397109985,44.21820831298828,14.831409454345703,43.655025482177734,44.62678527832031,38.434722900390625,50.200721740722656,46.90220642089844,44.07917404174805,52.12141799926758,18.763439178466797,39.7833137512207,36.8065299987793,5.106934547424316,4.136127948760986,4.686663627624512,4.461613655090332,4.309474945068359,4.6391730308532715,5.109185218811035,4.493247985839844,5.380226135253906,4.756353378295898,4.707900524139404,4.6899566650390625
69,8.28731632232666,4.452610492706299,2.244227409362793,6.958201885223389,8.827603340148926,8.286809368606196,0.07850965857505798,0.9999416470527649,0.9998642206192017,0.9997355341911316,0.9995555281639099,0.9999938011169434,0.0012533451663330197,0.0007136936183087528,7.65770673751831e-05,0.004950560163706541,0.016313359141349792,-0.09993898868560791,-0.34289073944091797,3.247887372970581,2.4038047790527344,1.938955307006836,2.754204750061035,3.291975498199463,3.247742254161625,0.3196156322956085,0.9999564290046692,0.9997638463973999,0.9998394250869751,0.9992671012878418,0.9999974370002747,0.014071009121835232,0.0037971639540046453,0.0011652237735688686,0.09484384953975677,0.1555650532245636,-0.051696911454200745,-0.6510865688323975,44.46611404418945,9.105025291442871,33.536861419677734,40.85964584350586,23.599239349365234,47.324283599853516,45.39217758178711,37.777122497558594,50.804908752441406,43.56890869140625,37.643428802490234,37.76968765258789,5.129010200500488,4.149821758270264,4.703582286834717,4.491967678070068,4.324749946594238,4.657301902770996,5.124081134796143,4.5087361335754395,5.399621963500977,4.763765811920166,4.725263595581055,4.70566987991333
70,8.236665725708008,4.555941104888916,2.322629928588867,7.05828857421875,8.717131614685059,8.236050364541255,0.07870723307132721,0.9999427795410156,1.0,0.9996164441108704,0.9996780753135681,0.9999943971633911,0.0012336982181295753,0.0006806442397646606,7.549532892880961e-05,0.004803186748176813,0.028152743354439735,-0.09995066374540329,-0.33624058961868286,2.665330410003662,3.6038382053375244,1.8520071506500244,2.538447856903076,2.678013563156128,2.6652858321184674,0.37162303924560547,0.9999812841415405,0.9997938871383667,0.9997503161430359,0.9996600151062012,0.9999980330467224,0.012423415668308735,0.005248731467872858,0.0014031543396413326,0.13494937121868134,0.3190651535987854,-0.02581537328660488,-0.5645853281021118,54.53054428100586,11.450906753540039,22.089536666870117,48.61919403076172,26.38933563232422,44.145328521728516,51.85606384277344,35.845916748046875,55.89945983886719,56.003578186035156,40.68299102783203,40.6354866027832,5.129651069641113,4.151628494262695,4.716740608215332,4.497169494628906,4.316513538360596,4.666573524475098,5.125705718994141,4.520698547363281,5.408271312713623,4.784295558929443,4.731724739074707,4.711759567260742
71,8.028100967407227,4.776927471160889,2.308959722518921,7.2044196128845215,8.445079803466797,8.027596062654073,0.0784551352262497,0.9999533295631409,0.9987576603889465,0.9997991919517517,0.9996628761291504,0.9999943375587463,0.0011551001807674766,0.0006845085299573839,7.465279486496001e-05,0.003948148339986801,0.05299058556556702,-0.09896539151668549,-0.2985556125640869,2.1864113807678223,1.9693762063980103,1.4904837608337402,2.245652675628662,2.1948161125183105,2.186372208128347,0.40242207050323486,0.9999787211418152,0.9999473690986633,0.9995844960212708,0.9996269941329956,0.9999977946281433,0.023772593587636948,0.008912567980587482,0.0016854206332936883,0.14260220527648926,0.3736500144004822,0.02157575823366642,-0.7720332145690918,61.228843688964844,12.833111763000488,18.617734909057617,55.798011779785156,45.651737213134766,32.00545120239258,60.524742126464844,34.879268646240234,63.87299346923828,60.605316162109375,44.601722717285156,43.72172164916992,5.121917724609375,4.149448871612549,4.709570407867432,4.491093635559082,4.317619800567627,4.6518073081970215,5.114384651184082,4.5222578048706055,5.405799388885498,4.791888236999512,4.727578639984131,4.705739974975586
72,7.891849517822266,4.8529839515686035,2.3193092346191406,7.282360553741455,8.260458946228027,7.891364942780785,0.07763468474149704,0.9999556541442871,0.9993814826011658,0.9997329711914062,0.9996989369392395,0.9999938607215881,0.0010995459742844105,0.0006733015179634094,7.271858339663595e-05,0.004795966204255819,0.05687367543578148,-0.09832920879125595,-0.2908514738082886,2.214550495147705,2.4158213138580322,1.556563377380371,2.2586581707000732,2.2191474437713623,2.2145068491897275,0.37986376881599426,0.9999791979789734,0.9996733069419861,0.9997137784957886,0.9995366334915161,0.9999980926513672,0.017435269430279732,0.00722971186041832,0.001652800478041172,0.15458868443965912,0.24933409690856934,0.023917103186249733,-0.7478172779083252,62.526798248291016,13.363571166992188,56.1558837890625,41.90391159057617,50.49309158325195,25.5074520111084,61.693756103515625,27.619701385498047,64.0188217163086,65.13041687011719,46.84134292602539,45.6669921875,5.104798316955566,4.150851249694824,4.715907096862793,4.469837665557861,4.3195085525512695,4.641122341156006,5.093194007873535,4.523027420043945,5.396883964538574,4.797732830047607,4.721286296844482,4.697927474975586
73,7.648945331573486,4.927467346191406,2.3004770278930664,6.847018241882324,7.995427131652832,7.6486175292368115,0.07886587828397751,0.9999335408210754,0.999748706817627,0.9997126460075378,0.9996590614318848,0.9999694228172302,0.0010180578101426363,0.0006651563453488052,7.49590908526443e-05,0.004564171191304922,0.042333509773015976,-0.09772544354200363,-0.3204283118247986,1.8717784881591797,1.7906495332717896,1.2942355871200562,1.6663974523544312,1.8857206106185913,1.8717496428149523,0.43127888441085815,0.999981701374054,0.9999693036079407,0.9997646808624268,0.999639093875885,0.9999990463256836,0.025080684572458267,0.008063573390245438,0.0026304724160581827,0.17514590919017792,0.28785958886146545,0.08425018936395645,-0.7047228813171387,61.12064743041992,14.803841590881348,62.40056610107422,11.937654495239258,53.347923278808594,69.58799743652344,63.10523223876953,29.927560806274414,71.37181091308594,70.35448455810547,50.795772552490234,48.791805267333984,5.0807013511657715,4.14022970199585,4.703928470611572,4.356521129608154,4.3091630935668945,4.631901741027832,5.076930046081543,4.503561973571777,5.370072841644287,4.793867588043213,4.696688175201416,4.671517372131348
74,7.838404655456543,5.037338733673096,2.379619598388672,6.7825846672058105,8.19316291809082,7.837074317403185,0.07826904952526093,0.9998252391815186,0.9996384978294373,0.999774694442749,0.9996675848960876,0.9998400807380676,0.0010016477899625897,0.0006268805009312928,7.469619595212862e-05,0.0032836534082889557,0.04584541171789169,-0.0982692539691925,-0.3164570927619934,3.3667445182800293,5.957537651062012,2.5086886882781982,2.825747013092041,3.395592212677002,3.36118966314966,0.4091450273990631,0.9997972846031189,0.9999201893806458,0.9997869729995728,0.9995546340942383,0.9998082518577576,0.014612853527069092,0.005230465438216925,0.0013431808911263943,0.12905970215797424,0.14227420091629028,-0.05754128843545914,-0.42900577187538147,28.660308837890625,12.46805477142334,55.50042724609375,29.318201065063477,54.173492431640625,72.32588195800781,59.906005859375,28.318735122680664,66.8838882446289,56.646484375,46.42014694213867,48.0792236328125,5.093072891235352,4.1492743492126465,4.722232818603516,4.3896379470825195,4.330075740814209,4.64992094039917,5.091209888458252,4.516230583190918,5.386343002319336,4.803368091583252,4.713136672973633,4.689541816711426
75,9.250821113586426,5.077401161193848,2.5211355686187744,7.568744659423828,9.798773765563965,9.250199191656868,0.07756786048412323,0.999948263168335,0.9999548196792603,0.9997289776802063,0.9996094703674316,0.9999939203262329,0.0010255317902192473,0.000583426735829562,6.760464020771906e-05,0.0026406983379274607,0.03932281211018562,-0.10238699615001678,-0.2810295820236206,3.74509596824646,4.9796319007873535,2.5657641887664795,3.372161865234375,3.7704482078552246,3.7354756464713716,0.45245781540870667,0.9995778203010559,0.9996597766876221,0.99976646900177,0.9994220733642578,0.9995810389518738,0.01270022988319397,0.004273338243365288,0.0011627088533714414,0.09018649905920029,0.14913082122802734,-0.08644040673971176,-0.36996012926101685,14.37761116027832,7.441860198974609,55.27961730957031,60.103309631347656,44.70111083984375,68.08805084228516,54.171653747558594,29.93373680114746,69.03648376464844,65.84248352050781,46.8975944519043,49.73226547241211,5.106817245483398,4.157469272613525,4.72788143157959,4.420281410217285,4.3543782234191895,4.660323619842529,5.0982842445373535,4.526976108551025,5.3994574546813965,4.818587779998779,4.72704553604126,4.713784217834473
76,10.076388359069824,5.434725761413574,2.5689384937286377,8.296955108642578,10.73531436920166,10.075599770730541,0.07776574790477753,0.9999381899833679,0.9988006949424744,0.9997467398643494,0.999573826789856,0.9999932050704956,0.0009088499355129898,0.000574971258174628,6.230015424080193e-05,0.00408970657736063,0.05468623340129852,-0.10413636267185211,-0.2759250998497009,2.5987436771392822,2.201371431350708,1.7572637796401978,2.3613343238830566,2.6180787086486816,2.597226285847566,0.5397489070892334,0.9998847246170044,0.9999109506607056,0.9995790123939514,0.9994721412658691,0.999903678894043,0.022855693474411964,0.00924443919211626,0.0017536893719807267,0.22003856301307678,0.3978421092033386,-0.0247630812227726,-0.6292311549186707,23.520769119262695,6.488426685333252,26.571701049804688,78.30432891845703,28.749910354614258,78.78040313720703,71.36103057861328,39.96599197387695,79.99266052246094,84.10699462890625,51.78422164916992,54.92009735107422,5.094525337219238,4.153087139129639,4.728946685791016,4.4205322265625,4.3436198234558105,4.664507865905762,5.099923133850098,4.533334255218506,5.402229309082031,4.822563648223877,4.726326942443848,4.717422962188721
77,10.639568328857422,5.546360492706299,2.647362232208252,8.491312980651855,11.374086380004883,10.638674514471294,0.07732606679201126,0.999932587146759,0.9997923374176025,0.9996801614761353,0.9995441436767578,0.9999916553497314,0.0009004524326883256,0.0005469036404974759,6.030899385223165e-05,0.00370361958630383,0.0621294341981411,-0.10502179712057114,-0.34946393966674805,2.9381051063537598,2.5393502712249756,1.8349918127059937,2.4802091121673584,2.9673869609832764,2.9379820308918814,0.4491227865219116,0.9999663829803467,0.999704897403717,0.999603807926178,0.9995161294937134,0.9999904036521912,0.015335931442677975,0.005453013349324465,0.001723503926768899,0.18541155755519867,0.1779050976037979,-0.03146372362971306,-0.8221174478530884,27.264371871948242,5.704892635345459,64.73924255371094,81.27735900878906,33.32244110107422,76.55170440673828,66.97408294677734,45.14469909667969,84.0265121459961,67.4040756225586,55.240936279296875,57.32707595825195,5.098316669464111,4.1558051109313965,4.739944934844971,4.451205253601074,4.340906620025635,4.669734477996826,5.099538326263428,4.5355963706970215,5.40750789642334,4.812519550323486,4.731107234954834,4.724409103393555
78,9.975648880004883,5.570750713348389,2.7396912574768066,8.162561416625977,10.513470649719238,9.974942892917937,0.07703795284032822,0.9999435544013977,0.9996635317802429,0.9996622800827026,0.999598503112793,0.9999934434890747,0.000877381709869951,0.0005138177657499909,6.10587521805428e-05,0.003845915198326111,0.07944042235612869,-0.10380664467811584,-0.3738861083984375,2.808016777038574,2.3117823600769043,1.7229747772216797,2.4343101978302,2.8290939331054688,2.807958149818014,0.5166702270507812,0.9999788999557495,0.9999082088470459,0.9997557401657104,0.9996026158332825,0.9999949336051941,0.015084022656083107,0.005129565484821796,0.0019392784452065825,0.17801912128925323,0.24463461339473724,-0.04352625459432602,-0.5137224793434143,48.17724609375,6.068657875061035,35.88786315917969,80.08257293701172,24.995981216430664,82.84131622314453,67.92961120605469,33.14327621459961,91.90164947509766,91.83029174804688,56.28584671020508,59.68299865722656,5.114960193634033,4.163949489593506,4.749900817871094,4.478675365447998,4.357951641082764,4.680428504943848,5.108377456665039,4.542322158813477,5.4214396476745605,4.8182549476623535,4.743626117706299,4.733955383300781
79,10.283215522766113,5.40720796585083,2.7492752075195312,8.16330337524414,10.859319686889648,10.282464471609002,0.07655373960733414,0.9999415278434753,0.9995163679122925,0.9996666312217712,0.9996035099029541,0.9999924302101135,0.0008744373917579651,0.0004929937422275543,5.9930305724265054e-05,0.003434969112277031,0.10513727366924286,-0.10411187261343002,-0.39620131254196167,2.3561034202575684,1.9272278547286987,1.5655399560928345,2.3898613452911377,2.3602235317230225,2.3560626868533423,0.43625515699386597,0.9999807476997375,0.999818742275238,0.999569296836853,0.9994960427284241,0.9999976754188538,0.02148810587823391,0.006538196001201868,0.002279703039675951,0.22969308495521545,0.3862583637237549,0.006647002883255482,-0.5921646356582642,77.63972473144531,5.875059604644775,87.25390625,91.53030395507812,73.50328063964844,41.85305404663086,83.05326080322266,38.177154541015625,97.9126968383789,47.3942756652832,64.41927337646484,64.69646453857422,5.088464260101318,4.157042980194092,4.752667427062988,4.4782538414001465,4.348390102386475,4.648200035095215,5.087762355804443,4.533278465270996,5.411375045776367,4.8247175216674805,4.733015060424805,4.724576473236084
80,9.322123527526855,5.412664890289307,2.6681361198425293,8.243969917297363,9.704776763916016,9.321667135887111,0.07591274380683899,0.9999500513076782,0.9993463158607483,0.9996338486671448,0.999624490737915,0.9999935626983643,0.000774869229644537,0.0005008996813558042,5.902671182411723e-05,0.003218970960006118,0.10919313132762909,-0.10207130014896393,-0.35344475507736206,1.5835093259811401,1.1988362073898315,1.1741896867752075,1.7096761465072632,1.5831185579299927,1.583488689085292,0.5081695318222046,0.9999819993972778,0.9995393753051758,0.999721109867096,0.999423623085022,0.9999985098838806,0.043201182037591934,0.012424527667462826,0.0035480603110045195,0.2320035994052887,0.4017225503921509,0.12844139337539673,-0.8593794703483582,114.27987670898438,8.393932342529297,94.9087905883789,77.97132110595703,89.79209899902344,20.997047424316406,112.68436431884766,33.32355499267578,119.07771301269531,110.95123291015625,78.23799896240234,74.20283508300781,5.033836364746094,4.132017135620117,4.717057228088379,4.428881645202637,4.308477878570557,4.627677917480469,5.029608249664307,4.5047607421875,5.367950439453125,4.807740688323975,4.69580078125,4.68244743347168
81,8.4378023147583,5.119481563568115,2.549652576446533,7.474252223968506,8.746769905090332,8.437387510385651,0.07961814850568771,0.9999608397483826,0.9998762607574463,0.9996925592422485,0.9996650815010071,0.999994158744812,0.000763552263379097,0.0005220021121203899,6.359047256410122e-05,0.0036904290318489075,0.05813015252351761,-0.10060033202171326,-0.3382541537284851,1.4290294647216797,1.0519465208053589,1.0250179767608643,1.3282365798950195,1.436435580253601,1.4289975857958936,0.5304732322692871,0.9999720454216003,0.9999485015869141,0.9995480179786682,0.9993311762809753,0.9999986290931702,0.06410418450832367,0.016108078882098198,0.005328705068677664,0.26416832208633423,0.4247644245624542,0.19668889045715332,-0.7613712549209595,129.18833923339844,9.719098091125488,79.40027618408203,4.115731716156006,96.89347839355469,121.5451431274414,115.68404388427734,53.417442321777344,129.1875457763672,119.63245391845703,85.87834930419922,79.64876556396484,4.983559608459473,4.102872371673584,4.6580281257629395,4.223585605621338,4.251260757446289,4.587777137756348,4.9956183433532715,4.449451446533203,5.310008525848389,4.76304817199707,4.632521152496338,4.614884376525879
82,7.841263771057129,4.413345813751221,2.4179155826568604,7.313830852508545,8.09754467010498,7.841083804920648,0.07939008623361588,0.9999688863754272,0.9998056292533875,0.9998022317886353,0.9996708631515503,0.9999935030937195,0.0008775605238042772,0.0005664966884069145,6.404314626706764e-05,0.003275516675785184,0.06828346103429794,-0.09822262078523636,-0.335886150598526,1.556512475013733,1.2869576215744019,1.191180944442749,1.4859118461608887,1.5636388063430786,1.0298892448466996,0.5569068193435669,0.9772350788116455,0.999747097492218,0.9995459318161011,0.9995552897453308,0.9761590361595154,0.07572052627801895,0.021192772313952446,0.004563919734209776,0.25440409779548645,0.4341692626476288,0.12416224181652069,-0.8977818489074707,135.11900329589844,15.825902938842773,6.023352146148682,63.67013931274414,104.88536071777344,113.25593566894531,135.84327697753906,40.380348205566406,131.71815490722656,97.12928009033203,84.38507843017578,81.26276397705078,4.941953182220459,4.08103609085083,4.648656368255615,4.154358863830566,4.242151737213135,4.582216262817383,4.943973541259766,4.443843364715576,5.277065277099609,4.744051933288574,4.605930805206299,4.583302021026611
83,8.570112228393555,3.9410059452056885,2.3794960975646973,7.736785888671875,8.940094947814941,8.569941840286116,0.07832968235015869,0.9999520778656006,0.9997678995132446,0.9997289776802063,0.9996273517608643,0.9999867081642151,0.0009739479282870889,0.0005804196698591113,6.103893247200176e-05,0.0033022991847246885,0.06597675383090973,-0.10000371187925339,-0.3300972580909729,1.9756324291229248,2.1504547595977783,1.9136053323745728,2.104968547821045,1.9721893072128296,1.3647231324013551,0.5586351156234741,0.9441901445388794,0.9997800588607788,0.9996469616889954,0.999390721321106,0.9418132305145264,0.06564068794250488,0.014984129928052425,0.002788768382743001,0.28480106592178345,0.3266948163509369,0.04767417907714844,-0.7546152472496033,81.28641510009766,5.200096607208252,96.8921890258789,70.0715103149414,119.69457244873047,120.38243865966797,26.721065521240234,52.75149154663086,124.80469512939453,31.728967666625977,72.9533462524414,74.55795288085938,4.922202110290527,4.075295448303223,4.633458614349365,4.169086933135986,4.234344482421875,4.574804782867432,4.90824031829834,4.421288013458252,5.270789623260498,4.735228061676025,4.5944743156433105,4.577490329742432
84,10.461338996887207,3.2590432167053223,2.201902389526367,9.195314407348633,11.310113906860352,10.461122377303044,0.0799083486199379,0.9998906850814819,0.9999924898147583,0.9997289776802063,0.9996762275695801,0.9999241828918457,0.0010973106836900115,0.0006406595930457115,5.1509265176719055e-05,0.0022318274714052677,0.07785025238990784,-0.10406013578176498,-0.3082028031349182,1.5922517776489258,1.4400146007537842,1.2649741172790527,1.414302110671997,1.6037482023239136,1.3096420822326365,0.6077419519424438,0.9743579626083374,0.9998034238815308,0.9983763694763184,0.9990574717521667,0.9729440212249756,0.08430201560258865,0.02535359561443329,0.004989222157746553,0.3734275698661804,0.49485164880752563,0.06978698819875717,-0.6779546737670898,1.953438401222229,2.651779890060425,124.191162109375,117.6024398803711,73.8483657836914,125.08759307861328,121.90947723388672,25.77592658996582,132.647705078125,123.69534301757812,84.93633270263672,84.16886138916016,4.60628080368042,3.9137115478515625,4.589433193206787,4.154107570648193,4.187069892883301,4.519905090332031,4.8461713790893555,4.3974103927612305,5.23477029800415,4.736427307128906,4.518528938293457,4.512362957000732
85,9.560711860656738,2.4118568897247314,1.9533129930496216,8.843826293945312,10.428194999694824,9.560405802090578,0.08143509179353714,0.9999397397041321,0.9998903870582581,0.9996994137763977,0.9997385144233704,0.9999897480010986,0.001539826625958085,0.0007539355428889394,5.041385520598851e-05,0.0016866902587935328,0.10194885730743408,-0.10272383689880371,-0.3021657168865204,1.568605661392212,1.0792381763458252,1.046595573425293,1.413321614265442,1.5930674076080322,1.2530533035770313,0.632113516330719,0.9450435638427734,0.9994992017745972,0.9984422922134399,0.9994761943817139,0.9407467246055603,0.14305709302425385,0.038478996604681015,0.005456357728689909,0.4052855670452118,0.5343169569969177,0.11297618597745895,-0.7135051488876343,1.9282814264297485,7.620398044586182,135.4793701171875,134.19052124023438,41.05117416381836,134.84458923339844,141.83468627929688,35.85523986816406,130.53067016601562,134.34083557128906,89.767578125,89.5487060546875,4.314282417297363,3.910444974899292,4.5467729568481445,4.1414923667907715,4.141696453094482,4.481492042541504,4.825319766998291,4.373764514923096,5.215779781341553,4.741793632507324,4.4692840576171875,4.459750652313232
86,8.278729438781738,1.9970002174377441,1.7843385934829712,7.922438621520996,8.997684478759766,8.278092328017662,0.08675514906644821,0.9999338388442993,0.9994229674339294,0.9997137188911438,0.9997097253799438,0.9999954104423523,0.002006030175834894,0.000836117600556463,5.462994522531517e-05,0.0020837944466620684,0.16851872205734253,-0.09999477863311768,-0.32549917697906494,1.663188099861145,1.2013907432556152,1.1823874711990356,1.5460010766983032,1.688094973564148,0.48770706530847213,0.685462474822998,0.9011321067810059,0.9985399842262268,0.9995597004890442,0.9995566010475159,0.8929676413536072,0.16034828126430511,0.03618606552481651,0.003894111840054393,0.40686312317848206,0.8498380184173584,0.18751975893974304,-0.5013560056686401,18.560457229614258,5.7209553718566895,125.60670471191406,108.69149017333984,12.845049858093262,130.36102294921875,155.50933837890625,25.670639038085938,133.19015502929688,151.36990356445312,86.75257110595703,90.13846588134766,4.343658924102783,3.9165334701538086,4.536293029785156,4.173403739929199,3.8632900714874268,4.4653472900390625,4.788756847381592,4.352875709533691,5.199195861816406,4.72060489654541,4.435996055603027,4.420526027679443
87,8.292495727539062,1.898310899734497,1.7298399209976196,7.968689441680908,9.123922348022461,8.292087813073833,0.09132889658212662,0.9999585151672363,0.9999814033508301,0.9997926354408264,0.9997297525405884,0.9999956488609314,0.0022590872831642628,0.00085834925994277,5.3714113164460286e-05,0.003986967261880636,0.14890797436237335,-0.10040765255689621,-0.3236103057861328,2.405198335647583,1.5878571271896362,1.5037612915039062,2.2581746578216553,2.468508720397949,0.42679137645022286,0.674926221370697,0.8132433295249939,0.9998798370361328,0.9994351267814636,0.999238908290863,0.7923224568367004,0.12107902765274048,0.02704676426947117,0.002508180681616068,0.316718727350235,0.2914634943008423,-0.010805324651300907,-0.49830251932144165,36.363460540771484,2.7399260997772217,116.62063598632812,43.319801330566406,19.54713249206543,121.17169189453125,134.13319396972656,29.663930892944336,89.48661041259766,137.8810577392578,73.09274291992188,81.42556762695312,4.417827606201172,3.781142234802246,4.562054634094238,4.187906742095947,3.8988490104675293,4.487227439880371,4.811087608337402,4.370160102844238,5.222907066345215,4.734385013580322,4.447354793548584,4.433742523193359
88,8.27867317199707,1.823189377784729,1.660080075263977,7.859608173370361,9.221132278442383,8.278106921318436,0.10196501761674881,0.9999420642852783,0.9998778104782104,0.9997446537017822,0.9996882677078247,0.9999948740005493,0.0024527881760150194,0.000875480764079839,5.312170469551347e-05,0.0050959596410393715,0.11345468461513519,-0.10053700953722,-0.2988102436065674,1.9826091527938843,1.6339722871780396,1.4275087118148804,1.708855152130127,2.0106563568115234,0.46220021481638246,0.5734432935714722,0.8809371590614319,0.9993516802787781,0.9988146424293518,0.9978770613670349,0.8713474869728088,0.11856826394796371,0.026255330070853233,0.004189621191471815,0.39528870582580566,0.4163058400154114,0.09505489468574524,-0.7255418300628662,140.31195068359375,1.5561765432357788,104.34821319580078,18.714799880981445,61.301612854003906,135.28997802734375,127.55867004394531,39.428592681884766,99.16218566894531,135.45262145996094,86.31248474121094,88.83631896972656,4.46083927154541,3.5442299842834473,4.564115047454834,4.097795009613037,3.9121150970458984,4.494212627410889,4.819687843322754,4.374253749847412,5.203726291656494,4.73453426361084,4.42055082321167,4.411405086517334
89,8.434248924255371,1.6587176322937012,1.582727313041687,8.22915267944336,9.593167304992676,8.433318386186526,0.10011035203933716,0.999905526638031,0.9994915127754211,0.9997054934501648,0.999692440032959,0.9999916553497314,0.002637755125761032,0.0009333363850601017,5.172816963749938e-05,0.004717252682894468,0.10583385080099106,-0.10047221183776855,-0.261522114276886,1.497524619102478,1.2636094093322754,1.1875877380371094,1.4239429235458374,1.5075582265853882,0.6869213560762292,0.5880412459373474,0.9509949088096619,0.9985643029212952,0.9993880391120911,0.9995171427726746,0.9480255842208862,0.1282341629266739,0.033915624022483826,0.00541131803765893,0.30140674114227295,0.4547254741191864,0.154942587018013,-0.8399604558944702,160.08558654785156,14.22517204284668,4.809699058532715,71.8351821899414,111.09540557861328,119.46671295166016,155.55564880371094,36.74361038208008,141.74456787109375,140.73388671875,95.62954711914062,92.25921630859375,4.456681728363037,3.562476873397827,4.495987415313721,4.011162757873535,3.910804271697998,4.484560966491699,4.767973899841309,4.369938373565674,5.167058944702148,4.715055465698242,4.39417028427124,4.385417938232422
90,8.007999420166016,1.6684569120407104,1.6212948560714722,7.7194037437438965,8.915786743164062,8.007394563104345,0.09661345183849335,0.9999365210533142,0.9998425841331482,0.9996989965438843,0.999737560749054,0.9999950528144836,0.0025698323734104633,0.0008998910197988153,5.41797598998528e-05,0.005581581499427557,0.10305479168891907,-0.0984715148806572,-0.27832990884780884,2.4312305450439453,2.1503617763519287,1.8242782354354858,2.1331355571746826,2.4530224800109863,0.6506346311347004,0.6460479497909546,0.8866509795188904,0.9994754195213318,0.9996878504753113,0.9994038939476013,0.8797329664230347,0.06463808566331863,0.01544672716408968,0.0029346803203225136,0.33719608187675476,0.2266155481338501,-0.023266145959496498,-0.5698731541633606,141.28643798828125,4.5212531089782715,24.502473831176758,34.96342849731445,79.88621520996094,108.85026550292969,88.20999908447266,16.971590042114258,115.23690032958984,134.95108032226562,74.9379653930664,82.50953674316406,4.5227460861206055,3.628589391708374,4.526197910308838,4.052640914916992,3.9705886840820312,4.513354301452637,4.780688285827637,4.390295505523682,5.2052001953125,4.725133419036865,4.431543350219727,4.41786527633667
91,9.103221893310547,1.5793192386627197,1.5688270330429077,8.444807052612305,10.646768569946289,9.102611665316994,0.09381736069917679,0.9999119639396667,0.9999664425849915,0.9998029470443726,0.9997020363807678,0.9999477863311768,0.002629040041938424,0.0009229118004441261,4.998494478059001e-05,0.004247826989740133,0.11729605495929718,-0.10157401859760284,-0.3187708556652069,1.4539244174957275,1.4412474632263184,1.280510663986206,1.6395725011825562,1.4518468379974365,0.6456505728527906,0.5788888335227966,0.9689455032348633,0.9983415603637695,0.9993997812271118,0.9988701343536377,0.9677879810333252,0.09740981459617615,0.026090899482369423,0.004531580489128828,0.29802390933036804,0.5228614807128906,0.21462811529636383,-0.6764032244682312,150.26885986328125,4.492494106292725,130.06869506835938,126.60820007324219,101.02053833007812,15.007895469665527,100.0365219116211,24.489612579345703,145.74774169921875,139.16310119628906,93.69036102294922,89.19564056396484,4.494858264923096,3.6414105892181396,4.494175910949707,4.022543430328369,3.9500489234924316,4.301697254180908,4.708822250366211,4.361283779144287,5.145903587341309,4.703922748565674,4.382466793060303,4.375390529632568
92,7.986191272735596,1.4781793355941772,1.5149807929992676,7.9937238693237305,8.990804672241211,7.985884958026042,0.09289025515317917,0.9999290108680725,0.9999901652336121,0.9997183084487915,0.9997068047523499,0.9999765753746033,0.0027535625267773867,0.0009395850938744843,5.191992022446357e-05,0.0036209076642990112,0.15409477055072784,-0.09757234901189804,-0.37260955572128296,1.4884933233261108,1.3543323278427124,1.234226942062378,1.635600209236145,1.4890207052230835,0.6227645014626306,0.5629894733428955,0.9652143120765686,0.9999908208847046,0.9995604753494263,0.9994832873344421,0.9638441205024719,0.08912963420152664,0.024772951379418373,0.0041489931754767895,0.15573430061340332,0.6599600911140442,0.17055054008960724,-0.9525420069694519,121.10936737060547,9.891862869262695,127.43437194824219,129.18466186523438,62.89024353027344,12.90516185760498,94.74918365478516,42.09467315673828,150.0863800048828,132.47145080566406,88.28173828125,84.09529876708984,4.491180896759033,3.650146007537842,4.48637580871582,4.006808280944824,3.91793155670166,4.281546592712402,4.681422233581543,4.352924823760986,5.109148025512695,4.705249786376953,4.368273735046387,4.353085517883301
93,8.188039779663086,1.3676390647888184,1.4363423585891724,8.022337913513184,9.5100736618042,8.18798636266255,0.08882855623960495,0.99980229139328,0.9983197450637817,0.9996365308761597,0.9997479319572449,0.9999935626983643,0.0029592846985906363,0.0009941300377249718,5.049390165368095e-05,0.0020767822861671448,0.160849928855896,-0.09748408943414688,-0.34389156103134155,1.2685520648956299,1.1029998064041138,1.0399258136749268,1.3131959438323975,1.2726777791976929,1.1244561069929606,0.5873633623123169,0.9632265567779541,0.9994171857833862,0.9989680647850037,0.9992271661758423,0.961405873298645,0.12259548157453537,0.033783208578825,0.004921406041830778,0.2425859421491623,0.5734384059906006,0.23818400502204895,-0.8140801191329956,59.66080856323242,16.2279052734375,142.73736572265625,117.31592559814453,112.96023559570312,140.51353454589844,2.2070255279541016,43.32051467895508,157.7089080810547,145.22308349609375,93.78753662109375,85.41972351074219,4.448681354522705,3.625549554824829,4.426995754241943,3.966481924057007,3.870586395263672,4.264144420623779,4.385972499847412,4.325979232788086,5.031883239746094,4.653853416442871,4.300013065338135,4.285104751586914
94,8.333758354187012,1.32027006149292,1.3797190189361572,8.09986400604248,9.955096244812012,8.33447607784755,0.09438817203044891,0.9999398589134216,0.9999516010284424,0.9998050332069397,0.9997562170028687,0.9999894499778748,0.003070532577112317,0.0010444605723023415,4.810254540643655e-05,0.002303121844306588,0.15565410256385803,-0.09873227030038834,-0.29620161652565,1.8334574699401855,1.1822246313095093,1.148619532585144,1.701613187789917,1.8630720376968384,0.7090267442919641,0.7001583576202393,0.9263742566108704,0.9999291300773621,0.9977738261222839,0.9983416795730591,0.920958936214447,0.1121477261185646,0.030932923778891563,0.003517657285556197,0.32150861620903015,0.4474780261516571,0.06306252628564835,-0.8304199576377869,0.5293533205986023,3.2573328018188477,122.76741027832031,65.31487274169922,19.496145248413086,127.30717468261719,120.29608917236328,40.73441696166992,129.70672607421875,134.0737762451172,76.34832763671875,81.82284545898438,4.050810813903809,3.5683724880218506,4.428669452667236,3.949068307876587,3.8669748306274414,4.268127918243408,4.422164440155029,4.3253912925720215,5.050269603729248,4.6588454246521,4.258869647979736,4.247330665588379
95,7.415454864501953,1.2728630304336548,1.3346161842346191,7.45599889755249,8.646997451782227,7.416244381788227,0.09704668819904327,0.9999269843101501,0.9999665021896362,0.9997148513793945,0.9997761845588684,0.9999848008155823,0.0033307846169918776,0.0011019062949344516,5.0223799917148426e-05,0.0035536231007426977,0.15536215901374817,-0.096364825963974,-0.28946012258529663,1.9914207458496094,1.196014404296875,1.2130529880523682,1.992425560951233,2.038918972015381,0.7265825293174691,0.7683894634246826,0.9492963552474976,0.9991238713264465,0.998994767665863,0.9992554783821106,0.9443705677986145,0.13361598551273346,0.03477548435330391,0.0027578144799917936,0.4280579686164856,0.5506325960159302,0.05286575108766556,-0.8637698292732239,3.353147268295288,4.524580001831055,121.39031219482422,32.31184768676758,15.263301849365234,118.2350082397461,125.92082977294922,31.398672103881836,127.26151275634766,133.6172637939453,71.32765197753906,80.38674926757812,3.937199592590332,3.6079893112182617,4.444223880767822,3.933218002319336,3.8854029178619385,4.295556545257568,4.483940601348877,4.341625213623047,5.08466100692749,4.669970512390137,4.268378734588623,4.249961853027344
96,6.866103649139404,1.2950936555862427,1.3553290367126465,7.338074684143066,7.819427490234375,6.865684485263992,0.09499809145927429,0.9999358057975769,0.9998244047164917,0.999736487865448,0.9997583031654358,0.9999963641166687,0.0034274847712367773,0.0011196862906217575,5.1046932640019804e-05,0.0034646913409233093,0.11563574522733688,-0.09417934715747833,-0.3531014919281006,2.1382009983062744,1.5804725885391235,1.5582201480865479,2.0746171474456787,2.1729543209075928,0.7810371001143709,0.8044655323028564,0.899346649646759,0.9999827146530151,0.9994189739227295,0.9993287324905396,0.8901933431625366,0.11749795824289322,0.028158945962786674,0.0024058870039880276,0.333140105009079,0.2750515043735504,0.027511656284332275,-0.5467448830604553,14.346541404724121,4.590153217315674,110.14529418945312,13.65802001953125,15.180059432983398,115.609375,121.51253509521484,16.67868423461914,123.00447082519531,114.61022186279297,64.93353271484375,75.48910522460938,4.026554107666016,3.6552250385284424,4.47128963470459,3.935478448867798,3.9288408756256104,4.319607734680176,4.5452561378479,4.360893726348877,5.1133503913879395,4.695897102355957,4.305239200592041,4.279472351074219
97,7.588166236877441,1.346285104751587,1.3911278247833252,8.180839538574219,8.955936431884766,7.587599383222043,0.10317154973745346,0.9999342560768127,0.9999279975891113,0.9997448325157166,0.9997357726097107,0.9999971985816956,0.003450252814218402,0.0011136773973703384,4.691193680628203e-05,0.003912933170795441,0.12083916366100311,-0.09794392436742783,-0.32002660632133484,2.7910268306732178,2.083878755569458,1.9245878458023071,2.0958774089813232,2.8994696140289307,0.4025680141015931,0.6410460472106934,0.7256718873977661,0.9971818923950195,0.9992728233337402,0.9988350868225098,0.6807918548583984,0.10298802703619003,0.023100385442376137,0.0019564328249543905,0.14863640069961548,0.25739869475364685,-0.029344044625759125,-0.6978142857551575,24.46942901611328,1.7598668336868286,42.76742935180664,57.243019104003906,57.25999069213867,110.38898468017578,114.87928771972656,16.9937686920166,113.67677307128906,72.55423736572266,61.19927978515625,68.43437957763672,4.131021976470947,3.4551374912261963,4.4839582443237305,3.983750104904175,3.9362120628356934,4.34984827041626,4.605597019195557,4.360131740570068,5.143637657165527,4.706295490264893,4.315558910369873,4.301276683807373
98,8.029997825622559,1.3297456502914429,1.3650089502334595,8.602347373962402,10.039888381958008,8.029281598964099,0.1001441702246666,0.9999197125434875,0.999995231628418,0.9997198581695557,0.9997576475143433,0.9999954104423523,0.003623583586886525,0.0011812460143119097,4.51455962320324e-05,0.003552854061126709,0.13070309162139893,-0.09894305467605591,-0.32177823781967163,1.513207197189331,1.606677770614624,1.458298921585083,1.4427002668380737,1.515556812286377,0.47219993493807755,0.610746443271637,0.9400879740715027,0.9999497532844543,0.9995026588439941,0.9990218877792358,0.9347684383392334,0.14252862334251404,0.04172093793749809,0.004008974879980087,0.25011181831359863,0.45410075783729553,0.12438604980707169,-0.7498670816421509,93.8740463256836,8.062153816223145,3.500575304031372,111.64433288574219,88.89685821533203,123.51647186279297,142.2725830078125,28.352754592895508,131.82562255859375,64.53411102294922,79.64794921875,77.86199951171875,4.161068439483643,3.4702460765838623,4.349723815917969,3.9311814308166504,3.9464995861053467,4.324991226196289,4.577234268188477,4.35016393661499,5.103458404541016,4.687359809875488,4.2901930809021,4.278602600097656
99,7.19296932220459,1.322749137878418,1.3517132997512817,7.610535144805908,8.746034622192383,7.19173872689053,0.09726108610630035,0.9998502731323242,0.9993889331817627,0.9996370077133179,0.9997814893722534,0.9999971389770508,0.003753016470000148,0.0012532949913293123,4.871110650128685e-05,0.0027370823081582785,0.14255911111831665,-0.0936373844742775,-0.32699811458587646,1.5065826177597046,1.625613808631897,1.4984264373779297,1.4428921937942505,1.506121039390564,0.4733917700390627,0.5773453116416931,0.9408930540084839,0.9981337785720825,0.9995102286338806,0.9996240139007568,0.9353116750717163,0.1406221091747284,0.043432947248220444,0.003948896657675505,0.2343561202287674,0.4677188992500305,0.12901891767978668,-0.644263744354248,97.99988555908203,15.218467712402344,5.321956634521484,112.3623046875,84.34264373779297,126.53990173339844,137.19668579101562,31.732336044311523,125.57691192626953,63.02125930786133,79.93123626708984,76.89850616455078,4.2113423347473145,3.5023372173309326,4.352821350097656,3.913519859313965,3.9682414531707764,4.317683219909668,4.572668075561523,4.344696521759033,5.081112861633301,4.690510272979736,4.2954936027526855,4.274650573730469
100,7.936837196350098,1.3935335874557495,1.4003939628601074,8.142411231994629,10.36820125579834,7.93627373042388,0.09423398971557617,0.9999133944511414,0.9999995827674866,0.9998306035995483,0.9997583031654358,0.9999447464942932,0.0038753990083932877,0.0012799091637134552,4.6770637709414586e-05,0.002769491169601679,0.15805484354496002,-0.09620101749897003,-0.35066404938697815,2.4056434631347656,1.851055383682251,1.701877236366272,1.8974151611328125,2.499854326248169,0.45698564953369064,0.6119720935821533,0.8307636380195618,0.9999309778213501,0.9995768666267395,0.9996597170829773,0.8006845712661743,0.11714755743741989,0.030784761533141136,0.0023062669206410646,0.2571040689945221,0.3705325722694397,0.0011375878239050508,-0.5650253891944885,23.56275177001953,7.61543083190918,92.17420196533203,97.46236419677734,34.072208404541016,107.98892974853516,112.22734832763672,10.117323875427246,67.89176940917969,92.23604583740234,64.53484344482422,69.86451721191406,4.266743183135986,3.5474328994750977,4.393993377685547,3.967216968536377,4.000311374664307,4.334014415740967,4.6073431968688965,4.3656792640686035,5.093744277954102,4.705839157104492,4.3282318115234375,4.313305377960205
101,8.309406280517578,1.4457108974456787,1.4292672872543335,8.23915958404541,11.514148712158203,8.307215668919037,0.09766213595867157,0.9997658133506775,0.9989371299743652,0.9998005032539368,0.9997503161430359,0.9999814033508301,0.0040090130642056465,0.0013002909254282713,4.6715111238881946e-05,0.002450178610160947,0.18583029508590698,-0.09727052599191666,-0.41792118549346924,2.42742919921875,1.6683523654937744,1.618619680404663,2.308504343032837,2.536811351776123,0.47383476657413115,0.6595547795295715,0.7262810468673706,0.9996967911720276,0.9992932081222534,0.9993267059326172,0.673646867275238,0.11721990257501602,0.03158889338374138,0.0018922515446320176,0.25879615545272827,0.4765916168689728,-0.0008170710643753409,-0.729668378829956,5.985897064208984,3.188129425048828,97.6748046875,73.07698059082031,20.50529670715332,104.50759887695312,108.7713623046875,29.05998420715332,64.31358337402344,85.63628387451172,59.27199172973633,65.65054321289062,4.332726001739502,3.482564926147461,4.431264400482178,4.012870788574219,4.007956504821777,4.365688323974609,4.65001106262207,4.391396522521973,5.122715950012207,4.704861640930176,4.350205898284912,4.339590072631836
102,8.118330001831055,1.437741994857788,1.4365620613098145,8.36150074005127,11.339151382446289,8.117418930331086,0.09537145495414734,0.9999001026153564,0.9999986886978149,0.999726414680481,0.9997642636299133,0.9999958276748657,0.004166887607425451,0.0013389157829806209,4.6351120545296e-05,0.002669204492121935,0.1554347276687622,-0.097291961312294,-0.4703521728515625,2.4184417724609375,1.5285090208053589,1.5179076194763184,2.6649069786071777,2.5318360328674316,0.6775514363616021,0.6550259590148926,0.7392456531524658,0.9990720748901367,0.9995734095573425,0.9994962811470032,0.6904645562171936,0.11825545877218246,0.031319644302129745,0.0016152997268363833,0.24271726608276367,0.2609826326370239,-0.025977766141295433,-0.7699540853500366,8.931740760803223,4.329628944396973,92.05078125,23.41166877746582,23.323745727539062,97.59105682373047,101.2881851196289,47.24209976196289,86.45767974853516,83.30801391601562,56.79345703125,62.74077224731445,4.405210494995117,3.539415121078491,4.4640092849731445,4.042901039123535,4.050930976867676,4.409385681152344,4.698870658874512,4.420729637145996,5.1570820808410645,4.711129188537598,4.3899664878845215,4.376806735992432
103,7.240772247314453,1.3731012344360352,1.3791733980178833,7.850788593292236,9.654241561889648,7.239294983664238,0.10213690996170044,0.9998220801353455,0.9994084239006042,0.9997057318687439,0.9997305274009705,0.9999963045120239,0.004527056124061346,0.001409349380992353,4.755318150273524e-05,0.002819173038005829,0.10643890500068665,-0.09490615129470825,-0.5005521774291992,1.939397931098938,1.3627022504806519,1.3256001472473145,1.9203993082046509,1.9947704076766968,0.4855538647212672,0.6294888257980347,0.8313224911689758,0.999961793422699,0.9996263980865479,0.999299168586731,0.8083270788192749,0.11934484541416168,0.03127873316407204,0.00232460699044168,0.2580588459968567,0.8235094547271729,0.1266583353281021,-0.5369318127632141,10.237444877624512,4.484213829040527,92.75528717041016,15.562195777893066,37.50107192993164,102.03372192382812,95.12277221679688,61.371238708496094,96.6224365234375,67.737060546875,58.342742919921875,61.27385330200195,4.4258036613464355,3.5676145553588867,4.475616931915283,3.7762978076934814,4.0753045082092285,4.430143356323242,4.7434587478637695,4.427436828613281,5.1702470779418945,4.714749813079834,4.380667209625244,4.362054347991943
104,6.440232753753662,1.3895378112792969,1.3983794450759888,6.961380958557129,7.94723653793335,6.439646286721248,0.10206708312034607,0.999920666217804,0.999769389629364,0.9998043179512024,0.9997717142105103,0.9999971389770508,0.004606840666383505,0.001401314395479858,5.210882591200061e-05,0.004142755176872015,0.12240291386842728,-0.09097791463136673,-0.5084818601608276,2.225341320037842,1.4356414079666138,1.4001383781433105,2.149787664413452,2.2855498790740967,0.7147265196426327,0.6903465986251831,0.878631055355072,0.9994686841964722,0.999553382396698,0.9994844198226929,0.8646872043609619,0.08729366213083267,0.022355465218424797,0.0017953371861949563,0.28098949790000916,0.4231775104999542,0.025589540600776672,-0.7316850423812866,10.350751876831055,4.503648281097412,88.56560516357422,17.68739128112793,22.236103057861328,93.16787719726562,91.10645294189453,30.114166259765625,88.19801330566406,79.4124755859375,52.53425216674805,58.227840423583984,4.483947277069092,3.6050479412078857,4.512006759643555,3.7842655181884766,4.118625164031982,4.461214542388916,4.795262813568115,4.4465107917785645,5.202576160430908,4.741981029510498,4.4151434898376465,4.385529041290283
105,6.1000213623046875,1.4349234104156494,1.4180703163146973,6.119481086730957,7.24149751663208,6.099495875415758,0.10997368395328522,0.9999253153800964,0.9999943971633911,0.9996874332427979,0.9997219443321228,0.999997079372406,0.0043248082511126995,0.0013460138579830527,5.678101661032997e-05,0.006015002727508545,0.13292081654071808,-0.08888234198093414,-0.4805855453014374,2.03791880607605,1.31332266330719,1.133710503578186,1.6571909189224243,2.0835204124450684,2.037560407170835,0.6272477507591248,0.9996016025543213,0.9997154474258423,0.9994831681251526,0.9990298748016357,0.9996274709701538,0.05349959805607796,0.012764220125973225,0.0021875970996916294,0.25971946120262146,0.4317469596862793,0.04748786985874176,-0.7594678401947021,36.28923416137695,2.1456329822540283,77.02427673339844,42.61977767944336,19.353540420532227,76.55194091796875,91.51844787597656,8.648005485534668,80.031005859375,90.7591323852539,52.49410629272461,55.62968826293945,4.521435260772705,3.433641195297241,4.53555154800415,3.843060255050659,4.096765518188477,4.481441497802734,4.814713001251221,4.444356918334961,5.226032257080078,4.7583184242248535,4.415531635284424,4.383639335632324
106,6.000251770019531,1.5220985412597656,1.4644951820373535,5.501046180725098,6.8889241218566895,5.999980056682816,0.11165207624435425,0.9999594688415527,0.9999963045120239,0.9998290538787842,0.9997274279594421,0.9999977946281433,0.0039844512939453125,0.0012242088560014963,6.18843623669818e-05,0.0067559960298240185,0.14842310547828674,-0.08760202676057816,-0.44566434621810913,2.1935157775878906,1.3375165462493896,1.0593749284744263,1.698452353477478,2.2343926429748535,2.1933803231834967,0.5558928847312927,0.9996708631515503,0.999899685382843,0.9997165203094482,0.999282717704773,0.9996862411499023,0.029442256316542625,0.006765556987375021,0.0019391438690945506,0.18755212426185608,0.5518872737884521,0.019204508513212204,-0.6864177584648132,48.023311614990234,3.3609349727630615,44.30814743041992,61.27227783203125,24.376773834228516,67.92304229736328,71.69415283203125,5.616296768188477,65.47677612304688,81.7802505493164,47.38319396972656,49.32796096801758,4.577390670776367,3.396463394165039,4.551039695739746,3.908453941345215,4.095880508422852,4.48216438293457,4.851830005645752,4.459463596343994,5.246179103851318,4.768975734710693,4.433784484863281,4.400638580322266
107,7.034023761749268,1.4713711738586426,1.4318066835403442,6.576758861541748,8.419548034667969,7.033475599376025,0.10855259746313095,0.9999316334724426,0.999977171421051,0.9997368454933167,0.9997657537460327,0.999997615814209,0.0036441688425838947,0.00119687058031559,5.428658550954424e-05,0.004331197123974562,0.14455655217170715,-0.09489186853170395,-0.4356909990310669,1.9151787757873535,1.5642040967941284,1.314985990524292,2.052288770675659,1.9200334548950195,1.9151489406096556,0.4879303276538849,0.9999750256538391,0.9999597668647766,0.9996615052223206,0.9993463158607483,0.9999967217445374,0.026438061147928238,0.010105504654347897,0.0017511503538116813,0.1932017058134079,0.3606852889060974,0.06142808869481087,-0.8265542387962341,66.78610229492188,9.246849060058594,11.378361701965332,66.69296264648438,45.39656448364258,22.903087615966797,68.8264389038086,61.12791061401367,74.35563659667969,64.79588317871094,49.15098190307617,48.47903060913086,4.590266227722168,3.440030574798584,4.521798133850098,3.8914108276367188,4.100703716278076,4.437983512878418,4.8415608406066895,4.448490142822266,5.219870567321777,4.746468544006348,4.423858165740967,4.405548572540283
108,7.153829574584961,1.2618731260299683,1.2611517906188965,7.32668399810791,8.856607437133789,7.1528433313471025,0.10517551749944687,0.9998569488525391,0.999675989151001,0.999748945236206,0.999733030796051,0.999932587146759,0.0035915349144488573,0.0013104629470035434,5.178881110623479e-05,0.004862211644649506,0.15410788357257843,-0.09482480585575104,-0.3922026753425598,1.482696771621704,0.9091043472290039,0.8692706227302551,1.744908332824707,1.5025076866149902,1.4826480064100165,0.448619544506073,0.9999603629112244,0.9998251795768738,0.9996140599250793,0.9992733001708984,0.9999963045120239,0.06865764409303665,0.027680588886141777,0.0023122781421989202,0.24188239872455597,0.47214820981025696,0.20168638229370117,-0.8440204858779907,79.02985382080078,28.650678634643555,11.539596557617188,77.8691635131836,66.07231140136719,16.66794204711914,64.20849609375,75.34886169433594,76.41724395751953,71.76935577392578,56.75735092163086,51.573570251464844,4.608582496643066,3.4836630821228027,4.396125793457031,3.8846077919006348,4.085504055023193,4.312387466430664,4.825952529907227,4.410120487213135,5.180937767028809,4.69057559967041,4.387845516204834,4.369564056396484
109,7.30491828918457,1.1481539011001587,1.176961064338684,7.438912391662598,9.209966659545898,7.303584179650553,0.10229039937257767,0.9998147487640381,0.9999987483024597,0.9997471570968628,0.9997698068618774,0.9998198747634888,0.003530709072947502,0.001352390507236123,5.138768028700724e-05,0.004194892942905426,0.1684262454509735,-0.09454013407230377,-0.35648515820503235,1.8010997772216797,1.2203255891799927,1.0406938791275024,1.6672182083129883,1.8376514911651611,1.8010118952863414,0.3888539969921112,0.9998650550842285,0.9999963641166687,0.9996808767318726,0.9992817044258118,0.9998971819877625,0.04238308221101761,0.017569055780768394,0.00212678755633533,0.18517383933067322,0.4058033525943756,0.09618479758501053,-0.9074337482452393,63.417762756347656,29.278783798217773,10.773484230041504,66.50727081298828,61.14076232910156,51.71867752075195,26.83816146850586,68.76390075683594,69.20906066894531,57.93764877319336,50.55855178833008,47.42676544189453,4.6420440673828125,3.534081220626831,4.346312999725342,3.8944923877716064,4.080172538757324,4.3040771484375,4.8080949783325195,4.407761096954346,5.1749348640441895,4.662708759307861,4.385468006134033,4.367616653442383
110,8.276118278503418,1.1272820234298706,1.1631308794021606,7.786116600036621,11.316503524780273,8.274861218498542,0.09810706973075867,0.999870777130127,0.9997575879096985,0.99973464012146,0.9997450709342957,0.9999940395355225,0.0033686847891658545,0.0013303906889632344,4.9837824917631224e-05,0.0012139857280999422,0.17403626441955566,-0.09706880152225494,-0.3745795488357544,1.728788137435913,1.5312861204147339,1.2408736944198608,1.9455887079238892,1.7375342845916748,1.7287559147329272,0.4980768859386444,0.9998772740364075,0.9997481107711792,0.9997191429138184,0.9991901516914368,0.9998989701271057,0.0386643148958683,0.01442053634673357,0.0015528289368376136,0.18176694214344025,0.3814775347709656,0.09387898445129395,-0.86832594871521,25.463764190673828,21.292037963867188,52.48968505859375,52.58590316772461,65.09819793701172,62.093544006347656,10.32904052734375,74.76631164550781,65.6197738647461,18.291521072387695,44.802978515625,43.32652282714844,4.6331024169921875,3.56557297706604,4.351071357727051,3.9149329662323,4.087430000305176,4.3006510734558105,4.783260345458984,4.364281177520752,5.1504364013671875,4.603744029998779,4.375448226928711,4.364707946777344
111,9.347475051879883,1.259664535522461,1.2548139095306396,8.195775985717773,13.261932373046875,9.34706304394602,0.09441313147544861,0.9999111294746399,0.9999622702598572,0.9998583793640137,0.9997416734695435,0.9999552369117737,0.002943909028545022,0.0012338150991126895,4.849717879551463e-05,0.0018182935891672969,0.1682916283607483,-0.0994940996170044,-0.39607542753219604,2.7367138862609863,2.97674560546875,1.9237992763519287,2.7894551753997803,2.7503161430358887,2.736600337040416,0.5178644061088562,0.9999706149101257,0.9999507665634155,0.9998487830162048,0.9994725584983826,0.9999874830245972,0.012632100842893124,0.005889004096388817,0.0009778881212696433,0.13400299847126007,0.20054715871810913,-0.038604266941547394,-0.5745190382003784,4.728133678436279,11.43990421295166,54.85770034790039,27.47907066345215,44.48613357543945,52.577903747558594,23.33768081665039,60.11840057373047,52.849998474121094,27.245777130126953,35.91207504272461,37.98544692993164,4.607780933380127,3.6241774559020996,4.399885177612305,3.9739816188812256,4.122379302978516,4.340398788452148,4.796823024749756,4.375936508178711,5.183707237243652,4.624555587768555,4.40496301651001,4.399447917938232
112,10.182525634765625,1.4984534978866577,1.3845192193984985,8.339432716369629,14.359918594360352,10.181447580652172,0.09275557100772858,0.9997735023498535,0.9988275766372681,0.9998837113380432,0.9997446537017822,0.9998703598976135,0.002555274171754718,0.0011269256938248873,4.802650073543191e-05,0.002197001129388809,0.13115206360816956,-0.10195410996675491,-0.4152368903160095,2.680718183517456,3.353947401046753,2.010427713394165,2.7535653114318848,2.6870694160461426,2.6806337770737545,0.5656868815422058,0.9999681711196899,0.9999653697013855,0.9994182586669922,0.9992573261260986,0.9999966621398926,0.011908142827451229,0.004576103296130896,0.0009258370264433324,0.11953835934400558,0.16347768902778625,-0.03127164766192436,-0.5313143134117126,7.146954536437988,7.797303199768066,50.42026138305664,11.700034141540527,15.668658256530762,45.67045211791992,42.58866500854492,46.291316986083984,50.6243896484375,53.17336654663086,33.10813903808594,35.63942337036133,4.6498589515686035,3.6726582050323486,4.439515590667725,4.01223087310791,4.1527099609375,4.3643999099731445,4.838433265686035,4.388909816741943,5.205703258514404,4.645174503326416,4.436959743499756,4.434671401977539
113,9.89157772064209,1.869505763053894,1.553099513053894,7.933229923248291,12.663261413574219,9.890559664097811,0.09202238917350769,0.9998900890350342,0.9996890425682068,0.9998242259025574,0.9997656345367432,0.9999555945396423,0.002180815441533923,0.0010250804480165243,5.0385657232254744e-05,0.001991284778341651,0.1079888865351677,-0.10222715139389038,-0.4293482303619385,2.4210143089294434,2.840670108795166,1.9245294332504272,2.649878740310669,2.4222824573516846,2.4209504785274314,0.586005687713623,0.9999653697013855,0.9998925924301147,0.9996554255485535,0.9988679885864258,0.9999969601631165,0.014871894381940365,0.005256551783531904,0.0008487067534588277,0.09943463653326035,0.20759090781211853,-0.022019602358341217,-0.6188371181488037,16.41974449157715,7.179571628570557,42.595340728759766,9.044079780578613,6.564385890960693,45.974971771240234,47.618080139160156,35.3424186706543,47.36857223510742,55.40959930419922,31.351675033569336,33.58595275878906,4.700329303741455,3.719980478286743,4.473992347717285,4.038301944732666,4.170457363128662,4.382278919219971,4.874597072601318,4.398693561553955,5.234057426452637,4.661910533905029,4.465460300445557,4.461585521697998
114,9.355371475219727,2.413437604904175,1.760822057723999,7.629502773284912,11.055913925170898,9.354512030890328,0.09300564974546432,0.9999215602874756,0.9999162554740906,0.9997330904006958,0.9997791647911072,0.9999945163726807,0.001818718621507287,0.0009222939843311906,5.255801443126984e-05,0.0027885809540748596,0.10314986109733582,-0.10176653414964676,-0.43876057863235474,2.4949634075164795,3.1611621379852295,2.1512553691864014,2.570774555206299,2.4981777667999268,2.4948701815893046,0.615451991558075,0.9999472498893738,0.9999798536300659,0.9997119307518005,0.9983392953872681,0.9999935626983643,0.016166681423783302,0.004719788674265146,0.0007859334582462907,0.08342995494604111,0.2720823287963867,-0.03534160926938057,-0.5085080862045288,19.838680267333984,3.7716264724731445,36.38532257080078,17.916542053222656,5.990966796875,37.59817123413086,50.56459045410156,16.678190231323242,45.09588623046875,58.23434829711914,29.207433700561523,31.833988189697266,4.758103370666504,3.7127668857574463,4.508861064910889,4.094768524169922,4.18209171295166,4.407354354858398,4.9023847579956055,4.407238483428955,5.264298439025879,4.675101280212402,4.491297245025635,4.485130310058594
115,9.180376052856445,2.858571767807007,1.9104918241500854,7.654397010803223,10.536391258239746,9.179385666779682,0.09486623853445053,0.9999058842658997,0.9988479018211365,0.9997628927230835,0.9997498989105225,0.9999960660934448,0.0016648949822410941,0.0008513141656294465,5.3327938076108694e-05,0.0031050832476466894,0.12728464603424072,-0.10199926048517227,-0.4225914776325226,2.779352903366089,2.7086782455444336,1.920411229133606,2.517746686935425,2.826383590698242,2.7790313519869216,0.6036767363548279,0.9998749494552612,0.9997467398643494,0.9997639060020447,0.9985721707344055,0.9999248385429382,0.019110290333628654,0.005271252244710922,0.000787839584518224,0.09845363348722458,0.39847052097320557,-0.045975711196660995,-0.5654726028442383,28.51024055480957,3.818455696105957,19.678497314453125,29.12032127380371,10.885611534118652,36.160099029541016,49.71977233886719,7.826284885406494,44.614540100097656,57.09345626831055,28.742727279663086,31.59139633178711,4.811203956604004,3.70086932182312,4.532243728637695,4.144021511077881,4.181042671203613,4.4417948722839355,4.938033103942871,4.420663356781006,5.295778751373291,4.695862293243408,4.516151428222656,4.509751796722412
116,8.928288459777832,3.043344497680664,1.9336656332015991,7.612181186676025,10.195294380187988,8.927492736204437,0.09342126548290253,0.999922513961792,0.999916136264801,0.9996961951255798,0.9997085928916931,0.9999963641166687,0.00161756353918463,0.0008597164414823055,5.3782550821779296e-05,0.004568364005535841,0.13073678314685822,-0.10145378112792969,-0.37874898314476013,2.041240930557251,2.007463216781616,1.4006447792053223,1.8642518520355225,2.0736348628997803,2.0411141004100433,0.5651054382324219,0.999870777130127,0.9997830986976624,0.9997012615203857,0.9990068674087524,0.9999114871025085,0.025087226182222366,0.009473324753344059,0.001246720552444458,0.12250766903162003,0.3216465413570404,0.031846337020397186,-0.6870104074478149,40.287696838378906,5.707982540130615,10.225619316101074,34.11780548095703,30.417776107788086,48.17507553100586,55.71297836303711,5.8241705894470215,49.24574279785156,56.01070022583008,33.57255554199219,34.6300048828125,4.819065570831299,3.7391529083251953,4.527549743652344,4.128190040588379,4.191924571990967,4.4705491065979,4.9314494132995605,4.411332607269287,5.302188873291016,4.687469959259033,4.52088737487793,4.512357711791992
117,7.895723342895508,3.086338996887207,1.8984346389770508,6.999683856964111,8.812788963317871,7.89508793771415,0.09138774126768112,0.9999178647994995,0.9999309182167053,0.9998273253440857,0.999761164188385,0.9999461770057678,0.0016614313935860991,0.0009035129332914948,5.641657844535075e-05,0.004865565802901983,0.13900494575500488,-0.09763461351394653,-0.3423426151275635,1.8404152393341064,1.868978500366211,1.3225501775741577,1.7293641567230225,1.8669935464859009,1.8406174560415136,0.5490899085998535,0.998464822769165,0.9998998045921326,0.9995346665382385,0.9990299940109253,0.9983775615692139,0.0335492305457592,0.013894683681428432,0.0014986083842813969,0.14236114919185638,0.363095223903656,0.05806148424744606,-0.7290464639663696,46.91115188598633,5.824260234832764,7.843286991119385,40.2260856628418,42.00642013549805,52.13734436035156,60.27418518066406,7.448493480682373,52.065162658691406,52.478267669677734,36.721466064453125,36.810157775878906,4.81876802444458,3.7755701541900635,4.52512788772583,4.109938144683838,4.214202404022217,4.493380069732666,4.907804012298584,4.412782669067383,5.30551815032959,4.6772894859313965,4.524037837982178,4.506888389587402
118,7.946614742279053,3.1630518436431885,1.9269243478775024,6.59867525100708,8.913609504699707,7.946189187157687,0.09764879196882248,0.9999534487724304,0.9999926686286926,0.9998140931129456,0.9997590780258179,0.9999962449073792,0.0016497051110491157,0.000818663218524307,5.810512448078953e-05,0.0036745667457580566,0.14180167019367218,-0.09784720093011856,-0.3573797941207886,2.533862352371216,1.7614271640777588,1.442171573638916,1.9086558818817139,2.6198580265045166,2.5054517514471177,0.5475671291351318,0.9816945195198059,0.9995932579040527,0.9997938275337219,0.9985198378562927,0.9795370697975159,0.029817646369338036,0.00627203518524766,0.0011028272565454245,0.11515244096517563,0.29144108295440674,-0.0053232088685035706,-0.7663323283195496,19.884233474731445,2.562694787979126,26.718053817749023,27.267993927001953,52.48384094238281,49.2534065246582,51.62434387207031,8.60315990447998,49.051246643066406,29.393856048583984,31.684284210205078,33.601200103759766,4.8579206466674805,3.637294054031372,4.550834655761719,4.157755374908447,4.212233543395996,4.51083517074585,4.929135322570801,4.4123382568359375,5.315165042877197,4.664400100708008,4.524791240692139,4.510737419128418
119,7.754507064819336,3.06350040435791,1.8944803476333618,6.190615653991699,8.733922958374023,7.753940664457441,0.1005021259188652,0.9999327063560486,0.9999511241912842,0.9997700452804565,0.999699056148529,0.9999858736991882,0.001685059629380703,0.0008123010629788041,6.107809895183891e-05,0.004126014653593302,0.1492893248796463,-0.09672008454799652,-0.39215409755706787,1.893769383430481,1.6015512943267822,1.4292175769805908,1.9057494401931763,1.9129737615585327,1.8939992292547896,0.5546244978904724,0.9932212233543396,0.9996129870414734,0.999648928642273,0.9987325668334961,0.992733359336853,0.03617158159613609,0.010289396159350872,0.0014211212983354926,0.0928330272436142,0.38801321387290955,0.05935174599289894,-0.8179849982261658,20.381481170654297,3.342198610305786,53.36798858642578,26.96701431274414,59.96326446533203,50.86903762817383,59.3096923828125,24.27037811279297,53.372154235839844,11.637632369995117,36.34808349609375,36.754730224609375,4.873513698577881,3.5823514461517334,4.55838680267334,4.172177791595459,4.189228057861328,4.509474277496338,4.917332649230957,4.382185935974121,5.3100690841674805,4.673683166503906,4.51684045791626,4.502312183380127
120,7.8758721351623535,3.359320878982544,2.0014286041259766,6.284121990203857,8.808181762695312,7.876117733480781,0.09863787889480591,0.9999289512634277,0.9995474219322205,0.9998022317886353,0.9997347593307495,0.9999791383743286,0.001589969382621348,0.000775077089201659,6.0837483033537865e-05,0.004851813893765211,0.1464846432209015,-0.09718626737594604,-0.3992895483970642,2.878757953643799,2.985097885131836,2.142345428466797,2.480290651321411,2.916227340698242,2.854794061967346,0.5643180012702942,0.986994743347168,0.9995294809341431,0.9997515678405762,0.9989407658576965,0.9860034584999084,0.01770317554473877,0.005570863839238882,0.0008715600124560297,0.07377414405345917,0.21142835915088654,-0.018225986510515213,-0.8212469816207886,17.566192626953125,4.123114109039307,52.31119155883789,23.066856384277344,31.934587478637695,25.797626495361328,58.54446792602539,10.705745697021484,53.86925506591797,39.41426467895508,31.73333168029785,34.419925689697266,4.878265857696533,3.6175549030303955,4.5852742195129395,4.175731658935547,4.222484111785889,4.5310845375061035,4.924893379211426,4.408002853393555,5.320863246917725,4.701974391937256,4.5366129875183105,4.5223212242126465
121,7.592015266418457,3.5647149085998535,2.062432050704956,6.283121585845947,8.361644744873047,7.591744031338866,0.09887873381376266,0.9999648928642273,1.0,0.9998726844787598,0.9997170567512512,0.9999963641166687,0.0015967747895047069,0.0007797247963026166,6.081455649109557e-05,0.0045289392583072186,0.14142602682113647,-0.09609821438789368,-0.4703356623649597,2.419297218322754,2.189448356628418,1.7849949598312378,2.368151903152466,2.440971612930298,2.4190527600901204,0.6308809518814087,0.9998818039894104,0.9999319314956665,0.999631941318512,0.9985416531562805,0.9999247789382935,0.023756135255098343,0.008834918960928917,0.0009839459089562297,0.11556416004896164,0.3448221683502197,0.022709086537361145,-0.86723792552948,16.001806259155273,3.8568432331085205,53.095272064208984,24.239355087280273,18.513620376586914,22.34764289855957,62.18397521972656,16.525760650634766,59.09774398803711,60.66648864746094,33.65285110473633,36.772743225097656,4.885643005371094,3.6267249584198,4.605010032653809,4.1575469970703125,4.217920780181885,4.545757293701172,4.935192584991455,4.421692848205566,5.319134712219238,4.723596572875977,4.543822288513184,4.526879787445068
122,8.311241149902344,3.576716899871826,2.0760345458984375,6.8120832443237305,9.370305061340332,8.310760870482586,0.09570436924695969,0.9999489188194275,0.9999092221260071,0.9998149871826172,0.9997437596321106,0.999995231628418,0.0015966783976182342,0.0008462595869787037,5.666963988915086e-05,0.0029889759607613087,0.1260906457901001,-0.09888041764497757,-0.4477856457233429,2.209226369857788,1.5251771211624146,1.4005616903305054,2.174722671508789,2.245945453643799,2.2091181658734222,0.7270904779434204,0.9999309182167053,0.9986411333084106,0.9995549917221069,0.9989326596260071,0.9999863505363464,0.03772084787487984,0.013546961359679699,0.001211848808452487,0.17609135806560516,0.3727945387363434,0.01089541893452406,-0.7516389489173889,1.5462861061096191,6.496045112609863,53.2750129699707,18.7072811126709,10.221738815307617,56.84792709350586,62.81074523925781,15.508363723754883,54.746665954589844,72.599853515625,35.27599334716797,39.7338981628418,4.531345367431641,3.673985004425049,4.601335048675537,4.137923717498779,4.19190788269043,4.551280498504639,4.944417476654053,4.417665004730225,5.328527927398682,4.72727632522583,4.510566234588623,4.498730182647705
123,8.107647895812988,3.3658087253570557,1.978680968284607,6.94070291519165,9.20650577545166,8.10687825067161,0.10075458884239197,0.9999169707298279,0.9997974634170532,0.9996660947799683,0.9997685551643372,0.9999955296516418,0.0017341942293569446,0.0009701032540760934,5.616627822746523e-05,0.0035970823373645544,0.141679584980011,-0.09896183013916016,-0.4107677638530731,1.9364855289459229,1.3994746208190918,1.2594550848007202,1.876051902770996,1.9834872484207153,1.9362231907890965,0.7291000485420227,0.9933308959007263,0.9999182820320129,0.9991926550865173,0.9981739521026611,0.9926940202713013,0.05885278061032295,0.021389512345194817,0.0016101703513413668,0.16764241456985474,0.503387987613678,0.05396747216582298,-0.9296924471855164,1.1111024618148804,3.5902516841888428,52.2777214050293,28.808391571044922,6.444549083709717,72.79623413085938,70.97026062011719,23.38558006286621,64.3536605834961,77.75208282470703,40.148983001708984,44.148292541503906,4.168210506439209,3.6534457206726074,4.5920538902282715,4.130146026611328,4.146505355834961,4.544629096984863,4.94697380065918,4.404211044311523,5.324922561645508,4.717401504516602,4.462850093841553,4.451711177825928
124,7.429919719696045,3.2053303718566895,1.9426980018615723,6.68388557434082,8.302382469177246,7.429435668540246,0.10678499191999435,0.9999418258666992,0.999990701675415,0.999742865562439,0.9997531175613403,0.9999959468841553,0.0018989775562658906,0.0010490070562809706,5.834854891872965e-05,0.0029506199061870575,0.18088069558143616,-0.09747068583965302,-0.41990965604782104,2.19950008392334,1.736694574356079,1.5938364267349243,2.1959452629089355,2.2538034915924072,2.1529628897592072,0.8327064514160156,0.9700936675071716,0.9999982714653015,0.9996334314346313,0.9990371465682983,0.9662184715270996,0.06347161531448364,0.020847992971539497,0.001202068175189197,0.11752816289663315,0.5910779237747192,-0.006191115826368332,-0.628396213054657,1.3393962383270264,6.469576835632324,24.65225601196289,20.510847091674805,4.9753313064575195,71.69316101074219,66.75757598876953,18.29079246520996,63.94369888305664,86.04669189453125,36.467933654785156,43.20064926147461,3.875967025756836,3.7026100158691406,4.6011962890625,4.163618564605713,4.112371921539307,4.549964904785156,4.969022274017334,4.41392707824707,5.343189239501953,4.708812236785889,4.444068431854248,4.4293951988220215
125,7.360225677490234,3.173555612564087,1.9584821462631226,6.911238670349121,8.213329315185547,7.3600153077936,0.10546518117189407,0.9999251365661621,0.9992884993553162,0.9997817277908325,0.9997429251670837,0.9999847412109375,0.0019371494418010116,0.0010899087646976113,5.739609696320258e-05,0.003157480852678418,0.17892871797084808,-0.09703987836837769,-0.42304855585098267,2.4427688121795654,1.9783613681793213,1.8169611692428589,2.344924211502075,2.514394521713257,1.6875684708524121,0.8744160532951355,0.8481813073158264,0.9995428323745728,0.9995638728141785,0.9989372491836548,0.8242380619049072,0.06361948698759079,0.020661454647779465,0.0010638288222253323,0.14808791875839233,0.3806704580783844,-0.005016475450247526,-0.6790550947189331,4.818705081939697,4.4563469886779785,6.703103542327881,24.965038299560547,8.528295516967773,77.957763671875,56.76677322387695,17.4043025970459,63.20189666748047,84.69123077392578,34.94934844970703,42.96535110473633,3.9286949634552,3.7328147888183594,4.62434196472168,4.142789840698242,4.1089067459106445,4.56868839263916,4.977779865264893,4.427732467651367,5.355041027069092,4.719057083129883,4.458584785461426,4.442497253417969
126,7.48958683013916,3.1042473316192627,1.984699010848999,7.216001987457275,8.40841293334961,7.489086875587914,0.10326149314641953,0.9999400973320007,1.0,0.9997283220291138,0.9997696280479431,0.9999975562095642,0.0019559289794415236,0.001104223309084773,5.503543798113242e-05,0.004547376185655594,0.17153504490852356,-0.097017802298069,-0.4139246344566345,2.6831259727478027,2.131918430328369,2.007589101791382,2.3975768089294434,2.7831881046295166,0.6110122790550337,0.8786914944648743,0.7438689470291138,0.9998963475227356,0.9996829628944397,0.9992814064025879,0.6947540640830994,0.06412681192159653,0.020208464935421944,0.0010238842805847526,0.1047370657324791,0.2298922836780548,-0.0287646297365427,-0.5553238391876221,12.69084644317627,3.9122378826141357,8.426139831542969,18.670732498168945,13.752453804016113,84.574462890625,34.84130859375,16.663700103759766,68.88075256347656,84.7720718383789,34.71847152709961,43.30727005004883,4.04121208190918,3.7313361167907715,4.644519805908203,4.149918556213379,4.124540328979492,4.5818400382995605,4.977165699005127,4.4348978996276855,5.3719587326049805,4.743900775909424,4.480129241943359,4.464334011077881
127,8.263776779174805,2.9387924671173096,1.9657707214355469,7.853381156921387,9.638558387756348,8.262729091382012,0.11224041134119034,0.9998750686645508,0.9993375539779663,0.9996442794799805,0.9997405409812927,0.9999834895133972,0.002047240734100342,0.001096170162782073,5.047600279795006e-05,0.004009790252894163,0.1536080688238144,-0.10054082423448563,-0.3924970030784607,2.4399116039276123,1.9468103647232056,1.862955927848816,2.5218939781188965,2.499871253967285,0.827040629318709,0.8673906326293945,0.802914023399353,0.9999793171882629,0.9995604157447815,0.9987524747848511,0.7745322585105896,0.06743442267179489,0.019147634506225586,0.0010950956493616104,0.17714248597621918,0.5555702447891235,-0.014881757088005543,-0.5958702564239502,11.37385368347168,1.7385828495025635,58.89501190185547,13.12356948852539,26.38055992126465,81.3495864868164,9.750116348266602,6.98142671585083,64.70398712158203,84.53501892089844,35.883174896240234,43.95274353027344,4.129429817199707,3.5212936401367188,4.6415910720825195,4.068859577178955,4.113373756408691,4.593535900115967,4.97142219543457,4.448981285095215,5.3778300285339355,4.760982036590576,4.4627299308776855,4.458229064941406
128,8.623245239257812,2.8668782711029053,1.9588772058486938,8.0166597366333,10.30518627166748,8.623000929252619,0.12564507126808167,0.9997968077659607,0.9999701976776123,0.9997268319129944,0.999695360660553,0.9998193383216858,0.002167369471862912,0.0010598785011097789,4.854822327615693e-05,0.0038834691513329744,0.15408915281295776,-0.1018822193145752,-0.36390870809555054,2.587592124938965,2.0721850395202637,1.913651943206787,2.4906485080718994,2.6586127281188965,1.4190101340741124,0.8851543664932251,0.8464637994766235,0.9996917247772217,0.9993823170661926,0.9981629252433777,0.8240572214126587,0.06471022963523865,0.01712839864194393,0.0011018709046766162,0.16378220915794373,0.3102415204048157,-0.04009798541665077,-0.6010949611663818,13.372485160827637,0.9623159766197205,60.835208892822266,17.099185943603516,22.575084686279297,83.6640396118164,12.512651443481445,2.101051092147827,61.3802375793457,89.6988296508789,36.420108795166016,45.368167877197266,4.223494052886963,3.2590715885162354,4.658183574676514,4.089018821716309,4.126478672027588,4.61136531829834,4.981321811676025,4.1989922523498535,5.388256072998047,4.771374225616455,4.430755615234375,4.4358649253845215
129,8.804134368896484,2.8607327938079834,1.980744481086731,7.912317276000977,10.646405220031738,8.803715415762403,0.12940220534801483,0.9997788667678833,0.9999771118164062,0.9998212456703186,0.9997311234474182,0.9997514486312866,0.0021238408517092466,0.0010311569785699248,4.83517324028071e-05,0.0036736601032316685,0.155092254281044,-0.10204620659351349,-0.33627229928970337,2.5678601264953613,2.1524856090545654,1.942215919494629,2.4462344646453857,2.619704246520996,1.4908707861284296,0.846012532711029,0.8812186121940613,0.999857485294342,0.9994919300079346,0.9993597269058228,0.8671842217445374,0.05120214447379112,0.014706549234688282,0.001064699376001954,0.058442093431949615,0.33390986919403076,-0.02977970987558365,-0.7402220964431763,9.686617851257324,3.258388042449951,51.72001647949219,28.966690063476562,25.269624710083008,80.39862823486328,13.59181022644043,2.2815537452697754,53.07965087890625,93.21930694580078,36.1472282409668,44.1203727722168,4.304411888122559,3.2320609092712402,4.672103404998779,4.12869930267334,4.1481475830078125,4.625878810882568,4.996943473815918,3.9865236282348633,5.394413471221924,4.767141342163086,4.425632476806641,4.434021949768066
130,8.966756820678711,3.042847156524658,2.0853662490844727,7.824053764343262,10.719588279724121,8.966231614850608,0.12891793251037598,0.9999486804008484,0.999998927116394,0.999850332736969,0.9997351169586182,0.9999954700469971,0.002001788467168808,0.0009491494856774807,4.849373362958431e-05,0.003581507131457329,0.1753258854150772,-0.10170421004295349,-0.3362600803375244,2.9532055854797363,2.5446181297302246,2.191880941390991,2.654059648513794,3.0017521381378174,2.5317486522871344,0.8547539114952087,0.9070638418197632,0.9999270439147949,0.999622106552124,0.9991104602813721,0.8985690474510193,0.032360952347517014,0.009021738544106483,0.0008894780767150223,0.07514005899429321,0.3609158992767334,-0.049538224935531616,-0.5239508152008057,5.394285202026367,3.4222166538238525,28.355226516723633,36.16754150390625,16.517616271972656,77.2000503540039,26.92497444152832,4.19285774230957,43.854774475097656,88.86865234375,33.089820861816406,41.23082733154297,4.393911838531494,3.2332489490509033,4.689033508300781,4.174652576446533,4.181760787963867,4.644767761230469,5.024746417999268,3.9869933128356934,5.404079914093018,4.7853779792785645,4.451857566833496,4.461042881011963
131,8.94868278503418,3.2467823028564453,2.2231202125549316,7.985574245452881,10.410916328430176,8.948321447870304,0.12437982857227325,0.9999296069145203,0.9999074935913086,0.9997957944869995,0.9997372031211853,0.9999831914901733,0.0019018732709810138,0.00091515202075243,4.766404890688136e-05,0.003208056790754199,0.19703353941440582,-0.10093523561954498,-0.32209306955337524,2.9205121994018555,2.5685219764709473,2.237685441970825,2.683619499206543,2.9444756507873535,2.856173408804146,0.9008359313011169,0.9720922708511353,0.9999680519104004,0.999611496925354,0.9993029832839966,0.9705831408500671,0.02743014134466648,0.00823860615491867,0.0009949739323928952,0.13945473730564117,0.4264434278011322,-0.050446975976228714,-0.513710618019104,3.790623188018799,6.5671796798706055,12.262836456298828,22.75438117980957,8.646158218383789,79.602294921875,52.750892639160156,9.01990032196045,59.968753814697266,88.31110382080078,34.36741256713867,43.761592864990234,4.312163829803467,3.331226348876953,4.704663276672363,4.192229270935059,4.208860874176025,4.6749958992004395,5.045750141143799,4.040061950683594,5.420071125030518,4.806386947631836,4.473641395568848,4.480226039886475
132,9.151776313781738,3.20139479637146,2.2556231021881104,8.084685325622559,10.648430824279785,9.151266029904393,0.12531982362270355,0.9999250769615173,0.9994240999221802,0.9998094439506531,0.9997225999832153,0.9999961853027344,0.0020005423575639725,0.0009234174503944814,4.727894702227786e-05,0.0045514279045164585,0.18228474259376526,-0.10205340385437012,-0.39178740978240967,2.613417148590088,2.293693780899048,2.079305410385132,2.48591685295105,2.632633924484253,2.611582405260836,0.8104972839355469,0.9995803236961365,0.9989564418792725,0.9995746612548828,0.9985097050666809,0.9996078014373779,0.038671694695949554,0.009045382961630821,0.001196546945720911,0.12213563919067383,0.25914713740348816,-0.03286922350525856,-0.9010705947875977,1.3194113969802856,6.4110541343688965,30.962121963500977,11.621918678283691,27.291080474853516,96.75251007080078,66.44451141357422,24.76542854309082,79.63522338867188,33.02328872680664,37.82265853881836,45.470550537109375,4.00439453125,3.415752410888672,4.710726261138916,4.221005916595459,4.155134201049805,4.690079212188721,5.06569242477417,4.0686798095703125,5.414175033569336,4.811992645263672,4.455763339996338,4.464045524597168
133,8.800705909729004,3.1316895484924316,2.2405357360839844,7.764379501342773,10.058852195739746,8.80023315345068,0.13230504095554352,0.9999359250068665,0.9998975396156311,0.9997617602348328,0.9997330904006958,0.999995231628418,0.0020835797768086195,0.0009107576915994287,4.845776129513979e-05,0.004283841233700514,0.1706560254096985,-0.10179729759693146,-0.47211354970932007,2.4257330894470215,1.8819941282272339,1.6909030675888062,2.404752254486084,2.4446163177490234,2.425575204035635,0.7953016757965088,0.9999234080314636,0.9993254542350769,0.9993688464164734,0.998698353767395,0.9999651312828064,0.039511457085609436,0.009485241025686264,0.0013368705986067653,0.13825006783008575,0.3366759419441223,0.006313833873718977,-0.9310612082481384,2.2044947147369385,3.306365728378296,35.5751838684082,9.961179733276367,37.93616485595703,89.36021423339844,79.39437103271484,33.46206283569336,87.97654724121094,24.08942413330078,40.32659912109375,47.63604736328125,3.801891326904297,3.388458013534546,4.720405101776123,4.208615303039551,4.119459629058838,4.701817512512207,5.086336135864258,4.085438251495361,5.412011623382568,4.809133529663086,4.433356761932373,4.4433979988098145
134,8.20106029510498,3.1423733234405518,2.3028786182403564,7.571569442749023,9.078400611877441,8.200966590043931,0.12774156033992767,0.9999476075172424,0.9999662041664124,0.9997716546058655,0.9997645020484924,0.9999909400939941,0.0020451375748962164,0.0008756870520301163,4.988833097741008e-05,0.0037241626996546984,0.15212368965148926,-0.09990611672401428,-0.5314072966575623,2.4991865158081055,1.6476867198944092,1.757648229598999,2.525881052017212,2.5139944553375244,2.4990618059810275,0.9113433957099915,0.9999222159385681,0.9996654987335205,0.9997565150260925,0.9989996552467346,0.9999422430992126,0.03920019418001175,0.008080199360847473,0.0012098446022719145,0.14338991045951843,0.2620202898979187,-0.032827965915203094,-0.8810256123542786,4.194033622741699,4.982287883758545,15.217199325561523,10.871767044067383,8.10852336883545,88.22731018066406,88.01387023925781,21.4614315032959,90.34905242919922,75.22579193115234,40.66512680053711,51.08155059814453,3.821214199066162,3.4715147018432617,4.727503299713135,4.235345363616943,4.145510196685791,4.7144036293029785,5.097311973571777,4.134206771850586,5.429913520812988,4.805778503417969,4.45827054977417,4.461452960968018
135,8.307716369628906,3.158222198486328,2.3497726917266846,7.702577114105225,9.126063346862793,8.307292030143655,0.1273566335439682,0.9999532103538513,0.9996008276939392,0.9998127818107605,0.9997646808624268,0.9999978542327881,0.001959635177627206,0.0008339268388226628,4.891607750323601e-05,0.0031530975829809904,0.1676030158996582,-0.10012586414813995,-0.5656158924102783,2.753817081451416,2.147491931915283,2.1617441177368164,2.91902756690979,2.761868715286255,2.7478744586968835,0.9266202449798584,0.9964312314987183,0.9998380541801453,0.9997493028640747,0.999056875705719,0.9963266849517822,0.0247179102152586,0.00699654221534729,0.0010184195125475526,0.09985613077878952,0.3302503526210785,-0.056374456733465195,-0.7534574270248413,4.543582916259766,3.0950350761413574,14.426867485046387,27.42519187927246,7.4834885597229,44.88850021362305,88.07866668701172,12.54385757446289,90.55477142333984,89.80860137939453,38.28485870361328,49.05978012084961,3.8786633014678955,3.42339825630188,4.743432521820068,4.2532057762146,4.175169467926025,4.71377420425415,5.114203453063965,4.181577205657959,5.427350997924805,4.810798645019531,4.4721574783325195,4.475970268249512
136,8.7713041305542,2.9892325401306152,2.298037052154541,8.138262748718262,9.762530326843262,8.770847815835065,0.12208759039640427,0.9999528527259827,0.9999986886978149,0.9997739195823669,0.9997783899307251,0.9999966621398926,0.0019392948597669601,0.0008473086054436862,4.6424614993156865e-05,0.0021652583964169025,0.20740768313407898,-0.10140945017337799,-0.5625778436660767,2.1747636795043945,1.821687936782837,1.7213054895401,2.4365110397338867,2.180760145187378,2.174624392226799,0.8938298225402832,0.9998642206192017,0.9999327659606934,0.999605119228363,0.9993761777877808,0.9998757839202881,0.03361726179718971,0.012899043969810009,0.0013569170841947198,0.07962334156036377,0.7304899096488953,0.0543363019824028,-0.8105363845825195,10.244596481323242,8.363325119018555,24.498817443847656,54.96975326538086,14.825450897216797,12.037455558776855,96.66476440429688,13.874445915222168,110.39187622070312,96.70399475097656,44.2574462890625,53.93164825439453,3.948535203933716,3.4649477005004883,4.715911388397217,4.22711181640625,4.093908309936523,4.715597629547119,5.094459533691406,4.2114481925964355,5.35630989074707,4.8259596824646,4.465419292449951,4.469621658325195
137,8.383993148803711,3.1581876277923584,2.408885955810547,8.001355171203613,9.103137969970703,8.383635393246731,0.12398965656757355,0.9999602437019348,0.9999290108680725,0.9997833967208862,0.9997377991676331,0.9999982714653015,0.0018363306298851967,0.0007981685339473188,4.7039444325491786e-05,0.003011090448126197,0.1959007978439331,-0.10013795644044876,-0.5592327117919922,2.972644090652466,2.5149974822998047,2.101486921310425,2.773467779159546,2.9884073734283447,2.9724279067571775,0.9647496342658997,0.9999048113822937,0.9993097186088562,0.9996515512466431,0.9990003108978271,0.9999261498451233,0.022045006975531578,0.00601789029315114,0.001071189297363162,0.1665356308221817,0.15996330976486206,-0.05718054249882698,-0.7379666566848755,3.721686840057373,3.1442105770111084,19.311023712158203,16.342390060424805,14.266855239868164,43.904720306396484,87.1991195678711,6.74272346496582,97.72078704833984,93.75665283203125,38.611019134521484,50.85029602050781,3.9170022010803223,3.4279348850250244,4.734760761260986,4.26691198348999,4.132420539855957,4.7229533195495605,5.103407382965088,4.255893230438232,5.371748924255371,4.84713077545166,4.478016376495361,4.4805474281311035
138,7.707797050476074,3.0822365283966064,2.424687385559082,7.364427089691162,8.241347312927246,7.707608578087415,0.12161041796207428,0.9999765157699585,0.9999724626541138,0.9998669028282166,0.9997907280921936,0.9999974966049194,0.0020033642649650574,0.0007681433344259858,4.944540705764666e-05,0.0032767050433903933,0.16391301155090332,-0.09794232994318008,-0.5382773280143738,2.4302685260772705,1.852817416191101,1.5305891036987305,1.9918166399002075,2.4547536373138428,2.4299971276530576,0.9514281749725342,0.9997309446334839,0.9999139308929443,0.9995818138122559,0.9990565776824951,0.9997500777244568,0.04270811006426811,0.0077841803431510925,0.0017134873196482658,0.1912430226802826,0.30791664123535156,-0.003709483193233609,-0.6896828413009644,4.178248405456543,4.119908332824707,28.483768463134766,8.749043464660645,17.035369873046875,103.43445587158203,68.71672821044922,6.034209728240967,106.62908935546875,102.9297103881836,45.03105545043945,57.480255126953125,3.9007456302642822,3.4797208309173584,4.737819194793701,4.284849166870117,4.157206058502197,4.7294416427612305,5.1174163818359375,4.2686052322387695,5.370797634124756,4.8387579917907715,4.488536357879639,4.484024524688721
139,7.501004219055176,3.137237787246704,2.4985384941101074,7.015040397644043,7.961345195770264,7.500813353587205,0.1220233216881752,0.9999756217002869,0.9999830722808838,0.9998461008071899,0.9997543096542358,0.9999983310699463,0.001973063452169299,0.000727556471247226,5.098981273476966e-05,0.0043073357082903385,0.15607903897762299,-0.09717247635126114,-0.5033073425292969,2.7126407623291016,1.8516992330551147,1.6132278442382812,2.115818738937378,2.7456390857696533,2.712011244779328,0.9248149991035461,0.9997281432151794,0.9993844032287598,0.9997486472129822,0.999138593673706,0.9997445344924927,0.03585699200630188,0.006177521776407957,0.0016428636154159904,0.17008163034915924,0.1903064101934433,-0.04830898344516754,-0.576372504234314,2.5871353149414062,5.185912132263184,20.029836654663086,18.663570404052734,28.151538848876953,105.09712219238281,48.524070739746094,9.606976509094238,101.07717895507812,110.10125732421875,44.902462005615234,57.38592529296875,3.7591300010681152,3.5573649406433105,4.740444183349609,4.30985689163208,4.194559097290039,4.749899864196777,5.122363090515137,4.30445671081543,5.391678333282471,4.81700325012207,4.494675636291504,4.488304615020752
140,8.144461631774902,3.262197256088257,2.6070759296417236,7.514255046844482,8.661534309387207,8.144263399739687,0.13800682127475739,0.9999773502349854,1.0,0.999862015247345,0.9997628927230835,0.9999982714653015,0.0017687593353912234,0.0006554556312039495,4.769559018313885e-05,0.004396268632262945,0.1551036536693573,-0.09995022416114807,-0.47506821155548096,2.827944755554199,2.092109203338623,1.991953730583191,2.546412944793701,2.845899820327759,2.7802452976082077,0.9688447713851929,0.9736375212669373,0.9997281432151794,0.9990738034248352,0.9972518086433411,0.9727206826210022,0.021748393774032593,0.0056709363125264645,0.0012672137236222625,0.16579602658748627,0.19162645936012268,-0.06651636213064194,-0.6446645259857178,3.368792772293091,0.3409503996372223,33.263092041015625,26.957910537719727,31.964738845825195,106.69560241699219,13.867630004882812,4.543490886688232,88.67240142822266,104.69703674316406,41.437164306640625,54.39467239379883,3.700864315032959,3.2327747344970703,4.743149757385254,4.35123872756958,4.2092604637146,4.756187915802002,5.118947982788086,4.3051300048828125,5.4022440910339355,4.810370445251465,4.463016986846924,4.471736431121826
141,9.071426391601562,3.4213719367980957,2.749985933303833,8.192428588867188,9.721975326538086,9.0710363007093,0.14636701345443726,0.9999614357948303,0.9997751116752625,0.999779462814331,0.9997385144233704,0.9999980926513672,0.0016093294834718108,0.0006189183332026005,4.4822700147051364e-05,0.00455905357375741,0.15738189220428467,-0.10284827649593353,-0.464664101600647,2.927511215209961,2.526000499725342,2.463876724243164,2.8750340938568115,2.9343864917755127,2.8998867481565926,0.9006947875022888,0.9883415699005127,0.9993336200714111,0.9994379281997681,0.9986625909805298,0.9880251884460449,0.015816137194633484,0.004923629108816385,0.0011761944042518735,0.12929262220859528,0.22946253418922424,-0.054368920624256134,-0.7304893732070923,1.4990991353988647,3.2640018463134766,50.141422271728516,32.534141540527344,32.018211364746094,111.46342468261719,10.306982040405273,8.008895874023438,74.4178695678711,94.41448211669922,41.806854248046875,53.24418258666992,3.4651834964752197,3.2119948863983154,4.725358486175537,4.384076118469238,4.209888935089111,4.755091667175293,5.112378120422363,4.339168548583984,5.398348331451416,4.832648754119873,4.443413734436035,4.463718414306641
142,10.955629348754883,3.5479753017425537,2.9144484996795654,9.402018547058105,12.04096508026123,10.954921135520067,0.13757489621639252,0.9999454021453857,0.9996345639228821,0.9997612237930298,0.9997431039810181,0.9999969005584717,0.0015576864825561643,0.0005853221518918872,4.0564056689618155e-05,0.004038623068481684,0.15730628371238708,-0.10519523173570633,-0.4827321171760559,3.367481231689453,3.2292981147766113,3.013775587081909,3.368584156036377,3.372084379196167,3.1157675607030098,0.9639739394187927,0.9095723628997803,0.9997978806495667,0.9997146725654602,0.9991047978401184,0.9069666862487793,0.012515452690422535,0.004111642017960548,0.0009174909791909158,0.09053819626569748,0.22256454825401306,-0.058447785675525665,-0.5597991943359375,7.298386573791504,4.890103340148926,32.23598098754883,36.96435546875,16.43511390686035,116.56153106689453,16.06083869934082,6.935131072998047,51.33327102661133,97.28546142578125,38.60001754760742,51.396095275878906,3.6241238117218018,3.2855570316314697,4.73702335357666,4.383303165435791,4.235462665557861,4.749088764190674,5.121541976928711,4.3735880851745605,5.414026260375977,4.841671466827393,4.476539134979248,4.499996662139893
143,11.019137382507324,3.733288526535034,3.033466100692749,9.65495777130127,12.000858306884766,11.01874625083117,0.13752496242523193,0.9999696016311646,0.9998764395713806,0.9998749494552612,0.9997434020042419,0.9999966025352478,0.001422354020178318,0.0005448739975690842,3.9725866372464225e-05,0.0041650733910501,0.21090222895145416,-0.10528814792633057,-0.5113255381584167,2.6819474697113037,2.4850411415100098,2.1947906017303467,2.4804179668426514,2.6899526119232178,2.6802393606529926,0.9939683675765991,0.9992383122444153,0.9996317625045776,0.9995959997177124,0.9989815950393677,0.9992379546165466,0.017353879287838936,0.005012200213968754,0.0014160122955217957,0.09634606540203094,0.6892250776290894,-0.028635431081056595,-0.7394826412200928,3.0487406253814697,4.7403645515441895,33.08369445800781,28.121074676513672,8.037880897521973,118.60249328613281,52.0777702331543,5.5920257568359375,64.24617004394531,130.00186157226562,44.75520706176758,59.12644577026367,3.556708335876465,3.3581032752990723,4.738388538360596,4.408515930175781,4.162770748138428,4.7612409591674805,5.116237163543701,4.391430377960205,5.418616771697998,4.843674182891846,4.4755682945251465,4.499204635620117
144,9.560569763183594,3.6370933055877686,3.0644659996032715,8.939515113830566,10.147772789001465,9.560226629000727,0.12851807475090027,0.9999691247940063,0.9997504353523254,0.9998208284378052,0.9997381567955017,0.9999982714653015,0.0015153939602896571,0.0005376506596803665,4.264100061845966e-05,0.0039051317144185305,0.2174953669309616,-0.10269960016012192,-0.5482300519943237,2.351145029067993,1.9266531467437744,1.8804125785827637,2.3230583667755127,2.3561184406280518,2.350540009871964,1.014262318611145,0.9994866847991943,0.9999202489852905,0.9996442794799805,0.9993757009506226,0.9994860887527466,0.035267677158117294,0.007789143826812506,0.001851355074904859,0.2047310322523117,0.3698785901069641,-0.0200592540204525,-0.7622520923614502,8.93416976928711,6.470867156982422,16.216899871826172,10.92884635925293,5.624885559082031,126.09683227539062,107.40624237060547,10.79773998260498,119.72534942626953,136.9807586669922,54.91826248168945,71.98167419433594,3.7240195274353027,3.4459640979766846,4.744809150695801,4.422302722930908,4.138678073883057,4.769979000091553,5.110617637634277,4.4023284912109375,5.4335198402404785,4.835322380065918,4.502754211425781,4.515156269073486
145,8.72653865814209,3.2069337368011475,2.7465529441833496,7.78760290145874,9.294471740722656,8.72617847321342,0.12687654793262482,0.9999614357948303,0.9999787211418152,0.9997169375419617,0.9997546076774597,0.9999977350234985,0.0017839822685346007,0.0005942729185335338,4.7328005166491494e-05,0.002979472279548645,0.20522183179855347,-0.10090991109609604,-0.5779964327812195,1.9254790544509888,1.4778023958206177,1.2661640644073486,1.836729884147644,1.938151240348816,1.9255090768810417,0.833494246006012,0.9999229311943054,0.9997196793556213,0.9996904134750366,0.9990972280502319,0.9999435544013977,0.07206624001264572,0.015184394083917141,0.0029869077261537313,0.2919219434261322,0.6184364557266235,0.14092572033405304,-0.7258326411247253,13.425681114196777,5.991732120513916,102.24371337890625,8.609564781188965,139.09910583496094,140.57850646972656,76.39610290527344,33.31736755371094,145.8857879638672,14.102533340454102,67.96501159667969,78.51966857910156,3.817061424255371,3.4729247093200684,4.719902992248535,4.115340232849121,4.113739490509033,4.756820201873779,5.081071376800537,4.363979816436768,5.420220375061035,4.793495178222656,4.465455532073975,4.471987247467041
146,8.144862174987793,3.137255907058716,2.7227723598480225,7.1426682472229,8.59577465057373,8.144569442185817,0.12764929234981537,0.9999659061431885,0.9993934631347656,0.9998237490653992,0.9997720718383789,0.9999978542327881,0.0018670883728191257,0.0005702064372599125,5.086115561425686e-05,0.004360189661383629,0.20315346121788025,-0.09876716881990433,-0.5895383358001709,2.6237285137176514,2.0447311401367188,1.640857458114624,2.106825113296509,2.6453304290771484,2.623533487529028,0.8507283926010132,0.999904990196228,0.9999358654022217,0.999640703201294,0.9987680315971375,0.9999346733093262,0.03940131142735481,0.007099583279341459,0.0019531657453626394,0.21798007190227509,0.3118829131126404,-0.022225135937333107,-0.7699225544929504,3.9662058353424072,3.4301061630249023,55.640052795410156,15.826804161071777,108.67744445800781,105.63874053955078,76.3603515625,9.535266876220703,139.9712677001953,36.41676330566406,55.546302795410156,68.14559936523438,3.816157817840576,3.4476516246795654,4.725773334503174,4.165292739868164,4.116672039031982,4.753393173217773,5.0921807289123535,4.375895977020264,5.434231281280518,4.7776360511779785,4.470489025115967,4.473174571990967
147,8.876742362976074,3.1154251098632812,2.6474661827087402,7.311890602111816,9.506454467773438,8.876663484728446,0.13469751179218292,0.9999628067016602,0.9999016523361206,0.9998076558113098,0.9997527599334717,0.9999921917915344,0.0017788453260436654,0.0005717786843888462,4.8544341552769765e-05,0.003718083491548896,0.20327913761138916,-0.10140351206064224,-0.529198408126831,2.520071268081665,1.832939863204956,1.6471692323684692,2.272019863128662,2.5392584800720215,2.5105306851496456,0.9831926822662354,0.9916567802429199,0.9999132752418518,0.9995191097259521,0.9989178776741028,0.991349458694458,0.0401531457901001,0.01078102272003889,0.002071310533210635,0.2515120804309845,0.311786025762558,-0.01963382586836815,-0.513826310634613,2.945228099822998,2.8488478660583496,15.896928787231445,62.17858123779297,43.63877868652344,32.989013671875,110.52960205078125,1.8233891725540161,152.29843139648438,150.18106079101562,57.53298568725586,74.99445343017578,3.7056710720062256,3.35888671875,4.729746341705322,4.184934616088867,4.128749847412109,4.712351322174072,5.089217185974121,4.1028151512146,5.37554407119751,4.763094425201416,4.415101051330566,4.426970958709717
148,9.379593849182129,2.876089096069336,2.497131824493408,7.960845470428467,10.196775436401367,9.379152014489891,0.13785706460475922,0.9999588131904602,0.9999940991401672,0.9997499585151672,0.9997585415840149,0.9999984502792358,0.0018371551996096969,0.0006237350753508508,4.431767592905089e-05,0.002430418971925974,0.21063163876533508,-0.10206827521324158,-0.4743298292160034,2.160313367843628,1.5388283729553223,1.4056000709533691,2.131728410720825,2.177804470062256,2.145447378149968,0.9140921235084534,0.9829961657524109,0.9999526143074036,0.9993872046470642,0.9990120530128479,0.9822514653205872,0.056112270802259445,0.02114642970263958,0.002453171880915761,0.2877401113510132,0.4378727972507477,0.0254322849214077,-0.6130291223526001,3.9730138778686523,2.594741106033325,11.25333023071289,98.47965240478516,69.37171173095703,18.557235717773438,135.95289611816406,17.705949783325195,159.7828826904297,149.9138641357422,66.75853729248047,82.07928466796875,3.6961939334869385,3.2508819103240967,4.722482681274414,4.192514896392822,4.113968849182129,4.681331157684326,5.073699474334717,4.12763786315918,5.343405723571777,4.762853145599365,4.396496772766113,4.41306734085083
149,8.628987312316895,2.827054262161255,2.4326438903808594,7.62957239151001,9.276498794555664,8.62869832397087,0.14425815641880035,0.9999697804450989,1.0,0.9998112916946411,0.9997867941856384,0.999997079372406,0.0017706764629110694,0.0006613507284782827,4.591372635331936e-05,0.002832634374499321,0.20718777179718018,-0.10018272697925568,-0.43578052520751953,2.601656913757324,1.8028241395950317,1.6407719850540161,2.054215908050537,2.635157585144043,2.335381782910362,0.9389324188232422,0.8920209407806396,0.9990093111991882,0.9991322755813599,0.999110758304596,0.8863588571548462,0.04263468459248543,0.014449766837060452,0.002148758852854371,0.19127097725868225,0.3477123975753784,0.0036192364059388638,-0.814616322517395,1.1332591772079468,5.733104705810547,6.417559623718262,45.45020294189453,35.01544189453125,69.55928039550781,108.84590911865234,15.643003463745117,145.98342895507812,150.19744873046875,58.397865295410156,74.77183532714844,3.4226694107055664,3.3162498474121094,4.733367443084717,4.215684413909912,4.130743980407715,4.676399230957031,5.08341646194458,4.159841537475586,5.35399055480957,4.786995887756348,4.387935638427734,4.403884410858154
150,8.119827270507812,2.660771608352661,2.307960033416748,7.580623149871826,8.68278980255127,8.119603763340137,0.14551220834255219,0.9999750852584839,0.999990701675415,0.9998481273651123,0.9997661113739014,0.9999975562095642,0.001829330692999065,0.0007020726334303617,4.656874079955742e-05,0.0037275762297213078,0.21356046199798584,-0.09836576133966446,-0.49867406487464905,2.3365225791931152,1.839338779449463,1.680241346359253,2.209491014480591,2.3554677963256836,0.9957437569239597,0.9786898493766785,0.8665049076080322,0.999265193939209,0.9997660517692566,0.9988962411880493,0.8601155281066895,0.061044394969940186,0.01915104314684868,0.002194957574829459,0.225300595164299,0.49206534028053284,0.060656845569610596,-0.9193581342697144,5.232114791870117,2.5906426906585693,103.4659652709961,35.648250579833984,17.373022079467773,23.404956817626953,79.15912628173828,15.390864372253418,168.35659790039062,156.04798889160156,60.66695785522461,78.03978729248047,3.5019259452819824,3.204505205154419,4.740254878997803,4.181605815887451,4.109273433685303,4.686497211456299,5.056265354156494,4.190506935119629,5.328732013702393,4.804664134979248,4.380423069000244,4.393362998962402
151,7.526425838470459,2.3713431358337402,2.162074327468872,7.102160930633545,8.049560546875,7.5261700370642,0.14801381528377533,0.9999699592590332,0.99981290102005,0.9998288154602051,0.9997842907905579,0.9999975562095642,0.0021052537485957146,0.000744324061088264,4.921524305245839e-05,0.0034854398109018803,0.16018390655517578,-0.098320871591568,-0.5289271473884583,2.135594606399536,1.6274152994155884,1.60896897315979,2.239766836166382,2.1476361751556396,0.5785947370322252,1.0233877897262573,0.8990375995635986,0.9999291300773621,0.9997175335884094,0.9987127780914307,0.8946284055709839,0.08136870712041855,0.022514430806040764,0.002852601930499077,0.31793859601020813,0.9447693228721619,0.1095188707113266,-0.6467400789260864,12.430144309997559,7.272973537445068,146.17425537109375,22.360958099365234,6.892520904541016,166.0429229736328,17.210363388061523,8.455039024353027,173.44688415527344,173.2974395751953,73.35835266113281,95.0592269897461,3.6423227787017822,3.2664153575897217,4.72545051574707,3.6762776374816895,4.070260524749756,4.691818714141846,5.055649757385254,4.180835723876953,5.314619541168213,4.809716701507568,4.343336582183838,4.352407455444336
152,8.40223217010498,2.318085193634033,2.1818225383758545,8.125524520874023,9.150936126708984,8.401797919915445,0.1437036097049713,0.9999558925628662,0.9996911883354187,0.9997950792312622,0.9997460246086121,0.9999974966049194,0.0020343249198049307,0.0007633226923644543,4.4006748794345185e-05,0.0035991475451737642,0.1668713390827179,-0.1010090783238411,-0.49453237652778625,2.6418650150299072,2.027513265609741,1.9965280294418335,2.6812615394592285,2.6651673316955566,0.49072604542090065,1.050095796585083,0.7670331597328186,0.9999913573265076,0.999635636806488,0.9990377426147461,0.7541350722312927,0.06392600387334824,0.019158143550157547,0.0018034199019894004,0.2933940291404724,0.37266242504119873,-0.021170074120163918,-0.8242827653884888,8.79399299621582,3.4579877853393555,95.31703186035156,28.293392181396484,10.697319984436035,148.27676391601562,12.304316520690918,7.620475769042969,100.17413330078125,177.2577362060547,59.21931076049805,80.31123352050781,3.7673823833465576,3.2488250732421875,4.721067428588867,3.751563549041748,4.0450239181518555,4.7052226066589355,5.056276321411133,4.224562644958496,5.31812858581543,4.818356513977051,4.365641117095947,4.379578590393066
153,8.926923751831055,2.193521738052368,2.1205906867980957,8.562355995178223,9.963265419006348,8.925928426357775,0.1430378407239914,0.9999053478240967,0.9987743496894836,0.9997383952140808,0.9997458457946777,0.9999991059303284,0.0021984484046697617,0.0008004531264305115,4.238348628859967e-05,0.0045746006071567535,0.24026790261268616,-0.10261597484350204,-0.4444238841533661,2.6044809818267822,1.9450563192367554,1.8563827276229858,2.374884605407715,2.6463963985443115,0.5281709276284048,0.9744016528129578,0.6423147916793823,0.9993358850479126,0.9996845722198486,0.9992263317108154,0.6144624352455139,0.07011707127094269,0.0199618898332119,0.0018971905810758471,0.2207580804824829,0.7998829483985901,-0.001640705275349319,-0.4298434853553772,4.368545055389404,7.9142303466796875,44.46685791015625,78.9971694946289,13.502056121826172,149.28709411621094,52.55182647705078,2.2170422077178955,59.01211166381836,171.6383056640625,58.3955192565918,76.11588287353516,3.7677085399627686,3.324969530105591,4.726379871368408,3.815798759460449,3.9632198810577393,4.694096088409424,5.055732250213623,4.007315635681152,5.318647861480713,4.834136486053467,4.350800514221191,4.367763996124268
154,8.829377174377441,2.1445260047912598,2.0442466735839844,8.591679573059082,9.949751853942871,8.828979979938119,0.13979651033878326,0.9999468922615051,0.9999925494194031,0.9997616410255432,0.9997345209121704,0.9999943375587463,0.0022475363221019506,0.0008520724368281662,4.2550462239887565e-05,0.005030324216932058,0.2947514057159424,-0.1014019325375557,-0.4014640748500824,2.524207830429077,1.9333627223968506,1.690683126449585,2.0728793144226074,2.568885326385498,0.5443189316559602,0.9302050471305847,0.6969435214996338,0.999663770198822,0.9995782971382141,0.9991934895515442,0.6739689707756042,0.06905308365821838,0.02354699745774269,0.00222940556704998,0.32052549719810486,0.8156499266624451,0.0395626537501812,-0.6173285841941833,3.902578592300415,5.685627460479736,11.629453659057617,87.90234375,18.037456512451172,146.04373168945312,89.4491958618164,8.872100830078125,105.75465393066406,174.13758850097656,65.14147186279297,82.71289825439453,3.7364578247070312,3.4006588459014893,4.69643497467041,3.8390355110168457,3.907818078994751,4.692174434661865,5.059959888458252,4.056921005249023,5.2933220863342285,4.853066444396973,4.353585243225098,4.367994785308838
155,8.169160842895508,2.0890562534332275,1.9916868209838867,8.162774085998535,9.067948341369629,8.16867025389331,0.14289915561676025,0.999947190284729,0.9994120597839355,0.9998337030410767,0.999771773815155,0.9999986290931702,0.002244449919089675,0.0008678599260747433,4.36209375038743e-05,0.005133439786732197,0.30741703510284424,-0.09783611446619034,-0.3722434639930725,2.4689958095550537,1.8216921091079712,1.655541181564331,1.9449023008346558,2.5124154090881348,0.6399880928034092,0.9293455481529236,0.7624570727348328,0.9996993541717529,0.9996168613433838,0.998633086681366,0.745029628276825,0.07324276864528656,0.023802952840924263,0.002656875178217888,0.3094603419303894,0.5711160898208618,0.04572013393044472,-0.7701454162597656,6.213656902313232,1.983641505241394,10.161498069763184,55.23878479003906,25.03412437438965,155.8238983154297,121.79842376708984,14.236440658569336,139.0485382080078,167.71690368652344,69.72559356689453,88.22540283203125,3.8657028675079346,3.2307322025299072,4.691739082336426,3.8492631912231445,3.920098304748535,4.706526756286621,5.04594612121582,4.074489593505859,5.284730911254883,4.8700127601623535,4.35392427444458,4.365567207336426
156,7.893637657165527,2.0946600437164307,1.975231409072876,7.6428046226501465,8.679523468017578,7.892913652702951,0.16216446459293365,0.9999181032180786,0.9982311129570007,0.9998725056648254,0.9997550249099731,0.9999958276748657,0.002222783165052533,0.0008370215073227882,4.5213942939881235e-05,0.005653222557157278,0.2687050402164459,-0.09918460994958878,-0.3659042418003082,2.325756788253784,2.375948667526245,2.0259931087493896,1.9020198583602905,2.3415634632110596,0.5374502119182403,0.8827871680259705,0.8766725659370422,0.9962227940559387,0.9986823797225952,0.9966742396354675,0.8701913356781006,0.06443818658590317,0.014283490367233753,0.0025170964654535055,0.29129335284233093,0.29281049966812134,0.0029561149422079325,-0.7751994729042053,0.7054895758628845,0.646734356880188,79.84518432617188,19.75105857849121,39.14448928833008,163.30886840820312,70.35171508789062,15.002509117126465,150.06996154785156,131.29721069335938,67.01232147216797,82.11927795410156,3.5431320667266846,2.9644739627838135,4.695651531219482,3.862746000289917,3.950075387954712,4.71749210357666,5.034630298614502,4.112701416015625,5.288615703582764,4.862761974334717,4.30322790145874,4.324876308441162
157,6.788418769836426,2.023984432220459,1.8682188987731934,6.458006858825684,7.343026638031006,6.788167333433179,0.1718214452266693,0.9999662041664124,0.9999555945396423,0.9997889399528503,0.999772846698761,0.9999988079071045,0.002391038229689002,0.0008678456069901586,5.116944885230623e-05,0.004367094021290541,0.21174056828022003,-0.0975375548005104,-0.4067460298538208,1.9707205295562744,1.9900580644607544,1.661422610282898,1.6921072006225586,1.9842575788497925,0.5759385168476828,0.8336477279663086,0.9234837293624878,0.9993259310722351,0.9996806979179382,0.9991451501846313,0.919278085231781,0.09156325459480286,0.021056771278381348,0.003532994305714965,0.2834252417087555,0.9816673398017883,0.20210446417331696,-0.5073690414428711,4.544596195220947,4.761148929595947,138.80445861816406,12.178394317626953,115.36872863769531,182.5211944580078,73.17756652832031,26.217065811157227,174.91934204101562,59.1281852722168,79.16207122802734,91.90660858154297,3.5783112049102783,3.0323853492736816,4.668546676635742,3.307020664215088,3.9289791584014893,4.710000038146973,5.0381574630737305,4.132140636444092,5.275163173675537,4.827195167541504,4.249789714813232,4.266027927398682
158,7.2905473709106445,2.0601272583007812,1.9206558465957642,6.691040515899658,7.949184417724609,7.290302017265316,0.17012996971607208,0.9999679923057556,0.9998943209648132,0.999839186668396,0.9997733235359192,0.9999979734420776,0.002349851420149207,0.000822121393866837,5.0307950004935265e-05,0.00290055014193058,0.20769892632961273,-0.0992121696472168,-0.44044870138168335,2.2781877517700195,2.3360941410064697,2.0610804557800293,2.1538236141204834,2.2840633392333984,1.270500692999541,0.9512532353401184,0.878165602684021,0.9985018968582153,0.9996243119239807,0.99875807762146,0.8732555508613586,0.058494485914707184,0.012168148532509804,0.0022038817405700684,0.22320735454559326,0.37597817182540894,0.013486504554748535,-0.7702577710151672,4.068144798278809,2.8192591667175293,79.01903533935547,20.586200714111328,156.05978393554688,159.04212951660156,42.48664855957031,16.938276290893555,120.49405670166016,18.83957290649414,62.035316467285156,78.39933776855469,3.600696563720703,2.975381374359131,4.6748948097229,3.425241470336914,3.9166476726531982,4.711523056030273,5.043316841125488,4.127767086029053,5.2727766036987305,4.818764686584473,4.2567009925842285,4.277811050415039
159,8.00500202178955,2.196927309036255,2.01875376701355,7.072177886962891,8.790547370910645,8.004196627763532,0.1717536896467209,0.9996427297592163,0.9996756315231323,0.9997429847717285,0.999782919883728,0.9996191263198853,0.0023686240892857313,0.0007378424052149057,4.769519000547007e-05,0.002516351640224457,0.21712076663970947,-0.10029500722885132,-0.47490593791007996,3.3732688426971436,2.475705623626709,2.2562551498413086,2.4136834144592285,3.4365956783294678,0.7107290643919967,0.9160608649253845,0.5745015740394592,0.9999093413352966,0.9996355772018433,0.9985670447349548,0.5434089303016663,0.029516000300645828,0.008006531745195389,0.0014516786905005574,0.10060369223356247,0.24262715876102448,-0.04631901532411575,-0.8155627846717834,4.462103366851807,1.7778407335281372,23.748573303222656,64.9725341796875,60.72807312011719,149.82838439941406,24.188247680664062,8.182197570800781,93.88713836669922,52.986873626708984,48.4761962890625,63.0301513671875,3.669654130935669,2.839975595474243,4.676636219024658,3.5369677543640137,3.9438955783843994,4.70226526260376,5.068424701690674,4.150808334350586,5.2781572341918945,4.8240156173706055,4.26908016204834,4.298182010650635
160,8.054677963256836,2.2289278507232666,1.983852505683899,7.090032577514648,8.890735626220703,8.052399050576977,0.16048264503479004,0.9996502995491028,0.9971049427986145,0.9997668862342834,0.9998092651367188,0.9997127056121826,0.002236891072243452,0.0007789727533236146,4.7298595745814964e-05,0.0049295430071651936,0.2753739356994629,-0.09801310300827026,-0.4487813711166382,2.3152215480804443,1.745160698890686,1.5000553131103516,1.8713477849960327,2.3411905765533447,2.0410528774914636,0.9155840873718262,0.9293176531791687,0.9996369481086731,0.9996330142021179,0.9993755221366882,0.9258044362068176,0.0459660142660141,0.016806403174996376,0.0025120985228568316,0.2875593304634094,0.7899981141090393,0.07675526291131973,-0.8031758069992065,17.360204696655273,11.56132698059082,8.562150955200195,145.3048858642578,19.29605484008789,141.3594207763672,53.3680534362793,4.9845404624938965,142.94247436523438,166.32716369628906,71.10662841796875,88.50606536865234,3.7933027744293213,2.9628610610961914,4.612425804138184,3.5738208293914795,3.911332845687866,4.685585975646973,5.049335956573486,4.162232875823975,5.241157531738281,4.840567111968994,4.283262252807617,4.305017471313477
161,7.573610782623291,2.2217442989349365,1.9220892190933228,6.4453535079956055,8.302671432495117,7.5471527766285025,0.15832145512104034,0.9962382912635803,0.9993597269058228,0.9997972249984741,0.9997702836990356,0.9953886270523071,0.00250832992605865,0.0007745162001810968,5.156086990609765e-05,0.004593682941049337,0.3748176097869873,-0.09628073871135712,-0.4272579550743103,2.2471139430999756,1.5105626583099365,1.3572521209716797,1.7783148288726807,2.2773993015289307,2.230724490599602,0.8848928809165955,0.9742878079414368,0.9994962811470032,0.9993796348571777,0.998287558555603,0.9729630947113037,0.03878125920891762,0.011329717934131622,0.002670248271897435,0.30634981393814087,0.9654966592788696,0.10631843656301498,-0.4355325698852539,5.364393711090088,9.34272289276123,67.21380615234375,105.4125747680664,18.37824249267578,129.2812042236328,34.482425689697266,1.656877040863037,128.78909301757812,175.1849822998047,67.51063537597656,82.3600845336914,3.8536081314086914,3.0552642345428467,4.624273777008057,3.6901237964630127,3.708150863647461,4.665536403656006,5.006380558013916,3.874568223953247,5.230147361755371,4.852171421051025,4.256022930145264,4.2719550132751465
162,7.975530624389648,2.325000524520874,2.0237772464752197,6.8838372230529785,8.722375869750977,7.958691459869436,0.1620888113975525,0.9976836442947388,0.9998014569282532,0.9998297095298767,0.9997780323028564,0.9971794486045837,0.0022772131487727165,0.0007446146919392049,4.847473610425368e-05,0.004514544736593962,0.39353829622268677,-0.09788495302200317,-0.4233817458152771,2.8514022827148438,2.335411787033081,2.253883123397827,2.3381106853485107,2.8675873279571533,2.7763441385171315,1.0443986654281616,0.9611458778381348,0.9998012781143188,0.9994812607765198,0.9988074898719788,0.9598909020423889,0.021303731948137283,0.007056262344121933,0.0015720408409833908,0.21907809376716614,0.542544960975647,-0.031188322231173515,-0.6524084806442261,1.7552859783172607,2.894552230834961,49.87623977661133,68.19214630126953,8.337725639343262,77.26847076416016,19.144245147705078,6.550151824951172,120.3637924194336,174.07656860351562,52.845916748046875,72.10671997070312,3.6134755611419678,3.022282361984253,4.630094528198242,3.7917871475219727,3.734593391418457,4.6637864112854,5.022202491760254,3.934037446975708,5.24416971206665,4.848677635192871,4.2505106925964355,4.272531986236572
163,9.357582092285156,2.427978038787842,2.09930419921875,8.541647911071777,10.459756851196289,9.342609005429582,0.1592840999364853,0.9980300068855286,0.9998946785926819,0.999779462814331,0.999788224697113,0.9975166320800781,0.0021491129882633686,0.0007498727063648403,4.072231240570545e-05,0.003610379295423627,0.36243700981140137,-0.1015094593167305,-0.4194068908691406,2.669672966003418,2.4075915813446045,2.093682050704956,2.3765270709991455,2.6814136505126953,2.4489767179099386,1.1278135776519775,0.9133478999137878,0.9999300241470337,0.9997498989105225,0.9991853833198547,0.9106132388114929,0.02889886312186718,0.008962552063167095,0.0015712473541498184,0.09351535886526108,0.29215753078460693,0.0010221753036603332,-0.9095661044120789,9.72097396850586,2.421353816986084,35.80103302001953,35.47985076904297,19.795616149902344,27.27220916748047,32.579097747802734,25.195127487182617,177.05026245117188,163.3007354736328,52.861629486083984,74.61566925048828,3.727940797805786,2.952322483062744,4.6335835456848145,3.8084192276000977,3.7598061561584473,4.673459053039551,4.994795799255371,3.9976730346679688,5.208217620849609,4.841578006744385,4.259779930114746,4.289058208465576
164,8.449298858642578,2.4511399269104004,2.060588836669922,7.9971537590026855,9.261296272277832,8.446223098262,0.1643809676170349,0.9991075992584229,0.9995290637016296,0.999792218208313,0.999755859375,0.9989510774612427,0.0021044572349637747,0.0007822904153726995,4.192362030153163e-05,0.005131206940859556,0.28308385610580444,-0.1012287363409996,-0.424800306558609,1.9308847188949585,1.5283257961273193,1.3711212873458862,1.6491094827651978,1.9488627910614014,1.9309756375780474,0.8776052594184875,0.9865972995758057,0.9986612796783447,0.9992430210113525,0.9991906881332397,0.9859524965286255,0.06211723014712334,0.013972016051411629,0.002854097168892622,0.12471923977136612,0.3892485201358795,0.1250247061252594,-0.5528755784034729,1.953809142112732,7.596183776855469,44.945255279541016,3.120734930038452,45.19340133666992,123.47117614746094,38.758544921875,96.73114013671875,170.5858917236328,158.8880157470703,69.1244125366211,81.66663360595703,3.5263397693634033,3.044649124145508,4.608706951141357,3.58463978767395,3.7479259967803955,4.663052082061768,5.0135297775268555,3.9983482360839844,5.199255466461182,4.798130035400391,4.2184576988220215,4.245441436767578
165,7.566051483154297,2.439401388168335,2.0328481197357178,7.099907875061035,8.14940357208252,7.5689776278834024,0.15358273684978485,0.9997187852859497,0.9996920228004456,0.9997314810752869,0.9998126029968262,0.9997147917747498,0.002090797759592533,0.0007856115116737783,4.4805299694417045e-05,0.004429275169968605,0.23900018632411957,-0.097738116979599,-0.46253037452697754,2.2079687118530273,1.6235675811767578,1.389387845993042,1.7537533044815063,2.2368106842041016,2.188984658837157,0.8485839366912842,0.9799811840057373,0.9998976588249207,0.9996533393859863,0.9994543790817261,0.9788638949394226,0.04704558476805687,0.011968518607318401,0.002619331469759345,0.22761522233486176,0.3481970727443695,0.04842532053589821,-0.9315236806869507,6.3270673751831055,7.487288951873779,14.266905784606934,11.266778945922852,44.23276901245117,126.92366790771484,62.312767028808594,92.2986068725586,159.3993377685547,141.0189971923828,66.55342102050781,79.51167297363281,3.6810336112976074,3.150777578353882,4.580090045928955,3.6226272583007812,3.789039373397827,4.660309791564941,5.020061492919922,4.049129486083984,5.223945140838623,4.772945404052734,4.254995822906494,4.267771244049072
166,7.884690284729004,2.4260916709899902,2.0536508560180664,7.159943580627441,8.502799987792969,7.889754497810591,0.1693165898323059,0.9999139308929443,0.9996179938316345,0.9997517466545105,0.9997778534889221,0.999949038028717,0.001995689468458295,0.0007378227892331779,4.525382610154338e-05,0.002696157665923238,0.22436442971229553,-0.09906934201717377,-0.45038798451423645,2.1160240173339844,1.9578267335891724,1.9751534461975098,2.574190855026245,2.111186981201172,2.1069780528625563,0.8563721179962158,0.9891948699951172,0.9979236125946045,0.9980160593986511,0.99524986743927,0.9890429377555847,0.03150395303964615,0.010126577690243721,0.0020147175528109074,0.3549972474575043,0.4021729528903961,0.015168314799666405,-0.7047854661941528,3.017679214477539,0.19900409877300262,63.15925979614258,22.90325164794922,156.192626953125,128.13397216796875,38.69239044189453,133.9864501953125,137.632080078125,11.659940719604492,69.55767059326172,82.79767608642578,3.57110595703125,2.8543341159820557,4.602433681488037,3.666316509246826,3.7892518043518066,4.671997547149658,5.0183539390563965,4.0474138259887695,5.244987487792969,4.727146148681641,4.219334125518799,4.2453789710998535
167,8.470001220703125,2.644808053970337,2.1961147785186768,7.226418972015381,9.160931587219238,8.469658389674803,0.16938671469688416,0.9999610781669617,0.9995262622833252,0.9998112916946411,0.999800980091095,0.9999995231628418,0.0018523972248658538,0.0006974786520004272,4.4830005208496004e-05,0.001812984817661345,0.21648478507995605,-0.10104797035455704,-0.47131600975990295,2.8273205757141113,1.6650917530059814,2.410315752029419,2.894721031188965,2.830840826034546,2.794897256693016,0.7297307252883911,0.9809806942939758,0.9998669028282166,0.9990422129631042,0.9988439679145813,0.9805337190628052,0.02144169621169567,0.004345144610852003,0.0012498259311541915,0.11590118706226349,0.2736703157424927,-0.05377272516489029,-0.8174474835395813,0.9452986121177673,5.023499965667725,35.38774108886719,44.212890625,112.70869445800781,109.53801727294922,39.04612350463867,63.781463623046875,88.32310485839844,23.924158096313477,52.289100646972656,61.02633285522461,3.2976555824279785,2.9739155769348145,4.614023208618164,3.76820969581604,3.8305726051330566,4.678429126739502,5.0285258293151855,4.089694976806641,5.260458946228027,4.715908527374268,4.2257399559021,4.256370544433594
168,10.881816864013672,2.919536590576172,2.4119443893432617,8.918103218078613,12.145817756652832,10.881446311661728,0.16217675805091858,0.9999414682388306,0.9999771118164062,0.9997351169586182,0.9997560977935791,0.9999918937683105,0.0016224756836891174,0.0006512870313599706,3.77967044187244e-05,0.0021084551699459553,0.25725430250167847,-0.10425097495317459,-0.48012739419937134,3.7621705532073975,1.7755415439605713,2.201246500015259,2.659885883331299,3.8158295154571533,3.7579368315698773,0.8360763788223267,0.9989498257637024,0.9994590282440186,0.9997225403785706,0.9990584254264832,0.9989331960678101,0.02677536942064762,0.004094972740858793,0.0011703784111887217,0.09460405260324478,0.5602942109107971,-0.05874752625823021,-0.5109367966651917,5.266161918640137,3.0284929275512695,13.993295669555664,99.1739273071289,25.07161521911621,65.51074981689453,24.074052810668945,25.82754135131836,89.96696472167969,107.06023406982422,45.89730453491211,57.817962646484375,3.4697911739349365,2.9651808738708496,4.626729488372803,3.84484601020813,3.8810431957244873,4.666955471038818,5.0373759269714355,4.145723342895508,5.275244235992432,4.725462913513184,4.263835430145264,4.301419258117676
169,11.566888809204102,3.123460054397583,2.5238540172576904,9.850197792053223,12.93317985534668,11.566166340837615,0.16030576825141907,0.9999459385871887,0.9999363422393799,0.9997380375862122,0.9997564554214478,0.9999991059303284,0.0016057718312367797,0.0006202867953106761,3.492078758426942e-05,0.0031154409516602755,0.3402707278728485,-0.10375886410474777,-0.47825729846954346,2.737309455871582,2.0910398960113525,2.0598838329315186,2.3765649795532227,2.749246597290039,2.7366754435821976,1.042069673538208,0.9995586276054382,0.9999998211860657,0.9996672868728638,0.9993077516555786,0.9995616674423218,0.021533528342843056,0.005601904820650816,0.0014752255519852042,0.18516360223293304,0.9077491760253906,0.010207322426140308,-0.5784519910812378,14.000833511352539,3.001607894897461,7.697207927703857,112.19773864746094,9.478967666625977,40.915496826171875,39.442256927490234,17.44583511352539,132.9037628173828,164.32669067382812,54.14104080200195,73.4465103149414,3.6241655349731445,2.943006753921509,4.620555877685547,3.9003231525421143,3.792767286300659,4.664823055267334,5.053157329559326,4.1545257568359375,5.288928508758545,4.736058712005615,4.277831554412842,4.316347599029541
170,13.50816535949707,3.494795560836792,2.8005387783050537,11.649104118347168,15.376066207885742,13.508506412332602,0.15206515789031982,0.9998859167098999,0.999890148639679,0.9997718334197998,0.999727189540863,0.9999217987060547,0.0015253330348059535,0.0005472766351886094,3.1441024475498125e-05,0.002522027585655451,0.30434489250183105,-0.10636065155267715,-0.5001373291015625,2.827897071838379,1.5099742412567139,1.5903295278549194,2.561631441116333,2.8465428352355957,2.8277205258201255,0.940768301486969,0.9999252557754517,0.9997026324272156,0.9998771548271179,0.9994708299636841,0.9999349117279053,0.02886980213224888,0.005765705835074186,0.0013774597318843007,0.26305121183395386,0.41037970781326294,-0.05421407148241997,-0.6165478229522705,9.513757705688477,5.902888774871826,93.19359588623047,29.611042022705078,13.461298942565918,98.82304382324219,13.695174217224121,5.512747287750244,120.72589874267578,125.52330017089844,51.59627151489258,66.78730010986328,3.7533206939697266,3.0492703914642334,4.648842811584473,3.9008758068084717,3.85434889793396,4.6849517822265625,5.062745094299316,4.187880992889404,5.3194122314453125,4.742701053619385,4.320435047149658,4.358176231384277
171,11.594205856323242,3.331489086151123,2.6798007488250732,9.912273406982422,12.805627822875977,11.59596395034142,0.16040416061878204,0.9996359944343567,0.999657928943634,0.9997219443321228,0.9997786283493042,0.9996132850646973,0.001571880653500557,0.000526504940353334,3.457766433712095e-05,0.0026678971480578184,0.2796206474304199,-0.10497067123651505,-0.5323003530502319,2.2779335975646973,1.9884350299835205,1.589565396308899,2.016467571258545,2.2944040298461914,2.0362343019776925,0.9411495923995972,0.933840274810791,0.9996985793113708,0.9995086789131165,0.998443067073822,0.9310013055801392,0.05751432850956917,0.011339432559907436,0.002685576444491744,0.2899801433086395,0.5222643613815308,0.043012138456106186,-0.9017455577850342,14.211081504821777,1.481238842010498,163.32188415527344,24.28398895263672,107.57244110107422,172.2472381591797,33.125083923339844,6.445399761199951,169.91087341308594,35.539161682128906,72.8138427734375,91.55644226074219,3.8736560344696045,2.8778560161590576,4.6583404541015625,3.7752132415771484,3.870143175125122,4.682737350463867,5.074934482574463,4.1975321769714355,5.318140983581543,4.728115081787109,4.305667400360107,4.344576835632324
172,8.702783584594727,3.2955262660980225,2.5621352195739746,7.192078590393066,9.25814151763916,8.702467639568383,0.16469645500183105,0.9999668002128601,0.9995595216751099,0.9998224377632141,0.9997825622558594,0.999997079372406,0.0016273355577141047,0.00049591128481552,4.310432632337324e-05,0.003782266052439809,0.24288716912269592,-0.10123136639595032,-0.4858880043029785,2.2262368202209473,1.7050610780715942,1.382094144821167,1.9190828800201416,2.245145082473755,2.2261373451607644,0.9632165431976318,0.9999207258224487,0.9998589754104614,0.9996586441993713,0.9992854595184326,0.9999402165412903,0.05407806858420372,0.01073814183473587,0.002747792750597,0.3847756087779999,0.8069264888763428,0.06853470206260681,-0.6912914514541626,2.7932732105255127,10.719496726989746,138.17330932617188,16.943859100341797,11.87017822265625,168.61656188964844,64.00051879882812,2.752351760864258,161.80174255371094,178.65316772460938,75.6324462890625,95.79147338867188,3.7340478897094727,2.99424147605896,4.679753303527832,3.577691078186035,3.861877202987671,4.692291259765625,5.086496353149414,4.030527114868164,5.3210906982421875,4.730334758758545,4.2708353996276855,4.300076484680176
173,8.23222827911377,3.3390867710113525,2.6607515811920166,6.901113986968994,8.666963577270508,8.232045055080075,0.1658160537481308,0.9999786615371704,0.9999645948410034,0.9998525977134705,0.9998050332069397,0.9999970197677612,0.0015064835315570235,0.00048049315228126943,4.554135011858307e-05,0.005141613073647022,0.3034741282463074,-0.10116859525442123,-0.46144384145736694,2.472472906112671,1.837471604347229,1.8411896228790283,2.198516607284546,2.4824752807617188,2.470369719988477,0.9915841221809387,0.9978480935096741,0.9990474581718445,0.9995145201683044,0.9990246295928955,0.9978117346763611,0.023740191012620926,0.007537223398685455,0.0019294189987704158,0.32593023777008057,0.7428905963897705,-0.021283313632011414,-0.6202090978622437,1.4355008602142334,4.164393424987793,32.55434036254883,35.70854187011719,7.139794826507568,124.98523712158203,108.94510650634766,6.409571170806885,130.73179626464844,178.20547485351562,63.02798080444336,82.28530883789062,3.492744207382202,3.0999081134796143,4.688582897186279,3.661221504211426,3.7942261695861816,4.699283599853516,5.098956108093262,4.076658248901367,5.330836772918701,4.751814842224121,4.269423484802246,4.296138286590576
174,8.404569625854492,3.2869575023651123,2.619612455368042,7.377440929412842,8.865180969238281,8.404331872902931,0.16463954746723175,0.9999731779098511,0.9997443556785583,0.999822199344635,0.9998033046722412,0.9999975562095642,0.0015390495536848903,0.0005331464344635606,4.345785055193119e-05,0.005227723158895969,0.30460643768310547,-0.10099340975284576,-0.46210187673568726,2.272031307220459,2.1517136096954346,1.6702136993408203,2.020829916000366,2.284090995788574,2.2529011197386093,0.9225941896438599,0.980539083480835,0.9998644590377808,0.9993453025817871,0.9995251297950745,0.9798604846000671,0.03291948139667511,0.012324139475822449,0.0023016135673969984,0.29666879773139954,0.549186646938324,0.07596075534820557,-0.8769398331642151,2.9053151607513428,9.449283599853516,6.310992240905762,98.24156951904297,13.038308143615723,69.72330474853516,138.16415405273438,34.058998107910156,165.6383819580078,184.11700439453125,72.16472625732422,89.8666000366211,3.3766627311706543,3.174975872039795,4.670875072479248,3.654907464981079,3.790919780731201,4.687424659729004,5.0819878578186035,4.098996639251709,5.2976813316345215,4.75243616104126,4.2586870193481445,4.2857890129089355
175,8.287178039550781,2.9674806594848633,2.3204047679901123,7.8038649559021,8.863569259643555,8.286834444568607,0.15420009195804596,0.9999595880508423,0.9996465444564819,0.9997674822807312,0.9997857213020325,0.9999962449073792,0.0017817339394241571,0.0006653281743638217,4.00620156142395e-05,0.004764513578265905,0.3471056818962097,-0.09913764894008636,-0.45819997787475586,1.4702038764953613,1.5114444494247437,1.1898670196533203,1.6672089099884033,1.4716112613677979,1.4819634752813866,0.7907528281211853,0.9878986477851868,0.9990140795707703,0.9982218742370605,0.9985712766647339,0.9875382781028748,0.0890561118721962,0.029933327808976173,0.00394156901165843,0.2395729124546051,0.8223402500152588,0.33839717507362366,-0.24478812515735626,52.63008499145508,14.032951354980469,72.3646011352539,185.8381805419922,41.41996765136719,0.651888370513916,183.0753631591797,48.41047668457031,222.6524200439453,192.96612548828125,101.40421295166016,106.89376831054688,3.4576213359832764,3.1856818199157715,4.581972599029541,3.682515859603882,3.708932399749756,4.219723224639893,4.987947463989258,4.085636138916016,5.216017246246338,4.7133355140686035,4.183938503265381,4.202899932861328
176,6.972591400146484,2.883556842803955,2.2151951789855957,7.185866832733154,7.317928791046143,6.972482095654647,0.14548656344413757,0.999978244304657,1.0,0.9998158812522888,0.9997924566268921,0.9999990463256836,0.0018874345114454627,0.0007128141005523503,4.25881844421383e-05,0.004228715319186449,0.3723008632659912,-0.09150075912475586,-0.523578941822052,1.8084018230438232,1.9843989610671997,1.5057148933410645,1.8590350151062012,1.8114864826202393,1.548650541984638,0.8306446671485901,0.940153181552887,0.9999868273735046,0.9997204542160034,0.9994320273399353,0.9381822943687439,0.06144362688064575,0.01854374073445797,0.0029935811180621386,0.2472253292798996,0.7012960314750671,0.14365026354789734,-0.8426651358604431,33.6919059753418,6.174142837524414,127.35899353027344,96.97774505615234,26.76519775390625,7.029033184051514,120.85684967041016,32.476932525634766,200.1440887451172,192.86451721191406,84.43395233154297,96.05534362792969,3.564073324203491,3.238311767578125,4.576372146606445,3.720078468322754,3.707803964614868,4.271854877471924,4.944717884063721,4.099361896514893,5.178438663482666,4.715786933898926,4.2016801834106445,4.202909469604492
177,6.937752723693848,2.8514044284820557,2.133514642715454,6.5104522705078125,7.338911533355713,6.937643555470164,0.15582384169101715,0.9999730587005615,1.0,0.9997914433479309,0.9997715950012207,0.9999994039535522,0.0020059796515852213,0.0007333459798246622,4.4076248741475865e-05,0.00476873992010951,0.2974128723144531,-0.09368379414081573,-0.5500615239143372,2.1984469890594482,1.8549578189849854,1.7259576320648193,2.0753324031829834,2.210507869720459,1.6973807798272853,0.9705281257629395,0.8364034295082092,0.9999358057975769,0.9998190999031067,0.9993692636489868,0.8296040296554565,0.059184253215789795,0.015590719878673553,0.0023250170052051544,0.13481934368610382,0.98903489112854,0.17436158657073975,-0.3095787465572357,10.476064682006836,5.7562360763549805,85.5112533569336,17.216463088989258,15.831072807312012,181.931640625,24.34153175354004,41.923553466796875,120.6966781616211,183.60800170898438,68.729248046875,87.1809310913086,3.6707212924957275,3.2872135639190674,4.570554733276367,3.2221100330352783,3.71089506149292,4.317595481872559,4.951338291168213,4.104940891265869,5.158352375030518,4.7319865226745605,4.172570705413818,4.1797285079956055
178,7.877871036529541,2.7962002754211426,2.159074306488037,7.843736171722412,8.472728729248047,7.877550396557992,0.15517695248126984,0.9999504089355469,0.9993423223495483,0.9997481107711792,0.9997683763504028,0.9999979734420776,0.001977686770260334,0.0007357089198194444,3.8189395127119496e-05,0.003078274428844452,0.2841649055480957,-0.0983012467622757,-0.5234051942825317,2.918574094772339,2.1862199306488037,2.1194329261779785,2.300318479537964,2.9733726978302,1.3669029128194563,1.0648404359817505,0.6901300549507141,0.9999998807907104,0.9997217059135437,0.9984040856361389,0.6637565493583679,0.0611664243042469,0.01961938478052616,0.0018278685165569186,0.19899387657642365,0.3252483308315277,-0.009044580161571503,-0.8768793940544128,7.282430171966553,2.8819820880889893,13.717307090759277,41.22163391113281,22.706615447998047,166.5649871826172,37.6408576965332,19.112478256225586,123.56521606445312,189.24159240722656,62.39350509643555,86.22259521484375,3.7914791107177734,3.196131944656372,4.5665059089660645,3.2503421306610107,3.76650071144104,4.367566108703613,4.946978569030762,4.148979187011719,5.173403263092041,4.752140998840332,4.196002960205078,4.212419509887695
179,8.444036483764648,2.6147267818450928,2.093419313430786,8.53073787689209,9.262777328491211,8.443885066619584,0.16249285638332367,0.9999533891677856,0.9998213648796082,0.9997866749763489,0.9998044371604919,0.999992847442627,0.00201244093477726,0.0007588725420646369,3.636168548837304e-05,0.004577824845910072,0.29297634959220886,-0.09975389391183853,-0.4657248556613922,2.727098226547241,2.2521562576293945,2.106175184249878,2.000398635864258,2.784308671951294,0.6200947495445304,1.0179117918014526,0.7486678957939148,0.9988898038864136,0.9996044635772705,0.9983466863632202,0.7226271033287048,0.0718933492898941,0.024047696962952614,0.0021236948668956757,0.2911154329776764,0.4320428669452667,-0.034166350960731506,-0.5593278408050537,2.9640309810638428,1.7869645357131958,9.009387969970703,89.87294006347656,26.75074577331543,161.5515594482422,36.68683624267578,12.22612476348877,141.13211059570312,184.5625,66.6543197631836,89.29717254638672,3.6772358417510986,3.0203959941864014,4.578930854797363,3.313913106918335,3.8176684379577637,4.385838031768799,4.9515767097473145,4.184669017791748,5.180093288421631,4.778202533721924,4.188852310180664,4.214343070983887
180,8.30130672454834,2.478754997253418,2.0273056030273438,8.107461929321289,9.226335525512695,8.301075745936059,0.16372013092041016,0.9999526739120483,0.9999991655349731,0.9997528791427612,0.9998201727867126,0.9999987483024597,0.0020801678765565157,0.0008304679067805409,3.818826371571049e-05,0.004547582473605871,0.3428787887096405,-0.09898074716329575,-0.4015766382217407,2.5845584869384766,2.363861083984375,2.1820764541625977,1.9533590078353882,2.631740093231201,0.6030513332516724,1.008349895477295,0.8230885863304138,0.9983614683151245,0.9988378882408142,0.9971959590911865,0.8017004728317261,0.09296254068613052,0.03102407231926918,0.002247320720925927,0.3911389410495758,0.718369722366333,-0.01151664461940527,-0.5945659875869751,0.5999101996421814,4.948809623718262,10.326709747314453,112.22847747802734,28.609750747680664,179.8541717529297,35.142513275146484,12.18321704864502,142.88375854492188,188.02432250976562,71.48016357421875,94.6718978881836,3.3652329444885254,3.1284382343292236,4.581562042236328,3.4154698848724365,3.840320348739624,4.385883808135986,4.965512752532959,4.21666955947876,5.20063591003418,4.788930416107178,4.188865661621094,4.214167594909668
181,7.885466575622559,2.4100522994995117,1.9790433645248413,8.134015083312988,8.798446655273438,7.8850759912082955,0.1594594120979309,0.9999417662620544,0.9996423125267029,0.9997897744178772,0.9998024702072144,0.9999909400939941,0.0022610959131270647,0.0008582329610362649,3.8526603020727634e-05,0.004327623173594475,0.4106234908103943,-0.09776126593351364,-0.34994179010391235,2.0947608947753906,2.2187893390655518,1.9149553775787354,1.752588152885437,2.1137006282806396,1.330386019449097,0.9462225437164307,0.9167388677597046,0.9980931878089905,0.9995417594909668,0.9991059899330139,0.9075313210487366,0.10581965744495392,0.026738209649920464,0.0028545453678816557,0.35500678420066833,0.9150750637054443,0.07476036250591278,-0.7418698072433472,4.548546314239502,5.362152576446533,117.05254364013672,88.01968383789062,15.460470199584961,182.14569091796875,23.778026580810547,2.311113119125366,162.22801208496094,197.603271484375,79.8509521484375,99.20716857910156,3.414088726043701,3.19287371635437,4.592834949493408,3.499269485473633,3.751120090484619,4.403316497802734,4.976685523986816,3.9890758991241455,5.177175521850586,4.763234615325928,4.175967693328857,4.195127010345459
182,8.898687362670898,2.3767459392547607,1.9290403127670288,8.250592231750488,10.66135311126709,8.897655749602096,0.1586005687713623,0.9998989105224609,0.9990518093109131,0.9997841119766235,0.9997920989990234,0.9999995231628418,0.002514092717319727,0.0009323015692643821,3.791790368268266e-05,0.0028423485346138477,0.3770267367362976,-0.10124201327562332,-0.39011529088020325,2.1186506748199463,2.400416374206543,2.0955140590667725,2.1810286045074463,2.1151039600372314,0.6481689570096788,0.9787203669548035,0.8522629737854004,0.9992496967315674,0.9997394680976868,0.9992709755897522,0.8357749581336975,0.1401122659444809,0.04441623389720917,0.002623079577460885,0.2546628713607788,0.4333328604698181,0.057725779712200165,-0.8937463760375977,3.462859869003296,4.919193267822266,166.727294921875,26.480575561523438,173.6881561279297,198.9416961669922,30.868656158447266,19.30203628540039,159.24746704101562,16.10735321044922,79.97453308105469,101.19792938232422,3.347334623336792,3.270925521850586,4.603754997253418,3.512460708618164,3.7137255668640137,4.401393890380859,4.983830451965332,3.9831485748291016,5.162996292114258,4.742858409881592,4.172243118286133,4.197968006134033
183,8.18757152557373,2.322876214981079,1.8780837059020996,7.585691928863525,9.745591163635254,8.186791750112034,0.17210164666175842,0.9999160170555115,0.9990197420120239,0.9998478293418884,0.9997771382331848,0.9999993443489075,0.00274161109700799,0.0009916400304064155,3.91758767364081e-05,0.0029970642644912004,0.3242785632610321,-0.10073114931583405,-0.4483010172843933,2.100330352783203,2.42975115776062,2.230466365814209,1.977716088294983,2.0850255489349365,0.6425124503428647,0.9833650588989258,0.856721043586731,0.9998264312744141,0.9997368454933167,0.9992607831954956,0.8390129208564758,0.14338751137256622,0.04552924633026123,0.0028179604560136795,0.19846132397651672,0.9838473200798035,0.11708870530128479,-0.6716351509094238,10.942726135253906,3.037752628326416,186.82444763183594,19.43035125732422,99.59248352050781,208.93914794921875,36.060115814208984,25.43724250793457,171.08401489257812,21.935279846191406,78.32836151123047,99.1871109008789,3.500070333480835,3.2205650806427,4.591811656951904,3.0510191917419434,3.710280656814575,4.405900478363037,5.007785320281982,4.029513835906982,5.1655683517456055,4.745084762573242,4.142760276794434,4.172657489776611
184,8.009367942810059,2.399000883102417,1.9824655055999756,7.670695781707764,9.419957160949707,8.008862780346561,0.1726568639278412,0.9999433755874634,0.9999962449073792,0.9997912049293518,0.9997842311859131,0.9999992251396179,0.0027169722598046064,0.0009732016478665173,3.88292501156684e-05,0.003885521087795496,0.26464593410491943,-0.10120370984077454,-0.4748225808143616,2.575204610824585,2.9242515563964844,2.8374319076538086,2.6477930545806885,2.5369510650634766,0.5506528870374043,1.0675042867660522,0.8539451360702515,0.9995489716529846,0.9995900392532349,0.9989616870880127,0.83365797996521,0.11081413179636002,0.03745095804333687,0.001655110390856862,0.2206960767507553,0.2573626935482025,-0.04801482334733009,-0.642690896987915,3.16701078414917,1.9732778072357178,78.75455474853516,10.854755401611328,4.943385601043701,201.92237854003906,64.73284149169922,7.8960771560668945,116.16558074951172,160.76683044433594,65.11766815185547,88.78984832763672,3.4453022480010986,3.084953784942627,4.6140055656433105,3.1967356204986572,3.7747488021850586,4.422570705413818,5.018243789672852,4.0887370109558105,5.179951190948486,4.755152702331543,4.158040523529053,4.1870527267456055
185,8.24677562713623,2.432382583618164,2.027902841567993,8.749900817871094,9.949739456176758,8.246249634902375,0.1643422245979309,0.9999436140060425,0.9999934434890747,0.9998160600662231,0.9997735619544983,0.9999989867210388,0.002796039218083024,0.001029627281241119,3.578289761207998e-05,0.0036322379019111395,0.2843839228153229,-0.10171756148338318,-0.4771539568901062,2.5781073570251465,2.6007156372070312,2.493489980697632,2.5106234550476074,2.5894813537597656,0.5626494110204889,1.0837253332138062,0.8561549782752991,0.9989234209060669,0.9996837973594666,0.9993051290512085,0.8308819532394409,0.1220911517739296,0.044455740600824356,0.001652772887609899,0.17497529089450836,0.6040986776351929,-0.00374586321413517,-0.7758602499961853,5.855611801147461,7.339197635650635,10.348472595214844,39.978614807128906,6.951087474822998,196.62356567382812,100.84874725341797,11.795695304870605,101.36459350585938,197.91717529296875,67.90227508544922,93.35247802734375,3.5863614082336426,3.19012713432312,4.623630046844482,3.2332427501678467,3.7892024517059326,4.445978164672852,5.024440288543701,4.120053291320801,5.213313102722168,4.7543463706970215,4.1980695724487305,4.223446369171143
186,7.515809535980225,2.384554147720337,1.9817836284637451,8.574082374572754,8.933411598205566,7.515362149966794,0.16176623106002808,0.9999468326568604,0.9999518990516663,0.9998263716697693,0.9998069405555725,0.9999968409538269,0.0028737080283463,0.0011022713733837008,3.540137186064385e-05,0.004396848846226931,0.35210850834846497,-0.0977427214384079,-0.4637555480003357,2.3845818042755127,2.4560539722442627,2.2387845516204834,2.075784921646118,2.4052321910858154,0.6194822857098851,1.0077059268951416,0.8649892807006836,0.9999836087226868,0.9996032118797302,0.9990018606185913,0.8436048030853271,0.10452558100223541,0.04623816907405853,0.0020133531652390957,0.1896980255842209,0.8941550850868225,0.08145148307085037,-0.696885883808136,7.14724063873291,3.03265118598938,2.1121528148651123,57.84856033325195,9.834805488586426,181.96575927734375,123.6119384765625,15.124445915222168,127.61691284179688,183.84458923339844,71.21391296386719,93.23407745361328,3.7041878700256348,3.1354174613952637,4.353512287139893,3.2614548206329346,3.7372357845306396,4.474760055541992,5.011264801025391,4.155979156494141,5.209079742431641,4.77216911315918,4.181506633758545,4.198861122131348
187,7.0349040031433105,2.3865983486175537,2.004359722137451,7.850928783416748,8.232681274414062,7.034402312278433,0.15783341228961945,0.9999358654022217,0.9997252225875854,0.9998005032539368,0.9998149275779724,0.999998927116394,0.002952978480607271,0.0011424244148656726,3.792988718487322e-05,0.005610224790871143,0.3389378786087036,-0.09502220153808594,-0.42924514412879944,2.7267985343933105,2.5528340339660645,2.395939350128174,2.251447916030884,2.7962887287139893,1.3873984886550286,1.0923473834991455,0.7780318260192871,0.9988724589347839,0.9995377659797668,0.9992259740829468,0.7259153723716736,0.13254156708717346,0.04697258397936821,0.0018538531148806214,0.316055029630661,0.2974487841129303,-0.04410066083073616,-0.5968285202980042,2.2540857791900635,7.403924942016602,16.063026428222656,31.810075759887695,17.187904357910156,199.7371063232422,78.3442611694336,5.907504558563232,115.3907241821289,185.53057861328125,65.96292114257812,91.7150650024414,3.553525447845459,3.2472784519195557,4.396255016326904,3.3868489265441895,3.793834686279297,4.508129596710205,5.035079479217529,4.194371700286865,5.247725963592529,4.79034423828125,4.215339183807373,4.225049018859863
188,6.669836044311523,2.37699294090271,2.008509874343872,7.119450092315674,7.745102882385254,6.669309846803956,0.17216509580612183,0.9999293684959412,0.999951958656311,0.9997273683547974,0.9998016357421875,0.9999992251396179,0.003073524683713913,0.0011622491292655468,4.0940616599982604e-05,0.006450791843235493,0.3060895502567291,-0.0946260467171669,-0.3909469246864319,2.466418981552124,2.476181983947754,2.2933154106140137,2.043727159500122,2.4969799518585205,0.6482950718032131,1.0886659622192383,0.8074361681938171,0.9989498257637024,0.9990631937980652,0.997853696346283,0.7722065448760986,0.13053329288959503,0.04398636892437935,0.002041894244030118,0.2959275543689728,0.5287922620773315,0.006588909309357405,-0.8585876822471619,0.5075050592422485,1.8818066120147705,62.194610595703125,14.964188575744629,10.55888557434082,189.8817901611328,61.287715911865234,4.356011867523193,139.13302612304688,189.9775390625,67.47431182861328,92.43464660644531,3.2394561767578125,3.1005797386169434,4.440526962280273,3.4367737770080566,3.8279738426208496,4.536799907684326,5.029979228973389,4.171849727630615,5.262763500213623,4.7899274826049805,4.183663368225098,4.1982903480529785
189,6.534480571746826,2.3958141803741455,2.052385091781616,6.870399475097656,7.5460734367370605,6.5340685959558,0.18281176686286926,0.9999425411224365,0.9999719858169556,0.999772846698761,0.9998052716255188,0.9999994039535522,0.0030788551084697247,0.00115313904825598,4.1747658542590216e-05,0.006440246943384409,0.2599674463272095,-0.09447666257619858,-0.3813399076461792,2.493759870529175,2.603933811187744,2.4482665061950684,2.2411625385284424,2.5007822513580322,0.5751531150567103,1.140219807624817,0.8525804281234741,0.999372661113739,0.9994494318962097,0.9983439445495605,0.82829350233078,0.12043815106153488,0.04178093746304512,0.0018758313963189721,0.23563356697559357,0.25246429443359375,-0.002367268782109022,-0.7962548732757568,2.5130064487457275,1.2394462823867798,76.09475708007812,7.843222141265869,25.49532699584961,199.51268005371094,19.952695846557617,5.011659145355225,127.35993194580078,185.03097534179688,65.00537109375,91.5047607421875,3.144416093826294,2.9065701961517334,4.478025436401367,3.5007731914520264,3.8469789028167725,4.565257549285889,5.036642074584961,4.177827835083008,5.280080318450928,4.789659023284912,4.172623157501221,4.192960262298584
190,6.4964118003845215,2.3287363052368164,2.053999423980713,7.1329240798950195,7.5351409912109375,6.495941369067793,0.1835065335035324,0.99993497133255,0.9999801516532898,0.9997434616088867,0.9998073577880859,0.9999995231628418,0.003165883244946599,0.0011827455600723624,4.084380270796828e-05,0.005688359495252371,0.2119489312171936,-0.09335825592279434,-0.44413554668426514,2.5661587715148926,2.6734514236450195,2.6466434001922607,2.5338048934936523,2.553659677505493,1.3223661783777507,1.108583688735962,0.8544776439666748,0.998180627822876,0.9994725584983826,0.9977207779884338,0.8309890031814575,0.09523113816976547,0.038906119763851166,0.0014977370155975223,0.253499835729599,0.2969956398010254,0.0007551551098003983,-0.7072924971580505,10.300049781799316,1.137204885482788,60.2586555480957,15.258523941040039,33.944480895996094,194.6707305908203,5.674832344055176,6.4234490394592285,133.42141723632812,142.7594757080078,60.384883880615234,84.00013732910156,3.3134093284606934,2.720612049102783,4.511736869812012,3.561810255050659,3.861940622329712,4.592674732208252,4.974361419677734,4.206886291503906,5.284194469451904,4.812228202819824,4.183985710144043,4.2043304443359375
191,7.259458541870117,2.384878396987915,2.1173453330993652,8.239526748657227,8.789773941040039,7.258999861552762,0.16657237708568573,0.9999435544013977,0.9999498128890991,0.9998224377632141,0.9998361468315125,0.999999463558197,0.0030506879556924105,0.0011990246130153537,3.656712578958832e-05,0.0035355964209884405,0.2090758979320526,-0.09500690549612045,-0.40456539392471313,3.110921859741211,2.945528745651245,2.9315168857574463,2.9865660667419434,3.158153533935547,0.3523083066950263,1.1853855848312378,0.595328688621521,0.9987061023712158,0.9997492432594299,0.9992167353630066,0.4817206859588623,0.08537286520004272,0.033382635563611984,0.0009817922255024314,0.06941898912191391,0.1989382803440094,-0.05884275212883949,-0.6666198968887329,14.438654899597168,9.0308256149292,16.57561492919922,25.950199127197266,49.76103973388672,187.96182250976562,3.17484712600708,13.460152626037598,88.0118637084961,41.71574020385742,45.00807571411133,66.4520034790039,3.4983956813812256,2.8538248538970947,4.528911590576172,3.630310535430908,3.901433229446411,4.6153998374938965,4.770163059234619,4.232599258422852,5.303216457366943,4.826478958129883,4.216073513031006,4.234179496765137
192,7.841856956481934,2.454716205596924,2.1646716594696045,8.701906204223633,9.826465606689453,7.841286415762936,0.15528491139411926,0.9999337792396545,0.9997986555099487,0.9998434782028198,0.9998073577880859,0.9999982714653015,0.0029776592273265123,0.0011918804375454783,3.521350663504563e-05,0.00425378791987896,0.22846892476081848,-0.09585046023130417,-0.45778366923332214,3.3032875061035156,3.0762388706207275,2.856632947921753,2.464393138885498,3.4157052040100098,0.3503302514937568,1.00921630859375,0.5381765365600586,0.9997766017913818,0.9997498393058777,0.9994081854820251,0.4133091866970062,0.07743378728628159,0.0285818912088871,0.001148998155258596,0.05466693639755249,0.35805344581604004,-0.03430638089776039,-0.914629340171814,15.291851997375488,8.596922874450684,12.61811351776123,58.19608688354492,22.206209182739258,181.2362060546875,46.29703140258789,15.98729419708252,83.42012023925781,48.23566818237305,49.208553314208984,66.91388702392578,3.6664581298828125,2.9871628284454346,4.542633056640625,3.6815547943115234,3.9097750186920166,4.643130779266357,4.7924723625183105,4.211732864379883,5.314329624176025,4.8225812911987305,4.257183074951172,4.273597240447998
193,7.527021884918213,2.472867965698242,2.1847751140594482,8.086906433105469,9.187590599060059,7.526443912890235,0.1459633708000183,0.9999315142631531,0.9999366998672485,0.9997914433479309,0.999817430973053,0.9999994039535522,0.0029999117832630873,0.0011945439036935568,3.619470589910634e-05,0.004690071102231741,0.26939767599105835,-0.09358996152877808,-0.5080174803733826,2.6948344707489014,2.878926992416382,2.611607789993286,2.2447028160095215,2.7076125144958496,0.4560020461693724,0.9687280654907227,0.7792485952377319,0.9999714493751526,0.9997838735580444,0.9993193745613098,0.7540723085403442,0.06672332435846329,0.024807428941130638,0.0014718009624630213,0.14484776556491852,0.6317228078842163,0.0060385228134691715,-0.696466326713562,9.333852767944336,5.890274524688721,13.427386283874512,41.887657165527344,7.775181770324707,167.74671936035156,91.15991973876953,14.43486499786377,127.12191009521484,100.00811004638672,57.87858963012695,75.54912567138672,3.8095736503601074,3.105672597885132,4.5480732917785645,3.7214157581329346,3.917179584503174,4.6702117919921875,4.8221659660339355,4.243252277374268,5.320070266723633,4.82189416885376,4.297950744628906,4.305662155151367
194,7.410937309265137,2.5083301067352295,2.210973024368286,7.922496318817139,8.916849136352539,7.409614026317314,0.14538981020450592,0.9998286366462708,0.9999701976776123,0.999821126461029,0.9998204708099365,0.9998219013214111,0.003023581812158227,0.001173825585283339,3.789884431171231e-05,0.004229104612022638,0.23927639424800873,-0.09399890899658203,-0.5266426801681519,2.5868730545043945,2.6139979362487793,2.403759241104126,2.6346685886383057,2.5959270000457764,1.3192121436410995,1.0889546871185303,0.8469412922859192,0.9999068975448608,0.99961256980896,0.9990223050117493,0.8348225951194763,0.07138722389936447,0.023315712809562683,0.0015114041743800044,0.3890537917613983,0.5254853367805481,-0.02931704930961132,-0.6369761228561401,2.679348945617676,5.175793170928955,107.64183807373047,15.701176643371582,9.91960334777832,170.1337890625,9.04269790649414,5.5333356857299805,143.12191772460938,134.36485290527344,60.3314323425293,83.19725799560547,3.6726605892181396,3.203448534011841,4.582831382751465,3.736757516860962,3.9718234539031982,4.69200325012207,4.852707386016846,4.26352596282959,5.34200382232666,4.841042518615723,4.315880298614502,4.322087287902832
195,6.948915958404541,2.574083089828491,2.2448036670684814,7.4992756843566895,8.061553001403809,6.943836559963149,0.153187558054924,0.9992721676826477,0.9998155236244202,0.9997932314872742,0.9998312592506409,0.9990516304969788,0.0029886558186262846,0.0011283482890576124,4.019309562863782e-05,0.004795155022293329,0.21577847003936768,-0.09381211549043655,-0.49509215354919434,2.4548230171203613,2.319247007369995,1.9958604574203491,2.3990793228149414,2.4746618270874023,1.3841486016498787,0.9957678318023682,0.8859618306159973,0.9985507726669312,0.9989861845970154,0.9977172613143921,0.878588080406189,0.07120661437511444,0.017853504046797752,0.001673504593782127,0.4409956932067871,0.32553038001060486,-0.026549262925982475,-0.5577159523963928,0.42015504837036133,5.339265823364258,115.49404907226562,22.72730255126953,10.03746223449707,161.43753051757812,45.13462448120117,3.9353604316711426,151.0805206298828,166.72279357910156,68.23291015625,89.17665100097656,3.341817617416382,3.292124032974243,4.617963790893555,3.806766986846924,3.979998826980591,4.710249423980713,4.8892502784729,4.19872522354126,5.364104270935059,4.85914945602417,4.3060150146484375,4.311826705932617
196,6.651021480560303,2.6769521236419678,2.293849229812622,7.2150092124938965,7.484374523162842,6.646366171155841,0.1762673258781433,0.999298095703125,0.9999990463256836,0.9998583793640137,0.9998151063919067,0.9991065859794617,0.0028478754684329033,0.0010316057596355677,4.0524315409129485e-05,0.0054307058453559875,0.2193954885005951,-0.09435020387172699,-0.4882107973098755,2.459251642227173,2.4418585300445557,2.1156766414642334,2.3571040630340576,2.4705874919891357,0.5268202843022394,1.0030986070632935,0.8568833470344543,0.9944803714752197,0.995998203754425,0.9923950433731079,0.8499450087547302,0.0556844137609005,0.012694102711975574,0.0016373867401853204,0.38138914108276367,0.3275957703590393,-0.06197921931743622,-0.5786483287811279,0.09032325446605682,0.8220033049583435,81.0272445678711,15.546137809753418,7.395857334136963,170.58067321777344,76.22127532958984,6.337382793426514,154.50177001953125,146.0964813232422,65.8619155883789,86.4161148071289,3.016162633895874,3.0411088466644287,4.642877101898193,3.8734359741210938,4.017210483551025,4.721321105957031,4.915554046630859,4.2319746017456055,5.3815813064575195,4.878522872924805,4.271975040435791,4.289618492126465
197,6.314236640930176,2.731016159057617,2.340087413787842,6.825192451477051,6.925473690032959,6.311638716004046,0.185097336769104,0.9995865225791931,0.9997734427452087,0.9998087882995605,0.9998371601104736,0.9995282888412476,0.0028049692045897245,0.0009368366445414722,4.1831081034615636e-05,0.006462485995143652,0.19946184754371643,-0.09290468692779541,-0.4689987003803253,2.514230489730835,2.4533116817474365,1.9910993576049805,2.331571102142334,2.52754807472229,1.6305493150361547,1.054484248161316,0.8804522752761841,0.9985247254371643,0.9996351599693298,0.9983108639717102,0.8756269812583923,0.0518791489303112,0.01027691550552845,0.0016237962990999222,0.33107930421829224,0.24996113777160645,-0.047113727778196335,-0.5339549779891968,1.9225149154663086,2.361531972885132,39.711795806884766,11.600132942199707,7.358254432678223,174.2860107421875,98.557861328125,7.2110161781311035,142.80511474609375,163.4875030517578,64.93017578125,87.67916870117188,2.8927931785583496,2.9540932178497314,4.662580490112305,3.9518442153930664,4.044903755187988,4.721597671508789,4.94730281829834,4.266294479370117,5.395750045776367,4.896410942077637,4.273356914520264,4.292447566986084
198,6.3249711990356445,2.7377052307128906,2.3462765216827393,6.906369209289551,6.86725378036499,6.323292585305368,0.18564455211162567,0.9997374415397644,0.9998170137405396,0.9997909069061279,0.9998049736022949,0.9997238516807556,0.002680989447981119,0.0008851537713780999,4.041056308778934e-05,0.006484647281467915,0.17198756337165833,-0.09159447252750397,-0.47338002920150757,2.6242785453796387,2.3082830905914307,1.9465380907058716,2.322307825088501,2.640573501586914,2.4234033169655755,0.9994900226593018,0.9195298552513123,0.9996532797813416,0.9994227886199951,0.9984686374664307,0.9164947271347046,0.047946758568286896,0.009166397154331207,0.0016586704878136516,0.2770434319972992,0.23750098049640656,-0.023569593206048012,-0.7439152002334595,17.68553352355957,0.9400584101676941,19.129840850830078,17.661773681640625,10.732495307922363,185.63328552246094,114.47405242919922,19.149852752685547,130.3946075439453,152.0555419921875,66.78570556640625,88.236083984375,3.1216371059417725,2.7489731311798096,4.6785054206848145,3.9502174854278564,4.053849220275879,4.718198299407959,4.96734094619751,4.298306941986084,5.403554439544678,4.909792900085449,4.285037517547607,4.304781436920166
199,6.182438850402832,2.6670470237731934,2.262071132659912,6.608691692352295,6.681231498718262,6.180255597320314,0.17111694812774658,0.9996485114097595,0.9998698234558105,0.999747097492218,0.9998331665992737,0.9996216297149658,0.002469325438141823,0.0009123468771576881,4.065132452524267e-05,0.006843341048806906,0.16469860076904297,-0.08829987049102783,-0.4752315282821655,2.3617987632751465,1.861633539199829,1.6286648511886597,1.953378438949585,2.382282018661499,2.3525390987453654,0.857159435749054,0.9899813532829285,0.9995825886726379,0.9996738433837891,0.9992339015007019,0.9895713329315186,0.03650481626391411,0.009018507786095142,0.0021897440310567617,0.22282341122627258,0.5093988180160522,0.09214300662279129,-0.6552131772041321,45.802982330322266,13.060287475585938,2.3774404525756836,26.3172550201416,20.32375144958496,148.35707092285156,156.80075073242188,24.6027889251709,124.50098419189453,135.07662963867188,69.72200012207031,84.56246948242188,3.3011205196380615,2.8908722400665283,4.351484775543213,3.9000625610351562,4.06808614730835,4.711642265319824,4.938042163848877,4.299590587615967,5.401974201202393,4.909402370452881,4.277227878570557,4.283721923828125
200,7.365207672119141,2.6822967529296875,2.261737823486328,7.787135124206543,8.200479507446289,7.3648828252983956,0.15878459811210632,0.9999589920043945,0.9999954104423523,0.999797523021698,0.9998347759246826,0.9999985098838806,0.0023749799001961946,0.0009044409962370992,3.529771856847219e-05,0.005571240559220314,0.18365786969661713,-0.09453549236059189,-0.5095576047897339,2.433854818344116,2.9625229835510254,2.35395884513855,2.7679338455200195,2.4298431873321533,2.4181470006460093,0.8816458582878113,0.9836931228637695,0.9999126195907593,0.9997586011886597,0.9995191693305969,0.9833466410636902,0.022806204855442047,0.005809792783111334,0.0011158097768202424,0.1330133080482483,0.49574047327041626,-0.010139571502804756,-0.7939224243164062,41.51163864135742,19.351518630981445,14.886987686157227,54.503395080566406,16.484352111816406,18.378299713134766,131.233642578125,20.19497299194336,157.3680877685547,84.97666931152344,55.88895797729492,68.91812133789062,3.4031479358673096,3.004971742630005,4.3864312171936035,3.8801302909851074,4.067756652832031,4.693265914916992,4.91049861907959,4.334573745727539,5.310864448547363,4.909819602966309,4.2901458740234375,4.304398536682129
201,8.612833976745605,2.6314315795898438,2.160088539123535,8.770707130432129,10.137721061706543,8.61177631719718,0.14574524760246277,0.9998112320899963,0.9999907612800598,0.9998193383216858,0.9998239874839783,0.9997987151145935,0.0023120089899748564,0.00092677230713889,3.090032987529412e-05,0.003925053868442774,0.20117715001106262,-0.0974361002445221,-0.531419038772583,1.657056212425232,2.339576244354248,1.5194542407989502,1.8148173093795776,1.6556119918823242,1.657376948532631,0.8073538541793823,0.9996464252471924,0.9996709823608398,0.9997442960739136,0.9994908571243286,0.9996473789215088,0.042172838002443314,0.013064655475318432,0.0022101288195699453,0.1600048989057541,0.481713205575943,0.159340962767601,-0.9523626565933228,62.698299407958984,17.3018856048584,59.7320671081543,128.57882690429688,61.48762130737305,10.70914363861084,117.31336975097656,23.530948638916016,214.7410430908203,44.74193572998047,74.0835189819336,81.52032470703125,3.4846320152282715,3.0800139904022217,4.3682780265808105,3.8623569011688232,4.06044340133667,4.476011276245117,4.829799175262451,4.319845676422119,5.214744567871094,4.857495307922363,4.255362033843994,4.27162504196167
202,9.076861381530762,2.7165961265563965,2.2507050037384033,8.708681106567383,10.60212230682373,9.075203656870643,0.13545288145542145,0.9997565150260925,0.9993646740913391,0.9996523857116699,0.9997988939285278,0.9998090863227844,0.002208862453699112,0.0008648696239106357,3.074466803809628e-05,0.0035635821986943483,0.1879405379295349,-0.09832356870174408,-0.5745149850845337,3.5587260723114014,3.9544780254364014,3.6268506050109863,3.223626136779785,3.5628926753997803,3.558669923300629,1.025958776473999,0.9999805688858032,0.999529242515564,0.9996852278709412,0.9993387460708618,0.9999919533729553,0.011314216069877148,0.002526337979361415,0.0006957864388823509,0.08258476108312607,0.2699611186981201,-0.06830278038978577,-0.8300817012786865,6.258206367492676,4.486255645751953,62.21750259399414,27.896427154541016,31.83319854736328,49.68115997314453,18.388988494873047,12.845681190490723,158.6513671875,46.903907775878906,41.9162712097168,57.81373977661133,3.6514134407043457,3.1810731887817383,4.4225754737854,3.934163808822632,4.073333263397217,4.501565933227539,4.840488910675049,4.324034690856934,5.2273173332214355,4.875664234161377,4.303163051605225,4.316343784332275
203,9.33267879486084,2.7923598289489746,2.3448173999786377,8.884941101074219,10.809144973754883,9.331838594616572,0.1330198049545288,0.999915361404419,0.999909520149231,0.999715268611908,0.9998061656951904,0.9999822974205017,0.0020904873963445425,0.0008300781482830644,3.1048904929775745e-05,0.0032044516410678625,0.16565804183483124,-0.10003799200057983,-0.5802481174468994,2.596762180328369,2.316622257232666,2.224924087524414,2.7139649391174316,2.5979316234588623,2.5948073579529747,1.1374967098236084,0.9992861151695251,0.9997777342796326,0.999682605266571,0.9990720152854919,0.9992853999137878,0.023776251822710037,0.006858886685222387,0.0013880026526749134,0.3479938507080078,0.3840565085411072,-0.034139785915613174,-0.8772911429405212,4.842435836791992,5.028107166290283,70.35332489013672,19.9405460357666,10.756330490112305,178.19113159179688,11.435282707214355,3.279474973678589,172.17176818847656,164.38265991210938,64.0381088256836,90.51036071777344,3.673276901245117,3.2647249698638916,4.469627857208252,3.9315788745880127,4.087750434875488,4.527393817901611,4.859660625457764,4.203097343444824,5.253846645355225,4.8823347091674805,4.315329551696777,4.328562259674072
204,8.936647415161133,2.8879597187042236,2.42383074760437,8.679581642150879,10.097212791442871,8.936101076778305,0.14288580417633057,0.9999427795410156,0.9992648959159851,0.9998435378074646,0.9998452067375183,0.9999973177909851,0.0020047971047461033,0.0008117995457723737,3.2130170438904315e-05,0.00400597183033824,0.1865149289369583,-0.1012100875377655,-0.570937991142273,2.544851541519165,1.8372489213943481,1.8596007823944092,2.417476177215576,2.5568649768829346,2.292603085104113,1.1184695959091187,0.9020408987998962,0.9860600829124451,0.9878911375999451,0.9915567636489868,0.899392306804657,0.03589991480112076,0.011118314228951931,0.0016157828504219651,0.30042773485183716,0.41715365648269653,-0.03691801801323891,-0.8880001902580261,0.04248232766985893,6.57598876953125,52.350135803222656,27.48703956604004,5.950139045715332,178.3456573486328,35.7932243347168,8.741469383239746,183.22938537597656,194.04263305664062,69.25582122802734,96.70780181884766,3.3096797466278076,3.337482213973999,4.5004730224609375,3.9847702980041504,4.0954790115356445,4.546690940856934,4.868432521820068,4.220458507537842,5.274479389190674,4.893392562866211,4.303133487701416,4.319877624511719
205,8.393946647644043,2.86665940284729,2.4361860752105713,8.580401420593262,9.259737014770508,8.39336550574301,0.1632426530122757,0.9999392628669739,0.9989343881607056,0.9998105764389038,0.9998347163200378,0.9999994039535522,0.0019884516950696707,0.0007852441049180925,3.277897121733986e-05,0.0043154372833669186,0.21602758765220642,-0.10029752552509308,-0.5529351830482483,2.6849536895751953,2.0147266387939453,2.0283734798431396,2.483699083328247,2.7006278038024902,0.6480646381652605,1.2006174325942993,0.782371997833252,0.9995303750038147,0.9995091557502747,0.998363733291626,0.7746358513832092,0.03770123049616814,0.01205976027995348,0.0014930152101442218,0.2833584249019623,0.8678632378578186,-0.018093105405569077,-0.5661764740943909,1.6559828519821167,1.6289747953414917,13.759939193725586,30.839263916015625,8.255667686462402,190.52096557617188,33.47092819213867,14.229866027832031,164.52281188964844,201.12509155273438,66.0009536743164,96.64275360107422,3.049255609512329,3.1460683345794678,4.533247947692871,4.019368648529053,4.100248336791992,4.5811028480529785,4.902077674865723,4.248221397399902,5.3031535148620605,4.902760028839111,4.278550624847412,4.304742813110352
206,8.085084915161133,2.8263895511627197,2.4300830364227295,8.803699493408203,8.83135986328125,8.084748615679198,0.15616196393966675,0.9999629259109497,0.9994471073150635,0.999860942363739,0.9998247027397156,0.9999996423721313,0.001976926811039448,0.0007802787586115301,3.244371328037232e-05,0.004954719450324774,0.22853651642799377,-0.09795012325048447,-0.5363883972167969,2.766376495361328,2.3321495056152344,2.1061296463012695,2.3329010009765625,2.78960919380188,0.5173309259762746,1.1212615966796875,0.7917007207870483,0.9998412132263184,0.9997886419296265,0.9990143179893494,0.7820702195167542,0.04447411745786667,0.014326430857181549,0.0015666879480704665,0.24399900436401367,0.4366905093193054,-0.0033687432296574116,-0.8074186444282532,18.9344482421875,3.200178623199463,10.922219276428223,26.473379135131836,11.49323558807373,182.01773071289062,47.23707962036133,13.186140060424805,144.49659729003906,199.8282012939453,65.77892303466797,92.94080352783203,3.246476650238037,3.128267765045166,4.554223537445068,4.046404838562012,4.107758045196533,4.613267421722412,4.911646366119385,4.267043113708496,5.315250873565674,4.916245460510254,4.3106584548950195,4.329909324645996
207,8.073896408081055,2.8628618717193604,2.4760167598724365,8.870443344116211,8.790542602539062,8.073456566151668,0.14928178489208221,0.9999510645866394,0.9992850422859192,0.9998007416725159,0.9998096823692322,0.9999995231628418,0.001932236598804593,0.0007554831099696457,3.246595588279888e-05,0.00482561020180583,0.19999244809150696,-0.09720675647258759,-0.5225589275360107,2.7163784503936768,2.569136381149292,2.3433518409729004,2.3399529457092285,2.7332396507263184,1.2874309357995175,1.1762843132019043,0.7916527390480042,0.9999521970748901,0.9998310804367065,0.9990513324737549,0.7810110449790955,0.05434464290738106,0.013474865816533566,0.0015382268466055393,0.1253437101840973,0.33587318658828735,-0.017469141632318497,-0.708755373954773,26.71164894104004,3.5180084705352783,25.699703216552734,7.177542209625244,15.313097953796387,209.48568725585938,29.181474685668945,9.085290908813477,127.54652404785156,188.79833984375,64.2517318725586,93.09090423583984,3.4328510761260986,3.1207363605499268,4.574381351470947,4.095889091491699,4.131924629211426,4.636564254760742,4.9283857345581055,4.286773681640625,5.318493366241455,4.928770065307617,4.345477104187012,4.3603129386901855
208,7.988908767700195,3.001943588256836,2.572627544403076,8.708218574523926,8.623589515686035,7.9886820194367045,0.14646564424037933,0.9999732971191406,0.9999966025352478,0.999836266040802,0.9997943043708801,0.999999463558197,0.0018802409758791327,0.0007153066108003259,3.2793846912682056e-05,0.004146328661590815,0.17688268423080444,-0.09679058939218521,-0.5071185231208801,2.6698191165924072,2.7435073852539062,2.414475917816162,2.4318583011627197,2.6790037155151367,0.46840435591771507,1.1412910223007202,0.7955312728881836,0.999933660030365,0.999752938747406,0.9989870190620422,0.7866683602333069,0.04938216879963875,0.012245140969753265,0.0015189722180366516,0.18176518380641937,0.27785301208496094,-0.02684449963271618,-0.7133288383483887,28.39483642578125,3.0291974544525146,56.04802322387695,9.246988296508789,8.613982200622559,206.966796875,20.705360412597656,11.72150707244873,114.1562271118164,193.5615692138672,65.24444580078125,92.71273803710938,3.5906291007995605,3.0934362411499023,4.6049089431762695,4.079700469970703,4.163079738616943,4.661982536315918,4.957852840423584,4.319199085235596,5.334211826324463,4.9379072189331055,4.374290466308594,4.386727809906006
209,8.008783340454102,3.186065435409546,2.706609010696411,8.372221946716309,8.580214500427246,8.0092159042785,0.14868581295013428,0.9999538660049438,0.999955952167511,0.999808669090271,0.9997939467430115,0.9999791383743286,0.0018862169235944748,0.0006410391069948673,3.339526301715523e-05,0.004785668104887009,0.18872979283332825,-0.09714291989803314,-0.4965338110923767,2.8090875148773193,2.7761826515197754,2.4557461738586426,2.471693515777588,2.8206820487976074,1.2878664846073231,1.1542707681655884,0.7934684157371521,0.9997313022613525,0.9997401833534241,0.9980124831199646,0.7855902314186096,0.04563027620315552,0.009351386688649654,0.0013423435157164931,0.23720693588256836,0.28314706683158875,-0.07042171061038971,-0.6075465083122253,9.489139556884766,2.183069944381714,42.754825592041016,21.181650161743164,21.175294876098633,197.15548706054688,16.15494155883789,3.1455342769622803,146.683349609375,173.50210571289062,63.3425407409668,91.13435363769531,3.741675615310669,2.9886269569396973,4.633890628814697,4.133814334869385,4.200045585632324,4.689647197723389,4.966856002807617,4.192617893218994,5.360228538513184,4.939919948577881,4.384732246398926,4.398777484893799
210,8.285046577453613,3.2477927207946777,2.8254282474517822,8.754182815551758,8.865621566772461,8.28476331165049,0.13962902128696442,0.9999021291732788,0.9998795986175537,0.9998318552970886,0.9998266100883484,0.9999145865440369,0.0018664960516616702,0.00061945611378178,3.258233118685894e-05,0.003960465081036091,0.17931781709194183,-0.09819552302360535,-0.5328446626663208,3.0211703777313232,2.5506064891815186,2.607642650604248,2.631459951400757,3.0344245433807373,1.1819243517082896,1.2057472467422485,0.6856426000595093,0.9989736080169678,0.999835193157196,0.9995046257972717,0.6746793985366821,0.034247200936079025,0.01004133652895689,0.001304368837736547,0.16860271990299225,0.2781814932823181,-0.06767747551202774,-0.7651920914649963,6.571267604827881,9.889504432678223,16.891002655029297,30.9980525970459,21.77088737487793,194.34385681152344,15.31088924407959,10.891096115112305,186.34971618652344,84.57808685302734,57.759437561035156,85.89533233642578,3.853590965270996,3.1114044189453125,4.654509544372559,4.182039737701416,4.210441589355469,4.707743167877197,4.95344877243042,4.206247329711914,5.383155345916748,4.950738430023193,4.421331882476807,4.432056427001953
211,8.528168678283691,3.2996718883514404,2.836082696914673,8.905619621276855,9.15662956237793,8.52792100478088,0.1416909396648407,0.9999720454216003,0.9998705983161926,0.9998365044593811,0.9998064041137695,0.9999987483024597,0.001832429668866098,0.000620651466306299,3.2209365599555895e-05,0.004410276655107737,0.18574348092079163,-0.09921467304229736,-0.5786328911781311,2.6323986053466797,2.109668254852295,1.9598538875579834,2.0825326442718506,2.6538312435150146,1.9934321088623679,1.0311232805252075,0.8582778573036194,0.9994874596595764,0.9995930194854736,0.9987941980361938,0.8525581955909729,0.028494004160165787,0.010118978098034859,0.0018181238556280732,0.17863242328166962,0.23894445598125458,-0.04022137075662613,-0.8693337440490723,1.4646135568618774,7.318047523498535,19.67664909362793,56.06387710571289,27.602890014648438,189.9242401123047,75.53189849853516,25.632165908813477,207.4364013671875,63.993961334228516,67.4644775390625,90.58901977539062,3.5995373725891113,3.192751169204712,4.64381217956543,4.199370384216309,4.21394681930542,4.688520431518555,4.955053329467773,4.243858337402344,5.369229316711426,4.957498073577881,4.406358242034912,4.42008638381958
212,7.708320617675781,3.3503010272979736,2.814042568206787,8.072858810424805,8.146932601928711,7.708046077002882,0.15146417915821075,0.9999664425849915,0.9992696642875671,0.9998161792755127,0.9998344779014587,0.999998927116394,0.0017951562767848372,0.0006361014093272388,3.465580812189728e-05,0.005177216604351997,0.23036140203475952,-0.09796062111854553,-0.5943344235420227,2.3362271785736084,2.0361249446868896,1.82845139503479,1.9658845663070679,2.348525285720825,2.300805614249479,0.9847342371940613,0.9652599096298218,0.9906365871429443,0.9928597807884216,0.9927677512168884,0.9643669128417969,0.031399235129356384,0.012583844363689423,0.002341626212000847,0.2749934196472168,0.6139222979545593,0.022186992689967155,-0.6888972520828247,0.07151010632514954,12.181442260742188,26.71932029724121,68.21175384521484,11.010710716247559,217.80050659179688,102.82447814941406,16.559457778930664,214.24172973632812,149.98916625976562,81.96101379394531,105.74868774414062,3.246105909347534,3.2787084579467773,4.618305683135986,4.211705684661865,4.156959533691406,4.666868686676025,4.981922149658203,4.274840354919434,5.370059490203857,4.948124885559082,4.375360012054443,4.38848876953125
213,7.482036113739014,3.406921625137329,2.9335834980010986,7.976076602935791,7.823030471801758,7.481759819053417,0.14163891971111298,0.9999651908874512,0.9991220235824585,0.9997681379318237,0.9998326301574707,0.9999993443489075,0.0017004840774461627,0.0006079251179471612,3.527924491208978e-05,0.005520861595869064,0.21862243115901947,-0.09666989743709564,-0.6213821172714233,2.7232859134674072,3.790025472640991,3.130342721939087,2.7821366786956787,2.720541000366211,2.7219262045355985,1.1634448766708374,0.998353898525238,0.9990788102149963,0.9995242357254028,0.9996187686920166,0.9983373284339905,0.018938561901450157,0.005365637596696615,0.0012475312687456608,0.16284747421741486,0.2766305208206177,-0.060635849833488464,-0.8028001189231873,5.179683208465576,11.944442749023438,18.327516555786133,20.768585205078125,4.2974700927734375,93.73780822753906,74.60154724121094,16.680957794189453,217.3117218017578,206.4595489501953,66.9309310913086,96.38878631591797,3.4081382751464844,3.368258237838745,4.637655258178711,4.257134437561035,4.1559600830078125,4.681058406829834,5.0039215087890625,4.317349910736084,5.390031337738037,4.948697090148926,4.416820526123047,4.4215874671936035
214,8.292481422424316,3.4014556407928467,2.8146419525146484,9.100192070007324,8.80862045288086,8.29230187529988,0.1350390613079071,0.9999790191650391,0.9999114871025085,0.9998592734336853,0.9998257756233215,0.9999991655349731,0.00167829729616642,0.0006486530764959753,3.104649294982664e-05,0.004368319641798735,0.276578813791275,-0.0999985933303833,-0.5951589345932007,1.9424458742141724,2.5096232891082764,1.694840431213379,1.9357682466506958,1.9442578554153442,1.9429292865564942,0.9925469160079956,0.9990047812461853,0.99972003698349,0.9996235370635986,0.9994417428970337,0.9989929795265198,0.04309557005763054,0.015210459008812904,0.0023510046303272247,0.29722559452056885,0.9182298183441162,0.12289399653673172,-0.9378303289413452,84.4686050415039,4.236356258392334,108.02145385742188,58.824771881103516,15.609182357788086,5.62194299697876,114.41474151611328,13.101404190063477,282.173583984375,209.96087646484375,89.64329528808594,112.29573822021484,3.4872922897338867,3.42191743850708,4.621120452880859,4.191976070404053,3.9648597240448,4.638080596923828,4.904664039611816,4.318766117095947,5.307138442993164,4.938142776489258,4.379395961761475,4.387359619140625
215,7.725765228271484,3.1166107654571533,2.5290205478668213,8.581018447875977,8.239137649536133,7.7253976457838185,0.13177482783794403,0.9999392628669739,0.99952632188797,0.9998481869697571,0.9998303055763245,0.9999616742134094,0.0017931972397491336,0.0006927220965735614,3.1331495847553015e-05,0.0027147948276251554,0.23657938838005066,-0.09879852086305618,-0.5700304508209229,1.9753426313400269,1.8041714429855347,1.3881675004959106,2.089219331741333,1.982126235961914,1.5988995343692523,0.8028830885887146,0.9283944964408875,0.9995654225349426,0.9996160268783569,0.9990532994270325,0.9261003136634827,0.0716315284371376,0.020879928022623062,0.0033110713120549917,0.5205549597740173,0.8663027286529541,0.16780953109264374,-0.36674797534942627,83.18048858642578,6.8673248291015625,246.13473510742188,31.398292541503906,194.14358520507812,208.76466369628906,2.5880825519561768,16.636383056640625,246.22218322753906,179.0275421142578,121.49633026123047,139.0121612548828,3.6342878341674805,3.4525790214538574,4.615850925445557,3.7486119270324707,3.9814534187316895,4.647012233734131,4.616755962371826,4.287113189697266,5.309713840484619,4.876160144805908,4.316954135894775,4.318249702453613
216,7.619091510772705,3.1160640716552734,2.3565030097961426,8.677738189697266,8.203367233276367,7.618779080423952,0.12332182377576828,0.9999409317970276,0.9995917677879333,0.9998451471328735,0.9998352527618408,0.9999653697013855,0.0018209237605333328,0.0007351317326538265,3.0494376915157773e-05,0.004281003028154373,0.22375282645225525,-0.09757186472415924,-0.5162835717201233,1.7579131126403809,1.421433448791504,1.4115126132965088,2.1066975593566895,1.760384440422058,1.388632564529128,0.7773596048355103,0.9064666628837585,0.9997240304946899,0.9987578988075256,0.9979093074798584,0.9031156301498413,0.0631876215338707,0.028482062742114067,0.003494081785902381,0.5112483501434326,0.8463094234466553,0.22380997240543365,-0.3994657099246979,128.73507690429688,8.602886199951172,246.18478393554688,41.000850677490234,246.90443420410156,238.4870147705078,1.3448985815048218,3.0228383541107178,189.12060546875,221.46263122558594,132.48660278320312,145.85963439941406,3.7419273853302,3.500731945037842,4.583611965179443,3.76159930229187,3.9801409244537354,4.597570896148682,4.124087333679199,4.1029438972473145,5.256624698638916,4.824348449707031,4.247358798980713,4.243143081665039
217,9.024740219116211,3.2264556884765625,2.396390199661255,11.140796661376953,10.0101900100708,9.024371637913642,0.12100701034069061,0.9995139241218567,0.9993975758552551,0.9998524785041809,0.9997743368148804,0.9994332790374756,0.0018741879612207413,0.0006717974320054054,2.5881710826070048e-05,0.004323872737586498,0.2097439020872116,-0.10106299072504044,-0.4900595247745514,2.2390296459198,1.1089955568313599,1.3054338693618774,2.371750831604004,2.2747952938079834,1.2227318211269338,0.7698197960853577,0.8298212289810181,0.9996364712715149,0.9994774460792542,0.9986317753791809,0.8186250925064087,0.1081937700510025,0.017338164150714874,0.0029739651363343,0.5705678462982178,0.4118972420692444,0.015354140661656857,-0.7833579778671265,95.88536071777344,2.599536895751953,226.33877563476562,139.88763427734375,216.55679321289062,230.48721313476562,15.282219886779785,4.228922367095947,61.88575744628906,245.27474975585938,123.84270477294922,142.70260620117188,3.8754775524139404,3.376330852508545,4.569962501525879,3.7906546592712402,4.032289505004883,4.540693759918213,4.1498284339904785,4.032896995544434,5.219470024108887,4.783477783203125,4.23710823059082,4.242053985595703
218,10.052850723266602,2.936004638671875,2.331760883331299,11.0751314163208,11.597332000732422,10.052118856188,0.13089625537395477,0.9999204277992249,0.9998548030853271,0.9997156262397766,0.9998249411582947,0.9999901652336121,0.0014781315112486482,0.0005557904951274395,2.506081909814384e-05,0.003278549062088132,0.19717496633529663,-0.1024201512336731,-0.4953466057777405,2.518169403076172,1.249839425086975,1.3409560918807983,2.0179193019866943,2.6035449504852295,1.3164462836033504,0.7991839051246643,0.7988865375518799,0.9968123435974121,0.997132420539856,0.9911519289016724,0.7773883938789368,0.150451198220253,0.02135859802365303,0.0030622908379882574,0.5343014597892761,0.3529736399650574,0.01576218567788601,-0.8575475811958313,11.29495620727539,0.12651510536670685,240.44801330566406,155.48867797851562,246.6356658935547,200.7860565185547,39.37672805786133,8.859573364257812,88.74853515625,192.91668701171875,118.4681396484375,140.9459991455078,3.955538749694824,3.0491831302642822,4.561001777648926,3.8597540855407715,4.0481414794921875,4.5000834465026855,4.233846664428711,4.03334903717041,5.188882350921631,4.748826026916504,4.217860698699951,4.232950210571289
219,10.137792587280273,2.674300193786621,2.27822208404541,9.765771865844727,11.87306022644043,10.137173666383477,0.14385823905467987,0.9999224543571472,0.9999410510063171,0.9998622536659241,0.9997965097427368,0.9999461770057678,0.0013457650784403086,0.0004979328368790448,2.637773286551237e-05,0.0030435954686254263,0.18514123558998108,-0.10302196443080902,-0.5077407956123352,2.417436122894287,1.3680568933486938,1.4492292404174805,1.8989397287368774,2.4693872928619385,1.2688701059248875,0.8580062985420227,0.8008888959884644,0.9976510405540466,0.9994258284568787,0.9967660903930664,0.7855380177497864,0.11293449252843857,0.019682392477989197,0.0032323652412742376,0.5468485951423645,0.4325857162475586,0.005395589862018824,-0.848882257938385,0.8871432542800903,2.1579461097717285,231.45233154296875,102.2276382446289,267.20404052734375,85.9251937866211,77.33174133300781,8.014884948730469,216.747802734375,93.59292602539062,108.55416107177734,132.17315673828125,3.6271841526031494,2.908132314682007,4.571808338165283,3.93050217628479,4.053861618041992,4.4718708992004395,4.314531326293945,4.069092750549316,5.208310604095459,4.73110818862915,4.188640117645264,4.211321830749512
220,9.17467975616455,2.6150641441345215,2.2314047813415527,8.179890632629395,10.42259407043457,9.174359279017748,0.15423914790153503,0.9999414086341858,0.9997543692588806,0.999915599822998,0.9998125433921814,0.9999591708183289,0.0013830692041665316,0.0004825896758120507,2.9920263841631822e-05,0.003128977259621024,0.17679090797901154,-0.10124123841524124,-0.5735609531402588,2.415153741836548,1.6065928936004639,1.614470362663269,2.034855842590332,2.4377171993255615,1.620718710484999,0.936219334602356,0.8618991374969482,0.9983751177787781,0.9992335438728333,0.9958890676498413,0.8560009002685547,0.06763982027769089,0.013521917164325714,0.00289395940490067,0.3826512396335602,0.426527738571167,0.019808504730463028,-0.933588445186615,1.5716419219970703,2.8405685424804688,211.29794311523438,73.44589233398438,259.6312255859375,78.09944915771484,74.59194946289062,14.800049781799316,243.24261474609375,49.17177963256836,100.86931610107422,127.66569519042969,3.3840694427490234,2.850741386413574,4.5945234298706055,3.981407403945923,4.070580959320068,4.453855514526367,4.366777420043945,4.076003074645996,5.229259967803955,4.726412296295166,4.173363208770752,4.197850704193115
221,9.392287254333496,2.817131996154785,2.3050262928009033,8.261764526367188,10.617684364318848,9.39210317786904,0.1405591368675232,0.9999611377716064,0.9999487400054932,0.9998539686203003,0.9998549222946167,0.9999926090240479,0.001555947121232748,0.0005398545763455331,2.982197293022182e-05,0.002736996626481414,0.17023950815200806,-0.10024110227823257,-0.5999605059623718,2.562757730484009,2.1643893718719482,1.9733606576919556,2.655888795852661,2.569228172302246,2.2855732624138683,1.2121808528900146,0.9102389216423035,0.9999607801437378,0.9997961521148682,0.9993632435798645,0.9081161618232727,0.0459049753844738,0.015125753358006477,0.0016091207507997751,0.11783095449209213,0.8312824964523315,0.004261328373104334,-0.7118515372276306,7.710412979125977,11.490649223327637,20.471773147583008,62.749019622802734,249.69126892089844,60.95271301269531,26.5537166595459,26.938980102539062,263.70703125,29.20892906188965,75.94744873046875,111.1814193725586,3.5525338649749756,2.9847514629364014,4.600918769836426,3.9987449645996094,4.106186389923096,4.335638999938965,4.434660911560059,4.120665550231934,5.217075824737549,4.727800369262695,4.207898139953613,4.2253804206848145
222,10.02461051940918,2.636277198791504,1.964785099029541,9.475123405456543,12.291186332702637,10.024164414571839,0.13267670571804047,0.9999163150787354,0.9998570680618286,0.9998871088027954,0.9998522400856018,0.9999349117279053,0.002078708028420806,0.0007199066458269954,2.5635023121139966e-05,0.0021087618079036474,0.1678340882062912,-0.10014215111732483,-0.5388231873512268,1.236006259918213,1.2621290683746338,0.9687181115150452,1.19161057472229,1.2453871965408325,1.2708161821449127,0.5869486331939697,0.9815689325332642,0.9994529485702515,0.9998247623443604,0.9991008639335632,0.9804565906524658,0.16741690039634705,0.05032340809702873,0.00697603402659297,0.4140388071537018,0.9990378618240356,0.47876623272895813,0.32571646571159363,56.18214797973633,166.12513732910156,27.295055389404297,151.2162628173828,104.02581787109375,208.43724060058594,295.8665466308594,78.67700958251953,326.8138427734375,263.952880859375,167.85919189453125,151.31565856933594,3.6007893085479736,3.034616470336914,3.815162420272827,3.8988287448883057,4.02216911315918,4.289322853088379,4.392971515655518,4.08621072769165,5.115875720977783,4.627074241638184,4.088302135467529,4.103760719299316
223,7.284561634063721,2.280128240585327,1.675061583518982,6.907841682434082,8.35788631439209,7.284297052610558,0.14185594022274017,0.9999669790267944,0.9998851418495178,0.9998834133148193,0.999878466129303,0.9999973177909851,0.002553406869992614,0.0008747868123464286,3.2005507819121704e-05,0.0028593745082616806,0.16846290230751038,-0.09261596947908401,-0.4976921081542969,1.997685194015503,1.2535078525543213,1.1883351802825928,1.9009424448013306,2.047365427017212,1.142041369010356,0.8343303203582764,0.881443440914154,0.999005913734436,0.999744713306427,0.9996188879013062,0.8703464269638062,0.1563386172056198,0.06192056089639664,0.00390729121863842,0.760644793510437,0.976784348487854,0.2570458948612213,-0.33650755882263184,14.001263618469238,144.19003295898438,16.99997901916504,30.393585205078125,15.663403511047363,254.56646728515625,265.6887512207031,70.68294525146484,273.18988037109375,283.3027038574219,136.86790466308594,159.39422607421875,3.672760486602783,3.1176528930664062,3.2757863998413086,3.859976291656494,3.966834545135498,4.311855792999268,4.418306350708008,4.114856719970703,5.116781711578369,4.589942932128906,4.044475555419922,4.047011852264404
224,7.042331218719482,2.019700765609741,1.49655020236969,7.380100250244141,8.392938613891602,7.0419451586860395,0.15218135714530945,0.9999521374702454,0.999959409236908,0.9998393654823303,0.999861478805542,0.9999995827674866,0.002918751211836934,0.0009958957089111209,3.0613340641139075e-05,0.003949809353798628,0.1155545711517334,-0.09371857345104218,-0.5424979329109192,1.7701829671859741,1.3336257934570312,1.2332504987716675,2.0773305892944336,1.805431842803955,0.706491486430107,0.8108199834823608,0.9159241914749146,0.9844362735748291,0.9946279525756836,0.9909414649009705,0.9081732630729675,0.2513396143913269,0.08286386728286743,0.0039490023627877235,0.7432940006256104,0.9455340504646301,0.23719705641269684,-0.45513245463371277,3.0736148357391357,38.591407775878906,234.15049743652344,31.72292709350586,0.1877964735031128,257.64947509765625,282.12371826171875,86.48033142089844,269.62896728515625,311.1043701171875,151.4713134765625,169.7870330810547,3.550107717514038,3.1877737045288086,3.3939313888549805,3.3362998962402344,3.580183506011963,4.327024936676025,4.40825080871582,4.110682010650635,5.101230621337891,4.545160293579102,3.9540646076202393,3.9598655700683594
225,5.899559497833252,1.8453425168991089,1.371202826499939,6.600890636444092,6.870611190795898,5.8979218901872414,0.16936683654785156,0.9997377395629883,0.9989915490150452,0.9999131560325623,0.9998528361320496,0.99969881772995,0.003159593092277646,0.0011150625068694353,3.4568751289043576e-05,0.00510892691090703,0.11245696246623993,-0.08902589976787567,-0.5858731269836426,1.7373931407928467,1.3653544187545776,1.26396644115448,1.9106035232543945,1.782410979270935,0.4877092536610823,0.857667088508606,0.8750420212745667,0.99677973985672,0.9988558292388916,0.997846782207489,0.8585028648376465,0.2323106974363327,0.0824284553527832,0.0035988714080303907,0.7116133570671082,0.8913089036941528,0.3125559985637665,-0.029996681958436966,2.1410014629364014,13.741333961486816,222.4925537109375,33.26961898803711,4.762139797210693,228.1200408935547,262.4934387207031,56.59270095825195,240.1781005859375,301.18902587890625,136.4980010986328,155.8527374267578,3.350217580795288,3.2368643283843994,3.5258166790008545,3.3254427909851074,3.0084850788116455,4.34485387802124,4.432908535003662,4.103707313537598,5.098219394683838,4.52086067199707,3.894737720489502,3.8946495056152344
226,5.665280818939209,1.7057374715805054,1.2983461618423462,6.985050678253174,6.642522811889648,5.665123901799711,0.1915825754404068,0.9999732971191406,0.999963641166687,0.9999244809150696,0.9998189806938171,0.9999943375587463,0.0031062010675668716,0.0011471438920125365,3.40872211381793e-05,0.004957169760018587,0.13117147982120514,-0.08960956335067749,-0.5557063817977905,2.0884017944335938,1.4235985279083252,1.3656489849090576,2.2436718940734863,2.165065050125122,0.4876807500748861,0.9107354283332825,0.7903589606285095,0.9565691947937012,0.9667659997940063,0.9470646977424622,0.764466404914856,0.15211527049541473,0.05367773398756981,0.002997493138536811,0.75486820936203,0.7454241514205933,0.05154794082045555,-0.4683380424976349,0.11045679450035095,0.012545115314424038,209.62953186035156,34.7347412109375,8.421157836914062,213.5155792236328,237.68495178222656,13.03050422668457,218.5596923828125,240.6835479736328,117.63826751708984,143.50982666015625,3.0222606658935547,2.914252281188965,3.625537633895874,3.3114469051361084,3.0225658416748047,4.382493495941162,4.486051082611084,4.109839916229248,5.1230597496032715,4.551748752593994,3.8549256324768066,3.8652799129486084
227,5.699428081512451,1.6339455842971802,1.2826504707336426,7.257945537567139,6.833065032958984,5.6982786080386525,0.2091647982597351,0.9997580051422119,0.9999935030937195,0.9998589754104614,0.9998290538787842,0.9997029900550842,0.0027928603813052177,0.0011011966271325946,3.309850944788195e-05,0.005403001792728901,0.1389753520488739,-0.09144790470600128,-0.47315284609794617,2.284695625305176,1.4430025815963745,1.422514796257019,1.8323780298233032,2.4480090141296387,0.4742481208433563,0.8502354621887207,0.7696746587753296,0.9879503846168518,0.9955866932868958,0.982742190361023,0.7125312089920044,0.15158498287200928,0.039066072553396225,0.003222663654014468,0.6333391070365906,0.6577878594398499,0.032168880105018616,-0.8493332266807556,0.25201278924942017,0.3914150893688202,190.7963409423828,22.418048858642578,93.55296325683594,195.68731689453125,226.54550170898438,6.4493184089660645,138.97259521484375,257.990966796875,113.30565643310547,136.24501037597656,2.7406222820281982,2.652009963989258,3.7266135215759277,3.3847124576568604,3.0923216342926025,4.429244041442871,4.530040264129639,4.113842964172363,5.125401973724365,4.53064489364624,3.832545518875122,3.8565728664398193
228,5.897243976593018,1.5607229471206665,1.238267421722412,6.61473274230957,7.559572219848633,5.896857632508684,0.199829563498497,0.9999343156814575,0.999790370464325,0.9999116063117981,0.999843418598175,0.9999599456787109,0.002659837482497096,0.0010809500236064196,3.3727646950865164e-05,0.0060565285384655,0.17136609554290771,-0.08959335088729858,-0.38612914085388184,1.9107838869094849,1.4184048175811768,1.2925220727920532,1.7046546936035156,2.009838342666626,0.5160807064737635,0.8029665350914001,0.8584689497947693,0.9988594651222229,0.9986790418624878,0.9953462481498718,0.8282930850982666,0.16605296730995178,0.04893162101507187,0.0035890706349164248,0.5792739987373352,0.6198984384536743,0.09447037428617477,-0.8839285969734192,19.798227310180664,2.2943155765533447,178.32139587402344,50.47086715698242,204.6797637939453,201.78041076660156,230.36785888671875,1.6276500225067139,61.59273910522461,254.55520629882812,120.54884338378906,136.9770050048828,2.9291129112243652,2.5799734592437744,3.8002634048461914,3.4632461071014404,3.1649467945098877,4.4148406982421875,4.495370388031006,3.833737373352051,5.117542743682861,4.51336145401001,3.8312394618988037,3.851996898651123
229,5.809182167053223,1.5603222846984863,1.2374722957611084,5.9985809326171875,7.625319480895996,5.808664473746932,0.18886680901050568,0.9999215602874756,0.9999182224273682,0.9998136162757874,0.9998314380645752,0.9999991655349731,0.0026773372665047646,0.001094985636882484,3.5495995689416304e-05,0.0052209156565368176,0.19803369045257568,-0.08429151028394699,-0.40784698724746704,1.917951226234436,1.6547167301177979,1.4549553394317627,1.800347924232483,1.9851303100585938,0.4505226446325619,0.8578885793685913,0.8484135270118713,0.9979599714279175,0.9994980692863464,0.9979590773582458,0.8198708891868591,0.14508049190044403,0.048069607466459274,0.0028122663497924805,0.41327524185180664,0.46918973326683044,0.09511303901672363,-0.6150398850440979,26.053922653198242,3.5071794986724854,92.60029602050781,37.18964767456055,185.28729248046875,169.07528686523438,216.47572326660156,3.089968204498291,41.91122055053711,232.73194885253906,100.79225158691406,117.75548553466797,3.1258583068847656,2.6286098957061768,3.885218858718872,3.5458405017852783,3.2355165481567383,4.411715507507324,4.484314918518066,3.720755100250244,5.146631717681885,4.515599250793457,3.8700058460235596,3.8813369274139404
230,6.170536518096924,1.6137429475784302,1.2559894323349,6.283239841461182,8.594420433044434,6.170137814182429,0.1844228208065033,0.9999427795410156,0.9999340176582336,0.9998862147331238,0.9998226165771484,0.999998927116394,0.002977892989292741,0.0012152547715231776,3.349991675349884e-05,0.002895205980166793,0.1425904929637909,-0.08602648973464966,-0.3877161741256714,2.3724629878997803,1.702996850013733,1.5552456378936768,1.8607299327850342,2.558506727218628,0.5484221442610908,0.9584516882896423,0.710950493812561,0.999723494052887,0.9996004700660706,0.9988192915916443,0.6240442395210266,0.13476331532001495,0.04589195176959038,0.002205668715760112,0.31475594639778137,0.3694804012775421,0.02721894346177578,-0.6661553382873535,34.34042739868164,2.0536282062530518,7.5590620040893555,16.051424026489258,143.01014709472656,45.480709075927734,184.25291442871094,8.239680290222168,140.6113739013672,193.6977081298828,77.52970886230469,98.95845794677734,3.303165912628174,2.5614614486694336,3.9610490798950195,3.5576858520507812,3.327826738357544,4.388845443725586,4.496798992156982,3.77817702293396,5.16140604019165,4.526992321014404,3.9063408374786377,3.9210593700408936
231,5.92481803894043,1.6560171842575073,1.2370688915252686,5.93993616104126,8.371718406677246,5.924401360713205,0.17396490275859833,0.9999333024024963,0.9999564290046692,0.9998669624328613,0.9998502731323242,0.9999985694885254,0.003563483478501439,0.0013898562174290419,3.466536873020232e-05,0.0020580869168043137,0.12616828083992004,-0.08335467427968979,-0.4340197741985321,1.8812856674194336,1.3818694353103638,1.3241804838180542,1.7221659421920776,1.9881012439727783,0.6434119614162269,0.8611242175102234,0.8537877798080444,0.9994462132453918,0.9993985295295715,0.9990334510803223,0.8167682886123657,0.15877793729305267,0.053151726722717285,0.0026879862416535616,0.43773412704467773,0.4968928396701813,0.1688660830259323,-0.5969797372817993,46.40226364135742,10.118488311767578,1.1531749963760376,20.181604385375977,148.0244903564453,35.69795608520508,177.5347137451172,41.527469635009766,163.31011962890625,180.93113708496094,82.48814392089844,96.1216049194336,3.4737062454223633,2.713047742843628,3.621382236480713,3.533374071121216,3.395554780960083,4.352511882781982,4.510046005249023,3.8253796100616455,5.176074028015137,4.500094890594482,3.9101173877716064,3.9134926795959473
232,5.305145740509033,1.6603113412857056,1.235494613647461,5.112139701843262,6.996284484863281,5.304353626847989,0.16258245706558228,0.9998524785041809,0.9986210465431213,0.9998114109039307,0.9998491406440735,0.9999556541442871,0.003821413265541196,0.001465662382543087,4.028621697216295e-05,0.0030066054314374924,0.12425705790519714,-0.07668065279722214,-0.48456671833992004,2.0009288787841797,1.3646752834320068,1.3481879234313965,1.6865293979644775,2.1253602504730225,0.7394447097653329,0.8234409093856812,0.8790013790130615,0.99839186668396,0.9997800588607788,0.9996070861816406,0.848625898361206,0.16542671620845795,0.04061794653534889,0.0024647952523082495,0.265594482421875,0.3359154462814331,0.09327838569879532,-0.8848774433135986,14.99376392364502,13.819548606872559,7.596590042114258,13.080604553222656,92.02581024169922,93.07198333740234,159.35528564453125,44.95741653442383,143.5011444091797,173.45928955078125,75.58614349365234,87.58517456054688,3.6339941024780273,2.838764190673828,3.7003557682037354,3.5626680850982666,3.4707655906677246,4.382847785949707,4.544741153717041,3.886911392211914,5.203066825866699,4.477853775024414,3.970196485519409,3.9527180194854736
233,4.916073799133301,1.6699715852737427,1.2632150650024414,4.558882236480713,6.168293476104736,4.9158489877800795,0.16177521646022797,0.9999090433120728,0.9999905824661255,0.9998807311058044,0.999844491481781,0.9999233484268188,0.0038827755488455296,0.001447821850888431,4.489990169531666e-05,0.0035591924097388983,0.12359260022640228,-0.07254830747842789,-0.5224345922470093,2.2311489582061768,1.7228597402572632,1.6611517667770386,1.92048978805542,2.2941510677337646,1.421549283966287,0.967337965965271,0.8850972652435303,0.9997667074203491,0.9996248483657837,0.9985792636871338,0.8690749406814575,0.09977572411298752,0.02053794264793396,0.0015303217805922031,0.07629522681236267,0.29844021797180176,0.0364205427467823,-0.7501875758171082,2.192641019821167,5.346032619476318,23.680971145629883,3.1952078342437744,26.31207275390625,84.13816833496094,91.71735382080078,26.009307861328125,134.39892578125,148.7344512939453,54.57251739501953,69.28631591796875,3.462003707885742,2.9590981006622314,3.809966564178467,3.4903202056884766,3.5306899547576904,4.4183349609375,4.59876012802124,3.942661762237549,5.227410316467285,4.4907612800598145,3.9930007457733154,3.963740587234497
234,5.070769309997559,1.805404782295227,1.3314082622528076,4.7155561447143555,6.287228584289551,5.070321917028702,0.17900274693965912,0.999922513961792,0.9999290108680725,0.9997836351394653,0.9998379349708557,0.9999988675117493,0.0034446173813194036,0.0013717683032155037,4.288041600375436e-05,0.0038028359413146973,0.11761172115802765,-0.07731155306100845,-0.5049950480461121,2.4615631103515625,2.206056833267212,1.9445695877075195,2.4808566570281982,2.48867130279541,2.165926836810765,1.016054630279541,0.901193380355835,0.9984409213066101,0.9991539120674133,0.9842169880867004,0.8939753174781799,0.04302455857396126,0.013253106735646725,0.0010308572091162205,0.1964285671710968,0.3801274299621582,-0.012850944884121418,-0.5629802942276001,0.2632974684238434,1.2394455671310425,46.1262321472168,17.921213150024414,4.613372802734375,74.75141143798828,45.43665313720703,16.259939193725586,113.9819564819336,141.44479370117188,46.203834533691406,61.02523422241211,3.134658098220825,2.7711780071258545,3.90463924407959,3.5229849815368652,3.571704149246216,4.436223030090332,4.613767623901367,3.998047351837158,5.2495436668396,4.5029473304748535,3.970569372177124,3.957458734512329
235,5.348428726196289,1.9093973636627197,1.4112004041671753,5.4506425857543945,6.597597599029541,5.349847771461226,0.19500122964382172,0.9999322295188904,0.9999257922172546,0.9998522400856018,0.9998341202735901,0.9999769330024719,0.003076439257711172,0.0013262139400467277,3.875128459185362e-05,0.0034755088854581118,0.11528391391038895,-0.0835428237915039,-0.47363579273223877,2.4487664699554443,2.0256130695343018,1.9193403720855713,2.3640756607055664,2.4882187843322754,2.4021721355680383,1.1077178716659546,0.9654124975204468,0.9998915791511536,0.9996362328529358,0.9953392148017883,0.9620904922485352,0.04785629361867905,0.01181899942457676,0.0009847612818703055,0.1609240025281906,0.4482923448085785,-0.0074198381043970585,-0.5307534337043762,0.8744794726371765,2.0596795082092285,60.22084045410156,18.591896057128906,2.8090860843658447,73.36721801757812,17.21495819091797,7.105141639709473,92.92277526855469,144.4307861328125,41.959686279296875,57.97015380859375,2.89312744140625,2.663789749145508,3.9825212955474854,3.601792335510254,3.426025629043579,4.440107822418213,4.6401753425598145,4.030752658843994,5.264782905578613,4.492251396179199,3.943532705307007,3.9493725299835205
236,5.995307445526123,2.057736396789551,1.5304925441741943,7.208282947540283,7.630486011505127,5.999672349350988,0.18047018349170685,0.9998894929885864,0.9998628497123718,0.9998675584793091,0.999822199344635,0.9999058842658997,0.0027588610537350178,0.0012866409961134195,3.3424115827074274e-05,0.003900588257238269,0.12731938064098358,-0.09011386334896088,-0.4334380626678467,2.268507719039917,1.5840904712677002,1.4700300693511963,1.886276364326477,2.344118356704712,2.257774546803782,1.0159153938293457,0.984986424446106,0.9999737739562988,0.9996631741523743,0.9975246787071228,0.9831360578536987,0.055838990956544876,0.013527335599064827,0.001221733051352203,0.19407816231250763,0.471991628408432,0.04179220646619797,-0.8006814122200012,6.9312825202941895,4.9889326095581055,64.89632415771484,36.28636169433594,5.223892688751221,93.03135681152344,5.0419392585754395,4.66160249710083,83.69873046875,132.0468292236328,43.68072509765625,56.977081298828125,3.05418062210083,2.798933982849121,4.036087989807129,3.6970677375793457,3.3957810401916504,4.415840148925781,4.621308326721191,4.031205177307129,5.247059345245361,4.502830505371094,3.980029344558716,3.9892122745513916
237,6.292932987213135,2.1957316398620605,1.6698507070541382,8.206989288330078,7.864404201507568,6.293477807590682,0.17503145337104797,0.999736487865448,0.9999122023582458,0.9999263882637024,0.9997715353965759,0.999618411064148,0.0023534223437309265,0.0011739678448066115,3.13648342853412e-05,0.0037504856009036303,0.2098000943660736,-0.092389777302742,-0.39404892921447754,2.4346375465393066,1.4823439121246338,1.566491961479187,2.0453810691833496,2.491004228591919,2.43442793504315,1.0274063348770142,0.9998904466629028,0.998637855052948,0.9996322393417358,0.9967743158340454,0.9999833106994629,0.03578593209385872,0.009120650589466095,0.0009627506951801479,0.17108851671218872,0.9210417866706848,0.04332442209124565,-0.4405516982078552,9.646415710449219,4.279890537261963,49.500648498535156,26.97913932800293,3.08732008934021,80.46611785888672,7.57996129989624,3.2842841148376465,67.06173706054688,116.30297088623047,36.81884765625,48.82957458496094,3.2236328125,2.904597520828247,4.099226951599121,3.7892589569091797,3.2077174186706543,4.4196696281433105,4.618123531341553,3.9198739528656006,5.253329753875732,4.520704746246338,3.9956138134002686,4.006091117858887
238,7.054752826690674,2.5083718299865723,1.9300726652145386,8.366729736328125,8.748889923095703,7.054211913346825,0.16337870061397552,0.99992835521698,0.9998457431793213,0.9998157620429993,0.9997774958610535,0.9999971389770508,0.0021537828724831343,0.001004018704406917,3.120053588645533e-05,0.004291881807148457,0.2017752081155777,-0.09615345299243927,-0.433250367641449,3.615255832672119,1.8811036348342896,2.0809621810913086,2.67034649848938,3.718118906021118,3.6147368391089945,0.8976287245750427,0.9998272061347961,0.9997844696044922,0.9998797178268433,0.996770977973938,0.9999068379402161,0.018995268270373344,0.004577124025672674,0.0005185652407817543,0.04858597740530968,0.18847671151161194,-0.059874992817640305,-0.86297208070755,5.783807277679443,7.545664310455322,20.009647369384766,25.318754196166992,10.945383071899414,77.02702331542969,9.205845832824707,5.2973480224609375,52.67476272583008,48.50767135620117,26.231592178344727,33.97369384765625,3.410191535949707,3.0162057876586914,4.152076244354248,3.8733232021331787,3.273036003112793,4.458674430847168,4.641709327697754,3.948945999145508,5.274434566497803,4.550771236419678,4.0599365234375,4.073049545288086
239,7.840941429138184,2.972581386566162,2.1765854358673096,8.250243186950684,9.72193431854248,7.839879004188816,0.15393343567848206,0.9998698830604553,0.999637246131897,0.9998242855072021,0.9997562170028687,0.9999086260795593,0.002026458503678441,0.0009175995364785194,3.136866871500388e-05,0.004223723895847797,0.18696314096450806,-0.09875547140836716,-0.489014208316803,2.941497802734375,2.2723255157470703,1.8878384828567505,2.421288013458252,2.9975743293762207,2.941344153066835,1.0083084106445312,0.9997836947441101,0.999761164188385,0.9997221231460571,0.995320200920105,0.9998893141746521,0.023707838729023933,0.005305130034685135,0.0006557310116477311,0.07677799463272095,0.3295915126800537,-0.04877223074436188,-0.8387329578399658,8.841927528381348,7.731359481811523,10.336289405822754,11.748706817626953,46.370662689208984,96.87720489501953,16.912574768066406,6.982193470001221,63.822486877441406,17.58760643005371,28.721099853515625,38.61631774902344,3.5777101516723633,3.129225254058838,4.213307857513428,3.9243557453155518,3.3272554874420166,4.489552974700928,4.702214241027832,3.9628124237060547,5.290003776550293,4.565367698669434,4.118180751800537,4.133207321166992
240,7.986355304718018,3.283740520477295,2.2960426807403564,7.836326599121094,9.735816955566406,7.985024679434186,0.1452331244945526,0.9998196363449097,0.9999188780784607,0.9998571872711182,0.9997720122337341,0.9997986555099487,0.002253161044791341,0.0009127522935159504,3.272630419814959e-05,0.004535395186394453,0.17513297498226166,-0.09828022122383118,-0.5227891802787781,2.6260733604431152,1.7447588443756104,1.63874089717865,2.148200035095215,2.6913650035858154,2.622115569481809,0.9969519376754761,0.9967873692512512,0.9995649456977844,0.999760627746582,0.998123824596405,0.9965482354164124,0.04677005857229233,0.006558027118444443,0.0008930444018915296,0.15037177503108978,0.25782448053359985,-0.012783331796526909,-0.6667616963386536,5.621126174926758,5.445517539978027,6.807988166809082,11.555828094482422,65.71065521240234,108.86347961425781,39.468284606933594,12.12553882598877,79.47122955322266,17.042991638183594,35.211265563964844,46.46552658081055,3.7034313678741455,3.2360520362854004,4.269011497497559,3.9036402702331543,3.3948042392730713,4.520251750946045,4.726490497589111,4.0057549476623535,5.293770790100098,4.571645736694336,4.162485122680664,4.173564910888672
241,7.528372764587402,3.3433709144592285,2.3634064197540283,7.201213359832764,8.841126441955566,7.5274031216074775,0.14171922206878662,0.9998443126678467,0.9986972808837891,0.9998502135276794,0.9997779130935669,0.9998774528503418,0.002377007622271776,0.0008589528733864427,3.467074202490039e-05,0.004672955255955458,0.1602799892425537,-0.09592344611883163,-0.5503180027008057,2.392934560775757,1.6487025022506714,1.548169732093811,2.0332789421081543,2.448974132537842,2.389853197201342,1.010919213294983,0.9974624514579773,0.9996168613433838,0.9998430013656616,0.9973419308662415,0.9972963333129883,0.06206367164850235,0.00780560402199626,0.0010416454169899225,0.12356755882501602,0.35612550377845764,0.00144966971129179,-0.8097372651100159,4.136817455291748,3.6921205520629883,14.391472816467285,4.479414463043213,80.10992431640625,118.99144744873047,37.07468795776367,23.59337615966797,94.72885131835938,16.746225357055664,39.79443359375,52.21031951904297,3.7028324604034424,3.265296459197998,4.294547080993652,3.919145107269287,3.47257399559021,4.540515422821045,4.769115924835205,4.061816692352295,5.293671607971191,4.5627007484436035,4.188221454620361,4.193240165710449
242,7.1692609786987305,3.3649585247039795,2.4514410495758057,6.686018466949463,8.161754608154297,7.168955681751836,0.1493760496377945,0.9999593496322632,0.9999017715454102,0.999854326248169,0.9997971653938293,0.9999979734420776,0.0023242912720888853,0.0007784978370182216,3.6105459003010765e-05,0.00411169184371829,0.14545343816280365,-0.09369257837533951,-0.5634227395057678,2.6546990871429443,1.7366156578063965,1.57614266872406,2.0237350463867188,2.7216553688049316,2.6543512574700934,0.9419220685958862,0.9997998476028442,0.9988840222358704,0.9998401999473572,0.9976573586463928,0.9998595118522644,0.04322930797934532,0.005514565855264664,0.0009122169576585293,0.09776760637760162,0.30840185284614563,-0.030398553237318993,-0.8077017068862915,1.6729536056518555,2.49332594871521,13.864336013793945,6.123936176300049,52.968589782714844,98.87928009033203,37.69839096069336,13.010481834411621,88.94189453125,40.9608039855957,35.661399841308594,45.845436096191406,3.4878523349761963,3.175914764404297,4.334105014801025,3.979358434677124,3.5680978298187256,4.57142448425293,4.815194129943848,4.115926742553711,5.309048652648926,4.58823823928833,4.194516181945801,4.200389862060547
243,7.1303324699401855,3.4121251106262207,2.544271469116211,6.364654541015625,8.027182579040527,7.130030929444491,0.15596255660057068,0.9999595880508423,1.0,0.9998375773429871,0.9998005032539368,0.9999979734420776,0.002193140797317028,0.0007010757690295577,3.741825639735907e-05,0.004051753785461187,0.13114672899246216,-0.09319774061441422,-0.5229671001434326,3.210496187210083,2.354217767715454,1.9034684896469116,2.3292622566223145,3.287762403488159,3.200756552240417,0.9403355121612549,0.9932568669319153,0.998975932598114,0.9997315406799316,0.997805655002594,0.992770791053772,0.027528295293450356,0.004589724820107222,0.0006824033334851265,0.08549334853887558,0.18034622073173523,-0.06241094321012497,-0.6660255789756775,2.2370121479034424,2.815091609954834,17.404300689697266,12.767943382263184,26.720962524414062,46.07012176513672,37.79374313354492,4.265564441680908,88.71846771240234,82.76473236083984,32.155792236328125,42.142398834228516,3.331690549850464,3.129155158996582,4.391576766967773,4.038478374481201,3.6639187335968018,4.606231212615967,4.846987724304199,4.0975728034973145,5.332563877105713,4.618377685546875,4.205655574798584,4.215245246887207
244,7.868686199188232,3.5907063484191895,2.6765124797821045,6.608517169952393,9.000727653503418,7.868004906975631,0.17160290479660034,0.9999227523803711,0.9990190863609314,0.9997633099555969,0.9998164176940918,0.9999985694885254,0.0021199043840169907,0.0006575878942385316,3.521714097587392e-05,0.003622413147240877,0.1519799530506134,-0.09637576341629028,-0.48792746663093567,2.7224791049957275,2.973722457885742,2.5683159828186035,2.5582499504089355,2.727452039718628,2.6190640002279397,1.1142486333847046,0.939207911491394,0.9986146092414856,0.9995895028114319,0.9953208565711975,0.937029242515564,0.020667806267738342,0.005615354515612125,0.000695369322784245,0.11304020136594772,0.3986940085887909,-0.03381415456533432,-0.7569551467895508,1.5381717681884766,0.9146687984466553,19.159954071044922,39.675350189208984,16.25836944580078,14.2009916305542,34.688446044921875,4.749958515167236,100.30996704101562,114.84613037109375,34.63420104980469,48.67400360107422,3.1306374073028564,2.8943212032318115,4.422089576721191,4.0741167068481445,3.7175533771514893,4.596411228179932,4.861028671264648,4.134757041931152,5.2957258224487305,4.645252704620361,4.177189350128174,4.20443058013916
245,8.580218315124512,3.737555503845215,2.866710901260376,7.102813720703125,9.869275093078613,8.579906061360315,0.17860612273216248,0.9999669790267944,0.9997503757476807,0.9999054074287415,0.9998073577880859,0.9999986290931702,0.0019765144679695368,0.0006398143596015871,3.271197056164965e-05,0.0034927811939269304,0.19584885239601135,-0.09865023195743561,-0.508465588092804,2.5344161987304688,2.843201160430908,2.5562915802001953,2.5737924575805664,2.5329794883728027,2.4561310304386947,1.1493048667907715,0.9495225548744202,0.9997979998588562,0.9996030926704407,0.9964750409126282,0.947992742061615,0.02654266729950905,0.00791773572564125,0.0007754966500215232,0.11869759857654572,0.6027042865753174,-0.02136693336069584,-0.8063093423843384,3.9682562351226807,1.2184174060821533,25.2756290435791,73.58938598632812,14.362677574157715,7.526730537414551,24.863113403320312,4.818297863006592,119.8872299194336,128.8104705810547,40.43202209472656,57.29731369018555,3.1489226818084717,2.7143356800079346,4.455768585205078,4.093345642089844,3.7295267581939697,4.595348358154297,4.8730082511901855,4.172905921936035,5.253690242767334,4.678464412689209,4.171531677246094,4.209055423736572
246,8.929800033569336,3.863769054412842,3.114635705947876,7.390655994415283,10.177253723144531,8.929253405118141,0.17614921927452087,0.9999448657035828,0.9999681115150452,0.9997840523719788,0.9997918009757996,0.9999987483024597,0.0017877778736874461,0.0006342975539155304,3.2241525332210585e-05,0.003666085423901677,0.18472415208816528,-0.09969949722290039,-0.5061478018760681,3.1135454177856445,3.016737461090088,3.0956692695617676,2.930149793624878,3.1158077716827393,2.921315349055071,1.2705955505371094,0.9170754551887512,0.9998162984848022,0.9997794032096863,0.9989087581634521,0.9147821664810181,0.017390236258506775,0.004587099887430668,0.0005334152956493199,0.05677088722586632,0.24259783327579498,-0.08353725075721741,-0.7918042540550232,2.756404399871826,8.943859100341797,10.67824649810791,29.081937789916992,6.743615627288818,41.404632568359375,7.860080242156982,6.524230480194092,87.10934448242188,143.07305908203125,34.41754150390625,52.9844856262207,3.05694842338562,2.862229108810425,4.4901299476623535,4.153653144836426,3.769895553588867,4.627686023712158,4.906482696533203,4.203369140625,5.2888407707214355,4.705608367919922,4.206484317779541,4.24471378326416
247,9.429767608642578,3.5935707092285156,3.1688239574432373,8.358981132507324,10.889070510864258,9.42834187082945,0.16521978378295898,0.999739944934845,0.9999316334724426,0.9998288750648499,0.9997963309288025,0.9997020959854126,0.0016714051598683,0.0006858134875074029,3.0306762710097246e-05,0.00376853346824646,0.19462963938713074,-0.10010665655136108,-0.48945438861846924,2.8728225231170654,1.8400485515594482,2.0218310356140137,2.6271252632141113,2.897129535675049,2.7647879397324426,1.1995267868041992,0.9387955069541931,0.9988306164741516,0.9998295307159424,0.9991275668144226,0.9362915754318237,0.036696989089250565,0.008759060874581337,0.0009426051983609796,0.21535547077655792,0.3058498799800873,-0.04496968537569046,-0.7897850275039673,4.634984970092773,15.357243537902832,16.371694564819336,22.684144973754883,7.560031890869141,128.03697204589844,6.384329319000244,6.3308868408203125,101.95553588867188,161.6405487060547,47.095638275146484,69.46074676513672,3.1863350868225098,3.00443434715271,4.516177654266357,4.17741060256958,3.7629013061523438,4.653160572052002,4.9042463302612305,4.235466957092285,5.305794715881348,4.720343589782715,4.246627330780029,4.280197620391846
248,8.834775924682617,3.20345139503479,3.0838115215301514,8.37835693359375,10.107107162475586,8.831326051786128,0.15246587991714478,0.9994983077049255,0.9996725916862488,0.9998543858528137,0.9997673034667969,0.9993733167648315,0.001772776828147471,0.0007174445781856775,3.0974450055509806e-05,0.004246174823492765,0.19753704965114594,-0.0978894755244255,-0.48306095600128174,2.678797960281372,1.7173101902008057,1.9602254629135132,2.588026285171509,2.704831600189209,2.533719392820963,1.2653326988220215,0.9193296432495117,0.9997206330299377,0.9998572468757629,0.9989871978759766,0.9153136014938354,0.06583956629037857,0.011637261137366295,0.0011041277321055532,0.19884321093559265,0.2721051275730133,-0.04427114874124527,-0.5698472261428833,6.350057125091553,17.809104919433594,9.540643692016602,8.399569511413574,10.340686798095703,171.7524871826172,5.315154075622559,8.116944313049316,124.0685806274414,149.7523193359375,51.14455795288086,77.27620697021484,3.38838267326355,3.1292479038238525,4.521453857421875,4.208673000335693,3.7906081676483154,4.671562194824219,4.929007053375244,4.264398097991943,5.322949409484863,4.7370219230651855,4.296330451965332,4.318404197692871
249,7.788314342498779,2.942566394805908,2.9742250442504883,7.882575035095215,8.67622184753418,7.784680312274614,0.15246962010860443,0.9994210600852966,0.999936580657959,0.999872088432312,0.9997971653938293,0.9992824792861938,0.0020069971214979887,0.000721860968042165,3.288953303126618e-05,0.003908874932676554,0.1444140076637268,-0.09652197360992432,-0.4933658540248871,2.4193665981292725,1.950964093208313,2.2382962703704834,2.530317544937134,2.426121234893799,1.7526338428876516,1.2598530054092407,0.8643470406532288,0.9996050596237183,0.9998138546943665,0.9984013438224792,0.8579703569412231,0.07650433480739594,0.011148407123982906,0.0011637265561148524,0.1501198709011078,0.6380054354667664,0.03599273040890694,-0.7940595149993896,3.5071780681610107,9.231618881225586,37.15708923339844,5.817093372344971,4.014426231384277,179.03172302246094,10.611687660217285,11.344799041748047,167.3584747314453,95.84178924560547,52.3915901184082,77.88068389892578,3.3823442459106445,3.2350430488586426,4.537052154541016,3.869908571243286,3.788541555404663,4.688059329986572,4.921713829040527,4.259842872619629,5.3215813636779785,4.738577842712402,4.274266719818115,4.288458347320557
250,7.858997821807861,2.982862949371338,3.049135208129883,7.861672878265381,8.716541290283203,7.856329255674601,0.15761180222034454,0.9996132850646973,0.9995695948600769,0.999796450138092,0.9998078346252441,0.999566376209259,0.0021397501695901155,0.0007045279489830136,3.315496724098921e-05,0.004247765522450209,0.1308111548423767,-0.09740997850894928,-0.5564957857131958,2.847027063369751,2.337641954421997,2.540731430053711,2.669663906097412,2.85819149017334,2.2095652636346617,1.2271546125411987,0.797512412071228,0.9985986351966858,0.9996786713600159,0.994722306728363,0.7890877723693848,0.03640607371926308,0.008039843291044235,0.0010338254505768418,0.0921463668346405,0.3025844991207123,-0.051355257630348206,-0.9452273845672607,1.3967338800430298,8.752947807312012,24.978906631469727,15.023069381713867,6.287440299987793,178.78842163085938,22.016931533813477,7.731884956359863,123.89712524414062,81.86954498291016,47.074302673339844,70.30799102783203,3.1612746715545654,3.3124279975891113,4.57871675491333,3.9328055381774902,3.82540225982666,4.709926605224609,4.918849468231201,4.256138801574707,5.344098091125488,4.746494293212891,4.278613567352295,4.296786785125732
251,7.82432222366333,3.0390334129333496,3.0644848346710205,7.588034152984619,8.639325141906738,7.823769979469187,0.1543462872505188,0.9999269843101501,0.9998283386230469,0.9998701810836792,0.9997870326042175,0.9999462962150574,0.0020805816166102886,0.0006774659850634634,3.4545937523944303e-05,0.00467273173853755,0.2160068303346634,-0.09706486016511917,-0.5863921642303467,3.097775459289551,2.2585482597351074,2.1255414485931396,2.4745330810546875,3.133955240249634,2.7046428302894525,1.172878623008728,0.84654700756073,0.9996928572654724,0.9998498558998108,0.9984619617462158,0.8388838768005371,0.01799381524324417,0.007181340362876654,0.0011358987540006638,0.15069237351417542,0.8123737573623657,-0.016310689970850945,-0.7276933193206787,4.305788993835449,4.167656898498535,10.683448791503906,32.15269470214844,7.837058067321777,181.79940795898438,36.863826751708984,7.062260150909424,95.68470764160156,99.9560317993164,48.05128860473633,70.48072052001953,3.233185291290283,3.35428786277771,4.575954437255859,4.002081394195557,3.759073495864868,4.732754230499268,4.934333324432373,4.27717924118042,5.350421905517578,4.767566680908203,4.298684120178223,4.314490795135498
252,8.251392364501953,3.2608535289764404,3.197582244873047,7.543633937835693,9.083724021911621,8.250677974111202,0.17027294635772705,0.9999002814292908,0.9997888207435608,0.9998568296432495,0.9997884035110474,0.999915599822998,0.0018977330764755607,0.0006032371311448514,3.425713657634333e-05,0.004499391186982393,0.21202990412712097,-0.09778866171836853,-0.6052681803703308,3.5059101581573486,2.3570823669433594,2.0600388050079346,2.5155487060546875,3.5608701705932617,3.2737744795538597,1.1889879703521729,0.9162194728851318,0.9996050596237183,0.9996085166931152,0.9959678649902344,0.9117851853370667,0.01873711682856083,0.006639932282269001,0.001018480397760868,0.12721483409404755,0.26425114274024963,-0.06978993117809296,-0.7577669024467468,1.7594490051269531,1.009078860282898,4.550052165985107,41.3214111328125,32.22218704223633,175.48886108398438,26.65576934814453,6.443129539489746,105.00334167480469,51.45315170288086,44.59064483642578,66.61929321289062,3.0663018226623535,3.1045725345611572,4.563230991363525,4.07259464263916,3.8168511390686035,4.7509284019470215,4.965082168579102,4.29525899887085,5.364187240600586,4.775509834289551,4.277451992034912,4.307498455047607
253,8.719542503356934,3.4442312717437744,3.3263351917266846,7.538483619689941,9.582501411437988,8.71926249491209,0.18997815251350403,0.999971330165863,0.9997377395629883,0.9998921155929565,0.9998072981834412,0.9999983906745911,0.0017770853592082858,0.0005458724917843938,3.3784410334192216e-05,0.004523107316344976,0.20123973488807678,-0.0987006351351738,-0.6118125915527344,3.5352041721343994,2.189967155456543,2.1422953605651855,2.556180000305176,3.5779707431793213,3.4549802994896135,0.9751017689704895,0.9746440052986145,0.9968775510787964,0.9991793632507324,0.9956222176551819,0.9736508131027222,0.017032260075211525,0.004448266234248877,0.0009239725186489522,0.15211701393127441,0.290181964635849,-0.0750272274017334,-0.7677907943725586,0.37035107612609863,1.4905813932418823,12.235838890075684,27.825742721557617,93.05262756347656,115.95880126953125,21.94601821899414,13.836986541748047,109.28056335449219,41.83868408203125,43.78361892700195,58.844486236572266,2.7930808067321777,2.9262516498565674,4.574109077453613,4.103661060333252,3.867814779281616,4.766831874847412,4.982929229736328,4.31199836730957,5.384795188903809,4.7695393562316895,4.248101234436035,4.295923233032227
254,9.049692153930664,3.4445481300354004,3.333925485610962,7.603081226348877,10.033662796020508,9.049321085647874,0.17477555572986603,0.9999619126319885,1.0,0.9998330473899841,0.9998070597648621,0.9999949932098389,0.001734945923089981,0.0005304876831360161,3.344401193317026e-05,0.004930288065224886,0.185836523771286,-0.09766877442598343,-0.5794576406478882,3.61908221244812,2.732301712036133,2.060142993927002,2.4379594326019287,3.679866313934326,3.551897694238929,0.9866230487823486,0.9736477136611938,0.999821662902832,0.9998568892478943,0.999068021774292,0.9722133874893188,0.0239319559186697,0.004749943967908621,0.000898486003279686,0.10870654881000519,0.32933947443962097,-0.05579739809036255,-0.6450513601303101,20.2203369140625,5.340328216552734,7.164103031158447,20.15306854248047,52.487510681152344,62.64701843261719,21.756637573242188,7.1832098960876465,127.66644287109375,123.18597412109375,44.78046417236328,60.63486099243164,3.0233469009399414,3.010120153427124,4.60306978225708,4.167616367340088,3.942068338394165,4.78155517578125,4.9886698722839355,4.338144302368164,5.396749496459961,4.756681442260742,4.300802230834961,4.339581489562988
255,9.52957820892334,3.3947386741638184,3.157708168029785,9.261738777160645,10.816102981567383,9.529061887938171,0.15998083353042603,0.9999504089355469,0.9998821020126343,0.9998236894607544,0.9997934103012085,0.9999933838844299,0.0016083986265584826,0.0006323330453597009,2.7900021450477652e-05,0.0027964336331933737,0.16964170336723328,-0.09910494834184647,-0.5292252898216248,2.1244256496429443,2.2233614921569824,1.4835665225982666,2.1169779300689697,2.141876459121704,1.8787915694693342,0.8964654207229614,0.899091362953186,0.9751375317573547,0.99186772108078,0.9919790029525757,0.8945469260215759,0.05641098693013191,0.018749037757515907,0.0021424484439194202,0.41904065012931824,0.705358624458313,0.07445433735847473,-0.841619610786438,53.024513244628906,7.290136814117432,179.1061553955078,19.537519454956055,187.110595703125,82.151611328125,0.09575819224119186,6.800025463104248,218.93505859375,174.37844848632812,92.84297943115234,112.81465148925781,3.205289125442505,3.0921735763549805,4.59691858291626,3.8905434608459473,3.95455265045166,4.668917655944824,4.497470855712891,4.321498870849609,5.405550956726074,4.753519535064697,4.238643646240234,4.269102096557617
256,8.506219863891602,3.1665830612182617,2.803286552429199,8.841032028198242,9.601704597473145,8.505579482378355,0.1547420173883438,0.9999307990074158,0.9988603591918945,0.9998257756233215,0.9998214840888977,0.9999913573265076,0.0015442074509337544,0.0007237840909510851,2.8067443054169416e-05,0.002964206039905548,0.15997353196144104,-0.09644816815853119,-0.4815901815891266,2.217618465423584,2.0114333629608154,1.4650756120681763,2.21932053565979,2.2459537982940674,1.1873056961898734,0.8886990547180176,0.8332884311676025,0.9974206686019897,0.9996240139007568,0.9987046122550964,0.8227753043174744,0.07093355059623718,0.02713409624993801,0.0024234650190919638,0.6606285572052002,0.7714899778366089,0.10141048580408096,-0.8547988533973694,76.927001953125,9.323183059692383,236.10012817382812,36.887210845947266,185.32655334472656,62.08424758911133,4.669009685516357,6.930301189422607,234.5771484375,237.02178955078125,108.98465728759766,132.91421508789062,3.3843066692352295,3.1376380920410156,4.5973334312438965,3.6326136589050293,3.960233449935913,4.56273078918457,4.414981365203857,4.300510883331299,5.395258903503418,4.753179550170898,4.213878631591797,4.234867095947266
257,7.055582523345947,3.0931150913238525,2.603276014328003,7.879507064819336,7.700021743774414,7.055441391286471,0.14709419012069702,0.9999796152114868,0.9999463558197021,0.9999337792396545,0.9998209476470947,0.9999924302101135,0.0015990730607882142,0.0007654977962374687,3.058358561247587e-05,0.004850444383919239,0.15786929428577423,-0.09205953776836395,-0.4695407748222351,2.3395328521728516,2.026170253753662,1.8519948720932007,2.5458364486694336,2.35451340675354,1.2000859894125,0.9807692766189575,0.8153772950172424,0.9973136782646179,0.9989796876907349,0.9978445172309875,0.8050690293312073,0.0565779022872448,0.02204739861190319,0.0023053463082760572,0.39472588896751404,0.3967100977897644,0.01909600757062435,-0.7827732563018799,21.79661750793457,13.477103233337402,238.60711669921875,46.496707916259766,119.92752075195312,118.86624145507812,0.9117339253425598,2.2143845558166504,146.93722534179688,299.85760498046875,100.90922546386719,129.96688842773438,3.569456100463867,3.2374486923217773,4.622130870819092,3.656611442565918,3.991058588027954,4.596864223480225,4.048905849456787,4.051595211029053,5.412386417388916,4.738741397857666,4.192519664764404,4.195701599121094
258,7.934566497802734,3.254464864730835,2.642688512802124,8.601225852966309,8.833172798156738,7.9342892771114615,0.15583154559135437,0.9999656081199646,0.9999913573265076,0.999862790107727,0.9998102188110352,0.9999943971633911,0.0016799391014501452,0.0007221025298349559,2.8797641789424233e-05,0.0042749084532260895,0.18352660536766052,-0.09395867586135864,-0.4670204818248749,2.435426950454712,1.5780785083770752,1.7654155492782593,2.525754690170288,2.469489097595215,1.109305736779049,1.054835319519043,0.7699410915374756,0.9965308904647827,0.9967479705810547,0.991364598274231,0.7527890205383301,0.08421757072210312,0.017157448455691338,0.002020680345594883,0.24166052043437958,0.5796267986297607,0.03664691373705864,-0.8351949453353882,8.070694923400879,0.21820715069770813,260.96197509765625,81.75920867919922,33.576087951660156,144.42697143554688,40.20881652832031,5.942485809326172,69.44095611572266,273.29571533203125,91.79011535644531,123.41846466064453,3.6674158573150635,2.9308528900146484,4.602701187133789,3.672311782836914,3.976309061050415,4.5496063232421875,4.140858173370361,4.056282997131348,5.384300231933594,4.749586582183838,4.173022747039795,4.190238952636719
259,8.691728591918945,3.3939425945281982,2.6572184562683105,9.058131217956543,9.863362312316895,8.691325444143446,0.17609146237373352,0.9999550580978394,0.9996504783630371,0.9998462200164795,0.9998056888580322,0.9999973773956299,0.0015216879546642303,0.0006722392863593996,2.7091489755548537e-05,0.003206698689609766,0.24953106045722961,-0.09706409275531769,-0.4476671814918518,2.2600574493408203,1.2133138179779053,1.5524927377700806,2.2948899269104004,2.294912576675415,1.1258728224520325,0.8963890075683594,0.759800374507904,0.9956855177879333,0.9927453994750977,0.9875372648239136,0.7426691651344299,0.12165405601263046,0.01702847331762314,0.0025153199676424265,0.48939260840415955,0.7392849326133728,0.013673915527760983,-0.8218737840652466,1.1981709003448486,0.05796157941222191,245.8311767578125,68.1573715209961,6.778502941131592,150.55792236328125,187.43968200683594,14.875563621520996,127.48837280273438,229.0794677734375,103.14641571044922,126.67436981201172,3.3979783058166504,2.642922878265381,4.609011173248291,3.7338151931762695,3.881798267364502,4.532290935516357,4.225888252258301,4.028522491455078,5.344615936279297,4.7654805183410645,4.116232395172119,4.152173042297363
260,7.653616428375244,3.2429723739624023,2.5508244037628174,8.011831283569336,8.491174697875977,7.653410986497491,0.17951251566410065,0.999971866607666,0.9997649788856506,0.9998999834060669,0.9997891187667847,0.9999967217445374,0.001651901169680059,0.0006856431136839092,2.9834529414074495e-05,0.004909403622150421,0.28588178753852844,-0.09620842337608337,-0.41682374477386475,2.125913143157959,1.5227928161621094,1.692567229270935,2.3746321201324463,2.13543438911438,1.2820573468558625,0.876038670539856,0.839066743850708,0.9997283220291138,0.9997045993804932,0.9894402027130127,0.8318881392478943,0.06144934892654419,0.019785672426223755,0.0029746918007731438,0.7622467875480652,0.6466159820556641,0.10972828418016434,-0.8014867305755615,2.5504045486450195,4.346973896026611,248.82614135742188,38.011924743652344,11.552454948425293,213.30796813964844,268.04559326171875,29.03514862060547,224.97035217285156,238.01974487304688,127.8666763305664,153.82452392578125,3.232416868209839,2.7339558601379395,4.626022815704346,3.672152042388916,3.7328155040740967,4.542911052703857,4.309889793395996,4.062447547912598,5.352545738220215,4.724902629852295,4.099006175994873,4.129428863525391
261,7.035477638244629,3.2735912799835205,2.524696111679077,7.027335166931152,7.680206298828125,7.035306418547763,0.17807838320732117,0.9999725818634033,0.9999994039535522,0.9998758435249329,0.9998409748077393,0.9999949932098389,0.0016520547214895487,0.0006803750293329358,3.2878633646760136e-05,0.005292477551847696,0.23923318088054657,-0.09467849880456924,-0.45274537801742554,2.296119213104248,2.2524142265319824,1.724292516708374,2.186235189437866,2.312502384185791,2.127993112002761,0.9913684725761414,0.9080412983894348,0.9994592666625977,0.9997315406799316,0.9979979991912842,0.9037261009216309,0.07093449681997299,0.015649843961000443,0.002705199643969536,0.5533589124679565,0.48861566185951233,0.021256841719150543,-0.8484542965888977,3.323915958404541,12.135162353515625,217.72216796875,18.835046768188477,13.151196479797363,216.32693481445312,230.25901794433594,27.090810775756836,269.1878662109375,55.19740295410156,106.32295227050781,137.26300048828125,3.147611141204834,2.8490138053894043,4.626670837402344,3.639421224594116,3.767620086669922,4.560146808624268,4.389651298522949,4.059943199157715,5.3623785972595215,4.73744010925293,4.11398983001709,4.137129783630371
262,8.50507640838623,3.1551434993743896,2.3470544815063477,8.69792366027832,10.062466621398926,8.504519375576534,0.16868561506271362,0.999932587146759,0.9999528527259827,0.9998490214347839,0.9998076558113098,0.9999691247940063,0.001737477839924395,0.0007516653276979923,2.851690624083858e-05,0.004681547172367573,0.2628161907196045,-0.09954170882701874,-0.47586703300476074,2.032125473022461,2.0021514892578125,1.8920907974243164,1.9999626874923706,2.038645029067993,0.4771850130141274,0.9926666021347046,0.8884968161582947,0.999332845211029,0.9997406005859375,0.9994567632675171,0.8814103007316589,0.07231952995061874,0.031586769968271255,0.002809824189171195,0.2243010550737381,0.8144880533218384,0.12624679505825043,-0.9080396890640259,20.552995681762695,24.07870864868164,3.568568468093872,120.25145721435547,19.870283126831055,74.62168884277344,285.6878356933594,59.31880569458008,300.99774169921875,128.49879455566406,103.74468994140625,131.1595916748047,3.291412115097046,2.9248695373535156,4.434031009674072,3.5177786350250244,3.7013421058654785,4.540243148803711,4.421195030212402,4.060547828674316,5.289973258972168,4.737308979034424,4.091870307922363,4.121289253234863
263,7.005643844604492,2.6929101943969727,1.9100569486618042,6.800710678100586,8.353870391845703,7.005157913622434,0.16102756559848785,0.9998415112495422,0.999765157699585,0.999825119972229,0.9998483061790466,0.9998500943183899,0.0020656331907957792,0.0009036168339662254,3.0027104003238492e-05,0.0050063407979905605,0.27601444721221924,-0.091702900826931,-0.4483453333377838,1.2817115783691406,1.4190140962600708,1.1568005084991455,1.2888662815093994,1.2890329360961914,0.5368942782731568,0.6358733773231506,0.964280903339386,0.9995478391647339,0.9997842311859131,0.9990137219429016,0.9610236883163452,0.16096079349517822,0.06677117943763733,0.005754983518272638,0.3828427493572235,0.9958773851394653,0.46853384375572205,0.22677256166934967,132.78488159179688,75.87983703613281,11.047452926635742,259.71295166015625,86.15657043457031,127.51667785644531,328.1484375,114.56958770751953,325.1098937988281,144.98162841796875,160.59078979492188,150.0428924560547,3.405968427658081,3.0049750804901123,3.7139177322387695,3.4361989498138428,3.6651391983032227,4.442335605621338,4.40351676940918,4.055898189544678,5.206688404083252,4.694568634033203,4.002921104431152,4.013801097869873
264,6.237382888793945,2.5591509342193604,1.8546322584152222,6.314504623413086,7.187923908233643,6.237004008280986,0.15331406891345978,0.9999444484710693,0.9999180436134338,0.9998313188552856,0.9998968839645386,0.9999849200248718,0.0021812189370393753,0.0009440697613172233,3.1660718377679586e-05,0.004003941547125578,0.3225184381008148,-0.08642680943012238,-0.43846726417541504,2.2711877822875977,2.134824514389038,2.0877327919006348,2.5920865535736084,2.2780423164367676,0.5206781775934958,1.067060947418213,0.8713436722755432,0.9999590516090393,0.9998665452003479,0.9994919300079346,0.8621354699134827,0.08573750406503677,0.03662867844104767,0.00195938628166914,0.4254036843776703,0.7217673659324646,0.07854495197534561,-0.6971699595451355,50.82025146484375,7.846399784088135,6.68313455581665,84.14044952392578,24.762100219726562,27.658796310424805,266.65106201171875,21.90207290649414,282.311279296875,204.1307373046875,97.69062805175781,130.75022888183594,3.5735371112823486,3.0959622859954834,3.744666337966919,3.47544002532959,3.642493486404419,4.446784496307373,4.462786674499512,4.092291831970215,5.21115255355835,4.716111660003662,4.046123027801514,4.041784286499023
265,6.842253684997559,2.593902111053467,1.9005780220031738,7.5374226570129395,8.058784484863281,6.8419083229665585,0.16591961681842804,0.9999545812606812,0.9998695850372314,0.9998550415039062,0.9998370409011841,0.9999990463256836,0.0021741625387221575,0.0009119391324929893,2.7411620976636186e-05,0.0036021892447024584,0.24824059009552002,-0.09291449934244156,-0.4893268942832947,2.503023386001587,2.0872642993927,2.0452351570129395,2.1246817111968994,2.539371967315674,0.502098963768945,1.0495933294296265,0.8301209807395935,0.9998979568481445,0.9992857575416565,0.9941136837005615,0.8146951198577881,0.08621123433113098,0.021733565255999565,0.0020753282587975264,0.4467046856880188,0.48777323961257935,0.02704446204006672,-0.6429527401924133,15.287009239196777,0.8047800660133362,136.8555450439453,14.982900619506836,17.798763275146484,49.63246154785156,269.9791259765625,14.358497619628906,233.76649475097656,159.14425659179688,91.26097869873047,122.85936737060547,3.706932783126831,2.849464178085327,3.829460382461548,3.3444502353668213,3.6339900493621826,4.4468674659729,4.486238479614258,4.08969783782959,5.229088306427002,4.732658863067627,4.034884929656982,4.047052383422852
266,6.581496238708496,2.565974235534668,1.8723199367523193,6.879306316375732,7.730527877807617,6.5812311917815824,0.17332938313484192,0.9999630451202393,0.9998509883880615,0.9998862147331238,0.9998493194580078,0.9999985098838806,0.0022440922912210226,0.0009060425800271332,3.028271567018237e-05,0.00382068008184433,0.18328247964382172,-0.09428565204143524,-0.519180178642273,2.5227386951446533,1.9588650465011597,1.7453413009643555,2.0159661769866943,2.596897840499878,0.5617525314481003,0.9103284478187561,0.7065438628196716,0.9991906881332397,0.9997959733009338,0.9986562728881836,0.6699530482292175,0.08779183030128479,0.022099442780017853,0.0025149353314191103,0.2905271351337433,0.9682831168174744,0.08988166600465775,-0.5185412764549255,5.003106594085693,6.244044303894043,238.5998077392578,24.134546279907227,55.1822509765625,116.7365493774414,243.23387145996094,8.291712760925293,185.12277221679688,107.90017700195312,99.04488372802734,124.51227569580078,3.734607696533203,2.9497060775756836,3.922361373901367,3.0047812461853027,3.654249668121338,4.471498012542725,4.557109832763672,4.1077446937561035,5.2483625411987305,4.719442367553711,4.036986827850342,4.050688743591309
267,7.593216896057129,2.684587001800537,1.9408916234970093,7.2684149742126465,9.466801643371582,7.593244310487986,0.1742125004529953,0.9999004006385803,0.9999568462371826,0.9997783899307251,0.9998488426208496,0.999968409538269,0.0021034167148172855,0.0008610027725808322,2.8618542273761705e-05,0.00335106928832829,0.1741662174463272,-0.0973820835351944,-0.48404645919799805,2.4449329376220703,1.3678107261657715,1.6364463567733765,2.122640609741211,2.5506114959716797,0.527346357359503,0.8259073495864868,0.6960054039955139,0.9992132782936096,0.9995003938674927,0.9930722117424011,0.6438051462173462,0.12476241588592529,0.021416379138827324,0.0023450811859220266,0.38048315048217773,0.4833240509033203,-0.00790430698543787,-0.7839570045471191,1.3073688745498657,3.0143682956695557,214.37379455566406,87.46585845947266,123.11565399169922,130.83871459960938,248.7729949951172,5.415563106536865,71.50823974609375,95.93463134765625,98.17472076416016,117.85266876220703,3.4659245014190674,2.8889875411987305,3.981578826904297,3.150736093521118,3.707444906234741,4.449018478393555,4.599474906921387,4.120428562164307,5.235934734344482,4.716376781463623,4.031590938568115,4.057279109954834
268,7.829278469085693,2.7244744300842285,1.9375550746917725,6.8375725746154785,10.090522766113281,7.829053177814878,0.17394232749938965,0.9999362230300903,0.9998379945755005,0.9998674988746643,0.999843955039978,0.999988853931427,0.0019248862517997622,0.0008408263674937189,2.8956696041859686e-05,0.0036321503575891256,0.18423093855381012,-0.09662210941314697,-0.4866518974304199,2.2649431228637695,1.306551218032837,1.4545917510986328,2.049903631210327,2.360457420349121,0.6345886467542423,0.7517314553260803,0.7662993669509888,0.9973870515823364,0.9993311762809753,0.9953112602233887,0.7284989953041077,0.15479794144630432,0.024399440735578537,0.0029539908282458782,0.565582811832428,0.35009318590164185,0.0021765842102468014,-0.731285810470581,0.6772763133049011,7.817015647888184,223.58897399902344,213.36940002441406,115.11480712890625,167.578369140625,248.74658203125,8.74178409576416,81.46601104736328,115.18618774414062,118.2286376953125,135.3075408935547,3.173591375350952,2.9662513732910156,4.041925430297852,3.273528575897217,3.7714388370513916,4.436336517333984,4.638645172119141,4.154005527496338,5.220685005187988,4.710336685180664,4.038674831390381,4.066281795501709
269,7.18053674697876,2.676257371902466,1.8976054191589355,5.933582782745361,9.001983642578125,7.1800102975217035,0.17294727265834808,0.9999114274978638,0.9998098015785217,0.9998850226402283,0.999862015247345,0.9999318718910217,0.0018273566383868456,0.0008125005406327546,3.218395431758836e-05,0.0033626884687691927,0.26341724395751953,-0.09308287501335144,-0.4825578033924103,2.260406017303467,1.2917345762252808,1.432835340499878,1.9851155281066895,2.3608734607696533,0.6508962578366977,0.8076366186141968,0.7891429662704468,0.9966985583305359,0.9993479251861572,0.9888964891433716,0.7543695569038391,0.15263324975967407,0.02389994077384472,0.002868741052225232,0.4827854335308075,0.7592289447784424,0.03574112430214882,-0.843228280544281,2.108464002609253,8.628223419189453,204.21990966796875,216.2523193359375,30.858930587768555,133.54148864746094,239.54690551757812,3.462892770767212,104.62062072753906,164.15074157714844,110.73905181884766,130.1751708984375,3.0196423530578613,3.071770429611206,4.105273246765137,3.412423849105835,3.756206512451172,4.450149059295654,4.689680099487305,4.0417304039001465,5.217225551605225,4.7264604568481445,4.049056529998779,4.069887638092041
270,6.753418922424316,2.7166733741760254,1.9482333660125732,5.8553690910339355,8.164185523986816,6.752910310935562,0.18294884264469147,0.9999094009399414,1.0,0.9998911619186401,0.9998452067375183,0.9999175667762756,0.0018176910234615207,0.0007853753049857914,3.3547839848324656e-05,0.0037494623102247715,0.3778073787689209,-0.09207380563020706,-0.4502548575401306,2.3440494537353516,1.3771333694458008,1.7164528369903564,2.195523262023926,2.3981921672821045,1.0031729640229994,0.8943195343017578,0.8436505198478699,0.9957860112190247,0.9985010623931885,0.9963322877883911,0.826554000377655,0.10563769191503525,0.017596131190657616,0.002055576303973794,0.41455551981925964,0.9933922290802002,0.03763638064265251,-0.30658337473869324,0.2951417863368988,6.030864238739014,89.9336166381836,177.35659790039062,23.63358497619629,65.63241577148438,239.5144500732422,7.708813667297363,127.66488647460938,201.66925048828125,93.94396209716797,115.9240493774414,2.7428860664367676,3.1884775161743164,4.166515350341797,3.540806293487549,3.546926975250244,4.452689170837402,4.716821193695068,4.070166110992432,5.240285873413086,4.729711055755615,4.039528846740723,4.062281608581543
271,6.643727779388428,2.5549261569976807,2.0258758068084717,6.01415491104126,7.829748153686523,6.643296593035441,0.19684205949306488,0.9999157786369324,0.9998506903648376,0.9998576641082764,0.9998608827590942,0.9999422430992126,0.0016294248634949327,0.000649312452878803,3.25259861710947e-05,0.0039044541772454977,0.3998459279537201,-0.0923687294125557,-0.4872264862060547,2.4113175868988037,1.9213920831680298,2.3805649280548096,2.4846198558807373,2.413599967956543,1.2378698353751447,1.1454954147338867,0.8218376636505127,0.9931355714797974,0.9886415004730225,0.9727099537849426,0.8103681802749634,0.06271671503782272,0.014356061816215515,0.0012599026085808873,0.15834008157253265,0.4885777533054352,-0.007930008694529533,-0.6450762748718262,2.9781181812286377,0.016454551368951797,28.07118034362793,33.04547882080078,3.520864963531494,52.846771240234375,232.00149536132812,17.55786895751953,154.885009765625,149.40733337402344,67.43305969238281,94.71542358398438,2.702958583831787,2.8711462020874023,4.222330570220947,3.6179633140563965,3.510348081588745,4.468292236328125,4.7435150146484375,4.119429111480713,5.265232086181641,4.7039947509765625,4.022521018981934,4.054044246673584
272,7.0939130783081055,2.7579691410064697,2.062788486480713,6.618469715118408,8.476486206054688,7.094388635806035,0.18980245292186737,0.9998989701271057,0.9991532564163208,0.9998477101325989,0.999853253364563,0.9999425411224365,0.0016679022228345275,0.0007075666799210012,2.9456748961820267e-05,0.004052541684359312,0.36269089579582214,-0.09434333443641663,-0.5418491959571838,2.460221290588379,1.6087838411331177,1.6352430582046509,2.0456273555755615,2.511089324951172,2.091860395941893,1.0707461833953857,0.9255693554878235,0.9999841451644897,0.9997685551643372,0.9984198808670044,0.9193266034126282,0.09245549142360687,0.016803450882434845,0.002067526103928685,0.17462658882141113,0.3526920676231384,0.02617645263671875,-0.9185985922813416,17.286699295043945,2.3525705337524414,7.213162422180176,25.06368064880371,31.314605712890625,228.24575805664062,171.0479278564453,49.95827865600586,220.35194396972656,44.057708740234375,79.6892318725586,108.15872955322266,2.9308199882507324,2.794924020767212,4.237824440002441,3.580383062362671,3.557577610015869,4.454639434814453,4.757073402404785,4.148029327392578,5.2634992599487305,4.693295955657959,4.041806697845459,4.073689937591553
273,6.49266242980957,2.776094436645508,1.9590768814086914,6.187391757965088,7.637431621551514,6.493281413122619,0.18125474452972412,0.9998998641967773,0.9998970031738281,0.9999265074729919,0.9998733401298523,0.9998900890350342,0.0022061176132410765,0.0008280055481009185,3.06305373669602e-05,0.004733753856271505,0.3108873665332794,-0.09194237738847733,-0.5805708765983582,1.7883687019348145,1.1768275499343872,1.0831730365753174,1.509312391281128,1.8443266153335571,1.7879534100258108,0.903403639793396,0.9910877346992493,0.9993122220039368,0.999667227268219,0.9982368350028992,0.9901493787765503,0.1660328060388565,0.023209912702441216,0.0029915038030594587,0.2710304260253906,0.5048185586929321,0.1742134690284729,-0.7290980815887451,74.99443817138672,17.326948165893555,17.178691864013672,1.0757147073745728,105.99051666259766,254.0972137451172,84.83272552490234,51.96369934082031,258.9553527832031,95.82350158691406,96.223876953125,113.18257904052734,3.1202545166015625,2.8793911933898926,4.210964679718018,3.2738850116729736,3.6173088550567627,4.439933776855469,4.740732669830322,4.159533500671387,5.212183475494385,4.582768440246582,4.023695468902588,4.041600227355957
274,5.898408889770508,2.561044454574585,1.8849726915359497,5.571321487426758,6.798120975494385,5.8987095325461265,0.1687590479850769,0.999804675579071,0.9992045164108276,0.9997929334640503,0.9998849630355835,0.9998185634613037,0.0023973335046321154,0.000868103583343327,3.404650487937033e-05,0.003975428640842438,0.2797062397003174,-0.08741814643144608,-0.6000885367393494,2.1968157291412354,1.4131971597671509,1.3460071086883545,1.8572181463241577,2.2509307861328125,2.1717618588322734,1.0568207502365112,0.9819886088371277,0.9991070032119751,0.9998050332069397,0.9988300204277039,0.9803969860076904,0.12032753229141235,0.01577536202967167,0.0020897462964057922,0.2295575588941574,0.38188546895980835,0.06815164536237717,-0.9459638595581055,50.375614166259766,8.757254600524902,15.770913124084473,4.3417558670043945,146.39991760253906,208.18801879882812,15.610130310058594,38.75620651245117,238.73731994628906,54.96613693237305,78.1903305053711,103.54008483886719,3.33848237991333,2.9968583583831787,4.248099327087402,3.2319445610046387,3.6875767707824707,4.444199562072754,4.754404544830322,4.195410251617432,5.208850860595703,4.534772872924805,4.064060211181641,4.063539981842041
275,6.478107452392578,2.4131691455841064,1.8197718858718872,6.002291202545166,7.904721260070801,6.477434081026884,0.1541808545589447,0.9996204376220703,0.9993849992752075,0.9998325705528259,0.9998583197593689,0.9995139837265015,0.002500660717487335,0.000937612378038466,3.1729618058307096e-05,0.003221195889636874,0.2589877247810364,-0.08962016552686691,-0.5641833543777466,1.8761379718780518,2.0628583431243896,1.4814341068267822,2.088057041168213,1.8873038291931152,1.8590755219540382,0.8820521235466003,0.9749815464019775,0.9987339973449707,0.9997859597206116,0.9990461468696594,0.9736123085021973,0.0598992295563221,0.02189941331744194,0.0021411399357020855,0.32212236523628235,0.9249224066734314,0.19593900442123413,-0.3524366021156311,145.3404541015625,10.01966667175293,63.04063415527344,127.99655151367188,142.96168518066406,16.46958351135254,11.020330429077148,5.171637535095215,254.9698028564453,106.56771087646484,88.35580444335938,103.96894073486328,3.445871114730835,3.065157175064087,4.2784624099731445,3.29148006439209,3.7466213703155518,4.080490589141846,4.685390949249268,4.1619768142700195,5.134914398193359,4.536800384521484,4.0427165031433105,4.042603492736816
276,6.891556262969971,2.5224833488464355,1.7838701009750366,6.820686340332031,8.758482933044434,6.890752223820003,0.13886918127536774,0.9998579621315002,0.9997435212135315,0.9998278617858887,0.9998289942741394,0.999881386756897,0.002356218174099922,0.0010010882979258895,2.8557657060446218e-05,0.0035748858936131,0.27031224966049194,-0.09083054214715958,-0.5347236394882202,2.112927198410034,1.875902533531189,1.5987144708633423,2.3183088302612305,2.133488416671753,1.7508211753887957,0.8621119260787964,0.9264782667160034,0.9982858300209045,0.9982754588127136,0.9962385892868042,0.9216554164886475,0.05985796079039574,0.026085246354341507,0.0022344954777508974,0.564623236656189,0.3733794093132019,0.052235301584005356,-0.9772839546203613,54.72691345214844,5.775940895080566,173.5562286376953,198.52825927734375,107.68164825439453,34.63755416870117,0.9645451903343201,0.5621247887611389,205.2903289794922,207.8751220703125,98.95986938476562,118.09953308105469,3.572139024734497,3.1612906455993652,4.289689064025879,3.401681900024414,3.760019540786743,4.020907878875732,4.29226541519165,3.7956061363220215,5.128381729125977,4.541449546813965,3.9963433742523193,3.9928760528564453
277,6.766285419464111,2.6209681034088135,1.7369649410247803,7.325829029083252,8.492274284362793,6.765203867609198,0.15159249305725098,0.9998243451118469,0.9999781847000122,0.9998382925987244,0.999768078327179,0.9998130798339844,0.0022758275736123323,0.0009993162238970399,2.6701231035985984e-05,0.003780877683311701,0.3165484368801117,-0.09040059894323349,-0.5078414082527161,2.0947117805480957,1.4319908618927002,1.5683428049087524,2.1693646907806396,2.1418778896331787,1.2219740164494786,0.9910533428192139,0.8506097197532654,0.995718777179718,0.9960340857505798,0.9899013042449951,0.8330250978469849,0.10036206245422363,0.018649781122803688,0.002089131623506546,0.3353773057460785,0.6386811137199402,0.02594424970448017,-0.887101411819458,10.863594055175781,0.8304336667060852,195.88424682617188,165.6750946044922,43.218841552734375,62.14622497558594,0.6183469891548157,0.08910269290208817,147.14794921875,222.87379455566406,84.93476104736328,107.9134521484375,3.6953961849212646,2.9150924682617188,4.314009666442871,3.5291781425476074,3.7533035278320312,4.038329601287842,3.9109482765197754,3.4229211807250977,5.135053634643555,4.561835765838623,3.9276070594787598,3.929793119430542
278,7.082434177398682,2.643533945083618,1.7638511657714844,8.613811492919922,9.206610679626465,7.010798371474481,0.14634835720062256,0.9893518686294556,0.9991652965545654,0.9998892545700073,0.9998127222061157,0.9812589287757874,0.0020631717052310705,0.0009966196957975626,2.463569398969412e-05,0.003926453180611134,0.3458344638347626,-0.092910036444664,-0.46125611662864685,2.2873141765594482,1.3461884260177612,1.4429599046707153,2.239215135574341,2.4168648719787598,1.2988153292273956,0.9468569159507751,0.80663001537323,0.9998630285263062,0.999639630317688,0.9969889521598816,0.7662825584411621,0.09968031197786331,0.023668088018894196,0.0019345009932294488,0.40773558616638184,0.5885521173477173,0.019634924829006195,-0.6823078393936157,11.925064086914062,5.263984203338623,186.61566162109375,117.59105682373047,28.122024536132812,183.0794677734375,6.2873735427856445,2.9487764835357666,88.55429077148438,197.0045166015625,82.73921966552734,104.40253448486328,3.781043291091919,3.0142416954040527,4.3329548835754395,3.603653907775879,3.763964891433716,4.084906578063965,3.9522061347961426,3.3252627849578857,5.0985517501831055,4.59648323059082,3.955326795578003,3.9581995010375977
279,7.429952144622803,2.3895530700683594,1.7475312948226929,9.481263160705566,10.512297630310059,7.349593513499326,0.1397903561592102,0.9880141019821167,0.999887228012085,0.9998226165771484,0.9997998476028442,0.9749905467033386,0.00199858914129436,0.001004178891889751,2.392405986029189e-05,0.0028378753922879696,0.42033106088638306,-0.0936848372220993,-0.4166661500930786,2.489394187927246,1.481478214263916,1.570525050163269,2.4681360721588135,2.678178310394287,1.129708133801791,1.0563114881515503,0.7318689823150635,0.9997873306274414,0.9997086524963379,0.9971365332603455,0.6574273705482483,0.08520308881998062,0.02616402506828308,0.0015663948142901063,0.3219453990459442,0.8489717245101929,0.030409596860408783,-0.5706943869590759,6.024906158447266,4.715542316436768,178.76962280273438,58.069419860839844,4.669222354888916,169.00709533691406,10.32557201385498,16.30879783630371,73.4103012084961,203.519287109375,72.48197937011719,97.83226776123047,3.879054069519043,3.071866273880005,4.355221748352051,3.670886278152466,3.683873414993286,4.143197059631348,4.048389434814453,3.420650005340576,5.106675624847412,4.570409774780273,3.9950225353240967,3.9978208541870117
280,6.954076766967773,2.1315114498138428,1.6481194496154785,9.02676010131836,10.177468299865723,6.921141657917525,0.14798741042613983,0.9927983283996582,0.9999988675117493,0.9998813271522522,0.9997899532318115,0.9839020371437073,0.002260997425764799,0.0011159705463796854,2.5126839318545535e-05,0.003936021123081446,0.4193025827407837,-0.09223382920026779,-0.4462262988090515,2.277829647064209,1.6491304636001587,1.6785694360733032,2.8630611896514893,2.392430543899536,0.6379091277896816,1.033926010131836,0.7941744923591614,0.9873324036598206,0.9953048825263977,0.978339433670044,0.7439815402030945,0.14623381197452545,0.04705304279923439,0.0015132373664528131,0.40213727951049805,0.5190985798835754,0.018551098182797432,-0.8454148769378662,0.07326694577932358,3.577787399291992,187.28421020507812,20.227746963500977,3.1454856395721436,180.4823455810547,32.64860534667969,26.751373291015625,121.79913330078125,198.57870483398438,77.45687103271484,102.01610565185547,3.497084140777588,3.0847537517547607,4.370934009552002,3.601367712020874,3.540605068206787,4.178858757019043,4.12052059173584,3.5269086360931396,5.133089542388916,4.545843124389648,3.9599969387054443,3.9623656272888184
281,5.679312229156494,1.8955445289611816,1.5168043375015259,7.365954399108887,7.6611175537109375,5.684423747057797,0.1643909215927124,0.9974678754806519,0.999989926815033,0.9999195337295532,0.99983149766922,0.9952050447463989,0.0028691464103758335,0.0013207698939368129,2.767652040347457e-05,0.004265205468982458,0.3180404007434845,-0.08447159081697464,-0.46975696086883545,1.8077808618545532,1.4730058908462524,1.537052869796753,2.100508213043213,1.8608698844909668,0.6265515639519506,0.9442972540855408,0.8879203796386719,0.9994434714317322,0.9997183680534363,0.9939634203910828,0.8608296513557434,0.2119695246219635,0.05916384607553482,0.0018474080134183168,0.35840702056884766,0.99578857421875,0.27600792050361633,-0.27675294876098633,3.219644546508789,10.17772102355957,193.27325439453125,21.081533432006836,4.309183597564697,196.6233673095703,31.186227798461914,54.641571044921875,155.36180114746094,158.18539428710938,82.80596923828125,99.6592025756836,3.3805294036865234,3.13759708404541,4.360772609710693,3.100010395050049,3.424070358276367,4.185762405395508,4.220564842224121,3.595231294631958,5.121133327484131,4.555619239807129,3.9081292152404785,3.900580406188965
282,5.021332263946533,1.7678496837615967,1.4821224212646484,6.36592960357666,6.474045276641846,5.0340950272614,0.18200913071632385,0.9993084669113159,1.0,0.9997751116752625,0.9998188018798828,0.9989404082298279,0.0030986424535512924,0.0013785386690869927,3.101348193013109e-05,0.004688294138759375,0.32491791248321533,-0.0789618268609047,-0.5121029615402222,2.112300395965576,1.749911904335022,1.700498104095459,2.7077953815460205,2.1813859939575195,1.0794612569332518,0.8892872333526611,0.8321487903594971,0.9997642040252686,0.9987090229988098,0.9822604656219482,0.7942225337028503,0.1376216858625412,0.03927617147564888,0.001390573917888105,0.36199089884757996,0.7987478375434875,0.040275733917951584,-0.5526058077812195,1.393229603767395,4.009034633636475,154.01052856445312,19.16676902770996,2.1192286014556885,167.31887817382812,94.48696899414062,32.03928756713867,101.86386108398438,133.0861053466797,70.94939422607422,85.81503295898438,3.1244311332702637,3.1526691913604736,4.4019880294799805,2.992683172225952,3.2288026809692383,4.219717502593994,4.318089962005615,3.7023122310638428,5.151969909667969,4.5581464767456055,3.8850810527801514,3.872854471206665
283,5.139157772064209,1.830612301826477,1.5350066423416138,6.412482738494873,6.645042419433594,5.142581514790942,0.20000141859054565,0.9998071789741516,0.9998598694801331,0.9998533725738525,0.9998288154602051,0.999771773815155,0.0028897400479763746,0.0012240874348208308,3.081831891904585e-05,0.005059927701950073,0.37786006927490234,-0.08178620040416718,-0.5544523000717163,2.5409884452819824,2.187366247177124,2.05617356300354,2.6590185165405273,2.65651535987854,0.4786545123286709,0.8933463096618652,0.7565306425094604,0.9926707148551941,0.9959902763366699,0.9806089401245117,0.6845744252204895,0.06856943666934967,0.013192561455070972,0.0009498483850620687,0.16932065784931183,0.7384533882141113,0.0008663893095217645,-0.5243475437164307,0.2585575580596924,0.09556315839290619,81.67377471923828,27.518388748168945,5.54542350769043,145.07077026367188,88.23873138427734,24.256038665771484,59.32228088378906,69.7411117553711,50.17206573486328,62.60321044921875,2.828540325164795,2.8452110290527344,4.429250240325928,3.1321840286254883,3.2723846435546875,4.255962371826172,4.409901142120361,3.761293411254883,5.167569160461426,4.576602935791016,3.867889881134033,3.871870756149292
284,5.580038547515869,1.9530651569366455,1.6652637720108032,6.762858867645264,7.395873069763184,5.605427317399645,0.20968613028526306,0.9997355341911316,0.999762237071991,0.9998288750648499,0.9998459219932556,0.9996581077575684,0.0026786865200847387,0.001070939819328487,2.9663380701094866e-05,0.004831047262996435,0.3614431619644165,-0.08672573417425156,-0.6087151765823364,3.1131772994995117,2.9472286701202393,2.4147136211395264,2.4607033729553223,3.3299782276153564,0.4534244745731676,1.069480538368225,0.6124699711799622,0.9997348785400391,0.9997654557228088,0.9871516823768616,0.46579089760780334,0.05084406957030296,0.011021400801837444,0.0005842310492880642,0.08672978729009628,0.25225234031677246,-0.05583593621850014,-0.8604881763458252,2.385598659515381,1.1873384714126587,10.8850679397583,27.016403198242188,14.899042129516602,123.29034423828125,79.21214294433594,11.07943058013916,48.698909759521484,28.751049041748047,34.740535736083984,48.42888259887695,2.725219488143921,2.6579630374908447,4.427227973937988,3.219512939453125,3.3547098636627197,4.286684513092041,4.489006519317627,3.8127169609069824,5.17999792098999,4.613951683044434,3.876699209213257,3.8988940715789795
285,6.327073574066162,2.07218074798584,1.690255880355835,8.010310173034668,9.71932315826416,6.325602795257181,0.19369171559810638,0.9997811913490295,0.9999560117721558,0.9996195435523987,0.9998040795326233,0.9999883770942688,0.0027642608620226383,0.0012054701801389456,2.627675530675333e-05,0.003983789589256048,0.3510819971561432,-0.09048905968666077,-0.6141022443771362,1.9120333194732666,1.9340845346450806,1.5992426872253418,1.7351950407028198,1.9854168891906738,1.741883235181131,0.823835015296936,0.9228299856185913,0.9989496469497681,0.9997017979621887,0.9951906800270081,0.9006333947181702,0.07842893153429031,0.024988321587443352,0.0012251002481207252,0.08278404921293259,0.4166695773601532,0.1627921611070633,-0.5725799798965454,17.89871597290039,8.024398803710938,1.6794642210006714,81.78524780273438,28.01512336730957,118.01310729980469,102.5896224975586,15.437073707580566,88.21519470214844,36.56901931762695,49.822696685791016,57.201744079589844,2.885542631149292,2.7622878551483154,4.023430347442627,3.166177988052368,3.4390854835510254,4.304669380187988,4.483052730560303,3.8262035846710205,5.115406036376953,4.633615016937256,3.8639473915100098,3.887505054473877
286,5.548536777496338,1.9492719173431396,1.5395175218582153,5.889659404754639,8.411140441894531,5.561920743969916,0.18571341037750244,0.9995923042297363,0.999699056148529,0.999906599521637,0.9998664259910583,0.9991527199745178,0.0032113443594425917,0.001360056921839714,2.9001694201724604e-05,0.004909668117761612,0.3568379580974579,-0.08112900704145432,-0.5629859566688538,1.4715849161148071,1.2845313549041748,1.171246886253357,1.4894936084747314,1.5553346872329712,1.4849917995774393,0.656560480594635,0.9712519645690918,0.9991271495819092,0.9998428225517273,0.9975218176841736,0.9607579112052917,0.1367863416671753,0.03539428114891052,0.0016942868242040277,0.21240615844726562,0.9908609390258789,0.35994279384613037,-0.2190631777048111,46.61842346191406,41.554222106933594,4.551482677459717,96.0601806640625,21.3183536529541,127.88055419921875,118.87934875488281,14.25550651550293,105.54708862304688,85.2342529296875,66.18994140625,65.49114990234375,3.0458269119262695,2.861013412475586,3.421934127807617,3.144794225692749,3.487082004547119,4.296151161193848,4.441734313964844,3.8279969692230225,5.05631685256958,4.625655174255371,3.820850372314453,3.8245630264282227
287,4.833462715148926,1.9790418148040771,1.5082762241363525,4.624753475189209,6.744603633880615,4.833055671659168,0.1785046011209488,0.9999222159385681,0.9991353154182434,0.9998970627784729,0.9998646378517151,0.9999951124191284,0.003490164177492261,0.0013258312828838825,3.2611857022857293e-05,0.005167765077203512,0.34995609521865845,-0.0712864026427269,-0.48933467268943787,1.9160265922546387,1.5576478242874146,1.2557847499847412,1.7221052646636963,2.146456241607666,1.8211873521620832,0.7754855155944824,0.9453961253166199,0.9990220069885254,0.9998619556427002,0.9965245127677917,0.9189864993095398,0.1018512025475502,0.02431255765259266,0.001076321816071868,0.14928889274597168,0.4652014374732971,0.1537565439939499,-0.8011263608932495,27.48971939086914,26.511205673217773,2.808636426925659,51.26944351196289,13.479910850524902,100.5861587524414,96.1047134399414,4.716329574584961,82.10563659667969,109.82556915283203,51.4897346496582,57.76393508911133,3.2257683277130127,2.9730417728424072,3.2362751960754395,3.202808380126953,3.52726674079895,4.332944393157959,4.476503849029541,3.8331186771392822,5.057037830352783,4.608387470245361,3.8473153114318848,3.8270809650421143
288,4.531239986419678,2.143731117248535,1.5374488830566406,4.144566535949707,6.1505022048950195,4.530972885877698,0.17227092385292053,0.9999476671218872,0.9997453689575195,0.9999082684516907,0.9998753666877747,0.9999961853027344,0.003598717972636223,0.0011570205679163337,3.406992254895158e-05,0.005783773958683014,0.336955189704895,-0.06710688769817352,-0.45749223232269287,2.157923936843872,2.0612502098083496,1.4745532274246216,1.8445338010787964,2.421369791030884,2.09831341266822,0.9283464550971985,0.9524937868118286,0.9984409213066101,0.9993848204612732,0.9957334399223328,0.9278982281684875,0.08395218849182129,0.01831805519759655,0.0006801408599130809,0.12024076282978058,0.3457350730895996,0.06794236600399017,-0.8237314820289612,11.542509078979492,9.515111923217773,17.336315155029297,21.094154357910156,7.270069599151611,97.9621810913086,79.22494506835938,0.44792911410331726,58.10429382324219,97.73770904541016,40.02352523803711,49.54981231689453,3.344052791595459,3.039546489715576,3.3586132526397705,3.30910325050354,3.5444939136505127,4.372091293334961,4.5131659507751465,3.489288806915283,5.057322025299072,4.621339321136475,3.8649017810821533,3.8296804428100586
289,4.613565444946289,2.5003089904785156,1.6964282989501953,4.311867713928223,6.201470375061035,4.613296292493246,0.1694086492061615,0.9999467730522156,0.9999986886978149,0.9998979568481445,0.9998671412467957,0.9999921917915344,0.003532499074935913,0.001041437266394496,3.355857916176319e-05,0.006434926297515631,0.316363126039505,-0.07130080461502075,-0.42749279737472534,2.346836566925049,2.4517884254455566,1.945715308189392,2.4629456996917725,2.441709280014038,2.254514374034061,0.9846482276916504,0.942748486995697,0.999317467212677,0.9999040961265564,0.996027946472168,0.9240319132804871,0.07399894297122955,0.01408157218247652,0.0005600416334345937,0.13888102769851685,0.26928871870040894,-0.0145246097818017,-0.6259158849716187,5.100532531738281,5.52657413482666,38.7231559753418,5.699133396148682,3.108639717102051,100.72109985351562,75.81414794921875,2.8486177921295166,47.940956115722656,85.45672607421875,37.09395980834961,47.891204833984375,3.438544273376465,3.1408896446228027,3.477637767791748,3.3321495056152344,3.4565274715423584,4.401765823364258,4.549409866333008,3.396674871444702,5.076432228088379,4.640566349029541,3.8910598754882812,3.856937885284424
290,4.558782577514648,2.529325008392334,1.7775999307632446,4.536917686462402,6.003659248352051,4.55843836067407,0.18365958333015442,0.9999297261238098,0.9985021352767944,0.999943733215332,0.999849796295166,0.9999845623970032,0.0036864287685602903,0.0010367287322878838,3.333624772494659e-05,0.006796889007091522,0.2513420879840851,-0.07341252267360687,-0.4588795006275177,2.092737913131714,1.8993008136749268,1.8428703546524048,2.498021125793457,2.1390204429626465,2.080552645605224,0.9436488747596741,0.9786875247955322,0.9974288940429688,0.9997742772102356,0.994162917137146,0.9731704592704773,0.09691234678030014,0.0169613566249609,0.0006685556727461517,0.13755224645137787,0.7284253239631653,0.07831572741270065,-0.46486788988113403,4.453454494476318,2.3442039489746094,56.70033645629883,5.3881449699401855,1.1964915990829468,108.1752700805664,77.5493392944336,14.071029663085938,55.22466278076172,98.1175765991211,42.322052001953125,52.50416564941406,3.4864861965179443,3.0327556133270264,3.5792529582977295,3.0847017765045166,3.1952333450317383,4.423913955688477,4.5957465171813965,3.4857985973358154,5.082266330718994,4.624441623687744,3.8590595722198486,3.8324832916259766
291,4.480527877807617,2.6157402992248535,1.9085979461669922,4.7191338539123535,5.62760066986084,4.480296957391524,0.19633913040161133,0.999949038028717,0.9999692440032959,0.9998953342437744,0.9998304843902588,0.9999890923500061,0.003614476416260004,0.0010988343274220824,3.388420009287074e-05,0.005880723707377911,0.21323548257350922,-0.07462003082036972,-0.4923250675201416,2.221585512161255,1.947054386138916,1.950158715248108,2.8749794960021973,2.2588953971862793,2.2185096157261235,0.9017564654350281,0.9953176975250244,0.9987903237342834,0.999724268913269,0.993074357509613,0.9944993853569031,0.0805223137140274,0.015284332446753979,0.0006224038079380989,0.18300572037696838,0.5593103170394897,0.042739108204841614,-0.5008985996246338,0.7158985137939453,6.398370742797852,48.60688018798828,5.318881511688232,1.0003122091293335,107.52074432373047,71.88078308105469,37.10963821411133,50.27613067626953,105.64239501953125,43.44700241088867,53.34761047363281,3.195453643798828,3.116286516189575,3.693084716796875,3.053162097930908,2.9514622688293457,4.464730262756348,4.653790473937988,3.5761513710021973,5.105359077453613,4.61362361907959,3.8423104286193848,3.8216423988342285
292,4.603445053100586,2.7781920433044434,2.0791516304016113,5.063749313354492,5.594315052032471,4.60318142587441,0.20395664870738983,0.9999485611915588,0.9999101161956787,0.9998807907104492,0.9998719096183777,0.9999918341636658,0.003341022180393338,0.0011170784709975123,3.332420237711631e-05,0.005630610045045614,0.22507083415985107,-0.07712023705244064,-0.5123397707939148,2.4847307205200195,2.067169666290283,2.067009925842285,3.106239080429077,2.5359246730804443,2.454708241327642,0.9049176573753357,0.9729836583137512,0.9998005032539368,0.9995861053466797,0.9941670894622803,0.9681726098060608,0.05940679460763931,0.009647393599152565,0.0005623106844723225,0.1888979822397232,0.7990580797195435,0.007501709740608931,-0.5707908868789673,1.4397097826004028,3.631157159805298,31.241098403930664,10.697186470031738,2.986741304397583,106.57717895507812,65.72622680664062,50.73676300048828,46.689300537109375,109.05754852294922,42.878292083740234,53.646461486816406,2.890197992324829,3.1153783798217773,3.8026363849639893,3.2004382610321045,2.9071273803710938,4.504130840301514,4.698554515838623,3.668325662612915,5.130120754241943,4.612747669219971,3.852966070175171,3.8426685333251953
293,4.848021984100342,3.0563483238220215,2.3163483142852783,5.38557767868042,5.693841934204102,4.8476982579917065,0.21120798587799072,0.9999337792396545,0.9994643926620483,0.9998542070388794,0.9998375773429871,0.9999884366989136,0.0029603855218738317,0.0010676936944946647,3.1971194403013214e-05,0.00535990297794342,0.23622943460941315,-0.0810200423002243,-0.5233707427978516,2.885157823562622,2.410968542098999,2.4246835708618164,2.991473913192749,2.924881935119629,2.7951100817898116,0.9915637969970703,0.9561506509780884,0.9982203841209412,0.9996138215065002,0.993027925491333,0.9510402083396912,0.03721917048096657,0.005237453151494265,0.00048127208719961345,0.14930613338947296,0.33858028054237366,-0.024850772693753242,-0.8151625394821167,0.3541424572467804,2.066490411758423,9.770833015441895,11.895238876342773,5.6197052001953125,115.57683563232422,39.21631622314453,57.55783462524414,56.22639846801758,95.18680572509766,39.34706115722656,52.35530471801758,2.626018524169922,2.994593858718872,3.8582704067230225,3.33366322517395,3.040489912033081,4.535616874694824,4.725513935089111,3.751826524734497,5.138431072235107,4.6246657371521,3.8629090785980225,3.8667266368865967
294,5.141416549682617,3.068608283996582,2.4166696071624756,5.613327980041504,6.01094388961792,5.141063798366458,0.2175862193107605,0.9999344348907471,0.9987584352493286,0.9998940229415894,0.9998351335525513,0.9999891519546509,0.0026397702749818563,0.0010144051630049944,3.063811527681537e-05,0.005248794797807932,0.22102293372154236,-0.08427319675683975,-0.5463307499885559,3.006382703781128,2.2682290077209473,2.3903725147247314,2.551828145980835,3.0747647285461426,2.9555677703525864,0.8325068950653076,0.9779748916625977,0.9988756775856018,0.9999082088470459,0.9960483908653259,0.975213348865509,0.030555790290236473,0.003814051626250148,0.0004643453285098076,0.11141262203454971,0.2942235469818115,-0.03248436003923416,-0.9248419404029846,3.2564754486083984,1.1749281883239746,3.0873100757598877,30.34095001220703,20.562379837036133,75.95746612548828,31.32439613342285,71.31143188476562,81.5086669921875,33.23750305175781,35.176151275634766,43.43090057373047,2.636812210083008,2.801182985305786,3.7580673694610596,3.308623790740967,3.1586568355560303,4.555732727050781,4.757654190063477,3.8095149993896484,5.173898696899414,4.642847537994385,3.8602993488311768,3.8779525756835938
295,5.306649684906006,2.963707685470581,2.3986613750457764,5.541086196899414,6.284135818481445,5.30616248082228,0.20452840626239777,0.9998951554298401,0.9998321533203125,0.9998465776443481,0.9998571872711182,0.9999216794967651,0.0025570131838321686,0.00099405855871737,3.0299705031211488e-05,0.006231741979718208,0.21076861023902893,-0.08440610021352768,-0.5628039836883545,2.380229949951172,1.7047919034957886,1.6281534433364868,2.081705093383789,2.460801601409912,2.3653814914470774,0.9544222354888916,0.9880883693695068,0.9985302090644836,0.9999291300773621,0.9988836050033569,0.9864187240600586,0.052979376167058945,0.004789633210748434,0.0004752491076942533,0.05777875706553459,0.36526793241500854,0.03402290865778923,-0.8707535862922668,8.55529499053955,11.024853706359863,1.2278748750686646,41.25843048095703,24.691455841064453,33.39790725708008,23.422157287597656,66.47364807128906,131.0183563232422,34.40498352050781,37.5474967956543,47.85255813598633,2.855311155319214,2.886833667755127,3.4764487743377686,3.339904546737671,3.275801181793213,4.547976493835449,4.751641273498535,3.8725266456604004,5.1702423095703125,4.6388840675354,3.8815572261810303,3.893386125564575
296,5.965697288513184,2.6964399814605713,2.3833584785461426,6.298069000244141,7.468642711639404,5.9653667781710205,0.20118319988250732,0.999943196773529,0.9997954368591309,0.9998958706855774,0.9998009204864502,0.9999849200248718,0.0026947911828756332,0.0009504891932010651,2.7981635867035948e-05,0.004960688762366772,0.21785087883472443,-0.08885353803634644,-0.5563076138496399,2.521623373031616,2.055941104888916,1.896019697189331,2.472301721572876,2.564206838607788,2.5244935947479017,1.1809114217758179,0.9999070763587952,0.9996848702430725,0.9999038577079773,0.9991490244865417,0.9999209642410278,0.055243540555238724,0.004014343488961458,0.0003586435632314533,0.0719391480088234,0.3802248239517212,0.00932207703590393,-0.88779616355896,23.34381675720215,1.2596691846847534,3.9539856910705566,50.868797302246094,24.211095809936523,13.573585510253906,14.416292190551758,31.80562973022461,165.7366485595703,59.13612365722656,38.83056640625,55.85588073730469,3.0279369354248047,2.713175058364868,3.450470447540283,3.3974485397338867,3.3494601249694824,4.55318546295166,4.743835926055908,3.935086250305176,5.131002426147461,4.647128582000732,3.8948731422424316,3.9182467460632324
297,6.508693695068359,2.5694282054901123,2.4173145294189453,6.932707786560059,8.465044021606445,6.508502545211672,0.19255001842975616,0.9999572038650513,0.9999363422393799,0.9999486804008484,0.9998581409454346,0.999968409538269,0.0025452522095292807,0.0008895326755009592,2.6088497179443948e-05,0.0037062608171254396,0.19902682304382324,-0.09067066013813019,-0.5501099824905396,2.978086471557617,2.597939968109131,2.643385648727417,2.9207065105438232,2.999518394470215,2.9745381669901256,1.4276137351989746,0.9983346462249756,0.9996780157089233,0.9999217987060547,0.999203622341156,0.9982220530509949,0.049008406698703766,0.003889674786478281,0.00032056853524409235,0.060372691601514816,0.3443971872329712,-0.020680611953139305,-0.8488998413085938,17.349077224731445,2.5795559883117676,12.202349662780762,17.866546630859375,24.70185661315918,24.141653060913086,7.175206661224365,3.761242389678955,171.5689239501953,56.34645080566406,33.769287109375,55.7984733581543,3.185803174972534,2.660862445831299,3.5883140563964844,3.487246036529541,3.4329705238342285,4.565302848815918,4.707009315490723,3.8884410858154297,5.126389980316162,4.684594631195068,3.9326934814453125,3.9584848880767822
298,6.407037734985352,2.4568634033203125,2.3425276279449463,6.772456645965576,8.339938163757324,6.406656504542858,0.1818576604127884,0.9999200701713562,0.9997050762176514,0.9999006390571594,0.9998399615287781,0.9999507069587708,0.0027336226776242256,0.0008548329933546484,2.6146695745410398e-05,0.004191374871879816,0.2188577651977539,-0.09040440618991852,-0.5119622349739075,2.422041177749634,1.9177552461624146,1.7130200862884521,2.306811809539795,2.473146915435791,2.4219021125929667,1.17231023311615,0.9997069239616394,0.9997928142547607,0.9998841285705566,0.998860776424408,0.9997075796127319,0.07718637585639954,0.007822973653674126,0.0007334906258620322,0.20194928348064423,0.4337083697319031,0.00992808397859335,-0.9508056044578552,18.39436912536621,14.288115501403809,41.607398986816406,10.36579704284668,8.083413124084473,139.2924346923828,5.588415145874023,1.9832580089569092,184.37046813964844,142.93548583984375,56.69091796875,80.74263763427734,3.3584046363830566,2.789205551147461,3.714653730392456,3.5006461143493652,3.5016913414001465,4.5765156745910645,4.740272045135498,3.6622121334075928,5.137977600097656,4.684466361999512,3.966604232788086,3.983435869216919
299,5.68654203414917,2.3302671909332275,2.2675833702087402,6.139379024505615,6.995215892791748,5.686469256982584,0.17528066039085388,0.9999405741691589,0.9997438788414001,0.9999631643295288,0.9998759031295776,0.9999394416809082,0.0029786170925945044,0.0008343611261807382,2.7811143809230998e-05,0.004823371302336454,0.21769419312477112,-0.08600586652755737,-0.5059580206871033,2.2673933506011963,1.6619645357131958,1.669812798500061,2.3140673637390137,2.304084539413452,2.2633799618670665,1.2093130350112915,0.9938575029373169,0.9998108744621277,0.999938428401947,0.9982900023460388,0.9933508634567261,0.0898798257112503,0.012576240114867687,0.0009854359086602926,0.30807578563690186,0.5064957141876221,0.044705651700496674,-0.8837600946426392,8.07837200164795,8.577727317810059,62.535919189453125,9.264551162719727,3.371635675430298,207.56521606445312,14.367183685302734,4.65464448928833,202.1155242919922,186.6735076904297,70.72042846679688,101.53886413574219,3.5156021118164062,2.90681791305542,3.819897413253784,3.486605405807495,3.4019248485565186,4.59812068939209,4.753370761871338,3.702224016189575,5.147723197937012,4.716454982757568,4.0048747062683105,4.004483222961426
300,5.212414264678955,2.2838518619537354,2.2648043632507324,5.645442008972168,6.121079921722412,5.212298265183529,0.17553399503231049,0.9999715685844421,1.0,0.9999473094940186,0.9998891353607178,0.9999833703041077,0.003046435071155429,0.0008036625804379582,2.9413267839117907e-05,0.005501374136656523,0.2501038908958435,-0.08310285210609436,-0.49783653020858765,2.459211587905884,2.0882279872894287,2.237244129180908,2.570950746536255,2.4676032066345215,2.4040847051240704,1.2462613582611084,0.962422251701355,0.9998959302902222,0.9998331069946289,0.99822598695755,0.9602843523025513,0.06608843058347702,0.010054188780486584,0.0008794424938969314,0.2339484542608261,0.8830839395523071,0.021366996690630913,-0.7884742617607117,6.126345157623291,9.650979042053223,30.203096389770508,14.02936840057373,1.9660933017730713,212.15660095214844,24.347183227539062,3.92521595954895,186.73988342285156,187.70423889160156,67.68489837646484,100.18506622314453,3.6490159034729004,3.015695571899414,3.9247148036956787,3.557847023010254,3.16322922706604,4.623623847961426,4.783298969268799,3.6904726028442383,5.17755126953125,4.735867023468018,4.032131671905518,4.020459175109863
301,5.504303455352783,2.2901296615600586,2.408344030380249,5.947834491729736,6.4470672607421875,5.504167389208525,0.17059218883514404,0.9999068379402161,0.9999184608459473,0.9999424815177917,0.9998666644096375,0.9998924732208252,0.003175462828949094,0.0007865264196880162,2.8447828299249522e-05,0.005571525078266859,0.28593185544013977,-0.08682961016893387,-0.5039237141609192,2.903078317642212,2.276326894760132,3.0730693340301514,2.926318407058716,2.9002315998077393,2.5298260642112935,1.1668095588684082,0.8602816462516785,0.9999798536300659,0.9995336532592773,0.9948171973228455,0.8549166917800903,0.029176896438002586,0.005909878294914961,0.0006532511906698346,0.10032891482114792,0.48897284269332886,-0.0684359148144722,-0.4859752655029297,3.340906858444214,4.803844451904297,25.170682907104492,18.856639862060547,8.890938758850098,194.26718139648438,22.457929611206055,29.9550724029541,124.08549499511719,82.2317123413086,51.406044006347656,74.6887435913086,3.551454782485962,3.098883867263794,4.013951778411865,3.662916421890259,3.23669695854187,4.654160976409912,4.81741189956665,3.768624782562256,5.213176727294922,4.75172233581543,4.076900005340576,4.069188117980957
302,5.884634971618652,2.318263530731201,2.4747862815856934,6.207918167114258,6.982027530670166,5.884184686584458,0.17278942465782166,0.9998827576637268,0.9998344779014587,0.9998965859413147,0.999901533126831,0.9998781085014343,0.002962694736197591,0.0007842828636057675,2.788999699987471e-05,0.005629292223602533,0.26434239745140076,-0.08991292864084244,-0.5465162992477417,2.9059863090515137,2.323368549346924,2.688319206237793,2.8561718463897705,2.9154796600341797,2.2119268039940274,1.073801875114441,0.7544512748718262,0.9989983439445496,0.9993004202842712,0.9958692193031311,0.7411625385284424,0.0331481508910656,0.006953518372029066,0.0007515348843298852,0.1703689992427826,0.33573809266090393,-0.014110350981354713,-0.7742984294891357,0.6292145252227783,3.7753870487213135,9.269598007202148,35.10316467285156,45.81962966918945,207.439208984375,31.956649780273438,91.00146484375,104.74732208251953,31.000816345214844,56.07424545288086,77.8016357421875,3.24843168258667,3.134030342102051,4.021584510803223,3.7049078941345215,3.3051555156707764,4.669835567474365,4.7922797203063965,3.8446288108825684,5.236832618713379,4.673275947570801,4.063096523284912,4.065027713775635
303,6.346776962280273,2.43394136428833,2.5699667930603027,6.568929195404053,7.581327438354492,6.346634311053946,0.18057630956172943,0.9999753832817078,0.9999192357063293,0.9999728202819824,0.9998892545700073,0.9999815821647644,0.0027444791048765182,0.0007580595556646585,2.658268203958869e-05,0.004799557384103537,0.24331732094287872,-0.09276723116636276,-0.561105489730835,2.9387381076812744,2.356738328933716,2.3509762287139893,2.743657112121582,2.9733779430389404,1.8984412069690704,1.0397710800170898,0.6443209648132324,0.9975019693374634,0.9994081258773804,0.9937803745269775,0.6163310408592224,0.03157579153776169,0.007469777017831802,0.0008663489716127515,0.223846897482872,0.24329566955566406,-0.04160366579890251,-0.7190940976142883,0.5709922313690186,3.0325183868408203,11.699338912963867,54.33666229248047,88.7267074584961,210.1796875,13.090831756591797,136.8629913330078,65.54304504394531,34.0391960144043,61.808197021484375,84.41185760498047,2.9745044708251953,3.064135789871216,4.036312580108643,3.7562527656555176,3.4044151306152344,4.6694416999816895,4.800775051116943,3.916159152984619,5.235533714294434,4.636819839477539,4.049435138702393,4.064781665802002
304,7.286365985870361,2.48049259185791,2.5566563606262207,7.608325958251953,9.438148498535156,7.2857648015899485,0.16160991787910461,0.9999255537986755,0.9988911151885986,0.9999225735664368,0.9998849034309387,0.9999954104423523,0.0026638254057615995,0.0007472457364201546,2.373374991293531e-05,0.004579737316817045,0.224131777882576,-0.0943814292550087,-0.5294134020805359,2.568769693374634,1.807198405265808,1.6800285577774048,2.29640531539917,2.6325745582580566,2.215406542999566,0.9730764627456665,0.8409378528594971,0.9998935461044312,0.9998223185539246,0.9989204406738281,0.8245607614517212,0.04285484552383423,0.01032197754830122,0.0010999985970556736,0.25452134013175964,0.28271469473838806,0.008637753315269947,-0.6351163387298584,14.536639213562012,5.371794700622559,15.38742733001709,77.0728530883789,121.84110260009766,241.55340576171875,4.823319911956787,142.7857666015625,52.23721694946289,66.19755554199219,74.18070983886719,96.45379638671875,3.1739342212677,3.1619043350219727,4.061817646026611,3.805854082107544,3.5017974376678467,4.633947849273682,4.73714542388916,3.986048460006714,5.215811252593994,4.578940391540527,4.085720062255859,4.1002960205078125
305,8.155203819274902,2.6662914752960205,2.69805645942688,8.632704734802246,10.849160194396973,8.154825066863255,0.15723730623722076,0.9999579191207886,0.9996647238731384,0.9999352097511292,0.9998844861984253,0.9999982118606567,0.00248420680873096,0.0006749106687493622,2.2187672584550455e-05,0.003009599866345525,0.20484614372253418,-0.09572231024503708,-0.4984215497970581,2.8521149158477783,1.9904884099960327,1.9352803230285645,2.390998601913452,2.9118034839630127,2.2774337441872228,0.9327296018600464,0.8339752554893494,0.9999024868011475,0.9997362494468689,0.9982003569602966,0.8190308213233948,0.0288176778703928,0.00814779382199049,0.0010073110461235046,0.2839485704898834,0.2857990860939026,-0.02645089477300644,-0.667270302772522,30.1846923828125,2.300103187561035,11.461792945861816,39.67972946166992,98.8851547241211,215.58541870117188,9.028843879699707,135.5702667236328,75.84762573242188,64.56066131591797,68.31043243408203,88.15140533447266,3.335170030593872,3.0298101902008057,4.108897686004639,3.862044095993042,3.5920662879943848,4.655567169189453,4.650931358337402,4.055861949920654,5.246735572814941,4.546841144561768,4.108392238616943,4.127951622009277
306,7.745911598205566,2.7255775928497314,2.754798650741577,7.863740921020508,9.607881546020508,7.745052371241795,0.16236631572246552,0.9998893737792969,1.0,0.99990314245224,0.9998889565467834,0.9998765587806702,0.0024168433155864477,0.0005761263309977949,2.267531817778945e-05,0.002543387236073613,0.17594513297080994,-0.09426184743642807,-0.47178012132644653,2.340280771255493,1.9672924280166626,1.766683578491211,1.9245586395263672,2.36637806892395,2.1975305101378084,0.9944032430648804,0.9466534852981567,0.9986253976821899,0.999231219291687,0.9908140301704407,0.9437785744667053,0.03413328528404236,0.009002091363072395,0.0010294205276295543,0.25778311491012573,0.4298010468482971,-0.0041544572450220585,-0.8334707021713257,19.902732849121094,1.0172016620635986,20.043848037719727,7.7081804275512695,44.99967956542969,161.05577087402344,15.323492050170898,84.6395263671875,196.7108612060547,110.3277587890625,66.17290496826172,85.81511688232422,3.4942893981933594,2.7926783561706543,4.1723432540893555,3.8934803009033203,3.661485433578491,4.670648097991943,4.627630233764648,4.110984802246094,5.272719860076904,4.538721084594727,4.123498439788818,4.14311408996582
307,7.385321617126465,2.6069393157958984,2.678676128387451,7.155617713928223,9.010550498962402,7.385130323841509,0.1579725444316864,0.9999749064445496,0.9999628067016602,0.9999350905418396,0.9998976588249207,0.9999991059303284,0.0023577429819852114,0.0005490373587235808,2.3571099518449046e-05,0.0027781350072473288,0.12668344378471375,-0.0926864743232727,-0.46099740266799927,2.5045549869537354,1.8869370222091675,1.8823741674423218,2.141812562942505,2.5388786792755127,2.4231335870185844,1.2503513097763062,0.9509731531143188,0.999790608882904,0.9998933672904968,0.9973647594451904,0.9475440979003906,0.07254636287689209,0.008402272127568722,0.0009328335872851312,0.17391525208950043,0.3400813341140747,0.009827799163758755,-0.8204347491264343,13.359538078308105,3.4655487537384033,16.53687858581543,13.744640350341797,14.42140007019043,53.322608947753906,41.49232482910156,53.829593658447266,259.7998962402344,182.5849151611328,65.2557373046875,97.02975463867188,3.6344099044799805,2.790008068084717,4.243721961975098,3.946049451828003,3.714005947113037,4.6712775230407715,4.621702194213867,4.131540775299072,5.289367198944092,4.565745830535889,4.160782814025879,4.174287796020508
308,7.6414899826049805,2.5607008934020996,2.686347484588623,7.26052188873291,9.41344165802002,7.641315553410831,0.15921153128147125,0.9999783635139465,0.9998456239700317,0.9999567270278931,0.999901294708252,0.9999988675117493,0.002417194191366434,0.0005566220497712493,2.3015134502202272e-05,0.0027864640578627586,0.14103780686855316,-0.09400774538516998,-0.5189550518989563,2.7044053077697754,3.2200770378112793,3.078629970550537,3.087364912033081,2.691632032394409,2.499675419303254,1.340781569480896,0.9147173762321472,0.9996243119239807,0.9998441934585571,0.9988003969192505,0.9120897650718689,0.04365924000740051,0.011734402738511562,0.0008296032319776714,0.2672981917858124,0.38269922137260437,-0.011198252439498901,-0.8942556977272034,6.880760192871094,2.3862195014953613,23.040035247802734,24.40526008605957,6.436115264892578,29.655532836914062,120.62045288085938,9.500432014465332,280.5814208984375,260.252685546875,76.37589263916016,119.8197250366211,3.7598557472229004,2.7087409496307373,4.290615081787109,3.9850409030914307,3.7224769592285156,4.679603099822998,4.652130126953125,4.161667346954346,5.272233009338379,4.588558673858643,4.182092189788818,4.198962688446045
309,7.5987348556518555,2.700578212738037,2.747685670852661,8.361613273620605,9.163634300231934,7.598390088475964,0.1605800986289978,0.9999584555625916,0.9996532201766968,0.9999028444290161,0.9999034404754639,0.9999988079071045,0.0023524612188339233,0.000597525795456022,2.1815898435306735e-05,0.0027856992091983557,0.11185292154550552,-0.09503727406263351,-0.511223316192627,2.372624158859253,2.3627452850341797,1.7361621856689453,2.2067415714263916,2.415741443634033,2.106587467200654,1.082500696182251,0.932003378868103,0.9962801337242126,0.9998085498809814,0.998451292514801,0.9256824851036072,0.061348628252744675,0.017607178539037704,0.0015359389362856746,0.4567818343639374,0.25110766291618347,0.0032473949249833822,-0.7616740465164185,1.0108109712600708,29.68834686279297,50.98162841796875,26.615236282348633,5.969515323638916,115.3072509765625,273.837158203125,6.4303364753723145,271.9747009277344,279.39984130859375,106.1214828491211,144.11447143554688,3.4717304706573486,2.830677032470703,4.3135905265808105,4.020496368408203,3.7123324871063232,4.691471576690674,4.672927379608154,4.139608383178711,5.285649299621582,4.6049299240112305,4.174341201782227,4.191677093505859
310,7.000476360321045,2.8412394523620605,2.642296314239502,7.963240146636963,8.207477569580078,7.00019631551081,0.16387368738651276,0.9999630451202393,0.9991649389266968,0.9999315738677979,0.9999009966850281,0.9999987483024597,0.0023751233238726854,0.0006058111321181059,2.248367491120007e-05,0.004458060022443533,0.13477452099323273,-0.09307945519685745,-0.48332980275154114,2.1397345066070557,2.2761895656585693,1.4385783672332764,1.767026424407959,2.203253984451294,1.3418546633939852,0.9582112431526184,0.8965545296669006,0.9986966252326965,0.9996611475944519,0.9950302839279175,0.8839804530143738,0.06668602675199509,0.024825511500239372,0.0021890203934162855,0.5956239700317383,0.5361950993537903,0.09725223481655121,-0.9215768575668335,2.158700942993164,99.23120880126953,48.4650993347168,45.75059127807617,8.301833152770996,181.7965087890625,319.2102355957031,2.2902109622955322,293.9574279785156,289.45330810546875,129.0615234375,161.93576049804688,3.296544313430786,2.9138169288635254,4.26494836807251,4.033779621124268,3.7208657264709473,4.697574138641357,4.7036590576171875,3.9053585529327393,5.271010875701904,4.6175618171691895,4.142512321472168,4.155582427978516
311,6.79827880859375,2.7186896800994873,2.5142900943756104,7.027876377105713,8.03662109375,6.797876342031772,0.16405640542507172,0.9999414682388306,1.0,0.9998423457145691,0.9998904466629028,0.9999845623970032,0.0024238054174929857,0.0006320637767203152,2.5024981368915178e-05,0.005255253054201603,0.21908876299858093,-0.09140463918447495,-0.49273422360420227,2.628176212310791,2.9116811752319336,1.942607045173645,2.0015242099761963,2.701810121536255,0.45893479913958896,1.0397312641143799,0.7552192807197571,0.9999589920043945,0.9998690485954285,0.999630331993103,0.7234243750572205,0.045574434101581573,0.01814049296081066,0.0016610719030722976,0.41530701518058777,0.8360738754272461,0.02627427689731121,-0.5726906061172485,4.523250102996826,75.0798568725586,18.68099021911621,54.90499496459961,14.845937728881836,174.7035369873047,305.3244323730469,19.120079040527344,241.8396759033203,60.0949592590332,96.91177368164062,130.664306640625,3.2173004150390625,3.035059690475464,4.260767936706543,4.087038516998291,3.6028082370758057,4.692744255065918,4.748047828674316,3.961787700653076,5.280770778656006,4.648213863372803,4.153453826904297,4.164167404174805
312,6.896378040313721,2.5378687381744385,2.398606777191162,6.589324951171875,8.373224258422852,6.896164195975589,0.16430853307247162,0.9999704957008362,0.9999971389770508,0.9999170303344727,0.9999278783798218,0.9999983310699463,0.002535152016207576,0.0006347491289488971,2.5727606043801643e-05,0.005338042508810759,0.20481115579605103,-0.09034494310617447,-0.5352075695991516,2.802244186401367,2.234862804412842,2.0995781421661377,2.4607155323028564,2.8625831604003906,1.1266290433569623,0.9674692153930664,0.7258758544921875,0.9989672899246216,0.9996951222419739,0.998894214630127,0.695080041885376,0.04291703179478645,0.010854204185307026,0.0012160949409008026,0.2880198061466217,0.8023077249526978,-0.015405148267745972,-0.7496808171272278,2.870476245880127,46.50958251953125,9.719093322753906,29.0726318359375,66.87364959716797,161.68649291992188,252.8343963623047,74.38949584960938,159.11871337890625,12.10360336303711,81.51781463623047,106.82577514648438,3.1454100608825684,3.1233787536621094,4.102753162384033,4.12666654586792,3.627309560775757,4.704970836639404,4.797217845916748,4.0047502517700195,5.297078609466553,4.669528484344482,4.159905910491943,4.17205286026001
313,6.824085712432861,2.3598015308380127,2.342606544494629,6.465251922607422,8.3155517578125,6.823822469868323,0.15445849299430847,0.9999650120735168,0.99979168176651,0.9999165534973145,0.9999104738235474,0.9999979138374329,0.002617645775899291,0.0006252455641515553,2.6238005375489593e-05,0.0045791431330144405,0.18116790056228638,-0.0885925441980362,-0.5524424314498901,2.8738179206848145,1.6472104787826538,1.8663170337677002,2.413601875305176,2.9483025074005127,1.3030927150624836,0.9424969553947449,0.8365442752838135,0.9999359846115112,0.9996291995048523,0.9992578029632568,0.8198335766792297,0.06370783597230911,0.008138171397149563,0.0011546309106051922,0.22984297573566437,0.2545725703239441,-0.025500155985355377,-0.7326475977897644,8.932551383972168,13.485511779785156,12.687654495239258,13.025223731994629,44.8492546081543,194.35098266601562,165.1533660888672,74.98458862304688,164.4562530517578,43.93928909301758,73.58647155761719,95.50250244140625,3.2754406929016113,3.2145297527313232,4.151378154754639,4.160408973693848,3.6962292194366455,4.725910186767578,4.832845687866211,4.055511474609375,5.3027849197387695,4.680344581604004,4.209538459777832,4.214447021484375
314,5.6614885330200195,2.266571044921875,2.2258048057556152,5.665191650390625,6.4901509284973145,5.661293194647858,0.15798944234848022,0.9999674558639526,1.0,0.9998795986175537,0.9999186396598816,0.9999985098838806,0.002752369036898017,0.0006217580521479249,2.8441867470974103e-05,0.0036370132584124804,0.13105861842632294,-0.0841611698269844,-0.536159098148346,2.0203399658203125,1.6153755187988281,1.5648223161697388,1.8387329578399658,2.0400636196136475,1.9822729594514203,1.094334602355957,0.9646268486976624,0.9993609189987183,0.9998969435691833,0.9993910193443298,0.9625312089920044,0.11610769480466843,0.015682635828852654,0.001963882241398096,0.2715471088886261,0.8439109921455383,0.2142920047044754,-0.2516044080257416,13.404948234558105,17.950986862182617,58.62959289550781,4.191839694976807,9.869529724121094,226.65476989746094,88.01612854003906,60.37036895751953,366.7659912109375,253.32656860351562,109.9180679321289,146.03504943847656,3.4163973331451416,3.2726073265075684,4.159548282623291,3.5566368103027344,3.6852786540985107,4.723177433013916,4.872529029846191,4.048238754272461,5.299941539764404,4.689347267150879,4.172370433807373,4.159731388092041
315,6.5535993576049805,2.6449077129364014,2.4929161071777344,6.860256195068359,7.564675807952881,6.553353026208187,0.15899698436260223,0.999965488910675,0.9995204210281372,0.9999138116836548,0.9999143481254578,0.9999967217445374,0.002426295541226864,0.0005865630810149014,2.4907361876103096e-05,0.003671871265396476,0.19230760633945465,-0.09265486896038055,-0.5489321947097778,2.6605021953582764,1.759118676185608,2.1647837162017822,2.5134291648864746,2.6757895946502686,1.993903884864887,1.2589274644851685,0.8166730999946594,0.999980092048645,0.9998498558998108,0.9943034648895264,0.8092374205589294,0.05968919396400452,0.011962470598518848,0.0012694877805188298,0.39082345366477966,0.7451596260070801,-0.01046712975949049,-0.8437280058860779,4.54296350479126,3.028620719909668,22.47689437866211,124.1751708984375,17.241287231445312,26.39107322692871,65.04451751708984,57.08097839355469,327.80279541015625,365.11810302734375,101.29024505615234,152.43817138671875,3.451054811477661,3.1946024894714355,4.162288665771484,3.6182713508605957,3.566570997238159,4.665634632110596,4.907590866088867,4.064763069152832,5.245697975158691,4.695143222808838,4.157161712646484,4.1612162590026855
316,7.507741451263428,3.387800693511963,2.965135097503662,8.179001808166504,8.485748291015625,7.50739274386218,0.15944501757621765,0.9999560713768005,0.9986816644668579,0.9999108910560608,0.9998621940612793,0.9999955892562866,0.0020316874142736197,0.0004780881281476468,2.240909270767588e-05,0.003547623520717025,0.2587212920188904,-0.10013099759817123,-0.5408156514167786,2.5719642639160156,1.0549284219741821,1.4422235488891602,1.9838812351226807,2.6632707118988037,0.44933368006136964,1.0976901054382324,0.7664597630500793,0.9999208450317383,0.9998989105224609,0.9940322041511536,0.7406126260757446,0.20032982528209686,0.01948205567896366,0.0015496413689106703,0.49739885330200195,0.6870755553245544,0.024485817179083824,-0.7350748777389526,6.140244007110596,2.7030832767486572,66.00556945800781,195.0961151123047,32.73573684692383,64.92718505859375,46.31313705444336,37.43712615966797,320.8503112792969,354.48046875,112.66889953613281,155.93040466308594,3.5438849925994873,3.0721848011016846,4.115378379821777,3.7167654037475586,3.521106481552124,4.608013153076172,4.911010265350342,4.050404071807861,5.217501163482666,4.716480731964111,4.147273540496826,4.1628947257995605
317,8.247020721435547,3.574954032897949,3.1754820346832275,9.35778522491455,9.326770782470703,8.246771555675458,0.1614057868719101,0.9999697804450989,0.9994422197341919,0.999929666519165,0.9998636841773987,0.9999947547912598,0.0016628997400403023,0.0004511019214987755,2.1028647097409703e-05,0.004118997137993574,0.2925581932067871,-0.10318020731210709,-0.4933929145336151,2.7529397010803223,1.5808175802230835,2.0398831367492676,2.0639209747314453,2.798539400100708,0.40420053607898876,1.1965025663375854,0.633722186088562,0.9995623230934143,0.9996854662895203,0.9972668290138245,0.6073830723762512,0.10744743794202805,0.013453656807541847,0.001591843436472118,0.4432526230812073,0.49678656458854675,-0.023024382069706917,-0.9254211187362671,1.5740087032318115,6.634512901306152,20.61357307434082,142.50408935546875,24.795425415039062,138.64483642578125,19.13968849182129,23.252439498901367,251.8349609375,373.2296447753906,100.22232055664062,146.89218139648438,3.313767194747925,3.0980377197265625,4.154797554016113,3.8217127323150635,3.5625641345977783,4.580509662628174,4.917393207550049,4.089718341827393,5.214995384216309,4.703986644744873,4.145748138427734,4.168867588043213
318,8.152256965637207,3.6791388988494873,3.0729727745056152,8.696650505065918,9.246918678283691,8.152034776042093,0.14949437975883484,0.9999732375144958,1.0,0.9999142289161682,0.9998860359191895,0.9999940395355225,0.0016262118006125093,0.00045510425115935504,2.188543112424668e-05,0.0055056288838386536,0.2869690954685211,-0.10071349143981934,-0.4331660866737366,2.495698928833008,2.5768039226531982,2.1481242179870605,1.9930639266967773,2.52026629447937,0.4336416381114284,1.235772967338562,0.7511872053146362,0.9998287558555603,0.9997572898864746,0.9992946982383728,0.733808159828186,0.05619220808148384,0.020116686820983887,0.0019954333547502756,0.30268242955207825,0.3380666673183441,0.01770715042948723,-0.8646054267883301,6.263365745544434,24.366958618164062,19.158292770385742,103.59410858154297,24.15407371520996,210.890380859375,19.93062400817871,12.605820655822754,258.3735046386719,436.55316162109375,111.58902740478516,164.66578674316406,3.4642908573150635,3.1840813159942627,4.150748252868652,3.8905231952667236,3.6403326988220215,4.59382438659668,4.9430460929870605,4.108802795410156,5.20399808883667,4.653256893157959,4.183290481567383,4.198309898376465
319,7.748779773712158,3.599782943725586,2.9858381748199463,7.7805705070495605,8.701719284057617,7.748584033367157,0.15290038287639618,0.9999744892120361,0.9999873042106628,0.9999127388000488,0.9999024868011475,0.9999944567680359,0.0018190229311585426,0.00048749425332061946,2.3786589736118913e-05,0.005901701282709837,0.2698042392730713,-0.09840814024209976,-0.4266481399536133,2.832146167755127,2.1127007007598877,1.9946526288986206,2.5302276611328125,2.8714466094970703,0.47163110979492934,1.2607240676879883,0.6315529346466064,0.9962679743766785,0.9997020363807678,0.9993918538093567,0.6078324317932129,0.07901230454444885,0.01946130022406578,0.0018291231244802475,0.33522385358810425,0.5165597796440125,-0.040728576481342316,-0.5718182325363159,1.6219654083251953,101.59770202636719,19.872983932495117,27.132413864135742,25.12340545654297,379.5859375,25.392969131469727,15.81691837310791,171.35494995117188,429.97784423828125,119.7477035522461,181.700439453125,3.2637393474578857,3.2631447315216064,4.120004653930664,3.96085524559021,3.6974353790283203,4.617765426635742,4.9531731605529785,4.137836933135986,5.240035057067871,4.657919883728027,4.19119119644165,4.205028057098389
320,6.697397232055664,3.1605210304260254,2.7084243297576904,6.992035388946533,7.405771255493164,6.697310152673709,0.15083637833595276,0.9999844431877136,1.0,0.9999468326568604,0.9999110698699951,0.9999955892562866,0.0021336989011615515,0.0005486962618306279,2.5015557184815407e-05,0.005539118777960539,0.21463491022586823,-0.09451664984226227,-0.43987441062927246,2.046130895614624,1.3718925714492798,1.4259918928146362,1.9390459060668945,2.069788694381714,1.1931867292856733,1.1488488912582397,0.8888252377510071,0.9998223781585693,0.9998891949653625,0.9993261694908142,0.882577657699585,0.14141328632831573,0.019024549052119255,0.002722567180171609,0.347978800535202,0.4539734125137329,0.2085874378681183,-0.13977859914302826,10.058563232421875,62.22029495239258,128.11032104492188,1.217591404914856,15.999646186828613,393.6134338378906,24.85205841064453,34.433204650878906,428.7631530761719,402.28924560546875,150.15574645996094,205.47647094726562,3.407421827316284,3.334108352661133,4.12571907043457,3.5493764877319336,3.735172748565674,4.624934196472168,4.905618190765381,4.109821796417236,5.210235595703125,4.683094024658203,4.16855001449585,4.169483184814453
321,7.032276153564453,3.1734886169433594,2.7503507137298584,8.098368644714355,7.809408664703369,7.0320388624481245,0.14824751019477844,0.9999653100967407,0.9992755651473999,0.9999041557312012,0.9998913407325745,0.9999938607215881,0.0021363056730479,0.0005693435086868703,2.2911472115083598e-05,0.0053487494587898254,0.29839658737182617,-0.09572074562311172,-0.42351436614990234,2.7123770713806152,3.04146409034729,2.668583631515503,3.1141207218170166,2.7095680236816406,0.4240428713527101,1.3186169862747192,0.6478044390678406,0.9983021020889282,0.9997650980949402,0.9994372129440308,0.6388460993766785,0.040796153247356415,0.011532274074852467,0.001175480312667787,0.22116394340991974,0.8260209560394287,-0.01740817166864872,-0.6536803245544434,8.113542556762695,56.835784912109375,41.710933685302734,26.309953689575195,4.087764739990234,207.3876953125,67.59786224365234,33.610694885253906,92.31664276123047,455.1020202636719,99.30728912353516,154.1993408203125,3.5858583450317383,3.396034002304077,4.136568546295166,3.6613216400146484,3.491074562072754,4.650465965270996,4.919345378875732,4.142543792724609,5.236732006072998,4.692582130432129,4.191252708435059,4.194858074188232
322,7.103606224060059,3.2648208141326904,2.917478561401367,8.639813423156738,7.764461040496826,7.103510419682322,0.14323408901691437,0.9999819397926331,0.9996843934059143,0.99995356798172,0.999906063079834,0.9999938607215881,0.002029309282079339,0.0005554961389862001,2.275184669997543e-05,0.005097249057143927,0.2623414099216461,-0.09591346234083176,-0.4376271665096283,2.7983529567718506,3.646817922592163,3.0306131839752197,2.79754638671875,2.7950429916381836,2.4848616215482164,1.440509557723999,0.8359068632125854,0.9992582201957703,0.9998038411140442,0.9975160360336304,0.8323885798454285,0.034346334636211395,0.007402957882732153,0.0010571746388450265,0.1844732016324997,0.25823289155960083,-0.06492403149604797,-0.7843181490898132,4.677769660949707,23.933452606201172,62.920372009277344,28.148466110229492,4.61545991897583,61.61071014404297,42.105567932128906,20.009092330932617,206.5925750732422,435.3797302246094,88.99932098388672,146.966064453125,3.5953166484832764,3.473210573196411,4.214571475982666,3.746419668197632,3.5418198108673096,4.6718621253967285,4.942306041717529,4.181135177612305,5.263965606689453,4.6974778175354,4.232808589935303,4.234258651733398
323,8.223627090454102,3.2344326972961426,2.9444780349731445,8.546307563781738,9.340481758117676,8.223312952080171,0.13611266016960144,0.9999592304229736,0.9997191429138184,0.9999024271965027,0.9998687505722046,0.9999842047691345,0.0019636747892946005,0.0005625647609122097,2.2275582523434423e-05,0.004848340060561895,0.24292731285095215,-0.10027364641427994,-0.45979708433151245,2.538750410079956,3.438865900039673,2.7856502532958984,2.437636137008667,2.5376288890838623,2.342840643811596,1.0900213718414307,0.8713922500610352,0.9994223117828369,0.9996240139007568,0.9988308548927307,0.8691002130508423,0.03257683664560318,0.009036376141011715,0.0016185104614123702,0.42997774481773376,0.4350142478942871,0.011000262573361397,-0.8102549314498901,5.828455924987793,15.377397537231445,44.247352600097656,144.5348663330078,192.59780883789062,79.20641326904297,74.13707733154297,120.27440643310547,466.940185546875,39.49400329589844,118.2637939453125,162.7684783935547,3.6925134658813477,3.4978537559509277,4.239250659942627,3.794187068939209,3.554253339767456,4.621030807495117,4.951518535614014,4.140148162841797,5.24298620223999,4.607156753540039,4.234090328216553,4.241885185241699
324,8.634554862976074,3.5156733989715576,3.0797064304351807,8.288908958435059,9.746410369873047,8.634094502676808,0.15622159838676453,0.9999268054962158,0.999995231628418,0.9999054074287415,0.9999085664749146,0.999932587146759,0.0018617864698171616,0.0005043259589001536,2.225253228971269e-05,0.0033688792027533054,0.22969993948936462,-0.10198118537664413,-0.49101412296295166,1.9951521158218384,1.8071359395980835,2.16226863861084,2.3241991996765137,1.9899667501449585,1.5822715322042769,1.0296372175216675,0.7774696946144104,0.7999925017356873,0.8856423497200012,0.8746742010116577,0.775239109992981,0.07245005667209625,0.015070582740008831,0.002558294450864196,0.5180060267448425,0.5316712260246277,0.03814880922436714,-0.8182751536369324,0.009199105203151703,0.0019699125550687313,46.67983627319336,152.3839569091797,473.0675964355469,229.49725341796875,84.46085357666016,188.52224731445312,462.51458740234375,9.428887367248535,164.65664672851562,211.28213500976562,3.324063301086426,3.148223638534546,4.239856719970703,3.861980676651001,3.5748555660247803,4.541987895965576,4.961297512054443,4.115070819854736,5.233615398406982,4.47030782699585,4.147125720977783,4.169557094573975
325,8.785008430480957,3.7710700035095215,3.2329514026641846,8.475893020629883,9.793469429016113,8.78408608818747,0.15038929879665375,0.9998801946640015,0.998591959476471,0.9998859763145447,0.9998869299888611,0.9998980164527893,0.0017146129393950105,0.0004599214007612318,2.2042948330636136e-05,0.0031002857722342014,0.21819733083248138,-0.1019035130739212,-0.5088203549385071,2.730957269668579,2.0939817428588867,2.3985016345977783,2.5000951290130615,2.7377476692199707,1.5431318243343097,1.2140880823135376,0.6180870532989502,0.999804675579071,0.9998629689216614,0.9967733025550842,0.6087598204612732,0.03775404021143913,0.009738232009112835,0.0017226068302989006,0.28153303265571594,0.42123568058013916,-0.02621723897755146,-0.7735344767570496,6.405223369598389,7.665091514587402,18.195953369140625,75.01272583007812,307.9924011230469,132.142822265625,41.106590270996094,58.04517364501953,455.21795654296875,60.73466491699219,116.2518539428711,171.7032012939453,3.433356761932373,3.183279275894165,4.281859397888184,3.9340670108795166,3.628966808319092,4.553698539733887,4.988684177398682,4.1508049964904785,5.2570624351501465,4.479939937591553,4.189172267913818,4.2090983390808105
326,7.704641819000244,3.71437406539917,3.0321028232574463,7.407700061798096,8.429300308227539,7.703919529548121,0.15024463832378387,0.9998908638954163,0.9993939399719238,0.9999149441719055,0.9999060034751892,0.9998909831047058,0.001729110605083406,0.0004494553431868553,2.416720599285327e-05,0.003335181623697281,0.21311193704605103,-0.09867263585329056,-0.5337725877761841,2.1024587154388428,1.8129783868789673,1.4338696002960205,1.9861901998519897,2.1202738285064697,1.4039611882749528,1.063395380973816,0.8188232779502869,0.9999982714653015,0.999897301197052,0.9990344643592834,0.8107286691665649,0.10905683040618896,0.022523613646626472,0.003988934215158224,0.804817795753479,0.6439996957778931,0.08568132668733597,-0.7282586097717285,17.836380004882812,13.097794532775879,395.3816223144531,21.096654891967773,514.980224609375,401.462158203125,56.82830810546875,34.4621696472168,508.24908447265625,30.721229553222656,199.41156005859375,262.86767578125,3.5406789779663086,3.224774122238159,4.307303428649902,3.661376714706421,3.6747820377349854,4.559730052947998,5.003023147583008,4.165833473205566,5.267826557159424,4.4904961585998535,4.189582824707031,4.201364994049072
327,7.141663551330566,3.8467652797698975,2.865006446838379,6.1328535079956055,7.755469799041748,7.140880179286096,0.1654030680656433,0.9998571872711182,0.999796986579895,0.999965488910675,0.9999151825904846,0.9998345971107483,0.0014795953175053,0.00033663390786387026,2.6624353267834522e-05,0.004600341897457838,0.21804386377334595,-0.09712730348110199,-0.4531242847442627,2.2718091011047363,1.901607632637024,1.470961570739746,1.8661484718322754,2.302616834640503,0.6684036619055433,1.1569291353225708,0.8150701522827148,0.9940276741981506,0.9994155168533325,0.9962392449378967,0.8048261404037476,0.09056980907917023,0.028001142665743828,0.003558248747140169,0.6094539761543274,0.5288674235343933,0.07265077531337738,-0.860216498374939,12.170260429382324,0.1624119132757187,270.655029296875,33.29751205444336,67.35791778564453,256.8941650390625,61.712547302246094,4.053627014160156,525.7727661132812,598.856689453125,183.09329223632812,256.2606201171875,3.6038947105407715,2.916642904281616,4.356080532073975,3.648530960083008,3.6530237197875977,4.569387912750244,5.036649227142334,4.04182767868042,5.288297176361084,4.468637466430664,4.158297538757324,4.174074172973633
328,7.495932579040527,3.7570064067840576,2.896480083465576,6.38791561126709,8.189475059509277,7.493877770376318,0.16544751822948456,0.9996909499168396,0.9999500513076782,0.9998506903648376,0.9999086856842041,0.9996477365493774,0.0015812009805813432,0.00036729563726112247,2.6157891625189222e-05,0.0029420682694762945,0.26423418521881104,-0.09899136424064636,-0.4633796513080597,2.7999608516693115,2.7494359016418457,2.7293601036071777,2.926865339279175,2.8003344535827637,0.33153675132857546,1.4164365530014038,0.5975897312164307,0.9998846054077148,0.9997560977935791,0.9990629553794861,0.5876474976539612,0.07166939973831177,0.018940169364213943,0.0014865094562992454,0.482878178358078,0.650316596031189,-0.04670604690909386,-0.760165810585022,1.866916537284851,11.192312240600586,38.74644470214844,81.59706115722656,15.254607200622559,50.219024658203125,118.2998046875,6.419702053070068,350.98577880859375,550.1480712890625,122.47297668457031,199.98023986816406,3.3973376750946045,3.0364983081817627,4.3913373947143555,3.740326166152954,3.6305789947509766,4.58497953414917,5.059666633605957,4.029587745666504,5.286706447601318,4.509877681732178,4.166689872741699,4.186244487762451
329,7.704311370849609,3.617180585861206,2.8478355407714844,7.023385047912598,8.476479530334473,7.701398180725872,0.15943993628025055,0.9995832443237305,0.9998190402984619,0.9998610019683838,0.9999051690101624,0.9995078444480896,0.001749582588672638,0.0004343761538621038,2.4936252884799615e-05,0.004785123746842146,0.33164751529693604,-0.0984383299946785,-0.4619642496109009,2.5009512901306152,2.5480291843414307,2.3186912536621094,2.2434704303741455,2.5121963024139404,0.3649217936669514,1.149210810661316,0.7291284799575806,0.9992778897285461,0.9998012185096741,0.9996353983879089,0.7123876214027405,0.1477985382080078,0.03428373858332634,0.0024973496329039335,0.42331480979919434,0.9177376627922058,0.07406114041805267,-0.8197221755981445,13.055883407592773,98.01795959472656,8.370734214782715,59.91655349731445,19.26502799987793,187.68780517578125,112.3609619140625,111.99935913085938,297.1158142089844,610.0595092773438,151.7849578857422,214.69931030273438,3.5329108238220215,3.142329692840576,4.363186836242676,3.7683534622192383,3.468688488006592,4.60805082321167,5.063086032867432,4.059005260467529,5.251084327697754,4.501999378204346,4.175869464874268,4.193437576293945
330,7.380727291107178,3.139470338821411,2.5909886360168457,7.1284332275390625,8.194122314453125,7.383954780253542,0.16636286675930023,0.9992647767066956,0.9998140335083008,0.9999534487724304,0.9999005794525146,0.9990678429603577,0.0018905226606875658,0.0005011199391447008,2.470808794896584e-05,0.003978757653385401,0.2607639729976654,-0.09953297674655914,-0.4937169551849365,1.8675755262374878,1.3971881866455078,1.423210620880127,2.004807233810425,1.8838729858398438,0.5133134331689022,0.8292576670646667,0.8208979964256287,0.9999251961708069,0.999847948551178,0.9995853304862976,0.8096120953559875,0.16995088756084442,0.03832155093550682,0.00492574879899621,0.683279275894165,0.9824730157852173,0.17655953764915466,-0.6349985599517822,43.680721282958984,139.9468536376953,548.8707885742188,61.19346618652344,46.70391845703125,411.7161865234375,9.362920761108398,278.4132995605469,348.64984130859375,562.9306640625,245.1468505859375,280.7562561035156,3.6641342639923096,3.22113037109375,4.368996620178223,3.195647716522217,3.483638286590576,4.614745140075684,5.012736797332764,4.041641712188721,5.212370872497559,4.505464553833008,4.132050514221191,4.150915145874023
331,9.258552551269531,3.11932635307312,2.6179873943328857,9.370086669921875,10.9920654296875,9.258021303996427,0.15495973825454712,0.9999194145202637,0.9986473321914673,0.9999223351478577,0.9998793601989746,0.9999498724937439,0.001940569723956287,0.0005494693177752197,1.9281877030152828e-05,0.0034376345574855804,0.2474932223558426,-0.10266885906457901,-0.5103693604469299,2.8192994594573975,2.3460147380828857,1.753756046295166,1.78538179397583,2.9077301025390625,0.4498549904404244,0.8354524970054626,0.6089237928390503,0.9978743195533752,0.9997666478157043,0.999591588973999,0.5674877762794495,0.11923719942569733,0.026864631101489067,0.0038295004051178694,0.6728891730308533,0.4174566864967346,0.012005520053207874,-0.6769802570343018,16.573591232299805,104.06697082519531,337.68212890625,212.60679626464844,140.9299774169922,93.48912048339844,10.106183052062988,149.5742645263672,315.9447937011719,570.3550415039062,195.1328887939453,239.6427001953125,3.7200286388397217,3.2878968715667725,4.3775529861450195,3.302821636199951,3.5274698734283447,4.5588459968566895,4.961422920227051,4.040591716766357,5.183927536010742,4.52572774887085,4.148628234863281,4.173867702484131
332,8.478697776794434,3.145160675048828,2.616075038909912,7.822143077850342,9.758822441101074,8.478262533431831,0.16128233075141907,0.9999043345451355,0.9997349381446838,0.9998495578765869,0.9999147653579712,0.9999256134033203,0.0019250139594078064,0.000568663643207401,2.1125748389749788e-05,0.004091362468898296,0.33759745955467224,-0.10159177333116531,-0.5381090641021729,2.426875114440918,2.4120519161224365,2.026986598968506,1.857030987739563,2.446969985961914,0.525727524548308,1.1451573371887207,0.8049312233924866,0.961970865726471,0.9927064180374146,0.993818461894989,0.7955368161201477,0.1542987823486328,0.034183260053396225,0.0039727636612951756,0.8398427963256836,0.9200564622879028,0.03634833171963692,-0.9744747877120972,0.15765352547168732,32.3048095703125,116.64534759521484,353.1970520019531,48.51997375488281,51.141849517822266,52.260990142822266,125.60689544677734,642.5347290039062,633.1229858398438,205.54922485351562,288.9339599609375,3.361325263977051,3.3282928466796875,4.402398109436035,3.3994574546813965,3.437201738357544,4.507899284362793,4.961203575134277,4.077022075653076,5.172274112701416,4.542344570159912,4.118941783905029,4.143449783325195
333,7.872961521148682,3.2385575771331787,2.6876420974731445,7.259523868560791,8.786128997802734,7.872718349767631,0.16862156987190247,0.9999090433120728,0.99959796667099,0.9999279379844666,0.9999217391014099,0.9999085664749146,0.002012089593335986,0.00056210852926597,2.2419953893404454e-05,0.004103514831513166,0.32283729314804077,-0.10095704346895218,-0.5250957012176514,2.6762897968292236,2.35091495513916,2.3027689456939697,2.119150161743164,2.695655584335327,0.513425491144384,1.3206114768981934,0.6450563073158264,0.9942830801010132,0.9985047578811646,0.99631667137146,0.6275827884674072,0.09399793297052383,0.026531413197517395,0.0028453709091991186,0.454092800617218,0.31465333700180054,-0.003751009237021208,-0.7485842108726501,0.403671532869339,10.209089279174805,16.48038673400879,156.97975158691406,10.421662330627441,160.9480743408203,63.02640914916992,73.28363800048828,587.8181762695312,627.4059448242188,170.69769287109375,264.8754577636719,3.0566303730010986,3.3509581089019775,4.410696983337402,3.47629451751709,3.5224857330322266,4.525384426116943,4.9942755699157715,4.120131015777588,5.17535924911499,4.575740337371826,4.120795726776123,4.145661354064941
334,7.760190486907959,3.188401699066162,2.570584297180176,7.792267322540283,8.714189529418945,7.7594679539657205,0.16307470202445984,0.9998201727867126,0.9996609687805176,0.9998517036437988,0.9999154806137085,0.999811589717865,0.002058306010439992,0.0005862907855771482,2.0755065634148195e-05,0.004326003137975931,0.4143739640712738,-0.09826035052537918,-0.5282101035118103,2.0021796226501465,2.0855469703674316,1.7205842733383179,2.2000277042388916,2.0090858936309814,0.6251713987368832,0.9603334665298462,0.8218452334403992,0.9932675957679749,0.9983627200126648,0.9975951910018921,0.8137693405151367,0.2067330926656723,0.05271855741739273,0.004086166154593229,0.9905665516853333,0.9509767293930054,0.1272784322500229,-0.8268001079559326,243.78277587890625,8.773516654968262,277.2331848144531,362.06463623046875,50.15431594848633,25.22576332092285,233.6764373779297,0.4696539640426636,715.6185302734375,670.7189331054688,258.77178955078125,320.9668884277344,3.1736457347869873,3.370681047439575,4.406157493591309,3.5702788829803467,3.439607620239258,4.450608253479004,4.913086414337158,3.7473771572113037,5.153747081756592,4.5564775466918945,4.078166484832764,4.098150730133057
335,7.539315700531006,3.0341265201568604,2.4249279499053955,8.109990119934082,8.529716491699219,7.538119002562867,0.15356948971748352,0.9997530579566956,0.9998842477798462,0.9999626874923706,0.9999010562896729,0.9996845126152039,0.0020295758731663227,0.00059606006834656,2.0184292225167155e-05,0.005189165007323027,0.3746917247772217,-0.09876882284879684,-0.534118115901947,2.118950843811035,1.714699387550354,1.3980305194854736,1.6643667221069336,2.1646950244903564,0.6686972565779828,1.0493440628051758,0.7415091395378113,0.9999842643737793,0.9996917843818665,0.9977772831916809,0.7196312546730042,0.26574307680130005,0.04942528158426285,0.005978794302791357,0.8180815577507019,0.4275328814983368,0.03251330181956291,-0.8451547622680664,246.190185546875,4.709496021270752,142.55950927734375,25.373334884643555,51.740135192871094,613.2607421875,150.38372802734375,4.730015754699707,713.5118408203125,685.9699096679688,263.8428649902344,345.8658752441406,3.333380699157715,3.3989338874816895,4.421281814575195,3.5876803398132324,3.46246075630188,4.434187889099121,4.9013214111328125,3.783198356628418,5.132846832275391,4.536510467529297,4.099180698394775,4.1112284660339355
336,6.825512886047363,2.5741567611694336,2.131843328475952,7.187261581420898,7.7278265953063965,6.823985284887013,0.1585317701101303,0.9996734261512756,0.9997664093971252,0.9999560117721558,0.999907910823822,0.999582052230835,0.002146771177649498,0.0006090825190767646,2.1006528186262585e-05,0.003924918361008167,0.30926525592803955,-0.09452264755964279,-0.5518269538879395,1.8736063241958618,1.3609803915023804,1.1537690162658691,1.5313643217086792,1.9335827827453613,0.5012618292652098,0.9111538529396057,0.8168479204177856,0.9285872578620911,0.9903072714805603,0.9542805552482605,0.7976186275482178,0.32958969473838806,0.07198139280080795,0.008119921199977398,1.360540747642517,0.4559987783432007,0.11590743809938431,-0.9350020289421082,520.1943359375,0.01528671383857727,42.3191032409668,12.290498733520508,104.2462387084961,655.5506591796875,370.2794189453125,53.69449234008789,705.2886962890625,659.10986328125,312.2988586425781,372.726806640625,3.4909613132476807,3.0603444576263428,4.422180652618408,3.579639196395874,3.472872257232666,4.425775051116943,4.8508782386779785,3.843919277191162,5.124614715576172,4.526944160461426,4.079813003540039,4.087130546569824
337,5.1547980308532715,2.2642834186553955,1.8860039710998535,5.124368190765381,5.60739803314209,5.154313749038775,0.17340844869613647,0.9997614026069641,0.9999985098838806,0.9999596476554871,0.9999262690544128,0.9997151494026184,0.0021621957421302795,0.000604410539381206,2.8955064408364706e-05,0.0025325824972242117,0.21454444527626038,-0.08510839939117432,-0.6066949367523193,1.5625897645950317,1.3914299011230469,1.1550745964050293,1.4686765670776367,1.5802181959152222,0.6598647079149297,0.8752641081809998,0.8995020985603333,0.9999035000801086,0.999858558177948,0.992590069770813,0.8931280970573425,0.2938149571418762,0.05784841999411583,0.008221845142543316,0.940870463848114,0.9889956116676331,0.36766332387924194,0.08268851041793823,340.5264587402344,4.3087334632873535,549.367431640625,38.36933135986328,80.47219848632812,668.5194091796875,103.82129669189453,70.15585327148438,751.2174682617188,635.6318359375,324.2389831542969,362.9364929199219,3.6140425205230713,3.0870420932769775,4.421074867248535,2.9564015865325928,3.4860458374023438,4.426306247711182,4.812780857086182,3.8721048831939697,5.120543003082275,4.519942283630371,4.031628608703613,4.016908645629883
338,6.0106353759765625,2.686016798019409,2.1051182746887207,6.422544002532959,6.560662269592285,6.010381789449155,0.18043863773345947,0.9995725154876709,0.999377965927124,0.9998602271080017,0.9999215006828308,0.9995068907737732,0.0021445441525429487,0.0005479696555994451,2.3775744921294972e-05,0.0033024605363607407,0.31891608238220215,-0.09421809017658234,-0.5305415987968445,2.50062894821167,1.125138759613037,1.3352868556976318,1.5986984968185425,2.613358974456787,0.3674957214883,0.9769964218139648,0.6672039031982422,0.9961722493171692,0.9957908391952515,0.9899956583976746,0.6237317323684692,0.3691731095314026,0.035939332097768784,0.004523841198533773,1.1031142473220825,0.966573178768158,0.02638324908912182,-0.9584804773330688,43.77530288696289,0.11201735585927963,139.33164978027344,353.9031066894531,55.62141036987305,501.76556396484375,50.108150482177734,36.12667465209961,511.473876953125,600.3162231445312,229.25340270996094,297.5926208496094,3.7152791023254395,2.788095235824585,4.3545708656311035,3.091831922531128,3.3345162868499756,4.414041996002197,4.801680564880371,3.917553186416626,5.073759078979492,4.550868034362793,4.004220008850098,4.0137128829956055
339,6.786462306976318,2.653266429901123,2.129290819168091,8.082847595214844,7.5395331382751465,6.784153502158913,0.18494798243045807,0.9991253018379211,0.9997270107269287,0.9998993873596191,0.9999191761016846,0.9989070296287537,0.002034433651715517,0.0005461994442157447,1.961694215424359e-05,0.0036646861117333174,0.43339982628822327,-0.0982925295829773,-0.4613446295261383,2.6941208839416504,1.5271726846694946,1.6092662811279297,1.988362193107605,2.7577297687530518,0.6117358864795537,1.157747745513916,0.5793530941009521,0.9999253749847412,0.9996481537818909,0.9958306550979614,0.5460080504417419,0.13876517117023468,0.023456988856196404,0.003831201931461692,1.0200530290603638,0.997254490852356,0.005417430307716131,-0.6952237486839294,6.152135848999023,2.5992469787597656,49.906429290771484,546.8862915039062,74.39701843261719,553.4761962890625,28.46478271484375,20.180070877075195,213.46641540527344,630.668701171875,212.61973571777344,304.9430847167969,3.828037738800049,2.6961865425109863,4.36946439743042,3.1968579292297363,3.201206684112549,4.399663925170898,4.8341898918151855,3.9545419216156006,5.08128547668457,4.581552982330322,4.014298915863037,4.038766860961914
340,7.660917282104492,2.5826833248138428,2.074846029281616,9.329297065734863,8.884465217590332,7.65381121303467,0.17875750362873077,0.9980614185333252,0.999833345413208,0.9999640583992004,0.9999012351036072,0.9973067045211792,0.002178403316065669,0.0005830736481584609,1.7803515220293775e-05,0.0044524408876895905,0.41593748331069946,-0.100396066904068,-0.42843466997146606,2.541858673095703,1.9785012006759644,1.8302583694458008,2.0528652667999268,2.5897128582000732,0.5060459619424684,1.0221054553985596,0.5753412842750549,0.899947464466095,0.8998983502388,0.8998016119003296,0.5476440787315369,0.0919615849852562,0.03330089524388313,0.003592554945498705,0.7265419363975525,0.2348938286304474,-0.02846008539199829,-0.9850339889526367,0.0006163978832773864,33.23344421386719,42.93959426879883,511.3525695800781,405.2498779296875,553.0487670898438,81.80367279052734,43.64974594116211,283.6976623535156,55.797584533691406,201.07736206054688,267.5650939941406,3.4452860355377197,2.835827112197876,4.366430759429932,3.3127381801605225,3.254398822784424,4.409067153930664,4.805706024169922,4.002777099609375,5.082553386688232,4.565643310546875,4.008042812347412,4.037325859069824
341,7.820932388305664,2.557976484298706,1.9829970598220825,8.287677764892578,9.341863632202148,7.803300365657882,0.17688888311386108,0.9959769248962402,0.9996484518051147,0.9998714327812195,0.9999067187309265,0.9940984845161438,0.0022466988302767277,0.0006131764966994524,1.9683398932102136e-05,0.003530416637659073,0.3937464952468872,-0.09950107336044312,-0.47523701190948486,1.9220131635665894,1.8710665702819824,1.5864194631576538,1.8705496788024902,1.9341963529586792,0.6795154496850551,0.9547481536865234,0.804973304271698,0.9993231892585754,0.9995427131652832,0.9973253011703491,0.7945908308029175,0.1535540670156479,0.05626600980758667,0.005416042637079954,1.032273530960083,0.91886305809021,0.12103670090436935,-0.578904926776886,2.3019230365753174,87.156005859375,39.04861831665039,571.1337280273438,686.3485107421875,530.6417846679688,147.7626190185547,101.24668884277344,608.9790649414062,18.464845657348633,279.3083801269531,342.5742492675781,3.138887405395508,2.929165840148926,4.37197732925415,3.41546630859375,3.2886898517608643,4.384997844696045,4.794543266296387,3.9964230060577393,5.051342010498047,4.454902172088623,3.9826393127441406,4.011806011199951
342,8.08127498626709,2.521470069885254,1.9536840915679932,7.5389556884765625,9.854860305786133,8.078206286963775,0.16363193094730377,0.9968984127044678,0.9999996423721313,0.9999366998672485,0.9999173879623413,0.9952417016029358,0.0022907580714672804,0.0006303702830336988,2.155644142476376e-05,0.003575637238100171,0.37206435203552246,-0.09771054983139038,-0.5845911502838135,2.4242961406707764,2.0881223678588867,1.730064034461975,2.211681604385376,2.458712100982666,0.6208335275895622,1.022872805595398,0.6428629755973816,0.9999167323112488,0.9997930526733398,0.9992932081222534,0.6180332899093628,0.13610486686229706,0.045416105538606644,0.0036770247388631105,0.827122688293457,0.36541083455085754,-0.018421322107315063,-0.9782012701034546,8.569683074951172,112.26878356933594,39.908729553222656,492.4602355957031,618.0388793945312,538.2141723632812,17.025726318359375,32.5440788269043,347.1933288574219,63.74113845825195,226.99649047851562,300.1787414550781,3.274566888809204,3.056638479232788,4.382011890411377,3.5352776050567627,3.367638111114502,4.404205799102783,4.817582607269287,4.005540370941162,5.0778584480285645,4.455955982208252,4.0377278327941895,4.060457229614258
343,6.982630729675293,2.597994327545166,1.8684959411621094,5.577146053314209,8.179720878601074,6.986201839376779,0.1595439463853836,0.9969155788421631,0.9994328618049622,0.9999618530273438,0.999921977519989,0.9956284165382385,0.00205349363386631,0.0005783217493444681,2.631196730362717e-05,0.00319140893407166,0.36276975274086,-0.09197264909744263,-0.5810321569442749,1.9411057233810425,1.5254415273666382,1.4117107391357422,1.7263942956924438,1.9635956287384033,1.2187738934583339,0.8632615208625793,0.8394122123718262,0.8998662829399109,0.8998302817344666,0.9024267196655273,0.8357346057891846,0.197865828871727,0.03522586449980736,0.005325499456375837,0.9616841673851013,0.5964769721031189,0.10068794339895248,-0.9357629418373108,26.1366024017334,109.95957946777344,234.76785278320312,567.4946899414062,282.031982421875,539.7885131835938,10.821784973144531,0.0010980576043948531,271.8981018066406,671.6538696289062,271.4554138183594,318.79364013671875,3.294353723526001,3.14532732963562,4.380309104919434,3.627450942993164,3.420778512954712,4.405697345733643,4.841029644012451,3.6050713062286377,5.011514186859131,4.467992305755615,4.019952297210693,4.029679298400879
344,7.4043121337890625,2.72920298576355,2.0244522094726562,6.048995018005371,8.542343139648438,7.421590650486339,0.17750124633312225,0.997755765914917,0.9999637007713318,0.9999486804008484,0.9999052882194519,0.996920645236969,0.0017187768826261163,0.000524947710800916,2.5124147214228287e-05,0.002505803946405649,0.42353466153144836,-0.0939183235168457,-0.6140975952148438,2.493635416030884,1.4398149251937866,1.5702913999557495,2.2058236598968506,2.525324583053589,1.6895880119579456,1.2045079469680786,0.7443509697914124,0.9791489839553833,0.9971746206283569,0.9931392669677734,0.7317886352539062,0.23291197419166565,0.021002138033509254,0.003356015309691429,0.7021095752716064,0.8319637775421143,-0.02002980001270771,-0.9744904637336731,0.23034100234508514,1.7188153266906738,98.671875,594.1520385742188,59.23576354980469,499.9908142089844,23.137969970703125,23.621700286865234,91.96249389648438,524.119384765625,191.6841278076172,278.5232849121094,2.9839630126953125,2.975311040878296,4.411798477172852,3.685868978500366,3.3934922218322754,4.411073684692383,4.853885173797607,3.6520190238952637,5.01640510559082,4.490144729614258,3.987396240234375,4.013287544250488
345,8.636617660522461,3.0334243774414062,2.265207052230835,7.363926887512207,10.1676025390625,8.669822074206815,0.16389890015125275,0.9981764554977417,1.0,0.9999307990074158,0.9999299645423889,0.9974043965339661,0.00145618652459234,0.0004869377880822867,2.2125017494545318e-05,0.00349313928745687,0.48021405935287476,-0.09863225370645523,-0.6366773843765259,2.680427312850952,1.5708072185516357,1.832449197769165,2.1240463256835938,2.7084386348724365,1.951142427742903,1.4002162218093872,0.7836058139801025,0.9995062947273254,0.9999212622642517,0.9991053938865662,0.7742478847503662,0.12447430938482285,0.015766579657793045,0.0021226846147328615,0.4403432011604309,0.8275020718574524,-0.018195491284132004,-0.6735185384750366,7.3364129066467285,9.006465911865234,20.50206184387207,143.47909545898438,15.996347427368164,74.5298080444336,26.190223693847656,98.58663177490234,336.7520446777344,634.0595092773438,136.64385986328125,220.28416442871094,3.183505058288574,3.090625047683716,4.404914379119873,3.7606189250946045,3.392657995223999,4.432430267333984,4.8506975173950195,3.7268848419189453,5.049323081970215,4.467230319976807,4.035888671875,4.062595367431641
346,7.775635242462158,2.8770315647125244,2.04705810546875,7.918619155883789,9.118642807006836,7.789984925102033,0.17577314376831055,0.9960772395133972,0.9988368153572083,0.9998935461044312,0.999914288520813,0.9944571852684021,0.002088510664179921,0.0005879735108464956,2.0204339307383634e-05,0.0041986252181231976,0.36244338750839233,-0.09929676353931427,-0.5685656666755676,1.4603532552719116,1.1762346029281616,1.1876487731933594,1.5109585523605347,1.4694384336471558,1.361109245502555,0.8391560316085815,0.9431617856025696,0.99986332654953,0.9999467730522156,0.9975821375846863,0.9398992657661438,0.2947544753551483,0.043374430388212204,0.007433128543198109,0.6535679697990417,0.998908281326294,0.4314279556274414,0.20741146802902222,70.44904327392578,5.561056137084961,600.7738647460938,42.44236373901367,79.15811157226562,546.8496704101562,119.92926025390625,567.5650024414062,707.7853393554688,365.556396484375,310.6070251464844,334.5589294433594,3.28515362739563,3.1180453300476074,4.355365753173828,3.062258243560791,3.3019344806671143,4.3901495933532715,4.841230869293213,3.744706630706787,4.995659828186035,4.379006862640381,3.9473512172698975,3.9751272201538086
347,6.990736961364746,2.7352583408355713,1.9363903999328613,6.849138259887695,7.988739490509033,6.987958357167105,0.190231591463089,0.9938137531280518,0.9999316930770874,0.9998642206192017,0.9999199509620667,0.9916577339172363,0.0018720630323514342,0.0005450045573525131,2.1138088413863443e-05,0.004548607859760523,0.32883358001708984,-0.09675373882055283,-0.518927276134491,1.9189481735229492,1.7522729635238647,1.5509337186813354,2.123145818710327,1.925347089767456,1.146463419165926,0.8207979798316956,0.8151271343231201,0.899354875087738,0.8998963832855225,0.8996902704238892,0.8116912245750427,0.12273595482110977,0.035543832927942276,0.005010408349335194,1.4238296747207642,0.6635885834693909,0.1527562439441681,-0.5925034284591675,13.87666130065918,8.336018800036982e-05,520.6968994140625,40.537933349609375,566.0394897460938,402.24822998046875,253.32369995117188,572.31298828125,561.5131225585938,25.822660446166992,295.6371765136719,339.1796569824219,3.4049935340881348,2.8062472343444824,4.369937419891357,2.904698610305786,3.3509042263031006,4.391544818878174,4.856210708618164,3.770066261291504,5.0275092124938965,4.301308631896973,3.918341875076294,3.948418378829956
348,7.883978843688965,2.769571304321289,2.0233025550842285,7.508488655090332,9.294979095458984,7.831979069877674,0.18559056520462036,0.9885427355766296,0.9989632964134216,0.9999646544456482,0.9999132752418518,0.9834953546524048,0.0016327450284734368,0.0005332002765499055,1.897346373880282e-05,0.0028102260548621416,0.4063847064971924,-0.10017875581979752,-0.4873121976852417,2.0226101875305176,1.9290335178375244,2.342223882675171,2.3173205852508545,2.013533592224121,1.3484378829968804,0.8689808249473572,0.836495041847229,0.999274730682373,0.999773383140564,0.9971045255661011,0.8318196535110474,0.09296464920043945,0.025522125884890556,0.0037503631319850683,0.9198051691055298,0.9429108500480652,0.12179020792245865,-0.7277283668518066,15.706938743591309,3.201288938522339,169.27490234375,349.6036376953125,45.03472137451172,11.063459396362305,502.7319030761719,382.8258056640625,596.024169921875,336.4762268066406,241.19432067871094,286.4402770996094,3.488163709640503,2.763507843017578,4.360900402069092,3.0099425315856934,3.270139455795288,4.308242321014404,4.837573051452637,3.838594675064087,5.001549243927002,4.309412002563477,3.9188027381896973,3.95404052734375
349,8.196370124816895,2.827280044555664,2.018425464630127,8.787415504455566,9.891520500183105,8.09522777775749,0.18678651750087738,0.9834537506103516,0.9999769926071167,0.9999597668647766,0.9998635649681091,0.9749722480773926,0.001706599141471088,0.0005840265657752752,1.822430749598425e-05,0.001270369510166347,0.4362810254096985,-0.1015254333615303,-0.49102383852005005,1.9804620742797852,2.0011379718780518,1.774217963218689,1.8994855880737305,1.9884012937545776,0.6744975238266715,0.8700879216194153,0.8302398324012756,0.8980963826179504,0.9582194089889526,0.9718435406684875,0.8231227397918701,0.10237481445074081,0.037008028477430344,0.0048515694215893745,1.320794701576233,0.8074448108673096,0.13583312928676605,-0.97818922996521,0.02021004445850849,20.848608016967773,5.136618614196777,320.84649658203125,65.61393737792969,178.8703155517578,547.3828735351562,315.98565673828125,566.1857299804688,545.2015380859375,256.6092224121094,303.6338806152344,3.140782356262207,2.8695132732391357,4.308920860290527,3.06069016456604,3.257449150085449,4.312539577484131,4.830621242523193,3.8787264823913574,4.9738640785217285,4.328527450561523,3.8961637020111084,3.934373617172241
350,7.17343807220459,3.00544810295105,2.105762243270874,7.336770057678223,8.152606010437012,7.089879122789763,0.19111254811286926,0.9841412305831909,0.9991909265518188,0.999879777431488,0.999925434589386,0.9787312150001526,0.001727768569253385,0.0005778567283414304,2.1065317923785187e-05,0.0023137126117944717,0.4220240116119385,-0.0984540730714798,-0.4881287217140198,2.27966570854187,1.7422895431518555,2.0334980487823486,1.9920762777328491,2.290863037109375,2.045811297443296,0.8688157200813293,0.8717715740203857,0.9902231097221375,0.9966369271278381,0.9909859299659729,0.866460919380188,0.11411336809396744,0.02117154933512211,0.003413595724850893,1.0010645389556885,0.4567277431488037,0.07428937405347824,-0.9627329111099243,0.3214656710624695,7.561438083648682,17.13393783569336,225.80738830566406,36.67161560058594,260.2452087402344,332.096923828125,186.56552124023438,431.8362121582031,495.6332092285156,199.3872833251953,241.88063049316406,2.8490724563598633,2.966374158859253,4.303005218505859,3.128323793411255,3.319805145263672,4.345414161682129,4.870449542999268,3.939948797225952,4.9716572761535645,4.3576884269714355,3.9051740169525146,3.9377729892730713
351,8.443337440490723,3.199833869934082,2.2559430599212646,8.551210403442383,9.975725173950195,8.306707644303158,0.1822141706943512,0.9800763130187988,0.9990768432617188,0.9999244809150696,0.9998999834060669,0.9710927605628967,0.0016808711225166917,0.0005528013571165502,1.887146027002018e-05,0.002998294774442911,0.4006962180137634,-0.10097433626651764,-0.47883012890815735,2.6582627296447754,2.1590609550476074,2.7616496086120605,3.4206912517547607,2.6523540019989014,1.8154365682185432,1.2410215139389038,0.7350786924362183,0.9991137385368347,0.9996100664138794,0.9976420402526855,0.7312241196632385,0.033293236047029495,0.006491802632808685,0.0012774374336004257,0.33601444959640503,0.466475248336792,0.034384261816740036,-0.8692976236343384,7.693798065185547,17.510465621948242,82.6709213256836,69.18627166748047,7.636191368103027,440.0732727050781,61.20576858520508,45.39678955078125,65.51272583007812,247.55014038085938,104.4436264038086,155.8007049560547,2.965935707092285,3.030081033706665,4.2974748611450195,3.206634998321533,3.402726173400879,4.370413303375244,4.902809143066406,3.989802122116089,5.013495445251465,4.39126443862915,3.957063674926758,3.9943015575408936
352,8.33807373046875,3.377666473388672,2.3082659244537354,8.282662391662598,9.751452445983887,8.248586552449261,0.1696651130914688,0.9868799448013306,0.9998165965080261,0.9999058842658997,0.9999037981033325,0.9813469052314758,0.0017526434967294335,0.0005621566087938845,1.8998951418325305e-05,0.003357867943122983,0.3606986403465271,-0.10149839520454407,-0.44587284326553345,2.486938238143921,2.501650094985962,1.8004090785980225,2.220989465713501,2.5010733604431152,1.9767322815413166,1.3066534996032715,0.8327062129974365,0.9997814893722534,0.9998623132705688,0.9993178248405457,0.8274486660957336,0.07492320984601974,0.020414259284734726,0.0025809924118220806,0.7186720371246338,0.40418460965156555,0.01257622241973877,-0.9295082092285156,19.648221969604492,17.322559356689453,55.159339904785156,23.952245712280273,7.390453815460205,505.3841247558594,30.01089859008789,19.95798683166504,474.9808349609375,530.0775146484375,168.388427734375,257.0630798339844,3.1446681022644043,3.1388354301452637,4.319934844970703,3.291882038116455,3.444061517715454,4.358773231506348,4.926547050476074,3.974937677383423,5.029421806335449,4.432035446166992,4.006109714508057,4.034449577331543
353,7.440330505371094,3.310248613357544,2.207327365875244,7.07851505279541,8.491787910461426,7.375418943491119,0.16696259379386902,0.9883086681365967,0.9997729659080505,0.9999001622200012,0.999901533126831,0.9841706156730652,0.0017266356153413653,0.0005341810174286366,2.1223850126261823e-05,0.005106664728373289,0.29343992471694946,-0.09826463460922241,-0.3941494822502136,2.3460400104522705,2.206263542175293,1.5166376829147339,1.990042805671692,2.3709049224853516,1.8872151570169153,1.257934331893921,0.7952046990394592,0.9998595714569092,0.999573826789856,0.9875484704971313,0.7862780690193176,0.0865352526307106,0.024788886308670044,0.0029453635215759277,0.7269724011421204,0.6808942556381226,0.05483192950487137,-0.9070522785186768,51.630794525146484,24.04987335205078,74.08551788330078,16.399314880371094,23.363162994384766,429.55712890625,33.76727294921875,2.4876022338867188,536.5281372070312,539.3576049804688,173.12265014648438,255.9257049560547,3.330958127975464,3.163609504699707,4.345641613006592,3.2192814350128174,3.502420425415039,4.371902942657471,4.918697357177734,3.7722229957580566,5.0612664222717285,4.458746910095215,4.014474391937256,4.0337748527526855
354,7.317037582397461,3.3369028568267822,2.2665274143218994,7.7316718101501465,8.243772506713867,7.270815346621207,0.1558101624250412,0.9903809428215027,0.9986556172370911,0.9999131560325623,0.9999052286148071,0.987316370010376,0.0019237513188272715,0.000566405535209924,2.060139195236843e-05,0.00578960170969367,0.2832221984863281,-0.0970616340637207,-0.41676878929138184,2.7579362392425537,3.90332293510437,2.7905149459838867,2.474375009536743,2.759624481201172,1.5388821313084697,1.4294018745422363,0.7160305976867676,0.9999692440032959,0.999909520149231,0.9988082647323608,0.7082415223121643,0.04696207866072655,0.013857202604413033,0.0020019307266920805,0.32130351662635803,0.3697075843811035,-0.0003515137650538236,-0.820802628993988,44.73661804199219,7.7104172706604,19.52068328857422,41.63484191894531,9.477215766906738,173.7511444091797,22.1920108795166,27.276437759399414,519.4326171875,557.9723510742188,142.3704376220703,233.48687744140625,3.482732057571411,3.2426748275756836,4.347520351409912,3.3111965656280518,3.5754568576812744,4.408420562744141,4.891110420227051,3.8225269317626953,5.105005741119385,4.478244781494141,4.066489219665527,4.077648639678955
355,7.7053303718566895,3.3551418781280518,2.2839951515197754,7.548591136932373,8.85462760925293,7.685938197161125,0.1561780571937561,0.9927572011947632,0.9992406964302063,0.999907910823822,0.999897301197052,0.9900691509246826,0.0019188238075003028,0.0005637952126562595,2.1885110982111655e-05,0.00411999924108386,0.24173587560653687,-0.09922086447477341,-0.4524005055427551,1.9537999629974365,2.3173696994781494,2.2455894947052,2.394490957260132,1.9461638927459717,1.4823163012012985,1.0524561405181885,0.8382976651191711,0.9989266991615295,0.9997552037239075,0.9996017217636108,0.8351183533668518,0.07687042653560638,0.018160367384552956,0.0024571865797042847,0.6457203030586243,0.7230492830276489,0.09429662674665451,-0.6709883809089661,17.49192237854004,11.522631645202637,191.5414581298828,29.631546020507812,375.3995666503906,167.8530731201172,10.076692581176758,337.3116760253906,504.4642639160156,7.162534236907959,165.2455291748047,213.55372619628906,3.6089179515838623,3.296293020248413,4.379965305328369,3.1456594467163086,3.5728542804718018,4.388440132141113,4.867393970489502,3.823237895965576,5.1200785636901855,4.4073052406311035,4.061014652252197,4.0760602951049805
356,9.218791961669922,3.317223072052002,2.471237897872925,10.011995315551758,10.96000862121582,9.253539949270186,0.14992621541023254,0.99845290184021,0.999126672744751,0.9999272227287292,0.9998831152915955,0.9977737069129944,0.0018904220778495073,0.0005820383667014539,1.805643660190981e-05,0.0026254707481712103,0.2573978304862976,-0.10219927877187729,-0.48358309268951416,2.662879228591919,3.051664352416992,2.094763994216919,2.2249844074249268,2.674189805984497,2.248409293836518,1.4031955003738403,0.8096954226493835,0.9983059763908386,0.9997153878211975,0.9932429194450378,0.8048619627952576,0.0466165728867054,0.013002424500882626,0.0017047334695234895,0.27372676134109497,0.4125698506832123,-0.013475915417075157,-0.6824061870574951,6.827692985534668,3.5877792835235596,58.77953338623047,192.70936584472656,27.105731964111328,37.10252380371094,7.167133808135986,142.07696533203125,561.38525390625,109.63220977783203,114.63741302490234,184.9186553955078,3.7359137535095215,3.2418324947357178,4.3867316246032715,3.2359421253204346,3.632718801498413,4.361861705780029,4.904081344604492,3.8791401386260986,5.083515167236328,4.436944484710693,4.089868068695068,4.111460208892822
357,9.033459663391113,3.4716594219207764,2.6611509323120117,10.489959716796875,10.290674209594727,9.046736247982116,0.16957858204841614,0.9961075186729431,0.9999377727508545,0.9999327659606934,0.9998775720596313,0.9947672486305237,0.0015290671726688743,0.0005213164840824902,1.7512151316623203e-05,0.001556634553708136,0.2974459230899811,-0.10326191037893295,-0.5134559869766235,2.6171045303344727,1.745013952255249,1.8935472965240479,2.244398355484009,2.638662099838257,2.0080997939504903,1.1265660524368286,0.7240151762962341,0.7998719811439514,0.8062060475349426,0.8346681594848633,0.7203031778335571,0.11580979824066162,0.022117307409644127,0.002576297614723444,0.8133549690246582,0.48326629400253296,0.0028628562577068806,-0.7394818663597107,0.002504773437976837,3.607552935136482e-05,24.455055236816406,207.94471740722656,18.23224639892578,96.83797454833984,137.85598754882812,132.3383331298828,501.50274658203125,512.1425170898438,163.13121032714844,229.5493927001953,3.3625199794769287,2.917651891708374,4.377662658691406,3.3406949043273926,3.6337854862213135,4.341218948364258,4.926384449005127,3.9357128143310547,5.107200622558594,4.468045711517334,4.041087627410889,4.07389497756958
358,8.1651611328125,3.355623722076416,2.639827251434326,9.141670227050781,9.050346374511719,8.156194713957014,0.1757621467113495,0.9936186075210571,0.9991920590400696,0.99991375207901,0.9998825788497925,0.9918748140335083,0.0015103690093383193,0.0005139177083037794,1.9208158846595325e-05,0.0024759049993008375,0.3548455536365509,-0.09926442056894302,-0.48180335760116577,2.388874053955078,2.8043625354766846,2.2005062103271484,2.1666460037231445,2.395860195159912,1.5075196165025728,1.0808466672897339,0.7882450819015503,0.9991704821586609,0.9991942048072815,0.9958804845809937,0.7802134156227112,0.0523211844265461,0.01890319585800171,0.0030017909593880177,0.8457006812095642,0.8141084909439087,0.0903187170624733,-0.8386237025260925,5.824397563934326,1.3061612844467163,7.196754455566406,215.35995483398438,45.530513763427734,62.67764663696289,249.82223510742188,138.26113891601562,509.65179443359375,534.3457641601562,176.9976348876953,240.41319274902344,3.4212961196899414,2.7373061180114746,4.386124134063721,3.4292654991149902,3.5813682079315186,4.353301048278809,4.942755222320557,3.977475166320801,5.10660457611084,4.502833843231201,4.043833255767822,4.075369834899902
359,7.982080936431885,3.164198637008667,2.4502546787261963,9.204766273498535,9.003209114074707,7.945270297078582,0.1632518619298935,0.9903531670570374,0.999958872795105,0.9999386072158813,0.9998878240585327,0.9872385859489441,0.0017888101283460855,0.0005972617655061185,1.9378681827220134e-05,0.0036741483490914106,0.37569743394851685,-0.09703502804040909,-0.4613026976585388,1.7718310356140137,1.6041724681854248,1.7092658281326294,1.8806079626083374,1.7724127769470215,0.37258127582569533,0.9831269979476929,0.8707514405250549,0.9992232322692871,0.9996117949485779,0.9990657567977905,0.864982008934021,0.13631533086299896,0.034549515694379807,0.003924229182302952,0.4870670735836029,0.6777904033660889,0.205166295170784,-0.6166295409202576,21.811264038085938,25.90291976928711,168.62744140625,231.04815673828125,69.80950164794922,3.5475354194641113,399.03521728515625,60.712158203125,547.1928100585938,536.1085205078125,206.3795623779297,252.0416717529297,3.493112564086914,2.837108850479126,4.36727237701416,3.5088038444519043,3.5575108528137207,4.103374004364014,4.886934757232666,4.000105857849121,5.061972141265869,4.479434490203857,4.0295634269714355,4.0512375831604
360,8.448819160461426,2.838461399078369,2.239262342453003,8.403759002685547,10.150882720947266,8.359220119157403,0.17359770834445953,0.9851160645484924,0.9998263716697693,0.9999363422393799,0.9998853802680969,0.9776442050933838,0.0018792086048051715,0.0006192608270794153,1.9908671674784273e-05,0.0038724576588720083,0.2933182418346405,-0.09904389083385468,-0.5090430974960327,2.091381311416626,1.3203588724136353,1.322884202003479,2.1148951053619385,2.124873638153076,0.5287399902587138,0.9002351760864258,0.7857708930969238,0.9995883703231812,0.9998253583908081,0.9994896650314331,0.7708884477615356,0.1466972678899765,0.031059011816978455,0.0035753194242715836,0.7391809821128845,0.9806162714958191,0.18812553584575653,-0.3639630377292633,15.89758586883545,98.33255767822266,317.682373046875,28.003652572631836,48.45174789428711,488.87762451171875,288.13751220703125,23.469629287719727,189.67098999023438,502.06536865234375,200.0589141845703,242.84959411621094,3.594742774963379,2.9322433471679688,4.368899822235107,2.9353320598602295,3.5174622535705566,4.141998291015625,4.8400983810424805,4.034216403961182,5.012227535247803,4.480766296386719,3.9857985973358154,4.017369270324707
361,7.975131034851074,2.760874032974243,2.1874020099639893,7.54235315322876,9.45998764038086,7.879181575043029,0.1661643385887146,0.9839644432067871,0.999661386013031,0.9999520182609558,0.9998905658721924,0.9765085577964783,0.0019855473656207323,0.0006115168798714876,2.106935608026106e-05,0.004065671470016241,0.27642059326171875,-0.09789320826530457,-0.5084007978439331,2.3764419555664062,1.7051098346710205,1.4961954355239868,1.9765794277191162,2.4237241744995117,0.5430897806907279,1.1705942153930664,0.7152926921844482,0.9993723630905151,0.9998570084571838,0.9985978603363037,0.6939334273338318,0.13180087506771088,0.032106366008520126,0.003090147627517581,0.4055510461330414,0.48796626925468445,0.05319231376051903,-0.8532615303993225,15.447434425354004,71.04446411132812,118.37483215332031,23.160078048706055,36.184967041015625,504.3464050292969,69.81784057617188,4.876518249511719,296.99298095703125,569.3400268554688,170.95855712890625,242.59982299804688,3.7234385013580322,3.0409317016601562,4.378970623016357,2.9927845001220703,3.505033016204834,4.178426265716553,4.877990245819092,4.015297889709473,5.025805473327637,4.459131717681885,4.019781112670898,4.043236255645752
362,6.97992467880249,2.51969575881958,2.022789239883423,6.510087966918945,8.132172584533691,6.9057554633259235,0.16454626619815826,0.9852250218391418,0.9999542832374573,0.9998963475227356,0.9999172687530518,0.9791285991668701,0.002155937720090151,0.000657845928799361,2.3295940991374664e-05,0.005404339637607336,0.30477070808410645,-0.09212453663349152,-0.486630380153656,2.6017215251922607,1.8476135730743408,1.682054042816162,2.0711073875427246,2.64396595954895,0.2948980260505994,1.2925431728363037,0.6050688624382019,0.999005913734436,0.9998337030410767,0.9977052807807922,0.5805989503860474,0.11442401260137558,0.035444099456071854,0.002834136364981532,0.8778952956199646,0.873000979423523,0.07336095720529556,-0.7553189396858215,4.763723850250244,36.180267333984375,20.333024978637695,51.4868278503418,15.806530952453613,488.336181640625,42.15683364868164,16.42387580871582,438.3909606933594,547.7105712890625,166.15887451171875,253.4620819091797,3.4561350345611572,3.1467602252960205,4.236029148101807,3.085793972015381,3.547236442565918,4.2418999671936035,4.917117118835449,4.044979095458984,5.0605974197387695,4.4893364906311035,4.02258825302124,4.035476207733154
363,6.890652179718018,2.553215980529785,2.030410051345825,7.155221462249756,7.996760368347168,6.831998696718226,0.15580128133296967,0.9871763586997986,0.9995126724243164,0.9998869299888611,0.9999100565910339,0.9820248484611511,0.0022216204088181257,0.0006933621480129659,2.1899468265473843e-05,0.006108395755290985,0.34764206409454346,-0.0909934788942337,-0.456287682056427,2.378335952758789,1.8288588523864746,1.629347324371338,1.8392313718795776,2.4168031215667725,0.6429371681479472,1.1485600471496582,0.716543972492218,0.9994182586669922,0.9998041391372681,0.9994519948959351,0.6976442337036133,0.08669290691614151,0.03431880846619606,0.003547085216268897,0.270250529050827,0.7548214793205261,0.08276242017745972,-0.6741884350776672,33.93156433105469,19.271669387817383,16.022480010986328,168.8778839111328,29.16071891784668,449.4059753417969,39.881351470947266,57.86824417114258,580.2889404296875,549.0012817382812,194.3710174560547,272.8666687011719,3.5351760387420654,3.2361690998077393,4.2616143226623535,3.136852741241455,3.560011386871338,4.2894134521484375,4.8853840827941895,4.071493625640869,5.03618860244751,4.510136127471924,4.052243709564209,4.058614253997803
364,7.710312843322754,3.1492714881896973,2.415086269378662,9.68328857421875,8.78817367553711,7.703545745427783,0.14811693131923676,0.9938458204269409,0.9996645450592041,0.9998919367790222,0.9998634457588196,0.991685688495636,0.0018594710854813457,0.0006015872932039201,1.8300195733900182e-05,0.004749952349811792,0.30875858664512634,-0.09723750501871109,-0.41907501220703125,2.431123733520508,1.177871823310852,1.4258291721343994,1.8422420024871826,2.502445697784424,1.399824268947966,1.1942179203033447,0.7382714748382568,0.9989020228385925,0.9996472001075745,0.9939888119697571,0.7132001519203186,0.2818668782711029,0.03097132220864296,0.0031728066969662905,0.7897161245346069,0.4026639461517334,0.04898983612656593,-0.8423843383789062,4.337198257446289,6.099294662475586,145.00454711914062,107.010498046875,12.123639106750488,448.4296875,10.927604675292969,18.533876419067383,490.9039306640625,560.8217163085938,180.419189453125,259.8955078125,3.5101447105407715,3.246417999267578,4.263523101806641,3.2479140758514404,3.5674099922180176,4.324740886688232,4.741793632507324,4.090092658996582,5.032825469970703,4.526759624481201,4.05516242980957,4.065353870391846
365,7.579897403717041,3.078608751296997,2.6217496395111084,9.570747375488281,8.374869346618652,7.597767608325331,0.16720573604106903,0.9964826703071594,0.9999410510063171,0.9998747110366821,0.9998874664306641,0.9955495595932007,0.0012475068215280771,0.00048203972983174026,1.8759781596600078e-05,0.004280842375010252,0.3290978670120239,-0.0991106778383255,-0.4620283842086792,2.596015214920044,1.5027458667755127,1.8812777996063232,2.342841148376465,2.6214511394500732,0.5788824216417138,1.2193259000778198,0.7224051356315613,0.9968420267105103,0.9981155395507812,0.9914346933364868,0.7094461917877197,0.14490698277950287,0.021778594702482224,0.0024383002892136574,0.9487223625183105,0.607109010219574,-9.636349568609148e-05,-0.8075204491615295,0.9109135866165161,0.42533382773399353,116.04114532470703,38.23166275024414,17.633028030395508,469.0064392089844,23.54247283935547,47.783592224121094,473.9130554199219,466.82647705078125,165.43142700195312,243.4395294189453,3.2350003719329834,2.9550020694732666,4.303605556488037,3.346836805343628,3.591919422149658,4.377267360687256,4.7695841789245605,4.088688850402832,5.065583229064941,4.55233097076416,4.0285820960998535,4.0494208335876465
366,7.632986545562744,3.327650547027588,2.7756683826446533,9.672354698181152,8.361614227294922,7.648353240388219,0.167349174618721,0.9961305260658264,0.9997991919517517,0.9998859167098999,0.9998915791511536,0.9951766133308411,0.0015141874318942428,0.0004950975999236107,1.8243978047394194e-05,0.0047453115694224834,0.2673942744731903,-0.10198120027780533,-0.49143749475479126,2.1417346000671387,1.7198388576507568,1.8797260522842407,2.074812650680542,2.150390625,0.5355716370334163,1.3279589414596558,0.8123840093612671,0.9992145299911499,0.9997221231460571,0.991763710975647,0.8045755624771118,0.1304950714111328,0.019139671698212624,0.0026338088791817427,0.2535569369792938,0.6002291440963745,0.02619091235101223,-0.917917788028717,6.093346118927002,6.5882344245910645,122.50601196289062,6.40404748916626,52.394126892089844,501.08416748046875,26.843114852905273,104.25022888183594,566.1897583007812,93.11048889160156,148.5463409423828,223.75099182128906,3.377396821975708,3.024925470352173,4.315988540649414,3.12099289894104,3.598447322845459,4.403824806213379,4.805142879486084,4.106932163238525,5.056062698364258,4.499979496002197,4.030969142913818,4.052395820617676
367,7.474277973175049,3.3072521686553955,2.7373290061950684,9.125001907348633,8.166014671325684,7.4733535741201615,0.17409954965114594,0.9943547248840332,0.9998261332511902,0.9999474287033081,0.9998899698257446,0.9929766058921814,0.0017611827934160829,0.0005281661287881434,1.921534385473933e-05,0.003899072064086795,0.25407713651657104,-0.10235494375228882,-0.521905779838562,2.334825038909912,1.5148940086364746,1.7024396657943726,2.2709007263183594,2.3526644706726074,1.210394844890793,1.211003065109253,0.8168175220489502,0.970734179019928,0.9927387237548828,0.9825543165206909,0.8095760345458984,0.1079598069190979,0.015195167623460293,0.002532826503738761,0.40232402086257935,0.45559003949165344,0.010976477526128292,-0.9748532176017761,0.040328942239284515,24.761768341064453,49.744136810302734,10.31691837310791,336.5390625,522.6658325195312,31.546436309814453,127.2773666381836,376.6122131347656,12.15124797821045,149.16552734375,215.34689331054688,3.0429489612579346,3.1258254051208496,4.341034889221191,3.159820795059204,3.601983070373535,4.435974597930908,4.8162689208984375,4.094150066375732,5.076359272003174,4.449721813201904,4.014409065246582,4.038806915283203
368,8.25498104095459,3.091521978378296,2.5951919555664062,8.73056697845459,9.434473991394043,8.207401355835481,0.1595400720834732,0.9895426034927368,0.999758243560791,0.9998859763145447,0.9999083876609802,0.9857795238494873,0.002028972376137972,0.0005540314014069736,1.8986682334798388e-05,0.003792168339714408,0.2495037019252777,-0.10128263384103775,-0.5105506181716919,2.6793410778045654,1.5903385877609253,1.6643328666687012,2.1529884338378906,2.715317487716675,2.536481135849046,1.0020060539245605,0.9229913353919983,0.9999821782112122,0.9998955130577087,0.9995864629745483,0.9190605282783508,0.05562659725546837,0.008977103047072887,0.0017661199672147632,0.3057493567466736,0.7474633455276489,0.06320400536060333,-0.7802951335906982,20.731496810913086,72.09068298339844,8.727831840515137,59.731224060058594,132.2066192626953,397.6605529785156,133.0265350341797,32.13468551635742,104.68939971923828,95.5252456665039,105.65242767333984,140.1236572265625,3.2260565757751465,3.2050399780273438,4.143485069274902,3.239616870880127,3.6660149097442627,4.434915065765381,4.792543888092041,4.097988128662109,5.085601806640625,4.457489490509033,4.034875392913818,4.056248664855957
369,8.723267555236816,3.0405237674713135,2.5581436157226562,8.32023811340332,10.258890151977539,8.628633202922972,0.14668667316436768,0.9852169156074524,0.9995536804199219,0.999919056892395,0.9998818039894104,0.9786964058876038,0.002012372249737382,0.0005477526574395597,1.910589162434917e-05,0.003661634400486946,0.29379013180732727,-0.10032015293836594,-0.4506291151046753,2.6603198051452637,2.655078649520874,1.9672023057937622,2.456254482269287,2.6794590950012207,1.9449635832915624,1.2218784093856812,0.8081660270690918,0.9990363121032715,0.9997354745864868,0.9993101358413696,0.8002992272377014,0.06800731271505356,0.01671740971505642,0.002016376471146941,0.6364641785621643,0.6387198567390442,-0.018745772540569305,-0.6630008220672607,16.160470962524414,62.69035339355469,3.6208791732788086,128.82315063476562,21.569509506225586,30.387489318847656,259.7616271972656,6.032670497894287,340.753173828125,534.8449096679688,140.4644317626953,207.59986877441406,3.4048473834991455,3.2992663383483887,4.054887771606445,3.3547520637512207,3.7094900608062744,4.432432651519775,4.819279670715332,4.104325771331787,5.097108364105225,4.445512771606445,4.072190284729004,4.088987827301025
370,8.211258888244629,2.998216152191162,2.5052404403686523,7.504027366638184,9.538576126098633,8.09997344597301,0.1381722092628479,0.9829270839691162,0.999897837638855,0.9999364018440247,0.9999067783355713,0.9759616851806641,0.0019131802255287766,0.0005222901236265898,2.0377347027533688e-05,0.004292154219001532,0.2786753177642822,-0.09761461615562439,-0.4500333368778229,2.4359538555145264,2.298356533050537,1.6724356412887573,2.2857608795166016,2.4588804244995117,1.2276692140933214,1.1536753177642822,0.7289189696311951,0.9998638033866882,0.9998580813407898,0.9953218102455139,0.7168106436729431,0.10129312425851822,0.028937671333551407,0.0029063059482723475,0.8666187524795532,0.3423548936843872,0.027395853772759438,-0.9160944223403931,29.171981811523438,39.561180114746094,82.99317932128906,132.1551055908203,22.090627670288086,48.42665100097656,433.1461486816406,5.147173881530762,584.5505981445312,570.007568359375,194.7250213623047,275.02423095703125,3.492140769958496,3.359938859939575,4.108147621154785,3.4664509296417236,3.725813388824463,4.431321144104004,4.839804172515869,4.105329990386963,5.0821309089660645,4.479403972625732,4.109048366546631,4.117663860321045
371,7.726563453674316,3.1080923080444336,2.573545455932617,8.417296409606934,8.663774490356445,7.605114032901624,0.15525050461292267,0.9809777140617371,0.9998109340667725,0.999899685382843,0.9999023675918579,0.975062906742096,0.0019756765104830265,0.000552288896869868,1.9598868675529957e-05,0.005019625183194876,0.34315043687820435,-0.09789314866065979,-0.43203026056289673,2.415128231048584,3.0219390392303467,2.491304636001587,2.947408676147461,2.4083075523376465,0.6450428715769553,1.2320420742034912,0.7187023758888245,0.9837018251419067,0.9959220886230469,0.9884675145149231,0.7099325060844421,0.10460086911916733,0.03410949930548668,0.0026889515575021505,0.8221198320388794,0.7821311950683594,0.05511760711669922,-0.7044200301170349,0.18622907996177673,16.15264129638672,95.96399688720703,61.68826675415039,5.99832010269165,82.2835464477539,555.0462036132812,23.69161033630371,576.2318725585938,619.3788452148438,203.6621551513672,298.5873718261719,3.157244920730591,3.3501806259155273,4.175380706787109,3.558943748474121,3.47943115234375,4.4300537109375,4.8688483238220215,4.120809078216553,5.109580993652344,4.491375923156738,4.074185371398926,4.088888645172119
372,6.447847843170166,2.754750967025757,2.3895673751831055,7.146352291107178,7.034639358520508,6.366060361608427,0.190668985247612,0.9835740327835083,0.9998721480369568,0.9999441504478455,0.9999269247055054,0.979602038860321,0.0019400522578507662,0.0005780389183200896,2.2256270312936977e-05,0.0055800871923565865,0.2828357219696045,-0.09725438803434372,-0.4509144723415375,2.015864849090576,1.634143590927124,1.5652294158935547,1.963096261024475,2.0298101902008057,1.6726394501910793,0.9707579612731934,0.8060276508331299,0.8999831080436707,0.8998270034790039,0.9037959575653076,0.8016167879104614,0.17499829828739166,0.024519314989447594,0.003879902185872197,0.9753724336624146,0.9846588969230652,0.16589714586734772,-0.9688553810119629,0.000989783788099885,12.855241775512695,220.25845336914062,45.79297637939453,12.353893280029297,348.3995361328125,360.5544128417969,94.57868194580078,621.8203735351562,538.013916015625,225.4628448486328,281.4932861328125,2.841585397720337,3.3822808265686035,4.211087703704834,2.907996416091919,3.4562363624572754,4.433523178100586,4.901555061340332,4.09652853012085,5.114628314971924,4.520534038543701,3.986595630645752,4.01046895980835
373,6.728670597076416,2.872659206390381,2.5647594928741455,7.479838848114014,7.265227317810059,6.619376534643618,0.1902817338705063,0.9804103970527649,0.9998270869255066,0.9999046921730042,0.9998947381973267,0.9762125015258789,0.0018690068973228335,0.0005094307707622647,2.088754808937665e-05,0.004238533787429333,0.2567702531814575,-0.09892292320728302,-0.49593469500541687,2.8702099323272705,2.945044755935669,2.6868298053741455,2.446925401687622,2.8763418197631836,1.0419394761162908,1.491919755935669,0.5057394504547119,0.9471734762191772,0.9661179780960083,0.9571913480758667,0.49497875571250916,0.055440302938222885,0.009862826205790043,0.0015718465438112617,0.34988781809806824,0.20604369044303894,-0.04651365429162979,-0.7488889098167419,12.354829788208008,0.007117300294339657,38.73577117919922,36.84223556518555,48.3537483215332,64.10065460205078,87.34427642822266,82.9841079711914,589.8914184570312,141.82806396484375,110.24421691894531,186.98141479492188,3.0011227130889893,3.04461669921875,4.274078369140625,3.042703866958618,3.5405354499816895,4.469662666320801,4.913630962371826,4.151973724365234,5.156830310821533,4.556434631347656,4.0151591300964355,4.042798042297363
374,6.94080114364624,3.0789027214050293,2.6585469245910645,7.173428535461426,7.50559663772583,6.827982516419045,0.17467962205410004,0.9804975390434265,0.9993590712547302,0.9999476075172424,0.9999018907546997,0.9762305617332458,0.0018250237917527556,0.0004830868565477431,2.1316158381523564e-05,0.0047263652086257935,0.24181103706359863,-0.09768003225326538,-0.48292040824890137,2.4235763549804688,2.527228593826294,2.221203565597534,2.0427348613739014,2.4321651458740234,2.3314743684722194,1.2610139846801758,0.931016206741333,0.9998921751976013,0.999853253364563,0.9972904324531555,0.9289344549179077,0.04592263326048851,0.011741750873625278,0.0025629010051488876,0.3578750491142273,0.3725678324699402,0.03360985592007637,-0.7922708988189697,54.390907287597656,11.176027297973633,12.555497169494629,105.08250427246094,114.2922134399414,158.1870574951172,32.566871643066406,197.40394592285156,639.5261840820312,73.63732147216797,139.88186645507812,208.1062469482422,3.165064573287964,3.1272132396698,4.258810997009277,3.130122661590576,3.613967180252075,4.4966936111450195,4.874167442321777,4.186694622039795,5.132486820220947,4.522143363952637,4.050736427307129,4.070046424865723
375,7.936970233917236,3.2347726821899414,2.8169007301330566,8.14761734008789,8.692705154418945,7.936805398449137,0.15512268245220184,0.9999807476997375,0.999993622303009,0.9999033808708191,0.9998788833618164,0.9999995827674866,0.0017303411150351167,0.0004912895965389907,1.9016979422303848e-05,0.0033662435598671436,0.24581030011177063,-0.09932147711515427,-0.44279325008392334,2.5399386882781982,1.916944980621338,1.5966176986694336,1.775323510169983,2.573174476623535,2.340739462014832,1.0516822338104248,0.8818422555923462,0.9940480589866638,0.9975762367248535,0.9977800846099854,0.876348614692688,0.06525605171918869,0.013620766811072826,0.0023260205052793026,0.2695712745189667,0.7776448130607605,0.06066242977976799,-0.8845197558403015,73.9536361694336,6.128289222717285,19.898395538330078,115.86245727539062,97.94078826904297,364.92608642578125,0.39034876227378845,92.88417053222656,374.0857849121094,81.31888580322266,122.7388916015625,165.73817443847656,3.305919647216797,3.2007453441619873,4.228984832763672,3.224612236022949,3.658005714416504,4.496700763702393,4.404126167297363,4.230390548706055,5.133255958557129,4.5638532638549805,4.044659614562988,4.060928821563721
376,8.77383041381836,3.4307703971862793,2.763213872909546,8.924803733825684,9.852145195007324,8.77357504958291,0.14340808987617493,0.9999740123748779,0.9998937249183655,0.99989253282547,0.9998883605003357,0.999999463558197,0.0016603792319074273,0.0005122846341691911,1.7913216652232222e-05,0.00301910238340497,0.22883790731430054,-0.1003098413348198,-0.45344942808151245,1.7980984449386597,1.2379578351974487,1.3051390647888184,1.8571282625198364,1.8122339248657227,1.1289733891242721,0.80467289686203,0.7737454771995544,0.8989273309707642,0.8997191786766052,0.8988057374954224,0.7674067616462708,0.21578875184059143,0.03397997096180916,0.005096470471471548,0.7279564738273621,0.5225565433502197,0.09986092150211334,-0.9266071915626526,278.0862121582031,20.581493377685547,538.846923828125,132.3292694091797,244.63978576660156,571.2521362304688,3.081089016632177e-05,6.3045525550842285,419.8114318847656,294.0209655761719,250.5872802734375,281.0947265625,3.4232163429260254,3.211285352706909,4.232129096984863,3.287818193435669,3.6876769065856934,4.484917640686035,3.963714599609375,4.183084487915039,5.0455851554870605,4.574739456176758,4.009416580200195,4.024380683898926
377,9.367898941040039,3.388523817062378,2.6461169719696045,10.16965103149414,10.892778396606445,9.366757438364962,0.1395445168018341,0.9998462200164795,0.9999816417694092,0.9999018907546997,0.9998891353607178,0.9998226165771484,0.0017389856511726975,0.000531586236320436,1.7089432731154375e-05,0.0031251832842826843,0.22487303614616394,-0.10037978738546371,-0.45872271060943604,2.3894922733306885,1.7344557046890259,1.7635403871536255,3.047409772872925,2.401561737060547,1.0498312757721757,1.047993540763855,0.675001859664917,0.9994992613792419,0.9997088313102722,0.9984492659568787,0.6620811820030212,0.08080895990133286,0.02434891276061535,0.0031165338587015867,0.8513460159301758,0.7994609475135803,0.06798648089170456,-0.7870972156524658,134.1524658203125,61.67558670043945,557.29833984375,98.81664276123047,30.71809959411621,535.1639404296875,22.178573608398438,7.265056610107422,126.44015502929688,539.1900024414062,211.28990173339844,282.3361511230469,3.5971012115478516,3.255077838897705,4.245326519012451,3.2635607719421387,3.7206268310546875,4.481794834136963,3.7857370376586914,4.136349678039551,5.043476104736328,4.5942206382751465,4.012327194213867,4.028317928314209
378,7.890392780303955,3.1826272010803223,2.47261381149292,10.3966646194458,8.844244956970215,7.8892275771848634,0.16717058420181274,0.9998043775558472,0.9997293949127197,0.9999001622200012,0.9998616576194763,0.9997777938842773,0.0019224543357267976,0.00055954500567168,1.7436932466807775e-05,0.004044113215059042,0.20011302828788757,-0.100323386490345,-0.4371402859687805,2.043928861618042,1.8828660249710083,1.7711522579193115,2.2185773849487305,2.047421932220459,0.8058228636092323,1.0031524896621704,0.7980765104293823,0.9068962335586548,0.9757775068283081,0.9805513620376587,0.7918698191642761,0.13375051319599152,0.028906628489494324,0.004639481659978628,0.5235376954078674,0.9944409728050232,0.10121410340070724,-0.9837226867675781,26.080223083496094,45.79540252685547,635.20068359375,64.66783905029297,0.09247780591249466,590.91796875,170.04837036132812,57.163475036621094,467.4472961425781,261.0799255371094,231.849365234375,294.9884948730469,3.702885389328003,3.341870069503784,4.265409469604492,2.7208197116851807,3.3550972938537598,4.488199710845947,3.849888563156128,4.163475036621094,5.054335117340088,4.587971210479736,3.9529953002929688,3.9760451316833496
379,7.912137508392334,3.2609176635742188,2.539055347442627,10.246042251586914,8.741576194763184,7.910782152617173,0.18531978130340576,0.999790370464325,0.9999842047691345,0.9999165534973145,0.9998732209205627,0.9997563362121582,0.0016549791907891631,0.0005212840042077005,1.7826885596150532e-05,0.0030699442140758038,0.17266516387462616,-0.10068383067846298,-0.5200679302215576,2.416421890258789,2.3610661029815674,1.986940622329712,2.2340996265411377,2.4252078533172607,1.7936209313747709,1.02747642993927,0.7721288204193115,0.8870729207992554,0.8965327739715576,0.8922497630119324,0.7684592604637146,0.04853368550539017,0.0217268206179142,0.0031616524793207645,1.1434240341186523,0.6549333333969116,0.03495369479060173,-0.9544356465339661,0.15899577736854553,0.00011552403884707019,213.30543518066406,50.88733673095703,43.65735626220703,465.06439208984375,410.8941955566406,115.0136947631836,509.6737060546875,50.669578552246094,185.93247985839844,246.32554626464844,3.343884229660034,3.007692575454712,4.318051815032959,2.730682849884033,3.383573293685913,4.516169548034668,3.9796299934387207,4.151855945587158,5.082018852233887,4.6040802001953125,3.911763906478882,3.9469692707061768
380,8.843254089355469,3.1640686988830566,2.5071802139282227,11.051300048828125,10.029202461242676,8.842720548140159,0.19645832479000092,0.9999331831932068,0.9998674392700195,0.9999426007270813,0.9998745322227478,0.9999317526817322,0.0015891807852312922,0.0005162654560990632,1.66020545293577e-05,0.0020104339346289635,0.22547516226768494,-0.102288156747818,-0.5486580729484558,2.3010082244873047,2.752107858657837,2.395249605178833,2.3247768878936768,2.2987842559814453,0.5820196926563143,1.0974980592727661,0.7825040817260742,0.9923577904701233,0.9960739612579346,0.9853487610816956,0.7758395075798035,0.06709057837724686,0.025269219651818275,0.003429386531934142,0.8516422510147095,0.5940541625022888,0.03913910686969757,-0.898788571357727,2.894660472869873,0.07826562970876694,7.789608478546143,286.4455261230469,64.62196350097656,155.39321899414062,522.3850708007812,233.91156005859375,639.3947143554688,49.95737075805664,196.28721618652344,267.2883605957031,3.225428819656372,2.7135398387908936,4.311794757843018,2.7925069332122803,3.447263717651367,4.48344087600708,4.085108757019043,4.19511604309082,5.091409683227539,4.61716890335083,3.896277666091919,3.9456098079681396
381,7.480554580688477,2.688244581222534,2.117311954498291,7.641331195831299,8.535304069519043,7.4802009022684715,0.18348269164562225,0.9999539852142334,0.9999576210975647,0.9998750686645508,0.9999027252197266,0.9999799728393555,0.0019650000613182783,0.0005969873745925725,1.89574984688079e-05,0.0036420971155166626,0.23201346397399902,-0.09603393822908401,-0.49761444330215454,1.773151159286499,1.5263108015060425,1.5273414850234985,1.876103401184082,1.7812548875808716,1.2703662562580633,0.9067234992980957,0.8882858157157898,0.9991857409477234,0.9998899698257446,0.9988221526145935,0.8819690942764282,0.20964014530181885,0.053349193185567856,0.005507754627615213,0.8507134318351746,0.9711493253707886,0.33073893189430237,-0.08380911499261856,22.37923240661621,93.7954330444336,16.55858039855957,572.9837646484375,183.399169921875,71.31423950195312,662.3944091796875,185.19654846191406,666.9265747070312,258.1257629394531,273.307373046875,321.3479919433594,3.3470962047576904,2.80002498626709,3.629055976867676,2.9066038131713867,3.4999969005584717,4.421667098999023,4.122899532318115,4.185993671417236,5.096187591552734,4.5778279304504395,3.8587353229522705,3.8885607719421387
382,7.009566783905029,2.384279251098633,1.993904709815979,6.924953937530518,8.039294242858887,7.009206271360189,0.1679333597421646,0.9999439120292664,0.9998437762260437,0.999911904335022,0.9999045729637146,0.9999568462371826,0.001816069008782506,0.0006299171946011484,1.9704237274709158e-05,0.0033889636397361755,0.3150630295276642,-0.09109564870595932,-0.47843503952026367,1.8592814207077026,1.848482370376587,1.770749568939209,2.1381688117980957,1.8581891059875488,1.34787836374679,1.007729411125183,0.9110706448554993,0.999993622303009,0.9998046159744263,0.9970746040344238,0.9083569645881653,0.1348886489868164,0.0358567051589489,0.004323857370764017,0.9762588739395142,0.8966469764709473,0.14919662475585938,-0.5761073231697083,17.70733070373535,7.728691577911377,20.417179107666016,536.683837890625,115.73640441894531,23.497922897338867,435.0128173828125,151.89694213867188,710.7428588867188,402.4492492675781,242.1873321533203,302.8113708496094,3.4894707202911377,2.8955414295196533,3.678344964981079,3.0362348556518555,3.4378249645233154,4.260410785675049,4.194100379943848,4.2136101722717285,5.061472415924072,4.5319294929504395,3.8798940181732178,3.8947885036468506
383,7.780582427978516,2.7018890380859375,2.1374473571777344,6.68001651763916,9.126083374023438,7.7803728054758645,0.16847524046897888,0.9999758005142212,0.9996055364608765,0.999937891960144,0.9998875856399536,0.9999995231628418,0.0018313827458769083,0.0006036885315552354,1.9865734429913573e-05,0.003834980772808194,0.32110595703125,-0.09482095390558243,-0.4469376802444458,2.4197802543640137,1.5559568405151367,2.0145037174224854,2.2870984077453613,2.429532766342163,2.128067521614119,0.7242112755775452,0.8280014991760254,0.8998637795448303,0.8998411297798157,0.8993189930915833,0.8255202770233154,0.0600157156586647,0.011405172757804394,0.0016871158732101321,0.32398346066474915,0.5654206275939941,0.05542203038930893,-0.6769310832023621,8.650859854242299e-06,14.61131763458252,163.32923889160156,61.10506057739258,31.278657913208008,237.15890502929688,168.75775146484375,69.62225341796875,195.0980224609375,174.25267028808594,111.5213851928711,127.25675964355469,3.140523672103882,3.0120341777801514,3.770758867263794,3.105341672897339,3.482804536819458,4.2974042892456055,4.249440670013428,4.231122970581055,5.0357255935668945,4.551425457000732,3.8876583576202393,3.9102816581726074
384,8.398022651672363,2.5963807106018066,2.166468381881714,7.272298812866211,9.973861694335938,8.397660629800809,0.19389764964580536,0.999961256980896,0.9996814727783203,0.9998879432678223,0.9998857975006104,0.9999992847442627,0.0017855101032182574,0.0005548920598812401,1.9283708752482198e-05,0.0034437612630426884,0.251495897769928,-0.10012582689523697,-0.4777945280075073,2.0371224880218506,1.9763906002044678,2.0179615020751953,2.260113000869751,2.035141706466675,0.5025974838724826,1.1023054122924805,0.7974676489830017,0.9985519647598267,0.9981124997138977,0.9868138432502747,0.7932947278022766,0.08481020480394363,0.017030863091349602,0.0035157077945768833,0.46038514375686646,0.9860349893569946,0.11379335820674896,-0.8003544211387634,36.220252990722656,0.08180931955575943,436.4066467285156,58.5576057434082,69.68087768554688,582.6537475585938,9.850153923034668,94.82412719726562,490.168701171875,128.330322265625,190.6774139404297,254.74920654296875,3.265568494796753,2.7171998023986816,3.847761392593384,2.6905713081359863,3.520415782928467,4.320734024047852,4.297128200531006,4.223703861236572,5.035128116607666,4.576484680175781,3.8494699001312256,3.893657922744751
385,8.163223266601562,2.704695701599121,2.2311437129974365,7.866308212280273,9.500083923339844,8.1629899932525,0.18110355734825134,0.9999730587005615,0.9994703531265259,0.9999352097511292,0.999893307685852,0.9999979138374329,0.0019028239184990525,0.000543092901352793,1.9463786884443834e-05,0.003627720521762967,0.21102064847946167,-0.10046913474798203,-0.5341086387634277,2.358747959136963,2.5664920806884766,2.4423117637634277,2.636784553527832,2.3555500507354736,1.1943978259077743,1.2158608436584473,0.7118527293205261,0.9970974326133728,0.9997606873512268,0.9960294961929321,0.7069622874259949,0.04422618821263313,0.01425402145832777,0.0026217715349048376,0.6509277820587158,0.9154629111289978,0.06674183160066605,-0.6586561799049377,48.34224319458008,7.814429759979248,352.80792236328125,40.66123580932617,33.23030090332031,549.6790161132812,6.512294292449951,81.67205047607422,494.1645812988281,47.576194763183594,166.2460174560547,240.9556884765625,3.412710189819336,2.811150550842285,3.929818868637085,2.7942652702331543,3.601297616958618,4.3602705001831055,3.908100128173828,4.246974468231201,5.066775321960449,4.606555938720703,3.8737919330596924,3.9075961112976074
386,8.454204559326172,3.05511474609375,2.4279751777648926,8.528757095336914,9.690620422363281,8.453941994714329,0.1656637340784073,0.9999713897705078,0.9997983574867249,0.9999046325683594,0.9998535513877869,0.9999983310699463,0.0017896853387355804,0.0005270442343316972,1.8869599443860352e-05,0.004084602929651737,0.2020525187253952,-0.10023733973503113,-0.529990017414093,2.772784948348999,1.2837978601455688,1.5642319917678833,1.9965487718582153,2.8318357467651367,0.3587573571035422,1.131407618522644,0.6465065479278564,1.0,0.9995450973510742,0.9989575147628784,0.6224279999732971,0.13747777044773102,0.01981973461806774,0.00253407284617424,0.4631780683994293,0.40043818950653076,-0.0012409694027155638,-0.9292914867401123,37.22433853149414,17.214561462402344,127.78034973144531,79.20507049560547,10.742318153381348,506.2041931152344,5.681029796600342,38.73918914794922,299.6817932128906,345.0973205566406,146.75701904296875,208.45968627929688,3.5959250926971436,2.9261395931243896,3.9993693828582764,2.9625251293182373,3.6399083137512207,4.395984172821045,3.951127529144287,4.257061004638672,5.083874225616455,4.613475799560547,3.9425392150878906,3.968606948852539
387,9.099637031555176,3.27396297454834,2.5446078777313232,8.952019691467285,10.540364265441895,9.0956975581924,0.15861272811889648,0.9995827674865723,0.9997442364692688,0.9999439716339111,0.9998879432678223,0.999445378780365,0.0016479402547702193,0.0005158901331014931,1.8702121451497078e-05,0.003115596016868949,0.2929980158805847,-0.10026320815086365,-0.5528652667999268,3.281181812286377,1.4929524660110474,1.7158623933792114,2.1132864952087402,3.3693623542785645,0.31867407553794,1.2411928176879883,0.4467173218727112,0.999462366104126,0.9998089671134949,0.9990348815917969,0.4027845561504364,0.0930415540933609,0.01799200475215912,0.0024271190632134676,0.19519838690757751,0.7755550742149353,0.02781185321509838,-0.6179392337799072,27.94520378112793,14.45639705657959,28.01872444152832,115.3568115234375,14.532768249511719,541.0205078125,64.21304321289062,11.06419849395752,259.8956298828125,225.3072052001953,130.18106079101562,198.4840087890625,3.6863954067230225,3.0368969440460205,4.032318592071533,3.082672595977783,3.4899542331695557,4.408966541290283,4.026462554931641,4.273050308227539,5.0994415283203125,4.636332035064697,3.9772491455078125,4.002869606018066
388,8.436429023742676,3.0790212154388428,2.4522593021392822,8.437986373901367,9.578588485717773,8.435392034289901,0.17368590831756592,0.9998663663864136,0.9997876882553101,0.9999210238456726,0.9998785853385925,0.9998506307601929,0.0017726104706525803,0.0005281465128064156,1.9132914530928247e-05,0.0029574171639978886,0.26733899116516113,-0.09874661266803741,-0.537502110004425,2.7675929069519043,2.0495264530181885,1.6291347742080688,1.8404871225357056,2.8146719932556152,0.4160385870264995,1.1558367013931274,0.6780795454978943,0.9988119006156921,0.997866153717041,0.9905608296394348,0.6602625846862793,0.06561566889286041,0.02303803525865078,0.003423843299970031,0.5230340361595154,0.9271071553230286,0.17192073166370392,-0.5174181461334229,20.996000289916992,0.23162730038166046,2.7960867881774902,108.58065795898438,70.2018051147461,568.6197509765625,147.3814239501953,33.74107360839844,473.3205261230469,229.3323516845703,165.52012634277344,237.92356872558594,3.7603161334991455,2.7527384757995605,3.470763921737671,3.1240017414093018,3.5510942935943604,4.450957775115967,4.096645355224609,4.268570423126221,5.096758842468262,4.5889892578125,3.916083574295044,3.947080612182617
389,8.389299392700195,3.1819324493408203,2.618481159210205,8.983991622924805,9.360469818115234,8.388210656036906,0.16162027418613434,0.9997762441635132,0.9999983906745911,0.9999109506607056,0.999851644039154,0.9997369050979614,0.001795150339603424,0.0005126289324834943,1.9344035536050797e-05,0.002867378992959857,0.23208396136760712,-0.10022852569818497,-0.531663179397583,2.470560312271118,1.7309277057647705,1.5038225650787354,1.8735226392745972,2.504800796508789,1.2730483886305393,1.1704955101013184,0.8021970987319946,0.9997369050979614,0.9996337294578552,0.998930811882019,0.7923306822776794,0.11371850967407227,0.01884804479777813,0.0033077856060117483,0.64341801404953,0.3141590654850006,-0.04198760166764259,-0.6743023991584778,6.364508152008057,20.294321060180664,39.334903717041016,18.159759521484375,124.6176986694336,599.874755859375,123.9576644897461,12.109238624572754,496.60302734375,363.1415100097656,180.4457244873047,257.5018615722656,3.8330020904541016,2.8765640258789062,3.603389024734497,3.189814567565918,3.605215549468994,4.472034454345703,4.172277450561523,4.267061710357666,5.10045862197876,4.575156211853027,3.9694974422454834,3.992741584777832
390,6.548784255981445,2.700207471847534,2.359591245651245,7.497705936431885,7.0724568367004395,6.5487581992595505,0.18194401264190674,0.999934196472168,0.999090850353241,0.9999215602874756,0.999904215335846,0.9999459981918335,0.0017821326619014144,0.000527453375980258,2.1665106032742187e-05,0.0033232644200325012,0.1365756094455719,-0.09758685529232025,-0.502536416053772,1.8342152833938599,1.3303037881851196,1.223544955253601,1.6134594678878784,1.8562804460525513,1.29244706140572,0.9105231165885925,0.8910471200942993,0.9995828866958618,0.9997694492340088,0.9966166615486145,0.8852643370628357,0.19481292366981506,0.030817409977316856,0.00511558772996068,0.9348325133323669,0.981275737285614,0.28210246562957764,-0.39128345251083374,5.778857231140137,19.773286819458008,302.1372375488281,11.30693244934082,165.71185302734375,586.5916137695312,249.95108032226562,50.92995071411133,597.2889404296875,476.1645812988281,246.5634307861328,292.77398681640625,3.8288955688476562,2.9639363288879395,3.6957998275756836,2.594825267791748,3.615760326385498,4.489564418792725,4.228365421295166,4.243031024932861,5.089699745178223,4.553635597229004,3.9303512573242188,3.9491002559661865
391,6.658875942230225,3.0238118171691895,2.359529495239258,7.111417293548584,7.232670783996582,6.65873529199295,0.17370912432670593,0.9999604821205139,0.9998421669006348,0.9999242424964905,0.9998942613601685,0.999970018863678,0.001806144486181438,0.0005473376368172467,2.1410478439065628e-05,0.004053070675581694,0.15934200584888458,-0.09659015387296677,-0.47461408376693726,1.9848657846450806,1.2678022384643555,1.3850491046905518,1.5975826978683472,2.0138494968414307,1.3610399424818551,0.8683743476867676,0.8485785126686096,0.968336284160614,0.9904524087905884,0.980135440826416,0.8397674560546875,0.17434178292751312,0.04469091445207596,0.006221990566700697,0.9517711997032166,0.452148973941803,0.07286428660154343,-0.9478622078895569,0.09721315652132034,18.067798614501953,268.8821105957031,180.312744140625,168.01673889160156,476.8314208984375,646.24267578125,1.3310188055038452,353.25042724609375,687.2674560546875,280.02996826171875,331.2147521972656,3.4525375366210938,2.988767623901367,3.7715961933135986,2.79107403755188,3.612886667251587,4.463480472564697,4.2878828048706055,3.9191670417785645,5.055065155029297,4.532506942749023,3.88749623298645,3.901958465576172
392,6.795827865600586,3.291531801223755,2.384230375289917,6.508386135101318,7.441761493682861,6.795637040439761,0.1586831510066986,0.9999718070030212,0.9999973177909851,0.9998582601547241,0.999923050403595,0.9999971389770508,0.0017774604493752122,0.0005335786263458431,2.2663356503471732e-05,0.005227136891335249,0.20282115042209625,-0.09476888924837112,-0.48235324025154114,2.272141218185425,1.3452287912368774,1.506485104560852,1.9345356225967407,2.31821870803833,0.4373468684281072,0.9247744083404541,0.705362856388092,0.9990877509117126,0.9995594620704651,0.9915454983711243,0.6810985207557678,0.19388727843761444,0.0461326539516449,0.005342470016330481,0.9802870154380798,0.4462817907333374,0.025987807661294937,-0.7759221792221069,6.910145282745361,9.424108505249023,194.88833618164062,539.7705688476562,191.8080596923828,185.3728790283203,627.66357421875,8.598943710327148,235.0464324951172,728.5164184570312,272.7999572753906,340.0893249511719,3.5420522689819336,3.0957529544830322,3.8523287773132324,2.969231128692627,3.6368391513824463,4.454195022583008,4.369914531707764,3.9254117012023926,5.042572021484375,4.515761852264404,3.940406084060669,3.947202682495117
393,7.342068672180176,3.184950828552246,2.352651596069336,6.58689022064209,8.2344388961792,7.341828517469202,0.16387856006622314,0.9999688267707825,0.9992333650588989,0.9999136328697205,0.999893844127655,0.999994158744812,0.0017203197348862886,0.0005641407333314419,2.2001497200108133e-05,0.004881040193140507,0.30574795603752136,-0.0974215641617775,-0.47981682419776917,2.2696163654327393,1.7378625869750977,1.9269672632217407,2.616255044937134,2.2776782512664795,0.40925160203939354,1.0718607902526855,0.669662356376648,0.9764043688774109,0.9928276538848877,0.9806087613105774,0.6555014252662659,0.11876505613327026,0.051914311945438385,0.004012500401586294,1.243207573890686,0.9673184752464294,0.03522266820073128,-0.7240422368049622,0.16139371693134308,5.38157320022583,83.40748596191406,643.62255859375,102.53041076660156,22.7227840423584,576.6975708007812,6.13580322265625,474.07073974609375,656.78466796875,257.1515197753906,344.9607849121094,3.2004008293151855,3.126981735229492,3.9428348541259766,3.081026077270508,3.496192455291748,4.425755500793457,4.431877136230469,3.9536991119384766,5.010753154754639,4.544888973236084,3.921440839767456,3.93739652633667
394,7.96292781829834,3.150050163269043,2.3753268718719482,7.648374080657959,9.071158409118652,7.9625579325100455,0.17407608032226562,0.9999569654464722,0.9997532963752747,0.9998698830604553,0.9998759031295776,0.9999887347221375,0.001566452905535698,0.0005631868843920529,1.976833664230071e-05,0.002858787775039673,0.4155130088329315,-0.09847576916217804,-0.4333137571811676,2.470471143722534,1.7951353788375854,2.2029128074645996,3.2780308723449707,2.4737467765808105,0.3789054618190693,1.1236764192581177,0.5785285234451294,0.9974809288978577,0.9965460896492004,0.9817972779273987,0.5615379810333252,0.09150116890668869,0.0373687818646431,0.003076312830671668,1.157962679862976,0.993010938167572,-0.007487781811505556,-0.8506391644477844,17.602378845214844,0.21878303587436676,31.357208251953125,596.4781494140625,58.193458557128906,24.6182861328125,552.9868774414062,16.443716049194336,392.3726501464844,630.6654052734375,232.0937042236328,323.61138916015625,3.30983567237854,2.8332953453063965,3.9787731170654297,3.2023396492004395,3.3492987155914307,4.441482067108154,4.496200084686279,3.975654125213623,5.0179057121276855,4.586730480194092,3.9191513061523438,3.9470858573913574
395,7.69129753112793,3.1199917793273926,2.3072636127471924,7.648993015289307,8.772149085998535,7.689390816608498,0.16424408555030823,0.9996465444564819,0.9999872446060181,0.9999420642852783,0.9998887777328491,0.9995430707931519,0.0016757410485297441,0.0005829408764839172,2.0067824152647518e-05,0.004183370154350996,0.48570865392684937,-0.09522585570812225,-0.4191991686820984,2.246248245239258,2.0743730068206787,1.8679617643356323,1.9513506889343262,2.2643251419067383,0.6742958356818017,0.92298424243927,0.6977027058601379,0.9997541904449463,0.9998011589050293,0.9985488653182983,0.6805891394615173,0.10515198856592178,0.04360242187976837,0.005220471881330013,0.9323408007621765,0.9364140033721924,0.09234653413295746,-0.5944874882698059,55.6408805847168,16.626672744750977,6.912522315979004,563.955810546875,97.16156005859375,285.24517822265625,599.0009765625,33.52096939086914,355.5466003417969,625.3919067382812,263.90032958984375,328.08441162109375,3.4590775966644287,2.922433376312256,3.9761202335357666,3.2873082160949707,3.321052312850952,4.435202598571777,4.500863075256348,4.016852378845215,4.989351272583008,4.6290740966796875,3.9537339210510254,3.973264694213867
396,7.045375347137451,3.299677610397339,2.339601755142212,6.487374782562256,7.825262069702148,7.045010442549474,0.15884515643119812,0.9999497532844543,0.9993798136711121,0.9998600482940674,0.999885618686676,0.9999788999557495,0.001622178009711206,0.0005129246856085956,2.17803808482131e-05,0.0037543270736932755,0.46790844202041626,-0.08991388231515884,-0.4470430016517639,2.6841611862182617,1.6695196628570557,1.6063085794448853,2.0008504390716553,2.7264468669891357,2.1214832401355723,1.1529189348220825,0.7775034308433533,0.9987150430679321,0.9995885491371155,0.9976221323013306,0.7653542757034302,0.10295122116804123,0.032917242497205734,0.003376329317688942,0.75629061460495,0.4092338979244232,0.023935478180646896,-0.8182772397994995,22.143835067749023,3.2252705097198486,36.40978240966797,194.38137817382812,56.658653259277344,555.27490234375,252.13462829589844,7.305579662322998,175.155517578125,697.2919311523438,199.99815368652344,286.0277099609375,3.6219842433929443,2.8838284015655518,4.041434288024902,3.4047982692718506,3.3976876735687256,4.422266006469727,4.563988208770752,4.049063682556152,5.015839576721191,4.637832164764404,4.003872394561768,4.013840198516846
397,6.976720333099365,3.0308828353881836,2.2562801837921143,5.981369495391846,7.821535587310791,6.976484607730665,0.15325425565242767,0.9999646544456482,0.9999500513076782,0.9999550580978394,0.9999147653579712,0.9999687075614929,0.0017591736977919936,0.0005078428075648844,2.244096867798362e-05,0.0047167823649942875,0.41074010729789734,-0.09241268783807755,-0.4242778420448303,2.1660563945770264,1.6571216583251953,1.5454134941101074,1.823185682296753,2.188464641571045,0.5131584990374252,1.2219569683074951,0.8523345589637756,0.9998513460159302,0.9998489022254944,0.9937768578529358,0.8452603220939636,0.141863152384758,0.022027216851711273,0.0037723281420767307,0.40979400277137756,0.4733266830444336,0.08629399538040161,-0.9487860202789307,6.616777420043945,4.697267055511475,111.85123443603516,15.673782348632812,77.50669860839844,612.2111206054688,89.94517517089844,9.962828636169434,566.9677124023438,335.6742248535156,183.11068725585938,262.5036315917969,3.659393310546875,2.945030689239502,4.058133125305176,3.458603858947754,3.4204986095428467,4.399605751037598,4.623143196105957,4.045480728149414,4.984339714050293,4.6566691398620605,4.025090217590332,4.030888080596924
398,6.249141216278076,2.6431527137756348,2.074298143386841,5.276945114135742,6.939931392669678,6.248840407314458,0.17513754963874817,0.9999504089355469,0.9994906783103943,0.9999052882194519,0.9999199509620667,0.9999670386314392,0.0018157277954742312,0.0005069192848168314,2.5598250431357883e-05,0.005246694665402174,0.3458902835845947,-0.09226750582456589,-0.40377694368362427,1.95685875415802,1.4922887086868286,1.4928151369094849,1.82374107837677,1.9733456373214722,0.5531217824497425,1.0705525875091553,0.8925896883010864,0.9998565912246704,0.9996288418769836,0.9961936473846436,0.887384295463562,0.20303533971309662,0.029163653030991554,0.004720350727438927,0.8499575853347778,0.9810423254966736,0.25402718782424927,-0.38498321175575256,1.3162122964859009,6.9464497566223145,363.5208740234375,25.321096420288086,338.8829040527344,655.3388671875,53.430946350097656,108.06140899658203,721.6409301757812,115.4554214477539,238.9915008544922,311.7620849609375,3.3967411518096924,3.011319160461426,4.080925464630127,2.8652021884918213,3.445272922515869,4.400510311126709,4.662793159484863,4.072658061981201,4.972364902496338,4.55875825881958,3.9466545581817627,3.956389904022217
399,6.676473140716553,2.824145793914795,2.2460238933563232,5.771810054779053,7.385468006134033,6.6761011757104,0.1780978888273239,0.999937891960144,0.9991058111190796,0.9998788237571716,0.9999042749404907,0.9999618530273438,0.0017346797976642847,0.000517497246619314,2.4437709726043977e-05,0.004663227591663599,0.31904858350753784,-0.09600118547677994,-0.4311864376068115,2.376054048538208,2.1228692531585693,2.480583906173706,2.5743331909179688,2.373734474182129,1.1791960128415555,1.1017078161239624,0.7007111310958862,0.9809378981590271,0.9964274764060974,0.9909674525260925,0.6958485841751099,0.03571958467364311,0.016124902293086052,0.0023404343519359827,0.8178386688232422,0.4575076699256897,0.005520944017916918,-0.989497721195221,0.1614154428243637,19.979129791259766,114.6904525756836,67.39771270751953,223.5539093017578,519.3682250976562,13.320390701293945,157.81031799316406,461.9246826171875,37.14698028564453,161.5353240966797,221.52407836914062,3.0685770511627197,3.079897880554199,4.122952938079834,2.9757864475250244,3.5073535442352295,4.437057018280029,4.683037757873535,4.05723237991333,5.000121116638184,4.535874843597412,3.946789264678955,3.9646692276000977
400,8.2407865524292,3.224599838256836,2.527038335800171,7.862102031707764,9.313468933105469,8.240665082097857,0.15826533734798431,0.9999611973762512,0.9999069571495056,0.999882698059082,0.9998963475227356,0.9999862313270569,0.0016987932613119483,0.0005396089400164783,2.025003959715832e-05,0.0030174923595041037,0.36675864458084106,-0.10076414793729782,-0.5101497173309326,2.7964470386505127,1.3281272649765015,1.3968093395233154,1.9139842987060547,2.8851263523101807,2.312422982407913,1.0071064233779907,0.7592315673828125,0.9964709877967834,0.9992710947990417,0.9971963763237,0.737096905708313,0.18422675132751465,0.028432199731469154,0.0026337699964642525,0.624828040599823,0.8996343016624451,0.06439737975597382,-0.5876569747924805,13.938590049743652,16.73887062072754,91.04701232910156,210.41055297851562,34.946258544921875,436.1473388671875,0.6385886073112488,155.57276916503906,403.8642578125,128.59884643554688,149.1903076171875,199.37384033203125,3.16565203666687,3.1709024906158447,4.17195987701416,3.120429515838623,3.546851396560669,4.4533281326293945,4.191704750061035,4.0473527908325195,5.008216857910156,4.520583629608154,3.9396979808807373,3.959686517715454
401,9.125167846679688,3.3157083988189697,2.563795566558838,9.674079895019531,10.445857048034668,9.124778009688617,0.1563180387020111,0.9999242424964905,0.9998500347137451,0.9999123811721802,0.999851405620575,0.9999303221702576,0.001425479189492762,0.0005109910853207111,1.841097036958672e-05,0.0021793569903820753,0.37983062863349915,-0.10068966448307037,-0.6138591766357422,2.3384220600128174,1.117712378501892,1.10250985622406,1.454585075378418,2.445887327194214,2.01783833833978,0.8175446391105652,0.804032027721405,0.995868980884552,0.9975820183753967,0.9927148222923279,0.7794602513313293,0.3359608054161072,0.046839941293001175,0.0050677284598350525,0.8113102912902832,0.804473340511322,0.11762706190347672,-0.5379180908203125,168.42257690429688,0.7551842331886292,69.94377899169922,318.0769958496094,55.46609878540039,513.1861572265625,6.666197776794434,386.0325012207031,563.49755859375,390.31365966796875,247.236083984375,293.6228332519531,3.2950565814971924,2.909256935119629,4.156884670257568,3.2482705116271973,3.5658936500549316,4.3965630531311035,4.068976879119873,4.086621284484863,4.976735591888428,4.479569911956787,3.9183831214904785,3.9423654079437256
402,8.871783256530762,3.1892969608306885,2.548536539077759,8.427568435668945,10.14034366607666,8.870518636580412,0.14881901443004608,0.9998134970664978,0.9999952912330627,0.9999154806137085,0.9998832941055298,0.9997767210006714,0.0010426858207210898,0.00045394638436846435,2.0116114683332853e-05,0.0028244995046406984,0.45315080881118774,-0.09944935142993927,-0.6272602081298828,2.2408156394958496,1.1914197206497192,1.27926766872406,1.5355473756790161,2.299999952316284,2.049125719794905,0.9206559658050537,0.8963924050331116,0.999186098575592,0.9998503923416138,0.9988663196563721,0.8876779675483704,0.2691020667552948,0.04409871622920036,0.00531972898170352,1.3552058935165405,0.9529266357421875,0.05732474848628044,-0.5947456359863281,173.51251220703125,20.454336166381836,15.503304481506348,408.3614196777344,29.633155822753906,280.087890625,8.0462064743042,431.1377258300781,555.7809448242188,720.1659545898438,264.26837158203125,328.029296875,3.4612433910369873,3.004611015319824,4.197098731994629,3.310480833053589,3.444939374923706,4.380243301391602,4.052783489227295,4.124552249908447,4.999598503112793,4.458807468414307,3.9434356689453125,3.9617767333984375
403,7.702567100524902,3.178853988647461,2.4112870693206787,6.745785236358643,8.614235877990723,7.701981506099481,0.14221912622451782,0.9998450875282288,0.9999698996543884,0.9998888373374939,0.9998924136161804,0.9998306632041931,0.0013504419475793839,0.0004932975862175226,2.2749367417418398e-05,0.0031697580125182867,0.4252910614013672,-0.0953957810997963,-0.5507392883300781,2.4747886657714844,2.5215084552764893,1.921120285987854,1.9607619047164917,2.499955177307129,1.540212398121016,1.1036521196365356,0.7643668055534363,0.9996410608291626,0.9997438192367554,0.9973806142807007,0.7517641186714172,0.07610297203063965,0.023235445842146873,0.003876143367961049,0.6295855045318604,0.919730544090271,0.14405716955661774,-0.4780602753162384,167.03160095214844,17.90911102294922,3.581047296524048,135.00634765625,37.27162170410156,63.72153091430664,31.919666290283203,405.70458984375,435.03009033203125,675.6392211914062,197.281494140625,272.4145812988281,3.6061644554138184,3.1087732315063477,3.5837602615356445,3.391432285308838,3.5069682598114014,4.391403675079346,4.127951622009277,4.161893367767334,5.010697841644287,4.470148086547852,3.9359192848205566,3.9424386024475098
404,8.297859191894531,3.248847723007202,2.4251163005828857,8.219138145446777,9.485834121704102,8.298150018428515,0.13465391099452972,0.9999030232429504,0.9993245601654053,0.9999218583106995,0.999898374080658,0.9999054670333862,0.001693282276391983,0.0005527256871573627,2.0619267161237076e-05,0.004100749734789133,0.34083807468414307,-0.0980326384305954,-0.5174686312675476,2.2666032314300537,1.791743516921997,2.0365617275238037,2.3871634006500244,2.272858142852783,0.3252790643308329,0.9465524554252625,0.706055760383606,0.9989307522773743,0.9997878074645996,0.997635006904602,0.692907452583313,0.12636083364486694,0.02991420589387417,0.003976963460445404,0.6515023112297058,0.3895461857318878,0.016629323363304138,-0.8167361617088318,32.46385955810547,5.5923943519592285,130.46221923828125,11.584980010986328,9.612833976745605,404.17523193359375,467.9770812988281,225.85877990722656,324.3233947753906,628.2127685546875,224.0263671875,282.2239990234375,3.7068889141082764,3.1810100078582764,3.660900592803955,3.456779956817627,3.472654104232788,4.376354217529297,4.196390151977539,4.153104305267334,4.980622291564941,4.505791187286377,3.9690499305725098,3.9761016368865967
405,6.716518878936768,2.7121872901916504,2.1347885131835938,7.939159393310547,7.4271321296691895,6.717419299684959,0.17224954068660736,0.9999756813049316,0.9994340538978577,0.9999389052391052,0.9998736381530762,0.9999918937683105,0.001959117129445076,0.0006002438021823764,2.1349696908146143e-05,0.004125227686017752,0.20011377334594727,-0.0959724634885788,-0.4899671971797943,1.7387179136276245,1.307479739189148,1.2657047510147095,1.6761256456375122,1.7649202346801758,0.47534277657134916,0.8592548966407776,0.8644276857376099,0.8997876048088074,0.8999629020690918,0.9052050709724426,0.8615943193435669,0.3168332874774933,0.06853438168764114,0.007999834604561329,1.2901678085327148,0.9949108362197876,0.35206297039985657,-0.12373664230108261,18.42642593383789,0.001890259562060237,576.93408203125,78.10240173339844,59.457130432128906,663.3232421875,605.3057250976562,108.72281646728516,731.8925170898438,657.7133178710938,349.9880065917969,400.0040588378906,3.7622692584991455,2.863054037094116,3.721912384033203,2.8268494606018066,3.376260757446289,4.369636535644531,4.29693603515625,4.123937606811523,4.966678619384766,4.494117736816406,3.8801651000976562,3.8943793773651123
406,6.865262985229492,2.815194606781006,2.101024866104126,8.294809341430664,7.720975875854492,6.86675864543609,0.16998930275440216,0.999980092048645,0.9999995231628418,0.999932587146759,0.9998847842216492,0.999994695186615,0.001805419335141778,0.0006495233392342925,2.0229052097420208e-05,0.003388216020539403,0.19318971037864685,-0.09671276807785034,-0.49958473443984985,1.9940725564956665,1.5096001625061035,1.5243934392929077,1.653643012046814,2.041175365447998,0.4321705308277269,0.920121967792511,0.7291934490203857,0.8948652148246765,0.8981729745864868,0.8961191177368164,0.7089644074440002,0.20717406272888184,0.07331424206495285,0.006724811624735594,1.1807409524917603,0.6231249570846558,0.11850778758525848,-0.9479779005050659,0.00022549799177795649,11.621047973632812,479.6996765136719,143.87245178222656,190.55514526367188,198.95846557617188,742.9389038085938,1.1691631078720093,551.9102172851562,736.8843383789062,305.7609558105469,371.4136962890625,3.386057138442993,2.946563720703125,3.7933948040008545,2.9180846214294434,3.3909990787506104,4.354589462280273,4.356480598449707,3.7904019355773926,4.971053600311279,4.458214282989502,3.8365838527679443,3.8509819507598877
407,6.189749240875244,2.7103776931762695,1.9439462423324585,6.508982181549072,6.961955547332764,6.191568255221157,0.1668030023574829,0.999940812587738,0.9993724822998047,0.999950110912323,0.9999061226844788,0.9999456405639648,0.0017954094801098108,0.0006655684555880725,2.3761704142089002e-05,0.004490019287914038,0.2343755066394806,-0.09177348017692566,-0.5115617513656616,1.814595103263855,1.430859088897705,1.3990230560302734,1.5253785848617554,1.863559365272522,0.4705774681036209,0.8202275037765503,0.8274301886558533,0.9141653776168823,0.9660113453865051,0.9792552590370178,0.8079028129577637,0.2665199339389801,0.09524474292993546,0.008183524012565613,1.6574829816818237,0.6180169582366943,0.14320117235183716,-0.8655802607536316,5.969163417816162,5.862902641296387,502.5035400390625,462.02166748046875,215.7152862548828,205.58892822265625,751.076171875,0.061336468905210495,630.3750610351562,763.9568481445312,354.3130798339844,401.34454345703125,3.4345803260803223,2.9699580669403076,3.854379415512085,3.066220283508301,3.411991596221924,4.337583065032959,4.414614677429199,3.416161298751831,4.966738700866699,4.434313774108887,3.8306541442871094,3.8338680267333984
408,6.1193156242370605,2.4467103481292725,1.8751498460769653,6.486365795135498,6.957071781158447,6.121477950815504,0.18645621836185455,0.9997673034667969,0.9999738931655884,0.9998326301574707,0.9998951554298401,0.9997419118881226,0.001493151648901403,0.0006713303155265749,2.311885509698186e-05,0.004807026591151953,0.3445042371749878,-0.09305672347545624,-0.5328764319419861,2.2403388023376465,1.5238656997680664,1.8086066246032715,2.2182862758636475,2.2969183921813965,0.4361164065625843,0.8810959458351135,0.6467433571815491,0.8978607058525085,0.8979867696762085,0.8849710822105408,0.6080491542816162,0.22654776275157928,0.08178120106458664,0.0054582576267421246,1.447058916091919,0.9717621207237244,0.03731387481093407,-0.5927770137786865,1.655205778661184e-05,0.4840843677520752,290.9194641113281,544.5252685546875,120.91243743896484,201.15652465820312,749.34765625,12.279598236083984,437.2751159667969,623.5823364257812,298.0482482910156,362.7402038574219,3.0911221504211426,2.7124342918395996,3.9180970191955566,3.199878692626953,3.2948007583618164,4.330449104309082,4.475353240966797,3.4826290607452393,4.977991580963135,4.4868574142456055,3.7969613075256348,3.8118374347686768
409,6.085665702819824,2.185716390609741,1.8253147602081299,6.4937214851379395,7.016900062561035,6.087413458346046,0.20958594977855682,0.9993805885314941,0.9999487996101379,0.9998863339424133,0.9998978972434998,0.9991862177848816,0.0014419350773096085,0.0006968622328713536,2.3032014723867178e-05,0.004545782692730427,0.44422483444213867,-0.09389083832502365,-0.5323899388313293,2.486011505126953,1.919269323348999,2.054661512374878,2.932509422302246,2.548391580581665,0.379782749426973,1.047471284866333,0.5437211394309998,0.7999997138977051,0.8367905020713806,0.8551218509674072,0.4911268949508667,0.23726628720760345,0.11466924101114273,0.0038842286448925734,1.0159379243850708,0.9340587854385376,0.01817442663013935,-0.6855068802833557,0.0018839942058548331,0.011787834577262402,86.07283020019531,551.748291015625,79.41250610351562,89.82347869873047,676.0612182617188,81.97525024414062,245.58216857910156,638.6130981445312,244.9302520751953,329.0752258300781,2.782161235809326,2.4420623779296875,3.990480661392212,3.312793016433716,3.253603219985962,4.353636741638184,4.541641712188721,3.5757510662078857,4.991513252258301,4.495968818664551,3.773961305618286,3.804931640625
410,6.760977745056152,2.2358205318450928,1.7922558784484863,7.322336673736572,8.45174789428711,6.756964117451309,0.19281792640686035,0.9977999925613403,0.9998866319656372,0.9999316930770874,0.9998645782470703,0.996461808681488,0.0018973611295223236,0.0008216607384383678,2.121309626090806e-05,0.0030081800650805235,0.510775625705719,-0.09393151849508286,-0.4528592824935913,2.264996290206909,2.079157590866089,2.063197135925293,2.8680667877197266,2.295083522796631,0.3784872035661305,0.9999780654907227,0.6789838671684265,0.9979836344718933,0.9989354610443115,0.9979003667831421,0.6140947937965393,0.36783918738365173,0.13785535097122192,0.003921425435692072,0.9814578294754028,0.8853482007980347,0.04518483579158783,-0.6435226798057556,34.58378219604492,43.371089935302734,0.9086686968803406,513.5010986328125,90.3714599609375,37.06623840332031,696.8427734375,219.9910430908203,234.07376098632812,578.266357421875,244.8976287841797,316.8288269042969,2.9575157165527344,2.592162609100342,3.669752597808838,3.4197428226470947,3.3008477687835693,4.351677417755127,4.535262107849121,3.652250289916992,4.990999221801758,4.5050129890441895,3.7975223064422607,3.825849771499634
411,5.917646884918213,2.139819383621216,1.643406629562378,5.824578762054443,7.334253311157227,5.912745971266105,0.19226260483264923,0.9973026514053345,0.9999677538871765,0.9998791217803955,0.999912440776825,0.995742917060852,0.002345422748476267,0.0009326799772679806,2.3081009203451686e-05,0.003353795502334833,0.4901779890060425,-0.08590752631425858,-0.36434492468833923,1.9469207525253296,1.82826566696167,1.8850065469741821,1.8256452083587646,1.9599560499191284,0.6209329922916553,0.8523691296577454,0.8301087617874146,0.9998331665992737,0.9997559189796448,0.9974979758262634,0.7980477809906006,0.3711250424385071,0.11923398077487946,0.0058298478834331036,0.5414404273033142,0.9803798794746399,0.30821743607521057,-0.2557629346847534,80.84358215332031,164.07008361816406,14.732077598571777,147.0513458251953,94.42542266845703,206.0506591796875,766.2896118164062,261.52447509765625,368.5791320800781,613.8732299804688,271.74395751953125,317.6180419921875,3.1304068565368652,2.720113754272461,3.005141258239746,3.4131131172180176,3.340548515319824,4.373667240142822,4.5007500648498535,3.7057697772979736,4.954911231994629,4.492427825927734,3.7636849880218506,3.7790379524230957
412,5.493424892425537,1.9001961946487427,1.521850824356079,5.568094730377197,7.011593341827393,5.485051117141994,0.20206788182258606,0.9963186383247375,0.9995051622390747,0.9999232888221741,0.9999016523361206,0.9937819838523865,0.002750152489170432,0.000993235851638019,2.3509730453952216e-05,0.004303778521716595,0.3450371026992798,-0.08495992422103882,-0.4240315556526184,1.5478664636611938,1.1303081512451172,1.36204195022583,1.5188891887664795,1.5729753971099854,0.7075024739436554,0.7667272686958313,0.9112345576286316,0.9999609589576721,0.9998947978019714,0.9990242719650269,0.897939920425415,0.47966352105140686,0.09748636931180954,0.008498745039105415,0.8720588684082031,0.9970983266830444,0.4268345534801483,0.0296013206243515,63.83453369140625,76.36385345458984,257.57794189453125,18.32790184020996,115.5903091430664,646.015380859375,645.6671142578125,326.3303527832031,654.4215087890625,702.773681640625,350.6902770996094,371.182861328125,3.2520744800567627,2.805968761444092,3.1103568077087402,2.7622671127319336,3.1702990531921387,4.342475891113281,4.5237812995910645,3.7111456394195557,4.906941890716553,4.43501615524292,3.7020325660705566,3.715792655944824
413,4.6647629737854,1.7298473119735718,1.4649072885513306,4.789368152618408,5.63690185546875,4.6589276864615154,0.21804246306419373,0.9959424734115601,0.9998778104782104,0.9998316764831543,0.9999251365661621,0.9938637018203735,0.0029291734099388123,0.0009924015030264854,2.701649282244034e-05,0.004172804299741983,0.18299329280853271,-0.0772586539387703,-0.4860551655292511,2.1631574630737305,1.8711508512496948,2.032761335372925,2.1452434062957764,2.1806254386901855,0.6797212664738689,0.9695284962654114,0.8180978894233704,0.9997950792312622,0.9998146295547485,0.995535671710968,0.7921654582023621,0.2937859296798706,0.07768600434064865,0.004792690742760897,0.7837561368942261,0.9973337650299072,0.2674734890460968,-0.20754607021808624,33.3166618347168,8.157246589660645,240.4697265625,31.292991638183594,35.41762161254883,606.68310546875,663.5425415039062,54.7619514465332,392.47674560546875,529.8424072265625,259.5960998535156,328.20111083984375,3.411522626876831,2.91558575630188,3.2502505779266357,2.276780128479004,3.0791139602661133,4.342585563659668,4.547707557678223,3.7411651611328125,4.89420223236084,4.486422538757324,3.694533586502075,3.6973347663879395
414,5.2524189949035645,2.0615174770355225,1.6457008123397827,6.37500524520874,6.451512813568115,5.228513665933799,0.2062542885541916,0.9925302267074585,0.9999303221702576,0.9999097585678101,0.9999139904975891,0.9881839752197266,0.0026588027831166983,0.0009599371114745736,2.249526914965827e-05,0.003455228405073285,0.32012486457824707,-0.08410133421421051,-0.4070102274417877,2.4162116050720215,1.7557828426361084,2.3037784099578857,2.0733351707458496,2.446998357772827,0.5651541516345026,0.9707438945770264,0.7548499703407288,0.9996780157089233,0.9997564554214478,0.9848431944847107,0.7070207595825195,0.23308134078979492,0.043280091136693954,0.003602775977924466,0.8536251187324524,0.9792762994766235,0.06485412269830704,-0.7350547313690186,15.98591423034668,5.388311862945557,127.3333511352539,242.85794067382812,26.98725128173828,338.87103271484375,654.2178344726562,11.941085815429688,272.70458984375,400.296875,209.6584014892578,269.98724365234375,3.525449752807617,2.943244695663452,3.3476266860961914,2.483839988708496,2.971428632736206,4.337033748626709,4.565165996551514,3.7457168102264404,4.8697829246521,4.517454147338867,3.7306745052337646,3.741985321044922
415,5.70335054397583,2.1594150066375732,1.7395541667938232,6.905439376831055,7.2158918380737305,5.654801290708025,0.19646072387695312,0.9886992573738098,0.9999984502792358,0.9998529553413391,0.9998776316642761,0.9810091853141785,0.0023246349301189184,0.0008542088908143342,2.096512253046967e-05,0.004079687409102917,0.4545842409133911,-0.0884663537144661,-0.3520909249782562,2.444140911102295,1.5062179565429688,1.8740942478179932,1.7810611724853516,2.5928759574890137,0.5815108652568084,0.9585522413253784,0.6622917652130127,0.9996049404144287,0.998336911201477,0.9844732284545898,0.5649653673171997,0.2807725667953491,0.05383669212460518,0.004244580864906311,1.119410753250122,0.9919309020042419,0.036089569330215454,-0.9314993619918823,17.643394470214844,4.80250358581543,128.1009063720703,411.8896484375,74.90524291992188,311.7253112792969,613.275390625,5.404201984405518,454.912841796875,129.9842529296875,215.2643585205078,275.981689453125,3.5979206562042236,2.996365785598755,3.463589668273926,2.686673641204834,2.9135897159576416,4.347522735595703,4.614120006561279,3.7572827339172363,4.895693778991699,4.527233123779297,3.779998779296875,3.7943735122680664
416,5.987634181976318,2.055619716644287,1.7364362478256226,6.773917198181152,7.924391269683838,5.9108836626727115,0.20526403188705444,0.9845104813575745,0.9984550476074219,0.9999248385429382,0.9998908042907715,0.9714874029159546,0.002168330829590559,0.000839651096612215,2.106787360389717e-05,0.005101403687149286,0.45254847407341003,-0.0907948836684227,-0.3904842734336853,2.1554784774780273,1.579590082168579,1.7469943761825562,1.9710861444473267,2.215785264968872,0.6470888653304481,0.9337677359580994,0.6740201115608215,0.7996206879615784,0.7999578714370728,0.8142566084861755,0.6521956324577332,0.17511466145515442,0.0715712234377861,0.004894615616649389,0.9988455772399902,0.4246596097946167,0.05888105183839798,-0.8010746240615845,0.0009206715039908886,0.0015548355877399445,66.11229705810547,470.5867919921875,303.2452392578125,365.93365478515625,606.1013793945312,42.511383056640625,523.1009521484375,42.42319107055664,242.0017547607422,300.35321044921875,3.238193988800049,2.6968421936035156,3.581537961959839,2.838174819946289,2.9743475914001465,4.349757671356201,4.664451599121094,3.774019956588745,4.917337894439697,4.484402656555176,3.751906633377075,3.7778072357177734
417,5.985326766967773,1.9895603656768799,1.768385887145996,6.362579822540283,7.921141147613525,5.896736836483695,0.1975352168083191,0.9826877117156982,0.998425304889679,0.9998724460601807,0.9998719096183777,0.9681202173233032,0.0020567819010466337,0.0008286535157822073,2.342883999517653e-05,0.004322137217968702,0.43432414531707764,-0.09024783223867416,-0.43463730812072754,2.1888794898986816,1.7224680185317993,1.6703604459762573,2.1035425662994385,2.254685163497925,0.7355386722934003,0.9098773002624512,0.7565548419952393,0.9978241324424744,0.9993449449539185,0.9693501591682434,0.7184566259384155,0.19075651466846466,0.08924344927072525,0.004892598371952772,1.418717861175537,0.3874744474887848,-0.002317155711352825,-0.9298309087753296,12.73141860961914,7.526637077331543,30.084678649902344,511.5787658691406,527.587646484375,335.0914001464844,576.6200561523438,65.433349609375,488.41259765625,39.34518814086914,259.441162109375,319.043701171875,3.2951900959014893,2.7382006645202637,3.665443181991577,2.942814350128174,3.0548806190490723,4.359059810638428,4.71330451965332,3.8152730464935303,4.950179576873779,4.495121002197266,3.8029465675354004,3.8234357833862305
418,5.6542510986328125,1.9991109371185303,1.7183818817138672,5.787095546722412,7.350142955780029,5.573480320546974,0.18654853105545044,0.983284592628479,0.9999969005584717,0.9999184608459473,0.9998780488967896,0.970203161239624,0.002335161669179797,0.0009262386593036354,2.611373201943934e-05,0.0038989768363535404,0.4162430167198181,-0.08540433645248413,-0.46396058797836304,2.0920662879943848,1.7141677141189575,1.6787936687469482,1.995073914527893,2.152282476425171,0.6413839454863417,0.9844828844070435,0.7337443232536316,0.9997881650924683,0.9996696710586548,0.9882604479789734,0.6868597865104675,0.24726025760173798,0.10172481834888458,0.004707772750407457,1.0910292863845825,0.4804307222366333,0.07564602792263031,-0.9620929956436157,6.615325450897217,35.442562103271484,9.836617469787598,500.7866516113281,334.6848449707031,160.4655303955078,571.5919799804688,44.02816390991211,545.974853515625,67.9379653930664,227.7364501953125,288.3327941894531,3.375450849533081,2.829984426498413,3.690507411956787,3.047290086746216,3.1623661518096924,4.381176471710205,4.752202987670898,3.8493125438690186,4.963689804077148,4.50518274307251,3.8557164669036865,3.8622939586639404
419,5.224909782409668,1.9677104949951172,1.6530207395553589,5.122542858123779,6.6167402267456055,5.156354831388716,0.18501275777816772,0.9843248128890991,0.9999027848243713,0.9998666644096375,0.9998834133148193,0.9735115766525269,0.002476506168022752,0.0010085823014378548,2.866215436370112e-05,0.004192345775663853,0.4562683701515198,-0.08027741312980652,-0.42633578181266785,2.2517471313476562,1.7783734798431396,1.7180205583572388,2.24851655960083,2.3221499919891357,0.40237505802232243,0.9544432759284973,0.6326634883880615,0.9938258528709412,0.9968567490577698,0.9794267416000366,0.5725756287574768,0.22645926475524902,0.0944443792104721,0.0038074098993092775,1.2466115951538086,0.7055895328521729,0.05650505796074867,-0.752935528755188,0.38035741448402405,119.84516143798828,12.988550186157227,475.1024169921875,102.06198120117188,63.47349166870117,533.6985473632812,20.282148361206055,486.9037780761719,393.8276672363281,220.85643005371094,279.0283203125,3.0679361820220947,2.9588184356689453,3.7090325355529785,3.1928091049194336,3.272400379180908,4.407511234283447,4.801934719085693,3.885730266571045,4.998674392700195,4.509103775024414,3.8803951740264893,3.875899314880371
420,4.922263145446777,1.9678581953048706,1.6081056594848633,4.545959949493408,6.126358509063721,4.860931820393017,0.17777413129806519,0.9848889112472534,0.9998995661735535,0.9999087452888489,0.9999067187309265,0.975299060344696,0.0025622595567256212,0.0009953439002856612,3.0694423912791535e-05,0.00427275849506259,0.5300959348678589,-0.07284220308065414,-0.4544491469860077,2.104677438735962,2.0416648387908936,1.766910195350647,2.1691205501556396,2.133112907409668,0.664932907801905,1.0150344371795654,0.7793853282928467,0.9994688630104065,0.999679684638977,0.9987258911132812,0.7556151747703552,0.1766427606344223,0.06035013869404793,0.003690423909574747,0.9680438041687012,0.9080684781074524,0.14228251576423645,-0.8008109331130981,17.405235290527344,71.02629852294922,46.6634635925293,394.6674499511719,89.88574981689453,23.49467658996582,541.1148681640625,3.6248667240142822,482.7156982421875,554.4492797851562,222.5047607421875,286.36358642578125,3.099731922149658,3.0338385105133057,3.7323989868164062,3.3224456310272217,3.271148443222046,4.3469977378845215,4.817732334136963,3.8078715801239014,4.9985504150390625,4.525450706481934,3.8956165313720703,3.877485990524292
421,4.8784708976745605,2.0656654834747314,1.6739715337753296,4.375570774078369,5.931176662445068,4.814945654951096,0.16603007912635803,0.9844602346420288,0.9998740553855896,0.999854326248169,0.9999068975448608,0.9757653474807739,0.002451982581987977,0.0008903294801712036,3.143161302432418e-05,0.004883357789367437,0.5073052644729614,-0.07073550671339035,-0.4534807503223419,2.640824317932129,2.474409341812134,2.33512806892395,2.650473117828369,2.667149782180786,0.510015331361403,1.2847509384155273,0.6789135932922363,0.9993236064910889,0.9998084902763367,0.9957267642021179,0.6453335285186768,0.11261069029569626,0.03847319632768631,0.002241139067336917,0.5995274782180786,0.37963858246803284,-0.0012828873004764318,-0.6850770711898804,11.63336181640625,13.937539100646973,29.684362411499023,62.06931686401367,10.694766998291016,65.19271850585938,524.4259643554688,9.22506332397461,297.43597412109375,455.0444030761719,147.93434143066406,225.23846435546875,3.2762811183929443,3.1312639713287354,3.830017566680908,3.4510488510131836,3.314150094985962,4.36182975769043,4.837037563323975,3.8249669075012207,5.037490367889404,4.571047782897949,3.963513135910034,3.9359326362609863
422,4.9645304679870605,1.9662013053894043,1.6071834564208984,4.601162433624268,6.243217945098877,4.888400648308488,0.1852799952030182,0.9821153283119202,0.9992601275444031,0.999918520450592,0.9999228715896606,0.9701212644577026,0.002655007876455784,0.0009374828077852726,2.9575638109236024e-05,0.005374407395720482,0.3765418231487274,-0.07597702741622925,-0.4205349385738373,1.8311713933944702,1.2512165307998657,1.4958853721618652,1.8819918632507324,1.8542495965957642,0.6161968293324337,0.8619371652603149,0.9019982814788818,0.9999093413352966,0.9998451471328735,0.9981510043144226,0.8932769894599915,0.24432826042175293,0.04513490945100784,0.0048044463619589806,0.8293413519859314,0.9919635057449341,0.3199084401130676,-0.1535891890525818,20.143268585205078,33.57710647583008,218.6417694091797,13.19166088104248,6.50308895111084,510.5519714355469,479.6873474121094,184.6920623779297,431.3408203125,415.9244079589844,231.4253387451172,268.1494140625,3.435403347015381,3.168569326400757,3.838228702545166,2.7985124588012695,3.166513442993164,4.329082489013672,4.858305931091309,3.8156001567840576,4.988473892211914,4.535562515258789,3.893425464630127,3.8817245960235596
423,5.008246421813965,2.0039520263671875,1.6386247873306274,4.852732181549072,6.275578022003174,4.923776998145425,0.185353621840477,0.9808437824249268,0.9999828338623047,0.9997782707214355,0.9998946189880371,0.9682669043540955,0.0027614773716777563,0.0009279916994273663,2.8915226721437648e-05,0.0052178786136209965,0.32537537813186646,-0.07881857454776764,-0.42125484347343445,2.347846746444702,1.8647074699401855,2.1650407314300537,2.608595132827759,2.3541438579559326,0.7643805092514921,0.940830409526825,0.7832912802696228,0.9994817972183228,0.9997954368591309,0.9923061728477478,0.7700401544570923,0.12669804692268372,0.032626863569021225,0.0033337019849568605,0.7442044615745544,0.3706859350204468,0.07373868674039841,-0.9601192474365234,8.684663772583008,7.59484338760376,75.4570083618164,11.262924194335938,1.7988898754119873,475.1566467285156,408.9005432128906,347.1426696777344,244.76925659179688,404.9210510253906,198.56884765625,250.83328247070312,3.5929243564605713,3.2292938232421875,3.8992652893066406,2.842681407928467,2.954892158508301,4.346273899078369,4.874198913574219,3.874551773071289,4.978404998779297,4.525736331939697,3.911822557449341,3.901440143585205
424,5.553761959075928,2.2610878944396973,1.7810449600219727,5.491034507751465,7.0073561668396,5.431214903290924,0.18144673109054565,0.976068913936615,0.9994975328445435,0.9999052286148071,0.9998825192451477,0.9597390294075012,0.0024703179951757193,0.0008449251181446016,2.560058237577323e-05,0.004782733507454395,0.38733091950416565,-0.08493399620056152,-0.3931626081466675,3.04361891746521,1.5391654968261719,2.3930985927581787,2.7742257118225098,3.0843234062194824,1.5511728891894583,0.9977465271949768,0.5843431949615479,0.9998981952667236,0.9996827244758606,0.9889865517616272,0.5536310076713562,0.09879616647958755,0.022179560735821724,0.002455546287819743,0.6687003970146179,0.7810248732566833,-0.022157173603773117,-0.8992559909820557,7.891536235809326,3.9581425189971924,37.767601013183594,62.843101501464844,7.7452287673950195,419.85211181640625,215.9137420654297,432.3214111328125,131.6732635498047,375.2156982421875,169.5181884765625,227.50030517578125,3.636732816696167,3.234044075012207,3.9247007369995117,2.970762014389038,2.924959182739258,4.370902061462402,4.8980712890625,3.933417320251465,4.997019290924072,4.515489101409912,3.9406096935272217,3.9415676593780518
425,5.8240966796875,2.5136771202087402,1.9324301481246948,5.775014400482178,7.201505184173584,5.676270253477344,0.17461887001991272,0.973000705242157,0.999553382396698,0.9998750686645508,0.9998779892921448,0.9563620090484619,0.0021035592071712017,0.0007206787704490125,2.499041147530079e-05,0.005596484523266554,0.4190217852592468,-0.08855713903903961,-0.43314433097839355,2.8084685802459717,1.3649553060531616,2.0113744735717773,2.301481008529663,2.877509593963623,1.3162264631989864,0.943882942199707,0.667012095451355,0.9996379613876343,0.9995433688163757,0.9798256158828735,0.6328299045562744,0.16152651607990265,0.03155278041958809,0.002693618182092905,0.8015400171279907,0.6573882102966309,0.009528512135148048,-0.9758466482162476,3.9197328090667725,9.21521282196045,31.438312530517578,115.02951049804688,14.180373191833496,280.7393798828125,104.97425842285156,458.345703125,321.9207763671875,336.972412109375,167.67356872558594,217.21034240722656,3.533247232437134,3.2808618545532227,3.9177443981170654,3.0749928951263428,3.042253017425537,4.416447639465332,4.909793376922607,3.9891867637634277,5.015960216522217,4.515687465667725,3.9696176052093506,3.9715654850006104
426,6.034971714019775,2.5092034339904785,2.0494627952575684,6.117407321929932,7.271109104156494,5.900159544249956,0.18914590775966644,0.9755210280418396,0.9997485876083374,0.9999188780784607,0.9998353719711304,0.9625206589698792,0.0017148054903373122,0.0006582632777281106,2.4356753783649765e-05,0.005429178010672331,0.43058350682258606,-0.09180968999862671,-0.473070353269577,2.7427382469177246,1.5649632215499878,1.9112591743469238,2.267399311065674,2.811387538909912,1.6992032158324006,1.1096408367156982,0.6509608030319214,0.8769169449806213,0.8891487717628479,0.8694167137145996,0.6266114711761475,0.11130263656377792,0.032836586236953735,0.002706957748159766,0.6335816383361816,0.41860219836235046,-0.014074910432100296,-0.909993588924408,0.0008034193888306618,0.024695901200175285,25.559568405151367,81.06333923339844,16.71272850036621,234.44483947753906,21.995527267456055,473.210693359375,368.64715576171875,263.90875244140625,148.5568084716797,208.4825897216797,3.179973840713501,2.9545071125030518,3.9495620727539062,3.205655097961426,3.093149185180664,4.424098014831543,4.902546405792236,4.046082019805908,5.0422444343566895,4.522777080535889,3.9320595264434814,3.947946548461914
427,6.68632698059082,2.4122157096862793,2.081491470336914,7.160824298858643,8.265212059020996,6.649312904779382,0.1892780214548111,0.9906774759292603,0.9998475313186646,0.9999285340309143,0.9998476505279541,0.9850644469261169,0.0016684823203831911,0.0007355587440542877,2.2839825760456733e-05,0.0050712451338768005,0.3947800099849701,-0.09569167345762253,-0.4750537872314453,2.899264097213745,1.8487709760665894,1.6713861227035522,2.0637266635894775,3.0156543254852295,1.7104806217185242,1.1825909614562988,0.637782871723175,0.99968022108078,0.9993277192115784,0.9815636277198792,0.591455340385437,0.08622432500123978,0.03050808422267437,0.0026061697863042355,0.35504934191703796,0.8990757465362549,0.06716203689575195,-0.3244400918483734,4.304891109466553,1.0254698991775513,22.166160583496094,55.5472297668457,75.03781127929688,125.12470245361328,13.405320167541504,466.760986328125,404.8600158691406,191.7105712890625,135.9943084716797,199.1058349609375,3.1479885578155518,2.7299206256866455,3.9918742179870605,3.332911252975464,3.132443428039551,4.421440124511719,4.627932071685791,4.097248077392578,5.068238735198975,4.5463738441467285,3.909637212753296,3.935286045074463
428,7.555846691131592,2.478426933288574,2.0917868614196777,8.010828971862793,9.916619300842285,7.592686961133295,0.17329399287700653,0.9999271631240845,0.9990352988243103,0.9999166131019592,0.9998383522033691,0.9999693036079407,0.0018932573730126023,0.0007981557282619178,2.1563939299085177e-05,0.003746696515008807,0.3564077317714691,-0.09777429699897766,-0.4643767476081848,2.60982084274292,1.632259726524353,1.3004844188690186,1.899814486503601,2.73136305809021,1.3977298809533232,1.008283257484436,0.7870003581047058,0.9626736640930176,0.9923113584518433,0.9882388710975647,0.759448766708374,0.130204439163208,0.02231014519929886,0.0023892761673778296,0.31676730513572693,0.42254048585891724,0.010029308497905731,-0.8814879655838013,21.381433486938477,93.95639038085938,49.86482620239258,34.307308197021484,142.61184692382812,105.38219451904297,0.07352545857429504,313.65338134765625,450.95147705078125,129.07916259765625,134.1261444091797,177.8606719970703,3.2697675228118896,2.7948880195617676,4.007724285125732,3.4478209018707275,3.194880247116089,4.4401535987854,4.171329021453857,4.143784046173096,5.079436302185059,4.570652961730957,3.912043809890747,3.936028003692627
429,7.278995513916016,2.355682611465454,1.997200608253479,8.03959846496582,9.527472496032715,7.316137460985859,0.18458156287670135,0.9999111294746399,1.0,0.999922513961792,0.9998406767845154,0.9999009966850281,0.0025995224714279175,0.0008967453613877296,2.1199777620495297e-05,0.00257914699614048,0.2908625304698944,-0.09781956672668457,-0.4450263977050781,2.287278890609741,1.2523537874221802,1.2913340330123901,1.7622379064559937,2.3837010860443115,2.074584340696918,1.1015357971191406,0.9038612246513367,0.9998289942741394,0.9998739957809448,0.9981160759925842,0.8910814523696899,0.23715972900390625,0.03258411958813667,0.0025516764726489782,0.3644687831401825,0.9735651016235352,0.1638878732919693,-0.3438837230205536,9.716962814331055,83.4286117553711,111.9318618774414,9.194206237792969,44.659942626953125,89.91121673583984,27.57392120361328,193.03306579589844,499.2055969238281,204.64712524414062,127.33025360107422,173.5711212158203,3.4030232429504395,2.9122776985168457,4.033154487609863,2.766921281814575,3.2604284286499023,4.413158416748047,4.189766883850098,4.174986839294434,5.07160758972168,4.527659893035889,3.875298261642456,3.9040915966033936
430,7.072486400604248,2.06217360496521,1.9182088375091553,7.073288440704346,9.29854679107666,7.104184107198985,0.18342380225658417,0.9992032051086426,0.9993945360183716,0.999875545501709,0.9998352527618408,0.998678982257843,0.0027049770578742027,0.000899826642125845,2.3241276721819304e-05,0.0031448767986148596,0.2650046944618225,-0.0954446792602539,-0.5155253410339355,3.2616055011749268,1.4465197324752808,1.61777925491333,2.540091037750244,3.4638752937316895,2.6171205279236625,1.1303026676177979,0.8918280005455017,0.9997167587280273,0.9997666478157043,0.9986444115638733,0.8728086948394775,0.17769549787044525,0.022173775359988213,0.0012782845878973603,0.2806174159049988,0.8357229232788086,0.017772307619452477,-0.8321080207824707,0.8240466117858887,160.61907958984375,31.819717407226562,56.542320251464844,19.947477340698242,47.556373596191406,76.51382446289062,27.877403259277344,380.89886474609375,151.54763793945312,95.41468048095703,137.67127990722656,3.10791277885437,2.986037015914917,3.8589391708374023,2.936711549758911,3.351069211959839,4.43741512298584,4.263148307800293,4.18179988861084,5.089121341705322,4.577399730682373,3.878955602645874,3.9048285484313965
431,7.298933982849121,2.0273208618164062,1.949188470840454,7.6476311683654785,9.733207702636719,7.3148454163814804,0.17327725887298584,0.9972963929176331,0.9996839165687561,0.99988853931427,0.9998407363891602,0.9950703978538513,0.002607227535918355,0.0008950401097536087,2.1597215891233645e-05,0.0036936902906745672,0.24800875782966614,-0.09422265738248825,-0.50376296043396,2.311157703399658,2.4331250190734863,1.5415682792663574,1.959863543510437,2.3636066913604736,1.4832497123962014,0.9309008121490479,0.8705487847328186,0.9999368786811829,0.9997877478599548,0.991880476474762,0.8585612773895264,0.0808587372303009,0.02288210205733776,0.0020121335983276367,0.38542482256889343,0.50422203540802,0.0490260012447834,-0.9474993348121643,10.671216011047363,175.4754638671875,62.20566177368164,78.4890365600586,16.690759658813477,72.73473358154297,161.02769470214844,5.265243053436279,275.81927490234375,355.9716491699219,121.43507385253906,152.26577758789062,3.2321066856384277,3.072371006011963,3.8778250217437744,3.081211805343628,3.3400497436523438,4.472412586212158,4.355752944946289,4.141513347625732,5.123787879943848,4.5515642166137695,3.9248597621917725,3.946478843688965
432,6.875024318695068,2.125854253768921,1.9748404026031494,6.907570838928223,8.734530448913574,6.876438987090325,0.16288061439990997,0.9957008361816406,0.999617874622345,0.9998484253883362,0.9998688697814941,0.9928368926048279,0.0027373896446079016,0.0008338307379744947,2.2098560293670744e-05,0.004801216069608927,0.2714408338069916,-0.0906829833984375,-0.468960165977478,2.4508168697357178,2.068821907043457,1.5883005857467651,1.9248102903366089,2.540558099746704,1.3759394503559454,0.9711187481880188,0.8281726241111755,0.9989669919013977,0.9996139407157898,0.986325740814209,0.8049280047416687,0.0942176803946495,0.032251209020614624,0.0025466775987297297,0.4828281104564667,0.5119292736053467,0.09273867309093475,-0.8818249106407166,6.252987861633301,83.9629135131836,22.36957359313965,75.34898376464844,15.707134246826172,230.9372100830078,382.2838134765625,3.4941868782043457,256.32122802734375,292.5426330566406,136.9220733642578,176.71688842773438,3.3430123329162598,3.1482794284820557,3.8896663188934326,3.2124807834625244,3.378298044204712,4.509442329406738,4.4095354080200195,3.964965343475342,5.1230340003967285,4.549463272094727,3.952817678451538,3.9632036685943604
433,6.851111888885498,2.2191760540008545,2.0531203746795654,6.501689434051514,8.619868278503418,6.834637627458827,0.1519775241613388,0.9936105012893677,0.9999611973762512,0.9998919367790222,0.9998793601989746,0.9894425868988037,0.002753784181550145,0.0007843626663088799,2.2980048015597276e-05,0.004752400331199169,0.224905326962471,-0.09064742177724838,-0.43828678131103516,2.767087697982788,2.3089776039123535,2.1781365871429443,2.2636842727661133,2.8210103511810303,0.5566819478604611,1.211115837097168,0.6070022583007812,0.9999366998672485,0.9998551607131958,0.9968237280845642,0.5651891231536865,0.0670018419623375,0.02358255162835121,0.00208170129917562,0.33635905385017395,0.2962823808193207,-0.01943160779774189,-0.7457190752029419,12.059808731079102,15.317644119262695,26.794466018676758,46.90848922729492,14.91368579864502,345.1352233886719,384.07720947265625,41.695945739746094,179.64952087402344,48.08454895019531,111.46366119384766,164.64376831054688,3.479438066482544,3.2417821884155273,3.9293131828308105,3.3476572036743164,3.451197624206543,4.544510364532471,4.4784040451049805,4.026590347290039,5.136129379272461,4.589723110198975,4.022474765777588,4.026002407073975
434,7.077136993408203,2.333819627761841,2.162902355194092,6.310842514038086,8.78145980834961,7.033528208124531,0.16415967047214508,0.9903203248977661,0.9998974204063416,0.9999098777770996,0.9998980760574341,0.9844088554382324,0.0025979841593652964,0.0007188151939772069,2.3716520445304923e-05,0.004358911421149969,0.20278920233249664,-0.09239071607589722,-0.5098952054977417,2.9343197345733643,2.2309608459472656,2.4204604625701904,2.6404402256011963,2.973926067352295,0.578593938056162,1.1473841667175293,0.48938485980033875,0.9444413185119629,0.9841488003730774,0.9566842913627625,0.4451179504394531,0.060360170900821686,0.0198134183883667,0.0018497988348826766,0.4369480609893799,0.37907901406288147,-0.04579493775963783,-0.93578040599823,0.022075502201914787,3.611093044281006,30.92193031311035,53.57756423950195,28.011978149414062,362.53948974609375,370.4928283691406,114.3000717163086,158.91854858398438,40.541656494140625,116.2937240600586,167.53750610351562,3.1332106590270996,3.1794016361236572,4.002222537994385,3.4642627239227295,3.483459949493408,4.577583312988281,4.558064937591553,4.06091833114624,5.166271209716797,4.61892557144165,4.024432182312012,4.03818416595459
435,7.269496917724609,2.303285598754883,2.288954257965088,6.6447954177856445,8.869494438171387,7.192749811012223,0.19057947397232056,0.9863722920417786,0.9997279047966003,0.9999301433563232,0.9998754858970642,0.9787538051605225,0.0024037950206547976,0.000647650274913758,2.387301719863899e-05,0.0046437024138867855,0.14174719154834747,-0.09447973221540451,-0.5537559390068054,2.8793513774871826,2.3266873359680176,2.2509002685546875,2.578688859939575,2.923980951309204,0.27474680290550596,1.2242034673690796,0.4379964768886566,0.8910479545593262,0.8979262709617615,0.889469563961029,0.3975854814052582,0.07100702077150345,0.020269520580768585,0.0018901253351941705,0.3188871145248413,0.4607667028903961,-0.04187255725264549,-0.7100831866264343,0.12450560182332993,0.0007424047798849642,31.734397888183594,5.623183727264404,26.273101806640625,409.6607971191406,329.2891845703125,83.69097137451172,201.00892639160156,60.0676383972168,114.7473373413086,171.3439178466797,2.8294715881347656,2.8615198135375977,4.074859142303467,3.404749870300293,3.5590250492095947,4.600785255432129,4.619495391845703,4.116741180419922,5.182872772216797,4.6326985359191895,3.9882218837738037,4.022126197814941
436,7.220043659210205,2.3154356479644775,2.291038751602173,7.151895523071289,8.890796661376953,7.119423838297516,0.17761904001235962,0.9833949208259583,0.9995713233947754,0.9997816681861877,0.9998599290847778,0.9736424684524536,0.0025189172010868788,0.0006886186311021447,2.3259392037289217e-05,0.0037913413252681494,0.11420860886573792,-0.09481743723154068,-0.5178757905960083,2.3889167308807373,1.54217529296875,1.6225719451904297,2.0028371810913086,2.4634389877319336,0.906301338426641,1.0343419313430786,0.6788349151611328,0.9993950724601746,0.9999170303344727,0.9917139410972595,0.6383554339408875,0.13714228570461273,0.029844457283616066,0.003107620170339942,0.4235059916973114,0.33558645844459534,0.011828280054032803,-0.6723325252532959,10.69904899597168,10.125471115112305,11.543387413024902,11.82909107208252,53.52045440673828,471.1838684082031,311.0185241699219,107.65333557128906,230.5504608154297,294.0562438964844,151.21800231933594,200.68441772460938,3.0341053009033203,2.924936532974243,4.102443695068359,3.463181495666504,3.6005678176879883,4.614746570587158,4.645339012145996,4.169238090515137,5.190060615539551,4.600914001464844,4.034553527832031,4.058954238891602
437,6.695268630981445,2.2291033267974854,2.244093418121338,6.46034574508667,8.008169174194336,6.598884942771529,0.18346375226974487,0.9829715490341187,0.9999197125434875,0.9999367594718933,0.9998330473899841,0.974402666091919,0.002472649095579982,0.0006608113180845976,2.509704245312605e-05,0.0038703770842403173,0.10934598743915558,-0.09142734110355377,-0.4727824926376343,2.30629301071167,1.4621437788009644,1.5146781206130981,1.8775498867034912,2.373365879058838,1.511682948463057,1.0308102369308472,0.7398831248283386,0.9122188091278076,0.967596709728241,0.9545397162437439,0.7150601148605347,0.15233658254146576,0.028041232377290726,0.0031009933445602655,0.3917069137096405,0.314670205116272,0.026835734024643898,-0.7933054566383362,9.179293632507324,0.00796495657414198,18.937986373901367,16.58769416809082,62.01961135864258,467.81378173828125,193.72657775878906,126.58169555664062,256.0234680175781,344.876953125,149.57550048828125,197.08587646484375,3.2342681884765625,2.633151054382324,4.131175518035889,3.5275564193725586,3.6172351837158203,4.628612518310547,4.675821304321289,4.196617126464844,5.190707206726074,4.614414215087891,4.044955730438232,4.067349433898926
438,6.553107261657715,2.23903751373291,2.298577308654785,5.998580455780029,7.672301769256592,6.457027448069944,0.18373005092144012,0.9826857447624207,0.9997493624687195,0.9999424815177917,0.9998751878738403,0.9750698208808899,0.002415663795545697,0.0006078071310184896,2.6884385079029016e-05,0.003667280776426196,0.1129293441772461,-0.090131975710392,-0.4572768211364746,2.8371684551239014,2.4533467292785645,2.304630756378174,2.4072563648223877,2.8544955253601074,1.7096758423088692,1.2507030963897705,0.6661737561225891,0.9997672438621521,0.9996736645698547,0.9957738518714905,0.6534318923950195,0.04944036155939102,0.014226238243281841,0.0018639840418472886,0.26963505148887634,0.3128047287464142,-0.05316346511244774,-0.8030824661254883,8.560178756713867,1.8321352005004883,20.529800415039062,14.216565132141113,21.961400985717773,382.1807861328125,74.23350524902344,68.98755645751953,175.09632873535156,406.8277587890625,117.4426040649414,177.3694305419922,3.3808963298797607,2.543835163116455,4.1935811042785645,3.6072463989257812,3.6722118854522705,4.654410362243652,4.731328964233398,4.219796180725098,5.213548183441162,4.653944492340088,4.087080001831055,4.107935905456543
439,6.756594657897949,2.434624195098877,2.4730262756347656,6.357698917388916,7.794493675231934,6.647560428055184,0.17990709841251373,0.9813869595527649,0.9999521970748901,0.9998688697814941,0.9998622536659241,0.9739808440208435,0.0022705772425979376,0.0005648726364597678,2.6008003260358237e-05,0.004562202841043472,0.13921023905277252,-0.09243779629468918,-0.457397997379303,2.894115447998047,2.5824005603790283,2.7413296699523926,2.7446672916412354,2.897674798965454,0.29038539953329434,1.5722360610961914,0.5215746164321899,0.999858558177948,0.9997720718383789,0.9953517317771912,0.5105701684951782,0.032635971903800964,0.010599624365568161,0.0010394419077783823,0.22428499162197113,0.38644832372665405,-0.06846997141838074,-0.6707099676132202,3.208144187927246,12.936875343322754,21.7830867767334,29.51702880859375,4.649013042449951,87.134765625,37.17618942260742,4.87794303894043,226.58143615722656,460.69305419921875,88.85575866699219,156.4876708984375,3.290480375289917,2.6911113262176514,4.224959850311279,3.7139432430267334,3.625427484512329,4.683380126953125,4.759335041046143,4.230274200439453,5.253495693206787,4.6736159324646,4.114602565765381,4.1356096267700195
440,7.8056559562683105,2.374514102935791,2.527831792831421,7.339540958404541,9.526471138000488,7.690719320779031,0.17005573213100433,0.9823358654975891,0.9998378753662109,0.9999690651893616,0.9998128414154053,0.9723343253135681,0.00233136466704309,0.0006299018859863281,2.310487616341561e-05,0.003730739699676633,0.13726326823234558,-0.09647231549024582,-0.5044271945953369,2.535166025161743,3.008333921432495,2.2363505363464355,2.477461576461792,2.540954828262329,1.268294515154281,1.4098235368728638,0.7868179082870483,0.999110221862793,0.9998390078544617,0.9970591068267822,0.7806965708732605,0.06457990407943726,0.025778813287615776,0.0017590208444744349,0.37049543857574463,0.4421430826187134,0.05249360576272011,-0.6855453252792358,3.7886085510253906,21.69731903076172,47.77842330932617,187.14364624023438,31.73036003112793,6.270751953125,26.852235794067383,9.284625053405762,494.5611572265625,464.21856689453125,129.3325653076172,207.95388793945312,3.244551658630371,2.813537836074829,4.22981595993042,3.731640577316284,3.654130220413208,4.409909725189209,4.782805442810059,4.227419376373291,5.194426536560059,4.6832804679870605,4.097152233123779,4.122280597686768
441,8.026260375976562,2.5025291442871094,2.605400323867798,7.930192947387695,9.721914291381836,7.993166704758883,0.1615050584077835,0.9917018413543701,0.9995181560516357,0.999843180179596,0.9998391270637512,0.9872939586639404,0.0021934376563876867,0.0006823960575275123,2.216188659076579e-05,0.004406720865517855,0.19640152156352997,-0.09546021372079849,-0.5003216862678528,2.560389995574951,3.2306060791015625,2.1108663082122803,2.376793384552002,2.5701730251312256,1.6514608281049765,1.3708891868591309,0.7188602685928345,0.9999964833259583,0.9996820092201233,0.9958560466766357,0.710292398929596,0.0563732348382473,0.02606770768761635,0.0017915985081344843,0.46157804131507874,0.8783661723136902,0.024552276358008385,-0.7610487341880798,6.142194747924805,89.66143035888672,93.2720947265625,97.76283264160156,25.827836990356445,18.97295379638672,3.735135793685913,6.199520111083984,473.60028076171875,484.1053466796875,129.92796325683594,205.36224365234375,3.1924543380737305,2.9236414432525635,4.273319244384766,3.8105804920196533,3.6921513080596924,4.359826564788818,4.644909858703613,4.16048002243042,5.175421237945557,4.698558330535889,4.09313440322876,4.1143622398376465
442,7.294034004211426,2.4352519512176514,2.5476787090301514,8.44009017944336,8.515082359313965,7.276837848779386,0.15220648050308228,0.993162989616394,0.9996801614761353,0.999852180480957,0.9998373985290527,0.9902704358100891,0.0023736851289868355,0.000768414931371808,2.1477069822140038e-05,0.004675646312534809,0.2587803602218628,-0.09238792955875397,-0.5355055332183838,2.126518726348877,2.8574917316436768,1.6823056936264038,1.9147909879684448,2.147294282913208,1.9584718607173162,1.1683332920074463,0.9071163535118103,0.9985390901565552,0.9998627305030823,0.9972223043441772,0.901384174823761,0.11293058842420578,0.03311510011553764,0.0025428016670048237,0.33338266611099243,0.9401971697807312,0.16965875029563904,-0.6306352019309998,19.189783096313477,88.67068481445312,66.6566162109375,305.4145202636719,32.090538024902344,4.826340198516846,44.453800201416016,56.02811050415039,557.3984375,441.91607666015625,161.6645050048828,224.9822540283203,3.3336498737335205,3.016143798828125,4.240091800689697,3.83774995803833,3.541193723678589,4.220088005065918,4.6189494132995605,4.172941207885742,5.130547046661377,4.688798904418945,4.080015659332275,4.0887579917907715
443,7.259902477264404,2.5003669261932373,2.62082576751709,7.697206020355225,8.38023567199707,7.269269181015062,0.16250886023044586,0.9961510300636292,0.9999535083770752,0.9999021291732788,0.999808132648468,0.9946463108062744,0.002255472121760249,0.0007538982317782938,2.3377117031486705e-05,0.00531831756234169,0.22850970923900604,-0.09413711726665497,-0.5265659093856812,2.5744991302490234,2.581578493118286,2.5735232830047607,2.6363525390625,2.574044942855835,2.360108185791477,1.3285037279129028,0.854203999042511,0.9558302164077759,0.9927302598953247,0.9696621298789978,0.8510309457778931,0.06303232163190842,0.012379481457173824,0.0014468312729150057,0.3729180097579956,0.41211897134780884,-0.026772409677505493,-0.8209149837493896,0.02700859308242798,35.09933853149414,39.43904113769531,8.851655960083008,10.213346481323242,285.37725830078125,15.503913879394531,43.5660285949707,432.93414306640625,184.404296875,105.5416030883789,163.5879364013672,3.002113103866577,3.1205251216888428,4.2819013595581055,3.7346198558807373,3.572716474533081,4.281256675720215,4.621495246887207,4.176870346069336,5.148038387298584,4.69639778137207,4.063593864440918,4.078393936157227
444,6.654330730438232,2.23333477973938,2.502978563308716,6.7027435302734375,7.5741424560546875,6.656132095912756,0.18191294372081757,0.995170533657074,0.9992979168891907,0.9999169707298279,0.9998806118965149,0.9934686422348022,0.0021620651241391897,0.0007264227024279535,2.5232689949916676e-05,0.00555764464661479,0.18153543770313263,-0.0933675542473793,-0.558649480342865,2.315990924835205,1.6997015476226807,1.7952710390090942,2.1329774856567383,2.345770835876465,0.5102878575158896,1.465520977973938,0.7916165590286255,0.9023889303207397,0.973508894443512,0.9583242535591125,0.7793266177177429,0.1872219294309616,0.02100265957415104,0.0025020313914865255,0.25574052333831787,0.5761585831642151,0.0353098064661026,-0.82663893699646,0.01271932851523161,19.280027389526367,30.451419830322266,3.534848213195801,112.98746490478516,513.3541259765625,30.269481658935547,60.5743522644043,533.1197509765625,39.70548629760742,134.32896423339844,218.80035400390625,2.702922821044922,3.1888818740844727,4.291862964630127,3.3789546489715576,3.602515459060669,4.316522598266602,4.676252365112305,4.21822452545166,5.145083427429199,4.684054374694824,4.0205278396606445,4.041133403778076
445,6.6419172286987305,2.094951629638672,2.2918288707733154,6.64701509475708,7.815626621246338,6.628129030459445,0.16825395822525024,0.9932317733764648,0.9998476505279541,0.999902069568634,0.9998593330383301,0.9901952743530273,0.002153815468773246,0.0007480459753423929,2.4129571102093905e-05,0.005447022616863251,0.1875951588153839,-0.09225047379732132,-0.5515815615653992,2.159240245819092,1.5425148010253906,1.5554977655410767,1.9721779823303223,2.1886935234069824,1.869840768904644,0.9451033473014832,0.8850381374359131,0.899966835975647,0.9495770335197449,0.9476526379585266,0.8808632493019104,0.12520048022270203,0.028680402785539627,0.0037049248348921537,0.9439517855644226,0.7407402992248535,0.20034760236740112,-0.44733870029449463,61.14594650268555,31.822412490844727,0.007533969357609749,93.9805679321289,391.5773010253906,491.0242614746094,151.03819274902344,273.0756530761719,574.8612670898438,34.13762283325195,210.26707458496094,262.52801513671875,2.851576328277588,3.236262559890747,3.8626010417938232,3.408637762069702,3.6296536922454834,4.3599853515625,4.622799396514893,4.236882209777832,5.078258514404297,4.601016998291016,3.988767385482788,3.999753952026367
446,6.180757999420166,1.9471287727355957,2.180720567703247,6.070687770843506,7.168088912963867,6.160469607880015,0.1733693778514862,0.992206335067749,0.999311625957489,0.999942421913147,0.9998558163642883,0.9890376925468445,0.0020929535385221243,0.0007177495281212032,2.491641862434335e-05,0.004053796641528606,0.19714920222759247,-0.08868641406297684,-0.5368319749832153,2.455639123916626,1.7212433815002441,1.736504077911377,1.9927010536193848,2.4974565505981445,1.2447702629672208,1.0098563432693481,0.7279255986213684,0.8998884558677673,0.9119009971618652,0.8954900503158569,0.7147039771080017,0.09141216427087784,0.023710470646619797,0.0030825554858893156,0.6956451535224915,0.46761220693588257,0.04774493724107742,-0.931684672832489,95.14154052734375,1.3384050130844116,0.003944839350879192,76.50594329833984,384.63494873046875,494.13427734375,117.04666137695312,102.45288848876953,385.2752990722656,39.844642639160156,169.6378631591797,223.28515625,3.0167479515075684,3.0225160121917725,3.476672410964966,3.4765453338623047,3.665161609649658,4.4062275886535645,4.610934734344482,4.271178245544434,5.100319862365723,4.5724029541015625,3.9618706703186035,3.9693539142608643
447,7.014227390289307,2.30865216255188,2.312009334564209,6.57233190536499,8.391758918762207,6.949582449292639,0.16373558342456818,0.9870968461036682,0.9999999403953552,0.9999116063117981,0.9998487830162048,0.9806396961212158,0.0020796896424144506,0.0006602756911888719,2.3347349269897677e-05,0.0031218696385622025,0.17557531595230103,-0.09413212537765503,-0.5128687620162964,2.7210447788238525,2.4875245094299316,1.9720873832702637,2.0498080253601074,2.7875616550445557,0.45490742288158476,1.1613754034042358,0.6301976442337036,0.999999463558197,0.999685525894165,0.9791426658630371,0.590707004070282,0.09804049134254456,0.02713688276708126,0.0023672361858189106,0.5168276429176331,0.37084755301475525,0.00801225658506155,-0.48701056838035583,73.36126708984375,4.608548164367676,86.71633911132812,25.06178855895996,42.18142318725586,523.1369018554688,119.12261962890625,9.730838775634766,164.07977294921875,417.0340270996094,146.5033416748047,210.74652099609375,3.205984354019165,3.060988426208496,3.56866717338562,3.439548969268799,3.6971497535705566,4.4268479347229,4.625473499298096,4.206400394439697,5.112983226776123,4.557220458984375,3.990126371383667,4.002784252166748
448,7.448662757873535,2.692850351333618,2.3506484031677246,6.187365531921387,9.080060958862305,7.33727842156618,0.17014658451080322,0.9819093942642212,0.9993095993995667,0.9998942017555237,0.9998777508735657,0.9718465805053711,0.0017926127184182405,0.00055108213564381,2.3052318283589557e-05,0.003842398524284363,0.15928635001182556,-0.09576448053121567,-0.4806402921676636,2.4927377700805664,2.120327949523926,1.7619136571884155,2.057037830352783,2.5691256523132324,1.3530565578880338,1.0630861520767212,0.7680386900901794,0.90769362449646,0.9766825437545776,0.9701687097549438,0.7408292293548584,0.15352413058280945,0.036915089935064316,0.0030073877424001694,0.8266636729240417,0.47621408104896545,0.025279387831687927,-0.71262526512146,75.12469482421875,0.05777495354413986,289.74322509765625,73.43683624267578,35.80707550048828,498.9061279296875,148.24093627929688,0.054226309061050415,125.38632202148438,556.7977905273438,180.35549926757812,244.30426025390625,3.3720178604125977,2.759664297103882,3.665543556213379,3.468402624130249,3.7267863750457764,4.448368549346924,4.642059803009033,3.7903542518615723,5.088763236999512,4.546300888061523,3.950826406478882,3.971971273422241
449,7.136265277862549,2.9606223106384277,2.410191535949707,5.9057183265686035,8.520846366882324,7.038455500192915,0.16528378427028656,0.9830825924873352,0.9997446537017822,0.9999396800994873,0.9998555183410645,0.9746469855308533,0.0015734139597043395,0.0004889145493507385,2.4581560865044594e-05,0.003427006769925356,0.1481907069683075,-0.09566286206245422,-0.47037047147750854,2.545593023300171,2.4129445552825928,2.034623622894287,2.5879266262054443,2.582437753677368,0.6042397552729001,1.103710651397705,0.6303181648254395,0.9995383024215698,0.999914824962616,0.983919084072113,0.5960277915000916,0.11001419275999069,0.031053239479660988,0.002474396023899317,0.7660848498344421,0.6976062059402466,0.0007411003462038934,-0.6149471402168274,6.2746758460998535,8.660335540771484,292.10418701171875,42.106292724609375,9.7996826171875,503.2540283203125,163.05096435546875,9.358757019042969,186.43101501464844,519.9097290039062,174.094970703125,241.33554077148438,3.5304312705993652,2.878903388977051,3.7825253009796143,3.32065749168396,3.770594358444214,4.485144138336182,4.6623148918151855,3.7899281978607178,5.124953746795654,4.576242446899414,3.9921696186065674,4.007180690765381
450,6.152425289154053,2.902803897857666,2.3722329139709473,6.1986870765686035,6.998812675476074,6.090506624142876,0.17082460224628448,0.9863665103912354,0.9998360872268677,0.9999120831489563,0.9998959898948669,0.9814184308052063,0.0014798928750678897,0.0005235089920461178,2.3794162189005874e-05,0.004772323649376631,0.11343975365161896,-0.09169820696115494,-0.46662503480911255,2.1199333667755127,2.3857858180999756,2.0554404258728027,2.2940661907196045,2.121457576751709,0.6903579722273541,1.0556789636611938,0.8064450025558472,0.9971336126327515,0.9994118809700012,0.9942519068717957,0.7925723195075989,0.12998919188976288,0.03985891863703728,0.002824201248586178,0.8523163199424744,0.7182769179344177,0.16447773575782776,-0.7992115020751953,17.40870475769043,18.86212730407715,172.41134643554688,10.255731582641602,2.493044137954712,518.6233520507812,318.8544921875,39.135963439941406,399.3326416015625,624.1388549804688,212.151611328125,279.00958251953125,3.5848066806793213,2.9461658000946045,3.890442132949829,3.137946367263794,3.4871389865875244,4.514462471008301,4.67425012588501,3.8272790908813477,5.120567798614502,4.556016445159912,3.973907947540283,3.9792518615722656
451,5.88313627243042,2.946192741394043,2.4174489974975586,7.334290981292725,6.560934066772461,5.81922594332154,0.17407695949077606,0.9857320785522461,0.9997629523277283,0.9999319911003113,0.9998571276664734,0.9812790155410767,0.001514812232926488,0.0006124158971942961,2.193918771808967e-05,0.005701820366084576,0.11584365367889404,-0.09150248020887375,-0.45753517746925354,2.378598213195801,2.6647775173187256,2.306448221206665,2.3614284992218018,2.3819334506988525,0.5912827277125889,1.1350281238555908,0.7559616565704346,0.899964451789856,0.9029627442359924,0.9233705401420593,0.7459325790405273,0.1349138766527176,0.043974053114652634,0.002647997345775366,0.9419631958007812,0.3969988226890564,0.05530424788594246,-0.9677412509918213,0.0027567115612328053,37.3229866027832,50.07558822631836,39.778873443603516,12.188337326049805,543.7223510742188,211.5667266845703,32.187435150146484,460.03118896484375,536.5064697265625,192.33828735351562,268.21258544921875,3.226513385772705,3.062342405319214,3.9366912841796875,3.2004857063293457,3.4575586318969727,4.533001899719238,4.685419082641602,3.882150173187256,5.126859188079834,4.574294567108154,3.968531847000122,3.9712507724761963
452,5.77859354019165,2.7158637046813965,2.259679079055786,6.971965312957764,6.53202486038208,5.727640847541042,0.17889203131198883,0.9873753786087036,0.9989691376686096,0.999946117401123,0.9998274445533752,0.9830096364021301,0.0019404254853725433,0.0007004653452895582,2.265729744976852e-05,0.006708528846502304,0.11460557579994202,-0.09032590687274933,-0.4534013867378235,2.539372205734253,1.8704363107681274,1.8900318145751953,1.9274879693984985,2.607128620147705,0.48502020423535486,1.1924415826797485,0.7373940944671631,0.9994653463363647,0.9998859167098999,0.9881597757339478,0.7055969834327698,0.14816910028457642,0.04001842811703682,0.0029265261255204678,0.556564211845398,0.9542688727378845,0.11460793763399124,-0.37198203802108765,4.446269989013672,85.32205963134766,15.656704902648926,79.35121154785156,22.865875244140625,529.482421875,69.08406066894531,71.10932159423828,518.1223754882812,190.82009887695312,158.62603759765625,229.69346618652344,3.297006607055664,3.1304824352264404,3.325495481491089,3.2049002647399902,3.530322551727295,4.566244125366211,4.699245929718018,3.920557975769043,5.125941753387451,4.602161407470703,3.9402358531951904,3.9441652297973633
453,5.442434310913086,2.441364288330078,2.168504238128662,5.947539806365967,6.132684707641602,5.442350774442003,0.17511579394340515,0.9999854564666748,0.999701201915741,0.9999618530273438,0.9998927116394043,0.9999987483024597,0.002254846040159464,0.0007574632181786001,2.511406819394324e-05,0.007802702020853758,0.2285969853401184,-0.08610838651657104,-0.4495130777359009,2.6563282012939453,1.8813143968582153,2.11015248298645,2.095012903213501,2.7225167751312256,1.192558342719549,1.2031747102737427,0.7376832365989685,0.9996106028556824,0.9997389912605286,0.9954230189323425,0.702914297580719,0.14577297866344452,0.0324343703687191,0.0023244505282491446,0.48083361983299255,0.9288048148155212,0.027255017310380936,-0.6722976565361023,6.251763343811035,39.89142990112305,16.167200088500977,33.81287384033203,181.84786987304688,527.6927490234375,43.72905349731445,50.52578353881836,362.5106506347656,113.3744888305664,137.5803985595703,201.44163513183594,3.1260457038879395,3.2223989963531494,3.468667984008789,3.307159900665283,3.6064305305480957,4.60031270980835,4.695414066314697,3.967146396636963,5.164760112762451,4.605745792388916,3.9764084815979004,3.9704506397247314
454,6.012763023376465,2.266292095184326,2.1347310543060303,6.4582743644714355,7.013816833496094,6.012509977581073,0.1656280905008316,0.9999430179595947,0.9999472498893738,0.9998710751533508,0.9998586773872375,0.9999728202819824,0.002284505171701312,0.0007717584376223385,2.408695945632644e-05,0.005957781802862883,0.2055334746837616,-0.09087906032800674,-0.460626482963562,2.5762391090393066,2.0826594829559326,2.2570393085479736,2.5613484382629395,2.6018571853637695,0.4789073526129579,1.3335802555084229,0.6318743228912354,0.9983221888542175,0.9997848868370056,0.9949437379837036,0.5985611081123352,0.13856719434261322,0.034409452229738235,0.0023300941102206707,0.4679872691631317,0.8002311587333679,0.005624649580568075,-0.6737735867500305,14.842743873596191,24.896461486816406,47.09038543701172,9.381638526916504,483.9151916503906,576.3756713867188,5.565392017364502,48.80497741699219,255.0059051513672,51.370567321777344,151.7248992919922,235.7662353515625,3.222477912902832,3.3104374408721924,3.590731382369995,3.2382941246032715,3.6598987579345703,4.628188610076904,4.503614902496338,3.998892307281494,5.185083389282227,4.619643688201904,3.9957263469696045,3.99528431892395
455,6.395382881164551,2.408691167831421,2.2884562015533447,6.632209300994873,7.435144901275635,6.395149444915803,0.17040440440177917,0.9999393224716187,0.9988526105880737,0.9999351501464844,0.9998902678489685,0.999966561794281,0.002143916441127658,0.0006908218492753804,2.3174505258793943e-05,0.004864702001214027,0.1767413318157196,-0.09328880906105042,-0.4516282379627228,3.028934955596924,2.609111785888672,2.588717460632324,2.3799591064453125,3.068899393081665,0.38688650120375384,1.231467604637146,0.4989350140094757,0.9158508777618408,0.9752896428108215,0.9464930295944214,0.4550788402557373,0.09551354497671127,0.023463033139705658,0.0019696438685059547,0.3898389935493469,0.36254701018333435,-0.07459288090467453,-0.7045292854309082,26.475204467773438,0.006212999112904072,82.92337799072266,11.966824531555176,143.70379638671875,539.3032836914062,13.235705375671387,11.068235397338867,216.05210876464844,317.8298034667969,136.25645446777344,205.2537841796875,3.3721413612365723,2.9799232482910156,3.687258005142212,3.2811694145202637,3.751467704772949,4.642063140869141,4.548038482666016,3.9930355548858643,5.215641021728516,4.601565837860107,4.007230281829834,4.016193866729736
456,6.512509346008301,2.6032345294952393,2.422804594039917,6.4527058601379395,7.4698262214660645,6.512379584840756,0.1766357123851776,0.9999801516532898,1.0,0.9999335408210754,0.9998776912689209,0.9999977350234985,0.0018752467585727572,0.0005857112701050937,2.342228799534496e-05,0.0051179626025259495,0.15499815344810486,-0.09331519156694412,-0.4280429184436798,2.8282322883605957,2.8013055324554443,2.325808048248291,2.3886637687683105,2.858125925064087,1.2951317822923638,1.4731353521347046,0.5783451795578003,0.8996564149856567,0.8999187350273132,0.8974676132202148,0.5561688542366028,0.09359407424926758,0.026980161666870117,0.002188830403611064,0.27281877398490906,0.3854069709777832,-0.053540877997875214,-0.6263366341590881,21.823593139648438,2.5028079107869416e-05,77.91825103759766,21.64767837524414,18.202133178710938,573.1979370117188,18.583837509155273,6.914831638336182,172.0835418701172,588.3436279296875,149.8715362548828,251.58106994628906,3.521981954574585,2.6819324493408203,3.789677619934082,3.4091439247131348,3.802090883255005,4.66770601272583,4.586691856384277,4.0331339836120605,5.240348815917969,4.598374843597412,4.033108711242676,4.048097610473633
457,6.553884029388428,2.5244898796081543,2.4339637756347656,6.343399524688721,7.4776201248168945,6.5536817167109085,0.19090808928012848,0.9999714493751526,0.9999389052391052,0.99989914894104,0.9998451471328735,0.9999982118606567,0.0017084658611565828,0.0005079410038888454,2.3431355657521635e-05,0.00469203619286418,0.1438109576702118,-0.09305135905742645,-0.4151090085506439,2.800300121307373,2.652101993560791,2.331622838973999,2.6361849308013916,2.8172521591186523,0.5432737829974548,1.3976489305496216,0.5494717955589294,0.9970389008522034,0.9980137348175049,0.9801207184791565,0.5291709303855896,0.08490368723869324,0.025063617154955864,0.0021394123323261738,0.36308929324150085,0.28822189569473267,-0.04141049087047577,-0.581329345703125,6.826416015625,0.3739517033100128,89.05189514160156,8.278480529785156,2.6629626750946045,572.3125,82.99526977539062,11.421486854553223,229.5626678466797,615.4043579101562,161.88900756835938,262.0096740722656,3.595414638519287,2.4441215991973877,3.889533281326294,3.449687957763672,3.6375279426574707,4.693005084991455,4.616191387176514,4.0080671310424805,5.271419525146484,4.631383895874023,4.023635387420654,4.049435138702393
458,5.912331581115723,2.4890315532684326,2.397123336791992,6.056974411010742,6.564659595489502,5.912198477840726,0.17962852120399475,0.9999786615371704,0.9999983310699463,0.9999088644981384,0.9998697638511658,0.9999984502792358,0.0018315281486138701,0.0005273199058137834,2.514035986678209e-05,0.005732185672968626,0.1582181602716446,-0.08780752867460251,-0.42214372754096985,2.412081241607666,2.3922581672668457,2.0882606506347656,2.49615478515625,2.420588731765747,0.6647439582473226,1.252631664276123,0.6996488571166992,0.9998418688774109,0.999779999256134,0.9882823824882507,0.6883019804954529,0.12395305931568146,0.02841062843799591,0.0026398261543363333,0.8923377990722656,0.5133461356163025,0.02990526147186756,-0.9564680457115173,7.888820648193359,34.27558135986328,19.48696517944336,18.464351654052734,7.981509685516357,582.2488403320312,194.0610809326172,8.35707950592041,517.4282836914062,651.4085693359375,204.1601104736328,302.2868957519531,3.6827900409698486,2.616894245147705,3.8908071517944336,3.5321218967437744,3.666788339614868,4.7059221267700195,4.647332191467285,3.9780452251434326,5.299290180206299,4.647712707519531,4.066770553588867,4.073996543884277
459,5.43966817855835,2.3164665699005127,2.2947516441345215,5.902450084686279,5.967339992523193,5.439495383900443,0.18824073672294617,0.9999704957008362,0.9993864297866821,0.9998945593833923,0.9998826384544373,0.999998152256012,0.0020935190841555595,0.0005896586808376014,2.5501603886368684e-05,0.007140760309994221,0.15021823346614838,-0.08369026333093643,-0.4371885657310486,2.426325798034668,1.9624909162521362,2.091308355331421,2.503319025039673,2.434929370880127,0.5376525153000696,1.1633996963500977,0.7584156394004822,0.8999018669128418,0.91387540102005,0.9155895113945007,0.7527405023574829,0.1456226110458374,0.021959614008665085,0.0027578123845160007,0.9758006930351257,0.9066734313964844,0.05680304393172264,-0.6504326462745667,0.0030042356811463833,76.13737487792969,16.138185501098633,29.995018005371094,9.671133041381836,622.985595703125,172.61883544921875,80.0349349975586,595.109130859375,411.84454345703125,201.4537811279297,285.73583984375,3.3147244453430176,2.7734217643737793,3.5291779041290283,3.589541435241699,3.5773494243621826,4.717020511627197,4.7130255699157715,4.038115501403809,5.329316139221191,4.633573055267334,4.021526336669922,4.02471399307251
460,4.911998271942139,2.0599253177642822,2.1272706985473633,5.207587242126465,5.356314182281494,4.911823493636532,0.19053499400615692,0.9999672174453735,0.9995954632759094,0.9998563528060913,0.9998824596405029,0.9999984502792358,0.0020128097385168076,0.0005925882724113762,2.8045531507814303e-05,0.007506180554628372,0.27747830748558044,-0.0771733745932579,-0.4544221758842468,2.261258840560913,1.5146808624267578,1.6109987497329712,2.0675504207611084,2.290616989135742,2.160324136344427,1.172349214553833,0.9058868288993835,0.9988581538200378,0.999453604221344,0.9870615601539612,0.9004705548286438,0.1917649507522583,0.023942021653056145,0.0026711239479482174,0.39732542634010315,0.9390293955802917,0.07429596036672592,-0.7476189136505127,6.933797359466553,60.898162841796875,65.04859924316406,2.6616780757904053,76.04889678955078,382.6255187988281,113.39832305908203,175.64825439453125,637.6583862304688,94.1710433959961,161.50926208496094,227.60791015625,3.1029114723205566,2.894951581954956,3.6320440769195557,3.4509880542755127,3.647352457046509,4.72395658493042,4.770007133483887,4.058136940002441,5.3479413986206055,4.595174789428711,4.022346496582031,4.01240348815918
461,5.937692642211914,1.9975545406341553,2.0996525287628174,5.827766418457031,6.879912853240967,5.937437050425204,0.17334109544754028,0.9999611973762512,0.999829888343811,0.9998711943626404,0.9998881816864014,0.9999986886978149,0.0020550640765577555,0.0005964732845313847,2.4336966816917993e-05,0.005029024090617895,0.2579478323459625,-0.08727572113275528,-0.5066809058189392,2.448427200317383,2.5300614833831787,2.208286762237549,2.2773022651672363,2.454233169555664,2.287081547226694,1.3001105785369873,0.9059375524520874,0.9997343420982361,0.9998367428779602,0.9986827969551086,0.9031562805175781,0.08258075267076492,0.015444445423781872,0.002037829253822565,0.36220261454582214,0.696603000164032,0.09241905808448792,-0.6968562006950378,12.437219619750977,30.389331817626953,101.45543670654297,128.1253662109375,172.2992706298828,26.541536331176758,61.31498336791992,226.6504364013672,718.8609008789062,56.109161376953125,153.41836547851562,232.95733642578125,3.177762031555176,2.9655420780181885,3.6928505897521973,3.465437412261963,3.6927807331085205,4.52406644821167,4.715896129608154,4.0621843338012695,5.230978012084961,4.546791076660156,4.0074286460876465,4.010707378387451
462,7.042477607727051,2.062427282333374,2.163921356201172,6.666572093963623,8.572367668151855,7.042242820584478,0.1748654693365097,0.9999704360961914,0.9997880458831787,0.9999322295188904,0.9998580813407898,0.9999979138374329,0.001974402694031596,0.0005923180724494159,2.1245505195111036e-05,0.0026245980989187956,0.2360655814409256,-0.09209384769201279,-0.5471190810203552,2.3671371936798096,3.7254526615142822,2.3573341369628906,2.3006396293640137,2.367064952850342,2.092953218130879,1.1737697124481201,0.8205356597900391,0.8996770977973938,0.8999173641204834,0.899414598941803,0.8189009428024292,0.04464011266827583,0.017999103292822838,0.0023789822589606047,0.603685200214386,0.6843323707580566,0.06663712859153748,-0.7370526790618896,9.494861602783203,1.5103418036233052e-06,113.1114730834961,392.335205078125,150.89892578125,26.103412628173828,14.116412162780762,338.0374450683594,632.400390625,47.796714782714844,172.4294891357422,244.92601013183594,3.2995710372924805,2.66898775100708,3.7540836334228516,3.510000228881836,3.764662027359009,4.338305473327637,4.694460391998291,4.071001052856445,5.16779088973999,4.509582996368408,3.97784423828125,3.998098611831665
463,9.57854175567627,2.6618263721466064,2.5897011756896973,9.853264808654785,12.489527702331543,9.577401261679604,0.16344742476940155,0.9998847246170044,0.9988865256309509,0.9997934103012085,0.9998453855514526,0.9999944567680359,0.0019183199619874358,0.0005719475448131561,1.6643063645460643e-05,0.0017530665500089526,0.20377439260482788,-0.10086723417043686,-0.5142018795013428,3.0033891201019287,0.8997205495834351,1.0535622835159302,1.7786206007003784,3.3702924251556396,2.3620039766967307,0.6782771944999695,0.7825552225112915,0.9997481107711792,0.9999226331710815,0.9900972247123718,0.716924250125885,0.18708960711956024,0.020129498094320297,0.0016869485843926668,0.24765245616436005,0.5730635523796082,-0.017475251108407974,-0.8442685604095459,56.14479064941406,6.325440883636475,89.63384246826172,260.6447448730469,57.042842864990234,164.54144287109375,16.62624168395996,160.09303283691406,164.5338897705078,184.0684814453125,115.9654769897461,132.94876098632812,3.361879825592041,2.74413800239563,3.8178577423095703,3.612429141998291,3.7346367835998535,4.317890167236328,4.645868301391602,4.108753681182861,5.112729072570801,4.511000633239746,3.996718168258667,4.027861595153809
464,10.398115158081055,3.1778550148010254,2.9958443641662598,11.853297233581543,13.048482894897461,10.397822919565593,0.16185297071933746,0.9999750852584839,0.9998190999031067,0.9999485611915588,0.9997926354408264,0.9999988675117493,0.0015592052368447185,0.0005082871066406369,1.502625582361361e-05,0.0020401596557348967,0.1876315474510193,-0.1040235310792923,-0.5446068048477173,2.6292810440063477,1.199155569076538,1.4336994886398315,1.869470477104187,2.729210615158081,1.870195803686024,1.2460684776306152,0.7526349425315857,0.9983847737312317,0.999390184879303,0.9958153367042542,0.7246000170707703,0.26477110385894775,0.03083929792046547,0.0026567045133560896,0.3578546345233917,0.8896620273590088,0.03701566532254219,-0.5441803336143494,22.49554443359375,11.477025985717773,48.05793762207031,113.17216491699219,0.5141156911849976,427.06146240234375,17.440670013427734,123.93388366699219,277.7118835449219,687.1983642578125,172.9062957763672,258.2098083496094,3.4449732303619385,2.8351919651031494,3.831066608428955,3.7019660472869873,3.3744513988494873,4.31601619720459,4.651273250579834,4.1332244873046875,5.095836162567139,4.502885341644287,3.9886887073516846,4.022038459777832
465,9.529109954833984,3.426100254058838,3.0959548950195312,10.494717597961426,11.286293983459473,9.528910074490952,0.1568935066461563,0.9999797344207764,0.9997507333755493,0.9999527335166931,0.9998573660850525,0.9999987483024597,0.0014729468384757638,0.0004647613677661866,1.5589024769724347e-05,0.003365247743204236,0.19556564092636108,-0.10306358337402344,-0.5424360632896423,2.8870468139648438,2.231196641921997,2.434110641479492,2.339341163635254,2.9024930000305176,0.672603908233245,1.2610089778900146,0.5496779084205627,0.9999998807907104,0.99946528673172,0.9798500537872314,0.5343401432037354,0.08434498310089111,0.016322417184710503,0.0025738358963280916,0.7103318572044373,0.5193992257118225,0.03159148618578911,-0.9649745225906372,12.348586082458496,7.134896755218506,26.186737060546875,98.91325378417969,21.228273391723633,549.2014770507812,70.4561767578125,46.751617431640625,443.9994201660156,711.7811889648438,198.80015563964844,302.3252258300781,3.5123398303985596,2.9146389961242676,3.8487470149993896,3.741466760635376,3.4046294689178467,4.371067047119141,4.696641445159912,4.146628379821777,5.101114749908447,4.53072452545166,4.02679967880249,4.053798675537109
466,9.123295783996582,3.3853557109832764,2.9988455772399902,9.939428329467773,10.720708847045898,9.122906401060858,0.16502735018730164,0.9999620914459229,0.999955952167511,0.9998786449432373,0.9998540878295898,0.9999976754188538,0.0014344165101647377,0.00044567888835445046,1.5992307453416288e-05,0.003822761122137308,0.20519955456256866,-0.10258381068706512,-0.47158294916152954,2.459568500518799,1.7874672412872314,1.4341249465942383,1.9337767362594604,2.520683526992798,0.3771201863779289,1.1434675455093384,0.6937608122825623,0.9004072546958923,0.9642705917358398,0.93537837266922,0.6719222664833069,0.16892485320568085,0.03828476741909981,0.003977102227509022,1.2626973390579224,0.42998072504997253,-0.0013013072311878204,-0.8017688989639282,0.010662289336323738,8.931985855102539,72.64142608642578,42.95205307006836,43.126014709472656,671.54736328125,356.0129699707031,11.07766342163086,600.7257080078125,745.1515502929688,255.21775817871094,359.1401062011719,3.16201114654541,2.9627933502197266,3.9163737297058105,3.8007760047912598,3.423645496368408,4.403473854064941,4.729891300201416,4.149622440338135,5.1244120597839355,4.512012004852295,4.018501281738281,4.048605918884277
467,7.027103424072266,2.95542311668396,2.5767931938171387,7.607126235961914,7.931424140930176,7.026754835811913,0.18890850245952606,0.9999542236328125,0.9992133975028992,0.9998528361320496,0.9998916983604431,0.999997615814209,0.001764244050718844,0.0004734587564598769,1.872907523647882e-05,0.004358935635536909,0.20034900307655334,-0.09824672341346741,-0.4967813491821289,2.088198184967041,1.4307914972305298,1.2053306102752686,1.69902503490448,2.158555269241333,0.457859724472772,1.0124725103378296,0.8040807843208313,0.8999095559120178,0.9071973562240601,0.9123280644416809,0.7926005721092224,0.27181366086006165,0.051220204681158066,0.005713955964893103,1.3843542337417603,0.995357871055603,0.2582235336303711,-0.3830106854438782,0.002708754036575556,72.83002471923828,202.3692169189453,37.303218841552734,86.86431121826172,694.1135864257812,453.4325256347656,16.26103401184082,811.81396484375,798.4664306640625,317.345703125,407.30718994140625,2.846008062362671,3.0558924674987793,3.965747356414795,3.130056858062744,3.4562222957611084,4.426623821258545,4.769199848175049,4.0793352127075195,5.125288009643555,4.494937896728516,3.9349312782287598,3.964585304260254
468,6.571530818939209,2.8995282649993896,2.4404804706573486,6.456826210021973,7.398617267608643,6.571437424954736,0.17961671948432922,0.9999855756759644,0.9999822378158569,0.9999513030052185,0.9999086260795593,0.9999971389770508,0.0018345847493037581,0.00044552181498147547,2.127270090568345e-05,0.005140874534845352,0.18154701590538025,-0.09391229599714279,-0.48877549171447754,2.66351580619812,1.654887318611145,1.445884346961975,2.077840805053711,2.7448580265045166,0.2657458170556988,1.156374216079712,0.560871958732605,0.9997105598449707,0.9997793436050415,0.9942935705184937,0.5192438960075378,0.1518673449754715,0.03685981035232544,0.003977375105023384,0.9733362197875977,0.45815736055374146,-0.011904899962246418,-0.8946334719657898,8.492814064025879,58.69633483886719,41.884334564208984,28.316282272338867,27.36168670654297,671.8199462890625,475.4092102050781,15.15956974029541,367.57672119140625,788.3822631835938,248.30992126464844,355.3917236328125,2.955695629119873,3.1312296390533447,4.034217357635498,3.243196487426758,3.523733615875244,4.471981048583984,4.814953327178955,4.082886695861816,5.161306381225586,4.504278659820557,3.9923477172851562,4.010074138641357
469,6.735147953033447,2.851442337036133,2.4017300605773926,6.582921028137207,7.700325965881348,6.73499399371362,0.16400158405303955,0.9999772310256958,0.9999619126319885,0.9999327659606934,0.9998840093612671,0.9999940395355225,0.0019571147859096527,0.00045527631300501525,2.0930348910042085e-05,0.005665941629558802,0.18241529166698456,-0.09232548624277115,-0.44798141717910767,2.7265079021453857,3.0270299911499023,2.3703200817108154,2.698413610458374,2.737510919570923,0.473143378722111,1.1522681713104248,0.5208328366279602,0.999640166759491,0.9998289942741394,0.997978687286377,0.5005483627319336,0.076508067548275,0.02710702084004879,0.0030786991119384766,1.011044979095459,0.4910464584827423,0.027136921882629395,-0.8148219585418701,16.885677337646484,45.52972412109375,13.33262825012207,90.51956939697266,27.891386032104492,688.7064819335938,539.2299194335938,41.49599838256836,244.592529296875,766.1016845703125,247.42857360839844,354.4127502441406,3.153594970703125,3.2286417484283447,4.069155216217041,3.320826292037964,3.5630457401275635,4.4675164222717285,4.839466571807861,4.115116119384766,5.103569984436035,4.52944803237915,4.039038181304932,4.048613548278809
470,6.890717029571533,3.1039631366729736,2.6028735637664795,7.360003471374512,7.732362270355225,6.890472570163867,0.15706554055213928,0.9999645948410034,0.9999793171882629,0.9999054074287415,0.9998944997787476,0.9999830722808838,0.0018751657335087657,0.0004438027390278876,1.9571360098780133e-05,0.005202443804591894,0.24262568354606628,-0.09255298972129822,-0.4255501329898834,2.5830299854278564,1.7742332220077515,2.37835955619812,2.722708225250244,2.5885632038116455,1.2174664478151123,1.1571930646896362,0.6853587031364441,0.9998301267623901,0.9996835589408875,0.9957618713378906,0.673598051071167,0.1358850747346878,0.018658025190234184,0.0027435701340436935,0.6032410264015198,0.8218368291854858,0.018673716112971306,-0.6879873871803284,6.146562099456787,21.287065505981445,34.45358657836914,71.5615463256836,14.48908519744873,654.2706909179688,419.0389709472656,42.86918258666992,240.5369415283203,624.5484619140625,212.9202117919922,303.6789855957031,3.269559144973755,3.299150228500366,4.107884407043457,3.428119421005249,3.4969093799591064,4.487208366394043,4.86826229095459,4.168443202972412,5.11860990524292,4.5199151039123535,4.076406002044678,4.083603858947754
471,7.390803813934326,3.291350841522217,2.784566879272461,7.3396315574646,8.254231452941895,7.389476840174156,0.17954126000404358,0.9997898936271667,1.0,0.9999206066131592,0.9998936057090759,0.9997496604919434,0.0016058020992204547,0.0003803125873673707,1.9460150724626146e-05,0.004669893532991409,0.21600019931793213,-0.09648974239826202,-0.4878901243209839,2.553500175476074,1.7464170455932617,2.5762157440185547,2.5714094638824463,2.5537028312683105,2.2788407401429724,1.2431271076202393,0.8363050818443298,0.984753429889679,0.9953545331954956,0.9810020923614502,0.8335831761360168,0.04400845617055893,0.012055580504238605,0.002024780958890915,0.6569876670837402,0.4019371271133423,-0.036591365933418274,-0.9078042507171631,0.4990733861923218,0.21644215285778046,102.21988677978516,37.55626678466797,63.1348876953125,417.94635009765625,43.84246063232422,214.33230590820312,565.8507690429688,37.65443801879883,148.32528686523438,220.3468017578125,2.9838249683380127,2.984766960144043,4.170839309692383,3.489042282104492,3.521939754486084,4.5195465087890625,4.900202751159668,4.15158224105835,5.138597011566162,4.545382976531982,4.040572643280029,4.068111419677734
472,8.059983253479004,3.217214822769165,2.827824354171753,7.8523149490356445,9.103450775146484,8.059569057120495,0.18829280138015747,0.9999504089355469,0.999216616153717,0.9998682141304016,0.9998937249183655,0.9999863505363464,0.001546854735352099,0.00036580185405910015,1.8445212845108472e-05,0.003379229921847582,0.18178139626979828,-0.10031037032604218,-0.5314302444458008,2.513509750366211,2.421560287475586,2.465273857116699,2.6909568309783936,2.5131068229675293,1.3542457750197114,1.179089903831482,0.6580733060836792,0.9680512547492981,0.9920356273651123,0.966154932975769,0.6520368456840515,0.08989624679088593,0.014696850441396236,0.002243708586320281,0.7552313804626465,0.45159685611724854,0.007541619706898928,-0.9331773519515991,29.845481872558594,0.01523400004953146,279.41876220703125,36.745357513427734,407.1125183105469,166.59024047851562,7.907569885253906,188.24688720703125,743.7085571289062,41.81572341918945,190.140625,273.1424560546875,3.141036033630371,2.6874899864196777,4.220308303833008,3.3950767517089844,3.5731589794158936,4.540832996368408,4.853178024291992,4.129280090332031,5.1715407371521,4.529507637023926,4.02414083480835,4.0636982917785645
473,8.800521850585938,2.995124101638794,2.700273036956787,9.106255531311035,10.379777908325195,8.80001048559881,0.16648048162460327,0.9999452233314514,0.9994497895240784,0.9998617172241211,0.9998899102210999,0.9999907612800598,0.001836687559261918,0.0004400151956360787,1.65664514497621e-05,0.002299937652423978,0.1577604115009308,-0.10133963823318481,-0.5185009241104126,2.4229235649108887,1.8584387302398682,1.7454967498779297,2.009744167327881,2.4481892585754395,1.0900953379314893,1.3768765926361084,0.6848872900009155,0.9952232837677002,0.9987162351608276,0.9976064562797546,0.6700215935707092,0.13337278366088867,0.026325738057494164,0.0030025034211575985,0.5399801135063171,0.38257983326911926,0.0631149485707283,-0.9210458993911743,82.36895751953125,58.0831413269043,237.62014770507812,69.83059692382812,134.6807098388672,37.07980728149414,0.5862022042274475,54.89313507080078,896.3742065429688,248.5811767578125,182.0098114013672,286.3004150390625,3.2958288192749023,2.804525136947632,4.266724586486816,3.4120442867279053,3.6446805000305176,4.542394638061523,4.414004802703857,4.099178791046143,5.122112274169922,4.507091522216797,4.010858535766602,4.040062427520752
474,9.430496215820312,2.916391134262085,2.7569944858551025,9.984685897827148,11.287532806396484,9.430218847763548,0.15363705158233643,0.9999664425849915,0.9996964335441589,0.999916672706604,0.9998611211776733,0.9999972581863403,0.001733343699015677,0.0004742525634355843,1.526441155874636e-05,0.0021397056989371777,0.15037307143211365,-0.10151822865009308,-0.5976557731628418,2.6595091819763184,2.235914468765259,2.120543956756592,2.3053500652313232,2.6755025386810303,0.33632014850826114,1.4405550956726074,0.6045309901237488,0.9999420642852783,0.9996860027313232,0.9987799525260925,0.5902718901634216,0.11245900392532349,0.029053902253508568,0.00252998317591846,0.3754918575286865,0.3473629951477051,-0.016233067959547043,-0.9894043207168579,26.915985107421875,105.3619155883789,69.4815673828125,118.52104187011719,106.79747772216797,70.09738159179688,8.623730659484863,18.43079948425293,919.6024780273438,424.0136413574219,186.7845916748047,306.5928039550781,3.4140632152557373,2.932161808013916,4.312255859375,3.4892263412475586,3.689347743988037,4.516872406005859,4.453824996948242,4.125864028930664,5.095702648162842,4.537099838256836,4.056642055511475,4.081358432769775
475,8.319930076599121,2.591867685317993,2.467738151550293,7.991580009460449,9.864006042480469,8.319462133114106,0.14896193146705627,0.9999419450759888,0.9993579983711243,0.9998583197593689,0.9998898506164551,0.9999918341636658,0.0017043628031387925,0.0004933138261549175,1.774941301846411e-05,0.0035205658059567213,0.16196897625923157,-0.09725894033908844,-0.5511841177940369,2.6095550060272217,2.162426233291626,1.8487491607666016,1.9742616415023804,2.6344974040985107,1.124859328772764,1.2662302255630493,0.6213509440422058,0.9999785423278809,0.9999242424964905,0.9995739459991455,0.6059386730194092,0.09772801399230957,0.02207707241177559,0.003003882011398673,0.55983966588974,0.8610129356384277,0.15373215079307556,-0.3904207944869995,20.015737533569336,159.27532958984375,19.682167053222656,124.46745300292969,42.97650146484375,149.82843017578125,75.8160400390625,52.28662109375,827.718017578125,452.8560485839844,192.4922332763672,290.01849365234375,3.4611403942108154,3.0133254528045654,3.7998921871185303,3.5766139030456543,3.751939058303833,4.5143890380859375,4.508852481842041,4.153663158416748,5.116568565368652,4.560538291931152,4.045692443847656,4.061102867126465
476,7.262273788452148,2.600959539413452,2.4672627449035645,7.078246116638184,8.200812339782715,7.262025715160147,0.159742534160614,0.9999531507492065,0.9996817111968994,0.9998918175697327,0.9998750686645508,0.9999769330024719,0.0018069768557325006,0.0005140613066032529,2.073781070066616e-05,0.00531908730044961,0.14048373699188232,-0.09481659531593323,-0.5633280277252197,2.415722608566284,2.8714895248413086,1.895857810974121,2.3148419857025146,2.4225401878356934,1.8226853390389681,1.15581476688385,0.704746425151825,0.899806797504425,0.9540243744850159,0.9465306401252747,0.6996467709541321,0.057987578213214874,0.028364408761262894,0.004210112150758505,1.727338433265686,0.5223013162612915,0.012029333971440792,-0.5333755612373352,0.011669985949993134,61.44364929199219,49.220401763916016,73.09171295166016,7.8546271324157715,633.479736328125,364.01116943359375,14.352267265319824,831.0447387695312,801.90625,283.6416015625,400.5464172363281,3.115968942642212,3.0766146183013916,3.8245770931243896,3.6697590351104736,3.7149546146392822,4.539249420166016,4.584417343139648,4.177958011627197,5.148127555847168,4.598344802856445,4.044997215270996,4.057991027832031
477,6.69318151473999,2.916714668273926,2.627610445022583,7.115025043487549,7.248929500579834,6.692986224649555,0.19154326617717743,0.9999597668647766,0.9994429349899292,0.9998918175697327,0.9998877048492432,0.9999790787696838,0.001741381362080574,0.00047725936747156084,2.1289753931341693e-05,0.005675859749317169,0.140375018119812,-0.09432214498519897,-0.5381813049316406,2.3175337314605713,2.1735098361968994,1.9057536125183105,2.328770160675049,2.3247973918914795,1.6956281739275834,1.1181560754776,0.714148223400116,0.9086260199546814,0.9765499234199524,0.9549143314361572,0.7071609497070312,0.10295940935611725,0.0370996929705143,0.004614012781530619,1.870611548423767,0.43785497546195984,0.020668666809797287,-0.6083570122718811,0.7970517873764038,0.08749455213546753,143.54837036132812,28.027780532836914,0.03756284341216087,780.7445678710938,656.0567626953125,28.613088607788086,790.4451904296875,885.7677001953125,331.4125671386719,456.4678039550781,2.854790687561035,2.775928497314453,3.921008825302124,3.7430217266082764,3.3461759090423584,4.56528902053833,4.61500883102417,4.1334452629089355,5.176002025604248,4.630795001983643,3.976146697998047,4.0039873123168945
478,5.902966022491455,2.837040901184082,2.4431827068328857,6.422556400299072,6.324306964874268,5.902794886598557,0.190536230802536,0.9999544024467468,0.9997448325157166,0.9998891949653625,0.9998652338981628,0.9999684691429138,0.001754433149471879,0.0004474758170545101,2.3081054678186774e-05,0.0066624232567846775,0.10992620885372162,-0.09037699550390244,-0.5288652181625366,2.434903860092163,2.223538398742676,1.4656012058258057,2.0232021808624268,2.466970682144165,1.8538699516789499,1.0602926015853882,0.7841541767120361,0.9975340366363525,0.9996970295906067,0.9912312030792236,0.7737998366355896,0.1327894628047943,0.03845291957259178,0.0054259710013866425,1.4163297414779663,0.9744195938110352,0.1563216596841812,-0.37104958295822144,36.808773040771484,21.963388442993164,282.989013671875,5.803614139556885,18.516109466552734,871.8008422851562,477.7363586425781,16.998899459838867,575.6398315429688,832.906494140625,314.1163330078125,423.4913024902344,3.03589129447937,2.851679801940918,4.006291389465332,3.276397705078125,3.382357597351074,4.591503620147705,4.636401176452637,4.070448875427246,5.181267738342285,4.646098613739014,3.9678337574005127,3.9824745655059814
479,7.3866424560546875,3.136593818664551,2.547933578491211,7.778451442718506,8.235629081726074,7.385884070750457,0.17473916709423065,0.9998708367347717,0.9999402165412903,0.9999254941940308,0.9998630881309509,0.9998555183410645,0.0016472500283271074,0.00042981348815374076,1.9288374460302293e-05,0.004923831205815077,0.11274203658103943,-0.0956774652004242,-0.4687964916229248,1.8775336742401123,1.8842787742614746,2.0202388763427734,2.2496182918548584,1.8713327646255493,0.5012511140117537,1.0243011713027954,0.8053535223007202,0.9992086887359619,0.9997744560241699,0.9976759552955627,0.7996149659156799,0.12164720147848129,0.027822179719805717,0.004306933376938105,0.3816182315349579,0.45010897517204285,0.11293555796146393,-0.967011034488678,261.5443115234375,19.916276931762695,146.57420349121094,356.6273193359375,104.9430923461914,916.8416748046875,679.0177612304688,41.51901626586914,54.61698913574219,185.7982177734375,276.7398986816406,349.6513977050781,3.1834630966186523,2.907899856567383,4.010440826416016,3.3150548934936523,3.4411699771881104,4.501994609832764,4.617697715759277,4.109320640563965,5.087610244750977,4.6061835289001465,3.978083848953247,4.001854419708252
480,7.825069904327393,3.409154176712036,2.540287971496582,7.462299823760986,8.933156967163086,7.823160384843613,0.1624535471200943,0.9997228980064392,0.9991914629936218,0.9999510049819946,0.999889612197876,0.9996515512466431,0.0015617248136550188,0.00041911687003448606,1.853806315921247e-05,0.004177362658083439,0.14567723870277405,-0.09642469882965088,-0.440547376871109,1.8310619592666626,2.614485025405884,1.7937597036361694,1.6703417301177979,1.8343151807785034,0.5540806100360488,0.8532116413116455,0.8715994358062744,0.999737560749054,0.9998645782470703,0.992238461971283,0.8657910823822021,0.137451171875,0.06062030792236328,0.008067666552960873,1.3788213729858398,0.5007404088973999,0.1267891228199005,-0.9814465045928955,382.3584899902344,14.664710998535156,14.626580238342285,467.9037780761719,166.30006408691406,640.5406494140625,904.853515625,258.2969055175781,916.7840576171875,62.661285400390625,382.8990173339844,441.7450256347656,3.3067638874053955,2.968461275100708,3.934340238571167,3.346590995788574,3.500537157058716,4.4771904945373535,4.578797340393066,4.141325950622559,5.045047283172607,4.539426803588867,3.9838483333587646,4.003515720367432
481,8.122795104980469,3.745474100112915,2.6492772102355957,7.0968852043151855,9.23957633972168,8.11874106616579,0.16594873368740082,0.9994720220565796,0.9996534585952759,0.9999302625656128,0.9998928308486938,0.9993171691894531,0.001266894512809813,0.0003478867292869836,1.9077124306932092e-05,0.0032221537549048662,0.21341179311275482,-0.09683172404766083,-0.5074740648269653,2.284306764602661,1.5310163497924805,1.858449101448059,1.9506630897521973,2.303440809249878,1.369014500792292,0.9369305968284607,0.7452166080474854,0.9989078044891357,0.9979072213172913,0.9921910762786865,0.7323582768440247,0.20533700287342072,0.03484619781374931,0.004907084163278341,1.367735743522644,0.6662698984146118,0.029559385031461716,-0.8921518921852112,132.51602172851562,0.9849326610565186,45.53321838378906,434.6199035644531,121.15776062011719,336.5092468261719,640.3944091796875,224.4956817626953,830.9149169921875,49.561100006103516,281.6687316894531,353.5858154296875,3.4785678386688232,2.751303195953369,3.9773271083831787,3.439182758331299,3.518697738647461,4.419219017028809,4.624697685241699,4.130782604217529,5.067373275756836,4.543528079986572,3.995068073272705,4.019359588623047
482,8.372698783874512,3.727905511856079,2.7227675914764404,7.306753158569336,9.475232124328613,8.364458887735521,0.18078003823757172,0.9990056753158569,0.9999914169311523,0.9998962879180908,0.9998919367790222,0.998711109161377,0.0009544120985083282,0.00030606184736825526,1.8199441910837777e-05,0.0030526965856552124,0.3164341449737549,-0.09902956336736679,-0.4918605089187622,2.366986036300659,1.9105576276779175,1.942850947380066,2.461022138595581,2.37203049659729,2.055523167191182,1.1529775857925415,0.8126320242881775,0.8996629118919373,0.9039741158485413,0.9146884083747864,0.810763955116272,0.1315077394247055,0.023019028827548027,0.0035236310213804245,1.4797661304473877,0.9327619075775146,0.06453210860490799,-0.5083798170089722,91.25469970703125,0.002328935544937849,134.06576538085938,413.94537353515625,31.101469039916992,24.635271072387695,409.00885009765625,14.678213119506836,974.002197265625,772.8890380859375,286.5583190917969,402.87335205078125,3.5401620864868164,2.4763431549072266,4.041762351989746,3.5254738330841064,3.3633170127868652,4.317882061004639,4.659423351287842,4.047383785247803,5.051304817199707,4.576394557952881,3.9599449634552,3.995734453201294
483,7.665767669677734,3.52716064453125,2.682255268096924,6.942673206329346,8.452370643615723,7.656873705682104,0.19654712080955505,0.9987649917602539,0.9997328519821167,0.9999397993087769,0.9999035000801086,0.998460590839386,0.0011207404313609004,0.000307173264445737,1.894096567411907e-05,0.0038115449715405703,0.21299783885478973,-0.09870510548353195,-0.4937281906604767,2.5976691246032715,3.0527286529541016,2.296945333480835,2.4819140434265137,2.60249662399292,1.3304459071299257,1.3977633714675903,0.669135570526123,0.9990322589874268,0.9989432096481323,0.9921112060546875,0.6614768505096436,0.10681769996881485,0.024664653465151787,0.003744096029549837,0.902347981929779,0.30436286330223083,0.007418773137032986,-0.8779395818710327,16.193246841430664,0.338260680437088,262.1212463378906,14.16496753692627,11.240047454833984,269.36224365234375,82.14981079101562,20.244970321655273,991.6754150390625,915.885498046875,258.33758544921875,414.3488464355469,3.6232404708862305,2.2570455074310303,4.109149932861328,3.4483888149261475,3.3544347286224365,4.34618616104126,4.707513332366943,4.041213512420654,5.077760696411133,4.6097564697265625,3.9574692249298096,3.9992997646331787
484,6.994052410125732,3.415997266769409,2.520793914794922,6.817378520965576,7.655525207519531,6.985371836653363,0.19797173142433167,0.9986317753791809,0.999984860420227,0.9998512268066406,0.9998661875724792,0.9983341693878174,0.0013914764858782291,0.00037252242327667773,2.07547600439284e-05,0.004761583637446165,0.2178850919008255,-0.09610015153884888,-0.5165363550186157,1.9572001695632935,1.521687388420105,1.401749849319458,1.8933342695236206,1.9816616773605347,1.2526589969256572,0.9259898662567139,0.8066766262054443,0.9996169209480286,0.9997957348823547,0.9973124265670776,0.7947133779525757,0.39310023188591003,0.05239918455481529,0.0074792043305933475,1.866172194480896,0.7340455055236816,0.14198392629623413,-0.5212793350219727,6.188104629516602,546.5330810546875,545.4812622070312,37.117313385009766,271.4266662597656,767.1514892578125,25.880226135253906,20.025283813476562,1061.1129150390625,1038.82373046875,431.9740295410156,524.2643432617188,3.3760955333709717,2.420287847518921,4.127669334411621,3.1573081016540527,3.399570941925049,4.373335838317871,4.672769069671631,4.031283378601074,5.078099250793457,4.60482120513916,3.924124240875244,3.9600117206573486
485,6.846752643585205,3.066377639770508,2.3920340538024902,7.314571857452393,7.537734508514404,6.846697614808766,0.1785876303911209,0.9995932579040527,0.9999613165855408,0.9999735355377197,0.9998520016670227,0.9994968175888062,0.0016678508836776018,0.0004672945651691407,2.0163124645478092e-05,0.00497752008959651,0.29694539308547974,-0.09273064136505127,-0.5109789967536926,2.1889970302581787,1.744624137878418,1.702126383781433,2.1796939373016357,2.21193265914917,1.2739929878353373,0.9913763999938965,0.7453023195266724,0.9916604161262512,0.9976233839988708,0.9961880445480347,0.7290793061256409,0.3801356554031372,0.06233454868197441,0.006743614561855793,2.452392578125,0.7208527326583862,0.05874405428767204,-0.6489936709403992,24.64075469970703,724.565185546875,89.6044921875,14.533148765563965,464.7273254394531,818.5880737304688,0.2787574231624603,34.87887954711914,1042.87646484375,1037.6669921875,425.2360534667969,544.64599609375,3.448817729949951,2.59879732131958,4.064691543579102,3.2553012371063232,3.4319941997528076,4.409173488616943,4.227090835571289,4.0725321769714355,5.103610515594482,4.613586902618408,3.9225594997406006,3.942789077758789
486,6.032202243804932,2.6073338985443115,2.106159210205078,5.638176918029785,6.659643173217773,6.032776692327934,0.17899078130722046,0.9994744658470154,0.9997241497039795,0.9998326301574707,0.9999244213104248,0.9993791580200195,0.0016788056818768382,0.0005347477272152901,2.2728600015398115e-05,0.006129942834377289,0.41333290934562683,-0.08482423424720764,-0.47770747542381287,1.9884438514709473,1.9650784730911255,1.6431206464767456,1.599409580230713,2.012744665145874,1.5121334549634846,0.8946220278739929,0.8568317890167236,0.9996404647827148,0.9999061822891235,0.9993055462837219,0.845718264579773,0.35304754972457886,0.06750848144292831,0.00819168146699667,1.1647465229034424,0.9986722469329834,0.3068561553955078,-0.2778494656085968,36.80213165283203,853.8858642578125,169.82778930664062,248.35711669921875,332.9125671386719,247.48606872558594,50.69640350341797,157.52951049804688,1045.0491943359375,950.7042846679688,409.3250732421875,490.6660461425781,3.385059356689453,2.7171854972839355,3.3797857761383057,3.228809118270874,3.5161194801330566,4.391183376312256,4.268083095550537,4.083536624908447,5.0461344718933105,4.636000156402588,3.865189790725708,3.873749256134033
487,7.114643573760986,2.6931257247924805,2.173781633377075,6.393820762634277,8.135538101196289,7.120367406924485,0.1678677201271057,0.9991856813430786,0.9999508261680603,0.9999478459358215,0.9998940229415894,0.9989157915115356,0.0016223116545006633,0.0005329358973540366,1.989258271350991e-05,0.0044602928683161736,0.37137725949287415,-0.08836603164672852,-0.42984163761138916,2.087507724761963,4.12106466293335,2.6605734825134277,2.7201826572418213,2.074195146560669,1.101117493038768,1.133800983428955,0.7387821674346924,0.9994704723358154,0.9998111724853516,0.99934321641922,0.7340508699417114,0.09108253568410873,0.024301812052726746,0.0030543392058461905,0.6919853687286377,0.6550287008285522,0.07831478118896484,-0.6424953937530518,14.4956693649292,378.2792663574219,131.504638671875,328.3502197265625,145.60646057128906,303.0978088378906,61.613956451416016,22.6704044342041,36.748287200927734,945.8980102539062,236.8264617919922,322.8945007324219,3.4822545051574707,2.7949814796447754,3.469151020050049,3.2935192584991455,3.5082902908325195,4.352008819580078,4.332446575164795,4.100852966308594,4.993179798126221,4.641683578491211,3.896836996078491,3.9128987789154053
488,7.673141002655029,3.0285017490386963,2.3347291946411133,7.04726505279541,8.761676788330078,7.674449646998136,0.16022932529449463,0.9978918433189392,0.9997084140777588,0.9999202489852905,0.9998889565467834,0.9971824884414673,0.0016352444654330611,0.0005156409461051226,1.9289958800072782e-05,0.0047401622869074345,0.3352523148059845,-0.09071921557188034,-0.42205607891082764,2.8614869117736816,1.7368643283843994,1.8284574747085571,2.6537015438079834,2.8746626377105713,1.1435953607070113,1.375110149383545,0.5555883049964905,0.9993754029273987,0.999712347984314,0.9802923798561096,0.5469199419021606,0.12219107151031494,0.01450998242944479,0.002512694103643298,0.8344252705574036,0.7179210186004639,-0.02294621802866459,-0.9358303546905518,5.39576530456543,11.339035034179688,166.84124755859375,238.38026428222656,9.454532623291016,107.451904296875,66.33191680908203,25.462068557739258,462.0002136230469,934.1426391601562,202.67996215820312,325.31805419921875,3.5348339080810547,2.8848624229431152,3.601501226425171,3.4338600635528564,3.45131254196167,4.370075225830078,4.424078464508057,4.092248916625977,5.0074238777160645,4.6686553955078125,3.946885347366333,3.963710069656372
489,9.186373710632324,3.5462515354156494,2.6003315448760986,8.690899848937988,10.682367324829102,9.14755861449296,0.1817249208688736,0.993456244468689,0.9999250173568726,0.999955415725708,0.9998517036437988,0.9908612966537476,0.0013939387863501906,0.000450726569397375,1.7105263395933434e-05,0.004134367220103741,0.33190011978149414,-0.0972515344619751,-0.4099339544773102,2.795686721801758,1.335620403289795,1.5900352001190186,2.3059520721435547,2.825904607772827,1.2386275961643056,1.274875283241272,0.44829675555229187,0.8991117477416992,0.8986567854881287,0.8944559097290039,0.43180137872695923,0.1398361772298813,0.01867941953241825,0.002890495816245675,0.7177416086196899,0.5177187919616699,-0.004302395973354578,-0.8190076351165771,0.5733583569526672,7.935366852507286e-07,380.3859558105469,124.69178771972656,39.62156295776367,133.19215393066406,139.17843627929688,97.18338775634766,917.6710815429688,209.02386474609375,204.15216064453125,311.45843505859375,3.2212612628936768,2.5963761806488037,3.7093937397003174,3.4646522998809814,3.482137441635132,4.398183822631836,4.509366035461426,4.096158981323242,5.042856216430664,4.635453224182129,3.915583848953247,3.956341028213501
490,10.099716186523438,3.5925800800323486,2.691380262374878,10.122123718261719,11.94667911529541,9.982636251693764,0.19546188414096832,0.9860519766807556,0.9986274242401123,0.9999055862426758,0.9998416900634766,0.9798833727836609,0.0012072125682607293,0.0003891537489835173,1.5370074834208935e-05,0.003530278103426099,0.26474228501319885,-0.10149955749511719,-0.4883732497692108,2.5672008991241455,1.77094566822052,1.7963947057724,1.9993672370910645,2.591002941131592,0.2743427071512464,1.1619995832443237,0.43861085176467896,0.8998392820358276,0.8999316692352295,0.8995504379272461,0.420533150434494,0.09725052863359451,0.021550728008151054,0.0036235395818948746,0.9124059677124023,0.7061214447021484,0.006121363956481218,-0.98353111743927,58.031646728515625,1.264913680643076e-05,443.35009765625,107.72813415527344,28.776880264282227,162.3284149169922,236.41339111328125,157.30433654785156,926.9046020507812,135.9267578125,225.67642211914062,322.3789367675781,3.3505918979644775,2.3367388248443604,3.8062968254089355,3.368786573410034,3.5170974731445312,4.427544593811035,4.546791076660156,4.086568355560303,5.093616485595703,4.621448516845703,3.915548086166382,3.9702308177948
491,8.781267166137695,3.7697269916534424,2.7936887741088867,9.374510765075684,9.838485717773438,8.708057025803255,0.1823696345090866,0.9886721968650818,0.9998759031295776,0.999909520149231,0.999849796295166,0.9853019118309021,0.0013073037844151258,0.00040030735544860363,1.6362890164600685e-05,0.002942274557426572,0.2402449995279312,-0.1011473685503006,-0.5000544786453247,2.354534387588501,2.444549798965454,2.452951431274414,2.24076509475708,2.3533334732055664,0.33175076267670095,1.1655044555664062,0.7074218988418579,0.999565601348877,0.9999233484268188,0.9992609620094299,0.6994881629943848,0.15536841750144958,0.032956138253211975,0.004240245558321476,0.6293816566467285,0.35309380292892456,0.01053323782980442,-0.7000575065612793,106.19557189941406,21.402748107910156,162.01174926757812,25.873071670532227,28.15283203125,507.4996643066406,118.13739013671875,201.24656677246094,1087.1993408203125,468.8602294921875,272.6579284667969,385.4036560058594,3.5060153007507324,2.5016860961914062,3.89119553565979,3.3948051929473877,3.5507311820983887,4.434655666351318,4.583883285522461,4.093939304351807,5.1159138679504395,4.631613254547119,3.9704437255859375,4.010011672973633
492,7.46574592590332,3.6629793643951416,2.652977705001831,8.289676666259766,8.128421783447266,7.401340322727691,0.1853943169116974,0.9881337285041809,0.9995008111000061,0.9998098611831665,0.9998652935028076,0.9854762554168701,0.001448442111723125,0.0004295036196708679,1.8017544789472595e-05,0.004006550647318363,0.24550597369670868,-0.09922280162572861,-0.5277876853942871,2.6468088626861572,3.6448073387145996,2.5708820819854736,2.3700222969055176,2.649465560913086,1.2513125090432846,1.4104560613632202,0.6406210064888,0.8995564579963684,0.9227275252342224,0.9431572556495667,0.6330605745315552,0.12088190764188766,0.0382252037525177,0.004096189979463816,0.9094659090042114,0.7481101751327515,0.09340256452560425,-0.9181051254272461,48.16164779663086,40.086612701416016,11.45746898651123,135.77703857421875,0.007035169750452042,290.69183349609375,131.80592346191406,24.673616409301758,1018.2059936523438,1045.4202880859375,274.6287536621094,444.1838073730469,3.61694073677063,2.651047468185425,3.873598337173462,3.318077325820923,3.196089267730713,4.467650413513184,4.631881237030029,4.096438407897949,5.1259870529174805,4.650038719177246,3.9627747535705566,3.994626760482788
493,6.1436381340026855,3.0976479053497314,2.315423011779785,6.303867340087891,6.618622779846191,6.103227452072343,0.1844228357076645,0.9898486137390137,0.9994266629219055,0.9999251365661621,0.9998980760574341,0.987814724445343,0.0017900787061080337,0.0004818451125174761,2.1896756152273156e-05,0.005672492552548647,0.2608780562877655,-0.09061095863580704,-0.4642193615436554,2.3236920833587646,1.92037832736969,1.6431654691696167,1.6937731504440308,2.3534743785858154,0.5410474291938651,1.1732101440429688,0.7055448293685913,0.9999236464500427,0.9998719692230225,0.9960864782333374,0.690011739730835,0.18467019498348236,0.06291284412145615,0.00749318627640605,0.8476366400718689,0.9084246754646301,0.27775755524635315,-0.5069021582603455,50.69612503051758,26.254215240478516,21.787500381469727,240.9305877685547,159.62110900878906,378.9117736816406,310.17816162109375,56.04560852050781,1207.99755859375,1099.080810546875,355.1503601074219,502.8958740234375,3.718583583831787,2.7603538036346436,3.302072048187256,3.32326078414917,3.254246711730957,4.47310733795166,4.581423759460449,4.118026256561279,5.095630168914795,4.6356706619262695,3.9262375831604004,3.9405884742736816
494,6.239340305328369,3.1925179958343506,2.290193557739258,6.0816121101379395,6.763855457305908,6.1894540990643465,0.18183737993240356,0.988373875617981,0.9990228414535522,0.9999276399612427,0.9998742341995239,0.9858675003051758,0.0017227831995114684,0.00047324280603788793,2.2329606508719735e-05,0.006740767043083906,0.2568574547767639,-0.09006109088659286,-0.4256821274757385,2.1966402530670166,2.1499650478363037,1.5619066953659058,1.7103219032287598,2.2201199531555176,1.069901116591323,1.175130844116211,0.7176697254180908,0.899884819984436,0.9102720022201538,0.9300540089607239,0.7084071636199951,0.17763185501098633,0.0454782098531723,0.006578850094228983,1.111249327659607,0.5033612251281738,0.0775516927242279,-0.8388846516609192,0.006575404666364193,28.76931381225586,218.407958984375,119.07238006591797,387.4697265625,333.6507568359375,111.59077453613281,12.710769653320312,1031.9052734375,1175.410400390625,341.8993835449219,480.1471252441406,3.3472020626068115,2.8634252548217773,3.4112229347229004,3.3797357082366943,3.2978506088256836,4.495095252990723,4.562756538391113,4.107508659362793,5.11971378326416,4.612450122833252,3.919696092605591,3.933767080307007
495,6.038722515106201,3.2441518306732178,2.2778677940368652,5.7562408447265625,6.50934362411499,5.999015424175669,0.18661215901374817,0.9894470572471619,0.9994630217552185,0.9998679161071777,0.9998812079429626,0.987326979637146,0.0016514093149453402,0.00047756379353813827,2.4437922547804192e-05,0.007135158870369196,0.23740661144256592,-0.08914417773485184,-0.449506938457489,2.319309711456299,2.0693984031677246,1.6578205823898315,2.101151704788208,2.3350019454956055,0.613012390780474,1.100341558456421,0.5812729001045227,0.8988503813743591,0.8998131155967712,0.891228973865509,0.5702379941940308,0.12866131961345673,0.04160688444972038,0.006558252964168787,1.8854265213012695,0.635177493095398,0.04990285262465477,-0.42208948731422424,0.00010151838068850338,8.656133651733398,737.6177978515625,76.67599487304688,475.591552734375,272.8631286621094,56.276344299316406,9.603241920471191,963.0820922851562,1158.5057373046875,375.8872375488281,513.2196655273438,3.0124809741973877,2.938000202178955,3.5545003414154053,3.364323139190674,3.3884897232055664,4.527791500091553,4.58356237411499,4.063106060028076,5.157899379730225,4.609790325164795,3.919994354248047,3.934088706970215
496,6.672934055328369,3.358335494995117,2.393342971801758,7.017716884613037,7.2275824546813965,6.702778350390785,0.17141304910182953,0.9997708797454834,0.9999458193778992,0.9999237060546875,0.9998710751533508,0.9997385740280151,0.0015459641581401229,0.0004922332591377199,2.09022455237573e-05,0.00487649068236351,0.18814599514007568,-0.09289425611495972,-0.4649013578891754,2.5254392623901367,2.8410720825195312,2.400097370147705,2.468242883682251,2.5269525051116943,1.117153521652932,1.2094579935073853,0.5343604683876038,0.9976690411567688,0.9995492100715637,0.9905977249145508,0.5257145762443542,0.08162086457014084,0.032658886164426804,0.005323394201695919,1.7285661697387695,0.8768483400344849,0.08105411380529404,-0.41734153032302856,36.296791076660156,10.339462280273438,702.47216796875,151.2198486328125,314.5252685546875,50.47432327270508,8.40975284576416,14.695669174194336,1075.6153564453125,1029.1170654296875,339.3165588378906,495.09765625,3.127998113632202,2.948720693588257,3.674898862838745,3.3582847118377686,3.458911657333374,4.40743350982666,3.9659299850463867,4.044855117797852,5.154979705810547,4.6236090660095215,3.8765621185302734,3.88966703414917
497,7.799164295196533,3.57112717628479,2.602553129196167,9.082792282104492,8.554824829101562,7.798892668359499,0.15753743052482605,0.9999657273292542,0.9999988675117493,0.9998504519462585,0.9998496174812317,0.9999927282333374,0.001248769462108612,0.00048823232646100223,1.7288995877606794e-05,0.0030975795816630125,0.179910346865654,-0.09765322506427765,-0.489904522895813,2.210932493209839,1.8767728805541992,1.4934580326080322,1.711999535560608,2.231299877166748,1.4600491412055439,0.8293874859809875,0.7666637897491455,0.9983304142951965,0.999712347984314,0.9958345293998718,0.757771372795105,0.18359218537807465,0.046566858887672424,0.006977276410907507,1.725685477256775,0.5533654689788818,0.05707884952425957,-0.9855158925056458,200.3959503173828,16.37598419189453,502.26971435546875,370.0222473144531,579.9468994140625,64.30936431884766,22.78887367248535,550.3934936523438,1094.6644287109375,385.9229431152344,378.7090148925781,448.2912292480469,3.291395425796509,2.988032817840576,3.7481002807617188,3.419156074523926,3.5227620601654053,4.310790061950684,3.9231255054473877,4.063727855682373,5.155386924743652,4.528318881988525,3.8950798511505127,3.9110991954803467
498,9.80226993560791,3.371168851852417,2.5496463775634766,10.847541809082031,11.467716217041016,9.802000133838487,0.16327297687530518,0.9999718070030212,0.9999375343322754,0.9999191164970398,0.9998469352722168,0.9999942183494568,0.0011688679223880172,0.0004785010532941669,1.4510938854073174e-05,0.0029849654529243708,0.16473352909088135,-0.10166287422180176,-0.4927647113800049,2.3937792778015137,2.619596004486084,2.755150079727173,2.860546112060547,2.3834660053253174,1.1582073910923865,1.0230554342269897,0.6562219858169556,0.8997513651847839,0.8999094367027283,0.8994722366333008,0.6501700282096863,0.10360224545001984,0.033211223781108856,0.004488884937018156,1.0382283926010132,0.8586532473564148,0.051551878452301025,-0.5483961701393127,175.5027618408203,0.00018875957175623626,254.14659118652344,396.8678283691406,785.6358032226562,114.33219146728516,22.538381576538086,1060.2242431640625,342.503662109375,74.7945556640625,322.6546325683594,425.92156982421875,3.427562952041626,2.689244508743286,3.800368547439575,3.5009162425994873,3.556025743484497,4.120075702667236,3.845219850540161,4.057972431182861,5.159430980682373,4.49644136428833,3.865325927734375,3.896285057067871
499,14.684640884399414,3.230679512023926,2.394771099090576,13.634921073913574,28.30626678466797,14.683788689083435,0.1425272673368454,0.9999082088470459,0.9999938011169434,0.9998843669891357,0.9997650980949402,0.9999700784683228,0.0012231848668307066,0.0004992705071344972,1.2396558304317296e-05,0.0009832823416218162,0.1671844720840454,-0.1026109904050827,-0.5065822005271912,2.219538688659668,2.4247353076934814,2.353205442428589,2.7762703895568848,2.2112298011779785,1.1708171436913404,1.0952988862991333,0.7789740562438965,0.9999902248382568,0.9996615052223206,0.9947694540023804,0.7705480456352234,0.1125432476401329,0.03923135623335838,0.00428680470213294,0.6235397458076477,0.7896165251731873,0.20769289135932922,-0.7748699188232422,73.78575897216797,8.566353797912598,123.16097259521484,419.82305908203125,175.27040100097656,800.1641845703125,146.21310424804688,1070.6544189453125,53.36845779418945,204.12660217285156,307.5133361816406,415.8270263671875,3.514110803604126,2.755859136581421,3.839559316635132,3.5162439346313477,3.5779569149017334,4.083375930786133,3.866551399230957,4.0712738037109375,4.894312858581543,4.422736644744873,3.8541982173919678,3.88415265083313
