This is pdfTeX, Version 3.141592653-2.6-1.40.29 (MiKTeX 26.5) (preloaded format=pdflatex 2026.6.22)  23 JUL 2026 22:00
entering extended mode
 restricted \write18 enabled.
 %&-line parsing enabled.
**./activation_clip_report.tex
(activation_clip_report.tex
LaTeX2e <2026-06-01>
L3 programming layer <2026-05-26>
(C:\Users\7430\AppData\Local\Programs\MiKTeX\tex/latex/base\article.cls
Document Class: article 2025/01/22 v1.4n Standard LaTeX document class
(C:\Users\7430\AppData\Local\Programs\MiKTeX\tex/latex/base\size10.clo
File: size10.clo 2025/01/22 v1.4n Standard LaTeX file (size option)
)
\c@part=\count276
\c@section=\count277
\c@subsection=\count278
\c@subsubsection=\count279
\c@paragraph=\count280
\c@subparagraph=\count281
\c@figure=\count282
\c@table=\count283
\abovecaptionskip=\skip49
\belowcaptionskip=\skip50
\bibindent=\dimen150
)
(C:\Users\7430\AppData\Local\Programs\MiKTeX\tex/latex/graphics\graphicx.sty
Package: graphicx 2026-05-17 v1.2e Enhanced LaTeX Graphics (DPC,SPQR)

(C:\Users\7430\AppData\Local\Programs\MiKTeX\tex/latex/graphics\keyval.sty
Package: keyval 2026-05-17 v1.15 key=value parser (DPC)
\KV@toks@=\toks17
)
(C:\Users\7430\AppData\Local\Programs\MiKTeX\tex/latex/graphics\graphics.sty
Package: graphics 2026-05-17 v1.4h Standard LaTeX Graphics (DPC,SPQR)

(C:\Users\7430\AppData\Local\Programs\MiKTeX\tex/latex/graphics\trig.sty
Package: trig 2023/12/02 v1.11 sin cos tan (DPC)
)
(C:\Users\7430\AppData\Local\Programs\MiKTeX\tex/latex/graphics-cfg\graphics.cf
g
File: graphics.cfg 2016/06/04 v1.11 sample graphics configuration
)
Package graphics Info: Driver file: pdftex.def on input line 106.

(C:\Users\7430\AppData\Local\Programs\MiKTeX\tex/latex/graphics-def\pdftex.def
File: pdftex.def 2025/09/29 v1.2d Graphics/color driver for pdftex
))
\Gin@req@height=\dimen151
\Gin@req@width=\dimen152
) (C:\Users\7430\AppData\Local\Programs\MiKTeX\tex/latex/geometry\geometry.sty
Package: geometry 2026/03/07 v6.0 Page Geometry
(C:\Users\7430\AppData\Local\Programs\MiKTeX\tex/generic/iftex\ifvtex.sty
Package: ifvtex 2019/10/25 v1.7 ifvtex legacy package. Use iftex instead.

(C:\Users\7430\AppData\Local\Programs\MiKTeX\tex/generic/iftex\iftex.sty
Package: iftex 2024/12/12 v1.0g TeX engine tests
))
\Gm@cnth=\count284
\Gm@cntv=\count285
\c@Gm@tempcnt=\count286
\Gm@bindingoffset=\dimen153
\Gm@wd@mp=\dimen154
\Gm@odd@mp=\dimen155
\Gm@even@mp=\dimen156
\Gm@layoutwidth=\dimen157
\Gm@layoutheight=\dimen158
\Gm@layouthoffset=\dimen159
\Gm@layoutvoffset=\dimen160
\Gm@dimlist=\toks18

(C:\Users\7430\AppData\Local\Programs\MiKTeX\tex/latex/geometry\geometry.cfg))
(C:\Users\7430\AppData\Local\Programs\MiKTeX\tex/latex/hyperref\hyperref.sty
Package: hyperref 2026-04-24 v7.01q Hypertext links for LaTeX

(C:\Users\7430\AppData\Local\Programs\MiKTeX\tex/latex/kvsetkeys\kvsetkeys.sty
Package: kvsetkeys 2022-10-05 v1.19 Key value parser (HO)
)
(C:\Users\7430\AppData\Local\Programs\MiKTeX\tex/generic/kvdefinekeys\kvdefinek
eys.sty
Package: kvdefinekeys 2019-12-19 v1.6 Define keys (HO)
)
(C:\Users\7430\AppData\Local\Programs\MiKTeX\tex/generic/pdfescape\pdfescape.st
y
Package: pdfescape 2019/12/09 v1.15 Implements pdfTeX's escape features (HO)
 (C:\Users\7430\AppData\Local\Programs\MiKTeX\tex/generic/ltxcmds\ltxcmds.sty
Package: ltxcmds 2023-12-04 v1.26 LaTeX kernel commands for general use (HO)
)
(C:\Users\7430\AppData\Local\Programs\MiKTeX\tex/generic/pdftexcmds\pdftexcmds.
sty
Package: pdftexcmds 2020-06-27 v0.33 Utility functions of pdfTeX for LuaTeX (HO
)

(C:\Users\7430\AppData\Local\Programs\MiKTeX\tex/generic/infwarerr\infwarerr.st
y
Package: infwarerr 2019/12/03 v1.5 Providing info/warning/error messages (HO)
)
Package pdftexcmds Info: \pdf@primitive is available.
Package pdftexcmds Info: \pdf@ifprimitive is available.
Package pdftexcmds Info: \pdfdraftmode found.
)) (C:\Users\7430\AppData\Local\Programs\MiKTeX\tex/latex/hycolor\hycolor.sty
Package: hycolor 2020-01-27 v1.10 Color options for hyperref/bookmark (HO)
) (C:\Users\7430\AppData\Local\Programs\MiKTeX\tex/latex/hyperref\nameref.sty
Package: nameref 2026-01-29 v2.58 Cross-referencing by name of section

(C:\Users\7430\AppData\Local\Programs\MiKTeX\tex/latex/refcount\refcount.sty
Package: refcount 2019/12/15 v3.6 Data extraction from label references (HO)
)
(C:\Users\7430\AppData\Local\Programs\MiKTeX\tex/generic/gettitlestring\gettitl
estring.sty
Package: gettitlestring 2019/12/15 v1.6 Cleanup title references (HO)

(C:\Users\7430\AppData\Local\Programs\MiKTeX\tex/latex/kvoptions\kvoptions.sty
Package: kvoptions 2022-06-15 v3.15 Key value format for package options (HO)
))
\c@section@level=\count287
) (C:\Users\7430\AppData\Local\Programs\MiKTeX\tex/latex/etoolbox\etoolbox.sty
Package: etoolbox 2025/10/02 v2.5m e-TeX tools for LaTeX (JAW)
\etb@tempcnta=\count288
)
(C:\Users\7430\AppData\Local\Programs\MiKTeX\tex/generic/stringenc\stringenc.st
y
Package: stringenc 2019/11/29 v1.12 Convert strings between diff. encodings (HO
)
)
\@linkdim=\dimen161
\Hy@linkcounter=\count289
\Hy@pagecounter=\count290
 (C:\Users\7430\AppData\Local\Programs\MiKTeX\tex/latex/hyperref\pd1enc.def
File: pd1enc.def 2026-04-24 v7.01q Hyperref: PDFDocEncoding definition (HO)
Now handling font encoding PD1 ...
... no UTF-8 mapping file for font encoding PD1
)
(C:\Users\7430\AppData\Local\Programs\MiKTeX\tex/generic/intcalc\intcalc.sty
Package: intcalc 2019/12/15 v1.3 Expandable calculations with integers (HO)
)
\Hy@SavedSpaceFactor=\count291

(C:\Users\7430\AppData\Local\Programs\MiKTeX\tex/latex/hyperref\puenc.def
File: puenc.def 2026-04-24 v7.01q Hyperref: PDF Unicode definition (HO)
Now handling font encoding PU ...
... no UTF-8 mapping file for font encoding PU
)
Package hyperref Info: Hyper figures OFF on input line 4199.
Package hyperref Info: Link nesting OFF on input line 4204.
Package hyperref Info: Hyper index ON on input line 4207.
Package hyperref Info: Plain pages OFF on input line 4214.
Package hyperref Info: Backreferencing OFF on input line 4219.
Package hyperref Info: Implicit mode ON; LaTeX internals redefined.
Package hyperref Info: Bookmarks ON on input line 4466.
\c@Hy@tempcnt=\count292

(C:\Users\7430\AppData\Local\Programs\MiKTeX\tex/latex/url\url.sty
\Urlmuskip=\muskip17
Package: url 2013/09/16  ver 3.4  Verb mode for urls, etc.
)
LaTeX Info: Redefining \url on input line 4805.
\XeTeXLinkMargin=\dimen162

(C:\Users\7430\AppData\Local\Programs\MiKTeX\tex/generic/bitset\bitset.sty
Package: bitset 2019/12/09 v1.3 Handle bit-vector datatype (HO)

(C:\Users\7430\AppData\Local\Programs\MiKTeX\tex/generic/bigintcalc\bigintcalc.
sty
Package: bigintcalc 2019/12/15 v1.5 Expandable calculations on big integers (HO
)
))
\Fld@menulength=\count293
\Field@Width=\dimen163
\Fld@charsize=\dimen164
Package hyperref Info: Hyper figures OFF on input line 6091.
Package hyperref Info: Link nesting OFF on input line 6096.
Package hyperref Info: Hyper index ON on input line 6099.
Package hyperref Info: backreferencing OFF on input line 6106.
Package hyperref Info: Link coloring OFF on input line 6111.
Package hyperref Info: Link coloring with OCG OFF on input line 6116.
Package hyperref Info: PDF/A mode OFF on input line 6121.
\Hy@abspage=\count294
\c@Item=\count295
\c@Hfootnote=\count296
)
Package hyperref Info: Driver (autodetected): hpdftex.

(C:\Users\7430\AppData\Local\Programs\MiKTeX\tex/latex/hyperref\hpdftex.def
File: hpdftex.def 2026-04-24 v7.01q Hyperref driver for pdfTeX
\Fld@listcount=\count297
\c@bookmark@seq@number=\count298

(C:\Users\7430\AppData\Local\Programs\MiKTeX\tex/latex/rerunfilecheck\rerunfile
check.sty
Package: rerunfilecheck 2025-06-21 v1.11 Rerun checks for auxiliary files (HO)

(C:\Users\7430\AppData\Local\Programs\MiKTeX\tex/generic/uniquecounter\uniqueco
unter.sty
Package: uniquecounter 2019/12/15 v1.4 Provide unlimited unique counter (HO)
)
Package uniquecounter Info: New unique counter `rerunfilecheck' on input line 2
84.
)
\Hy@SectionHShift=\skip51
)
(C:\Users\7430\AppData\Local\Programs\MiKTeX\tex/latex/booktabs\booktabs.sty
Package: booktabs 2020/01/12 v1.61803398 Publication quality tables
\heavyrulewidth=\dimen165
\lightrulewidth=\dimen166
\cmidrulewidth=\dimen167
\belowrulesep=\dimen168
\belowbottomsep=\dimen169
\aboverulesep=\dimen170
\abovetopsep=\dimen171
\cmidrulesep=\dimen172
\cmidrulekern=\dimen173
\defaultaddspace=\dimen174
\@cmidla=\count299
\@cmidlb=\count300
\@aboverulesep=\dimen175
\@belowrulesep=\dimen176
\@thisruleclass=\count301
\@lastruleclass=\count302
\@thisrulewidth=\dimen177
)
(C:\Users\7430\AppData\Local\Programs\MiKTeX\tex/latex/caption\subcaption.sty
Package: subcaption 2023/07/28 v1.6b Sub-captions (AR)

(C:\Users\7430\AppData\Local\Programs\MiKTeX\tex/latex/caption\caption.sty
Package: caption 2023/08/05 v3.6o Customizing captions (AR)

(C:\Users\7430\AppData\Local\Programs\MiKTeX\tex/latex/caption\caption3.sty
Package: caption3 2023/07/31 v2.4d caption3 kernel (AR)
\caption@tempdima=\dimen178
\captionmargin=\dimen179
\caption@leftmargin=\dimen180
\caption@rightmargin=\dimen181
\caption@width=\dimen182
\caption@indent=\dimen183
\caption@parindent=\dimen184
\caption@hangindent=\dimen185
Package caption Info: Standard document class detected.
)
\c@caption@flags=\count303
\c@continuedfloat=\count304
Package caption Info: hyperref package is loaded.
)
Package caption Info: New subtype `subfigure' on input line 238.
\c@subfigure=\count305
Package caption Info: New subtype `subtable' on input line 238.
\c@subtable=\count306
)
(C:\Users\7430\AppData\Local\Programs\MiKTeX\tex/latex/amsmath\amsmath.sty
Package: amsmath 2026/05/19 v2.18d AMS math features
\@mathmargin=\skip52

For additional information on amsmath, use the `?' option.
(C:\Users\7430\AppData\Local\Programs\MiKTeX\tex/latex/amsmath\amstext.sty
Package: amstext 2024/11/17 v2.01 AMS text

(C:\Users\7430\AppData\Local\Programs\MiKTeX\tex/latex/amsmath\amsgen.sty
File: amsgen.sty 1999/11/30 v2.0 generic functions
\@emptytoks=\toks19
\ex@=\dimen186
))
(C:\Users\7430\AppData\Local\Programs\MiKTeX\tex/latex/amsmath\amsbsy.sty
Package: amsbsy 1999/11/29 v1.2d Bold Symbols
\pmbraise@=\dimen187
)
(C:\Users\7430\AppData\Local\Programs\MiKTeX\tex/latex/amsmath\amsopn.sty
Package: amsopn 2022/04/08 v2.04 operator names
)
\inf@bad=\count307
LaTeX Info: Redefining \frac on input line 233.
\uproot@=\count308
\leftroot@=\count309
LaTeX Info: Redefining \overline on input line 398.
LaTeX Info: Redefining \colon on input line 409.
\classnum@=\count310
\DOTSCASE@=\count311
LaTeX Info: Redefining \ldots on input line 495.
LaTeX Info: Redefining \dots on input line 498.
LaTeX Info: Redefining \cdots on input line 619.
\Mathstrutbox@=\box53
\strutbox@=\box54
LaTeX Info: Redefining \big on input line 721.
LaTeX Info: Redefining \Big on input line 722.
LaTeX Info: Redefining \bigg on input line 723.
LaTeX Info: Redefining \Bigg on input line 724.
\big@size=\dimen188
LaTeX Font Info:    Redeclaring font encoding OML on input line 742.
LaTeX Font Info:    Redeclaring font encoding OMS on input line 743.
\macc@depth=\count312
LaTeX Info: Redefining \bmod on input line 904.
LaTeX Info: Redefining \pmod on input line 909.
LaTeX Info: Redefining \smash on input line 939.
LaTeX Info: Redefining \relbar on input line 969.
LaTeX Info: Redefining \Relbar on input line 970.
\c@MaxMatrixCols=\count313
\dotsspace@=\muskip18
\c@parentequation=\count314
\dspbrk@lvl=\count315
\tag@help=\toks20
\row@=\count316
\column@=\count317
\maxfields@=\count318
\andhelp@=\toks21
\eqnshift@=\dimen189
\alignsep@=\dimen190
\tagshift@=\dimen191
\tagwidth@=\dimen192
\totwidth@=\dimen193
\lineht@=\dimen194
\@envbody=\toks22
\multlinegap=\skip53
\multlinetaggap=\skip54
\mathdisplay@stack=\toks23
LaTeX Info: Redefining \[ on input line 2965.
LaTeX Info: Redefining \] on input line 2966.
)
(C:\Users\7430\AppData\Local\Programs\MiKTeX\tex/latex/amsfonts\amssymb.sty
Package: amssymb 2013/01/14 v3.01 AMS font symbols

(C:\Users\7430\AppData\Local\Programs\MiKTeX\tex/latex/amsfonts\amsfonts.sty
Package: amsfonts 2013/01/14 v3.01 Basic AMSFonts support
\symAMSa=\mathgroup4
\symAMSb=\mathgroup5
LaTeX Font Info:    Redeclaring math symbol \hbar on input line 98.
LaTeX Font Info:    Overwriting math alphabet `\mathfrak' in version `bold'
(Font)                  U/euf/m/n --> U/euf/b/n on input line 106.
))
Package hyperref Info: Option `colorlinks' set `true' on input line 17.

(C:\Users\7430\AppData\Local\Programs\MiKTeX\tex/latex/l3backend\l3backend-pdft
ex.def
File: l3backend-pdftex.def 2026-02-18 L3 backend support: PDF output (pdfTeX)
\l__color_backend_stack_int=\count319
) (activation_clip_report.aux)
\openout1 = `activation_clip_report.aux'.

LaTeX Font Info:    Checking defaults for OML/cmm/m/it on input line 23.
LaTeX Font Info:    ... okay on input line 23.
LaTeX Font Info:    Checking defaults for OMS/cmsy/m/n on input line 23.
LaTeX Font Info:    ... okay on input line 23.
LaTeX Font Info:    Checking defaults for OT1/cmr/m/n on input line 23.
LaTeX Font Info:    ... okay on input line 23.
LaTeX Font Info:    Checking defaults for T1/cmr/m/n on input line 23.
LaTeX Font Info:    ... okay on input line 23.
LaTeX Font Info:    Checking defaults for TS1/cmr/m/n on input line 23.
LaTeX Font Info:    ... okay on input line 23.
LaTeX Font Info:    Checking defaults for OMX/cmex/m/n on input line 23.
LaTeX Font Info:    ... okay on input line 23.
LaTeX Font Info:    Checking defaults for U/cmr/m/n on input line 23.
LaTeX Font Info:    ... okay on input line 23.
LaTeX Font Info:    Checking defaults for PD1/pdf/m/n on input line 23.
LaTeX Font Info:    ... okay on input line 23.
LaTeX Font Info:    Checking defaults for PU/pdf/m/n on input line 23.
LaTeX Font Info:    ... okay on input line 23.

(C:\Users\7430\AppData\Local\Programs\MiKTeX\tex/context/base/mkii\supp-pdf.mki
i
[Loading MPS to PDF converter (version 2006.09.02).]
\scratchcounter=\count320
\scratchdimen=\dimen195
\scratchbox=\box55
\nofMPsegments=\count321
\nofMParguments=\count322
\everyMPshowfont=\toks24
\MPscratchCnt=\count323
\MPscratchDim=\dimen196
\MPnumerator=\count324
\makeMPintoPDFobject=\count325
\everyMPtoPDFconversion=\toks25
)
(C:\Users\7430\AppData\Local\Programs\MiKTeX\tex/latex/epstopdf-pkg\epstopdf-ba
se.sty
Package: epstopdf-base 2020-01-24 v2.11 Base part for package epstopdf
Package epstopdf-base Info: Redefining graphics rule for `.eps' on input line 4
85.

(C:\Users\7430\AppData\Local\Programs\MiKTeX\tex/latex/00miktex\epstopdf-sys.cf
g
File: epstopdf-sys.cfg 2021/03/18 v2.0 Configuration of epstopdf for MiKTeX
))
*geometry* driver: auto-detecting
*geometry* detected driver: pdftex
*geometry* verbose mode - [ preamble ] result:
* driver: pdftex
* paper: a4paper
* layout: <same size as paper>
* layoutoffset:(h,v)=(0.0pt,0.0pt)
* modes: 
* h-part:(L,W,R)=(46.97505pt, 503.55777pt, 46.97505pt)
* v-part:(T,H,B)=(46.97505pt, 751.09674pt, 46.97505pt)
* \paperwidth=597.50787pt
* \paperheight=845.04684pt
* \textwidth=503.55777pt
* \textheight=751.09674pt
* \oddsidemargin=-25.29494pt
* \evensidemargin=-25.29494pt
* \topmargin=-62.29494pt
* \headheight=12.0pt
* \headsep=25.0pt
* \topskip=10.0pt
* \footskip=30.0pt
* \marginparwidth=65.0pt
* \marginparsep=11.0pt
* \columnsep=10.0pt
* \skip\footins=9.0pt plus 4.0pt minus 2.0pt
* \hoffset=0.0pt
* \voffset=0.0pt
* \mag=1000
* \@twocolumnfalse
* \@twosidefalse
* \@mparswitchfalse
* \@reversemarginfalse
* (1in=72.27pt=25.4mm, 1cm=28.453pt)

(C:\Users\7430\AppData\Local\Programs\MiKTeX\tex/latex/graphics\color.sty
Package: color 2026-05-17 v1.3f Standard LaTeX Color (DPC)

(C:\Users\7430\AppData\Local\Programs\MiKTeX\tex/latex/graphics-cfg\color.cfg
File: color.cfg 2016/01/02 v1.6 sample color configuration
)
Package color Info: Driver file: pdftex.def on input line 149.

(C:\Users\7430\AppData\Local\Programs\MiKTeX\tex/latex/graphics\mathcolor.ltx))
Package hyperref Info: Link coloring ON on input line 23.
(activation_clip_report.out) (activation_clip_report.out)
\@outlinefile=\write3
\openout3 = `activation_clip_report.out'.

Package caption Info: Begin \AtBeginDocument code.
Package caption Info: End \AtBeginDocument code.
 [1

{C:/Users/7430/AppData/Local/MiKTeX/fonts/map/pdftex/pdftex.map}] (activation_c
lip_report.toc
LaTeX Font Info:    Trying to load font information for U+msa on input line 2.

(C:\Users\7430\AppData\Local\Programs\MiKTeX\tex/latex/amsfonts\umsa.fd
File: umsa.fd 2013/01/14 v3.01 AMS symbols A
)
LaTeX Font Info:    Trying to load font information for U+msb on input line 2.

(C:\Users\7430\AppData\Local\Programs\MiKTeX\tex/latex/amsfonts\umsb.fd
File: umsb.fd 2013/01/14 v3.01 AMS symbols B
))
\tf@toc=\write4
\openout4 = `activation_clip_report.toc'.


[2

]
Overfull \hbox (39.54932pt too wide) in paragraph at lines 33--40
\OT1/cmr/m/n/10 All vari-ants be-low share the same MNIST CNN ar-chi-tec-ture (
\OT1/cmtt/m/n/10 Conv2d(1,20,5,1) $\OMS/cmsy/m/n/10 !$ \OT1/cmtt/m/n/10 Conv2d(
20,50,5,1) $\OMS/cmsy/m/n/10 !$ \OT1/cmtt/m/n/10 Linear(800,500)
 []


Overfull \hbox (65.10442pt too wide) in paragraph at lines 33--40
\OT1/cmtt/m/n/10 log[]softmax\OT1/cmr/m/n/10 ). For-ward/backward def-i-ni-tion
s be-low are tran-scribed di-rectly from \OT1/cmtt/m/n/10 byzfl/fed[]framework/
clipped[]activations.py
 []

LaTeX Font Info:    Font shape `OT1/cmtt/bx/n' in size <12> not available
(Font)              Font shape `OT1/cmtt/m/n' tried instead on input line 53.

Package hyperref Warning: Token not allowed in a PDF string (Unicode):
(hyperref)                removing `math shift' on input line 81.


Package hyperref Warning: Token not allowed in a PDF string (Unicode):
(hyperref)                removing `math shift' on input line 81.

[3

] [4]
<../plots/mnist_clipping_heatmaps/cnn_mnist/best_test_mnist_cnn_mnist_gamma_sim
ilarity_niid_NNM_ARC_nb_honest_clients_10_tolerated_f_equal_real.pdf, id=196, 4
62.52798pt x 346.89601pt>
File: ../plots/mnist_clipping_heatmaps/cnn_mnist/best_test_mnist_cnn_mnist_gamm
a_similarity_niid_NNM_ARC_nb_honest_clients_10_tolerated_f_equal_real.pdf Graph
ic file (type pdf)
<use ../plots/mnist_clipping_heatmaps/cnn_mnist/best_test_mnist_cnn_mnist_gamma
_similarity_niid_NNM_ARC_nb_honest_clients_10_tolerated_f_equal_real.pdf>
Package pdftex.def Info: ../plots/mnist_clipping_heatmaps/cnn_mnist/best_test_m
nist_cnn_mnist_gamma_similarity_niid_NNM_ARC_nb_honest_clients_10_tolerated_f_e
qual_real.pdf  used on input line 141.
(pdftex.def)             Requested size: 161.14217pt x 120.85434pt.
<../plots/cnn_tanh_heatmaps/best_test_mnist_cnn_mnist_tanh_gamma_similarity_nii
d_NNM_ARC_nb_honest_clients_10_tolerated_f_equal_real.pdf, id=197, 462.52798pt 
x 346.89601pt>
File: ../plots/cnn_tanh_heatmaps/best_test_mnist_cnn_mnist_tanh_gamma_similarit
y_niid_NNM_ARC_nb_honest_clients_10_tolerated_f_equal_real.pdf Graphic file (ty
pe pdf)
<use ../plots/cnn_tanh_heatmaps/best_test_mnist_cnn_mnist_tanh_gamma_similarity
_niid_NNM_ARC_nb_honest_clients_10_tolerated_f_equal_real.pdf>
Package pdftex.def Info: ../plots/cnn_tanh_heatmaps/best_test_mnist_cnn_mnist_t
anh_gamma_similarity_niid_NNM_ARC_nb_honest_clients_10_tolerated_f_equal_real.p
df  used on input line 148.
(pdftex.def)             Requested size: 161.14217pt x 120.85434pt.
<../plots/cnn_clipped_heatmaps/best_test_mnist_cnn_mnist_gamma_similarity_niid_
NNM_ARC_nb_honest_clients_10_tolerated_f_equal_real.pdf, id=198, 462.52798pt x 
346.89601pt>
File: ../plots/cnn_clipped_heatmaps/best_test_mnist_cnn_mnist_gamma_similarity_
niid_NNM_ARC_nb_honest_clients_10_tolerated_f_equal_real.pdf Graphic file (type
 pdf)
<use ../plots/cnn_clipped_heatmaps/best_test_mnist_cnn_mnist_gamma_similarity_n
iid_NNM_ARC_nb_honest_clients_10_tolerated_f_equal_real.pdf>
Package pdftex.def Info: ../plots/cnn_clipped_heatmaps/best_test_mnist_cnn_mnis
t_gamma_similarity_niid_NNM_ARC_nb_honest_clients_10_tolerated_f_equal_real.pdf
  used on input line 155.
(pdftex.def)             Requested size: 161.14217pt x 120.85434pt.
<../plots/mnist_clipping_heatmaps/cnn_mnist_clipping_1/best_test_mnist_cnn_mnis
t_clipping_1_gamma_similarity_niid_NNM_ARC_nb_honest_clients_10_tolerated_f_equ
al_real.pdf, id=199, 462.52798pt x 346.89601pt>
File: ../plots/mnist_clipping_heatmaps/cnn_mnist_clipping_1/best_test_mnist_cnn
_mnist_clipping_1_gamma_similarity_niid_NNM_ARC_nb_honest_clients_10_tolerated_
f_equal_real.pdf Graphic file (type pdf)
<use ../plots/mnist_clipping_heatmaps/cnn_mnist_clipping_1/best_test_mnist_cnn_
mnist_clipping_1_gamma_similarity_niid_NNM_ARC_nb_honest_clients_10_tolerated_f
_equal_real.pdf>
Package pdftex.def Info: ../plots/mnist_clipping_heatmaps/cnn_mnist_clipping_1/
best_test_mnist_cnn_mnist_clipping_1_gamma_similarity_niid_NNM_ARC_nb_honest_cl
ients_10_tolerated_f_equal_real.pdf  used on input line 162.
(pdftex.def)             Requested size: 161.14217pt x 120.85434pt.
<../plots/mnist_clipping_heatmaps/cnn_mnist_clipping_2/best_test_mnist_cnn_mnis
t_clipping_2_gamma_similarity_niid_NNM_ARC_nb_honest_clients_10_tolerated_f_equ
al_real.pdf, id=200, 462.52798pt x 346.89601pt>
File: ../plots/mnist_clipping_heatmaps/cnn_mnist_clipping_2/best_test_mnist_cnn
_mnist_clipping_2_gamma_similarity_niid_NNM_ARC_nb_honest_clients_10_tolerated_
f_equal_real.pdf Graphic file (type pdf)
<use ../plots/mnist_clipping_heatmaps/cnn_mnist_clipping_2/best_test_mnist_cnn_
mnist_clipping_2_gamma_similarity_niid_NNM_ARC_nb_honest_clients_10_tolerated_f
_equal_real.pdf>
Package pdftex.def Info: ../plots/mnist_clipping_heatmaps/cnn_mnist_clipping_2/
best_test_mnist_cnn_mnist_clipping_2_gamma_similarity_niid_NNM_ARC_nb_honest_cl
ients_10_tolerated_f_equal_real.pdf  used on input line 169.
(pdftex.def)             Requested size: 161.14217pt x 120.85434pt.
<../activation_clip_plots/cnn_mnist_clip_ste_1/best_test_mnist_cnn_mnist_clip_s
te_1_gamma_similarity_niid_NNM_ARC_nb_honest_clients_10_tolerated_f_equal_real.
pdf, id=201, 462.52798pt x 346.89601pt>
File: ../activation_clip_plots/cnn_mnist_clip_ste_1/best_test_mnist_cnn_mnist_c
lip_ste_1_gamma_similarity_niid_NNM_ARC_nb_honest_clients_10_tolerated_f_equal_
real.pdf Graphic file (type pdf)
<use ../activation_clip_plots/cnn_mnist_clip_ste_1/best_test_mnist_cnn_mnist_cl
ip_ste_1_gamma_similarity_niid_NNM_ARC_nb_honest_clients_10_tolerated_f_equal_r
eal.pdf>
Package pdftex.def Info: ../activation_clip_plots/cnn_mnist_clip_ste_1/best_tes
t_mnist_cnn_mnist_clip_ste_1_gamma_similarity_niid_NNM_ARC_nb_honest_clients_10
_tolerated_f_equal_real.pdf  used on input line 176.
(pdftex.def)             Requested size: 161.14217pt x 120.85434pt.
<../activation_clip_plots/cnn_mnist_clip_ste_2/best_test_mnist_cnn_mnist_clip_s
te_2_gamma_similarity_niid_NNM_ARC_nb_honest_clients_10_tolerated_f_equal_real.
pdf, id=202, 462.52798pt x 346.89601pt>
File: ../activation_clip_plots/cnn_mnist_clip_ste_2/best_test_mnist_cnn_mnist_c
lip_ste_2_gamma_similarity_niid_NNM_ARC_nb_honest_clients_10_tolerated_f_equal_
real.pdf Graphic file (type pdf)
<use ../activation_clip_plots/cnn_mnist_clip_ste_2/best_test_mnist_cnn_mnist_cl
ip_ste_2_gamma_similarity_niid_NNM_ARC_nb_honest_clients_10_tolerated_f_equal_r
eal.pdf>
Package pdftex.def Info: ../activation_clip_plots/cnn_mnist_clip_ste_2/best_tes
t_mnist_cnn_mnist_clip_ste_2_gamma_similarity_niid_NNM_ARC_nb_honest_clients_10
_tolerated_f_equal_real.pdf  used on input line 183.
(pdftex.def)             Requested size: 161.14217pt x 120.85434pt.
<../activation_clip_plots/cnn_mnist_clip_ramp_1/best_test_mnist_cnn_mnist_clip_
ramp_1_gamma_similarity_niid_NNM_ARC_nb_honest_clients_10_tolerated_f_equal_rea
l.pdf, id=203, 462.52798pt x 346.89601pt>
File: ../activation_clip_plots/cnn_mnist_clip_ramp_1/best_test_mnist_cnn_mnist_
clip_ramp_1_gamma_similarity_niid_NNM_ARC_nb_honest_clients_10_tolerated_f_equa
l_real.pdf Graphic file (type pdf)
<use ../activation_clip_plots/cnn_mnist_clip_ramp_1/best_test_mnist_cnn_mnist_c
lip_ramp_1_gamma_similarity_niid_NNM_ARC_nb_honest_clients_10_tolerated_f_equal
_real.pdf>
Package pdftex.def Info: ../activation_clip_plots/cnn_mnist_clip_ramp_1/best_te
st_mnist_cnn_mnist_clip_ramp_1_gamma_similarity_niid_NNM_ARC_nb_honest_clients_
10_tolerated_f_equal_real.pdf  used on input line 190.
(pdftex.def)             Requested size: 161.14217pt x 120.85434pt.
<../activation_clip_plots/cnn_mnist_clip_ramp_2/best_test_mnist_cnn_mnist_clip_
ramp_2_gamma_similarity_niid_NNM_ARC_nb_honest_clients_10_tolerated_f_equal_rea
l.pdf, id=204, 462.52798pt x 346.89601pt>
File: ../activation_clip_plots/cnn_mnist_clip_ramp_2/best_test_mnist_cnn_mnist_
clip_ramp_2_gamma_similarity_niid_NNM_ARC_nb_honest_clients_10_tolerated_f_equa
l_real.pdf Graphic file (type pdf)
<use ../activation_clip_plots/cnn_mnist_clip_ramp_2/best_test_mnist_cnn_mnist_c
lip_ramp_2_gamma_similarity_niid_NNM_ARC_nb_honest_clients_10_tolerated_f_equal
_real.pdf>
Package pdftex.def Info: ../activation_clip_plots/cnn_mnist_clip_ramp_2/best_te
st_mnist_cnn_mnist_clip_ramp_2_gamma_similarity_niid_NNM_ARC_nb_honest_clients_
10_tolerated_f_equal_real.pdf  used on input line 197.
(pdftex.def)             Requested size: 161.14217pt x 120.85434pt.
<../activation_clip_plots/cnn_mnist_qclip_080/best_test_mnist_cnn_mnist_gamma_s
imilarity_niid_NNM_ARC_nb_honest_clients_10_tolerated_f_equal_real.pdf, id=205,
 462.52798pt x 346.89601pt>
File: ../activation_clip_plots/cnn_mnist_qclip_080/best_test_mnist_cnn_mnist_ga
mma_similarity_niid_NNM_ARC_nb_honest_clients_10_tolerated_f_equal_real.pdf Gra
phic file (type pdf)
<use ../activation_clip_plots/cnn_mnist_qclip_080/best_test_mnist_cnn_mnist_gam
ma_similarity_niid_NNM_ARC_nb_honest_clients_10_tolerated_f_equal_real.pdf>
Package pdftex.def Info: ../activation_clip_plots/cnn_mnist_qclip_080/best_test
_mnist_cnn_mnist_gamma_similarity_niid_NNM_ARC_nb_honest_clients_10_tolerated_f
_equal_real.pdf  used on input line 204.
(pdftex.def)             Requested size: 161.14217pt x 120.85434pt.
<../results/activation_clip_plots/cnn_mnist_rawqclip_080/best_test_mnist_cnn_mn
ist_gamma_similarity_niid_NNM_ARC_nb_honest_clients_10_tolerated_f_equal_real.p
df, id=206, 462.52798pt x 346.89601pt>
File: ../results/activation_clip_plots/cnn_mnist_rawqclip_080/best_test_mnist_c
nn_mnist_gamma_similarity_niid_NNM_ARC_nb_honest_clients_10_tolerated_f_equal_r
eal.pdf Graphic file (type pdf)
<use ../results/activation_clip_plots/cnn_mnist_rawqclip_080/best_test_mnist_cn
n_mnist_gamma_similarity_niid_NNM_ARC_nb_honest_clients_10_tolerated_f_equal_re
al.pdf>
Package pdftex.def Info: ../results/activation_clip_plots/cnn_mnist_rawqclip_08
0/best_test_mnist_cnn_mnist_gamma_similarity_niid_NNM_ARC_nb_honest_clients_10_
tolerated_f_equal_real.pdf  used on input line 211.
(pdftex.def)             Requested size: 161.14217pt x 120.85434pt.
 [5

] [6 <../plots/mnist_clipping_heatmaps/cnn_mnist/best_test_mnist_cnn_mnist_gamm
a_similarity_niid_NNM_ARC_nb_honest_clients_10_tolerated_f_equal_real.pdf> <../
plots/cnn_tanh_heatmaps/best_test_mnist_cnn_mnist_tanh_gamma_similarity_niid_NN
M_ARC_nb_honest_clients_10_tolerated_f_equal_real.pdf> <../plots/cnn_clipped_he
atmaps/best_test_mnist_cnn_mnist_gamma_similarity_niid_NNM_ARC_nb_honest_client
s_10_tolerated_f_equal_real.pdf> <../plots/mnist_clipping_heatmaps/cnn_mnist_cl
ipping_1/best_test_mnist_cnn_mnist_clipping_1_gamma_similarity_niid_NNM_ARC_nb_
honest_clients_10_tolerated_f_equal_real.pdf> <../plots/mnist_clipping_heatmaps
/cnn_mnist_clipping_2/best_test_mnist_cnn_mnist_clipping_2_gamma_similarity_nii
d_NNM_ARC_nb_honest_clients_10_tolerated_f_equal_real.pdf> <../activation_clip_
plots/cnn_mnist_clip_ste_1/best_test_mnist_cnn_mnist_clip_ste_1_gamma_similarit
y_niid_NNM_ARC_nb_honest_clients_10_tolerated_f_equal_real.pdf> <../activation_
clip_plots/cnn_mnist_clip_ste_2/best_test_mnist_cnn_mnist_clip_ste_2_gamma_simi
larity_niid_NNM_ARC_nb_honest_clients_10_tolerated_f_equal_real.pdf> <../activa
tion_clip_plots/cnn_mnist_clip_ramp_1/best_test_mnist_cnn_mnist_clip_ramp_1_gam
ma_similarity_niid_NNM_ARC_nb_honest_clients_10_tolerated_f_equal_real.pdf> <..
/activation_clip_plots/cnn_mnist_clip_ramp_2/best_test_mnist_cnn_mnist_clip_ram
p_2_gamma_similarity_niid_NNM_ARC_nb_honest_clients_10_tolerated_f_equal_real.p
df> <../activation_clip_plots/cnn_mnist_qclip_080/best_test_mnist_cnn_mnist_gam
ma_similarity_niid_NNM_ARC_nb_honest_clients_10_tolerated_f_equal_real.pdf> <..
/results/activation_clip_plots/cnn_mnist_rawqclip_080/best_test_mnist_cnn_mnist
_gamma_similarity_niid_NNM_ARC_nb_honest_clients_10_tolerated_f_equal_real.pdf>
]
<../plots/mnist_clipping_heatmaps/cnn_mnist/best_test_Optimal_ALittleIsEnough_n
eg1_mnist_cnn_mnist_gamma_similarity_niid_NNM_ARC_nb_honest_clients_10_tolerate
d_f_equal_real.pdf, id=669, 462.52798pt x 346.89601pt>
File: ../plots/mnist_clipping_heatmaps/cnn_mnist/best_test_Optimal_ALittleIsEno
ugh_neg1_mnist_cnn_mnist_gamma_similarity_niid_NNM_ARC_nb_honest_clients_10_tol
erated_f_equal_real.pdf Graphic file (type pdf)
<use ../plots/mnist_clipping_heatmaps/cnn_mnist/best_test_Optimal_ALittleIsEnou
gh_neg1_mnist_cnn_mnist_gamma_similarity_niid_NNM_ARC_nb_honest_clients_10_tole
rated_f_equal_real.pdf>
Package pdftex.def Info: ../plots/mnist_clipping_heatmaps/cnn_mnist/best_test_O
ptimal_ALittleIsEnough_neg1_mnist_cnn_mnist_gamma_similarity_niid_NNM_ARC_nb_ho
nest_clients_10_tolerated_f_equal_real.pdf  used on input line 226.
(pdftex.def)             Requested size: 161.14217pt x 120.85434pt.
<../plots/cnn_tanh_heatmaps/best_test_Optimal_ALittleIsEnough_neg1_mnist_cnn_mn
ist_tanh_gamma_similarity_niid_NNM_ARC_nb_honest_clients_10_tolerated_f_equal_r
eal.pdf, id=670, 462.52798pt x 346.89601pt>
File: ../plots/cnn_tanh_heatmaps/best_test_Optimal_ALittleIsEnough_neg1_mnist_c
nn_mnist_tanh_gamma_similarity_niid_NNM_ARC_nb_honest_clients_10_tolerated_f_eq
ual_real.pdf Graphic file (type pdf)
<use ../plots/cnn_tanh_heatmaps/best_test_Optimal_ALittleIsEnough_neg1_mnist_cn
n_mnist_tanh_gamma_similarity_niid_NNM_ARC_nb_honest_clients_10_tolerated_f_equ
al_real.pdf>
Package pdftex.def Info: ../plots/cnn_tanh_heatmaps/best_test_Optimal_ALittleIs
Enough_neg1_mnist_cnn_mnist_tanh_gamma_similarity_niid_NNM_ARC_nb_honest_client
s_10_tolerated_f_equal_real.pdf  used on input line 233.
(pdftex.def)             Requested size: 161.14217pt x 120.85434pt.
<../plots/cnn_clipped_heatmaps/best_test_Optimal_ALittleIsEnough_neg1_mnist_cnn
_mnist_gamma_similarity_niid_NNM_ARC_nb_honest_clients_10_tolerated_f_equal_rea
l.pdf, id=671, 462.52798pt x 346.89601pt>
File: ../plots/cnn_clipped_heatmaps/best_test_Optimal_ALittleIsEnough_neg1_mnis
t_cnn_mnist_gamma_similarity_niid_NNM_ARC_nb_honest_clients_10_tolerated_f_equa
l_real.pdf Graphic file (type pdf)
<use ../plots/cnn_clipped_heatmaps/best_test_Optimal_ALittleIsEnough_neg1_mnist
_cnn_mnist_gamma_similarity_niid_NNM_ARC_nb_honest_clients_10_tolerated_f_equal
_real.pdf>
Package pdftex.def Info: ../plots/cnn_clipped_heatmaps/best_test_Optimal_ALittl
eIsEnough_neg1_mnist_cnn_mnist_gamma_similarity_niid_NNM_ARC_nb_honest_clients_
10_tolerated_f_equal_real.pdf  used on input line 240.
(pdftex.def)             Requested size: 161.14217pt x 120.85434pt.
<../plots/mnist_clipping_heatmaps/cnn_mnist_clipping_1/best_test_Optimal_ALittl
eIsEnough_neg1_mnist_cnn_mnist_clipping_1_gamma_similarity_niid_NNM_ARC_nb_hone
st_clients_10_tolerated_f_equal_real.pdf, id=672, 462.52798pt x 346.89601pt>
File: ../plots/mnist_clipping_heatmaps/cnn_mnist_clipping_1/best_test_Optimal_A
LittleIsEnough_neg1_mnist_cnn_mnist_clipping_1_gamma_similarity_niid_NNM_ARC_nb
_honest_clients_10_tolerated_f_equal_real.pdf Graphic file (type pdf)
<use ../plots/mnist_clipping_heatmaps/cnn_mnist_clipping_1/best_test_Optimal_AL
ittleIsEnough_neg1_mnist_cnn_mnist_clipping_1_gamma_similarity_niid_NNM_ARC_nb_
honest_clients_10_tolerated_f_equal_real.pdf>
Package pdftex.def Info: ../plots/mnist_clipping_heatmaps/cnn_mnist_clipping_1/
best_test_Optimal_ALittleIsEnough_neg1_mnist_cnn_mnist_clipping_1_gamma_similar
ity_niid_NNM_ARC_nb_honest_clients_10_tolerated_f_equal_real.pdf  used on input
 line 247.
(pdftex.def)             Requested size: 161.14217pt x 120.85434pt.
<../plots/mnist_clipping_heatmaps/cnn_mnist_clipping_2/best_test_Optimal_ALittl
eIsEnough_neg1_mnist_cnn_mnist_clipping_2_gamma_similarity_niid_NNM_ARC_nb_hone
st_clients_10_tolerated_f_equal_real.pdf, id=673, 462.52798pt x 346.89601pt>
File: ../plots/mnist_clipping_heatmaps/cnn_mnist_clipping_2/best_test_Optimal_A
LittleIsEnough_neg1_mnist_cnn_mnist_clipping_2_gamma_similarity_niid_NNM_ARC_nb
_honest_clients_10_tolerated_f_equal_real.pdf Graphic file (type pdf)
<use ../plots/mnist_clipping_heatmaps/cnn_mnist_clipping_2/best_test_Optimal_AL
ittleIsEnough_neg1_mnist_cnn_mnist_clipping_2_gamma_similarity_niid_NNM_ARC_nb_
honest_clients_10_tolerated_f_equal_real.pdf>
Package pdftex.def Info: ../plots/mnist_clipping_heatmaps/cnn_mnist_clipping_2/
best_test_Optimal_ALittleIsEnough_neg1_mnist_cnn_mnist_clipping_2_gamma_similar
ity_niid_NNM_ARC_nb_honest_clients_10_tolerated_f_equal_real.pdf  used on input
 line 254.
(pdftex.def)             Requested size: 161.14217pt x 120.85434pt.
<../activation_clip_plots/cnn_mnist_clip_ste_1/best_test_Optimal_ALittleIsEnoug
h_neg1_mnist_cnn_mnist_clip_ste_1_gamma_similarity_niid_NNM_ARC_nb_honest_clien
ts_10_tolerated_f_equal_real.pdf, id=674, 462.52798pt x 346.89601pt>
File: ../activation_clip_plots/cnn_mnist_clip_ste_1/best_test_Optimal_ALittleIs
Enough_neg1_mnist_cnn_mnist_clip_ste_1_gamma_similarity_niid_NNM_ARC_nb_honest_
clients_10_tolerated_f_equal_real.pdf Graphic file (type pdf)
<use ../activation_clip_plots/cnn_mnist_clip_ste_1/best_test_Optimal_ALittleIsE
nough_neg1_mnist_cnn_mnist_clip_ste_1_gamma_similarity_niid_NNM_ARC_nb_honest_c
lients_10_tolerated_f_equal_real.pdf>
Package pdftex.def Info: ../activation_clip_plots/cnn_mnist_clip_ste_1/best_tes
t_Optimal_ALittleIsEnough_neg1_mnist_cnn_mnist_clip_ste_1_gamma_similarity_niid
_NNM_ARC_nb_honest_clients_10_tolerated_f_equal_real.pdf  used on input line 26
1.
(pdftex.def)             Requested size: 161.14217pt x 120.85434pt.
<../activation_clip_plots/cnn_mnist_clip_ste_2/best_test_Optimal_ALittleIsEnoug
h_neg1_mnist_cnn_mnist_clip_ste_2_gamma_similarity_niid_NNM_ARC_nb_honest_clien
ts_10_tolerated_f_equal_real.pdf, id=675, 462.52798pt x 346.89601pt>
File: ../activation_clip_plots/cnn_mnist_clip_ste_2/best_test_Optimal_ALittleIs
Enough_neg1_mnist_cnn_mnist_clip_ste_2_gamma_similarity_niid_NNM_ARC_nb_honest_
clients_10_tolerated_f_equal_real.pdf Graphic file (type pdf)
<use ../activation_clip_plots/cnn_mnist_clip_ste_2/best_test_Optimal_ALittleIsE
nough_neg1_mnist_cnn_mnist_clip_ste_2_gamma_similarity_niid_NNM_ARC_nb_honest_c
lients_10_tolerated_f_equal_real.pdf>
Package pdftex.def Info: ../activation_clip_plots/cnn_mnist_clip_ste_2/best_tes
t_Optimal_ALittleIsEnough_neg1_mnist_cnn_mnist_clip_ste_2_gamma_similarity_niid
_NNM_ARC_nb_honest_clients_10_tolerated_f_equal_real.pdf  used on input line 26
8.
(pdftex.def)             Requested size: 161.14217pt x 120.85434pt.
<../activation_clip_plots/cnn_mnist_clip_ramp_1/best_test_Optimal_ALittleIsEnou
gh_neg1_mnist_cnn_mnist_clip_ramp_1_gamma_similarity_niid_NNM_ARC_nb_honest_cli
ents_10_tolerated_f_equal_real.pdf, id=676, 462.52798pt x 346.89601pt>
File: ../activation_clip_plots/cnn_mnist_clip_ramp_1/best_test_Optimal_ALittleI
sEnough_neg1_mnist_cnn_mnist_clip_ramp_1_gamma_similarity_niid_NNM_ARC_nb_hones
t_clients_10_tolerated_f_equal_real.pdf Graphic file (type pdf)
<use ../activation_clip_plots/cnn_mnist_clip_ramp_1/best_test_Optimal_ALittleIs
Enough_neg1_mnist_cnn_mnist_clip_ramp_1_gamma_similarity_niid_NNM_ARC_nb_honest
_clients_10_tolerated_f_equal_real.pdf>
Package pdftex.def Info: ../activation_clip_plots/cnn_mnist_clip_ramp_1/best_te
st_Optimal_ALittleIsEnough_neg1_mnist_cnn_mnist_clip_ramp_1_gamma_similarity_ni
id_NNM_ARC_nb_honest_clients_10_tolerated_f_equal_real.pdf  used on input line 
275.
(pdftex.def)             Requested size: 161.14217pt x 120.85434pt.
<../activation_clip_plots/cnn_mnist_clip_ramp_2/best_test_Optimal_ALittleIsEnou
gh_neg1_mnist_cnn_mnist_clip_ramp_2_gamma_similarity_niid_NNM_ARC_nb_honest_cli
ents_10_tolerated_f_equal_real.pdf, id=677, 462.52798pt x 346.89601pt>
File: ../activation_clip_plots/cnn_mnist_clip_ramp_2/best_test_Optimal_ALittleI
sEnough_neg1_mnist_cnn_mnist_clip_ramp_2_gamma_similarity_niid_NNM_ARC_nb_hones
t_clients_10_tolerated_f_equal_real.pdf Graphic file (type pdf)
<use ../activation_clip_plots/cnn_mnist_clip_ramp_2/best_test_Optimal_ALittleIs
Enough_neg1_mnist_cnn_mnist_clip_ramp_2_gamma_similarity_niid_NNM_ARC_nb_honest
_clients_10_tolerated_f_equal_real.pdf>
Package pdftex.def Info: ../activation_clip_plots/cnn_mnist_clip_ramp_2/best_te
st_Optimal_ALittleIsEnough_neg1_mnist_cnn_mnist_clip_ramp_2_gamma_similarity_ni
id_NNM_ARC_nb_honest_clients_10_tolerated_f_equal_real.pdf  used on input line 
282.
(pdftex.def)             Requested size: 161.14217pt x 120.85434pt.
<../activation_clip_plots/cnn_mnist_qclip_080/best_test_Optimal_ALittleIsEnough
_neg1_mnist_cnn_mnist_gamma_similarity_niid_NNM_ARC_nb_honest_clients_10_tolera
ted_f_equal_real.pdf, id=678, 462.52798pt x 346.89601pt>
File: ../activation_clip_plots/cnn_mnist_qclip_080/best_test_Optimal_ALittleIsE
nough_neg1_mnist_cnn_mnist_gamma_similarity_niid_NNM_ARC_nb_honest_clients_10_t
olerated_f_equal_real.pdf Graphic file (type pdf)
<use ../activation_clip_plots/cnn_mnist_qclip_080/best_test_Optimal_ALittleIsEn
ough_neg1_mnist_cnn_mnist_gamma_similarity_niid_NNM_ARC_nb_honest_clients_10_to
lerated_f_equal_real.pdf>
Package pdftex.def Info: ../activation_clip_plots/cnn_mnist_qclip_080/best_test
_Optimal_ALittleIsEnough_neg1_mnist_cnn_mnist_gamma_similarity_niid_NNM_ARC_nb_
honest_clients_10_tolerated_f_equal_real.pdf  used on input line 289.
(pdftex.def)             Requested size: 161.14217pt x 120.85434pt.
<../results/activation_clip_plots/cnn_mnist_rawqclip_080/best_test_Optimal_ALit
tleIsEnough_neg1_mnist_cnn_mnist_gamma_similarity_niid_NNM_ARC_nb_honest_client
s_10_tolerated_f_equal_real.pdf, id=679, 462.52798pt x 346.89601pt>
File: ../results/activation_clip_plots/cnn_mnist_rawqclip_080/best_test_Optimal
_ALittleIsEnough_neg1_mnist_cnn_mnist_gamma_similarity_niid_NNM_ARC_nb_honest_c
lients_10_tolerated_f_equal_real.pdf Graphic file (type pdf)
<use ../results/activation_clip_plots/cnn_mnist_rawqclip_080/best_test_Optimal_
ALittleIsEnough_neg1_mnist_cnn_mnist_gamma_similarity_niid_NNM_ARC_nb_honest_cl
ients_10_tolerated_f_equal_real.pdf>
Package pdftex.def Info: ../results/activation_clip_plots/cnn_mnist_rawqclip_08
0/best_test_Optimal_ALittleIsEnough_neg1_mnist_cnn_mnist_gamma_similarity_niid_
NNM_ARC_nb_honest_clients_10_tolerated_f_equal_real.pdf  used on input line 296
.
(pdftex.def)             Requested size: 161.14217pt x 120.85434pt.
 [7

] [8 <../plots/mnist_clipping_heatmaps/cnn_mnist/best_test_Optimal_ALittleIsEno
ugh_neg1_mnist_cnn_mnist_gamma_similarity_niid_NNM_ARC_nb_honest_clients_10_tol
erated_f_equal_real.pdf> <../plots/cnn_tanh_heatmaps/best_test_Optimal_ALittleI
sEnough_neg1_mnist_cnn_mnist_tanh_gamma_similarity_niid_NNM_ARC_nb_honest_clien
ts_10_tolerated_f_equal_real.pdf> <../plots/cnn_clipped_heatmaps/best_test_Opti
mal_ALittleIsEnough_neg1_mnist_cnn_mnist_gamma_similarity_niid_NNM_ARC_nb_hones
t_clients_10_tolerated_f_equal_real.pdf> <../plots/mnist_clipping_heatmaps/cnn_
mnist_clipping_1/best_test_Optimal_ALittleIsEnough_neg1_mnist_cnn_mnist_clippin
g_1_gamma_similarity_niid_NNM_ARC_nb_honest_clients_10_tolerated_f_equal_real.p
df> <../plots/mnist_clipping_heatmaps/cnn_mnist_clipping_2/best_test_Optimal_AL
ittleIsEnough_neg1_mnist_cnn_mnist_clipping_2_gamma_similarity_niid_NNM_ARC_nb_
honest_clients_10_tolerated_f_equal_real.pdf> <../activation_clip_plots/cnn_mni
st_clip_ste_1/best_test_Optimal_ALittleIsEnough_neg1_mnist_cnn_mnist_clip_ste_1
_gamma_similarity_niid_NNM_ARC_nb_honest_clients_10_tolerated_f_equal_real.pdf>
 <../activation_clip_plots/cnn_mnist_clip_ste_2/best_test_Optimal_ALittleIsEnou
gh_neg1_mnist_cnn_mnist_clip_ste_2_gamma_similarity_niid_NNM_ARC_nb_honest_clie
nts_10_tolerated_f_equal_real.pdf> <../activation_clip_plots/cnn_mnist_clip_ram
p_1/best_test_Optimal_ALittleIsEnough_neg1_mnist_cnn_mnist_clip_ramp_1_gamma_si
milarity_niid_NNM_ARC_nb_honest_clients_10_tolerated_f_equal_real.pdf> <../acti
vation_clip_plots/cnn_mnist_clip_ramp_2/best_test_Optimal_ALittleIsEnough_neg1_
mnist_cnn_mnist_clip_ramp_2_gamma_similarity_niid_NNM_ARC_nb_honest_clients_10_
tolerated_f_equal_real.pdf> <../activation_clip_plots/cnn_mnist_qclip_080/best_
test_Optimal_ALittleIsEnough_neg1_mnist_cnn_mnist_gamma_similarity_niid_NNM_ARC
_nb_honest_clients_10_tolerated_f_equal_real.pdf> <../results/activation_clip_p
lots/cnn_mnist_rawqclip_080/best_test_Optimal_ALittleIsEnough_neg1_mnist_cnn_mn
ist_gamma_similarity_niid_NNM_ARC_nb_honest_clients_10_tolerated_f_equal_real.p
df>]
<../plots/mnist_clipping_heatmaps/cnn_mnist/best_test_SignFlipping_mnist_cnn_mn
ist_gamma_similarity_niid_NNM_ARC_nb_honest_clients_10_tolerated_f_equal_real.p
df, id=1240, 462.52798pt x 346.89601pt>
File: ../plots/mnist_clipping_heatmaps/cnn_mnist/best_test_SignFlipping_mnist_c
nn_mnist_gamma_similarity_niid_NNM_ARC_nb_honest_clients_10_tolerated_f_equal_r
eal.pdf Graphic file (type pdf)
<use ../plots/mnist_clipping_heatmaps/cnn_mnist/best_test_SignFlipping_mnist_cn
n_mnist_gamma_similarity_niid_NNM_ARC_nb_honest_clients_10_tolerated_f_equal_re
al.pdf>
Package pdftex.def Info: ../plots/mnist_clipping_heatmaps/cnn_mnist/best_test_S
ignFlipping_mnist_cnn_mnist_gamma_similarity_niid_NNM_ARC_nb_honest_clients_10_
tolerated_f_equal_real.pdf  used on input line 309.
(pdftex.def)             Requested size: 161.14217pt x 120.85434pt.
<../plots/cnn_tanh_heatmaps/best_test_SignFlipping_mnist_cnn_mnist_tanh_gamma_s
imilarity_niid_NNM_ARC_nb_honest_clients_10_tolerated_f_equal_real.pdf, id=1241
, 462.52798pt x 346.89601pt>
File: ../plots/cnn_tanh_heatmaps/best_test_SignFlipping_mnist_cnn_mnist_tanh_ga
mma_similarity_niid_NNM_ARC_nb_honest_clients_10_tolerated_f_equal_real.pdf Gra
phic file (type pdf)
<use ../plots/cnn_tanh_heatmaps/best_test_SignFlipping_mnist_cnn_mnist_tanh_gam
ma_similarity_niid_NNM_ARC_nb_honest_clients_10_tolerated_f_equal_real.pdf>
Package pdftex.def Info: ../plots/cnn_tanh_heatmaps/best_test_SignFlipping_mnis
t_cnn_mnist_tanh_gamma_similarity_niid_NNM_ARC_nb_honest_clients_10_tolerated_f
_equal_real.pdf  used on input line 316.
(pdftex.def)             Requested size: 161.14217pt x 120.85434pt.
<../plots/cnn_clipped_heatmaps/best_test_SignFlipping_mnist_cnn_mnist_gamma_sim
ilarity_niid_NNM_ARC_nb_honest_clients_10_tolerated_f_equal_real.pdf, id=1242, 
462.52798pt x 346.89601pt>
File: ../plots/cnn_clipped_heatmaps/best_test_SignFlipping_mnist_cnn_mnist_gamm
a_similarity_niid_NNM_ARC_nb_honest_clients_10_tolerated_f_equal_real.pdf Graph
ic file (type pdf)
<use ../plots/cnn_clipped_heatmaps/best_test_SignFlipping_mnist_cnn_mnist_gamma
_similarity_niid_NNM_ARC_nb_honest_clients_10_tolerated_f_equal_real.pdf>
Package pdftex.def Info: ../plots/cnn_clipped_heatmaps/best_test_SignFlipping_m
nist_cnn_mnist_gamma_similarity_niid_NNM_ARC_nb_honest_clients_10_tolerated_f_e
qual_real.pdf  used on input line 323.
(pdftex.def)             Requested size: 161.14217pt x 120.85434pt.
<../plots/mnist_clipping_heatmaps/cnn_mnist_clipping_1/best_test_SignFlipping_m
nist_cnn_mnist_clipping_1_gamma_similarity_niid_NNM_ARC_nb_honest_clients_10_to
lerated_f_equal_real.pdf, id=1243, 462.52798pt x 346.89601pt>
File: ../plots/mnist_clipping_heatmaps/cnn_mnist_clipping_1/best_test_SignFlipp
ing_mnist_cnn_mnist_clipping_1_gamma_similarity_niid_NNM_ARC_nb_honest_clients_
10_tolerated_f_equal_real.pdf Graphic file (type pdf)
<use ../plots/mnist_clipping_heatmaps/cnn_mnist_clipping_1/best_test_SignFlippi
ng_mnist_cnn_mnist_clipping_1_gamma_similarity_niid_NNM_ARC_nb_honest_clients_1
0_tolerated_f_equal_real.pdf>
Package pdftex.def Info: ../plots/mnist_clipping_heatmaps/cnn_mnist_clipping_1/
best_test_SignFlipping_mnist_cnn_mnist_clipping_1_gamma_similarity_niid_NNM_ARC
_nb_honest_clients_10_tolerated_f_equal_real.pdf  used on input line 330.
(pdftex.def)             Requested size: 161.14217pt x 120.85434pt.
<../plots/mnist_clipping_heatmaps/cnn_mnist_clipping_2/best_test_SignFlipping_m
nist_cnn_mnist_clipping_2_gamma_similarity_niid_NNM_ARC_nb_honest_clients_10_to
lerated_f_equal_real.pdf, id=1244, 462.52798pt x 346.89601pt>
File: ../plots/mnist_clipping_heatmaps/cnn_mnist_clipping_2/best_test_SignFlipp
ing_mnist_cnn_mnist_clipping_2_gamma_similarity_niid_NNM_ARC_nb_honest_clients_
10_tolerated_f_equal_real.pdf Graphic file (type pdf)
<use ../plots/mnist_clipping_heatmaps/cnn_mnist_clipping_2/best_test_SignFlippi
ng_mnist_cnn_mnist_clipping_2_gamma_similarity_niid_NNM_ARC_nb_honest_clients_1
0_tolerated_f_equal_real.pdf>
Package pdftex.def Info: ../plots/mnist_clipping_heatmaps/cnn_mnist_clipping_2/
best_test_SignFlipping_mnist_cnn_mnist_clipping_2_gamma_similarity_niid_NNM_ARC
_nb_honest_clients_10_tolerated_f_equal_real.pdf  used on input line 337.
(pdftex.def)             Requested size: 161.14217pt x 120.85434pt.
<../activation_clip_plots/cnn_mnist_clip_ste_1/best_test_SignFlipping_mnist_cnn
_mnist_clip_ste_1_gamma_similarity_niid_NNM_ARC_nb_honest_clients_10_tolerated_
f_equal_real.pdf, id=1245, 462.52798pt x 346.89601pt>
File: ../activation_clip_plots/cnn_mnist_clip_ste_1/best_test_SignFlipping_mnis
t_cnn_mnist_clip_ste_1_gamma_similarity_niid_NNM_ARC_nb_honest_clients_10_toler
ated_f_equal_real.pdf Graphic file (type pdf)
<use ../activation_clip_plots/cnn_mnist_clip_ste_1/best_test_SignFlipping_mnist
_cnn_mnist_clip_ste_1_gamma_similarity_niid_NNM_ARC_nb_honest_clients_10_tolera
ted_f_equal_real.pdf>
Package pdftex.def Info: ../activation_clip_plots/cnn_mnist_clip_ste_1/best_tes
t_SignFlipping_mnist_cnn_mnist_clip_ste_1_gamma_similarity_niid_NNM_ARC_nb_hone
st_clients_10_tolerated_f_equal_real.pdf  used on input line 344.
(pdftex.def)             Requested size: 161.14217pt x 120.85434pt.
<../activation_clip_plots/cnn_mnist_clip_ste_2/best_test_SignFlipping_mnist_cnn
_mnist_clip_ste_2_gamma_similarity_niid_NNM_ARC_nb_honest_clients_10_tolerated_
f_equal_real.pdf, id=1246, 462.52798pt x 346.89601pt>
File: ../activation_clip_plots/cnn_mnist_clip_ste_2/best_test_SignFlipping_mnis
t_cnn_mnist_clip_ste_2_gamma_similarity_niid_NNM_ARC_nb_honest_clients_10_toler
ated_f_equal_real.pdf Graphic file (type pdf)
<use ../activation_clip_plots/cnn_mnist_clip_ste_2/best_test_SignFlipping_mnist
_cnn_mnist_clip_ste_2_gamma_similarity_niid_NNM_ARC_nb_honest_clients_10_tolera
ted_f_equal_real.pdf>
Package pdftex.def Info: ../activation_clip_plots/cnn_mnist_clip_ste_2/best_tes
t_SignFlipping_mnist_cnn_mnist_clip_ste_2_gamma_similarity_niid_NNM_ARC_nb_hone
st_clients_10_tolerated_f_equal_real.pdf  used on input line 351.
(pdftex.def)             Requested size: 161.14217pt x 120.85434pt.
<../activation_clip_plots/cnn_mnist_clip_ramp_1/best_test_SignFlipping_mnist_cn
n_mnist_clip_ramp_1_gamma_similarity_niid_NNM_ARC_nb_honest_clients_10_tolerate
d_f_equal_real.pdf, id=1247, 462.52798pt x 346.89601pt>
File: ../activation_clip_plots/cnn_mnist_clip_ramp_1/best_test_SignFlipping_mni
st_cnn_mnist_clip_ramp_1_gamma_similarity_niid_NNM_ARC_nb_honest_clients_10_tol
erated_f_equal_real.pdf Graphic file (type pdf)
<use ../activation_clip_plots/cnn_mnist_clip_ramp_1/best_test_SignFlipping_mnis
t_cnn_mnist_clip_ramp_1_gamma_similarity_niid_NNM_ARC_nb_honest_clients_10_tole
rated_f_equal_real.pdf>
Package pdftex.def Info: ../activation_clip_plots/cnn_mnist_clip_ramp_1/best_te
st_SignFlipping_mnist_cnn_mnist_clip_ramp_1_gamma_similarity_niid_NNM_ARC_nb_ho
nest_clients_10_tolerated_f_equal_real.pdf  used on input line 358.
(pdftex.def)             Requested size: 161.14217pt x 120.85434pt.
<../activation_clip_plots/cnn_mnist_clip_ramp_2/best_test_SignFlipping_mnist_cn
n_mnist_clip_ramp_2_gamma_similarity_niid_NNM_ARC_nb_honest_clients_10_tolerate
d_f_equal_real.pdf, id=1248, 462.52798pt x 346.89601pt>
File: ../activation_clip_plots/cnn_mnist_clip_ramp_2/best_test_SignFlipping_mni
st_cnn_mnist_clip_ramp_2_gamma_similarity_niid_NNM_ARC_nb_honest_clients_10_tol
erated_f_equal_real.pdf Graphic file (type pdf)
<use ../activation_clip_plots/cnn_mnist_clip_ramp_2/best_test_SignFlipping_mnis
t_cnn_mnist_clip_ramp_2_gamma_similarity_niid_NNM_ARC_nb_honest_clients_10_tole
rated_f_equal_real.pdf>
Package pdftex.def Info: ../activation_clip_plots/cnn_mnist_clip_ramp_2/best_te
st_SignFlipping_mnist_cnn_mnist_clip_ramp_2_gamma_similarity_niid_NNM_ARC_nb_ho
nest_clients_10_tolerated_f_equal_real.pdf  used on input line 365.
(pdftex.def)             Requested size: 161.14217pt x 120.85434pt.
<../activation_clip_plots/cnn_mnist_qclip_080/best_test_SignFlipping_mnist_cnn_
mnist_gamma_similarity_niid_NNM_ARC_nb_honest_clients_10_tolerated_f_equal_real
.pdf, id=1249, 462.52798pt x 346.89601pt>
File: ../activation_clip_plots/cnn_mnist_qclip_080/best_test_SignFlipping_mnist
_cnn_mnist_gamma_similarity_niid_NNM_ARC_nb_honest_clients_10_tolerated_f_equal
_real.pdf Graphic file (type pdf)
<use ../activation_clip_plots/cnn_mnist_qclip_080/best_test_SignFlipping_mnist_
cnn_mnist_gamma_similarity_niid_NNM_ARC_nb_honest_clients_10_tolerated_f_equal_
real.pdf>
Package pdftex.def Info: ../activation_clip_plots/cnn_mnist_qclip_080/best_test
_SignFlipping_mnist_cnn_mnist_gamma_similarity_niid_NNM_ARC_nb_honest_clients_1
0_tolerated_f_equal_real.pdf  used on input line 372.
(pdftex.def)             Requested size: 161.14217pt x 120.85434pt.
<../results/activation_clip_plots/cnn_mnist_rawqclip_080/best_test_SignFlipping
_mnist_cnn_mnist_gamma_similarity_niid_NNM_ARC_nb_honest_clients_10_tolerated_f
_equal_real.pdf, id=1250, 462.52798pt x 346.89601pt>
File: ../results/activation_clip_plots/cnn_mnist_rawqclip_080/best_test_SignFli
pping_mnist_cnn_mnist_gamma_similarity_niid_NNM_ARC_nb_honest_clients_10_tolera
ted_f_equal_real.pdf Graphic file (type pdf)
<use ../results/activation_clip_plots/cnn_mnist_rawqclip_080/best_test_SignFlip
ping_mnist_cnn_mnist_gamma_similarity_niid_NNM_ARC_nb_honest_clients_10_tolerat
ed_f_equal_real.pdf>
Package pdftex.def Info: ../results/activation_clip_plots/cnn_mnist_rawqclip_08
0/best_test_SignFlipping_mnist_cnn_mnist_gamma_similarity_niid_NNM_ARC_nb_hones
t_clients_10_tolerated_f_equal_real.pdf  used on input line 379.
(pdftex.def)             Requested size: 161.14217pt x 120.85434pt.
 [9

] [10 <../plots/mnist_clipping_heatmaps/cnn_mnist/best_test_SignFlipping_mnist_
cnn_mnist_gamma_similarity_niid_NNM_ARC_nb_honest_clients_10_tolerated_f_equal_
real.pdf> <../plots/cnn_tanh_heatmaps/best_test_SignFlipping_mnist_cnn_mnist_ta
nh_gamma_similarity_niid_NNM_ARC_nb_honest_clients_10_tolerated_f_equal_real.pd
f> <../plots/cnn_clipped_heatmaps/best_test_SignFlipping_mnist_cnn_mnist_gamma_
similarity_niid_NNM_ARC_nb_honest_clients_10_tolerated_f_equal_real.pdf> <../pl
ots/mnist_clipping_heatmaps/cnn_mnist_clipping_1/best_test_SignFlipping_mnist_c
nn_mnist_clipping_1_gamma_similarity_niid_NNM_ARC_nb_honest_clients_10_tolerate
d_f_equal_real.pdf> <../plots/mnist_clipping_heatmaps/cnn_mnist_clipping_2/best
_test_SignFlipping_mnist_cnn_mnist_clipping_2_gamma_similarity_niid_NNM_ARC_nb_
honest_clients_10_tolerated_f_equal_real.pdf> <../activation_clip_plots/cnn_mni
st_clip_ste_1/best_test_SignFlipping_mnist_cnn_mnist_clip_ste_1_gamma_similarit
y_niid_NNM_ARC_nb_honest_clients_10_tolerated_f_equal_real.pdf> <../activation_
clip_plots/cnn_mnist_clip_ste_2/best_test_SignFlipping_mnist_cnn_mnist_clip_ste
_2_gamma_similarity_niid_NNM_ARC_nb_honest_clients_10_tolerated_f_equal_real.pd
f> <../activation_clip_plots/cnn_mnist_clip_ramp_1/best_test_SignFlipping_mnist
_cnn_mnist_clip_ramp_1_gamma_similarity_niid_NNM_ARC_nb_honest_clients_10_toler
ated_f_equal_real.pdf> <../activation_clip_plots/cnn_mnist_clip_ramp_2/best_tes
t_SignFlipping_mnist_cnn_mnist_clip_ramp_2_gamma_similarity_niid_NNM_ARC_nb_hon
est_clients_10_tolerated_f_equal_real.pdf> <../activation_clip_plots/cnn_mnist_
qclip_080/best_test_SignFlipping_mnist_cnn_mnist_gamma_similarity_niid_NNM_ARC_
nb_honest_clients_10_tolerated_f_equal_real.pdf> <../results/activation_clip_pl
ots/cnn_mnist_rawqclip_080/best_test_SignFlipping_mnist_cnn_mnist_gamma_similar
ity_niid_NNM_ARC_nb_honest_clients_10_tolerated_f_equal_real.pdf>]
<../plots/mnist_clipping_heatmaps/cnn_mnist/best_test_Optimal_InnerProductManip
ulation_mnist_cnn_mnist_gamma_similarity_niid_NNM_ARC_nb_honest_clients_10_tole
rated_f_equal_real.pdf, id=1776, 462.52798pt x 346.89601pt>
File: ../plots/mnist_clipping_heatmaps/cnn_mnist/best_test_Optimal_InnerProduct
Manipulation_mnist_cnn_mnist_gamma_similarity_niid_NNM_ARC_nb_honest_clients_10
_tolerated_f_equal_real.pdf Graphic file (type pdf)
<use ../plots/mnist_clipping_heatmaps/cnn_mnist/best_test_Optimal_InnerProductM
anipulation_mnist_cnn_mnist_gamma_similarity_niid_NNM_ARC_nb_honest_clients_10_
tolerated_f_equal_real.pdf>
Package pdftex.def Info: ../plots/mnist_clipping_heatmaps/cnn_mnist/best_test_O
ptimal_InnerProductManipulation_mnist_cnn_mnist_gamma_similarity_niid_NNM_ARC_n
b_honest_clients_10_tolerated_f_equal_real.pdf  used on input line 392.
(pdftex.def)             Requested size: 161.14217pt x 120.85434pt.
<../plots/cnn_tanh_heatmaps/best_test_Optimal_InnerProductManipulation_mnist_cn
n_mnist_tanh_gamma_similarity_niid_NNM_ARC_nb_honest_clients_10_tolerated_f_equ
al_real.pdf, id=1777, 462.52798pt x 346.89601pt>
File: ../plots/cnn_tanh_heatmaps/best_test_Optimal_InnerProductManipulation_mni
st_cnn_mnist_tanh_gamma_similarity_niid_NNM_ARC_nb_honest_clients_10_tolerated_
f_equal_real.pdf Graphic file (type pdf)
<use ../plots/cnn_tanh_heatmaps/best_test_Optimal_InnerProductManipulation_mnis
t_cnn_mnist_tanh_gamma_similarity_niid_NNM_ARC_nb_honest_clients_10_tolerated_f
_equal_real.pdf>
Package pdftex.def Info: ../plots/cnn_tanh_heatmaps/best_test_Optimal_InnerProd
uctManipulation_mnist_cnn_mnist_tanh_gamma_similarity_niid_NNM_ARC_nb_honest_cl
ients_10_tolerated_f_equal_real.pdf  used on input line 399.
(pdftex.def)             Requested size: 161.14217pt x 120.85434pt.
<../plots/cnn_clipped_heatmaps/best_test_Optimal_InnerProductManipulation_mnist
_cnn_mnist_gamma_similarity_niid_NNM_ARC_nb_honest_clients_10_tolerated_f_equal
_real.pdf, id=1778, 462.52798pt x 346.89601pt>
File: ../plots/cnn_clipped_heatmaps/best_test_Optimal_InnerProductManipulation_
mnist_cnn_mnist_gamma_similarity_niid_NNM_ARC_nb_honest_clients_10_tolerated_f_
equal_real.pdf Graphic file (type pdf)
<use ../plots/cnn_clipped_heatmaps/best_test_Optimal_InnerProductManipulation_m
nist_cnn_mnist_gamma_similarity_niid_NNM_ARC_nb_honest_clients_10_tolerated_f_e
qual_real.pdf>
Package pdftex.def Info: ../plots/cnn_clipped_heatmaps/best_test_Optimal_InnerP
roductManipulation_mnist_cnn_mnist_gamma_similarity_niid_NNM_ARC_nb_honest_clie
nts_10_tolerated_f_equal_real.pdf  used on input line 406.
(pdftex.def)             Requested size: 161.14217pt x 120.85434pt.
<../plots/mnist_clipping_heatmaps/cnn_mnist_clipping_1/best_test_Optimal_InnerP
roductManipulation_mnist_cnn_mnist_clipping_1_gamma_similarity_niid_NNM_ARC_nb_
honest_clients_10_tolerated_f_equal_real.pdf, id=1779, 462.52798pt x 346.89601p
t>
File: ../plots/mnist_clipping_heatmaps/cnn_mnist_clipping_1/best_test_Optimal_I
nnerProductManipulation_mnist_cnn_mnist_clipping_1_gamma_similarity_niid_NNM_AR
C_nb_honest_clients_10_tolerated_f_equal_real.pdf Graphic file (type pdf)
<use ../plots/mnist_clipping_heatmaps/cnn_mnist_clipping_1/best_test_Optimal_In
nerProductManipulation_mnist_cnn_mnist_clipping_1_gamma_similarity_niid_NNM_ARC
_nb_honest_clients_10_tolerated_f_equal_real.pdf>
Package pdftex.def Info: ../plots/mnist_clipping_heatmaps/cnn_mnist_clipping_1/
best_test_Optimal_InnerProductManipulation_mnist_cnn_mnist_clipping_1_gamma_sim
ilarity_niid_NNM_ARC_nb_honest_clients_10_tolerated_f_equal_real.pdf  used on i
nput line 413.
(pdftex.def)             Requested size: 161.14217pt x 120.85434pt.
<../plots/mnist_clipping_heatmaps/cnn_mnist_clipping_2/best_test_Optimal_InnerP
roductManipulation_mnist_cnn_mnist_clipping_2_gamma_similarity_niid_NNM_ARC_nb_
honest_clients_10_tolerated_f_equal_real.pdf, id=1780, 462.52798pt x 346.89601p
t>
File: ../plots/mnist_clipping_heatmaps/cnn_mnist_clipping_2/best_test_Optimal_I
nnerProductManipulation_mnist_cnn_mnist_clipping_2_gamma_similarity_niid_NNM_AR
C_nb_honest_clients_10_tolerated_f_equal_real.pdf Graphic file (type pdf)
<use ../plots/mnist_clipping_heatmaps/cnn_mnist_clipping_2/best_test_Optimal_In
nerProductManipulation_mnist_cnn_mnist_clipping_2_gamma_similarity_niid_NNM_ARC
_nb_honest_clients_10_tolerated_f_equal_real.pdf>
Package pdftex.def Info: ../plots/mnist_clipping_heatmaps/cnn_mnist_clipping_2/
best_test_Optimal_InnerProductManipulation_mnist_cnn_mnist_clipping_2_gamma_sim
ilarity_niid_NNM_ARC_nb_honest_clients_10_tolerated_f_equal_real.pdf  used on i
nput line 420.
(pdftex.def)             Requested size: 161.14217pt x 120.85434pt.
<../activation_clip_plots/cnn_mnist_clip_ste_1/best_test_Optimal_InnerProductMa
nipulation_mnist_cnn_mnist_clip_ste_1_gamma_similarity_niid_NNM_ARC_nb_honest_c
lients_10_tolerated_f_equal_real.pdf, id=1781, 462.52798pt x 346.89601pt>
File: ../activation_clip_plots/cnn_mnist_clip_ste_1/best_test_Optimal_InnerProd
uctManipulation_mnist_cnn_mnist_clip_ste_1_gamma_similarity_niid_NNM_ARC_nb_hon
est_clients_10_tolerated_f_equal_real.pdf Graphic file (type pdf)
<use ../activation_clip_plots/cnn_mnist_clip_ste_1/best_test_Optimal_InnerProdu
ctManipulation_mnist_cnn_mnist_clip_ste_1_gamma_similarity_niid_NNM_ARC_nb_hone
st_clients_10_tolerated_f_equal_real.pdf>
Package pdftex.def Info: ../activation_clip_plots/cnn_mnist_clip_ste_1/best_tes
t_Optimal_InnerProductManipulation_mnist_cnn_mnist_clip_ste_1_gamma_similarity_
niid_NNM_ARC_nb_honest_clients_10_tolerated_f_equal_real.pdf  used on input lin
e 427.
(pdftex.def)             Requested size: 161.14217pt x 120.85434pt.
<../activation_clip_plots/cnn_mnist_clip_ste_2/best_test_Optimal_InnerProductMa
nipulation_mnist_cnn_mnist_clip_ste_2_gamma_similarity_niid_NNM_ARC_nb_honest_c
lients_10_tolerated_f_equal_real.pdf, id=1782, 462.52798pt x 346.89601pt>
File: ../activation_clip_plots/cnn_mnist_clip_ste_2/best_test_Optimal_InnerProd
uctManipulation_mnist_cnn_mnist_clip_ste_2_gamma_similarity_niid_NNM_ARC_nb_hon
est_clients_10_tolerated_f_equal_real.pdf Graphic file (type pdf)
<use ../activation_clip_plots/cnn_mnist_clip_ste_2/best_test_Optimal_InnerProdu
ctManipulation_mnist_cnn_mnist_clip_ste_2_gamma_similarity_niid_NNM_ARC_nb_hone
st_clients_10_tolerated_f_equal_real.pdf>
Package pdftex.def Info: ../activation_clip_plots/cnn_mnist_clip_ste_2/best_tes
t_Optimal_InnerProductManipulation_mnist_cnn_mnist_clip_ste_2_gamma_similarity_
niid_NNM_ARC_nb_honest_clients_10_tolerated_f_equal_real.pdf  used on input lin
e 434.
(pdftex.def)             Requested size: 161.14217pt x 120.85434pt.
<../activation_clip_plots/cnn_mnist_clip_ramp_1/best_test_Optimal_InnerProductM
anipulation_mnist_cnn_mnist_clip_ramp_1_gamma_similarity_niid_NNM_ARC_nb_honest
_clients_10_tolerated_f_equal_real.pdf, id=1783, 462.52798pt x 346.89601pt>
File: ../activation_clip_plots/cnn_mnist_clip_ramp_1/best_test_Optimal_InnerPro
ductManipulation_mnist_cnn_mnist_clip_ramp_1_gamma_similarity_niid_NNM_ARC_nb_h
onest_clients_10_tolerated_f_equal_real.pdf Graphic file (type pdf)
<use ../activation_clip_plots/cnn_mnist_clip_ramp_1/best_test_Optimal_InnerProd
uctManipulation_mnist_cnn_mnist_clip_ramp_1_gamma_similarity_niid_NNM_ARC_nb_ho
nest_clients_10_tolerated_f_equal_real.pdf>
Package pdftex.def Info: ../activation_clip_plots/cnn_mnist_clip_ramp_1/best_te
st_Optimal_InnerProductManipulation_mnist_cnn_mnist_clip_ramp_1_gamma_similarit
y_niid_NNM_ARC_nb_honest_clients_10_tolerated_f_equal_real.pdf  used on input l
ine 441.
(pdftex.def)             Requested size: 161.14217pt x 120.85434pt.
<../activation_clip_plots/cnn_mnist_clip_ramp_2/best_test_Optimal_InnerProductM
anipulation_mnist_cnn_mnist_clip_ramp_2_gamma_similarity_niid_NNM_ARC_nb_honest
_clients_10_tolerated_f_equal_real.pdf, id=1784, 462.52798pt x 346.89601pt>
File: ../activation_clip_plots/cnn_mnist_clip_ramp_2/best_test_Optimal_InnerPro
ductManipulation_mnist_cnn_mnist_clip_ramp_2_gamma_similarity_niid_NNM_ARC_nb_h
onest_clients_10_tolerated_f_equal_real.pdf Graphic file (type pdf)
<use ../activation_clip_plots/cnn_mnist_clip_ramp_2/best_test_Optimal_InnerProd
uctManipulation_mnist_cnn_mnist_clip_ramp_2_gamma_similarity_niid_NNM_ARC_nb_ho
nest_clients_10_tolerated_f_equal_real.pdf>
Package pdftex.def Info: ../activation_clip_plots/cnn_mnist_clip_ramp_2/best_te
st_Optimal_InnerProductManipulation_mnist_cnn_mnist_clip_ramp_2_gamma_similarit
y_niid_NNM_ARC_nb_honest_clients_10_tolerated_f_equal_real.pdf  used on input l
ine 448.
(pdftex.def)             Requested size: 161.14217pt x 120.85434pt.
<../activation_clip_plots/cnn_mnist_qclip_080/best_test_Optimal_InnerProductMan
ipulation_mnist_cnn_mnist_gamma_similarity_niid_NNM_ARC_nb_honest_clients_10_to
lerated_f_equal_real.pdf, id=1785, 462.52798pt x 346.89601pt>
File: ../activation_clip_plots/cnn_mnist_qclip_080/best_test_Optimal_InnerProdu
ctManipulation_mnist_cnn_mnist_gamma_similarity_niid_NNM_ARC_nb_honest_clients_
10_tolerated_f_equal_real.pdf Graphic file (type pdf)
<use ../activation_clip_plots/cnn_mnist_qclip_080/best_test_Optimal_InnerProduc
tManipulation_mnist_cnn_mnist_gamma_similarity_niid_NNM_ARC_nb_honest_clients_1
0_tolerated_f_equal_real.pdf>
Package pdftex.def Info: ../activation_clip_plots/cnn_mnist_qclip_080/best_test
_Optimal_InnerProductManipulation_mnist_cnn_mnist_gamma_similarity_niid_NNM_ARC
_nb_honest_clients_10_tolerated_f_equal_real.pdf  used on input line 455.
(pdftex.def)             Requested size: 161.14217pt x 120.85434pt.
<../results/activation_clip_plots/cnn_mnist_rawqclip_080/best_test_Optimal_Inne
rProductManipulation_mnist_cnn_mnist_gamma_similarity_niid_NNM_ARC_nb_honest_cl
ients_10_tolerated_f_equal_real.pdf, id=1786, 462.52798pt x 346.89601pt>
File: ../results/activation_clip_plots/cnn_mnist_rawqclip_080/best_test_Optimal
_InnerProductManipulation_mnist_cnn_mnist_gamma_similarity_niid_NNM_ARC_nb_hone
st_clients_10_tolerated_f_equal_real.pdf Graphic file (type pdf)
<use ../results/activation_clip_plots/cnn_mnist_rawqclip_080/best_test_Optimal_
InnerProductManipulation_mnist_cnn_mnist_gamma_similarity_niid_NNM_ARC_nb_hones
t_clients_10_tolerated_f_equal_real.pdf>
Package pdftex.def Info: ../results/activation_clip_plots/cnn_mnist_rawqclip_08
0/best_test_Optimal_InnerProductManipulation_mnist_cnn_mnist_gamma_similarity_n
iid_NNM_ARC_nb_honest_clients_10_tolerated_f_equal_real.pdf  used on input line
 462.
(pdftex.def)             Requested size: 161.14217pt x 120.85434pt.
 [11

] [12 <../plots/mnist_clipping_heatmaps/cnn_mnist/best_test_Optimal_InnerProduc
tManipulation_mnist_cnn_mnist_gamma_similarity_niid_NNM_ARC_nb_honest_clients_1
0_tolerated_f_equal_real.pdf> <../plots/cnn_tanh_heatmaps/best_test_Optimal_Inn
erProductManipulation_mnist_cnn_mnist_tanh_gamma_similarity_niid_NNM_ARC_nb_hon
est_clients_10_tolerated_f_equal_real.pdf> <../plots/cnn_clipped_heatmaps/best_
test_Optimal_InnerProductManipulation_mnist_cnn_mnist_gamma_similarity_niid_NNM
_ARC_nb_honest_clients_10_tolerated_f_equal_real.pdf> <../plots/mnist_clipping_
heatmaps/cnn_mnist_clipping_1/best_test_Optimal_InnerProductManipulation_mnist_
cnn_mnist_clipping_1_gamma_similarity_niid_NNM_ARC_nb_honest_clients_10_tolerat
ed_f_equal_real.pdf> <../plots/mnist_clipping_heatmaps/cnn_mnist_clipping_2/bes
t_test_Optimal_InnerProductManipulation_mnist_cnn_mnist_clipping_2_gamma_simila
rity_niid_NNM_ARC_nb_honest_clients_10_tolerated_f_equal_real.pdf> <../activati
on_clip_plots/cnn_mnist_clip_ste_1/best_test_Optimal_InnerProductManipulation_m
nist_cnn_mnist_clip_ste_1_gamma_similarity_niid_NNM_ARC_nb_honest_clients_10_to
lerated_f_equal_real.pdf> <../activation_clip_plots/cnn_mnist_clip_ste_2/best_t
est_Optimal_InnerProductManipulation_mnist_cnn_mnist_clip_ste_2_gamma_similarit
y_niid_NNM_ARC_nb_honest_clients_10_tolerated_f_equal_real.pdf> <../activation_
clip_plots/cnn_mnist_clip_ramp_1/best_test_Optimal_InnerProductManipulation_mni
st_cnn_mnist_clip_ramp_1_gamma_similarity_niid_NNM_ARC_nb_honest_clients_10_tol
erated_f_equal_real.pdf> <../activation_clip_plots/cnn_mnist_clip_ramp_2/best_t
est_Optimal_InnerProductManipulation_mnist_cnn_mnist_clip_ramp_2_gamma_similari
ty_niid_NNM_ARC_nb_honest_clients_10_tolerated_f_equal_real.pdf> <../activation
_clip_plots/cnn_mnist_qclip_080/best_test_Optimal_InnerProductManipulation_mnis
t_cnn_mnist_gamma_similarity_niid_NNM_ARC_nb_honest_clients_10_tolerated_f_equa
l_real.pdf> <../results/activation_clip_plots/cnn_mnist_rawqclip_080/best_test_
Optimal_InnerProductManipulation_mnist_cnn_mnist_gamma_similarity_niid_NNM_ARC_
nb_honest_clients_10_tolerated_f_equal_real.pdf>]
<../plots/mnist_clipping_heatmaps/cnn_mnist/test_mnist_cnn_mnist_gamma_similari
ty_niid_NNM_ARC_CenteredClipping_nb_honest_clients_10_tolerated_f_equal_real.pd
f, id=2355, 462.52798pt x 346.89601pt>
File: ../plots/mnist_clipping_heatmaps/cnn_mnist/test_mnist_cnn_mnist_gamma_sim
ilarity_niid_NNM_ARC_CenteredClipping_nb_honest_clients_10_tolerated_f_equal_re
al.pdf Graphic file (type pdf)
<use ../plots/mnist_clipping_heatmaps/cnn_mnist/test_mnist_cnn_mnist_gamma_simi
larity_niid_NNM_ARC_CenteredClipping_nb_honest_clients_10_tolerated_f_equal_rea
l.pdf>
Package pdftex.def Info: ../plots/mnist_clipping_heatmaps/cnn_mnist/test_mnist_
cnn_mnist_gamma_similarity_niid_NNM_ARC_CenteredClipping_nb_honest_clients_10_t
olerated_f_equal_real.pdf  used on input line 476.
(pdftex.def)             Requested size: 161.14217pt x 120.85434pt.
<../plots/cnn_tanh_heatmaps/test_mnist_cnn_mnist_tanh_gamma_similarity_niid_NNM
_ARC_CenteredClipping_nb_honest_clients_10_tolerated_f_equal_real.pdf, id=2356,
 462.52798pt x 346.89601pt>
File: ../plots/cnn_tanh_heatmaps/test_mnist_cnn_mnist_tanh_gamma_similarity_nii
d_NNM_ARC_CenteredClipping_nb_honest_clients_10_tolerated_f_equal_real.pdf Grap
hic file (type pdf)
<use ../plots/cnn_tanh_heatmaps/test_mnist_cnn_mnist_tanh_gamma_similarity_niid
_NNM_ARC_CenteredClipping_nb_honest_clients_10_tolerated_f_equal_real.pdf>
Package pdftex.def Info: ../plots/cnn_tanh_heatmaps/test_mnist_cnn_mnist_tanh_g
amma_similarity_niid_NNM_ARC_CenteredClipping_nb_honest_clients_10_tolerated_f_
equal_real.pdf  used on input line 483.
(pdftex.def)             Requested size: 161.14217pt x 120.85434pt.
<../plots/mnist_clipping_heatmaps/cnn_mnist_clipping_1/test_mnist_cnn_mnist_cli
pping_1_gamma_similarity_niid_NNM_ARC_CenteredClipping_nb_honest_clients_10_tol
erated_f_equal_real.pdf, id=2357, 462.52798pt x 346.89601pt>
File: ../plots/mnist_clipping_heatmaps/cnn_mnist_clipping_1/test_mnist_cnn_mnis
t_clipping_1_gamma_similarity_niid_NNM_ARC_CenteredClipping_nb_honest_clients_1
0_tolerated_f_equal_real.pdf Graphic file (type pdf)
<use ../plots/mnist_clipping_heatmaps/cnn_mnist_clipping_1/test_mnist_cnn_mnist
_clipping_1_gamma_similarity_niid_NNM_ARC_CenteredClipping_nb_honest_clients_10
_tolerated_f_equal_real.pdf>
Package pdftex.def Info: ../plots/mnist_clipping_heatmaps/cnn_mnist_clipping_1/
test_mnist_cnn_mnist_clipping_1_gamma_similarity_niid_NNM_ARC_CenteredClipping_
nb_honest_clients_10_tolerated_f_equal_real.pdf  used on input line 490.
(pdftex.def)             Requested size: 161.14217pt x 120.85434pt.
<../plots/mnist_clipping_heatmaps/cnn_mnist_clipping_2/test_mnist_cnn_mnist_cli
pping_2_gamma_similarity_niid_NNM_ARC_CenteredClipping_nb_honest_clients_10_tol
erated_f_equal_real.pdf, id=2358, 462.52798pt x 346.89601pt>
File: ../plots/mnist_clipping_heatmaps/cnn_mnist_clipping_2/test_mnist_cnn_mnis
t_clipping_2_gamma_similarity_niid_NNM_ARC_CenteredClipping_nb_honest_clients_1
0_tolerated_f_equal_real.pdf Graphic file (type pdf)
<use ../plots/mnist_clipping_heatmaps/cnn_mnist_clipping_2/test_mnist_cnn_mnist
_clipping_2_gamma_similarity_niid_NNM_ARC_CenteredClipping_nb_honest_clients_10
_tolerated_f_equal_real.pdf>
Package pdftex.def Info: ../plots/mnist_clipping_heatmaps/cnn_mnist_clipping_2/
test_mnist_cnn_mnist_clipping_2_gamma_similarity_niid_NNM_ARC_CenteredClipping_
nb_honest_clients_10_tolerated_f_equal_real.pdf  used on input line 497.
(pdftex.def)             Requested size: 161.14217pt x 120.85434pt.
<../activation_clip_plots/cnn_mnist_clip_ste_1/test_mnist_cnn_mnist_clip_ste_1_
gamma_similarity_niid_NNM_ARC_CenteredClipping_nb_honest_clients_10_tolerated_f
_equal_real.pdf, id=2359, 462.52798pt x 346.89601pt>
File: ../activation_clip_plots/cnn_mnist_clip_ste_1/test_mnist_cnn_mnist_clip_s
te_1_gamma_similarity_niid_NNM_ARC_CenteredClipping_nb_honest_clients_10_tolera
ted_f_equal_real.pdf Graphic file (type pdf)
<use ../activation_clip_plots/cnn_mnist_clip_ste_1/test_mnist_cnn_mnist_clip_st
e_1_gamma_similarity_niid_NNM_ARC_CenteredClipping_nb_honest_clients_10_tolerat
ed_f_equal_real.pdf>
Package pdftex.def Info: ../activation_clip_plots/cnn_mnist_clip_ste_1/test_mni
st_cnn_mnist_clip_ste_1_gamma_similarity_niid_NNM_ARC_CenteredClipping_nb_hones
t_clients_10_tolerated_f_equal_real.pdf  used on input line 504.
(pdftex.def)             Requested size: 161.14217pt x 120.85434pt.
<../activation_clip_plots/cnn_mnist_clip_ste_2/test_mnist_cnn_mnist_clip_ste_2_
gamma_similarity_niid_NNM_ARC_CenteredClipping_nb_honest_clients_10_tolerated_f
_equal_real.pdf, id=2360, 462.52798pt x 346.89601pt>
File: ../activation_clip_plots/cnn_mnist_clip_ste_2/test_mnist_cnn_mnist_clip_s
te_2_gamma_similarity_niid_NNM_ARC_CenteredClipping_nb_honest_clients_10_tolera
ted_f_equal_real.pdf Graphic file (type pdf)
<use ../activation_clip_plots/cnn_mnist_clip_ste_2/test_mnist_cnn_mnist_clip_st
e_2_gamma_similarity_niid_NNM_ARC_CenteredClipping_nb_honest_clients_10_tolerat
ed_f_equal_real.pdf>
Package pdftex.def Info: ../activation_clip_plots/cnn_mnist_clip_ste_2/test_mni
st_cnn_mnist_clip_ste_2_gamma_similarity_niid_NNM_ARC_CenteredClipping_nb_hones
t_clients_10_tolerated_f_equal_real.pdf  used on input line 511.
(pdftex.def)             Requested size: 161.14217pt x 120.85434pt.
<../activation_clip_plots/cnn_mnist_clip_ramp_1/test_mnist_cnn_mnist_clip_ramp_
1_gamma_similarity_niid_NNM_ARC_CenteredClipping_nb_honest_clients_10_tolerated
_f_equal_real.pdf, id=2361, 462.52798pt x 346.89601pt>
File: ../activation_clip_plots/cnn_mnist_clip_ramp_1/test_mnist_cnn_mnist_clip_
ramp_1_gamma_similarity_niid_NNM_ARC_CenteredClipping_nb_honest_clients_10_tole
rated_f_equal_real.pdf Graphic file (type pdf)
<use ../activation_clip_plots/cnn_mnist_clip_ramp_1/test_mnist_cnn_mnist_clip_r
amp_1_gamma_similarity_niid_NNM_ARC_CenteredClipping_nb_honest_clients_10_toler
ated_f_equal_real.pdf>
Package pdftex.def Info: ../activation_clip_plots/cnn_mnist_clip_ramp_1/test_mn
ist_cnn_mnist_clip_ramp_1_gamma_similarity_niid_NNM_ARC_CenteredClipping_nb_hon
est_clients_10_tolerated_f_equal_real.pdf  used on input line 518.
(pdftex.def)             Requested size: 161.14217pt x 120.85434pt.
<../activation_clip_plots/cnn_mnist_clip_ramp_2/test_mnist_cnn_mnist_clip_ramp_
2_gamma_similarity_niid_NNM_ARC_CenteredClipping_nb_honest_clients_10_tolerated
_f_equal_real.pdf, id=2362, 462.52798pt x 346.89601pt>
File: ../activation_clip_plots/cnn_mnist_clip_ramp_2/test_mnist_cnn_mnist_clip_
ramp_2_gamma_similarity_niid_NNM_ARC_CenteredClipping_nb_honest_clients_10_tole
rated_f_equal_real.pdf Graphic file (type pdf)
<use ../activation_clip_plots/cnn_mnist_clip_ramp_2/test_mnist_cnn_mnist_clip_r
amp_2_gamma_similarity_niid_NNM_ARC_CenteredClipping_nb_honest_clients_10_toler
ated_f_equal_real.pdf>
Package pdftex.def Info: ../activation_clip_plots/cnn_mnist_clip_ramp_2/test_mn
ist_cnn_mnist_clip_ramp_2_gamma_similarity_niid_NNM_ARC_CenteredClipping_nb_hon
est_clients_10_tolerated_f_equal_real.pdf  used on input line 525.
(pdftex.def)             Requested size: 161.14217pt x 120.85434pt.
<../activation_clip_plots/cnn_mnist_qclip_080/test_mnist_cnn_mnist_gamma_simila
rity_niid_NNM_ARC_CenteredClipping_nb_honest_clients_10_tolerated_f_equal_real.
pdf, id=2363, 462.52798pt x 346.89601pt>
File: ../activation_clip_plots/cnn_mnist_qclip_080/test_mnist_cnn_mnist_gamma_s
imilarity_niid_NNM_ARC_CenteredClipping_nb_honest_clients_10_tolerated_f_equal_
real.pdf Graphic file (type pdf)
<use ../activation_clip_plots/cnn_mnist_qclip_080/test_mnist_cnn_mnist_gamma_si
milarity_niid_NNM_ARC_CenteredClipping_nb_honest_clients_10_tolerated_f_equal_r
eal.pdf>
Package pdftex.def Info: ../activation_clip_plots/cnn_mnist_qclip_080/test_mnis
t_cnn_mnist_gamma_similarity_niid_NNM_ARC_CenteredClipping_nb_honest_clients_10
_tolerated_f_equal_real.pdf  used on input line 532.
(pdftex.def)             Requested size: 161.14217pt x 120.85434pt.
<../results/activation_clip_plots/cnn_mnist_rawqclip_080/test_mnist_cnn_mnist_g
amma_similarity_niid_NNM_ARC_CenteredClipping_nb_honest_clients_10_tolerated_f_
equal_real.pdf, id=2364, 462.52798pt x 346.89601pt>
File: ../results/activation_clip_plots/cnn_mnist_rawqclip_080/test_mnist_cnn_mn
ist_gamma_similarity_niid_NNM_ARC_CenteredClipping_nb_honest_clients_10_tolerat
ed_f_equal_real.pdf Graphic file (type pdf)
<use ../results/activation_clip_plots/cnn_mnist_rawqclip_080/test_mnist_cnn_mni
st_gamma_similarity_niid_NNM_ARC_CenteredClipping_nb_honest_clients_10_tolerate
d_f_equal_real.pdf>
Package pdftex.def Info: ../results/activation_clip_plots/cnn_mnist_rawqclip_08
0/test_mnist_cnn_mnist_gamma_similarity_niid_NNM_ARC_CenteredClipping_nb_honest
_clients_10_tolerated_f_equal_real.pdf  used on input line 539.
(pdftex.def)             Requested size: 161.14217pt x 120.85434pt.
 [13

] [14 <../plots/mnist_clipping_heatmaps/cnn_mnist/test_mnist_cnn_mnist_gamma_si
milarity_niid_NNM_ARC_CenteredClipping_nb_honest_clients_10_tolerated_f_equal_r
eal.pdf> <../plots/cnn_tanh_heatmaps/test_mnist_cnn_mnist_tanh_gamma_similarity
_niid_NNM_ARC_CenteredClipping_nb_honest_clients_10_tolerated_f_equal_real.pdf>
 <../plots/mnist_clipping_heatmaps/cnn_mnist_clipping_1/test_mnist_cnn_mnist_cl
ipping_1_gamma_similarity_niid_NNM_ARC_CenteredClipping_nb_honest_clients_10_to
lerated_f_equal_real.pdf> <../plots/mnist_clipping_heatmaps/cnn_mnist_clipping_
2/test_mnist_cnn_mnist_clipping_2_gamma_similarity_niid_NNM_ARC_CenteredClippin
g_nb_honest_clients_10_tolerated_f_equal_real.pdf> <../activation_clip_plots/cn
n_mnist_clip_ste_1/test_mnist_cnn_mnist_clip_ste_1_gamma_similarity_niid_NNM_AR
C_CenteredClipping_nb_honest_clients_10_tolerated_f_equal_real.pdf> <../activat
ion_clip_plots/cnn_mnist_clip_ste_2/test_mnist_cnn_mnist_clip_ste_2_gamma_simil
arity_niid_NNM_ARC_CenteredClipping_nb_honest_clients_10_tolerated_f_equal_real
.pdf> <../activation_clip_plots/cnn_mnist_clip_ramp_1/test_mnist_cnn_mnist_clip
_ramp_1_gamma_similarity_niid_NNM_ARC_CenteredClipping_nb_honest_clients_10_tol
erated_f_equal_real.pdf> <../activation_clip_plots/cnn_mnist_clip_ramp_2/test_m
nist_cnn_mnist_clip_ramp_2_gamma_similarity_niid_NNM_ARC_CenteredClipping_nb_ho
nest_clients_10_tolerated_f_equal_real.pdf> <../activation_clip_plots/cnn_mnist
_qclip_080/test_mnist_cnn_mnist_gamma_similarity_niid_NNM_ARC_CenteredClipping_
nb_honest_clients_10_tolerated_f_equal_real.pdf> <../results/activation_clip_pl
ots/cnn_mnist_rawqclip_080/test_mnist_cnn_mnist_gamma_similarity_niid_NNM_ARC_C
enteredClipping_nb_honest_clients_10_tolerated_f_equal_real.pdf>]
<../plots/mnist_clipping_heatmaps/cnn_mnist/test_Optimal_ALittleIsEnough_neg1_m
nist_cnn_mnist_gamma_similarity_niid_NNM_ARC_CenteredClipping_nb_honest_clients
_10_tolerated_f_equal_real.pdf, id=2785, 462.52798pt x 346.89601pt>
File: ../plots/mnist_clipping_heatmaps/cnn_mnist/test_Optimal_ALittleIsEnough_n
eg1_mnist_cnn_mnist_gamma_similarity_niid_NNM_ARC_CenteredClipping_nb_honest_cl
ients_10_tolerated_f_equal_real.pdf Graphic file (type pdf)
<use ../plots/mnist_clipping_heatmaps/cnn_mnist/test_Optimal_ALittleIsEnough_ne
g1_mnist_cnn_mnist_gamma_similarity_niid_NNM_ARC_CenteredClipping_nb_honest_cli
ents_10_tolerated_f_equal_real.pdf>
Package pdftex.def Info: ../plots/mnist_clipping_heatmaps/cnn_mnist/test_Optima
l_ALittleIsEnough_neg1_mnist_cnn_mnist_gamma_similarity_niid_NNM_ARC_CenteredCl
ipping_nb_honest_clients_10_tolerated_f_equal_real.pdf  used on input line 552.

(pdftex.def)             Requested size: 161.14217pt x 120.85434pt.
<../plots/cnn_tanh_heatmaps/test_Optimal_ALittleIsEnough_neg1_mnist_cnn_mnist_t
anh_gamma_similarity_niid_NNM_ARC_CenteredClipping_nb_honest_clients_10_tolerat
ed_f_equal_real.pdf, id=2786, 462.52798pt x 346.89601pt>
File: ../plots/cnn_tanh_heatmaps/test_Optimal_ALittleIsEnough_neg1_mnist_cnn_mn
ist_tanh_gamma_similarity_niid_NNM_ARC_CenteredClipping_nb_honest_clients_10_to
lerated_f_equal_real.pdf Graphic file (type pdf)
<use ../plots/cnn_tanh_heatmaps/test_Optimal_ALittleIsEnough_neg1_mnist_cnn_mni
st_tanh_gamma_similarity_niid_NNM_ARC_CenteredClipping_nb_honest_clients_10_tol
erated_f_equal_real.pdf>
Package pdftex.def Info: ../plots/cnn_tanh_heatmaps/test_Optimal_ALittleIsEnoug
h_neg1_mnist_cnn_mnist_tanh_gamma_similarity_niid_NNM_ARC_CenteredClipping_nb_h
onest_clients_10_tolerated_f_equal_real.pdf  used on input line 559.
(pdftex.def)             Requested size: 161.14217pt x 120.85434pt.
<../plots/mnist_clipping_heatmaps/cnn_mnist_clipping_1/test_Optimal_ALittleIsEn
ough_neg1_mnist_cnn_mnist_clipping_1_gamma_similarity_niid_NNM_ARC_CenteredClip
ping_nb_honest_clients_10_tolerated_f_equal_real.pdf, id=2787, 462.52798pt x 34
6.89601pt>
File: ../plots/mnist_clipping_heatmaps/cnn_mnist_clipping_1/test_Optimal_ALittl
eIsEnough_neg1_mnist_cnn_mnist_clipping_1_gamma_similarity_niid_NNM_ARC_Centere
dClipping_nb_honest_clients_10_tolerated_f_equal_real.pdf Graphic file (type pd
f)
<use ../plots/mnist_clipping_heatmaps/cnn_mnist_clipping_1/test_Optimal_ALittle
IsEnough_neg1_mnist_cnn_mnist_clipping_1_gamma_similarity_niid_NNM_ARC_Centered
Clipping_nb_honest_clients_10_tolerated_f_equal_real.pdf>
Package pdftex.def Info: ../plots/mnist_clipping_heatmaps/cnn_mnist_clipping_1/
test_Optimal_ALittleIsEnough_neg1_mnist_cnn_mnist_clipping_1_gamma_similarity_n
iid_NNM_ARC_CenteredClipping_nb_honest_clients_10_tolerated_f_equal_real.pdf  u
sed on input line 566.
(pdftex.def)             Requested size: 161.14217pt x 120.85434pt.
<../plots/mnist_clipping_heatmaps/cnn_mnist_clipping_2/test_Optimal_ALittleIsEn
ough_neg1_mnist_cnn_mnist_clipping_2_gamma_similarity_niid_NNM_ARC_CenteredClip
ping_nb_honest_clients_10_tolerated_f_equal_real.pdf, id=2788, 462.52798pt x 34
6.89601pt>
File: ../plots/mnist_clipping_heatmaps/cnn_mnist_clipping_2/test_Optimal_ALittl
eIsEnough_neg1_mnist_cnn_mnist_clipping_2_gamma_similarity_niid_NNM_ARC_Centere
dClipping_nb_honest_clients_10_tolerated_f_equal_real.pdf Graphic file (type pd
f)
<use ../plots/mnist_clipping_heatmaps/cnn_mnist_clipping_2/test_Optimal_ALittle
IsEnough_neg1_mnist_cnn_mnist_clipping_2_gamma_similarity_niid_NNM_ARC_Centered
Clipping_nb_honest_clients_10_tolerated_f_equal_real.pdf>
Package pdftex.def Info: ../plots/mnist_clipping_heatmaps/cnn_mnist_clipping_2/
test_Optimal_ALittleIsEnough_neg1_mnist_cnn_mnist_clipping_2_gamma_similarity_n
iid_NNM_ARC_CenteredClipping_nb_honest_clients_10_tolerated_f_equal_real.pdf  u
sed on input line 573.
(pdftex.def)             Requested size: 161.14217pt x 120.85434pt.
<../activation_clip_plots/cnn_mnist_clip_ste_1/test_Optimal_ALittleIsEnough_neg
1_mnist_cnn_mnist_clip_ste_1_gamma_similarity_niid_NNM_ARC_CenteredClipping_nb_
honest_clients_10_tolerated_f_equal_real.pdf, id=2789, 462.52798pt x 346.89601p
t>
File: ../activation_clip_plots/cnn_mnist_clip_ste_1/test_Optimal_ALittleIsEnoug
h_neg1_mnist_cnn_mnist_clip_ste_1_gamma_similarity_niid_NNM_ARC_CenteredClippin
g_nb_honest_clients_10_tolerated_f_equal_real.pdf Graphic file (type pdf)
<use ../activation_clip_plots/cnn_mnist_clip_ste_1/test_Optimal_ALittleIsEnough
_neg1_mnist_cnn_mnist_clip_ste_1_gamma_similarity_niid_NNM_ARC_CenteredClipping
_nb_honest_clients_10_tolerated_f_equal_real.pdf>
Package pdftex.def Info: ../activation_clip_plots/cnn_mnist_clip_ste_1/test_Opt
imal_ALittleIsEnough_neg1_mnist_cnn_mnist_clip_ste_1_gamma_similarity_niid_NNM_
ARC_CenteredClipping_nb_honest_clients_10_tolerated_f_equal_real.pdf  used on i
nput line 580.
(pdftex.def)             Requested size: 161.14217pt x 120.85434pt.
<../activation_clip_plots/cnn_mnist_clip_ste_2/test_Optimal_ALittleIsEnough_neg
1_mnist_cnn_mnist_clip_ste_2_gamma_similarity_niid_NNM_ARC_CenteredClipping_nb_
honest_clients_10_tolerated_f_equal_real.pdf, id=2790, 462.52798pt x 346.89601p
t>
File: ../activation_clip_plots/cnn_mnist_clip_ste_2/test_Optimal_ALittleIsEnoug
h_neg1_mnist_cnn_mnist_clip_ste_2_gamma_similarity_niid_NNM_ARC_CenteredClippin
g_nb_honest_clients_10_tolerated_f_equal_real.pdf Graphic file (type pdf)
<use ../activation_clip_plots/cnn_mnist_clip_ste_2/test_Optimal_ALittleIsEnough
_neg1_mnist_cnn_mnist_clip_ste_2_gamma_similarity_niid_NNM_ARC_CenteredClipping
_nb_honest_clients_10_tolerated_f_equal_real.pdf>
Package pdftex.def Info: ../activation_clip_plots/cnn_mnist_clip_ste_2/test_Opt
imal_ALittleIsEnough_neg1_mnist_cnn_mnist_clip_ste_2_gamma_similarity_niid_NNM_
ARC_CenteredClipping_nb_honest_clients_10_tolerated_f_equal_real.pdf  used on i
nput line 587.
(pdftex.def)             Requested size: 161.14217pt x 120.85434pt.
<../activation_clip_plots/cnn_mnist_clip_ramp_1/test_Optimal_ALittleIsEnough_ne
g1_mnist_cnn_mnist_clip_ramp_1_gamma_similarity_niid_NNM_ARC_CenteredClipping_n
b_honest_clients_10_tolerated_f_equal_real.pdf, id=2791, 462.52798pt x 346.8960
1pt>
File: ../activation_clip_plots/cnn_mnist_clip_ramp_1/test_Optimal_ALittleIsEnou
gh_neg1_mnist_cnn_mnist_clip_ramp_1_gamma_similarity_niid_NNM_ARC_CenteredClipp
ing_nb_honest_clients_10_tolerated_f_equal_real.pdf Graphic file (type pdf)
<use ../activation_clip_plots/cnn_mnist_clip_ramp_1/test_Optimal_ALittleIsEnoug
h_neg1_mnist_cnn_mnist_clip_ramp_1_gamma_similarity_niid_NNM_ARC_CenteredClippi
ng_nb_honest_clients_10_tolerated_f_equal_real.pdf>
Package pdftex.def Info: ../activation_clip_plots/cnn_mnist_clip_ramp_1/test_Op
timal_ALittleIsEnough_neg1_mnist_cnn_mnist_clip_ramp_1_gamma_similarity_niid_NN
M_ARC_CenteredClipping_nb_honest_clients_10_tolerated_f_equal_real.pdf  used on
 input line 594.
(pdftex.def)             Requested size: 161.14217pt x 120.85434pt.
<../activation_clip_plots/cnn_mnist_clip_ramp_2/test_Optimal_ALittleIsEnough_ne
g1_mnist_cnn_mnist_clip_ramp_2_gamma_similarity_niid_NNM_ARC_CenteredClipping_n
b_honest_clients_10_tolerated_f_equal_real.pdf, id=2792, 462.52798pt x 346.8960
1pt>
File: ../activation_clip_plots/cnn_mnist_clip_ramp_2/test_Optimal_ALittleIsEnou
gh_neg1_mnist_cnn_mnist_clip_ramp_2_gamma_similarity_niid_NNM_ARC_CenteredClipp
ing_nb_honest_clients_10_tolerated_f_equal_real.pdf Graphic file (type pdf)
<use ../activation_clip_plots/cnn_mnist_clip_ramp_2/test_Optimal_ALittleIsEnoug
h_neg1_mnist_cnn_mnist_clip_ramp_2_gamma_similarity_niid_NNM_ARC_CenteredClippi
ng_nb_honest_clients_10_tolerated_f_equal_real.pdf>
Package pdftex.def Info: ../activation_clip_plots/cnn_mnist_clip_ramp_2/test_Op
timal_ALittleIsEnough_neg1_mnist_cnn_mnist_clip_ramp_2_gamma_similarity_niid_NN
M_ARC_CenteredClipping_nb_honest_clients_10_tolerated_f_equal_real.pdf  used on
 input line 601.
(pdftex.def)             Requested size: 161.14217pt x 120.85434pt.
<../activation_clip_plots/cnn_mnist_qclip_080/test_Optimal_ALittleIsEnough_neg1
_mnist_cnn_mnist_gamma_similarity_niid_NNM_ARC_CenteredClipping_nb_honest_clien
ts_10_tolerated_f_equal_real.pdf, id=2793, 462.52798pt x 346.89601pt>
File: ../activation_clip_plots/cnn_mnist_qclip_080/test_Optimal_ALittleIsEnough
_neg1_mnist_cnn_mnist_gamma_similarity_niid_NNM_ARC_CenteredClipping_nb_honest_
clients_10_tolerated_f_equal_real.pdf Graphic file (type pdf)
<use ../activation_clip_plots/cnn_mnist_qclip_080/test_Optimal_ALittleIsEnough_
neg1_mnist_cnn_mnist_gamma_similarity_niid_NNM_ARC_CenteredClipping_nb_honest_c
lients_10_tolerated_f_equal_real.pdf>
Package pdftex.def Info: ../activation_clip_plots/cnn_mnist_qclip_080/test_Opti
mal_ALittleIsEnough_neg1_mnist_cnn_mnist_gamma_similarity_niid_NNM_ARC_Centered
Clipping_nb_honest_clients_10_tolerated_f_equal_real.pdf  used on input line 60
8.
(pdftex.def)             Requested size: 161.14217pt x 120.85434pt.
<../results/activation_clip_plots/cnn_mnist_rawqclip_080/test_Optimal_ALittleIs
Enough_neg1_mnist_cnn_mnist_gamma_similarity_niid_NNM_ARC_CenteredClipping_nb_h
onest_clients_10_tolerated_f_equal_real.pdf, id=2794, 462.52798pt x 346.89601pt
>
File: ../results/activation_clip_plots/cnn_mnist_rawqclip_080/test_Optimal_ALit
tleIsEnough_neg1_mnist_cnn_mnist_gamma_similarity_niid_NNM_ARC_CenteredClipping
_nb_honest_clients_10_tolerated_f_equal_real.pdf Graphic file (type pdf)
<use ../results/activation_clip_plots/cnn_mnist_rawqclip_080/test_Optimal_ALitt
leIsEnough_neg1_mnist_cnn_mnist_gamma_similarity_niid_NNM_ARC_CenteredClipping_
nb_honest_clients_10_tolerated_f_equal_real.pdf>
Package pdftex.def Info: ../results/activation_clip_plots/cnn_mnist_rawqclip_08
0/test_Optimal_ALittleIsEnough_neg1_mnist_cnn_mnist_gamma_similarity_niid_NNM_A
RC_CenteredClipping_nb_honest_clients_10_tolerated_f_equal_real.pdf  used on in
put line 615.
(pdftex.def)             Requested size: 161.14217pt x 120.85434pt.
 [15

] [16 <../plots/mnist_clipping_heatmaps/cnn_mnist/test_Optimal_ALittleIsEnough_
neg1_mnist_cnn_mnist_gamma_similarity_niid_NNM_ARC_CenteredClipping_nb_honest_c
lients_10_tolerated_f_equal_real.pdf> <../plots/cnn_tanh_heatmaps/test_Optimal_
ALittleIsEnough_neg1_mnist_cnn_mnist_tanh_gamma_similarity_niid_NNM_ARC_Centere
dClipping_nb_honest_clients_10_tolerated_f_equal_real.pdf> <../plots/mnist_clip
ping_heatmaps/cnn_mnist_clipping_1/test_Optimal_ALittleIsEnough_neg1_mnist_cnn_
mnist_clipping_1_gamma_similarity_niid_NNM_ARC_CenteredClipping_nb_honest_clien
ts_10_tolerated_f_equal_real.pdf> <../plots/mnist_clipping_heatmaps/cnn_mnist_c
lipping_2/test_Optimal_ALittleIsEnough_neg1_mnist_cnn_mnist_clipping_2_gamma_si
milarity_niid_NNM_ARC_CenteredClipping_nb_honest_clients_10_tolerated_f_equal_r
eal.pdf> <../activation_clip_plots/cnn_mnist_clip_ste_1/test_Optimal_ALittleIsE
nough_neg1_mnist_cnn_mnist_clip_ste_1_gamma_similarity_niid_NNM_ARC_CenteredCli
pping_nb_honest_clients_10_tolerated_f_equal_real.pdf> <../activation_clip_plot
s/cnn_mnist_clip_ste_2/test_Optimal_ALittleIsEnough_neg1_mnist_cnn_mnist_clip_s
te_2_gamma_similarity_niid_NNM_ARC_CenteredClipping_nb_honest_clients_10_tolera
ted_f_equal_real.pdf> <../activation_clip_plots/cnn_mnist_clip_ramp_1/test_Opti
mal_ALittleIsEnough_neg1_mnist_cnn_mnist_clip_ramp_1_gamma_similarity_niid_NNM_
ARC_CenteredClipping_nb_honest_clients_10_tolerated_f_equal_real.pdf> <../activ
ation_clip_plots/cnn_mnist_clip_ramp_2/test_Optimal_ALittleIsEnough_neg1_mnist_
cnn_mnist_clip_ramp_2_gamma_similarity_niid_NNM_ARC_CenteredClipping_nb_honest_
clients_10_tolerated_f_equal_real.pdf> <../activation_clip_plots/cnn_mnist_qcli
p_080/test_Optimal_ALittleIsEnough_neg1_mnist_cnn_mnist_gamma_similarity_niid_N
NM_ARC_CenteredClipping_nb_honest_clients_10_tolerated_f_equal_real.pdf> <../re
sults/activation_clip_plots/cnn_mnist_rawqclip_080/test_Optimal_ALittleIsEnough
_neg1_mnist_cnn_mnist_gamma_similarity_niid_NNM_ARC_CenteredClipping_nb_honest_
clients_10_tolerated_f_equal_real.pdf>]
<../plots/mnist_clipping_heatmaps/cnn_mnist/test_SignFlipping_mnist_cnn_mnist_g
amma_similarity_niid_NNM_ARC_CenteredClipping_nb_honest_clients_10_tolerated_f_
equal_real.pdf, id=3304, 462.52798pt x 346.89601pt>
File: ../plots/mnist_clipping_heatmaps/cnn_mnist/test_SignFlipping_mnist_cnn_mn
ist_gamma_similarity_niid_NNM_ARC_CenteredClipping_nb_honest_clients_10_tolerat
ed_f_equal_real.pdf Graphic file (type pdf)
<use ../plots/mnist_clipping_heatmaps/cnn_mnist/test_SignFlipping_mnist_cnn_mni
st_gamma_similarity_niid_NNM_ARC_CenteredClipping_nb_honest_clients_10_tolerate
d_f_equal_real.pdf>
Package pdftex.def Info: ../plots/mnist_clipping_heatmaps/cnn_mnist/test_SignFl
ipping_mnist_cnn_mnist_gamma_similarity_niid_NNM_ARC_CenteredClipping_nb_honest
_clients_10_tolerated_f_equal_real.pdf  used on input line 628.
(pdftex.def)             Requested size: 161.14217pt x 120.85434pt.
<../plots/cnn_tanh_heatmaps/test_SignFlipping_mnist_cnn_mnist_tanh_gamma_simila
rity_niid_NNM_ARC_CenteredClipping_nb_honest_clients_10_tolerated_f_equal_real.
pdf, id=3305, 462.52798pt x 346.89601pt>
File: ../plots/cnn_tanh_heatmaps/test_SignFlipping_mnist_cnn_mnist_tanh_gamma_s
imilarity_niid_NNM_ARC_CenteredClipping_nb_honest_clients_10_tolerated_f_equal_
real.pdf Graphic file (type pdf)
<use ../plots/cnn_tanh_heatmaps/test_SignFlipping_mnist_cnn_mnist_tanh_gamma_si
milarity_niid_NNM_ARC_CenteredClipping_nb_honest_clients_10_tolerated_f_equal_r
eal.pdf>
Package pdftex.def Info: ../plots/cnn_tanh_heatmaps/test_SignFlipping_mnist_cnn
_mnist_tanh_gamma_similarity_niid_NNM_ARC_CenteredClipping_nb_honest_clients_10
_tolerated_f_equal_real.pdf  used on input line 635.
(pdftex.def)             Requested size: 161.14217pt x 120.85434pt.
<../plots/mnist_clipping_heatmaps/cnn_mnist_clipping_1/test_SignFlipping_mnist_
cnn_mnist_clipping_1_gamma_similarity_niid_NNM_ARC_CenteredClipping_nb_honest_c
lients_10_tolerated_f_equal_real.pdf, id=3306, 462.52798pt x 346.89601pt>
File: ../plots/mnist_clipping_heatmaps/cnn_mnist_clipping_1/test_SignFlipping_m
nist_cnn_mnist_clipping_1_gamma_similarity_niid_NNM_ARC_CenteredClipping_nb_hon
est_clients_10_tolerated_f_equal_real.pdf Graphic file (type pdf)
<use ../plots/mnist_clipping_heatmaps/cnn_mnist_clipping_1/test_SignFlipping_mn
ist_cnn_mnist_clipping_1_gamma_similarity_niid_NNM_ARC_CenteredClipping_nb_hone
st_clients_10_tolerated_f_equal_real.pdf>
Package pdftex.def Info: ../plots/mnist_clipping_heatmaps/cnn_mnist_clipping_1/
test_SignFlipping_mnist_cnn_mnist_clipping_1_gamma_similarity_niid_NNM_ARC_Cent
eredClipping_nb_honest_clients_10_tolerated_f_equal_real.pdf  used on input lin
e 642.
(pdftex.def)             Requested size: 161.14217pt x 120.85434pt.
<../plots/mnist_clipping_heatmaps/cnn_mnist_clipping_2/test_SignFlipping_mnist_
cnn_mnist_clipping_2_gamma_similarity_niid_NNM_ARC_CenteredClipping_nb_honest_c
lients_10_tolerated_f_equal_real.pdf, id=3307, 462.52798pt x 346.89601pt>
File: ../plots/mnist_clipping_heatmaps/cnn_mnist_clipping_2/test_SignFlipping_m
nist_cnn_mnist_clipping_2_gamma_similarity_niid_NNM_ARC_CenteredClipping_nb_hon
est_clients_10_tolerated_f_equal_real.pdf Graphic file (type pdf)
<use ../plots/mnist_clipping_heatmaps/cnn_mnist_clipping_2/test_SignFlipping_mn
ist_cnn_mnist_clipping_2_gamma_similarity_niid_NNM_ARC_CenteredClipping_nb_hone
st_clients_10_tolerated_f_equal_real.pdf>
Package pdftex.def Info: ../plots/mnist_clipping_heatmaps/cnn_mnist_clipping_2/
test_SignFlipping_mnist_cnn_mnist_clipping_2_gamma_similarity_niid_NNM_ARC_Cent
eredClipping_nb_honest_clients_10_tolerated_f_equal_real.pdf  used on input lin
e 649.
(pdftex.def)             Requested size: 161.14217pt x 120.85434pt.
<../activation_clip_plots/cnn_mnist_clip_ste_1/test_SignFlipping_mnist_cnn_mnis
t_clip_ste_1_gamma_similarity_niid_NNM_ARC_CenteredClipping_nb_honest_clients_1
0_tolerated_f_equal_real.pdf, id=3308, 462.52798pt x 346.89601pt>
File: ../activation_clip_plots/cnn_mnist_clip_ste_1/test_SignFlipping_mnist_cnn
_mnist_clip_ste_1_gamma_similarity_niid_NNM_ARC_CenteredClipping_nb_honest_clie
nts_10_tolerated_f_equal_real.pdf Graphic file (type pdf)
<use ../activation_clip_plots/cnn_mnist_clip_ste_1/test_SignFlipping_mnist_cnn_
mnist_clip_ste_1_gamma_similarity_niid_NNM_ARC_CenteredClipping_nb_honest_clien
ts_10_tolerated_f_equal_real.pdf>
Package pdftex.def Info: ../activation_clip_plots/cnn_mnist_clip_ste_1/test_Sig
nFlipping_mnist_cnn_mnist_clip_ste_1_gamma_similarity_niid_NNM_ARC_CenteredClip
ping_nb_honest_clients_10_tolerated_f_equal_real.pdf  used on input line 656.
(pdftex.def)             Requested size: 161.14217pt x 120.85434pt.
<../activation_clip_plots/cnn_mnist_clip_ste_2/test_SignFlipping_mnist_cnn_mnis
t_clip_ste_2_gamma_similarity_niid_NNM_ARC_CenteredClipping_nb_honest_clients_1
0_tolerated_f_equal_real.pdf, id=3309, 462.52798pt x 346.89601pt>
File: ../activation_clip_plots/cnn_mnist_clip_ste_2/test_SignFlipping_mnist_cnn
_mnist_clip_ste_2_gamma_similarity_niid_NNM_ARC_CenteredClipping_nb_honest_clie
nts_10_tolerated_f_equal_real.pdf Graphic file (type pdf)
<use ../activation_clip_plots/cnn_mnist_clip_ste_2/test_SignFlipping_mnist_cnn_
mnist_clip_ste_2_gamma_similarity_niid_NNM_ARC_CenteredClipping_nb_honest_clien
ts_10_tolerated_f_equal_real.pdf>
Package pdftex.def Info: ../activation_clip_plots/cnn_mnist_clip_ste_2/test_Sig
nFlipping_mnist_cnn_mnist_clip_ste_2_gamma_similarity_niid_NNM_ARC_CenteredClip
ping_nb_honest_clients_10_tolerated_f_equal_real.pdf  used on input line 663.
(pdftex.def)             Requested size: 161.14217pt x 120.85434pt.
<../activation_clip_plots/cnn_mnist_clip_ramp_1/test_SignFlipping_mnist_cnn_mni
st_clip_ramp_1_gamma_similarity_niid_NNM_ARC_CenteredClipping_nb_honest_clients
_10_tolerated_f_equal_real.pdf, id=3310, 462.52798pt x 346.89601pt>
File: ../activation_clip_plots/cnn_mnist_clip_ramp_1/test_SignFlipping_mnist_cn
n_mnist_clip_ramp_1_gamma_similarity_niid_NNM_ARC_CenteredClipping_nb_honest_cl
ients_10_tolerated_f_equal_real.pdf Graphic file (type pdf)
<use ../activation_clip_plots/cnn_mnist_clip_ramp_1/test_SignFlipping_mnist_cnn
_mnist_clip_ramp_1_gamma_similarity_niid_NNM_ARC_CenteredClipping_nb_honest_cli
ents_10_tolerated_f_equal_real.pdf>
Package pdftex.def Info: ../activation_clip_plots/cnn_mnist_clip_ramp_1/test_Si
gnFlipping_mnist_cnn_mnist_clip_ramp_1_gamma_similarity_niid_NNM_ARC_CenteredCl
ipping_nb_honest_clients_10_tolerated_f_equal_real.pdf  used on input line 670.

(pdftex.def)             Requested size: 161.14217pt x 120.85434pt.
<../activation_clip_plots/cnn_mnist_clip_ramp_2/test_SignFlipping_mnist_cnn_mni
st_clip_ramp_2_gamma_similarity_niid_NNM_ARC_CenteredClipping_nb_honest_clients
_10_tolerated_f_equal_real.pdf, id=3311, 462.52798pt x 346.89601pt>
File: ../activation_clip_plots/cnn_mnist_clip_ramp_2/test_SignFlipping_mnist_cn
n_mnist_clip_ramp_2_gamma_similarity_niid_NNM_ARC_CenteredClipping_nb_honest_cl
ients_10_tolerated_f_equal_real.pdf Graphic file (type pdf)
<use ../activation_clip_plots/cnn_mnist_clip_ramp_2/test_SignFlipping_mnist_cnn
_mnist_clip_ramp_2_gamma_similarity_niid_NNM_ARC_CenteredClipping_nb_honest_cli
ents_10_tolerated_f_equal_real.pdf>
Package pdftex.def Info: ../activation_clip_plots/cnn_mnist_clip_ramp_2/test_Si
gnFlipping_mnist_cnn_mnist_clip_ramp_2_gamma_similarity_niid_NNM_ARC_CenteredCl
ipping_nb_honest_clients_10_tolerated_f_equal_real.pdf  used on input line 677.

(pdftex.def)             Requested size: 161.14217pt x 120.85434pt.
<../activation_clip_plots/cnn_mnist_qclip_080/test_SignFlipping_mnist_cnn_mnist
_gamma_similarity_niid_NNM_ARC_CenteredClipping_nb_honest_clients_10_tolerated_
f_equal_real.pdf, id=3312, 462.52798pt x 346.89601pt>
File: ../activation_clip_plots/cnn_mnist_qclip_080/test_SignFlipping_mnist_cnn_
mnist_gamma_similarity_niid_NNM_ARC_CenteredClipping_nb_honest_clients_10_toler
ated_f_equal_real.pdf Graphic file (type pdf)
<use ../activation_clip_plots/cnn_mnist_qclip_080/test_SignFlipping_mnist_cnn_m
nist_gamma_similarity_niid_NNM_ARC_CenteredClipping_nb_honest_clients_10_tolera
ted_f_equal_real.pdf>
Package pdftex.def Info: ../activation_clip_plots/cnn_mnist_qclip_080/test_Sign
Flipping_mnist_cnn_mnist_gamma_similarity_niid_NNM_ARC_CenteredClipping_nb_hone
st_clients_10_tolerated_f_equal_real.pdf  used on input line 684.
(pdftex.def)             Requested size: 161.14217pt x 120.85434pt.
<../results/activation_clip_plots/cnn_mnist_rawqclip_080/test_SignFlipping_mnis
t_cnn_mnist_gamma_similarity_niid_NNM_ARC_CenteredClipping_nb_honest_clients_10
_tolerated_f_equal_real.pdf, id=3313, 462.52798pt x 346.89601pt>
File: ../results/activation_clip_plots/cnn_mnist_rawqclip_080/test_SignFlipping
_mnist_cnn_mnist_gamma_similarity_niid_NNM_ARC_CenteredClipping_nb_honest_clien
ts_10_tolerated_f_equal_real.pdf Graphic file (type pdf)
<use ../results/activation_clip_plots/cnn_mnist_rawqclip_080/test_SignFlipping_
mnist_cnn_mnist_gamma_similarity_niid_NNM_ARC_CenteredClipping_nb_honest_client
s_10_tolerated_f_equal_real.pdf>
Package pdftex.def Info: ../results/activation_clip_plots/cnn_mnist_rawqclip_08
0/test_SignFlipping_mnist_cnn_mnist_gamma_similarity_niid_NNM_ARC_CenteredClipp
ing_nb_honest_clients_10_tolerated_f_equal_real.pdf  used on input line 691.
(pdftex.def)             Requested size: 161.14217pt x 120.85434pt.
 [17

] [18 <../plots/mnist_clipping_heatmaps/cnn_mnist/test_SignFlipping_mnist_cnn_m
nist_gamma_similarity_niid_NNM_ARC_CenteredClipping_nb_honest_clients_10_tolera
ted_f_equal_real.pdf> <../plots/cnn_tanh_heatmaps/test_SignFlipping_mnist_cnn_m
nist_tanh_gamma_similarity_niid_NNM_ARC_CenteredClipping_nb_honest_clients_10_t
olerated_f_equal_real.pdf> <../plots/mnist_clipping_heatmaps/cnn_mnist_clipping
_1/test_SignFlipping_mnist_cnn_mnist_clipping_1_gamma_similarity_niid_NNM_ARC_C
enteredClipping_nb_honest_clients_10_tolerated_f_equal_real.pdf> <../plots/mnis
t_clipping_heatmaps/cnn_mnist_clipping_2/test_SignFlipping_mnist_cnn_mnist_clip
ping_2_gamma_similarity_niid_NNM_ARC_CenteredClipping_nb_honest_clients_10_tole
rated_f_equal_real.pdf> <../activation_clip_plots/cnn_mnist_clip_ste_1/test_Sig
nFlipping_mnist_cnn_mnist_clip_ste_1_gamma_similarity_niid_NNM_ARC_CenteredClip
ping_nb_honest_clients_10_tolerated_f_equal_real.pdf> <../activation_clip_plots
/cnn_mnist_clip_ste_2/test_SignFlipping_mnist_cnn_mnist_clip_ste_2_gamma_simila
rity_niid_NNM_ARC_CenteredClipping_nb_honest_clients_10_tolerated_f_equal_real.
pdf> <../activation_clip_plots/cnn_mnist_clip_ramp_1/test_SignFlipping_mnist_cn
n_mnist_clip_ramp_1_gamma_similarity_niid_NNM_ARC_CenteredClipping_nb_honest_cl
ients_10_tolerated_f_equal_real.pdf> <../activation_clip_plots/cnn_mnist_clip_r
amp_2/test_SignFlipping_mnist_cnn_mnist_clip_ramp_2_gamma_similarity_niid_NNM_A
RC_CenteredClipping_nb_honest_clients_10_tolerated_f_equal_real.pdf> <../activa
tion_clip_plots/cnn_mnist_qclip_080/test_SignFlipping_mnist_cnn_mnist_gamma_sim
ilarity_niid_NNM_ARC_CenteredClipping_nb_honest_clients_10_tolerated_f_equal_re
al.pdf> <../results/activation_clip_plots/cnn_mnist_rawqclip_080/test_SignFlipp
ing_mnist_cnn_mnist_gamma_similarity_niid_NNM_ARC_CenteredClipping_nb_honest_cl
ients_10_tolerated_f_equal_real.pdf>]
<../plots/mnist_clipping_heatmaps/cnn_mnist/test_Optimal_InnerProductManipulati
on_mnist_cnn_mnist_gamma_similarity_niid_NNM_ARC_CenteredClipping_nb_honest_cli
ents_10_tolerated_f_equal_real.pdf, id=3793, 462.52798pt x 346.89601pt>
File: ../plots/mnist_clipping_heatmaps/cnn_mnist/test_Optimal_InnerProductManip
ulation_mnist_cnn_mnist_gamma_similarity_niid_NNM_ARC_CenteredClipping_nb_hones
t_clients_10_tolerated_f_equal_real.pdf Graphic file (type pdf)
<use ../plots/mnist_clipping_heatmaps/cnn_mnist/test_Optimal_InnerProductManipu
lation_mnist_cnn_mnist_gamma_similarity_niid_NNM_ARC_CenteredClipping_nb_honest
_clients_10_tolerated_f_equal_real.pdf>
Package pdftex.def Info: ../plots/mnist_clipping_heatmaps/cnn_mnist/test_Optima
l_InnerProductManipulation_mnist_cnn_mnist_gamma_similarity_niid_NNM_ARC_Center
edClipping_nb_honest_clients_10_tolerated_f_equal_real.pdf  used on input line 
704.
(pdftex.def)             Requested size: 161.14217pt x 120.85434pt.
<../plots/cnn_tanh_heatmaps/test_Optimal_InnerProductManipulation_mnist_cnn_mni
st_tanh_gamma_similarity_niid_NNM_ARC_CenteredClipping_nb_honest_clients_10_tol
erated_f_equal_real.pdf, id=3794, 462.52798pt x 346.89601pt>
File: ../plots/cnn_tanh_heatmaps/test_Optimal_InnerProductManipulation_mnist_cn
n_mnist_tanh_gamma_similarity_niid_NNM_ARC_CenteredClipping_nb_honest_clients_1
0_tolerated_f_equal_real.pdf Graphic file (type pdf)
<use ../plots/cnn_tanh_heatmaps/test_Optimal_InnerProductManipulation_mnist_cnn
_mnist_tanh_gamma_similarity_niid_NNM_ARC_CenteredClipping_nb_honest_clients_10
_tolerated_f_equal_real.pdf>
Package pdftex.def Info: ../plots/cnn_tanh_heatmaps/test_Optimal_InnerProductMa
nipulation_mnist_cnn_mnist_tanh_gamma_similarity_niid_NNM_ARC_CenteredClipping_
nb_honest_clients_10_tolerated_f_equal_real.pdf  used on input line 711.
(pdftex.def)             Requested size: 161.14217pt x 120.85434pt.
<../plots/mnist_clipping_heatmaps/cnn_mnist_clipping_1/test_Optimal_InnerProduc
tManipulation_mnist_cnn_mnist_clipping_1_gamma_similarity_niid_NNM_ARC_Centered
Clipping_nb_honest_clients_10_tolerated_f_equal_real.pdf, id=3795, 462.52798pt 
x 346.89601pt>
File: ../plots/mnist_clipping_heatmaps/cnn_mnist_clipping_1/test_Optimal_InnerP
roductManipulation_mnist_cnn_mnist_clipping_1_gamma_similarity_niid_NNM_ARC_Cen
teredClipping_nb_honest_clients_10_tolerated_f_equal_real.pdf Graphic file (typ
e pdf)
<use ../plots/mnist_clipping_heatmaps/cnn_mnist_clipping_1/test_Optimal_InnerPr
oductManipulation_mnist_cnn_mnist_clipping_1_gamma_similarity_niid_NNM_ARC_Cent
eredClipping_nb_honest_clients_10_tolerated_f_equal_real.pdf>
Package pdftex.def Info: ../plots/mnist_clipping_heatmaps/cnn_mnist_clipping_1/
test_Optimal_InnerProductManipulation_mnist_cnn_mnist_clipping_1_gamma_similari
ty_niid_NNM_ARC_CenteredClipping_nb_honest_clients_10_tolerated_f_equal_real.pd
f  used on input line 718.
(pdftex.def)             Requested size: 161.14217pt x 120.85434pt.
<../plots/mnist_clipping_heatmaps/cnn_mnist_clipping_2/test_Optimal_InnerProduc
tManipulation_mnist_cnn_mnist_clipping_2_gamma_similarity_niid_NNM_ARC_Centered
Clipping_nb_honest_clients_10_tolerated_f_equal_real.pdf, id=3796, 462.52798pt 
x 346.89601pt>
File: ../plots/mnist_clipping_heatmaps/cnn_mnist_clipping_2/test_Optimal_InnerP
roductManipulation_mnist_cnn_mnist_clipping_2_gamma_similarity_niid_NNM_ARC_Cen
teredClipping_nb_honest_clients_10_tolerated_f_equal_real.pdf Graphic file (typ
e pdf)
<use ../plots/mnist_clipping_heatmaps/cnn_mnist_clipping_2/test_Optimal_InnerPr
oductManipulation_mnist_cnn_mnist_clipping_2_gamma_similarity_niid_NNM_ARC_Cent
eredClipping_nb_honest_clients_10_tolerated_f_equal_real.pdf>
Package pdftex.def Info: ../plots/mnist_clipping_heatmaps/cnn_mnist_clipping_2/
test_Optimal_InnerProductManipulation_mnist_cnn_mnist_clipping_2_gamma_similari
ty_niid_NNM_ARC_CenteredClipping_nb_honest_clients_10_tolerated_f_equal_real.pd
f  used on input line 725.
(pdftex.def)             Requested size: 161.14217pt x 120.85434pt.
<../activation_clip_plots/cnn_mnist_clip_ste_1/test_Optimal_InnerProductManipul
ation_mnist_cnn_mnist_clip_ste_1_gamma_similarity_niid_NNM_ARC_CenteredClipping
_nb_honest_clients_10_tolerated_f_equal_real.pdf, id=3797, 462.52798pt x 346.89
601pt>
File: ../activation_clip_plots/cnn_mnist_clip_ste_1/test_Optimal_InnerProductMa
nipulation_mnist_cnn_mnist_clip_ste_1_gamma_similarity_niid_NNM_ARC_CenteredCli
pping_nb_honest_clients_10_tolerated_f_equal_real.pdf Graphic file (type pdf)
<use ../activation_clip_plots/cnn_mnist_clip_ste_1/test_Optimal_InnerProductMan
ipulation_mnist_cnn_mnist_clip_ste_1_gamma_similarity_niid_NNM_ARC_CenteredClip
ping_nb_honest_clients_10_tolerated_f_equal_real.pdf>
Package pdftex.def Info: ../activation_clip_plots/cnn_mnist_clip_ste_1/test_Opt
imal_InnerProductManipulation_mnist_cnn_mnist_clip_ste_1_gamma_similarity_niid_
NNM_ARC_CenteredClipping_nb_honest_clients_10_tolerated_f_equal_real.pdf  used 
on input line 732.
(pdftex.def)             Requested size: 161.14217pt x 120.85434pt.
<../activation_clip_plots/cnn_mnist_clip_ste_2/test_Optimal_InnerProductManipul
ation_mnist_cnn_mnist_clip_ste_2_gamma_similarity_niid_NNM_ARC_CenteredClipping
_nb_honest_clients_10_tolerated_f_equal_real.pdf, id=3798, 462.52798pt x 346.89
601pt>
File: ../activation_clip_plots/cnn_mnist_clip_ste_2/test_Optimal_InnerProductMa
nipulation_mnist_cnn_mnist_clip_ste_2_gamma_similarity_niid_NNM_ARC_CenteredCli
pping_nb_honest_clients_10_tolerated_f_equal_real.pdf Graphic file (type pdf)
<use ../activation_clip_plots/cnn_mnist_clip_ste_2/test_Optimal_InnerProductMan
ipulation_mnist_cnn_mnist_clip_ste_2_gamma_similarity_niid_NNM_ARC_CenteredClip
ping_nb_honest_clients_10_tolerated_f_equal_real.pdf>
Package pdftex.def Info: ../activation_clip_plots/cnn_mnist_clip_ste_2/test_Opt
imal_InnerProductManipulation_mnist_cnn_mnist_clip_ste_2_gamma_similarity_niid_
NNM_ARC_CenteredClipping_nb_honest_clients_10_tolerated_f_equal_real.pdf  used 
on input line 739.
(pdftex.def)             Requested size: 161.14217pt x 120.85434pt.
<../activation_clip_plots/cnn_mnist_clip_ramp_1/test_Optimal_InnerProductManipu
lation_mnist_cnn_mnist_clip_ramp_1_gamma_similarity_niid_NNM_ARC_CenteredClippi
ng_nb_honest_clients_10_tolerated_f_equal_real.pdf, id=3799, 462.52798pt x 346.
89601pt>
File: ../activation_clip_plots/cnn_mnist_clip_ramp_1/test_Optimal_InnerProductM
anipulation_mnist_cnn_mnist_clip_ramp_1_gamma_similarity_niid_NNM_ARC_CenteredC
lipping_nb_honest_clients_10_tolerated_f_equal_real.pdf Graphic file (type pdf)

<use ../activation_clip_plots/cnn_mnist_clip_ramp_1/test_Optimal_InnerProductMa
nipulation_mnist_cnn_mnist_clip_ramp_1_gamma_similarity_niid_NNM_ARC_CenteredCl
ipping_nb_honest_clients_10_tolerated_f_equal_real.pdf>
Package pdftex.def Info: ../activation_clip_plots/cnn_mnist_clip_ramp_1/test_Op
timal_InnerProductManipulation_mnist_cnn_mnist_clip_ramp_1_gamma_similarity_nii
d_NNM_ARC_CenteredClipping_nb_honest_clients_10_tolerated_f_equal_real.pdf  use
d on input line 746.
(pdftex.def)             Requested size: 161.14217pt x 120.85434pt.
<../activation_clip_plots/cnn_mnist_clip_ramp_2/test_Optimal_InnerProductManipu
lation_mnist_cnn_mnist_clip_ramp_2_gamma_similarity_niid_NNM_ARC_CenteredClippi
ng_nb_honest_clients_10_tolerated_f_equal_real.pdf, id=3800, 462.52798pt x 346.
89601pt>
File: ../activation_clip_plots/cnn_mnist_clip_ramp_2/test_Optimal_InnerProductM
anipulation_mnist_cnn_mnist_clip_ramp_2_gamma_similarity_niid_NNM_ARC_CenteredC
lipping_nb_honest_clients_10_tolerated_f_equal_real.pdf Graphic file (type pdf)

<use ../activation_clip_plots/cnn_mnist_clip_ramp_2/test_Optimal_InnerProductMa
nipulation_mnist_cnn_mnist_clip_ramp_2_gamma_similarity_niid_NNM_ARC_CenteredCl
ipping_nb_honest_clients_10_tolerated_f_equal_real.pdf>
Package pdftex.def Info: ../activation_clip_plots/cnn_mnist_clip_ramp_2/test_Op
timal_InnerProductManipulation_mnist_cnn_mnist_clip_ramp_2_gamma_similarity_nii
d_NNM_ARC_CenteredClipping_nb_honest_clients_10_tolerated_f_equal_real.pdf  use
d on input line 753.
(pdftex.def)             Requested size: 161.14217pt x 120.85434pt.
<../activation_clip_plots/cnn_mnist_qclip_080/test_Optimal_InnerProductManipula
tion_mnist_cnn_mnist_gamma_similarity_niid_NNM_ARC_CenteredClipping_nb_honest_c
lients_10_tolerated_f_equal_real.pdf, id=3801, 462.52798pt x 346.89601pt>
File: ../activation_clip_plots/cnn_mnist_qclip_080/test_Optimal_InnerProductMan
ipulation_mnist_cnn_mnist_gamma_similarity_niid_NNM_ARC_CenteredClipping_nb_hon
est_clients_10_tolerated_f_equal_real.pdf Graphic file (type pdf)
<use ../activation_clip_plots/cnn_mnist_qclip_080/test_Optimal_InnerProductMani
pulation_mnist_cnn_mnist_gamma_similarity_niid_NNM_ARC_CenteredClipping_nb_hone
st_clients_10_tolerated_f_equal_real.pdf>
Package pdftex.def Info: ../activation_clip_plots/cnn_mnist_qclip_080/test_Opti
mal_InnerProductManipulation_mnist_cnn_mnist_gamma_similarity_niid_NNM_ARC_Cent
eredClipping_nb_honest_clients_10_tolerated_f_equal_real.pdf  used on input lin
e 760.
(pdftex.def)             Requested size: 161.14217pt x 120.85434pt.
<../results/activation_clip_plots/cnn_mnist_rawqclip_080/test_Optimal_InnerProd
uctManipulation_mnist_cnn_mnist_gamma_similarity_niid_NNM_ARC_CenteredClipping_
nb_honest_clients_10_tolerated_f_equal_real.pdf, id=3802, 462.52798pt x 346.896
01pt>
File: ../results/activation_clip_plots/cnn_mnist_rawqclip_080/test_Optimal_Inne
rProductManipulation_mnist_cnn_mnist_gamma_similarity_niid_NNM_ARC_CenteredClip
ping_nb_honest_clients_10_tolerated_f_equal_real.pdf Graphic file (type pdf)
<use ../results/activation_clip_plots/cnn_mnist_rawqclip_080/test_Optimal_Inner
ProductManipulation_mnist_cnn_mnist_gamma_similarity_niid_NNM_ARC_CenteredClipp
ing_nb_honest_clients_10_tolerated_f_equal_real.pdf>
Package pdftex.def Info: ../results/activation_clip_plots/cnn_mnist_rawqclip_08
0/test_Optimal_InnerProductManipulation_mnist_cnn_mnist_gamma_similarity_niid_N
NM_ARC_CenteredClipping_nb_honest_clients_10_tolerated_f_equal_real.pdf  used o
n input line 767.
(pdftex.def)             Requested size: 161.14217pt x 120.85434pt.
 [19

] [20 <../plots/mnist_clipping_heatmaps/cnn_mnist/test_Optimal_InnerProductMani
pulation_mnist_cnn_mnist_gamma_similarity_niid_NNM_ARC_CenteredClipping_nb_hone
st_clients_10_tolerated_f_equal_real.pdf> <../plots/cnn_tanh_heatmaps/test_Opti
mal_InnerProductManipulation_mnist_cnn_mnist_tanh_gamma_similarity_niid_NNM_ARC
_CenteredClipping_nb_honest_clients_10_tolerated_f_equal_real.pdf> <../plots/mn
ist_clipping_heatmaps/cnn_mnist_clipping_1/test_Optimal_InnerProductManipulatio
n_mnist_cnn_mnist_clipping_1_gamma_similarity_niid_NNM_ARC_CenteredClipping_nb_
honest_clients_10_tolerated_f_equal_real.pdf> <../plots/mnist_clipping_heatmaps
/cnn_mnist_clipping_2/test_Optimal_InnerProductManipulation_mnist_cnn_mnist_cli
pping_2_gamma_similarity_niid_NNM_ARC_CenteredClipping_nb_honest_clients_10_tol
erated_f_equal_real.pdf> <../activation_clip_plots/cnn_mnist_clip_ste_1/test_Op
timal_InnerProductManipulation_mnist_cnn_mnist_clip_ste_1_gamma_similarity_niid
_NNM_ARC_CenteredClipping_nb_honest_clients_10_tolerated_f_equal_real.pdf> <../
activation_clip_plots/cnn_mnist_clip_ste_2/test_Optimal_InnerProductManipulatio
n_mnist_cnn_mnist_clip_ste_2_gamma_similarity_niid_NNM_ARC_CenteredClipping_nb_
honest_clients_10_tolerated_f_equal_real.pdf> <../activation_clip_plots/cnn_mni
st_clip_ramp_1/test_Optimal_InnerProductManipulation_mnist_cnn_mnist_clip_ramp_
1_gamma_similarity_niid_NNM_ARC_CenteredClipping_nb_honest_clients_10_tolerated
_f_equal_real.pdf> <../activation_clip_plots/cnn_mnist_clip_ramp_2/test_Optimal
_InnerProductManipulation_mnist_cnn_mnist_clip_ramp_2_gamma_similarity_niid_NNM
_ARC_CenteredClipping_nb_honest_clients_10_tolerated_f_equal_real.pdf> <../acti
vation_clip_plots/cnn_mnist_qclip_080/test_Optimal_InnerProductManipulation_mni
st_cnn_mnist_gamma_similarity_niid_NNM_ARC_CenteredClipping_nb_honest_clients_1
0_tolerated_f_equal_real.pdf> <../results/activation_clip_plots/cnn_mnist_rawqc
lip_080/test_Optimal_InnerProductManipulation_mnist_cnn_mnist_gamma_similarity_
niid_NNM_ARC_CenteredClipping_nb_honest_clients_10_tolerated_f_equal_real.pdf>]
<../plots/mnist_clipping_heatmaps/cnn_mnist/test_mnist_cnn_mnist_gamma_similari
ty_niid_NNM_ARC_GeometricMedian_nb_honest_clients_10_tolerated_f_equal_real.pdf
, id=4323, 462.52798pt x 346.89601pt>
File: ../plots/mnist_clipping_heatmaps/cnn_mnist/test_mnist_cnn_mnist_gamma_sim
ilarity_niid_NNM_ARC_GeometricMedian_nb_honest_clients_10_tolerated_f_equal_rea
l.pdf Graphic file (type pdf)
<use ../plots/mnist_clipping_heatmaps/cnn_mnist/test_mnist_cnn_mnist_gamma_simi
larity_niid_NNM_ARC_GeometricMedian_nb_honest_clients_10_tolerated_f_equal_real
.pdf>
Package pdftex.def Info: ../plots/mnist_clipping_heatmaps/cnn_mnist/test_mnist_
cnn_mnist_gamma_similarity_niid_NNM_ARC_GeometricMedian_nb_honest_clients_10_to
lerated_f_equal_real.pdf  used on input line 781.
(pdftex.def)             Requested size: 161.14217pt x 120.85434pt.
<../plots/cnn_tanh_heatmaps/test_mnist_cnn_mnist_tanh_gamma_similarity_niid_NNM
_ARC_GeometricMedian_nb_honest_clients_10_tolerated_f_equal_real.pdf, id=4324, 
462.52798pt x 346.89601pt>
File: ../plots/cnn_tanh_heatmaps/test_mnist_cnn_mnist_tanh_gamma_similarity_nii
d_NNM_ARC_GeometricMedian_nb_honest_clients_10_tolerated_f_equal_real.pdf Graph
ic file (type pdf)
<use ../plots/cnn_tanh_heatmaps/test_mnist_cnn_mnist_tanh_gamma_similarity_niid
_NNM_ARC_GeometricMedian_nb_honest_clients_10_tolerated_f_equal_real.pdf>
Package pdftex.def Info: ../plots/cnn_tanh_heatmaps/test_mnist_cnn_mnist_tanh_g
amma_similarity_niid_NNM_ARC_GeometricMedian_nb_honest_clients_10_tolerated_f_e
qual_real.pdf  used on input line 788.
(pdftex.def)             Requested size: 161.14217pt x 120.85434pt.
<../plots/cnn_clipped_heatmaps/test_mnist_cnn_mnist_gamma_similarity_niid_NNM_A
RC_GeometricMedian_nb_honest_clients_10_tolerated_f_equal_real.pdf, id=4325, 46
2.52798pt x 346.89601pt>
File: ../plots/cnn_clipped_heatmaps/test_mnist_cnn_mnist_gamma_similarity_niid_
NNM_ARC_GeometricMedian_nb_honest_clients_10_tolerated_f_equal_real.pdf Graphic
 file (type pdf)
<use ../plots/cnn_clipped_heatmaps/test_mnist_cnn_mnist_gamma_similarity_niid_N
NM_ARC_GeometricMedian_nb_honest_clients_10_tolerated_f_equal_real.pdf>
Package pdftex.def Info: ../plots/cnn_clipped_heatmaps/test_mnist_cnn_mnist_gam
ma_similarity_niid_NNM_ARC_GeometricMedian_nb_honest_clients_10_tolerated_f_equ
al_real.pdf  used on input line 795.
(pdftex.def)             Requested size: 161.14217pt x 120.85434pt.
<../plots/mnist_clipping_heatmaps/cnn_mnist_clipping_1/test_mnist_cnn_mnist_cli
pping_1_gamma_similarity_niid_NNM_ARC_GeometricMedian_nb_honest_clients_10_tole
rated_f_equal_real.pdf, id=4326, 462.52798pt x 346.89601pt>
File: ../plots/mnist_clipping_heatmaps/cnn_mnist_clipping_1/test_mnist_cnn_mnis
t_clipping_1_gamma_similarity_niid_NNM_ARC_GeometricMedian_nb_honest_clients_10
_tolerated_f_equal_real.pdf Graphic file (type pdf)
<use ../plots/mnist_clipping_heatmaps/cnn_mnist_clipping_1/test_mnist_cnn_mnist
_clipping_1_gamma_similarity_niid_NNM_ARC_GeometricMedian_nb_honest_clients_10_
tolerated_f_equal_real.pdf>
Package pdftex.def Info: ../plots/mnist_clipping_heatmaps/cnn_mnist_clipping_1/
test_mnist_cnn_mnist_clipping_1_gamma_similarity_niid_NNM_ARC_GeometricMedian_n
b_honest_clients_10_tolerated_f_equal_real.pdf  used on input line 802.
(pdftex.def)             Requested size: 161.14217pt x 120.85434pt.
<../plots/mnist_clipping_heatmaps/cnn_mnist_clipping_2/test_mnist_cnn_mnist_cli
pping_2_gamma_similarity_niid_NNM_ARC_GeometricMedian_nb_honest_clients_10_tole
rated_f_equal_real.pdf, id=4327, 462.52798pt x 346.89601pt>
File: ../plots/mnist_clipping_heatmaps/cnn_mnist_clipping_2/test_mnist_cnn_mnis
t_clipping_2_gamma_similarity_niid_NNM_ARC_GeometricMedian_nb_honest_clients_10
_tolerated_f_equal_real.pdf Graphic file (type pdf)
<use ../plots/mnist_clipping_heatmaps/cnn_mnist_clipping_2/test_mnist_cnn_mnist
_clipping_2_gamma_similarity_niid_NNM_ARC_GeometricMedian_nb_honest_clients_10_
tolerated_f_equal_real.pdf>
Package pdftex.def Info: ../plots/mnist_clipping_heatmaps/cnn_mnist_clipping_2/
test_mnist_cnn_mnist_clipping_2_gamma_similarity_niid_NNM_ARC_GeometricMedian_n
b_honest_clients_10_tolerated_f_equal_real.pdf  used on input line 809.
(pdftex.def)             Requested size: 161.14217pt x 120.85434pt.
<../activation_clip_plots/cnn_mnist_clip_ste_1/test_mnist_cnn_mnist_clip_ste_1_
gamma_similarity_niid_NNM_ARC_GeometricMedian_nb_honest_clients_10_tolerated_f_
equal_real.pdf, id=4328, 462.52798pt x 346.89601pt>
File: ../activation_clip_plots/cnn_mnist_clip_ste_1/test_mnist_cnn_mnist_clip_s
te_1_gamma_similarity_niid_NNM_ARC_GeometricMedian_nb_honest_clients_10_tolerat
ed_f_equal_real.pdf Graphic file (type pdf)
<use ../activation_clip_plots/cnn_mnist_clip_ste_1/test_mnist_cnn_mnist_clip_st
e_1_gamma_similarity_niid_NNM_ARC_GeometricMedian_nb_honest_clients_10_tolerate
d_f_equal_real.pdf>
Package pdftex.def Info: ../activation_clip_plots/cnn_mnist_clip_ste_1/test_mni
st_cnn_mnist_clip_ste_1_gamma_similarity_niid_NNM_ARC_GeometricMedian_nb_honest
_clients_10_tolerated_f_equal_real.pdf  used on input line 816.
(pdftex.def)             Requested size: 161.14217pt x 120.85434pt.
<../activation_clip_plots/cnn_mnist_clip_ste_2/test_mnist_cnn_mnist_clip_ste_2_
gamma_similarity_niid_NNM_ARC_GeometricMedian_nb_honest_clients_10_tolerated_f_
equal_real.pdf, id=4329, 462.52798pt x 346.89601pt>
File: ../activation_clip_plots/cnn_mnist_clip_ste_2/test_mnist_cnn_mnist_clip_s
te_2_gamma_similarity_niid_NNM_ARC_GeometricMedian_nb_honest_clients_10_tolerat
ed_f_equal_real.pdf Graphic file (type pdf)
<use ../activation_clip_plots/cnn_mnist_clip_ste_2/test_mnist_cnn_mnist_clip_st
e_2_gamma_similarity_niid_NNM_ARC_GeometricMedian_nb_honest_clients_10_tolerate
d_f_equal_real.pdf>
Package pdftex.def Info: ../activation_clip_plots/cnn_mnist_clip_ste_2/test_mni
st_cnn_mnist_clip_ste_2_gamma_similarity_niid_NNM_ARC_GeometricMedian_nb_honest
_clients_10_tolerated_f_equal_real.pdf  used on input line 823.
(pdftex.def)             Requested size: 161.14217pt x 120.85434pt.
<../activation_clip_plots/cnn_mnist_clip_ramp_1/test_mnist_cnn_mnist_clip_ramp_
1_gamma_similarity_niid_NNM_ARC_GeometricMedian_nb_honest_clients_10_tolerated_
f_equal_real.pdf, id=4330, 462.52798pt x 346.89601pt>
File: ../activation_clip_plots/cnn_mnist_clip_ramp_1/test_mnist_cnn_mnist_clip_
ramp_1_gamma_similarity_niid_NNM_ARC_GeometricMedian_nb_honest_clients_10_toler
ated_f_equal_real.pdf Graphic file (type pdf)
<use ../activation_clip_plots/cnn_mnist_clip_ramp_1/test_mnist_cnn_mnist_clip_r
amp_1_gamma_similarity_niid_NNM_ARC_GeometricMedian_nb_honest_clients_10_tolera
ted_f_equal_real.pdf>
Package pdftex.def Info: ../activation_clip_plots/cnn_mnist_clip_ramp_1/test_mn
ist_cnn_mnist_clip_ramp_1_gamma_similarity_niid_NNM_ARC_GeometricMedian_nb_hone
st_clients_10_tolerated_f_equal_real.pdf  used on input line 830.
(pdftex.def)             Requested size: 161.14217pt x 120.85434pt.
<../activation_clip_plots/cnn_mnist_clip_ramp_2/test_mnist_cnn_mnist_clip_ramp_
2_gamma_similarity_niid_NNM_ARC_GeometricMedian_nb_honest_clients_10_tolerated_
f_equal_real.pdf, id=4331, 462.52798pt x 346.89601pt>
File: ../activation_clip_plots/cnn_mnist_clip_ramp_2/test_mnist_cnn_mnist_clip_
ramp_2_gamma_similarity_niid_NNM_ARC_GeometricMedian_nb_honest_clients_10_toler
ated_f_equal_real.pdf Graphic file (type pdf)
<use ../activation_clip_plots/cnn_mnist_clip_ramp_2/test_mnist_cnn_mnist_clip_r
amp_2_gamma_similarity_niid_NNM_ARC_GeometricMedian_nb_honest_clients_10_tolera
ted_f_equal_real.pdf>
Package pdftex.def Info: ../activation_clip_plots/cnn_mnist_clip_ramp_2/test_mn
ist_cnn_mnist_clip_ramp_2_gamma_similarity_niid_NNM_ARC_GeometricMedian_nb_hone
st_clients_10_tolerated_f_equal_real.pdf  used on input line 837.
(pdftex.def)             Requested size: 161.14217pt x 120.85434pt.
<../activation_clip_plots/cnn_mnist_qclip_080/test_mnist_cnn_mnist_gamma_simila
rity_niid_NNM_ARC_GeometricMedian_nb_honest_clients_10_tolerated_f_equal_real.p
df, id=4332, 462.52798pt x 346.89601pt>
File: ../activation_clip_plots/cnn_mnist_qclip_080/test_mnist_cnn_mnist_gamma_s
imilarity_niid_NNM_ARC_GeometricMedian_nb_honest_clients_10_tolerated_f_equal_r
eal.pdf Graphic file (type pdf)
<use ../activation_clip_plots/cnn_mnist_qclip_080/test_mnist_cnn_mnist_gamma_si
milarity_niid_NNM_ARC_GeometricMedian_nb_honest_clients_10_tolerated_f_equal_re
al.pdf>
Package pdftex.def Info: ../activation_clip_plots/cnn_mnist_qclip_080/test_mnis
t_cnn_mnist_gamma_similarity_niid_NNM_ARC_GeometricMedian_nb_honest_clients_10_
tolerated_f_equal_real.pdf  used on input line 844.
(pdftex.def)             Requested size: 161.14217pt x 120.85434pt.
<../results/activation_clip_plots/cnn_mnist_rawqclip_080/test_mnist_cnn_mnist_g
amma_similarity_niid_NNM_ARC_GeometricMedian_nb_honest_clients_10_tolerated_f_e
qual_real.pdf, id=4333, 462.52798pt x 346.89601pt>
File: ../results/activation_clip_plots/cnn_mnist_rawqclip_080/test_mnist_cnn_mn
ist_gamma_similarity_niid_NNM_ARC_GeometricMedian_nb_honest_clients_10_tolerate
d_f_equal_real.pdf Graphic file (type pdf)
<use ../results/activation_clip_plots/cnn_mnist_rawqclip_080/test_mnist_cnn_mni
st_gamma_similarity_niid_NNM_ARC_GeometricMedian_nb_honest_clients_10_tolerated
_f_equal_real.pdf>
Package pdftex.def Info: ../results/activation_clip_plots/cnn_mnist_rawqclip_08
0/test_mnist_cnn_mnist_gamma_similarity_niid_NNM_ARC_GeometricMedian_nb_honest_
clients_10_tolerated_f_equal_real.pdf  used on input line 851.
(pdftex.def)             Requested size: 161.14217pt x 120.85434pt.
 [21

] [22 <../plots/mnist_clipping_heatmaps/cnn_mnist/test_mnist_cnn_mnist_gamma_si
milarity_niid_NNM_ARC_GeometricMedian_nb_honest_clients_10_tolerated_f_equal_re
al.pdf> <../plots/cnn_tanh_heatmaps/test_mnist_cnn_mnist_tanh_gamma_similarity_
niid_NNM_ARC_GeometricMedian_nb_honest_clients_10_tolerated_f_equal_real.pdf> <
../plots/cnn_clipped_heatmaps/test_mnist_cnn_mnist_gamma_similarity_niid_NNM_AR
C_GeometricMedian_nb_honest_clients_10_tolerated_f_equal_real.pdf> <../plots/mn
ist_clipping_heatmaps/cnn_mnist_clipping_1/test_mnist_cnn_mnist_clipping_1_gamm
a_similarity_niid_NNM_ARC_GeometricMedian_nb_honest_clients_10_tolerated_f_equa
l_real.pdf> <../plots/mnist_clipping_heatmaps/cnn_mnist_clipping_2/test_mnist_c
nn_mnist_clipping_2_gamma_similarity_niid_NNM_ARC_GeometricMedian_nb_honest_cli
ents_10_tolerated_f_equal_real.pdf> <../activation_clip_plots/cnn_mnist_clip_st
e_1/test_mnist_cnn_mnist_clip_ste_1_gamma_similarity_niid_NNM_ARC_GeometricMedi
an_nb_honest_clients_10_tolerated_f_equal_real.pdf> <../activation_clip_plots/c
nn_mnist_clip_ste_2/test_mnist_cnn_mnist_clip_ste_2_gamma_similarity_niid_NNM_A
RC_GeometricMedian_nb_honest_clients_10_tolerated_f_equal_real.pdf> <../activat
ion_clip_plots/cnn_mnist_clip_ramp_1/test_mnist_cnn_mnist_clip_ramp_1_gamma_sim
ilarity_niid_NNM_ARC_GeometricMedian_nb_honest_clients_10_tolerated_f_equal_rea
l.pdf> <../activation_clip_plots/cnn_mnist_clip_ramp_2/test_mnist_cnn_mnist_cli
p_ramp_2_gamma_similarity_niid_NNM_ARC_GeometricMedian_nb_honest_clients_10_tol
erated_f_equal_real.pdf> <../activation_clip_plots/cnn_mnist_qclip_080/test_mni
st_cnn_mnist_gamma_similarity_niid_NNM_ARC_GeometricMedian_nb_honest_clients_10
_tolerated_f_equal_real.pdf> <../results/activation_clip_plots/cnn_mnist_rawqcl
ip_080/test_mnist_cnn_mnist_gamma_similarity_niid_NNM_ARC_GeometricMedian_nb_ho
nest_clients_10_tolerated_f_equal_real.pdf>]
<../plots/mnist_clipping_heatmaps/cnn_mnist/test_Optimal_ALittleIsEnough_neg1_m
nist_cnn_mnist_gamma_similarity_niid_NNM_ARC_GeometricMedian_nb_honest_clients_
10_tolerated_f_equal_real.pdf, id=4793, 462.52798pt x 346.89601pt>
File: ../plots/mnist_clipping_heatmaps/cnn_mnist/test_Optimal_ALittleIsEnough_n
eg1_mnist_cnn_mnist_gamma_similarity_niid_NNM_ARC_GeometricMedian_nb_honest_cli
ents_10_tolerated_f_equal_real.pdf Graphic file (type pdf)
<use ../plots/mnist_clipping_heatmaps/cnn_mnist/test_Optimal_ALittleIsEnough_ne
g1_mnist_cnn_mnist_gamma_similarity_niid_NNM_ARC_GeometricMedian_nb_honest_clie
nts_10_tolerated_f_equal_real.pdf>
Package pdftex.def Info: ../plots/mnist_clipping_heatmaps/cnn_mnist/test_Optima
l_ALittleIsEnough_neg1_mnist_cnn_mnist_gamma_similarity_niid_NNM_ARC_GeometricM
edian_nb_honest_clients_10_tolerated_f_equal_real.pdf  used on input line 864.
(pdftex.def)             Requested size: 161.14217pt x 120.85434pt.
<../plots/cnn_tanh_heatmaps/test_Optimal_ALittleIsEnough_neg1_mnist_cnn_mnist_t
anh_gamma_similarity_niid_NNM_ARC_GeometricMedian_nb_honest_clients_10_tolerate
d_f_equal_real.pdf, id=4794, 462.52798pt x 346.89601pt>
File: ../plots/cnn_tanh_heatmaps/test_Optimal_ALittleIsEnough_neg1_mnist_cnn_mn
ist_tanh_gamma_similarity_niid_NNM_ARC_GeometricMedian_nb_honest_clients_10_tol
erated_f_equal_real.pdf Graphic file (type pdf)
<use ../plots/cnn_tanh_heatmaps/test_Optimal_ALittleIsEnough_neg1_mnist_cnn_mni
st_tanh_gamma_similarity_niid_NNM_ARC_GeometricMedian_nb_honest_clients_10_tole
rated_f_equal_real.pdf>
Package pdftex.def Info: ../plots/cnn_tanh_heatmaps/test_Optimal_ALittleIsEnoug
h_neg1_mnist_cnn_mnist_tanh_gamma_similarity_niid_NNM_ARC_GeometricMedian_nb_ho
nest_clients_10_tolerated_f_equal_real.pdf  used on input line 871.
(pdftex.def)             Requested size: 161.14217pt x 120.85434pt.
<../plots/cnn_clipped_heatmaps/test_Optimal_ALittleIsEnough_neg1_mnist_cnn_mnis
t_gamma_similarity_niid_NNM_ARC_GeometricMedian_nb_honest_clients_10_tolerated_
f_equal_real.pdf, id=4795, 462.52798pt x 346.89601pt>
File: ../plots/cnn_clipped_heatmaps/test_Optimal_ALittleIsEnough_neg1_mnist_cnn
_mnist_gamma_similarity_niid_NNM_ARC_GeometricMedian_nb_honest_clients_10_toler
ated_f_equal_real.pdf Graphic file (type pdf)
<use ../plots/cnn_clipped_heatmaps/test_Optimal_ALittleIsEnough_neg1_mnist_cnn_
mnist_gamma_similarity_niid_NNM_ARC_GeometricMedian_nb_honest_clients_10_tolera
ted_f_equal_real.pdf>
Package pdftex.def Info: ../plots/cnn_clipped_heatmaps/test_Optimal_ALittleIsEn
ough_neg1_mnist_cnn_mnist_gamma_similarity_niid_NNM_ARC_GeometricMedian_nb_hone
st_clients_10_tolerated_f_equal_real.pdf  used on input line 878.
(pdftex.def)             Requested size: 161.14217pt x 120.85434pt.
<../plots/mnist_clipping_heatmaps/cnn_mnist_clipping_1/test_Optimal_ALittleIsEn
ough_neg1_mnist_cnn_mnist_clipping_1_gamma_similarity_niid_NNM_ARC_GeometricMed
ian_nb_honest_clients_10_tolerated_f_equal_real.pdf, id=4796, 462.52798pt x 346
.89601pt>
File: ../plots/mnist_clipping_heatmaps/cnn_mnist_clipping_1/test_Optimal_ALittl
eIsEnough_neg1_mnist_cnn_mnist_clipping_1_gamma_similarity_niid_NNM_ARC_Geometr
icMedian_nb_honest_clients_10_tolerated_f_equal_real.pdf Graphic file (type pdf
)
<use ../plots/mnist_clipping_heatmaps/cnn_mnist_clipping_1/test_Optimal_ALittle
IsEnough_neg1_mnist_cnn_mnist_clipping_1_gamma_similarity_niid_NNM_ARC_Geometri
cMedian_nb_honest_clients_10_tolerated_f_equal_real.pdf>
Package pdftex.def Info: ../plots/mnist_clipping_heatmaps/cnn_mnist_clipping_1/
test_Optimal_ALittleIsEnough_neg1_mnist_cnn_mnist_clipping_1_gamma_similarity_n
iid_NNM_ARC_GeometricMedian_nb_honest_clients_10_tolerated_f_equal_real.pdf  us
ed on input line 885.
(pdftex.def)             Requested size: 161.14217pt x 120.85434pt.
<../plots/mnist_clipping_heatmaps/cnn_mnist_clipping_2/test_Optimal_ALittleIsEn
ough_neg1_mnist_cnn_mnist_clipping_2_gamma_similarity_niid_NNM_ARC_GeometricMed
ian_nb_honest_clients_10_tolerated_f_equal_real.pdf, id=4797, 462.52798pt x 346
.89601pt>
File: ../plots/mnist_clipping_heatmaps/cnn_mnist_clipping_2/test_Optimal_ALittl
eIsEnough_neg1_mnist_cnn_mnist_clipping_2_gamma_similarity_niid_NNM_ARC_Geometr
icMedian_nb_honest_clients_10_tolerated_f_equal_real.pdf Graphic file (type pdf
)
<use ../plots/mnist_clipping_heatmaps/cnn_mnist_clipping_2/test_Optimal_ALittle
IsEnough_neg1_mnist_cnn_mnist_clipping_2_gamma_similarity_niid_NNM_ARC_Geometri
cMedian_nb_honest_clients_10_tolerated_f_equal_real.pdf>
Package pdftex.def Info: ../plots/mnist_clipping_heatmaps/cnn_mnist_clipping_2/
test_Optimal_ALittleIsEnough_neg1_mnist_cnn_mnist_clipping_2_gamma_similarity_n
iid_NNM_ARC_GeometricMedian_nb_honest_clients_10_tolerated_f_equal_real.pdf  us
ed on input line 892.
(pdftex.def)             Requested size: 161.14217pt x 120.85434pt.
<../activation_clip_plots/cnn_mnist_clip_ste_1/test_Optimal_ALittleIsEnough_neg
1_mnist_cnn_mnist_clip_ste_1_gamma_similarity_niid_NNM_ARC_GeometricMedian_nb_h
onest_clients_10_tolerated_f_equal_real.pdf, id=4798, 462.52798pt x 346.89601pt
>
File: ../activation_clip_plots/cnn_mnist_clip_ste_1/test_Optimal_ALittleIsEnoug
h_neg1_mnist_cnn_mnist_clip_ste_1_gamma_similarity_niid_NNM_ARC_GeometricMedian
_nb_honest_clients_10_tolerated_f_equal_real.pdf Graphic file (type pdf)
<use ../activation_clip_plots/cnn_mnist_clip_ste_1/test_Optimal_ALittleIsEnough
_neg1_mnist_cnn_mnist_clip_ste_1_gamma_similarity_niid_NNM_ARC_GeometricMedian_
nb_honest_clients_10_tolerated_f_equal_real.pdf>
Package pdftex.def Info: ../activation_clip_plots/cnn_mnist_clip_ste_1/test_Opt
imal_ALittleIsEnough_neg1_mnist_cnn_mnist_clip_ste_1_gamma_similarity_niid_NNM_
ARC_GeometricMedian_nb_honest_clients_10_tolerated_f_equal_real.pdf  used on in
put line 899.
(pdftex.def)             Requested size: 161.14217pt x 120.85434pt.
<../activation_clip_plots/cnn_mnist_clip_ste_2/test_Optimal_ALittleIsEnough_neg
1_mnist_cnn_mnist_clip_ste_2_gamma_similarity_niid_NNM_ARC_GeometricMedian_nb_h
onest_clients_10_tolerated_f_equal_real.pdf, id=4799, 462.52798pt x 346.89601pt
>
File: ../activation_clip_plots/cnn_mnist_clip_ste_2/test_Optimal_ALittleIsEnoug
h_neg1_mnist_cnn_mnist_clip_ste_2_gamma_similarity_niid_NNM_ARC_GeometricMedian
_nb_honest_clients_10_tolerated_f_equal_real.pdf Graphic file (type pdf)
<use ../activation_clip_plots/cnn_mnist_clip_ste_2/test_Optimal_ALittleIsEnough
_neg1_mnist_cnn_mnist_clip_ste_2_gamma_similarity_niid_NNM_ARC_GeometricMedian_
nb_honest_clients_10_tolerated_f_equal_real.pdf>
Package pdftex.def Info: ../activation_clip_plots/cnn_mnist_clip_ste_2/test_Opt
imal_ALittleIsEnough_neg1_mnist_cnn_mnist_clip_ste_2_gamma_similarity_niid_NNM_
ARC_GeometricMedian_nb_honest_clients_10_tolerated_f_equal_real.pdf  used on in
put line 906.
(pdftex.def)             Requested size: 161.14217pt x 120.85434pt.
<../activation_clip_plots/cnn_mnist_clip_ramp_1/test_Optimal_ALittleIsEnough_ne
g1_mnist_cnn_mnist_clip_ramp_1_gamma_similarity_niid_NNM_ARC_GeometricMedian_nb
_honest_clients_10_tolerated_f_equal_real.pdf, id=4800, 462.52798pt x 346.89601
pt>
File: ../activation_clip_plots/cnn_mnist_clip_ramp_1/test_Optimal_ALittleIsEnou
gh_neg1_mnist_cnn_mnist_clip_ramp_1_gamma_similarity_niid_NNM_ARC_GeometricMedi
an_nb_honest_clients_10_tolerated_f_equal_real.pdf Graphic file (type pdf)
<use ../activation_clip_plots/cnn_mnist_clip_ramp_1/test_Optimal_ALittleIsEnoug
h_neg1_mnist_cnn_mnist_clip_ramp_1_gamma_similarity_niid_NNM_ARC_GeometricMedia
n_nb_honest_clients_10_tolerated_f_equal_real.pdf>
Package pdftex.def Info: ../activation_clip_plots/cnn_mnist_clip_ramp_1/test_Op
timal_ALittleIsEnough_neg1_mnist_cnn_mnist_clip_ramp_1_gamma_similarity_niid_NN
M_ARC_GeometricMedian_nb_honest_clients_10_tolerated_f_equal_real.pdf  used on 
input line 913.
(pdftex.def)             Requested size: 161.14217pt x 120.85434pt.
<../activation_clip_plots/cnn_mnist_clip_ramp_2/test_Optimal_ALittleIsEnough_ne
g1_mnist_cnn_mnist_clip_ramp_2_gamma_similarity_niid_NNM_ARC_GeometricMedian_nb
_honest_clients_10_tolerated_f_equal_real.pdf, id=4801, 462.52798pt x 346.89601
pt>
File: ../activation_clip_plots/cnn_mnist_clip_ramp_2/test_Optimal_ALittleIsEnou
gh_neg1_mnist_cnn_mnist_clip_ramp_2_gamma_similarity_niid_NNM_ARC_GeometricMedi
an_nb_honest_clients_10_tolerated_f_equal_real.pdf Graphic file (type pdf)
<use ../activation_clip_plots/cnn_mnist_clip_ramp_2/test_Optimal_ALittleIsEnoug
h_neg1_mnist_cnn_mnist_clip_ramp_2_gamma_similarity_niid_NNM_ARC_GeometricMedia
n_nb_honest_clients_10_tolerated_f_equal_real.pdf>
Package pdftex.def Info: ../activation_clip_plots/cnn_mnist_clip_ramp_2/test_Op
timal_ALittleIsEnough_neg1_mnist_cnn_mnist_clip_ramp_2_gamma_similarity_niid_NN
M_ARC_GeometricMedian_nb_honest_clients_10_tolerated_f_equal_real.pdf  used on 
input line 920.
(pdftex.def)             Requested size: 161.14217pt x 120.85434pt.
<../activation_clip_plots/cnn_mnist_qclip_080/test_Optimal_ALittleIsEnough_neg1
_mnist_cnn_mnist_gamma_similarity_niid_NNM_ARC_GeometricMedian_nb_honest_client
s_10_tolerated_f_equal_real.pdf, id=4802, 462.52798pt x 346.89601pt>
File: ../activation_clip_plots/cnn_mnist_qclip_080/test_Optimal_ALittleIsEnough
_neg1_mnist_cnn_mnist_gamma_similarity_niid_NNM_ARC_GeometricMedian_nb_honest_c
lients_10_tolerated_f_equal_real.pdf Graphic file (type pdf)
<use ../activation_clip_plots/cnn_mnist_qclip_080/test_Optimal_ALittleIsEnough_
neg1_mnist_cnn_mnist_gamma_similarity_niid_NNM_ARC_GeometricMedian_nb_honest_cl
ients_10_tolerated_f_equal_real.pdf>
Package pdftex.def Info: ../activation_clip_plots/cnn_mnist_qclip_080/test_Opti
mal_ALittleIsEnough_neg1_mnist_cnn_mnist_gamma_similarity_niid_NNM_ARC_Geometri
cMedian_nb_honest_clients_10_tolerated_f_equal_real.pdf  used on input line 927
.
(pdftex.def)             Requested size: 161.14217pt x 120.85434pt.
<../results/activation_clip_plots/cnn_mnist_rawqclip_080/test_Optimal_ALittleIs
Enough_neg1_mnist_cnn_mnist_gamma_similarity_niid_NNM_ARC_GeometricMedian_nb_ho
nest_clients_10_tolerated_f_equal_real.pdf, id=4803, 462.52798pt x 346.89601pt>

File: ../results/activation_clip_plots/cnn_mnist_rawqclip_080/test_Optimal_ALit
tleIsEnough_neg1_mnist_cnn_mnist_gamma_similarity_niid_NNM_ARC_GeometricMedian_
nb_honest_clients_10_tolerated_f_equal_real.pdf Graphic file (type pdf)
<use ../results/activation_clip_plots/cnn_mnist_rawqclip_080/test_Optimal_ALitt
leIsEnough_neg1_mnist_cnn_mnist_gamma_similarity_niid_NNM_ARC_GeometricMedian_n
b_honest_clients_10_tolerated_f_equal_real.pdf>
Package pdftex.def Info: ../results/activation_clip_plots/cnn_mnist_rawqclip_08
0/test_Optimal_ALittleIsEnough_neg1_mnist_cnn_mnist_gamma_similarity_niid_NNM_A
RC_GeometricMedian_nb_honest_clients_10_tolerated_f_equal_real.pdf  used on inp
ut line 934.
(pdftex.def)             Requested size: 161.14217pt x 120.85434pt.
 [23

] [24 <../plots/mnist_clipping_heatmaps/cnn_mnist/test_Optimal_ALittleIsEnough_
neg1_mnist_cnn_mnist_gamma_similarity_niid_NNM_ARC_GeometricMedian_nb_honest_cl
ients_10_tolerated_f_equal_real.pdf> <../plots/cnn_tanh_heatmaps/test_Optimal_A
LittleIsEnough_neg1_mnist_cnn_mnist_tanh_gamma_similarity_niid_NNM_ARC_Geometri
cMedian_nb_honest_clients_10_tolerated_f_equal_real.pdf> <../plots/cnn_clipped_
heatmaps/test_Optimal_ALittleIsEnough_neg1_mnist_cnn_mnist_gamma_similarity_nii
d_NNM_ARC_GeometricMedian_nb_honest_clients_10_tolerated_f_equal_real.pdf> <../
plots/mnist_clipping_heatmaps/cnn_mnist_clipping_1/test_Optimal_ALittleIsEnough
_neg1_mnist_cnn_mnist_clipping_1_gamma_similarity_niid_NNM_ARC_GeometricMedian_
nb_honest_clients_10_tolerated_f_equal_real.pdf> <../plots/mnist_clipping_heatm
aps/cnn_mnist_clipping_2/test_Optimal_ALittleIsEnough_neg1_mnist_cnn_mnist_clip
ping_2_gamma_similarity_niid_NNM_ARC_GeometricMedian_nb_honest_clients_10_toler
ated_f_equal_real.pdf> <../activation_clip_plots/cnn_mnist_clip_ste_1/test_Opti
mal_ALittleIsEnough_neg1_mnist_cnn_mnist_clip_ste_1_gamma_similarity_niid_NNM_A
RC_GeometricMedian_nb_honest_clients_10_tolerated_f_equal_real.pdf> <../activat
ion_clip_plots/cnn_mnist_clip_ste_2/test_Optimal_ALittleIsEnough_neg1_mnist_cnn
_mnist_clip_ste_2_gamma_similarity_niid_NNM_ARC_GeometricMedian_nb_honest_clien
ts_10_tolerated_f_equal_real.pdf> <../activation_clip_plots/cnn_mnist_clip_ramp
_1/test_Optimal_ALittleIsEnough_neg1_mnist_cnn_mnist_clip_ramp_1_gamma_similari
ty_niid_NNM_ARC_GeometricMedian_nb_honest_clients_10_tolerated_f_equal_real.pdf
> <../activation_clip_plots/cnn_mnist_clip_ramp_2/test_Optimal_ALittleIsEnough_
neg1_mnist_cnn_mnist_clip_ramp_2_gamma_similarity_niid_NNM_ARC_GeometricMedian_
nb_honest_clients_10_tolerated_f_equal_real.pdf> <../activation_clip_plots/cnn_
mnist_qclip_080/test_Optimal_ALittleIsEnough_neg1_mnist_cnn_mnist_gamma_similar
ity_niid_NNM_ARC_GeometricMedian_nb_honest_clients_10_tolerated_f_equal_real.pd
f> <../results/activation_clip_plots/cnn_mnist_rawqclip_080/test_Optimal_ALittl
eIsEnough_neg1_mnist_cnn_mnist_gamma_similarity_niid_NNM_ARC_GeometricMedian_nb
_honest_clients_10_tolerated_f_equal_real.pdf>]
<../plots/mnist_clipping_heatmaps/cnn_mnist/test_SignFlipping_mnist_cnn_mnist_g
amma_similarity_niid_NNM_ARC_GeometricMedian_nb_honest_clients_10_tolerated_f_e
qual_real.pdf, id=5361, 462.52798pt x 346.89601pt>
File: ../plots/mnist_clipping_heatmaps/cnn_mnist/test_SignFlipping_mnist_cnn_mn
ist_gamma_similarity_niid_NNM_ARC_GeometricMedian_nb_honest_clients_10_tolerate
d_f_equal_real.pdf Graphic file (type pdf)
<use ../plots/mnist_clipping_heatmaps/cnn_mnist/test_SignFlipping_mnist_cnn_mni
st_gamma_similarity_niid_NNM_ARC_GeometricMedian_nb_honest_clients_10_tolerated
_f_equal_real.pdf>
Package pdftex.def Info: ../plots/mnist_clipping_heatmaps/cnn_mnist/test_SignFl
ipping_mnist_cnn_mnist_gamma_similarity_niid_NNM_ARC_GeometricMedian_nb_honest_
clients_10_tolerated_f_equal_real.pdf  used on input line 947.
(pdftex.def)             Requested size: 161.14217pt x 120.85434pt.
<../plots/cnn_tanh_heatmaps/test_SignFlipping_mnist_cnn_mnist_tanh_gamma_simila
rity_niid_NNM_ARC_GeometricMedian_nb_honest_clients_10_tolerated_f_equal_real.p
df, id=5362, 462.52798pt x 346.89601pt>
File: ../plots/cnn_tanh_heatmaps/test_SignFlipping_mnist_cnn_mnist_tanh_gamma_s
imilarity_niid_NNM_ARC_GeometricMedian_nb_honest_clients_10_tolerated_f_equal_r
eal.pdf Graphic file (type pdf)
<use ../plots/cnn_tanh_heatmaps/test_SignFlipping_mnist_cnn_mnist_tanh_gamma_si
milarity_niid_NNM_ARC_GeometricMedian_nb_honest_clients_10_tolerated_f_equal_re
al.pdf>
Package pdftex.def Info: ../plots/cnn_tanh_heatmaps/test_SignFlipping_mnist_cnn
_mnist_tanh_gamma_similarity_niid_NNM_ARC_GeometricMedian_nb_honest_clients_10_
tolerated_f_equal_real.pdf  used on input line 954.
(pdftex.def)             Requested size: 161.14217pt x 120.85434pt.
<../plots/cnn_clipped_heatmaps/test_SignFlipping_mnist_cnn_mnist_gamma_similari
ty_niid_NNM_ARC_GeometricMedian_nb_honest_clients_10_tolerated_f_equal_real.pdf
, id=5363, 462.52798pt x 346.89601pt>
File: ../plots/cnn_clipped_heatmaps/test_SignFlipping_mnist_cnn_mnist_gamma_sim
ilarity_niid_NNM_ARC_GeometricMedian_nb_honest_clients_10_tolerated_f_equal_rea
l.pdf Graphic file (type pdf)
<use ../plots/cnn_clipped_heatmaps/test_SignFlipping_mnist_cnn_mnist_gamma_simi
larity_niid_NNM_ARC_GeometricMedian_nb_honest_clients_10_tolerated_f_equal_real
.pdf>
Package pdftex.def Info: ../plots/cnn_clipped_heatmaps/test_SignFlipping_mnist_
cnn_mnist_gamma_similarity_niid_NNM_ARC_GeometricMedian_nb_honest_clients_10_to
lerated_f_equal_real.pdf  used on input line 961.
(pdftex.def)             Requested size: 161.14217pt x 120.85434pt.
<../plots/mnist_clipping_heatmaps/cnn_mnist_clipping_1/test_SignFlipping_mnist_
cnn_mnist_clipping_1_gamma_similarity_niid_NNM_ARC_GeometricMedian_nb_honest_cl
ients_10_tolerated_f_equal_real.pdf, id=5364, 462.52798pt x 346.89601pt>
File: ../plots/mnist_clipping_heatmaps/cnn_mnist_clipping_1/test_SignFlipping_m
nist_cnn_mnist_clipping_1_gamma_similarity_niid_NNM_ARC_GeometricMedian_nb_hone
st_clients_10_tolerated_f_equal_real.pdf Graphic file (type pdf)
<use ../plots/mnist_clipping_heatmaps/cnn_mnist_clipping_1/test_SignFlipping_mn
ist_cnn_mnist_clipping_1_gamma_similarity_niid_NNM_ARC_GeometricMedian_nb_hones
t_clients_10_tolerated_f_equal_real.pdf>
Package pdftex.def Info: ../plots/mnist_clipping_heatmaps/cnn_mnist_clipping_1/
test_SignFlipping_mnist_cnn_mnist_clipping_1_gamma_similarity_niid_NNM_ARC_Geom
etricMedian_nb_honest_clients_10_tolerated_f_equal_real.pdf  used on input line
 968.
(pdftex.def)             Requested size: 161.14217pt x 120.85434pt.
<../plots/mnist_clipping_heatmaps/cnn_mnist_clipping_2/test_SignFlipping_mnist_
cnn_mnist_clipping_2_gamma_similarity_niid_NNM_ARC_GeometricMedian_nb_honest_cl
ients_10_tolerated_f_equal_real.pdf, id=5365, 462.52798pt x 346.89601pt>
File: ../plots/mnist_clipping_heatmaps/cnn_mnist_clipping_2/test_SignFlipping_m
nist_cnn_mnist_clipping_2_gamma_similarity_niid_NNM_ARC_GeometricMedian_nb_hone
st_clients_10_tolerated_f_equal_real.pdf Graphic file (type pdf)
<use ../plots/mnist_clipping_heatmaps/cnn_mnist_clipping_2/test_SignFlipping_mn
ist_cnn_mnist_clipping_2_gamma_similarity_niid_NNM_ARC_GeometricMedian_nb_hones
t_clients_10_tolerated_f_equal_real.pdf>
Package pdftex.def Info: ../plots/mnist_clipping_heatmaps/cnn_mnist_clipping_2/
test_SignFlipping_mnist_cnn_mnist_clipping_2_gamma_similarity_niid_NNM_ARC_Geom
etricMedian_nb_honest_clients_10_tolerated_f_equal_real.pdf  used on input line
 975.
(pdftex.def)             Requested size: 161.14217pt x 120.85434pt.
<../activation_clip_plots/cnn_mnist_clip_ste_1/test_SignFlipping_mnist_cnn_mnis
t_clip_ste_1_gamma_similarity_niid_NNM_ARC_GeometricMedian_nb_honest_clients_10
_tolerated_f_equal_real.pdf, id=5366, 462.52798pt x 346.89601pt>
File: ../activation_clip_plots/cnn_mnist_clip_ste_1/test_SignFlipping_mnist_cnn
_mnist_clip_ste_1_gamma_similarity_niid_NNM_ARC_GeometricMedian_nb_honest_clien
ts_10_tolerated_f_equal_real.pdf Graphic file (type pdf)
<use ../activation_clip_plots/cnn_mnist_clip_ste_1/test_SignFlipping_mnist_cnn_
mnist_clip_ste_1_gamma_similarity_niid_NNM_ARC_GeometricMedian_nb_honest_client
s_10_tolerated_f_equal_real.pdf>
Package pdftex.def Info: ../activation_clip_plots/cnn_mnist_clip_ste_1/test_Sig
nFlipping_mnist_cnn_mnist_clip_ste_1_gamma_similarity_niid_NNM_ARC_GeometricMed
ian_nb_honest_clients_10_tolerated_f_equal_real.pdf  used on input line 982.
(pdftex.def)             Requested size: 161.14217pt x 120.85434pt.
<../activation_clip_plots/cnn_mnist_clip_ste_2/test_SignFlipping_mnist_cnn_mnis
t_clip_ste_2_gamma_similarity_niid_NNM_ARC_GeometricMedian_nb_honest_clients_10
_tolerated_f_equal_real.pdf, id=5367, 462.52798pt x 346.89601pt>
File: ../activation_clip_plots/cnn_mnist_clip_ste_2/test_SignFlipping_mnist_cnn
_mnist_clip_ste_2_gamma_similarity_niid_NNM_ARC_GeometricMedian_nb_honest_clien
ts_10_tolerated_f_equal_real.pdf Graphic file (type pdf)
<use ../activation_clip_plots/cnn_mnist_clip_ste_2/test_SignFlipping_mnist_cnn_
mnist_clip_ste_2_gamma_similarity_niid_NNM_ARC_GeometricMedian_nb_honest_client
s_10_tolerated_f_equal_real.pdf>
Package pdftex.def Info: ../activation_clip_plots/cnn_mnist_clip_ste_2/test_Sig
nFlipping_mnist_cnn_mnist_clip_ste_2_gamma_similarity_niid_NNM_ARC_GeometricMed
ian_nb_honest_clients_10_tolerated_f_equal_real.pdf  used on input line 989.
(pdftex.def)             Requested size: 161.14217pt x 120.85434pt.
<../activation_clip_plots/cnn_mnist_clip_ramp_1/test_SignFlipping_mnist_cnn_mni
st_clip_ramp_1_gamma_similarity_niid_NNM_ARC_GeometricMedian_nb_honest_clients_
10_tolerated_f_equal_real.pdf, id=5368, 462.52798pt x 346.89601pt>
File: ../activation_clip_plots/cnn_mnist_clip_ramp_1/test_SignFlipping_mnist_cn
n_mnist_clip_ramp_1_gamma_similarity_niid_NNM_ARC_GeometricMedian_nb_honest_cli
ents_10_tolerated_f_equal_real.pdf Graphic file (type pdf)
<use ../activation_clip_plots/cnn_mnist_clip_ramp_1/test_SignFlipping_mnist_cnn
_mnist_clip_ramp_1_gamma_similarity_niid_NNM_ARC_GeometricMedian_nb_honest_clie
nts_10_tolerated_f_equal_real.pdf>
Package pdftex.def Info: ../activation_clip_plots/cnn_mnist_clip_ramp_1/test_Si
gnFlipping_mnist_cnn_mnist_clip_ramp_1_gamma_similarity_niid_NNM_ARC_GeometricM
edian_nb_honest_clients_10_tolerated_f_equal_real.pdf  used on input line 996.
(pdftex.def)             Requested size: 161.14217pt x 120.85434pt.
<../activation_clip_plots/cnn_mnist_clip_ramp_2/test_SignFlipping_mnist_cnn_mni
st_clip_ramp_2_gamma_similarity_niid_NNM_ARC_GeometricMedian_nb_honest_clients_
10_tolerated_f_equal_real.pdf, id=5369, 462.52798pt x 346.89601pt>
File: ../activation_clip_plots/cnn_mnist_clip_ramp_2/test_SignFlipping_mnist_cn
n_mnist_clip_ramp_2_gamma_similarity_niid_NNM_ARC_GeometricMedian_nb_honest_cli
ents_10_tolerated_f_equal_real.pdf Graphic file (type pdf)
<use ../activation_clip_plots/cnn_mnist_clip_ramp_2/test_SignFlipping_mnist_cnn
_mnist_clip_ramp_2_gamma_similarity_niid_NNM_ARC_GeometricMedian_nb_honest_clie
nts_10_tolerated_f_equal_real.pdf>
Package pdftex.def Info: ../activation_clip_plots/cnn_mnist_clip_ramp_2/test_Si
gnFlipping_mnist_cnn_mnist_clip_ramp_2_gamma_similarity_niid_NNM_ARC_GeometricM
edian_nb_honest_clients_10_tolerated_f_equal_real.pdf  used on input line 1003.

(pdftex.def)             Requested size: 161.14217pt x 120.85434pt.
<../activation_clip_plots/cnn_mnist_qclip_080/test_SignFlipping_mnist_cnn_mnist
_gamma_similarity_niid_NNM_ARC_GeometricMedian_nb_honest_clients_10_tolerated_f
_equal_real.pdf, id=5370, 462.52798pt x 346.89601pt>
File: ../activation_clip_plots/cnn_mnist_qclip_080/test_SignFlipping_mnist_cnn_
mnist_gamma_similarity_niid_NNM_ARC_GeometricMedian_nb_honest_clients_10_tolera
ted_f_equal_real.pdf Graphic file (type pdf)
<use ../activation_clip_plots/cnn_mnist_qclip_080/test_SignFlipping_mnist_cnn_m
nist_gamma_similarity_niid_NNM_ARC_GeometricMedian_nb_honest_clients_10_tolerat
ed_f_equal_real.pdf>
Package pdftex.def Info: ../activation_clip_plots/cnn_mnist_qclip_080/test_Sign
Flipping_mnist_cnn_mnist_gamma_similarity_niid_NNM_ARC_GeometricMedian_nb_hones
t_clients_10_tolerated_f_equal_real.pdf  used on input line 1010.
(pdftex.def)             Requested size: 161.14217pt x 120.85434pt.
<../results/activation_clip_plots/cnn_mnist_rawqclip_080/test_SignFlipping_mnis
t_cnn_mnist_gamma_similarity_niid_NNM_ARC_GeometricMedian_nb_honest_clients_10_
tolerated_f_equal_real.pdf, id=5371, 462.52798pt x 346.89601pt>
File: ../results/activation_clip_plots/cnn_mnist_rawqclip_080/test_SignFlipping
_mnist_cnn_mnist_gamma_similarity_niid_NNM_ARC_GeometricMedian_nb_honest_client
s_10_tolerated_f_equal_real.pdf Graphic file (type pdf)
<use ../results/activation_clip_plots/cnn_mnist_rawqclip_080/test_SignFlipping_
mnist_cnn_mnist_gamma_similarity_niid_NNM_ARC_GeometricMedian_nb_honest_clients
_10_tolerated_f_equal_real.pdf>
Package pdftex.def Info: ../results/activation_clip_plots/cnn_mnist_rawqclip_08
0/test_SignFlipping_mnist_cnn_mnist_gamma_similarity_niid_NNM_ARC_GeometricMedi
an_nb_honest_clients_10_tolerated_f_equal_real.pdf  used on input line 1017.
(pdftex.def)             Requested size: 161.14217pt x 120.85434pt.
 [25

] [26 <../plots/mnist_clipping_heatmaps/cnn_mnist/test_SignFlipping_mnist_cnn_m
nist_gamma_similarity_niid_NNM_ARC_GeometricMedian_nb_honest_clients_10_tolerat
ed_f_equal_real.pdf> <../plots/cnn_tanh_heatmaps/test_SignFlipping_mnist_cnn_mn
ist_tanh_gamma_similarity_niid_NNM_ARC_GeometricMedian_nb_honest_clients_10_tol
erated_f_equal_real.pdf> <../plots/cnn_clipped_heatmaps/test_SignFlipping_mnist
_cnn_mnist_gamma_similarity_niid_NNM_ARC_GeometricMedian_nb_honest_clients_10_t
olerated_f_equal_real.pdf> <../plots/mnist_clipping_heatmaps/cnn_mnist_clipping
_1/test_SignFlipping_mnist_cnn_mnist_clipping_1_gamma_similarity_niid_NNM_ARC_G
eometricMedian_nb_honest_clients_10_tolerated_f_equal_real.pdf> <../plots/mnist
_clipping_heatmaps/cnn_mnist_clipping_2/test_SignFlipping_mnist_cnn_mnist_clipp
ing_2_gamma_similarity_niid_NNM_ARC_GeometricMedian_nb_honest_clients_10_tolera
ted_f_equal_real.pdf> <../activation_clip_plots/cnn_mnist_clip_ste_1/test_SignF
lipping_mnist_cnn_mnist_clip_ste_1_gamma_similarity_niid_NNM_ARC_GeometricMedia
n_nb_honest_clients_10_tolerated_f_equal_real.pdf> <../activation_clip_plots/cn
n_mnist_clip_ste_2/test_SignFlipping_mnist_cnn_mnist_clip_ste_2_gamma_similarit
y_niid_NNM_ARC_GeometricMedian_nb_honest_clients_10_tolerated_f_equal_real.pdf>
 <../activation_clip_plots/cnn_mnist_clip_ramp_1/test_SignFlipping_mnist_cnn_mn
ist_clip_ramp_1_gamma_similarity_niid_NNM_ARC_GeometricMedian_nb_honest_clients
_10_tolerated_f_equal_real.pdf> <../activation_clip_plots/cnn_mnist_clip_ramp_2
/test_SignFlipping_mnist_cnn_mnist_clip_ramp_2_gamma_similarity_niid_NNM_ARC_Ge
ometricMedian_nb_honest_clients_10_tolerated_f_equal_real.pdf> <../activation_c
lip_plots/cnn_mnist_qclip_080/test_SignFlipping_mnist_cnn_mnist_gamma_similarit
y_niid_NNM_ARC_GeometricMedian_nb_honest_clients_10_tolerated_f_equal_real.pdf>
 <../results/activation_clip_plots/cnn_mnist_rawqclip_080/test_SignFlipping_mni
st_cnn_mnist_gamma_similarity_niid_NNM_ARC_GeometricMedian_nb_honest_clients_10
_tolerated_f_equal_real.pdf>]
<../plots/mnist_clipping_heatmaps/cnn_mnist/test_Optimal_InnerProductManipulati
on_mnist_cnn_mnist_gamma_similarity_niid_NNM_ARC_GeometricMedian_nb_honest_clie
nts_10_tolerated_f_equal_real.pdf, id=5899, 462.52798pt x 346.89601pt>
File: ../plots/mnist_clipping_heatmaps/cnn_mnist/test_Optimal_InnerProductManip
ulation_mnist_cnn_mnist_gamma_similarity_niid_NNM_ARC_GeometricMedian_nb_honest
_clients_10_tolerated_f_equal_real.pdf Graphic file (type pdf)
<use ../plots/mnist_clipping_heatmaps/cnn_mnist/test_Optimal_InnerProductManipu
lation_mnist_cnn_mnist_gamma_similarity_niid_NNM_ARC_GeometricMedian_nb_honest_
clients_10_tolerated_f_equal_real.pdf>
Package pdftex.def Info: ../plots/mnist_clipping_heatmaps/cnn_mnist/test_Optima
l_InnerProductManipulation_mnist_cnn_mnist_gamma_similarity_niid_NNM_ARC_Geomet
ricMedian_nb_honest_clients_10_tolerated_f_equal_real.pdf  used on input line 1
030.
(pdftex.def)             Requested size: 161.14217pt x 120.85434pt.
<../plots/cnn_tanh_heatmaps/test_Optimal_InnerProductManipulation_mnist_cnn_mni
st_tanh_gamma_similarity_niid_NNM_ARC_GeometricMedian_nb_honest_clients_10_tole
rated_f_equal_real.pdf, id=5900, 462.52798pt x 346.89601pt>
File: ../plots/cnn_tanh_heatmaps/test_Optimal_InnerProductManipulation_mnist_cn
n_mnist_tanh_gamma_similarity_niid_NNM_ARC_GeometricMedian_nb_honest_clients_10
_tolerated_f_equal_real.pdf Graphic file (type pdf)
<use ../plots/cnn_tanh_heatmaps/test_Optimal_InnerProductManipulation_mnist_cnn
_mnist_tanh_gamma_similarity_niid_NNM_ARC_GeometricMedian_nb_honest_clients_10_
tolerated_f_equal_real.pdf>
Package pdftex.def Info: ../plots/cnn_tanh_heatmaps/test_Optimal_InnerProductMa
nipulation_mnist_cnn_mnist_tanh_gamma_similarity_niid_NNM_ARC_GeometricMedian_n
b_honest_clients_10_tolerated_f_equal_real.pdf  used on input line 1037.
(pdftex.def)             Requested size: 161.14217pt x 120.85434pt.
<../plots/cnn_clipped_heatmaps/test_Optimal_InnerProductManipulation_mnist_cnn_
mnist_gamma_similarity_niid_NNM_ARC_GeometricMedian_nb_honest_clients_10_tolera
ted_f_equal_real.pdf, id=5901, 462.52798pt x 346.89601pt>
File: ../plots/cnn_clipped_heatmaps/test_Optimal_InnerProductManipulation_mnist
_cnn_mnist_gamma_similarity_niid_NNM_ARC_GeometricMedian_nb_honest_clients_10_t
olerated_f_equal_real.pdf Graphic file (type pdf)
<use ../plots/cnn_clipped_heatmaps/test_Optimal_InnerProductManipulation_mnist_
cnn_mnist_gamma_similarity_niid_NNM_ARC_GeometricMedian_nb_honest_clients_10_to
lerated_f_equal_real.pdf>
Package pdftex.def Info: ../plots/cnn_clipped_heatmaps/test_Optimal_InnerProduc
tManipulation_mnist_cnn_mnist_gamma_similarity_niid_NNM_ARC_GeometricMedian_nb_
honest_clients_10_tolerated_f_equal_real.pdf  used on input line 1044.
(pdftex.def)             Requested size: 161.14217pt x 120.85434pt.
<../plots/mnist_clipping_heatmaps/cnn_mnist_clipping_1/test_Optimal_InnerProduc
tManipulation_mnist_cnn_mnist_clipping_1_gamma_similarity_niid_NNM_ARC_Geometri
cMedian_nb_honest_clients_10_tolerated_f_equal_real.pdf, id=5902, 462.52798pt x
 346.89601pt>
File: ../plots/mnist_clipping_heatmaps/cnn_mnist_clipping_1/test_Optimal_InnerP
roductManipulation_mnist_cnn_mnist_clipping_1_gamma_similarity_niid_NNM_ARC_Geo
metricMedian_nb_honest_clients_10_tolerated_f_equal_real.pdf Graphic file (type
 pdf)
<use ../plots/mnist_clipping_heatmaps/cnn_mnist_clipping_1/test_Optimal_InnerPr
oductManipulation_mnist_cnn_mnist_clipping_1_gamma_similarity_niid_NNM_ARC_Geom
etricMedian_nb_honest_clients_10_tolerated_f_equal_real.pdf>
Package pdftex.def Info: ../plots/mnist_clipping_heatmaps/cnn_mnist_clipping_1/
test_Optimal_InnerProductManipulation_mnist_cnn_mnist_clipping_1_gamma_similari
ty_niid_NNM_ARC_GeometricMedian_nb_honest_clients_10_tolerated_f_equal_real.pdf
  used on input line 1051.
(pdftex.def)             Requested size: 161.14217pt x 120.85434pt.
<../plots/mnist_clipping_heatmaps/cnn_mnist_clipping_2/test_Optimal_InnerProduc
tManipulation_mnist_cnn_mnist_clipping_2_gamma_similarity_niid_NNM_ARC_Geometri
cMedian_nb_honest_clients_10_tolerated_f_equal_real.pdf, id=5903, 462.52798pt x
 346.89601pt>
File: ../plots/mnist_clipping_heatmaps/cnn_mnist_clipping_2/test_Optimal_InnerP
roductManipulation_mnist_cnn_mnist_clipping_2_gamma_similarity_niid_NNM_ARC_Geo
metricMedian_nb_honest_clients_10_tolerated_f_equal_real.pdf Graphic file (type
 pdf)
<use ../plots/mnist_clipping_heatmaps/cnn_mnist_clipping_2/test_Optimal_InnerPr
oductManipulation_mnist_cnn_mnist_clipping_2_gamma_similarity_niid_NNM_ARC_Geom
etricMedian_nb_honest_clients_10_tolerated_f_equal_real.pdf>
Package pdftex.def Info: ../plots/mnist_clipping_heatmaps/cnn_mnist_clipping_2/
test_Optimal_InnerProductManipulation_mnist_cnn_mnist_clipping_2_gamma_similari
ty_niid_NNM_ARC_GeometricMedian_nb_honest_clients_10_tolerated_f_equal_real.pdf
  used on input line 1058.
(pdftex.def)             Requested size: 161.14217pt x 120.85434pt.
<../activation_clip_plots/cnn_mnist_clip_ste_1/test_Optimal_InnerProductManipul
ation_mnist_cnn_mnist_clip_ste_1_gamma_similarity_niid_NNM_ARC_GeometricMedian_
nb_honest_clients_10_tolerated_f_equal_real.pdf, id=5904, 462.52798pt x 346.896
01pt>
File: ../activation_clip_plots/cnn_mnist_clip_ste_1/test_Optimal_InnerProductMa
nipulation_mnist_cnn_mnist_clip_ste_1_gamma_similarity_niid_NNM_ARC_GeometricMe
dian_nb_honest_clients_10_tolerated_f_equal_real.pdf Graphic file (type pdf)
<use ../activation_clip_plots/cnn_mnist_clip_ste_1/test_Optimal_InnerProductMan
ipulation_mnist_cnn_mnist_clip_ste_1_gamma_similarity_niid_NNM_ARC_GeometricMed
ian_nb_honest_clients_10_tolerated_f_equal_real.pdf>
Package pdftex.def Info: ../activation_clip_plots/cnn_mnist_clip_ste_1/test_Opt
imal_InnerProductManipulation_mnist_cnn_mnist_clip_ste_1_gamma_similarity_niid_
NNM_ARC_GeometricMedian_nb_honest_clients_10_tolerated_f_equal_real.pdf  used o
n input line 1065.
(pdftex.def)             Requested size: 161.14217pt x 120.85434pt.
<../activation_clip_plots/cnn_mnist_clip_ste_2/test_Optimal_InnerProductManipul
ation_mnist_cnn_mnist_clip_ste_2_gamma_similarity_niid_NNM_ARC_GeometricMedian_
nb_honest_clients_10_tolerated_f_equal_real.pdf, id=5905, 462.52798pt x 346.896
01pt>
File: ../activation_clip_plots/cnn_mnist_clip_ste_2/test_Optimal_InnerProductMa
nipulation_mnist_cnn_mnist_clip_ste_2_gamma_similarity_niid_NNM_ARC_GeometricMe
dian_nb_honest_clients_10_tolerated_f_equal_real.pdf Graphic file (type pdf)
<use ../activation_clip_plots/cnn_mnist_clip_ste_2/test_Optimal_InnerProductMan
ipulation_mnist_cnn_mnist_clip_ste_2_gamma_similarity_niid_NNM_ARC_GeometricMed
ian_nb_honest_clients_10_tolerated_f_equal_real.pdf>
Package pdftex.def Info: ../activation_clip_plots/cnn_mnist_clip_ste_2/test_Opt
imal_InnerProductManipulation_mnist_cnn_mnist_clip_ste_2_gamma_similarity_niid_
NNM_ARC_GeometricMedian_nb_honest_clients_10_tolerated_f_equal_real.pdf  used o
n input line 1072.
(pdftex.def)             Requested size: 161.14217pt x 120.85434pt.
<../activation_clip_plots/cnn_mnist_clip_ramp_1/test_Optimal_InnerProductManipu
lation_mnist_cnn_mnist_clip_ramp_1_gamma_similarity_niid_NNM_ARC_GeometricMedia
n_nb_honest_clients_10_tolerated_f_equal_real.pdf, id=5906, 462.52798pt x 346.8
9601pt>
File: ../activation_clip_plots/cnn_mnist_clip_ramp_1/test_Optimal_InnerProductM
anipulation_mnist_cnn_mnist_clip_ramp_1_gamma_similarity_niid_NNM_ARC_Geometric
Median_nb_honest_clients_10_tolerated_f_equal_real.pdf Graphic file (type pdf)
<use ../activation_clip_plots/cnn_mnist_clip_ramp_1/test_Optimal_InnerProductMa
nipulation_mnist_cnn_mnist_clip_ramp_1_gamma_similarity_niid_NNM_ARC_GeometricM
edian_nb_honest_clients_10_tolerated_f_equal_real.pdf>
Package pdftex.def Info: ../activation_clip_plots/cnn_mnist_clip_ramp_1/test_Op
timal_InnerProductManipulation_mnist_cnn_mnist_clip_ramp_1_gamma_similarity_nii
d_NNM_ARC_GeometricMedian_nb_honest_clients_10_tolerated_f_equal_real.pdf  used
 on input line 1079.
(pdftex.def)             Requested size: 161.14217pt x 120.85434pt.
<../activation_clip_plots/cnn_mnist_clip_ramp_2/test_Optimal_InnerProductManipu
lation_mnist_cnn_mnist_clip_ramp_2_gamma_similarity_niid_NNM_ARC_GeometricMedia
n_nb_honest_clients_10_tolerated_f_equal_real.pdf, id=5907, 462.52798pt x 346.8
9601pt>
File: ../activation_clip_plots/cnn_mnist_clip_ramp_2/test_Optimal_InnerProductM
anipulation_mnist_cnn_mnist_clip_ramp_2_gamma_similarity_niid_NNM_ARC_Geometric
Median_nb_honest_clients_10_tolerated_f_equal_real.pdf Graphic file (type pdf)
<use ../activation_clip_plots/cnn_mnist_clip_ramp_2/test_Optimal_InnerProductMa
nipulation_mnist_cnn_mnist_clip_ramp_2_gamma_similarity_niid_NNM_ARC_GeometricM
edian_nb_honest_clients_10_tolerated_f_equal_real.pdf>
Package pdftex.def Info: ../activation_clip_plots/cnn_mnist_clip_ramp_2/test_Op
timal_InnerProductManipulation_mnist_cnn_mnist_clip_ramp_2_gamma_similarity_nii
d_NNM_ARC_GeometricMedian_nb_honest_clients_10_tolerated_f_equal_real.pdf  used
 on input line 1086.
(pdftex.def)             Requested size: 161.14217pt x 120.85434pt.
<../activation_clip_plots/cnn_mnist_qclip_080/test_Optimal_InnerProductManipula
tion_mnist_cnn_mnist_gamma_similarity_niid_NNM_ARC_GeometricMedian_nb_honest_cl
ients_10_tolerated_f_equal_real.pdf, id=5908, 462.52798pt x 346.89601pt>
File: ../activation_clip_plots/cnn_mnist_qclip_080/test_Optimal_InnerProductMan
ipulation_mnist_cnn_mnist_gamma_similarity_niid_NNM_ARC_GeometricMedian_nb_hone
st_clients_10_tolerated_f_equal_real.pdf Graphic file (type pdf)
<use ../activation_clip_plots/cnn_mnist_qclip_080/test_Optimal_InnerProductMani
pulation_mnist_cnn_mnist_gamma_similarity_niid_NNM_ARC_GeometricMedian_nb_hones
t_clients_10_tolerated_f_equal_real.pdf>
Package pdftex.def Info: ../activation_clip_plots/cnn_mnist_qclip_080/test_Opti
mal_InnerProductManipulation_mnist_cnn_mnist_gamma_similarity_niid_NNM_ARC_Geom
etricMedian_nb_honest_clients_10_tolerated_f_equal_real.pdf  used on input line
 1093.
(pdftex.def)             Requested size: 161.14217pt x 120.85434pt.
<../results/activation_clip_plots/cnn_mnist_rawqclip_080/test_Optimal_InnerProd
uctManipulation_mnist_cnn_mnist_gamma_similarity_niid_NNM_ARC_GeometricMedian_n
b_honest_clients_10_tolerated_f_equal_real.pdf, id=5909, 462.52798pt x 346.8960
1pt>
File: ../results/activation_clip_plots/cnn_mnist_rawqclip_080/test_Optimal_Inne
rProductManipulation_mnist_cnn_mnist_gamma_similarity_niid_NNM_ARC_GeometricMed
ian_nb_honest_clients_10_tolerated_f_equal_real.pdf Graphic file (type pdf)
<use ../results/activation_clip_plots/cnn_mnist_rawqclip_080/test_Optimal_Inner
ProductManipulation_mnist_cnn_mnist_gamma_similarity_niid_NNM_ARC_GeometricMedi
an_nb_honest_clients_10_tolerated_f_equal_real.pdf>
Package pdftex.def Info: ../results/activation_clip_plots/cnn_mnist_rawqclip_08
0/test_Optimal_InnerProductManipulation_mnist_cnn_mnist_gamma_similarity_niid_N
NM_ARC_GeometricMedian_nb_honest_clients_10_tolerated_f_equal_real.pdf  used on
 input line 1100.
(pdftex.def)             Requested size: 161.14217pt x 120.85434pt.
 [27

] [28 <../plots/mnist_clipping_heatmaps/cnn_mnist/test_Optimal_InnerProductMani
pulation_mnist_cnn_mnist_gamma_similarity_niid_NNM_ARC_GeometricMedian_nb_hones
t_clients_10_tolerated_f_equal_real.pdf> <../plots/cnn_tanh_heatmaps/test_Optim
al_InnerProductManipulation_mnist_cnn_mnist_tanh_gamma_similarity_niid_NNM_ARC_
GeometricMedian_nb_honest_clients_10_tolerated_f_equal_real.pdf> <../plots/cnn_
clipped_heatmaps/test_Optimal_InnerProductManipulation_mnist_cnn_mnist_gamma_si
milarity_niid_NNM_ARC_GeometricMedian_nb_honest_clients_10_tolerated_f_equal_re
al.pdf> <../plots/mnist_clipping_heatmaps/cnn_mnist_clipping_1/test_Optimal_Inn
erProductManipulation_mnist_cnn_mnist_clipping_1_gamma_similarity_niid_NNM_ARC_
GeometricMedian_nb_honest_clients_10_tolerated_f_equal_real.pdf> <../plots/mnis
t_clipping_heatmaps/cnn_mnist_clipping_2/test_Optimal_InnerProductManipulation_
mnist_cnn_mnist_clipping_2_gamma_similarity_niid_NNM_ARC_GeometricMedian_nb_hon
est_clients_10_tolerated_f_equal_real.pdf> <../activation_clip_plots/cnn_mnist_
clip_ste_1/test_Optimal_InnerProductManipulation_mnist_cnn_mnist_clip_ste_1_gam
ma_similarity_niid_NNM_ARC_GeometricMedian_nb_honest_clients_10_tolerated_f_equ
al_real.pdf> <../activation_clip_plots/cnn_mnist_clip_ste_2/test_Optimal_InnerP
roductManipulation_mnist_cnn_mnist_clip_ste_2_gamma_similarity_niid_NNM_ARC_Geo
metricMedian_nb_honest_clients_10_tolerated_f_equal_real.pdf> <../activation_cl
ip_plots/cnn_mnist_clip_ramp_1/test_Optimal_InnerProductManipulation_mnist_cnn_
mnist_clip_ramp_1_gamma_similarity_niid_NNM_ARC_GeometricMedian_nb_honest_clien
ts_10_tolerated_f_equal_real.pdf> <../activation_clip_plots/cnn_mnist_clip_ramp
_2/test_Optimal_InnerProductManipulation_mnist_cnn_mnist_clip_ramp_2_gamma_simi
larity_niid_NNM_ARC_GeometricMedian_nb_honest_clients_10_tolerated_f_equal_real
.pdf> <../activation_clip_plots/cnn_mnist_qclip_080/test_Optimal_InnerProductMa
nipulation_mnist_cnn_mnist_gamma_similarity_niid_NNM_ARC_GeometricMedian_nb_hon
est_clients_10_tolerated_f_equal_real.pdf> <../results/activation_clip_plots/cn
n_mnist_rawqclip_080/test_Optimal_InnerProductManipulation_mnist_cnn_mnist_gamm
a_similarity_niid_NNM_ARC_GeometricMedian_nb_honest_clients_10_tolerated_f_equa
l_real.pdf>]
<../plots/mnist_clipping_heatmaps/cnn_mnist/test_mnist_cnn_mnist_gamma_similari
ty_niid_NNM_ARC_MultiKrum_nb_honest_clients_10_tolerated_f_equal_real.pdf, id=6
479, 462.52798pt x 346.89601pt>
File: ../plots/mnist_clipping_heatmaps/cnn_mnist/test_mnist_cnn_mnist_gamma_sim
ilarity_niid_NNM_ARC_MultiKrum_nb_honest_clients_10_tolerated_f_equal_real.pdf 
Graphic file (type pdf)
<use ../plots/mnist_clipping_heatmaps/cnn_mnist/test_mnist_cnn_mnist_gamma_simi
larity_niid_NNM_ARC_MultiKrum_nb_honest_clients_10_tolerated_f_equal_real.pdf>
Package pdftex.def Info: ../plots/mnist_clipping_heatmaps/cnn_mnist/test_mnist_
cnn_mnist_gamma_similarity_niid_NNM_ARC_MultiKrum_nb_honest_clients_10_tolerate
d_f_equal_real.pdf  used on input line 1114.
(pdftex.def)             Requested size: 161.14217pt x 120.85434pt.
<../plots/cnn_tanh_heatmaps/test_mnist_cnn_mnist_tanh_gamma_similarity_niid_NNM
_ARC_MultiKrum_nb_honest_clients_10_tolerated_f_equal_real.pdf, id=6480, 462.52
798pt x 346.89601pt>
File: ../plots/cnn_tanh_heatmaps/test_mnist_cnn_mnist_tanh_gamma_similarity_nii
d_NNM_ARC_MultiKrum_nb_honest_clients_10_tolerated_f_equal_real.pdf Graphic fil
e (type pdf)
<use ../plots/cnn_tanh_heatmaps/test_mnist_cnn_mnist_tanh_gamma_similarity_niid
_NNM_ARC_MultiKrum_nb_honest_clients_10_tolerated_f_equal_real.pdf>
Package pdftex.def Info: ../plots/cnn_tanh_heatmaps/test_mnist_cnn_mnist_tanh_g
amma_similarity_niid_NNM_ARC_MultiKrum_nb_honest_clients_10_tolerated_f_equal_r
eal.pdf  used on input line 1121.
(pdftex.def)             Requested size: 161.14217pt x 120.85434pt.
<../plots/mnist_clipping_heatmaps/cnn_mnist_clipping_1/test_mnist_cnn_mnist_cli
pping_1_gamma_similarity_niid_NNM_ARC_MultiKrum_nb_honest_clients_10_tolerated_
f_equal_real.pdf, id=6481, 462.52798pt x 346.89601pt>
File: ../plots/mnist_clipping_heatmaps/cnn_mnist_clipping_1/test_mnist_cnn_mnis
t_clipping_1_gamma_similarity_niid_NNM_ARC_MultiKrum_nb_honest_clients_10_toler
ated_f_equal_real.pdf Graphic file (type pdf)
<use ../plots/mnist_clipping_heatmaps/cnn_mnist_clipping_1/test_mnist_cnn_mnist
_clipping_1_gamma_similarity_niid_NNM_ARC_MultiKrum_nb_honest_clients_10_tolera
ted_f_equal_real.pdf>
Package pdftex.def Info: ../plots/mnist_clipping_heatmaps/cnn_mnist_clipping_1/
test_mnist_cnn_mnist_clipping_1_gamma_similarity_niid_NNM_ARC_MultiKrum_nb_hone
st_clients_10_tolerated_f_equal_real.pdf  used on input line 1128.
(pdftex.def)             Requested size: 161.14217pt x 120.85434pt.
<../plots/mnist_clipping_heatmaps/cnn_mnist_clipping_2/test_mnist_cnn_mnist_cli
pping_2_gamma_similarity_niid_NNM_ARC_MultiKrum_nb_honest_clients_10_tolerated_
f_equal_real.pdf, id=6482, 462.52798pt x 346.89601pt>
File: ../plots/mnist_clipping_heatmaps/cnn_mnist_clipping_2/test_mnist_cnn_mnis
t_clipping_2_gamma_similarity_niid_NNM_ARC_MultiKrum_nb_honest_clients_10_toler
ated_f_equal_real.pdf Graphic file (type pdf)
<use ../plots/mnist_clipping_heatmaps/cnn_mnist_clipping_2/test_mnist_cnn_mnist
_clipping_2_gamma_similarity_niid_NNM_ARC_MultiKrum_nb_honest_clients_10_tolera
ted_f_equal_real.pdf>
Package pdftex.def Info: ../plots/mnist_clipping_heatmaps/cnn_mnist_clipping_2/
test_mnist_cnn_mnist_clipping_2_gamma_similarity_niid_NNM_ARC_MultiKrum_nb_hone
st_clients_10_tolerated_f_equal_real.pdf  used on input line 1135.
(pdftex.def)             Requested size: 161.14217pt x 120.85434pt.
<../activation_clip_plots/cnn_mnist_clip_ste_1/test_mnist_cnn_mnist_clip_ste_1_
gamma_similarity_niid_NNM_ARC_MultiKrum_nb_honest_clients_10_tolerated_f_equal_
real.pdf, id=6483, 462.52798pt x 346.89601pt>
File: ../activation_clip_plots/cnn_mnist_clip_ste_1/test_mnist_cnn_mnist_clip_s
te_1_gamma_similarity_niid_NNM_ARC_MultiKrum_nb_honest_clients_10_tolerated_f_e
qual_real.pdf Graphic file (type pdf)
<use ../activation_clip_plots/cnn_mnist_clip_ste_1/test_mnist_cnn_mnist_clip_st
e_1_gamma_similarity_niid_NNM_ARC_MultiKrum_nb_honest_clients_10_tolerated_f_eq
ual_real.pdf>
Package pdftex.def Info: ../activation_clip_plots/cnn_mnist_clip_ste_1/test_mni
st_cnn_mnist_clip_ste_1_gamma_similarity_niid_NNM_ARC_MultiKrum_nb_honest_clien
ts_10_tolerated_f_equal_real.pdf  used on input line 1142.
(pdftex.def)             Requested size: 161.14217pt x 120.85434pt.
<../activation_clip_plots/cnn_mnist_clip_ste_2/test_mnist_cnn_mnist_clip_ste_2_
gamma_similarity_niid_NNM_ARC_MultiKrum_nb_honest_clients_10_tolerated_f_equal_
real.pdf, id=6484, 462.52798pt x 346.89601pt>
File: ../activation_clip_plots/cnn_mnist_clip_ste_2/test_mnist_cnn_mnist_clip_s
te_2_gamma_similarity_niid_NNM_ARC_MultiKrum_nb_honest_clients_10_tolerated_f_e
qual_real.pdf Graphic file (type pdf)
<use ../activation_clip_plots/cnn_mnist_clip_ste_2/test_mnist_cnn_mnist_clip_st
e_2_gamma_similarity_niid_NNM_ARC_MultiKrum_nb_honest_clients_10_tolerated_f_eq
ual_real.pdf>
Package pdftex.def Info: ../activation_clip_plots/cnn_mnist_clip_ste_2/test_mni
st_cnn_mnist_clip_ste_2_gamma_similarity_niid_NNM_ARC_MultiKrum_nb_honest_clien
ts_10_tolerated_f_equal_real.pdf  used on input line 1149.
(pdftex.def)             Requested size: 161.14217pt x 120.85434pt.
<../activation_clip_plots/cnn_mnist_clip_ramp_1/test_mnist_cnn_mnist_clip_ramp_
1_gamma_similarity_niid_NNM_ARC_MultiKrum_nb_honest_clients_10_tolerated_f_equa
l_real.pdf, id=6485, 462.52798pt x 346.89601pt>
File: ../activation_clip_plots/cnn_mnist_clip_ramp_1/test_mnist_cnn_mnist_clip_
ramp_1_gamma_similarity_niid_NNM_ARC_MultiKrum_nb_honest_clients_10_tolerated_f
_equal_real.pdf Graphic file (type pdf)
<use ../activation_clip_plots/cnn_mnist_clip_ramp_1/test_mnist_cnn_mnist_clip_r
amp_1_gamma_similarity_niid_NNM_ARC_MultiKrum_nb_honest_clients_10_tolerated_f_
equal_real.pdf>
Package pdftex.def Info: ../activation_clip_plots/cnn_mnist_clip_ramp_1/test_mn
ist_cnn_mnist_clip_ramp_1_gamma_similarity_niid_NNM_ARC_MultiKrum_nb_honest_cli
ents_10_tolerated_f_equal_real.pdf  used on input line 1156.
(pdftex.def)             Requested size: 161.14217pt x 120.85434pt.
<../activation_clip_plots/cnn_mnist_clip_ramp_2/test_mnist_cnn_mnist_clip_ramp_
2_gamma_similarity_niid_NNM_ARC_MultiKrum_nb_honest_clients_10_tolerated_f_equa
l_real.pdf, id=6486, 462.52798pt x 346.89601pt>
File: ../activation_clip_plots/cnn_mnist_clip_ramp_2/test_mnist_cnn_mnist_clip_
ramp_2_gamma_similarity_niid_NNM_ARC_MultiKrum_nb_honest_clients_10_tolerated_f
_equal_real.pdf Graphic file (type pdf)
<use ../activation_clip_plots/cnn_mnist_clip_ramp_2/test_mnist_cnn_mnist_clip_r
amp_2_gamma_similarity_niid_NNM_ARC_MultiKrum_nb_honest_clients_10_tolerated_f_
equal_real.pdf>
Package pdftex.def Info: ../activation_clip_plots/cnn_mnist_clip_ramp_2/test_mn
ist_cnn_mnist_clip_ramp_2_gamma_similarity_niid_NNM_ARC_MultiKrum_nb_honest_cli
ents_10_tolerated_f_equal_real.pdf  used on input line 1163.
(pdftex.def)             Requested size: 161.14217pt x 120.85434pt.
<../activation_clip_plots/cnn_mnist_qclip_080/test_mnist_cnn_mnist_gamma_simila
rity_niid_NNM_ARC_MultiKrum_nb_honest_clients_10_tolerated_f_equal_real.pdf, id
=6487, 462.52798pt x 346.89601pt>
File: ../activation_clip_plots/cnn_mnist_qclip_080/test_mnist_cnn_mnist_gamma_s
imilarity_niid_NNM_ARC_MultiKrum_nb_honest_clients_10_tolerated_f_equal_real.pd
f Graphic file (type pdf)
<use ../activation_clip_plots/cnn_mnist_qclip_080/test_mnist_cnn_mnist_gamma_si
milarity_niid_NNM_ARC_MultiKrum_nb_honest_clients_10_tolerated_f_equal_real.pdf
>
Package pdftex.def Info: ../activation_clip_plots/cnn_mnist_qclip_080/test_mnis
t_cnn_mnist_gamma_similarity_niid_NNM_ARC_MultiKrum_nb_honest_clients_10_tolera
ted_f_equal_real.pdf  used on input line 1170.
(pdftex.def)             Requested size: 161.14217pt x 120.85434pt.
<../results/activation_clip_plots/cnn_mnist_rawqclip_080/test_mnist_cnn_mnist_g
amma_similarity_niid_NNM_ARC_MultiKrum_nb_honest_clients_10_tolerated_f_equal_r
eal.pdf, id=6488, 462.52798pt x 346.89601pt>
File: ../results/activation_clip_plots/cnn_mnist_rawqclip_080/test_mnist_cnn_mn
ist_gamma_similarity_niid_NNM_ARC_MultiKrum_nb_honest_clients_10_tolerated_f_eq
ual_real.pdf Graphic file (type pdf)
<use ../results/activation_clip_plots/cnn_mnist_rawqclip_080/test_mnist_cnn_mni
st_gamma_similarity_niid_NNM_ARC_MultiKrum_nb_honest_clients_10_tolerated_f_equ
al_real.pdf>
Package pdftex.def Info: ../results/activation_clip_plots/cnn_mnist_rawqclip_08
0/test_mnist_cnn_mnist_gamma_similarity_niid_NNM_ARC_MultiKrum_nb_honest_client
s_10_tolerated_f_equal_real.pdf  used on input line 1177.
(pdftex.def)             Requested size: 161.14217pt x 120.85434pt.
 [29

] [30 <../plots/mnist_clipping_heatmaps/cnn_mnist/test_mnist_cnn_mnist_gamma_si
milarity_niid_NNM_ARC_MultiKrum_nb_honest_clients_10_tolerated_f_equal_real.pdf
> <../plots/cnn_tanh_heatmaps/test_mnist_cnn_mnist_tanh_gamma_similarity_niid_N
NM_ARC_MultiKrum_nb_honest_clients_10_tolerated_f_equal_real.pdf> <../plots/mni
st_clipping_heatmaps/cnn_mnist_clipping_1/test_mnist_cnn_mnist_clipping_1_gamma
_similarity_niid_NNM_ARC_MultiKrum_nb_honest_clients_10_tolerated_f_equal_real.
pdf> <../plots/mnist_clipping_heatmaps/cnn_mnist_clipping_2/test_mnist_cnn_mnis
t_clipping_2_gamma_similarity_niid_NNM_ARC_MultiKrum_nb_honest_clients_10_toler
ated_f_equal_real.pdf> <../activation_clip_plots/cnn_mnist_clip_ste_1/test_mnis
t_cnn_mnist_clip_ste_1_gamma_similarity_niid_NNM_ARC_MultiKrum_nb_honest_client
s_10_tolerated_f_equal_real.pdf> <../activation_clip_plots/cnn_mnist_clip_ste_2
/test_mnist_cnn_mnist_clip_ste_2_gamma_similarity_niid_NNM_ARC_MultiKrum_nb_hon
est_clients_10_tolerated_f_equal_real.pdf> <../activation_clip_plots/cnn_mnist_
clip_ramp_1/test_mnist_cnn_mnist_clip_ramp_1_gamma_similarity_niid_NNM_ARC_Mult
iKrum_nb_honest_clients_10_tolerated_f_equal_real.pdf> <../activation_clip_plot
s/cnn_mnist_clip_ramp_2/test_mnist_cnn_mnist_clip_ramp_2_gamma_similarity_niid_
NNM_ARC_MultiKrum_nb_honest_clients_10_tolerated_f_equal_real.pdf> <../activati
on_clip_plots/cnn_mnist_qclip_080/test_mnist_cnn_mnist_gamma_similarity_niid_NN
M_ARC_MultiKrum_nb_honest_clients_10_tolerated_f_equal_real.pdf> <../results/ac
tivation_clip_plots/cnn_mnist_rawqclip_080/test_mnist_cnn_mnist_gamma_similarit
y_niid_NNM_ARC_MultiKrum_nb_honest_clients_10_tolerated_f_equal_real.pdf>]
<../plots/mnist_clipping_heatmaps/cnn_mnist/test_Optimal_ALittleIsEnough_neg1_m
nist_cnn_mnist_gamma_similarity_niid_NNM_ARC_MultiKrum_nb_honest_clients_10_tol
erated_f_equal_real.pdf, id=6907, 462.52798pt x 346.89601pt>
File: ../plots/mnist_clipping_heatmaps/cnn_mnist/test_Optimal_ALittleIsEnough_n
eg1_mnist_cnn_mnist_gamma_similarity_niid_NNM_ARC_MultiKrum_nb_honest_clients_1
0_tolerated_f_equal_real.pdf Graphic file (type pdf)
<use ../plots/mnist_clipping_heatmaps/cnn_mnist/test_Optimal_ALittleIsEnough_ne
g1_mnist_cnn_mnist_gamma_similarity_niid_NNM_ARC_MultiKrum_nb_honest_clients_10
_tolerated_f_equal_real.pdf>
Package pdftex.def Info: ../plots/mnist_clipping_heatmaps/cnn_mnist/test_Optima
l_ALittleIsEnough_neg1_mnist_cnn_mnist_gamma_similarity_niid_NNM_ARC_MultiKrum_
nb_honest_clients_10_tolerated_f_equal_real.pdf  used on input line 1190.
(pdftex.def)             Requested size: 161.14217pt x 120.85434pt.
<../plots/cnn_tanh_heatmaps/test_Optimal_ALittleIsEnough_neg1_mnist_cnn_mnist_t
anh_gamma_similarity_niid_NNM_ARC_MultiKrum_nb_honest_clients_10_tolerated_f_eq
ual_real.pdf, id=6908, 462.52798pt x 346.89601pt>
File: ../plots/cnn_tanh_heatmaps/test_Optimal_ALittleIsEnough_neg1_mnist_cnn_mn
ist_tanh_gamma_similarity_niid_NNM_ARC_MultiKrum_nb_honest_clients_10_tolerated
_f_equal_real.pdf Graphic file (type pdf)
<use ../plots/cnn_tanh_heatmaps/test_Optimal_ALittleIsEnough_neg1_mnist_cnn_mni
st_tanh_gamma_similarity_niid_NNM_ARC_MultiKrum_nb_honest_clients_10_tolerated_
f_equal_real.pdf>
Package pdftex.def Info: ../plots/cnn_tanh_heatmaps/test_Optimal_ALittleIsEnoug
h_neg1_mnist_cnn_mnist_tanh_gamma_similarity_niid_NNM_ARC_MultiKrum_nb_honest_c
lients_10_tolerated_f_equal_real.pdf  used on input line 1197.
(pdftex.def)             Requested size: 161.14217pt x 120.85434pt.
<../plots/mnist_clipping_heatmaps/cnn_mnist_clipping_1/test_Optimal_ALittleIsEn
ough_neg1_mnist_cnn_mnist_clipping_1_gamma_similarity_niid_NNM_ARC_MultiKrum_nb
_honest_clients_10_tolerated_f_equal_real.pdf, id=6909, 462.52798pt x 346.89601
pt>
File: ../plots/mnist_clipping_heatmaps/cnn_mnist_clipping_1/test_Optimal_ALittl
eIsEnough_neg1_mnist_cnn_mnist_clipping_1_gamma_similarity_niid_NNM_ARC_MultiKr
um_nb_honest_clients_10_tolerated_f_equal_real.pdf Graphic file (type pdf)
<use ../plots/mnist_clipping_heatmaps/cnn_mnist_clipping_1/test_Optimal_ALittle
IsEnough_neg1_mnist_cnn_mnist_clipping_1_gamma_similarity_niid_NNM_ARC_MultiKru
m_nb_honest_clients_10_tolerated_f_equal_real.pdf>
Package pdftex.def Info: ../plots/mnist_clipping_heatmaps/cnn_mnist_clipping_1/
test_Optimal_ALittleIsEnough_neg1_mnist_cnn_mnist_clipping_1_gamma_similarity_n
iid_NNM_ARC_MultiKrum_nb_honest_clients_10_tolerated_f_equal_real.pdf  used on 
input line 1204.
(pdftex.def)             Requested size: 161.14217pt x 120.85434pt.
<../plots/mnist_clipping_heatmaps/cnn_mnist_clipping_2/test_Optimal_ALittleIsEn
ough_neg1_mnist_cnn_mnist_clipping_2_gamma_similarity_niid_NNM_ARC_MultiKrum_nb
_honest_clients_10_tolerated_f_equal_real.pdf, id=6910, 462.52798pt x 346.89601
pt>
File: ../plots/mnist_clipping_heatmaps/cnn_mnist_clipping_2/test_Optimal_ALittl
eIsEnough_neg1_mnist_cnn_mnist_clipping_2_gamma_similarity_niid_NNM_ARC_MultiKr
um_nb_honest_clients_10_tolerated_f_equal_real.pdf Graphic file (type pdf)
<use ../plots/mnist_clipping_heatmaps/cnn_mnist_clipping_2/test_Optimal_ALittle
IsEnough_neg1_mnist_cnn_mnist_clipping_2_gamma_similarity_niid_NNM_ARC_MultiKru
m_nb_honest_clients_10_tolerated_f_equal_real.pdf>
Package pdftex.def Info: ../plots/mnist_clipping_heatmaps/cnn_mnist_clipping_2/
test_Optimal_ALittleIsEnough_neg1_mnist_cnn_mnist_clipping_2_gamma_similarity_n
iid_NNM_ARC_MultiKrum_nb_honest_clients_10_tolerated_f_equal_real.pdf  used on 
input line 1211.
(pdftex.def)             Requested size: 161.14217pt x 120.85434pt.
<../activation_clip_plots/cnn_mnist_clip_ste_1/test_Optimal_ALittleIsEnough_neg
1_mnist_cnn_mnist_clip_ste_1_gamma_similarity_niid_NNM_ARC_MultiKrum_nb_honest_
clients_10_tolerated_f_equal_real.pdf, id=6911, 462.52798pt x 346.89601pt>
File: ../activation_clip_plots/cnn_mnist_clip_ste_1/test_Optimal_ALittleIsEnoug
h_neg1_mnist_cnn_mnist_clip_ste_1_gamma_similarity_niid_NNM_ARC_MultiKrum_nb_ho
nest_clients_10_tolerated_f_equal_real.pdf Graphic file (type pdf)
<use ../activation_clip_plots/cnn_mnist_clip_ste_1/test_Optimal_ALittleIsEnough
_neg1_mnist_cnn_mnist_clip_ste_1_gamma_similarity_niid_NNM_ARC_MultiKrum_nb_hon
est_clients_10_tolerated_f_equal_real.pdf>
Package pdftex.def Info: ../activation_clip_plots/cnn_mnist_clip_ste_1/test_Opt
imal_ALittleIsEnough_neg1_mnist_cnn_mnist_clip_ste_1_gamma_similarity_niid_NNM_
ARC_MultiKrum_nb_honest_clients_10_tolerated_f_equal_real.pdf  used on input li
ne 1218.
(pdftex.def)             Requested size: 161.14217pt x 120.85434pt.
<../activation_clip_plots/cnn_mnist_clip_ste_2/test_Optimal_ALittleIsEnough_neg
1_mnist_cnn_mnist_clip_ste_2_gamma_similarity_niid_NNM_ARC_MultiKrum_nb_honest_
clients_10_tolerated_f_equal_real.pdf, id=6912, 462.52798pt x 346.89601pt>
File: ../activation_clip_plots/cnn_mnist_clip_ste_2/test_Optimal_ALittleIsEnoug
h_neg1_mnist_cnn_mnist_clip_ste_2_gamma_similarity_niid_NNM_ARC_MultiKrum_nb_ho
nest_clients_10_tolerated_f_equal_real.pdf Graphic file (type pdf)
<use ../activation_clip_plots/cnn_mnist_clip_ste_2/test_Optimal_ALittleIsEnough
_neg1_mnist_cnn_mnist_clip_ste_2_gamma_similarity_niid_NNM_ARC_MultiKrum_nb_hon
est_clients_10_tolerated_f_equal_real.pdf>
Package pdftex.def Info: ../activation_clip_plots/cnn_mnist_clip_ste_2/test_Opt
imal_ALittleIsEnough_neg1_mnist_cnn_mnist_clip_ste_2_gamma_similarity_niid_NNM_
ARC_MultiKrum_nb_honest_clients_10_tolerated_f_equal_real.pdf  used on input li
ne 1225.
(pdftex.def)             Requested size: 161.14217pt x 120.85434pt.
<../activation_clip_plots/cnn_mnist_clip_ramp_1/test_Optimal_ALittleIsEnough_ne
g1_mnist_cnn_mnist_clip_ramp_1_gamma_similarity_niid_NNM_ARC_MultiKrum_nb_hones
t_clients_10_tolerated_f_equal_real.pdf, id=6913, 462.52798pt x 346.89601pt>
File: ../activation_clip_plots/cnn_mnist_clip_ramp_1/test_Optimal_ALittleIsEnou
gh_neg1_mnist_cnn_mnist_clip_ramp_1_gamma_similarity_niid_NNM_ARC_MultiKrum_nb_
honest_clients_10_tolerated_f_equal_real.pdf Graphic file (type pdf)
<use ../activation_clip_plots/cnn_mnist_clip_ramp_1/test_Optimal_ALittleIsEnoug
h_neg1_mnist_cnn_mnist_clip_ramp_1_gamma_similarity_niid_NNM_ARC_MultiKrum_nb_h
onest_clients_10_tolerated_f_equal_real.pdf>
Package pdftex.def Info: ../activation_clip_plots/cnn_mnist_clip_ramp_1/test_Op
timal_ALittleIsEnough_neg1_mnist_cnn_mnist_clip_ramp_1_gamma_similarity_niid_NN
M_ARC_MultiKrum_nb_honest_clients_10_tolerated_f_equal_real.pdf  used on input 
line 1232.
(pdftex.def)             Requested size: 161.14217pt x 120.85434pt.
<../activation_clip_plots/cnn_mnist_clip_ramp_2/test_Optimal_ALittleIsEnough_ne
g1_mnist_cnn_mnist_clip_ramp_2_gamma_similarity_niid_NNM_ARC_MultiKrum_nb_hones
t_clients_10_tolerated_f_equal_real.pdf, id=6914, 462.52798pt x 346.89601pt>
File: ../activation_clip_plots/cnn_mnist_clip_ramp_2/test_Optimal_ALittleIsEnou
gh_neg1_mnist_cnn_mnist_clip_ramp_2_gamma_similarity_niid_NNM_ARC_MultiKrum_nb_
honest_clients_10_tolerated_f_equal_real.pdf Graphic file (type pdf)
<use ../activation_clip_plots/cnn_mnist_clip_ramp_2/test_Optimal_ALittleIsEnoug
h_neg1_mnist_cnn_mnist_clip_ramp_2_gamma_similarity_niid_NNM_ARC_MultiKrum_nb_h
onest_clients_10_tolerated_f_equal_real.pdf>
Package pdftex.def Info: ../activation_clip_plots/cnn_mnist_clip_ramp_2/test_Op
timal_ALittleIsEnough_neg1_mnist_cnn_mnist_clip_ramp_2_gamma_similarity_niid_NN
M_ARC_MultiKrum_nb_honest_clients_10_tolerated_f_equal_real.pdf  used on input 
line 1239.
(pdftex.def)             Requested size: 161.14217pt x 120.85434pt.
<../activation_clip_plots/cnn_mnist_qclip_080/test_Optimal_ALittleIsEnough_neg1
_mnist_cnn_mnist_gamma_similarity_niid_NNM_ARC_MultiKrum_nb_honest_clients_10_t
olerated_f_equal_real.pdf, id=6915, 462.52798pt x 346.89601pt>
File: ../activation_clip_plots/cnn_mnist_qclip_080/test_Optimal_ALittleIsEnough
_neg1_mnist_cnn_mnist_gamma_similarity_niid_NNM_ARC_MultiKrum_nb_honest_clients
_10_tolerated_f_equal_real.pdf Graphic file (type pdf)
<use ../activation_clip_plots/cnn_mnist_qclip_080/test_Optimal_ALittleIsEnough_
neg1_mnist_cnn_mnist_gamma_similarity_niid_NNM_ARC_MultiKrum_nb_honest_clients_
10_tolerated_f_equal_real.pdf>
Package pdftex.def Info: ../activation_clip_plots/cnn_mnist_qclip_080/test_Opti
mal_ALittleIsEnough_neg1_mnist_cnn_mnist_gamma_similarity_niid_NNM_ARC_MultiKru
m_nb_honest_clients_10_tolerated_f_equal_real.pdf  used on input line 1246.
(pdftex.def)             Requested size: 161.14217pt x 120.85434pt.
<../results/activation_clip_plots/cnn_mnist_rawqclip_080/test_Optimal_ALittleIs
Enough_neg1_mnist_cnn_mnist_gamma_similarity_niid_NNM_ARC_MultiKrum_nb_honest_c
lients_10_tolerated_f_equal_real.pdf, id=6916, 462.52798pt x 346.89601pt>
File: ../results/activation_clip_plots/cnn_mnist_rawqclip_080/test_Optimal_ALit
tleIsEnough_neg1_mnist_cnn_mnist_gamma_similarity_niid_NNM_ARC_MultiKrum_nb_hon
est_clients_10_tolerated_f_equal_real.pdf Graphic file (type pdf)
<use ../results/activation_clip_plots/cnn_mnist_rawqclip_080/test_Optimal_ALitt
leIsEnough_neg1_mnist_cnn_mnist_gamma_similarity_niid_NNM_ARC_MultiKrum_nb_hone
st_clients_10_tolerated_f_equal_real.pdf>
Package pdftex.def Info: ../results/activation_clip_plots/cnn_mnist_rawqclip_08
0/test_Optimal_ALittleIsEnough_neg1_mnist_cnn_mnist_gamma_similarity_niid_NNM_A
RC_MultiKrum_nb_honest_clients_10_tolerated_f_equal_real.pdf  used on input lin
e 1253.
(pdftex.def)             Requested size: 161.14217pt x 120.85434pt.
 [31

] [32 <../plots/mnist_clipping_heatmaps/cnn_mnist/test_Optimal_ALittleIsEnough_
neg1_mnist_cnn_mnist_gamma_similarity_niid_NNM_ARC_MultiKrum_nb_honest_clients_
10_tolerated_f_equal_real.pdf> <../plots/cnn_tanh_heatmaps/test_Optimal_ALittle
IsEnough_neg1_mnist_cnn_mnist_tanh_gamma_similarity_niid_NNM_ARC_MultiKrum_nb_h
onest_clients_10_tolerated_f_equal_real.pdf> <../plots/mnist_clipping_heatmaps/
cnn_mnist_clipping_1/test_Optimal_ALittleIsEnough_neg1_mnist_cnn_mnist_clipping
_1_gamma_similarity_niid_NNM_ARC_MultiKrum_nb_honest_clients_10_tolerated_f_equ
al_real.pdf> <../plots/mnist_clipping_heatmaps/cnn_mnist_clipping_2/test_Optima
l_ALittleIsEnough_neg1_mnist_cnn_mnist_clipping_2_gamma_similarity_niid_NNM_ARC
_MultiKrum_nb_honest_clients_10_tolerated_f_equal_real.pdf> <../activation_clip
_plots/cnn_mnist_clip_ste_1/test_Optimal_ALittleIsEnough_neg1_mnist_cnn_mnist_c
lip_ste_1_gamma_similarity_niid_NNM_ARC_MultiKrum_nb_honest_clients_10_tolerate
d_f_equal_real.pdf> <../activation_clip_plots/cnn_mnist_clip_ste_2/test_Optimal
_ALittleIsEnough_neg1_mnist_cnn_mnist_clip_ste_2_gamma_similarity_niid_NNM_ARC_
MultiKrum_nb_honest_clients_10_tolerated_f_equal_real.pdf> <../activation_clip_
plots/cnn_mnist_clip_ramp_1/test_Optimal_ALittleIsEnough_neg1_mnist_cnn_mnist_c
lip_ramp_1_gamma_similarity_niid_NNM_ARC_MultiKrum_nb_honest_clients_10_tolerat
ed_f_equal_real.pdf> <../activation_clip_plots/cnn_mnist_clip_ramp_2/test_Optim
al_ALittleIsEnough_neg1_mnist_cnn_mnist_clip_ramp_2_gamma_similarity_niid_NNM_A
RC_MultiKrum_nb_honest_clients_10_tolerated_f_equal_real.pdf> <../activation_cl
ip_plots/cnn_mnist_qclip_080/test_Optimal_ALittleIsEnough_neg1_mnist_cnn_mnist_
gamma_similarity_niid_NNM_ARC_MultiKrum_nb_honest_clients_10_tolerated_f_equal_
real.pdf> <../results/activation_clip_plots/cnn_mnist_rawqclip_080/test_Optimal
_ALittleIsEnough_neg1_mnist_cnn_mnist_gamma_similarity_niid_NNM_ARC_MultiKrum_n
b_honest_clients_10_tolerated_f_equal_real.pdf>]
<../plots/mnist_clipping_heatmaps/cnn_mnist/test_SignFlipping_mnist_cnn_mnist_g
amma_similarity_niid_NNM_ARC_MultiKrum_nb_honest_clients_10_tolerated_f_equal_r
eal.pdf, id=7425, 462.52798pt x 346.89601pt>
File: ../plots/mnist_clipping_heatmaps/cnn_mnist/test_SignFlipping_mnist_cnn_mn
ist_gamma_similarity_niid_NNM_ARC_MultiKrum_nb_honest_clients_10_tolerated_f_eq
ual_real.pdf Graphic file (type pdf)
<use ../plots/mnist_clipping_heatmaps/cnn_mnist/test_SignFlipping_mnist_cnn_mni
st_gamma_similarity_niid_NNM_ARC_MultiKrum_nb_honest_clients_10_tolerated_f_equ
al_real.pdf>
Package pdftex.def Info: ../plots/mnist_clipping_heatmaps/cnn_mnist/test_SignFl
ipping_mnist_cnn_mnist_gamma_similarity_niid_NNM_ARC_MultiKrum_nb_honest_client
s_10_tolerated_f_equal_real.pdf  used on input line 1266.
(pdftex.def)             Requested size: 161.14217pt x 120.85434pt.
<../plots/cnn_tanh_heatmaps/test_SignFlipping_mnist_cnn_mnist_tanh_gamma_simila
rity_niid_NNM_ARC_MultiKrum_nb_honest_clients_10_tolerated_f_equal_real.pdf, id
=7426, 462.52798pt x 346.89601pt>
File: ../plots/cnn_tanh_heatmaps/test_SignFlipping_mnist_cnn_mnist_tanh_gamma_s
imilarity_niid_NNM_ARC_MultiKrum_nb_honest_clients_10_tolerated_f_equal_real.pd
f Graphic file (type pdf)
<use ../plots/cnn_tanh_heatmaps/test_SignFlipping_mnist_cnn_mnist_tanh_gamma_si
milarity_niid_NNM_ARC_MultiKrum_nb_honest_clients_10_tolerated_f_equal_real.pdf
>
Package pdftex.def Info: ../plots/cnn_tanh_heatmaps/test_SignFlipping_mnist_cnn
_mnist_tanh_gamma_similarity_niid_NNM_ARC_MultiKrum_nb_honest_clients_10_tolera
ted_f_equal_real.pdf  used on input line 1273.
(pdftex.def)             Requested size: 161.14217pt x 120.85434pt.
<../plots/mnist_clipping_heatmaps/cnn_mnist_clipping_1/test_SignFlipping_mnist_
cnn_mnist_clipping_1_gamma_similarity_niid_NNM_ARC_MultiKrum_nb_honest_clients_
10_tolerated_f_equal_real.pdf, id=7427, 462.52798pt x 346.89601pt>
File: ../plots/mnist_clipping_heatmaps/cnn_mnist_clipping_1/test_SignFlipping_m
nist_cnn_mnist_clipping_1_gamma_similarity_niid_NNM_ARC_MultiKrum_nb_honest_cli
ents_10_tolerated_f_equal_real.pdf Graphic file (type pdf)
<use ../plots/mnist_clipping_heatmaps/cnn_mnist_clipping_1/test_SignFlipping_mn
ist_cnn_mnist_clipping_1_gamma_similarity_niid_NNM_ARC_MultiKrum_nb_honest_clie
nts_10_tolerated_f_equal_real.pdf>
Package pdftex.def Info: ../plots/mnist_clipping_heatmaps/cnn_mnist_clipping_1/
test_SignFlipping_mnist_cnn_mnist_clipping_1_gamma_similarity_niid_NNM_ARC_Mult
iKrum_nb_honest_clients_10_tolerated_f_equal_real.pdf  used on input line 1280.

(pdftex.def)             Requested size: 161.14217pt x 120.85434pt.
<../plots/mnist_clipping_heatmaps/cnn_mnist_clipping_2/test_SignFlipping_mnist_
cnn_mnist_clipping_2_gamma_similarity_niid_NNM_ARC_MultiKrum_nb_honest_clients_
10_tolerated_f_equal_real.pdf, id=7428, 462.52798pt x 346.89601pt>
File: ../plots/mnist_clipping_heatmaps/cnn_mnist_clipping_2/test_SignFlipping_m
nist_cnn_mnist_clipping_2_gamma_similarity_niid_NNM_ARC_MultiKrum_nb_honest_cli
ents_10_tolerated_f_equal_real.pdf Graphic file (type pdf)
<use ../plots/mnist_clipping_heatmaps/cnn_mnist_clipping_2/test_SignFlipping_mn
ist_cnn_mnist_clipping_2_gamma_similarity_niid_NNM_ARC_MultiKrum_nb_honest_clie
nts_10_tolerated_f_equal_real.pdf>
Package pdftex.def Info: ../plots/mnist_clipping_heatmaps/cnn_mnist_clipping_2/
test_SignFlipping_mnist_cnn_mnist_clipping_2_gamma_similarity_niid_NNM_ARC_Mult
iKrum_nb_honest_clients_10_tolerated_f_equal_real.pdf  used on input line 1287.

(pdftex.def)             Requested size: 161.14217pt x 120.85434pt.
<../activation_clip_plots/cnn_mnist_clip_ste_1/test_SignFlipping_mnist_cnn_mnis
t_clip_ste_1_gamma_similarity_niid_NNM_ARC_MultiKrum_nb_honest_clients_10_toler
ated_f_equal_real.pdf, id=7429, 462.52798pt x 346.89601pt>
File: ../activation_clip_plots/cnn_mnist_clip_ste_1/test_SignFlipping_mnist_cnn
_mnist_clip_ste_1_gamma_similarity_niid_NNM_ARC_MultiKrum_nb_honest_clients_10_
tolerated_f_equal_real.pdf Graphic file (type pdf)
<use ../activation_clip_plots/cnn_mnist_clip_ste_1/test_SignFlipping_mnist_cnn_
mnist_clip_ste_1_gamma_similarity_niid_NNM_ARC_MultiKrum_nb_honest_clients_10_t
olerated_f_equal_real.pdf>
Package pdftex.def Info: ../activation_clip_plots/cnn_mnist_clip_ste_1/test_Sig
nFlipping_mnist_cnn_mnist_clip_ste_1_gamma_similarity_niid_NNM_ARC_MultiKrum_nb
_honest_clients_10_tolerated_f_equal_real.pdf  used on input line 1294.
(pdftex.def)             Requested size: 161.14217pt x 120.85434pt.
<../activation_clip_plots/cnn_mnist_clip_ste_2/test_SignFlipping_mnist_cnn_mnis
t_clip_ste_2_gamma_similarity_niid_NNM_ARC_MultiKrum_nb_honest_clients_10_toler
ated_f_equal_real.pdf, id=7430, 462.52798pt x 346.89601pt>
File: ../activation_clip_plots/cnn_mnist_clip_ste_2/test_SignFlipping_mnist_cnn
_mnist_clip_ste_2_gamma_similarity_niid_NNM_ARC_MultiKrum_nb_honest_clients_10_
tolerated_f_equal_real.pdf Graphic file (type pdf)
<use ../activation_clip_plots/cnn_mnist_clip_ste_2/test_SignFlipping_mnist_cnn_
mnist_clip_ste_2_gamma_similarity_niid_NNM_ARC_MultiKrum_nb_honest_clients_10_t
olerated_f_equal_real.pdf>
Package pdftex.def Info: ../activation_clip_plots/cnn_mnist_clip_ste_2/test_Sig
nFlipping_mnist_cnn_mnist_clip_ste_2_gamma_similarity_niid_NNM_ARC_MultiKrum_nb
_honest_clients_10_tolerated_f_equal_real.pdf  used on input line 1301.
(pdftex.def)             Requested size: 161.14217pt x 120.85434pt.
<../activation_clip_plots/cnn_mnist_clip_ramp_1/test_SignFlipping_mnist_cnn_mni
st_clip_ramp_1_gamma_similarity_niid_NNM_ARC_MultiKrum_nb_honest_clients_10_tol
erated_f_equal_real.pdf, id=7431, 462.52798pt x 346.89601pt>
File: ../activation_clip_plots/cnn_mnist_clip_ramp_1/test_SignFlipping_mnist_cn
n_mnist_clip_ramp_1_gamma_similarity_niid_NNM_ARC_MultiKrum_nb_honest_clients_1
0_tolerated_f_equal_real.pdf Graphic file (type pdf)
<use ../activation_clip_plots/cnn_mnist_clip_ramp_1/test_SignFlipping_mnist_cnn
_mnist_clip_ramp_1_gamma_similarity_niid_NNM_ARC_MultiKrum_nb_honest_clients_10
_tolerated_f_equal_real.pdf>
Package pdftex.def Info: ../activation_clip_plots/cnn_mnist_clip_ramp_1/test_Si
gnFlipping_mnist_cnn_mnist_clip_ramp_1_gamma_similarity_niid_NNM_ARC_MultiKrum_
nb_honest_clients_10_tolerated_f_equal_real.pdf  used on input line 1308.
(pdftex.def)             Requested size: 161.14217pt x 120.85434pt.
<../activation_clip_plots/cnn_mnist_clip_ramp_2/test_SignFlipping_mnist_cnn_mni
st_clip_ramp_2_gamma_similarity_niid_NNM_ARC_MultiKrum_nb_honest_clients_10_tol
erated_f_equal_real.pdf, id=7432, 462.52798pt x 346.89601pt>
File: ../activation_clip_plots/cnn_mnist_clip_ramp_2/test_SignFlipping_mnist_cn
n_mnist_clip_ramp_2_gamma_similarity_niid_NNM_ARC_MultiKrum_nb_honest_clients_1
0_tolerated_f_equal_real.pdf Graphic file (type pdf)
<use ../activation_clip_plots/cnn_mnist_clip_ramp_2/test_SignFlipping_mnist_cnn
_mnist_clip_ramp_2_gamma_similarity_niid_NNM_ARC_MultiKrum_nb_honest_clients_10
_tolerated_f_equal_real.pdf>
Package pdftex.def Info: ../activation_clip_plots/cnn_mnist_clip_ramp_2/test_Si
gnFlipping_mnist_cnn_mnist_clip_ramp_2_gamma_similarity_niid_NNM_ARC_MultiKrum_
nb_honest_clients_10_tolerated_f_equal_real.pdf  used on input line 1315.
(pdftex.def)             Requested size: 161.14217pt x 120.85434pt.
<../activation_clip_plots/cnn_mnist_qclip_080/test_SignFlipping_mnist_cnn_mnist
_gamma_similarity_niid_NNM_ARC_MultiKrum_nb_honest_clients_10_tolerated_f_equal
_real.pdf, id=7433, 462.52798pt x 346.89601pt>
File: ../activation_clip_plots/cnn_mnist_qclip_080/test_SignFlipping_mnist_cnn_
mnist_gamma_similarity_niid_NNM_ARC_MultiKrum_nb_honest_clients_10_tolerated_f_
equal_real.pdf Graphic file (type pdf)
<use ../activation_clip_plots/cnn_mnist_qclip_080/test_SignFlipping_mnist_cnn_m
nist_gamma_similarity_niid_NNM_ARC_MultiKrum_nb_honest_clients_10_tolerated_f_e
qual_real.pdf>
Package pdftex.def Info: ../activation_clip_plots/cnn_mnist_qclip_080/test_Sign
Flipping_mnist_cnn_mnist_gamma_similarity_niid_NNM_ARC_MultiKrum_nb_honest_clie
nts_10_tolerated_f_equal_real.pdf  used on input line 1322.
(pdftex.def)             Requested size: 161.14217pt x 120.85434pt.
<../results/activation_clip_plots/cnn_mnist_rawqclip_080/test_SignFlipping_mnis
t_cnn_mnist_gamma_similarity_niid_NNM_ARC_MultiKrum_nb_honest_clients_10_tolera
ted_f_equal_real.pdf, id=7434, 462.52798pt x 346.89601pt>
File: ../results/activation_clip_plots/cnn_mnist_rawqclip_080/test_SignFlipping
_mnist_cnn_mnist_gamma_similarity_niid_NNM_ARC_MultiKrum_nb_honest_clients_10_t
olerated_f_equal_real.pdf Graphic file (type pdf)
<use ../results/activation_clip_plots/cnn_mnist_rawqclip_080/test_SignFlipping_
mnist_cnn_mnist_gamma_similarity_niid_NNM_ARC_MultiKrum_nb_honest_clients_10_to
lerated_f_equal_real.pdf>
Package pdftex.def Info: ../results/activation_clip_plots/cnn_mnist_rawqclip_08
0/test_SignFlipping_mnist_cnn_mnist_gamma_similarity_niid_NNM_ARC_MultiKrum_nb_
honest_clients_10_tolerated_f_equal_real.pdf  used on input line 1329.
(pdftex.def)             Requested size: 161.14217pt x 120.85434pt.
 [33

] [34 <../plots/mnist_clipping_heatmaps/cnn_mnist/test_SignFlipping_mnist_cnn_m
nist_gamma_similarity_niid_NNM_ARC_MultiKrum_nb_honest_clients_10_tolerated_f_e
qual_real.pdf> <../plots/cnn_tanh_heatmaps/test_SignFlipping_mnist_cnn_mnist_ta
nh_gamma_similarity_niid_NNM_ARC_MultiKrum_nb_honest_clients_10_tolerated_f_equ
al_real.pdf> <../plots/mnist_clipping_heatmaps/cnn_mnist_clipping_1/test_SignFl
ipping_mnist_cnn_mnist_clipping_1_gamma_similarity_niid_NNM_ARC_MultiKrum_nb_ho
nest_clients_10_tolerated_f_equal_real.pdf> <../plots/mnist_clipping_heatmaps/c
nn_mnist_clipping_2/test_SignFlipping_mnist_cnn_mnist_clipping_2_gamma_similari
ty_niid_NNM_ARC_MultiKrum_nb_honest_clients_10_tolerated_f_equal_real.pdf> <../
activation_clip_plots/cnn_mnist_clip_ste_1/test_SignFlipping_mnist_cnn_mnist_cl
ip_ste_1_gamma_similarity_niid_NNM_ARC_MultiKrum_nb_honest_clients_10_tolerated
_f_equal_real.pdf> <../activation_clip_plots/cnn_mnist_clip_ste_2/test_SignFlip
ping_mnist_cnn_mnist_clip_ste_2_gamma_similarity_niid_NNM_ARC_MultiKrum_nb_hone
st_clients_10_tolerated_f_equal_real.pdf> <../activation_clip_plots/cnn_mnist_c
lip_ramp_1/test_SignFlipping_mnist_cnn_mnist_clip_ramp_1_gamma_similarity_niid_
NNM_ARC_MultiKrum_nb_honest_clients_10_tolerated_f_equal_real.pdf> <../activati
on_clip_plots/cnn_mnist_clip_ramp_2/test_SignFlipping_mnist_cnn_mnist_clip_ramp
_2_gamma_similarity_niid_NNM_ARC_MultiKrum_nb_honest_clients_10_tolerated_f_equ
al_real.pdf> <../activation_clip_plots/cnn_mnist_qclip_080/test_SignFlipping_mn
ist_cnn_mnist_gamma_similarity_niid_NNM_ARC_MultiKrum_nb_honest_clients_10_tole
rated_f_equal_real.pdf> <../results/activation_clip_plots/cnn_mnist_rawqclip_08
0/test_SignFlipping_mnist_cnn_mnist_gamma_similarity_niid_NNM_ARC_MultiKrum_nb_
honest_clients_10_tolerated_f_equal_real.pdf>]
<../plots/mnist_clipping_heatmaps/cnn_mnist/test_Optimal_InnerProductManipulati
on_mnist_cnn_mnist_gamma_similarity_niid_NNM_ARC_MultiKrum_nb_honest_clients_10
_tolerated_f_equal_real.pdf, id=7914, 462.52798pt x 346.89601pt>
File: ../plots/mnist_clipping_heatmaps/cnn_mnist/test_Optimal_InnerProductManip
ulation_mnist_cnn_mnist_gamma_similarity_niid_NNM_ARC_MultiKrum_nb_honest_clien
ts_10_tolerated_f_equal_real.pdf Graphic file (type pdf)
<use ../plots/mnist_clipping_heatmaps/cnn_mnist/test_Optimal_InnerProductManipu
lation_mnist_cnn_mnist_gamma_similarity_niid_NNM_ARC_MultiKrum_nb_honest_client
s_10_tolerated_f_equal_real.pdf>
Package pdftex.def Info: ../plots/mnist_clipping_heatmaps/cnn_mnist/test_Optima
l_InnerProductManipulation_mnist_cnn_mnist_gamma_similarity_niid_NNM_ARC_MultiK
rum_nb_honest_clients_10_tolerated_f_equal_real.pdf  used on input line 1342.
(pdftex.def)             Requested size: 161.14217pt x 120.85434pt.
<../plots/cnn_tanh_heatmaps/test_Optimal_InnerProductManipulation_mnist_cnn_mni
st_tanh_gamma_similarity_niid_NNM_ARC_MultiKrum_nb_honest_clients_10_tolerated_
f_equal_real.pdf, id=7915, 462.52798pt x 346.89601pt>
File: ../plots/cnn_tanh_heatmaps/test_Optimal_InnerProductManipulation_mnist_cn
n_mnist_tanh_gamma_similarity_niid_NNM_ARC_MultiKrum_nb_honest_clients_10_toler
ated_f_equal_real.pdf Graphic file (type pdf)
<use ../plots/cnn_tanh_heatmaps/test_Optimal_InnerProductManipulation_mnist_cnn
_mnist_tanh_gamma_similarity_niid_NNM_ARC_MultiKrum_nb_honest_clients_10_tolera
ted_f_equal_real.pdf>
Package pdftex.def Info: ../plots/cnn_tanh_heatmaps/test_Optimal_InnerProductMa
nipulation_mnist_cnn_mnist_tanh_gamma_similarity_niid_NNM_ARC_MultiKrum_nb_hone
st_clients_10_tolerated_f_equal_real.pdf  used on input line 1349.
(pdftex.def)             Requested size: 161.14217pt x 120.85434pt.
<../plots/mnist_clipping_heatmaps/cnn_mnist_clipping_1/test_Optimal_InnerProduc
tManipulation_mnist_cnn_mnist_clipping_1_gamma_similarity_niid_NNM_ARC_MultiKru
m_nb_honest_clients_10_tolerated_f_equal_real.pdf, id=7916, 462.52798pt x 346.8
9601pt>
File: ../plots/mnist_clipping_heatmaps/cnn_mnist_clipping_1/test_Optimal_InnerP
roductManipulation_mnist_cnn_mnist_clipping_1_gamma_similarity_niid_NNM_ARC_Mul
tiKrum_nb_honest_clients_10_tolerated_f_equal_real.pdf Graphic file (type pdf)
<use ../plots/mnist_clipping_heatmaps/cnn_mnist_clipping_1/test_Optimal_InnerPr
oductManipulation_mnist_cnn_mnist_clipping_1_gamma_similarity_niid_NNM_ARC_Mult
iKrum_nb_honest_clients_10_tolerated_f_equal_real.pdf>
Package pdftex.def Info: ../plots/mnist_clipping_heatmaps/cnn_mnist_clipping_1/
test_Optimal_InnerProductManipulation_mnist_cnn_mnist_clipping_1_gamma_similari
ty_niid_NNM_ARC_MultiKrum_nb_honest_clients_10_tolerated_f_equal_real.pdf  used
 on input line 1356.
(pdftex.def)             Requested size: 161.14217pt x 120.85434pt.
<../plots/mnist_clipping_heatmaps/cnn_mnist_clipping_2/test_Optimal_InnerProduc
tManipulation_mnist_cnn_mnist_clipping_2_gamma_similarity_niid_NNM_ARC_MultiKru
m_nb_honest_clients_10_tolerated_f_equal_real.pdf, id=7917, 462.52798pt x 346.8
9601pt>
File: ../plots/mnist_clipping_heatmaps/cnn_mnist_clipping_2/test_Optimal_InnerP
roductManipulation_mnist_cnn_mnist_clipping_2_gamma_similarity_niid_NNM_ARC_Mul
tiKrum_nb_honest_clients_10_tolerated_f_equal_real.pdf Graphic file (type pdf)
<use ../plots/mnist_clipping_heatmaps/cnn_mnist_clipping_2/test_Optimal_InnerPr
oductManipulation_mnist_cnn_mnist_clipping_2_gamma_similarity_niid_NNM_ARC_Mult
iKrum_nb_honest_clients_10_tolerated_f_equal_real.pdf>
Package pdftex.def Info: ../plots/mnist_clipping_heatmaps/cnn_mnist_clipping_2/
test_Optimal_InnerProductManipulation_mnist_cnn_mnist_clipping_2_gamma_similari
ty_niid_NNM_ARC_MultiKrum_nb_honest_clients_10_tolerated_f_equal_real.pdf  used
 on input line 1363.
(pdftex.def)             Requested size: 161.14217pt x 120.85434pt.
<../activation_clip_plots/cnn_mnist_clip_ste_1/test_Optimal_InnerProductManipul
ation_mnist_cnn_mnist_clip_ste_1_gamma_similarity_niid_NNM_ARC_MultiKrum_nb_hon
est_clients_10_tolerated_f_equal_real.pdf, id=7918, 462.52798pt x 346.89601pt>
File: ../activation_clip_plots/cnn_mnist_clip_ste_1/test_Optimal_InnerProductMa
nipulation_mnist_cnn_mnist_clip_ste_1_gamma_similarity_niid_NNM_ARC_MultiKrum_n
b_honest_clients_10_tolerated_f_equal_real.pdf Graphic file (type pdf)
<use ../activation_clip_plots/cnn_mnist_clip_ste_1/test_Optimal_InnerProductMan
ipulation_mnist_cnn_mnist_clip_ste_1_gamma_similarity_niid_NNM_ARC_MultiKrum_nb
_honest_clients_10_tolerated_f_equal_real.pdf>
Package pdftex.def Info: ../activation_clip_plots/cnn_mnist_clip_ste_1/test_Opt
imal_InnerProductManipulation_mnist_cnn_mnist_clip_ste_1_gamma_similarity_niid_
NNM_ARC_MultiKrum_nb_honest_clients_10_tolerated_f_equal_real.pdf  used on inpu
t line 1370.
(pdftex.def)             Requested size: 161.14217pt x 120.85434pt.
<../activation_clip_plots/cnn_mnist_clip_ste_2/test_Optimal_InnerProductManipul
ation_mnist_cnn_mnist_clip_ste_2_gamma_similarity_niid_NNM_ARC_MultiKrum_nb_hon
est_clients_10_tolerated_f_equal_real.pdf, id=7919, 462.52798pt x 346.89601pt>
File: ../activation_clip_plots/cnn_mnist_clip_ste_2/test_Optimal_InnerProductMa
nipulation_mnist_cnn_mnist_clip_ste_2_gamma_similarity_niid_NNM_ARC_MultiKrum_n
b_honest_clients_10_tolerated_f_equal_real.pdf Graphic file (type pdf)
<use ../activation_clip_plots/cnn_mnist_clip_ste_2/test_Optimal_InnerProductMan
ipulation_mnist_cnn_mnist_clip_ste_2_gamma_similarity_niid_NNM_ARC_MultiKrum_nb
_honest_clients_10_tolerated_f_equal_real.pdf>
Package pdftex.def Info: ../activation_clip_plots/cnn_mnist_clip_ste_2/test_Opt
imal_InnerProductManipulation_mnist_cnn_mnist_clip_ste_2_gamma_similarity_niid_
NNM_ARC_MultiKrum_nb_honest_clients_10_tolerated_f_equal_real.pdf  used on inpu
t line 1377.
(pdftex.def)             Requested size: 161.14217pt x 120.85434pt.
<../activation_clip_plots/cnn_mnist_clip_ramp_1/test_Optimal_InnerProductManipu
lation_mnist_cnn_mnist_clip_ramp_1_gamma_similarity_niid_NNM_ARC_MultiKrum_nb_h
onest_clients_10_tolerated_f_equal_real.pdf, id=7920, 462.52798pt x 346.89601pt
>
File: ../activation_clip_plots/cnn_mnist_clip_ramp_1/test_Optimal_InnerProductM
anipulation_mnist_cnn_mnist_clip_ramp_1_gamma_similarity_niid_NNM_ARC_MultiKrum
_nb_honest_clients_10_tolerated_f_equal_real.pdf Graphic file (type pdf)
<use ../activation_clip_plots/cnn_mnist_clip_ramp_1/test_Optimal_InnerProductMa
nipulation_mnist_cnn_mnist_clip_ramp_1_gamma_similarity_niid_NNM_ARC_MultiKrum_
nb_honest_clients_10_tolerated_f_equal_real.pdf>
Package pdftex.def Info: ../activation_clip_plots/cnn_mnist_clip_ramp_1/test_Op
timal_InnerProductManipulation_mnist_cnn_mnist_clip_ramp_1_gamma_similarity_nii
d_NNM_ARC_MultiKrum_nb_honest_clients_10_tolerated_f_equal_real.pdf  used on in
put line 1384.
(pdftex.def)             Requested size: 161.14217pt x 120.85434pt.
<../activation_clip_plots/cnn_mnist_clip_ramp_2/test_Optimal_InnerProductManipu
lation_mnist_cnn_mnist_clip_ramp_2_gamma_similarity_niid_NNM_ARC_MultiKrum_nb_h
onest_clients_10_tolerated_f_equal_real.pdf, id=7921, 462.52798pt x 346.89601pt
>
File: ../activation_clip_plots/cnn_mnist_clip_ramp_2/test_Optimal_InnerProductM
anipulation_mnist_cnn_mnist_clip_ramp_2_gamma_similarity_niid_NNM_ARC_MultiKrum
_nb_honest_clients_10_tolerated_f_equal_real.pdf Graphic file (type pdf)
<use ../activation_clip_plots/cnn_mnist_clip_ramp_2/test_Optimal_InnerProductMa
nipulation_mnist_cnn_mnist_clip_ramp_2_gamma_similarity_niid_NNM_ARC_MultiKrum_
nb_honest_clients_10_tolerated_f_equal_real.pdf>
Package pdftex.def Info: ../activation_clip_plots/cnn_mnist_clip_ramp_2/test_Op
timal_InnerProductManipulation_mnist_cnn_mnist_clip_ramp_2_gamma_similarity_nii
d_NNM_ARC_MultiKrum_nb_honest_clients_10_tolerated_f_equal_real.pdf  used on in
put line 1391.
(pdftex.def)             Requested size: 161.14217pt x 120.85434pt.
<../activation_clip_plots/cnn_mnist_qclip_080/test_Optimal_InnerProductManipula
tion_mnist_cnn_mnist_gamma_similarity_niid_NNM_ARC_MultiKrum_nb_honest_clients_
10_tolerated_f_equal_real.pdf, id=7922, 462.52798pt x 346.89601pt>
File: ../activation_clip_plots/cnn_mnist_qclip_080/test_Optimal_InnerProductMan
ipulation_mnist_cnn_mnist_gamma_similarity_niid_NNM_ARC_MultiKrum_nb_honest_cli
ents_10_tolerated_f_equal_real.pdf Graphic file (type pdf)
<use ../activation_clip_plots/cnn_mnist_qclip_080/test_Optimal_InnerProductMani
pulation_mnist_cnn_mnist_gamma_similarity_niid_NNM_ARC_MultiKrum_nb_honest_clie
nts_10_tolerated_f_equal_real.pdf>
Package pdftex.def Info: ../activation_clip_plots/cnn_mnist_qclip_080/test_Opti
mal_InnerProductManipulation_mnist_cnn_mnist_gamma_similarity_niid_NNM_ARC_Mult
iKrum_nb_honest_clients_10_tolerated_f_equal_real.pdf  used on input line 1398.

(pdftex.def)             Requested size: 161.14217pt x 120.85434pt.
<../results/activation_clip_plots/cnn_mnist_rawqclip_080/test_Optimal_InnerProd
uctManipulation_mnist_cnn_mnist_gamma_similarity_niid_NNM_ARC_MultiKrum_nb_hone
st_clients_10_tolerated_f_equal_real.pdf, id=7923, 462.52798pt x 346.89601pt>
File: ../results/activation_clip_plots/cnn_mnist_rawqclip_080/test_Optimal_Inne
rProductManipulation_mnist_cnn_mnist_gamma_similarity_niid_NNM_ARC_MultiKrum_nb
_honest_clients_10_tolerated_f_equal_real.pdf Graphic file (type pdf)
<use ../results/activation_clip_plots/cnn_mnist_rawqclip_080/test_Optimal_Inner
ProductManipulation_mnist_cnn_mnist_gamma_similarity_niid_NNM_ARC_MultiKrum_nb_
honest_clients_10_tolerated_f_equal_real.pdf>
Package pdftex.def Info: ../results/activation_clip_plots/cnn_mnist_rawqclip_08
0/test_Optimal_InnerProductManipulation_mnist_cnn_mnist_gamma_similarity_niid_N
NM_ARC_MultiKrum_nb_honest_clients_10_tolerated_f_equal_real.pdf  used on input
 line 1405.
(pdftex.def)             Requested size: 161.14217pt x 120.85434pt.

[35

] [36 <../plots/mnist_clipping_heatmaps/cnn_mnist/test_Optimal_InnerProductMani
pulation_mnist_cnn_mnist_gamma_similarity_niid_NNM_ARC_MultiKrum_nb_honest_clie
nts_10_tolerated_f_equal_real.pdf> <../plots/cnn_tanh_heatmaps/test_Optimal_Inn
erProductManipulation_mnist_cnn_mnist_tanh_gamma_similarity_niid_NNM_ARC_MultiK
rum_nb_honest_clients_10_tolerated_f_equal_real.pdf> <../plots/mnist_clipping_h
eatmaps/cnn_mnist_clipping_1/test_Optimal_InnerProductManipulation_mnist_cnn_mn
ist_clipping_1_gamma_similarity_niid_NNM_ARC_MultiKrum_nb_honest_clients_10_tol
erated_f_equal_real.pdf> <../plots/mnist_clipping_heatmaps/cnn_mnist_clipping_2
/test_Optimal_InnerProductManipulation_mnist_cnn_mnist_clipping_2_gamma_similar
ity_niid_NNM_ARC_MultiKrum_nb_honest_clients_10_tolerated_f_equal_real.pdf> <..
/activation_clip_plots/cnn_mnist_clip_ste_1/test_Optimal_InnerProductManipulati
on_mnist_cnn_mnist_clip_ste_1_gamma_similarity_niid_NNM_ARC_MultiKrum_nb_honest
_clients_10_tolerated_f_equal_real.pdf> <../activation_clip_plots/cnn_mnist_cli
p_ste_2/test_Optimal_InnerProductManipulation_mnist_cnn_mnist_clip_ste_2_gamma_
similarity_niid_NNM_ARC_MultiKrum_nb_honest_clients_10_tolerated_f_equal_real.p
df> <../activation_clip_plots/cnn_mnist_clip_ramp_1/test_Optimal_InnerProductMa
nipulation_mnist_cnn_mnist_clip_ramp_1_gamma_similarity_niid_NNM_ARC_MultiKrum_
nb_honest_clients_10_tolerated_f_equal_real.pdf> <../activation_clip_plots/cnn_
mnist_clip_ramp_2/test_Optimal_InnerProductManipulation_mnist_cnn_mnist_clip_ra
mp_2_gamma_similarity_niid_NNM_ARC_MultiKrum_nb_honest_clients_10_tolerated_f_e
qual_real.pdf> <../activation_clip_plots/cnn_mnist_qclip_080/test_Optimal_Inner
ProductManipulation_mnist_cnn_mnist_gamma_similarity_niid_NNM_ARC_MultiKrum_nb_
honest_clients_10_tolerated_f_equal_real.pdf> <../results/activation_clip_plots
/cnn_mnist_rawqclip_080/test_Optimal_InnerProductManipulation_mnist_cnn_mnist_g
amma_similarity_niid_NNM_ARC_MultiKrum_nb_honest_clients_10_tolerated_f_equal_r
eal.pdf>]
<../plots/mnist_clipping_heatmaps/cnn_mnist/test_mnist_cnn_mnist_gamma_similari
ty_niid_NNM_ARC_TrMean_nb_honest_clients_10_tolerated_f_equal_real.pdf, id=8442
, 462.52798pt x 346.89601pt>
File: ../plots/mnist_clipping_heatmaps/cnn_mnist/test_mnist_cnn_mnist_gamma_sim
ilarity_niid_NNM_ARC_TrMean_nb_honest_clients_10_tolerated_f_equal_real.pdf Gra
phic file (type pdf)
<use ../plots/mnist_clipping_heatmaps/cnn_mnist/test_mnist_cnn_mnist_gamma_simi
larity_niid_NNM_ARC_TrMean_nb_honest_clients_10_tolerated_f_equal_real.pdf>
Package pdftex.def Info: ../plots/mnist_clipping_heatmaps/cnn_mnist/test_mnist_
cnn_mnist_gamma_similarity_niid_NNM_ARC_TrMean_nb_honest_clients_10_tolerated_f
_equal_real.pdf  used on input line 1419.
(pdftex.def)             Requested size: 161.14217pt x 120.85434pt.
<../plots/cnn_tanh_heatmaps/test_mnist_cnn_mnist_tanh_gamma_similarity_niid_NNM
_ARC_TrMean_nb_honest_clients_10_tolerated_f_equal_real.pdf, id=8443, 462.52798
pt x 346.89601pt>
File: ../plots/cnn_tanh_heatmaps/test_mnist_cnn_mnist_tanh_gamma_similarity_nii
d_NNM_ARC_TrMean_nb_honest_clients_10_tolerated_f_equal_real.pdf Graphic file (
type pdf)
<use ../plots/cnn_tanh_heatmaps/test_mnist_cnn_mnist_tanh_gamma_similarity_niid
_NNM_ARC_TrMean_nb_honest_clients_10_tolerated_f_equal_real.pdf>
Package pdftex.def Info: ../plots/cnn_tanh_heatmaps/test_mnist_cnn_mnist_tanh_g
amma_similarity_niid_NNM_ARC_TrMean_nb_honest_clients_10_tolerated_f_equal_real
.pdf  used on input line 1426.
(pdftex.def)             Requested size: 161.14217pt x 120.85434pt.
<../plots/mnist_clipping_heatmaps/cnn_mnist_clipping_1/test_mnist_cnn_mnist_cli
pping_1_gamma_similarity_niid_NNM_ARC_TrMean_nb_honest_clients_10_tolerated_f_e
qual_real.pdf, id=8444, 462.52798pt x 346.89601pt>
File: ../plots/mnist_clipping_heatmaps/cnn_mnist_clipping_1/test_mnist_cnn_mnis
t_clipping_1_gamma_similarity_niid_NNM_ARC_TrMean_nb_honest_clients_10_tolerate
d_f_equal_real.pdf Graphic file (type pdf)
<use ../plots/mnist_clipping_heatmaps/cnn_mnist_clipping_1/test_mnist_cnn_mnist
_clipping_1_gamma_similarity_niid_NNM_ARC_TrMean_nb_honest_clients_10_tolerated
_f_equal_real.pdf>
Package pdftex.def Info: ../plots/mnist_clipping_heatmaps/cnn_mnist_clipping_1/
test_mnist_cnn_mnist_clipping_1_gamma_similarity_niid_NNM_ARC_TrMean_nb_honest_
clients_10_tolerated_f_equal_real.pdf  used on input line 1433.
(pdftex.def)             Requested size: 161.14217pt x 120.85434pt.
<../plots/mnist_clipping_heatmaps/cnn_mnist_clipping_2/test_mnist_cnn_mnist_cli
pping_2_gamma_similarity_niid_NNM_ARC_TrMean_nb_honest_clients_10_tolerated_f_e
qual_real.pdf, id=8445, 462.52798pt x 346.89601pt>
File: ../plots/mnist_clipping_heatmaps/cnn_mnist_clipping_2/test_mnist_cnn_mnis
t_clipping_2_gamma_similarity_niid_NNM_ARC_TrMean_nb_honest_clients_10_tolerate
d_f_equal_real.pdf Graphic file (type pdf)
<use ../plots/mnist_clipping_heatmaps/cnn_mnist_clipping_2/test_mnist_cnn_mnist
_clipping_2_gamma_similarity_niid_NNM_ARC_TrMean_nb_honest_clients_10_tolerated
_f_equal_real.pdf>
Package pdftex.def Info: ../plots/mnist_clipping_heatmaps/cnn_mnist_clipping_2/
test_mnist_cnn_mnist_clipping_2_gamma_similarity_niid_NNM_ARC_TrMean_nb_honest_
clients_10_tolerated_f_equal_real.pdf  used on input line 1440.
(pdftex.def)             Requested size: 161.14217pt x 120.85434pt.
<../activation_clip_plots/cnn_mnist_clip_ste_1/test_mnist_cnn_mnist_clip_ste_1_
gamma_similarity_niid_NNM_ARC_TrMean_nb_honest_clients_10_tolerated_f_equal_rea
l.pdf, id=8446, 462.52798pt x 346.89601pt>
File: ../activation_clip_plots/cnn_mnist_clip_ste_1/test_mnist_cnn_mnist_clip_s
te_1_gamma_similarity_niid_NNM_ARC_TrMean_nb_honest_clients_10_tolerated_f_equa
l_real.pdf Graphic file (type pdf)
<use ../activation_clip_plots/cnn_mnist_clip_ste_1/test_mnist_cnn_mnist_clip_st
e_1_gamma_similarity_niid_NNM_ARC_TrMean_nb_honest_clients_10_tolerated_f_equal
_real.pdf>
Package pdftex.def Info: ../activation_clip_plots/cnn_mnist_clip_ste_1/test_mni
st_cnn_mnist_clip_ste_1_gamma_similarity_niid_NNM_ARC_TrMean_nb_honest_clients_
10_tolerated_f_equal_real.pdf  used on input line 1447.
(pdftex.def)             Requested size: 161.14217pt x 120.85434pt.
<../activation_clip_plots/cnn_mnist_clip_ste_2/test_mnist_cnn_mnist_clip_ste_2_
gamma_similarity_niid_NNM_ARC_TrMean_nb_honest_clients_10_tolerated_f_equal_rea
l.pdf, id=8447, 462.52798pt x 346.89601pt>
File: ../activation_clip_plots/cnn_mnist_clip_ste_2/test_mnist_cnn_mnist_clip_s
te_2_gamma_similarity_niid_NNM_ARC_TrMean_nb_honest_clients_10_tolerated_f_equa
l_real.pdf Graphic file (type pdf)
<use ../activation_clip_plots/cnn_mnist_clip_ste_2/test_mnist_cnn_mnist_clip_st
e_2_gamma_similarity_niid_NNM_ARC_TrMean_nb_honest_clients_10_tolerated_f_equal
_real.pdf>
Package pdftex.def Info: ../activation_clip_plots/cnn_mnist_clip_ste_2/test_mni
st_cnn_mnist_clip_ste_2_gamma_similarity_niid_NNM_ARC_TrMean_nb_honest_clients_
10_tolerated_f_equal_real.pdf  used on input line 1454.
(pdftex.def)             Requested size: 161.14217pt x 120.85434pt.
<../activation_clip_plots/cnn_mnist_clip_ramp_1/test_mnist_cnn_mnist_clip_ramp_
1_gamma_similarity_niid_NNM_ARC_TrMean_nb_honest_clients_10_tolerated_f_equal_r
eal.pdf, id=8448, 462.52798pt x 346.89601pt>
File: ../activation_clip_plots/cnn_mnist_clip_ramp_1/test_mnist_cnn_mnist_clip_
ramp_1_gamma_similarity_niid_NNM_ARC_TrMean_nb_honest_clients_10_tolerated_f_eq
ual_real.pdf Graphic file (type pdf)
<use ../activation_clip_plots/cnn_mnist_clip_ramp_1/test_mnist_cnn_mnist_clip_r
amp_1_gamma_similarity_niid_NNM_ARC_TrMean_nb_honest_clients_10_tolerated_f_equ
al_real.pdf>
Package pdftex.def Info: ../activation_clip_plots/cnn_mnist_clip_ramp_1/test_mn
ist_cnn_mnist_clip_ramp_1_gamma_similarity_niid_NNM_ARC_TrMean_nb_honest_client
s_10_tolerated_f_equal_real.pdf  used on input line 1461.
(pdftex.def)             Requested size: 161.14217pt x 120.85434pt.
<../activation_clip_plots/cnn_mnist_clip_ramp_2/test_mnist_cnn_mnist_clip_ramp_
2_gamma_similarity_niid_NNM_ARC_TrMean_nb_honest_clients_10_tolerated_f_equal_r
eal.pdf, id=8449, 462.52798pt x 346.89601pt>
File: ../activation_clip_plots/cnn_mnist_clip_ramp_2/test_mnist_cnn_mnist_clip_
ramp_2_gamma_similarity_niid_NNM_ARC_TrMean_nb_honest_clients_10_tolerated_f_eq
ual_real.pdf Graphic file (type pdf)
<use ../activation_clip_plots/cnn_mnist_clip_ramp_2/test_mnist_cnn_mnist_clip_r
amp_2_gamma_similarity_niid_NNM_ARC_TrMean_nb_honest_clients_10_tolerated_f_equ
al_real.pdf>
Package pdftex.def Info: ../activation_clip_plots/cnn_mnist_clip_ramp_2/test_mn
ist_cnn_mnist_clip_ramp_2_gamma_similarity_niid_NNM_ARC_TrMean_nb_honest_client
s_10_tolerated_f_equal_real.pdf  used on input line 1468.
(pdftex.def)             Requested size: 161.14217pt x 120.85434pt.
<../activation_clip_plots/cnn_mnist_qclip_080/test_mnist_cnn_mnist_gamma_simila
rity_niid_NNM_ARC_TrMean_nb_honest_clients_10_tolerated_f_equal_real.pdf, id=84
50, 462.52798pt x 346.89601pt>
File: ../activation_clip_plots/cnn_mnist_qclip_080/test_mnist_cnn_mnist_gamma_s
imilarity_niid_NNM_ARC_TrMean_nb_honest_clients_10_tolerated_f_equal_real.pdf G
raphic file (type pdf)
<use ../activation_clip_plots/cnn_mnist_qclip_080/test_mnist_cnn_mnist_gamma_si
milarity_niid_NNM_ARC_TrMean_nb_honest_clients_10_tolerated_f_equal_real.pdf>
Package pdftex.def Info: ../activation_clip_plots/cnn_mnist_qclip_080/test_mnis
t_cnn_mnist_gamma_similarity_niid_NNM_ARC_TrMean_nb_honest_clients_10_tolerated
_f_equal_real.pdf  used on input line 1475.
(pdftex.def)             Requested size: 161.14217pt x 120.85434pt.
<../results/activation_clip_plots/cnn_mnist_rawqclip_080/test_mnist_cnn_mnist_g
amma_similarity_niid_NNM_ARC_TrMean_nb_honest_clients_10_tolerated_f_equal_real
.pdf, id=8451, 462.52798pt x 346.89601pt>
File: ../results/activation_clip_plots/cnn_mnist_rawqclip_080/test_mnist_cnn_mn
ist_gamma_similarity_niid_NNM_ARC_TrMean_nb_honest_clients_10_tolerated_f_equal
_real.pdf Graphic file (type pdf)
<use ../results/activation_clip_plots/cnn_mnist_rawqclip_080/test_mnist_cnn_mni
st_gamma_similarity_niid_NNM_ARC_TrMean_nb_honest_clients_10_tolerated_f_equal_
real.pdf>
Package pdftex.def Info: ../results/activation_clip_plots/cnn_mnist_rawqclip_08
0/test_mnist_cnn_mnist_gamma_similarity_niid_NNM_ARC_TrMean_nb_honest_clients_1
0_tolerated_f_equal_real.pdf  used on input line 1482.
(pdftex.def)             Requested size: 161.14217pt x 120.85434pt.
 [37

] [38 <../plots/mnist_clipping_heatmaps/cnn_mnist/test_mnist_cnn_mnist_gamma_si
milarity_niid_NNM_ARC_TrMean_nb_honest_clients_10_tolerated_f_equal_real.pdf> <
../plots/cnn_tanh_heatmaps/test_mnist_cnn_mnist_tanh_gamma_similarity_niid_NNM_
ARC_TrMean_nb_honest_clients_10_tolerated_f_equal_real.pdf> <../plots/mnist_cli
pping_heatmaps/cnn_mnist_clipping_1/test_mnist_cnn_mnist_clipping_1_gamma_simil
arity_niid_NNM_ARC_TrMean_nb_honest_clients_10_tolerated_f_equal_real.pdf> <../
plots/mnist_clipping_heatmaps/cnn_mnist_clipping_2/test_mnist_cnn_mnist_clippin
g_2_gamma_similarity_niid_NNM_ARC_TrMean_nb_honest_clients_10_tolerated_f_equal
_real.pdf> <../activation_clip_plots/cnn_mnist_clip_ste_1/test_mnist_cnn_mnist_
clip_ste_1_gamma_similarity_niid_NNM_ARC_TrMean_nb_honest_clients_10_tolerated_
f_equal_real.pdf> <../activation_clip_plots/cnn_mnist_clip_ste_2/test_mnist_cnn
_mnist_clip_ste_2_gamma_similarity_niid_NNM_ARC_TrMean_nb_honest_clients_10_tol
erated_f_equal_real.pdf> <../activation_clip_plots/cnn_mnist_clip_ramp_1/test_m
nist_cnn_mnist_clip_ramp_1_gamma_similarity_niid_NNM_ARC_TrMean_nb_honest_clien
ts_10_tolerated_f_equal_real.pdf> <../activation_clip_plots/cnn_mnist_clip_ramp
_2/test_mnist_cnn_mnist_clip_ramp_2_gamma_similarity_niid_NNM_ARC_TrMean_nb_hon
est_clients_10_tolerated_f_equal_real.pdf> <../activation_clip_plots/cnn_mnist_
qclip_080/test_mnist_cnn_mnist_gamma_similarity_niid_NNM_ARC_TrMean_nb_honest_c
lients_10_tolerated_f_equal_real.pdf> <../results/activation_clip_plots/cnn_mni
st_rawqclip_080/test_mnist_cnn_mnist_gamma_similarity_niid_NNM_ARC_TrMean_nb_ho
nest_clients_10_tolerated_f_equal_real.pdf>]
<../plots/mnist_clipping_heatmaps/cnn_mnist/test_Optimal_ALittleIsEnough_neg1_m
nist_cnn_mnist_gamma_similarity_niid_NNM_ARC_TrMean_nb_honest_clients_10_tolera
ted_f_equal_real.pdf, id=8872, 462.52798pt x 346.89601pt>
File: ../plots/mnist_clipping_heatmaps/cnn_mnist/test_Optimal_ALittleIsEnough_n
eg1_mnist_cnn_mnist_gamma_similarity_niid_NNM_ARC_TrMean_nb_honest_clients_10_t
olerated_f_equal_real.pdf Graphic file (type pdf)
<use ../plots/mnist_clipping_heatmaps/cnn_mnist/test_Optimal_ALittleIsEnough_ne
g1_mnist_cnn_mnist_gamma_similarity_niid_NNM_ARC_TrMean_nb_honest_clients_10_to
lerated_f_equal_real.pdf>
Package pdftex.def Info: ../plots/mnist_clipping_heatmaps/cnn_mnist/test_Optima
l_ALittleIsEnough_neg1_mnist_cnn_mnist_gamma_similarity_niid_NNM_ARC_TrMean_nb_
honest_clients_10_tolerated_f_equal_real.pdf  used on input line 1495.
(pdftex.def)             Requested size: 161.14217pt x 120.85434pt.
<../plots/cnn_tanh_heatmaps/test_Optimal_ALittleIsEnough_neg1_mnist_cnn_mnist_t
anh_gamma_similarity_niid_NNM_ARC_TrMean_nb_honest_clients_10_tolerated_f_equal
_real.pdf, id=8873, 462.52798pt x 346.89601pt>
File: ../plots/cnn_tanh_heatmaps/test_Optimal_ALittleIsEnough_neg1_mnist_cnn_mn
ist_tanh_gamma_similarity_niid_NNM_ARC_TrMean_nb_honest_clients_10_tolerated_f_
equal_real.pdf Graphic file (type pdf)
<use ../plots/cnn_tanh_heatmaps/test_Optimal_ALittleIsEnough_neg1_mnist_cnn_mni
st_tanh_gamma_similarity_niid_NNM_ARC_TrMean_nb_honest_clients_10_tolerated_f_e
qual_real.pdf>
Package pdftex.def Info: ../plots/cnn_tanh_heatmaps/test_Optimal_ALittleIsEnoug
h_neg1_mnist_cnn_mnist_tanh_gamma_similarity_niid_NNM_ARC_TrMean_nb_honest_clie
nts_10_tolerated_f_equal_real.pdf  used on input line 1502.
(pdftex.def)             Requested size: 161.14217pt x 120.85434pt.
<../plots/mnist_clipping_heatmaps/cnn_mnist_clipping_1/test_Optimal_ALittleIsEn
ough_neg1_mnist_cnn_mnist_clipping_1_gamma_similarity_niid_NNM_ARC_TrMean_nb_ho
nest_clients_10_tolerated_f_equal_real.pdf, id=8874, 462.52798pt x 346.89601pt>

File: ../plots/mnist_clipping_heatmaps/cnn_mnist_clipping_1/test_Optimal_ALittl
eIsEnough_neg1_mnist_cnn_mnist_clipping_1_gamma_similarity_niid_NNM_ARC_TrMean_
nb_honest_clients_10_tolerated_f_equal_real.pdf Graphic file (type pdf)
<use ../plots/mnist_clipping_heatmaps/cnn_mnist_clipping_1/test_Optimal_ALittle
IsEnough_neg1_mnist_cnn_mnist_clipping_1_gamma_similarity_niid_NNM_ARC_TrMean_n
b_honest_clients_10_tolerated_f_equal_real.pdf>
Package pdftex.def Info: ../plots/mnist_clipping_heatmaps/cnn_mnist_clipping_1/
test_Optimal_ALittleIsEnough_neg1_mnist_cnn_mnist_clipping_1_gamma_similarity_n
iid_NNM_ARC_TrMean_nb_honest_clients_10_tolerated_f_equal_real.pdf  used on inp
ut line 1509.
(pdftex.def)             Requested size: 161.14217pt x 120.85434pt.
<../plots/mnist_clipping_heatmaps/cnn_mnist_clipping_2/test_Optimal_ALittleIsEn
ough_neg1_mnist_cnn_mnist_clipping_2_gamma_similarity_niid_NNM_ARC_TrMean_nb_ho
nest_clients_10_tolerated_f_equal_real.pdf, id=8875, 462.52798pt x 346.89601pt>

File: ../plots/mnist_clipping_heatmaps/cnn_mnist_clipping_2/test_Optimal_ALittl
eIsEnough_neg1_mnist_cnn_mnist_clipping_2_gamma_similarity_niid_NNM_ARC_TrMean_
nb_honest_clients_10_tolerated_f_equal_real.pdf Graphic file (type pdf)
<use ../plots/mnist_clipping_heatmaps/cnn_mnist_clipping_2/test_Optimal_ALittle
IsEnough_neg1_mnist_cnn_mnist_clipping_2_gamma_similarity_niid_NNM_ARC_TrMean_n
b_honest_clients_10_tolerated_f_equal_real.pdf>
Package pdftex.def Info: ../plots/mnist_clipping_heatmaps/cnn_mnist_clipping_2/
test_Optimal_ALittleIsEnough_neg1_mnist_cnn_mnist_clipping_2_gamma_similarity_n
iid_NNM_ARC_TrMean_nb_honest_clients_10_tolerated_f_equal_real.pdf  used on inp
ut line 1516.
(pdftex.def)             Requested size: 161.14217pt x 120.85434pt.
<../activation_clip_plots/cnn_mnist_clip_ste_1/test_Optimal_ALittleIsEnough_neg
1_mnist_cnn_mnist_clip_ste_1_gamma_similarity_niid_NNM_ARC_TrMean_nb_honest_cli
ents_10_tolerated_f_equal_real.pdf, id=8876, 462.52798pt x 346.89601pt>
File: ../activation_clip_plots/cnn_mnist_clip_ste_1/test_Optimal_ALittleIsEnoug
h_neg1_mnist_cnn_mnist_clip_ste_1_gamma_similarity_niid_NNM_ARC_TrMean_nb_hones
t_clients_10_tolerated_f_equal_real.pdf Graphic file (type pdf)
<use ../activation_clip_plots/cnn_mnist_clip_ste_1/test_Optimal_ALittleIsEnough
_neg1_mnist_cnn_mnist_clip_ste_1_gamma_similarity_niid_NNM_ARC_TrMean_nb_honest
_clients_10_tolerated_f_equal_real.pdf>
Package pdftex.def Info: ../activation_clip_plots/cnn_mnist_clip_ste_1/test_Opt
imal_ALittleIsEnough_neg1_mnist_cnn_mnist_clip_ste_1_gamma_similarity_niid_NNM_
ARC_TrMean_nb_honest_clients_10_tolerated_f_equal_real.pdf  used on input line 
1523.
(pdftex.def)             Requested size: 161.14217pt x 120.85434pt.
<../activation_clip_plots/cnn_mnist_clip_ste_2/test_Optimal_ALittleIsEnough_neg
1_mnist_cnn_mnist_clip_ste_2_gamma_similarity_niid_NNM_ARC_TrMean_nb_honest_cli
ents_10_tolerated_f_equal_real.pdf, id=8877, 462.52798pt x 346.89601pt>
File: ../activation_clip_plots/cnn_mnist_clip_ste_2/test_Optimal_ALittleIsEnoug
h_neg1_mnist_cnn_mnist_clip_ste_2_gamma_similarity_niid_NNM_ARC_TrMean_nb_hones
t_clients_10_tolerated_f_equal_real.pdf Graphic file (type pdf)
<use ../activation_clip_plots/cnn_mnist_clip_ste_2/test_Optimal_ALittleIsEnough
_neg1_mnist_cnn_mnist_clip_ste_2_gamma_similarity_niid_NNM_ARC_TrMean_nb_honest
_clients_10_tolerated_f_equal_real.pdf>
Package pdftex.def Info: ../activation_clip_plots/cnn_mnist_clip_ste_2/test_Opt
imal_ALittleIsEnough_neg1_mnist_cnn_mnist_clip_ste_2_gamma_similarity_niid_NNM_
ARC_TrMean_nb_honest_clients_10_tolerated_f_equal_real.pdf  used on input line 
1530.
(pdftex.def)             Requested size: 161.14217pt x 120.85434pt.
<../activation_clip_plots/cnn_mnist_clip_ramp_1/test_Optimal_ALittleIsEnough_ne
g1_mnist_cnn_mnist_clip_ramp_1_gamma_similarity_niid_NNM_ARC_TrMean_nb_honest_c
lients_10_tolerated_f_equal_real.pdf, id=8878, 462.52798pt x 346.89601pt>
File: ../activation_clip_plots/cnn_mnist_clip_ramp_1/test_Optimal_ALittleIsEnou
gh_neg1_mnist_cnn_mnist_clip_ramp_1_gamma_similarity_niid_NNM_ARC_TrMean_nb_hon
est_clients_10_tolerated_f_equal_real.pdf Graphic file (type pdf)
<use ../activation_clip_plots/cnn_mnist_clip_ramp_1/test_Optimal_ALittleIsEnoug
h_neg1_mnist_cnn_mnist_clip_ramp_1_gamma_similarity_niid_NNM_ARC_TrMean_nb_hone
st_clients_10_tolerated_f_equal_real.pdf>
Package pdftex.def Info: ../activation_clip_plots/cnn_mnist_clip_ramp_1/test_Op
timal_ALittleIsEnough_neg1_mnist_cnn_mnist_clip_ramp_1_gamma_similarity_niid_NN
M_ARC_TrMean_nb_honest_clients_10_tolerated_f_equal_real.pdf  used on input lin
e 1537.
(pdftex.def)             Requested size: 161.14217pt x 120.85434pt.
<../activation_clip_plots/cnn_mnist_clip_ramp_2/test_Optimal_ALittleIsEnough_ne
g1_mnist_cnn_mnist_clip_ramp_2_gamma_similarity_niid_NNM_ARC_TrMean_nb_honest_c
lients_10_tolerated_f_equal_real.pdf, id=8879, 462.52798pt x 346.89601pt>
File: ../activation_clip_plots/cnn_mnist_clip_ramp_2/test_Optimal_ALittleIsEnou
gh_neg1_mnist_cnn_mnist_clip_ramp_2_gamma_similarity_niid_NNM_ARC_TrMean_nb_hon
est_clients_10_tolerated_f_equal_real.pdf Graphic file (type pdf)
<use ../activation_clip_plots/cnn_mnist_clip_ramp_2/test_Optimal_ALittleIsEnoug
h_neg1_mnist_cnn_mnist_clip_ramp_2_gamma_similarity_niid_NNM_ARC_TrMean_nb_hone
st_clients_10_tolerated_f_equal_real.pdf>
Package pdftex.def Info: ../activation_clip_plots/cnn_mnist_clip_ramp_2/test_Op
timal_ALittleIsEnough_neg1_mnist_cnn_mnist_clip_ramp_2_gamma_similarity_niid_NN
M_ARC_TrMean_nb_honest_clients_10_tolerated_f_equal_real.pdf  used on input lin
e 1544.
(pdftex.def)             Requested size: 161.14217pt x 120.85434pt.
<../activation_clip_plots/cnn_mnist_qclip_080/test_Optimal_ALittleIsEnough_neg1
_mnist_cnn_mnist_gamma_similarity_niid_NNM_ARC_TrMean_nb_honest_clients_10_tole
rated_f_equal_real.pdf, id=8880, 462.52798pt x 346.89601pt>
File: ../activation_clip_plots/cnn_mnist_qclip_080/test_Optimal_ALittleIsEnough
_neg1_mnist_cnn_mnist_gamma_similarity_niid_NNM_ARC_TrMean_nb_honest_clients_10
_tolerated_f_equal_real.pdf Graphic file (type pdf)
<use ../activation_clip_plots/cnn_mnist_qclip_080/test_Optimal_ALittleIsEnough_
neg1_mnist_cnn_mnist_gamma_similarity_niid_NNM_ARC_TrMean_nb_honest_clients_10_
tolerated_f_equal_real.pdf>
Package pdftex.def Info: ../activation_clip_plots/cnn_mnist_qclip_080/test_Opti
mal_ALittleIsEnough_neg1_mnist_cnn_mnist_gamma_similarity_niid_NNM_ARC_TrMean_n
b_honest_clients_10_tolerated_f_equal_real.pdf  used on input line 1551.
(pdftex.def)             Requested size: 161.14217pt x 120.85434pt.
<../results/activation_clip_plots/cnn_mnist_rawqclip_080/test_Optimal_ALittleIs
Enough_neg1_mnist_cnn_mnist_gamma_similarity_niid_NNM_ARC_TrMean_nb_honest_clie
nts_10_tolerated_f_equal_real.pdf, id=8881, 462.52798pt x 346.89601pt>
File: ../results/activation_clip_plots/cnn_mnist_rawqclip_080/test_Optimal_ALit
tleIsEnough_neg1_mnist_cnn_mnist_gamma_similarity_niid_NNM_ARC_TrMean_nb_honest
_clients_10_tolerated_f_equal_real.pdf Graphic file (type pdf)
<use ../results/activation_clip_plots/cnn_mnist_rawqclip_080/test_Optimal_ALitt
leIsEnough_neg1_mnist_cnn_mnist_gamma_similarity_niid_NNM_ARC_TrMean_nb_honest_
clients_10_tolerated_f_equal_real.pdf>
Package pdftex.def Info: ../results/activation_clip_plots/cnn_mnist_rawqclip_08
0/test_Optimal_ALittleIsEnough_neg1_mnist_cnn_mnist_gamma_similarity_niid_NNM_A
RC_TrMean_nb_honest_clients_10_tolerated_f_equal_real.pdf  used on input line 1
558.
(pdftex.def)             Requested size: 161.14217pt x 120.85434pt.
 [39

] [40 <../plots/mnist_clipping_heatmaps/cnn_mnist/test_Optimal_ALittleIsEnough_
neg1_mnist_cnn_mnist_gamma_similarity_niid_NNM_ARC_TrMean_nb_honest_clients_10_
tolerated_f_equal_real.pdf> <../plots/cnn_tanh_heatmaps/test_Optimal_ALittleIsE
nough_neg1_mnist_cnn_mnist_tanh_gamma_similarity_niid_NNM_ARC_TrMean_nb_honest_
clients_10_tolerated_f_equal_real.pdf> <../plots/mnist_clipping_heatmaps/cnn_mn
ist_clipping_1/test_Optimal_ALittleIsEnough_neg1_mnist_cnn_mnist_clipping_1_gam
ma_similarity_niid_NNM_ARC_TrMean_nb_honest_clients_10_tolerated_f_equal_real.p
df> <../plots/mnist_clipping_heatmaps/cnn_mnist_clipping_2/test_Optimal_ALittle
IsEnough_neg1_mnist_cnn_mnist_clipping_2_gamma_similarity_niid_NNM_ARC_TrMean_n
b_honest_clients_10_tolerated_f_equal_real.pdf> <../activation_clip_plots/cnn_m
nist_clip_ste_1/test_Optimal_ALittleIsEnough_neg1_mnist_cnn_mnist_clip_ste_1_ga
mma_similarity_niid_NNM_ARC_TrMean_nb_honest_clients_10_tolerated_f_equal_real.
pdf> <../activation_clip_plots/cnn_mnist_clip_ste_2/test_Optimal_ALittleIsEnoug
h_neg1_mnist_cnn_mnist_clip_ste_2_gamma_similarity_niid_NNM_ARC_TrMean_nb_hones
t_clients_10_tolerated_f_equal_real.pdf> <../activation_clip_plots/cnn_mnist_cl
ip_ramp_1/test_Optimal_ALittleIsEnough_neg1_mnist_cnn_mnist_clip_ramp_1_gamma_s
imilarity_niid_NNM_ARC_TrMean_nb_honest_clients_10_tolerated_f_equal_real.pdf> 
<../activation_clip_plots/cnn_mnist_clip_ramp_2/test_Optimal_ALittleIsEnough_ne
g1_mnist_cnn_mnist_clip_ramp_2_gamma_similarity_niid_NNM_ARC_TrMean_nb_honest_c
lients_10_tolerated_f_equal_real.pdf> <../activation_clip_plots/cnn_mnist_qclip
_080/test_Optimal_ALittleIsEnough_neg1_mnist_cnn_mnist_gamma_similarity_niid_NN
M_ARC_TrMean_nb_honest_clients_10_tolerated_f_equal_real.pdf> <../results/activ
ation_clip_plots/cnn_mnist_rawqclip_080/test_Optimal_ALittleIsEnough_neg1_mnist
_cnn_mnist_gamma_similarity_niid_NNM_ARC_TrMean_nb_honest_clients_10_tolerated_
f_equal_real.pdf>]
<../plots/mnist_clipping_heatmaps/cnn_mnist/test_SignFlipping_mnist_cnn_mnist_g
amma_similarity_niid_NNM_ARC_TrMean_nb_honest_clients_10_tolerated_f_equal_real
.pdf, id=9391, 462.52798pt x 346.89601pt>
File: ../plots/mnist_clipping_heatmaps/cnn_mnist/test_SignFlipping_mnist_cnn_mn
ist_gamma_similarity_niid_NNM_ARC_TrMean_nb_honest_clients_10_tolerated_f_equal
_real.pdf Graphic file (type pdf)
<use ../plots/mnist_clipping_heatmaps/cnn_mnist/test_SignFlipping_mnist_cnn_mni
st_gamma_similarity_niid_NNM_ARC_TrMean_nb_honest_clients_10_tolerated_f_equal_
real.pdf>
Package pdftex.def Info: ../plots/mnist_clipping_heatmaps/cnn_mnist/test_SignFl
ipping_mnist_cnn_mnist_gamma_similarity_niid_NNM_ARC_TrMean_nb_honest_clients_1
0_tolerated_f_equal_real.pdf  used on input line 1571.
(pdftex.def)             Requested size: 161.14217pt x 120.85434pt.
<../plots/cnn_tanh_heatmaps/test_SignFlipping_mnist_cnn_mnist_tanh_gamma_simila
rity_niid_NNM_ARC_TrMean_nb_honest_clients_10_tolerated_f_equal_real.pdf, id=93
92, 462.52798pt x 346.89601pt>
File: ../plots/cnn_tanh_heatmaps/test_SignFlipping_mnist_cnn_mnist_tanh_gamma_s
imilarity_niid_NNM_ARC_TrMean_nb_honest_clients_10_tolerated_f_equal_real.pdf G
raphic file (type pdf)
<use ../plots/cnn_tanh_heatmaps/test_SignFlipping_mnist_cnn_mnist_tanh_gamma_si
milarity_niid_NNM_ARC_TrMean_nb_honest_clients_10_tolerated_f_equal_real.pdf>
Package pdftex.def Info: ../plots/cnn_tanh_heatmaps/test_SignFlipping_mnist_cnn
_mnist_tanh_gamma_similarity_niid_NNM_ARC_TrMean_nb_honest_clients_10_tolerated
_f_equal_real.pdf  used on input line 1578.
(pdftex.def)             Requested size: 161.14217pt x 120.85434pt.
<../plots/mnist_clipping_heatmaps/cnn_mnist_clipping_1/test_SignFlipping_mnist_
cnn_mnist_clipping_1_gamma_similarity_niid_NNM_ARC_TrMean_nb_honest_clients_10_
tolerated_f_equal_real.pdf, id=9393, 462.52798pt x 346.89601pt>
File: ../plots/mnist_clipping_heatmaps/cnn_mnist_clipping_1/test_SignFlipping_m
nist_cnn_mnist_clipping_1_gamma_similarity_niid_NNM_ARC_TrMean_nb_honest_client
s_10_tolerated_f_equal_real.pdf Graphic file (type pdf)
<use ../plots/mnist_clipping_heatmaps/cnn_mnist_clipping_1/test_SignFlipping_mn
ist_cnn_mnist_clipping_1_gamma_similarity_niid_NNM_ARC_TrMean_nb_honest_clients
_10_tolerated_f_equal_real.pdf>
Package pdftex.def Info: ../plots/mnist_clipping_heatmaps/cnn_mnist_clipping_1/
test_SignFlipping_mnist_cnn_mnist_clipping_1_gamma_similarity_niid_NNM_ARC_TrMe
an_nb_honest_clients_10_tolerated_f_equal_real.pdf  used on input line 1585.
(pdftex.def)             Requested size: 161.14217pt x 120.85434pt.
<../plots/mnist_clipping_heatmaps/cnn_mnist_clipping_2/test_SignFlipping_mnist_
cnn_mnist_clipping_2_gamma_similarity_niid_NNM_ARC_TrMean_nb_honest_clients_10_
tolerated_f_equal_real.pdf, id=9394, 462.52798pt x 346.89601pt>
File: ../plots/mnist_clipping_heatmaps/cnn_mnist_clipping_2/test_SignFlipping_m
nist_cnn_mnist_clipping_2_gamma_similarity_niid_NNM_ARC_TrMean_nb_honest_client
s_10_tolerated_f_equal_real.pdf Graphic file (type pdf)
<use ../plots/mnist_clipping_heatmaps/cnn_mnist_clipping_2/test_SignFlipping_mn
ist_cnn_mnist_clipping_2_gamma_similarity_niid_NNM_ARC_TrMean_nb_honest_clients
_10_tolerated_f_equal_real.pdf>
Package pdftex.def Info: ../plots/mnist_clipping_heatmaps/cnn_mnist_clipping_2/
test_SignFlipping_mnist_cnn_mnist_clipping_2_gamma_similarity_niid_NNM_ARC_TrMe
an_nb_honest_clients_10_tolerated_f_equal_real.pdf  used on input line 1592.
(pdftex.def)             Requested size: 161.14217pt x 120.85434pt.
<../activation_clip_plots/cnn_mnist_clip_ste_1/test_SignFlipping_mnist_cnn_mnis
t_clip_ste_1_gamma_similarity_niid_NNM_ARC_TrMean_nb_honest_clients_10_tolerate
d_f_equal_real.pdf, id=9395, 462.52798pt x 346.89601pt>
File: ../activation_clip_plots/cnn_mnist_clip_ste_1/test_SignFlipping_mnist_cnn
_mnist_clip_ste_1_gamma_similarity_niid_NNM_ARC_TrMean_nb_honest_clients_10_tol
erated_f_equal_real.pdf Graphic file (type pdf)
<use ../activation_clip_plots/cnn_mnist_clip_ste_1/test_SignFlipping_mnist_cnn_
mnist_clip_ste_1_gamma_similarity_niid_NNM_ARC_TrMean_nb_honest_clients_10_tole
rated_f_equal_real.pdf>
Package pdftex.def Info: ../activation_clip_plots/cnn_mnist_clip_ste_1/test_Sig
nFlipping_mnist_cnn_mnist_clip_ste_1_gamma_similarity_niid_NNM_ARC_TrMean_nb_ho
nest_clients_10_tolerated_f_equal_real.pdf  used on input line 1599.
(pdftex.def)             Requested size: 161.14217pt x 120.85434pt.
<../activation_clip_plots/cnn_mnist_clip_ste_2/test_SignFlipping_mnist_cnn_mnis
t_clip_ste_2_gamma_similarity_niid_NNM_ARC_TrMean_nb_honest_clients_10_tolerate
d_f_equal_real.pdf, id=9396, 462.52798pt x 346.89601pt>
File: ../activation_clip_plots/cnn_mnist_clip_ste_2/test_SignFlipping_mnist_cnn
_mnist_clip_ste_2_gamma_similarity_niid_NNM_ARC_TrMean_nb_honest_clients_10_tol
erated_f_equal_real.pdf Graphic file (type pdf)
<use ../activation_clip_plots/cnn_mnist_clip_ste_2/test_SignFlipping_mnist_cnn_
mnist_clip_ste_2_gamma_similarity_niid_NNM_ARC_TrMean_nb_honest_clients_10_tole
rated_f_equal_real.pdf>
Package pdftex.def Info: ../activation_clip_plots/cnn_mnist_clip_ste_2/test_Sig
nFlipping_mnist_cnn_mnist_clip_ste_2_gamma_similarity_niid_NNM_ARC_TrMean_nb_ho
nest_clients_10_tolerated_f_equal_real.pdf  used on input line 1606.
(pdftex.def)             Requested size: 161.14217pt x 120.85434pt.
<../activation_clip_plots/cnn_mnist_clip_ramp_1/test_SignFlipping_mnist_cnn_mni
st_clip_ramp_1_gamma_similarity_niid_NNM_ARC_TrMean_nb_honest_clients_10_tolera
ted_f_equal_real.pdf, id=9397, 462.52798pt x 346.89601pt>
File: ../activation_clip_plots/cnn_mnist_clip_ramp_1/test_SignFlipping_mnist_cn
n_mnist_clip_ramp_1_gamma_similarity_niid_NNM_ARC_TrMean_nb_honest_clients_10_t
olerated_f_equal_real.pdf Graphic file (type pdf)
<use ../activation_clip_plots/cnn_mnist_clip_ramp_1/test_SignFlipping_mnist_cnn
_mnist_clip_ramp_1_gamma_similarity_niid_NNM_ARC_TrMean_nb_honest_clients_10_to
lerated_f_equal_real.pdf>
Package pdftex.def Info: ../activation_clip_plots/cnn_mnist_clip_ramp_1/test_Si
gnFlipping_mnist_cnn_mnist_clip_ramp_1_gamma_similarity_niid_NNM_ARC_TrMean_nb_
honest_clients_10_tolerated_f_equal_real.pdf  used on input line 1613.
(pdftex.def)             Requested size: 161.14217pt x 120.85434pt.
<../activation_clip_plots/cnn_mnist_clip_ramp_2/test_SignFlipping_mnist_cnn_mni
st_clip_ramp_2_gamma_similarity_niid_NNM_ARC_TrMean_nb_honest_clients_10_tolera
ted_f_equal_real.pdf, id=9398, 462.52798pt x 346.89601pt>
File: ../activation_clip_plots/cnn_mnist_clip_ramp_2/test_SignFlipping_mnist_cn
n_mnist_clip_ramp_2_gamma_similarity_niid_NNM_ARC_TrMean_nb_honest_clients_10_t
olerated_f_equal_real.pdf Graphic file (type pdf)
<use ../activation_clip_plots/cnn_mnist_clip_ramp_2/test_SignFlipping_mnist_cnn
_mnist_clip_ramp_2_gamma_similarity_niid_NNM_ARC_TrMean_nb_honest_clients_10_to
lerated_f_equal_real.pdf>
Package pdftex.def Info: ../activation_clip_plots/cnn_mnist_clip_ramp_2/test_Si
gnFlipping_mnist_cnn_mnist_clip_ramp_2_gamma_similarity_niid_NNM_ARC_TrMean_nb_
honest_clients_10_tolerated_f_equal_real.pdf  used on input line 1620.
(pdftex.def)             Requested size: 161.14217pt x 120.85434pt.
<../activation_clip_plots/cnn_mnist_qclip_080/test_SignFlipping_mnist_cnn_mnist
_gamma_similarity_niid_NNM_ARC_TrMean_nb_honest_clients_10_tolerated_f_equal_re
al.pdf, id=9399, 462.52798pt x 346.89601pt>
File: ../activation_clip_plots/cnn_mnist_qclip_080/test_SignFlipping_mnist_cnn_
mnist_gamma_similarity_niid_NNM_ARC_TrMean_nb_honest_clients_10_tolerated_f_equ
al_real.pdf Graphic file (type pdf)
<use ../activation_clip_plots/cnn_mnist_qclip_080/test_SignFlipping_mnist_cnn_m
nist_gamma_similarity_niid_NNM_ARC_TrMean_nb_honest_clients_10_tolerated_f_equa
l_real.pdf>
Package pdftex.def Info: ../activation_clip_plots/cnn_mnist_qclip_080/test_Sign
Flipping_mnist_cnn_mnist_gamma_similarity_niid_NNM_ARC_TrMean_nb_honest_clients
_10_tolerated_f_equal_real.pdf  used on input line 1627.
(pdftex.def)             Requested size: 161.14217pt x 120.85434pt.
<../results/activation_clip_plots/cnn_mnist_rawqclip_080/test_SignFlipping_mnis
t_cnn_mnist_gamma_similarity_niid_NNM_ARC_TrMean_nb_honest_clients_10_tolerated
_f_equal_real.pdf, id=9400, 462.52798pt x 346.89601pt>
File: ../results/activation_clip_plots/cnn_mnist_rawqclip_080/test_SignFlipping
_mnist_cnn_mnist_gamma_similarity_niid_NNM_ARC_TrMean_nb_honest_clients_10_tole
rated_f_equal_real.pdf Graphic file (type pdf)
<use ../results/activation_clip_plots/cnn_mnist_rawqclip_080/test_SignFlipping_
mnist_cnn_mnist_gamma_similarity_niid_NNM_ARC_TrMean_nb_honest_clients_10_toler
ated_f_equal_real.pdf>
Package pdftex.def Info: ../results/activation_clip_plots/cnn_mnist_rawqclip_08
0/test_SignFlipping_mnist_cnn_mnist_gamma_similarity_niid_NNM_ARC_TrMean_nb_hon
est_clients_10_tolerated_f_equal_real.pdf  used on input line 1634.
(pdftex.def)             Requested size: 161.14217pt x 120.85434pt.
 [41

] [42 <../plots/mnist_clipping_heatmaps/cnn_mnist/test_SignFlipping_mnist_cnn_m
nist_gamma_similarity_niid_NNM_ARC_TrMean_nb_honest_clients_10_tolerated_f_equa
l_real.pdf> <../plots/cnn_tanh_heatmaps/test_SignFlipping_mnist_cnn_mnist_tanh_
gamma_similarity_niid_NNM_ARC_TrMean_nb_honest_clients_10_tolerated_f_equal_rea
l.pdf> <../plots/mnist_clipping_heatmaps/cnn_mnist_clipping_1/test_SignFlipping
_mnist_cnn_mnist_clipping_1_gamma_similarity_niid_NNM_ARC_TrMean_nb_honest_clie
nts_10_tolerated_f_equal_real.pdf> <../plots/mnist_clipping_heatmaps/cnn_mnist_
clipping_2/test_SignFlipping_mnist_cnn_mnist_clipping_2_gamma_similarity_niid_N
NM_ARC_TrMean_nb_honest_clients_10_tolerated_f_equal_real.pdf> <../activation_c
lip_plots/cnn_mnist_clip_ste_1/test_SignFlipping_mnist_cnn_mnist_clip_ste_1_gam
ma_similarity_niid_NNM_ARC_TrMean_nb_honest_clients_10_tolerated_f_equal_real.p
df> <../activation_clip_plots/cnn_mnist_clip_ste_2/test_SignFlipping_mnist_cnn_
mnist_clip_ste_2_gamma_similarity_niid_NNM_ARC_TrMean_nb_honest_clients_10_tole
rated_f_equal_real.pdf> <../activation_clip_plots/cnn_mnist_clip_ramp_1/test_Si
gnFlipping_mnist_cnn_mnist_clip_ramp_1_gamma_similarity_niid_NNM_ARC_TrMean_nb_
honest_clients_10_tolerated_f_equal_real.pdf> <../activation_clip_plots/cnn_mni
st_clip_ramp_2/test_SignFlipping_mnist_cnn_mnist_clip_ramp_2_gamma_similarity_n
iid_NNM_ARC_TrMean_nb_honest_clients_10_tolerated_f_equal_real.pdf> <../activat
ion_clip_plots/cnn_mnist_qclip_080/test_SignFlipping_mnist_cnn_mnist_gamma_simi
larity_niid_NNM_ARC_TrMean_nb_honest_clients_10_tolerated_f_equal_real.pdf> <..
/results/activation_clip_plots/cnn_mnist_rawqclip_080/test_SignFlipping_mnist_c
nn_mnist_gamma_similarity_niid_NNM_ARC_TrMean_nb_honest_clients_10_tolerated_f_
equal_real.pdf>]
<../plots/mnist_clipping_heatmaps/cnn_mnist/test_Optimal_InnerProductManipulati
on_mnist_cnn_mnist_gamma_similarity_niid_NNM_ARC_TrMean_nb_honest_clients_10_to
lerated_f_equal_real.pdf, id=9880, 462.52798pt x 346.89601pt>
File: ../plots/mnist_clipping_heatmaps/cnn_mnist/test_Optimal_InnerProductManip
ulation_mnist_cnn_mnist_gamma_similarity_niid_NNM_ARC_TrMean_nb_honest_clients_
10_tolerated_f_equal_real.pdf Graphic file (type pdf)
<use ../plots/mnist_clipping_heatmaps/cnn_mnist/test_Optimal_InnerProductManipu
lation_mnist_cnn_mnist_gamma_similarity_niid_NNM_ARC_TrMean_nb_honest_clients_1
0_tolerated_f_equal_real.pdf>
Package pdftex.def Info: ../plots/mnist_clipping_heatmaps/cnn_mnist/test_Optima
l_InnerProductManipulation_mnist_cnn_mnist_gamma_similarity_niid_NNM_ARC_TrMean
_nb_honest_clients_10_tolerated_f_equal_real.pdf  used on input line 1647.
(pdftex.def)             Requested size: 161.14217pt x 120.85434pt.
<../plots/cnn_tanh_heatmaps/test_Optimal_InnerProductManipulation_mnist_cnn_mni
st_tanh_gamma_similarity_niid_NNM_ARC_TrMean_nb_honest_clients_10_tolerated_f_e
qual_real.pdf, id=9881, 462.52798pt x 346.89601pt>
File: ../plots/cnn_tanh_heatmaps/test_Optimal_InnerProductManipulation_mnist_cn
n_mnist_tanh_gamma_similarity_niid_NNM_ARC_TrMean_nb_honest_clients_10_tolerate
d_f_equal_real.pdf Graphic file (type pdf)
<use ../plots/cnn_tanh_heatmaps/test_Optimal_InnerProductManipulation_mnist_cnn
_mnist_tanh_gamma_similarity_niid_NNM_ARC_TrMean_nb_honest_clients_10_tolerated
_f_equal_real.pdf>
Package pdftex.def Info: ../plots/cnn_tanh_heatmaps/test_Optimal_InnerProductMa
nipulation_mnist_cnn_mnist_tanh_gamma_similarity_niid_NNM_ARC_TrMean_nb_honest_
clients_10_tolerated_f_equal_real.pdf  used on input line 1654.
(pdftex.def)             Requested size: 161.14217pt x 120.85434pt.
<../plots/mnist_clipping_heatmaps/cnn_mnist_clipping_1/test_Optimal_InnerProduc
tManipulation_mnist_cnn_mnist_clipping_1_gamma_similarity_niid_NNM_ARC_TrMean_n
b_honest_clients_10_tolerated_f_equal_real.pdf, id=9882, 462.52798pt x 346.8960
1pt>
File: ../plots/mnist_clipping_heatmaps/cnn_mnist_clipping_1/test_Optimal_InnerP
roductManipulation_mnist_cnn_mnist_clipping_1_gamma_similarity_niid_NNM_ARC_TrM
ean_nb_honest_clients_10_tolerated_f_equal_real.pdf Graphic file (type pdf)
<use ../plots/mnist_clipping_heatmaps/cnn_mnist_clipping_1/test_Optimal_InnerPr
oductManipulation_mnist_cnn_mnist_clipping_1_gamma_similarity_niid_NNM_ARC_TrMe
an_nb_honest_clients_10_tolerated_f_equal_real.pdf>
Package pdftex.def Info: ../plots/mnist_clipping_heatmaps/cnn_mnist_clipping_1/
test_Optimal_InnerProductManipulation_mnist_cnn_mnist_clipping_1_gamma_similari
ty_niid_NNM_ARC_TrMean_nb_honest_clients_10_tolerated_f_equal_real.pdf  used on
 input line 1661.
(pdftex.def)             Requested size: 161.14217pt x 120.85434pt.
<../plots/mnist_clipping_heatmaps/cnn_mnist_clipping_2/test_Optimal_InnerProduc
tManipulation_mnist_cnn_mnist_clipping_2_gamma_similarity_niid_NNM_ARC_TrMean_n
b_honest_clients_10_tolerated_f_equal_real.pdf, id=9883, 462.52798pt x 346.8960
1pt>
File: ../plots/mnist_clipping_heatmaps/cnn_mnist_clipping_2/test_Optimal_InnerP
roductManipulation_mnist_cnn_mnist_clipping_2_gamma_similarity_niid_NNM_ARC_TrM
ean_nb_honest_clients_10_tolerated_f_equal_real.pdf Graphic file (type pdf)
<use ../plots/mnist_clipping_heatmaps/cnn_mnist_clipping_2/test_Optimal_InnerPr
oductManipulation_mnist_cnn_mnist_clipping_2_gamma_similarity_niid_NNM_ARC_TrMe
an_nb_honest_clients_10_tolerated_f_equal_real.pdf>
Package pdftex.def Info: ../plots/mnist_clipping_heatmaps/cnn_mnist_clipping_2/
test_Optimal_InnerProductManipulation_mnist_cnn_mnist_clipping_2_gamma_similari
ty_niid_NNM_ARC_TrMean_nb_honest_clients_10_tolerated_f_equal_real.pdf  used on
 input line 1668.
(pdftex.def)             Requested size: 161.14217pt x 120.85434pt.
<../activation_clip_plots/cnn_mnist_clip_ste_1/test_Optimal_InnerProductManipul
ation_mnist_cnn_mnist_clip_ste_1_gamma_similarity_niid_NNM_ARC_TrMean_nb_honest
_clients_10_tolerated_f_equal_real.pdf, id=9884, 462.52798pt x 346.89601pt>
File: ../activation_clip_plots/cnn_mnist_clip_ste_1/test_Optimal_InnerProductMa
nipulation_mnist_cnn_mnist_clip_ste_1_gamma_similarity_niid_NNM_ARC_TrMean_nb_h
onest_clients_10_tolerated_f_equal_real.pdf Graphic file (type pdf)
<use ../activation_clip_plots/cnn_mnist_clip_ste_1/test_Optimal_InnerProductMan
ipulation_mnist_cnn_mnist_clip_ste_1_gamma_similarity_niid_NNM_ARC_TrMean_nb_ho
nest_clients_10_tolerated_f_equal_real.pdf>
Package pdftex.def Info: ../activation_clip_plots/cnn_mnist_clip_ste_1/test_Opt
imal_InnerProductManipulation_mnist_cnn_mnist_clip_ste_1_gamma_similarity_niid_
NNM_ARC_TrMean_nb_honest_clients_10_tolerated_f_equal_real.pdf  used on input l
ine 1675.
(pdftex.def)             Requested size: 161.14217pt x 120.85434pt.
<../activation_clip_plots/cnn_mnist_clip_ste_2/test_Optimal_InnerProductManipul
ation_mnist_cnn_mnist_clip_ste_2_gamma_similarity_niid_NNM_ARC_TrMean_nb_honest
_clients_10_tolerated_f_equal_real.pdf, id=9885, 462.52798pt x 346.89601pt>
File: ../activation_clip_plots/cnn_mnist_clip_ste_2/test_Optimal_InnerProductMa
nipulation_mnist_cnn_mnist_clip_ste_2_gamma_similarity_niid_NNM_ARC_TrMean_nb_h
onest_clients_10_tolerated_f_equal_real.pdf Graphic file (type pdf)
<use ../activation_clip_plots/cnn_mnist_clip_ste_2/test_Optimal_InnerProductMan
ipulation_mnist_cnn_mnist_clip_ste_2_gamma_similarity_niid_NNM_ARC_TrMean_nb_ho
nest_clients_10_tolerated_f_equal_real.pdf>
Package pdftex.def Info: ../activation_clip_plots/cnn_mnist_clip_ste_2/test_Opt
imal_InnerProductManipulation_mnist_cnn_mnist_clip_ste_2_gamma_similarity_niid_
NNM_ARC_TrMean_nb_honest_clients_10_tolerated_f_equal_real.pdf  used on input l
ine 1682.
(pdftex.def)             Requested size: 161.14217pt x 120.85434pt.
<../activation_clip_plots/cnn_mnist_clip_ramp_1/test_Optimal_InnerProductManipu
lation_mnist_cnn_mnist_clip_ramp_1_gamma_similarity_niid_NNM_ARC_TrMean_nb_hone
st_clients_10_tolerated_f_equal_real.pdf, id=9886, 462.52798pt x 346.89601pt>
File: ../activation_clip_plots/cnn_mnist_clip_ramp_1/test_Optimal_InnerProductM
anipulation_mnist_cnn_mnist_clip_ramp_1_gamma_similarity_niid_NNM_ARC_TrMean_nb
_honest_clients_10_tolerated_f_equal_real.pdf Graphic file (type pdf)
<use ../activation_clip_plots/cnn_mnist_clip_ramp_1/test_Optimal_InnerProductMa
nipulation_mnist_cnn_mnist_clip_ramp_1_gamma_similarity_niid_NNM_ARC_TrMean_nb_
honest_clients_10_tolerated_f_equal_real.pdf>
Package pdftex.def Info: ../activation_clip_plots/cnn_mnist_clip_ramp_1/test_Op
timal_InnerProductManipulation_mnist_cnn_mnist_clip_ramp_1_gamma_similarity_nii
d_NNM_ARC_TrMean_nb_honest_clients_10_tolerated_f_equal_real.pdf  used on input
 line 1689.
(pdftex.def)             Requested size: 161.14217pt x 120.85434pt.
<../activation_clip_plots/cnn_mnist_clip_ramp_2/test_Optimal_InnerProductManipu
lation_mnist_cnn_mnist_clip_ramp_2_gamma_similarity_niid_NNM_ARC_TrMean_nb_hone
st_clients_10_tolerated_f_equal_real.pdf, id=9887, 462.52798pt x 346.89601pt>
File: ../activation_clip_plots/cnn_mnist_clip_ramp_2/test_Optimal_InnerProductM
anipulation_mnist_cnn_mnist_clip_ramp_2_gamma_similarity_niid_NNM_ARC_TrMean_nb
_honest_clients_10_tolerated_f_equal_real.pdf Graphic file (type pdf)
<use ../activation_clip_plots/cnn_mnist_clip_ramp_2/test_Optimal_InnerProductMa
nipulation_mnist_cnn_mnist_clip_ramp_2_gamma_similarity_niid_NNM_ARC_TrMean_nb_
honest_clients_10_tolerated_f_equal_real.pdf>
Package pdftex.def Info: ../activation_clip_plots/cnn_mnist_clip_ramp_2/test_Op
timal_InnerProductManipulation_mnist_cnn_mnist_clip_ramp_2_gamma_similarity_nii
d_NNM_ARC_TrMean_nb_honest_clients_10_tolerated_f_equal_real.pdf  used on input
 line 1696.
(pdftex.def)             Requested size: 161.14217pt x 120.85434pt.
<../activation_clip_plots/cnn_mnist_qclip_080/test_Optimal_InnerProductManipula
tion_mnist_cnn_mnist_gamma_similarity_niid_NNM_ARC_TrMean_nb_honest_clients_10_
tolerated_f_equal_real.pdf, id=9888, 462.52798pt x 346.89601pt>
File: ../activation_clip_plots/cnn_mnist_qclip_080/test_Optimal_InnerProductMan
ipulation_mnist_cnn_mnist_gamma_similarity_niid_NNM_ARC_TrMean_nb_honest_client
s_10_tolerated_f_equal_real.pdf Graphic file (type pdf)
<use ../activation_clip_plots/cnn_mnist_qclip_080/test_Optimal_InnerProductMani
pulation_mnist_cnn_mnist_gamma_similarity_niid_NNM_ARC_TrMean_nb_honest_clients
_10_tolerated_f_equal_real.pdf>
Package pdftex.def Info: ../activation_clip_plots/cnn_mnist_qclip_080/test_Opti
mal_InnerProductManipulation_mnist_cnn_mnist_gamma_similarity_niid_NNM_ARC_TrMe
an_nb_honest_clients_10_tolerated_f_equal_real.pdf  used on input line 1703.
(pdftex.def)             Requested size: 161.14217pt x 120.85434pt.
<../results/activation_clip_plots/cnn_mnist_rawqclip_080/test_Optimal_InnerProd
uctManipulation_mnist_cnn_mnist_gamma_similarity_niid_NNM_ARC_TrMean_nb_honest_
clients_10_tolerated_f_equal_real.pdf, id=9889, 462.52798pt x 346.89601pt>
File: ../results/activation_clip_plots/cnn_mnist_rawqclip_080/test_Optimal_Inne
rProductManipulation_mnist_cnn_mnist_gamma_similarity_niid_NNM_ARC_TrMean_nb_ho
nest_clients_10_tolerated_f_equal_real.pdf Graphic file (type pdf)
<use ../results/activation_clip_plots/cnn_mnist_rawqclip_080/test_Optimal_Inner
ProductManipulation_mnist_cnn_mnist_gamma_similarity_niid_NNM_ARC_TrMean_nb_hon
est_clients_10_tolerated_f_equal_real.pdf>
Package pdftex.def Info: ../results/activation_clip_plots/cnn_mnist_rawqclip_08
0/test_Optimal_InnerProductManipulation_mnist_cnn_mnist_gamma_similarity_niid_N
NM_ARC_TrMean_nb_honest_clients_10_tolerated_f_equal_real.pdf  used on input li
ne 1710.
(pdftex.def)             Requested size: 161.14217pt x 120.85434pt.
 [43

] [44 <../plots/mnist_clipping_heatmaps/cnn_mnist/test_Optimal_InnerProductMani
pulation_mnist_cnn_mnist_gamma_similarity_niid_NNM_ARC_TrMean_nb_honest_clients
_10_tolerated_f_equal_real.pdf> <../plots/cnn_tanh_heatmaps/test_Optimal_InnerP
roductManipulation_mnist_cnn_mnist_tanh_gamma_similarity_niid_NNM_ARC_TrMean_nb
_honest_clients_10_tolerated_f_equal_real.pdf> <../plots/mnist_clipping_heatmap
s/cnn_mnist_clipping_1/test_Optimal_InnerProductManipulation_mnist_cnn_mnist_cl
ipping_1_gamma_similarity_niid_NNM_ARC_TrMean_nb_honest_clients_10_tolerated_f_
equal_real.pdf> <../plots/mnist_clipping_heatmaps/cnn_mnist_clipping_2/test_Opt
imal_InnerProductManipulation_mnist_cnn_mnist_clipping_2_gamma_similarity_niid_
NNM_ARC_TrMean_nb_honest_clients_10_tolerated_f_equal_real.pdf> <../activation_
clip_plots/cnn_mnist_clip_ste_1/test_Optimal_InnerProductManipulation_mnist_cnn
_mnist_clip_ste_1_gamma_similarity_niid_NNM_ARC_TrMean_nb_honest_clients_10_tol
erated_f_equal_real.pdf> <../activation_clip_plots/cnn_mnist_clip_ste_2/test_Op
timal_InnerProductManipulation_mnist_cnn_mnist_clip_ste_2_gamma_similarity_niid
_NNM_ARC_TrMean_nb_honest_clients_10_tolerated_f_equal_real.pdf> <../activation
_clip_plots/cnn_mnist_clip_ramp_1/test_Optimal_InnerProductManipulation_mnist_c
nn_mnist_clip_ramp_1_gamma_similarity_niid_NNM_ARC_TrMean_nb_honest_clients_10_
tolerated_f_equal_real.pdf> <../activation_clip_plots/cnn_mnist_clip_ramp_2/tes
t_Optimal_InnerProductManipulation_mnist_cnn_mnist_clip_ramp_2_gamma_similarity
_niid_NNM_ARC_TrMean_nb_honest_clients_10_tolerated_f_equal_real.pdf> <../activ
ation_clip_plots/cnn_mnist_qclip_080/test_Optimal_InnerProductManipulation_mnis
t_cnn_mnist_gamma_similarity_niid_NNM_ARC_TrMean_nb_honest_clients_10_tolerated
_f_equal_real.pdf> <../results/activation_clip_plots/cnn_mnist_rawqclip_080/tes
t_Optimal_InnerProductManipulation_mnist_cnn_mnist_gamma_similarity_niid_NNM_AR
C_TrMean_nb_honest_clients_10_tolerated_f_equal_real.pdf>] (activation_clip_rep
ort.aux)
 ***********
LaTeX2e <2026-06-01>
L3 programming layer <2026-05-26>
 ***********
Package rerunfilecheck Info: File `activation_clip_report.out' has not changed.

(rerunfilecheck)             Checksum: 484CB98A86563C82BE5BEF867A28054C;6034.
 ) 
Here is how much of TeX's memory you used:
 13770 strings out of 467509
 477116 string characters out of 5409266
 638604 words of memory out of 5000000
 42773 multiletter control sequences out of 15000+600000
 637812 words of font info for 80 fonts, out of 8000000 for 9000
 1141 hyphenation exceptions out of 8191
 74i,18n,79p,517b,591s stack positions out of 10000i,1000n,20000p,200000b,200000s
<C:/Users/7430/AppData/Local/Programs/MiKTeX/fonts/type1/public/amsfonts/cm/c
mbx10.pfb><C:/Users/7430/AppData/Local/Programs/MiKTeX/fonts/type1/public/amsfo
nts/cm/cmbx12.pfb><C:/Users/7430/AppData/Local/Programs/MiKTeX/fonts/type1/publ
ic/amsfonts/cm/cmex10.pfb><C:/Users/7430/AppData/Local/Programs/MiKTeX/fonts/ty
pe1/public/amsfonts/cm/cmmi10.pfb><C:/Users/7430/AppData/Local/Programs/MiKTeX/
fonts/type1/public/amsfonts/cm/cmmi7.pfb><C:/Users/7430/AppData/Local/Programs/
MiKTeX/fonts/type1/public/amsfonts/cm/cmmi9.pfb><C:/Users/7430/AppData/Local/Pr
ograms/MiKTeX/fonts/type1/public/amsfonts/cm/cmr10.pfb><C:/Users/7430/AppData/L
ocal/Programs/MiKTeX/fonts/type1/public/amsfonts/cm/cmr12.pfb><C:/Users/7430/Ap
pData/Local/Programs/MiKTeX/fonts/type1/public/amsfonts/cm/cmr17.pfb><C:/Users/
7430/AppData/Local/Programs/MiKTeX/fonts/type1/public/amsfonts/cm/cmr7.pfb><C:/
Users/7430/AppData/Local/Programs/MiKTeX/fonts/type1/public/amsfonts/cm/cmr9.pf
b><C:/Users/7430/AppData/Local/Programs/MiKTeX/fonts/type1/public/amsfonts/cm/c
msy10.pfb><C:/Users/7430/AppData/Local/Programs/MiKTeX/fonts/type1/public/amsfo
nts/cm/cmsy7.pfb><C:/Users/7430/AppData/Local/Programs/MiKTeX/fonts/type1/publi
c/amsfonts/cm/cmti10.pfb><C:/Users/7430/AppData/Local/Programs/MiKTeX/fonts/typ
e1/public/amsfonts/cm/cmtt10.pfb><C:/Users/7430/AppData/Local/Programs/MiKTeX/f
onts/type1/public/amsfonts/cm/cmtt12.pfb><C:/Users/7430/AppData/Local/Programs/
MiKTeX/fonts/type1/public/amsfonts/symbols/msbm10.pfb>
Output written on activation_clip_report.pdf (44 pages, 4260612 bytes).
PDF statistics:
 10505 PDF objects out of 10688 (max. 8388607)
 98 named destinations out of 1000 (max. 500000)
 1297 words of extra memory for PDF output out of 10000 (max. 10000000)

