step,AhistW_00,AhistW_01,AhistW_02,AhistW_03,AhistW_04,AhistW_05,AhistW_06,AhistW_07,AhistW_08,AhistW_09,AhistW_10,AhistW_11,AhistW_12,AhistW_13,AhistW_14,AhistW_15,AhistW_16,AhistW_17,AhistW_18,AhistW_19,Ahist_00,Ahist_01,Ahist_02,Ahist_03,Ahist_04,Ahist_05,Ahist_06,Ahist_07,Ahist_08,Ahist_09,Ahist_10,Ahist_11,Ahist_12,Ahist_13,Ahist_14,Ahist_15,Ahist_16,Ahist_17,Ahist_18,Ahist_19,Q__c1,Q__c2,Q__f1,Q__f2,S__c1,S__c2,S__f1,S__f2,absmu_median__c1,absmu_median__c2,absmu_median__f1,absmu_median__f2,absmu_q25__c1,absmu_q25__c2,absmu_q25__f1,absmu_q25__f2,absmu_q75__c1,absmu_q75__c2,absmu_q75__f1,absmu_q75__f2,consensus_Q,consensus_S,cos_max,cos_mean,cos_min,cv_median,dispersion_N,norm_0,norm_1,norm_2,norm_3,norm_4,norm_5,norm_6,norm_7,norm_8,norm_9
0,0.0045060571283102036,0.0,0.0,0.0,0.02161366306245327,0.0,0.0,0.053520262241363525,0.0,0.0,0.0,0.0,0.11677809059619904,0.0,0.0,0.0,0.23459911346435547,0.0,0.0,0.5689828991889954,0.09691126644611359,0.0,0.0,0.0,0.1756945699453354,0.0,0.0,0.17375503480434418,0.0,0.0,0.0,0.0,0.17048829793930054,0.0,0.0,0.0,0.17400282621383667,0.0,0.0,0.20914800465106964,0.5230769515037537,0.5948902368545532,0.4409638047218323,0.5211576819419861,0.9195178151130676,0.9490642547607422,0.9165776968002319,0.889737606048584,0.0001406249648425728,9.504107583779842e-05,1.3711940482608043e-05,9.341122495243326e-05,6.941996980458498e-05,3.862565426970832e-05,1.72355328231788e-06,1.1440186426625587e-05,0.0002547633775975555,0.00018510903464630246,4.660201011574827e-05,0.00029355380684137344,0.4509395360946655,0.9203589558601379,0.7070983648300171,0.4975748062133789,0.20223575830459595,1.190563440322876,0.033551257103681564,0.07325412333011627,0.0744955763220787,0.07362715899944305,0.07423481345176697,0.0798552855849266,0.07009412348270416,0.07423420250415802,0.07352661341428757,0.07577861845493317,0.07122014462947845
1,0.0029743718914687634,0.0,0.0,0.0,0.012512058019638062,0.0,0.0,0.0285344161093235,0.0,0.0,0.0,0.0,0.06465891748666763,0.0,0.0,0.0,0.1545063555240631,0.0,0.0,0.7368139028549194,0.08065225183963776,0.0,0.0,0.0,0.14179030060768127,0.0,0.0,0.1415376216173172,0.0,0.0,0.0,0.0,0.14482523500919342,0.0,0.0,0.0,0.1701868176460266,0.0,0.0,0.32100775837898254,0.6365384459495544,0.6743313670158386,0.5277228951454163,0.5978043675422668,0.9578166007995605,0.973075270652771,0.9551572203636169,0.935235857963562,0.00025440106401219964,0.00017679823213256896,2.598408354970161e-05,0.00018304845434613526,0.00012619642075151205,7.077492045937106e-05,3.209398073522607e-06,2.2087209799792618e-05,0.00046126829693093896,0.00034197280183434486,8.795613393886015e-05,0.0005540240090340376,0.5371879935264587,0.9559786319732666,0.8073525428771973,0.6378269791603088,0.42901188135147095,0.928508996963501,0.0874599814414978,0.10836511105298996,0.1126362755894661,0.1275894045829773,0.12044214457273483,0.13275718688964844,0.12099377810955048,0.14730891585350037,0.1321413666009903,0.11830489337444305,0.13387754559516907
2,0.002662455663084984,0.0,0.0,0.0,0.008815295062959194,0.0,0.0,0.022084590047597885,0.0,0.0,0.0,0.0,0.04798172041773796,0.0,0.0,0.0,0.1263115406036377,0.0,0.0,0.7921443581581116,0.07033814489841461,0.0,0.0,0.0,0.12887799739837646,0.0,0.0,0.12930002808570862,0.0,0.0,0.0,0.0,0.132133349776268,0.0,0.0,0.0,0.16663037240505219,0.0,0.0,0.3727201223373413,0.6807692050933838,0.7020359039306641,0.5709338784217834,0.6377245187759399,0.9736289381980896,0.9801327586174011,0.9677538275718689,0.9440460801124573,0.00035877220216207206,0.00024275828036479652,3.625762474257499e-05,0.0002611615345813334,0.0001711874210741371,9.602794307284057e-05,4.552995960693806e-06,3.3257681934628636e-05,0.0006342681008391082,0.00047508737770840526,0.00012258513015694916,0.0007694142404943705,0.5794609189033508,0.966437816619873,0.8566504120826721,0.6896080374717712,0.43959560990333557,0.8299180269241333,0.06841082870960236,0.15836074948310852,0.16198012232780457,0.16666920483112335,0.15452219545841217,0.19309522211551666,0.1704513281583786,0.17390792071819305,0.179670050740242,0.15406008064746857,0.1721387803554535
3,0.0009477814892306924,0.0,0.0,0.0,0.004144058562815189,0.0,0.0,0.011486534029245377,0.0,0.0,0.0,0.0,0.03158664330840111,0.0,0.0,0.0,0.10555599629878998,0.0,0.0,0.846278965473175,0.06043195724487305,0.0,0.0,0.0,0.10741806030273438,0.0,0.0,0.11743737012147903,0.0,0.0,0.0,0.0,0.1273849606513977,0.0,0.0,0.0,0.1625189632177353,0.0,0.0,0.42480868101119995,0.7230769395828247,0.7451497316360474,0.6156030297279358,0.6944111585617065,0.987320065498352,0.9886871576309204,0.9831822514533997,0.9763823747634888,0.0004738466814160347,0.00030306167900562286,4.545953561319038e-05,0.0003313309862278402,0.00019630287715699524,0.00012042441812809557,5.7603424465924036e-06,3.99745003960561e-05,0.0008247055811807513,0.0005988819757476449,0.00015341906691901386,0.0009759445092640817,0.6241765022277832,0.9834223389625549,0.8671303987503052,0.7615759968757629,0.5140401124954224,0.7211577296257019,0.04468537122011185,0.19444726407527924,0.19437642395496368,0.20115797221660614,0.19067370891571045,0.2147502899169922,0.21379303932189941,0.2052978128194809,0.20153860747814178,0.1890222430229187,0.21137294173240662
4,0.0006584379589185119,0.0,0.0,0.0,0.0032519230153411627,0.0,0.0,0.009675346314907074,0.0,0.0,0.0,0.0,0.02660960890352726,0.0,0.0,0.0,0.06896812468767166,0.0,0.0,0.8908365368843079,0.05574117600917816,0.0,0.0,0.0,0.10095863789319992,0.0,0.0,0.10578475147485733,0.0,0.0,0.0,0.0,0.11664284020662308,0.0,0.0,0.0,0.14948566257953644,0.0,0.0,0.47138693928718567,0.7615384459495544,0.7733732461929321,0.6412909030914307,0.7003991603851318,0.9910155534744263,0.9924895763397217,0.9871912002563477,0.9752529263496399,0.0005960199632681906,0.00036095993709750473,5.460842658067122e-05,0.00038610934279859066,0.00027113367104902864,0.0001437656464986503,6.86646035319427e-06,4.6735753130633384e-05,0.001034740125760436,0.0007123460527509451,0.00018184045620728284,0.001166101428680122,0.6497982144355774,0.9864149689674377,0.8865916132926941,0.8059353232383728,0.6781136989593506,0.6407878398895264,0.028523745015263557,0.23437903821468353,0.2317304164171219,0.234578475356102,0.22703710198402405,0.23050160706043243,0.2455601841211319,0.23502936959266663,0.22922737896442413,0.21795883774757385,0.23265868425369263
5,0.0005910050822421908,0.0,0.0,0.0,0.00241088611073792,0.0,0.0,0.007461744360625744,0.0,0.0,0.0,0.0,0.02140532061457634,0.0,0.0,0.0,0.06837247312068939,0.0,0.0,0.8997585773468018,0.054591380059719086,0.0,0.0,0.0,0.0943823978304863,0.0,0.0,0.09884081035852432,0.0,0.0,0.0,0.0,0.11209315061569214,0.0,0.0,0.0,0.14652100205421448,0.0,0.0,0.4935712516307831,0.7749999761581421,0.7805189490318298,0.6593383550643921,0.7251496911048889,0.9921152591705322,0.9932128190994263,0.9882627129554749,0.987204909324646,0.0006523411720991135,0.0004063695087097585,6.270304584177211e-05,0.00044091546442359686,0.0003000479191541672,0.00016071130812633783,8.019406777748372e-06,5.256375152384862e-05,0.0012703328393399715,0.0008003028342500329,0.00020696617139037699,0.0013425278011709452,0.6672845482826233,0.9895370006561279,0.9104127287864685,0.8217232823371887,0.6522839665412903,0.607086718082428,0.03535052761435509,0.26541298627853394,0.26224151253700256,0.2717626690864563,0.2502385675907135,0.27231454849243164,0.27132490277290344,0.25547364354133606,0.25853320956230164,0.2438332438468933,0.255376935005188
6,0.0005447198636829853,0.0,0.0,0.0,0.0027349982410669327,0.0,0.0,0.006175325717777014,0.0,0.0,0.0,0.0,0.01902339980006218,0.0,0.0,0.0,0.05926429480314255,0.0,0.0,0.9122572541236877,0.05225218087434769,0.0,0.0,0.0,0.08848191797733307,0.0,0.0,0.09337593615055084,0.0,0.0,0.0,0.0,0.10900353640317917,0.0,0.0,0.0,0.1351698935031891,0.0,0.0,0.5217165350914001,0.8038461804389954,0.7848702669143677,0.6766791939735413,0.7481037974357605,0.9960373044013977,0.9941242337226868,0.9895438551902771,0.9874733686447144,0.000787912227679044,0.0004367787332739681,7.054494926705956e-05,0.0004947421839460731,0.0003417448606342077,0.000172646323335357,9.169628356175963e-06,6.195985042722896e-05,0.001636612112633884,0.0008712879498489201,0.0002302892244188115,0.0015014541568234563,0.6839496493339539,0.9905455112457275,0.9209611415863037,0.8368577361106873,0.6780543327331543,0.5683315992355347,0.03106989525258541,0.2900868356227875,0.2880079448223114,0.28716138005256653,0.2772107720375061,0.29997518658638,0.29953694343566895,0.2771375775337219,0.28913840651512146,0.27587562799453735,0.2750258445739746
7,0.0004020740161649883,0.0,0.0,0.0,0.0019726017490029335,0.0,0.0,0.005882828962057829,0.0,0.0,0.0,0.0,0.018209118396043777,0.0,0.0,0.0,0.05697277933359146,0.0,0.0,0.9165606498718262,0.0480293408036232,0.0,0.0,0.0,0.0848698616027832,0.0,0.0,0.08922064304351807,0.0,0.0,0.0,0.0,0.10495434701442719,0.0,0.0,0.0,0.13783232867717743,0.0,0.0,0.5350934863090515,0.8403846025466919,0.7919760346412659,0.6903870701789856,0.7528941631317139,0.996956467628479,0.9952241778373718,0.9906564354896545,0.9888771176338196,0.000959270226303488,0.00046727812150493264,7.761952292639762e-05,0.0005451072938740253,0.00039425009163096547,0.00018649239791557193,1.0297570042894222e-05,6.621574721066281e-05,0.0019575320184230804,0.0009358871611766517,0.0002499690162949264,0.001665537478402257,0.6971977949142456,0.9917429685592651,0.9095417261123657,0.8460995554924011,0.6674255728721619,0.5482332706451416,0.031207455322146416,0.31056177616119385,0.31222274899482727,0.3080124855041504,0.29785972833633423,0.3316067159175873,0.31919392943382263,0.2989484667778015,0.30669453740119934,0.306117981672287,0.3009893298149109
8,0.00040799708222039044,0.0,0.0,0.0,0.0016900284681469202,0.0,0.0,0.005391865037381649,0.0,0.0,0.0,0.0,0.014167122542858124,0.0,0.0,0.0,0.05380021408200264,0.0,0.0,0.9245427250862122,0.04585512727499008,0.0,0.0,0.0,0.08078647404909134,0.0,0.0,0.08684061467647552,0.0,0.0,0.0,0.0,0.10084308683872223,0.0,0.0,0.0,0.13526862859725952,0.0,0.0,0.5504060387611389,0.8423076868057251,0.7958083748817444,0.700604259967804,0.7610778212547302,0.9975627660751343,0.9954422116279602,0.9919237494468689,0.9892085790634155,0.0011736821616068482,0.0004929716233164072,8.477945812046528e-05,0.0005916280788369477,0.0004936335608363152,0.00019128824351355433,1.1184922186657786e-05,7.130127778509632e-05,0.002369032707065344,0.0009909169748425484,0.00027058040723204613,0.0018361955881118774,0.7070103287696838,0.9925108551979065,0.9416130781173706,0.8578882217407227,0.7134544253349304,0.5222461819648743,0.03835318237543106,0.3360869288444519,0.3283824026584625,0.3261498808860779,0.323616087436676,0.3647933900356293,0.3419841527938843,0.32022708654403687,0.3314996659755707,0.3336201608181,0.31866148114204407
9,0.0003245714760851115,0.0,0.0,0.0,0.0013778236461803317,0.0,0.0,0.004395437892526388,0.0,0.0,0.0,0.0,0.010875762440264225,0.0,0.0,0.0,0.03963429480791092,0.0,0.0,0.9433920979499817,0.04305369779467583,0.0,0.0,0.0,0.07838714122772217,0.0,0.0,0.08159318566322327,0.0,0.0,0.0,0.0,0.09552209824323654,0.0,0.0,0.0,0.12872332334518433,0.0,0.0,0.5727205276489258,0.8730769157409668,0.8082235455513,0.7114956378936768,0.7646706104278564,0.9988313317298889,0.9964416027069092,0.9931755661964417,0.9911936521530151,0.0014790270943194628,0.0005189243238419294,9.158631291938946e-05,0.0006412576185539365,0.0005975699750706553,0.00020124918955843896,1.2144835636718199e-05,8.076362428255379e-05,0.0028899828903377056,0.0010602138936519623,0.0002898555831052363,0.0019342555897310376,0.7179294228553772,0.9939027428627014,0.9436159729957581,0.8797680735588074,0.7583247423171997,0.49217143654823303,0.027956699952483177,0.3636213541030884,0.3536335825920105,0.3478589951992035,0.3569823205471039,0.3728591799736023,0.3593042194843292,0.3365292549133301,0.3543471693992615,0.35364529490470886,0.34170588850975037
10,0.00031406868947669864,0.0,0.0,0.0,0.0013755118707194924,0.0,0.0,0.0033318481873720884,0.0,0.0,0.0,0.0,0.009899219498038292,0.0,0.0,0.0,0.03707685321569443,0.0,0.0,0.9480025172233582,0.044781479984521866,0.0,0.0,0.0,0.0754433274269104,0.0,0.0,0.07839453965425491,0.0,0.0,0.0,0.0,0.0940975695848465,0.0,0.0,0.0,0.13006390631198883,0.0,0.0,0.5772191882133484,0.8980769515037537,0.8136526942253113,0.7179650664329529,0.7744510769844055,0.9993027448654175,0.9974254965782166,0.9938976168632507,0.9929049015045166,0.0017486481228843331,0.0005494406796060503,9.763948037289083e-05,0.0006889671785756946,0.0007455865852534771,0.0002103117440128699,1.2788153071596753e-05,8.513477951055393e-05,0.0035514095798134804,0.001141017535701394,0.00030950980726629496,0.0020720381289720535,0.724399209022522,0.9949789643287659,0.9583802223205566,0.8868396282196045,0.7820491790771484,0.4815773665904999,0.030463391914963722,0.3838295638561249,0.3726035952568054,0.37742939591407776,0.3801949620246887,0.4135188162326813,0.37760239839553833,0.36747580766677856,0.3790547549724579,0.38423606753349304,0.3821851909160614
11,0.00039302351069636643,0.0,0.0,0.0,0.0014816474867984653,0.0,0.0,0.0036636353470385075,0.0,0.0,0.0,0.0,0.010930057615041733,0.0,0.0,0.0,0.03309695050120354,0.0,0.0,0.9504348039627075,0.043122127652168274,0.0,0.0,0.0,0.07428040355443954,0.0,0.0,0.08067341893911362,0.0,0.0,0.0,0.0,0.09602075815200806,0.0,0.0,0.0,0.1296430081129074,0.0,0.0,0.5762602686882019,0.9192307591438293,0.8167665004730225,0.7198551893234253,0.768862247467041,0.9997753500938416,0.9973454475402832,0.9933779239654541,0.9910361766815186,0.002122247591614723,0.0005939329275861382,0.00010428275709273294,0.000751684361603111,0.0008537126122973859,0.0002222316397819668,1.3421788935374934e-05,9.364601282868534e-05,0.004450383596122265,0.0012468851637095213,0.000331715535139665,0.002250386867672205,0.7262967824935913,0.9944623708724976,0.9444999694824219,0.8847399353981018,0.8104454874992371,0.4839617609977722,0.02857183665037155,0.4130870997905731,0.4068649411201477,0.4115002453327179,0.41442200541496277,0.44574201107025146,0.4177146553993225,0.4010348618030548,0.41346073150634766,0.4300724267959595,0.4182964861392975
12,0.0002888754243031144,0.0,0.0,0.0,0.001199286081828177,0.0,0.0,0.003858225652948022,0.0,0.0,0.0,0.0,0.009976663626730442,0.0,0.0,0.0,0.027759594842791557,0.0,0.0,0.9569173455238342,0.042199037969112396,0.0,0.0,0.0,0.07144209742546082,0.0,0.0,0.07930676639080048,0.0,0.0,0.0,0.0,0.09423274546861649,0.0,0.0,0.0,0.12549953162670135,0.0,0.0,0.5873198509216309,0.9173076748847961,0.8249101638793945,0.7252634763717651,0.7658682465553284,0.9998178482055664,0.997809886932373,0.9937649965286255,0.9899039268493652,0.0025203367695212364,0.0006482008611783385,0.00011146163160447031,0.0007890922715887427,0.0010180511744692922,0.00024143929476849735,1.4234567061066628e-05,0.00010469675180502236,0.005516629200428724,0.0013858817983418703,0.00035728648072108626,0.002444266341626644,0.7317574620246887,0.9946543574333191,0.9399715065956116,0.8942664265632629,0.8251070380210876,0.47054773569107056,0.03368721157312393,0.4486031234264374,0.45000484585762024,0.4767039120197296,0.46298056840896606,0.4943592846393585,0.44912365078926086,0.43679147958755493,0.46019643545150757,0.46080660820007324,0.4534415900707245
13,0.00022933971195016056,0.0,0.0,0.0,0.001111626741476357,0.0,0.0,0.0034542588982731104,0.0,0.0,0.0,0.0,0.008963285014033318,0.0,0.0,0.0,0.02729576826095581,0.0,0.0,0.9589457511901855,0.042699940502643585,0.0,0.0,0.0,0.07337711751461029,0.0,0.0,0.0775480717420578,0.0,0.0,0.0,0.0,0.09147252142429352,0.0,0.0,0.0,0.12138646841049194,0.0,0.0,0.5935158729553223,0.9096153974533081,0.839640736579895,0.7254382371902466,0.770259439945221,0.9997861385345459,0.99852055311203,0.9934850931167603,0.9913902878761292,0.0029996917583048344,0.0007051952416077256,0.00011865589476656169,0.0008801382500678301,0.0012648676056414843,0.0002642059698700905,1.4732780073245522e-05,0.00011190492659807205,0.00671743880957365,0.0015256386250257492,0.0003853946109302342,0.00270041823387146,0.7328175902366638,0.9952054023742676,0.9374836087226868,0.9007981419563293,0.8412199020385742,0.4638594686985016,0.027874577790498734,0.5074537396430969,0.4923569858074188,0.5242859125137329,0.5089101791381836,0.536058783531189,0.49552014470100403,0.4883214831352234,0.5079168677330017,0.4954344630241394,0.5019960403442383
14,0.00021768576698377728,0.0,0.0,0.0,0.0011888704029843211,0.0,0.0,0.0031306303571909666,0.0,0.0,0.0,0.0,0.008222095668315887,0.0,0.0,0.0,0.026404723525047302,0.0,0.0,0.9608359932899475,0.04021893069148064,0.0,0.0,0.0,0.07235279679298401,0.0,0.0,0.07705400884151459,0.0,0.0,0.0,0.0,0.08991927653551102,0.0,0.0,0.0,0.12150530517101288,0.0,0.0,0.598949670791626,0.9096153974533081,0.8535728454589844,0.7298576831817627,0.7724550366401672,0.9998868703842163,0.9988818764686584,0.9939849972724915,0.9903690814971924,0.0037314193323254585,0.0007700056885369122,0.0001265557511942461,0.0009604848455637693,0.0014412583550438285,0.0002843244874384254,1.542050449643284e-05,0.00011664426710922271,0.007886718958616257,0.0016880944604054093,0.0004145139246247709,0.0029646195471286774,0.7377586960792542,0.995463490486145,0.9541528820991516,0.9088146090507507,0.8562010526657104,0.4556539058685303,0.02686622366309166,0.5570964813232422,0.5366271138191223,0.5899877548217773,0.5569327473640442,0.5636677742004395,0.5500822067260742,0.5609835386276245,0.550838053226471,0.5368264317512512,0.5419906377792358
15,0.0002403842081548646,0.0,0.0,0.0,0.0011075736256316304,0.0,0.0,0.0034376925323158503,0.0,0.0,0.0,0.0,0.009380744770169258,0.0,0.0,0.0,0.027422185987234116,0.0,0.0,0.958411455154419,0.0434735044836998,0.0,0.0,0.0,0.07432764023542404,0.0,0.0,0.07697765529155731,0.0,0.0,0.0,0.0,0.08883406966924667,0.0,0.0,0.0,0.12063682079315186,0.0,0.0,0.5957503318786621,0.9115384817123413,0.8628343343734741,0.7257153987884521,0.7744510769844055,0.9999521374702454,0.9989593625068665,0.9922800660133362,0.991449236869812,0.0045203836634755135,0.0008494174689985812,0.00013536031474359334,0.0010517144110053778,0.001701178727671504,0.00031033976119942963,1.5779805835336447e-05,0.00012415708624757826,0.009390071965754032,0.0018680895445868373,0.00044736004201695323,0.003268895670771599,0.7344738841056824,0.9952150583267212,0.9620388746261597,0.9048264026641846,0.844197690486908,0.46166080236434937,0.025357550010085106,0.633990466594696,0.6026994585990906,0.6408628225326538,0.6263219714164734,0.625406801700592,0.6085813641548157,0.6126119494438171,0.6083440184593201,0.5905971527099609,0.5969323515892029
16,0.00020818233315367252,0.0,0.0,0.0,0.0010153647745028138,0.0,0.0,0.003258282318711281,0.0,0.0,0.0,0.0,0.007595574948936701,0.0,0.0,0.0,0.03604916110634804,0.0,0.0,0.9518734812736511,0.04036637768149376,0.0,0.0,0.0,0.0715859979391098,0.0,0.0,0.0763527974486351,0.0,0.0,0.0,0.0,0.08945196121931076,0.0,0.0,0.0,0.1289326697587967,0.0,0.0,0.5933101773262024,0.932692289352417,0.8713772296905518,0.7309762835502625,0.7718562483787537,0.9999741911888123,0.999226450920105,0.9931671023368835,0.9902613759040833,0.005533912219107151,0.0009252829477190971,0.00014335536980070174,0.001206057146191597,0.0019237810047343373,0.0003327822487335652,1.623447496967856e-05,0.0001256338437087834,0.010965359397232533,0.002044539200142026,0.00047945944243110716,0.0035967512521892786,0.7398534417152405,0.9955188632011414,0.9687507152557373,0.9068118929862976,0.8068113327026367,0.46083638072013855,0.016419846564531326,0.6794332265853882,0.6843951940536499,0.6744206547737122,0.6822848320007324,0.6506839394569397,0.675513505935669,0.6867621541023254,0.6710256934165955,0.6575198769569397,0.6794697642326355
17,0.0002831671154126525,0.0,0.0,0.0,0.0012285900302231312,0.0,0.0,0.003383840899914503,0.0,0.0,0.0,0.0,0.010161706246435642,0.0,0.0,0.0,0.031581979244947433,0.0,0.0,0.9533607959747314,0.04121125116944313,0.0,0.0,0.0,0.07415124773979187,0.0,0.0,0.07913791388273239,0.0,0.0,0.0,0.0,0.09200911968946457,0.0,0.0,0.0,0.1269666850566864,0.0,0.0,0.5865237712860107,0.9384615421295166,0.8710978031158447,0.7251560688018799,0.7716566920280457,0.9999626874923706,0.999249279499054,0.9910504221916199,0.9912554025650024,0.006352596916258335,0.0010105030378326774,0.00015217119653243572,0.0013954034075140953,0.002330109244212508,0.0003583634679671377,1.6655110812280327e-05,0.00013389486412052065,0.012740042991936207,0.002225222997367382,0.000516668485943228,0.0040880171582102776,0.7344344854354858,0.995104968547821,0.9547252058982849,0.901103138923645,0.8301281929016113,0.47575414180755615,0.012281359173357487,0.7603552937507629,0.7464545965194702,0.7308590412139893,0.7440137267112732,0.7340052127838135,0.7506584525108337,0.7499880194664001,0.7349708676338196,0.7507436275482178,0.7546404600143433
18,0.0002348176931263879,0.0,0.0,0.0,0.0011758427135646343,0.0,0.0,0.0035861169453710318,0.0,0.0,0.0,0.0,0.008428296074271202,0.0,0.0,0.0,0.032391104847192764,0.0,0.0,0.95418381690979,0.041303299367427826,0.0,0.0,0.0,0.07378149777650833,0.0,0.0,0.07961150258779526,0.0,0.0,0.0,0.0,0.0942716971039772,0.0,0.0,0.0,0.12312933802604675,0.0,0.0,0.5879026651382446,0.9538461565971375,0.8733333349227905,0.7253084182739258,0.7734530568122864,0.9999924898147583,0.9993306994438171,0.9907700419425964,0.9905912280082703,0.007265197113156319,0.0010808894876390696,0.00016006873920559883,0.0015033542877063155,0.002660476602613926,0.00037982099456712604,1.707655974314548e-05,0.000129662046674639,0.014436175115406513,0.0023919425439089537,0.0005501806735992432,0.00458478694781661,0.7347453236579895,0.9950041174888611,0.963527262210846,0.9055561423301697,0.8149040937423706,0.47718924283981323,0.014114686287939548,0.8159192204475403,0.8303723335266113,0.8045608997344971,0.8069648146629333,0.8139315843582153,0.8082362413406372,0.7946245670318604,0.8274434208869934,0.7937273979187012,0.8106834292411804
19,0.0003518829762469977,0.0,0.0,0.0,0.0014460210222750902,0.0,0.0,0.004478675778955221,0.0,0.0,0.0,0.0,0.013788563199341297,0.0,0.0,0.0,0.04107047617435455,0.0,0.0,0.9388643503189087,0.042840614914894104,0.0,0.0,0.0,0.07943680882453918,0.0,0.0,0.08787096291780472,0.0,0.0,0.0,0.0,0.10091293603181839,0.0,0.0,0.0,0.13548687100410461,0.0,0.0,0.5534518361091614,0.9596154093742371,0.8668263554573059,0.7122572064399719,0.7620758414268494,0.9999899864196777,0.9992799758911133,0.9875991940498352,0.9887795448303223,0.007956674322485924,0.001151334960013628,0.00016795576084405184,0.001647450029850006,0.002963072620332241,0.0003974416758865118,1.7256194041692652e-05,0.0001366187643725425,0.016001839190721512,0.0025536527391523123,0.0005856606876477599,0.005079229827970266,0.7221165895462036,0.993724524974823,0.9661403894424438,0.8839970231056213,0.7665404677391052,0.5245576500892639,0.030474435538053513,0.8994367718696594,0.9378781914710999,0.8950967788696289,0.8581796288490295,0.8911188244819641,0.8913080096244812,0.8460814952850342,0.9109447598457336,0.865691065788269,0.8564658761024475
20,0.0004233489162288606,0.0,0.0,0.0,0.0020459825173020363,0.0,0.0,0.005556186661124229,0.0,0.0,0.0,0.0,0.013214321807026863,0.0,0.0,0.0,0.03562868386507034,0.0,0.0,0.9431315660476685,0.043863072991371155,0.0,0.0,0.0,0.08315502107143402,0.0,0.0,0.0884258896112442,0.0,0.0,0.0,0.0,0.10364777594804764,0.0,0.0,0.0,0.1312951296567917,0.0,0.0,0.5496131181716919,0.9653846025466919,0.8732535243034363,0.7074956893920898,0.7435129284858704,0.9999945163726807,0.9993196725845337,0.9852935075759888,0.9824357628822327,0.008333130739629269,0.0011940279509872198,0.00017348723486065865,0.0017699357122182846,0.0032404749654233456,0.00041894905734807253,1.7604945242055692e-05,0.00013116246555000544,0.01742592640221119,0.0026511289179325104,0.0006078457226976752,0.005259705241769552,0.7178574800491333,0.9919756650924683,0.9631315469741821,0.8827313184738159,0.7778905034065247,0.5345735549926758,0.021237168461084366,0.9451110363006592,0.9448229074478149,0.9549723863601685,0.9086445569992065,0.9321668148040771,0.9162073731422424,0.9027212858200073,0.9619569778442383,0.9374378323554993,0.9102537035942078
21,0.00048494813381694257,0.0,0.0,0.0,0.0025871836114674807,0.0,0.0,0.006068272050470114,0.0,0.0,0.0,0.0,0.020039794966578484,0.0,0.0,0.0,0.043160125613212585,0.0,0.0,0.9276596903800964,0.04578477516770363,0.0,0.0,0.0,0.08740867674350739,0.0,0.0,0.09432150423526764,0.0,0.0,0.0,0.0,0.10366952419281006,0.0,0.0,0.0,0.13872016966342926,0.0,0.0,0.5300953388214111,0.9634615182876587,0.8772454857826233,0.6957104206085205,0.7459081411361694,0.9999937415122986,0.9993693232536316,0.9807631969451904,0.9831716418266296,0.008861532434821129,0.0012277247151359916,0.0001768370857462287,0.001834972994402051,0.0034225492272526026,0.000428269908297807,1.769476875779219e-05,0.00013067637337371707,0.018307100981473923,0.0027201285120099783,0.0006232532323338091,0.005667177494615316,0.7071657776832581,0.9908608794212341,0.9500723481178284,0.8674177527427673,0.7457067966461182,0.5605765581130981,0.027015969157218933,1.0024001598358154,0.9781914353370667,0.9908590912818909,0.9578021764755249,0.9452343583106995,0.9863748550415039,0.9149442911148071,0.9959408044815063,0.9765953421592712,0.9469127655029297
22,0.0006832876824773848,0.0,0.0,0.0,0.003573063528165221,0.0,0.0,0.010081872344017029,0.0,0.0,0.0,0.0,0.019531037658452988,0.0,0.0,0.0,0.0488412119448185,0.0,0.0,0.9172895550727844,0.052447348833084106,0.0,0.0,0.0,0.09466655552387238,0.0,0.0,0.09927894920110703,0.0,0.0,0.0,0.0,0.11233518272638321,0.0,0.0,0.0,0.14064644277095795,0.0,0.0,0.500625491142273,0.9634615182876587,0.8717764616012573,0.6798277497291565,0.7129740118980408,0.999984860420227,0.9991950392723083,0.9755627512931824,0.9652028679847717,0.008970840834081173,0.0012285716366022825,0.00017684318299870938,0.0018499194411560893,0.0034675425849854946,0.0004245467425789684,1.7467362340539694e-05,0.00013354630209505558,0.018671443685889244,0.0027179315220564604,0.0006270770099945366,0.005838028620928526,0.6917092204093933,0.9856635332107544,0.9642982482910156,0.8402841687202454,0.7396270036697388,0.6085478067398071,0.03977803513407707,1.0513330698013306,1.0507283210754395,0.9770969748497009,0.9945182204246521,0.9330325126647949,1.0122079849243164,0.9328186511993408,0.9705555438995361,1.0110843181610107,0.9799816012382507
23,0.00046202028170228004,0.0,0.0,0.0,0.002243312541395426,0.0,0.0,0.006468840409070253,0.0,0.0,0.0,0.0,0.020303018391132355,0.0,0.0,0.0,0.06052151322364807,0.0,0.0,0.9100012183189392,0.05194096267223358,0.0,0.0,0.0,0.09302930533885956,0.0,0.0,0.09930335730314255,0.0,0.0,0.0,0.0,0.11618746072053909,0.0,0.0,0.0,0.14942502975463867,0.0,0.0,0.49011388421058655,0.9576923251152039,0.8707385063171387,0.6817403435707092,0.7459081411361694,0.9999836087226868,0.9992514848709106,0.9795225858688354,0.9854402542114258,0.00874114315956831,0.0011821880470961332,0.00017369214037898928,0.001894641201943159,0.0034826253540813923,0.0004101218655705452,1.68572150869295e-05,0.00013088338891975582,0.018269460648298264,0.0026387255638837814,0.0006119628669694066,0.005862525664269924,0.6938016414642334,0.9908270239830017,0.9512313604354858,0.8512628674507141,0.7237988710403442,0.6179580092430115,0.030423136427998543,0.9903138875961304,1.020373821258545,1.0198911428451538,0.963441014289856,0.9396063089370728,0.9937471747398376,0.966192901134491,0.9550848007202148,0.9616173505783081,0.9292706251144409
24,0.001916967099532485,0.0,0.0,0.0,0.0050545367412269115,0.0,0.0,0.01403708104044199,0.0,0.0,0.0,0.0,0.031296174973249435,0.0,0.0,0.0,0.09122981131076813,0.0,0.0,0.8564654588699341,0.06110844761133194,0.0,0.0,0.0,0.11205403506755829,0.0,0.0,0.11594243347644806,0.0,0.0,0.0,0.0,0.12769347429275513,0.0,0.0,0.0,0.15789926052093506,0.0,0.0,0.4253023564815521,0.9711538553237915,0.8605189919471741,0.639183521270752,0.6978043913841248,0.9999874830245972,0.998827338218689,0.9576148986816406,0.9610227942466736,0.008262932300567627,0.0011637590359896421,0.00017199438298121095,0.0018800284015014768,0.0032509337179362774,0.0004077070043422282,1.6097552361316048e-05,0.00012972419790457934,0.017661679536104202,0.0025623412802815437,0.0006046479102224112,0.005831137299537659,0.6531270742416382,0.9789934158325195,0.9252877235412598,0.7668874263763428,0.516349732875824,0.7366580367088318,0.05035887658596039,0.9408891201019287,0.9405310153961182,1.0300475358963013,1.0274991989135742,0.9453127980232239,1.0893805027008057,0.9712334871292114,0.935515820980072,1.020532250404358,0.9614875316619873
25,0.0011785381939262152,0.0,0.0,0.0,0.005093531683087349,0.0,0.0,0.01477745734155178,0.0,0.0,0.0,0.0,0.041340190917253494,0.0,0.0,0.0,0.08785498887300491,0.0,0.0,0.8497554063796997,0.06062028184533119,0.0,0.0,0.0,0.11131969094276428,0.0,0.0,0.11677969992160797,0.0,0.0,0.0,0.0,0.1354835331439972,0.0,0.0,0.0,0.16265995800495148,0.0,0.0,0.4131368398666382,0.9576923251152039,0.8600000143051147,0.6403196454048157,0.6820359230041504,0.9999577403068542,0.9986363649368286,0.9637515544891357,0.9597543478012085,0.007931631058454514,0.0010720170103013515,0.0001672050857450813,0.001977010164409876,0.0031645726412534714,0.00037259250530041754,1.5566816728096455e-05,0.00012470310321077704,0.016823021695017815,0.0024192510172724724,0.0005968543118797243,0.00582326203584671,0.6539528965950012,0.9789523482322693,0.9351392388343811,0.7614609003067017,0.5346097350120544,0.753523588180542,0.06158480793237686,0.9453797340393066,0.921785831451416,1.0310063362121582,1.0729495286941528,0.9658117890357971,0.9757720828056335,0.9189708828926086,0.894039511680603,1.0574884414672852,0.9211231470108032
26,0.0014419888611882925,0.0,0.0,0.0,0.00576816126704216,0.0,0.0,0.020101923495531082,0.0,0.0,0.0,0.0,0.04616371914744377,0.0,0.0,0.0,0.10590273886919022,0.0,0.0,0.8206214904785156,0.06338821351528168,0.0,0.0,0.0,0.11313187330961227,0.0,0.0,0.11853829771280289,0.0,0.0,0.0,0.0,0.13123559951782227,0.0,0.0,0.0,0.1591847538948059,0.0,0.0,0.4145212769508362,0.9442307949066162,0.8474650979042053,0.6357802748680115,0.6918163299560547,0.9998974204063416,0.9978674650192261,0.9546121954917908,0.961694061756134,0.007306534796953201,0.0010921073844656348,0.00018310919404029846,0.0020950702019035816,0.0029513491317629814,0.00038853398291394114,1.5791776604601182e-05,0.00011806332622654736,0.014691418036818504,0.002347755478695035,0.0006621618522331119,0.006439141929149628,0.6491045951843262,0.9726901650428772,0.8984266519546509,0.7429164052009583,0.538383424282074,0.755399227142334,0.12456288933753967,0.9609667658805847,1.0381072759628296,1.1177492141723633,0.8519196510314941,0.9097200036048889,1.0615274906158447,0.9874110221862793,1.2700897455215454,0.8253453373908997,1.06654691696167
27,0.0016316131222993135,0.0,0.0,0.0,0.007264351937919855,0.0,0.0,0.02190578542649746,0.0,0.0,0.0,0.0,0.054302461445331573,0.0,0.0,0.0,0.19037142395973206,0.0,0.0,0.7245243787765503,0.06811961531639099,0.0,0.0,0.0,0.12619155645370483,0.0,0.0,0.13023525476455688,0.0,0.0,0.0,0.0,0.14842310547828674,0.0,0.0,0.0,0.18134821951389313,0.0,0.0,0.3456822335720062,0.9403846263885498,0.813572883605957,0.6106142401695251,0.667664647102356,0.9998716711997986,0.99616539478302,0.9549388289451599,0.9579533934593201,0.005884465761482716,0.0009144305950030684,0.0001638827525312081,0.0020773119758814573,0.0024639256298542023,0.00032001372892409563,1.4509467291645706e-05,0.00011922628618776798,0.012903895229101181,0.002034957055002451,0.0006093744304962456,0.006427491083741188,0.6234689950942993,0.9691998958587646,0.8698165416717529,0.6881129145622253,0.4075716733932495,0.8762829303741455,0.13121138513088226,0.9759019613265991,0.84993976354599,1.2054672241210938,1.236842393875122,1.0061780214309692,0.7987261414527893,0.9632979035377502,0.9162988662719727,1.0018121004104614,0.9867369532585144
28,0.001793930772691965,0.0,0.0,0.0,0.006838156841695309,0.0,0.0,0.02290903776884079,0.0,0.0,0.0,0.0,0.0704098492860794,0.0,0.0,0.0,0.2510659992694855,0.0,0.0,0.6469830274581909,0.06845144927501678,0.0,0.0,0.0,0.12503422796726227,0.0,0.0,0.1366567313671112,0.0,0.0,0.0,0.0,0.15394605696201324,0.0,0.0,0.0,0.1982155591249466,0.0,0.0,0.3176960051059723,0.9346153736114502,0.7978442907333374,0.6062147617340088,0.681437075138092,0.9997861385345459,0.9934749007225037,0.9531656503677368,0.9692944288253784,0.004986666142940521,0.0008662831969559193,0.00018104418995790184,0.002327133435755968,0.002142233308404684,0.00031911605037748814,1.4710436516907066e-05,0.00010754389950307086,0.010794036090373993,0.0018908053170889616,0.0006773652858100832,0.007122328504920006,0.6186206936836243,0.9684602618217468,0.8655532002449036,0.6355370283126831,0.1482641100883484,0.9263184666633606,0.19814229011535645,0.8901295065879822,1.0681933164596558,0.8821077346801758,1.4620732069015503,1.345434546470642,1.0195105075836182,0.9025059938430786,0.7901370525360107,1.0235038995742798,1.2620972394943237
29,0.00033495898242108524,0.0,0.0,0.0,0.0015641131903976202,0.0,0.0,0.005408205557614565,0.0,0.0,0.0,0.0,0.019239293411374092,0.0,0.0,0.0,0.07786348462104797,0.0,0.0,0.8955899477005005,0.04990259185433388,0.0,0.0,0.0,0.0882415622472763,0.0,0.0,0.09697946906089783,0.0,0.0,0.0,0.0,0.11848198622465134,0.0,0.0,0.0,0.17991310358047485,0.0,0.0,0.4664812982082367,0.8980769515037537,0.8293412923812866,0.700017511844635,0.6910179257392883,0.9991708993911743,0.9961827993392944,0.9915998578071594,0.9930130839347839,0.004142647609114647,0.0012116439174860716,0.00031381697044707835,0.0024293381720781326,0.0018482811283320189,0.0004303324385546148,1.6211943147936836e-05,0.00011340782657498494,0.007341546937823296,0.0025469092652201653,0.0012761310208588839,0.008244890719652176,0.70766681432724,0.9926931262016296,0.9644821882247925,0.8347432017326355,0.6227221488952637,0.630998969078064,0.23186776041984558,2.109100818634033,1.6639785766601562,1.887866735458374,0.8350381851196289,1.5121115446090698,1.978593349456787,2.0463786125183105,2.1166369915008545,1.2303358316421509,1.845158338546753
30,0.0008202928584069014,0.0,0.0,0.0,0.0032021035440266132,0.0,0.0,0.010007195174694061,0.0,0.0,0.0,0.0,0.03064064495265484,0.0,0.0,0.0,0.10604140907526016,0.0,0.0,0.8492883443832397,0.054230909794569016,0.0,0.0,0.0,0.10126271843910217,0.0,0.0,0.11332709342241287,0.0,0.0,0.0,0.0,0.12803548574447632,0.0,0.0,0.0,0.17594029009342194,0.0,0.0,0.427203506231308,0.7923076748847961,0.7952495217323303,0.6704968810081482,0.6862275004386902,0.9897275567054749,0.993922770023346,0.9837260246276855,0.9869327545166016,0.003106609685346484,0.0012921447632834315,0.0003509049420244992,0.0031528000254184008,0.0012770737521350384,0.00042989710345864296,1.7078853488783352e-05,0.00011047440057154745,0.005012378562241793,0.0028873002156615257,0.0014261602191254497,0.01004712749272585,0.6780760288238525,0.9859707951545715,0.9353525638580322,0.7778440713882446,0.4191129803657532,0.7118158340454102,0.13046839833259583,1.8022834062576294,1.6677547693252563,1.9274171590805054,2.3370296955108643,1.642520546913147,2.0558066368103027,2.2666444778442383,2.1607277393341064,1.6188974380493164,1.7901968955993652
31,0.0017857636557891965,0.0,0.0,0.0,0.008813649415969849,0.0,0.0,0.027262749150395393,0.0,0.0,0.0,0.0,0.05270128324627876,0.0,0.0,0.0,0.13056285679340363,0.0,0.0,0.77887362241745,0.06884204596281052,0.0,0.0,0.0,0.13372136652469635,0.0,0.0,0.13569149374961853,0.0,0.0,0.0,0.0,0.1449802964925766,0.0,0.0,0.0,0.17485429346561432,0.0,0.0,0.3419105112552643,0.9307692050933838,0.8482235670089722,0.5999001264572144,0.6037923693656921,0.9998116493225098,0.9984768629074097,0.9648772478103638,0.9185934662818909,0.007239725440740585,0.0018702824600040913,0.00028059276519343257,0.00270652212202549,0.0026221617590636015,0.0006117817247286439,1.6604086340521462e-05,0.00011625348997768015,0.012000450864434242,0.004208114929497242,0.0011229634983465075,0.00896295066922903,0.6147745251655579,0.9621387720108032,0.8913581967353821,0.6947641968727112,0.24655961990356445,0.9057356715202332,0.1912548989057541,1.3071411848068237,1.9849737882614136,1.539901852607727,2.592470407485962,1.8193938732147217,1.7059307098388672,1.9301360845565796,1.6917893886566162,1.6745357513427734,1.4425055980682373
32,0.0010946730617433786,0.0,0.0,0.0,0.0042763627134263515,0.0,0.0,0.014011167921125889,0.0,0.0,0.0,0.0,0.03184851258993149,0.0,0.0,0.0,0.06640671193599701,0.0,0.0,0.8823626041412354,0.061618298292160034,0.0,0.0,0.0,0.11638485640287399,0.0,0.0,0.12394195795059204,0.0,0.0,0.0,0.0,0.1360328197479248,0.0,0.0,0.0,0.1570964902639389,0.0,0.0,0.4049255847930908,0.9230769276618958,0.8724551200866699,0.6362272500991821,0.5836327075958252,0.9998605251312256,0.9994339346885681,0.9805105328559875,0.9487480521202087,0.011055399663746357,0.002507399534806609,0.0003268320579081774,0.0023273963015526533,0.0032835006713867188,0.0007921668002381921,1.7765216398402117e-05,0.00012017060362268239,0.01908351667225361,0.005568505264818668,0.0013283868320286274,0.007180352695286274,0.6496891975402832,0.9806182980537415,0.9399765729904175,0.7854047417640686,0.5538443326950073,0.7888466119766235,0.16726456582546234,1.5781155824661255,1.9861267805099487,1.8903943300247192,2.7853355407714844,2.1053786277770996,1.9889322519302368,2.2437245845794678,1.6689964532852173,1.9676181077957153,1.656234622001648
33,0.0007955001201480627,0.0,0.0,0.0,0.0025771979708224535,0.0,0.0,0.00831687729805708,0.0,0.0,0.0,0.0,0.02104685641825199,0.0,0.0,0.0,0.054613616317510605,0.0,0.0,0.912649929523468,0.05402655154466629,0.0,0.0,0.0,0.10955087095499039,0.0,0.0,0.11625349521636963,0.0,0.0,0.0,0.0,0.1271384209394455,0.0,0.0,0.0,0.1593553125858307,0.0,0.0,0.4336753487586975,0.9365384578704834,0.8658283352851868,0.6591585874557495,0.6566866040229797,0.9999530911445618,0.9994362592697144,0.9893684387207031,0.9695342183113098,0.011497948318719864,0.002469549188390374,0.00036288838600739837,0.003338421927765012,0.003956638742238283,0.0007699010311625898,2.1406080122687854e-05,0.0001519235665909946,0.020193349570035934,0.00575335044413805,0.001485528890043497,0.009004876017570496,0.6714739799499512,0.988310694694519,0.9409967660903931,0.840114414691925,0.6823445558547974,0.7350949048995972,0.15430869162082672,1.8823035955429077,2.1136014461517334,2.179983139038086,3.043174982070923,2.266470193862915,2.229755401611328,2.2325632572174072,1.7208709716796875,2.2803149223327637,1.9200366735458374
34,0.0006848747725598514,0.0,0.0,0.0,0.002448766026645899,0.0,0.0,0.008227762766182423,0.0,0.0,0.0,0.0,0.018621282652020454,0.0,0.0,0.0,0.05648862570524216,0.0,0.0,0.9135286808013916,0.05486813560128212,0.0,0.0,0.0,0.10895194858312607,0.0,0.0,0.11607272922992706,0.0,0.0,0.0,0.0,0.12524957954883575,0.0,0.0,0.0,0.16184814274311066,0.0,0.0,0.43300944566726685,0.9365384578704834,0.859800398349762,0.6634931564331055,0.6568862199783325,0.9998695254325867,0.9993532299995422,0.9892011880874634,0.9692875742912292,0.010737231932580471,0.002174859866499901,0.00035294360714033246,0.0029949175659567118,0.0035619749687612057,0.000684869010001421,2.5932906282832846e-05,0.00018683471716940403,0.01832655444741249,0.005210793577134609,0.0013759207213297486,0.008237230591475964,0.6751531362533569,0.9886389374732971,0.9428697824478149,0.8404370546340942,0.687251627445221,0.7491534948348999,0.14729852974414825,1.7705907821655273,1.927490234375,1.9618817567825317,2.757866144180298,2.045375347137451,2.11824107170105,2.013061761856079,1.5551707744598389,2.0651910305023193,1.851504921913147
35,0.0006533866398967803,0.0,0.0,0.0,0.002701732562854886,0.0,0.0,0.008931418880820274,0.0,0.0,0.0,0.0,0.02056482434272766,0.0,0.0,0.0,0.06304895877838135,0.0,0.0,0.9040996432304382,0.05705884099006653,0.0,0.0,0.0,0.10387823730707169,0.0,0.0,0.10753500461578369,0.0,0.0,0.0,0.0,0.12392056733369827,0.0,0.0,0.0,0.16235710680484772,0.0,0.0,0.4452502429485321,0.9173076748847961,0.8599600791931152,0.6815431118011475,0.6574850082397461,0.999951183795929,0.999436616897583,0.9874200820922852,0.9627163410186768,0.009615076705813408,0.0019818018190562725,0.0003555926668923348,0.0027154716663062572,0.0031373174861073494,0.0006206317339092493,3.964863935834728e-05,0.00028730533085763454,0.016502685844898224,0.004774140194058418,0.0012464106548577547,0.00713045010343194,0.6919156908988953,0.9877144694328308,0.9385597109794617,0.8293592929840088,0.6937079429626465,0.7302261590957642,0.1230916827917099,1.6378122568130493,1.7103147506713867,1.7217258214950562,2.354268789291382,1.795501947402954,1.8794662952423096,1.7767313718795776,1.445236086845398,1.7930984497070312,1.733091950416565
36,0.0007319270516745746,0.0,0.0,0.0,0.003123851725831628,0.0,0.0,0.010617637075483799,0.0,0.0,0.0,0.0,0.02388785593211651,0.0,0.0,0.0,0.07418734580278397,0.0,0.0,0.8874513506889343,0.05687194690108299,0.0,0.0,0.0,0.10531581938266754,0.0,0.0,0.11082471162080765,0.0,0.0,0.0,0.0,0.1268596202135086,0.0,0.0,0.0,0.16292180120944977,0.0,0.0,0.43720611929893494,0.942307710647583,0.8528941869735718,0.6864219903945923,0.6634730100631714,0.9998581409454346,0.99921053647995,0.9850711822509766,0.957223653793335,0.008025096729397774,0.0017567187314853072,0.0003454738762229681,0.0026127127930521965,0.0023754448629915714,0.000568743038456887,5.001660974812694e-05,0.00037636171327903867,0.014034067280590534,0.004187396727502346,0.001105639385059476,0.006444990634918213,0.6961376667022705,0.985527515411377,0.9259558320045471,0.8121958374977112,0.6648712158203125,0.7346217036247253,0.11278417706489563,1.476033329963684,1.5067940950393677,1.4846957921981812,2.025949716567993,1.5681813955307007,1.6751593351364136,1.5274757146835327,1.3056836128234863,1.561475396156311,1.5322238206863403
37,0.0009466760093346238,0.0,0.0,0.0,0.00437284866347909,0.0,0.0,0.01301655638962984,0.0,0.0,0.0,0.0,0.027203194797039032,0.0,0.0,0.0,0.08534814417362213,0.0,0.0,0.8691125512123108,0.06237485632300377,0.0,0.0,0.0,0.1175466850399971,0.0,0.0,0.12160425633192062,0.0,0.0,0.0,0.0,0.13367106020450592,0.0,0.0,0.0,0.16636262834072113,0.0,0.0,0.39844051003456116,0.949999988079071,0.8435129523277283,0.6625168919563293,0.6522954106330872,0.9998465776443481,0.998550295829773,0.98088538646698,0.9509978890419006,0.006310046184808016,0.0015886807814240456,0.00031696190126240253,0.002479073591530323,0.002642190083861351,0.0005360545474104583,5.469407915370539e-05,0.00047278625424951315,0.011473370715975761,0.003582255681976676,0.000962253485340625,0.005966043099761009,0.6732625365257263,0.981664776802063,0.9122369885444641,0.7864571809768677,0.6349993944168091,0.8144308924674988,0.10849649459123611,1.279617190361023,1.3002593517303467,1.3263612985610962,1.7484650611877441,1.3620033264160156,1.4631130695343018,1.3456642627716064,1.1442983150482178,1.3558622598648071,1.3354138135910034
38,0.0011484933784231544,0.0,0.0,0.0,0.004902874585241079,0.0,0.0,0.013623692095279694,0.0,0.0,0.0,0.0,0.031750231981277466,0.0,0.0,0.0,0.0908367931842804,0.0,0.0,0.8577379584312439,0.05951089784502983,0.0,0.0,0.0,0.11549227684736252,0.0,0.0,0.1196611300110817,0.0,0.0,0.0,0.0,0.13330987095832825,0.0,0.0,0.0,0.16917012631893158,0.0,0.0,0.40285569429397583,0.9403846263885498,0.8360080122947693,0.6735156178474426,0.6764470934867859,0.9996631145477295,0.9977190494537354,0.9802096486091614,0.9525728821754456,0.004878601990640163,0.0014564183074980974,0.0003133791615255177,0.0025826566852629185,0.0024530072696506977,0.0005203155451454222,6.171412678668275e-05,0.0005570193170569837,0.009017212316393852,0.0031100346241146326,0.0009009070345200598,0.005807693116366863,0.6833140254020691,0.9803255796432495,0.9038859605789185,0.7701536417007446,0.609720766544342,0.797247588634491,0.09923664480447769,1.1637359857559204,1.1694482564926147,1.205622673034668,1.5632779598236084,1.2156376838684082,1.2846579551696777,1.2369887828826904,1.0765985250473022,1.2158854007720947,1.1792877912521362
39,0.001117245526984334,0.0,0.0,0.0,0.004521516617387533,0.0,0.0,0.012493823654949665,0.0,0.0,0.0,0.0,0.02986748330295086,0.0,0.0,0.0,0.0922427549958229,0.0,0.0,0.8597571849822998,0.056327737867832184,0.0,0.0,0.0,0.10900279134511948,0.0,0.0,0.11211831867694855,0.0,0.0,0.0,0.0,0.12714923918247223,0.0,0.0,0.0,0.1665409356355667,0.0,0.0,0.42886099219322205,0.8557692170143127,0.8323752284049988,0.6938202381134033,0.6954091787338257,0.9978598356246948,0.9972570538520813,0.9823075532913208,0.9616663455963135,0.0036262781359255314,0.001320799347013235,0.00032303683110512793,0.002625830937176943,0.0015814738580957055,0.00048798532225191593,6.847345503047109e-05,0.0006236792542040348,0.006970610935240984,0.0027940194122493267,0.0008889093878678977,0.005863673519343138,0.7020854949951172,0.981868326663971,0.8979571461677551,0.771965742111206,0.6145410537719727,0.7450554966926575,0.09208191186189651,1.0683802366256714,1.098621129989624,1.129122018814087,1.4320462942123413,1.1311646699905396,1.1739245653152466,1.1692835092544556,1.0250236988067627,1.1214267015457153,1.0847002267837524
40,0.0008749486296437681,0.0,0.0,0.0,0.0039308201521635056,0.0,0.0,0.011535982601344585,0.0,0.0,0.0,0.0,0.028265459463000298,0.0,0.0,0.0,0.08308486640453339,0.0,0.0,0.8723078966140747,0.052664317190647125,0.0,0.0,0.0,0.10279538482427597,0.0,0.0,0.10827892273664474,0.0,0.0,0.0,0.0,0.121278777718544,0.0,0.0,0.0,0.1625494509935379,0.0,0.0,0.45243313908576965,0.8423076868057251,0.832335352897644,0.7092884182929993,0.7169660329818726,0.9975345730781555,0.99705970287323,0.9844299554824829,0.967828631401062,0.0034496726002544165,0.0012269781436771154,0.0003246591077186167,0.0026142369024455547,0.0013471345882862806,0.00045472930651158094,7.18238006811589e-05,0.0006903844769112766,0.006251757964491844,0.0025736242532730103,0.0008742612553760409,0.005725473165512085,0.716688334941864,0.9836590886116028,0.8994265198707581,0.7827669382095337,0.6380745768547058,0.699093759059906,0.08091503381729126,1.005595088005066,1.044394850730896,1.0649986267089844,1.3163079023361206,1.0647801160812378,1.0793867111206055,1.1080080270767212,0.9945006966590881,1.05683171749115,1.0153580904006958
41,0.000828927441034466,0.0,0.0,0.0,0.003589827800169587,0.0,0.0,0.010387848131358624,0.0,0.0,0.0,0.0,0.025086235255002975,0.0,0.0,0.0,0.07754658162593842,0.0,0.0,0.8825605511665344,0.051804155111312866,0.0,0.0,0.0,0.09981021285057068,0.0,0.0,0.10507040470838547,0.0,0.0,0.0,0.0,0.11926981061697006,0.0,0.0,0.0,0.16023212671279907,0.0,0.0,0.46381330490112305,0.8615384697914124,0.8310977816581726,0.7171685695648193,0.7305389046669006,0.9970700740814209,0.9970812201499939,0.985595703125,0.9721713066101074,0.003680008929222822,0.0011718510650098324,0.0003190167772118002,0.0025415613781660795,0.0015328965382650495,0.00043722291593439877,7.271636422956362e-05,0.0006798416725359857,0.00660525169223547,0.0024621840566396713,0.0008523846627213061,0.005555924493819475,0.7241185307502747,0.9851943254470825,0.9015441536903381,0.7930480241775513,0.6622387766838074,0.6806073784828186,0.0714968740940094,0.9747966527938843,0.9947595000267029,1.0371894836425781,1.227699875831604,1.0179455280303955,1.0165659189224243,1.0771572589874268,0.9656388759613037,1.0037537813186646,0.9724510312080383
42,0.00079300970537588,0.0,0.0,0.0,0.0030560926534235477,0.0,0.0,0.00887234602123499,0.0,0.0,0.0,0.0,0.02218128740787506,0.0,0.0,0.0,0.07020951807498932,0.0,0.0,0.8948876857757568,0.04986424371600151,0.0,0.0,0.0,0.09759876132011414,0.0,0.0,0.10130615532398224,0.0,0.0,0.0,0.0,0.11770864576101303,0.0,0.0,0.0,0.15787369012832642,0.0,0.0,0.4756484925746918,0.8980769515037537,0.8319361209869385,0.7258002758026123,0.7401197552680969,0.9981415271759033,0.9974628686904907,0.9873600006103516,0.9757078886032104,0.004015680402517319,0.0011151350336149335,0.00030911341309547424,0.002431302797049284,0.001621000817976892,0.0004166297148913145,7.21869437256828e-05,0.0006866114563308656,0.007323427591472864,0.002393054310232401,0.0008226855425164104,0.00528772221878171,0.7323420643806458,0.9872792363166809,0.9008939862251282,0.8075429201126099,0.6802129745483398,0.6597423553466797,0.06380701065063477,0.9358333349227905,0.9598993062973022,1.0063461065292358,1.156403660774231,0.9695923924446106,0.9641033411026001,1.0317888259887695,0.9342358112335205,0.9711918830871582,0.9489927887916565
43,0.0006766982260160148,0.0,0.0,0.0,0.003104257397353649,0.0,0.0,0.007931114174425602,0.0,0.0,0.0,0.0,0.019850270822644234,0.0,0.0,0.0,0.060608718544244766,0.0,0.0,0.9078289866447449,0.04987631365656853,0.0,0.0,0.0,0.09626802057027817,0.0,0.0,0.10118690878152847,0.0,0.0,0.0,0.0,0.11499928683042526,0.0,0.0,0.0,0.15467390418052673,0.0,0.0,0.48299556970596313,0.9153845906257629,0.8334131836891174,0.7274757027626038,0.7445109486579895,0.9995303750038147,0.998039186000824,0.98810875415802,0.97613924741745,0.004215057939291,0.001069528516381979,0.0002977807307615876,0.0023246919736266136,0.0017368902917951345,0.0003962501068599522,7.0541886088904e-05,0.0006821585120633245,0.007769390940666199,0.002354920608922839,0.0007886524545028806,0.005042704753577709,0.7340563535690308,0.9882884621620178,0.9158658385276794,0.8215223550796509,0.6987572312355042,0.6493648290634155,0.05953168496489525,0.9097618460655212,0.9323784708976746,0.9684141278266907,1.1053197383880615,0.940950334072113,0.9261845946311951,0.9824159145355225,0.8991074562072754,0.9341462254524231,0.9158064126968384
44,0.0007434151484631002,0.0,0.0,0.0,0.002907509682700038,0.0,0.0,0.007923582568764687,0.0,0.0,0.0,0.0,0.01945609226822853,0.0,0.0,0.0,0.05697052553296089,0.0,0.0,0.9119988679885864,0.050029125064611435,0.0,0.0,0.0,0.09743327647447586,0.0,0.0,0.10136360675096512,0.0,0.0,0.0,0.0,0.11491648107767105,0.0,0.0,0.0,0.1538393795490265,0.0,0.0,0.48241811990737915,0.9269230961799622,0.8324950337409973,0.7262622117996216,0.742714524269104,0.9996285438537598,0.9982981085777283,0.9881774187088013,0.9747835993766785,0.00432702898979187,0.0010250494815409184,0.0002830555022228509,0.0022304560989141464,0.0018105380004271865,0.0003681428206618875,6.736259092576802e-05,0.0006495739798992872,0.0077260201796889305,0.0023021395318210125,0.0007483288645744324,0.004779106937348843,0.7328686714172363,0.9884262681007385,0.9194300770759583,0.8263721466064453,0.7125319242477417,0.6505967378616333,0.055788058787584305,0.8853951096534729,0.8961095809936523,0.9497009515762329,1.0496997833251953,0.915133535861969,0.8847877979278564,0.9318848252296448,0.8597803115844727,0.8924473524093628,0.8878606557846069
45,0.0005702307680621743,0.0,0.0,0.0,0.0021698966156691313,0.0,0.0,0.006886814255267382,0.0,0.0,0.0,0.0,0.01917382702231407,0.0,0.0,0.0,0.05472192540764809,0.0,0.0,0.916477382183075,0.04963547736406326,0.0,0.0,0.0,0.09626159071922302,0.0,0.0,0.09996981173753738,0.0,0.0,0.0,0.0,0.11493343114852905,0.0,0.0,0.0,0.15438318252563477,0.0,0.0,0.4848164916038513,0.9230769276618958,0.8343313336372375,0.7293508648872375,0.7522953748703003,0.9994946122169495,0.9984224438667297,0.9894962906837463,0.9799225926399231,0.004373767413198948,0.0009739953675307333,0.0002665698993951082,0.0021124936174601316,0.0017682693433016539,0.0003473278775345534,6.365810986608267e-05,0.0006146087544038892,0.007752596400678158,0.002207742538303137,0.0007033247384242713,0.004500691778957844,0.7359516024589539,0.9903736710548401,0.9197225570678711,0.8368477821350098,0.7036138772964478,0.6451069712638855,0.05710231512784958,0.8313827514648438,0.8331931233406067,0.9123375415802002,0.98614102602005,0.8675783276557922,0.8342036604881287,0.8849016427993774,0.8024861812591553,0.8535491228103638,0.8581394553184509
46,0.0006444242317229509,0.0,0.0,0.0,0.0024075224064290524,0.0,0.0,0.008470190688967705,0.0,0.0,0.0,0.0,0.022995037958025932,0.0,0.0,0.0,0.060250137001276016,0.0,0.0,0.9052327871322632,0.05022647604346275,0.0,0.0,0.0,0.09818580746650696,0.0,0.0,0.10295774042606354,0.0,0.0,0.0,0.0,0.11607817560434341,0.0,0.0,0.0,0.1562688648700714,0.0,0.0,0.47628292441368103,0.9230769276618958,0.8289421200752258,0.7243196368217468,0.7353293299674988,0.9996634721755981,0.9983507394790649,0.9887338876724243,0.9707736968994141,0.004271433688700199,0.0009246613481082022,0.00025050254771485925,0.0019795505795627832,0.0017827668925747275,0.00032925247796811163,6.015354665578343e-05,0.0005848121363669634,0.007670734077692032,0.0020958224777132273,0.0006606454262509942,0.004241306334733963,0.7307669520378113,0.9884782433509827,0.9195894002914429,0.8249302506446838,0.7021018862724304,0.6616972088813782,0.04974586144089699,0.787240743637085,0.7992240786552429,0.8572682738304138,0.9193930625915527,0.8139682412147522,0.8011072874069214,0.8248391151428223,0.7617537379264832,0.8129416704177856,0.8203058242797852
47,0.0006026013870723546,0.0,0.0,0.0,0.0033470098860561848,0.0,0.0,0.009514906443655491,0.0,0.0,0.0,0.0,0.02297009713947773,0.0,0.0,0.0,0.0703384056687355,0.0,0.0,0.8932269811630249,0.051612794399261475,0.0,0.0,0.0,0.10145075619220734,0.0,0.0,0.10643312335014343,0.0,0.0,0.0,0.0,0.12006871402263641,0.0,0.0,0.0,0.16027693450450897,0.0,0.0,0.4601576626300812,0.9115384817123413,0.81932133436203,0.7165867686271667,0.7335329055786133,0.9994945526123047,0.9977047443389893,0.9868249893188477,0.9660272002220154,0.004014015197753906,0.0008545095333829522,0.00023293413687497377,0.0018399532418698072,0.001572691136971116,0.000302922329865396,5.6337143178097904e-05,0.000557652092538774,0.00720997666940093,0.0019495831802487373,0.0006132076377980411,0.003955134656280279,0.7229887843132019,0.9865360260009766,0.8935868740081787,0.8076965808868408,0.6734734773635864,0.6859772801399231,0.04189760610461235,0.7553077936172485,0.7581415772438049,0.7875069379806519,0.8273921012878418,0.7490227818489075,0.7860123515129089,0.76587975025177,0.7068551182746887,0.7527530193328857,0.8080185651779175
48,0.0007642690325155854,0.0,0.0,0.0,0.004241984337568283,0.0,0.0,0.011218879371881485,0.0,0.0,0.0,0.0,0.030095214024186134,0.0,0.0,0.0,0.09004295617341995,0.0,0.0,0.8636367321014404,0.054493498057127,0.0,0.0,0.0,0.10588475316762924,0.0,0.0,0.11186595261096954,0.0,0.0,0.0,0.0,0.12567400932312012,0.0,0.0,0.0,0.16642358899116516,0.0,0.0,0.43565818667411804,0.9038461446762085,0.8044710755348206,0.7044270038604736,0.7245509028434753,0.9992636442184448,0.9972628951072693,0.9828413724899292,0.9646472334861755,0.0037471114192157984,0.0007842776249162853,0.00021650729468092322,0.0016814260743558407,0.0014673748519271612,0.00028205523267388344,5.263381899567321e-05,0.0005075923399999738,0.006817773915827274,0.0017933276249095798,0.0005652838735841215,0.0036657005548477173,0.7107149958610535,0.9837755560874939,0.8943683505058289,0.7816525101661682,0.5706982612609863,0.7286097407341003,0.056803613901138306,0.7363190054893494,0.722325325012207,0.712333083152771,0.7676570415496826,0.6976499557495117,0.7520740628242493,0.7104476094245911,0.662875771522522,0.6913037896156311,0.8160061240196228
49,0.001183312851935625,0.0,0.0,0.0,0.005140775348991156,0.0,0.0,0.015382014214992523,0.0,0.0,0.0,0.0,0.040333718061447144,0.0,0.0,0.0,0.12538345158100128,0.0,0.0,0.8125767707824707,0.05802426487207413,0.0,0.0,0.0,0.11336474865674973,0.0,0.0,0.11868955194950104,0.0,0.0,0.0,0.0,0.1336522251367569,0.0,0.0,0.0,0.17227964103221893,0.0,0.0,0.4039895832538605,0.8865384459495544,0.7837924361228943,0.6872833967208862,0.7103792428970337,0.9985376596450806,0.9956645965576172,0.9755557775497437,0.9609622359275818,0.0033948682248592377,0.0007096992922015488,0.0001999344676733017,0.0015336936339735985,0.001365620642900467,0.0002599547151476145,4.866740346187726e-05,0.0004730793589260429,0.006102258339524269,0.0016022364143282175,0.0005180105217732489,0.003441194072365761,0.6934003233909607,0.9782946109771729,0.8663370609283447,0.7406092286109924,0.5554829239845276,0.7819237112998962,0.06854502111673355,0.7206102609634399,0.6701381802558899,0.6900405287742615,0.700067937374115,0.6557769179344177,0.692183256149292,0.6734193563461304,0.6126114726066589,0.6713764667510986,0.8044458627700806
50,0.0017640994628891349,0.0,0.0,0.0,0.009544949047267437,0.0,0.0,0.022715328261256218,0.0,0.0,0.0,0.0,0.060674265027046204,0.0,0.0,0.0,0.13843661546707153,0.0,0.0,0.7668648362159729,0.06216800957918167,0.0,0.0,0.0,0.12148655951023102,0.0,0.0,0.1266440749168396,0.0,0.0,0.0,0.0,0.1410575807094574,0.0,0.0,0.0,0.17725516855716705,0.0,0.0,0.37138861417770386,0.8538461327552795,0.755728542804718,0.668312132358551,0.6830338835716248,0.9960971474647522,0.9928762912750244,0.9652441740036011,0.934552788734436,0.0030850227922201157,0.0006220409413799644,0.00018149253446608782,0.00137933692894876,0.0012728789588436484,0.00023032147146295756,4.473246372072026e-05,0.0004375553980935365,0.005457658786326647,0.0013904523802921176,0.0004639571998268366,0.003084094263613224,0.6737868189811707,0.9659765362739563,0.8638302683830261,0.6828756928443909,0.5002305507659912,0.8490341901779175,0.0590590238571167,0.6609313488006592,0.6169393062591553,0.6231645345687866,0.6463251709938049,0.565510630607605,0.6324295997619629,0.6744087934494019,0.5935254693031311,0.6010510325431824,0.6943691372871399
51,0.0019167648861184716,0.0,0.0,0.0,0.009421641938388348,0.0,0.0,0.024141667410731316,0.0,0.0,0.0,0.0,0.05816018953919411,0.0,0.0,0.0,0.15787409245967865,0.0,0.0,0.7484855651855469,0.06443747133016586,0.0,0.0,0.0,0.12600435316562653,0.0,0.0,0.13261453807353973,0.0,0.0,0.0,0.0,0.14599399268627167,0.0,0.0,0.0,0.17704099416732788,0.0,0.0,0.3539086580276489,0.8500000238418579,0.7332934141159058,0.6565093994140625,0.671457052230835,0.9958615899085999,0.9902924299240112,0.9587515592575073,0.9471591711044312,0.0026296027936041355,0.0005561783909797668,0.0001663665025262162,0.0012608838733285666,0.0011080563999712467,0.00020635071268770844,4.1352974221808836e-05,0.0004039096529595554,0.004929440561681986,0.001236047362908721,0.00042407502769492567,0.0028695277869701385,0.6613784432411194,0.9645208120346069,0.7881579995155334,0.6650741100311279,0.4644716680049896,0.8952580094337463,0.08123727142810822,0.5547111630439758,0.5429179668426514,0.6173704862594604,0.6093301177024841,0.5289414525032043,0.5847913026809692,0.6972747445106506,0.5654627084732056,0.5453331470489502,0.6095012426376343
52,0.0023370604030787945,0.0,0.0,0.0,0.010010802187025547,0.0,0.0,0.026816826313734055,0.0,0.0,0.0,0.0,0.08081080764532089,0.0,0.0,0.0,0.21451246738433838,0.0,0.0,0.6655120253562927,0.06668280810117722,0.0,0.0,0.0,0.13156633079051971,0.0,0.0,0.1369452029466629,0.0,0.0,0.0,0.0,0.15111874043941498,0.0,0.0,0.0,0.17875131964683533,0.0,0.0,0.33493560552597046,0.8288461565971375,0.7136127948760986,0.6451560854911804,0.673852264881134,0.9945234060287476,0.9860682487487793,0.951275646686554,0.9555072784423828,0.002288813004270196,0.00052133749704808,0.0001566610881127417,0.0011935050133615732,0.0010227533057332039,0.00019781746959779412,3.855099203065038e-05,0.00037094682920724154,0.004356516990810633,0.0011229580268263817,0.00040333805372938514,0.0028481469489634037,0.6496891975402832,0.9608362317085266,0.7753168344497681,0.6271564364433289,0.39243999123573303,0.939402163028717,0.09840215742588043,0.5193930864334106,0.5248789191246033,0.6129670739173889,0.5980851650238037,0.5779500007629395,0.6075919270515442,0.7352134585380554,0.5554214119911194,0.5619350671768188,0.5788800716400146
53,0.003435303922742605,0.0,0.0,0.0,0.013645120896399021,0.0,0.0,0.040442321449518204,0.0,0.0,0.0,0.0,0.09797769039869308,0.0,0.0,0.0,0.24478095769882202,0.0,0.0,0.5997186303138733,0.07195074111223221,0.0,0.0,0.0,0.13998518884181976,0.0,0.0,0.144587442278862,0.0,0.0,0.0,0.0,0.15339317917823792,0.0,0.0,0.0,0.1746266484260559,0.0,0.0,0.3154568076133728,0.767307698726654,0.686586856842041,0.6250537037849426,0.6337324976921082,0.9861541986465454,0.9784249067306519,0.9342907071113586,0.9324272871017456,0.0019318333361297846,0.000485010736156255,0.00014809906133450568,0.0011449988232925534,0.0009107986697927117,0.00018198249745182693,3.623586235335097e-05,0.0003574696893338114,0.003686795476824045,0.0010310723446309566,0.00038275826955214143,0.0027515871915966272,0.6289018392562866,0.9424778819084167,0.7690532803535461,0.5726516246795654,0.35521143674850464,0.9944764971733093,0.0973886251449585,0.5050028562545776,0.5032384991645813,0.6349768042564392,0.67142254114151,0.520294725894928,0.5733461380004883,0.6350346803665161,0.5376530289649963,0.5969112515449524,0.5782362818717957
54,0.003986026160418987,0.0,0.0,0.0,0.018199944868683815,0.0,0.0,0.05876851826906204,0.0,0.0,0.0,0.0,0.11302359402179718,0.0,0.0,0.0,0.20399993658065796,0.0,0.0,0.6020219922065735,0.0745052695274353,0.0,0.0,0.0,0.14579027891159058,0.0,0.0,0.14780265092849731,0.0,0.0,0.0,0.0,0.15317292511463165,0.0,0.0,0.0,0.17225013673305511,0.0,0.0,0.30647873878479004,0.7211538553237915,0.6641517281532288,0.614699125289917,0.6147704124450684,0.9758915901184082,0.9698978662490845,0.9155588150024414,0.8922927379608154,0.0017312077106907964,0.00045711584971286356,0.00014093174831941724,0.0010184142738580704,0.0007669577025808394,0.00017293039127252996,3.463287794147618e-05,0.00032458940404467285,0.0032129832543432713,0.0009627219988033175,0.00036465664743445814,0.002572509692981839,0.617702066898346,0.9190460443496704,0.7496675252914429,0.5237985253334045,0.2514050602912903,1.0234733819961548,0.08576343953609467,0.4752877652645111,0.4715411365032196,0.5234236717224121,0.5976801514625549,0.5276249647140503,0.5538685917854309,0.5963174104690552,0.5212283134460449,0.6121959686279297,0.5350871086120605
55,0.006501759402453899,0.0,0.0,0.0,0.025247862562537193,0.0,0.0,0.06791838258504868,0.0,0.0,0.0,0.0,0.138702392578125,0.0,0.0,0.0,0.2270776927471161,0.0,0.0,0.5345519185066223,0.07883178442716599,0.0,0.0,0.0,0.15258561074733734,0.0,0.0,0.1530008614063263,0.0,0.0,0.0,0.0,0.15569645166397095,0.0,0.0,0.0,0.16911271214485168,0.0,0.0,0.29077258706092834,0.6980769038200378,0.6395209431648254,0.5996679663658142,0.5736526846885681,0.9651697874069214,0.9568603038787842,0.8990271091461182,0.8634324073791504,0.001647328957915306,0.00043175206519663334,0.0001326680212514475,0.0008991442737169564,0.0007319838041439652,0.00016376851999666542,3.217225821572356e-05,0.0002856927749235183,0.0028598085045814514,0.0009134520660154521,0.00034711096668615937,0.0021413175854831934,0.6018001437187195,0.9003328680992126,0.7279284000396729,0.45559969544410706,0.1483369618654251,1.0744929313659668,0.100649893283844,0.4901135265827179,0.47568005323410034,0.5117802619934082,0.6178604960441589,0.4912448823451996,0.47639942169189453,0.5406295657157898,0.5285458564758301,0.6158179044723511,0.5988025665283203
56,0.006293552927672863,0.0,0.0,0.0,0.029073571786284447,0.0,0.0,0.07361563295125961,0.0,0.0,0.0,0.0,0.14061710238456726,0.0,0.0,0.0,0.25699856877326965,0.0,0.0,0.4934016168117523,0.08112981170415878,0.0,0.0,0.0,0.15648481249809265,0.0,0.0,0.15771380066871643,0.0,0.0,0.0,0.0,0.15757855772972107,0.0,0.0,0.0,0.16489791870117188,0.0,0.0,0.2821950912475586,0.6807692050933838,0.6153293251991272,0.5897977948188782,0.5744510889053345,0.9602475762367249,0.9417319297790527,0.8868758082389832,0.8643890619277954,0.0013943228404968977,0.00040385551983490586,0.00012361274275463074,0.0008914761710911989,0.0006326221628114581,0.0001538281503599137,3.0119324947008863e-05,0.00026992778293788433,0.002714726375415921,0.0008450720924884081,0.0003229230351280421,0.0021340218372642994,0.591212809085846,0.8910176157951355,0.6802393198013306,0.4308217763900757,0.19110994040966034,1.1138625144958496,0.11301270127296448,0.46656233072280884,0.5048605799674988,0.43865448236465454,0.5592846870422363,0.46563470363616943,0.46081748604774475,0.5553392171859741,0.4932108521461487,0.6403787732124329,0.5231583118438721
57,0.008305736817419529,0.0,0.0,0.0,0.03670964762568474,0.0,0.0,0.0777001827955246,0.0,0.0,0.0,0.0,0.14327947795391083,0.0,0.0,0.0,0.24673141539096832,0.0,0.0,0.48727351427078247,0.0841360092163086,0.0,0.0,0.0,0.16284388303756714,0.0,0.0,0.16019387543201447,0.0,0.0,0.0,0.0,0.156642347574234,0.0,0.0,0.0,0.159906804561615,0.0,0.0,0.276277095079422,0.6653845906257629,0.6043912172317505,0.5783695578575134,0.5504989624023438,0.9573087692260742,0.9349392652511597,0.8707213997840881,0.8559719920158386,0.0013624683488160372,0.00038492470048367977,0.00011716903827618808,0.0008484998834319413,0.0006161975325085223,0.00014763104263693094,2.8352962544886395e-05,0.0002554421662352979,0.002510577207431197,0.0008080255938693881,0.0003117466112598777,0.0020840084180235863,0.5796627402305603,0.8772844672203064,0.7038046717643738,0.40875735878944397,0.09634338319301605,1.1412768363952637,0.10576137155294418,0.5080960392951965,0.5164432525634766,0.4626689553260803,0.5054330229759216,0.4601673483848572,0.4781148433685303,0.5827656388282776,0.5694701075553894,0.639857828617096,0.4931696951389313
58,0.009465683251619339,0.0,0.0,0.0,0.034275613725185394,0.0,0.0,0.08802179247140884,0.0,0.0,0.0,0.0,0.15493696928024292,0.0,0.0,0.0,0.26834648847579956,0.0,0.0,0.44495341181755066,0.08592743426561356,0.0,0.0,0.0,0.16574668884277344,0.0,0.0,0.16294284164905548,0.0,0.0,0.0,0.0,0.16018645465373993,0.0,0.0,0.0,0.16150297224521637,0.0,0.0,0.263693630695343,0.5961538553237915,0.6034331321716309,0.5708814263343811,0.5415169596672058,0.9359898567199707,0.9341338872909546,0.8774941563606262,0.807173490524292,0.0012582011986523867,0.0003811370115727186,0.00010865261720027775,0.0007912624860182405,0.0004997557261958718,0.00014801743964198977,2.6514942874200642e-05,0.00024687827681191266,0.0025950586423277855,0.0007930927677080035,0.0002917255333159119,0.002077115001156926,0.5724622011184692,0.868237316608429,0.69442218542099,0.39733031392097473,0.144941508769989,1.1833217144012451,0.08110551536083221,0.5147297978401184,0.5310598611831665,0.48914289474487305,0.5242027640342712,0.48007047176361084,0.45483359694480896,0.5646253824234009,0.5626354813575745,0.5595406889915466,0.44588717818260193
59,0.007830604910850525,0.0,0.0,0.0,0.03091551549732685,0.0,0.0,0.07704015076160431,0.0,0.0,0.0,0.0,0.1413656771183014,0.0,0.0,0.0,0.2393205612897873,0.0,0.0,0.5035274624824524,0.08496277779340744,0.0,0.0,0.0,0.16582991182804108,0.0,0.0,0.1650141030550003,0.0,0.0,0.0,0.0,0.16237220168113708,0.0,0.0,0.0,0.16167022287845612,0.0,0.0,0.2601507902145386,0.6326923370361328,0.604790449142456,0.5696879029273987,0.5381237268447876,0.9517006278038025,0.9306477308273315,0.8870881199836731,0.8429765105247498,0.0013193744234740734,0.0003829633933492005,0.00010249034676235169,0.0007248857291415334,0.0005225985078141093,0.00014563910372089595,2.481495903339237e-05,0.0002240230533061549,0.002801407128572464,0.0008099970873445272,0.00028077364549972117,0.0018890071660280228,0.571436882019043,0.8842149376869202,0.702987015247345,0.4127839207649231,0.19546827673912048,1.190760612487793,0.11165871471166611,0.4548971354961395,0.6486162543296814,0.5506531596183777,0.513789713382721,0.5102551579475403,0.4368230104446411,0.4947677254676819,0.4646225571632385,0.5444120168685913,0.5044304728507996
60,0.007518626283854246,0.0,0.0,0.0,0.03434203192591667,0.0,0.0,0.09510888159275055,0.0,0.0,0.0,0.0,0.17441581189632416,0.0,0.0,0.0,0.28134503960609436,0.0,0.0,0.40726950764656067,0.08648184686899185,0.0,0.0,0.0,0.17073702812194824,0.0,0.0,0.16818787157535553,0.0,0.0,0.0,0.0,0.1642443686723709,0.0,0.0,0.0,0.16261053085327148,0.0,0.0,0.24773836135864258,0.6211538314819336,0.5934131741523743,0.5606741905212402,0.5133732557296753,0.9566789865493774,0.9269636273384094,0.8732625842094421,0.8000636100769043,0.0013433730928227305,0.0003753349301405251,9.687558485893533e-05,0.000685865874402225,0.0004860009648837149,0.00014296139124780893,2.3231950763147324e-05,0.0002027528826147318,0.002753665903583169,0.0007940311916172504,0.0002672410919331014,0.0018745996057987213,0.5620998740196228,0.8630311489105225,0.6168752908706665,0.38519805669784546,0.029839493334293365,1.230750560760498,0.11321967095136642,0.41851308941841125,0.6297851204872131,0.5232149958610535,0.5714879035949707,0.49951037764549255,0.5006008744239807,0.4904778301715851,0.43869543075561523,0.527131199836731,0.5500672459602356
61,0.008372976444661617,0.0,0.0,0.0,0.03816015273332596,0.0,0.0,0.09702061861753464,0.0,0.0,0.0,0.0,0.22339434921741486,0.0,0.0,0.0,0.29202455282211304,0.0,0.0,0.34102731943130493,0.0901029035449028,0.0,0.0,0.0,0.176573246717453,0.0,0.0,0.17398160696029663,0.0,0.0,0.0,0.0,0.16723810136318207,0.0,0.0,0.0,0.15745720267295837,0.0,0.0,0.23464694619178772,0.6499999761581421,0.5874650478363037,0.5449013710021973,0.5209580659866333,0.958611011505127,0.9191550612449646,0.8305610418319702,0.8524681329727173,0.0013584112748503685,0.00037327600875869393,9.08050496946089e-05,0.0006478839786723256,0.0005416743806563318,0.00014173374802339822,2.162785858672578e-05,0.00019879810861311853,0.002998160198330879,0.0007887262618169188,0.00025180456577800214,0.0017794054001569748,0.5472232699394226,0.8564461469650269,0.5695866942405701,0.34473928809165955,-0.06742419302463531,1.2969775199890137,0.16086909174919128,0.415586918592453,0.6684665083885193,0.4760947525501251,0.6535636782646179,0.48815813660621643,0.41658541560173035,0.4697723388671875,0.4824563264846802,0.5215414762496948,0.5339202284812927
62,0.014616169966757298,0.0,0.0,0.0,0.05142978951334953,0.0,0.0,0.12419474869966507,0.0,0.0,0.0,0.0,0.22163036465644836,0.0,0.0,0.0,0.2796805799007416,0.0,0.0,0.3084483742713928,0.09456060081720352,0.0,0.0,0.0,0.1832628846168518,0.0,0.0,0.17742115259170532,0.0,0.0,0.0,0.0,0.165204256772995,0.0,0.0,0.0,0.15412062406539917,0.0,0.0,0.22543048858642578,0.6673076748847961,0.5819960236549377,0.5302871465682983,0.49261474609375,0.9550562500953674,0.9159119129180908,0.7974764108657837,0.7242156863212585,0.001410425640642643,0.0003587258979678154,8.51213262649253e-05,0.0006014705286361277,0.0005980126443319023,0.00013534416211768985,2.0471421521506272e-05,0.00018326471035834402,0.0031043465714901686,0.0007642841665074229,0.00023351446725428104,0.0016758614219725132,0.5330194234848022,0.8097586035728455,0.5615870952606201,0.2784382998943329,-0.12794552743434906,1.345460057258606,0.13171729445457458,0.45130452513694763,0.598617434501648,0.41138625144958496,0.6015515327453613,0.47944375872612,0.43790313601493835,0.4640904366970062,0.46700456738471985,0.5600950717926025,0.45400470495224
63,0.011685420759022236,0.0,0.0,0.0,0.04435446858406067,0.0,0.0,0.11448837071657181,0.0,0.0,0.0,0.0,0.2146400660276413,0.0,0.0,0.0,0.2698914706707001,0.0,0.0,0.344940185546875,0.09226006269454956,0.0,0.0,0.0,0.17821931838989258,0.0,0.0,0.1751234382390976,0.0,0.0,0.0,0.0,0.16575758159160614,0.0,0.0,0.0,0.1592695116996765,0.0,0.0,0.2293700873851776,0.6884615421295166,0.5896607041358948,0.539915144443512,0.5005987882614136,0.9658402800559998,0.9257171750068665,0.8280226588249207,0.7338540554046631,0.0016337191918864846,0.0003612163127399981,8.278978930320591e-05,0.0005874376511201262,0.0006243495736271143,0.00013591209426522255,1.9721370335901156e-05,0.00017365645908284932,0.003174414625391364,0.000783871510066092,0.0002324835368199274,0.001756605925038457,0.5425280928611755,0.8294715881347656,0.5541218519210815,0.3206300735473633,-0.172855943441391,1.3195481300354004,0.11915931850671768,0.43847090005874634,0.516044557094574,0.43840160965919495,0.6116033792495728,0.508598804473877,0.463022381067276,0.5048331618309021,0.47538650035858154,0.5908039808273315,0.43191245198249817
64,0.0130899203941226,0.0,0.0,0.0,0.047590695321559906,0.0,0.0,0.1030646413564682,0.0,0.0,0.0,0.0,0.19114287197589874,0.0,0.0,0.0,0.2863503098487854,0.0,0.0,0.35876160860061646,0.09329920262098312,0.0,0.0,0.0,0.18011093139648438,0.0,0.0,0.17286258935928345,0.0,0.0,0.0,0.0,0.1635047048330307,0.0,0.0,0.0,0.15837541222572327,0.0,0.0,0.23184716701507568,0.6807692050933838,0.5759680867195129,0.5399975180625916,0.5111775994300842,0.9706106185913086,0.9248568415641785,0.8273085355758667,0.7656047344207764,0.0015317207435145974,0.00034145114477723837,7.85096490290016e-05,0.0005458774394355714,0.0006286947755143046,0.00012841069838032126,1.852553032222204e-05,0.00016182610124815255,0.0031531602144241333,0.0007569469744339585,0.00022462964989244938,0.0017067426815629005,0.5419226288795471,0.8362557291984558,0.648208737373352,0.33131706714630127,-0.026911746710538864,1.3082826137542725,0.10653036087751389,0.48872631788253784,0.47077861428260803,0.4955475330352783,0.4807218313217163,0.6330100893974304,0.4421979784965515,0.4872819483280182,0.48640766739845276,0.5274927020072937,0.432576447725296
65,0.013046243228018284,0.0,0.0,0.0,0.05306665226817131,0.0,0.0,0.10947360098361969,0.0,0.0,0.0,0.0,0.20278917253017426,0.0,0.0,0.0,0.2862541377544403,0.0,0.0,0.3353702127933502,0.0946195125579834,0.0,0.0,0.0,0.18434961140155792,0.0,0.0,0.17751438915729523,0.0,0.0,0.0,0.0,0.16459998488426208,0.0,0.0,0.0,0.15323321521282196,0.0,0.0,0.2256832867860794,0.6846153736114502,0.5807983875274658,0.5291935205459595,0.4950099587440491,0.97358638048172,0.9120526909828186,0.7982397079467773,0.7759984731674194,0.001539877848699689,0.00034069560933858156,7.407413067994639e-05,0.000499100424349308,0.0006450488581322134,0.00013011257397010922,1.7368762200931087e-05,0.00014905539865139872,0.003304694313555956,0.0007551744347438216,0.00021431366621982306,0.0015220174100250006,0.5319824814796448,0.8244133591651917,0.598635196685791,0.3084898591041565,-0.023652629926800728,1.35117506980896,0.14933785796165466,0.48309147357940674,0.4088588058948517,0.5854071974754333,0.39959219098091125,0.6416927576065063,0.48113763332366943,0.46307143568992615,0.4778810739517212,0.5193623304367065,0.42309045791625977
66,0.02082194574177265,0.0,0.0,0.0,0.05709616839885712,0.0,0.0,0.12791289389133453,0.0,0.0,0.0,0.0,0.20370790362358093,0.0,0.0,0.0,0.26314470171928406,0.0,0.0,0.32731637358665466,0.1008131131529808,0.0,0.0,0.0,0.19107069075107574,0.0,0.0,0.18021656572818756,0.0,0.0,0.0,0.0,0.16219347715377808,0.0,0.0,0.0,0.14823952317237854,0.0,0.0,0.21746662259101868,0.6692307591438293,0.574491024017334,0.5136379599571228,0.45928141474723816,0.9713929891586304,0.8977299332618713,0.771445631980896,0.6788589358329773,0.0015023031737655401,0.00033449288457632065,6.82975078234449e-05,0.00046299290261231363,0.0005994929233565927,0.00012625864474102855,1.6165946362889372e-05,0.00013939558994024992,0.003265285398811102,0.0007272089715115726,0.0001965076371561736,0.001364990952424705,0.5167300701141357,0.7941699028015137,0.6072251796722412,0.2565195560455322,-0.09558892250061035,1.4100385904312134,0.12243995815515518,0.444985032081604,0.4264119863510132,0.584347128868103,0.4047715663909912,0.4868790805339813,0.5176079273223877,0.41712236404418945,0.4687824845314026,0.513605535030365,0.3951214551925659
67,0.016009796410799026,0.0,0.0,0.0,0.06325136125087738,0.0,0.0,0.13992470502853394,0.0,0.0,0.0,0.0,0.18377509713172913,0.0,0.0,0.0,0.26402541995048523,0.0,0.0,0.3330136835575104,0.09846916049718857,0.0,0.0,0.0,0.18828171491622925,0.0,0.0,0.18029099702835083,0.0,0.0,0.0,0.0,0.16398492455482483,0.0,0.0,0.0,0.15061020851135254,0.0,0.0,0.2183629870414734,0.6673076748847961,0.5673053860664368,0.5194681882858276,0.4586826264858246,0.9620081186294556,0.8918986916542053,0.8060871958732605,0.5399022698402405,0.0014988947659730911,0.00031960016349330544,6.42243612674065e-05,0.00042899581603705883,0.0006438628188334405,0.00012117657752241939,1.5155599612626247e-05,0.0001287015329580754,0.003106083022430539,0.0007003833306953311,0.0001876201422419399,0.0013253714423626661,0.5217198729515076,0.7808161973953247,0.6463456153869629,0.2731885015964508,-0.10432630032300949,1.4032968282699585,0.09699932485818863,0.4311615228652954,0.3887452483177185,0.5211111307144165,0.4319549798965454,0.4219130873680115,0.4472895562648773,0.4626047909259796,0.5069229006767273,0.3781723380088806,0.43923118710517883
68,0.014004255644977093,0.0,0.0,0.0,0.054871294647455215,0.0,0.0,0.13032189011573792,0.0,0.0,0.0,0.0,0.22789688408374786,0.0,0.0,0.0,0.27150771021842957,0.0,0.0,0.3013979494571686,0.09768367558717728,0.0,0.0,0.0,0.18756650388240814,0.0,0.0,0.18218977749347687,0.0,0.0,0.0,0.0,0.16581083834171295,0.0,0.0,0.0,0.15213564038276672,0.0,0.0,0.21461357176303864,0.6653845906257629,0.5554491281509399,0.519570529460907,0.47804388403892517,0.9735699892044067,0.8925408124923706,0.8038217425346375,0.6962445974349976,0.0014530386542901397,0.00032024679239839315,6.19222701061517e-05,0.0004450601409189403,0.0005594504182226956,0.00011952121712965891,1.4425260815187357e-05,0.00012671084550675005,0.002960833255201578,0.0007119626388885081,0.00018829155305866152,0.0014181181322783232,0.5213487148284912,0.8008025288581848,0.7041553854942322,0.29647254943847656,-0.21111172437667847,1.4133957624435425,0.14503392577171326,0.45140308141708374,0.4406622350215912,0.5223125219345093,0.4523215591907501,0.46398940682411194,0.4043494164943695,0.5705069899559021,0.5815825462341309,0.35080498456954956,0.4424954950809479
69,0.013798704370856285,0.0,0.0,0.0,0.0582091398537159,0.0,0.0,0.1261780560016632,0.0,0.0,0.0,0.0,0.21298764646053314,0.0,0.0,0.0,0.2799622118473053,0.0,0.0,0.3088642358779907,0.09777718037366867,0.0,0.0,0.0,0.18863780796527863,0.0,0.0,0.1809867024421692,0.0,0.0,0.0,0.0,0.16516558825969696,0.0,0.0,0.0,0.15316884219646454,0.0,0.0,0.2142638862133026,0.6499999761581421,0.5690618753433228,0.5189937949180603,0.4636726379394531,0.9747705459594727,0.9113693833351135,0.8128024339675903,0.6585755944252014,0.0013288934715092182,0.00030593620613217354,5.8335441281087697e-05,0.0004229558981023729,0.0005041901022195816,0.00011446131247794256,1.3477942047757097e-05,0.00012001949653495103,0.0028546005487442017,0.000687856343574822,0.00018138179439119995,0.0013693782966583967,0.5214183330535889,0.801815927028656,0.682603120803833,0.30151182413101196,-0.20501747727394104,1.4135656356811523,0.16681016981601715,0.4167199730873108,0.439302921295166,0.4040745794773102,0.45031964778900146,0.4743179976940155,0.3910909593105316,0.5832133889198303,0.5655064582824707,0.3599150478839874,0.3570581078529358
70,0.016075368970632553,0.0,0.0,0.0,0.06024298071861267,0.0,0.0,0.15410053730010986,0.0,0.0,0.0,0.0,0.22435611486434937,0.0,0.0,0.0,0.25545480847358704,0.0,0.0,0.2897702157497406,0.10214941948652267,0.0,0.0,0.0,0.19579783082008362,0.0,0.0,0.1849938929080963,0.0,0.0,0.0,0.0,0.1656249761581421,0.0,0.0,0.0,0.14683179557323456,0.0,0.0,0.20460210740566254,0.6442307829856873,0.5455489158630371,0.5042996406555176,0.451297402381897,0.9648711681365967,0.8936069011688232,0.7712961435317993,0.5726531147956848,0.0012495691189542413,0.00028746057068929076,5.448786760098301e-05,0.0003974354185629636,0.0005604878533631563,0.00010524876415729523,1.258029806194827e-05,0.00011285833898000419,0.00272159231826663,0.0006462615565396845,0.00016785805928520858,0.0012067529605701566,0.5062494277954102,0.7695825099945068,0.6254750490188599,0.2541678249835968,-0.2911832332611084,1.4801948070526123,0.15624482929706573,0.40255627036094666,0.4036240875720978,0.3602786362171173,0.3725581467151642,0.4959467351436615,0.38654112815856934,0.5346919298171997,0.5265670418739319,0.3544858396053314,0.3822779357433319
71,0.020433222874999046,0.0,0.0,0.0,0.06697418540716171,0.0,0.0,0.1379268616437912,0.0,0.0,0.0,0.0,0.21522797644138336,0.0,0.0,0.0,0.2530568838119507,0.0,0.0,0.30638086795806885,0.10461749881505966,0.0,0.0,0.0,0.1983250081539154,0.0,0.0,0.18406738340854645,0.0,0.0,0.0,0.0,0.1634272336959839,0.0,0.0,0.0,0.14620578289031982,0.0,0.0,0.20335710048675537,0.6153846383094788,0.5396806597709656,0.500646710395813,0.43512973189353943,0.9577314853668213,0.8980206847190857,0.7686318755149841,0.5576632618904114,0.0012362927664071321,0.00026954803615808487,5.2205177780706435e-05,0.00036895740777254105,0.0004629374307114631,0.00010000041220337152,1.2002114999631885e-05,0.00010224449215456843,0.00263444846495986,0.0006224123062565923,0.0001637607638258487,0.0011590172071009874,0.5022919178009033,0.7746668457984924,0.5517195463180542,0.24165242910385132,-0.3087618052959442,1.4871746301651,0.1633945107460022,0.3846766948699951,0.36971741914749146,0.3831704258918762,0.357047975063324,0.5784379839897156,0.3713129162788391,0.439832478761673,0.4855741858482361,0.4078057110309601,0.35206785798072815
72,0.01797325350344181,0.0,0.0,0.0,0.06749387085437775,0.0,0.0,0.12992262840270996,0.0,0.0,0.0,0.0,0.1980132907629013,0.0,0.0,0.0,0.25711262226104736,0.0,0.0,0.32948431372642517,0.10243719071149826,0.0,0.0,0.0,0.19374890625476837,0.0,0.0,0.18054036796092987,0.0,0.0,0.0,0.0,0.16373853385448456,0.0,0.0,0.0,0.15009208023548126,0.0,0.0,0.20944292843341827,0.5807692408561707,0.537245512008667,0.5118677020072937,0.4582834243774414,0.9591745734214783,0.9030994176864624,0.7878525853157043,0.6090148687362671,0.001182560808956623,0.00026373975561000407,5.0613351049833e-05,0.00037212783354334533,0.00046708094305358827,9.530862007522956e-05,1.1491171790112276e-05,9.685846453066915e-05,0.0025193532928824425,0.0006109593086875975,0.0001644995209062472,0.0012604998191818595,0.51280277967453,0.7846128344535828,0.6507638692855835,0.2764729857444763,-0.012931104749441147,1.4369471073150635,0.14228680729866028,0.35174840688705444,0.33023354411125183,0.4193897247314453,0.3990004360675812,0.5497719645500183,0.41362571716308594,0.4054080843925476,0.3839302957057953,0.42556196451187134,0.3559076189994812
73,0.016709834337234497,0.0,0.0,0.0,0.06008881703019142,0.0,0.0,0.1387280970811844,0.0,0.0,0.0,0.0,0.20028594136238098,0.0,0.0,0.0,0.26818451285362244,0.0,0.0,0.31600281596183777,0.1005166620016098,0.0,0.0,0.0,0.19127514958381653,0.0,0.0,0.18111933767795563,0.0,0.0,0.0,0.0,0.16591522097587585,0.0,0.0,0.0,0.15295952558517456,0.0,0.0,0.20821410417556763,0.574999988079071,0.5280638933181763,0.5165268778800964,0.4606786370277405,0.958306074142456,0.9009775519371033,0.8130916357040405,0.5892871022224426,0.0011011988390237093,0.00025913113495334983,4.8720594350015745e-05,0.0003822883008979261,0.0004660384147427976,9.212665463564917e-05,1.095402694772929e-05,9.064394544111565e-05,0.002379870507866144,0.0006073638214729726,0.00016495234740432352,0.0012914917897433043,0.5166187286376953,0.7844765186309814,0.6515882611274719,0.3024977743625641,-0.1451403796672821,1.424546718597412,0.12543803453445435,0.3568173050880432,0.3825239837169647,0.4122423529624939,0.4041820466518402,0.5448993444442749,0.41350579261779785,0.42006853222846985,0.3832346498966217,0.4238653779029846,0.3507390320301056
74,0.018306976184248924,0.0,0.0,0.0,0.06555276364088058,0.0,0.0,0.14055098593235016,0.0,0.0,0.0,0.0,0.21917936205863953,0.0,0.0,0.0,0.26483866572380066,0.0,0.0,0.2915711998939514,0.10460130125284195,0.0,0.0,0.0,0.1976662129163742,0.0,0.0,0.1856967806816101,0.0,0.0,0.0,0.0,0.16474905610084534,0.0,0.0,0.0,0.1479094922542572,0.0,0.0,0.1993771493434906,0.5249999761581421,0.5194011926651001,0.5013083815574646,0.4622754454612732,0.9383379220962524,0.8734331727027893,0.7736307382583618,0.6394291520118713,0.0010175351053476334,0.0002539280685596168,4.5970838982611895e-05,0.0003630954888649285,0.0004017761966679245,8.806075493339449e-05,1.0255975212203339e-05,8.79720100783743e-05,0.0020698443986475468,0.0005840904777869582,0.00015412108041346073,0.0011585158063098788,0.5019347071647644,0.7755895853042603,0.6176865696907043,0.2579578757286072,-0.1000911295413971,1.485456109046936,0.119212806224823,0.33372578024864197,0.4072039723396301,0.37532541155815125,0.3825558125972748,0.5112317800521851,0.38196462392807007,0.3894462585449219,0.36597058176994324,0.3890530467033386,0.3415488302707672
75,0.022956155240535736,0.0,0.0,0.0,0.08373058587312698,0.0,0.0,0.16711179912090302,0.0,0.0,0.0,0.0,0.2428617626428604,0.0,0.0,0.0,0.24325688183307648,0.0,0.0,0.24008281528949738,0.11038446426391602,0.0,0.0,0.0,0.21113663911819458,0.0,0.0,0.1940157264471054,0.0,0.0,0.0,0.0,0.1633206456899643,0.0,0.0,0.0,0.1369602084159851,0.0,0.0,0.1841823160648346,0.4923076927661896,0.5052295327186584,0.4737328588962555,0.42155686020851135,0.9123779535293579,0.8675662279129028,0.7110841274261475,0.549631655216217,0.0009600396733731031,0.00024322503304574639,4.293821984902024e-05,0.0003272190224379301,0.00035584508441388607,8.454865019302815e-05,9.554474672768265e-06,7.869975524954498e-05,0.001956032821908593,0.0005691581754945219,0.00014542430290021002,0.0010375153506174684,0.47497913241386414,0.7262024879455566,0.6440616250038147,0.19563527405261993,-0.32152336835861206,1.6240261793136597,0.12494222074747086,0.3344801664352417,0.39244216680526733,0.4102140963077545,0.40445587038993835,0.492339164018631,0.3372865319252014,0.41132721304893494,0.45686274766921997,0.34429478645324707,0.3652767539024353
76,0.025167709216475487,0.0,0.0,0.0,0.09597013890743256,0.0,0.0,0.17320206761360168,0.0,0.0,0.0,0.0,0.23077048361301422,0.0,0.0,0.0,0.2518092393875122,0.0,0.0,0.22308039665222168,0.1129465326666832,0.0,0.0,0.0,0.2141432762145996,0.0,0.0,0.1923350840806961,0.0,0.0,0.0,0.0,0.16320781409740448,0.0,0.0,0.0,0.13751770555973053,0.0,0.0,0.17984959483146667,0.5057692527770996,0.4962475001811981,0.4701023995876312,0.4359281361103058,0.9061019420623779,0.8533667922019958,0.7148699164390564,0.5183644890785217,0.0008719101897440851,0.00023840300855226815,4.1835824958980083e-05,0.00035340210888534784,0.0003322826523799449,8.236365829361603e-05,9.15846976567991e-06,7.700266723986715e-05,0.0018130028620362282,0.0005446740542538464,0.00014482042752206326,0.001099936431273818,0.4712675213813782,0.705661416053772,0.561076283454895,0.19863362610340118,-0.23762980103492737,1.6380308866500854,0.15932682156562805,0.30962255597114563,0.42788252234458923,0.3582208454608917,0.36471933126449585,0.4672752618789673,0.3566884994506836,0.42565906047821045,0.512842059135437,0.34779801964759827,0.3281902074813843
77,0.022902658209204674,0.0,0.0,0.0,0.0826251357793808,0.0,0.0,0.15439289808273315,0.0,0.0,0.0,0.0,0.22209346294403076,0.0,0.0,0.0,0.3032745122909546,0.0,0.0,0.21471136808395386,0.11322780698537827,0.0,0.0,0.0,0.21249550580978394,0.0,0.0,0.19196927547454834,0.0,0.0,0.0,0.0,0.16557231545448303,0.0,0.0,0.0,0.1383238434791565,0.0,0.0,0.17841126024723053,0.5115384459495544,0.4861477017402649,0.4724494516849518,0.4487025737762451,0.8914631605148315,0.8290616869926453,0.7283271551132202,0.6958653926849365,0.0008151864167302847,0.00023313825658988208,4.171744512859732e-05,0.0003779863764066249,0.0003560619952622801,8.091289055300876e-05,8.945509762270376e-06,7.521093357354403e-05,0.001861873548477888,0.0005327229737304151,0.00015177780005615205,0.0012453837553039193,0.473016619682312,0.7400801777839661,0.5554522275924683,0.21588875353336334,-0.1459621787071228,1.6424447298049927,0.1815769374370575,0.3482450246810913,0.403912216424942,0.37163859605789185,0.3262028098106384,0.4780166447162628,0.44576212763786316,0.5085179209709167,0.54816073179245,0.3264645040035248,0.3648495078086853
78,0.023223089054226875,0.0,0.0,0.0,0.07157368212938309,0.0,0.0,0.14424411952495575,0.0,0.0,0.0,0.0,0.25038424134254456,0.0,0.0,0.0,0.2560153901576996,0.0,0.0,0.2545594871044159,0.10907779633998871,0.0,0.0,0.0,0.21050404012203217,0.0,0.0,0.19167672097682953,0.0,0.0,0.0,0.0,0.1674330085515976,0.0,0.0,0.0,0.1429906040430069,0.0,0.0,0.1783178448677063,0.5019230842590332,0.48451098799705505,0.4791560769081116,0.4660678505897522,0.8695480227470398,0.8237963318824768,0.75236576795578,0.7364994883537292,0.0008096294477581978,0.00023156136739999056,4.0468650695402175e-05,0.00038172054337337613,0.00037529272958636284,8.052360499277711e-05,8.427924512943719e-06,7.314627873711288e-05,0.0015800227411091328,0.0005283311475068331,0.0001531271409476176,0.0013776605483144522,0.47934260964393616,0.7609606385231018,0.5485715866088867,0.24539892375469208,-0.07856104522943497,1.612219214439392,0.1824648082256317,0.37947744131088257,0.35709348320961,0.3702433109283447,0.3104799687862396,0.4277898371219635,0.4449940025806427,0.5218955278396606,0.5277006030082703,0.3042762279510498,0.3918137550354004
79,0.033889371901750565,0.0,0.0,0.0,0.09252579510211945,0.0,0.0,0.18548806011676788,0.0,0.0,0.0,0.0,0.23823238909244537,0.0,0.0,0.0,0.25117820501327515,0.0,0.0,0.1986861526966095,0.11654533445835114,0.0,0.0,0.0,0.21976329386234283,0.0,0.0,0.19515199959278107,0.0,0.0,0.0,0.0,0.16421404480934143,0.0,0.0,0.0,0.1347755789756775,0.0,0.0,0.16954973340034485,0.4615384638309479,0.4642714560031891,0.45952311158180237,0.43832334876060486,0.8432959318161011,0.8060312271118164,0.689128577709198,0.5546590685844421,0.0007934841560199857,0.0002203273179475218,3.7654688640031964e-05,0.00034042500192299485,0.000351014023181051,7.68063182476908e-05,7.867070962674916e-06,6.486277561634779e-05,0.0015554374549537897,0.0005112154176458716,0.00014108579489402473,0.0011484383139759302,0.45955508947372437,0.6880969405174255,0.6287134885787964,0.17522142827510834,-0.24474281072616577,1.6976779699325562,0.17978732287883759,0.32550808787345886,0.341275691986084,0.35847121477127075,0.2850326597690582,0.4059234857559204,0.4969307780265808,0.43524470925331116,0.5055291652679443,0.3618868589401245,0.3460195064544678
80,0.03469521552324295,0.0,0.0,0.0,0.1169147938489914,0.0,0.0,0.20523108541965485,0.0,0.0,0.0,0.0,0.2291429191827774,0.0,0.0,0.0,0.23168176412582397,0.0,0.0,0.182334303855896,0.12138375639915466,0.0,0.0,0.0,0.2299804389476776,0.0,0.0,0.19931937754154205,0.0,0.0,0.0,0.0,0.15912535786628723,0.0,0.0,0.0,0.12800078094005585,0.0,0.0,0.1621902883052826,0.4326923191547394,0.4430738687515259,0.44116854667663574,0.39540916681289673,0.8558485507965088,0.7979719638824463,0.6500758528709412,0.4266214966773987,0.00071279879193753,0.00021175220899749547,3.534600546117872e-05,0.0003140702028758824,0.0003445337642915547,7.326207560254261e-05,7.424980140058324e-06,6.353374919854105e-05,0.0014957417733967304,0.0004825261712539941,0.00013358343858271837,0.0009702086681500077,0.440737247467041,0.6431596279144287,0.6559567451477051,0.14027680456638336,-0.42254602909088135,1.773474097251892,0.17895619571208954,0.3477940857410431,0.3625071346759796,0.39622005820274353,0.29135650396347046,0.36793509125709534,0.5521137714385986,0.37574857473373413,0.453873872756958,0.3997562527656555,0.3222286105155945
81,0.034870825707912445,0.0,0.0,0.0,0.10897792875766754,0.0,0.0,0.1808074414730072,0.0,0.0,0.0,0.0,0.2398744374513626,0.0,0.0,0.0,0.24620749056339264,0.0,0.0,0.189261794090271,0.12178677320480347,0.0,0.0,0.0,0.2265561819076538,0.0,0.0,0.20014804601669312,0.0,0.0,0.0,0.0,0.1623602956533432,0.0,0.0,0.0,0.1292714923620224,0.0,0.0,0.159877210855484,0.3980769217014313,0.44590818881988525,0.4431835412979126,0.40998002886772156,0.8409613370895386,0.797782301902771,0.6888540983200073,0.5262719988822937,0.00064073596149683,0.00019688365864567459,3.412545265746303e-05,0.00031806700280867517,0.0002984428429044783,6.83343387208879e-05,7.008990905887913e-06,5.690992111340165e-05,0.0013178805820643902,0.0004501516814343631,0.00013236116501502693,0.001041974639520049,0.4429015815258026,0.675343930721283,0.5754011869430542,0.16923131048679352,-0.22285109758377075,1.770206093788147,0.11695163697004318,0.38926979899406433,0.3176899254322052,0.3783899247646332,0.312624990940094,0.3453214764595032,0.4528886675834656,0.3708667755126953,0.3858344554901123,0.4009561836719513,0.3122183382511139
82,0.03089522197842598,0.0,0.0,0.0,0.10248841345310211,0.0,0.0,0.18688786029815674,0.0,0.0,0.0,0.0,0.25200527906417847,0.0,0.0,0.0,0.2475101351737976,0.0,0.0,0.1802130937576294,0.1210147887468338,0.0,0.0,0.0,0.2269245982170105,0.0,0.0,0.2030375450849533,0.0,0.0,0.0,0.0,0.1637357622385025,0.0,0.0,0.0,0.12893614172935486,0.0,0.0,0.15635116398334503,0.3403846025466919,0.42475050687789917,0.4419900178909302,0.4113772213459015,0.7794232964515686,0.7720505595207214,0.6921685338020325,0.5878117084503174,0.0005961144343018532,0.00018681692017707974,3.322939301142469e-05,0.00033168098889291286,0.0002758256741799414,6.486220081569627e-05,6.7194682742410805e-06,5.622425669571385e-05,0.001243740669451654,0.0004322977620176971,0.0001311808591708541,0.001078992267139256,0.4405099153518677,0.6797276139259338,0.5383607745170593,0.17426806688308716,-0.2838868200778961,1.788041591644287,0.12985637784004211,0.3753305673599243,0.28172796964645386,0.34659475088119507,0.3322315216064453,0.38400503993034363,0.46536070108413696,0.39410093426704407,0.3604423701763153,0.4174520969390869,0.33805766701698303
83,0.027597730979323387,0.0,0.0,0.0,0.10036581009626389,0.0,0.0,0.18244615197181702,0.0,0.0,0.0,0.0,0.23889145255088806,0.0,0.0,0.0,0.2573217749595642,0.0,0.0,0.19337709248065948,0.12238074839115143,0.0,0.0,0.0,0.22825033962726593,0.0,0.0,0.20260991156101227,0.0,0.0,0.0,0.0,0.16383953392505646,0.0,0.0,0.0,0.12863479554653168,0.0,0.0,0.15428467094898224,0.33269229531288147,0.4221556782722473,0.4397353529930115,0.41596806049346924,0.7710996866226196,0.7879816293716431,0.7106074690818787,0.5749475955963135,0.0005913277855142951,0.0001893523003673181,3.2208816264756024e-05,0.00031970604322850704,0.00027662632055580616,6.214641325641423e-05,6.392512659658678e-06,5.191174568608403e-05,0.0011932995403185487,0.0004290913639124483,0.0001302846212638542,0.001092093763872981,0.438308447599411,0.6895902752876282,0.48489564657211304,0.17991361021995544,-0.18182450532913208,1.7913031578063965,0.10172651708126068,0.35268646478652954,0.2895573675632477,0.36216551065444946,0.32462185621261597,0.3569304347038269,0.4046071171760559,0.4252251088619232,0.34506890177726746,0.38718611001968384,0.36120298504829407
84,0.024250473827123642,0.0,0.0,0.0,0.08564309775829315,0.0,0.0,0.1875765025615692,0.0,0.0,0.0,0.0,0.24549272656440735,0.0,0.0,0.0,0.2430000603199005,0.0,0.0,0.21403707563877106,0.12068517506122589,0.0,0.0,0.0,0.22661682963371277,0.0,0.0,0.20164626836776733,0.0,0.0,0.0,0.0,0.16591256856918335,0.0,0.0,0.0,0.1292734593153,0.0,0.0,0.15586571395397186,0.3499999940395355,0.41445109248161316,0.444539338350296,0.4393213391304016,0.7763605713844299,0.7681962251663208,0.7143834829330444,0.6421183347702026,0.0006114575662650168,0.00018670423014555126,3.1242092518368736e-05,0.00033770783920772374,0.0002511789498385042,5.898181916563772e-05,6.048935574654024e-06,5.048488310421817e-05,0.001293673412874341,0.00042440631659701467,0.00013141879753675312,0.0012303140247240663,0.4426162540912628,0.7025312781333923,0.5291582345962524,0.1966014951467514,-0.1283617615699768,1.775831937789917,0.12523601949214935,0.328389436006546,0.30558082461357117,0.34867116808891296,0.3140515089035034,0.41351887583732605,0.3913041055202484,0.4417533576488495,0.31590989232063293,0.39906930923461914,0.346455454826355
85,0.0321008525788784,0.0,0.0,0.0,0.1181967481970787,0.0,0.0,0.195310577750206,0.0,0.0,0.0,0.0,0.25050297379493713,0.0,0.0,0.0,0.24713443219661713,0.0,0.0,0.1567542999982834,0.12404976785182953,0.0,0.0,0.0,0.23187710344791412,0.0,0.0,0.20302513241767883,0.0,0.0,0.0,0.0,0.16404683887958527,0.0,0.0,0.0,0.12670190632343292,0.0,0.0,0.15029925107955933,0.32499998807907104,0.39864271879196167,0.43519851565361023,0.4263472855091095,0.7619366645812988,0.7426593899726868,0.6727409362792969,0.558893620967865,0.0005763025255873799,0.00018159649334847927,3.052641841350123e-05,0.00033352209720760584,0.000263742171227932,5.771634459961206e-05,5.743900146626402e-06,4.973334580427036e-05,0.0012125972425565124,0.0004189196915831417,0.00012759902165271342,0.0011532068019732833,0.43283846974372864,0.6543909311294556,0.49308520555496216,0.1650153398513794,-0.16625306010246277,1.8378134965896606,0.1111907958984375,0.31282779574394226,0.3205563724040985,0.3466375470161438,0.2993808686733246,0.41115647554397583,0.3796941339969635,0.3893601894378662,0.3393057882785797,0.3482682406902313,0.4214520752429962
86,0.03167885169386864,0.0,0.0,0.0,0.1139586791396141,0.0,0.0,0.21690905094146729,0.0,0.0,0.0,0.0,0.2654837667942047,0.0,0.0,0.0,0.22811457514762878,0.0,0.0,0.1438550502061844,0.12669357657432556,0.0,0.0,0.0,0.2354964166879654,0.0,0.0,0.20532868802547455,0.0,0.0,0.0,0.0,0.1640138179063797,0.0,0.0,0.0,0.12277931720018387,0.0,0.0,0.14568816125392914,0.3365384638309479,0.40730538964271545,0.4258926510810852,0.4033932089805603,0.7894779443740845,0.7504618167877197,0.6539698243141174,0.5093888640403748,0.0005885025602765381,0.0001796655124053359,2.939839760074392e-05,0.0002971779031213373,0.0002718946780078113,5.53812860744074e-05,5.474936187965795e-06,4.4711294322041795e-05,0.0011628929059952497,0.00040974572766572237,0.00012219618656672537,0.0010043077636510134,0.4244432747364044,0.6374536752700806,0.5304003357887268,0.144159197807312,-0.20473557710647583,1.8910404443740845,0.12073897570371628,0.3253232538700104,0.33342236280441284,0.31529301404953003,0.28643742203712463,0.4032064378261566,0.35217806696891785,0.34056827425956726,0.38040271401405334,0.3449001610279083,0.4401456415653229
87,0.03677411004900932,0.0,0.0,0.0,0.1183035671710968,0.0,0.0,0.20970185101032257,0.0,0.0,0.0,0.0,0.2521059811115265,0.0,0.0,0.0,0.2369430810213089,0.0,0.0,0.14617140591144562,0.12927301228046417,0.0,0.0,0.0,0.2415555864572525,0.0,0.0,0.205093115568161,0.0,0.0,0.0,0.0,0.1612686663866043,0.0,0.0,0.0,0.12119493633508682,0.0,0.0,0.14161467552185059,0.32692307233810425,0.3983233571052551,0.4178277254104614,0.3888223469257355,0.7890211343765259,0.7269040942192078,0.6470106840133667,0.5298779010772705,0.0005531200440600514,0.0001700947614153847,2.8295875381445512e-05,0.00028091599233448505,0.000242014488321729,5.316465103533119e-05,5.188458544580499e-06,4.330943920649588e-05,0.0011055022478103638,0.00038532112375833094,0.00011559735867194831,0.000931018847040832,0.41624757647514343,0.6352206468582153,0.4301024079322815,0.13225974142551422,-0.204570472240448,1.9354578256607056,0.13031986355781555,0.321647047996521,0.35956907272338867,0.2612205743789673,0.3002689480781555,0.4406205415725708,0.3447232246398926,0.32201388478279114,0.3262203335762024,0.35437700152397156,0.3476598858833313
88,0.0350189208984375,0.0,0.0,0.0,0.12096025794744492,0.0,0.0,0.22424644231796265,0.0,0.0,0.0,0.0,0.2689093351364136,0.0,0.0,0.0,0.22405119240283966,0.0,0.0,0.1268138438463211,0.13024109601974487,0.0,0.0,0.0,0.24366530776023865,0.0,0.0,0.2099086344242096,0.0,0.0,0.0,0.0,0.16102953255176544,0.0,0.0,0.0,0.11782458424568176,0.0,0.0,0.13733084499835968,0.3442307710647583,0.38139721751213074,0.4104344844818115,0.398203581571579,0.7495346665382385,0.7197636365890503,0.6222127676010132,0.5383716821670532,0.0005942818825133145,0.00016542243247386068,2.7419304387876764e-05,0.00028364616446197033,0.00022455939324572682,5.065146979177371e-05,4.841922873310978e-06,4.033420191262849e-05,0.0011547738686203957,0.00037589308340102434,0.00011375336180208251,0.0009439758723601699,0.40852510929107666,0.6197742223739624,0.45433712005615234,0.13254183530807495,-0.2698644995689392,1.968429446220398,0.1619306057691574,0.3303695619106293,0.3274184763431549,0.24403154850006104,0.3154531717300415,0.47269338369369507,0.30226805806159973,0.33438512682914734,0.31973281502723694,0.34456899762153625,0.34623825550079346
89,0.023179782554507256,0.0,0.0,0.0,0.08138389140367508,0.0,0.0,0.1803617924451828,0.0,0.0,0.0,0.0,0.25315845012664795,0.0,0.0,0.0,0.29205214977264404,0.0,0.0,0.16986384987831116,0.12343502789735794,0.0,0.0,0.0,0.23034241795539856,0.0,0.0,0.2065647393465042,0.0,0.0,0.0,0.0,0.16904553771018982,0.0,0.0,0.0,0.12785641849040985,0.0,0.0,0.14275586605072021,0.42115384340286255,0.4223153591156006,0.43202248215675354,0.44451096653938293,0.8042158484458923,0.7936561107635498,0.7064420580863953,0.6802799701690674,0.0006809954065829515,0.00017027115973178297,2.758273512881715e-05,0.0002992883964907378,0.0002912954078055918,5.2475159463938326e-05,4.624675511877285e-06,3.897701753885485e-05,0.001239684410393238,0.0003897711867466569,0.00012005052121821791,0.0010580909438431263,0.4315904378890991,0.7150744795799255,0.48611828684806824,0.20774462819099426,-0.10030575096607208,1.8393499851226807,0.18965579569339752,0.3072584271430969,0.32538169622421265,0.27099132537841797,0.33061790466308594,0.5045590996742249,0.29102396965026855,0.3026379346847534,0.2843286991119385,0.34818437695503235,0.33774468302726746
90,0.025765435770154,0.0,0.0,0.0,0.09479176998138428,0.0,0.0,0.20234902203083038,0.0,0.0,0.0,0.0,0.26785022020339966,0.0,0.0,0.0,0.26498764753341675,0.0,0.0,0.14425590634346008,0.1284160017967224,0.0,0.0,0.0,0.2382289320230484,0.0,0.0,0.20748849213123322,0.0,0.0,0.0,0.0,0.1646626740694046,0.0,0.0,0.0,0.12193375825881958,0.0,0.0,0.13927015662193298,0.4307692348957062,0.3950898349285126,0.41947317123413086,0.4167664647102356,0.8067908883094788,0.7732888460159302,0.6724386215209961,0.6093185544013977,0.000679143238812685,0.00016116586630232632,2.67043178610038e-05,0.0002707770327106118,0.00027435849187895656,5.005847197026014e-05,4.40515395894181e-06,3.755962097784504e-05,0.0012476110132411122,0.00036665896186605096,0.0001151296601165086,0.0009342963458038867,0.41803842782974243,0.6770932078361511,0.4916110932826996,0.16595128178596497,-0.19581426680088043,1.9044677019119263,0.15091782808303833,0.2969193756580353,0.3128448724746704,0.2848946154117584,0.33668044209480286,0.45050856471061707,0.3074280023574829,0.3227519094944,0.2744431793689728,0.30511224269866943,0.3765871226787567
91,0.022116392850875854,0.0,0.0,0.0,0.0892871618270874,0.0,0.0,0.18224169313907623,0.0,0.0,0.0,0.0,0.24816298484802246,0.0,0.0,0.0,0.2920227646827698,0.0,0.0,0.16616898775100708,0.12477521598339081,0.0,0.0,0.0,0.23348858952522278,0.0,0.0,0.205063134431839,0.0,0.0,0.0,0.0,0.1667552888393402,0.0,0.0,0.0,0.12790629267692566,0.0,0.0,0.14201149344444275,0.44999998807907104,0.39409181475639343,0.4307665526866913,0.4315369129180908,0.8202002048492432,0.7805917263031006,0.706506073474884,0.6548887491226196,0.0006928161019459367,0.00015743439143989235,2.615428456920199e-05,0.00027517342823557556,0.00030488832271657884,4.861360139329918e-05,4.195488145342097e-06,3.7068326491862535e-05,0.0012072589015588164,0.0003610136918723583,0.00011396617628633976,0.0009700326481834054,0.4286675453186035,0.7063562273979187,0.5608488917350769,0.1912982314825058,-0.16673672199249268,1.851963996887207,0.18072454631328583,0.2562374174594879,0.2986759543418884,0.3024751543998718,0.28911536931991577,0.4597965180873871,0.2696973383426666,0.3078545928001404,0.2844228148460388,0.2967158854007721,0.37224847078323364
92,0.03797217085957527,0.0,0.0,0.0,0.11217699199914932,0.0,0.0,0.21884405612945557,0.0,0.0,0.0,0.0,0.2563839852809906,0.0,0.0,0.0,0.2286890596151352,0.0,0.0,0.14593371748924255,0.12903599441051483,0.0,0.0,0.0,0.24269361793994904,0.0,0.0,0.20787963271141052,0.0,0.0,0.0,0.0,0.16029603779315948,0.0,0.0,0.0,0.12054812163114548,0.0,0.0,0.13954658806324005,0.3980769217014313,0.36331337690353394,0.41594257950782776,0.4017964005470276,0.7439436912536621,0.7008403539657593,0.6485746502876282,0.5204247236251831,0.0006702420068904757,0.00014819379430264235,2.5086063033086248e-05,0.00026284047635272145,0.0002888395974878222,4.5075794332660735e-05,3.950969130528392e-06,3.500652746879496e-05,0.0011863817926496267,0.00033531791996210814,0.00010564208787400275,0.0008424900588579476,0.412698358297348,0.6310104131698608,0.5780834555625916,0.12765266001224518,-0.2918505370616913,1.941412329673767,0.20104733109474182,0.24962127208709717,0.2852194905281067,0.29123377799987793,0.2720285952091217,0.444698303937912,0.26129457354545593,0.2648046314716339,0.25420433282852173,0.2772153913974762,0.37734121084213257
93,0.031317539513111115,0.0,0.0,0.0,0.09609268605709076,0.0,0.0,0.18238036334514618,0.0,0.0,0.0,0.0,0.25397205352783203,0.0,0.0,0.0,0.25578179955482483,0.0,0.0,0.18045559525489807,0.1245613843202591,0.0,0.0,0.0,0.23384883999824524,0.0,0.0,0.20501647889614105,0.0,0.0,0.0,0.0,0.16481611132621765,0.0,0.0,0.0,0.12864214181900024,0.0,0.0,0.14311504364013672,0.428846150636673,0.39209580421447754,0.43112361431121826,0.4091816246509552,0.7678042054176331,0.7410764098167419,0.7216329574584961,0.5671278238296509,0.0007040398777462542,0.00015364782302640378,2.5041881599463522e-05,0.00025900622131302953,0.0003008981002494693,4.612583506968804e-05,3.701242349052336e-06,3.209767601219937e-05,0.001233489252626896,0.0003528975648805499,0.00010851741535589099,0.000865558220539242,0.42859795689582825,0.6902111172676086,0.5362702012062073,0.16958260536193848,-0.24129503965377808,1.9026685953140259,0.23063871264457703,0.23568157851696014,0.26500093936920166,0.2988981008529663,0.25047898292541504,0.4451911747455597,0.2817099988460541,0.2528112828731537,0.2631007134914398,0.2525573670864105,0.4073968529701233
94,0.02661808393895626,0.0,0.0,0.0,0.09484168142080307,0.0,0.0,0.19478927552700043,0.0,0.0,0.0,0.0,0.2695794701576233,0.0,0.0,0.0,0.25261029601097107,0.0,0.0,0.16156120598316193,0.12320876121520996,0.0,0.0,0.0,0.23422352969646454,0.0,0.0,0.20783667266368866,0.0,0.0,0.0,0.0,0.16673006117343903,0.0,0.0,0.0,0.1272844523191452,0.0,0.0,0.1407165229320526,0.48461538553237915,0.39009979367256165,0.42909863591194153,0.4227544665336609,0.8355634212493896,0.7423267960548401,0.7137174010276794,0.569963276386261,0.000726542086340487,0.00015820248518139124,2.5837111024884507e-05,0.00028329866472631693,0.00031248293817043304,4.6495115384459496e-05,3.613271701397025e-06,3.1458399462280795e-05,0.0012236941838636994,0.00036779511719942093,0.00011349473061272874,0.0009857899276539683,0.4268256723880768,0.6837528944015503,0.5237624645233154,0.1812696009874344,-0.21571196615695953,1.887218952178955,0.2371913343667984,0.22313714027404785,0.288725346326828,0.3121449947357178,0.28191646933555603,0.44946664571762085,0.38784804940223694,0.2636069357395172,0.237379789352417,0.26756009459495544,0.41802725195884705
95,0.034792277961969376,0.0,0.0,0.0,0.11101323366165161,0.0,0.0,0.20027799904346466,0.0,0.0,0.0,0.0,0.2563842833042145,0.0,0.0,0.0,0.2412947416305542,0.0,0.0,0.15623746812343597,0.12834252417087555,0.0,0.0,0.0,0.241512268781662,0.0,0.0,0.20936639606952667,0.0,0.0,0.0,0.0,0.16349366307258606,0.0,0.0,0.0,0.12196579575538635,0.0,0.0,0.13531935214996338,0.47884616255760193,0.37780439853668213,0.41550564765930176,0.3942115604877472,0.8448075652122498,0.7116479277610779,0.6799713969230652,0.5233492851257324,0.0007219434482976794,0.00015117364819161594,2.4772318283794448e-05,0.00025493043358437717,0.00030423270072788,4.3942265619989485e-05,3.381994247320108e-06,2.9674680263269693e-05,0.0012561649782583117,0.00034866828355006874,0.00010791613021865487,0.0008512130007147789,0.41314375400543213,0.6539199352264404,0.5395292043685913,0.14878444373607635,-0.26817020773887634,1.9579867124557495,0.21303591132164001,0.2049030214548111,0.31414762139320374,0.27542218565940857,0.30944129824638367,0.40592774748802185,0.3654388189315796,0.3136182427406311,0.21518203616142273,0.27013319730758667,0.39827388525009155
96,0.038127146661281586,0.0,0.0,0.0,0.12146347761154175,0.0,0.0,0.22195053100585938,0.0,0.0,0.0,0.0,0.2679770290851593,0.0,0.0,0.0,0.21819576621055603,0.0,0.0,0.13228610157966614,0.133541077375412,0.0,0.0,0.0,0.2486450970172882,0.0,0.0,0.21090158820152283,0.0,0.0,0.0,0.0,0.16165262460708618,0.0,0.0,0.0,0.11535917222499847,0.0,0.0,0.12990044057369232,0.42500001192092896,0.3462275564670563,0.4031510651111603,0.3754490911960602,0.7806994318962097,0.6537250876426697,0.6454197764396667,0.49201199412345886,0.0006756669608876109,0.00014585774624720216,2.397949356236495e-05,0.00024401929113082588,0.0002756189205683768,4.311954398872331e-05,3.177023927491973e-06,2.8247046429896727e-05,0.0011896847281605005,0.0003307988226879388,0.0001026073659886606,0.0007660429691895843,0.39954766631126404,0.6184595823287964,0.478035032749176,0.11804600805044174,-0.2640913724899292,2.0380773544311523,0.20543935894966125,0.2218865305185318,0.29082033038139343,0.2620873749256134,0.29263249039649963,0.39238226413726807,0.3750787675380707,0.31945690512657166,0.20756025612354279,0.2955981194972992,0.39358749985694885
97,0.03429415076971054,0.0,0.0,0.0,0.12099014967679977,0.0,0.0,0.23427985608577728,0.0,0.0,0.0,0.0,0.25981462001800537,0.0,0.0,0.0,0.22158747911453247,0.0,0.0,0.12903383374214172,0.13511782884597778,0.0,0.0,0.0,0.2514379322528839,0.0,0.0,0.2107764482498169,0.0,0.0,0.0,0.0,0.16024839878082275,0.0,0.0,0.0,0.1138824000954628,0.0,0.0,0.12853696942329407,0.4730769097805023,0.34483033418655396,0.3987465798854828,0.3766466975212097,0.8452106714248657,0.6672694087028503,0.6297308206558228,0.4628734886646271,0.000622095656581223,0.0001450066629331559,2.2873138732393272e-05,0.0002359741774853319,0.00027855695225298405,4.205940422252752e-05,2.986280833283672e-06,2.6732954211183824e-05,0.0011809093412011862,0.00031916561420075595,9.684675751486793e-05,0.0007248200126923621,0.3954463303089142,0.6104361414909363,0.46312570571899414,0.11257815361022949,-0.29597207903862,2.0757856369018555,0.1518045961856842,0.23454786837100983,0.2848226726055145,0.2531997859477997,0.3084183931350708,0.34905892610549927,0.3304253816604614,0.3312307298183441,0.21457917988300323,0.2828184962272644,0.3399863839149475
98,0.0468442365527153,0.0,0.0,0.0,0.1390075832605362,0.0,0.0,0.22598247230052948,0.0,0.0,0.0,0.0,0.25527721643447876,0.0,0.0,0.0,0.2176857739686966,0.0,0.0,0.11520272493362427,0.13559749722480774,0.0,0.0,0.0,0.2533716857433319,0.0,0.0,0.2133483588695526,0.0,0.0,0.0,0.0,0.1604665368795395,0.0,0.0,0.0,0.1113874614238739,0.0,0.0,0.12582845985889435,0.39038461446762085,0.3456287384033203,0.39365795254707336,0.3690618574619293,0.7963828444480896,0.6584822535514832,0.6214543581008911,0.41746917366981506,0.00059858663007617,0.00014356893370859325,2.286634480697103e-05,0.0002409641456324607,0.0002471614279784262,4.317924322094768e-05,2.8413028303475585e-06,2.738029434112832e-05,0.0011940583353862166,0.0003230601141694933,9.727707947604358e-05,0.0007519271457567811,0.39057716727256775,0.5881651043891907,0.5226064324378967,0.10774195194244385,-0.2633090615272522,2.116922616958618,0.20932944118976593,0.2580692172050476,0.28317204117774963,0.21624359488487244,0.3143070638179779,0.3400748670101166,0.31941184401512146,0.4427928030490875,0.2282818704843521,0.27821704745292664,0.3578834533691406
99,0.03722754493355751,0.0,0.0,0.0,0.13064131140708923,0.0,0.0,0.23326902091503143,0.0,0.0,0.0,0.0,0.2640441060066223,0.0,0.0,0.0,0.22578255832195282,0.0,0.0,0.1090354323387146,0.13491202890872955,0.0,0.0,0.0,0.25105398893356323,0.0,0.0,0.2142673283815384,0.0,0.0,0.0,0.0,0.16062845289707184,0.0,0.0,0.0,0.11431857943534851,0.0,0.0,0.12481960654258728,0.4000000059604645,0.3487824499607086,0.39564794301986694,0.37005987763404846,0.779613733291626,0.6872537732124329,0.6401386260986328,0.43473246693611145,0.0006245044060051441,0.00015121317119337618,2.329892959096469e-05,0.0002422179386485368,0.00023323990171775222,4.3713436753023416e-05,2.7091048195870826e-06,2.622951978992205e-05,0.001238422468304634,0.0003431923105381429,0.00010155635391129181,0.0008198476280085742,0.39263248443603516,0.5988600254058838,0.571049153804779,0.1302710920572281,-0.28713348507881165,2.0650570392608643,0.20796191692352295,0.3020688593387604,0.257526159286499,0.2055770456790924,0.30778878927230835,0.3176864683628082,0.3041772246360779,0.42914026975631714,0.24392974376678467,0.33661457896232605,0.4032107889652252
100,0.03400744870305061,0.0,0.0,0.0,0.11482036113739014,0.0,0.0,0.2257622331380844,0.0,0.0,0.0,0.0,0.2669830918312073,0.0,0.0,0.0,0.2430044263601303,0.0,0.0,0.11542243510484695,0.13424783945083618,0.0,0.0,0.0,0.25149741768836975,0.0,0.0,0.2123354971408844,0.0,0.0,0.0,0.0,0.16170912981033325,0.0,0.0,0.0,0.11628121137619019,0.0,0.0,0.12392889708280563,0.39423078298568726,0.36582833528518677,0.3967740535736084,0.37804388999938965,0.7573636174201965,0.7012499570846558,0.6456156969070435,0.5176629424095154,0.0006410109344869852,0.00014725209621246904,2.2955782696953975e-05,0.00023907574359327555,0.0002472688793204725,4.309771247790195e-05,2.5255169475713046e-06,2.6018795324489474e-05,0.0012462937738746405,0.00033820964745245874,9.97267197817564e-05,0.000809165823739022,0.3947550654411316,0.6254087686538696,0.5533769726753235,0.1408010721206665,-0.3934473395347595,2.050198554992676,0.20276467502117157,0.2698442339897156,0.22953590750694275,0.20351631939411163,0.2939841151237488,0.3259710669517517,0.271107941865921,0.41036558151245117,0.26316356658935547,0.3268558979034424,0.37292829155921936
101,0.050615470856428146,0.0,0.0,0.0,0.14072398841381073,0.0,0.0,0.2379511296749115,0.0,0.0,0.0,0.0,0.26188668608665466,0.0,0.0,0.0,0.20327846705913544,0.0,0.0,0.1055443212389946,0.13917525112628937,0.0,0.0,0.0,0.2588050365447998,0.0,0.0,0.21273761987686157,0.0,0.0,0.0,0.0,0.15669909119606018,0.0,0.0,0.0,0.11061515659093857,0.0,0.0,0.1219678670167923,0.4057692289352417,0.34419161081314087,0.38502123951911926,0.35868263244628906,0.7432648539543152,0.6575366258621216,0.5836596488952637,0.4398486316204071,0.0006577190943062305,0.0001370621903333813,2.2379070287570357e-05,0.00022343048476614058,0.00025928262039087713,3.948364610550925e-05,2.3723528101982083e-06,2.393952672719024e-05,0.0011774123413488269,0.00031036202562972903,9.451759251533076e-05,0.0007076645852066576,0.3823675513267517,0.5707077383995056,0.44678112864494324,0.09362682700157166,-0.3233272433280945,2.1212317943573,0.19366611540317535,0.24644392728805542,0.2363520860671997,0.221380814909935,0.25244882702827454,0.31631165742874146,0.24474011361598969,0.4128795266151428,0.28073328733444214,0.33133625984191895,0.30072563886642456
102,0.035757675766944885,0.0,0.0,0.0,0.12823164463043213,0.0,0.0,0.25958502292633057,0.0,0.0,0.0,0.0,0.28158703446388245,0.0,0.0,0.0,0.18770256638526917,0.0,0.0,0.107136070728302,0.1384207308292389,0.0,0.0,0.0,0.2562445104122162,0.0,0.0,0.21454280614852905,0.0,0.0,0.0,0.0,0.15839891135692596,0.0,0.0,0.0,0.11112344264984131,0.0,0.0,0.121269591152668,0.4365384578704834,0.3422355353832245,0.3867241144180298,0.3558882176876068,0.7780661582946777,0.6377663612365723,0.5983875393867493,0.4456469714641571,0.0006614300655201077,0.00013625508290715516,2.275385122629814e-05,0.00023096620861906558,0.0002600802108645439,3.959630339522846e-05,2.2754916244593915e-06,2.437223884044215e-05,0.0011961060808971524,0.00030852179042994976,9.637667244533077e-05,0.0007038594922050834,0.3838405907154083,0.5764262080192566,0.5019153356552124,0.09991735219955444,-0.4095120429992676,2.0974960327148438,0.11606159806251526,0.27460435032844543,0.2585299611091614,0.2480146586894989,0.26261618733406067,0.30793920159339905,0.2708759307861328,0.3556423783302307,0.2666465640068054,0.3061864972114563,0.3309495151042938
103,0.03687715157866478,0.0,0.0,0.0,0.11845938116312027,0.0,0.0,0.2338510900735855,0.0,0.0,0.0,0.0,0.2683175206184387,0.0,0.0,0.0,0.21581946313381195,0.0,0.0,0.12667539715766907,0.1339675337076187,0.0,0.0,0.0,0.2523735463619232,0.0,0.0,0.21261359751224518,0.0,0.0,0.0,0.0,0.1605253517627716,0.0,0.0,0.0,0.11643631756305695,0.0,0.0,0.12408364564180374,0.48461538553237915,0.3661077916622162,0.39599502086639404,0.35728541016578674,0.8577219247817993,0.6808329820632935,0.6411053538322449,0.4546169638633728,0.0006665198598057032,0.0001503738749306649,2.36856776609784e-05,0.0002450874890200794,0.0002704189100768417,4.284382157493383e-05,2.198587480961578e-06,2.4768021830823272e-05,0.0012576521839946508,0.00034887390211224556,0.00010304089664714411,0.0007757942075841129,0.3939152956008911,0.6108094453811646,0.4837118089199066,0.1349886655807495,-0.29251348972320557,2.012108564376831,0.16482676565647125,0.253827840089798,0.24575459957122803,0.21283598244190216,0.31013333797454834,0.33117368817329407,0.2774609625339508,0.3667956292629242,0.2505686581134796,0.31314393877983093,0.349805623292923
104,0.025585761293768883,0.0,0.0,0.0,0.0900406688451767,0.0,0.0,0.20414407551288605,0.0,0.0,0.0,0.0,0.26973238587379456,0.0,0.0,0.0,0.2649087607860565,0.0,0.0,0.14558836817741394,0.13010117411613464,0.0,0.0,0.0,0.24457292258739471,0.0,0.0,0.21225132048130035,0.0,0.0,0.0,0.0,0.16659581661224365,0.0,0.0,0.0,0.12136068940162659,0.0,0.0,0.12511807680130005,0.5461538434028625,0.3957684636116028,0.4064694344997406,0.38323351740837097,0.8962952494621277,0.7615139484405518,0.6932235360145569,0.5813388824462891,0.000733469205442816,0.0001556215574964881,2.3949589376570657e-05,0.0002537979744374752,0.0002995371469296515,4.285311297280714e-05,2.089287818307639e-06,2.498798130545765e-05,0.001253961119800806,0.0003667629207484424,0.000107195955934003,0.0008399494690820575,0.4057460427284241,0.6802268028259277,0.5855231881141663,0.18156136572360992,-0.07735315710306168,1.9730465412139893,0.17781220376491547,0.2735348641872406,0.2822520136833191,0.19248110055923462,0.2921617329120636,0.3755449950695038,0.29757142066955566,0.3406233489513397,0.22543689608573914,0.3204277455806732,0.34149259328842163
105,0.05577040836215019,0.0,0.0,0.0,0.13293932378292084,0.0,0.0,0.24188557267189026,0.0,0.0,0.0,0.0,0.25666341185569763,0.0,0.0,0.0,0.20755347609519958,0.0,0.0,0.10518784821033478,0.14143724739551544,0.0,0.0,0.0,0.2617752254009247,0.0,0.0,0.21588338911533356,0.0,0.0,0.0,0.0,0.15561994910240173,0.0,0.0,0.0,0.10835375636816025,0.0,0.0,0.11693044006824493,0.4673076868057251,0.3309381306171417,0.377093642950058,0.348103791475296,0.8294562697410583,0.6466851234436035,0.591523289680481,0.40952175855636597,0.0006939005106687546,0.00013491959543898702,2.244298048026394e-05,0.00024109610239975154,0.0002696715819183737,3.8515168853336945e-05,1.9699855329236016e-06,2.440901516820304e-05,0.0011977622052654624,0.00030990049708634615,9.681869414635003e-05,0.0007504570530727506,0.3741834759712219,0.5694016814231873,0.5282387137413025,0.1046886220574379,-0.35714757442474365,2.149479627609253,0.17887242138385773,0.25248610973358154,0.2801419496536255,0.20521721243858337,0.2524944245815277,0.34835752844810486,0.37349483370780945,0.34006452560424805,0.2439095824956894,0.3401918411254883,0.3014889061450958
106,0.05090785026550293,0.0,0.0,0.0,0.1514899730682373,0.0,0.0,0.2515440285205841,0.0,0.0,0.0,0.0,0.2662118077278137,0.0,0.0,0.0,0.1885974407196045,0.0,0.0,0.09124893695116043,0.14376859366893768,0.0,0.0,0.0,0.26774024963378906,0.0,0.0,0.21518535912036896,0.0,0.0,0.0,0.0,0.15398582816123962,0.0,0.0,0.0,0.10469185560941696,0.0,0.0,0.11462809890508652,0.5,0.3137724697589874,0.37020474672317505,0.3409181535243988,0.8571492433547974,0.6386892199516296,0.5656726360321045,0.35552138090133667,0.0006653141463175416,0.00012628250988200307,2.1428661057143472e-05,0.00023430190049111843,0.00029144511790946126,3.6640769394580275e-05,1.8918422028946225e-06,2.45260071096709e-05,0.0011810666183009744,0.0002867431321647018,9.066553320735693e-05,0.000708818668499589,0.36674168705940247,0.5460537672042847,0.4058542847633362,0.09027889370918274,-0.2590160667896271,2.2098867893218994,0.14620323479175568,0.26697996258735657,0.2812128961086273,0.24110084772109985,0.2317589819431305,0.25772255659103394,0.3559609651565552,0.3174341022968292,0.25613608956336975,0.3427574634552002,0.2546432912349701
107,0.040467310696840286,0.0,0.0,0.0,0.1495307832956314,0.0,0.0,0.23436708748340607,0.0,0.0,0.0,0.0,0.2714817523956299,0.0,0.0,0.0,0.20768508315086365,0.0,0.0,0.09646791964769363,0.14183472096920013,0.0,0.0,0.0,0.263232946395874,0.0,0.0,0.2163458913564682,0.0,0.0,0.0,0.0,0.15714025497436523,0.0,0.0,0.0,0.10692385584115982,0.0,0.0,0.1145223081111908,0.5115384459495544,0.3148902356624603,0.3755830228328705,0.35109779238700867,0.8557765483856201,0.6729337573051453,0.5920208692550659,0.41163986921310425,0.0006999907782301307,0.00012829419574700296,2.1493791791726835e-05,0.0002296515740454197,0.00031445210333913565,3.595339512685314e-05,1.8046512195724063e-06,2.254445462313015e-05,0.0012318126391619444,0.0002968872431665659,9.278503421228379e-05,0.00072418776107952,0.3719356060028076,0.5756295323371887,0.45511552691459656,0.11212310940027237,-0.22315970063209534,2.171030282974243,0.11332958936691284,0.286610871553421,0.2603701055049896,0.2595818340778351,0.22337393462657928,0.2995249032974243,0.31186264753341675,0.2549605071544647,0.24328981339931488,0.33030736446380615,0.28191661834716797
108,0.027255166321992874,0.0,0.0,0.0,0.09610243141651154,0.0,0.0,0.21061751246452332,0.0,0.0,0.0,0.0,0.28949177265167236,0.0,0.0,0.0,0.25155577063560486,0.0,0.0,0.12497738748788834,0.1359906643629074,0.0,0.0,0.0,0.25507014989852905,0.0,0.0,0.21562571823596954,0.0,0.0,0.0,0.0,0.16308584809303284,0.0,0.0,0.0,0.11225079745054245,0.0,0.0,0.11797679960727692,0.47884616255760193,0.3500199615955353,0.38868916034698486,0.37604787945747375,0.8310856223106384,0.6882933378219604,0.6733927726745605,0.6137705445289612,0.0006461745360866189,0.00013498152839019895,2.1652615032508038e-05,0.00022958204499445856,0.0002869500021915883,3.830631612800062e-05,1.7229622244485654e-06,2.274161124660168e-05,0.0012579543981701136,0.0003135984588880092,9.500035230303183e-05,0.0007135000196285546,0.3864039480686188,0.6660206317901611,0.4524586498737335,0.15959669649600983,-0.20937401056289673,2.0997321605682373,0.12004866451025009,0.2918489873409271,0.2809872329235077,0.31382134556770325,0.2682577073574066,0.2826194167137146,0.30341798067092896,0.2627948820590973,0.21803337335586548,0.2619509696960449,0.20807674527168274
109,0.030992712825536728,0.0,0.0,0.0,0.11730960756540298,0.0,0.0,0.2318071871995926,0.0,0.0,0.0,0.0,0.2726331949234009,0.0,0.0,0.0,0.22912074625492096,0.0,0.0,0.11813651025295258,0.1420162171125412,0.0,0.0,0.0,0.26318785548210144,0.0,0.0,0.21671722829341888,0.0,0.0,0.0,0.0,0.15726715326309204,0.0,0.0,0.0,0.10708947479724884,0.0,0.0,0.113722063601017,0.5192307829856873,0.33233532309532166,0.37377530336380005,0.3652694523334503,0.8923174142837524,0.675858199596405,0.633999764919281,0.5056250095367432,0.0006372400093823671,0.0001374375424347818,2.2033902496332303e-05,0.0002345924876863137,0.00027559735463000834,3.889416257152334e-05,1.639613401493989e-06,2.2548607375938445e-05,0.0012477701529860497,0.0003166703099850565,9.587517706677318e-05,0.0007377450237981975,0.37144383788108826,0.619884729385376,0.4099312424659729,0.12725099921226501,-0.20513606071472168,2.1875243186950684,0.12787176668643951,0.3028394281864166,0.2879452705383301,0.36002692580223083,0.3062494099140167,0.2647339403629303,0.3202623128890991,0.23960517346858978,0.2635112404823303,0.24890756607055664,0.24851618707180023
110,0.039958760142326355,0.0,0.0,0.0,0.14528638124465942,0.0,0.0,0.2592751085758209,0.0,0.0,0.0,0.0,0.2748293876647949,0.0,0.0,0.0,0.19258606433868408,0.0,0.0,0.0880642756819725,0.1482597291469574,0.0,0.0,0.0,0.27357640862464905,0.0,0.0,0.2179199904203415,0.0,0.0,0.0,0.0,0.15195725858211517,0.0,0.0,0.0,0.09941750764846802,0.0,0.0,0.10886909067630768,0.5,0.2938922047615051,0.3575305938720703,0.35129740834236145,0.8746726512908936,0.6260770559310913,0.5708908438682556,0.4044095575809479,0.0006586550734937191,0.0001256698160432279,2.1123640181031078e-05,0.0002293341385666281,0.0002683710481505841,3.6186480429023504e-05,1.569729533912323e-06,2.1753141481895e-05,0.001189689850434661,0.0002815305779222399,8.87798669282347e-05,0.0006737320218235254,0.3539319932460785,0.5554749369621277,0.4715558886528015,0.08762351423501968,-0.18777261674404144,2.2874512672424316,0.073860302567482,0.26111268997192383,0.312946081161499,0.28341126441955566,0.2654649019241333,0.2620983123779297,0.29842713475227356,0.23816367983818054,0.2846389710903168,0.26507776975631714,0.2681318521499634
111,0.042425740510225296,0.0,0.0,0.0,0.13715051114559174,0.0,0.0,0.2444217950105667,0.0,0.0,0.0,0.0,0.29028576612472534,0.0,0.0,0.0,0.19455145299434662,0.0,0.0,0.0911647230386734,0.14877933263778687,0.0,0.0,0.0,0.2746753692626953,0.0,0.0,0.21713179349899292,0.0,0.0,0.0,0.0,0.15292298793792725,0.0,0.0,0.0,0.09893516451120377,0.0,0.0,0.10755536705255508,0.4942307770252228,0.3058682680130005,0.3557128608226776,0.36806386709213257,0.8822940587997437,0.6577924489974976,0.554222822189331,0.5175459980964661,0.0006276769563555717,0.0001238282275153324,2.128272535628639e-05,0.00022028901730664074,0.00024683692026883364,3.5638509871205315e-05,1.493957597631379e-06,2.2125212126411498e-05,0.0011524914298206568,0.00027881236746907234,8.971024362836033e-05,0.0007006714004091918,0.35312703251838684,0.5759963393211365,0.49730369448661804,0.09462464600801468,-0.2734619677066803,2.29978346824646,0.09143336117267609,0.33112239837646484,0.2772896885871887,0.29115867614746094,0.25183531641960144,0.23610951006412506,0.27053412795066833,0.25034722685813904,0.28267621994018555,0.27069610357284546,0.28712642192840576
112,0.03438081964850426,0.0,0.0,0.0,0.11488501727581024,0.0,0.0,0.20902159810066223,0.0,0.0,0.0,0.0,0.32493463158607483,0.0,0.0,0.0,0.21560922265052795,0.0,0.0,0.10116874426603317,0.14467549324035645,0.0,0.0,0.0,0.2679409980773926,0.0,0.0,0.21913108229637146,0.0,0.0,0.0,0.0,0.1570591777563095,0.0,0.0,0.0,0.10285426676273346,0.0,0.0,0.10833898186683655,0.5057692527770996,0.3022754490375519,0.36514607071876526,0.37804388999938965,0.8865410089492798,0.6887229681015015,0.600064754486084,0.6545335054397583,0.0006164821679703891,0.00012145273649366572,2.1751729946117848e-05,0.00022411716054193676,0.00025029576499946415,3.5198343539377674e-05,1.4309468951978488e-06,2.1753763576271012e-05,0.0011887552682310343,0.00028216076316311955,9.310907626058906e-05,0.0007518606726080179,0.36181220412254333,0.6417075991630554,0.5309776067733765,0.12225130945444107,-0.2570630609989166,2.2609667778015137,0.04873320087790489,0.296222448348999,0.26853054761886597,0.2699061930179596,0.27744060754776,0.2639361321926117,0.27669668197631836,0.2920548617839813,0.2732445299625397,0.2823498845100403,0.310315877199173
113,0.05096469447016716,0.0,0.0,0.0,0.13418561220169067,0.0,0.0,0.2076837718486786,0.0,0.0,0.0,0.0,0.2740091383457184,0.0,0.0,0.0,0.2183373123407364,0.0,0.0,0.1148194894194603,0.14964595437049866,0.0,0.0,0.0,0.2745453119277954,0.0,0.0,0.2176855206489563,0.0,0.0,0.0,0.0,0.1528027355670929,0.0,0.0,0.0,0.09935235232114792,0.0,0.0,0.10596813261508942,0.496153861284256,0.2946906089782715,0.3550986349582672,0.3632734417915344,0.865168571472168,0.6559920310974121,0.5668277740478516,0.6205158233642578,0.0006246047560125589,0.0001260883582290262,2.1812975319335237e-05,0.00022562750382348895,0.0002595819241832942,3.515258867992088e-05,1.346482122244197e-06,2.130723987647798e-05,0.001247685868293047,0.00029078780789859593,9.437516564503312e-05,0.000719748146366328,0.35185348987579346,0.607158362865448,0.5048237442970276,0.10982394963502884,-0.2901681363582611,2.3113651275634766,0.16854694485664368,0.27352115511894226,0.2827470302581787,0.2701672613620758,0.3316691219806671,0.23376280069351196,0.2377922087907791,0.30768638849258423,0.41177770495414734,0.3198460638523102,0.3405250310897827
114,0.06517008692026138,0.0,0.0,0.0,0.20649205148220062,0.0,0.0,0.26991409063339233,0.0,0.0,0.0,0.0,0.2439260184764862,0.0,0.0,0.0,0.14407266676425934,0.0,0.0,0.07042505592107773,0.15632474422454834,0.0,0.0,0.0,0.28525152802467346,0.0,0.0,0.2176537960767746,0.0,0.0,0.0,0.0,0.14527252316474915,0.0,0.0,0.0,0.09288488328456879,0.0,0.0,0.10261253267526627,0.48076921701431274,0.27473053336143494,0.3384144902229309,0.3315369188785553,0.8596022129058838,0.6007676124572754,0.4818759858608246,0.2573219835758209,0.0006468279170803726,0.00011934047506656498,2.14162610063795e-05,0.00022759604325983673,0.0002801938389893621,3.476353595033288e-05,1.277229557672399e-06,2.2582131350645795e-05,0.0011867916909977794,0.00027338886866346,8.928478928282857e-05,0.0007628634921275079,0.33480560779571533,0.45841580629348755,0.4587213099002838,0.059606585651636124,-0.31015217304229736,2.469797372817993,0.15604539215564728,0.28924664855003357,0.25921201705932617,0.30205193161964417,0.33916255831718445,0.23670600354671478,0.2270360291004181,0.30450087785720825,0.35269036889076233,0.37425196170806885,0.33621540665626526
115,0.06643745303153992,0.0,0.0,0.0,0.19528253376483917,0.0,0.0,0.2830478847026825,0.0,0.0,0.0,0.0,0.24167150259017944,0.0,0.0,0.0,0.14756877720355988,0.0,0.0,0.06599181890487671,0.15932965278625488,0.0,0.0,0.0,0.2888862192630768,0.0,0.0,0.22151075303554535,0.0,0.0,0.0,0.0,0.14112108945846558,0.0,0.0,0.0,0.0884503573179245,0.0,0.0,0.1007019430398941,0.4365384578704834,0.2626746594905853,0.32834458351135254,0.3141716420650482,0.7863792181015015,0.5584059953689575,0.4566362798213959,0.2769883871078491,0.0005976802785880864,0.00011806181282736361,2.1172812921577133e-05,0.00020753969147335738,0.00028250590548850596,3.5570425097830594e-05,1.2269507578821504e-06,1.994064041355159e-05,0.0011541247367858887,0.0002631524112075567,8.58072453411296e-05,0.0006696914788335562,0.32449430227279663,0.4552249610424042,0.3718801438808441,0.036333322525024414,-0.32465875148773193,2.556584596633911,0.12758174538612366,0.3243325650691986,0.278315931558609,0.31518617272377014,0.3490331172943115,0.2832372188568115,0.21444663405418396,0.2681994140148163,0.34105169773101807,0.32290223240852356,0.3167547285556793
116,0.05153026804327965,0.0,0.0,0.0,0.1837705373764038,0.0,0.0,0.2940526008605957,0.0,0.0,0.0,0.0,0.2661736011505127,0.0,0.0,0.0,0.14852125942707062,0.0,0.0,0.05595170333981514,0.1602756828069687,0.0,0.0,0.0,0.29092007875442505,0.0,0.0,0.22356383502483368,0.0,0.0,0.0,0.0,0.14038613438606262,0.0,0.0,0.0,0.08693886548280716,0.0,0.0,0.09791542589664459,0.375,0.2605988085269928,0.32296881079673767,0.3353293240070343,0.7447631359100342,0.522576630115509,0.4584016501903534,0.4234545826911926,0.0006186530226841569,0.00012586006778292358,2.1015694073867053e-05,0.00020725204376503825,0.00026855734176933765,3.681686575873755e-05,1.165365347333136e-06,2.0126462914049625e-05,0.001188373425975442,0.00027981644961982965,8.671675459481776e-05,0.0006876956904307008,0.31955090165138245,0.47063878178596497,0.47139012813568115,0.055674854665994644,-0.29450520873069763,2.5679142475128174,0.1472548395395279,0.34226319193840027,0.25115373730659485,0.33253762125968933,0.38326987624168396,0.3415306806564331,0.2176761031150818,0.29031917452812195,0.29997485876083374,0.29950565099716187,0.3079283535480499
117,0.03811182454228401,0.0,0.0,0.0,0.14522644877433777,0.0,0.0,0.2565765082836151,0.0,0.0,0.0,0.0,0.3226526975631714,0.0,0.0,0.0,0.17226915061473846,0.0,0.0,0.06516338884830475,0.15686917304992676,0.0,0.0,0.0,0.28538474440574646,0.0,0.0,0.22282691299915314,0.0,0.0,0.0,0.0,0.14562124013900757,0.0,0.0,0.0,0.08995523303747177,0.0,0.0,0.09934268891811371,0.41923075914382935,0.2677445113658905,0.33226966857910156,0.37005987763404846,0.79337078332901,0.5405949950218201,0.5007919073104858,0.609011173248291,0.0006086442153900862,0.0001303300668951124,2.2135271137813106e-05,0.00023981691629160196,0.00026787485694512725,3.810001726378687e-05,1.1356789855199168e-06,2.095203126373235e-05,0.0012108107330277562,0.00028726298478432,9.462005982641131e-05,0.0008137502009049058,0.3290642201900482,0.5600770711898804,0.4369974434375763,0.09236864000558853,-0.30965372920036316,2.4848930835723877,0.17027996480464935,0.38453468680381775,0.26840296387672424,0.38034746050834656,0.3769199848175049,0.3789695203304291,0.21523569524288177,0.3410024642944336,0.2886480987071991,0.29357585310935974,0.36469900608062744
118,0.03078041411936283,0.0,0.0,0.0,0.12221469730138779,0.0,0.0,0.22337588667869568,0.0,0.0,0.0,0.0,0.2755672037601471,0.0,0.0,0.0,0.23794220387935638,0.0,0.0,0.11011955142021179,0.15243476629257202,0.0,0.0,0.0,0.27754926681518555,0.0,0.0,0.2223515510559082,0.0,0.0,0.0,0.0,0.1488482505083084,0.0,0.0,0.0,0.09645552188158035,0.0,0.0,0.10236062109470367,0.3980769217014313,0.27297404408454895,0.3451036214828491,0.39680638909339905,0.7807037234306335,0.5288684964179993,0.5719525814056396,0.6905338168144226,0.0006292344769462943,0.00012782818521372974,2.2663733034278266e-05,0.0002548753982409835,0.00030155887361615896,3.71759342669975e-05,1.1167788898092113e-06,2.0417613995959982e-05,0.0012328100856393576,0.00027808058075606823,9.831663192017004e-05,0.0009296300122514367,0.3415769934654236,0.6236213445663452,0.49135878682136536,0.12846504151821136,-0.23414596915245056,2.3860838413238525,0.13881827890872955,0.3277524709701538,0.29544851183891296,0.32608985900878906,0.3024612069129944,0.36717545986175537,0.21405118703842163,0.35168197751045227,0.3069663941860199,0.29357296228408813,0.3754552900791168
119,0.049004655331373215,0.0,0.0,0.0,0.15809398889541626,0.0,0.0,0.3188498616218567,0.0,0.0,0.0,0.0,0.2660652697086334,0.0,0.0,0.0,0.14450907707214355,0.0,0.0,0.06347712874412537,0.15844054520130157,0.0,0.0,0.0,0.28610488772392273,0.0,0.0,0.22454304993152618,0.0,0.0,0.0,0.0,0.14430153369903564,0.0,0.0,0.0,0.08917165547609329,0.0,0.0,0.09743830561637878,0.39230769872665405,0.24151696264743805,0.33006492257118225,0.3391217589378357,0.7830436825752258,0.4976438581943512,0.4976505637168884,0.38715970516204834,0.0005876366631127894,0.0001155207137344405,2.1644798835041e-05,0.000246592506300658,0.00028343492886051536,3.4164848329965025e-05,1.0770364724521642e-06,2.139296157110948e-05,0.0010771778179332614,0.000267112220171839,9.108366793952882e-05,0.0007963930256664753,0.32509976625442505,0.474043071269989,0.4763537049293518,0.06638766080141068,-0.3148169219493866,2.5162127017974854,0.13811911642551422,0.30162903666496277,0.28454717993736267,0.3103063106536865,0.2902761697769165,0.29323694109916687,0.220685213804245,0.30715301632881165,0.37452805042266846,0.31002748012542725,0.37731221318244934
120,0.06192200630903244,0.0,0.0,0.0,0.19674959778785706,0.0,0.0,0.30058446526527405,0.0,0.0,0.0,0.0,0.2539435923099518,0.0,0.0,0.0,0.13812191784381866,0.0,0.0,0.0486784502863884,0.16150212287902832,0.0,0.0,0.0,0.2917950451374054,0.0,0.0,0.22184525430202484,0.0,0.0,0.0,0.0,0.14133265614509583,0.0,0.0,0.0,0.08708544820547104,0.0,0.0,0.09643947333097458,0.32692307233810425,0.25361278653144836,0.32322847843170166,0.3235528767108917,0.6475728154182434,0.5063708424568176,0.4472898244857788,0.356743186712265,0.0005548628978431225,0.00012580100155901164,2.1530486264964566e-05,0.00022708135657012463,0.0002500995760783553,3.6368146538734436e-05,1.0276033890477265e-06,2.241910988232121e-05,0.0010795408161357045,0.0002830320445355028,9.182875510305166e-05,0.0007326839258894324,0.3191913366317749,0.44073593616485596,0.4694863557815552,0.03647688403725624,-0.3051305413246155,2.5517289638519287,0.20395460724830627,0.25354379415512085,0.25520259141921997,0.262498140335083,0.3754933476448059,0.28767719864845276,0.22982870042324066,0.32964205741882324,0.4109064042568207,0.36934247612953186,0.404267817735672
121,0.06630796194076538,0.0,0.0,0.0,0.17998096346855164,0.0,0.0,0.2792379558086395,0.0,0.0,0.0,0.0,0.2572067379951477,0.0,0.0,0.0,0.1542150229215622,0.0,0.0,0.06305132061243057,0.16304121911525726,0.0,0.0,0.0,0.29356202483177185,0.0,0.0,0.22083903849124908,0.0,0.0,0.0,0.0,0.1413499265909195,0.0,0.0,0.0,0.08597667515277863,0.0,0.0,0.09523112326860428,0.3673076927661896,0.28594809770584106,0.3187965154647827,0.3187624514102936,0.7333489060401917,0.6084169745445251,0.4702826738357544,0.3601823151111603,0.0005976040847599506,0.0001326456549577415,2.1244879462756217e-05,0.00023138470714911819,0.00022974306193646044,3.8041052903281525e-05,1.0258041811539442e-06,2.1403275241027586e-05,0.0010597582440823317,0.0003009485371876508,9.112196858040988e-05,0.0007383035263046622,0.3169458210468292,0.4744648337364197,0.44678962230682373,0.05021697282791138,-0.4371316432952881,2.5674872398376465,0.17498666048049927,0.2955419421195984,0.328678160905838,0.24433088302612305,0.33498072624206543,0.2931291162967682,0.23383289575576782,0.3310423493385315,0.39438900351524353,0.32879436016082764,0.4251425564289093
122,0.04429617524147034,0.0,0.0,0.0,0.13756749033927917,0.0,0.0,0.22063569724559784,0.0,0.0,0.0,0.0,0.3173787295818329,0.0,0.0,0.0,0.2014545053243637,0.0,0.0,0.07866743206977844,0.1558896005153656,0.0,0.0,0.0,0.2864350378513336,0.0,0.0,0.22345119714736938,0.0,0.0,0.0,0.0,0.14772799611091614,0.0,0.0,0.0,0.09075498580932617,0.0,0.0,0.09574119001626968,0.38653847575187683,0.30618762969970703,0.32958802580833435,0.33852294087409973,0.7340295910835266,0.6394329071044922,0.547029435634613,0.6475597023963928,0.0006028477801010013,0.00013548655260819942,2.1565738279605284e-05,0.00023159605916589499,0.00024916278198361397,3.9556220144731924e-05,1.0002374892792432e-06,2.081818638544064e-05,0.0010756542906165123,0.0003099459281656891,9.252333256881684e-05,0.0007321511511690915,0.32840079069137573,0.5974931716918945,0.45494771003723145,0.07900114357471466,-0.25461459159851074,2.5076591968536377,0.16060522198677063,0.3369752764701843,0.3209559917449951,0.22684523463249207,0.36347511410713196,0.2923833727836609,0.24874348938465118,0.33428940176963806,0.4002193212509155,0.29032307863235474,0.3633219003677368
123,0.055983904749155045,0.0,0.0,0.0,0.17317283153533936,0.0,0.0,0.2875915467739105,0.0,0.0,0.0,0.0,0.2775137722492218,0.0,0.0,0.0,0.15298143029212952,0.0,0.0,0.052756477147340775,0.16345499455928802,0.0,0.0,0.0,0.29571962356567383,0.0,0.0,0.22558552026748657,0.0,0.0,0.0,0.0,0.13938048481941223,0.0,0.0,0.0,0.08281471580266953,0.0,0.0,0.09304466843605042,0.3173076808452606,0.2657085955142975,0.3125118613243103,0.30758482217788696,0.636896550655365,0.5723413228988647,0.46777284145355225,0.43425559997558594,0.0005449084565043449,0.00012844392040278763,2.088900509988889e-05,0.00020706992654595524,0.00024322413082700223,3.635973189375363e-05,1.0174366025239578e-06,2.1302554159774445e-05,0.001011766493320465,0.0002854105259757489,8.776845061220229e-05,0.000670424837153405,0.30974066257476807,0.4832434058189392,0.3906673789024353,0.042064253240823746,-0.34411749243736267,2.6426737308502197,0.128790944814682,0.3670659065246582,0.29048869013786316,0.2610907256603241,0.35196104645729065,0.29859113693237305,0.262660413980484,0.35630324482917786,0.3562709093093872,0.278682142496109,0.353590190410614
124,0.06267079710960388,0.0,0.0,0.0,0.18867599964141846,0.0,0.0,0.2811959981918335,0.0,0.0,0.0,0.0,0.26194995641708374,0.0,0.0,0.0,0.1493755429983139,0.0,0.0,0.05613171309232712,0.16203753650188446,0.0,0.0,0.0,0.2930256128311157,0.0,0.0,0.22426867485046387,0.0,0.0,0.0,0.0,0.1421886384487152,0.0,0.0,0.0,0.08423326909542084,0.0,0.0,0.09424625337123871,0.321153849363327,0.2593213617801666,0.31871163845062256,0.30179640650749207,0.6901821494102478,0.5782081484794617,0.48583659529685974,0.34384381771087646,0.0005237491568550467,0.00011934590293094516,2.1014744561398402e-05,0.00022131695004645735,0.00020932973711751401,3.512116745696403e-05,1.0162565331484075e-06,2.187014979426749e-05,0.000949568348005414,0.00026928901206701994,8.931662887334824e-05,0.0007125766132958233,0.3150668144226074,0.46744799613952637,0.528728187084198,0.05123134329915047,-0.3033428192138672,2.6030187606811523,0.12092457711696625,0.3548494279384613,0.2566346228122711,0.27050790190696716,0.3528684675693512,0.3136207163333893,0.2756587862968445,0.33820849657058716,0.28287819027900696,0.3306005299091339,0.3667192757129669
125,0.036976441740989685,0.0,0.0,0.0,0.1484328657388687,0.0,0.0,0.23304271697998047,0.0,0.0,0.0,0.0,0.28718215227127075,0.0,0.0,0.0,0.20301826298236847,0.0,0.0,0.09134752303361893,0.15043112635612488,0.0,0.0,0.0,0.2782785892486572,0.0,0.0,0.22493720054626465,0.0,0.0,0.0,0.0,0.15270012617111206,0.0,0.0,0.0,0.09487032890319824,0.0,0.0,0.09878262877464294,0.39230769872665405,0.29908183217048645,0.3428040146827698,0.34011974930763245,0.8213672041893005,0.6859957575798035,0.6094399690628052,0.45829862356185913,0.0004993142792955041,0.00013165330165065825,2.2158677893457934e-05,0.0002377343480475247,0.00021909098722971976,3.794344229390845e-05,1.0088961062137969e-06,2.269615106342826e-05,0.0009806262096390128,0.00030594252166338265,9.57946467678994e-05,0.0008467850275337696,0.340291827917099,0.5815405249595642,0.4924991726875305,0.12394985556602478,-0.3345061242580414,2.4255871772766113,0.1485612392425537,0.3406115472316742,0.23853133618831635,0.2576327323913574,0.33042845129966736,0.2995944321155548,0.27320176362991333,0.3609646260738373,0.25199639797210693,0.33277642726898193,0.3704906105995178
126,0.03441854938864708,0.0,0.0,0.0,0.10495299100875854,0.0,0.0,0.2118118405342102,0.0,0.0,0.0,0.0,0.3164691925048828,0.0,0.0,0.0,0.23533736169338226,0.0,0.0,0.09701009094715118,0.14701806008815765,0.0,0.0,0.0,0.2696153521537781,0.0,0.0,0.22541573643684387,0.0,0.0,0.0,0.0,0.15835602581501007,0.0,0.0,0.0,0.0998104065656662,0.0,0.0,0.09978443384170532,0.4019230902194977,0.3246307373046875,0.35326841473579407,0.35508981347084045,0.8093585968017578,0.702355682849884,0.6690588593482971,0.5822116732597351,0.0005774523015134037,0.00014963124704081565,2.3126387532101944e-05,0.00024816373479552567,0.00024388461315538734,4.1692845115903765e-05,1.021903813125391e-06,2.2942087525734678e-05,0.001037687761709094,0.000350277463439852,0.000104851795185823,0.0009168747346848249,0.3516841530799866,0.6488085389137268,0.643164336681366,0.1523045003414154,-0.427721232175827,2.3118538856506348,0.10402078926563263,0.304819256067276,0.260393351316452,0.3248343765735626,0.3358195722103119,0.3772720396518707,0.3400794267654419,0.3687949478626251,0.31361082196235657,0.2850348651409149,0.3197968602180481
127,0.05351861193776131,0.0,0.0,0.0,0.1747174710035324,0.0,0.0,0.25201213359832764,0.0,0.0,0.0,0.0,0.25690117478370667,0.0,0.0,0.0,0.19105146825313568,0.0,0.0,0.07179919630289078,0.1576174795627594,0.0,0.0,0.0,0.2874487340450287,0.0,0.0,0.22661557793617249,0.0,0.0,0.0,0.0,0.14750224351882935,0.0,0.0,0.0,0.08735145628452301,0.0,0.0,0.09346452355384827,0.35961538553237915,0.2795608937740326,0.32537078857421875,0.3089820146560669,0.7593207359313965,0.5846036076545715,0.5626998543739319,0.3735774755477905,0.0005470478790812194,0.0001363131304970011,2.2353142412612215e-05,0.00023060238163452595,0.0002489518956281245,4.034431913169101e-05,1.0361770819145022e-06,2.1650957933161408e-05,0.0010076691396534443,0.0003073092666454613,9.487795614404604e-05,0.0007384488708339632,0.3225596249103546,0.5197412371635437,0.44648170471191406,0.08632847666740417,-0.3765628933906555,2.498267412185669,0.11594334989786148,0.2827654182910919,0.28530681133270264,0.2838791310787201,0.31174010038375854,0.34349551796913147,0.35042938590049744,0.3774644434452057,0.2654159665107727,0.293540894985199,0.3541918992996216
128,0.06013698875904083,0.0,0.0,0.0,0.1700604408979416,0.0,0.0,0.2601706087589264,0.0,0.0,0.0,0.0,0.23419587314128876,0.0,0.0,0.0,0.1805586963891983,0.0,0.0,0.09487738460302353,0.16778984665870667,0.0,0.0,0.0,0.30113813281059265,0.0,0.0,0.2234356552362442,0.0,0.0,0.0,0.0,0.1367957442998886,0.0,0.0,0.0,0.08010625839233398,0.0,0.0,0.09073435515165329,0.3134615421295166,0.2512974143028259,0.30542823672294617,0.29980039596557617,0.7288108468055725,0.5534765124320984,0.4841555058956146,0.5101895928382874,0.00046472076792269945,0.00012273419997654855,2.1440830096253194e-05,0.00022196336067281663,0.0002227277000201866,3.676401320262812e-05,1.0172298061661422e-06,2.2108708435553126e-05,0.0009253370226360857,0.00027721148217096925,8.979215635918081e-05,0.000690515385940671,0.3022269904613495,0.5096203088760376,0.43864211440086365,0.05467543378472328,-0.3238820433616638,2.644740581512451,0.15644842386245728,0.2847066819667816,0.27966177463531494,0.27010947465896606,0.3391072750091553,0.33707913756370544,0.34403854608535767,0.4423312246799469,0.26286420226097107,0.31295496225357056,0.3402845859527588
129,0.07790748029947281,0.0,0.0,0.0,0.16367149353027344,0.0,0.0,0.2556630074977875,0.0,0.0,0.0,0.0,0.2352009117603302,0.0,0.0,0.0,0.17535638809204102,0.0,0.0,0.09220074117183685,0.16760294139385223,0.0,0.0,0.0,0.29791563749313354,0.0,0.0,0.22259846329689026,0.0,0.0,0.0,0.0,0.13813109695911407,0.0,0.0,0.0,0.08280498534440994,0.0,0.0,0.09094687551259995,0.2884615361690521,0.24778443574905396,0.3099425733089447,0.31736525893211365,0.7535459399223328,0.5536072254180908,0.49426206946372986,0.46404218673706055,0.0004705000319518149,0.00011686085053952411,2.088435212499462e-05,0.0002333319280296564,0.00020635164401028305,3.446084156166762e-05,9.927948667609598e-07,2.1021505745011382e-05,0.0008956259698607028,0.00027168134693056345,8.834546315483749e-05,0.0007592760375700891,0.3063909411430359,0.5027481317520142,0.6162171363830566,0.06031699851155281,-0.3326181173324585,2.626748561859131,0.1759706735610962,0.3169790506362915,0.29048439860343933,0.2017105519771576,0.344942569732666,0.33139604330062866,0.33374378085136414,0.41487568616867065,0.25255531072616577,0.285681813955307,0.3346969783306122
130,0.05510871112346649,0.0,0.0,0.0,0.12033379822969437,0.0,0.0,0.22125710546970367,0.0,0.0,0.0,0.0,0.30320975184440613,0.0,0.0,0.0,0.20980407297611237,0.0,0.0,0.09028658270835876,0.1555890291929245,0.0,0.0,0.0,0.2824377119541168,0.0,0.0,0.2227325439453125,0.0,0.0,0.0,0.0,0.15162427723407745,0.0,0.0,0.0,0.09266059100627899,0.0,0.0,0.09495585411787033,0.3384615480899811,0.28702595829963684,0.33570536971092224,0.36846306920051575,0.8207938075065613,0.6753359436988831,0.5997538566589355,0.5533592104911804,0.0005115458625368774,0.00013004988431930542,2.2152162273414433e-05,0.00028491916600614786,0.0002575030375737697,3.72230788343586e-05,9.70103542385914e-07,2.288305950060021e-05,0.0009665555553510785,0.00031465914798900485,9.968852828023955e-05,0.0010316341649740934,0.3332606554031372,0.6032901406288147,0.6517236232757568,0.1238463744521141,-0.2534847855567932,2.437486171722412,0.17365695536136627,0.3511869013309479,0.3321709632873535,0.20720624923706055,0.3217269480228424,0.3380330204963684,0.35827770829200745,0.43154922127723694,0.2583804428577423,0.31768444180488586,0.3289354741573334
131,0.05809331312775612,0.0,0.0,0.0,0.17321471869945526,0.0,0.0,0.25646355748176575,0.0,0.0,0.0,0.0,0.25491735339164734,0.0,0.0,0.0,0.18738189339637756,0.0,0.0,0.06992924958467484,0.16019022464752197,0.0,0.0,0.0,0.28916794061660767,0.0,0.0,0.22420445084571838,0.0,0.0,0.0,0.0,0.1461944282054901,0.0,0.0,0.0,0.08822529017925262,0.0,0.0,0.09201764315366745,0.2903846204280853,0.22830338776111603,0.3261673152446747,0.34750497341156006,0.737464964389801,0.46622997522354126,0.5595126152038574,0.4395051896572113,0.0004488406120799482,0.00011885759886354208,2.1767209545942023e-05,0.00027251409483142197,0.0001999930536840111,3.490671588224359e-05,9.567463621351635e-07,2.2461383196059614e-05,0.0008364361710846424,0.00027597948792390525,9.577468881616369e-05,0.0009898957796394825,0.3206852674484253,0.5122177004814148,0.46600279211997986,0.08501098304986954,-0.2924991548061371,2.511314868927002,0.14160659909248352,0.3670657277107239,0.2857055068016052,0.26517778635025024,0.2956390976905823,0.3055996298789978,0.27273616194725037,0.4060726761817932,0.27245545387268066,0.33831915259361267,0.3470112681388855
132,0.06826286762952805,0.0,0.0,0.0,0.2036086469888687,0.0,0.0,0.28398779034614563,0.0,0.0,0.0,0.0,0.25492000579833984,0.0,0.0,0.0,0.1433233767747879,0.0,0.0,0.04589730128645897,0.1638355702161789,0.0,0.0,0.0,0.294569194316864,0.0,0.0,0.22463460266590118,0.0,0.0,0.0,0.0,0.14374394714832306,0.0,0.0,0.0,0.0835588276386261,0.0,0.0,0.08965785801410675,0.3057692348957062,0.23485030233860016,0.3163745403289795,0.29660677909851074,0.6361725926399231,0.5099604725837708,0.4926648736000061,0.2668527364730835,0.0004635268705897033,0.00011218619329156354,2.0622217562049627e-05,0.00022183964028954506,0.00021838238171767443,3.304614801891148e-05,9.451817959416076e-07,2.0226587366778404e-05,0.0008677768055349588,0.00024995888816192746,8.683375926921144e-05,0.0007284852908924222,0.31139466166496277,0.4441317319869995,0.3913854956626892,0.04555654153227806,-0.20895469188690186,2.6198084354400635,0.13765914738178253,0.31010136008262634,0.25577637553215027,0.29026517271995544,0.27677643299102783,0.2792106866836548,0.24634870886802673,0.3806155025959015,0.2503410577774048,0.3009226620197296,0.3422299921512604
133,0.0561622753739357,0.0,0.0,0.0,0.1670030653476715,0.0,0.0,0.2756779193878174,0.0,0.0,0.0,0.0,0.2682933509349823,0.0,0.0,0.0,0.17072497308254242,0.0,0.0,0.0621383860707283,0.16251647472381592,0.0,0.0,0.0,0.2944459915161133,0.0,0.0,0.2254069596529007,0.0,0.0,0.0,0.0,0.1430554836988449,0.0,0.0,0.0,0.08411764353513718,0.0,0.0,0.09045746177434921,0.3384615480899811,0.2781636714935303,0.3140799105167389,0.31696605682373047,0.6792020797729492,0.5916917324066162,0.496326744556427,0.41324084997177124,0.000546778435818851,0.0001268955966224894,2.0484869310166687e-05,0.00020821078214794397,0.00026652266387827694,3.800037666223943e-05,9.419882758265885e-07,1.9680479454109445e-05,0.0009330780594609678,0.0002910472685471177,8.754096052143723e-05,0.0006396749522536993,0.312055766582489,0.5011473894119263,0.5333095192909241,0.05852602422237396,-0.4397215247154236,2.5902562141418457,0.1528492569923401,0.33464565873146057,0.24829179048538208,0.31154245138168335,0.3140811622142792,0.26224616169929504,0.24501948058605194,0.362341970205307,0.251373827457428,0.263696551322937,0.36636728048324585
134,0.05412648245692253,0.0,0.0,0.0,0.15872502326965332,0.0,0.0,0.26058775186538696,0.0,0.0,0.0,0.0,0.27967992424964905,0.0,0.0,0.0,0.17951464653015137,0.0,0.0,0.06736615300178528,0.16374704241752625,0.0,0.0,0.0,0.29683148860931396,0.0,0.0,0.22539331018924713,0.0,0.0,0.0,0.0,0.1429637372493744,0.0,0.0,0.0,0.08208012580871582,0.0,0.0,0.08898428082466125,0.35576921701431274,0.26738524436950684,0.31090137362480164,0.3185628652572632,0.7335630059242249,0.5944151878356934,0.4948044717311859,0.5152372121810913,0.0005440522218123078,0.0001268756459467113,2.023272099904716e-05,0.00020771523122675717,0.0002540569694247097,3.8657708500977606e-05,9.622469860914862e-07,1.928275560203474e-05,0.0009929402731359005,0.0002906323643401265,8.657183207105845e-05,0.0006422857404686511,0.30851584672927856,0.5265510082244873,0.5502490997314453,0.057129088789224625,-0.4010348320007324,2.6325161457061768,0.1367749124765396,0.3595658242702484,0.27947482466697693,0.3049863576889038,0.3261188268661499,0.2768459916114807,0.24681511521339417,0.361451119184494,0.26243939995765686,0.29970473051071167,0.3740790784358978
135,0.03722360357642174,0.0,0.0,0.0,0.12237806618213654,0.0,0.0,0.22206860780715942,0.0,0.0,0.0,0.0,0.3209277391433716,0.0,0.0,0.0,0.21351589262485504,0.0,0.0,0.08388607949018478,0.15925835072994232,0.0,0.0,0.0,0.288411945104599,0.0,0.0,0.2251020073890686,0.0,0.0,0.0,0.0,0.1496996432542801,0.0,0.0,0.0,0.08733659237623215,0.0,0.0,0.09019146114587784,0.3461538553237915,0.28794410824775696,0.32334333658218384,0.33632734417915344,0.7547745108604431,0.702587366104126,0.5440447330474854,0.6720308065414429,0.0004776511632371694,0.000130403321236372,2.1054558601463214e-05,0.00021555129205808043,0.0002060887054540217,3.7709400203311816e-05,9.837345942287357e-07,1.9716517272172496e-05,0.0009871148504316807,0.00031172894523479044,9.213441808242351e-05,0.0006992458365857601,0.3214647173881531,0.6183207631111145,0.5202651023864746,0.09624110907316208,-0.26627373695373535,2.502762794494629,0.12045726180076599,0.3832648992538452,0.26138070225715637,0.3172597885131836,0.2955703139305115,0.3051415979862213,0.2756520211696625,0.3231719732284546,0.26485612988471985,0.29885199666023254,0.35784095525741577
136,0.06810550391674042,0.0,0.0,0.0,0.21162329614162445,0.0,0.0,0.30728060007095337,0.0,0.0,0.0,0.0,0.24767811596393585,0.0,0.0,0.0,0.13138233125209808,0.0,0.0,0.033930081874132156,0.16751407086849213,0.0,0.0,0.0,0.30090612173080444,0.0,0.0,0.22615604102611542,0.0,0.0,0.0,0.0,0.14019568264484406,0.0,0.0,0.0,0.07894183695316315,0.0,0.0,0.08628625422716141,0.33269229531288147,0.24530938267707825,0.3036579489707947,0.27924150228500366,0.7027179598808289,0.5398336052894592,0.46431854367256165,0.1903807818889618,0.00046445097541436553,0.0001256049145013094,2.0149782358203083e-05,0.00020809684065170586,0.00018949071818497032,3.555357761797495e-05,9.635033393351478e-07,1.9275197701063007e-05,0.0008671296527609229,0.0002828101860359311,8.433148468611762e-05,0.0006918737781234086,0.3000185787677765,0.4129820764064789,0.37709030508995056,0.04507116973400116,-0.262766569852829,2.6690568923950195,0.19484680891036987,0.47216087579727173,0.28204652667045593,0.29074928164482117,0.275325208902359,0.31386876106262207,0.27159255743026733,0.2960560619831085,0.24149270355701447,0.28893744945526123,0.32282453775405884
137,0.0655759871006012,0.0,0.0,0.0,0.1893431544303894,0.0,0.0,0.32956305146217346,0.0,0.0,0.0,0.0,0.2756137549877167,0.0,0.0,0.0,0.11499419063329697,0.0,0.0,0.024909881874918938,0.16847574710845947,0.0,0.0,0.0,0.30294269323349,0.0,0.0,0.22844929993152618,0.0,0.0,0.0,0.0,0.13978318870067596,0.0,0.0,0.0,0.0757923573255539,0.0,0.0,0.0845567062497139,0.2826923131942749,0.22187624871730804,0.2991635501384735,0.31177642941474915,0.5889583826065063,0.4431886374950409,0.44590431451797485,0.3469219207763672,0.00042873629718087614,0.00012835273810196668,2.047349335043691e-05,0.00021743105025961995,0.00021500379079952836,3.752002157852985e-05,9.697937457531225e-07,2.0004003090434708e-05,0.0008237562724389136,0.0002782081428449601,8.497601811541244e-05,0.0007710460922680795,0.2947991192340851,0.41550931334495544,0.48764657974243164,0.046560872346162796,-0.39956381916999817,2.67592453956604,0.12450224906206131,0.4253414273262024,0.28723394870758057,0.33003857731819153,0.310608446598053,0.32420632243156433,0.29902827739715576,0.3011586666107178,0.28032082319259644,0.3051483929157257,0.3530520796775818
138,0.038984265178442,0.0,0.0,0.0,0.15577420592308044,0.0,0.0,0.281097412109375,0.0,0.0,0.0,0.0,0.3186233937740326,0.0,0.0,0.0,0.17318083345890045,0.0,0.0,0.032339874655008316,0.15949134528636932,0.0,0.0,0.0,0.2933022379875183,0.0,0.0,0.23131535947322845,0.0,0.0,0.0,0.0,0.1471601128578186,0.0,0.0,0.0,0.08196345716714859,0.0,0.0,0.08676747232675552,0.303846150636673,0.25536927580833435,0.3132859170436859,0.34351295232772827,0.6878287196159363,0.5077313780784607,0.5242694616317749,0.5210095643997192,0.0004515510518103838,0.000135528709506616,2.0856110495515168e-05,0.0002451282343827188,0.00019028264796361327,3.7518977478612214e-05,9.709118558021146e-07,1.8905244360212237e-05,0.0008330014534294605,0.00029517209623008966,8.938923565438017e-05,0.000880477309692651,0.3102602958679199,0.5241343975067139,0.4273112118244171,0.07624927908182144,-0.3785378336906433,2.5614006519317627,0.12823788821697235,0.3804433047771454,0.36219751834869385,0.2854668200016022,0.2808389365673065,0.3409701883792877,0.3065066337585449,0.27645617723464966,0.2575334310531616,0.3506810963153839,0.2870330214500427
139,0.03942599892616272,0.0,0.0,0.0,0.1384904980659485,0.0,0.0,0.22027091681957245,0.0,0.0,0.0,0.0,0.2565242052078247,0.0,0.0,0.0,0.3051385283470154,0.0,0.0,0.04014982283115387,0.1586015373468399,0.0,0.0,0.0,0.2897495925426483,0.0,0.0,0.2280004769563675,0.0,0.0,0.0,0.0,0.1498747020959854,0.0,0.0,0.0,0.08669908344745636,0.0,0.0,0.08707461506128311,0.3173076808452606,0.27792415022850037,0.3202097415924072,0.33213570713996887,0.7539196014404297,0.6162847876548767,0.5685351490974426,0.6390336155891418,0.0004632110649254173,0.0001355451240669936,2.1023221052018926e-05,0.00024207793467212468,0.0001913991873152554,3.707393989316188e-05,1.0235446552542271e-06,2.102250437019393e-05,0.0008557573892176151,0.00031328172190114856,9.271569433622062e-05,0.000788662931881845,0.31788763403892517,0.6018021106719971,0.45048025250434875,0.10300109535455704,-0.28356805443763733,2.4950826168060303,0.16573520004749298,0.35566246509552,0.416017085313797,0.2708006203174591,0.27193981409072876,0.3623950183391571,0.30166444182395935,0.28674978017807007,0.24854722619056702,0.3352435231208801,0.26016801595687866
140,0.0459241159260273,0.0,0.0,0.0,0.14713716506958008,0.0,0.0,0.24196140468120575,0.0,0.0,0.0,0.0,0.2678333818912506,0.0,0.0,0.0,0.26668792963027954,0.0,0.0,0.030455978587269783,0.16087552905082703,0.0,0.0,0.0,0.2933650016784668,0.0,0.0,0.22952356934547424,0.0,0.0,0.0,0.0,0.14775720238685608,0.0,0.0,0.0,0.08274894207715988,0.0,0.0,0.08572974056005478,0.29230770468711853,0.2659481167793274,0.31320101022720337,0.32654690742492676,0.7225561738014221,0.5717015266418457,0.5091370344161987,0.6464222073554993,0.0004457854956854135,0.0001230274501722306,2.0628387574106455e-05,0.00022542494116351008,0.0001936042681336403,3.539031240507029e-05,1.013379232972511e-06,2.054968717857264e-05,0.0008763595251366496,0.0002857970539480448,8.86080160853453e-05,0.0007021910278126597,0.31058505177497864,0.5649685263633728,0.4482318162918091,0.07136449962854385,-0.32467156648635864,2.5523617267608643,0.1456432342529297,0.33274292945861816,0.3793044090270996,0.31272533535957336,0.2814577519893646,0.32509785890579224,0.28957220911979675,0.3429484963417053,0.2572336494922638,0.3362286686897278,0.21638427674770355
141,0.033954475075006485,0.0,0.0,0.0,0.13398641347885132,0.0,0.0,0.25202611088752747,0.0,0.0,0.0,0.0,0.29537543654441833,0.0,0.0,0.0,0.224604532122612,0.0,0.0,0.06005307286977768,0.15544573962688446,0.0,0.0,0.0,0.2838110029697418,0.0,0.0,0.2268272340297699,0.0,0.0,0.0,0.0,0.1529630422592163,0.0,0.0,0.0,0.09162097424268723,0.0,0.0,0.08933199197053909,0.303846150636673,0.27944111824035645,0.3304344713687897,0.371257483959198,0.6885669231414795,0.5874989628791809,0.5966710448265076,0.5418640375137329,0.00042976619442924857,0.00012516046990640461,2.1296700651873834e-05,0.0002601079177111387,0.00019241440168116242,3.51945600414183e-05,1.0239751873086789e-06,2.117053372785449e-05,0.0009831737261265516,0.00028339598793536425,9.186023817164823e-05,0.0009117606095969677,0.32791364192962646,0.580024003982544,0.5819941759109497,0.10775873810052872,-0.25434255599975586,2.442026138305664,0.12054164707660675,0.2711580991744995,0.33032122254371643,0.27694499492645264,0.26481035351753235,0.2801482677459717,0.3009638786315918,0.3313136398792267,0.26134350895881653,0.3635142743587494,0.24961817264556885
142,0.027317453175783157,0.0,0.0,0.0,0.09947875887155533,0.0,0.0,0.25085946917533875,0.0,0.0,0.0,0.0,0.2909643352031708,0.0,0.0,0.0,0.2539854645729065,0.0,0.0,0.077394500374794,0.1503276228904724,0.0,0.0,0.0,0.2771835923194885,0.0,0.0,0.22661930322647095,0.0,0.0,0.0,0.0,0.15758854150772095,0.0,0.0,0.0,0.0963548943400383,0.0,0.0,0.09192606061697006,0.3365384638309479,0.3043513000011444,0.3413458466529846,0.38323351740837097,0.7450780272483826,0.6443835496902466,0.6287060379981995,0.592061460018158,0.0004474371380638331,0.0001271935470867902,2.1457866751006804e-05,0.00024718017084524035,0.00020939274691045284,3.6332123272586614e-05,1.0239282346446998e-06,2.1615302102873102e-05,0.001096566440537572,0.0002930590126197785,9.420741844223812e-05,0.0008890455355867743,0.339677095413208,0.6223365664482117,0.5146278738975525,0.13684093952178955,-0.09909746050834656,2.3789937496185303,0.13043758273124695,0.2792859375476837,0.3016178011894226,0.2701062560081482,0.23709599673748016,0.3091084361076355,0.3217891454696655,0.2984757423400879,0.2264421433210373,0.36094462871551514,0.2761020064353943
143,0.030787678435444832,0.0,0.0,0.0,0.10937923192977905,0.0,0.0,0.21079979836940765,0.0,0.0,0.0,0.0,0.2813303470611572,0.0,0.0,0.0,0.25897344946861267,0.0,0.0,0.10872950404882431,0.15513640642166138,0.0,0.0,0.0,0.2816259264945984,0.0,0.0,0.2230091691017151,0.0,0.0,0.0,0.0,0.15286138653755188,0.0,0.0,0.0,0.09595976024866104,0.0,0.0,0.09140735119581223,0.3769230842590332,0.3400000035762787,0.33326593041419983,0.3652694523334503,0.8508331775665283,0.7166270613670349,0.6158266663551331,0.6429144144058228,0.00047143790288828313,0.00013333288370631635,2.1028314222348854e-05,0.0002137036353815347,0.000208041921723634,3.9259055483853444e-05,1.004069417831488e-06,2.1084619220346212e-05,0.0009497707360424101,0.00030163221526890993,9.080511517822742e-05,0.0007385730277746916,0.33408185839653015,0.6490258574485779,0.5195230841636658,0.14189974963665009,-0.10583622753620148,2.417811870574951,0.11886760592460632,0.25915104150772095,0.29371100664138794,0.2787739932537079,0.26727214455604553,0.3041740953922272,0.2548372745513916,0.28814345598220825,0.2005699872970581,0.3298691511154175,0.2713656425476074
144,0.047922514379024506,0.0,0.0,0.0,0.14739057421684265,0.0,0.0,0.24059689044952393,0.0,0.0,0.0,0.0,0.28531092405319214,0.0,0.0,0.0,0.19673968851566315,0.0,0.0,0.08203938603401184,0.16004431247711182,0.0,0.0,0.0,0.2871610224246979,0.0,0.0,0.22564440965652466,0.0,0.0,0.0,0.0,0.1492510885000229,0.0,0.0,0.0,0.0897112488746643,0.0,0.0,0.08818791806697845,0.3480769097805023,0.304071843624115,0.32207241654396057,0.34570857882499695,0.825192391872406,0.6487613320350647,0.5666208267211914,0.45480698347091675,0.0004944131360389292,0.00012460871948860586,1.998680818360299e-05,0.0002065767184831202,0.00018469817587174475,3.730304160853848e-05,9.913803751260275e-07,2.1589457901427522e-05,0.0009186118841171265,0.00028363295132294297,8.436047937721014e-05,0.0006857417174614966,0.32133248448371887,0.5640812516212463,0.5787479281425476,0.09956344962120056,-0.19595719873905182,2.5225284099578857,0.12082143127918243,0.19949062168598175,0.2967880368232727,0.2858909070491791,0.28025656938552856,0.29643872380256653,0.25345030426979065,0.29172074794769287,0.22592025995254517,0.29896801710128784,0.29472240805625916
145,0.04656161367893219,0.0,0.0,0.0,0.17204701900482178,0.0,0.0,0.2538977563381195,0.0,0.0,0.0,0.0,0.280816912651062,0.0,0.0,0.0,0.18380334973335266,0.0,0.0,0.06287330389022827,0.16333313286304474,0.0,0.0,0.0,0.2923750579357147,0.0,0.0,0.22579799592494965,0.0,0.0,0.0,0.0,0.14657017588615417,0.0,0.0,0.0,0.08577286452054977,0.0,0.0,0.08615078032016754,0.3134615421295166,0.2938922047615051,0.3137403428554535,0.33213570713996887,0.718338668346405,0.6153656840324402,0.5244342684745789,0.42177388072013855,0.0004520890361163765,0.0001191001501865685,1.907693877001293e-05,0.00019864685600623488,0.00018475620890967548,3.601751086534932e-05,9.590540912540746e-07,1.9250204786658287e-05,0.0009078871225938201,0.0002633652475196868,7.824303611414507e-05,0.0006043090834282339,0.31280043721199036,0.5274842977523804,0.5048596858978271,0.07000695168972015,-0.3058004081249237,2.589595079421997,0.1284942775964737,0.20113487541675568,0.2574453353881836,0.2664293944835663,0.22423957288265228,0.31160178780555725,0.24214333295822144,0.25133803486824036,0.23346678912639618,0.2909870445728302,0.29882529377937317
146,0.03740119934082031,0.0,0.0,0.0,0.1556989997625351,0.0,0.0,0.2919362783432007,0.0,0.0,0.0,0.0,0.30644655227661133,0.0,0.0,0.0,0.1613033562898636,0.0,0.0,0.047213684767484665,0.1554887294769287,0.0,0.0,0.0,0.2840965688228607,0.0,0.0,0.2321394383907318,0.0,0.0,0.0,0.0,0.154886394739151,0.0,0.0,0.0,0.08813295513391495,0.0,0.0,0.08525589853525162,0.36346152424812317,0.3103792369365692,0.3228389620780945,0.34211575984954834,0.701995313167572,0.6277464628219604,0.5276098251342773,0.3888290524482727,0.0005310713895596564,0.0001305492769461125,2.0042953110532835e-05,0.00022537086624652147,0.00023264619812835008,3.7909194361418486e-05,9.646231546867057e-07,1.9416889699641615e-05,0.0009753711055964231,0.00028991172439418733,8.442579564871266e-05,0.0007275097304955125,0.3223879635334015,0.5149545073509216,0.5334029197692871,0.09097440540790558,-0.3534139394760132,2.498873233795166,0.1402357667684555,0.2485872507095337,0.28950968384742737,0.2171783149242401,0.2566961944103241,0.34833112359046936,0.2669256627559662,0.24878336489200592,0.2606709599494934,0.2543930411338806,0.33254677057266235
147,0.031470417976379395,0.0,0.0,0.0,0.11196407675743103,0.0,0.0,0.24047015607357025,0.0,0.0,0.0,0.0,0.31204965710639954,0.0,0.0,0.0,0.22526483237743378,0.0,0.0,0.0787808895111084,0.14693287014961243,0.0,0.0,0.0,0.27034062147140503,0.0,0.0,0.22865909337997437,0.0,0.0,0.0,0.0,0.1634547859430313,0.0,0.0,0.0,0.10018257796764374,0.0,0.0,0.09043004363775253,0.3692307770252228,0.34730538725852966,0.34748315811157227,0.36826345324516296,0.6850634217262268,0.6488767862319946,0.6354507803916931,0.5564104914665222,0.000567254435736686,0.00014528492465615273,2.1831041522091255e-05,0.00023748552484903485,0.0002581696608103812,4.222606003168039e-05,1.0359249245084357e-06,2.0348279576865025e-05,0.0010398621670901775,0.0003340734401717782,9.427596523892134e-05,0.0008097282843664289,0.3477405607700348,0.6160889267921448,0.5402387976646423,0.13350947201251984,-0.2401527464389801,2.325568914413452,0.16156037151813507,0.25634533166885376,0.30278125405311584,0.24334049224853516,0.27729642391204834,0.40007615089416504,0.2710970640182495,0.25065237283706665,0.30558112263679504,0.23294034600257874,0.30678099393844604
148,0.03875833749771118,0.0,0.0,0.0,0.12348070740699768,0.0,0.0,0.21796147525310516,0.0,0.0,0.0,0.0,0.29723820090293884,0.0,0.0,0.0,0.25221389532089233,0.0,0.0,0.07034728676080704,0.14806030690670013,0.0,0.0,0.0,0.2733139395713806,0.0,0.0,0.22735099494457245,0.0,0.0,0.0,0.0,0.16286161541938782,0.0,0.0,0.0,0.099576935172081,0.0,0.0,0.0888361856341362,0.36153846979141235,0.32606786489486694,0.3455580770969391,0.3906187415122986,0.6172085404396057,0.6435202360153198,0.6186259984970093,0.6098888516426086,0.0005254322895780206,0.00012987921945750713,2.223835872428026e-05,0.0002677231968846172,0.00023974210489541292,3.8376419979613274e-05,1.075028080776974e-06,2.1425106751848944e-05,0.0009831233182922006,0.0002985048631671816,9.57153388299048e-05,0.0009008492343127728,0.3449684679508209,0.6197904944419861,0.5698418617248535,0.12879520654678345,-0.2790234386920929,2.334275007247925,0.1573736071586609,0.250655859708786,0.36464500427246094,0.2325938194990158,0.2818867564201355,0.35439714789390564,0.2945970594882965,0.27355310320854187,0.2957530915737152,0.22389310598373413,0.3289797008037567
149,0.04557919502258301,0.0,0.0,0.0,0.15366332232952118,0.0,0.0,0.25347262620925903,0.0,0.0,0.0,0.0,0.27602264285087585,0.0,0.0,0.0,0.2212897539138794,0.0,0.0,0.049972470849752426,0.15404924750328064,0.0,0.0,0.0,0.28345561027526855,0.0,0.0,0.2318342924118042,0.0,0.0,0.0,0.0,0.15516389906406403,0.0,0.0,0.0,0.09012419730424881,0.0,0.0,0.08537273854017258,0.38846153020858765,0.3018363416194916,0.3258002698421478,0.35369259119033813,0.7452396750450134,0.6296854019165039,0.5574238300323486,0.4618854224681854,0.0005172571400180459,0.00011704335338436067,2.1133597329026088e-05,0.00023436671472154558,0.00022708499454893172,3.51033522747457e-05,1.0564085641817655e-06,2.3351760319201276e-05,0.000966229010373354,0.0002657574659679085,8.802615775493905e-05,0.0007466524257324636,0.32480746507644653,0.547274649143219,0.505652129650116,0.09230487048625946,-0.4473415017127991,2.451897382736206,0.11567120999097824,0.2689216732978821,0.2852010428905487,0.2220076471567154,0.2710099220275879,0.32148492336273193,0.3102946877479553,0.26849088072776794,0.2763722240924835,0.25135424733161926,0.33840516209602356
150,0.049159977585077286,0.0,0.0,0.0,0.1500571072101593,0.0,0.0,0.22716012597084045,0.0,0.0,0.0,0.0,0.25128090381622314,0.0,0.0,0.0,0.20835500955581665,0.0,0.0,0.11398684233427048,0.15631923079490662,0.0,0.0,0.0,0.28643056750297546,0.0,0.0,0.2297164499759674,0.0,0.0,0.0,0.0,0.15280500054359436,0.0,0.0,0.0,0.08921831846237183,0.0,0.0,0.08551043272018433,0.3692307770252228,0.2703792452812195,0.3247016370296478,0.3347305357456207,0.7157765030860901,0.5603213906288147,0.5746443271636963,0.5620980858802795,0.0005320430500432849,0.0001110895536839962,2.0580813725246117e-05,0.00022427865769714117,0.0002461763215251267,3.4474745916668326e-05,1.0246092188026523e-06,2.1266572730382904e-05,0.0009835874661803246,0.0002571862132754177,8.635102858534083e-05,0.0006832433864474297,0.32171523571014404,0.5736126899719238,0.4553419351577759,0.0894172266125679,-0.46116212010383606,2.508021354675293,0.14190718531608582,0.29043829441070557,0.27519312500953674,0.22161665558815002,0.25081223249435425,0.2989864945411682,0.3387641906738281,0.27468618750572205,0.24840672314167023,0.26172250509262085,0.3606695532798767
151,0.0497916154563427,0.0,0.0,0.0,0.17472554743289948,0.0,0.0,0.2977231740951538,0.0,0.0,0.0,0.0,0.2940274477005005,0.0,0.0,0.0,0.14597134292125702,0.0,0.0,0.037760861217975616,0.1634349822998047,0.0,0.0,0.0,0.29679161310195923,0.0,0.0,0.2331603467464447,0.0,0.0,0.0,0.0,0.14431418478488922,0.0,0.0,0.0,0.08055536448955536,0.0,0.0,0.08174347877502441,0.41923075914382935,0.24155688285827637,0.30438703298568726,0.3257485032081604,0.8173597455024719,0.5156798362731934,0.46337011456489563,0.4172992408275604,0.0006130932597443461,0.0001090927398763597,2.0308110833866522e-05,0.00023713166592642665,0.0002543551381677389,3.26377667079214e-05,1.0215794645773713e-06,2.1076000848552212e-05,0.0010431320406496525,0.0002579325810074806,8.313530997838825e-05,0.0007226044544950128,0.301122784614563,0.4777507781982422,0.6267982721328735,0.05195700377225876,-0.4318125545978546,2.6844847202301025,0.11571362614631653,0.30699074268341064,0.3282732367515564,0.3063447177410126,0.23148402571678162,0.3521237373352051,0.3381645679473877,0.2616279721260071,0.2757662236690521,0.2874213457107544,0.30539077520370483
152,0.05364188924431801,0.0,0.0,0.0,0.16587956249713898,0.0,0.0,0.3144929111003876,0.0,0.0,0.0,0.0,0.28386011719703674,0.0,0.0,0.0,0.14856074750423431,0.0,0.0,0.03356476128101349,0.16754737496376038,0.0,0.0,0.0,0.30016228556632996,0.0,0.0,0.23172646760940552,0.0,0.0,0.0,0.0,0.14292362332344055,0.0,0.0,0.0,0.0776626318693161,0.0,0.0,0.0799776092171669,0.39038461446762085,0.23401197791099548,0.29871413111686707,0.306986004114151,0.7719763517379761,0.5498466491699219,0.4501326382160187,0.36290156841278076,0.00057607312919572,0.00010638346429914236,1.9799161236733198e-05,0.00020306736405473202,0.00022979055938776582,3.170673517161049e-05,1.0288404155289754e-06,2.1977437427267432e-05,0.0010239980183541775,0.00024469432537443936,8.013342448975891e-05,0.0006309712189249694,0.29516100883483887,0.46597617864608765,0.5043253302574158,0.04628394544124603,-0.4297204911708832,2.720334529876709,0.12294048815965652,0.3038777709007263,0.27992329001426697,0.2989387512207031,0.2180267870426178,0.2712099254131317,0.362026184797287,0.25799283385276794,0.27156612277030945,0.27926361560821533,0.2910069227218628
153,0.05087430030107498,0.0,0.0,0.0,0.17698630690574646,0.0,0.0,0.30872926115989685,0.0,0.0,0.0,0.0,0.29218819737434387,0.0,0.0,0.0,0.13539719581604004,0.0,0.0,0.03582477942109108,0.16937683522701263,0.0,0.0,0.0,0.30461615324020386,0.0,0.0,0.2311309576034546,0.0,0.0,0.0,0.0,0.14168940484523773,0.0,0.0,0.0,0.07442519813776016,0.0,0.0,0.07876146584749222,0.4134615361690521,0.22139720618724823,0.2934756577014923,0.31017962098121643,0.7998200058937073,0.5557532906532288,0.44854792952537537,0.3163260519504547,0.0005855060881003737,0.00010783308243844658,1.960101508302614e-05,0.00020558785763569176,0.00025016514700837433,3.173600271111354e-05,1.0443995961395558e-06,2.1102150640217587e-05,0.001142588211223483,0.0002481381525285542,7.946125697344542e-05,0.0006311574252322316,0.2896260619163513,0.4634023904800415,0.43058231472969055,0.03953254595398903,-0.5105254054069519,2.7589409351348877,0.11092277616262436,0.32738712430000305,0.3003849685192108,0.27920567989349365,0.22760561108589172,0.3181406855583191,0.33470410108566284,0.255357563495636,0.2648264169692993,0.2972719073295593,0.28128525614738464
154,0.05713668838143349,0.0,0.0,0.0,0.16396579146385193,0.0,0.0,0.29558685421943665,0.0,0.0,0.0,0.0,0.31693369150161743,0.0,0.0,0.0,0.1409594863653183,0.0,0.0,0.025417478755116463,0.17343918979167938,0.0,0.0,0.0,0.30738651752471924,0.0,0.0,0.2316766381263733,0.0,0.0,0.0,0.0,0.13772667944431305,0.0,0.0,0.0,0.07188563793897629,0.0,0.0,0.07788535952568054,0.32884615659713745,0.21648702025413513,0.2862147390842438,0.2974051833152771,0.746147096157074,0.4990629255771637,0.45526280999183655,0.48108696937561035,0.0005126773030497134,0.00010859136818908155,1.9367344066267833e-05,0.00019553281890694052,0.0002495832450222224,3.2777486921986565e-05,1.012337861538981e-06,1.92407205759082e-05,0.0010416783625259995,0.00024615402799099684,7.910513522801921e-05,0.0005927867023274302,0.28234437108039856,0.48330172896385193,0.445221871137619,0.04351174831390381,-0.46562787890434265,2.8157269954681396,0.17205502092838287,0.3010607361793518,0.33970001339912415,0.25767782330513,0.19610784947872162,0.34307655692100525,0.3845881521701813,0.2726876139640808,0.26245927810668945,0.32990047335624695,0.29093244671821594
155,0.04105367138981819,0.0,0.0,0.0,0.13349549472332,0.0,0.0,0.2629311680793762,0.0,0.0,0.0,0.0,0.345235675573349,0.0,0.0,0.0,0.17432302236557007,0.0,0.0,0.04296093061566353,0.16895855963230133,0.0,0.0,0.0,0.30257144570350647,0.0,0.0,0.2324281483888626,0.0,0.0,0.0,0.0,0.14260166883468628,0.0,0.0,0.0,0.07508770376443863,0.0,0.0,0.07835248857736588,0.33269229531288147,0.22546906769275665,0.29444196820259094,0.31357285380363464,0.7465594410896301,0.4651377201080322,0.5125651359558105,0.6599453687667847,0.0004644965520128608,0.00011593672388698906,2.0012717868667096e-05,0.00018527350039221346,0.00024223262153100222,3.39693870046176e-05,1.0411007451693877e-06,1.9554971004254185e-05,0.0009591645793989301,0.0002602997119538486,8.522102871211246e-05,0.0005938545800745487,0.2907024323940277,0.562510073184967,0.5281230211257935,0.06836868822574615,-0.37222540378570557,2.7099177837371826,0.18884921073913574,0.25421029329299927,0.3642390966415405,0.26192963123321533,0.19997455179691315,0.33280283212661743,0.3820513188838959,0.3617464601993561,0.2660438120365143,0.34313368797302246,0.27237948775291443
156,0.04375264793634415,0.0,0.0,0.0,0.16170449554920197,0.0,0.0,0.28192776441574097,0.0,0.0,0.0,0.0,0.31998398900032043,0.0,0.0,0.0,0.1620224267244339,0.0,0.0,0.03060874715447426,0.17215080559253693,0.0,0.0,0.0,0.30392366647720337,0.0,0.0,0.23151510953903198,0.0,0.0,0.0,0.0,0.14127786457538605,0.0,0.0,0.0,0.07321424037218094,0.0,0.0,0.07791830599308014,0.3173076808452606,0.2522954046726227,0.2889288365840912,0.31177642941474915,0.6824846863746643,0.5174914002418518,0.47637054324150085,0.5489036440849304,0.0004062035004608333,0.0001243871229235083,2.001372558879666e-05,0.0002005909918807447,0.0001810732064768672,3.7213969335425645e-05,1.0609178389131557e-06,2.1456231479533017e-05,0.0009232170414179564,0.0002750908606685698,8.388793503399938e-05,0.0006735005881637335,0.2870998680591583,0.5126066207885742,0.4854610562324524,0.05712592974305153,-0.37713655829429626,2.734605312347412,0.13792867958545685,0.29743802547454834,0.3920077383518219,0.2433682531118393,0.25913840532302856,0.28725433349609375,0.3085571229457855,0.3624187111854553,0.2980958819389343,0.3200948238372803,0.286807656288147
157,0.08847004175186157,0.0,0.0,0.0,0.2407025843858719,0.0,0.0,0.3511672914028168,0.0,0.0,0.0,0.0,0.21226286888122559,0.0,0.0,0.0,0.08691226691007614,0.0,0.0,0.020485002547502518,0.17951105535030365,0.0,0.0,0.0,0.31691375374794006,0.0,0.0,0.2302372008562088,0.0,0.0,0.0,0.0,0.12940873205661774,0.0,0.0,0.0,0.06748205423355103,0.0,0.0,0.07644721120595932,0.24230769276618958,0.20075848698616028,0.27259427309036255,0.2686626613140106,0.476521760225296,0.37185195088386536,0.3673044443130493,0.1744319051504135,0.0004515688633546233,0.00011071099288528785,1.9433038687566295e-05,0.00019671236805152148,0.00019221374532207847,3.492561154416762e-05,1.0695958962969598e-06,2.1274077880661935e-05,0.0008291213307529688,0.00024165143258869648,7.691568316658959e-05,0.0006270430167205632,0.2683376669883728,0.31965023279190063,0.3773637115955353,0.0055297440849244595,-0.41360926628112793,2.945430040359497,0.16382426023483276,0.2591421604156494,0.43187791109085083,0.29139232635498047,0.2694256007671356,0.28540679812431335,0.3208979070186615,0.33883094787597656,0.253595232963562,0.2897697985172272,0.286647766828537
158,0.06139231100678444,0.0,0.0,0.0,0.19445475935935974,0.0,0.0,0.33110007643699646,0.0,0.0,0.0,0.0,0.28460368514060974,0.0,0.0,0.0,0.1061791256070137,0.0,0.0,0.022270068526268005,0.17185868322849274,0.0,0.0,0.0,0.3087368607521057,0.0,0.0,0.2324778437614441,0.0,0.0,0.0,0.0,0.1383693665266037,0.0,0.0,0.0,0.07114970684051514,0.0,0.0,0.07740753889083862,0.3076923191547394,0.2093013972043991,0.2858826518058777,0.30219560861587524,0.6488512754440308,0.39541229605674744,0.4210831820964813,0.38251110911369324,0.0004951622104272246,0.00010829311213456094,1.961391171789728e-05,0.00020050194871146232,0.00023618663544766605,3.297559669590555e-05,1.0536547279116348e-06,2.071429116767831e-05,0.000865756010171026,0.0002407160063739866,7.897440809756517e-05,0.0006495470879599452,0.2816484272480011,0.4130430817604065,0.4629293978214264,0.030885543674230576,-0.38105568289756775,2.837247848510742,0.1670491248369217,0.24943797290325165,0.41636574268341064,0.292864590883255,0.30172955989837646,0.2738027274608612,0.2732333540916443,0.31940075755119324,0.24197636544704437,0.2454184740781784,0.28620150685310364
159,0.053606219589710236,0.0,0.0,0.0,0.1951599419116974,0.0,0.0,0.32624661922454834,0.0,0.0,0.0,0.0,0.27889958024024963,0.0,0.0,0.0,0.1201467365026474,0.0,0.0,0.02594090811908245,0.16830173134803772,0.0,0.0,0.0,0.3040477931499481,0.0,0.0,0.2334013134241104,0.0,0.0,0.0,0.0,0.1434270590543747,0.0,0.0,0.0,0.07298385351896286,0.0,0.0,0.07783825695514679,0.32307693362236023,0.22427146136760712,0.2926516830921173,0.3013972043991089,0.6498675346374512,0.4301498532295227,0.45056048035621643,0.35866621136665344,0.0005394910112954676,0.00011682351760100573,2.0046394638484344e-05,0.0002322437649127096,0.00024712368031032383,3.505267886794172e-05,1.0279419484504615e-06,2.1322530301404186e-05,0.0008991977665573359,0.00026553909992799163,8.38722990010865e-05,0.0007274714298546314,0.2888164818286896,0.4249778389930725,0.44756993651390076,0.043065112084150314,-0.45051565766334534,2.7745554447174072,0.16326548159122467,0.23555858433246613,0.43577098846435547,0.32388734817504883,0.3249531090259552,0.30559617280960083,0.2816498279571533,0.28626585006713867,0.2841755151748657,0.2776987850666046,0.2963692247867584
160,0.05501091480255127,0.0,0.0,0.0,0.21769791841506958,0.0,0.0,0.3489276170730591,0.0,0.0,0.0,0.0,0.25373271107673645,0.0,0.0,0.0,0.1003996953368187,0.0,0.0,0.024231119081377983,0.16848337650299072,0.0,0.0,0.0,0.30772849917411804,0.0,0.0,0.23449458181858063,0.0,0.0,0.0,0.0,0.1394956409931183,0.0,0.0,0.0,0.07218926399946213,0.0,0.0,0.07760865986347198,0.26923078298568726,0.21812374889850616,0.28798502683639526,0.2916167676448822,0.544746458530426,0.4210487902164459,0.42665642499923706,0.23887597024440765,0.000506657874211669,0.00011832972086267546,1.998911648115609e-05,0.00021697273768950254,0.0002308520197402686,3.621373252826743e-05,1.0167683512918302e-06,2.2205182176548988e-05,0.0008737931493669748,0.0002702130004763603,8.206679922295734e-05,0.0006858110427856445,0.2839449942111969,0.37835362553596497,0.570095419883728,0.02996707893908024,-0.31389105319976807,2.7822744846343994,0.1471591591835022,0.24925674498081207,0.38338276743888855,0.30360880494117737,0.39130452275276184,0.31574463844299316,0.26444122195243835,0.31049567461013794,0.30717211961746216,0.27251046895980835,0.27437302470207214
161,0.0646403357386589,0.0,0.0,0.0,0.20826655626296997,0.0,0.0,0.2797415554523468,0.0,0.0,0.0,0.0,0.27218908071517944,0.0,0.0,0.0,0.14569222927093506,0.0,0.0,0.02947017177939415,0.17246131598949432,0.0,0.0,0.0,0.3093842566013336,0.0,0.0,0.22938509285449982,0.0,0.0,0.0,0.0,0.13689930737018585,0.0,0.0,0.0,0.07421790063381195,0.0,0.0,0.07765214145183563,0.303846150636673,0.22598803043365479,0.2867316007614136,0.3035928010940552,0.6534930467605591,0.43190130591392517,0.44558465480804443,0.43514546751976013,0.0005334531306289136,0.00011465133866295218,1.947690725501161e-05,0.00019152608001604676,0.00022419799643103033,3.516462311381474e-05,9.670011422713287e-07,2.0553661670419388e-05,0.0009611778077669442,0.00025053531862795353,7.920354983070865e-05,0.0005971986684016883,0.2834184169769287,0.4473412036895752,0.5518085360527039,0.028435057029128075,-0.3756037950515747,2.821171283721924,0.13772684335708618,0.24007035791873932,0.368903249502182,0.2402009516954422,0.35807278752326965,0.318988561630249,0.3180408179759979,0.30214598774909973,0.2939089238643646,0.2966580092906952,0.2669573128223419
162,0.05839955061674118,0.0,0.0,0.0,0.18886703252792358,0.0,0.0,0.2995883524417877,0.0,0.0,0.0,0.0,0.2672168016433716,0.0,0.0,0.0,0.14896830916404724,0.0,0.0,0.036959920078516006,0.16989342868328094,0.0,0.0,0.0,0.3027983009815216,0.0,0.0,0.23018504679203033,0.0,0.0,0.0,0.0,0.14135724306106567,0.0,0.0,0.0,0.07682998478412628,0.0,0.0,0.07893598824739456,0.3384615480899811,0.2580838203430176,0.2932884097099304,0.3199600577354431,0.6950921416282654,0.5629963874816895,0.4700759947299957,0.31555983424186707,0.0005006777355447412,0.00012126527144573629,2.0176683392492123e-05,0.00022891028493177146,0.00023601570865139365,3.75842209905386e-05,1.0006823458752478e-06,2.2334586901706643e-05,0.0010250359773635864,0.0002775757457129657,8.635278209112585e-05,0.0007770736119709909,0.291607141494751,0.45313388109207153,0.5539094805717468,0.052683137357234955,-0.3613704442977905,2.6626944541931152,0.18492436408996582,0.20106054842472076,0.2963513433933258,0.2386750429868698,0.383213073015213,0.3310237526893616,0.3799833059310913,0.2685880959033966,0.34236353635787964,0.27744725346565247,0.3294716775417328
163,0.03399289399385452,0.0,0.0,0.0,0.1215159073472023,0.0,0.0,0.24388806521892548,0.0,0.0,0.0,0.0,0.30957552790641785,0.0,0.0,0.0,0.22079306840896606,0.0,0.0,0.07023454457521439,0.16189777851104736,0.0,0.0,0.0,0.29278993606567383,0.0,0.0,0.23254692554473877,0.0,0.0,0.0,0.0,0.14953193068504333,0.0,0.0,0.0,0.08291570097208023,0.0,0.0,0.08031771332025528,0.39423078298568726,0.30754491686820984,0.3062497079372406,0.348103791475296,0.8316455483436584,0.7295340895652771,0.5641752481460571,0.5274685025215149,0.0005020207026973367,0.00013047567335888743,2.0229917936376296e-05,0.00023532772320322692,0.00024157992447726429,3.947909863200039e-05,1.0004678188124672e-06,2.12323029700201e-05,0.001107487827539444,0.00030661962227895856,8.740635530557483e-05,0.0007774961413815618,0.3069175183773041,0.6005945205688477,0.4446125626564026,0.10217467695474625,-0.3018074035644531,2.5878632068634033,0.16176703572273254,0.24118272960186005,0.3302772641181946,0.20183776319026947,0.3431951403617859,0.29196351766586304,0.329255610704422,0.2827507555484772,0.3306702971458435,0.24069416522979736,0.33742764592170715
164,0.06740139424800873,0.0,0.0,0.0,0.23752956092357635,0.0,0.0,0.29079997539520264,0.0,0.0,0.0,0.0,0.24256938695907593,0.0,0.0,0.0,0.12892518937587738,0.0,0.0,0.03277454152703285,0.1767711341381073,0.0,0.0,0.0,0.3146146833896637,0.0,0.0,0.23195773363113403,0.0,0.0,0.0,0.0,0.13350985944271088,0.0,0.0,0.0,0.06805291026830673,0.0,0.0,0.07509368658065796,0.3403846025466919,0.2536526918411255,0.2723395824432373,0.2820359170436859,0.7739948034286499,0.5851283073425293,0.39606982469558716,0.16988106071949005,0.00046741653932258487,0.00011082393757533282,1.8363669369136915e-05,0.00019025674555450678,0.00020118505926802754,3.6452547647058964e-05,9.984512416849611e-07,1.976850035134703e-05,0.0009642451768741012,0.00025231792824342847,7.515959441661835e-05,0.0006057403516024351,0.2714484632015228,0.4042592942714691,0.5192262530326843,0.026297500357031822,-0.3440075218677521,2.915346622467041,0.1724931299686432,0.24272894859313965,0.3892046809196472,0.20475104451179504,0.3031162917613983,0.2773745357990265,0.285312294960022,0.3275308310985565,0.3388260006904602,0.2610531747341156,0.3385835289955139
165,0.10831885784864426,0.0,0.0,0.0,0.2504430115222931,0.0,0.0,0.3086246848106384,0.0,0.0,0.0,0.0,0.21607887744903564,0.0,0.0,0.0,0.09606330841779709,0.0,0.0,0.020471228286623955,0.18921232223510742,0.0,0.0,0.0,0.3247368335723877,0.0,0.0,0.2264486402273178,0.0,0.0,0.0,0.0,0.12353398650884628,0.0,0.0,0.0,0.062184251844882965,0.0,0.0,0.07388398796319962,0.2865384519100189,0.21720558404922485,0.25685644149780273,0.26966068148612976,0.7065320014953613,0.46717938780784607,0.31609851121902466,0.16600966453552246,0.00041298268479295075,9.975253487937152e-05,1.7341422790195793e-05,0.00018541046301834285,0.00017752077837940305,3.210873546777293e-05,9.794914603844518e-07,1.9189845261280425e-05,0.0008353326702490449,0.0002236516447737813,6.976071745157242e-05,0.0005608604406006634,0.2547369599342346,0.3326036334037781,0.4980001151561737,-0.0050962623208761215,-0.4297482371330261,3.02799129486084,0.12939804792404175,0.27215737104415894,0.37408915162086487,0.23168383538722992,0.27439743280410767,0.2977086901664734,0.3114966154098511,0.34154757857322693,0.3018794655799866,0.2625960111618042,0.3027670681476593
166,0.10264294594526291,0.0,0.0,0.0,0.27579212188720703,0.0,0.0,0.3172234296798706,0.0,0.0,0.0,0.0,0.20996053516864777,0.0,0.0,0.0,0.0754765048623085,0.0,0.0,0.01890440471470356,0.18903698027133942,0.0,0.0,0.0,0.32646963000297546,0.0,0.0,0.22674600780010223,0.0,0.0,0.0,0.0,0.12240482866764069,0.0,0.0,0.0,0.06234794110059738,0.0,0.0,0.07299461960792542,0.2826923131942749,0.17928144335746765,0.2571360766887665,0.2780438959598541,0.5936078429222107,0.3189952075481415,0.3073916733264923,0.246209055185318,0.00044065286056138575,9.12633040570654e-05,1.6908968973439187e-05,0.00018921862647403032,0.0001846328523242846,2.8912594643770717e-05,9.895315997709986e-07,1.8069353245664388e-05,0.000813955208286643,0.00019999599317088723,6.730525637976825e-05,0.0005366826080717146,0.2528857886791229,0.30433231592178345,0.33256301283836365,-0.01142039429396391,-0.4169468879699707,3.049899101257324,0.13520851731300354,0.2746196389198303,0.3642415404319763,0.23300530016422272,0.2469407469034195,0.31244245171546936,0.24998049437999725,0.3199581801891327,0.2675303816795349,0.31076353788375854,0.27237698435783386
167,0.06072099134325981,0.0,0.0,0.0,0.1930021345615387,0.0,0.0,0.3368059992790222,0.0,0.0,0.0,0.0,0.24921858310699463,0.0,0.0,0.0,0.1209930032491684,0.0,0.0,0.03925930708646774,0.175766721367836,0.0,0.0,0.0,0.3119872808456421,0.0,0.0,0.2318592071533203,0.0,0.0,0.0,0.0,0.13492703437805176,0.0,0.0,0.0,0.07066897302865982,0.0,0.0,0.07479077577590942,0.2769230902194977,0.20471057295799255,0.27900874614715576,0.30998003482818604,0.7059517502784729,0.4185335040092468,0.418012410402298,0.3626630902290344,0.00044275663094595075,9.580980986356735e-05,1.8312237443751656e-05,0.00021490390645340085,0.00018521505990065634,2.9424412787193432e-05,9.595098617865006e-07,1.8807539163390175e-05,0.0008495878428220749,0.00022382299357559532,7.672156061744317e-05,0.0006535089341923594,0.27504873275756836,0.4094611406326294,0.4982743561267853,0.046151094138622284,-0.46814197301864624,2.8245387077331543,0.1855594664812088,0.2789607048034668,0.34796494245529175,0.21989253163337708,0.2282475084066391,0.31928935647010803,0.24644789099693298,0.3777751326560974,0.23853065073490143,0.35083961486816406,0.2988797724246979
168,0.04543804004788399,0.0,0.0,0.0,0.177826389670372,0.0,0.0,0.26496291160583496,0.0,0.0,0.0,0.0,0.28675687313079834,0.0,0.0,0.0,0.16081547737121582,0.0,0.0,0.06420034915208817,0.1662042886018753,0.0,0.0,0.0,0.30193912982940674,0.0,0.0,0.23234164714813232,0.0,0.0,0.0,0.0,0.14307844638824463,0.0,0.0,0.0,0.07845474779605865,0.0,0.0,0.07798172533512115,0.35576921701431274,0.2418762445449829,0.2964244782924652,0.3349301218986511,0.823202908039093,0.5505696535110474,0.5163141489028931,0.4441249668598175,0.0004907635739073157,0.00010505275713512674,1.9146358681609854e-05,0.0002390410954831168,0.00020980698172934353,3.079665475524962e-05,9.434556318410614e-07,1.92639599845279e-05,0.0010102717205882072,0.0002597957500256598,8.287372475024313e-05,0.0007904408848844469,0.2937738001346588,0.511761486530304,0.4613765478134155,0.08946561813354492,-0.31119558215141296,2.6827471256256104,0.19522425532341003,0.27817025780677795,0.2783619165420532,0.21729998290538788,0.21934150159358978,0.3185003101825714,0.2608194351196289,0.41092464327812195,0.28816187381744385,0.3548911511898041,0.26235175132751465
169,0.037544552236795425,0.0,0.0,0.0,0.14744804799556732,0.0,0.0,0.2821980118751526,0.0,0.0,0.0,0.0,0.30025050044059753,0.0,0.0,0.0,0.1765742152929306,0.0,0.0,0.05598471313714981,0.16536016762256622,0.0,0.0,0.0,0.3025125563144684,0.0,0.0,0.23089204728603363,0.0,0.0,0.0,0.0,0.14453727006912231,0.0,0.0,0.0,0.07886818796396255,0.0,0.0,0.0778297632932663,0.321153849363327,0.24710579216480255,0.2979825437068939,0.3293412923812866,0.7606070041656494,0.563675045967102,0.54872065782547,0.4717307686805725,0.00048378983046859503,0.00010396125435363501,1.8994365746038966e-05,0.00024997186847031116,0.000216859916690737,3.0846269510220736e-05,9.409502581547713e-07,2.0328247046563774e-05,0.0009030215442180634,0.0002529329794924706,8.207781502278522e-05,0.0008142440347000957,0.29541850090026855,0.5328000783920288,0.5182764530181885,0.10007735341787338,-0.43991875648498535,2.6998043060302734,0.16349326074123383,0.2833857536315918,0.2596222162246704,0.21237164735794067,0.2438211590051651,0.30121779441833496,0.24260778725147247,0.3761221766471863,0.2716589570045471,0.33647364377975464,0.312551349401474
170,0.04148294776678085,0.0,0.0,0.0,0.15569111704826355,0.0,0.0,0.2971714437007904,0.0,0.0,0.0,0.0,0.2733040153980255,0.0,0.0,0.0,0.17851422727108002,0.0,0.0,0.053836289793252945,0.16421325504779816,0.0,0.0,0.0,0.297842800617218,0.0,0.0,0.23192232847213745,0.0,0.0,0.0,0.0,0.1478484719991684,0.0,0.0,0.0,0.08076635748147964,0.0,0.0,0.07740680873394012,0.35769230127334595,0.24658682942390442,0.3031960129737854,0.3103792369365692,0.8270872235298157,0.6003761291503906,0.5745498538017273,0.3238806128501892,0.0004953898023813963,0.00010796402784762904,1.982672074518632e-05,0.0002460401738062501,0.00023716771102044731,3.1860789022175595e-05,9.882953690976137e-07,2.168825812987052e-05,0.0008912986959330738,0.0002558892883826047,8.646034257253632e-05,0.0008553577354177833,0.30005568265914917,0.5056455135345459,0.47041910886764526,0.1189294084906578,-0.46036356687545776,2.6369845867156982,0.15341778099536896,0.29116326570510864,0.25600650906562805,0.21837547421455383,0.22602112591266632,0.3093354105949402,0.274761825799942,0.36353662610054016,0.30143627524375916,0.31439143419265747,0.34123849868774414
171,0.05870889872312546,0.0,0.0,0.0,0.1459902971982956,0.0,0.0,0.2931365668773651,0.0,0.0,0.0,0.0,0.298263818025589,0.0,0.0,0.0,0.14880484342575073,0.0,0.0,0.05509553849697113,0.17012380063533783,0.0,0.0,0.0,0.30399617552757263,0.0,0.0,0.22960264980793,0.0,0.0,0.0,0.0,0.14292576909065247,0.0,0.0,0.0,0.07616113126277924,0.0,0.0,0.07719046622514725,0.3384615480899811,0.21604791283607483,0.2947540581226349,0.31357285380363464,0.724101185798645,0.43575912714004517,0.5621283650398254,0.40870779752731323,0.0004647300811484456,9.728028817335144e-05,1.89184102055151e-05,0.00020829711866099387,0.0002552336663939059,3.001439108629711e-05,9.852371931629023e-07,2.0835308532696217e-05,0.0008940229308791459,0.00022183213150128722,7.913038280094042e-05,0.0006482920725829899,0.29045191407203674,0.5021544098854065,0.516958475112915,0.08381672203540802,-0.27093270421028137,2.711045980453491,0.16591323912143707,0.2815245985984802,0.2202402651309967,0.21012863516807556,0.21394740045070648,0.21919365227222443,0.2640319764614105,0.3353591561317444,0.31277555227279663,0.2769133746623993,0.30807656049728394
172,0.04862416163086891,0.0,0.0,0.0,0.15739226341247559,0.0,0.0,0.3021085560321808,0.0,0.0,0.0,0.0,0.2987636625766754,0.0,0.0,0.0,0.14772416651248932,0.0,0.0,0.04538718983530998,0.16710808873176575,0.0,0.0,0.0,0.30406978726387024,0.0,0.0,0.23334161937236786,0.0,0.0,0.0,0.0,0.14407876133918762,0.0,0.0,0.0,0.0751020684838295,0.0,0.0,0.07629968971014023,0.3403846025466919,0.24642714858055115,0.2920724153518677,0.3027943968772888,0.7041385769844055,0.5483757257461548,0.5425612926483154,0.3656991422176361,0.0004558584187179804,0.0001052207953762263,1.9221108232159168e-05,0.00019121305376756936,0.00022578256903216243,3.101832407992333e-05,9.94504716800293e-07,2.1456598915392533e-05,0.0008732014102861285,0.00024437918909825385,8.045759750530124e-05,0.0006347713060677052,0.2896028757095337,0.4918662905693054,0.5096123218536377,0.08865931630134583,-0.28971830010414124,2.692716360092163,0.14318707585334778,0.2642056941986084,0.2556473910808563,0.2121570110321045,0.2019292712211609,0.28639644384384155,0.22728586196899414,0.31012392044067383,0.3011939823627472,0.30829957127571106,0.287068635225296
173,0.03950026258826256,0.0,0.0,0.0,0.14506350457668304,0.0,0.0,0.2951793968677521,0.0,0.0,0.0,0.0,0.2747812569141388,0.0,0.0,0.0,0.18975327908992767,0.0,0.0,0.055722303688526154,0.1605553776025772,0.0,0.0,0.0,0.2973923683166504,0.0,0.0,0.2361563891172409,0.0,0.0,0.0,0.0,0.14981001615524292,0.0,0.0,0.0,0.07962311804294586,0.0,0.0,0.07646272331476212,0.39230769872665405,0.29532933235168457,0.2996903955936432,0.3167664706707001,0.8605412244796753,0.6903267502784729,0.5458921194076538,0.3696814775466919,0.00044434028677642345,0.0001171609474113211,1.9786217308137566e-05,0.00023106083972379565,0.0001828094245865941,3.5168523027095944e-05,1.00434874639177e-06,2.1881642169319093e-05,0.0009476154227741063,0.00026649594656191766,8.404852997045964e-05,0.0007956818444654346,0.29974716901779175,0.5202478170394897,0.5775558948516846,0.11437495052814484,-0.3222644329071045,2.6137490272521973,0.16286231577396393,0.33281823992729187,0.23639313876628876,0.19396372139453888,0.24566389620304108,0.29896944761276245,0.23420171439647675,0.26438310742378235,0.3430066704750061,0.2917919456958771,0.2934139668941498
174,0.05703584477305412,0.0,0.0,0.0,0.15271152555942535,0.0,0.0,0.26785415410995483,0.0,0.0,0.0,0.0,0.28190794587135315,0.0,0.0,0.0,0.17415356636047363,0.0,0.0,0.06633695960044861,0.16741177439689636,0.0,0.0,0.0,0.3045639097690582,0.0,0.0,0.23349088430404663,0.0,0.0,0.0,0.0,0.14381073415279388,0.0,0.0,0.0,0.07517427951097488,0.0,0.0,0.07554841041564941,0.35576921701431274,0.2723752558231354,0.28932586312294006,0.29980039596557617,0.8234310746192932,0.6405069828033447,0.5058046579360962,0.4509691298007965,0.00045778596540912986,0.00011310762056382373,1.9260160115663894e-05,0.00020206395129207522,0.00021665645181201398,3.4016753488685936e-05,1.03231957382377e-06,2.1525700503843836e-05,0.0008605964831076562,0.00026043917750939727,7.946050027385354e-05,0.0006424806779250503,0.2885427474975586,0.5223889350891113,0.4496164321899414,0.07982029765844345,-0.4069034457206726,2.7189369201660156,0.16696342825889587,0.36151123046875,0.2640443444252014,0.20682059228420258,0.2697192132472992,0.2923979163169861,0.23061178624629974,0.23664025962352753,0.31787940859794617,0.2592611312866211,0.33290889859199524
175,0.041017886251211166,0.0,0.0,0.0,0.17035260796546936,0.0,0.0,0.2886275351047516,0.0,0.0,0.0,0.0,0.2880420982837677,0.0,0.0,0.0,0.1648523360490799,0.0,0.0,0.04710749164223671,0.1690177172422409,0.0,0.0,0.0,0.30761343240737915,0.0,0.0,0.23394657671451569,0.0,0.0,0.0,0.0,0.1405138075351715,0.0,0.0,0.0,0.07309380173683167,0.0,0.0,0.07581465691328049,0.3461538553237915,0.2657884359359741,0.28438451886177063,0.29680636525154114,0.7804202437400818,0.5493301749229431,0.5031167268753052,0.4423426389694214,0.00047699391143396497,0.0001117453066399321,1.8786544387694448e-05,0.00018070712394546717,0.0002086401218548417,3.348760583321564e-05,9.858802059170557e-07,2.0813275114051066e-05,0.0008970050839707255,0.0002569746575318277,7.729863136773929e-05,0.0005760823260061443,0.2835227847099304,0.4999930262565613,0.5389197468757629,0.08067577332258224,-0.43827658891677856,2.7401130199432373,0.17087069153785706,0.37064921855926514,0.29967227578163147,0.20683397352695465,0.2760694622993469,0.30664169788360596,0.2092968374490738,0.2580169439315796,0.30883461236953735,0.245193213224411,0.3004111349582672
176,0.052228089421987534,0.0,0.0,0.0,0.16920718550682068,0.0,0.0,0.30202922224998474,0.0,0.0,0.0,0.0,0.2839783728122711,0.0,0.0,0.0,0.1494995504617691,0.0,0.0,0.043057650327682495,0.17243069410324097,0.0,0.0,0.0,0.3103364109992981,0.0,0.0,0.23342135548591614,0.0,0.0,0.0,0.0,0.1376238912343979,0.0,0.0,0.0,0.07147982716560364,0.0,0.0,0.07470781356096268,0.38653847575187683,0.2413972020149231,0.27990761399269104,0.29680636525154114,0.7999085783958435,0.5103207230567932,0.5072125196456909,0.38314342498779297,0.0004515582986641675,0.00010039404878625646,1.810952198866289e-05,0.00019184463599231094,0.0002028809831244871,3.200482024112716e-05,9.69493385127862e-07,2.1329562514438294e-05,0.0008984741289168596,0.00023267511278390884,7.356670539593324e-05,0.0005999300628900528,0.2779948115348816,0.4765264689922333,0.45610862970352173,0.07352477312088013,-0.2973322868347168,2.792963981628418,0.1619715839624405,0.3427262008190155,0.28557971119880676,0.19590751826763153,0.3245244324207306,0.26852062344551086,0.21047309041023254,0.24886910617351532,0.2541581094264984,0.24927788972854614,0.2687062621116638
177,0.03597043827176094,0.0,0.0,0.0,0.1370038390159607,0.0,0.0,0.23083630204200745,0.0,0.0,0.0,0.0,0.3385277986526489,0.0,0.0,0.0,0.19607830047607422,0.0,0.0,0.061583373695611954,0.16721975803375244,0.0,0.0,0.0,0.30230116844177246,0.0,0.0,0.23143720626831055,0.0,0.0,0.0,0.0,0.1436181664466858,0.0,0.0,0.0,0.07842956483364105,0.0,0.0,0.07699413597583771,0.36538460850715637,0.2516966164112091,0.2946741580963135,0.3465069830417633,0.7365212440490723,0.5769349932670593,0.5388495326042175,0.6575470566749573,0.0004690677160397172,0.00010245279554510489,1.9170638552168384e-05,0.0001944074174389243,0.00019175819761585444,3.219123027520254e-05,9.842376584856538e-07,1.991716089833062e-05,0.0008450850145891309,0.00023944623535498977,8.117573452182114e-05,0.0006631880532950163,0.29286444187164307,0.5961793065071106,0.49238014221191406,0.10575921833515167,-0.3277483284473419,2.66446590423584,0.07447883486747742,0.296761691570282,0.2662566006183624,0.24843576550483704,0.3264349102973938,0.2578509747982025,0.2735555171966553,0.27333593368530273,0.2765583097934723,0.26851844787597656,0.2820800542831421
178,0.046245280653238297,0.0,0.0,0.0,0.17370638251304626,0.0,0.0,0.24237583577632904,0.0,0.0,0.0,0.0,0.2763456106185913,0.0,0.0,0.0,0.20593857765197754,0.0,0.0,0.055388301610946655,0.1703910380601883,0.0,0.0,0.0,0.30424821376800537,0.0,0.0,0.23156902194023132,0.0,0.0,0.0,0.0,0.1403338760137558,0.0,0.0,0.0,0.07570434361696243,0.0,0.0,0.07775348424911499,0.42500001192092896,0.253692626953125,0.2891760468482971,0.32475048303604126,0.7874705791473389,0.5749635100364685,0.5082609057426453,0.5425392389297485,0.0004690700152423233,9.887540363706648e-05,1.8357810404268093e-05,0.0002161392621928826,0.00023550039622932673,3.0247567337937653e-05,9.283374424740032e-07,2.041864354396239e-05,0.0008084661094471812,0.00022323973826132715,7.62372583267279e-05,0.000726330210454762,0.2876913845539093,0.5376627445220947,0.5056607127189636,0.0745311975479126,-0.40196841955184937,2.7139620780944824,0.07780814170837402,0.2574295699596405,0.26169827580451965,0.2231174111366272,0.30057767033576965,0.28704148530960083,0.24705876410007477,0.27064043283462524,0.249749094247818,0.2568599283695221,0.2581517994403839
179,0.06296399235725403,0.0,0.0,0.0,0.19509531557559967,0.0,0.0,0.306232750415802,0.0,0.0,0.0,0.0,0.23569205403327942,0.0,0.0,0.0,0.1447235494852066,0.0,0.0,0.055292364209890366,0.1739560067653656,0.0,0.0,0.0,0.3087656795978546,0.0,0.0,0.22989726066589355,0.0,0.0,0.0,0.0,0.13614369928836823,0.0,0.0,0.0,0.07335936278104782,0.0,0.0,0.07787798345088959,0.3788461685180664,0.23165668547153473,0.2841947674751282,0.2922155559062958,0.7281234264373779,0.47893840074539185,0.5012840032577515,0.25818127393722534,0.00044970755698159337,9.574831346981227e-05,1.776504359440878e-05,0.00020340349874459207,0.00020636722911149263,3.0004304790054448e-05,9.300267151957087e-07,1.868772778834682e-05,0.0008462436962872744,0.00020705514180008322,7.264140003826469e-05,0.000645033607725054,0.28134918212890625,0.43569719791412354,0.3430425226688385,0.04700331389904022,-0.34957706928253174,2.790757894515991,0.11278842389583588,0.2748846709728241,0.2786558270454407,0.23785318434238434,0.2485106885433197,0.24497824907302856,0.25493302941322327,0.3189372718334198,0.21934902667999268,0.2255719155073166,0.23092631995677948
180,0.031293440610170364,0.0,0.0,0.0,0.11771948635578156,0.0,0.0,0.21193258464336395,0.0,0.0,0.0,0.0,0.30200809240341187,0.0,0.0,0.0,0.2534434199333191,0.0,0.0,0.08360294252634048,0.15642255544662476,0.0,0.0,0.0,0.2881890833377838,0.0,0.0,0.22990241646766663,0.0,0.0,0.0,0.0,0.15513098239898682,0.0,0.0,0.0,0.08799050003290176,0.0,0.0,0.08236445486545563,0.4019230902194977,0.2911377251148224,0.3196054995059967,0.3672654628753662,0.8175885081291199,0.5897680521011353,0.6568678617477417,0.6185823678970337,0.00043073977576568723,0.00011204859765712172,1.8952094251289964e-05,0.00022331027139443904,0.00020257043070159853,3.451175143709406e-05,9.000634690892184e-07,1.989861993934028e-05,0.0008742212085053325,0.0002432844485156238,8.27385883894749e-05,0.0007426170632243156,0.318604439496994,0.639045238494873,0.4945324957370758,0.14594176411628723,-0.38926708698272705,2.5149264335632324,0.17773695290088654,0.2614205777645111,0.34631744027137756,0.22221675515174866,0.20422255992889404,0.2392062395811081,0.2708978056907654,0.3317699730396271,0.24507491290569305,0.22610889375209808,0.2171504646539688
181,0.02176854759454727,0.0,0.0,0.0,0.09012123197317123,0.0,0.0,0.22695361077785492,0.0,0.0,0.0,0.0,0.26561465859413147,0.0,0.0,0.0,0.2548586428165436,0.0,0.0,0.14068332314491272,0.1565771847963333,0.0,0.0,0.0,0.2827567458152771,0.0,0.0,0.2271454781293869,0.0,0.0,0.0,0.0,0.1558992564678192,0.0,0.0,0.0,0.09364385157823563,0.0,0.0,0.08397748321294785,0.4038461446762085,0.2982834279537201,0.3274357318878174,0.37604787945747375,0.8424264192581177,0.6163814067840576,0.7066182494163513,0.6084169149398804,0.00042007482261396945,0.00011867292050737888,1.9181374227628112e-05,0.00021504580217879266,0.00018723402172327042,3.4727490856312215e-05,9.055981422534387e-07,2.005944770644419e-05,0.0008908282616175711,0.00026293564587831497,8.460218668915331e-05,0.0007817978621460497,0.3263988196849823,0.6611488461494446,0.4868030548095703,0.17580509185791016,-0.2644641697406769,2.469010829925537,0.15708760917186737,0.2506544888019562,0.35201990604400635,0.24896550178527832,0.24512027204036713,0.2313058227300644,0.25940901041030884,0.3218574821949005,0.2570219337940216,0.21071916818618774,0.231486976146698
182,0.03221086412668228,0.0,0.0,0.0,0.15568457543849945,0.0,0.0,0.22327376902103424,0.0,0.0,0.0,0.0,0.2523525059223175,0.0,0.0,0.0,0.24609999358654022,0.0,0.0,0.09037826955318451,0.16165630519390106,0.0,0.0,0.0,0.2889470160007477,0.0,0.0,0.2301338016986847,0.0,0.0,0.0,0.0,0.1506832093000412,0.0,0.0,0.0,0.08746464550495148,0.0,0.0,0.08111504465341568,0.39038461446762085,0.26403194665908813,0.3149188756942749,0.341317355632782,0.8220086693763733,0.5388185381889343,0.6507896184921265,0.5182399749755859,0.0004514871980063617,0.00012017208064207807,1.9141907614539377e-05,0.00020722679619211704,0.00018853631627280265,3.53581017407123e-05,9.267322411687928e-07,1.763998079695739e-05,0.0009676176705397666,0.0002621794119477272,8.526695455657318e-05,0.0007766944472678006,0.31235966086387634,0.588819682598114,0.6343404054641724,0.1358923316001892,-0.17146086692810059,2.5282251834869385,0.20078717172145844,0.2677370011806488,0.36604827642440796,0.26318636536598206,0.2848203480243683,0.2059156447649002,0.2632558345794678,0.38582924008369446,0.25009995698928833,0.23983661830425262,0.22182145714759827
183,0.05610305815935135,0.0,0.0,0.0,0.1860438585281372,0.0,0.0,0.25180453062057495,0.0,0.0,0.0,0.0,0.27888625860214233,0.0,0.0,0.0,0.16721533238887787,0.0,0.0,0.059946976602077484,0.17577794194221497,0.0,0.0,0.0,0.3065192699432373,0.0,0.0,0.22793644666671753,0.0,0.0,0.0,0.0,0.1367153823375702,0.0,0.0,0.0,0.07657171785831451,0.0,0.0,0.0764792263507843,0.4153846204280853,0.22746507823467255,0.2863196134567261,0.3187624514102936,0.8373435735702515,0.5008384585380554,0.5242329835891724,0.44034212827682495,0.0004477666225284338,9.777835657587275e-05,1.721855551295448e-05,0.00018433523655403405,0.00021697243209928274,3.010816544701811e-05,8.813421459308302e-07,1.8036404071608558e-05,0.0009060822194442153,0.00021513676620088518,7.146297139115632e-05,0.000579597894102335,0.28343233466148376,0.5060381889343262,0.40951523184776306,0.05827357992529869,-0.400871217250824,2.7715725898742676,0.1605234146118164,0.2476366013288498,0.30559754371643066,0.2891160249710083,0.19505241513252258,0.19715017080307007,0.30435195565223694,0.29403796792030334,0.26358556747436523,0.23034825921058655,0.21843989193439484
184,0.07992800325155258,0.0,0.0,0.0,0.21179097890853882,0.0,0.0,0.2844048738479614,0.0,0.0,0.0,0.0,0.24927397072315216,0.0,0.0,0.0,0.12908343970775604,0.0,0.0,0.04551873356103897,0.18100062012672424,0.0,0.0,0.0,0.316835880279541,0.0,0.0,0.22786687314510345,0.0,0.0,0.0,0.0,0.13077999651432037,0.0,0.0,0.0,0.0694548562169075,0.0,0.0,0.07406177371740341,0.3826923072338104,0.20798403024673462,0.27145320177078247,0.2996007800102234,0.7578721046447754,0.44801971316337585,0.4248564839363098,0.3151300549507141,0.0004541926318779588,8.919243555283174e-05,1.6251915440079756e-05,0.00017009930161293596,0.00022833433467894793,2.832025711541064e-05,8.695582778273092e-07,1.8363469280302525e-05,0.0008264373755082488,0.00019948695262428373,6.315982318483293e-05,0.0004840111650992185,0.2682263255119324,0.4238671362400055,0.27572688460350037,0.013117429800331593,-0.549822211265564,2.9323132038116455,0.12639650702476501,0.2572800815105438,0.28561854362487793,0.22572137415409088,0.18542098999023438,0.19559819996356964,0.2722011208534241,0.25379446148872375,0.2322300672531128,0.2543350160121918,0.25983893871307373
185,0.06747639924287796,0.0,0.0,0.0,0.19756203889846802,0.0,0.0,0.27917084097862244,0.0,0.0,0.0,0.0,0.26586174964904785,0.0,0.0,0.0,0.15608687698841095,0.0,0.0,0.03384208679199219,0.17541341483592987,0.0,0.0,0.0,0.310380756855011,0.0,0.0,0.23082709312438965,0.0,0.0,0.0,0.0,0.1371411830186844,0.0,0.0,0.0,0.07099597156047821,0.0,0.0,0.0752415880560875,0.3692307770252228,0.2034730613231659,0.2811460793018341,0.3035928010940552,0.6760873794555664,0.4231506884098053,0.47843697667121887,0.41536620259284973,0.0004775392881128937,9.335590584669262e-05,1.6783320461399853e-05,0.0001755472767399624,0.00023658413556404412,2.8464259230531752e-05,8.981197652246919e-07,1.7435419067624025e-05,0.0007585308630950749,0.00021478770941030234,6.777767703169957e-05,0.0005324836820363998,0.27699965238571167,0.45578238368034363,0.4618457555770874,0.04316822811961174,-0.4050215780735016,2.8543314933776855,0.14015762507915497,0.275025874376297,0.25069642066955566,0.23357288539409637,0.17181396484375,0.24190030992031097,0.26330649852752686,0.23864372074604034,0.2689458131790161,0.27853643894195557,0.31507736444473267
186,0.05594188719987869,0.0,0.0,0.0,0.1805529147386551,0.0,0.0,0.25912773609161377,0.0,0.0,0.0,0.0,0.290289044380188,0.0,0.0,0.0,0.168719083070755,0.0,0.0,0.045369263738393784,0.1621973216533661,0.0,0.0,0.0,0.2938942313194275,0.0,0.0,0.23564475774765015,0.0,0.0,0.0,0.0,0.15028250217437744,0.0,0.0,0.0,0.08035086840391159,0.0,0.0,0.07763032615184784,0.3788461685180664,0.24842315912246704,0.3040599524974823,0.33073851466178894,0.7599167227745056,0.5171743631362915,0.5672059655189514,0.39501675963401794,0.000503877061419189,0.0001070367288775742,1.8686007024371065e-05,0.00021694082533940673,0.00020902520918752998,3.283171827206388e-05,8.960263357948861e-07,1.952406091731973e-05,0.0008224310586228967,0.00025649898452684283,7.893914153100923e-05,0.0007260096026584506,0.3012271523475647,0.5043708086013794,0.5285031795501709,0.09783992916345596,-0.29701554775238037,2.600456953048706,0.15885601937770844,0.25168344378471375,0.2523134648799896,0.252376914024353,0.1714027225971222,0.2693789005279541,0.31443989276885986,0.27525490522384644,0.2424762099981308,0.32322758436203003,0.312055766582489
187,0.046896860003471375,0.0,0.0,0.0,0.16285933554172516,0.0,0.0,0.2736954092979431,0.0,0.0,0.0,0.0,0.2981656491756439,0.0,0.0,0.0,0.17096003890037537,0.0,0.0,0.04742272570729256,0.16359707713127136,0.0,0.0,0.0,0.2933673560619354,0.0,0.0,0.23586158454418182,0.0,0.0,0.0,0.0,0.14800024032592773,0.0,0.0,0.0,0.08121327310800552,0.0,0.0,0.07796046882867813,0.3807692229747772,0.23948103189468384,0.303146094083786,0.3526946008205414,0.6724108457565308,0.5053505301475525,0.5453599095344543,0.474211722612381,0.0004963712417520583,0.00010370799282100052,1.9315257304697298e-05,0.0002558623382356018,0.00025584601098671556,3.230895526940003e-05,8.89553120941855e-07,2.173549000872299e-05,0.0007787544745951891,0.00024744635447859764,8.251428516814485e-05,0.000816596148069948,0.30011600255966187,0.5165387988090515,0.5960820913314819,0.09051115810871124,-0.36065784096717834,2.585016965866089,0.1799357831478119,0.2570674419403076,0.2810983657836914,0.23641955852508545,0.17013698816299438,0.30180829763412476,0.30271366238594055,0.3086231052875519,0.23711080849170685,0.31645092368125916,0.3534790575504303
188,0.10126800090074539,0.0,0.0,0.0,0.2509622275829315,0.0,0.0,0.2989215552806854,0.0,0.0,0.0,0.0,0.2170858234167099,0.0,0.0,0.0,0.1099475622177124,0.0,0.0,0.021814780309796333,0.1844620257616043,0.0,0.0,0.0,0.31998640298843384,0.0,0.0,0.2288348525762558,0.0,0.0,0.0,0.0,0.1282615214586258,0.0,0.0,0.0,0.06637754291296005,0.0,0.0,0.07207763195037842,0.3192307651042938,0.18818363547325134,0.2644544541835785,0.30059880018234253,0.6132281422615051,0.4011856019496918,0.392560750246048,0.2324095368385315,0.00043528334936127067,9.250947914551944e-05,1.7303020285908133e-05,0.00020992173813283443,0.0002184101613238454,2.923218380601611e-05,8.93815013114363e-07,1.9231572878197767e-05,0.0007130959420464933,0.0002162496093660593,7.043406367301941e-05,0.0006515440181829035,0.2605085074901581,0.34883758425712585,0.6100171804428101,0.016253037378191948,-0.5137977600097656,2.9407310485839844,0.18124480545520782,0.31372058391571045,0.31140750646591187,0.2376697063446045,0.19587501883506775,0.3282315731048584,0.31336313486099243,0.26314517855644226,0.25583693385124207,0.25894224643707275,0.3880934715270996
189,0.08500823378562927,0.0,0.0,0.0,0.21202842891216278,0.0,0.0,0.3021603226661682,0.0,0.0,0.0,0.0,0.26512524485588074,0.0,0.0,0.0,0.11505710333585739,0.0,0.0,0.020620662719011307,0.18419913947582245,0.0,0.0,0.0,0.32146283984184265,0.0,0.0,0.22819072008132935,0.0,0.0,0.0,0.0,0.1303638070821762,0.0,0.0,0.0,0.06476016342639923,0.0,0.0,0.07102329283952713,0.26730769872665405,0.184750497341156,0.26397255063056946,0.3047904074192047,0.4931637644767761,0.4215206205844879,0.41101786494255066,0.37057220935821533,0.0004293814126867801,9.246938134310767e-05,1.7742742784321308e-05,0.00019468716345727444,0.00018114970589522272,2.9057420761091635e-05,8.975860623650078e-07,1.8253565940540284e-05,0.0007420319598168135,0.00020718053565360606,7.17586008249782e-05,0.0006308258161880076,0.25984737277030945,0.4007933735847473,0.5422176122665405,0.016676565632224083,-0.4980268180370331,2.999912977218628,0.1528024822473526,0.3237994313240051,0.30737388134002686,0.19908949732780457,0.27683380246162415,0.37984079122543335,0.2835448086261749,0.2686193585395813,0.31543678045272827,0.2877196967601776,0.33759641647338867
190,0.10935506969690323,0.0,0.0,0.0,0.22467173635959625,0.0,0.0,0.29087400436401367,0.0,0.0,0.0,0.0,0.26357218623161316,0.0,0.0,0.0,0.09177587181329727,0.0,0.0,0.019751159474253654,0.1846160739660263,0.0,0.0,0.0,0.3240068554878235,0.0,0.0,0.23126506805419922,0.0,0.0,0.0,0.0,0.12782064080238342,0.0,0.0,0.0,0.06250207871198654,0.0,0.0,0.06978927552700043,0.23846153914928436,0.21361277997493744,0.2560424506664276,0.28323352336883545,0.5160126090049744,0.46435821056365967,0.362987756729126,0.3325260281562805,0.0004199914983473718,0.00010392432159278542,1.7925227439263836e-05,0.0001940871443366632,0.0001859032636275515,3.1198273063637316e-05,9.245044338968e-07,2.0258907170500606e-05,0.0007735438994131982,0.00023479791707359254,7.186399307101965e-05,0.0006080794846639037,0.2538716793060303,0.3750903308391571,0.6002687215805054,0.011879910714924335,-0.4320867657661438,2.999821424484253,0.1231490820646286,0.30952757596969604,0.27821147441864014,0.2541944682598114,0.26292866468429565,0.3532492518424988,0.2820253372192383,0.29884958267211914,0.346082866191864,0.25204578042030334,0.3434700667858124
191,0.08819258958101273,0.0,0.0,0.0,0.2690175473690033,0.0,0.0,0.317950963973999,0.0,0.0,0.0,0.0,0.22160734236240387,0.0,0.0,0.0,0.08886674791574478,0.0,0.0,0.014364834874868393,0.18712209165096283,0.0,0.0,0.0,0.3257617652416229,0.0,0.0,0.22947463393211365,0.0,0.0,0.0,0.0,0.12573561072349548,0.0,0.0,0.0,0.062087904661893845,0.0,0.0,0.06981798261404037,0.23653845489025116,0.22003991901874542,0.25301623344421387,0.2768462896347046,0.5465481877326965,0.4742949604988098,0.35421642661094666,0.17805956304073334,0.0003998036263510585,0.00010224962898064405,1.748389331623912e-05,0.0002002354885917157,0.00015905016334727407,3.118388485745527e-05,9.052804443854257e-07,1.8972517864312977e-05,0.0007130350568331778,0.00022742108558304608,6.95819326210767e-05,0.0006251498125493526,0.2513570785522461,0.32483023405075073,0.5367059707641602,0.007126071956008673,-0.5138893127441406,3.0274486541748047,0.18272274732589722,0.29245391488075256,0.258471816778183,0.29549241065979004,0.22285926342010498,0.4314504563808441,0.28574520349502563,0.2432957887649536,0.32563212513923645,0.2917158305644989,0.2932409644126892
192,0.06585782766342163,0.0,0.0,0.0,0.2157696783542633,0.0,0.0,0.36466193199157715,0.0,0.0,0.0,0.0,0.22165188193321228,0.0,0.0,0.0,0.11284853518009186,0.0,0.0,0.019210170954465866,0.17957311868667603,0.0,0.0,0.0,0.31328773498535156,0.0,0.0,0.2320617139339447,0.0,0.0,0.0,0.0,0.1355249583721161,0.0,0.0,0.0,0.06825372576713562,0.0,0.0,0.071298748254776,0.2211538404226303,0.24083831906318665,0.26961299777030945,0.29999998211860657,0.5456426739692688,0.4863662123680115,0.4218002259731293,0.22021359205245972,0.00036801729584112763,0.00011293017450952902,1.8709333744482137e-05,0.0001946546253748238,0.00014737479796167463,3.539940735208802e-05,8.935049322644772e-07,1.9987790437880903e-05,0.0007544599939137697,0.00025044192443601787,7.897121395217255e-05,0.0006579082692041993,0.26823559403419495,0.3537011444568634,0.6028056740760803,0.04670830816030502,-0.44326943159103394,2.8802425861358643,0.1592162549495697,0.31559136509895325,0.2903623580932617,0.2869800329208374,0.24160155653953552,0.4324319660663605,0.3241516649723053,0.2818012237548828,0.28934767842292786,0.26966941356658936,0.29985544085502625
193,0.046750009059906006,0.0,0.0,0.0,0.15674583613872528,0.0,0.0,0.3835902810096741,0.0,0.0,0.0,0.0,0.2799113690853119,0.0,0.0,0.0,0.11480624228715897,0.0,0.0,0.018196342512965202,0.17061936855316162,0.0,0.0,0.0,0.3083444833755493,0.0,0.0,0.2363864928483963,0.0,0.0,0.0,0.0,0.14209513366222382,0.0,0.0,0.0,0.07077741622924805,0.0,0.0,0.0717770978808403,0.26923078298568726,0.24091815948486328,0.2794656753540039,0.2974051833152771,0.7106070518493652,0.5652294754981995,0.4773586690425873,0.27546191215515137,0.0003699293883983046,0.00010184470738749951,1.8847387764253654e-05,0.0002046524896286428,0.00016369138029403985,3.099926107097417e-05,9.018210676003946e-07,1.9315122699481435e-05,0.0007470186101272702,0.00022914000146556646,8.243775664595887e-05,0.0006999652832746506,0.27742183208465576,0.4129056930541992,0.5625262260437012,0.059792086482048035,-0.5762946009635925,2.809049129486084,0.21046222746372223,0.270198792219162,0.28519028425216675,0.28176218271255493,0.21363401412963867,0.46024638414382935,0.36380019783973694,0.27667495608329773,0.28326982259750366,0.2758787274360657,0.2966754138469696
194,0.04992023855447769,0.0,0.0,0.0,0.20887397229671478,0.0,0.0,0.3534448444843292,0.0,0.0,0.0,0.0,0.26201140880584717,0.0,0.0,0.0,0.10728193819522858,0.0,0.0,0.018467653542757034,0.17019888758659363,0.0,0.0,0.0,0.3070933222770691,0.0,0.0,0.2361481487751007,0.0,0.0,0.0,0.0,0.1441573202610016,0.0,0.0,0.0,0.07065942138433456,0.0,0.0,0.07174289971590042,0.26730769872665405,0.22886227071285248,0.2821648120880127,0.2914171516895294,0.6786622405052185,0.5005429983139038,0.4741189181804657,0.24020656943321228,0.00035355144063942134,0.00010389454109827057,1.8856828319258057e-05,0.00021899881539866328,0.00015495825209654868,3.1559458875562996e-05,8.782927238826232e-07,1.9753031665459275e-05,0.0007838272722437978,0.00023205089382827282,8.305483788717538e-05,0.0007846882799640298,0.27915701270103455,0.38775137066841125,0.523302435874939,0.059664536267519,-0.5647754669189453,2.7913599014282227,0.19769252836704254,0.34781911969184875,0.2632753849029541,0.2668702304363251,0.24258629977703094,0.44194215536117554,0.3775562047958374,0.2852783799171448,0.26215600967407227,0.3068581819534302,0.266738623380661
195,0.09315218776464462,0.0,0.0,0.0,0.3437809348106384,0.0,0.0,0.2899462878704071,0.0,0.0,0.0,0.0,0.1857496052980423,0.0,0.0,0.0,0.07304264605045319,0.0,0.0,0.014328282326459885,0.18981143832206726,0.0,0.0,0.0,0.3309602439403534,0.0,0.0,0.22823834419250488,0.0,0.0,0.0,0.0,0.12264537811279297,0.0,0.0,0.0,0.05897938087582588,0.0,0.0,0.06936522573232651,0.2788461446762085,0.17457085847854614,0.2485368400812149,0.25648701190948486,0.6849167346954346,0.3488751947879791,0.32405295968055725,0.14205387234687805,0.0003679696819745004,8.865426207194105e-05,1.6775989934103563e-05,0.00017680411110632122,0.00017680790915619582,2.773745836748276e-05,8.721999051886087e-07,1.8317859939998016e-05,0.0007358409347943962,0.000200611975742504,6.948506052140146e-05,0.0005804604152217507,0.24436764419078827,0.2731114327907562,0.48656001687049866,-0.0034684843849390745,-0.5210332274436951,3.0361275672912598,0.16451717913150787,0.292277455329895,0.27333882451057434,0.2524629831314087,0.23013684153556824,0.4004150629043579,0.337929904460907,0.34526902437210083,0.2676880359649658,0.2919383943080902,0.26460543274879456
196,0.06293370574712753,0.0,0.0,0.0,0.3043600022792816,0.0,0.0,0.2981767952442169,0.0,0.0,0.0,0.0,0.21192100644111633,0.0,0.0,0.0,0.10290262848138809,0.0,0.0,0.019705897197127342,0.19043339788913727,0.0,0.0,0.0,0.3279777765274048,0.0,0.0,0.2282855063676834,0.0,0.0,0.0,0.0,0.12365405261516571,0.0,0.0,0.0,0.06087708845734596,0.0,0.0,0.06877218186855316,0.3403846025466919,0.1807584911584854,0.25030961632728577,0.26087823510169983,0.7686231136322021,0.44348806142807007,0.3558458983898163,0.22041290998458862,0.0004229421610943973,9.072376997210085e-05,1.6499638149980456e-05,0.0001825763756642118,0.00018991685647051781,2.7751106244977564e-05,8.700067155587021e-07,1.7619411664782092e-05,0.0008401073864661157,0.00021172322158236057,6.833492807345465e-05,0.0005665441858582199,0.24649949371814728,0.33451923727989197,0.4375128149986267,0.01934473216533661,-0.5206477642059326,3.0236976146698,0.12684635818004608,0.2728922367095947,0.23521141707897186,0.2887844145298004,0.24405987560749054,0.30992943048477173,0.3630138039588928,0.27803778648376465,0.28280749917030334,0.3135145604610443,0.3336104452610016
197,0.04803413152694702,0.0,0.0,0.0,0.29673129320144653,0.0,0.0,0.3101668953895569,0.0,0.0,0.0,0.0,0.24695369601249695,0.0,0.0,0.0,0.0789700597524643,0.0,0.0,0.01914386823773384,0.18157142400741577,0.0,0.0,0.0,0.32051795721054077,0.0,0.0,0.23304758965969086,0.0,0.0,0.0,0.0,0.13276900351047516,0.0,0.0,0.0,0.06301072239875793,0.0,0.0,0.06908329576253891,0.3442307710647583,0.19776447117328644,0.26099875569343567,0.276247501373291,0.6885485649108887,0.47066500782966614,0.40636131167411804,0.21685665845870972,0.00047574922791682184,9.613431757315993e-05,1.724381945678033e-05,0.00022559755598194897,0.00018537162395659834,2.9735419957432896e-05,8.840484611027932e-07,1.993772639252711e-05,0.0008702752529643476,0.00022862988407723606,7.334186375373974e-05,0.0007609502645209432,0.25760185718536377,0.3450584411621094,0.47067660093307495,0.055386774241924286,-0.3650786280632019,2.9481987953186035,0.1675545871257782,0.28002622723579407,0.2688008248806,0.26113060116767883,0.24256707727909088,0.27735087275505066,0.3140321969985962,0.28415897488594055,0.22608284652233124,0.3561473488807678,0.3940095007419586
198,0.09916657954454422,0.0,0.0,0.0,0.2605959475040436,0.0,0.0,0.3062821328639984,0.0,0.0,0.0,0.0,0.24699419736862183,0.0,0.0,0.0,0.07589217275381088,0.0,0.0,0.011068972758948803,0.1924266517162323,0.0,0.0,0.0,0.3317239284515381,0.0,0.0,0.22700455784797668,0.0,0.0,0.0,0.0,0.12237348407506943,0.0,0.0,0.0,0.05855664610862732,0.0,0.0,0.06791473180055618,0.303846150636673,0.16103792190551758,0.24654681980609894,0.265668660402298,0.6684934496879578,0.33152610063552856,0.3281046748161316,0.3160007894039154,0.00041041348595172167,8.759175398154184e-05,1.6717967810109258e-05,0.0001951228769030422,0.00019526603864505887,2.6643170713214204e-05,8.550302368348639e-07,1.676678039075341e-05,0.0007429947727359831,0.0002074149961117655,6.916737038409337e-05,0.0006488255457952619,0.2418692708015442,0.333944708108902,0.4571990370750427,0.013085940852761269,-0.4217728078365326,3.026822566986084,0.18929867446422577,0.254483163356781,0.3186934292316437,0.2815326750278473,0.24223415553569794,0.2760770320892334,0.2879401445388794,0.2403966337442398,0.24773988127708435,0.29819026589393616,0.4343615174293518
199,0.04436064884066582,0.0,0.0,0.0,0.15699292719364166,0.0,0.0,0.3011326789855957,0.0,0.0,0.0,0.0,0.338457852602005,0.0,0.0,0.0,0.13440696895122528,0.0,0.0,0.02464890107512474,0.1768622100353241,0.0,0.0,0.0,0.3119027316570282,0.0,0.0,0.23390913009643555,0.0,0.0,0.0,0.0,0.13948678970336914,0.0,0.0,0.0,0.06806470453739166,0.0,0.0,0.06977444142103195,0.30192306637763977,0.2055089771747589,0.2726966440677643,0.32295408844947815,0.7241488695144653,0.5097293853759766,0.4898495376110077,0.490092933177948,0.00039029831532388926,9.93391586234793e-05,1.7856322301668115e-05,0.00020643009338527918,0.00018922879826277494,3.062785981455818e-05,8.448233757007984e-07,1.8186250599683262e-05,0.0007694412488490343,0.0002398331998847425,7.805279892636463e-05,0.0007281244033947587,0.26941171288490295,0.497503399848938,0.4777441918849945,0.07105337083339691,-0.3710201382637024,2.8585004806518555,0.21309910714626312,0.28758278489112854,0.29269033670425415,0.2724778354167938,0.2365313619375229,0.2901380658149719,0.2372455596923828,0.2489912509918213,0.2507362365722656,0.3516816198825836,0.4503825604915619
200,0.055356696248054504,0.0,0.0,0.0,0.1756610870361328,0.0,0.0,0.27272799611091614,0.0,0.0,0.0,0.0,0.29643434286117554,0.0,0.0,0.0,0.1669926941394806,0.0,0.0,0.032827164977788925,0.18041886389255524,0.0,0.0,0.0,0.31587398052215576,0.0,0.0,0.23139671981334686,0.0,0.0,0.0,0.0,0.13631291687488556,0.0,0.0,0.0,0.06703463196754456,0.0,0.0,0.06896287947893143,0.3346153795719147,0.22818362712860107,0.2660474479198456,0.30419161915779114,0.7141686081886292,0.5888817310333252,0.5091150999069214,0.41424474120140076,0.0005066785961389542,0.00010974975884892046,1.7734811990521848e-05,0.00019585483823902905,0.00018689653370529413,3.397047476028092e-05,8.623760550108273e-07,1.8880511561292224e-05,0.0008892775513231754,0.00025371063384227455,7.853388524381444e-05,0.0006978291785344481,0.26437321305274963,0.49624353647232056,0.452945739030838,0.06663674116134644,-0.45526593923568726,2.8997838497161865,0.18597576022148132,0.3478201925754547,0.33579739928245544,0.2494330108165741,0.2381427139043808,0.30392080545425415,0.22748316824436188,0.3000999987125397,0.31751805543899536,0.3100007176399231,0.4309685528278351
201,0.03892337530851364,0.0,0.0,0.0,0.15403631329536438,0.0,0.0,0.40004128217697144,0.0,0.0,0.0,0.0,0.27290579676628113,0.0,0.0,0.0,0.11344651877880096,0.0,0.0,0.020646778866648674,0.17748156189918518,0.0,0.0,0.0,0.31922006607055664,0.0,0.0,0.23458582162857056,0.0,0.0,0.0,0.0,0.13625353574752808,0.0,0.0,0.0,0.06447571516036987,0.0,0.0,0.06798331439495087,0.32499998807907104,0.23437125980854034,0.26188015937805176,0.2918163537979126,0.7136942148208618,0.5227528810501099,0.48694875836372375,0.2245713770389557,0.0005024329875595868,0.0001130348609876819,1.745923509588465e-05,0.00020677997963503003,0.00023651299125049263,3.383813600521535e-05,8.987941555460566e-07,1.8436694517731667e-05,0.0009002940496429801,0.00025698490208014846,7.661830022698268e-05,0.0006902735913172364,0.2607056796550751,0.40698927640914917,0.5267240405082703,0.052233513444662094,-0.54048752784729,2.920151710510254,0.1552802473306656,0.3639187514781952,0.32283705472946167,0.25473347306251526,0.24789854884147644,0.29944178462028503,0.2549346685409546,0.3154602646827698,0.33223757147789,0.2526668608188629,0.385422945022583
202,0.06583752483129501,0.0,0.0,0.0,0.19438594579696655,0.0,0.0,0.37066835165023804,0.0,0.0,0.0,0.0,0.24440056085586548,0.0,0.0,0.0,0.10508032143115997,0.0,0.0,0.01962737739086151,0.1870984435081482,0.0,0.0,0.0,0.3274952173233032,0.0,0.0,0.23034124076366425,0.0,0.0,0.0,0.0,0.1282884180545807,0.0,0.0,0.0,0.060077786445617676,0.0,0.0,0.06669887900352478,0.3115384578704834,0.25760477781295776,0.24631212651729584,0.273253470659256,0.6475979685783386,0.5706436634063721,0.41707631945610046,0.13199248909950256,0.0005081052659079432,0.00012121024337830022,1.7376631149090827e-05,0.00019352507661096752,0.000226013085921295,3.599084811867215e-05,9.150318192041595e-07,2.0264789782231674e-05,0.0008832544554024935,0.00027640542248263955,7.206862210296094e-05,0.0006336274673230946,0.24736012518405914,0.36909911036491394,0.594144880771637,0.02320510521531105,-0.39967527985572815,2.9984586238861084,0.13078555464744568,0.34761562943458557,0.33804354071617126,0.24931600689888,0.25116559863090515,0.2979941964149475,0.24914775788784027,0.3181667923927307,0.3213806748390198,0.28356900811195374,0.35685935616493225
203,0.0932389348745346,0.0,0.0,0.0,0.25996360182762146,0.0,0.0,0.3257581889629364,0.0,0.0,0.0,0.0,0.21063725650310516,0.0,0.0,0.0,0.09277085214853287,0.0,0.0,0.017631135880947113,0.19899284839630127,0.0,0.0,0.0,0.33841854333877563,0.0,0.0,0.22529642283916473,0.0,0.0,0.0,0.0,0.11661887913942337,0.0,0.0,0.0,0.0547875352203846,0.0,0.0,0.06588577479124069,0.27115383744239807,0.20315369963645935,0.23120850324630737,0.26247504353523254,0.6413823962211609,0.4442174434661865,0.33223554491996765,0.20053158700466156,0.0003833606606349349,9.708329889690503e-05,1.624673677724786e-05,0.00017084824503399432,0.00016017386224120855,3.0384095225599594e-05,9.149495099336491e-07,1.8601913325255737e-05,0.0007351631647907197,0.00021547975484281778,6.428940105251968e-05,0.0005454330239444971,0.22998979687690735,0.3210308849811554,0.4391513764858246,-0.0027019898407161236,-0.5078386068344116,3.121668815612793,0.0736667662858963,0.29579105973243713,0.31199944019317627,0.2303774654865265,0.27488258481025696,0.29765117168426514,0.28347229957580566,0.2822587192058563,0.29381468892097473,0.3010217249393463,0.2883819341659546
204,0.054244957864284515,0.0,0.0,0.0,0.19008180499076843,0.0,0.0,0.32783445715904236,0.0,0.0,0.0,0.0,0.30259451270103455,0.0,0.0,0.0,0.10789009928703308,0.0,0.0,0.017354115843772888,0.1908874660730362,0.0,0.0,0.0,0.32918256521224976,0.0,0.0,0.22941561043262482,0.0,0.0,0.0,0.0,0.12550267577171326,0.0,0.0,0.0,0.0589706189930439,0.0,0.0,0.06604105979204178,0.2576923072338104,0.17856287956237793,0.24598252773284912,0.2934131622314453,0.6079152822494507,0.37958812713623047,0.3957061767578125,0.46913349628448486,0.00035995239159092307,8.510856423527002e-05,1.7092344933189452e-05,0.00020413743914104998,0.0001712367811705917,2.6916542992694303e-05,9.179537983072805e-07,1.900432471302338e-05,0.0007041238131932914,0.00019319914281368256,7.025220838841051e-05,0.0006190480780787766,0.24263015389442444,0.42782872915267944,0.5266808271408081,0.03295605629682541,-0.5756909251213074,2.9952592849731445,0.09213384985923767,0.2959488034248352,0.29654935002326965,0.22220207750797272,0.28228309750556946,0.2981357276439667,0.2682449221611023,0.28792470693588257,0.269386887550354,0.3175930082798004,0.25366562604904175
205,0.045030009001493454,0.0,0.0,0.0,0.14783897995948792,0.0,0.0,0.2930470108985901,0.0,0.0,0.0,0.0,0.31822651624679565,0.0,0.0,0.0,0.16149015724658966,0.0,0.0,0.03436731919646263,0.17559784650802612,0.0,0.0,0.0,0.313233882188797,0.0,0.0,0.23310379683971405,0.0,0.0,0.0,0.0,0.13989631831645966,0.0,0.0,0.0,0.06947837024927139,0.0,0.0,0.06868979334831238,0.35384616255760193,0.22522954642772675,0.271166056394577,0.3159680664539337,0.7418826222419739,0.5813360810279846,0.5067970752716064,0.48065754771232605,0.0004935786128044128,9.826292807701975e-05,1.8549486412666738e-05,0.0002170085208490491,0.00021692569134756923,2.8932588975294493e-05,9.10022436073632e-07,2.0581552234943956e-05,0.0008758967742323875,0.00023410088033415377,8.126763714244589e-05,0.0007487130933441222,0.2691171169281006,0.5140756368637085,0.5520459413528442,0.08826330304145813,-0.3838087320327759,2.8097543716430664,0.15108555555343628,0.283694326877594,0.28052428364753723,0.19852079451084137,0.2725994288921356,0.3544604778289795,0.3012400269508362,0.3245570659637451,0.2724609375,0.3255140483379364,0.23574350774288177
206,0.07823574542999268,0.0,0.0,0.0,0.2640359103679657,0.0,0.0,0.3246619403362274,0.0,0.0,0.0,0.0,0.21836385130882263,0.0,0.0,0.0,0.09065379202365875,0.0,0.0,0.024048810824751854,0.19054241478443146,0.0,0.0,0.0,0.33134880661964417,0.0,0.0,0.228186696767807,0.0,0.0,0.0,0.0,0.12459298968315125,0.0,0.0,0.0,0.05918784439563751,0.0,0.0,0.06614124774932861,0.29615384340286255,0.18399201333522797,0.24518851935863495,0.2538922131061554,0.7077171206474304,0.40377211570739746,0.389247328042984,0.1767617017030716,0.00046105022192932665,9.36569704208523e-05,1.7172482330352068e-05,0.00019840851018670946,0.00021200688206590712,2.7128367946716025e-05,9.202822184306569e-07,1.990390956052579e-05,0.0008737807511352003,0.00022452343546319753,7.119188376236707e-05,0.0006607240648008883,0.24179503321647644,0.33305540680885315,0.6504274606704712,0.030933132395148277,-0.43991270661354065,3.0049452781677246,0.1735800802707672,0.2822026014328003,0.30482110381126404,0.18416893482208252,0.24950632452964783,0.35412436723709106,0.33512553572654724,0.29641619324684143,0.27810683846473694,0.36779332160949707,0.272051602602005
207,0.083191879093647,0.0,0.0,0.0,0.2450915426015854,0.0,0.0,0.3102130591869354,0.0,0.0,0.0,0.0,0.24298790097236633,0.0,0.0,0.0,0.090924471616745,0.0,0.0,0.02759108506143093,0.1951921135187149,0.0,0.0,0.0,0.33651572465896606,0.0,0.0,0.22726225852966309,0.0,0.0,0.0,0.0,0.12035299837589264,0.0,0.0,0.0,0.05543771758675575,0.0,0.0,0.06523919105529785,0.2769230902194977,0.18103791773319244,0.23582273721694946,0.2652694582939148,0.6990466713905334,0.3916122317314148,0.3449138104915619,0.3163386881351471,0.00042445975122973323,9.053581743501127e-05,1.6616568245808594e-05,0.00017425365513190627,0.00020027681603096426,2.687072628759779e-05,9.397932672072784e-07,1.7427693819627166e-05,0.0007953412714414299,0.0002146734477719292,6.623981607845053e-05,0.0005463836714625359,0.2330310046672821,0.36149388551712036,0.5456743240356445,0.015591119416058064,-0.45198720693588257,3.0605599880218506,0.16695336997509003,0.25735366344451904,0.27931272983551025,0.21047325432300568,0.2050848752260208,0.37176522612571716,0.28743237257003784,0.27860262989997864,0.29183727502822876,0.325677752494812,0.2792678773403168
208,0.09052345901727676,0.0,0.0,0.0,0.23126071691513062,0.0,0.0,0.29974186420440674,0.0,0.0,0.0,0.0,0.23696289956569672,0.0,0.0,0.0,0.10422594845294952,0.0,0.0,0.03728509694337845,0.19479168951511383,0.0,0.0,0.0,0.332861989736557,0.0,0.0,0.22803804278373718,0.0,0.0,0.0,0.0,0.12126944959163666,0.0,0.0,0.0,0.05742484703660011,0.0,0.0,0.0656139925122261,0.30000001192092896,0.17748503386974335,0.239350825548172,0.2592814266681671,0.7316237688064575,0.4403565526008606,0.38185614347457886,0.25985005497932434,0.00042161764577031136,8.72257660375908e-05,1.67562066053506e-05,0.00018112680118065327,0.00018863685545511544,2.604769542813301e-05,9.352504548587603e-07,1.8119932065019384e-05,0.0007978592766448855,0.00020498607773333788,6.729215238010511e-05,0.0005426217103376985,0.23606060445308685,0.37846341729164124,0.5998393297195435,0.021534603089094162,-0.4066596031188965,3.024600028991699,0.18749181926250458,0.2587229907512665,0.29238998889923096,0.20459593832492828,0.18943485617637634,0.35922980308532715,0.2453238070011139,0.3047218918800354,0.2664400339126587,0.3405517041683197,0.26466548442840576
209,0.07507229596376419,0.0,0.0,0.0,0.23246651887893677,0.0,0.0,0.31280338764190674,0.0,0.0,0.0,0.0,0.24647627770900726,0.0,0.0,0.0,0.11781345307826996,0.0,0.0,0.015368128195405006,0.1969030797481537,0.0,0.0,0.0,0.3369155824184418,0.0,0.0,0.22716832160949707,0.0,0.0,0.0,0.0,0.11992695927619934,0.0,0.0,0.0,0.054745085537433624,0.0,0.0,0.0643409714102745,0.2519230842590332,0.16435129940509796,0.23445194959640503,0.2666666507720947,0.6231071352958679,0.32007020711898804,0.3526582717895508,0.44067418575286865,0.00039658960304223,9.129375393968076e-05,1.676043939369265e-05,0.0001777246070560068,0.00019002285262104124,2.8664471756201237e-05,9.175524837701232e-07,1.915002940222621e-05,0.0006844002055004239,0.00020508842135313898,6.723486876580864e-05,0.0005440986133180559,0.23077388107776642,0.37964776158332825,0.6068394780158997,0.0028221686370670795,-0.3814702033996582,3.0460262298583984,0.18836171925067902,0.29895612597465515,0.34838545322418213,0.19114547967910767,0.2306414246559143,0.33859309554100037,0.21726737916469574,0.3338059186935425,0.30017733573913574,0.3167414367198944,0.2487507462501526
210,0.06590565294027328,0.0,0.0,0.0,0.2383391559123993,0.0,0.0,0.3496561646461487,0.0,0.0,0.0,0.0,0.24390991032123566,0.0,0.0,0.0,0.08812306821346283,0.0,0.0,0.014066068455576897,0.19313979148864746,0.0,0.0,0.0,0.33469340205192566,0.0,0.0,0.23004236817359924,0.0,0.0,0.0,0.0,0.12196746468544006,0.0,0.0,0.0,0.055897247046232224,0.0,0.0,0.06425971537828445,0.23846153914928436,0.1710978001356125,0.23706118762493134,0.2690618634223938,0.465624064207077,0.3727070689201355,0.3853626251220703,0.2664039731025696,0.00042303779628127813,9.990916441893205e-05,1.729865289235022e-05,0.0001854666625149548,0.00018967526557389647,3.0332350434036925e-05,9.256411317437596e-07,1.8633960280567408e-05,0.000703916884958744,0.00021645202650688589,7.030797132756561e-05,0.0006047167116776109,0.2336016595363617,0.34608808159828186,0.47498804330825806,0.018223924562335014,-0.4241138994693756,2.9997894763946533,0.21198618412017822,0.30137398838996887,0.3981063961982727,0.1740119457244873,0.24708089232444763,0.3595079779624939,0.236577570438385,0.3110947012901306,0.2749382257461548,0.3186640739440918,0.2581750154495239
211,0.08239109814167023,0.0,0.0,0.0,0.2686205506324768,0.0,0.0,0.34243205189704895,0.0,0.0,0.0,0.0,0.2173028290271759,0.0,0.0,0.0,0.07625626027584076,0.0,0.0,0.012997210025787354,0.19795271754264832,0.0,0.0,0.0,0.3373550772666931,0.0,0.0,0.22643861174583435,0.0,0.0,0.0,0.0,0.12038048356771469,0.0,0.0,0.0,0.05477965250611305,0.0,0.0,0.06309345364570618,0.20384615659713745,0.18243512511253357,0.23245693743228912,0.24690617620944977,0.460065633058548,0.34945887327194214,0.35325103998184204,0.20630070567131042,0.000400760502088815,0.00010647429735399783,1.723961759125814e-05,0.0001801087346393615,0.00016661948757246137,3.2712850952520967e-05,9.515483156974369e-07,1.6972970115602948e-05,0.0006731024477630854,0.00023403894738294184,6.978888995945454e-05,0.0005688657984137535,0.22968359291553497,0.3065459728240967,0.4994058907032013,0.011642854660749435,-0.5578299164772034,2.999950408935547,0.20715148746967316,0.2882431149482727,0.37915804982185364,0.18636272847652435,0.240354523062706,0.3484272360801697,0.20840975642204285,0.3377155661582947,0.2591366767883301,0.31366875767707825,0.28448057174682617
212,0.0852716937661171,0.0,0.0,0.0,0.24271659553050995,0.0,0.0,0.3129100203514099,0.0,0.0,0.0,0.0,0.23952002823352814,0.0,0.0,0.0,0.09833981841802597,0.0,0.0,0.02124182879924774,0.1925472617149353,0.0,0.0,0.0,0.3352000117301941,0.0,0.0,0.2302156239748001,0.0,0.0,0.0,0.0,0.12277203053236008,0.0,0.0,0.0,0.056886717677116394,0.0,0.0,0.06237836554646492,0.23846153914928436,0.19401197135448456,0.23524844646453857,0.25688621401786804,0.49996092915534973,0.3931964039802551,0.3600850999355316,0.32458433508872986,0.00036855589132755995,0.00010635989747243002,1.7410035070497543e-05,0.000173771200934425,0.00015772633196320385,3.273527545388788e-05,9.62245849223109e-07,1.7640513760852627e-05,0.0006479640724137425,0.0002349974529352039,6.99560041539371e-05,0.0005688571836799383,0.2331075519323349,0.35909023880958557,0.4732900857925415,0.01010360661894083,-0.5962705612182617,2.9999642372131348,0.2460622787475586,0.30163389444351196,0.36554840207099915,0.16586552560329437,0.22331063449382782,0.35492968559265137,0.20503731071949005,0.3905605375766754,0.28121376037597656,0.27232205867767334,0.25678953528404236
213,0.10860900580883026,0.0,0.0,0.0,0.2960110008716583,0.0,0.0,0.33541667461395264,0.0,0.0,0.0,0.0,0.18832772970199585,0.0,0.0,0.0,0.06076377257704735,0.0,0.0,0.010871860198676586,0.19918999075889587,0.0,0.0,0.0,0.34231334924697876,0.0,0.0,0.22965453565120697,0.0,0.0,0.0,0.0,0.11451990157365799,0.0,0.0,0.0,0.05298088118433952,0.0,0.0,0.061341337859630585,0.23269230127334595,0.16319361329078674,0.22357554733753204,0.23453092575073242,0.4735236167907715,0.2914830446243286,0.29163169860839844,0.14405260980129242,0.0003593456349335611,9.927985956892371e-05,1.7334472431684844e-05,0.0001629898906685412,0.0001622837589820847,3.166313035762869e-05,9.737256050357246e-07,1.7241800378542393e-05,0.0006294801132753491,0.0002159954165108502,6.667032721452415e-05,0.0004903266089968383,0.22020508348941803,0.25995495915412903,0.5775056481361389,-0.022218115627765656,-0.5705882906913757,3.081941843032837,0.19424276053905487,0.31374984979629517,0.31475406885147095,0.20324954390525818,0.2316388189792633,0.35915201902389526,0.2447047382593155,0.38439667224884033,0.30709388852119446,0.23309996724128723,0.3093622624874115
214,0.12909851968288422,0.0,0.0,0.0,0.2904700040817261,0.0,0.0,0.30671975016593933,0.0,0.0,0.0,0.0,0.19792814552783966,0.0,0.0,0.0,0.0641600489616394,0.0,0.0,0.011623530648648739,0.20443923771381378,0.0,0.0,0.0,0.3462446928024292,0.0,0.0,0.22596943378448486,0.0,0.0,0.0,0.0,0.11183256655931473,0.0,0.0,0.0,0.051146000623703,0.0,0.0,0.06036806106567383,0.2519230842590332,0.14766466617584229,0.21866418421268463,0.23133732378482819,0.5139533281326294,0.3052319586277008,0.29491350054740906,0.15020065009593964,0.00035294186091050506,8.569087367504835e-05,1.663546936470084e-05,0.00014976593956816941,0.00017141146236099303,2.6581215934129432e-05,9.515615033706126e-07,1.9270737539045513e-05,0.0006532679544761777,0.00019009446259588003,6.237425259314477e-05,0.00042844394920393825,0.2147258222103119,0.2737034261226654,0.4457254409790039,-0.02197955548763275,-0.5178914070129395,3.232794761657715,0.20944371819496155,0.3293761909008026,0.28323879837989807,0.17561134696006775,0.1935461312532425,0.34299182891845703,0.23759770393371582,0.35059306025505066,0.3272087574005127,0.3034403324127197,0.32860445976257324
215,0.0993761196732521,0.0,0.0,0.0,0.2968851327896118,0.0,0.0,0.3052821457386017,0.0,0.0,0.0,0.0,0.20277827978134155,0.0,0.0,0.0,0.08188561350107193,0.0,0.0,0.013792694546282291,0.19849634170532227,0.0,0.0,0.0,0.33774977922439575,0.0,0.0,0.23042906820774078,0.0,0.0,0.0,0.0,0.11909442394971848,0.0,0.0,0.0,0.05417357012629509,0.0,0.0,0.06005680188536644,0.19615384936332703,0.1617564857006073,0.22781774401664734,0.242514967918396,0.38680320978164673,0.35978513956069946,0.3397197127342224,0.15367132425308228,0.0003555156581569463,8.828454883769155e-05,1.7524729628348723e-05,0.00017185494652949274,0.00017481364193372428,2.8853788535343483e-05,9.876297326627537e-07,1.9662100385176018e-05,0.0006995889125391841,0.00019598033395595849,6.652331649092957e-05,0.0005119568668305874,0.22411154210567474,0.2984484136104584,0.5034646987915039,-0.012178301811218262,-0.5358174443244934,3.085256814956665,0.173110693693161,0.3537795841693878,0.30765411257743835,0.2002420723438263,0.20658184587955475,0.2875218689441681,0.26615071296691895,0.3338843286037445,0.2863365113735199,0.28600138425827026,0.34355828166007996
216,0.07243655622005463,0.0,0.0,0.0,0.23597095906734467,0.0,0.0,0.2960778772830963,0.0,0.0,0.0,0.0,0.26615968346595764,0.0,0.0,0.0,0.11098357290029526,0.0,0.0,0.018371401354670525,0.19498826563358307,0.0,0.0,0.0,0.3348372280597687,0.0,0.0,0.2332122027873993,0.0,0.0,0.0,0.0,0.1203392744064331,0.0,0.0,0.0,0.05675199255347252,0.0,0.0,0.05987103283405304,0.2730769217014313,0.19017964601516724,0.22904619574546814,0.2726546823978424,0.6068070530891418,0.4922567903995514,0.3791492283344269,0.33140599727630615,0.0003688966971822083,9.14261763682589e-05,1.757664722390473e-05,0.00017593521624803543,0.00016143254470080137,2.8899788958369754e-05,9.878726814349648e-07,1.902211624837946e-05,0.0007428689859807491,0.00020679250883404166,6.75618794048205e-05,0.0005240046884864569,0.22734759747982025,0.39550384879112244,0.48734432458877563,0.005400131456553936,-0.3605041205883026,3.018394708633423,0.1413920819759369,0.3021736443042755,0.3018488585948944,0.23841916024684906,0.2572312355041504,0.24698098003864288,0.28158000111579895,0.3794728219509125,0.2536797523498535,0.2536452114582062,0.29370003938674927
217,0.06337197870016098,0.0,0.0,0.0,0.20346345007419586,0.0,0.0,0.3078354001045227,0.0,0.0,0.0,0.0,0.30255869030952454,0.0,0.0,0.0,0.10577021539211273,0.0,0.0,0.017000313848257065,0.18902981281280518,0.0,0.0,0.0,0.32990705966949463,0.0,0.0,0.23437662422657013,0.0,0.0,0.0,0.0,0.12621192634105682,0.0,0.0,0.0,0.06075534597039223,0.0,0.0,0.059719234704971313,0.22692307829856873,0.19205589592456818,0.23852935433387756,0.2878243327140808,0.4926859736442566,0.4083220064640045,0.43359944224357605,0.4155532419681549,0.00034024473279714584,9.449721983401105e-05,1.8021044525085017e-05,0.000187118595931679,0.00012978962331544608,2.9227945560705848e-05,9.83594418357825e-07,1.8505048501538113e-05,0.0006148236570879817,0.00021545912022702396,7.269863999681547e-05,0.0006022700690664351,0.2363876849412918,0.4253189265727997,0.4225102961063385,0.030306201428174973,-0.4542468786239624,2.9688167572021484,0.16335803270339966,0.26187101006507874,0.32066696882247925,0.23556415736675262,0.24711133539676666,0.22128282487392426,0.2970523536205292,0.3884994387626648,0.27268773317337036,0.2844363749027252,0.31353840231895447
218,0.07083253562450409,0.0,0.0,0.0,0.2011156678199768,0.0,0.0,0.3113870620727539,0.0,0.0,0.0,0.0,0.2895253598690033,0.0,0.0,0.0,0.10881190747022629,0.0,0.0,0.018327457830309868,0.19333788752555847,0.0,0.0,0.0,0.33462288975715637,0.0,0.0,0.2317630648612976,0.0,0.0,0.0,0.0,0.12262994050979614,0.0,0.0,0.0,0.059007324278354645,0.0,0.0,0.05863887816667557,0.1903846114873886,0.2083832323551178,0.23082147538661957,0.27165669202804565,0.4685874283313751,0.4053371250629425,0.4227171540260315,0.40807265043258667,0.00034231814788654447,9.904954640660435e-05,1.6919875633902848e-05,0.00016257254173979163,0.00014403705426957458,3.0472770959022455e-05,9.4859569799155e-07,1.6935269741225056e-05,0.0005943492287769914,0.00022305065067484975,6.649057468166575e-05,0.0005024064448662102,0.2299434095621109,0.4166524112224579,0.4777299463748932,0.019142497330904007,-0.40672004222869873,2.986755132675171,0.14950303733348846,0.24468731880187988,0.3318639397621155,0.21522077918052673,0.2394772171974182,0.21527446806430817,0.25064927339553833,0.3320420980453491,0.259161114692688,0.2598360478878021,0.2541787922382355
219,0.10455446690320969,0.0,0.0,0.0,0.29899129271507263,0.0,0.0,0.3087151050567627,0.0,0.0,0.0,0.0,0.2117334008216858,0.0,0.0,0.0,0.06476932764053345,0.0,0.0,0.011236438527703285,0.20575299859046936,0.0,0.0,0.0,0.34578901529312134,0.0,0.0,0.22594746947288513,0.0,0.0,0.0,0.0,0.11228318512439728,0.0,0.0,0.0,0.05388913303613663,0.0,0.0,0.056338198482990265,0.20192307233810425,0.1702594757080078,0.21481898427009583,0.25309380888938904,0.4210713505744934,0.27889254689216614,0.29498177766799927,0.26590800285339355,0.0003185466048307717,9.326140570919961e-05,1.6224963474087417e-05,0.0001638751127757132,0.00013842200860381126,2.8423048206605017e-05,9.437892458663555e-07,1.7884063709061593e-05,0.0005907468730583787,0.00020514089555945247,6.060351734049618e-05,0.000474455242510885,0.21265891194343567,0.2877306640148163,0.5307765007019043,-0.019935501739382744,-0.47840237617492676,3.10697603225708,0.20782853662967682,0.2609110176563263,0.37611573934555054,0.19639267027378082,0.2145213484764099,0.20247139036655426,0.25515076518058777,0.32372942566871643,0.2966325879096985,0.22717411816120148,0.2565205991268158
220,0.11374218016862869,0.0,0.0,0.0,0.28629735112190247,0.0,0.0,0.307003378868103,0.0,0.0,0.0,0.0,0.199705570936203,0.0,0.0,0.0,0.07775375247001648,0.0,0.0,0.01549779623746872,0.2045283317565918,0.0,0.0,0.0,0.34569165110588074,0.0,0.0,0.22649182379245758,0.0,0.0,0.0,0.0,0.11250334233045578,0.0,0.0,0.0,0.05506672337651253,0.0,0.0,0.05571813881397247,0.24038460850715637,0.18510977923870087,0.21448689699172974,0.23932135105133057,0.6093823313713074,0.31672871112823486,0.311846524477005,0.16702516376972198,0.0003435647231526673,9.16474309633486e-05,1.6109279386000708e-05,0.00015724007971584797,0.00014923594426363707,2.76426271739183e-05,9.50300659496861e-07,1.67480502568651e-05,0.0006367264431901276,0.00020343872893135995,6.048127033864148e-05,0.0004458778421394527,0.2130996733903885,0.2929466664791107,0.6558413505554199,-0.017387960106134415,-0.5111339688301086,3.0890941619873047,0.19310009479522705,0.2816184461116791,0.3044908046722412,0.18696585297584534,0.20652031898498535,0.20961478352546692,0.2967977225780487,0.29275181889533997,0.34902650117874146,0.22777704894542694,0.23749403655529022
221,0.05547970533370972,0.0,0.0,0.0,0.1626034677028656,0.0,0.0,0.28396257758140564,0.0,0.0,0.0,0.0,0.3318639099597931,0.0,0.0,0.0,0.13875868916511536,0.0,0.0,0.027331629768013954,0.18630188703536987,0.0,0.0,0.0,0.3202036917209625,0.0,0.0,0.23429836332798004,0.0,0.0,0.0,0.0,0.13391642272472382,0.0,0.0,0.0,0.06735865026712418,0.0,0.0,0.05792098864912987,0.32499998807907104,0.2472255527973175,0.24652935564517975,0.27564868330955505,0.7715054154396057,0.5129607319831848,0.51716148853302,0.4388282299041748,0.0004149899468757212,0.00010662081331247464,1.745624831528403e-05,0.00018890309729613364,0.00014676546561531723,3.127516538370401e-05,9.597259804650093e-07,1.9167908249073662e-05,0.0007626675651408732,0.0002475052315276116,7.277617987710983e-05,0.0006109551759436727,0.24700288474559784,0.49794214963912964,0.4766237735748291,0.07784010469913483,-0.4495197832584381,2.8092269897460938,0.1499098241329193,0.26837751269340515,0.3465248942375183,0.2052304595708847,0.22346113622188568,0.27143070101737976,0.2947506308555603,0.28885915875434875,0.2929879128932953,0.22820830345153809,0.245136559009552
222,0.08491704612970352,0.0,0.0,0.0,0.2495841085910797,0.0,0.0,0.2968764901161194,0.0,0.0,0.0,0.0,0.23886902630329132,0.0,0.0,0.0,0.10639350116252899,0.0,0.0,0.02335979789495468,0.1960698813199997,0.0,0.0,0.0,0.33345118165016174,0.0,0.0,0.2309924066066742,0.0,0.0,0.0,0.0,0.12503749132156372,0.0,0.0,0.0,0.059476062655448914,0.0,0.0,0.054972998797893524,0.2750000059604645,0.2108183652162552,0.22858677804470062,0.25069859623908997,0.629747748374939,0.42326757311820984,0.418719083070755,0.23470376431941986,0.0003607709368225187,9.41136822802946e-05,1.665758463786915e-05,0.00018699566135182977,0.00014007263234816492,2.8263977583264932e-05,9.366467565996572e-07,1.9780854927375913e-05,0.0006608433905057609,0.00021705897233914584,6.700104131596163e-05,0.000609230191912502,0.2278672307729721,0.3686116337776184,0.4762469530105591,0.036502230912446976,-0.4221545457839966,2.9582207202911377,0.14660213887691498,0.2627068758010864,0.3058357536792755,0.19520695507526398,0.2289971113204956,0.28216102719306946,0.3348023593425751,0.23893722891807556,0.276894211769104,0.2509619891643524,0.23692575097084045
223,0.09275325387716293,0.0,0.0,0.0,0.2771000564098358,0.0,0.0,0.3423744738101959,0.0,0.0,0.0,0.0,0.20286254584789276,0.0,0.0,0.0,0.07246115803718567,0.0,0.0,0.012448488734662533,0.2001299262046814,0.0,0.0,0.0,0.34128132462501526,0.0,0.0,0.23046788573265076,0.0,0.0,0.0,0.0,0.11796440929174423,0.0,0.0,0.0,0.05639461427927017,0.0,0.0,0.053761839866638184,0.20961537957191467,0.17616766691207886,0.21899625658988953,0.23453092575073242,0.44869035482406616,0.3495008051395416,0.33837297558784485,0.14627572894096375,0.0003250572190154344,8.199483272619545e-05,1.6099254935397767e-05,0.00017397760530002415,0.00015153716958593577,2.5358040147693828e-05,9.179935887004831e-07,2.0184190361760557e-05,0.0005955527885816991,0.0001872913126135245,6.27635745331645e-05,0.0005318065523169935,0.216676726937294,0.2877638339996338,0.4261239767074585,-0.00615581963211298,-0.48240959644317627,3.012674331665039,0.09993183612823486,0.25261175632476807,0.24141143262386322,0.24709130823612213,0.2371155321598053,0.2664564251899719,0.32938051223754883,0.254909485578537,0.2523908019065857,0.23578304052352905,0.26907458901405334
224,0.10864602029323578,0.0,0.0,0.0,0.27849987149238586,0.0,0.0,0.31512290239334106,0.0,0.0,0.0,0.0,0.209099680185318,0.0,0.0,0.0,0.07489752769470215,0.0,0.0,0.013733973726630211,0.2081252783536911,0.0,0.0,0.0,0.34414029121398926,0.0,0.0,0.22463174164295197,0.0,0.0,0.0,0.0,0.11480884253978729,0.0,0.0,0.0,0.055229492485523224,0.0,0.0,0.05306435003876686,0.18076923489570618,0.1720159649848938,0.21368540823459625,0.24131736159324646,0.3479349911212921,0.34568125009536743,0.3188357651233673,0.22827023267745972,0.0003002088633365929,7.663676660740748e-05,1.6097648767754436e-05,0.00016225800209213048,0.00014631041267421097,2.4305019906023517e-05,9.137777396972524e-07,1.805541069188621e-05,0.0005308717372827232,0.00017021801613736898,6.12955482210964e-05,0.0004893346922472119,0.2115454375743866,0.29772037267684937,0.4638698995113373,-0.010961477644741535,-0.35881584882736206,3.0487923622131348,0.14199042320251465,0.24937227368354797,0.24143387377262115,0.18654747307300568,0.24787598848342896,0.21705369651317596,0.2695120573043823,0.3166641891002655,0.23126433789730072,0.21272116899490356,0.274446576833725
225,0.051136329770088196,0.0,0.0,0.0,0.1530463695526123,0.0,0.0,0.2520502805709839,0.0,0.0,0.0,0.0,0.2773352265357971,0.0,0.0,0.0,0.18360671401023865,0.0,0.0,0.08282513916492462,0.18711674213409424,0.0,0.0,0.0,0.3192408084869385,0.0,0.0,0.2341955453157425,0.0,0.0,0.0,0.0,0.13710670173168182,0.0,0.0,0.0,0.06702400743961334,0.0,0.0,0.05531618744134903,0.26538461446762085,0.2119361311197281,0.246686652302742,0.3221556842327118,0.553229033946991,0.454927533864975,0.49740681052207947,0.6114435195922852,0.00031402456806972623,8.800742216408253e-05,1.7909827874973416e-05,0.0002014685596805066,0.00014500677934847772,2.849966040230356e-05,9.153819746643421e-07,1.96079708985053e-05,0.0005947600002400577,0.00020172532822471112,7.490531424991786e-05,0.0007236380479298532,0.2455669641494751,0.5437560677528381,0.4783461093902588,0.09150748699903488,-0.24624475836753845,2.7744274139404297,0.19145891070365906,0.29114285111427307,0.2695034444332123,0.2539256513118744,0.26147377490997314,0.21561288833618164,0.28391751646995544,0.37075895071029663,0.20364221930503845,0.18499603867530823,0.2614506185054779
226,0.044415734708309174,0.0,0.0,0.0,0.15840546786785126,0.0,0.0,0.30129721760749817,0.0,0.0,0.0,0.0,0.35215720534324646,0.0,0.0,0.0,0.12140566110610962,0.0,0.0,0.022318651899695396,0.18704336881637573,0.0,0.0,0.0,0.32341983914375305,0.0,0.0,0.23578976094722748,0.0,0.0,0.0,0.0,0.13640594482421875,0.0,0.0,0.0,0.06377382576465607,0.0,0.0,0.05356726422905922,0.2519230842590332,0.21832334995269775,0.24005244672298431,0.31576845049858093,0.616951584815979,0.414285272359848,0.45180678367614746,0.5601516366004944,0.00030746779520995915,8.884710405254737e-05,1.7557726096129045e-05,0.0002132898662239313,0.0001350276725133881,2.8457197913667187e-05,8.794020232016919e-07,1.821376099542249e-05,0.0006025537149980664,0.00020295637659728527,7.341131276916713e-05,0.0007074371096678078,0.23968406021595,0.4958716034889221,0.5802457332611084,0.07679126411676407,-0.23592247068881989,2.749314546585083,0.25757965445518494,0.3196830153465271,0.22240114212036133,0.2573964297771454,0.27108052372932434,0.18649263679981232,0.2833324670791626,0.3886542022228241,0.18685480952262878,0.1677480787038803,0.2262115478515625
227,0.05296218395233154,0.0,0.0,0.0,0.16223756968975067,0.0,0.0,0.3157263696193695,0.0,0.0,0.0,0.0,0.3262234926223755,0.0,0.0,0.0,0.11946332454681396,0.0,0.0,0.023387057706713676,0.1929222196340561,0.0,0.0,0.0,0.3301190733909607,0.0,0.0,0.23143184185028076,0.0,0.0,0.0,0.0,0.13105382025241852,0.0,0.0,0.0,0.06245170161128044,0.0,0.0,0.052021343261003494,0.20961537957191467,0.20175649225711823,0.2325643002986908,0.29061874747276306,0.5058580040931702,0.4095304608345032,0.4599108397960663,0.49770134687423706,0.00034333960502408445,9.149481047643349e-05,1.7851798475021496e-05,0.00019883032655343413,0.00012745425920002162,2.8582619052031077e-05,8.966164273260802e-07,1.8593656932353042e-05,0.0006618489278480411,0.00020463898545131087,7.266057218657807e-05,0.000665254017803818,0.23142109811306,0.4690623879432678,0.42971307039260864,0.06100994721055031,-0.34489527344703674,2.8276185989379883,0.21019718050956726,0.23961524665355682,0.2776811718940735,0.3113902807235718,0.3155444860458374,0.2199241667985916,0.2800670266151428,0.36113131046295166,0.20459964871406555,0.1713102161884308,0.23476241528987885
228,0.1524157077074051,0.0,0.0,0.0,0.31583377718925476,0.0,0.0,0.29408976435661316,0.0,0.0,0.0,0.0,0.1774517446756363,0.0,0.0,0.0,0.05164499953389168,0.0,0.0,0.008563989773392677,0.22125208377838135,0.0,0.0,0.0,0.35782644152641296,0.0,0.0,0.21865910291671753,0.0,0.0,0.0,0.0,0.10653673112392426,0.0,0.0,0.0,0.04905446246266365,0.0,0.0,0.04667118936777115,0.20000000298023224,0.16387225687503815,0.1914556920528412,0.21856287121772766,0.46943533420562744,0.3064424395561218,0.2527102530002594,0.13524487614631653,0.00032812549034133554,8.492148481309414e-05,1.569550295243971e-05,0.00016032179701142013,0.00014605412434320897,2.749168561422266e-05,8.475518598061171e-07,1.8022588847088628e-05,0.0006104519125074148,0.00018333351181354374,5.9309459174983203e-05,0.00047273130621761084,0.19017817080020905,0.23765245079994202,0.40991201996803284,-0.03186663240194321,-0.5022668838500977,3.207693099975586,0.14081962406635284,0.24063530564308167,0.26868677139282227,0.29974132776260376,0.29910528659820557,0.24490652978420258,0.2385115921497345,0.3218393325805664,0.25671976804733276,0.18544812500476837,0.26737180352211
229,0.08636625111103058,0.0,0.0,0.0,0.2637215256690979,0.0,0.0,0.3489510715007782,0.0,0.0,0.0,0.0,0.22138915956020355,0.0,0.0,0.0,0.06690599024295807,0.0,0.0,0.012665994465351105,0.20909792184829712,0.0,0.0,0.0,0.3453540802001953,0.0,0.0,0.22940181195735931,0.0,0.0,0.0,0.0,0.11790847778320312,0.0,0.0,0.0,0.05289151147007942,0.0,0.0,0.045346181839704514,0.23269230127334595,0.186506986618042,0.20333334803581238,0.23393212258815765,0.5962072610855103,0.3557899296283722,0.3225971758365631,0.21348072588443756,0.0003495038254186511,9.463263995712623e-05,1.6426845832029358e-05,0.00015438463015016168,0.00015239164349623024,2.9786157028866e-05,8.473705292999512e-07,1.5907806300674565e-05,0.0006701956735923886,0.00021226682292763144,6.405160820577294e-05,0.0004985276609659195,0.20274659991264343,0.30095145106315613,0.4967353045940399,0.0034242167603224516,-0.4565405249595642,3.0222771167755127,0.11584534496068954,0.2164958119392395,0.29048964381217957,0.26430192589759827,0.3039108216762543,0.2695140838623047,0.23975205421447754,0.294778436422348,0.2561613917350769,0.20972347259521484,0.2753700911998749
230,0.05226273089647293,0.0,0.0,0.0,0.16475830972194672,0.0,0.0,0.2975805103778839,0.0,0.0,0.0,0.0,0.30621251463890076,0.0,0.0,0.0,0.16433009505271912,0.0,0.0,0.014855894260108471,0.19470053911209106,0.0,0.0,0.0,0.3349161744117737,0.0,0.0,0.23712947964668274,0.0,0.0,0.0,0.0,0.13062690198421478,0.0,0.0,0.0,0.05772578343749046,0.0,0.0,0.04490113630890846,0.24230769276618958,0.1910179704427719,0.21906867623329163,0.28343313932418823,0.5612110495567322,0.3518750071525574,0.4344187378883362,0.5826892256736755,0.0003491320530883968,9.986072109313682e-05,1.7781532733351924e-05,0.00017266496433876455,0.00014146945613902062,3.140764238196425e-05,8.460809794996749e-07,1.6363115719286725e-05,0.0006727352738380432,0.00022515066666528583,7.341952732531354e-05,0.0005942934658378363,0.2182147204875946,0.4853888750076294,0.39657628536224365,0.053921204060316086,-0.36359721422195435,2.9093151092529297,0.14904288947582245,0.215601846575737,0.32275891304016113,0.2839854657649994,0.2820316553115845,0.2660534381866455,0.22375139594078064,0.3396103084087372,0.30274346470832825,0.2348405122756958,0.32347896695137024
231,0.06736857444047928,0.0,0.0,0.0,0.1915460079908371,0.0,0.0,0.2995133697986603,0.0,0.0,0.0,0.0,0.3029978573322296,0.0,0.0,0.0,0.12425370514392853,0.0,0.0,0.014320478774607182,0.20450742542743683,0.0,0.0,0.0,0.34557273983955383,0.0,0.0,0.2341773957014084,0.0,0.0,0.0,0.0,0.12061408162117004,0.0,0.0,0.0,0.05281372368335724,0.0,0.0,0.04231462627649307,0.23461538553237915,0.16930140554904938,0.20260176062583923,0.2538922131061554,0.5478644371032715,0.2958443760871887,0.38099411129951477,0.5709440112113953,0.0003576077870093286,9.201058855978772e-05,1.675727980909869e-05,0.00014505631406791508,0.0001821601326810196,2.9108387025189586e-05,8.160939160006819e-07,1.5219921806419734e-05,0.0006827289471402764,0.000208556346478872,6.799888069508597e-05,0.00043668545549735427,0.20130139589309692,0.4415612816810608,0.5023421049118042,0.0167448278516531,-0.4439745247364044,3.0570456981658936,0.09261269867420197,0.2620447278022766,0.30489182472229004,0.32732969522476196,0.2897142767906189,0.2882850170135498,0.2459959238767624,0.3162062168121338,0.2978598177433014,0.2524363398551941,0.31695306301116943
232,0.095130056142807,0.0,0.0,0.0,0.2623485028743744,0.0,0.0,0.3070228099822998,0.0,0.0,0.0,0.0,0.2263842672109604,0.0,0.0,0.0,0.10007057338953018,0.0,0.0,0.009043833240866661,0.2121722251176834,0.0,0.0,0.0,0.3568298816680908,0.0,0.0,0.2304118573665619,0.0,0.0,0.0,0.0,0.1122058853507042,0.0,0.0,0.0,0.048192620277404785,0.0,0.0,0.0401875339448452,0.25961539149284363,0.15481038391590118,0.18780025839805603,0.24091815948486328,0.5653178095817566,0.27582794427871704,0.3038519620895386,0.4069904386997223,0.0003410176723264158,8.234041160903871e-05,1.587225415278226e-05,0.0001477423356845975,0.00017020286759361625,2.6595505914883688e-05,8.174663435056573e-07,1.5853711374802515e-05,0.0006380900740623474,0.00018083017494063824,6.042622771929018e-05,0.0004203397547826171,0.18658718466758728,0.3354876637458801,0.48254668712615967,-0.013317336328327656,-0.4223068952560425,3.2252602577209473,0.13348335027694702,0.3301135301589966,0.2700675129890442,0.3149861991405487,0.26835542917251587,0.2632904350757599,0.22210924327373505,0.32273051142692566,0.2928049564361572,0.22195248305797577,0.2522329092025757
233,0.15024495124816895,0.0,0.0,0.0,0.31129416823387146,0.0,0.0,0.3058827519416809,0.0,0.0,0.0,0.0,0.16959021985530853,0.0,0.0,0.0,0.054069314152002335,0.0,0.0,0.008918608538806438,0.22523225843906403,0.0,0.0,0.0,0.3671949505805969,0.0,0.0,0.22212299704551697,0.0,0.0,0.0,0.0,0.10283059626817703,0.0,0.0,0.0,0.04477529972791672,0.0,0.0,0.03784388303756714,0.16923077404499054,0.13353294134140015,0.17381274700164795,0.21816366910934448,0.4326867461204529,0.27321624755859375,0.24518704414367676,0.11773378401994705,0.00032990315230563283,7.72404091549106e-05,1.533080830995459e-05,0.00014150890638120472,0.00016897563182283193,2.4534603653592058e-05,8.519438097209786e-07,1.5801208064658567e-05,0.0005906023434363306,0.00016842351760715246,5.59416257601697e-05,0.0003823868464678526,0.17198200523853302,0.23256859183311462,0.39317381381988525,-0.04273811727762222,-0.39114508032798767,3.448594808578491,0.22104956209659576,0.30034998059272766,0.2352937012910843,0.3306105136871338,0.30238986015319824,0.27122142910957336,0.18388989567756653,0.3948610723018646,0.28179931640625,0.20205897092819214,0.22674253582954407
234,0.10731611400842667,0.0,0.0,0.0,0.23679080605506897,0.0,0.0,0.3567485511302948,0.0,0.0,0.0,0.0,0.21726085245609283,0.0,0.0,0.0,0.07103190571069717,0.0,0.0,0.010851733386516571,0.20490801334381104,0.0,0.0,0.0,0.34756118059158325,0.0,0.0,0.23661011457443237,0.0,0.0,0.0,0.0,0.12191994488239288,0.0,0.0,0.0,0.0514189787209034,0.0,0.0,0.037581779062747955,0.24038460850715637,0.1611177623271942,0.1963920146226883,0.246307373046875,0.5573859810829163,0.391646146774292,0.3452446162700653,0.1715858280658722,0.0003765951842069626,8.518357935827225e-05,1.756064739311114e-05,0.000175126624526456,0.00018842663848772645,2.7365522328182124e-05,9.018183959597081e-07,1.8497779819881544e-05,0.0006632509175688028,0.00019324186723679304,6.846522592240945e-05,0.000542777415830642,0.19497542083263397,0.29913511872291565,0.5311546325683594,0.009781467728316784,-0.3250543177127838,3.0522913932800293,0.2040102481842041,0.3131924569606781,0.27072665095329285,0.4047946631908417,0.29400354623794556,0.280436247587204,0.2140239179134369,0.35185644030570984,0.3024526834487915,0.22214557230472565,0.2139892578125
235,0.04821142554283142,0.0,0.0,0.0,0.1642952710390091,0.0,0.0,0.29897981882095337,0.0,0.0,0.0,0.0,0.33561739325523376,0.0,0.0,0.0,0.13278594613075256,0.0,0.0,0.02011014148592949,0.18953032791614532,0.0,0.0,0.0,0.3323299288749695,0.0,0.0,0.2417251616716385,0.0,0.0,0.0,0.0,0.13862916827201843,0.0,0.0,0.0,0.0601884126663208,0.0,0.0,0.037596993148326874,0.2788461446762085,0.1914570927619934,0.21844445168972015,0.30019959807395935,0.5859009623527527,0.5208320021629333,0.4710177481174469,0.49120545387268066,0.00042417756048962474,9.918562864186242e-05,1.944761970662512e-05,0.00019474286818876863,0.00020814209710806608,3.0204630093066953e-05,9.2158740017112e-07,1.7974822185351513e-05,0.0007521206280216575,0.0002303508808836341,8.092063217191026e-05,0.0006814230582676828,0.21789923310279846,0.48850372433662415,0.6756443977355957,0.07433260977268219,-0.2739141881465912,2.8497841358184814,0.22642864286899567,0.3413146138191223,0.24615880846977234,0.473185271024704,0.26767498254776,0.29902228713035583,0.23494771122932434,0.34525811672210693,0.2946760952472687,0.2525728642940521,0.2531736493110657
236,0.0558704175055027,0.0,0.0,0.0,0.17375563085079193,0.0,0.0,0.2843450903892517,0.0,0.0,0.0,0.0,0.35687118768692017,0.0,0.0,0.0,0.11340516060590744,0.0,0.0,0.015752527862787247,0.20324566960334778,0.0,0.0,0.0,0.3479117453098297,0.0,0.0,0.23973038792610168,0.0,0.0,0.0,0.0,0.12357882410287857,0.0,0.0,0.0,0.05182915925979614,0.0,0.0,0.033704232424497604,0.2903846204280853,0.17904192209243774,0.1915680468082428,0.288223534822464,0.6063418984413147,0.47149479389190674,0.39848047494888306,0.5700191855430603,0.000420289026806131,9.719668014440686e-05,1.8505848856875673e-05,0.00020091491751372814,0.0002019517996814102,2.9760838515358046e-05,9.249473578165635e-07,1.8635260857990943e-05,0.0007319145952351391,0.00021767595899291337,7.420103793265298e-05,0.0006936659337952733,0.19208268821239471,0.48601600527763367,0.5217114686965942,0.048992376774549484,-0.4313436448574066,2.9926013946533203,0.2303360253572464,0.326692670583725,0.24581407010555267,0.42791467905044556,0.26198169589042664,0.31498023867607117,0.19503960013389587,0.41335007548332214,0.30097949504852295,0.267934113740921,0.2594388723373413
237,0.1315944641828537,0.0,0.0,0.0,0.3028157949447632,0.0,0.0,0.3321070969104767,0.0,0.0,0.0,0.0,0.17866620421409607,0.0,0.0,0.0,0.04740128666162491,0.0,0.0,0.007415133062750101,0.22717121243476868,0.0,0.0,0.0,0.3707816004753113,0.0,0.0,0.2261851280927658,0.0,0.0,0.0,0.0,0.10456005483865738,0.0,0.0,0.0,0.04140525311231613,0.0,0.0,0.029896752908825874,0.22692307829856873,0.12411177903413773,0.1623445749282837,0.2255488932132721,0.5744394063949585,0.28500059247016907,0.25838321447372437,0.14085213840007782,0.0004044732777401805,8.329868433065712e-05,1.6633632185403258e-05,0.00018424142035655677,0.00018458899285178632,2.621395469759591e-05,9.63975367085368e-07,1.9220708054490387e-05,0.0007201878470368683,0.00018956353596877307,6.232536543393508e-05,0.0005507150199264288,0.16093532741069794,0.2334735244512558,0.47396308183670044,-0.02255026064813137,-0.3910134434700012,3.2983598709106445,0.21115492284297943,0.336337149143219,0.24779632687568665,0.43638795614242554,0.2422114908695221,0.294739305973053,0.2357950508594513,0.38690444827079773,0.28156793117523193,0.31533315777778625,0.24876727163791656
238,0.10807155072689056,0.0,0.0,0.0,0.30826327204704285,0.0,0.0,0.3397664427757263,0.0,0.0,0.0,0.0,0.17871437966823578,0.0,0.0,0.0,0.05828748270869255,0.0,0.0,0.0068968515843153,0.2253635823726654,0.0,0.0,0.0,0.3725969195365906,0.0,0.0,0.2275822013616562,0.0,0.0,0.0,0.0,0.10535676032304764,0.0,0.0,0.0,0.04106494039297104,0.0,0.0,0.02803559973835945,0.19423076510429382,0.14562875032424927,0.15895381569862366,0.2311377227306366,0.5592817664146423,0.33952486515045166,0.24422676861286163,0.1434468775987625,0.0003603399090934545,8.468025043839589e-05,1.6829582818900235e-05,0.0001689066702965647,0.0001521524100098759,2.6880279619945213e-05,9.934707350112149e-07,1.8204129446530715e-05,0.0006349596660584211,0.0001886126701720059,6.172475696075708e-05,0.0004853069258388132,0.15906096994876862,0.2438901662826538,0.3586442470550537,-0.02544725500047207,-0.5107353925704956,3.3108041286468506,0.19327063858509064,0.3202114999294281,0.25407713651657104,0.4161498546600342,0.25556614995002747,0.28219372034072876,0.24278505146503448,0.3865411579608917,0.25290006399154663,0.31177034974098206,0.2576928436756134
239,0.08319349586963654,0.0,0.0,0.0,0.25612807273864746,0.0,0.0,0.3639272153377533,0.0,0.0,0.0,0.0,0.2211209535598755,0.0,0.0,0.0,0.06919781118631363,0.0,0.0,0.006432366091758013,0.20870809257030487,0.0,0.0,0.0,0.35833704471588135,0.0,0.0,0.2417319118976593,0.0,0.0,0.0,0.0,0.11817102134227753,0.0,0.0,0.0,0.04664154723286629,0.0,0.0,0.02641037106513977,0.19615384936332703,0.15896207094192505,0.17346817255020142,0.2596806287765503,0.4632379710674286,0.30213403701782227,0.3158435821533203,0.26176533102989197,0.00035900488728657365,0.00010126407141797245,1.843145946622826e-05,0.00021230211132206023,0.0001531985035398975,3.086549259023741e-05,1.027641587825201e-06,2.144726568076294e-05,0.0006749677122570574,0.00022440233442466706,7.241992716444656e-05,0.0006922425818629563,0.17365455627441406,0.2967415452003479,0.4236292243003845,0.01140153594315052,-0.4686031937599182,2.995333433151245,0.19101104140281677,0.29647505283355713,0.25274333357810974,0.34152835607528687,0.2452089488506317,0.31939491629600525,0.2497253715991974,0.43247318267822266,0.2303849309682846,0.3125861585140228,0.2989466190338135
240,0.1083461344242096,0.0,0.0,0.0,0.29564201831817627,0.0,0.0,0.3744980990886688,0.0,0.0,0.0,0.0,0.16865059733390808,0.0,0.0,0.0,0.04839421436190605,0.0,0.0,0.004468907602131367,0.21300065517425537,0.0,0.0,0.0,0.36312413215637207,0.0,0.0,0.240998774766922,0.0,0.0,0.0,0.0,0.11497259885072708,0.0,0.0,0.0,0.04387577995657921,0.0,0.0,0.02402806654572487,0.19230769574642181,0.16003991663455963,0.16502122581005096,0.22095808386802673,0.4433053731918335,0.2744333744049072,0.29458338022232056,0.09876713156700134,0.00040367996552959085,0.00010695232776924968,1.7842199667938985e-05,0.0001945118565345183,0.00016904139192774892,3.2619271223666146e-05,1.0186104191234335e-06,2.0450339434319176e-05,0.000685074192006141,0.00023643374152015895,6.949955422896892e-05,0.0006708500441163778,0.16541478037834167,0.2215052992105484,0.44968000054359436,0.0012936380226165056,-0.5706740617752075,3.0038864612579346,0.1729678362607956,0.26715150475502014,0.2726031243801117,0.2795451283454895,0.25362685322761536,0.32368478178977966,0.28371620178222656,0.43813979625701904,0.2625492811203003,0.2845381796360016,0.32998815178871155
241,0.10448303073644638,0.0,0.0,0.0,0.2861270010471344,0.0,0.0,0.39304420351982117,0.0,0.0,0.0,0.0,0.160129114985466,0.0,0.0,0.0,0.051528800278902054,0.0,0.0,0.0046878657303750515,0.21437802910804749,0.0,0.0,0.0,0.3655036389827728,0.0,0.0,0.23875679075717926,0.0,0.0,0.0,0.0,0.11470809578895569,0.0,0.0,0.0,0.044027991592884064,0.0,0.0,0.022625459358096123,0.20769231021404266,0.17073851823806763,0.16241198778152466,0.20199599862098694,0.527342677116394,0.3280808925628662,0.3130052387714386,0.04877730458974838,0.00040276499930769205,0.00011427690333221108,1.7314734577666968e-05,0.0001842464553192258,0.0001695226674200967,3.4877710277214646e-05,1.0039112794402172e-06,1.8627879398991354e-05,0.0006765348953194916,0.00024725456023588777,6.86415150994435e-05,0.0006091839168220758,0.1634105145931244,0.21633824706077576,0.5039395689964294,0.011757085099816322,-0.5554159879684448,3.015211582183838,0.16557040810585022,0.28359317779541016,0.2990752160549164,0.2602267563343048,0.3153291940689087,0.27007606625556946,0.3073436915874481,0.43923279643058777,0.2581234872341156,0.3042413294315338,0.2739945948123932
242,0.14777204394340515,0.0,0.0,0.0,0.3432977497577667,0.0,0.0,0.28799617290496826,0.0,0.0,0.0,0.0,0.17034073173999786,0.0,0.0,0.0,0.044821783900260925,0.0,0.0,0.00577153405174613,0.22996340692043304,0.0,0.0,0.0,0.3755415081977844,0.0,0.0,0.22632673382759094,0.0,0.0,0.0,0.0,0.10591069608926773,0.0,0.0,0.0,0.04141724482178688,0.0,0.0,0.020840441808104515,0.17884615063667297,0.1305389255285263,0.15142323076725006,0.2105788290500641,0.425311416387558,0.23422205448150635,0.28145381808280945,0.11973728984594345,0.0003273188485763967,9.079287701752037e-05,1.6691243217792362e-05,0.00017616359400562942,0.0001474980090279132,2.72929737548111e-05,9.987793418986257e-07,1.9216378859709948e-05,0.0006053090328350663,0.00019984517712146044,6.416381802409887e-05,0.0005541722057387233,0.1509302258491516,0.2209269106388092,0.5437754392623901,-0.018627479672431946,-0.6217790246009827,3.193039894104004,0.13174861669540405,0.2635597884654999,0.32788023352622986,0.3131400942802429,0.3821289837360382,0.27457693219184875,0.3218162953853607,0.3351375162601471,0.2829463481903076,0.2848794460296631,0.23666150867938995
243,0.1553981602191925,0.0,0.0,0.0,0.29262062907218933,0.0,0.0,0.3263869285583496,0.0,0.0,0.0,0.0,0.17869935929775238,0.0,0.0,0.0,0.04158473759889603,0.0,0.0,0.00531021598726511,0.2315453588962555,0.0,0.0,0.0,0.37696948647499084,0.0,0.0,0.22818560898303986,0.0,0.0,0.0,0.0,0.1033506691455841,0.0,0.0,0.0,0.04066728055477142,0.0,0.0,0.01928160898387432,0.1230769231915474,0.13061876595020294,0.14630712568759918,0.20179639756679535,0.2333550900220871,0.23692597448825836,0.23867522180080414,0.1946461796760559,0.00032593784271739423,8.643213368486613e-05,1.6497513570357114e-05,0.00015312843606807292,0.00016642750415485352,2.6713820261647925e-05,1.0131357157661114e-06,1.6890793631318957e-05,0.0005720799090340734,0.0001969442964764312,6.28727357252501e-05,0.00046718656085431576,0.1460123509168625,0.22558711469173431,0.42726898193359375,-0.03558456897735596,-0.4726734161376953,3.208930015563965,0.14837221801280975,0.26797887682914734,0.2895033657550812,0.32820582389831543,0.35127297043800354,0.23421214520931244,0.3722960948944092,0.28438204526901245,0.3102283775806427,0.32355833053588867,0.23138926923274994
244,0.04700260981917381,0.0,0.0,0.0,0.2139354646205902,0.0,0.0,0.32808569073677063,0.0,0.0,0.0,0.0,0.2878529727458954,0.0,0.0,0.0,0.1079149916768074,0.0,0.0,0.015208270400762558,0.19301407039165497,0.0,0.0,0.0,0.3399534821510315,0.0,0.0,0.2518455684185028,0.0,0.0,0.0,0.0,0.1389217972755432,0.0,0.0,0.0,0.055777039378881454,0.0,0.0,0.020488036796450615,0.26730769872665405,0.23057883977890015,0.1882222294807434,0.2674650549888611,0.4465295970439911,0.5152819156646729,0.44044631719589233,0.3242899775505066,0.0004353293334133923,0.00011317813186906278,1.857304960140027e-05,0.00021383020794019103,0.00019049290858674794,3.316027869004756e-05,1.0192707122769207e-06,1.9489236365188845e-05,0.00076700234785676,0.0002798964560497552,7.758982974337414e-05,0.000793605053331703,0.19169992208480835,0.4109639823436737,0.5603169798851013,0.07085458189249039,-0.3773874044418335,2.8123056888580322,0.17932701110839844,0.2696191072463989,0.28626397252082825,0.28494060039520264,0.32072797417640686,0.22688348591327667,0.34583353996276855,0.21050786972045898,0.3361765742301941,0.3886556923389435,0.2587963342666626
245,0.045712754130363464,0.0,0.0,0.0,0.20431680977344513,0.0,0.0,0.33304473757743835,0.0,0.0,0.0,0.0,0.27816832065582275,0.0,0.0,0.0,0.11642111837863922,0.0,0.0,0.022336343303322792,0.19906871020793915,0.0,0.0,0.0,0.3436131477355957,0.0,0.0,0.2466108500957489,0.0,0.0,0.0,0.0,0.13362181186676025,0.0,0.0,0.0,0.05738818645477295,0.0,0.0,0.01969730295240879,0.22884614765644073,0.2099800407886505,0.1847490668296814,0.2524949908256531,0.3734011948108673,0.5081928372383118,0.45733481645584106,0.328495591878891,0.0003924366901628673,0.0001010248379316181,1.789446105249226e-05,0.00018360113608650863,0.0001783875050023198,3.10790455841925e-05,9.852383300312795e-07,1.894501838251017e-05,0.0007326549384742975,0.00024489479255862534,7.52138439565897e-05,0.0006601139320991933,0.1870557814836502,0.416913777589798,0.4463004469871521,0.06638745218515396,-0.4463656544685364,2.841766595840454,0.12900680303573608,0.25060513615608215,0.23505671322345734,0.25436142086982727,0.27504757046699524,0.2808671295642853,0.3205881416797638,0.22545377910137177,0.3176784813404083,0.3331494629383087,0.25998201966285706
246,0.10441311448812485,0.0,0.0,0.0,0.23865987360477448,0.0,0.0,0.3053258955478668,0.0,0.0,0.0,0.0,0.2265472561120987,0.0,0.0,0.0,0.10504274070262909,0.0,0.0,0.020011186599731445,0.21447253227233887,0.0,0.0,0.0,0.3598005175590515,0.0,0.0,0.23652225732803345,0.0,0.0,0.0,0.0,0.12075462937355042,0.0,0.0,0.0,0.05067454278469086,0.0,0.0,0.017775529995560646,0.19807691872119904,0.16471058130264282,0.16692136228084564,0.22315368056297302,0.4947125017642975,0.3868754506111145,0.42772477865219116,0.23391231894493103,0.0003277556970715523,8.511417399859056e-05,1.657429129409138e-05,0.00016473386494908482,0.00015578600869048387,2.587425296951551e-05,9.628815860196482e-07,1.715833059279248e-05,0.0005826853448525071,0.00019259410328231752,6.704429688397795e-05,0.0005371799925342202,0.16748400032520294,0.3515903055667877,0.4642009437084198,0.02973923459649086,-0.28907763957977295,2.9927074909210205,0.10426058620214462,0.24187982082366943,0.2432657778263092,0.2146170735359192,0.2718714773654938,0.26683199405670166,0.27064523100852966,0.24076703190803528,0.2736654281616211,0.314998060464859,0.2927733361721039
247,0.09918655455112457,0.0,0.0,0.0,0.225284606218338,0.0,0.0,0.2708197236061096,0.0,0.0,0.0,0.0,0.22420544922351837,0.0,0.0,0.0,0.1324489265680313,0.0,0.0,0.048054710030555725,0.21267960965633392,0.0,0.0,0.0,0.3578451871871948,0.0,0.0,0.24056099355220795,0.0,0.0,0.0,0.0,0.1221834123134613,0.0,0.0,0.0,0.04994887858629227,0.0,0.0,0.016781918704509735,0.14615385234355927,0.15540918707847595,0.166456937789917,0.24770458042621613,0.34690240025520325,0.31830331683158875,0.40875744819641113,0.43152692914009094,0.00030364093254320323,8.496410009684041e-05,1.7480926544521935e-05,0.00021158115123398602,0.00014037321670912206,2.660348400240764e-05,9.710666972750914e-07,1.8714061297941953e-05,0.0005729981930926442,0.00018759715021587908,6.987688539084047e-05,0.0006997064920142293,0.1667347252368927,0.40469783544540405,0.382392555475235,0.025204278528690338,-0.3181842565536499,2.977281093597412,0.14134472608566284,0.3019535541534424,0.241341233253479,0.1970890760421753,0.3046465814113617,0.3170969784259796,0.24381962418556213,0.3147745132446289,0.23846232891082764,0.29688146710395813,0.28068313002586365
248,0.06933128088712692,0.0,0.0,0.0,0.18649578094482422,0.0,0.0,0.2576189935207367,0.0,0.0,0.0,0.0,0.26633256673812866,0.0,0.0,0.0,0.18040163815021515,0.0,0.0,0.03981975466012955,0.2044973522424698,0.0,0.0,0.0,0.34580138325691223,0.0,0.0,0.24200430512428284,0.0,0.0,0.0,0.0,0.1324748396873474,0.0,0.0,0.0,0.05711040273308754,0.0,0.0,0.018111711367964745,0.16153846681118011,0.20147705078125,0.18059426546096802,0.2686626613140106,0.4153198003768921,0.4224421977996826,0.5086489915847778,0.48913484811782837,0.0003230058355256915,9.90251573966816e-05,1.7247366486117244e-05,0.00021141755860298872,0.00014086384908296168,3.082707553403452e-05,9.496860116087191e-07,1.8679425920709036e-05,0.0005812154267914593,0.00022381720191333443,6.950574606889859e-05,0.0006956140277907252,0.1828083097934723,0.4865421652793884,0.45879727602005005,0.06131298467516899,-0.3637066185474396,2.874110221862793,0.1601964384317398,0.2706100046634674,0.2862938940525055,0.1821911633014679,0.2783418595790863,0.2914198637008667,0.21151868999004364,0.30891624093055725,0.20270569622516632,0.2593788802623749,0.2905322015285492
249,0.07742451131343842,0.0,0.0,0.0,0.22075699269771576,0.0,0.0,0.3095092177391052,0.0,0.0,0.0,0.0,0.2554839253425598,0.0,0.0,0.0,0.121201291680336,0.0,0.0,0.015624035149812698,0.2142011672258377,0.0,0.0,0.0,0.3579724133014679,0.0,0.0,0.24086833000183105,0.0,0.0,0.0,0.0,0.12330985814332962,0.0,0.0,0.0,0.04849439114332199,0.0,0.0,0.015153836458921432,0.16730768978595734,0.18091817200183868,0.1622471958398819,0.2331337183713913,0.31621211767196655,0.3370095491409302,0.3945923447608948,0.42048758268356323,0.0003147220704704523,9.394796506967396e-05,1.6331521692336537e-05,0.00017006091366056353,0.00014999002451077104,2.9192086003604345e-05,9.088475394491979e-07,1.683029768173583e-05,0.0005917138187214732,0.0002070782647933811,6.359066173899919e-05,0.0005425899289548397,0.16416211426258087,0.39229822158813477,0.507506251335144,0.01233275979757309,-0.394193172454834,2.9911913871765137,0.1486607939004898,0.25878989696502686,0.22465220093727112,0.18546843528747559,0.2562374770641327,0.3011070191860199,0.2007853239774704,0.2979375422000885,0.2626637816429138,0.25824904441833496,0.2939493656158447
250,0.04814012348651886,0.0,0.0,0.0,0.17056527733802795,0.0,0.0,0.26188895106315613,0.0,0.0,0.0,0.0,0.2909379005432129,0.0,0.0,0.0,0.20376431941986084,0.0,0.0,0.024703435599803925,0.2006491720676422,0.0,0.0,0.0,0.34445375204086304,0.0,0.0,0.24590827524662018,0.0,0.0,0.0,0.0,0.13483217358589172,0.0,0.0,0.0,0.057538244873285294,0.0,0.0,0.01661839336156845,0.20192307233810425,0.2144111841917038,0.17992760241031647,0.27964070439338684,0.4187265634536743,0.40909597277641296,0.48699870705604553,0.5978573560714722,0.0003684682887978852,0.00010240408300887793,1.7397462215740234e-05,0.00020325277000665665,0.0001544518454466015,3.220581493224017e-05,9.16458930078079e-07,1.734988109092228e-05,0.0006644302047789097,0.0002282235655002296,7.080692012095824e-05,0.0006753619527444243,0.1831168383359909,0.5193939208984375,0.4592834413051605,0.06678412854671478,-0.43601155281066895,2.821331739425659,0.15337811410427094,0.22720810770988464,0.2872786223888397,0.18468168377876282,0.25075334310531616,0.2837962210178375,0.2188795953989029,0.31519076228141785,0.25796836614608765,0.26004573702812195,0.3150266408920288
251,0.05578308552503586,0.0,0.0,0.0,0.16517789661884308,0.0,0.0,0.24584083259105682,0.0,0.0,0.0,0.0,0.209298238158226,0.0,0.0,0.0,0.1499224603176117,0.0,0.0,0.17397746443748474,0.2036716789007187,0.0,0.0,0.0,0.3473881185054779,0.0,0.0,0.24543559551239014,0.0,0.0,0.0,0.0,0.13207072019577026,0.0,0.0,0.0,0.05513886734843254,0.0,0.0,0.01629500836133957,0.1846153885126114,0.2001596838235855,0.17556804418563843,0.26067864894866943,0.41819527745246887,0.3411591947078705,0.48278844356536865,0.6375786662101746,0.0003173733130097389,0.0001000672418740578,1.749787770677358e-05,0.00016984608373604715,0.0001424316578777507,3.0250999770942144e-05,9.114678505284246e-07,1.64451812452171e-05,0.0005946775781922042,0.00022273437934927642,7.322255987673998e-05,0.0005996983381919563,0.17799712717533112,0.5331857204437256,0.5021346807479858,0.06901015341281891,-0.3035042881965637,2.8250367641448975,0.18937033414840698,0.2559170424938202,0.31014251708984375,0.19740432500839233,0.22114959359169006,0.3415023386478424,0.18896423280239105,0.33122125267982483,0.2941765785217285,0.2568516433238983,0.2730943560600281
252,0.09648776799440384,0.0,0.0,0.0,0.287523090839386,0.0,0.0,0.3175855576992035,0.0,0.0,0.0,0.0,0.21094761788845062,0.0,0.0,0.0,0.08055020868778229,0.0,0.0,0.0069057634100317955,0.2197200059890747,0.0,0.0,0.0,0.37186697125434875,0.0,0.0,0.2405587136745453,0.0,0.0,0.0,0.0,0.1130484864115715,0.0,0.0,0.0,0.041815511882305145,0.0,0.0,0.012990324757993221,0.1557692289352417,0.14111776649951935,0.14602497220039368,0.2195608764886856,0.29418566823005676,0.23139655590057373,0.32759368419647217,0.28360992670059204,0.000280939566437155,8.251968392869458e-05,1.6677782696206123e-05,0.0001769303053151816,0.00013811008830089122,2.650142414495349e-05,8.916175602280418e-07,1.8328262740396895e-05,0.0005399155197665095,0.00017798466433305293,6.585622759303078e-05,0.000623753818217665,0.1466062068939209,0.29839369654655457,0.3560653328895569,0.0029852709267288446,-0.4542628228664398,3.0324630737304688,0.13331319391727448,0.27745628356933594,0.29333436489105225,0.24525776505470276,0.2111060619354248,0.3103964626789093,0.28124529123306274,0.34650737047195435,0.3070317208766937,0.2511473298072815,0.2533874213695526
253,0.0799885019659996,0.0,0.0,0.0,0.26529163122177124,0.0,0.0,0.38984009623527527,0.0,0.0,0.0,0.0,0.1961093544960022,0.0,0.0,0.0,0.06148316711187363,0.0,0.0,0.00728727737441659,0.22527234256267548,0.0,0.0,0.0,0.37631186842918396,0.0,0.0,0.23669257760047913,0.0,0.0,0.0,0.0,0.10862912237644196,0.0,0.0,0.0,0.04037363827228546,0.0,0.0,0.012720461003482342,0.23269230127334595,0.14578843116760254,0.14008240401744843,0.18882234394550323,0.4253085255622864,0.3200128376483917,0.3096965551376343,0.1476351022720337,0.000348353642039001,8.204036566894501e-05,1.6082864021882415e-05,0.0001561665558256209,0.00018044789612758905,2.617893369460944e-05,8.937003030951018e-07,1.755584526108578e-05,0.0006704149418510497,0.00019034353317692876,6.217759801074862e-05,0.0004950938746333122,0.14109215140342712,0.264870822429657,0.36501649022102356,-0.006926707457751036,-0.38509854674339294,3.078402280807495,0.11779414862394333,0.2718190848827362,0.29457008838653564,0.2648392915725708,0.19616501033306122,0.29378268122673035,0.277640700340271,0.32599666714668274,0.2789236307144165,0.25010547041893005,0.2678156793117523
254,0.0700797587633133,0.0,0.0,0.0,0.205150306224823,0.0,0.0,0.3020919859409332,0.0,0.0,0.0,0.0,0.30033326148986816,0.0,0.0,0.0,0.10843465477228165,0.0,0.0,0.013910000212490559,0.21649722754955292,0.0,0.0,0.0,0.36552321910858154,0.0,0.0,0.24142006039619446,0.0,0.0,0.0,0.0,0.1184745579957962,0.0,0.0,0.0,0.04492761194705963,0.0,0.0,0.013157334178686142,0.2884615361690521,0.15900199115276337,0.15272410213947296,0.2085828334093094,0.560573399066925,0.423328697681427,0.38246190547943115,0.4700062870979309,0.00035857997136190534,8.378618076676503e-05,1.6778483768575825e-05,0.0001615456712897867,0.00016613885236438364,2.595395562821068e-05,9.249076242667797e-07,1.688417250989005e-05,0.0006503562326543033,0.00019842138863168657,6.506359204649925e-05,0.0005149836069904268,0.1539018303155899,0.4226665496826172,0.34638404846191406,0.024000881239771843,-0.42112454771995544,2.9970858097076416,0.12379872053861618,0.25966858863830566,0.30304718017578125,0.26105910539627075,0.20837073028087616,0.28597721457481384,0.22662678360939026,0.29959118366241455,0.24383464455604553,0.24524888396263123,0.31051573157310486
255,0.051094867289066315,0.0,0.0,0.0,0.19972111284732819,0.0,0.0,0.2611454725265503,0.0,0.0,0.0,0.0,0.27236208319664,0.0,0.0,0.0,0.19321304559707642,0.0,0.0,0.022463466972112656,0.20479992032051086,0.0,0.0,0.0,0.35293930768966675,0.0,0.0,0.2433096170425415,0.0,0.0,0.0,0.0,0.12887786328792572,0.0,0.0,0.0,0.05457247421145439,0.0,0.0,0.015500820241868496,0.24038460850715637,0.16794411838054657,0.1730087399482727,0.21497005224227905,0.5082164406776428,0.4088834822177887,0.4347596764564514,0.5787299871444702,0.00031719706021249294,8.04763549240306e-05,1.7803344235289842e-05,0.00015690928557887673,0.00016424106433987617,2.548480551922694e-05,9.293664788856404e-07,1.831562076404225e-05,0.000565761118195951,0.00018872867804020643,7.078264025039971e-05,0.0004504803800955415,0.1732833832502365,0.488026887178421,0.4812887907028198,0.042094118893146515,-0.41702935099601746,2.8469743728637695,0.14401471614837646,0.2855124771595001,0.2801802158355713,0.261614054441452,0.18010744452476501,0.2725279927253723,0.22285912930965424,0.2914412319660187,0.24344907701015472,0.262286514043808,0.32394683361053467
256,0.0768849179148674,0.0,0.0,0.0,0.2615453898906708,0.0,0.0,0.3609551191329956,0.0,0.0,0.0,0.0,0.20329351723194122,0.0,0.0,0.0,0.08028435707092285,0.0,0.0,0.01703670248389244,0.2146705687046051,0.0,0.0,0.0,0.3629990220069885,0.0,0.0,0.23907089233398438,0.0,0.0,0.0,0.0,0.12044542282819748,0.0,0.0,0.0,0.04839294031262398,0.0,0.0,0.01442115567624569,0.26538461446762085,0.16878244280815125,0.15819725394248962,0.20958083868026733,0.719825029373169,0.4406321048736572,0.34133100509643555,0.15821275115013123,0.000304318469716236,8.056830120040104e-05,1.6798259821371175e-05,0.00017161067808046937,0.00015505643386859447,2.5237373847630806e-05,8.974255933935638e-07,1.685853931121528e-05,0.0005657797446474433,0.0001847341045504436,6.629827112192288e-05,0.000542095978744328,0.15953883528709412,0.3006058931350708,0.43162888288497925,0.01337604783475399,-0.34110474586486816,2.9677937030792236,0.19447031617164612,0.3284479081630707,0.25151726603507996,0.22580118477344513,0.1804368644952774,0.24536246061325073,0.20440107583999634,0.30341386795043945,0.21657906472682953,0.25978443026542664,0.33422040939331055
257,0.1651936173439026,0.0,0.0,0.0,0.31582000851631165,0.0,0.0,0.2785892188549042,0.0,0.0,0.0,0.0,0.15450209379196167,0.0,0.0,0.0,0.06571879237890244,0.0,0.0,0.020176276564598083,0.22634010016918182,0.0,0.0,0.0,0.37593531608581543,0.0,0.0,0.23280970752239227,0.0,0.0,0.0,0.0,0.11020981520414352,0.0,0.0,0.0,0.04174719378352165,0.0,0.0,0.012957863509654999,0.16346153616905212,0.13221557438373566,0.14356304705142975,0.19401197135448456,0.3212476968765259,0.3060358166694641,0.281031996011734,0.16521194577217102,0.00028775871032848954,7.164462294895202e-05,1.6483954823343083e-05,0.0001678676635492593,0.0001257405965588987,2.353558738832362e-05,9.39596191074088e-07,1.6976784536382183e-05,0.0005230997921898961,0.00015542202163487673,6.315352220553905e-05,0.0005183457396924496,0.1435139775276184,0.2403886467218399,0.3631361722946167,-0.018208472058176994,-0.4286622703075409,3.0646255016326904,0.19145019352436066,0.31743720173835754,0.29395052790641785,0.19547070562839508,0.2162327915430069,0.2679150402545929,0.2131837159395218,0.3270455300807953,0.20361988246440887,0.23100495338439941,0.31630635261535645
258,0.16116689145565033,0.0,0.0,0.0,0.34155774116516113,0.0,0.0,0.28116127848625183,0.0,0.0,0.0,0.0,0.1605728417634964,0.0,0.0,0.0,0.04721985012292862,0.0,0.0,0.0083213672041893,0.23275643587112427,0.0,0.0,0.0,0.38071152567863464,0.0,0.0,0.23052474856376648,0.0,0.0,0.0,0.0,0.10482785105705261,0.0,0.0,0.0,0.03939443081617355,0.0,0.0,0.011785001493990421,0.24423076212406158,0.14343313872814178,0.13451436161994934,0.18323352932929993,0.5522050857543945,0.31356462836265564,0.21406756341457367,0.13686315715312958,0.00033260794589295983,8.018828521016985e-05,1.5399284166051075e-05,0.00014996627578511834,0.00014663618640042841,2.5261657356168143e-05,8.857765578795807e-07,1.6263293218798935e-05,0.0006525283679366112,0.00017826829571276903,5.824347317684442e-05,0.00047415209701284766,0.13573119044303894,0.21610552072525024,0.4074292480945587,-0.02772122249007225,-0.5397956967353821,3.1491265296936035,0.2038109302520752,0.2746526002883911,0.31108689308166504,0.1638842076063156,0.2537554204463959,0.24647116661071777,0.19689729809761047,0.3115454614162445,0.23656922578811646,0.20692762732505798,0.3292582333087921
259,0.06644188612699509,0.0,0.0,0.0,0.20589596033096313,0.0,0.0,0.3139863908290863,0.0,0.0,0.0,0.0,0.26177284121513367,0.0,0.0,0.0,0.1324024349451065,0.0,0.0,0.01950046792626381,0.2078658491373062,0.0,0.0,0.0,0.3530108332633972,0.0,0.0,0.24535487592220306,0.0,0.0,0.0,0.0,0.12926341593265533,0.0,0.0,0.0,0.05137573555111885,0.0,0.0,0.013129295781254768,0.3461538553237915,0.2496606856584549,0.16279400885105133,0.20419161021709442,0.7329606413841248,0.6194500923156738,0.4415048062801361,0.2404845654964447,0.00043388610356487334,0.00011330378765705973,1.7327374735032208e-05,0.00019044207874685526,0.00017096428200602531,3.3461168641224504e-05,9.089552577279392e-07,1.7160567949758843e-05,0.000773451873101294,0.0002589820069260895,7.166044088080525e-05,0.0006883181049488485,0.16854412853717804,0.413664847612381,0.4857136011123657,0.04325040429830551,-0.5310196876525879,2.850295066833496,0.2015129178762436,0.2930585443973541,0.32043543457984924,0.1761196404695511,0.29386472702026367,0.27226829528808594,0.20107710361480713,0.3292492926120758,0.268488347530365,0.23132266104221344,0.36333560943603516
260,0.045661214739084244,0.0,0.0,0.0,0.1389906257390976,0.0,0.0,0.22963041067123413,0.0,0.0,0.0,0.0,0.22896872460842133,0.0,0.0,0.0,0.2688031792640686,0.0,0.0,0.0879458338022232,0.19526386260986328,0.0,0.0,0.0,0.34133094549179077,0.0,0.0,0.24918504059314728,0.0,0.0,0.0,0.0,0.13839225471019745,0.0,0.0,0.0,0.05957392230629921,0.0,0.0,0.016253981739282608,0.2461538463830948,0.21033932268619537,0.1840699166059494,0.2367265373468399,0.5971910357475281,0.5298938155174255,0.5023995041847229,0.7101364135742188,0.0003172231372445822,9.77116433205083e-05,1.8229700799565762e-05,0.0001969953445950523,0.0001390985562466085,3.079731686739251e-05,9.323979384134873e-07,1.7230500816367567e-05,0.000653084134683013,0.00022120449284557253,7.56707158870995e-05,0.0006105744978412986,0.18628329038619995,0.5857071876525879,0.5284596085548401,0.07545781135559082,-0.5158047080039978,2.757606267929077,0.10989457368850708,0.25905150175094604,0.29475098848342896,0.2203328162431717,0.25475242733955383,0.257748007774353,0.2817465662956238,0.31006965041160583,0.26956817507743835,0.23465301096439362,0.3172030746936798
261,0.05660049244761467,0.0,0.0,0.0,0.17849935591220856,0.0,0.0,0.2973648011684418,0.0,0.0,0.0,0.0,0.2430132031440735,0.0,0.0,0.0,0.15717673301696777,0.0,0.0,0.06734542548656464,0.20668606460094452,0.0,0.0,0.0,0.35881003737449646,0.0,0.0,0.2453746795654297,0.0,0.0,0.0,0.0,0.12397589534521103,0.0,0.0,0.0,0.05050168186426163,0.0,0.0,0.01465162355452776,0.27115383744239807,0.1604391187429428,0.16373534500598907,0.230938121676445,0.601527750492096,0.47036123275756836,0.40980660915374756,0.5244829654693604,0.0003524737840052694,7.721688598394394e-05,1.6992453311104327e-05,0.00018962056492455304,0.00017411119188182056,2.4245990061899647e-05,9.012584314405103e-07,1.7465245036873966e-05,0.0006185044767335057,0.00017553781799506396,6.731333269272e-05,0.0006212005391716957,0.1644544005393982,0.46752309799194336,0.4535815715789795,0.03987349942326546,-0.35238003730773926,2.9552841186523438,0.07841979712247849,0.23824843764305115,0.2635713219642639,0.2391991764307022,0.21442806720733643,0.25742143392562866,0.2647987902164459,0.2716372609138489,0.2740204632282257,0.27400919795036316,0.28406667709350586
262,0.06962362676858902,0.0,0.0,0.0,0.2274417281150818,0.0,0.0,0.37376731634140015,0.0,0.0,0.0,0.0,0.23622852563858032,0.0,0.0,0.0,0.08022839576005936,0.0,0.0,0.012710393406450748,0.21583877503871918,0.0,0.0,0.0,0.3675508201122284,0.0,0.0,0.24234969913959503,0.0,0.0,0.0,0.0,0.11704985797405243,0.0,0.0,0.0,0.04441966116428375,0.0,0.0,0.012791196815669537,0.3057692348957062,0.15800398588180542,0.15043945610523224,0.18822354078292847,0.6152088046073914,0.475890576839447,0.35681840777397156,0.19199353456497192,0.0003782852436415851,7.582391117466614e-05,1.6156276615220122e-05,0.0001652810606174171,0.00018640034249983728,2.3830391000956297e-05,8.901870955924096e-07,1.7541638953844085e-05,0.0006359652616083622,0.00018038299458567053,6.268808647291735e-05,0.0005298322066664696,0.15150552988052368,0.3291581869125366,0.5414208769798279,0.009899960830807686,-0.3635174632072449,3.047947883605957,0.08098368346691132,0.25364261865615845,0.2692151665687561,0.23507291078567505,0.225722074508667,0.2819272577762604,0.28153157234191895,0.2638481855392456,0.28503140807151794,0.24172642827033997,0.2871933579444885
263,0.06507102400064468,0.0,0.0,0.0,0.1816520392894745,0.0,0.0,0.3316475450992584,0.0,0.0,0.0,0.0,0.29545527696609497,0.0,0.0,0.0,0.10087161511182785,0.0,0.0,0.025302482768893242,0.2119607925415039,0.0,0.0,0.0,0.3608008325099945,0.0,0.0,0.2424764782190323,0.0,0.0,0.0,0.0,0.12289530783891678,0.0,0.0,0.0,0.04783620312809944,0.0,0.0,0.014030387625098228,0.3423076868057251,0.20043912529945374,0.15731336176395416,0.20718562602996826,0.6612799763679504,0.5647775530815125,0.4133586883544922,0.34175220131874084,0.0004098154604434967,8.53286765050143e-05,1.676292231422849e-05,0.00019388695363886654,0.00018751464085653424,2.678214877960272e-05,8.985292652141652e-07,1.7179954738821834e-05,0.00073263980448246,0.000208285593544133,6.72615205985494e-05,0.0005999768618494272,0.16062216460704803,0.42162007093429565,0.40776604413986206,0.040094200521707535,-0.3548891544342041,2.9918909072875977,0.13600726425647736,0.25200772285461426,0.2737918496131897,0.28066718578338623,0.18746371567249298,0.2915531396865845,0.26840537786483765,0.2629476487636566,0.27704671025276184,0.2279762476682663,0.33036288619041443
264,0.10895389318466187,0.0,0.0,0.0,0.3005940020084381,0.0,0.0,0.32982632517814636,0.0,0.0,0.0,0.0,0.19651475548744202,0.0,0.0,0.0,0.05584663525223732,0.0,0.0,0.008264333009719849,0.23478704690933228,0.0,0.0,0.0,0.38258644938468933,0.0,0.0,0.2324918508529663,0.0,0.0,0.0,0.0,0.10175955295562744,0.0,0.0,0.0,0.03764374926686287,0.0,0.0,0.01073133759200573,0.21153846383094788,0.13580837845802307,0.12950561940670013,0.17485029995441437,0.5443571209907532,0.3203032612800598,0.26248908042907715,0.18631766736507416,0.0003389948105905205,7.453309081029147e-05,1.5144295502977911e-05,0.0001655720843700692,0.00016695880913175642,2.4662824216648005e-05,8.696873692315421e-07,1.6950385543168522e-05,0.0005978377885185182,0.00016624972340650856,5.713753489544615e-05,0.00046585858217440546,0.13049782812595367,0.26061689853668213,0.36806952953338623,-0.029081406071782112,-0.4653623700141907,3.2891454696655273,0.15304327011108398,0.2828301787376404,0.2522302567958832,0.27214184403419495,0.1722945123910904,0.2516810894012451,0.28216445446014404,0.276460736989975,0.31721535325050354,0.21541014313697815,0.3006821572780609
265,0.08166734129190445,0.0,0.0,0.0,0.24531054496765137,0.0,0.0,0.33827415108680725,0.0,0.0,0.0,0.0,0.2490408718585968,0.0,0.0,0.0,0.07632210850715637,0.0,0.0,0.009385060518980026,0.22488278150558472,0.0,0.0,0.0,0.3765518367290497,0.0,0.0,0.23765277862548828,0.0,0.0,0.0,0.0,0.10858501493930817,0.0,0.0,0.0,0.0413154698908329,0.0,0.0,0.011012115515768528,0.24230769276618958,0.1443912237882614,0.1386616826057434,0.19061875343322754,0.5584704279899597,0.3807351589202881,0.30714908242225647,0.3381883502006531,0.0003562691854313016,7.500963693019003e-05,1.6344669347745366e-05,0.00015675868780817837,0.00017247983487322927,2.3988277462194674e-05,8.639129873699858e-07,1.733909812173806e-05,0.0006079231388866901,0.00017131370259448886,6.240164657356218e-05,0.00045372615568339825,0.1397234946489334,0.33473849296569824,0.4615684747695923,0.0001791589893400669,-0.35825803875923157,3.107659339904785,0.12829022109508514,0.24124254286289215,0.2774818241596222,0.2680911421775818,0.19385670125484467,0.31507596373558044,0.24955381453037262,0.2637166976928711,0.30233198404312134,0.22983959317207336,0.27989137172698975
266,0.06427805125713348,0.0,0.0,0.0,0.211837500333786,0.0,0.0,0.3391956090927124,0.0,0.0,0.0,0.0,0.2667539119720459,0.0,0.0,0.0,0.11035774648189545,0.0,0.0,0.007577208802103996,0.2152191698551178,0.0,0.0,0.0,0.36872002482414246,0.0,0.0,0.24545709788799286,0.0,0.0,0.0,0.0,0.1172751933336258,0.0,0.0,0.0,0.04248861223459244,0.0,0.0,0.010839913040399551,0.26346153020858765,0.16179640591144562,0.14620475471019745,0.22075848281383514,0.6293850541114807,0.34018874168395996,0.3281225860118866,0.4488932490348816,0.00032411699066869915,9.091100946534425e-05,1.7304053471889347e-05,0.000183428346645087,0.00013393763219937682,2.8674263376160525e-05,8.598414638072427e-07,1.9478782633086666e-05,0.0006571698468178511,0.00020219736325088888,6.915759877301753e-05,0.0006122536724433303,0.14811868965625763,0.3846791088581085,0.5245798826217651,0.011520346626639366,-0.3860298693180084,3.0167856216430664,0.1649409681558609,0.236346036195755,0.3281206488609314,0.27912795543670654,0.21759168803691864,0.3483116924762726,0.26032471656799316,0.2907177209854126,0.34572306275367737,0.21786431968212128,0.2885156273841858
267,0.06190008670091629,0.0,0.0,0.0,0.18077780306339264,0.0,0.0,0.4113761782646179,0.0,0.0,0.0,0.0,0.2233760952949524,0.0,0.0,0.0,0.10560255497694016,0.0,0.0,0.01696722023189068,0.20721197128295898,0.0,0.0,0.0,0.360622763633728,0.0,0.0,0.25205832719802856,0.0,0.0,0.0,0.0,0.1241251602768898,0.0,0.0,0.0,0.045044105499982834,0.0,0.0,0.010937679558992386,0.23846153914928436,0.19161677360534668,0.15298627316951752,0.24011975526809692,0.5685721635818481,0.38002923130989075,0.38354426622390747,0.29253724217414856,0.00033671187702566385,0.00010947624105028808,1.8189908587373793e-05,0.00022392789833247662,0.00014468379958998412,3.294674388598651e-05,8.753426072871662e-07,2.0956194930477068e-05,0.0006692670867778361,0.00024311445304192603,7.494808960473165e-05,0.0008000695379450917,0.15634685754776,0.3459365665912628,0.5667413473129272,0.0327453650534153,-0.5232842564582825,2.9480791091918945,0.19878466427326202,0.23134031891822815,0.36290299892425537,0.28079161047935486,0.21279579401016235,0.37661153078079224,0.2329014539718628,0.3250007927417755,0.3500411808490753,0.23771341145038605,0.2859399914741516
268,0.09068337082862854,0.0,0.0,0.0,0.3159393072128296,0.0,0.0,0.311687171459198,0.0,0.0,0.0,0.0,0.19954362511634827,0.0,0.0,0.0,0.0709197148680687,0.0,0.0,0.011226794682443142,0.21881940960884094,0.0,0.0,0.0,0.37091994285583496,0.0,0.0,0.24214856326580048,0.0,0.0,0.0,0.0,0.11464666575193405,0.0,0.0,0.0,0.042443614453077316,0.0,0.0,0.011021816171705723,0.22499999403953552,0.17457085847854614,0.1435755342245102,0.1816367208957672,0.599446713924408,0.39420032501220703,0.34905099868774414,0.1525423377752304,0.00034413597313687205,0.00010355125414207578,1.761110979714431e-05,0.00018829914915841073,0.00013277011748868972,3.082110924879089e-05,8.638733106636209e-07,2.0413121092133224e-05,0.0006489473162218928,0.00022808063658885658,6.957113509997725e-05,0.0006316046928986907,0.14591723680496216,0.28168100118637085,0.42198532819747925,0.007424741517752409,-0.428913950920105,3.0018770694732666,0.1639176458120346,0.26593533158302307,0.3092601001262665,0.23402346670627594,0.2084028422832489,0.3522035777568817,0.24481946229934692,0.3502157926559448,0.31740596890449524,0.2658686935901642,0.2700570225715637
269,0.13444513082504272,0.0,0.0,0.0,0.2965271472930908,0.0,0.0,0.29790446162223816,0.0,0.0,0.0,0.0,0.19358566403388977,0.0,0.0,0.0,0.06410860270261765,0.0,0.0,0.013428900390863419,0.22844672203063965,0.0,0.0,0.0,0.38123011589050293,0.0,0.0,0.23770016431808472,0.0,0.0,0.0,0.0,0.10472000390291214,0.0,0.0,0.0,0.03697902709245682,0.0,0.0,0.010923980735242367,0.23653845489025116,0.1704590767621994,0.1294506937265396,0.1722554862499237,0.6626204252243042,0.43116360902786255,0.2671836316585541,0.13978834450244904,0.00036258390173316,0.0001019174451357685,1.715292273729574e-05,0.00017651492089498788,0.00016154856712091714,3.269138323958032e-05,8.443317369710712e-07,1.8522900063544512e-05,0.0006846803589724004,0.00022472877753898501,6.487865175586194e-05,0.0005803076783195138,0.1324603408575058,0.27111387252807617,0.40667101740837097,-0.011741546913981438,-0.3733302354812622,3.116154432296753,0.17533457279205322,0.30296590924263,0.2680942416191101,0.23663018643856049,0.21744981408119202,0.32258495688438416,0.26345035433769226,0.3587523400783539,0.3549877405166626,0.2835063338279724,0.21533441543579102
270,0.08348046243190765,0.0,0.0,0.0,0.2228187471628189,0.0,0.0,0.35182666778564453,0.0,0.0,0.0,0.0,0.26095834374427795,0.0,0.0,0.0,0.06931435316801071,0.0,0.0,0.011601428501307964,0.21937860548496246,0.0,0.0,0.0,0.37172308564186096,0.0,0.0,0.24451139569282532,0.0,0.0,0.0,0.0,0.1127687469124794,0.0,0.0,0.0,0.040016788989305496,0.0,0.0,0.011601393111050129,0.2826923131942749,0.17644710838794708,0.13983771204948425,0.18443113565444946,0.6551561951637268,0.4347817599773407,0.3214304447174072,0.31260716915130615,0.00031197821954265237,9.216653415933251e-05,1.7369520719512366e-05,0.00016989719006232917,0.000140626187203452,2.8588301574927755e-05,8.550270536034077e-07,1.719819010759238e-05,0.0005908652092330158,0.00020346279779914767,6.816153472755104e-05,0.0005334413144737482,0.1426556557416916,0.3418653607368469,0.4824732542037964,0.006136017385870218,-0.4966094493865967,3.068066120147705,0.09389472007751465,0.2956673204898834,0.2718683183193207,0.31493842601776123,0.24154433608055115,0.25874602794647217,0.2696017026901245,0.30781158804893494,0.3108542859554291,0.31116071343421936,0.24988862872123718
271,0.0750960186123848,0.0,0.0,0.0,0.21454784274101257,0.0,0.0,0.37417104840278625,0.0,0.0,0.0,0.0,0.24027498066425323,0.0,0.0,0.0,0.0790163204073906,0.0,0.0,0.016893776133656502,0.22419437766075134,0.0,0.0,0.0,0.3750531077384949,0.0,0.0,0.2378818392753601,0.0,0.0,0.0,0.0,0.10931533575057983,0.0,0.0,0.0,0.040744394063949585,0.0,0.0,0.01281095389276743,0.2576923072338104,0.14930139482021332,0.1401098668575287,0.19161675870418549,0.6145282983779907,0.38988128304481506,0.34460222721099854,0.29406458139419556,0.0003017311973962933,8.459285163553432e-05,1.6773237803136e-05,0.00018771892064251006,0.000134248286485672,2.657188815646805e-05,8.181547173080617e-07,1.8172377167502418e-05,0.0005962587893009186,0.00018669830751605332,6.621728971367702e-05,0.0005951306084170938,0.14138443768024445,0.336174875497818,0.5286145806312561,0.001977947074919939,-0.47312062978744507,3.1419379711151123,0.12958426773548126,0.3565627634525299,0.21726956963539124,0.2865586578845978,0.3083488941192627,0.2656320035457611,0.2560283839702606,0.2914907932281494,0.260971337556839,0.3204796314239502,0.3083680272102356
272,0.038860566914081573,0.0,0.0,0.0,0.1353524625301361,0.0,0.0,0.334197998046875,0.0,0.0,0.0,0.0,0.3115614354610443,0.0,0.0,0.0,0.14001378417015076,0.0,0.0,0.040013689547777176,0.20475566387176514,0.0,0.0,0.0,0.3516654074192047,0.0,0.0,0.24745775759220123,0.0,0.0,0.0,0.0,0.1278763860464096,0.0,0.0,0.0,0.05209580808877945,0.0,0.0,0.016148952767252922,0.35769230127334595,0.19708582758903503,0.16765794157981873,0.21856287121772766,0.7742048501968384,0.622994065284729,0.4658752381801605,0.46584153175354004,0.00036893237847834826,9.571925329510123e-05,1.888909173430875e-05,0.00022374038235284388,0.00017721780750434846,2.9232678571133874e-05,8.845605066198914e-07,2.0812320144614205e-05,0.0007270043715834618,0.00022965528478380293,7.968211139086634e-05,0.000768563651945442,0.17018882930278778,0.4915755093097687,0.6733816862106323,0.08142717182636261,-0.33458030223846436,2.897507667541504,0.15639238059520721,0.3458895981311798,0.2106984257698059,0.3505042493343353,0.3271048367023468,0.26575833559036255,0.2911243736743927,0.2729397714138031,0.2797611355781555,0.2764446437358856,0.3750441372394562
273,0.049164630472660065,0.0,0.0,0.0,0.19025732576847076,0.0,0.0,0.2955423891544342,0.0,0.0,0.0,0.0,0.3231295645236969,0.0,0.0,0.0,0.10819482058286667,0.0,0.0,0.0337112620472908,0.21424083411693573,0.0,0.0,0.0,0.36172357201576233,0.0,0.0,0.24494902789592743,0.0,0.0,0.0,0.0,0.12029558420181274,0.0,0.0,0.0,0.04478701204061508,0.0,0.0,0.014003962278366089,0.371153861284256,0.17101795971393585,0.15325094759464264,0.22574849426746368,0.8021204471588135,0.5528790950775146,0.4262305498123169,0.44354048371315,0.0004238553228788078,8.943385910242796e-05,1.807432454370428e-05,0.0002345178509131074,0.00021240260684862733,2.7381791369407438e-05,8.728210900699196e-07,2.0149906049482524e-05,0.00080050656106323,0.00021888250194024295,7.284087769221514e-05,0.0007263615261763334,0.15538880228996277,0.4650242328643799,0.4122394919395447,0.058879487216472626,-0.2294985055923462,2.998894453048706,0.13560432195663452,0.29769763350486755,0.20703287422657013,0.33331725001335144,0.22898411750793457,0.29438066482543945,0.31188344955444336,0.27543506026268005,0.30721721053123474,0.30038848519325256,0.33111268281936646
274,0.0811886265873909,0.0,0.0,0.0,0.2744102478027344,0.0,0.0,0.3261446952819824,0.0,0.0,0.0,0.0,0.2276671975851059,0.0,0.0,0.0,0.0793241560459137,0.0,0.0,0.011265050619840622,0.22563377022743225,0.0,0.0,0.0,0.3794877529144287,0.0,0.0,0.24089349806308746,0.0,0.0,0.0,0.0,0.10618972033262253,0.0,0.0,0.0,0.03607840836048126,0.0,0.0,0.01171685941517353,0.2826923131942749,0.12930139899253845,0.13276155292987823,0.20598801970481873,0.7026041150093079,0.37213873863220215,0.28502291440963745,0.30926358699798584,0.00034738201065920293,7.66485754866153e-05,1.661627356952522e-05,0.00019296491518616676,0.00016975968901533633,2.3977721866685897e-05,8.398172894885647e-07,1.874157169368118e-05,0.0006182061624713242,0.00017107842722907662,6.286884308792651e-05,0.0005847358843311667,0.1335923820734024,0.31824707984924316,0.512797474861145,-0.00033352707396261394,-0.3879989683628082,3.2219972610473633,0.12495775520801544,0.2596740126609802,0.22124767303466797,0.2662842273712158,0.22925342619419098,0.2936226725578308,0.2726263701915741,0.3014509975910187,0.3469179570674896,0.27365031838417053,0.2943960726261139
275,0.1092793345451355,0.0,0.0,0.0,0.36224430799484253,0.0,0.0,0.2980063855648041,0.0,0.0,0.0,0.0,0.1736437827348709,0.0,0.0,0.0,0.050397999584674835,0.0,0.0,0.006428177934139967,0.2259047031402588,0.0,0.0,0.0,0.38041675090789795,0.0,0.0,0.24035386741161346,0.0,0.0,0.0,0.0,0.10499770194292068,0.0,0.0,0.0,0.036629654467105865,0.0,0.0,0.011697313748300076,0.248076930642128,0.1421157717704773,0.1317702978849411,0.17365269362926483,0.5751762986183167,0.32597488164901733,0.2820269465446472,0.09171260893344879,0.00034470847458578646,8.534953667549416e-05,1.655309461057186e-05,0.00019362133753020316,0.0001458575570723042,2.7027759642805904e-05,8.495362635585479e-07,1.8190617993241176e-05,0.0006249629077501595,0.0001901999639812857,6.36735130683519e-05,0.0006090437527745962,0.132998526096344,0.23046180605888367,0.42508408427238464,-0.011422565206885338,-0.4879917502403259,3.21475887298584,0.15910251438617706,0.24436679482460022,0.2261630743741989,0.26765063405036926,0.2517358064651489,0.3341330587863922,0.25759539008140564,0.32594412565231323,0.3657597005367279,0.23987369239330292,0.2732607424259186
276,0.05641769617795944,0.0,0.0,0.0,0.2309703230857849,0.0,0.0,0.29101696610450745,0.0,0.0,0.0,0.0,0.28964781761169434,0.0,0.0,0.0,0.11177710443735123,0.0,0.0,0.020170027390122414,0.21019284427165985,0.0,0.0,0.0,0.36314690113067627,0.0,0.0,0.24761560559272766,0.0,0.0,0.0,0.0,0.12171761691570282,0.0,0.0,0.0,0.04401027038693428,0.0,0.0,0.013316750526428223,0.2884615361690521,0.2251097857952118,0.1501523107290268,0.20319360494613647,0.7108862400054932,0.5253979563713074,0.3802300989627838,0.4057362377643585,0.00039071787614375353,0.0001210622867802158,1.816468829929363e-05,0.0002224861818831414,0.00016130084986798465,3.54856310877949e-05,8.966293876255804e-07,1.850724220275879e-05,0.0007783027249388397,0.0002746665268205106,7.54860375309363e-05,0.0007439726032316685,0.1552913635969162,0.4215829372406006,0.5299831032752991,0.04467373713850975,-0.46422523260116577,2.9693312644958496,0.2446751892566681,0.21410377323627472,0.27160894870758057,0.2503576874732971,0.2733914256095886,0.41813555359840393,0.22706732153892517,0.35171249508857727,0.4124157428741455,0.2279682606458664,0.2755665183067322
277,0.05890822783112526,0.0,0.0,0.0,0.2539224326610565,0.0,0.0,0.3387979567050934,0.0,0.0,0.0,0.0,0.2305365949869156,0.0,0.0,0.0,0.1000947654247284,0.0,0.0,0.017739955335855484,0.2201831191778183,0.0,0.0,0.0,0.3725702464580536,0.0,0.0,0.24265962839126587,0.0,0.0,0.0,0.0,0.11165231466293335,0.0,0.0,0.0,0.03984678536653519,0.0,0.0,0.013087891973555088,0.2826923131942749,0.19441117346286774,0.13866916298866272,0.1952095776796341,0.7507967352867126,0.49309682846069336,0.35873788595199585,0.25697335600852966,0.0003736765938811004,0.00010940636275336146,1.7210866644745693e-05,0.00018226879183202982,0.00015947427891660482,3.1914551072986796e-05,8.881497706170194e-07,1.7480673704994842e-05,0.00069946120493114,0.00025406276108697057,7.061182986944914e-05,0.0005853284383192658,0.1427391767501831,0.34836244583129883,0.4777911305427551,0.028631223365664482,-0.47175729274749756,3.059589385986328,0.1735362857580185,0.24789728224277496,0.2870616614818573,0.22495347261428833,0.2574814260005951,0.3656448423862457,0.27998191118240356,0.37035882472991943,0.3810287415981293,0.2777617871761322,0.308003693819046
278,0.09291279315948486,0.0,0.0,0.0,0.2897281050682068,0.0,0.0,0.346329927444458,0.0,0.0,0.0,0.0,0.19832223653793335,0.0,0.0,0.0,0.06269001215696335,0.0,0.0,0.010016965679824352,0.22666263580322266,0.0,0.0,0.0,0.38213804364204407,0.0,0.0,0.23755915462970734,0.0,0.0,0.0,0.0,0.10547929257154465,0.0,0.0,0.0,0.03631192818284035,0.0,0.0,0.011848931200802326,0.23076923191547394,0.13225549459457397,0.13257178664207458,0.1798403114080429,0.6485848426818848,0.3543708920478821,0.352532297372818,0.1384177803993225,0.00028934094007126987,8.733155846130103e-05,1.6447927919216454e-05,0.00017918595403898507,0.00011663098848657683,2.7486701583256945e-05,9.309202368967817e-07,1.7581267456989735e-05,0.000597126898355782,0.00019556490588001907,6.526858487632126e-05,0.0005805726395919919,0.13322122395038605,0.2710188627243042,0.4899527132511139,0.009151550009846687,-0.433718204498291,3.1840765476226807,0.2219376266002655,0.2226361185312271,0.2703651785850525,0.224489226937294,0.26841849088668823,0.2806587517261505,0.2603817284107208,0.42723655700683594,0.3959968090057373,0.2608160674571991,0.29458022117614746
279,0.058898258954286575,0.0,0.0,0.0,0.21741262078285217,0.0,0.0,0.3723044693470001,0.0,0.0,0.0,0.0,0.25367411971092224,0.0,0.0,0.0,0.08840528130531311,0.0,0.0,0.00930523406714201,0.22222846746444702,0.0,0.0,0.0,0.3736397922039032,0.0,0.0,0.24182529747486115,0.0,0.0,0.0,0.0,0.1118725836277008,0.0,0.0,0.0,0.0381958931684494,0.0,0.0,0.01223798654973507,0.321153849363327,0.1421157717704773,0.13958802819252014,0.2083832323551178,0.7293697595596313,0.37051671743392944,0.351754367351532,0.32874172925949097,0.00036773525062017143,8.626205089967698e-05,1.732902819640003e-05,0.0002263608039356768,0.00018277383060194552,2.7523812605068088e-05,9.212026270688511e-07,1.8285325495526195e-05,0.000715032743755728,0.00019279080152045935,7.010399713180959e-05,0.0007451328565366566,0.14075346291065216,0.3513741195201874,0.4568018913269043,0.022396866232156754,-0.3434123992919922,3.0503523349761963,0.20385631918907166,0.2840288579463959,0.2753158211708069,0.30160242319107056,0.24860943853855133,0.21893984079360962,0.2684631943702698,0.4410431683063507,0.3405912220478058,0.24300289154052734,0.28826841711997986
280,0.044300638139247894,0.0,0.0,0.0,0.18889068067073822,0.0,0.0,0.3249289393424988,0.0,0.0,0.0,0.0,0.32609590888023376,0.0,0.0,0.0,0.09493166953325272,0.0,0.0,0.020852118730545044,0.2063617706298828,0.0,0.0,0.0,0.35386964678764343,0.0,0.0,0.24743619561195374,0.0,0.0,0.0,0.0,0.1297605037689209,0.0,0.0,0.0,0.0480102077126503,0.0,0.0,0.014561678282916546,0.4403846263885498,0.20518961548805237,0.16339077055454254,0.21916167438030243,0.791622519493103,0.5696867108345032,0.44220268726348877,0.3882773816585541,0.0004659907426685095,9.865273023024201e-05,1.856751987361349e-05,0.00027001064154319465,0.00023367584799416363,3.139866021228954e-05,9.565389973431593e-07,2.204635165981017e-05,0.0008739164331927896,0.00023581419372931123,7.992829341674224e-05,0.0009314734488725662,0.16680198907852173,0.441869854927063,0.5292078256607056,0.08230254799127579,-0.3380786180496216,2.8571949005126953,0.23346877098083496,0.3491051495075226,0.22125813364982605,0.29849773645401,0.20554900169372559,0.2104216367006302,0.33699169754981995,0.4416041672229767,0.27730467915534973,0.2958836257457733,0.31177064776420593
281,0.07235882431268692,0.0,0.0,0.0,0.20997418463230133,0.0,0.0,0.3347415030002594,0.0,0.0,0.0,0.0,0.2784093916416168,0.0,0.0,0.0,0.08886861056089401,0.0,0.0,0.015647482126951218,0.21971328556537628,0.0,0.0,0.0,0.3702353239059448,0.0,0.0,0.23970156908035278,0.0,0.0,0.0,0.0,0.11602941900491714,0.0,0.0,0.0,0.04153614491224289,0.0,0.0,0.01278426218777895,0.4384615421295166,0.18171656131744385,0.1447390764951706,0.18602794408798218,0.8073675036430359,0.559477686882019,0.36355823278427124,0.29935383796691895,0.0004358358564786613,8.550957136321813e-05,1.7028618458425626e-05,0.0001800058234948665,0.00021972380636725575,2.7433252398623154e-05,9.56365965976147e-07,1.941388654813636e-05,0.000786212389357388,0.00020736941951327026,6.839520938228816e-05,0.0006123529747128487,0.1477220058441162,0.38291579484939575,0.4268620014190674,0.03665308654308319,-0.4212930500507355,3.046159029006958,0.21603041887283325,0.27614501118659973,0.2210800051689148,0.21777144074440002,0.20401686429977417,0.2684383690357208,0.3082612454891205,0.40242400765419006,0.37617138028144836,0.2987878620624542,0.3030664622783661
282,0.11091391742229462,0.0,0.0,0.0,0.3119465112686157,0.0,0.0,0.3188469111919403,0.0,0.0,0.0,0.0,0.18823912739753723,0.0,0.0,0.0,0.06119144335389137,0.0,0.0,0.008862016722559929,0.22843995690345764,0.0,0.0,0.0,0.3799440860748291,0.0,0.0,0.23500755429267883,0.0,0.0,0.0,0.0,0.10640039294958115,0.0,0.0,0.0,0.038517408072948456,0.0,0.0,0.011690587736666203,0.23653845489025116,0.13197605311870575,0.13539326190948486,0.17704589664936066,0.5208423733711243,0.3000337481498718,0.2989557087421417,0.16827522218227386,0.00029062526300549507,8.366472320631146e-05,1.6887042875168845e-05,0.00017223645409103483,0.0001313634857069701,2.7236932510277256e-05,9.489187391409359e-07,1.786879511200823e-05,0.0005554155213758349,0.0001879226037999615,6.56086704111658e-05,0.0005376989138312638,0.1358007788658142,0.25828298926353455,0.35666418075561523,-0.011353683657944202,-0.548435628414154,3.1734161376953125,0.24228592216968536,0.22772406041622162,0.2465563714504242,0.19342583417892456,0.20294815301895142,0.31992849707603455,0.27141645550727844,0.4309709668159485,0.34738147258758545,0.30002492666244507,0.32293957471847534
283,0.05488501116633415,0.0,0.0,0.0,0.1722836047410965,0.0,0.0,0.3165927231311798,0.0,0.0,0.0,0.0,0.2747032344341278,0.0,0.0,0.0,0.14211182296276093,0.0,0.0,0.03942357376217842,0.20825141668319702,0.0,0.0,0.0,0.3572829067707062,0.0,0.0,0.24442322552204132,0.0,0.0,0.0,0.0,0.12615996599197388,0.0,0.0,0.0,0.04910292848944664,0.0,0.0,0.014779563993215561,0.30192306637763977,0.1910179704427719,0.16211237013339996,0.23453092575073242,0.643818199634552,0.4493498206138611,0.4618479609489441,0.44445565342903137,0.0003931312239728868,0.00010209409083472565,1.7932003174792044e-05,0.0001948954741237685,0.0001486633555032313,3.283313708379865e-05,9.021493951877346e-07,1.882884680526331e-05,0.000693197944201529,0.00023695190611761063,7.465108501492068e-05,0.0006408816552720964,0.16480235755443573,0.4562271535396576,0.5227116346359253,0.06460068374872208,-0.3896442949771881,2.9266929626464844,0.25622302293777466,0.20297656953334808,0.3090486228466034,0.18265894055366516,0.20660534501075745,0.3162614107131958,0.2470349371433258,0.43258824944496155,0.29955703020095825,0.25419434905052185,0.3290312588214874
284,0.05555571988224983,0.0,0.0,0.0,0.1884065717458725,0.0,0.0,0.27354487776756287,0.0,0.0,0.0,0.0,0.2799150049686432,0.0,0.0,0.0,0.1733371764421463,0.0,0.0,0.02924058772623539,0.20408512651920319,0.0,0.0,0.0,0.3570084571838379,0.0,0.0,0.24783524870872498,0.0,0.0,0.0,0.0,0.1294676959514618,0.0,0.0,0.0,0.04694873467087746,0.0,0.0,0.014654750004410744,0.3076923191547394,0.21365270018577576,0.1617128700017929,0.22075848281383514,0.6751402020454407,0.5266581773757935,0.4696655869483948,0.46743741631507874,0.0004407490196172148,0.00011331528367009014,1.8267401173943654e-05,0.00024804018903523684,0.00016334751853719354,3.426959665375762e-05,9.219064054377668e-07,1.9889543182216585e-05,0.0007581599638797343,0.0002732789725996554,7.754545367788523e-05,0.0008508237078785896,0.16559340059757233,0.48247936367988586,0.49100738763809204,0.0666184350848198,-0.5710105895996094,2.8966474533081055,0.20558659732341766,0.23904776573181152,0.37286877632141113,0.23634923994541168,0.25215402245521545,0.31186380982398987,0.26338428258895874,0.4020189642906189,0.35693028569221497,0.23127052187919617,0.26098310947418213
285,0.06238526850938797,0.0,0.0,0.0,0.21073144674301147,0.0,0.0,0.337570458650589,0.0,0.0,0.0,0.0,0.28344690799713135,0.0,0.0,0.0,0.09201133996248245,0.0,0.0,0.013854657299816608,0.2119416743516922,0.0,0.0,0.0,0.36952123045921326,0.0,0.0,0.24953685700893402,0.0,0.0,0.0,0.0,0.1170421838760376,0.0,0.0,0.0,0.03970208764076233,0.0,0.0,0.012255977839231491,0.23269230127334595,0.16678643226623535,0.144222229719162,0.21297404170036316,0.4781070649623871,0.39836812019348145,0.3534342646598816,0.4212725758552551,0.0003052880638279021,0.00010219584510196,1.7350386769976467e-05,0.00018514355178922415,0.00012219103518873453,3.179037958034314e-05,9.001645366879529e-07,1.7656246200203896e-05,0.0006139118340797722,0.0002258256427012384,7.032004214124754e-05,0.000613745185546577,0.14643917977809906,0.3893016278743744,0.4984639286994934,0.03050132468342781,-0.5911325216293335,2.9885191917419434,0.2703246474266052,0.20460806787014008,0.39526352286338806,0.20546895265579224,0.22820526361465454,0.2674694359302521,0.2998633086681366,0.3824838101863861,0.34508082270622253,0.22761118412017822,0.1805676519870758
286,0.14456187188625336,0.0,0.0,0.0,0.3364754617214203,0.0,0.0,0.304874062538147,0.0,0.0,0.0,0.0,0.16688172519207,0.0,0.0,0.0,0.0414319708943367,0.0,0.0,0.005774916149675846,0.23607848584651947,0.0,0.0,0.0,0.3899950385093689,0.0,0.0,0.23439030349254608,0.0,0.0,0.0,0.0,0.0977703109383583,0.0,0.0,0.0,0.031176593154668808,0.0,0.0,0.01058928668498993,0.1865384578704834,0.12534929811954498,0.11996255069971085,0.1742514967918396,0.3901691436767578,0.2967500388622284,0.23388266563415527,0.13174572587013245,0.0002777721674647182,7.963776442920789e-05,1.532522583147511e-05,0.00016322085866704583,0.00012247938138898462,2.645780477905646e-05,8.655352985442732e-07,1.786709799489472e-05,0.0005469449679367244,0.00017749174730852246,5.6847660744097084e-05,0.0004899341147392988,0.12098682671785355,0.21408052742481232,0.40280163288116455,-0.027619976550340652,-0.5538312196731567,3.3958795070648193,0.2398725152015686,0.19819319248199463,0.3783760368824005,0.2112388014793396,0.23473021388053894,0.23907440900802612,0.2624965310096741,0.35740089416503906,0.3407854437828064,0.22475241124629974,0.21071888506412506
287,0.10682151466608047,0.0,0.0,0.0,0.2989696264266968,0.0,0.0,0.3191567361354828,0.0,0.0,0.0,0.0,0.20495644211769104,0.0,0.0,0.0,0.06218009442090988,0.0,0.0,0.007915589958429337,0.23365753889083862,0.0,0.0,0.0,0.3863486051559448,0.0,0.0,0.23303410410881042,0.0,0.0,0.0,0.0,0.10272786766290665,0.0,0.0,0.0,0.033414050936698914,0.0,0.0,0.01081782579421997,0.19615384936332703,0.13552893698215485,0.12610487639904022,0.18403193354606628,0.5509293675422668,0.3233887553215027,0.28543832898139954,0.22638636827468872,0.00030822603730484843,7.9583958722651e-05,1.5651887224521488e-05,0.00015347044973168522,0.00013847608352079988,2.636821591295302e-05,8.572523597649706e-07,1.838410935306456e-05,0.0005236155120655894,0.00017399115313310176,5.884073470951989e-05,0.00047567608999088407,0.12741023302078247,0.27504342794418335,0.40763381123542786,-0.007353515364229679,-0.3428739905357361,3.3452847003936768,0.18769200146198273,0.28453484177589417,0.32694417238235474,0.21556828916072845,0.20350219309329987,0.24026213586330414,0.25313860177993774,0.3770155906677246,0.307978093624115,0.27099430561065674,0.236534982919693
288,0.06080495938658714,0.0,0.0,0.0,0.1637347936630249,0.0,0.0,0.2986483871936798,0.0,0.0,0.0,0.0,0.3452548384666443,0.0,0.0,0.0,0.11794529855251312,0.0,0.0,0.013611788861453533,0.21287241578102112,0.0,0.0,0.0,0.36468982696533203,0.0,0.0,0.24671366810798645,0.0,0.0,0.0,0.0,0.12170597910881042,0.0,0.0,0.0,0.04175841808319092,0.0,0.0,0.012259695678949356,0.19230769574642181,0.14195609092712402,0.15170536935329437,0.2518962025642395,0.6041306257247925,0.3143538534641266,0.4515717923641205,0.5291947722434998,0.00029151621856726706,8.185648766811937e-05,1.6804691767902113e-05,0.00018311949679628015,0.00012611510464921594,2.6752582925837487e-05,8.700473017597687e-07,2.0533891074592248e-05,0.0005552129005081952,0.00017832349112723023,6.515002314699814e-05,0.0006364640430547297,0.1523522436618805,0.47680166363716125,0.547113835811615,0.05536115542054176,-0.39486604928970337,3.081127166748047,0.11979804933071136,0.2463206797838211,0.27895376086235046,0.23243063688278198,0.23846493661403656,0.26208025217056274,0.30378320813179016,0.33769121766090393,0.3013085126876831,0.2530023753643036,0.2501411736011505
289,0.048152800649404526,0.0,0.0,0.0,0.13560685515403748,0.0,0.0,0.26378747820854187,0.0,0.0,0.0,0.0,0.32263121008872986,0.0,0.0,0.0,0.20176319777965546,0.0,0.0,0.028058459982275963,0.20557360351085663,0.0,0.0,0.0,0.356190025806427,0.0,0.0,0.24358569085597992,0.0,0.0,0.0,0.0,0.1291988044977188,0.0,0.0,0.0,0.05024383217096329,0.0,0.0,0.01520804688334465,0.1596153825521469,0.14698602259159088,0.1690187305212021,0.25309380888938904,0.5152530670166016,0.3441373407840729,0.5187100768089294,0.6153997182846069,0.00029036111664026976,8.670095849083737e-05,1.8345464923186228e-05,0.00018920580623671412,0.00012983212945982814,2.854635749827139e-05,9.26987013372127e-07,1.994176818698179e-05,0.0005558505654335022,0.00018826300220098346,7.364834891632199e-05,0.000705475453287363,0.16870419681072235,0.5524420738220215,0.5787333250045776,0.082518070936203,-0.3540343642234802,2.9486074447631836,0.1249714270234108,0.2827610671520233,0.2869202196598053,0.24881522357463837,0.28684723377227783,0.24984993040561676,0.3019404709339142,0.35524821281433105,0.21990859508514404,0.27165213227272034,0.2638793885707855
290,0.11989538371562958,0.0,0.0,0.0,0.29480016231536865,0.0,0.0,0.30965369939804077,0.0,0.0,0.0,0.0,0.1962309032678604,0.0,0.0,0.0,0.07232356071472168,0.0,0.0,0.007096284069120884,0.23397290706634521,0.0,0.0,0.0,0.38529279828071594,0.0,0.0,0.23148886859416962,0.0,0.0,0.0,0.0,0.10361737012863159,0.0,0.0,0.0,0.034005556255578995,0.0,0.0,0.011622491292655468,0.20192307233810425,0.10794411599636078,0.1300000101327896,0.1760478913784027,0.37755075097084045,0.2576802968978882,0.2925249934196472,0.25303560495376587,0.0002973059890791774,7.197033846750855e-05,1.625350341782905e-05,0.00016598895308561623,0.00013786731869913638,2.360267171752639e-05,8.960561217463692e-07,1.9823342881863937e-05,0.0005795879405923188,0.00015817381790839136,5.975275416858494e-05,0.0005036157090216875,0.129340261220932,0.275642067193985,0.5310170650482178,-0.01571999117732048,-0.4211374521255493,3.300391435623169,0.11447084695100784,0.22593288123607635,0.2979688048362732,0.28063327074050903,0.2662239968776703,0.2772430181503296,0.2788762152194977,0.3332537114620209,0.2521257698535919,0.22205601632595062,0.2735976278781891
291,0.11487220227718353,0.0,0.0,0.0,0.2527899742126465,0.0,0.0,0.30131441354751587,0.0,0.0,0.0,0.0,0.24659743905067444,0.0,0.0,0.0,0.07864497601985931,0.0,0.0,0.0057809618301689625,0.23341692984104156,0.0,0.0,0.0,0.3898008465766907,0.0,0.0,0.23079662024974823,0.0,0.0,0.0,0.0,0.10204245150089264,0.0,0.0,0.0,0.03409355506300926,0.0,0.0,0.009849606081843376,0.1865384578704834,0.12183632701635361,0.12610237300395966,0.17764469981193542,0.5022087097167969,0.33938318490982056,0.2702226936817169,0.4170289635658264,0.0002947727916762233,7.722382724750787e-05,1.5629186236765236e-05,0.00014773907605558634,0.00015342685219366103,2.5612738681957126e-05,8.952353027780191e-07,1.8968163203680888e-05,0.0005404046969488263,0.0001704272726783529,5.778348713647574e-05,0.0004256511456333101,0.12652640044689178,0.33101212978363037,0.3969866931438446,-0.016293631866574287,-0.5530545711517334,3.2960457801818848,0.15094512701034546,0.24744927883148193,0.28590676188468933,0.26422905921936035,0.19676236808300018,0.29650965332984924,0.250337153673172,0.28825798630714417,0.2407197207212448,0.20556117594242096,0.3313097357749939
292,0.07158210128545761,0.0,0.0,0.0,0.21670614182949066,0.0,0.0,0.3599575161933899,0.0,0.0,0.0,0.0,0.23068971931934357,0.0,0.0,0.0,0.11447551846504211,0.0,0.0,0.0065889679826796055,0.22031983733177185,0.0,0.0,0.0,0.3776949644088745,0.0,0.0,0.24411749839782715,0.0,0.0,0.0,0.0,0.111501045525074,0.0,0.0,0.0,0.03638982027769089,0.0,0.0,0.009976818226277828,0.23269230127334595,0.12746506929397583,0.13623720407485962,0.21896207332611084,0.4901309013366699,0.2981882095336914,0.3121107518672943,0.40256834030151367,0.00030084443278610706,8.128832268994302e-05,1.676710780884605e-05,0.00019236424122937024,0.00015303869440685958,2.6096016881638207e-05,9.276938044422423e-07,2.1035937606939115e-05,0.0005634650005958974,0.00017719288007356226,6.434517854359001e-05,0.000646223546937108,0.1368052363395691,0.35174360871315,0.35417109727859497,0.014265703037381172,-0.45342859625816345,3.160202741622925,0.1913449615240097,0.27289673686027527,0.3171796202659607,0.2088281214237213,0.1817910373210907,0.3439790904521942,0.2592310607433319,0.30333322286605835,0.23831720650196075,0.22900643944740295,0.32670482993125916
293,0.034612879157066345,0.0,0.0,0.0,0.15648868680000305,0.0,0.0,0.24709106981754303,0.0,0.0,0.0,0.0,0.24068120121955872,0.0,0.0,0.0,0.3019091486930847,0.0,0.0,0.019216997548937798,0.19848878681659698,0.0,0.0,0.0,0.353241890668869,0.0,0.0,0.25332432985305786,0.0,0.0,0.0,0.0,0.1343279629945755,0.0,0.0,0.0,0.048644568771123886,0.0,0.0,0.011972441338002682,0.20961537957191467,0.15153692662715912,0.16860924661159515,0.27944111824035645,0.515329897403717,0.32350680232048035,0.45865026116371155,0.6732217669487,0.0002867777948267758,8.727950626052916e-05,1.8482231098460034e-05,0.00023024661641102284,0.00013349976507015526,2.872468758141622e-05,9.457302212467766e-07,2.1322724933270365e-05,0.0005625102785415947,0.00019142578821629286,7.54965512896888e-05,0.0008534945081919432,0.1689547300338745,0.5617955923080444,0.5345737934112549,0.08587201684713364,-0.546888530254364,2.910548448562622,0.17963655292987823,0.23072773218154907,0.27594223618507385,0.21665525436401367,0.19290311634540558,0.37602585554122925,0.2989688515663147,0.29408788681030273,0.2841828763484955,0.2598613500595093,0.29681292176246643
294,0.04156835749745369,0.0,0.0,0.0,0.14411094784736633,0.0,0.0,0.3133835196495056,0.0,0.0,0.0,0.0,0.334013432264328,0.0,0.0,0.0,0.14772862195968628,0.0,0.0,0.01919516548514366,0.20635579526424408,0.0,0.0,0.0,0.36076197028160095,0.0,0.0,0.24885442852973938,0.0,0.0,0.0,0.0,0.12574543058872223,0.0,0.0,0.0,0.046261899173259735,0.0,0.0,0.012020491994917393,0.2576923072338104,0.1463472992181778,0.15877903997898102,0.27225548028945923,0.49135276675224304,0.31837379932403564,0.40363162755966187,0.6029567718505859,0.00031330372439697385,8.601533045293763e-05,1.8205566448159516e-05,0.00022082003124523908,0.0001539255608804524,2.8182279493194073e-05,9.715220130601665e-07,2.1815842046635225e-05,0.0006097028381191194,0.00018850660126190633,7.286500476766378e-05,0.0007753422250971198,0.15949475765228271,0.5009257197380066,0.4505364000797272,0.07025819271802902,-0.5093296766281128,2.9446229934692383,0.24174442887306213,0.2017354518175125,0.2087637037038803,0.22441069781780243,0.21102683246135712,0.4062694311141968,0.3274992108345032,0.3117091655731201,0.2602381408214569,0.21295787394046783,0.2928306758403778
295,0.11820964515209198,0.0,0.0,0.0,0.29338473081588745,0.0,0.0,0.30474504828453064,0.0,0.0,0.0,0.0,0.22134770452976227,0.0,0.0,0.0,0.054770104587078094,0.0,0.0,0.0075427996926009655,0.23152324557304382,0.0,0.0,0.0,0.3807479441165924,0.0,0.0,0.23686063289642334,0.0,0.0,0.0,0.0,0.10476697981357574,0.0,0.0,0.0,0.035902898758649826,0.0,0.0,0.010198318399488926,0.2461538463830948,0.1151297390460968,0.13081897795200348,0.1912175565958023,0.6063510775566101,0.3042699694633484,0.2839164733886719,0.25015565752983093,0.0003574045840650797,7.589600863866508e-05,1.6660058463457972e-05,0.00022161711240187287,0.00014428459689952433,2.4350834792130627e-05,9.383813903696137e-07,2.0778297766810283e-05,0.00071133574238047,0.00017621772713027894,6.36438635410741e-05,0.0007132132304832339,0.13074836134910583,0.2836495637893677,0.4335460662841797,0.002155950292944908,-0.42550981044769287,3.14205002784729,0.1869690716266632,0.2509887218475342,0.2635675370693207,0.25383010506629944,0.20832222700119019,0.35288411378860474,0.32279306650161743,0.3733948767185211,0.2783927023410797,0.2122475802898407,0.28352683782577515
296,0.10921167582273483,0.0,0.0,0.0,0.28865405917167664,0.0,0.0,0.30107375979423523,0.0,0.0,0.0,0.0,0.2195141613483429,0.0,0.0,0.0,0.07321681827306747,0.0,0.0,0.008329490199685097,0.23048074543476105,0.0,0.0,0.0,0.38041815161705017,0.0,0.0,0.23537860810756683,0.0,0.0,0.0,0.0,0.10706031322479248,0.0,0.0,0.0,0.036505311727523804,0.0,0.0,0.010156860575079918,0.3134615421295166,0.14291417598724365,0.1318751573562622,0.18123751878738403,0.6720080971717834,0.3580893278121948,0.2878913879394531,0.24572141468524933,0.00036122696474194527,8.103621803456917e-05,1.6837122529977933e-05,0.00019448026432655752,0.00018089999502990395,2.5909201212925836e-05,9.416191346645064e-07,2.054981086985208e-05,0.0007518180646002293,0.00018606579396873713,6.379413389367983e-05,0.000595193647313863,0.13330936431884766,0.30105164647102356,0.3918952941894531,-0.005104343872517347,-0.39593705534935,3.1734697818756104,0.19161152839660645,0.27912160754203796,0.2637755572795868,0.23983538150787354,0.199870303273201,0.3075259029865265,0.2818893790245056,0.42176955938339233,0.28507640957832336,0.26486170291900635,0.28370246291160583
297,0.0908343568444252,0.0,0.0,0.0,0.28057149052619934,0.0,0.0,0.33740684390068054,0.0,0.0,0.0,0.0,0.21312344074249268,0.0,0.0,0.0,0.06666284054517746,0.0,0.0,0.011401043273508549,0.231496199965477,0.0,0.0,0.0,0.3816344738006592,0.0,0.0,0.23493348062038422,0.0,0.0,0.0,0.0,0.10505775362253189,0.0,0.0,0.0,0.03691934049129486,0.0,0.0,0.009958752430975437,0.2750000059604645,0.1441517025232315,0.13019976019859314,0.1798403114080429,0.6948303580284119,0.38715529441833496,0.2837923765182495,0.17527727782726288,0.0003343100834172219,8.14195373095572e-05,1.6253756257356144e-05,0.00017084446153603494,0.0001551317545818165,2.587230301287491e-05,8.927294175009592e-07,2.0755061996169388e-05,0.0006740044336766005,0.00018329550221096724,6.114444840932265e-05,0.000487842014990747,0.1317620873451233,0.2911781668663025,0.5101739168167114,-0.009990858845412731,-0.4211793541908264,3.15585994720459,0.13476362824440002,0.32272404432296753,0.23902978003025055,0.2511342167854309,0.23329374194145203,0.27089589834213257,0.25287872552871704,0.34655532240867615,0.24382947385311127,0.24700303375720978,0.2556670904159546
298,0.0942651629447937,0.0,0.0,0.0,0.2679751515388489,0.0,0.0,0.3123055398464203,0.0,0.0,0.0,0.0,0.24198490381240845,0.0,0.0,0.0,0.07228183001279831,0.0,0.0,0.011187421157956123,0.21993108093738556,0.0,0.0,0.0,0.374355286359787,0.0,0.0,0.24126824736595154,0.0,0.0,0.0,0.0,0.1149868369102478,0.0,0.0,0.0,0.039493538439273834,0.0,0.0,0.009965009056031704,0.2903846204280853,0.13712574541568756,0.14219476282596588,0.18682634830474854,0.7349143624305725,0.37817591428756714,0.33723700046539307,0.2547864019870758,0.00032345083309337497,8.861138485372066e-05,1.7540227418066934e-05,0.00018996380094904453,0.00015205192903522402,2.8136584660387598e-05,9.042285000759875e-07,1.959321161848493e-05,0.0006808185135014355,0.0002025615976890549,6.804503209423274e-05,0.0006137820892035961,0.14259767532348633,0.32544317841529846,0.5594050288200378,0.017572691664099693,-0.5487428307533264,3.0124459266662598,0.17047199606895447,0.39639389514923096,0.254098504781723,0.2158033400774002,0.23682242631912231,0.2722477912902832,0.2697584927082062,0.31344375014305115,0.27558326721191406,0.2888230085372925,0.2509421706199646
299,0.071270652115345,0.0,0.0,0.0,0.22349263727664948,0.0,0.0,0.38307899236679077,0.0,0.0,0.0,0.0,0.2552207410335541,0.0,0.0,0.0,0.059605229645967484,0.0,0.0,0.0073317065834999084,0.21431607007980347,0.0,0.0,0.0,0.3661670684814453,0.0,0.0,0.24679963290691376,0.0,0.0,0.0,0.0,0.12228913605213165,0.0,0.0,0.0,0.04082096368074417,0.0,0.0,0.009607134386897087,0.2461538463830948,0.14019960165023804,0.1496754139661789,0.20518961548805237,0.5751297473907471,0.3417063057422638,0.35199618339538574,0.27300378680229187,0.00029630062635987997,9.727352880872786e-05,1.7999627743847668e-05,0.00018663510854821652,0.00012271615560166538,2.966899410239421e-05,9.027469332067994e-07,1.906459692690987e-05,0.0005988607881590724,0.00020963101997040212,7.243556319735944e-05,0.0005848248838447034,0.1498863399028778,0.322147399187088,0.5573210716247559,0.02446550317108631,-0.3875634968280792,2.9972329139709473,0.2447439283132553,0.4437286853790283,0.27882570028305054,0.1765536367893219,0.24966531991958618,0.2735709547996521,0.2571309506893158,0.3287028670310974,0.35693487524986267,0.24404874444007874,0.25153565406799316
300,0.04972495138645172,0.0,0.0,0.0,0.18527594208717346,0.0,0.0,0.34508830308914185,0.0,0.0,0.0,0.0,0.338412880897522,0.0,0.0,0.0,0.07461775839328766,0.0,0.0,0.0068801636807620525,0.20649933815002441,0.0,0.0,0.0,0.35724958777427673,0.0,0.0,0.25044041872024536,0.0,0.0,0.0,0.0,0.1312003880739212,0.0,0.0,0.0,0.04433406516909599,0.0,0.0,0.01027617882937193,0.18076923489570618,0.15880239009857178,0.1601772904396057,0.2560878098011017,0.4969346821308136,0.38283810019493103,0.3761421740055084,0.4659159183502197,0.0002455672947689891,9.806128218770027e-05,1.9006518414244056e-05,0.0002414883638266474,0.00010793505498440936,3.1046551157487556e-05,9.150992923423473e-07,2.2825897758593783e-05,0.0005310130654834211,0.0002128932101186365,7.60815673856996e-05,0.0008011475438252091,0.16123689711093903,0.41990089416503906,0.6791496276855469,0.0372927263379097,-0.30417051911354065,2.950962781906128,0.20480790734291077,0.406218558549881,0.299228698015213,0.16748932003974915,0.32856911420822144,0.26794949173927307,0.25812724232673645,0.3161303997039795,0.30431610345840454,0.281413733959198,0.24367353320121765
301,0.10558540374040604,0.0,0.0,0.0,0.3231408894062042,0.0,0.0,0.30675235390663147,0.0,0.0,0.0,0.0,0.1925167292356491,0.0,0.0,0.0,0.06366708129644394,0.0,0.0,0.008337595500051975,0.22979126870632172,0.0,0.0,0.0,0.38287943601608276,0.0,0.0,0.23335382342338562,0.0,0.0,0.0,0.0,0.1067562848329544,0.0,0.0,0.0,0.037768930196762085,0.0,0.0,0.009450250305235386,0.16923077404499054,0.15956087410449982,0.1313907653093338,0.18083831667900085,0.42925482988357544,0.3729707896709442,0.2965254485607147,0.1227763295173645,0.0002996654948219657,0.00010044352529803291,1.665654781390913e-05,0.0001844100042944774,0.00012666310067288578,3.178603219566867e-05,8.842713441481465e-07,1.8443450244376436e-05,0.0005514010554179549,0.00022087676916271448,6.371486961143091e-05,0.0005748188705183566,0.13364805281162262,0.2645111382007599,0.5436403155326843,-0.01644618809223175,-0.43415772914886475,3.1325955390930176,0.1812501847743988,0.3708370625972748,0.24737311899662018,0.1961134374141693,0.3428601026535034,0.22895698249340057,0.30508944392204285,0.2787003815174103,0.32746315002441406,0.2794651687145233,0.25463104248046875
302,0.10452733933925629,0.0,0.0,0.0,0.29252123832702637,0.0,0.0,0.3164796531200409,0.0,0.0,0.0,0.0,0.21307827532291412,0.0,0.0,0.0,0.06602253764867783,0.0,0.0,0.007370928302407265,0.22370480000972748,0.0,0.0,0.0,0.3746829032897949,0.0,0.0,0.23738177120685577,0.0,0.0,0.0,0.0,0.11514614522457123,0.0,0.0,0.0,0.039693135768175125,0.0,0.0,0.00939123798161745,0.16538462042808533,0.1785229593515396,0.14006991684436798,0.16926147043704987,0.4049935042858124,0.38807347416877747,0.33890587091445923,0.1077297180891037,0.00033734377939254045,9.572014823788777e-05,1.7235444829566404e-05,0.0001639684778638184,0.00014578973059542477,3.0272356525529176e-05,8.90469550540729e-07,1.8500433725421317e-05,0.0006094841519370675,0.00021657755132764578,6.524527998408303e-05,0.0005247205845080316,0.14267422258853912,0.28646206855773926,0.41795995831489563,0.008218138478696346,-0.4811393618583679,3.072510004043579,0.12221988290548325,0.3153420686721802,0.2524102032184601,0.22150197625160217,0.2951459288597107,0.24738314747810364,0.33751484751701355,0.3115787208080292,0.2716447114944458,0.2569972574710846,0.2876659631729126
303,0.08849442005157471,0.0,0.0,0.0,0.3161940276622772,0.0,0.0,0.3104454576969147,0.0,0.0,0.0,0.0,0.2025085836648941,0.0,0.0,0.0,0.07218185067176819,0.0,0.0,0.010175682604312897,0.21514812111854553,0.0,0.0,0.0,0.37241920828819275,0.0,0.0,0.243464395403862,0.0,0.0,0.0,0.0,0.11697454005479813,0.0,0.0,0.0,0.04202975705265999,0.0,0.0,0.009963973425328732,0.1576923131942749,0.14942115545272827,0.14632460474967957,0.16806386411190033,0.4133071005344391,0.31623154878616333,0.3664773404598236,0.12117861211299896,0.00030910741770640016,9.364030847791582e-05,1.9304206944070756e-05,0.0002143564634025097,0.00014371030556503683,2.9288439691299573e-05,9.632395858716336e-07,2.026569018198643e-05,0.0005469534662552178,0.00020627357298508286,7.45358775020577e-05,0.0006807886529713869,0.1467709094285965,0.28485575318336487,0.52359938621521,0.01519680768251419,-0.3965013921260834,2.994347095489502,0.12431763112545013,0.3051382005214691,0.3144378662109375,0.27050095796585083,0.3006502687931061,0.2476649135351181,0.3098290264606476,0.3683052361011505,0.25235870480537415,0.26690614223480225,0.34222644567489624
304,0.08608468621969223,0.0,0.0,0.0,0.2758786678314209,0.0,0.0,0.29996737837791443,0.0,0.0,0.0,0.0,0.24432018399238586,0.0,0.0,0.0,0.08394458144903183,0.0,0.0,0.009804465807974339,0.21227580308914185,0.0,0.0,0.0,0.36913421750068665,0.0,0.0,0.24661387503147125,0.0,0.0,0.0,0.0,0.1194433718919754,0.0,0.0,0.0,0.042690206319093704,0.0,0.0,0.009842545725405216,0.16346153616905212,0.1419161707162857,0.14931586384773254,0.18882234394550323,0.4075184464454651,0.36100345849990845,0.3885417580604553,0.2375069111585617,0.00030970384250395,9.669928840594366e-05,2.0074290659977123e-05,0.00021783923148177564,0.00013730004138778895,2.9635590180987492e-05,9.625040320315748e-07,2.1659081539837644e-05,0.0005740079213865101,0.0002238474990008399,7.82158604124561e-05,0.0007342349272221327,0.14936207234859467,0.33805903792381287,0.6185674071311951,0.01574409380555153,-0.516141414642334,2.9943642616271973,0.1555890142917633,0.2967953681945801,0.2996979355812073,0.3321368992328644,0.2842142879962921,0.2322404980659485,0.40510624647140503,0.3652230203151703,0.2769392132759094,0.31641685962677,0.378022700548172
305,0.11150721460580826,0.0,0.0,0.0,0.2696854770183563,0.0,0.0,0.267811119556427,0.0,0.0,0.0,0.0,0.20697075128555298,0.0,0.0,0.0,0.13123217225074768,0.0,0.0,0.012793284840881824,0.21289268136024475,0.0,0.0,0.0,0.3664686679840088,0.0,0.0,0.24435250461101532,0.0,0.0,0.0,0.0,0.1213095635175705,0.0,0.0,0.0,0.044258493930101395,0.0,0.0,0.010718082077801228,0.19615384936332703,0.13592813909053802,0.15362797677516937,0.1934131681919098,0.4160176217556,0.3709072470664978,0.409621924161911,0.26123300194740295,0.00032748078228905797,9.773608326213434e-05,2.0505383872659877e-05,0.00022117358457762748,0.00013946669059805572,3.0819377570878714e-05,9.96284029497474e-07,2.146146107406821e-05,0.0006209964631125331,0.00022670904581900686,7.981569797266275e-05,0.0007034979062154889,0.15311311185359955,0.350986123085022,0.5904948115348816,0.03173664212226868,-0.3773069381713867,2.974506139755249,0.2266830950975418,0.29042255878448486,0.28005728125572205,0.2818038761615753,0.26565366983413696,0.22471919655799866,0.465539813041687,0.3866751492023468,0.23968133330345154,0.3136208653450012,0.3706023395061493
306,0.14429248869419098,0.0,0.0,0.0,0.3108552098274231,0.0,0.0,0.31721827387809753,0.0,0.0,0.0,0.0,0.17118579149246216,0.0,0.0,0.0,0.052419040352106094,0.0,0.0,0.004029217176139355,0.2304992377758026,0.0,0.0,0.0,0.383345365524292,0.0,0.0,0.2350909560918808,0.0,0.0,0.0,0.0,0.10602345317602158,0.0,0.0,0.0,0.03658679872751236,0.0,0.0,0.00845420267432928,0.1557692289352417,0.10514970123767853,0.13233458995819092,0.16746506094932556,0.39474356174468994,0.2850692570209503,0.28779637813568115,0.1175733208656311,0.0003654541214928031,8.520818664692342e-05,1.9007205992238596e-05,0.00020486721768975258,0.00016376750136259943,2.709790896915365e-05,9.969032817025436e-07,2.1544254195760004e-05,0.0006590727716684341,0.00019237289961893111,7.092270243447274e-05,0.0006228036945685744,0.1311914324760437,0.22762605547904968,0.5625626444816589,-0.00845729373395443,-0.4539852440357208,3.205172538757324,0.26100224256515503,0.3637996315956116,0.2767268121242523,0.2735520899295807,0.2789495885372162,0.2149040549993515,0.5206653475761414,0.358913391828537,0.2391887903213501,0.3876219391822815,0.32386279106140137
307,0.10365703701972961,0.0,0.0,0.0,0.2941311001777649,0.0,0.0,0.35825785994529724,0.0,0.0,0.0,0.0,0.17688272893428802,0.0,0.0,0.0,0.060544099658727646,0.0,0.0,0.0065271309576928616,0.23208202421665192,0.0,0.0,0.0,0.38351550698280334,0.0,0.0,0.23149427771568298,0.0,0.0,0.0,0.0,0.10539322346448898,0.0,0.0,0.0,0.03825777396559715,0.0,0.0,0.00925720576196909,0.2576923072338104,0.1200399175286293,0.1330387145280838,0.16187624633312225,0.6116127371788025,0.33114999532699585,0.3129214942455292,0.08829151839017868,0.0004936882760375738,9.293748007621616e-05,1.8268303392687812e-05,0.00020843016682192683,0.0002351527364226058,2.8717349778162315e-05,9.552111350785708e-07,2.2547146727447398e-05,0.0008597956039011478,0.00022017021547071636,6.871868390589952e-05,0.0006446166662499309,0.13276886940002441,0.2439459264278412,0.5621862411499023,-4.7361852921312675e-05,-0.51416015625,3.1942083835601807,0.2617957293987274,0.3977490961551666,0.265602171421051,0.26181355118751526,0.25633254647254944,0.19193938374519348,0.4657543897628784,0.33048737049102783,0.23161953687667847,0.39340463280677795,0.33190038800239563
308,0.10146992653608322,0.0,0.0,0.0,0.3056284487247467,0.0,0.0,0.34663358330726624,0.0,0.0,0.0,0.0,0.1785120964050293,0.0,0.0,0.0,0.05852094292640686,0.0,0.0,0.009234965778887272,0.23411475121974945,0.0,0.0,0.0,0.3832189440727234,0.0,0.0,0.23146109282970428,0.0,0.0,0.0,0.0,0.10435771197080612,0.0,0.0,0.0,0.0371699258685112,0.0,0.0,0.0096775833517313,0.25,0.12183632701635361,0.13142822682857513,0.16347305476665497,0.5584946274757385,0.26060593128204346,0.31043052673339844,0.12826593220233917,0.0004428272368386388,9.156215674011037e-05,1.8032800653600134e-05,0.00019136341870762408,0.00020533284987322986,2.8835065677412786e-05,9.643207476983662e-07,2.0747476810356602e-05,0.0008509100298397243,0.0002075781230814755,6.759003736078739e-05,0.0006161908386275172,0.13138629496097565,0.2462601214647293,0.47099408507347107,-0.011330529116094112,-0.5172478556632996,3.223794460296631,0.23369348049163818,0.3937603533267975,0.26668861508369446,0.3020477294921875,0.2919839322566986,0.1997508853673935,0.4678972363471985,0.27064743638038635,0.2515495717525482,0.3319876790046692,0.3038416802883148
309,0.11341425031423569,0.0,0.0,0.0,0.3044534921646118,0.0,0.0,0.30727753043174744,0.0,0.0,0.0,0.0,0.19507256150245667,0.0,0.0,0.0,0.07055504620075226,0.0,0.0,0.00922705139964819,0.22723886370658875,0.0,0.0,0.0,0.37811556458473206,0.0,0.0,0.23630887269973755,0.0,0.0,0.0,0.0,0.10951296240091324,0.0,0.0,0.0,0.03924908861517906,0.0,0.0,0.009574641473591328,0.16538462042808533,0.13908183574676514,0.13721847534179688,0.15489020943641663,0.3464789390563965,0.2696768641471863,0.3576720952987671,0.13554513454437256,0.0003665541298687458,9.942053293343633e-05,1.7710826796246693e-05,0.00017712295812088996,0.00017839542124420404,3.259712320868857e-05,9.578816388966516e-07,1.9513663573889062e-05,0.0006443870952352881,0.00021551853569690138,6.807982572354376e-05,0.0005994561361148953,0.13756611943244934,0.27484503388404846,0.4440901577472687,-0.0077148000709712505,-0.4867366850376129,3.1473701000213623,0.1763167381286621,0.38877955079078674,0.26409921050071716,0.2666775584220886,0.29278847575187683,0.2201646864414215,0.39864370226860046,0.31098049879074097,0.2716705799102783,0.3063446283340454,0.27705031633377075
310,0.05818315967917442,0.0,0.0,0.0,0.26997363567352295,0.0,0.0,0.36907386779785156,0.0,0.0,0.0,0.0,0.21226519346237183,0.0,0.0,0.0,0.08002693951129913,0.0,0.0,0.010477193631231785,0.20692481100559235,0.0,0.0,0.0,0.36279726028442383,0.0,0.0,0.24589025974273682,0.0,0.0,0.0,0.0,0.12631061673164368,0.0,0.0,0.0,0.04678576439619064,0.0,0.0,0.01129127386957407,0.14807692170143127,0.18974052369594574,0.1582222282886505,0.17205588519573212,0.33539626002311707,0.41471460461616516,0.42439591884613037,0.107196144759655,0.00032327743247151375,0.00012144631909905002,1.9916584278689697e-05,0.00021407824533525854,0.00014647307398263365,3.993308200733736e-05,9.90149715107691e-07,1.946956035681069e-05,0.0005705076036974788,0.0002633294207043946,8.300926856463775e-05,0.0007449184777215123,0.160202294588089,0.30275896191596985,0.6457319259643555,0.025922119617462158,-0.5855572819709778,2.9158408641815186,0.17388290166854858,0.4001874327659607,0.27891671657562256,0.2607712745666504,0.3787899315357208,0.2795846462249756,0.39210018515586853,0.3542211949825287,0.3368065655231476,0.24921710789203644,0.2692120373249054
311,0.11947579681873322,0.0,0.0,0.0,0.2796381413936615,0.0,0.0,0.37320834398269653,0.0,0.0,0.0,0.0,0.17635971307754517,0.0,0.0,0.0,0.045856643468141556,0.0,0.0,0.0054613202810287476,0.22473299503326416,0.0,0.0,0.0,0.382874071598053,0.0,0.0,0.23902328312397003,0.0,0.0,0.0,0.0,0.10735074430704117,0.0,0.0,0.0,0.036355867981910706,0.0,0.0,0.009663035161793232,0.10384615510702133,0.1407584846019745,0.1324319690465927,0.16387225687503815,0.1951664239168167,0.30435559153556824,0.29710063338279724,0.11286521703004837,0.00027653248980641365,9.79089381871745e-05,1.8134865968022496e-05,0.00017809731070883572,0.00011302936036372557,3.145312803098932e-05,9.590524996383465e-07,2.0414810933289118e-05,0.0005198045400902629,0.0002097022661473602,7.136414933484048e-05,0.0005756249884143472,0.13324673473834991,0.22766897082328796,0.5647050738334656,-0.01820749044418335,-0.6442111730575562,3.0850534439086914,0.17174458503723145,0.37152624130249023,0.24359701573848724,0.2676522433757782,0.3169536888599396,0.33435046672821045,0.36367613077163696,0.4182894229888916,0.31909000873565674,0.2436579316854477,0.2904157042503357
312,0.11905185878276825,0.0,0.0,0.0,0.3619709312915802,0.0,0.0,0.336459219455719,0.0,0.0,0.0,0.0,0.14087636768817902,0.0,0.0,0.0,0.03618791699409485,0.0,0.0,0.005453701596707106,0.23695236444473267,0.0,0.0,0.0,0.3942369520664215,0.0,0.0,0.23141899704933167,0.0,0.0,0.0,0.0,0.09532520920038223,0.0,0.0,0.0,0.03293853625655174,0.0,0.0,0.009127932600677013,0.13076923787593842,0.09536926448345184,0.12041199207305908,0.15269461274147034,0.18059328198432922,0.2101563811302185,0.24095652997493744,0.08440148830413818,0.0003287100116722286,7.814174750819802e-05,1.76171070052078e-05,0.0001889611012302339,0.00016908347606658936,2.590060103102587e-05,9.515856618236285e-07,2.0752664568135515e-05,0.0006090964307077229,0.00016993869212456048,6.643208325840533e-05,0.0005990354111418128,0.11934444308280945,0.18251030147075653,0.4851703643798828,-0.03336399048566818,-0.5845723152160645,3.349299430847168,0.13998830318450928,0.3686314523220062,0.301161527633667,0.28957250714302063,0.2906210422515869,0.32200634479522705,0.3730502426624298,0.3987833559513092,0.3039122223854065,0.24039140343666077,0.3385375440120697
313,0.14235495030879974,0.0,0.0,0.0,0.38282787799835205,0.0,0.0,0.31668540835380554,0.0,0.0,0.0,0.0,0.12492440640926361,0.0,0.0,0.0,0.029611989855766296,0.0,0.0,0.003595336340367794,0.2389666736125946,0.0,0.0,0.0,0.39483389258384705,0.0,0.0,0.2303440272808075,0.0,0.0,0.0,0.0,0.0953751727938652,0.0,0.0,0.0,0.03156919404864311,0.0,0.0,0.008911047130823135,0.14038461446762085,0.09473054111003876,0.1191335916519165,0.14291416108608246,0.2560269832611084,0.1919899582862854,0.23249490559101105,0.049845706671476364,0.00030024483567103744,7.479771738871932e-05,1.7398613636032678e-05,0.000220456684473902,0.0001397187588736415,2.4932178348535672e-05,9.941934422386112e-07,2.0785602828254923e-05,0.0004865132796112448,0.0001581722463015467,6.40026992186904e-05,0.0006733948830515146,0.1180175393819809,0.15812337398529053,0.36230674386024475,-0.03456098958849907,-0.5017377734184265,3.386039972305298,0.14720408618450165,0.35132595896720886,0.2830384075641632,0.324453741312027,0.26397985219955444,0.3307921290397644,0.29927513003349304,0.40639635920524597,0.33400917053222656,0.23791645467281342,0.2839716076850891
314,0.07434752583503723,0.0,0.0,0.0,0.30542314052581787,0.0,0.0,0.3924473524093628,0.0,0.0,0.0,0.0,0.1776774376630783,0.0,0.0,0.0,0.04489772766828537,0.0,0.0,0.005206902977079153,0.2299846112728119,0.0,0.0,0.0,0.38615483045578003,0.0,0.0,0.2353583723306656,0.0,0.0,0.0,0.0,0.10318579524755478,0.0,0.0,0.0,0.03550901263952255,0.0,0.0,0.009807378053665161,0.22499999403953552,0.11652694642543793,0.12919101119041443,0.16447106003761292,0.5339227318763733,0.2646617591381073,0.3014577329158783,0.12167830765247345,0.00033844972494989634,8.262314077001065e-05,1.7223461327375844e-05,0.0001936559856403619,0.0001359315647277981,2.6859099307330325e-05,9.651275831856765e-07,2.0313607819844037e-05,0.000555136357434094,0.0001790949172573164,6.445021426770836e-05,0.0006295118946582079,0.12898071110248566,0.22777368128299713,0.46638357639312744,-0.007961522787809372,-0.45100918412208557,3.2733349800109863,0.15627045929431915,0.3929377794265747,0.2700155973434448,0.3295694589614868,0.2537861466407776,0.3645024597644806,0.25969964265823364,0.35378971695899963,0.31412655115127563,0.24826812744140625,0.3027254641056061
315,0.11000707745552063,0.0,0.0,0.0,0.2898339033126831,0.0,0.0,0.36998748779296875,0.0,0.0,0.0,0.0,0.1758091300725937,0.0,0.0,0.0,0.049735624343156815,0.0,0.0,0.004626819863915443,0.22903116047382355,0.0,0.0,0.0,0.3834770917892456,0.0,0.0,0.23834531009197235,0.0,0.0,0.0,0.0,0.10349193215370178,0.0,0.0,0.0,0.03597710281610489,0.0,0.0,0.009677411057054996,0.16730768978595734,0.11281437426805496,0.12982022762298584,0.1858283430337906,0.309671014547348,0.2432646006345749,0.31091466546058655,0.12868312001228333,0.00031854439293965697,8.091068593785167e-05,1.69144641404273e-05,0.00021356850629672408,0.0001360551977995783,2.5923194698407315e-05,9.45913825489697e-07,1.918890484375879e-05,0.0005199765437282622,0.00018388513126410544,6.42319064354524e-05,0.000717718678060919,0.12952816486358643,0.23016169667243958,0.4434991478919983,-0.00891927257180214,-0.5154016613960266,3.31862473487854,0.16228625178337097,0.4057745635509491,0.28436174988746643,0.2992470860481262,0.2547389268875122,0.356569766998291,0.2800693213939667,0.3512577712535858,0.2827964425086975,0.2458677738904953,0.36669600009918213
316,0.17087778449058533,0.0,0.0,0.0,0.34102368354797363,0.0,0.0,0.29568618535995483,0.0,0.0,0.0,0.0,0.14901316165924072,0.0,0.0,0.0,0.03997522592544556,0.0,0.0,0.0034239296801388264,0.2409353107213974,0.0,0.0,0.0,0.39022591710090637,0.0,0.0,0.2287404090166092,0.0,0.0,0.0,0.0,0.09652799367904663,0.0,0.0,0.0,0.03391329199075699,0.0,0.0,0.009657073765993118,0.18076923489570618,0.11536926031112671,0.12138327956199646,0.1688622683286667,0.4015629291534424,0.2349342405796051,0.2691960334777832,0.07760269939899445,0.00033024977892637253,8.427540888078511e-05,1.6293723092530854e-05,0.00018736108904704452,0.00014982098946347833,2.697996205824893e-05,9.216135481437959e-07,1.9306788090034388e-05,0.0005617114948108792,0.00019105426326859742,6.0171350924065337e-05,0.0005932938074693084,0.12165723741054535,0.19240398705005646,0.5642579793930054,-0.02409926801919937,-0.4554811120033264,3.44893479347229,0.1858317106962204,0.4049905836582184,0.23256103694438934,0.31293249130249023,0.241582989692688,0.3380385935306549,0.32989051938056946,0.3595729470252991,0.30064454674720764,0.21904872357845306,0.3438560366630554
317,0.1807105988264084,0.0,0.0,0.0,0.4031495451927185,0.0,0.0,0.2592798173427582,0.0,0.0,0.0,0.0,0.1277891993522644,0.0,0.0,0.0,0.026160916313529015,0.0,0.0,0.0029099418316036463,0.249989315867424,0.0,0.0,0.0,0.3999887704849243,0.0,0.0,0.22023841738700867,0.0,0.0,0.0,0.0,0.08995532989501953,0.0,0.0,0.0,0.030135611072182655,0.0,0.0,0.009692552499473095,0.14615385234355927,0.09528942406177521,0.11335331201553345,0.14331336319446564,0.32972636818885803,0.2025795727968216,0.21780413389205933,0.03926927596330643,0.0003129681572318077,7.408605597447604e-05,1.5712650565546937e-05,0.00015214967424981296,0.000143982790177688,2.4031702196225524e-05,9.159837190964026e-07,1.8171504052588716e-05,0.000549746211618185,0.00016528175910934806,5.6716427934588864e-05,0.0004606762377079576,0.11269138753414154,0.1568526178598404,0.5035305619239807,-0.04609275609254837,-0.44788339734077454,3.633082151412964,0.18716415762901306,0.37896546721458435,0.3159979581832886,0.3502887487411499,0.22149060666561127,0.2817612886428833,0.29337796568870544,0.3942440152168274,0.28600242733955383,0.2179679572582245,0.35598838329315186
318,0.1619221717119217,0.0,0.0,0.0,0.3165847063064575,0.0,0.0,0.30112263560295105,0.0,0.0,0.0,0.0,0.16818025708198547,0.0,0.0,0.0,0.0467783622443676,0.0,0.0,0.005411828868091106,0.2403135746717453,0.0,0.0,0.0,0.3892551064491272,0.0,0.0,0.22799062728881836,0.0,0.0,0.0,0.0,0.09804922342300415,0.0,0.0,0.0,0.034037742763757706,0.0,0.0,0.010353737510740757,0.23461538553237915,0.12419161945581436,0.12313858419656754,0.1516966074705124,0.5013446807861328,0.3442770838737488,0.270699143409729,0.08466450870037079,0.0003735041245818138,7.990768062882125e-05,1.7063597624655813e-05,0.00018199246551375836,0.00015830411575734615,2.56174444075441e-05,9.504244644631399e-07,1.832435191317927e-05,0.00066322460770607,0.00018432419165037572,6.308376032393426e-05,0.0005568897468037903,0.12366614490747452,0.22036123275756836,0.613498330116272,-0.020233143121004105,-0.4608512222766876,3.3694918155670166,0.1915203034877777,0.37213045358657837,0.3128857910633087,0.35504820942878723,0.23036296665668488,0.2694602608680725,0.26700520515441895,0.415631502866745,0.3357260823249817,0.22333791851997375,0.33358949422836304
319,0.08825651556253433,0.0,0.0,0.0,0.3295154571533203,0.0,0.0,0.34422042965888977,0.0,0.0,0.0,0.0,0.17939110100269318,0.0,0.0,0.0,0.05161738395690918,0.0,0.0,0.006999173201620579,0.22362850606441498,0.0,0.0,0.0,0.3721752464771271,0.0,0.0,0.23966306447982788,0.0,0.0,0.0,0.0,0.11445728689432144,0.0,0.0,0.0,0.0396668016910553,0.0,0.0,0.010409094393253326,0.1903846114873886,0.1367664635181427,0.1428714096546173,0.16407185792922974,0.4227163791656494,0.37001529335975647,0.3377814292907715,0.09726788103580475,0.0003703165566548705,9.3071284936741e-05,1.9373812392586842e-05,0.0001936009939527139,0.00014359387569129467,3.058342554140836e-05,9.389553383698512e-07,1.928911660797894e-05,0.0006600337219424546,0.0002064971486106515,7.608656596858054e-05,0.0006489888182841241,0.1428203582763672,0.2379997819662094,0.49119600653648376,0.017446696758270264,-0.5404567718505859,3.0218565464019775,0.232094869017601,0.43213388323783875,0.33445051312446594,0.3860047459602356,0.2253720462322235,0.26718708872795105,0.25476181507110596,0.46803897619247437,0.3291580379009247,0.2605610489845276,0.32418859004974365
320,0.09935247153043747,0.0,0.0,0.0,0.16571208834648132,0.0,0.0,0.3187501132488251,0.0,0.0,0.0,0.0,0.3013189733028412,0.0,0.0,0.0,0.10478504002094269,0.0,0.0,0.010081305168569088,0.21829430758953094,0.0,0.0,0.0,0.36795487999916077,0.0,0.0,0.23783943057060242,0.0,0.0,0.0,0.0,0.11993799358606339,0.0,0.0,0.0,0.04520258679986,0.0,0.0,0.010770793072879314,0.13653846085071564,0.13213573396205902,0.15291886031627655,0.23832334578037262,0.36383408308029175,0.3102606236934662,0.3961170017719269,0.45522311329841614,0.0002785292163025588,9.422055154573172e-05,1.9148610590491444e-05,0.00022122861992102116,0.00012154663272667676,3.100316826021299e-05,9.398319775755226e-07,1.9948829503846355e-05,0.0005239843158051372,0.00020297823357395828,7.616879156557843e-05,0.00081906549166888,0.15268395841121674,0.4161731004714966,0.6093001961708069,0.035031758248806,-0.49112847447395325,2.999946355819702,0.16044451296329498,0.34708914160728455,0.3461097478866577,0.32186195254325867,0.21754366159439087,0.312454491853714,0.2561011016368866,0.4142748713493347,0.31168249249458313,0.32565057277679443,0.2930964231491089
321,0.08190268278121948,0.0,0.0,0.0,0.22977618873119354,0.0,0.0,0.3233121931552887,0.0,0.0,0.0,0.0,0.29432013630867004,0.0,0.0,0.0,0.06246267631649971,0.0,0.0,0.008226074278354645,0.23717446625232697,0.0,0.0,0.0,0.3858632445335388,0.0,0.0,0.2282441109418869,0.0,0.0,0.0,0.0,0.10332062095403671,0.0,0.0,0.0,0.03587915003299713,0.0,0.0,0.009518412873148918,0.14423076808452606,0.10459081828594208,0.12960051000118256,0.20718562602996826,0.35685330629348755,0.1795099973678589,0.33076393604278564,0.44931286573410034,0.00023811643768567592,8.247791993198916e-05,1.6638423403492197e-05,0.0001896184985525906,0.00010701932478696108,2.7629805117612705e-05,9.518114438833436e-07,2.047023554041516e-05,0.00047410366823896766,0.00017932229093275964,6.299058441072702e-05,0.0006439110147766769,0.12906654179096222,0.3649987578392029,0.44409307837486267,-0.009354684501886368,-0.5778672695159912,3.3363451957702637,0.18878820538520813,0.35204505920410156,0.3104049563407898,0.27498120069503784,0.16408073902130127,0.33812087774276733,0.2519172132015228,0.3671497106552124,0.30896100401878357,0.3291454017162323,0.2780177891254425
322,0.05479319021105766,0.0,0.0,0.0,0.18407024443149567,0.0,0.0,0.3573194146156311,0.0,0.0,0.0,0.0,0.31001898646354675,0.0,0.0,0.0,0.08372294157743454,0.0,0.0,0.010075166821479797,0.21295422315597534,0.0,0.0,0.0,0.3660440444946289,0.0,0.0,0.24483735859394073,0.0,0.0,0.0,0.0,0.12287701666355133,0.0,0.0,0.0,0.042960721999406815,0.0,0.0,0.010326608084142208,0.1596153825521469,0.14203593134880066,0.1528089940547943,0.21477045118808746,0.40695562958717346,0.3416648507118225,0.4248708486557007,0.40332451462745667,0.00031332121579907835,9.406194294570014e-05,1.8428600014885888e-05,0.0002112319489242509,0.00013565014523919672,2.9751630790997297e-05,9.619838010621606e-07,2.079850310110487e-05,0.0006059905863367021,0.0002141194127034396,7.346737402258441e-05,0.0007637970265932381,0.15291130542755127,0.40380650758743286,0.5944709777832031,0.0370708666741848,-0.3516876995563507,2.9992475509643555,0.1904267966747284,0.3685481548309326,0.34435611963272095,0.27418220043182373,0.20853939652442932,0.2992229163646698,0.24614210426807404,0.37854889035224915,0.2560745179653168,0.36163419485092163,0.25544315576553345
323,0.03256645426154137,0.0,0.0,0.0,0.13344426453113556,0.0,0.0,0.2301088273525238,0.0,0.0,0.0,0.0,0.33395811915397644,0.0,0.0,0.0,0.23431546986103058,0.0,0.0,0.03560691326856613,0.2032364308834076,0.0,0.0,0.0,0.3523506224155426,0.0,0.0,0.2430983930826187,0.0,0.0,0.0,0.0,0.13553550839424133,0.0,0.0,0.0,0.05275903642177582,0.0,0.0,0.013020025566220284,0.26923078298568726,0.18618762493133545,0.17301124334335327,0.24351297318935394,0.5685825943946838,0.5792718529701233,0.5425089597702026,0.6852449774742126,0.00037112884456291795,0.00010146918066311628,1.8734310287982225e-05,0.0002127347979694605,0.00017703024786897004,3.105791984125972e-05,9.999413350669784e-07,2.1904075765633024e-05,0.0006760856485925615,0.00023968375171534717,7.643463322892785e-05,0.0006652810843661427,0.17471235990524292,0.6038703322410583,0.6472195982933044,0.09125488251447678,-0.3349509537220001,2.899106502532959,0.1607135534286499,0.34039369225502014,0.2812905013561249,0.2601993978023529,0.23665212094783783,0.3075765073299408,0.298579603433609,0.34742435812950134,0.23145611584186554,0.3483005166053772,0.2225458025932312
324,0.08945918083190918,0.0,0.0,0.0,0.2501487135887146,0.0,0.0,0.3365118205547333,0.0,0.0,0.0,0.0,0.25011172890663147,0.0,0.0,0.0,0.06566695123910904,0.0,0.0,0.00810156762599945,0.22814516723155975,0.0,0.0,0.0,0.38046470284461975,0.0,0.0,0.23562480509281158,0.0,0.0,0.0,0.0,0.11011756956577301,0.0,0.0,0.0,0.03618992492556572,0.0,0.0,0.009457819163799286,0.1576923131942749,0.12059880048036575,0.13541074097156525,0.18642714619636536,0.3669555187225342,0.270393043756485,0.33576294779777527,0.32647499442100525,0.000281026354059577,8.595519466325641e-05,1.7337715689791366e-05,0.00018588545208331198,0.00011655039270408452,2.698055141081568e-05,9.750576737133088e-07,2.0095754734938964e-05,0.0005764657398685813,0.00019348718342371285,6.619823398068547e-05,0.0005940900300629437,0.13516981899738312,0.32387083768844604,0.49913257360458374,-0.00679235951974988,-0.37368547916412354,3.1247756481170654,0.16186612844467163,0.33115091919898987,0.2989514172077179,0.23958542943000793,0.25541114807128906,0.35397931933403015,0.27380380034446716,0.36354541778564453,0.24319642782211304,0.3469632863998413,0.24200153350830078
325,0.1730351448059082,0.0,0.0,0.0,0.3520078659057617,0.0,0.0,0.2843257784843445,0.0,0.0,0.0,0.0,0.14546065032482147,0.0,0.0,0.0,0.03991859033703804,0.0,0.0,0.005251952912658453,0.2529449462890625,0.0,0.0,0.0,0.4025585651397705,0.0,0.0,0.21842899918556213,0.0,0.0,0.0,0.0,0.08934637904167175,0.0,0.0,0.0,0.028368130326271057,0.0,0.0,0.008353001438081264,0.20576922595500946,0.09908183664083481,0.10946068167686462,0.14690618216991425,0.5819903016090393,0.2307301014661789,0.19366060197353363,0.10557805001735687,0.00031663174740970135,7.816341530997306e-05,1.6029247490223497e-05,0.00016192460316233337,0.0001454270677641034,2.44719885813538e-05,9.530131137580611e-07,1.9488399630063213e-05,0.0005990058416500688,0.00017341808415949345,5.777899787062779e-05,0.00045223324559628963,0.10940892994403839,0.1906231790781021,0.3835270404815674,-0.05090080946683884,-0.43766215443611145,3.4770257472991943,0.16827255487442017,0.31312841176986694,0.25497013330459595,0.23257751762866974,0.22848579287528992,0.3897724747657776,0.2630866467952728,0.3510770797729492,0.32780084013938904,0.29804983735084534,0.2860868275165558
326,0.07301019132137299,0.0,0.0,0.0,0.19591061770915985,0.0,0.0,0.30576545000076294,0.0,0.0,0.0,0.0,0.33196714520454407,0.0,0.0,0.0,0.08182892948389053,0.0,0.0,0.011517667211592197,0.22842641174793243,0.0,0.0,0.0,0.37856927514076233,0.0,0.0,0.23257631063461304,0.0,0.0,0.0,0.0,0.11286602914333344,0.0,0.0,0.0,0.038491588085889816,0.0,0.0,0.0090703796595335,0.29615384340286255,0.15333333611488342,0.1372634321451187,0.19760479032993317,0.658896267414093,0.47916239500045776,0.3444055914878845,0.4721065163612366,0.0003423687012400478,8.85375338839367e-05,1.778213118086569e-05,0.00019338238053023815,0.00014362827641889453,2.8268368623685092e-05,9.603761554899393e-07,1.9926403183490038e-05,0.0006826870376244187,0.00020968403259757906,6.815748201915994e-05,0.0006507455254904926,0.13909019529819489,0.42530348896980286,0.4637918174266815,0.019215596839785576,-0.51783686876297,3.0829296112060547,0.18015123903751373,0.28588929772377014,0.2801194190979004,0.19483105838298798,0.23396490514278412,0.36781421303749084,0.25844061374664307,0.3579772114753723,0.32600438594818115,0.2743384838104248,0.3355255424976349
327,0.06965003162622452,0.0,0.0,0.0,0.21222536265850067,0.0,0.0,0.29979613423347473,0.0,0.0,0.0,0.0,0.3358798623085022,0.0,0.0,0.0,0.07555776834487915,0.0,0.0,0.006890824530273676,0.22375299036502838,0.0,0.0,0.0,0.37371259927749634,0.0,0.0,0.2386026233434677,0.0,0.0,0.0,0.0,0.11515620350837708,0.0,0.0,0.0,0.0394313745200634,0.0,0.0,0.009344219230115414,0.23461538553237915,0.15788422524929047,0.14037953317165375,0.19580838084220886,0.540309727191925,0.4597950875759125,0.35153117775917053,0.4705384373664856,0.00032290644594468176,8.55721445987001e-05,1.7480757378507406e-05,0.00018781900871545076,0.000138462200993672,2.6414578314870596e-05,9.288280580221908e-07,1.9279163097962737e-05,0.000630392984021455,0.00020183823653496802,6.72688038321212e-05,0.0006114799762144685,0.14215458929538727,0.4183194935321808,0.4875820279121399,0.021706126630306244,-0.3390776515007019,3.068937301635742,0.20880430936813354,0.2591549754142761,0.24632881581783295,0.1840142458677292,0.23292091488838196,0.36981481313705444,0.23145313560962677,0.3720757067203522,0.28367283940315247,0.3015090525150299,0.3238968253135681
328,0.06372571736574173,0.0,0.0,0.0,0.18074168264865875,0.0,0.0,0.3426361083984375,0.0,0.0,0.0,0.0,0.336617112159729,0.0,0.0,0.0,0.06923016905784607,0.0,0.0,0.007049203384667635,0.21559767425060272,0.0,0.0,0.0,0.3665933609008789,0.0,0.0,0.2430580109357834,0.0,0.0,0.0,0.0,0.12317153811454773,0.0,0.0,0.0,0.04227258637547493,0.0,0.0,0.009306817315518856,0.16153846681118011,0.15489022433757782,0.1507740318775177,0.19461077451705933,0.35707664489746094,0.41533297300338745,0.3754561245441437,0.45422595739364624,0.0002732828143052757,8.345555397681892e-05,1.8429987903800793e-05,0.00020152758224867284,0.00012425782915670425,2.688316635612864e-05,9.217682190865162e-07,1.9654307834571227e-05,0.0005441269604489207,0.00018718355568125844,7.050791464280337e-05,0.0006311588222160935,0.15153568983078003,0.4128871560096741,0.41124099493026733,0.02785748429596424,-0.37645670771598816,2.988483428955078,0.1746407002210617,0.257102370262146,0.2865407466888428,0.22842667996883392,0.2625192701816559,0.30410030484199524,0.217842698097229,0.3927103281021118,0.2699258327484131,0.23251381516456604,0.2962750196456909
329,0.10676166415214539,0.0,0.0,0.0,0.2748101055622101,0.0,0.0,0.3313344419002533,0.0,0.0,0.0,0.0,0.20510226488113403,0.0,0.0,0.0,0.07182062417268753,0.0,0.0,0.01017092540860176,0.21919000148773193,0.0,0.0,0.0,0.37174293398857117,0.0,0.0,0.2388407588005066,0.0,0.0,0.0,0.0,0.11941101402044296,0.0,0.0,0.0,0.04089092090725899,0.0,0.0,0.009924382902681828,0.16153846681118011,0.1613173633813858,0.1465243548154831,0.16167664527893066,0.4321570098400116,0.3198723793029785,0.3691372871398926,0.1672418713569641,0.0002833805629052222,8.716975571587682e-05,1.7899486920214258e-05,0.00021401200501713902,0.00011625340994214639,2.805414260365069e-05,9.327648058388149e-07,1.9708431864273734e-05,0.0005421501118689775,0.00019636747310869396,6.709843728458509e-05,0.0006775808287784457,0.1475781798362732,0.2870853841304779,0.4477251470088959,0.0076105413027107716,-0.39658069610595703,3.001049757003784,0.15871495008468628,0.28470662236213684,0.23793409764766693,0.20215420424938202,0.28193429112434387,0.26119667291641235,0.21570754051208496,0.3404841423034668,0.2867691218852997,0.2321418821811676,0.3178647756576538
330,0.13293549418449402,0.0,0.0,0.0,0.2679465115070343,0.0,0.0,0.344387948513031,0.0,0.0,0.0,0.0,0.1927003562450409,0.0,0.0,0.0,0.05375099927186966,0.0,0.0,0.00827866978943348,0.21882827579975128,0.0,0.0,0.0,0.37429624795913696,0.0,0.0,0.23980744183063507,0.0,0.0,0.0,0.0,0.11854033917188644,0.0,0.0,0.0,0.03893723338842392,0.0,0.0,0.00959047768265009,0.1596153825521469,0.15984031558036804,0.14373034238815308,0.15628741681575775,0.47748497128486633,0.3043031096458435,0.33980807662010193,0.13842758536338806,0.00029683366301469505,9.290096932090819e-05,1.7992639186559245e-05,0.00023288314696401358,0.00011964670557063073,3.01282707368955e-05,9.069395332517161e-07,2.031496842391789e-05,0.0005732267745770514,0.0002001615648623556,6.876682164147496e-05,0.0007317012059502304,0.1448315978050232,0.25472110509872437,0.3730488717556,0.003628632752224803,-0.33345869183540344,2.997570037841797,0.20089074969291687,0.37325742840766907,0.21803979575634003,0.19201649725437164,0.27667132019996643,0.2605550289154053,0.20073913037776947,0.26230376958847046,0.3267320990562439,0.2474539875984192,0.2901924252510071
331,0.10090354084968567,0.0,0.0,0.0,0.28188785910606384,0.0,0.0,0.3624601662158966,0.0,0.0,0.0,0.0,0.19076144695281982,0.0,0.0,0.0,0.05502377077937126,0.0,0.0,0.008963266387581825,0.22493691742420197,0.0,0.0,0.0,0.37842366099357605,0.0,0.0,0.23839469254016876,0.0,0.0,0.0,0.0,0.11176466196775436,0.0,0.0,0.0,0.03694535791873932,0.0,0.0,0.009534717537462711,0.20000000298023224,0.15473054349422455,0.13570287823677063,0.16067864000797272,0.4627598226070404,0.26715517044067383,0.3114837408065796,0.15233828127384186,0.0002655753633007407,9.312074689660221e-05,1.7415952243027277e-05,0.00017167709302157164,0.00010840343020390719,3.08793387375772e-05,9.14528925477498e-07,1.9730166968656704e-05,0.0005418236833065748,0.00019656508811749518,6.486795609816909e-05,0.0005218057194724679,0.13717639446258545,0.2547394931316376,0.4013689160346985,-0.006093371193856001,-0.44218909740448,3.0241315364837646,0.16932092607021332,0.3343743085861206,0.2700704038143158,0.21269619464874268,0.2345796376466751,0.2676669955253601,0.16876479983329773,0.28464651107788086,0.2943699359893799,0.2820652425289154,0.2474559247493744
332,0.07487116008996964,0.0,0.0,0.0,0.2429618537425995,0.0,0.0,0.370769202709198,0.0,0.0,0.0,0.0,0.23462322354316711,0.0,0.0,0.0,0.06981554627418518,0.0,0.0,0.006959032732993364,0.2245994210243225,0.0,0.0,0.0,0.3764636218547821,0.0,0.0,0.24004998803138733,0.0,0.0,0.0,0.0,0.11229971051216125,0.0,0.0,0.0,0.03679180517792702,0.0,0.0,0.009795446880161762,0.16538462042808533,0.14067864418029785,0.1371685415506363,0.16387225687503815,0.2470613718032837,0.23468661308288574,0.35988712310791016,0.27887651324272156,0.00028580555226653814,8.04372102720663e-05,1.6725958630559035e-05,0.00017727623344399035,0.00013827369548380375,2.5920362531905994e-05,8.775425612839172e-07,1.7332273273495957e-05,0.0005544940941035748,0.00017535257211420685,6.213282904354855e-05,0.0005035989452153444,0.13771690428256989,0.3113890588283539,0.5567549467086792,0.004936652723699808,-0.39857256412506104,3.0527498722076416,0.14522911608219147,0.29975005984306335,0.24539491534233093,0.25082919001579285,0.22928684949874878,0.2673127353191376,0.17339152097702026,0.27058088779449463,0.2753441035747528,0.2434249073266983,0.1979554295539856
333,0.08276810497045517,0.0,0.0,0.0,0.23923759162425995,0.0,0.0,0.29845383763313293,0.0,0.0,0.0,0.0,0.28358376026153564,0.0,0.0,0.0,0.08141519874334335,0.0,0.0,0.014541521668434143,0.21877358853816986,0.0,0.0,0.0,0.3690914213657379,0.0,0.0,0.24413491785526276,0.0,0.0,0.0,0.0,0.11776471138000488,0.0,0.0,0.0,0.03981182351708412,0.0,0.0,0.010423528030514717,0.2211538404226303,0.14251497387886047,0.14494632184505463,0.20139719545841217,0.3564701974391937,0.3369951546192169,0.38664332032203674,0.3916001319885254,0.00030731307924725115,8.452939800918102e-05,1.7417438357369974e-05,0.00016738387057557702,0.000146924372529611,2.6410822101752274e-05,8.825683721624955e-07,1.714203244773671e-05,0.000550688011571765,0.00019313296070322394,6.67804415570572e-05,0.0005085685988888144,0.14555303752422333,0.37952935695648193,0.5145414471626282,0.02929859794676304,-0.5050332546234131,2.998220920562744,0.20597414672374725,0.291877418756485,0.20796826481819153,0.24830035865306854,0.213765487074852,0.36921510100364685,0.16881822049617767,0.2778398394584656,0.22868980467319489,0.2754252254962921,0.26465821266174316
334,0.046973083168268204,0.0,0.0,0.0,0.15049584209918976,0.0,0.0,0.2939099371433258,0.0,0.0,0.0,0.0,0.39083898067474365,0.0,0.0,0.0,0.10693372040987015,0.0,0.0,0.010848422534763813,0.2121761441230774,0.0,0.0,0.0,0.3569328486919403,0.0,0.0,0.24444931745529175,0.0,0.0,0.0,0.0,0.13033512234687805,0.0,0.0,0.0,0.04550858587026596,0.0,0.0,0.010597962886095047,0.2788461446762085,0.17788423597812653,0.15945568680763245,0.2329341173171997,0.5447827577590942,0.5260059833526611,0.4729039967060089,0.5427098870277405,0.0003135248553007841,8.41060173115693e-05,1.7657126591075212e-05,0.00018127028306480497,0.0001429750700481236,2.703184145502746e-05,9.109080565394834e-07,1.7648580978857353e-05,0.0005299459444358945,0.00019553523452486843,6.724993727402762e-05,0.0006331413751468062,0.16152454912662506,0.5086106657981873,0.5404564142227173,0.08035904914140701,-0.501280665397644,2.9724886417388916,0.19170863926410675,0.23214584589004517,0.19920259714126587,0.22898276150226593,0.2763644754886627,0.3411073088645935,0.17184840142726898,0.2840592563152313,0.2014557123184204,0.27003735303878784,0.2592649757862091
335,0.052627015858888626,0.0,0.0,0.0,0.1885201632976532,0.0,0.0,0.33119824528694153,0.0,0.0,0.0,0.0,0.29367315769195557,0.0,0.0,0.0,0.11757943034172058,0.0,0.0,0.01640198566019535,0.2175065577030182,0.0,0.0,0.0,0.36649057269096375,0.0,0.0,0.24452517926692963,0.0,0.0,0.0,0.0,0.12053828686475754,0.0,0.0,0.0,0.04066316410899162,0.0,0.0,0.01027623750269413,0.23076923191547394,0.15445110201835632,0.14712360501289368,0.22594809532165527,0.4994618892669678,0.43254899978637695,0.4296749234199524,0.42075109481811523,0.0002826899290084839,7.769320654915646e-05,1.66630998137407e-05,0.00018158442981075495,0.0001399550528731197,2.474535722285509e-05,9.061649848263187e-07,1.7726521036820486e-05,0.00047839502803981304,0.000175226858118549,6.240931543288752e-05,0.0006365890731103718,0.14856639504432678,0.4276447594165802,0.3912145793437958,0.05599719285964966,-0.37353572249412537,3.0069682598114014,0.15265034139156342,0.23444294929504395,0.21711140871047974,0.21639679372310638,0.21927957236766815,0.2840510606765747,0.167371928691864,0.251786470413208,0.20158831775188446,0.2368401437997818,0.29284536838531494
336,0.13950267434120178,0.0,0.0,0.0,0.3197326064109802,0.0,0.0,0.31165069341659546,0.0,0.0,0.0,0.0,0.1712934672832489,0.0,0.0,0.0,0.05218833312392235,0.0,0.0,0.005632214713841677,0.24099010229110718,0.0,0.0,0.0,0.39236170053482056,0.0,0.0,0.23152051866054535,0.0,0.0,0.0,0.0,0.09675951302051544,0.0,0.0,0.0,0.029838042333722115,0.0,0.0,0.008530125953257084,0.1538461595773697,0.10471057891845703,0.1174531877040863,0.14830338954925537,0.3431670665740967,0.25820469856262207,0.2609070837497711,0.1357087939977646,0.0002413721231278032,7.157326035667211e-05,1.5185997654043604e-05,0.00016343838069587946,0.00011093757348135114,2.3538837922387756e-05,9.144625892076874e-07,1.7907625078805722e-05,0.00045426306314766407,0.00015409114712383598,5.35852559551131e-05,0.00045021099504083395,0.11711515486240387,0.22910602390766144,0.29610422253608704,-0.028149282559752464,-0.3585152328014374,3.3921494483947754,0.12087175250053406,0.21112824976444244,0.2589270770549774,0.21981988847255707,0.27451956272125244,0.2744860053062439,0.203657865524292,0.25335514545440674,0.22328941524028778,0.20941784977912903,0.2825777530670166
337,0.1227107048034668,0.0,0.0,0.0,0.30559489130973816,0.0,0.0,0.30006444454193115,0.0,0.0,0.0,0.0,0.19728443026542664,0.0,0.0,0.0,0.065292127430439,0.0,0.0,0.009053449146449566,0.23168598115444183,0.0,0.0,0.0,0.3834173381328583,0.0,0.0,0.23702020943164825,0.0,0.0,0.0,0.0,0.105194590985775,0.0,0.0,0.0,0.03336971625685692,0.0,0.0,0.009312167763710022,0.13653846085071564,0.12107784301042557,0.12826217710971832,0.16067864000797272,0.33763420581817627,0.31223607063293457,0.3234906792640686,0.14973460137844086,0.00021701218793168664,8.097843237919733e-05,1.6212929040193558e-05,0.0001809743989724666,9.617603063816205e-05,2.5416955395485274e-05,9.310017503594281e-07,1.8368629753240384e-05,0.00047891048598103225,0.0001862257777247578,6.0171914810780436e-05,0.0005393430474214256,0.12823142111301422,0.2716202735900879,0.42324116826057434,-0.002856703707948327,-0.45506542921066284,3.1126773357391357,0.1593613177537918,0.19612647593021393,0.2727847993373871,0.20401032269001007,0.28314363956451416,0.3013405203819275,0.2595427930355072,0.2435339391231537,0.21425914764404297,0.19598841667175293,0.2942148745059967
338,0.06267721205949783,0.0,0.0,0.0,0.1834612488746643,0.0,0.0,0.42986148595809937,0.0,0.0,0.0,0.0,0.2389650046825409,0.0,0.0,0.0,0.07456692308187485,0.0,0.0,0.010468159802258015,0.21625937521457672,0.0,0.0,0.0,0.3682152330875397,0.0,0.0,0.24367931485176086,0.0,0.0,0.0,0.0,0.12093823403120041,0.0,0.0,0.0,0.0406791977584362,0.0,0.0,0.010228646919131279,0.1865384578704834,0.20383234322071075,0.14513857662677765,0.18243512511253357,0.4903538227081299,0.46393460035324097,0.41442248225212097,0.16573864221572876,0.00029547515441663563,0.00011102120333816856,1.7328598914900795e-05,0.00018469264614395797,0.00011588055349420756,3.214983735233545e-05,9.41136988785729e-07,1.9250743207521737e-05,0.000565899710636586,0.0002581731241662055,6.626787217101082e-05,0.0006269461009651423,0.14903266727924347,0.3239922523498535,0.43138518929481506,0.05498747527599335,-0.4433058500289917,2.9850244522094727,0.1727493405342102,0.2848220765590668,0.35767483711242676,0.19156555831432343,0.2760780453681946,0.2956657409667969,0.23744511604309082,0.2613641619682312,0.21713407337665558,0.22249829769134521,0.2545336186885834
339,0.06459715217351913,0.0,0.0,0.0,0.2609069049358368,0.0,0.0,0.3857085406780243,0.0,0.0,0.0,0.0,0.23081658780574799,0.0,0.0,0.0,0.05331655964255333,0.0,0.0,0.004654259886592627,0.22047258913516998,0.0,0.0,0.0,0.3801692724227905,0.0,0.0,0.2412513792514801,0.0,0.0,0.0,0.0,0.11238697916269302,0.0,0.0,0.0,0.03600087761878967,0.0,0.0,0.009718898683786392,0.20192307233810425,0.19528941810131073,0.13285143673419952,0.17265468835830688,0.53896564245224,0.39403456449508667,0.3154987692832947,0.20168599486351013,0.00034064811188727617,0.00012327978038229048,1.7513280909042805e-05,0.0001428866817150265,0.00014892600302118808,3.398635453777388e-05,9.201481816489832e-07,1.7549817130202428e-05,0.0006795215886086226,0.00027994767879135907,6.718603981425986e-05,0.0004890335258096457,0.1370256096124649,0.28877905011177063,0.6216447353363037,0.026100371032953262,-0.4328770637512207,3.0175774097442627,0.21868164837360382,0.33616796135902405,0.43377962708473206,0.21644368767738342,0.28718963265419006,0.2913573384284973,0.23765791952610016,0.2742675840854645,0.24795666337013245,0.21558526158332825,0.2782399356365204
340,0.16014961898326874,0.0,0.0,0.0,0.35669079422950745,0.0,0.0,0.3077872693538666,0.0,0.0,0.0,0.0,0.14054027199745178,0.0,0.0,0.0,0.032242029905319214,0.0,0.0,0.00259001855738461,0.24498705565929413,0.0,0.0,0.0,0.3995979428291321,0.0,0.0,0.2246408462524414,0.0,0.0,0.0,0.0,0.09323764592409134,0.0,0.0,0.0,0.02879949100315571,0.0,0.0,0.00873701460659504,0.0942307710647583,0.11389221251010895,0.11276405304670334,0.15788422524929047,0.2993237376213074,0.24101904034614563,0.20374922454357147,0.10149449110031128,0.00023097661323845387,8.480343967676163e-05,1.6500533092767e-05,0.0001589929888723418,0.00010531370207900181,2.7381964173400775e-05,9.215975182996772e-07,1.9041523046325892e-05,0.0004651953058782965,0.00018015960813499987,5.875751230632886e-05,0.00047400244511663914,0.113331638276577,0.17536576092243195,0.5737829208374023,-0.04061936214566231,-0.5480179190635681,3.345353841781616,0.20762763917446136,0.3230772316455841,0.3848322629928589,0.18333439528942108,0.24434898793697357,0.3536511957645416,0.26927295327186584,0.27605828642845154,0.23190753161907196,0.2347603291273117,0.27969667315483093
341,0.1113535463809967,0.0,0.0,0.0,0.3156828284263611,0.0,0.0,0.3400804102420807,0.0,0.0,0.0,0.0,0.1641775220632553,0.0,0.0,0.0,0.065956249833107,0.0,0.0,0.002749399747699499,0.23500347137451172,0.0,0.0,0.0,0.3912093937397003,0.0,0.0,0.23291033506393433,0.0,0.0,0.0,0.0,0.10083965957164764,0.0,0.0,0.0,0.030957994982600212,0.0,0.0,0.009079156443476677,0.12115384638309479,0.09940119832754135,0.1227865219116211,0.1802395135164261,0.21304500102996826,0.201581209897995,0.2497890144586563,0.2229892462491989,0.00027644523652270436,7.834364078007638e-05,1.7613299860386178e-05,0.0001720998843666166,0.00014085302245803177,2.626751665957272e-05,9.120184927269293e-07,1.9634813725133426e-05,0.0004974724142812192,0.00017564097652211785,6.476713315350935e-05,0.0005256487638689578,0.12209334969520569,0.23287507891654968,0.5590983629226685,-0.025791026651859283,-0.60944002866745,3.2634289264678955,0.20889081060886383,0.22043266892433167,0.4097509980201721,0.2479543834924698,0.2605249583721161,0.4134831726551056,0.3431469798088074,0.3260044753551483,0.2629740536212921,0.3050168752670288,0.262093186378479
342,0.08180557936429977,0.0,0.0,0.0,0.2324008047580719,0.0,0.0,0.29520055651664734,0.0,0.0,0.0,0.0,0.26170244812965393,0.0,0.0,0.0,0.12681794166564941,0.0,0.0,0.0020726541988551617,0.23194338381290436,0.0,0.0,0.0,0.3850390315055847,0.0,0.0,0.23582834005355835,0.0,0.0,0.0,0.0,0.10422177612781525,0.0,0.0,0.0,0.03309040144085884,0.0,0.0,0.009877052158117294,0.2461538463830948,0.13556885719299316,0.12591511011123657,0.20379240810871124,0.3376593291759491,0.42458707094192505,0.28776654601097107,0.4813990592956543,0.00044047264964319766,8.448473818134516e-05,1.7895170458359644e-05,0.00015836858074180782,0.00020528133609332144,2.6707002689363435e-05,8.915955049815238e-07,1.8620421542436816e-05,0.000763635674957186,0.0001985427225008607,6.765313446521759e-05,0.0005541827995330095,0.12752622365951538,0.39058127999305725,0.6343650221824646,0.0049504730850458145,-0.6841537952423096,3.240814685821533,0.23692919313907623,0.24191564321517944,0.4304368197917938,0.24574944376945496,0.3134564757347107,0.47811612486839294,0.4078052043914795,0.33307746052742004,0.2775651216506958,0.29406604170799255,0.2700766921043396
343,0.08758992701768875,0.0,0.0,0.0,0.27358898520469666,0.0,0.0,0.4030417799949646,0.0,0.0,0.0,0.0,0.18995711207389832,0.0,0.0,0.0,0.04308397322893143,0.0,0.0,0.002738247625529766,0.23923686146736145,0.0,0.0,0.0,0.3917231857776642,0.0,0.0,0.23169542849063873,0.0,0.0,0.0,0.0,0.09717357158660889,0.0,0.0,0.0,0.030278196558356285,0.0,0.0,0.00989277008920908,0.2211538404226303,0.13061876595020294,0.11746567487716675,0.1702594757080078,0.27710387110710144,0.3309005796909332,0.2516046464443207,0.1732209473848343,0.00042261360795237124,8.294208237202838e-05,1.6983614841592498e-05,0.00015906791668385267,0.000196444132598117,2.6770439944812097e-05,8.537076041648106e-07,1.9443559722276405e-05,0.0007768991054035723,0.00019437655282672495,6.511939136544243e-05,0.0006096099386923015,0.11896864324808121,0.23577092587947845,0.561993420124054,-0.003005553735420108,-0.687565803527832,3.340400218963623,0.17468520998954773,0.2917632460594177,0.38122424483299255,0.21302330493927002,0.32262957096099854,0.4314344823360443,0.3398497700691223,0.33762654662132263,0.27915507555007935,0.2969691753387451,0.35235512256622314
344,0.08774139732122421,0.0,0.0,0.0,0.24480560421943665,0.0,0.0,0.4164903163909912,0.0,0.0,0.0,0.0,0.21487519145011902,0.0,0.0,0.0,0.03285880386829376,0.0,0.0,0.003228680929169059,0.24638837575912476,0.0,0.0,0.0,0.3984527587890625,0.0,0.0,0.22582097351551056,0.0,0.0,0.0,0.0,0.0907987728714943,0.0,0.0,0.0,0.028941171243786812,0.0,0.0,0.009597946889698505,0.13076923787593842,0.09560878574848175,0.11209738254547119,0.18463073670864105,0.175913006067276,0.17923413217067719,0.2289484143257141,0.30794110894203186,0.00042256334563717246,8.159449498634785e-05,1.8012733562500216e-05,0.0001799075398594141,0.00018909361097030342,2.61655241047265e-05,8.914727800402034e-07,2.1605093934340402e-05,0.0007822058396413922,0.00019424266065470874,6.684919935651124e-05,0.000600576342549175,0.11200473457574844,0.25095316767692566,0.6671607494354248,-0.021807078272104263,-0.5576832294464111,3.3724377155303955,0.17501211166381836,0.3666216731071472,0.3581974506378174,0.23949751257896423,0.3075079917907715,0.4191835820674896,0.35167834162712097,0.35918909311294556,0.2753269672393799,0.27928420901298523,0.43125563859939575
345,0.11249297112226486,0.0,0.0,0.0,0.3402809500694275,0.0,0.0,0.41508039832115173,0.0,0.0,0.0,0.0,0.10947738587856293,0.0,0.0,0.0,0.020589681342244148,0.0,0.0,0.002078639343380928,0.25632959604263306,0.0,0.0,0.0,0.4056037962436676,0.0,0.0,0.21814031898975372,0.0,0.0,0.0,0.0,0.08380799740552902,0.0,0.0,0.0,0.027311746031045914,0.0,0.0,0.00880652479827404,0.17884615063667297,0.09045908600091934,0.10403246432542801,0.14730538427829742,0.41324499249458313,0.1677432805299759,0.17804813385009766,0.04743683710694313,0.00036517292028293014,7.779109728289768e-05,1.6968355339486152e-05,0.00018451345385983586,0.0001619073882466182,2.5204537450917996e-05,8.878976700543717e-07,2.093724106089212e-05,0.0006571136182174087,0.00017460747039876878,6.11042050877586e-05,0.0005430768942460418,0.10383687913417816,0.1321391761302948,0.5779269337654114,-0.04450737312436104,-0.534550130367279,3.5826327800750732,0.17871828377246857,0.3418693244457245,0.3615773618221283,0.23994244635105133,0.29199832677841187,0.36306139826774597,0.3409745693206787,0.3747446537017822,0.3061675429344177,0.24289622902870178,0.4434222877025604
346,0.18594054877758026,0.0,0.0,0.0,0.39385926723480225,0.0,0.0,0.30322951078414917,0.0,0.0,0.0,0.0,0.09582102298736572,0.0,0.0,0.0,0.019735563546419144,0.0,0.0,0.0014140013372525573,0.2682909071445465,0.0,0.0,0.0,0.414899617433548,0.0,0.0,0.2069178968667984,0.0,0.0,0.0,0.0,0.07609793543815613,0.0,0.0,0.0,0.025194479152560234,0.0,0.0,0.00859913695603609,0.09038461744785309,0.07209581136703491,0.09605243802070618,0.13712574541568756,0.20164693892002106,0.13222123682498932,0.12814193964004517,0.08098827302455902,0.0002679031458683312,7.529580034315586e-05,1.6757472621975467e-05,0.00015992777480278164,0.00013898556062486023,2.4035925889620557e-05,8.880407449396444e-07,1.953633181983605e-05,0.0004756592679768801,0.0001648214674787596,5.768971823272295e-05,0.0004600526881404221,0.09513083845376968,0.11696518957614899,0.5456137657165527,-0.06775245815515518,-0.6277221441268921,3.8680858612060547,0.14859552681446075,0.36257049441337585,0.34170079231262207,0.30197885632514954,0.3095652759075165,0.41524070501327515,0.3737243115901947,0.4178425371646881,0.28810915350914,0.25514858961105347,0.35690826177597046
347,0.13508136570453644,0.0,0.0,0.0,0.3708179295063019,0.0,0.0,0.33130282163619995,0.0,0.0,0.0,0.0,0.13161057233810425,0.0,0.0,0.0,0.027941996231675148,0.0,0.0,0.003245303872972727,0.24517232179641724,0.0,0.0,0.0,0.3989584743976593,0.0,0.0,0.2258080095052719,0.0,0.0,0.0,0.0,0.09071879833936691,0.0,0.0,0.0,0.030138645321130753,0.0,0.0,0.009203745052218437,0.09807692468166351,0.11165668815374374,0.11219226568937302,0.14890219271183014,0.2128344476222992,0.23986682295799255,0.20485909283161163,0.07418573647737503,0.00029726355569437146,9.885465988190845e-05,1.8325543351238593e-05,0.00018329972226638347,0.00013745612523052841,3.028559331141878e-05,9.187190812554036e-07,1.9400642486289144e-05,0.0005549975903704762,0.00022960154456086457,6.751104956492782e-05,0.0006117842858657241,0.11257075518369675,0.1627906858921051,0.6442121267318726,-0.037185631692409515,-0.6621077060699463,3.4014487266540527,0.20010384917259216,0.4120883047580719,0.3446390926837921,0.3151870667934418,0.3355514407157898,0.4676596224308014,0.32335537672042847,0.43780332803726196,0.2816096246242523,0.23803220689296722,0.2940727174282074
348,0.10491901636123657,0.0,0.0,0.0,0.3550166189670563,0.0,0.0,0.35847610235214233,0.0,0.0,0.0,0.0,0.14407594501972198,0.0,0.0,0.0,0.033703312277793884,0.0,0.0,0.0038090096786618233,0.243103489279747,0.0,0.0,0.0,0.39450371265411377,0.0,0.0,0.22714053094387054,0.0,0.0,0.0,0.0,0.09410777688026428,0.0,0.0,0.0,0.03132011368870735,0.0,0.0,0.00982439424842596,0.13076923787593842,0.12766467034816742,0.11592260003089905,0.15229541063308716,0.2636258602142334,0.2789163887500763,0.23829203844070435,0.0856463611125946,0.00032348345848731697,0.00010212419147137552,1.8215563613921404e-05,0.00020694884005934,0.00013148004654794931,3.2226689654635265e-05,8.995454550131399e-07,1.9970291759818792e-05,0.000580017629545182,0.00023167949984781444,6.73128743073903e-05,0.0007209531613625586,0.1170455664396286,0.1815812885761261,0.5004312992095947,-0.02349017560482025,-0.7584956288337708,3.3483388423919678,0.16869010031223297,0.3696445822715759,0.29759690165519714,0.3113040626049042,0.2982952892780304,0.45374926924705505,0.33899328112602234,0.41277915239334106,0.30449116230010986,0.2778073847293854,0.2805129885673523
349,0.11078629642724991,0.0,0.0,0.0,0.24049201607704163,0.0,0.0,0.39738401770591736,0.0,0.0,0.0,0.0,0.20237335562705994,0.0,0.0,0.0,0.04566863179206848,0.0,0.0,0.003295648843050003,0.2421795278787613,0.0,0.0,0.0,0.3907598853111267,0.0,0.0,0.22935423254966736,0.0,0.0,0.0,0.0,0.09612400084733963,0.0,0.0,0.0,0.031584788113832474,0.0,0.0,0.009997560642659664,0.13461539149284363,0.11385229974985123,0.11890886723995209,0.16606785356998444,0.31805190443992615,0.3167433738708496,0.2755621373653412,0.1946447193622589,0.00030628155218437314,9.504120680503547e-05,1.7641472368268296e-05,0.00018921731680165976,0.00012299760419409722,3.0568364309147e-05,8.811293241706153e-07,2.08533565455582e-05,0.0005066956509836018,0.0002130547509295866,6.603986548725516e-05,0.0006126530352048576,0.1191820576786995,0.25132906436920166,0.6109126210212708,-0.0122853834182024,-0.6843904852867126,3.309283494949341,0.15603400766849518,0.29185596108436584,0.2767276465892792,0.25756457448005676,0.29456257820129395,0.4264337420463562,0.37693536281585693,0.37831342220306396,0.33934909105300903,0.305755615234375,0.3041435778141022
350,0.14961951971054077,0.0,0.0,0.0,0.31988662481307983,0.0,0.0,0.3659420311450958,0.0,0.0,0.0,0.0,0.13322778046131134,0.0,0.0,0.0,0.027685949578881264,0.0,0.0,0.003638068912550807,0.24335576593875885,0.0,0.0,0.0,0.3921641707420349,0.0,0.0,0.22880733013153076,0.0,0.0,0.0,0.0,0.09567595273256302,0.0,0.0,0.0,0.030078010633587837,0.0,0.0,0.009918773546814919,0.1519230753183365,0.10654690861701965,0.11756554991006851,0.15508981049060822,0.39604201912879944,0.20939847826957703,0.23417145013809204,0.060020796954631805,0.0002916956436820328,8.39195417938754e-05,1.6959780623437837e-05,0.0001989330048672855,0.0001459208142478019,2.7268886697129346e-05,9.097358315557358e-07,2.0000976292067207e-05,0.0005685195792466402,0.00018939794972538948,6.186584505485371e-05,0.0006517269648611546,0.1174028068780899,0.16454440355300903,0.3675404191017151,-0.0251401886343956,-0.5771088600158691,3.343722105026245,0.22356614470481873,0.21215692162513733,0.22259506583213806,0.26551035046577454,0.25414419174194336,0.42355161905288696,0.3315741717815399,0.3725208640098572,0.3645569086074829,0.2507641017436981,0.32265233993530273
351,0.11075889319181442,0.0,0.0,0.0,0.3364787995815277,0.0,0.0,0.3354583978652954,0.0,0.0,0.0,0.0,0.16464652121067047,0.0,0.0,0.0,0.04827820882201195,0.0,0.0,0.0043792324140667915,0.24173258244991302,0.0,0.0,0.0,0.39093491435050964,0.0,0.0,0.23187120258808136,0.0,0.0,0.0,0.0,0.09526771306991577,0.0,0.0,0.0,0.03034024126827717,0.0,0.0,0.00985333975404501,0.16538462042808533,0.08107784390449524,0.11865168809890747,0.17684629559516907,0.3877437114715576,0.13120318949222565,0.2461603283882141,0.20389516651630402,0.00029084886773489416,7.072505104588345e-05,1.570313543197699e-05,0.00016647283337078989,0.00013040586782153696,2.2314114175969735e-05,8.428471574006835e-07,1.884881748992484e-05,0.0006328249000944197,0.00016018141468521208,5.783449159935117e-05,0.0005395885091274977,0.11720098555088043,0.21729634702205658,0.46010327339172363,-0.027618540450930595,-0.574966549873352,3.477461814880371,0.16930244863033295,0.20615406334400177,0.23807309567928314,0.3205813467502594,0.2206999957561493,0.36123234033584595,0.3174969255924225,0.33462461829185486,0.3026980459690094,0.27459457516670227,0.2936413884162903
352,0.07384726405143738,0.0,0.0,0.0,0.24244530498981476,0.0,0.0,0.3681369125843048,0.0,0.0,0.0,0.0,0.24015717208385468,0.0,0.0,0.0,0.06884093582630157,0.0,0.0,0.006572505459189415,0.22955884039402008,0.0,0.0,0.0,0.38161930441856384,0.0,0.0,0.237295001745224,0.0,0.0,0.0,0.0,0.10634069889783859,0.0,0.0,0.0,0.03508757799863815,0.0,0.0,0.010098572820425034,0.20384615659713745,0.11397205293178558,0.1313108652830124,0.19101795554161072,0.5233844518661499,0.3091598153114319,0.3443054258823395,0.2792946696281433,0.00030195765430107713,7.590059249196202e-05,1.6073816368589178e-05,0.00017409113934263587,0.00012382501154206693,2.3057889848132618e-05,8.487681384394818e-07,1.9142014934914187e-05,0.0006381837883964181,0.00017623013991396874,6.221434887265787e-05,0.0006185153033584356,0.13108472526073456,0.3155602216720581,0.5721580982208252,0.017235545441508293,-0.4788397550582886,3.2596330642700195,0.17706309258937836,0.17449554800987244,0.23998291790485382,0.309272825717926,0.2359400987625122,0.33807334303855896,0.29056575894355774,0.34348833560943604,0.2727692127227783,0.2690002918243408,0.3140472173690796
353,0.12433278560638428,0.0,0.0,0.0,0.30585628747940063,0.0,0.0,0.36326679587364197,0.0,0.0,0.0,0.0,0.17173506319522858,0.0,0.0,0.0,0.031278111040592194,0.0,0.0,0.003531055059283972,0.2502051889896393,0.0,0.0,0.0,0.4010717570781708,0.0,0.0,0.2228882759809494,0.0,0.0,0.0,0.0,0.08870150148868561,0.0,0.0,0.0,0.028429968282580376,0.0,0.0,0.008703324943780899,0.20000000298023224,0.10095808655023575,0.10861673206090927,0.15628741681575775,0.5418186187744141,0.254387229681015,0.21928158402442932,0.14505602419376373,0.00029178077238611877,7.623569399584085e-05,1.509625872131437e-05,0.00016378192231059074,0.00012028637866023928,2.3976997908903286e-05,7.991348525138164e-07,1.845469159889035e-05,0.0006257506320253015,0.00017617146659176797,5.736787716159597e-05,0.000497975095640868,0.10883595049381256,0.20653653144836426,0.3786807656288147,-0.036566268652677536,-0.6389840245246887,3.597407817840576,0.18860425055027008,0.2308645248413086,0.3344220221042633,0.3137630224227905,0.2228284627199173,0.32739806175231934,0.282888799905777,0.4180268943309784,0.23840965330600739,0.3213522732257843,0.33620986342430115
354,0.13301007449626923,0.0,0.0,0.0,0.40828150510787964,0.0,0.0,0.319463312625885,0.0,0.0,0.0,0.0,0.11510124802589417,0.0,0.0,0.0,0.021500444039702415,0.0,0.0,0.0026433549355715513,0.24815961718559265,0.0,0.0,0.0,0.40086621046066284,0.0,0.0,0.22406908869743347,0.0,0.0,0.0,0.0,0.08970057964324951,0.0,0.0,0.0,0.028504766523838043,0.0,0.0,0.008699732832610607,0.1519230753183365,0.1003992035984993,0.10984769463539124,0.14630737900733948,0.38678666949272156,0.1753350794315338,0.2089507281780243,0.040222737938165665,0.0002965077292174101,7.868693501222879e-05,1.5218267435557209e-05,0.00015777880616951734,0.00011845510016428307,2.5577803171472624e-05,7.999527156243857e-07,1.8568762243376113e-05,0.0005337896873243153,0.00017290467803832144,5.832017995999195e-05,0.000500693276990205,0.10977313667535782,0.13923831284046173,0.4432757794857025,-0.039572615176439285,-0.521395206451416,3.488466501235962,0.26145365834236145,0.21498841047286987,0.36300674080848694,0.2648378610610962,0.22793202102184296,0.329345166683197,0.24773533642292023,0.4699946343898773,0.22143007814884186,0.27464306354522705,0.2654343545436859
355,0.07415588945150375,0.0,0.0,0.0,0.24409444630146027,0.0,0.0,0.32431983947753906,0.0,0.0,0.0,0.0,0.28812000155448914,0.0,0.0,0.0,0.06661804765462875,0.0,0.0,0.0026917564682662487,0.23485876619815826,0.0,0.0,0.0,0.3845784366130829,0.0,0.0,0.23437592387199402,0.0,0.0,0.0,0.0,0.10502427816390991,0.0,0.0,0.0,0.03216824308037758,0.0,0.0,0.00899433996528387,0.18269230425357819,0.1401197612285614,0.12474407255649567,0.18602794408798218,0.45512285828590393,0.3493829071521759,0.2847968637943268,0.41978856921195984,0.00032382100471295416,9.045048500411212e-05,1.676280953688547e-05,0.00019578830688260496,0.0001236050302395597,2.7659414627123624e-05,7.918321784927684e-07,1.8708156858338043e-05,0.0006402481812983751,0.00020780356135219336,6.691220187349245e-05,0.0006902645691297948,0.12641969323158264,0.3574196696281433,0.44217267632484436,-0.0016703499713912606,-0.3766958713531494,3.1788291931152344,0.31359633803367615,0.26907092332839966,0.31967809796333313,0.23747390508651733,0.21243663132190704,0.32776299118995667,0.2442481815814972,0.530808687210083,0.2151440978050232,0.2999851405620575,0.22410650551319122
356,0.11525508761405945,0.0,0.0,0.0,0.2926737070083618,0.0,0.0,0.39442741870880127,0.0,0.0,0.0,0.0,0.15146341919898987,0.0,0.0,0.0,0.038674548268318176,0.0,0.0,0.007505759131163359,0.24726082384586334,0.0,0.0,0.0,0.3967081606388092,0.0,0.0,0.22354993224143982,0.0,0.0,0.0,0.0,0.09355314821004868,0.0,0.0,0.0,0.029728496447205544,0.0,0.0,0.009199442341923714,0.17115384340286255,0.13085828721523285,0.11307116597890854,0.14550897479057312,0.39454278349876404,0.3802478015422821,0.22991669178009033,0.06313084065914154,0.00032780368928797543,8.394579344894737e-05,1.6435402358183637e-05,0.00020071050676051527,0.0001337016001343727,2.5869339879136533e-05,8.245239655479963e-07,1.8586280930321664e-05,0.0006357022211886942,0.00019406167848501354,6.256684719119221e-05,0.0006791792693547904,0.11455182731151581,0.19763630628585815,0.4440067708492279,-0.022276494652032852,-0.32937005162239075,3.367391586303711,0.33791542053222656,0.24424763023853302,0.22989150881767273,0.2069558948278427,0.24780531227588654,0.30826517939567566,0.2683946192264557,0.5588472485542297,0.24765503406524658,0.34505483508110046,0.23383446037769318
357,0.0765237882733345,0.0,0.0,0.0,0.21750763058662415,0.0,0.0,0.37542155385017395,0.0,0.0,0.0,0.0,0.22623229026794434,0.0,0.0,0.0,0.08397268503904343,0.0,0.0,0.020342091098427773,0.23156122863292694,0.0,0.0,0.0,0.3744087815284729,0.0,0.0,0.23602278530597687,0.0,0.0,0.0,0.0,0.110761359333992,0.0,0.0,0.0,0.0368453785777092,0.0,0.0,0.010400467552244663,0.1519230753183365,0.16546906530857086,0.1344369649887085,0.17265468835830688,0.43446362018585205,0.4944609999656677,0.371118426322937,0.18981656432151794,0.0003077284782193601,9.071195381693542e-05,1.744787732604891e-05,0.0001891691645141691,0.00014413450844585896,2.840366323653143e-05,8.449404163002328e-07,1.8536235074861906e-05,0.0006163870566524565,0.00020627793855965137,6.679992657154799e-05,0.000661026977468282,0.13670548796653748,0.3305370807647705,0.4186948239803314,0.028003409504890442,-0.35451364517211914,3.1290342807769775,0.2708534896373749,0.2273680716753006,0.24162836372852325,0.19097097218036652,0.2010210156440735,0.30814430117607117,0.31568968296051025,0.4370555281639099,0.2394484132528305,0.3455717861652374,0.2172727882862091
358,0.1285194307565689,0.0,0.0,0.0,0.33752915263175964,0.0,0.0,0.3264768421649933,0.0,0.0,0.0,0.0,0.16300378739833832,0.0,0.0,0.0,0.04032614082098007,0.0,0.0,0.004144719801843166,0.2517302930355072,0.0,0.0,0.0,0.39661741256713867,0.0,0.0,0.2238040715456009,0.0,0.0,0.0,0.0,0.08968628197908401,0.0,0.0,0.0,0.02915440872311592,0.0,0.0,0.009007510729134083,0.14423076808452606,0.10491017997264862,0.11050936579704285,0.14251495897769928,0.3642647862434387,0.3027332127094269,0.22624371945858002,0.13469022512435913,0.00025240721879526973,7.468257535947487e-05,1.647477074584458e-05,0.0001941452792380005,0.00011244443885516375,2.334699092898518e-05,8.704487868271826e-07,2.008452247537207e-05,0.0004803517949767411,0.00016574061010032892,6.0468941228464246e-05,0.0006082116742618382,0.11059664934873581,0.20746716856956482,0.3988856077194214,-0.027118302881717682,-0.41821977496147156,3.4023523330688477,0.24447111785411835,0.2499091923236847,0.20770375430583954,0.2009439617395401,0.2733011543750763,0.3323361277580261,0.3400796949863434,0.4250580370426178,0.2055015116930008,0.28580814599990845,0.25401368737220764
359,0.15109676122665405,0.0,0.0,0.0,0.3424378037452698,0.0,0.0,0.3108970522880554,0.0,0.0,0.0,0.0,0.14319877326488495,0.0,0.0,0.0,0.04683351516723633,0.0,0.0,0.005536052864044905,0.24657298624515533,0.0,0.0,0.0,0.3885051906108856,0.0,0.0,0.22814184427261353,0.0,0.0,0.0,0.0,0.09629150480031967,0.0,0.0,0.0,0.031052952632308006,0.0,0.0,0.009435505606234074,0.18076923489570618,0.10403193533420563,0.11887641251087189,0.13732534646987915,0.43071866035461426,0.2920278012752533,0.26150888204574585,0.06540844589471817,0.00034926520311273634,7.666895544389263e-05,1.6383120964746922e-05,0.00017391030269209296,0.0001537235511932522,2.3874763428466395e-05,8.552141821382975e-07,1.971641177078709e-05,0.0006570954574272037,0.00018207752145826817,6.0512236814247444e-05,0.0005538430996239185,0.11830287426710129,0.19556117057800293,0.3645751476287842,-0.01444545853883028,-0.438630074262619,3.3302555084228516,0.24452745914459229,0.21055440604686737,0.19789300858974457,0.23288163542747498,0.2060997039079666,0.3276689052581787,0.3593653738498688,0.40038055181503296,0.25257694721221924,0.30164772272109985,0.24094876646995544
360,0.13637013733386993,0.0,0.0,0.0,0.3015810549259186,0.0,0.0,0.31673672795295715,0.0,0.0,0.0,0.0,0.2019837200641632,0.0,0.0,0.0,0.03750757500529289,0.0,0.0,0.005820753518491983,0.2510862350463867,0.0,0.0,0.0,0.3972438871860504,0.0,0.0,0.22411786019802094,0.0,0.0,0.0,0.0,0.08974798768758774,0.0,0.0,0.0,0.028515947982668877,0.0,0.0,0.009288066998124123,0.10192307829856873,0.09405189752578735,0.11093633621931076,0.14331336319446564,0.28202855587005615,0.2614826261997223,0.23309195041656494,0.25412529706954956,0.00023472067550756037,6.93880210747011e-05,1.5902980521786958e-05,0.00016095304454211146,0.00010459589248057455,2.256015795865096e-05,8.66364416651777e-07,1.833156420616433e-05,0.0004966657725162804,0.00015696629998274148,5.809275899082422e-05,0.0005173683748580515,0.11032059788703918,0.24530458450317383,0.46315544843673706,-0.025546371936798096,-0.42231157422065735,3.530139923095703,0.186216339468956,0.24220947921276093,0.2656051516532898,0.24889415502548218,0.23359203338623047,0.3117643892765045,0.3697740435600281,0.39900028705596924,0.28570646047592163,0.2400551289319992,0.30358198285102844
361,0.11093173176050186,0.0,0.0,0.0,0.27593833208084106,0.0,0.0,0.2785949409008026,0.0,0.0,0.0,0.0,0.26788175106048584,0.0,0.0,0.0,0.05767357349395752,0.0,0.0,0.008979659527540207,0.24524623155593872,0.0,0.0,0.0,0.3937649726867676,0.0,0.0,0.22833111882209778,0.0,0.0,0.0,0.0,0.09384705126285553,0.0,0.0,0.0,0.029627583920955658,0.0,0.0,0.009183022193610668,0.11923076957464218,0.11381237953901291,0.11418227851390839,0.16367265582084656,0.27598363161087036,0.2978086769580841,0.2537916302680969,0.461642324924469,0.0002456022775731981,7.345635822275653e-05,1.5867202819208615e-05,0.00015258780331350863,0.0001100798835977912,2.4009976186789572e-05,8.85396616467915e-07,1.901536961668171e-05,0.0005019960226491094,0.00016113612218759954,5.6899294577306136e-05,0.00045693188440054655,0.11474204808473587,0.33452367782592773,0.5133870244026184,-0.020328938961029053,-0.6099159717559814,3.478520631790161,0.14958664774894714,0.23355896770954132,0.2917780876159668,0.26079368591308594,0.23610852658748627,0.3237214684486389,0.3092537522315979,0.3500329554080963,0.27333423495292664,0.21225418150424957,0.26309168338775635
362,0.1091669499874115,0.0,0.0,0.0,0.2952980697154999,0.0,0.0,0.3508642017841339,0.0,0.0,0.0,0.0,0.19177034497261047,0.0,0.0,0.0,0.04551141336560249,0.0,0.0,0.007388985715806484,0.24166306853294373,0.0,0.0,0.0,0.39029958844184875,0.0,0.0,0.23076799511909485,0.0,0.0,0.0,0.0,0.0977633148431778,0.0,0.0,0.0,0.030064720660448074,0.0,0.0,0.009441325441002846,0.10192307829856873,0.14239521324634552,0.1169363334774971,0.14471057057380676,0.2940196990966797,0.31424254179000854,0.24788984656333923,0.21151013672351837,0.00023972724738996476,9.031793160829693e-05,1.6250134649453685e-05,0.0001460050989408046,0.00012267484271433204,2.879942621802911e-05,8.732487231100095e-07,1.9487035388010554e-05,0.0004734905669465661,0.0001950666483025998,5.9103695093654096e-05,0.00043232820462435484,0.11872042715549469,0.24466270208358765,0.5335991382598877,-0.023196570575237274,-0.5062320232391357,3.354984998703003,0.16450101137161255,0.31680819392204285,0.36542046070098877,0.22621379792690277,0.2604861259460449,0.3044034540653229,0.29360124468803406,0.3117716312408447,0.24397987127304077,0.2098187804222107,0.24803948402404785
363,0.09454073756933212,0.0,0.0,0.0,0.23236587643623352,0.0,0.0,0.3657172620296478,0.0,0.0,0.0,0.0,0.23129771649837494,0.0,0.0,0.0,0.061859484761953354,0.0,0.0,0.014218920841813087,0.2347748577594757,0.0,0.0,0.0,0.3786267340183258,0.0,0.0,0.23560099303722382,0.0,0.0,0.0,0.0,0.10591410100460052,0.0,0.0,0.0,0.03463324159383774,0.0,0.0,0.01045005489140749,0.10192307829856873,0.1338523030281067,0.1301797777414322,0.15009979903697968,0.26637163758277893,0.2873123288154602,0.3528512120246887,0.2531190514564514,0.0002575077523943037,8.713666466064751e-05,1.6347163182217628e-05,0.00015130179235711694,0.00011303489736746997,2.8271186238271184e-05,8.63881041368586e-07,1.8339611415285617e-05,0.0004675233503803611,0.00018907069170381874,6.199671042850241e-05,0.00046462472528219223,0.13059061765670776,0.30736714601516724,0.5041625499725342,0.002045069821178913,-0.5040795803070068,3.230076789855957,0.16983579099178314,0.2730339765548706,0.32861918210983276,0.21957816183567047,0.24751251935958862,0.33546966314315796,0.28054627776145935,0.3548124432563782,0.24345757067203522,0.24592630565166473,0.2186724990606308
364,0.06598961353302002,0.0,0.0,0.0,0.1922038495540619,0.0,0.0,0.2570459842681885,0.0,0.0,0.0,0.0,0.19493700563907623,0.0,0.0,0.0,0.2581676244735718,0.0,0.0,0.0316559262573719,0.22462639212608337,0.0,0.0,0.0,0.37074512243270874,0.0,0.0,0.23758313059806824,0.0,0.0,0.0,0.0,0.11374567449092865,0.0,0.0,0.0,0.04146961122751236,0.0,0.0,0.01183006539940834,0.14230769872665405,0.10682635009288788,0.14617478847503662,0.1952095776796341,0.32942166924476624,0.2362578809261322,0.40991315245628357,0.6197716593742371,0.0002433492918498814,7.810829265508801e-05,1.8130875105271116e-05,0.0001880565396277234,0.00012741984392050654,2.511537059035618e-05,9.171362194138055e-07,2.0796844182768837e-05,0.00046766988816671073,0.00016773004608694464,6.88052095938474e-05,0.0005969912745058537,0.14445346593856812,0.48475006222724915,0.43344277143478394,0.018599579110741615,-0.5378227829933167,3.056448221206665,0.14505869150161743,0.3188307285308838,0.2809748947620392,0.24988789856433868,0.2751658260822296,0.26222532987594604,0.27206742763519287,0.38252750039100647,0.28564900159835815,0.24916033446788788,0.23211242258548737
365,0.0697241723537445,0.0,0.0,0.0,0.19666975736618042,0.0,0.0,0.2894149422645569,0.0,0.0,0.0,0.0,0.21641188859939575,0.0,0.0,0.0,0.15494810044765472,0.0,0.0,0.07283113896846771,0.2179439663887024,0.0,0.0,0.0,0.36300212144851685,0.0,0.0,0.23926548659801483,0.0,0.0,0.0,0.0,0.12198778986930847,0.0,0.0,0.0,0.04533067345619202,0.0,0.0,0.012469958513975143,0.14615385234355927,0.10542914271354675,0.15792760252952576,0.21177643537521362,0.3451433777809143,0.20608651638031006,0.41114792227745056,0.5157113671302795,0.00026166788302361965,7.821150938980281e-05,1.9338607671670616e-05,0.00023474384215660393,0.00011861382517963648,2.5340370484627783e-05,8.916814522308414e-07,2.2140260625747032e-05,0.00047590481699444354,0.0001683304872130975,7.655881199752912e-05,0.000765874981880188,0.15548855066299438,0.4441816508769989,0.5191465616226196,0.03266509994864464,-0.5045408010482788,2.9705193042755127,0.19394181668758392,0.3730338215827942,0.2572392523288727,0.24207907915115356,0.25518617033958435,0.29080930352211,0.2633998394012451,0.41559579968452454,0.3095611035823822,0.2805631756782532,0.22989629209041595
366,0.0876271054148674,0.0,0.0,0.0,0.24712581932544708,0.0,0.0,0.27872395515441895,0.0,0.0,0.0,0.0,0.26278796792030334,0.0,0.0,0.0,0.11298903822898865,0.0,0.0,0.010746159590780735,0.2281750589609146,0.0,0.0,0.0,0.3710218667984009,0.0,0.0,0.236642986536026,0.0,0.0,0.0,0.0,0.1135135293006897,0.0,0.0,0.0,0.039531245827674866,0.0,0.0,0.01111531350761652,0.16346153616905212,0.1006387248635292,0.14394506812095642,0.18882234394550323,0.3256455361843109,0.2623451054096222,0.3479727804660797,0.45431166887283325,0.00025962680228985846,7.329240906983614e-05,1.9020815670955926e-05,0.00023526366567239165,0.00013411550025921315,2.3379565391223878e-05,8.942544695855759e-07,2.1950305381324142e-05,0.0005029197782278061,0.00016284252342302352,7.180804095696658e-05,0.0007138674263842404,0.14197365939617157,0.3865116536617279,0.5153689384460449,0.01328484807163477,-0.4731244742870331,3.020777702331543,0.2006298005580902,0.34770599007606506,0.2616463899612427,0.20045015215873718,0.289558470249176,0.2725376784801483,0.24240665137767792,0.38560751080513,0.29017919301986694,0.33147546648979187,0.20562320947647095
367,0.12081532925367355,0.0,0.0,0.0,0.25367799401283264,0.0,0.0,0.34947502613067627,0.0,0.0,0.0,0.0,0.19425658881664276,0.0,0.0,0.0,0.07071498036384583,0.0,0.0,0.011060083284974098,0.22942209243774414,0.0,0.0,0.0,0.37302953004837036,0.0,0.0,0.23896034061908722,0.0,0.0,0.0,0.0,0.11220042407512665,0.0,0.0,0.0,0.0358247384428978,0.0,0.0,0.010562879964709282,0.1846153885126114,0.12175648659467697,0.1376928836107254,0.16606785356998444,0.596161961555481,0.3532412350177765,0.32795506715774536,0.1566898226737976,0.000283281464362517,8.370484283659607e-05,1.8615732187754475e-05,0.00022746770991943777,0.00013647275045514107,2.5981235012295656e-05,8.920473533180484e-07,2.0807692635571584e-05,0.0005648315418511629,0.00019367190543562174,6.950748502276838e-05,0.0007483857916668057,0.13715320825576782,0.2760237157344818,0.4896654486656189,-0.004719730466604233,-0.39952513575553894,3.100076198577881,0.1778818517923355,0.37506794929504395,0.3070889115333557,0.2439538836479187,0.2559024393558502,0.2403562366962433,0.26229846477508545,0.35337889194488525,0.27363455295562744,0.37330299615859985,0.2453373819589615
368,0.05787617713212967,0.0,0.0,0.0,0.22294136881828308,0.0,0.0,0.4361974596977234,0.0,0.0,0.0,0.0,0.1816515326499939,0.0,0.0,0.0,0.08417708426713943,0.0,0.0,0.01715640351176262,0.2114488035440445,0.0,0.0,0.0,0.35820436477661133,0.0,0.0,0.24650876224040985,0.0,0.0,0.0,0.0,0.12652699649333954,0.0,0.0,0.0,0.04625392332673073,0.0,0.0,0.011057163588702679,0.1596153825521469,0.1441117823123932,0.15981273353099823,0.1666666567325592,0.5552664399147034,0.40950503945350647,0.4357242286205292,0.10480925440788269,0.0002717027673497796,8.790754509391263e-05,2.0427751223905943e-05,0.00025070173433050513,0.00010939157800748944,2.8599002689588815e-05,9.341587769995385e-07,2.091152418870479e-05,0.0005335714085958898,0.00020574359223246574,8.048702875385061e-05,0.0008648253860883415,0.15897977352142334,0.2829757332801819,0.6017376184463501,0.041207537055015564,-0.3000789284706116,2.926283597946167,0.20582088828086853,0.37397709488868713,0.36471229791641235,0.2660743296146393,0.23556150496006012,0.2416372299194336,0.2921440899372101,0.33865728974342346,0.22057518362998962,0.4131718575954437,0.2890546917915344
369,0.05237298086285591,0.0,0.0,0.0,0.1511741578578949,0.0,0.0,0.4104090929031372,0.0,0.0,0.0,0.0,0.2444775104522705,0.0,0.0,0.0,0.11177025735378265,0.0,0.0,0.02979598008096218,0.19982242584228516,0.0,0.0,0.0,0.34611496329307556,0.0,0.0,0.24820749461650848,0.0,0.0,0.0,0.0,0.1376042515039444,0.0,0.0,0.0,0.05398322269320488,0.0,0.0,0.014267665334045887,0.19230769574642181,0.17868264019489288,0.17771536111831665,0.19800399243831635,0.49678415060043335,0.49957168102264404,0.5173255205154419,0.24015800654888153,0.00028026101063005626,9.403824515175074e-05,2.0757481252076104e-05,0.0002646705543156713,0.00012398598482832313,3.0927742045605555e-05,9.007908374769613e-07,2.1258289052639157e-05,0.0005059849936515093,0.00020962359849363565,8.446389983873814e-05,0.0009272968745790422,0.17802496254444122,0.38603493571281433,0.6012086272239685,0.0806245282292366,-0.2509734332561493,2.795841693878174,0.23167555034160614,0.3809751868247986,0.33647406101226807,0.2262679934501648,0.22045481204986572,0.19331006705760956,0.3449648320674896,0.30043357610702515,0.21875932812690735,0.3749767243862152,0.3367517590522766
370,0.08641733229160309,0.0,0.0,0.0,0.2479688674211502,0.0,0.0,0.3138256072998047,0.0,0.0,0.0,0.0,0.2731003761291504,0.0,0.0,0.0,0.06474017351865768,0.0,0.0,0.013947732746601105,0.2255239188671112,0.0,0.0,0.0,0.371685653924942,0.0,0.0,0.238615021109581,0.0,0.0,0.0,0.0,0.1146545335650444,0.0,0.0,0.0,0.039066776633262634,0.0,0.0,0.010454111732542515,0.14230769872665405,0.11724551022052765,0.14315356314182281,0.17085827887058258,0.33912622928619385,0.3198443353176117,0.38187527656555176,0.32563725113868713,0.00024151650723069906,7.24388737580739e-05,1.7679793018032797e-05,0.00016695898375473917,0.00011564972373889759,2.413645233900752e-05,8.512572549079778e-07,1.9355447875568643e-05,0.0004324342589825392,0.00015689540305174887,6.73731483402662e-05,0.0005620093434117734,0.1419690102338791,0.3517773747444153,0.5374655723571777,0.012794719077646732,-0.4327733516693115,3.088953733444214,0.2138626128435135,0.3296954929828644,0.37636464834213257,0.19163520634174347,0.19021077454090118,0.22777718305587769,0.3528636395931244,0.27662336826324463,0.28508260846138,0.31227830052375793,0.29882901906967163
371,0.12853720784187317,0.0,0.0,0.0,0.27734827995300293,0.0,0.0,0.3559265434741974,0.0,0.0,0.0,0.0,0.17215262353420258,0.0,0.0,0.0,0.05459372699260712,0.0,0.0,0.01144157163798809,0.2380882054567337,0.0,0.0,0.0,0.38467833399772644,0.0,0.0,0.23496808111667633,0.0,0.0,0.0,0.0,0.10122605413198471,0.0,0.0,0.0,0.03208670765161514,0.0,0.0,0.00895262137055397,0.1865384578704834,0.14403194189071655,0.12119101732969284,0.15688621997833252,0.41818496584892273,0.4057994484901428,0.2764075994491577,0.09696833044290543,0.0002864973503164947,8.606880146544427e-05,1.6184154446818866e-05,0.0001927489647641778,0.00013073279114905745,2.725718695728574e-05,8.61626801906823e-07,1.8911010556621477e-05,0.0005131061188876629,0.00019457178132142872,6.018111889716238e-05,0.0007048063562251627,0.12301197648048401,0.2381795197725296,0.45261555910110474,-0.008701737970113754,-0.5203372836112976,3.2528762817382812,0.18843498826026917,0.3030456602573395,0.32464611530303955,0.1758124679327011,0.20885281264781952,0.2364617884159088,0.34923055768013,0.2786884307861328,0.2792786657810211,0.2952514588832855,0.32546210289001465
372,0.050377730280160904,0.0,0.0,0.0,0.19560900330543518,0.0,0.0,0.23401565849781036,0.0,0.0,0.0,0.0,0.361111044883728,0.0,0.0,0.0,0.1454290747642517,0.0,0.0,0.013457570225000381,0.22192655503749847,0.0,0.0,0.0,0.36787116527557373,0.0,0.0,0.24062564969062805,0.0,0.0,0.0,0.0,0.11825407296419144,0.0,0.0,0.0,0.0415666364133358,0.0,0.0,0.009755927138030529,0.17307692766189575,0.17413173615932465,0.1440674215555191,0.21297404170036316,0.4137899875640869,0.4752653241157532,0.41798892617225647,0.6427186131477356,0.0002631662064231932,9.244542161468416e-05,1.7623839084990323e-05,0.00018380791880190372,0.00011478897067718208,2.919418693636544e-05,8.653834129290772e-07,1.8250262655783445e-05,0.0005104198935441673,0.00021510872466024011,6.778683746233582e-05,0.0006117605371400714,0.1466502845287323,0.5199857354164124,0.522333025932312,0.037757158279418945,-0.4459685683250427,3.041107654571533,0.21036703884601593,0.25002437829971313,0.3304786682128906,0.18534418940544128,0.1720932126045227,0.2771373689174652,0.3503190577030182,0.2965366542339325,0.33236831426620483,0.3127729892730713,0.3323642611503601
373,0.05750621482729912,0.0,0.0,0.0,0.19239072501659393,0.0,0.0,0.30926457047462463,0.0,0.0,0.0,0.0,0.3699558973312378,0.0,0.0,0.0,0.0618438683450222,0.0,0.0,0.009038706310093403,0.21019504964351654,0.0,0.0,0.0,0.3631368577480316,0.0,0.0,0.24948622286319733,0.0,0.0,0.0,0.0,0.12521664798259735,0.0,0.0,0.0,0.042008962482213974,0.0,0.0,0.009956268593668938,0.13653846085071564,0.15309381484985352,0.15245693922042847,0.21477045118808746,0.33292001485824585,0.3283914029598236,0.38792163133621216,0.523430585861206,0.0002801225637085736,9.467861673329026e-05,1.9511047867126763e-05,0.0002487587044015527,0.00013621864491142333,3.033699613297358e-05,9.412997883373464e-07,2.2716532839694992e-05,0.0005008697044104338,0.00021097646094858646,7.461637142114341e-05,0.0008493718924000859,0.1531989425420761,0.44082820415496826,0.6662112474441528,0.03968040645122528,-0.355812132358551,2.960601329803467,0.16321568191051483,0.29278382658958435,0.3386012315750122,0.2651163339614868,0.20693759620189667,0.31868892908096313,0.34022462368011475,0.21305476129055023,0.33878374099731445,0.2689312994480133,0.3066962659358978
374,0.04558109492063522,0.0,0.0,0.0,0.18338756263256073,0.0,0.0,0.28194141387939453,0.0,0.0,0.0,0.0,0.38772547245025635,0.0,0.0,0.0,0.08636955171823502,0.0,0.0,0.014994899742305279,0.21378855407238007,0.0,0.0,0.0,0.3622969388961792,0.0,0.0,0.24080325663089752,0.0,0.0,0.0,0.0,0.12497920542955399,0.0,0.0,0.0,0.046709563583135605,0.0,0.0,0.011422484181821346,0.14423076808452606,0.15113772451877594,0.1578826606273651,0.22954091429710388,0.32776308059692383,0.3783648610115051,0.4485095143318176,0.5535183548927307,0.0002245180803583935,8.554647502023727e-05,1.9057240933761932e-05,0.00022268449538387358,0.00010981227387674153,2.8014050258207135e-05,9.403051990375388e-07,2.110037166858092e-05,0.0004277481639292091,0.00018748192815110087,7.15759742888622e-05,0.0007304754690267146,0.1583070456981659,0.4890798330307007,0.4922036826610565,0.04924856871366501,-0.3003804087638855,2.9667766094207764,0.15649421513080597,0.33965399861335754,0.2683275043964386,0.24839934706687927,0.19871032238006592,0.3052222728729248,0.3471095860004425,0.24005666375160217,0.2580823302268982,0.26408663392066956,0.28356167674064636
375,0.07757136970758438,0.0,0.0,0.0,0.20213516056537628,0.0,0.0,0.3048340678215027,0.0,0.0,0.0,0.0,0.29927265644073486,0.0,0.0,0.0,0.10235761851072311,0.0,0.0,0.013829188421368599,0.21601365506649017,0.0,0.0,0.0,0.3635970950126648,0.0,0.0,0.24129696190357208,0.0,0.0,0.0,0.0,0.12238063663244247,0.0,0.0,0.0,0.045755211263895035,0.0,0.0,0.010956455953419209,0.1230769231915474,0.14091816544532776,0.1546916365623474,0.23792414367198944,0.16888092458248138,0.3071540892124176,0.4391379654407501,0.4264052212238312,0.00026224658358842134,8.854899351717904e-05,1.881351272459142e-05,0.00025645765708759427,0.0001313899119850248,2.8004515115753748e-05,9.466155574955337e-07,2.2410424207919277e-05,0.00047959480434656143,0.0001915662141982466,7.036681199679151e-05,0.0008637934806756675,0.15482045710086823,0.4154486358165741,0.4366897940635681,0.054990895092487335,-0.2745409309864044,2.9657933712005615,0.1743108332157135,0.3277485966682434,0.2510358691215515,0.2033655047416687,0.24035373330116272,0.3116394281387329,0.2806493937969208,0.3294830620288849,0.21817989647388458,0.20431223511695862,0.25991231203079224
376,0.1251959204673767,0.0,0.0,0.0,0.24334095418453217,0.0,0.0,0.25611770153045654,0.0,0.0,0.0,0.0,0.2368205189704895,0.0,0.0,0.0,0.13268351554870605,0.0,0.0,0.005841435864567757,0.22274866700172424,0.0,0.0,0.0,0.3745754361152649,0.0,0.0,0.24068638682365417,0.0,0.0,0.0,0.0,0.11382648348808289,0.0,0.0,0.0,0.03871125355362892,0.0,0.0,0.009451780468225479,0.16923077404499054,0.1340918242931366,0.13948315382003784,0.21337324380874634,0.2536057233810425,0.29852020740509033,0.3729984164237976,0.4083104133605957,0.00029545678989961743,9.148011304205284e-05,1.835446892073378e-05,0.0002169095678254962,0.00013745931209996343,2.891655640269164e-05,9.320885965280468e-07,2.1201074559940025e-05,0.0005713551072403789,0.00020390305144246668,6.941535684745759e-05,0.0007491518626920879,0.14006449282169342,0.37533438205718994,0.4316878318786621,0.021466603502631187,-0.4305575489997864,3.002629041671753,0.2142232358455658,0.39182141423225403,0.2471926510334015,0.18279927968978882,0.26434868574142456,0.25734496116638184,0.2515263855457306,0.37473049759864807,0.24284617602825165,0.2848092317581177,0.2658229172229767
377,0.12778779864311218,0.0,0.0,0.0,0.34529194235801697,0.0,0.0,0.3425848186016083,0.0,0.0,0.0,0.0,0.15041901171207428,0.0,0.0,0.0,0.031153196468949318,0.0,0.0,0.0027631407137960196,0.23417901992797852,0.0,0.0,0.0,0.38949206471443176,0.0,0.0,0.23458977043628693,0.0,0.0,0.0,0.0,0.10134503990411758,0.0,0.0,0.0,0.032162800431251526,0.0,0.0,0.008231314830482006,0.0923076942563057,0.10878243297338486,0.12287390977144241,0.16187624633312225,0.1565179079771042,0.2449003905057907,0.2608836889266968,0.08444955945014954,0.00027681695064529777,8.71312731760554e-05,1.7985708836931735e-05,0.0002257746527902782,0.000128294836031273,2.6881902158493176e-05,9.907389539876021e-07,2.3244379917741753e-05,0.0005204209592193365,0.00018982135225087404,6.719739030813798e-05,0.0007118135108612478,0.12247147411108017,0.18432876467704773,0.47856560349464417,-0.017410652711987495,-0.48756784200668335,3.1650357246398926,0.223349466919899,0.407867968082428,0.296317994594574,0.20754601061344147,0.2483614832162857,0.29013869166374207,0.2646035850048065,0.4257751703262329,0.3265242278575897,0.24676474928855896,0.2703315317630768
378,0.12411131709814072,0.0,0.0,0.0,0.285295307636261,0.0,0.0,0.3791329562664032,0.0,0.0,0.0,0.0,0.16729836165905,0.0,0.0,0.0,0.03753689303994179,0.0,0.0,0.006625219248235226,0.23881906270980835,0.0,0.0,0.0,0.3924419581890106,0.0,0.0,0.23102982342243195,0.0,0.0,0.0,0.0,0.09818090498447418,0.0,0.0,0.0,0.031355444341897964,0.0,0.0,0.00817280076444149,0.09807692468166351,0.09992016106843948,0.1198451966047287,0.1574850231409073,0.18456389009952545,0.22908593714237213,0.27549368143081665,0.13355612754821777,0.00024244558881036937,7.932319567771628e-05,1.7085179933928885e-05,0.0001802475017029792,0.00010076436592498794,2.5185197955579497e-05,9.757186489878222e-07,2.032268457696773e-05,0.00044194795191287994,0.00017400294018443674,6.207307160366327e-05,0.0005775431636720896,0.11909855157136917,0.21145299077033997,0.5127859711647034,-0.02405664138495922,-0.5106860399246216,3.312957525253296,0.153542160987854,0.31569772958755493,0.28981757164001465,0.2354467511177063,0.27672287821769714,0.3380938470363617,0.2776317000389099,0.4074303209781647,0.2964809238910675,0.25085169076919556,0.29481345415115356
379,0.1384570598602295,0.0,0.0,0.0,0.34439417719841003,0.0,0.0,0.32534918189048767,0.0,0.0,0.0,0.0,0.15049897134304047,0.0,0.0,0.0,0.03663633018732071,0.0,0.0,0.0046642618253827095,0.24910064041614532,0.0,0.0,0.0,0.40046676993370056,0.0,0.0,0.2233981192111969,0.0,0.0,0.0,0.0,0.09059327095746994,0.0,0.0,0.0,0.029074618592858315,0.0,0.0,0.0073665715754032135,0.08653846383094788,0.08263473212718964,0.11115855723619461,0.14371256530284882,0.18741078674793243,0.21277368068695068,0.2376948893070221,0.09728851169347763,0.0002163843164453283,7.486595131922513e-05,1.6940983186941594e-05,0.00017747029778547585,9.098970622289926e-05,2.356451477680821e-05,9.576303909852868e-07,2.1105646737851202e-05,0.00044076485210098326,0.00016970362048596144,5.972525104880333e-05,0.0005156371043995023,0.10984968394041061,0.19179287552833557,0.4003794193267822,-0.03782116621732712,-0.4315534234046936,3.483442783355713,0.0957113727927208,0.3589909076690674,0.25045570731163025,0.28025737404823303,0.27323371171951294,0.3110107481479645,0.2965981662273407,0.32537326216697693,0.3009887933731079,0.30735012888908386,0.2822142541408539
380,0.07423053681850433,0.0,0.0,0.0,0.23402680456638336,0.0,0.0,0.3715892732143402,0.0,0.0,0.0,0.0,0.2563721239566803,0.0,0.0,0.0,0.05623004958033562,0.0,0.0,0.007551186252385378,0.22854574024677277,0.0,0.0,0.0,0.38407567143440247,0.0,0.0,0.2370995432138443,0.0,0.0,0.0,0.0,0.10622216016054153,0.0,0.0,0.0,0.035728469491004944,0.0,0.0,0.008328414522111416,0.10576923191547394,0.10986027866601944,0.13053932785987854,0.1838323324918747,0.2480715960264206,0.2926393151283264,0.33606207370758057,0.3102997839450836,0.00019783509196713567,7.547378481831402e-05,1.721459921100177e-05,0.00019714940572157502,9.633593435864896e-05,2.4988925360958092e-05,9.440592521059443e-07,2.1721887605963275e-05,0.00037353552761487663,0.0001651711791055277,6.389948248397559e-05,0.000587628164794296,0.1299271583557129,0.3201434314250946,0.5140156745910645,0.00411029951646924,-0.39908623695373535,3.165433645248413,0.1331954449415207,0.33999067544937134,0.22189585864543915,0.2762080430984497,0.23710520565509796,0.30850592255592346,0.25929006934165955,0.29812178015708923,0.3293592035770416,0.30284228920936584,0.25082942843437195
381,0.13104425370693207,0.0,0.0,0.0,0.3631470799446106,0.0,0.0,0.28590551018714905,0.0,0.0,0.0,0.0,0.16505154967308044,0.0,0.0,0.0,0.04862423241138458,0.0,0.0,0.006227362435311079,0.2350797802209854,0.0,0.0,0.0,0.38777562975883484,0.0,0.0,0.23332224786281586,0.0,0.0,0.0,0.0,0.10130084306001663,0.0,0.0,0.0,0.03441271558403969,0.0,0.0,0.008108790032565594,0.11538461595773697,0.1106586828827858,0.12479151785373688,0.1574850231409073,0.2783011198043823,0.2638584077358246,0.2965959906578064,0.10292001813650131,0.00022424745839089155,7.753173122182488e-05,1.6923295333981514e-05,0.0002127618936356157,0.00012428854824975133,2.420091004751157e-05,9.398121392223402e-07,2.0888521248707548e-05,0.0003913445398211479,0.00017558014951646328,6.162484351079911e-05,0.0006474310648627579,0.12433887273073196,0.21989452838897705,0.4301423728466034,-0.009398149326443672,-0.44982585310935974,3.279526710510254,0.14395378530025482,0.39203259348869324,0.25258806347846985,0.2487793266773224,0.2521902620792389,0.25008073449134827,0.2975313365459442,0.2972906231880188,0.30123862624168396,0.2824914753437042,0.27406060695648193
382,0.16638077795505524,0.0,0.0,0.0,0.25762200355529785,0.0,0.0,0.32547780871391296,0.0,0.0,0.0,0.0,0.19193948805332184,0.0,0.0,0.0,0.05372144654393196,0.0,0.0,0.004858401603996754,0.2368565797805786,0.0,0.0,0.0,0.38765400648117065,0.0,0.0,0.23266753554344177,0.0,0.0,0.0,0.0,0.10144402831792831,0.0,0.0,0.0,0.03352842852473259,0.0,0.0,0.007849419489502907,0.13461539149284363,0.12483034282922745,0.12285643815994263,0.16367265582084656,0.3174787163734436,0.33328956365585327,0.2814929485321045,0.1735670268535614,0.00026640569558367133,8.595726103521883e-05,1.7220536392414942e-05,0.00019167036225553602,0.00014905531133990735,2.8051981644239277e-05,9.384825716551859e-07,2.0990481061744504e-05,0.0004622234555426985,0.0001922877854667604,6.24938402324915e-05,0.0006471361848525703,0.12345968931913376,0.25051236152648926,0.45333850383758545,-0.018132120370864868,-0.4391780197620392,3.2709474563598633,0.16864721477031708,0.37834420800209045,0.24569906294345856,0.24234884977340698,0.24073927104473114,0.23888519406318665,0.34072205424308777,0.3570942282676697,0.29539889097213745,0.31869375705718994,0.31699469685554504
383,0.12579533457756042,0.0,0.0,0.0,0.2954126298427582,0.0,0.0,0.358574241399765,0.0,0.0,0.0,0.0,0.16898220777511597,0.0,0.0,0.0,0.047897499054670334,0.0,0.0,0.0033381131943315268,0.24962058663368225,0.0,0.0,0.0,0.4020400047302246,0.0,0.0,0.2226884961128235,0.0,0.0,0.0,0.0,0.09029650688171387,0.0,0.0,0.0,0.028481945395469666,0.0,0.0,0.006872456055134535,0.11923076957464218,0.10990019887685776,0.10810486972332001,0.1495009958744049,0.2905787229537964,0.27979567646980286,0.2101045846939087,0.20354557037353516,0.00023101564147509634,7.764835754642263e-05,1.638522735447623e-05,0.00015905758482404053,0.00012278971553314477,2.5954821467166767e-05,9.140353540715296e-07,1.869312472990714e-05,0.00039747366099618375,0.00016427264199592173,5.734781007049605e-05,0.00048612599493935704,0.10870372503995895,0.22021028399467468,0.35970816016197205,-0.049690358340740204,-0.4342690706253052,3.6135241985321045,0.2178187072277069,0.3641168475151062,0.2140563279390335,0.20704837143421173,0.2490512877702713,0.2826167643070221,0.29058781266212463,0.41782888770103455,0.34148675203323364,0.27207058668136597,0.3549526333808899
384,0.1499110609292984,0.0,0.0,0.0,0.34759706258773804,0.0,0.0,0.3394114375114441,0.0,0.0,0.0,0.0,0.13016828894615173,0.0,0.0,0.0,0.030290842056274414,0.0,0.0,0.002621337538585067,0.24408859014511108,0.0,0.0,0.0,0.4009348750114441,0.0,0.0,0.22847771644592285,0.0,0.0,0.0,0.0,0.09083595126867294,0.0,0.0,0.0,0.029019981622695923,0.0,0.0,0.0066428701393306255,0.07884615659713745,0.10694611072540283,0.10929089039564133,0.13532933592796326,0.17766989767551422,0.23699811100959778,0.21053862571716309,0.0716642513871193,0.00021063999156467617,7.770050433464348e-05,1.6384994523832574e-05,0.0001916846667882055,0.00010553473111940548,2.5380732040503062e-05,8.823933512758231e-07,1.8671556972549297e-05,0.00042853012564592063,0.00016541237710043788,5.974323721602559e-05,0.0005954009247943759,0.1094205304980278,0.16307500004768372,0.4098159968852997,-0.04662013053894043,-0.42516764998435974,3.538297176361084,0.21503378450870514,0.32941949367523193,0.27335184812545776,0.17848335206508636,0.2940436899662018,0.3167818784713745,0.30268532037734985,0.45395809412002563,0.28662821650505066,0.26500600576400757,0.32430464029312134
385,0.1331094652414322,0.0,0.0,0.0,0.33661186695098877,0.0,0.0,0.3255380392074585,0.0,0.0,0.0,0.0,0.17285709083080292,0.0,0.0,0.0,0.03018917702138424,0.0,0.0,0.0016943373484537005,0.2430667132139206,0.0,0.0,0.0,0.3999764025211334,0.0,0.0,0.231641486287117,0.0,0.0,0.0,0.0,0.09049811214208603,0.0,0.0,0.0,0.028247982263565063,0.0,0.0,0.006569297984242439,0.06923077255487442,0.10387225449085236,0.10813483595848083,0.15768462419509888,0.14441323280334473,0.24209532141685486,0.2101580947637558,0.18877606093883514,0.0002315458987141028,7.544279651483521e-05,1.6986450646072626e-05,0.00020122213754802942,0.00010912503785220906,2.56014391197823e-05,8.984737291939382e-07,2.0935362044838257e-05,0.00041794206481426954,0.00016134233737830073,6.188648694660515e-05,0.0006502840551547706,0.10841607302427292,0.20473279058933258,0.49081456661224365,-0.04016802832484245,-0.3131820261478424,3.470306634902954,0.22951823472976685,0.3612734079360962,0.2754688560962677,0.1806732416152954,0.26363620162010193,0.3503998816013336,0.27605098485946655,0.4691324532032013,0.31924811005592346,0.3043622374534607,0.3086588382720947
386,0.13616591691970825,0.0,0.0,0.0,0.4024433195590973,0.0,0.0,0.2620188295841217,0.0,0.0,0.0,0.0,0.1727694571018219,0.0,0.0,0.0,0.02485082484781742,0.0,0.0,0.0017516830703243613,0.24953676760196686,0.0,0.0,0.0,0.40426307916641235,0.0,0.0,0.2245745062828064,0.0,0.0,0.0,0.0,0.08722175657749176,0.0,0.0,0.0,0.028054049238562584,0.0,0.0,0.006349836476147175,0.11153846234083176,0.08822355419397354,0.10560549795627594,0.15848302841186523,0.2662065625190735,0.21903696656227112,0.2036420702934265,0.18769410252571106,0.000223608294618316,6.843684241175652e-05,1.601014082552865e-05,0.00022554272436536849,0.00010703009320423007,2.2447900846600533e-05,8.601486456427665e-07,2.01423008547863e-05,0.00041538861114531755,0.0001481902872910723,5.897403752896935e-05,0.0007062299409881234,0.10521713644266129,0.19936294853687286,0.4712342619895935,-0.04276559129357338,-0.420469731092453,3.5957753658294678,0.19366365671157837,0.31847089529037476,0.28654998540878296,0.1934722661972046,0.2755246162414551,0.3212636411190033,0.296757310628891,0.42514732480049133,0.3838459849357605,0.28503865003585815,0.3570247292518616
387,0.16501222550868988,0.0,0.0,0.0,0.4043594002723694,0.0,0.0,0.3105747699737549,0.0,0.0,0.0,0.0,0.10404796898365021,0.0,0.0,0.0,0.014651545323431492,0.0,0.0,0.0013540961081162095,0.2635747790336609,0.0,0.0,0.0,0.41017210483551025,0.0,0.0,0.21640506386756897,0.0,0.0,0.0,0.0,0.07846597582101822,0.0,0.0,0.0,0.025478510186076164,0.0,0.0,0.005903590004891157,0.08653846383094788,0.06974051892757416,0.09606492519378662,0.13732534646987915,0.20367208123207092,0.13704679906368256,0.1572626233100891,0.07069473713636398,0.0002175944682676345,6.86364364810288e-05,1.583854464115575e-05,0.00020871478773187846,9.810755727812648e-05,2.2433025151258335e-05,8.409616043536516e-07,2.126098479493521e-05,0.0003960519388783723,0.0001474028395023197,5.7775039749685675e-05,0.0006636309553869069,0.09500325471162796,0.12004771828651428,0.5466710329055786,-0.0590340681374073,-0.525633692741394,3.7956135272979736,0.1784801036119461,0.3353901505470276,0.3251360058784485,0.24898859858512878,0.28240108489990234,0.34223875403404236,0.2829847037792206,0.4480630159378052,0.4156114459037781,0.28410255908966064,0.3506443202495575
388,0.23250821232795715,0.0,0.0,0.0,0.4173046052455902,0.0,0.0,0.2478654682636261,0.0,0.0,0.0,0.0,0.08768443763256073,0.0,0.0,0.0,0.013426296412944794,0.0,0.0,0.001211003982461989,0.27339985966682434,0.0,0.0,0.0,0.4187617301940918,0.0,0.0,0.20534899830818176,0.0,0.0,0.0,0.0,0.07243146002292633,0.0,0.0,0.0,0.024040989577770233,0.0,0.0,0.006016953848302364,0.08653846383094788,0.06331337243318558,0.0898377075791359,0.11876247078180313,0.1579894721508026,0.11689486354589462,0.13100294768810272,0.05387326702475548,0.00021782441763207316,6.284222763497382e-05,1.51354151967098e-05,0.00016706511087249964,9.486616909271106e-05,2.0221241356921382e-05,8.375124593840155e-07,1.911084291350562e-05,0.00037279861862771213,0.00013495907478500158,5.3176554501987994e-05,0.00046855915570631623,0.08862856775522232,0.1023167297244072,0.44611334800720215,-0.06892433017492294,-0.5387400388717651,4.00293493270874,0.1831456571817398,0.35242462158203125,0.2800213694572449,0.27711227536201477,0.27063363790512085,0.3457815945148468,0.2593933343887329,0.43776848912239075,0.4137464165687561,0.2843471169471741,0.3595207929611206
389,0.2619582414627075,0.0,0.0,0.0,0.3631460666656494,0.0,0.0,0.2451467365026474,0.0,0.0,0.0,0.0,0.10573173314332962,0.0,0.0,0.0,0.022279977798461914,0.0,0.0,0.0017372234724462032,0.2717894911766052,0.0,0.0,0.0,0.4153303802013397,0.0,0.0,0.2078757882118225,0.0,0.0,0.0,0.0,0.07423196732997894,0.0,0.0,0.0,0.024668868631124496,0.0,0.0,0.006103499326854944,0.11923076957464218,0.06666667014360428,0.09196005016565323,0.11516965925693512,0.2638508677482605,0.14660051465034485,0.15877261757850647,0.041662827134132385,0.0002300693595316261,6.40300422674045e-05,1.430300653737504e-05,0.00014702079351991415,0.00011851677118102089,2.088158726110123e-05,8.046366133385163e-07,1.879081901279278e-05,0.00042980702710337937,0.0001424180663889274,4.936485493090004e-05,0.00039751717122271657,0.09079289436340332,0.12974315881729126,0.47643905878067017,-0.07124760746955872,-0.43493613600730896,4.185675621032715,0.11505769938230515,0.3575315475463867,0.29959917068481445,0.26677513122558594,0.27409881353378296,0.3630141317844391,0.3006378412246704,0.36543500423431396,0.36459603905677795,0.29549187421798706,0.3229519724845886
390,0.15452304482460022,0.0,0.0,0.0,0.45508772134780884,0.0,0.0,0.28413933515548706,0.0,0.0,0.0,0.0,0.0875270739197731,0.0,0.0,0.0,0.017871152609586716,0.0,0.0,0.000851682445500046,0.262398898601532,0.0,0.0,0.0,0.4080031216144562,0.0,0.0,0.2191791832447052,0.0,0.0,0.0,0.0,0.07976031303405762,0.0,0.0,0.0,0.024526773020625114,0.0,0.0,0.006131693255156279,0.10576923191547394,0.07441117614507675,0.09644445031881332,0.12035927921533585,0.18908122181892395,0.1670781821012497,0.16592778265476227,0.015848752111196518,0.00024768576258793473,6.796646630391479e-05,1.5238799278449733e-05,0.00017192467930726707,0.00012301361130084842,2.2251722839428112e-05,8.253401233559998e-07,2.0764731743838638e-05,0.0004488684644456953,0.00014914324856363237,5.3795462008565664e-05,0.0005192531389184296,0.09545328468084335,0.1062449961900711,0.4096173942089081,-0.04647425189614296,-0.5346328020095825,3.8744630813598633,0.15219812095165253,0.37800902128219604,0.3509722948074341,0.23548349738121033,0.271151065826416,0.39080357551574707,0.2726232409477234,0.3397631347179413,0.33915746212005615,0.2909180521965027,0.29537490010261536
391,0.17140457034111023,0.0,0.0,0.0,0.4012320935726166,0.0,0.0,0.2817155122756958,0.0,0.0,0.0,0.0,0.12246694415807724,0.0,0.0,0.0,0.021905072033405304,0.0,0.0,0.0012757654767483473,0.258284330368042,0.0,0.0,0.0,0.40784913301467896,0.0,0.0,0.2202141135931015,0.0,0.0,0.0,0.0,0.08272119611501694,0.0,0.0,0.0,0.02434239350259304,0.0,0.0,0.006588817574083805,0.09038461744785309,0.06914171576499939,0.09964794665575027,0.13153691589832306,0.1714785248041153,0.1403491050004959,0.1928463727235794,0.08857642859220505,0.00021589963580481708,6.743445555912331e-05,1.5059849829412997e-05,0.0001709481730358675,0.00010756339906947687,2.242255868623033e-05,8.141269631778414e-07,1.8773473129840568e-05,0.00039815346826799214,0.00014569720951840281,5.384226096794009e-05,0.00049123156350106,0.09823466837406158,0.14564161002635956,0.5267197489738464,-0.042292118072509766,-0.43200159072875977,3.7917637825012207,0.2128324955701828,0.36200493574142456,0.4410915672779083,0.20936653017997742,0.27387115359306335,0.3745703101158142,0.2587088346481323,0.29650193452835083,0.29923033714294434,0.2531064450740814,0.2826137840747833
392,0.1962754726409912,0.0,0.0,0.0,0.31075921654701233,0.0,0.0,0.27772074937820435,0.0,0.0,0.0,0.0,0.19287757575511932,0.0,0.0,0.0,0.02091948501765728,0.0,0.0,0.0014475377975031734,0.2594774067401886,0.0,0.0,0.0,0.4072035849094391,0.0,0.0,0.2187691181898117,0.0,0.0,0.0,0.0,0.08311777561903,0.0,0.0,0.0,0.024678273126482964,0.0,0.0,0.006753855850547552,0.07307692617177963,0.07481037825345993,0.10002996772527695,0.14291416108608246,0.19933496415615082,0.14875692129135132,0.19044116139411926,0.26845765113830566,0.00019883674394804984,7.761790766380727e-05,1.550126398797147e-05,0.00019249608158133924,8.732772403163835e-05,2.4307286366820335e-05,8.370583373107365e-07,1.9464088836684823e-05,0.0004092323360964656,0.00016439452883787453,5.6834913266357034e-05,0.0005568788037635386,0.09903034567832947,0.2152361422777176,0.4305904507637024,-0.04468424618244171,-0.3976956009864807,3.611377000808716,0.24693000316619873,0.34145137667655945,0.44569966197013855,0.1760217249393463,0.28143563866615295,0.3363840579986572,0.35007044672966003,0.2637671232223511,0.2619936764240265,0.20844024419784546,0.2968471348285675
393,0.20210738480091095,0.0,0.0,0.0,0.368754118680954,0.0,0.0,0.286902517080307,0.0,0.0,0.0,0.0,0.11605886369943619,0.0,0.0,0.0,0.02290324494242668,0.0,0.0,0.003273826325312257,0.25448504090309143,0.0,0.0,0.0,0.40717393159866333,0.0,0.0,0.22239933907985687,0.0,0.0,0.0,0.0,0.08435244858264923,0.0,0.0,0.0,0.02446145936846733,0.0,0.0,0.007127771154046059,0.11346153914928436,0.09233532845973969,0.10037203878164291,0.12614770233631134,0.3030101954936981,0.1879209578037262,0.2078971564769745,0.02158057689666748,0.00030767940916121006,9.33109040488489e-05,1.62616852321662e-05,0.00018831330817192793,0.00012691477604676038,2.832641803252045e-05,8.766129440118675e-07,2.056867378996685e-05,0.0005485146539285779,0.0002158690185751766,6.011973164277151e-05,0.0005874474300071597,0.10022038221359253,0.1422286331653595,0.5184139013290405,-0.040203459560871124,-0.6163921356201172,3.54386830329895,0.2077869325876236,0.4213349521160126,0.4534916877746582,0.2397065907716751,0.3458404242992401,0.32146796584129333,0.3459780812263489,0.3240988850593567,0.2528877854347229,0.2523595094680786,0.2913471460342407
394,0.18033790588378906,0.0,0.0,0.0,0.42448288202285767,0.0,0.0,0.24975411593914032,0.0,0.0,0.0,0.0,0.12090525776147842,0.0,0.0,0.0,0.022494563832879066,0.0,0.0,0.002025312278419733,0.2625950574874878,0.0,0.0,0.0,0.4126083552837372,0.0,0.0,0.21704375743865967,0.0,0.0,0.0,0.0,0.07890011370182037,0.0,0.0,0.0,0.02238643728196621,0.0,0.0,0.00646629836410284,0.0923076942563057,0.08542913943529129,0.09290637075901031,0.14890219271183014,0.23851831257343292,0.16818863153457642,0.1782509684562683,0.07770887762308121,0.000276007573120296,9.196752944262698e-05,1.5280500520020723e-05,0.0001841534103732556,0.00011299385369056836,2.8177033527754247e-05,8.865148402037448e-07,1.977702231670264e-05,0.0005215619457885623,0.0002070350747089833,5.5428976338589564e-05,0.0005625797202810645,0.09312193095684052,0.14541761577129364,0.5134793519973755,-0.05814327299594879,-0.5690881013870239,3.7870070934295654,0.186825692653656,0.4276482164859772,0.41942739486694336,0.23188522458076477,0.3093341886997223,0.2933337390422821,0.29006481170654297,0.3597525954246521,0.2866862416267395,0.2861710488796234,0.29094576835632324
395,0.12974883615970612,0.0,0.0,0.0,0.3013629615306854,0.0,0.0,0.26207736134529114,0.0,0.0,0.0,0.0,0.2693640887737274,0.0,0.0,0.0,0.033789727836847305,0.0,0.0,0.0036569153890013695,0.2522226870059967,0.0,0.0,0.0,0.40378502011299133,0.0,0.0,0.2226565033197403,0.0,0.0,0.0,0.0,0.0877348855137825,0.0,0.0,0.0,0.026398582383990288,0.0,0.0,0.007202297914773226,0.06538461893796921,0.09752494841814041,0.10475655645132065,0.1532934010028839,0.08448415249586105,0.20221121609210968,0.2464970052242279,0.4501582682132721,0.00022554253519047052,8.170785440597683e-05,1.6246251107077114e-05,0.0001646617311052978,0.00010062289948109537,2.6518971935729496e-05,8.967302846940584e-07,1.9066957975155674e-05,0.0004529464349616319,0.00018876264221034944,6.091858085710555e-05,0.0004998357035219669,0.10485292971134186,0.30680009722709656,0.4714139997959137,-0.029230572283267975,-0.6186400651931763,3.545647144317627,0.20371533930301666,0.41977939009666443,0.4159191846847534,0.21984343230724335,0.2856287360191345,0.32198789715766907,0.3117358386516571,0.3641321063041687,0.3358410894870758,0.2560798227787018,0.24756063520908356
396,0.13554202020168304,0.0,0.0,0.0,0.31325989961624146,0.0,0.0,0.25740960240364075,0.0,0.0,0.0,0.0,0.254959374666214,0.0,0.0,0.0,0.03547613322734833,0.0,0.0,0.003352941246703267,0.25330036878585815,0.0,0.0,0.0,0.404537558555603,0.0,0.0,0.22163346409797668,0.0,0.0,0.0,0.0,0.08742289245128632,0.0,0.0,0.0,0.02561376988887787,0.0,0.0,0.007491933647543192,0.057692307978868484,0.08998004347085953,0.10453683137893677,0.1497005969285965,0.08170180022716522,0.17735907435417175,0.2554658055305481,0.41352611780166626,0.00023726986546535045,7.314812683034688e-05,1.5329937014030293e-05,0.0001546583662275225,9.826285531744361e-05,2.358033634664025e-05,8.65825768414652e-07,1.8665517927729525e-05,0.00044863380026072264,0.0001599797251401469,5.5701922974549234e-05,0.00045499776024371386,0.10415932536125183,0.2937777638435364,0.3589262068271637,-0.03614438697695732,-0.5902683138847351,3.632237195968628,0.1847316324710846,0.38853761553764343,0.31431931257247925,0.19191913306713104,0.23180608451366425,0.31124186515808105,0.29362747073173523,0.31851163506507874,0.3346376419067383,0.25444450974464417,0.26076677441596985
397,0.13915887475013733,0.0,0.0,0.0,0.3286803960800171,0.0,0.0,0.3685552477836609,0.0,0.0,0.0,0.0,0.13780862092971802,0.0,0.0,0.0,0.02382824383676052,0.0,0.0,0.001968635246157646,0.2590450942516327,0.0,0.0,0.0,0.4079813063144684,0.0,0.0,0.22090765833854675,0.0,0.0,0.0,0.0,0.08167894929647446,0.0,0.0,0.0,0.024352004751563072,0.0,0.0,0.0060349805280566216,0.057692307978868484,0.08251497149467468,0.09738077968358994,0.1289421170949936,0.1197017952799797,0.17609244585037231,0.19688893854618073,0.1021118313074112,0.00017894372285809368,7.151674071792513e-05,1.4916217878635507e-05,0.0001441757776774466,8.051068289205432e-05,2.3452757886843756e-05,8.702859304321464e-07,1.7118498362833634e-05,0.00037355508538894355,0.00015545742644462734,5.366499681258574e-05,0.00041879003401845694,0.09683585911989212,0.1635994166135788,0.38752156496047974,-0.04895044490695,-0.6138481497764587,3.7751736640930176,0.21445497870445251,0.3881394863128662,0.2972171902656555,0.201908141374588,0.1939307600259781,0.3658241629600525,0.29664433002471924,0.3317679762840271,0.3378281593322754,0.23064668476581573,0.30840396881103516
398,0.1809634566307068,0.0,0.0,0.0,0.3955875337123871,0.0,0.0,0.2753705084323883,0.0,0.0,0.0,0.0,0.12256330996751785,0.0,0.0,0.0,0.0235810074955225,0.0,0.0,0.0019341561710461974,0.2648009657859802,0.0,0.0,0.0,0.41224682331085205,0.0,0.0,0.2152835577726364,0.0,0.0,0.0,0.0,0.07872729748487473,0.0,0.0,0.0,0.023355551064014435,0.0,0.0,0.00558578222990036,0.057692307978868484,0.08427146077156067,0.0932709127664566,0.11916167289018631,0.15638971328735352,0.17349258065223694,0.19036048650741577,0.04437888041138649,0.00019779762078542262,6.808524631196633e-05,1.5485793483094312e-05,0.00015199270274024457,8.816181070869789e-05,2.2182390239322558e-05,9.161519756162306e-07,1.8730399460764602e-05,0.0003593795991037041,0.00014712419942952693,5.419157605501823e-05,0.00043864978943020105,0.0930059403181076,0.14807099103927612,0.3879182040691376,-0.056715212762355804,-0.6125841736793518,3.7593581676483154,0.21317939460277557,0.3727398216724396,0.246055006980896,0.24784763157367706,0.17718049883842468,0.3527195155620575,0.28615033626556396,0.31382107734680176,0.38187336921691895,0.2454279214143753,0.33258160948753357
399,0.2298729419708252,0.0,0.0,0.0,0.3665037155151367,0.0,0.0,0.2538771331310272,0.0,0.0,0.0,0.0,0.11687834560871124,0.0,0.0,0.0,0.030750660225749016,0.0,0.0,0.0021171956323087215,0.26026690006256104,0.0,0.0,0.0,0.4092102646827698,0.0,0.0,0.21759620308876038,0.0,0.0,0.0,0.0,0.08116591721773148,0.0,0.0,0.0,0.025458499789237976,0.0,0.0,0.006302193738520145,0.042307693511247635,0.08267465233802795,0.0982971340417862,0.11856286972761154,0.055655889213085175,0.1281651109457016,0.21072320640087128,0.03663787618279457,0.00019663966668304056,7.616358925588429e-05,1.6456648154417053e-05,0.00015695152978878468,9.313791088061407e-05,2.4331233362318017e-05,9.295971494793775e-07,1.9121100194752216e-05,0.00042043361463584006,0.0001687119947746396,5.8431072829989716e-05,0.0004311789816711098,0.09755729883909225,0.14973974227905273,0.42927825450897217,-0.05722060799598694,-0.6729096174240112,3.5842320919036865,0.2743086516857147,0.269554078578949,0.2417200356721878,0.2976226806640625,0.15546956658363342,0.28742626309394836,0.3304884135723114,0.3413621485233307,0.4631619155406952,0.21162626147270203,0.35977768898010254
400,0.16165877878665924,0.0,0.0,0.0,0.3729211986064911,0.0,0.0,0.28522297739982605,0.0,0.0,0.0,0.0,0.13472384214401245,0.0,0.0,0.0,0.04177505522966385,0.0,0.0,0.0036981343291699886,0.24939152598381042,0.0,0.0,0.0,0.39815497398376465,0.0,0.0,0.22748911380767822,0.0,0.0,0.0,0.0,0.0898367166519165,0.0,0.0,0.0,0.02841431088745594,0.0,0.0,0.006713374517858028,0.05000000074505806,0.0972854271531105,0.10843196511268616,0.1251496970653534,0.058699559420347214,0.1536993682384491,0.27190443873405457,0.04094116762280464,0.00023970461916178465,8.347907714778557e-05,1.7480258975410834e-05,0.00018320564413443208,9.999220492318273e-05,2.612186290207319e-05,9.155137377092615e-07,2.089663212245796e-05,0.0005277523305267096,0.00019336299737915397,6.474922702182084e-05,0.000564215297345072,0.10790804773569107,0.18018901348114014,0.44063860177993774,-0.03175234794616699,-0.6299154758453369,3.3944053649902344,0.26488009095191956,0.30572786927223206,0.27969396114349365,0.27884766459465027,0.19323112070560455,0.3683273494243622,0.398441880941391,0.3174077868461609,0.46726417541503906,0.1877376288175583,0.3798597455024719
401,0.07198038697242737,0.0,0.0,0.0,0.29314157366752625,0.0,0.0,0.33119136095046997,0.0,0.0,0.0,0.0,0.24947018921375275,0.0,0.0,0.0,0.04997919872403145,0.0,0.0,0.00423727510496974,0.23480229079723358,0.0,0.0,0.0,0.38335713744163513,0.0,0.0,0.23749718070030212,0.0,0.0,0.0,0.0,0.10452388226985931,0.0,0.0,0.0,0.03301248699426651,0.0,0.0,0.00680703017860651,0.09615384787321091,0.13257485628128052,0.1236504390835762,0.1762474924325943,0.2636483311653137,0.3480256199836731,0.33076441287994385,0.24619467556476593,0.00027336718630976975,9.284740372095257e-05,1.8962527974508703e-05,0.00020414877508301288,0.00011256333527853712,2.8531901989481412e-05,9.337986739410553e-07,2.1800697140861303e-05,0.0006058030412532389,0.0002245954383397475,7.27809383533895e-05,0.0006313331541605294,0.1247471496462822,0.3036760091781616,0.4392973780632019,0.0032479625660926104,-0.525601863861084,3.118441343307495,0.26437908411026,0.3426359295845032,0.2748957574367523,0.25258883833885193,0.20683246850967407,0.3400934338569641,0.3831515610218048,0.2635473310947418,0.45150429010391235,0.19245320558547974,0.4065192639827728
402,0.08290234208106995,0.0,0.0,0.0,0.3645595908164978,0.0,0.0,0.3074858486652374,0.0,0.0,0.0,0.0,0.21161487698554993,0.0,0.0,0.0,0.031002990901470184,0.0,0.0,0.0024343475233763456,0.24516312777996063,0.0,0.0,0.0,0.3956719934940338,0.0,0.0,0.23288403451442719,0.0,0.0,0.0,0.0,0.09194288402795792,0.0,0.0,0.0,0.028037358075380325,0.0,0.0,0.0063006202690303326,0.07307692617177963,0.10327345132827759,0.10890637338161469,0.1592814326286316,0.22848576307296753,0.2574389576911926,0.27917152643203735,0.19280074536800385,0.00022157067724037915,8.485458965878934e-05,1.7222477254108526e-05,0.00016628330922685564,0.0001017897593555972,2.70466862275498e-05,9.091329502552981e-07,2.061597115243785e-05,0.0004257629916537553,0.0001919472706504166,6.325092545012012e-05,0.000505265430547297,0.10912128537893295,0.24504317343235016,0.39911845326423645,-0.02492750622332096,-0.5464363098144531,3.4595296382904053,0.16407573223114014,0.29080575704574585,0.3299826681613922,0.24269098043441772,0.28447195887565613,0.3642682135105133,0.3701557517051697,0.2822864353656769,0.3950583040714264,0.25311318039894104,0.37656670808792114
403,0.1261938363313675,0.0,0.0,0.0,0.3700971305370331,0.0,0.0,0.30005213618278503,0.0,0.0,0.0,0.0,0.15524648129940033,0.0,0.0,0.0,0.0436856746673584,0.0,0.0,0.004724695812910795,0.24716302752494812,0.0,0.0,0.0,0.39963498711586,0.0,0.0,0.22879113256931305,0.0,0.0,0.0,0.0,0.08936604112386703,0.0,0.0,0.0,0.028187235817313194,0.0,0.0,0.006857587490230799,0.06730769574642181,0.09856287389993668,0.10772784799337387,0.14051896333694458,0.14562936127185822,0.19316013157367706,0.2643921375274658,0.12541638314723969,0.00020981715351808816,8.041764522204176e-05,1.6443345884908922e-05,0.00015946320490911603,9.555535507388413e-05,2.570670039858669e-05,8.782177474131458e-07,2.1090305381221697e-05,0.000422495708335191,0.00018199991609435529,6.027852577972226e-05,0.0004776993300765753,0.10752761363983154,0.20364902913570404,0.4985730051994324,-0.027143359184265137,-0.4927994906902313,3.53049898147583,0.172718808054924,0.319524884223938,0.3464704751968384,0.20228071510791779,0.235887348651886,0.3323361277580261,0.3664940893650055,0.30805152654647827,0.3543369472026825,0.2535056173801422,0.33597490191459656
404,0.1622127741575241,0.0,0.0,0.0,0.33965280652046204,0.0,0.0,0.32501471042633057,0.0,0.0,0.0,0.0,0.14232032001018524,0.0,0.0,0.0,0.028154440224170685,0.0,0.0,0.002644927939400077,0.2543521523475647,0.0,0.0,0.0,0.4024237394332886,0.0,0.0,0.2268790900707245,0.0,0.0,0.0,0.0,0.08522801846265793,0.0,0.0,0.0,0.025115400552749634,0.0,0.0,0.006001594942063093,0.07884615659713745,0.09269461035728455,0.10064420104026794,0.1309381127357483,0.19649222493171692,0.18067248165607452,0.21028798818588257,0.11048684269189835,0.00018529720546212047,7.251709030242637e-05,1.6137188140419312e-05,0.00015737360808998346,8.13612132333219e-05,2.2323731172946282e-05,8.673255820212944e-07,1.8796130461851135e-05,0.0003882857272401452,0.0001669414632488042,5.832278839079663e-05,0.0004871123528573662,0.10050803422927856,0.17311306297779083,0.501935601234436,-0.04150928556919098,-0.47627192735671997,3.628573417663574,0.17067241668701172,0.29084017872810364,0.33155161142349243,0.2559400200843811,0.19883649051189423,0.35573938488960266,0.36183223128318787,0.3740498721599579,0.3144199550151825,0.2635349929332733,0.29818403720855713
405,0.12577365338802338,0.0,0.0,0.0,0.35930314660072327,0.0,0.0,0.25416532158851624,0.0,0.0,0.0,0.0,0.13484252989292145,0.0,0.0,0.0,0.12335328012704849,0.0,0.0,0.0025620730593800545,0.25207987427711487,0.0,0.0,0.0,0.39915892481803894,0.0,0.0,0.22581087052822113,0.0,0.0,0.0,0.0,0.08916477113962173,0.0,0.0,0.0,0.027241136878728867,0.0,0.0,0.006544425152242184,0.125,0.08918163925409317,0.10633958131074905,0.17884230613708496,0.2714672088623047,0.14669109880924225,0.2452882081270218,0.3150496780872345,0.00024617870803922415,7.489188283216208e-05,1.6454914657515474e-05,0.00022428810189012438,0.00011148853809572756,2.4520217266399413e-05,8.605447874288075e-07,2.1868288968107663e-05,0.00048431221512146294,0.00016965868417173624,6.0608515923377126e-05,0.0006844566087238491,0.10620766878128052,0.26074591279029846,0.6612509489059448,-0.025555042549967766,-0.4929705858230591,3.475811004638672,0.20259860157966614,0.32432955503463745,0.31662625074386597,0.2088054120540619,0.21214818954467773,0.4053974151611328,0.37918755412101746,0.3288792669773102,0.3064664900302887,0.2470019906759262,0.31096363067626953
406,0.07884776592254639,0.0,0.0,0.0,0.26011383533477783,0.0,0.0,0.2973856031894684,0.0,0.0,0.0,0.0,0.2715398073196411,0.0,0.0,0.0,0.08843335509300232,0.0,0.0,0.003679665271192789,0.23598158359527588,0.0,0.0,0.0,0.38655155897140503,0.0,0.0,0.2368033081293106,0.0,0.0,0.0,0.0,0.10221947729587555,0.0,0.0,0.0,0.03130362555384636,0.0,0.0,0.00714045949280262,0.16538462042808533,0.11205589026212692,0.12111610919237137,0.19580838084220886,0.49430933594703674,0.24157661199569702,0.30764350295066833,0.4638466536998749,0.0003148337418679148,8.865320705808699e-05,1.7533406207803637e-05,0.0001862768258433789,0.00011999500566162169,2.76063074124977e-05,8.688682555657579e-07,2.0295143258408643e-05,0.0005986207397654653,0.00020215654512867332,6.677070632576942e-05,0.0005909577594138682,0.12151109427213669,0.3636399507522583,0.6647936105728149,0.006154765374958515,-0.4029139578342438,3.2181479930877686,0.22211073338985443,0.3577095866203308,0.3176176846027374,0.21802470088005066,0.1829441636800766,0.363181471824646,0.3366389572620392,0.41773533821105957,0.31033143401145935,0.2441074401140213,0.32753393054008484
407,0.10204628109931946,0.0,0.0,0.0,0.34924665093421936,0.0,0.0,0.3802970051765442,0.0,0.0,0.0,0.0,0.13677623867988586,0.0,0.0,0.0,0.028501415625214577,0.0,0.0,0.003132413374260068,0.24080954492092133,0.0,0.0,0.0,0.3942701518535614,0.0,0.0,0.23377878963947296,0.0,0.0,0.0,0.0,0.09622395038604736,0.0,0.0,0.0,0.028380751609802246,0.0,0.0,0.006536807399243116,0.12115384638309479,0.08303393423557281,0.11497878283262253,0.13153691589832306,0.31777438521385193,0.1414887011051178,0.25307270884513855,0.0813610702753067,0.00023396810865961015,7.730938523309305e-05,1.8052043742500246e-05,0.00021084758918732405,8.703084313310683e-05,2.5522744181216694e-05,8.591171081206994e-07,1.9102935766568407e-05,0.0004461909120436758,0.00016548315761610866,6.805617886129767e-05,0.000739509763661772,0.11332235485315323,0.1684030145406723,0.5107722282409668,-0.02280399575829506,-0.4774620532989502,3.2854437828063965,0.19629861414432526,0.3396809697151184,0.3185528814792633,0.2488478720188141,0.2081821709871292,0.3989626169204712,0.306294709444046,0.39779767394065857,0.41527053713798523,0.2850436866283417,0.3259807527065277
408,0.0507233701646328,0.0,0.0,0.0,0.18625670671463013,0.0,0.0,0.35111743211746216,0.0,0.0,0.0,0.0,0.33425670862197876,0.0,0.0,0.0,0.07097778469324112,0.0,0.0,0.006668010726571083,0.2216576337814331,0.0,0.0,0.0,0.3749687969684601,0.0,0.0,0.24306993186473846,0.0,0.0,0.0,0.0,0.1140432134270668,0.0,0.0,0.0,0.03831503912806511,0.0,0.0,0.007945391349494457,0.09038461744785309,0.09493014216423035,0.14046692848205566,0.20718562602996826,0.33385273814201355,0.1827702671289444,0.37771329283714294,0.471272736787796,0.00022461361368186772,8.472181798424572e-05,1.9779992726398632e-05,0.0002439674863126129,9.910565859172493e-05,2.730925552896224e-05,8.784528517935541e-07,2.3189038984128274e-05,0.0004618904204107821,0.0001802898186724633,7.724435272393748e-05,0.0009555497672408819,0.1385357826948166,0.4118923246860504,0.5556586980819702,0.04139099270105362,-0.5047838091850281,2.9976577758789062,0.17018957436084747,0.3180926740169525,0.3363385796546936,0.25913023948669434,0.2037406861782074,0.35714811086654663,0.3336869776248932,0.361438512802124,0.3914494514465332,0.2647498846054077,0.33063530921936035
409,0.10403072088956833,0.0,0.0,0.0,0.3033348321914673,0.0,0.0,0.3956127166748047,0.0,0.0,0.0,0.0,0.1676112413406372,0.0,0.0,0.0,0.02765253186225891,0.0,0.0,0.0017578976694494486,0.24000880122184753,0.0,0.0,0.0,0.39488643407821655,0.0,0.0,0.23483136296272278,0.0,0.0,0.0,0.0,0.0959906354546547,0.0,0.0,0.0,0.0282303299754858,0.0,0.0,0.006052423734217882,0.09807692468166351,0.09433133900165558,0.11337079107761383,0.14331336319446564,0.27791276574134827,0.18750274181365967,0.243124321103096,0.14026905596256256,0.0002414246555417776,7.218359678518027e-05,1.6419966414105147e-05,0.00017027129069902003,0.0001065989417838864,2.329247581656091e-05,8.12034159025643e-07,1.6642705304548144e-05,0.00045735720777884126,0.00016516228788532317,6.0623504396062344e-05,0.0005228399531915784,0.11259395629167557,0.1970149725675583,0.5279298424720764,-0.017391741275787354,-0.4960993826389313,3.342754602432251,0.15904492139816284,0.27373912930488586,0.322530061006546,0.20760753750801086,0.26792752742767334,0.23421351611614227,0.3005903661251068,0.31041374802589417,0.332246869802475,0.23762521147727966,0.35320717096328735
410,0.16605022549629211,0.0,0.0,0.0,0.3539213538169861,0.0,0.0,0.31863632798194885,0.0,0.0,0.0,0.0,0.13052234053611755,0.0,0.0,0.0,0.02834402583539486,0.0,0.0,0.0025257139932364225,0.2565613090991974,0.0,0.0,0.0,0.4077713191509247,0.0,0.0,0.2216714322566986,0.0,0.0,0.0,0.0,0.08353976160287857,0.0,0.0,0.0,0.024616144597530365,0.0,0.0,0.005840027239173651,0.09615384787321091,0.07552894204854965,0.0995330885052681,0.13373252749443054,0.23627826571464539,0.18136900663375854,0.18065398931503296,0.1325884610414505,0.00022701633861288428,6.286856660153717e-05,1.4525408914778382e-05,0.00016893215070012957,9.684012911748141e-05,2.0687964934040792e-05,7.630870300090464e-07,1.683546906861011e-05,0.0004123356775380671,0.00013703538570553064,5.095286178402603e-05,0.0005511980270966887,0.09853159636259079,0.16138571500778198,0.377689003944397,-0.042343612760305405,-0.7091566324234009,3.761859893798828,0.1542283147573471,0.3318606913089752,0.3185241222381592,0.22161279618740082,0.25927960872650146,0.19964662194252014,0.29057613015174866,0.2952145040035248,0.31695112586021423,0.246432363986969,0.3159644901752472
411,0.12164369970560074,0.0,0.0,0.0,0.40650609135627747,0.0,0.0,0.2939455509185791,0.0,0.0,0.0,0.0,0.14597828686237335,0.0,0.0,0.0,0.030147863551974297,0.0,0.0,0.0017784424126148224,0.253903865814209,0.0,0.0,0.0,0.4087519943714142,0.0,0.0,0.22273457050323486,0.0,0.0,0.0,0.0,0.08359859883785248,0.0,0.0,0.0,0.02470623515546322,0.0,0.0,0.00630471995100379,0.13269230723381042,0.09588822722434998,0.0988139882683754,0.1307385116815567,0.3167908191680908,0.28616470098495483,0.1875504106283188,0.11768223345279694,0.00023353699361905456,6.380613194778562e-05,1.448259899916593e-05,0.00015632750000804663,0.00010257727262796834,2.0840430806856602e-05,8.42004851620004e-07,1.850588887464255e-05,0.0004400585894472897,0.00014328434190247208,5.1094015361741185e-05,0.00047865085070952773,0.09905586391687393,0.1778971552848816,0.3881443440914154,-0.042027611285448074,-0.6899691820144653,3.765530586242676,0.1651265174150467,0.3514285981655121,0.35518091917037964,0.22678937017917633,0.27594348788261414,0.1951870173215866,0.2711513638496399,0.3044986128807068,0.3022114932537079,0.2742573320865631,0.277065634727478
412,0.08442194014787674,0.0,0.0,0.0,0.3588753938674927,0.0,0.0,0.36422446370124817,0.0,0.0,0.0,0.0,0.14969030022621155,0.0,0.0,0.0,0.04033208638429642,0.0,0.0,0.0024557479191571474,0.2364557981491089,0.0,0.0,0.0,0.39179670810699463,0.0,0.0,0.23784108459949493,0.0,0.0,0.0,0.0,0.0984928235411644,0.0,0.0,0.0,0.02870458923280239,0.0,0.0,0.006709013134241104,0.11730769276618958,0.12263473123311996,0.11511611193418503,0.12794411182403564,0.23364561796188354,0.37798771262168884,0.2699519693851471,0.044344447553157806,0.00023003289243206382,7.734043174423277e-05,1.6879092072485946e-05,0.00017594778910279274,0.00010969661525450647,2.4827508241287433e-05,9.096002031583339e-07,1.9803048417088576e-05,0.0004057084152009338,0.00017565138114150614,6.331881013466045e-05,0.0006117955199442804,0.115704745054245,0.1924702227115631,0.47711554169654846,-0.010456944815814495,-0.5534180402755737,3.3391289710998535,0.11694248765707016,0.3612401485443115,0.3308980166912079,0.250507116317749,0.31778210401535034,0.2715606689453125,0.2697511911392212,0.29752102494239807,0.34332066774368286,0.2775683104991913,0.2738838493824005
413,0.08511899411678314,0.0,0.0,0.0,0.207771435379982,0.0,0.0,0.5079274773597717,0.0,0.0,0.0,0.0,0.1559489518404007,0.0,0.0,0.0,0.03885965049266815,0.0,0.0,0.004373494535684586,0.23331418633460999,0.0,0.0,0.0,0.38684406876564026,0.0,0.0,0.23826061189174652,0.0,0.0,0.0,0.0,0.10388575494289398,0.0,0.0,0.0,0.0298449769616127,0.0,0.0,0.007850410416722298,0.1884615421295166,0.10950099676847458,0.12289388477802277,0.1381237506866455,0.4068560302257538,0.2786262035369873,0.2999873459339142,0.059346605092287064,0.00025682986597530544,7.46001533116214e-05,1.7040918464772403e-05,0.00021150617976672947,0.0001108053038478829,2.4127006327034906e-05,9.172005093205371e-07,2.1092213501106016e-05,0.0004878296167589724,0.00016738299746066332,6.460842269007117e-05,0.0006337952800095081,0.12237172573804855,0.19917534291744232,0.41657811403274536,0.001734232995659113,-0.4660469889640808,3.2170069217681885,0.144280806183815,0.3481411039829254,0.28849107027053833,0.22126300632953644,0.273979127407074,0.26478061079978943,0.3279911279678345,0.2895549237728119,0.3484535217285156,0.23148852586746216,0.2855435311794281
414,0.04985717684030533,0.0,0.0,0.0,0.18793849647045135,0.0,0.0,0.29342392086982727,0.0,0.0,0.0,0.0,0.21662788093090057,0.0,0.0,0.0,0.2432849407196045,0.0,0.0,0.008867589756846428,0.2072928100824356,0.0,0.0,0.0,0.35639718174934387,0.0,0.0,0.2501322031021118,0.0,0.0,0.0,0.0,0.13258494436740875,0.0,0.0,0.0,0.044111765921115875,0.0,0.0,0.009481090120971203,0.30192306637763977,0.1679840385913849,0.15956804156303406,0.21656686067581177,0.5921627283096313,0.45057401061058044,0.454740971326828,0.4829989969730377,0.00044851319398730993,0.0001068896017386578,2.003864574362524e-05,0.00026363623328506947,0.00020413043966982514,3.3335476473439485e-05,9.90567059488967e-07,2.272107121825684e-05,0.0008362202206626534,0.0002546121249906719,8.116462413454428e-05,0.0009340918040834367,0.16089126467704773,0.46876826882362366,0.6164253950119019,0.07158035784959793,-0.2930552363395691,2.8906867504119873,0.1494249850511551,0.40804991126060486,0.2643406391143799,0.27659979462623596,0.3127199411392212,0.3056526482105255,0.2951490879058838,0.36208805441856384,0.31914055347442627,0.2437407225370407,0.28049445152282715
415,0.08668842166662216,0.0,0.0,0.0,0.3045441210269928,0.0,0.0,0.3345462381839752,0.0,0.0,0.0,0.0,0.19919154047966003,0.0,0.0,0.0,0.06784499436616898,0.0,0.0,0.007184672635048628,0.2211478352546692,0.0,0.0,0.0,0.37363192439079285,0.0,0.0,0.24543167650699615,0.0,0.0,0.0,0.0,0.1157737597823143,0.0,0.0,0.0,0.03556405007839203,0.0,0.0,0.008450756780803204,0.29230770468711853,0.14766466617584229,0.13671161234378815,0.18343313038349152,0.6014224290847778,0.35164690017700195,0.3521272838115692,0.16603907942771912,0.00046926288632676005,9.894375398289412e-05,1.874662484624423e-05,0.0002534033847041428,0.00021860784909222275,3.3232376154046506e-05,9.7148790700885e-07,2.279439286212437e-05,0.000861670239828527,0.00022363761672750115,7.26138532627374e-05,0.0009254987817257643,0.13807877898216248,0.2742110788822174,0.6016652584075928,0.02617945708334446,-0.3334830403327942,3.0477662086486816,0.20835864543914795,0.4096938371658325,0.24330392479896545,0.27166104316711426,0.31608346104621887,0.2307717651128769,0.34118449687957764,0.3877526819705963,0.3752988874912262,0.24431420862674713,0.2526007890701294
416,0.09412718564271927,0.0,0.0,0.0,0.29249098896980286,0.0,0.0,0.31940576434135437,0.0,0.0,0.0,0.0,0.21173985302448273,0.0,0.0,0.0,0.07202858477830887,0.0,0.0,0.010207557119429111,0.22721099853515625,0.0,0.0,0.0,0.3810478448867798,0.0,0.0,0.23938588798046112,0.0,0.0,0.0,0.0,0.1092546358704567,0.0,0.0,0.0,0.034924980252981186,0.0,0.0,0.008175645023584366,0.20384615659713745,0.15277445316314697,0.12986767292022705,0.16327345371246338,0.48126041889190674,0.4090926945209503,0.3517061471939087,0.18318268656730652,0.00029243738390505314,8.909698226489127e-05,1.7622254745219834e-05,0.0002004623820539564,0.0001236374955624342,2.906221016019117e-05,9.519986861050711e-07,2.1356659999582916e-05,0.0005816722987219691,0.00019709038315340877,6.47366396151483e-05,0.0006122594932094216,0.13167625665664673,0.2939668297767639,0.4879552125930786,0.011904760263860226,-0.48776206374168396,3.175276041030884,0.21161948144435883,0.33106479048728943,0.19215373694896698,0.20189420878887177,0.2890315353870392,0.2768000364303589,0.26487940549850464,0.3446025848388672,0.4009997844696045,0.2526102364063263,0.30638986825942993
417,0.06901156902313232,0.0,0.0,0.0,0.2714250087738037,0.0,0.0,0.3402406871318817,0.0,0.0,0.0,0.0,0.22818203270435333,0.0,0.0,0.0,0.07726308703422546,0.0,0.0,0.013877603225409985,0.21911807358264923,0.0,0.0,0.0,0.3727734386920929,0.0,0.0,0.24591462314128876,0.0,0.0,0.0,0.0,0.1167849525809288,0.0,0.0,0.0,0.037154942750930786,0.0,0.0,0.008253970183432102,0.16346153616905212,0.18930140137672424,0.13637952506542206,0.1952095776796341,0.5569390058517456,0.545070469379425,0.37611818313598633,0.1896001100540161,0.0002976128598675132,0.00010752097296062857,1.885374149424024e-05,0.00023331372358370572,0.00011077325325459242,3.4868065995397046e-05,9.528942541692231e-07,2.1596944861812517e-05,0.0005758018232882023,0.00023193538072519004,7.024823571555316e-05,0.0007544229156337678,0.14017120003700256,0.3193131983280182,0.5848701000213623,0.03675930202007294,-0.3160816729068756,3.032921314239502,0.22367054224014282,0.29497164487838745,0.27752041816711426,0.20593242347240448,0.24457867443561554,0.3253248929977417,0.25236061215400696,0.37158721685409546,0.4523616135120392,0.27277645468711853,0.287522554397583
418,0.059473149478435516,0.0,0.0,0.0,0.1372082233428955,0.0,0.0,0.25345578789711,0.0,0.0,0.0,0.0,0.40879690647125244,0.0,0.0,0.0,0.12873251736164093,0.0,0.0,0.01233343593776226,0.20355232059955597,0.0,0.0,0.0,0.3527785539627075,0.0,0.0,0.25070449709892273,0.0,0.0,0.0,0.0,0.1343148946762085,0.0,0.0,0.0,0.04848068580031395,0.0,0.0,0.010169027373194695,0.17307692766189575,0.19205589592456818,0.16423721611499786,0.24371257424354553,0.5781620740890503,0.47256630659103394,0.49371278285980225,0.6037620902061462,0.00028934923466295004,0.00010555077460594475,2.091862916131504e-05,0.00025024072965607047,0.00011806465045083314,3.303810808574781e-05,9.941695680026896e-07,2.0878178474958986e-05,0.0005543167935684323,0.0002393111353740096,8.128515764838085e-05,0.0008344087400473654,0.16678807139396667,0.5498521327972412,0.542170524597168,0.08993551880121231,-0.2408246546983719,2.891443967819214,0.22987955808639526,0.2662438750267029,0.3544762134552002,0.21376658976078033,0.23057760298252106,0.39011189341545105,0.23053748905658722,0.40252119302749634,0.3828437626361847,0.3441748321056366,0.2576148509979248
419,0.06727390736341476,0.0,0.0,0.0,0.19291554391384125,0.0,0.0,0.3303825855255127,0.0,0.0,0.0,0.0,0.2850407660007477,0.0,0.0,0.0,0.11648529022932053,0.0,0.0,0.007901922799646854,0.22005610167980194,0.0,0.0,0.0,0.3739286959171295,0.0,0.0,0.2417280673980713,0.0,0.0,0.0,0.0,0.11762290447950363,0.0,0.0,0.0,0.03820643946528435,0.0,0.0,0.008457811549305916,0.11730769276618958,0.1388023942708969,0.14152559638023376,0.1970059871673584,0.34183597564697266,0.37163811922073364,0.3787989914417267,0.43879199028015137,0.0002923748688772321,8.557378896512091e-05,1.992144279938657e-05,0.00023292892728932202,0.00012499351578298956,2.7776888600783423e-05,1.0331978046451695e-06,2.1543006369029172e-05,0.0005396910128183663,0.0001941024383995682,7.523222302552313e-05,0.000860168132930994,0.14198292791843414,0.40941712260246277,0.596953272819519,0.037415605038404465,-0.4547458291053772,3.0221927165985107,0.258358359336853,0.24725674092769623,0.3535519242286682,0.19202476739883423,0.31288033723831177,0.43551304936408997,0.2948205769062042,0.35011717677116394,0.4450089633464813,0.34300094842910767,0.20352968573570251
420,0.0944434255361557,0.0,0.0,0.0,0.2608187198638916,0.0,0.0,0.3890438377857208,0.0,0.0,0.0,0.0,0.1979275494813919,0.0,0.0,0.0,0.050913006067276,0.0,0.0,0.006853415165096521,0.22546331584453583,0.0,0.0,0.0,0.37942346930503845,0.0,0.0,0.24237997829914093,0.0,0.0,0.0,0.0,0.11084561794996262,0.0,0.0,0.0,0.03395413979887962,0.0,0.0,0.007933461107313633,0.11346153914928436,0.13648702204227448,0.13129588961601257,0.1650698482990265,0.3054831326007843,0.34596097469329834,0.3490825593471527,0.14386115968227386,0.00026791676646098495,8.205676567740738e-05,1.9161019736202434e-05,0.00023651824449189007,9.290393063565716e-05,2.6878566131927073e-05,1.013101609714795e-06,2.133060115738772e-05,0.0004754385445266962,0.00018880590505432338,7.148800068534911e-05,0.0008658302831463516,0.13196854293346405,0.2556852698326111,0.4511786103248596,0.009561566635966301,-0.42737728357315063,3.1158900260925293,0.2211906909942627,0.28067344427108765,0.3384650945663452,0.21297332644462585,0.28578200936317444,0.39280420541763306,0.2941415309906006,0.3654690682888031,0.3774438202381134,0.3471757769584656,0.17436061799526215
421,0.10227139294147491,0.0,0.0,0.0,0.2557682693004608,0.0,0.0,0.3566609025001526,0.0,0.0,0.0,0.0,0.2069793939590454,0.0,0.0,0.0,0.07043233513832092,0.0,0.0,0.007887662388384342,0.23556679487228394,0.0,0.0,0.0,0.3867340385913849,0.0,0.0,0.23438507318496704,0.0,0.0,0.0,0.0,0.10243435949087143,0.0,0.0,0.0,0.03314479440450668,0.0,0.0,0.007734949234873056,0.14423076808452606,0.10902195423841476,0.1241598054766655,0.16546905040740967,0.27784281969070435,0.24275816977024078,0.33140236139297485,0.24953818321228027,0.00024501761072315276,7.587704749312252e-05,1.833918759075459e-05,0.00019405302009545267,0.00012176698510302231,2.4847968234098516e-05,1.0104602097271709e-06,2.0775140001205727e-05,0.00047332694521173835,0.0001699663553154096,6.627420953009278e-05,0.000575176440179348,0.12378445267677307,0.28529083728790283,0.541908860206604,-0.010340447537600994,-0.6695972084999084,3.273665189743042,0.20862355828285217,0.23222602903842926,0.33660149574279785,0.24178218841552734,0.2919529676437378,0.3465394079685211,0.328191339969635,0.3046651780605316,0.3781968057155609,0.4139299690723419,0.1991146206855774
422,0.03895055502653122,0.0,0.0,0.0,0.1302093267440796,0.0,0.0,0.3163178563117981,0.0,0.0,0.0,0.0,0.34843161702156067,0.0,0.0,0.0,0.14903974533081055,0.0,0.0,0.017050907015800476,0.2076212614774704,0.0,0.0,0.0,0.3552463948726654,0.0,0.0,0.24869048595428467,0.0,0.0,0.0,0.0,0.13014338910579681,0.0,0.0,0.0,0.048730235546827316,0.0,0.0,0.009568220935761929,0.20000000298023224,0.16558882594108582,0.1612284779548645,0.265069842338562,0.4559205174446106,0.43879225850105286,0.49095219373703003,0.5513543486595154,0.0003359098336659372,9.546573710395023e-05,2.101049540215172e-05,0.0002788091660477221,0.00017806992400437593,3.054477201658301e-05,1.0223469644188299e-06,2.3662918465561233e-05,0.0005893104826100171,0.00023119361139833927,8.194713882403448e-05,0.001130307326093316,0.1627354621887207,0.5145123600959778,0.6440562605857849,0.0859745666384697,-0.6705993413925171,2.966113567352295,0.23562033474445343,0.2970298230648041,0.35468199849128723,0.2651110887527466,0.34840312600135803,0.2727345824241638,0.3135293126106262,0.28553980588912964,0.42319825291633606,0.47971415519714355,0.2040484994649887
423,0.04499852657318115,0.0,0.0,0.0,0.15082070231437683,0.0,0.0,0.3141992688179016,0.0,0.0,0.0,0.0,0.39358896017074585,0.0,0.0,0.0,0.08791650086641312,0.0,0.0,0.008476042188704014,0.20874975621700287,0.0,0.0,0.0,0.3603821396827698,0.0,0.0,0.25234541296958923,0.0,0.0,0.0,0.0,0.12839587032794952,0.0,0.0,0.0,0.042386677116155624,0.0,0.0,0.007740129251033068,0.2192307710647583,0.14083832502365112,0.15354058146476746,0.26227542757987976,0.4572531580924988,0.35468733310699463,0.4217626750469208,0.566928505897522,0.0002826932759489864,9.130571561399847e-05,2.040557774307672e-05,0.0002639165031723678,0.00014545302838087082,2.831396705005318e-05,9.861109901976306e-07,2.556130857556127e-05,0.0004987866268493235,0.00020446650160010904,7.882330100983381e-05,0.0009563318453729153,0.15414540469646454,0.4899712800979614,0.6682214140892029,0.04934108629822731,-0.7285546064376831,2.9995534420013428,0.2666395604610443,0.3136698305606842,0.41914138197898865,0.30894580483436584,0.32743072509765625,0.26866257190704346,0.22857968509197235,0.26137444376945496,0.3987485468387604,0.46723103523254395,0.18084999918937683
424,0.05022239685058594,0.0,0.0,0.0,0.18769821524620056,0.0,0.0,0.32935237884521484,0.0,0.0,0.0,0.0,0.36661121249198914,0.0,0.0,0.0,0.059799034148454666,0.0,0.0,0.006316754501312971,0.21491871774196625,0.0,0.0,0.0,0.372266560792923,0.0,0.0,0.2506355047225952,0.0,0.0,0.0,0.0,0.11823458224534988,0.0,0.0,0.0,0.03718124330043793,0.0,0.0,0.006763401906937361,0.08269231021404266,0.11880239844322205,0.14031460881233215,0.227544903755188,0.20633342862129211,0.25543251633644104,0.37083378434181213,0.5064468383789062,0.00019060316844843328,8.858405635692179e-05,1.9506842363625765e-05,0.00021129223750904202,9.115620923694223e-05,2.9749035093118437e-05,9.526459621156391e-07,2.220466558355838e-05,0.00036921128048561513,0.00018989000818692148,7.322414603549987e-05,0.0007913148729130626,0.1400088220834732,0.4327172040939331,0.48734429478645325,0.04409448429942131,-0.7166686058044434,3.1491599082946777,0.31756022572517395,0.26924610137939453,0.41967496275901794,0.22600580751895905,0.3072323501110077,0.25683149695396423,0.23021632432937622,0.28199276328086853,0.4918559193611145,0.43508243560791016,0.1786099672317505
425,0.07498060166835785,0.0,0.0,0.0,0.2041459083557129,0.0,0.0,0.33612942695617676,0.0,0.0,0.0,0.0,0.2877308130264282,0.0,0.0,0.0,0.08210251480340958,0.0,0.0,0.014910751022398472,0.22512201964855194,0.0,0.0,0.0,0.3757445216178894,0.0,0.0,0.24044767022132874,0.0,0.0,0.0,0.0,0.11214978247880936,0.0,0.0,0.0,0.038408197462558746,0.0,0.0,0.008127808570861816,0.06923077255487442,0.1735728532075882,0.1341623067855835,0.18443113565444946,0.2374565452337265,0.36860132217407227,0.3875197172164917,0.391403466463089,0.00026508845621719956,0.00012411749048624188,1.9644363419502042e-05,0.00022206635912880301,0.00011055673530790955,3.970501711592078e-05,9.639145446271868e-07,2.1619722247123718e-05,0.0004856261657550931,0.00027470465283840895,7.48146339901723e-05,0.0007613171474076807,0.13695834577083588,0.3847331404685974,0.6022261381149292,0.03430278226733208,-0.5330567359924316,3.029541492462158,0.32666027545928955,0.26565054059028625,0.49472516775131226,0.21138343214988708,0.2689574658870697,0.2576916515827179,0.2357291877269745,0.2822261154651642,0.49763959646224976,0.34633928537368774,0.21944376826286316
426,0.09790756553411484,0.0,0.0,0.0,0.2829291522502899,0.0,0.0,0.3827308416366577,0.0,0.0,0.0,0.0,0.18067878484725952,0.0,0.0,0.0,0.0514308325946331,0.0,0.0,0.004322888795286417,0.23451417684555054,0.0,0.0,0.0,0.3857761025428772,0.0,0.0,0.2380889654159546,0.0,0.0,0.0,0.0,0.10302647203207016,0.0,0.0,0.0,0.03217846900224686,0.0,0.0,0.006415804382413626,0.10192307829856873,0.1425548940896988,0.12049688398838043,0.1610778421163559,0.2195943295955658,0.28195127844810486,0.26266953349113464,0.18600289523601532,0.00034224530099891126,0.0001094181789085269,1.8919818103313446e-05,0.00018538552103564143,0.00013441912597045302,3.4367283660685644e-05,1.0454507446411299e-06,2.205167584179435e-05,0.0006405806634575129,0.0002492812927812338,6.929654045961797e-05,0.0006037904531694949,0.12222789973020554,0.2364242970943451,0.5120482444763184,-0.006080275401473045,-0.5792561769485474,3.138763427734375,0.32425400614738464,0.2381877452135086,0.4429893493652344,0.20461323857307434,0.21316419541835785,0.23732566833496094,0.298678994178772,0.31480151414871216,0.5108739137649536,0.36703288555145264,0.2313225120306015
427,0.0806243047118187,0.0,0.0,0.0,0.23733995854854584,0.0,0.0,0.29194900393486023,0.0,0.0,0.0,0.0,0.33970242738723755,0.0,0.0,0.0,0.042813435196876526,0.0,0.0,0.0075708599761128426,0.23214170336723328,0.0,0.0,0.0,0.38827475905418396,0.0,0.0,0.23843498528003693,0.0,0.0,0.0,0.0,0.10250978171825409,0.0,0.0,0.0,0.032025571912527084,0.0,0.0,0.006613187491893768,0.11153846234083176,0.11688622832298279,0.12145818024873734,0.17465069890022278,0.22020643949508667,0.3123153746128082,0.269109308719635,0.5321729183197021,0.0002867541916202754,9.494158439338207e-05,2.004826455959119e-05,0.0001948116987477988,0.00011265389184700325,3.050215309485793e-05,1.0286266842740588e-06,2.161355223506689e-05,0.0005178825813345611,0.00021669254056178033,7.29489911464043e-05,0.0005935993394814432,0.12179874628782272,0.39007484912872314,0.4878006875514984,-0.006007515359669924,-0.621033787727356,3.092242479324341,0.24475455284118652,0.2653172016143799,0.35226577520370483,0.19835428893566132,0.254778116941452,0.3085479438304901,0.33453476428985596,0.3507591187953949,0.5078887939453125,0.3039507269859314,0.29780295491218567
428,0.0874115452170372,0.0,0.0,0.0,0.3112567067146301,0.0,0.0,0.37056127190589905,0.0,0.0,0.0,0.0,0.17982064187526703,0.0,0.0,0.0,0.04554840177297592,0.0,0.0,0.005401489324867725,0.2294190376996994,0.0,0.0,0.0,0.38022419810295105,0.0,0.0,0.2406618744134903,0.0,0.0,0.0,0.0,0.10805710405111313,0.0,0.0,0.0,0.03454310819506645,0.0,0.0,0.007094657979905605,0.26730769872665405,0.13237525522708893,0.12823720276355743,0.17325349152088165,0.44160425662994385,0.3263397812843323,0.32174909114837646,0.1372288465499878,0.00033266341779381037,9.278341167373583e-05,1.99284349946538e-05,0.00025402160827070475,0.0001721155276754871,2.962228245451115e-05,1.0292937986378092e-06,2.6793703000294045e-05,0.0005711102276109159,0.00021527930221054703,7.301755249500275e-05,0.0008478976087644696,0.12916859984397888,0.23076269030570984,0.4510699212551117,0.021321671083569527,-0.5351966619491577,3.092747926712036,0.25383126735687256,0.25978171825408936,0.21216662228107452,0.256636381149292,0.2647014260292053,0.2612852156162262,0.31166550517082214,0.4278946816921234,0.47558996081352234,0.29973509907722473,0.35794487595558167
429,0.0702909380197525,0.0,0.0,0.0,0.2004089653491974,0.0,0.0,0.253342866897583,0.0,0.0,0.0,0.0,0.21993598341941833,0.0,0.0,0.0,0.15904447436332703,0.0,0.0,0.09697680920362473,0.22419999539852142,0.0,0.0,0.0,0.3752375841140747,0.0,0.0,0.23850233852863312,0.0,0.0,0.0,0.0,0.11314176023006439,0.0,0.0,0.0,0.040205180644989014,0.0,0.0,0.008713138289749622,0.3346153795719147,0.19205589592456818,0.135528102517128,0.20299400389194489,0.5371659398078918,0.511989951133728,0.377935528755188,0.5231084823608398,0.0004155546776019037,0.00010690994531614706,1.9839548258460127e-05,0.0003012822417076677,0.00021619719336740673,3.3062540751416236e-05,1.0055421171273338e-06,2.8057027520844713e-05,0.0006715769995935261,0.00025804011966101825,7.490377174690366e-05,0.0010683841537684202,0.13983716070652008,0.4759432077407837,0.5973404049873352,0.06564244627952576,-0.4697541296482086,3.059861898422241,0.23521509766578674,0.2789098024368286,0.2814416289329529,0.3398500978946686,0.24052298069000244,0.2794908583164215,0.2653629779815674,0.4142794609069824,0.5055776238441467,0.30239078402519226,0.33578404784202576
430,0.08380305767059326,0.0,0.0,0.0,0.26184773445129395,0.0,0.0,0.3133373260498047,0.0,0.0,0.0,0.0,0.2578355073928833,0.0,0.0,0.0,0.07284580171108246,0.0,0.0,0.010330568067729473,0.23341131210327148,0.0,0.0,0.0,0.38552069664001465,0.0,0.0,0.23578016459941864,0.0,0.0,0.0,0.0,0.10423758625984192,0.0,0.0,0.0,0.03397596254944801,0.0,0.0,0.007074292283505201,0.26153847575187683,0.17632734775543213,0.12124095112085342,0.18443113565444946,0.4252648651599884,0.4828483760356903,0.3194617033004761,0.29669687151908875,0.0003394220839254558,9.267954010283574e-05,1.7872074749902822e-05,0.00025009620003402233,0.00016130442963913083,2.8741060305037536e-05,9.811080872168532e-07,2.476180816302076e-05,0.0005491409101523459,0.00022219165111891925,6.580412446055561e-05,0.0008545335149392486,0.1253456473350525,0.3410002589225769,0.5169298052787781,0.033188704401254654,-0.605904757976532,3.252397298812866,0.26350972056388855,0.31957191228866577,0.2724829316139221,0.31015974283218384,0.2280694544315338,0.2602808177471161,0.24551503360271454,0.43320974707603455,0.4738292694091797,0.2255360633134842,0.2810549736022949
431,0.13901972770690918,0.0,0.0,0.0,0.31637004017829895,0.0,0.0,0.31190651655197144,0.0,0.0,0.0,0.0,0.18648478388786316,0.0,0.0,0.0,0.040164921432733536,0.0,0.0,0.006053983233869076,0.2464456409215927,0.0,0.0,0.0,0.3947056233882904,0.0,0.0,0.23147523403167725,0.0,0.0,0.0,0.0,0.09333713352680206,0.0,0.0,0.0,0.02738882414996624,0.0,0.0,0.006647537928074598,0.13076923787593842,0.11237525194883347,0.10917353630065918,0.1514970064163208,0.2702835202217102,0.303352952003479,0.23939360678195953,0.20262682437896729,0.00025377405108883977,8.230151433963329e-05,1.787527980923187e-05,0.0002206385397585109,0.00012466531188692898,2.6915080525213853e-05,1.0264644743074314e-06,2.3197950213216245e-05,0.00042051615309901536,0.00017810561985243112,6.412842776626348e-05,0.0006765626603737473,0.10987751930952072,0.23269447684288025,0.5003802180290222,-0.019409528002142906,-0.6734378933906555,3.3911449909210205,0.2451828271150589,0.3128580152988434,0.2757242023944855,0.2808300256729126,0.24001005291938782,0.277802973985672,0.2802704870700836,0.46697112917900085,0.42196914553642273,0.2747174799442291,0.21606673300266266
432,0.08445800095796585,0.0,0.0,0.0,0.22793270647525787,0.0,0.0,0.2094319462776184,0.0,0.0,0.0,0.0,0.233845517039299,0.0,0.0,0.0,0.1925770491361618,0.0,0.0,0.05175476148724556,0.23391355574131012,0.0,0.0,0.0,0.38361188769340515,0.0,0.0,0.23878277838230133,0.0,0.0,0.0,0.0,0.1030898466706276,0.0,0.0,0.0,0.032761719077825546,0.0,0.0,0.007840227335691452,0.14038461446762085,0.10874251276254654,0.12413234263658524,0.1858283430337906,0.28554877638816833,0.1951071321964264,0.30904489755630493,0.6340518593788147,0.00026871426962316036,9.787105955183506e-05,1.9794471882050857e-05,0.00023626537586096674,0.00011907012958545238,3.186406320310198e-05,1.0446217402204638e-06,2.2435790015151724e-05,0.000552530400454998,0.00021439138799905777,7.468559488188475e-05,0.0008016824722290039,0.12397467344999313,0.4781629145145416,0.5859888195991516,0.017210759222507477,-0.5608712434768677,3.1059720516204834,0.23432877659797668,0.3643565773963928,0.3400322198867798,0.2590808868408203,0.24586842954158783,0.26018574833869934,0.28987470269203186,0.37485092878341675,0.5074805021286011,0.2820480465888977,0.2882589101791382
433,0.04632105305790901,0.0,0.0,0.0,0.1353115290403366,0.0,0.0,0.21520423889160156,0.0,0.0,0.0,0.0,0.21902348101139069,0.0,0.0,0.0,0.2726932764053345,0.0,0.0,0.11144645512104034,0.2224232703447342,0.0,0.0,0.0,0.3667837083339691,0.0,0.0,0.24316294491291046,0.0,0.0,0.0,0.0,0.11759834736585617,0.0,0.0,0.0,0.04002484306693077,0.0,0.0,0.010006883181631565,0.23076923191547394,0.17836327850818634,0.1416928917169571,0.20219559967517853,0.47449854016304016,0.30256396532058716,0.396188348531723,0.7908169627189636,0.0003993696882389486,0.0001344287011306733,2.061175473500043e-05,0.00015889224596321583,0.00017830461729317904,4.329734656494111e-05,1.0331303883504006e-06,1.9427021470619366e-05,0.0007654211949557066,0.000289935152977705,8.175560651579872e-05,0.0004847836389672011,0.144634410738945,0.6031481623649597,0.6299179792404175,0.05005912482738495,-0.5550333261489868,2.9971680641174316,0.21507954597473145,0.4448111951351166,0.38575708866119385,0.2540197968482971,0.2866275906562805,0.26336878538131714,0.28846997022628784,0.39499372243881226,0.4519733786582947,0.27327239513397217,0.3170047402381897
434,0.15100380778312683,0.0,0.0,0.0,0.3086785674095154,0.0,0.0,0.3508282005786896,0.0,0.0,0.0,0.0,0.14720308780670166,0.0,0.0,0.0,0.038573455065488815,0.0,0.0,0.003712990088388324,0.2595064640045166,0.0,0.0,0.0,0.4063815474510193,0.0,0.0,0.21859627962112427,0.0,0.0,0.0,0.0,0.08463213592767715,0.0,0.0,0.0,0.024235907942056656,0.0,0.0,0.006647670641541481,0.08269231021404266,0.09992016106843948,0.09940824657678604,0.12255488336086273,0.18353533744812012,0.21017032861709595,0.21775361895561218,0.12958848476409912,0.0002298191684531048,8.116808749036863e-05,1.6323796444339678e-05,0.0001339892332907766,0.00010439017205499113,2.8295333322603256e-05,9.969987786462298e-07,1.872089342214167e-05,0.000407923391321674,0.00017037734505720437,5.658363807015121e-05,0.00035227599437348545,0.09968683868646622,0.18948228657245636,0.38302284479141235,-0.051918040961027145,-0.5677518248558044,3.676278591156006,0.14423096179962158,0.2901592254638672,0.2617441713809967,0.23025935888290405,0.30201491713523865,0.22410638630390167,0.2943477928638458,0.34088459610939026,0.3638661801815033,0.2817426323890686,0.27551743388175964
435,0.13390302658081055,0.0,0.0,0.0,0.2869431674480438,0.0,0.0,0.3910517394542694,0.0,0.0,0.0,0.0,0.1606421321630478,0.0,0.0,0.0,0.025620874017477036,0.0,0.0,0.0018390001496300101,0.24934938549995422,0.0,0.0,0.0,0.40233418345451355,0.0,0.0,0.2292177528142929,0.0,0.0,0.0,0.0,0.08828827738761902,0.0,0.0,0.0,0.024285390973091125,0.0,0.0,0.006525035481899977,0.13461539149284363,0.1015169695019722,0.10253433883190155,0.12395209074020386,0.2659658193588257,0.22029542922973633,0.2194470912218094,0.14278551936149597,0.0002977227559313178,8.036104554776102e-05,1.7000238585751504e-05,0.00017539005784783512,0.0001486470428062603,2.5628702132962644e-05,9.70346036410774e-07,2.0103525457670912e-05,0.0005481379339471459,0.00018373990315012634,6.0517915699165314e-05,0.0005020885728299618,0.10276283323764801,0.18809475004673004,0.5166959166526794,-0.026027293875813484,-0.5966796875,3.4885261058807373,0.17418654263019562,0.21463485062122345,0.24581816792488098,0.2901403605937958,0.37941285967826843,0.2572785019874573,0.34396758675575256,0.35423558950424194,0.3307497203350067,0.3260055184364319,0.25241395831108093
436,0.09222724288702011,0.0,0.0,0.0,0.2682311236858368,0.0,0.0,0.39811667799949646,0.0,0.0,0.0,0.0,0.1970556080341339,0.0,0.0,0.0,0.040313564240932465,0.0,0.0,0.004055727273225784,0.23154723644256592,0.0,0.0,0.0,0.3845142126083374,0.0,0.0,0.24278566241264343,0.0,0.0,0.0,0.0,0.10479341447353363,0.0,0.0,0.0,0.029182806611061096,0.0,0.0,0.007176673039793968,0.14423076808452606,0.13037924468517303,0.12097378820180893,0.1365269422531128,0.29560017585754395,0.33360955119132996,0.3113560080528259,0.1728740930557251,0.0002947243629023433,8.591981168137863e-05,1.858298492152244e-05,0.00020470164599828422,0.00015699294453952461,2.7921500077354722e-05,9.927827022693236e-07,2.240698813693598e-05,0.0005465422873385251,0.00019484059885144234,7.11142347427085e-05,0.0006394052179530263,0.12172915041446686,0.24141629040241241,0.49003180861473083,0.022889701649546623,-0.6140006184577942,3.1317248344421387,0.15635327994823456,0.22279660403728485,0.3079042434692383,0.27737417817115784,0.35512349009513855,0.2937623858451843,0.32855653762817383,0.3838310241699219,0.2968504726886749,0.3386067748069763,0.2378813922405243
437,0.17662611603736877,0.0,0.0,0.0,0.40874287486076355,0.0,0.0,0.26768213510513306,0.0,0.0,0.0,0.0,0.11497863382101059,0.0,0.0,0.0,0.02952241525053978,0.0,0.0,0.002447809325531125,0.24973635375499725,0.0,0.0,0.0,0.40121328830718994,0.0,0.0,0.22921553254127502,0.0,0.0,0.0,0.0,0.08923114091157913,0.0,0.0,0.0,0.023961583152413368,0.0,0.0,0.00664209621027112,0.10000000149011612,0.09421157836914062,0.10375281423330307,0.11576846241950989,0.2350991666316986,0.18684110045433044,0.24114805459976196,0.03656122088432312,0.00022681080736219883,7.815480785211548e-05,1.7272897821385413e-05,0.0002128124178852886,9.413645602762699e-05,2.550354111008346e-05,9.451836149310111e-07,2.0248086002538912e-05,0.000483890064060688,0.00017192364612128586,6.253091851249337e-05,0.0006442514713853598,0.1033334955573082,0.14694248139858246,0.4781189560890198,-0.029574871063232422,-0.5250717997550964,3.5207300186157227,0.09872332960367203,0.28967753052711487,0.3136428892612457,0.2891630530357361,0.29777777194976807,0.3133271336555481,0.3427104651927948,0.3287760019302368,0.3049236238002777,0.3676794171333313,0.25034645199775696
438,0.1900111734867096,0.0,0.0,0.0,0.3314993381500244,0.0,0.0,0.2937474846839905,0.0,0.0,0.0,0.0,0.14277832210063934,0.0,0.0,0.0,0.039500344544649124,0.0,0.0,0.0024632939603179693,0.24336029589176178,0.0,0.0,0.0,0.39655566215515137,0.0,0.0,0.23529015481472015,0.0,0.0,0.0,0.0,0.09219053387641907,0.0,0.0,0.0,0.025716830044984818,0.0,0.0,0.00688651530072093,0.10384615510702133,0.10534930229187012,0.10760299861431122,0.12035927921533585,0.26421108841896057,0.3081330358982086,0.2574204206466675,0.042609911412000656,0.00024643962387926877,7.944807293824852e-05,1.722427441563923e-05,0.0001976536150323227,9.640520147513598e-05,2.6362846256233752e-05,9.307392474511289e-07,1.8646522221388295e-05,0.0004666232271119952,0.00017361594655085355,6.262007082113996e-05,0.0005976581596769392,0.10761576145887375,0.18473516404628754,0.46938395500183105,-0.026016321033239365,-0.6211673617362976,3.4791383743286133,0.13985951244831085,0.3112645447254181,0.34028974175453186,0.276967853307724,0.29714930057525635,0.33341071009635925,0.38840389251708984,0.29116377234458923,0.34455406665802,0.3414321839809418,0.21982645988464355
439,0.16035114228725433,0.0,0.0,0.0,0.3249722123146057,0.0,0.0,0.3103185296058655,0.0,0.0,0.0,0.0,0.15954704582691193,0.0,0.0,0.0,0.04094447195529938,0.0,0.0,0.0038666464388370514,0.24001151323318481,0.0,0.0,0.0,0.3931163251399994,0.0,0.0,0.23703661561012268,0.0,0.0,0.0,0.0,0.09586097300052643,0.0,0.0,0.0,0.026747144758701324,0.0,0.0,0.007227431517094374,0.13461539149284363,0.133892223238945,0.11034706979990005,0.13013972342014313,0.3870617747306824,0.3185887932777405,0.25637102127075195,0.054112549871206284,0.00023447914281859994,8.554432133678347e-05,1.712603261694312e-05,0.00018799715326167643,0.00010998158541042358,2.750647036009468e-05,9.163201752926398e-07,1.97212903003674e-05,0.00045349649735726416,0.00018615741282701492,5.99750637775287e-05,0.0005492831114679575,0.11197458207607269,0.20435112714767456,0.4833000600337982,-0.03114468790590763,-0.5885438919067383,3.4791555404663086,0.19843164086341858,0.29584211111068726,0.3673970103263855,0.2101350724697113,0.2948344647884369,0.3043016493320465,0.4125806987285614,0.26291322708129883,0.32724788784980774,0.33118483424186707,0.21338869631290436
440,0.16620661318302155,0.0,0.0,0.0,0.33505380153656006,0.0,0.0,0.2978822886943817,0.0,0.0,0.0,0.0,0.16717156767845154,0.0,0.0,0.0,0.03154992684721947,0.0,0.0,0.0021357061341404915,0.24924945831298828,0.0,0.0,0.0,0.39846071600914,0.0,0.0,0.22974593937397003,0.0,0.0,0.0,0.0,0.08956817537546158,0.0,0.0,0.0,0.025532109662890434,0.0,0.0,0.007443614769726992,0.11730769276618958,0.10526946187019348,0.10528090596199036,0.13772454857826233,0.2930107116699219,0.224100261926651,0.21881599724292755,0.16541460156440735,0.00027766311541199684,7.750211807433516e-05,1.6511396097484976e-05,0.0001885586534626782,0.00012685437104664743,2.5216801077476703e-05,8.910274118534289e-07,2.0080078684259206e-05,0.0005193452816456556,0.00017023166583385319,5.765364767285064e-05,0.0005711548728868365,0.10567180812358856,0.2008490413427353,0.4939018189907074,-0.05027667433023453,-0.5618615746498108,3.61039662361145,0.2639065980911255,0.3273909091949463,0.40072476863861084,0.19694308936595917,0.28088143467903137,0.31993618607521057,0.4683811366558075,0.23648186028003693,0.3235069215297699,0.3177582919597626,0.1972600668668747
441,0.18747578561306,0.0,0.0,0.0,0.3886348307132721,0.0,0.0,0.26981034874916077,0.0,0.0,0.0,0.0,0.12005715072154999,0.0,0.0,0.0,0.030762329697608948,0.0,0.0,0.00325957708992064,0.2521148920059204,0.0,0.0,0.0,0.4040766954421997,0.0,0.0,0.2228952795267105,0.0,0.0,0.0,0.0,0.0883742943406105,0.0,0.0,0.0,0.025192927569150925,0.0,0.0,0.007345919962972403,0.10384615510702133,0.10179641097784042,0.10418727248907089,0.12395209074020386,0.31959980726242065,0.22070471942424774,0.22247689962387085,0.0353257954120636,0.000264357659034431,8.053413330344483e-05,1.690178396529518e-05,0.00017114242655225098,0.00010836600267793983,2.6480542146600783e-05,9.090297226066468e-07,1.8869079212890938e-05,0.0004965309053659439,0.00018566296785138547,6.033177487552166e-05,0.0005613687681034207,0.10427763313055038,0.1540730744600296,0.5046312808990479,-0.0499059334397316,-0.5130174160003662,3.581340789794922,0.24439875781536102,0.3662266731262207,0.43013060092926025,0.2579350471496582,0.227643683552742,0.3922589123249054,0.43100211024284363,0.21764416992664337,0.37697961926460266,0.3557033836841583,0.23911242187023163
442,0.10788008570671082,0.0,0.0,0.0,0.2460223138332367,0.0,0.0,0.37687328457832336,0.0,0.0,0.0,0.0,0.21334809064865112,0.0,0.0,0.0,0.050364259630441666,0.0,0.0,0.005511957220733166,0.23867885768413544,0.0,0.0,0.0,0.39055195450782776,0.0,0.0,0.2315232753753662,0.0,0.0,0.0,0.0,0.10015387088060379,0.0,0.0,0.0,0.030195998027920723,0.0,0.0,0.008896050043404102,0.13653846085071564,0.12463074177503586,0.11938826739788055,0.15069860219955444,0.3271127939224243,0.27964213490486145,0.3010982871055603,0.22856949269771576,0.0003020590520463884,9.209974814439192e-05,1.7415171896573156e-05,0.00021334073971956968,0.0001418274623574689,2.9194734452175908e-05,9.404303114024515e-07,1.8806147636496462e-05,0.000615358876530081,0.00022627806174568832,6.50647998554632e-05,0.0006783866556361318,0.12007748335599899,0.26921504735946655,0.5398380756378174,-0.0150583041831851,-0.5086624622344971,3.256984233856201,0.24901306629180908,0.36159682273864746,0.3733230531215668,0.2717016935348511,0.21153871715068817,0.3701360523700714,0.451802134513855,0.18497170507907867,0.33110105991363525,0.2966512143611908,0.26152709126472473
443,0.17490345239639282,0.0,0.0,0.0,0.33159956336021423,0.0,0.0,0.32468125224113464,0.0,0.0,0.0,0.0,0.13704901933670044,0.0,0.0,0.0,0.0291834007948637,0.0,0.0,0.002583214547485113,0.25646328926086426,0.0,0.0,0.0,0.4050571322441101,0.0,0.0,0.22108060121536255,0.0,0.0,0.0,0.0,0.08475975692272186,0.0,0.0,0.0,0.024642810225486755,0.0,0.0,0.00799640640616417,0.09807692468166351,0.07980039715766907,0.10211486369371414,0.1399201601743698,0.21706511080265045,0.20628735423088074,0.23142530024051666,0.10141544789075851,0.00028484585345722735,6.940626917639747e-05,1.604219141881913e-05,0.00023559345572721213,0.00013013869465794414,2.2980784706305712e-05,9.032530670083361e-07,2.0847897758358158e-05,0.0005416080821305513,0.0001555260387249291,5.752353899879381e-05,0.0007492211298085749,0.10125267505645752,0.16880877315998077,0.49641087651252747,-0.03482456132769585,-0.5510215759277344,3.581326484680176,0.2509586811065674,0.4062334895133972,0.3100028336048126,0.20426908135414124,0.21115486323833466,0.3670034110546112,0.4165123701095581,0.25520169734954834,0.33515286445617676,0.2821398675441742,0.2174777090549469
444,0.17328806221485138,0.0,0.0,0.0,0.28234606981277466,0.0,0.0,0.29420098662376404,0.0,0.0,0.0,0.0,0.196102112531662,0.0,0.0,0.0,0.04881385713815689,0.0,0.0,0.0052489410154521465,0.24254316091537476,0.0,0.0,0.0,0.39443957805633545,0.0,0.0,0.22941264510154724,0.0,0.0,0.0,0.0,0.09601512551307678,0.0,0.0,0.0,0.029025889933109283,0.0,0.0,0.008563606068491936,0.14807692170143127,0.09149700403213501,0.11605992913246155,0.16447106003761292,0.37467873096466064,0.30193495750427246,0.30877408385276794,0.1709088534116745,0.00033909158082678914,7.342408935073763e-05,1.6730571587686427e-05,0.00021951273083686829,0.0001486957771703601,2.388279972365126e-05,8.825971917758579e-07,2.082376704493072e-05,0.000693227571900934,0.00016533145389985293,6.199331255629659e-05,0.0006997402524575591,0.11523383855819702,0.2501559555530548,0.4452176094055176,-0.005948674865067005,-0.4209457039833069,3.350623846054077,0.27339282631874084,0.37996262311935425,0.31055402755737305,0.1830368936061859,0.2127043604850769,0.32835784554481506,0.4727076590061188,0.23326709866523743,0.3207153379917145,0.26745668053627014,0.2600559890270233
445,0.11941555142402649,0.0,0.0,0.0,0.2534824311733246,0.0,0.0,0.34223315119743347,0.0,0.0,0.0,0.0,0.20126433670520782,0.0,0.0,0.0,0.07796229422092438,0.0,0.0,0.005642299074679613,0.24463137984275818,0.0,0.0,0.0,0.39515164494514465,0.0,0.0,0.22733348608016968,0.0,0.0,0.0,0.0,0.09472967684268951,0.0,0.0,0.0,0.029448388144373894,0.0,0.0,0.008705426938831806,0.2519230842590332,0.11281437426805496,0.11402996629476547,0.15668661892414093,0.5502164959907532,0.3910319209098816,0.2883286476135254,0.2080334573984146,0.00044915854232385755,7.949981954880059e-05,1.623021307750605e-05,0.00019639219681266695,0.00020289173698984087,2.6369105398771353e-05,8.844647254591109e-07,2.0120167391723953e-05,0.000851071032229811,0.00018444097077008337,5.981397407595068e-05,0.0005955875967629254,0.11462142318487167,0.28485891222953796,0.4306688606739044,-0.009652352891862392,-0.6454958915710449,3.4417343139648438,0.23587855696678162,0.347979873418808,0.2657621502876282,0.25653696060180664,0.1879235953092575,0.31661733984947205,0.4626951515674591,0.3278607130050659,0.2883412837982178,0.2812482714653015,0.24155980348587036
446,0.16778871417045593,0.0,0.0,0.0,0.33947989344596863,0.0,0.0,0.25931474566459656,0.0,0.0,0.0,0.0,0.1736535280942917,0.0,0.0,0.0,0.05238290876150131,0.0,0.0,0.007380134426057339,0.24700725078582764,0.0,0.0,0.0,0.39062705636024475,0.0,0.0,0.2289498746395111,0.0,0.0,0.0,0.0,0.09598590433597565,0.0,0.0,0.0,0.029312964528799057,0.0,0.0,0.008116940036416054,0.26153847575187683,0.11217565089464188,0.11472409963607788,0.1423153579235077,0.5100820064544678,0.3488350808620453,0.2780546545982361,0.12389376014471054,0.00042096522520296276,7.76472152210772e-05,1.704679016256705e-05,0.00018928083591163158,0.000191035884199664,2.5826306227827445e-05,9.578629942552652e-07,2.127070001733955e-05,0.0007627008017152548,0.00017737681628204882,6.226439290912822e-05,0.0006008229684084654,0.11507377028465271,0.2334078699350357,0.42584019899368286,-0.012760136276483536,-0.35252460837364197,3.347447633743286,0.25597459077835083,0.32861846685409546,0.22606895864009857,0.21899865567684174,0.1942812204360962,0.30310121178627014,0.38453778624534607,0.4382556676864624,0.30900639295578003,0.2788887917995453,0.22627031803131104
447,0.0690414234995842,0.0,0.0,0.0,0.2506785988807678,0.0,0.0,0.3467993438243866,0.0,0.0,0.0,0.0,0.2530610263347626,0.0,0.0,0.0,0.07300835847854614,0.0,0.0,0.007411207538098097,0.22753450274467468,0.0,0.0,0.0,0.3705843687057495,0.0,0.0,0.24255673587322235,0.0,0.0,0.0,0.0,0.11332786828279495,0.0,0.0,0.0,0.036913320422172546,0.0,0.0,0.009083213284611702,0.22884614765644073,0.13528941571712494,0.13688141107559204,0.1912175565958023,0.4029732048511505,0.3611016273498535,0.4001932740211487,0.2755461633205414,0.0003689654404297471,8.375124889425933e-05,1.911872095661238e-05,0.0002274990256410092,0.00016536428302060813,2.827639582392294e-05,9.409426411366439e-07,2.2243142666411586e-05,0.0007041567587293684,0.00018793725757859647,7.241960702231154e-05,0.0008230475359596312,0.1375313252210617,0.33347007632255554,0.4217514097690582,0.032785844057798386,-0.4633384644985199,3.002723217010498,0.29274386167526245,0.27547770738601685,0.19991618394851685,0.20829327404499054,0.18578198552131653,0.320645809173584,0.3436453938484192,0.4893605709075928,0.3191196620464325,0.2950945794582367,0.25353941321372986
448,0.06023024395108223,0.0,0.0,0.0,0.19187399744987488,0.0,0.0,0.3249126672744751,0.0,0.0,0.0,0.0,0.37214168906211853,0.0,0.0,0.0,0.04678437113761902,0.0,0.0,0.004056988749653101,0.2369629144668579,0.0,0.0,0.0,0.3875378370285034,0.0,0.0,0.23849226534366608,0.0,0.0,0.0,0.0,0.10118961334228516,0.0,0.0,0.0,0.02791261486709118,0.0,0.0,0.007904766127467155,0.13076923787593842,0.11061876267194748,0.11749812960624695,0.21497005224227905,0.3130638599395752,0.25831082463264465,0.30762359499931335,0.5323524475097656,0.0002152872330043465,7.520256622228771e-05,1.8251059373142198e-05,0.00021668136469088495,9.026862971950322e-05,2.506109740352258e-05,8.922515348785964e-07,2.0449409930733964e-05,0.00038954816409386694,0.00016122506349347532,6.744036363670602e-05,0.0007650848710909486,0.11824719607830048,0.42297178506851196,0.4384637176990509,0.010024135001003742,-0.5731031894683838,3.1375370025634766,0.3345518708229065,0.2551362216472626,0.20817430317401886,0.20147623121738434,0.18763770163059235,0.32192835211753845,0.30052125453948975,0.5331237316131592,0.3081856071949005,0.2866787016391754,0.2307957112789154
449,0.0719100683927536,0.0,0.0,0.0,0.24035105109214783,0.0,0.0,0.35834646224975586,0.0,0.0,0.0,0.0,0.29078730940818787,0.0,0.0,0.0,0.03445114195346832,0.0,0.0,0.0041539487428963184,0.23750299215316772,0.0,0.0,0.0,0.3890324831008911,0.0,0.0,0.23813776671886444,0.0,0.0,0.0,0.0,0.10011054575443268,0.0,0.0,0.0,0.027421467006206512,0.0,0.0,0.007794743869453669,0.10576923191547394,0.10211577266454697,0.11689388751983643,0.1764470934867859,0.32663360238075256,0.22975893318653107,0.28991883993148804,0.3806159794330597,0.00020961616246495396,7.873502181610093e-05,1.8314054614165798e-05,0.00025063357315957546,9.38291268539615e-05,2.674531060620211e-05,9.18082662337838e-07,2.457882510498166e-05,0.0003905297489836812,0.00016415877325925976,6.692486931569874e-05,0.0007727910997346044,0.11671383678913116,0.32938387989997864,0.48769617080688477,-0.009784363210201263,-0.5467268824577332,3.1879899501800537,0.2198537439107895,0.32846787571907043,0.31409329175949097,0.20694643259048462,0.2572239339351654,0.28128111362457275,0.24525940418243408,0.4522833526134491,0.3377629220485687,0.2909231185913086,0.24557077884674072
450,0.14678247272968292,0.0,0.0,0.0,0.2287297248840332,0.0,0.0,0.4161670207977295,0.0,0.0,0.0,0.0,0.17591676115989685,0.0,0.0,0.0,0.030225615948438644,0.0,0.0,0.0021783181000500917,0.24092917144298553,0.0,0.0,0.0,0.3927653729915619,0.0,0.0,0.23816357553005219,0.0,0.0,0.0,0.0,0.09656733274459839,0.0,0.0,0.0,0.02445225603878498,0.0,0.0,0.007122277282178402,0.07884615659713745,0.08491017669439316,0.11174532026052475,0.15089820325374603,0.22972628474235535,0.17447218298912048,0.276889830827713,0.15855248272418976,0.0002010333992075175,7.290263602044433e-05,1.7410167856724e-05,0.00023485533893108368,9.699830843601376e-05,2.3880795197328553e-05,9.110289056479814e-07,2.3411632355418988e-05,0.000375571456970647,0.0001580058305989951,6.38694255030714e-05,0.0007393434643745422,0.1106012836098671,0.2083134949207306,0.4302140474319458,-0.010874427855014801,-0.46257519721984863,3.312363862991333,0.23541030287742615,0.3004220724105835,0.2902349829673767,0.22940149903297424,0.3169099986553192,0.2539243996143341,0.2566848695278168,0.49171456694602966,0.337885320186615,0.27943140268325806,0.2528544068336487
451,0.0786605253815651,0.0,0.0,0.0,0.18810182809829712,0.0,0.0,0.2773350179195404,0.0,0.0,0.0,0.0,0.3667010962963104,0.0,0.0,0.0,0.08229425549507141,0.0,0.0,0.006907256320118904,0.22526730597019196,0.0,0.0,0.0,0.37911179661750793,0.0,0.0,0.24717631936073303,0.0,0.0,0.0,0.0,0.11093004047870636,0.0,0.0,0.0,0.029817994683980942,0.0,0.0,0.007696527522057295,0.07307692617177963,0.12283433228731155,0.1276504397392273,0.19181635975837708,0.15581345558166504,0.34294939041137695,0.3566032648086548,0.5647128224372864,0.0001988777075894177,8.096247620414943e-05,1.8095379346050322e-05,0.00021092985116411,8.558081754017621e-05,2.6200146749033593e-05,8.921368248593353e-07,2.2218209778657183e-05,0.000358723133103922,0.0001773942931322381,6.891187513247132e-05,0.0007299011340364814,0.12805047631263733,0.45589086413383484,0.5020151138305664,0.022499948740005493,-0.3934827744960785,3.116180181503296,0.1928476095199585,0.3339478671550751,0.26085665822029114,0.2954632639884949,0.2501365542411804,0.2528655230998993,0.2747052013874054,0.439849317073822,0.29957056045532227,0.288903146982193,0.23167859017848969
452,0.09374262392520905,0.0,0.0,0.0,0.23626241087913513,0.0,0.0,0.34465888142585754,0.0,0.0,0.0,0.0,0.25010740756988525,0.0,0.0,0.0,0.06400096416473389,0.0,0.0,0.011227773502469063,0.23054289817810059,0.0,0.0,0.0,0.38407230377197266,0.0,0.0,0.23985691368579865,0.0,0.0,0.0,0.0,0.10625731199979782,0.0,0.0,0.0,0.030491789802908897,0.0,0.0,0.008778795599937439,0.08653846383094788,0.12734530866146088,0.1248789057135582,0.17145708203315735,0.23022867739200592,0.3526082932949066,0.3553233742713928,0.2812572717666626,0.00018952132086269557,8.146469190251082e-05,1.717380655463785e-05,0.0002024719287874177,7.873891445342451e-05,2.5641615138738416e-05,8.743758144191816e-07,2.1031080905231647e-05,0.0003600091440603137,0.00017823715461418033,6.358254904625937e-05,0.0006663243984803557,0.12551730871200562,0.3253251016139984,0.418906033039093,-0.006064841523766518,-0.45041173696517944,3.157155990600586,0.20034214854240417,0.2944638729095459,0.302442342042923,0.25219157338142395,0.2474084198474884,0.22032727301120758,0.23843219876289368,0.4127953350543976,0.2651517391204834,0.29029014706611633,0.21180486679077148
453,0.18274752795696259,0.0,0.0,0.0,0.32395339012145996,0.0,0.0,0.28594771027565,0.0,0.0,0.0,0.0,0.1511966735124588,0.0,0.0,0.0,0.04872812330722809,0.0,0.0,0.0074265142902731895,0.24137412011623383,0.0,0.0,0.0,0.39456838369369507,0.0,0.0,0.23152288794517517,0.0,0.0,0.0,0.0,0.09660610556602478,0.0,0.0,0.0,0.027357077226042747,0.0,0.0,0.008571436628699303,0.0923076942563057,0.12051896005868912,0.11376529932022095,0.132534921169281,0.1909795105457306,0.2806054651737213,0.29154330492019653,0.052653394639492035,0.00021530530648306012,7.722027658019215e-05,1.585792597325053e-05,0.00017400772776454687,0.00010542431846261024,2.4568460503360257e-05,8.557094588468317e-07,1.941131085914094e-05,0.00036294572055339813,0.0001715198886813596,5.783515371149406e-05,0.000531654164660722,0.11435001343488693,0.20734213292598724,0.46882951259613037,-0.03440118581056595,-0.5497536659240723,3.33095121383667,0.2346281111240387,0.3278932273387909,0.3516678214073181,0.2577482759952545,0.26529306173324585,0.2336881160736084,0.20416921377182007,0.40107300877571106,0.23614810407161713,0.24885763227939606,0.19191448390483856
454,0.2500012516975403,0.0,0.0,0.0,0.32896578311920166,0.0,0.0,0.2305990755558014,0.0,0.0,0.0,0.0,0.14108893275260925,0.0,0.0,0.0,0.0433741994202137,0.0,0.0,0.0059707751497626305,0.24551869928836823,0.0,0.0,0.0,0.398101806640625,0.0,0.0,0.2287146896123886,0.0,0.0,0.0,0.0,0.09333620220422745,0.0,0.0,0.0,0.02586204558610916,0.0,0.0,0.00846653338521719,0.11153846234083176,0.1300998032093048,0.10873658210039139,0.1231536865234375,0.24893395602703094,0.34391966462135315,0.24541014432907104,0.03460194170475006,0.00022299107513390481,8.241529576480389e-05,1.6316666005877778e-05,0.00015590424300171435,0.00010029574332293123,2.6789184630615637e-05,9.010252597363433e-07,1.894364322652109e-05,0.0004335579287726432,0.0001740197913022712,5.754305311711505e-05,0.0004344124754425138,0.11014893651008606,0.19042614102363586,0.5439602732658386,-0.039599377661943436,-0.37125682830810547,3.435011386871338,0.26829269528388977,0.2873523235321045,0.38080963492393494,0.24881063401699066,0.31159454584121704,0.2203127145767212,0.17960141599178314,0.4669283330440521,0.23926854133605957,0.29020893573760986,0.29376453161239624
455,0.16329969465732574,0.0,0.0,0.0,0.37565234303474426,0.0,0.0,0.2662601172924042,0.0,0.0,0.0,0.0,0.14756636321544647,0.0,0.0,0.0,0.043818552047014236,0.0,0.0,0.003402840346097946,0.23192183673381805,0.0,0.0,0.0,0.3881071209907532,0.0,0.0,0.24028918147087097,0.0,0.0,0.0,0.0,0.10297147184610367,0.0,0.0,0.0,0.028334973379969597,0.0,0.0,0.008375425823032856,0.10769230872392654,0.1255888193845749,0.11972285062074661,0.15628741681575775,0.19415606558322906,0.31923815608024597,0.2925758361816406,0.07439137995243073,0.0002138597337761894,8.088581671472639e-05,1.739321305649355e-05,0.00022717611864209175,9.562932973494753e-05,2.6669298677006736e-05,9.223544452652277e-07,2.1469957573572174e-05,0.00037078780587762594,0.0001717981940601021,6.397470133379102e-05,0.0006805041339248419,0.12047415971755981,0.19478030502796173,0.5709558725357056,-0.008026963099837303,-0.40384405851364136,3.2678422927856445,0.2736935317516327,0.36213263869285583,0.3785618841648102,0.3032701313495636,0.32242733240127563,0.2024495005607605,0.16913415491580963,0.47909021377563477,0.3351421654224396,0.269857794046402,0.26871761679649353
456,0.12484905868768692,0.0,0.0,0.0,0.3598952293395996,0.0,0.0,0.3308490216732025,0.0,0.0,0.0,0.0,0.14910535514354706,0.0,0.0,0.0,0.0322745107114315,0.0,0.0,0.003026859601959586,0.24874712526798248,0.0,0.0,0.0,0.39817023277282715,0.0,0.0,0.2281065136194229,0.0,0.0,0.0,0.0,0.09104946255683899,0.0,0.0,0.0,0.025087224319577217,0.0,0.0,0.008839440532028675,0.10384615510702133,0.09820359200239182,0.10790762305259705,0.14530937373638153,0.2517760694026947,0.21851596236228943,0.24460366368293762,0.09392103552818298,0.00022473442368209362,6.93460096954368e-05,1.5678946510888636e-05,0.00020353286527097225,0.00011017896758858114,2.3397329641738907e-05,9.062164281203877e-07,2.0995437807869166e-05,0.0003876342379953712,0.0001527866261312738,5.566848994931206e-05,0.0006161725614219904,0.10777350515127182,0.184398353099823,0.44994056224823,-0.03216266632080078,-0.5628738403320312,3.6043810844421387,0.23070159554481506,0.333151638507843,0.42725902795791626,0.33872172236442566,0.2949240803718567,0.24373634159564972,0.2078743278980255,0.4668440818786621,0.3218030333518982,0.27433672547340393,0.30406221747398376
457,0.05526279658079147,0.0,0.0,0.0,0.22675493359565735,0.0,0.0,0.4162760078907013,0.0,0.0,0.0,0.0,0.20793107151985168,0.0,0.0,0.0,0.07845158129930496,0.0,0.0,0.015323624014854431,0.23032841086387634,0.0,0.0,0.0,0.3770551383495331,0.0,0.0,0.24066227674484253,0.0,0.0,0.0,0.0,0.10893188416957855,0.0,0.0,0.0,0.0329117476940155,0.0,0.0,0.010110548697412014,0.22884614765644073,0.14115768671035767,0.12945318222045898,0.19540917873382568,0.6080037951469421,0.420819491147995,0.35109424591064453,0.19669872522354126,0.0003519740130286664,8.50516080390662e-05,1.7809208657126874e-05,0.00023327817325480282,0.00016784208128228784,2.6558336685411632e-05,9.321637435277808e-07,2.3466884158551693e-05,0.0006356312660500407,0.0002078162069665268,6.733328336849809e-05,0.0007024063379503787,0.13101977109909058,0.30169573426246643,0.614600419998169,0.011853226460516453,-0.6451874375343323,3.2383177280426025,0.2350039780139923,0.322231262922287,0.38515910506248474,0.3338621258735657,0.29859352111816406,0.3225388824939728,0.281985878944397,0.5575371980667114,0.31672340631484985,0.26860737800598145,0.29149723052978516
458,0.08607842028141022,0.0,0.0,0.0,0.160440593957901,0.0,0.0,0.26979172229766846,0.0,0.0,0.0,0.0,0.41094109416007996,0.0,0.0,0.0,0.06450823694467545,0.0,0.0,0.00823991373181343,0.2191224992275238,0.0,0.0,0.0,0.36462923884391785,0.0,0.0,0.2467643916606903,0.0,0.0,0.0,0.0,0.12115830928087234,0.0,0.0,0.0,0.03737158328294754,0.0,0.0,0.010953972116112709,0.1846153885126114,0.16123752295970917,0.14405743777751923,0.2311377227306366,0.35616686940193176,0.42831361293792725,0.4030342400074005,0.557685136795044,0.00034966057864949107,0.00010360231681261212,2.0482717445702292e-05,0.00026632531080394983,0.00017813874001149088,3.187921902281232e-05,9.673055956227472e-07,2.565814611443784e-05,0.0006631661090068519,0.0002510439953766763,8.179349242709577e-05,0.0010504246456548572,0.1461167335510254,0.48367664217948914,0.5347880721092224,0.03488682210445404,-0.6254260540008545,2.9999680519104004,0.3028219938278198,0.29180416464805603,0.4616784155368805,0.32550451159477234,0.2894372344017029,0.28672417998313904,0.29774853587150574,0.6385598182678223,0.393545001745224,0.2889034152030945,0.3032820224761963
459,0.12829890847206116,0.0,0.0,0.0,0.28308483958244324,0.0,0.0,0.2918182909488678,0.0,0.0,0.0,0.0,0.22060233354568481,0.0,0.0,0.0,0.0687250941991806,0.0,0.0,0.007470477372407913,0.22541813552379608,0.0,0.0,0.0,0.3728729486465454,0.0,0.0,0.241452157497406,0.0,0.0,0.0,0.0,0.11376401036977768,0.0,0.0,0.0,0.03614247217774391,0.0,0.0,0.010350256226956844,0.1230769231915474,0.1447904258966446,0.13706368207931519,0.19241516292095184,0.24620623886585236,0.3435431122779846,0.3716364800930023,0.24125748872756958,0.0002500866539776325,9.456514089833945e-05,2.0156750906608067e-05,0.0002665947540663183,0.0001055375614669174,2.939665864687413e-05,9.405506489201798e-07,2.394384500803426e-05,0.0004883002256974578,0.00022164781694300473,7.789037772454321e-05,0.0009816805832087994,0.13813909888267517,0.2967866063117981,0.5796998739242554,0.029695576056838036,-0.571951150894165,2.999936580657959,0.33317309617996216,0.28570207953453064,0.41964876651763916,0.29852059483528137,0.24803033471107483,0.2700945734977722,0.28417548537254333,0.6368736624717712,0.3550000488758087,0.26583629846572876,0.28276151418685913
460,0.22617658972740173,0.0,0.0,0.0,0.3843892812728882,0.0,0.0,0.24331945180892944,0.0,0.0,0.0,0.0,0.11778773367404938,0.0,0.0,0.0,0.026201944798231125,0.0,0.0,0.0021249668207019567,0.2609356641769409,0.0,0.0,0.0,0.40384626388549805,0.0,0.0,0.21894225478172302,0.0,0.0,0.0,0.0,0.08405143767595291,0.0,0.0,0.0,0.02371751144528389,0.0,0.0,0.008506870828568935,0.14615385234355927,0.1044311374425888,0.09932085126638412,0.14690618216991425,0.3538174629211426,0.2353154867887497,0.2032938450574875,0.07562568783760071,0.00022432715923059732,8.738514588912949e-05,1.7191003280458972e-05,0.00024189817486330867,9.260871593141928e-05,2.7895279345102608e-05,9.299604926127358e-07,2.2157677449285984e-05,0.00042202891199849546,0.00018952705431729555,6.316685175988823e-05,0.0007771210512146354,0.10022734105587006,0.1461082100868225,0.41523876786231995,-0.04212172329425812,-0.7754746079444885,3.4756505489349365,0.33128753304481506,0.37956076860427856,0.441588431596756,0.2931605577468872,0.20537951588630676,0.26196232438087463,0.30419325828552246,0.6161030530929565,0.32170596718788147,0.26860880851745605,0.2797359526157379
461,0.11409617215394974,0.0,0.0,0.0,0.29897814989089966,0.0,0.0,0.4426133632659912,0.0,0.0,0.0,0.0,0.11458513885736465,0.0,0.0,0.0,0.026773883029818535,0.0,0.0,0.0029533053748309612,0.24185439944267273,0.0,0.0,0.0,0.39241823554039,0.0,0.0,0.23245862126350403,0.0,0.0,0.0,0.0,0.09778495132923126,0.0,0.0,0.0,0.02693581022322178,0.0,0.0,0.00854797475039959,0.14807692170143127,0.12255489081144333,0.11382772028446198,0.15588821470737457,0.3070910573005676,0.25889042019844055,0.26495683193206787,0.04446934163570404,0.00022272052592597902,0.000101436409750022,1.898982736747712e-05,0.0002607262576930225,9.154086728813127e-05,3.2141291740117595e-05,9.67939058682532e-07,2.129580570908729e-05,0.000469961145427078,0.00022070130216889083,7.339291914831847e-05,0.0009234582539647818,0.11486499756574631,0.14430677890777588,0.4331075847148895,-0.008493559435009956,-0.4225006699562073,3.1440041065216064,0.3698825538158417,0.4566003680229187,0.5191794037818909,0.2487558275461197,0.20787516236305237,0.2626277208328247,0.2583235204219818,0.5662508606910706,0.2636970579624176,0.25078442692756653,0.2892215847969055
462,0.07762126624584198,0.0,0.0,0.0,0.36069127917289734,0.0,0.0,0.33150219917297363,0.0,0.0,0.0,0.0,0.19694988429546356,0.0,0.0,0.0,0.03013235330581665,0.0,0.0,0.0031030485406517982,0.23860320448875427,0.0,0.0,0.0,0.3876309394836426,0.0,0.0,0.23398688435554504,0.0,0.0,0.0,0.0,0.10162096470594406,0.0,0.0,0.0,0.03040042147040367,0.0,0.0,0.007757571991533041,0.10384615510702133,0.12259481102228165,0.11965294182300568,0.1762474924325943,0.21095256507396698,0.23048320412635803,0.2739747166633606,0.20273271203041077,0.00021968595683574677,9.12786927074194e-05,1.9047001842409372e-05,0.00031084573129191995,9.995891014114022e-05,2.971974572574254e-05,9.632370847612037e-07,2.6337227609474212e-05,0.0004474967427086085,0.00020346013479866087,7.389257370959967e-05,0.0010010675759986043,0.120462566614151,0.23017671704292297,0.42751947045326233,-0.004189524333924055,-0.42658525705337524,3.144345998764038,0.35634109377861023,0.4326202869415283,0.5137540102005005,0.28483840823173523,0.23747074604034424,0.2421014904975891,0.287731796503067,0.5785586833953857,0.211337149143219,0.28032660484313965,0.29432132840156555
463,0.24584047496318817,0.0,0.0,0.0,0.32828742265701294,0.0,0.0,0.2823154926300049,0.0,0.0,0.0,0.0,0.12147074937820435,0.0,0.0,0.0,0.019472235813736916,0.0,0.0,0.0026135591324418783,0.2579558491706848,0.0,0.0,0.0,0.4045405685901642,0.0,0.0,0.22171089053153992,0.0,0.0,0.0,0.0,0.08483097702264786,0.0,0.0,0.0,0.02386350743472576,0.0,0.0,0.007098195143043995,0.10576923191547394,0.10586826503276825,0.09880899637937546,0.1439121663570404,0.17594578862190247,0.16985547542572021,0.17522573471069336,0.10564068704843521,0.00030526553746312857,9.437922562938184e-05,1.7175825632875785e-05,0.00022928978432901204,0.0001604424323886633,3.0388497179956175e-05,8.809123528408236e-07,2.112743277393747e-05,0.0006204610108397901,0.00021335177007131279,6.676377233816311e-05,0.0008182195015251637,0.0997517928481102,0.1435503512620926,0.472189337015152,-0.04750124365091324,-0.4292643964290619,3.406287670135498,0.35373654961586,0.4126293659210205,0.5953116416931152,0.248306006193161,0.29144731163978577,0.20916177332401276,0.27541330456733704,0.49691617488861084,0.2322712540626526,0.3041650354862213,0.29854416847229004
464,0.16529974341392517,0.0,0.0,0.0,0.3038921654224396,0.0,0.0,0.28892412781715393,0.0,0.0,0.0,0.0,0.19179366528987885,0.0,0.0,0.0,0.043197594583034515,0.0,0.0,0.006892750505357981,0.24503789842128754,0.0,0.0,0.0,0.39359408617019653,0.0,0.0,0.23010174930095673,0.0,0.0,0.0,0.0,0.09591073542833328,0.0,0.0,0.0,0.02732996828854084,0.0,0.0,0.00802555214613676,0.10576923191547394,0.13485029339790344,0.11112359911203384,0.16027943789958954,0.3198208808898926,0.290642112493515,0.26343733072280884,0.19866865873336792,0.0002628659422043711,9.805340232560411e-05,1.7472268154961057e-05,0.00019469860126264393,0.00011200099834240973,3.160806227242574e-05,8.55040809710772e-07,1.9049681213800795e-05,0.0005158853600732982,0.0002137974079232663,6.835631938884035e-05,0.0006568343960680068,0.11306718736886978,0.24187278747558594,0.3949456214904785,-0.028147142380475998,-0.5387935638427734,3.2997124195098877,0.3154243230819702,0.35950249433517456,0.5886349678039551,0.27112188935279846,0.2591472864151001,0.2433871030807495,0.26000553369522095,0.41047075390815735,0.23777176439762115,0.3384636640548706,0.28636232018470764
465,0.09421420097351074,0.0,0.0,0.0,0.26960626244544983,0.0,0.0,0.3058052659034729,0.0,0.0,0.0,0.0,0.2312401980161667,0.0,0.0,0.0,0.08099952340126038,0.0,0.0,0.018134532496333122,0.21552674472332,0.0,0.0,0.0,0.36512476205825806,0.0,0.0,0.24431785941123962,0.0,0.0,0.0,0.0,0.12262217700481415,0.0,0.0,0.0,0.041977401822805405,0.0,0.0,0.010431058704853058,0.17115384340286255,0.15137724578380585,0.15012484788894653,0.19600798189640045,0.46827432513237,0.3319128751754761,0.451892226934433,0.22524893283843994,0.0002686154330149293,9.654711175244302e-05,2.0091712940484285e-05,0.00030299590434879065,0.0001033678709063679,3.072129766223952e-05,8.984291071101325e-07,2.2965046809986234e-05,0.0005105498130433261,0.00022011999681126326,8.186716149793938e-05,0.0010690120980143547,0.15075623989105225,0.33036336302757263,0.4591435194015503,0.06023174896836281,-0.40424302220344543,2.9849915504455566,0.28886595368385315,0.3259807527065277,0.5070539116859436,0.2569647431373596,0.22646547853946686,0.30954501032829285,0.2692011296749115,0.4294601082801819,0.2455703467130661,0.43763241171836853,0.23975206911563873
466,0.06023671478033066,0.0,0.0,0.0,0.14915218949317932,0.0,0.0,0.3255610466003418,0.0,0.0,0.0,0.0,0.3273741900920868,0.0,0.0,0.0,0.11424332112073898,0.0,0.0,0.023432504385709763,0.20916301012039185,0.0,0.0,0.0,0.3561842739582062,0.0,0.0,0.24733319878578186,0.0,0.0,0.0,0.0,0.12717114388942719,0.0,0.0,0.0,0.04794306680560112,0.0,0.0,0.012205305509269238,0.1576923131942749,0.14922155439853668,0.1610337197780609,0.2445109635591507,0.3957999646663666,0.38722386956214905,0.4946664273738861,0.4578346908092499,0.00027057292754761875,9.275199408875778e-05,2.0702642359538004e-05,0.00032132238266058266,0.00010908790864050388,3.0237217288231477e-05,8.972443197308166e-07,2.4132361431838945e-05,0.0004954566829837859,0.00020654154650401324,8.34261518321e-05,0.0010798184666782618,0.16131345927715302,0.46504124999046326,0.563567042350769,0.08316100388765335,-0.40585121512413025,2.9729299545288086,0.2647559940814972,0.3743048310279846,0.5227439403533936,0.2834947109222412,0.21016176044940948,0.2747560143470764,0.28607654571533203,0.37630340456962585,0.283718079328537,0.40016040205955505,0.25788721442222595
467,0.07501289248466492,0.0,0.0,0.0,0.2593671977519989,0.0,0.0,0.3788783848285675,0.0,0.0,0.0,0.0,0.22999244928359985,0.0,0.0,0.0,0.04887247830629349,0.0,0.0,0.0078765619546175,0.23953181505203247,0.0,0.0,0.0,0.38778892159461975,0.0,0.0,0.23521631956100464,0.0,0.0,0.0,0.0,0.09964172542095184,0.0,0.0,0.0,0.02955390326678753,0.0,0.0,0.008267334662377834,0.125,0.10646706819534302,0.11826467514038086,0.18602794408798218,0.33733442425727844,0.27993449568748474,0.2876197099685669,0.28646963834762573,0.0002260408509755507,7.334975089179352e-05,1.721466105664149e-05,0.00020260430756025016,0.00010819094313774258,2.3724323909846134e-05,8.53397466471506e-07,2.2515832824865356e-05,0.0004109965229872614,0.000160079391207546,6.41663937130943e-05,0.0006394384545274079,0.1183747872710228,0.2867324650287628,0.5677335262298584,-0.011856124736368656,-0.5818331241607666,3.3963699340820312,0.19495181739330292,0.3212115466594696,0.434611052274704,0.3100408613681793,0.22746752202510834,0.23478499054908752,0.32638242840766907,0.34170717000961304,0.2760927677154541,0.32805588841438293,0.24190132319927216
468,0.11135075241327286,0.0,0.0,0.0,0.26503869891166687,0.0,0.0,0.3230016529560089,0.0,0.0,0.0,0.0,0.2608407735824585,0.0,0.0,0.0,0.0369708389043808,0.0,0.0,0.00279734143987298,0.2568708062171936,0.0,0.0,0.0,0.4020148515701294,0.0,0.0,0.22386564314365387,0.0,0.0,0.0,0.0,0.08500855416059494,0.0,0.0,0.0,0.02477339841425419,0.0,0.0,0.0074667674489319324,0.10576923191547394,0.09716566652059555,0.10047940164804459,0.15908183157444,0.2421843707561493,0.2831748425960541,0.2357642501592636,0.38231614232063293,0.0002150952786905691,7.07658109604381e-05,1.550687557028141e-05,0.00014125344750937074,0.00011681404430419207,2.289059921167791e-05,8.796132533461787e-07,1.7647900676820427e-05,0.0003800474223680794,0.00016385804337915033,5.569700078922324e-05,0.00042953918455168605,0.10097429901361465,0.30059754848480225,0.4755544662475586,-0.027425983920693398,-0.5690965056419373,3.7364003658294678,0.20438368618488312,0.37786394357681274,0.39071664214134216,0.2711767256259918,0.196636363863945,0.24399860203266144,0.32931578159332275,0.3836933374404907,0.31669437885284424,0.3024202287197113,0.2501622438430786
469,0.07816371321678162,0.0,0.0,0.0,0.3632734715938568,0.0,0.0,0.25507545471191406,0.0,0.0,0.0,0.0,0.2602813243865967,0.0,0.0,0.0,0.040236178785562515,0.0,0.0,0.002969855908304453,0.24861730635166168,0.0,0.0,0.0,0.39656031131744385,0.0,0.0,0.22674213349819183,0.0,0.0,0.0,0.0,0.09258425980806351,0.0,0.0,0.0,0.027667248621582985,0.0,0.0,0.0078287273645401,0.08269231021404266,0.10019960254430771,0.11014731973409653,0.17485029995441437,0.16289673745632172,0.19764041900634766,0.27536678314208984,0.345182329416275,0.0002156791597371921,8.6955726146698e-05,1.7596390534890816e-05,0.00016430691175628453,9.706844139145687e-05,2.811884587572422e-05,9.230431032847264e-07,1.994296326301992e-05,0.0003845642786473036,0.00018635160813573748,6.415462121367455e-05,0.0005936413654126227,0.1102881208062172,0.30347493290901184,0.5388213396072388,-0.01655816100537777,-0.557685136795044,3.4703593254089355,0.19931338727474213,0.3727331757545471,0.37654197216033936,0.2998279333114624,0.27081498503685,0.2890160381793976,0.3247319161891937,0.4725808799266815,0.32343143224716187,0.41360875964164734,0.23738551139831543
470,0.0661761537194252,0.0,0.0,0.0,0.24028874933719635,0.0,0.0,0.2533814311027527,0.0,0.0,0.0,0.0,0.36793217062950134,0.0,0.0,0.0,0.06588722765445709,0.0,0.0,0.006334270350635052,0.2313554286956787,0.0,0.0,0.0,0.3849743902683258,0.0,0.0,0.239070326089859,0.0,0.0,0.0,0.0,0.10423336178064346,0.0,0.0,0.0,0.03191861882805824,0.0,0.0,0.008447857573628426,0.0923076942563057,0.1267065852880478,0.12345068901777267,0.1990019828081131,0.24800795316696167,0.3323996961116791,0.3321601152420044,0.5450589656829834,0.00021242938237264752,9.517119178781286e-05,1.955182960955426e-05,0.00022769960924051702,9.137504093814641e-05,3.053831460420042e-05,9.289109357268899e-07,2.290643533342518e-05,0.000379690871341154,0.00020046780991833657,7.1762602601666e-05,0.0007691212231293321,0.12448038160800934,0.4401431679725647,0.48315906524658203,0.012202817015349865,-0.6834941506385803,3.1792845726013184,0.156083345413208,0.3650907874107361,0.32399117946624756,0.37788891792297363,0.23918794095516205,0.3466150164604187,0.36478307843208313,0.4465647339820862,0.3090599477291107,0.33863165974617004,0.2880185544490814
471,0.07692044973373413,0.0,0.0,0.0,0.2662821114063263,0.0,0.0,0.25543874502182007,0.0,0.0,0.0,0.0,0.30841466784477234,0.0,0.0,0.0,0.08984852582216263,0.0,0.0,0.0030955050606280565,0.2352132648229599,0.0,0.0,0.0,0.3921559751033783,0.0,0.0,0.2393312156200409,0.0,0.0,0.0,0.0,0.09632430225610733,0.0,0.0,0.0,0.02869085595011711,0.0,0.0,0.00828439649194479,0.06923077255487442,0.11017964035272598,0.113955058157444,0.20499001443386078,0.20281857252120972,0.27747049927711487,0.2988157868385315,0.508545994758606,0.00022042813361622393,8.810513827484101e-05,1.864241130533628e-05,0.00027767213759943843,0.00011155618994962424,2.9667762646568008e-05,9.323375707026571e-07,2.4342476535821334e-05,0.0004273516533430666,0.00018965813796967268,6.804682197980583e-05,0.0009072182001546025,0.11473973095417023,0.4013461172580719,0.5910565257072449,-0.00145948794670403,-0.6251268982887268,3.258978843688965,0.15030232071876526,0.33007633686065674,0.2969430983066559,0.3591616153717041,0.26176801323890686,0.33462607860565186,0.3620433509349823,0.4366206228733063,0.27691203355789185,0.3745709955692291,0.29446759819984436
472,0.1069260910153389,0.0,0.0,0.0,0.23676417768001556,0.0,0.0,0.3376619815826416,0.0,0.0,0.0,0.0,0.2210768759250641,0.0,0.0,0.0,0.09053009748458862,0.0,0.0,0.007040784228593111,0.2352808117866516,0.0,0.0,0.0,0.3863254487514496,0.0,0.0,0.2390393614768982,0.0,0.0,0.0,0.0,0.09987076371908188,0.0,0.0,0.0,0.03076840192079544,0.0,0.0,0.008715201169252396,0.2846153974533081,0.14171656966209412,0.11769039183855057,0.18483033776283264,0.580263078212738,0.39176663756370544,0.3184075951576233,0.26949742436408997,0.0003634491586126387,8.864553819876164e-05,1.8262599041918293e-05,0.000249580480158329,0.00015169259859248996,2.851567478501238e-05,9.301222689828137e-07,2.423306432319805e-05,0.0007467578398063779,0.0002240960020571947,6.771724292775616e-05,0.0007938916678540409,0.12006820738315582,0.31863656640052795,0.4514423906803131,0.00573098985478282,-0.5835062265396118,3.246427059173584,0.24523726105690002,0.3049975633621216,0.37466174364089966,0.34895622730255127,0.20510147511959076,0.2759295105934143,0.323948472738266,0.520216703414917,0.2484072744846344,0.3319900333881378,0.33663737773895264
473,0.06945011019706726,0.0,0.0,0.0,0.20895154774188995,0.0,0.0,0.3080763518810272,0.0,0.0,0.0,0.0,0.2908243238925934,0.0,0.0,0.0,0.10272082686424255,0.0,0.0,0.019976817071437836,0.23089413344860077,0.0,0.0,0.0,0.37880271673202515,0.0,0.0,0.23949183523654938,0.0,0.0,0.0,0.0,0.10544512420892715,0.0,0.0,0.0,0.03540866822004318,0.0,0.0,0.0099575100466609,0.3692307770252228,0.186506986618042,0.12520350515842438,0.19960078597068787,0.7329845428466797,0.5808388590812683,0.3772105872631073,0.3096950948238373,0.0004133651382289827,9.063401375897229e-05,1.7910926544573158e-05,0.00022711967176292092,0.00019409763626754284,2.7376197976991534e-05,9.152295206149574e-07,2.3393993615172803e-05,0.000853480480145663,0.00024190114345401525,6.608688272535801e-05,0.0007176256040111184,0.12992484867572784,0.41350996494293213,0.4831666946411133,0.023806031793355942,-0.37826409935951233,3.2249624729156494,0.1754130721092224,0.3532717525959015,0.3452126979827881,0.2758994400501251,0.19768580794334412,0.34467169642448425,0.28387460112571716,0.4119971692562103,0.2832924425601959,0.32857635617256165,0.3430401682853699
474,0.18540498614311218,0.0,0.0,0.0,0.25675758719444275,0.0,0.0,0.31951963901519775,0.0,0.0,0.0,0.0,0.18578816950321198,0.0,0.0,0.0,0.04848771169781685,0.0,0.0,0.004041838925331831,0.24072350561618805,0.0,0.0,0.0,0.39456674456596375,0.0,0.0,0.23562176525592804,0.0,0.0,0.0,0.0,0.09306637197732925,0.0,0.0,0.0,0.027365339919924736,0.0,0.0,0.008656272664666176,0.19230769574642181,0.158203586935997,0.10783521085977554,0.14431136846542358,0.48879653215408325,0.3934142291545868,0.26319289207458496,0.08573836833238602,0.00027354719350114465,9.438832785235718e-05,1.681043977441732e-05,0.00020690812380053103,0.00011541422281879932,3.14291100949049e-05,9.049611549016845e-07,2.113268601533491e-05,0.000531053519807756,0.0002094095980282873,5.970054917270318e-05,0.000617923098616302,0.11128793656826019,0.23830920457839966,0.48910921812057495,-0.021666251122951508,-0.4390797019004822,3.4395816326141357,0.21296721696853638,0.359452486038208,0.230528324842453,0.2504813075065613,0.20236331224441528,0.36393290758132935,0.2781035602092743,0.4032995402812958,0.31013911962509155,0.24820898473262787,0.3480082154273987
475,0.14178840816020966,0.0,0.0,0.0,0.3228726387023926,0.0,0.0,0.34967973828315735,0.0,0.0,0.0,0.0,0.149346724152565,0.0,0.0,0.0,0.032839998602867126,0.0,0.0,0.003472470911219716,0.2455938756465912,0.0,0.0,0.0,0.3985010087490082,0.0,0.0,0.2305905818939209,0.0,0.0,0.0,0.0,0.09028351306915283,0.0,0.0,0.0,0.026249714195728302,0.0,0.0,0.00878130178898573,0.125,0.11700598895549774,0.10717104375362396,0.12914171814918518,0.31676098704338074,0.24617451429367065,0.21799646317958832,0.11721353232860565,0.00019997656636405736,7.728097989456728e-05,1.6836347640492022e-05,0.00017169660713989288,8.94580443855375e-05,2.5531669962219894e-05,9.210633606926422e-07,2.1300762455211952e-05,0.00037952238926663995,0.00016562263772357255,5.9174260968575254e-05,0.0004926651017740369,0.1080193966627121,0.18565204739570618,0.506268322467804,-0.03956730663776398,-0.4393288195133209,3.462167739868164,0.2101227194070816,0.3606405258178711,0.20476850867271423,0.2599147856235504,0.23739872872829437,0.37238603830337524,0.2544638514518738,0.3302287757396698,0.371591180562973,0.22059105336666107,0.32288631796836853
476,0.10603516548871994,0.0,0.0,0.0,0.3271750211715698,0.0,0.0,0.30928465723991394,0.0,0.0,0.0,0.0,0.19088512659072876,0.0,0.0,0.0,0.06027565151453018,0.0,0.0,0.006344409193843603,0.24569541215896606,0.0,0.0,0.0,0.39665478467941284,0.0,0.0,0.23004820942878723,0.0,0.0,0.0,0.0,0.09201336652040482,0.0,0.0,0.0,0.027379902079701424,0.0,0.0,0.00820832047611475,0.13269230723381042,0.1253892183303833,0.10871660709381104,0.13532933592796326,0.33625173568725586,0.3133384585380554,0.23643706738948822,0.25280696153640747,0.00023302050249185413,8.487016020808369e-05,1.7891210518428124e-05,0.00015962097677402198,9.583660721546039e-05,2.814396793837659e-05,9.471317525822087e-07,1.9461338524706662e-05,0.00041780166793614626,0.0001923247764352709,6.329569441732019e-05,0.0005123827722854912,0.11002366989850998,0.25749629735946655,0.44386905431747437,-0.030412202700972557,-0.5203049182891846,3.3906891345977783,0.18275105953216553,0.3121141195297241,0.2513112723827362,0.34071314334869385,0.2305382639169693,0.38580751419067383,0.28715023398399353,0.38613876700401306,0.3661443293094635,0.23152028024196625,0.33527177572250366
477,0.10638272017240524,0.0,0.0,0.0,0.28732043504714966,0.0,0.0,0.33935749530792236,0.0,0.0,0.0,0.0,0.21033991873264313,0.0,0.0,0.0,0.05066927149891853,0.0,0.0,0.005930196959525347,0.23687276244163513,0.0,0.0,0.0,0.3880111873149872,0.0,0.0,0.2395126074552536,0.0,0.0,0.0,0.0,0.09882054477930069,0.0,0.0,0.0,0.029514575377106667,0.0,0.0,0.007268314249813557,0.17692308127880096,0.1374051868915558,0.11533334106206894,0.13313372433185577,0.3571724593639374,0.3524723947048187,0.27366000413894653,0.20520609617233276,0.0002566013135947287,8.895520295482129e-05,1.820999023038894e-05,0.00018956548592541367,0.0001387347001582384,2.9254002583911642e-05,9.943460099748336e-07,2.0427076378837228e-05,0.00045565629261545837,0.00020439823856577277,6.483873585239053e-05,0.0005664050695486367,0.1168970987200737,0.26692959666252136,0.4025364816188812,-0.020861342549324036,-0.512689471244812,3.3337903022766113,0.202639639377594,0.27434664964675903,0.22319599986076355,0.3291149437427521,0.24306419491767883,0.35321447253227234,0.27035534381866455,0.3550232946872711,0.4474077522754669,0.27895089983940125,0.3050382137298584
478,0.10445351898670197,0.0,0.0,0.0,0.2631694972515106,0.0,0.0,0.35236769914627075,0.0,0.0,0.0,0.0,0.20484572649002075,0.0,0.0,0.0,0.06714367866516113,0.0,0.0,0.008019858039915562,0.22747212648391724,0.0,0.0,0.0,0.3807547688484192,0.0,0.0,0.2427239567041397,0.0,0.0,0.0,0.0,0.1079927459359169,0.0,0.0,0.0,0.033921658992767334,0.0,0.0,0.007134744897484779,0.26538461446762085,0.17596806585788727,0.1252509355545044,0.13413172960281372,0.5576777458190918,0.4974871575832367,0.3247779905796051,0.07294461131095886,0.0003254193579778075,0.00010401642066426575,1.874870213214308e-05,0.00021748882136307657,0.00016259096446447074,3.2736155844759196e-05,9.487086458648264e-07,2.3855982362874784e-05,0.0006195567548274994,0.0002476861991453916,6.867219053674489e-05,0.0007750423392280936,0.12847036123275757,0.28000056743621826,0.4923214018344879,0.003453853540122509,-0.4466336965560913,3.15794038772583,0.15872041881084442,0.2531927525997162,0.20362736284732819,0.2876482605934143,0.32093605399131775,0.33429670333862305,0.3053031861782074,0.2734715938568115,0.38974401354789734,0.30980804562568665,0.32400625944137573
479,0.07076495885848999,0.0,0.0,0.0,0.23801670968532562,0.0,0.0,0.38781335949897766,0.0,0.0,0.0,0.0,0.22551502287387848,0.0,0.0,0.0,0.06646035611629486,0.0,0.0,0.01142959576100111,0.22787344455718994,0.0,0.0,0.0,0.3822896182537079,0.0,0.0,0.24304886162281036,0.0,0.0,0.0,0.0,0.10818471014499664,0.0,0.0,0.0,0.031831223517656326,0.0,0.0,0.006772142834961414,0.23269230127334595,0.15968063473701477,0.12375780940055847,0.16946107149124146,0.5377116799354553,0.4708496332168579,0.33330702781677246,0.1877981722354889,0.0002964320592582226,9.871026122709736e-05,1.8115981220034882e-05,0.00019637432706076652,0.00015879821148701012,3.0842842534184456e-05,9.22166464079055e-07,2.1978743461659178e-05,0.000569347757846117,0.0002389269066043198,6.539324385812506e-05,0.0006210511783137918,0.12650784850120544,0.3033933937549591,0.4778680205345154,0.011083588935434818,-0.5430040955543518,3.255685806274414,0.15898846089839935,0.2707100808620453,0.2349747270345688,0.21706591546535492,0.2823849618434906,0.36351972818374634,0.3356495797634125,0.30206555128097534,0.33536940813064575,0.3637824058532715,0.3063201606273651
480,0.11529674381017685,0.0,0.0,0.0,0.28883448243141174,0.0,0.0,0.36428162455558777,0.0,0.0,0.0,0.0,0.15301410853862762,0.0,0.0,0.0,0.06940522789955139,0.0,0.0,0.009167876094579697,0.23774629831314087,0.0,0.0,0.0,0.38717231154441833,0.0,0.0,0.23544006049633026,0.0,0.0,0.0,0.0,0.10107588022947311,0.0,0.0,0.0,0.031851280480623245,0.0,0.0,0.006714172661304474,0.14423076808452606,0.10439121723175049,0.12111610919237137,0.1385229527950287,0.39831990003585815,0.28114399313926697,0.35832253098487854,0.08602841198444366,0.00024013780057430267,8.121084829326719e-05,1.830797191360034e-05,0.00021527563512790948,0.00012720160884782672,2.5985385946114548e-05,9.073692126548849e-07,2.4572280381107703e-05,0.0004572299076244235,0.00018466812616679817,6.523467891383916e-05,0.0007300054421648383,0.1203744113445282,0.23157891631126404,0.46103593707084656,-0.004615036770701408,-0.47973135113716125,3.322197914123535,0.15521322190761566,0.2688886821269989,0.29237931966781616,0.23849838972091675,0.27825209498405457,0.37774574756622314,0.284990519285202,0.31554168462753296,0.37346768379211426,0.3716874420642853,0.26990535855293274
481,0.11998649686574936,0.0,0.0,0.0,0.28126341104507446,0.0,0.0,0.2917046844959259,0.0,0.0,0.0,0.0,0.21647512912750244,0.0,0.0,0.0,0.07842479646205902,0.0,0.0,0.01214548572897911,0.2352762222290039,0.0,0.0,0.0,0.38643813133239746,0.0,0.0,0.23481060564517975,0.0,0.0,0.0,0.0,0.10389942675828934,0.0,0.0,0.0,0.03319678455591202,0.0,0.0,0.006378821097314358,0.13269230723381042,0.11361277848482132,0.12393008917570114,0.1512974053621292,0.3491952419281006,0.25558650493621826,0.38396888971328735,0.22720663249492645,0.00022738198458682746,9.13563126232475e-05,1.8929360521724448e-05,0.0002243474591523409,9.374660294270143e-05,2.9829378036083654e-05,9.079401479539229e-07,2.4396475055254996e-05,0.00044829354737885296,0.0001980642118724063,6.852364458609372e-05,0.00072449044091627,0.12365918606519699,0.3070353865623474,0.4502558708190918,0.0009793732315301895,-0.44282326102256775,3.2740442752838135,0.1993657946586609,0.29597535729408264,0.34789079427719116,0.2656508684158325,0.267249196767807,0.3612261712551117,0.3814282715320587,0.41226038336753845,0.40974435210227966,0.2839791476726532,0.21318672597408295
482,0.10762293636798859,0.0,0.0,0.0,0.271185040473938,0.0,0.0,0.3639986217021942,0.0,0.0,0.0,0.0,0.20542758703231812,0.0,0.0,0.0,0.04797762632369995,0.0,0.0,0.0037881971802562475,0.2278502732515335,0.0,0.0,0.0,0.38190582394599915,0.0,0.0,0.24351243674755096,0.0,0.0,0.0,0.0,0.10883352905511856,0.0,0.0,0.0,0.031937554478645325,0.0,0.0,0.005960386246442795,0.1557692289352417,0.14918163418769836,0.12482147663831711,0.14850299060344696,0.3856275677680969,0.298211932182312,0.32203471660614014,0.17482611536979675,0.00024020818818826228,0.00011104850273113698,2.0890305677312426e-05,0.00022967119002714753,0.000102621728728991,3.617695256252773e-05,9.302307262260001e-07,2.5346183974761516e-05,0.0004340552259236574,0.0002387334970990196,7.580569945275784e-05,0.0007394761778414249,0.1265496015548706,0.2571844160556793,0.4990808963775635,0.005318847950547934,-0.607050359249115,3.1720476150512695,0.2070409655570984,0.3234085738658905,0.4024905562400818,0.286720871925354,0.315375953912735,0.3328382670879364,0.3774011433124542,0.4018586277961731,0.46554163098335266,0.23849573731422424,0.2393333464860916
483,0.058214686810970306,0.0,0.0,0.0,0.22427085041999817,0.0,0.0,0.3602839410305023,0.0,0.0,0.0,0.0,0.29038238525390625,0.0,0.0,0.0,0.05996384471654892,0.0,0.0,0.006884270813316107,0.21694837510585785,0.0,0.0,0.0,0.3703047037124634,0.0,0.0,0.24904164671897888,0.0,0.0,0.0,0.0,0.11882849782705307,0.0,0.0,0.0,0.03795237839221954,0.0,0.0,0.006924399174749851,0.10769230872392654,0.1586027890443802,0.1397378295660019,0.17165668308734894,0.19742392003536224,0.3045883774757385,0.3988133668899536,0.3389168977737427,0.0002233668346889317,0.00011480716057121754,2.183103970310185e-05,0.0002484692959114909,8.81745436345227e-05,3.699308945215307e-05,9.395778306497959e-07,2.561953260737937e-05,0.00040659739170223475,0.0002445416757836938,8.13446386018768e-05,0.0008988402551040053,0.14116637408733368,0.35721978545188904,0.5531343221664429,0.03965848311781883,-0.6121132373809814,2.9881298542022705,0.1491151601076126,0.29786479473114014,0.4011456072330475,0.32913440465927124,0.3436335325241089,0.341151624917984,0.34331247210502625,0.3668840527534485,0.39531636238098145,0.26429688930511475,0.24012692272663116
484,0.07431621104478836,0.0,0.0,0.0,0.24396856129169464,0.0,0.0,0.44965487718582153,0.0,0.0,0.0,0.0,0.18123386800289154,0.0,0.0,0.0,0.04553893581032753,0.0,0.0,0.005287621170282364,0.23650401830673218,0.0,0.0,0.0,0.38805732131004333,0.0,0.0,0.23713374137878418,0.0,0.0,0.0,0.0,0.10113511234521866,0.0,0.0,0.0,0.031066330149769783,0.0,0.0,0.006103468127548695,0.057692307978868484,0.10431137681007385,0.12002997100353241,0.13532933592796326,0.13385742902755737,0.21216335892677307,0.312721312046051,0.16355517506599426,0.00018078323046211153,8.278903260361403e-05,1.9833631085930392e-05,0.0001853345602285117,7.525977707700804e-05,2.6957684895023704e-05,9.46229135934118e-07,2.4299544747918844e-05,0.00035580736584961414,0.0001806175714591518,6.908351497258991e-05,0.0005544812884181738,0.11921917647123337,0.2320536971092224,0.4878389835357666,-0.0021072642412036657,-0.5589246153831482,3.250422954559326,0.20503850281238556,0.2695838212966919,0.38946688175201416,0.2712648808956146,0.28098011016845703,0.31130701303482056,0.3870379328727722,0.3401898145675659,0.43525123596191406,0.26617851853370667,0.2202693223953247
485,0.1263715922832489,0.0,0.0,0.0,0.28709733486175537,0.0,0.0,0.36090606451034546,0.0,0.0,0.0,0.0,0.16900399327278137,0.0,0.0,0.0,0.04958052933216095,0.0,0.0,0.007040448486804962,0.24065905809402466,0.0,0.0,0.0,0.388232946395874,0.0,0.0,0.23482155799865723,0.0,0.0,0.0,0.0,0.09857548028230667,0.0,0.0,0.0,0.03086690604686737,0.0,0.0,0.006844061426818371,0.16346153616905212,0.0950499027967453,0.11845693737268448,0.1459081768989563,0.3560122549533844,0.23206402361392975,0.29435738921165466,0.12194321304559708,0.0002855906495824456,8.047294249990955e-05,1.9361403246875852e-05,0.00020653488172683865,0.00013990106526762247,2.599657091195695e-05,9.39498590923904e-07,2.4608712919871323e-05,0.0004985463456250727,0.00018606145749799907,6.693714385619387e-05,0.0006450021173804998,0.11747007817029953,0.22561851143836975,0.4218241572380066,-0.020388998091220856,-0.4800907373428345,3.2455949783325195,0.20512647926807404,0.36496731638908386,0.33724719285964966,0.25660672783851624,0.24870944023132324,0.3064236342906952,0.3806585967540741,0.24179984629154205,0.3931340277194977,0.22978337109088898,0.23601900041103363
486,0.06116799637675285,0.0,0.0,0.0,0.20628853142261505,0.0,0.0,0.35067218542099,0.0,0.0,0.0,0.0,0.24980856478214264,0.0,0.0,0.0,0.12126348167657852,0.0,0.0,0.010799242183566093,0.2187298983335495,0.0,0.0,0.0,0.3703601062297821,0.0,0.0,0.24705561995506287,0.0,0.0,0.0,0.0,0.11739286035299301,0.0,0.0,0.0,0.03870132565498352,0.0,0.0,0.007760177366435528,0.2173076868057251,0.15844310820102692,0.13940075039863586,0.19620758295059204,0.3931204378604889,0.3572680652141571,0.3680662512779236,0.40044745802879333,0.0004089064314030111,0.00011002246174030006,2.1375410142354667e-05,0.00022065654047764838,0.00022439252643380314,3.315612411824986e-05,1.063683725988085e-06,2.4403661882388406e-05,0.0007512934971600771,0.00026893982430920005,7.977589848451316e-05,0.0007046375540085137,0.141261488199234,0.38186052441596985,0.5284615755081177,0.04374923184514046,-0.3712635040283203,2.988947629928589,0.21907983720302582,0.3547232151031494,0.2569974362850189,0.31831613183021545,0.24917210638523102,0.3123615086078644,0.4303871989250183,0.27463746070861816,0.454740047454834,0.23786120116710663,0.31876513361930847
487,0.08154581487178802,0.0,0.0,0.0,0.2227305769920349,0.0,0.0,0.3744845688343048,0.0,0.0,0.0,0.0,0.2722238600254059,0.0,0.0,0.0,0.044408462941646576,0.0,0.0,0.004606702830642462,0.23059019446372986,0.0,0.0,0.0,0.38262099027633667,0.0,0.0,0.24361303448677063,0.0,0.0,0.0,0.0,0.10388128459453583,0.0,0.0,0.0,0.03227993845939636,0.0,0.0,0.007014569826424122,0.1596153825521469,0.13441117107868195,0.12213233858346939,0.16926147043704987,0.4090820252895355,0.31671270728111267,0.30482062697410583,0.33377960324287415,0.00033235104638151824,9.683911775937304e-05,2.001538268814329e-05,0.0002130948269041255,0.00017069635214284062,3.208453199476935e-05,1.0015089628723217e-06,2.3217831767397e-05,0.00061240658396855,0.0002277205348946154,7.429298420902342e-05,0.0007402305491268635,0.12343881279230118,0.3212277293205261,0.4654940962791443,0.007164950016885996,-0.576242208480835,3.0887112617492676,0.18860365450382233,0.3064727187156677,0.2470252364873886,0.34604498744010925,0.24173136055469513,0.2817027270793915,0.40565013885498047,0.3611409366130829,0.41255810856819153,0.2735438048839569,0.2750144302845001
488,0.07461932301521301,0.0,0.0,0.0,0.29241397976875305,0.0,0.0,0.3303990364074707,0.0,0.0,0.0,0.0,0.2512809634208679,0.0,0.0,0.0,0.04565871134400368,0.0,0.0,0.005627970676869154,0.228601336479187,0.0,0.0,0.0,0.379007488489151,0.0,0.0,0.2425796538591385,0.0,0.0,0.0,0.0,0.10909007489681244,0.0,0.0,0.0,0.0335049107670784,0.0,0.0,0.007216525264084339,0.17884615063667297,0.13393214344978333,0.12840449810028076,0.16027943789958954,0.49116337299346924,0.3464372158050537,0.3321618139743805,0.2657139301300049,0.00028979539638385177,9.46317522902973e-05,1.936540866154246e-05,0.0002508636680431664,0.0001386048534186557,3.0995652195997536e-05,9.824993867368903e-07,2.33189421123825e-05,0.0005523301078937948,0.00021233984443824738,7.347615610342473e-05,0.0008626349153928459,0.12915700674057007,0.3025570809841156,0.4615778625011444,0.019123602658510208,-0.555115818977356,3.068742275238037,0.1547495573759079,0.2814568877220154,0.26232725381851196,0.2987443804740906,0.2611910104751587,0.283953458070755,0.37949493527412415,0.3859666585922241,0.38114655017852783,0.2796964943408966,0.29344862699508667
489,0.1423570066690445,0.0,0.0,0.0,0.35009899735450745,0.0,0.0,0.35113608837127686,0.0,0.0,0.0,0.0,0.1291777491569519,0.0,0.0,0.0,0.024678785353899002,0.0,0.0,0.002551432466134429,0.2453303337097168,0.0,0.0,0.0,0.39540553092956543,0.0,0.0,0.23455840349197388,0.0,0.0,0.0,0.0,0.09137304127216339,0.0,0.0,0.0,0.0265181977301836,0.0,0.0,0.0068145073018968105,0.125,0.09409181773662567,0.10790762305259705,0.14271456003189087,0.3460775315761566,0.20818279683589935,0.23393544554710388,0.0703032910823822,0.00022518925834447145,7.731943333055824e-05,1.715445250738412e-05,0.00022438996529672295,9.879418212221935e-05,2.6130826881853864e-05,9.352903589388006e-07,2.1589337848126888e-05,0.00041712287929840386,0.00016871884872671217,6.290360033744946e-05,0.0007514846511185169,0.10752993077039719,0.15640124678611755,0.33692896366119385,-0.02461233176290989,-0.42366498708724976,3.3940184116363525,0.21047484874725342,0.28017178177833557,0.3590622544288635,0.20624016225337982,0.22300662100315094,0.32021573185920715,0.2884964644908905,0.4223957061767578,0.3530803620815277,0.24696744978427887,0.29637154936790466
490,0.12365080416202545,0.0,0.0,0.0,0.33563798666000366,0.0,0.0,0.3542953133583069,0.0,0.0,0.0,0.0,0.15066257119178772,0.0,0.0,0.0,0.03178689256310463,0.0,0.0,0.003966400399804115,0.25855064392089844,0.0,0.0,0.0,0.4043246805667877,0.0,0.0,0.22092346847057343,0.0,0.0,0.0,0.0,0.08298316597938538,0.0,0.0,0.0,0.026796618476510048,0.0,0.0,0.006421396508812904,0.10192307829856873,0.09333333373069763,0.09998752176761627,0.1514970064163208,0.31512725353240967,0.206619992852211,0.21635034680366516,0.15431810915470123,0.00019662246631924063,7.29122111806646e-05,1.646970667934511e-05,0.00020116526866331697,9.45509018492885e-05,2.4230475901276805e-05,9.10619064597995e-07,2.118207157764118e-05,0.00039689766708761454,0.00016150271403603256,5.8954163250746205e-05,0.0006215354660525918,0.10020182281732559,0.1864086091518402,0.36322200298309326,-0.03415922448039055,-0.49256545305252075,3.5333943367004395,0.17674221098423004,0.32442402839660645,0.37026989459991455,0.22830937802791595,0.23989108204841614,0.308152973651886,0.24005919694900513,0.36603689193725586,0.3190508186817169,0.23231957852840424,0.2944125533103943
491,0.21296216547489166,0.0,0.0,0.0,0.36537206172943115,0.0,0.0,0.2582569420337677,0.0,0.0,0.0,0.0,0.13785143196582794,0.0,0.0,0.0,0.023079780861735344,0.0,0.0,0.0024775920901447535,0.26000601053237915,0.0,0.0,0.0,0.4088713526725769,0.0,0.0,0.219406396150589,0.0,0.0,0.0,0.0,0.07992447912693024,0.0,0.0,0.0,0.024995561689138412,0.0,0.0,0.006796189583837986,0.11346153914928436,0.11049900203943253,0.09477902948856354,0.15029940009117126,0.3031483590602875,0.21691079437732697,0.18334762752056122,0.12395110726356506,0.00022883297060616314,8.37869883980602e-05,1.6506070096511394e-05,0.0002149993961211294,9.89923719316721e-05,2.7137777578900568e-05,9.495641393186816e-07,2.300387313880492e-05,0.0004390677495393902,0.00018414619262330234,5.8821344282478094e-05,0.0007154835620895028,0.09636031091213226,0.1634022742509842,0.37206315994262695,-0.0437648631632328,-0.5070219039916992,3.558101177215576,0.23362962901592255,0.41917848587036133,0.3990671932697296,0.22985205054283142,0.2190120667219162,0.3429681062698364,0.2335026115179062,0.34209612011909485,0.2669534981250763,0.24474184215068817,0.27510616183280945
492,0.1714753806591034,0.0,0.0,0.0,0.3499186038970947,0.0,0.0,0.2615549564361572,0.0,0.0,0.0,0.0,0.18537326157093048,0.0,0.0,0.0,0.028369909152388573,0.0,0.0,0.0033079260028898716,0.2632170617580414,0.0,0.0,0.0,0.41290292143821716,0.0,0.0,0.21639250218868256,0.0,0.0,0.0,0.0,0.07736045867204666,0.0,0.0,0.0,0.023359835147857666,0.0,0.0,0.00676722452044487,0.15000000596046448,0.09297405183315277,0.09201498329639435,0.14051896333694458,0.3684489130973816,0.22326752543449402,0.19509126245975494,0.2342342883348465,0.0002764265227597207,6.964202475501224e-05,1.5463832824025303e-05,0.00015748714213259518,0.00012524620979093015,2.3139054974308237e-05,9.344977343062055e-07,2.1232961444184184e-05,0.0005137240514159203,0.00014935283979866654,5.35675062565133e-05,0.00045948929619044065,0.09270437806844711,0.21704190969467163,0.45247682929039,-0.049051206558942795,-0.4014921188354492,3.7777063846588135,0.1705002784729004,0.37237343192100525,0.33872291445732117,0.24817629158496857,0.20809900760650635,0.3699994385242462,0.27084386348724365,0.30597177147865295,0.28315988183021545,0.27963536977767944,0.2660745084285736
493,0.18712998926639557,0.0,0.0,0.0,0.30785951018333435,0.0,0.0,0.23002217710018158,0.0,0.0,0.0,0.0,0.22355900704860687,0.0,0.0,0.0,0.04515235126018524,0.0,0.0,0.006276964209973812,0.24764098227024078,0.0,0.0,0.0,0.39707180857658386,0.0,0.0,0.2286638766527176,0.0,0.0,0.0,0.0,0.09113846719264984,0.0,0.0,0.0,0.02810923010110855,0.0,0.0,0.007375646848231554,0.17115384340286255,0.11856287717819214,0.1081373319029808,0.14091816544532776,0.3940986394882202,0.3145286440849304,0.29959583282470703,0.23261526226997375,0.0003240758378524333,8.512428030371666e-05,1.7695221686153673e-05,0.0002127517363987863,0.00013013457646593451,2.7645488444250077e-05,9.570260317559587e-07,2.22983981075231e-05,0.0005964262527413666,0.00018201750935986638,6.402675353456289e-05,0.0007252636714838445,0.10920014977455139,0.27497604489326477,0.44034406542778015,-0.016411185264587402,-0.46710482239723206,3.399103879928589,0.2208639234304428,0.31491169333457947,0.38529178500175476,0.2202005684375763,0.20572634041309357,0.41792067885398865,0.24901796877384186,0.28787553310394287,0.38733604550361633,0.3404107689857483,0.35063156485557556
494,0.09086272120475769,0.0,0.0,0.0,0.3946939706802368,0.0,0.0,0.31948545575141907,0.0,0.0,0.0,0.0,0.15083372592926025,0.0,0.0,0.0,0.03995758667588234,0.0,0.0,0.004166571423411369,0.2444765567779541,0.0,0.0,0.0,0.39765340089797974,0.0,0.0,0.2322673797607422,0.0,0.0,0.0,0.0,0.09124050289392471,0.0,0.0,0.0,0.02738587185740471,0.0,0.0,0.00697628129273653,0.20961537957191467,0.11876247823238373,0.10739576071500778,0.1175648644566536,0.5433356761932373,0.3000459372997284,0.2654338777065277,0.053054794669151306,0.0003432618104852736,8.518691902281716e-05,1.7911432223627344e-05,0.00018095971609000117,0.00011597959382925183,2.7545542252482846e-05,9.595896699465811e-07,2.3623897504876368e-05,0.0006802856805734336,0.00019397580763325095,6.434522947529331e-05,0.0005376919289119542,0.10829776525497437,0.1949497014284134,0.5735670924186707,-0.01934373378753662,-0.5988938808441162,3.3920979499816895,0.2046889215707779,0.3454463481903076,0.29964953660964966,0.25371262431144714,0.22307327389717102,0.43748754262924194,0.27015116810798645,0.3020227253437042,0.40864163637161255,0.3098854124546051,0.38828983902931213
495,0.1546245813369751,0.0,0.0,0.0,0.38331276178359985,0.0,0.0,0.2713313400745392,0.0,0.0,0.0,0.0,0.14481313526630402,0.0,0.0,0.0,0.042199619114398956,0.0,0.0,0.0037185654509812593,0.23914089798927307,0.0,0.0,0.0,0.393981397151947,0.0,0.0,0.23848167061805725,0.0,0.0,0.0,0.0,0.09434759616851807,0.0,0.0,0.0,0.02688034623861313,0.0,0.0,0.0071680922992527485,0.23461538553237915,0.10986027866601944,0.11047191172838211,0.11976047605276108,0.5039613842964172,0.2761822044849396,0.257348895072937,0.03962564095854759,0.00039332296000793576,8.483476267429069e-05,1.8384442228125408e-05,0.00019119596981909126,0.00015560066094622016,2.729141851887107e-05,9.512463066130294e-07,2.2989690478425473e-05,0.0007036117604002357,0.00018718901264946908,6.388648762367666e-05,0.0005985277821309865,0.11069407314062119,0.19072315096855164,0.6701620817184448,-0.021003352478146553,-0.6139066815376282,3.4445557594299316,0.21219997107982635,0.31582775712013245,0.2626795470714569,0.2831595838069916,0.23307514190673828,0.40601274371147156,0.25631219148635864,0.28387483954429626,0.44178786873817444,0.295237272977829,0.389767050743103
496,0.19563302397727966,0.0,0.0,0.0,0.4073631167411804,0.0,0.0,0.23827506601810455,0.0,0.0,0.0,0.0,0.11825275421142578,0.0,0.0,0.0,0.03424109145998955,0.0,0.0,0.006234984379261732,0.25131386518478394,0.0,0.0,0.0,0.4029735028743744,0.0,0.0,0.22492364048957825,0.0,0.0,0.0,0.0,0.0880911722779274,0.0,0.0,0.0,0.025418780744075775,0.0,0.0,0.007279038894921541,0.14615385234355927,0.10019960254430771,0.10426217317581177,0.10858283191919327,0.3608824908733368,0.2043396234512329,0.22961688041687012,0.04600723832845688,0.00029142783023416996,7.87137178122066e-05,1.7720871255733073e-05,0.0001804501807782799,0.00012182824139017612,2.5604735128581524e-05,9.67001824392355e-07,2.1194055079831742e-05,0.0005452564219012856,0.0001746319467201829,6.04924134677276e-05,0.0005538350087590516,0.10412684828042984,0.1587216556072235,0.42300015687942505,-0.03820972889661789,-0.5573164224624634,3.57236909866333,0.20378057658672333,0.27974116802215576,0.26109740138053894,0.30647513270378113,0.23978206515312195,0.33164310455322266,0.3521215617656708,0.27584055066108704,0.4430597722530365,0.259522944688797,0.40929916501045227
497,0.1518528014421463,0.0,0.0,0.0,0.3048492968082428,0.0,0.0,0.2864793837070465,0.0,0.0,0.0,0.0,0.21244831383228302,0.0,0.0,0.0,0.03989769518375397,0.0,0.0,0.004472477827221155,0.2546749711036682,0.0,0.0,0.0,0.4015992283821106,0.0,0.0,0.2243885099887848,0.0,0.0,0.0,0.0,0.08660698682069778,0.0,0.0,0.0,0.02545538730919361,0.0,0.0,0.0072748903185129166,0.13653846085071564,0.11161676794290543,0.10184270143508911,0.13672654330730438,0.27236562967300415,0.24271845817565918,0.2192021757364273,0.3081775903701782,0.0002874828642234206,9.062853496288881e-05,1.7814876628108323e-05,0.00017594553355593234,0.00012770101602654904,2.9452930903062224e-05,9.987193152483087e-07,2.1621357518597506e-05,0.000530953926499933,0.00020978350949008018,6.242112431209534e-05,0.0005518237594515085,0.10285793989896774,0.25680971145629883,0.5799731612205505,-0.04251231253147125,-0.4770537316799164,3.4704809188842773,0.26542729139328003,0.2935172915458679,0.28863707184791565,0.22610652446746826,0.24372781813144684,0.2651544511318207,0.43641600012779236,0.2790966033935547,0.4425150752067566,0.24312332272529602,0.44279178977012634
498,0.07668472081422806,0.0,0.0,0.0,0.19808416068553925,0.0,0.0,0.283321350812912,0.0,0.0,0.0,0.0,0.37924203276634216,0.0,0.0,0.0,0.05813026428222656,0.0,0.0,0.004537444561719894,0.22475923597812653,0.0,0.0,0.0,0.37535327672958374,0.0,0.0,0.24493031203746796,0.0,0.0,0.0,0.0,0.11298388987779617,0.0,0.0,0.0,0.03379072993993759,0.0,0.0,0.008182557299733162,0.15000000596046448,0.1601995974779129,0.13119851052761078,0.18642714619636536,0.2675897181034088,0.3287419378757477,0.3493155539035797,0.5508561730384827,0.000296645681373775,0.00010528068378334865,1.997299477807246e-05,0.00026361754862591624,0.00012899067951366305,3.2912197639234364e-05,9.846658031165134e-07,2.3726464860374108e-05,0.0005432463949546218,0.00024193718854803592,7.685229502385482e-05,0.0008637309656478465,0.133548304438591,0.441897451877594,0.648928165435791,0.01956525444984436,-0.554850697517395,3.0155158042907715,0.23846016824245453,0.33841249346733093,0.3433743119239807,0.27982211112976074,0.2188108265399933,0.24212493002414703,0.43114158511161804,0.3347858488559723,0.45091092586517334,0.23049893975257874,0.38244086503982544
499,0.06201299652457237,0.0,0.0,0.0,0.18462558090686798,0.0,0.0,0.35383185744285583,0.0,0.0,0.0,0.0,0.31414568424224854,0.0,0.0,0.0,0.07283914089202881,0.0,0.0,0.012544705532491207,0.22814661264419556,0.0,0.0,0.0,0.37513044476509094,0.0,0.0,0.2425416111946106,0.0,0.0,0.0,0.0,0.10939870029687881,0.0,0.0,0.0,0.03657381981611252,0.0,0.0,0.0082088029012084,0.15000000596046448,0.14758482575416565,0.13149313628673553,0.17684629559516907,0.33969947695732117,0.3275793492794037,0.3844306766986847,0.4384610950946808,0.000260013563092798,9.704720287118107e-05,2.000735912588425e-05,0.0001925100659718737,0.00010746615589596331,3.11463518301025e-05,1.0284879863320384e-06,2.325202149222605e-05,0.0004633513744920492,0.00021752550674136728,7.391179678961635e-05,0.0006162638892419636,0.1329776495695114,0.39951959252357483,0.49268263578414917,0.018931183964014053,-0.6510441899299622,3.050384283065796,0.21647125482559204,0.3310540020465851,0.3653031885623932,0.25356802344322205,0.22477751970291138,0.21400058269500732,0.3664533197879791,0.327921986579895,0.41044533252716064,0.23638780415058136,0.36092835664749146
