step,CV_eff,CV_eff__c1,CV_eff__c2,CV_eff__f1,CV_eff__f2,CV_eff_act,N,Pi,Pi__c1,Pi__c2,Pi__f1,Pi__f2,absmu_med__c1,absmu_med__c2,absmu_med__f1,absmu_med__f2,cos_max,cos_mean,cos_min,g_CV_eff,g_CV_eff__c1,g_CV_eff__c2,g_CV_eff__f1,g_CV_eff__f2,g_CV_eff_act,g_N,g_Pi,g_Pi__c1,g_Pi__c2,g_Pi__f1,g_Pi__f2,g_absmu_med__c1,g_absmu_med__c2,g_absmu_med__f1,g_absmu_med__f2,g_cos_max,g_cos_mean,g_cos_min,g_norm_0,g_norm_1,g_norm_2,g_norm_3,g_norm_4,g_norm_5,g_norm_6,g_norm_7,g_norm_8,g_norm_9,g_scale,g_sigma_H,norm_0,norm_1,norm_2,norm_3,norm_4,norm_5,norm_6,norm_7,norm_8,norm_9,scale,sigma_H
0,3.4614646434783936,2.2100565433502197,2.4568841457366943,3.46097469329834,4.43026065826416,3.4591442238898225,0.14207248389720917,0.9995416402816772,0.9995402693748474,0.9996802806854248,0.9993172883987427,0.9998857378959656,0.00014504516730085015,9.573192073730752e-05,1.3898519682697952e-05,9.726505231810734e-05,0.3584849536418915,-0.025292735546827316,-0.2042461335659027,3.4614644050598145,2.2100565433502197,2.4568843841552734,3.460974931716919,4.430260181427002,3.4591442245837487,0.14207252860069275,0.9995415806770325,0.9995403289794922,0.9996803998947144,0.9993172287940979,0.9998857378959656,0.0014504515565931797,0.0009573191637173295,0.0001389851822750643,0.0009726498392410576,0.3584849536418915,-0.025292735546827316,-0.2042461335659027,2.1966471672058105,1.8787841796875,1.9371103048324585,1.8522813320159912,1.7804512977600098,1.77396559715271,1.7984867095947266,1.752331256866455,2.686795711517334,2.2161152362823486,1.9872969388961792,1.9283933639526367,0.21966470777988434,0.18787842988967896,0.19371101260185242,0.1852281391620636,0.1780451387166977,0.17739655077457428,0.17984867095947266,0.1752331256866455,0.26867955923080444,0.22161152958869934,0.19872967898845673,0.1928393393754959
1,3.3271944522857666,2.094104051589966,2.2729597091674805,3.318577766418457,4.472772121429443,3.326282177653494,0.089347243309021,0.9997615814208984,0.9996885657310486,0.999739944934845,0.9997199773788452,0.9999018907546997,0.00024604558711871505,0.00017628549539949745,2.587776725704316e-05,0.00017577724065631628,0.2917397916316986,-0.0177376139909029,-0.18376284837722778,3.1237599849700928,2.0669515132904053,2.1391072273254395,3.1180014610290527,4.247711181640625,3.1218012393073753,0.10123766958713531,0.9996433258056641,0.9999804496765137,0.9997559785842896,0.9994951486587524,0.999843955039978,0.0013259043917059898,0.0009470250806771219,0.000140376781928353,0.0009294113260693848,0.33898359537124634,-0.004135526716709137,-0.1945841908454895,1.9807287454605103,1.4387153387069702,1.6462589502334595,1.5747897624969482,1.702987551689148,1.8470115661621094,2.0217368602752686,1.9560078382492065,1.7160230875015259,1.7522259950637817,1.7636486291885376,1.6882652044296265,0.3914876878261566,0.3061085045337677,0.3333984911441803,0.3168550133705139,0.3249826431274414,0.3401678800582886,0.3592560887336731,0.3464505970478058,0.4094274938106537,0.3698467016220093,0.3497981131076813,0.33632922172546387
2,3.2554244995117188,2.003095865249634,2.203794002532959,3.2562875747680664,4.3977508544921875,3.254679149915131,0.08935558795928955,0.9997655153274536,0.9998282194137573,0.9996323585510254,0.9998239874839783,0.9998096823692322,0.0003699321241583675,0.0002482617856003344,3.636912879301235e-05,0.0002520841662772,0.2960667908191681,-0.013360508717596531,-0.13894139230251312,3.104778289794922,1.9675357341766357,2.1441776752471924,3.1165595054626465,4.13631534576416,3.1028505171822935,0.1273946762084961,0.9996494650840759,0.9995988607406616,0.9997065663337708,0.999502420425415,0.999933660030365,0.001420935383066535,0.0009255596669390798,0.00013581178791355342,0.0009385498124174774,0.26566800475120544,-0.00220391689799726,-0.17111973464488983,1.7270817756652832,1.9274630546569824,1.3175278902053833,1.6743087768554688,1.339282512664795,1.7004401683807373,1.7981728315353394,1.7029165029525757,1.949616551399231,1.9736299514770508,1.7110439538955688,1.6418142318725586,0.5219494700431824,0.4611121714115143,0.4223759174346924,0.4482157230377197,0.4186428487300873,0.47173190116882324,0.49973952770233154,0.479020893573761,0.5561031103134155,0.5242560505867004,0.4803147315979004,0.4609702229499817
3,3.2905962467193604,1.9474905729293823,2.207599401473999,3.3067193031311035,4.444080352783203,3.290152555613865,0.110041044652462,0.9998680949211121,0.9999982118606567,0.9998182654380798,0.9998474717140198,0.9999879002571106,0.0004835531290154904,0.00031548889819532633,4.5613520342158154e-05,0.00031763737206347287,0.22602295875549316,-0.015744805335998535,-0.09591016173362732,3.314356565475464,1.9018526077270508,2.2543206214904785,3.3687002658843994,4.34669303894043,3.3124678956333957,0.1791524440050125,0.9996353983879089,0.9995447397232056,0.9997708201408386,0.9994261860847473,0.9999362230300903,0.001733227982185781,0.0009624006343074143,0.00013555445184465498,0.0009709860314615071,0.20066487789154053,-0.015303095802664757,-0.22674672305583954,1.932402491569519,1.4290623664855957,1.8677301406860352,1.9723879098892212,1.631203293800354,1.8331705331802368,2.3089091777801514,1.4477156400680542,2.549481153488159,2.1842846870422363,1.9156347513198853,1.8631747961044312,0.6592317223548889,0.5478725433349609,0.5570874214172363,0.5939813256263733,0.5335320830345154,0.602348804473877,0.6734583973884583,0.5696873068809509,0.7516323328018188,0.6859701871871948,0.6174802184104919,0.5943676829338074
4,3.2433924674987793,1.9203819036483765,2.1886186599731445,3.2510406970977783,4.371493816375732,3.242624993822907,0.09773172438144684,0.9997612237930298,0.9995671510696411,0.9997049570083618,0.9998846054077148,0.9995435476303101,0.0005454326164908707,0.00037346172030083835,5.442664769361727e-05,0.0003797568497247994,0.17645543813705444,-0.014220161363482475,-0.10868384689092636,3.1234078407287598,1.9616446495056152,2.212911605834961,3.099911689758301,4.135610580444336,3.12165090748678,0.11392547190189362,0.999653697013855,0.9997172355651855,0.9997546076774597,0.9995532631874084,0.9997615218162537,0.00135325628798455,0.0009188308613374829,0.00013730506179854274,0.0009662064840085804,0.18126986920833588,-0.006939698942005634,-0.2590394914150238,1.876712679862976,1.5778452157974243,1.8662530183792114,1.3948285579681396,1.860856533050537,1.7345457077026367,2.057717800140381,1.483466386795044,1.8485435247421265,1.6114367246627808,1.7312206029891968,1.6594434976577759,0.7751968502998352,0.6448001861572266,0.6825551390647888,0.6690751314163208,0.6600157618522644,0.7112653255462646,0.8074547052383423,0.6538501977920532,0.8573746085166931,0.7734082937240601,0.723499596118927,0.6946778297424316
5,3.249819755554199,1.9128291606903076,2.193969964981079,3.258086919784546,4.368874549865723,3.2493175523261013,0.09996836632490158,0.9998222589492798,0.9997683167457581,0.9998060464859009,0.9998934864997864,0.9996710419654846,0.0006556323496624827,0.00042646369547583163,6.193579611135647e-05,0.0004347373906057328,0.1958412230014801,-0.015240399166941643,-0.09784090518951416,3.2323832511901855,1.9355677366256714,2.2659153938293457,3.252183675765991,4.169498443603516,3.2306192913227174,0.16254690289497375,0.9996606111526489,0.9994537830352783,0.9997717142105103,0.9994767904281616,0.9999454021453857,0.0016347559867426753,0.0009433106752112508,0.00013513260637409985,0.0009492081007920206,0.2608066201210022,-0.013117549009621143,-0.21349485218524933,1.3063536882400513,1.7549645900726318,1.683319330215454,1.7587754726409912,1.8410907983779907,1.6289870738983154,2.04864764213562,1.8253535032272339,2.44753098487854,2.1908693313598633,1.848589301109314,1.7891865968704224,0.8209892511367798,0.7497941851615906,0.7765952348709106,0.7729508280754089,0.7740136384963989,0.7957339286804199,0.9214760661125183,0.7629345655441284,1.0110365152359009,0.9086359739303589,0.8294159770011902,0.7966859340667725
6,3.1792354583740234,1.8698052167892456,2.1615493297576904,3.1828882694244385,4.233749866485596,3.17882244199287,0.1058662086725235,0.9998416304588318,0.9999215602874756,0.9997237920761108,0.9998942613601685,0.9998733997344971,0.0007553014438599348,0.0004737274721264839,6.880373985040933e-05,0.0004944701213389635,0.18571186065673828,-0.011797989718616009,-0.0921328067779541,2.910616397857666,1.8311125040054321,2.0999574661254883,2.899388313293457,3.7015738487243652,2.908547237592182,0.16080130636692047,0.9995858073234558,0.9999641180038452,0.9996317625045776,0.9994332790374756,0.9998581409454346,0.0015631363494321704,0.000891338859219104,0.00013673542707692832,0.0009445520117878914,0.23146435618400574,0.006788785103708506,-0.17328709363937378,1.9926658868789673,1.5097932815551758,1.5374157428741455,1.3388645648956299,1.5485305786132812,1.490915298461914,1.8912769556045532,1.730514645576477,2.2457010746002197,1.4733107089996338,1.6758989095687866,1.605323314666748,0.9322829246520996,0.8179065585136414,0.8438471555709839,0.8227531313896179,0.8427165746688843,0.8600420951843262,1.0134119987487793,0.8547683954238892,1.1297013759613037,0.9587921500205994,0.9076222777366638,0.8706409931182861
7,3.1701431274414062,1.8830974102020264,2.154545545578003,3.1763827800750732,4.204430103302002,3.1696694323130346,0.10546733438968658,0.9998428225517273,0.9993360638618469,0.9997214078903198,0.9998779892921448,0.9999492168426514,0.000858569925185293,0.0005169262294657528,7.566768181277439e-05,0.0005281662452034652,0.17762605845928192,-0.011519739404320717,-0.11150899529457092,3.038701057434082,1.9728864431381226,2.163344144821167,3.051234483718872,3.8427915573120117,3.0374027378569166,0.13513104617595673,0.9997362494468689,0.9994720816612244,0.9997870326042175,0.9996495246887207,0.9998766779899597,0.0017842960078269243,0.0009630884160287678,0.00014217643183656037,0.0010215097572654486,0.21130740642547607,-0.003103402676060796,-0.27599188685417175,2.0069315433502197,1.5628691911697388,1.6114829778671265,2.087026834487915,1.6731231212615967,1.9415940046310425,1.880147099494934,1.5655937194824219,2.257645606994629,2.2368521690368652,1.8823264837265015,1.8042469024658203,1.0324076414108276,0.8809167146682739,0.9122647047042847,0.9398216605186462,0.9163462519645691,0.9613022208213806,1.0916743278503418,0.9172839522361755,1.2318471670150757,1.080802321434021,0.9964666366577148,0.9555785655975342
8,3.123617172241211,1.8220502138137817,2.130380630493164,3.134129285812378,4.092475891113281,3.123082402072505,0.10988692194223404,0.9998137950897217,0.9996082186698914,0.999803900718689,0.9998819828033447,0.9996797442436218,0.001012575114145875,0.0005641222815029323,8.23587688500993e-05,0.00058693066239357,0.1660567969083786,-0.01024100836366415,-0.13390955328941345,2.7361807823181152,1.531960129737854,1.9820588827133179,2.772444248199463,3.3389456272125244,2.735065779932426,0.17414551973342896,0.9997633695602417,0.9999564290046692,0.999764084815979,0.999656081199646,0.9999550580978394,0.0022353220265358686,0.0010570876765996218,0.0001453795121051371,0.001032044063322246,0.27785366773605347,0.01082274504005909,-0.3295559585094452,2.0359010696411133,1.5704336166381836,2.0384435653686523,1.7643803358078003,1.5629055500030518,1.7055459022521973,2.085214614868164,2.404979944229126,2.668874502182007,1.7925739288330078,1.9629253149032593,1.8714015483856201,1.123690128326416,0.9341676235198975,1.0163103342056274,1.014174222946167,0.9738196730613708,1.0259435176849365,1.1827970743179321,1.0574871301651,1.3644688129425049,1.1449339389801025,1.0837793350219727,1.0383881330490112
9,3.0700461864471436,1.7148338556289673,2.09743595123291,3.0888452529907227,3.9808335304260254,3.069589878741341,0.1282731294631958,0.9998385906219482,0.9999746680259705,0.9997433423995972,0.9998877048492432,0.9998411536216736,0.0011906049912795424,0.00060370221035555,8.850947779137641e-05,0.0006147200474515557,0.16979140043258667,-0.008567365817725658,-0.1179695650935173,2.686837911605835,1.3499629497528076,1.8937017917633057,2.7702112197875977,3.3671982288360596,2.685810413740042,0.22903890907764435,0.999757707118988,0.9999545812606812,0.9997690916061401,0.9996658563613892,0.9998885989189148,0.0028267866000533104,0.0010966418776661158,0.0001418875763192773,0.000999489682726562,0.30856311321258545,0.008882013149559498,-0.2256058156490326,2.235888957977295,1.5254571437835693,1.7239981889724731,1.6553939580917358,1.6843611001968384,1.7310140132904053,2.24908447265625,2.137794017791748,3.1778502464294434,1.965644121170044,2.008648633956909,1.9312385320663452,1.2224795818328857,0.9863793849945068,1.0752159357070923,1.068438172340393,1.031243920326233,1.086105465888977,1.2727774381637573,1.1565104722976685,1.528789758682251,1.21187424659729,1.1639814376831055,1.1158169507980347
10,2.9952127933502197,1.5819861888885498,2.0414605140686035,3.0367801189422607,3.8348941802978516,2.9946907065013426,0.13992393016815186,0.9998241066932678,0.9990699887275696,0.9997662305831909,0.9998986721038818,0.9997899532318115,0.0013436905574053526,0.000653412367682904,9.467150084674358e-05,0.0006566456286236644,0.19415873289108276,-0.005645157303661108,-0.13652408123016357,2.499351978302002,1.2131168842315674,1.6931712627410889,2.6569254398345947,3.094503402709961,2.498488310758864,0.23241400718688965,0.9997699856758118,0.9999513626098633,0.9997778534889221,0.999674916267395,0.9998942017555237,0.00312450947239995,0.0012330164900049567,0.00014511491463053972,0.0010518500348553061,0.3981855511665344,0.03090415522456169,-0.24573424458503723,2.7281832695007324,1.8717031478881836,1.542962670326233,1.7739598751068115,1.7983518838882446,1.9609684944152832,2.7287802696228027,2.4256198406219482,2.9794700145721436,1.604319453239441,2.1414318084716797,2.0411899089813232,1.360909104347229,1.0612835884094238,1.108811378479004,1.1278778314590454,1.096001148223877,1.163714051246643,1.406991958618164,1.2710245847702026,1.657038688659668,1.229400396347046,1.248305320739746,1.195591926574707
11,2.8726248741149902,1.385506510734558,1.9222301244735718,2.963810443878174,3.629878282546997,2.8721607891217973,0.1471392959356308,0.999838650226593,0.999125063419342,0.9996400475502014,0.9999128580093384,0.999992847442627,0.001566684222780168,0.0007143506081774831,0.00010011894482886419,0.0006950143724679947,0.19250905513763428,3.7825771869393066e-05,-0.13037437200546265,2.193694829940796,0.957009494304657,1.3922568559646606,2.451725721359253,2.722113847732544,2.1930192001342035,0.20016707479953766,0.9997549057006836,0.9994637370109558,0.9997660517692566,0.999636709690094,0.9999533295631409,0.005239203106611967,0.0014884148258715868,0.00013609106827061623,0.001064490294083953,0.39528799057006836,0.058399636298418045,-0.28473716974258423,2.6139237880706787,1.8819164037704468,2.3158223628997803,2.089526653289795,1.8854306936264038,1.9530106782913208,2.4348652362823486,2.4561362266540527,3.4658045768737793,2.9409708976745605,2.403740644454956,2.2305941581726074,1.464619755744934,1.1288948059082031,1.2093803882598877,1.2116342782974243,1.1628715991973877,1.2258493900299072,1.4901853799819946,1.375878930091858,1.8193154335021973,1.3740062713623047,1.3462637662887573,1.2851176261901855
12,2.6866044998168945,1.2270046472549438,1.767425775527954,2.8233988285064697,3.3754172325134277,2.6862959380465274,0.17444828152656555,0.9998724460601807,0.9999759793281555,0.9997419118881226,0.9999180436134338,0.9999372959136963,0.0018847920000553131,0.0008033164194785058,0.00010560619557509199,0.0007609255262650549,0.20577408373355865,0.011179177090525627,-0.13202090561389923,1.8953293561935425,0.9201712608337402,1.2471200227737427,2.107095241546631,2.363962411880493,1.894909709674109,0.3095228374004364,0.9998478889465332,0.9997223019599915,0.9998310208320618,0.9997727870941162,0.9999939203262329,0.00655065942555666,0.0018093334510922432,0.00014922879927325994,0.0012252103770151734,0.4687801003456116,0.11590790748596191,-0.38234516978263855,2.6590049266815186,1.6800109148025513,2.1319239139556885,1.4049372673034668,2.014180898666382,1.9497424364089966,3.2503960132598877,2.8695647716522217,4.102726459503174,2.7464239597320557,2.480890989303589,2.2969157695770264,1.561020016670227,1.1683416366577148,1.2843374013900757,1.1932015419006348,1.2355128526687622,1.2750232219696045,1.6435426473617554,1.5101479291915894,2.021352529525757,1.4949301481246948,1.4387410879135132,1.3687279224395752
13,2.4535083770751953,1.0608878135681152,1.573842167854309,2.6463840007781982,3.0686872005462646,2.453253518711027,0.19299352169036865,0.9998703598976135,0.9991962909698486,0.9998522996902466,0.9999134540557861,0.9999116063117981,0.0024146190844476223,0.000925766711588949,0.00011096678645117208,0.0008209131774492562,0.26342886686325073,0.029156869277358055,-0.14093755185604095,1.5975027084350586,0.739462673664093,1.0016157627105713,1.83694326877594,2.0086617469787598,1.5972629105953675,0.278450071811676,0.9998731017112732,0.99994295835495,0.9998549818992615,0.9998133778572083,0.9999552965164185,0.008793369866907597,0.002191634615883231,0.00014942898997105658,0.001316480222158134,0.5270185470581055,0.16979879140853882,-0.29025691747665405,2.76202654838562,1.8683141469955444,1.8559930324554443,2.1505255699157715,2.230372905731201,2.3799803256988525,3.6193504333496094,3.241122245788574,4.246502876281738,3.370793342590332,2.7724978923797607,2.4394450187683105,1.6499494314193726,1.2156554460525513,1.327217936515808,1.2683939933776855,1.296909213066101,1.3675981760025024,1.8144570589065552,1.663271188735962,2.220643997192383,1.6633433103561401,1.5487440824508667,1.4606587886810303
14,2.2874791622161865,0.9799964427947998,1.446901559829712,2.4999778270721436,2.872985363006592,2.2873146071297215,0.19991619884967804,0.9999164938926697,0.9998795390129089,0.9998388290405273,0.999933123588562,0.9999944567680359,0.002922499319538474,0.0010172183392569423,0.00011537345562828705,0.0008505648002028465,0.3136237859725952,0.04626556485891342,-0.15688316524028778,1.5588303804397583,0.7699882984161377,1.0031256675720215,1.7541455030441284,1.964896321296692,1.558483336129277,0.25301676988601685,0.999853253364563,0.9995138645172119,0.9998601078987122,0.9997925162315369,0.9999893307685852,0.007387334015220404,0.0019611536990851164,0.00014722398191224784,0.0010547904530540109,0.5752770900726318,0.1805722564458847,-0.17522132396697998,2.6930394172668457,1.9616564512252808,2.185472249984741,1.6299947500228882,1.3937703371047974,2.320249080657959,3.166322946548462,2.6560637950897217,3.4223833084106445,2.3856639862060547,2.3814618587493896,2.0676300525665283,1.7325454950332642,1.272634744644165,1.400618314743042,1.2895820140838623,1.2896424531936646,1.4363276958465576,1.9374274015426636,1.7400277853012085,2.314694881439209,1.7130376100540161,1.6126537322998047,1.5068663358688354
15,2.1524198055267334,0.92266446352005,1.345978021621704,2.3783907890319824,2.7135746479034424,2.152310217606197,0.21347357332706451,0.9999362826347351,1.0,0.9998993873596191,0.9999275207519531,0.9999861717224121,0.0034463945776224136,0.0011371767614036798,0.00011911559704458341,0.0009089183295145631,0.34478044509887695,0.06181776523590088,-0.16124385595321655,1.59292471408844,0.7744253277778625,1.0032950639724731,1.79392409324646,2.0368051528930664,1.5927295244165716,0.29284432530403137,0.9999072551727295,0.9999679923057556,0.9999067187309265,0.9998345971107483,0.9999865889549255,0.009497172199189663,0.0022830187808722258,0.00014874462794978172,0.0011821305379271507,0.49022698402404785,0.1701377034187317,-0.2570609450340271,3.7995450496673584,1.9573858976364136,1.9735950231552124,1.7398669719696045,2.097245931625366,2.66955304145813,3.3167128562927246,2.8418922424316406,4.270371913909912,2.7091686725616455,2.7375335693359375,2.415897846221924,1.9200098514556885,1.3187861442565918,1.4473814964294434,1.3176931142807007,1.350786566734314,1.5470523834228516,2.059823513031006,1.8350790739059448,2.4903244972229004,1.7947269678115845,1.708166480064392,1.5840448141098022
16,2.045100450515747,0.8887844681739807,1.2686551809310913,2.2740390300750732,2.590540647506714,2.0448819517051056,0.21919123828411102,0.999874472618103,0.9995250701904297,0.9998288154602051,0.9999375343322754,0.9999033212661743,0.004024402238428593,0.0012389166513457894,0.0001222981372848153,0.0009347420418635011,0.3645254671573639,0.07610685378313065,-0.1617761254310608,1.5820456743240356,0.807815432548523,0.9986119270324707,1.7613085508346558,2.0408053398132324,1.5818422300248345,0.26590675115585327,0.9999091625213623,0.9999688267707825,0.9998719692230225,0.9998694062232971,0.9999979138374329,0.009195013903081417,0.002308366820216179,0.0001458263723179698,0.0010913757141679525,0.5203002691268921,0.1726120263338089,-0.33482885360717773,3.838452100753784,1.8446741104125977,1.8841423988342285,2.407444953918457,2.6411733627319336,2.32435941696167,2.9755451679229736,2.920503854751587,4.299732208251953,2.8323442935943604,2.796837329864502,2.446298837661743,2.0938401222229004,1.3489245176315308,1.478395700454712,1.4115350246429443,1.4693880081176758,1.609194278717041,2.135829448699951,1.9256367683410645,2.6564295291900635,1.884292483329773,1.8013466596603394,1.6566656827926636
17,1.9412262439727783,0.8706608414649963,1.2032642364501953,2.1684813499450684,2.4698486328125,1.9410869204688508,0.2361547201871872,0.9998916983604431,0.9997954964637756,0.9997789263725281,0.9999463558197021,0.9999831318855286,0.004560982342809439,0.0013483016518875957,0.00012530571257229894,0.0009792924392968416,0.3921482563018799,0.09043919295072556,-0.1515926569700241,1.4811248779296875,0.8447622060775757,0.9800435900688171,1.6446635723114014,1.9028974771499634,1.4808780147116831,0.33058515191078186,0.9998524188995361,0.999871551990509,0.9997979402542114,0.9998570084571838,0.9999212622642517,0.009264932945370674,0.0023953726049512625,0.00014415301848202944,0.0010520240757614374,0.5954899787902832,0.19357554614543915,-0.17400066554546356,3.0007028579711914,1.9853272438049316,1.87547767162323,1.4376068115234375,2.0620510578155518,2.5132949352264404,3.5159413814544678,3.0016400814056396,4.633824348449707,3.296565532684326,2.732243299484253,2.384974479675293,2.172912836074829,1.4028302431106567,1.4845184087753296,1.4017757177352905,1.5173192024230957,1.690405011177063,2.25864839553833,2.0223476886749268,2.842015504837036,2.0001134872436523,1.879288673400879,1.7166019678115845
18,1.8901633024215698,0.855821967124939,1.1645911931991577,2.1092889308929443,2.420177936553955,1.8900855546901032,0.22793890535831451,0.9999111890792847,0.9999887943267822,0.9998947978019714,0.9999469518661499,0.9998698830604553,0.0049196043983101845,0.0014112001517787576,0.00012662388326134533,0.0009967619553208351,0.42810118198394775,0.09969359636306763,-0.18042227625846863,1.639577865600586,0.8268325328826904,1.0109601020812988,1.7917734384536743,2.155959367752075,1.639278981395239,0.20912151038646698,0.999870777130127,0.9999918937683105,0.9998631477355957,0.999782919883728,0.9999816417694092,0.006966741289943457,0.0019935329910367727,0.00013505139213521034,0.0009734226623550057,0.6991106867790222,0.16968050599098206,-0.3511623740196228,2.90434193611145,2.157602310180664,1.8998111486434937,2.407604694366455,1.6613916158676147,2.145528554916382,2.160419464111328,2.9591054916381836,3.2374632358551025,3.0596120357513428,2.4592881202697754,2.1450023651123047,2.2358286380767822,1.4663575887680054,1.5089372396469116,1.4868245124816895,1.5213907957077026,1.7256935834884644,2.2243545055389404,2.1019997596740723,2.873415470123291,2.089459180831909,1.9234260320663452,1.743759036064148
19,1.8707846403121948,0.8761373162269592,1.1593953371047974,2.084399461746216,2.395336627960205,1.8706482637130755,0.23405678570270538,0.9999058842658997,0.9999683499336243,0.9998739957809448,0.9999281167984009,0.999907910823822,0.005054675042629242,0.0014541222481057048,0.0001277974952245131,0.001030419603921473,0.4346458315849304,0.10266406834125519,-0.1705130636692047,1.7642170190811157,1.0706077814102173,1.1862083673477173,1.925391435623169,2.2047502994537354,1.7639092049438885,0.2777361273765564,0.9998602867126465,0.9999814629554749,0.9998529553413391,0.9997905492782593,0.9999430775642395,0.005822654813528061,0.0018303034594282508,0.0001340115995844826,0.0009670071303844452,0.4679434299468994,0.12540270388126373,-0.24607160687446594,2.9189181327819824,1.9724149703979492,2.2182259559631348,1.8339017629623413,1.6952489614486694,1.6946121454238892,3.3160505294799805,2.3752408027648926,3.7908451557159424,2.58099365234375,2.439645290374756,2.20274019241333,2.2962114810943604,1.5071346759796143,1.5689215660095215,1.5018668174743652,1.5284854173660278,1.7081643342971802,2.325376272201538,2.116527557373047,2.9579296112060547,2.1306865215301514,1.9641304016113281,1.779005527496338
20,1.80857253074646,0.8690447807312012,1.1211457252502441,2.020338296890259,2.3225457668304443,1.8083157781130237,0.2439287304878235,0.9998618364334106,0.9988378882408142,0.9998478293418884,0.9999164938926697,0.9999881982803345,0.005441771354526281,0.0015577372396364808,0.0001293941168114543,0.0010279820999130607,0.4482392966747284,0.11292946338653564,-0.17418073117733002,1.493125319480896,0.8626996278762817,0.9708518385887146,1.6588776111602783,1.9154913425445557,1.4928464278419913,0.29358747601509094,0.9998558759689331,0.9998598694801331,0.9997801184654236,0.9998325705528259,0.9999921917915344,0.008737978525459766,0.0024845784064382315,0.00013969633437227458,0.0010385866044089198,0.5860288143157959,0.1833452731370926,-0.41900163888931274,3.542635917663574,2.311732292175293,1.9248847961425781,1.884099006652832,2.2503621578216553,2.4292781352996826,3.778571367263794,2.836183786392212,4.566936016082764,3.4392733573913574,2.896395444869995,2.5081026554107666,2.408979892730713,1.5726925134658813,1.5789891481399536,1.5291790962219238,1.586302638053894,1.7680293321609497,2.458743095397949,2.174130439758301,3.10792875289917,2.2446305751800537,2.0429606437683105,1.8402854204177856
21,1.7649543285369873,0.875036895275116,1.1029919385910034,1.9679691791534424,2.2650887966156006,1.764835628213571,0.24794667959213257,0.9999133944511414,0.9996635317802429,0.9998770356178284,0.999945342540741,0.9999648332595825,0.005507023073732853,0.0016158390790224075,0.00013017444871366024,0.0010344254551455379,0.47738584876060486,0.12083707749843597,-0.17519167065620422,1.5453417301177979,0.9765569567680359,1.0608100891113281,1.679724097251892,1.9445617198944092,1.5451040136695982,0.2941242754459381,0.9998800754547119,0.9999672174453735,0.9998230338096619,0.9998465180397034,0.9999880790710449,0.006960383150726557,0.0021801977418363094,0.00013552904420066625,0.0009718029759824276,0.6179046630859375,0.1776285022497177,-0.3588068187236786,3.3253679275512695,2.217064619064331,2.005208730697632,1.9089460372924805,1.9027447700500488,1.8862621784210205,4.056170463562012,2.189793109893799,3.5817956924438477,2.786951780319214,2.5860307216644287,2.2630698680877686,2.4910786151885986,1.6250523328781128,1.6089856624603271,1.551601767539978,1.6023980379104614,1.7619476318359375,2.6023855209350586,2.1636855602264404,3.1486268043518066,2.286393880844116,2.0842156410217285,1.8682854175567627
22,1.7877414226531982,0.9062503576278687,1.124595046043396,1.9860460758209229,2.2901453971862793,1.7875818427301111,0.2491854429244995,0.9998877048492432,0.9999865889549255,0.9998264908790588,0.99994957447052,0.999872624874115,0.005379247944802046,0.0016136326594278216,0.0001291473163291812,0.0010367230279371142,0.47563591599464417,0.11507909744977951,-0.1804182529449463,1.9865984916687012,1.284079909324646,1.3615336418151855,2.1275453567504883,2.4502346515655518,1.9862227491118334,0.24751593172550201,0.9998338222503662,0.999849796295166,0.999823272228241,0.999739944934845,0.9999674558639526,0.0042114281095564365,0.001624011667445302,0.00012042563321301714,0.0008540252456441522,0.4547118544578552,0.07769078016281128,-0.24874943494796753,2.8993499279022217,2.136573553085327,2.067810297012329,1.5647459030151367,2.010394334793091,2.126336097717285,3.3914263248443604,2.3320090770721436,3.589137315750122,2.638762950897217,2.4756546020507812,2.27803111076355,2.5240559577941895,1.6633657217025757,1.640023946762085,1.5370579957962036,1.630140781402588,1.7877670526504517,2.6722939014434814,2.1687591075897217,3.1853580474853516,2.304130792617798,2.111295461654663,1.898962140083313
23,1.7769736051559448,0.93804931640625,1.131217122077942,1.968765377998352,2.271395206451416,1.7768736030113443,0.2543184161186218,0.9999351501464844,1.0,0.9998798370361328,0.9999411106109619,0.9999925494194031,0.005415871739387512,0.0016635485226288438,0.00012917770072817802,0.0010289658093824983,0.4929342269897461,0.11540352553129196,-0.1958737075328827,1.7421213388442993,1.2016589641571045,1.2205653190612793,1.8800798654556274,2.17032790184021,1.741840112500204,0.30402788519859314,0.9998640418052673,0.9998673796653748,0.999848484992981,0.9997988939285278,0.9999691247940063,0.006299946457147598,0.002120119985193014,0.00012511806562542915,0.0008851870079524815,0.5951022505760193,0.12364884465932846,-0.28461650013923645,3.966043710708618,1.9530982971191406,2.2490885257720947,2.7480549812316895,2.02468204498291,2.086817979812622,3.491124391555786,2.2245466709136963,4.521883010864258,2.7738733291625977,2.8039214611053467,2.5416781902313232,2.657445192337036,1.6810768842697144,1.6884857416152954,1.6440069675445557,1.6597099304199219,1.80303156375885,2.744948148727417,2.162498712539673,3.3117611408233643,2.344198703765869,2.1697163581848145,1.9510564804077148
24,1.780767798423767,0.9556505084037781,1.1379228830337524,1.9676412343978882,2.2694528102874756,1.7806637853378708,0.24909959733486176,0.9999380111694336,0.9999923706054688,0.9998800158500671,0.999944806098938,0.9999996423721313,0.005334160290658474,0.0016573095927014947,0.00012913827958982438,0.0010041596833616495,0.4999551773071289,0.11535268276929855,-0.17871449887752533,1.8598313331604004,1.2257750034332275,1.2739017009735107,1.9943829774856567,2.278979778289795,1.8594093028382965,0.24359939992427826,0.9998229146003723,0.9999247789382935,0.9997846484184265,0.9997414350509644,0.9999650120735168,0.004387244116514921,0.001708346651867032,0.0001240902638528496,0.0008497575181536376,0.5391217470169067,0.11190605163574219,-0.29694342613220215,3.5743601322174072,1.7423015832901,2.874880790710449,2.1480889320373535,1.8910741806030273,2.129002809524536,3.2812325954437256,2.3983898162841797,3.1288034915924072,2.0041651725769043,2.5172300338745117,2.2819013595581055,2.7418549060821533,1.674721360206604,1.7932157516479492,1.663596749305725,1.669777512550354,1.825554609298706,2.7901482582092285,2.174612283706665,3.285661458969116,2.2963452339172363,2.1915488243103027,1.9692641496658325
25,1.7939453125,0.9926913380622864,1.156482219696045,1.9689491987228394,2.277156114578247,1.7938084397780658,0.2437434196472168,0.9999179244041443,0.9999991059303284,0.9998260140419006,0.9999406933784485,0.9999987483024597,0.00508730486035347,0.001611823565326631,0.00012847209291066974,0.0009950825478881598,0.5042714476585388,0.11274947226047516,-0.19100423157215118,1.9429303407669067,1.5902680158615112,1.4108092784881592,1.9960424900054932,2.346924304962158,1.9423949535130602,0.18341882526874542,0.999828577041626,0.9999193549156189,0.9998065233230591,0.9997344017028809,0.9999771118164062,0.002434389665722847,0.001340518007054925,0.00011948573228437454,0.0007870977860875428,0.5274280905723572,0.0962904542684555,-0.2885017395019531,2.150533676147461,1.6983023881912231,1.935552716255188,1.4342175722122192,1.8235706090927124,1.713796854019165,2.3491528034210205,1.8838897943496704,2.7983555793762207,2.0688939094543457,1.9856265783309937,1.7949579954147339,2.6735548973083496,1.6668671369552612,1.7991154193878174,1.6269655227661133,1.6705811023712158,1.8048635721206665,2.7352826595306396,2.1352386474609375,3.2296059131622314,2.262721061706543,2.160479784011841,1.9423431158065796
26,1.8332995176315308,1.0450352430343628,1.1951793432235718,1.9974569082260132,2.315157890319824,1.8331957057316337,0.23913006484508514,0.9999207258224487,0.9999783635139465,0.9998405575752258,0.9999469518661499,0.9999825358390808,0.0047689140774309635,0.0015696600312367082,0.0001283991732634604,0.0009849679190665483,0.49948498606681824,0.10414635390043259,-0.19469386339187622,2.2800562381744385,1.9680534601211548,1.6962100267410278,2.3217215538024902,2.7217373847961426,2.279455876082529,0.22709237039089203,0.9998175501823425,0.9999983310699463,0.9997446537017822,0.9997395277023315,0.9999933242797852,0.002047766698524356,0.001352342078462243,0.00012147899542469531,0.0008263300987891853,0.4221447706222534,0.04753779247403145,-0.2695141136646271,2.2962920665740967,2.3235270977020264,1.5750489234924316,1.9759221076965332,2.0407543182373047,1.3311039209365845,2.4582269191741943,2.4969828128814697,3.2360329627990723,2.4695587158203125,2.2203450202941895,2.085146188735962,2.619898796081543,1.7164522409439087,1.765967845916748,1.644423484802246,1.6928339004516602,1.7422055006027222,2.6972100734710693,2.153867244720459,3.221632242202759,2.272958993911743,2.152745008468628,1.9431607723236084
27,1.8731200695037842,1.1110666990280151,1.2406868934631348,2.0249390602111816,2.346867322921753,1.8730140575290477,0.24069111049175262,0.9999341368675232,1.0,0.999862015247345,0.9999533295631409,0.9999917149543762,0.004275334533303976,0.0015055402182042599,0.00012779088865499943,0.0009614498703740537,0.48661792278289795,0.09644385427236557,-0.19324927031993866,2.286930799484253,2.281101942062378,1.8209154605865479,2.296654462814331,2.651657819747925,2.28619552960133,0.2521606981754303,0.9998045563697815,0.999999463558197,0.9997924566268921,0.9996770024299622,0.9999892115592957,0.0017334148287773132,0.001133436686359346,0.0001144128036685288,0.0007886044913902879,0.32253533601760864,0.048552460968494415,-0.1649104505777359,2.304610013961792,1.6662012338638306,1.6065943241119385,1.6874257326126099,1.5614088773727417,1.1784296035766602,2.04433012008667,1.8271658420562744,3.01172137260437,1.8905388116836548,1.8778427839279175,1.7744038105010986,2.5733449459075928,1.6984193325042725,1.7375755310058594,1.6343140602111816,1.6653565168380737,1.6690521240234375,2.6185195446014404,2.108196973800659,3.1923418045043945,2.218315362930298,2.111543655395508,1.9159084558486938
28,1.9010125398635864,1.1799802780151367,1.2789313793182373,2.0431320667266846,2.3675389289855957,1.900791237190285,0.24522659182548523,0.9998519420623779,0.9993937015533447,0.9997968077659607,0.9999287128448486,0.9998721480369568,0.004019427578896284,0.0014798603951931,0.0001278443814953789,0.0009569505346007645,0.47571662068367004,0.09061765670776367,-0.19065849483013153,2.1757290363311768,2.156264066696167,1.7039997577667236,2.2167601585388184,2.5487000942230225,2.1752408555986964,0.2828035354614258,0.9998407959938049,0.9992727637290955,0.9998244643211365,0.9997673630714417,0.9999882578849792,0.001949438825249672,0.0013624863931909204,0.00011461753456387669,0.0008736401796340942,0.43787822127342224,0.052546609193086624,-0.18494950234889984,2.2875924110412598,1.7563201189041138,1.721489667892456,1.8855462074279785,1.7479580640792847,1.8290027379989624,2.484236240386963,2.1828877925872803,3.881439447402954,2.037321090698242,2.1813793182373047,2.059786796569824,2.5354344844818115,1.68620765209198,1.7189583778381348,1.6440060138702393,1.6628419160842896,1.6744322776794434,2.5948867797851562,2.099276542663574,3.2522480487823486,2.187363624572754,2.1055657863616943,1.9186815023422241
29,1.941433310508728,1.2588998079299927,1.3239740133285522,2.072498321533203,2.4063313007354736,1.9412242459812077,0.2495959997177124,0.999869167804718,0.9993832111358643,0.9998320937156677,0.9999180436134338,0.9999018907546997,0.0036897663958370686,0.0014634759863838553,0.00012808268365915865,0.0009442732552997768,0.48661646246910095,0.08201911300420761,-0.17166879773139954,2.2958145141601562,2.2503225803375244,1.784009337425232,2.309953212738037,2.7208096981048584,2.295270043926402,0.2740762531757355,0.9998378157615662,0.9994840621948242,0.9998481869697571,0.9997494220733643,0.9999723434448242,0.002170922001823783,0.0013973417226225138,0.00012119859457015991,0.0008593712118454278,0.5442222952842712,0.028959574177861214,-0.24324068427085876,3.2287514209747314,2.118194103240967,2.1677544116973877,1.6846858263015747,1.9628665447235107,1.9035040140151978,3.118870258331299,2.478729009628296,3.823216438293457,1.9617390632629395,2.444831132888794,2.3240928649902344,2.5936450958251953,1.7080014944076538,1.7545852661132812,1.6336907148361206,1.6825355291366577,1.6769767999649048,2.6367788314819336,2.1257588863372803,3.3017637729644775,2.1460001468658447,2.125973701477051,1.947970986366272
30,1.9305024147033691,1.2871828079223633,1.3202813863754272,2.0543298721313477,2.3884105682373047,1.9302808598416548,0.24662375450134277,0.9998790621757507,0.9993688464164734,0.9998219609260559,0.9998909831047058,0.999984622001648,0.003647234058007598,0.0014769062399864197,0.00012890475045423955,0.0009581907652318478,0.4840918183326721,0.08487387746572495,-0.17629005014896393,1.8759424686431885,1.580599308013916,1.335822582244873,1.944906234741211,2.27138352394104,1.8755650068024652,0.250638872385025,0.9998539090156555,0.999340295791626,0.9998098015785217,0.9998397827148438,0.9999566078186035,0.0029413935262709856,0.0016521516954526305,0.0001241976860910654,0.0009063359466381371,0.4810500741004944,0.11454024165868759,-0.26561614871025085,3.168349504470825,2.0763044357299805,2.2128922939300537,2.3902082443237305,2.1059939861297607,1.996541142463684,2.1765174865722656,2.246356964111328,4.114863872528076,2.8948729038238525,2.538290023803711,2.3092010021209717,2.6358916759490967,1.734757661819458,1.7923465967178345,1.6965000629425049,1.712328314781189,1.6961675882339478,2.5798258781433105,2.1228621006011963,3.3736581802368164,2.209744453430176,2.1554083824157715,1.9712239503860474
31,1.9044533967971802,1.2881947755813599,1.3008534908294678,2.0273540019989014,2.348345994949341,1.9042580771999666,0.2576970160007477,0.999876856803894,0.9992736577987671,0.9998170733451843,0.9999486207962036,0.9999128580093384,0.003716882085427642,0.0015235660830512643,0.00012983163469471037,0.0009758715750649571,0.46923893690109253,0.08961889892816544,-0.16326116025447845,1.7798149585723877,1.365854263305664,1.227635145187378,1.8878611326217651,2.1413931846618652,1.7793341740442163,0.3293817937374115,0.9998136758804321,0.9996029734611511,0.9997479319572449,0.9998467564582825,0.9998593926429749,0.004134390037506819,0.0019412590190768242,0.0001254827802767977,0.0010247972095385194,0.5557787418365479,0.1331130862236023,-0.26879191398620605,4.399124622344971,2.374072313308716,2.15218448638916,1.8053141832351685,2.155012369155884,1.9268826246261597,3.7723653316497803,2.457690954208374,4.308358669281006,2.919166088104248,2.827017307281494,2.5948920249938965,2.801788806915283,1.7848484516143799,1.8161554336547852,1.671189546585083,1.7471450567245483,1.7100374698638916,2.6875970363616943,2.14430570602417,3.460848331451416,2.2676639556884766,2.209157943725586,2.019815444946289
32,1.8594764471054077,1.294183611869812,1.276949167251587,1.9736154079437256,2.2923429012298584,1.8593540345675017,0.2665497362613678,0.9999300241470337,0.9999771118164062,0.9998742938041687,0.9999269247055054,0.9999967217445374,0.003872077912092209,0.0015767173608765006,0.00013110825966577977,0.0009572340059094131,0.48171761631965637,0.09739775210618973,-0.16421176493167877,1.6107620000839233,1.382060170173645,1.1766198873519897,1.660776138305664,1.9579557180404663,1.610480744994398,0.3280048668384552,0.9998963475227356,0.9999655485153198,0.9998752474784851,0.9998359084129333,0.9999964833259583,0.005096690263599157,0.0020382655784487724,0.00013069725537206978,0.0009707834688015282,0.5494978427886963,0.1682385355234146,-0.2578606605529785,4.243377685546875,2.0400235652923584,2.110264539718628,2.1598448753356934,2.456754446029663,2.7059969902038574,3.277462959289551,2.284350633621216,4.956014633178711,2.4772989749908447,2.87113881111145,2.5671546459198,2.934502124786377,1.7977232933044434,1.819300889968872,1.7040212154388428,1.8080500364303589,1.7930604219436646,2.7354533672332764,2.1465630531311035,3.601259231567383,2.2706120014190674,2.261054754257202,2.060882568359375
33,1.828384280204773,1.3288609981536865,1.2718486785888672,1.9320026636123657,2.240776300430298,1.8282373341839981,0.280362993478775,0.9999117851257324,0.9998342394828796,0.9998207688331604,0.9999445676803589,0.9999839067459106,0.0038119822274893522,0.0016064633382484317,0.00013318854325916618,0.000980672426521778,0.48716965317726135,0.10410972684621811,-0.16179248690605164,1.645930290222168,1.6492372751235962,1.278664469718933,1.6810861825942993,1.9168734550476074,1.6455085751184648,0.3721517026424408,0.9998085498809814,0.9999852776527405,0.9995958805084229,0.9998392462730408,0.9999784827232361,0.0035285085905343294,0.0019287780160084367,0.0001362940383842215,0.001051645027473569,0.5212828516960144,0.16578756272792816,-0.20551468431949615,3.5412328243255615,2.1429343223571777,2.1104588508605957,1.9938350915908813,2.1313905715942383,1.7282401323318481,3.1524295806884766,2.1686391830444336,5.240805149078369,2.7666971683502197,2.6976661682128906,2.4599831104278564,2.9863059520721436,1.822710633277893,1.8375078439712524,1.7198768854141235,1.8192319869995117,1.772089958190918,2.7670915126800537,2.135786294937134,3.7590630054473877,2.3099122047424316,2.2929577827453613,2.089296340942383
34,1.8370237350463867,1.383102536201477,1.2875878810882568,1.9332921504974365,2.2429392337799072,1.8368524937621282,0.279914915561676,0.9999040961265564,0.9981160163879395,0.9998966455459595,0.9999561309814453,0.999998152256012,0.003580717835575342,0.0016008444363251328,0.0001339299196843058,0.0009887844789773226,0.48430365324020386,0.1027579978108406,-0.1587313860654831,1.8958842754364014,1.9161125421524048,1.4449310302734375,1.9253166913986206,2.224914073944092,1.895463324154317,0.27107489109039307,0.999849796295166,0.9999964833259583,0.9997870326042175,0.9997897744178772,0.9999910593032837,0.0025992896407842636,0.0016369819641113281,0.0001313893444603309,0.000965351820923388,0.4603336751461029,0.10326928645372391,-0.20339460670948029,3.4420626163482666,1.9817595481872559,2.174081325531006,2.3692493438720703,2.595848321914673,2.033855676651001,2.9497032165527344,2.1393706798553467,4.362521648406982,2.363907814025879,2.6412360668182373,2.4204885959625244,3.019498825073242,1.8216533660888672,1.860364556312561,1.7700743675231934,1.8841150999069214,1.785483956336975,2.774996042251587,2.12353515625,3.811931848526001,2.297473907470703,2.314912796020508,2.1113381385803223
35,1.8352431058883667,1.4453661441802979,1.2995983362197876,1.916811466217041,2.2325572967529297,1.83500557551958,0.2780490517616272,0.9998485445976257,0.9996519684791565,0.9996907114982605,0.9999417662620544,0.9999191164970398,0.003073779633268714,0.0015757788205519319,0.00013596109056379646,0.0009864679304882884,0.47700440883636475,0.10427574813365936,-0.1659921407699585,1.7506167888641357,1.945422649383545,1.4061639308929443,1.7329128980636597,2.0339066982269287,1.7502115280980919,0.2620839476585388,0.999836266040802,0.9997605085372925,0.9998754858970642,0.9997360706329346,0.999955952167511,0.0026375087909400463,0.0015357040101662278,0.00014943104179110378,0.0011409366270527244,0.491074800491333,0.13610893487930298,-0.33326300978660583,3.3196604251861572,2.2481582164764404,1.9706614017486572,2.1735308170318604,1.8288369178771973,1.9989959001541138,2.7150514125823975,2.000345468521118,3.633960008621216,1.7147963047027588,2.3603997230529785,2.118800401687622,3.0392823219299316,1.8501745462417603,1.8585684299468994,1.792663335800171,1.8608746528625488,1.7915184497833252,2.7497475147247314,2.0930840969085693,3.7838151454925537,2.2231576442718506,2.304288625717163,2.1001675128936768
36,1.8547524213790894,1.5231959819793701,1.3264693021774292,1.9245415925979614,2.2454869747161865,1.8545491290242238,0.27444642782211304,0.999855101108551,0.9998654127120972,0.9997493028640747,0.9999328851699829,0.9998661279678345,0.0026558858808130026,0.001536955707706511,0.00013706037134397775,0.0010125135304406285,0.4794686734676361,0.10117001086473465,-0.1677911877632141,1.9644502401351929,2.1391642093658447,1.6494624614715576,1.9179713726043701,2.253544330596924,1.9640783180028918,0.24313749372959137,0.9998551607131958,0.9999662041664124,0.9998630285263062,0.999826967716217,0.9998881816864014,0.0025726393796503544,0.001460433006286621,0.0001382458722218871,0.0010921451030299067,0.5763562917709351,0.10629834234714508,-0.1825816035270691,3.326963186264038,2.4147531986236572,1.5824848413467407,2.401068687438965,1.5368461608886719,2.3445351123809814,2.456177234649658,2.142202854156494,3.3633615970611572,2.1535212993621826,2.3721914291381836,2.175635576248169,3.055570602416992,1.8912726640701294,1.8121317625045776,1.8408842086791992,1.7873188257217407,1.825225591659546,2.7043039798736572,2.068085193634033,3.7302095890045166,2.1851258277893066,2.290012836456299,2.090240240097046
37,1.9040052890777588,1.6628303527832031,1.3881325721740723,1.9561151266098022,2.2842531204223633,1.903988891126699,0.26862457394599915,0.9999542832374573,0.99998539686203,0.9999039173126221,0.9999617338180542,0.9999959468841553,0.002433288609609008,0.0014666038332507014,0.00013786311319563538,0.0010034552542492747,0.48160040378570557,0.09212952107191086,-0.15213364362716675,2.2763164043426514,1.6435399055480957,1.9671881198883057,2.2035467624664307,2.653623104095459,2.2737524287944746,0.20444656908512115,0.9995086789131165,0.9996339082717896,0.9996456503868103,0.9992263317108154,0.9998646974563599,0.0032873735763132572,0.0012425262248143554,0.00014643040776718408,0.0011150221107527614,0.5382943749427795,0.05625756084918976,-0.2257205843925476,3.3208014965057373,2.2336111068725586,2.0271947383880615,2.082784414291382,1.832715392112732,1.8669205904006958,2.258031129837036,1.945732831954956,2.8925395011901855,2.0068535804748535,2.246718645095825,2.0995302200317383,3.0586438179016113,1.9043434858322144,1.8075679540634155,1.8347954750061035,1.757179617881775,1.7964797019958496,2.6249735355377197,2.0276122093200684,3.623914957046509,2.143033504486084,2.257854461669922,2.0697922706604004
38,1.9435133934020996,1.8052482604980469,1.443953037261963,1.9778196811676025,2.3154711723327637,1.9433763426766457,0.2645156681537628,0.999911367893219,0.9988282322883606,0.9998632669448853,0.9999691843986511,0.9999361634254456,0.0022344104945659637,0.0014111584750935435,0.0001397077867295593,0.0010421210899949074,0.4571090340614319,0.08625241369009018,-0.14753083884716034,2.066617727279663,1.7007122039794922,1.8581119775772095,1.9817862510681152,2.3618292808532715,2.0659786030673994,0.2141793966293335,0.9997628927230835,0.9999477863311768,0.9995842576026917,0.9997236728668213,0.9999567866325378,0.0032627254258841276,0.001285791164264083,0.00015477306442335248,0.0011277924058958888,0.4933185875415802,0.08725365996360779,-0.22410443425178528,2.894127607345581,1.9981870651245117,2.237872838973999,2.165727376937866,1.5900206565856934,1.762977957725525,2.1545751094818115,2.1655800342559814,3.306748151779175,2.134432554244995,2.24102520942688,2.0630204677581787,3.0251359939575195,1.8911588191986084,1.8272823095321655,1.8507132530212402,1.7123550176620483,1.7757036685943604,2.5351626873016357,2.0168488025665283,3.5753250122070312,2.118462085723877,2.2328147888183594,2.0536999702453613
39,1.998666763305664,1.9489240646362305,1.5086948871612549,2.0157642364501953,2.371206283569336,1.9985681587440522,0.25816240906715393,0.9999336004257202,0.9999709725379944,0.999886691570282,0.9999433159828186,0.9999648332595825,0.0020730968099087477,0.0013748129131272435,0.00014266166544985026,0.001069199643097818,0.4400251805782318,0.0784454494714737,-0.14526225626468658,2.1894850730895996,1.5568053722381592,1.9205753803253174,2.109891176223755,2.5409891605377197,2.188572792877892,0.21096713840961456,0.9997445940971375,0.9999930262565613,0.9996582865715027,0.9996964335441589,0.9998779296875,0.0034436346031725407,0.0013610421447083354,0.0001653838698985055,0.0011904921848326921,0.3396860361099243,0.07085365802049637,-0.2327541559934616,3.281757354736328,2.1355340480804443,2.4009504318237305,2.2674803733825684,1.9823945760726929,2.3606531620025635,1.8985168933868408,2.209341287612915,3.5669119358062744,2.3786771297454834,2.4482216835021973,2.2759621143341064,3.0304689407348633,1.8963054418563843,1.863270878791809,1.8666256666183472,1.72211492061615,1.8105143308639526,2.4374701976776123,2.0099713802337646,3.5566298961639404,2.1156654357910156,2.2309036254882812,2.0605273246765137
40,2.0415923595428467,2.0783939361572266,1.5689470767974854,2.0446975231170654,2.4032747745513916,2.0414410722538623,0.2508453130722046,0.9999183416366577,0.9999458193778992,0.9998115301132202,0.9999336004257202,0.9999970197677612,0.0020877395290881395,0.0013359502190724015,0.00014626876509282738,0.0011301168706268072,0.44136524200439453,0.07349594682455063,-0.10477249324321747,2.1568069458007812,1.6929055452346802,1.9664084911346436,2.0910332202911377,2.3974857330322266,2.1559156594096374,0.22592546045780182,0.9997765421867371,0.9998350739479065,0.99976646900177,0.9996541738510132,0.9999760389328003,0.00356842577457428,0.0014089251635596156,0.00017731646948959678,0.0013837259029969573,0.5832955241203308,0.08189118653535843,-0.2236897349357605,3.1851751804351807,2.1911447048187256,3.186448812484741,2.6943087577819824,2.5124337673187256,1.6930623054504395,2.0812816619873047,2.2225677967071533,3.7101991176605225,2.338604688644409,2.5815227031707764,2.401061534881592,3.027780532836914,1.9061540365219116,1.9718985557556152,1.9292113780975342,1.778448462486267,1.7495428323745728,2.359172821044922,2.001201629638672,3.5488812923431396,2.1158368587493896,2.2388129234313965,2.072871446609497
41,2.0803298950195312,2.2079896926879883,1.637454867362976,2.065333843231201,2.4284582138061523,2.0801387783645335,0.24953360855579376,0.9999017119407654,1.0,0.999812126159668,0.9998891949653625,0.999998152256012,0.0020877819042652845,0.0013042992213740945,0.00014992631622590125,0.0011441189562901855,0.44049757719039917,0.06893975287675858,-0.10741541534662247,2.2211384773254395,1.6235698461532593,2.052438259124756,2.1332592964172363,2.512951135635376,2.2204106623690887,0.23400641977787018,0.9997729659080505,0.9992497563362122,0.9996952414512634,0.9997615814208984,0.9998971819877625,0.004043244756758213,0.0013906128006055951,0.00017644537729211152,0.0013698909897357225,0.43643030524253845,0.07149870693683624,-0.20067541301250458,2.927095890045166,2.5181379318237305,1.985344409942627,2.2339348793029785,1.9652823209762573,2.4353392124176025,2.5719685554504395,2.371394395828247,4.15583610534668,2.354949474334717,2.5519282817840576,2.389829158782959,2.9972894191741943,1.9491947889328003,1.9489338397979736,1.939974308013916,1.7735140323638916,1.8032350540161133,2.338815212249756,2.014967441558838,3.588831663131714,2.101072072982788,2.2455828189849854,2.0859568119049072
42,2.0873007774353027,2.274820566177368,1.676157832145691,2.0608181953430176,2.4174258708953857,2.087051251816738,0.2547834515571594,0.9998655319213867,0.9998957514762878,0.9996513724327087,0.9999285936355591,0.9999569058418274,0.0021886525209993124,0.001324456767179072,0.000155492132762447,0.0011909102322533727,0.4423288106918335,0.06884407252073288,-0.10237880796194077,2.0123186111450195,1.7145202159881592,1.8563426733016968,1.959791898727417,2.2074873447418213,2.011718995271332,0.281622976064682,0.9998026490211487,0.9990291595458984,0.999765157699585,0.9997560381889343,0.999954104423523,0.003962022718042135,0.0016870250692591071,0.00019913406867999583,0.0014922497794032097,0.4488953948020935,0.09391922503709793,-0.1977078765630722,4.189271926879883,2.301356792449951,2.3053982257843018,2.554050922393799,2.2087128162384033,2.254420518875122,2.357135534286499,2.3623721599578857,4.284221649169922,2.3510794639587402,2.716801881790161,2.527592897415161,3.099411964416504,1.9549885988235474,1.9688682556152344,1.9895538091659546,1.791400671005249,1.828973650932312,2.29971981048584,2.029846668243408,3.641150712966919,2.1022415161132812,2.270615339279175,2.113159656524658
43,2.0770349502563477,2.265073299407959,1.688491702079773,2.0381338596343994,2.4000048637390137,2.0768755487510817,0.2596232295036316,0.9999106526374817,0.9999875426292419,0.9997575283050537,0.9999395608901978,0.9999918937683105,0.0023929704912006855,0.0013441992923617363,0.00016178259102161974,0.0012306089047342539,0.4311659336090088,0.07218904048204422,-0.09405756741762161,1.908981204032898,1.6398600339889526,1.7139735221862793,1.837337851524353,2.145376682281494,1.9085792677571514,0.2848568260669708,0.9998414516448975,0.9997236132621765,0.9998176693916321,0.999763548374176,0.9999938011169434,0.0037623215466737747,0.0017429896397516131,0.0002106942265527323,0.0016368292272090912,0.3880680203437805,0.12017277628183365,-0.23115000128746033,4.348726749420166,2.2507741451263428,2.7246928215026855,2.344557523727417,2.5441691875457764,1.8906335830688477,2.479757070541382,3.059396743774414,4.448637008666992,2.6060869693756104,2.8697431087493896,2.643202543258667,3.206911563873291,1.9685410261154175,2.0281054973602295,1.9981869459152222,1.837073564529419,1.81399405002594,2.281078815460205,2.1101815700531006,3.7062013149261475,2.1289572715759277,2.3079230785369873,2.1484031677246094
44,2.099344491958618,2.2175819873809814,1.7122913599014282,2.0509872436523438,2.433229446411133,2.099206386192536,0.2492971569299698,0.9998961091041565,0.9996252655982971,0.9997455477714539,0.9999353289604187,0.9999690651893616,0.0024486759211868048,0.0013653006171807647,0.00016738769772928208,0.0012525980127975345,0.4265890419483185,0.06963131576776505,-0.0912482738494873,2.114957809448242,1.4806288480758667,1.8146705627441406,2.053471803665161,2.427330493927002,2.1143807268994195,0.2078677862882614,0.9998248815536499,0.9998072981834412,0.9997246861457825,0.9997807741165161,0.9999693036079407,0.0046180905774235725,0.0017548174364492297,0.0002231970283901319,0.0015585105866193771,0.4028797447681427,0.0805174931883812,-0.2123338282108307,4.597997665405273,3.1183650493621826,3.074085235595703,2.8969995975494385,3.1235318183898926,3.122297763824463,2.8013851642608643,3.0176169872283936,4.066229343414307,2.0326783657073975,3.1851184368133545,2.941023111343384,3.328517436981201,2.067178726196289,2.1150999069213867,2.070666551589966,1.94715416431427,1.924468755722046,2.290715456008911,2.175722122192383,3.727339029312134,2.0961523056030273,2.3743016719818115,2.2091448307037354
45,2.0816352367401123,2.1534154415130615,1.7006855010986328,2.0299153327941895,2.412205934524536,2.0815394820728623,0.2432222068309784,0.9999334812164307,0.999967098236084,0.9998491406440735,0.9999404549598694,0.9999889135360718,0.0025375359691679478,0.0014062015106901526,0.00017382469377480447,0.001304806675761938,0.42679595947265625,0.07324197888374329,-0.0782461017370224,1.8947094678878784,1.6015410423278809,1.621795654296875,1.8444690704345703,2.1333162784576416,1.8943065846861276,0.217559352517128,0.9998461008071899,0.9999909400939941,0.9997633695602417,0.9997878670692444,0.9999837875366211,0.004284857772290707,0.0019566211849451065,0.00023702984617557377,0.0017706304788589478,0.41451317071914673,0.11503276973962784,-0.11111932247877121,4.821612358093262,3.7210028171539307,2.620755195617676,2.8483757972717285,2.807281255722046,2.8004798889160156,2.8107054233551025,2.876204252243042,4.332700729370117,3.299431562423706,3.2938549518585205,2.981168746948242,3.459238052368164,2.2147879600524902,2.15059757232666,2.133075475692749,2.018059730529785,1.9912681579589844,2.3106489181518555,2.228996992111206,3.772878885269165,2.1958529949188232,2.447540521621704,2.2704949378967285
46,2.0303916931152344,2.079958438873291,1.6577264070510864,1.976731300354004,2.3523800373077393,2.0302335628680885,0.24039137363433838,0.9999028444290161,0.9995580911636353,0.9997723698616028,0.9999526143074036,0.999937891960144,0.0026358242612332106,0.0014559346018359065,0.00018116940918844193,0.0013291486538946629,0.41890132427215576,0.08250639587640762,-0.09863536059856415,1.7082308530807495,1.6167727708816528,1.416480541229248,1.6654317378997803,1.9203135967254639,1.707858267703084,0.21487116813659668,0.999836802482605,0.9984644055366516,0.9997585415840149,0.9998055100440979,0.9999828338623047,0.004411798901855946,0.002087909495458007,0.00025633667246438563,0.0019407047657296062,0.4670066833496094,0.1604052484035492,-0.21952828764915466,4.66879940032959,3.1988673210144043,3.139645576477051,3.2557692527770996,2.7818400859832764,3.575928211212158,3.2342677116394043,2.614468574523926,5.053555488586426,3.1471686363220215,3.467031240463257,3.0603437423706055,3.565969467163086,2.3015379905700684,2.234135866165161,2.2211568355560303,2.073094606399536,2.1195249557495117,2.379348039627075,2.238955020904541,3.880058526992798,2.2566277980804443,2.527040958404541,2.33158278465271
47,2.0193932056427,2.0123636722564697,1.6543211936950684,1.964379072189331,2.3317134380340576,2.019259739034437,0.22994446754455566,0.9999188780784607,0.9997913837432861,0.9997689723968506,0.9999485611915588,0.9999880194664001,0.002878282917663455,0.001500096172094345,0.00018831864872481674,0.001410217024385929,0.440172016620636,0.08460699021816254,-0.08207063376903534,1.9302613735198975,1.5405091047286987,1.6622321605682373,1.883965253829956,2.1408016681671143,1.9297477115195105,0.17564821243286133,0.9998483657836914,0.9999831914901733,0.9997856616973877,0.9998064637184143,0.9999398589134216,0.005146043840795755,0.0019373515387997031,0.0002590821241028607,0.002030450152233243,0.5723051428794861,0.10422608256340027,-0.16342197358608246,4.595984935760498,3.466571092605591,3.6219236850738525,4.01594352722168,3.6879050731658936,3.476184606552124,2.928960084915161,3.266798973083496,5.241714954376221,3.245086669921875,3.7547073364257812,3.3849148750305176,3.6519064903259277,2.3990461826324463,2.356976270675659,2.3889122009277344,2.2140955924987793,2.2361326217651367,2.4102046489715576,2.328477144241333,4.00246524810791,2.3402180671691895,2.6328437328338623,2.420973777770996
48,1.9930108785629272,1.9614367485046387,1.6341801881790161,1.9412373304367065,2.286130666732788,1.9928817332007105,0.2279883176088333,0.9999249577522278,0.9998500347137451,0.9997587203979492,0.9999569654464722,0.999994158744812,0.0030463531147688627,0.0015586575027555227,0.00019641076505649835,0.0014789382694289088,0.4346800744533539,0.08922622352838516,-0.08898235857486725,1.8438830375671387,1.6604992151260376,1.5414422750473022,1.8169021606445312,2.018225908279419,1.843468052728666,0.22319675981998444,0.9998326897621155,0.9999726414680481,0.999659538269043,0.9998168349266052,0.9999358057975769,0.004977061878889799,0.0021120915189385414,0.0002816079359035939,0.0021637161262333393,0.41102346777915955,0.12160470336675644,-0.18974226713180542,5.359575271606445,3.4101107120513916,3.5899455547332764,3.217557430267334,3.3881595134735107,4.217284679412842,3.1704816818237305,4.103546619415283,5.952877521514893,3.6857736110687256,4.009531497955322,3.611287832260132,3.8035976886749268,2.473237991333008,2.4572551250457764,2.457547903060913,2.312735080718994,2.4209628105163574,2.462261199951172,2.4914233684539795,4.177356243133545,2.451859474182129,2.750823736190796,2.5217747688293457
49,1.9780869483947754,1.881074070930481,1.6288836002349854,1.930829405784607,2.2495057582855225,1.9779246184588832,0.2282746136188507,0.9999143481254578,0.9999732375144958,0.9997488856315613,0.9999315142631531,0.9999949336051941,0.003247839165851474,0.0016045887023210526,0.00020602076256182045,0.001571466214954853,0.416129469871521,0.09238756448030472,-0.08610023558139801,1.9040353298187256,1.3901443481445312,1.6259416341781616,1.889244556427002,2.058690071105957,1.9036984383216917,0.22639331221580505,0.9998413324356079,0.9998928904533386,0.9997804164886475,0.9998002648353577,0.9999284744262695,0.005938789341598749,0.0020409973803907633,0.0002996617986354977,0.0023839601781219244,0.40925225615501404,0.11239054054021835,-0.19970740377902985,5.82737398147583,3.728954315185547,4.40855073928833,3.8158841133117676,3.2878270149230957,3.6923131942749023,3.605266809463501,3.752098560333252,6.287685394287109,3.8741214275360107,4.228007793426514,3.8378875255584717,3.988612651824951,2.5859663486480713,2.634089946746826,2.5644893646240234,2.3968758583068848,2.5348711013793945,2.5528461933135986,2.602989673614502,4.3702569007873535,2.5768847465515137,2.880788564682007,2.637068271636963
50,1.9467401504516602,1.7477158308029175,1.618139624595642,1.903802752494812,2.191143751144409,1.9466146475549502,0.2224288135766983,0.999923050403595,0.9999755024909973,0.9997446537017822,0.9999593496322632,0.9999733567237854,0.0035381484776735306,0.001618979498744011,0.00021389094763435423,0.0016584109980612993,0.4242681860923767,0.09847012907266617,-0.0945182666182518,1.7647573947906494,1.0035208463668823,1.5098850727081299,1.7671257257461548,1.8868381977081299,1.7644656327755948,0.19783176481723785,0.9998846054077148,0.9998697638511658,0.9997556209564209,0.9998472332954407,0.9999878406524658,0.00645901495590806,0.0019383514299988747,0.00030878264806233346,0.0025572413578629494,0.48425722122192383,0.14758050441741943,-0.1651977002620697,5.590123176574707,3.408695936203003,3.889606475830078,4.001169681549072,4.099884510040283,3.6742310523986816,2.872560501098633,3.2279574871063232,5.101017951965332,4.579680442810059,4.044492721557617,3.5870213508605957,4.121959209442139,2.6470563411712646,2.7360422611236572,2.6917595863342285,2.512260913848877,2.6275012493133545,2.549213409423828,2.647768020629883,4.418816566467285,2.69134783744812,2.964372396469116,2.7012710571289062
51,1.9515060186386108,1.612711787223816,1.635354995727539,1.9167425632476807,2.17335844039917,1.9514046395024984,0.2257552444934845,0.9999241232872009,0.9998894333839417,0.9997801780700684,0.9999417662620544,0.9999806880950928,0.003945787902921438,0.0016200505197048187,0.00022084431839175522,0.0017335920128971338,0.4052870571613312,0.09812790900468826,-0.09001721441745758,1.9143620729446411,1.0090422630310059,1.6894352436065674,1.9367107152938843,2.024251699447632,1.9139704651652862,0.2873651385307312,0.9998485445976257,0.9999799728393555,0.9997949600219727,0.9997653365135193,0.9999750852584839,0.007428880315274,0.0019643150735646486,0.00031719927210360765,0.002717536874115467,0.39133140444755554,0.11386904120445251,-0.13304294645786285,6.478833198547363,4.105238437652588,2.8594934940338135,3.700460433959961,4.189581871032715,3.669825315475464,3.976461887359619,4.247300624847412,6.983375072479248,3.401606559753418,4.361217498779297,4.022035598754883,4.266435623168945,2.73923659324646,2.7281041145324707,2.7565674781799316,2.610879421234131,2.712878704071045,2.66113543510437,2.768094539642334,4.586382865905762,2.7363128662109375,3.056602954864502,2.7887136936187744
52,1.9458839893341064,1.4458848237991333,1.6490414142608643,1.9226523637771606,2.1374781131744385,1.9457923499126704,0.22542594373226166,0.9999297857284546,0.999488115310669,0.9998680949211121,0.9999539852142334,0.9999498128890991,0.004463262856006622,0.0015994338318705559,0.00022867969528306276,0.0018318347865715623,0.38052698969841003,0.10043647885322571,-0.07913722097873688,1.8384385108947754,0.6960878968238831,1.579647421836853,1.905717372894287,1.9050136804580688,1.838087436515937,0.2539328932762146,0.9998653531074524,0.9999349117279053,0.9996733665466309,0.9998261332511902,0.9999694228172302,0.00863164197653532,0.0018279635114595294,0.00032696151174604893,0.0028851160313934088,0.5108292698860168,0.13831163942813873,-0.10209330916404724,6.488404273986816,3.0384504795074463,3.3146486282348633,3.4655957221984863,3.678281784057617,3.9745442867279053,4.296161651611328,4.196949481964111,6.117525577545166,4.886811256408691,4.345737457275391,3.938689947128296,4.386910915374756,2.734694004058838,2.75728440284729,2.807779550552368,2.69771409034729,2.8175504207611084,2.772764205932617,2.878589153289795,4.6996989250183105,2.8326902389526367,3.1385676860809326,2.8615710735321045
53,2.01291561126709,1.2626428604125977,1.7078847885131836,2.013761281967163,2.1835498809814453,2.0128031372701223,0.21994253993034363,0.9999197721481323,0.9998351335525513,0.9997138977050781,0.999947190284729,0.999984860420227,0.004908862058073282,0.0015426435275003314,0.00023004692047834396,0.0019086357206106186,0.35736602544784546,0.08950017392635345,-0.10154445469379425,2.1971776485443115,0.5889400243759155,1.59847891330719,2.4376490116119385,2.363405466079712,2.1966491345815395,0.21953000128269196,0.9998453855514526,0.9997392892837524,0.9998286366462708,0.9997649192810059,0.9999814033508301,0.011642232537269592,0.0018054780084639788,0.0002917899109888822,0.002858966588973999,0.3655086159706116,0.07277600467205048,-0.25234612822532654,4.547250270843506,3.45320200920105,3.057758331298828,4.179135799407959,3.8770079612731934,4.927481174468994,4.7237548828125,4.074459552764893,6.822717189788818,4.750271797180176,4.4413042068481445,4.138585090637207,4.345096588134766,2.7655041217803955,2.740792989730835,2.877279043197632,2.764315128326416,2.932311773300171,2.8634161949157715,2.9664814472198486,4.817090034484863,2.904733180999756,3.197702169418335,2.9322264194488525
54,2.04297137260437,1.1100584268569946,1.7332090139389038,2.0684921741485596,2.1907405853271484,2.042832612749875,0.22307734191417694,0.9999173879623413,0.999971330165863,0.9997301697731018,0.9999288320541382,0.9999802112579346,0.005476075690239668,0.0014958367682993412,0.00023204933677334338,0.002015812788158655,0.34236907958984375,0.08571253716945648,-0.09576228260993958,2.118680953979492,0.47574424743652344,1.4750319719314575,2.385478973388672,2.238347291946411,2.118300433942304,0.3118945360183716,0.9998322129249573,0.9999973773956299,0.9998750686645508,0.9997314214706421,0.9998931884765625,0.010242165997624397,0.0017036760691553354,0.00029852509032934904,0.003282736986875534,0.3968942165374756,0.10066872090101242,-0.15875689685344696,4.9629082679748535,2.7486276626586914,2.600564956665039,3.483403205871582,2.998905897140503,5.188335418701172,6.148499011993408,4.02236270904541,6.702294826507568,4.333677768707275,4.318958282470703,4.0913238525390625,4.351232051849365,2.727638006210327,2.6799542903900146,2.9064242839813232,2.7660093307495117,3.0377449989318848,2.9590675830841064,3.0343434810638428,4.921606063842773,2.9704689979553223,3.2354488372802734,2.9774231910705566
55,2.120880365371704,0.9924898743629456,1.7696363925933838,2.1801133155822754,2.257197618484497,2.120776541020585,0.22541405260562897,0.9999321699142456,0.9999885559082031,0.9998207092285156,0.9999221563339233,0.9999871850013733,0.005644609685987234,0.0014289977261796594,0.00023222496383823454,0.0020405608229339123,0.31363117694854736,0.07443097978830338,-0.0972372516989708,2.5878562927246094,0.4820367097854614,1.5452169179916382,3.0516178607940674,2.8319661617279053,2.5870279705732684,0.27036091685295105,0.9997765421867371,1.0,0.9998403191566467,0.9996311068534851,0.9998378753662109,0.01105219405144453,0.0016295791137963533,0.0002843569382093847,0.002895042300224304,0.3482505679130554,0.03977340832352638,-0.2841891944408417,6.321659564971924,2.4253733158111572,5.304514408111572,3.3809447288513184,4.376398086547852,5.301788330078125,4.4740118980407715,3.762953281402588,6.906839370727539,5.357254505157471,4.761174201965332,4.600579738616943,4.4452972412109375,2.645552396774292,2.8255083560943604,2.9139046669006348,2.831461191177368,3.1285200119018555,3.0353710651397705,3.0756936073303223,5.018502712249756,3.0217928886413574,3.2941606044769287,3.054327964782715
56,2.137261390686035,0.9082161784172058,1.7797380685806274,2.2231688499450684,2.247012138366699,2.137195520166953,0.22021645307540894,0.9999372363090515,1.0,0.999746561050415,0.9999459981918335,0.999994158744812,0.006116196047514677,0.0013857277808710933,0.00023453403264284134,0.0020990443881601095,0.33000409603118896,0.07083358615636826,-0.1156516894698143,2.1944146156311035,0.49636200070381165,1.5889451503753662,2.488237142562866,2.212451934814453,2.194049617412777,0.18590739369392395,0.9998636841773987,0.9999854564666748,0.9998736381530762,0.9997668862342834,0.9999426603317261,0.010551284067332745,0.001623322255909443,0.0003090430109295994,0.003219077130779624,0.49123769998550415,0.07064054161310196,-0.2224060297012329,5.360177516937256,3.9887003898620605,3.918259620666504,3.4726431369781494,5.07938289642334,5.886607646942139,5.0550103187561035,4.685059547424316,6.583120346069336,5.707181453704834,4.973614692687988,4.6033830642700195,4.486109733581543,2.734332799911499,2.905675172805786,2.943528175354004,2.8959546089172363,3.2194535732269287,3.1146280765533447,3.153796434402466,5.102241039276123,3.0849101543426514,3.364063024520874,3.12003755569458
57,2.1390366554260254,0.8652214407920837,1.778346300125122,2.2451536655426025,2.2240445613861084,2.1389486619130103,0.2217789590358734,0.9999425411224365,0.9999126195907593,0.9998554587364197,0.9999562501907349,0.9999608993530273,0.00629180995747447,0.0013493532314896584,0.00023592566139996052,0.0022481277119368315,0.3334491550922394,0.07024287432432175,-0.13762696087360382,2.006849527359009,0.6045498847961426,1.5759681463241577,2.178731918334961,1.9890292882919312,2.0066193478651626,0.34734535217285156,0.9998786449432373,0.9999952912330627,0.9998788237571716,0.9997746348381042,0.9999783635139465,0.008516458794474602,0.0016577780479565263,0.00035063453833572567,0.0042617348954081535,0.4015224575996399,0.09951941668987274,-0.2914523482322693,8.61741828918457,3.171759605407715,5.695168972015381,3.8528389930725098,4.481347560882568,3.5842130184173584,4.724055290222168,4.0583882331848145,8.106001853942871,7.109591007232666,5.340078353881836,5.059685707092285,4.593178749084473,2.7221784591674805,3.026207685470581,3.003516912460327,2.954383134841919,3.2200546264648438,3.1794211864471436,3.212348222732544,5.193963050842285,3.147265911102295,3.4252517223358154,3.17830753326416
58,2.110565662384033,0.8371871113777161,1.7603198289871216,2.226956367492676,2.168273687362671,2.1104400663149447,0.22292976081371307,0.9999171495437622,0.9995083212852478,0.999815046787262,0.999932050704956,0.9999776482582092,0.0063156308606266975,0.0013359662843868136,0.00023929901362862438,0.002363744657486677,0.3250783085823059,0.0741540715098381,-0.17528074979782104,1.7831082344055176,0.6589201092720032,1.4273775815963745,1.8966484069824219,1.7639844417572021,1.782724434657865,0.2789945602416992,0.9997825622558594,0.9999207258224487,0.9998518824577332,0.9998127222061157,0.9997271299362183,0.0072928438894450665,0.0018298480426892638,0.00036019814433529973,0.004204601049423218,0.5150540471076965,0.14046339690685272,-0.2266124039888382,7.427355766296387,3.1841378211975098,5.000946044921875,4.3811750411987305,4.110787391662598,4.570132732391357,5.660216808319092,3.970876932144165,7.962753772735596,5.939638614654541,5.220802307128906,4.727492332458496,4.691802978515625,2.7415459156036377,3.128002643585205,3.0218029022216797,2.9868736267089844,3.289207696914673,3.2471182346343994,3.245506525039673,5.2731709480285645,3.203274965286255,3.48283052444458,3.2246780395507812
59,2.0338499546051025,0.8436827659606934,1.7369428873062134,2.1399593353271484,2.062854290008545,2.0337937048523145,0.22381900250911713,0.99995356798172,0.9999982118606567,0.9998193383216858,0.999945878982544,0.9999986886978149,0.0060269758105278015,0.0013263620203360915,0.00024509511422365904,0.0025445620995014906,0.3310709297657013,0.08602501451969147,-0.18466873466968536,1.602095365524292,1.1462504863739014,1.5277438163757324,1.6555641889572144,1.5593767166137695,1.6019627724176706,0.4111466407775879,0.9999062418937683,0.9999937415122986,0.9998779892921448,0.999837338924408,0.9999828338623047,0.0061548249796032906,0.00208419025875628,0.0004759684670716524,0.0047966307029128075,0.5387479066848755,0.20794811844825745,-0.27237290143966675,9.972105979919434,4.130828857421875,3.8647522926330566,4.8319902420043945,4.757912635803223,4.286610126495361,5.345142841339111,5.316380977630615,11.630324363708496,7.437076568603516,6.157312393188477,5.647557258605957,4.77886438369751,2.7912099361419678,3.158412456512451,3.0611681938171387,3.0240790843963623,3.327430009841919,3.300182819366455,3.309252977371216,5.354215145111084,3.2565999031066895,3.5361416339874268,3.2518258094787598
60,2.007916212081909,0.8177553415298462,1.7127734422683716,2.1180005073547363,2.0215206146240234,2.0078346077951745,0.2234112024307251,0.9999500513076782,0.9998077154159546,0.9998519420623779,0.9999422430992126,0.9999987483024597,0.005942593794316053,0.0012958021834492683,0.000248468917561695,0.0026021962985396385,0.3472333252429962,0.0900438204407692,-0.18734586238861084,1.845771312713623,0.694199800491333,1.5162689685821533,1.9614393711090088,1.7978041172027588,1.8454696255329441,0.2411709576845169,0.9998972415924072,0.999956488609314,0.999639093875885,0.9998512268066406,0.9999783635139465,0.006792362313717604,0.0015589201357215643,0.0003783914144150913,0.004043312277644873,0.7246385216712952,0.14185850322246552,-0.4010951519012451,6.512067794799805,3.2421891689300537,4.361210823059082,5.052859306335449,5.0070905685424805,6.8130364418029785,5.265893459320068,5.092970371246338,8.270310401916504,6.464070796966553,5.608170509338379,5.072361946105957,4.843445777893066,2.7715911865234375,3.2545745372772217,3.1278889179229736,3.0706472396850586,3.3739635944366455,3.3450145721435547,3.3309452533721924,5.410194396972656,3.3001036643981934,3.582836866378784,3.286174774169922
61,2.0455849170684814,0.7765546441078186,1.7192165851593018,2.169424295425415,2.0535876750946045,2.0455137552232836,0.22603021562099457,0.9999346137046814,0.9999051094055176,0.9997632503509521,0.9999356269836426,0.9999808073043823,0.005888460204005241,0.0012581335613504052,0.0002451661566738039,0.0025216564536094666,0.3434112071990967,0.08320270478725433,-0.22170411050319672,2.252751350402832,0.5595090985298157,1.789170742034912,2.405600070953369,2.227496862411499,2.2523241839051256,0.40632691979408264,0.9998464584350586,0.9999998211860657,0.9995474815368652,0.9997662901878357,0.9999693632125854,0.008794226683676243,0.0015370695618912578,0.0003281862009316683,0.0037184820976108313,0.409477174282074,0.058920521289110184,-0.4939039349555969,5.854819297790527,2.3784632682800293,5.5625715255737305,4.995363235473633,5.0550336837768555,6.788214683532715,3.48492431640625,5.394337177276611,11.653093338012695,5.825606346130371,5.69924259185791,5.622676849365234,4.897984027862549,2.707573652267456,3.3350534439086914,3.1641650199890137,3.109055280685425,3.4348132610321045,3.3019580841064453,3.3818891048431396,5.459911346435547,3.3412606716156006,3.6133663654327393,3.3281233310699463
62,2.0599894523620605,0.7448073029518127,1.7105278968811035,2.190584659576416,2.062920570373535,2.059864552343864,0.22533883154392242,0.9999273419380188,0.9993031024932861,0.9998369812965393,0.9999324083328247,0.9999979138374329,0.0057948133908212185,0.0012254586908966303,0.00024337774084415287,0.0025391080416738987,0.36879098415374756,0.08201716095209122,-0.2642570734024048,2.0309553146362305,0.5694343447685242,1.58406400680542,2.117591142654419,2.036646842956543,2.030624206346805,0.3816360533237457,0.9998824000358582,0.9998876452445984,0.9998513460159302,0.999817967414856,0.9999554753303528,0.0082511305809021,0.0015200965572148561,0.000333630305249244,0.0037034587003290653,0.6147335171699524,0.10049314051866531,-0.5425965189933777,5.114385604858398,2.84623384475708,4.942111492156982,4.62565803527832,4.991086959838867,5.618896007537842,4.27335262298584,5.618175506591797,11.329102516174316,5.640267372131348,5.499927043914795,5.2813496589660645,4.887881755828857,2.661639451980591,3.401214599609375,3.2214112281799316,3.1228415966033936,3.4840683937072754,3.345136880874634,3.4127628803253174,5.5073628425598145,3.3741633892059326,3.641848087310791,3.3583755493164062
63,2.137862205505371,0.7136478424072266,1.7355067729949951,2.2864508628845215,2.1395769119262695,2.137785679966877,0.22387972474098206,0.9999501705169678,0.9999902248382568,0.9998292922973633,0.9999384880065918,0.9999887943267822,0.0056880745105445385,0.0011840855004265904,0.0002373585302848369,0.0024567998480051756,0.367229163646698,0.06989588588476181,-0.27958157658576965,2.767008066177368,0.5313653349876404,2.022639036178589,2.9440786838531494,2.799236536026001,2.765677707066633,0.4037524163722992,0.9996564984321594,0.9999349117279053,0.9997259974479675,0.99981290102005,0.9994592070579529,0.007635912392288446,0.001300019328482449,0.00026539512327872217,0.002808817196637392,0.34918642044067383,0.014761271886527538,-0.4513781666755676,5.001537799835205,2.6110117435455322,4.017049789428711,4.996675491333008,4.565323352813721,5.959064960479736,4.3494133949279785,3.911777973175049,10.826234817504883,6.947359085083008,5.318544864654541,5.394225597381592,4.8467278480529785,2.638681411743164,3.433729887008667,3.2507545948028564,3.1571311950683594,3.5040645599365234,3.3944015502929688,3.423170328140259,5.5505452156066895,3.402045726776123,3.6601250171661377,3.397427797317505
64,2.123244285583496,0.685522198677063,1.7301404476165771,2.2717926502227783,2.1160171031951904,2.1231946187258197,0.22934001684188843,0.9999454021453857,0.9999948143959045,0.9998428821563721,0.9999478459358215,0.9999613165855408,0.005689311306923628,0.0011560303391888738,0.00023640245490241796,0.002531052101403475,0.3543888330459595,0.07130217552185059,-0.31316062808036804,1.9851620197296143,0.49625715613365173,1.683452844619751,2.0714035034179688,1.9636363983154297,1.9847858249205084,0.45784544944763184,0.9998893141746521,0.9999961256980896,0.9998281598091125,0.9998262524604797,0.9999520778656006,0.006654371507465839,0.0013076283503323793,0.00033204033388756216,0.0036820180248469114,0.46992629766464233,0.09461179375648499,-0.5159734487533569,6.081931114196777,2.661282539367676,4.205994606018066,2.9814717769622803,5.82670259475708,5.205874443054199,3.8506991863250732,4.557704448699951,11.708032608032227,5.635449409484863,5.271514415740967,5.177911758422852,4.912598133087158,2.5956931114196777,3.47045636177063,3.19319224357605,3.1840219497680664,3.531141996383667,3.360309362411499,3.455136299133301,5.585835933685303,3.4294912815093994,3.671787738800049,3.4080426692962646
65,2.114603042602539,0.668302059173584,1.728152871131897,2.2672111988067627,2.090890645980835,2.114562073164284,0.23018719255924225,0.9999470114707947,0.9999781847000122,0.9997890591621399,0.9999431371688843,0.9999810457229614,0.005462945904582739,0.0011230375384911895,0.0002353197050979361,0.002587490016594529,0.38954028487205505,0.0730464905500412,-0.3044481575489044,1.8844698667526245,0.6541633605957031,1.670843482017517,1.976709246635437,1.8259507417678833,1.8842437251466158,0.45567962527275085,0.9999110102653503,0.9998264312744141,0.9998646974563599,0.9998573064804077,0.9999680519104004,0.005194820463657379,0.0015831062337383628,0.00038811287959106266,0.00399357732385397,0.645116925239563,0.13478755950927734,-0.5000680685043335,7.433748722076416,3.009028673171997,4.764354705810547,5.888903617858887,6.327903747558594,5.687342643737793,4.926980495452881,5.779994487762451,14.759467124938965,6.657459259033203,6.5235185623168945,6.332516193389893,4.965648651123047,2.5820045471191406,3.511054039001465,3.248997211456299,3.2167203426361084,3.5722906589508057,3.389813184738159,3.459099769592285,5.622332572937012,3.4411325454711914,3.700909376144409,3.4331564903259277
66,2.0822176933288574,0.6534039974212646,1.7222028970718384,2.225836992263794,2.051970958709717,2.082131498091181,0.23197488486766815,0.9999377727508545,0.9999838471412659,0.9998624324798584,0.9999386072158813,0.999947726726532,0.005322189070284367,0.0010877610184252262,0.00023474539921153337,0.0025430775713175535,0.42264658212661743,0.07773751020431519,-0.3485940992832184,1.8697744607925415,0.6163637638092041,1.6648733615875244,1.9020706415176392,1.868806004524231,1.8695534863959529,0.43716710805892944,0.9999105930328369,0.9999768733978271,0.9998067617416382,0.9998443722724915,0.9999868273735046,0.0051968819461762905,0.001407881616614759,0.00039220546022988856,0.00455802446231246,0.5732525587081909,0.1475462168455124,-0.5825735926628113,9.312917709350586,3.725691080093384,5.591089725494385,3.3176612854003906,5.687263488769531,7.4723124504089355,4.386449813842773,3.917801856994629,12.53059196472168,6.813861846923828,6.275564670562744,6.039527893066406,5.01655912399292,2.6317758560180664,3.5826385021209717,3.120598554611206,3.2176644802093506,3.6103365421295166,3.4283127784729004,3.475595712661743,5.651038646697998,3.4649882316589355,3.7199509143829346,3.442326784133911
67,2.1647393703460693,0.6382826566696167,1.751431941986084,2.3116166591644287,2.1413378715515137,2.164651339575342,0.2365999072790146,0.9999414086341858,0.999954342842102,0.999752402305603,0.9999393820762634,0.9999772906303406,0.005087448749691248,0.0010309240315109491,0.0002264768845634535,0.002444025594741106,0.4012739658355713,0.0651191771030426,-0.393391877412796,2.9317595958709717,0.6805832982063293,2.2184479236602783,2.942552328109741,3.060337781906128,2.930609883108621,0.3684951066970825,0.9997493028640747,0.9998183250427246,0.9997366666793823,0.9997950196266174,0.9996941685676575,0.005071207880973816,0.0010681977728381753,0.0002934063959401101,0.004117141477763653,0.5674681067466736,0.02167632058262825,-0.575320839881897,6.808046340942383,2.607276439666748,6.852006435394287,5.040873050689697,5.025025844573975,8.151289939880371,4.335805892944336,5.632078170776367,11.57851505279541,6.442048072814941,6.2472968101501465,6.3014702796936035,5.044358730316162,2.5164897441864014,3.6222639083862305,3.1752572059631348,3.232499837875366,3.636059522628784,3.4648056030273438,3.486588954925537,5.687216281890869,3.4703688621520996,3.733590841293335,3.4829959869384766
68,2.1012332439422607,0.6430042386054993,1.7381588220596313,2.2271509170532227,2.0744879245758057,2.1012096470731807,0.24414598941802979,0.9999694228172302,0.9999549388885498,0.9998670816421509,0.9999592900276184,0.9999980330467224,0.004820698872208595,0.0010069618001580238,0.0002288278192281723,0.002483392134308815,0.4330548346042633,0.07504329830408096,-0.42337286472320557,1.636224627494812,0.9664242267608643,1.530742883682251,1.61474609375,1.671152114868164,1.6361054892434777,0.5469480752944946,0.9999131560325623,0.9999680519104004,0.9998734593391418,0.9998778104782104,0.9999561309814453,0.004062628839164972,0.0015578345628455281,0.0004737871349789202,0.008484210819005966,0.6967070698738098,0.2422676384449005,-0.4560454785823822,8.693611145019531,2.7004566192626953,6.706077575683594,2.786363124847412,4.827953338623047,7.536510467529297,4.944490432739258,6.403224468231201,16.552757263183594,7.213229179382324,6.836467742919922,6.648815155029297,5.079493999481201,2.453206777572632,3.670832395553589,3.0508134365081787,3.2170114517211914,3.6517794132232666,3.475856304168701,3.5200388431549072,5.718481063842773,3.4903488159179688,3.732786178588867,3.4695515632629395
69,1.9535616636276245,0.6682520508766174,1.6892541646957397,2.050586700439453,1.9193758964538574,1.9535051267373793,0.2535688877105713,0.9999551177024841,0.9999814033508301,0.9998424649238586,0.9999396800994873,0.9999862909317017,0.004306394141167402,0.0009962463518604636,0.00023728729865979403,0.002706080675125122,0.5403276085853577,0.10264161974191666,-0.42286980152130127,1.2103641033172607,1.6298139095306396,1.2036781311035156,1.2052441835403442,1.215793490409851,1.2103025148612063,0.392204225063324,0.9999009966850281,0.9998350143432617,0.9998915791511536,0.9999063014984131,0.9998958110809326,0.004230845719575882,0.002091151662170887,0.0006581198540516198,0.012150270864367485,0.9504916071891785,0.39426109194755554,-0.16318495571613312,9.816173553466797,4.865631580352783,8.757099151611328,4.836219310760498,5.268036842346191,9.20994758605957,5.948491096496582,8.705050468444824,15.874252319335938,7.279218673706055,8.056012153625488,6.671125888824463,5.120610237121582,2.402005195617676,3.695065975189209,2.896822929382324,3.2071166038513184,3.658999443054199,3.492595672607422,3.5517680644989014,5.75758695602417,3.4853317737579346,3.726790189743042,3.422410726547241
70,1.8141260147094727,0.6963415145874023,1.628631353378296,1.8867260217666626,1.781580924987793,1.814112088633574,0.25597861409187317,0.9999476075172424,0.9999446272850037,0.9998459219932556,0.9999333024024963,0.9999762773513794,0.004183991812169552,0.001000717282295227,0.0002490866172593087,0.0029660393483936787,0.5669724941253662,0.1332743763923645,-0.4338796138763428,1.1933729648590088,1.4105536937713623,1.1515469551086426,1.182436466217041,1.2087793350219727,1.1932595419279914,0.42976781725883484,0.9999234080314636,0.9998592734336853,0.9998503923416138,0.9999114871025085,0.9999433159828186,0.004772344138473272,0.0020171161741018295,0.0006608048570342362,0.00967817846685648,0.7973823547363281,0.4192507565021515,-0.2570033073425293,10.480664253234863,3.317561388015747,9.18641185760498,4.843433856964111,6.062511444091797,7.424370765686035,5.977766036987305,6.482658863067627,15.621649742126465,6.980160236358643,7.63771915435791,6.371847629547119,5.1610941886901855,2.435009479522705,3.7421813011169434,2.8662149906158447,3.209031105041504,3.6697375774383545,3.423218250274658,3.585822343826294,5.7864155769348145,3.4871175289154053,3.736584424972534,3.377863645553589
71,2.0764331817626953,0.6743247509002686,1.7427819967269897,2.170224666595459,2.053860902786255,2.0763554039149836,0.26110002398490906,0.9999334216117859,0.9999610781669617,0.9997910857200623,0.9999316930770874,0.999954342842102,0.0040826755575835705,0.0009180727647617459,0.00022053746215533465,0.002745660487562418,0.5255487561225891,0.08254144340753555,-0.5087059736251831,2.697648286819458,0.7953484654426575,1.8628344535827637,2.616865396499634,2.9668467044830322,2.6969069948142534,0.4760495126247406,0.9998449087142944,0.999912440776825,0.9998127222061157,0.9998166561126709,0.9998884201049805,0.005947416182607412,0.0014961695997044444,0.0002977403928525746,0.0027585308998823166,0.6013929843902588,0.04995270073413849,-0.439633309841156,2.4296023845672607,2.456301212310791,5.542118072509766,4.854078769683838,5.6637864112854,10.070775985717773,5.163668632507324,3.492321491241455,10.888385772705078,6.4954142570495605,5.705645561218262,5.925174713134766,4.734461784362793,2.1910808086395264,3.640075445175171,2.8332855701446533,3.111954689025879,3.669776201248169,3.3660521507263184,3.503251552581787,5.787086009979248,3.4379146099090576,3.6274940967559814,3.3777995109558105
72,2.178804636001587,0.6777520179748535,1.8147695064544678,2.2908172607421875,2.142882823944092,2.1787273840022325,0.2575737237930298,0.99994295835495,0.9999988079071045,0.9998438358306885,0.999954879283905,0.9999416470527649,0.003953392151743174,0.0008752111461944878,0.0002106870524585247,0.002663957653567195,0.5279467701911926,0.06454318761825562,-0.5403670072555542,2.0769808292388916,1.0615921020507812,1.9160354137420654,2.115421772003174,2.056201457977295,2.0764644762714735,0.4728163778781891,0.9998939037322998,0.9998695254325867,0.9997782707214355,0.9998347163200378,0.9999647736549377,0.004565322306007147,0.0014856186462566257,0.00036499000270850956,0.004380278754979372,0.499032586812973,0.07149569690227509,-0.4891375005245209,3.6075379848480225,3.5407016277313232,5.194762706756592,4.74110746383667,4.12507438659668,8.137499809265137,4.5011162757873535,4.492705821990967,12.888050079345703,8.249242782592773,5.947780132293701,5.92781400680542,4.5243353843688965,2.201202869415283,3.635786771774292,2.8619747161865234,3.0861735343933105,3.6871256828308105,3.398498773574829,3.421499252319336,5.811245918273926,3.422083854675293,3.604992628097534,3.383324384689331
73,2.551687479019165,0.668877363204956,1.9663063287734985,2.7218475341796875,2.5131075382232666,2.551600363342185,0.26103025674819946,0.9999419450759888,0.9999729990959167,0.999747097492218,0.9999452233314514,0.9999672174453735,0.0038262971211224794,0.000788605771958828,0.0001784725027391687,0.002168285194784403,0.5137507915496826,0.020995210856199265,-0.5557124614715576,1.576897144317627,1.0816768407821655,1.4695379734039307,1.5196373462677002,1.6644443273544312,1.5766440280969845,0.42686739563941956,0.9998714923858643,0.9999977946281433,0.9997589588165283,0.9998728632926941,0.9998801350593567,0.004503521602600813,0.0018946946365758777,0.0004980391822755337,0.00629813177511096,0.7222263216972351,0.29017964005470276,-0.09737421572208405,3.1859312057495117,2.5401036739349365,6.419543743133545,8.470574378967285,7.505916118621826,11.401660919189453,5.721924781799316,3.0558218955993652,8.970410346984863,8.901013374328613,6.617290019989014,6.076179027557373,3.8934736251831055,2.059992790222168,3.5473103523254395,2.8694162368774414,2.9796993732452393,3.662034034729004,3.3075149059295654,3.1861398220062256,5.758688926696777,3.3592467308044434,3.4623515605926514,3.331655502319336
74,3.1178979873657227,0.6951257586479187,2.1778922080993652,3.367703914642334,3.1025447845458984,3.117834705489258,0.2668097913265228,0.9999398589134216,0.9999530911445618,0.9997373819351196,0.9999409317970276,0.9999757409095764,0.0036870562471449375,0.0007156586507335305,0.00014865375123918056,0.0017509553581476212,0.4382050335407257,-0.022317400202155113,-0.539456844329834,0.9222396016120911,1.0619614124298096,0.8216427564620972,0.9001133441925049,0.9602512121200562,0.9222100075868056,0.38581156730651855,0.9999467730522156,0.999708890914917,0.9999231696128845,0.9999160170555115,0.9999902248382568,0.005346290301531553,0.0038538326043635607,0.000990788801573217,0.007095925509929657,0.8577727675437927,0.6000403165817261,0.2275790125131607,4.0777692794799805,6.840826988220215,6.554168701171875,11.4470853805542,11.075901985168457,15.923286437988281,8.809216499328613,5.227258682250977,11.638544082641602,13.969794273376465,9.55638599395752,6.944190502166748,3.281989336013794,1.932719349861145,3.3545689582824707,2.7966580390930176,2.8959243297576904,3.5501604080200195,3.09091854095459,2.9358086585998535,5.5572943687438965,3.310878276824951,3.2706921100616455,3.223375082015991
75,3.1058194637298584,0.7418450117111206,2.2270286083221436,3.3109302520751953,3.0991485118865967,3.10570923288525,0.27651089429855347,0.9999377131462097,0.9999444484710693,0.9998570084571838,0.9999189972877502,0.9999710321426392,0.003357031149789691,0.000706423248630017,0.00014080649998504668,0.0015486847842112184,0.4162103235721588,-0.02351241186261177,-0.4747195243835449,0.8352299332618713,0.9351440668106079,0.7864001393318176,0.8067118525505066,0.8811346888542175,0.8351687163946614,0.28408345580101013,0.9999344348907471,0.9992225170135498,0.9999061822891235,0.9999108910560608,0.9999745488166809,0.0070174760185182095,0.004787560552358627,0.0013029039837419987,0.01224229671061039,0.8490179777145386,0.6094790101051331,0.41904547810554504,8.389422416687012,8.625685691833496,9.41357135772705,15.486092567443848,10.245562553405762,14.250730514526367,12.65845012664795,9.132064819335938,17.529109954833984,17.81351089477539,12.35442066192627,8.233089447021484,2.543560028076172,1.977508783340454,3.1801645755767822,2.8152878284454346,2.843508720397949,3.5006089210510254,2.94508957862854,2.8157169818878174,5.445732593536377,3.2692036628723145,3.133638381958008,3.0947680473327637
76,2.8114817142486572,0.7907308340072632,2.1266427040100098,2.8852806091308594,2.8727025985717773,2.811474151440189,0.2946223020553589,0.9999558925628662,0.9999606609344482,0.9998244643211365,0.9999385476112366,0.9999973177909851,0.003206623485311866,0.0007278933771885931,0.00014605610340368003,0.0015112977707758546,0.3927077651023865,-0.0039871735498309135,-0.42058682441711426,1.0124202966690063,1.21794855594635,0.8884990811347961,0.9377967119216919,1.13526451587677,1.0124453550520418,0.40789878368377686,0.9998964071273804,0.9999836087226868,0.9998899102210999,0.999939501285553,0.9998273253440857,0.005559478886425495,0.0036233419086784124,0.0009143815259449184,0.016199281439185143,0.7799355983734131,0.5753056406974792,0.15398135781288147,5.622712135314941,8.153996467590332,5.74916410446167,10.373705863952637,10.144533157348633,12.625774383544922,6.0060505867004395,5.770468711853027,17.725675582885742,13.64442253112793,9.581650733947754,7.362232208251953,2.106449604034424,2.039632558822632,3.042309045791626,2.8346333503723145,2.8751213550567627,3.4347243309020996,2.874103307723999,2.685079574584961,5.456698417663574,3.2866790294647217,3.0635433197021484,3.0090644359588623
77,2.6608726978302,0.8175581693649292,2.072406530380249,2.675853967666626,2.760526180267334,2.6608175296390755,0.300641804933548,0.9999275207519531,0.9999269843101501,0.9996737837791443,0.9999066591262817,0.9999932050704956,0.0031117405742406845,0.0007418782915920019,0.0001520220685051754,0.0016145914560183883,0.373495489358902,0.0073563167825341225,-0.38743823766708374,1.5905706882476807,1.621298909187317,1.3878308534622192,1.4960564374923706,1.7582652568817139,1.5903160252849542,0.5279212594032288,0.9998636245727539,0.9998793005943298,0.9998447299003601,0.9998786449432373,0.9998412132263184,0.0034223205875605345,0.0019587648566812277,0.0005379790090955794,0.005873603746294975,0.6642853617668152,0.25927090644836426,-0.12424574792385101,2.3696019649505615,3.6579742431640625,2.773855447769165,9.837240219116211,5.24402379989624,11.050893783569336,3.722494602203369,4.487077236175537,11.26036548614502,7.669634819030762,6.2073163986206055,5.942363262176514,1.9047508239746094,2.1534316539764404,2.9006567001342773,2.92144513130188,2.9322073459625244,3.4555704593658447,2.8851733207702637,2.767035484313965,5.507226467132568,3.3126931190490723,3.074018955230713,3.0047507286071777
78,2.790059804916382,0.8534732460975647,2.1502861976623535,2.7900476455688477,2.918722152709961,2.7900559567882532,0.3048783838748932,0.9999246597290039,0.9992930293083191,0.9997758269309998,0.9999478459358215,0.9999385476112366,0.002881766529753804,0.0007104318938218057,0.00014783910592086613,0.0016373343532904983,0.3213869035243988,-0.0047368817031383514,-0.3816145360469818,2.3615798950195312,1.9627457857131958,2.1418099403381348,2.2168917655944824,2.6025543212890625,2.360510406799761,0.4643740952014923,0.9996941685676575,0.999337375164032,0.9997081160545349,0.9997600317001343,0.999589204788208,0.0024716611951589584,0.0011773783480748534,0.0003247999120503664,0.0030925909522920847,0.6822991371154785,0.07320842891931534,-0.2938230633735657,2.8135898113250732,5.330540657043457,3.322788953781128,6.986448287963867,5.734439849853516,4.679137706756592,2.2026565074920654,3.8070664405822754,10.742661476135254,7.927835464477539,5.354716777801514,5.436586380004883,1.9441026449203491,2.2326431274414062,2.8504273891448975,2.9888269901275635,2.9644393920898438,3.428246021270752,2.556060791015625,2.812631368637085,5.555755138397217,3.3435580730438232,3.067669153213501,3.0190165042877197
79,2.9676945209503174,0.9039201140403748,2.287184000015259,3.0353448390960693,3.0163841247558594,2.9676098723514506,0.2963702082633972,0.9999562501907349,0.999853789806366,0.9998302459716797,0.99993896484375,0.9999979138374329,0.002587818307802081,0.0006687242421321571,0.0001400651381118223,0.0015152652049437165,0.3016930818557739,-0.01886102184653282,-0.4052187502384186,1.8781489133834839,2.165029764175415,1.730556607246399,1.9664788246154785,1.80001962184906,1.8778675642913607,0.5339376926422119,0.9998380541801453,0.9998423457145691,0.9997972846031189,0.9998539686203003,0.9998258352279663,0.002350723138079047,0.0014583868905901909,0.0003769247268792242,0.003938440233469009,0.48565220832824707,0.12728536128997803,-0.39876678586006165,7.755008220672607,2.2105016708374023,6.416815757751465,6.712411403656006,5.016086101531982,4.820675849914551,3.1156091690063477,4.384915351867676,14.963641166687012,8.171388626098633,6.356705665588379,6.360661506652832,2.245746612548828,2.1127383708953857,2.937053680419922,3.031791925430298,2.9985735416412354,3.369948625564575,2.5284149646759033,2.830770254135132,5.579986095428467,3.3202474117279053,3.095527172088623,3.0595858097076416
80,2.8267834186553955,0.9688822627067566,2.3059067726135254,2.9843554496765137,2.745845079421997,2.8267258153057537,0.2924864590167999,0.9999568462371826,0.9999188780784607,0.9996894598007202,0.9999496936798096,0.9999975562095642,0.0024030362255871296,0.0006383826257660985,0.00014434933837037534,0.0014215490082278848,0.38991034030914307,-0.009333981201052666,-0.4484086036682129,1.1888633966445923,1.5714017152786255,1.1999342441558838,1.218856930732727,1.1575167179107666,1.188785370985671,0.6242088079452515,0.9999415278434753,0.9999995827674866,0.999845564365387,0.9999006390571594,0.9999882578849792,0.0036103276070207357,0.0018547199433669448,0.0005826777778565884,0.0035359784960746765,0.8463771343231201,0.43454214930534363,-0.08704952895641327,10.142301559448242,5.952542304992676,5.39561128616333,5.291500568389893,5.549455165863037,3.6490073204040527,5.450905799865723,3.432950019836426,18.18224334716797,4.282998085021973,6.732951641082764,6.073985576629639,2.496791124343872,2.1041159629821777,2.9702415466308594,2.8206939697265625,2.991948366165161,3.3021512031555176,2.5670714378356934,2.7813596725463867,5.591170310974121,3.12382173538208,3.074936628341675,3.0203440189361572
81,2.601085901260376,1.0563440322875977,2.2505366802215576,2.7996578216552734,2.45674467086792,2.601035193238944,0.28801801800727844,0.9999488592147827,0.9998953342437744,0.9997327327728271,0.9999226927757263,0.9999953508377075,0.0022643671836704016,0.0006163123762235045,0.00015148216334637254,0.001536525203846395,0.48466721177101135,0.009571616537868977,-0.535828173160553,1.199820637702942,1.5067012310028076,1.2858123779296875,1.2157145738601685,1.176781415939331,1.1997632776871607,0.5496934056282043,0.9999489188194275,0.9999257326126099,0.9999117255210876,0.9999191761016846,0.9999817609786987,0.004381292499601841,0.0019634144846349955,0.000678896380122751,0.005727325566112995,0.8826417326927185,0.4158139228820801,-0.4739595353603363,9.986285209655762,5.2064642906188965,6.185140132904053,4.451014995574951,5.12212610244751,6.250728607177734,6.5188188552856445,6.8266167640686035,19.540130615234375,6.439101219177246,7.652642726898193,6.708166599273682,2.7745213508605957,2.12654185295105,2.9580297470092773,2.687866449356079,2.9749703407287598,3.2432973384857178,2.5645408630371094,2.812556266784668,5.597851753234863,3.091498613357544,3.083167314529419,2.9948015213012695
82,2.550748825073242,1.1192630529403687,2.260716199874878,2.7639191150665283,2.384890079498291,2.550669188356222,0.28737714886665344,0.9999399185180664,0.999678373336792,0.999670147895813,0.9999186992645264,0.9999867081642151,0.002096746349707246,0.0005982024013064802,0.0001510895526735112,0.00151244702283293,0.5506299734115601,0.016421204432845116,-0.5315825939178467,1.5516217947006226,1.5475468635559082,1.6203258037567139,1.5310413837432861,1.5707552433013916,1.5512855351969677,0.4952957034111023,0.9999023675918579,0.9993566870689392,0.9998089671134949,0.9998743534088135,0.9999461770057678,0.0034560770727694035,0.0016762831946834922,0.0005218833102844656,0.005078055430203676,0.8288207054138184,0.2456933856010437,-0.1841629147529602,8.08714485168457,5.075852394104004,4.466701030731201,4.553630352020264,4.416477203369141,8.319082260131836,3.4929702281951904,4.395038604736328,14.868731498718262,8.068845748901367,6.5744476318359375,6.1668782234191895,3.033604383468628,2.0541787147521973,3.0184247493743896,2.5478453636169434,2.954716444015503,3.2592763900756836,2.601644515991211,2.8816988468170166,5.595180511474609,3.1357758045196533,3.1082346439361572,3.0109190940856934
83,2.623614549636841,1.1289042234420776,2.3470516204833984,2.83758544921875,2.454132318496704,2.6235922941893097,0.2903366684913635,0.9999550580978394,0.9999822974205017,0.9998612999916077,0.9999210238456726,0.9999939799308777,0.002069978741928935,0.0005840152152813971,0.00015011483628768474,0.001573199755512178,0.506484866142273,0.008645248599350452,-0.5689175128936768,2.21628475189209,1.652836799621582,2.2760391235351562,2.131307601928711,2.3305745124816895,2.2153931003008616,0.49126413464546204,0.9998682141304016,0.9997702836990356,0.9998123049736023,0.999798059463501,0.99997478723526,0.0029420095961540937,0.001059698173776269,0.0003392942307982594,0.0027682858053594828,0.655515193939209,0.07381584495306015,-0.49066632986068726,5.033573150634766,2.6020283699035645,3.6465766429901123,3.136063575744629,2.3582804203033447,7.322327136993408,4.6864423751831055,5.459764003753662,11.311278343200684,6.396104335784912,5.195243835449219,5.276096820831299,3.149634838104248,1.9434586763381958,3.0405282974243164,2.5153441429138184,2.8263041973114014,3.3253390789031982,2.7107720375061035,2.9787955284118652,5.602879047393799,3.171872138977051,3.126492977142334,3.0421159267425537
84,3.226186513900757,1.1905304193496704,2.6864089965820312,3.4800288677215576,3.050839424133301,3.226095252199089,0.2757193446159363,0.999956488609314,0.9997042417526245,0.9998229742050171,0.9999411702156067,0.9999900460243225,0.001925382181070745,0.0005357734626159072,0.00013127634883858263,0.0014972016215324402,0.368945837020874,-0.031886808574199677,-0.6273601651191711,1.994625210762024,1.7530516386032104,2.036726236343384,2.0616614818573,1.9042795896530151,1.9943939178665848,0.29076263308525085,0.9999024868011475,0.9996458292007446,0.999864935874939,0.9998587369918823,0.9999624490737915,0.0023115850053727627,0.0010466816602274776,0.000338859943440184,0.0032286178320646286,0.5789197683334351,0.10976257920265198,-0.632787823677063,3.922637939453125,3.2115960121154785,4.575254440307617,5.915408611297607,3.210815906524658,7.96612548828125,5.0065155029296875,5.940868377685547,3.7367594242095947,5.890641689300537,4.937662601470947,4.596798896789551,3.082597017288208,1.7810276746749878,3.046613931655884,2.5314972400665283,2.6872634887695312,3.3202662467956543,2.7677934169769287,3.029052495956421,5.283237934112549,3.162947654724121,3.0692298412323,3.0410194396972656
85,3.926114797592163,1.2056931257247925,2.9405879974365234,4.217278957366943,3.788846969604492,3.925874408603275,0.2733803987503052,0.9998799562454224,0.9999294281005859,0.9998043775558472,0.9999422430992126,0.9998274445533752,0.001914344378747046,0.0005012073670513928,0.00011686070502037182,0.001329632825218141,0.20304328203201294,-0.05661860108375549,-0.6095933318138123,2.629115104675293,1.7377182245254517,2.414637804031372,2.740640640258789,2.5203375816345215,2.6274299031671244,0.3508305251598358,0.9997867941856384,0.9995296001434326,0.9997846484184265,0.9997514486312866,0.9998316764831543,0.00257265567779541,0.0008592989179305732,0.00028570284484885633,0.0019277840619906783,0.7206915616989136,0.06434446573257446,-0.7721595764160156,2.5946717262268066,2.922161340713501,4.882831573486328,5.72670841217041,4.060356140136719,6.734611988067627,3.2605574131011963,4.487907409667969,3.991621971130371,8.012970924377441,4.667439937591553,4.623216152191162,2.7797112464904785,1.634467601776123,3.05523943901062,2.599529981613159,2.752901077270508,3.365999221801758,2.624622106552124,3.0349040031433105,5.08100700378418,3.1854519844055176,3.011383533477783,3.025296211242676
86,3.572093963623047,1.2375845909118652,2.8348991870880127,3.8327980041503906,3.4147281646728516,3.5719948297545256,0.29144373536109924,0.9999421834945679,0.9999644160270691,0.9997690916061401,0.9999249577522278,0.9999803900718689,0.0018853191286325455,0.0005120424902997911,0.0001238813274540007,0.0012980273459106684,0.2217319905757904,-0.04510154947638512,-0.5942549705505371,1.971096396446228,1.7204015254974365,1.8251854181289673,1.9782700538635254,1.9771629571914673,1.970839541622218,0.6534813046455383,0.9998989701271057,0.9993311166763306,0.9998589158058167,0.9998503923416138,0.9999603629112244,0.002480563474819064,0.001392429694533348,0.0003784004657063633,0.0031686481088399887,0.6729049682617188,0.17360591888427734,-0.4958709478378296,1.9287850856781006,1.454715609550476,3.722954511642456,4.688168525695801,4.339319229125977,6.848647594451904,4.3018717765808105,3.521951675415039,13.923117637634277,6.441221714019775,5.1170759201049805,5.451365947723389,2.604076623916626,1.5160515308380127,2.9835641384124756,2.6914501190185547,2.81465744972229,3.4346442222595215,2.6257801055908203,2.9719223976135254,5.19194221496582,3.209071159362793,3.0043160915374756,3.0134522914886475
87,2.8950910568237305,1.3008304834365845,2.518902540206909,3.086185932159424,2.7469589710235596,2.895024243341413,0.3075690269470215,0.9999557733535767,0.9999878406524658,0.9998350739479065,0.9999263286590576,0.999996542930603,0.0017708406085148454,0.0005524230073206127,0.00013905872765462846,0.0014335655141621828,0.36244457960128784,-0.009091030806303024,-0.6029372215270996,1.241011142730713,1.6996053457260132,1.2815337181091309,1.2443372011184692,1.2330430746078491,1.2409514565940893,0.727027177810669,0.9999366998672485,0.9999889135360718,0.9998277425765991,0.9999136924743652,0.9999703168869019,0.0026702869217842817,0.0019306069007143378,0.000561627559363842,0.005792886950075626,0.9426852464675903,0.48729971051216125,-0.1914554089307785,2.543546199798584,3.066375255584717,5.305535793304443,3.5779242515563965,4.459402561187744,5.808211326599121,3.6156742572784424,4.092297077178955,17.30135154724121,6.033023357391357,5.580334663391113,5.3722004890441895,2.4293482303619385,1.5123168230056763,2.8676023483276367,2.714219570159912,2.83172345161438,3.438044548034668,2.5017518997192383,2.9951040744781494,5.290943145751953,3.200666666030884,2.9781720638275146,2.9451141357421875
88,2.4666695594787598,1.3566884994506836,2.2537295818328857,2.6177806854248047,2.334308624267578,2.466625434004934,0.322771817445755,0.9999568462371826,0.9997708797454834,0.9998986124992371,0.9999288320541382,0.9999909400939941,0.001678546774201095,0.0005881304387003183,0.00015495161642320454,0.0014524618163704872,0.5066356658935547,0.03241138160228729,-0.5613049268722534,1.1432548761367798,1.4935455322265625,1.1849883794784546,1.1562936305999756,1.1233720779418945,1.143171415350113,0.5586985349655151,0.9999293684959412,0.9999901056289673,0.9999268054962158,0.9999138116836548,0.9999478459358215,0.002451392589136958,0.0016455429140478373,0.0005348442355170846,0.006262541748583317,0.8783963322639465,0.49559569358825684,-0.0005539804697036743,2.452193260192871,3.3130838871002197,4.874080657958984,4.65975284576416,6.953576564788818,5.394498348236084,3.142155647277832,3.8369317054748535,13.48898983001709,5.350668430328369,5.346592903137207,4.6098222732543945,2.208009719848633,1.5241422653198242,2.8756155967712402,2.770258665084839,2.870408773422241,3.464526891708374,2.3727941513061523,3.0014171600341797,5.374212265014648,3.1946280002593994,2.9656012058258057,2.8879566192626953
89,2.2706713676452637,1.4658361673355103,2.1474545001983643,2.395887613296509,2.152017593383789,2.270627570662953,0.320956289768219,0.9999483227729797,0.9999775290489197,0.9997227191925049,0.9999242424964905,0.9999924302101135,0.0016500623896718025,0.0006102451588958502,0.00016271742060780525,0.0016176261706277728,0.5260692834854126,0.05631151795387268,-0.5287463665008545,1.4426860809326172,1.6378272771835327,1.5074801445007324,1.4022940397262573,1.4887720346450806,1.4425805733478725,0.5905338525772095,0.9998966455459595,0.9997290372848511,0.9998889565467834,0.9998435378074646,0.9999687671661377,0.0024178181774914265,0.0017760162008926272,0.0005184902693144977,0.003769345348700881,0.9106349349021912,0.3225107192993164,-0.12236564606428146,4.068365573883057,3.5266013145446777,5.27494478225708,5.499926567077637,6.058009624481201,7.30368709564209,3.7327420711517334,2.1080455780029297,15.379611015319824,5.824223518371582,5.877615928649902,5.610034942626953,2.118232011795044,1.6759594678878784,2.9664084911346436,2.8578383922576904,2.938201427459717,3.4201507568359375,2.4267995357513428,2.7653512954711914,5.450417995452881,3.186022996902466,2.9805381298065186,2.864783525466919
90,2.1371634006500244,1.5312178134918213,2.043229103088379,2.2381818294525146,2.0371320247650146,2.1371592816068126,0.33352604508399963,0.9999569058418274,0.9998782277107239,0.9998166561126709,0.9999299049377441,0.9999972581863403,0.0014971373602747917,0.000630904221907258,0.00017018713697325438,0.0017060328973457217,0.6034205555915833,0.07985403388738632,-0.5125043392181396,1.5791102647781372,1.6403241157531738,1.634638786315918,1.550925374031067,1.611443042755127,1.5788392053657243,0.6278467178344727,0.9999151229858398,1.0,0.9998617768287659,0.9998636841773987,0.9999897480010986,0.0025723916478455067,0.0016318140551447868,0.0005020531243644655,0.005852384027093649,0.832932710647583,0.31122997403144836,-0.33822542428970337,3.1743688583374023,3.271838903427124,5.174051284790039,4.178944110870361,4.593782901763916,6.1034440994262695,2.7584636211395264,3.1633315086364746,14.872883796691895,8.0480318069458,5.533914089202881,5.520395278930664,1.9603208303451538,1.7295151948928833,3.0938892364501953,2.849374294281006,2.9471590518951416,3.471832513809204,2.3502449989318848,2.648724317550659,5.516292572021484,3.238495349884033,2.9805848598480225,2.8458645343780518
91,2.0826640129089355,1.5327023267745972,2.023082971572876,2.171375036239624,1.991090178489685,2.082707380725258,0.34380024671554565,0.9999632835388184,0.999933660030365,0.9998955130577087,0.9999425411224365,0.9999911189079285,0.0014574109809473157,0.0006149704568088055,0.00017242303874809295,0.001626799814403057,0.5891214609146118,0.08678948879241943,-0.48731866478919983,1.7661182880401611,2.015413761138916,1.935186505317688,1.7368996143341064,1.7885860204696655,1.7658249829682862,0.729124903678894,0.9998611807823181,0.9997394680976868,0.9998259544372559,0.9998629689216614,0.9998619556427002,0.002602112479507923,0.0013180574169382453,0.00043010199442505836,0.004498411435633898,0.7037535905838013,0.21873576939105988,-0.1980392336845398,2.4051685333251953,2.8082587718963623,5.348904132843018,2.8213882446289062,4.515545845031738,5.824995994567871,2.9973487854003906,2.5005300045013428,15.583734512329102,8.82763385772705,5.363351345062256,5.775996208190918,1.9203743934631348,1.7878824472427368,3.1832940578460693,2.7072532176971436,2.9694814682006836,3.471562623977661,2.3289566040039062,2.442028045654297,5.567389011383057,3.285780906677246,2.966400146484375,2.8277428150177
92,2.3501625061035156,1.5964945554733276,2.2676236629486084,2.4527828693389893,2.2453649044036865,2.3502201181225706,0.35712769627571106,0.9999549984931946,0.999976634979248,0.9996806383132935,0.9999389052391052,0.9999968409538269,0.0013626168947666883,0.0005718983593396842,0.00015668243577238172,0.001453908160328865,0.5361452102661133,0.04364526644349098,-0.4797878563404083,2.4131276607513428,2.3115789890289307,3.02022647857666,2.5252270698547363,2.230297327041626,2.4119580741848092,0.4711529314517975,0.999847948551178,0.9995266795158386,0.9996734857559204,0.9997656941413879,0.9999532103538513,0.0020830973517149687,0.0008625367772765458,0.00029908886062912643,0.0026629872154444456,0.45823243260383606,0.058567218482494354,-0.49565309286117554,1.8562183380126953,2.619978904724121,4.243504047393799,4.53045129776001,3.0758180618286133,5.844352722167969,3.1322128772735596,3.501426935195923,6.059637546539307,9.376160621643066,4.423976421356201,4.517856597900391,1.7812936305999756,1.7401924133300781,3.131500244140625,2.706737518310547,2.8343448638916016,3.456334352493286,2.3350250720977783,2.4040465354919434,5.5853986740112305,3.295125722885132,2.927000045776367,2.85992169380188
93,3.2397284507751465,1.72819185256958,2.8080861568450928,3.378730535507202,3.1358509063720703,3.239668191329097,0.33261486887931824,0.9999474287033081,0.999971866607666,0.9998090863227844,0.9999284148216248,0.99998539686203,0.0013313466915860772,0.00047651128261350095,0.00012160816550021991,0.0012470417423173785,0.35368555784225464,-0.03202071413397789,-0.5054850578308105,1.0661005973815918,1.3367586135864258,1.1138267517089844,1.1428557634353638,0.9703472256660461,1.066026772701802,0.4620058238506317,0.9999439120292664,0.9999555349349976,0.9999129772186279,0.999918520450592,0.9999745488166809,0.0044972263276577,0.0024595572613179684,0.0006585185183212161,0.00299194292165339,0.8405537605285645,0.5467334389686584,0.07442878186702728,4.900210857391357,4.568938732147217,5.627636432647705,8.646897315979004,6.4851484298706055,9.70097827911377,7.36080265045166,4.250235080718994,2.0171284675598145,13.46290397644043,6.702088356018066,5.384687900543213,1.5584343671798706,1.6302210092544556,2.9666171073913574,2.680567741394043,2.6703453063964844,3.391787052154541,2.2792201042175293,2.303988456726074,4.904166221618652,3.2394306659698486,2.7624778747558594,2.7817766666412354
94,4.447950839996338,1.7260082960128784,3.165008783340454,4.6472601890563965,4.447549343109131,4.447434565805655,0.30195438861846924,0.9998606443405151,0.9999870657920837,0.9997232556343079,0.9999383091926575,0.9997912049293518,0.0013364196056500077,0.000433909212006256,0.00010104426473844796,0.0011251578107476234,0.18822737038135529,-0.06905899941921234,-0.4591965675354004,1.3047617673873901,1.5334709882736206,1.3315200805664062,1.3334009647369385,1.2620677947998047,1.3046304656412653,0.3295395076274872,0.9998927712440491,0.9997676610946655,0.999735951423645,0.9998807311058044,0.9999260306358337,0.0029307722579687834,0.0015748227015137672,0.00042106304317712784,0.002852114848792553,0.5999596118927002,0.2907080054283142,-0.5021654367446899,4.976553916931152,3.403238296508789,4.214666843414307,5.490503787994385,4.643436908721924,4.40699577331543,6.0131049156188965,4.328339099884033,3.1201741695404053,9.25341510772705,4.985043048858643,4.165927886962891,1.682108759880066,1.590898036956787,2.787105083465576,2.6347126960754395,2.632075548171997,3.322450876235962,2.2815160751342773,2.4069061279296875,4.5760111808776855,3.2074155807495117,2.7121200561523438,2.7640697956085205
95,4.049797058105469,1.7504675388336182,3.0836832523345947,4.271691799163818,3.9510607719421387,4.049613517615128,0.29771679639816284,0.9999392628669739,0.9997234344482422,0.9997943639755249,0.9999312162399292,0.9999755024909973,0.0013219155371189117,0.00044228017213754356,0.00010563838441157714,0.001167504582554102,0.21030139923095703,-0.060702770948410034,-0.44454455375671387,1.9369877576828003,2.020979881286621,1.8232860565185547,2.056344747543335,1.8145350217819214,1.9363911540448813,0.4997492730617523,0.9998173117637634,0.9999980926513672,0.9998247623443604,0.9998417496681213,0.999789834022522,0.0018868142506107688,0.0010752248344942927,0.0002670355897862464,0.0032664218451827765,0.6161731481552124,0.11315154284238815,-0.4298172891139984,2.863473653793335,2.541891098022461,4.152467727661133,2.236374616622925,4.235443592071533,2.6581125259399414,3.948992967605591,4.2302937507629395,9.618806838989258,6.800086498260498,4.328594207763672,4.29982328414917,1.7630876302719116,1.6516895294189453,2.7979724407196045,2.510004758834839,2.707097053527832,3.2005884647369385,2.378877878189087,2.5066566467285156,4.6960225105285645,3.260695695877075,2.7472691535949707,2.782853841781616
96,3.0061018466949463,1.8565336465835571,2.5100622177124023,3.201042413711548,2.85142183303833,3.005894445293619,0.3014967441558838,0.9999009370803833,0.9994498491287231,0.9998073577880859,0.9999217987060547,0.9998937845230103,0.0012883058516308665,0.0005010872264392674,0.000126247075968422,0.0015619375044479966,0.37457185983657837,-0.014970910735428333,-0.5270656943321228,1.149597406387329,1.271079659461975,1.1080574989318848,1.2048546075820923,1.0951951742172241,1.1495346453479602,0.6040963530540466,0.9999350905418396,0.9992543458938599,0.9998825192451477,0.9998986124992371,0.9999789595603943,0.005014535039663315,0.0020278110168874264,0.0005742156063206494,0.006693843752145767,0.9118169546127319,0.49901118874549866,-0.053392037749290466,6.293306827545166,4.67612886428833,4.1536359786987305,4.272119998931885,3.0647032260894775,4.296587944030762,4.291762828826904,3.531939744949341,15.386475563049316,9.486470222473145,5.945313930511475,5.240645885467529,1.907119870185852,1.7112022638320923,2.7676913738250732,2.4890730381011963,2.4384522438049316,3.129157781600952,2.529176950454712,2.4406566619873047,4.836496353149414,3.299858808517456,2.7548882961273193,2.730271816253662
97,2.3483097553253174,1.8198870420455933,2.086975574493408,2.516097068786621,2.1934597492218018,2.3479529569345856,0.31232184171676636,0.9998342394828796,0.999999463558197,0.9998716711997986,0.999941349029541,0.9997186064720154,0.0013471869751811028,0.000567427312489599,0.00014945786097086966,0.0019616626668721437,0.49457812309265137,0.042912740260362625,-0.4964083433151245,1.160083532333374,1.2424055337905884,1.1844840049743652,1.201744556427002,1.1145299673080444,1.1600183926158356,0.7360013723373413,0.9999467134475708,0.9998319745063782,0.9997653961181641,0.9999293088912964,0.9999810457229614,0.006043804343789816,0.0021215451415628195,0.0006117873708717525,0.005772778298705816,0.8796871304512024,0.5855868458747864,0.07002038508653641,5.370940685272217,2.6036391258239746,4.519872188568115,3.177595853805542,3.6225504875183105,5.513941287994385,4.573202133178711,4.133445739746094,18.658920288085938,10.135856628417969,6.230996608734131,5.860052585601807,2.1544885635375977,1.6910103559494019,2.7625207901000977,2.3034474849700928,2.3292362689971924,3.1490306854248047,2.5569252967834473,2.3761603832244873,4.968221187591553,3.3258118629455566,2.761685371398926,2.661939859390259
98,2.0329794883728027,1.7473721504211426,1.8371856212615967,2.1814610958099365,1.8913015127182007,2.0329447853648928,0.31883350014686584,0.9999505281448364,0.9999662041664124,0.9998613595962524,0.9999327659606934,0.9999783039093018,0.0014003118267282844,0.0006209748098626733,0.00016504550876561552,0.0022961401846259832,0.5749324560165405,0.09273817390203476,-0.4899343252182007,1.3583389520645142,1.4589532613754272,1.3532729148864746,1.4006518125534058,1.313334584236145,1.358222993626581,0.7652367949485779,0.9999175071716309,0.9992851614952087,0.9997752904891968,0.9998704195022583,0.9999836087226868,0.006714215036481619,0.002082987455651164,0.0005639755981974304,0.005071751307696104,0.8042227029800415,0.43202048540115356,-0.34083232283592224,3.4646573066711426,3.147488594055176,5.306408882141113,3.550532102584839,3.659754991531372,5.394451141357422,4.88715934753418,2.5199859142303467,17.834945678710938,13.337380409240723,6.310276031494141,6.398880958557129,2.164752244949341,1.7340779304504395,2.8146026134490967,2.3723349571228027,2.3108866214752197,3.136864185333252,2.5514678955078125,2.3144078254699707,5.077738285064697,3.368640184402466,2.7845773696899414,2.62258243560791
99,1.8856629133224487,1.720381498336792,1.7698390483856201,2.0406293869018555,1.7313944101333618,1.8856440328859772,0.32189977169036865,0.9999750256538391,0.9999761581420898,0.9998586177825928,0.9999628067016602,0.9999986886978149,0.0013412580592557788,0.0006494901026599109,0.00017797933833207935,0.0022782718297094107,0.6230089664459229,0.12247137725353241,-0.44165167212486267,1.3526827096939087,1.7927755117416382,1.372827410697937,1.4113363027572632,1.2814210653305054,1.352549339833754,0.5463621616363525,0.9999192357063293,0.9997154474258423,0.9998611211776733,0.9998687505722046,0.9999815225601196,0.0033129218500107527,0.002061666687950492,0.0005658544832840562,0.004194328095763922,0.7937631011009216,0.345732182264328,-0.17949935793876648,4.160945892333984,5.392374038696289,3.799802303314209,5.713316440582275,3.5223891735076904,6.701507568359375,3.6030728816986084,2.624178886413574,13.681619644165039,9.310783386230469,5.850999355316162,5.361358165740967,2.25893497467041,1.820739507675171,2.7235426902770996,2.476346731185913,2.348640203475952,3.219804048538208,2.524463415145874,2.200819969177246,5.1851582527160645,3.386563301086426,2.8145012855529785,2.61214017868042
100,1.8419443368911743,1.6931650638580322,1.7315244674682617,1.9998455047607422,1.6848706007003784,1.8418904686451205,0.33448466658592224,0.9999564290046692,0.9999212026596069,0.9997965097427368,0.9999308586120605,0.9999970197677612,0.0013145068660378456,0.0006788261234760284,0.00018615041335579008,0.002126157283782959,0.6468653082847595,0.135981947183609,-0.4028792381286621,1.6459910869598389,1.5044059753417969,1.4213371276855469,1.654292106628418,1.6653265953063965,1.6458270185176578,0.7764461636543274,0.9999021291732788,0.9997162222862244,0.9998221397399902,0.9998596906661987,0.9999668598175049,0.003053112654015422,0.0021378237288445234,0.0004853286955039948,0.003140091896057129,0.7820736169815063,0.26947203278541565,-0.36837318539619446,3.2359585762023926,4.051909923553467,2.654179096221924,5.319143295288086,3.1560587882995605,5.277132511138916,3.3533883094787598,2.8143017292022705,17.130674362182617,5.720305442810059,5.271305084228516,5.703604698181152,2.244976043701172,1.7238894701004028,2.643547296524048,2.5934059619903564,2.334747076034546,3.2905514240264893,2.4769256114959717,2.231064558029175,5.279116630554199,3.3782479763031006,2.8196473121643066,2.612952709197998
101,1.8598449230194092,1.6834436655044556,1.7673646211624146,2.0060336589813232,1.71050226688385,1.8598260510993336,0.35016492009162903,0.9999571442604065,0.9999999403953552,0.9997389912605286,0.9999537467956543,0.9999820590019226,0.0013429104583337903,0.0007092111045494676,0.00019104903913103044,0.0020162761211395264,0.6478564739227295,0.137019544839859,-0.40307217836380005,1.635752558708191,1.611322045326233,1.4815186262130737,1.5958657264709473,1.7298754453659058,1.6352346963391349,0.5034334063529968,0.9998801350593567,0.9991577863693237,0.9998073577880859,0.9998474717140198,0.9999549984931946,0.0029016516637057066,0.00170139130204916,0.00037742554559372365,0.0031545700039714575,0.6783934235572815,0.29601022601127625,-0.3819325566291809,2.532916307449341,1.8906694650650024,5.0449724197387695,4.370502471923828,4.009579181671143,7.16472053527832,2.0077288150787354,3.636331558227539,9.389108657836914,4.060910224914551,4.410743713378906,4.213208198547363,2.1303577423095703,1.6278713941574097,2.7211225032806396,2.687317132949829,2.3654866218566895,3.3528857231140137,2.269115924835205,2.2748939990997314,5.355144500732422,3.2986931800842285,2.808289051055908,2.620681047439575
102,2.229290723800659,1.6238266229629517,2.0475497245788574,2.3749122619628906,2.0853919982910156,2.2292152616898218,0.35868120193481445,0.9999512434005737,0.9997286200523376,0.9997166395187378,0.9999361634254456,0.9999939203262329,0.0013690581545233727,0.00064210215350613,0.00017017830396071076,0.0016849566018208861,0.5549964904785156,0.06596220284700394,-0.4798680543899536,1.4793701171875,1.284988522529602,1.269663691520691,1.516034722328186,1.4626424312591553,1.4790755626601293,0.2838776111602783,0.9998973608016968,0.9999985098838806,0.9998804926872253,0.9998486042022705,0.9999678730964661,0.0030339888762682676,0.001684251124970615,0.00039559180731885135,0.002314539859071374,0.6800568103790283,0.2560886740684509,-0.481103777885437,3.5543742179870605,3.3315086364746094,4.262501239776611,5.222405910491943,5.600151538848877,7.846366882324219,3.037431478500366,4.286910057067871,5.007129669189453,4.3974528312683105,4.654623508453369,4.008625507354736,1.936918020248413,1.5079576969146729,2.638153553009033,2.641165018081665,2.331427812576294,3.350282669067383,1.984561562538147,2.3512580394744873,5.141200542449951,3.271304130554199,2.715423107147217,2.6321258544921875
103,2.5833778381347656,1.7026022672653198,2.3255577087402344,2.7105088233947754,2.4650051593780518,2.582480535563392,0.37493109703063965,0.9996349215507507,0.9998844861984253,0.9997013807296753,0.9999364614486694,0.9992787837982178,0.0014087128220126033,0.0006070201052352786,0.00015427205653395504,0.0013639251701533794,0.5042047500610352,0.021187355741858482,-0.5553429126739502,2.219982385635376,2.136648416519165,2.1132307052612305,2.2636935710906982,2.1751303672790527,2.2187423729728537,0.3814326822757721,0.9997865557670593,0.9994603395462036,0.9998335838317871,0.999832034111023,0.9997177720069885,0.0023176539689302444,0.0011406103149056435,0.0003144357760902494,0.0029991858173161745,0.6048979759216309,0.12285267561674118,-0.5620337128639221,3.0433037281036377,2.86264705657959,3.8406577110290527,6.189366817474365,5.675378322601318,7.357975482940674,1.7727158069610596,3.792736053466797,6.796483039855957,4.6652936935424805,4.599655628204346,4.488536834716797,1.790486454963684,1.4549801349639893,2.671361207962036,2.6964142322540283,2.394977331161499,3.3529140949249268,1.7962169647216797,2.3725383281707764,5.164505958557129,3.2718193531036377,2.6966214179992676,2.685734748840332
104,2.7994706630706787,1.7079259157180786,2.54482364654541,2.9192891120910645,2.6878952980041504,2.7993889410778765,0.3797978460788727,0.9999553561210632,0.9998012185096741,0.999844491481781,0.9999382495880127,0.9999901056289673,0.0013740647118538618,0.0005776569014415145,0.0001493124000262469,0.0013142237439751625,0.49276119470596313,-2.172788117604796e-05,-0.5573523640632629,2.7902045249938965,1.6374832391738892,2.8254761695861816,2.879357099533081,2.669741630554199,2.7885005781756806,0.43652528524398804,0.999800980091095,0.9998955726623535,0.9998077750205994,0.9997105002403259,0.9999228715896606,0.002566145732998848,0.000886722409632057,0.0002802180533763021,0.0026522388216108084,0.5594180822372437,0.021624986082315445,-0.5313470363616943,1.8682036399841309,3.058631658554077,5.6460795402526855,4.043262958526611,6.577328681945801,7.4918084144592285,1.3755890130996704,3.3943774700164795,5.926271915435791,4.495008945465088,4.3876566886901855,4.506780624389648,1.7044670581817627,1.4988486766815186,2.772549867630005,2.7625229358673096,2.464085578918457,3.4176228046417236,1.6641638278961182,2.4431867599487305,5.185567378997803,3.2891550064086914,2.720217227935791,2.7402231693267822
105,2.9690699577331543,1.7371503114700317,2.757459878921509,3.0982508659362793,2.842705488204956,2.9689352281193755,0.3814028799533844,0.9999407529830933,0.9993664026260376,0.9996780157089233,0.9999242424964905,0.9999952912330627,0.0015185278607532382,0.0005486792651936412,0.0001416378654539585,0.0012619165936484933,0.5024911761283875,-0.01438366249203682,-0.5946239233016968,3.0448036193847656,1.9240942001342773,3.3461408615112305,3.130406379699707,2.9136290550231934,3.042494493861855,0.3783266246318817,0.9998317956924438,0.9995553493499756,0.9998553395271301,0.9997674822807312,0.9999136328697205,0.00220474717207253,0.0006475343252532184,0.00021682736405637115,0.0016264051664620638,0.7286484837532043,0.0006848017801530659,-0.6327091455459595,2.279083013534546,2.5338826179504395,4.013909339904785,4.800079822540283,6.506888389587402,3.5448310375213623,2.813142776489258,2.7300591468811035,6.460725784301758,3.2807984352111816,3.8963401317596436,3.957868814468384,1.6738231182098389,1.5233747959136963,2.8515353202819824,2.8443145751953125,2.5450265407562256,3.3812313079833984,1.7249367237091064,2.356955051422119,5.272981643676758,3.2399861812591553,2.7414166927337646,2.7805678844451904
106,2.841054916381836,1.7207791805267334,2.7406108379364014,2.9993247985839844,2.6711199283599854,2.8409585998982174,0.3765919506549835,0.9999496936798096,0.9983603358268738,0.9998394846916199,0.9999331831932068,0.9999911189079285,0.001489618793129921,0.0005396400229074061,0.00014018452202435583,0.001181678264401853,0.4580082297325134,-0.007506134919822216,-0.5703972578048706,1.5233241319656372,1.4585609436035156,1.4562101364135742,1.555433750152588,1.4896340370178223,1.5227691141673394,0.4496643543243408,0.9997574090957642,0.9996704459190369,0.9998531341552734,0.9998431205749512,0.9996337890625,0.0027497101109474897,0.0012172602582722902,0.000360362435458228,0.003278927644714713,0.7133504152297974,0.21389438211917877,-0.4817506670951843,3.2128686904907227,2.062422037124634,4.457165718078613,3.4245688915252686,7.550618648529053,4.8888468742370605,3.75229811668396,3.849231481552124,9.115413665771484,3.261895179748535,4.557532787322998,4.177412033081055,1.7774643898010254,1.476425290107727,2.9444706439971924,2.780592679977417,2.6406617164611816,3.3858628273010254,1.788695216178894,2.4580700397491455,5.344315052032471,3.120276927947998,2.77168345451355,2.7937052249908447
107,2.7624599933624268,1.8281947374343872,2.7596805095672607,2.9325339794158936,2.570559024810791,2.762393320480065,0.36387860774993896,0.9999492764472961,0.9996743202209473,0.9998036026954651,0.9999269247055054,0.9999897480010986,0.001436541322618723,0.0005294649745337665,0.00013952174049336463,0.0012183832004666328,0.44190651178359985,0.0003919627924915403,-0.594020664691925,1.7298966646194458,2.1472058296203613,1.7455697059631348,1.735703468322754,1.7183475494384766,1.7295461673687682,0.5002089142799377,0.9998403787612915,0.9999120831489563,0.9998618364334106,0.9998246431350708,0.999858021736145,0.002188899787142873,0.001216811127960682,0.0003568325482774526,0.0022060612682253122,0.6670082807540894,0.14162445068359375,-0.5727532505989075,3.0286543369293213,4.476528644561768,4.754817008972168,3.4015984535217285,6.046267986297607,3.613492965698242,2.9149200916290283,5.116963863372803,11.283129692077637,3.0502066612243652,4.768658638000488,4.616181373596191,1.8508665561676025,1.6266100406646729,2.9754576683044434,2.776437520980835,2.7080307006835938,3.368849992752075,1.8295557498931885,2.5603439807891846,5.405968189239502,3.0418074131011963,2.8143928050994873,2.8160922527313232
108,2.9546802043914795,1.8657954931259155,2.8857550621032715,3.14933705329895,2.7446787357330322,2.954625944347914,0.35214418172836304,0.9999595284461975,0.9993641972541809,0.9998398423194885,0.999947190284729,0.9999899864196777,0.0013933621812611818,0.0004902247455902398,0.00013124301040079445,0.0011555595556274056,0.38013190031051636,-0.011988043785095215,-0.6138061285018921,1.840725064277649,1.322064757347107,1.4881365299224854,1.7574717998504639,2.100238561630249,1.840381954736339,0.38245245814323425,0.9998910427093506,0.9999092817306519,0.9998757839202881,0.99985271692276,0.9999748468399048,0.0026271152310073376,0.001416779705323279,0.00033164810156449676,0.0029205852188169956,0.5996453166007996,0.1534593403339386,-0.3919539451599121,3.0169777870178223,2.9439518451690674,3.3689815998077393,3.6454105377197266,4.381505012512207,2.1294867992401123,5.027829647064209,3.9805030822753906,7.978360652923584,3.5057172775268555,3.9978725910186768,3.7610983848571777,1.8462992906570435,1.7009077072143555,2.9191365242004395,2.770993232727051,2.7602806091308594,3.1252803802490234,1.9806808233261108,2.646545886993408,5.423148155212402,3.03277587890625,2.8206048011779785,2.832549571990967
109,3.08132266998291,1.840775728225708,2.8590760231018066,3.2983479499816895,2.867149591445923,3.081274193823115,0.3470366895198822,0.9999402761459351,0.9999009370803833,0.9998024702072144,0.999921977519989,0.999977171421051,0.0014264177298173308,0.00048262308700941503,0.0001290384097956121,0.0010650603799149394,0.32172542810440063,-0.01943204365670681,-0.6023570895195007,2.3023808002471924,1.626460313796997,1.7420334815979004,2.243558883666992,2.5725655555725098,2.3018429178195583,0.36461177468299866,0.9998145699501038,0.9999815821647644,0.9998337626457214,0.999796450138092,0.9998412728309631,0.0019941090140491724,0.0012339787790551782,0.00026908121071755886,0.0028708965983241796,0.46180763840675354,0.08748335391283035,-0.4618946611881256,3.3186376094818115,3.2249574661254883,2.998100996017456,1.8407771587371826,4.315906047821045,3.4172816276550293,3.754410982131958,3.8902323246002197,7.428038120269775,5.34260892868042,3.9530951976776123,3.8593568801879883,1.9345147609710693,1.750854253768921,2.891932487487793,2.584646224975586,2.8288674354553223,3.0772957801818848,2.0877835750579834,2.714545249938965,5.477859020233154,3.0571837425231934,2.840548276901245,2.859898805618286
110,2.956962823867798,1.787549614906311,2.6778359413146973,3.1751527786254883,2.7500123977661133,2.9569452016001434,0.34480974078178406,0.9999136328697205,0.9999803304672241,0.9998484253883362,0.9999158382415771,0.9999191164970398,0.0013876328011974692,0.0005061100819148123,0.00013220978144090623,0.0010086583206430078,0.3261937201023102,-0.01098085567355156,-0.601487398147583,1.954302191734314,1.3918333053588867,1.6785415410995483,2.0446319580078125,1.896633505821228,1.9539223806444024,0.48811137676239014,0.9998942017555237,0.9995206594467163,0.9998557567596436,0.9998252987861633,0.9999887347221375,0.0025975757744163275,0.0011093656066805124,0.0002886065631173551,0.0027144101914018393,0.554911196231842,0.11795996129512787,-0.5028378963470459,2.945361375808716,1.7207159996032715,2.572798728942871,4.012529373168945,3.424560308456421,2.8268754482269287,4.9694108963012695,3.189256191253662,8.973475456237793,4.619136333465576,3.9254119396209717,3.888568639755249,1.999283790588379,1.6813338994979858,2.813549041748047,2.6627159118652344,2.867154121398926,2.9846556186676025,2.2559573650360107,2.716245412826538,5.525008678436279,3.1166439056396484,2.8622548580169678,2.8680598735809326
111,2.9017386436462402,1.7381478548049927,2.5860297679901123,3.1395883560180664,2.6810035705566406,2.901748873736704,0.35364535450935364,0.9999580979347229,0.9999967217445374,0.9998798966407776,0.999949038028717,0.9999780058860779,0.0013591096503660083,0.0005215182900428772,0.00013310932263266295,0.001002535573206842,0.3800915479660034,-0.006234137341380119,-0.5974733829498291,2.193089485168457,1.7449392080307007,1.9346522092819214,2.3824291229248047,2.022408962249756,2.1925185630644153,0.5713099241256714,0.9998809099197388,0.999853253364563,0.9998709559440613,0.9998045563697815,0.9999631643295288,0.0024105918128043413,0.0010997182689607143,0.0002735869202297181,0.002818949520587921,0.6621888875961304,0.07536955177783966,-0.3705039322376251,2.1102936267852783,2.1431517601013184,4.3045196533203125,3.4312379360198975,2.575434446334839,2.937610149383545,4.6025776863098145,3.524711847305298,10.565939903259277,4.784276008605957,4.097975254058838,4.294251441955566,1.9028582572937012,1.593924880027771,2.91422700881958,2.6944451332092285,2.7385780811309814,2.94307017326355,2.414381742477417,2.743959665298462,5.584600925445557,3.1711535453796387,2.87011981010437,2.8781914710998535
112,2.8213276863098145,1.7335578203201294,2.525344133377075,3.0866405963897705,2.574549674987793,2.821248535690821,0.3665674328804016,0.9999541640281677,0.9998090267181396,0.9998810291290283,0.9999215602874756,0.9999978542327881,0.0013753609964624047,0.0005451311590149999,0.00013555270561482757,0.001082252012565732,0.410613477230072,0.0022274244111031294,-0.624579906463623,2.0773580074310303,2.0617475509643555,2.037134885787964,2.243494987487793,1.8978877067565918,2.076851909158335,0.6281775236129761,0.9998171329498291,0.9997655749320984,0.9998149275779724,0.9997695088386536,0.9998664259910583,0.0025668011512607336,0.0013167127035558224,0.00031788498745299876,0.003116985084488988,0.6641642451286316,0.1712256222963333,-0.604776918888092,2.234130859375,2.3350720405578613,2.9068822860717773,2.626012086868286,1.9626144170761108,4.43073844909668,3.8798019886016846,3.0522091388702393,10.497632026672363,7.2616705894470215,4.118676662445068,4.382544040679932,1.8658366203308105,1.5551412105560303,2.820199966430664,2.5373406410217285,2.5474414825439453,3.0298569202423096,2.4977023601531982,2.7435083389282227,5.631168842315674,3.2275023460388184,2.8455700874328613,2.856598138809204
113,2.7897653579711914,1.8553813695907593,2.6173131465911865,3.068923234939575,2.514975070953369,2.7896577506958167,0.36774227023124695,0.9999358654022217,0.999832272529602,0.9998821020126343,0.9998897910118103,0.9999880194664001,0.0013282749569043517,0.0005363134550862014,0.00013697049871552736,0.0011244966881349683,0.4311075210571289,0.006080304272472858,-0.6056261658668518,2.308795928955078,2.0346410274505615,2.282712936401367,2.385026216506958,2.2053351402282715,2.306561863497554,0.36774832010269165,0.9996938705444336,0.9998868703842163,0.9997504353523254,0.9995774030685425,0.9998445510864258,0.002376811346039176,0.0009184120572172105,0.00029708293732255697,0.0024194635916501284,0.6226051449775696,0.07578406482934952,-0.544319748878479,2.4472219944000244,2.673020362854004,3.0179946422576904,5.38594388961792,3.0749361515045166,4.312469482421875,3.632251501083374,4.918087959289551,7.244932174682617,6.652463436126709,4.33593225479126,4.239272117614746,1.8257559537887573,1.5866597890853882,2.7570695877075195,2.581860303878784,2.401632308959961,3.1087405681610107,2.456059455871582,2.840728759765625,5.609230041503906,3.236908197402954,2.8404645919799805,2.8489415645599365
114,2.7316465377807617,1.8218549489974976,2.604182004928589,3.0142741203308105,2.449765920639038,2.731543699746337,0.3792896568775177,0.9999390840530396,0.9991054534912109,0.9997264742851257,0.9999237060546875,0.9999833106994629,0.0013979142531752586,0.0005721123889088631,0.0001393804413964972,0.0013102394295856357,0.44523173570632935,0.01002598088234663,-0.6578518748283386,1.7953002452850342,1.5183632373809814,1.5188093185424805,1.797295093536377,1.8589872121810913,1.795111842764954,0.5301989912986755,0.9999052882194519,0.9999596476554871,0.9998820424079895,0.9998734593391418,0.999963104724884,0.0029289978556334972,0.0016535945469513535,0.00030959388823248446,0.0018997982842847705,0.5769860148429871,0.1903308480978012,-0.7858834266662598,2.9450438022613525,2.6368966102600098,1.3221523761749268,2.988847494125366,2.84670352935791,4.896146774291992,3.518850326538086,3.3424084186553955,9.084959983825684,6.123082637786865,3.9705092906951904,3.9260952472686768,1.8057987689971924,1.5382249355316162,2.526015043258667,2.592101812362671,2.4112093448638916,3.1833839416503906,2.4143049716949463,2.821014642715454,5.643017768859863,3.255187749862671,2.819025754928589,2.831238031387329
115,2.9048843383789062,1.7695775032043457,2.7928202152252197,3.190380096435547,2.6149444580078125,2.9041531245972503,0.39482349157333374,0.99973064661026,0.999593198299408,0.9998623728752136,0.9999358057975769,0.9995136260986328,0.001479773665778339,0.0005663312040269375,0.00013416980800684541,0.0012031610822305083,0.40022599697113037,-0.0055640460923314095,-0.675055205821991,2.0511717796325684,1.3287763595581055,1.7054989337921143,1.9532557725906372,2.3896825313568115,2.050421755020998,0.4906241297721863,0.9998349547386169,0.999115526676178,0.9998928308486938,0.9998155832290649,0.9998760223388672,0.002993042813614011,0.0013255992671474814,0.00029626357718370855,0.0032299913000315428,0.6585522294044495,0.13340330123901367,-0.3807244300842285,2.442458152770996,2.2498691082000732,2.0382728576660156,4.9692063331604,2.0647170543670654,4.740060329437256,2.4093523025512695,3.0921947956085205,6.768826484680176,7.054154396057129,3.7829110622406006,3.787539005279541,1.7119250297546387,1.4860447645187378,2.4174582958221436,2.6821200847625732,2.2950587272644043,3.2096290588378906,2.2553787231445312,2.781186819076538,5.625372409820557,3.2938525676727295,2.7758028507232666,2.821803331375122
116,2.903162956237793,1.6125868558883667,2.629664897918701,3.16317081451416,2.658550500869751,2.9030719499414626,0.4248996675014496,0.9999423623085022,0.9999598264694214,0.9997961521148682,0.9999076128005981,0.9999980330467224,0.0016532250447198749,0.0006138831377029419,0.00013672388740815222,0.0011484315618872643,0.4622131288051605,-0.004325249698013067,-0.675735592842102,1.946172833442688,1.1957054138183594,1.440018892288208,1.9623627662658691,2.0829038619995117,1.9456035747455303,0.581023633480072,0.9997767806053162,0.9998972415924072,0.9997872710227966,0.9998099207878113,0.9997141361236572,0.0038789757527410984,0.0015266644768416882,0.0003069456433877349,0.0039583779871463776,0.6124045848846436,0.1605444699525833,-0.3736313283443451,2.111182928085327,2.8927412033081055,2.5063161849975586,2.953064203262329,1.9757270812988281,4.168628692626953,1.3834397792816162,1.6798439025878906,6.904271125793457,7.0538506507873535,3.3629066944122314,3.4593863487243652,1.5777777433395386,1.337895393371582,2.388693332672119,2.6136062145233154,2.1930365562438965,3.2510159015655518,2.1234936714172363,2.604005813598633,5.651296138763428,3.3395543098449707,2.7080376148223877,2.781944513320923
117,2.794281482696533,1.5563825368881226,2.5286779403686523,3.0130224227905273,2.5868189334869385,2.794205296559246,0.43546295166015625,0.9999457001686096,0.9998858571052551,0.999799907207489,0.9999376535415649,0.9999757409095764,0.001671561854891479,0.0006499445880763233,0.0001456542668165639,0.0012160969199612737,0.48318779468536377,0.0019768530037254095,-0.6510345935821533,1.905938744544983,1.6961289644241333,1.8573683500289917,1.918379783630371,1.8973557949066162,1.9047172361034668,0.4673101007938385,0.9998756051063538,0.9993492364883423,0.9998607039451599,0.9998193979263306,0.9999725222587585,0.0023913756012916565,0.001200234517455101,0.00028725521406158805,0.0025444314815104008,0.6384330987930298,0.13223543763160706,-0.4785093665122986,2.1653239727020264,2.0409390926361084,4.218747138977051,2.396880865097046,2.848970413208008,3.429225444793701,2.0548207759857178,2.4212844371795654,7.302822589874268,4.161808013916016,3.3040826320648193,3.2295234203338623,1.5115954875946045,1.3484041690826416,2.527294397354126,2.5173168182373047,2.148176670074463,3.2208056449890137,2.059239625930786,2.5162694454193115,5.69382381439209,3.3739476203918457,2.6916873455047607,2.7641491889953613
118,2.6375467777252197,1.531667947769165,2.4021389484405518,2.8078627586364746,2.473703384399414,2.637430241560395,0.45253393054008484,0.9999316334724426,0.9998214840888977,0.9997040033340454,0.9999088048934937,0.9999919533729553,0.0016916802851483226,0.000685577280819416,0.0001538392243674025,0.0013480144552886486,0.5165674686431885,0.018442483618855476,-0.640745222568512,1.8146532773971558,1.7327196598052979,1.8042722940444946,1.8217774629592896,1.8057501316070557,1.8142953237762351,0.5563339591026306,0.9998797178268433,0.9997430443763733,0.999851405620575,0.9998590350151062,0.9999192357063293,0.00239392276853323,0.0012673387536779046,0.0003134816070087254,0.002195980167016387,0.8402035236358643,0.22266146540641785,-0.37896528840065,1.5526330471038818,1.6048572063446045,2.2510650157928467,4.830811023712158,3.2147929668426514,2.762277841567993,2.9618725776672363,2.0360183715820312,8.035454750061035,4.70059061050415,3.3950371742248535,3.4026200771331787,1.4467456340789795,1.2976564168930054,2.4409921169281006,2.62886381149292,2.195403575897217,3.14801025390625,1.9700748920440674,2.2737085819244385,5.729580879211426,3.3720266819000244,2.650306463241577,2.7201080322265625
119,2.466273546218872,1.510635256767273,2.278684377670288,2.630574941635132,2.301809549331665,2.466139956749754,0.45555728673934937,0.9999270439147949,0.9996397495269775,0.9997755885124207,0.9998844861984253,0.9999985098838806,0.0016654012724757195,0.0007076598121784627,0.00015710298612248152,0.0014374851016327739,0.520024836063385,0.03848093003034592,-0.601918637752533,1.6410573720932007,1.395430326461792,1.5461199283599854,1.6577743291854858,1.6337915658950806,1.6408081623701536,0.857364296913147,0.9998601675033569,0.9998310804367065,0.999789297580719,0.9998565912246704,0.9998748302459717,0.0024879067204892635,0.001492041046731174,0.0003864247410092503,0.0036643301136791706,0.85149085521698,0.2802899181842804,-0.3050351142883301,2.133603572845459,2.1933727264404297,3.0602192878723145,3.0946903228759766,4.32485294342041,2.4446728229522705,2.2976582050323486,2.26973819732666,14.154301643371582,4.459351062774658,4.043245792388916,4.547986030578613,1.467040777206421,1.2897839546203613,2.4631152153015137,2.6256024837493896,2.312570571899414,2.9981071949005127,1.9376742839813232,2.178598165512085,5.76625394821167,3.3568625450134277,2.6395609378814697,2.687997817993164
120,2.3744750022888184,1.6117156744003296,2.2870686054229736,2.5337085723876953,2.2011213302612305,2.374404338728346,0.4396626949310303,0.9999525547027588,0.9991388320922852,0.9997594952583313,0.9999391436576843,0.9999976754188538,0.0015207368414849043,0.0006902165478095412,0.0001545717241242528,0.0013247455935925245,0.517602801322937,0.045092303305864334,-0.5658303499221802,1.4047832489013672,1.5378738641738892,1.3946354389190674,1.3867570161819458,1.4333826303482056,1.404503599870236,0.4873439073562622,0.9998395442962646,0.999999463558197,0.9997991919517517,0.9998830556869507,0.9997780323028564,0.0018810464534908533,0.0016024832148104906,0.0004068358975928277,0.004826189484447241,0.7575218677520752,0.2983587086200714,-0.5418776273727417,2.744568347930908,3.9694392681121826,4.415882110595703,3.4852638244628906,6.067623615264893,2.5611414909362793,3.572674512863159,2.7260842323303223,10.044877052307129,4.110157012939453,4.369771480560303,3.960167169570923,1.5063000917434692,1.450020670890808,2.589923620223999,2.652461290359497,2.40877366065979,2.741823196411133,2.0213723182678223,2.177412986755371,5.786433219909668,3.3613293170928955,2.6695849895477295,2.6875951290130615
121,2.3933498859405518,1.6357057094573975,2.3366565704345703,2.5521175861358643,2.214888334274292,2.393341465070532,0.4297471344470978,0.9999296069145203,0.9999656081199646,0.9997875690460205,0.9999207258224487,0.9999575018882751,0.00136075250338763,0.0006653901073150337,0.0001487631379859522,0.001205184031277895,0.5409797430038452,0.04056854173541069,-0.5513527989387512,2.003878593444824,1.5210108757019043,1.8215621709823608,2.0123748779296875,2.04056453704834,2.003419791051297,0.41405948996543884,0.9998612999916077,0.9999170303344727,0.9998071193695068,0.9998050332069397,0.9999765157699585,0.0022422620095312595,0.0011381133226677775,0.00028417198336683214,0.002551902085542679,0.5705715417861938,0.13948065042495728,-0.3797186315059662,2.721036911010742,3.5944714546203613,4.903621673583984,2.858959436416626,3.3120267391204834,1.305059790611267,3.503530263900757,2.609145402908325,6.974874973297119,5.326570510864258,3.7109296321868896,3.5938236713409424,1.5338515043258667,1.5980437994003296,2.722980499267578,2.6102957725524902,2.4690332412719727,2.520787477493286,2.08390212059021,2.164618492126465,5.788730144500732,3.3819661140441895,2.6874210834503174,2.6989567279815674
122,2.5633490085601807,1.6425329446792603,2.4729042053222656,2.7375106811523438,2.372143030166626,2.563232160211277,0.41340962052345276,0.9999364018440247,0.9990118145942688,0.9999029040336609,0.9998928308486938,0.999997615814209,0.0013265482848510146,0.0006137652089819312,0.0001404979993822053,0.0011460980167612433,0.4301706552505493,0.021917635574936867,-0.5939155220985413,3.6564745903015137,1.7808984518051147,2.659498691558838,3.5739574432373047,4.199136734008789,3.654174272893795,0.24132294952869415,0.9997254610061646,0.9999452233314514,0.9997329115867615,0.9996597170829773,0.9998650550842285,0.0017055155476555228,0.000738089089281857,0.0001835524890339002,0.0011946508893743157,0.5107651948928833,-0.0272446870803833,-0.688016951084137,2.583219051361084,2.9821054935455322,3.277926206588745,3.6657211780548096,4.812704086303711,3.325275182723999,2.3604347705841064,3.0623161792755127,5.043055534362793,4.168201446533203,3.5280959606170654,3.5008130073547363,1.5277831554412842,1.6516709327697754,2.746760368347168,2.6657605171203613,2.5344812870025635,2.5557236671447754,2.01849365234375,2.2140138149261475,5.6525068283081055,3.39251446723938,2.6959710121154785,2.7177815437316895
123,2.80539608001709,1.60988187789917,2.6832454204559326,3.007138729095459,2.590594530105591,2.805349825684209,0.40949246287345886,0.999936044216156,0.9997220039367676,0.9995734691619873,0.99993497133255,0.9999885559082031,0.0013459889451041818,0.0005568848573602736,0.00013057957403361797,0.001023915596306324,0.4193842113018036,0.002036274876445532,-0.616504430770874,3.828221082687378,1.6370127201080322,2.925715446472168,3.6820764541625977,4.5566630363464355,3.823315358459358,0.39163488149642944,0.9997462630271912,0.9999646544456482,0.9997761249542236,0.9996564388275146,0.9999483823776245,0.0022796988487243652,0.0006824415177106857,0.00017863939865492284,0.001504721469245851,0.503872275352478,-0.02460956573486328,-0.5561862587928772,2.6680805683135986,1.7026441097259521,1.7960209846496582,2.711191415786743,3.3211374282836914,4.498187065124512,2.3050320148468018,4.572930335998535,5.665241241455078,5.021573543548584,3.426203966140747,3.5601284503936768,1.6045520305633545,1.5965454578399658,2.5975863933563232,2.583839178085327,2.5159265995025635,2.6710238456726074,1.980669617652893,2.3352651596069336,5.617196559906006,3.4192051887512207,2.69218111038208,2.740269422531128
124,2.8970019817352295,1.586239218711853,2.722644329071045,3.1076626777648926,2.678755283355713,2.8969127767858676,0.4066540002822876,0.9999487996101379,0.9999911189079285,0.9998228549957275,0.9999217987060547,0.9999971389770508,0.0014323178911581635,0.0005415822379291058,0.0001307720085605979,0.0009261053055524826,0.38814860582351685,-0.0016577945789322257,-0.612663984298706,2.739853858947754,1.699836015701294,2.409060001373291,2.7457215785980225,2.842881441116333,2.7385507939100098,0.3520134389400482,0.999800443649292,0.9997031092643738,0.9998064041137695,0.9997470378875732,0.9999056458473206,0.002698351163417101,0.000798723311163485,0.0002190069790231064,0.0012463427847251296,0.673995852470398,0.029142985120415688,-0.655271053314209,2.032127857208252,2.3811275959014893,4.920245170593262,2.5445680618286133,2.940788745880127,4.400040626525879,1.7531027793884277,3.4481754302978516,5.392477512359619,3.868900775909424,3.3681552410125732,3.3543074131011963,1.562258243560791,1.6025470495224,2.7302825450897217,2.531238317489624,2.4965407848358154,2.7902629375457764,1.9067217111587524,2.3756864070892334,5.564504623413086,3.4226272106170654,2.6982669830322266,2.753415584564209
125,2.894625425338745,1.5489211082458496,2.699185609817505,3.1173768043518066,2.6702466011047363,2.8945812176912065,0.4043354094028473,0.9999606609344482,0.9998517036437988,0.9997954368591309,0.9999525547027588,0.9999955892562866,0.0014604174066334963,0.0005366508266888559,0.00013032722927164286,0.0008042413974180818,0.3919757306575775,-0.0013207064475864172,-0.6621178388595581,2.5957984924316406,1.623929738998413,2.5350687503814697,2.7630820274353027,2.4066145420074463,2.5948920130792894,0.38023659586906433,0.9997981786727905,0.9996739625930786,0.999763011932373,0.9997899532318115,0.9998160600662231,0.0020352185238152742,0.0007225206936709583,0.00018070936494041234,0.002457659225910902,0.5632652640342712,0.019979173317551613,-0.775475800037384,3.0244550704956055,1.7817473411560059,2.6400146484375,2.5062289237976074,2.8366971015930176,1.9774595499038696,2.6687536239624023,3.491297960281372,6.12563943862915,4.000734806060791,3.1053028106689453,3.1001224517822266,1.6355606317520142,1.5941839218139648,2.6902360916137695,2.4903979301452637,2.4699530601501465,2.6897335052490234,1.9507553577423096,2.45792818069458,5.5817179679870605,3.4295248985290527,2.6989991664886475,2.751699447631836
126,2.780306577682495,1.5309587717056274,2.5839085578918457,2.9946212768554688,2.564244508743286,2.7803187280739983,0.3997989892959595,0.9999641180038452,0.9999604821205139,0.9998863339424133,0.9999503493309021,0.9999911189079285,0.0014810183783993125,0.0005571573856286705,0.00013686138845514506,0.0007746286573819816,0.41837483644485474,0.006675667595118284,-0.6292528510093689,2.1814749240875244,1.966082215309143,2.168717861175537,2.2987887859344482,2.0327341556549072,2.1809315203839414,0.5002143979072571,0.99985671043396,0.9979360103607178,0.9998096227645874,0.9998059868812561,0.9999393224716187,0.001903161290101707,0.001016249181702733,0.00026193345547653735,0.0016836731228977442,0.5787795186042786,0.07852554321289062,-0.6414504051208496,2.2798666954040527,2.3417956829071045,2.975341320037842,2.5883824825286865,3.424704074859619,5.437231063842773,2.8464536666870117,3.6855733394622803,8.741637229919434,3.1536765098571777,3.7474663257598877,3.8090176582336426,1.6428050994873047,1.6199532747268677,2.6613519191741943,2.4624929428100586,2.5274813175201416,2.8033955097198486,2.0103116035461426,2.5300140380859375,5.624603271484375,3.339996099472046,2.722240686416626,2.7587246894836426
127,2.7351183891296387,1.5368160009384155,2.541647434234619,2.9594473838806152,2.508699417114258,2.7351574351850374,0.39853179454803467,0.9999660849571228,0.9996689558029175,0.9998994469642639,0.9999539852142334,0.9999926686286926,0.00151347229257226,0.0005841581150889397,0.00013835699064657092,0.0008574117091484368,0.46917110681533813,0.008976282551884651,-0.647994875907898,2.148932695388794,1.6048396825790405,1.9397485256195068,2.26173996925354,2.0467052459716797,2.148397859024405,0.49905455112457275,0.9998638033866882,0.9995111227035522,0.9997620582580566,0.9998038411140442,0.9999694228172302,0.002518270630389452,0.0013191363541409373,0.00024035642854869366,0.0018166836816817522,0.6513539552688599,0.06884453445672989,-0.6574705839157104,3.2745509147644043,1.924649715423584,2.8268375396728516,3.2039973735809326,3.106696844100952,3.8145554065704346,2.443693161010742,3.406358003616333,8.866255760192871,3.5595438480377197,3.642714023590088,3.691061496734619,1.7812674045562744,1.5581657886505127,2.630305051803589,2.4363818168640137,2.5574522018432617,2.8497488498687744,2.022163152694702,2.5710790157318115,5.66806697845459,3.3206377029418945,2.7395267486572266,2.76975154876709
128,2.6185402870178223,1.521166443824768,2.4323716163635254,2.8443915843963623,2.3900020122528076,2.6184919202865684,0.4152933359146118,0.9999604225158691,0.9998164772987366,0.9998646974563599,0.9999404549598694,0.9999985098838806,0.0015287057030946016,0.0006281769019551575,0.0001419102045474574,0.0009775726357474923,0.4699189364910126,0.024707254022359848,-0.6725589632987976,1.73972749710083,1.5098944902420044,1.6496622562408447,1.8148174285888672,1.654558777809143,1.739486342824603,0.5455006957054138,0.9998722672462463,0.9986897706985474,0.999813437461853,0.9998571872711182,0.9999175071716309,0.0028290487825870514,0.0014271795516833663,0.0003031407541129738,0.0017887138528749347,0.8858499526977539,0.19885100424289703,-0.6677879095077515,2.4650988578796387,2.709322929382324,1.925735592842102,4.293612003326416,2.6073973178863525,3.899012565612793,2.4711058139801025,2.655144214630127,9.060450553894043,3.885054111480713,3.5971932411193848,3.5525364875793457,1.7914408445358276,1.4349770545959473,2.451261281967163,2.5494589805603027,2.521972894668579,2.916278600692749,1.8930495977401733,2.5089375972747803,5.697871685028076,3.3368988037109375,2.710214853286743,2.7415237426757812
129,2.4709484577178955,1.4688838720321655,2.2501392364501953,2.6790037155151367,2.266334056854248,2.4708663750994933,0.4286370277404785,0.9999392032623291,0.9999727010726929,0.9998326897621155,0.9999409317970276,0.9999539256095886,0.0017075341893360019,0.000692753295879811,0.00014799735799897462,0.0010759377619251609,0.527030885219574,0.044013913720846176,-0.6442141532897949,1.7948490381240845,1.4876819849014282,1.5484669208526611,1.8565605878829956,1.766567587852478,1.7942264600536315,0.632714033126831,0.9998716115951538,0.9984792470932007,0.9998529553413391,0.9998317360877991,0.9999363422393799,0.003091978607699275,0.001689647906459868,0.00031404741457663476,0.002160590374842286,0.7435673475265503,0.20492054522037506,-0.3215627670288086,2.762056350708008,2.5707058906555176,2.4323253631591797,3.110966205596924,2.813983678817749,4.0796003341674805,2.552910327911377,3.488009452819824,11.277099609375,5.204036235809326,4.02916955947876,4.165102005004883,1.7867045402526855,1.3275648355484009,2.3722543716430664,2.569223165512085,2.4063403606414795,3.0156235694885254,1.9078158140182495,2.5190951824188232,5.746072292327881,3.3661069869995117,2.7016801834106445,2.7247328758239746
130,2.461047649383545,1.4989053010940552,2.2560031414031982,2.6676909923553467,2.2545053958892822,2.460997410916748,0.4362529516220093,0.9999420642852783,0.9999279379844666,0.9998366236686707,0.9999449253082275,0.9999557733535767,0.001690974342636764,0.0007164706476032734,0.0001540698140161112,0.0011000545928254724,0.5413873791694641,0.04334702342748642,-0.611530601978302,2.2254743576049805,2.127230405807495,2.1166975498199463,2.293957471847534,2.1486902236938477,2.2249804567976508,0.5470722317695618,0.9998404383659363,0.9999968409538269,0.999805212020874,0.9998226165771484,0.9998694658279419,0.0020108285825699568,0.0011333271395415068,0.00027368677547201514,0.002790686208754778,0.6366184949874878,0.08838796615600586,-0.4834907650947571,2.4876482486724854,1.7034087181091309,3.2230634689331055,3.7171056270599365,4.226476192474365,3.1572091579437256,2.732360363006592,1.904192566871643,9.10180377960205,5.388374328613281,3.7641639709472656,3.913681983947754,1.7589168548583984,1.2572979927062988,2.3974900245666504,2.633467197418213,2.4741268157958984,3.001241683959961,1.9138665199279785,2.389660120010376,5.777870178222656,3.388368844985962,2.699230670928955,2.728278636932373
131,2.599180221557617,1.5337646007537842,2.3810112476348877,2.814549446105957,2.3853607177734375,2.5990276767572733,0.450592041015625,0.9999194145202637,0.9998449087142944,0.9998679757118225,0.9999474287033081,0.9998975992202759,0.0016388784861192107,0.0006910455413162708,0.00014998017286416143,0.001092439633794129,0.549620509147644,0.027639437466859818,-0.5942966341972351,3.462641954421997,2.3937015533447266,3.2041008472442627,3.3963844776153564,3.6584413051605225,3.458790152616024,0.4792383909225464,0.9996263980865479,0.999116837978363,0.9997985363006592,0.9994719624519348,0.9998676180839539,0.001854995614849031,0.0007213075878098607,0.00018990870739798993,0.0014701662585139275,0.5029095411300659,-0.013702498748898506,-0.6583168506622314,1.7487945556640625,1.5684958696365356,2.4155824184417725,3.656287908554077,2.5138161182403564,4.386643409729004,2.921660900115967,2.4153671264648438,7.1832170486450195,3.667710781097412,3.24775767326355,3.460052251815796,1.6381950378417969,1.1863967180252075,2.306579828262329,2.6749162673950195,2.411167621612549,3.0631461143493652,1.946021318435669,2.3634257316589355,5.800845623016357,3.402147054672241,2.679283857345581,2.7427258491516113
132,3.212118625640869,1.6408482789993286,2.9695470333099365,3.477933168411255,2.9451334476470947,3.211985848613573,0.4292828142642975,0.999919056892395,0.9999637007713318,0.9997472167015076,0.9999212622642517,0.9999427795410156,0.0014561641728505492,0.000546193856280297,0.00012623470684047788,0.0009493211400695145,0.5159103870391846,-0.019001496955752373,-0.6157711148262024,2.221269369125366,1.496528148651123,1.5838731527328491,2.3523929119110107,2.2109851837158203,2.2200227695581822,0.33056211471557617,0.9998107552528381,0.9999544620513916,0.9995535016059875,0.9997835159301758,0.9999439716339111,0.0030301057267934084,0.0011231765383854508,0.00026233619428239763,0.002958203200250864,0.6356489658355713,0.10443740338087082,-0.4714653193950653,2.3153741359710693,2.6850152015686035,3.800053119659424,4.297078609466553,3.430217742919922,4.3907365798950195,2.1364195346832275,6.1284565925598145,2.5487589836120605,4.703393459320068,3.6435506343841553,3.4992077350616455,1.525773525238037,1.120076298713684,2.3723807334899902,2.6885087490081787,2.4360923767089844,3.0987117290496826,1.7742198705673218,2.4720005989074707,5.378222942352295,3.372344493865967,2.623833179473877,2.7263176441192627
133,4.9033122062683105,1.8125247955322266,4.22386360168457,5.296290397644043,4.58925199508667,4.903073433142749,0.3955051302909851,0.9999181628227234,0.9996911287307739,0.9996042251586914,0.9999192953109741,0.9999832510948181,0.0014280467294156551,0.0003753580094780773,9.345924627268687e-05,0.0007280620629899204,0.3418632447719574,-0.07137996703386307,-0.6026517748832703,1.0706117153167725,1.4092259407043457,1.0522905588150024,1.1728825569152832,0.9407224059104919,1.0704598521937156,0.3401421904563904,0.9999128580093384,0.9997170567512512,0.9998697638511658,0.9998834729194641,0.9999554753303528,0.004169580992311239,0.002199278213083744,0.0005450266180559993,0.0021193616557866335,0.8085823655128479,0.48413223028182983,0.11744176596403122,3.2259280681610107,5.177104949951172,4.933618068695068,6.088474750518799,5.773690700531006,7.774670600891113,4.074685096740723,2.7342865467071533,2.197617769241333,5.347849369049072,4.732792854309082,3.6533098220825195,1.3508429527282715,1.1430392265319824,2.4255878925323486,2.684748649597168,2.3961753845214844,3.0927727222442627,1.6723926067352295,2.3153603076934814,4.7174177169799805,3.3183038234710693,2.5116641521453857,2.6464953422546387
134,4.408107757568359,1.785937786102295,3.925532579421997,4.657354831695557,4.206059455871582,4.407925408408704,0.4054694175720215,0.9999326467514038,0.9999364614486694,0.9998433589935303,0.9999093413352966,0.9999786615371704,0.0014035090571269393,0.000396358227590099,0.00010379152809036896,0.0008291119011119008,0.3549318015575409,-0.06574010103940964,-0.5756391286849976,2.0305750370025635,1.7723459005355835,2.200759172439575,1.9427382946014404,2.154094934463501,2.029612895203021,0.4863681495189667,0.9998265504837036,0.9997963905334473,0.9997915029525757,0.9997721910476685,0.9999326467514038,0.0018158464226871729,0.000949739885982126,0.000312576477881521,0.0020271376706659794,0.6176732778549194,0.07987366616725922,-0.7114118933677673,2.277736186981201,1.644409418106079,2.6497297286987305,1.6511811017990112,3.4521217346191406,4.805713176727295,3.867601156234741,2.9223783016204834,7.565771102905273,3.405289888381958,3.4241936206817627,3.4159514904022217,1.324601650238037,1.135650396347046,2.274289131164551,2.5315582752227783,2.473693370819092,3.1733882427215576,1.766270637512207,2.340836763381958,4.846218109130859,3.2385520935058594,2.5105059146881104,2.641899824142456
135,3.5274953842163086,1.7487576007843018,3.247748613357544,3.6776063442230225,3.391374349594116,3.52742378007076,0.41632816195487976,0.9999390840530396,0.999979555606842,0.9998462796211243,0.9999388456344604,0.9999552369117737,0.0013666339218616486,0.00046233818284235895,0.00011911427282029763,0.0009404493612237275,0.43090152740478516,-0.040260761976242065,-0.5170947313308716,1.3828972578048706,1.5153883695602417,1.429012417793274,1.3654841184616089,1.4008750915527344,1.382623114135408,0.6347495317459106,0.9998629093170166,0.999862015247345,0.9998024106025696,0.9998677968978882,0.9998675584793091,0.003805524203926325,0.0016907062381505966,0.00043395813554525375,0.002772417152300477,0.8144566416740417,0.3738958537578583,-0.03585168719291687,2.630446434020996,2.0298027992248535,2.3411877155303955,1.671582579612732,6.20857048034668,5.494630813598633,3.620990037918091,2.8060123920440674,11.187302589416504,4.9570417404174805,4.294756889343262,4.122086048126221,1.33107328414917,1.1374574899673462,2.1913745403289795,2.2593631744384766,2.558166027069092,3.2486300468444824,1.8309879302978516,2.3658738136291504,4.955481052398682,3.151017904281616,2.5029428005218506,2.608408212661743
136,2.8636839389801025,1.6821485757827759,2.6958751678466797,2.9752001762390137,2.7479782104492188,2.863513339213021,0.41262954473495483,0.9998914003372192,0.9999886155128479,0.9997175931930542,0.9999372959136963,0.9998589754104614,0.001400121720507741,0.000546569237485528,0.00014069116150494665,0.0011144885793328285,0.5973415374755859,0.0012222131481394172,-0.5132253170013428,1.2554646730422974,1.1459234952926636,1.2436823844909668,1.2754992246627808,1.2294867038726807,1.25537556014362,0.6002827286720276,0.9999269247055054,0.9998841285705566,0.9998525381088257,0.9998953342437744,0.999984622001648,0.003843102604150772,0.00181549321860075,0.0004733177775051445,0.003727468429133296,0.8421056270599365,0.3499074876308441,-0.1843799203634262,4.437800884246826,4.038828372955322,2.8335683345794678,2.02236008644104,5.165969371795654,5.459399700164795,2.812020778656006,2.632434129714966,11.43327522277832,2.6433446407318115,4.347900390625,3.966602325439453,1.5004321336746216,1.1820229291915894,2.2109780311584473,2.160637378692627,2.6279520988464355,3.2703936100006104,1.8687232732772827,2.344609498977661,5.075870037078857,3.0137228965759277,2.5255343914031982,2.57934832572937
137,2.3777072429656982,1.676849603652954,2.260197639465332,2.4678754806518555,2.2768311500549316,2.37762545682253,0.41990095376968384,0.9999461770057678,0.9998998641967773,0.9997706413269043,0.9999300241470337,0.9999983310699463,0.0014480944955721498,0.0006494586123153567,0.00016454010619781911,0.0013364461483433843,0.6805615425109863,0.05458693206310272,-0.5095040202140808,1.3124946355819702,1.3728070259094238,1.3284467458724976,1.32170569896698,1.2969716787338257,1.3123604023015896,0.7368418574333191,0.9999297857284546,0.9999100565910339,0.9998887181282043,0.9999069571495056,0.9999675750732422,0.004409149754792452,0.0024397855158895254,0.000593199220020324,0.004048979841172695,0.9329167604446411,0.43519169092178345,-0.25593143701553345,2.9684197902679443,3.4879603385925293,6.135663032531738,2.398808002471924,4.385431289672852,5.176814079284668,2.948580265045166,3.215622901916504,16.385934829711914,5.748232841491699,5.285146713256836,5.221956253051758,1.4987133741378784,1.2946441173553467,2.1486332416534424,2.0519909858703613,2.674006938934326,3.2816483974456787,1.8614190816879272,2.3376498222351074,5.185680389404297,3.085463047027588,2.541985034942627,2.541374683380127
138,2.197779893875122,1.717459797859192,2.074481964111328,2.3065645694732666,2.0747528076171875,2.1977147129615573,0.42064380645751953,0.9999455213546753,0.9998509883880615,0.9998147487640381,0.9999224543571472,0.9999977946281433,0.0015094921691343188,0.000726272992324084,0.00017302212654612958,0.0014881559181958437,0.7158368825912476,0.08566806465387344,-0.5478137135505676,1.5562043190002441,1.9451764822006226,1.4592125415802002,1.5868306159973145,1.5346801280975342,1.5560784790214865,0.8718709349632263,0.9999333024024963,0.9998195767402649,0.9999180436134338,0.9998978972434998,0.9999825954437256,0.0035145096480846405,0.0024500153958797455,0.0005022042896598577,0.0031191720627248287,0.8538539409637451,0.3943060338497162,-0.3964836597442627,2.5504300594329834,2.664072275161743,4.0871806144714355,4.5868306159973145,3.74145245552063,4.310864448547363,2.2862861156463623,2.5696887969970703,18.063270568847656,6.497138500213623,5.135721206665039,5.732161998748779,1.5477709770202637,1.3535635471343994,2.259305238723755,2.1869595050811768,2.558152437210083,3.2899327278137207,1.8158531188964844,2.2348320484161377,5.284514427185059,3.137808084487915,2.5668694972991943,2.534674644470215
139,2.135199546813965,1.7494052648544312,2.000098705291748,2.2568609714508057,2.000066041946411,2.1351115969326004,0.42186668515205383,0.9999405145645142,0.9999194741249084,0.9996533393859863,0.9999396800994873,0.9999915361404419,0.0014866518322378397,0.0007817881996743381,0.0001727025955915451,0.0013669629115611315,0.732817530632019,0.09684792160987854,-0.509376585483551,1.6262993812561035,1.7909966707229614,1.4299689531326294,1.640900731086731,1.6541481018066406,1.6260284241376615,0.6577188372612,0.9998504519462585,0.9997960329055786,0.9999014735221863,0.9998729228973389,0.99980229139328,0.002731993328779936,0.0020025388803333044,0.0003402259317226708,0.0019741039723157883,0.7383283972740173,0.26107296347618103,-0.4449853301048279,2.810875415802002,2.276642322540283,4.28236722946167,4.939511775970459,1.865919589996338,3.181304931640625,2.638305902481079,1.8611334562301636,11.20913028717041,5.507602214813232,4.057279109954834,4.136729717254639,1.5805915594100952,1.373170256614685,2.3729989528656006,2.3264212608337402,2.3853259086608887,3.190135955810547,1.852014422416687,2.128533363342285,5.362257480621338,3.1614859104156494,2.573293447494507,2.5292623043060303
140,2.2500765323638916,1.812144160270691,2.0823769569396973,2.3879103660583496,2.102367401123047,2.2500177266307277,0.43029874563217163,0.9999505281448364,0.9993357062339783,0.9997328519821167,0.9999502897262573,0.9999939799308777,0.0014994476223364472,0.0007746489136479795,0.00016262564167845994,0.0014061680994927883,0.7224262952804565,0.07583820819854736,-0.5166690945625305,1.854288101196289,1.5517685413360596,1.550530195236206,1.8225817680358887,2.030602216720581,1.85378988638694,0.41357168555259705,0.9998436570167542,1.0,0.9997114539146423,0.9998282790184021,0.9999279975891113,0.002722974168136716,0.0014122381107881665,0.00028092219145037234,0.0019392952090129256,0.6222538352012634,0.12762010097503662,-0.5044805407524109,2.335792303085327,1.8852204084396362,3.2415690422058105,4.906763553619385,2.1171133518218994,3.55314040184021,2.145716667175293,2.4096624851226807,5.560249328613281,5.612788677215576,3.3768017292022705,3.216299295425415,1.590652346611023,1.2892016172409058,2.359499216079712,2.454000234603882,2.267716646194458,3.1438283920288086,1.761144995689392,2.078582525253296,5.338485240936279,3.180936574935913,2.5464048385620117,2.533229112625122
141,2.711460828781128,1.9502185583114624,2.4830570220947266,2.871483325958252,2.546363353729248,2.7108216357103623,0.4246188998222351,0.999750554561615,0.9989808201789856,0.9998224377632141,0.9999464154243469,0.9994969964027405,0.001458978746086359,0.0006688961875624955,0.00013374234549701214,0.001178204664029181,0.6459643244743347,0.021623477339744568,-0.5670314431190491,1.5868176221847534,1.5326906442642212,1.475300908088684,1.5488312244415283,1.707212209701538,1.5863048809471578,0.32224664092063904,0.999898374080658,0.9993314146995544,0.9998462796211243,0.9998775720596313,0.9999713897705078,0.0024699827190488577,0.0013635501964017749,0.00035713889519684017,0.002635148586705327,0.7675296068191528,0.22142177820205688,-0.40031254291534424,2.9685494899749756,2.2320659160614014,5.16748046875,5.596007347106934,2.5136523246765137,4.211987018585205,2.3479671478271484,5.043044090270996,3.2782347202301025,4.900827407836914,3.825981616973877,3.400761842727661,1.4558855295181274,1.2154380083084106,2.444082021713257,2.528238534927368,2.139329671859741,3.077390670776367,1.5746320486068726,2.1755356788635254,5.054228782653809,3.1263954639434814,2.4791157245635986,2.5269742012023926
142,3.2499377727508545,2.0292720794677734,2.9856133460998535,3.430438756942749,3.067720890045166,3.249755653944454,0.42268237471580505,0.999888002872467,0.9999058246612549,0.9997106194496155,0.9999257922172546,0.9998735189437866,0.0013829789822921157,0.0005572888185270131,0.00011680668831104413,0.0008919134852476418,0.5411964654922485,-0.017059842124581337,-0.579845666885376,2.3382649421691895,2.0297951698303223,2.1241743564605713,2.3097546100616455,2.4477946758270264,2.3371106042922394,0.24979667365550995,0.9997851848602295,0.9999942183494568,0.9997454881668091,0.9997857809066772,0.9997920989990234,0.001909484388306737,0.0008827602723613381,0.00026416158652864397,0.002349420450627804,0.7937341332435608,0.08594821393489838,-0.49996429681777954,2.313656806945801,4.133563995361328,2.669585704803467,3.9936180114746094,2.2814295291900635,4.58314847946167,2.2556509971618652,3.581073522567749,3.999738931655884,3.461876153945923,3.32733416557312,3.153306484222412,1.3788068294525146,1.160016417503357,2.36181378364563,2.592318058013916,2.0210070610046387,3.095815658569336,1.554556965827942,2.248220443725586,4.88521671295166,3.0996835231781006,2.4397456645965576,2.5316033363342285
143,3.3147921562194824,2.063948154449463,3.062620162963867,3.4916398525238037,3.1353068351745605,3.3147287896944384,0.4095456302165985,0.9999323487281799,0.9994176626205444,0.9998792409896851,0.9999144077301025,0.9999714493751526,0.0013900286285206676,0.0005546758184209466,0.00011349812848493457,0.0007659913972020149,0.4619808495044708,-0.020388156175613403,-0.6371833682060242,2.2204065322875977,2.2646520137786865,2.504161834716797,2.173600673675537,2.242050886154175,2.219807544501311,0.31261685490608215,0.9998148679733276,0.9998725652694702,0.9998012185096741,0.9997879266738892,0.9998669624328613,0.0019084915984421968,0.000874023069627583,0.000257394538493827,0.0023674359545111656,0.49546197056770325,0.06467083096504211,-0.6639489531517029,2.502657890319824,3.128150463104248,3.3729865550994873,3.879910469055176,3.4368746280670166,2.2803049087524414,3.4158945083618164,3.2845396995544434,6.42596960067749,2.9155149459838867,3.464280366897583,3.309468984603882,1.3712364435195923,1.2509020566940308,2.408050775527954,2.6910202503204346,2.1336557865142822,2.9913763999938965,1.6943097114562988,2.2945854663848877,4.977112293243408,2.985811710357666,2.4798061847686768,2.5655128955841064
144,2.810001850128174,1.974245309829712,2.6867401599884033,2.969243049621582,2.6281192302703857,2.8098846823023695,0.40109682083129883,0.9999374151229858,0.9999999403953552,0.9997466206550598,0.9999204874038696,0.9999920725822449,0.0013998884242027998,0.0005971121718175709,0.0001274879468837753,0.0008275620639324188,0.5569356679916382,0.014192451722919941,-0.6588892936706543,1.2345631122589111,1.2948241233825684,1.241125226020813,1.2696150541305542,1.1843171119689941,1.2344583939396376,0.43708911538124084,0.9999191164970398,1.0,0.9999220967292786,0.9998866319656372,0.999961793422699,0.0037997071631252766,0.0015757523942738771,0.00041276574484072626,0.002549584023654461,0.7839633226394653,0.38973116874694824,-0.01528504490852356,3.0645246505737305,2.2792880535125732,3.606250762939453,2.8855068683624268,5.443620681762695,3.37188458442688,3.7362799644470215,4.338624000549316,9.11145305633545,4.132438659667969,4.196986675262451,3.5592472553253174,1.3750543594360352,1.3164629936218262,2.45365834236145,2.5418944358825684,2.263162612915039,2.9474282264709473,1.8595771789550781,2.435826301574707,5.082830905914307,2.7449159622192383,2.5020813941955566,2.5398106575012207
145,2.8226964473724365,1.9490594863891602,2.6430985927581787,3.0137298107147217,2.614924192428589,2.8226149013809803,0.3883291184902191,0.9999162554740906,0.9999972581863403,0.9999074339866638,0.9999386072158813,0.9998898506164551,0.0013546266127377748,0.0005846460699103773,0.00012984685599803925,0.0008827969431877136,0.48782891035079956,0.008559026755392551,-0.5858438014984131,2.55088472366333,1.8085438013076782,1.921365737915039,2.759803056716919,2.4419775009155273,2.54948859185253,0.30429506301879883,0.9998002648353577,0.9997909665107727,0.9999144077301025,0.9997153878211975,0.9998822212219238,0.0020744919311255217,0.0009686628472991288,0.000228887889534235,0.0017554765800014138,0.379158079624176,0.022232068702578545,-0.47207534313201904,2.429831027984619,2.5905673503875732,3.3965439796447754,3.815378189086914,2.99696683883667,3.3525235652923584,5.390477180480957,2.6695175170898438,5.707619667053223,3.098811388015747,3.544823408126831,3.449702024459839,1.4223870038986206,1.3868520259857178,2.46683931350708,2.649275302886963,2.2923519611358643,2.940114974975586,2.0200462341308594,2.4369137287139893,5.114105701446533,2.6976161003112793,2.5426502227783203,2.5710597038269043
146,3.4217493534088135,1.988187551498413,3.1418914794921875,3.6880626678466797,3.1516404151916504,3.421590598108433,0.383492648601532,0.9999340772628784,0.999866247177124,0.9998064637184143,0.9999047517776489,0.9999937415122986,0.0013005894143134356,0.0004958086065016687,0.00011415556218707934,0.00085041718557477,0.4000575542449951,-0.024253010749816895,-0.5905889868736267,2.6302404403686523,1.5633037090301514,2.150172472000122,2.5801117420196533,2.9422390460968018,2.62842113896635,0.256409227848053,0.999817430973053,0.999952495098114,0.9998940825462341,0.9997379779815674,0.9999619126319885,0.002057379111647606,0.0009583455394022167,0.00020487843721639365,0.0014711081748828292,0.6372814774513245,0.08105144649744034,-0.6131238341331482,2.324547290802002,2.275087356567383,3.2452845573425293,2.787877321243286,4.032538414001465,4.552908420562744,2.611599922180176,2.316298723220825,3.9280993938446045,4.117951393127441,3.219219207763672,3.1064226627349854,1.370707392692566,1.3501861095428467,2.4275968074798584,2.5156502723693848,2.3932852745056152,2.9904916286468506,1.979901671409607,2.2957980632781982,4.9445648193359375,2.751509666442871,2.5019690990448,2.5720510482788086
147,3.8779635429382324,1.9514853954315186,3.437174081802368,4.196893692016602,3.588095188140869,3.877773814142454,0.3839629888534546,0.9999337792396545,0.9993109703063965,0.9998567700386047,0.9999148845672607,0.9999823570251465,0.0012980467872694135,0.0004339338338468224,0.00010544469114392996,0.000797197048086673,0.3515903949737549,-0.04137175530195236,-0.5756117105484009,3.08897066116333,1.7763035297393799,2.463278293609619,2.9392669200897217,3.7819361686706543,3.0860865707870704,0.41194266080856323,0.99970942735672,0.9999112486839294,0.9996979236602783,0.9996650218963623,0.9998378753662109,0.0020525900181382895,0.0008483710698783398,0.00020792466239072382,0.001717334263958037,0.6732215285301208,-0.004164868034422398,-0.5939821004867554,1.5626615285873413,2.0428779125213623,2.2582430839538574,1.8132250308990479,4.558716773986816,5.182095050811768,2.949685573577881,2.4347050189971924,4.447263717651367,4.829268932342529,3.207874298095703,3.3007421493530273,1.3091490268707275,1.30343759059906,2.3568270206451416,2.3966686725616455,2.4228289127349854,3.0568418502807617,2.0417187213897705,2.25856876373291,4.847736358642578,2.802048921585083,2.4795825481414795,2.5719451904296875
148,5.160545349121094,2.042355537414551,4.221301078796387,5.5784454345703125,4.895272254943848,5.159382264173126,0.3533725440502167,0.9997369647026062,0.9998989105224609,0.9997268915176392,0.9999348521232605,0.9994874000549316,0.0012912905076518655,0.000364096398698166,9.042843157658353e-05,0.0007550438749603927,0.2484714686870575,-0.06709068268537521,-0.5736525058746338,1.8382623195648193,1.7939451932907104,1.5734034776687622,1.8859974145889282,1.8332337141036987,1.8379256477031722,0.35871121287345886,0.9998824596405029,0.9999253153800964,0.9998661875724792,0.9998288154602051,0.9999809861183167,0.0030604698695242405,0.0014537358656525612,0.00032952771289274096,0.001810218091122806,0.5364817380905151,0.13884778320789337,-0.48924586176872253,2.631283760070801,3.673563241958618,4.3042802810668945,4.250221252441406,2.5763485431671143,6.270953178405762,3.5103089809417725,2.975680112838745,2.3650283813476562,6.5442094802856445,3.9101874828338623,3.6491482257843018,1.2928051948547363,1.3836688995361328,2.434231758117676,2.4401371479034424,2.3690450191497803,3.1427419185638428,2.101675510406494,2.233032464981079,4.546191215515137,2.844644546508789,2.4788174629211426,2.581021547317505
149,5.597945213317871,2.034698486328125,4.226535797119141,5.948620319366455,5.581788539886475,5.597062842451371,0.33546537160873413,0.9998289346694946,0.9994027018547058,0.9998174905776978,0.9999045133590698,0.9997398853302002,0.0012369867181405425,0.00036175872082822025,8.777516632108018e-05,0.0006854915991425514,0.27289703488349915,-0.06748631596565247,-0.5287702083587646,2.0853805541992188,1.916528344154358,1.8540153503417969,2.0472962856292725,2.2457075119018555,2.0846747937820918,0.3815546929836273,0.9998628497123718,0.999941885471344,0.9998840689659119,0.9998360276222229,0.9999167919158936,0.0020639693830162287,0.0010631283512338996,0.0002485230506863445,0.0013712657382711768,0.6699650287628174,0.12421336770057678,-0.5031190514564514,1.652061939239502,3.3930609226226807,4.283064365386963,2.4134304523468018,2.2424092292785645,3.386322498321533,2.154787063598633,3.326246500015259,2.920412540435791,6.103438377380371,3.187523365020752,3.076263427734375,1.2424709796905518,1.4727970361709595,2.595512628555298,2.371870756149292,2.249619722366333,3.1269314289093018,2.025783061981201,2.2292020320892334,4.2903337478637695,2.9022109508514404,2.4506733417510986,2.5446114540100098
150,5.23999547958374,2.0435426235198975,3.972815990447998,5.419112682342529,5.438113689422607,5.23970362980857,0.34523773193359375,0.9999302625656128,0.9997613430023193,0.9998816251754761,0.9999116063117981,0.9999856948852539,0.0012815175577998161,0.00039444523281417787,9.20120655791834e-05,0.0006675136392004788,0.26261454820632935,-0.062288809567689896,-0.5307431221008301,2.646735191345215,2.3043668270111084,2.5760483741760254,2.493903636932373,3.0121376514434814,2.645437277955944,0.5317680239677429,0.9998434782028198,0.9998599290847778,0.9998277425765991,0.9997972249984741,0.9999617338180542,0.0020601300057023764,0.0011009773006662726,0.0002480447292327881,0.0018734649056568742,0.45425763726234436,0.040482547134160995,-0.575812816619873,2.247204542160034,2.752495765686035,2.5914628505706787,2.883026123046875,2.7306389808654785,4.304749488830566,2.5345871448516846,2.6244711875915527,8.491954803466797,6.678243637084961,3.783883810043335,4.009014129638672,1.254984974861145,1.5667076110839844,2.532393455505371,2.3861422538757324,2.2610888481140137,3.204414129257202,1.9774813652038574,2.220242500305176,4.44514799118042,2.971862554550171,2.482046604156494,2.579252243041992
151,3.56937575340271,1.858655571937561,2.8720428943634033,3.6564841270446777,3.653290271759033,3.569384253213613,0.37859442830085754,0.9999068975448608,0.9999340176582336,0.9998685121536255,0.9999203681945801,0.9998965263366699,0.0012700732331722975,0.0004996336065232754,0.00011418136273277923,0.000767805555369705,0.28572186827659607,-0.03228931128978729,-0.5867075324058533,1.1765803098678589,1.2961807250976562,1.0942188501358032,1.181347370147705,1.189554214477539,1.1764066855336301,0.6047896146774292,0.9998920559883118,0.999972939491272,0.9999292492866516,0.9998468160629272,0.9999549388885498,0.005580666940659285,0.0023545401636511087,0.0005801184452138841,0.0030312822200357914,0.8661726713180542,0.4598848521709442,-0.08408220112323761,2.254220724105835,2.1687796115875244,3.7235822677612305,4.109797477722168,6.379596710205078,5.626969814300537,3.7617626190185547,3.6167571544647217,13.481223106384277,6.671432971954346,5.179412364959717,4.612185001373291,1.0995509624481201,1.5125033855438232,2.508070468902588,1.9441256523132324,2.372817277908325,3.210317611694336,2.069491147994995,2.1852498054504395,4.589852809906006,2.80354905128479,2.4295527935028076,2.5015244483947754
152,2.8749115467071533,1.7229820489883423,2.321101427078247,2.9519500732421875,2.9215664863586426,2.874804550646024,0.3983238637447357,0.9999346733093262,0.9998552203178406,0.9998371601104736,0.9999242424964905,0.9999837279319763,0.0013339746510609984,0.0005929523031227291,0.0001309704821323976,0.0008449766901321709,0.3351920247077942,-0.000736620684619993,-0.6737910509109497,1.4011787176132202,1.4479451179504395,1.2191846370697021,1.4007139205932617,1.4527572393417358,1.4009404349071932,0.921410083770752,0.999927818775177,0.9999725818634033,0.9998841285705566,0.9999076724052429,0.9999714493751526,0.004582322668284178,0.0022846264764666557,0.00046418464626185596,0.002764818025752902,0.8982046842575073,0.4287589192390442,-0.3399408757686615,2.0836098194122314,2.2987453937530518,2.625138998031616,1.8843375444412231,3.142733097076416,4.471107482910156,4.117092609405518,1.55937922000885,15.401368141174316,4.39592981338501,4.197944164276123,4.646332740783691,1.1026344299316406,1.4579854011535645,2.443183660507202,1.7966386079788208,2.3853659629821777,3.07593035697937,2.2207610607147217,2.050723075866699,4.743038654327393,2.806550979614258,2.4082813262939453,2.4484126567840576
153,2.380392074584961,1.7428061962127686,2.01737904548645,2.469865322113037,2.342409610748291,2.3803414281973536,0.4229813814163208,0.9999328255653381,0.9999347925186157,0.999855637550354,0.9999175667762756,0.9999762773513794,0.001440704450942576,0.0006651896401308477,0.0001459351333323866,0.0009268721914850175,0.43991413712501526,0.04327867552638054,-0.6787426471710205,1.320189356803894,1.7514933347702026,1.3692649602890015,1.341783881187439,1.2774008512496948,1.3200647130913699,0.9035705924034119,0.9999179840087891,0.9996620416641235,0.9999496936798096,0.9999133348464966,0.9999186396598816,0.004108879249542952,0.002471566665917635,0.0005364864482544363,0.004557259380817413,0.9168527126312256,0.5441728234291077,0.010885525494813919,1.5202397108078003,2.5702507495880127,3.2442595958709717,2.8271539211273193,3.753554105758667,3.6809730529785156,3.8699049949645996,2.6792643070220947,17.141876220703125,6.178321361541748,4.746579647064209,5.099441051483154,1.0850731134414673,1.4693094491958618,2.261870861053467,1.745721459388733,2.3390493392944336,2.988840341567993,2.1169896125793457,1.9538532495498657,4.8846211433410645,2.8950788974761963,2.3740406036376953,2.3764915466308594
154,2.204658269882202,1.8270928859710693,1.9426207542419434,2.310760974884033,2.1149919033050537,2.2045896809349683,0.43274062871932983,0.9999473690986633,0.9999974370002747,0.9998077750205994,0.9999361634254456,0.9999951124191284,0.0014368065167218447,0.0007237028912641108,0.00015264128160197288,0.0011051436886191368,0.4956356883049011,0.06722057610750198,-0.5839579105377197,1.4292216300964355,1.4146692752838135,1.267662525177002,1.4349992275238037,1.4639357328414917,1.4291332446230272,0.7492530345916748,0.9999269843101501,0.999755322933197,0.9998986124992371,0.9999103546142578,0.9999626278877258,0.004784629680216312,0.0028789846692234278,0.0005303500220179558,0.005171009339392185,0.8103391528129578,0.4120933711528778,-0.3202943801879883,2.768174886703491,2.7225213050842285,3.494746446609497,5.019911766052246,2.7922163009643555,3.7559773921966553,3.4783802032470703,3.790935516357422,15.89654541015625,7.748753070831299,5.146815776824951,5.269444465637207,1.069171667098999,1.4776321649551392,2.208087682723999,1.9252620935440063,2.3218212127685547,2.886798143386841,2.0456480979919434,1.88536536693573,5.002067565917969,2.9365010261535645,2.375835657119751,2.3575634956359863
155,2.077779769897461,1.911473035812378,1.9070073366165161,2.189511299133301,1.960121512413025,2.0778163210463845,0.44806957244873047,0.9999498128890991,0.9999935626983643,0.9998887181282043,0.9999253749847412,0.9999942183494568,0.0013515246100723743,0.0007753862882964313,0.00016131543088704348,0.0011705117067322135,0.5425369739532471,0.08658787608146667,-0.570380449295044,1.1581159830093384,0.9652913808822632,0.9909297823905945,1.1487375497817993,1.2323839664459229,1.1580151659070759,0.5767418742179871,0.9999038577079773,0.9998792409896851,0.9998884797096252,0.9999086260795593,0.9999008774757385,0.004649627488106489,0.0029573531355708838,0.000567411829251796,0.006145302671939135,0.8269283175468445,0.4894646108150482,-0.11576297879219055,3.5605862140655518,3.08516263961792,4.049332618713379,5.957839488983154,4.662210464477539,3.069669246673584,2.8055152893066406,2.6076154708862305,12.406932830810547,6.646491050720215,4.885135650634766,4.2683634757995605,1.075735092163086,1.3861747980117798,2.1927971839904785,2.1062493324279785,2.1254913806915283,2.775909185409546,1.9799890518188477,1.8182083368301392,5.073934078216553,2.966552257537842,2.3501040935516357,2.3204681873321533
156,2.086190938949585,1.8451972007751465,1.9539339542388916,2.1956627368927,1.963916301727295,2.08609759919517,0.4503497779369354,0.9999322295188904,0.998909056186676,0.9996626377105713,0.9999275803565979,0.999997615814209,0.001400565728545189,0.0007896440220065415,0.00016025987861212343,0.0014130721101537347,0.5569631457328796,0.08842380344867706,-0.5172068476676941,1.2836430072784424,1.119671106338501,1.074910283088684,1.2278846502304077,1.4917292594909668,1.2835738292950882,0.43592944741249084,0.9999138116836548,0.9996040463447571,0.9998931884765625,0.9999152421951294,0.9999240636825562,0.0036463867872953415,0.0023071651812642813,0.00044014916056767106,0.0035365873482078314,0.8233019113540649,0.37916091084480286,-0.08263520151376724,3.4940688610076904,2.367124557495117,4.889991760253906,6.065493106842041,3.568164110183716,3.5072360038757324,2.364126682281494,3.6196491718292236,9.08342456817627,4.699710845947266,4.365899085998535,3.7571637630462646,1.13656747341156,1.2795864343643188,2.316577911376953,2.254873037338257,2.0609378814697266,2.7151317596435547,1.946761131286621,1.8710088729858398,5.134843826293945,2.9899206161499023,2.3706209659576416,2.3444972038269043
157,2.1232523918151855,1.7858377695083618,1.9638153314590454,2.2220301628112793,2.0195000171661377,2.1232219297944512,0.45829707384109497,0.9999492764472961,0.9998710751533508,0.9997850656509399,0.9999445676803589,0.9999904036521912,0.001504703308455646,0.0007988606812432408,0.00015929281653370708,0.0013426035875454545,0.5392588376998901,0.08851601183414459,-0.5472683906555176,1.383056879043579,1.2201476097106934,1.161118984222412,1.3450846672058105,1.5598379373550415,1.3828294479528742,0.506436824798584,0.9998236894607544,1.0,0.9997961521148682,0.9999058842658997,0.999624490737915,0.002821215195581317,0.0021285940892994404,0.0004198201932013035,0.003059000475332141,0.7924371957778931,0.3595009744167328,0.06058693677186966,2.6652817726135254,1.4607943296432495,2.802997589111328,7.978983402252197,3.4547581672668457,3.276094675064087,2.452409029006958,4.725761413574219,7.36794376373291,3.650500774383545,3.9835526943206787,3.6185059547424316,1.1370066404342651,1.1827764511108398,2.255303144454956,2.39139986038208,1.9574888944625854,2.640672445297241,1.8352000713348389,2.0111842155456543,5.137882709503174,2.963658094406128,2.35125732421875,2.3398935794830322
158,2.2785136699676514,1.7033560276031494,2.0773866176605225,2.3712754249572754,2.1915695667266846,2.2782572306013424,0.4468112289905548,0.9998520612716675,0.9996183514595032,0.9998865127563477,0.9999188780784607,0.9997535943984985,0.0015482588205486536,0.0007496525067836046,0.00014836530317552388,0.001188920228742063,0.5290034413337708,0.06680107861757278,-0.5855327844619751,1.918673038482666,1.1847835779190063,1.5951310396194458,1.8837296962738037,2.1186423301696777,1.9179582355025295,0.3347414433956146,0.9998340010643005,0.9998359680175781,0.9998447895050049,0.9997784495353699,0.9999585747718811,0.002549797063693404,0.0009637173498049378,0.0002364781976211816,0.001405579037964344,0.8461073040962219,0.11135386675596237,-0.4916348457336426,1.9460924863815308,2.363675355911255,2.0342912673950195,4.752115249633789,2.312953233718872,3.7506089210510254,1.9441827535629272,2.8078970909118652,3.430457592010498,1.9107528924942017,2.7253029346466064,2.5485591888427734,1.1295716762542725,1.092885136604309,2.1737048625946045,2.468714475631714,1.9388008117675781,2.649294376373291,1.7820329666137695,2.0362794399261475,4.914316177368164,2.814054012298584,2.2999653816223145,2.3067269325256348
159,2.8425588607788086,1.8309916257858276,2.547804355621338,2.930366039276123,2.7869911193847656,2.842378797415197,0.4191306233406067,0.9999180436134338,0.9999626278877258,0.9997020363807678,0.9999040365219116,0.9999904036521912,0.0014614156680181623,0.0006174842710606754,0.00012423552107065916,0.000987696461379528,0.42798736691474915,0.0024724642280489206,-0.6662940979003906,1.3979970216751099,1.74683678150177,1.4076910018920898,1.4350615739822388,1.3269705772399902,1.397747748182061,0.23637238144874573,0.9998947381973267,0.9994197487831116,0.9998996257781982,0.9998679161071777,0.9999422430992126,0.0025993380695581436,0.0011818376369774342,0.0003223673556931317,0.002318914281204343,0.7426851391792297,0.23699557781219482,-0.37997496128082275,3.1836042404174805,2.8900835514068604,3.12090802192688,3.8416359424591064,3.9291324615478516,4.474615573883057,2.534891128540039,2.83302903175354,2.0259809494018555,2.272550344467163,3.110643148422241,2.599726915359497,1.0698050260543823,1.1186480522155762,2.1223583221435547,2.512454032897949,1.995633602142334,2.647189140319824,1.682399868965149,2.0196690559387207,4.546329498291016,2.6207170486450195,2.233520269393921,2.284524917602539
160,3.50536847114563,2.019352436065674,3.2937328815460205,3.604837417602539,3.4186182022094727,3.5051954347747287,0.4036365747451782,0.9999261498451233,0.9998062252998352,0.9996587038040161,0.9999220371246338,0.9999950528144836,0.0013569204602390528,0.00048813867033459246,0.00010569189180387184,0.0007503684610128403,0.3360762596130371,-0.033213596791028976,-0.7012145519256592,2.1816909313201904,1.5938961505889893,1.8206617832183838,2.209887742996216,2.298532485961914,2.1802107941019613,0.23946501314640045,0.9998390674591064,0.999977171421051,0.999823272228241,0.9997971653938293,0.9999354481697083,0.0027290419675409794,0.001123278052546084,0.0002813861647155136,0.002691144123673439,0.7036954760551453,0.09510254859924316,-0.4099723696708679,2.3907599449157715,2.9784977436065674,2.4546213150024414,2.6405229568481445,4.039987087249756,4.860757350921631,2.828908681869507,3.1177237033843994,3.1951534748077393,4.202373027801514,3.270930528640747,3.057523727416992,0.9944940209388733,1.1848750114440918,2.087387800216675,2.4266984462738037,2.019031524658203,2.740673780441284,1.6635197401046753,2.0758533477783203,4.356034278869629,2.6820499897003174,2.2230618000030518,2.305351734161377
161,3.963818311691284,2.0574915409088135,3.837639570236206,4.0970940589904785,3.8203113079071045,3.96365612902954,0.41642457246780396,0.999927818775177,0.9998716711997986,0.9998172521591187,0.9999059438705444,0.9999846816062927,0.0013572833267971873,0.00041781607433222234,9.919068543240428e-05,0.0006300486857071519,0.31424349546432495,-0.05080306902527809,-0.7060593962669373,1.8958227634429932,1.3071271181106567,1.5468602180480957,1.8133565187454224,2.287539005279541,1.8950929439009319,0.3572210967540741,0.9998589754104614,0.9999632239341736,0.9999244809150696,0.9998452663421631,0.9998509287834167,0.0028155376203358173,0.0013853712007403374,0.00030774413608014584,0.0015400901902467012,0.6800015568733215,0.16540394723415375,-0.436462938785553,2.847996473312378,2.1392433643341064,3.031463861465454,1.9631444215774536,3.8431859016418457,4.385420322418213,2.4304401874542236,2.8412628173828125,6.111486911773682,3.2393181324005127,3.2832963466644287,3.083786964416504,0.983759343624115,1.164682388305664,2.0711827278137207,2.3097198009490967,2.0892508029937744,2.7879626750946045,1.6778184175491333,2.0793495178222656,4.480070114135742,2.6641550064086914,2.23079514503479,2.3430733680725098
162,3.3641457557678223,1.930993914604187,3.168450117111206,3.468463182449341,3.268644094467163,3.363931900660186,0.4283485412597656,0.9999099969863892,0.9996059536933899,0.9996702671051025,0.9999244809150696,0.9999492168426514,0.001343712443485856,0.00047237222315743566,0.00011317166354274377,0.0006309246527962387,0.36051174998283386,-0.02876606583595276,-0.6970791816711426,1.26516854763031,1.042608380317688,1.0573244094848633,1.2635031938552856,1.3501224517822266,1.265051119899243,0.48327791690826416,0.9999269247055054,0.999937117099762,0.9998729228973389,0.9999066591262817,0.9999918937683105,0.004118217620998621,0.0016888013342395425,0.00041782009066082537,0.0018015310633927584,0.7640142440795898,0.4004526734352112,-0.14709094166755676,1.7235907316207886,3.234894275665283,5.338204860687256,1.8316394090652466,6.599172115325928,3.778041362762451,3.5573227405548096,2.3006248474121094,7.444490909576416,2.916675090789795,3.8724656105041504,3.3742294311523438,0.9399324059486389,1.195378065109253,2.2356770038604736,2.047900438308716,2.2067155838012695,2.8128867149353027,1.7809418439865112,2.009873628616333,4.630873680114746,2.608203411102295,2.246838331222534,2.3429696559906006
163,2.7020821571350098,1.7591437101364136,2.4389967918395996,2.7771198749542236,2.660983085632324,2.7019720484568786,0.4297831952571869,0.9999365210533142,0.9994642734527588,0.9997833967208862,0.999932050704956,0.9999899864196777,0.0013666711747646332,0.0005682415212504566,0.0001347650249954313,0.0006688763969577849,0.43988609313964844,0.01479307934641838,-0.6627012491226196,1.2027603387832642,1.052164912223816,1.060549259185791,1.1922223567962646,1.2720167636871338,1.2026707508629861,0.7366675138473511,0.9999329447746277,0.9999018311500549,0.9999462962150574,0.999901533126831,0.9999850392341614,0.0063364505767822266,0.0023209291975945234,0.0005569764762185514,0.0025243721902370453,0.7606196403503418,0.5081648826599121,-0.011527925729751587,2.914358615875244,1.9083091020584106,4.173002243041992,1.9898881912231445,5.375703811645508,6.896416187286377,4.709188461303711,2.9758710861206055,14.677691459655762,3.0843584537506104,4.870479106903076,4.651619911193848,1.0302118062973022,1.1997740268707275,2.3097259998321533,1.8914133310317993,2.309905529022217,2.858438014984131,1.9370598793029785,2.0011162757873535,4.762628555297852,2.5603482723236084,2.286062240600586,2.333574056625366
164,2.2156102657318115,1.563352108001709,1.9191360473632812,2.287147283554077,2.1899614334106445,2.2155479520068915,0.4234751760959625,0.9999380707740784,0.9997599124908447,0.9997771382331848,0.9999414682388306,0.9999819397926331,0.0015452442457899451,0.0006842471193522215,0.0001548172876937315,0.0007732253870926797,0.5087161660194397,0.07110687345266342,-0.6290615200996399,1.1185460090637207,1.0402599573135376,0.9556947946548462,1.1414575576782227,1.141746997833252,1.118474569717441,0.6492282152175903,0.9999498724937439,0.9999595880508423,0.9999502897262573,0.9999209046363831,0.9999957084655762,0.005938590969890356,0.0024031922221183777,0.0004801844770554453,0.0033145886845886707,0.8968874216079712,0.5191286206245422,-0.047773219645023346,3.119837760925293,3.018650770187378,3.110194683074951,2.7428596019744873,5.692422389984131,4.188797473907471,3.567286491394043,3.4248735904693604,12.838021278381348,3.029420852661133,4.473236560821533,3.9760055541992188,1.1789264678955078,1.2183234691619873,2.335491418838501,1.8499011993408203,2.4248979091644287,2.833467483520508,2.0609421730041504,2.0739848613739014,4.893575668334961,2.4964849948883057,2.336599588394165,2.3128163814544678
165,1.9744046926498413,1.4767173528671265,1.7163195610046387,2.041477918624878,1.94319486618042,1.9743562694198462,0.4302957057952881,0.9999564290046692,0.9999892711639404,0.9998947381973267,0.9999421834945679,0.9999954104423523,0.001706317299976945,0.0007767249480821192,0.00016984697140287608,0.0008401002851314843,0.563799262046814,0.11583611369132996,-0.5487766265869141,1.2784841060638428,1.3460181951522827,1.2036380767822266,1.300999402999878,1.264102816581726,1.2784152170274439,0.6883693933486938,0.9999303221702576,0.9996939897537231,0.9998108744621277,0.9999117255210876,0.9999935626983643,0.0038589562755078077,0.0020222526509314775,0.00043922793702222407,0.0025205635465681553,0.9398841857910156,0.4363575577735901,-0.16641481220722198,2.3074140548706055,3.0802457332611084,3.069204568862915,1.8109344244003296,3.328908681869507,4.129340171813965,2.5741634368896484,3.137299060821533,11.57886791229248,3.4513347148895264,3.846771240234375,3.6784751415252686,1.2398810386657715,1.269451379776001,2.362760543823242,1.7721459865570068,2.4480605125427246,2.9118409156799316,2.0450525283813477,2.0939176082611084,5.025029182434082,2.536949872970581,2.370508909225464,2.30220365524292
166,1.9431166648864746,1.5234944820404053,1.6836434602737427,2.030724287033081,1.8830646276474,1.9430801717207211,0.43768084049224854,0.9999601244926453,0.999822199344635,0.9998839497566223,0.9999500513076782,0.9999976754188538,0.0016203289851546288,0.0008371636504307389,0.0001726676564430818,0.000897574529517442,0.63032066822052,0.1284523904323578,-0.508568525314331,1.5724917650222778,1.8819606304168701,1.424465537071228,1.641324758529663,1.5116453170776367,1.572329022211515,0.6433561444282532,0.9998884797096252,0.9997721910476685,0.9997711777687073,0.9998705983161926,0.9999569058418274,0.002918290439993143,0.0021039012353867292,0.00037922131014056504,0.0024378420785069466,0.7770141363143921,0.2880180776119232,-0.15099653601646423,2.961693048477173,2.0227808952331543,2.753129482269287,3.1254472732543945,2.856435537338257,4.292018890380859,1.7595041990280151,1.2620443105697632,9.682740211486816,5.443136692047119,3.6158931255340576,3.62809681892395,1.3587267398834229,1.2441712617874146,2.3463332653045654,1.867768406867981,2.394279718399048,2.9364216327667236,1.941275954246521,1.9432899951934814,5.116721153259277,2.655755043029785,2.380474328994751,2.310481548309326
167,1.9830633401870728,1.6120179891586304,1.7690285444259644,2.0812761783599854,1.8955888748168945,1.9829987434188685,0.44562673568725586,0.9999435544013977,0.9997339844703674,0.9997543096542358,0.9999426603317261,0.9999969601631165,0.0016727217007428408,0.0008614389225840569,0.00017517337983008474,0.0009106161305680871,0.6184000968933105,0.11826207488775253,-0.5505422353744507,1.6139349937438965,1.168187141418457,1.3695874214172363,1.6313422918319702,1.6966863870620728,1.6135404005243303,0.48089390993118286,0.9998801946640015,0.9999876022338867,0.9998285174369812,0.9998436570167542,0.9999740719795227,0.003458816558122635,0.0018936723936349154,0.000332660973072052,0.0025857998989522457,0.8077210187911987,0.24677082896232605,-0.020211581140756607,2.0884978771209717,2.4512856006622314,4.072640419006348,4.306425094604492,2.1916608810424805,3.198976755142212,2.479059934616089,2.332679033279419,7.972377777099609,4.647371292114258,3.5740973949432373,3.3712222576141357,1.3289319276809692,1.2641465663909912,2.4188899993896484,2.008500337600708,2.264860153198242,2.9051225185394287,1.8843743801116943,1.8944544792175293,5.198404788970947,2.6781082153320312,2.3845794200897217,2.331026077270508
168,2.1355910301208496,1.7567436695098877,1.9364794492721558,2.249913454055786,2.022056818008423,2.1355534213225935,0.46570444107055664,0.999932587146759,0.9997930526733398,0.9998584985733032,0.9999169111251831,0.9999738931655884,0.0016424173954874277,0.0008472742629237473,0.0001691220240900293,0.001165022375062108,0.6022136211395264,0.08905626833438873,-0.5044385194778442,1.614150047302246,1.3878570795059204,1.338942289352417,1.564566969871521,1.8705613613128662,1.6139927991828265,0.521307110786438,0.9998611211776733,0.9999329447746277,0.9997829794883728,0.9998778104782104,0.9998580813407898,0.003470213385298848,0.0016878485912457108,0.00036848903982900083,0.004292403347790241,0.7294754981994629,0.2545976936817169,-0.25929760932922363,2.090850591659546,1.491701364517212,2.6420938968658447,5.979248523712158,2.9885940551757812,2.797147035598755,1.370766520500183,2.4793524742126465,6.234807968139648,5.550231456756592,3.3624794483184814,3.223478317260742,1.3204575777053833,1.1678532361984253,2.3283205032348633,2.1251156330108643,2.127753257751465,2.846113681793213,1.7021958827972412,1.804283618927002,5.210292816162109,2.771531581878662,2.3403918743133545,2.3381049633026123
169,2.621304988861084,1.8650758266448975,2.3735694885253906,2.764131784439087,2.481337785720825,2.6211831915330923,0.45996561646461487,0.9999238848686218,0.9996973872184753,0.9997999668121338,0.9999058842658997,0.9999825358390808,0.0015046586049720645,0.0007060869829729199,0.00013701415446121246,0.0011222342727705836,0.5148574113845825,0.022037670016288757,-0.5045416951179504,1.2138980627059937,0.9060851335525513,0.9566540718078613,1.2497409582138062,1.2615928649902344,1.2137431438525867,0.3881067633628845,0.9999107718467712,0.9999650120735168,0.9999216794967651,0.999877393245697,0.9999715089797974,0.00397794833406806,0.0015323107363656163,0.0003538831078913063,0.0027404874563217163,0.8082326650619507,0.34241193532943726,-0.5670413970947266,2.3629610538482666,2.0411763191223145,3.6256585121154785,4.852680206298828,2.7125844955444336,3.7153422832489014,1.9212387800216675,3.229170560836792,1.9336357116699219,5.837175369262695,3.2231621742248535,2.6685259342193604,1.207058310508728,1.0124163627624512,2.273125410079956,2.1898696422576904,1.773396372795105,2.7419850826263428,1.566686987876892,1.8002634048461914,4.760381698608398,2.8174540996551514,2.214263677597046,2.2771899700164795
170,3.186009168624878,1.9610857963562012,2.889554262161255,3.3484060764312744,3.0345964431762695,3.1854224384687786,0.44351625442504883,0.9997971653938293,0.999861478805542,0.9996351599693298,0.9999414086341858,0.9996339082717896,0.0014059863751754165,0.0005716896848753095,0.00011342893412802368,0.0008752797148190439,0.43422162532806396,-0.02373375929892063,-0.5500161647796631,1.2370057106018066,0.985826313495636,1.035501480102539,1.2370195388793945,1.3416907787322998,1.2368195067250747,0.4772932529449463,0.9998843669891357,0.9999892115592957,0.9998230934143066,0.9998698830604553,0.9999509453773499,0.004186294972896576,0.00154787243809551,0.0003479649603832513,0.0022818297147750854,0.8553581237792969,0.3630187511444092,-0.24102044105529785,2.3869590759277344,2.5764639377593994,1.8007498979568481,6.185573101043701,2.548530101776123,3.059387445449829,1.9200555086135864,3.8196194171905518,2.1209144592285156,6.136271953582764,3.255452871322632,2.805255889892578,1.1318557262420654,0.9480952620506287,2.1095752716064453,2.265005350112915,1.7467682361602783,2.623849391937256,1.362646222114563,1.9147286415100098,4.368047714233398,2.8083481788635254,2.127892255783081,2.2209577560424805
171,3.3895740509033203,1.911660075187683,2.980442523956299,3.508429765701294,3.3398830890655518,3.3893176001938268,0.44303998351097107,0.9999080896377563,0.9992343187332153,0.9998008608818054,0.9998958110809326,0.9999737739562988,0.0013498589396476746,0.0005542236031033099,0.00011216583516215906,0.0008705450454726815,0.3948257267475128,-0.03436359018087387,-0.5395346879959106,1.6725906133651733,1.2203991413116455,1.4508488178253174,1.6232025623321533,1.9205422401428223,1.6721118903620598,0.4296662211418152,0.9998509883880615,0.9997135996818542,0.9998667240142822,0.9998292922973633,0.999906599521637,0.0041068256832659245,0.001385612296871841,0.0003408228512853384,0.002590649761259556,0.808104932308197,0.21698930859565735,-0.37045082449913025,1.991308331489563,2.1809794902801514,3.331524133682251,6.907434940338135,2.9188616275787354,3.102039337158203,1.6149462461471558,3.832174777984619,4.1945366859436035,5.092513561248779,3.516631841659546,3.2851297855377197,1.156689167022705,0.942481279373169,2.115269422531128,2.4230265617370605,1.7076448202133179,2.56027889251709,1.2232438325881958,2.0479753017425537,4.313691139221191,2.8761494159698486,2.1366450786590576,2.2414402961730957
172,3.202009916305542,1.9174554347991943,2.8828113079071045,3.325249433517456,3.112882614135742,3.2019062859604364,0.45578473806381226,0.999926745891571,0.9996837377548218,0.9997945427894592,0.9999280571937561,0.999966561794281,0.0013279414270073175,0.0005610738298855722,0.00011909526074305177,0.0009375279769301414,0.4512001872062683,-0.01776794157922268,-0.5334880352020264,2.0048599243164062,1.947182536125183,2.0539889335632324,2.0818169116973877,1.8703882694244385,2.0044875290037107,0.43959030508995056,0.9998629689216614,0.9998778104782104,0.9997982382774353,0.9998036026954651,0.9999680519104004,0.0017341095954179764,0.0008958964026533067,0.00023444385442417115,0.0017470847815275192,0.7479755878448486,0.1308322548866272,-0.5138843059539795,1.511942744255066,1.8848463296890259,1.5846449136734009,3.369004249572754,2.9295167922973633,2.244361400604248,1.6202929019927979,2.870854139328003,5.603295803070068,3.2083957195281982,2.682715654373169,2.6223692893981934,1.1034908294677734,0.9267573356628418,2.0150253772735596,2.4842453002929688,1.7709462642669678,2.498708724975586,1.2017266750335693,2.0881545543670654,4.403753280639648,2.861114263534546,2.135392189025879,2.2400381565093994
173,2.896660327911377,1.9303429126739502,2.6911163330078125,3.041696071624756,2.7443459033966064,2.896514180459856,0.4712674617767334,0.9999287724494934,0.9998902082443237,0.9997944831848145,0.9999118447303772,0.9999884366989136,0.0013417296577244997,0.0006146205705590546,0.00012652789882849902,0.0010291974758729339,0.4705502390861511,0.007461126893758774,-0.5480772256851196,1.5436421632766724,1.8461469411849976,1.5982160568237305,1.5987876653671265,1.4402779340744019,1.543459514744032,0.6923081278800964,0.9998847246170044,0.9995220899581909,0.9998937249183655,0.9998607039451599,0.9999197721481323,0.0027762679383158684,0.0016776612028479576,0.000356562522938475,0.002193876076489687,0.7674429416656494,0.2995365262031555,-0.24512989819049835,1.522458553314209,2.0770528316497803,2.6332590579986572,2.746337413787842,4.076045513153076,3.192573308944702,2.5324060916900635,1.9295916557312012,10.041049003601074,2.846001625061035,3.35967755317688,3.429499864578247,1.057705044746399,0.8847905993461609,1.9242016077041626,2.438333511352539,1.9097758531570435,2.5135743618011475,1.2711583375930786,2.005668878555298,4.559168815612793,2.803440570831299,2.136781930923462,2.2328639030456543
174,2.6217634677886963,1.9158083200454712,2.463118314743042,2.777679443359375,2.446157455444336,2.6216847848022784,0.4692554175853729,0.9999440312385559,0.9999182224273682,0.9998334050178528,0.9999274611473083,0.9999943375587463,0.001331713399849832,0.0006711580790579319,0.00013344020408112556,0.0009277948993258178,0.5815989971160889,0.02816409058868885,-0.5528110265731812,1.3641456365585327,1.256917119026184,1.2628364562988281,1.3739848136901855,1.3862707614898682,1.3640208018255489,0.6702083349227905,0.9999027848243713,0.9997053146362305,0.9998946189880371,0.9998923540115356,0.9999251961708069,0.0039044299628585577,0.0017556503880769014,0.00038810964906588197,0.0036433201748877764,0.8243902325630188,0.3490564227104187,-0.2491382509469986,2.3721048831939697,2.76468563079834,2.3757855892181396,1.6705890893936157,4.700562953948975,2.024566650390625,3.6721959114074707,2.672441244125366,10.086329460144043,2.6228089332580566,3.4962069988250732,3.394439697265625,1.043818712234497,0.9800111055374146,1.8255138397216797,2.3219361305236816,1.9931949377059937,2.4170095920562744,1.4858256578445435,2.0281591415405273,4.723097801208496,2.603107452392578,2.142167329788208,2.210928201675415
175,2.324193239212036,1.9713718891143799,2.188575506210327,2.470198154449463,2.1550066471099854,2.3240934058900233,0.4595000147819519,0.9999313354492188,0.9999999403953552,0.9998355507850647,0.9999350905418396,0.9999499320983887,0.0014192661037668586,0.0007377582369372249,0.000143890138133429,0.0010280981659889221,0.6273673176765442,0.062334999442100525,-0.556692361831665,1.1046407222747803,1.0437039136886597,0.967837393283844,1.1273374557495117,1.1183377504348755,1.1045639590685157,0.4128446578979492,0.999902069568634,0.9996340870857239,0.9998699426651001,0.9998816251754761,0.9999534487724304,0.0048032477498054504,0.0019804451148957014,0.0004348471702542156,0.0018727987771853805,0.8261129260063171,0.425639808177948,-0.046338487416505814,3.4607131481170654,2.6296305656433105,4.20983362197876,2.890932083129883,4.317010879516602,3.5899007320404053,3.7964248657226562,3.319838047027588,8.865886688232422,3.5166661739349365,4.059683799743652,3.2560336589813232,1.1225900650024414,1.0613490343093872,2.002668857574463,2.1687490940093994,2.074800491333008,2.4413697719573975,1.6297249794006348,1.9684889316558838,4.85282039642334,2.5954761505126953,2.1918036937713623,2.215733766555786
176,2.2257094383239746,1.848742127418518,2.0509774684906006,2.362145185470581,2.0799717903137207,2.2256573725903595,0.46731895208358765,0.9999527335166931,0.9999847412109375,0.999852180480957,0.9999402761459351,0.9999959468841553,0.001437967992387712,0.0007509140414185822,0.00015112466644495726,0.0011042188853025436,0.608632504940033,0.07598203420639038,-0.558528482913971,1.5046918392181396,1.0905330181121826,1.201275110244751,1.523564100265503,1.592532753944397,1.5044303879849743,0.5453853011131287,0.9999027848243713,0.9998743534088135,0.999952495098114,0.9998641014099121,0.9999534487724304,0.0036749057471752167,0.001452323398552835,0.0003676263149827719,0.0017078608507290483,0.726435661315918,0.289346843957901,-0.38543644547462463,2.2506275177001953,1.7910687923431396,2.6201088428497314,1.310925006866455,4.186858654022217,3.4925034046173096,2.9306840896606445,2.3762497901916504,8.02488899230957,4.491978645324707,3.3475892543792725,3.1757235527038574,1.134691596031189,1.0915327072143555,1.9485598802566528,1.9900801181793213,2.2132315635681152,2.4883978366851807,1.7149083614349365,1.9167146682739258,4.956932067871094,2.659464120864868,2.211451292037964,2.2265989780426025
177,2.1753830909729004,1.7061898708343506,1.983001470565796,2.2984116077423096,2.0536727905273438,2.175321739909039,0.4588050842285156,0.9999235272407532,0.9999719858169556,0.9996417164802551,0.9999343752861023,0.9999874830245972,0.0015049718786031008,0.0007611571927554905,0.00015527325740549713,0.0010389824165031314,0.6597387790679932,0.08431722223758698,-0.5745172500610352,1.494042158126831,1.167676568031311,1.4171963930130005,1.4790098667144775,1.5591927766799927,1.493791637500639,0.2981507182121277,0.9998775124549866,0.9996820688247681,0.9998899102210999,0.9998486638069153,0.9999348521232605,0.0025876990985125303,0.0010993251344189048,0.0002864654816221446,0.0015876413090154529,0.7258161902427673,0.2537382245063782,-0.48222440481185913,3.25460147857666,1.4390116930007935,2.6150927543640137,1.9533432722091675,2.902134418487549,2.729779005050659,2.74509334564209,2.1228866577148438,4.639407634735107,2.962233543395996,2.736358404159546,2.3729143142700195,1.26266348361969,1.067223310470581,1.9628980159759521,1.8135846853256226,2.2425553798675537,2.465348243713379,1.787222981452942,1.862933874130249,4.896841526031494,2.664555311203003,2.202582597732544,2.2018442153930664
178,2.6211700439453125,1.8817006349563599,2.361806631088257,2.77858567237854,2.4702484607696533,2.62107293305311,0.4348108172416687,0.999936044216156,0.9998233318328857,0.9998024106025696,0.9999208450317383,0.9999969601631165,0.0014304403448477387,0.0006476565613411367,0.00013265931920614094,0.0008306722156703472,0.5740373134613037,0.028409937396645546,-0.6044033765792847,2.7107183933258057,1.7123385667800903,2.44553542137146,2.803086996078491,2.6435704231262207,2.7100238911750636,0.33803534507751465,0.9998290538787842,0.9999640583992004,0.9998612999916077,0.9997846484184265,0.9998964667320251,0.0019945241510868073,0.0006651745061390102,0.00020289840176701546,0.0016486392123624682,0.5523694157600403,0.01804812066257,-0.4780195355415344,1.8071902990341187,1.8910939693450928,4.423049449920654,3.891818046569824,1.9688551425933838,3.1648120880126953,2.1396329402923584,2.4814562797546387,2.0040760040283203,3.8480918407440186,2.762007474899292,2.7353506088256836,1.1580215692520142,1.0453585386276245,2.1495208740234375,1.9379138946533203,2.1327123641967773,2.469454288482666,1.6665571928024292,1.8420298099517822,4.579888343811035,2.714597702026367,2.1696054935455322,2.21042537689209
179,3.5453758239746094,2.087740182876587,3.2355523109436035,3.728280544281006,3.378577709197998,3.5448941411176773,0.4098885655403137,0.9998469948768616,0.9993279576301575,0.9998379945755005,0.9999265074729919,0.9997443556785583,0.0013536940095946193,0.0004861000634264201,0.00010580600064713508,0.0006860249559395015,0.4652997851371765,-0.03187010809779167,-0.6466403007507324,1.5910149812698364,1.417389988899231,1.4138562679290771,1.708150029182434,1.4806376695632935,1.5908044317600507,0.4154833257198334,0.9998840689659119,0.9997135996818542,0.9998943209648132,0.9998430609703064,0.9999392628669739,0.0029963974375277758,0.001311750034801662,0.00031090984703041613,0.0016901294002309442,0.6662659645080566,0.20973803102970123,-0.548119068145752,1.565170168876648,2.8664212226867676,4.1269426345825195,2.953707456588745,2.4206457138061523,4.478500843048096,2.541693687438965,2.465407371520996,1.278074026107788,5.541294097900391,3.0237858295440674,2.772273302078247,1.0760005712509155,1.0660632848739624,2.144371747970581,1.9905658960342407,1.9778881072998047,2.5201058387756348,1.5703916549682617,1.801564335823059,4.182344436645508,2.7746286392211914,2.1103923320770264,2.1951467990875244
180,4.597599506378174,2.212347984313965,4.291160583496094,4.795998573303223,4.424819469451904,4.597287010255532,0.38947588205337524,0.9998860955238342,0.9994981288909912,0.9996553659439087,0.9999027252197266,0.9999399185180664,0.0013454866129904985,0.0003883274912368506,8.907568553695455e-05,0.0006276482017710805,0.31723400950431824,-0.06005188822746277,-0.6666982173919678,1.9655627012252808,1.515969157218933,1.8177505731582642,2.070523500442505,1.8375755548477173,1.9648887870541645,0.43654972314834595,0.999846875667572,0.9992230534553528,0.9998924136161804,0.9998075366020203,0.9999063014984131,0.0024619034957140684,0.0010161555837839842,0.00028705314616672695,0.002094787312671542,0.5326160192489624,0.1070307046175003,-0.6603118181228638,2.0462749004364014,1.7118688821792603,3.6035048961639404,3.807102918624878,2.5241472721099854,3.933297634124756,2.368195056915283,3.5020627975463867,2.1424756050109863,6.823781967163086,3.2462716102600098,3.157028913497925,1.0370190143585205,1.0563849210739136,2.204601526260376,2.076045274734497,1.9073879718780518,2.5493383407592773,1.5640267133712769,1.8077800273895264,3.9073901176452637,2.8417654037475586,2.0951740741729736,2.1971051692962646
181,4.111396312713623,2.090982675552368,3.8823516368865967,4.283914089202881,3.945603132247925,4.109782386140393,0.4036453068256378,0.9995794296264648,0.9994822144508362,0.9996737241744995,0.9999148845672607,0.9990444183349609,0.001376075902953744,0.0004383247287478298,9.494065307080746e-05,0.000686120183672756,0.41268110275268555,-0.050085704773664474,-0.7215355038642883,1.9984636306762695,1.7574830055236816,2.090780735015869,2.0320231914520264,1.913369059562683,1.9978503087512853,0.44229862093925476,0.9998108744621277,0.9988225102424622,0.9997921586036682,0.9998129606246948,0.9998315572738647,0.002765571465715766,0.0010847783414646983,0.00024037012190092355,0.001649222569540143,0.737801730632782,0.14437156915664673,-0.5999631881713867,1.897020697593689,1.6034257411956787,2.9465630054473877,2.6231954097747803,2.334117889404297,2.8146140575408936,1.7103588581085205,1.744832158088684,4.569544315338135,5.459619045257568,2.770329236984253,2.708991289138794,1.0543711185455322,1.0024099349975586,2.245415449142456,2.0509562492370605,1.7979326248168945,2.5529141426086426,1.5421247482299805,1.747222661972046,3.9379496574401855,2.901412010192871,2.083270788192749,2.1829402446746826
182,3.3072011470794678,1.989235520362854,3.2020206451416016,3.4187190532684326,3.1788182258605957,3.3067666778051072,0.4228874146938324,0.9998445510864258,0.9999703168869019,0.9997232556343079,0.9999358057975769,0.9997345209121704,0.0015692835440859199,0.0005369852297008038,0.00011366836406523362,0.0006897288258187473,0.3943031430244446,-0.029443969950079918,-0.6692488193511963,1.4215799570083618,1.5222060680389404,1.534938097000122,1.419603705406189,1.3925567865371704,1.4214309757722838,0.5327696800231934,0.9999071955680847,0.9998035430908203,0.9998598098754883,0.9998906254768372,0.9999487996101379,0.0037901275791227818,0.0017989062471315265,0.00039431871846318245,0.0017946995794773102,0.7721028327941895,0.3031274676322937,-0.033423613756895065,2.1646530628204346,2.2907183170318604,3.339888095855713,1.8029000759124756,2.8766512870788574,5.105381488800049,2.1278762817382812,3.032604694366455,8.383051872253418,4.518555164337158,3.564228057861328,3.3031280040740967,1.1273524761199951,1.052077293395996,2.285051107406616,1.8642414808273315,1.690280556678772,2.6685280799865723,1.5487769842147827,1.773664951324463,4.15236234664917,2.9524805545806885,2.1114814281463623,2.194401264190674
183,2.68479061126709,1.8760846853256226,2.592880964279175,2.7612593173980713,2.5965402126312256,2.684679765961596,0.4409014582633972,0.9999257326126099,0.9998045563697815,0.9997782111167908,0.9999090433120728,0.9999939799308777,0.0017141355201601982,0.0006533582345582545,0.00013499495980795473,0.000814318482298404,0.48334038257598877,0.010715103708207607,-0.6884976625442505,1.2477045059204102,1.5551387071609497,1.2280993461608887,1.25645911693573,1.2364860773086548,1.2476499610967418,0.5977129936218262,0.9999232292175293,0.9992963075637817,0.9999116063117981,0.9999032020568848,0.9999638199806213,0.0036310534924268723,0.0019815368577837944,0.0004309953365009278,0.002290397649630904,0.7638041377067566,0.4455176591873169,-0.009028427302837372,2.922437906265259,2.1903183460235596,3.270115852355957,1.974124550819397,2.160576343536377,3.628101110458374,2.730832099914551,2.3425989151000977,9.416196823120117,4.9463791847229,3.5581681728363037,3.2346277236938477,1.2528177499771118,1.0625815391540527,2.316194534301758,1.7822054624557495,1.5812978744506836,2.6354925632476807,1.5841618776321411,1.6889084577560425,4.346913814544678,2.9930930137634277,2.1243667602539062,2.1756668090820312
184,2.2097671031951904,1.7153277397155762,2.0490052700042725,2.2828853130340576,2.1432526111602783,2.209643246401023,0.44289302825927734,0.9999229907989502,0.9982914328575134,0.9997465014457703,0.9999481439590454,0.999954342842102,0.0018291518790647388,0.0008020258392207325,0.00015670408902224153,0.0009480796870775521,0.5690940022468567,0.06542572379112244,-0.5983433127403259,1.0416072607040405,1.1906845569610596,0.9529250264167786,1.067500352859497,1.0288615226745605,1.0415781175275225,0.5733959674835205,0.9999373555183411,0.9999166131019592,0.9998968243598938,0.9999192953109741,0.9999812245368958,0.0043864077888429165,0.0024827015586197376,0.000477116642287001,0.00322366482578218,0.9071114659309387,0.5030704140663147,-0.19497722387313843,2.5309104919433594,2.393772840499878,4.371573448181152,2.088932514190674,2.8370344638824463,2.7765212059020996,3.215217113494873,2.529327154159546,9.55041217803955,4.190251350402832,3.648395538330078,3.033790111541748,1.3021442890167236,1.1139246225357056,2.339266538619995,1.770950436592102,1.631433129310608,2.5450823307037354,1.6967436075210571,1.6715359687805176,4.526134490966797,2.936532974243164,2.1533749103546143,2.145644187927246
185,1.986794352531433,1.6467714309692383,1.8141047954559326,2.0606789588928223,1.9229680299758911,1.9867921241029385,0.45745599269866943,0.9999492764472961,0.9988664388656616,0.9998306035995483,0.9999563097953796,0.9999854564666748,0.001927433768287301,0.0008901121909730136,0.00017148596816696227,0.0010555066401138902,0.6282122135162354,0.10169490426778793,-0.5547637939453125,1.2542256116867065,1.4218168258666992,1.1667461395263672,1.2996680736541748,1.2104719877243042,1.2540387381870486,0.6186359524726868,0.9999130368232727,0.9998759627342224,0.9998290538787842,0.9998841285705566,0.9999861717224121,0.0033657539170235395,0.001959855668246746,0.0003902706957887858,0.0024190680123865604,0.7549813985824585,0.3879808783531189,-0.04547892510890961,2.632509469985962,1.562732219696045,3.7587711811065674,2.104917287826538,1.5130637884140015,2.621516466140747,2.5265331268310547,2.8367443084716797,8.804546356201172,4.387053966522217,3.274839162826538,3.010956048965454,1.3452163934707642,1.1225544214248657,2.3971614837646484,1.7168463468551636,1.5398956537246704,2.480971574783325,1.7400425672531128,1.708269715309143,4.684535980224609,2.9239566326141357,2.165945053100586,2.127526044845581
186,1.8452422618865967,1.6232411861419678,1.6785364151000977,1.921998143196106,1.7763711214065552,1.8451692583255423,0.4809095859527588,0.9999380111694336,0.9990807175636292,0.9998621344566345,0.9999199509620667,0.9999955296516418,0.0019407308427616954,0.0009593121940270066,0.00018620271293912083,0.0010594212217256427,0.6758768558502197,0.1384800374507904,-0.49235352873802185,1.3345963954925537,1.8737062215805054,1.2844487428665161,1.3573094606399536,1.3117588758468628,1.3344888072190388,0.6783018112182617,0.9999284744262695,0.999764621257782,0.9999397397041321,0.999891996383667,0.9999805688858032,0.002736619208008051,0.0019232018385082483,0.00041431226418353617,0.0031043668277561665,0.6986334323883057,0.4191356897354126,-0.03478096053004265,2.1439802646636963,2.3812434673309326,2.1197173595428467,2.165266275405884,2.6829817295074463,2.663266181945801,2.375856637954712,2.1354031562805176,9.641242980957031,5.213528156280518,3.352248430252075,3.2416374683380127,1.318191409111023,1.1009926795959473,2.2758285999298096,1.6760640144348145,1.5184932947158813,2.3597655296325684,1.7423402070999146,1.7032990455627441,4.822141647338867,3.0050418376922607,2.1522157192230225,2.099653482437134
187,1.7883423566818237,1.6452224254608154,1.6464974880218506,1.8688085079193115,1.7076550722122192,1.7882850352469213,0.4929346740245819,0.9999514818191528,0.9986537098884583,0.9998742341995239,0.9999419450759888,0.9999984502792358,0.001854894682765007,0.0009742351248860359,0.00019265008450020105,0.0011324193328619003,0.70002281665802,0.15655331313610077,-0.455179899930954,1.3757054805755615,1.9934687614440918,1.4483574628829956,1.3898710012435913,1.33060622215271,1.3754675619577026,0.6148408651351929,0.9999154806137085,0.999359130859375,0.9998205900192261,0.9998836517333984,0.9999909996986389,0.0022056454326957464,0.0015004018787294626,0.0003667604469228536,0.001672716811299324,0.7494737505912781,0.3502437174320221,-0.22346636652946472,2.310955047607422,2.5555686950683594,1.8533109426498413,2.3326117992401123,3.0690016746520996,2.517428159713745,1.5270779132843018,2.248213052749634,8.442086219787598,3.9219861030578613,3.077824115753174,2.922515869140625,1.3077219724655151,1.1353188753128052,2.09926176071167,1.7084991931915283,1.61203932762146,2.3326704502105713,1.6426433324813843,1.703260064125061,4.929268836975098,3.054018020629883,2.152470350265503,2.094550132751465
188,1.9181616306304932,1.7025015354156494,1.7705802917480469,2.0223560333251953,1.8072450160980225,1.9181017778464133,0.4841810166835785,0.9999499917030334,0.9996181726455688,0.9998390078544617,0.9999400973320007,0.9999982118606567,0.0016815746203064919,0.0009083266486413777,0.00017757211753632873,0.0011787762632593513,0.6772456169128418,0.1278255432844162,-0.4328247904777527,1.7230030298233032,1.8643543720245361,2.2562918663024902,1.735529899597168,1.5960897207260132,1.722390832013453,0.39225009083747864,0.9998431205749512,0.9997549057006836,0.9998367428779602,0.9998185038566589,0.9998863935470581,0.001712569035589695,0.0008844269323162735,0.0003002782177645713,0.00248625036329031,0.7563323378562927,0.19765476882457733,-0.39580434560775757,1.797943353652954,1.446223258972168,2.058366298675537,3.715280771255493,4.400328159332275,3.199796676635742,2.1974189281463623,2.9501051902770996,4.9178924560546875,1.9079058170318604,2.859125852584839,2.656254291534424,1.2395890951156616,1.0570529699325562,2.0584702491760254,1.827182412147522,1.7766789197921753,2.3023922443389893,1.5676933526992798,1.7459964752197266,4.858712196350098,2.8417837619781494,2.1275551319122314,2.096076011657715
189,2.392101287841797,2.0621862411499023,2.298633575439453,2.52093505859375,2.232546329498291,2.3920127489592957,0.4777526259422302,0.9999277591705322,0.9992438554763794,0.999748945236206,0.9999233484268188,0.9999850392341614,0.001408219337463379,0.0006856441614218056,0.0001467710389988497,0.0010176294017583132,0.6214917898178101,0.04127723351120949,-0.5456624031066895,1.7617465257644653,1.5356122255325317,1.345834493637085,1.78422212600708,1.9293700456619263,1.7605718148453584,0.2174501121044159,0.9997639656066895,0.9989731311798096,0.9998603463172913,0.9997189044952393,0.9998199343681335,0.003455938771367073,0.0016534555470570922,0.00032000671490095556,0.003148510353639722,0.6552517414093018,0.15859641134738922,-0.5002971887588501,1.8672056198120117,3.2551777362823486,3.354017972946167,4.653026103973389,3.9192607402801514,3.394760847091675,2.6056034564971924,4.136826992034912,3.995393991470337,3.700389862060547,3.488166093826294,3.1044342517852783,1.1578786373138428,1.1345466375350952,1.8970770835876465,1.7826550006866455,1.846378207206726,2.2739620208740234,1.3903765678405762,1.8334922790527344,4.714075088500977,2.672053098678589,2.070249557495117,2.1168553829193115
190,2.873507022857666,2.224409341812134,2.967773675918579,3.0200493335723877,2.648188829421997,2.873346746152683,0.45086273550987244,0.9999107122421265,0.9988968372344971,0.9997029900550842,0.9999040365219116,0.9999740123748779,0.0011646455386653543,0.0005048551829531789,0.00012416442041285336,0.0009034271351993084,0.521643877029419,-0.0016989231808111072,-0.5416520237922668,1.2414968013763428,1.0464189052581787,1.0754368305206299,1.251164436340332,1.2832399606704712,1.2411523006321807,0.4682917296886444,0.999851405620575,0.9998968243598938,0.9997308850288391,0.9998787641525269,0.9998401999473572,0.0035163629800081253,0.0016714660450816154,0.00038846945972181857,0.0029985203873366117,0.782494306564331,0.3587006628513336,-0.2757900059223175,2.382172107696533,2.299679756164551,2.241607904434204,6.264265537261963,5.0199875831604,2.4144017696380615,1.6895099878311157,4.036009788513184,2.3639585971832275,1.9961299896240234,3.070772171020508,2.6406984329223633,1.0518207550048828,1.0642532110214233,1.7931218147277832,1.9499226808547974,1.9035571813583374,2.1940503120422363,1.2588822841644287,1.9600045680999756,4.339589595794678,2.5104525089263916,2.002565383911133,2.0746541023254395
191,3.454528331756592,2.308666229248047,3.6465983390808105,3.6028428077697754,3.2062652111053467,3.454506073279854,0.42477890849113464,0.9999397397041321,0.9996765851974487,0.999773383140564,0.9999274611473083,0.9999948740005493,0.0009861059952527285,0.0003886834892909974,0.00010890979319810867,0.0008527754107490182,0.4265742897987366,-0.028656505048274994,-0.5359095335006714,1.5193883180618286,1.2505704164505005,1.1725411415100098,1.5685425996780396,1.591278314590454,1.5189085902215005,0.3375745713710785,0.9998568892478943,1.0,0.9998133778572083,0.999846875667572,0.9998998641967773,0.0034411337692290545,0.001462037325836718,0.0002856548526324332,0.002465544966980815,0.7190700769424438,0.23975887894630432,-0.429271936416626,1.695003628730774,1.93367338180542,3.0091183185577393,2.797149896621704,4.480140209197998,2.3109118938446045,2.6778218746185303,4.340410232543945,1.6468266248703003,3.342648506164551,2.8233706951141357,2.4891583919525146,0.9943155646324158,1.0086510181427002,1.7147728204727173,1.9854892492294312,2.0528697967529297,2.0863289833068848,1.1752201318740845,2.1213126182556152,3.9829094409942627,2.4960246086120605,1.9617893695831299,2.0473875999450684
192,3.4078476428985596,2.189422369003296,3.6515610218048096,3.534424304962158,3.180875539779663,3.4077160865833536,0.4241929054260254,0.9999247193336487,0.999997615814209,0.9996315836906433,0.999925971031189,0.9999806880950928,0.0009507887880317867,0.0003890978405252099,0.00011095798254245892,0.0008745364029891789,0.3966487646102905,-0.025468042120337486,-0.5275565385818481,2.032463788986206,1.370628833770752,2.0696253776550293,1.9712412357330322,2.1613786220550537,2.032075906406799,0.38354137539863586,0.9998328685760498,0.9998263716697693,0.9998164176940918,0.9998055696487427,0.9998985528945923,0.001790343434549868,0.000754702603444457,0.00020313037384767085,0.001464162953197956,0.5621817708015442,0.131271094083786,-0.32739198207855225,1.8944447040557861,1.4862501621246338,2.3888773918151855,3.5735602378845215,2.608154296875,1.4757834672927856,1.0210132598876953,2.6665186882019043,4.128567218780518,2.6026337146759033,2.384580373764038,2.2916009426116943,1.0467510223388672,0.998507022857666,1.7332983016967773,2.1279988288879395,2.092910051345825,1.944448709487915,1.0938862562179565,2.1314682960510254,3.964803457260132,2.4716689586639404,1.9605740308761597,2.0435101985931396
193,3.3828272819519043,2.1470274925231934,3.7376832962036133,3.483834743499756,3.1718456745147705,3.3827558947505665,0.43163061141967773,0.9999140501022339,0.999673068523407,0.9998297095298767,0.999898374080658,0.9999566078186035,0.0009909814689308405,0.00038702250458300114,0.00011377379996702075,0.0009158197790384293,0.3330802321434021,-0.02642602100968361,-0.5203172564506531,2.601059913635254,2.2755167484283447,3.279405117034912,2.5601751804351807,2.5190300941467285,2.5992430018229555,0.4411013722419739,0.9996513724327087,0.9984086751937866,0.9996792078018188,0.9996971487998962,0.9995841979980469,0.0012827356113120914,0.0006470807711593807,0.00019514543237164617,0.0016237536910921335,0.5649946928024292,0.0574127733707428,-0.45919346809387207,1.865119457244873,1.5105034112930298,1.4994747638702393,4.013673305511475,2.7132325172424316,2.0596446990966797,1.3673696517944336,2.482673406600952,4.422084331512451,1.485217809677124,2.3418993949890137,2.3891279697418213,1.0695626735687256,0.9908671975135803,1.652212142944336,2.2539992332458496,2.1021153926849365,1.9155219793319702,1.0384060144424438,2.1437695026397705,3.9889509677886963,2.2483038902282715,1.9403709173202515,2.026707887649536
194,3.201697587966919,2.023362398147583,3.458998203277588,3.2914581298828125,3.02671217918396,3.201298731911898,0.4737323224544525,0.999832808971405,0.9992228746414185,0.9997515678405762,0.9999224543571472,0.9997304081916809,0.0009517614962533116,0.0004106287087779492,0.00011631203960860148,0.0009066527127288282,0.34200024604797363,-0.01866927184164524,-0.53102046251297,2.3253166675567627,1.5049943923950195,2.0805864334106445,2.3582842350006104,2.377135992050171,2.3245024108618573,0.6351137161254883,0.9998336434364319,0.9999406337738037,0.9997712969779968,0.9997785687446594,0.9999482035636902,0.001506676897406578,0.000782040529884398,0.00017242722969967872,0.0014666829956695437,0.5685912370681763,0.05863744020462036,-0.6185610294342041,1.7045562267303467,1.4680289030075073,1.3560476303100586,2.1222124099731445,2.4968414306640625,1.2153959274291992,1.0396925210952759,2.039508581161499,6.204102516174316,2.7706494331359863,2.241703748703003,2.4395833015441895,1.0496916770935059,0.9778969287872314,1.5333272218704224,2.214334011077881,2.071049928665161,1.773638367652893,0.9498035907745361,2.055941104888916,4.188904762268066,2.1780221462249756,1.8992611169815063,2.006030559539795
195,2.99893856048584,1.9253756999969482,3.0021634101867676,3.1230580806732178,2.8308823108673096,2.9987677952508864,0.4803743064403534,0.9999167323112488,0.999989926815033,0.9997761845588684,0.9998961687088013,0.9999767541885376,0.0009506102651357651,0.000462499912828207,0.00011808377894340083,0.0008871918544173241,0.3951628506183624,-0.01383707020431757,-0.5025575757026672,1.6539686918258667,1.3364781141281128,1.3683170080184937,1.731632113456726,1.643724799156189,1.6538310389606283,0.4726708233356476,0.9998944997787476,0.9999345541000366,0.999884843826294,0.999854564666748,0.9999595284461975,0.002103490522131324,0.0012144853826612234,0.00025985363754443824,0.0015857830876484513,0.5328320264816284,0.17203368246555328,-0.43249109387397766,2.3438172340393066,1.8105360269546509,2.6529290676116943,1.740526795387268,2.314913034439087,2.2553796768188477,2.322279691696167,1.7535641193389893,6.2146220207214355,3.159764528274536,2.6568334102630615,2.5147688388824463,1.104899287223816,1.0124887228012085,1.5874816179275513,2.103665351867676,2.0595874786376953,1.7603358030319214,1.0421611070632935,1.9500187635421753,4.363996982574463,2.2236626148223877,1.9208297729492188,2.021535634994507
196,2.691218376159668,1.930801272392273,2.602719783782959,2.833098888397217,2.5206196308135986,2.691097329001155,0.4844875633716583,0.9999337196350098,0.9997968077659607,0.9997256398200989,0.9999275207519531,0.9999969005584717,0.0010257778922095895,0.0005451803444884717,0.00012429415073711425,0.0009839774575084448,0.42639386653900146,0.007806998211890459,-0.503852367401123,1.4986240863800049,1.6478643417358398,1.4406815767288208,1.567143440246582,1.4140985012054443,1.4984814045013166,0.5577208995819092,0.9999094605445862,0.9998643398284912,0.9999063611030579,0.9998570084571838,0.9999876618385315,0.0031671186443418264,0.0016840355237945914,0.00032741864561103284,0.0019567643757909536,0.6380687952041626,0.2589314877986908,-0.4720218777656555,2.8097071647644043,2.418917655944824,2.290069580078125,2.7961812019348145,2.8402175903320312,3.2906455993652344,2.0786681175231934,2.061429262161255,8.475581169128418,3.150273561477661,3.2211689949035645,3.067965269088745,1.2253769636154175,1.0603240728378296,1.5960252285003662,2.014631509780884,2.0969226360321045,1.8538155555725098,1.0612601041793823,1.8964334726333618,4.528725624084473,2.270808219909668,1.9604324102401733,2.0419864654541016
197,2.4307403564453125,1.8206150531768799,2.2522835731506348,2.564300060272217,2.2962112426757812,2.430644331170245,0.5058303475379944,0.9999437928199768,0.9999833703041077,0.9998325705528259,0.9999260306358337,0.9999993443489075,0.0012499118456616998,0.0006409168126992881,0.00013100622163619846,0.0010040020570158958,0.5067521333694458,0.036465201526880264,-0.5055381059646606,1.3482353687286377,1.289583444595337,1.246873140335083,1.3590424060821533,1.3726502656936646,1.3480534913512892,0.7300614714622498,0.9998868703842163,0.9998576045036316,0.9997382164001465,0.9998809099197388,0.9999620914459229,0.004174272064119577,0.002219935180619359,0.00038338053855113685,0.002143723424524069,0.7167733907699585,0.4080224931240082,-0.15833599865436554,2.671679735183716,1.958722710609436,3.8281280994415283,1.7937936782836914,2.154855489730835,2.05208420753479,2.3883590698242188,1.6040805578231812,10.015986442565918,4.441802978515625,3.2909493446350098,3.2726998329162598,1.2778979539871216,1.006216049194336,1.7624160051345825,1.8651678562164307,1.9496883153915405,1.8009181022644043,1.0867961645126343,1.7461860179901123,4.670401573181152,2.414477825164795,1.9580166339874268,2.029244899749756
198,2.249870538711548,1.7505055665969849,2.0477652549743652,2.3752849102020264,2.1345622539520264,2.2498098263078057,0.5251242518424988,0.9999549388885498,0.9997970461845398,0.9998908638954163,0.9999396800994873,0.9999976754188538,0.0014906147262081504,0.0007545543485321105,0.00014059276145417243,0.0010052424622699618,0.5965561866760254,0.0633578673005104,-0.5316926836967468,1.341485857963562,1.371199607849121,1.2770204544067383,1.3648681640625,1.324263095855713,1.3413463689993028,0.5757567286491394,0.9999117255210876,0.9992453455924988,0.9998886585235596,0.9998750686645508,0.9999938011169434,0.0043081543408334255,0.0022351592779159546,0.000415321730542928,0.0022910996340215206,0.734557032585144,0.4053734838962555,0.012174725532531738,2.592664957046509,1.2232017517089844,3.2822084426879883,2.0747580528259277,1.8173422813415527,5.181283473968506,2.8933255672454834,2.250776767730713,7.962360858917236,5.761684417724609,3.5039608478546143,3.2416675090789795,1.2559157609939575,0.963127851486206,1.8271803855895996,1.769873857498169,1.840096116065979,1.9980530738830566,1.233261227607727,1.5184322595596313,4.815295696258545,2.5287117958068848,1.9749948978424072,2.0384600162506104
199,2.128927707672119,1.7200348377227783,1.9425829648971558,2.2455077171325684,2.019599199295044,2.12886261790806,0.5302931666374207,0.9999449849128723,0.9995957612991333,0.999905526638031,0.9999264478683472,0.9999871850013733,0.0016621839022263885,0.000834557693451643,0.00015468144556507468,0.000860881176777184,0.6038236021995544,0.08174087107181549,-0.5339972972869873,1.5550992488861084,1.5334335565567017,1.4713977575302124,1.6057740449905396,1.4968023300170898,1.5548208210071706,0.5891609191894531,0.9998968243598938,0.9999228119850159,0.9998084306716919,0.999863862991333,0.9999834895133972,0.003571657231077552,0.0018492583185434341,0.0003818287223111838,0.002935545751824975,0.7810533046722412,0.29199811816215515,-0.3153199255466461,1.8102566003799438,2.3788552284240723,3.2669687271118164,2.0995993614196777,1.6927642822265625,3.6034629344940186,2.314678907394409,2.05021595954895,7.5526814460754395,6.593311309814453,3.3362793922424316,3.256978988647461,1.2707915306091309,1.0122182369232178,1.92043936252594,1.6383018493652344,1.7447715997695923,2.135921001434326,1.3109885454177856,1.5348834991455078,4.928225994110107,2.6478824615478516,2.0144424438476562,2.0638203620910645
200,2.0308425426483154,1.706254005432129,1.8771947622299194,2.135615110397339,1.92658531665802,2.030926825574092,0.5471552610397339,0.999950647354126,0.999748706817627,0.9998344779014587,0.9999443888664246,0.9999985694885254,0.0017787658143788576,0.000894086726475507,0.00016481836792081594,0.000912762654479593,0.6400049924850464,0.10142583400011063,-0.5039362907409668,1.4250544309616089,1.463166356086731,1.3992488384246826,1.4622992277145386,1.3670108318328857,1.4248651935792391,0.5589819550514221,0.9998799562454224,1.0,0.9997894167900085,0.9998779296875,0.9999181628227234,0.0031239602249115705,0.0015117910224944353,0.00029073908808641136,0.0016739398706704378,0.735316812992096,0.30190518498420715,-0.21271543204784393,1.4533300399780273,1.4952175617218018,2.4237172603607178,1.7059308290481567,2.0835514068603516,3.0759634971618652,1.8239803314208984,1.3570786714553833,5.927700519561768,4.581463813781738,2.5927934646606445,2.4314498901367188,1.2192823886871338,1.0172133445739746,1.9189311265945435,1.588972806930542,1.7297790050506592,2.1457011699676514,1.2821693420410156,1.4418531656265259,4.970400810241699,2.731271743774414,2.0045573711395264,2.0499556064605713
201,2.0937283039093018,1.6772526502609253,1.9201997518539429,2.2009854316711426,1.9920629262924194,2.093616098432389,0.5443519949913025,0.9999167323112488,0.999957799911499,0.9997118711471558,0.9999085068702698,0.9999943375587463,0.001682566711679101,0.0008834332111291587,0.0001610118488315493,0.0010346316266804934,0.6472102403640747,0.08766847103834152,-0.4702385663986206,1.8058074712753296,1.3325095176696777,1.4803401231765747,1.8307511806488037,1.9310649633407593,1.8054155644164067,0.37879666686058044,0.9997788667678833,0.9997897148132324,0.9997088313102722,0.9998278617858887,0.9997082948684692,0.00285052927210927,0.0012784866848960519,0.00024131513782776892,0.0016905879601836205,0.727613627910614,0.15814894437789917,-0.4495794177055359,1.6324130296707153,1.7040088176727295,2.5330779552459717,2.746152877807617,2.0342724323272705,2.319957733154297,2.141658067703247,3.08286190032959,3.436953067779541,5.276643753051758,2.690800189971924,2.517188310623169,1.120549201965332,0.9469847083091736,1.9065951108932495,1.6122374534606934,1.6711363792419434,2.134267807006836,1.2985490560531616,1.394745111465454,4.794740200042725,2.819542169570923,1.9699348211288452,2.0238940715789795
202,2.2473549842834473,1.6998958587646484,2.0885560512542725,2.348520517349243,2.150139331817627,2.247238712124475,0.5427632927894592,0.9999271035194397,1.0,0.9998059272766113,0.9999087452888489,0.9999925494194031,0.0017162443837150931,0.0008121655555441976,0.00014840728545095772,0.0010233501670882106,0.654801070690155,0.058096371591091156,-0.552304744720459,2.4556312561035156,1.5666207075119019,1.8807380199432373,2.4314706325531006,3.0326881408691406,2.454810005680844,0.4232010543346405,0.999789834022522,0.9999692440032959,0.9998586177825928,0.9997695684432983,0.9997677206993103,0.0022343811579048634,0.0009542571497149765,0.00018794561037793756,0.0012278473004698753,0.48062482476234436,0.059837937355041504,-0.6694070100784302,1.4895665645599365,1.811948537826538,2.6226677894592285,2.2564218044281006,1.7675268650054932,2.7938499450683594,1.4265389442443848,1.64534592628479,3.8641531467437744,4.674378395080566,2.435239791870117,2.4490549564361572,1.0431867837905884,0.9600586295127869,1.9264310598373413,1.612694263458252,1.5974889993667603,2.15478253364563,1.2289960384368896,1.3658673763275146,4.656178951263428,2.858940601348877,1.9404624700546265,2.017177104949951
203,2.3684775829315186,1.6981794834136963,2.1790900230407715,2.4765701293945312,2.2727251052856445,2.368414161319514,0.5304341912269592,0.9999192357063293,0.9999938011169434,0.9996580481529236,0.9999310374259949,0.9999896883964539,0.0016745439497753978,0.0007823803462088108,0.00014282802294474095,0.0009899394353851676,0.579676628112793,0.04003869369626045,-0.566992461681366,2.3087363243103027,1.462212085723877,1.9166706800460815,2.338104009628296,2.497124195098877,2.307417578176163,0.2988991141319275,0.9997610449790955,1.0,0.999812126159668,0.9997702836990356,0.9996956586837769,0.0021479276474565268,0.0010085331741720438,0.00021744494733866304,0.0022593855392187834,0.4457128345966339,0.07222063094377518,-0.33028340339660645,1.9060602188110352,1.6362476348876953,2.445066452026367,2.9668304920196533,1.8417431116104126,3.000549793243408,1.6882097721099854,3.289396047592163,4.087200164794922,2.9839630126953125,2.584526777267456,2.4752912521362305,1.0083993673324585,0.9488524198532104,1.8980742692947388,1.7024694681167603,1.538811206817627,2.199993848800659,1.215229868888855,1.5061863660812378,4.5810370445251465,2.835054874420166,1.943410873413086,2.0266518592834473
204,2.536863327026367,1.7952852249145508,2.382596254348755,2.660064458847046,2.4088895320892334,2.5367538538482135,0.515417218208313,0.9999323487281799,0.9997110962867737,0.9997962713241577,0.9999263882637024,0.9999879598617554,0.0016304821474477649,0.0006885568727739155,0.00012950859672855586,0.000876224075909704,0.5763159990310669,0.024615749716758728,-0.6249998211860657,2.2438666820526123,2.5689032077789307,3.162283182144165,2.1990039348602295,2.1324756145477295,2.2431099469709848,0.27637240290641785,0.9998044371604919,0.9998456239700317,0.9997337460517883,0.9997432231903076,0.9999245405197144,0.0014134462689980865,0.0005750244599767029,0.00019031521514989436,0.0011147360783070326,0.8307159543037415,0.06747561693191528,-0.6743861436843872,1.9227643013000488,1.8692538738250732,1.770095705986023,1.9888173341751099,2.9539783000946045,1.6001869440078735,1.913699984550476,3.368985652923584,3.364328384399414,2.2703540325164795,2.302246570587158,2.1817028522491455,1.0158532857894897,0.9280661940574646,1.851675271987915,1.5641118288040161,1.6227706670761108,2.0815231800079346,1.2025498151779175,1.6148428916931152,4.437420845031738,2.71923565864563,1.9038050174713135,1.99258553981781
205,2.632230520248413,1.9216668605804443,2.5127744674682617,2.7721409797668457,2.4695799350738525,2.6319929403656976,0.4973650276660919,0.9998784065246582,1.0,0.9997624158859253,0.999927818775177,0.9998417496681213,0.0014582379953935742,0.0006451390800066292,0.00012673075252678245,0.0009430148638784885,0.5808346271514893,0.027467746287584305,-0.6840938925743103,2.1841275691986084,4.0152587890625,2.8701014518737793,2.1886188983917236,2.0430233478546143,2.1809602116927556,0.3651118874549866,0.999738872051239,0.9996456503868103,0.9997348189353943,0.999731183052063,0.9997522234916687,0.0011631390079855919,0.0007472552242688835,0.0002318389742868021,0.0019531685393303633,0.7799981832504272,0.08635401725769043,-0.6462906002998352,1.7369229793548584,1.969530701637268,2.2071099281311035,3.134230613708496,3.8511343002319336,2.2419257164001465,1.5590734481811523,3.80617618560791,4.894499778747559,2.843855381011963,2.824445962905884,2.7338931560516357,1.0290607213974,0.95677649974823,1.8135108947753906,1.6433489322662354,1.7929481267929077,2.03485107421875,1.192639708518982,1.8129006624221802,4.444684982299805,2.647174119949341,1.9367895126342773,2.022111415863037
206,2.6295053958892822,1.9206154346466064,2.5496532917022705,2.778020143508911,2.4445881843566895,2.6293440243420685,0.49024197459220886,0.9999173283576965,0.9991260170936584,0.9997768402099609,0.9999101161956787,0.9999770522117615,0.0014220996527001262,0.0006335480720736086,0.00012644438538700342,0.0009823847794905305,0.5915874242782593,0.029951123520731926,-0.6987181901931763,2.2707831859588623,2.0433349609375,2.337041139602661,2.3597233295440674,2.1107633113861084,2.2700941376399224,0.42389801144599915,0.9998235106468201,0.9999394416809082,0.9998289942741394,0.9997425079345703,0.9999452233314514,0.001424514572136104,0.0008089090115390718,0.00023273231636267155,0.0016371718375012279,0.528902530670166,0.07675450295209885,-0.5214974284172058,1.6860251426696777,1.3697508573532104,3.5705132484436035,3.990990161895752,3.3138699531555176,1.6419291496276855,1.6813024282455444,3.8525774478912354,4.72779655456543,1.885719895362854,2.772047758102417,2.7554643154144287,0.9203004240989685,0.9380135536193848,1.9109461307525635,1.8467252254486084,1.919891595840454,1.921654462814331,1.1850600242614746,1.998837947845459,4.446931838989258,2.497319459915161,1.9585682153701782,2.0388083457946777
207,2.567713737487793,2.0232980251312256,2.49867844581604,2.7194182872772217,2.376085042953491,2.5676772200416287,0.49564704298973083,0.9999440312385559,0.9999314546585083,0.9998579621315002,0.9999282360076904,0.9999887943267822,0.0013924299273639917,0.0006427750922739506,0.00013004530046600848,0.0008960291743278503,0.6011233329772949,0.03546951338648796,-0.6944785714149475,2.0106348991394043,1.9944007396697998,1.7916510105133057,2.0949087142944336,1.9599319696426392,2.0096800511904167,0.4481980502605438,0.9998515248298645,0.9999582171440125,0.9998387098312378,0.9997923374176025,0.9999485611915588,0.002060578903183341,0.001090073841623962,0.00023782374046277255,0.0012787113664671779,0.6697384715080261,0.08448415249586105,-0.5060064196586609,1.5285468101501465,2.0687949657440186,3.6396212577819824,3.5054657459259033,2.6395740509033203,1.642906904220581,2.5050673484802246,3.239393711090088,5.927152156829834,1.634888768196106,2.833141326904297,2.7798538208007812,0.8934448957443237,0.9302584528923035,2.031348705291748,1.9856979846954346,1.9708366394042969,1.856622576713562,1.2201604843139648,2.0827322006225586,4.566500186920166,2.3425612449645996,1.9880164861679077,2.0675511360168457
208,2.456775426864624,1.9828879833221436,2.376206636428833,2.601710557937622,2.2793538570404053,2.456622522866027,0.4965565800666809,0.9999153017997742,0.9988016486167908,0.9997068643569946,0.9999068975448608,0.9999982714653015,0.0013660473050549626,0.000652381859254092,0.00013265384768601507,0.0007434586877934635,0.6411093473434448,0.04559466242790222,-0.6436337232589722,1.5724910497665405,1.4087196588516235,1.4534410238265991,1.6053403615951538,1.5839979648590088,1.5722754920404516,0.41870710253715515,0.9998646378517151,1.0,0.9998239278793335,0.9998201727867126,0.9999712705612183,0.0023497245274484158,0.0011640451848506927,0.00024955489789135754,0.0015718659851700068,0.7901182174682617,0.20148727297782898,-0.34604698419570923,3.3518736362457275,1.1754343509674072,1.7930980920791626,1.4021469354629517,2.115402936935425,2.061753273010254,2.9013171195983887,2.517127752304077,4.844729423522949,2.0798087120056152,2.424269199371338,2.2177414894104004,0.9614954590797424,0.9089178442955017,1.9490044116973877,1.8620635271072388,1.951362133026123,1.7848082780838013,1.3522337675094604,1.9280723333358765,4.5660576820373535,2.245429515838623,1.9509445428848267,2.0174992084503174
209,2.3692004680633545,1.848441481590271,2.1887106895446777,2.5162408351898193,2.2210240364074707,2.3691585220014026,0.500039279460907,0.9999517202377319,0.9991914629936218,0.9999083876609802,0.9999350905418396,0.9999966621398926,0.0014067267766222358,0.0006874894606880844,0.00013482701615430415,0.0007359138689935207,0.6958056688308716,0.05046984553337097,-0.6181697845458984,1.7142398357391357,1.2465285062789917,1.3345603942871094,1.8028470277786255,1.754642128944397,1.7140745256231782,0.4839562177658081,0.9998726844787598,1.0,0.9999309778213501,0.9997966289520264,0.999969482421875,0.0019859352614730597,0.0013506454415619373,0.0002589820942375809,0.0014075732324272394,0.7444579601287842,0.17283201217651367,-0.28709614276885986,2.668471336364746,1.349812388420105,2.8827321529388428,1.9899348020553589,2.9378726482391357,1.863783597946167,2.401338577270508,1.8504551649093628,6.219273090362549,2.322103261947632,2.6485776901245117,2.5416018962860107,1.0699872970581055,0.9182218313217163,2.012481451034546,1.7589905261993408,2.0242795944213867,1.7031900882720947,1.427841305732727,1.890526294708252,4.673690319061279,2.2335751056671143,1.971278429031372,2.030526638031006
210,2.488889455795288,1.8048452138900757,2.188483715057373,2.654348134994507,2.3622353076934814,2.4887521725920543,0.5053269267082214,0.9999127984046936,0.9998204708099365,0.9997846484184265,0.9999251365661621,0.9999423623085022,0.001374057843349874,0.0006845704047009349,0.00012668909039348364,0.0006359684630297124,0.6341719031333923,0.032009057700634,-0.6332191228866577,2.469226360321045,1.5949621200561523,1.968638300895691,2.475202798843384,2.7429006099700928,2.468069507022767,0.4416998028755188,0.9998219013214111,0.99993896484375,0.9998544454574585,0.9997891187667847,0.9998668432235718,0.001650618389248848,0.0008351376163773239,0.00017034680058714002,0.0016334239626303315,0.48283302783966064,0.04881557077169418,-0.46014249324798584,2.5090153217315674,1.5465348958969116,1.859079122543335,2.1926801204681396,1.6739983558654785,2.274787425994873,1.9124529361724854,1.335546612739563,5.036057949066162,3.454716444015503,2.3794867992401123,2.411050319671631,1.1616533994674683,0.9437530636787415,1.9437596797943115,1.7334061861038208,1.9311877489089966,1.7108781337738037,1.3745042085647583,1.7530864477157593,4.69352912902832,2.3073441982269287,1.9553102254867554,2.0328352451324463
211,2.6738598346710205,1.8134833574295044,2.316272735595703,2.860624074935913,2.542630672454834,2.6737496916793977,0.49163737893104553,0.9999297857284546,0.9998660683631897,0.9998167157173157,0.9999291896820068,0.9999726414680481,0.001266689971089363,0.0006312934565357864,0.00011794360034400597,0.0006145522347651422,0.5927845239639282,0.014814798720180988,-0.5985982418060303,2.518272638320923,1.8549219369888306,2.1964774131774902,2.4271652698516846,2.961026668548584,2.5171933870034287,0.3335071802139282,0.999819278717041,0.9999927878379822,0.9998858571052551,0.9997659921646118,0.9999241828918457,0.0016533465823158622,0.0007097275229170918,0.0001882254146039486,0.0014191698282957077,0.5092889666557312,0.057639092206954956,-0.4969121813774109,2.0723884105682373,1.4552332162857056,1.594356894493103,3.210890531539917,2.199321985244751,3.287569522857666,1.3964307308197021,1.5705149173736572,3.1473865509033203,3.1994788646698,2.31335711479187,2.266462802886963,1.1572564840316772,0.9044821262359619,1.8192760944366455,1.8110030889511108,1.8975766897201538,1.8266448974609375,1.3150815963745117,1.642035961151123,4.500937461853027,2.3608903884887695,1.9235185384750366,2.007605791091919
212,2.694929599761963,1.754664421081543,2.3285200595855713,2.8759524822235107,2.5767822265625,2.694838552544175,0.5143986940383911,0.9999332427978516,0.9997690320014954,0.9998260736465454,0.9999256134033203,0.9999854564666748,0.0012245367979630828,0.0006481410237029195,0.0001193455682368949,0.0006204242235980928,0.6020442247390747,0.007592326030135155,-0.5428410172462463,2.406122922897339,1.4020357131958008,2.2651615142822266,2.4121756553649902,2.4670441150665283,2.4055365396390127,0.5567539930343628,0.9998273849487305,0.9999339580535889,0.9998271465301514,0.9997727870941162,0.9999225735664368,0.0021326947025954723,0.0009139973553828895,0.0001794754498405382,0.0017306915251538157,0.5797899961471558,0.027500679716467857,-0.559258759021759,1.9625424146652222,1.2829068899154663,1.63596510887146,1.9025013446807861,1.1520663499832153,2.238346576690674,1.5766040086746216,1.4145820140838623,5.259822368621826,3.7915468215942383,2.2216885089874268,2.3480961322784424,1.208299994468689,0.8494017124176025,1.7680195569992065,1.7753924131393433,1.7382732629776,1.8351470232009888,1.2580980062484741,1.563980221748352,4.561293125152588,2.488116979598999,1.904602289199829,2.008028030395508
213,2.669703245162964,1.7710154056549072,2.2885382175445557,2.843057155609131,2.5637760162353516,2.6692335462249113,0.5280964374542236,0.9997933506965637,0.9999729990959167,0.999855101108551,0.9999436736106873,0.9995613098144531,0.0012762935366481543,0.0006921582389622927,0.00012349367898423225,0.0006311335018835962,0.5771929025650024,0.008813519030809402,-0.5313543677330017,2.3834798336029053,2.076200008392334,2.0004515647888184,2.452409267425537,2.4070606231689453,2.382541555981503,0.5715565085411072,0.9997877478599548,1.0,0.9997282028198242,0.9997423887252808,0.9998899698257446,0.0017937623197212815,0.0011798131745308638,0.00022293800429906696,0.0015594279393553734,0.4568987786769867,0.04562137648463249,-0.5236302018165588,1.5484827756881714,1.0101664066314697,2.275007963180542,3.676616907119751,2.2930777072906494,1.5714699029922485,2.122112512588501,1.6735295057296753,5.724618911743164,5.333086013793945,2.7228169441223145,2.8919615745544434,1.1792595386505127,0.8244203925132751,1.7692375183105469,1.9031299352645874,1.7473626136779785,1.7314274311065674,1.306613564491272,1.532892107963562,4.660543441772461,2.6124932765960693,1.9267380237579346,2.040459632873535
214,2.386718511581421,1.7094286680221558,2.0660104751586914,2.5278000831604004,2.3002829551696777,2.3866466320050805,0.5430113077163696,0.9999451637268066,0.9997991323471069,0.9998906850814819,0.9999271631240845,0.9999922513961792,0.001353227416984737,0.0007656843517906964,0.0001396622828906402,0.0007145528797991574,0.5927070379257202,0.040766119956970215,-0.5276666283607483,1.569124698638916,1.6847654581069946,1.4975470304489136,1.6137837171554565,1.5248216390609741,1.5688315009056821,0.6048271059989929,0.9998873472213745,0.9995681643486023,0.999847948551178,0.9998672008514404,0.99993497133255,0.0027262268122285604,0.0016143567627295852,0.0003514262498356402,0.0020718516316264868,0.8137895464897156,0.2646220624446869,-0.28775325417518616,1.654076337814331,2.1307268142700195,3.4054598808288574,2.2128584384918213,2.320063352584839,3.2209627628326416,2.3861610889434814,1.6152976751327515,8.387530326843262,4.354225158691406,3.168736219406128,3.1229608058929443,1.143072485923767,0.8974689841270447,1.8914800882339478,1.757943868637085,1.7425123453140259,1.8242924213409424,1.3404651880264282,1.410617709159851,4.802769184112549,2.708334445953369,1.9518957138061523,2.048556327819824
215,2.4036712646484375,1.7926807403564453,2.141125440597534,2.538905620574951,2.300562620162964,2.40356619108879,0.5461978316307068,0.9999361038208008,0.9995004534721375,0.999847412109375,0.9999179244041443,0.9999978542327881,0.0013603901024907827,0.0007570357411168516,0.00013913726434111595,0.0007917123148217797,0.6164665222167969,0.04051799699664116,-0.5601975917816162,2.283118963241577,2.1177265644073486,2.297039031982422,2.3121440410614014,2.225459098815918,2.2821899994399417,0.46656352281570435,0.9996472597122192,0.9984628558158875,0.9996570348739624,0.9998140335083008,0.9993524551391602,0.001805233070626855,0.0008713061106391251,0.00020000501535832882,0.0013134226901456714,0.6462301015853882,0.08356455713510513,-0.5531272888183594,1.4684560298919678,1.5388622283935547,1.406615138053894,2.47544264793396,3.385793924331665,2.9925663471221924,1.4178361892700195,1.5043870210647583,4.969019889831543,3.1953346729278564,2.4354312419891357,2.461690664291382,1.1326923370361328,0.8783798217773438,1.6940912008285522,1.7952933311462402,1.8867690563201904,1.9045895338058472,1.2833155393600464,1.3756322860717773,4.781088352203369,2.704511880874634,1.9436362981796265,2.044767141342163
216,2.654503345489502,1.8965317010879517,2.4145545959472656,2.8014602661132812,2.5265331268310547,2.654243673973051,0.5410207509994507,0.999869704246521,0.9999505281448364,0.9998064041137695,0.9999249577522278,0.9998126029968262,0.001222108374349773,0.0006964365020394325,0.00012589863035827875,0.0007814733544364572,0.5658324360847473,0.012847301550209522,-0.576909601688385,3.0838334560394287,2.178266763687134,2.5908663272857666,3.114908456802368,3.3703038692474365,3.081239839851329,0.376379132270813,0.9996570944786072,0.9999946355819702,0.9998070597648621,0.999549388885498,0.9997939467430115,0.001562381163239479,0.0006988714449107647,0.0001580342504894361,0.0012176266172900796,0.4019809663295746,-0.011255771853029728,-0.46173179149627686,1.308183193206787,1.3594229221343994,3.1207778453826904,2.747673749923706,2.099649667739868,2.3865513801574707,1.3703367710113525,1.7564011812210083,3.8425285816192627,1.609718918800354,2.1601245403289795,2.195514678955078,0.9946135878562927,0.8124635815620422,1.7839436531066895,1.8134106397628784,1.8511544466018677,1.8834205865859985,1.2622315883636475,1.3733556270599365,4.61431360244751,2.5446529388427734,1.8933559656143188,2.0144872665405273
217,2.6777915954589844,1.9451069831848145,2.526322841644287,2.821147918701172,2.525399684906006,2.6776807441730814,0.5418466329574585,0.9999287724494934,0.9998511672019958,0.9997360110282898,0.9999295473098755,0.9999897480010986,0.0012600993504747748,0.0006800985429435968,0.00012315009371377528,0.0008724128711037338,0.5426236391067505,0.01082606054842472,-0.6414097547531128,1.9706132411956787,1.960167646408081,2.1788134574890137,1.9660346508026123,1.907208800315857,1.9700014157797836,0.5084723830223083,0.999851405620575,0.9999434351921082,0.9997694492340088,0.9998371601104736,0.9999029636383057,0.0020573448855429888,0.0008686496294103563,0.0002035673678619787,0.0013804018963128328,0.5733458995819092,0.13426236808300018,-0.3876653015613556,1.2613798379898071,1.763258457183838,2.5869314670562744,1.5523955821990967,3.139853000640869,3.296255350112915,1.051169753074646,1.597640037536621,5.219380855560303,2.059356451034546,2.352762222290039,2.3537275791168213,0.9684028625488281,0.8592091798782349,1.8182719945907593,1.731439471244812,1.9322707653045654,1.988581895828247,1.1758207082748413,1.3658322095870972,4.617809772491455,2.385619878768921,1.8843258619308472,2.007734537124634
218,2.588822603225708,1.8985600471496582,2.4861316680908203,2.7192893028259277,2.437486171722412,2.5886299459344806,0.5395393967628479,0.9999054670333862,0.9998814463615417,0.9998213052749634,0.999931275844574,0.9998962879180908,0.001366700860671699,0.0006870958022773266,0.0001281507866224274,0.0009014165261760354,0.5957380533218384,0.02565336786210537,-0.6249790191650391,1.8875775337219238,1.7190680503845215,1.9698765277862549,1.9243052005767822,1.795034646987915,1.8867609664106106,0.4599367082118988,0.9997799396514893,0.999848484992981,0.9998217225074768,0.9998330473899841,0.9996731281280518,0.0022121320944279432,0.0009414447704330087,0.00022855307906866074,0.0013850623508915305,0.6500850915908813,0.1253068894147873,-0.6615367531776428,1.6393541097640991,1.8884334564208984,1.6537513732910156,2.8751423358917236,1.9355883598327637,2.463674783706665,2.1950979232788086,3.9585459232330322,5.820095062255859,2.3898236751556396,2.681950807571411,2.608566999435425,0.9862071871757507,0.8612301349639893,1.7602883577346802,1.8085917234420776,1.8992053270339966,2.0115532875061035,1.2096304893493652,1.495235562324524,4.691256046295166,2.3412420749664307,1.9064439535140991,2.020714521408081
219,2.4154553413391113,1.8530042171478271,2.3367137908935547,2.5330705642700195,2.274874687194824,2.4153573297581508,0.5547187328338623,0.9999352693557739,0.9996506571769714,0.9997640252113342,0.9999330639839172,0.999993622303009,0.0013454350410029292,0.0007151575991883874,0.00013683942961506546,0.0008883876143954694,0.5998667478561401,0.041478194296360016,-0.5818347334861755,1.7345036268234253,2.0928852558135986,1.8529890775680542,1.7741864919662476,1.6350151300430298,1.7342976276881221,0.6912418603897095,0.9998677372932434,0.9999611377716064,0.9998758435249329,0.9998257160186768,0.999923825263977,0.002112724119797349,0.00118596653919667,0.00027187177329324186,0.0014527192106470466,0.6289854645729065,0.17185266315937042,-0.36880505084991455,1.8220195770263672,1.3477489948272705,2.268507719039917,1.5754475593566895,1.828358769416809,1.7258522510528564,2.0592503547668457,2.3568897247314453,7.464921474456787,2.085425615310669,2.453442335128784,2.5838663578033447,1.0392735004425049,0.8406292200088501,1.784255027770996,1.710761308670044,1.8434407711029053,1.9432427883148193,1.2465015649795532,1.5532395839691162,4.823789119720459,2.22226881980896,1.9007400274276733,2.0082926750183105
220,2.2265772819519043,1.8347208499908447,2.1823010444641113,2.331921339035034,2.0909087657928467,2.226480284808284,0.5600738525390625,0.9999224543571472,0.9996872544288635,0.9997665286064148,0.9999114274978638,0.9999873042106628,0.0014175423420965672,0.00076114950934425,0.00014669328811578453,0.0009103752672672272,0.6092206835746765,0.07099474221467972,-0.5767412185668945,1.630266785621643,2.1863815784454346,1.7736653089523315,1.7064505815505981,1.4617857933044434,1.6300570078461911,0.5488249063491821,0.9998716115951538,0.999459981918335,0.9997719526290894,0.9998496770858765,0.9999354481697083,0.0022415562998503447,0.0013752536615356803,0.0002851072931662202,0.0015776733634993434,0.6692854166030884,0.19821900129318237,-0.43699294328689575,1.51084303855896,1.9060981273651123,3.3050241470336914,2.607954740524292,2.1797053813934326,2.661832332611084,2.2366602420806885,2.3976869583129883,7.512420177459717,2.8945529460906982,2.9212777614593506,2.8405134677886963,1.0265910625457764,0.881123423576355,1.8330179452896118,1.7448549270629883,1.847469449043274,1.9243288040161133,1.2634183168411255,1.5912775993347168,4.940134048461914,2.253763198852539,1.9305979013442993,2.018540620803833
221,2.0389857292175293,1.7539983987808228,1.9616864919662476,2.1457972526550293,1.9120633602142334,2.0389010754344983,0.5540565252304077,0.9999319911003113,0.9996960163116455,0.9997855424880981,0.9999187588691711,0.9999986290931702,0.0015531409299001098,0.0008479954558424652,0.00016033918655011803,0.0009024452301673591,0.6037560105323792,0.10333770513534546,-0.4788632392883301,1.4519264698028564,1.5013799667358398,1.3278493881225586,1.5353262424468994,1.3795955181121826,1.4517314065695668,0.6434017419815063,0.9999025464057922,0.999733567237854,0.999889612197876,0.9998458623886108,0.9999867081642151,0.0034991533029824495,0.001863911747932434,0.0003643955278676003,0.0021554024424403906,0.7977036833763123,0.29009684920310974,-0.3121190667152405,2.835925579071045,1.709741473197937,2.9367713928222656,2.376779794692993,3.096306800842285,2.869684934616089,2.0455994606018066,2.3765981197357178,9.489227294921875,3.1292853355407715,3.2865922451019287,3.2185707092285156,1.1578563451766968,0.8959227204322815,1.8737982511520386,1.7790946960449219,1.8820682764053345,1.9766346216201782,1.3210951089859009,1.6163884401321411,5.060884952545166,2.2383718490600586,1.980211615562439,2.0325534343719482
222,1.920913577079773,1.7158145904541016,1.85672926902771,2.0215141773223877,1.799773931503296,1.9208536047451317,0.5653256177902222,0.9999439716339111,0.9995339512825012,0.9998194575309753,0.9999381303787231,0.9999948740005493,0.001613145344890654,0.0009080414893105626,0.00016936678730417043,0.0009286824497394264,0.6566987633705139,0.13249020278453827,-0.4832195043563843,1.5098191499710083,1.8281253576278687,1.567446231842041,1.567021131515503,1.409000039100647,1.5096239694914455,0.6591012477874756,0.9998908042907715,0.9999406337738037,0.9998391270637512,0.9998300671577454,0.9999863505363464,0.002817476401105523,0.001600236864760518,0.0003095850988756865,0.0016852840781211853,0.6835240125656128,0.2791471481323242,-0.21855595707893372,2.012211561203003,2.0578789710998535,2.2073349952697754,1.9044753313064575,1.6062434911727905,2.435126304626465,2.4210550785064697,1.6330792903900146,8.017901420593262,3.1400370597839355,2.743534564971924,2.73946213722229,1.1961238384246826,0.9273086786270142,1.851180911064148,1.7030653953552246,1.8275470733642578,1.9842239618301392,1.3529407978057861,1.5793206691741943,5.160468101501465,2.265263319015503,1.9847443103790283,2.0223214626312256
223,2.0830132961273193,1.7567994594573975,1.9745057821273804,2.204131841659546,1.9482868909835815,2.082936596210233,0.5371621251106262,0.999945342540741,0.9999921321868896,0.9997841119766235,0.9999459981918335,0.9999971389770508,0.0015843886649236083,0.0008460562094114721,0.000155195826664567,0.0008384521934203804,0.6228315830230713,0.09639636427164078,-0.4976084232330322,4.3649091720581055,2.548901081085205,4.291277885437012,4.3411383628845215,4.530375957489014,4.358313485378902,0.3124407231807709,0.9993879199028015,0.9998278617858887,0.9997851848602295,0.999514639377594,0.9988742470741272,0.0012233926681801677,0.0004304603789933026,0.0001321282470598817,0.0008690344402566552,0.43807467818260193,-0.04531688615679741,-0.43354660272598267,1.6564090251922607,1.4934611320495605,1.877571702003479,1.6765530109405518,1.1722323894500732,2.751847267150879,3.242974281311035,2.1973090171813965,2.2501778602600098,3.1507487297058105,2.146928548812866,2.192477226257324,1.16827392578125,0.8467596173286438,1.829299807548523,1.6536781787872314,1.639125943183899,2.0108649730682373,1.4648994207382202,1.5986323356628418,4.827904224395752,2.300208568572998,1.933964729309082,1.97907555103302
224,2.385493516921997,1.8735520839691162,2.240328073501587,2.5355677604675293,2.2229158878326416,2.3854158148317666,0.5060039758682251,0.999933123588562,0.9996262788772583,0.9997740387916565,0.999942421913147,0.9999775886535645,0.0014145661843940616,0.0007320073782466352,0.00013467301323544234,0.0007760049193166196,0.5002892017364502,0.047176431864500046,-0.5332964658737183,2.7928006649017334,2.3410091400146484,2.5882155895233154,2.898501396179199,2.6786093711853027,2.790800364264091,0.2859690487384796,0.999755859375,0.9985174536705017,0.9997988939285278,0.9996777176856995,0.9999051094055176,0.001581464777700603,0.0005251392140053213,0.00016342887829523534,0.001072860206477344,0.7296900749206543,0.010852053761482239,-0.48329025506973267,1.8447023630142212,1.5299408435821533,2.1755008697509766,2.411095142364502,2.113534450531006,3.1253840923309326,1.7974601984024048,1.7340887784957886,1.1627700328826904,3.0733699798583984,2.0967845916748047,2.053184986114502,1.0802366733551025,0.7891298532485962,1.7791272401809692,1.6560391187667847,1.6090320348739624,2.0770485401153564,1.3637367486953735,1.563696265220642,4.396185874938965,2.3264522552490234,1.8640683889389038,1.9266817569732666
225,2.813142776489258,2.0031018257141113,2.6997509002685547,2.9935855865478516,2.600794553756714,2.8130041971813102,0.49707525968551636,0.9999315142631531,0.999937117099762,0.9998013377189636,0.999925434589386,0.9999808073043823,0.001228840323165059,0.0006043176399543881,0.0001162833214038983,0.0006682199309580028,0.4166170656681061,0.003790272632613778,-0.6141433119773865,3.249130964279175,1.875362753868103,2.4370956420898438,3.3540263175964355,3.6169559955596924,3.246611838381643,0.3789072334766388,0.9998413324356079,0.9999807476997375,0.9998974800109863,0.9997779726982117,0.9999353289604187,0.0017985012382268906,0.0007684850133955479,0.00016348967619705945,0.001208670437335968,0.46273094415664673,0.024508386850357056,-0.6041813492774963,1.1823266744613647,1.2889012098312378,1.9146753549575806,2.2869136333465576,3.163623332977295,3.766747236251831,1.111109972000122,2.760948657989502,2.9975032806396484,3.0198259353637695,2.349257707595825,2.4010963439941406,1.0124865770339966,0.750228226184845,1.7193191051483154,1.6432013511657715,1.6833888292312622,2.2097103595733643,1.2878421545028687,1.5986418724060059,4.23574161529541,2.33601450920105,1.8476574420928955,1.9441522359848022
226,3.2652156352996826,2.158639430999756,3.167991876602173,3.491939067840576,2.989715337753296,3.2650678664862776,0.4563150405883789,0.9999150037765503,0.9998470544815063,0.9998259544372559,0.999901533126831,0.9999617338180542,0.001152871991507709,0.0005231784307397902,0.00010202077828580514,0.0006333182682283223,0.35587167739868164,-0.026967409998178482,-0.653096616268158,4.3037190437316895,2.4223997592926025,4.291014194488525,4.347073554992676,4.287118434906006,4.297545299764282,0.36623498797416687,0.9996379613876343,0.9983506202697754,0.9997451901435852,0.9995083212852478,0.9999221563339233,0.0017108609899878502,0.00048664218047633767,0.00015248707495629787,0.0012681687949225307,0.45862430334091187,-0.057916704565286636,-0.5961616635322571,1.6325325965881348,1.916322946548462,1.7053087949752808,4.527052402496338,2.3618311882019043,1.9878783226013184,2.2424192428588867,4.186580657958984,2.621936798095703,2.741905450820923,2.592376947402954,2.689124822616577,1.0172107219696045,0.7914343476295471,1.6790488958358765,1.8393585681915283,1.7060569524765015,2.122798204421997,1.3480665683746338,1.810050129890442,4.054638385772705,2.3389205932617188,1.8707584142684937,1.9661810398101807
227,3.938847780227661,2.2265987396240234,3.8617231845855713,4.2151947021484375,3.604541063308716,3.9385939448465366,0.4397229254245758,0.9999013543128967,0.9999198317527771,0.9996936917304993,0.9999112486839294,0.9999496936798096,0.0010227133752778172,0.00039916354580782354,8.99950391612947e-05,0.0005625860649161041,0.39451977610588074,-0.04932519793510437,-0.6446616649627686,2.598863124847412,1.6581755876541138,1.7290478944778442,2.7515790462493896,3.0016443729400635,2.5951912106993262,0.2678397595882416,0.9995866417884827,0.9992401599884033,0.9997938871383667,0.9994397759437561,0.9997318983078003,0.002743111690506339,0.0010667301248759031,0.0001967751741176471,0.0013454848667606711,0.5476046800613403,0.06948185712099075,-0.4887729585170746,2.0117311477661133,2.6000912189483643,1.4098471403121948,2.5858166217803955,3.841359853744507,3.008923053741455,2.589308977127075,1.846605658531189,3.31526780128479,3.3284902572631836,2.6537442207336426,2.5640199184417725,0.9621291160583496,0.8754268288612366,1.564101219177246,1.6904395818710327,1.8396538496017456,2.12414288520813,1.3719395399093628,1.7518624067306519,3.8830223083496094,2.3914315700531006,1.8454149961471558,1.9539581537246704
228,4.249818325042725,2.254512310028076,4.142637729644775,4.53531551361084,3.9180541038513184,4.249380459265807,0.43343260884284973,0.9998513460159302,0.9999915957450867,0.9998680353164673,0.999911904335022,0.9997612833976746,0.0010270230704918504,0.000360286416253075,8.658326987642795e-05,0.0005257615703158081,0.36670008301734924,-0.056594207882881165,-0.6238501667976379,3.809309959411621,2.942737340927124,4.000371932983398,3.6779415607452393,4.051815986633301,3.8064957238128163,0.29350733757019043,0.9996675848960876,0.9996553063392639,0.9998000264167786,0.999564528465271,0.9998546242713928,0.0013894534204155207,0.0004206874582450837,0.00014381362416315824,0.001144992420449853,0.473141074180603,-0.0218338705599308,-0.48834946751594543,1.497758388519287,1.451266884803772,2.31070876121521,1.9563366174697876,2.2082836627960205,2.1428933143615723,2.2709298133850098,1.7432957887649536,3.7820401191711426,1.883116364479065,2.1246631145477295,2.14172101020813,0.920333206653595,0.870411217212677,1.5898865461349487,1.6392815113067627,1.8450764417648315,2.053967237472534,1.4192678928375244,1.722477674484253,3.8064639568328857,2.3063576221466064,1.817352294921875,1.928059697151184
229,4.049929618835449,2.1220483779907227,3.7624166011810303,4.331467151641846,3.7839794158935547,4.049673229909125,0.43332672119140625,0.9999083876609802,0.9996408224105835,0.9997920393943787,0.9999251365661621,0.999933660030365,0.00102969107683748,0.00038982933619990945,9.026585757965222e-05,0.0005554589442908764,0.371611624956131,-0.05383656919002533,-0.6374601721763611,2.7431650161743164,1.684114933013916,2.1657297611236572,2.874918222427368,2.8499650955200195,2.742174553108276,0.4364883601665497,0.9997738599777222,0.9999954700469971,0.9998357892036438,0.9997444748878479,0.9997814893722534,0.0016739167040213943,0.0007409172249026597,0.00018134285346604884,0.0014821540098637342,0.5415857434272766,-0.008800525218248367,-0.6188642978668213,1.8970122337341309,0.8546605706214905,2.200148820877075,1.8047914505004883,3.772709846496582,1.7741527557373047,2.0312211513519287,2.2833964824676514,4.7413105964660645,2.711992025375366,2.407139539718628,2.467606782913208,0.9847348928451538,0.8350204825401306,1.6301169395446777,1.616957664489746,1.984394907951355,2.001589298248291,1.4607701301574707,1.7480216026306152,3.875491142272949,2.266967535018921,1.8404066562652588,1.9472830295562744
230,3.2593674659729004,2.045125722885132,2.9995338916778564,3.474842071533203,3.057328701019287,3.2591670124712797,0.4519471228122711,0.9999065399169922,0.9999975562095642,0.9996490478515625,0.9999072551727295,0.9999963045120239,0.0011617500567808747,0.0005062699201516807,0.00010694181401049718,0.0006046823691576719,0.4890539050102234,-0.02294720895588398,-0.6277572512626648,1.5170292854309082,1.563543438911438,1.4266430139541626,1.5635138750076294,1.48385751247406,1.5168720161205551,0.6971086859703064,0.9998994469642639,0.9998342990875244,0.9998640418052673,0.9998696446418762,0.9999582767486572,0.0034439973533153534,0.0019028319511562586,0.0003519854508340359,0.00192879734095186,0.808768630027771,0.2664248049259186,-0.4137059152126312,2.5574963092803955,1.8065521717071533,3.019374370574951,2.8108181953430176,3.527454137802124,3.0419728755950928,2.4070401191711426,1.8450357913970947,9.80643081665039,1.6372545957565308,3.2459428310394287,3.3036258220672607,1.0772193670272827,0.7648414373397827,1.6584360599517822,1.708206295967102,2.065908908843994,2.0816493034362793,1.4969947338104248,1.718794345855713,4.10575008392334,2.1531503200531006,1.883095145225525,1.9755909442901611
231,2.6935081481933594,1.9640042781829834,2.458801031112671,2.856694221496582,2.547328472137451,2.6932749749451985,0.4562176764011383,0.9998777508735657,0.9994081258773804,0.9997537732124329,0.9998942017555237,0.999907374382019,0.0012382165296003222,0.0005896392976865172,0.00012687352136708796,0.000760951021220535,0.5840697288513184,0.01621049828827381,-0.643033504486084,1.3713027238845825,1.488122820854187,1.2551467418670654,1.419880986213684,1.338517427444458,1.3711190982616166,0.5708795785903931,0.999902069568634,1.0,0.999901294708252,0.9998753070831299,0.9999419450759888,0.0036228240933269262,0.0016876967856660485,0.00038916963967494667,0.003198714694008231,0.803760290145874,0.32313889265060425,-0.3740834593772888,3.0292181968688965,2.6596248149871826,2.146420955657959,2.9846150875091553,4.52763032913208,2.3579301834106445,2.2652719020843506,2.735295534133911,8.772848129272461,2.1665830612182617,3.364543914794922,3.130283832550049,1.2139052152633667,0.8619691729545593,1.5769802331924438,1.7394739389419556,2.1999008655548096,1.964599370956421,1.52034592628479,1.7921569347381592,4.297120094299316,2.0620100498199463,1.9228461980819702,1.9813551902770996
232,2.3014345169067383,1.8428305387496948,2.0684237480163574,2.4527251720428467,2.1707258224487305,2.3013452102758967,0.4637420177459717,0.9999268651008606,0.9998742341995239,0.9998236298561096,0.9999281764030457,0.9999646544456482,0.001402773312292993,0.0007240492268465459,0.0001447473041480407,0.0008639714797027409,0.6461350321769714,0.061566244810819626,-0.6550272107124329,1.3622570037841797,1.5174247026443481,1.2712159156799316,1.4316846132278442,1.2966241836547852,1.3620785750233728,0.655695915222168,0.9998846054077148,0.9993810057640076,0.9997956156730652,0.9998760223388672,0.999937117099762,0.004091881215572357,0.002301956759765744,0.00041231355862692,0.0025621720124036074,0.8357137441635132,0.369675874710083,-0.3559912443161011,2.152148723602295,2.123081684112549,2.927748680114746,4.095798015594482,2.75370454788208,3.362907886505127,2.159308671951294,3.674689531326294,10.496091842651367,2.5199320316314697,3.6265411376953125,3.4958314895629883,1.2310388088226318,0.918463945388794,1.6262584924697876,1.9061843156814575,2.222790479660034,1.8679794073104858,1.5295828580856323,1.8785881996154785,4.4770941734313965,2.0352940559387207,1.9693275690078735,1.990956425666809
233,2.1996445655822754,1.850786566734314,1.9407768249511719,2.346452236175537,2.085211753845215,2.1995736376777604,0.4850161373615265,0.9999416470527649,0.9997475147247314,0.9997743368148804,0.999950110912323,0.9999970197677612,0.0014579023700207472,0.0008184094331227243,0.0001487752451794222,0.0007613968919031322,0.6095584630966187,0.07547874003648758,-0.5870261192321777,1.7100082635879517,1.6300256252288818,1.4392801523208618,1.765632152557373,1.7489022016525269,1.7093921919431103,0.7510445713996887,0.9998763799667358,0.9993499517440796,0.9998297095298767,0.9998412132263184,0.9999674558639526,0.0035024576354771852,0.0020525658037513494,0.0003473612596280873,0.0020496707875281572,0.6969125270843506,0.23698490858078003,-0.28541168570518494,2.3985471725463867,1.5985862016677856,2.4859824180603027,3.861830234527588,1.6910711526870728,2.303093194961548,1.919407606124878,2.216989040374756,10.187127113342285,3.635887384414673,3.2298524379730225,3.4868805408477783,1.2577571868896484,0.9327619671821594,1.6809152364730835,2.0362563133239746,2.0241498947143555,1.838637351989746,1.4523013830184937,1.7445532083511353,4.643362045288086,2.1556131839752197,1.9766308069229126,1.9998875856399536
234,2.069883346557617,1.8926472663879395,1.8612358570098877,2.2064106464385986,1.9520927667617798,2.0698583802130157,0.5123210549354553,0.9999394416809082,0.9999909400939941,0.9997879862785339,0.9999415278434753,0.9999944567680359,0.0015541162574663758,0.000913769006729126,0.00015622876526322216,0.0008032852783799171,0.5958007574081421,0.09617462754249573,-0.5684500932693481,1.4551395177841187,1.7450478076934814,1.4675836563110352,1.4972678422927856,1.3769861459732056,1.454993562712281,0.5698634386062622,0.9998791217803955,0.999997079372406,0.999669075012207,0.9998925924301147,0.99994295835495,0.0027241625357419252,0.0018596419831737876,0.0003440905420575291,0.002517523942515254,0.7517077326774597,0.27845585346221924,-0.38427823781967163,1.8248060941696167,2.1927006244659424,2.574498176574707,2.483562469482422,1.3024288415908813,2.8794374465942383,2.139613389968872,1.8925495147705078,7.178963661193848,4.700735092163086,2.9169294834136963,2.766930341720581,1.1809751987457275,0.964596152305603,1.620266079902649,2.0182981491088867,1.8548439741134644,1.8320143222808838,1.461394190788269,1.6492791175842285,4.777181148529053,2.2921371459960938,1.9650986194610596,1.9881205558776855
235,2.0909039974212646,1.9432036876678467,1.8984694480895996,2.22110915184021,1.9731370210647583,2.090819021798479,0.52342689037323,0.9999324679374695,0.999617338180542,0.9998293519020081,0.9999174475669861,0.9999943375587463,0.001507932087406516,0.0009175984305329621,0.0001579988602316007,0.0009659395436756313,0.5889987945556641,0.09189928323030472,-0.5488042831420898,1.63088059425354,1.2748100757598877,1.3749427795410156,1.6317105293273926,1.768916368484497,1.6299402974035486,0.39853864908218384,0.9998363256454468,0.9990086555480957,0.9998270273208618,0.9998341798782349,0.9998663067817688,0.0023235802073031664,0.001295571681112051,0.0002830355369951576,0.0022576155606657267,0.7614990472793579,0.2132815569639206,-0.18560409545898438,2.111773729324341,1.9495993852615356,2.6302456855773926,2.5562314987182617,2.389374256134033,3.2006301879882812,1.2390562295913696,1.9206072092056274,5.058653354644775,4.1852312088012695,2.7241404056549072,2.499971628189087,1.1345866918563843,0.9629111886024475,1.6621272563934326,2.053335428237915,1.7452034950256348,1.8994932174682617,1.3705991506576538,1.5511785745620728,4.78010368347168,2.4117679595947266,1.9571306705474854,1.9928350448608398
236,2.224047899246216,1.9604079723358154,2.0408761501312256,2.340224266052246,2.1186952590942383,2.2239595467367756,0.525070071220398,0.9999322295188904,0.9998968839645386,0.9997984170913696,0.9999228119850159,0.9999950528144836,0.001393533544614911,0.0008498085662722588,0.00014887323777657002,0.0011157129192724824,0.5071112513542175,0.06575117260217667,-0.5613149404525757,1.761928915977478,1.2939586639404297,1.4078280925750732,1.7635785341262817,1.9907026290893555,1.7615278787150137,0.5409432649612427,0.9997969269752502,0.999625027179718,0.9998366236686707,0.9998229742050171,0.9997057318687439,0.0028584771789610386,0.001451763673685491,0.00027092217351309955,0.0018242904916405678,0.6054642200469971,0.1961527317762375,-0.30768147110939026,1.5100276470184326,1.8902978897094727,2.9569108486175537,2.0786330699920654,1.4968379735946655,3.9567296504974365,1.8457961082458496,1.4780479669570923,3.306859016418457,6.291184902191162,2.6811325550079346,2.651047706604004,1.0582828521728516,0.9717419743537903,1.7052980661392212,1.9713834524154663,1.5494111776351929,2.02272367477417,1.261767864227295,1.3729438781738281,4.572264194488525,2.503977060317993,1.8989794254302979,1.9561933279037476
237,2.376438856124878,1.9586141109466553,2.1722488403320312,2.487090826034546,2.284961700439453,2.376333608080152,0.5273374915122986,0.9999222755432129,0.9992953538894653,0.9998370409011841,0.9999027848243713,0.999990701675415,0.0012961963657289743,0.0007850336842238903,0.0001424681831849739,0.0011009190930053592,0.4816468060016632,0.04140715301036835,-0.4946720004081726,2.3535714149475098,1.6786777973175049,2.0763211250305176,2.3321280479431152,2.55352520942688,2.3527789427322188,0.41463133692741394,0.9998168349266052,0.9997244477272034,0.9997724890708923,0.9997825026512146,0.9999285340309143,0.0017443102551624179,0.000764938595239073,0.00020384357776492834,0.0014695675345137715,0.5521438717842102,0.04063136875629425,-0.4318575859069824,1.603730320930481,0.9814209342002869,2.265010118484497,2.1018645763397217,2.6056602001190186,2.733426332473755,1.206893801689148,1.1983610391616821,3.3528590202331543,3.8110265731811523,2.186025381088257,2.178039789199829,1.0037479400634766,0.8994147777557373,1.7160673141479492,1.937400460243225,1.4890488386154175,2.024465322494507,1.1716734170913696,1.3127200603485107,4.388396263122559,2.602290153503418,1.8545225858688354,1.9324606657028198
238,2.618685007095337,2.0772807598114014,2.4526002407073975,2.7411794662475586,2.494260787963867,2.6187105351936055,0.5052503943443298,0.9999266266822815,0.9999852180480957,0.9998409152030945,0.9999265670776367,0.9999563097953796,0.00124391820281744,0.0006900443695485592,0.00013090998982079327,0.0010001735063269734,0.45121026039123535,0.011589874513447285,-0.505107045173645,4.430927753448486,2.500566005706787,3.893425226211548,4.390926837921143,4.8850178718566895,4.426094842296225,0.4312359094619751,0.9995405077934265,0.9992337226867676,0.9998388886451721,0.999485194683075,0.9995249509811401,0.0016547333216294646,0.00046395539538934827,0.00013502419460564852,0.0009880560683086514,0.24949978291988373,-0.07183569669723511,-0.3937925696372986,1.0311771631240845,1.6017930507659912,2.072294235229492,2.508540153503418,1.220909595489502,2.9419946670532227,1.487496256828308,4.344034194946289,2.571653127670288,3.475886821746826,2.325577974319458,2.470466375350952,0.9620535373687744,0.8890073299407959,1.6667214632034302,1.958596110343933,1.4113011360168457,2.09597110748291,1.1317228078842163,1.5333105325698853,4.185563564300537,2.651015281677246,1.8485263586044312,1.9348012208938599
239,2.7445929050445557,2.1786105632781982,2.6788666248321533,2.8627657890319824,2.5921034812927246,2.7444417590459937,0.5101473331451416,0.9999197125434875,0.9994756579399109,0.9998336434364319,0.9999032616615295,0.9999771118164062,0.0012041942682117224,0.0006200087373144925,0.00012580386828631163,0.0009171212441287935,0.39845943450927734,-0.0034576880279928446,-0.4799840748310089,2.4030096530914307,2.056210517883301,2.3019204139709473,2.3460257053375244,2.591707229614258,2.401620399336147,0.37742865085601807,0.9996861815452576,0.9998546838760376,0.9998196363449097,0.999748706817627,0.9994600415229797,0.0016582089010626078,0.0006981156184338033,0.0001839715987443924,0.001438033301383257,0.41471144556999207,0.04685000330209732,-0.6047602891921997,1.9427179098129272,1.4410890340805054,1.396863579750061,1.3462321758270264,2.18449068069458,2.732424020767212,1.1636648178100586,2.4490294456481934,3.835279703140259,2.849008798599243,2.134080171585083,2.105950117111206,0.9397183656692505,0.8638132214546204,1.5545824766159058,1.871690034866333,1.394360899925232,2.128777503967285,1.086613655090332,1.5783600807189941,4.121753215789795,2.6339194774627686,1.8173588514328003,1.9169089794158936
240,2.7328970432281494,2.2129669189453125,2.7860631942749023,2.8608555793762207,2.534724712371826,2.7328576756256986,0.5073971748352051,0.9999437928199768,0.9995296001434326,0.9998357892036438,0.9999365210533142,0.9999887347221375,0.001220170990563929,0.0005986991454847157,0.0001255553070222959,0.0008146666223183274,0.40047141909599304,0.0025852627586573362,-0.5170749425888062,1.728206992149353,1.621374249458313,1.795982003211975,1.7510403394699097,1.6697814464569092,1.7278119847536246,0.47143539786338806,0.9998663663864136,0.9999614357948303,0.9998269081115723,0.9998219609260559,0.9999516010284424,0.001705228234641254,0.000977476709522307,0.00025523194926790893,0.0014668181538581848,0.6296621561050415,0.14255666732788086,-0.5319412350654602,1.989627718925476,1.546004056930542,2.426208019256592,1.6097439527511597,3.2176127433776855,3.2793750762939453,1.50893235206604,2.893094778060913,5.578183174133301,1.5517436265945435,2.5600526332855225,2.4497296810150146,0.9595066905021667,0.8796520829200745,1.576569676399231,1.784534215927124,1.5382579565048218,2.193009853363037,1.0868327617645264,1.6350784301757812,4.219925403594971,2.490779161453247,1.8364146947860718,1.9338849782943726
241,2.8057644367218018,2.390097141265869,2.8518362045288086,2.9431426525115967,2.59747576713562,2.805734344280309,0.5040971636772156,0.999923586845398,0.9999791383743286,0.999651312828064,0.9999397397041321,0.999977171421051,0.0011667207581922412,0.0005788985872641206,0.00012870058708358556,0.000733881548512727,0.3801420032978058,-0.007607793901115656,-0.5637911558151245,1.9649752378463745,1.2002168893814087,1.4713671207427979,1.9782052040100098,2.297792673110962,1.9639155987876267,0.3817295730113983,0.9998239874839783,0.999875545501709,0.99989914894104,0.999799907207489,0.9998167753219604,0.003102025715634227,0.001205694512464106,0.00026174617232754827,0.0015979347517713904,0.5919895172119141,0.13903102278709412,-0.4221307337284088,1.6966071128845215,2.25315523147583,1.741881012916565,1.628049612045288,3.974318742752075,3.069659471511841,2.886216163635254,2.8980979919433594,5.22660493850708,2.6026670932769775,2.7977259159088135,2.668900966644287,0.9015470743179321,0.9509657621383667,1.4648253917694092,1.6685981750488281,1.7132046222686768,2.2350125312805176,1.217223048210144,1.7100963592529297,4.292010307312012,2.4328901767730713,1.8586374521255493,1.9606311321258545
242,2.6302545070648193,2.2057015895843506,2.650684118270874,2.753929376602173,2.450188398361206,2.630135247702117,0.5200074315071106,0.9999144077301025,0.9992994070053101,0.9997830986976624,0.9998881220817566,0.999993622303009,0.001256219926290214,0.0005937071400694549,0.0001362093462375924,0.0009008925408124924,0.3935689926147461,0.009716704487800598,-0.5613109469413757,1.5743377208709717,1.2491241693496704,1.4954922199249268,1.5843942165374756,1.5914252996444702,1.5738662126144545,0.4327036440372467,0.9996972680091858,0.999982476234436,0.9998902082443237,0.999864399433136,0.9993237853050232,0.0026069581508636475,0.0011650415835902095,0.0002997071132995188,0.0017111458582803607,0.6856547594070435,0.23667530715465546,-0.4846583604812622,2.4303250312805176,1.3092132806777954,2.7855238914489746,2.2358639240264893,3.3249893188476562,2.811736583709717,1.791732668876648,3.222712516784668,6.17489767074585,2.6799163818359375,2.8766913414001465,2.6458215713500977,0.9036062359809875,0.9361236095428467,1.5527257919311523,1.4857035875320435,1.8443001508712769,2.1863934993743896,1.2259434461593628,1.8079599142074585,4.4595866203308105,2.371947765350342,1.8774292469024658,1.9779648780822754
243,2.4713597297668457,2.1152892112731934,2.4797897338867188,2.5914957523345947,2.300772190093994,2.4713193886919522,0.5345394611358643,0.9999470114707947,0.9996051788330078,0.999843418598175,0.999937117099762,0.9999936819076538,0.001294942107051611,0.0006175059243105352,0.0001393999409629032,0.000966527673881501,0.44266200065612793,0.03160949796438217,-0.5933509469032288,1.7793478965759277,2.0113704204559326,1.8002233505249023,1.8733487129211426,1.6286629438400269,1.778967124423726,0.5594916343688965,0.999906599521637,0.9999325275421143,0.9998897910118103,0.999855101108551,0.9999840259552002,0.0017663659527897835,0.0009350312175229192,0.00022438271844293922,0.001538716140203178,0.6379251480102539,0.1838413029909134,-0.5147284269332886,2.417095184326172,1.4189625978469849,1.2837527990341187,2.447822332382202,2.283841371536255,1.9524208307266235,1.9114223718643188,2.0945842266082764,6.2821455001831055,1.9238896369934082,2.4015939235687256,2.399021625518799,0.9849409461021423,0.9368965029716492,1.4499547481536865,1.5412644147872925,1.8121907711029053,2.066347599029541,1.260088324546814,1.7959238290786743,4.610108375549316,2.287623167037964,1.8745338916778564,1.9703459739685059
244,2.317915916442871,2.0603275299072266,2.3246655464172363,2.4297916889190674,2.158504009246826,2.317796359822351,0.538990318775177,0.99992436170578,0.9998204708099365,0.9997031688690186,0.9999199509620667,0.9999956488609314,0.001373642822727561,0.0006587111856788397,0.00014510257460642606,0.0009563351050019264,0.48528337478637695,0.056311994791030884,-0.635238528251648,1.6273859739303589,1.8527113199234009,1.650235652923584,1.6887813806533813,1.5174176692962646,1.627133791631724,0.5009057521820068,0.9998892545700073,0.9997328519821167,0.9998742341995239,0.9998311400413513,0.9999853372573853,0.0024619014002382755,0.0011126602767035365,0.0002803127281367779,0.0012706496054306626,0.6397799253463745,0.23386260867118835,-0.6652594804763794,1.6767752170562744,1.0106266736984253,2.051745891571045,2.5639538764953613,4.858999729156494,2.3876595497131348,2.13079571723938,2.0372438430786133,5.561521053314209,2.555669069290161,2.6834990978240967,2.5571377277374268,1.0092101097106934,0.9140665531158447,1.4084607362747192,1.5569632053375244,1.9701534509658813,2.0485522747039795,1.317971110343933,1.7401244640350342,4.6843767166137695,2.2883613109588623,1.8938239812850952,1.975400447845459
245,2.397730588912964,2.120713949203491,2.3417718410491943,2.522066354751587,2.239799976348877,2.3976588989559513,0.5301101803779602,0.9999411106109619,0.9998612403869629,0.9998177886009216,0.9999313950538635,0.9999933838844299,0.0013924631057307124,0.0006558200693689287,0.00014029775047674775,0.0009136769222095609,0.4370460510253906,0.04926007613539696,-0.6487036943435669,2.6591970920562744,2.8650739192962646,2.381316900253296,2.744256019592285,2.6254637241363525,2.6581159304043713,0.4318840801715851,0.9997678399085999,0.9997543096542358,0.9997643828392029,0.999757707118988,0.9997873902320862,0.0017462697578594089,0.0008788644336163998,0.00020251503156032413,0.0013801299501210451,0.5694923400878906,0.03290275111794472,-0.7181669473648071,1.89797043800354,1.1789276599884033,2.951145887374878,3.5113186836242676,3.6408262252807617,1.390772819519043,1.7959016561508179,2.6038098335266113,5.276031494140625,2.9540536403656006,2.720075845718384,2.7733025550842285,1.0388485193252563,0.8947401642799377,1.510939598083496,1.7051600217819214,2.112654447555542,1.9614940881729126,1.2885271310806274,1.779001235961914,4.720232963562012,2.308318614959717,1.9319915771484375,2.018179178237915
246,2.6390316486358643,2.260065793991089,2.5730574131011963,2.7955853939056396,2.440459966659546,2.638920719235037,0.4990220069885254,0.9999297261238098,0.9996168613433838,0.9998435974121094,0.9999102354049683,0.999985933303833,0.0012591269332915545,0.0006028275238350034,0.00012698443606495857,0.0007858802564442158,0.42187002301216125,0.02074975147843361,-0.6334866285324097,4.146465301513672,2.399327039718628,3.5006799697875977,4.18359899520874,4.5439772605896,4.14172046932694,0.3859874904155731,0.999656081199646,0.99996417760849,0.9998769164085388,0.9996095299720764,0.9996024370193481,0.0014960280386731029,0.0005186718772165477,0.00013233287609182298,0.0009446319309063256,0.4468092918395996,-0.06282544136047363,-0.6768962144851685,2.5983035564422607,1.298179268836975,1.1065119504928589,3.925135612487793,1.493812084197998,2.184459924697876,1.8225514888763428,2.5745527744293213,1.6542121171951294,3.1209566593170166,2.1778676509857178,2.2694084644317627,1.0087695121765137,0.8471284508705139,1.4399621486663818,1.8681367635726929,1.9743841886520386,1.9049721956253052,1.305342435836792,1.8068273067474365,4.391578674316406,2.362020492553711,1.8909122943878174,1.9761606454849243
247,3.270301580429077,2.5156452655792236,3.11277174949646,3.480494499206543,3.030702590942383,3.2700753075335065,0.4752223491668701,0.9999061822891235,0.9999726414680481,0.9997093081474304,0.9999042749404907,0.9999727010726929,0.0011149210622534156,0.000513876264449209,0.00010432636918267235,0.0005972390645183623,0.3062983751296997,-0.02611738070845604,-0.6692524552345276,2.1331613063812256,2.046985626220703,2.283912181854248,2.1847188472747803,1.9841911792755127,2.13237396434983,0.39970454573631287,0.9998425245285034,0.9993733763694763,0.9998593926429749,0.9997749328613281,0.9999611377716064,0.0018820433178916574,0.0007644043653272092,0.00022728990006726235,0.0013983374228700995,0.6412033438682556,0.04750042036175728,-0.39128679037094116,1.8024870157241821,1.0663375854492188,2.2648110389709473,3.4049932956695557,1.7244189977645874,2.707773447036743,2.8945274353027344,1.931522250175476,1.871862769126892,4.632997989654541,2.43017315864563,2.3696510791778564,1.0511332750320435,0.7758045792579651,1.329163908958435,1.8895580768585205,1.8652310371398926,1.9337992668151855,1.3396527767181396,1.7491427659988403,4.087190628051758,2.4418411254882812,1.8462517261505127,1.9547770023345947
248,3.4307000637054443,2.431619882583618,3.080152988433838,3.648608922958374,3.2534499168395996,3.4305377014159175,0.49271708726882935,0.9999260306358337,0.9989592432975769,0.9998252987861633,0.999920129776001,0.9999896883964539,0.0011588018387556076,0.0005333717563189566,9.866126492852345e-05,0.0005848027649335563,0.25952833890914917,-0.03248155489563942,-0.6759517192840576,2.0210671424865723,1.2456661462783813,1.3791377544403076,2.061885118484497,2.53602933883667,2.0190676221330466,0.4991148114204407,0.9997800588607788,0.9995712041854858,0.9998337030410767,0.9997510313987732,0.9998111724853516,0.0021683876402676105,0.001174909994006157,0.0001934837782755494,0.0013936454197391868,0.530291736125946,0.12296854704618454,-0.3781115412712097,1.0140942335128784,1.4957973957061768,1.992935061454773,2.3820409774780273,1.507667064666748,1.385589361190796,2.0022683143615723,0.8967050313949585,3.883427858352661,3.930682897567749,2.0491206645965576,2.052657127380371,0.9766845703125,0.6853078603744507,1.3492745161056519,1.910875916481018,1.6732678413391113,1.7608895301818848,1.3359953165054321,1.610437035560608,3.9839816093444824,2.5337915420532227,1.7820507287979126,1.9072507619857788
249,3.194727659225464,2.2369964122772217,2.7546069622039795,3.3926806449890137,3.0856194496154785,3.1945428547661296,0.5080714821815491,0.9999203681945801,0.9999614357948303,0.9998384118080139,0.9999068379402161,0.9999744892120361,0.001209791051223874,0.0006065504858270288,0.00010663691500667483,0.0006583094364032149,0.3009830415248871,-0.023792535066604614,-0.664750337600708,1.860739827156067,1.2750308513641357,1.4246376752853394,1.9490042924880981,1.9938299655914307,1.8602247829875291,0.4055007994174957,0.9998267889022827,0.9999935626983643,0.9998659491539001,0.9998003244400024,0.9998457431793213,0.0027616939041763544,0.0014020901871845126,0.00023509115271735936,0.0016228522872552276,0.7163048982620239,0.13784441351890564,-0.45838263630867004,1.2162762880325317,1.7660460472106934,1.8028755187988281,3.090045690536499,1.604866623878479,2.159039258956909,2.288468837738037,2.070645570755005,4.582096576690674,3.579871416091919,2.4160232543945312,2.2964746952056885,0.9443119168281555,0.6893959641456604,1.32220458984375,1.983734130859375,1.5919842720031738,1.7271876335144043,1.2615364789962769,1.604569435119629,4.010362148284912,2.595015048980713,1.773030161857605,1.8979425430297852
250,2.6082844734191895,1.9865003824234009,2.2219207286834717,2.7672131061553955,2.5362532138824463,2.6081505191724212,0.5438944697380066,0.9999255537986755,0.9998812675476074,0.9997712969779968,0.9999287724494934,0.9999910593032837,0.0013070356799289584,0.0007454890292137861,0.00012545500067062676,0.0007910178974270821,0.45280393958091736,0.023391634225845337,-0.6459437608718872,1.2539808750152588,1.279991626739502,1.1561611890792847,1.2862392663955688,1.249166488647461,1.2538779775038393,0.7307704091072083,0.9999134540557861,0.9996401071548462,0.9999231100082397,0.9998709559440613,0.9999775886535645,0.003735734848305583,0.0022141889203339815,0.00038123424747027457,0.0025510224513709545,0.786827802658081,0.4588207006454468,0.023598812520503998,2.4111032485961914,1.8325903415679932,2.374178409576416,2.6757688522338867,1.229392647743225,2.7268435955047607,2.146425485610962,2.1685688495635986,9.368471145629883,2.8618431091308594,2.9795186519622803,2.8852157592773438,0.9674839377403259,0.6537820100784302,1.3520640134811401,1.9765387773513794,1.4647389650344849,1.714293122291565,1.2315789461135864,1.4868839979171753,4.213359832763672,2.5907342433929443,1.7651458978652954,1.8761742115020752
251,2.3447866439819336,1.8403236865997314,1.962814211845398,2.4925925731658936,2.2910873889923096,2.3446170787177993,0.5514776110649109,0.9999033212661743,0.9996395707130432,0.9998549818992615,0.9999415278434753,0.9998732209205627,0.001413748599588871,0.0008445275016129017,0.00013880306505598128,0.0008306794916279614,0.514560341835022,0.05585917457938194,-0.5765734910964966,1.6343039274215698,1.568494200706482,1.4111700057983398,1.6978384256362915,1.6445465087890625,1.6341341270528322,0.8135120272636414,0.9998888969421387,0.9997555017471313,0.9998696446418762,0.9998427033424377,0.9999730587005615,0.0034537524916231632,0.0021781756076961756,0.0003625306417234242,0.0017418127972632647,0.7296445369720459,0.2618566155433655,-0.3078460097312927,1.8696125745773315,1.375935435295105,4.185941696166992,2.5186920166015625,1.8071893453598022,1.6330584287643433,2.7974796295166016,1.492669701576233,10.398134231567383,3.4702134132385254,3.154892683029175,3.4691081047058105,1.0136497020721436,0.6763125658035278,1.6108804941177368,1.9923081398010254,1.4353885650634766,1.5783798694610596,1.3336989879608154,1.428806185722351,4.408238410949707,2.611307144165039,1.8088970184326172,1.900144100189209
252,2.090378761291504,1.7178282737731934,1.758980393409729,2.2271273136138916,2.0329837799072266,2.0902914571085973,0.5558015704154968,0.9999346733093262,0.9997187256813049,0.999829888343811,0.9999270439147949,0.9999985098838806,0.0015703237149864435,0.0009445505565963686,0.0001515733456471935,0.0008696680888533592,0.6410624384880066,0.10288940370082855,-0.5547517538070679,1.442734956741333,1.6666868925094604,1.3736406564712524,1.4994601011276245,1.3865618705749512,1.4426211668250706,0.8079707026481628,0.9999070167541504,0.9997244477272034,0.9998525381088257,0.9998937845230103,0.9999539256095886,0.003660584567114711,0.0022092328872531652,0.00037522404454648495,0.001698418753221631,0.8891286849975586,0.34596049785614014,-0.40467676520347595,1.9695481061935425,2.131711006164551,3.853994607925415,2.844856023788452,1.7976250648498535,1.4138967990875244,2.9269204139709473,1.7860734462738037,10.512934684753418,2.261927604675293,3.149948835372925,3.3282995223999023,1.0280112028121948,0.7381569147109985,1.7714685201644897,2.01790189743042,1.42644464969635,1.5349665880203247,1.425637125968933,1.391491174697876,4.57560920715332,2.519470453262329,1.8429157733917236,1.9020062685012817
253,1.99091374874115,1.699410319328308,1.6973992586135864,2.1155664920806885,1.9315627813339233,1.9908247351950694,0.5563693046569824,0.9999248385429382,0.9999663233757019,0.9998174905776978,0.9999383091926575,0.9999533891677856,0.001602926175110042,0.0009782415581867099,0.00016005519137252122,0.0008696774020791054,0.6428411602973938,0.12377116084098816,-0.5503150224685669,1.5003767013549805,1.6110706329345703,1.3916302919387817,1.5617334842681885,1.448763370513916,1.5000135267748642,0.4813825786113739,0.9998435974121094,1.0,0.9998413920402527,0.9998160600662231,0.9998847246170044,0.0022695467341691256,0.0013695700326934457,0.0002747187973000109,0.0013045406667515635,0.7847295999526978,0.19906684756278992,-0.43511688709259033,2.4252796173095703,1.5631556510925293,2.6037044525146484,1.6972452402114868,2.3455424308776855,1.58549964427948,2.062762498855591,2.763957977294922,6.040543079376221,2.4911158084869385,2.5578806400299072,2.3622236251831055,1.1395407915115356,0.7444432377815247,1.7647485733032227,1.933878779411316,1.480207085609436,1.5053555965423584,1.4518465995788574,1.4634841680526733,4.690970420837402,2.4970314502716064,1.8671506643295288,1.909360408782959
254,1.995940089225769,1.7278072834014893,1.7520757913589478,2.122446298599243,1.910418152809143,1.9958591905619865,0.5500617623329163,0.9999310374259949,0.9999145269393921,0.999836802482605,0.99991375207901,0.9999949932098389,0.0016342770541086793,0.000925013271626085,0.00016050651902332902,0.0008806466357782483,0.6692526340484619,0.1183057352900505,-0.5229840874671936,1.5672669410705566,1.198855996131897,1.4330190420150757,1.6220715045928955,1.5411922931671143,1.567124702617661,0.38687917590141296,0.9998799562454224,0.9998315572738647,0.9998416900634766,0.9998419880867004,0.9999749660491943,0.0021693941671401262,0.0010030806297436357,0.00023922657419461757,0.0011106900637969375,0.7467437982559204,0.21383315324783325,-0.21911196410655975,1.3721637725830078,1.6328544616699219,2.2414417266845703,1.353890061378479,2.5376458168029785,2.102463960647583,2.858698844909668,1.7982375621795654,4.520975589752197,2.881103992462158,2.3299477100372314,2.106053590774536,1.0988900661468506,0.7692859768867493,1.7525243759155273,1.7303835153579712,1.505104422569275,1.5009775161743164,1.5649995803833008,1.456588864326477,4.6275835037231445,2.4390676021575928,1.8445405960083008,1.8821603059768677
255,2.1785764694213867,1.8827366828918457,1.9456065893173218,2.3200759887695312,2.0643253326416016,2.1785025378183964,0.518993616104126,0.9999319314956665,0.999805212020874,0.9998191595077515,0.9999236464500427,0.9999906420707703,0.0015134800923988223,0.0008315479499287903,0.00014722696505486965,0.0008144061430357397,0.6797513961791992,0.08410818129777908,-0.5796321034431458,4.459067344665527,3.51194167137146,4.834136486053467,4.491006851196289,4.273593425750732,4.452179455140255,0.3842059075832367,0.9995883703231812,0.9999759197235107,0.9997979998588562,0.9994441866874695,0.9997990727424622,0.0013025631196796894,0.00042996564297936857,0.00013557002239394933,0.0009269433212466538,0.33588483929634094,-0.058055851608514786,-0.6434817314147949,1.1484225988388062,1.1919386386871338,2.9484307765960693,1.5567231178283691,3.744901657104492,3.2801778316497803,1.5896817445755005,2.7289860248565674,2.506653308868408,1.8398982286453247,2.2535815238952637,2.355677604675293,0.9717026352882385,0.7378712296485901,1.8198972940444946,1.6526296138763428,1.6817543506622314,1.64189612865448,1.498820424079895,1.5226013660430908,4.375853061676025,2.351433277130127,1.8254460096359253,1.869145154953003
256,2.395660877227783,2.030402183532715,2.194567918777466,2.545661211013794,2.254251480102539,2.3955881965163055,0.5177890062332153,0.9999452829360962,0.9999491572380066,0.999840497970581,0.9999472498893738,0.9999819397926331,0.0013515299651771784,0.0007251205970533192,0.00013618291995953768,0.0007060772040858865,0.6415194272994995,0.05075477436184883,-0.596015989780426,3.2279789447784424,2.184110403060913,2.690234422683716,3.205195188522339,3.628035306930542,3.225325526582724,0.28865769505500793,0.9996542930603027,0.9998164176940918,0.9998520016670227,0.9995508790016174,0.9997720718383789,0.0014933283673599362,0.0005995758692733943,0.0001622513955226168,0.0009976428700610995,0.5284382104873657,0.01869955100119114,-0.47327589988708496,1.4476133584976196,1.6096233129501343,2.517047882080078,2.154357671737671,1.778233289718628,2.0693767070770264,1.0558526515960693,2.255753993988037,3.211658477783203,2.6418116092681885,2.0741329193115234,2.0621304512023926,0.9274176955223083,0.6910368204116821,1.8033740520477295,1.6462987661361694,1.6301579475402832,1.6381967067718506,1.3869808912277222,1.5136045217514038,4.227382183074951,2.3153109550476074,1.7779760360717773,1.8476728200912476
257,2.952108860015869,2.2447874546051025,2.7916951179504395,3.1183855533599854,2.7705044746398926,2.9520121869182514,0.4923388361930847,0.9999356269836426,0.9997498393058777,0.9998434782028198,0.9999262690544128,0.9999839067459106,0.0011418835492804646,0.0005572946975007653,0.00011044085113098845,0.0005638700677081943,0.5753431916236877,-0.0015657981857657433,-0.6451549530029297,1.8308478593826294,1.646040439605713,1.4808595180511475,1.9856189489364624,1.7496193647384644,1.8303642810140444,0.35046514868736267,0.9998533129692078,0.9993623495101929,0.9998835921287537,0.9997677803039551,0.9999815225601196,0.001790453097783029,0.0011898316442966461,0.00022657708905171603,0.0015191890997812152,0.6886878609657288,0.13663245737552643,-0.4787750244140625,1.4854910373687744,1.6964836120605469,2.9674360752105713,1.5989367961883545,2.78839373588562,3.4791767597198486,1.165388822555542,2.2943456172943115,1.4565702676773071,2.9411885738372803,2.1873412132263184,2.034137725830078,0.8279150128364563,0.6789432168006897,1.7637079954147339,1.5793977975845337,1.691711187362671,1.7622145414352417,1.2647550106048584,1.5216293334960938,3.907634973526001,2.2189996242523193,1.7216907739639282,1.8175971508026123
258,3.1604249477386475,2.311389446258545,3.2108333110809326,3.308680534362793,2.933861017227173,3.160252655257247,0.47595757246017456,0.9999101758003235,0.9978009462356567,0.9997381567955017,0.9999393224716187,0.9999544024467468,0.0010808438528329134,0.0004685170133598149,0.00010360536543885246,0.0005823427927680314,0.6063909530639648,-0.013560796156525612,-0.6280179023742676,1.9001442193984985,1.8414355516433716,1.6998449563980103,1.943859577178955,1.92072594165802,1.8979533998737141,0.283214807510376,0.9997740387916565,0.9996217489242554,0.9998003244400024,0.9997653961181641,0.9997798800468445,0.001784798689186573,0.0008732112473808229,0.0002056373778032139,0.001815766911022365,0.6769114136695862,0.14700843393802643,-0.2735227644443512,1.3064568042755127,1.8988581895828247,1.411429762840271,1.4956872463226318,2.6165952682495117,3.075009346008301,1.3829386234283447,2.0260813236236572,1.9812116622924805,2.2181432247161865,1.9412411451339722,1.7854348421096802,0.7795782685279846,0.7342640161514282,1.630739688873291,1.4546937942504883,1.7573275566101074,1.8633251190185547,1.1161293983459473,1.5498284101486206,3.672314405441284,2.158785581588745,1.671698808670044,1.7651376724243164
259,4.003108501434326,2.4778573513031006,4.280318737030029,4.150652885437012,3.720341444015503,4.002936634114086,0.4600203335285187,0.9999130368232727,0.9986928701400757,0.9997545480728149,0.9999238848686218,0.9999682307243347,0.0009430008358322084,0.00034882777254097164,8.708251698408276e-05,0.0005791375879198313,0.5394158363342285,-0.04251301661133766,-0.6423357129096985,2.2414512634277344,1.8487344980239868,1.6760361194610596,2.48555326461792,2.145051956176758,2.2405438858935955,0.28087031841278076,0.9998310804367065,0.9999706745147705,0.9998709559440613,0.999775767326355,0.9998926520347595,0.0018685685936361551,0.0009273448958992958,0.0001975755876628682,0.001283839694224298,0.6417303085327148,0.07678485661745071,-0.7410081028938293,1.4933756589889526,1.7632702589035034,2.58996844291687,2.7325692176818848,2.165015935897827,3.250328302383423,1.83668851852417,2.3389902114868164,1.7131611108779907,3.596231698989868,2.3479599952697754,2.2272140979766846,0.6835373640060425,0.7555575966835022,1.6478948593139648,1.5152482986450195,1.768743872642517,1.9299378395080566,1.000404953956604,1.53526771068573,3.4130661487579346,2.274529218673706,1.6524187326431274,1.764649510383606
260,3.7137911319732666,2.472860813140869,4.0540771484375,3.835275888442993,3.446739673614502,3.7131945986914237,0.4525778293609619,0.999804675579071,0.9999819993972778,0.9997457265853882,0.9999028444290161,0.9996709227561951,0.0009409549529664218,0.00035677410778589547,9.54851639107801e-05,0.0006771582993678749,0.6190026998519897,-0.026537694036960602,-0.6235814094543457,2.330808639526367,2.439570188522339,2.5463428497314453,2.372060537338257,2.1795849800109863,2.3297451633271993,0.42817234992980957,0.9998215436935425,0.9998441934585571,0.9998080730438232,0.999783992767334,0.9998945593833923,0.0014168511843308806,0.0007100108196027577,0.0002139511052519083,0.002499965950846672,0.4911944270133972,0.09608965367078781,-0.470595121383667,1.55044686794281,1.3982821702957153,2.975221872329712,1.042676329612732,4.623940944671631,3.0580050945281982,1.6993732452392578,1.987090826034546,3.3008060455322266,2.6316468715667725,2.4267489910125732,2.425990581512451,0.661153256893158,0.7660982608795166,1.720650553703308,1.4292759895324707,1.9355123043060303,2.0034255981445312,1.009232759475708,1.5434688329696655,3.3502440452575684,2.254361391067505,1.6673424243927002,1.7672072649002075
261,3.519902467727661,2.559584140777588,3.995974063873291,3.6110453605651855,3.262204647064209,3.519645551701029,0.4358268082141876,0.9998904466629028,0.9999257326126099,0.9997460246086121,0.9999252557754517,0.9998722076416016,0.0008699392201378942,0.00035288347862660885,0.00010305568866897374,0.0007983882096596062,0.5750420689582825,-0.01493004709482193,-0.6249173283576965,2.354114055633545,3.4672584533691406,2.989046573638916,2.356309652328491,2.1722280979156494,2.353312372692274,0.2948451638221741,0.9998008012771606,0.9999988675117493,0.9998629689216614,0.9997738599777222,0.9998324513435364,0.0009528035297989845,0.0006803460419178009,0.00022264779545366764,0.0018998654559254646,0.704899787902832,0.04836975783109665,-0.5943466424942017,1.762142539024353,1.8470373153686523,2.297940254211426,2.299152135848999,3.540776491165161,2.087416410446167,1.6255284547805786,3.475186824798584,3.5020029544830322,2.040717601776123,2.4477901458740234,2.348836660385132,0.6920348405838013,0.8150945901870728,1.7256525754928589,1.4925428628921509,2.0172557830810547,1.9801748991012573,0.9877327084541321,1.7146962881088257,3.3409430980682373,2.1872963905334473,1.6953424215316772,1.7789586782455444
262,3.0150809288024902,2.4383609294891357,3.385624885559082,3.1000542640686035,2.7903006076812744,3.014973007447759,0.4678747355937958,0.9999369382858276,0.9992575645446777,0.9998226165771484,0.9999223351478577,0.9999949336051941,0.0009301928803324699,0.0004067090922035277,0.00011654281843220815,0.0008605846087448299,0.5906649827957153,0.0036164894700050354,-0.6070058345794678,1.5218795537948608,1.6588969230651855,1.5496686697006226,1.5685583353042603,1.4352657794952393,1.5217209136069176,0.5405678749084473,0.9998652338981628,0.999691903591156,0.9997587203979492,0.9998247623443604,0.9999659657478333,0.0024154894053936005,0.0011549069313332438,0.0002902494743466377,0.0018555099377408624,0.6204922199249268,0.24317915737628937,-0.27552616596221924,1.52839195728302,1.2684718370437622,2.4182746410369873,2.939272165298462,2.77229380607605,2.469939708709717,1.4697085618972778,2.1182444095611572,6.002209186553955,1.4005872011184692,2.438739538192749,2.316849708557129,0.6918960213661194,0.7832376956939697,1.7678529024124146,1.3708813190460205,2.072786808013916,1.9763325452804565,1.0079147815704346,1.7177960872650146,3.583446741104126,1.974267601966858,1.694641351699829,1.7758287191390991
263,2.519728899002075,2.2499377727508545,2.779940366744995,2.599152088165283,2.330247640609741,2.5196580902134635,0.4920352101325989,0.9999394416809082,0.9998195767402649,0.9998313784599304,0.9999355673789978,0.9999732375144958,0.0010957639897242188,0.0004787486686836928,0.0001324583136010915,0.000918363977689296,0.7316383123397827,0.05577296391129494,-0.5968359112739563,1.424607515335083,1.6874200105667114,1.5020990371704102,1.453459620475769,1.3564350605010986,1.424473381444487,0.8267048597335815,0.9999346733093262,0.9995592832565308,0.9999238848686218,0.9999033808708191,0.9999843239784241,0.0028841071762144566,0.0015464425086975098,0.0003697505744639784,0.0022916593588888645,0.8904508352279663,0.38233283162117004,-0.3836328387260437,2.7654001712799072,1.7720556259155273,2.9050729274749756,2.2944297790527344,2.0663037300109863,1.6226646900177002,1.2548257112503052,2.3278162479400635,10.058913230895996,2.2383763790130615,2.9305858612060547,3.1121652126312256,0.8192529082298279,0.777174711227417,1.7319856882095337,1.3661816120147705,2.0444464683532715,1.8788697719573975,0.9494707584381104,1.7549024820327759,3.8368985652923584,1.9431405067443848,1.7102323770523071,1.771625280380249
264,2.2067668437957764,2.150791645050049,2.361133337020874,2.2854394912719727,2.0445287227630615,2.206672782238616,0.5058330297470093,0.9999288320541382,0.9988183379173279,0.9998138546943665,0.9999097585678101,0.9999955296516418,0.0012156080920249224,0.0006052416865713894,0.00014776088937651366,0.0009512354736216366,0.8118359446525574,0.0972975343465805,-0.5761017799377441,1.2629274129867554,1.5290721654891968,1.248855710029602,1.3123618364334106,1.1887400150299072,1.2628060077343939,0.591899037361145,0.9998980760574341,0.9998041987419128,0.9997873902320862,0.9998794794082642,0.9999677538871765,0.0030462758149951696,0.0019086465472355485,0.0003855389659292996,0.002321908250451088,0.8353080749511719,0.42584875226020813,-0.3444117307662964,2.9970924854278564,1.5189977884292603,2.2599830627441406,1.9531110525131226,3.1570327281951904,3.1814634799957275,2.2006258964538574,1.3188358545303345,7.85679292678833,3.3260388374328613,2.9769973754882812,2.712137222290039,0.9637917280197144,0.7975610494613647,1.6917264461517334,1.315933346748352,2.117083787918091,1.8874677419662476,0.9955139756202698,1.634400486946106,4.052335262298584,2.0602118968963623,1.7516025304794312,1.7879339456558228
265,2.1725947856903076,2.0460314750671387,2.2297260761260986,2.258216381072998,2.0285444259643555,2.1725288289598432,0.5407840013504028,0.9999410510063171,0.9999821782112122,0.9997945427894592,0.9999316334724426,0.9999967813491821,0.0013257859973236918,0.0006864306633360684,0.0001463595253881067,0.0008864630945026875,0.7673725485801697,0.094731904566288,-0.5347256064414978,2.014993906021118,1.7747769355773926,1.7650867700576782,2.0796608924865723,2.0396780967712402,2.0141167590665288,0.783923864364624,0.9997277855873108,0.9996889233589172,0.9998089671134949,0.9996711611747742,0.9997804760932922,0.0035060755908489227,0.0017614513635635376,0.0002894206845667213,0.0019024860812351108,0.6215148568153381,0.11251266300678253,-0.4104026257991791,1.5747478008270264,1.377302646636963,3.3363373279571533,3.194322109222412,1.907326102256775,1.2692761421203613,1.6454639434814453,1.9004875421524048,9.069849014282227,2.835636854171753,2.81107497215271,3.199530839920044,0.9859504103660583,0.7929326891899109,1.7633458375930786,1.3920055627822876,1.9734500646591187,1.698571801185608,0.9678195714950562,1.3987494707107544,4.243569374084473,2.0488736629486084,1.7265268564224243,1.7830114364624023
266,2.1394591331481934,1.957198977470398,2.0822184085845947,2.2400591373443604,2.010232448577881,2.1393513826848967,0.5689875483512878,0.999921441078186,0.9994268417358398,0.9997382164001465,0.9999132752418518,0.9999980330467224,0.0013455733424052596,0.0007654154323972762,0.0001461861393181607,0.0008791933069005609,0.7502212524414062,0.09703510999679565,-0.5317509770393372,1.5374811887741089,1.2868638038635254,1.258274793624878,1.5680983066558838,1.6524299383163452,1.537259584732274,0.8025165796279907,0.9998603463172913,1.0,0.9998186826705933,0.9998704195022583,0.9998664259910583,0.0037374726962298155,0.0024972022511065006,0.00038313912227749825,0.00276614329777658,0.7970614433288574,0.3177087903022766,-0.13312290608882904,2.942664623260498,1.2504568099975586,3.3307199478149414,5.089858531951904,1.2626054286956787,1.850731611251831,1.023542046546936,1.3792412281036377,9.58039665222168,3.237203598022461,3.0947422981262207,3.326375961303711,0.9810855388641357,0.76933354139328,1.8769530057907104,1.5933916568756104,1.8625272512435913,1.561684489250183,0.9278857111930847,1.2623456716537476,4.408970355987549,2.1175498962402344,1.7361726760864258,1.8096224069595337
267,2.0291101932525635,1.7837713956832886,1.8790496587753296,2.1338276863098145,1.9291964769363403,2.0290243984012712,0.5710443258285522,0.9999210238456726,0.999579668045044,0.9997689127922058,0.9999220967292786,0.999980092048645,0.0014912127517163754,0.000877218262758106,0.0001585703867021948,0.0010035074083134532,0.7376452684402466,0.10970165580511093,-0.45040151476860046,1.319583535194397,1.2869895696640015,1.156187891960144,1.363243579864502,1.3276995420455933,1.319417961851737,0.46119236946105957,0.9998778700828552,1.0,0.9998540282249451,0.9998554587364197,0.9999316930770874,0.0032783763017505407,0.0022698850370943546,0.0003584639634937048,0.0025733844377100468,0.7833003997802734,0.3356785774230957,-0.03430916741490364,2.549082040786743,2.0257487297058105,2.9301609992980957,4.419504165649414,2.965689182281494,1.4845918416976929,2.590136766433716,1.2597264051437378,6.179931163787842,3.760298252105713,3.016486883163452,2.6475026607513428,1.0617356300354004,0.7939882278442383,1.8997596502304077,1.8031764030456543,1.758035659790039,1.466705560684204,1.0602927207946777,1.1930515766143799,4.553776741027832,2.2487881183624268,1.783931016921997,1.8426824808120728
268,1.9917653799057007,1.7576733827590942,1.8150224685668945,2.0904839038848877,1.9128671884536743,1.9916529715603222,0.5966755151748657,0.9999221563339233,0.9997038841247559,0.9998338222503662,0.9998955130577087,0.9999989867210388,0.00149624387267977,0.0009241470252163708,0.00016517470066901296,0.0011288410751149058,0.6846072673797607,0.11864490807056427,-0.4588838219642639,1.560354232788086,1.7133387327194214,1.4810315370559692,1.5631526708602905,1.5909534692764282,1.5601559208981195,0.4891500174999237,0.9998794794082642,0.9999948740005493,0.9998171329498291,0.999852180480957,0.9999604821205139,0.002047821180894971,0.0016160253435373306,0.00032353331334888935,0.0015364056453108788,0.6667873859405518,0.2523871064186096,-0.21531477570533752,1.84723699092865,1.507087230682373,2.7842836380004883,2.5021045207977295,1.2642619609832764,1.4998055696487427,2.307323694229126,2.938934564590454,5.6035027503967285,4.295892238616943,2.655043363571167,2.488471269607544,0.9917784929275513,0.7344093322753906,1.856925368309021,1.8378006219863892,1.6201289892196655,1.3534334897994995,1.0908440351486206,1.255077838897705,4.641609191894531,2.358616590499878,1.7740623950958252,1.8462377786636353
269,2.113081693649292,1.7762218713760376,1.907497525215149,2.2171099185943604,2.036982536315918,2.113141834819808,0.5827139019966125,0.9999299049377441,0.9990691542625427,0.9997826814651489,0.9999397993087769,0.9999851584434509,0.0013911888236179948,0.0008729365654289722,0.00015919611905701458,0.0010401178151369095,0.669603705406189,0.09131217002868652,-0.4585265517234802,2.405853748321533,1.641750693321228,2.223478317260742,2.400388479232788,2.5119941234588623,2.4038686479244875,0.5158711075782776,0.9997258186340332,0.9999311566352844,0.9995094537734985,0.9997828602790833,0.9996896982192993,0.0022862048353999853,0.0008574023959226906,0.00021072794334031641,0.000992140150628984,0.6432716846466064,0.044714998453855515,-0.6172642111778259,1.8695584535598755,1.3978275060653687,1.749650478363037,3.389267683029175,1.3311407566070557,2.609020709991455,1.6185532808303833,2.0005455017089844,3.5291640758514404,5.744836807250977,2.523956775665283,2.622490406036377,1.0350823402404785,0.7175965905189514,1.7941540479660034,1.9477691650390625,1.4965555667877197,1.4121861457824707,0.9972646236419678,1.2735447883605957,4.47661828994751,2.4767684936523438,1.7627540826797485,1.8441181182861328
270,2.284450054168701,1.8172261714935303,2.0787723064422607,2.393563985824585,2.202148199081421,2.2843801491850657,0.5722058415412903,0.9999309778213501,0.9992029070854187,0.9998310804367065,0.9999250173568726,0.999991774559021,0.0013202662812545896,0.0008106318418867886,0.000145394224091433,0.0009240612271241844,0.6364017724990845,0.05938652902841568,-0.5219963192939758,3.477181911468506,2.0065410137176514,3.5926272869110107,3.4746510982513428,3.4972598552703857,3.474704736429637,0.45910847187042236,0.999738335609436,0.9999999403953552,0.999828040599823,0.9996163249015808,0.9999428987503052,0.0016736391698941588,0.00043924609781242907,0.00012103311019018292,0.0006847481126897037,0.6511878371238708,-0.0351511649787426,-0.6573376655578613,1.2512798309326172,0.6776221990585327,2.1264500617980957,2.073291301727295,1.1231318712234497,2.1531054973602295,1.4076769351959229,1.7701396942138672,2.7273871898651123,3.9547624588012695,1.9264847040176392,2.0372424125671387,1.0024144649505615,0.6759772300720215,1.7750637531280518,1.8440536260604858,1.417724370956421,1.4613659381866455,0.9854027628898621,1.2792322635650635,4.277991771697998,2.5817923545837402,1.7301018238067627,1.8260270357131958
271,2.503977060317993,1.9217369556427002,2.2794787883758545,2.633195638656616,2.399533271789551,2.5038660761612728,0.5479549765586853,0.9999240636825562,0.9999653697013855,0.9997732043266296,0.9999318718910217,0.999972939491272,0.0012255090987309813,0.0007296127150766551,0.00013261997082736343,0.00082775967894122,0.5268340110778809,0.023142525926232338,-0.5953418016433716,4.714303016662598,2.8828067779541016,4.880338668823242,4.5111165046691895,5.234755992889404,4.700232230411916,0.27967002987861633,0.9995376467704773,0.9996210932731628,0.9998487830162048,0.9994871020317078,0.9995396137237549,0.0011463608825579286,0.00038521032547578216,0.00012853523367084563,0.0009641153155826032,0.5259637236595154,-0.04325471445918083,-0.7581881284713745,2.3283157348632812,1.9911150932312012,1.7701749801635742,1.5390057563781738,2.1879963874816895,1.810425877571106,1.302357792854309,1.697657823562622,2.6023471355438232,3.4096670150756836,2.06390643119812,2.0964553356170654,1.022257924079895,0.732488214969635,1.6756924390792847,1.780212640762329,1.4242547750473022,1.4820833206176758,0.9566666483879089,1.2760957479476929,4.0664801597595215,2.631814479827881,1.7048046588897705,1.8053230047225952
272,2.640507698059082,2.166733741760254,2.493696451187134,2.779916763305664,2.4904050827026367,2.6403936991964296,0.5288947224617004,0.9999309778213501,0.9999370574951172,0.9997777342796326,0.9999232292175293,0.9999987483024597,0.0011749903205782175,0.0006659766659140587,0.00012682736269198358,0.0007118702633306384,0.4936605989933014,0.004497296176850796,-0.6378202438354492,2.4973764419555664,3.0546603202819824,2.7105085849761963,2.4654910564422607,2.469170570373535,2.496382713484346,0.449169784784317,0.999790370464325,0.9997016191482544,0.999773383140564,0.9997875690460205,0.9998027086257935,0.0012660016072914004,0.0006814968073740602,0.00020883399702142924,0.0013396162539720535,0.5261194109916687,0.005795398261398077,-0.5660939812660217,1.3651185035705566,2.131333589553833,2.7590301036834717,1.2848327159881592,2.548748016357422,2.195114850997925,1.8352545499801636,2.5610439777374268,4.916049480438232,1.2214189767837524,2.281794548034668,2.3221607208251953,1.0300045013427734,0.8132925033569336,1.6796201467514038,1.686816930770874,1.4762095212936401,1.5331299304962158,1.0066306591033936,1.365491509437561,4.105229377746582,2.389491558074951,1.7085916996002197,1.8075634241104126
273,2.6487417221069336,2.1942923069000244,2.4777119159698486,2.8109960556030273,2.477742910385132,2.6485458962584363,0.5261209607124329,0.9999041557312012,0.9999774098396301,0.9996904730796814,0.9998912811279297,0.9999983310699463,0.00123561208602041,0.0006587290554307401,0.00012588522804435343,0.0006439697463065386,0.4396681487560272,0.0034604165703058243,-0.6378193497657776,1.821314811706543,1.3682212829589844,1.447826623916626,1.8935972452163696,1.9008291959762573,1.8208721259032936,0.44820472598075867,0.9998393058776855,0.9999284148216248,0.9999155402183533,0.9997988939285278,0.999867856502533,0.0024186766240745783,0.000993017922155559,0.00023835185857024044,0.001758699188940227,0.5752558708190918,0.14535954594612122,-0.23479142785072327,2.0742502212524414,0.9257202744483948,2.3709042072296143,1.1631444692611694,2.7800323963165283,2.7902438640594482,1.787155032157898,1.9289815425872803,4.772111415863037,2.0281734466552734,2.2620716094970703,2.1729116439819336,1.0400432348251343,0.8077714443206787,1.7041481733322144,1.5739681720733643,1.5786534547805786,1.5582332611083984,1.057259202003479,1.371132254600525,4.144989967346191,2.2299184799194336,1.7066116333007812,1.8041058778762817
274,2.5078728199005127,2.2003824710845947,2.353080987930298,2.6593549251556396,2.3468105792999268,2.507784393830651,0.5316633582115173,0.9999427199363708,0.99965500831604,0.9998321533203125,0.9999353885650635,0.9999957084655762,0.001274574431590736,0.0006931630778126419,0.00013256941747386009,0.0006398754776455462,0.4756218194961548,0.021117273718118668,-0.6205606460571289,1.723565936088562,1.8738250732421875,1.610399842262268,1.7778844833374023,1.6803457736968994,1.7233728098827763,0.46056973934173584,0.9998997449874878,0.9997705817222595,0.9998961687088013,0.9998604655265808,0.9999664425849915,0.0022989569697529078,0.0011424747062847018,0.0002752260770648718,0.0015105570200830698,0.6032218933105469,0.2009924203157425,-0.36180180311203003,1.846972107887268,2.1938729286193848,2.338728189468384,1.7418593168258667,3.1526639461517334,1.9057488441467285,1.4320119619369507,2.6824400424957275,5.813530445098877,2.5943784713745117,2.570220708847046,2.44759464263916,1.0488091707229614,0.8528439998626709,1.6738553047180176,1.495445966720581,1.7173978090286255,1.556401252746582,1.0658133029937744,1.4833213090896606,4.27658748626709,2.208580255508423,1.737905502319336,1.8282761573791504
275,2.196537494659424,2.084604501724243,2.0857174396514893,2.328763723373413,2.0472023487091064,2.1964310448093385,0.5264302492141724,0.9999294281005859,0.999069094657898,0.9998555183410645,0.9999042749404907,0.9999980330467224,0.001412546494975686,0.0007410132675431669,0.00014256538997869939,0.0006650491268374026,0.5313143730163574,0.0614948570728302,-0.5936298370361328,1.2165592908859253,1.3729665279388428,1.1600497961044312,1.2988579273223877,1.1115562915802002,1.2165018386927464,0.38295117020606995,0.9999103546142578,0.999993085861206,0.999873697757721,0.999870777130127,0.9999805092811584,0.0030506656039506197,0.0012694025645032525,0.00031228744774125516,0.0018396902596578002,0.7528912425041199,0.37463727593421936,-0.16775473952293396,1.6638895273208618,1.4154514074325562,2.270848512649536,2.141512393951416,2.5442302227020264,2.8749120235443115,2.9426939487457275,2.7887535095214844,5.33535099029541,2.5168919563293457,2.6494534015655518,2.1916844844818115,1.0783185958862305,0.8597370982170105,1.6952297687530518,1.4037415981292725,1.7428793907165527,1.598190426826477,1.2301602363586426,1.5732851028442383,4.348596096038818,1.9797303676605225,1.750986933708191,1.8009400367736816
276,2.134530544281006,1.9825998544692993,2.0041277408599854,2.264106035232544,1.9976720809936523,2.1345010101378543,0.5513970255851746,0.9999385476112366,0.999984622001648,0.9998669624328613,0.9999250769615173,0.9999820590019226,0.0014879833906888962,0.000787525437772274,0.00014857893984299153,0.0006368483300320804,0.5790690183639526,0.07638561725616455,-0.5733530521392822,1.8721024990081787,1.8327889442443848,1.719153642654419,1.9593596458435059,1.7974129915237427,1.8717486142516646,0.5604056715965271,0.9998331069946289,1.0,0.999793291091919,0.9998154044151306,0.9998742341995239,0.0020527299493551254,0.0012842084979638457,0.00024739783839322627,0.001376911997795105,0.6970430612564087,0.1637931615114212,-0.5882925987243652,1.38393235206604,1.12393319606781,2.0124926567077637,1.485948920249939,2.1058735847473145,2.160310745239258,1.5215903520584106,2.293863296508789,5.813164234161377,3.111842632293701,2.301295280456543,2.326871871948242,1.0422321557998657,0.8151392340660095,1.6136605739593506,1.3644232749938965,1.751680850982666,1.6228172779083252,1.2063242197036743,1.6097848415374756,4.472704887390137,2.079507350921631,1.7578274011611938,1.8177497386932373
277,2.0885510444641113,1.9598323106765747,1.9682940244674683,2.212367534637451,1.9561697244644165,2.0884948919815773,0.5576342344284058,0.999934732913971,0.9994930624961853,0.9998260736465454,0.9999236464500427,0.999993622303009,0.0015411096392199397,0.0008267662487924099,0.0001497260673204437,0.0006550393882207572,0.6362740397453308,0.0832701325416565,-0.55508953332901,1.8883486986160278,1.7118622064590454,1.7518082857131958,1.9771860837936401,1.8056178092956543,1.8877519994009944,0.48090648651123047,0.9998217821121216,0.9999309182167053,0.9998099207878113,0.9997743368148804,0.999906063079834,0.002314711222425103,0.0011675582500174642,0.0002098878176184371,0.0013232730561867356,0.5979386568069458,0.11156214028596878,-0.4295811355113983,1.7485935688018799,1.0267829895019531,1.7066447734832764,2.585178852081299,2.2247672080993652,1.3763927221298218,2.0321123600006104,1.4934942722320557,4.933235168457031,2.311676025390625,2.143887758255005,2.1023244857788086,1.0496286153793335,0.7580316662788391,1.5645651817321777,1.4342186450958252,1.7771176099777222,1.5465500354766846,1.2252373695373535,1.5481081008911133,4.466900825500488,2.052706003189087,1.7423063516616821,1.799278736114502
278,2.1199254989624023,2.0204873085021973,1.995042085647583,2.248371124267578,1.981108546257019,2.119860024717743,0.5418000221252441,0.9999358057975769,0.9998124837875366,0.9998624920845032,0.9999181032180786,0.9999893307685852,0.001514846459031105,0.0008323895744979382,0.0001484403182985261,0.0007316884584724903,0.6488060355186462,0.07820813357830048,-0.5657128691673279,2.4655709266662598,2.883814811706543,2.3629674911499023,2.537767171859741,2.3659558296203613,2.4643389347138696,0.34495413303375244,0.9997771978378296,0.9990699887275696,0.9998142123222351,0.9997321963310242,0.9998573064804077,0.0016509838169440627,0.0009637353359721601,0.00021078460849821568,0.0014830318978056312,0.5081713199615479,0.05054517462849617,-0.6511778235435486,1.360543131828308,1.8930743932724,1.3225200176239014,2.867201566696167,3.2296395301818848,2.59143328666687,1.7887839078903198,1.9552422761917114,4.011977195739746,2.5820374488830566,2.3602452278137207,2.313668966293335,1.0232069492340088,0.7726430892944336,1.459447979927063,1.551415205001831,1.8739302158355713,1.6048319339752197,1.2226471900939941,1.5043803453445435,4.368041515350342,2.0682003498077393,1.7448745965957642,1.7948505878448486
279,2.1982696056365967,1.9753295183181763,2.0302538871765137,2.334709405899048,2.0647292137145996,2.198188553318174,0.542401134967804,0.9999197721481323,0.9995911121368408,0.9998435974121094,0.999927282333374,0.9999430179595947,0.0014082754496484995,0.0008066741866059601,0.00014251006359700114,0.0008357055485248566,0.6487029790878296,0.07526766508817673,-0.5997293591499329,2.6317355632781982,1.8279008865356445,2.2025418281555176,2.652392625808716,2.8536441326141357,2.6306774867116927,0.381337434053421,0.9997043609619141,0.9989821314811707,0.9998294711112976,0.9996628761291504,0.999742329120636,0.0014624878531321883,0.0007314022514037788,0.00018108729273080826,0.0014567816397175193,0.4660552144050598,0.044075507670640945,-0.6195292472839355,1.4861639738082886,1.6768373250961304,1.5585857629776,2.6838643550872803,1.0369157791137695,2.2154126167297363,1.1601910591125488,1.4891239404678345,2.9643688201904297,3.298724889755249,1.9570188522338867,1.9579039812088013,0.9115816354751587,0.732755720615387,1.4227180480957031,1.617901086807251,1.745043158531189,1.6457617282867432,1.1527894735336304,1.3855338096618652,4.191989898681641,2.1305477619171143,1.6936622858047485,1.7538200616836548
280,2.3097221851348877,2.0012989044189453,2.144550085067749,2.4401628971099854,2.1828603744506836,2.309538978309247,0.5597420930862427,0.999896764755249,0.9997267723083496,0.9995872378349304,0.9999154210090637,0.9999964833259583,0.001378081040456891,0.0007786311907693744,0.00013850952382199466,0.0009393877699039876,0.6388231515884399,0.06192056089639664,-0.6351125240325928,2.6130316257476807,1.4846553802490234,2.089548349380493,2.624660015106201,3.1305036544799805,2.6112572419593683,0.5532317757606506,0.9997249841690063,0.9998812675476074,0.9997828006744385,0.9997673034667969,0.9995222091674805,0.002625216729938984,0.0010312431259080768,0.00019026325026061386,0.0014215350383892655,0.6680920720100403,0.030454415827989578,-0.465057909488678,1.413021206855774,1.2579063177108765,2.428044080734253,2.9487173557281494,1.3463237285614014,1.9485074281692505,1.3760664463043213,0.728861391544342,4.412327289581299,4.29040002822876,2.215017557144165,2.3641810417175293,0.9224579334259033,0.6768345236778259,1.465715765953064,1.7197258472442627,1.6509290933609009,1.4927626848220825,1.0918281078338623,1.2794994115829468,4.185628414154053,2.2696692943573,1.6755050420761108,1.7620664834976196
281,2.456205368041992,2.072299003601074,2.2556979656219482,2.595214605331421,2.330848217010498,2.456057264535775,0.5531078577041626,0.9999136924743652,0.9986901879310608,0.9998217225074768,0.9998962879180908,0.9999949932098389,0.0012388357426971197,0.0007240708218887448,0.00012931272794958204,0.0008982390281744301,0.5820249319076538,0.037093937397003174,-0.6618977785110474,2.9821858406066895,2.76786208152771,2.7209866046905518,2.9467263221740723,3.2318766117095947,2.980146167246445,0.3998958170413971,0.9997710585594177,0.9993775486946106,0.999871551990509,0.9997214674949646,0.999850869178772,0.00132330774795264,0.0005832265014760196,0.00015404923760797828,0.0010659022955223918,0.5480351448059082,0.008637145161628723,-0.592726469039917,1.3514355421066284,1.9622644186019897,1.609940767288208,1.5595638751983643,1.108309268951416,2.330042839050293,2.3106064796447754,1.093921184539795,2.3608920574188232,3.8446013927459717,1.9531577825546265,1.9943984746932983,0.8457509875297546,0.6782332062721252,1.3288499116897583,1.6012624502182007,1.5405852794647217,1.5007234811782837,1.152753233909607,1.20841383934021,3.9545586109161377,2.40264892578125,1.621377944946289,1.7160898447036743
282,2.4705545902252197,1.9517478942871094,2.2270584106445312,2.6071975231170654,2.3689980506896973,2.4703929771076565,0.5582373142242432,0.999905526638031,0.9995032548904419,0.9996973276138306,0.9999132752418518,0.9999919533729553,0.0012164278887212276,0.0007227111491374671,0.00012869849160779268,0.0009109239908866584,0.6574147939682007,0.034933902323246,-0.6022217869758606,2.5941169261932373,1.8323993682861328,2.2047650814056396,2.6614296436309814,2.726691722869873,2.5921101624931198,0.3813313841819763,0.9997231364250183,0.9998283386230469,0.9997755289077759,0.9996337890625,0.9998837113380432,0.0016604213742539287,0.0008486512233503163,0.00017912629118654877,0.0014873262261971831,0.6474345326423645,0.01846138946712017,-0.4311271905899048,1.773229956626892,1.9417556524276733,1.265821933746338,3.025228500366211,1.3658653497695923,1.640576958656311,1.3584450483322144,1.4746860265731812,3.367926597595215,3.1411657333374023,2.0354702472686768,2.032644271850586,0.8129243850708008,0.6396040320396423,1.2697142362594604,1.702424168586731,1.4232889413833618,1.4740674495697021,1.1195255517959595,1.203239917755127,3.8659417629241943,2.4283409118652344,1.5939072370529175,1.6920862197875977
283,2.4904797077178955,2.04211163520813,2.2456393241882324,2.622861385345459,2.3964099884033203,2.4902044991107526,0.562322735786438,0.9998502731323242,0.9999979138374329,0.999641478061676,0.9999239444732666,0.9998321533203125,0.0012188267428427935,0.0007303357706405222,0.0001298631977988407,0.0008940186235122383,0.6414640545845032,0.030018195509910583,-0.6004115343093872,2.7980422973632812,3.1015067100524902,2.6689367294311523,2.8757147789001465,2.7167723178863525,2.7963039665884835,0.42196518182754517,0.9997612237930298,0.9996590614318848,0.999790370464325,0.9997365474700928,0.9997923374176025,0.0013869466492906213,0.0008572491933591664,0.00018124046619050205,0.0013409227831289172,0.44492268562316895,-0.005712922662496567,-0.5178029537200928,1.2910635471343994,1.2468637228012085,1.6415077447891235,3.06461763381958,2.3412532806396484,1.6045547723770142,2.044059991836548,1.9766833782196045,4.481715679168701,2.0987324714660645,2.179105281829834,2.227195978164673,0.8262013792991638,0.6038512587547302,1.2306537628173828,1.813336968421936,1.4922720193862915,1.4470281600952148,1.0832873582839966,1.2352930307388306,3.9020535945892334,2.3672473430633545,1.6001224517822266,1.703558325767517
284,2.663515329360962,2.0020172595977783,2.359182596206665,2.8142104148864746,2.5724446773529053,2.6633815583133003,0.5505868792533875,0.9999102354049683,1.0,0.9998539686203003,0.9999262690544128,0.9999105930328369,0.0011813415912911296,0.0006902480381540954,0.00012003119627479464,0.0008159529534168541,0.6311030983924866,0.009663185104727745,-0.5956640243530273,3.6618525981903076,2.113426923751831,3.6741185188293457,3.608278751373291,3.83797550201416,3.658724629862431,0.3786962032318115,0.9996589422225952,0.9990298748016357,0.999785840511322,0.9996459484100342,0.9996638298034668,0.0012985217617824674,0.00045661666081286967,0.00013361092715058476,0.0010855993023142219,0.4984809458255768,-0.010742109268903732,-0.581873893737793,0.6619837880134583,1.7158629894256592,1.7504302263259888,3.1660714149475098,1.7859457731246948,1.1200590133666992,1.3792846202850342,1.918386697769165,2.680565595626831,2.4405298233032227,1.8619120121002197,1.920621395111084,0.7679554224014282,0.6329535841941833,1.191789150238037,1.901229739189148,1.4820165634155273,1.3869222402572632,1.0261504650115967,1.2758281230926514,3.747443199157715,2.3231334686279297,1.5735422372817993,1.681667447090149
285,2.811199426651001,2.0629031658172607,2.436882257461548,2.985058546066284,2.723248243331909,2.8110136257274014,0.5398438572883606,0.9998977780342102,0.9994463920593262,0.9996812343597412,0.9999166131019592,0.9999862313270569,0.001200158498249948,0.0006796216475777328,0.00011354007438058034,0.00075185188325122,0.5894303917884827,-0.0005374272586777806,-0.6455401182174683,4.120977878570557,3.0895214080810547,3.1631064414978027,4.28472375869751,4.505249500274658,4.117879619725325,0.4454324543476105,0.9996669292449951,0.9996469020843506,0.9998135566711426,0.9996222257614136,0.9996401071548462,0.0014218095457181334,0.0006245608092285693,0.00013733297237195075,0.0011295391013845801,0.43688303232192993,-0.04154307767748833,-0.7421108484268188,1.420649766921997,1.1637814044952393,1.7600178718566895,1.4050939083099365,2.7093827724456787,2.5470314025878906,2.2924253940582275,1.2649363279342651,3.5647506713867188,4.286547660827637,2.2414615154266357,2.384568452835083,0.7737292647361755,0.6156907677650452,1.1832107305526733,1.827927827835083,1.5460768938064575,1.4773122072219849,1.1067590713500977,1.2250182628631592,3.6883668899536133,2.450550079345703,1.5894641876220703,1.7018204927444458
286,2.802499771118164,2.10237979888916,2.435943365097046,2.9865927696228027,2.693784475326538,2.8023758917873294,0.5211409330368042,0.9999037384986877,0.9997919797897339,0.999834418296814,0.9998812079429626,0.9999736547470093,0.0012062812456861138,0.0006749352905899286,0.0001112303725676611,0.0007268774206750095,0.5916940569877625,0.00805495772510767,-0.6386219263076782,2.6934895515441895,2.4532580375671387,2.457205057144165,2.8519115447998047,2.5247836112976074,2.6918906453999414,0.27749624848365784,0.9997545480728149,0.9994238018989563,0.9997510313987732,0.9996845126152039,0.9998766183853149,0.001305868150666356,0.000648269837256521,0.0001616734080016613,0.0012418287806212902,0.6530795693397522,0.03958786278963089,-0.5564982295036316,1.0513041019439697,1.4871631860733032,2.2232139110565186,2.162551164627075,1.8217270374298096,2.0740044116973877,1.829522967338562,2.0347797870635986,3.3454785346984863,2.179224729537964,2.020897150039673,1.9661318063735962,0.7518322467803955,0.6233880519866943,1.2575650215148926,1.8215579986572266,1.5266683101654053,1.505667805671692,1.1241854429244995,1.2835335731506348,3.6260552406311035,2.341564416885376,1.5862019062042236,1.684640884399414
287,2.5866761207580566,2.021894931793213,2.310577630996704,2.748447895050049,2.4669904708862305,2.5864875578149142,0.5329020023345947,0.9998939633369446,0.9996779561042786,0.9998250007629395,0.9998658895492554,0.999970555305481,0.0012799858814105392,0.0007123930263333023,0.00011935996735701337,0.0008019008091650903,0.6449751853942871,0.03484077379107475,-0.638208270072937,1.68809175491333,1.7810434103012085,1.7535791397094727,1.7542376518249512,1.5502288341522217,1.6876944142974226,0.5063267350196838,0.9998588562011719,0.9999634027481079,0.9998008608818054,0.9997973442077637,0.9999758005142212,0.002580014057457447,0.0011129033518955112,0.00023779859475325793,0.001381370471790433,0.7112294435501099,0.18978458642959595,-0.5485719442367554,1.9964934587478638,1.3437453508377075,1.6648495197296143,1.8960992097854614,1.9487799406051636,2.832387924194336,1.4825239181518555,1.8518791198730469,5.547439098358154,2.2920639514923096,2.285626173019409,2.2041878700256348,0.8226256966590881,0.6449007391929626,1.2550299167633057,1.7464708089828491,1.5510563850402832,1.5524415969848633,1.079813003540039,1.2870064973831177,3.7846250534057617,2.298083543777466,1.6022052764892578,1.6933695077896118
288,2.389599084854126,1.9833489656448364,2.141763210296631,2.542814016342163,2.2696642875671387,2.389496478158216,0.5536067485809326,0.9999268651008606,0.9996591806411743,0.9998146295547485,0.9999321103096008,0.9999747276306152,0.0013952169101685286,0.0007780712330713868,0.00012483300815802068,0.000856261991430074,0.6222999095916748,0.05604879558086395,-0.6177463531494141,1.67025887966156,1.7798279523849487,1.5370419025421143,1.7676204442977905,1.5699330568313599,1.6699719480288664,0.5875980854034424,0.9998698234558105,0.9995404481887817,0.9998677372932434,0.9998094439506531,0.999975323677063,0.0025880502071231604,0.0012957147555425763,0.0002465492289047688,0.0016330275684595108,0.6630573272705078,0.26870524883270264,-0.2775977849960327,1.3108707666397095,1.098267674446106,2.224635362625122,1.3283895254135132,4.457080841064453,1.5231924057006836,1.600548267364502,1.9052397012710571,5.409446716308594,2.611314535140991,2.3468985557556152,2.335484266281128,0.8379755020141602,0.6444106698036194,1.2465375661849976,1.566304326057434,1.740983486175537,1.4704028367996216,1.079012155532837,1.270400047302246,3.9282584190368652,2.249194860458374,1.6033480167388916,1.6905852556228638
289,2.2894129753112793,1.9570655822753906,2.07388973236084,2.4265379905700684,2.1770853996276855,2.2892777841245557,0.5482979416847229,0.9999212622642517,0.9997281432151794,0.9997596740722656,0.999921441078186,0.9999971389770508,0.0014705643989145756,0.0007970975711941719,0.00012805692676920444,0.0008377954363822937,0.6568304300308228,0.07054045796394348,-0.6354658603668213,1.8041309118270874,1.9186294078826904,1.7516348361968994,1.8486489057540894,1.7468986511230469,1.8037669017983562,0.45665037631988525,0.9998687505722046,0.9994270205497742,0.9998519420623779,0.9998158812522888,0.9999727010726929,0.0018034946406260133,0.0009603844373486936,0.00024294632021337748,0.0012293802574276924,0.6710183620452881,0.15200762450695038,-0.6111765503883362,1.4704387187957764,1.488446831703186,2.7468624114990234,1.7843343019485474,2.5965378284454346,1.9904820919036865,2.3751609325408936,2.577042818069458,5.246689319610596,1.345009446144104,2.36210036277771,2.271176815032959,0.8483731746673584,0.6607299447059631,1.37050461769104,1.4926751852035522,1.7888884544372559,1.4714184999465942,1.18556547164917,1.3629395961761475,4.045677661895752,2.0771384239196777,1.630391001701355,1.70392906665802
290,2.2303762435913086,1.9110615253448486,2.0424277782440186,2.3549699783325195,2.123316764831543,2.2302789417082947,0.5645233988761902,0.9999153017997742,0.9990938901901245,0.9997799396514893,0.999927282333374,0.9999694228172302,0.0015291471499949694,0.0008248092490248382,0.00013559625949710608,0.0008423854596912861,0.700749933719635,0.08333414793014526,-0.6307681202888489,2.0397536754608154,1.9151427745819092,1.9815239906311035,2.114102602005005,1.9381728172302246,2.0389653872922775,0.5062869787216187,0.9998388290405273,0.9999892711639404,0.9998635649681091,0.999795138835907,0.9998987317085266,0.002249745652079582,0.0011614026734605432,0.0002384309918852523,0.0013648419408127666,0.6977179050445557,0.11431679129600525,-0.581379771232605,1.7409342527389526,1.6407936811447144,2.4156064987182617,2.7472994327545166,2.2312989234924316,1.927376627922058,1.9862103462219238,1.8768950700759888,6.328288555145264,3.275697708129883,2.6170403957366943,2.633840560913086,0.8830766081809998,0.679939329624176,1.4038079977035522,1.560864806175232,1.7864259481430054,1.4675713777542114,1.2142435312271118,1.3606314659118652,4.255491733551025,2.1583690643310547,1.6770422458648682,1.7572733163833618
291,2.1123878955841064,1.793113112449646,1.9371696710586548,2.2234394550323486,2.0210154056549072,2.1122360752377976,0.5715108513832092,0.9999110102653503,0.9995536208152771,0.9997897148132324,0.9999321699142456,0.9999410510063171,0.0016173910116776824,0.0008638962171971798,0.0001430702250218019,0.0008413385949097574,0.7248016595840454,0.09555352479219437,-0.5840306878089905,1.6609753370285034,1.5237544775009155,1.6391282081604004,1.7223293781280518,1.5542107820510864,1.6606731094809601,0.44512680172920227,0.9998235702514648,0.9999048113822937,0.9998414516448975,0.9997918605804443,0.9998714923858643,0.0028849628288298845,0.0012900566216558218,0.000236789375776425,0.0015642567304894328,0.6766031980514526,0.17387615144252777,-0.4008411467075348,1.473507046699524,1.742663860321045,2.289978265762329,1.3233197927474976,2.1394600868225098,2.786914348602295,2.022481679916382,1.656142234802246,4.843247890472412,1.625116229057312,2.1902832984924316,2.053950548171997,0.8693277835845947,0.708044707775116,1.4682873487472534,1.4250856637954712,1.667147159576416,1.5141879320144653,1.2359960079193115,1.3172208070755005,4.274604320526123,2.068769693374634,1.654867172241211,1.7227716445922852
292,2.1234936714172363,1.7652299404144287,1.9613540172576904,2.2234015464782715,2.042804718017578,2.123399903037282,0.6049554347991943,0.9999222159385681,0.9998090863227844,0.9998581409454346,0.9999075531959534,0.9999752044677734,0.0015988893574103713,0.0008524575387127697,0.00014336450840346515,0.0008686929941177368,0.656316876411438,0.0922689437866211,-0.5876129269599915,2.358710527420044,1.7758324146270752,2.3493993282318115,2.361426830291748,2.368710994720459,2.357523129442852,0.6908348202705383,0.9998151659965515,0.9999697804450989,0.9997604489326477,0.9997620582580566,0.9999268054962158,0.002002438995987177,0.0007754943217150867,0.0001788709341781214,0.0014890646561980247,0.585865318775177,0.04719911888241768,-0.37482672929763794,1.452406883239746,1.3706085681915283,1.928891897201538,1.5743352174758911,0.9886261224746704,2.0071022510528564,0.8728068470954895,1.5930835008621216,5.90525484085083,2.041588068008423,1.9734705686569214,2.208332061767578,0.8559819459915161,0.7111333608627319,1.4817315340042114,1.3990789651870728,1.5379585027694702,1.5429657697677612,1.161177158355713,1.250619888305664,4.416229724884033,2.014678716659546,1.637155532836914,1.7310770750045776
293,2.104523181915283,1.7568334341049194,1.9468836784362793,2.2103354930877686,2.012775421142578,2.1044049824967748,0.6012430787086487,0.9999242424964905,0.9999874234199524,0.9997391104698181,0.9999293088912964,0.9999980926513672,0.0016426913207396865,0.0008528895559720695,0.00014617867418564856,0.0009040287113748491,0.6848818063735962,0.1024564877152443,-0.5746579766273499,2.0744683742523193,2.3537960052490234,2.1088976860046387,2.1951775550842285,1.8567203283309937,2.073913445866008,0.49409791827201843,0.9997585415840149,0.9998894929885864,0.9998219013214111,0.9997748732566833,0.9997082948684692,0.0015932215610519052,0.00093104038387537,0.00022227424778975546,0.0014285714132711291,0.638419508934021,0.11784868687391281,-0.3646042048931122,1.3765170574188232,1.2244760990142822,1.4532877206802368,2.3678624629974365,2.0677430629730225,2.3982605934143066,1.1437890529632568,1.5346691608428955,4.685172080993652,3.407332420349121,2.1659111976623535,2.176220178604126,0.8414212465286255,0.7326422929763794,1.4365628957748413,1.4599641561508179,1.5254074335098267,1.5678277015686035,1.122323989868164,1.2363097667694092,4.386743068695068,2.127270221710205,1.6436474323272705,1.7322455644607544
294,2.2195069789886475,1.790442943572998,2.0221612453460693,2.3394711017608643,2.1241908073425293,2.219371558130359,0.5792447924613953,0.9999069571495056,0.9999463558197021,0.9997732639312744,0.9998931288719177,0.9999880790710449,0.0015750806778669357,0.0008129986235871911,0.0001408859243383631,0.0009317320073023438,0.6360387802124023,0.07579692453145981,-0.5740557312965393,3.2797787189483643,2.234241485595703,2.780275344848633,3.372786045074463,3.381087303161621,3.275390216898826,0.34456124901771545,0.9996355772018433,0.9996036887168884,0.9998204112052917,0.9995182156562805,0.9997860789299011,0.0013734077801927924,0.000574643665459007,0.0001629663456697017,0.0011365287937223911,0.5275992155075073,-0.027002237737178802,-0.5529495477676392,2.1772589683532715,1.152377724647522,2.934136152267456,1.9810863733291626,0.7821776270866394,2.078920364379883,1.7116094827651978,2.1529250144958496,2.832371234893799,3.1917874813079834,2.0994651317596436,2.124061346054077,0.8279195427894592,0.7168903350830078,1.5335966348648071,1.4758118391036987,1.382125735282898,1.5433112382888794,1.1092451810836792,1.2916945219039917,4.199501037597656,2.213254690170288,1.6293350458145142,1.7167390584945679
295,2.274958372116089,1.8205760717391968,2.079028844833374,2.3972599506378174,2.176332473754883,2.274907527288078,0.5902755856513977,0.9999381303787231,0.9997925162315369,0.999844491481781,0.9999322295188904,0.9999917149543762,0.00154640874825418,0.000788956880569458,0.00013935902097728103,0.0008759006741456687,0.6402647495269775,0.06786420196294785,-0.5843360424041748,2.992011547088623,2.3559582233428955,2.8334548473358154,3.0686230659484863,2.93632173538208,2.9907171401199277,0.525514543056488,0.9998169541358948,0.9999482035636902,0.9998727440834045,0.9997219443321228,0.9999598860740662,0.001475237775593996,0.0006300138193182647,0.00016024203796405345,0.0010744108585640788,0.5790238380432129,0.004077741876244545,-0.42561978101730347,1.0327666997909546,0.9085924029350281,2.4395618438720703,1.613647699356079,2.0958425998687744,2.115621566772461,1.77511465549469,0.8113725781440735,4.558778762817383,2.146385908126831,1.9497684240341187,2.0890157222747803,0.7611375451087952,0.7092655897140503,1.5609544515609741,1.4194856882095337,1.4030193090438843,1.566401720046997,1.1195868253707886,1.2222470045089722,4.209815502166748,2.1742782592773438,1.6146191358566284,1.7164185047149658
296,2.26680588722229,1.7855113744735718,2.020660161972046,2.396209239959717,2.1815097332000732,2.266642102453869,0.590624988079071,0.9998998045921326,0.999737560749054,0.9997358322143555,0.9999021291732788,0.9999757409095764,0.0015432474901899695,0.0008021346293389797,0.00013846697402186692,0.0008278560708276927,0.6281014680862427,0.07262639701366425,-0.5830461382865906,2.346350908279419,2.1785354614257812,1.942990779876709,2.4789576530456543,2.320131301879883,2.3453626511126853,0.4430015981197357,0.9997832775115967,1.0,0.9997679591178894,0.999702513217926,0.9999273419380188,0.0019735456444323063,0.000949137203861028,0.0001825737563194707,0.0014939879765734076,0.5454041361808777,0.06582392752170563,-0.567212700843811,0.9116597771644592,1.7661559581756592,1.6115268468856812,2.8536736965179443,1.9053534269332886,1.6166751384735107,1.363094449043274,1.5087748765945435,3.9835658073425293,3.3173861503601074,2.083786725997925,2.0966286659240723,0.7066254019737244,0.7479422688484192,1.5375003814697266,1.529529094696045,1.3766889572143555,1.540201187133789,1.1034873723983765,1.140915870666504,4.163592338562012,2.2560298442840576,1.6102513074874878,1.7110393047332764
297,2.28338885307312,1.8673720359802246,2.055988311767578,2.4222919940948486,2.1750121116638184,2.2832607880451667,0.5930737853050232,0.999915599822998,0.9994210004806519,0.9997270703315735,0.9999247193336487,0.9999930262565613,0.0015132479602470994,0.0007750465883873403,0.00013760820729658008,0.0007882253266870975,0.6483921408653259,0.06735701113939285,-0.6265161037445068,2.4038214683532715,2.0957963466644287,2.0773046016693115,2.5984718799591064,2.25350284576416,2.4015102152388863,0.47305184602737427,0.999819815158844,0.9999521374702454,0.9999017119407654,0.999706506729126,0.9999483227729797,0.0014148653717711568,0.0007462759967893362,0.00020552270871121436,0.001189637347124517,0.6831905841827393,0.04599536955356598,-0.5586780309677124,1.4689174890518188,1.5114632844924927,1.1678189039230347,1.1702370643615723,3.2672290802001953,1.6214193105697632,1.6742737293243408,2.5445144176483154,4.4800920486450195,2.5125555992126465,2.1418521404266357,2.187664747238159,0.7444881200790405,0.7042700052261353,1.45859956741333,1.393630027770996,1.5378401279449463,1.427309513092041,1.1292229890823364,1.2077962160110474,4.17009162902832,2.2291359901428223,1.6002384424209595,1.7042359113693237
298,2.6113650798797607,2.0653018951416016,2.36378812789917,2.7630841732025146,2.491630792617798,2.611221097105511,0.5671384334564209,0.9999118447303772,0.9999788999557495,0.9997970461845398,0.9998885989189148,0.9999951720237732,0.001329363789409399,0.0006789024919271469,0.00011985038872808218,0.0007091991137713194,0.5246808528900146,0.02195708267390728,-0.6549458503723145,4.579547882080078,2.844208002090454,3.974928617477417,4.520752429962158,5.1606903076171875,4.569836200443183,0.23689018189907074,0.9993211030960083,0.9987667202949524,0.9997694492340088,0.9991451501846313,0.9994901418685913,0.001086146803572774,0.00041209609480574727,0.00013185203715693206,0.0008692193659953773,0.4113006293773651,-0.03041641041636467,-0.5483298301696777,1.7038754224777222,1.4697173833847046,2.1451892852783203,2.407207727432251,1.832221269607544,2.5555782318115234,1.5032594203948975,1.5710939168930054,2.803194522857666,2.692078113555908,2.0683414936065674,2.076650857925415,0.7337163090705872,0.7094321250915527,1.4941892623901367,1.4459874629974365,1.5312435626983643,1.4278517961502075,1.1207166910171509,1.204724907875061,3.995610237121582,2.1916823387145996,1.5855154991149902,1.7022123336791992
299,2.5254974365234375,2.0156562328338623,2.2769834995269775,2.677253484725952,2.4063055515289307,2.525291180228389,0.566094160079956,0.9998874068260193,0.9997331500053406,0.9997731447219849,0.9999191164970398,0.9998929500579834,0.0013565408298745751,0.00067330984165892,0.00012255636102054268,0.0007060678908601403,0.5686861872673035,0.034128013998270035,-0.6608843803405762,1.8966400623321533,1.5660477876663208,1.5694935321807861,2.009507656097412,1.8659189939498901,1.8963369529597571,0.43583452701568604,0.9998221397399902,0.9997951984405518,0.9997761249542236,0.9998132586479187,0.9998584985733032,0.001489856280386448,0.0007196419755928218,0.00018991548859048635,0.0010785766644403338,0.6319979429244995,0.12924014031887054,-0.6828678846359253,1.5708564519882202,1.4998024702072144,0.9816464185714722,1.6896193027496338,2.0009024143218994,1.2364773750305176,1.4539945125579834,1.7341517210006714,3.995988368988037,1.7989031076431274,1.796234130859375,1.7332603931427002,0.7755544185638428,0.7066805958747864,1.4059163331985474,1.4336274862289429,1.5574771165847778,1.353890061378479,1.126177191734314,1.2206202745437622,3.9747402667999268,2.1250226497650146,1.567970633506775,1.6752303838729858
300,2.438990592956543,2.001636028289795,2.2187891006469727,2.5838139057159424,2.3184404373168945,2.4388663266223505,0.5789887309074402,0.9999255537986755,0.9999909400939941,0.9998294115066528,0.9999299645423889,0.9999580383300781,0.001360467984341085,0.0006762963603250682,0.0001283173041883856,0.0006790697807446122,0.5676617622375488,0.04082025960087776,-0.6365289688110352,1.9748775959014893,1.7192648649215698,1.819496512413025,2.0678184032440186,1.89852774143219,1.97440415104354,0.5758104920387268,0.9998226165771484,0.9999011754989624,0.9997256398200989,0.9998006224632263,0.999896764755249,0.001956208609044552,0.0009355998481623828,0.00023275216517504305,0.0015777519438415766,0.6015198230743408,0.10718066245317459,-0.67093825340271,1.2546088695526123,2.227508544921875,1.65255868434906,1.4245318174362183,2.2338671684265137,1.9666322469711304,2.0156078338623047,2.530385971069336,6.286843776702881,2.0124220848083496,2.360496759414673,2.430072784423828,0.781877338886261,0.7954126000404358,1.3884705305099487,1.4014931917190552,1.5719162225723267,1.3587617874145508,1.1830276250839233,1.281469702720642,4.175634384155273,2.0660126209259033,1.600407600402832,1.7110686302185059
301,2.330033540725708,1.906728744506836,2.1171929836273193,2.449948787689209,2.239502191543579,2.329947788533967,0.5912877917289734,0.9999333024024963,0.9999136328697205,0.9998428821563721,0.9999155402183533,0.9999966621398926,0.0012826825259253383,0.0006630062125623226,0.00013137106725480407,0.0006543550989590585,0.6407806873321533,0.058842651546001434,-0.6584025621414185,1.8766367435455322,2.0863475799560547,1.7976735830307007,1.8840570449829102,1.8961178064346313,1.8762268735613512,0.5438427925109863,0.9998766183853149,0.9992114305496216,0.9999153017997742,0.999824047088623,0.9999706745147705,0.0017398262862116098,0.0008899252279661596,0.0002375176700297743,0.0013913956936448812,0.4655369818210602,0.13453266024589539,-0.4147224426269531,1.144084095954895,1.60987389087677,4.038695812225342,1.4200503826141357,2.6629767417907715,1.6042174100875854,1.6477186679840088,1.2648422718048096,4.966050624847412,2.053778648376465,2.2412288188934326,2.251518487930298,0.7154415249824524,0.7813592553138733,1.6214513778686523,1.333838939666748,1.601883888244629,1.278182864189148,1.1736019849777222,1.2555667161941528,4.213014125823975,1.9819680452346802,1.5956310033798218,1.7034403085708618
302,2.214775800704956,1.7595819234848022,1.9802087545394897,2.331573486328125,2.1419012546539307,2.2146749301158146,0.6142524480819702,0.9999339580535889,0.9994909763336182,0.9998090863227844,0.9999309182167053,0.9999975562095642,0.001291146851144731,0.0006996222655288875,0.00013416516594588757,0.0006401013815775514,0.6605141758918762,0.07732603698968887,-0.6147679090499878,1.7910537719726562,1.4988921880722046,1.547732949256897,1.8943158388137817,1.7576749324798584,1.7905940499353916,0.5896041989326477,0.999798595905304,0.999736487865448,0.9998449683189392,0.9997674822807312,0.9998224973678589,0.00148255645763129,0.001028618193231523,0.00021114014089107513,0.0010338769061490893,0.597874641418457,0.15225693583488464,-0.34969574213027954,1.5258580446243286,1.032633900642395,1.7929279804229736,2.009265899658203,0.9955361485481262,1.5714435577392578,1.1323442459106445,1.6990818977355957,5.096688270568848,2.626434326171875,1.9482214450836182,1.9747014045715332,0.7636635899543762,0.7579188942909241,1.514765977859497,1.3814899921417236,1.431969165802002,1.2530266046524048,1.117377519607544,1.2475513219833374,4.285865306854248,1.9327805042266846,1.568640947341919,1.6778380870819092
303,2.121351480484009,1.7594493627548218,1.9185429811477661,2.2264933586120605,2.0516810417175293,2.121266084637652,0.6138169169425964,0.9999367594718933,0.9999009966850281,0.9998558163642883,0.9999198913574219,0.9999974370002747,0.0013782753376290202,0.0007584284758195281,0.00014353406731970608,0.0006238406058400869,0.6359097957611084,0.08614175766706467,-0.588851273059845,2.0220530033111572,2.352963924407959,1.9258774518966675,2.1125030517578125,1.9021190404891968,2.020966976177995,0.4466407001018524,0.9997663497924805,0.9998998641967773,0.9997775554656982,0.9996811151504517,0.9999055862426758,0.0021626371890306473,0.0013382509350776672,0.0002654890704434365,0.0014963385183364153,0.6013818383216858,0.08567177504301071,-0.48366641998291016,1.3768587112426758,2.4612483978271484,4.336010932922363,2.85477876663208,1.8379571437835693,2.572028636932373,2.2668023109436035,2.522967576980591,5.793089866638184,1.9195702075958252,2.79413104057312,2.743051290512085,0.7340066432952881,0.8078742623329163,1.7120068073272705,1.388787865638733,1.4226560592651367,1.327053427696228,1.1494723558425903,1.342933177947998,4.422345161437988,1.8493467569351196,1.6156482696533203,1.714761734008789
304,2.0787086486816406,1.7404212951660156,1.8958725929260254,2.179879903793335,2.0060031414031982,2.0786085547026776,0.6273629665374756,0.999923586845398,0.9992730617523193,0.9998041391372681,0.9999324679374695,0.9999696612358093,0.0014934311620891094,0.0007992030004970729,0.0001499417267041281,0.0006200763746164739,0.6736036539077759,0.09879440069198608,-0.5699563026428223,1.8612182140350342,1.6509860754013062,1.80679190158844,1.9283124208450317,1.777825951576233,1.8607892343198051,0.5744278430938721,0.9998393058776855,0.99937504529953,0.9998482465744019,0.9998111128807068,0.9998857975006104,0.0022861657198518515,0.0012027919292449951,0.0002570959331933409,0.0012909857323393226,0.7694164514541626,0.15649183094501495,-0.29064562916755676,1.734640121459961,1.0335533618927002,1.5277448892593384,2.2285866737365723,2.2456564903259277,2.664292812347412,1.2255494594573975,1.4404207468032837,5.802160739898682,3.1014599800109863,2.3004064559936523,2.3369736671447754,0.7684327960014343,0.7717108130455017,1.6599719524383545,1.4210642576217651,1.4693069458007812,1.433846354484558,1.1075023412704468,1.2819952964782715,4.546619892120361,1.9360543489456177,1.6396503448486328,1.7442699670791626
305,2.0748372077941895,1.834336519241333,1.9621399641036987,2.172529458999634,1.9766193628311157,2.074758260118184,0.62819504737854,0.999938428401947,0.9992954730987549,0.9998783469200134,0.9999197125434875,0.9999963641166687,0.0014582661679014564,0.0007936217007227242,0.00015443451411556453,0.0006399842095561326,0.6512960195541382,0.10055571794509888,-0.5896669626235962,2.1852757930755615,3.340407609939575,2.8154611587524414,2.225059986114502,1.914193034172058,2.184706182562758,0.527103841304779,0.9998593330383301,0.9998712539672852,0.9998102784156799,0.99980628490448,0.9999514818191528,0.0013929915148764849,0.0008422490209341049,0.00023665247135795653,0.0014476301148533821,0.6486462354660034,0.09939784556627274,-0.7828522324562073,2.0436816215515137,1.037225604057312,2.480532169342041,1.3589357137680054,1.8475831747055054,3.34906005859375,1.268467903137207,1.9181203842163086,5.341615676879883,2.102908134460449,2.274813175201416,2.338286876678467,0.8448172211647034,0.7692068815231323,1.7023913860321045,1.3715856075286865,1.4158706665039062,1.564986228942871,1.0388590097427368,1.301626443862915,4.587864398956299,1.918695092201233,1.651590347290039,1.7570135593414307
306,2.0318522453308105,1.8409481048583984,1.9377318620681763,2.1239473819732666,1.935160517692566,2.0317688281610775,0.646162748336792,0.9999369978904724,0.9998053312301636,0.999873697757721,0.9999119639396667,0.9999986886978149,0.0015353881753981113,0.0008390148286707699,0.00016003401833586395,0.0007274101371876895,0.6705105304718018,0.10893649607896805,-0.5714366436004639,1.8721829652786255,1.9505090713500977,1.849928855895996,1.9428602457046509,1.773565649986267,1.8711850425800678,0.6544920206069946,0.9998002648353577,0.9981138110160828,0.9997724294662476,0.999700129032135,0.9999749660491943,0.002239563036710024,0.0012568796519190073,0.0002550451026763767,0.001502429717220366,0.5798318982124329,0.1242181807756424,-0.29435375332832336,1.6317230463027954,1.2144267559051514,1.916832447052002,2.209934711456299,2.0147440433502197,2.360107183456421,0.97035151720047,1.8852744102478027,6.44346284866333,1.6664899587631226,2.231334686279297,2.3522369861602783,0.8839805722236633,0.7620195746421814,1.6534984111785889,1.4198395013809204,1.4435433149337769,1.618408441543579,0.9830779433250427,1.3390772342681885,4.7467041015625,1.8445475101470947,1.6694698333740234,1.7833815813064575
307,2.0620110034942627,1.9516355991363525,1.9876116514205933,2.153871536254883,1.9558274745941162,2.061924741782729,0.6328446269035339,0.9999268054962158,0.9996476173400879,0.9998138546943665,0.9999098181724548,0.9999969601631165,0.0015034531243145466,0.0008419780060648918,0.00016228992899414152,0.0007678710389882326,0.658488392829895,0.10153508931398392,-0.5331364870071411,2.3703575134277344,3.1184141635894775,2.4338204860687256,2.4404306411743164,2.212730884552002,2.3695157593345497,0.4748472571372986,0.999801754951477,0.9990266561508179,0.9998124241828918,0.9997076392173767,0.9999619722366333,0.0013471285346895456,0.0010143304243683815,0.0002264165523229167,0.0011636443668976426,0.49492931365966797,0.042071383446455,-0.4959622621536255,1.4076250791549683,1.0259510278701782,2.6899116039276123,2.8724451065063477,2.0485222339630127,3.6429216861724854,1.356847882270813,1.9483414888381958,5.109501361846924,2.3366317749023438,2.4438700675964355,2.492654800415039,0.9183641672134399,0.7211472988128662,1.7264071702957153,1.5238828659057617,1.4645510911941528,1.7613643407821655,0.9922656416893005,1.3274658918380737,4.745619297027588,1.8327919244766235,1.7013858556747437,1.8116587400436401
308,2.077716827392578,1.970938801765442,2.006314277648926,2.171976327896118,1.9664992094039917,2.077613025506005,0.6276409029960632,0.9999226331710815,0.9993583559989929,0.999792754650116,0.9999127388000488,0.9999930262565613,0.001508778310380876,0.0008596102125011384,0.00016503097140230238,0.0007812699186615646,0.6180575489997864,0.10002313554286957,-0.5715206861495972,2.497490882873535,2.653674602508545,2.4633796215057373,2.6228437423706055,2.2971389293670654,2.4961524633937984,0.4631751775741577,0.9997833967208862,0.9996351003646851,0.9997463226318359,0.9996811747550964,0.9999651908874512,0.0018231658032163978,0.0010205265134572983,0.0002230341051472351,0.0012703444808721542,0.6982616186141968,0.049336910247802734,-0.693844735622406,1.9558663368225098,1.393625259399414,2.692030668258667,1.5466912984848022,2.3709826469421387,2.4133875370025635,1.214473009109497,1.786484956741333,5.171695709228516,2.5244789123535156,2.306971549987793,2.3602468967437744,0.9566345810890198,0.7207332253456116,1.7579272985458374,1.4978466033935547,1.5288280248641968,1.7939534187316895,0.9592951536178589,1.3331445455551147,4.749392986297607,1.8619779348373413,1.7159732580184937,1.825527310371399
309,2.048218250274658,1.897696852684021,1.9541081190109253,2.140808343887329,1.9487189054489136,2.0481382204001575,0.6282873153686523,0.9999396800994873,0.9993799924850464,0.9998756051063538,0.9999219179153442,0.9999967217445374,0.0015697494382038713,0.0008848808938637376,0.00016872673586476594,0.0008469098247587681,0.6312893033027649,0.1095212772488594,-0.5200788378715515,1.9902122020721436,1.7564024925231934,1.7416337728500366,2.0856270790100098,1.9547053575515747,1.9895621174143692,0.46327221393585205,0.9998178482055664,0.9998144507408142,0.9998015761375427,0.9997962117195129,0.999864399433136,0.002195610199123621,0.0012135104043409228,0.00023796851746737957,0.001392115605995059,0.6663109064102173,0.12070052325725555,-0.31678879261016846,1.7162129878997803,1.2271870374679565,1.5963783264160156,3.2852365970611572,2.3397510051727295,2.3027172088623047,1.431603193283081,1.7801426649093628,5.045976161956787,2.472806215286255,2.319801092147827,2.2844855785369873,0.9606571793556213,0.7262001633644104,1.679337978363037,1.6354341506958008,1.5158861875534058,1.8087913990020752,0.9156414270401001,1.3354108333587646,4.7621846199035645,1.8735684156417847,1.7213112115859985,1.826762080192566
310,2.0036768913269043,1.785899043083191,1.9039745330810547,2.0910987854003906,1.914404273033142,2.0036010248427436,0.6392566561698914,0.9999346137046814,0.9999956488609314,0.9998599886894226,0.999913215637207,0.9999953508377075,0.0016645424766466022,0.0009028987842611969,0.00017248191579710692,0.0008389156428165734,0.6291708946228027,0.12397570163011551,-0.4899584650993347,1.806221604347229,1.4333298206329346,1.723059892654419,1.860528588294983,1.759203314781189,1.8057877671397193,0.5849201679229736,0.9997605085372925,0.9996720552444458,0.9994804263114929,0.9998106956481934,0.9998186230659485,0.002898029750213027,0.0011204434558749199,0.00022899758187122643,0.0015121176838874817,0.7801609635353088,0.15901046991348267,-0.5119759440422058,0.9114699363708496,0.8682196140289307,1.6334141492843628,1.3642252683639526,2.564107656478882,2.782449960708618,1.2598627805709839,2.0925588607788086,5.235608100891113,2.1642653942108154,2.087618350982666,2.1158783435821533,0.9061840772628784,0.6896300315856934,1.638029932975769,1.5584019422531128,1.55293607711792,1.8668067455291748,0.9206260442733765,1.3330748081207275,4.777645587921143,1.868112564086914,1.7111448049545288,1.8171570301055908
311,2.0089874267578125,1.7957663536071777,1.9220391511917114,2.0978403091430664,1.9131988286972046,2.00890787105033,0.651971161365509,0.999938428401947,0.9995921850204468,0.9998815059661865,0.9999147057533264,0.9999982714653015,0.0016329269856214523,0.0008807818521745503,0.0001691096113063395,0.0008595705148763955,0.6345826983451843,0.12412642687559128,-0.49398019909858704,2.2723116874694824,2.3889362812042236,2.5060293674468994,2.371011734008789,2.0368406772613525,2.270811863589913,0.55613774061203,0.9998032450675964,0.9998856782913208,0.9998813271522522,0.9996808171272278,0.9999531507492065,0.0013383063487708569,0.0007207419257611036,0.00019356627308297902,0.0010637998348101974,0.6076632142066956,0.06402912735939026,-0.414082407951355,1.0919862985610962,1.173802137374878,1.2868363857269287,1.7800519466400146,2.0586798191070557,1.519913673400879,1.1225194931030273,1.628380537033081,4.7790141105651855,2.2914342880249023,1.8732620477676392,1.9618871212005615,0.8802542686462402,0.6946032643318176,1.5662592649459839,1.505590796470642,1.4414458274841309,1.7919731140136719,0.9103505611419678,1.311792016029358,4.748756408691406,1.8893572092056274,1.674038290977478,1.7890231609344482
312,1.9644405841827393,1.8114030361175537,1.8802008628845215,2.0571601390838623,1.8619390726089478,1.964380475723018,0.6329673528671265,0.9999356269836426,0.999671220779419,0.9998676180839539,0.9999172687530518,0.9999915361404419,0.001685837283730507,0.0008882861584424973,0.00016850003157742321,0.0007799908635206521,0.6426575183868408,0.13024604320526123,-0.4541691541671753,1.7832450866699219,2.0105342864990234,1.6849024295806885,1.8903539180755615,1.6430370807647705,1.7826913802170177,0.37117213010787964,0.9998307824134827,0.9996058344841003,0.9998939633369446,0.9997689723968506,0.9999035000801086,0.0018173892749473453,0.0009332308545708656,0.00023157782561611384,0.0012405536836013198,0.7189067602157593,0.17226120829582214,-0.3794102370738983,1.6823002099990845,1.2266368865966797,1.7090710401535034,2.5665204524993896,1.8331657648086548,2.222553253173828,2.164459228515625,1.8124525547027588,4.226964950561523,1.7024005651474,2.114652395248413,1.9673916101455688,0.9085665345191956,0.7158024907112122,1.5440787076950073,1.550232172012329,1.4548141956329346,1.7931149005889893,0.9980621933937073,1.324475884437561,4.6724653244018555,1.7372537851333618,1.669886589050293,1.761228322982788
313,2.0104429721832275,1.7542622089385986,1.8664922714233398,2.118537664413452,1.9114707708358765,2.0103084593521903,0.6308788061141968,0.9999061226844788,0.999953031539917,0.9996325969696045,0.9999237060546875,0.9999960660934448,0.0017031015595421195,0.0008849460864439607,0.00016104965470731258,0.0008041088585741818,0.6830492615699768,0.12137678265571594,-0.47072088718414307,2.6120243072509766,1.802312970161438,2.052091598510742,2.745378255844116,2.687415599822998,2.610869805587053,0.5083759427070618,0.9996855854988098,0.9993656873703003,0.9997756481170654,0.9997721910476685,0.999444842338562,0.0016560519579797983,0.0008593624806962907,0.00015917183191049844,0.0011225281050428748,0.6172694563865662,0.048226144164800644,-0.49252310395240784,1.672847032546997,1.299150824546814,1.4376875162124634,2.010540723800659,0.9882384538650513,0.8986425995826721,1.939314603805542,0.8555134534835815,3.6582977771759033,3.2509846687316895,1.8011219501495361,1.886948585510254,0.8804703950881958,0.6838042140007019,1.5017908811569214,1.5420581102371216,1.3531793355941772,1.6587342023849487,1.022188663482666,1.258921504020691,4.530723571777344,1.8239808082580566,1.6255851984024048,1.7209175825119019
314,2.126736640930176,1.8366279602050781,1.9800758361816406,2.240185260772705,2.0216543674468994,2.12661798991441,0.6475114226341248,0.999904215335846,0.9998193383216858,0.999731719493866,0.999927282333374,0.9999450445175171,0.0016088736010715365,0.0008484225836582482,0.00015214602171909064,0.0007639757823199034,0.6827566623687744,0.09985179454088211,-0.5451730489730835,3.9587442874908447,2.991532325744629,3.940847158432007,4.018996238708496,3.882199287414551,3.952100219957443,0.593048095703125,0.9996981620788574,1.0,0.9997127056121826,0.9995906949043274,0.9998733401298523,0.0013335557887330651,0.0005234936252236366,0.00012902887829113752,0.0008008682052604854,0.44380831718444824,-0.055254772305488586,-0.6409178972244263,0.9064538478851318,0.685813844203949,1.751743197441101,1.2349696159362793,2.3059260845184326,2.1889874935150146,1.5245856046676636,0.9419696927070618,4.679521083831787,2.66939640045166,1.8889366388320923,2.1292498111724854,0.8238949179649353,0.6072751879692078,1.4837232828140259,1.466209053993225,1.3863446712493896,1.68183171749115,1.0139368772506714,1.1876999139785767,4.522232532501221,1.8773276805877686,1.605047583580017,1.73039972782135
315,2.2195045948028564,1.8654210567474365,2.088773250579834,2.3314273357391357,2.107994794845581,2.2193851977913654,0.6390758752822876,0.9999285936355591,0.9999645948410034,0.9998512268066406,0.9999204277992249,0.9999709725379944,0.0014819970820099115,0.0007770376396365464,0.00014329279656521976,0.000739141833037138,0.6469310522079468,0.07820941507816315,-0.5471470952033997,3.0501675605773926,2.620542287826538,3.400195598602295,3.0077874660491943,3.016321897506714,3.042635405325665,0.37759673595428467,0.9996183514595032,0.9996349811553955,0.9998130798339844,0.9995251893997192,0.999751627445221,0.0010406955843791366,0.00042698864126577973,0.000146498394315131,0.0012587013188749552,0.4998350441455841,-0.007454443257302046,-0.4780147671699524,1.3174182176589966,1.1643712520599365,1.4417082071304321,1.6073440313339233,1.4425801038742065,1.7283443212509155,1.0542733669281006,1.9666470289230347,3.430478096008301,2.1947500705718994,1.73479163646698,1.762062430381775,0.813520073890686,0.5951542258262634,1.3980236053466797,1.4323170185089111,1.3575807809829712,1.6584657430648804,0.9625998735427856,1.150370717048645,4.3377251625061035,1.8849012851715088,1.559065818786621,1.6869341135025024
316,2.2711877822875977,1.8617238998413086,2.1003072261810303,2.394632577896118,2.1599698066711426,2.2710789877671984,0.6207035183906555,0.9999249577522278,0.9998524785041809,0.9997631311416626,0.9999271035194397,0.9999893307685852,0.0014371734578162432,0.0007719668792560697,0.00013813938130624592,0.0006990404217503965,0.6717641353607178,0.06628775596618652,-0.573211669921875,2.372457504272461,2.5055346488952637,2.238628625869751,2.382559061050415,2.4142963886260986,2.371704294713702,0.429794579744339,0.9997313618659973,0.9995354413986206,0.9998592734336853,0.9997988343238831,0.9995235800743103,0.0015201036585494876,0.0007543379324488342,0.00020127385505475104,0.001547577790915966,0.600307047367096,0.04885231703519821,-0.5924923419952393,1.3486076593399048,0.9940128922462463,3.2402548789978027,1.4651436805725098,2.7266881465911865,2.553724765777588,1.4713913202285767,1.369491457939148,3.9077022075653076,2.0986008644104004,2.1175618171691895,2.1238977909088135,0.8323577642440796,0.5963343381881714,1.5451807975769043,1.368539571762085,1.464617133140564,1.6259053945541382,0.9352498054504395,1.1401456594467163,4.25233268737793,1.8816909790039062,1.5642355680465698,1.684971809387207
317,2.276029586791992,1.8163399696350098,2.066937208175659,2.403592109680176,2.176663875579834,2.275927980313567,0.6137548685073853,0.999907910823822,0.999981701374054,0.9997257590293884,0.9999353289604187,0.9999456405639648,0.0014182206941768527,0.0007584496052004397,0.000135931302793324,0.0007209386094473302,0.6614273190498352,0.0663335993885994,-0.5627232789993286,2.46463942527771,2.013719081878662,2.1175403594970703,2.5897634029388428,2.4203248023986816,2.463477654298078,0.400005042552948,0.999739944934845,0.9997873306274414,0.999763011932373,0.9997017979621887,0.9997988939285278,0.001476532663218677,0.0007368987426161766,0.00016618990048300475,0.0013758022105321288,0.40095460414886475,0.04438704252243042,-0.4838903546333313,1.375372052192688,0.8948784470558167,1.6482504606246948,2.5120439529418945,1.079706072807312,1.143311858177185,2.1526150703430176,1.5723153352737427,3.315063714981079,2.2447078227996826,1.7938264608383179,1.7902649641036987,0.7949057817459106,0.5572021007537842,1.5131592750549316,1.4161884784698486,1.366102695465088,1.5286660194396973,0.9971537590026855,1.119513750076294,4.1193766593933105,1.8743888139724731,1.5286657810211182,1.6421172618865967
318,2.533790349960327,1.9482851028442383,2.2768430709838867,2.680697441101074,2.4272570610046387,2.5332551528522065,0.6186493635177612,0.9997587203979492,0.9999056458473206,0.9997998476028442,0.9999003410339355,0.9995338916778564,0.0013247044989839196,0.0006944602355360985,0.00012323830742388964,0.0006508323131129146,0.5922033786773682,0.026462094858288765,-0.6428377628326416,5.515571117401123,3.5293354988098145,5.458395481109619,5.323019027709961,6.078121662139893,5.498975071560827,0.45581528544425964,0.9994738101959229,0.9999281764030457,0.9997509717941284,0.999284565448761,0.9998068809509277,0.0010542641393840313,0.00038647520705126226,0.00012030489597236738,0.0009788816096261144,0.6484905481338501,-0.0456361286342144,-0.7678527235984802,1.2650221586227417,1.1575156450271606,1.9453204870224,2.3927512168884277,2.30680775642395,0.8345786929130554,1.6848057508468628,1.8984123468399048,3.983206272125244,3.5388340950012207,2.1007256507873535,2.2716312408447266,0.771975040435791,0.5317895412445068,1.5235719680786133,1.47283136844635,1.4113959074020386,1.4143643379211426,0.9173546433448792,1.1152249574661255,4.084784030914307,2.018434524536133,1.5261727571487427,1.6693134307861328
319,2.5921881198883057,2.0235869884490967,2.339855670928955,2.7341253757476807,2.491358518600464,2.5920271257688356,0.6207484602928162,0.9998937249183655,0.9999802112579346,0.9997148513793945,0.9998821020126343,0.9999892711639404,0.0012723536929115653,0.0006754574715159833,0.00011682599142659456,0.0006111350958235562,0.5307230949401855,0.015297981910407543,-0.5920554399490356,3.131413698196411,3.7106075286865234,3.2516608238220215,3.1021082401275635,3.1205923557281494,3.1298154907672746,0.4757571220397949,0.999759316444397,0.9998307228088379,0.9997962117195129,0.9996795058250427,0.9999105334281921,0.0009983379859477282,0.0005545542808249593,0.00016431383846793324,0.0011820703512057662,0.4541606903076172,-0.021470898762345314,-0.4753545820713043,1.1061491966247559,1.0180668830871582,1.7033699750900269,1.9254792928695679,1.7666614055633545,1.4453792572021484,1.6773790121078491,2.1153337955474854,4.495107173919678,2.218344211578369,1.9471269845962524,2.0540618896484375,0.7636683583259583,0.5179994702339172,1.4910916090011597,1.4451745748519897,1.3765720129013062,1.3915330171585083,0.9721434712409973,1.1387507915496826,4.081562519073486,1.9244048595428467,1.5102901458740234,1.6584806442260742
320,2.424337387084961,1.9403727054595947,2.2104029655456543,2.5472524166107178,2.334491014480591,2.4241912229037523,0.6380532383918762,0.9999147653579712,0.9996674656867981,0.9997567534446716,0.9999091625213623,0.9999970197677612,0.0013680506963282824,0.0007092793821357191,0.00012124860950279981,0.0006571101839654148,0.5252829790115356,0.03963010758161545,-0.586337149143219,1.6652041673660278,1.8844778537750244,1.741279125213623,1.7013014554977417,1.5660998821258545,1.6647632621575226,0.5844032764434814,0.9998827576637268,0.9999407529830933,0.9999110698699951,0.9998270869255066,0.9999625086784363,0.002030147472396493,0.0010096364421769977,0.0002457897353451699,0.0019753663800656796,0.6329339146614075,0.17803947627544403,-0.46056559681892395,0.8322451114654541,1.5077029466629028,2.5101284980773926,1.3495882749557495,2.7379956245422363,1.2155547142028809,2.2414636611938477,1.241690993309021,5.2239837646484375,1.7471975088119507,2.0607550144195557,2.0462357997894287,0.717292845249176,0.5479716062545776,1.5141762495040894,1.398568034172058,1.4925497770309448,1.2795202732086182,0.9768390655517578,1.1029272079467773,4.164178848266602,1.8811606168746948,1.5075185298919678,1.6531318426132202
321,2.281998634338379,1.9017468690872192,2.073518991470337,2.3995113372802734,2.1985037326812744,2.2819216791121293,0.6621113419532776,0.9999364018440247,0.9988968372344971,0.9998696446418762,0.9999387264251709,0.999976396560669,0.0014182769227772951,0.0007667983300052583,0.0001288327039219439,0.0006905295304022729,0.5723186135292053,0.06550490111112595,-0.5857816338539124,1.8506882190704346,2.022644281387329,1.7036540508270264,1.9529798030853271,1.7597556114196777,1.8504567835258594,0.6961906552314758,0.9998577833175659,0.9999578595161438,0.9997702240943909,0.9998274445533752,0.999940812587738,0.002094751223921776,0.0013599179219454527,0.00024077108537312597,0.001285782316699624,0.8098680973052979,0.164846271276474,-0.535454273223877,1.829923152923584,1.4369913339614868,2.4984519481658936,1.6186350584030151,2.1949613094329834,0.912255585193634,1.53541898727417,1.8235002756118774,7.160956382751465,3.3499948978424072,2.4361088275909424,2.6114859580993652,0.7739502191543579,0.553376317024231,1.5335174798965454,1.3688709735870361,1.4943307638168335,1.1954686641693115,0.9623523950576782,1.1443192958831787,4.362705707550049,1.995296597480774,1.5384187698364258,1.689933180809021
322,2.0485641956329346,1.8447154760360718,1.9163596630096436,2.1440083980560303,1.9621549844741821,2.04847263142489,0.6546876430511475,0.9999240040779114,0.9999116659164429,0.9998448491096497,0.9999218583106995,0.999961793422699,0.0015349442837759852,0.0008126110769808292,0.00014135519450064749,0.0007226913585327566,0.6790667176246643,0.11510763317346573,-0.5307228565216064,1.3919140100479126,1.3387467861175537,1.463188648223877,1.4259661436080933,1.3044977188110352,1.3918367437774393,0.656656801700592,0.9999166131019592,0.9999314546585083,0.9998124241828918,0.9999008178710938,0.9999863505363464,0.0033644363284111023,0.0015078849392011762,0.00034617658820934594,0.0016173666808754206,0.8851801156997681,0.35371509194374084,-0.3361034393310547,1.6827619075775146,1.5310592651367188,2.589599132537842,1.9226219654083252,2.6991162300109863,2.9147303104400635,1.3442091941833496,3.3933937549591064,8.144105911254883,2.264488935470581,2.8486087322235107,2.767653703689575,0.8249511122703552,0.5921066999435425,1.5143295526504517,1.3834980726242065,1.5809117555618286,1.3154045343399048,0.9694669246673584,1.316161870956421,4.52391242980957,1.9064075946807861,1.5927150249481201,1.7107443809509277
323,1.846882700920105,1.74007248878479,1.7534557580947876,1.9311634302139282,1.7604069709777832,1.846846105705063,0.6573381423950195,0.9999433159828186,0.9996742606163025,0.9998030066490173,0.9999496340751648,0.9999963045120239,0.0016520795179530978,0.0008850446320138872,0.00015645365056116134,0.0007097098859958351,0.7582178115844727,0.17175225913524628,-0.5373189449310303,1.372231364250183,1.6214854717254639,1.4493343830108643,1.4053666591644287,1.2876108884811401,1.3720032713293138,0.7884929180145264,0.9998633861541748,0.9999758005142212,0.9996272325515747,0.9998528957366943,0.9999713897705078,0.0029618102125823498,0.001976576168090105,0.0003682166279759258,0.001823745551519096,0.8399089574813843,0.3916231393814087,-0.11583943665027618,1.1244360208511353,2.9601845741271973,2.687614679336548,1.9951142072677612,1.7926784753799438,1.997835397720337,2.37748122215271,2.4707658290863037,9.78157901763916,2.3303122520446777,2.9518003463745117,3.0379364490509033,0.8272724151611328,0.695698082447052,1.5924715995788574,1.3854241371154785,1.5574896335601807,1.3155627250671387,1.0304287672042847,1.4027498960494995,4.689679145812988,1.8080699443817139,1.6304845809936523,1.7158304452896118
324,1.801186203956604,1.6716450452804565,1.6851752996444702,1.8817119598388672,1.7317118644714355,1.8011299456280865,0.6739384531974792,0.9999356865882874,0.9997310638427734,0.9998237490653992,0.9999314546585083,0.999993622303009,0.0017819814383983612,0.0009401186252944171,0.00016209069872274995,0.0007118876092135906,0.8006125688552856,0.1850624829530716,-0.5513654947280884,1.699000358581543,1.4756351709365845,1.456593632698059,1.7797998189926147,1.7063167095184326,1.6987738213871115,0.639287531375885,0.9998615384101868,0.9995712637901306,0.9998420476913452,0.9998278021812439,0.999937117099762,0.003238199045881629,0.0015218262560665607,0.0002633556432556361,0.0015297868521884084,0.7703666090965271,0.1813790649175644,-0.26897186040878296,2.2163641452789307,1.9040154218673706,1.165616512298584,1.4797502756118774,1.6289000511169434,2.468470811843872,1.4192707538604736,1.1482796669006348,6.278805255889893,2.8800570964813232,2.258953094482422,2.310591220855713,0.9001544117927551,0.7761256694793701,1.485366702079773,1.3020808696746826,1.4811229705810547,1.390030860900879,1.0265982151031494,1.3341044187545776,4.823171615600586,1.8466371297836304,1.636539101600647,1.7254185676574707
325,1.8436477184295654,1.6999597549438477,1.7413591146469116,1.9233375787734985,1.7698088884353638,1.8436011232224931,0.6821998357772827,0.999946653842926,0.9999301433563232,0.9998860359191895,0.9999352693557739,0.9999901652336121,0.0016634503845125437,0.0009125586948357522,0.00015941497986204922,0.0008157910779118538,0.7106637358665466,0.17120963335037231,-0.5271179676055908,1.9832509756088257,1.611799955368042,1.9225679636001587,1.947156548500061,2.115422248840332,1.9821298608168767,0.3925216794013977,0.9998208284378052,0.9995422959327698,0.9997825026512146,0.9997876882553101,0.9999349117279053,0.001660223351791501,0.0008636316633783281,0.00018989824457094073,0.0012556606670841575,0.7370219230651855,0.10309349000453949,-0.4617496430873871,1.182206392288208,1.860761284828186,1.4687154293060303,1.7032827138900757,1.1712121963500977,1.6063233613967896,1.9318971633911133,1.4468834400177002,3.7943546772003174,2.1359241008758545,1.8301559686660767,1.7555549144744873,0.8608973026275635,0.6811112761497498,1.3933384418487549,1.2945444583892822,1.3130041360855103,1.3541535139083862,1.0531408786773682,1.2945657968521118,4.674051761627197,1.8461171388626099,1.5764925479888916,1.6775234937667847
326,1.9379217624664307,1.7618067264556885,1.8334202766418457,2.029343843460083,1.8475526571273804,1.9378561332708646,0.6514369249343872,0.9999421238899231,0.9994947910308838,0.9998385906219482,0.9999403357505798,0.9999955296516418,0.0015919845318421721,0.0008765221573412418,0.0001564316771691665,0.00097347900737077,0.7009080648422241,0.13614925742149353,-0.5507247447967529,1.7319868803024292,1.6428074836730957,1.6157786846160889,1.731935739517212,1.8053747415542603,1.731500874386425,0.2753221392631531,0.999860942363739,0.9997974634170532,0.9998421669006348,0.9998304843902588,0.9999509453773499,0.002093339804559946,0.0010997928911820054,0.0002700829936657101,0.0018283659592270851,0.6970744729042053,0.1548698991537094,-0.5322893857955933,2.0077223777770996,1.6295843124389648,3.0369436740875244,2.845076084136963,1.55598783493042,2.4946200847625732,2.086235523223877,2.205843687057495,2.686718702316284,3.904038190841675,2.445276975631714,2.1964480876922607,0.8375091552734375,0.7444599270820618,1.3772454261779785,1.3497074842453003,1.223167896270752,1.2565487623214722,1.0957565307617188,1.2767133712768555,4.459626197814941,2.0293853282928467,1.565011978149414,1.659836769104004
327,2.119671583175659,1.8279428482055664,1.9448611736297607,2.2271292209625244,2.036954402923584,2.119544190585371,0.6321176886558533,0.9999179840087891,0.9996355175971985,0.9998435378074646,0.9998945593833923,0.999991774559021,0.0014146355679258704,0.0008227903745137155,0.00014405118417926133,0.0008937465026974678,0.6205201148986816,0.09119303524494171,-0.5313017964363098,2.153609037399292,1.9965819120407104,2.1593027114868164,2.1543967723846436,2.152233600616455,2.153004556940476,0.4969386160373688,0.9998428225517273,0.9999940991401672,0.9998810887336731,0.9997842907905579,0.9999607801437378,0.0016647570300847292,0.0008121877326630056,0.00020314818539191037,0.0011177121195942163,0.6360234022140503,0.07526087760925293,-0.4323264956474304,1.699100136756897,1.135953664779663,2.7406527996063232,1.7713919878005981,1.0140129327774048,1.1117877960205078,2.372102975845337,1.8563776016235352,3.1364920139312744,4.637643337249756,2.1475515365600586,2.175058126449585,0.7955076098442078,0.685829222202301,1.382697343826294,1.3440088033676147,1.0661609172821045,1.2054247856140137,1.113808035850525,1.2744468450546265,4.168666839599609,2.1806514263153076,1.521720290184021,1.628156065940857
328,2.2647407054901123,1.9800440073013306,2.0834414958953857,2.3793325424194336,2.1707918643951416,2.264605770229979,0.608803391456604,0.9999055862426758,1.0,0.9997730851173401,0.9999082088470459,0.999961256980896,0.001266924082301557,0.0007529477006755769,0.00013270146155264229,0.0008599349530413747,0.5838090181350708,0.05940094217658043,-0.5231069326400757,3.151404619216919,4.179696559906006,3.5482003688812256,3.0501699447631836,3.1963751316070557,3.1491569372956127,0.43083858489990234,0.9996296167373657,0.9997543096542358,0.9998177289962769,0.9995672702789307,0.9997014999389648,0.001169644296169281,0.0005417783977463841,0.0001664740266278386,0.0010737864067777991,0.40049129724502563,-0.018449002876877785,-0.534608006477356,1.3607478141784668,1.752467155456543,1.3490370512008667,1.5828509330749512,2.0294551849365234,2.6497135162353516,1.39811372756958,1.018445372581482,2.6219594478607178,4.015685558319092,1.977847695350647,2.052736282348633,0.7694492340087891,0.725836992263794,1.3281910419464111,1.2711344957351685,1.1142590045928955,1.2754933834075928,1.0814703702926636,1.1887081861495972,3.95432448387146,2.298757791519165,1.5007625818252563,1.6072957515716553
329,2.602271556854248,2.2992186546325684,2.40352201461792,2.732764959335327,2.48785400390625,2.6021159945439942,0.5671508312225342,0.9999021887779236,0.9998737573623657,0.9997522830963135,0.9998968243598938,0.9999805092811584,0.001137215062044561,0.000651796639431268,0.00011566816829144955,0.0007349028601311147,0.468651682138443,0.009950120002031326,-0.5662488341331482,3.7592785358428955,2.332965850830078,3.2229421138763428,3.844630002975464,3.996939182281494,3.7524680086692586,0.2361358404159546,0.9995374083518982,0.9999921321868896,0.9998387694358826,0.9994252920150757,0.9995519518852234,0.0015284440014511347,0.0004974263138137758,0.00014499817916657776,0.0009569806279614568,0.43160727620124817,-0.0476519800722599,-0.5849323272705078,1.9174314737319946,2.1246726512908936,1.9863088130950928,1.7620357275009155,2.2702953815460205,2.0530338287353516,2.396883010864258,1.7205531597137451,1.7865147590637207,3.550323963165283,2.1568052768707275,2.1416444778442383,0.7406060099601746,0.740125834941864,1.3516055345535278,1.287347435951233,1.1691184043884277,1.2875845432281494,1.1642462015151978,1.168212652206421,3.711310863494873,2.3466615676879883,1.4966819286346436,1.6061300039291382
330,3.0744965076446533,2.5933611392974854,2.8453733921051025,3.2343714237213135,2.925780773162842,3.0739011705613315,0.5458910465240479,0.9997798204421997,0.9979619383811951,0.9997938871383667,0.9999158382415771,0.9995946288108826,0.0009086406207643449,0.0005339875933714211,9.764181595528498e-05,0.0005899634561501443,0.35955631732940674,-0.02866765484213829,-0.5569310784339905,2.352494478225708,1.5460635423660278,1.8134057521820068,2.500615358352661,2.468956470489502,2.351615952211157,0.28724804520606995,0.9997516870498657,0.9999829530715942,0.9998639225959778,0.9996438026428223,0.9998897314071655,0.002030810108408332,0.0008468250744044781,0.00017661727906670421,0.0012324292911216617,0.5704255104064941,0.07022836804389954,-0.5903725624084473,1.747015357017517,1.4904181957244873,2.262411117553711,2.3178822994232178,2.128830671310425,1.2556298971176147,1.3067960739135742,1.7407426834106445,1.7355372905731201,3.1917190551757812,1.9176982641220093,1.8362336158752441,0.7648336291313171,0.6786870956420898,1.2351073026657104,1.2955561876296997,1.2220580577850342,1.2282540798187256,1.1180813312530518,1.1532328128814697,3.4479854106903076,2.375335693359375,1.4519132375717163,1.5730438232421875
331,3.604728937149048,2.8821218013763428,3.4558637142181396,3.7846806049346924,3.391253709793091,3.6045214939433103,0.5108128786087036,0.9999071955680847,0.9995692372322083,0.9998192191123962,0.9999011754989624,0.9999582767486572,0.0008699900354258716,0.0004400867037475109,8.773696754360572e-05,0.000514633662533015,0.30002322793006897,-0.05287662893533707,-0.5597099661827087,3.6041977405548096,2.674471616744995,3.210747480392456,3.528975486755371,4.113834381103516,3.6001649810436276,0.35613563656806946,0.9997270107269287,0.999989926815033,0.9998847246170044,0.9996370673179626,0.9998578429222107,0.001376809785142541,0.0006082470063120127,0.00016278708062600344,0.0012303151888772845,0.5483342409133911,-0.012487604282796383,-0.7341095209121704,1.334892988204956,1.963969111442566,2.460522174835205,2.2181313037872314,1.982214093208313,2.220766067504883,1.3996286392211914,4.438709259033203,2.4630331993103027,2.315108299255371,2.2796974182128906,2.331862449645996,0.7035722136497498,0.6931213140487671,1.313969612121582,1.3483991622924805,1.2626253366470337,1.251679539680481,1.062050700187683,1.417866587638855,3.315570831298828,2.332021951675415,1.4700878858566284,1.5907037258148193
332,3.1261279582977295,2.6447091102600098,2.912555694580078,3.29840087890625,2.9562907218933105,3.1259584527321294,0.5378769040107727,0.9999153017997742,0.999401330947876,0.999817430973053,0.9999077916145325,0.9999765157699585,0.0009379881666973233,0.0005106822936795652,0.00010093134187627584,0.0004944083630107343,0.5006346702575684,-0.025916093960404396,-0.5479778051376343,1.750036358833313,1.616500735282898,1.5341124534606934,1.8250079154968262,1.7518336772918701,1.7497698894161828,0.6680951118469238,0.9998813271522522,0.999549925327301,0.9998509883880615,0.9998586177825928,0.9999406337738037,0.002164976904168725,0.0013507980620488524,0.00028366033802740276,0.0012993098935112357,0.820500373840332,0.16766878962516785,-0.5297911167144775,2.4453303813934326,1.3470873832702637,1.7923777103424072,1.798791766166687,2.5542542934417725,2.0435118675231934,1.9919592142105103,1.226218342781067,7.232238292694092,2.1302988529205322,2.456207036972046,2.5647518634796143,0.777912974357605,0.6756651401519775,1.3405849933624268,1.2701927423477173,1.3494490385055542,1.2660518884658813,1.07978093624115,1.3735531568527222,3.5941967964172363,2.2383058071136475,1.4965693950653076,1.6185299158096313
333,2.5114669799804688,2.277991771697998,2.2795796394348145,2.648716688156128,2.4046449661254883,2.5113112766076964,0.5658968687057495,0.9999117255210876,0.9993023872375488,0.9998431205749512,0.9998846650123596,0.9999918937683105,0.0010804083431139588,0.0006306786090135574,0.00012186895037302747,0.0005177755374461412,0.5087171792984009,0.019142627716064453,-0.6451815962791443,1.171272873878479,1.3347313404083252,1.0322768688201904,1.2296725511550903,1.1454834938049316,1.1711759489248268,0.5530006885528564,0.9998968839645386,0.9999215602874756,0.999913215637207,0.9998505711555481,0.9999628067016602,0.0027569271624088287,0.0017521035624668002,0.0003456516133155674,0.0016260447446256876,0.856960654258728,0.4467092752456665,0.031168684363365173,1.8500474691390991,0.991898775100708,3.3981003761291504,1.6121708154678345,2.8318636417388916,1.7955899238586426,3.0023655891418457,1.5457978248596191,6.159054756164551,2.1196889877319336,2.5306577682495117,2.199303150177002,0.8629560470581055,0.6601781845092773,1.4906963109970093,1.1601266860961914,1.333245038986206,1.172344446182251,1.2247340679168701,1.270567536354065,3.8334739208221436,2.159461498260498,1.5167783498764038,1.6191701889038086
334,2.2222933769226074,2.073854684829712,1.9953608512878418,2.3440680503845215,2.140801429748535,2.2221598824834747,0.5955116152763367,0.9999189376831055,0.9997588396072388,0.9998231530189514,0.9999145865440369,0.9999750256538391,0.0012116554426029325,0.0007393299019895494,0.00013484488590620458,0.0005527778994292021,0.5736309885978699,0.0659598857164383,-0.6028005480766296,1.4590855836868286,1.6084916591644287,1.357960820198059,1.5283005237579346,1.3987014293670654,1.4589675375878195,0.6218600273132324,0.9999098181724548,0.9999968409538269,0.999854564666748,0.9998878240585327,0.9999786615371704,0.0029984950087964535,0.0017718467861413956,0.0003134744765702635,0.0014472202165052295,0.823662281036377,0.35518312454223633,-0.3988121449947357,2.283694267272949,1.5924725532531738,2.0465750694274902,2.3839480876922607,1.8633759021759033,1.4771785736083984,1.8514145612716675,1.9089970588684082,7.208528518676758,3.846672534942627,2.6462857723236084,2.5704689025878906,0.9520091414451599,0.7049708366394043,1.510609745979309,1.0869524478912354,1.3465088605880737,1.116575002670288,1.2466537952423096,1.181340217590332,4.038882255554199,2.3029913902282715,1.5487494468688965,1.6438112258911133
335,2.202366828918457,2.105349540710449,1.9961273670196533,2.327427625656128,2.1050703525543213,2.202301377261671,0.6044584512710571,0.9999315142631531,0.9995924234390259,0.9998133182525635,0.9999284148216248,0.999996542930603,0.001239668927155435,0.0007592753390781581,0.00013669296458829194,0.0005765011301264167,0.6076438426971436,0.0703592449426651,-0.5564574599266052,1.966059684753418,2.187004804611206,2.0251834392547607,2.0446698665618896,1.7998831272125244,1.9655350567207195,0.5016008615493774,0.9998193383216858,0.9995758533477783,0.999681830406189,0.9997779726982117,0.9999470710754395,0.0019001854816451669,0.0010903850197792053,0.00023046204296406358,0.0011419398942962289,0.5848332643508911,0.1324748992919922,-0.4104357361793518,1.532730221748352,1.1749703884124756,2.0459530353546143,2.1722934246063232,2.9417884349823,0.7913655638694763,1.6967628002166748,2.2034311294555664,4.974030017852783,2.31990122795105,2.1853225231170654,2.1791481971740723,0.879080593585968,0.6995685696601868,1.5236948728561401,1.1295840740203857,1.465867280960083,1.0443223714828491,1.2126524448394775,1.2468438148498535,4.1057305335998535,2.2590625286102295,1.5566407442092896,1.6561883687973022
336,2.262349843978882,2.1501927375793457,2.003471851348877,2.4110538959503174,2.155595064163208,2.2622544471619035,0.5714030265808105,0.9999315142631531,0.9999727606773376,0.999836266040802,0.9999285936355591,0.9999819397926331,0.0012478375574573874,0.0007776613347232342,0.00013406958896666765,0.0006329775787889957,0.6682784557342529,0.061385978013277054,-0.5014846920967102,2.293788194656372,1.5963557958602905,1.6954740285873413,2.4629595279693604,2.4156198501586914,2.293414985061212,0.33742639422416687,0.9998183250427246,0.9999431371688843,0.999848484992981,0.9997765421867371,0.9998739957809448,0.001884508179500699,0.0009964992059394717,0.00019917706958949566,0.0010167829459533095,0.6602320075035095,0.052774250507354736,-0.3560536503791809,2.2997169494628906,2.170228958129883,1.2125260829925537,3.4507501125335693,1.418801188468933,1.7743644714355469,1.3404899835586548,2.001749038696289,2.71032452583313,3.161001205444336,2.1539952754974365,2.0838897228240967,0.9014544486999512,0.77637779712677,1.4343576431274414,1.3006452322006226,1.3659390211105347,1.0740890502929688,1.1586215496063232,1.2480677366256714,3.927711009979248,2.330805778503418,1.5518070459365845,1.6347018480300903
337,2.349534749984741,2.295419692993164,2.1626384258270264,2.4990999698638916,2.206285238265991,2.349420449629046,0.5709093809127808,0.9999176859855652,0.9999348521232605,0.9998368620872498,0.999896764755249,0.9999836683273315,0.0011286940425634384,0.0007201902917586267,0.00012647348921746016,0.0006469205254688859,0.6271915435791016,0.05029239133000374,-0.5688740015029907,2.0773839950561523,1.784036636352539,2.084784507751465,2.077908992767334,2.0812981128692627,2.076840578466621,0.39145025610923767,0.9997379183769226,0.9999729990959167,0.9998610615730286,0.9997281432151794,0.9996779561042786,0.0018088618526235223,0.0007819854654371738,0.00017375859897583723,0.0012885144678875804,0.6728752851486206,0.13021810352802277,-0.32969343662261963,1.2631585597991943,1.4912729263305664,1.365199089050293,2.120298385620117,1.7717021703720093,1.4545445442199707,1.088840126991272,1.7509714365005493,3.5969371795654297,2.6971516609191895,1.860007643699646,1.7997701168060303,0.8541155457496643,0.8048173189163208,1.2848687171936035,1.3521379232406616,1.3348731994628906,1.062136173248291,1.052196741104126,1.2779970169067383,3.8431942462921143,2.1473052501678467,1.5013643503189087,1.5907254219055176
338,2.4244353771209717,2.284600257873535,2.2058212757110596,2.5873024463653564,2.278162956237793,2.4243675231264743,0.5578287839889526,0.9999257922172546,0.9995326995849609,0.9998246431350708,0.9999180436134338,0.9999896883964539,0.001190216513350606,0.0007191619952209294,0.00012325281568337232,0.0006628221017308533,0.6409310102462769,0.0404064916074276,-0.6111086010932922,2.9074301719665527,1.9338425397872925,2.2374324798583984,3.1481447219848633,3.0235044956207275,2.9063671930687835,0.3128840923309326,0.9997599720954895,0.9999518990516663,0.9998353123664856,0.9997535943984985,0.9996861219406128,0.0019758057314902544,0.0009026112384162843,0.00015792618796695024,0.0011413272004574537,0.5112460255622864,0.020872687920928,-0.6077954173088074,1.2322665452957153,1.8186726570129395,1.6053690910339355,1.6153260469436646,2.6381845474243164,2.5797119140625,1.8501750230789185,1.5767985582351685,3.242617130279541,3.0721182823181152,2.12312388420105,2.1036672592163086,0.8442963361740112,0.7169296741485596,1.2761322259902954,1.339469313621521,1.4252960681915283,1.170969843864441,1.0644804239273071,1.2606958150863647,3.7535297870635986,2.204129695892334,1.505592942237854,1.5937516689300537
339,2.455747127532959,2.1179299354553223,2.2024176120758057,2.6224451065063477,2.322082757949829,2.4555927899370835,0.5430715680122375,0.9999027848243713,0.9999450445175171,0.9996641874313354,0.9999197125434875,0.999994158744812,0.001222341670654714,0.0007145900744944811,0.00012278079520910978,0.0007597999647259712,0.5967153310775757,0.03429611027240753,-0.6461640000343323,2.171567916870117,1.2702751159667969,1.6112877130508423,2.303574323654175,2.413736581802368,2.169842123927992,0.37354952096939087,0.9997453689575195,0.9999898076057434,0.999829113483429,0.9996945261955261,0.9997601509094238,0.002458107192069292,0.0009579790639691055,0.00019416473514866084,0.0014974881196394563,0.5997224450111389,0.03836539760231972,-0.5535739064216614,1.3874239921569824,1.2424296140670776,1.5278795957565308,3.2667877674102783,1.597987413406372,2.337185859680176,1.3325650691986084,2.6652939319610596,3.4865972995758057,2.0222151279449463,2.086636543273926,2.023251533508301,0.8150847554206848,0.7355929613113403,1.2431373596191406,1.4892826080322266,1.371145486831665,1.2532799243927002,0.9987857937812805,1.317399501800537,3.684889554977417,2.174551248550415,1.5083149671554565,1.5896414518356323
340,2.510960340499878,2.093445062637329,2.2241032123565674,2.688178539276123,2.379464864730835,2.5108294815716814,0.5496010184288025,0.9999052882194519,0.9993282556533813,0.9998289346694946,0.9999427199363708,0.9998982548713684,0.0012296483619138598,0.0007089926511980593,0.00012144009087933227,0.000714434077963233,0.5784371495246887,0.03247212991118431,-0.6772631406784058,3.131422519683838,2.103485107421875,2.6222400665283203,3.3253860473632812,3.080674886703491,3.128010403068948,0.46023356914520264,0.9996843338012695,0.9994336366653442,0.9996926188468933,0.9995929598808289,0.999849796295166,0.001556238392367959,0.000751713989302516,0.00016174798656720668,0.0013539482606574893,0.6141355037689209,0.0024096197448670864,-0.6669453382492065,1.1578248739242554,1.29000985622406,1.5516948699951172,2.2320327758789062,2.2078845500946045,2.8429312705993652,0.9805445671081543,1.7959824800491333,4.280297756195068,3.295903444290161,2.163510799407959,2.2687690258026123,0.8054540753364563,0.7293663620948792,1.152428388595581,1.5121475458145142,1.411222219467163,1.388837218284607,0.9515253901481628,1.3380720615386963,3.718371629714966,2.2686030864715576,1.5276027917861938,1.6194151639938354
341,2.607706308364868,1.9908013343811035,2.251044273376465,2.8070783615112305,2.485226631164551,2.6075950667124306,0.5295172929763794,0.999921441078186,0.9999713897705078,0.9998022317886353,0.9999147057533264,0.9999936819076538,0.0011956790694966912,0.0006749706226401031,0.00011553880904102698,0.0006917355349287391,0.5270406603813171,0.019442198798060417,-0.6850231885910034,3.654585838317871,2.2400970458984375,3.144657850265503,3.7259037494659424,4.004347324371338,3.6448009794975986,0.3301069438457489,0.999170184135437,0.9997707009315491,0.9998310804367065,0.9988877773284912,0.9992865324020386,0.0020198170095682144,0.0005984773160889745,0.0001759679289534688,0.0011552864452823997,0.37588998675346375,-0.052213191986083984,-0.5041718482971191,1.6753180027008057,1.7967032194137573,1.8759304285049438,3.0475103855133057,1.5084306001663208,3.396873950958252,1.8967245817184448,1.062386393547058,2.6915552616119385,2.8026604652404785,2.1754093170166016,2.2096450328826904,0.7560548186302185,0.730546236038208,1.1595513820648193,1.6143778562545776,1.2203234434127808,1.5145306587219238,0.9842921495437622,1.2005550861358643,3.4989917278289795,2.2237470149993896,1.4902970790863037,1.5745317935943604
342,2.6556670665740967,2.0046725273132324,2.274164915084839,2.865610122680664,2.5370659828186035,2.6554511204549005,0.5232073664665222,0.9998865723609924,0.9998496770858765,0.9996670484542847,0.9998968243598938,0.9999948143959045,0.0012234848691150546,0.0006684245890937746,0.00011255387653363869,0.0006962667102925479,0.4855794608592987,0.012540992349386215,-0.6628407835960388,3.380516529083252,2.4173483848571777,2.8679120540618896,3.572179079055786,3.439652442932129,3.375358918459222,0.4338147044181824,0.9996836185455322,0.9998571276664734,0.9998501539230347,0.999599814414978,0.9996992349624634,0.0018717822385951877,0.0006434216047637165,0.00013183655391912907,0.0008674772689118981,0.5698366761207581,-0.026418648660182953,-0.4896089732646942,0.8499168753623962,0.8498936891555786,1.7372000217437744,3.0109782218933105,1.7635560035705566,1.3088122606277466,1.50510573387146,1.8170166015625,3.3819384574890137,1.7913285493850708,1.80157470703125,1.8831307888031006,0.7013936638832092,0.7066322565078735,1.1552973985671997,1.7274419069290161,1.229375958442688,1.4610217809677124,0.9972776770591736,1.2405585050582886,3.437267780303955,2.1440861225128174,1.4800353050231934,1.563219428062439
343,2.789153814315796,2.003753185272217,2.3648078441619873,3.0048301219940186,2.68880558013916,2.788577832189202,0.5258229374885559,0.9997641444206238,0.9999790787696838,0.9998387098312378,0.9998989701271057,0.9995102882385254,0.0012583149364218116,0.000655252137221396,0.00010798306902870536,0.000647710810881108,0.4587419033050537,0.0028199567459523678,-0.679774284362793,3.590733766555786,2.232539176940918,3.2088654041290283,3.6037631034851074,3.85256028175354,3.58823423833488,0.43737921118736267,0.9997063875198364,0.999589741230011,0.999845027923584,0.9996023774147034,0.9998541474342346,0.001732640783302486,0.0005537778488360345,0.0001417615421814844,0.0008487406303174794,0.3395109176635742,-0.046718206256628036,-0.5610450506210327,1.1065549850463867,1.0931419134140015,1.9849627017974854,1.9962831735610962,2.557410955429077,2.6723239421844482,1.328490138053894,1.1362829208374023,4.016839027404785,2.1221470832824707,2.00144362449646,2.1044251918792725,0.6524134874343872,0.6998880505561829,1.2002140283584595,1.7193797826766968,1.3274513483047485,1.5331106185913086,0.9894083142280579,1.2176549434661865,3.4814329147338867,2.1058132648468018,1.4926766157150269,1.5875043869018555
344,2.635873794555664,2.0967719554901123,2.2802627086639404,2.817075252532959,2.539339303970337,2.635705204124,0.5214865207672119,0.9999093413352966,0.9976140260696411,0.9997895359992981,0.9999254941940308,0.9999923706054688,0.0012864534510299563,0.0006967363297007978,0.0001146941795013845,0.0006198126939125359,0.5394126176834106,0.0217769593000412,-0.656834602355957,1.8556803464889526,1.8546282052993774,1.6777827739715576,1.8886455297470093,1.8981146812438965,1.854320265420425,0.47824564576148987,0.9997507333755493,0.9999814033508301,0.9998245239257812,0.9998325109481812,0.9995320439338684,0.0020021547097712755,0.0011240568710491061,0.00024396083608735353,0.0014629801735281944,0.6668667793273926,0.1265796422958374,-0.4133463501930237,2.419926166534424,2.164551019668579,3.4384381771087646,2.161565065383911,2.6853435039520264,1.4273748397827148,1.9332342147827148,1.920875072479248,5.764006614685059,1.4448363780975342,2.536015272140503,2.4746642112731934,0.7697644829750061,0.7209585309028625,1.3909357786178589,1.6747938394546509,1.4439224004745483,1.4705764055252075,1.0574606657028198,1.2051547765731812,3.6818902492523193,1.9961109161376953,1.5411567687988281,1.6251065731048584
345,2.4920711517333984,2.125196933746338,2.19527268409729,2.6464762687683105,2.3990275859832764,2.491915441640373,0.5197479128837585,0.9999039173126221,0.9986087679862976,0.9997790455818176,0.9999162554740906,0.9999711513519287,0.001359212095849216,0.0007160364766605198,0.00011949487088713795,0.0006179534248076379,0.6114421486854553,0.0399949811398983,-0.6423003673553467,1.6345643997192383,1.396471381187439,1.4891650676727295,1.6790921688079834,1.635887861251831,1.6342059480879811,0.49596789479255676,0.9998905658721924,0.9998573064804077,0.9999064803123474,0.9998462796211243,0.9999654293060303,0.0022821645252406597,0.0010163834085687995,0.0002474402717780322,0.0013769665965810418,0.8191684484481812,0.21228070557117462,-0.3688202500343323,1.414172649383545,1.471392273902893,2.675342559814453,1.4619585275650024,3.4234447479248047,1.4981279373168945,2.099717617034912,1.4863616228103638,4.930331230163574,1.7235925197601318,2.218444347381592,2.112356662750244,0.8023818135261536,0.745539128780365,1.4491521120071411,1.60598886013031,1.6166651248931885,1.4230551719665527,1.1307148933410645,1.1977041959762573,3.7773306369781494,1.945041537284851,1.5693572759628296,1.6414493322372437
346,2.391209363937378,2.043949842453003,2.0758121013641357,2.539426565170288,2.315047264099121,2.3910979262034906,0.5311514735221863,0.9999241828918457,0.9997463822364807,0.9998478293418884,0.9999210834503174,0.9999718070030212,0.001381724257953465,0.0007603486301377416,0.00012977499864064157,0.0006482721655629575,0.6366002559661865,0.05072313919663429,-0.6467199325561523,2.0413246154785156,2.213993549346924,1.711304783821106,2.1638588905334473,1.9760689735412598,2.0404430752084144,0.5247753262519836,0.9998041391372681,0.9995826482772827,0.9998651742935181,0.9997473359107971,0.999872624874115,0.001524021732620895,0.0011813456658273935,0.00025894175632856786,0.0012768855085596442,0.5247909426689148,0.11618731170892715,-0.36456459760665894,1.922533392906189,1.5847517251968384,1.7267593145370483,1.8006491661071777,1.0071101188659668,1.7927685976028442,2.1362156867980957,1.0931591987609863,4.867234230041504,3.6332249641418457,2.156440496444702,2.1870133876800537,0.8334871530532837,0.800432562828064,1.448911428451538,1.499722957611084,1.500260353088379,1.3661969900131226,1.1904321908950806,1.1495894193649292,3.847086191177368,2.0915002822875977,1.5727620124816895,1.642967939376831
347,2.480858087539673,2.1660544872283936,2.197275400161743,2.633758306503296,2.3799662590026855,2.4807653888868537,0.5260064005851746,0.9999305009841919,0.9997563362121582,0.9998201131820679,0.9999405145645142,0.999974250793457,0.0012753884075209498,0.0007130395388230681,0.00012590222468134016,0.0005874950438737869,0.6212124824523926,0.036909084767103195,-0.6401718854904175,3.5500893592834473,3.8877742290496826,4.482034683227539,3.498258590698242,3.280428171157837,3.542687782962294,0.345249742269516,0.9996469020843506,0.9996184706687927,0.9997990727424622,0.9995673298835754,0.9997511506080627,0.0009123897179961205,0.00043268720037303865,0.00014737481251358986,0.0012432271614670753,0.5033959150314331,-0.0353880450129509,-0.5664874315261841,1.216129183769226,1.4549630880355835,2.1219050884246826,1.444000005722046,1.6689090728759766,2.7912516593933105,1.16520357131958,1.748948574066162,3.1860039234161377,1.6071326732635498,1.840444803237915,1.87411367893219,0.8038855195045471,0.8172150254249573,1.3612433671951294,1.407363772392273,1.4759657382965088,1.4770150184631348,1.0928791761398315,1.1713963747024536,3.7418909072875977,2.0105626583099365,1.5359418392181396,1.609621524810791
348,2.5177929401397705,2.2174463272094727,2.2433979511260986,2.6763927936553955,2.4027881622314453,2.517639517454995,0.5157632827758789,0.9999098181724548,0.9995202422142029,0.9998136162757874,0.9999119639396667,0.9999606013298035,0.0012012057704851031,0.0006885610637255013,0.000122436074889265,0.000584165973123163,0.614777684211731,0.03043581172823906,-0.6414757966995239,2.9402811527252197,2.272444725036621,2.6259825229644775,3.0948848724365234,2.83017635345459,2.9370010752757687,0.363635390996933,0.9997376203536987,0.9999001622200012,0.9998576045036316,0.9996029138565063,0.9999164938926697,0.001004482968710363,0.0005509412148967385,0.00014566985191777349,0.0007878376054577529,0.4774729609489441,-0.010142955929040909,-0.6955341100692749,0.845503568649292,1.204148769378662,2.163020372390747,0.9380408525466919,2.480046272277832,1.6171516180038452,1.9767605066299438,1.336375117301941,2.848686456680298,2.121330738067627,1.7531064748764038,1.7660695314407349,0.7687332034111023,0.7798362374305725,1.4028016328811646,1.3033474683761597,1.550474762916565,1.4584187269210815,1.1069871187210083,1.161462426185608,3.6171212196350098,2.000509262084961,1.5149692296981812,1.584221601486206
349,2.491238594055176,2.256918430328369,2.2482893466949463,2.640082836151123,2.3759734630584717,2.491174685225109,0.5401242971420288,0.9999300241470337,0.9989125728607178,0.9998758435249329,0.9999171495437622,0.9999899864196777,0.0011499308748170733,0.0006804426084272563,0.00012162275379523635,0.0005862225661985576,0.5881129503250122,0.027370939031243324,-0.619774341583252,2.5126357078552246,2.6166369915008545,2.6063075065612793,2.5663907527923584,2.366800546646118,2.510712876758289,0.49369052052497864,0.9997180700302124,0.9997968673706055,0.9997994303703308,0.9996328949928284,0.9998274445533752,0.0010890759294852614,0.0006437373231165111,0.00016752751253079623,0.0012211077846586704,0.5361024141311646,0.00985032320022583,-0.41328194737434387,1.911453366279602,1.2132560014724731,1.4774832725524902,1.2815238237380981,1.2786227464675903,1.3937724828720093,1.3242651224136353,1.2935959100723267,4.191221237182617,2.0651566982269287,1.7430351972579956,1.8060964345932007,0.8384511470794678,0.7564736008644104,1.3787070512771606,1.2352066040039062,1.4962784051895142,1.3431779146194458,0.990772545337677,1.1083678007125854,3.6533567905426025,1.9679994583129883,1.4768791198730469,1.5577279329299927
350,2.5561909675598145,2.3173630237579346,2.3702428340911865,2.7038216590881348,2.4140965938568115,2.5560523665911363,0.5619446039199829,0.9999158382415771,0.9995726346969604,0.9998282790184021,0.9998998045921326,0.9999843835830688,0.001118892221711576,0.0006450939108617604,0.00011895891657331958,0.0005910132895223796,0.5746398568153381,0.019958550110459328,-0.6633248329162598,2.8389599323272705,2.4722611904144287,2.9704785346984863,2.8651022911071777,2.738978862762451,2.8367587003813517,0.5126920342445374,0.9997387528419495,0.9999786019325256,0.9998444318771362,0.9996839165687561,0.9997894763946533,0.0011458812514320016,0.0005977454129606485,0.00016671093180775642,0.0014134908560663462,0.5510998964309692,0.011051446199417114,-0.5710927248001099,0.8608885407447815,2.0034279823303223,1.2801408767700195,2.267962694168091,1.7712749242782593,1.9848700761795044,1.1740976572036743,1.3742022514343262,4.628933429718018,2.053389072418213,1.9399187564849854,2.0561864376068115,0.8041886687278748,0.7560985088348389,1.327073335647583,1.2950091361999512,1.4215734004974365,1.3413431644439697,0.9432732462882996,1.0757129192352295,3.7240560054779053,1.9498906135559082,1.4638220071792603,1.5637143850326538
351,2.404453992843628,2.2234160900115967,2.2818186283111572,2.5324370861053467,2.2627060413360596,2.4043445259645284,0.5735485553741455,0.9999284744262695,0.9998461008071899,0.9998227953910828,0.9999132752418518,0.9999967217445374,0.0011047212174162269,0.000659390352666378,0.00012505768972914666,0.0005915272049605846,0.587610125541687,0.03521709889173508,-0.6360794305801392,1.9176994562149048,2.0643696784973145,2.0673723220825195,1.9829853773117065,1.7560147047042847,1.9174364733497562,0.4699628949165344,0.9998593330383301,1.0,0.9997947812080383,0.9997979402542114,0.9999726414680481,0.0014718299498781562,0.000795689586084336,0.0002147619379684329,0.0010442546335980296,0.7113593816757202,0.10907694697380066,-0.30431845784187317,1.6298919916152954,1.6047139167785645,1.4933220148086548,2.223479986190796,1.2980104684829712,1.8238613605499268,1.009022831916809,2.6640756130218506,4.626410007476807,2.46854305267334,2.0841331481933594,2.041877269744873,0.835956335067749,0.7918860912322998,1.2930350303649902,1.2338523864746094,1.3017287254333496,1.3342692852020264,0.8932732939720154,1.2133681774139404,3.800901174545288,1.9098008871078491,1.460807204246521,1.5549103021621704
352,2.400026559829712,2.309492826461792,2.3149750232696533,2.521021842956543,2.251356601715088,2.399847258676047,0.5926992893218994,0.999900221824646,0.9999398589134216,0.9997720718383789,0.9999167919158936,0.9999290108680725,0.0011035356437787414,0.0006720260716974735,0.0001300076546613127,0.0006070499657653272,0.6239511966705322,0.03642755001783371,-0.6607999801635742,2.310187339782715,2.064053773880005,2.2714717388153076,2.3866841793060303,2.197242021560669,2.3089511089360317,0.5623735189437866,0.9997660517692566,0.9993875622749329,0.9998301267623901,0.9996997714042664,0.9998589158058167,0.0019115239847451448,0.0008313587750308216,0.00020223378669470549,0.0014964191941544414,0.48855990171432495,0.056788261979818344,-0.6338016390800476,1.024681806564331,1.3751444816589355,0.8727990984916687,1.6702251434326172,1.8495317697525024,1.5631554126739502,1.3907994031906128,2.297816514968872,4.867626667022705,2.8815534114837646,1.9793332815170288,2.083996534347534,0.7713029980659485,0.8058688044548035,1.2328839302062988,1.2490389347076416,1.3291385173797607,1.2628508806228638,0.8570826649665833,1.289099097251892,3.873002290725708,1.989854097366333,1.4660123586654663,1.57308030128479
353,2.420012950897217,2.2411534786224365,2.3034145832061768,2.548398971557617,2.2727744579315186,2.4198615635920686,0.5992980599403381,0.9999134540557861,0.998054563999176,0.9998530149459839,0.9999139904975891,0.9999610781669617,0.0011396678164601326,0.0006874153041280806,0.00013074192975182086,0.0006331909680739045,0.5756889581680298,0.03649896755814552,-0.6787052750587463,2.653449773788452,1.7823525667190552,2.233017921447754,2.821046829223633,2.6074798107147217,2.652806844938102,0.5213083028793335,0.9998248219490051,0.9998888373374939,0.9998406767845154,0.9997816681861877,0.9998977780342102,0.0017313469434157014,0.0008452496840618551,0.00016681873239576817,0.0012241697404533625,0.6476683020591736,0.030528787523508072,-0.41743940114974976,1.8892618417739868,1.0676765441894531,2.5319910049438477,1.8010663986206055,1.2006776332855225,1.5520155429840088,1.0944573879241943,1.2195854187011719,4.173487663269043,3.7179322242736816,2.024815320968628,2.136730432510376,0.7513185143470764,0.7737716436386108,1.3413933515548706,1.2528539896011353,1.2701416015625,1.2522939443588257,0.8103541135787964,1.258807897567749,3.8550193309783936,2.133200168609619,1.469915509223938,1.5837804079055786
354,2.4791343212127686,2.261000633239746,2.353928565979004,2.6231141090393066,2.3132667541503906,2.4789983441547445,0.5908118486404419,0.9999130368232727,0.9999955892562866,0.9998306632041931,0.9998863339424133,0.9999855160713196,0.0011421683011576533,0.0006596140447072685,0.0001268581982003525,0.0006442630547098815,0.5828170776367188,0.03452484309673309,-0.6793177127838135,3.3966989517211914,3.2201743125915527,3.460369348526001,3.621534824371338,2.9819858074188232,3.391153996450853,0.4339592456817627,0.9996151924133301,0.9993507266044617,0.9997534155845642,0.9994470477104187,0.999835193157196,0.0011150498175993562,0.00047084278776310384,0.00015207157412078232,0.001112088211812079,0.4950390160083771,0.00743865454569459,-0.5333236455917358,1.4527631998062134,0.6781524419784546,1.7701826095581055,2.4729411602020264,0.8631964921951294,1.340318202972412,1.8431304693222046,1.4710090160369873,2.874447822570801,3.1678719520568848,1.7934013605117798,1.8754037618637085,0.7468068599700928,0.7252598404884338,1.321028709411621,1.3017207384109497,1.2103159427642822,1.2308452129364014,0.8355079293251038,1.222033977508545,3.7336039543151855,2.1910531520843506,1.4518176317214966,1.563841700553894
355,2.4835457801818848,2.241873264312744,2.3388283252716064,2.620852470397949,2.3388094902038574,2.4834342946375147,0.608279824256897,0.9999011158943176,0.9999979138374329,0.9996549487113953,0.9999213814735413,0.9999814629554749,0.0012354080099612474,0.0006910394877195358,0.00012730555317830294,0.0007301070145331323,0.5784251093864441,0.03092602640390396,-0.6886354684829712,2.409337282180786,1.8241697549819946,2.071094274520874,2.508424758911133,2.499332904815674,2.408578870482938,0.6255401372909546,0.9998141527175903,0.9999889731407166,0.9997188448905945,0.9997777342796326,0.9999569654464722,0.0026543186977505684,0.0010965754045173526,0.00017774970910977572,0.0010685849701985717,0.5239907503128052,0.028008265420794487,-0.535444438457489,0.7803353667259216,1.7034956216812134,1.540490984916687,1.8918235301971436,1.8009697198867798,1.7107324600219727,1.5032867193222046,1.2929693460464478,5.653268337249756,2.5031774044036865,2.038055181503296,2.220306396484375,0.7088442444801331,0.772804319858551,1.2941282987594604,1.3331282138824463,1.2455456256866455,1.2399446964263916,0.8580760359764099,1.1918953657150269,3.8847599029541016,2.179978609085083,1.4709104299545288,1.5970568656921387
356,2.277409315109253,1.9795844554901123,2.1000893115997314,2.408586025238037,2.1639461517333984,2.277260745432887,0.6258689761161804,0.9999059438705444,0.9995331764221191,0.9997541904449463,0.9999033212661743,0.9999898076057434,0.0014367649564519525,0.0007719949935562909,0.0001351754181087017,0.0008019112283363938,0.6223095655441284,0.058966368436813354,-0.7119568586349487,1.5374547243118286,1.2354629039764404,1.3835904598236084,1.6342895030975342,1.4829833507537842,1.5372998202201038,0.5971396565437317,0.9998834729194641,0.9999659657478333,0.9999257922172546,0.9998175501823425,0.9999591708183289,0.0036822741385549307,0.0015528216026723385,0.00025730105699039996,0.001666953437961638,0.8552297949790955,0.24382811784744263,-0.3191993236541748,1.8475921154022217,1.0081064701080322,2.800647497177124,1.4220044612884521,2.0605788230895996,1.5107934474945068,1.5533305406570435,1.5881016254425049,5.737916946411133,1.899017095565796,2.1428089141845703,2.0921597480773926,0.7722838521003723,0.708452582359314,1.3409864902496338,1.3112915754318237,1.291198492050171,1.2314695119857788,0.8737634420394897,1.185464859008789,4.04292631149292,2.0768768787384033,1.4834712743759155,1.6023935079574585
357,2.3190786838531494,1.979368805885315,2.096161127090454,2.461399555206299,2.213182210922241,2.3190646185087758,0.637791633605957,0.9999192357063293,0.9999290704727173,0.9998283386230469,0.9999194741249084,0.9999643564224243,0.0014502141857519746,0.0007774358964525163,0.00013335776748135686,0.0007714299717918038,0.5922980308532715,0.04969058558344841,-0.6957863569259644,2.8644070625305176,2.6158902645111084,2.4431471824645996,3.0461089611053467,2.777566909790039,2.8580448847109237,0.5398016571998596,0.9997202157974243,0.9999225735664368,0.9998784065246582,0.9996448159217834,0.9997521042823792,0.001367461052723229,0.0008643655455671251,0.00016599244554527104,0.0010622481349855661,0.4536721110343933,-0.0049552517011761665,-0.5763626098632812,1.266019344329834,1.6491819620132446,1.4177883863449097,1.6584193706512451,1.5578221082687378,0.7413243651390076,2.0017919540405273,1.666685700416565,4.670896053314209,3.0982308387756348,1.9728161096572876,2.1166131496429443,0.7527952790260315,0.7196416854858398,1.2912596464157104,1.316209077835083,1.2618365287780762,1.1281862258911133,0.9394723773002625,1.1919687986373901,4.085747718811035,2.151660203933716,1.4838777780532837,1.6161433458328247
358,2.2445123195648193,1.8785066604614258,2.0342776775360107,2.3738179206848145,2.151862859725952,2.244359800934068,0.6502151489257812,0.9998926520347595,0.9993011951446533,0.9997620582580566,0.9998887181282043,0.9999755024909973,0.0015861006686463952,0.0008099338156171143,0.00014387611008714885,0.0008730973931960762,0.5718309879302979,0.0630282610654831,-0.6440704464912415,1.9715756177902222,1.4580085277557373,1.7688872814178467,2.0553946495056152,1.9538630247116089,1.9710294095817609,0.5413163900375366,0.9998153448104858,0.9993999004364014,0.9997662305831909,0.9997690916061401,0.999951958656311,0.002465791767463088,0.001230901456438005,0.0002708476094994694,0.0016467258101329207,0.67024165391922,0.09292519837617874,-0.41829612851142883,1.2416669130325317,1.6631402969360352,1.5798168182373047,2.8829586505889893,2.2517600059509277,2.057814359664917,1.1271343231201172,1.8923139572143555,5.673965930938721,3.4512715339660645,2.3821842670440674,2.415827512741089,0.7218371629714966,0.7203909754753113,1.250762939453125,1.3935441970825195,1.3121767044067383,1.1777410507202148,0.9304450154304504,1.2092995643615723,4.210510730743408,2.2314884662628174,1.5158196687698364,1.651572823524475
359,2.381443500518799,1.9353960752487183,2.116523265838623,2.5229153633117676,2.302919864654541,2.381305220986737,0.65489262342453,0.9999156594276428,0.9998371005058289,0.9998223185539246,0.9999114871025085,0.9999739527702332,0.0015087219653651118,0.0007716238615103066,0.0001382706977892667,0.0008424320258200169,0.5056957006454468,0.03743841499090195,-0.6312135457992554,3.342625856399536,3.1716232299804688,3.130622148513794,3.2134220600128174,3.8422329425811768,3.3394166225320254,0.46318456530570984,0.9996805191040039,0.9997878074645996,0.999783992767334,0.9995884299278259,0.9998781681060791,0.001144000212661922,0.0005720937042497098,0.00015896766853984445,0.0011690102983266115,0.49280214309692383,-0.034616682678461075,-0.6413598656654358,1.245448350906372,1.0816634893417358,1.427351951599121,2.79274845123291,1.046817660331726,2.5252790451049805,1.2988699674606323,1.2069231271743774,3.6831068992614746,2.0780489444732666,1.8386259078979492,1.9412684440612793,0.6456135511398315,0.6966137886047363,1.2121213674545288,1.454193353652954,1.2450079917907715,1.275848627090454,0.876781165599823,1.1426854133605957,4.13090705871582,2.1307921409606934,1.4810564517974854,1.6323230266571045
360,2.4797022342681885,2.0439891815185547,2.2500481605529785,2.6170709133148193,2.3847475051879883,2.4795234809050424,0.6406476497650146,0.9998876452445984,0.9998289346694946,0.9996970295906067,0.9998850226402283,0.9999924302101135,0.001391219557262957,0.0007173213525675237,0.000131192515254952,0.0008109511691145599,0.474664568901062,0.020341038703918457,-0.6684325337409973,3.6534440517425537,4.109524250030518,4.027679920196533,3.5623555183410645,3.6747050285339355,3.649273796222425,0.37111619114875793,0.9995095729827881,0.999038577079773,0.999832808971405,0.9993472695350647,0.9997549057006836,0.0008022351539693773,0.00043600003118626773,0.00014493220078293234,0.0009568684035912156,0.6797788739204407,-0.03784969449043274,-0.5952227115631104,1.1111613512039185,0.8184933662414551,1.7811013460159302,1.2712934017181396,2.581606149673462,1.783083200454712,1.4528676271438599,1.773593783378601,3.1497159004211426,2.1765787601470947,1.7899494171142578,1.8415006399154663,0.6452168226242065,0.6688623428344727,1.1637506484985352,1.366689682006836,1.3329800367355347,1.2996370792388916,0.885343074798584,1.1166454553604126,3.9970285892486572,2.062016010284424,1.4538170099258423,1.6012701988220215
361,2.4111759662628174,2.034001111984253,2.199903964996338,2.5396978855133057,2.319291114807129,2.4109965882814786,0.6545541882514954,0.9998950958251953,0.9999688267707825,0.9997367858886719,0.9998923540115356,0.9999792575836182,0.001453366712667048,0.000763165473472327,0.00013796184794045985,0.0008490949985571206,0.48258665204048157,0.028398513793945312,-0.6783419847488403,2.2062251567840576,2.5048253536224365,2.124882936477661,2.2947399616241455,2.084791898727417,2.2053221407838066,0.5668209791183472,0.9998037815093994,0.9998704195022583,0.9997285604476929,0.999753475189209,0.9999253749847412,0.0021514229010790586,0.001168072340078652,0.00024546217173337936,0.0016254393849521875,0.5569047927856445,0.055642977356910706,-0.7316097021102905,1.4400417804718018,1.5320225954055786,1.2550922632217407,2.456003189086914,3.7542104721069336,2.374016523361206,2.116708755493164,1.8571908473968506,5.856986999511719,1.2843812704086304,2.3926656246185303,2.5049917697906494,0.6390992403030396,0.63858962059021,1.1161682605743408,1.3654831647872925,1.5454214811325073,1.3857505321502686,0.9106947779655457,1.1399309635162354,4.164729595184326,1.913490891456604,1.4819358587265015,1.6360468864440918
362,2.2564313411712646,1.9827133417129517,2.061476230621338,2.376988172531128,2.1693363189697266,2.256339180663853,0.6707181334495544,0.9999104142189026,0.9988115429878235,0.9997977614402771,0.9999203681945801,0.9999714493751526,0.0015625410014763474,0.0008250674582086504,0.00014774170995224267,0.0008032878977246583,0.5360167622566223,0.05729026347398758,-0.6626769304275513,1.7314751148223877,1.8625582456588745,1.5924253463745117,1.79935622215271,1.6927599906921387,1.7308492846737025,0.7173889875411987,0.9997930526733398,0.9991591572761536,0.9998448491096497,0.9997010231018066,0.9999215006828308,0.0026462634559720755,0.0015795808285474777,0.00028906442457810044,0.0014359898632392287,0.7294744253158569,0.1916240155696869,-0.38314545154571533,1.2726953029632568,1.9252736568450928,1.6581830978393555,2.3551199436187744,1.8809287548065186,1.9980158805847168,2.164980173110962,1.5239177942276,7.515170097351074,1.7863383293151855,2.408062219619751,2.5663623809814453,0.6672574281692505,0.646361768245697,1.1191506385803223,1.4348903894424438,1.535537600517273,1.3674346208572388,0.9916971325874329,1.1164599657058716,4.342236042022705,1.8185303211212158,1.503955602645874,1.6556140184402466
363,2.190889358520508,1.9168561697006226,2.0108423233032227,2.306988000869751,2.101301431655884,2.1907949827292184,0.662262499332428,0.9999363422393799,0.9997652769088745,0.9998567700386047,0.9999240040779114,0.9999971389770508,0.0016037706518545747,0.000849306583404541,0.00015266974514815956,0.0007945533725433052,0.5503968000411987,0.07438643276691437,-0.626571536064148,2.0816104412078857,2.2474894523620605,2.108431100845337,2.182157039642334,1.8939931392669678,2.080896011172598,0.42752042412757874,0.9997546672821045,0.9996293783187866,0.9996479153633118,0.9996849298477173,0.9999121427536011,0.0019534286111593246,0.0010458128526806831,0.00024072044470813125,0.0011975590605288744,0.595198929309845,0.06919356435537338,-0.4829566478729248,2.172431707382202,1.3650516271591187,1.911561369895935,1.6476664543151855,2.975800037384033,1.9901177883148193,1.4907642602920532,2.232452392578125,4.919505596160889,2.1625077724456787,2.286785840988159,2.2417430877685547,0.7317524552345276,0.6181480288505554,1.1451165676116943,1.4231975078582764,1.5967625379562378,1.3886934518814087,0.9742607474327087,1.1879483461380005,4.3616042137146,1.798651099205017,1.522613525390625,1.6613649129867554
364,2.1414377689361572,1.9329990148544312,1.9517799615859985,2.2575621604919434,2.0549497604370117,2.1413105732147253,0.6408572196960449,0.999897837638855,0.9998512268066406,0.9998267889022827,0.9999150633811951,0.9999090433120728,0.0016946586547419429,0.000874353398103267,0.00015816287486813962,0.0007217306410893798,0.5237765312194824,0.07728245109319687,-0.6072703003883362,1.8391259908676147,2.0403800010681152,1.6439522504806519,1.9303219318389893,1.7746467590332031,1.8386540761975705,0.38513925671577454,0.9998327493667603,0.9997819066047668,0.9998478889465332,0.9997684955596924,0.9999468922615051,0.0020816330797970295,0.0010752956150099635,0.00025545843527652323,0.0012447218177840114,0.7412762641906738,0.10524153709411621,-0.40451982617378235,1.0062427520751953,1.4977408647537231,2.956740617752075,2.1568453311920166,2.2187604904174805,2.0789525508880615,2.9004311561584473,1.7061271667480469,4.46065092086792,2.7128264904022217,2.3695321083068848,2.2307586669921875,0.7188389897346497,0.6432972550392151,1.2854317426681519,1.3281186819076538,1.6370608806610107,1.426371455192566,1.1028082370758057,1.1912224292755127,4.350846767425537,1.8619109392166138,1.5545907020568848,1.673006296157837
365,2.0476644039154053,1.8930145502090454,1.8809776306152344,2.153221845626831,1.9643948078155518,2.047566970585275,0.6530662775039673,0.9999324083328247,1.0,0.9998237490653992,0.9999250769615173,0.9999969601631165,0.001694260980002582,0.0008997002732940018,0.00016458230675198138,0.0007261924329213798,0.6358770132064819,0.10026466101408005,-0.5711709856987,1.6920578479766846,1.9322510957717896,1.628334641456604,1.759777307510376,1.6035691499710083,1.6918630226306097,0.6157339811325073,0.9998693466186523,0.9996767640113831,0.9998794794082642,0.9998008608818054,0.9999768733978271,0.002030282747000456,0.001129632699303329,0.00025728001492097974,0.0012090785894542933,0.8322324752807617,0.16204220056533813,-0.33359357714653015,1.853171467781067,0.9950347542762756,2.992309093475342,1.1634689569473267,1.6959507465362549,1.4941996335983276,1.7227246761322021,1.7861486673355103,5.606910228729248,1.4864885807037354,2.0796406269073486,2.102519989013672,0.7401790022850037,0.6444991827011108,1.4296149015426636,1.2748576402664185,1.5823434591293335,1.4052906036376953,1.1334633827209473,1.1530486345291138,4.452822208404541,1.8069093227386475,1.5623029470443726,1.676690936088562
366,1.9445037841796875,1.8350309133529663,1.7861541509628296,2.0375993251800537,1.874674677848816,1.9444196644555571,0.6494918465614319,0.9999345541000366,0.9999097585678101,0.9998335838317871,0.9999301433563232,0.9999917149543762,0.0017558055697008967,0.0009141540504060686,0.0001712325174594298,0.0006526025827042758,0.7464418411254883,0.13105326890945435,-0.5420389175415039,1.4126601219177246,1.7748905420303345,1.3761727809906006,1.444366455078125,1.3676053285598755,1.4124350123353835,0.423338919878006,0.9998602271080017,0.9999783039093018,0.9997006058692932,0.9998446702957153,0.999966025352478,0.0020134823862463236,0.0011043845443055034,0.00027282824157737195,0.0014313450083136559,0.8921095132827759,0.27006790041923523,-0.30361858010292053,1.848979115486145,1.473278522491455,2.219952344894409,1.488641381263733,1.7615643739700317,1.5685923099517822,2.220837354660034,2.0466067790985107,4.7736382484436035,2.2257485389709473,2.1627838611602783,1.916924238204956,0.7955135703086853,0.6131983399391174,1.4763556718826294,1.2128387689590454,1.5698623657226562,1.361376166343689,1.2069149017333984,1.1815528869628906,4.454251766204834,1.7872189283370972,1.565908432006836,1.660491943359375
367,1.9616515636444092,1.833402156829834,1.8427201509475708,2.0475220680236816,1.881602168083191,1.9615694922250266,0.6577414274215698,0.9999286532402039,0.9997811317443848,0.999836266040802,0.999911904335022,0.9999979138374329,0.0016010793624445796,0.000856719387229532,0.00016559861251153052,0.0006766133010387421,0.7323800325393677,0.12302292883396149,-0.5439007878303528,2.423705816268921,2.2079267501831055,2.9692153930664062,2.4374608993530273,2.2407851219177246,2.4222811900163554,0.5036713480949402,0.9997524619102478,1.0,0.9998162388801575,0.9997625350952148,0.9997150301933289,0.0010338794672861695,0.00047292542876675725,0.00017120540724135935,0.0012998242164030671,0.4455493092536926,0.017650309950113297,-0.658957839012146,1.014142394065857,1.4290482997894287,2.9555492401123047,1.5980530977249146,1.9077926874160767,1.4195977449417114,0.947299599647522,1.741207242012024,4.186774253845215,1.4343116283416748,1.863377571105957,1.9286754131317139,0.7589598298072815,0.5663598775863647,1.5898261070251465,1.1999214887619019,1.571228265762329,1.3061649799346924,1.1155542135238647,1.1347466707229614,4.366276264190674,1.6509236097335815,1.5259960889816284,1.6272587776184082
368,2.0020785331726074,1.910504937171936,1.914499282836914,2.0861916542053223,1.9103422164916992,2.0020096379220518,0.678887128829956,0.9999312162399292,0.9999866485595703,0.9998622536659241,0.9999123811721802,0.9999890923500061,0.0015946740750223398,0.000820519810076803,0.0001611781626706943,0.0007087638368830085,0.6863582730293274,0.11673559993505478,-0.5686900019645691,2.526334524154663,2.3989663124084473,2.897900104522705,2.5428364276885986,2.353074550628662,2.524435514925057,0.5804170966148376,0.9995405673980713,0.9988723397254944,0.999899685382843,0.9995942711830139,0.999333918094635,0.0014257105067372322,0.0006047707865945995,0.00017532096535433084,0.0012248395942151546,0.5526568293571472,0.020934095606207848,-0.5017839074134827,1.2221362590789795,1.029878854751587,1.4148164987564087,2.011906862258911,1.4952236413955688,1.6885720491409302,1.051533818244934,1.3911830186843872,4.846583366394043,2.28355073928833,1.8435386419296265,1.9819475412368774,0.716205894947052,0.5353939533233643,1.5336967706680298,1.2367808818817139,1.506192922592163,1.2407734394073486,1.0220988988876343,1.1115297079086304,4.362484455108643,1.6734691858291626,1.4938626289367676,1.6153037548065186
369,2.021822690963745,1.9351986646652222,1.9757435321807861,2.1040422916412354,1.9136956930160522,2.0217124387649945,0.6509880423545837,0.9999074935913086,0.9985738396644592,0.9997789859771729,0.9998993873596191,0.9999887347221375,0.0015373064670711756,0.000787011522334069,0.00015973094559740275,0.0007226116140373051,0.613993227481842,0.1025913655757904,-0.5627827644348145,2.316204071044922,2.2396016120910645,2.998917818069458,2.338627576828003,2.091235399246216,2.3142532970319833,0.3695283532142639,0.9997496604919434,0.9999871253967285,0.9997280240058899,0.9996699094772339,0.9998929500579834,0.0012257191119715571,0.0005688507226295769,0.00018981393077410758,0.001261322177015245,0.5395500063896179,0.04167432337999344,-0.3704856038093567,2.014796257019043,1.2051640748977661,1.3236216306686401,0.8667600154876709,1.7982364892959595,2.202990770339966,1.3422932624816895,1.5169247388839722,3.210261344909668,2.4847357273101807,1.7965784072875977,1.758430004119873,0.7867013812065125,0.5631809830665588,1.4949994087219238,1.171653151512146,1.4831849336624146,1.2946285009384155,1.0020447969436646,1.1058286428451538,4.209318161010742,1.7248996496200562,1.483643889427185,1.5868337154388428
370,2.0363640785217285,1.971437931060791,2.008148193359375,2.126316785812378,1.908884048461914,2.0362844731071346,0.612407386302948,0.9999257922172546,0.999988317489624,0.9998000264167786,0.999921977519989,0.9999809861183167,0.0013849925016984344,0.0007352913962677121,0.00015279177750926465,0.0006874023238196969,0.6337915062904358,0.10458596050739288,-0.583735466003418,2.2171592712402344,2.2870965003967285,2.3748652935028076,2.2517752647399902,2.0728952884674072,2.2153705695461348,0.3964208662509918,0.999694287776947,0.9996089935302734,0.99976646900177,0.9995689988136292,0.9999303221702576,0.0013646058505401015,0.0005687630618922412,0.00016801022866275162,0.0012893715174868703,0.5927538275718689,0.08088601380586624,-0.3606142997741699,0.6653909087181091,1.532915472984314,1.9867863655090332,2.209092617034912,1.3765732049942017,0.9849238991737366,1.039467215538025,1.1601896286010742,2.531827211380005,2.502941370010376,1.5990108251571655,1.5679653882980347,0.7464002370834351,0.6169284582138062,1.5116857290267944,1.219800353050232,1.4394603967666626,1.2314897775650024,0.9470369219779968,1.0862162113189697,3.9176759719848633,1.7700467109680176,1.4486740827560425,1.5248126983642578
371,2.2061994075775146,2.153294801712036,2.221019983291626,2.3112502098083496,2.0383005142211914,2.20613251428745,0.5793355107307434,0.9999215602874756,0.9999929666519165,0.9997624754905701,0.9999239444732666,0.9999764561653137,0.0012726786080747843,0.0006638221675530076,0.00014599952555727214,0.0006145525840111077,0.5822993516921997,0.07052665203809738,-0.6317131519317627,3.45658540725708,3.274411916732788,3.8964502811431885,3.3885741233825684,3.4545984268188477,3.4543240538317153,0.44472986459732056,0.9996778964996338,0.9995229840278625,0.9998345375061035,0.9996396899223328,0.9997162222862244,0.0012418761616572738,0.0005346827092580497,0.00017473340267315507,0.00162756466306746,0.5166307687759399,-0.027125000953674316,-0.5353758335113525,1.330309510231018,1.7778033018112183,3.13053035736084,2.455935001373291,1.513237476348877,2.62088942527771,0.8780087232589722,2.18021559715271,2.8618004322052,4.735165119171143,2.3483893871307373,2.4689128398895264,0.7085336446762085,0.6527037024497986,1.6142033338546753,1.2810465097427368,1.4069669246673584,1.307323932647705,0.9073678851127625,1.152022361755371,3.7782211303710938,1.9498569965362549,1.4758247137069702,1.5534698963165283
372,2.3175888061523438,2.0801522731781006,2.3489956855773926,2.4237992763519287,2.1422505378723145,2.3174533606037824,0.5790191888809204,0.9999167323112488,0.9987946152687073,0.999851644039154,0.9998985528945923,0.999983012676239,0.001177262281998992,0.0006230450817383826,0.00013687342288903892,0.000615646131336689,0.5485451221466064,0.051294390112161636,-0.668634831905365,2.0514473915100098,1.4254616498947144,1.7347604036331177,2.038421392440796,2.4123642444610596,2.051023482852146,0.47902029752731323,0.9998236894607544,0.9999381303787231,0.9998921751976013,0.9998193979263306,0.9997566938400269,0.002058866200968623,0.0009710571030154824,0.00020297463925089687,0.0012226790422573686,0.6512319445610046,0.08724520355463028,-0.32535645365715027,1.9954766035079956,1.3340981006622314,1.4990644454956055,1.835120677947998,1.63515043258667,2.073155403137207,0.8078065514564514,0.8590163588523865,2.724672317504883,4.036037445068359,1.8799599409103394,1.8737539052963257,0.7338236570358276,0.630079448223114,1.52354896068573,1.3070019483566284,1.3067904710769653,1.3337469100952148,0.8089170455932617,1.0783859491348267,3.6405868530273438,2.093034505844116,1.4455915689468384,1.533748745918274
373,2.3251712322235107,2.005032777786255,2.3414723873138428,2.4322433471679688,2.1540260314941406,2.3250445563391673,0.582635760307312,0.9999156594276428,0.99974125623703,0.999755859375,0.9999268054962158,0.9999614357948303,0.0011295316508039832,0.0005931286723352969,0.0001327500503975898,0.000613998796325177,0.6080765724182129,0.055415600538253784,-0.6691641807556152,2.6729230880737305,2.4887149333953857,2.448957920074463,2.732861042022705,2.681962728500366,2.6706508811600176,0.42711031436920166,0.999695897102356,0.999459981918335,0.9997732639312744,0.9996529221534729,0.9997512698173523,0.0011067845625802875,0.0005865442799404263,0.00016513247101102024,0.001097004278562963,0.47470682859420776,0.027347734197974205,-0.29123666882514954,2.1423799991607666,1.0328295230865479,0.8832754492759705,1.2308143377304077,1.4217571020126343,1.540176510810852,1.0361124277114868,2.1751177310943604,2.507469415664673,3.275393486022949,1.7245327234268188,1.7563523054122925,0.7362207174301147,0.6393283009529114,1.3853129148483276,1.1580007076263428,1.2060520648956299,1.326611042022705,0.7360084056854248,1.109569787979126,3.493037700653076,2.163072109222412,1.3953213691711426,1.483498215675354
374,2.324699878692627,1.9584859609603882,2.2660045623779297,2.441406726837158,2.169084072113037,2.3245679767937317,0.5617883205413818,0.9999076128005981,0.9984942078590393,0.9998496174812317,0.9999292492866516,0.9999216794967651,0.0011481331894174218,0.0006099288002587855,0.0001272529480047524,0.0006516399444080889,0.6528148055076599,0.051571428775787354,-0.6462185382843018,2.69673490524292,2.061234712600708,2.190006732940674,2.8590471744537354,2.7486917972564697,2.693942673716638,0.23936575651168823,0.9997464418411255,0.9999372959136963,0.9996574521064758,0.999687671661377,0.9999375939369202,0.0014982192078605294,0.0007805960485711694,0.00013486733951140195,0.0009126085205934942,0.5461012721061707,0.0018228868721053004,-0.5775269865989685,1.641302227973938,1.7429579496383667,1.2413297891616821,1.9026137590408325,1.4601023197174072,1.1743444204330444,1.8936593532562256,1.443281888961792,2.655116558074951,1.9781259298324585,1.7132835388183594,1.6517736911773682,0.7755118608474731,0.693106472492218,1.1947768926620483,1.200183391571045,1.1491200923919678,1.2786588668823242,0.8024269342422485,1.1001454591751099,3.3776917457580566,2.1197099685668945,1.3691332340240479,1.4425872564315796
375,2.2709619998931885,1.9231737852096558,2.2130119800567627,2.3854193687438965,2.1186952590942383,2.2709465741895616,0.5649737119674683,0.9999193549156189,0.9991129040718079,0.9997777938842773,0.9999142289161682,0.9999986886978149,0.0011667024809867144,0.000627159490250051,0.00012875086395069957,0.000682085461448878,0.6427364349365234,0.06078952178359032,-0.6454487442970276,2.1452105045318604,2.390594720840454,2.308358669281006,2.2208337783813477,1.9363237619400024,2.1442789237041353,0.3710160255432129,0.9997904896736145,0.9995644688606262,0.9997618794441223,0.9997120499610901,0.9999392628669739,0.0015155755681917071,0.0008223328040912747,0.00019780457660090178,0.0014078079257160425,0.44949087500572205,0.06619317084550858,-0.3843124508857727,1.8899813890457153,1.703611969947815,1.4867165088653564,2.677044153213501,1.2537227869033813,1.3206621408462524,1.5554713010787964,1.228263258934021,3.5266904830932617,2.288455009460449,1.8930619955062866,1.8300833702087402,0.8281996846199036,0.6650508642196655,1.1610066890716553,1.2914352416992188,1.0530502796173096,1.225759506225586,0.825507640838623,1.0550692081451416,3.372303009033203,2.077144145965576,1.3554526567459106,1.4248026609420776
376,2.2634119987487793,1.893816590309143,2.137704372406006,2.396347999572754,2.1149487495422363,2.2633034574290964,0.5537182688713074,0.9999178051948547,1.0,0.9997817277908325,0.9999049305915833,0.9999960064888,0.0012435598764568567,0.000662335311062634,0.00012897132546640933,0.000691829074639827,0.589097261428833,0.0651741549372673,-0.6300678253173828,2.0855841636657715,1.8339651823043823,1.7023004293441772,2.219489574432373,2.0948731899261475,2.084741250022673,0.36602628231048584,0.9997860789299011,0.9994615316390991,0.9998180866241455,0.9997177124023438,0.9999030232429504,0.0022473728749901056,0.0009647308033891022,0.00019432818226050586,0.001090371049940586,0.642042875289917,0.08963346481323242,-0.49204251170158386,1.10354483127594,1.0764474868774414,2.5377488136291504,2.1558420658111572,1.7883206605911255,2.245774269104004,1.623193621635437,1.7605750560760498,3.7834200859069824,2.12538480758667,2.0200250148773193,1.939648985862732,0.8092013597488403,0.6485399007797241,1.2403734922409058,1.3168158531188965,1.1075713634490967,1.2816553115844727,0.8691233396530151,1.05020272731781,3.3841664791107178,2.049595832824707,1.3757246732711792,1.4384136199951172
377,2.2183573246002197,1.9735817909240723,2.1058173179626465,2.3570988178253174,2.0557639598846436,2.2182242051451366,0.5396910309791565,0.9999074339866638,0.9999637603759766,0.9997567534446716,0.999894917011261,0.999990701675415,0.0013267685426399112,0.0006800706614740193,0.0001278469862882048,0.0007117179338820279,0.6047354340553284,0.0684850886464119,-0.5949536561965942,1.8353521823883057,1.9741066694259644,1.798883080482483,1.9212604761123657,1.6955937147140503,1.834981201875657,0.45683830976486206,0.9997799396514893,0.9995741248130798,0.9998548030853271,0.9998180866241455,0.9996783137321472,0.0018157523591071367,0.0008892840705811977,0.00020522857084870338,0.0011042158585041761,0.6870813965797424,0.11774459481239319,-0.5557460188865662,2.1989266872406006,0.8904484510421753,1.7532678842544556,1.8421379327774048,2.4717459678649902,2.139254331588745,1.5033469200134277,2.125631332397461,4.544090270996094,1.20492684841156,2.067377805709839,1.995867371559143,0.8926225900650024,0.6485452651977539,1.2327027320861816,1.3196585178375244,1.2010035514831543,1.302464246749878,0.8765668869018555,1.1259093284606934,3.4381604194641113,1.897900104522705,1.393553376197815,1.4436485767364502
378,2.2034614086151123,1.903883695602417,1.9875705242156982,2.3477895259857178,2.0838193893432617,2.203340361272006,0.5557343363761902,0.9999160170555115,0.9997538924217224,0.999762237071991,0.9999156594276428,0.9999939799308777,0.00137654400896281,0.0007187685114331543,0.00012492491805460304,0.0006803833530284464,0.5911388397216797,0.07420559972524643,-0.6011921763420105,1.9772785902023315,1.6528435945510864,1.5429764986038208,2.0633795261383057,2.1121883392333984,1.977063032209262,0.5212205648422241,0.9998722076416016,0.9999540448188782,0.9998576045036316,0.9998433589935303,0.9999419450759888,0.002542843809351325,0.0010682520223781466,0.00019806747150141746,0.0013191744219511747,0.6348426938056946,0.14055339992046356,-0.40299949049949646,0.9215182065963745,1.5032144784927368,1.4205231666564941,1.956818699836731,2.785374641418457,1.9731132984161377,1.3612478971481323,2.0366086959838867,5.051287651062012,1.9934031963348389,2.100311040878296,2.1135592460632324,0.8636354804039001,0.669604480266571,1.2113243341445923,1.3499276638031006,1.3121360540390015,1.3212342262268066,0.8785892724990845,1.093815803527832,3.5724520683288574,1.823898196220398,1.409661889076233,1.4685587882995605
379,2.2525765895843506,2.0585825443267822,2.055305004119873,2.3975064754486084,2.1185240745544434,2.2524662850031416,0.5333963632583618,0.9999201893806458,0.9999451637268066,0.9997815489768982,0.9999147653579712,0.9999938011169434,0.0012837637914344668,0.0007244737935252488,0.0001261781872017309,0.000581060245167464,0.6109292507171631,0.0670178160071373,-0.5569289922714233,2.781665086746216,2.2525060176849365,2.5761144161224365,2.891552686691284,2.6760027408599854,2.7729170220162027,0.4118402600288391,0.9995182752609253,0.9999558925628662,0.9995943903923035,0.9993873238563538,0.9997358918190002,0.002355368109419942,0.0009799342369660735,0.00028360201395116746,0.0018657830078154802,0.4683878421783447,0.0029393089935183525,-0.49895352125167847,1.9027214050292969,4.394453525543213,1.89329195022583,1.8764445781707764,2.8946502208709717,5.142706871032715,3.5314552783966064,1.5963860750198364,5.154381275177002,3.1978700160980225,3.1584362983703613,3.2144031524658203,0.8673697710037231,0.8446348905563354,1.1000216007232666,1.3300750255584717,1.395498275756836,1.5397381782531738,1.1050026416778564,1.0808669328689575,3.6756412982940674,1.7938454151153564,1.4732693433761597,1.5261237621307373
380,2.2454004287719727,2.024616003036499,2.0362579822540283,2.3909404277801514,2.1191818714141846,2.245337345508824,0.536396861076355,0.9999457001686096,0.9996341466903687,0.9998784065246582,0.9999384880065918,0.9999936819076538,0.0013476284220814705,0.0007180047105066478,0.00012345834693405777,0.0006096520810388029,0.6050060391426086,0.060403402894735336,-0.5582925081253052,2.3587567806243896,2.139101028442383,2.1340737342834473,2.4602506160736084,2.30444073677063,2.3579909162955954,0.6005033850669861,0.999779224395752,0.9997029304504395,0.9998126029968262,0.9997021555900574,0.9999054670333862,0.0015015675453469157,0.000711863161996007,0.00018229881243314594,0.0013958716299384832,0.7418441772460938,0.04923556372523308,-0.5818459987640381,2.6320900917053223,1.15642249584198,1.2357670068740845,1.703997015953064,1.7484047412872314,1.1556907892227173,0.9678369760513306,2.0653045177459717,4.53852653503418,0.6331647038459778,1.78372061252594,1.9155806303024292,0.9895623922348022,0.8224623203277588,1.0905051231384277,1.3152003288269043,1.3953733444213867,1.461477279663086,1.066367745399475,1.1339093446731567,3.713257312774658,1.647257685661316,1.463537335395813,1.5171363353729248
381,2.3860907554626465,2.108879804611206,2.148085117340088,2.537301540374756,2.265967845916748,2.3859968352558982,0.5339731574058533,0.9999105334281921,0.9991526007652283,0.9998343586921692,0.999912679195404,0.9999567866325378,0.0012568393722176552,0.0006634973105974495,0.00011756258754758164,0.0005131121724843979,0.553278386592865,0.03911655396223068,-0.5439030528068542,3.459045648574829,2.159982919692993,2.9354653358459473,3.483705759048462,3.8483524322509766,3.4573496777572847,0.39695462584495544,0.9997426867485046,0.9992563128471375,0.9998170733451843,0.9996765851974487,0.9998778700828552,0.0009834090014919639,0.0004917423357255757,0.00014127089525572956,0.0010702655417844653,0.4917427897453308,-0.027030279859900475,-0.49698323011398315,0.6670640110969543,1.3551795482635498,1.466346263885498,1.8453209400177002,2.2388508319854736,1.0221530199050903,1.9041236639022827,2.2704930305480957,3.393659830093384,2.0177550315856934,1.8180946111679077,1.8791470527648926,0.9054399728775024,0.8076828718185425,1.112890601158142,1.283219575881958,1.4317213296890259,1.3673187494277954,1.1120858192443848,1.1866165399551392,3.665048122406006,1.5970720052719116,1.4469095468521118,1.5127846002578735
382,2.649247407913208,2.28532338142395,2.3322908878326416,2.8200414180755615,2.5383002758026123,2.6490307503337744,0.5016688704490662,0.9998809695243835,0.999110221862793,0.9996769428253174,0.9999098777770996,0.9999579191207886,0.0011457132641226053,0.0006159202312119305,0.00010759565338958055,0.0005097963730804622,0.49863559007644653,0.011226169764995575,-0.5865616202354431,4.279299259185791,4.32858419418335,4.156937599182129,4.203303813934326,4.538669109344482,4.2730782726557015,0.2915098965167999,0.9996349811553955,0.999014139175415,0.999760091304779,0.999520480632782,0.9998784065246582,0.0008689987589605153,0.0004918709746561944,0.00013065992970950902,0.0010352235985919833,0.5719938278198242,-0.054285790771245956,-0.5864877700805664,1.926557183265686,0.9774042963981628,2.2809488773345947,2.909733772277832,2.2025442123413086,1.4490573406219482,1.4306188821792603,2.289062023162842,2.8024489879608154,2.683413028717041,2.0951790809631348,2.1251327991485596,0.8615170121192932,0.7654562592506409,1.1941266059875488,1.4174760580062866,1.4788479804992676,1.3470908403396606,1.1007918119430542,1.2767704725265503,3.522860050201416,1.6633484363555908,1.462828516960144,1.5311377048492432
383,2.596367359161377,2.2300994396209717,2.2445642948150635,2.756362199783325,2.5270743370056152,2.5962200653762615,0.5265992879867554,0.999903678894043,0.9999756813049316,0.99977707862854,0.9999178051948547,0.9999533891677856,0.0012454253155738115,0.000657356868032366,0.00010784850746858865,0.0005184937617741525,0.49265655875205994,0.014066284522414207,-0.5428926944732666,2.186258554458618,1.9140610694885254,1.8415553569793701,2.2634291648864746,2.297114133834839,2.1853613865587804,0.49619394540786743,0.9997153878211975,0.9992863535881042,0.9998550415039062,0.9997686743736267,0.9994855523109436,0.0020707889925688505,0.0010396589059382677,0.00017558863328304142,0.0016119818901643157,0.6008542776107788,0.05122724920511246,-0.4464071989059448,1.5609554052352905,1.2764230966567993,2.185161828994751,1.6212931871414185,1.2056914567947388,1.1671637296676636,1.1112496852874756,1.1656855344772339,4.109870433807373,2.2876880168914795,1.769118309020996,1.7959741353988647,0.8057021498680115,0.7378247976303101,1.2623132467269897,1.3531763553619385,1.3967839479446411,1.2387558221817017,1.0595159530639648,1.2050378322601318,3.5442728996276855,1.6928435564041138,1.4296226501464844,1.5077632665634155
384,2.5053141117095947,2.1072237491607666,2.10640287399292,2.662353277206421,2.477848529815674,2.505031763477194,0.5473596453666687,0.9998555779457092,0.9995424747467041,0.9997536540031433,0.9998896718025208,0.9998703598976135,0.0012713795294985175,0.000723751203622669,0.00011239540617680177,0.0005834470503032207,0.5057120323181152,0.02138752117753029,-0.5234676003456116,2.0258381366729736,1.4524118900299072,1.5417455434799194,2.161426305770874,2.1846394538879395,2.025056390829938,0.5660073161125183,0.9997644424438477,0.9995927214622498,0.9997482299804688,0.9997485876083374,0.9998267889022827,0.0025335540995001793,0.0013954774476587772,0.00022163083485793322,0.0015144881326705217,0.6566317081451416,0.14391501247882843,-0.4134451150894165,1.503156065940857,1.2461073398590088,2.670997142791748,2.687872886657715,1.0801455974578857,0.8985724449157715,1.9583501815795898,1.508608341217041,5.24346399307251,2.844562530517578,2.1641836166381836,2.229921340942383,0.8304627537727356,0.684987485408783,1.3697398900985718,1.4089300632476807,1.2803857326507568,1.1521100997924805,1.121170163154602,1.1694551706314087,3.6561057567596436,1.7723726034164429,1.4445720911026,1.529475212097168
385,2.3810408115386963,2.0444958209991455,2.0239315032958984,2.5183608531951904,2.3663902282714844,2.380813056158582,0.5973131060600281,0.9998759627342224,0.9999919533729553,0.9996038675308228,0.999913215637207,0.9999892711639404,0.0013378978474065661,0.0007865859079174697,0.00012093452096451074,0.0006119635072536767,0.5139390826225281,0.03655650466680527,-0.5682644844055176,2.0917773246765137,1.9947906732559204,1.8937731981277466,2.1604206562042236,2.103670120239258,2.0914018569671855,0.7326613664627075,0.9998016953468323,0.9981277585029602,0.9998025894165039,0.9997405409812927,0.9999489784240723,0.0023350827395915985,0.0013199240202084184,0.00023195483663585037,0.0013130297884345055,0.4961312413215637,0.06087881699204445,-0.43669670820236206,0.8077574968338013,1.200903296470642,2.586688995361328,1.4122368097305298,1.6099724769592285,2.327305793762207,1.4000145196914673,1.6149152517318726,6.279827117919922,1.207419514656067,2.0447041988372803,2.286877155303955,0.8061165809631348,0.6523763537406921,1.4407535791397095,1.386618971824646,1.2898142337799072,1.2018781900405884,1.0849950313568115,1.0554689168930054,3.9033796787261963,1.6802781820297241,1.4501680135726929,1.5573936700820923
386,2.2880828380584717,1.8926950693130493,1.9461634159088135,2.4096813201904297,2.2926812171936035,2.287941533031067,0.6199310421943665,0.9999173283576965,0.9999160170555115,0.9997990131378174,0.9999193549156189,0.9999923706054688,0.0014832314336672425,0.0008308999240398407,0.00012775082723237574,0.0006858333363197744,0.6279125213623047,0.05046575888991356,-0.5881047248840332,1.843253493309021,1.3321974277496338,1.5775190591812134,1.8993966579437256,1.9370113611221313,1.8426674914806664,0.6412410140037537,0.9998369812965393,0.9999099373817444,0.9998534917831421,0.9997801184654236,0.9999383687973022,0.0035244307946413755,0.0012404959416016936,0.0002419658994767815,0.0012966865906491876,0.7301711440086365,0.13703149557113647,-0.47216206789016724,1.1239924430847168,1.6420507431030273,2.3917136192321777,1.8516736030578613,2.8803813457489014,2.665423631668091,1.470780611038208,0.8812220692634583,6.106586933135986,1.3453160524368286,2.2359139919281006,2.334671974182129,0.8006687760353088,0.6720722913742065,1.5066224336624146,1.4075120687484741,1.3993779420852661,1.2749165296554565,1.042992353439331,1.010719895362854,4.096487522125244,1.6105290651321411,1.4821900129318237,1.5979511737823486
387,2.2073376178741455,1.7230491638183594,1.8862576484680176,2.318737745285034,2.2169501781463623,2.2071901490627277,0.6425692439079285,0.99990314245224,0.9998378157615662,0.9997745752334595,0.9999054074287415,0.9999850988388062,0.0016787039348855615,0.0008819050271995366,0.00013491908612195402,0.0007449747063219547,0.6508404016494751,0.06357605755329132,-0.6203179359436035,1.928609013557434,1.2144635915756226,1.7261415719985962,1.9835747480392456,1.9708529710769653,1.9282259510359967,0.8181090354919434,0.9998273253440857,0.9996092319488525,0.9996906518936157,0.9998295903205872,0.9999200105667114,0.0034567296970635653,0.001572784036397934,0.0002629823866300285,0.0016742268344387412,0.6989824175834656,0.16276031732559204,-0.5375356078147888,1.0721741914749146,1.5296251773834229,2.8872694969177246,1.6821733713150024,1.5747851133346558,1.5367642641067505,1.8002594709396362,2.087440252304077,8.560741424560547,2.608375310897827,2.5339608192443848,2.906444787979126,0.7913248538970947,0.6852796077728271,1.6164637804031372,1.3728673458099365,1.3809033632278442,1.2769622802734375,1.0588648319244385,1.044212818145752,4.30286979675293,1.6739518642425537,1.5203700065612793,1.6461427211761475
388,2.174497127532959,1.6998652219772339,1.9156080484390259,2.276153802871704,2.1565635204315186,2.1744136115422417,0.6345038414001465,0.9999213814735413,0.9996326565742493,0.9998454451560974,0.9999375939369202,0.9999467134475708,0.0016032358398661017,0.0008520871633663774,0.0001357170258415863,0.0007126369164325297,0.6436638236045837,0.07253210991621017,-0.5628377795219421,2.048543930053711,2.1550652980804443,2.363966226577759,2.0832202434539795,1.843150019645691,2.048158765348866,0.36505258083343506,0.9998348951339722,0.9997589588165283,0.999830424785614,0.9998069405555725,0.9998905062675476,0.0013652960769832134,0.0007507190457545221,0.00020142689754720777,0.0011725443182513118,0.6592844128608704,0.10424674302339554,-0.40290209650993347,1.032721757888794,1.3881475925445557,1.6119341850280762,2.3774795532226562,1.3460441827774048,3.113178014755249,1.3286573886871338,1.825630784034729,3.0245749950408936,1.7628443241119385,1.881121277809143,1.799578070640564,0.7208418250083923,0.6991358995437622,1.5512185096740723,1.419198989868164,1.2854866981506348,1.4256951808929443,0.9484806656837463,1.0516579151153564,4.162228584289551,1.615841031074524,1.4879785776138306,1.6010451316833496
389,2.1739914417266846,1.6624726057052612,1.924914836883545,2.281094551086426,2.140087366104126,2.1738127098319713,0.6281743049621582,0.9998891353607178,0.9990280866622925,0.9998267292976379,0.99990314245224,0.999921441078186,0.001659055589698255,0.0008376937475986779,0.00013776747800875455,0.0007553328177891672,0.6609079241752625,0.07193643599748611,-0.6008572578430176,2.3182365894317627,1.9868264198303223,2.2871129512786865,2.4379870891571045,2.1257100105285645,2.3163213498565027,0.4550776481628418,0.9996916651725769,0.9995356202125549,0.9998226761817932,0.9996389150619507,0.999721884727478,0.001741668558679521,0.000789682031609118,0.00019175065972376615,0.0016593311447650194,0.5234600305557251,0.05726378783583641,-0.7803893089294434,1.3754209280014038,0.9800416231155396,2.471679210662842,1.0013422966003418,1.7983225584030151,2.6841979026794434,1.6130353212356567,2.408860445022583,4.150049209594727,1.544187307357788,2.002713918685913,2.0203840732574463,0.735103964805603,0.6838788390159607,1.5458284616470337,1.324752688407898,1.3183802366256714,1.5291807651519775,0.8999509215354919,1.113878846168518,4.122997760772705,1.5848884582519531,1.4858840703964233,1.5941652059555054
390,2.1762404441833496,1.6742150783538818,1.9533182382583618,2.2834420204162598,2.125534772872925,2.1761147504892264,0.6185435652732849,0.9999164342880249,0.9995246529579163,0.9997989535331726,0.9999141693115234,0.9999952912330627,0.0016581494128331542,0.0008384481188841164,0.0001390547549817711,0.0007738564163446426,0.702472448348999,0.0735703855752945,-0.5962799191474915,2.33178973197937,2.0697970390319824,2.3831539154052734,2.4185404777526855,2.1508123874664307,2.331142745522698,0.4905102252960205,0.9998075366020203,0.999853789806366,0.9996917843818665,0.9997614622116089,0.9999392628669739,0.00211083865724504,0.0009163479553535581,0.0001982065587071702,0.0013529948191717267,0.6663500070571899,0.04513491690158844,-0.4188300669193268,1.248518466949463,1.9052839279174805,1.7093976736068726,1.4423927068710327,1.013453722000122,2.7955915927886963,1.6335915327072144,2.7487123012542725,4.870150089263916,2.3330440521240234,2.170013666152954,2.2213542461395264,0.7352416515350342,0.771557629108429,1.5401076078414917,1.3051574230194092,1.2193701267242432,1.636071801185608,0.891250491142273,1.2574663162231445,4.158812522888184,1.6194511651992798,1.513448715209961,1.617025375366211
391,2.090365171432495,1.7232807874679565,1.9114649295806885,2.19169545173645,2.021472692489624,2.090234640823241,0.6225954294204712,0.9999129176139832,0.9999386668205261,0.9997779726982117,0.9999086260795593,0.9999903440475464,0.001677357591688633,0.0008568195626139641,0.0001482525112805888,0.0007529595750384033,0.7488293647766113,0.08801417797803879,-0.5299426317214966,1.8113408088684082,2.3926079273223877,1.8225812911987305,1.9039865732192993,1.649888515472412,1.8111096751211142,0.5541381239891052,0.9998704791069031,0.9994692802429199,0.9998691082000732,0.999812662601471,0.9999618530273438,0.0021056048572063446,0.001158186118118465,0.0002652668335940689,0.0013861445477232337,0.7271310091018677,0.17137858271598816,-0.5532887578010559,1.7332415580749512,1.278495192527771,1.2605324983596802,2.066889524459839,1.6371519565582275,1.5594967603683472,3.152374029159546,1.9423911571502686,5.645251274108887,2.201970338821411,2.247779607772827,2.249742269515991,0.8122878074645996,0.7597182393074036,1.4048010110855103,1.3491716384887695,1.1833364963531494,1.5703134536743164,1.086143970489502,1.2875547409057617,4.273574352264404,1.5636674165725708,1.5290569067001343,1.6248371601104736
392,1.95832359790802,1.6960340738296509,1.8257008790969849,2.049687385559082,1.8798255920410156,1.9581861181043574,0.6385206580162048,0.9999057054519653,0.9999999403953552,0.9997987747192383,0.9998948574066162,0.9999749660491943,0.001719637424685061,0.0008872082689777017,0.00015644273662474006,0.0007688702899031341,0.790870726108551,0.12040702998638153,-0.5519979000091553,1.4850671291351318,1.9705544710159302,1.55950129032135,1.5575957298278809,1.3321788311004639,1.4849217430024912,0.5451246500015259,0.9998898506164551,0.9999185800552368,0.9998512268066406,0.9998476505279541,0.9999674558639526,0.002183591714128852,0.001243431237526238,0.00026397150941193104,0.002058290643617511,0.7889902591705322,0.28987812995910645,-0.4239950478076935,1.9478765726089478,0.9882439374923706,1.69479501247406,1.5937954187393188,2.0634710788726807,2.5682592391967773,1.4407901763916016,1.9919127225875854,5.498504638671875,1.8528164625167847,2.1640465259552,2.0444045066833496,0.8930391669273376,0.7300241589546204,1.3553218841552734,1.3045841455459595,1.2376155853271484,1.6433604955673218,1.057555079460144,1.3055461645126343,4.377740383148193,1.4514966011047363,1.535628318786621,1.6226593255996704
393,1.9709960222244263,1.8726929426193237,1.8979179859161377,2.0567047595977783,1.8694736957550049,1.9708471476642788,0.6398454308509827,0.9999021291732788,0.9986299872398376,0.9996668696403503,0.9999195337295532,0.9999982118606567,0.001578206429257989,0.000845177099108696,0.00015832592907827348,0.0007818937301635742,0.7760028839111328,0.11527332663536072,-0.5497604608535767,1.9813355207443237,1.841529130935669,1.97642183303833,2.0496878623962402,1.8641002178192139,1.9807662082973343,0.5186468958854675,0.9997597336769104,0.9995981454849243,0.9998569488525391,0.9997881650924683,0.9996681809425354,0.0014798238407820463,0.0007803791668266058,0.00022699078544974327,0.0015801176195964217,0.5876953601837158,0.0884207934141159,-0.4080560505390167,1.8849390745162964,1.4706095457077026,1.5145803689956665,1.313188910484314,2.3627285957336426,1.1001948118209839,2.255645990371704,2.5020790100097656,5.2129740715026855,1.8465383052825928,2.146347761154175,2.1585121154785156,0.9273861050605774,0.7232726216316223,1.3111037015914917,1.2564406394958496,1.2963638305664062,1.5401039123535156,1.1446387767791748,1.398849606513977,4.431395053863525,1.4286783933639526,1.5458234548568726,1.6365848779678345
394,1.9113150835037231,1.8560928106307983,1.8556164503097534,1.9904608726501465,1.8131701946258545,1.9112250377011353,0.6903437376022339,0.9999319911003113,0.9999573826789856,0.9998558163642883,0.9999145865440369,0.9999908208847046,0.0016088811680674553,0.0008604899048805237,0.00016221129044424742,0.0007838999154046178,0.7770243883132935,0.13196918368339539,-0.4902108609676361,1.8060468435287476,2.162992238998413,1.7662824392318726,1.8795322179794312,1.7007240056991577,1.8057965634141606,0.8133811354637146,0.9998546242713928,0.999869167804718,0.9998328685760498,0.9998148679733276,0.9999235272407532,0.001859507872723043,0.001037447596900165,0.00023911450989544392,0.0014892909675836563,0.6901372671127319,0.20821385085582733,-0.246650829911232,1.5057364702224731,1.8061667680740356,1.2916277647018433,1.3248121738433838,1.1587644815444946,1.2133101224899292,0.7537351250648499,1.420897364616394,6.398209571838379,2.047548294067383,1.8920806646347046,2.1337015628814697,0.8747848272323608,0.7682051062583923,1.1922221183776855,1.1845381259918213,1.2539604902267456,1.4523590803146362,1.0768353939056396,1.3747907876968384,4.590458393096924,1.383249282836914,1.515140414237976,1.6313248872756958
395,1.963689923286438,1.9069628715515137,1.8934910297393799,2.049467086791992,1.8614064455032349,1.963624260753577,0.6761845946311951,0.9999445080757141,0.9998716115951538,0.9998921751976013,0.9999255537986755,0.9999974966049194,0.0015050929505378008,0.0008417576900683343,0.00015739307855255902,0.0006402217550203204,0.7233207821846008,0.11476405709981918,-0.5278034806251526,2.940155267715454,3.2550365924835205,2.760347843170166,3.0820255279541016,2.754788637161255,2.9379751933625404,0.3639751970767975,0.9997129440307617,0.999376118183136,0.9997656941413879,0.9996355175971985,0.9998311400413513,0.0010613311314955354,0.0006589012336917222,0.0001613554632058367,0.0011430084705352783,0.458133339881897,-0.006207635626196861,-0.5981366038322449,1.1971492767333984,1.4903395175933838,2.007852554321289,2.004284381866455,2.233450174331665,1.3982857465744019,1.7788444757461548,1.23771071434021,3.7246572971343994,2.082366943359375,1.9154939651489258,1.92985999584198,0.8716334700584412,0.755466103553772,1.2282073497772217,1.201972246170044,1.3274831771850586,1.387220859527588,1.0880794525146484,1.2210869789123535,4.4762043952941895,1.4262006282806396,1.498355507850647,1.611789584159851
396,1.9541785717010498,1.8053659200668335,1.8701772689819336,2.045008659362793,1.8498467206954956,1.954079076560323,0.6248320937156677,0.9999250769615173,0.9995860457420349,0.9998753666877747,0.9999001026153564,0.9999895095825195,0.0014950585318729281,0.0008302891510538757,0.00015403880388475955,0.0007187621085904539,0.7471054792404175,0.11797325313091278,-0.5753780603408813,2.463744640350342,1.773956298828125,2.1272337436676025,2.5471365451812744,2.53861665725708,2.460267306717435,0.2736113667488098,0.9997477531433105,0.9998550415039062,0.999747633934021,0.9997339844703674,0.9997767210006714,0.0017360721249133348,0.000893036019988358,0.00017544465663377196,0.0011812802404165268,0.6865559220314026,0.035258159041404724,-0.6352971792221069,2.21359920501709,1.058186650276184,2.26071834564209,2.3158960342407227,1.6820588111877441,1.8041075468063354,1.482392430305481,1.6126128435134888,2.6344878673553467,2.9721577167510986,2.003621816635132,1.9247626066207886,0.9372143149375916,0.7293331623077393,1.2653555870056152,1.29070246219635,1.2638431787490845,1.3945156335830688,1.0618765354156494,1.1279516220092773,4.163578033447266,1.516994595527649,1.475136637687683,1.5484551191329956
397,2.071174144744873,1.8934495449066162,1.976117730140686,2.1683316230773926,1.9617928266525269,2.071090228925005,0.6247704029083252,0.9999353885650635,0.9997899532318115,0.9998544454574585,0.9999207854270935,0.9999964833259583,0.0014000183437019587,0.0007823741179890931,0.0001448951952625066,0.0007300894940271974,0.7350387573242188,0.09015147387981415,-0.5784356594085693,3.1552436351776123,4.0052809715271,3.849827289581299,2.999389171600342,3.1745476722717285,3.153329871036736,0.4247138798236847,0.999744713306427,0.9992650151252747,0.9998798370361328,0.999724268913269,0.9997440576553345,0.0009354633511975408,0.0005139072309248149,0.0001429513649782166,0.0012702398234978318,0.5362820625305176,0.0054303063079714775,-0.5196093916893005,1.4155192375183105,1.5283628702163696,1.5942100286483765,3.1675214767456055,0.8735114336013794,1.5159249305725098,1.355719804763794,1.0103572607040405,3.081045627593994,2.131342887878418,1.767351508140564,1.8304158449172974,0.9566746354103088,0.7130802273750305,1.1954690217971802,1.4223366975784302,1.1081626415252686,1.3633280992507935,0.9728459119796753,1.0378986597061157,4.030724048614502,1.5536308288574219,1.4354151487350464,1.5241799354553223
398,2.1471049785614014,1.9321937561035156,2.0513267517089844,2.2590675354003906,2.0150210857391357,2.1470025099391736,0.5891419649124146,0.999923825263977,0.9999992251396179,0.99979168176651,0.9999209046363831,0.9999882578849792,0.0013307800982147455,0.0007491139112971723,0.00014137543621473014,0.0007092506857588887,0.739144504070282,0.07569146901369095,-0.6066681742668152,2.9779105186462402,2.6186270713806152,2.8477964401245117,3.0749895572662354,2.8528735637664795,2.975149235987167,0.3129783868789673,0.9997239112854004,0.9995494484901428,0.9999023675918579,0.9996855854988098,0.9996981620788574,0.0014790224377065897,0.0006895856349729002,0.0001849323307396844,0.0012300724629312754,0.46373841166496277,-0.009889109991490841,-0.6445451974868774,1.1647021770477295,1.3856394290924072,1.9474818706512451,2.1683857440948486,2.250126600265503,2.4899516105651855,1.5898956060409546,2.6545705795288086,2.832772731781006,3.579495429992676,2.2063024044036865,2.19157075881958,0.9048704504966736,0.7272521257400513,1.172188639640808,1.453484296798706,1.1937907934188843,1.4202523231506348,0.9420848488807678,1.1154284477233887,3.8841800689697266,1.7197153568267822,1.4533246755599976,1.5290800333023071
399,2.169140100479126,1.953652262687683,2.045008659362793,2.29105806350708,2.034128427505493,2.1689750016330347,0.5830847024917603,0.9998990297317505,0.9996746182441711,0.9996909499168396,0.9999057054519653,0.9999910593032837,0.0013507356634363532,0.0007515374454669654,0.00014208896027412266,0.0007501844665966928,0.7616010308265686,0.07368360459804535,-0.6263009905815125,2.575895071029663,2.6183993816375732,2.468065023422241,2.7084314823150635,2.360456943511963,2.5748348513465946,0.50324946641922,0.999759316444397,0.999888002872467,0.9996161460876465,0.9997096061706543,0.9999295473098755,0.0015371274203062057,0.0008364227833226323,0.00019416798022575676,0.0013956893235445023,0.522519588470459,0.049701545387506485,-0.4720302224159241,1.3067010641098022,1.8379923105239868,2.090348482131958,1.873022198677063,1.8224599361419678,1.3455880880355835,1.2571464776992798,1.0670523643493652,3.7214791774749756,4.340977668762207,2.066276788711548,2.156383752822876,0.9003021121025085,0.7564916014671326,1.2248709201812744,1.4227936267852783,1.2206861972808838,1.3665214776992798,0.9066904187202454,1.0744603872299194,3.8442928791046143,1.8992024660110474,1.461631178855896,1.536531925201416
400,2.1382877826690674,2.0236287117004395,2.0249316692352295,2.2605209350585938,1.9974744319915771,2.1381617920447114,0.5941450595855713,0.999908983707428,0.9999995827674866,0.9997943639755249,0.9998942613601685,0.9999840259552002,0.0013141025556251407,0.0007828839006833732,0.00014383399684447795,0.0007527159177698195,0.7483561038970947,0.08927872031927109,-0.6084815859794617,2.3213274478912354,2.6848504543304443,2.147772789001465,2.4486160278320312,2.1818032264709473,2.320213190781719,0.5337820053100586,0.9996981024742126,0.9999564290046692,0.9996387958526611,0.9997105002403259,0.99970543384552,0.0015310226008296013,0.001082371803931892,0.00022260603145696223,0.0011507172603160143,0.8231275081634521,0.06421211361885071,-0.647596001625061,2.1401171684265137,1.1336294412612915,2.436755657196045,2.7563681602478027,2.6429765224456787,0.7239751815795898,1.1990643739700317,1.6795873641967773,4.939806938171387,4.1519036293029785,2.380418539047241,2.4781453609466553,0.9298457503318787,0.7012279033660889,1.2378238439559937,1.4388353824615479,1.3367435932159424,1.2575962543487549,0.8853113055229187,1.1065948009490967,3.9171810150146484,2.041363000869751,1.4852523803710938,1.5649497509002686
401,2.125577926635742,2.1297519207000732,2.0126821994781494,2.2457358837127686,1.9849823713302612,2.125473191523343,0.5777332782745361,0.9999222159385681,0.9998145699501038,0.9998375773429871,0.999903678894043,0.9999911785125732,0.0012208445696160197,0.0007763968897052109,0.00014157016994431615,0.0007917407201603055,0.6733609437942505,0.09065175801515579,-0.6387441754341125,2.1175308227539062,3.055694341659546,2.1144046783447266,2.162109851837158,2.010831832885742,2.116180530391525,0.3547550141811371,0.9997494220733643,0.9992250800132751,0.9996980428695679,0.9997143745422363,0.9998549222946167,0.0012629081029444933,0.0008197982679121196,0.0002031232725130394,0.0011385449906811118,0.5976089239120483,0.07053902745246887,-0.5493971705436707,2.5738632678985596,1.0119091272354126,1.2629787921905518,2.2014997005462646,2.256591796875,1.2814726829528809,1.9016975164413452,2.0922982692718506,3.6618106365203857,2.3031420707702637,2.0547263622283936,1.9714146852493286,0.9856134057044983,0.6780883073806763,1.1574580669403076,1.4340921640396118,1.357986569404602,1.1895768642425537,0.9309151768684387,1.1664074659347534,3.8176443576812744,2.0302155017852783,1.4747998714447021,1.5411944389343262
402,2.1900389194488525,2.2076504230499268,2.023465871810913,2.3208131790161133,2.060436964035034,2.189889388887637,0.5743981599807739,0.9998956322669983,0.9996897578239441,0.9997805953025818,0.9999215006828308,0.999916136264801,0.0012361209373921156,0.0007894667214713991,0.0001418140745954588,0.0008123224833980203,0.6494864821434021,0.08593236654996872,-0.690282940864563,2.8944168090820312,3.556629180908203,2.473783016204834,3.059168577194214,2.8724989891052246,2.892979705005236,0.4326143264770508,0.9997570514678955,0.9996898770332336,0.9998396039009094,0.999639630317688,0.9999134540557861,0.0016908195102587342,0.0009558320161886513,0.00017947809828910977,0.001108865486457944,0.6470174789428711,0.027352044358849525,-0.7408244013786316,1.004219889640808,1.8891524076461792,1.6469080448150635,3.371220111846924,2.706940174102783,1.9817219972610474,1.3762824535369873,1.8021348714828491,4.491495609283447,2.3567698001861572,2.2626845836639404,2.330192804336548,0.9206701517105103,0.7560875415802002,1.1568933725357056,1.5993878841400146,1.4539662599563599,1.2109041213989258,0.9555773138999939,1.0513092279434204,3.8510324954986572,2.0439419746398926,1.4999771118164062,1.5735373497009277
403,2.156832695007324,2.110814094543457,1.9875833988189697,2.2863171100616455,2.0297908782958984,2.1567302633363594,0.5564863085746765,0.9999110698699951,0.9999985098838806,0.9997483491897583,0.9999151825904846,0.9999841451644897,0.0012328209122642875,0.000771844934206456,0.00013978061906527728,0.000746445672120899,0.7567970156669617,0.09509527683258057,-0.699912428855896,2.3888070583343506,2.50719952583313,2.3791232109069824,2.4981420040130615,2.174826145172119,2.386883850832524,0.2997763156890869,0.9996377229690552,0.9994874596595764,0.9998287558555603,0.999667227268219,0.9994949698448181,0.0014646928757429123,0.000670235080178827,0.00016382957983296365,0.0009989625541493297,0.6754738092422485,0.04523918032646179,-0.5325558185577393,1.9868841171264648,1.0567920207977295,1.3735079765319824,1.32558274269104,1.8423211574554443,1.9874217510223389,1.1633000373840332,1.7487764358520508,2.2499356269836426,2.8774547576904297,1.7611976861953735,1.6960201263427734,0.920676589012146,0.7177712917327881,1.0836337804794312,1.5351853370666504,1.4386770725250244,1.2442796230316162,0.9381570219993591,1.0798430442810059,3.663470506668091,2.085721731185913,1.470741629600525,1.526991605758667
404,2.1753690242767334,2.0760514736175537,1.9489340782165527,2.3051464557647705,2.0774474143981934,2.175284195455462,0.5681251883506775,0.9999255537986755,0.9999426007270813,0.9998242855072021,0.9999255537986755,0.9999801516532898,0.0012783489655703306,0.0007874591392464936,0.0001386292278766632,0.0006611674325540662,0.773652195930481,0.09564186632633209,-0.6731003522872925,2.31317400932312,2.3062736988067627,1.8610560894012451,2.3959169387817383,2.450866222381592,2.312500583261802,0.5163943767547607,0.9997267723083496,0.9993358254432678,0.9997938275337219,0.9997473359107971,0.9996252655982971,0.0016007267404347658,0.0009464023751206696,0.00018853163055609912,0.0013009172398597002,0.4690946340560913,0.10325690358877182,-0.4008086621761322,1.5750672817230225,1.785817265510559,2.380204916000366,2.404416084289551,1.0041999816894531,1.3845399618148804,0.8744100332260132,0.658423662185669,3.4933505058288574,3.6413261890411377,1.920175552368164,1.9836565256118774,0.8273841738700867,0.7774905562400818,1.1832250356674194,1.5529307126998901,1.3694961071014404,1.170431137084961,0.8916603326797485,0.9702222347259521,3.6288115978240967,2.1924521923065186,1.4564104080200195,1.5219361782073975
405,2.3192670345306396,2.1740591526031494,2.0852808952331543,2.4538841247558594,2.2166147232055664,2.319114186352593,0.5648597478866577,0.9999015927314758,0.9999935030937195,0.9997653365135193,0.999896228313446,0.999983012676239,0.0011772821890190244,0.0007287728367373347,0.00012759766832459718,0.000653772905934602,0.721289336681366,0.06310143321752548,-0.6965838074684143,3.6236658096313477,3.874356508255005,3.535348415374756,3.566479206085205,3.8279824256896973,3.6117829146336105,0.28984665870666504,0.9993702173233032,0.9990774393081665,0.999895453453064,0.9991936683654785,0.9994959235191345,0.0008781304932199419,0.00042101406143046916,0.0001532417518319562,0.000992982997559011,0.7008440494537354,-0.04032249003648758,-0.6205674409866333,0.8479267358779907,1.3967961072921753,2.263822555541992,1.7824987173080444,1.5705070495605469,1.5946729183197021,1.504667043685913,2.0328292846679688,2.831387758255005,2.1679608821868896,1.799306869506836,1.8058618307113647,0.7391568422317505,0.7699530124664307,1.225156307220459,1.4927388429641724,1.2967995405197144,1.0816843509674072,0.8613458871841431,1.0441068410873413,3.5069220066070557,2.157283067703247,1.417514681816101,1.4949800968170166
406,2.404681444168091,2.189687967300415,2.1820101737976074,2.5394511222839355,2.294900894165039,2.4045440855857922,0.5520861744880676,0.9999068379402161,0.9996386170387268,0.9997478127479553,0.9999134540557861,0.9999863505363464,0.0011800365755334496,0.0006810909835621715,0.00011953584908042103,0.0006992000271566212,0.6704419851303101,0.04622691124677658,-0.661040186882019,3.704157829284668,2.9894134998321533,4.10829496383667,3.7333805561065674,3.4603662490844727,3.701050719138065,0.3675452470779419,0.9996786117553711,0.9999457001686096,0.9997689127922058,0.9996307492256165,0.9997318387031555,0.0010734031675383449,0.00038023944944143295,0.0001201651175506413,0.000894472876098007,0.45159268379211426,-0.04883701726794243,-0.6084633469581604,1.1988403797149658,0.9974549412727356,1.757383942604065,1.741805911064148,1.7029173374176025,1.0646655559539795,1.2768467664718628,2.833977699279785,2.714442729949951,1.366152048110962,1.665448784828186,1.7130510807037354,0.7011657357215881,0.7344118356704712,1.189287543296814,1.4936926364898682,1.2405064105987549,1.0654044151306152,0.8496935963630676,1.1818948984146118,3.4027011394500732,2.0315396785736084,1.389029860496521,1.465029239654541
407,2.628615617752075,2.3438665866851807,2.358935594558716,2.7723450660705566,2.5316426753997803,2.6284602233078327,0.5709023475646973,0.9999046921730042,0.9990999102592468,0.9998162388801575,0.9998927712440491,0.9999889135360718,0.0010789419757202268,0.0006307768053375185,0.00011109207844128832,0.0006486031925305724,0.5830053091049194,0.014063488692045212,-0.6943296194076538,3.6144585609436035,3.072537422180176,3.731517791748047,3.425518751144409,4.1307878494262695,3.6089889033335294,0.4464978575706482,0.9995043873786926,0.9997179508209229,0.9998024106025696,0.9993658661842346,0.9997469782829285,0.0010555529734119773,0.0004413275164552033,0.00014349480625241995,0.0008343923254869878,0.4840857982635498,-0.042621102184057236,-0.7159479856491089,1.1630533933639526,0.9709720611572266,1.189414381980896,1.3840800523757935,1.3210550546646118,2.52124285697937,1.3491843938827515,1.3364495038986206,3.0623486042022705,3.0903701782226562,1.7388172149658203,1.8353241682052612,0.6842933893203735,0.6723672151565552,1.1282541751861572,1.4109159708023071,1.2110038995742798,1.054147720336914,0.8249240517616272,1.0205527544021606,3.3190317153930664,2.0829145908355713,1.3408405780792236,1.4430674314498901
408,2.677213668823242,2.345268726348877,2.383502721786499,2.8321306705474854,2.577375650405884,2.676996200968776,0.5865585207939148,0.9998847246170044,0.9998999238014221,0.999661922454834,0.9998955726623535,0.9999908208847046,0.0011390388244763017,0.000635915610473603,0.0001144215275417082,0.0006567582604475319,0.5235394835472107,0.006748688407242298,-0.7272898554801941,2.7357466220855713,2.637685537338257,2.4793567657470703,2.821561813354492,2.7074241638183594,2.7344320487706617,0.5394293665885925,0.9997196197509766,0.999973714351654,0.9997893571853638,0.9996002316474915,0.9999045133590698,0.0015603933716192842,0.0008801480871625245,0.00020709808450192213,0.001182915410026908,0.4786671996116638,-0.004193221218883991,-0.7023597359657288,0.9998993873596191,1.2646392583847046,1.87386155128479,1.6071109771728516,2.058382034301758,2.4960007667541504,1.5454192161560059,0.9509261250495911,4.830328464508057,3.1709461212158203,2.079751491546631,2.2194199562072754,0.687178909778595,0.6841729879379272,1.1213676929473877,1.3143736124038696,1.2712481021881104,1.1621530055999756,0.8370509743690491,0.9552893042564392,3.431819200515747,2.1623337268829346,1.3626987934112549,1.4799494743347168
409,2.5731759071350098,2.21890926361084,2.280745029449463,2.7363715171813965,2.4623260498046875,2.5730510878159816,0.5932019948959351,0.9999256134033203,0.9997219443321228,0.9998055100440979,0.9999252557754517,0.9999966025352478,0.0013096530456095934,0.0006726331193931401,0.0001220927370013669,0.0006951632094569504,0.6539800763130188,0.025427497923374176,-0.6975955963134766,1.9414323568344116,1.7388403415679932,1.8239797353744507,2.031937599182129,1.8356058597564697,1.9406523888936247,0.4393756091594696,0.9997326135635376,0.9995633363723755,0.9998449683189392,0.9998076558113098,0.9995449185371399,0.0029744317289441824,0.0011231036623939872,0.0002754113229457289,0.0018331891624256968,0.6183755993843079,0.10103026777505875,-0.5793567895889282,1.4536681175231934,2.647459030151367,2.5621769428253174,0.9652795195579529,1.9678031206130981,2.5533061027526855,2.456763744354248,2.3884246349334717,5.335818290710449,3.637618064880371,2.596831798553467,2.5215909481048584,0.6160054206848145,0.7141194939613342,1.2280192375183105,1.255650281906128,1.2956420183181763,1.258668303489685,0.9367998838424683,1.0460047721862793,3.6052374839782715,2.270796775817871,1.422694444656372,1.541838526725769
410,2.411748170852661,2.161316156387329,2.1988227367401123,2.5505166053771973,2.295464515686035,2.4116088012776014,0.6259126663208008,0.999904215335846,0.9999704957008362,0.9998084306716919,0.9999109506607056,0.999941885471344,0.0013872637646272779,0.0007007945678196847,0.00013146460696589202,0.0006951516843400896,0.6545435190200806,0.045047007501125336,-0.6760120391845703,1.8134106397628784,2.186690092086792,1.9060115814208984,1.8551278114318848,1.7033531665802002,1.812929772950653,0.673836350440979,0.9998228549957275,0.9998441338539124,0.9997825026512146,0.9998123049736023,0.9998544454574585,0.00202179211191833,0.0010351084638386965,0.00025782431475818157,0.0011244359193369746,0.5952355861663818,0.15427444875240326,-0.3868730962276459,1.4555621147155762,1.47023344039917,1.5605770349502563,1.2813801765441895,0.9365580081939697,2.363898515701294,1.924914002418518,1.8720017671585083,6.204660892486572,1.9904046058654785,2.1060190200805664,2.22381329536438,0.6088866591453552,0.7389183640480042,1.2060976028442383,1.0978988409042358,1.2377727031707764,1.319532871246338,1.0016275644302368,1.104727029800415,3.845597505569458,2.2035810947418213,1.4364639520645142,1.5654106140136719
411,2.1530349254608154,1.8894281387329102,1.9553531408309937,2.2729454040527344,2.059033155441284,2.152914231580201,0.6558655500411987,0.99991774559021,0.9988760948181152,0.9998676776885986,0.9999018907546997,0.9999831914901733,0.0014922920381650329,0.0007813223055563867,0.00014712853590026498,0.0007228978211060166,0.7471886277198792,0.087286077439785,-0.5896939039230347,1.462512731552124,1.4422751665115356,1.3772622346878052,1.5493254661560059,1.3540741205215454,1.4620027253340482,0.5448567867279053,0.9997331500053406,0.9998424649238586,0.9998158812522888,0.9997478723526001,0.9996654391288757,0.002479355549439788,0.0015091568930074573,0.00030355184571817517,0.001576058566570282,0.7403140664100647,0.22515814006328583,-0.33429059386253357,2.1150708198547363,1.398316502571106,1.5559712648391724,2.3275318145751953,1.6870322227478027,1.6619738340377808,1.9164091348648071,1.2010689973831177,5.614885330200195,3.0456039905548096,2.2523865699768066,2.117380380630493,0.6817536354064941,0.689759373664856,1.16189444065094,1.1163265705108643,1.1304446458816528,1.290269136428833,1.0164071321487427,1.073273777961731,3.9955999851226807,2.2145814895629883,1.4370311498641968,1.5586225986480713
412,1.9994714260101318,1.8536429405212402,1.8519477844238281,2.107816696166992,1.900771141052246,1.9993424373108515,0.6566150784492493,0.9999060034751892,0.999955415725708,0.9997110962867737,0.9999127984046936,0.999993085861206,0.0015127906808629632,0.0008333522127941251,0.0001567719446029514,0.000706168997567147,0.7754944562911987,0.12273044884204865,-0.5570127367973328,1.4900044202804565,2.2140722274780273,1.6751594543457031,1.5461478233337402,1.292903184890747,1.4895980061399885,0.5711491107940674,0.9998530149459839,0.9999680519104004,0.999790608882904,0.9998043775558472,0.9999534487724304,0.002227633260190487,0.0013205105205997825,0.0002886108704842627,0.001726485206745565,0.689193606376648,0.29140594601631165,-0.13953468203544617,1.1184197664260864,1.2194660902023315,1.5429922342300415,2.119438648223877,3.2100276947021484,2.0795233249664307,1.0884342193603516,1.9666986465454102,5.391914367675781,1.8433842658996582,2.1580300331115723,2.063554048538208,0.696528971195221,0.6777262687683105,1.1614148616790771,1.1764702796936035,1.275102972984314,1.2805922031402588,1.005062460899353,1.1310594081878662,4.1170783042907715,2.052699565887451,1.4573734998703003,1.5593172311782837
413,1.9010682106018066,1.7694379091262817,1.7701879739761353,2.0015816688537598,1.8091039657592773,1.9009752279067458,0.6797245144844055,0.9999248385429382,0.9999800324440002,0.9997864365577698,0.9999260902404785,0.9999921917915344,0.0015863905427977443,0.0008814780157990754,0.00016723699809517711,0.0007914999732747674,0.7493191957473755,0.15312808752059937,-0.5221000909805298,1.5530610084533691,1.5967864990234375,1.5259207487106323,1.6368435621261597,1.4300748109817505,1.5521863806073946,0.6346385478973389,0.9998192191123962,0.9998536109924316,0.999911904335022,0.9997203946113586,0.9999225735664368,0.0023757510352879763,0.0013510511489585042,0.0002806904667522758,0.0018443301087245345,0.802849292755127,0.24900580942630768,-0.27581366896629333,1.7411346435546875,1.255607008934021,1.4483251571655273,1.0199075937271118,1.4315063953399658,2.003152847290039,1.6711229085922241,1.7144670486450195,5.684297561645508,1.9462134838104248,1.9915735721588135,1.9832298755645752,0.7381294965744019,0.6607313752174377,1.0757157802581787,1.1281121969223022,1.2696362733840942,1.2800424098968506,1.0173139572143555,1.1642048358917236,4.2448577880859375,1.9888018369674683,1.4567545652389526,1.5589059591293335
414,1.8977173566818237,1.8320151567459106,1.8218408823013306,1.994946002960205,1.7836265563964844,1.8975954850389911,0.6854962110519409,0.9999077320098877,0.9996731877326965,0.9996951222419739,0.999918520450592,0.9999969005584717,0.0015297987265512347,0.0008656149148009717,0.00016591194435022771,0.0009232867741957307,0.7296740412712097,0.15008696913719177,-0.483543336391449,1.9653242826461792,3.1178829669952393,2.655050277709961,1.998665452003479,1.663779377937317,1.964071463878037,0.5162873864173889,0.9996625781059265,0.9999254941940308,0.9997599124908447,0.9997235536575317,0.9995430707931519,0.0013151760213077068,0.0007484241505153477,0.00021900857973378152,0.0017356034368276596,0.648605227470398,0.10956016182899475,-0.3468586802482605,1.2051255702972412,0.8885706663131714,1.7827634811401367,1.3200151920318604,2.38633394241333,1.3193546533584595,1.3948785066604614,2.505265474319458,4.410958290100098,1.6052638292312622,1.8818529844284058,1.8875643014907837,0.726892352104187,0.6183497905731201,1.0231406688690186,1.0954400300979614,1.3416444063186646,1.2108159065246582,1.0268516540527344,1.2604448795318604,4.241305351257324,1.8894062042236328,1.4434292316436768,1.5482101440429688
415,1.9589438438415527,1.883778691291809,1.877878189086914,2.0691118240356445,1.8276790380477905,1.9588266941456136,0.6577075719833374,0.9999056458473206,0.9997969269752502,0.9997734427452087,0.9999021887779236,0.9999760389328003,0.0014851902378723025,0.0008110167691484094,0.00015399577387142926,0.0008848743746057153,0.6911273002624512,0.13076040148735046,-0.5237284898757935,2.9802865982055664,2.8233442306518555,2.9255714416503906,3.1141488552093506,2.7241406440734863,2.974495787430099,0.35940518975257874,0.9996366500854492,0.9997332096099854,0.9998407959938049,0.999498188495636,0.999799370765686,0.0008577039698138833,0.0004757388960570097,0.0001422370260115713,0.0009685749537311494,0.5753591656684875,0.01487816497683525,-0.5775012373924255,0.9940306544303894,1.4003236293792725,0.880378007888794,1.759994387626648,2.3705978393554688,1.1923962831497192,1.088479995727539,1.0559147596359253,2.2311956882476807,2.2158870697021484,1.518919825553894,1.5301997661590576,0.6901826858520508,0.6339712738990784,0.9693043231964111,1.082066535949707,1.3953624963760376,1.1786022186279297,0.9901966452598572,1.215923547744751,3.9748826026916504,1.8694603443145752,1.39999520778656,1.4924477338790894
416,1.9829826354980469,1.899310827255249,1.8628493547439575,2.095518112182617,1.868137001991272,1.982831005389566,0.6614702939987183,0.9998985528945923,0.9990520477294922,0.9996952414512634,0.9999077320098877,0.9999989867210388,0.0014573077205568552,0.0008081138366833329,0.00014607042248826474,0.0007668761536478996,0.6633576154708862,0.12304115295410156,-0.5360110402107239,2.6881208419799805,2.808577537536621,2.229088544845581,2.8239243030548096,2.741769790649414,2.6869479505328697,0.44992831349372864,0.9997602105140686,0.9993970394134521,0.9998334050178528,0.999667763710022,0.9999033212661743,0.0011737302411347628,0.0007456860039383173,0.00014756739255972207,0.0009241164079867303,0.3694382309913635,0.007150264922529459,-0.3167171776294708,1.2362308502197266,0.7843599319458008,1.916925311088562,2.298288345336914,0.9972567558288574,1.071231484413147,1.2554786205291748,1.590221643447876,3.3392162322998047,1.5081526041030884,1.599736213684082,1.6441214084625244,0.7020177841186523,0.5979668498039246,1.0195108652114868,1.1499559879302979,1.306643009185791,1.0764579772949219,0.9321581721305847,1.1294286251068115,3.891935110092163,1.7918676137924194,1.35979425907135,1.4557316303253174
417,2.1524412631988525,1.8547258377075195,1.928778052330017,2.288583278656006,2.0579984188079834,2.15227503771096,0.6043422818183899,0.9999024271965027,0.9985793232917786,0.9997129440307617,0.999937117099762,0.9999786615371704,0.0014034894993528724,0.0007505835383199155,0.00012817881361115724,0.0006199504132382572,0.5967259407043457,0.0833146944642067,-0.5922708511352539,2.5783257484436035,2.126094102859497,2.4163942337036133,2.6193087100982666,2.599440574645996,2.57139256553142,0.3572525978088379,0.999476432800293,0.999987781047821,0.9997958540916443,0.9992609620094299,0.9997930526733398,0.0020482647232711315,0.0008224250632338226,0.00021757213107775897,0.0016274916706606746,0.48976439237594604,-0.001758358208462596,-0.5658378005027771,2.2881808280944824,1.995905876159668,2.790529251098633,2.9746146202087402,1.3011845350265503,1.8046609163284302,1.6116286516189575,0.9899709820747375,2.134133815765381,3.6758177280426025,2.156662702560425,2.1351873874664307,0.71099454164505,0.5458844304084778,1.1083678007125854,1.2823237180709839,1.1948531866073608,1.1004503965377808,0.9408526420593262,1.069056510925293,3.540802240371704,1.7328596115112305,1.322644591331482,1.401545763015747
418,2.348100423812866,2.0721635818481445,2.1344289779663086,2.506002902984619,2.2131564617156982,2.347939969663451,0.581697940826416,0.9999062418937683,0.9999919533729553,0.9998131394386292,0.9998946189880371,0.9999741911888123,0.0013067625695839524,0.0006927830982021987,0.00012027547927573323,0.0005403636023402214,0.5342940092086792,0.0441649965941906,-0.6227590441703796,4.14078426361084,3.0749220848083496,4.0049333572387695,4.101874828338623,4.384644985198975,4.13705835098488,0.27846285700798035,0.9996375441551208,0.9999486207962036,0.9998005032539368,0.9995424747467041,0.9997701644897461,0.0008067181333899498,0.0004405819927342236,0.00013673047942575067,0.0009089522063732147,0.41490086913108826,-0.05027228966355324,-0.5223314762115479,1.3757259845733643,1.6164746284484863,1.290460467338562,1.578371286392212,2.1185083389282227,2.031649112701416,1.7580757141113281,2.359384059906006,2.9787306785583496,2.8409907817840576,1.9948371648788452,2.012868642807007,0.7139690518379211,0.5336037874221802,1.0616796016693115,1.2665201425552368,1.2476598024368286,1.1405848264694214,0.9748343825340271,1.161093831062317,3.4582583904266357,1.751928687095642,1.3310132026672363,1.416699767112732
419,2.391082763671875,2.164870023727417,2.1825473308563232,2.547703742980957,2.2530815601348877,2.390784997749201,0.5792348980903625,0.9998440146446228,0.9999252557754517,0.999758780002594,0.9999192953109741,0.9997745156288147,0.0012581077171489596,0.0006887262570671737,0.00011768486729124561,0.0005466514849103987,0.5482392907142639,0.043343376368284225,-0.5936108231544495,2.5903220176696777,2.658403158187866,2.5553646087646484,2.63916277885437,2.5028316974639893,2.5855315076437053,0.4132508337497711,0.9996528625488281,0.9994190335273743,0.9997422099113464,0.9995974898338318,0.9997210502624512,0.001011156477034092,0.0007424181094393134,0.0001783615443855524,0.0013847334776073694,0.5342288017272949,0.043637774884700775,-0.5280406475067139,1.2738940715789795,1.0444283485412598,1.8380767107009888,1.4961704015731812,2.0090205669403076,1.6449449062347412,2.199842929840088,1.019636869430542,3.2150421142578125,3.4200141429901123,1.916107177734375,1.9341485500335693,0.7169813513755798,0.5161910057067871,1.085718035697937,1.219026803970337,1.2684537172317505,1.127005934715271,1.03329598903656,1.0654997825622559,3.4143240451812744,1.8731735944747925,1.3319669961929321,1.4200890064239502
420,2.345127820968628,2.119198799133301,2.1141622066497803,2.491766929626465,2.2340736389160156,2.345052405350544,0.5617078542709351,0.9999342560768127,0.999931812286377,0.999833881855011,0.9999323487281799,0.9999955892562866,0.0012604959774762392,0.0007012943970039487,0.00011867769353557378,0.000554006255697459,0.6283817291259766,0.04532367363572121,-0.554812490940094,2.2903037071228027,2.172523260116577,2.0229837894439697,2.368041753768921,2.2812373638153076,2.289522750218945,0.34886643290519714,0.9997575879096985,0.9989365935325623,0.9998779892921448,0.9996892809867859,0.9998449683189392,0.0013844264904037118,0.0008236134308390319,0.00019308550690766424,0.0013664942234754562,0.5472131371498108,0.060965053737163544,-0.45007380843162537,1.3871177434921265,0.94326251745224,2.2262017726898193,1.9612764120101929,1.8597986698150635,1.5943272113800049,1.9813790321350098,1.6457288265228271,3.401764392852783,1.264255404472351,1.826511263847351,1.7728500366210938,0.7329068779945374,0.5132918953895569,1.144008755683899,1.232485294342041,1.2361515760421753,1.1077558994293213,1.084255576133728,1.0757319927215576,3.3537802696228027,1.762954831123352,1.3243322372436523,1.3972283601760864
421,2.3946588039398193,2.161281108856201,2.1366140842437744,2.5429904460906982,2.299222230911255,2.3944709746271626,0.5674463510513306,0.9998990297317505,0.9994742274284363,0.9998325109481812,0.9998707175254822,0.9999936819076538,0.0011851184535771608,0.0007052632281556726,0.00011892775364685804,0.000524363131262362,0.5771566033363342,0.025683125481009483,-0.6204546689987183,2.321042060852051,3.1401891708374023,2.4642696380615234,2.3074095249176025,2.254411220550537,2.3195464840077755,0.3712705969810486,0.9997574090957642,0.9999054074287415,0.9997013211250305,0.9997220039367676,0.9998687505722046,0.0011567118344828486,0.0007393769337795675,0.0001821831683628261,0.0015703054377809167,0.6241419315338135,0.04511693865060806,-0.6146945953369141,1.3522965908050537,1.1256074905395508,2.28127384185791,1.929754376411438,1.31096351146698,1.5941308736801147,1.2914844751358032,1.7076753377914429,3.5409772396087646,1.937670111656189,1.8071835041046143,1.7703931331634521,0.753345787525177,0.490502268075943,1.218309760093689,1.2381017208099365,1.216542363166809,1.0847538709640503,1.0507680177688599,0.9726877808570862,3.3364975452423096,1.738349437713623,1.309985876083374,1.3898760080337524
422,2.455775737762451,2.2359790802001953,2.177361488342285,2.613640785217285,2.357774257659912,2.4556306163893584,0.570984423160553,0.9999203085899353,0.9998003840446472,0.9997888803482056,0.999927282333374,0.9999930262565613,0.0012387605383992195,0.0006956122815608978,0.00011796327453339472,0.0005312479916028678,0.5797553062438965,0.018573172390460968,-0.637744665145874,3.0659728050231934,3.008527994155884,2.760222911834717,3.202890396118164,2.9882543087005615,3.0618125182437343,0.4730677306652069,0.9996941685676575,0.9988667368888855,0.9997518062591553,0.9995884299278259,0.9998871088027954,0.0012583895586431026,0.0006705222185701132,0.00016303353186231107,0.0009511342504993081,0.5714985728263855,0.003984607756137848,-0.6422901153564453,1.6486074924468994,1.8421270847320557,1.4725446701049805,1.346713662147522,2.0816056728363037,1.1916309595108032,1.2720035314559937,0.931501567363739,4.049368381500244,2.7319252490997314,1.8568028211593628,1.9528436660766602,0.7967944145202637,0.5580326914787292,1.142270803451538,1.2199627161026,1.2840527296066284,1.0726845264434814,1.0263597965240479,0.9250823855400085,3.3827133178710938,1.815558671951294,1.322351336479187,1.4102874994277954
423,2.255110025405884,2.0690104961395264,2.0092151165008545,2.3915019035339355,2.1750850677490234,2.254940806605179,0.6141535639762878,0.9998985528945923,0.9998986721038818,0.9997571110725403,0.9999180436134338,0.9999570250511169,0.0014180232537910342,0.0007808299851603806,0.000131168300868012,0.0005722939386032522,0.6281007528305054,0.05122510716319084,-0.588416337966919,1.6251405477523804,1.6352156400680542,1.5516371726989746,1.6766579151153564,1.575430154800415,1.6249452418218366,0.7153927087783813,0.9998604655265808,0.9998145699501038,0.9997692108154297,0.9998370409011841,0.9999678730964661,0.0032565027941018343,0.0015717558562755585,0.00027903763111680746,0.0009524088236503303,0.7004085779190063,0.26820433139801025,-0.3269352316856384,1.9337295293807983,1.2129406929016113,1.5434545278549194,0.9234959483146667,1.232947826385498,2.7166295051574707,1.5910693407058716,1.249230146408081,6.465203285217285,2.908782720565796,2.177748441696167,2.2804927825927734,0.8423239588737488,0.5754979848861694,1.130146861076355,1.1249945163726807,1.2506974935531616,1.206648588180542,1.0057188272476196,0.8691520690917969,3.650296688079834,1.9074293375015259,1.3562906980514526,1.455015778541565
424,2.1433818340301514,2.043407917022705,1.9431239366531372,2.2676613330841064,2.0546414852142334,2.1432396386286134,0.6385948657989502,0.9999001622200012,0.9999879002571106,0.9998010396957397,0.9999111294746399,0.9999428391456604,0.0014696033904328942,0.0008257891167886555,0.00014015308988746256,0.0005666450597345829,0.6371968984603882,0.07953431457281113,-0.5565534830093384,1.7402008771896362,1.9998153448104858,1.7657115459442139,1.8134913444519043,1.5875052213668823,1.7398316595016312,0.5890259742736816,0.9998174905776978,0.999525785446167,0.9997395277023315,0.9998323321342468,0.9998406171798706,0.0026950242463499308,0.001257074880413711,0.00024909968487918377,0.0016682433197274804,0.8653194904327393,0.15874619781970978,-0.4892849326133728,0.862882137298584,1.145983099937439,2.1656479835510254,0.8436093926429749,1.942162275314331,2.6479666233062744,1.5878993272781372,1.6859339475631714,5.237412929534912,2.5385000705718994,2.0657997131347656,2.0787525177001953,0.8054025173187256,0.5506518483161926,1.1261498928070068,1.067765712738037,1.3016830682754517,1.3191388845443726,0.992406964302063,0.8545102477073669,3.7818853855133057,1.9350558519363403,1.3734650611877441,1.476806402206421
425,2.1568915843963623,2.022298812866211,1.981744647026062,2.2801051139831543,2.052432060241699,2.1567153586463266,0.6293898224830627,0.9998894929885864,0.9980039000511169,0.9997413754463196,0.9999072551727295,0.9999839067459106,0.0015096126589924097,0.0007995640044100583,0.000139918367494829,0.000633526302408427,0.6863618493080139,0.08098302781581879,-0.5973781943321228,2.3357231616973877,1.8720052242279053,2.2863268852233887,2.4173178672790527,2.210432767868042,2.3347856318072964,0.4262605905532837,0.9997333884239197,0.9998484253883362,0.9997850656509399,0.9997819662094116,0.9995933771133423,0.0017205792246386409,0.0008260337635874748,0.00018617809109855443,0.0014232195680961013,0.6688201427459717,0.02291952073574066,-0.5319523811340332,1.4537609815597534,1.615829586982727,1.5016027688980103,0.9239160418510437,1.305072546005249,2.720625162124634,1.0329312086105347,2.1456305980682373,3.3617801666259766,3.0161077976226807,1.9077256917953491,1.9064357280731201,0.7826687097549438,0.5642620921134949,1.1059107780456543,1.0170482397079468,1.2161240577697754,1.4281270503997803,0.9531050324440002,0.9263989925384521,3.7066073417663574,1.9382697343826294,1.3638522624969482,1.462011456489563
426,2.2627720832824707,1.9666111469268799,2.038182497024536,2.3966619968414307,2.1717641353607178,2.2626238949232516,0.6195162534713745,0.9998939633369446,0.9999291300773621,0.9998694062232971,0.9999155402183533,0.9998729825019836,0.0014931510668247938,0.0007453616126440465,0.00013046892127022147,0.0006180242053233087,0.7318053245544434,0.06403683125972748,-0.5803335905075073,2.823061227798462,1.7416068315505981,2.18892240524292,2.8765809535980225,3.2483644485473633,2.8204173363986462,0.2883550524711609,0.9996662735939026,1.0,0.9998186230659485,0.9995667934417725,0.9997909665107727,0.001250282395631075,0.0005958164110779762,0.0001549911976326257,0.000935383781325072,0.6512055993080139,-0.0026933352928608656,-0.5720381736755371,2.02248477935791,1.1321626901626587,1.2809388637542725,2.244807720184326,1.2733662128448486,1.8190298080444336,1.274791955947876,1.3837196826934814,2.687379837036133,1.6826369762420654,1.6801319122314453,1.6482359170913696,0.749979555606842,0.5807590484619141,1.0761831998825073,1.091958999633789,1.134853482246399,1.4470083713531494,0.8158862590789795,0.9358595013618469,3.5592565536499023,1.840975284576416,1.3232721090316772,1.4237905740737915
427,2.8010261058807373,2.4256813526153564,2.543748617172241,2.9702084064483643,2.661860227584839,2.8008178752915946,0.5774306058883667,0.9999035000801086,0.9995333552360535,0.9998209476470947,0.9998863935470581,0.9999856948852539,0.001113692531362176,0.0005945088341832161,0.00010648134775692597,0.0005363711970858276,0.522682785987854,-0.0036502229049801826,-0.6085911989212036,2.3885388374328613,1.777580738067627,1.8323832750320435,2.549448251724243,2.43314790725708,2.387613030744319,0.24819275736808777,0.9997827410697937,0.9998843669891357,0.9997772574424744,0.9997783899307251,0.9997931122779846,0.002234427724033594,0.000792312843259424,0.00017458273214288056,0.0011476374929770827,0.6052380204200745,0.03756269812583923,-0.5799476504325867,2.2885663509368896,1.6271241903305054,1.7027829885482788,2.9065890312194824,2.336076021194458,1.095287561416626,2.273301601409912,2.1976163387298584,1.7695019245147705,2.749131441116333,2.094597816467285,1.9907196760177612,0.6684084534645081,0.6043078303337097,1.0548897981643677,1.1526813507080078,1.1410787105560303,1.378395438194275,0.8675031065940857,0.9933406710624695,3.3183088302612305,1.8774335384368896,1.3056347370147705,1.4198944568634033
428,4.019896507263184,3.2334115505218506,3.852530002593994,4.200357913970947,3.807874917984009,4.019209944175229,0.5492506623268127,0.9997876286506653,0.9999536275863647,0.9997112154960632,0.9998832941055298,0.9996638298034668,0.0007294141105376184,0.0003803064173553139,7.370156527031213e-05,0.00043285638093948364,0.37710240483283997,-0.066424660384655,-0.5953854918479919,1.4366768598556519,1.011825680732727,1.1350284814834595,1.5438517332077026,1.4674243927001953,1.4361115518611318,0.39197659492492676,0.9998437166213989,0.9998164176940918,0.999747097492218,0.999823808670044,0.9999631643295288,0.0038151599001139402,0.0016725048189982772,0.00029434257885441184,0.001418260158970952,0.7590140104293823,0.24314090609550476,-0.553808331489563,1.5437421798706055,1.9566999673843384,4.549557209014893,1.5663598775863647,2.031757116317749,2.098761558532715,1.8672176599502563,2.712415933609009,1.4292526245117188,2.216803550720215,2.1972568035125732,1.9369968175888062,0.6084418296813965,0.612257182598114,1.0551937818527222,1.1381158828735352,1.1420689821243286,1.3084863424301147,0.7502115964889526,1.1085474491119385,3.077881336212158,1.7803376913070679,1.258154273033142,1.3929871320724487
429,4.064919471740723,3.2041590213775635,3.895448923110962,4.210376262664795,3.909883499145508,4.064493771855318,0.534733235836029,0.9998723268508911,0.9998364448547363,0.99966961145401,0.9999009370803833,0.9999264478683472,0.0006933924159966409,0.00037126694223843515,7.434664439642802e-05,0.00045138373388908803,0.3805750608444214,-0.07082599401473999,-0.5843079090118408,2.978393793106079,2.236309289932251,2.7002673149108887,2.894862174987793,3.445781707763672,2.9768512490086905,0.31642061471939087,0.9997248649597168,0.9999192953109741,0.9998785853385925,0.9996340274810791,0.9998670220375061,0.001528375898487866,0.0006655111792497337,0.0001695916143944487,0.0011113981017842889,0.685461699962616,-0.012418829835951328,-0.5761123299598694,1.655931830406189,1.1532713174819946,2.410597801208496,2.2735402584075928,1.171592116355896,2.582685947418213,1.528342604637146,1.3473749160766602,2.939629077911377,2.4460413455963135,1.950900912284851,1.9398175477981567,0.6816912293434143,0.6243745684623718,1.1357299089431763,1.1863783597946167,1.0981554985046387,1.3913029432296753,0.6960628032684326,1.0553339719772339,3.035849094390869,1.8244577646255493,1.2729336023330688,1.4017051458358765
430,3.0634734630584717,2.710864543914795,2.912511110305786,3.1620898246765137,2.9710888862609863,3.0632307984891685,0.5775160193443298,0.9998967051506042,0.9992557764053345,0.9997417330741882,0.9998968243598938,0.9999937415122986,0.0008051448385231197,0.0005119998240843415,9.790407784748822e-05,0.0005249081295914948,0.37208935618400574,-0.03924086317420006,-0.560865044593811,1.3957931995391846,1.561344027519226,1.3886387348175049,1.4342843294143677,1.3173341751098633,1.3954137994102098,0.5712430477142334,0.999812126159668,0.9999872446060181,0.9998468160629272,0.9998394846916199,0.9997310042381287,0.002480113646015525,0.0018895587418228388,0.00034812340163625777,0.0018966777715831995,0.7890767455101013,0.26601266860961914,-0.42518889904022217,1.716778039932251,1.5158874988555908,1.4496809244155884,3.513049840927124,2.4538190364837646,1.9735833406448364,1.4225695133209229,1.4299004077911377,6.144229412078857,3.5398709774017334,2.515937089920044,2.355393409729004,0.7606079578399658,0.6593393087387085,1.088219165802002,1.276222825050354,1.0037353038787842,1.3861141204833984,0.6886951923370361,1.0387688875198364,3.3248085975646973,1.9148366451263428,1.3141348361968994,1.4426270723342896
431,2.4480457305908203,1.9948105812072754,2.209169626235962,2.5342819690704346,2.439760684967041,2.447841709462464,0.6368017792701721,0.9998776912689209,0.9998316168785095,0.9997027516365051,0.9998872876167297,0.9999709129333496,0.0010674850782379508,0.0006704499828629196,0.00012220436474308372,0.0006384450825862586,0.5248088836669922,0.01727849617600441,-0.47995084524154663,1.398119568824768,0.9541013240814209,1.1991925239562988,1.4443507194519043,1.469983458518982,1.3979778236369649,0.8264702558517456,0.9998762011528015,0.9999520182609558,0.9998669028282166,0.9998552203178406,0.999922513961792,0.004029948264360428,0.002521191257983446,0.00043189330608583987,0.002197558293119073,0.8056837320327759,0.430494099855423,-0.2897590696811676,2.1496827602386475,2.372739553451538,2.170743465423584,1.7546056509017944,2.2635860443115234,1.4708387851715088,0.8661454319953918,1.8357775211334229,9.462740898132324,3.8510687351226807,2.8197929859161377,2.975438356399536,0.7821171879768372,0.6926466822624207,1.1178959608078003,1.2619752883911133,0.9155772924423218,1.3074146509170532,0.6607550978660583,0.9409614205360413,3.6013236045837402,2.054424524307251,1.3335093259811401,1.4635380506515503
432,2.1504175662994385,1.827737808227539,1.9120101928710938,2.2328104972839355,2.1560380458831787,2.150318342312691,0.6423345804214478,0.9999181032180786,0.9999909996986389,0.9998055100440979,0.9999236464500427,0.9999823570251465,0.0012964325724169612,0.0008156844414770603,0.0001404415088472888,0.0007326753693632782,0.6435500383377075,0.07116768509149551,-0.5308315753936768,1.7444744110107422,1.5993614196777344,1.6578999757766724,1.747317910194397,1.8022658824920654,1.7442660429317913,1.0706508159637451,0.9998742938041687,0.9999396800994873,0.9997730851173401,0.999881386756897,0.9999334216117859,0.006168738938868046,0.0031518281903117895,0.0005064060096628964,0.002861601300537586,0.7872573137283325,0.2762015461921692,-0.4153211712837219,2.272670030593872,1.5926868915557861,3.8781394958496094,2.806619167327881,1.9665583372116089,3.7481534481048584,1.6245845556259155,1.9673633575439453,15.964938163757324,2.58601975440979,3.840773344039917,4.88163948059082,0.8344623446464539,0.7194505333900452,1.2852044105529785,1.3739397525787354,0.9764714241027832,1.3073691129684448,0.7121931910514832,0.9292572140693665,3.8573358058929443,2.045609474182129,1.4041293859481812,1.513228416442871
433,1.824965476989746,1.6334503889083862,1.6291606426239014,1.8943558931350708,1.8269790410995483,1.8248833976893786,0.6608168482780457,0.9999192357063293,0.9998254179954529,0.9998142719268799,0.9999217391014099,0.9999870657920837,0.0015355899231508374,0.0009717161883600056,0.00016513861191924661,0.000867357652168721,0.7262492179870605,0.1495148092508316,-0.4315020442008972,1.2776638269424438,1.33843994140625,1.1935619115829468,1.3057994842529297,1.2846232652664185,1.2775551819518167,0.8763753771781921,0.9999159574508667,0.999904990196228,0.9999299049377441,0.9998730421066284,0.999980628490448,0.004189828410744667,0.0027694115415215492,0.00047071624430827796,0.0021383813582360744,0.8557993173599243,0.5052536725997925,0.07897667586803436,2.5634920597076416,2.4846012592315674,3.161602020263672,1.5747179985046387,2.08988618850708,1.8293218612670898,1.719253659248352,1.628603219985962,10.506308555603027,1.76793372631073,2.93257212638855,3.0706658363342285,0.9399604797363281,0.800927996635437,1.2880138158798218,1.2994908094406128,1.0269392728805542,1.2742832899093628,0.7608998417854309,0.8727996945381165,4.081358432769775,1.9280586242675781,1.4272732734680176,1.5002810955047607
434,1.62129807472229,1.5992443561553955,1.4716598987579346,1.6878561973571777,1.5935713052749634,1.621196213845293,0.6575128436088562,0.9999171495437622,0.9999580979347229,0.999793291091919,0.9999209046363831,0.9999856948852539,0.0016258832765743136,0.0010581446113064885,0.00018108566291630268,0.0009462860762141645,0.7448227405548096,0.2191476672887802,-0.36302632093429565,1.0966274738311768,1.1994625329971313,1.0078717470169067,1.1355153322219849,1.0787490606307983,1.0964129112734842,0.7324342727661133,0.9999286532402039,1.0,0.9999359846115112,0.9998965859413147,0.9999768137931824,0.0034678466618061066,0.002263731090351939,0.00045005293213762343,0.0020975617226213217,0.8675490021705627,0.5534965395927429,0.09924390912055969,3.006801128387451,2.0791497230529785,3.2639896869659424,3.0519678592681885,3.0091912746429443,1.1258195638656616,1.2743314504623413,1.9317299127578735,9.292799949645996,2.1478564739227295,3.0183637142181396,2.7645490169525146,1.109784483909607,0.8504261374473572,1.3851258754730225,1.3436566591262817,1.1448841094970703,1.1983797550201416,0.748394787311554,0.9352024793624878,4.2564215660095215,1.7432005405426025,1.4715477228164673,1.498952031135559
435,1.6043901443481445,1.693078637123108,1.497238039970398,1.6725859642028809,1.5470114946365356,1.6042942003291836,0.6455085277557373,0.9999082088470459,0.9996304512023926,0.9998220205307007,0.9999201893806458,0.9999397397041321,0.0015233386075124145,0.0010143396211788058,0.00018062544404529035,0.0009808439062908292,0.7654942274093628,0.223474383354187,-0.37498611211776733,1.4416252374649048,1.502999186515808,1.407607913017273,1.5269473791122437,1.3125537633895874,1.4412840467931236,0.4824258089065552,0.999833345413208,0.9999998807907104,0.9996556639671326,0.9998024702072144,0.999961793422699,0.0018222433282062411,0.0010623619891703129,0.00027180195320397615,0.0020333044230937958,0.7267343997955322,0.2526291310787201,-0.3217778503894806,1.9039726257324219,1.9964780807495117,1.472258448600769,1.2178148031234741,1.989755630493164,1.1036945581436157,1.6399611234664917,2.5160932540893555,4.879715442657471,2.677797317504883,2.139754056930542,1.9520760774612427,1.1556588411331177,0.9016969203948975,1.2955290079116821,1.3011126518249512,1.20473051071167,1.1377545595169067,0.7760441899299622,1.0799872875213623,4.273612022399902,1.7636524438858032,1.4889777898788452,1.5040175914764404
436,1.6762328147888184,1.831693172454834,1.6008422374725342,1.747348666191101,1.5955487489700317,1.6761752221818702,0.6538705825805664,0.9999388456344604,0.9999920129776001,0.9998335242271423,0.9999352097511292,0.9999954104423523,0.0014086489100009203,0.0009196383180096745,0.0001761425955919549,0.0007247370667755604,0.7565418481826782,0.20765703916549683,-0.43033164739608765,1.6111167669296265,1.0729700326919556,1.402848482131958,1.6387933492660522,1.6916406154632568,1.6107239497342578,0.42815667390823364,0.9998663067817688,0.9995618462562561,0.9998887181282043,0.9998610019683838,0.9998735785484314,0.0026929096784442663,0.0011424650438129902,0.0002951128117274493,0.0015896743861958385,0.669781506061554,0.26972225308418274,-0.3348730802536011,1.1101664304733276,1.70716392993927,2.066664218902588,2.171295166015625,1.9152034521102905,2.4621803760528564,1.6893699169158936,2.921614646911621,5.028294086456299,2.571481466293335,2.3643434047698975,2.185228109359741,1.066739797592163,0.8279851675033569,1.2624152898788452,1.2608507871627808,1.2196192741394043,1.1843032836914062,0.797050416469574,1.2464804649353027,4.30247688293457,1.6237996816635132,1.4791721105575562,1.5177477598190308
437,1.8696348667144775,2.077763557434082,1.8114454746246338,1.955771565437317,1.7546807527542114,1.8695438807861018,0.6143951416015625,0.9999237060546875,0.9999536871910095,0.9998181462287903,0.999906599521637,0.9999977350234985,0.0011941478587687016,0.0007847912493161857,0.00015881862782407552,0.0007498824270442128,0.7477647066116333,0.14981220662593842,-0.5521345734596252,2.6920456886291504,1.64773690700531,1.9328356981277466,2.8056819438934326,3.0317699909210205,2.690631915899232,0.5230939388275146,0.9997711181640625,0.9989322423934937,0.9998764395713806,0.999711811542511,0.9998722076416016,0.001838749274611473,0.0007155639468692243,0.00016323132149409503,0.001228221459314227,0.5597712397575378,0.06262034922838211,-0.5387083292007446,0.5944150686264038,1.5674344301223755,1.3924607038497925,0.9408743381500244,2.2899832725524902,1.9676735401153564,1.4414129257202148,2.8090262413024902,1.4759401082992554,4.172835826873779,1.8652057647705078,1.9732377529144287,0.9585267901420593,0.7991152405738831,1.1613608598709106,1.2106825113296509,1.2777760028839111,1.1984766721725464,0.7565262317657471,1.3483644723892212,3.979844808578491,1.7672008275985718,1.4457874298095703,1.4962819814682007
438,2.3138248920440674,2.6308772563934326,2.3537676334381104,2.4057421684265137,2.1426641941070557,2.31365050779608,0.5716114044189453,0.9998810291290283,0.9998568296432495,0.9997732639312744,0.9998811483383179,0.9999246001243591,0.0009628743282519281,0.000559571199119091,0.00012851889187004417,0.000769799284171313,0.7164060473442078,0.06894903630018234,-0.6994844675064087,1.559798240661621,1.2916710376739502,1.2312476634979248,1.7115440368652344,1.5056381225585938,1.5590449983207804,0.4654892683029175,0.9997768402099609,0.9999218583106995,0.999779462814331,0.9997279047966003,0.9998652935028076,0.0026318132877349854,0.001443015644326806,0.0002734862209763378,0.001722197630442679,0.598138153553009,0.22115178406238556,-0.1255887746810913,1.2994738817214966,0.996931791305542,1.4079710245132446,2.574075222015381,2.011162281036377,3.058722496032715,1.1086477041244507,3.3569154739379883,1.0402487516403198,3.4421966075897217,2.029634475708008,1.884687900543213,0.8590110540390015,0.7337267994880676,1.1177890300750732,1.247482180595398,1.1294870376586914,1.2066161632537842,0.7259215712547302,1.4581423997879028,3.5673880577087402,1.7928752899169922,1.3838438987731934,1.4631680250167847
439,2.8627607822418213,3.106750011444092,2.9540345668792725,2.955744743347168,2.6639013290405273,2.8625859996178176,0.5267857313156128,0.9998950958251953,0.9998894333839417,0.9997965693473816,0.9999021887779236,0.999921977519989,0.0007579360972158611,0.0004144418053328991,0.00010613266204018146,0.0007404601201415062,0.6520488858222961,0.005740854423493147,-0.7024179100990295,1.781055212020874,2.0094821453094482,1.5313775539398193,1.90751051902771,1.651060700416565,1.7806894027626932,0.3770759105682373,0.999838650226593,0.9985573887825012,0.9998346567153931,0.9998092651367188,0.9999167919158936,0.0016308464109897614,0.0009270423324778676,0.00022550982248503715,0.0014364561066031456,0.6130239367485046,0.18772214651107788,-0.5272518992424011,1.3696377277374268,1.6848400831222534,2.905155897140503,3.3397750854492188,2.2674479484558105,1.6348223686218262,1.3813467025756836,1.4674968719482422,1.0009657144546509,2.786011219024658,1.9837499856948853,1.8486403226852417,0.7844591736793518,0.6537259817123413,1.1482537984848022,1.395005702972412,1.1640437841415405,1.1842586994171143,0.7039485573768616,1.3911679983139038,3.214952230453491,1.8207896947860718,1.3460606336593628,1.4363006353378296
440,4.036398410797119,3.588714838027954,4.286191463470459,4.104002475738525,3.8214828968048096,4.036092629643327,0.5077794790267944,0.999902069568634,0.999250590801239,0.9997190237045288,0.9999100565910339,0.9999651908874512,0.0006050874944776297,0.00027542654424905777,7.90764534031041e-05,0.0006058234139345586,0.5058355331420898,-0.04234502092003822,-0.7178755402565002,1.3987810611724854,1.3100634813308716,1.1253613233566284,1.5446442365646362,1.2896103858947754,1.3981105536250402,0.27403131127357483,0.9998705387115479,0.9999752640724182,0.9999011754989624,0.9998112916946411,0.9999505281448364,0.0023252652026712894,0.0014906454598531127,0.0002901229017879814,0.001514886156655848,0.7714091539382935,0.2778724431991577,-0.2955051064491272,2.2229411602020264,1.7670605182647705,2.090480089187622,3.2269632816314697,2.063842296600342,2.289580821990967,1.664032220840454,2.5865142345428467,1.442287802696228,3.506204605102539,2.2859907150268555,1.9281988143920898,0.6585575342178345,0.5917047262191772,1.1226917505264282,1.3856850862503052,1.0667939186096191,1.2208341360092163,0.7275564074516296,1.4538614749908447,2.9267940521240234,1.943341851234436,1.3097820281982422,1.4258594512939453
441,4.6253180503845215,3.4717516899108887,4.921365261077881,4.6671013832092285,4.448688983917236,4.624899682877984,0.48269298672676086,0.9998851418495178,0.9999982714653015,0.9997124671936035,0.9998803734779358,0.9999575614929199,0.0005835738265886903,0.0002362350933253765,6.984952051425353e-05,0.0005523399449884892,0.43911752104759216,-0.0490085631608963,-0.7245633602142334,2.647782325744629,1.4897404909133911,1.9296951293945312,2.9288599491119385,2.7290472984313965,2.646570571938131,0.25830501317977905,0.9997811317443848,1.0,0.9998293519020081,0.9996972680091858,0.9999054074287415,0.001829722779802978,0.0005943094729445875,0.0001239813573192805,0.0008775763562880456,0.585266649723053,0.03746221214532852,-0.3792853355407715,1.022526502609253,1.0678560733795166,1.9937753677368164,2.2311484813690186,1.3058016300201416,1.6136505603790283,1.9102866649627686,1.7681245803833008,1.1774269342422485,1.3506697416305542,1.5441266298294067,1.491949439048767,0.5880489945411682,0.5322388410568237,1.159787654876709,1.43141770362854,1.0322647094726562,1.2149659395217896,0.7762711644172668,1.4743238687515259,2.7046308517456055,1.8660743236541748,1.278002381324768,1.3870491981506348
442,4.704577922821045,3.653836488723755,4.982657432556152,4.751372337341309,4.5209879875183105,4.704336989693585,0.5006579756736755,0.9999048113822937,0.9995520710945129,0.9997940063476562,0.9999115467071533,0.9999428391456604,0.0005916747613810003,0.0002374394825892523,6.97710202075541e-05,0.0005360796931199729,0.3919205665588379,-0.05629377067089081,-0.6995330452919006,3.850206136703491,4.3226470947265625,4.343062877655029,3.709303140640259,3.895932197570801,3.848005014553751,0.40289297699928284,0.9996469616889954,0.999306321144104,0.9998390078544617,0.9995391368865967,0.9998265504837036,0.0009566475637257099,0.00048039277317002416,0.00014250951062422246,0.0009930027881637216,0.47494184970855713,-0.044696081429719925,-0.48432689905166626,0.993945837020874,2.0248184204101562,1.382480263710022,1.9538578987121582,1.369680404663086,1.913870930671692,1.0736533403396606,1.7207289934158325,3.7186965942382812,2.2435736656188965,1.83953058719635,1.9195305109024048,0.5367247462272644,0.6346250176429749,1.0822701454162598,1.4409984350204468,1.0031739473342896,1.2005622386932373,0.6918363571166992,1.476759910583496,2.758822441101074,1.878173589706421,1.2703946828842163,1.3896716833114624
443,4.576193332672119,3.5274081230163574,4.798178672790527,4.683343887329102,4.3123931884765625,4.575907828016523,0.5148940086364746,0.9998937249183655,0.9998993277549744,0.9997742176055908,0.9998897314071655,0.9999457597732544,0.0005921018891967833,0.0002410879678791389,6.929503433639184e-05,0.0005395764019340277,0.35123997926712036,-0.05308971926569939,-0.691249430179596,3.284205675125122,2.702996253967285,3.2171430587768555,3.428668737411499,3.0350561141967773,3.28219276828228,0.40757301449775696,0.9996788501739502,0.9995627999305725,0.9997041821479797,0.9996753334999084,0.9996765851974487,0.001125127193517983,0.00045002400293014944,0.0001330845116171986,0.0008792220032773912,0.6162788271903992,0.006520087830722332,-0.521730899810791,1.2019628286361694,0.8541159629821777,0.9966412782669067,2.160242795944214,1.2482253313064575,2.044872999191284,1.1038732528686523,2.0084028244018555,2.910154342651367,2.7198619842529297,1.7248353958129883,1.7818268537521362,0.488978773355484,0.634886622428894,1.0356900691986084,1.4797239303588867,0.9941596388816833,1.140868902206421,0.6634366512298584,1.513030767440796,2.7362735271453857,1.9352269172668457,1.2622276544570923,1.3869907855987549
444,3.7511215209960938,3.2965221405029297,3.7645647525787354,3.8817923069000244,3.5257856845855713,3.750732578158334,0.5558128952980042,0.9998656511306763,0.9997362494468689,0.9996383786201477,0.9998798966407776,0.999939501285553,0.0007077278569340706,0.0003356880624778569,8.160041033988819e-05,0.0005944775766693056,0.3988770842552185,-0.03968282416462898,-0.6803892850875854,1.7669798135757446,1.9200732707977295,1.684274435043335,1.8295685052871704,1.7066210508346558,1.7667265342745015,0.6799939274787903,0.9998505711555481,0.9996283054351807,0.9998894929885864,0.9997893571853638,0.999934732913971,0.003087374148890376,0.0014851136365905404,0.0002550234494265169,0.0012448470806702971,0.7208402156829834,0.22923853993415833,-0.5717978477478027,1.5422049760818481,1.3022184371948242,1.3116731643676758,3.250786304473877,1.8739677667617798,0.8327333331108093,1.1233577728271484,2.1747186183929443,6.062093257904053,1.9457063674926758,2.1419460773468018,2.2542731761932373,0.5148069262504578,0.6211986541748047,1.0326896905899048,1.5297640562057495,1.0017569065093994,1.0533325672149658,0.6752025485038757,1.5551499128341675,3.031867742538452,1.8693503141403198,1.288512110710144,1.4244188070297241
445,2.8603317737579346,2.7371420860290527,2.721362590789795,2.984503984451294,2.7169289588928223,2.8601160098548264,0.5769060254096985,0.9998943209648132,0.9994074106216431,0.9998063445091248,0.9998793005943298,0.9999676942825317,0.0009242880041711032,0.0004654135263990611,0.00010155449126614258,0.0006643511005677283,0.498622328042984,0.0158626027405262,-0.6518166661262512,1.3503626585006714,1.5155901908874512,1.2721728086471558,1.3840965032577515,1.3391751050949097,1.350254293601696,0.8013566732406616,0.9998705387115479,0.9996048808097839,0.9999038577079773,0.999825656414032,0.9999295473098755,0.0032635864336043596,0.0020156598184257746,0.00037146173417568207,0.001660820096731186,0.8623359799385071,0.3991715908050537,-0.3440002202987671,1.7274810075759888,2.493309259414673,2.4132847785949707,2.078554391860962,2.2867958545684814,2.0778183937072754,2.1913058757781982,1.0747116804122925,9.412247657775879,2.187814712524414,2.794332265853882,2.877700090408325,0.6027386784553528,0.6617187261581421,1.0984057188034058,1.4547966718673706,1.078012466430664,0.9657564759254456,0.7762070298194885,1.4634690284729004,3.3401122093200684,1.8682612180709839,1.3309478759765625,1.4504625797271729
446,2.512082815170288,2.5458824634552,2.346942901611328,2.631516933441162,2.3929038047790527,2.511949654867925,0.5812662243843079,0.9999107718467712,0.9990687966346741,0.9997754096984863,0.9999169707298279,0.9999799728393555,0.0010727525223046541,0.000587180838920176,0.00012282798707019538,0.0006927174981683493,0.642310380935669,0.048793189227581024,-0.6349483728408813,1.591605544090271,1.8232815265655518,1.4158109426498413,1.671566367149353,1.5474659204483032,1.5909199336522626,0.6337383389472961,0.9998361468315125,0.9992112517356873,0.9997503161430359,0.9998054504394531,0.999947726726532,0.0029299650341272354,0.001744782435707748,0.00036503374576568604,0.0015963705955073237,0.7907271981239319,0.23310290277004242,-0.41885000467300415,2.197906255722046,1.2004808187484741,1.8068896532058716,2.439094305038452,2.6188247203826904,2.2283449172973633,2.66835880279541,1.2863191366195679,7.120485782623291,1.7536835670471191,2.532038688659668,2.5382652282714844,0.695842981338501,0.6581598520278931,1.1080199480056763,1.4971721172332764,1.184254765510559,1.0532305240631104,0.9167034029960632,1.402695894241333,3.601050853729248,1.8093405961990356,1.39264714717865,1.4966033697128296
447,2.075181484222412,2.0304787158966064,1.8752553462982178,2.1824302673339844,2.000840187072754,2.075060551897925,0.609916627407074,0.9999207258224487,0.9996353983879089,0.9997580051422119,0.9999304413795471,0.9999987483024597,0.001293838839046657,0.0007515825564041734,0.00014496267249342054,0.0006482615717686713,0.7029244899749756,0.11827676743268967,-0.5240427851676941,1.1056636571884155,1.1843258142471313,0.9637182950973511,1.1706390380859375,1.079883337020874,1.105589679445423,0.590377688407898,0.9999058842658997,0.9998540282249451,0.9999167919158936,0.9998659491539001,0.9999688267707825,0.004027274902909994,0.002342810155823827,0.0004307418712414801,0.0017113167559728026,0.8174074292182922,0.4878469407558441,0.19155661761760712,1.6515405178070068,1.691841721534729,3.1844584941864014,2.503464460372925,2.0712828636169434,1.9253718852996826,2.512468099594116,1.7153847217559814,7.219077110290527,2.2919607162475586,2.676685094833374,2.3053297996520996,0.7275172472000122,0.6086301207542419,1.2448071241378784,1.3831597566604614,1.188953161239624,1.088348388671875,1.0055956840515137,1.3242549896240234,3.839682102203369,1.8029683828353882,1.4213917255401611,1.4998489618301392
448,1.8839880228042603,1.7423824071884155,1.6784050464630127,1.9925864934921265,1.8160061836242676,1.8838942704556318,0.6317891478538513,0.9999216794967651,0.9998165965080261,0.9997916221618652,0.9999213814735413,0.9999978542327881,0.00157529569696635,0.000878848775755614,0.00016434684221167117,0.0006691987509839237,0.7582317590713501,0.16405357420444489,-0.48816293478012085,1.3863369226455688,1.0864391326904297,1.1830346584320068,1.479032039642334,1.3715603351593018,1.3859859158463064,0.7430884838104248,0.9998579025268555,0.9991994500160217,0.9999350905418396,0.9998073577880859,0.9999042749404907,0.005364415235817432,0.002363457577303052,0.00039456968079321086,0.0021453367080539465,0.8173191547393799,0.3649827837944031,-0.29625532031059265,0.8068435192108154,1.5134847164154053,2.3259637355804443,1.8426826000213623,1.9904630184173584,2.4238498210906982,2.3217480182647705,1.4489102363586426,8.159305572509766,3.7816989421844482,2.6614949703216553,2.689246892929077,0.6858770251274109,0.6261489987373352,1.2982343435287476,1.3845964670181274,1.2165802717208862,1.1942671537399292,1.0764343738555908,1.2289223670959473,4.054652690887451,1.8903818130493164,1.4656095504760742,1.5312714576721191
449,1.8961032629013062,1.6681386232376099,1.6783781051635742,2.0063257217407227,1.8341206312179565,1.8959457062768745,0.6268600821495056,0.9998970031738281,0.9999726414680481,0.9996732473373413,0.9999143481254578,0.9999992847442627,0.0016562860691919923,0.0008871402824297547,0.00015959412849042565,0.0006655796896666288,0.7682547569274902,0.15755951404571533,-0.4285825788974762,1.8238602876663208,1.1605212688446045,1.4009000062942505,1.9279234409332275,2.006129264831543,1.8230033343712118,0.2725146412849426,0.9997535943984985,0.9998356103897095,0.9998767971992493,0.999692976474762,0.9997649192810059,0.002707144943997264,0.001129820360802114,0.00020100704568903893,0.001152791897766292,0.5952165126800537,0.13835103809833527,-0.3734052777290344,1.5933102369308472,1.4046193361282349,2.0102481842041016,2.3403284549713135,1.721140742301941,1.5886143445968628,1.8591172695159912,1.6685118675231934,3.351170301437378,1.9310238361358643,1.9468084573745728,1.7693090438842773,0.6396934986114502,0.6241735219955444,1.282206654548645,1.4323261976242065,1.210374355316162,1.1620196104049683,1.094495177268982,1.1595180034637451,3.9590814113616943,1.8808146715164185,1.4444704055786133,1.5079480409622192
450,2.1098766326904297,1.8180696964263916,1.8657084703445435,2.2341392040252686,2.039586305618286,2.1097271041747647,0.6005993485450745,0.9999040961265564,1.0,0.9997166395187378,0.9999213814735413,0.99998539686203,0.0015131380641832948,0.0007828729576431215,0.00014027129509486258,0.0006583983195014298,0.6778572201728821,0.0958697646856308,-0.47211095690727234,4.079240798950195,3.593364715576172,3.9037466049194336,4.146223545074463,4.050424575805664,4.068263562273397,0.3636670708656311,0.999472439289093,0.999056875705719,0.9997433423995972,0.999301552772522,0.999714732170105,0.0009502743487246335,0.0004442118515726179,0.00012925875489600003,0.0008703280473127961,0.6325271725654602,-0.019579745829105377,-0.46991318464279175,0.9993861317634583,0.9883861541748047,1.8874590396881104,1.8098032474517822,3.027960777282715,2.7504148483276367,1.6178572177886963,1.56159508228302,1.5402065515518188,1.3431304693222046,1.752619981765747,1.8112865686416626,0.5511072874069214,0.5765648484230042,1.2355588674545288,1.3580819368362427,1.3078862428665161,1.2594324350357056,1.1078288555145264,1.089813470840454,3.6895594596862793,1.7718652486801147,1.3947699069976807,1.4702215194702148
451,2.3963823318481445,1.9019196033477783,2.086442232131958,2.539809226989746,2.334035634994507,2.3962293766637757,0.5627683401107788,0.999891996383667,0.9998180866241455,0.9998284578323364,0.9998791813850403,0.9999542832374573,0.0013560735387727618,0.0007092137238942087,0.00012121619511162862,0.0006792808999307454,0.5383388996124268,0.03751947358250618,-0.5699291229248047,2.1825733184814453,1.4771815538406372,1.5829858779907227,2.3188507556915283,2.438523530960083,2.1802165982357105,0.3161938488483429,0.9997187852859497,0.9999695420265198,0.9999074339866638,0.9996532201766968,0.9996576905250549,0.0015720538794994354,0.0008496972150169313,0.00020528559980448335,0.00209943950176239,0.5713417530059814,0.08801823854446411,-0.3737349510192871,1.9386857748031616,1.2511006593704224,2.6981041431427,1.8141310214996338,1.7932157516479492,3.345353841781616,1.3598034381866455,1.6722215414047241,1.5406018495559692,2.5699751377105713,1.9983195066452026,1.905363917350769,0.6013507843017578,0.5454046726226807,1.3207333087921143,1.3066843748092651,1.2597042322158813,1.394813895225525,1.0645315647125244,1.0195034742355347,3.44210147857666,1.7182974815368652,1.3673125505447388,1.4479495286941528
452,3.1557347774505615,2.2789433002471924,2.7692818641662598,3.3216569423675537,3.1036739349365234,3.1555492908418907,0.5289098620414734,0.9999052286148071,0.9999897480010986,0.9998032450675964,0.9999048709869385,0.9999698996543884,0.0010410433169454336,0.0005587997147813439,9.577523451298475e-05,0.0006081315805204213,0.29709377884864807,-0.04062111675739288,-0.6576278209686279,2.1212940216064453,2.158627510070801,1.8375828266143799,2.363889694213867,1.8694819211959839,2.1204031682065287,0.30714455246925354,0.9997639060020447,0.9999868273735046,0.9997777938842773,0.9997367262840271,0.9997943043708801,0.0021532245445996523,0.0011556908721104264,0.00023307165247388184,0.0015369942411780357,0.6296226382255554,0.1234208270907402,-0.6233811378479004,1.6981843709945679,2.1188347339630127,3.54101300239563,1.8825883865356445,2.217590808868408,3.8739569187164307,2.3153257369995117,1.4080722332000732,2.9937920570373535,2.9556617736816406,2.500502109527588,2.366065740585327,0.5606256723403931,0.5898438692092896,1.4114776849746704,1.2947198152542114,1.2969924211502075,1.523325800895691,1.0121357440948486,0.9852937459945679,3.24196457862854,1.7656480073928833,1.368202805519104,1.4754823446273804
453,3.487963914871216,2.590826988220215,3.1526670455932617,3.6371259689331055,3.43088436126709,3.4877493368093204,0.5198103785514832,0.9998964667320251,0.9998491406440735,0.9998883008956909,0.9998732209205627,0.999946117401123,0.0009434677776880562,0.00049416976980865,8.647646609460935e-05,0.0005436503561213613,0.2469559907913208,-0.056832119822502136,-0.6864335536956787,2.854135036468506,4.072834491729736,3.186195135116577,2.7402701377868652,2.901380777359009,2.851170179306168,0.37320902943611145,0.9997178912162781,0.9986695647239685,0.9997332692146301,0.9997743964195251,0.9995672106742859,0.0011673587141558528,0.00048552031512372196,0.00014675121929030865,0.0012145079672336578,0.7216680645942688,0.0399772971868515,-0.5995045304298401,0.9856308698654175,2.409104108810425,1.5339277982711792,1.3974372148513794,0.9701266884803772,1.740754246711731,1.0432988405227661,1.690645456314087,2.9129555225372314,2.4072277545928955,1.7091108560562134,1.7216436862945557,0.5746339559555054,0.7038893103599548,1.3416905403137207,1.25419020652771,1.212884545326233,1.473804235458374,0.9225656986236572,0.9438707232475281,3.1449575424194336,1.7972290515899658,1.336971640586853,1.448456883430481
454,3.2760190963745117,2.5337846279144287,2.9420244693756104,3.398493528366089,3.2624728679656982,3.2757159625222254,0.5183719992637634,0.9998725652694702,0.9995998740196228,0.9998148679733276,0.9998803734779358,0.9999028444290161,0.0009688747231848538,0.0005132867372594774,9.107049118028954e-05,0.000516240659635514,0.35317373275756836,-0.042096275836229324,-0.6927366256713867,2.060821294784546,2.6538283824920654,1.9102144241333008,2.071101665496826,2.138638973236084,2.060341051779114,0.31366652250289917,0.9997780323028564,0.9993797540664673,0.9998437762260437,0.9997965693473816,0.9996795058250427,0.0013310309732332826,0.0007844275096431375,0.00019309598428662866,0.001474487711675465,0.6740705370903015,0.12458507716655731,-0.4437086582183838,1.0149327516555786,1.602657675743103,1.7938411235809326,1.8220349550247192,2.033351421356201,2.5975236892700195,1.417947769165039,1.3627855777740479,3.136260747909546,2.244730234146118,1.9026066064834595,1.793957233428955,0.5336185693740845,0.7326364517211914,1.3439381122589111,1.2695339918136597,1.2243105173110962,1.5475709438323975,0.9083099365234375,0.8844611644744873,3.102553129196167,1.7702915668487549,1.3317224979400635,1.434662103652954
455,2.733217716217041,2.3126699924468994,2.4597766399383545,2.8292670249938965,2.720602035522461,2.733005335692245,0.5396392345428467,0.9998877048492432,0.9998699426651001,0.9997491836547852,0.9999126195907593,0.9999291896820068,0.0011294289724901319,0.0006043428438715637,0.00011118531983811408,0.000560785352718085,0.4333047866821289,-0.006427610293030739,-0.6715115904808044,1.6233073472976685,1.8414247035980225,1.4580650329589844,1.702644944190979,1.5522347688674927,1.6226622444896839,0.46710583567619324,0.9997746348381042,0.9992611408233643,0.999810516834259,0.9996838569641113,0.9999403953552246,0.0029600688721984625,0.0014430949231609702,0.0003208242414984852,0.0017943220445886254,0.6432619094848633,0.18280692398548126,-0.3996625542640686,1.8079572916030884,1.809269666671753,3.687715530395508,1.5968526601791382,2.074241876602173,3.3421084880828857,2.2085373401641846,1.533300757408142,5.60058069229126,2.2707479000091553,2.5931313037872314,2.4368152618408203,0.5867003798484802,0.7437259554862976,1.5360651016235352,1.2323979139328003,1.2220698595046997,1.6003355979919434,0.8814215660095215,0.8661296367645264,3.2966489791870117,1.721228003501892,1.368672251701355,1.4605560302734375
456,2.335815191268921,2.019609212875366,2.114030599594116,2.4277429580688477,2.3028881549835205,2.335657637668123,0.5679638385772705,0.9998961091041565,0.9995018243789673,0.9997088313102722,0.999920129776001,0.9999796152114868,0.0013796690618619323,0.0007305523031391203,0.00013289407070260495,0.0005999088753014803,0.5381084680557251,0.040021251887083054,-0.6074097752571106,1.4142645597457886,1.3294634819030762,1.365135669708252,1.4676663875579834,1.3514156341552734,1.4140294389401824,0.7344968318939209,0.9998456239700317,0.9999514222145081,0.9997496008872986,0.9998171925544739,0.9999548196792603,0.003699312685057521,0.0020697680301964283,0.000385600229492411,0.0021182517521083355,0.7526775598526001,0.3100610673427582,-0.21474221348762512,2.610182762145996,1.661122441291809,1.6152032613754272,1.817822813987732,1.348238468170166,1.9330978393554688,2.6242752075195312,0.859332263469696,7.76093053817749,2.944725513458252,2.5174930095672607,2.550443410873413,0.6909703612327576,0.7812755703926086,1.517256736755371,1.221813440322876,1.1215728521347046,1.5728483200073242,0.9929794669151306,0.8378551006317139,3.5771002769470215,1.758007287979126,1.4071680307388306,1.487691879272461
457,2.216822624206543,2.006427764892578,2.0396065711975098,2.304028034210205,2.165266275405884,2.2166713867629726,0.6018123626708984,0.999904990196228,0.9994354844093323,0.9998038411140442,0.9998964071273804,0.9999921321868896,0.0014595093671232462,0.0007936505717225373,0.00014265750360209495,0.0006439409335143864,0.5597733855247498,0.06569977104663849,-0.6113765835762024,1.8513051271438599,2.189089298248291,1.8544073104858398,1.9222923517227173,1.717492938041687,1.8509976530234749,0.6342201232910156,0.9998685717582703,0.9996347427368164,0.9998553991317749,0.9998234510421753,0.9999552965164185,0.0023777864407747984,0.0014025808777660131,0.00026740043540485203,0.0014673609985038638,0.7587340474128723,0.17688429355621338,-0.4689105749130249,1.1582609415054321,1.350945234298706,1.723313331604004,1.9890905618667603,1.7546826601028442,2.6101629734039307,2.2039687633514404,1.3204097747802734,6.484376907348633,2.562704086303711,2.315791368484497,2.4127752780914307,0.6754056811332703,0.8073269724845886,1.4599846601486206,1.2401866912841797,1.1484800577163696,1.6633203029632568,1.0502214431762695,0.7897642254829407,3.8320934772491455,1.8188095092773438,1.448559284210205,1.5411056280136108
458,2.2533631324768066,2.0654306411743164,2.105339288711548,2.3444623947143555,2.175858497619629,2.2532614059441776,0.6124979257583618,0.999921977519989,0.9992339015007019,0.9998596906661987,0.9999093413352966,0.9999920129776001,0.0014275083085522056,0.0007645205478183925,0.0001398442400386557,0.0006713609327562153,0.5443688631057739,0.061704620718955994,-0.6102617979049683,2.614670515060425,2.2198104858398438,2.581538200378418,2.725645065307617,2.432950496673584,2.6135658586826707,0.560403048992157,0.9997604489326477,0.9999327063560486,0.9998503923416138,0.999641478061676,0.999922513961792,0.0014131622156128287,0.0007011505076661706,0.00017261329048778862,0.0011133219813928008,0.538480281829834,0.039089519530534744,-0.6107202768325806,1.0679094791412354,1.8668301105499268,1.4231486320495605,0.8254178762435913,1.1220314502716064,1.757927656173706,1.2647976875305176,1.8824491500854492,4.561734676361084,2.386167287826538,1.815841555595398,1.9441956281661987,0.6742919683456421,0.8150308728218079,1.3998303413391113,1.1153827905654907,1.1151182651519775,1.6351501941680908,1.0140771865844727,0.8531298637390137,3.839691162109375,1.830628514289856,1.429233193397522,1.5319416522979736
459,2.314656972885132,2.169243335723877,2.1930088996887207,2.412523031234741,2.2121684551239014,2.314496196823484,0.6206480264663696,0.9998998045921326,0.9991818070411682,0.9997202754020691,0.9999114274978638,0.9999913573265076,0.00132261891849339,0.0007200164254754782,0.00013331601803656667,0.000671231362503022,0.527844250202179,0.05285412445664406,-0.6464803814888,2.5961930751800537,3.015845537185669,2.8284554481506348,2.6410419940948486,2.4047701358795166,2.5950420428735437,0.5998286604881287,0.9997900724411011,0.9990700483322144,0.999813973903656,0.9997016787528992,0.9999498724937439,0.0011225119233131409,0.00046826788457110524,0.00016718519327696413,0.0009323112899437547,0.45005378127098083,0.02837177738547325,-0.4586699903011322,1.146520733833313,1.0070405006408691,0.8007464408874512,2.3544716835021973,1.5474917888641357,0.9310412406921387,1.3001530170440674,1.0602043867111206,4.201170921325684,1.8230634927749634,1.6171903610229492,1.7597790956497192,0.6872121691703796,0.7816033959388733,1.257881760597229,1.2069604396820068,1.113376259803772,1.479737639427185,0.9875282645225525,0.8387478590011597,3.807904005050659,1.7161684036254883,1.387712001800537,1.4993222951889038
460,2.3561043739318848,2.2435014247894287,2.2706820964813232,2.4685747623443604,2.21161150932312,2.3559979606174566,0.6299739480018616,0.9999247193336487,0.9999465346336365,0.9997697472572327,0.9999324083328247,0.9999929666519165,0.0012293386971578002,0.0006917279097251594,0.00012672394223045558,0.0006992522394284606,0.5964715480804443,0.05100976303219795,-0.6526538729667664,2.21284556388855,2.95465350151062,2.5445077419281006,2.233813524246216,1.9809882640838623,2.2122341547871702,0.5489166378974915,0.9997857809066772,0.9995487332344055,0.9998257160186768,0.9997065663337708,0.9999299049377441,0.0010646452428773046,0.0006733315531164408,0.00020114639482926577,0.001498610363341868,0.6980937123298645,0.06054827570915222,-0.4243902564048767,1.0145584344863892,0.3809433579444885,1.7406729459762573,1.4054908752441406,1.5447677373886108,0.585045576095581,1.6404606103897095,2.053659439086914,3.68856143951416,2.4831912517547607,1.6537351608276367,1.7191089391708374,0.6716828346252441,0.7055326700210571,1.224166750907898,1.155588984489441,1.050472617149353,1.3566770553588867,0.9558851718902588,0.9312623739242554,3.7518768310546875,1.7131437063217163,1.3516288995742798,1.470510721206665
461,2.36708927154541,2.345080614089966,2.314535140991211,2.489290952682495,2.1918418407440186,2.366907269737335,0.6296325922012329,0.9998777508735657,0.999630331993103,0.9997953772544861,0.9999145269393921,0.9998646378517151,0.0011442714603617787,0.0006661499501205981,0.000125856589875184,0.0007027107640169561,0.6428083777427673,0.04668965935707092,-0.6198107004165649,2.1219611167907715,2.575240135192871,2.3576908111572266,2.1923575401306152,1.8893311023712158,2.1212575080056038,0.48820245265960693,0.9997345209121704,0.9997855424880981,0.9998189210891724,0.9997831583023071,0.9996195435523987,0.0011460433015599847,0.0007016613963060081,0.00020962778944522142,0.0010219375835731626,0.6772596836090088,0.1009884774684906,-0.5367451906204224,1.2338489294052124,1.9318711757659912,1.5119608640670776,1.196691870689392,1.6673253774642944,1.0752476453781128,1.4177607297897339,2.056131362915039,4.375566005706787,2.513185739517212,1.8979589939117432,1.9105385541915894,0.6684380173683167,0.7859926223754883,1.1294811964035034,1.1317189931869507,1.0351600646972656,1.2589472532272339,0.9659937620162964,0.9998932480812073,3.7571520805358887,1.766143560409546,1.349892020225525,1.4694340229034424
462,2.3046422004699707,2.1699342727661133,2.2460076808929443,2.421313762664795,2.1433448791503906,2.3044961534953763,0.618487536907196,0.9999110698699951,0.9993351101875305,0.9998149275779724,0.99989253282547,0.9999951720237732,0.0011688523227348924,0.0006666335393674672,0.0001287437044084072,0.0006899153813719749,0.5797555446624756,0.05128433555364609,-0.5859461426734924,1.9712238311767578,1.7124474048614502,1.8990756273269653,2.012418270111084,1.93306565284729,1.9707349710790072,0.3546402156352997,0.9997931122779846,0.9995680451393127,0.9998124837875366,0.9997702240943909,0.9998355507850647,0.001830637687817216,0.0008061923435889184,0.00022003313642926514,0.0013489900156855583,0.49363046884536743,0.1095501184463501,-0.2979001998901367,1.7313594818115234,1.6563587188720703,1.8669941425323486,2.633333444595337,2.5044503211975098,1.3365089893341064,1.1439493894577026,1.3332164287567139,3.545665740966797,1.9180302619934082,1.9669866561889648,1.8612200021743774,0.7366474866867065,0.7226119041442871,1.1498310565948486,1.2539353370666504,1.0955379009246826,1.2227009534835815,0.9287501573562622,0.9418264031410217,3.7090952396392822,1.7016814947128296,1.3462618589401245,1.4521377086639404
463,2.159518003463745,2.021432638168335,2.036928176879883,2.276324987411499,2.035231351852417,2.159370973889916,0.6476789116859436,0.9998972415924072,0.9990857243537903,0.999752402305603,0.9998968839645386,0.99998939037323,0.001257973606698215,0.000758822076022625,0.0001371968974126503,0.000766250304877758,0.6536434888839722,0.07219523191452026,-0.5347636938095093,1.6406667232513428,1.7447450160980225,1.4535316228866577,1.7419967651367188,1.5961841344833374,1.6400569348217517,0.5667444467544556,0.9998027086257935,0.9999468326568604,0.9998288750648499,0.9997401237487793,0.9998939633369446,0.0025821521412581205,0.001612048945389688,0.0002784508396871388,0.0011117517715319991,0.75812828540802,0.19952088594436646,-0.3081389367580414,2.04374098777771,1.1212154626846313,1.759764552116394,2.048388957977295,1.610885739326477,0.9797415733337402,1.7414703369140625,1.771386742591858,5.459188938140869,2.584921360015869,2.1120705604553223,2.0729775428771973,0.763271689414978,0.6974072456359863,1.084083914756775,1.2709144353866577,1.1036710739135742,1.1088534593582153,0.9842388033866882,0.9396308064460754,3.8576536178588867,1.7591029405593872,1.356882929801941,1.4669722318649292
464,1.989251732826233,1.885804295539856,1.836397647857666,2.1036899089813232,1.8901071548461914,1.9890751939812528,0.6685981154441833,0.9998814463615417,0.9995944499969482,0.9996418952941895,0.9999096393585205,0.9999806880950928,0.0013964492827653885,0.0008337371982634068,0.0001434922742191702,0.0007719483110122383,0.6977623701095581,0.10938547551631927,-0.5413998961448669,1.4612705707550049,1.5801167488098145,1.2320451736450195,1.5925071239471436,1.3970290422439575,1.4609041316495446,0.5726520419120789,0.9998514652252197,0.9993305206298828,0.999870777130127,0.9997926950454712,0.999942421913147,0.002801105147227645,0.0015434951055794954,0.0002602136810310185,0.0013413317501544952,0.6984958648681641,0.26788270473480225,-0.44100016355514526,1.1577732563018799,1.19814932346344,1.565036416053772,1.1792566776275635,1.1423413753509521,1.4499332904815674,2.7204408645629883,2.019598960876465,4.9553961753845215,2.1389894485473633,1.952691674232483,1.8569986820220947,0.7525444626808167,0.6740615367889404,1.078419804573059,1.1654034852981567,1.0809707641601562,1.0546901226043701,1.09157395362854,0.9421253800392151,3.9378347396850586,1.7288531064987183,1.3506478071212769,1.451626181602478
465,1.9021326303482056,1.8073995113372803,1.7604554891586304,2.0146031379699707,1.7977449893951416,1.902015483720076,0.6725996136665344,0.9998971819877625,0.9997490048408508,0.9997215270996094,0.9999078512191772,0.9999813437461853,0.0014550011837854981,0.000851401302497834,0.00014762698265258223,0.0007501661311835051,0.6920166015625,0.14951319992542267,-0.53562331199646,1.800370693206787,1.8610879182815552,1.82194983959198,1.9303028583526611,1.5438488721847534,1.7996890413071478,0.41885119676589966,0.9997674822807312,0.9996600151062012,0.9998794794082642,0.9998261332511902,0.9996168613433838,0.0019478121539577842,0.0009966895449906588,0.00022241305850911885,0.0014995234087109566,0.7411751747131348,0.18296711146831512,-0.5233579874038696,1.3265479803085327,1.738792061805725,1.3370057344436646,1.5196892023086548,1.1627624034881592,2.099595069885254,1.2109473943710327,1.6539230346679688,3.6144697666168213,3.023162841796875,1.8686895370483398,1.7711174488067627,0.731062114238739,0.6781496405601501,1.0475372076034546,1.1076363325119019,0.9254770278930664,1.073506236076355,1.0586332082748413,0.9865434765815735,3.8640310764312744,1.8289155960083008,1.3301491737365723,1.4188965559005737
466,1.8877366781234741,1.7576119899749756,1.7275404930114746,2.000584840774536,1.798879623413086,1.8876396173912318,0.7098320722579956,0.9999297857284546,0.9998666048049927,0.9998270273208618,0.99993497133255,0.9999849200248718,0.001555854338221252,0.0008930998155847192,0.00014990477939136326,0.0007673975196667016,0.7306115031242371,0.1517157107591629,-0.5734592080116272,2.0957579612731934,1.7390508651733398,1.8189513683319092,2.2346863746643066,2.0796616077423096,2.0948169328900654,0.7941067814826965,0.9998094439506531,0.9997770190238953,0.9998023509979248,0.9997550845146179,0.9999182820320129,0.0030894929077476263,0.001434337580576539,0.00022676958178635687,0.0012377273524180055,0.6492332220077515,0.06410545110702515,-0.42649099230766296,1.6219083070755005,0.8883326649665833,1.8911291360855103,2.114060401916504,2.0686395168304443,0.9017508625984192,1.8681819438934326,1.3570588827133179,7.233786106109619,1.9045394659042358,2.184938907623291,2.5180931091308594,0.7584232091903687,0.6587334871292114,1.0910724401474,1.1175206899642944,0.9749623537063599,0.9812242984771729,1.0747846364974976,0.9239370226860046,4.071795463562012,1.7488511800765991,1.3401305675506592,1.4522489309310913
467,1.907206654548645,1.7977396249771118,1.7346144914627075,2.030648946762085,1.8089478015899658,1.9070450613653502,0.6854331493377686,0.9998940825462341,0.9999821186065674,0.9997211694717407,0.9998972415924072,0.9999929666519165,0.0015528671210631728,0.000879981555044651,0.00015022621664684266,0.0007226717425510287,0.6886307597160339,0.1413903534412384,-0.5363088846206665,1.980055332183838,2.333322286605835,1.8571996688842773,2.0356075763702393,1.9313979148864746,1.9792318473214816,0.3615441620349884,0.9997825622558594,0.9999281167984009,0.9997105002403259,0.9997724890708923,0.9998555779457092,0.0017479703528806567,0.0007788861403241754,0.00018600169278215617,0.0009809606708586216,0.6663318872451782,0.09674536436796188,-0.36710935831069946,0.902646541595459,1.575701355934143,1.5544755458831787,1.3904248476028442,1.8607218265533447,2.695943832397461,1.5416761636734009,1.386305332183838,3.2687668800354004,2.0514793395996094,1.8228142261505127,1.7301599979400635,0.7007108926773071,0.6974260807037354,1.0731226205825806,1.0751214027404785,1.0266622304916382,1.1019200086593628,1.0855529308319092,0.9347785115242004,3.972877025604248,1.7241417169570923,1.3392313718795776,1.437958002090454
468,1.9149845838546753,1.8323403596878052,1.7767695188522339,2.0233099460601807,1.8194981813430786,1.9148648826897374,0.7135041952133179,0.9999111294746399,0.9995881915092468,0.9997978806495667,0.9999074339866638,0.9999901056289673,0.001534010749310255,0.000850740063469857,0.00014578526315744966,0.0006641773506999016,0.6457809209823608,0.13604015111923218,-0.5142120122909546,2.141608715057373,2.5695552825927734,2.3023030757904053,2.101952075958252,2.1309030055999756,2.1409033476445445,0.6402592658996582,0.9998046159744263,0.9998722672462463,0.9996882081031799,0.9997672438621521,0.9999507069587708,0.0015145071083679795,0.0006921502645127475,0.00018688359705265611,0.0011079946998506784,0.649064302444458,0.12036614120006561,-0.3424321413040161,1.1670275926589966,0.8095879554748535,1.4124928712844849,1.3086081743240356,1.1716398000717163,1.3865894079208374,1.7595467567443848,2.135507345199585,4.926676273345947,1.3268966674804688,1.7404571771621704,1.8725486993789673,0.660508930683136,0.6637176871299744,1.0526572465896606,0.9816433191299438,0.9990598559379578,1.0474199056625366,1.0940968990325928,1.0232924222946167,4.01414680480957,1.5043939352035522,1.3040937185287476,1.4200537204742432
469,1.9301663637161255,1.820387601852417,1.7995578050613403,2.038902759552002,1.8276911973953247,1.9300753798335097,0.7003512978553772,0.9999191164970398,0.9999914169311523,0.9997739791870117,0.9999242424964905,0.9999951720237732,0.001553333830088377,0.000847968680318445,0.00014527411258313805,0.0006420719437301159,0.6982904076576233,0.13434985280036926,-0.522388219833374,2.36491322517395,2.236274003982544,2.356718063354492,2.4739842414855957,2.161933660507202,2.3634989530819976,0.45558661222457886,0.9997618198394775,0.9998047351837158,0.9997094869613647,0.9996761083602905,0.9999397993087769,0.0019123913953080773,0.000848284165840596,0.00020347778627183288,0.0014978500548750162,0.5603318214416504,0.0298243947327137,-0.45659783482551575,1.6321771144866943,0.635182797908783,1.4161335229873657,1.8305658102035522,1.9084219932556152,2.49130916595459,1.9564025402069092,2.504453182220459,4.474029064178467,1.9107880592346191,2.07594633102417,2.101116418838501,0.6722202897071838,0.6124016642570496,1.0350596904754639,1.023864984512329,1.0526760816574097,1.1579264402389526,1.105861783027649,1.1119111776351929,4.033524513244629,1.4868762493133545,1.3292322158813477,1.440902590751648
470,1.9376986026763916,1.7331806421279907,1.7736494541168213,2.0457842350006104,1.858039379119873,1.9376240007768113,0.6987363696098328,0.9999277591705322,0.9999331831932068,0.9998626112937927,0.9999142289161682,0.9999893307685852,0.0016678888350725174,0.0008577140979468822,0.00014504860155284405,0.000720882904715836,0.6919557452201843,0.1280195116996765,-0.5067010521888733,2.1465978622436523,1.385921835899353,1.6731815338134766,2.256187915802002,2.359968900680542,2.1457598182724915,0.5783024430274963,0.9997560977935791,0.9999721050262451,0.9997169971466064,0.9997082948684692,0.9999024868011475,0.0021594855934381485,0.0010321115842089057,0.00019096008327323943,0.0014148683985695243,0.5845110416412354,0.08914157003164291,-0.41440480947494507,0.370825856924057,0.7599874138832092,2.2330501079559326,2.7053050994873047,1.478603720664978,1.3423900604248047,1.4484221935272217,0.717290461063385,3.7740871906280518,2.337855339050293,1.7167818546295166,1.7976901531219482,0.6041962504386902,0.5947761535644531,1.1018325090408325,1.1295398473739624,1.0663938522338867,1.1135509014129639,1.0661427974700928,1.0173057317733765,3.9731526374816895,1.491757869720459,1.31586492061615,1.4265022277832031
471,1.9701056480407715,1.7511221170425415,1.821812391281128,2.064589738845825,1.8988726139068604,1.9699938950898597,0.6613834500312805,0.9999083280563354,1.0,0.9997537136077881,0.9999250173568726,0.9999748468399048,0.001609204919077456,0.0008528386242687702,0.00014211713278200477,0.0007717630942352116,0.7312817573547363,0.11859142780303955,-0.5704969167709351,1.89812171459198,1.7051098346710205,1.6826351881027222,1.9124213457107544,2.0664584636688232,1.8971274146844026,0.4277620017528534,0.999686062335968,0.9992123246192932,0.9998903870582581,0.9997771978378296,0.9992090463638306,0.002516478765755892,0.001049604150466621,0.00024389590544160455,0.001308068516664207,0.6457855701446533,0.11260446906089783,-0.5557202696800232,1.7310285568237305,1.5715361833572388,4.255950927734375,2.5685672760009766,2.0039288997650146,1.89998197555542,1.3306230306625366,1.7345165014266968,4.037271022796631,1.7483716011047363,2.288177490234375,2.2018532752990723,0.6174930930137634,0.6518717408180237,1.3291629552841187,1.2172346115112305,1.096396565437317,1.1487269401550293,1.02701735496521,1.010440707206726,3.9096927642822266,1.455873727798462,1.3463910818099976,1.4394127130508423
472,2.047973871231079,1.7526311874389648,1.873687982559204,2.1502768993377686,1.980051875114441,2.047900448407507,0.6418007016181946,0.9999382495880127,0.9999935626983643,0.9998944997787476,0.9999278783798218,0.9999834895133972,0.0015756487846374512,0.0008221158641390502,0.000136351547553204,0.0006890423246659338,0.7153075337409973,0.10962024331092834,-0.586452305316925,3.1226613521575928,2.0057384967803955,2.4660582542419434,3.298678398132324,3.371508836746216,3.118314051496116,0.3892707824707031,0.9996483325958252,0.9999345541000366,0.9996908903121948,0.9996013641357422,0.9997040629386902,0.001999160274863243,0.0007096710032783449,0.00015766030992381275,0.0011727759847417474,0.5135257840156555,0.007685897406190634,-0.673980176448822,1.1227625608444214,1.6367244720458984,2.5680627822875977,2.234325647354126,1.3989192247390747,1.457205891609192,1.4384900331497192,1.9218876361846924,3.6691248416900635,3.2118442058563232,2.065934896469116,2.111323356628418,0.6062764525413513,0.6216858625411987,1.4134238958358765,1.240113377571106,1.1142866611480713,1.152854084968567,0.9497264623641968,1.0781174898147583,3.8265633583068848,1.601508378982544,1.3604556322097778,1.452622652053833
473,2.0957441329956055,1.6983246803283691,1.8823407888412476,2.1980555057525635,2.0517523288726807,2.0956603776020915,0.6291100382804871,0.999919056892395,0.9999945163726807,0.9997914433479309,0.9999301433563232,0.9999823570251465,0.0015603997744619846,0.0008006338030099869,0.0001328819926129654,0.0006658000056631863,0.6846365928649902,0.10430249571800232,-0.5960687398910522,2.5338873863220215,1.744691252708435,2.1384735107421875,2.5536787509918213,2.787607431411743,2.5326643627357432,0.44469499588012695,0.9997864365577698,0.9996684193611145,0.9998906254768372,0.9997639656066895,0.9997689723968506,0.0018139478052034974,0.0006136322626844049,0.00016400845197495073,0.001246676896698773,0.5118533372879028,0.05638664588332176,-0.42517387866973877,0.936339795589447,1.397041916847229,3.1182217597961426,1.6552075147628784,0.9822904467582703,1.2765672206878662,1.197350025177002,1.738836646080017,3.248842477798462,2.209721088409424,1.776041865348816,1.8080281019210815,0.5710470080375671,0.6283724904060364,1.5299206972122192,1.2510521411895752,1.0566167831420898,1.1174653768539429,0.9373353719711304,1.1132535934448242,3.7330241203308105,1.6433305740356445,1.3581417798995972,1.4481416940689087
474,2.111189126968384,1.705230951309204,1.8962229490280151,2.2124288082122803,2.0681943893432617,2.111072072401293,0.6188068389892578,0.9999186992645264,0.9996417760848999,0.9998743534088135,0.9998998045921326,0.9999880790710449,0.00160482048522681,0.0008044570568017662,0.0001369753881590441,0.0007504301611334085,0.6981526017189026,0.09363645315170288,-0.6017025709152222,2.4084887504577637,2.3302395343780518,2.3434529304504395,2.4712600708007812,2.314276695251465,2.4072024731784203,0.44060808420181274,0.999740481376648,0.999940812587738,0.9998392462730408,0.9996600151062012,0.9998466968536377,0.0015912192175164819,0.0008505983278155327,0.00021690540597774088,0.0012022965820506215,0.5263354778289795,0.03412952274084091,-0.6117355227470398,1.5447920560836792,1.4993236064910889,1.0798065662384033,1.6685402393341064,1.6008939743041992,2.717806339263916,1.8843028545379639,1.5414646863937378,4.322953224182129,2.073465347290039,1.9933350086212158,2.0117366313934326,0.6197113990783691,0.6390069723129272,1.4544326066970825,1.2665307521820068,1.0767192840576172,1.2092622518539429,0.9890228509902954,1.0966588258743286,3.7608304023742676,1.6280461549758911,1.3740222454071045,1.4602861404418945
475,2.0832910537719727,1.698177695274353,1.8868504762649536,2.1799750328063965,2.0379412174224854,2.083157462718732,0.6554046273231506,0.9999125003814697,0.9990813732147217,0.9998548030853271,0.9999121427536011,0.9999698996543884,0.0016494361916556954,0.000836785591673106,0.00014238746371120214,0.0007386857178062201,0.7334546446800232,0.1038934737443924,-0.5961785316467285,2.2313458919525146,1.9664387702941895,2.0857980251312256,2.333458662033081,2.1378302574157715,2.2306987364384394,0.7432609796524048,0.9998157620429993,0.9993370771408081,0.9998025894165039,0.999740719795227,0.999968409538269,0.002063340973109007,0.0010893897851929069,0.00021475036919582635,0.0009599737823009491,0.720994234085083,0.053495731204748154,-0.46590566635131836,1.110775113105774,0.9130584597587585,1.4677014350891113,1.6798285245895386,1.8332526683807373,2.4109902381896973,0.899082601070404,0.5267847180366516,5.691059589385986,2.239741086959839,1.8772274255752563,2.134420394897461,0.6371359825134277,0.6286245584487915,1.3250848054885864,1.2518411874771118,1.1249603033065796,1.2843846082687378,0.9232985973358154,1.00040602684021,3.9309566020965576,1.6721619367599487,1.3778854608535767,1.4852131605148315
476,2.061100482940674,1.771440029144287,1.8695077896118164,2.1569886207580566,2.010223865509033,2.0610165033938768,0.6420761346817017,0.9999390840530396,0.9998928308486938,0.9998690485954285,0.9999316930770874,0.9999967813491821,0.0015425309538841248,0.0008161501027643681,0.00013931316789239645,0.0007099871872924268,0.7449887990951538,0.10625306516885757,-0.6174356341362,2.2774252891540527,2.5614399909973145,2.0625219345092773,2.41453218460083,2.130028486251831,2.275863192135516,0.37845247983932495,0.999764621257782,0.9991017580032349,0.9998858571052551,0.9997174739837646,0.9997852444648743,0.0011390327708795667,0.0007383244810625911,0.00016987568233162165,0.00108614272903651,0.6170468330383301,0.061334166675806046,-0.4657626152038574,1.2815518379211426,1.1524860858917236,2.5321052074432373,1.7806318998336792,2.171558141708374,1.911139726638794,1.5868031978607178,0.9345822930335999,3.371737480163574,1.4736214876174927,1.8196216821670532,1.7814065217971802,0.6770930886268616,0.6245497465133667,1.3385717868804932,1.246423602104187,1.1544100046157837,1.2911205291748047,0.8995539546012878,0.9729326963424683,3.8437697887420654,1.565441370010376,1.3613866567611694,1.4555789232254028
477,2.0179128646850586,1.785559892654419,1.8334959745407104,2.119241714477539,1.953285574913025,2.0178374181203953,0.6120461225509644,0.9999246001243591,0.9997466206550598,0.9998025894165039,0.9999353885650635,0.9999866485595703,0.001483870786614716,0.0008020304376259446,0.0001367139193462208,0.0007059793570078909,0.7405089139938354,0.11309871077537537,-0.6469168663024902,2.2955682277679443,2.749406337738037,1.9914048910140991,2.485579252243042,2.11444091796875,2.2949883126065482,0.3355793356895447,0.999801754951477,0.9996498823165894,0.9997631311416626,0.9997469782829285,0.9999457597732544,0.0012917553540319204,0.0006887338240630925,0.000151050669956021,0.0009643765515647829,0.4822714626789093,0.0839691162109375,-0.577417254447937,1.3794870376586914,0.8616833090782166,1.0846328735351562,1.1701700687408447,2.4573984146118164,2.00490140914917,1.3539408445358276,0.9844951629638672,1.938338279724121,2.0242538452148438,1.5259302854537964,1.475624918937683,0.6932252645492554,0.611846923828125,1.1917787790298462,1.1826000213623047,1.250188946723938,1.3354982137680054,0.883996307849884,0.9342002272605896,3.61057448387146,1.5548532009124756,1.324876308441162,1.391802191734314
478,2.063448429107666,1.8866900205612183,1.8715349435806274,2.174085855484009,1.987440824508667,2.0633126534694184,0.6128035187721252,0.9999089241027832,0.9998079538345337,0.9997820854187012,0.9999052882194519,0.9999973773956299,0.0015286783454939723,0.0007896508905105293,0.0001341605093330145,0.0006223456002771854,0.770928680896759,0.10652771592140198,-0.6479679942131042,2.6887707710266113,3.4194095134735107,2.5756754875183105,2.8033864498138428,2.5160269737243652,2.6878944315778988,0.4703742265701294,0.9997869729995728,0.999487578868866,0.9998456239700317,0.9997014403343201,0.999917209148407,0.0013951784931123257,0.0007378057925961912,0.00016898231115192175,0.0008420402300544083,0.4776049554347992,0.06124243885278702,-0.6390800476074219,0.6881948709487915,1.5686941146850586,1.983599305152893,2.195622682571411,1.1840617656707764,1.3707525730133057,1.1584643125534058,1.8783197402954102,3.968557834625244,2.3102872371673584,1.8306554555892944,1.8961671590805054,0.6380705237388611,0.6180629134178162,1.2002466917037964,1.2328990697860718,1.201081395149231,1.31029212474823,0.8297038078308105,1.0070492029190063,3.5928704738616943,1.607458233833313,1.3237733840942383,1.3971376419067383
479,2.225829601287842,2.1306259632110596,2.069448232650757,2.346881866455078,2.1031877994537354,2.2256818813742343,0.5778151750564575,0.9999065399169922,0.9995671510696411,0.9997552633285522,0.9999116659164429,0.9999903440475464,0.0013206941075623035,0.0007221673731692135,0.00012811130727641284,0.0005667480872943997,0.7225023508071899,0.07483160495758057,-0.5975373983383179,3.660144329071045,1.8984736204147339,3.080958127975464,3.905912399291992,3.636965036392212,3.65740899057951,0.343320369720459,0.9996525645256042,0.999849796295166,0.999842643737793,0.9995701313018799,0.9996635317802429,0.0014794672606512904,0.0005395839689299464,0.0001491903531132266,0.001127062365412712,0.48947012424468994,-0.0035839478950947523,-0.4334101676940918,1.4476884603500366,1.5544588565826416,1.3620637655258179,2.9661288261413574,1.2830034494400024,3.0118255615234375,1.302072286605835,1.9288336038589478,2.8740787506103516,2.308468818664551,2.0038623809814453,2.0437636375427246,0.6541436314582825,0.6727054119110107,1.183332085609436,1.3281645774841309,1.1588443517684937,1.3802900314331055,0.8417534232139587,1.0517027378082275,3.481145143508911,1.6168906688690186,1.3368972539901733,1.40841543674469
480,2.274810552597046,2.2390434741973877,2.1335127353668213,2.4008102416992188,2.13672137260437,2.274691535332128,0.5946125984191895,0.9999232888221741,0.9998040795326233,0.9998239278793335,0.9999133348464966,0.999996542930603,0.0012408311013132334,0.0006849979399703443,0.00012523184705059975,0.0005465827998705208,0.7385212779045105,0.06567089259624481,-0.5937308669090271,2.4786617755889893,1.8335213661193848,2.074110746383667,2.6333816051483154,2.531048536300659,2.477754023382977,0.5455142855644226,0.999752402305603,0.9992681741714478,0.9998927712440491,0.9996523857116699,0.9998483657836914,0.0015110074309632182,0.0006789882900193334,0.0001714555110083893,0.0010195246431976557,0.6282602548599243,0.05312367156147957,-0.4295761287212372,0.6329398155212402,1.323132038116455,1.013731598854065,1.6970549821853638,1.3441516160964966,1.8045796155929565,1.1656018495559692,1.8994466066360474,4.175873279571533,1.6822915077209473,1.6738804578781128,1.76826012134552,0.6174890995025635,0.6850646138191223,1.0887846946716309,1.2610238790512085,1.1542503833770752,1.3917467594146729,0.81430584192276,1.050007700920105,3.491697311401367,1.5772109031677246,1.3131581544876099,1.398593544960022
481,2.668914794921875,2.559720754623413,2.4839141368865967,2.839242458343506,2.480820655822754,2.6687704887667825,0.5511547923088074,0.9999141693115234,0.9996432662010193,0.9998509883880615,0.9998887181282043,0.9999930262565613,0.0010463068028911948,0.0005777040496468544,0.00010742642189143226,0.0004499469941947609,0.5805066823959351,0.01728154346346855,-0.6434575915336609,3.7001309394836426,2.757178544998169,3.727490186691284,3.7470431327819824,3.596663236618042,3.695602540376248,0.2235569953918457,0.9995936155319214,0.999540388584137,0.9997404217720032,0.9994885921478271,0.9997755289077759,0.001084837014786899,0.0004604342975653708,0.00015466287732124329,0.0009544133208692074,0.6183605194091797,-0.013061239384114742,-0.45385682582855225,1.9375455379486084,1.124003529548645,2.217400550842285,1.7891809940338135,1.7911313772201538,2.530585527420044,1.74103581905365,2.258078098297119,2.5152063369750977,2.7712297439575195,2.067539930343628,2.0452001094818115,0.6061825156211853,0.6400145888328552,1.1417115926742554,1.2774245738983154,1.1541951894760132,1.4062457084655762,0.8352448344230652,1.1486140489578247,3.276024341583252,1.6346901655197144,1.3120348453521729,1.4028774499893188
482,2.6705400943756104,2.697666645050049,2.51420521736145,2.853196382522583,2.450180768966675,2.6703367313233715,0.5482466816902161,0.9998849034309387,0.9974544048309326,0.9998434782028198,0.9998819231987,0.9999489188194275,0.001030875719152391,0.0005663555348291993,0.00010848485544556752,0.00044260662980377674,0.4811196029186249,0.014790593646466732,-0.546516478061676,2.5778815746307373,3.885219097137451,2.830648183822632,2.598389148712158,2.3362765312194824,2.5758606296401516,0.3273565471172333,0.9995375275611877,0.9995061755180359,0.9998658895492554,0.9995434880256653,0.999327540397644,0.0009202101500704885,0.0006002100417390466,0.0001498428755439818,0.001139012980274856,0.5620718002319336,0.0377974733710289,-0.45235633850097656,1.5555882453918457,0.8022549152374268,1.7734346389770508,1.4704258441925049,1.4864636659622192,1.0911349058151245,0.9670591950416565,1.7056597471237183,2.6717941761016846,1.8200615644454956,1.5343877077102661,1.5052253007888794,0.6065881848335266,0.6219998598098755,1.1369011402130127,1.2759422063827515,1.126684308052063,1.3226935863494873,0.7893605828285217,1.1390867233276367,3.1852903366088867,1.5814182758331299,1.2785965204238892,1.365549087524414
483,2.6086714267730713,2.4355058670043945,2.385467052459717,2.8086154460906982,2.4062249660491943,2.608552006720699,0.5557690858840942,0.9998993277549744,0.9989354610443115,0.9998307824134827,0.9998818039894104,0.9999808669090271,0.001048706122674048,0.0005869230371899903,0.00010854634456336498,0.00046549784019589424,0.4713420867919922,0.02326965145766735,-0.5002653002738953,2.377284049987793,1.8278281688690186,1.971323847770691,2.569436550140381,2.2928714752197266,2.3750867248170024,0.4596158266067505,0.999725341796875,0.999534010887146,0.9997817873954773,0.9996190667152405,0.9998865127563477,0.0014925593277439475,0.000770394632127136,0.00015374312351923436,0.001169864903204143,0.5750494599342346,0.038659755140542984,-0.36711210012435913,1.2246384620666504,1.4878730773925781,1.5848170518875122,1.1136776208877563,1.1223281621932983,0.6647642850875854,1.0872822999954224,1.0376378297805786,3.0086681842803955,2.438626527786255,1.4770313501358032,1.4984006881713867,0.643352210521698,0.6053051352500916,1.1260348558425903,1.242136836051941,1.0650578737258911,1.2125344276428223,0.741986095905304,1.074636459350586,3.1304752826690674,1.6497405767440796,1.2491259574890137,1.3343948125839233
484,2.457728147506714,2.2579336166381836,2.2178452014923096,2.633068084716797,2.3080103397369385,2.4575618692032064,0.6152718663215637,0.9999056458473206,0.999478816986084,0.999805748462677,0.9998974800109863,0.9999853372573853,0.0011084516299888492,0.000648766232188791,0.00011592263035709038,0.0005627823993563652,0.4458940625190735,0.03240872919559479,-0.5131629705429077,1.8796212673187256,1.6389421224594116,1.6727904081344604,1.9152029752731323,1.9588183164596558,1.8790805914034683,0.7819755673408508,0.9997925162315369,0.9999681711196899,0.999815821647644,0.9997231364250183,0.9999216794967651,0.0020935973152518272,0.00125708372797817,0.00024137482978403568,0.0012530310777947307,0.6531164050102234,0.19000445306301117,-0.26900234818458557,1.6018095016479492,0.7303952574729919,0.7105301022529602,1.9297242164611816,1.3269712924957275,1.1223245859146118,0.8533315062522888,1.1992225646972656,5.511599540710449,2.3326802253723145,1.7318588495254517,1.9409053325653076,0.6714761257171631,0.5751809477806091,1.059853196144104,1.269175410270691,1.0393396615982056,1.0492444038391113,0.7184471487998962,0.9560739398002625,3.324678659439087,1.6653039455413818,1.2328773736953735,1.3408091068267822
485,2.273646354675293,1.9981969594955444,2.0188095569610596,2.4336540699005127,2.1582415103912354,2.2735094851037476,0.6262016892433167,0.9999160170555115,0.9994462132453918,0.9999082088470459,0.9998812675476074,0.9999839067459106,0.0012710245791822672,0.0007077871123328805,0.00012588010577019304,0.0006325557478703558,0.556938648223877,0.0543932244181633,-0.5261126160621643,1.7776823043823242,1.4378185272216797,1.4961202144622803,1.9028578996658325,1.7247568368911743,1.7773229477679109,0.4904515743255615,0.9998092651367188,0.9992304444313049,0.9998167157173157,0.9997457265853882,0.9999338984489441,0.002533214632421732,0.0012768100714311004,0.00024259451311081648,0.001427892129868269,0.6844444274902344,0.1355493813753128,-0.39879679679870605,1.8364392518997192,1.5890029668807983,2.2492074966430664,1.0974465608596802,2.2827744483947754,1.3265901803970337,1.7379695177078247,1.9306215047836304,5.078699588775635,2.297271251678467,2.1426022052764893,2.079921007156372,0.7403327822685242,0.5534749031066895,1.0856423377990723,1.2040221691131592,1.131117582321167,1.0245935916900635,0.7391846776008606,1.012464165687561,3.4705159664154053,1.7059876918792725,1.2667335271835327,1.3681193590164185
486,2.211212158203125,1.8638564348220825,1.9564937353134155,2.3656716346740723,2.110093832015991,2.211077242642094,0.6565746068954468,0.999904215335846,0.9998471140861511,0.9997813105583191,0.9998953938484192,0.9999970197677612,0.001392224570736289,0.0007543134852312505,0.00013023419887758791,0.0006715545314364135,0.5474227666854858,0.06267151981592178,-0.5353128910064697,1.9765641689300537,1.4906433820724487,1.7695566415786743,2.0870702266693115,1.9255809783935547,1.974649746383876,0.636283814907074,0.9997406005859375,0.9996310472488403,0.9997297525405884,0.999675989151001,0.9998791217803955,0.002775966888293624,0.0011700884206220508,0.00021123843907844275,0.0011514873476698995,0.6239335536956787,0.10969404131174088,-0.5572582483291626,1.2146865129470825,1.0557163953781128,1.5835411548614502,1.342405915260315,1.9969992637634277,1.558838129043579,0.7747800946235657,1.2688754796981812,5.015501499176025,2.128622055053711,1.7939966917037964,1.8973575830459595,0.7539681792259216,0.5282922983169556,1.0927037000656128,1.1589819192886353,1.1649370193481445,1.016970157623291,0.6899487972259521,1.0014020204544067,3.602644920349121,1.7287230491638184,1.2738573551177979,1.3885034322738647
487,2.300525188446045,1.9678934812545776,2.075803518295288,2.459726095199585,2.1710407733917236,2.3003745423148714,0.6435917019844055,0.9999094009399414,0.9992731213569641,0.999841570854187,0.9998980164527893,0.9999802112579346,0.0013066857354715466,0.0006945827044546604,0.00012293220788706094,0.00061533268308267,0.4904249608516693,0.048276085406541824,-0.5356968641281128,3.5375747680664062,4.228428363800049,4.1476030349731445,3.4633610248565674,3.344700813293457,3.531118208731912,0.28025588393211365,0.9994889497756958,0.9996392726898193,0.9996348023414612,0.9993600845336914,0.9997222423553467,0.0010173497721552849,0.0003741914115380496,0.00012938622967340052,0.0008787063998170197,0.4666596055030823,-0.03328491002321243,-0.5989890694618225,1.291662573814392,1.605500340461731,1.7499364614486694,1.7926660776138306,2.4199600219726562,1.7235490083694458,0.8410937786102295,1.5894269943237305,2.264537811279297,1.0915887355804443,1.636992335319519,1.6359577178955078,0.6458682417869568,0.5225216150283813,1.066659927368164,1.140733003616333,1.246043086051941,1.026810884475708,0.669557511806488,1.0106920003890991,3.453842878341675,1.6396743059158325,1.242240309715271,1.3548177480697632
488,2.4413766860961914,1.9148207902908325,2.146334648132324,2.6244609355926514,2.32234263420105,2.441213184909694,0.6185914278030396,0.9998888969421387,0.998325526714325,0.9998514652252197,0.9999334812164307,0.9998769164085388,0.0013476514723151922,0.0006668013520538807,0.00011533927317941561,0.0005877497023902833,0.5695461630821228,0.03127545863389969,-0.5854182243347168,3.0546834468841553,1.8521727323532104,2.346933126449585,3.202746868133545,3.4582059383392334,3.0537160989993124,0.33515194058418274,0.9997997879981995,0.9999999403953552,0.9998419284820557,0.9997463226318359,0.9998804926872253,0.0018908221973106265,0.0006220836075954139,0.00013523008965421468,0.000783032737672329,0.7584713697433472,0.030417071655392647,-0.5618062019348145,1.675971508026123,1.265221118927002,2.105853319168091,2.027153730392456,1.2885442972183228,1.4870744943618774,1.8508754968643188,1.3147823810577393,3.281683921813965,2.783176898956299,1.9080337285995483,1.912473201751709,0.6806864142417908,0.5492392182350159,1.0942082405090332,1.1885658502578735,1.2065833806991577,1.0162304639816284,0.7385143637657166,0.9889608025550842,3.395414113998413,1.6935110092163086,1.2551913261413574,1.365799903869629
489,2.3918144702911377,1.808262825012207,2.087773323059082,2.5677762031555176,2.292393684387207,2.3916151564258517,0.609076201915741,0.9998878836631775,1.0,0.9996565580368042,0.9999154806137085,0.9999908208847046,0.0013957148184999824,0.0006594940205104649,0.00011141516006318852,0.0005659686285071075,0.584094762802124,0.03597402572631836,-0.6208441853523254,2.128709077835083,1.5757789611816406,2.016610622406006,2.205212116241455,2.048813819885254,2.1277635648913713,0.3294234573841095,0.9997608065605164,0.9999095797538757,0.9998103380203247,0.9997274875640869,0.9997950792312622,0.002003417117521167,0.0006916900747455657,0.00017141444550361484,0.0012202796060591936,0.6676378846168518,0.09369070827960968,-0.5206819176673889,1.630587100982666,1.267391562461853,1.5343564748764038,1.3072434663772583,1.722527265548706,2.103104829788208,1.902498722076416,1.143113613128662,3.135924816131592,1.2636522054672241,1.7010401487350464,1.6210073232650757,0.6939029097557068,0.5406630635261536,1.119127869606018,1.17319917678833,1.1972094774246216,1.0786004066467285,0.754435658454895,0.9039989113807678,3.3283462524414062,1.5217007398605347,1.2311184406280518,1.3299403190612793
490,2.3814961910247803,1.9105172157287598,2.1332218647003174,2.5329370498657227,2.28281831741333,2.3813718931918486,0.6464824080467224,0.9999237060546875,0.9995793700218201,0.9998769760131836,0.9999088644981384,0.9999859929084778,0.0014378622872754931,0.0006602023495361209,0.00011357870243955404,0.0005979539710097015,0.5444100499153137,0.0395338200032711,-0.6500264406204224,2.6502842903137207,3.2693121433258057,2.890707015991211,2.6647989749908447,2.4632065296173096,2.649091907076457,0.6437665224075317,0.9997458457946777,1.0,0.9997363090515137,0.9997214078903198,0.9997954368591309,0.0017497815424576402,0.0006948034279048443,0.00018216001626569778,0.0011347410036250949,0.6141048073768616,-0.001206262968480587,-0.5540159940719604,0.9392267465591431,1.3826239109039307,1.7319968938827515,0.7157859206199646,2.253673553466797,1.4000029563903809,2.292605400085449,1.324469804763794,5.1276984214782715,1.3371855020523071,1.8505268096923828,2.0591299533843994,0.6228065490722656,0.5269036293029785,1.1344249248504639,1.0609852075576782,1.274694800376892,1.0402498245239258,0.8827095031738281,0.8120066523551941,3.4733989238739014,1.4762020111083984,1.230438232421875,1.3509087562561035
491,2.290234088897705,1.8799232244491577,2.0701658725738525,2.4347124099731445,2.1792244911193848,2.2900689649754775,0.596034824848175,0.9998984336853027,0.9989770650863647,0.9997244477272034,0.9999294877052307,0.9999775886535645,0.0014723422937095165,0.0006485714111477137,0.0001149690942838788,0.0006058480939827859,0.5696684122085571,0.05675453692674637,-0.6269587278366089,2.24343204498291,2.7675347328186035,2.4178760051727295,2.2751429080963135,2.0483174324035645,2.2428660260216193,0.2725986838340759,0.9997600317001343,0.999298095703125,0.9997912645339966,0.9997044801712036,0.9998854994773865,0.0014061847468838096,0.0006302075344137847,0.00019123269885312766,0.0009997147135436535,0.4800429940223694,0.10149691253900528,-0.3658332824707031,1.64616060256958,1.4222503900527954,2.062326431274414,2.4036459922790527,1.3642445802688599,0.917822003364563,1.30635666847229,2.1715087890625,1.5257841348648071,2.27878475189209,1.7098884582519531,1.6187481880187988,0.5975677967071533,0.5332027077674866,1.1820182800292969,1.1274381875991821,1.228774905204773,0.962103009223938,0.8794333934783936,0.8933113813400269,3.2166714668273926,1.5143026113510132,1.2134824991226196,1.2946491241455078
492,2.1287970542907715,1.792812466621399,1.916839838027954,2.2628705501556396,2.032390832901001,2.1286316487743555,0.5735130310058594,0.9998986124992371,0.9989764094352722,0.999834418296814,0.999908447265625,0.9999467730522156,0.0015547676011919975,0.0006985563668422401,0.00012153950956417248,0.0006803196738474071,0.5920772552490234,0.08255727589130402,-0.5470563769340515,1.7855616807937622,1.9890238046646118,1.6545617580413818,1.9078363180160522,1.6201820373535156,1.785063519313733,0.2555409371852875,0.9997680187225342,0.9996536374092102,0.9998038411140442,0.9996740818023682,0.9999316930770874,0.0022509011905640364,0.0011510268086567521,0.00022886123042553663,0.001339023350737989,0.7321341037750244,0.13982060551643372,-0.517070472240448,1.504311203956604,1.3269908428192139,2.0726120471954346,1.817833423614502,2.6667604446411133,2.025362253189087,1.3671566247940063,1.6822166442871094,2.7691025733947754,2.5297324657440186,1.9762077331542969,1.779624581336975,0.6041631698608398,0.5615300536155701,1.1894729137420654,1.0815532207489014,1.2932366132736206,1.0391327142715454,0.8679283857345581,0.9003669619560242,3.148097276687622,1.5457955598831177,1.2231276035308838,1.2762116193771362
493,2.088294506072998,1.9091532230377197,1.9647940397262573,2.197948932647705,1.9705349206924438,2.0881345665030273,0.6284001469612122,0.9998948574066162,0.9998897910118103,0.9997397065162659,0.9999139904975891,0.9999542832374573,0.0014604235766455531,0.0006918253493495286,0.00013114087050780654,0.0006762480479665101,0.6164949536323547,0.09807586669921875,-0.6203142404556274,2.590825080871582,3.5016257762908936,3.232701301574707,2.572587728500366,2.3409247398376465,2.5829087554357364,0.615276038646698,0.9993769526481628,0.9998224377632141,0.9997778534889221,0.9991344809532166,0.9997157454490662,0.0017577832331880927,0.0008240474271588027,0.0002748908009380102,0.0018266629194840789,0.548544704914093,0.06987736374139786,-0.47301948070526123,1.4483307600021362,1.1526085138320923,1.689502239227295,3.4253132343292236,4.936907768249512,2.2974021434783936,1.9772300720214844,0.9641650915145874,5.2489237785339355,1.1588337421417236,2.429921865463257,2.6616435050964355,0.572465717792511,0.4944491386413574,1.1509602069854736,0.9381346106529236,1.4795637130737305,1.0657081604003906,0.7596040368080139,0.8696197271347046,3.278554916381836,1.4541932344436646,1.2063254117965698,1.2850021123886108
494,2.080721139907837,1.9724115133285522,1.9451855421066284,2.1977152824401855,1.957180380821228,2.0806209338564297,0.6210594177246094,0.9999249577522278,0.9996650815010071,0.9998581409454346,0.9999107122421265,0.9999944567680359,0.0013655793154612184,0.0006769196479581296,0.00012716282799374312,0.0006302648689597845,0.5958236455917358,0.09870287775993347,-0.6358588337898254,2.208575963973999,2.701103687286377,1.966198444366455,2.3478243350982666,2.074087381362915,2.207195897185401,0.3101949095726013,0.999790608882904,0.9996920824050903,0.9998249411582947,0.9997372031211853,0.9998787641525269,0.0012551018735393882,0.0006594988517463207,0.0001449382834834978,0.0009657693444751203,0.6120396852493286,0.056536171585321426,-0.4483667016029358,1.8676021099090576,1.255881905555725,1.2376410961151123,1.1230109930038452,1.703101396560669,1.0031681060791016,1.3340308666229248,1.2757974863052368,2.676254987716675,1.8289486169815063,1.5305438041687012,1.4598203897476196,0.6233661770820618,0.5037875771522522,1.0107991695404053,0.9159091114997864,1.4696565866470337,1.0097930431365967,0.7813217043876648,0.8364010453224182,3.1896281242370605,1.4630521535873413,1.1803715229034424,1.2523633241653442
495,2.0921270847320557,1.8466342687606812,1.931641936302185,2.213362216949463,1.9816200733184814,2.091951787499011,0.6314927935600281,0.9998922944068909,0.9993006587028503,0.9997122883796692,0.9999041557312012,0.9999983310699463,0.0014254156267270446,0.0006765317521058023,0.00012410825002007186,0.0006063776090741158,0.6568196415901184,0.09832201153039932,-0.617731511592865,2.525023937225342,1.5239404439926147,2.156468152999878,2.688359022140503,2.5362226963043213,2.5183923196378153,0.4077472388744354,0.9996647238731384,0.9999709725379944,0.9996904730796814,0.9995428323745728,0.9998794794082642,0.001736889244057238,0.0007479071500711143,0.00013041651982348412,0.0007394444546662271,0.5902135968208313,0.017051491886377335,-0.4332250952720642,1.4559491872787476,1.0603573322296143,0.7926345467567444,1.727678894996643,1.4086310863494873,0.9793593287467957,1.3161722421646118,1.2335193157196045,3.0546886920928955,1.8911787271499634,1.4920170307159424,1.498075008392334,0.6210086941719055,0.4998115301132202,0.9395807981491089,0.9271682500839233,1.4056546688079834,0.9508578777313232,0.8010463714599609,0.7643508315086365,3.1596755981445312,1.4814246892929077,1.1550579071044922,1.2325290441513062
496,2.163069248199463,1.858452558517456,1.9747130870819092,2.2999587059020996,2.042797327041626,2.1629527572116616,0.6020614504814148,0.9999139308929443,1.0,0.9998253583908081,0.9998978972434998,0.9999930262565613,0.0013161329552531242,0.000653127848636359,0.00011923730198759586,0.0006184626836329699,0.6444486379623413,0.08636041730642319,-0.6754242181777954,2.4353809356689453,2.087273120880127,2.416628122329712,2.4876549243927,2.33343243598938,2.432321375565748,0.48273810744285583,0.999585747718811,0.9999424815177917,0.9995672106742859,0.9994999766349792,0.9997860193252563,0.0018795598298311234,0.000636704673524946,0.00017598502745386213,0.0011619313154369593,0.540771484375,0.07599861174821854,-0.3900635242462158,1.0737113952636719,1.4124163389205933,1.0960357189178467,1.3866251707077026,0.9452536106109619,1.4690780639648438,1.9324651956558228,1.4285203218460083,2.0703635215759277,3.8595809936523438,1.6674050092697144,1.712755799293518,0.6348699927330017,0.546850860118866,0.9216263294219971,0.9273173809051514,1.313677430152893,0.8323146104812622,0.8639242053031921,0.7911317944526672,3.0116279125213623,1.6681554317474365,1.1511496305465698,1.2196522951126099
497,2.1539852619171143,1.742196798324585,1.9372087717056274,2.285824775695801,2.0626373291015625,2.1538683049952674,0.626812756061554,0.9999146461486816,0.9999951124191284,0.999782145023346,0.9999186396598816,0.9999889731407166,0.0013493959559127688,0.0006578033207915723,0.00012039020657539368,0.0006315383943729103,0.7019296288490295,0.08878975361585617,-0.7051581144332886,2.2823219299316406,1.391554355621338,1.7704347372055054,2.400834083557129,2.456237554550171,2.2816697178399257,0.5929363369941711,0.9997466206550598,0.9998688697814941,0.9997549057006836,0.999733567237854,0.9997632503509521,0.0018668127013370395,0.0008080489351414144,0.00016276200767606497,0.0008471813052892685,0.6002436280250549,0.08485105633735657,-0.4906712770462036,0.7770783305168152,0.5718346238136292,1.519355297088623,1.7501754760742188,1.0275993347167969,0.6587857604026794,1.6072391271591187,1.5531781911849976,3.8768584728240967,2.041384220123291,1.538348913192749,1.6381021738052368,0.6143708229064941,0.4962866008281708,0.9230990409851074,0.95781409740448,1.2187541723251343,0.7947937846183777,0.8913666605949402,0.7317490577697754,3.0536224842071533,1.641607642173767,1.132346510887146,1.2121460437774658
498,2.1895968914031982,1.846758246421814,1.9829763174057007,2.3213441371917725,2.092561960220337,2.189436537043416,0.6313056349754333,0.9998946785926819,0.9984769225120544,0.9997612237930298,0.9999132752418518,0.9999875426292419,0.0013285650638863444,0.0006494467961601913,0.00011786992399720475,0.0006094143609516323,0.6666864156723022,0.07088600099086761,-0.6430079936981201,2.617452621459961,3.354269504547119,2.7007524967193604,2.5949811935424805,2.5920965671539307,2.6160485985266164,0.39629408717155457,0.9997584223747253,0.999374270439148,0.9998343586921692,0.9996762871742249,0.9999279379844666,0.0012171739945188165,0.0006994057330302894,0.00015454109234269708,0.001027530524879694,0.5513795614242554,-0.010433604009449482,-0.49985945224761963,1.9213451147079468,0.7616276741027832,1.0918093919754028,1.8622030019760132,1.6956738233566284,1.0484248399734497,1.4796265363693237,0.8529844880104065,2.853257417678833,2.1428020000457764,1.5709755420684814,1.5785560607910156,0.615594208240509,0.43887093663215637,0.9201369881629944,0.9959127902984619,1.2123799324035645,0.7314940690994263,0.8912679553031921,0.6910247206687927,2.9892306327819824,1.6403541564941406,1.1126266717910767,1.196879267692566
499,2.289670467376709,1.7638533115386963,2.056812286376953,2.413252830505371,2.2234671115875244,2.289259033572451,0.6122136116027832,0.9997831583023071,0.9994001984596252,0.9997420310974121,0.9999092817306519,0.999597430229187,0.001240078010596335,0.0006287739961408079,0.00011454609193606302,0.0006229422870092094,0.5943173766136169,0.054625194519758224,-0.6440185308456421,2.497114896774292,1.5791587829589844,2.0349113941192627,2.5179638862609863,2.999619960784912,2.4959512863738085,0.31934216618537903,0.9997370839118958,0.9999996423721313,0.9998829960823059,0.9996782541275024,0.9997339248657227,0.001976902363821864,0.0008220613235607743,0.0001897468464449048,0.0013906896347180009,0.6500728130340576,0.057975299656391144,-0.5293583273887634,1.7766895294189453,1.6482151746749878,2.0140268802642822,2.0530691146850586,2.0435261726379395,1.8915586471557617,1.1904293298721313,2.850099802017212,3.8338005542755127,2.3550262451171875,2.1656441688537598,2.110452651977539,0.6227333545684814,0.4537419378757477,0.9705172181129456,1.0617308616638184,1.1542580127716064,0.7729378938674927,0.8688874244689941,0.8636336326599121,3.036141872406006,1.6754536628723145,1.1480035781860352,1.2335432767868042
