Pre-downloading MNIST dataset sequentially to avoid parallel race conditions...
MNIST dataset is ready!
============================================================
Starting sweep: configs/activation_clip/cnn_mnist_selfclip_w1_gm3.json
  model.name = cnn_mnist
  nb_jobs = 30, distribute_gpus = True
============================================================
Distributing tasks across 2 GPUs...
Total trainings to do: 216
Running 30 trainings in parallel...

[ByzFL-SNN] [Training Start] Model: cnn_mnist | Dataset: mnist
[ByzFL-SNN]   Aggregator: GeometricMedian | Attack: Optimal_ALittleIsEnough_neg1
[ByzFL-SNN]   Distribution: gamma_similarity_niid (gamma=1.0)
[ByzFL-SNN]   Clients: 10 honest, 0 byzantine | Algorithm: DSGD
[ByzFL-SNN]   Learning Rate: 0.15 | Steps: 500 | Device: cuda:1
[ByzFL-SNN]   Validation samples: 12000 | Test samples: 10000
[ByzFL-SNN] Initial VRAM (Alloc/Reserved): 36.1/42.0 MiB
[ByzFL-SNN]   [Step 0/500] (0.0%) | Val Acc: 0.1542 | Test Acc: 0.1595 | VRAM (Alloc/Reserved): 44.3/64.0 MiB | Time: 3.6s
[ByzFL-SNN]   [Step 50/500] (10.0%) | Val Acc: 0.8618 | Test Acc: 0.8728 | VRAM (Alloc/Reserved): 91.7/554.0 MiB | Time: 29.5s
[ByzFL-SNN]   [Step 100/500] (20.0%) | Val Acc: 0.9078 | Test Acc: 0.9173 | VRAM (Alloc/Reserved): 92.6/554.0 MiB | Time: 54.9s
[ByzFL-SNN]   [Step 150/500] (30.0%) | Val Acc: 0.9273 | Test Acc: 0.9348 | VRAM (Alloc/Reserved): 91.4/554.0 MiB | Time: 80.5s
[ByzFL-SNN]   [Step 200/500] (40.0%) | Val Acc: 0.9407 | Test Acc: 0.9473 | VRAM (Alloc/Reserved): 93.2/554.0 MiB | Time: 106.0s
[ByzFL-SNN]   [Step 250/500] (50.0%) | Val Acc: 0.9510 | Test Acc: 0.9570 | VRAM (Alloc/Reserved): 92.6/554.0 MiB | Time: 132.1s
[ByzFL-SNN]   [Step 300/500] (60.0%) | Val Acc: 0.9564 | Test Acc: 0.9610 | VRAM (Alloc/Reserved): 92.4/554.0 MiB | Time: 158.1s
[ByzFL-SNN]   [Step 350/500] (70.0%) | Val Acc: 0.9612 | Test Acc: 0.9646 | VRAM (Alloc/Reserved): 92.8/554.0 MiB | Time: 184.3s
[ByzFL-SNN]   [Step 400/500] (80.0%) | Val Acc: 0.9674 | Test Acc: 0.9718 | VRAM (Alloc/Reserved): 91.9/554.0 MiB | Time: 210.7s
[ByzFL-SNN]   [Step 450/500] (90.0%) | Val Acc: 0.9699 | Test Acc: 0.9719 | VRAM (Alloc/Reserved): 92.3/554.0 MiB | Time: 237.4s
[ByzFL-SNN] [Training Complete] Peak VRAM (Alloc/Reserved): 347.9/554.0 MiB | Total time: 260.6s

Training 0 done

[ByzFL-SNN] [Training Start] Model: cnn_mnist | Dataset: mnist
[ByzFL-SNN]   Aggregator: GeometricMedian | Attack: SignFlipping
[ByzFL-SNN]   Distribution: gamma_similarity_niid (gamma=1.0)
[ByzFL-SNN]   Clients: 10 honest, 0 byzantine | Algorithm: DSGD
[ByzFL-SNN]   Learning Rate: 0.15 | Steps: 500 | Device: cuda:1
[ByzFL-SNN]   Validation samples: 12000 | Test samples: 10000
[ByzFL-SNN] Initial VRAM (Alloc/Reserved): 36.1/42.0 MiB
[ByzFL-SNN]   [Step 0/500] (0.0%) | Val Acc: 0.1542 | Test Acc: 0.1595 | VRAM (Alloc/Reserved): 44.3/64.0 MiB | Time: 2.9s
[ByzFL-SNN]   [Step 50/500] (10.0%) | Val Acc: 0.8722 | Test Acc: 0.8837 | VRAM (Alloc/Reserved): 91.7/554.0 MiB | Time: 29.0s
[ByzFL-SNN]   [Step 100/500] (20.0%) | Val Acc: 0.9036 | Test Acc: 0.9103 | VRAM (Alloc/Reserved): 92.6/554.0 MiB | Time: 55.3s
[ByzFL-SNN]   [Step 150/500] (30.0%) | Val Acc: 0.9257 | Test Acc: 0.9349 | VRAM (Alloc/Reserved): 91.4/554.0 MiB | Time: 81.5s
[ByzFL-SNN]   [Step 200/500] (40.0%) | Val Acc: 0.9365 | Test Acc: 0.9447 | VRAM (Alloc/Reserved): 93.2/554.0 MiB | Time: 108.2s
[ByzFL-SNN]   [Step 250/500] (50.0%) | Val Acc: 0.9493 | Test Acc: 0.9534 | VRAM (Alloc/Reserved): 92.6/554.0 MiB | Time: 135.0s
[ByzFL-SNN]   [Step 300/500] (60.0%) | Val Acc: 0.9573 | Test Acc: 0.9610 | VRAM (Alloc/Reserved): 92.4/554.0 MiB | Time: 162.0s
[ByzFL-SNN]   [Step 350/500] (70.0%) | Val Acc: 0.9623 | Test Acc: 0.9669 | VRAM (Alloc/Reserved): 92.8/554.0 MiB | Time: 188.5s
[ByzFL-SNN]   [Step 400/500] (80.0%) | Val Acc: 0.9670 | Test Acc: 0.9692 | VRAM (Alloc/Reserved): 91.9/554.0 MiB | Time: 214.9s
[ByzFL-SNN]   [Step 450/500] (90.0%) | Val Acc: 0.9682 | Test Acc: 0.9714 | VRAM (Alloc/Reserved): 92.3/554.0 MiB | Time: 241.0s
[ByzFL-SNN] [Training Complete] Peak VRAM (Alloc/Reserved): 347.9/554.0 MiB | Total time: 263.9s

Training 1 done

[ByzFL-SNN] [Training Start] Model: cnn_mnist | Dataset: mnist
[ByzFL-SNN]   Aggregator: GeometricMedian | Attack: Optimal_InnerProductManipulation
[ByzFL-SNN]   Distribution: gamma_similarity_niid (gamma=1.0)
[ByzFL-SNN]   Clients: 10 honest, 0 byzantine | Algorithm: DSGD
[ByzFL-SNN]   Learning Rate: 0.15 | Steps: 500 | Device: cuda:0
[ByzFL-SNN]   Validation samples: 12000 | Test samples: 10000
[ByzFL-SNN] Initial VRAM (Alloc/Reserved): 36.1/42.0 MiB
[ByzFL-SNN]   [Step 0/500] (0.0%) | Val Acc: 0.1542 | Test Acc: 0.1595 | VRAM (Alloc/Reserved): 44.3/64.0 MiB | Time: 2.9s
[ByzFL-SNN]   [Step 50/500] (10.0%) | Val Acc: 0.8672 | Test Acc: 0.8738 | VRAM (Alloc/Reserved): 91.7/554.0 MiB | Time: 29.5s
[ByzFL-SNN]   [Step 100/500] (20.0%) | Val Acc: 0.9085 | Test Acc: 0.9156 | VRAM (Alloc/Reserved): 92.6/554.0 MiB | Time: 55.7s
[ByzFL-SNN]   [Step 150/500] (30.0%) | Val Acc: 0.9259 | Test Acc: 0.9343 | VRAM (Alloc/Reserved): 91.4/554.0 MiB | Time: 81.9s
[ByzFL-SNN]   [Step 200/500] (40.0%) | Val Acc: 0.9357 | Test Acc: 0.9419 | VRAM (Alloc/Reserved): 93.2/554.0 MiB | Time: 108.4s
[ByzFL-SNN]   [Step 250/500] (50.0%) | Val Acc: 0.9489 | Test Acc: 0.9524 | VRAM (Alloc/Reserved): 92.6/554.0 MiB | Time: 134.8s
[ByzFL-SNN]   [Step 300/500] (60.0%) | Val Acc: 0.9554 | Test Acc: 0.9592 | VRAM (Alloc/Reserved): 92.4/554.0 MiB | Time: 161.3s
[ByzFL-SNN]   [Step 350/500] (70.0%) | Val Acc: 0.9583 | Test Acc: 0.9628 | VRAM (Alloc/Reserved): 92.8/554.0 MiB | Time: 187.9s
[ByzFL-SNN]   [Step 400/500] (80.0%) | Val Acc: 0.9645 | Test Acc: 0.9694 | VRAM (Alloc/Reserved): 91.9/554.0 MiB | Time: 214.5s
[ByzFL-SNN]   [Step 450/500] (90.0%) | Val Acc: 0.9679 | Test Acc: 0.9711 | VRAM (Alloc/Reserved): 92.3/554.0 MiB | Time: 241.2s
[ByzFL-SNN] [Training Complete] Peak VRAM (Alloc/Reserved): 347.9/554.0 MiB | Total time: 264.4s

Training 2 done

[ByzFL-SNN] [Training Start] Model: cnn_mnist | Dataset: mnist
[ByzFL-SNN]   Aggregator: GeometricMedian | Attack: Optimal_InnerProductManipulation
[ByzFL-SNN]   Distribution: gamma_similarity_niid (gamma=1.0)
[ByzFL-SNN]   Clients: 10 honest, 0 byzantine | Algorithm: DSGD
[ByzFL-SNN]   Learning Rate: 0.15 | Steps: 500 | Device: cuda:1
[ByzFL-SNN]   Validation samples: 12000 | Test samples: 10000
[ByzFL-SNN] Initial VRAM (Alloc/Reserved): 36.1/42.0 MiB
[ByzFL-SNN]   [Step 0/500] (0.0%) | Val Acc: 0.1542 | Test Acc: 0.1595 | VRAM (Alloc/Reserved): 44.3/64.0 MiB | Time: 3.0s
[ByzFL-SNN]   [Step 50/500] (10.0%) | Val Acc: 0.8618 | Test Acc: 0.8728 | VRAM (Alloc/Reserved): 91.7/554.0 MiB | Time: 29.1s
[ByzFL-SNN]   [Step 100/500] (20.0%) | Val Acc: 0.9078 | Test Acc: 0.9173 | VRAM (Alloc/Reserved): 92.6/554.0 MiB | Time: 56.1s
[ByzFL-SNN]   [Step 150/500] (30.0%) | Val Acc: 0.9273 | Test Acc: 0.9348 | VRAM (Alloc/Reserved): 91.4/554.0 MiB | Time: 82.8s
[ByzFL-SNN]   [Step 200/500] (40.0%) | Val Acc: 0.9407 | Test Acc: 0.9473 | VRAM (Alloc/Reserved): 93.2/554.0 MiB | Time: 109.2s
[ByzFL-SNN]   [Step 250/500] (50.0%) | Val Acc: 0.9510 | Test Acc: 0.9570 | VRAM (Alloc/Reserved): 92.6/554.0 MiB | Time: 135.6s
[ByzFL-SNN]   [Step 300/500] (60.0%) | Val Acc: 0.9564 | Test Acc: 0.9610 | VRAM (Alloc/Reserved): 92.4/554.0 MiB | Time: 162.4s
[ByzFL-SNN]   [Step 350/500] (70.0%) | Val Acc: 0.9612 | Test Acc: 0.9646 | VRAM (Alloc/Reserved): 92.8/554.0 MiB | Time: 189.4s
[ByzFL-SNN]   [Step 400/500] (80.0%) | Val Acc: 0.9674 | Test Acc: 0.9718 | VRAM (Alloc/Reserved): 91.9/554.0 MiB | Time: 216.4s
[ByzFL-SNN]   [Step 450/500] (90.0%) | Val Acc: 0.9699 | Test Acc: 0.9719 | VRAM (Alloc/Reserved): 92.3/554.0 MiB | Time: 243.4s
[ByzFL-SNN] [Training Complete] Peak VRAM (Alloc/Reserved): 347.9/554.0 MiB | Total time: 266.7s

Training 3 done

[ByzFL-SNN] [Training Start] Model: cnn_mnist | Dataset: mnist
[ByzFL-SNN]   Aggregator: GeometricMedian | Attack: SignFlipping
[ByzFL-SNN]   Distribution: gamma_similarity_niid (gamma=1.0)
[ByzFL-SNN]   Clients: 10 honest, 0 byzantine | Algorithm: DSGD
[ByzFL-SNN]   Learning Rate: 0.15 | Steps: 500 | Device: cuda:1
[ByzFL-SNN]   Validation samples: 12000 | Test samples: 10000
[ByzFL-SNN] Initial VRAM (Alloc/Reserved): 36.1/42.0 MiB
[ByzFL-SNN]   [Step 0/500] (0.0%) | Val Acc: 0.1542 | Test Acc: 0.1595 | VRAM (Alloc/Reserved): 44.3/64.0 MiB | Time: 3.5s
[ByzFL-SNN]   [Step 50/500] (10.0%) | Val Acc: 0.8672 | Test Acc: 0.8738 | VRAM (Alloc/Reserved): 91.7/554.0 MiB | Time: 29.8s
[ByzFL-SNN]   [Step 100/500] (20.0%) | Val Acc: 0.9085 | Test Acc: 0.9156 | VRAM (Alloc/Reserved): 92.6/554.0 MiB | Time: 56.1s
[ByzFL-SNN]   [Step 150/500] (30.0%) | Val Acc: 0.9259 | Test Acc: 0.9343 | VRAM (Alloc/Reserved): 91.4/554.0 MiB | Time: 82.4s
[ByzFL-SNN]   [Step 200/500] (40.0%) | Val Acc: 0.9357 | Test Acc: 0.9419 | VRAM (Alloc/Reserved): 93.2/554.0 MiB | Time: 108.8s
[ByzFL-SNN]   [Step 250/500] (50.0%) | Val Acc: 0.9489 | Test Acc: 0.9524 | VRAM (Alloc/Reserved): 92.6/554.0 MiB | Time: 135.3s
[ByzFL-SNN]   [Step 300/500] (60.0%) | Val Acc: 0.9554 | Test Acc: 0.9592 | VRAM (Alloc/Reserved): 92.4/554.0 MiB | Time: 162.8s
[ByzFL-SNN]   [Step 350/500] (70.0%) | Val Acc: 0.9583 | Test Acc: 0.9628 | VRAM (Alloc/Reserved): 92.8/554.0 MiB | Time: 189.7s
[ByzFL-SNN]   [Step 400/500] (80.0%) | Val Acc: 0.9645 | Test Acc: 0.9694 | VRAM (Alloc/Reserved): 91.9/554.0 MiB | Time: 216.8s
[ByzFL-SNN]   [Step 450/500] (90.0%) | Val Acc: 0.9679 | Test Acc: 0.9711 | VRAM (Alloc/Reserved): 92.3/554.0 MiB | Time: 243.6s
[ByzFL-SNN] [Training Complete] Peak VRAM (Alloc/Reserved): 347.9/554.0 MiB | Total time: 267.0s

Training 4 done

[ByzFL-SNN] [Training Start] Model: cnn_mnist | Dataset: mnist
[ByzFL-SNN]   Aggregator: GeometricMedian | Attack: SignFlipping
[ByzFL-SNN]   Distribution: gamma_similarity_niid (gamma=1.0)
[ByzFL-SNN]   Clients: 10 honest, 0 byzantine | Algorithm: DSGD
[ByzFL-SNN]   Learning Rate: 0.15 | Steps: 500 | Device: cuda:0
[ByzFL-SNN]   Validation samples: 12000 | Test samples: 10000
[ByzFL-SNN] Initial VRAM (Alloc/Reserved): 36.1/42.0 MiB
[ByzFL-SNN]   [Step 0/500] (0.0%) | Val Acc: 0.1542 | Test Acc: 0.1595 | VRAM (Alloc/Reserved): 44.3/64.0 MiB | Time: 2.9s
[ByzFL-SNN]   [Step 50/500] (10.0%) | Val Acc: 0.8618 | Test Acc: 0.8728 | VRAM (Alloc/Reserved): 91.7/554.0 MiB | Time: 30.3s
[ByzFL-SNN]   [Step 100/500] (20.0%) | Val Acc: 0.9078 | Test Acc: 0.9173 | VRAM (Alloc/Reserved): 92.6/554.0 MiB | Time: 56.7s
[ByzFL-SNN]   [Step 150/500] (30.0%) | Val Acc: 0.9273 | Test Acc: 0.9348 | VRAM (Alloc/Reserved): 91.4/554.0 MiB | Time: 82.9s
[ByzFL-SNN]   [Step 200/500] (40.0%) | Val Acc: 0.9407 | Test Acc: 0.9473 | VRAM (Alloc/Reserved): 93.2/554.0 MiB | Time: 109.4s
[ByzFL-SNN]   [Step 250/500] (50.0%) | Val Acc: 0.9510 | Test Acc: 0.9570 | VRAM (Alloc/Reserved): 92.6/554.0 MiB | Time: 136.1s
[ByzFL-SNN]   [Step 300/500] (60.0%) | Val Acc: 0.9564 | Test Acc: 0.9610 | VRAM (Alloc/Reserved): 92.4/554.0 MiB | Time: 163.1s
[ByzFL-SNN]   [Step 350/500] (70.0%) | Val Acc: 0.9612 | Test Acc: 0.9646 | VRAM (Alloc/Reserved): 92.8/554.0 MiB | Time: 189.9s
[ByzFL-SNN]   [Step 400/500] (80.0%) | Val Acc: 0.9674 | Test Acc: 0.9718 | VRAM (Alloc/Reserved): 91.9/554.0 MiB | Time: 216.8s
[ByzFL-SNN]   [Step 450/500] (90.0%) | Val Acc: 0.9699 | Test Acc: 0.9719 | VRAM (Alloc/Reserved): 92.3/554.0 MiB | Time: 243.7s
[ByzFL-SNN] [Training Complete] Peak VRAM (Alloc/Reserved): 347.9/554.0 MiB | Total time: 267.1s

Training 5 done

[ByzFL-SNN] [Training Start] Model: cnn_mnist | Dataset: mnist
[ByzFL-SNN]   Aggregator: GeometricMedian | Attack: SignFlipping
[ByzFL-SNN]   Distribution: gamma_similarity_niid (gamma=0.33)
[ByzFL-SNN]   Clients: 10 honest, 0 byzantine | Algorithm: DSGD
[ByzFL-SNN]   Learning Rate: 0.15 | Steps: 500 | Device: cuda:1
[ByzFL-SNN]   Validation samples: 12000 | Test samples: 10000
[ByzFL-SNN] Initial VRAM (Alloc/Reserved): 36.1/42.0 MiB
[ByzFL-SNN]   [Step 0/500] (0.0%) | Val Acc: 0.1542 | Test Acc: 0.1595 | VRAM (Alloc/Reserved): 44.3/64.0 MiB | Time: 3.7s
[ByzFL-SNN]   [Step 50/500] (10.0%) | Val Acc: 0.8748 | Test Acc: 0.8826 | VRAM (Alloc/Reserved): 91.7/550.0 MiB | Time: 30.8s
[ByzFL-SNN]   [Step 100/500] (20.0%) | Val Acc: 0.9194 | Test Acc: 0.9252 | VRAM (Alloc/Reserved): 92.6/550.0 MiB | Time: 57.1s
[ByzFL-SNN]   [Step 150/500] (30.0%) | Val Acc: 0.9432 | Test Acc: 0.9493 | VRAM (Alloc/Reserved): 91.4/550.0 MiB | Time: 83.6s
[ByzFL-SNN]   [Step 200/500] (40.0%) | Val Acc: 0.9588 | Test Acc: 0.9643 | VRAM (Alloc/Reserved): 93.2/550.0 MiB | Time: 109.7s
[ByzFL-SNN]   [Step 250/500] (50.0%) | Val Acc: 0.9661 | Test Acc: 0.9692 | VRAM (Alloc/Reserved): 92.6/550.0 MiB | Time: 136.1s
[ByzFL-SNN]   [Step 300/500] (60.0%) | Val Acc: 0.9713 | Test Acc: 0.9760 | VRAM (Alloc/Reserved): 92.4/550.0 MiB | Time: 162.6s
[ByzFL-SNN]   [Step 350/500] (70.0%) | Val Acc: 0.9778 | Test Acc: 0.9819 | VRAM (Alloc/Reserved): 92.8/550.0 MiB | Time: 189.0s
[ByzFL-SNN]   [Step 400/500] (80.0%) | Val Acc: 0.9798 | Test Acc: 0.9836 | VRAM (Alloc/Reserved): 91.9/550.0 MiB | Time: 215.7s
[ByzFL-SNN]   [Step 450/500] (90.0%) | Val Acc: 0.9809 | Test Acc: 0.9840 | VRAM (Alloc/Reserved): 92.3/550.0 MiB | Time: 242.1s
[ByzFL-SNN] [Training Complete] Peak VRAM (Alloc/Reserved): 347.9/550.0 MiB | Total time: 264.7s

Training 6 done

[ByzFL-SNN] [Training Start] Model: cnn_mnist | Dataset: mnist
[ByzFL-SNN]   Aggregator: GeometricMedian | Attack: Optimal_ALittleIsEnough_neg1
[ByzFL-SNN]   Distribution: gamma_similarity_niid (gamma=1.0)
[ByzFL-SNN]   Clients: 10 honest, 0 byzantine | Algorithm: DSGD
[ByzFL-SNN]   Learning Rate: 0.15 | Steps: 500 | Device: cuda:0
[ByzFL-SNN]   Validation samples: 12000 | Test samples: 10000
[ByzFL-SNN] Initial VRAM (Alloc/Reserved): 36.1/42.0 MiB
[ByzFL-SNN]   [Step 0/500] (0.0%) | Val Acc: 0.1542 | Test Acc: 0.1595 | VRAM (Alloc/Reserved): 44.3/64.0 MiB | Time: 3.6s
[ByzFL-SNN]   [Step 50/500] (10.0%) | Val Acc: 0.8722 | Test Acc: 0.8837 | VRAM (Alloc/Reserved): 91.7/554.0 MiB | Time: 30.6s
[ByzFL-SNN]   [Step 100/500] (20.0%) | Val Acc: 0.9036 | Test Acc: 0.9103 | VRAM (Alloc/Reserved): 92.6/554.0 MiB | Time: 57.1s
[ByzFL-SNN]   [Step 150/500] (30.0%) | Val Acc: 0.9257 | Test Acc: 0.9349 | VRAM (Alloc/Reserved): 91.4/554.0 MiB | Time: 83.1s
[ByzFL-SNN]   [Step 200/500] (40.0%) | Val Acc: 0.9365 | Test Acc: 0.9447 | VRAM (Alloc/Reserved): 93.2/554.0 MiB | Time: 109.8s
[ByzFL-SNN]   [Step 250/500] (50.0%) | Val Acc: 0.9493 | Test Acc: 0.9534 | VRAM (Alloc/Reserved): 92.6/554.0 MiB | Time: 136.5s
[ByzFL-SNN]   [Step 300/500] (60.0%) | Val Acc: 0.9573 | Test Acc: 0.9610 | VRAM (Alloc/Reserved): 92.4/554.0 MiB | Time: 163.3s
[ByzFL-SNN]   [Step 350/500] (70.0%) | Val Acc: 0.9623 | Test Acc: 0.9669 | VRAM (Alloc/Reserved): 92.8/554.0 MiB | Time: 190.4s
[ByzFL-SNN]   [Step 400/500] (80.0%) | Val Acc: 0.9670 | Test Acc: 0.9692 | VRAM (Alloc/Reserved): 91.9/554.0 MiB | Time: 217.7s
[ByzFL-SNN]   [Step 450/500] (90.0%) | Val Acc: 0.9682 | Test Acc: 0.9714 | VRAM (Alloc/Reserved): 92.3/554.0 MiB | Time: 245.0s
[ByzFL-SNN] [Training Complete] Peak VRAM (Alloc/Reserved): 347.9/554.0 MiB | Total time: 268.9s

Training 7 done

[ByzFL-SNN] [Training Start] Model: cnn_mnist | Dataset: mnist
[ByzFL-SNN]   Aggregator: GeometricMedian | Attack: Optimal_ALittleIsEnough_neg1
[ByzFL-SNN]   Distribution: gamma_similarity_niid (gamma=1.0)
[ByzFL-SNN]   Clients: 10 honest, 0 byzantine | Algorithm: DSGD
[ByzFL-SNN]   Learning Rate: 0.15 | Steps: 500 | Device: cuda:0
[ByzFL-SNN]   Validation samples: 12000 | Test samples: 10000
[ByzFL-SNN] Initial VRAM (Alloc/Reserved): 36.1/42.0 MiB
[ByzFL-SNN]   [Step 0/500] (0.0%) | Val Acc: 0.1542 | Test Acc: 0.1595 | VRAM (Alloc/Reserved): 44.3/64.0 MiB | Time: 4.0s
[ByzFL-SNN]   [Step 50/500] (10.0%) | Val Acc: 0.8672 | Test Acc: 0.8738 | VRAM (Alloc/Reserved): 91.7/554.0 MiB | Time: 30.6s
[ByzFL-SNN]   [Step 100/500] (20.0%) | Val Acc: 0.9085 | Test Acc: 0.9156 | VRAM (Alloc/Reserved): 92.6/554.0 MiB | Time: 56.9s
[ByzFL-SNN]   [Step 150/500] (30.0%) | Val Acc: 0.9259 | Test Acc: 0.9343 | VRAM (Alloc/Reserved): 91.4/554.0 MiB | Time: 83.1s
[ByzFL-SNN]   [Step 200/500] (40.0%) | Val Acc: 0.9357 | Test Acc: 0.9419 | VRAM (Alloc/Reserved): 93.2/554.0 MiB | Time: 109.7s
[ByzFL-SNN]   [Step 250/500] (50.0%) | Val Acc: 0.9489 | Test Acc: 0.9524 | VRAM (Alloc/Reserved): 92.6/554.0 MiB | Time: 136.5s
[ByzFL-SNN]   [Step 300/500] (60.0%) | Val Acc: 0.9554 | Test Acc: 0.9592 | VRAM (Alloc/Reserved): 92.4/554.0 MiB | Time: 163.5s
[ByzFL-SNN]   [Step 350/500] (70.0%) | Val Acc: 0.9583 | Test Acc: 0.9628 | VRAM (Alloc/Reserved): 92.8/554.0 MiB | Time: 190.9s
[ByzFL-SNN]   [Step 400/500] (80.0%) | Val Acc: 0.9645 | Test Acc: 0.9694 | VRAM (Alloc/Reserved): 91.9/554.0 MiB | Time: 218.1s
[ByzFL-SNN]   [Step 450/500] (90.0%) | Val Acc: 0.9679 | Test Acc: 0.9711 | VRAM (Alloc/Reserved): 92.3/554.0 MiB | Time: 245.1s
[ByzFL-SNN] [Training Complete] Peak VRAM (Alloc/Reserved): 347.9/554.0 MiB | Total time: 269.3s

Training 8 done

[ByzFL-SNN] [Training Start] Model: cnn_mnist | Dataset: mnist
[ByzFL-SNN]   Aggregator: GeometricMedian | Attack: Optimal_InnerProductManipulation
[ByzFL-SNN]   Distribution: gamma_similarity_niid (gamma=0.66)
[ByzFL-SNN]   Clients: 10 honest, 0 byzantine | Algorithm: DSGD
[ByzFL-SNN]   Learning Rate: 0.15 | Steps: 500 | Device: cuda:1
[ByzFL-SNN]   Validation samples: 12000 | Test samples: 10000
[ByzFL-SNN] Initial VRAM (Alloc/Reserved): 36.1/42.0 MiB
[ByzFL-SNN]   [Step 0/500] (0.0%) | Val Acc: 0.1542 | Test Acc: 0.1595 | VRAM (Alloc/Reserved): 44.3/64.0 MiB | Time: 3.0s
[ByzFL-SNN]   [Step 50/500] (10.0%) | Val Acc: 0.8752 | Test Acc: 0.8834 | VRAM (Alloc/Reserved): 91.7/552.0 MiB | Time: 29.2s
[ByzFL-SNN]   [Step 100/500] (20.0%) | Val Acc: 0.9164 | Test Acc: 0.9294 | VRAM (Alloc/Reserved): 92.6/552.0 MiB | Time: 55.6s
[ByzFL-SNN]   [Step 150/500] (30.0%) | Val Acc: 0.9363 | Test Acc: 0.9419 | VRAM (Alloc/Reserved): 91.4/552.0 MiB | Time: 81.8s
[ByzFL-SNN]   [Step 200/500] (40.0%) | Val Acc: 0.9533 | Test Acc: 0.9611 | VRAM (Alloc/Reserved): 93.2/552.0 MiB | Time: 108.6s
[ByzFL-SNN]   [Step 250/500] (50.0%) | Val Acc: 0.9662 | Test Acc: 0.9697 | VRAM (Alloc/Reserved): 92.6/552.0 MiB | Time: 135.4s
[ByzFL-SNN]   [Step 300/500] (60.0%) | Val Acc: 0.9689 | Test Acc: 0.9741 | VRAM (Alloc/Reserved): 92.4/552.0 MiB | Time: 162.5s
[ByzFL-SNN]   [Step 350/500] (70.0%) | Val Acc: 0.9731 | Test Acc: 0.9762 | VRAM (Alloc/Reserved): 92.8/552.0 MiB | Time: 189.4s
[ByzFL-SNN]   [Step 400/500] (80.0%) | Val Acc: 0.9788 | Test Acc: 0.9826 | VRAM (Alloc/Reserved): 91.9/552.0 MiB | Time: 217.1s
[ByzFL-SNN]   [Step 450/500] (90.0%) | Val Acc: 0.9782 | Test Acc: 0.9819 | VRAM (Alloc/Reserved): 92.3/552.0 MiB | Time: 244.1s
[ByzFL-SNN] [Training Complete] Peak VRAM (Alloc/Reserved): 347.9/552.0 MiB | Total time: 267.2s

Training 9 done

[ByzFL-SNN] [Training Start] Model: cnn_mnist | Dataset: mnist
[ByzFL-SNN]   Aggregator: GeometricMedian | Attack: Optimal_ALittleIsEnough_neg1
[ByzFL-SNN]   Distribution: gamma_similarity_niid (gamma=0.66)
[ByzFL-SNN]   Clients: 10 honest, 0 byzantine | Algorithm: DSGD
[ByzFL-SNN]   Learning Rate: 0.15 | Steps: 500 | Device: cuda:1
[ByzFL-SNN]   Validation samples: 12000 | Test samples: 10000
[ByzFL-SNN] Initial VRAM (Alloc/Reserved): 36.1/42.0 MiB
[ByzFL-SNN]   [Step 0/500] (0.0%) | Val Acc: 0.1542 | Test Acc: 0.1595 | VRAM (Alloc/Reserved): 44.3/64.0 MiB | Time: 4.3s
[ByzFL-SNN]   [Step 50/500] (10.0%) | Val Acc: 0.8752 | Test Acc: 0.8861 | VRAM (Alloc/Reserved): 91.7/552.0 MiB | Time: 31.5s
[ByzFL-SNN]   [Step 100/500] (20.0%) | Val Acc: 0.9213 | Test Acc: 0.9282 | VRAM (Alloc/Reserved): 92.6/552.0 MiB | Time: 58.1s
[ByzFL-SNN]   [Step 150/500] (30.0%) | Val Acc: 0.9440 | Test Acc: 0.9495 | VRAM (Alloc/Reserved): 91.4/552.0 MiB | Time: 84.4s
[ByzFL-SNN]   [Step 200/500] (40.0%) | Val Acc: 0.9591 | Test Acc: 0.9643 | VRAM (Alloc/Reserved): 93.2/552.0 MiB | Time: 111.0s
[ByzFL-SNN]   [Step 250/500] (50.0%) | Val Acc: 0.9684 | Test Acc: 0.9709 | VRAM (Alloc/Reserved): 92.6/552.0 MiB | Time: 137.8s
[ByzFL-SNN]   [Step 300/500] (60.0%) | Val Acc: 0.9706 | Test Acc: 0.9754 | VRAM (Alloc/Reserved): 92.4/552.0 MiB | Time: 164.7s
[ByzFL-SNN]   [Step 350/500] (70.0%) | Val Acc: 0.9765 | Test Acc: 0.9788 | VRAM (Alloc/Reserved): 92.8/552.0 MiB | Time: 191.5s
[ByzFL-SNN]   [Step 400/500] (80.0%) | Val Acc: 0.9749 | Test Acc: 0.9774 | VRAM (Alloc/Reserved): 91.9/552.0 MiB | Time: 218.3s
[ByzFL-SNN]   [Step 450/500] (90.0%) | Val Acc: 0.9800 | Test Acc: 0.9810 | VRAM (Alloc/Reserved): 92.3/552.0 MiB | Time: 245.1s
[ByzFL-SNN] [Training Complete] Peak VRAM (Alloc/Reserved): 347.9/552.0 MiB | Total time: 268.1s

Training 10 done

[ByzFL-SNN] [Training Start] Model: cnn_mnist | Dataset: mnist
[ByzFL-SNN]   Aggregator: GeometricMedian | Attack: Optimal_InnerProductManipulation
[ByzFL-SNN]   Distribution: gamma_similarity_niid (gamma=0.66)
[ByzFL-SNN]   Clients: 10 honest, 0 byzantine | Algorithm: DSGD
[ByzFL-SNN]   Learning Rate: 0.15 | Steps: 500 | Device: cuda:0
[ByzFL-SNN]   Validation samples: 12000 | Test samples: 10000
[ByzFL-SNN] Initial VRAM (Alloc/Reserved): 36.1/42.0 MiB
[ByzFL-SNN]   [Step 0/500] (0.0%) | Val Acc: 0.1542 | Test Acc: 0.1595 | VRAM (Alloc/Reserved): 44.3/64.0 MiB | Time: 3.1s
[ByzFL-SNN]   [Step 50/500] (10.0%) | Val Acc: 0.8714 | Test Acc: 0.8797 | VRAM (Alloc/Reserved): 91.7/552.0 MiB | Time: 29.5s
[ByzFL-SNN]   [Step 100/500] (20.0%) | Val Acc: 0.9191 | Test Acc: 0.9254 | VRAM (Alloc/Reserved): 92.6/552.0 MiB | Time: 55.9s
[ByzFL-SNN]   [Step 150/500] (30.0%) | Val Acc: 0.9355 | Test Acc: 0.9446 | VRAM (Alloc/Reserved): 91.4/552.0 MiB | Time: 82.5s
[ByzFL-SNN]   [Step 200/500] (40.0%) | Val Acc: 0.9543 | Test Acc: 0.9607 | VRAM (Alloc/Reserved): 93.2/552.0 MiB | Time: 109.1s
[ByzFL-SNN]   [Step 250/500] (50.0%) | Val Acc: 0.9633 | Test Acc: 0.9673 | VRAM (Alloc/Reserved): 92.6/552.0 MiB | Time: 136.1s
[ByzFL-SNN]   [Step 300/500] (60.0%) | Val Acc: 0.9706 | Test Acc: 0.9738 | VRAM (Alloc/Reserved): 92.4/552.0 MiB | Time: 163.1s
[ByzFL-SNN]   [Step 350/500] (70.0%) | Val Acc: 0.9731 | Test Acc: 0.9762 | VRAM (Alloc/Reserved): 92.8/552.0 MiB | Time: 190.0s
[ByzFL-SNN]   [Step 400/500] (80.0%) | Val Acc: 0.9753 | Test Acc: 0.9783 | VRAM (Alloc/Reserved): 91.9/552.0 MiB | Time: 217.1s
[ByzFL-SNN]   [Step 450/500] (90.0%) | Val Acc: 0.9792 | Test Acc: 0.9813 | VRAM (Alloc/Reserved): 92.3/552.0 MiB | Time: 244.3s
[ByzFL-SNN] [Training Complete] Peak VRAM (Alloc/Reserved): 347.9/552.0 MiB | Total time: 268.1s

Training 11 done

[ByzFL-SNN] [Training Start] Model: cnn_mnist | Dataset: mnist
[ByzFL-SNN]   Aggregator: GeometricMedian | Attack: Optimal_ALittleIsEnough_neg1
[ByzFL-SNN]   Distribution: gamma_similarity_niid (gamma=0.66)
[ByzFL-SNN]   Clients: 10 honest, 0 byzantine | Algorithm: DSGD
[ByzFL-SNN]   Learning Rate: 0.15 | Steps: 500 | Device: cuda:0
[ByzFL-SNN]   Validation samples: 12000 | Test samples: 10000
[ByzFL-SNN] Initial VRAM (Alloc/Reserved): 36.1/42.0 MiB
[ByzFL-SNN]   [Step 0/500] (0.0%) | Val Acc: 0.1542 | Test Acc: 0.1595 | VRAM (Alloc/Reserved): 44.3/64.0 MiB | Time: 3.5s
[ByzFL-SNN]   [Step 50/500] (10.0%) | Val Acc: 0.8714 | Test Acc: 0.8797 | VRAM (Alloc/Reserved): 91.7/552.0 MiB | Time: 30.4s
[ByzFL-SNN]   [Step 100/500] (20.0%) | Val Acc: 0.9191 | Test Acc: 0.9254 | VRAM (Alloc/Reserved): 92.6/552.0 MiB | Time: 56.7s
[ByzFL-SNN]   [Step 150/500] (30.0%) | Val Acc: 0.9355 | Test Acc: 0.9446 | VRAM (Alloc/Reserved): 91.4/552.0 MiB | Time: 83.3s
[ByzFL-SNN]   [Step 200/500] (40.0%) | Val Acc: 0.9543 | Test Acc: 0.9607 | VRAM (Alloc/Reserved): 93.2/552.0 MiB | Time: 109.9s
[ByzFL-SNN]   [Step 250/500] (50.0%) | Val Acc: 0.9633 | Test Acc: 0.9673 | VRAM (Alloc/Reserved): 92.6/552.0 MiB | Time: 136.7s
[ByzFL-SNN]   [Step 300/500] (60.0%) | Val Acc: 0.9706 | Test Acc: 0.9738 | VRAM (Alloc/Reserved): 92.4/552.0 MiB | Time: 163.9s
[ByzFL-SNN]   [Step 350/500] (70.0%) | Val Acc: 0.9731 | Test Acc: 0.9762 | VRAM (Alloc/Reserved): 92.8/552.0 MiB | Time: 190.9s
[ByzFL-SNN]   [Step 400/500] (80.0%) | Val Acc: 0.9753 | Test Acc: 0.9783 | VRAM (Alloc/Reserved): 91.9/552.0 MiB | Time: 217.9s
[ByzFL-SNN]   [Step 450/500] (90.0%) | Val Acc: 0.9792 | Test Acc: 0.9813 | VRAM (Alloc/Reserved): 92.3/552.0 MiB | Time: 245.0s
[ByzFL-SNN] [Training Complete] Peak VRAM (Alloc/Reserved): 347.9/552.0 MiB | Total time: 268.8s

Training 12 done

[ByzFL-SNN] [Training Start] Model: cnn_mnist | Dataset: mnist
[ByzFL-SNN]   Aggregator: GeometricMedian | Attack: Optimal_InnerProductManipulation
[ByzFL-SNN]   Distribution: gamma_similarity_niid (gamma=1.0)
[ByzFL-SNN]   Clients: 10 honest, 0 byzantine | Algorithm: DSGD
[ByzFL-SNN]   Learning Rate: 0.15 | Steps: 500 | Device: cuda:0
[ByzFL-SNN]   Validation samples: 12000 | Test samples: 10000
[ByzFL-SNN] Initial VRAM (Alloc/Reserved): 36.1/42.0 MiB
[ByzFL-SNN]   [Step 0/500] (0.0%) | Val Acc: 0.1542 | Test Acc: 0.1595 | VRAM (Alloc/Reserved): 44.3/64.0 MiB | Time: 3.9s
[ByzFL-SNN]   [Step 50/500] (10.0%) | Val Acc: 0.8722 | Test Acc: 0.8837 | VRAM (Alloc/Reserved): 91.7/554.0 MiB | Time: 31.6s
[ByzFL-SNN]   [Step 100/500] (20.0%) | Val Acc: 0.9036 | Test Acc: 0.9103 | VRAM (Alloc/Reserved): 92.6/554.0 MiB | Time: 57.9s
[ByzFL-SNN]   [Step 150/500] (30.0%) | Val Acc: 0.9257 | Test Acc: 0.9349 | VRAM (Alloc/Reserved): 91.4/554.0 MiB | Time: 84.5s
[ByzFL-SNN]   [Step 200/500] (40.0%) | Val Acc: 0.9365 | Test Acc: 0.9447 | VRAM (Alloc/Reserved): 93.2/554.0 MiB | Time: 111.0s
[ByzFL-SNN]   [Step 250/500] (50.0%) | Val Acc: 0.9493 | Test Acc: 0.9534 | VRAM (Alloc/Reserved): 92.6/554.0 MiB | Time: 137.9s
[ByzFL-SNN]   [Step 300/500] (60.0%) | Val Acc: 0.9573 | Test Acc: 0.9610 | VRAM (Alloc/Reserved): 92.4/554.0 MiB | Time: 165.1s
[ByzFL-SNN]   [Step 350/500] (70.0%) | Val Acc: 0.9623 | Test Acc: 0.9669 | VRAM (Alloc/Reserved): 92.8/554.0 MiB | Time: 193.2s
[ByzFL-SNN]   [Step 400/500] (80.0%) | Val Acc: 0.9670 | Test Acc: 0.9692 | VRAM (Alloc/Reserved): 91.9/554.0 MiB | Time: 220.6s
[ByzFL-SNN]   [Step 450/500] (90.0%) | Val Acc: 0.9682 | Test Acc: 0.9714 | VRAM (Alloc/Reserved): 92.3/554.0 MiB | Time: 246.9s
[ByzFL-SNN] [Training Complete] Peak VRAM (Alloc/Reserved): 347.9/554.0 MiB | Total time: 270.2s

Training 13 done

[ByzFL-SNN] [Training Start] Model: cnn_mnist | Dataset: mnist
[ByzFL-SNN]   Aggregator: GeometricMedian | Attack: Optimal_ALittleIsEnough_neg1
[ByzFL-SNN]   Distribution: gamma_similarity_niid (gamma=0.66)
[ByzFL-SNN]   Clients: 10 honest, 0 byzantine | Algorithm: DSGD
[ByzFL-SNN]   Learning Rate: 0.15 | Steps: 500 | Device: cuda:1
[ByzFL-SNN]   Validation samples: 12000 | Test samples: 10000
[ByzFL-SNN] Initial VRAM (Alloc/Reserved): 36.1/42.0 MiB
[ByzFL-SNN]   [Step 0/500] (0.0%) | Val Acc: 0.1542 | Test Acc: 0.1595 | VRAM (Alloc/Reserved): 44.3/64.0 MiB | Time: 3.8s
[ByzFL-SNN]   [Step 50/500] (10.0%) | Val Acc: 0.8752 | Test Acc: 0.8834 | VRAM (Alloc/Reserved): 91.7/552.0 MiB | Time: 30.9s
[ByzFL-SNN]   [Step 100/500] (20.0%) | Val Acc: 0.9164 | Test Acc: 0.9294 | VRAM (Alloc/Reserved): 92.6/552.0 MiB | Time: 57.3s
[ByzFL-SNN]   [Step 150/500] (30.0%) | Val Acc: 0.9363 | Test Acc: 0.9419 | VRAM (Alloc/Reserved): 91.4/552.0 MiB | Time: 84.2s
[ByzFL-SNN]   [Step 200/500] (40.0%) | Val Acc: 0.9533 | Test Acc: 0.9611 | VRAM (Alloc/Reserved): 93.2/552.0 MiB | Time: 111.2s
[ByzFL-SNN]   [Step 250/500] (50.0%) | Val Acc: 0.9662 | Test Acc: 0.9697 | VRAM (Alloc/Reserved): 92.6/552.0 MiB | Time: 137.9s
[ByzFL-SNN]   [Step 300/500] (60.0%) | Val Acc: 0.9689 | Test Acc: 0.9741 | VRAM (Alloc/Reserved): 92.4/552.0 MiB | Time: 165.0s
[ByzFL-SNN]   [Step 350/500] (70.0%) | Val Acc: 0.9731 | Test Acc: 0.9762 | VRAM (Alloc/Reserved): 92.8/552.0 MiB | Time: 192.4s
[ByzFL-SNN]   [Step 400/500] (80.0%) | Val Acc: 0.9788 | Test Acc: 0.9826 | VRAM (Alloc/Reserved): 91.9/552.0 MiB | Time: 219.2s
[ByzFL-SNN]   [Step 450/500] (90.0%) | Val Acc: 0.9782 | Test Acc: 0.9819 | VRAM (Alloc/Reserved): 92.3/552.0 MiB | Time: 246.3s
[ByzFL-SNN] [Training Complete] Peak VRAM (Alloc/Reserved): 347.9/552.0 MiB | Total time: 269.0s

Training 14 done

[ByzFL-SNN] [Training Start] Model: cnn_mnist | Dataset: mnist
[ByzFL-SNN]   Aggregator: GeometricMedian | Attack: SignFlipping
[ByzFL-SNN]   Distribution: gamma_similarity_niid (gamma=0.66)
[ByzFL-SNN]   Clients: 10 honest, 0 byzantine | Algorithm: DSGD
[ByzFL-SNN]   Learning Rate: 0.15 | Steps: 500 | Device: cuda:0
[ByzFL-SNN]   Validation samples: 12000 | Test samples: 10000
[ByzFL-SNN] Initial VRAM (Alloc/Reserved): 36.1/42.0 MiB
[ByzFL-SNN]   [Step 0/500] (0.0%) | Val Acc: 0.1542 | Test Acc: 0.1595 | VRAM (Alloc/Reserved): 44.3/64.0 MiB | Time: 4.5s
[ByzFL-SNN]   [Step 50/500] (10.0%) | Val Acc: 0.8752 | Test Acc: 0.8861 | VRAM (Alloc/Reserved): 91.7/552.0 MiB | Time: 31.4s
[ByzFL-SNN]   [Step 100/500] (20.0%) | Val Acc: 0.9213 | Test Acc: 0.9282 | VRAM (Alloc/Reserved): 92.6/552.0 MiB | Time: 57.7s
[ByzFL-SNN]   [Step 150/500] (30.0%) | Val Acc: 0.9440 | Test Acc: 0.9495 | VRAM (Alloc/Reserved): 91.4/552.0 MiB | Time: 84.1s
[ByzFL-SNN]   [Step 200/500] (40.0%) | Val Acc: 0.9591 | Test Acc: 0.9643 | VRAM (Alloc/Reserved): 93.2/552.0 MiB | Time: 110.4s
[ByzFL-SNN]   [Step 250/500] (50.0%) | Val Acc: 0.9684 | Test Acc: 0.9709 | VRAM (Alloc/Reserved): 92.6/552.0 MiB | Time: 137.2s
[ByzFL-SNN]   [Step 300/500] (60.0%) | Val Acc: 0.9706 | Test Acc: 0.9754 | VRAM (Alloc/Reserved): 92.4/552.0 MiB | Time: 164.0s
[ByzFL-SNN]   [Step 350/500] (70.0%) | Val Acc: 0.9765 | Test Acc: 0.9788 | VRAM (Alloc/Reserved): 92.8/552.0 MiB | Time: 190.8s
[ByzFL-SNN]   [Step 400/500] (80.0%) | Val Acc: 0.9749 | Test Acc: 0.9774 | VRAM (Alloc/Reserved): 91.9/552.0 MiB | Time: 217.6s
[ByzFL-SNN]   [Step 450/500] (90.0%) | Val Acc: 0.9800 | Test Acc: 0.9810 | VRAM (Alloc/Reserved): 92.3/552.0 MiB | Time: 244.7s
[ByzFL-SNN] [Training Complete] Peak VRAM (Alloc/Reserved): 347.9/552.0 MiB | Total time: 268.1s

Training 15 done

[ByzFL-SNN] [Training Start] Model: cnn_mnist | Dataset: mnist
[ByzFL-SNN]   Aggregator: GeometricMedian | Attack: SignFlipping
[ByzFL-SNN]   Distribution: gamma_similarity_niid (gamma=0.66)
[ByzFL-SNN]   Clients: 10 honest, 0 byzantine | Algorithm: DSGD
[ByzFL-SNN]   Learning Rate: 0.15 | Steps: 500 | Device: cuda:1
[ByzFL-SNN]   Validation samples: 12000 | Test samples: 10000
[ByzFL-SNN] Initial VRAM (Alloc/Reserved): 36.1/42.0 MiB
[ByzFL-SNN]   [Step 0/500] (0.0%) | Val Acc: 0.1542 | Test Acc: 0.1595 | VRAM (Alloc/Reserved): 44.3/64.0 MiB | Time: 3.4s
[ByzFL-SNN]   [Step 50/500] (10.0%) | Val Acc: 0.8714 | Test Acc: 0.8797 | VRAM (Alloc/Reserved): 91.7/552.0 MiB | Time: 30.4s
[ByzFL-SNN]   [Step 100/500] (20.0%) | Val Acc: 0.9191 | Test Acc: 0.9254 | VRAM (Alloc/Reserved): 92.6/552.0 MiB | Time: 56.9s
[ByzFL-SNN]   [Step 150/500] (30.0%) | Val Acc: 0.9355 | Test Acc: 0.9446 | VRAM (Alloc/Reserved): 91.4/552.0 MiB | Time: 83.8s
[ByzFL-SNN]   [Step 200/500] (40.0%) | Val Acc: 0.9543 | Test Acc: 0.9607 | VRAM (Alloc/Reserved): 93.2/552.0 MiB | Time: 111.5s
[ByzFL-SNN]   [Step 250/500] (50.0%) | Val Acc: 0.9633 | Test Acc: 0.9673 | VRAM (Alloc/Reserved): 92.6/552.0 MiB | Time: 138.6s
[ByzFL-SNN]   [Step 300/500] (60.0%) | Val Acc: 0.9706 | Test Acc: 0.9738 | VRAM (Alloc/Reserved): 92.4/552.0 MiB | Time: 166.3s
[ByzFL-SNN]   [Step 350/500] (70.0%) | Val Acc: 0.9731 | Test Acc: 0.9762 | VRAM (Alloc/Reserved): 92.8/552.0 MiB | Time: 193.5s
[ByzFL-SNN]   [Step 400/500] (80.0%) | Val Acc: 0.9753 | Test Acc: 0.9783 | VRAM (Alloc/Reserved): 91.9/552.0 MiB | Time: 220.7s
[ByzFL-SNN]   [Step 450/500] (90.0%) | Val Acc: 0.9792 | Test Acc: 0.9813 | VRAM (Alloc/Reserved): 92.3/552.0 MiB | Time: 247.8s
[ByzFL-SNN] [Training Complete] Peak VRAM (Alloc/Reserved): 347.9/552.0 MiB | Total time: 270.1s

Training 16 done

[ByzFL-SNN] [Training Start] Model: cnn_mnist | Dataset: mnist
[ByzFL-SNN]   Aggregator: GeometricMedian | Attack: Optimal_InnerProductManipulation
[ByzFL-SNN]   Distribution: gamma_similarity_niid (gamma=0.33)
[ByzFL-SNN]   Clients: 10 honest, 0 byzantine | Algorithm: DSGD
[ByzFL-SNN]   Learning Rate: 0.15 | Steps: 500 | Device: cuda:0
[ByzFL-SNN]   Validation samples: 12000 | Test samples: 10000
[ByzFL-SNN] Initial VRAM (Alloc/Reserved): 36.1/42.0 MiB
[ByzFL-SNN]   [Step 0/500] (0.0%) | Val Acc: 0.1542 | Test Acc: 0.1595 | VRAM (Alloc/Reserved): 44.3/64.0 MiB | Time: 4.2s
[ByzFL-SNN]   [Step 50/500] (10.0%) | Val Acc: 0.8770 | Test Acc: 0.8865 | VRAM (Alloc/Reserved): 91.7/550.0 MiB | Time: 31.3s
[ByzFL-SNN]   [Step 100/500] (20.0%) | Val Acc: 0.9196 | Test Acc: 0.9245 | VRAM (Alloc/Reserved): 92.6/550.0 MiB | Time: 58.5s
[ByzFL-SNN]   [Step 150/500] (30.0%) | Val Acc: 0.9401 | Test Acc: 0.9473 | VRAM (Alloc/Reserved): 91.4/550.0 MiB | Time: 84.9s
[ByzFL-SNN]   [Step 200/500] (40.0%) | Val Acc: 0.9566 | Test Acc: 0.9628 | VRAM (Alloc/Reserved): 93.2/550.0 MiB | Time: 111.4s
[ByzFL-SNN]   [Step 250/500] (50.0%) | Val Acc: 0.9645 | Test Acc: 0.9698 | VRAM (Alloc/Reserved): 92.6/550.0 MiB | Time: 138.5s
[ByzFL-SNN]   [Step 300/500] (60.0%) | Val Acc: 0.9736 | Test Acc: 0.9768 | VRAM (Alloc/Reserved): 92.4/550.0 MiB | Time: 165.6s
[ByzFL-SNN]   [Step 350/500] (70.0%) | Val Acc: 0.9732 | Test Acc: 0.9783 | VRAM (Alloc/Reserved): 92.8/550.0 MiB | Time: 192.6s
[ByzFL-SNN]   [Step 400/500] (80.0%) | Val Acc: 0.9772 | Test Acc: 0.9794 | VRAM (Alloc/Reserved): 91.9/550.0 MiB | Time: 219.8s
[ByzFL-SNN]   [Step 450/500] (90.0%) | Val Acc: 0.9818 | Test Acc: 0.9839 | VRAM (Alloc/Reserved): 92.3/550.0 MiB | Time: 246.9s
[ByzFL-SNN] [Training Complete] Peak VRAM (Alloc/Reserved): 347.9/550.0 MiB | Total time: 269.2s

Training 17 done

[ByzFL-SNN] [Training Start] Model: cnn_mnist | Dataset: mnist
[ByzFL-SNN]   Aggregator: GeometricMedian | Attack: SignFlipping
[ByzFL-SNN]   Distribution: gamma_similarity_niid (gamma=0.66)
[ByzFL-SNN]   Clients: 10 honest, 0 byzantine | Algorithm: DSGD
[ByzFL-SNN]   Learning Rate: 0.15 | Steps: 500 | Device: cuda:0
[ByzFL-SNN]   Validation samples: 12000 | Test samples: 10000
[ByzFL-SNN] Initial VRAM (Alloc/Reserved): 36.1/42.0 MiB
[ByzFL-SNN]   [Step 0/500] (0.0%) | Val Acc: 0.1542 | Test Acc: 0.1595 | VRAM (Alloc/Reserved): 44.3/64.0 MiB | Time: 4.4s
[ByzFL-SNN]   [Step 50/500] (10.0%) | Val Acc: 0.8752 | Test Acc: 0.8834 | VRAM (Alloc/Reserved): 91.7/552.0 MiB | Time: 31.8s
[ByzFL-SNN]   [Step 100/500] (20.0%) | Val Acc: 0.9164 | Test Acc: 0.9294 | VRAM (Alloc/Reserved): 92.6/552.0 MiB | Time: 58.4s
[ByzFL-SNN]   [Step 150/500] (30.0%) | Val Acc: 0.9363 | Test Acc: 0.9419 | VRAM (Alloc/Reserved): 91.4/552.0 MiB | Time: 85.2s
[ByzFL-SNN]   [Step 200/500] (40.0%) | Val Acc: 0.9533 | Test Acc: 0.9611 | VRAM (Alloc/Reserved): 93.2/552.0 MiB | Time: 112.4s
[ByzFL-SNN]   [Step 250/500] (50.0%) | Val Acc: 0.9662 | Test Acc: 0.9697 | VRAM (Alloc/Reserved): 92.6/552.0 MiB | Time: 139.0s
[ByzFL-SNN]   [Step 300/500] (60.0%) | Val Acc: 0.9689 | Test Acc: 0.9741 | VRAM (Alloc/Reserved): 92.4/552.0 MiB | Time: 167.2s
[ByzFL-SNN]   [Step 350/500] (70.0%) | Val Acc: 0.9731 | Test Acc: 0.9762 | VRAM (Alloc/Reserved): 92.8/552.0 MiB | Time: 194.4s
[ByzFL-SNN]   [Step 400/500] (80.0%) | Val Acc: 0.9788 | Test Acc: 0.9826 | VRAM (Alloc/Reserved): 91.9/552.0 MiB | Time: 221.8s
[ByzFL-SNN]   [Step 450/500] (90.0%) | Val Acc: 0.9782 | Test Acc: 0.9819 | VRAM (Alloc/Reserved): 92.3/552.0 MiB | Time: 249.0s
[ByzFL-SNN] [Training Complete] Peak VRAM (Alloc/Reserved): 347.9/552.0 MiB | Total time: 272.1s

Training 18 done

[ByzFL-SNN] [Training Start] Model: cnn_mnist | Dataset: mnist
[ByzFL-SNN]   Aggregator: GeometricMedian | Attack: Optimal_ALittleIsEnough_neg1
[ByzFL-SNN]   Distribution: gamma_similarity_niid (gamma=0.33)
[ByzFL-SNN]   Clients: 10 honest, 0 byzantine | Algorithm: DSGD
[ByzFL-SNN]   Learning Rate: 0.15 | Steps: 500 | Device: cuda:0
[ByzFL-SNN]   Validation samples: 12000 | Test samples: 10000
[ByzFL-SNN] Initial VRAM (Alloc/Reserved): 36.1/42.0 MiB
[ByzFL-SNN]   [Step 0/500] (0.0%) | Val Acc: 0.1542 | Test Acc: 0.1595 | VRAM (Alloc/Reserved): 44.3/64.0 MiB | Time: 3.8s
[ByzFL-SNN]   [Step 50/500] (10.0%) | Val Acc: 0.8770 | Test Acc: 0.8865 | VRAM (Alloc/Reserved): 91.7/550.0 MiB | Time: 31.1s
[ByzFL-SNN]   [Step 100/500] (20.0%) | Val Acc: 0.9196 | Test Acc: 0.9245 | VRAM (Alloc/Reserved): 92.6/550.0 MiB | Time: 57.6s
[ByzFL-SNN]   [Step 150/500] (30.0%) | Val Acc: 0.9401 | Test Acc: 0.9473 | VRAM (Alloc/Reserved): 91.4/550.0 MiB | Time: 84.3s
[ByzFL-SNN]   [Step 200/500] (40.0%) | Val Acc: 0.9566 | Test Acc: 0.9628 | VRAM (Alloc/Reserved): 93.2/550.0 MiB | Time: 111.1s
[ByzFL-SNN]   [Step 250/500] (50.0%) | Val Acc: 0.9645 | Test Acc: 0.9698 | VRAM (Alloc/Reserved): 92.6/550.0 MiB | Time: 138.3s
[ByzFL-SNN]   [Step 300/500] (60.0%) | Val Acc: 0.9736 | Test Acc: 0.9768 | VRAM (Alloc/Reserved): 92.4/550.0 MiB | Time: 165.2s
[ByzFL-SNN]   [Step 350/500] (70.0%) | Val Acc: 0.9732 | Test Acc: 0.9783 | VRAM (Alloc/Reserved): 92.8/550.0 MiB | Time: 192.3s
[ByzFL-SNN]   [Step 400/500] (80.0%) | Val Acc: 0.9772 | Test Acc: 0.9794 | VRAM (Alloc/Reserved): 91.9/550.0 MiB | Time: 219.6s
[ByzFL-SNN]   [Step 450/500] (90.0%) | Val Acc: 0.9818 | Test Acc: 0.9839 | VRAM (Alloc/Reserved): 92.3/550.0 MiB | Time: 246.8s
[ByzFL-SNN] [Training Complete] Peak VRAM (Alloc/Reserved): 347.9/550.0 MiB | Total time: 268.9s

Training 19 done

[ByzFL-SNN] [Training Start] Model: cnn_mnist | Dataset: mnist
[ByzFL-SNN]   Aggregator: GeometricMedian | Attack: Optimal_ALittleIsEnough_neg1
[ByzFL-SNN]   Distribution: gamma_similarity_niid (gamma=0.33)
[ByzFL-SNN]   Clients: 10 honest, 0 byzantine | Algorithm: DSGD
[ByzFL-SNN]   Learning Rate: 0.15 | Steps: 500 | Device: cuda:1
[ByzFL-SNN]   Validation samples: 12000 | Test samples: 10000
[ByzFL-SNN] Initial VRAM (Alloc/Reserved): 36.1/42.0 MiB
[ByzFL-SNN]   [Step 0/500] (0.0%) | Val Acc: 0.1542 | Test Acc: 0.1595 | VRAM (Alloc/Reserved): 44.3/64.0 MiB | Time: 4.2s
[ByzFL-SNN]   [Step 50/500] (10.0%) | Val Acc: 0.8730 | Test Acc: 0.8825 | VRAM (Alloc/Reserved): 91.7/550.0 MiB | Time: 31.6s
[ByzFL-SNN]   [Step 100/500] (20.0%) | Val Acc: 0.9163 | Test Acc: 0.9224 | VRAM (Alloc/Reserved): 92.6/550.0 MiB | Time: 58.0s
[ByzFL-SNN]   [Step 150/500] (30.0%) | Val Acc: 0.9414 | Test Acc: 0.9462 | VRAM (Alloc/Reserved): 91.4/550.0 MiB | Time: 85.1s
[ByzFL-SNN]   [Step 200/500] (40.0%) | Val Acc: 0.9527 | Test Acc: 0.9571 | VRAM (Alloc/Reserved): 93.2/550.0 MiB | Time: 111.9s
[ByzFL-SNN]   [Step 250/500] (50.0%) | Val Acc: 0.9617 | Test Acc: 0.9644 | VRAM (Alloc/Reserved): 92.6/550.0 MiB | Time: 139.2s
[ByzFL-SNN]   [Step 300/500] (60.0%) | Val Acc: 0.9728 | Test Acc: 0.9739 | VRAM (Alloc/Reserved): 92.4/550.0 MiB | Time: 166.5s
[ByzFL-SNN]   [Step 350/500] (70.0%) | Val Acc: 0.9780 | Test Acc: 0.9803 | VRAM (Alloc/Reserved): 92.8/550.0 MiB | Time: 193.8s
[ByzFL-SNN]   [Step 400/500] (80.0%) | Val Acc: 0.9775 | Test Acc: 0.9813 | VRAM (Alloc/Reserved): 91.9/550.0 MiB | Time: 220.9s
[ByzFL-SNN]   [Step 450/500] (90.0%) | Val Acc: 0.9805 | Test Acc: 0.9836 | VRAM (Alloc/Reserved): 92.3/550.0 MiB | Time: 248.1s
[ByzFL-SNN] [Training Complete] Peak VRAM (Alloc/Reserved): 347.9/550.0 MiB | Total time: 269.2s

Training 20 done

[ByzFL-SNN] [Training Start] Model: cnn_mnist | Dataset: mnist
[ByzFL-SNN]   Aggregator: GeometricMedian | Attack: Optimal_ALittleIsEnough_neg1
[ByzFL-SNN]   Distribution: gamma_similarity_niid (gamma=0.33)
[ByzFL-SNN]   Clients: 10 honest, 0 byzantine | Algorithm: DSGD
[ByzFL-SNN]   Learning Rate: 0.15 | Steps: 500 | Device: cuda:0
[ByzFL-SNN]   Validation samples: 12000 | Test samples: 10000
[ByzFL-SNN] Initial VRAM (Alloc/Reserved): 36.1/42.0 MiB
[ByzFL-SNN]   [Step 0/500] (0.0%) | Val Acc: 0.1542 | Test Acc: 0.1595 | VRAM (Alloc/Reserved): 44.3/64.0 MiB | Time: 3.6s
[ByzFL-SNN]   [Step 50/500] (10.0%) | Val Acc: 0.8748 | Test Acc: 0.8826 | VRAM (Alloc/Reserved): 91.7/550.0 MiB | Time: 30.6s
[ByzFL-SNN]   [Step 100/500] (20.0%) | Val Acc: 0.9194 | Test Acc: 0.9252 | VRAM (Alloc/Reserved): 92.6/550.0 MiB | Time: 57.1s
[ByzFL-SNN]   [Step 150/500] (30.0%) | Val Acc: 0.9432 | Test Acc: 0.9493 | VRAM (Alloc/Reserved): 91.4/550.0 MiB | Time: 83.9s
[ByzFL-SNN]   [Step 200/500] (40.0%) | Val Acc: 0.9588 | Test Acc: 0.9643 | VRAM (Alloc/Reserved): 93.2/550.0 MiB | Time: 111.3s
[ByzFL-SNN]   [Step 250/500] (50.0%) | Val Acc: 0.9661 | Test Acc: 0.9692 | VRAM (Alloc/Reserved): 92.6/550.0 MiB | Time: 138.6s
[ByzFL-SNN]   [Step 300/500] (60.0%) | Val Acc: 0.9713 | Test Acc: 0.9760 | VRAM (Alloc/Reserved): 92.4/550.0 MiB | Time: 165.8s
[ByzFL-SNN]   [Step 350/500] (70.0%) | Val Acc: 0.9778 | Test Acc: 0.9819 | VRAM (Alloc/Reserved): 92.8/550.0 MiB | Time: 192.8s
[ByzFL-SNN]   [Step 400/500] (80.0%) | Val Acc: 0.9798 | Test Acc: 0.9836 | VRAM (Alloc/Reserved): 91.9/550.0 MiB | Time: 220.4s
[ByzFL-SNN]   [Step 450/500] (90.0%) | Val Acc: 0.9809 | Test Acc: 0.9840 | VRAM (Alloc/Reserved): 92.3/550.0 MiB | Time: 247.8s
[ByzFL-SNN] [Training Complete] Peak VRAM (Alloc/Reserved): 347.9/550.0 MiB | Total time: 269.6s

Training 21 done

[ByzFL-SNN] [Training Start] Model: cnn_mnist | Dataset: mnist
[ByzFL-SNN]   Aggregator: GeometricMedian | Attack: Optimal_ALittleIsEnough_neg1
[ByzFL-SNN]   Distribution: gamma_similarity_niid (gamma=0.0)
[ByzFL-SNN]   Clients: 10 honest, 0 byzantine | Algorithm: DSGD
[ByzFL-SNN]   Learning Rate: 0.15 | Steps: 500 | Device: cuda:1
[ByzFL-SNN]   Validation samples: 12000 | Test samples: 10000
[ByzFL-SNN] Initial VRAM (Alloc/Reserved): 36.1/42.0 MiB
[ByzFL-SNN]   [Step 0/500] (0.0%) | Val Acc: 0.1542 | Test Acc: 0.1595 | VRAM (Alloc/Reserved): 44.3/64.0 MiB | Time: 3.8s
[ByzFL-SNN]   [Step 50/500] (10.0%) | Val Acc: 0.8532 | Test Acc: 0.8585 | VRAM (Alloc/Reserved): 91.7/548.0 MiB | Time: 31.3s
[ByzFL-SNN]   [Step 100/500] (20.0%) | Val Acc: 0.9037 | Test Acc: 0.9105 | VRAM (Alloc/Reserved): 92.6/548.0 MiB | Time: 58.0s
[ByzFL-SNN]   [Step 150/500] (30.0%) | Val Acc: 0.9307 | Test Acc: 0.9382 | VRAM (Alloc/Reserved): 91.4/548.0 MiB | Time: 84.9s
[ByzFL-SNN]   [Step 200/500] (40.0%) | Val Acc: 0.9504 | Test Acc: 0.9551 | VRAM (Alloc/Reserved): 93.2/548.0 MiB | Time: 111.8s
[ByzFL-SNN]   [Step 250/500] (50.0%) | Val Acc: 0.9578 | Test Acc: 0.9641 | VRAM (Alloc/Reserved): 92.6/548.0 MiB | Time: 139.3s
[ByzFL-SNN]   [Step 300/500] (60.0%) | Val Acc: 0.9685 | Test Acc: 0.9728 | VRAM (Alloc/Reserved): 92.4/548.0 MiB | Time: 166.5s
[ByzFL-SNN]   [Step 350/500] (70.0%) | Val Acc: 0.9715 | Test Acc: 0.9749 | VRAM (Alloc/Reserved): 92.8/548.0 MiB | Time: 193.7s
[ByzFL-SNN]   [Step 400/500] (80.0%) | Val Acc: 0.9742 | Test Acc: 0.9754 | VRAM (Alloc/Reserved): 91.9/548.0 MiB | Time: 221.2s
[ByzFL-SNN]   [Step 450/500] (90.0%) | Val Acc: 0.9758 | Test Acc: 0.9795 | VRAM (Alloc/Reserved): 92.3/548.0 MiB | Time: 248.6s
[ByzFL-SNN] [Training Complete] Peak VRAM (Alloc/Reserved): 347.9/548.0 MiB | Total time: 269.3s

Training 22 done

[ByzFL-SNN] [Training Start] Model: cnn_mnist | Dataset: mnist
[ByzFL-SNN]   Aggregator: GeometricMedian | Attack: Optimal_InnerProductManipulation
[ByzFL-SNN]   Distribution: gamma_similarity_niid (gamma=0.33)
[ByzFL-SNN]   Clients: 10 honest, 0 byzantine | Algorithm: DSGD
[ByzFL-SNN]   Learning Rate: 0.15 | Steps: 500 | Device: cuda:0
[ByzFL-SNN]   Validation samples: 12000 | Test samples: 10000
[ByzFL-SNN] Initial VRAM (Alloc/Reserved): 36.1/42.0 MiB
[ByzFL-SNN]   [Step 0/500] (0.0%) | Val Acc: 0.1542 | Test Acc: 0.1595 | VRAM (Alloc/Reserved): 44.3/64.0 MiB | Time: 3.7s
[ByzFL-SNN]   [Step 50/500] (10.0%) | Val Acc: 0.8748 | Test Acc: 0.8826 | VRAM (Alloc/Reserved): 91.7/550.0 MiB | Time: 31.2s
[ByzFL-SNN]   [Step 100/500] (20.0%) | Val Acc: 0.9194 | Test Acc: 0.9252 | VRAM (Alloc/Reserved): 92.6/550.0 MiB | Time: 58.0s
[ByzFL-SNN]   [Step 150/500] (30.0%) | Val Acc: 0.9432 | Test Acc: 0.9493 | VRAM (Alloc/Reserved): 91.4/550.0 MiB | Time: 85.2s
[ByzFL-SNN]   [Step 200/500] (40.0%) | Val Acc: 0.9588 | Test Acc: 0.9643 | VRAM (Alloc/Reserved): 93.2/550.0 MiB | Time: 111.9s
[ByzFL-SNN]   [Step 250/500] (50.0%) | Val Acc: 0.9661 | Test Acc: 0.9692 | VRAM (Alloc/Reserved): 92.6/550.0 MiB | Time: 139.1s
[ByzFL-SNN]   [Step 300/500] (60.0%) | Val Acc: 0.9713 | Test Acc: 0.9760 | VRAM (Alloc/Reserved): 92.4/550.0 MiB | Time: 166.3s
[ByzFL-SNN]   [Step 350/500] (70.0%) | Val Acc: 0.9778 | Test Acc: 0.9819 | VRAM (Alloc/Reserved): 92.8/550.0 MiB | Time: 193.1s
[ByzFL-SNN]   [Step 400/500] (80.0%) | Val Acc: 0.9798 | Test Acc: 0.9836 | VRAM (Alloc/Reserved): 91.9/550.0 MiB | Time: 220.5s
[ByzFL-SNN]   [Step 450/500] (90.0%) | Val Acc: 0.9809 | Test Acc: 0.9840 | VRAM (Alloc/Reserved): 92.3/550.0 MiB | Time: 248.1s
[ByzFL-SNN] [Training Complete] Peak VRAM (Alloc/Reserved): 347.9/550.0 MiB | Total time: 269.9s

Training 23 done

[ByzFL-SNN] [Training Start] Model: cnn_mnist | Dataset: mnist
[ByzFL-SNN]   Aggregator: GeometricMedian | Attack: SignFlipping
[ByzFL-SNN]   Distribution: gamma_similarity_niid (gamma=0.33)
[ByzFL-SNN]   Clients: 10 honest, 0 byzantine | Algorithm: DSGD
[ByzFL-SNN]   Learning Rate: 0.15 | Steps: 500 | Device: cuda:1
[ByzFL-SNN]   Validation samples: 12000 | Test samples: 10000
[ByzFL-SNN] Initial VRAM (Alloc/Reserved): 36.1/42.0 MiB
[ByzFL-SNN]   [Step 0/500] (0.0%) | Val Acc: 0.1542 | Test Acc: 0.1595 | VRAM (Alloc/Reserved): 44.3/64.0 MiB | Time: 3.8s
[ByzFL-SNN]   [Step 50/500] (10.0%) | Val Acc: 0.8770 | Test Acc: 0.8865 | VRAM (Alloc/Reserved): 91.7/550.0 MiB | Time: 31.3s
[ByzFL-SNN]   [Step 100/500] (20.0%) | Val Acc: 0.9196 | Test Acc: 0.9245 | VRAM (Alloc/Reserved): 92.6/550.0 MiB | Time: 58.3s
[ByzFL-SNN]   [Step 150/500] (30.0%) | Val Acc: 0.9401 | Test Acc: 0.9473 | VRAM (Alloc/Reserved): 91.4/550.0 MiB | Time: 85.6s
[ByzFL-SNN]   [Step 200/500] (40.0%) | Val Acc: 0.9566 | Test Acc: 0.9628 | VRAM (Alloc/Reserved): 93.2/550.0 MiB | Time: 113.2s
[ByzFL-SNN]   [Step 250/500] (50.0%) | Val Acc: 0.9645 | Test Acc: 0.9698 | VRAM (Alloc/Reserved): 92.6/550.0 MiB | Time: 141.7s
[ByzFL-SNN]   [Step 300/500] (60.0%) | Val Acc: 0.9736 | Test Acc: 0.9768 | VRAM (Alloc/Reserved): 92.4/550.0 MiB | Time: 169.0s
[ByzFL-SNN]   [Step 350/500] (70.0%) | Val Acc: 0.9732 | Test Acc: 0.9783 | VRAM (Alloc/Reserved): 92.8/550.0 MiB | Time: 196.3s
[ByzFL-SNN]   [Step 400/500] (80.0%) | Val Acc: 0.9772 | Test Acc: 0.9794 | VRAM (Alloc/Reserved): 91.9/550.0 MiB | Time: 223.2s
[ByzFL-SNN]   [Step 450/500] (90.0%) | Val Acc: 0.9818 | Test Acc: 0.9839 | VRAM (Alloc/Reserved): 92.3/550.0 MiB | Time: 250.1s
[ByzFL-SNN] [Training Complete] Peak VRAM (Alloc/Reserved): 347.9/550.0 MiB | Total time: 270.3s

Training 24 done

[ByzFL-SNN] [Training Start] Model: cnn_mnist | Dataset: mnist
[ByzFL-SNN]   Aggregator: GeometricMedian | Attack: Optimal_InnerProductManipulation
[ByzFL-SNN]   Distribution: gamma_similarity_niid (gamma=0.33)
[ByzFL-SNN]   Clients: 10 honest, 0 byzantine | Algorithm: DSGD
[ByzFL-SNN]   Learning Rate: 0.15 | Steps: 500 | Device: cuda:1
[ByzFL-SNN]   Validation samples: 12000 | Test samples: 10000
[ByzFL-SNN] Initial VRAM (Alloc/Reserved): 36.1/42.0 MiB
[ByzFL-SNN]   [Step 0/500] (0.0%) | Val Acc: 0.1542 | Test Acc: 0.1595 | VRAM (Alloc/Reserved): 44.3/64.0 MiB | Time: 3.9s
[ByzFL-SNN]   [Step 50/500] (10.0%) | Val Acc: 0.8730 | Test Acc: 0.8825 | VRAM (Alloc/Reserved): 91.7/550.0 MiB | Time: 31.2s
[ByzFL-SNN]   [Step 100/500] (20.0%) | Val Acc: 0.9163 | Test Acc: 0.9224 | VRAM (Alloc/Reserved): 92.6/550.0 MiB | Time: 57.7s
[ByzFL-SNN]   [Step 150/500] (30.0%) | Val Acc: 0.9414 | Test Acc: 0.9462 | VRAM (Alloc/Reserved): 91.4/550.0 MiB | Time: 84.9s
[ByzFL-SNN]   [Step 200/500] (40.0%) | Val Acc: 0.9527 | Test Acc: 0.9571 | VRAM (Alloc/Reserved): 93.2/550.0 MiB | Time: 112.1s
[ByzFL-SNN]   [Step 250/500] (50.0%) | Val Acc: 0.9617 | Test Acc: 0.9644 | VRAM (Alloc/Reserved): 92.6/550.0 MiB | Time: 139.3s
[ByzFL-SNN]   [Step 300/500] (60.0%) | Val Acc: 0.9728 | Test Acc: 0.9739 | VRAM (Alloc/Reserved): 92.4/550.0 MiB | Time: 166.5s
[ByzFL-SNN]   [Step 350/500] (70.0%) | Val Acc: 0.9780 | Test Acc: 0.9803 | VRAM (Alloc/Reserved): 92.8/550.0 MiB | Time: 193.7s
[ByzFL-SNN]   [Step 400/500] (80.0%) | Val Acc: 0.9775 | Test Acc: 0.9813 | VRAM (Alloc/Reserved): 91.9/550.0 MiB | Time: 222.0s
[ByzFL-SNN]   [Step 450/500] (90.0%) | Val Acc: 0.9805 | Test Acc: 0.9836 | VRAM (Alloc/Reserved): 92.3/550.0 MiB | Time: 249.7s
[ByzFL-SNN] [Training Complete] Peak VRAM (Alloc/Reserved): 347.9/550.0 MiB | Total time: 269.9s

Training 25 done

[ByzFL-SNN] [Training Start] Model: cnn_mnist | Dataset: mnist
[ByzFL-SNN]   Aggregator: GeometricMedian | Attack: Optimal_ALittleIsEnough_neg1
[ByzFL-SNN]   Distribution: gamma_similarity_niid (gamma=0.0)
[ByzFL-SNN]   Clients: 10 honest, 0 byzantine | Algorithm: DSGD
[ByzFL-SNN]   Learning Rate: 0.15 | Steps: 500 | Device: cuda:1
[ByzFL-SNN]   Validation samples: 12000 | Test samples: 10000
[ByzFL-SNN] Initial VRAM (Alloc/Reserved): 36.1/42.0 MiB
[ByzFL-SNN]   [Step 0/500] (0.0%) | Val Acc: 0.1542 | Test Acc: 0.1595 | VRAM (Alloc/Reserved): 44.3/64.0 MiB | Time: 3.1s
[ByzFL-SNN]   [Step 50/500] (10.0%) | Val Acc: 0.8594 | Test Acc: 0.8641 | VRAM (Alloc/Reserved): 91.7/548.0 MiB | Time: 30.5s
[ByzFL-SNN]   [Step 100/500] (20.0%) | Val Acc: 0.9026 | Test Acc: 0.9099 | VRAM (Alloc/Reserved): 92.6/548.0 MiB | Time: 57.4s
[ByzFL-SNN]   [Step 150/500] (30.0%) | Val Acc: 0.9308 | Test Acc: 0.9373 | VRAM (Alloc/Reserved): 91.4/548.0 MiB | Time: 84.7s
[ByzFL-SNN]   [Step 200/500] (40.0%) | Val Acc: 0.9497 | Test Acc: 0.9553 | VRAM (Alloc/Reserved): 93.2/548.0 MiB | Time: 111.8s
[ByzFL-SNN]   [Step 250/500] (50.0%) | Val Acc: 0.9623 | Test Acc: 0.9673 | VRAM (Alloc/Reserved): 92.6/548.0 MiB | Time: 139.3s
[ByzFL-SNN]   [Step 300/500] (60.0%) | Val Acc: 0.9692 | Test Acc: 0.9711 | VRAM (Alloc/Reserved): 92.4/548.0 MiB | Time: 166.7s
[ByzFL-SNN]   [Step 350/500] (70.0%) | Val Acc: 0.9726 | Test Acc: 0.9760 | VRAM (Alloc/Reserved): 92.8/548.0 MiB | Time: 193.9s
[ByzFL-SNN]   [Step 400/500] (80.0%) | Val Acc: 0.9778 | Test Acc: 0.9812 | VRAM (Alloc/Reserved): 91.9/548.0 MiB | Time: 221.6s
[ByzFL-SNN]   [Step 450/500] (90.0%) | Val Acc: 0.9705 | Test Acc: 0.9752 | VRAM (Alloc/Reserved): 92.3/548.0 MiB | Time: 249.3s
[ByzFL-SNN] [Training Complete] Peak VRAM (Alloc/Reserved): 347.9/548.0 MiB | Total time: 269.6s

Training 26 done

[ByzFL-SNN] [Training Start] Model: cnn_mnist | Dataset: mnist
[ByzFL-SNN]   Aggregator: GeometricMedian | Attack: Optimal_ALittleIsEnough_neg1
[ByzFL-SNN]   Distribution: gamma_similarity_niid (gamma=0.0)
[ByzFL-SNN]   Clients: 10 honest, 0 byzantine | Algorithm: DSGD
[ByzFL-SNN]   Learning Rate: 0.15 | Steps: 500 | Device: cuda:0
[ByzFL-SNN]   Validation samples: 12000 | Test samples: 10000
[ByzFL-SNN] Initial VRAM (Alloc/Reserved): 36.1/42.0 MiB
[ByzFL-SNN]   [Step 0/500] (0.0%) | Val Acc: 0.1542 | Test Acc: 0.1595 | VRAM (Alloc/Reserved): 44.3/64.0 MiB | Time: 3.6s
[ByzFL-SNN]   [Step 50/500] (10.0%) | Val Acc: 0.8584 | Test Acc: 0.8606 | VRAM (Alloc/Reserved): 91.7/548.0 MiB | Time: 30.7s
[ByzFL-SNN]   [Step 100/500] (20.0%) | Val Acc: 0.8948 | Test Acc: 0.9022 | VRAM (Alloc/Reserved): 92.6/548.0 MiB | Time: 57.4s
[ByzFL-SNN]   [Step 150/500] (30.0%) | Val Acc: 0.9351 | Test Acc: 0.9381 | VRAM (Alloc/Reserved): 91.4/548.0 MiB | Time: 84.3s
[ByzFL-SNN]   [Step 200/500] (40.0%) | Val Acc: 0.9505 | Test Acc: 0.9559 | VRAM (Alloc/Reserved): 93.2/548.0 MiB | Time: 112.2s
[ByzFL-SNN]   [Step 250/500] (50.0%) | Val Acc: 0.9596 | Test Acc: 0.9665 | VRAM (Alloc/Reserved): 92.6/548.0 MiB | Time: 139.4s
[ByzFL-SNN]   [Step 300/500] (60.0%) | Val Acc: 0.9699 | Test Acc: 0.9733 | VRAM (Alloc/Reserved): 92.4/548.0 MiB | Time: 166.6s
[ByzFL-SNN]   [Step 350/500] (70.0%) | Val Acc: 0.9698 | Test Acc: 0.9719 | VRAM (Alloc/Reserved): 92.8/548.0 MiB | Time: 193.6s
[ByzFL-SNN]   [Step 400/500] (80.0%) | Val Acc: 0.9769 | Test Acc: 0.9816 | VRAM (Alloc/Reserved): 91.9/548.0 MiB | Time: 220.8s
[ByzFL-SNN]   [Step 450/500] (90.0%) | Val Acc: 0.9752 | Test Acc: 0.9814 | VRAM (Alloc/Reserved): 92.3/548.0 MiB | Time: 248.2s
[ByzFL-SNN] [Training Complete] Peak VRAM (Alloc/Reserved): 347.9/548.0 MiB | Total time: 269.4s

Training 27 done

[ByzFL-SNN] [Training Start] Model: cnn_mnist | Dataset: mnist
[ByzFL-SNN]   Aggregator: GeometricMedian | Attack: SignFlipping
[ByzFL-SNN]   Distribution: gamma_similarity_niid (gamma=0.33)
[ByzFL-SNN]   Clients: 10 honest, 0 byzantine | Algorithm: DSGD
[ByzFL-SNN]   Learning Rate: 0.15 | Steps: 500 | Device: cuda:0
[ByzFL-SNN]   Validation samples: 12000 | Test samples: 10000
[ByzFL-SNN] Initial VRAM (Alloc/Reserved): 36.1/42.0 MiB
[ByzFL-SNN]   [Step 0/500] (0.0%) | Val Acc: 0.1542 | Test Acc: 0.1595 | VRAM (Alloc/Reserved): 44.3/64.0 MiB | Time: 4.1s
[ByzFL-SNN]   [Step 50/500] (10.0%) | Val Acc: 0.8730 | Test Acc: 0.8825 | VRAM (Alloc/Reserved): 91.7/550.0 MiB | Time: 31.6s
[ByzFL-SNN]   [Step 100/500] (20.0%) | Val Acc: 0.9163 | Test Acc: 0.9224 | VRAM (Alloc/Reserved): 92.6/550.0 MiB | Time: 58.4s
[ByzFL-SNN]   [Step 150/500] (30.0%) | Val Acc: 0.9414 | Test Acc: 0.9462 | VRAM (Alloc/Reserved): 91.4/550.0 MiB | Time: 85.7s
[ByzFL-SNN]   [Step 200/500] (40.0%) | Val Acc: 0.9527 | Test Acc: 0.9571 | VRAM (Alloc/Reserved): 93.2/550.0 MiB | Time: 112.8s
[ByzFL-SNN]   [Step 250/500] (50.0%) | Val Acc: 0.9617 | Test Acc: 0.9644 | VRAM (Alloc/Reserved): 92.6/550.0 MiB | Time: 140.2s
[ByzFL-SNN]   [Step 300/500] (60.0%) | Val Acc: 0.9728 | Test Acc: 0.9739 | VRAM (Alloc/Reserved): 92.4/550.0 MiB | Time: 167.7s
[ByzFL-SNN]   [Step 350/500] (70.0%) | Val Acc: 0.9780 | Test Acc: 0.9803 | VRAM (Alloc/Reserved): 92.8/550.0 MiB | Time: 194.9s
[ByzFL-SNN]   [Step 400/500] (80.0%) | Val Acc: 0.9775 | Test Acc: 0.9813 | VRAM (Alloc/Reserved): 91.9/550.0 MiB | Time: 222.1s
[ByzFL-SNN]   [Step 450/500] (90.0%) | Val Acc: 0.9805 | Test Acc: 0.9836 | VRAM (Alloc/Reserved): 92.3/550.0 MiB | Time: 250.3s
[ByzFL-SNN] [Training Complete] Peak VRAM (Alloc/Reserved): 347.9/550.0 MiB | Total time: 271.4s

Training 28 done

[ByzFL-SNN] [Training Start] Model: cnn_mnist | Dataset: mnist
[ByzFL-SNN]   Aggregator: GeometricMedian | Attack: Optimal_InnerProductManipulation
[ByzFL-SNN]   Distribution: gamma_similarity_niid (gamma=0.66)
[ByzFL-SNN]   Clients: 10 honest, 0 byzantine | Algorithm: DSGD
[ByzFL-SNN]   Learning Rate: 0.15 | Steps: 500 | Device: cuda:1
[ByzFL-SNN]   Validation samples: 12000 | Test samples: 10000
[ByzFL-SNN] Initial VRAM (Alloc/Reserved): 36.1/42.0 MiB
[ByzFL-SNN]   [Step 0/500] (0.0%) | Val Acc: 0.1542 | Test Acc: 0.1595 | VRAM (Alloc/Reserved): 44.3/64.0 MiB | Time: 4.9s
[ByzFL-SNN]   [Step 50/500] (10.0%) | Val Acc: 0.8752 | Test Acc: 0.8861 | VRAM (Alloc/Reserved): 91.7/552.0 MiB | Time: 32.6s
[ByzFL-SNN]   [Step 100/500] (20.0%) | Val Acc: 0.9213 | Test Acc: 0.9282 | VRAM (Alloc/Reserved): 92.6/552.0 MiB | Time: 59.7s
[ByzFL-SNN]   [Step 150/500] (30.0%) | Val Acc: 0.9440 | Test Acc: 0.9495 | VRAM (Alloc/Reserved): 91.4/552.0 MiB | Time: 86.9s
[ByzFL-SNN]   [Step 200/500] (40.0%) | Val Acc: 0.9591 | Test Acc: 0.9643 | VRAM (Alloc/Reserved): 93.2/552.0 MiB | Time: 113.9s
[ByzFL-SNN]   [Step 250/500] (50.0%) | Val Acc: 0.9684 | Test Acc: 0.9709 | VRAM (Alloc/Reserved): 92.6/552.0 MiB | Time: 141.6s
[ByzFL-SNN]   [Step 300/500] (60.0%) | Val Acc: 0.9706 | Test Acc: 0.9754 | VRAM (Alloc/Reserved): 92.4/552.0 MiB | Time: 169.2s
[ByzFL-SNN]   [Step 350/500] (70.0%) | Val Acc: 0.9765 | Test Acc: 0.9788 | VRAM (Alloc/Reserved): 92.8/552.0 MiB | Time: 196.6s
[ByzFL-SNN]   [Step 400/500] (80.0%) | Val Acc: 0.9749 | Test Acc: 0.9774 | VRAM (Alloc/Reserved): 91.9/552.0 MiB | Time: 224.2s
[ByzFL-SNN]   [Step 450/500] (90.0%) | Val Acc: 0.9800 | Test Acc: 0.9810 | VRAM (Alloc/Reserved): 92.3/552.0 MiB | Time: 251.7s
[ByzFL-SNN] [Training Complete] Peak VRAM (Alloc/Reserved): 347.9/552.0 MiB | Total time: 271.5s

Training 29 done

[ByzFL-SNN] [Training Start] Model: cnn_mnist | Dataset: mnist
[ByzFL-SNN]   Aggregator: GeometricMedian | Attack: SignFlipping
[ByzFL-SNN]   Distribution: gamma_similarity_niid (gamma=0.0)
[ByzFL-SNN]   Clients: 10 honest, 0 byzantine | Algorithm: DSGD
[ByzFL-SNN]   Learning Rate: 0.15 | Steps: 500 | Device: cuda:0
[ByzFL-SNN]   Validation samples: 12000 | Test samples: 10000
[ByzFL-SNN] Initial VRAM (Alloc/Reserved): 36.1/42.0 MiB
[ByzFL-SNN]   [Step 0/500] (0.0%) | Val Acc: 0.1542 | Test Acc: 0.1595 | VRAM (Alloc/Reserved): 44.3/64.0 MiB | Time: 3.2s
[ByzFL-SNN]   [Step 50/500] (10.0%) | Val Acc: 0.8532 | Test Acc: 0.8585 | VRAM (Alloc/Reserved): 91.7/548.0 MiB | Time: 20.7s
[ByzFL-SNN]   [Step 100/500] (20.0%) | Val Acc: 0.9037 | Test Acc: 0.9105 | VRAM (Alloc/Reserved): 92.6/548.0 MiB | Time: 51.9s
[ByzFL-SNN]   [Step 150/500] (30.0%) | Val Acc: 0.9307 | Test Acc: 0.9382 | VRAM (Alloc/Reserved): 91.4/548.0 MiB | Time: 83.3s
[ByzFL-SNN]   [Step 200/500] (40.0%) | Val Acc: 0.9504 | Test Acc: 0.9551 | VRAM (Alloc/Reserved): 93.2/548.0 MiB | Time: 113.3s
[ByzFL-SNN]   [Step 250/500] (50.0%) | Val Acc: 0.9578 | Test Acc: 0.9641 | VRAM (Alloc/Reserved): 92.6/548.0 MiB | Time: 143.4s
[ByzFL-SNN]   [Step 300/500] (60.0%) | Val Acc: 0.9685 | Test Acc: 0.9728 | VRAM (Alloc/Reserved): 92.4/548.0 MiB | Time: 173.6s
[ByzFL-SNN]   [Step 350/500] (70.0%) | Val Acc: 0.9715 | Test Acc: 0.9749 | VRAM (Alloc/Reserved): 92.8/548.0 MiB | Time: 203.3s
[ByzFL-SNN]   [Step 400/500] (80.0%) | Val Acc: 0.9742 | Test Acc: 0.9754 | VRAM (Alloc/Reserved): 91.9/548.0 MiB | Time: 232.7s
[ByzFL-SNN]   [Step 450/500] (90.0%) | Val Acc: 0.9758 | Test Acc: 0.9795 | VRAM (Alloc/Reserved): 92.3/548.0 MiB | Time: 262.9s
[ByzFL-SNN] [Training Complete] Peak VRAM (Alloc/Reserved): 347.9/548.0 MiB | Total time: 289.7s

Training 30 done

[ByzFL-SNN] [Training Start] Model: cnn_mnist | Dataset: mnist
[ByzFL-SNN]   Aggregator: GeometricMedian | Attack: SignFlipping
[ByzFL-SNN]   Distribution: gamma_similarity_niid (gamma=0.0)
[ByzFL-SNN]   Clients: 10 honest, 0 byzantine | Algorithm: DSGD
[ByzFL-SNN]   Learning Rate: 0.15 | Steps: 500 | Device: cuda:0
[ByzFL-SNN]   Validation samples: 12000 | Test samples: 10000
[ByzFL-SNN] Initial VRAM (Alloc/Reserved): 36.1/42.0 MiB
[ByzFL-SNN]   [Step 0/500] (0.0%) | Val Acc: 0.1542 | Test Acc: 0.1595 | VRAM (Alloc/Reserved): 44.3/64.0 MiB | Time: 3.0s
[ByzFL-SNN]   [Step 50/500] (10.0%) | Val Acc: 0.8594 | Test Acc: 0.8641 | VRAM (Alloc/Reserved): 91.7/548.0 MiB | Time: 27.9s
[ByzFL-SNN]   [Step 100/500] (20.0%) | Val Acc: 0.9026 | Test Acc: 0.9099 | VRAM (Alloc/Reserved): 92.6/548.0 MiB | Time: 58.1s
[ByzFL-SNN]   [Step 150/500] (30.0%) | Val Acc: 0.9308 | Test Acc: 0.9373 | VRAM (Alloc/Reserved): 91.4/548.0 MiB | Time: 88.4s
[ByzFL-SNN]   [Step 200/500] (40.0%) | Val Acc: 0.9497 | Test Acc: 0.9553 | VRAM (Alloc/Reserved): 93.2/548.0 MiB | Time: 117.1s
[ByzFL-SNN]   [Step 250/500] (50.0%) | Val Acc: 0.9623 | Test Acc: 0.9673 | VRAM (Alloc/Reserved): 92.6/548.0 MiB | Time: 147.0s
[ByzFL-SNN]   [Step 300/500] (60.0%) | Val Acc: 0.9692 | Test Acc: 0.9711 | VRAM (Alloc/Reserved): 92.4/548.0 MiB | Time: 177.2s
[ByzFL-SNN]   [Step 350/500] (70.0%) | Val Acc: 0.9726 | Test Acc: 0.9760 | VRAM (Alloc/Reserved): 92.8/548.0 MiB | Time: 206.8s
[ByzFL-SNN]   [Step 400/500] (80.0%) | Val Acc: 0.9778 | Test Acc: 0.9812 | VRAM (Alloc/Reserved): 91.9/548.0 MiB | Time: 236.3s
[ByzFL-SNN]   [Step 450/500] (90.0%) | Val Acc: 0.9705 | Test Acc: 0.9752 | VRAM (Alloc/Reserved): 92.3/548.0 MiB | Time: 266.8s
[ByzFL-SNN] [Training Complete] Peak VRAM (Alloc/Reserved): 347.9/548.0 MiB | Total time: 293.5s

Training 31 done

[ByzFL-SNN] [Training Start] Model: cnn_mnist | Dataset: mnist
[ByzFL-SNN]   Aggregator: GeometricMedian | Attack: SignFlipping
[ByzFL-SNN]   Distribution: gamma_similarity_niid (gamma=0.0)
[ByzFL-SNN]   Clients: 10 honest, 0 byzantine | Algorithm: DSGD
[ByzFL-SNN]   Learning Rate: 0.15 | Steps: 500 | Device: cuda:1
[ByzFL-SNN]   Validation samples: 12000 | Test samples: 10000
[ByzFL-SNN] Initial VRAM (Alloc/Reserved): 36.1/42.0 MiB
[ByzFL-SNN]   [Step 0/500] (0.0%) | Val Acc: 0.1542 | Test Acc: 0.1595 | VRAM (Alloc/Reserved): 44.3/64.0 MiB | Time: 3.1s
[ByzFL-SNN]   [Step 50/500] (10.0%) | Val Acc: 0.8584 | Test Acc: 0.8606 | VRAM (Alloc/Reserved): 91.7/548.0 MiB | Time: 25.6s
[ByzFL-SNN]   [Step 100/500] (20.0%) | Val Acc: 0.8948 | Test Acc: 0.9022 | VRAM (Alloc/Reserved): 92.6/548.0 MiB | Time: 56.3s
[ByzFL-SNN]   [Step 150/500] (30.0%) | Val Acc: 0.9351 | Test Acc: 0.9381 | VRAM (Alloc/Reserved): 91.4/548.0 MiB | Time: 87.5s
[ByzFL-SNN]   [Step 200/500] (40.0%) | Val Acc: 0.9505 | Test Acc: 0.9559 | VRAM (Alloc/Reserved): 93.2/548.0 MiB | Time: 116.8s
[ByzFL-SNN]   [Step 250/500] (50.0%) | Val Acc: 0.9596 | Test Acc: 0.9665 | VRAM (Alloc/Reserved): 92.6/548.0 MiB | Time: 147.4s
[ByzFL-SNN]   [Step 300/500] (60.0%) | Val Acc: 0.9699 | Test Acc: 0.9733 | VRAM (Alloc/Reserved): 92.4/548.0 MiB | Time: 177.8s
[ByzFL-SNN]   [Step 350/500] (70.0%) | Val Acc: 0.9698 | Test Acc: 0.9719 | VRAM (Alloc/Reserved): 92.8/548.0 MiB | Time: 208.0s
[ByzFL-SNN]   [Step 400/500] (80.0%) | Val Acc: 0.9769 | Test Acc: 0.9816 | VRAM (Alloc/Reserved): 91.9/548.0 MiB | Time: 237.7s
[ByzFL-SNN]   [Step 450/500] (90.0%) | Val Acc: 0.9752 | Test Acc: 0.9814 | VRAM (Alloc/Reserved): 92.3/548.0 MiB | Time: 268.1s
[ByzFL-SNN] [Training Complete] Peak VRAM (Alloc/Reserved): 347.9/548.0 MiB | Total time: 294.7s

Training 32 done

[ByzFL-SNN] [Training Start] Model: cnn_mnist | Dataset: mnist
[ByzFL-SNN]   Aggregator: GeometricMedian | Attack: Optimal_InnerProductManipulation
[ByzFL-SNN]   Distribution: gamma_similarity_niid (gamma=0.0)
[ByzFL-SNN]   Clients: 10 honest, 0 byzantine | Algorithm: DSGD
[ByzFL-SNN]   Learning Rate: 0.15 | Steps: 500 | Device: cuda:1
[ByzFL-SNN]   Validation samples: 12000 | Test samples: 10000
[ByzFL-SNN] Initial VRAM (Alloc/Reserved): 36.1/42.0 MiB
[ByzFL-SNN]   [Step 0/500] (0.0%) | Val Acc: 0.1542 | Test Acc: 0.1595 | VRAM (Alloc/Reserved): 44.3/64.0 MiB | Time: 3.2s
[ByzFL-SNN]   [Step 50/500] (10.0%) | Val Acc: 0.8532 | Test Acc: 0.8585 | VRAM (Alloc/Reserved): 91.7/548.0 MiB | Time: 32.0s
[ByzFL-SNN]   [Step 100/500] (20.0%) | Val Acc: 0.9037 | Test Acc: 0.9105 | VRAM (Alloc/Reserved): 92.6/548.0 MiB | Time: 62.4s
[ByzFL-SNN]   [Step 150/500] (30.0%) | Val Acc: 0.9307 | Test Acc: 0.9382 | VRAM (Alloc/Reserved): 91.4/548.0 MiB | Time: 92.3s
[ByzFL-SNN]   [Step 200/500] (40.0%) | Val Acc: 0.9504 | Test Acc: 0.9551 | VRAM (Alloc/Reserved): 93.2/548.0 MiB | Time: 120.6s
[ByzFL-SNN]   [Step 250/500] (50.0%) | Val Acc: 0.9578 | Test Acc: 0.9641 | VRAM (Alloc/Reserved): 92.6/548.0 MiB | Time: 150.4s
[ByzFL-SNN]   [Step 300/500] (60.0%) | Val Acc: 0.9685 | Test Acc: 0.9728 | VRAM (Alloc/Reserved): 92.4/548.0 MiB | Time: 179.6s
[ByzFL-SNN]   [Step 350/500] (70.0%) | Val Acc: 0.9715 | Test Acc: 0.9749 | VRAM (Alloc/Reserved): 92.8/548.0 MiB | Time: 208.1s
[ByzFL-SNN]   [Step 400/500] (80.0%) | Val Acc: 0.9742 | Test Acc: 0.9754 | VRAM (Alloc/Reserved): 91.9/548.0 MiB | Time: 237.3s
[ByzFL-SNN]   [Step 450/500] (90.0%) | Val Acc: 0.9758 | Test Acc: 0.9795 | VRAM (Alloc/Reserved): 92.3/548.0 MiB | Time: 267.2s
[ByzFL-SNN] [Training Complete] Peak VRAM (Alloc/Reserved): 347.9/548.0 MiB | Total time: 293.4s

Training 33 done

[ByzFL-SNN] [Training Start] Model: cnn_mnist | Dataset: mnist
[ByzFL-SNN]   Aggregator: GeometricMedian | Attack: Optimal_InnerProductManipulation
[ByzFL-SNN]   Distribution: gamma_similarity_niid (gamma=0.0)
[ByzFL-SNN]   Clients: 10 honest, 0 byzantine | Algorithm: DSGD
[ByzFL-SNN]   Learning Rate: 0.15 | Steps: 500 | Device: cuda:1
[ByzFL-SNN]   Validation samples: 12000 | Test samples: 10000
[ByzFL-SNN] Initial VRAM (Alloc/Reserved): 36.1/42.0 MiB
[ByzFL-SNN]   [Step 0/500] (0.0%) | Val Acc: 0.1542 | Test Acc: 0.1595 | VRAM (Alloc/Reserved): 44.3/64.0 MiB | Time: 3.0s
[ByzFL-SNN]   [Step 50/500] (10.0%) | Val Acc: 0.8594 | Test Acc: 0.8641 | VRAM (Alloc/Reserved): 91.7/548.0 MiB | Time: 32.6s
[ByzFL-SNN]   [Step 100/500] (20.0%) | Val Acc: 0.9026 | Test Acc: 0.9099 | VRAM (Alloc/Reserved): 92.6/548.0 MiB | Time: 63.0s
[ByzFL-SNN]   [Step 150/500] (30.0%) | Val Acc: 0.9308 | Test Acc: 0.9373 | VRAM (Alloc/Reserved): 91.4/548.0 MiB | Time: 93.5s
[ByzFL-SNN]   [Step 200/500] (40.0%) | Val Acc: 0.9497 | Test Acc: 0.9553 | VRAM (Alloc/Reserved): 93.2/548.0 MiB | Time: 122.3s
[ByzFL-SNN]   [Step 250/500] (50.0%) | Val Acc: 0.9623 | Test Acc: 0.9673 | VRAM (Alloc/Reserved): 92.6/548.0 MiB | Time: 151.9s
[ByzFL-SNN]   [Step 300/500] (60.0%) | Val Acc: 0.9692 | Test Acc: 0.9711 | VRAM (Alloc/Reserved): 92.4/548.0 MiB | Time: 181.6s
[ByzFL-SNN]   [Step 350/500] (70.0%) | Val Acc: 0.9726 | Test Acc: 0.9760 | VRAM (Alloc/Reserved): 92.8/548.0 MiB | Time: 210.5s
[ByzFL-SNN]   [Step 400/500] (80.0%) | Val Acc: 0.9778 | Test Acc: 0.9812 | VRAM (Alloc/Reserved): 91.9/548.0 MiB | Time: 239.8s
[ByzFL-SNN]   [Step 450/500] (90.0%) | Val Acc: 0.9705 | Test Acc: 0.9752 | VRAM (Alloc/Reserved): 92.3/548.0 MiB | Time: 269.6s
[ByzFL-SNN] [Training Complete] Peak VRAM (Alloc/Reserved): 347.9/548.0 MiB | Total time: 295.4s

Training 34 done

[ByzFL-SNN] [Training Start] Model: cnn_mnist | Dataset: mnist
[ByzFL-SNN]   Aggregator: GeometricMedian | Attack: Optimal_InnerProductManipulation
[ByzFL-SNN]   Distribution: gamma_similarity_niid (gamma=0.0)
[ByzFL-SNN]   Clients: 10 honest, 0 byzantine | Algorithm: DSGD
[ByzFL-SNN]   Learning Rate: 0.15 | Steps: 500 | Device: cuda:0
[ByzFL-SNN]   Validation samples: 12000 | Test samples: 10000
[ByzFL-SNN] Initial VRAM (Alloc/Reserved): 36.1/42.0 MiB
[ByzFL-SNN]   [Step 0/500] (0.0%) | Val Acc: 0.1542 | Test Acc: 0.1595 | VRAM (Alloc/Reserved): 44.3/64.0 MiB | Time: 4.7s
[ByzFL-SNN]   [Step 50/500] (10.0%) | Val Acc: 0.8584 | Test Acc: 0.8606 | VRAM (Alloc/Reserved): 91.7/548.0 MiB | Time: 34.4s
[ByzFL-SNN]   [Step 100/500] (20.0%) | Val Acc: 0.8948 | Test Acc: 0.9022 | VRAM (Alloc/Reserved): 92.6/548.0 MiB | Time: 65.5s
[ByzFL-SNN]   [Step 150/500] (30.0%) | Val Acc: 0.9351 | Test Acc: 0.9381 | VRAM (Alloc/Reserved): 91.4/548.0 MiB | Time: 96.8s
[ByzFL-SNN]   [Step 200/500] (40.0%) | Val Acc: 0.9505 | Test Acc: 0.9559 | VRAM (Alloc/Reserved): 93.2/548.0 MiB | Time: 125.9s
[ByzFL-SNN]   [Step 250/500] (50.0%) | Val Acc: 0.9596 | Test Acc: 0.9665 | VRAM (Alloc/Reserved): 92.6/548.0 MiB | Time: 156.2s
[ByzFL-SNN]   [Step 300/500] (60.0%) | Val Acc: 0.9699 | Test Acc: 0.9733 | VRAM (Alloc/Reserved): 92.4/548.0 MiB | Time: 186.2s
[ByzFL-SNN]   [Step 350/500] (70.0%) | Val Acc: 0.9698 | Test Acc: 0.9719 | VRAM (Alloc/Reserved): 92.8/548.0 MiB | Time: 215.5s
[ByzFL-SNN]   [Step 400/500] (80.0%) | Val Acc: 0.9769 | Test Acc: 0.9816 | VRAM (Alloc/Reserved): 91.9/548.0 MiB | Time: 245.0s
[ByzFL-SNN]   [Step 450/500] (90.0%) | Val Acc: 0.9752 | Test Acc: 0.9814 | VRAM (Alloc/Reserved): 92.3/548.0 MiB | Time: 275.1s
[ByzFL-SNN] [Training Complete] Peak VRAM (Alloc/Reserved): 347.9/548.0 MiB | Total time: 300.9s

Training 35 done

[ByzFL-SNN] [Training Start] Model: cnn_mnist | Dataset: mnist
[ByzFL-SNN]   Aggregator: GeometricMedian | Attack: SignFlipping
[ByzFL-SNN]   Distribution: gamma_similarity_niid (gamma=1.0)
[ByzFL-SNN]   Clients: 10 honest, 1 byzantine | Algorithm: DSGD
[ByzFL-SNN]   Learning Rate: 0.15 | Steps: 500 | Device: cuda:1
[ByzFL-SNN]   Validation samples: 12000 | Test samples: 10000
[ByzFL-SNN] Initial VRAM (Alloc/Reserved): 36.1/42.0 MiB
[ByzFL-SNN]   [Step 0/500] (0.0%) | Val Acc: 0.1542 | Test Acc: 0.1595 | VRAM (Alloc/Reserved): 44.3/64.0 MiB | Time: 3.8s
[ByzFL-SNN]   [Step 50/500] (10.0%) | Val Acc: 0.8668 | Test Acc: 0.8733 | VRAM (Alloc/Reserved): 93.7/570.0 MiB | Time: 32.5s
[ByzFL-SNN]   [Step 100/500] (20.0%) | Val Acc: 0.9052 | Test Acc: 0.9128 | VRAM (Alloc/Reserved): 94.4/570.0 MiB | Time: 64.8s
[ByzFL-SNN]   [Step 150/500] (30.0%) | Val Acc: 0.9197 | Test Acc: 0.9281 | VRAM (Alloc/Reserved): 95.0/570.0 MiB | Time: 96.7s
[ByzFL-SNN]   [Step 200/500] (40.0%) | Val Acc: 0.9304 | Test Acc: 0.9371 | VRAM (Alloc/Reserved): 94.4/570.0 MiB | Time: 127.6s
[ByzFL-SNN]   [Step 250/500] (50.0%) | Val Acc: 0.9406 | Test Acc: 0.9459 | VRAM (Alloc/Reserved): 94.5/570.0 MiB | Time: 159.6s
[ByzFL-SNN]   [Step 300/500] (60.0%) | Val Acc: 0.9495 | Test Acc: 0.9540 | VRAM (Alloc/Reserved): 94.3/570.0 MiB | Time: 191.2s
[ByzFL-SNN]   [Step 350/500] (70.0%) | Val Acc: 0.9543 | Test Acc: 0.9585 | VRAM (Alloc/Reserved): 93.6/570.0 MiB | Time: 221.6s
[ByzFL-SNN]   [Step 400/500] (80.0%) | Val Acc: 0.9586 | Test Acc: 0.9649 | VRAM (Alloc/Reserved): 94.4/570.0 MiB | Time: 253.3s
[ByzFL-SNN]   [Step 450/500] (90.0%) | Val Acc: 0.9627 | Test Acc: 0.9671 | VRAM (Alloc/Reserved): 93.7/570.0 MiB | Time: 284.7s
[ByzFL-SNN] [Training Complete] Peak VRAM (Alloc/Reserved): 350.7/570.0 MiB | Total time: 309.8s

Training 36 done

[ByzFL-SNN] [Training Start] Model: cnn_mnist | Dataset: mnist
[ByzFL-SNN]   Aggregator: GeometricMedian | Attack: SignFlipping
[ByzFL-SNN]   Distribution: gamma_similarity_niid (gamma=0.66)
[ByzFL-SNN]   Clients: 10 honest, 1 byzantine | Algorithm: DSGD
[ByzFL-SNN]   Learning Rate: 0.15 | Steps: 500 | Device: cuda:1
[ByzFL-SNN]   Validation samples: 12000 | Test samples: 10000
[ByzFL-SNN] Initial VRAM (Alloc/Reserved): 36.1/42.0 MiB
[ByzFL-SNN]   [Step 0/500] (0.0%) | Val Acc: 0.1542 | Test Acc: 0.1595 | VRAM (Alloc/Reserved): 44.3/64.0 MiB | Time: 3.4s
[ByzFL-SNN]   [Step 50/500] (10.0%) | Val Acc: 0.8487 | Test Acc: 0.8568 | VRAM (Alloc/Reserved): 93.7/568.0 MiB | Time: 35.3s
[ByzFL-SNN]   [Step 100/500] (20.0%) | Val Acc: 0.9042 | Test Acc: 0.9114 | VRAM (Alloc/Reserved): 94.4/568.0 MiB | Time: 67.5s
[ByzFL-SNN]   [Step 150/500] (30.0%) | Val Acc: 0.9285 | Test Acc: 0.9371 | VRAM (Alloc/Reserved): 95.0/568.0 MiB | Time: 98.8s
[ByzFL-SNN]   [Step 200/500] (40.0%) | Val Acc: 0.9447 | Test Acc: 0.9499 | VRAM (Alloc/Reserved): 94.4/568.0 MiB | Time: 129.5s
[ByzFL-SNN]   [Step 250/500] (50.0%) | Val Acc: 0.9528 | Test Acc: 0.9589 | VRAM (Alloc/Reserved): 94.5/568.0 MiB | Time: 161.0s
[ByzFL-SNN]   [Step 300/500] (60.0%) | Val Acc: 0.9650 | Test Acc: 0.9688 | VRAM (Alloc/Reserved): 94.3/568.0 MiB | Time: 192.4s
[ByzFL-SNN]   [Step 350/500] (70.0%) | Val Acc: 0.9633 | Test Acc: 0.9695 | VRAM (Alloc/Reserved): 93.6/568.0 MiB | Time: 222.8s
[ByzFL-SNN]   [Step 400/500] (80.0%) | Val Acc: 0.9725 | Test Acc: 0.9762 | VRAM (Alloc/Reserved): 94.4/568.0 MiB | Time: 254.2s
[ByzFL-SNN]   [Step 450/500] (90.0%) | Val Acc: 0.9761 | Test Acc: 0.9793 | VRAM (Alloc/Reserved): 93.7/568.0 MiB | Time: 285.6s
[ByzFL-SNN] [Training Complete] Peak VRAM (Alloc/Reserved): 350.7/568.0 MiB | Total time: 310.3s

Training 37 done

[ByzFL-SNN] [Training Start] Model: cnn_mnist | Dataset: mnist
[ByzFL-SNN]   Aggregator: GeometricMedian | Attack: SignFlipping
[ByzFL-SNN]   Distribution: gamma_similarity_niid (gamma=1.0)
[ByzFL-SNN]   Clients: 10 honest, 1 byzantine | Algorithm: DSGD
[ByzFL-SNN]   Learning Rate: 0.15 | Steps: 500 | Device: cuda:1
[ByzFL-SNN]   Validation samples: 12000 | Test samples: 10000
[ByzFL-SNN] Initial VRAM (Alloc/Reserved): 36.1/42.0 MiB
[ByzFL-SNN]   [Step 0/500] (0.0%) | Val Acc: 0.1542 | Test Acc: 0.1595 | VRAM (Alloc/Reserved): 44.3/64.0 MiB | Time: 3.8s
[ByzFL-SNN]   [Step 50/500] (10.0%) | Val Acc: 0.8712 | Test Acc: 0.8813 | VRAM (Alloc/Reserved): 93.7/570.0 MiB | Time: 33.5s
[ByzFL-SNN]   [Step 100/500] (20.0%) | Val Acc: 0.9008 | Test Acc: 0.9066 | VRAM (Alloc/Reserved): 94.4/570.0 MiB | Time: 66.2s
[ByzFL-SNN]   [Step 150/500] (30.0%) | Val Acc: 0.9200 | Test Acc: 0.9303 | VRAM (Alloc/Reserved): 95.0/570.0 MiB | Time: 98.1s
[ByzFL-SNN]   [Step 200/500] (40.0%) | Val Acc: 0.9319 | Test Acc: 0.9393 | VRAM (Alloc/Reserved): 94.4/570.0 MiB | Time: 129.2s
[ByzFL-SNN]   [Step 250/500] (50.0%) | Val Acc: 0.9442 | Test Acc: 0.9474 | VRAM (Alloc/Reserved): 94.5/570.0 MiB | Time: 161.7s
[ByzFL-SNN]   [Step 300/500] (60.0%) | Val Acc: 0.9516 | Test Acc: 0.9562 | VRAM (Alloc/Reserved): 94.3/570.0 MiB | Time: 193.7s
[ByzFL-SNN]   [Step 350/500] (70.0%) | Val Acc: 0.9557 | Test Acc: 0.9619 | VRAM (Alloc/Reserved): 93.6/570.0 MiB | Time: 224.7s
[ByzFL-SNN]   [Step 400/500] (80.0%) | Val Acc: 0.9629 | Test Acc: 0.9658 | VRAM (Alloc/Reserved): 94.4/570.0 MiB | Time: 256.7s
[ByzFL-SNN]   [Step 450/500] (90.0%) | Val Acc: 0.9638 | Test Acc: 0.9692 | VRAM (Alloc/Reserved): 93.7/570.0 MiB | Time: 288.9s
[ByzFL-SNN] [Training Complete] Peak VRAM (Alloc/Reserved): 350.7/570.0 MiB | Total time: 314.6s

Training 38 done

[ByzFL-SNN] [Training Start] Model: cnn_mnist | Dataset: mnist
[ByzFL-SNN]   Aggregator: GeometricMedian | Attack: SignFlipping
[ByzFL-SNN]   Distribution: gamma_similarity_niid (gamma=1.0)
[ByzFL-SNN]   Clients: 10 honest, 1 byzantine | Algorithm: DSGD
[ByzFL-SNN]   Learning Rate: 0.15 | Steps: 500 | Device: cuda:0
[ByzFL-SNN]   Validation samples: 12000 | Test samples: 10000
[ByzFL-SNN] Initial VRAM (Alloc/Reserved): 36.1/42.0 MiB
[ByzFL-SNN]   [Step 0/500] (0.0%) | Val Acc: 0.1542 | Test Acc: 0.1595 | VRAM (Alloc/Reserved): 44.3/64.0 MiB | Time: 3.8s
[ByzFL-SNN]   [Step 50/500] (10.0%) | Val Acc: 0.8622 | Test Acc: 0.8729 | VRAM (Alloc/Reserved): 93.7/570.0 MiB | Time: 34.3s
[ByzFL-SNN]   [Step 100/500] (20.0%) | Val Acc: 0.9047 | Test Acc: 0.9115 | VRAM (Alloc/Reserved): 94.4/570.0 MiB | Time: 66.8s
[ByzFL-SNN]   [Step 150/500] (30.0%) | Val Acc: 0.9208 | Test Acc: 0.9294 | VRAM (Alloc/Reserved): 95.0/570.0 MiB | Time: 99.2s
[ByzFL-SNN]   [Step 200/500] (40.0%) | Val Acc: 0.9350 | Test Acc: 0.9405 | VRAM (Alloc/Reserved): 94.4/570.0 MiB | Time: 129.6s
[ByzFL-SNN]   [Step 250/500] (50.0%) | Val Acc: 0.9427 | Test Acc: 0.9509 | VRAM (Alloc/Reserved): 94.5/570.0 MiB | Time: 162.0s
[ByzFL-SNN]   [Step 300/500] (60.0%) | Val Acc: 0.9500 | Test Acc: 0.9567 | VRAM (Alloc/Reserved): 94.3/570.0 MiB | Time: 194.7s
[ByzFL-SNN]   [Step 350/500] (70.0%) | Val Acc: 0.9550 | Test Acc: 0.9598 | VRAM (Alloc/Reserved): 93.6/570.0 MiB | Time: 226.2s
[ByzFL-SNN]   [Step 400/500] (80.0%) | Val Acc: 0.9607 | Test Acc: 0.9665 | VRAM (Alloc/Reserved): 94.4/570.0 MiB | Time: 258.5s
[ByzFL-SNN]   [Step 450/500] (90.0%) | Val Acc: 0.9657 | Test Acc: 0.9683 | VRAM (Alloc/Reserved): 93.7/570.0 MiB | Time: 290.6s
[ByzFL-SNN] [Training Complete] Peak VRAM (Alloc/Reserved): 350.7/570.0 MiB | Total time: 318.7s

Training 39 done

[ByzFL-SNN] [Training Start] Model: cnn_mnist | Dataset: mnist
[ByzFL-SNN]   Aggregator: GeometricMedian | Attack: SignFlipping
[ByzFL-SNN]   Distribution: gamma_similarity_niid (gamma=0.33)
[ByzFL-SNN]   Clients: 10 honest, 1 byzantine | Algorithm: DSGD
[ByzFL-SNN]   Learning Rate: 0.15 | Steps: 500 | Device: cuda:1
[ByzFL-SNN]   Validation samples: 12000 | Test samples: 10000
[ByzFL-SNN] Initial VRAM (Alloc/Reserved): 36.1/42.0 MiB
[ByzFL-SNN]   [Step 0/500] (0.0%) | Val Acc: 0.1542 | Test Acc: 0.1595 | VRAM (Alloc/Reserved): 44.3/64.0 MiB | Time: 3.6s
[ByzFL-SNN]   [Step 50/500] (10.0%) | Val Acc: 0.8511 | Test Acc: 0.8585 | VRAM (Alloc/Reserved): 93.7/566.0 MiB | Time: 36.7s
[ByzFL-SNN]   [Step 100/500] (20.0%) | Val Acc: 0.9056 | Test Acc: 0.9144 | VRAM (Alloc/Reserved): 94.4/566.0 MiB | Time: 69.6s
[ByzFL-SNN]   [Step 150/500] (30.0%) | Val Acc: 0.9348 | Test Acc: 0.9385 | VRAM (Alloc/Reserved): 95.0/566.0 MiB | Time: 100.8s
[ByzFL-SNN]   [Step 200/500] (40.0%) | Val Acc: 0.9490 | Test Acc: 0.9540 | VRAM (Alloc/Reserved): 94.4/566.0 MiB | Time: 132.4s
[ByzFL-SNN]   [Step 250/500] (50.0%) | Val Acc: 0.9625 | Test Acc: 0.9655 | VRAM (Alloc/Reserved): 94.5/566.0 MiB | Time: 164.8s
[ByzFL-SNN]   [Step 300/500] (60.0%) | Val Acc: 0.9678 | Test Acc: 0.9710 | VRAM (Alloc/Reserved): 94.3/566.0 MiB | Time: 196.5s
[ByzFL-SNN]   [Step 350/500] (70.0%) | Val Acc: 0.9685 | Test Acc: 0.9747 | VRAM (Alloc/Reserved): 93.6/566.0 MiB | Time: 227.6s
[ByzFL-SNN]   [Step 400/500] (80.0%) | Val Acc: 0.9741 | Test Acc: 0.9773 | VRAM (Alloc/Reserved): 94.4/566.0 MiB | Time: 259.3s
[ByzFL-SNN]   [Step 450/500] (90.0%) | Val Acc: 0.9772 | Test Acc: 0.9800 | VRAM (Alloc/Reserved): 93.7/566.0 MiB | Time: 289.9s
[ByzFL-SNN] [Training Complete] Peak VRAM (Alloc/Reserved): 350.7/566.0 MiB | Total time: 314.7s

Training 40 done

[ByzFL-SNN] [Training Start] Model: cnn_mnist | Dataset: mnist
[ByzFL-SNN]   Aggregator: GeometricMedian | Attack: SignFlipping
[ByzFL-SNN]   Distribution: gamma_similarity_niid (gamma=0.33)
[ByzFL-SNN]   Clients: 10 honest, 1 byzantine | Algorithm: DSGD
[ByzFL-SNN]   Learning Rate: 0.15 | Steps: 500 | Device: cuda:1
[ByzFL-SNN]   Validation samples: 12000 | Test samples: 10000
[ByzFL-SNN] Initial VRAM (Alloc/Reserved): 36.1/42.0 MiB
[ByzFL-SNN]   [Step 0/500] (0.0%) | Val Acc: 0.1542 | Test Acc: 0.1595 | VRAM (Alloc/Reserved): 44.3/64.0 MiB | Time: 4.1s
[ByzFL-SNN]   [Step 50/500] (10.0%) | Val Acc: 0.8374 | Test Acc: 0.8427 | VRAM (Alloc/Reserved): 93.7/566.0 MiB | Time: 36.8s
[ByzFL-SNN]   [Step 100/500] (20.0%) | Val Acc: 0.8936 | Test Acc: 0.9022 | VRAM (Alloc/Reserved): 94.4/566.0 MiB | Time: 69.8s
[ByzFL-SNN]   [Step 150/500] (30.0%) | Val Acc: 0.9315 | Test Acc: 0.9373 | VRAM (Alloc/Reserved): 95.0/566.0 MiB | Time: 101.3s
[ByzFL-SNN]   [Step 200/500] (40.0%) | Val Acc: 0.9487 | Test Acc: 0.9529 | VRAM (Alloc/Reserved): 94.4/566.0 MiB | Time: 133.3s
[ByzFL-SNN]   [Step 250/500] (50.0%) | Val Acc: 0.9577 | Test Acc: 0.9619 | VRAM (Alloc/Reserved): 94.5/566.0 MiB | Time: 165.5s
[ByzFL-SNN]   [Step 300/500] (60.0%) | Val Acc: 0.9672 | Test Acc: 0.9709 | VRAM (Alloc/Reserved): 94.3/566.0 MiB | Time: 197.2s
[ByzFL-SNN]   [Step 350/500] (70.0%) | Val Acc: 0.9706 | Test Acc: 0.9748 | VRAM (Alloc/Reserved): 93.6/566.0 MiB | Time: 227.8s
[ByzFL-SNN]   [Step 400/500] (80.0%) | Val Acc: 0.9698 | Test Acc: 0.9736 | VRAM (Alloc/Reserved): 94.4/566.0 MiB | Time: 259.2s
[ByzFL-SNN]   [Step 450/500] (90.0%) | Val Acc: 0.9710 | Test Acc: 0.9738 | VRAM (Alloc/Reserved): 93.7/566.0 MiB | Time: 290.7s
[ByzFL-SNN] [Training Complete] Peak VRAM (Alloc/Reserved): 350.7/566.0 MiB | Total time: 315.3s

Training 41 done

[ByzFL-SNN] [Training Start] Model: cnn_mnist | Dataset: mnist
[ByzFL-SNN]   Aggregator: GeometricMedian | Attack: SignFlipping
[ByzFL-SNN]   Distribution: gamma_similarity_niid (gamma=0.66)
[ByzFL-SNN]   Clients: 10 honest, 1 byzantine | Algorithm: DSGD
[ByzFL-SNN]   Learning Rate: 0.15 | Steps: 500 | Device: cuda:0
[ByzFL-SNN]   Validation samples: 12000 | Test samples: 10000
[ByzFL-SNN] Initial VRAM (Alloc/Reserved): 36.1/42.0 MiB
[ByzFL-SNN]   [Step 0/500] (0.0%) | Val Acc: 0.1542 | Test Acc: 0.1595 | VRAM (Alloc/Reserved): 44.3/64.0 MiB | Time: 3.5s
[ByzFL-SNN]   [Step 50/500] (10.0%) | Val Acc: 0.8491 | Test Acc: 0.8541 | VRAM (Alloc/Reserved): 93.7/568.0 MiB | Time: 36.7s
[ByzFL-SNN]   [Step 100/500] (20.0%) | Val Acc: 0.9075 | Test Acc: 0.9163 | VRAM (Alloc/Reserved): 94.4/568.0 MiB | Time: 69.8s
[ByzFL-SNN]   [Step 150/500] (30.0%) | Val Acc: 0.9264 | Test Acc: 0.9339 | VRAM (Alloc/Reserved): 95.0/568.0 MiB | Time: 101.9s
[ByzFL-SNN]   [Step 200/500] (40.0%) | Val Acc: 0.9482 | Test Acc: 0.9538 | VRAM (Alloc/Reserved): 94.4/568.0 MiB | Time: 133.3s
[ByzFL-SNN]   [Step 250/500] (50.0%) | Val Acc: 0.9595 | Test Acc: 0.9639 | VRAM (Alloc/Reserved): 94.5/568.0 MiB | Time: 165.4s
[ByzFL-SNN]   [Step 300/500] (60.0%) | Val Acc: 0.9627 | Test Acc: 0.9677 | VRAM (Alloc/Reserved): 94.3/568.0 MiB | Time: 196.9s
[ByzFL-SNN]   [Step 350/500] (70.0%) | Val Acc: 0.9695 | Test Acc: 0.9735 | VRAM (Alloc/Reserved): 93.6/568.0 MiB | Time: 227.6s
[ByzFL-SNN]   [Step 400/500] (80.0%) | Val Acc: 0.9743 | Test Acc: 0.9782 | VRAM (Alloc/Reserved): 94.4/568.0 MiB | Time: 259.4s
[ByzFL-SNN]   [Step 450/500] (90.0%) | Val Acc: 0.9773 | Test Acc: 0.9800 | VRAM (Alloc/Reserved): 93.7/568.0 MiB | Time: 291.5s
[ByzFL-SNN] [Training Complete] Peak VRAM (Alloc/Reserved): 350.7/568.0 MiB | Total time: 319.4s

Training 42 done

[ByzFL-SNN] [Training Start] Model: cnn_mnist | Dataset: mnist
[ByzFL-SNN]   Aggregator: GeometricMedian | Attack: SignFlipping
[ByzFL-SNN]   Distribution: gamma_similarity_niid (gamma=0.33)
[ByzFL-SNN]   Clients: 10 honest, 1 byzantine | Algorithm: DSGD
[ByzFL-SNN]   Learning Rate: 0.15 | Steps: 500 | Device: cuda:0
[ByzFL-SNN]   Validation samples: 12000 | Test samples: 10000
[ByzFL-SNN] Initial VRAM (Alloc/Reserved): 36.1/42.0 MiB
[ByzFL-SNN]   [Step 0/500] (0.0%) | Val Acc: 0.1542 | Test Acc: 0.1595 | VRAM (Alloc/Reserved): 44.3/64.0 MiB | Time: 3.5s
[ByzFL-SNN]   [Step 50/500] (10.0%) | Val Acc: 0.8266 | Test Acc: 0.8369 | VRAM (Alloc/Reserved): 93.7/566.0 MiB | Time: 37.1s
[ByzFL-SNN]   [Step 100/500] (20.0%) | Val Acc: 0.8920 | Test Acc: 0.9005 | VRAM (Alloc/Reserved): 94.4/566.0 MiB | Time: 70.6s
[ByzFL-SNN]   [Step 150/500] (30.0%) | Val Acc: 0.9307 | Test Acc: 0.9363 | VRAM (Alloc/Reserved): 95.0/566.0 MiB | Time: 102.5s
[ByzFL-SNN]   [Step 200/500] (40.0%) | Val Acc: 0.9433 | Test Acc: 0.9485 | VRAM (Alloc/Reserved): 94.4/566.0 MiB | Time: 134.5s
[ByzFL-SNN]   [Step 250/500] (50.0%) | Val Acc: 0.9595 | Test Acc: 0.9635 | VRAM (Alloc/Reserved): 94.5/566.0 MiB | Time: 167.0s
[ByzFL-SNN]   [Step 300/500] (60.0%) | Val Acc: 0.9677 | Test Acc: 0.9717 | VRAM (Alloc/Reserved): 94.3/566.0 MiB | Time: 198.5s
[ByzFL-SNN]   [Step 350/500] (70.0%) | Val Acc: 0.9637 | Test Acc: 0.9672 | VRAM (Alloc/Reserved): 93.6/566.0 MiB | Time: 228.9s
[ByzFL-SNN]   [Step 400/500] (80.0%) | Val Acc: 0.9732 | Test Acc: 0.9774 | VRAM (Alloc/Reserved): 94.4/566.0 MiB | Time: 260.0s
[ByzFL-SNN]   [Step 450/500] (90.0%) | Val Acc: 0.9743 | Test Acc: 0.9800 | VRAM (Alloc/Reserved): 93.7/566.0 MiB | Time: 290.3s
[ByzFL-SNN] [Training Complete] Peak VRAM (Alloc/Reserved): 350.7/566.0 MiB | Total time: 317.2s

Training 43 done

[ByzFL-SNN] [Training Start] Model: cnn_mnist | Dataset: mnist
[ByzFL-SNN]   Aggregator: GeometricMedian | Attack: SignFlipping
[ByzFL-SNN]   Distribution: gamma_similarity_niid (gamma=0.66)
[ByzFL-SNN]   Clients: 10 honest, 1 byzantine | Algorithm: DSGD
[ByzFL-SNN]   Learning Rate: 0.15 | Steps: 500 | Device: cuda:0
[ByzFL-SNN]   Validation samples: 12000 | Test samples: 10000
[ByzFL-SNN] Initial VRAM (Alloc/Reserved): 36.1/42.0 MiB
[ByzFL-SNN]   [Step 0/500] (0.0%) | Val Acc: 0.1542 | Test Acc: 0.1595 | VRAM (Alloc/Reserved): 44.3/64.0 MiB | Time: 4.2s
[ByzFL-SNN]   [Step 50/500] (10.0%) | Val Acc: 0.8611 | Test Acc: 0.8682 | VRAM (Alloc/Reserved): 93.7/568.0 MiB | Time: 36.9s
[ByzFL-SNN]   [Step 100/500] (20.0%) | Val Acc: 0.9105 | Test Acc: 0.9193 | VRAM (Alloc/Reserved): 94.4/568.0 MiB | Time: 70.3s
[ByzFL-SNN]   [Step 150/500] (30.0%) | Val Acc: 0.9274 | Test Acc: 0.9335 | VRAM (Alloc/Reserved): 95.0/568.0 MiB | Time: 102.5s
[ByzFL-SNN]   [Step 200/500] (40.0%) | Val Acc: 0.9451 | Test Acc: 0.9488 | VRAM (Alloc/Reserved): 94.4/568.0 MiB | Time: 134.4s
[ByzFL-SNN]   [Step 250/500] (50.0%) | Val Acc: 0.9608 | Test Acc: 0.9632 | VRAM (Alloc/Reserved): 94.5/568.0 MiB | Time: 167.0s
[ByzFL-SNN]   [Step 300/500] (60.0%) | Val Acc: 0.9665 | Test Acc: 0.9709 | VRAM (Alloc/Reserved): 94.3/568.0 MiB | Time: 199.1s
[ByzFL-SNN]   [Step 350/500] (70.0%) | Val Acc: 0.9710 | Test Acc: 0.9723 | VRAM (Alloc/Reserved): 93.6/568.0 MiB | Time: 229.9s
[ByzFL-SNN]   [Step 400/500] (80.0%) | Val Acc: 0.9700 | Test Acc: 0.9728 | VRAM (Alloc/Reserved): 94.4/568.0 MiB | Time: 261.8s
[ByzFL-SNN]   [Step 450/500] (90.0%) | Val Acc: 0.9772 | Test Acc: 0.9808 | VRAM (Alloc/Reserved): 93.7/568.0 MiB | Time: 293.2s
[ByzFL-SNN] [Training Complete] Peak VRAM (Alloc/Reserved): 350.7/568.0 MiB | Total time: 321.2s

Training 44 done

[ByzFL-SNN] [Training Start] Model: cnn_mnist | Dataset: mnist
[ByzFL-SNN]   Aggregator: GeometricMedian | Attack: SignFlipping
[ByzFL-SNN]   Distribution: gamma_similarity_niid (gamma=0.0)
[ByzFL-SNN]   Clients: 10 honest, 1 byzantine | Algorithm: DSGD
[ByzFL-SNN]   Learning Rate: 0.15 | Steps: 500 | Device: cuda:1
[ByzFL-SNN]   Validation samples: 12000 | Test samples: 10000
[ByzFL-SNN] Initial VRAM (Alloc/Reserved): 36.1/42.0 MiB
[ByzFL-SNN]   [Step 0/500] (0.0%) | Val Acc: 0.1542 | Test Acc: 0.1595 | VRAM (Alloc/Reserved): 44.3/64.0 MiB | Time: 3.5s
[ByzFL-SNN]   [Step 50/500] (10.0%) | Val Acc: 0.7963 | Test Acc: 0.7992 | VRAM (Alloc/Reserved): 93.7/564.0 MiB | Time: 35.9s
[ByzFL-SNN]   [Step 100/500] (20.0%) | Val Acc: 0.8331 | Test Acc: 0.8434 | VRAM (Alloc/Reserved): 94.4/564.0 MiB | Time: 68.2s
[ByzFL-SNN]   [Step 150/500] (30.0%) | Val Acc: 0.8461 | Test Acc: 0.8531 | VRAM (Alloc/Reserved): 95.0/564.0 MiB | Time: 98.8s
[ByzFL-SNN]   [Step 200/500] (40.0%) | Val Acc: 0.8631 | Test Acc: 0.8681 | VRAM (Alloc/Reserved): 94.4/564.0 MiB | Time: 129.6s
[ByzFL-SNN]   [Step 250/500] (50.0%) | Val Acc: 0.8685 | Test Acc: 0.8755 | VRAM (Alloc/Reserved): 94.5/564.0 MiB | Time: 161.1s
[ByzFL-SNN]   [Step 300/500] (60.0%) | Val Acc: 0.8767 | Test Acc: 0.8806 | VRAM (Alloc/Reserved): 94.3/564.0 MiB | Time: 191.8s
[ByzFL-SNN]   [Step 350/500] (70.0%) | Val Acc: 0.8802 | Test Acc: 0.8829 | VRAM (Alloc/Reserved): 93.6/564.0 MiB | Time: 223.4s
[ByzFL-SNN]   [Step 400/500] (80.0%) | Val Acc: 0.8820 | Test Acc: 0.8873 | VRAM (Alloc/Reserved): 94.4/564.0 MiB | Time: 255.1s
[ByzFL-SNN]   [Step 450/500] (90.0%) | Val Acc: 0.8805 | Test Acc: 0.8862 | VRAM (Alloc/Reserved): 93.7/564.0 MiB | Time: 285.8s
[ByzFL-SNN] [Training Complete] Peak VRAM (Alloc/Reserved): 350.7/564.0 MiB | Total time: 312.9s

Training 45 done

[ByzFL-SNN] [Training Start] Model: cnn_mnist | Dataset: mnist
[ByzFL-SNN]   Aggregator: GeometricMedian | Attack: SignFlipping
[ByzFL-SNN]   Distribution: gamma_similarity_niid (gamma=0.0)
[ByzFL-SNN]   Clients: 10 honest, 1 byzantine | Algorithm: DSGD
[ByzFL-SNN]   Learning Rate: 0.15 | Steps: 500 | Device: cuda:0
[ByzFL-SNN]   Validation samples: 12000 | Test samples: 10000
[ByzFL-SNN] Initial VRAM (Alloc/Reserved): 36.1/42.0 MiB
[ByzFL-SNN]   [Step 0/500] (0.0%) | Val Acc: 0.1542 | Test Acc: 0.1595 | VRAM (Alloc/Reserved): 44.3/64.0 MiB | Time: 4.2s
[ByzFL-SNN]   [Step 50/500] (10.0%) | Val Acc: 0.7648 | Test Acc: 0.7720 | VRAM (Alloc/Reserved): 93.7/564.0 MiB | Time: 39.7s
[ByzFL-SNN]   [Step 100/500] (20.0%) | Val Acc: 0.8432 | Test Acc: 0.8523 | VRAM (Alloc/Reserved): 94.4/564.0 MiB | Time: 75.9s
[ByzFL-SNN]   [Step 150/500] (30.0%) | Val Acc: 0.9034 | Test Acc: 0.9091 | VRAM (Alloc/Reserved): 95.0/564.0 MiB | Time: 111.2s
[ByzFL-SNN]   [Step 200/500] (40.0%) | Val Acc: 0.8601 | Test Acc: 0.8657 | VRAM (Alloc/Reserved): 94.4/564.0 MiB | Time: 146.4s
[ByzFL-SNN]   [Step 250/500] (50.0%) | Val Acc: 0.8701 | Test Acc: 0.8753 | VRAM (Alloc/Reserved): 94.5/564.0 MiB | Time: 182.1s
[ByzFL-SNN]   [Step 300/500] (60.0%) | Val Acc: 0.8779 | Test Acc: 0.8802 | VRAM (Alloc/Reserved): 94.3/564.0 MiB | Time: 217.7s
[ByzFL-SNN]   [Step 350/500] (70.0%) | Val Acc: 0.8793 | Test Acc: 0.8841 | VRAM (Alloc/Reserved): 93.6/564.0 MiB | Time: 253.0s
[ByzFL-SNN]   [Step 400/500] (80.0%) | Val Acc: 0.8820 | Test Acc: 0.8863 | VRAM (Alloc/Reserved): 94.4/564.0 MiB | Time: 288.8s
[ByzFL-SNN]   [Step 450/500] (90.0%) | Val Acc: 0.8841 | Test Acc: 0.8888 | VRAM (Alloc/Reserved): 93.7/564.0 MiB | Time: 324.1s
[ByzFL-SNN] [Training Complete] Peak VRAM (Alloc/Reserved): 350.7/564.0 MiB | Total time: 354.9s

Training 46 done

[ByzFL-SNN] [Training Start] Model: cnn_mnist | Dataset: mnist
[ByzFL-SNN]   Aggregator: GeometricMedian | Attack: SignFlipping
[ByzFL-SNN]   Distribution: gamma_similarity_niid (gamma=0.0)
[ByzFL-SNN]   Clients: 10 honest, 1 byzantine | Algorithm: DSGD
[ByzFL-SNN]   Learning Rate: 0.15 | Steps: 500 | Device: cuda:0
[ByzFL-SNN]   Validation samples: 12000 | Test samples: 10000
[ByzFL-SNN] Initial VRAM (Alloc/Reserved): 36.1/42.0 MiB
[ByzFL-SNN]   [Step 0/500] (0.0%) | Val Acc: 0.1542 | Test Acc: 0.1595 | VRAM (Alloc/Reserved): 44.3/64.0 MiB | Time: 4.0s
[ByzFL-SNN]   [Step 50/500] (10.0%) | Val Acc: 0.7708 | Test Acc: 0.7755 | VRAM (Alloc/Reserved): 93.7/564.0 MiB | Time: 39.7s
[ByzFL-SNN]   [Step 100/500] (20.0%) | Val Acc: 0.8158 | Test Acc: 0.8238 | VRAM (Alloc/Reserved): 94.4/564.0 MiB | Time: 75.4s
[ByzFL-SNN]   [Step 150/500] (30.0%) | Val Acc: 0.8762 | Test Acc: 0.8838 | VRAM (Alloc/Reserved): 95.0/564.0 MiB | Time: 109.8s
[ByzFL-SNN]   [Step 200/500] (40.0%) | Val Acc: 0.8669 | Test Acc: 0.8741 | VRAM (Alloc/Reserved): 94.4/564.0 MiB | Time: 144.5s
[ByzFL-SNN]   [Step 250/500] (50.0%) | Val Acc: 0.8660 | Test Acc: 0.8725 | VRAM (Alloc/Reserved): 94.5/564.0 MiB | Time: 179.4s
[ByzFL-SNN]   [Step 300/500] (60.0%) | Val Acc: 0.8752 | Test Acc: 0.8799 | VRAM (Alloc/Reserved): 94.3/564.0 MiB | Time: 214.3s
[ByzFL-SNN]   [Step 350/500] (70.0%) | Val Acc: 0.8796 | Test Acc: 0.8851 | VRAM (Alloc/Reserved): 93.6/564.0 MiB | Time: 249.1s
[ByzFL-SNN]   [Step 400/500] (80.0%) | Val Acc: 0.8835 | Test Acc: 0.8861 | VRAM (Alloc/Reserved): 94.4/564.0 MiB | Time: 284.5s
[ByzFL-SNN]   [Step 450/500] (90.0%) | Val Acc: 0.8838 | Test Acc: 0.8885 | VRAM (Alloc/Reserved): 93.7/564.0 MiB | Time: 320.3s
[ByzFL-SNN] [Training Complete] Peak VRAM (Alloc/Reserved): 350.7/564.0 MiB | Total time: 351.1s

Training 47 done

[ByzFL-SNN] [Training Start] Model: cnn_mnist | Dataset: mnist
[ByzFL-SNN]   Aggregator: GeometricMedian | Attack: SignFlipping
[ByzFL-SNN]   Distribution: gamma_similarity_niid (gamma=1.0)
[ByzFL-SNN]   Clients: 10 honest, 2 byzantine | Algorithm: DSGD
[ByzFL-SNN]   Learning Rate: 0.15 | Steps: 500 | Device: cuda:1
[ByzFL-SNN]   Validation samples: 12000 | Test samples: 10000
[ByzFL-SNN] Initial VRAM (Alloc/Reserved): 36.1/42.0 MiB
[ByzFL-SNN]   [Step 0/500] (0.0%) | Val Acc: 0.1542 | Test Acc: 0.1595 | VRAM (Alloc/Reserved): 44.3/64.0 MiB | Time: 4.1s
[ByzFL-SNN]   [Step 50/500] (10.0%) | Val Acc: 0.8657 | Test Acc: 0.8719 | VRAM (Alloc/Reserved): 93.7/586.0 MiB | Time: 36.9s
[ByzFL-SNN]   [Step 100/500] (20.0%) | Val Acc: 0.9016 | Test Acc: 0.9085 | VRAM (Alloc/Reserved): 94.2/586.0 MiB | Time: 70.9s
[ByzFL-SNN]   [Step 150/500] (30.0%) | Val Acc: 0.9149 | Test Acc: 0.9238 | VRAM (Alloc/Reserved): 94.0/586.0 MiB | Time: 105.2s
[ByzFL-SNN]   [Step 200/500] (40.0%) | Val Acc: 0.9234 | Test Acc: 0.9317 | VRAM (Alloc/Reserved): 95.0/586.0 MiB | Time: 139.4s
[ByzFL-SNN]   [Step 250/500] (50.0%) | Val Acc: 0.9311 | Test Acc: 0.9382 | VRAM (Alloc/Reserved): 93.9/586.0 MiB | Time: 173.8s
[ByzFL-SNN]   [Step 300/500] (60.0%) | Val Acc: 0.9403 | Test Acc: 0.9463 | VRAM (Alloc/Reserved): 94.5/586.0 MiB | Time: 207.9s
[ByzFL-SNN]   [Step 350/500] (70.0%) | Val Acc: 0.9444 | Test Acc: 0.9497 | VRAM (Alloc/Reserved): 94.1/586.0 MiB | Time: 241.9s
[ByzFL-SNN]   [Step 400/500] (80.0%) | Val Acc: 0.9493 | Test Acc: 0.9562 | VRAM (Alloc/Reserved): 94.1/586.0 MiB | Time: 276.2s
[ByzFL-SNN]   [Step 450/500] (90.0%) | Val Acc: 0.9543 | Test Acc: 0.9603 | VRAM (Alloc/Reserved): 93.3/586.0 MiB | Time: 309.9s
[ByzFL-SNN] [Training Complete] Peak VRAM (Alloc/Reserved): 352.1/586.0 MiB | Total time: 340.6s

Training 48 done

[ByzFL-SNN] [Training Start] Model: cnn_mnist | Dataset: mnist
[ByzFL-SNN]   Aggregator: GeometricMedian | Attack: Optimal_ALittleIsEnough_neg1
[ByzFL-SNN]   Distribution: gamma_similarity_niid (gamma=0.66)
[ByzFL-SNN]   Clients: 10 honest, 1 byzantine | Algorithm: DSGD
[ByzFL-SNN]   Learning Rate: 0.15 | Steps: 500 | Device: cuda:1
[ByzFL-SNN]   Validation samples: 12000 | Test samples: 10000
[ByzFL-SNN] Initial VRAM (Alloc/Reserved): 36.1/42.0 MiB
[ByzFL-SNN]   [Step 0/500] (0.0%) | Val Acc: 0.1542 | Test Acc: 0.1595 | VRAM (Alloc/Reserved): 44.3/64.0 MiB | Time: 3.5s
[ByzFL-SNN]   [Step 50/500] (10.0%) | Val Acc: 0.8569 | Test Acc: 0.8653 | VRAM (Alloc/Reserved): 93.7/568.0 MiB | Time: 102.6s
[ByzFL-SNN]   [Step 100/500] (20.0%) | Val Acc: 0.8556 | Test Acc: 0.8723 | VRAM (Alloc/Reserved): 94.7/568.0 MiB | Time: 205.0s
[ByzFL-SNN]   [Step 150/500] (30.0%) | Val Acc: 0.8754 | Test Acc: 0.8860 | VRAM (Alloc/Reserved): 94.4/568.0 MiB | Time: 303.2s
[ByzFL-SNN]   [Step 200/500] (40.0%) | Val Acc: 0.8708 | Test Acc: 0.8820 | VRAM (Alloc/Reserved): 93.9/568.0 MiB | Time: 395.4s
[ByzFL-SNN]   [Step 250/500] (50.0%) | Val Acc: 0.9175 | Test Acc: 0.9278 | VRAM (Alloc/Reserved): 93.0/568.0 MiB | Time: 496.5s
[ByzFL-SNN]   [Step 300/500] (60.0%) | Val Acc: 0.9127 | Test Acc: 0.9190 | VRAM (Alloc/Reserved): 94.5/568.0 MiB | Time: 593.1s
[ByzFL-SNN]   [Step 350/500] (70.0%) | Val Acc: 0.8952 | Test Acc: 0.9020 | VRAM (Alloc/Reserved): 93.5/568.0 MiB | Time: 694.4s
[ByzFL-SNN]   [Step 400/500] (80.0%) | Val Acc: 0.9068 | Test Acc: 0.9164 | VRAM (Alloc/Reserved): 95.0/568.0 MiB | Time: 801.3s
[ByzFL-SNN]   [Step 450/500] (90.0%) | Val Acc: 0.9479 | Test Acc: 0.9526 | VRAM (Alloc/Reserved): 94.1/568.0 MiB | Time: 907.5s
[ByzFL-SNN] [Training Complete] Peak VRAM (Alloc/Reserved): 351.1/568.0 MiB | Total time: 1010.0s

Training 49 done

[ByzFL-SNN] [Training Start] Model: cnn_mnist | Dataset: mnist
[ByzFL-SNN]   Aggregator: GeometricMedian | Attack: Optimal_InnerProductManipulation
[ByzFL-SNN]   Distribution: gamma_similarity_niid (gamma=1.0)
[ByzFL-SNN]   Clients: 10 honest, 1 byzantine | Algorithm: DSGD
[ByzFL-SNN]   Learning Rate: 0.15 | Steps: 500 | Device: cuda:1
[ByzFL-SNN]   Validation samples: 12000 | Test samples: 10000
[ByzFL-SNN] Initial VRAM (Alloc/Reserved): 36.1/42.0 MiB
[ByzFL-SNN]   [Step 0/500] (0.0%) | Val Acc: 0.1542 | Test Acc: 0.1595 | VRAM (Alloc/Reserved): 44.3/64.0 MiB | Time: 3.5s
[ByzFL-SNN]   [Step 50/500] (10.0%) | Val Acc: 0.8624 | Test Acc: 0.8725 | VRAM (Alloc/Reserved): 93.8/570.0 MiB | Time: 93.5s
[ByzFL-SNN]   [Step 100/500] (20.0%) | Val Acc: 0.9048 | Test Acc: 0.9123 | VRAM (Alloc/Reserved): 93.2/570.0 MiB | Time: 192.6s
[ByzFL-SNN]   [Step 150/500] (30.0%) | Val Acc: 0.9204 | Test Acc: 0.9294 | VRAM (Alloc/Reserved): 94.3/570.0 MiB | Time: 294.4s
[ByzFL-SNN]   [Step 200/500] (40.0%) | Val Acc: 0.9340 | Test Acc: 0.9421 | VRAM (Alloc/Reserved): 94.9/570.0 MiB | Time: 389.4s
[ByzFL-SNN]   [Step 250/500] (50.0%) | Val Acc: 0.9437 | Test Acc: 0.9508 | VRAM (Alloc/Reserved): 94.0/570.0 MiB | Time: 492.7s
[ByzFL-SNN]   [Step 300/500] (60.0%) | Val Acc: 0.9497 | Test Acc: 0.9559 | VRAM (Alloc/Reserved): 94.7/570.0 MiB | Time: 595.9s
[ByzFL-SNN]   [Step 350/500] (70.0%) | Val Acc: 0.9546 | Test Acc: 0.9583 | VRAM (Alloc/Reserved): 93.4/570.0 MiB | Time: 699.0s
[ByzFL-SNN]   [Step 400/500] (80.0%) | Val Acc: 0.9605 | Test Acc: 0.9659 | VRAM (Alloc/Reserved): 94.5/570.0 MiB | Time: 807.2s
[ByzFL-SNN]   [Step 450/500] (90.0%) | Val Acc: 0.9653 | Test Acc: 0.9679 | VRAM (Alloc/Reserved): 94.0/570.0 MiB | Time: 915.7s
[ByzFL-SNN] [Training Complete] Peak VRAM (Alloc/Reserved): 349.6/570.0 MiB | Total time: 1020.0s

Training 50 done

[ByzFL-SNN] [Training Start] Model: cnn_mnist | Dataset: mnist
[ByzFL-SNN]   Aggregator: GeometricMedian | Attack: Optimal_ALittleIsEnough_neg1
[ByzFL-SNN]   Distribution: gamma_similarity_niid (gamma=0.66)
[ByzFL-SNN]   Clients: 10 honest, 1 byzantine | Algorithm: DSGD
[ByzFL-SNN]   Learning Rate: 0.15 | Steps: 500 | Device: cuda:1
[ByzFL-SNN]   Validation samples: 12000 | Test samples: 10000
[ByzFL-SNN] Initial VRAM (Alloc/Reserved): 36.1/42.0 MiB
[ByzFL-SNN]   [Step 0/500] (0.0%) | Val Acc: 0.1542 | Test Acc: 0.1595 | VRAM (Alloc/Reserved): 44.3/64.0 MiB | Time: 3.1s
[ByzFL-SNN]   [Step 50/500] (10.0%) | Val Acc: 0.8295 | Test Acc: 0.8374 | VRAM (Alloc/Reserved): 93.7/568.0 MiB | Time: 99.8s
[ByzFL-SNN]   [Step 100/500] (20.0%) | Val Acc: 0.8418 | Test Acc: 0.8522 | VRAM (Alloc/Reserved): 94.7/568.0 MiB | Time: 201.9s
[ByzFL-SNN]   [Step 150/500] (30.0%) | Val Acc: 0.8595 | Test Acc: 0.8715 | VRAM (Alloc/Reserved): 94.4/568.0 MiB | Time: 302.1s
[ByzFL-SNN]   [Step 200/500] (40.0%) | Val Acc: 0.9104 | Test Acc: 0.9152 | VRAM (Alloc/Reserved): 93.9/568.0 MiB | Time: 399.3s
[ByzFL-SNN]   [Step 250/500] (50.0%) | Val Acc: 0.8846 | Test Acc: 0.8909 | VRAM (Alloc/Reserved): 93.0/568.0 MiB | Time: 500.7s
[ByzFL-SNN]   [Step 300/500] (60.0%) | Val Acc: 0.9330 | Test Acc: 0.9388 | VRAM (Alloc/Reserved): 94.5/568.0 MiB | Time: 604.2s
[ByzFL-SNN]   [Step 350/500] (70.0%) | Val Acc: 0.9316 | Test Acc: 0.9327 | VRAM (Alloc/Reserved): 93.5/568.0 MiB | Time: 708.7s
[ByzFL-SNN]   [Step 400/500] (80.0%) | Val Acc: 0.9431 | Test Acc: 0.9489 | VRAM (Alloc/Reserved): 95.0/568.0 MiB | Time: 813.8s
[ByzFL-SNN]   [Step 450/500] (90.0%) | Val Acc: 0.9364 | Test Acc: 0.9414 | VRAM (Alloc/Reserved): 94.1/568.0 MiB | Time: 923.0s
[ByzFL-SNN] [Training Complete] Peak VRAM (Alloc/Reserved): 351.1/568.0 MiB | Total time: 1024.7s

Training 51 done

[ByzFL-SNN] [Training Start] Model: cnn_mnist | Dataset: mnist
[ByzFL-SNN]   Aggregator: GeometricMedian | Attack: SignFlipping
[ByzFL-SNN]   Distribution: gamma_similarity_niid (gamma=1.0)
[ByzFL-SNN]   Clients: 10 honest, 2 byzantine | Algorithm: DSGD
[ByzFL-SNN]   Learning Rate: 0.15 | Steps: 500 | Device: cuda:1
[ByzFL-SNN]   Validation samples: 12000 | Test samples: 10000
[ByzFL-SNN] Initial VRAM (Alloc/Reserved): 36.1/42.0 MiB
[ByzFL-SNN]   [Step 0/500] (0.0%) | Val Acc: 0.1542 | Test Acc: 0.1595 | VRAM (Alloc/Reserved): 44.3/64.0 MiB | Time: 3.7s
[ByzFL-SNN]   [Step 50/500] (10.0%) | Val Acc: 0.8675 | Test Acc: 0.8778 | VRAM (Alloc/Reserved): 93.7/586.0 MiB | Time: 36.8s
[ByzFL-SNN]   [Step 100/500] (20.0%) | Val Acc: 0.9017 | Test Acc: 0.9076 | VRAM (Alloc/Reserved): 94.2/586.0 MiB | Time: 71.6s
[ByzFL-SNN]   [Step 150/500] (30.0%) | Val Acc: 0.9146 | Test Acc: 0.9244 | VRAM (Alloc/Reserved): 94.0/586.0 MiB | Time: 106.4s
[ByzFL-SNN]   [Step 200/500] (40.0%) | Val Acc: 0.9248 | Test Acc: 0.9331 | VRAM (Alloc/Reserved): 95.0/586.0 MiB | Time: 141.0s
[ByzFL-SNN]   [Step 250/500] (50.0%) | Val Acc: 0.9341 | Test Acc: 0.9412 | VRAM (Alloc/Reserved): 93.9/586.0 MiB | Time: 175.8s
[ByzFL-SNN]   [Step 300/500] (60.0%) | Val Acc: 0.9422 | Test Acc: 0.9479 | VRAM (Alloc/Reserved): 94.5/586.0 MiB | Time: 210.3s
[ByzFL-SNN]   [Step 350/500] (70.0%) | Val Acc: 0.9484 | Test Acc: 0.9534 | VRAM (Alloc/Reserved): 94.1/586.0 MiB | Time: 245.0s
[ByzFL-SNN]   [Step 400/500] (80.0%) | Val Acc: 0.9518 | Test Acc: 0.9567 | VRAM (Alloc/Reserved): 94.1/586.0 MiB | Time: 279.2s
[ByzFL-SNN]   [Step 450/500] (90.0%) | Val Acc: 0.9556 | Test Acc: 0.9602 | VRAM (Alloc/Reserved): 93.3/586.0 MiB | Time: 313.7s
[ByzFL-SNN] [Training Complete] Peak VRAM (Alloc/Reserved): 352.1/586.0 MiB | Total time: 342.8s

Training 52 done

[ByzFL-SNN] [Training Start] Model: cnn_mnist | Dataset: mnist
[ByzFL-SNN]   Aggregator: GeometricMedian | Attack: SignFlipping
[ByzFL-SNN]   Distribution: gamma_similarity_niid (gamma=1.0)
[ByzFL-SNN]   Clients: 10 honest, 2 byzantine | Algorithm: DSGD
[ByzFL-SNN]   Learning Rate: 0.15 | Steps: 500 | Device: cuda:0
[ByzFL-SNN]   Validation samples: 12000 | Test samples: 10000
[ByzFL-SNN] Initial VRAM (Alloc/Reserved): 36.1/42.0 MiB
[ByzFL-SNN]   [Step 0/500] (0.0%) | Val Acc: 0.1542 | Test Acc: 0.1595 | VRAM (Alloc/Reserved): 44.3/64.0 MiB | Time: 4.4s
[ByzFL-SNN]   [Step 50/500] (10.0%) | Val Acc: 0.8618 | Test Acc: 0.8726 | VRAM (Alloc/Reserved): 93.7/586.0 MiB | Time: 38.7s
[ByzFL-SNN]   [Step 100/500] (20.0%) | Val Acc: 0.9020 | Test Acc: 0.9100 | VRAM (Alloc/Reserved): 94.2/586.0 MiB | Time: 73.7s
[ByzFL-SNN]   [Step 150/500] (30.0%) | Val Acc: 0.9147 | Test Acc: 0.9229 | VRAM (Alloc/Reserved): 94.0/586.0 MiB | Time: 108.1s
[ByzFL-SNN]   [Step 200/500] (40.0%) | Val Acc: 0.9257 | Test Acc: 0.9340 | VRAM (Alloc/Reserved): 95.0/586.0 MiB | Time: 142.8s
[ByzFL-SNN]   [Step 250/500] (50.0%) | Val Acc: 0.9350 | Test Acc: 0.9429 | VRAM (Alloc/Reserved): 93.9/586.0 MiB | Time: 177.5s
[ByzFL-SNN]   [Step 300/500] (60.0%) | Val Acc: 0.9403 | Test Acc: 0.9491 | VRAM (Alloc/Reserved): 94.5/586.0 MiB | Time: 212.0s
[ByzFL-SNN]   [Step 350/500] (70.0%) | Val Acc: 0.9454 | Test Acc: 0.9515 | VRAM (Alloc/Reserved): 94.1/586.0 MiB | Time: 246.7s
[ByzFL-SNN]   [Step 400/500] (80.0%) | Val Acc: 0.9507 | Test Acc: 0.9568 | VRAM (Alloc/Reserved): 94.1/586.0 MiB | Time: 281.7s
[ByzFL-SNN]   [Step 450/500] (90.0%) | Val Acc: 0.9557 | Test Acc: 0.9627 | VRAM (Alloc/Reserved): 93.3/586.0 MiB | Time: 316.7s
[ByzFL-SNN] [Training Complete] Peak VRAM (Alloc/Reserved): 352.1/586.0 MiB | Total time: 349.1s

Training 53 done

[ByzFL-SNN] [Training Start] Model: cnn_mnist | Dataset: mnist
[ByzFL-SNN]   Aggregator: GeometricMedian | Attack: Optimal_ALittleIsEnough_neg1
[ByzFL-SNN]   Distribution: gamma_similarity_niid (gamma=0.33)
[ByzFL-SNN]   Clients: 10 honest, 1 byzantine | Algorithm: DSGD
[ByzFL-SNN]   Learning Rate: 0.15 | Steps: 500 | Device: cuda:1
[ByzFL-SNN]   Validation samples: 12000 | Test samples: 10000
[ByzFL-SNN] Initial VRAM (Alloc/Reserved): 36.1/42.0 MiB
[ByzFL-SNN]   [Step 0/500] (0.0%) | Val Acc: 0.1542 | Test Acc: 0.1595 | VRAM (Alloc/Reserved): 44.3/64.0 MiB | Time: 4.0s
[ByzFL-SNN]   [Step 50/500] (10.0%) | Val Acc: 0.7516 | Test Acc: 0.7567 | VRAM (Alloc/Reserved): 93.7/566.0 MiB | Time: 103.6s
[ByzFL-SNN]   [Step 100/500] (20.0%) | Val Acc: 0.7327 | Test Acc: 0.7381 | VRAM (Alloc/Reserved): 94.7/566.0 MiB | Time: 203.6s
[ByzFL-SNN]   [Step 150/500] (30.0%) | Val Acc: 0.8867 | Test Acc: 0.8835 | VRAM (Alloc/Reserved): 94.4/566.0 MiB | Time: 303.5s
[ByzFL-SNN]   [Step 200/500] (40.0%) | Val Acc: 0.9105 | Test Acc: 0.9156 | VRAM (Alloc/Reserved): 93.9/566.0 MiB | Time: 402.5s
[ByzFL-SNN]   [Step 250/500] (50.0%) | Val Acc: 0.9398 | Test Acc: 0.9425 | VRAM (Alloc/Reserved): 93.0/566.0 MiB | Time: 506.2s
[ByzFL-SNN]   [Step 300/500] (60.0%) | Val Acc: 0.9598 | Test Acc: 0.9663 | VRAM (Alloc/Reserved): 94.5/566.0 MiB | Time: 611.3s
[ByzFL-SNN]   [Step 350/500] (70.0%) | Val Acc: 0.9561 | Test Acc: 0.9613 | VRAM (Alloc/Reserved): 93.5/566.0 MiB | Time: 716.1s
[ByzFL-SNN]   [Step 400/500] (80.0%) | Val Acc: 0.9576 | Test Acc: 0.9646 | VRAM (Alloc/Reserved): 95.0/566.0 MiB | Time: 825.0s
[ByzFL-SNN]   [Step 450/500] (90.0%) | Val Acc: 0.9677 | Test Acc: 0.9741 | VRAM (Alloc/Reserved): 94.1/566.0 MiB | Time: 931.2s
[ByzFL-SNN] [Training Complete] Peak VRAM (Alloc/Reserved): 351.1/566.0 MiB | Total time: 1031.8s

Training 54 done

[ByzFL-SNN] [Training Start] Model: cnn_mnist | Dataset: mnist
[ByzFL-SNN]   Aggregator: GeometricMedian | Attack: Optimal_ALittleIsEnough_neg1
[ByzFL-SNN]   Distribution: gamma_similarity_niid (gamma=1.0)
[ByzFL-SNN]   Clients: 10 honest, 1 byzantine | Algorithm: DSGD
[ByzFL-SNN]   Learning Rate: 0.15 | Steps: 500 | Device: cuda:1
[ByzFL-SNN]   Validation samples: 12000 | Test samples: 10000
[ByzFL-SNN] Initial VRAM (Alloc/Reserved): 36.1/42.0 MiB
[ByzFL-SNN]   [Step 0/500] (0.0%) | Val Acc: 0.1542 | Test Acc: 0.1595 | VRAM (Alloc/Reserved): 44.3/64.0 MiB | Time: 3.6s
[ByzFL-SNN]   [Step 50/500] (10.0%) | Val Acc: 0.8614 | Test Acc: 0.8716 | VRAM (Alloc/Reserved): 93.7/570.0 MiB | Time: 97.3s
[ByzFL-SNN]   [Step 100/500] (20.0%) | Val Acc: 0.9042 | Test Acc: 0.9116 | VRAM (Alloc/Reserved): 94.7/570.0 MiB | Time: 201.1s
[ByzFL-SNN]   [Step 150/500] (30.0%) | Val Acc: 0.9213 | Test Acc: 0.9274 | VRAM (Alloc/Reserved): 94.4/570.0 MiB | Time: 304.8s
[ByzFL-SNN]   [Step 200/500] (40.0%) | Val Acc: 0.9328 | Test Acc: 0.9417 | VRAM (Alloc/Reserved): 93.9/570.0 MiB | Time: 407.4s
[ByzFL-SNN]   [Step 250/500] (50.0%) | Val Acc: 0.9418 | Test Acc: 0.9478 | VRAM (Alloc/Reserved): 93.0/570.0 MiB | Time: 514.3s
[ByzFL-SNN]   [Step 300/500] (60.0%) | Val Acc: 0.9482 | Test Acc: 0.9534 | VRAM (Alloc/Reserved): 94.5/570.0 MiB | Time: 620.9s
[ByzFL-SNN]   [Step 350/500] (70.0%) | Val Acc: 0.9549 | Test Acc: 0.9606 | VRAM (Alloc/Reserved): 93.5/570.0 MiB | Time: 728.7s
[ByzFL-SNN]   [Step 400/500] (80.0%) | Val Acc: 0.9580 | Test Acc: 0.9639 | VRAM (Alloc/Reserved): 95.0/570.0 MiB | Time: 838.9s
[ByzFL-SNN]   [Step 450/500] (90.0%) | Val Acc: 0.9586 | Test Acc: 0.9623 | VRAM (Alloc/Reserved): 94.1/570.0 MiB | Time: 951.9s
[ByzFL-SNN] [Training Complete] Peak VRAM (Alloc/Reserved): 351.1/570.0 MiB | Total time: 1051.1s

Training 55 done

[ByzFL-SNN] [Training Start] Model: cnn_mnist | Dataset: mnist
[ByzFL-SNN]   Aggregator: GeometricMedian | Attack: Optimal_InnerProductManipulation
[ByzFL-SNN]   Distribution: gamma_similarity_niid (gamma=0.66)
[ByzFL-SNN]   Clients: 10 honest, 1 byzantine | Algorithm: DSGD
[ByzFL-SNN]   Learning Rate: 0.15 | Steps: 500 | Device: cuda:1
[ByzFL-SNN]   Validation samples: 12000 | Test samples: 10000
[ByzFL-SNN] Initial VRAM (Alloc/Reserved): 36.1/42.0 MiB
[ByzFL-SNN]   [Step 0/500] (0.0%) | Val Acc: 0.1542 | Test Acc: 0.1595 | VRAM (Alloc/Reserved): 44.3/64.0 MiB | Time: 3.3s
[ByzFL-SNN]   [Step 50/500] (10.0%) | Val Acc: 0.8173 | Test Acc: 0.8236 | VRAM (Alloc/Reserved): 93.8/568.0 MiB | Time: 103.9s
[ByzFL-SNN]   [Step 100/500] (20.0%) | Val Acc: 0.8874 | Test Acc: 0.8936 | VRAM (Alloc/Reserved): 93.2/568.0 MiB | Time: 211.1s
[ByzFL-SNN]   [Step 150/500] (30.0%) | Val Acc: 0.8698 | Test Acc: 0.8752 | VRAM (Alloc/Reserved): 94.3/568.0 MiB | Time: 316.1s
[ByzFL-SNN]   [Step 200/500] (40.0%) | Val Acc: 0.9196 | Test Acc: 0.9263 | VRAM (Alloc/Reserved): 94.9/568.0 MiB | Time: 421.8s
[ByzFL-SNN]   [Step 250/500] (50.0%) | Val Acc: 0.9333 | Test Acc: 0.9373 | VRAM (Alloc/Reserved): 94.0/568.0 MiB | Time: 530.8s
[ByzFL-SNN]   [Step 300/500] (60.0%) | Val Acc: 0.9418 | Test Acc: 0.9465 | VRAM (Alloc/Reserved): 94.7/568.0 MiB | Time: 640.8s
[ByzFL-SNN]   [Step 350/500] (70.0%) | Val Acc: 0.9488 | Test Acc: 0.9546 | VRAM (Alloc/Reserved): 93.4/568.0 MiB | Time: 752.7s
[ByzFL-SNN]   [Step 400/500] (80.0%) | Val Acc: 0.9588 | Test Acc: 0.9637 | VRAM (Alloc/Reserved): 94.5/568.0 MiB | Time: 867.8s
[ByzFL-SNN]   [Step 450/500] (90.0%) | Val Acc: 0.9628 | Test Acc: 0.9646 | VRAM (Alloc/Reserved): 94.0/568.0 MiB | Time: 980.8s
[ByzFL-SNN] [Training Complete] Peak VRAM (Alloc/Reserved): 349.6/568.0 MiB | Total time: 1074.8s

Training 56 done

[ByzFL-SNN] [Training Start] Model: cnn_mnist | Dataset: mnist
[ByzFL-SNN]   Aggregator: GeometricMedian | Attack: Optimal_InnerProductManipulation
[ByzFL-SNN]   Distribution: gamma_similarity_niid (gamma=0.66)
[ByzFL-SNN]   Clients: 10 honest, 1 byzantine | Algorithm: DSGD
[ByzFL-SNN]   Learning Rate: 0.15 | Steps: 500 | Device: cuda:1
[ByzFL-SNN]   Validation samples: 12000 | Test samples: 10000
[ByzFL-SNN] Initial VRAM (Alloc/Reserved): 36.1/42.0 MiB
[ByzFL-SNN]   [Step 0/500] (0.0%) | Val Acc: 0.1542 | Test Acc: 0.1595 | VRAM (Alloc/Reserved): 44.3/64.0 MiB | Time: 4.0s
[ByzFL-SNN]   [Step 50/500] (10.0%) | Val Acc: 0.8308 | Test Acc: 0.8383 | VRAM (Alloc/Reserved): 93.8/568.0 MiB | Time: 107.1s
[ByzFL-SNN]   [Step 100/500] (20.0%) | Val Acc: 0.8810 | Test Acc: 0.8912 | VRAM (Alloc/Reserved): 93.2/568.0 MiB | Time: 215.1s
[ByzFL-SNN]   [Step 150/500] (30.0%) | Val Acc: 0.9066 | Test Acc: 0.9152 | VRAM (Alloc/Reserved): 94.3/568.0 MiB | Time: 317.3s
[ByzFL-SNN]   [Step 200/500] (40.0%) | Val Acc: 0.9236 | Test Acc: 0.9317 | VRAM (Alloc/Reserved): 94.9/568.0 MiB | Time: 425.2s
[ByzFL-SNN]   [Step 250/500] (50.0%) | Val Acc: 0.9368 | Test Acc: 0.9427 | VRAM (Alloc/Reserved): 94.0/568.0 MiB | Time: 535.6s
[ByzFL-SNN]   [Step 300/500] (60.0%) | Val Acc: 0.9436 | Test Acc: 0.9503 | VRAM (Alloc/Reserved): 94.7/568.0 MiB | Time: 643.7s
[ByzFL-SNN]   [Step 350/500] (70.0%) | Val Acc: 0.9455 | Test Acc: 0.9505 | VRAM (Alloc/Reserved): 93.4/568.0 MiB | Time: 757.4s
[ByzFL-SNN]   [Step 400/500] (80.0%) | Val Acc: 0.9572 | Test Acc: 0.9599 | VRAM (Alloc/Reserved): 94.5/568.0 MiB | Time: 871.9s
[ByzFL-SNN]   [Step 450/500] (90.0%) | Val Acc: 0.9619 | Test Acc: 0.9659 | VRAM (Alloc/Reserved): 94.0/568.0 MiB | Time: 984.6s
[ByzFL-SNN] [Training Complete] Peak VRAM (Alloc/Reserved): 349.6/568.0 MiB | Total time: 1076.7s

Training 57 done

[ByzFL-SNN] [Training Start] Model: cnn_mnist | Dataset: mnist
[ByzFL-SNN]   Aggregator: GeometricMedian | Attack: Optimal_InnerProductManipulation
[ByzFL-SNN]   Distribution: gamma_similarity_niid (gamma=1.0)
[ByzFL-SNN]   Clients: 10 honest, 1 byzantine | Algorithm: DSGD
[ByzFL-SNN]   Learning Rate: 0.15 | Steps: 500 | Device: cuda:0
[ByzFL-SNN]   Validation samples: 12000 | Test samples: 10000
[ByzFL-SNN] Initial VRAM (Alloc/Reserved): 36.1/42.0 MiB
[ByzFL-SNN]   [Step 0/500] (0.0%) | Val Acc: 0.1542 | Test Acc: 0.1595 | VRAM (Alloc/Reserved): 44.3/64.0 MiB | Time: 3.6s
[ByzFL-SNN]   [Step 50/500] (10.0%) | Val Acc: 0.8685 | Test Acc: 0.8800 | VRAM (Alloc/Reserved): 93.8/570.0 MiB | Time: 92.2s
[ByzFL-SNN]   [Step 100/500] (20.0%) | Val Acc: 0.9007 | Test Acc: 0.9074 | VRAM (Alloc/Reserved): 93.2/570.0 MiB | Time: 193.7s
[ByzFL-SNN]   [Step 150/500] (30.0%) | Val Acc: 0.9203 | Test Acc: 0.9310 | VRAM (Alloc/Reserved): 94.3/570.0 MiB | Time: 294.2s
[ByzFL-SNN]   [Step 200/500] (40.0%) | Val Acc: 0.9326 | Test Acc: 0.9402 | VRAM (Alloc/Reserved): 94.9/570.0 MiB | Time: 402.3s
[ByzFL-SNN]   [Step 250/500] (50.0%) | Val Acc: 0.9446 | Test Acc: 0.9475 | VRAM (Alloc/Reserved): 94.0/570.0 MiB | Time: 519.1s
[ByzFL-SNN]   [Step 300/500] (60.0%) | Val Acc: 0.9523 | Test Acc: 0.9567 | VRAM (Alloc/Reserved): 94.7/570.0 MiB | Time: 637.0s
[ByzFL-SNN]   [Step 350/500] (70.0%) | Val Acc: 0.9557 | Test Acc: 0.9610 | VRAM (Alloc/Reserved): 93.4/570.0 MiB | Time: 749.0s
[ByzFL-SNN]   [Step 400/500] (80.0%) | Val Acc: 0.9623 | Test Acc: 0.9661 | VRAM (Alloc/Reserved): 94.5/570.0 MiB | Time: 858.4s
[ByzFL-SNN]   [Step 450/500] (90.0%) | Val Acc: 0.9638 | Test Acc: 0.9686 | VRAM (Alloc/Reserved): 94.0/570.0 MiB | Time: 967.8s
[ByzFL-SNN] [Training Complete] Peak VRAM (Alloc/Reserved): 349.6/570.0 MiB | Total time: 1086.2s

Training 58 done

[ByzFL-SNN] [Training Start] Model: cnn_mnist | Dataset: mnist
[ByzFL-SNN]   Aggregator: GeometricMedian | Attack: Optimal_InnerProductManipulation
[ByzFL-SNN]   Distribution: gamma_similarity_niid (gamma=1.0)
[ByzFL-SNN]   Clients: 10 honest, 1 byzantine | Algorithm: DSGD
[ByzFL-SNN]   Learning Rate: 0.15 | Steps: 500 | Device: cuda:0
[ByzFL-SNN]   Validation samples: 12000 | Test samples: 10000
[ByzFL-SNN] Initial VRAM (Alloc/Reserved): 36.1/42.0 MiB
[ByzFL-SNN]   [Step 0/500] (0.0%) | Val Acc: 0.1542 | Test Acc: 0.1595 | VRAM (Alloc/Reserved): 44.3/64.0 MiB | Time: 3.4s
[ByzFL-SNN]   [Step 50/500] (10.0%) | Val Acc: 0.8661 | Test Acc: 0.8722 | VRAM (Alloc/Reserved): 93.8/570.0 MiB | Time: 93.7s
[ByzFL-SNN]   [Step 100/500] (20.0%) | Val Acc: 0.9056 | Test Acc: 0.9124 | VRAM (Alloc/Reserved): 93.2/570.0 MiB | Time: 197.9s
[ByzFL-SNN]   [Step 150/500] (30.0%) | Val Acc: 0.9197 | Test Acc: 0.9284 | VRAM (Alloc/Reserved): 94.3/570.0 MiB | Time: 300.3s
[ByzFL-SNN]   [Step 200/500] (40.0%) | Val Acc: 0.9322 | Test Acc: 0.9379 | VRAM (Alloc/Reserved): 94.9/570.0 MiB | Time: 411.3s
[ByzFL-SNN]   [Step 250/500] (50.0%) | Val Acc: 0.9417 | Test Acc: 0.9462 | VRAM (Alloc/Reserved): 94.0/570.0 MiB | Time: 523.7s
[ByzFL-SNN]   [Step 300/500] (60.0%) | Val Acc: 0.9487 | Test Acc: 0.9535 | VRAM (Alloc/Reserved): 94.7/570.0 MiB | Time: 641.5s
[ByzFL-SNN]   [Step 350/500] (70.0%) | Val Acc: 0.9542 | Test Acc: 0.9583 | VRAM (Alloc/Reserved): 93.4/570.0 MiB | Time: 751.3s
[ByzFL-SNN]   [Step 400/500] (80.0%) | Val Acc: 0.9579 | Test Acc: 0.9641 | VRAM (Alloc/Reserved): 94.5/570.0 MiB | Time: 861.2s
[ByzFL-SNN]   [Step 450/500] (90.0%) | Val Acc: 0.9625 | Test Acc: 0.9675 | VRAM (Alloc/Reserved): 94.0/570.0 MiB | Time: 971.7s
[ByzFL-SNN] [Training Complete] Peak VRAM (Alloc/Reserved): 349.6/570.0 MiB | Total time: 1091.5s

Training 59 done

[ByzFL-SNN] [Training Start] Model: cnn_mnist | Dataset: mnist
[ByzFL-SNN]   Aggregator: GeometricMedian | Attack: Optimal_ALittleIsEnough_neg1
[ByzFL-SNN]   Distribution: gamma_similarity_niid (gamma=0.33)
[ByzFL-SNN]   Clients: 10 honest, 1 byzantine | Algorithm: DSGD
[ByzFL-SNN]   Learning Rate: 0.15 | Steps: 500 | Device: cuda:0
[ByzFL-SNN]   Validation samples: 12000 | Test samples: 10000
[ByzFL-SNN] Initial VRAM (Alloc/Reserved): 36.1/42.0 MiB
[ByzFL-SNN]   [Step 0/500] (0.0%) | Val Acc: 0.1542 | Test Acc: 0.1595 | VRAM (Alloc/Reserved): 44.3/64.0 MiB | Time: 4.1s
[ByzFL-SNN]   [Step 50/500] (10.0%) | Val Acc: 0.6590 | Test Acc: 0.6665 | VRAM (Alloc/Reserved): 93.7/566.0 MiB | Time: 107.3s
[ByzFL-SNN]   [Step 100/500] (20.0%) | Val Acc: 0.7910 | Test Acc: 0.8046 | VRAM (Alloc/Reserved): 94.7/566.0 MiB | Time: 210.9s
[ByzFL-SNN]   [Step 150/500] (30.0%) | Val Acc: 0.8858 | Test Acc: 0.8906 | VRAM (Alloc/Reserved): 94.4/566.0 MiB | Time: 312.4s
[ByzFL-SNN]   [Step 200/500] (40.0%) | Val Acc: 0.8983 | Test Acc: 0.9082 | VRAM (Alloc/Reserved): 93.9/566.0 MiB | Time: 428.6s
[ByzFL-SNN]   [Step 250/500] (50.0%) | Val Acc: 0.9227 | Test Acc: 0.9286 | VRAM (Alloc/Reserved): 93.0/566.0 MiB | Time: 547.1s
[ByzFL-SNN]   [Step 300/500] (60.0%) | Val Acc: 0.9429 | Test Acc: 0.9470 | VRAM (Alloc/Reserved): 94.5/566.0 MiB | Time: 663.0s
[ByzFL-SNN]   [Step 350/500] (70.0%) | Val Acc: 0.9590 | Test Acc: 0.9621 | VRAM (Alloc/Reserved): 93.5/566.0 MiB | Time: 773.9s
[ByzFL-SNN]   [Step 400/500] (80.0%) | Val Acc: 0.9638 | Test Acc: 0.9703 | VRAM (Alloc/Reserved): 95.0/566.0 MiB | Time: 888.0s
[ByzFL-SNN]   [Step 450/500] (90.0%) | Val Acc: 0.9438 | Test Acc: 0.9521 | VRAM (Alloc/Reserved): 94.1/566.0 MiB | Time: 997.8s
[ByzFL-SNN] [Training Complete] Peak VRAM (Alloc/Reserved): 351.1/566.0 MiB | Total time: 1124.1s

Training 60 done

[ByzFL-SNN] [Training Start] Model: cnn_mnist | Dataset: mnist
[ByzFL-SNN]   Aggregator: GeometricMedian | Attack: Optimal_ALittleIsEnough_neg1
[ByzFL-SNN]   Distribution: gamma_similarity_niid (gamma=0.33)
[ByzFL-SNN]   Clients: 10 honest, 1 byzantine | Algorithm: DSGD
[ByzFL-SNN]   Learning Rate: 0.15 | Steps: 500 | Device: cuda:0
[ByzFL-SNN]   Validation samples: 12000 | Test samples: 10000
[ByzFL-SNN] Initial VRAM (Alloc/Reserved): 36.1/42.0 MiB
[ByzFL-SNN]   [Step 0/500] (0.0%) | Val Acc: 0.1542 | Test Acc: 0.1595 | VRAM (Alloc/Reserved): 44.3/64.0 MiB | Time: 4.2s
[ByzFL-SNN]   [Step 50/500] (10.0%) | Val Acc: 0.6633 | Test Acc: 0.6760 | VRAM (Alloc/Reserved): 93.7/566.0 MiB | Time: 108.1s
[ByzFL-SNN]   [Step 100/500] (20.0%) | Val Acc: 0.8496 | Test Acc: 0.8580 | VRAM (Alloc/Reserved): 94.7/566.0 MiB | Time: 214.9s
[ByzFL-SNN]   [Step 150/500] (30.0%) | Val Acc: 0.8727 | Test Acc: 0.8830 | VRAM (Alloc/Reserved): 94.4/566.0 MiB | Time: 319.1s
[ByzFL-SNN]   [Step 200/500] (40.0%) | Val Acc: 0.8425 | Test Acc: 0.8477 | VRAM (Alloc/Reserved): 93.9/566.0 MiB | Time: 436.0s
[ByzFL-SNN]   [Step 250/500] (50.0%) | Val Acc: 0.9227 | Test Acc: 0.9328 | VRAM (Alloc/Reserved): 93.0/566.0 MiB | Time: 556.4s
[ByzFL-SNN]   [Step 300/500] (60.0%) | Val Acc: 0.8929 | Test Acc: 0.9043 | VRAM (Alloc/Reserved): 94.5/566.0 MiB | Time: 675.0s
[ByzFL-SNN]   [Step 350/500] (70.0%) | Val Acc: 0.9513 | Test Acc: 0.9568 | VRAM (Alloc/Reserved): 93.5/566.0 MiB | Time: 785.1s
[ByzFL-SNN]   [Step 400/500] (80.0%) | Val Acc: 0.9534 | Test Acc: 0.9562 | VRAM (Alloc/Reserved): 95.0/566.0 MiB | Time: 895.9s
[ByzFL-SNN]   [Step 450/500] (90.0%) | Val Acc: 0.9399 | Test Acc: 0.9474 | VRAM (Alloc/Reserved): 94.1/566.0 MiB | Time: 1010.5s
[ByzFL-SNN] [Training Complete] Peak VRAM (Alloc/Reserved): 351.1/566.0 MiB | Total time: 1134.6s

Training 61 done

[ByzFL-SNN] [Training Start] Model: cnn_mnist | Dataset: mnist
[ByzFL-SNN]   Aggregator: GeometricMedian | Attack: Optimal_ALittleIsEnough_neg1
[ByzFL-SNN]   Distribution: gamma_similarity_niid (gamma=0.66)
[ByzFL-SNN]   Clients: 10 honest, 1 byzantine | Algorithm: DSGD
[ByzFL-SNN]   Learning Rate: 0.15 | Steps: 500 | Device: cuda:0
[ByzFL-SNN]   Validation samples: 12000 | Test samples: 10000
[ByzFL-SNN] Initial VRAM (Alloc/Reserved): 36.1/42.0 MiB
[ByzFL-SNN]   [Step 0/500] (0.0%) | Val Acc: 0.1542 | Test Acc: 0.1595 | VRAM (Alloc/Reserved): 44.3/64.0 MiB | Time: 3.3s
[ByzFL-SNN]   [Step 50/500] (10.0%) | Val Acc: 0.8459 | Test Acc: 0.8564 | VRAM (Alloc/Reserved): 93.7/568.0 MiB | Time: 105.5s
[ByzFL-SNN]   [Step 100/500] (20.0%) | Val Acc: 0.8804 | Test Acc: 0.8925 | VRAM (Alloc/Reserved): 94.7/568.0 MiB | Time: 211.2s
[ByzFL-SNN]   [Step 150/500] (30.0%) | Val Acc: 0.8802 | Test Acc: 0.8862 | VRAM (Alloc/Reserved): 94.4/568.0 MiB | Time: 316.7s
[ByzFL-SNN]   [Step 200/500] (40.0%) | Val Acc: 0.9197 | Test Acc: 0.9288 | VRAM (Alloc/Reserved): 93.9/568.0 MiB | Time: 431.6s
[ByzFL-SNN]   [Step 250/500] (50.0%) | Val Acc: 0.8641 | Test Acc: 0.8728 | VRAM (Alloc/Reserved): 93.0/568.0 MiB | Time: 551.3s
[ByzFL-SNN]   [Step 300/500] (60.0%) | Val Acc: 0.9219 | Test Acc: 0.9286 | VRAM (Alloc/Reserved): 94.5/568.0 MiB | Time: 671.7s
[ByzFL-SNN]   [Step 350/500] (70.0%) | Val Acc: 0.8899 | Test Acc: 0.8904 | VRAM (Alloc/Reserved): 93.5/568.0 MiB | Time: 785.9s
[ByzFL-SNN]   [Step 400/500] (80.0%) | Val Acc: 0.9338 | Test Acc: 0.9400 | VRAM (Alloc/Reserved): 95.0/568.0 MiB | Time: 901.0s
[ByzFL-SNN]   [Step 450/500] (90.0%) | Val Acc: 0.9333 | Test Acc: 0.9378 | VRAM (Alloc/Reserved): 94.1/568.0 MiB | Time: 1014.5s
[ByzFL-SNN] [Training Complete] Peak VRAM (Alloc/Reserved): 351.1/568.0 MiB | Total time: 1145.6s

Training 62 done

[ByzFL-SNN] [Training Start] Model: cnn_mnist | Dataset: mnist
[ByzFL-SNN]   Aggregator: GeometricMedian | Attack: Optimal_ALittleIsEnough_neg1
[ByzFL-SNN]   Distribution: gamma_similarity_niid (gamma=1.0)
[ByzFL-SNN]   Clients: 10 honest, 1 byzantine | Algorithm: DSGD
[ByzFL-SNN]   Learning Rate: 0.15 | Steps: 500 | Device: cuda:0
[ByzFL-SNN]   Validation samples: 12000 | Test samples: 10000
[ByzFL-SNN] Initial VRAM (Alloc/Reserved): 36.1/42.0 MiB
[ByzFL-SNN]   [Step 0/500] (0.0%) | Val Acc: 0.1542 | Test Acc: 0.1595 | VRAM (Alloc/Reserved): 44.3/64.0 MiB | Time: 3.4s
[ByzFL-SNN]   [Step 50/500] (10.0%) | Val Acc: 0.8662 | Test Acc: 0.8723 | VRAM (Alloc/Reserved): 93.7/570.0 MiB | Time: 103.6s
[ByzFL-SNN]   [Step 100/500] (20.0%) | Val Acc: 0.9046 | Test Acc: 0.9130 | VRAM (Alloc/Reserved): 94.7/570.0 MiB | Time: 209.5s
[ByzFL-SNN]   [Step 150/500] (30.0%) | Val Acc: 0.9225 | Test Acc: 0.9296 | VRAM (Alloc/Reserved): 94.4/570.0 MiB | Time: 314.4s
[ByzFL-SNN]   [Step 200/500] (40.0%) | Val Acc: 0.9329 | Test Acc: 0.9397 | VRAM (Alloc/Reserved): 93.9/570.0 MiB | Time: 431.7s
[ByzFL-SNN]   [Step 250/500] (50.0%) | Val Acc: 0.9426 | Test Acc: 0.9474 | VRAM (Alloc/Reserved): 93.0/570.0 MiB | Time: 553.8s
[ByzFL-SNN]   [Step 300/500] (60.0%) | Val Acc: 0.9457 | Test Acc: 0.9527 | VRAM (Alloc/Reserved): 94.5/570.0 MiB | Time: 674.5s
[ByzFL-SNN]   [Step 350/500] (70.0%) | Val Acc: 0.9508 | Test Acc: 0.9574 | VRAM (Alloc/Reserved): 93.5/570.0 MiB | Time: 790.6s
[ByzFL-SNN]   [Step 400/500] (80.0%) | Val Acc: 0.9528 | Test Acc: 0.9566 | VRAM (Alloc/Reserved): 95.0/570.0 MiB | Time: 905.3s
[ByzFL-SNN]   [Step 450/500] (90.0%) | Val Acc: 0.9603 | Test Acc: 0.9653 | VRAM (Alloc/Reserved): 94.1/570.0 MiB | Time: 1022.1s
[ByzFL-SNN] [Training Complete] Peak VRAM (Alloc/Reserved): 351.1/570.0 MiB | Total time: 1156.0s

Training 63 done

[ByzFL-SNN] [Training Start] Model: cnn_mnist | Dataset: mnist
[ByzFL-SNN]   Aggregator: GeometricMedian | Attack: Optimal_ALittleIsEnough_neg1
[ByzFL-SNN]   Distribution: gamma_similarity_niid (gamma=1.0)
[ByzFL-SNN]   Clients: 10 honest, 1 byzantine | Algorithm: DSGD
[ByzFL-SNN]   Learning Rate: 0.15 | Steps: 500 | Device: cuda:0
[ByzFL-SNN]   Validation samples: 12000 | Test samples: 10000
[ByzFL-SNN] Initial VRAM (Alloc/Reserved): 36.1/42.0 MiB
[ByzFL-SNN]   [Step 0/500] (0.0%) | Val Acc: 0.1542 | Test Acc: 0.1595 | VRAM (Alloc/Reserved): 44.3/64.0 MiB | Time: 3.8s
[ByzFL-SNN]   [Step 50/500] (10.0%) | Val Acc: 0.8724 | Test Acc: 0.8820 | VRAM (Alloc/Reserved): 93.7/570.0 MiB | Time: 105.6s
[ByzFL-SNN]   [Step 100/500] (20.0%) | Val Acc: 0.9032 | Test Acc: 0.9108 | VRAM (Alloc/Reserved): 94.7/570.0 MiB | Time: 213.2s
[ByzFL-SNN]   [Step 150/500] (30.0%) | Val Acc: 0.9213 | Test Acc: 0.9290 | VRAM (Alloc/Reserved): 94.4/570.0 MiB | Time: 320.5s
[ByzFL-SNN]   [Step 200/500] (40.0%) | Val Acc: 0.9279 | Test Acc: 0.9348 | VRAM (Alloc/Reserved): 93.9/570.0 MiB | Time: 439.8s
[ByzFL-SNN]   [Step 250/500] (50.0%) | Val Acc: 0.9401 | Test Acc: 0.9473 | VRAM (Alloc/Reserved): 93.0/570.0 MiB | Time: 562.1s
[ByzFL-SNN]   [Step 300/500] (60.0%) | Val Acc: 0.9491 | Test Acc: 0.9523 | VRAM (Alloc/Reserved): 94.5/570.0 MiB | Time: 682.8s
[ByzFL-SNN]   [Step 350/500] (70.0%) | Val Acc: 0.9554 | Test Acc: 0.9589 | VRAM (Alloc/Reserved): 93.5/570.0 MiB | Time: 798.3s
[ByzFL-SNN]   [Step 400/500] (80.0%) | Val Acc: 0.9588 | Test Acc: 0.9643 | VRAM (Alloc/Reserved): 95.0/570.0 MiB | Time: 911.0s
[ByzFL-SNN]   [Step 450/500] (90.0%) | Val Acc: 0.9608 | Test Acc: 0.9654 | VRAM (Alloc/Reserved): 94.1/570.0 MiB | Time: 1027.4s
[ByzFL-SNN] [Training Complete] Peak VRAM (Alloc/Reserved): 351.1/570.0 MiB | Total time: 1158.9s

Training 64 done

[ByzFL-SNN] [Training Start] Model: cnn_mnist | Dataset: mnist
[ByzFL-SNN]   Aggregator: GeometricMedian | Attack: Optimal_InnerProductManipulation
[ByzFL-SNN]   Distribution: gamma_similarity_niid (gamma=0.66)
[ByzFL-SNN]   Clients: 10 honest, 1 byzantine | Algorithm: DSGD
[ByzFL-SNN]   Learning Rate: 0.15 | Steps: 500 | Device: cuda:0
[ByzFL-SNN]   Validation samples: 12000 | Test samples: 10000
[ByzFL-SNN] Initial VRAM (Alloc/Reserved): 36.1/42.0 MiB
[ByzFL-SNN]   [Step 0/500] (0.0%) | Val Acc: 0.1542 | Test Acc: 0.1595 | VRAM (Alloc/Reserved): 44.3/64.0 MiB | Time: 3.3s
[ByzFL-SNN]   [Step 50/500] (10.0%) | Val Acc: 0.8243 | Test Acc: 0.8345 | VRAM (Alloc/Reserved): 93.8/568.0 MiB | Time: 110.1s
[ByzFL-SNN]   [Step 100/500] (20.0%) | Val Acc: 0.8577 | Test Acc: 0.8679 | VRAM (Alloc/Reserved): 93.2/568.0 MiB | Time: 221.9s
[ByzFL-SNN]   [Step 150/500] (30.0%) | Val Acc: 0.9022 | Test Acc: 0.9107 | VRAM (Alloc/Reserved): 94.3/568.0 MiB | Time: 332.3s
[ByzFL-SNN]   [Step 200/500] (40.0%) | Val Acc: 0.9154 | Test Acc: 0.9239 | VRAM (Alloc/Reserved): 94.9/568.0 MiB | Time: 459.2s
[ByzFL-SNN]   [Step 250/500] (50.0%) | Val Acc: 0.9279 | Test Acc: 0.9356 | VRAM (Alloc/Reserved): 94.0/568.0 MiB | Time: 585.7s
[ByzFL-SNN]   [Step 300/500] (60.0%) | Val Acc: 0.9377 | Test Acc: 0.9454 | VRAM (Alloc/Reserved): 94.7/568.0 MiB | Time: 708.8s
[ByzFL-SNN]   [Step 350/500] (70.0%) | Val Acc: 0.9381 | Test Acc: 0.9456 | VRAM (Alloc/Reserved): 93.4/568.0 MiB | Time: 827.3s
[ByzFL-SNN]   [Step 400/500] (80.0%) | Val Acc: 0.9379 | Test Acc: 0.9453 | VRAM (Alloc/Reserved): 94.5/568.0 MiB | Time: 944.6s
[ByzFL-SNN]   [Step 450/500] (90.0%) | Val Acc: 0.9566 | Test Acc: 0.9628 | VRAM (Alloc/Reserved): 94.0/568.0 MiB | Time: 1073.2s
[ByzFL-SNN] [Training Complete] Peak VRAM (Alloc/Reserved): 349.6/568.0 MiB | Total time: 1199.9s

Training 65 done

[ByzFL-SNN] [Training Start] Model: cnn_mnist | Dataset: mnist
[ByzFL-SNN]   Aggregator: GeometricMedian | Attack: Optimal_ALittleIsEnough_neg1
[ByzFL-SNN]   Distribution: gamma_similarity_niid (gamma=0.0)
[ByzFL-SNN]   Clients: 10 honest, 1 byzantine | Algorithm: DSGD
[ByzFL-SNN]   Learning Rate: 0.15 | Steps: 500 | Device: cuda:1
[ByzFL-SNN]   Validation samples: 12000 | Test samples: 10000
[ByzFL-SNN] Initial VRAM (Alloc/Reserved): 36.1/42.0 MiB
[ByzFL-SNN]   [Step 0/500] (0.0%) | Val Acc: 0.1542 | Test Acc: 0.1595 | VRAM (Alloc/Reserved): 44.3/64.0 MiB | Time: 3.6s
[ByzFL-SNN]   [Step 50/500] (10.0%) | Val Acc: 0.6127 | Test Acc: 0.6219 | VRAM (Alloc/Reserved): 93.7/564.0 MiB | Time: 98.9s
[ByzFL-SNN]   [Step 100/500] (20.0%) | Val Acc: 0.7232 | Test Acc: 0.7269 | VRAM (Alloc/Reserved): 94.7/564.0 MiB | Time: 201.1s
[ByzFL-SNN]   [Step 150/500] (30.0%) | Val Acc: 0.7786 | Test Acc: 0.7805 | VRAM (Alloc/Reserved): 94.4/564.0 MiB | Time: 304.6s
[ByzFL-SNN]   [Step 200/500] (40.0%) | Val Acc: 0.7510 | Test Acc: 0.7557 | VRAM (Alloc/Reserved): 93.9/564.0 MiB | Time: 409.9s
[ByzFL-SNN]   [Step 250/500] (50.0%) | Val Acc: 0.7779 | Test Acc: 0.7890 | VRAM (Alloc/Reserved): 93.0/564.0 MiB | Time: 519.6s
[ByzFL-SNN]   [Step 300/500] (60.0%) | Val Acc: 0.7857 | Test Acc: 0.7975 | VRAM (Alloc/Reserved): 94.5/564.0 MiB | Time: 628.9s
[ByzFL-SNN]   [Step 350/500] (70.0%) | Val Acc: 0.7922 | Test Acc: 0.7999 | VRAM (Alloc/Reserved): 93.5/564.0 MiB | Time: 733.8s
[ByzFL-SNN]   [Step 400/500] (80.0%) | Val Acc: 0.8490 | Test Acc: 0.8579 | VRAM (Alloc/Reserved): 95.0/564.0 MiB | Time: 819.3s
[ByzFL-SNN]   [Step 450/500] (90.0%) | Val Acc: 0.8259 | Test Acc: 0.8321 | VRAM (Alloc/Reserved): 94.1/564.0 MiB | Time: 916.5s
[ByzFL-SNN] [Training Complete] Peak VRAM (Alloc/Reserved): 351.1/564.0 MiB | Total time: 1022.2s

Training 66 done

[ByzFL-SNN] [Training Start] Model: cnn_mnist | Dataset: mnist
[ByzFL-SNN]   Aggregator: GeometricMedian | Attack: Optimal_ALittleIsEnough_neg1
[ByzFL-SNN]   Distribution: gamma_similarity_niid (gamma=0.0)
[ByzFL-SNN]   Clients: 10 honest, 1 byzantine | Algorithm: DSGD
[ByzFL-SNN]   Learning Rate: 0.15 | Steps: 500 | Device: cuda:1
[ByzFL-SNN]   Validation samples: 12000 | Test samples: 10000
[ByzFL-SNN] Initial VRAM (Alloc/Reserved): 36.1/42.0 MiB
[ByzFL-SNN]   [Step 0/500] (0.0%) | Val Acc: 0.1542 | Test Acc: 0.1595 | VRAM (Alloc/Reserved): 44.3/64.0 MiB | Time: 3.7s
[ByzFL-SNN]   [Step 50/500] (10.0%) | Val Acc: 0.7117 | Test Acc: 0.7229 | VRAM (Alloc/Reserved): 93.7/564.0 MiB | Time: 99.8s
[ByzFL-SNN]   [Step 100/500] (20.0%) | Val Acc: 0.6112 | Test Acc: 0.6145 | VRAM (Alloc/Reserved): 94.7/564.0 MiB | Time: 202.6s
[ByzFL-SNN]   [Step 150/500] (30.0%) | Val Acc: 0.7529 | Test Acc: 0.7533 | VRAM (Alloc/Reserved): 94.4/564.0 MiB | Time: 306.4s
[ByzFL-SNN]   [Step 200/500] (40.0%) | Val Acc: 0.7949 | Test Acc: 0.8042 | VRAM (Alloc/Reserved): 93.9/564.0 MiB | Time: 410.4s
[ByzFL-SNN]   [Step 250/500] (50.0%) | Val Acc: 0.8275 | Test Acc: 0.8369 | VRAM (Alloc/Reserved): 93.0/564.0 MiB | Time: 522.4s
[ByzFL-SNN]   [Step 300/500] (60.0%) | Val Acc: 0.8227 | Test Acc: 0.8306 | VRAM (Alloc/Reserved): 94.5/564.0 MiB | Time: 634.3s
[ByzFL-SNN]   [Step 350/500] (70.0%) | Val Acc: 0.8548 | Test Acc: 0.8633 | VRAM (Alloc/Reserved): 93.5/564.0 MiB | Time: 737.4s
[ByzFL-SNN]   [Step 400/500] (80.0%) | Val Acc: 0.8385 | Test Acc: 0.8437 | VRAM (Alloc/Reserved): 95.0/564.0 MiB | Time: 823.6s
[ByzFL-SNN]   [Step 450/500] (90.0%) | Val Acc: 0.7950 | Test Acc: 0.8024 | VRAM (Alloc/Reserved): 94.1/564.0 MiB | Time: 923.5s
[ByzFL-SNN] [Training Complete] Peak VRAM (Alloc/Reserved): 351.1/564.0 MiB | Total time: 1029.1s

Training 67 done

[ByzFL-SNN] [Training Start] Model: cnn_mnist | Dataset: mnist
[ByzFL-SNN]   Aggregator: GeometricMedian | Attack: SignFlipping
[ByzFL-SNN]   Distribution: gamma_similarity_niid (gamma=0.66)
[ByzFL-SNN]   Clients: 10 honest, 2 byzantine | Algorithm: DSGD
[ByzFL-SNN]   Learning Rate: 0.15 | Steps: 500 | Device: cuda:1
[ByzFL-SNN]   Validation samples: 12000 | Test samples: 10000
[ByzFL-SNN] Initial VRAM (Alloc/Reserved): 36.1/42.0 MiB
[ByzFL-SNN]   [Step 0/500] (0.0%) | Val Acc: 0.1542 | Test Acc: 0.1595 | VRAM (Alloc/Reserved): 44.3/64.0 MiB | Time: 3.7s
[ByzFL-SNN]   [Step 50/500] (10.0%) | Val Acc: 0.7763 | Test Acc: 0.7736 | VRAM (Alloc/Reserved): 93.7/584.0 MiB | Time: 33.0s
[ByzFL-SNN]   [Step 100/500] (20.0%) | Val Acc: 0.8948 | Test Acc: 0.9022 | VRAM (Alloc/Reserved): 94.2/584.0 MiB | Time: 63.4s
[ByzFL-SNN]   [Step 150/500] (30.0%) | Val Acc: 0.9093 | Test Acc: 0.9175 | VRAM (Alloc/Reserved): 94.0/584.0 MiB | Time: 93.3s
[ByzFL-SNN]   [Step 200/500] (40.0%) | Val Acc: 0.9277 | Test Acc: 0.9320 | VRAM (Alloc/Reserved): 95.0/584.0 MiB | Time: 125.7s
[ByzFL-SNN]   [Step 250/500] (50.0%) | Val Acc: 0.9424 | Test Acc: 0.9500 | VRAM (Alloc/Reserved): 93.9/584.0 MiB | Time: 158.8s
[ByzFL-SNN]   [Step 300/500] (60.0%) | Val Acc: 0.9533 | Test Acc: 0.9596 | VRAM (Alloc/Reserved): 94.5/584.0 MiB | Time: 193.3s
[ByzFL-SNN]   [Step 350/500] (70.0%) | Val Acc: 0.9525 | Test Acc: 0.9592 | VRAM (Alloc/Reserved): 94.1/584.0 MiB | Time: 227.5s
[ByzFL-SNN]   [Step 400/500] (80.0%) | Val Acc: 0.9623 | Test Acc: 0.9678 | VRAM (Alloc/Reserved): 94.1/584.0 MiB | Time: 261.4s
[ByzFL-SNN]   [Step 450/500] (90.0%) | Val Acc: 0.9678 | Test Acc: 0.9735 | VRAM (Alloc/Reserved): 93.3/584.0 MiB | Time: 293.8s
[ByzFL-SNN] [Training Complete] Peak VRAM (Alloc/Reserved): 352.1/584.0 MiB | Total time: 322.5s

Training 68 done

[ByzFL-SNN] [Training Start] Model: cnn_mnist | Dataset: mnist
[ByzFL-SNN]   Aggregator: GeometricMedian | Attack: Optimal_InnerProductManipulation
[ByzFL-SNN]   Distribution: gamma_similarity_niid (gamma=0.33)
[ByzFL-SNN]   Clients: 10 honest, 1 byzantine | Algorithm: DSGD
[ByzFL-SNN]   Learning Rate: 0.15 | Steps: 500 | Device: cuda:1
[ByzFL-SNN]   Validation samples: 12000 | Test samples: 10000
[ByzFL-SNN] Initial VRAM (Alloc/Reserved): 36.1/42.0 MiB
[ByzFL-SNN]   [Step 0/500] (0.0%) | Val Acc: 0.1542 | Test Acc: 0.1595 | VRAM (Alloc/Reserved): 44.3/64.0 MiB | Time: 3.6s
[ByzFL-SNN]   [Step 50/500] (10.0%) | Val Acc: 0.7117 | Test Acc: 0.7095 | VRAM (Alloc/Reserved): 93.8/566.0 MiB | Time: 103.9s
[ByzFL-SNN]   [Step 100/500] (20.0%) | Val Acc: 0.7595 | Test Acc: 0.7606 | VRAM (Alloc/Reserved): 93.2/566.0 MiB | Time: 216.5s
[ByzFL-SNN]   [Step 150/500] (30.0%) | Val Acc: 0.8618 | Test Acc: 0.8690 | VRAM (Alloc/Reserved): 94.3/566.0 MiB | Time: 329.3s
[ByzFL-SNN]   [Step 200/500] (40.0%) | Val Acc: 0.9091 | Test Acc: 0.9139 | VRAM (Alloc/Reserved): 94.9/566.0 MiB | Time: 443.8s
[ByzFL-SNN]   [Step 250/500] (50.0%) | Val Acc: 0.8615 | Test Acc: 0.8611 | VRAM (Alloc/Reserved): 94.0/566.0 MiB | Time: 562.7s
[ByzFL-SNN]   [Step 300/500] (60.0%) | Val Acc: 0.9193 | Test Acc: 0.9280 | VRAM (Alloc/Reserved): 94.7/566.0 MiB | Time: 679.3s
[ByzFL-SNN]   [Step 350/500] (70.0%) | Val Acc: 0.9387 | Test Acc: 0.9455 | VRAM (Alloc/Reserved): 93.4/566.0 MiB | Time: 780.4s
[ByzFL-SNN]   [Step 400/500] (80.0%) | Val Acc: 0.9499 | Test Acc: 0.9558 | VRAM (Alloc/Reserved): 94.5/566.0 MiB | Time: 871.1s
[ByzFL-SNN]   [Step 450/500] (90.0%) | Val Acc: 0.9529 | Test Acc: 0.9584 | VRAM (Alloc/Reserved): 94.0/566.0 MiB | Time: 981.3s
[ByzFL-SNN] [Training Complete] Peak VRAM (Alloc/Reserved): 349.6/566.0 MiB | Total time: 1083.5s

Training 69 done

[ByzFL-SNN] [Training Start] Model: cnn_mnist | Dataset: mnist
[ByzFL-SNN]   Aggregator: GeometricMedian | Attack: Optimal_InnerProductManipulation
[ByzFL-SNN]   Distribution: gamma_similarity_niid (gamma=0.0)
[ByzFL-SNN]   Clients: 10 honest, 1 byzantine | Algorithm: DSGD
[ByzFL-SNN]   Learning Rate: 0.15 | Steps: 500 | Device: cuda:1
[ByzFL-SNN]   Validation samples: 12000 | Test samples: 10000
[ByzFL-SNN] Initial VRAM (Alloc/Reserved): 36.1/42.0 MiB
[ByzFL-SNN]   [Step 0/500] (0.0%) | Val Acc: 0.1542 | Test Acc: 0.1595 | VRAM (Alloc/Reserved): 44.3/64.0 MiB | Time: 3.7s
[ByzFL-SNN]   [Step 50/500] (10.0%) | Val Acc: 0.5670 | Test Acc: 0.5760 | VRAM (Alloc/Reserved): 93.8/564.0 MiB | Time: 110.7s
[ByzFL-SNN]   [Step 100/500] (20.0%) | Val Acc: 0.6831 | Test Acc: 0.6897 | VRAM (Alloc/Reserved): 93.2/564.0 MiB | Time: 216.0s
[ByzFL-SNN]   [Step 150/500] (30.0%) | Val Acc: 0.7266 | Test Acc: 0.7285 | VRAM (Alloc/Reserved): 94.3/564.0 MiB | Time: 320.2s
[ByzFL-SNN]   [Step 200/500] (40.0%) | Val Acc: 0.7578 | Test Acc: 0.7657 | VRAM (Alloc/Reserved): 94.9/564.0 MiB | Time: 427.6s
[ByzFL-SNN]   [Step 250/500] (50.0%) | Val Acc: 0.7839 | Test Acc: 0.7802 | VRAM (Alloc/Reserved): 94.0/564.0 MiB | Time: 541.3s
[ByzFL-SNN]   [Step 300/500] (60.0%) | Val Acc: 0.7599 | Test Acc: 0.7622 | VRAM (Alloc/Reserved): 94.7/564.0 MiB | Time: 659.4s
[ByzFL-SNN]   [Step 350/500] (70.0%) | Val Acc: 0.8195 | Test Acc: 0.8289 | VRAM (Alloc/Reserved): 93.4/564.0 MiB | Time: 757.5s
[ByzFL-SNN]   [Step 400/500] (80.0%) | Val Acc: 0.8195 | Test Acc: 0.8271 | VRAM (Alloc/Reserved): 94.5/564.0 MiB | Time: 853.3s
[ByzFL-SNN]   [Step 450/500] (90.0%) | Val Acc: 0.8008 | Test Acc: 0.8072 | VRAM (Alloc/Reserved): 94.0/564.0 MiB | Time: 967.3s
[ByzFL-SNN] [Training Complete] Peak VRAM (Alloc/Reserved): 349.6/564.0 MiB | Total time: 1071.0s

Training 70 done

[ByzFL-SNN] [Training Start] Model: cnn_mnist | Dataset: mnist
[ByzFL-SNN]   Aggregator: GeometricMedian | Attack: Optimal_InnerProductManipulation
[ByzFL-SNN]   Distribution: gamma_similarity_niid (gamma=0.0)
[ByzFL-SNN]   Clients: 10 honest, 1 byzantine | Algorithm: DSGD
[ByzFL-SNN]   Learning Rate: 0.15 | Steps: 500 | Device: cuda:1
[ByzFL-SNN]   Validation samples: 12000 | Test samples: 10000
[ByzFL-SNN] Initial VRAM (Alloc/Reserved): 36.1/42.0 MiB
[ByzFL-SNN]   [Step 0/500] (0.0%) | Val Acc: 0.1542 | Test Acc: 0.1595 | VRAM (Alloc/Reserved): 44.3/64.0 MiB | Time: 3.6s
[ByzFL-SNN]   [Step 50/500] (10.0%) | Val Acc: 0.6412 | Test Acc: 0.6590 | VRAM (Alloc/Reserved): 93.8/564.0 MiB | Time: 110.2s
[ByzFL-SNN]   [Step 100/500] (20.0%) | Val Acc: 0.7562 | Test Acc: 0.7637 | VRAM (Alloc/Reserved): 93.2/564.0 MiB | Time: 216.0s
[ByzFL-SNN]   [Step 150/500] (30.0%) | Val Acc: 0.7327 | Test Acc: 0.7331 | VRAM (Alloc/Reserved): 94.3/564.0 MiB | Time: 319.2s
[ByzFL-SNN]   [Step 200/500] (40.0%) | Val Acc: 0.7482 | Test Acc: 0.7487 | VRAM (Alloc/Reserved): 94.9/564.0 MiB | Time: 433.8s
[ByzFL-SNN]   [Step 250/500] (50.0%) | Val Acc: 0.7823 | Test Acc: 0.7963 | VRAM (Alloc/Reserved): 94.0/564.0 MiB | Time: 553.2s
[ByzFL-SNN]   [Step 300/500] (60.0%) | Val Acc: 0.7307 | Test Acc: 0.7325 | VRAM (Alloc/Reserved): 94.7/564.0 MiB | Time: 670.9s
[ByzFL-SNN]   [Step 350/500] (70.0%) | Val Acc: 0.7730 | Test Acc: 0.7766 | VRAM (Alloc/Reserved): 93.4/564.0 MiB | Time: 764.2s
[ByzFL-SNN]   [Step 400/500] (80.0%) | Val Acc: 0.8298 | Test Acc: 0.8358 | VRAM (Alloc/Reserved): 94.5/564.0 MiB | Time: 860.3s
[ByzFL-SNN]   [Step 450/500] (90.0%) | Val Acc: 0.7837 | Test Acc: 0.7793 | VRAM (Alloc/Reserved): 94.0/564.0 MiB | Time: 973.6s
[ByzFL-SNN] [Training Complete] Peak VRAM (Alloc/Reserved): 349.6/564.0 MiB | Total time: 1075.2s

Training 71 done

[ByzFL-SNN] [Training Start] Model: cnn_mnist | Dataset: mnist
[ByzFL-SNN]   Aggregator: GeometricMedian | Attack: SignFlipping
[ByzFL-SNN]   Distribution: gamma_similarity_niid (gamma=0.66)
[ByzFL-SNN]   Clients: 10 honest, 2 byzantine | Algorithm: DSGD
[ByzFL-SNN]   Learning Rate: 0.15 | Steps: 500 | Device: cuda:0
[ByzFL-SNN]   Validation samples: 12000 | Test samples: 10000
[ByzFL-SNN] Initial VRAM (Alloc/Reserved): 36.1/42.0 MiB
[ByzFL-SNN]   [Step 0/500] (0.0%) | Val Acc: 0.1542 | Test Acc: 0.1595 | VRAM (Alloc/Reserved): 44.3/64.0 MiB | Time: 3.9s
[ByzFL-SNN]   [Step 50/500] (10.0%) | Val Acc: 0.8230 | Test Acc: 0.8284 | VRAM (Alloc/Reserved): 93.7/584.0 MiB | Time: 45.5s
[ByzFL-SNN]   [Step 100/500] (20.0%) | Val Acc: 0.8889 | Test Acc: 0.8973 | VRAM (Alloc/Reserved): 94.2/584.0 MiB | Time: 85.4s
[ByzFL-SNN]   [Step 150/500] (30.0%) | Val Acc: 0.9165 | Test Acc: 0.9254 | VRAM (Alloc/Reserved): 94.0/584.0 MiB | Time: 121.9s
[ByzFL-SNN]   [Step 200/500] (40.0%) | Val Acc: 0.9270 | Test Acc: 0.9334 | VRAM (Alloc/Reserved): 95.0/584.0 MiB | Time: 157.2s
[ByzFL-SNN]   [Step 250/500] (50.0%) | Val Acc: 0.9456 | Test Acc: 0.9522 | VRAM (Alloc/Reserved): 93.9/584.0 MiB | Time: 191.5s
[ByzFL-SNN]   [Step 300/500] (60.0%) | Val Acc: 0.9438 | Test Acc: 0.9542 | VRAM (Alloc/Reserved): 94.5/584.0 MiB | Time: 225.4s
[ByzFL-SNN]   [Step 350/500] (70.0%) | Val Acc: 0.9607 | Test Acc: 0.9653 | VRAM (Alloc/Reserved): 94.1/584.0 MiB | Time: 259.9s
[ByzFL-SNN]   [Step 400/500] (80.0%) | Val Acc: 0.9625 | Test Acc: 0.9655 | VRAM (Alloc/Reserved): 94.1/584.0 MiB | Time: 293.5s
[ByzFL-SNN]   [Step 450/500] (90.0%) | Val Acc: 0.9700 | Test Acc: 0.9727 | VRAM (Alloc/Reserved): 93.3/584.0 MiB | Time: 330.6s
[ByzFL-SNN] [Training Complete] Peak VRAM (Alloc/Reserved): 352.1/584.0 MiB | Total time: 362.2s

Training 72 done

[ByzFL-SNN] [Training Start] Model: cnn_mnist | Dataset: mnist
[ByzFL-SNN]   Aggregator: GeometricMedian | Attack: SignFlipping
[ByzFL-SNN]   Distribution: gamma_similarity_niid (gamma=0.66)
[ByzFL-SNN]   Clients: 10 honest, 2 byzantine | Algorithm: DSGD
[ByzFL-SNN]   Learning Rate: 0.15 | Steps: 500 | Device: cuda:0
[ByzFL-SNN]   Validation samples: 12000 | Test samples: 10000
[ByzFL-SNN] Initial VRAM (Alloc/Reserved): 36.1/42.0 MiB
[ByzFL-SNN]   [Step 0/500] (0.0%) | Val Acc: 0.1542 | Test Acc: 0.1595 | VRAM (Alloc/Reserved): 44.3/64.0 MiB | Time: 4.2s
[ByzFL-SNN]   [Step 50/500] (10.0%) | Val Acc: 0.8153 | Test Acc: 0.8204 | VRAM (Alloc/Reserved): 93.7/584.0 MiB | Time: 45.0s
[ByzFL-SNN]   [Step 100/500] (20.0%) | Val Acc: 0.8994 | Test Acc: 0.9078 | VRAM (Alloc/Reserved): 94.2/584.0 MiB | Time: 81.2s
[ByzFL-SNN]   [Step 150/500] (30.0%) | Val Acc: 0.9170 | Test Acc: 0.9247 | VRAM (Alloc/Reserved): 94.0/584.0 MiB | Time: 117.1s
[ByzFL-SNN]   [Step 200/500] (40.0%) | Val Acc: 0.9302 | Test Acc: 0.9360 | VRAM (Alloc/Reserved): 95.0/584.0 MiB | Time: 151.3s
[ByzFL-SNN]   [Step 250/500] (50.0%) | Val Acc: 0.9502 | Test Acc: 0.9551 | VRAM (Alloc/Reserved): 93.9/584.0 MiB | Time: 185.1s
[ByzFL-SNN]   [Step 300/500] (60.0%) | Val Acc: 0.9514 | Test Acc: 0.9565 | VRAM (Alloc/Reserved): 94.5/584.0 MiB | Time: 219.2s
[ByzFL-SNN]   [Step 350/500] (70.0%) | Val Acc: 0.9584 | Test Acc: 0.9634 | VRAM (Alloc/Reserved): 94.1/584.0 MiB | Time: 252.9s
[ByzFL-SNN]   [Step 400/500] (80.0%) | Val Acc: 0.9635 | Test Acc: 0.9683 | VRAM (Alloc/Reserved): 94.1/584.0 MiB | Time: 290.1s
[ByzFL-SNN]   [Step 450/500] (90.0%) | Val Acc: 0.9692 | Test Acc: 0.9721 | VRAM (Alloc/Reserved): 93.3/584.0 MiB | Time: 326.1s
[ByzFL-SNN] [Training Complete] Peak VRAM (Alloc/Reserved): 352.1/584.0 MiB | Total time: 361.1s

Training 73 done

[ByzFL-SNN] [Training Start] Model: cnn_mnist | Dataset: mnist
[ByzFL-SNN]   Aggregator: GeometricMedian | Attack: Optimal_ALittleIsEnough_neg1
[ByzFL-SNN]   Distribution: gamma_similarity_niid (gamma=0.0)
[ByzFL-SNN]   Clients: 10 honest, 1 byzantine | Algorithm: DSGD
[ByzFL-SNN]   Learning Rate: 0.15 | Steps: 500 | Device: cuda:0
[ByzFL-SNN]   Validation samples: 12000 | Test samples: 10000
[ByzFL-SNN] Initial VRAM (Alloc/Reserved): 36.1/42.0 MiB
[ByzFL-SNN]   [Step 0/500] (0.0%) | Val Acc: 0.1542 | Test Acc: 0.1595 | VRAM (Alloc/Reserved): 44.3/64.0 MiB | Time: 4.1s
[ByzFL-SNN]   [Step 50/500] (10.0%) | Val Acc: 0.5907 | Test Acc: 0.5970 | VRAM (Alloc/Reserved): 93.7/564.0 MiB | Time: 112.8s
[ByzFL-SNN]   [Step 100/500] (20.0%) | Val Acc: 0.7313 | Test Acc: 0.7343 | VRAM (Alloc/Reserved): 94.7/564.0 MiB | Time: 229.0s
[ByzFL-SNN]   [Step 150/500] (30.0%) | Val Acc: 0.6521 | Test Acc: 0.6489 | VRAM (Alloc/Reserved): 94.4/564.0 MiB | Time: 347.8s
[ByzFL-SNN]   [Step 200/500] (40.0%) | Val Acc: 0.8096 | Test Acc: 0.8182 | VRAM (Alloc/Reserved): 93.9/564.0 MiB | Time: 459.1s
[ByzFL-SNN]   [Step 250/500] (50.0%) | Val Acc: 0.7702 | Test Acc: 0.7736 | VRAM (Alloc/Reserved): 93.0/564.0 MiB | Time: 569.8s
[ByzFL-SNN]   [Step 300/500] (60.0%) | Val Acc: 0.8884 | Test Acc: 0.8908 | VRAM (Alloc/Reserved): 94.5/564.0 MiB | Time: 680.3s
[ByzFL-SNN]   [Step 350/500] (70.0%) | Val Acc: 0.8682 | Test Acc: 0.8753 | VRAM (Alloc/Reserved): 93.5/564.0 MiB | Time: 808.8s
[ByzFL-SNN]   [Step 400/500] (80.0%) | Val Acc: 0.8297 | Test Acc: 0.8372 | VRAM (Alloc/Reserved): 95.0/564.0 MiB | Time: 927.4s
[ByzFL-SNN]   [Step 450/500] (90.0%) | Val Acc: 0.8963 | Test Acc: 0.9052 | VRAM (Alloc/Reserved): 94.1/564.0 MiB | Time: 1037.6s
[ByzFL-SNN] [Training Complete] Peak VRAM (Alloc/Reserved): 351.1/564.0 MiB | Total time: 1160.3s

Training 74 done

[ByzFL-SNN] [Training Start] Model: cnn_mnist | Dataset: mnist
[ByzFL-SNN]   Aggregator: GeometricMedian | Attack: SignFlipping
[ByzFL-SNN]   Distribution: gamma_similarity_niid (gamma=0.33)
[ByzFL-SNN]   Clients: 10 honest, 2 byzantine | Algorithm: DSGD
[ByzFL-SNN]   Learning Rate: 0.15 | Steps: 500 | Device: cuda:1
[ByzFL-SNN]   Validation samples: 12000 | Test samples: 10000
[ByzFL-SNN] Initial VRAM (Alloc/Reserved): 36.1/42.0 MiB
[ByzFL-SNN]   [Step 0/500] (0.0%) | Val Acc: 0.1542 | Test Acc: 0.1595 | VRAM (Alloc/Reserved): 44.3/64.0 MiB | Time: 4.1s
[ByzFL-SNN]   [Step 50/500] (10.0%) | Val Acc: 0.7653 | Test Acc: 0.7733 | VRAM (Alloc/Reserved): 93.7/582.0 MiB | Time: 37.0s
[ByzFL-SNN]   [Step 100/500] (20.0%) | Val Acc: 0.8433 | Test Acc: 0.8474 | VRAM (Alloc/Reserved): 94.2/582.0 MiB | Time: 70.7s
[ByzFL-SNN]   [Step 150/500] (30.0%) | Val Acc: 0.9066 | Test Acc: 0.9162 | VRAM (Alloc/Reserved): 94.0/582.0 MiB | Time: 105.1s
[ByzFL-SNN]   [Step 200/500] (40.0%) | Val Acc: 0.9297 | Test Acc: 0.9356 | VRAM (Alloc/Reserved): 95.0/582.0 MiB | Time: 139.0s
[ByzFL-SNN]   [Step 250/500] (50.0%) | Val Acc: 0.9458 | Test Acc: 0.9536 | VRAM (Alloc/Reserved): 93.9/582.0 MiB | Time: 172.3s
[ByzFL-SNN]   [Step 300/500] (60.0%) | Val Acc: 0.9535 | Test Acc: 0.9614 | VRAM (Alloc/Reserved): 94.5/582.0 MiB | Time: 203.3s
[ByzFL-SNN]   [Step 350/500] (70.0%) | Val Acc: 0.9539 | Test Acc: 0.9580 | VRAM (Alloc/Reserved): 94.1/582.0 MiB | Time: 233.2s
[ByzFL-SNN]   [Step 400/500] (80.0%) | Val Acc: 0.9613 | Test Acc: 0.9677 | VRAM (Alloc/Reserved): 94.1/582.0 MiB | Time: 260.6s
[ByzFL-SNN]   [Step 450/500] (90.0%) | Val Acc: 0.9628 | Test Acc: 0.9672 | VRAM (Alloc/Reserved): 93.3/582.0 MiB | Time: 288.9s
[ByzFL-SNN] [Training Complete] Peak VRAM (Alloc/Reserved): 352.1/582.0 MiB | Total time: 314.4s

Training 75 done

[ByzFL-SNN] [Training Start] Model: cnn_mnist | Dataset: mnist
[ByzFL-SNN]   Aggregator: GeometricMedian | Attack: Optimal_InnerProductManipulation
[ByzFL-SNN]   Distribution: gamma_similarity_niid (gamma=0.33)
[ByzFL-SNN]   Clients: 10 honest, 1 byzantine | Algorithm: DSGD
[ByzFL-SNN]   Learning Rate: 0.15 | Steps: 500 | Device: cuda:0
[ByzFL-SNN]   Validation samples: 12000 | Test samples: 10000
[ByzFL-SNN] Initial VRAM (Alloc/Reserved): 36.1/42.0 MiB
[ByzFL-SNN]   [Step 0/500] (0.0%) | Val Acc: 0.1542 | Test Acc: 0.1595 | VRAM (Alloc/Reserved): 44.3/64.0 MiB | Time: 3.6s
[ByzFL-SNN]   [Step 50/500] (10.0%) | Val Acc: 0.6907 | Test Acc: 0.6969 | VRAM (Alloc/Reserved): 93.8/566.0 MiB | Time: 117.2s
[ByzFL-SNN]   [Step 100/500] (20.0%) | Val Acc: 0.8444 | Test Acc: 0.8529 | VRAM (Alloc/Reserved): 93.2/566.0 MiB | Time: 239.2s
[ByzFL-SNN]   [Step 150/500] (30.0%) | Val Acc: 0.8397 | Test Acc: 0.8448 | VRAM (Alloc/Reserved): 94.3/566.0 MiB | Time: 366.5s
[ByzFL-SNN]   [Step 200/500] (40.0%) | Val Acc: 0.9184 | Test Acc: 0.9239 | VRAM (Alloc/Reserved): 94.9/566.0 MiB | Time: 485.6s
[ByzFL-SNN]   [Step 250/500] (50.0%) | Val Acc: 0.9318 | Test Acc: 0.9349 | VRAM (Alloc/Reserved): 94.0/566.0 MiB | Time: 601.4s
[ByzFL-SNN]   [Step 300/500] (60.0%) | Val Acc: 0.9387 | Test Acc: 0.9427 | VRAM (Alloc/Reserved): 94.7/566.0 MiB | Time: 720.6s
[ByzFL-SNN]   [Step 350/500] (70.0%) | Val Acc: 0.9503 | Test Acc: 0.9532 | VRAM (Alloc/Reserved): 93.4/566.0 MiB | Time: 856.3s
[ByzFL-SNN]   [Step 400/500] (80.0%) | Val Acc: 0.9510 | Test Acc: 0.9555 | VRAM (Alloc/Reserved): 94.5/566.0 MiB | Time: 966.7s
[ByzFL-SNN]   [Step 450/500] (90.0%) | Val Acc: 0.9524 | Test Acc: 0.9579 | VRAM (Alloc/Reserved): 94.0/566.0 MiB | Time: 1081.0s
[ByzFL-SNN] [Training Complete] Peak VRAM (Alloc/Reserved): 349.6/566.0 MiB | Total time: 1200.8s

Training 76 done

[ByzFL-SNN] [Training Start] Model: cnn_mnist | Dataset: mnist
[ByzFL-SNN]   Aggregator: GeometricMedian | Attack: Optimal_InnerProductManipulation
[ByzFL-SNN]   Distribution: gamma_similarity_niid (gamma=0.33)
[ByzFL-SNN]   Clients: 10 honest, 1 byzantine | Algorithm: DSGD
[ByzFL-SNN]   Learning Rate: 0.15 | Steps: 500 | Device: cuda:0
[ByzFL-SNN]   Validation samples: 12000 | Test samples: 10000
[ByzFL-SNN] Initial VRAM (Alloc/Reserved): 36.1/42.0 MiB
[ByzFL-SNN]   [Step 0/500] (0.0%) | Val Acc: 0.1542 | Test Acc: 0.1595 | VRAM (Alloc/Reserved): 44.3/64.0 MiB | Time: 3.5s
[ByzFL-SNN]   [Step 50/500] (10.0%) | Val Acc: 0.7065 | Test Acc: 0.7179 | VRAM (Alloc/Reserved): 93.8/566.0 MiB | Time: 115.1s
[ByzFL-SNN]   [Step 100/500] (20.0%) | Val Acc: 0.8488 | Test Acc: 0.8615 | VRAM (Alloc/Reserved): 93.2/566.0 MiB | Time: 237.9s
[ByzFL-SNN]   [Step 150/500] (30.0%) | Val Acc: 0.7958 | Test Acc: 0.8068 | VRAM (Alloc/Reserved): 94.3/566.0 MiB | Time: 364.2s
[ByzFL-SNN]   [Step 200/500] (40.0%) | Val Acc: 0.8943 | Test Acc: 0.9028 | VRAM (Alloc/Reserved): 94.9/566.0 MiB | Time: 484.4s
[ByzFL-SNN]   [Step 250/500] (50.0%) | Val Acc: 0.8904 | Test Acc: 0.8981 | VRAM (Alloc/Reserved): 94.0/566.0 MiB | Time: 602.7s
[ByzFL-SNN]   [Step 300/500] (60.0%) | Val Acc: 0.8970 | Test Acc: 0.9027 | VRAM (Alloc/Reserved): 94.7/566.0 MiB | Time: 719.2s
[ByzFL-SNN]   [Step 350/500] (70.0%) | Val Acc: 0.9062 | Test Acc: 0.9129 | VRAM (Alloc/Reserved): 93.4/566.0 MiB | Time: 856.5s
[ByzFL-SNN]   [Step 400/500] (80.0%) | Val Acc: 0.9467 | Test Acc: 0.9536 | VRAM (Alloc/Reserved): 94.5/566.0 MiB | Time: 973.0s
[ByzFL-SNN]   [Step 450/500] (90.0%) | Val Acc: 0.9350 | Test Acc: 0.9403 | VRAM (Alloc/Reserved): 94.0/566.0 MiB | Time: 1091.4s
[ByzFL-SNN] [Training Complete] Peak VRAM (Alloc/Reserved): 349.6/566.0 MiB | Total time: 1217.7s

Training 77 done

[ByzFL-SNN] [Training Start] Model: cnn_mnist | Dataset: mnist
[ByzFL-SNN]   Aggregator: GeometricMedian | Attack: SignFlipping
[ByzFL-SNN]   Distribution: gamma_similarity_niid (gamma=0.33)
[ByzFL-SNN]   Clients: 10 honest, 2 byzantine | Algorithm: DSGD
[ByzFL-SNN]   Learning Rate: 0.15 | Steps: 500 | Device: cuda:0
[ByzFL-SNN]   Validation samples: 12000 | Test samples: 10000
[ByzFL-SNN] Initial VRAM (Alloc/Reserved): 36.1/42.0 MiB
[ByzFL-SNN]   [Step 0/500] (0.0%) | Val Acc: 0.1542 | Test Acc: 0.1595 | VRAM (Alloc/Reserved): 44.3/64.0 MiB | Time: 3.7s
[ByzFL-SNN]   [Step 50/500] (10.0%) | Val Acc: 0.7361 | Test Acc: 0.7332 | VRAM (Alloc/Reserved): 93.7/582.0 MiB | Time: 39.8s
[ByzFL-SNN]   [Step 100/500] (20.0%) | Val Acc: 0.8376 | Test Acc: 0.8388 | VRAM (Alloc/Reserved): 94.2/582.0 MiB | Time: 74.0s
[ByzFL-SNN]   [Step 150/500] (30.0%) | Val Acc: 0.8963 | Test Acc: 0.8983 | VRAM (Alloc/Reserved): 94.0/582.0 MiB | Time: 108.0s
[ByzFL-SNN]   [Step 200/500] (40.0%) | Val Acc: 0.9140 | Test Acc: 0.9229 | VRAM (Alloc/Reserved): 95.0/582.0 MiB | Time: 142.4s
[ByzFL-SNN]   [Step 250/500] (50.0%) | Val Acc: 0.9459 | Test Acc: 0.9499 | VRAM (Alloc/Reserved): 93.9/582.0 MiB | Time: 176.5s
[ByzFL-SNN]   [Step 300/500] (60.0%) | Val Acc: 0.9512 | Test Acc: 0.9569 | VRAM (Alloc/Reserved): 94.5/582.0 MiB | Time: 214.1s
[ByzFL-SNN]   [Step 350/500] (70.0%) | Val Acc: 0.9544 | Test Acc: 0.9572 | VRAM (Alloc/Reserved): 94.1/582.0 MiB | Time: 250.3s
[ByzFL-SNN]   [Step 400/500] (80.0%) | Val Acc: 0.9603 | Test Acc: 0.9661 | VRAM (Alloc/Reserved): 94.1/582.0 MiB | Time: 288.7s
[ByzFL-SNN]   [Step 450/500] (90.0%) | Val Acc: 0.9653 | Test Acc: 0.9702 | VRAM (Alloc/Reserved): 93.3/582.0 MiB | Time: 324.2s
[ByzFL-SNN] [Training Complete] Peak VRAM (Alloc/Reserved): 352.1/582.0 MiB | Total time: 355.2s

Training 78 done

[ByzFL-SNN] [Training Start] Model: cnn_mnist | Dataset: mnist
[ByzFL-SNN]   Aggregator: GeometricMedian | Attack: SignFlipping
[ByzFL-SNN]   Distribution: gamma_similarity_niid (gamma=0.33)
[ByzFL-SNN]   Clients: 10 honest, 2 byzantine | Algorithm: DSGD
[ByzFL-SNN]   Learning Rate: 0.15 | Steps: 500 | Device: cuda:1
[ByzFL-SNN]   Validation samples: 12000 | Test samples: 10000
[ByzFL-SNN] Initial VRAM (Alloc/Reserved): 36.1/42.0 MiB
[ByzFL-SNN]   [Step 0/500] (0.0%) | Val Acc: 0.1542 | Test Acc: 0.1595 | VRAM (Alloc/Reserved): 44.3/64.0 MiB | Time: 3.6s
[ByzFL-SNN]   [Step 50/500] (10.0%) | Val Acc: 0.7885 | Test Acc: 0.7957 | VRAM (Alloc/Reserved): 93.7/582.0 MiB | Time: 38.3s
[ByzFL-SNN]   [Step 100/500] (20.0%) | Val Acc: 0.8769 | Test Acc: 0.8845 | VRAM (Alloc/Reserved): 94.2/582.0 MiB | Time: 72.1s
[ByzFL-SNN]   [Step 150/500] (30.0%) | Val Acc: 0.9143 | Test Acc: 0.9216 | VRAM (Alloc/Reserved): 94.0/582.0 MiB | Time: 105.7s
[ByzFL-SNN]   [Step 200/500] (40.0%) | Val Acc: 0.9244 | Test Acc: 0.9302 | VRAM (Alloc/Reserved): 95.0/582.0 MiB | Time: 138.1s
[ByzFL-SNN]   [Step 250/500] (50.0%) | Val Acc: 0.9406 | Test Acc: 0.9445 | VRAM (Alloc/Reserved): 93.9/582.0 MiB | Time: 169.5s
[ByzFL-SNN]   [Step 300/500] (60.0%) | Val Acc: 0.9569 | Test Acc: 0.9610 | VRAM (Alloc/Reserved): 94.5/582.0 MiB | Time: 198.6s
[ByzFL-SNN]   [Step 350/500] (70.0%) | Val Acc: 0.9623 | Test Acc: 0.9699 | VRAM (Alloc/Reserved): 94.1/582.0 MiB | Time: 226.5s
[ByzFL-SNN]   [Step 400/500] (80.0%) | Val Acc: 0.9593 | Test Acc: 0.9631 | VRAM (Alloc/Reserved): 94.1/582.0 MiB | Time: 255.0s
[ByzFL-SNN]   [Step 450/500] (90.0%) | Val Acc: 0.9638 | Test Acc: 0.9716 | VRAM (Alloc/Reserved): 93.3/582.0 MiB | Time: 283.3s
[ByzFL-SNN] [Training Complete] Peak VRAM (Alloc/Reserved): 352.1/582.0 MiB | Total time: 310.0s

Training 79 done

[ByzFL-SNN] [Training Start] Model: cnn_mnist | Dataset: mnist
[ByzFL-SNN]   Aggregator: GeometricMedian | Attack: Optimal_ALittleIsEnough_neg1
[ByzFL-SNN]   Distribution: gamma_similarity_niid (gamma=1.0)
[ByzFL-SNN]   Clients: 10 honest, 2 byzantine | Algorithm: DSGD
[ByzFL-SNN]   Learning Rate: 0.15 | Steps: 500 | Device: cuda:1
[ByzFL-SNN]   Validation samples: 12000 | Test samples: 10000
[ByzFL-SNN] Initial VRAM (Alloc/Reserved): 36.1/42.0 MiB
[ByzFL-SNN]   [Step 0/500] (0.0%) | Val Acc: 0.1542 | Test Acc: 0.1595 | VRAM (Alloc/Reserved): 44.3/64.0 MiB | Time: 3.8s
[ByzFL-SNN]   [Step 50/500] (10.0%) | Val Acc: 0.8598 | Test Acc: 0.8696 | VRAM (Alloc/Reserved): 93.7/586.0 MiB | Time: 129.6s
[ByzFL-SNN]   [Step 100/500] (20.0%) | Val Acc: 0.9028 | Test Acc: 0.9115 | VRAM (Alloc/Reserved): 94.7/586.0 MiB | Time: 253.1s
[ByzFL-SNN]   [Step 150/500] (30.0%) | Val Acc: 0.9175 | Test Acc: 0.9225 | VRAM (Alloc/Reserved): 94.4/586.0 MiB | Time: 377.6s
[ByzFL-SNN]   [Step 200/500] (40.0%) | Val Acc: 0.9245 | Test Acc: 0.9337 | VRAM (Alloc/Reserved): 93.9/586.0 MiB | Time: 509.5s
[ByzFL-SNN]   [Step 250/500] (50.0%) | Val Acc: 0.9338 | Test Acc: 0.9424 | VRAM (Alloc/Reserved): 93.5/586.0 MiB | Time: 642.4s
[ByzFL-SNN]   [Step 300/500] (60.0%) | Val Acc: 0.9418 | Test Acc: 0.9489 | VRAM (Alloc/Reserved): 93.0/586.0 MiB | Time: 754.6s
[ByzFL-SNN]   [Step 350/500] (70.0%) | Val Acc: 0.9467 | Test Acc: 0.9524 | VRAM (Alloc/Reserved): 94.2/586.0 MiB | Time: 861.3s
[ByzFL-SNN]   [Step 400/500] (80.0%) | Val Acc: 0.9503 | Test Acc: 0.9560 | VRAM (Alloc/Reserved): 93.8/586.0 MiB | Time: 989.4s
[ByzFL-SNN]   [Step 450/500] (90.0%) | Val Acc: 0.9542 | Test Acc: 0.9595 | VRAM (Alloc/Reserved): 94.9/586.0 MiB | Time: 1101.9s
[ByzFL-SNN] [Training Complete] Peak VRAM (Alloc/Reserved): 357.2/586.0 MiB | Total time: 1209.2s

Training 80 done

[ByzFL-SNN] [Training Start] Model: cnn_mnist | Dataset: mnist
[ByzFL-SNN]   Aggregator: GeometricMedian | Attack: Optimal_InnerProductManipulation
[ByzFL-SNN]   Distribution: gamma_similarity_niid (gamma=0.0)
[ByzFL-SNN]   Clients: 10 honest, 1 byzantine | Algorithm: DSGD
[ByzFL-SNN]   Learning Rate: 0.15 | Steps: 500 | Device: cuda:0
[ByzFL-SNN]   Validation samples: 12000 | Test samples: 10000
[ByzFL-SNN] Initial VRAM (Alloc/Reserved): 36.1/42.0 MiB
[ByzFL-SNN]   [Step 0/500] (0.0%) | Val Acc: 0.1542 | Test Acc: 0.1595 | VRAM (Alloc/Reserved): 44.3/64.0 MiB | Time: 4.0s
[ByzFL-SNN]   [Step 50/500] (10.0%) | Val Acc: 0.5820 | Test Acc: 0.5906 | VRAM (Alloc/Reserved): 93.8/564.0 MiB | Time: 125.3s
[ByzFL-SNN]   [Step 100/500] (20.0%) | Val Acc: 0.7112 | Test Acc: 0.7124 | VRAM (Alloc/Reserved): 93.2/564.0 MiB | Time: 243.1s
[ByzFL-SNN]   [Step 150/500] (30.0%) | Val Acc: 0.7310 | Test Acc: 0.7379 | VRAM (Alloc/Reserved): 94.3/564.0 MiB | Time: 359.3s
[ByzFL-SNN]   [Step 200/500] (40.0%) | Val Acc: 0.7480 | Test Acc: 0.7481 | VRAM (Alloc/Reserved): 94.9/564.0 MiB | Time: 471.4s
[ByzFL-SNN]   [Step 250/500] (50.0%) | Val Acc: 0.7586 | Test Acc: 0.7584 | VRAM (Alloc/Reserved): 94.0/564.0 MiB | Time: 592.1s
[ByzFL-SNN]   [Step 300/500] (60.0%) | Val Acc: 0.8067 | Test Acc: 0.8160 | VRAM (Alloc/Reserved): 94.7/564.0 MiB | Time: 717.1s
[ByzFL-SNN]   [Step 350/500] (70.0%) | Val Acc: 0.8213 | Test Acc: 0.8277 | VRAM (Alloc/Reserved): 93.4/564.0 MiB | Time: 854.4s
[ByzFL-SNN]   [Step 400/500] (80.0%) | Val Acc: 0.6969 | Test Acc: 0.6941 | VRAM (Alloc/Reserved): 94.5/564.0 MiB | Time: 972.4s
[ByzFL-SNN]   [Step 450/500] (90.0%) | Val Acc: 0.8123 | Test Acc: 0.8199 | VRAM (Alloc/Reserved): 94.0/564.0 MiB | Time: 1099.2s
[ByzFL-SNN] [Training Complete] Peak VRAM (Alloc/Reserved): 349.6/564.0 MiB | Total time: 1226.8s

Training 81 done

[ByzFL-SNN] [Training Start] Model: cnn_mnist | Dataset: mnist
[ByzFL-SNN]   Aggregator: GeometricMedian | Attack: Optimal_ALittleIsEnough_neg1
[ByzFL-SNN]   Distribution: gamma_similarity_niid (gamma=1.0)
[ByzFL-SNN]   Clients: 10 honest, 2 byzantine | Algorithm: DSGD
[ByzFL-SNN]   Learning Rate: 0.15 | Steps: 500 | Device: cuda:0
[ByzFL-SNN]   Validation samples: 12000 | Test samples: 10000
[ByzFL-SNN] Initial VRAM (Alloc/Reserved): 36.1/42.0 MiB
[ByzFL-SNN]   [Step 0/500] (0.0%) | Val Acc: 0.1542 | Test Acc: 0.1595 | VRAM (Alloc/Reserved): 44.3/64.0 MiB | Time: 3.6s
[ByzFL-SNN]   [Step 50/500] (10.0%) | Val Acc: 0.8642 | Test Acc: 0.8726 | VRAM (Alloc/Reserved): 93.7/586.0 MiB | Time: 147.6s
[ByzFL-SNN]   [Step 100/500] (20.0%) | Val Acc: 0.8994 | Test Acc: 0.9093 | VRAM (Alloc/Reserved): 94.7/586.0 MiB | Time: 287.0s
[ByzFL-SNN]   [Step 150/500] (30.0%) | Val Acc: 0.9186 | Test Acc: 0.9266 | VRAM (Alloc/Reserved): 94.4/586.0 MiB | Time: 421.5s
[ByzFL-SNN]   [Step 200/500] (40.0%) | Val Acc: 0.9272 | Test Acc: 0.9341 | VRAM (Alloc/Reserved): 93.9/586.0 MiB | Time: 554.1s
[ByzFL-SNN]   [Step 250/500] (50.0%) | Val Acc: 0.9336 | Test Acc: 0.9403 | VRAM (Alloc/Reserved): 93.5/586.0 MiB | Time: 688.7s
[ByzFL-SNN]   [Step 300/500] (60.0%) | Val Acc: 0.9401 | Test Acc: 0.9486 | VRAM (Alloc/Reserved): 93.0/586.0 MiB | Time: 845.0s
[ByzFL-SNN]   [Step 350/500] (70.0%) | Val Acc: 0.9463 | Test Acc: 0.9532 | VRAM (Alloc/Reserved): 94.2/586.0 MiB | Time: 978.9s
[ByzFL-SNN]   [Step 400/500] (80.0%) | Val Acc: 0.9431 | Test Acc: 0.9489 | VRAM (Alloc/Reserved): 93.8/586.0 MiB | Time: 1128.7s
[ByzFL-SNN]   [Step 450/500] (90.0%) | Val Acc: 0.9483 | Test Acc: 0.9541 | VRAM (Alloc/Reserved): 94.9/586.0 MiB | Time: 1272.3s
[ByzFL-SNN] [Training Complete] Peak VRAM (Alloc/Reserved): 357.2/586.0 MiB | Total time: 1411.0s

Training 82 done

[ByzFL-SNN] [Training Start] Model: cnn_mnist | Dataset: mnist
[ByzFL-SNN]   Aggregator: GeometricMedian | Attack: Optimal_ALittleIsEnough_neg1
[ByzFL-SNN]   Distribution: gamma_similarity_niid (gamma=1.0)
[ByzFL-SNN]   Clients: 10 honest, 2 byzantine | Algorithm: DSGD
[ByzFL-SNN]   Learning Rate: 0.15 | Steps: 500 | Device: cuda:0
[ByzFL-SNN]   Validation samples: 12000 | Test samples: 10000
[ByzFL-SNN] Initial VRAM (Alloc/Reserved): 36.1/42.0 MiB
[ByzFL-SNN]   [Step 0/500] (0.0%) | Val Acc: 0.1542 | Test Acc: 0.1595 | VRAM (Alloc/Reserved): 44.3/64.0 MiB | Time: 4.0s
[ByzFL-SNN]   [Step 50/500] (10.0%) | Val Acc: 0.8721 | Test Acc: 0.8816 | VRAM (Alloc/Reserved): 93.7/586.0 MiB | Time: 145.4s
[ByzFL-SNN]   [Step 100/500] (20.0%) | Val Acc: 0.9024 | Test Acc: 0.9084 | VRAM (Alloc/Reserved): 94.7/586.0 MiB | Time: 286.1s
[ByzFL-SNN]   [Step 150/500] (30.0%) | Val Acc: 0.9184 | Test Acc: 0.9252 | VRAM (Alloc/Reserved): 94.4/586.0 MiB | Time: 422.2s
[ByzFL-SNN]   [Step 200/500] (40.0%) | Val Acc: 0.9230 | Test Acc: 0.9309 | VRAM (Alloc/Reserved): 93.9/586.0 MiB | Time: 553.4s
[ByzFL-SNN]   [Step 250/500] (50.0%) | Val Acc: 0.9353 | Test Acc: 0.9407 | VRAM (Alloc/Reserved): 93.5/586.0 MiB | Time: 689.7s
[ByzFL-SNN]   [Step 300/500] (60.0%) | Val Acc: 0.9399 | Test Acc: 0.9457 | VRAM (Alloc/Reserved): 93.0/586.0 MiB | Time: 844.9s
[ByzFL-SNN]   [Step 350/500] (70.0%) | Val Acc: 0.9454 | Test Acc: 0.9500 | VRAM (Alloc/Reserved): 94.2/586.0 MiB | Time: 979.0s
[ByzFL-SNN]   [Step 400/500] (80.0%) | Val Acc: 0.9471 | Test Acc: 0.9536 | VRAM (Alloc/Reserved): 93.8/586.0 MiB | Time: 1126.9s
[ByzFL-SNN]   [Step 450/500] (90.0%) | Val Acc: 0.9532 | Test Acc: 0.9583 | VRAM (Alloc/Reserved): 94.9/586.0 MiB | Time: 1270.4s
[ByzFL-SNN] [Training Complete] Peak VRAM (Alloc/Reserved): 357.2/586.0 MiB | Total time: 1411.4s

Training 83 done

[ByzFL-SNN] [Training Start] Model: cnn_mnist | Dataset: mnist
[ByzFL-SNN]   Aggregator: GeometricMedian | Attack: SignFlipping
[ByzFL-SNN]   Distribution: gamma_similarity_niid (gamma=0.0)
[ByzFL-SNN]   Clients: 10 honest, 2 byzantine | Algorithm: DSGD
[ByzFL-SNN]   Learning Rate: 0.15 | Steps: 500 | Device: cuda:1
[ByzFL-SNN]   Validation samples: 12000 | Test samples: 10000
[ByzFL-SNN] Initial VRAM (Alloc/Reserved): 36.1/42.0 MiB
[ByzFL-SNN]   [Step 0/500] (0.0%) | Val Acc: 0.1542 | Test Acc: 0.1595 | VRAM (Alloc/Reserved): 44.3/64.0 MiB | Time: 3.7s
[ByzFL-SNN]   [Step 50/500] (10.0%) | Val Acc: 0.7064 | Test Acc: 0.7125 | VRAM (Alloc/Reserved): 93.7/580.0 MiB | Time: 34.0s
[ByzFL-SNN]   [Step 100/500] (20.0%) | Val Acc: 0.7778 | Test Acc: 0.7855 | VRAM (Alloc/Reserved): 94.2/580.0 MiB | Time: 65.2s
[ByzFL-SNN]   [Step 150/500] (30.0%) | Val Acc: 0.8244 | Test Acc: 0.8340 | VRAM (Alloc/Reserved): 94.0/580.0 MiB | Time: 97.4s
[ByzFL-SNN]   [Step 200/500] (40.0%) | Val Acc: 0.7866 | Test Acc: 0.7859 | VRAM (Alloc/Reserved): 95.0/580.0 MiB | Time: 129.6s
[ByzFL-SNN]   [Step 250/500] (50.0%) | Val Acc: 0.7789 | Test Acc: 0.7789 | VRAM (Alloc/Reserved): 93.9/580.0 MiB | Time: 162.1s
[ByzFL-SNN]   [Step 300/500] (60.0%) | Val Acc: 0.7818 | Test Acc: 0.7828 | VRAM (Alloc/Reserved): 94.5/580.0 MiB | Time: 194.6s
[ByzFL-SNN]   [Step 350/500] (70.0%) | Val Acc: 0.7817 | Test Acc: 0.7802 | VRAM (Alloc/Reserved): 94.1/580.0 MiB | Time: 226.8s
[ByzFL-SNN]   [Step 400/500] (80.0%) | Val Acc: 0.7895 | Test Acc: 0.7892 | VRAM (Alloc/Reserved): 94.1/580.0 MiB | Time: 259.1s
[ByzFL-SNN]   [Step 450/500] (90.0%) | Val Acc: 0.6988 | Test Acc: 0.6959 | VRAM (Alloc/Reserved): 93.3/580.0 MiB | Time: 291.8s
[ByzFL-SNN] [Training Complete] Peak VRAM (Alloc/Reserved): 352.1/580.0 MiB | Total time: 322.7s

Training 84 done

[ByzFL-SNN] [Training Start] Model: cnn_mnist | Dataset: mnist
[ByzFL-SNN]   Aggregator: GeometricMedian | Attack: SignFlipping
[ByzFL-SNN]   Distribution: gamma_similarity_niid (gamma=0.0)
[ByzFL-SNN]   Clients: 10 honest, 2 byzantine | Algorithm: DSGD
[ByzFL-SNN]   Learning Rate: 0.15 | Steps: 500 | Device: cuda:0
[ByzFL-SNN]   Validation samples: 12000 | Test samples: 10000
[ByzFL-SNN] Initial VRAM (Alloc/Reserved): 36.1/42.0 MiB
[ByzFL-SNN]   [Step 0/500] (0.0%) | Val Acc: 0.1542 | Test Acc: 0.1595 | VRAM (Alloc/Reserved): 44.3/64.0 MiB | Time: 4.0s
[ByzFL-SNN]   [Step 50/500] (10.0%) | Val Acc: 0.7421 | Test Acc: 0.7474 | VRAM (Alloc/Reserved): 93.7/580.0 MiB | Time: 44.9s
[ByzFL-SNN]   [Step 100/500] (20.0%) | Val Acc: 0.7883 | Test Acc: 0.7918 | VRAM (Alloc/Reserved): 94.2/580.0 MiB | Time: 82.6s
[ByzFL-SNN]   [Step 150/500] (30.0%) | Val Acc: 0.8022 | Test Acc: 0.8068 | VRAM (Alloc/Reserved): 94.0/580.0 MiB | Time: 118.2s
[ByzFL-SNN]   [Step 200/500] (40.0%) | Val Acc: 0.8379 | Test Acc: 0.8466 | VRAM (Alloc/Reserved): 95.0/580.0 MiB | Time: 154.7s
[ByzFL-SNN]   [Step 250/500] (50.0%) | Val Acc: 0.8110 | Test Acc: 0.8125 | VRAM (Alloc/Reserved): 93.9/580.0 MiB | Time: 191.1s
[ByzFL-SNN]   [Step 300/500] (60.0%) | Val Acc: 0.8283 | Test Acc: 0.8312 | VRAM (Alloc/Reserved): 94.5/580.0 MiB | Time: 227.6s
[ByzFL-SNN]   [Step 350/500] (70.0%) | Val Acc: 0.8549 | Test Acc: 0.8585 | VRAM (Alloc/Reserved): 94.1/580.0 MiB | Time: 264.0s
[ByzFL-SNN]   [Step 400/500] (80.0%) | Val Acc: 0.7934 | Test Acc: 0.7971 | VRAM (Alloc/Reserved): 94.1/580.0 MiB | Time: 300.3s
[ByzFL-SNN]   [Step 450/500] (90.0%) | Val Acc: 0.7838 | Test Acc: 0.7829 | VRAM (Alloc/Reserved): 93.3/580.0 MiB | Time: 335.9s
[ByzFL-SNN] [Training Complete] Peak VRAM (Alloc/Reserved): 352.1/580.0 MiB | Total time: 366.6s

Training 85 done

[ByzFL-SNN] [Training Start] Model: cnn_mnist | Dataset: mnist
[ByzFL-SNN]   Aggregator: GeometricMedian | Attack: SignFlipping
[ByzFL-SNN]   Distribution: gamma_similarity_niid (gamma=0.0)
[ByzFL-SNN]   Clients: 10 honest, 2 byzantine | Algorithm: DSGD
[ByzFL-SNN]   Learning Rate: 0.15 | Steps: 500 | Device: cuda:0
[ByzFL-SNN]   Validation samples: 12000 | Test samples: 10000
[ByzFL-SNN] Initial VRAM (Alloc/Reserved): 36.1/42.0 MiB
[ByzFL-SNN]   [Step 0/500] (0.0%) | Val Acc: 0.1542 | Test Acc: 0.1595 | VRAM (Alloc/Reserved): 44.3/64.0 MiB | Time: 4.0s
[ByzFL-SNN]   [Step 50/500] (10.0%) | Val Acc: 0.5804 | Test Acc: 0.5890 | VRAM (Alloc/Reserved): 93.7/580.0 MiB | Time: 42.8s
[ByzFL-SNN]   [Step 100/500] (20.0%) | Val Acc: 0.7483 | Test Acc: 0.7602 | VRAM (Alloc/Reserved): 94.2/580.0 MiB | Time: 79.6s
[ByzFL-SNN]   [Step 150/500] (30.0%) | Val Acc: 0.8059 | Test Acc: 0.8135 | VRAM (Alloc/Reserved): 94.0/580.0 MiB | Time: 116.9s
[ByzFL-SNN]   [Step 200/500] (40.0%) | Val Acc: 0.7594 | Test Acc: 0.7590 | VRAM (Alloc/Reserved): 95.0/580.0 MiB | Time: 153.3s
[ByzFL-SNN]   [Step 250/500] (50.0%) | Val Acc: 0.7788 | Test Acc: 0.7783 | VRAM (Alloc/Reserved): 93.9/580.0 MiB | Time: 190.1s
[ByzFL-SNN]   [Step 300/500] (60.0%) | Val Acc: 0.7811 | Test Acc: 0.7794 | VRAM (Alloc/Reserved): 94.5/580.0 MiB | Time: 226.7s
[ByzFL-SNN]   [Step 350/500] (70.0%) | Val Acc: 0.7815 | Test Acc: 0.7797 | VRAM (Alloc/Reserved): 94.1/580.0 MiB | Time: 263.7s
[ByzFL-SNN]   [Step 400/500] (80.0%) | Val Acc: 0.7750 | Test Acc: 0.7748 | VRAM (Alloc/Reserved): 94.1/580.0 MiB | Time: 298.4s
[ByzFL-SNN]   [Step 450/500] (90.0%) | Val Acc: 0.7406 | Test Acc: 0.7392 | VRAM (Alloc/Reserved): 93.3/580.0 MiB | Time: 332.9s
[ByzFL-SNN] [Training Complete] Peak VRAM (Alloc/Reserved): 352.1/580.0 MiB | Total time: 363.8s

Training 86 done

[ByzFL-SNN] [Training Start] Model: cnn_mnist | Dataset: mnist
[ByzFL-SNN]   Aggregator: GeometricMedian | Attack: SignFlipping
[ByzFL-SNN]   Distribution: gamma_similarity_niid (gamma=1.0)
[ByzFL-SNN]   Clients: 10 honest, 3 byzantine | Algorithm: DSGD
[ByzFL-SNN]   Learning Rate: 0.15 | Steps: 500 | Device: cuda:1
[ByzFL-SNN]   Validation samples: 12000 | Test samples: 10000
[ByzFL-SNN] Initial VRAM (Alloc/Reserved): 36.1/42.0 MiB
[ByzFL-SNN]   [Step 0/500] (0.0%) | Val Acc: 0.1542 | Test Acc: 0.1595 | VRAM (Alloc/Reserved): 44.3/64.0 MiB | Time: 4.3s
[ByzFL-SNN]   [Step 50/500] (10.0%) | Val Acc: 0.8637 | Test Acc: 0.8705 | VRAM (Alloc/Reserved): 93.7/602.0 MiB | Time: 36.9s
[ByzFL-SNN]   [Step 100/500] (20.0%) | Val Acc: 0.8958 | Test Acc: 0.9044 | VRAM (Alloc/Reserved): 94.4/602.0 MiB | Time: 69.9s
[ByzFL-SNN]   [Step 150/500] (30.0%) | Val Acc: 0.9087 | Test Acc: 0.9177 | VRAM (Alloc/Reserved): 95.0/602.0 MiB | Time: 103.3s
[ByzFL-SNN]   [Step 200/500] (40.0%) | Val Acc: 0.9167 | Test Acc: 0.9230 | VRAM (Alloc/Reserved): 94.7/602.0 MiB | Time: 136.4s
[ByzFL-SNN]   [Step 250/500] (50.0%) | Val Acc: 0.9227 | Test Acc: 0.9299 | VRAM (Alloc/Reserved): 94.0/602.0 MiB | Time: 169.0s
[ByzFL-SNN]   [Step 300/500] (60.0%) | Val Acc: 0.9283 | Test Acc: 0.9357 | VRAM (Alloc/Reserved): 94.8/602.0 MiB | Time: 202.4s
[ByzFL-SNN]   [Step 350/500] (70.0%) | Val Acc: 0.9359 | Test Acc: 0.9419 | VRAM (Alloc/Reserved): 94.1/602.0 MiB | Time: 236.6s
[ByzFL-SNN]   [Step 400/500] (80.0%) | Val Acc: 0.9396 | Test Acc: 0.9469 | VRAM (Alloc/Reserved): 94.7/602.0 MiB | Time: 271.4s
[ByzFL-SNN]   [Step 450/500] (90.0%) | Val Acc: 0.9455 | Test Acc: 0.9525 | VRAM (Alloc/Reserved): 94.4/602.0 MiB | Time: 307.2s
[ByzFL-SNN] [Training Complete] Peak VRAM (Alloc/Reserved): 352.6/602.0 MiB | Total time: 338.8s

Training 87 done

[ByzFL-SNN] [Training Start] Model: cnn_mnist | Dataset: mnist
[ByzFL-SNN]   Aggregator: GeometricMedian | Attack: Optimal_InnerProductManipulation
[ByzFL-SNN]   Distribution: gamma_similarity_niid (gamma=1.0)
[ByzFL-SNN]   Clients: 10 honest, 2 byzantine | Algorithm: DSGD
[ByzFL-SNN]   Learning Rate: 0.15 | Steps: 500 | Device: cuda:1
[ByzFL-SNN]   Validation samples: 12000 | Test samples: 10000
[ByzFL-SNN] Initial VRAM (Alloc/Reserved): 36.1/42.0 MiB
[ByzFL-SNN]   [Step 0/500] (0.0%) | Val Acc: 0.1542 | Test Acc: 0.1595 | VRAM (Alloc/Reserved): 44.3/64.0 MiB | Time: 3.7s
[ByzFL-SNN]   [Step 50/500] (10.0%) | Val Acc: 0.8587 | Test Acc: 0.8713 | VRAM (Alloc/Reserved): 93.8/586.0 MiB | Time: 80.8s
[ByzFL-SNN]   [Step 100/500] (20.0%) | Val Acc: 0.9019 | Test Acc: 0.9101 | VRAM (Alloc/Reserved): 93.2/586.0 MiB | Time: 187.5s
[ByzFL-SNN]   [Step 150/500] (30.0%) | Val Acc: 0.9175 | Test Acc: 0.9259 | VRAM (Alloc/Reserved): 93.9/586.0 MiB | Time: 300.3s
[ByzFL-SNN]   [Step 200/500] (40.0%) | Val Acc: 0.9274 | Test Acc: 0.9374 | VRAM (Alloc/Reserved): 93.8/586.0 MiB | Time: 398.4s
[ByzFL-SNN]   [Step 250/500] (50.0%) | Val Acc: 0.9380 | Test Acc: 0.9448 | VRAM (Alloc/Reserved): 94.3/586.0 MiB | Time: 489.5s
[ByzFL-SNN]   [Step 300/500] (60.0%) | Val Acc: 0.9443 | Test Acc: 0.9513 | VRAM (Alloc/Reserved): 93.3/586.0 MiB | Time: 588.4s
[ByzFL-SNN]   [Step 350/500] (70.0%) | Val Acc: 0.9487 | Test Acc: 0.9542 | VRAM (Alloc/Reserved): 95.7/586.0 MiB | Time: 692.4s
[ByzFL-SNN]   [Step 400/500] (80.0%) | Val Acc: 0.9553 | Test Acc: 0.9596 | VRAM (Alloc/Reserved): 94.2/586.0 MiB | Time: 798.8s
[ByzFL-SNN]   [Step 450/500] (90.0%) | Val Acc: 0.9595 | Test Acc: 0.9644 | VRAM (Alloc/Reserved): 93.8/586.0 MiB | Time: 904.9s
[ByzFL-SNN] [Training Complete] Peak VRAM (Alloc/Reserved): 358.9/586.0 MiB | Total time: 1019.7s

Training 88 done

[ByzFL-SNN] [Training Start] Model: cnn_mnist | Dataset: mnist
[ByzFL-SNN]   Aggregator: GeometricMedian | Attack: SignFlipping
[ByzFL-SNN]   Distribution: gamma_similarity_niid (gamma=1.0)
[ByzFL-SNN]   Clients: 10 honest, 3 byzantine | Algorithm: DSGD
[ByzFL-SNN]   Learning Rate: 0.15 | Steps: 500 | Device: cuda:1
[ByzFL-SNN]   Validation samples: 12000 | Test samples: 10000
[ByzFL-SNN] Initial VRAM (Alloc/Reserved): 36.1/42.0 MiB
[ByzFL-SNN]   [Step 0/500] (0.0%) | Val Acc: 0.1542 | Test Acc: 0.1595 | VRAM (Alloc/Reserved): 44.3/64.0 MiB | Time: 3.9s
[ByzFL-SNN]   [Step 50/500] (10.0%) | Val Acc: 0.8629 | Test Acc: 0.8733 | VRAM (Alloc/Reserved): 93.7/602.0 MiB | Time: 38.3s
[ByzFL-SNN]   [Step 100/500] (20.0%) | Val Acc: 0.8962 | Test Acc: 0.9036 | VRAM (Alloc/Reserved): 94.4/602.0 MiB | Time: 72.7s
[ByzFL-SNN]   [Step 150/500] (30.0%) | Val Acc: 0.9098 | Test Acc: 0.9187 | VRAM (Alloc/Reserved): 95.0/602.0 MiB | Time: 108.5s
[ByzFL-SNN]   [Step 200/500] (40.0%) | Val Acc: 0.9175 | Test Acc: 0.9265 | VRAM (Alloc/Reserved): 94.7/602.0 MiB | Time: 143.8s
[ByzFL-SNN]   [Step 250/500] (50.0%) | Val Acc: 0.9228 | Test Acc: 0.9309 | VRAM (Alloc/Reserved): 94.0/602.0 MiB | Time: 178.7s
[ByzFL-SNN]   [Step 300/500] (60.0%) | Val Acc: 0.9315 | Test Acc: 0.9374 | VRAM (Alloc/Reserved): 94.8/602.0 MiB | Time: 213.4s
[ByzFL-SNN]   [Step 350/500] (70.0%) | Val Acc: 0.9383 | Test Acc: 0.9446 | VRAM (Alloc/Reserved): 94.1/602.0 MiB | Time: 248.6s
[ByzFL-SNN]   [Step 400/500] (80.0%) | Val Acc: 0.9424 | Test Acc: 0.9472 | VRAM (Alloc/Reserved): 94.7/602.0 MiB | Time: 284.3s
[ByzFL-SNN]   [Step 450/500] (90.0%) | Val Acc: 0.9468 | Test Acc: 0.9503 | VRAM (Alloc/Reserved): 94.4/602.0 MiB | Time: 318.0s
[ByzFL-SNN] [Training Complete] Peak VRAM (Alloc/Reserved): 352.6/602.0 MiB | Total time: 347.9s

Training 89 done

[ByzFL-SNN] [Training Start] Model: cnn_mnist | Dataset: mnist
[ByzFL-SNN]   Aggregator: GeometricMedian | Attack: SignFlipping
[ByzFL-SNN]   Distribution: gamma_similarity_niid (gamma=1.0)
[ByzFL-SNN]   Clients: 10 honest, 3 byzantine | Algorithm: DSGD
[ByzFL-SNN]   Learning Rate: 0.15 | Steps: 500 | Device: cuda:0
[ByzFL-SNN]   Validation samples: 12000 | Test samples: 10000
[ByzFL-SNN] Initial VRAM (Alloc/Reserved): 36.1/42.0 MiB
[ByzFL-SNN]   [Step 0/500] (0.0%) | Val Acc: 0.1542 | Test Acc: 0.1595 | VRAM (Alloc/Reserved): 44.3/64.0 MiB | Time: 4.1s
[ByzFL-SNN]   [Step 50/500] (10.0%) | Val Acc: 0.8589 | Test Acc: 0.8715 | VRAM (Alloc/Reserved): 93.7/602.0 MiB | Time: 38.1s
[ByzFL-SNN]   [Step 100/500] (20.0%) | Val Acc: 0.8961 | Test Acc: 0.9041 | VRAM (Alloc/Reserved): 94.4/602.0 MiB | Time: 73.3s
[ByzFL-SNN]   [Step 150/500] (30.0%) | Val Acc: 0.9109 | Test Acc: 0.9172 | VRAM (Alloc/Reserved): 95.0/602.0 MiB | Time: 108.3s
[ByzFL-SNN]   [Step 200/500] (40.0%) | Val Acc: 0.9180 | Test Acc: 0.9273 | VRAM (Alloc/Reserved): 94.7/602.0 MiB | Time: 144.0s
[ByzFL-SNN]   [Step 250/500] (50.0%) | Val Acc: 0.9261 | Test Acc: 0.9349 | VRAM (Alloc/Reserved): 94.0/602.0 MiB | Time: 180.2s
[ByzFL-SNN]   [Step 300/500] (60.0%) | Val Acc: 0.9317 | Test Acc: 0.9397 | VRAM (Alloc/Reserved): 94.8/602.0 MiB | Time: 215.2s
[ByzFL-SNN]   [Step 350/500] (70.0%) | Val Acc: 0.9367 | Test Acc: 0.9437 | VRAM (Alloc/Reserved): 94.1/602.0 MiB | Time: 250.0s
[ByzFL-SNN]   [Step 400/500] (80.0%) | Val Acc: 0.9423 | Test Acc: 0.9488 | VRAM (Alloc/Reserved): 94.7/602.0 MiB | Time: 285.6s
[ByzFL-SNN]   [Step 450/500] (90.0%) | Val Acc: 0.9466 | Test Acc: 0.9528 | VRAM (Alloc/Reserved): 94.4/602.0 MiB | Time: 322.1s
[ByzFL-SNN] [Training Complete] Peak VRAM (Alloc/Reserved): 352.6/602.0 MiB | Total time: 356.1s

Training 90 done

[ByzFL-SNN] [Training Start] Model: cnn_mnist | Dataset: mnist
[ByzFL-SNN]   Aggregator: GeometricMedian | Attack: Optimal_InnerProductManipulation
[ByzFL-SNN]   Distribution: gamma_similarity_niid (gamma=1.0)
[ByzFL-SNN]   Clients: 10 honest, 2 byzantine | Algorithm: DSGD
[ByzFL-SNN]   Learning Rate: 0.15 | Steps: 500 | Device: cuda:0
[ByzFL-SNN]   Validation samples: 12000 | Test samples: 10000
[ByzFL-SNN] Initial VRAM (Alloc/Reserved): 36.1/42.0 MiB
[ByzFL-SNN]   [Step 0/500] (0.0%) | Val Acc: 0.1542 | Test Acc: 0.1595 | VRAM (Alloc/Reserved): 44.3/64.0 MiB | Time: 4.2s
[ByzFL-SNN]   [Step 50/500] (10.0%) | Val Acc: 0.8636 | Test Acc: 0.8704 | VRAM (Alloc/Reserved): 93.8/586.0 MiB | Time: 117.0s
[ByzFL-SNN]   [Step 100/500] (20.0%) | Val Acc: 0.9027 | Test Acc: 0.9087 | VRAM (Alloc/Reserved): 93.2/586.0 MiB | Time: 251.4s
[ByzFL-SNN]   [Step 150/500] (30.0%) | Val Acc: 0.9152 | Test Acc: 0.9248 | VRAM (Alloc/Reserved): 93.9/586.0 MiB | Time: 364.7s
[ByzFL-SNN]   [Step 200/500] (40.0%) | Val Acc: 0.9257 | Test Acc: 0.9336 | VRAM (Alloc/Reserved): 93.8/586.0 MiB | Time: 488.6s
[ByzFL-SNN]   [Step 250/500] (50.0%) | Val Acc: 0.9359 | Test Acc: 0.9423 | VRAM (Alloc/Reserved): 94.3/586.0 MiB | Time: 603.3s
[ByzFL-SNN]   [Step 300/500] (60.0%) | Val Acc: 0.9426 | Test Acc: 0.9492 | VRAM (Alloc/Reserved): 93.3/586.0 MiB | Time: 732.7s
[ByzFL-SNN]   [Step 350/500] (70.0%) | Val Acc: 0.9489 | Test Acc: 0.9532 | VRAM (Alloc/Reserved): 95.7/586.0 MiB | Time: 837.9s
[ByzFL-SNN]   [Step 400/500] (80.0%) | Val Acc: 0.9531 | Test Acc: 0.9588 | VRAM (Alloc/Reserved): 94.2/586.0 MiB | Time: 951.8s
[ByzFL-SNN]   [Step 450/500] (90.0%) | Val Acc: 0.9570 | Test Acc: 0.9615 | VRAM (Alloc/Reserved): 93.8/586.0 MiB | Time: 1066.9s
[ByzFL-SNN] [Training Complete] Peak VRAM (Alloc/Reserved): 358.9/586.0 MiB | Total time: 1189.8s

Training 91 done

[ByzFL-SNN] [Training Start] Model: cnn_mnist | Dataset: mnist
[ByzFL-SNN]   Aggregator: GeometricMedian | Attack: Optimal_ALittleIsEnough_neg1
[ByzFL-SNN]   Distribution: gamma_similarity_niid (gamma=0.66)
[ByzFL-SNN]   Clients: 10 honest, 2 byzantine | Algorithm: DSGD
[ByzFL-SNN]   Learning Rate: 0.15 | Steps: 500 | Device: cuda:1
[ByzFL-SNN]   Validation samples: 12000 | Test samples: 10000
[ByzFL-SNN] Initial VRAM (Alloc/Reserved): 36.1/42.0 MiB
[ByzFL-SNN]   [Step 0/500] (0.0%) | Val Acc: 0.1542 | Test Acc: 0.1595 | VRAM (Alloc/Reserved): 44.3/64.0 MiB | Time: 3.6s
[ByzFL-SNN]   [Step 50/500] (10.0%) | Val Acc: 0.7348 | Test Acc: 0.7403 | VRAM (Alloc/Reserved): 93.7/584.0 MiB | Time: 98.4s
[ByzFL-SNN]   [Step 100/500] (20.0%) | Val Acc: 0.8767 | Test Acc: 0.8873 | VRAM (Alloc/Reserved): 94.7/584.0 MiB | Time: 214.3s
[ByzFL-SNN]   [Step 150/500] (30.0%) | Val Acc: 0.8718 | Test Acc: 0.8803 | VRAM (Alloc/Reserved): 94.4/584.0 MiB | Time: 334.0s
[ByzFL-SNN]   [Step 200/500] (40.0%) | Val Acc: 0.8107 | Test Acc: 0.8214 | VRAM (Alloc/Reserved): 93.9/584.0 MiB | Time: 435.9s
[ByzFL-SNN]   [Step 250/500] (50.0%) | Val Acc: 0.8941 | Test Acc: 0.9010 | VRAM (Alloc/Reserved): 93.5/584.0 MiB | Time: 547.2s
[ByzFL-SNN]   [Step 300/500] (60.0%) | Val Acc: 0.8506 | Test Acc: 0.8606 | VRAM (Alloc/Reserved): 93.0/584.0 MiB | Time: 663.4s
[ByzFL-SNN]   [Step 350/500] (70.0%) | Val Acc: 0.8960 | Test Acc: 0.9059 | VRAM (Alloc/Reserved): 94.2/584.0 MiB | Time: 784.4s
[ByzFL-SNN]   [Step 400/500] (80.0%) | Val Acc: 0.8884 | Test Acc: 0.9019 | VRAM (Alloc/Reserved): 93.8/584.0 MiB | Time: 912.9s
[ByzFL-SNN]   [Step 450/500] (90.0%) | Val Acc: 0.9028 | Test Acc: 0.9084 | VRAM (Alloc/Reserved): 94.9/584.0 MiB | Time: 1039.9s
[ByzFL-SNN] [Training Complete] Peak VRAM (Alloc/Reserved): 357.2/584.0 MiB | Total time: 1156.9s

Training 92 done

[ByzFL-SNN] [Training Start] Model: cnn_mnist | Dataset: mnist
[ByzFL-SNN]   Aggregator: GeometricMedian | Attack: Optimal_ALittleIsEnough_neg1
[ByzFL-SNN]   Distribution: gamma_similarity_niid (gamma=0.66)
[ByzFL-SNN]   Clients: 10 honest, 2 byzantine | Algorithm: DSGD
[ByzFL-SNN]   Learning Rate: 0.15 | Steps: 500 | Device: cuda:1
[ByzFL-SNN]   Validation samples: 12000 | Test samples: 10000
[ByzFL-SNN] Initial VRAM (Alloc/Reserved): 36.1/42.0 MiB
[ByzFL-SNN]   [Step 0/500] (0.0%) | Val Acc: 0.1542 | Test Acc: 0.1595 | VRAM (Alloc/Reserved): 44.3/64.0 MiB | Time: 3.9s
[ByzFL-SNN]   [Step 50/500] (10.0%) | Val Acc: 0.8321 | Test Acc: 0.8361 | VRAM (Alloc/Reserved): 93.7/584.0 MiB | Time: 98.0s
[ByzFL-SNN]   [Step 100/500] (20.0%) | Val Acc: 0.8194 | Test Acc: 0.8260 | VRAM (Alloc/Reserved): 94.7/584.0 MiB | Time: 214.5s
[ByzFL-SNN]   [Step 150/500] (30.0%) | Val Acc: 0.8843 | Test Acc: 0.8913 | VRAM (Alloc/Reserved): 94.4/584.0 MiB | Time: 335.3s
[ByzFL-SNN]   [Step 200/500] (40.0%) | Val Acc: 0.8053 | Test Acc: 0.8124 | VRAM (Alloc/Reserved): 93.9/584.0 MiB | Time: 436.5s
[ByzFL-SNN]   [Step 250/500] (50.0%) | Val Acc: 0.8840 | Test Acc: 0.8890 | VRAM (Alloc/Reserved): 93.5/584.0 MiB | Time: 548.5s
[ByzFL-SNN]   [Step 300/500] (60.0%) | Val Acc: 0.8227 | Test Acc: 0.8228 | VRAM (Alloc/Reserved): 93.0/584.0 MiB | Time: 665.8s
[ByzFL-SNN]   [Step 350/500] (70.0%) | Val Acc: 0.8980 | Test Acc: 0.9041 | VRAM (Alloc/Reserved): 94.2/584.0 MiB | Time: 786.2s
[ByzFL-SNN]   [Step 400/500] (80.0%) | Val Acc: 0.9030 | Test Acc: 0.9136 | VRAM (Alloc/Reserved): 93.8/584.0 MiB | Time: 915.5s
[ByzFL-SNN]   [Step 450/500] (90.0%) | Val Acc: 0.9018 | Test Acc: 0.9097 | VRAM (Alloc/Reserved): 94.9/584.0 MiB | Time: 1040.6s
[ByzFL-SNN] [Training Complete] Peak VRAM (Alloc/Reserved): 357.2/584.0 MiB | Total time: 1156.0s

Training 93 done

[ByzFL-SNN] [Training Start] Model: cnn_mnist | Dataset: mnist
[ByzFL-SNN]   Aggregator: GeometricMedian | Attack: Optimal_InnerProductManipulation
[ByzFL-SNN]   Distribution: gamma_similarity_niid (gamma=1.0)
[ByzFL-SNN]   Clients: 10 honest, 2 byzantine | Algorithm: DSGD
[ByzFL-SNN]   Learning Rate: 0.15 | Steps: 500 | Device: cuda:0
[ByzFL-SNN]   Validation samples: 12000 | Test samples: 10000
[ByzFL-SNN] Initial VRAM (Alloc/Reserved): 36.1/42.0 MiB
[ByzFL-SNN]   [Step 0/500] (0.0%) | Val Acc: 0.1542 | Test Acc: 0.1595 | VRAM (Alloc/Reserved): 44.3/64.0 MiB | Time: 4.3s
[ByzFL-SNN]   [Step 50/500] (10.0%) | Val Acc: 0.8656 | Test Acc: 0.8739 | VRAM (Alloc/Reserved): 93.8/586.0 MiB | Time: 127.5s
[ByzFL-SNN]   [Step 100/500] (20.0%) | Val Acc: 0.9022 | Test Acc: 0.9092 | VRAM (Alloc/Reserved): 93.2/586.0 MiB | Time: 254.4s
[ByzFL-SNN]   [Step 150/500] (30.0%) | Val Acc: 0.9160 | Test Acc: 0.9262 | VRAM (Alloc/Reserved): 93.9/586.0 MiB | Time: 379.8s
[ByzFL-SNN]   [Step 200/500] (40.0%) | Val Acc: 0.9283 | Test Acc: 0.9361 | VRAM (Alloc/Reserved): 93.8/586.0 MiB | Time: 508.0s
[ByzFL-SNN]   [Step 250/500] (50.0%) | Val Acc: 0.9386 | Test Acc: 0.9438 | VRAM (Alloc/Reserved): 94.3/586.0 MiB | Time: 627.9s
[ByzFL-SNN]   [Step 300/500] (60.0%) | Val Acc: 0.9454 | Test Acc: 0.9499 | VRAM (Alloc/Reserved): 93.3/586.0 MiB | Time: 748.8s
[ByzFL-SNN]   [Step 350/500] (70.0%) | Val Acc: 0.9503 | Test Acc: 0.9556 | VRAM (Alloc/Reserved): 95.7/586.0 MiB | Time: 859.2s
[ByzFL-SNN]   [Step 400/500] (80.0%) | Val Acc: 0.9563 | Test Acc: 0.9618 | VRAM (Alloc/Reserved): 94.2/586.0 MiB | Time: 971.1s
[ByzFL-SNN]   [Step 450/500] (90.0%) | Val Acc: 0.9580 | Test Acc: 0.9643 | VRAM (Alloc/Reserved): 93.8/586.0 MiB | Time: 1094.7s
[ByzFL-SNN] [Training Complete] Peak VRAM (Alloc/Reserved): 358.9/586.0 MiB | Total time: 1216.3s

Training 94 done

[ByzFL-SNN] [Training Start] Model: cnn_mnist | Dataset: mnist
[ByzFL-SNN]   Aggregator: GeometricMedian | Attack: Optimal_InnerProductManipulation
[ByzFL-SNN]   Distribution: gamma_similarity_niid (gamma=0.66)
[ByzFL-SNN]   Clients: 10 honest, 2 byzantine | Algorithm: DSGD
[ByzFL-SNN]   Learning Rate: 0.15 | Steps: 500 | Device: cuda:1
[ByzFL-SNN]   Validation samples: 12000 | Test samples: 10000
[ByzFL-SNN] Initial VRAM (Alloc/Reserved): 36.1/42.0 MiB
[ByzFL-SNN]   [Step 0/500] (0.0%) | Val Acc: 0.1542 | Test Acc: 0.1595 | VRAM (Alloc/Reserved): 44.3/64.0 MiB | Time: 3.5s
[ByzFL-SNN]   [Step 50/500] (10.0%) | Val Acc: 0.7192 | Test Acc: 0.7344 | VRAM (Alloc/Reserved): 93.8/584.0 MiB | Time: 103.5s
[ByzFL-SNN]   [Step 100/500] (20.0%) | Val Acc: 0.8549 | Test Acc: 0.8652 | VRAM (Alloc/Reserved): 93.2/584.0 MiB | Time: 227.4s
[ByzFL-SNN]   [Step 150/500] (30.0%) | Val Acc: 0.8890 | Test Acc: 0.8963 | VRAM (Alloc/Reserved): 93.9/584.0 MiB | Time: 336.8s
[ByzFL-SNN]   [Step 200/500] (40.0%) | Val Acc: 0.8915 | Test Acc: 0.9009 | VRAM (Alloc/Reserved): 93.8/584.0 MiB | Time: 442.0s
[ByzFL-SNN]   [Step 250/500] (50.0%) | Val Acc: 0.9069 | Test Acc: 0.9182 | VRAM (Alloc/Reserved): 94.3/584.0 MiB | Time: 560.2s
[ByzFL-SNN]   [Step 300/500] (60.0%) | Val Acc: 0.9116 | Test Acc: 0.9195 | VRAM (Alloc/Reserved): 93.3/584.0 MiB | Time: 678.3s
[ByzFL-SNN]   [Step 350/500] (70.0%) | Val Acc: 0.9395 | Test Acc: 0.9440 | VRAM (Alloc/Reserved): 95.7/584.0 MiB | Time: 803.3s
[ByzFL-SNN]   [Step 400/500] (80.0%) | Val Acc: 0.9313 | Test Acc: 0.9387 | VRAM (Alloc/Reserved): 94.2/584.0 MiB | Time: 928.7s
[ByzFL-SNN]   [Step 450/500] (90.0%) | Val Acc: 0.9530 | Test Acc: 0.9584 | VRAM (Alloc/Reserved): 93.8/584.0 MiB | Time: 1049.4s
[ByzFL-SNN] [Training Complete] Peak VRAM (Alloc/Reserved): 358.9/584.0 MiB | Total time: 1164.5s

Training 95 done

[ByzFL-SNN] [Training Start] Model: cnn_mnist | Dataset: mnist
[ByzFL-SNN]   Aggregator: GeometricMedian | Attack: Optimal_InnerProductManipulation
[ByzFL-SNN]   Distribution: gamma_similarity_niid (gamma=0.66)
[ByzFL-SNN]   Clients: 10 honest, 2 byzantine | Algorithm: DSGD
[ByzFL-SNN]   Learning Rate: 0.15 | Steps: 500 | Device: cuda:1
[ByzFL-SNN]   Validation samples: 12000 | Test samples: 10000
[ByzFL-SNN] Initial VRAM (Alloc/Reserved): 36.1/42.0 MiB
[ByzFL-SNN]   [Step 0/500] (0.0%) | Val Acc: 0.1542 | Test Acc: 0.1595 | VRAM (Alloc/Reserved): 44.3/64.0 MiB | Time: 3.8s
[ByzFL-SNN]   [Step 50/500] (10.0%) | Val Acc: 0.8154 | Test Acc: 0.8190 | VRAM (Alloc/Reserved): 93.8/584.0 MiB | Time: 111.6s
[ByzFL-SNN]   [Step 100/500] (20.0%) | Val Acc: 0.8768 | Test Acc: 0.8842 | VRAM (Alloc/Reserved): 93.2/584.0 MiB | Time: 238.7s
[ByzFL-SNN]   [Step 150/500] (30.0%) | Val Acc: 0.8785 | Test Acc: 0.8852 | VRAM (Alloc/Reserved): 93.9/584.0 MiB | Time: 344.7s
[ByzFL-SNN]   [Step 200/500] (40.0%) | Val Acc: 0.9154 | Test Acc: 0.9212 | VRAM (Alloc/Reserved): 93.8/584.0 MiB | Time: 454.4s
[ByzFL-SNN]   [Step 250/500] (50.0%) | Val Acc: 0.8913 | Test Acc: 0.9001 | VRAM (Alloc/Reserved): 94.3/584.0 MiB | Time: 572.0s
[ByzFL-SNN]   [Step 300/500] (60.0%) | Val Acc: 0.9392 | Test Acc: 0.9434 | VRAM (Alloc/Reserved): 93.3/584.0 MiB | Time: 692.7s
[ByzFL-SNN]   [Step 350/500] (70.0%) | Val Acc: 0.9453 | Test Acc: 0.9494 | VRAM (Alloc/Reserved): 95.7/584.0 MiB | Time: 820.6s
[ByzFL-SNN]   [Step 400/500] (80.0%) | Val Acc: 0.9359 | Test Acc: 0.9435 | VRAM (Alloc/Reserved): 94.2/584.0 MiB | Time: 948.7s
[ByzFL-SNN]   [Step 450/500] (90.0%) | Val Acc: 0.9471 | Test Acc: 0.9514 | VRAM (Alloc/Reserved): 93.8/584.0 MiB | Time: 1069.6s
[ByzFL-SNN] [Training Complete] Peak VRAM (Alloc/Reserved): 358.9/584.0 MiB | Total time: 1183.7s

Training 96 done

[ByzFL-SNN] [Training Start] Model: cnn_mnist | Dataset: mnist
[ByzFL-SNN]   Aggregator: GeometricMedian | Attack: Optimal_ALittleIsEnough_neg1
[ByzFL-SNN]   Distribution: gamma_similarity_niid (gamma=0.33)
[ByzFL-SNN]   Clients: 10 honest, 2 byzantine | Algorithm: DSGD
[ByzFL-SNN]   Learning Rate: 0.15 | Steps: 500 | Device: cuda:1
[ByzFL-SNN]   Validation samples: 12000 | Test samples: 10000
[ByzFL-SNN] Initial VRAM (Alloc/Reserved): 36.1/42.0 MiB
[ByzFL-SNN]   [Step 0/500] (0.0%) | Val Acc: 0.1542 | Test Acc: 0.1595 | VRAM (Alloc/Reserved): 44.3/64.0 MiB | Time: 3.8s
[ByzFL-SNN]   [Step 50/500] (10.0%) | Val Acc: 0.5317 | Test Acc: 0.5445 | VRAM (Alloc/Reserved): 93.7/582.0 MiB | Time: 114.9s
[ByzFL-SNN]   [Step 100/500] (20.0%) | Val Acc: 0.6823 | Test Acc: 0.6941 | VRAM (Alloc/Reserved): 94.7/582.0 MiB | Time: 235.6s
[ByzFL-SNN]   [Step 150/500] (30.0%) | Val Acc: 0.7107 | Test Acc: 0.7171 | VRAM (Alloc/Reserved): 94.4/582.0 MiB | Time: 336.2s
[ByzFL-SNN]   [Step 200/500] (40.0%) | Val Acc: 0.8030 | Test Acc: 0.8100 | VRAM (Alloc/Reserved): 93.9/582.0 MiB | Time: 449.0s
[ByzFL-SNN]   [Step 250/500] (50.0%) | Val Acc: 0.8804 | Test Acc: 0.8902 | VRAM (Alloc/Reserved): 93.5/582.0 MiB | Time: 565.5s
[ByzFL-SNN]   [Step 300/500] (60.0%) | Val Acc: 0.9199 | Test Acc: 0.9242 | VRAM (Alloc/Reserved): 93.0/582.0 MiB | Time: 687.4s
[ByzFL-SNN]   [Step 350/500] (70.0%) | Val Acc: 0.9186 | Test Acc: 0.9295 | VRAM (Alloc/Reserved): 94.2/582.0 MiB | Time: 814.1s
[ByzFL-SNN]   [Step 400/500] (80.0%) | Val Acc: 0.9271 | Test Acc: 0.9336 | VRAM (Alloc/Reserved): 93.8/582.0 MiB | Time: 938.1s
[ByzFL-SNN]   [Step 450/500] (90.0%) | Val Acc: 0.8738 | Test Acc: 0.8854 | VRAM (Alloc/Reserved): 94.9/582.0 MiB | Time: 1056.8s
[ByzFL-SNN] [Training Complete] Peak VRAM (Alloc/Reserved): 357.2/582.0 MiB | Total time: 1169.9s

Training 97 done

[ByzFL-SNN] [Training Start] Model: cnn_mnist | Dataset: mnist
[ByzFL-SNN]   Aggregator: GeometricMedian | Attack: Optimal_ALittleIsEnough_neg1
[ByzFL-SNN]   Distribution: gamma_similarity_niid (gamma=0.66)
[ByzFL-SNN]   Clients: 10 honest, 2 byzantine | Algorithm: DSGD
[ByzFL-SNN]   Learning Rate: 0.15 | Steps: 500 | Device: cuda:0
[ByzFL-SNN]   Validation samples: 12000 | Test samples: 10000
[ByzFL-SNN] Initial VRAM (Alloc/Reserved): 36.1/42.0 MiB
[ByzFL-SNN]   [Step 0/500] (0.0%) | Val Acc: 0.1542 | Test Acc: 0.1595 | VRAM (Alloc/Reserved): 44.3/64.0 MiB | Time: 4.5s
[ByzFL-SNN]   [Step 50/500] (10.0%) | Val Acc: 0.7971 | Test Acc: 0.8021 | VRAM (Alloc/Reserved): 93.7/584.0 MiB | Time: 147.4s
[ByzFL-SNN]   [Step 100/500] (20.0%) | Val Acc: 0.7731 | Test Acc: 0.7857 | VRAM (Alloc/Reserved): 94.7/584.0 MiB | Time: 278.9s
[ByzFL-SNN]   [Step 150/500] (30.0%) | Val Acc: 0.8626 | Test Acc: 0.8730 | VRAM (Alloc/Reserved): 94.4/584.0 MiB | Time: 427.1s
[ByzFL-SNN]   [Step 200/500] (40.0%) | Val Acc: 0.8373 | Test Acc: 0.8471 | VRAM (Alloc/Reserved): 93.9/584.0 MiB | Time: 567.9s
[ByzFL-SNN]   [Step 250/500] (50.0%) | Val Acc: 0.8814 | Test Acc: 0.8868 | VRAM (Alloc/Reserved): 93.5/584.0 MiB | Time: 705.9s
[ByzFL-SNN]   [Step 300/500] (60.0%) | Val Acc: 0.9028 | Test Acc: 0.9104 | VRAM (Alloc/Reserved): 93.0/584.0 MiB | Time: 836.4s
[ByzFL-SNN]   [Step 350/500] (70.0%) | Val Acc: 0.8900 | Test Acc: 0.8991 | VRAM (Alloc/Reserved): 94.2/584.0 MiB | Time: 968.9s
[ByzFL-SNN]   [Step 400/500] (80.0%) | Val Acc: 0.8910 | Test Acc: 0.9037 | VRAM (Alloc/Reserved): 93.8/584.0 MiB | Time: 1107.6s
[ByzFL-SNN]   [Step 450/500] (90.0%) | Val Acc: 0.9257 | Test Acc: 0.9271 | VRAM (Alloc/Reserved): 94.9/584.0 MiB | Time: 1244.4s
[ByzFL-SNN] [Training Complete] Peak VRAM (Alloc/Reserved): 357.2/584.0 MiB | Total time: 1389.2s

Training 98 done

[ByzFL-SNN] [Training Start] Model: cnn_mnist | Dataset: mnist
[ByzFL-SNN]   Aggregator: GeometricMedian | Attack: Optimal_InnerProductManipulation
[ByzFL-SNN]   Distribution: gamma_similarity_niid (gamma=0.66)
[ByzFL-SNN]   Clients: 10 honest, 2 byzantine | Algorithm: DSGD
[ByzFL-SNN]   Learning Rate: 0.15 | Steps: 500 | Device: cuda:0
[ByzFL-SNN]   Validation samples: 12000 | Test samples: 10000
[ByzFL-SNN] Initial VRAM (Alloc/Reserved): 36.1/42.0 MiB
[ByzFL-SNN]   [Step 0/500] (0.0%) | Val Acc: 0.1542 | Test Acc: 0.1595 | VRAM (Alloc/Reserved): 44.3/64.0 MiB | Time: 4.0s
[ByzFL-SNN]   [Step 50/500] (10.0%) | Val Acc: 0.7005 | Test Acc: 0.7019 | VRAM (Alloc/Reserved): 93.8/584.0 MiB | Time: 137.6s
[ByzFL-SNN]   [Step 100/500] (20.0%) | Val Acc: 0.8263 | Test Acc: 0.8417 | VRAM (Alloc/Reserved): 93.2/584.0 MiB | Time: 267.9s
[ByzFL-SNN]   [Step 150/500] (30.0%) | Val Acc: 0.8818 | Test Acc: 0.8927 | VRAM (Alloc/Reserved): 93.9/584.0 MiB | Time: 417.6s
[ByzFL-SNN]   [Step 200/500] (40.0%) | Val Acc: 0.8598 | Test Acc: 0.8700 | VRAM (Alloc/Reserved): 93.8/584.0 MiB | Time: 555.5s
[ByzFL-SNN]   [Step 250/500] (50.0%) | Val Acc: 0.9110 | Test Acc: 0.9206 | VRAM (Alloc/Reserved): 94.3/584.0 MiB | Time: 693.9s
[ByzFL-SNN]   [Step 300/500] (60.0%) | Val Acc: 0.9243 | Test Acc: 0.9312 | VRAM (Alloc/Reserved): 93.3/584.0 MiB | Time: 829.0s
[ByzFL-SNN]   [Step 350/500] (70.0%) | Val Acc: 0.9182 | Test Acc: 0.9272 | VRAM (Alloc/Reserved): 95.7/584.0 MiB | Time: 963.9s
[ByzFL-SNN]   [Step 400/500] (80.0%) | Val Acc: 0.9453 | Test Acc: 0.9498 | VRAM (Alloc/Reserved): 94.2/584.0 MiB | Time: 1101.6s
[ByzFL-SNN]   [Step 450/500] (90.0%) | Val Acc: 0.9441 | Test Acc: 0.9498 | VRAM (Alloc/Reserved): 93.8/584.0 MiB | Time: 1244.9s
[ByzFL-SNN] [Training Complete] Peak VRAM (Alloc/Reserved): 358.9/584.0 MiB | Total time: 1388.7s

Training 99 done

[ByzFL-SNN] [Training Start] Model: cnn_mnist | Dataset: mnist
[ByzFL-SNN]   Aggregator: GeometricMedian | Attack: SignFlipping
[ByzFL-SNN]   Distribution: gamma_similarity_niid (gamma=0.66)
[ByzFL-SNN]   Clients: 10 honest, 3 byzantine | Algorithm: DSGD
[ByzFL-SNN]   Learning Rate: 0.15 | Steps: 500 | Device: cuda:0
[ByzFL-SNN]   Validation samples: 12000 | Test samples: 10000
[ByzFL-SNN] Initial VRAM (Alloc/Reserved): 36.1/42.0 MiB
[ByzFL-SNN]   [Step 0/500] (0.0%) | Val Acc: 0.1542 | Test Acc: 0.1595 | VRAM (Alloc/Reserved): 44.3/64.0 MiB | Time: 3.8s
[ByzFL-SNN]   [Step 50/500] (10.0%) | Val Acc: 0.6482 | Test Acc: 0.6601 | VRAM (Alloc/Reserved): 93.7/600.0 MiB | Time: 41.7s
[ByzFL-SNN]   [Step 100/500] (20.0%) | Val Acc: 0.8582 | Test Acc: 0.8715 | VRAM (Alloc/Reserved): 94.4/600.0 MiB | Time: 78.9s
[ByzFL-SNN]   [Step 150/500] (30.0%) | Val Acc: 0.8874 | Test Acc: 0.8985 | VRAM (Alloc/Reserved): 95.0/600.0 MiB | Time: 115.5s
[ByzFL-SNN]   [Step 200/500] (40.0%) | Val Acc: 0.9066 | Test Acc: 0.9158 | VRAM (Alloc/Reserved): 94.7/600.0 MiB | Time: 152.5s
[ByzFL-SNN]   [Step 250/500] (50.0%) | Val Acc: 0.9137 | Test Acc: 0.9208 | VRAM (Alloc/Reserved): 94.0/600.0 MiB | Time: 190.1s
[ByzFL-SNN]   [Step 300/500] (60.0%) | Val Acc: 0.9284 | Test Acc: 0.9364 | VRAM (Alloc/Reserved): 94.8/600.0 MiB | Time: 228.9s
[ByzFL-SNN]   [Step 350/500] (70.0%) | Val Acc: 0.9380 | Test Acc: 0.9409 | VRAM (Alloc/Reserved): 94.1/600.0 MiB | Time: 267.9s
[ByzFL-SNN]   [Step 400/500] (80.0%) | Val Acc: 0.9481 | Test Acc: 0.9504 | VRAM (Alloc/Reserved): 94.7/600.0 MiB | Time: 306.8s
[ByzFL-SNN]   [Step 450/500] (90.0%) | Val Acc: 0.9533 | Test Acc: 0.9583 | VRAM (Alloc/Reserved): 94.4/600.0 MiB | Time: 345.3s
[ByzFL-SNN] [Training Complete] Peak VRAM (Alloc/Reserved): 352.6/600.0 MiB | Total time: 379.5s

Training 100 done

[ByzFL-SNN] [Training Start] Model: cnn_mnist | Dataset: mnist
[ByzFL-SNN]   Aggregator: GeometricMedian | Attack: Optimal_ALittleIsEnough_neg1
[ByzFL-SNN]   Distribution: gamma_similarity_niid (gamma=0.33)
[ByzFL-SNN]   Clients: 10 honest, 2 byzantine | Algorithm: DSGD
[ByzFL-SNN]   Learning Rate: 0.15 | Steps: 500 | Device: cuda:0
[ByzFL-SNN]   Validation samples: 12000 | Test samples: 10000
[ByzFL-SNN] Initial VRAM (Alloc/Reserved): 36.1/42.0 MiB
[ByzFL-SNN]   [Step 0/500] (0.0%) | Val Acc: 0.1542 | Test Acc: 0.1595 | VRAM (Alloc/Reserved): 44.3/64.0 MiB | Time: 4.1s
[ByzFL-SNN]   [Step 50/500] (10.0%) | Val Acc: 0.5382 | Test Acc: 0.5417 | VRAM (Alloc/Reserved): 93.7/582.0 MiB | Time: 131.7s
[ByzFL-SNN]   [Step 100/500] (20.0%) | Val Acc: 0.6918 | Test Acc: 0.7052 | VRAM (Alloc/Reserved): 94.7/582.0 MiB | Time: 262.4s
[ByzFL-SNN]   [Step 150/500] (30.0%) | Val Acc: 0.7519 | Test Acc: 0.7574 | VRAM (Alloc/Reserved): 94.4/582.0 MiB | Time: 407.1s
[ByzFL-SNN]   [Step 200/500] (40.0%) | Val Acc: 0.8763 | Test Acc: 0.8861 | VRAM (Alloc/Reserved): 93.9/582.0 MiB | Time: 544.1s
[ByzFL-SNN]   [Step 250/500] (50.0%) | Val Acc: 0.8600 | Test Acc: 0.8712 | VRAM (Alloc/Reserved): 93.5/582.0 MiB | Time: 676.0s
[ByzFL-SNN]   [Step 300/500] (60.0%) | Val Acc: 0.8910 | Test Acc: 0.8990 | VRAM (Alloc/Reserved): 93.0/582.0 MiB | Time: 806.4s
[ByzFL-SNN]   [Step 350/500] (70.0%) | Val Acc: 0.9293 | Test Acc: 0.9341 | VRAM (Alloc/Reserved): 94.2/582.0 MiB | Time: 938.7s
[ByzFL-SNN]   [Step 400/500] (80.0%) | Val Acc: 0.9402 | Test Acc: 0.9469 | VRAM (Alloc/Reserved): 93.8/582.0 MiB | Time: 1077.2s
[ByzFL-SNN]   [Step 450/500] (90.0%) | Val Acc: 0.9157 | Test Acc: 0.9214 | VRAM (Alloc/Reserved): 94.9/582.0 MiB | Time: 1219.8s
[ByzFL-SNN] [Training Complete] Peak VRAM (Alloc/Reserved): 357.2/582.0 MiB | Total time: 1364.2s

Training 101 done

[ByzFL-SNN] [Training Start] Model: cnn_mnist | Dataset: mnist
[ByzFL-SNN]   Aggregator: GeometricMedian | Attack: SignFlipping
[ByzFL-SNN]   Distribution: gamma_similarity_niid (gamma=0.66)
[ByzFL-SNN]   Clients: 10 honest, 3 byzantine | Algorithm: DSGD
[ByzFL-SNN]   Learning Rate: 0.15 | Steps: 500 | Device: cuda:1
[ByzFL-SNN]   Validation samples: 12000 | Test samples: 10000
[ByzFL-SNN] Initial VRAM (Alloc/Reserved): 36.1/42.0 MiB
[ByzFL-SNN]   [Step 0/500] (0.0%) | Val Acc: 0.1542 | Test Acc: 0.1595 | VRAM (Alloc/Reserved): 44.3/64.0 MiB | Time: 3.8s
[ByzFL-SNN]   [Step 50/500] (10.0%) | Val Acc: 0.6788 | Test Acc: 0.6819 | VRAM (Alloc/Reserved): 93.7/600.0 MiB | Time: 36.6s
[ByzFL-SNN]   [Step 100/500] (20.0%) | Val Acc: 0.8375 | Test Acc: 0.8468 | VRAM (Alloc/Reserved): 94.4/600.0 MiB | Time: 68.8s
[ByzFL-SNN]   [Step 150/500] (30.0%) | Val Acc: 0.8922 | Test Acc: 0.8990 | VRAM (Alloc/Reserved): 95.0/600.0 MiB | Time: 101.4s
[ByzFL-SNN]   [Step 200/500] (40.0%) | Val Acc: 0.9103 | Test Acc: 0.9188 | VRAM (Alloc/Reserved): 94.7/600.0 MiB | Time: 132.6s
[ByzFL-SNN]   [Step 250/500] (50.0%) | Val Acc: 0.9193 | Test Acc: 0.9297 | VRAM (Alloc/Reserved): 94.0/600.0 MiB | Time: 163.2s
[ByzFL-SNN]   [Step 300/500] (60.0%) | Val Acc: 0.9348 | Test Acc: 0.9403 | VRAM (Alloc/Reserved): 94.8/600.0 MiB | Time: 194.8s
[ByzFL-SNN]   [Step 350/500] (70.0%) | Val Acc: 0.9338 | Test Acc: 0.9418 | VRAM (Alloc/Reserved): 94.1/600.0 MiB | Time: 226.6s
[ByzFL-SNN]   [Step 400/500] (80.0%) | Val Acc: 0.9446 | Test Acc: 0.9520 | VRAM (Alloc/Reserved): 94.7/600.0 MiB | Time: 257.6s
[ByzFL-SNN]   [Step 450/500] (90.0%) | Val Acc: 0.9458 | Test Acc: 0.9515 | VRAM (Alloc/Reserved): 94.4/600.0 MiB | Time: 289.3s
[ByzFL-SNN] [Training Complete] Peak VRAM (Alloc/Reserved): 352.6/600.0 MiB | Total time: 318.5s

Training 102 done

[ByzFL-SNN] [Training Start] Model: cnn_mnist | Dataset: mnist
[ByzFL-SNN]   Aggregator: GeometricMedian | Attack: Optimal_ALittleIsEnough_neg1
[ByzFL-SNN]   Distribution: gamma_similarity_niid (gamma=0.33)
[ByzFL-SNN]   Clients: 10 honest, 2 byzantine | Algorithm: DSGD
[ByzFL-SNN]   Learning Rate: 0.15 | Steps: 500 | Device: cuda:0
[ByzFL-SNN]   Validation samples: 12000 | Test samples: 10000
[ByzFL-SNN] Initial VRAM (Alloc/Reserved): 36.1/42.0 MiB
[ByzFL-SNN]   [Step 0/500] (0.0%) | Val Acc: 0.1542 | Test Acc: 0.1595 | VRAM (Alloc/Reserved): 44.3/64.0 MiB | Time: 3.8s
[ByzFL-SNN]   [Step 50/500] (10.0%) | Val Acc: 0.6673 | Test Acc: 0.6707 | VRAM (Alloc/Reserved): 93.7/582.0 MiB | Time: 129.6s
[ByzFL-SNN]   [Step 100/500] (20.0%) | Val Acc: 0.6920 | Test Acc: 0.6948 | VRAM (Alloc/Reserved): 94.7/582.0 MiB | Time: 266.4s
[ByzFL-SNN]   [Step 150/500] (30.0%) | Val Acc: 0.8567 | Test Acc: 0.8632 | VRAM (Alloc/Reserved): 94.4/582.0 MiB | Time: 407.6s
[ByzFL-SNN]   [Step 200/500] (40.0%) | Val Acc: 0.8696 | Test Acc: 0.8819 | VRAM (Alloc/Reserved): 93.9/582.0 MiB | Time: 543.3s
[ByzFL-SNN]   [Step 250/500] (50.0%) | Val Acc: 0.9262 | Test Acc: 0.9342 | VRAM (Alloc/Reserved): 93.5/582.0 MiB | Time: 674.0s
[ByzFL-SNN]   [Step 300/500] (60.0%) | Val Acc: 0.9217 | Test Acc: 0.9299 | VRAM (Alloc/Reserved): 93.0/582.0 MiB | Time: 805.8s
[ByzFL-SNN]   [Step 350/500] (70.0%) | Val Acc: 0.9413 | Test Acc: 0.9468 | VRAM (Alloc/Reserved): 94.2/582.0 MiB | Time: 937.5s
[ByzFL-SNN]   [Step 400/500] (80.0%) | Val Acc: 0.9419 | Test Acc: 0.9490 | VRAM (Alloc/Reserved): 93.8/582.0 MiB | Time: 1074.0s
[ByzFL-SNN]   [Step 450/500] (90.0%) | Val Acc: 0.8810 | Test Acc: 0.8872 | VRAM (Alloc/Reserved): 94.9/582.0 MiB | Time: 1219.0s
[ByzFL-SNN] [Training Complete] Peak VRAM (Alloc/Reserved): 357.2/582.0 MiB | Total time: 1357.0s

Training 103 done

[ByzFL-SNN] [Training Start] Model: cnn_mnist | Dataset: mnist
[ByzFL-SNN]   Aggregator: GeometricMedian | Attack: Optimal_InnerProductManipulation
[ByzFL-SNN]   Distribution: gamma_similarity_niid (gamma=0.33)
[ByzFL-SNN]   Clients: 10 honest, 2 byzantine | Algorithm: DSGD
[ByzFL-SNN]   Learning Rate: 0.15 | Steps: 500 | Device: cuda:1
[ByzFL-SNN]   Validation samples: 12000 | Test samples: 10000
[ByzFL-SNN] Initial VRAM (Alloc/Reserved): 36.1/42.0 MiB
[ByzFL-SNN]   [Step 0/500] (0.0%) | Val Acc: 0.1542 | Test Acc: 0.1595 | VRAM (Alloc/Reserved): 44.3/64.0 MiB | Time: 4.0s
[ByzFL-SNN]   [Step 50/500] (10.0%) | Val Acc: 0.6345 | Test Acc: 0.6399 | VRAM (Alloc/Reserved): 93.8/582.0 MiB | Time: 105.8s
[ByzFL-SNN]   [Step 100/500] (20.0%) | Val Acc: 0.6996 | Test Acc: 0.7023 | VRAM (Alloc/Reserved): 93.2/582.0 MiB | Time: 211.5s
[ByzFL-SNN]   [Step 150/500] (30.0%) | Val Acc: 0.7843 | Test Acc: 0.7884 | VRAM (Alloc/Reserved): 93.9/582.0 MiB | Time: 331.2s
[ByzFL-SNN]   [Step 200/500] (40.0%) | Val Acc: 0.8452 | Test Acc: 0.8553 | VRAM (Alloc/Reserved): 93.8/582.0 MiB | Time: 455.9s
[ByzFL-SNN]   [Step 250/500] (50.0%) | Val Acc: 0.8147 | Test Acc: 0.8169 | VRAM (Alloc/Reserved): 94.3/582.0 MiB | Time: 588.0s
[ByzFL-SNN]   [Step 300/500] (60.0%) | Val Acc: 0.8937 | Test Acc: 0.9026 | VRAM (Alloc/Reserved): 93.3/582.0 MiB | Time: 719.9s
[ByzFL-SNN]   [Step 350/500] (70.0%) | Val Acc: 0.8093 | Test Acc: 0.8116 | VRAM (Alloc/Reserved): 95.7/582.0 MiB | Time: 842.9s
[ByzFL-SNN]   [Step 400/500] (80.0%) | Val Acc: 0.7946 | Test Acc: 0.7967 | VRAM (Alloc/Reserved): 94.2/582.0 MiB | Time: 961.5s
[ByzFL-SNN]   [Step 450/500] (90.0%) | Val Acc: 0.9143 | Test Acc: 0.9173 | VRAM (Alloc/Reserved): 93.8/582.0 MiB | Time: 1072.8s
[ByzFL-SNN] [Training Complete] Peak VRAM (Alloc/Reserved): 358.9/582.0 MiB | Total time: 1181.9s

Training 104 done

[ByzFL-SNN] [Training Start] Model: cnn_mnist | Dataset: mnist
[ByzFL-SNN]   Aggregator: GeometricMedian | Attack: Optimal_ALittleIsEnough_neg1
[ByzFL-SNN]   Distribution: gamma_similarity_niid (gamma=0.0)
[ByzFL-SNN]   Clients: 10 honest, 2 byzantine | Algorithm: DSGD
[ByzFL-SNN]   Learning Rate: 0.15 | Steps: 500 | Device: cuda:1
[ByzFL-SNN]   Validation samples: 12000 | Test samples: 10000
[ByzFL-SNN] Initial VRAM (Alloc/Reserved): 36.1/42.0 MiB
[ByzFL-SNN]   [Step 0/500] (0.0%) | Val Acc: 0.1542 | Test Acc: 0.1595 | VRAM (Alloc/Reserved): 44.3/64.0 MiB | Time: 3.5s
[ByzFL-SNN]   [Step 50/500] (10.0%) | Val Acc: 0.5813 | Test Acc: 0.5828 | VRAM (Alloc/Reserved): 93.7/580.0 MiB | Time: 99.1s
[ByzFL-SNN]   [Step 100/500] (20.0%) | Val Acc: 0.7093 | Test Acc: 0.7132 | VRAM (Alloc/Reserved): 94.7/580.0 MiB | Time: 208.3s
[ByzFL-SNN]   [Step 150/500] (30.0%) | Val Acc: 0.6320 | Test Acc: 0.6333 | VRAM (Alloc/Reserved): 94.4/580.0 MiB | Time: 320.7s
[ByzFL-SNN]   [Step 200/500] (40.0%) | Val Acc: 0.7173 | Test Acc: 0.7148 | VRAM (Alloc/Reserved): 93.9/580.0 MiB | Time: 438.8s
[ByzFL-SNN]   [Step 250/500] (50.0%) | Val Acc: 0.7747 | Test Acc: 0.7870 | VRAM (Alloc/Reserved): 93.5/580.0 MiB | Time: 563.3s
[ByzFL-SNN]   [Step 300/500] (60.0%) | Val Acc: 0.6408 | Test Acc: 0.6448 | VRAM (Alloc/Reserved): 93.0/580.0 MiB | Time: 687.4s
[ByzFL-SNN]   [Step 350/500] (70.0%) | Val Acc: 0.7626 | Test Acc: 0.7714 | VRAM (Alloc/Reserved): 94.2/580.0 MiB | Time: 804.9s
[ByzFL-SNN]   [Step 400/500] (80.0%) | Val Acc: 0.7626 | Test Acc: 0.7663 | VRAM (Alloc/Reserved): 93.8/580.0 MiB | Time: 921.1s
[ByzFL-SNN]   [Step 450/500] (90.0%) | Val Acc: 0.6635 | Test Acc: 0.6679 | VRAM (Alloc/Reserved): 94.9/580.0 MiB | Time: 1030.5s
[ByzFL-SNN] [Training Complete] Peak VRAM (Alloc/Reserved): 357.2/580.0 MiB | Total time: 1140.1s

Training 105 done

[ByzFL-SNN] [Training Start] Model: cnn_mnist | Dataset: mnist
[ByzFL-SNN]   Aggregator: GeometricMedian | Attack: Optimal_ALittleIsEnough_neg1
[ByzFL-SNN]   Distribution: gamma_similarity_niid (gamma=0.0)
[ByzFL-SNN]   Clients: 10 honest, 2 byzantine | Algorithm: DSGD
[ByzFL-SNN]   Learning Rate: 0.15 | Steps: 500 | Device: cuda:1
[ByzFL-SNN]   Validation samples: 12000 | Test samples: 10000
[ByzFL-SNN] Initial VRAM (Alloc/Reserved): 36.1/42.0 MiB
[ByzFL-SNN]   [Step 0/500] (0.0%) | Val Acc: 0.1542 | Test Acc: 0.1595 | VRAM (Alloc/Reserved): 44.3/64.0 MiB | Time: 3.5s
[ByzFL-SNN]   [Step 50/500] (10.0%) | Val Acc: 0.5198 | Test Acc: 0.5295 | VRAM (Alloc/Reserved): 93.7/580.0 MiB | Time: 103.3s
[ByzFL-SNN]   [Step 100/500] (20.0%) | Val Acc: 0.5357 | Test Acc: 0.5449 | VRAM (Alloc/Reserved): 94.7/580.0 MiB | Time: 214.2s
[ByzFL-SNN]   [Step 150/500] (30.0%) | Val Acc: 0.6593 | Test Acc: 0.6704 | VRAM (Alloc/Reserved): 94.4/580.0 MiB | Time: 329.4s
[ByzFL-SNN]   [Step 200/500] (40.0%) | Val Acc: 0.7733 | Test Acc: 0.7809 | VRAM (Alloc/Reserved): 93.9/580.0 MiB | Time: 453.3s
[ByzFL-SNN]   [Step 250/500] (50.0%) | Val Acc: 0.6448 | Test Acc: 0.6429 | VRAM (Alloc/Reserved): 93.5/580.0 MiB | Time: 578.0s
[ByzFL-SNN]   [Step 300/500] (60.0%) | Val Acc: 0.7388 | Test Acc: 0.7377 | VRAM (Alloc/Reserved): 93.0/580.0 MiB | Time: 699.5s
[ByzFL-SNN]   [Step 350/500] (70.0%) | Val Acc: 0.7558 | Test Acc: 0.7582 | VRAM (Alloc/Reserved): 94.2/580.0 MiB | Time: 815.2s
[ByzFL-SNN]   [Step 400/500] (80.0%) | Val Acc: 0.7857 | Test Acc: 0.7932 | VRAM (Alloc/Reserved): 93.8/580.0 MiB | Time: 927.4s
[ByzFL-SNN]   [Step 450/500] (90.0%) | Val Acc: 0.7620 | Test Acc: 0.7611 | VRAM (Alloc/Reserved): 94.9/580.0 MiB | Time: 1036.5s
[ByzFL-SNN] [Training Complete] Peak VRAM (Alloc/Reserved): 357.2/580.0 MiB | Total time: 1145.1s

Training 106 done

[ByzFL-SNN] [Training Start] Model: cnn_mnist | Dataset: mnist
[ByzFL-SNN]   Aggregator: GeometricMedian | Attack: SignFlipping
[ByzFL-SNN]   Distribution: gamma_similarity_niid (gamma=0.66)
[ByzFL-SNN]   Clients: 10 honest, 3 byzantine | Algorithm: DSGD
[ByzFL-SNN]   Learning Rate: 0.15 | Steps: 500 | Device: cuda:0
[ByzFL-SNN]   Validation samples: 12000 | Test samples: 10000
[ByzFL-SNN] Initial VRAM (Alloc/Reserved): 36.1/42.0 MiB
[ByzFL-SNN]   [Step 0/500] (0.0%) | Val Acc: 0.1542 | Test Acc: 0.1595 | VRAM (Alloc/Reserved): 44.3/64.0 MiB | Time: 4.5s
[ByzFL-SNN]   [Step 50/500] (10.0%) | Val Acc: 0.6993 | Test Acc: 0.7013 | VRAM (Alloc/Reserved): 93.7/600.0 MiB | Time: 42.4s
[ByzFL-SNN]   [Step 100/500] (20.0%) | Val Acc: 0.8756 | Test Acc: 0.8862 | VRAM (Alloc/Reserved): 94.4/600.0 MiB | Time: 79.6s
[ByzFL-SNN]   [Step 150/500] (30.0%) | Val Acc: 0.8999 | Test Acc: 0.9069 | VRAM (Alloc/Reserved): 95.0/600.0 MiB | Time: 117.8s
[ByzFL-SNN]   [Step 200/500] (40.0%) | Val Acc: 0.9100 | Test Acc: 0.9180 | VRAM (Alloc/Reserved): 94.7/600.0 MiB | Time: 156.8s
[ByzFL-SNN]   [Step 250/500] (50.0%) | Val Acc: 0.9292 | Test Acc: 0.9355 | VRAM (Alloc/Reserved): 94.0/600.0 MiB | Time: 196.2s
[ByzFL-SNN]   [Step 300/500] (60.0%) | Val Acc: 0.9363 | Test Acc: 0.9448 | VRAM (Alloc/Reserved): 94.8/600.0 MiB | Time: 235.0s
[ByzFL-SNN]   [Step 350/500] (70.0%) | Val Acc: 0.9424 | Test Acc: 0.9473 | VRAM (Alloc/Reserved): 94.1/600.0 MiB | Time: 274.4s
[ByzFL-SNN]   [Step 400/500] (80.0%) | Val Acc: 0.9442 | Test Acc: 0.9529 | VRAM (Alloc/Reserved): 94.7/600.0 MiB | Time: 311.8s
[ByzFL-SNN]   [Step 450/500] (90.0%) | Val Acc: 0.9599 | Test Acc: 0.9659 | VRAM (Alloc/Reserved): 94.4/600.0 MiB | Time: 347.2s
[ByzFL-SNN] [Training Complete] Peak VRAM (Alloc/Reserved): 352.6/600.0 MiB | Total time: 381.7s

Training 107 done

[ByzFL-SNN] [Training Start] Model: cnn_mnist | Dataset: mnist
[ByzFL-SNN]   Aggregator: GeometricMedian | Attack: Optimal_InnerProductManipulation
[ByzFL-SNN]   Distribution: gamma_similarity_niid (gamma=0.0)
[ByzFL-SNN]   Clients: 10 honest, 2 byzantine | Algorithm: DSGD
[ByzFL-SNN]   Learning Rate: 0.15 | Steps: 500 | Device: cuda:1
[ByzFL-SNN]   Validation samples: 12000 | Test samples: 10000
[ByzFL-SNN] Initial VRAM (Alloc/Reserved): 36.1/42.0 MiB
[ByzFL-SNN]   [Step 0/500] (0.0%) | Val Acc: 0.1542 | Test Acc: 0.1595 | VRAM (Alloc/Reserved): 44.3/64.0 MiB | Time: 3.7s
[ByzFL-SNN]   [Step 50/500] (10.0%) | Val Acc: 0.1467 | Test Acc: 0.1526 | VRAM (Alloc/Reserved): 93.8/580.0 MiB | Time: 119.1s
[ByzFL-SNN]   [Step 100/500] (20.0%) | Val Acc: 0.2367 | Test Acc: 0.2319 | VRAM (Alloc/Reserved): 93.2/580.0 MiB | Time: 239.6s
[ByzFL-SNN]   [Step 150/500] (30.0%) | Val Acc: 0.1358 | Test Acc: 0.1367 | VRAM (Alloc/Reserved): 93.9/580.0 MiB | Time: 368.0s
[ByzFL-SNN]   [Step 200/500] (40.0%) | Val Acc: 0.2657 | Test Acc: 0.2604 | VRAM (Alloc/Reserved): 93.8/580.0 MiB | Time: 494.3s
[ByzFL-SNN]   [Step 250/500] (50.0%) | Val Acc: 0.1286 | Test Acc: 0.1276 | VRAM (Alloc/Reserved): 94.3/580.0 MiB | Time: 617.2s
[ByzFL-SNN]   [Step 300/500] (60.0%) | Val Acc: 0.0877 | Test Acc: 0.0892 | VRAM (Alloc/Reserved): 93.3/580.0 MiB | Time: 736.6s
[ByzFL-SNN]   [Step 350/500] (70.0%) | Val Acc: 0.1749 | Test Acc: 0.1777 | VRAM (Alloc/Reserved): 95.7/580.0 MiB | Time: 849.8s
[ByzFL-SNN]   [Step 400/500] (80.0%) | Val Acc: 0.2230 | Test Acc: 0.2271 | VRAM (Alloc/Reserved): 94.2/580.0 MiB | Time: 960.7s
[ByzFL-SNN]   [Step 450/500] (90.0%) | Val Acc: 0.1278 | Test Acc: 0.1257 | VRAM (Alloc/Reserved): 93.8/580.0 MiB | Time: 1074.7s
[ByzFL-SNN] [Training Complete] Peak VRAM (Alloc/Reserved): 358.9/580.0 MiB | Total time: 1184.9s

Training 108 done

[ByzFL-SNN] [Training Start] Model: cnn_mnist | Dataset: mnist
[ByzFL-SNN]   Aggregator: GeometricMedian | Attack: Optimal_InnerProductManipulation
[ByzFL-SNN]   Distribution: gamma_similarity_niid (gamma=0.0)
[ByzFL-SNN]   Clients: 10 honest, 2 byzantine | Algorithm: DSGD
[ByzFL-SNN]   Learning Rate: 0.15 | Steps: 500 | Device: cuda:1
[ByzFL-SNN]   Validation samples: 12000 | Test samples: 10000
[ByzFL-SNN] Initial VRAM (Alloc/Reserved): 36.1/42.0 MiB
[ByzFL-SNN]   [Step 0/500] (0.0%) | Val Acc: 0.1542 | Test Acc: 0.1595 | VRAM (Alloc/Reserved): 44.3/64.0 MiB | Time: 4.4s
[ByzFL-SNN]   [Step 50/500] (10.0%) | Val Acc: 0.3362 | Test Acc: 0.3411 | VRAM (Alloc/Reserved): 93.8/580.0 MiB | Time: 117.4s
[ByzFL-SNN]   [Step 100/500] (20.0%) | Val Acc: 0.1991 | Test Acc: 0.2050 | VRAM (Alloc/Reserved): 93.2/580.0 MiB | Time: 234.8s
[ByzFL-SNN]   [Step 150/500] (30.0%) | Val Acc: 0.3068 | Test Acc: 0.3033 | VRAM (Alloc/Reserved): 93.9/580.0 MiB | Time: 362.5s
[ByzFL-SNN]   [Step 200/500] (40.0%) | Val Acc: 0.1734 | Test Acc: 0.1700 | VRAM (Alloc/Reserved): 93.8/580.0 MiB | Time: 491.4s
[ByzFL-SNN]   [Step 250/500] (50.0%) | Val Acc: 0.1965 | Test Acc: 0.2008 | VRAM (Alloc/Reserved): 94.3/580.0 MiB | Time: 613.6s
[ByzFL-SNN]   [Step 300/500] (60.0%) | Val Acc: 0.2209 | Test Acc: 0.2281 | VRAM (Alloc/Reserved): 93.3/580.0 MiB | Time: 733.1s
[ByzFL-SNN]   [Step 350/500] (70.0%) | Val Acc: 0.2970 | Test Acc: 0.2950 | VRAM (Alloc/Reserved): 95.7/580.0 MiB | Time: 844.7s
[ByzFL-SNN]   [Step 400/500] (80.0%) | Val Acc: 0.2077 | Test Acc: 0.2089 | VRAM (Alloc/Reserved): 94.2/580.0 MiB | Time: 956.9s
[ByzFL-SNN]   [Step 450/500] (90.0%) | Val Acc: 0.1068 | Test Acc: 0.1063 | VRAM (Alloc/Reserved): 93.8/580.0 MiB | Time: 1070.9s
[ByzFL-SNN] [Training Complete] Peak VRAM (Alloc/Reserved): 358.9/580.0 MiB | Total time: 1183.0s

Training 109 done

[ByzFL-SNN] [Training Start] Model: cnn_mnist | Dataset: mnist
[ByzFL-SNN]   Aggregator: GeometricMedian | Attack: Optimal_InnerProductManipulation
[ByzFL-SNN]   Distribution: gamma_similarity_niid (gamma=0.33)
[ByzFL-SNN]   Clients: 10 honest, 2 byzantine | Algorithm: DSGD
[ByzFL-SNN]   Learning Rate: 0.15 | Steps: 500 | Device: cuda:0
[ByzFL-SNN]   Validation samples: 12000 | Test samples: 10000
[ByzFL-SNN] Initial VRAM (Alloc/Reserved): 36.1/42.0 MiB
[ByzFL-SNN]   [Step 0/500] (0.0%) | Val Acc: 0.1542 | Test Acc: 0.1595 | VRAM (Alloc/Reserved): 44.3/64.0 MiB | Time: 3.7s
[ByzFL-SNN]   [Step 50/500] (10.0%) | Val Acc: 0.5543 | Test Acc: 0.5581 | VRAM (Alloc/Reserved): 93.8/582.0 MiB | Time: 139.3s
[ByzFL-SNN]   [Step 100/500] (20.0%) | Val Acc: 0.6988 | Test Acc: 0.7086 | VRAM (Alloc/Reserved): 93.2/582.0 MiB | Time: 280.1s
[ByzFL-SNN]   [Step 150/500] (30.0%) | Val Acc: 0.8503 | Test Acc: 0.8616 | VRAM (Alloc/Reserved): 93.9/582.0 MiB | Time: 419.3s
[ByzFL-SNN]   [Step 200/500] (40.0%) | Val Acc: 0.8034 | Test Acc: 0.8096 | VRAM (Alloc/Reserved): 93.8/582.0 MiB | Time: 551.3s
[ByzFL-SNN]   [Step 250/500] (50.0%) | Val Acc: 0.8168 | Test Acc: 0.8300 | VRAM (Alloc/Reserved): 94.3/582.0 MiB | Time: 683.0s
[ByzFL-SNN]   [Step 300/500] (60.0%) | Val Acc: 0.8867 | Test Acc: 0.8955 | VRAM (Alloc/Reserved): 93.3/582.0 MiB | Time: 825.4s
[ByzFL-SNN]   [Step 350/500] (70.0%) | Val Acc: 0.8542 | Test Acc: 0.8607 | VRAM (Alloc/Reserved): 95.7/582.0 MiB | Time: 965.3s
[ByzFL-SNN]   [Step 400/500] (80.0%) | Val Acc: 0.9293 | Test Acc: 0.9338 | VRAM (Alloc/Reserved): 94.2/582.0 MiB | Time: 1118.1s
[ByzFL-SNN]   [Step 450/500] (90.0%) | Val Acc: 0.9377 | Test Acc: 0.9421 | VRAM (Alloc/Reserved): 93.8/582.0 MiB | Time: 1257.3s
[ByzFL-SNN] [Training Complete] Peak VRAM (Alloc/Reserved): 358.9/582.0 MiB | Total time: 1397.1s

Training 110 done

[ByzFL-SNN] [Training Start] Model: cnn_mnist | Dataset: mnist
[ByzFL-SNN]   Aggregator: GeometricMedian | Attack: Optimal_ALittleIsEnough_neg1
[ByzFL-SNN]   Distribution: gamma_similarity_niid (gamma=0.0)
[ByzFL-SNN]   Clients: 10 honest, 2 byzantine | Algorithm: DSGD
[ByzFL-SNN]   Learning Rate: 0.15 | Steps: 500 | Device: cuda:0
[ByzFL-SNN]   Validation samples: 12000 | Test samples: 10000
[ByzFL-SNN] Initial VRAM (Alloc/Reserved): 36.1/42.0 MiB
[ByzFL-SNN]   [Step 0/500] (0.0%) | Val Acc: 0.1542 | Test Acc: 0.1595 | VRAM (Alloc/Reserved): 44.3/64.0 MiB | Time: 3.9s
[ByzFL-SNN]   [Step 50/500] (10.0%) | Val Acc: 0.4395 | Test Acc: 0.4419 | VRAM (Alloc/Reserved): 93.7/580.0 MiB | Time: 142.5s
[ByzFL-SNN]   [Step 100/500] (20.0%) | Val Acc: 0.5674 | Test Acc: 0.5645 | VRAM (Alloc/Reserved): 94.7/580.0 MiB | Time: 274.5s
[ByzFL-SNN]   [Step 150/500] (30.0%) | Val Acc: 0.6840 | Test Acc: 0.6885 | VRAM (Alloc/Reserved): 94.4/580.0 MiB | Time: 401.9s
[ByzFL-SNN]   [Step 200/500] (40.0%) | Val Acc: 0.7013 | Test Acc: 0.7019 | VRAM (Alloc/Reserved): 93.9/580.0 MiB | Time: 531.0s
[ByzFL-SNN]   [Step 250/500] (50.0%) | Val Acc: 0.7954 | Test Acc: 0.8045 | VRAM (Alloc/Reserved): 93.5/580.0 MiB | Time: 658.8s
[ByzFL-SNN]   [Step 300/500] (60.0%) | Val Acc: 0.7387 | Test Acc: 0.7443 | VRAM (Alloc/Reserved): 93.0/580.0 MiB | Time: 795.0s
[ByzFL-SNN]   [Step 350/500] (70.0%) | Val Acc: 0.7298 | Test Acc: 0.7382 | VRAM (Alloc/Reserved): 94.2/580.0 MiB | Time: 934.4s
[ByzFL-SNN]   [Step 400/500] (80.0%) | Val Acc: 0.6915 | Test Acc: 0.6952 | VRAM (Alloc/Reserved): 93.8/580.0 MiB | Time: 1081.4s
[ByzFL-SNN]   [Step 450/500] (90.0%) | Val Acc: 0.7557 | Test Acc: 0.7675 | VRAM (Alloc/Reserved): 94.9/580.0 MiB | Time: 1214.1s
[ByzFL-SNN] [Training Complete] Peak VRAM (Alloc/Reserved): 357.2/580.0 MiB | Total time: 1356.9s

Training 111 done

[ByzFL-SNN] [Training Start] Model: cnn_mnist | Dataset: mnist
[ByzFL-SNN]   Aggregator: GeometricMedian | Attack: Optimal_InnerProductManipulation
[ByzFL-SNN]   Distribution: gamma_similarity_niid (gamma=0.33)
[ByzFL-SNN]   Clients: 10 honest, 2 byzantine | Algorithm: DSGD
[ByzFL-SNN]   Learning Rate: 0.15 | Steps: 500 | Device: cuda:0
[ByzFL-SNN]   Validation samples: 12000 | Test samples: 10000
[ByzFL-SNN] Initial VRAM (Alloc/Reserved): 36.1/42.0 MiB
[ByzFL-SNN]   [Step 0/500] (0.0%) | Val Acc: 0.1542 | Test Acc: 0.1595 | VRAM (Alloc/Reserved): 44.3/64.0 MiB | Time: 4.6s
[ByzFL-SNN]   [Step 50/500] (10.0%) | Val Acc: 0.4778 | Test Acc: 0.4908 | VRAM (Alloc/Reserved): 93.8/582.0 MiB | Time: 148.4s
[ByzFL-SNN]   [Step 100/500] (20.0%) | Val Acc: 0.7208 | Test Acc: 0.7309 | VRAM (Alloc/Reserved): 93.2/582.0 MiB | Time: 286.3s
[ByzFL-SNN]   [Step 150/500] (30.0%) | Val Acc: 0.8015 | Test Acc: 0.8074 | VRAM (Alloc/Reserved): 93.9/582.0 MiB | Time: 421.7s
[ByzFL-SNN]   [Step 200/500] (40.0%) | Val Acc: 0.7179 | Test Acc: 0.7325 | VRAM (Alloc/Reserved): 93.8/582.0 MiB | Time: 551.3s
[ByzFL-SNN]   [Step 250/500] (50.0%) | Val Acc: 0.8303 | Test Acc: 0.8392 | VRAM (Alloc/Reserved): 94.3/582.0 MiB | Time: 685.9s
[ByzFL-SNN]   [Step 300/500] (60.0%) | Val Acc: 0.8612 | Test Acc: 0.8684 | VRAM (Alloc/Reserved): 93.3/582.0 MiB | Time: 826.3s
[ByzFL-SNN]   [Step 350/500] (70.0%) | Val Acc: 0.8761 | Test Acc: 0.8820 | VRAM (Alloc/Reserved): 95.7/582.0 MiB | Time: 966.9s
[ByzFL-SNN]   [Step 400/500] (80.0%) | Val Acc: 0.9243 | Test Acc: 0.9292 | VRAM (Alloc/Reserved): 94.2/582.0 MiB | Time: 1109.7s
[ByzFL-SNN]   [Step 450/500] (90.0%) | Val Acc: 0.9298 | Test Acc: 0.9379 | VRAM (Alloc/Reserved): 93.8/582.0 MiB | Time: 1244.9s
[ByzFL-SNN] [Training Complete] Peak VRAM (Alloc/Reserved): 358.9/582.0 MiB | Total time: 1378.7s

Training 112 done

[ByzFL-SNN] [Training Start] Model: cnn_mnist | Dataset: mnist
[ByzFL-SNN]   Aggregator: GeometricMedian | Attack: SignFlipping
[ByzFL-SNN]   Distribution: gamma_similarity_niid (gamma=0.33)
[ByzFL-SNN]   Clients: 10 honest, 3 byzantine | Algorithm: DSGD
[ByzFL-SNN]   Learning Rate: 0.15 | Steps: 500 | Device: cuda:1
[ByzFL-SNN]   Validation samples: 12000 | Test samples: 10000
[ByzFL-SNN] Initial VRAM (Alloc/Reserved): 36.1/42.0 MiB
[ByzFL-SNN]   [Step 0/500] (0.0%) | Val Acc: 0.1542 | Test Acc: 0.1595 | VRAM (Alloc/Reserved): 44.3/64.0 MiB | Time: 3.6s
[ByzFL-SNN]   [Step 50/500] (10.0%) | Val Acc: 0.6380 | Test Acc: 0.6380 | VRAM (Alloc/Reserved): 93.7/598.0 MiB | Time: 37.4s
[ByzFL-SNN]   [Step 100/500] (20.0%) | Val Acc: 0.8262 | Test Acc: 0.8322 | VRAM (Alloc/Reserved): 94.4/598.0 MiB | Time: 69.6s
[ByzFL-SNN]   [Step 150/500] (30.0%) | Val Acc: 0.8808 | Test Acc: 0.8897 | VRAM (Alloc/Reserved): 95.0/598.0 MiB | Time: 100.9s
[ByzFL-SNN]   [Step 200/500] (40.0%) | Val Acc: 0.8908 | Test Acc: 0.8992 | VRAM (Alloc/Reserved): 94.7/598.0 MiB | Time: 133.6s
[ByzFL-SNN]   [Step 250/500] (50.0%) | Val Acc: 0.9277 | Test Acc: 0.9337 | VRAM (Alloc/Reserved): 94.0/598.0 MiB | Time: 166.8s
[ByzFL-SNN]   [Step 300/500] (60.0%) | Val Acc: 0.9237 | Test Acc: 0.9252 | VRAM (Alloc/Reserved): 94.8/598.0 MiB | Time: 198.7s
[ByzFL-SNN]   [Step 350/500] (70.0%) | Val Acc: 0.9258 | Test Acc: 0.9305 | VRAM (Alloc/Reserved): 94.1/598.0 MiB | Time: 228.8s
[ByzFL-SNN]   [Step 400/500] (80.0%) | Val Acc: 0.9440 | Test Acc: 0.9481 | VRAM (Alloc/Reserved): 94.7/598.0 MiB | Time: 259.5s
[ByzFL-SNN]   [Step 450/500] (90.0%) | Val Acc: 0.9437 | Test Acc: 0.9473 | VRAM (Alloc/Reserved): 94.4/598.0 MiB | Time: 289.6s
[ByzFL-SNN] [Training Complete] Peak VRAM (Alloc/Reserved): 352.6/598.0 MiB | Total time: 317.5s

Training 113 done

[ByzFL-SNN] [Training Start] Model: cnn_mnist | Dataset: mnist
[ByzFL-SNN]   Aggregator: GeometricMedian | Attack: SignFlipping
[ByzFL-SNN]   Distribution: gamma_similarity_niid (gamma=0.33)
[ByzFL-SNN]   Clients: 10 honest, 3 byzantine | Algorithm: DSGD
[ByzFL-SNN]   Learning Rate: 0.15 | Steps: 500 | Device: cuda:1
[ByzFL-SNN]   Validation samples: 12000 | Test samples: 10000
[ByzFL-SNN] Initial VRAM (Alloc/Reserved): 36.1/42.0 MiB
[ByzFL-SNN]   [Step 0/500] (0.0%) | Val Acc: 0.1542 | Test Acc: 0.1595 | VRAM (Alloc/Reserved): 44.3/64.0 MiB | Time: 3.6s
[ByzFL-SNN]   [Step 50/500] (10.0%) | Val Acc: 0.6499 | Test Acc: 0.6471 | VRAM (Alloc/Reserved): 93.7/598.0 MiB | Time: 36.6s
[ByzFL-SNN]   [Step 100/500] (20.0%) | Val Acc: 0.8247 | Test Acc: 0.8320 | VRAM (Alloc/Reserved): 94.4/598.0 MiB | Time: 67.7s
[ByzFL-SNN]   [Step 150/500] (30.0%) | Val Acc: 0.8876 | Test Acc: 0.8972 | VRAM (Alloc/Reserved): 95.0/598.0 MiB | Time: 99.0s
[ByzFL-SNN]   [Step 200/500] (40.0%) | Val Acc: 0.8901 | Test Acc: 0.8985 | VRAM (Alloc/Reserved): 94.7/598.0 MiB | Time: 132.0s
[ByzFL-SNN]   [Step 250/500] (50.0%) | Val Acc: 0.9251 | Test Acc: 0.9333 | VRAM (Alloc/Reserved): 94.0/598.0 MiB | Time: 165.0s
[ByzFL-SNN]   [Step 300/500] (60.0%) | Val Acc: 0.9328 | Test Acc: 0.9405 | VRAM (Alloc/Reserved): 94.8/598.0 MiB | Time: 196.0s
[ByzFL-SNN]   [Step 350/500] (70.0%) | Val Acc: 0.9437 | Test Acc: 0.9487 | VRAM (Alloc/Reserved): 94.1/598.0 MiB | Time: 226.2s
[ByzFL-SNN]   [Step 400/500] (80.0%) | Val Acc: 0.9377 | Test Acc: 0.9439 | VRAM (Alloc/Reserved): 94.7/598.0 MiB | Time: 256.4s
[ByzFL-SNN]   [Step 450/500] (90.0%) | Val Acc: 0.9470 | Test Acc: 0.9542 | VRAM (Alloc/Reserved): 94.4/598.0 MiB | Time: 287.9s
[ByzFL-SNN] [Training Complete] Peak VRAM (Alloc/Reserved): 352.6/598.0 MiB | Total time: 315.7s

Training 114 done

[ByzFL-SNN] [Training Start] Model: cnn_mnist | Dataset: mnist
[ByzFL-SNN]   Aggregator: GeometricMedian | Attack: Optimal_InnerProductManipulation
[ByzFL-SNN]   Distribution: gamma_similarity_niid (gamma=1.0)
[ByzFL-SNN]   Clients: 10 honest, 3 byzantine | Algorithm: DSGD
[ByzFL-SNN]   Learning Rate: 0.15 | Steps: 500 | Device: cuda:1
[ByzFL-SNN]   Validation samples: 12000 | Test samples: 10000
[ByzFL-SNN] Initial VRAM (Alloc/Reserved): 36.1/42.0 MiB
[ByzFL-SNN]   [Step 0/500] (0.0%) | Val Acc: 0.1542 | Test Acc: 0.1595 | VRAM (Alloc/Reserved): 44.3/64.0 MiB | Time: 4.0s
[ByzFL-SNN]   [Step 50/500] (10.0%) | Val Acc: 0.8609 | Test Acc: 0.8701 | VRAM (Alloc/Reserved): 93.8/602.0 MiB | Time: 110.9s
[ByzFL-SNN]   [Step 100/500] (20.0%) | Val Acc: 0.8990 | Test Acc: 0.9063 | VRAM (Alloc/Reserved): 93.2/602.0 MiB | Time: 245.5s
[ByzFL-SNN]   [Step 150/500] (30.0%) | Val Acc: 0.9137 | Test Acc: 0.9215 | VRAM (Alloc/Reserved): 93.9/602.0 MiB | Time: 353.5s
[ByzFL-SNN]   [Step 200/500] (40.0%) | Val Acc: 0.9238 | Test Acc: 0.9318 | VRAM (Alloc/Reserved): 93.8/602.0 MiB | Time: 463.7s
[ByzFL-SNN]   [Step 250/500] (50.0%) | Val Acc: 0.9331 | Test Acc: 0.9401 | VRAM (Alloc/Reserved): 94.3/602.0 MiB | Time: 559.5s
[ByzFL-SNN]   [Step 300/500] (60.0%) | Val Acc: 0.9388 | Test Acc: 0.9473 | VRAM (Alloc/Reserved): 93.3/602.0 MiB | Time: 651.6s
[ByzFL-SNN]   [Step 350/500] (70.0%) | Val Acc: 0.9428 | Test Acc: 0.9493 | VRAM (Alloc/Reserved): 95.7/602.0 MiB | Time: 753.6s
[ByzFL-SNN]   [Step 400/500] (80.0%) | Val Acc: 0.9498 | Test Acc: 0.9558 | VRAM (Alloc/Reserved): 94.2/602.0 MiB | Time: 855.2s
[ByzFL-SNN]   [Step 450/500] (90.0%) | Val Acc: 0.9544 | Test Acc: 0.9601 | VRAM (Alloc/Reserved): 93.8/602.0 MiB | Time: 952.0s
[ByzFL-SNN] [Training Complete] Peak VRAM (Alloc/Reserved): 380.3/602.0 MiB | Total time: 1055.4s

Training 115 done

[ByzFL-SNN] [Training Start] Model: cnn_mnist | Dataset: mnist
[ByzFL-SNN]   Aggregator: GeometricMedian | Attack: Optimal_ALittleIsEnough_neg1
[ByzFL-SNN]   Distribution: gamma_similarity_niid (gamma=1.0)
[ByzFL-SNN]   Clients: 10 honest, 3 byzantine | Algorithm: DSGD
[ByzFL-SNN]   Learning Rate: 0.15 | Steps: 500 | Device: cuda:1
[ByzFL-SNN]   Validation samples: 12000 | Test samples: 10000
[ByzFL-SNN] Initial VRAM (Alloc/Reserved): 36.1/42.0 MiB
[ByzFL-SNN]   [Step 0/500] (0.0%) | Val Acc: 0.1542 | Test Acc: 0.1595 | VRAM (Alloc/Reserved): 44.3/64.0 MiB | Time: 4.0s
[ByzFL-SNN]   [Step 50/500] (10.0%) | Val Acc: 0.8610 | Test Acc: 0.8714 | VRAM (Alloc/Reserved): 93.7/602.0 MiB | Time: 135.4s
[ByzFL-SNN]   [Step 100/500] (20.0%) | Val Acc: 0.9006 | Test Acc: 0.9074 | VRAM (Alloc/Reserved): 94.7/602.0 MiB | Time: 271.9s
[ByzFL-SNN]   [Step 150/500] (30.0%) | Val Acc: 0.9115 | Test Acc: 0.9184 | VRAM (Alloc/Reserved): 94.4/602.0 MiB | Time: 415.9s
[ByzFL-SNN]   [Step 200/500] (40.0%) | Val Acc: 0.9206 | Test Acc: 0.9259 | VRAM (Alloc/Reserved): 93.9/602.0 MiB | Time: 557.3s
[ByzFL-SNN]   [Step 250/500] (50.0%) | Val Acc: 0.9301 | Test Acc: 0.9383 | VRAM (Alloc/Reserved): 93.5/602.0 MiB | Time: 693.6s
[ByzFL-SNN]   [Step 300/500] (60.0%) | Val Acc: 0.9354 | Test Acc: 0.9428 | VRAM (Alloc/Reserved): 93.0/602.0 MiB | Time: 823.0s
[ByzFL-SNN]   [Step 350/500] (70.0%) | Val Acc: 0.9387 | Test Acc: 0.9453 | VRAM (Alloc/Reserved): 94.2/602.0 MiB | Time: 949.2s
[ByzFL-SNN]   [Step 400/500] (80.0%) | Val Acc: 0.9416 | Test Acc: 0.9468 | VRAM (Alloc/Reserved): 93.8/602.0 MiB | Time: 1080.3s
[ByzFL-SNN]   [Step 450/500] (90.0%) | Val Acc: 0.9458 | Test Acc: 0.9475 | VRAM (Alloc/Reserved): 94.9/602.0 MiB | Time: 1208.8s
[ByzFL-SNN] [Training Complete] Peak VRAM (Alloc/Reserved): 377.4/602.0 MiB | Total time: 1331.2s

Training 116 done

[ByzFL-SNN] [Training Start] Model: cnn_mnist | Dataset: mnist
[ByzFL-SNN]   Aggregator: GeometricMedian | Attack: SignFlipping
[ByzFL-SNN]   Distribution: gamma_similarity_niid (gamma=0.33)
[ByzFL-SNN]   Clients: 10 honest, 3 byzantine | Algorithm: DSGD
[ByzFL-SNN]   Learning Rate: 0.15 | Steps: 500 | Device: cuda:0
[ByzFL-SNN]   Validation samples: 12000 | Test samples: 10000
[ByzFL-SNN] Initial VRAM (Alloc/Reserved): 36.1/42.0 MiB
[ByzFL-SNN]   [Step 0/500] (0.0%) | Val Acc: 0.1542 | Test Acc: 0.1595 | VRAM (Alloc/Reserved): 44.3/64.0 MiB | Time: 4.2s
[ByzFL-SNN]   [Step 50/500] (10.0%) | Val Acc: 0.6703 | Test Acc: 0.6755 | VRAM (Alloc/Reserved): 93.7/598.0 MiB | Time: 40.5s
[ByzFL-SNN]   [Step 100/500] (20.0%) | Val Acc: 0.8532 | Test Acc: 0.8553 | VRAM (Alloc/Reserved): 94.4/598.0 MiB | Time: 78.3s
[ByzFL-SNN]   [Step 150/500] (30.0%) | Val Acc: 0.8818 | Test Acc: 0.8922 | VRAM (Alloc/Reserved): 95.0/598.0 MiB | Time: 115.8s
[ByzFL-SNN]   [Step 200/500] (40.0%) | Val Acc: 0.8916 | Test Acc: 0.8975 | VRAM (Alloc/Reserved): 94.7/598.0 MiB | Time: 152.8s
[ByzFL-SNN]   [Step 250/500] (50.0%) | Val Acc: 0.9121 | Test Acc: 0.9201 | VRAM (Alloc/Reserved): 94.0/598.0 MiB | Time: 191.2s
[ByzFL-SNN]   [Step 300/500] (60.0%) | Val Acc: 0.9253 | Test Acc: 0.9332 | VRAM (Alloc/Reserved): 94.8/598.0 MiB | Time: 231.0s
[ByzFL-SNN]   [Step 350/500] (70.0%) | Val Acc: 0.9153 | Test Acc: 0.9215 | VRAM (Alloc/Reserved): 94.1/598.0 MiB | Time: 269.2s
[ByzFL-SNN]   [Step 400/500] (80.0%) | Val Acc: 0.9336 | Test Acc: 0.9397 | VRAM (Alloc/Reserved): 94.7/598.0 MiB | Time: 306.3s
[ByzFL-SNN]   [Step 450/500] (90.0%) | Val Acc: 0.9430 | Test Acc: 0.9465 | VRAM (Alloc/Reserved): 94.4/598.0 MiB | Time: 343.8s
[ByzFL-SNN] [Training Complete] Peak VRAM (Alloc/Reserved): 352.6/598.0 MiB | Total time: 379.3s

Training 117 done

[ByzFL-SNN] [Training Start] Model: cnn_mnist | Dataset: mnist
[ByzFL-SNN]   Aggregator: GeometricMedian | Attack: Optimal_InnerProductManipulation
[ByzFL-SNN]   Distribution: gamma_similarity_niid (gamma=0.0)
[ByzFL-SNN]   Clients: 10 honest, 2 byzantine | Algorithm: DSGD
[ByzFL-SNN]   Learning Rate: 0.15 | Steps: 500 | Device: cuda:0
[ByzFL-SNN]   Validation samples: 12000 | Test samples: 10000
[ByzFL-SNN] Initial VRAM (Alloc/Reserved): 36.1/42.0 MiB
[ByzFL-SNN]   [Step 0/500] (0.0%) | Val Acc: 0.1542 | Test Acc: 0.1595 | VRAM (Alloc/Reserved): 44.3/64.0 MiB | Time: 3.7s
[ByzFL-SNN]   [Step 50/500] (10.0%) | Val Acc: 0.2163 | Test Acc: 0.2146 | VRAM (Alloc/Reserved): 93.8/580.0 MiB | Time: 137.5s
[ByzFL-SNN]   [Step 100/500] (20.0%) | Val Acc: 0.1192 | Test Acc: 0.1190 | VRAM (Alloc/Reserved): 93.2/580.0 MiB | Time: 274.4s
[ByzFL-SNN]   [Step 150/500] (30.0%) | Val Acc: 0.2068 | Test Acc: 0.2061 | VRAM (Alloc/Reserved): 93.9/580.0 MiB | Time: 407.0s
[ByzFL-SNN]   [Step 200/500] (40.0%) | Val Acc: 0.2824 | Test Acc: 0.2859 | VRAM (Alloc/Reserved): 93.8/580.0 MiB | Time: 540.2s
[ByzFL-SNN]   [Step 250/500] (50.0%) | Val Acc: 0.1559 | Test Acc: 0.1577 | VRAM (Alloc/Reserved): 94.3/580.0 MiB | Time: 680.8s
[ByzFL-SNN]   [Step 300/500] (60.0%) | Val Acc: 0.1416 | Test Acc: 0.1448 | VRAM (Alloc/Reserved): 93.3/580.0 MiB | Time: 819.8s
[ByzFL-SNN]   [Step 350/500] (70.0%) | Val Acc: 0.1732 | Test Acc: 0.1715 | VRAM (Alloc/Reserved): 95.7/580.0 MiB | Time: 965.5s
[ByzFL-SNN]   [Step 400/500] (80.0%) | Val Acc: 0.0997 | Test Acc: 0.1032 | VRAM (Alloc/Reserved): 94.2/580.0 MiB | Time: 1101.8s
[ByzFL-SNN]   [Step 450/500] (90.0%) | Val Acc: 0.1110 | Test Acc: 0.1110 | VRAM (Alloc/Reserved): 93.8/580.0 MiB | Time: 1246.2s
[ByzFL-SNN] [Training Complete] Peak VRAM (Alloc/Reserved): 358.9/580.0 MiB | Total time: 1383.0s

Training 118 done

[ByzFL-SNN] [Training Start] Model: cnn_mnist | Dataset: mnist
[ByzFL-SNN]   Aggregator: GeometricMedian | Attack: SignFlipping
[ByzFL-SNN]   Distribution: gamma_similarity_niid (gamma=0.0)
[ByzFL-SNN]   Clients: 10 honest, 3 byzantine | Algorithm: DSGD
[ByzFL-SNN]   Learning Rate: 0.15 | Steps: 500 | Device: cuda:1
[ByzFL-SNN]   Validation samples: 12000 | Test samples: 10000
[ByzFL-SNN] Initial VRAM (Alloc/Reserved): 36.1/42.0 MiB
[ByzFL-SNN]   [Step 0/500] (0.0%) | Val Acc: 0.1542 | Test Acc: 0.1595 | VRAM (Alloc/Reserved): 44.3/64.0 MiB | Time: 4.2s
[ByzFL-SNN]   [Step 50/500] (10.0%) | Val Acc: 0.5026 | Test Acc: 0.5102 | VRAM (Alloc/Reserved): 93.7/596.0 MiB | Time: 35.5s
[ByzFL-SNN]   [Step 100/500] (20.0%) | Val Acc: 0.6194 | Test Acc: 0.6289 | VRAM (Alloc/Reserved): 94.4/596.0 MiB | Time: 66.7s
[ByzFL-SNN]   [Step 150/500] (30.0%) | Val Acc: 0.7225 | Test Acc: 0.7371 | VRAM (Alloc/Reserved): 95.0/596.0 MiB | Time: 99.0s
[ByzFL-SNN]   [Step 200/500] (40.0%) | Val Acc: 0.7065 | Test Acc: 0.7144 | VRAM (Alloc/Reserved): 94.7/596.0 MiB | Time: 130.9s
[ByzFL-SNN]   [Step 250/500] (50.0%) | Val Acc: 0.5725 | Test Acc: 0.5823 | VRAM (Alloc/Reserved): 94.0/596.0 MiB | Time: 161.5s
[ByzFL-SNN]   [Step 300/500] (60.0%) | Val Acc: 0.4832 | Test Acc: 0.4946 | VRAM (Alloc/Reserved): 94.8/596.0 MiB | Time: 191.1s
[ByzFL-SNN]   [Step 350/500] (70.0%) | Val Acc: 0.4028 | Test Acc: 0.4054 | VRAM (Alloc/Reserved): 94.1/596.0 MiB | Time: 222.0s
[ByzFL-SNN]   [Step 400/500] (80.0%) | Val Acc: 0.3559 | Test Acc: 0.3537 | VRAM (Alloc/Reserved): 94.7/596.0 MiB | Time: 252.9s
[ByzFL-SNN]   [Step 450/500] (90.0%) | Val Acc: 0.2896 | Test Acc: 0.2996 | VRAM (Alloc/Reserved): 94.4/596.0 MiB | Time: 283.5s
[ByzFL-SNN] [Training Complete] Peak VRAM (Alloc/Reserved): 352.6/596.0 MiB | Total time: 311.1s

Training 119 done

[ByzFL-SNN] [Training Start] Model: cnn_mnist | Dataset: mnist
[ByzFL-SNN]   Aggregator: GeometricMedian | Attack: Optimal_InnerProductManipulation
[ByzFL-SNN]   Distribution: gamma_similarity_niid (gamma=1.0)
[ByzFL-SNN]   Clients: 10 honest, 3 byzantine | Algorithm: DSGD
[ByzFL-SNN]   Learning Rate: 0.15 | Steps: 500 | Device: cuda:0
[ByzFL-SNN]   Validation samples: 12000 | Test samples: 10000
[ByzFL-SNN] Initial VRAM (Alloc/Reserved): 36.1/42.0 MiB
[ByzFL-SNN]   [Step 0/500] (0.0%) | Val Acc: 0.1542 | Test Acc: 0.1595 | VRAM (Alloc/Reserved): 44.3/64.0 MiB | Time: 3.8s
[ByzFL-SNN]   [Step 50/500] (10.0%) | Val Acc: 0.8619 | Test Acc: 0.8687 | VRAM (Alloc/Reserved): 93.8/602.0 MiB | Time: 112.6s
[ByzFL-SNN]   [Step 100/500] (20.0%) | Val Acc: 0.8993 | Test Acc: 0.9075 | VRAM (Alloc/Reserved): 93.2/602.0 MiB | Time: 247.9s
[ByzFL-SNN]   [Step 150/500] (30.0%) | Val Acc: 0.9129 | Test Acc: 0.9207 | VRAM (Alloc/Reserved): 93.9/602.0 MiB | Time: 373.0s
[ByzFL-SNN]   [Step 200/500] (40.0%) | Val Acc: 0.9213 | Test Acc: 0.9298 | VRAM (Alloc/Reserved): 93.8/602.0 MiB | Time: 495.2s
[ByzFL-SNN]   [Step 250/500] (50.0%) | Val Acc: 0.9292 | Test Acc: 0.9374 | VRAM (Alloc/Reserved): 94.3/602.0 MiB | Time: 619.6s
[ByzFL-SNN]   [Step 300/500] (60.0%) | Val Acc: 0.9372 | Test Acc: 0.9453 | VRAM (Alloc/Reserved): 93.3/602.0 MiB | Time: 743.5s
[ByzFL-SNN]   [Step 350/500] (70.0%) | Val Acc: 0.9423 | Test Acc: 0.9473 | VRAM (Alloc/Reserved): 95.7/602.0 MiB | Time: 865.9s
[ByzFL-SNN]   [Step 400/500] (80.0%) | Val Acc: 0.9471 | Test Acc: 0.9530 | VRAM (Alloc/Reserved): 94.2/602.0 MiB | Time: 980.9s
[ByzFL-SNN]   [Step 450/500] (90.0%) | Val Acc: 0.9516 | Test Acc: 0.9576 | VRAM (Alloc/Reserved): 93.8/602.0 MiB | Time: 1108.7s
[ByzFL-SNN] [Training Complete] Peak VRAM (Alloc/Reserved): 380.3/602.0 MiB | Total time: 1234.4s

Training 120 done

[ByzFL-SNN] [Training Start] Model: cnn_mnist | Dataset: mnist
[ByzFL-SNN]   Aggregator: GeometricMedian | Attack: SignFlipping
[ByzFL-SNN]   Distribution: gamma_similarity_niid (gamma=0.0)
[ByzFL-SNN]   Clients: 10 honest, 3 byzantine | Algorithm: DSGD
[ByzFL-SNN]   Learning Rate: 0.15 | Steps: 500 | Device: cuda:0
[ByzFL-SNN]   Validation samples: 12000 | Test samples: 10000
[ByzFL-SNN] Initial VRAM (Alloc/Reserved): 36.1/42.0 MiB
[ByzFL-SNN]   [Step 0/500] (0.0%) | Val Acc: 0.1542 | Test Acc: 0.1595 | VRAM (Alloc/Reserved): 44.3/64.0 MiB | Time: 3.9s
[ByzFL-SNN]   [Step 50/500] (10.0%) | Val Acc: 0.5133 | Test Acc: 0.5192 | VRAM (Alloc/Reserved): 93.7/596.0 MiB | Time: 43.7s
[ByzFL-SNN]   [Step 100/500] (20.0%) | Val Acc: 0.6621 | Test Acc: 0.6713 | VRAM (Alloc/Reserved): 94.4/596.0 MiB | Time: 82.3s
[ByzFL-SNN]   [Step 150/500] (30.0%) | Val Acc: 0.7228 | Test Acc: 0.7299 | VRAM (Alloc/Reserved): 95.0/596.0 MiB | Time: 118.4s
[ByzFL-SNN]   [Step 200/500] (40.0%) | Val Acc: 0.7681 | Test Acc: 0.7828 | VRAM (Alloc/Reserved): 94.7/596.0 MiB | Time: 154.7s
[ByzFL-SNN]   [Step 250/500] (50.0%) | Val Acc: 0.7867 | Test Acc: 0.7978 | VRAM (Alloc/Reserved): 94.0/596.0 MiB | Time: 192.4s
[ByzFL-SNN]   [Step 300/500] (60.0%) | Val Acc: 0.6025 | Test Acc: 0.6021 | VRAM (Alloc/Reserved): 94.8/596.0 MiB | Time: 230.5s
[ByzFL-SNN]   [Step 350/500] (70.0%) | Val Acc: 0.5807 | Test Acc: 0.5846 | VRAM (Alloc/Reserved): 94.1/596.0 MiB | Time: 268.2s
[ByzFL-SNN]   [Step 400/500] (80.0%) | Val Acc: 0.4456 | Test Acc: 0.4588 | VRAM (Alloc/Reserved): 94.7/596.0 MiB | Time: 305.8s
[ByzFL-SNN]   [Step 450/500] (90.0%) | Val Acc: 0.4035 | Test Acc: 0.4046 | VRAM (Alloc/Reserved): 94.4/596.0 MiB | Time: 343.0s
[ByzFL-SNN] [Training Complete] Peak VRAM (Alloc/Reserved): 352.6/596.0 MiB | Total time: 377.4s

Training 121 done

[ByzFL-SNN] [Training Start] Model: cnn_mnist | Dataset: mnist
[ByzFL-SNN]   Aggregator: GeometricMedian | Attack: Optimal_ALittleIsEnough_neg1
[ByzFL-SNN]   Distribution: gamma_similarity_niid (gamma=1.0)
[ByzFL-SNN]   Clients: 10 honest, 3 byzantine | Algorithm: DSGD
[ByzFL-SNN]   Learning Rate: 0.15 | Steps: 500 | Device: cuda:0
[ByzFL-SNN]   Validation samples: 12000 | Test samples: 10000
[ByzFL-SNN] Initial VRAM (Alloc/Reserved): 36.1/42.0 MiB
[ByzFL-SNN]   [Step 0/500] (0.0%) | Val Acc: 0.1542 | Test Acc: 0.1595 | VRAM (Alloc/Reserved): 44.3/64.0 MiB | Time: 3.7s
[ByzFL-SNN]   [Step 50/500] (10.0%) | Val Acc: 0.8591 | Test Acc: 0.8697 | VRAM (Alloc/Reserved): 93.7/602.0 MiB | Time: 159.0s
[ByzFL-SNN]   [Step 100/500] (20.0%) | Val Acc: 0.8988 | Test Acc: 0.9073 | VRAM (Alloc/Reserved): 94.7/602.0 MiB | Time: 307.5s
[ByzFL-SNN]   [Step 150/500] (30.0%) | Val Acc: 0.9153 | Test Acc: 0.9235 | VRAM (Alloc/Reserved): 94.4/602.0 MiB | Time: 457.2s
[ByzFL-SNN]   [Step 200/500] (40.0%) | Val Acc: 0.9222 | Test Acc: 0.9306 | VRAM (Alloc/Reserved): 93.9/602.0 MiB | Time: 610.9s
[ByzFL-SNN]   [Step 250/500] (50.0%) | Val Acc: 0.9296 | Test Acc: 0.9362 | VRAM (Alloc/Reserved): 93.5/602.0 MiB | Time: 769.1s
[ByzFL-SNN]   [Step 300/500] (60.0%) | Val Acc: 0.9358 | Test Acc: 0.9422 | VRAM (Alloc/Reserved): 93.0/602.0 MiB | Time: 939.8s
[ByzFL-SNN]   [Step 350/500] (70.0%) | Val Acc: 0.9363 | Test Acc: 0.9446 | VRAM (Alloc/Reserved): 94.2/602.0 MiB | Time: 1097.8s
[ByzFL-SNN]   [Step 400/500] (80.0%) | Val Acc: 0.9409 | Test Acc: 0.9497 | VRAM (Alloc/Reserved): 93.8/602.0 MiB | Time: 1262.4s
[ByzFL-SNN]   [Step 450/500] (90.0%) | Val Acc: 0.9476 | Test Acc: 0.9521 | VRAM (Alloc/Reserved): 94.9/602.0 MiB | Time: 1424.8s
[ByzFL-SNN] [Training Complete] Peak VRAM (Alloc/Reserved): 377.4/602.0 MiB | Total time: 1581.2s

Training 122 done

[ByzFL-SNN] [Training Start] Model: cnn_mnist | Dataset: mnist
[ByzFL-SNN]   Aggregator: GeometricMedian | Attack: SignFlipping
[ByzFL-SNN]   Distribution: gamma_similarity_niid (gamma=0.0)
[ByzFL-SNN]   Clients: 10 honest, 3 byzantine | Algorithm: DSGD
[ByzFL-SNN]   Learning Rate: 0.15 | Steps: 500 | Device: cuda:0
[ByzFL-SNN]   Validation samples: 12000 | Test samples: 10000
[ByzFL-SNN] Initial VRAM (Alloc/Reserved): 36.1/42.0 MiB
[ByzFL-SNN]   [Step 0/500] (0.0%) | Val Acc: 0.1542 | Test Acc: 0.1595 | VRAM (Alloc/Reserved): 44.3/64.0 MiB | Time: 4.0s
[ByzFL-SNN]   [Step 50/500] (10.0%) | Val Acc: 0.4729 | Test Acc: 0.4825 | VRAM (Alloc/Reserved): 93.7/596.0 MiB | Time: 42.2s
[ByzFL-SNN]   [Step 100/500] (20.0%) | Val Acc: 0.6382 | Test Acc: 0.6446 | VRAM (Alloc/Reserved): 94.4/596.0 MiB | Time: 78.6s
[ByzFL-SNN]   [Step 150/500] (30.0%) | Val Acc: 0.7260 | Test Acc: 0.7343 | VRAM (Alloc/Reserved): 95.0/596.0 MiB | Time: 116.2s
[ByzFL-SNN]   [Step 200/500] (40.0%) | Val Acc: 0.6634 | Test Acc: 0.6709 | VRAM (Alloc/Reserved): 94.7/596.0 MiB | Time: 154.9s
[ByzFL-SNN]   [Step 250/500] (50.0%) | Val Acc: 0.5711 | Test Acc: 0.5740 | VRAM (Alloc/Reserved): 94.0/596.0 MiB | Time: 192.3s
[ByzFL-SNN]   [Step 300/500] (60.0%) | Val Acc: 0.3826 | Test Acc: 0.3975 | VRAM (Alloc/Reserved): 94.8/596.0 MiB | Time: 229.9s
[ByzFL-SNN]   [Step 350/500] (70.0%) | Val Acc: 0.2182 | Test Acc: 0.2218 | VRAM (Alloc/Reserved): 94.1/596.0 MiB | Time: 267.6s
[ByzFL-SNN]   [Step 400/500] (80.0%) | Val Acc: 0.3799 | Test Acc: 0.3802 | VRAM (Alloc/Reserved): 94.7/596.0 MiB | Time: 305.1s
[ByzFL-SNN]   [Step 450/500] (90.0%) | Val Acc: 0.1250 | Test Acc: 0.1258 | VRAM (Alloc/Reserved): 94.4/596.0 MiB | Time: 342.3s
[ByzFL-SNN] [Training Complete] Peak VRAM (Alloc/Reserved): 352.6/596.0 MiB | Total time: 374.9s

Training 123 done

[ByzFL-SNN] [Training Start] Model: cnn_mnist | Dataset: mnist
[ByzFL-SNN]   Aggregator: GeometricMedian | Attack: Optimal_ALittleIsEnough_neg1
[ByzFL-SNN]   Distribution: gamma_similarity_niid (gamma=1.0)
[ByzFL-SNN]   Clients: 10 honest, 3 byzantine | Algorithm: DSGD
[ByzFL-SNN]   Learning Rate: 0.15 | Steps: 500 | Device: cuda:0
[ByzFL-SNN]   Validation samples: 12000 | Test samples: 10000
[ByzFL-SNN] Initial VRAM (Alloc/Reserved): 36.1/42.0 MiB
[ByzFL-SNN]   [Step 0/500] (0.0%) | Val Acc: 0.1542 | Test Acc: 0.1595 | VRAM (Alloc/Reserved): 44.3/64.0 MiB | Time: 4.1s
[ByzFL-SNN]   [Step 50/500] (10.0%) | Val Acc: 0.8709 | Test Acc: 0.8815 | VRAM (Alloc/Reserved): 93.7/602.0 MiB | Time: 158.9s
[ByzFL-SNN]   [Step 100/500] (20.0%) | Val Acc: 0.8983 | Test Acc: 0.9055 | VRAM (Alloc/Reserved): 94.7/602.0 MiB | Time: 305.8s
[ByzFL-SNN]   [Step 150/500] (30.0%) | Val Acc: 0.9168 | Test Acc: 0.9215 | VRAM (Alloc/Reserved): 94.4/602.0 MiB | Time: 455.3s
[ByzFL-SNN]   [Step 200/500] (40.0%) | Val Acc: 0.9132 | Test Acc: 0.9226 | VRAM (Alloc/Reserved): 93.9/602.0 MiB | Time: 611.6s
[ByzFL-SNN]   [Step 250/500] (50.0%) | Val Acc: 0.9302 | Test Acc: 0.9372 | VRAM (Alloc/Reserved): 93.5/602.0 MiB | Time: 770.1s
[ByzFL-SNN]   [Step 300/500] (60.0%) | Val Acc: 0.9369 | Test Acc: 0.9411 | VRAM (Alloc/Reserved): 93.0/602.0 MiB | Time: 940.0s
[ByzFL-SNN]   [Step 350/500] (70.0%) | Val Acc: 0.9363 | Test Acc: 0.9441 | VRAM (Alloc/Reserved): 94.2/602.0 MiB | Time: 1096.0s
[ByzFL-SNN]   [Step 400/500] (80.0%) | Val Acc: 0.9438 | Test Acc: 0.9523 | VRAM (Alloc/Reserved): 93.8/602.0 MiB | Time: 1258.9s
[ByzFL-SNN]   [Step 450/500] (90.0%) | Val Acc: 0.9437 | Test Acc: 0.9499 | VRAM (Alloc/Reserved): 94.9/602.0 MiB | Time: 1422.1s
[ByzFL-SNN] [Training Complete] Peak VRAM (Alloc/Reserved): 377.4/602.0 MiB | Total time: 1579.9s

Training 124 done

[ByzFL-SNN] [Training Start] Model: cnn_mnist | Dataset: mnist
[ByzFL-SNN]   Aggregator: GeometricMedian | Attack: Optimal_InnerProductManipulation
[ByzFL-SNN]   Distribution: gamma_similarity_niid (gamma=1.0)
[ByzFL-SNN]   Clients: 10 honest, 3 byzantine | Algorithm: DSGD
[ByzFL-SNN]   Learning Rate: 0.15 | Steps: 500 | Device: cuda:0
[ByzFL-SNN]   Validation samples: 12000 | Test samples: 10000
[ByzFL-SNN] Initial VRAM (Alloc/Reserved): 36.1/42.0 MiB
[ByzFL-SNN]   [Step 0/500] (0.0%) | Val Acc: 0.1542 | Test Acc: 0.1595 | VRAM (Alloc/Reserved): 44.3/64.0 MiB | Time: 4.1s
[ByzFL-SNN]   [Step 50/500] (10.0%) | Val Acc: 0.8632 | Test Acc: 0.8714 | VRAM (Alloc/Reserved): 93.8/602.0 MiB | Time: 115.0s
[ByzFL-SNN]   [Step 100/500] (20.0%) | Val Acc: 0.8998 | Test Acc: 0.9057 | VRAM (Alloc/Reserved): 93.2/602.0 MiB | Time: 258.8s
[ByzFL-SNN]   [Step 150/500] (30.0%) | Val Acc: 0.9137 | Test Acc: 0.9233 | VRAM (Alloc/Reserved): 93.9/602.0 MiB | Time: 399.4s
[ByzFL-SNN]   [Step 200/500] (40.0%) | Val Acc: 0.9232 | Test Acc: 0.9309 | VRAM (Alloc/Reserved): 93.8/602.0 MiB | Time: 530.1s
[ByzFL-SNN]   [Step 250/500] (50.0%) | Val Acc: 0.9314 | Test Acc: 0.9384 | VRAM (Alloc/Reserved): 94.3/602.0 MiB | Time: 653.8s
[ByzFL-SNN]   [Step 300/500] (60.0%) | Val Acc: 0.9404 | Test Acc: 0.9461 | VRAM (Alloc/Reserved): 93.3/602.0 MiB | Time: 773.6s
[ByzFL-SNN]   [Step 350/500] (70.0%) | Val Acc: 0.9458 | Test Acc: 0.9522 | VRAM (Alloc/Reserved): 95.7/602.0 MiB | Time: 894.7s
[ByzFL-SNN]   [Step 400/500] (80.0%) | Val Acc: 0.9492 | Test Acc: 0.9542 | VRAM (Alloc/Reserved): 94.2/602.0 MiB | Time: 1019.7s
[ByzFL-SNN]   [Step 450/500] (90.0%) | Val Acc: 0.9540 | Test Acc: 0.9597 | VRAM (Alloc/Reserved): 93.8/602.0 MiB | Time: 1151.1s
[ByzFL-SNN] [Training Complete] Peak VRAM (Alloc/Reserved): 380.3/602.0 MiB | Total time: 1280.8s

Training 125 done

[ByzFL-SNN] [Training Start] Model: cnn_mnist | Dataset: mnist
[ByzFL-SNN]   Aggregator: GeometricMedian | Attack: Optimal_ALittleIsEnough_neg1
[ByzFL-SNN]   Distribution: gamma_similarity_niid (gamma=0.66)
[ByzFL-SNN]   Clients: 10 honest, 3 byzantine | Algorithm: DSGD
[ByzFL-SNN]   Learning Rate: 0.15 | Steps: 500 | Device: cuda:1
[ByzFL-SNN]   Validation samples: 12000 | Test samples: 10000
[ByzFL-SNN] Initial VRAM (Alloc/Reserved): 36.1/42.0 MiB
[ByzFL-SNN]   [Step 0/500] (0.0%) | Val Acc: 0.1542 | Test Acc: 0.1595 | VRAM (Alloc/Reserved): 44.3/64.0 MiB | Time: 4.0s
[ByzFL-SNN]   [Step 50/500] (10.0%) | Val Acc: 0.7661 | Test Acc: 0.7677 | VRAM (Alloc/Reserved): 93.7/600.0 MiB | Time: 137.6s
[ByzFL-SNN]   [Step 100/500] (20.0%) | Val Acc: 0.8053 | Test Acc: 0.8170 | VRAM (Alloc/Reserved): 94.7/600.0 MiB | Time: 270.7s
[ByzFL-SNN]   [Step 150/500] (30.0%) | Val Acc: 0.8102 | Test Acc: 0.8153 | VRAM (Alloc/Reserved): 94.4/600.0 MiB | Time: 399.9s
[ByzFL-SNN]   [Step 200/500] (40.0%) | Val Acc: 0.7857 | Test Acc: 0.7962 | VRAM (Alloc/Reserved): 93.9/600.0 MiB | Time: 520.1s
[ByzFL-SNN]   [Step 250/500] (50.0%) | Val Acc: 0.7398 | Test Acc: 0.7455 | VRAM (Alloc/Reserved): 93.5/600.0 MiB | Time: 645.0s
[ByzFL-SNN]   [Step 300/500] (60.0%) | Val Acc: 0.8186 | Test Acc: 0.8306 | VRAM (Alloc/Reserved): 93.0/600.0 MiB | Time: 771.1s
[ByzFL-SNN]   [Step 350/500] (70.0%) | Val Acc: 0.8859 | Test Acc: 0.8948 | VRAM (Alloc/Reserved): 94.2/600.0 MiB | Time: 890.5s
[ByzFL-SNN]   [Step 400/500] (80.0%) | Val Acc: 0.9083 | Test Acc: 0.9193 | VRAM (Alloc/Reserved): 93.8/600.0 MiB | Time: 1008.9s
[ByzFL-SNN]   [Step 450/500] (90.0%) | Val Acc: 0.8373 | Test Acc: 0.8503 | VRAM (Alloc/Reserved): 94.9/600.0 MiB | Time: 1124.8s
[ByzFL-SNN] [Training Complete] Peak VRAM (Alloc/Reserved): 377.4/600.0 MiB | Total time: 1254.0s

Training 126 done

[ByzFL-SNN] [Training Start] Model: cnn_mnist | Dataset: mnist
[ByzFL-SNN]   Aggregator: GeometricMedian | Attack: SignFlipping
[ByzFL-SNN]   Distribution: gamma_similarity_niid (gamma=1.0)
[ByzFL-SNN]   Clients: 10 honest, 4 byzantine | Algorithm: DSGD
[ByzFL-SNN]   Learning Rate: 0.15 | Steps: 500 | Device: cuda:1
[ByzFL-SNN]   Validation samples: 12000 | Test samples: 10000
[ByzFL-SNN] Initial VRAM (Alloc/Reserved): 36.1/42.0 MiB
[ByzFL-SNN]   [Step 0/500] (0.0%) | Val Acc: 0.1542 | Test Acc: 0.1595 | VRAM (Alloc/Reserved): 44.3/64.0 MiB | Time: 3.5s
[ByzFL-SNN]   [Step 50/500] (10.0%) | Val Acc: 0.8575 | Test Acc: 0.8652 | VRAM (Alloc/Reserved): 93.7/620.0 MiB | Time: 33.9s
[ByzFL-SNN]   [Step 100/500] (20.0%) | Val Acc: 0.8928 | Test Acc: 0.9019 | VRAM (Alloc/Reserved): 94.4/620.0 MiB | Time: 65.3s
[ByzFL-SNN]   [Step 150/500] (30.0%) | Val Acc: 0.9052 | Test Acc: 0.9137 | VRAM (Alloc/Reserved): 95.0/620.0 MiB | Time: 96.9s
[ByzFL-SNN]   [Step 200/500] (40.0%) | Val Acc: 0.9109 | Test Acc: 0.9173 | VRAM (Alloc/Reserved): 94.7/620.0 MiB | Time: 128.2s
[ByzFL-SNN]   [Step 250/500] (50.0%) | Val Acc: 0.9164 | Test Acc: 0.9236 | VRAM (Alloc/Reserved): 94.0/620.0 MiB | Time: 158.6s
[ByzFL-SNN]   [Step 300/500] (60.0%) | Val Acc: 0.9207 | Test Acc: 0.9283 | VRAM (Alloc/Reserved): 94.8/620.0 MiB | Time: 190.4s
[ByzFL-SNN]   [Step 350/500] (70.0%) | Val Acc: 0.9254 | Test Acc: 0.9333 | VRAM (Alloc/Reserved): 94.1/620.0 MiB | Time: 224.0s
[ByzFL-SNN]   [Step 400/500] (80.0%) | Val Acc: 0.9310 | Test Acc: 0.9373 | VRAM (Alloc/Reserved): 94.7/620.0 MiB | Time: 258.4s
[ByzFL-SNN]   [Step 450/500] (90.0%) | Val Acc: 0.9349 | Test Acc: 0.9419 | VRAM (Alloc/Reserved): 94.4/620.0 MiB | Time: 294.2s
[ByzFL-SNN] [Training Complete] Peak VRAM (Alloc/Reserved): 372.1/620.0 MiB | Total time: 325.7s

Training 127 done

[ByzFL-SNN] [Training Start] Model: cnn_mnist | Dataset: mnist
[ByzFL-SNN]   Aggregator: GeometricMedian | Attack: SignFlipping
[ByzFL-SNN]   Distribution: gamma_similarity_niid (gamma=1.0)
[ByzFL-SNN]   Clients: 10 honest, 4 byzantine | Algorithm: DSGD
[ByzFL-SNN]   Learning Rate: 0.15 | Steps: 500 | Device: cuda:0
[ByzFL-SNN]   Validation samples: 12000 | Test samples: 10000
[ByzFL-SNN] Initial VRAM (Alloc/Reserved): 36.1/42.0 MiB
[ByzFL-SNN]   [Step 0/500] (0.0%) | Val Acc: 0.1542 | Test Acc: 0.1595 | VRAM (Alloc/Reserved): 44.3/64.0 MiB | Time: 3.9s
[ByzFL-SNN]   [Step 50/500] (10.0%) | Val Acc: 0.8562 | Test Acc: 0.8671 | VRAM (Alloc/Reserved): 93.7/620.0 MiB | Time: 42.1s
[ByzFL-SNN]   [Step 100/500] (20.0%) | Val Acc: 0.8937 | Test Acc: 0.9010 | VRAM (Alloc/Reserved): 94.4/620.0 MiB | Time: 81.4s
[ByzFL-SNN]   [Step 150/500] (30.0%) | Val Acc: 0.9043 | Test Acc: 0.9110 | VRAM (Alloc/Reserved): 95.0/620.0 MiB | Time: 120.8s
[ByzFL-SNN]   [Step 200/500] (40.0%) | Val Acc: 0.9116 | Test Acc: 0.9204 | VRAM (Alloc/Reserved): 94.7/620.0 MiB | Time: 159.9s
[ByzFL-SNN]   [Step 250/500] (50.0%) | Val Acc: 0.9177 | Test Acc: 0.9269 | VRAM (Alloc/Reserved): 94.0/620.0 MiB | Time: 198.3s
[ByzFL-SNN]   [Step 300/500] (60.0%) | Val Acc: 0.9229 | Test Acc: 0.9324 | VRAM (Alloc/Reserved): 94.8/620.0 MiB | Time: 234.9s
[ByzFL-SNN]   [Step 350/500] (70.0%) | Val Acc: 0.9305 | Test Acc: 0.9375 | VRAM (Alloc/Reserved): 94.1/620.0 MiB | Time: 268.0s
[ByzFL-SNN]   [Step 400/500] (80.0%) | Val Acc: 0.9315 | Test Acc: 0.9390 | VRAM (Alloc/Reserved): 94.7/620.0 MiB | Time: 302.6s
[ByzFL-SNN]   [Step 450/500] (90.0%) | Val Acc: 0.9350 | Test Acc: 0.9436 | VRAM (Alloc/Reserved): 94.4/620.0 MiB | Time: 338.3s
[ByzFL-SNN] [Training Complete] Peak VRAM (Alloc/Reserved): 372.1/620.0 MiB | Total time: 370.6s

Training 128 done

[ByzFL-SNN] [Training Start] Model: cnn_mnist | Dataset: mnist
[ByzFL-SNN]   Aggregator: GeometricMedian | Attack: SignFlipping
[ByzFL-SNN]   Distribution: gamma_similarity_niid (gamma=1.0)
[ByzFL-SNN]   Clients: 10 honest, 4 byzantine | Algorithm: DSGD
[ByzFL-SNN]   Learning Rate: 0.15 | Steps: 500 | Device: cuda:1
[ByzFL-SNN]   Validation samples: 12000 | Test samples: 10000
[ByzFL-SNN] Initial VRAM (Alloc/Reserved): 36.1/42.0 MiB
[ByzFL-SNN]   [Step 0/500] (0.0%) | Val Acc: 0.1542 | Test Acc: 0.1595 | VRAM (Alloc/Reserved): 44.3/64.0 MiB | Time: 4.2s
[ByzFL-SNN]   [Step 50/500] (10.0%) | Val Acc: 0.8573 | Test Acc: 0.8678 | VRAM (Alloc/Reserved): 93.7/620.0 MiB | Time: 34.8s
[ByzFL-SNN]   [Step 100/500] (20.0%) | Val Acc: 0.8934 | Test Acc: 0.9004 | VRAM (Alloc/Reserved): 94.4/620.0 MiB | Time: 68.3s
[ByzFL-SNN]   [Step 150/500] (30.0%) | Val Acc: 0.9057 | Test Acc: 0.9139 | VRAM (Alloc/Reserved): 95.0/620.0 MiB | Time: 101.8s
[ByzFL-SNN]   [Step 200/500] (40.0%) | Val Acc: 0.9098 | Test Acc: 0.9192 | VRAM (Alloc/Reserved): 94.7/620.0 MiB | Time: 138.5s
[ByzFL-SNN]   [Step 250/500] (50.0%) | Val Acc: 0.9174 | Test Acc: 0.9248 | VRAM (Alloc/Reserved): 94.0/620.0 MiB | Time: 173.7s
[ByzFL-SNN]   [Step 300/500] (60.0%) | Val Acc: 0.9233 | Test Acc: 0.9298 | VRAM (Alloc/Reserved): 94.8/620.0 MiB | Time: 208.9s
[ByzFL-SNN]   [Step 350/500] (70.0%) | Val Acc: 0.9288 | Test Acc: 0.9361 | VRAM (Alloc/Reserved): 94.1/620.0 MiB | Time: 243.4s
[ByzFL-SNN]   [Step 400/500] (80.0%) | Val Acc: 0.9303 | Test Acc: 0.9377 | VRAM (Alloc/Reserved): 94.7/620.0 MiB | Time: 278.5s
[ByzFL-SNN]   [Step 450/500] (90.0%) | Val Acc: 0.9360 | Test Acc: 0.9429 | VRAM (Alloc/Reserved): 94.4/620.0 MiB | Time: 313.3s
[ByzFL-SNN] [Training Complete] Peak VRAM (Alloc/Reserved): 372.1/620.0 MiB | Total time: 345.4s

Training 129 done

[ByzFL-SNN] [Training Start] Model: cnn_mnist | Dataset: mnist
[ByzFL-SNN]   Aggregator: GeometricMedian | Attack: Optimal_ALittleIsEnough_neg1
[ByzFL-SNN]   Distribution: gamma_similarity_niid (gamma=0.66)
[ByzFL-SNN]   Clients: 10 honest, 3 byzantine | Algorithm: DSGD
[ByzFL-SNN]   Learning Rate: 0.15 | Steps: 500 | Device: cuda:1
[ByzFL-SNN]   Validation samples: 12000 | Test samples: 10000
[ByzFL-SNN] Initial VRAM (Alloc/Reserved): 36.1/42.0 MiB
[ByzFL-SNN]   [Step 0/500] (0.0%) | Val Acc: 0.1542 | Test Acc: 0.1595 | VRAM (Alloc/Reserved): 44.3/64.0 MiB | Time: 4.1s
[ByzFL-SNN]   [Step 50/500] (10.0%) | Val Acc: 0.7695 | Test Acc: 0.7748 | VRAM (Alloc/Reserved): 93.7/600.0 MiB | Time: 132.6s
[ByzFL-SNN]   [Step 100/500] (20.0%) | Val Acc: 0.8126 | Test Acc: 0.8157 | VRAM (Alloc/Reserved): 94.7/600.0 MiB | Time: 255.4s
[ByzFL-SNN]   [Step 150/500] (30.0%) | Val Acc: 0.8618 | Test Acc: 0.8707 | VRAM (Alloc/Reserved): 94.4/600.0 MiB | Time: 379.8s
[ByzFL-SNN]   [Step 200/500] (40.0%) | Val Acc: 0.8366 | Test Acc: 0.8468 | VRAM (Alloc/Reserved): 93.9/600.0 MiB | Time: 508.6s
[ByzFL-SNN]   [Step 250/500] (50.0%) | Val Acc: 0.8197 | Test Acc: 0.8320 | VRAM (Alloc/Reserved): 93.5/600.0 MiB | Time: 633.1s
[ByzFL-SNN]   [Step 300/500] (60.0%) | Val Acc: 0.8137 | Test Acc: 0.8183 | VRAM (Alloc/Reserved): 93.0/600.0 MiB | Time: 756.0s
[ByzFL-SNN]   [Step 350/500] (70.0%) | Val Acc: 0.9024 | Test Acc: 0.9101 | VRAM (Alloc/Reserved): 94.2/600.0 MiB | Time: 874.6s
[ByzFL-SNN]   [Step 400/500] (80.0%) | Val Acc: 0.8822 | Test Acc: 0.8947 | VRAM (Alloc/Reserved): 93.8/600.0 MiB | Time: 996.4s
[ByzFL-SNN]   [Step 450/500] (90.0%) | Val Acc: 0.8989 | Test Acc: 0.9084 | VRAM (Alloc/Reserved): 94.9/600.0 MiB | Time: 1137.5s
[ByzFL-SNN] [Training Complete] Peak VRAM (Alloc/Reserved): 377.4/600.0 MiB | Total time: 1272.6s

Training 130 done

[ByzFL-SNN] [Training Start] Model: cnn_mnist | Dataset: mnist
[ByzFL-SNN]   Aggregator: GeometricMedian | Attack: Optimal_InnerProductManipulation
[ByzFL-SNN]   Distribution: gamma_similarity_niid (gamma=0.66)
[ByzFL-SNN]   Clients: 10 honest, 3 byzantine | Algorithm: DSGD
[ByzFL-SNN]   Learning Rate: 0.15 | Steps: 500 | Device: cuda:1
[ByzFL-SNN]   Validation samples: 12000 | Test samples: 10000
[ByzFL-SNN] Initial VRAM (Alloc/Reserved): 36.1/42.0 MiB
[ByzFL-SNN]   [Step 0/500] (0.0%) | Val Acc: 0.1542 | Test Acc: 0.1595 | VRAM (Alloc/Reserved): 44.3/64.0 MiB | Time: 3.6s
[ByzFL-SNN]   [Step 50/500] (10.0%) | Val Acc: 0.5210 | Test Acc: 0.5363 | VRAM (Alloc/Reserved): 93.8/600.0 MiB | Time: 126.3s
[ByzFL-SNN]   [Step 100/500] (20.0%) | Val Acc: 0.8173 | Test Acc: 0.8310 | VRAM (Alloc/Reserved): 93.2/600.0 MiB | Time: 242.1s
[ByzFL-SNN]   [Step 150/500] (30.0%) | Val Acc: 0.8111 | Test Acc: 0.8202 | VRAM (Alloc/Reserved): 93.9/600.0 MiB | Time: 360.6s
[ByzFL-SNN]   [Step 200/500] (40.0%) | Val Acc: 0.8575 | Test Acc: 0.8671 | VRAM (Alloc/Reserved): 93.8/600.0 MiB | Time: 482.3s
[ByzFL-SNN]   [Step 250/500] (50.0%) | Val Acc: 0.8592 | Test Acc: 0.8688 | VRAM (Alloc/Reserved): 94.3/600.0 MiB | Time: 599.5s
[ByzFL-SNN]   [Step 300/500] (60.0%) | Val Acc: 0.8952 | Test Acc: 0.9029 | VRAM (Alloc/Reserved): 93.3/600.0 MiB | Time: 714.1s
[ByzFL-SNN]   [Step 350/500] (70.0%) | Val Acc: 0.9117 | Test Acc: 0.9196 | VRAM (Alloc/Reserved): 95.7/600.0 MiB | Time: 829.4s
[ByzFL-SNN]   [Step 400/500] (80.0%) | Val Acc: 0.9240 | Test Acc: 0.9315 | VRAM (Alloc/Reserved): 94.2/600.0 MiB | Time: 953.8s
[ByzFL-SNN]   [Step 450/500] (90.0%) | Val Acc: 0.9228 | Test Acc: 0.9280 | VRAM (Alloc/Reserved): 93.8/600.0 MiB | Time: 1085.9s
[ByzFL-SNN] [Training Complete] Peak VRAM (Alloc/Reserved): 380.3/600.0 MiB | Total time: 1212.4s

Training 131 done

[ByzFL-SNN] [Training Start] Model: cnn_mnist | Dataset: mnist
[ByzFL-SNN]   Aggregator: GeometricMedian | Attack: Optimal_InnerProductManipulation
[ByzFL-SNN]   Distribution: gamma_similarity_niid (gamma=0.66)
[ByzFL-SNN]   Clients: 10 honest, 3 byzantine | Algorithm: DSGD
[ByzFL-SNN]   Learning Rate: 0.15 | Steps: 500 | Device: cuda:1
[ByzFL-SNN]   Validation samples: 12000 | Test samples: 10000
[ByzFL-SNN] Initial VRAM (Alloc/Reserved): 36.1/42.0 MiB
[ByzFL-SNN]   [Step 0/500] (0.0%) | Val Acc: 0.1542 | Test Acc: 0.1595 | VRAM (Alloc/Reserved): 44.3/64.0 MiB | Time: 3.9s
[ByzFL-SNN]   [Step 50/500] (10.0%) | Val Acc: 0.6539 | Test Acc: 0.6509 | VRAM (Alloc/Reserved): 93.8/600.0 MiB | Time: 121.7s
[ByzFL-SNN]   [Step 100/500] (20.0%) | Val Acc: 0.7854 | Test Acc: 0.7902 | VRAM (Alloc/Reserved): 93.2/600.0 MiB | Time: 239.6s
[ByzFL-SNN]   [Step 150/500] (30.0%) | Val Acc: 0.8588 | Test Acc: 0.8623 | VRAM (Alloc/Reserved): 93.9/600.0 MiB | Time: 361.6s
[ByzFL-SNN]   [Step 200/500] (40.0%) | Val Acc: 0.8850 | Test Acc: 0.8932 | VRAM (Alloc/Reserved): 93.8/600.0 MiB | Time: 475.8s
[ByzFL-SNN]   [Step 250/500] (50.0%) | Val Acc: 0.9192 | Test Acc: 0.9274 | VRAM (Alloc/Reserved): 94.3/600.0 MiB | Time: 593.7s
[ByzFL-SNN]   [Step 300/500] (60.0%) | Val Acc: 0.9323 | Test Acc: 0.9396 | VRAM (Alloc/Reserved): 93.3/600.0 MiB | Time: 705.3s
[ByzFL-SNN]   [Step 350/500] (70.0%) | Val Acc: 0.9310 | Test Acc: 0.9349 | VRAM (Alloc/Reserved): 95.7/600.0 MiB | Time: 819.2s
[ByzFL-SNN]   [Step 400/500] (80.0%) | Val Acc: 0.9433 | Test Acc: 0.9491 | VRAM (Alloc/Reserved): 94.2/600.0 MiB | Time: 950.2s
[ByzFL-SNN]   [Step 450/500] (90.0%) | Val Acc: 0.9539 | Test Acc: 0.9589 | VRAM (Alloc/Reserved): 93.8/600.0 MiB | Time: 1080.9s
[ByzFL-SNN] [Training Complete] Peak VRAM (Alloc/Reserved): 380.3/600.0 MiB | Total time: 1200.9s

Training 132 done

[ByzFL-SNN] [Training Start] Model: cnn_mnist | Dataset: mnist
[ByzFL-SNN]   Aggregator: GeometricMedian | Attack: SignFlipping
[ByzFL-SNN]   Distribution: gamma_similarity_niid (gamma=0.66)
[ByzFL-SNN]   Clients: 10 honest, 4 byzantine | Algorithm: DSGD
[ByzFL-SNN]   Learning Rate: 0.15 | Steps: 500 | Device: cuda:0
[ByzFL-SNN]   Validation samples: 12000 | Test samples: 10000
[ByzFL-SNN] Initial VRAM (Alloc/Reserved): 36.1/42.0 MiB
[ByzFL-SNN]   [Step 0/500] (0.0%) | Val Acc: 0.1542 | Test Acc: 0.1595 | VRAM (Alloc/Reserved): 44.3/64.0 MiB | Time: 3.6s
[ByzFL-SNN]   [Step 50/500] (10.0%) | Val Acc: 0.5072 | Test Acc: 0.5153 | VRAM (Alloc/Reserved): 93.7/618.0 MiB | Time: 39.8s
[ByzFL-SNN]   [Step 100/500] (20.0%) | Val Acc: 0.6857 | Test Acc: 0.6982 | VRAM (Alloc/Reserved): 94.4/618.0 MiB | Time: 74.9s
[ByzFL-SNN]   [Step 150/500] (30.0%) | Val Acc: 0.8297 | Test Acc: 0.8398 | VRAM (Alloc/Reserved): 95.0/618.0 MiB | Time: 110.3s
[ByzFL-SNN]   [Step 200/500] (40.0%) | Val Acc: 0.8682 | Test Acc: 0.8797 | VRAM (Alloc/Reserved): 94.7/618.0 MiB | Time: 145.1s
[ByzFL-SNN]   [Step 250/500] (50.0%) | Val Acc: 0.8804 | Test Acc: 0.8917 | VRAM (Alloc/Reserved): 94.0/618.0 MiB | Time: 180.5s
[ByzFL-SNN]   [Step 300/500] (60.0%) | Val Acc: 0.9001 | Test Acc: 0.9099 | VRAM (Alloc/Reserved): 94.8/618.0 MiB | Time: 216.0s
[ByzFL-SNN]   [Step 350/500] (70.0%) | Val Acc: 0.9093 | Test Acc: 0.9173 | VRAM (Alloc/Reserved): 94.1/618.0 MiB | Time: 253.4s
[ByzFL-SNN]   [Step 400/500] (80.0%) | Val Acc: 0.9209 | Test Acc: 0.9289 | VRAM (Alloc/Reserved): 94.7/618.0 MiB | Time: 289.9s
[ByzFL-SNN]   [Step 450/500] (90.0%) | Val Acc: 0.9189 | Test Acc: 0.9269 | VRAM (Alloc/Reserved): 94.4/618.0 MiB | Time: 329.1s
[ByzFL-SNN] [Training Complete] Peak VRAM (Alloc/Reserved): 372.1/618.0 MiB | Total time: 364.8s

Training 133 done

[ByzFL-SNN] [Training Start] Model: cnn_mnist | Dataset: mnist
[ByzFL-SNN]   Aggregator: GeometricMedian | Attack: SignFlipping
[ByzFL-SNN]   Distribution: gamma_similarity_niid (gamma=0.66)
[ByzFL-SNN]   Clients: 10 honest, 4 byzantine | Algorithm: DSGD
[ByzFL-SNN]   Learning Rate: 0.15 | Steps: 500 | Device: cuda:1
[ByzFL-SNN]   Validation samples: 12000 | Test samples: 10000
[ByzFL-SNN] Initial VRAM (Alloc/Reserved): 36.1/42.0 MiB
[ByzFL-SNN]   [Step 0/500] (0.0%) | Val Acc: 0.1542 | Test Acc: 0.1595 | VRAM (Alloc/Reserved): 44.3/64.0 MiB | Time: 3.7s
[ByzFL-SNN]   [Step 50/500] (10.0%) | Val Acc: 0.4560 | Test Acc: 0.4535 | VRAM (Alloc/Reserved): 93.7/618.0 MiB | Time: 39.6s
[ByzFL-SNN]   [Step 100/500] (20.0%) | Val Acc: 0.7111 | Test Acc: 0.7171 | VRAM (Alloc/Reserved): 94.4/618.0 MiB | Time: 75.2s
[ByzFL-SNN]   [Step 150/500] (30.0%) | Val Acc: 0.8115 | Test Acc: 0.8182 | VRAM (Alloc/Reserved): 95.0/618.0 MiB | Time: 110.6s
[ByzFL-SNN]   [Step 200/500] (40.0%) | Val Acc: 0.8661 | Test Acc: 0.8752 | VRAM (Alloc/Reserved): 94.7/618.0 MiB | Time: 146.3s
[ByzFL-SNN]   [Step 250/500] (50.0%) | Val Acc: 0.8748 | Test Acc: 0.8867 | VRAM (Alloc/Reserved): 94.0/618.0 MiB | Time: 179.6s
[ByzFL-SNN]   [Step 300/500] (60.0%) | Val Acc: 0.8955 | Test Acc: 0.9043 | VRAM (Alloc/Reserved): 94.8/618.0 MiB | Time: 212.9s
[ByzFL-SNN]   [Step 350/500] (70.0%) | Val Acc: 0.8961 | Test Acc: 0.9044 | VRAM (Alloc/Reserved): 94.1/618.0 MiB | Time: 246.5s
[ByzFL-SNN]   [Step 400/500] (80.0%) | Val Acc: 0.9073 | Test Acc: 0.9165 | VRAM (Alloc/Reserved): 94.7/618.0 MiB | Time: 279.2s
[ByzFL-SNN]   [Step 450/500] (90.0%) | Val Acc: 0.9123 | Test Acc: 0.9212 | VRAM (Alloc/Reserved): 94.4/618.0 MiB | Time: 310.4s
[ByzFL-SNN] [Training Complete] Peak VRAM (Alloc/Reserved): 372.1/618.0 MiB | Total time: 338.7s

Training 134 done

[ByzFL-SNN] [Training Start] Model: cnn_mnist | Dataset: mnist
[ByzFL-SNN]   Aggregator: GeometricMedian | Attack: Optimal_ALittleIsEnough_neg1
[ByzFL-SNN]   Distribution: gamma_similarity_niid (gamma=0.33)
[ByzFL-SNN]   Clients: 10 honest, 3 byzantine | Algorithm: DSGD
[ByzFL-SNN]   Learning Rate: 0.15 | Steps: 500 | Device: cuda:1
[ByzFL-SNN]   Validation samples: 12000 | Test samples: 10000
[ByzFL-SNN] Initial VRAM (Alloc/Reserved): 36.1/42.0 MiB
[ByzFL-SNN]   [Step 0/500] (0.0%) | Val Acc: 0.1542 | Test Acc: 0.1595 | VRAM (Alloc/Reserved): 44.3/64.0 MiB | Time: 4.1s
[ByzFL-SNN]   [Step 50/500] (10.0%) | Val Acc: 0.5157 | Test Acc: 0.5176 | VRAM (Alloc/Reserved): 93.7/598.0 MiB | Time: 117.5s
[ByzFL-SNN]   [Step 100/500] (20.0%) | Val Acc: 0.7326 | Test Acc: 0.7365 | VRAM (Alloc/Reserved): 94.7/598.0 MiB | Time: 239.1s
[ByzFL-SNN]   [Step 150/500] (30.0%) | Val Acc: 0.6152 | Test Acc: 0.6185 | VRAM (Alloc/Reserved): 94.4/598.0 MiB | Time: 362.8s
[ByzFL-SNN]   [Step 200/500] (40.0%) | Val Acc: 0.8630 | Test Acc: 0.8760 | VRAM (Alloc/Reserved): 93.9/598.0 MiB | Time: 481.4s
[ByzFL-SNN]   [Step 250/500] (50.0%) | Val Acc: 0.8674 | Test Acc: 0.8684 | VRAM (Alloc/Reserved): 93.5/598.0 MiB | Time: 596.2s
[ByzFL-SNN]   [Step 300/500] (60.0%) | Val Acc: 0.9077 | Test Acc: 0.9066 | VRAM (Alloc/Reserved): 93.0/598.0 MiB | Time: 715.3s
[ByzFL-SNN]   [Step 350/500] (70.0%) | Val Acc: 0.8670 | Test Acc: 0.8797 | VRAM (Alloc/Reserved): 94.2/598.0 MiB | Time: 849.0s
[ByzFL-SNN]   [Step 400/500] (80.0%) | Val Acc: 0.9113 | Test Acc: 0.9199 | VRAM (Alloc/Reserved): 93.8/598.0 MiB | Time: 986.3s
[ByzFL-SNN]   [Step 450/500] (90.0%) | Val Acc: 0.9164 | Test Acc: 0.9259 | VRAM (Alloc/Reserved): 94.9/598.0 MiB | Time: 1120.0s
[ByzFL-SNN] [Training Complete] Peak VRAM (Alloc/Reserved): 377.4/598.0 MiB | Total time: 1237.8s

Training 135 done

[ByzFL-SNN] [Training Start] Model: cnn_mnist | Dataset: mnist
[ByzFL-SNN]   Aggregator: GeometricMedian | Attack: Optimal_ALittleIsEnough_neg1
[ByzFL-SNN]   Distribution: gamma_similarity_niid (gamma=0.66)
[ByzFL-SNN]   Clients: 10 honest, 3 byzantine | Algorithm: DSGD
[ByzFL-SNN]   Learning Rate: 0.15 | Steps: 500 | Device: cuda:0
[ByzFL-SNN]   Validation samples: 12000 | Test samples: 10000
[ByzFL-SNN] Initial VRAM (Alloc/Reserved): 36.1/42.0 MiB
[ByzFL-SNN]   [Step 0/500] (0.0%) | Val Acc: 0.1542 | Test Acc: 0.1595 | VRAM (Alloc/Reserved): 44.3/64.0 MiB | Time: 4.4s
[ByzFL-SNN]   [Step 50/500] (10.0%) | Val Acc: 0.8043 | Test Acc: 0.8178 | VRAM (Alloc/Reserved): 93.7/600.0 MiB | Time: 155.0s
[ByzFL-SNN]   [Step 100/500] (20.0%) | Val Acc: 0.7865 | Test Acc: 0.7948 | VRAM (Alloc/Reserved): 94.7/600.0 MiB | Time: 315.6s
[ByzFL-SNN]   [Step 150/500] (30.0%) | Val Acc: 0.7442 | Test Acc: 0.7482 | VRAM (Alloc/Reserved): 94.4/600.0 MiB | Time: 479.1s
[ByzFL-SNN]   [Step 200/500] (40.0%) | Val Acc: 0.8127 | Test Acc: 0.8226 | VRAM (Alloc/Reserved): 93.9/600.0 MiB | Time: 635.6s
[ByzFL-SNN]   [Step 250/500] (50.0%) | Val Acc: 0.8388 | Test Acc: 0.8501 | VRAM (Alloc/Reserved): 93.5/600.0 MiB | Time: 794.1s
[ByzFL-SNN]   [Step 300/500] (60.0%) | Val Acc: 0.8507 | Test Acc: 0.8506 | VRAM (Alloc/Reserved): 93.0/600.0 MiB | Time: 956.2s
[ByzFL-SNN]   [Step 350/500] (70.0%) | Val Acc: 0.8538 | Test Acc: 0.8657 | VRAM (Alloc/Reserved): 94.2/600.0 MiB | Time: 1108.4s
[ByzFL-SNN]   [Step 400/500] (80.0%) | Val Acc: 0.7718 | Test Acc: 0.7847 | VRAM (Alloc/Reserved): 93.8/600.0 MiB | Time: 1248.8s
[ByzFL-SNN]   [Step 450/500] (90.0%) | Val Acc: 0.8752 | Test Acc: 0.8791 | VRAM (Alloc/Reserved): 94.9/600.0 MiB | Time: 1392.6s
[ByzFL-SNN] [Training Complete] Peak VRAM (Alloc/Reserved): 377.4/600.0 MiB | Total time: 1548.3s

Training 136 done
Traceback (most recent call last):
  File "/localhome/bendouro/ByzFL_snn/byzfl/byzfl/benchmark/benchmark.py", line 224, in run_training
    start_training(params)
  File "/localhome/bendouro/ByzFL_snn/byzfl/byzfl/benchmark/train.py", line 188, in start_training
    Client({
  File "/localhome/bendouro/ByzFL_snn/byzfl/byzfl/fed_framework/client.py", line 30, in __init__
    super().__init__({
  File "/localhome/bendouro/ByzFL_snn/byzfl/byzfl/fed_framework/model_base_interface.py", line 27, in __init__
    self.model.to(self.device)
  File "/localhome/bendouro/ByzFL_snn/byzfl/venv/lib/python3.12/site-packages/torch/nn/modules/module.py", line 1152, in to
    return self._apply(convert)
           ^^^^^^^^^^^^^^^^^^^^
  File "/localhome/bendouro/ByzFL_snn/byzfl/venv/lib/python3.12/site-packages/torch/nn/modules/module.py", line 802, in _apply
    module._apply(fn)
  File "/localhome/bendouro/ByzFL_snn/byzfl/venv/lib/python3.12/site-packages/torch/nn/modules/module.py", line 825, in _apply
    param_applied = fn(param)
                    ^^^^^^^^^
  File "/localhome/bendouro/ByzFL_snn/byzfl/venv/lib/python3.12/site-packages/torch/nn/modules/module.py", line 1150, in convert
    return t.to(device, dtype if t.is_floating_point() or t.is_complex() else None, non_blocking)
           ^^^^^^^^^^^^^^^^^^^^^^^^^^^^^^^^^^^^^^^^^^^^^^^^^^^^^^^^^^^^^^^^^^^^^^^^^^^^^^^^^^^^^^
RuntimeError: CUDA error: out of memory
CUDA kernel errors might be asynchronously reported at some other API call, so the stacktrace below might be incorrect.
For debugging consider passing CUDA_LAUNCH_BLOCKING=1.
Compile with `TORCH_USE_CUDA_DSA` to enable device-side assertions.


[ByzFL-SNN] [Training Start] Model: cnn_mnist | Dataset: mnist
[ByzFL-SNN]   Aggregator: GeometricMedian | Attack: SignFlipping
[ByzFL-SNN]   Distribution: gamma_similarity_niid (gamma=0.33)
[ByzFL-SNN]   Clients: 10 honest, 4 byzantine | Algorithm: DSGD
[ByzFL-SNN]   Learning Rate: 0.15 | Steps: 500 | Device: cuda:0
[ByzFL-SNN]   Validation samples: 12000 | Test samples: 10000

[ERROR] Training failed for config: attack=SignFlipping, aggregator=GeometricMedian, f=4. Error: CUDA error: out of memory
CUDA kernel errors might be asynchronously reported at some other API call, so the stacktrace below might be incorrect.
For debugging consider passing CUDA_LAUNCH_BLOCKING=1.
Compile with `TORCH_USE_CUDA_DSA` to enable device-side assertions.

Training 137 done

[ByzFL-SNN] [Training Start] Model: cnn_mnist | Dataset: mnist
[ByzFL-SNN]   Aggregator: GeometricMedian | Attack: SignFlipping
[ByzFL-SNN]   Distribution: gamma_similarity_niid (gamma=0.66)
[ByzFL-SNN]   Clients: 10 honest, 4 byzantine | Algorithm: DSGD
[ByzFL-SNN]   Learning Rate: 0.15 | Steps: 500 | Device: cuda:0
[ByzFL-SNN]   Validation samples: 12000 | Test samples: 10000
[ByzFL-SNN] Initial VRAM (Alloc/Reserved): 36.1/42.0 MiB
[ByzFL-SNN]   [Step 0/500] (0.0%) | Val Acc: 0.1542 | Test Acc: 0.1595 | VRAM (Alloc/Reserved): 44.3/64.0 MiB | Time: 3.6s
[ByzFL-SNN]   [Step 50/500] (10.0%) | Val Acc: 0.5119 | Test Acc: 0.5119 | VRAM (Alloc/Reserved): 93.7/618.0 MiB | Time: 39.3s
[ByzFL-SNN]   [Step 100/500] (20.0%) | Val Acc: 0.7756 | Test Acc: 0.7819 | VRAM (Alloc/Reserved): 94.4/618.0 MiB | Time: 74.9s
[ByzFL-SNN]   [Step 150/500] (30.0%) | Val Acc: 0.8502 | Test Acc: 0.8581 | VRAM (Alloc/Reserved): 95.0/618.0 MiB | Time: 110.8s
[ByzFL-SNN]   [Step 200/500] (40.0%) | Val Acc: 0.8458 | Test Acc: 0.8511 | VRAM (Alloc/Reserved): 94.7/618.0 MiB | Time: 148.3s
[ByzFL-SNN]   [Step 250/500] (50.0%) | Val Acc: 0.8989 | Test Acc: 0.9056 | VRAM (Alloc/Reserved): 94.0/618.0 MiB | Time: 185.7s
[ByzFL-SNN]   [Step 300/500] (60.0%) | Val Acc: 0.8743 | Test Acc: 0.8799 | VRAM (Alloc/Reserved): 94.8/618.0 MiB | Time: 225.2s
[ByzFL-SNN]   [Step 350/500] (70.0%) | Val Acc: 0.9228 | Test Acc: 0.9304 | VRAM (Alloc/Reserved): 94.1/618.0 MiB | Time: 264.6s
[ByzFL-SNN]   [Step 400/500] (80.0%) | Val Acc: 0.9242 | Test Acc: 0.9307 | VRAM (Alloc/Reserved): 94.7/618.0 MiB | Time: 303.3s
[ByzFL-SNN]   [Step 450/500] (90.0%) | Val Acc: 0.9370 | Test Acc: 0.9433 | VRAM (Alloc/Reserved): 94.4/618.0 MiB | Time: 343.7s
[ByzFL-SNN] [Training Complete] Peak VRAM (Alloc/Reserved): 372.1/618.0 MiB | Total time: 386.7s

Training 138 done
Traceback (most recent call last):
  File "/localhome/bendouro/ByzFL_snn/byzfl/byzfl/benchmark/benchmark.py", line 224, in run_training
    start_training(params)
  File "/localhome/bendouro/ByzFL_snn/byzfl/byzfl/benchmark/train.py", line 425, in start_training
    interarch_row.update(compute_interarch_metrics(
                         ^^^^^^^^^^^^^^^^^^^^^^^^^^
  File "/localhome/bendouro/ByzFL_snn/byzfl/byzfl/utils/interarch_metrics.py", line 115, in compute_interarch_metrics
    sum_sq_active = (stacked_f64.pow(2) * active_f64).sum(dim=0)
                     ~~~~~~~~~~~~~~~~~~~^~~~~~~~~~~~
torch.cuda.OutOfMemoryError: CUDA out of memory. Tried to allocate 34.00 MiB. GPU 0 has a total capacity of 22.06 GiB of which 15.19 MiB is free. Process 1734972 has 2.71 GiB memory in use. Process 1739208 has 910.00 MiB memory in use. Process 1739900 has 908.00 MiB memory in use. Process 1741330 has 908.00 MiB memory in use. Process 1742732 has 908.00 MiB memory in use. Process 1743272 has 908.00 MiB memory in use. Process 1743898 has 906.00 MiB memory in use. Process 1746504 has 906.00 MiB memory in use. Process 1747410 has 930.00 MiB memory in use. Process 1748049 has 930.00 MiB memory in use. Process 1749964 has 930.00 MiB memory in use. Process 1751046 has 930.00 MiB memory in use. Process 1751561 has 928.00 MiB memory in use. Process 1754591 has 928.00 MiB memory in use. Process 1755566 has 926.00 MiB memory in use. Process 1756704 has 926.00 MiB memory in use. Process 1764122 has 880.00 MiB memory in use. Process 1763991 has 880.00 MiB memory in use. Process 1763667 has 858.00 MiB memory in use. Process 1763992 has 858.00 MiB memory in use. Process 1766960 has 878.00 MiB memory in use. Process 1779158 has 888.00 MiB memory in use. Including non-PyTorch memory, this process has 658.00 MiB memory in use. Process 1783527 has 10.00 MiB memory in use. Process 1783526 has 10.00 MiB memory in use. Of the allocated memory 291.16 MiB is allocated by PyTorch, and 56.84 MiB is reserved by PyTorch but unallocated. If reserved but unallocated memory is large try setting PYTORCH_CUDA_ALLOC_CONF=expandable_segments:True to avoid fragmentation.  See documentation for Memory Management  (https://pytorch.org/docs/stable/notes/cuda.html#environment-variables)

[ByzFL-SNN] [Training Start] Model: cnn_mnist | Dataset: mnist
[ByzFL-SNN]   Aggregator: GeometricMedian | Attack: Optimal_InnerProductManipulation
[ByzFL-SNN]   Distribution: gamma_similarity_niid (gamma=0.33)
[ByzFL-SNN]   Clients: 10 honest, 4 byzantine | Algorithm: DSGD
[ByzFL-SNN]   Learning Rate: 0.15 | Steps: 500 | Device: cuda:0
[ByzFL-SNN]   Validation samples: 12000 | Test samples: 10000
[ByzFL-SNN] Initial VRAM (Alloc/Reserved): 36.1/42.0 MiB
[ByzFL-SNN]   [Step 0/500] (0.0%) | Val Acc: 0.1542 | Test Acc: 0.1595 | VRAM (Alloc/Reserved): 44.3/64.0 MiB | Time: 4.6s

[ERROR] Training failed for config: attack=Optimal_InnerProductManipulation, aggregator=GeometricMedian, f=4. Error: CUDA out of memory. Tried to allocate 34.00 MiB. GPU 0 has a total capacity of 22.06 GiB of which 15.19 MiB is free. Process 1734972 has 2.71 GiB memory in use. Process 1739208 has 910.00 MiB memory in use. Process 1739900 has 908.00 MiB memory in use. Process 1741330 has 908.00 MiB memory in use. Process 1742732 has 908.00 MiB memory in use. Process 1743272 has 908.00 MiB memory in use. Process 1743898 has 906.00 MiB memory in use. Process 1746504 has 906.00 MiB memory in use. Process 1747410 has 930.00 MiB memory in use. Process 1748049 has 930.00 MiB memory in use. Process 1749964 has 930.00 MiB memory in use. Process 1751046 has 930.00 MiB memory in use. Process 1751561 has 928.00 MiB memory in use. Process 1754591 has 928.00 MiB memory in use. Process 1755566 has 926.00 MiB memory in use. Process 1756704 has 926.00 MiB memory in use. Process 1764122 has 880.00 MiB memory in use. Process 1763991 has 880.00 MiB memory in use. Process 1763667 has 858.00 MiB memory in use. Process 1763992 has 858.00 MiB memory in use. Process 1766960 has 878.00 MiB memory in use. Process 1779158 has 888.00 MiB memory in use. Including non-PyTorch memory, this process has 658.00 MiB memory in use. Process 1783527 has 10.00 MiB memory in use. Process 1783526 has 10.00 MiB memory in use. Of the allocated memory 291.16 MiB is allocated by PyTorch, and 56.84 MiB is reserved by PyTorch but unallocated. If reserved but unallocated memory is large try setting PYTORCH_CUDA_ALLOC_CONF=expandable_segments:True to avoid fragmentation.  See documentation for Memory Management  (https://pytorch.org/docs/stable/notes/cuda.html#environment-variables)
Training 139 done
Traceback (most recent call last):
  File "/localhome/bendouro/ByzFL_snn/byzfl/byzfl/benchmark/benchmark.py", line 224, in run_training
    start_training(params)
  File "/localhome/bendouro/ByzFL_snn/byzfl/byzfl/benchmark/train.py", line 188, in start_training
    Client({
  File "/localhome/bendouro/ByzFL_snn/byzfl/byzfl/fed_framework/client.py", line 30, in __init__
    super().__init__({
  File "/localhome/bendouro/ByzFL_snn/byzfl/byzfl/fed_framework/model_base_interface.py", line 27, in __init__
    self.model.to(self.device)
  File "/localhome/bendouro/ByzFL_snn/byzfl/venv/lib/python3.12/site-packages/torch/nn/modules/module.py", line 1152, in to
    return self._apply(convert)
           ^^^^^^^^^^^^^^^^^^^^
  File "/localhome/bendouro/ByzFL_snn/byzfl/venv/lib/python3.12/site-packages/torch/nn/modules/module.py", line 802, in _apply
    module._apply(fn)
  File "/localhome/bendouro/ByzFL_snn/byzfl/venv/lib/python3.12/site-packages/torch/nn/modules/module.py", line 825, in _apply
    param_applied = fn(param)
                    ^^^^^^^^^
  File "/localhome/bendouro/ByzFL_snn/byzfl/venv/lib/python3.12/site-packages/torch/nn/modules/module.py", line 1150, in convert
    return t.to(device, dtype if t.is_floating_point() or t.is_complex() else None, non_blocking)
           ^^^^^^^^^^^^^^^^^^^^^^^^^^^^^^^^^^^^^^^^^^^^^^^^^^^^^^^^^^^^^^^^^^^^^^^^^^^^^^^^^^^^^^
RuntimeError: CUDA error: out of memory
CUDA kernel errors might be asynchronously reported at some other API call, so the stacktrace below might be incorrect.
For debugging consider passing CUDA_LAUNCH_BLOCKING=1.
Compile with `TORCH_USE_CUDA_DSA` to enable device-side assertions.


[ByzFL-SNN] [Training Start] Model: cnn_mnist | Dataset: mnist
[ByzFL-SNN]   Aggregator: GeometricMedian | Attack: Optimal_InnerProductManipulation
[ByzFL-SNN]   Distribution: gamma_similarity_niid (gamma=0.33)
[ByzFL-SNN]   Clients: 10 honest, 4 byzantine | Algorithm: DSGD
[ByzFL-SNN]   Learning Rate: 0.15 | Steps: 500 | Device: cuda:1
[ByzFL-SNN]   Validation samples: 12000 | Test samples: 10000

[ERROR] Training failed for config: attack=Optimal_InnerProductManipulation, aggregator=GeometricMedian, f=4. Error: CUDA error: out of memory
CUDA kernel errors might be asynchronously reported at some other API call, so the stacktrace below might be incorrect.
For debugging consider passing CUDA_LAUNCH_BLOCKING=1.
Compile with `TORCH_USE_CUDA_DSA` to enable device-side assertions.

Training 140 done
Traceback (most recent call last):
  File "/localhome/bendouro/ByzFL_snn/byzfl/byzfl/benchmark/benchmark.py", line 224, in run_training
    start_training(params)
  File "/localhome/bendouro/ByzFL_snn/byzfl/byzfl/benchmark/train.py", line 188, in start_training
    Client({
  File "/localhome/bendouro/ByzFL_snn/byzfl/byzfl/fed_framework/client.py", line 30, in __init__
    super().__init__({
  File "/localhome/bendouro/ByzFL_snn/byzfl/byzfl/fed_framework/model_base_interface.py", line 27, in __init__
    self.model.to(self.device)
  File "/localhome/bendouro/ByzFL_snn/byzfl/venv/lib/python3.12/site-packages/torch/nn/modules/module.py", line 1152, in to
    return self._apply(convert)
           ^^^^^^^^^^^^^^^^^^^^
  File "/localhome/bendouro/ByzFL_snn/byzfl/venv/lib/python3.12/site-packages/torch/nn/modules/module.py", line 802, in _apply
    module._apply(fn)
  File "/localhome/bendouro/ByzFL_snn/byzfl/venv/lib/python3.12/site-packages/torch/nn/modules/module.py", line 825, in _apply
    param_applied = fn(param)
                    ^^^^^^^^^
  File "/localhome/bendouro/ByzFL_snn/byzfl/venv/lib/python3.12/site-packages/torch/nn/modules/module.py", line 1150, in convert
    return t.to(device, dtype if t.is_floating_point() or t.is_complex() else None, non_blocking)
           ^^^^^^^^^^^^^^^^^^^^^^^^^^^^^^^^^^^^^^^^^^^^^^^^^^^^^^^^^^^^^^^^^^^^^^^^^^^^^^^^^^^^^^
RuntimeError: CUDA error: out of memory
CUDA kernel errors might be asynchronously reported at some other API call, so the stacktrace below might be incorrect.
For debugging consider passing CUDA_LAUNCH_BLOCKING=1.
Compile with `TORCH_USE_CUDA_DSA` to enable device-side assertions.


[ByzFL-SNN] [Training Start] Model: cnn_mnist | Dataset: mnist
[ByzFL-SNN]   Aggregator: GeometricMedian | Attack: Optimal_InnerProductManipulation
[ByzFL-SNN]   Distribution: gamma_similarity_niid (gamma=0.33)
[ByzFL-SNN]   Clients: 10 honest, 4 byzantine | Algorithm: DSGD
[ByzFL-SNN]   Learning Rate: 0.15 | Steps: 500 | Device: cuda:0
[ByzFL-SNN]   Validation samples: 12000 | Test samples: 10000

[ERROR] Training failed for config: attack=Optimal_InnerProductManipulation, aggregator=GeometricMedian, f=4. Error: CUDA error: out of memory
CUDA kernel errors might be asynchronously reported at some other API call, so the stacktrace below might be incorrect.
For debugging consider passing CUDA_LAUNCH_BLOCKING=1.
Compile with `TORCH_USE_CUDA_DSA` to enable device-side assertions.

Training 141 done
Traceback (most recent call last):
  File "/localhome/bendouro/ByzFL_snn/byzfl/byzfl/benchmark/benchmark.py", line 224, in run_training
    start_training(params)
  File "/localhome/bendouro/ByzFL_snn/byzfl/byzfl/benchmark/train.py", line 188, in start_training
    Client({
  File "/localhome/bendouro/ByzFL_snn/byzfl/byzfl/fed_framework/client.py", line 30, in __init__
    super().__init__({
  File "/localhome/bendouro/ByzFL_snn/byzfl/byzfl/fed_framework/model_base_interface.py", line 27, in __init__
    self.model.to(self.device)
  File "/localhome/bendouro/ByzFL_snn/byzfl/venv/lib/python3.12/site-packages/torch/nn/modules/module.py", line 1152, in to
    return self._apply(convert)
           ^^^^^^^^^^^^^^^^^^^^
  File "/localhome/bendouro/ByzFL_snn/byzfl/venv/lib/python3.12/site-packages/torch/nn/modules/module.py", line 802, in _apply
    module._apply(fn)
  File "/localhome/bendouro/ByzFL_snn/byzfl/venv/lib/python3.12/site-packages/torch/nn/modules/module.py", line 825, in _apply
    param_applied = fn(param)
                    ^^^^^^^^^
  File "/localhome/bendouro/ByzFL_snn/byzfl/venv/lib/python3.12/site-packages/torch/nn/modules/module.py", line 1150, in convert
    return t.to(device, dtype if t.is_floating_point() or t.is_complex() else None, non_blocking)
           ^^^^^^^^^^^^^^^^^^^^^^^^^^^^^^^^^^^^^^^^^^^^^^^^^^^^^^^^^^^^^^^^^^^^^^^^^^^^^^^^^^^^^^
RuntimeError: CUDA error: out of memory
CUDA kernel errors might be asynchronously reported at some other API call, so the stacktrace below might be incorrect.
For debugging consider passing CUDA_LAUNCH_BLOCKING=1.
Compile with `TORCH_USE_CUDA_DSA` to enable device-side assertions.


[ByzFL-SNN] [Training Start] Model: cnn_mnist | Dataset: mnist
[ByzFL-SNN]   Aggregator: GeometricMedian | Attack: Optimal_ALittleIsEnough_neg1
[ByzFL-SNN]   Distribution: gamma_similarity_niid (gamma=0.0)
[ByzFL-SNN]   Clients: 10 honest, 4 byzantine | Algorithm: DSGD
[ByzFL-SNN]   Learning Rate: 0.15 | Steps: 500 | Device: cuda:1
[ByzFL-SNN]   Validation samples: 12000 | Test samples: 10000

[ERROR] Training failed for config: attack=Optimal_ALittleIsEnough_neg1, aggregator=GeometricMedian, f=4. Error: CUDA error: out of memory
CUDA kernel errors might be asynchronously reported at some other API call, so the stacktrace below might be incorrect.
For debugging consider passing CUDA_LAUNCH_BLOCKING=1.
Compile with `TORCH_USE_CUDA_DSA` to enable device-side assertions.

Training 142 done
Traceback (most recent call last):
  File "/localhome/bendouro/ByzFL_snn/byzfl/byzfl/benchmark/benchmark.py", line 224, in run_training
    start_training(params)
  File "/localhome/bendouro/ByzFL_snn/byzfl/byzfl/benchmark/train.py", line 357, in start_training
    val_acc = server.compute_validation_accuracy()
              ^^^^^^^^^^^^^^^^^^^^^^^^^^^^^^^^^^^^
  File "/localhome/bendouro/ByzFL_snn/byzfl/byzfl/fed_framework/server.py", line 166, in compute_validation_accuracy
    return self._compute_accuracy(self.validation_loader)
           ^^^^^^^^^^^^^^^^^^^^^^^^^^^^^^^^^^^^^^^^^^^^^^
  File "/localhome/bendouro/ByzFL_snn/byzfl/byzfl/fed_framework/server.py", line 133, in _compute_accuracy
    outputs = self.model(inputs)
              ^^^^^^^^^^^^^^^^^^
  File "/localhome/bendouro/ByzFL_snn/byzfl/venv/lib/python3.12/site-packages/torch/nn/modules/module.py", line 1511, in _wrapped_call_impl
    return self._call_impl(*args, **kwargs)
           ^^^^^^^^^^^^^^^^^^^^^^^^^^^^^^^^
  File "/localhome/bendouro/ByzFL_snn/byzfl/venv/lib/python3.12/site-packages/torch/nn/modules/module.py", line 1520, in _call_impl
    return forward_call(*args, **kwargs)
           ^^^^^^^^^^^^^^^^^^^^^^^^^^^^^
  File "/localhome/bendouro/ByzFL_snn/byzfl/byzfl/fed_framework/models.py", line 144, in forward
    x = F.relu(self._c1(x))
               ^^^^^^^^^^^
  File "/localhome/bendouro/ByzFL_snn/byzfl/venv/lib/python3.12/site-packages/torch/nn/modules/module.py", line 1511, in _wrapped_call_impl
    return self._call_impl(*args, **kwargs)
           ^^^^^^^^^^^^^^^^^^^^^^^^^^^^^^^^
  File "/localhome/bendouro/ByzFL_snn/byzfl/venv/lib/python3.12/site-packages/torch/nn/modules/module.py", line 1520, in _call_impl
    return forward_call(*args, **kwargs)
           ^^^^^^^^^^^^^^^^^^^^^^^^^^^^^
  File "/localhome/bendouro/ByzFL_snn/byzfl/venv/lib/python3.12/site-packages/torch/nn/modules/conv.py", line 460, in forward
    return self._conv_forward(input, self.weight, self.bias)
           ^^^^^^^^^^^^^^^^^^^^^^^^^^^^^^^^^^^^^^^^^^^^^^^^^
  File "/localhome/bendouro/ByzFL_snn/byzfl/venv/lib/python3.12/site-packages/torch/nn/modules/conv.py", line 456, in _conv_forward
    return F.conv2d(input, weight, bias, self.stride,
           ^^^^^^^^^^^^^^^^^^^^^^^^^^^^^^^^^^^^^^^^^^
RuntimeError: cuDNN error: CUDNN_STATUS_NOT_INITIALIZED

[ByzFL-SNN] [Training Start] Model: cnn_mnist | Dataset: mnist
[ByzFL-SNN]   Aggregator: GeometricMedian | Attack: Optimal_ALittleIsEnough_neg1
[ByzFL-SNN]   Distribution: gamma_similarity_niid (gamma=0.0)
[ByzFL-SNN]   Clients: 10 honest, 4 byzantine | Algorithm: DSGD
[ByzFL-SNN]   Learning Rate: 0.15 | Steps: 500 | Device: cuda:0
[ByzFL-SNN]   Validation samples: 12000 | Test samples: 10000
[ByzFL-SNN] Initial VRAM (Alloc/Reserved): 36.1/42.0 MiB

[ERROR] Training failed for config: attack=Optimal_ALittleIsEnough_neg1, aggregator=GeometricMedian, f=4. Error: cuDNN error: CUDNN_STATUS_NOT_INITIALIZED
Training 143 done
Traceback (most recent call last):
  File "/localhome/bendouro/ByzFL_snn/byzfl/byzfl/benchmark/benchmark.py", line 224, in run_training
    start_training(params)
  File "/localhome/bendouro/ByzFL_snn/byzfl/byzfl/benchmark/train.py", line 188, in start_training
    Client({
  File "/localhome/bendouro/ByzFL_snn/byzfl/byzfl/fed_framework/client.py", line 30, in __init__
    super().__init__({
  File "/localhome/bendouro/ByzFL_snn/byzfl/byzfl/fed_framework/model_base_interface.py", line 27, in __init__
    self.model.to(self.device)
  File "/localhome/bendouro/ByzFL_snn/byzfl/venv/lib/python3.12/site-packages/torch/nn/modules/module.py", line 1152, in to
    return self._apply(convert)
           ^^^^^^^^^^^^^^^^^^^^
  File "/localhome/bendouro/ByzFL_snn/byzfl/venv/lib/python3.12/site-packages/torch/nn/modules/module.py", line 802, in _apply
    module._apply(fn)
  File "/localhome/bendouro/ByzFL_snn/byzfl/venv/lib/python3.12/site-packages/torch/nn/modules/module.py", line 825, in _apply
    param_applied = fn(param)
                    ^^^^^^^^^
  File "/localhome/bendouro/ByzFL_snn/byzfl/venv/lib/python3.12/site-packages/torch/nn/modules/module.py", line 1150, in convert
    return t.to(device, dtype if t.is_floating_point() or t.is_complex() else None, non_blocking)
           ^^^^^^^^^^^^^^^^^^^^^^^^^^^^^^^^^^^^^^^^^^^^^^^^^^^^^^^^^^^^^^^^^^^^^^^^^^^^^^^^^^^^^^
RuntimeError: CUDA error: out of memory
CUDA kernel errors might be asynchronously reported at some other API call, so the stacktrace below might be incorrect.
For debugging consider passing CUDA_LAUNCH_BLOCKING=1.
Compile with `TORCH_USE_CUDA_DSA` to enable device-side assertions.


[ByzFL-SNN] [Training Start] Model: cnn_mnist | Dataset: mnist
[ByzFL-SNN]   Aggregator: GeometricMedian | Attack: Optimal_ALittleIsEnough_neg1
[ByzFL-SNN]   Distribution: gamma_similarity_niid (gamma=0.0)
[ByzFL-SNN]   Clients: 10 honest, 4 byzantine | Algorithm: DSGD
[ByzFL-SNN]   Learning Rate: 0.15 | Steps: 500 | Device: cuda:1
[ByzFL-SNN]   Validation samples: 12000 | Test samples: 10000

[ERROR] Training failed for config: attack=Optimal_ALittleIsEnough_neg1, aggregator=GeometricMedian, f=4. Error: CUDA error: out of memory
CUDA kernel errors might be asynchronously reported at some other API call, so the stacktrace below might be incorrect.
For debugging consider passing CUDA_LAUNCH_BLOCKING=1.
Compile with `TORCH_USE_CUDA_DSA` to enable device-side assertions.

Training 144 done
Traceback (most recent call last):
  File "/localhome/bendouro/ByzFL_snn/byzfl/byzfl/benchmark/benchmark.py", line 224, in run_training
    start_training(params)
  File "/localhome/bendouro/ByzFL_snn/byzfl/byzfl/benchmark/train.py", line 188, in start_training
    Client({
  File "/localhome/bendouro/ByzFL_snn/byzfl/byzfl/fed_framework/client.py", line 30, in __init__
    super().__init__({
  File "/localhome/bendouro/ByzFL_snn/byzfl/byzfl/fed_framework/model_base_interface.py", line 27, in __init__
    self.model.to(self.device)
  File "/localhome/bendouro/ByzFL_snn/byzfl/venv/lib/python3.12/site-packages/torch/nn/modules/module.py", line 1152, in to
    return self._apply(convert)
           ^^^^^^^^^^^^^^^^^^^^
  File "/localhome/bendouro/ByzFL_snn/byzfl/venv/lib/python3.12/site-packages/torch/nn/modules/module.py", line 802, in _apply
    module._apply(fn)
  File "/localhome/bendouro/ByzFL_snn/byzfl/venv/lib/python3.12/site-packages/torch/nn/modules/module.py", line 825, in _apply
    param_applied = fn(param)
                    ^^^^^^^^^
  File "/localhome/bendouro/ByzFL_snn/byzfl/venv/lib/python3.12/site-packages/torch/nn/modules/module.py", line 1150, in convert
    return t.to(device, dtype if t.is_floating_point() or t.is_complex() else None, non_blocking)
           ^^^^^^^^^^^^^^^^^^^^^^^^^^^^^^^^^^^^^^^^^^^^^^^^^^^^^^^^^^^^^^^^^^^^^^^^^^^^^^^^^^^^^^
RuntimeError: CUDA error: out of memory
CUDA kernel errors might be asynchronously reported at some other API call, so the stacktrace below might be incorrect.
For debugging consider passing CUDA_LAUNCH_BLOCKING=1.
Compile with `TORCH_USE_CUDA_DSA` to enable device-side assertions.


[ByzFL-SNN] [Training Start] Model: cnn_mnist | Dataset: mnist
[ByzFL-SNN]   Aggregator: GeometricMedian | Attack: SignFlipping
[ByzFL-SNN]   Distribution: gamma_similarity_niid (gamma=0.0)
[ByzFL-SNN]   Clients: 10 honest, 4 byzantine | Algorithm: DSGD
[ByzFL-SNN]   Learning Rate: 0.15 | Steps: 500 | Device: cuda:0
[ByzFL-SNN]   Validation samples: 12000 | Test samples: 10000

[ERROR] Training failed for config: attack=SignFlipping, aggregator=GeometricMedian, f=4. Error: CUDA error: out of memory
CUDA kernel errors might be asynchronously reported at some other API call, so the stacktrace below might be incorrect.
For debugging consider passing CUDA_LAUNCH_BLOCKING=1.
Compile with `TORCH_USE_CUDA_DSA` to enable device-side assertions.

Training 145 done
Traceback (most recent call last):
  File "/localhome/bendouro/ByzFL_snn/byzfl/byzfl/benchmark/benchmark.py", line 224, in run_training
    start_training(params)
  File "/localhome/bendouro/ByzFL_snn/byzfl/byzfl/benchmark/train.py", line 188, in start_training
    Client({
  File "/localhome/bendouro/ByzFL_snn/byzfl/byzfl/fed_framework/client.py", line 30, in __init__
    super().__init__({
  File "/localhome/bendouro/ByzFL_snn/byzfl/byzfl/fed_framework/model_base_interface.py", line 27, in __init__
    self.model.to(self.device)
  File "/localhome/bendouro/ByzFL_snn/byzfl/venv/lib/python3.12/site-packages/torch/nn/modules/module.py", line 1152, in to
    return self._apply(convert)
           ^^^^^^^^^^^^^^^^^^^^
  File "/localhome/bendouro/ByzFL_snn/byzfl/venv/lib/python3.12/site-packages/torch/nn/modules/module.py", line 802, in _apply
    module._apply(fn)
  File "/localhome/bendouro/ByzFL_snn/byzfl/venv/lib/python3.12/site-packages/torch/nn/modules/module.py", line 825, in _apply
    param_applied = fn(param)
                    ^^^^^^^^^
  File "/localhome/bendouro/ByzFL_snn/byzfl/venv/lib/python3.12/site-packages/torch/nn/modules/module.py", line 1150, in convert
    return t.to(device, dtype if t.is_floating_point() or t.is_complex() else None, non_blocking)
           ^^^^^^^^^^^^^^^^^^^^^^^^^^^^^^^^^^^^^^^^^^^^^^^^^^^^^^^^^^^^^^^^^^^^^^^^^^^^^^^^^^^^^^
RuntimeError: CUDA error: out of memory
CUDA kernel errors might be asynchronously reported at some other API call, so the stacktrace below might be incorrect.
For debugging consider passing CUDA_LAUNCH_BLOCKING=1.
Compile with `TORCH_USE_CUDA_DSA` to enable device-side assertions.


[ByzFL-SNN] [Training Start] Model: cnn_mnist | Dataset: mnist
[ByzFL-SNN]   Aggregator: GeometricMedian | Attack: SignFlipping
[ByzFL-SNN]   Distribution: gamma_similarity_niid (gamma=0.0)
[ByzFL-SNN]   Clients: 10 honest, 4 byzantine | Algorithm: DSGD
[ByzFL-SNN]   Learning Rate: 0.15 | Steps: 500 | Device: cuda:1
[ByzFL-SNN]   Validation samples: 12000 | Test samples: 10000

[ERROR] Training failed for config: attack=SignFlipping, aggregator=GeometricMedian, f=4. Error: CUDA error: out of memory
CUDA kernel errors might be asynchronously reported at some other API call, so the stacktrace below might be incorrect.
For debugging consider passing CUDA_LAUNCH_BLOCKING=1.
Compile with `TORCH_USE_CUDA_DSA` to enable device-side assertions.

Training 146 done
Traceback (most recent call last):
  File "/localhome/bendouro/ByzFL_snn/byzfl/byzfl/benchmark/benchmark.py", line 224, in run_training
    start_training(params)
  File "/localhome/bendouro/ByzFL_snn/byzfl/byzfl/benchmark/train.py", line 425, in start_training
    interarch_row.update(compute_interarch_metrics(
                         ^^^^^^^^^^^^^^^^^^^^^^^^^^
  File "/localhome/bendouro/ByzFL_snn/byzfl/byzfl/utils/interarch_metrics.py", line 115, in compute_interarch_metrics
    sum_sq_active = (stacked_f64.pow(2) * active_f64).sum(dim=0)
                     ~~~~~~~~~~~~~~~~~~~^~~~~~~~~~~~
torch.cuda.OutOfMemoryError: CUDA out of memory. Tried to allocate 34.00 MiB. GPU 0 has a total capacity of 22.06 GiB of which 41.62 MiB is free. Process 1734972 has 2.71 GiB memory in use. Process 1739208 has 910.00 MiB memory in use. Process 1739900 has 908.00 MiB memory in use. Process 1741330 has 908.00 MiB memory in use. Process 1742732 has 908.00 MiB memory in use. Process 1743272 has 908.00 MiB memory in use. Process 1743898 has 906.00 MiB memory in use. Process 1746504 has 906.00 MiB memory in use. Process 1747410 has 930.00 MiB memory in use. Process 1748049 has 930.00 MiB memory in use. Process 1749964 has 930.00 MiB memory in use. Process 1751046 has 930.00 MiB memory in use. Process 1751561 has 928.00 MiB memory in use. Process 1754591 has 928.00 MiB memory in use. Process 1755566 has 926.00 MiB memory in use. Process 1756704 has 926.00 MiB memory in use. Process 1764122 has 880.00 MiB memory in use. Process 1763991 has 880.00 MiB memory in use. Process 1763667 has 858.00 MiB memory in use. Process 1763992 has 858.00 MiB memory in use. Process 1766960 has 878.00 MiB memory in use. Process 1779158 has 890.00 MiB memory in use. Including non-PyTorch memory, this process has 656.00 MiB memory in use. Of the allocated memory 291.15 MiB is allocated by PyTorch, and 54.85 MiB is reserved by PyTorch but unallocated. If reserved but unallocated memory is large try setting PYTORCH_CUDA_ALLOC_CONF=expandable_segments:True to avoid fragmentation.  See documentation for Memory Management  (https://pytorch.org/docs/stable/notes/cuda.html#environment-variables)

[ByzFL-SNN] [Training Start] Model: cnn_mnist | Dataset: mnist
[ByzFL-SNN]   Aggregator: GeometricMedian | Attack: SignFlipping
[ByzFL-SNN]   Distribution: gamma_similarity_niid (gamma=0.0)
[ByzFL-SNN]   Clients: 10 honest, 4 byzantine | Algorithm: DSGD
[ByzFL-SNN]   Learning Rate: 0.15 | Steps: 500 | Device: cuda:0
[ByzFL-SNN]   Validation samples: 12000 | Test samples: 10000
[ByzFL-SNN] Initial VRAM (Alloc/Reserved): 36.1/42.0 MiB
[ByzFL-SNN]   [Step 0/500] (0.0%) | Val Acc: 0.1542 | Test Acc: 0.1595 | VRAM (Alloc/Reserved): 44.3/64.0 MiB | Time: 4.3s

[ERROR] Training failed for config: attack=SignFlipping, aggregator=GeometricMedian, f=4. Error: CUDA out of memory. Tried to allocate 34.00 MiB. GPU 0 has a total capacity of 22.06 GiB of which 41.62 MiB is free. Process 1734972 has 2.71 GiB memory in use. Process 1739208 has 910.00 MiB memory in use. Process 1739900 has 908.00 MiB memory in use. Process 1741330 has 908.00 MiB memory in use. Process 1742732 has 908.00 MiB memory in use. Process 1743272 has 908.00 MiB memory in use. Process 1743898 has 906.00 MiB memory in use. Process 1746504 has 906.00 MiB memory in use. Process 1747410 has 930.00 MiB memory in use. Process 1748049 has 930.00 MiB memory in use. Process 1749964 has 930.00 MiB memory in use. Process 1751046 has 930.00 MiB memory in use. Process 1751561 has 928.00 MiB memory in use. Process 1754591 has 928.00 MiB memory in use. Process 1755566 has 926.00 MiB memory in use. Process 1756704 has 926.00 MiB memory in use. Process 1764122 has 880.00 MiB memory in use. Process 1763991 has 880.00 MiB memory in use. Process 1763667 has 858.00 MiB memory in use. Process 1763992 has 858.00 MiB memory in use. Process 1766960 has 878.00 MiB memory in use. Process 1779158 has 890.00 MiB memory in use. Including non-PyTorch memory, this process has 656.00 MiB memory in use. Of the allocated memory 291.15 MiB is allocated by PyTorch, and 54.85 MiB is reserved by PyTorch but unallocated. If reserved but unallocated memory is large try setting PYTORCH_CUDA_ALLOC_CONF=expandable_segments:True to avoid fragmentation.  See documentation for Memory Management  (https://pytorch.org/docs/stable/notes/cuda.html#environment-variables)
Training 147 done
Traceback (most recent call last):
  File "/localhome/bendouro/ByzFL_snn/byzfl/byzfl/benchmark/benchmark.py", line 224, in run_training
    start_training(params)
  File "/localhome/bendouro/ByzFL_snn/byzfl/byzfl/benchmark/train.py", line 188, in start_training
    Client({
  File "/localhome/bendouro/ByzFL_snn/byzfl/byzfl/fed_framework/client.py", line 30, in __init__
    super().__init__({
  File "/localhome/bendouro/ByzFL_snn/byzfl/byzfl/fed_framework/model_base_interface.py", line 27, in __init__
    self.model.to(self.device)
  File "/localhome/bendouro/ByzFL_snn/byzfl/venv/lib/python3.12/site-packages/torch/nn/modules/module.py", line 1152, in to
    return self._apply(convert)
           ^^^^^^^^^^^^^^^^^^^^
  File "/localhome/bendouro/ByzFL_snn/byzfl/venv/lib/python3.12/site-packages/torch/nn/modules/module.py", line 802, in _apply
    module._apply(fn)
  File "/localhome/bendouro/ByzFL_snn/byzfl/venv/lib/python3.12/site-packages/torch/nn/modules/module.py", line 825, in _apply
    param_applied = fn(param)
                    ^^^^^^^^^
  File "/localhome/bendouro/ByzFL_snn/byzfl/venv/lib/python3.12/site-packages/torch/nn/modules/module.py", line 1150, in convert
    return t.to(device, dtype if t.is_floating_point() or t.is_complex() else None, non_blocking)
           ^^^^^^^^^^^^^^^^^^^^^^^^^^^^^^^^^^^^^^^^^^^^^^^^^^^^^^^^^^^^^^^^^^^^^^^^^^^^^^^^^^^^^^
RuntimeError: CUDA error: out of memory
CUDA kernel errors might be asynchronously reported at some other API call, so the stacktrace below might be incorrect.
For debugging consider passing CUDA_LAUNCH_BLOCKING=1.
Compile with `TORCH_USE_CUDA_DSA` to enable device-side assertions.


[ByzFL-SNN] [Training Start] Model: cnn_mnist | Dataset: mnist
[ByzFL-SNN]   Aggregator: GeometricMedian | Attack: Optimal_InnerProductManipulation
[ByzFL-SNN]   Distribution: gamma_similarity_niid (gamma=0.0)
[ByzFL-SNN]   Clients: 10 honest, 4 byzantine | Algorithm: DSGD
[ByzFL-SNN]   Learning Rate: 0.15 | Steps: 500 | Device: cuda:1
[ByzFL-SNN]   Validation samples: 12000 | Test samples: 10000

[ERROR] Training failed for config: attack=Optimal_InnerProductManipulation, aggregator=GeometricMedian, f=4. Error: CUDA error: out of memory
CUDA kernel errors might be asynchronously reported at some other API call, so the stacktrace below might be incorrect.
For debugging consider passing CUDA_LAUNCH_BLOCKING=1.
Compile with `TORCH_USE_CUDA_DSA` to enable device-side assertions.

Training 148 done
Traceback (most recent call last):
  File "/localhome/bendouro/ByzFL_snn/byzfl/byzfl/benchmark/benchmark.py", line 224, in run_training
    start_training(params)
  File "/localhome/bendouro/ByzFL_snn/byzfl/byzfl/benchmark/train.py", line 425, in start_training
    interarch_row.update(compute_interarch_metrics(
                         ^^^^^^^^^^^^^^^^^^^^^^^^^^
  File "/localhome/bendouro/ByzFL_snn/byzfl/byzfl/utils/interarch_metrics.py", line 115, in compute_interarch_metrics
    sum_sq_active = (stacked_f64.pow(2) * active_f64).sum(dim=0)
                     ~~~~~~~~~~~~~~~~~~~^~~~~~~~~~~~
torch.cuda.OutOfMemoryError: CUDA out of memory. Tried to allocate 34.00 MiB. GPU 0 has a total capacity of 22.06 GiB of which 41.62 MiB is free. Process 1734972 has 2.71 GiB memory in use. Process 1739208 has 910.00 MiB memory in use. Process 1739900 has 908.00 MiB memory in use. Process 1741330 has 908.00 MiB memory in use. Process 1742732 has 908.00 MiB memory in use. Process 1743272 has 908.00 MiB memory in use. Process 1743898 has 906.00 MiB memory in use. Process 1746504 has 906.00 MiB memory in use. Process 1747410 has 930.00 MiB memory in use. Process 1748049 has 930.00 MiB memory in use. Process 1749964 has 930.00 MiB memory in use. Process 1751046 has 930.00 MiB memory in use. Process 1751561 has 928.00 MiB memory in use. Process 1754591 has 928.00 MiB memory in use. Process 1755566 has 926.00 MiB memory in use. Process 1756704 has 926.00 MiB memory in use. Process 1764122 has 880.00 MiB memory in use. Process 1763991 has 880.00 MiB memory in use. Process 1763667 has 858.00 MiB memory in use. Process 1763992 has 858.00 MiB memory in use. Process 1766960 has 878.00 MiB memory in use. Process 1779158 has 890.00 MiB memory in use. Including non-PyTorch memory, this process has 656.00 MiB memory in use. Of the allocated memory 291.15 MiB is allocated by PyTorch, and 54.85 MiB is reserved by PyTorch but unallocated. If reserved but unallocated memory is large try setting PYTORCH_CUDA_ALLOC_CONF=expandable_segments:True to avoid fragmentation.  See documentation for Memory Management  (https://pytorch.org/docs/stable/notes/cuda.html#environment-variables)

[ByzFL-SNN] [Training Start] Model: cnn_mnist | Dataset: mnist
[ByzFL-SNN]   Aggregator: GeometricMedian | Attack: Optimal_InnerProductManipulation
[ByzFL-SNN]   Distribution: gamma_similarity_niid (gamma=0.0)
[ByzFL-SNN]   Clients: 10 honest, 4 byzantine | Algorithm: DSGD
[ByzFL-SNN]   Learning Rate: 0.15 | Steps: 500 | Device: cuda:0
[ByzFL-SNN]   Validation samples: 12000 | Test samples: 10000
[ByzFL-SNN] Initial VRAM (Alloc/Reserved): 36.1/42.0 MiB
[ByzFL-SNN]   [Step 0/500] (0.0%) | Val Acc: 0.1542 | Test Acc: 0.1595 | VRAM (Alloc/Reserved): 44.3/64.0 MiB | Time: 4.3s

[ERROR] Training failed for config: attack=Optimal_InnerProductManipulation, aggregator=GeometricMedian, f=4. Error: CUDA out of memory. Tried to allocate 34.00 MiB. GPU 0 has a total capacity of 22.06 GiB of which 41.62 MiB is free. Process 1734972 has 2.71 GiB memory in use. Process 1739208 has 910.00 MiB memory in use. Process 1739900 has 908.00 MiB memory in use. Process 1741330 has 908.00 MiB memory in use. Process 1742732 has 908.00 MiB memory in use. Process 1743272 has 908.00 MiB memory in use. Process 1743898 has 906.00 MiB memory in use. Process 1746504 has 906.00 MiB memory in use. Process 1747410 has 930.00 MiB memory in use. Process 1748049 has 930.00 MiB memory in use. Process 1749964 has 930.00 MiB memory in use. Process 1751046 has 930.00 MiB memory in use. Process 1751561 has 928.00 MiB memory in use. Process 1754591 has 928.00 MiB memory in use. Process 1755566 has 926.00 MiB memory in use. Process 1756704 has 926.00 MiB memory in use. Process 1764122 has 880.00 MiB memory in use. Process 1763991 has 880.00 MiB memory in use. Process 1763667 has 858.00 MiB memory in use. Process 1763992 has 858.00 MiB memory in use. Process 1766960 has 878.00 MiB memory in use. Process 1779158 has 890.00 MiB memory in use. Including non-PyTorch memory, this process has 656.00 MiB memory in use. Of the allocated memory 291.15 MiB is allocated by PyTorch, and 54.85 MiB is reserved by PyTorch but unallocated. If reserved but unallocated memory is large try setting PYTORCH_CUDA_ALLOC_CONF=expandable_segments:True to avoid fragmentation.  See documentation for Memory Management  (https://pytorch.org/docs/stable/notes/cuda.html#environment-variables)
Training 149 done
Traceback (most recent call last):
  File "/localhome/bendouro/ByzFL_snn/byzfl/byzfl/benchmark/benchmark.py", line 224, in run_training
    start_training(params)
  File "/localhome/bendouro/ByzFL_snn/byzfl/byzfl/benchmark/train.py", line 188, in start_training
    Client({
  File "/localhome/bendouro/ByzFL_snn/byzfl/byzfl/fed_framework/client.py", line 30, in __init__
    super().__init__({
  File "/localhome/bendouro/ByzFL_snn/byzfl/byzfl/fed_framework/model_base_interface.py", line 27, in __init__
    self.model.to(self.device)
  File "/localhome/bendouro/ByzFL_snn/byzfl/venv/lib/python3.12/site-packages/torch/nn/modules/module.py", line 1152, in to
    return self._apply(convert)
           ^^^^^^^^^^^^^^^^^^^^
  File "/localhome/bendouro/ByzFL_snn/byzfl/venv/lib/python3.12/site-packages/torch/nn/modules/module.py", line 802, in _apply
    module._apply(fn)
  File "/localhome/bendouro/ByzFL_snn/byzfl/venv/lib/python3.12/site-packages/torch/nn/modules/module.py", line 825, in _apply
    param_applied = fn(param)
                    ^^^^^^^^^
  File "/localhome/bendouro/ByzFL_snn/byzfl/venv/lib/python3.12/site-packages/torch/nn/modules/module.py", line 1150, in convert
    return t.to(device, dtype if t.is_floating_point() or t.is_complex() else None, non_blocking)
           ^^^^^^^^^^^^^^^^^^^^^^^^^^^^^^^^^^^^^^^^^^^^^^^^^^^^^^^^^^^^^^^^^^^^^^^^^^^^^^^^^^^^^^
RuntimeError: CUDA error: out of memory
CUDA kernel errors might be asynchronously reported at some other API call, so the stacktrace below might be incorrect.
For debugging consider passing CUDA_LAUNCH_BLOCKING=1.
Compile with `TORCH_USE_CUDA_DSA` to enable device-side assertions.


[ByzFL-SNN] [Training Start] Model: cnn_mnist | Dataset: mnist
[ByzFL-SNN]   Aggregator: GeometricMedian | Attack: Optimal_InnerProductManipulation
[ByzFL-SNN]   Distribution: gamma_similarity_niid (gamma=0.0)
[ByzFL-SNN]   Clients: 10 honest, 4 byzantine | Algorithm: DSGD
[ByzFL-SNN]   Learning Rate: 0.15 | Steps: 500 | Device: cuda:1
[ByzFL-SNN]   Validation samples: 12000 | Test samples: 10000

[ERROR] Training failed for config: attack=Optimal_InnerProductManipulation, aggregator=GeometricMedian, f=4. Error: CUDA error: out of memory
CUDA kernel errors might be asynchronously reported at some other API call, so the stacktrace below might be incorrect.
For debugging consider passing CUDA_LAUNCH_BLOCKING=1.
Compile with `TORCH_USE_CUDA_DSA` to enable device-side assertions.

Training 150 done

[ByzFL-SNN] [Training Start] Model: cnn_mnist | Dataset: mnist
[ByzFL-SNN]   Aggregator: GeometricMedian | Attack: Optimal_InnerProductManipulation
[ByzFL-SNN]   Distribution: gamma_similarity_niid (gamma=0.66)
[ByzFL-SNN]   Clients: 10 honest, 3 byzantine | Algorithm: DSGD
[ByzFL-SNN]   Learning Rate: 0.15 | Steps: 500 | Device: cuda:0
[ByzFL-SNN]   Validation samples: 12000 | Test samples: 10000
[ByzFL-SNN] Initial VRAM (Alloc/Reserved): 36.1/42.0 MiB
[ByzFL-SNN]   [Step 0/500] (0.0%) | Val Acc: 0.1542 | Test Acc: 0.1595 | VRAM (Alloc/Reserved): 44.3/64.0 MiB | Time: 3.8s
[ByzFL-SNN]   [Step 50/500] (10.0%) | Val Acc: 0.5573 | Test Acc: 0.5583 | VRAM (Alloc/Reserved): 93.8/600.0 MiB | Time: 156.6s
[ByzFL-SNN]   [Step 100/500] (20.0%) | Val Acc: 0.7406 | Test Acc: 0.7459 | VRAM (Alloc/Reserved): 93.2/600.0 MiB | Time: 301.8s
[ByzFL-SNN]   [Step 150/500] (30.0%) | Val Acc: 0.8078 | Test Acc: 0.8107 | VRAM (Alloc/Reserved): 93.9/600.0 MiB | Time: 454.2s
[ByzFL-SNN]   [Step 200/500] (40.0%) | Val Acc: 0.8620 | Test Acc: 0.8745 | VRAM (Alloc/Reserved): 93.8/600.0 MiB | Time: 607.0s
[ByzFL-SNN]   [Step 250/500] (50.0%) | Val Acc: 0.8748 | Test Acc: 0.8850 | VRAM (Alloc/Reserved): 94.3/600.0 MiB | Time: 770.2s
[ByzFL-SNN]   [Step 300/500] (60.0%) | Val Acc: 0.9033 | Test Acc: 0.9093 | VRAM (Alloc/Reserved): 93.3/600.0 MiB | Time: 914.4s
[ByzFL-SNN]   [Step 350/500] (70.0%) | Val Acc: 0.9061 | Test Acc: 0.9153 | VRAM (Alloc/Reserved): 95.7/600.0 MiB | Time: 1050.6s
[ByzFL-SNN]   [Step 400/500] (80.0%) | Val Acc: 0.9213 | Test Acc: 0.9287 | VRAM (Alloc/Reserved): 94.2/600.0 MiB | Time: 1195.1s
[ByzFL-SNN]   [Step 450/500] (90.0%) | Val Acc: 0.9301 | Test Acc: 0.9369 | VRAM (Alloc/Reserved): 93.8/600.0 MiB | Time: 1349.1s
[ByzFL-SNN] [Training Complete] Peak VRAM (Alloc/Reserved): 380.3/600.0 MiB | Total time: 1536.1s

Training 151 done
Traceback (most recent call last):
  File "/localhome/bendouro/ByzFL_snn/byzfl/byzfl/benchmark/benchmark.py", line 224, in run_training
    start_training(params)
  File "/localhome/bendouro/ByzFL_snn/byzfl/byzfl/benchmark/train.py", line 188, in start_training
    Client({
  File "/localhome/bendouro/ByzFL_snn/byzfl/byzfl/fed_framework/client.py", line 30, in __init__
    super().__init__({
  File "/localhome/bendouro/ByzFL_snn/byzfl/byzfl/fed_framework/model_base_interface.py", line 27, in __init__
    self.model.to(self.device)
  File "/localhome/bendouro/ByzFL_snn/byzfl/venv/lib/python3.12/site-packages/torch/nn/modules/module.py", line 1152, in to
    return self._apply(convert)
           ^^^^^^^^^^^^^^^^^^^^
  File "/localhome/bendouro/ByzFL_snn/byzfl/venv/lib/python3.12/site-packages/torch/nn/modules/module.py", line 802, in _apply
    module._apply(fn)
  File "/localhome/bendouro/ByzFL_snn/byzfl/venv/lib/python3.12/site-packages/torch/nn/modules/module.py", line 825, in _apply
    param_applied = fn(param)
                    ^^^^^^^^^
  File "/localhome/bendouro/ByzFL_snn/byzfl/venv/lib/python3.12/site-packages/torch/nn/modules/module.py", line 1150, in convert
    return t.to(device, dtype if t.is_floating_point() or t.is_complex() else None, non_blocking)
           ^^^^^^^^^^^^^^^^^^^^^^^^^^^^^^^^^^^^^^^^^^^^^^^^^^^^^^^^^^^^^^^^^^^^^^^^^^^^^^^^^^^^^^
RuntimeError: CUDA error: out of memory
CUDA kernel errors might be asynchronously reported at some other API call, so the stacktrace below might be incorrect.
For debugging consider passing CUDA_LAUNCH_BLOCKING=1.
Compile with `TORCH_USE_CUDA_DSA` to enable device-side assertions.


[ByzFL-SNN] [Training Start] Model: cnn_mnist | Dataset: mnist
[ByzFL-SNN]   Aggregator: GeometricMedian | Attack: Optimal_ALittleIsEnough_neg1
[ByzFL-SNN]   Distribution: gamma_similarity_niid (gamma=1.0)
[ByzFL-SNN]   Clients: 10 honest, 5 byzantine | Algorithm: DSGD
[ByzFL-SNN]   Learning Rate: 0.15 | Steps: 500 | Device: cuda:1
[ByzFL-SNN]   Validation samples: 12000 | Test samples: 10000

[ERROR] Training failed for config: attack=Optimal_ALittleIsEnough_neg1, aggregator=GeometricMedian, f=5. Error: CUDA error: out of memory
CUDA kernel errors might be asynchronously reported at some other API call, so the stacktrace below might be incorrect.
For debugging consider passing CUDA_LAUNCH_BLOCKING=1.
Compile with `TORCH_USE_CUDA_DSA` to enable device-side assertions.

Training 152 done
Traceback (most recent call last):
  File "/localhome/bendouro/ByzFL_snn/byzfl/byzfl/benchmark/benchmark.py", line 224, in run_training
    start_training(params)
  File "/localhome/bendouro/ByzFL_snn/byzfl/byzfl/benchmark/train.py", line 422, in start_training
    interarch_row = compute_interarch_metrics(
                    ^^^^^^^^^^^^^^^^^^^^^^^^^^
  File "/localhome/bendouro/ByzFL_snn/byzfl/byzfl/utils/interarch_metrics.py", line 115, in compute_interarch_metrics
    sum_sq_active = (stacked_f64.pow(2) * active_f64).sum(dim=0)
                     ~~~~~~~~~~~~~~~~~~~^~~~~~~~~~~~
torch.cuda.OutOfMemoryError: CUDA out of memory. Tried to allocate 34.00 MiB. GPU 0 has a total capacity of 22.06 GiB of which 35.62 MiB is free. Process 1734972 has 2.71 GiB memory in use. Process 1739900 has 908.00 MiB memory in use. Process 1741330 has 908.00 MiB memory in use. Process 1742732 has 908.00 MiB memory in use. Process 1743272 has 908.00 MiB memory in use. Process 1743898 has 906.00 MiB memory in use. Process 1746504 has 906.00 MiB memory in use. Process 1747410 has 930.00 MiB memory in use. Process 1748049 has 930.00 MiB memory in use. Process 1749964 has 930.00 MiB memory in use. Process 1751046 has 930.00 MiB memory in use. Process 1751561 has 928.00 MiB memory in use. Process 1754591 has 928.00 MiB memory in use. Process 1755566 has 926.00 MiB memory in use. Process 1756704 has 926.00 MiB memory in use. Process 1764122 has 880.00 MiB memory in use. Process 1763991 has 880.00 MiB memory in use. Process 1763667 has 858.00 MiB memory in use. Process 1763992 has 858.00 MiB memory in use. Process 1766960 has 878.00 MiB memory in use. Process 1779158 has 890.00 MiB memory in use. Process 1806256 has 944.00 MiB memory in use. Including non-PyTorch memory, this process has 628.00 MiB memory in use. Of the allocated memory 291.69 MiB is allocated by PyTorch, and 26.31 MiB is reserved by PyTorch but unallocated. If reserved but unallocated memory is large try setting PYTORCH_CUDA_ALLOC_CONF=expandable_segments:True to avoid fragmentation.  See documentation for Memory Management  (https://pytorch.org/docs/stable/notes/cuda.html#environment-variables)

[ByzFL-SNN] [Training Start] Model: cnn_mnist | Dataset: mnist
[ByzFL-SNN]   Aggregator: GeometricMedian | Attack: Optimal_ALittleIsEnough_neg1
[ByzFL-SNN]   Distribution: gamma_similarity_niid (gamma=1.0)
[ByzFL-SNN]   Clients: 10 honest, 5 byzantine | Algorithm: DSGD
[ByzFL-SNN]   Learning Rate: 0.15 | Steps: 500 | Device: cuda:0
[ByzFL-SNN]   Validation samples: 12000 | Test samples: 10000
[ByzFL-SNN] Initial VRAM (Alloc/Reserved): 36.1/42.0 MiB
[ByzFL-SNN]   [Step 0/500] (0.0%) | Val Acc: 0.1542 | Test Acc: 0.1595 | VRAM (Alloc/Reserved): 44.3/64.0 MiB | Time: 4.3s

[ERROR] Training failed for config: attack=Optimal_ALittleIsEnough_neg1, aggregator=GeometricMedian, f=5. Error: CUDA out of memory. Tried to allocate 34.00 MiB. GPU 0 has a total capacity of 22.06 GiB of which 35.62 MiB is free. Process 1734972 has 2.71 GiB memory in use. Process 1739900 has 908.00 MiB memory in use. Process 1741330 has 908.00 MiB memory in use. Process 1742732 has 908.00 MiB memory in use. Process 1743272 has 908.00 MiB memory in use. Process 1743898 has 906.00 MiB memory in use. Process 1746504 has 906.00 MiB memory in use. Process 1747410 has 930.00 MiB memory in use. Process 1748049 has 930.00 MiB memory in use. Process 1749964 has 930.00 MiB memory in use. Process 1751046 has 930.00 MiB memory in use. Process 1751561 has 928.00 MiB memory in use. Process 1754591 has 928.00 MiB memory in use. Process 1755566 has 926.00 MiB memory in use. Process 1756704 has 926.00 MiB memory in use. Process 1764122 has 880.00 MiB memory in use. Process 1763991 has 880.00 MiB memory in use. Process 1763667 has 858.00 MiB memory in use. Process 1763992 has 858.00 MiB memory in use. Process 1766960 has 878.00 MiB memory in use. Process 1779158 has 890.00 MiB memory in use. Process 1806256 has 944.00 MiB memory in use. Including non-PyTorch memory, this process has 628.00 MiB memory in use. Of the allocated memory 291.69 MiB is allocated by PyTorch, and 26.31 MiB is reserved by PyTorch but unallocated. If reserved but unallocated memory is large try setting PYTORCH_CUDA_ALLOC_CONF=expandable_segments:True to avoid fragmentation.  See documentation for Memory Management  (https://pytorch.org/docs/stable/notes/cuda.html#environment-variables)
Training 153 done
Traceback (most recent call last):
  File "/localhome/bendouro/ByzFL_snn/byzfl/byzfl/benchmark/benchmark.py", line 224, in run_training
    start_training(params)
  File "/localhome/bendouro/ByzFL_snn/byzfl/byzfl/benchmark/train.py", line 188, in start_training
    Client({
  File "/localhome/bendouro/ByzFL_snn/byzfl/byzfl/fed_framework/client.py", line 30, in __init__
    super().__init__({
  File "/localhome/bendouro/ByzFL_snn/byzfl/byzfl/fed_framework/model_base_interface.py", line 27, in __init__
    self.model.to(self.device)
  File "/localhome/bendouro/ByzFL_snn/byzfl/venv/lib/python3.12/site-packages/torch/nn/modules/module.py", line 1152, in to
    return self._apply(convert)
           ^^^^^^^^^^^^^^^^^^^^
  File "/localhome/bendouro/ByzFL_snn/byzfl/venv/lib/python3.12/site-packages/torch/nn/modules/module.py", line 802, in _apply
    module._apply(fn)
  File "/localhome/bendouro/ByzFL_snn/byzfl/venv/lib/python3.12/site-packages/torch/nn/modules/module.py", line 825, in _apply
    param_applied = fn(param)
                    ^^^^^^^^^
  File "/localhome/bendouro/ByzFL_snn/byzfl/venv/lib/python3.12/site-packages/torch/nn/modules/module.py", line 1150, in convert
    return t.to(device, dtype if t.is_floating_point() or t.is_complex() else None, non_blocking)
           ^^^^^^^^^^^^^^^^^^^^^^^^^^^^^^^^^^^^^^^^^^^^^^^^^^^^^^^^^^^^^^^^^^^^^^^^^^^^^^^^^^^^^^
RuntimeError: CUDA error: out of memory
CUDA kernel errors might be asynchronously reported at some other API call, so the stacktrace below might be incorrect.
For debugging consider passing CUDA_LAUNCH_BLOCKING=1.
Compile with `TORCH_USE_CUDA_DSA` to enable device-side assertions.


[ByzFL-SNN] [Training Start] Model: cnn_mnist | Dataset: mnist
[ByzFL-SNN]   Aggregator: GeometricMedian | Attack: SignFlipping
[ByzFL-SNN]   Distribution: gamma_similarity_niid (gamma=1.0)
[ByzFL-SNN]   Clients: 10 honest, 5 byzantine | Algorithm: DSGD
[ByzFL-SNN]   Learning Rate: 0.15 | Steps: 500 | Device: cuda:1
[ByzFL-SNN]   Validation samples: 12000 | Test samples: 10000

[ERROR] Training failed for config: attack=SignFlipping, aggregator=GeometricMedian, f=5. Error: CUDA error: out of memory
CUDA kernel errors might be asynchronously reported at some other API call, so the stacktrace below might be incorrect.
For debugging consider passing CUDA_LAUNCH_BLOCKING=1.
Compile with `TORCH_USE_CUDA_DSA` to enable device-side assertions.

Training 154 done
Traceback (most recent call last):
  File "/localhome/bendouro/ByzFL_snn/byzfl/byzfl/benchmark/benchmark.py", line 224, in run_training
    start_training(params)
  File "/localhome/bendouro/ByzFL_snn/byzfl/byzfl/benchmark/train.py", line 422, in start_training
    interarch_row = compute_interarch_metrics(
                    ^^^^^^^^^^^^^^^^^^^^^^^^^^
  File "/localhome/bendouro/ByzFL_snn/byzfl/byzfl/utils/interarch_metrics.py", line 115, in compute_interarch_metrics
    sum_sq_active = (stacked_f64.pow(2) * active_f64).sum(dim=0)
                     ~~~~~~~~~~~~~~~~~~~^~~~~~~~~~~~
torch.cuda.OutOfMemoryError: CUDA out of memory. Tried to allocate 34.00 MiB. GPU 0 has a total capacity of 22.06 GiB of which 33.62 MiB is free. Process 1734972 has 2.71 GiB memory in use. Process 1739900 has 908.00 MiB memory in use. Process 1741330 has 908.00 MiB memory in use. Process 1742732 has 908.00 MiB memory in use. Process 1743272 has 908.00 MiB memory in use. Process 1743898 has 906.00 MiB memory in use. Process 1746504 has 906.00 MiB memory in use. Process 1747410 has 930.00 MiB memory in use. Process 1748049 has 930.00 MiB memory in use. Process 1749964 has 930.00 MiB memory in use. Process 1751046 has 930.00 MiB memory in use. Process 1751561 has 928.00 MiB memory in use. Process 1754591 has 928.00 MiB memory in use. Process 1755566 has 926.00 MiB memory in use. Process 1756704 has 926.00 MiB memory in use. Process 1764122 has 880.00 MiB memory in use. Process 1763991 has 880.00 MiB memory in use. Process 1763667 has 858.00 MiB memory in use. Process 1763992 has 858.00 MiB memory in use. Process 1766960 has 878.00 MiB memory in use. Process 1779158 has 890.00 MiB memory in use. Process 1806256 has 946.00 MiB memory in use. Including non-PyTorch memory, this process has 628.00 MiB memory in use. Of the allocated memory 291.69 MiB is allocated by PyTorch, and 26.31 MiB is reserved by PyTorch but unallocated. If reserved but unallocated memory is large try setting PYTORCH_CUDA_ALLOC_CONF=expandable_segments:True to avoid fragmentation.  See documentation for Memory Management  (https://pytorch.org/docs/stable/notes/cuda.html#environment-variables)

[ByzFL-SNN] [Training Start] Model: cnn_mnist | Dataset: mnist
[ByzFL-SNN]   Aggregator: GeometricMedian | Attack: SignFlipping
[ByzFL-SNN]   Distribution: gamma_similarity_niid (gamma=1.0)
[ByzFL-SNN]   Clients: 10 honest, 5 byzantine | Algorithm: DSGD
[ByzFL-SNN]   Learning Rate: 0.15 | Steps: 500 | Device: cuda:0
[ByzFL-SNN]   Validation samples: 12000 | Test samples: 10000
[ByzFL-SNN] Initial VRAM (Alloc/Reserved): 36.1/42.0 MiB
[ByzFL-SNN]   [Step 0/500] (0.0%) | Val Acc: 0.1542 | Test Acc: 0.1595 | VRAM (Alloc/Reserved): 44.3/64.0 MiB | Time: 4.4s

[ERROR] Training failed for config: attack=SignFlipping, aggregator=GeometricMedian, f=5. Error: CUDA out of memory. Tried to allocate 34.00 MiB. GPU 0 has a total capacity of 22.06 GiB of which 33.62 MiB is free. Process 1734972 has 2.71 GiB memory in use. Process 1739900 has 908.00 MiB memory in use. Process 1741330 has 908.00 MiB memory in use. Process 1742732 has 908.00 MiB memory in use. Process 1743272 has 908.00 MiB memory in use. Process 1743898 has 906.00 MiB memory in use. Process 1746504 has 906.00 MiB memory in use. Process 1747410 has 930.00 MiB memory in use. Process 1748049 has 930.00 MiB memory in use. Process 1749964 has 930.00 MiB memory in use. Process 1751046 has 930.00 MiB memory in use. Process 1751561 has 928.00 MiB memory in use. Process 1754591 has 928.00 MiB memory in use. Process 1755566 has 926.00 MiB memory in use. Process 1756704 has 926.00 MiB memory in use. Process 1764122 has 880.00 MiB memory in use. Process 1763991 has 880.00 MiB memory in use. Process 1763667 has 858.00 MiB memory in use. Process 1763992 has 858.00 MiB memory in use. Process 1766960 has 878.00 MiB memory in use. Process 1779158 has 890.00 MiB memory in use. Process 1806256 has 946.00 MiB memory in use. Including non-PyTorch memory, this process has 628.00 MiB memory in use. Of the allocated memory 291.69 MiB is allocated by PyTorch, and 26.31 MiB is reserved by PyTorch but unallocated. If reserved but unallocated memory is large try setting PYTORCH_CUDA_ALLOC_CONF=expandable_segments:True to avoid fragmentation.  See documentation for Memory Management  (https://pytorch.org/docs/stable/notes/cuda.html#environment-variables)
Training 155 done
/usr/lib/python3.12/multiprocessing/resource_tracker.py:254: UserWarning: resource_tracker: There appear to be 7 leaked semaphore objects to clean up at shutdown
  warnings.warn('resource_tracker: There appear to be %d '
Pre-downloading MNIST dataset sequentially to avoid parallel race conditions...
MNIST dataset is ready!
============================================================
Starting sweep: configs/activation_clip/cnn_mnist_selfclip_w1_gm3.json
  model.name = cnn_mnist
  nb_jobs = 12, distribute_gpus = True
============================================================
Distributing tasks across 2 GPUs...
Total trainings to do: 77
Running 12 trainings in parallel...

[ByzFL-SNN] [Training Start] Model: cnn_mnist | Dataset: mnist
[ByzFL-SNN]   Aggregator: GeometricMedian | Attack: Optimal_InnerProductManipulation
[ByzFL-SNN]   Distribution: gamma_similarity_niid (gamma=0.33)
[ByzFL-SNN]   Clients: 10 honest, 3 byzantine | Algorithm: DSGD
[ByzFL-SNN]   Learning Rate: 0.15 | Steps: 500 | Device: cuda:0
[ByzFL-SNN]   Validation samples: 12000 | Test samples: 10000
[ByzFL-SNN] Initial VRAM (Alloc/Reserved): 36.1/42.0 MiB
[ByzFL-SNN]   [Step 0/500] (0.0%) | Val Acc: 0.1542 | Test Acc: 0.1595 | VRAM (Alloc/Reserved): 44.3/64.0 MiB | Time: 2.7s
[ByzFL-SNN]   [Step 50/500] (10.0%) | Val Acc: 0.5428 | Test Acc: 0.5466 | VRAM (Alloc/Reserved): 93.8/598.0 MiB | Time: 57.6s
[ByzFL-SNN]   [Step 100/500] (20.0%) | Val Acc: 0.5603 | Test Acc: 0.5664 | VRAM (Alloc/Reserved): 93.2/598.0 MiB | Time: 111.5s
[ByzFL-SNN]   [Step 150/500] (30.0%) | Val Acc: 0.7155 | Test Acc: 0.7231 | VRAM (Alloc/Reserved): 93.9/598.0 MiB | Time: 165.7s
[ByzFL-SNN]   [Step 200/500] (40.0%) | Val Acc: 0.8397 | Test Acc: 0.8492 | VRAM (Alloc/Reserved): 93.8/598.0 MiB | Time: 219.3s
[ByzFL-SNN]   [Step 250/500] (50.0%) | Val Acc: 0.7589 | Test Acc: 0.7639 | VRAM (Alloc/Reserved): 94.3/598.0 MiB | Time: 275.4s
[ByzFL-SNN]   [Step 300/500] (60.0%) | Val Acc: 0.7772 | Test Acc: 0.7798 | VRAM (Alloc/Reserved): 93.3/598.0 MiB | Time: 331.3s
[ByzFL-SNN]   [Step 350/500] (70.0%) | Val Acc: 0.8376 | Test Acc: 0.8453 | VRAM (Alloc/Reserved): 95.7/598.0 MiB | Time: 386.2s
[ByzFL-SNN]   [Step 400/500] (80.0%) | Val Acc: 0.7964 | Test Acc: 0.7984 | VRAM (Alloc/Reserved): 94.2/598.0 MiB | Time: 440.4s
[ByzFL-SNN]   [Step 450/500] (90.0%) | Val Acc: 0.8242 | Test Acc: 0.8263 | VRAM (Alloc/Reserved): 93.8/598.0 MiB | Time: 495.5s
[ByzFL-SNN] [Training Complete] Peak VRAM (Alloc/Reserved): 380.3/598.0 MiB | Total time: 547.1s

Training 0 done

[ByzFL-SNN] [Training Start] Model: cnn_mnist | Dataset: mnist
[ByzFL-SNN]   Aggregator: GeometricMedian | Attack: Optimal_ALittleIsEnough_neg1
[ByzFL-SNN]   Distribution: gamma_similarity_niid (gamma=0.0)
[ByzFL-SNN]   Clients: 10 honest, 3 byzantine | Algorithm: DSGD
[ByzFL-SNN]   Learning Rate: 0.15 | Steps: 500 | Device: cuda:0
[ByzFL-SNN]   Validation samples: 12000 | Test samples: 10000
[ByzFL-SNN] Initial VRAM (Alloc/Reserved): 36.1/42.0 MiB
[ByzFL-SNN]   [Step 0/500] (0.0%) | Val Acc: 0.1542 | Test Acc: 0.1595 | VRAM (Alloc/Reserved): 44.3/64.0 MiB | Time: 3.2s
[ByzFL-SNN]   [Step 50/500] (10.0%) | Val Acc: 0.2720 | Test Acc: 0.2720 | VRAM (Alloc/Reserved): 93.7/596.0 MiB | Time: 57.5s
[ByzFL-SNN]   [Step 100/500] (20.0%) | Val Acc: 0.4852 | Test Acc: 0.4818 | VRAM (Alloc/Reserved): 94.7/596.0 MiB | Time: 113.5s
[ByzFL-SNN]   [Step 150/500] (30.0%) | Val Acc: 0.6208 | Test Acc: 0.6275 | VRAM (Alloc/Reserved): 94.4/596.0 MiB | Time: 168.4s
[ByzFL-SNN]   [Step 200/500] (40.0%) | Val Acc: 0.7057 | Test Acc: 0.7025 | VRAM (Alloc/Reserved): 93.9/596.0 MiB | Time: 223.9s
[ByzFL-SNN]   [Step 250/500] (50.0%) | Val Acc: 0.6196 | Test Acc: 0.6286 | VRAM (Alloc/Reserved): 93.5/596.0 MiB | Time: 277.3s
[ByzFL-SNN]   [Step 300/500] (60.0%) | Val Acc: 0.6382 | Test Acc: 0.6370 | VRAM (Alloc/Reserved): 93.0/596.0 MiB | Time: 332.9s
[ByzFL-SNN]   [Step 350/500] (70.0%) | Val Acc: 0.8345 | Test Acc: 0.8458 | VRAM (Alloc/Reserved): 94.2/596.0 MiB | Time: 389.2s
[ByzFL-SNN]   [Step 400/500] (80.0%) | Val Acc: 0.5780 | Test Acc: 0.5830 | VRAM (Alloc/Reserved): 93.8/596.0 MiB | Time: 444.0s
[ByzFL-SNN]   [Step 450/500] (90.0%) | Val Acc: 0.7893 | Test Acc: 0.7905 | VRAM (Alloc/Reserved): 94.9/596.0 MiB | Time: 499.1s
[ByzFL-SNN] [Training Complete] Peak VRAM (Alloc/Reserved): 377.4/596.0 MiB | Total time: 551.6s

Training 1 done

[ByzFL-SNN] [Training Start] Model: cnn_mnist | Dataset: mnist
[ByzFL-SNN]   Aggregator: GeometricMedian | Attack: Optimal_ALittleIsEnough_neg1
[ByzFL-SNN]   Distribution: gamma_similarity_niid (gamma=0.33)
[ByzFL-SNN]   Clients: 10 honest, 3 byzantine | Algorithm: DSGD
[ByzFL-SNN]   Learning Rate: 0.15 | Steps: 500 | Device: cuda:0
[ByzFL-SNN]   Validation samples: 12000 | Test samples: 10000
[ByzFL-SNN] Initial VRAM (Alloc/Reserved): 36.1/42.0 MiB
[ByzFL-SNN]   [Step 0/500] (0.0%) | Val Acc: 0.1542 | Test Acc: 0.1595 | VRAM (Alloc/Reserved): 44.3/64.0 MiB | Time: 2.8s
[ByzFL-SNN]   [Step 50/500] (10.0%) | Val Acc: 0.3458 | Test Acc: 0.3534 | VRAM (Alloc/Reserved): 93.7/598.0 MiB | Time: 57.4s
[ByzFL-SNN]   [Step 100/500] (20.0%) | Val Acc: 0.7587 | Test Acc: 0.7656 | VRAM (Alloc/Reserved): 94.7/598.0 MiB | Time: 112.8s
[ByzFL-SNN]   [Step 150/500] (30.0%) | Val Acc: 0.7748 | Test Acc: 0.7884 | VRAM (Alloc/Reserved): 94.4/598.0 MiB | Time: 166.9s
[ByzFL-SNN]   [Step 200/500] (40.0%) | Val Acc: 0.7301 | Test Acc: 0.7378 | VRAM (Alloc/Reserved): 93.9/598.0 MiB | Time: 223.6s
[ByzFL-SNN]   [Step 250/500] (50.0%) | Val Acc: 0.8942 | Test Acc: 0.9023 | VRAM (Alloc/Reserved): 93.5/598.0 MiB | Time: 278.2s
[ByzFL-SNN]   [Step 300/500] (60.0%) | Val Acc: 0.8727 | Test Acc: 0.8843 | VRAM (Alloc/Reserved): 93.0/598.0 MiB | Time: 333.4s
[ByzFL-SNN]   [Step 350/500] (70.0%) | Val Acc: 0.8476 | Test Acc: 0.8517 | VRAM (Alloc/Reserved): 94.2/598.0 MiB | Time: 388.6s
[ByzFL-SNN]   [Step 400/500] (80.0%) | Val Acc: 0.9278 | Test Acc: 0.9378 | VRAM (Alloc/Reserved): 93.8/598.0 MiB | Time: 444.8s
[ByzFL-SNN]   [Step 450/500] (90.0%) | Val Acc: 0.9214 | Test Acc: 0.9269 | VRAM (Alloc/Reserved): 94.9/598.0 MiB | Time: 500.5s
[ByzFL-SNN] [Training Complete] Peak VRAM (Alloc/Reserved): 377.4/598.0 MiB | Total time: 554.0s

Training 2 done

[ByzFL-SNN] [Training Start] Model: cnn_mnist | Dataset: mnist
[ByzFL-SNN]   Aggregator: GeometricMedian | Attack: Optimal_ALittleIsEnough_neg1
[ByzFL-SNN]   Distribution: gamma_similarity_niid (gamma=0.0)
[ByzFL-SNN]   Clients: 10 honest, 3 byzantine | Algorithm: DSGD
[ByzFL-SNN]   Learning Rate: 0.15 | Steps: 500 | Device: cuda:1
[ByzFL-SNN]   Validation samples: 12000 | Test samples: 10000
[ByzFL-SNN] Initial VRAM (Alloc/Reserved): 36.1/42.0 MiB
[ByzFL-SNN]   [Step 0/500] (0.0%) | Val Acc: 0.1542 | Test Acc: 0.1595 | VRAM (Alloc/Reserved): 44.3/64.0 MiB | Time: 2.9s
[ByzFL-SNN]   [Step 50/500] (10.0%) | Val Acc: 0.2585 | Test Acc: 0.2574 | VRAM (Alloc/Reserved): 93.7/596.0 MiB | Time: 57.7s
[ByzFL-SNN]   [Step 100/500] (20.0%) | Val Acc: 0.6111 | Test Acc: 0.6173 | VRAM (Alloc/Reserved): 94.7/596.0 MiB | Time: 112.8s
[ByzFL-SNN]   [Step 150/500] (30.0%) | Val Acc: 0.6681 | Test Acc: 0.6801 | VRAM (Alloc/Reserved): 94.4/596.0 MiB | Time: 168.8s
[ByzFL-SNN]   [Step 200/500] (40.0%) | Val Acc: 0.6727 | Test Acc: 0.6766 | VRAM (Alloc/Reserved): 93.9/596.0 MiB | Time: 224.4s
[ByzFL-SNN]   [Step 250/500] (50.0%) | Val Acc: 0.7447 | Test Acc: 0.7601 | VRAM (Alloc/Reserved): 93.5/596.0 MiB | Time: 278.7s
[ByzFL-SNN]   [Step 300/500] (60.0%) | Val Acc: 0.6441 | Test Acc: 0.6566 | VRAM (Alloc/Reserved): 93.0/596.0 MiB | Time: 333.9s
[ByzFL-SNN]   [Step 350/500] (70.0%) | Val Acc: 0.8029 | Test Acc: 0.8132 | VRAM (Alloc/Reserved): 94.2/596.0 MiB | Time: 388.6s
[ByzFL-SNN]   [Step 400/500] (80.0%) | Val Acc: 0.7414 | Test Acc: 0.7456 | VRAM (Alloc/Reserved): 93.8/596.0 MiB | Time: 445.0s
[ByzFL-SNN]   [Step 450/500] (90.0%) | Val Acc: 0.6354 | Test Acc: 0.6369 | VRAM (Alloc/Reserved): 94.9/596.0 MiB | Time: 499.9s
[ByzFL-SNN] [Training Complete] Peak VRAM (Alloc/Reserved): 377.4/596.0 MiB | Total time: 553.2s

Training 3 done

[ByzFL-SNN] [Training Start] Model: cnn_mnist | Dataset: mnist
[ByzFL-SNN]   Aggregator: GeometricMedian | Attack: Optimal_ALittleIsEnough_neg1
[ByzFL-SNN]   Distribution: gamma_similarity_niid (gamma=0.0)
[ByzFL-SNN]   Clients: 10 honest, 3 byzantine | Algorithm: DSGD
[ByzFL-SNN]   Learning Rate: 0.15 | Steps: 500 | Device: cuda:1
[ByzFL-SNN]   Validation samples: 12000 | Test samples: 10000
[ByzFL-SNN] Initial VRAM (Alloc/Reserved): 36.1/42.0 MiB
[ByzFL-SNN]   [Step 0/500] (0.0%) | Val Acc: 0.1542 | Test Acc: 0.1595 | VRAM (Alloc/Reserved): 44.3/64.0 MiB | Time: 3.0s
[ByzFL-SNN]   [Step 50/500] (10.0%) | Val Acc: 0.1447 | Test Acc: 0.1494 | VRAM (Alloc/Reserved): 93.7/596.0 MiB | Time: 57.8s
[ByzFL-SNN]   [Step 100/500] (20.0%) | Val Acc: 0.4489 | Test Acc: 0.4574 | VRAM (Alloc/Reserved): 94.7/596.0 MiB | Time: 113.0s
[ByzFL-SNN]   [Step 150/500] (30.0%) | Val Acc: 0.6953 | Test Acc: 0.6978 | VRAM (Alloc/Reserved): 94.4/596.0 MiB | Time: 169.0s
[ByzFL-SNN]   [Step 200/500] (40.0%) | Val Acc: 0.5333 | Test Acc: 0.5394 | VRAM (Alloc/Reserved): 93.9/596.0 MiB | Time: 225.2s
[ByzFL-SNN]   [Step 250/500] (50.0%) | Val Acc: 0.5775 | Test Acc: 0.5775 | VRAM (Alloc/Reserved): 93.5/596.0 MiB | Time: 280.4s
[ByzFL-SNN]   [Step 300/500] (60.0%) | Val Acc: 0.7896 | Test Acc: 0.8019 | VRAM (Alloc/Reserved): 93.0/596.0 MiB | Time: 335.0s
[ByzFL-SNN]   [Step 350/500] (70.0%) | Val Acc: 0.6000 | Test Acc: 0.6001 | VRAM (Alloc/Reserved): 94.2/596.0 MiB | Time: 389.7s
[ByzFL-SNN]   [Step 400/500] (80.0%) | Val Acc: 0.6753 | Test Acc: 0.6767 | VRAM (Alloc/Reserved): 93.8/596.0 MiB | Time: 445.4s
[ByzFL-SNN]   [Step 450/500] (90.0%) | Val Acc: 0.7506 | Test Acc: 0.7704 | VRAM (Alloc/Reserved): 94.9/596.0 MiB | Time: 500.1s
[ByzFL-SNN] [Training Complete] Peak VRAM (Alloc/Reserved): 377.4/596.0 MiB | Total time: 553.7s

Training 4 done

[ByzFL-SNN] [Training Start] Model: cnn_mnist | Dataset: mnist
[ByzFL-SNN]   Aggregator: GeometricMedian | Attack: Optimal_InnerProductManipulation
[ByzFL-SNN]   Distribution: gamma_similarity_niid (gamma=0.33)
[ByzFL-SNN]   Clients: 10 honest, 3 byzantine | Algorithm: DSGD
[ByzFL-SNN]   Learning Rate: 0.15 | Steps: 500 | Device: cuda:0
[ByzFL-SNN]   Validation samples: 12000 | Test samples: 10000
[ByzFL-SNN] Initial VRAM (Alloc/Reserved): 36.1/42.0 MiB
[ByzFL-SNN]   [Step 0/500] (0.0%) | Val Acc: 0.1542 | Test Acc: 0.1595 | VRAM (Alloc/Reserved): 44.3/64.0 MiB | Time: 2.7s
[ByzFL-SNN]   [Step 50/500] (10.0%) | Val Acc: 0.4501 | Test Acc: 0.4546 | VRAM (Alloc/Reserved): 93.8/598.0 MiB | Time: 58.4s
[ByzFL-SNN]   [Step 100/500] (20.0%) | Val Acc: 0.6696 | Test Acc: 0.6850 | VRAM (Alloc/Reserved): 93.2/598.0 MiB | Time: 113.5s
[ByzFL-SNN]   [Step 150/500] (30.0%) | Val Acc: 0.7277 | Test Acc: 0.7328 | VRAM (Alloc/Reserved): 93.9/598.0 MiB | Time: 170.2s
[ByzFL-SNN]   [Step 200/500] (40.0%) | Val Acc: 0.7222 | Test Acc: 0.7343 | VRAM (Alloc/Reserved): 93.8/598.0 MiB | Time: 226.9s
[ByzFL-SNN]   [Step 250/500] (50.0%) | Val Acc: 0.7937 | Test Acc: 0.7994 | VRAM (Alloc/Reserved): 94.3/598.0 MiB | Time: 282.7s
[ByzFL-SNN]   [Step 300/500] (60.0%) | Val Acc: 0.8067 | Test Acc: 0.8084 | VRAM (Alloc/Reserved): 93.3/598.0 MiB | Time: 338.6s
[ByzFL-SNN]   [Step 350/500] (70.0%) | Val Acc: 0.8910 | Test Acc: 0.8977 | VRAM (Alloc/Reserved): 95.7/598.0 MiB | Time: 395.3s
[ByzFL-SNN]   [Step 400/500] (80.0%) | Val Acc: 0.8327 | Test Acc: 0.8354 | VRAM (Alloc/Reserved): 94.2/598.0 MiB | Time: 451.0s
[ByzFL-SNN]   [Step 450/500] (90.0%) | Val Acc: 0.9009 | Test Acc: 0.9010 | VRAM (Alloc/Reserved): 93.8/598.0 MiB | Time: 506.3s
[ByzFL-SNN] [Training Complete] Peak VRAM (Alloc/Reserved): 380.3/598.0 MiB | Total time: 555.6s

Training 5 done

[ByzFL-SNN] [Training Start] Model: cnn_mnist | Dataset: mnist
[ByzFL-SNN]   Aggregator: GeometricMedian | Attack: Optimal_InnerProductManipulation
[ByzFL-SNN]   Distribution: gamma_similarity_niid (gamma=0.0)
[ByzFL-SNN]   Clients: 10 honest, 3 byzantine | Algorithm: DSGD
[ByzFL-SNN]   Learning Rate: 0.15 | Steps: 500 | Device: cuda:0
[ByzFL-SNN]   Validation samples: 12000 | Test samples: 10000
[ByzFL-SNN] Initial VRAM (Alloc/Reserved): 36.1/42.0 MiB
[ByzFL-SNN]   [Step 0/500] (0.0%) | Val Acc: 0.1542 | Test Acc: 0.1595 | VRAM (Alloc/Reserved): 44.3/64.0 MiB | Time: 2.8s
[ByzFL-SNN]   [Step 50/500] (10.0%) | Val Acc: 0.1828 | Test Acc: 0.1857 | VRAM (Alloc/Reserved): 93.8/596.0 MiB | Time: 56.9s
[ByzFL-SNN]   [Step 100/500] (20.0%) | Val Acc: 0.2746 | Test Acc: 0.2781 | VRAM (Alloc/Reserved): 93.2/596.0 MiB | Time: 112.4s
[ByzFL-SNN]   [Step 150/500] (30.0%) | Val Acc: 0.1683 | Test Acc: 0.1713 | VRAM (Alloc/Reserved): 93.9/596.0 MiB | Time: 168.5s
[ByzFL-SNN]   [Step 200/500] (40.0%) | Val Acc: 0.0877 | Test Acc: 0.0892 | VRAM (Alloc/Reserved): 93.8/596.0 MiB | Time: 225.0s
[ByzFL-SNN]   [Step 250/500] (50.0%) | Val Acc: 0.0968 | Test Acc: 0.0982 | VRAM (Alloc/Reserved): 94.3/596.0 MiB | Time: 282.8s
[ByzFL-SNN]   [Step 300/500] (60.0%) | Val Acc: 0.0978 | Test Acc: 0.1009 | VRAM (Alloc/Reserved): 93.3/596.0 MiB | Time: 338.5s
[ByzFL-SNN]   [Step 350/500] (70.0%) | Val Acc: 0.2853 | Test Acc: 0.2838 | VRAM (Alloc/Reserved): 95.7/596.0 MiB | Time: 393.4s
[ByzFL-SNN]   [Step 400/500] (80.0%) | Val Acc: 0.1983 | Test Acc: 0.1957 | VRAM (Alloc/Reserved): 94.2/596.0 MiB | Time: 449.4s
[ByzFL-SNN]   [Step 450/500] (90.0%) | Val Acc: 0.1026 | Test Acc: 0.1065 | VRAM (Alloc/Reserved): 93.8/596.0 MiB | Time: 505.4s
[ByzFL-SNN] [Training Complete] Peak VRAM (Alloc/Reserved): 380.3/596.0 MiB | Total time: 554.5s

Training 6 done

[ByzFL-SNN] [Training Start] Model: cnn_mnist | Dataset: mnist
[ByzFL-SNN]   Aggregator: GeometricMedian | Attack: Optimal_InnerProductManipulation
[ByzFL-SNN]   Distribution: gamma_similarity_niid (gamma=0.0)
[ByzFL-SNN]   Clients: 10 honest, 3 byzantine | Algorithm: DSGD
[ByzFL-SNN]   Learning Rate: 0.15 | Steps: 500 | Device: cuda:0
[ByzFL-SNN]   Validation samples: 12000 | Test samples: 10000
[ByzFL-SNN] Initial VRAM (Alloc/Reserved): 36.1/42.0 MiB
[ByzFL-SNN]   [Step 0/500] (0.0%) | Val Acc: 0.1542 | Test Acc: 0.1595 | VRAM (Alloc/Reserved): 44.3/64.0 MiB | Time: 3.2s
[ByzFL-SNN]   [Step 50/500] (10.0%) | Val Acc: 0.1513 | Test Acc: 0.1468 | VRAM (Alloc/Reserved): 93.8/596.0 MiB | Time: 58.1s
[ByzFL-SNN]   [Step 100/500] (20.0%) | Val Acc: 0.1099 | Test Acc: 0.1061 | VRAM (Alloc/Reserved): 93.2/596.0 MiB | Time: 114.1s
[ByzFL-SNN]   [Step 150/500] (30.0%) | Val Acc: 0.1476 | Test Acc: 0.1499 | VRAM (Alloc/Reserved): 93.9/596.0 MiB | Time: 169.8s
[ByzFL-SNN]   [Step 200/500] (40.0%) | Val Acc: 0.0877 | Test Acc: 0.0892 | VRAM (Alloc/Reserved): 93.8/596.0 MiB | Time: 226.8s
[ByzFL-SNN]   [Step 250/500] (50.0%) | Val Acc: 0.0877 | Test Acc: 0.0892 | VRAM (Alloc/Reserved): 94.3/596.0 MiB | Time: 282.9s
[ByzFL-SNN]   [Step 300/500] (60.0%) | Val Acc: 0.1848 | Test Acc: 0.1883 | VRAM (Alloc/Reserved): 93.3/596.0 MiB | Time: 339.3s
[ByzFL-SNN]   [Step 350/500] (70.0%) | Val Acc: 0.2333 | Test Acc: 0.2308 | VRAM (Alloc/Reserved): 95.7/596.0 MiB | Time: 395.0s
[ByzFL-SNN]   [Step 400/500] (80.0%) | Val Acc: 0.1068 | Test Acc: 0.1028 | VRAM (Alloc/Reserved): 94.2/596.0 MiB | Time: 452.4s
[ByzFL-SNN]   [Step 450/500] (90.0%) | Val Acc: 0.1200 | Test Acc: 0.1201 | VRAM (Alloc/Reserved): 93.8/596.0 MiB | Time: 507.2s
[ByzFL-SNN] [Training Complete] Peak VRAM (Alloc/Reserved): 380.3/596.0 MiB | Total time: 555.4s

Training 7 done

[ByzFL-SNN] [Training Start] Model: cnn_mnist | Dataset: mnist
[ByzFL-SNN]   Aggregator: GeometricMedian | Attack: Optimal_InnerProductManipulation
[ByzFL-SNN]   Distribution: gamma_similarity_niid (gamma=0.33)
[ByzFL-SNN]   Clients: 10 honest, 3 byzantine | Algorithm: DSGD
[ByzFL-SNN]   Learning Rate: 0.15 | Steps: 500 | Device: cuda:1
[ByzFL-SNN]   Validation samples: 12000 | Test samples: 10000
[ByzFL-SNN] Initial VRAM (Alloc/Reserved): 36.1/42.0 MiB
[ByzFL-SNN]   [Step 0/500] (0.0%) | Val Acc: 0.1542 | Test Acc: 0.1595 | VRAM (Alloc/Reserved): 44.3/64.0 MiB | Time: 3.2s
[ByzFL-SNN]   [Step 50/500] (10.0%) | Val Acc: 0.2607 | Test Acc: 0.2599 | VRAM (Alloc/Reserved): 93.8/598.0 MiB | Time: 58.5s
[ByzFL-SNN]   [Step 100/500] (20.0%) | Val Acc: 0.5653 | Test Acc: 0.5793 | VRAM (Alloc/Reserved): 93.2/598.0 MiB | Time: 113.5s
[ByzFL-SNN]   [Step 150/500] (30.0%) | Val Acc: 0.6442 | Test Acc: 0.6478 | VRAM (Alloc/Reserved): 93.9/598.0 MiB | Time: 167.9s
[ByzFL-SNN]   [Step 200/500] (40.0%) | Val Acc: 0.7245 | Test Acc: 0.7273 | VRAM (Alloc/Reserved): 93.8/598.0 MiB | Time: 223.1s
[ByzFL-SNN]   [Step 250/500] (50.0%) | Val Acc: 0.7570 | Test Acc: 0.7605 | VRAM (Alloc/Reserved): 94.3/598.0 MiB | Time: 277.2s
[ByzFL-SNN]   [Step 300/500] (60.0%) | Val Acc: 0.7828 | Test Acc: 0.7875 | VRAM (Alloc/Reserved): 93.3/598.0 MiB | Time: 334.3s
[ByzFL-SNN]   [Step 350/500] (70.0%) | Val Acc: 0.7408 | Test Acc: 0.7457 | VRAM (Alloc/Reserved): 95.7/598.0 MiB | Time: 391.3s
[ByzFL-SNN]   [Step 400/500] (80.0%) | Val Acc: 0.8353 | Test Acc: 0.8502 | VRAM (Alloc/Reserved): 94.2/598.0 MiB | Time: 448.6s
[ByzFL-SNN]   [Step 450/500] (90.0%) | Val Acc: 0.8397 | Test Acc: 0.8421 | VRAM (Alloc/Reserved): 93.8/598.0 MiB | Time: 505.2s
[ByzFL-SNN] [Training Complete] Peak VRAM (Alloc/Reserved): 380.3/598.0 MiB | Total time: 557.4s

Training 8 done

[ByzFL-SNN] [Training Start] Model: cnn_mnist | Dataset: mnist
[ByzFL-SNN]   Aggregator: GeometricMedian | Attack: Optimal_InnerProductManipulation
[ByzFL-SNN]   Distribution: gamma_similarity_niid (gamma=0.0)
[ByzFL-SNN]   Clients: 10 honest, 3 byzantine | Algorithm: DSGD
[ByzFL-SNN]   Learning Rate: 0.15 | Steps: 500 | Device: cuda:1
[ByzFL-SNN]   Validation samples: 12000 | Test samples: 10000
[ByzFL-SNN] Initial VRAM (Alloc/Reserved): 36.1/42.0 MiB
[ByzFL-SNN]   [Step 0/500] (0.0%) | Val Acc: 0.1542 | Test Acc: 0.1595 | VRAM (Alloc/Reserved): 44.3/64.0 MiB | Time: 3.0s
[ByzFL-SNN]   [Step 50/500] (10.0%) | Val Acc: 0.1484 | Test Acc: 0.1541 | VRAM (Alloc/Reserved): 93.8/596.0 MiB | Time: 58.8s
[ByzFL-SNN]   [Step 100/500] (20.0%) | Val Acc: 0.2055 | Test Acc: 0.2042 | VRAM (Alloc/Reserved): 93.2/596.0 MiB | Time: 115.8s
[ByzFL-SNN]   [Step 150/500] (30.0%) | Val Acc: 0.1664 | Test Acc: 0.1722 | VRAM (Alloc/Reserved): 93.9/596.0 MiB | Time: 171.3s
[ByzFL-SNN]   [Step 200/500] (40.0%) | Val Acc: 0.1969 | Test Acc: 0.1945 | VRAM (Alloc/Reserved): 93.8/596.0 MiB | Time: 227.4s
[ByzFL-SNN]   [Step 250/500] (50.0%) | Val Acc: 0.1384 | Test Acc: 0.1431 | VRAM (Alloc/Reserved): 94.3/596.0 MiB | Time: 282.5s
[ByzFL-SNN]   [Step 300/500] (60.0%) | Val Acc: 0.0997 | Test Acc: 0.0983 | VRAM (Alloc/Reserved): 93.3/596.0 MiB | Time: 339.4s
[ByzFL-SNN]   [Step 350/500] (70.0%) | Val Acc: 0.1037 | Test Acc: 0.1010 | VRAM (Alloc/Reserved): 95.7/596.0 MiB | Time: 394.7s
[ByzFL-SNN]   [Step 400/500] (80.0%) | Val Acc: 0.0993 | Test Acc: 0.0988 | VRAM (Alloc/Reserved): 94.2/596.0 MiB | Time: 451.3s
[ByzFL-SNN]   [Step 450/500] (90.0%) | Val Acc: 0.1294 | Test Acc: 0.1291 | VRAM (Alloc/Reserved): 93.8/596.0 MiB | Time: 506.1s
[ByzFL-SNN] [Training Complete] Peak VRAM (Alloc/Reserved): 380.3/596.0 MiB | Total time: 557.8s

Training 9 done

[ByzFL-SNN] [Training Start] Model: cnn_mnist | Dataset: mnist
[ByzFL-SNN]   Aggregator: GeometricMedian | Attack: Optimal_ALittleIsEnough_neg1
[ByzFL-SNN]   Distribution: gamma_similarity_niid (gamma=0.33)
[ByzFL-SNN]   Clients: 10 honest, 3 byzantine | Algorithm: DSGD
[ByzFL-SNN]   Learning Rate: 0.15 | Steps: 500 | Device: cuda:1
[ByzFL-SNN]   Validation samples: 12000 | Test samples: 10000
[ByzFL-SNN] Initial VRAM (Alloc/Reserved): 36.1/42.0 MiB
[ByzFL-SNN]   [Step 0/500] (0.0%) | Val Acc: 0.1542 | Test Acc: 0.1595 | VRAM (Alloc/Reserved): 44.3/64.0 MiB | Time: 3.0s
[ByzFL-SNN]   [Step 50/500] (10.0%) | Val Acc: 0.1454 | Test Acc: 0.1473 | VRAM (Alloc/Reserved): 93.7/598.0 MiB | Time: 58.4s
[ByzFL-SNN]   [Step 100/500] (20.0%) | Val Acc: 0.5687 | Test Acc: 0.5736 | VRAM (Alloc/Reserved): 94.7/598.0 MiB | Time: 114.3s
[ByzFL-SNN]   [Step 150/500] (30.0%) | Val Acc: 0.7914 | Test Acc: 0.8012 | VRAM (Alloc/Reserved): 94.4/598.0 MiB | Time: 172.0s
[ByzFL-SNN]   [Step 200/500] (40.0%) | Val Acc: 0.8605 | Test Acc: 0.8725 | VRAM (Alloc/Reserved): 93.9/598.0 MiB | Time: 228.5s
[ByzFL-SNN]   [Step 250/500] (50.0%) | Val Acc: 0.9090 | Test Acc: 0.9207 | VRAM (Alloc/Reserved): 93.5/598.0 MiB | Time: 285.2s
[ByzFL-SNN]   [Step 300/500] (60.0%) | Val Acc: 0.9209 | Test Acc: 0.9281 | VRAM (Alloc/Reserved): 93.0/598.0 MiB | Time: 343.4s
[ByzFL-SNN]   [Step 350/500] (70.0%) | Val Acc: 0.9166 | Test Acc: 0.9216 | VRAM (Alloc/Reserved): 94.2/598.0 MiB | Time: 399.1s
[ByzFL-SNN]   [Step 400/500] (80.0%) | Val Acc: 0.9156 | Test Acc: 0.9262 | VRAM (Alloc/Reserved): 93.8/598.0 MiB | Time: 456.7s
[ByzFL-SNN]   [Step 450/500] (90.0%) | Val Acc: 0.9537 | Test Acc: 0.9613 | VRAM (Alloc/Reserved): 94.9/598.0 MiB | Time: 512.1s
[ByzFL-SNN] [Training Complete] Peak VRAM (Alloc/Reserved): 377.4/598.0 MiB | Total time: 561.9s

Training 10 done

[ByzFL-SNN] [Training Start] Model: cnn_mnist | Dataset: mnist
[ByzFL-SNN]   Aggregator: GeometricMedian | Attack: Optimal_ALittleIsEnough_neg1
[ByzFL-SNN]   Distribution: gamma_similarity_niid (gamma=1.0)
[ByzFL-SNN]   Clients: 10 honest, 4 byzantine | Algorithm: DSGD
[ByzFL-SNN]   Learning Rate: 0.15 | Steps: 500 | Device: cuda:1
[ByzFL-SNN]   Validation samples: 12000 | Test samples: 10000
[ByzFL-SNN] Initial VRAM (Alloc/Reserved): 36.1/42.0 MiB
[ByzFL-SNN]   [Step 0/500] (0.0%) | Val Acc: 0.1542 | Test Acc: 0.1595 | VRAM (Alloc/Reserved): 44.3/64.0 MiB | Time: 3.1s
[ByzFL-SNN]   [Step 50/500] (10.0%) | Val Acc: 0.8568 | Test Acc: 0.8682 | VRAM (Alloc/Reserved): 93.7/620.0 MiB | Time: 61.5s
[ByzFL-SNN]   [Step 100/500] (20.0%) | Val Acc: 0.8965 | Test Acc: 0.9061 | VRAM (Alloc/Reserved): 94.7/620.0 MiB | Time: 121.9s
[ByzFL-SNN]   [Step 150/500] (30.0%) | Val Acc: 0.9124 | Test Acc: 0.9221 | VRAM (Alloc/Reserved): 94.4/620.0 MiB | Time: 182.9s
[ByzFL-SNN]   [Step 200/500] (40.0%) | Val Acc: 0.9178 | Test Acc: 0.9272 | VRAM (Alloc/Reserved): 93.9/620.0 MiB | Time: 245.0s
[ByzFL-SNN]   [Step 250/500] (50.0%) | Val Acc: 0.9253 | Test Acc: 0.9314 | VRAM (Alloc/Reserved): 93.5/620.0 MiB | Time: 307.9s
[ByzFL-SNN]   [Step 300/500] (60.0%) | Val Acc: 0.9287 | Test Acc: 0.9354 | VRAM (Alloc/Reserved): 93.0/620.0 MiB | Time: 367.9s
[ByzFL-SNN]   [Step 350/500] (70.0%) | Val Acc: 0.9305 | Test Acc: 0.9399 | VRAM (Alloc/Reserved): 94.2/620.0 MiB | Time: 430.8s
[ByzFL-SNN]   [Step 400/500] (80.0%) | Val Acc: 0.9333 | Test Acc: 0.9442 | VRAM (Alloc/Reserved): 93.8/620.0 MiB | Time: 492.7s
[ByzFL-SNN]   [Step 450/500] (90.0%) | Val Acc: 0.9393 | Test Acc: 0.9444 | VRAM (Alloc/Reserved): 94.9/620.0 MiB | Time: 554.7s
[ByzFL-SNN] [Training Complete] Peak VRAM (Alloc/Reserved): 398.9/620.0 MiB | Total time: 600.3s

Training 11 done

[ByzFL-SNN] [Training Start] Model: cnn_mnist | Dataset: mnist
[ByzFL-SNN]   Aggregator: GeometricMedian | Attack: Optimal_InnerProductManipulation
[ByzFL-SNN]   Distribution: gamma_similarity_niid (gamma=1.0)
[ByzFL-SNN]   Clients: 10 honest, 4 byzantine | Algorithm: DSGD
[ByzFL-SNN]   Learning Rate: 0.15 | Steps: 500 | Device: cuda:1
[ByzFL-SNN]   Validation samples: 12000 | Test samples: 10000
[ByzFL-SNN] Initial VRAM (Alloc/Reserved): 36.1/42.0 MiB
[ByzFL-SNN]   [Step 0/500] (0.0%) | Val Acc: 0.1542 | Test Acc: 0.1595 | VRAM (Alloc/Reserved): 44.3/64.0 MiB | Time: 2.9s
[ByzFL-SNN]   [Step 50/500] (10.0%) | Val Acc: 0.8589 | Test Acc: 0.8678 | VRAM (Alloc/Reserved): 93.8/620.0 MiB | Time: 50.8s
[ByzFL-SNN]   [Step 100/500] (20.0%) | Val Acc: 0.8960 | Test Acc: 0.9031 | VRAM (Alloc/Reserved): 93.2/620.0 MiB | Time: 107.8s
[ByzFL-SNN]   [Step 150/500] (30.0%) | Val Acc: 0.9099 | Test Acc: 0.9161 | VRAM (Alloc/Reserved): 93.9/620.0 MiB | Time: 159.5s
[ByzFL-SNN]   [Step 200/500] (40.0%) | Val Acc: 0.9202 | Test Acc: 0.9283 | VRAM (Alloc/Reserved): 93.8/620.0 MiB | Time: 209.0s
[ByzFL-SNN]   [Step 250/500] (50.0%) | Val Acc: 0.9272 | Test Acc: 0.9360 | VRAM (Alloc/Reserved): 94.3/620.0 MiB | Time: 255.9s
[ByzFL-SNN]   [Step 300/500] (60.0%) | Val Acc: 0.9329 | Test Acc: 0.9411 | VRAM (Alloc/Reserved): 93.3/620.0 MiB | Time: 302.6s
[ByzFL-SNN]   [Step 350/500] (70.0%) | Val Acc: 0.9372 | Test Acc: 0.9457 | VRAM (Alloc/Reserved): 95.7/620.0 MiB | Time: 349.5s
[ByzFL-SNN]   [Step 400/500] (80.0%) | Val Acc: 0.9444 | Test Acc: 0.9507 | VRAM (Alloc/Reserved): 94.2/620.0 MiB | Time: 396.7s
[ByzFL-SNN]   [Step 450/500] (90.0%) | Val Acc: 0.9492 | Test Acc: 0.9543 | VRAM (Alloc/Reserved): 93.8/620.0 MiB | Time: 442.4s
[ByzFL-SNN] [Training Complete] Peak VRAM (Alloc/Reserved): 401.1/620.0 MiB | Total time: 489.9s

Training 12 done

[ByzFL-SNN] [Training Start] Model: cnn_mnist | Dataset: mnist
[ByzFL-SNN]   Aggregator: GeometricMedian | Attack: Optimal_InnerProductManipulation
[ByzFL-SNN]   Distribution: gamma_similarity_niid (gamma=1.0)
[ByzFL-SNN]   Clients: 10 honest, 4 byzantine | Algorithm: DSGD
[ByzFL-SNN]   Learning Rate: 0.15 | Steps: 500 | Device: cuda:0
[ByzFL-SNN]   Validation samples: 12000 | Test samples: 10000
[ByzFL-SNN] Initial VRAM (Alloc/Reserved): 36.1/42.0 MiB
[ByzFL-SNN]   [Step 0/500] (0.0%) | Val Acc: 0.1542 | Test Acc: 0.1595 | VRAM (Alloc/Reserved): 44.3/64.0 MiB | Time: 3.5s
[ByzFL-SNN]   [Step 50/500] (10.0%) | Val Acc: 0.8585 | Test Acc: 0.8667 | VRAM (Alloc/Reserved): 93.8/620.0 MiB | Time: 50.0s
[ByzFL-SNN]   [Step 100/500] (20.0%) | Val Acc: 0.8959 | Test Acc: 0.9040 | VRAM (Alloc/Reserved): 93.2/620.0 MiB | Time: 104.7s
[ByzFL-SNN]   [Step 150/500] (30.0%) | Val Acc: 0.9088 | Test Acc: 0.9154 | VRAM (Alloc/Reserved): 93.9/620.0 MiB | Time: 155.7s
[ByzFL-SNN]   [Step 200/500] (40.0%) | Val Acc: 0.9180 | Test Acc: 0.9250 | VRAM (Alloc/Reserved): 93.8/620.0 MiB | Time: 204.8s
[ByzFL-SNN]   [Step 250/500] (50.0%) | Val Acc: 0.9243 | Test Acc: 0.9336 | VRAM (Alloc/Reserved): 94.3/620.0 MiB | Time: 251.5s
[ByzFL-SNN]   [Step 300/500] (60.0%) | Val Acc: 0.9309 | Test Acc: 0.9377 | VRAM (Alloc/Reserved): 93.3/620.0 MiB | Time: 302.1s
[ByzFL-SNN]   [Step 350/500] (70.0%) | Val Acc: 0.9363 | Test Acc: 0.9428 | VRAM (Alloc/Reserved): 95.7/620.0 MiB | Time: 349.8s
[ByzFL-SNN]   [Step 400/500] (80.0%) | Val Acc: 0.9411 | Test Acc: 0.9477 | VRAM (Alloc/Reserved): 94.2/620.0 MiB | Time: 398.2s
[ByzFL-SNN]   [Step 450/500] (90.0%) | Val Acc: 0.9467 | Test Acc: 0.9525 | VRAM (Alloc/Reserved): 93.8/620.0 MiB | Time: 449.5s
[ByzFL-SNN] [Training Complete] Peak VRAM (Alloc/Reserved): 401.1/620.0 MiB | Total time: 497.0s

Training 13 done

[ByzFL-SNN] [Training Start] Model: cnn_mnist | Dataset: mnist
[ByzFL-SNN]   Aggregator: GeometricMedian | Attack: Optimal_InnerProductManipulation
[ByzFL-SNN]   Distribution: gamma_similarity_niid (gamma=1.0)
[ByzFL-SNN]   Clients: 10 honest, 4 byzantine | Algorithm: DSGD
[ByzFL-SNN]   Learning Rate: 0.15 | Steps: 500 | Device: cuda:0
[ByzFL-SNN]   Validation samples: 12000 | Test samples: 10000
[ByzFL-SNN] Initial VRAM (Alloc/Reserved): 36.1/42.0 MiB
[ByzFL-SNN]   [Step 0/500] (0.0%) | Val Acc: 0.1542 | Test Acc: 0.1595 | VRAM (Alloc/Reserved): 44.3/64.0 MiB | Time: 3.1s
[ByzFL-SNN]   [Step 50/500] (10.0%) | Val Acc: 0.8598 | Test Acc: 0.8691 | VRAM (Alloc/Reserved): 93.8/620.0 MiB | Time: 51.9s
[ByzFL-SNN]   [Step 100/500] (20.0%) | Val Acc: 0.8962 | Test Acc: 0.9019 | VRAM (Alloc/Reserved): 93.2/620.0 MiB | Time: 109.0s
[ByzFL-SNN]   [Step 150/500] (30.0%) | Val Acc: 0.9085 | Test Acc: 0.9174 | VRAM (Alloc/Reserved): 93.9/620.0 MiB | Time: 163.0s
[ByzFL-SNN]   [Step 200/500] (40.0%) | Val Acc: 0.9194 | Test Acc: 0.9257 | VRAM (Alloc/Reserved): 93.8/620.0 MiB | Time: 210.9s
[ByzFL-SNN]   [Step 250/500] (50.0%) | Val Acc: 0.9253 | Test Acc: 0.9314 | VRAM (Alloc/Reserved): 94.3/620.0 MiB | Time: 259.3s
[ByzFL-SNN]   [Step 300/500] (60.0%) | Val Acc: 0.9336 | Test Acc: 0.9393 | VRAM (Alloc/Reserved): 93.3/620.0 MiB | Time: 308.8s
[ByzFL-SNN]   [Step 350/500] (70.0%) | Val Acc: 0.9389 | Test Acc: 0.9446 | VRAM (Alloc/Reserved): 95.7/620.0 MiB | Time: 356.8s
[ByzFL-SNN]   [Step 400/500] (80.0%) | Val Acc: 0.9442 | Test Acc: 0.9491 | VRAM (Alloc/Reserved): 94.2/620.0 MiB | Time: 407.0s
[ByzFL-SNN]   [Step 450/500] (90.0%) | Val Acc: 0.9476 | Test Acc: 0.9525 | VRAM (Alloc/Reserved): 93.8/620.0 MiB | Time: 456.9s
[ByzFL-SNN] [Training Complete] Peak VRAM (Alloc/Reserved): 401.1/620.0 MiB | Total time: 504.1s

Training 14 done

[ByzFL-SNN] [Training Start] Model: cnn_mnist | Dataset: mnist
[ByzFL-SNN]   Aggregator: GeometricMedian | Attack: Optimal_InnerProductManipulation
[ByzFL-SNN]   Distribution: gamma_similarity_niid (gamma=0.66)
[ByzFL-SNN]   Clients: 10 honest, 4 byzantine | Algorithm: DSGD
[ByzFL-SNN]   Learning Rate: 0.15 | Steps: 500 | Device: cuda:1
[ByzFL-SNN]   Validation samples: 12000 | Test samples: 10000
[ByzFL-SNN] Initial VRAM (Alloc/Reserved): 36.1/42.0 MiB
[ByzFL-SNN]   [Step 0/500] (0.0%) | Val Acc: 0.1542 | Test Acc: 0.1595 | VRAM (Alloc/Reserved): 44.3/64.0 MiB | Time: 3.0s
[ByzFL-SNN]   [Step 50/500] (10.0%) | Val Acc: 0.4616 | Test Acc: 0.4589 | VRAM (Alloc/Reserved): 93.8/618.0 MiB | Time: 58.0s
[ByzFL-SNN]   [Step 100/500] (20.0%) | Val Acc: 0.7401 | Test Acc: 0.7523 | VRAM (Alloc/Reserved): 93.2/618.0 MiB | Time: 116.2s
[ByzFL-SNN]   [Step 150/500] (30.0%) | Val Acc: 0.7657 | Test Acc: 0.7648 | VRAM (Alloc/Reserved): 93.9/618.0 MiB | Time: 174.1s
[ByzFL-SNN]   [Step 200/500] (40.0%) | Val Acc: 0.7973 | Test Acc: 0.7985 | VRAM (Alloc/Reserved): 93.8/618.0 MiB | Time: 232.5s
[ByzFL-SNN]   [Step 250/500] (50.0%) | Val Acc: 0.7556 | Test Acc: 0.7584 | VRAM (Alloc/Reserved): 94.3/618.0 MiB | Time: 292.0s
[ByzFL-SNN]   [Step 300/500] (60.0%) | Val Acc: 0.8222 | Test Acc: 0.8254 | VRAM (Alloc/Reserved): 93.3/618.0 MiB | Time: 351.9s
[ByzFL-SNN]   [Step 350/500] (70.0%) | Val Acc: 0.9069 | Test Acc: 0.9181 | VRAM (Alloc/Reserved): 95.7/618.0 MiB | Time: 409.3s
[ByzFL-SNN]   [Step 400/500] (80.0%) | Val Acc: 0.9069 | Test Acc: 0.9132 | VRAM (Alloc/Reserved): 94.2/618.0 MiB | Time: 468.7s
[ByzFL-SNN]   [Step 450/500] (90.0%) | Val Acc: 0.9071 | Test Acc: 0.9142 | VRAM (Alloc/Reserved): 93.8/618.0 MiB | Time: 524.1s
[ByzFL-SNN] [Training Complete] Peak VRAM (Alloc/Reserved): 401.1/618.0 MiB | Total time: 578.0s

Training 15 done

[ByzFL-SNN] [Training Start] Model: cnn_mnist | Dataset: mnist
[ByzFL-SNN]   Aggregator: GeometricMedian | Attack: Optimal_InnerProductManipulation
[ByzFL-SNN]   Distribution: gamma_similarity_niid (gamma=0.66)
[ByzFL-SNN]   Clients: 10 honest, 4 byzantine | Algorithm: DSGD
[ByzFL-SNN]   Learning Rate: 0.15 | Steps: 500 | Device: cuda:0
[ByzFL-SNN]   Validation samples: 12000 | Test samples: 10000
[ByzFL-SNN] Initial VRAM (Alloc/Reserved): 36.1/42.0 MiB
[ByzFL-SNN]   [Step 0/500] (0.0%) | Val Acc: 0.1542 | Test Acc: 0.1595 | VRAM (Alloc/Reserved): 44.3/64.0 MiB | Time: 3.8s
[ByzFL-SNN]   [Step 50/500] (10.0%) | Val Acc: 0.5061 | Test Acc: 0.5002 | VRAM (Alloc/Reserved): 93.8/618.0 MiB | Time: 62.0s
[ByzFL-SNN]   [Step 100/500] (20.0%) | Val Acc: 0.7594 | Test Acc: 0.7593 | VRAM (Alloc/Reserved): 93.2/618.0 MiB | Time: 121.4s
[ByzFL-SNN]   [Step 150/500] (30.0%) | Val Acc: 0.8250 | Test Acc: 0.8317 | VRAM (Alloc/Reserved): 93.9/618.0 MiB | Time: 180.6s
[ByzFL-SNN]   [Step 200/500] (40.0%) | Val Acc: 0.9022 | Test Acc: 0.9082 | VRAM (Alloc/Reserved): 93.8/618.0 MiB | Time: 239.6s
[ByzFL-SNN]   [Step 250/500] (50.0%) | Val Acc: 0.9167 | Test Acc: 0.9256 | VRAM (Alloc/Reserved): 94.3/618.0 MiB | Time: 297.2s
[ByzFL-SNN]   [Step 300/500] (60.0%) | Val Acc: 0.9026 | Test Acc: 0.9112 | VRAM (Alloc/Reserved): 93.3/618.0 MiB | Time: 356.4s
[ByzFL-SNN]   [Step 350/500] (70.0%) | Val Acc: 0.9350 | Test Acc: 0.9407 | VRAM (Alloc/Reserved): 95.7/618.0 MiB | Time: 415.9s
[ByzFL-SNN]   [Step 400/500] (80.0%) | Val Acc: 0.9303 | Test Acc: 0.9369 | VRAM (Alloc/Reserved): 94.2/618.0 MiB | Time: 472.9s
[ByzFL-SNN]   [Step 450/500] (90.0%) | Val Acc: 0.9531 | Test Acc: 0.9568 | VRAM (Alloc/Reserved): 93.8/618.0 MiB | Time: 527.5s
[ByzFL-SNN] [Training Complete] Peak VRAM (Alloc/Reserved): 401.1/618.0 MiB | Total time: 577.8s

Training 16 done

[ByzFL-SNN] [Training Start] Model: cnn_mnist | Dataset: mnist
[ByzFL-SNN]   Aggregator: GeometricMedian | Attack: Optimal_InnerProductManipulation
[ByzFL-SNN]   Distribution: gamma_similarity_niid (gamma=0.66)
[ByzFL-SNN]   Clients: 10 honest, 4 byzantine | Algorithm: DSGD
[ByzFL-SNN]   Learning Rate: 0.15 | Steps: 500 | Device: cuda:0
[ByzFL-SNN]   Validation samples: 12000 | Test samples: 10000
[ByzFL-SNN] Initial VRAM (Alloc/Reserved): 36.1/42.0 MiB
[ByzFL-SNN]   [Step 0/500] (0.0%) | Val Acc: 0.1542 | Test Acc: 0.1595 | VRAM (Alloc/Reserved): 44.3/64.0 MiB | Time: 3.6s
[ByzFL-SNN]   [Step 50/500] (10.0%) | Val Acc: 0.4552 | Test Acc: 0.4649 | VRAM (Alloc/Reserved): 93.8/618.0 MiB | Time: 63.0s
[ByzFL-SNN]   [Step 100/500] (20.0%) | Val Acc: 0.5965 | Test Acc: 0.6076 | VRAM (Alloc/Reserved): 93.2/618.0 MiB | Time: 123.5s
[ByzFL-SNN]   [Step 150/500] (30.0%) | Val Acc: 0.6300 | Test Acc: 0.6421 | VRAM (Alloc/Reserved): 93.9/618.0 MiB | Time: 184.1s
[ByzFL-SNN]   [Step 200/500] (40.0%) | Val Acc: 0.7610 | Test Acc: 0.7762 | VRAM (Alloc/Reserved): 93.8/618.0 MiB | Time: 244.1s
[ByzFL-SNN]   [Step 250/500] (50.0%) | Val Acc: 0.8610 | Test Acc: 0.8703 | VRAM (Alloc/Reserved): 94.3/618.0 MiB | Time: 303.9s
[ByzFL-SNN]   [Step 300/500] (60.0%) | Val Acc: 0.8907 | Test Acc: 0.8967 | VRAM (Alloc/Reserved): 93.3/618.0 MiB | Time: 363.4s
[ByzFL-SNN]   [Step 350/500] (70.0%) | Val Acc: 0.8868 | Test Acc: 0.8966 | VRAM (Alloc/Reserved): 95.7/618.0 MiB | Time: 422.8s
[ByzFL-SNN]   [Step 400/500] (80.0%) | Val Acc: 0.9181 | Test Acc: 0.9258 | VRAM (Alloc/Reserved): 94.2/618.0 MiB | Time: 480.9s
[ByzFL-SNN]   [Step 450/500] (90.0%) | Val Acc: 0.9193 | Test Acc: 0.9252 | VRAM (Alloc/Reserved): 93.8/618.0 MiB | Time: 534.2s
[ByzFL-SNN] [Training Complete] Peak VRAM (Alloc/Reserved): 401.1/618.0 MiB | Total time: 585.0s

Training 17 done

[ByzFL-SNN] [Training Start] Model: cnn_mnist | Dataset: mnist
[ByzFL-SNN]   Aggregator: GeometricMedian | Attack: Optimal_ALittleIsEnough_neg1
[ByzFL-SNN]   Distribution: gamma_similarity_niid (gamma=1.0)
[ByzFL-SNN]   Clients: 10 honest, 4 byzantine | Algorithm: DSGD
[ByzFL-SNN]   Learning Rate: 0.15 | Steps: 500 | Device: cuda:0
[ByzFL-SNN]   Validation samples: 12000 | Test samples: 10000
[ByzFL-SNN] Initial VRAM (Alloc/Reserved): 36.1/42.0 MiB
[ByzFL-SNN]   [Step 0/500] (0.0%) | Val Acc: 0.1542 | Test Acc: 0.1595 | VRAM (Alloc/Reserved): 44.3/64.0 MiB | Time: 3.0s
[ByzFL-SNN]   [Step 50/500] (10.0%) | Val Acc: 0.8538 | Test Acc: 0.8647 | VRAM (Alloc/Reserved): 93.7/620.0 MiB | Time: 44.5s
[ByzFL-SNN]   [Step 100/500] (20.0%) | Val Acc: 0.9002 | Test Acc: 0.9080 | VRAM (Alloc/Reserved): 94.7/620.0 MiB | Time: 106.4s
[ByzFL-SNN]   [Step 150/500] (30.0%) | Val Acc: 0.9061 | Test Acc: 0.9148 | VRAM (Alloc/Reserved): 94.4/620.0 MiB | Time: 168.3s
[ByzFL-SNN]   [Step 200/500] (40.0%) | Val Acc: 0.9187 | Test Acc: 0.9258 | VRAM (Alloc/Reserved): 93.9/620.0 MiB | Time: 232.7s
[ByzFL-SNN]   [Step 250/500] (50.0%) | Val Acc: 0.9227 | Test Acc: 0.9319 | VRAM (Alloc/Reserved): 93.5/620.0 MiB | Time: 297.0s
[ByzFL-SNN]   [Step 300/500] (60.0%) | Val Acc: 0.9313 | Test Acc: 0.9355 | VRAM (Alloc/Reserved): 93.0/620.0 MiB | Time: 361.5s
[ByzFL-SNN]   [Step 350/500] (70.0%) | Val Acc: 0.9379 | Test Acc: 0.9442 | VRAM (Alloc/Reserved): 94.2/620.0 MiB | Time: 425.4s
[ByzFL-SNN]   [Step 400/500] (80.0%) | Val Acc: 0.9344 | Test Acc: 0.9430 | VRAM (Alloc/Reserved): 93.8/620.0 MiB | Time: 489.5s
[ByzFL-SNN]   [Step 450/500] (90.0%) | Val Acc: 0.9393 | Test Acc: 0.9473 | VRAM (Alloc/Reserved): 94.9/620.0 MiB | Time: 548.2s
[ByzFL-SNN] [Training Complete] Peak VRAM (Alloc/Reserved): 398.9/620.0 MiB | Total time: 600.3s

Training 18 done

[ByzFL-SNN] [Training Start] Model: cnn_mnist | Dataset: mnist
[ByzFL-SNN]   Aggregator: GeometricMedian | Attack: Optimal_ALittleIsEnough_neg1
[ByzFL-SNN]   Distribution: gamma_similarity_niid (gamma=0.66)
[ByzFL-SNN]   Clients: 10 honest, 4 byzantine | Algorithm: DSGD
[ByzFL-SNN]   Learning Rate: 0.15 | Steps: 500 | Device: cuda:1
[ByzFL-SNN]   Validation samples: 12000 | Test samples: 10000
[ByzFL-SNN] Initial VRAM (Alloc/Reserved): 36.1/42.0 MiB
[ByzFL-SNN]   [Step 0/500] (0.0%) | Val Acc: 0.1542 | Test Acc: 0.1595 | VRAM (Alloc/Reserved): 44.3/64.0 MiB | Time: 3.4s
[ByzFL-SNN]   [Step 50/500] (10.0%) | Val Acc: 0.6408 | Test Acc: 0.6516 | VRAM (Alloc/Reserved): 93.7/618.0 MiB | Time: 61.0s
[ByzFL-SNN]   [Step 100/500] (20.0%) | Val Acc: 0.7215 | Test Acc: 0.7290 | VRAM (Alloc/Reserved): 94.7/618.0 MiB | Time: 121.7s
[ByzFL-SNN]   [Step 150/500] (30.0%) | Val Acc: 0.7542 | Test Acc: 0.7673 | VRAM (Alloc/Reserved): 94.4/618.0 MiB | Time: 182.7s
[ByzFL-SNN]   [Step 200/500] (40.0%) | Val Acc: 0.7197 | Test Acc: 0.7265 | VRAM (Alloc/Reserved): 93.9/618.0 MiB | Time: 245.3s
[ByzFL-SNN]   [Step 250/500] (50.0%) | Val Acc: 0.7914 | Test Acc: 0.7890 | VRAM (Alloc/Reserved): 93.5/618.0 MiB | Time: 307.9s
[ByzFL-SNN]   [Step 300/500] (60.0%) | Val Acc: 0.8034 | Test Acc: 0.8072 | VRAM (Alloc/Reserved): 93.0/618.0 MiB | Time: 370.9s
[ByzFL-SNN]   [Step 350/500] (70.0%) | Val Acc: 0.8399 | Test Acc: 0.8437 | VRAM (Alloc/Reserved): 94.2/618.0 MiB | Time: 433.4s
[ByzFL-SNN]   [Step 400/500] (80.0%) | Val Acc: 0.8380 | Test Acc: 0.8486 | VRAM (Alloc/Reserved): 93.8/618.0 MiB | Time: 493.6s
[ByzFL-SNN]   [Step 450/500] (90.0%) | Val Acc: 0.8585 | Test Acc: 0.8721 | VRAM (Alloc/Reserved): 94.9/618.0 MiB | Time: 551.3s
[ByzFL-SNN] [Training Complete] Peak VRAM (Alloc/Reserved): 398.9/618.0 MiB | Total time: 605.4s

Training 19 done

[ByzFL-SNN] [Training Start] Model: cnn_mnist | Dataset: mnist
[ByzFL-SNN]   Aggregator: GeometricMedian | Attack: Optimal_ALittleIsEnough_neg1
[ByzFL-SNN]   Distribution: gamma_similarity_niid (gamma=0.66)
[ByzFL-SNN]   Clients: 10 honest, 4 byzantine | Algorithm: DSGD
[ByzFL-SNN]   Learning Rate: 0.15 | Steps: 500 | Device: cuda:0
[ByzFL-SNN]   Validation samples: 12000 | Test samples: 10000
[ByzFL-SNN] Initial VRAM (Alloc/Reserved): 36.1/42.0 MiB
[ByzFL-SNN]   [Step 0/500] (0.0%) | Val Acc: 0.1542 | Test Acc: 0.1595 | VRAM (Alloc/Reserved): 44.3/64.0 MiB | Time: 3.7s
[ByzFL-SNN]   [Step 50/500] (10.0%) | Val Acc: 0.7659 | Test Acc: 0.7693 | VRAM (Alloc/Reserved): 93.7/618.0 MiB | Time: 64.4s
[ByzFL-SNN]   [Step 100/500] (20.0%) | Val Acc: 0.7143 | Test Acc: 0.7215 | VRAM (Alloc/Reserved): 94.7/618.0 MiB | Time: 126.8s
[ByzFL-SNN]   [Step 150/500] (30.0%) | Val Acc: 0.7779 | Test Acc: 0.7820 | VRAM (Alloc/Reserved): 94.4/618.0 MiB | Time: 190.6s
[ByzFL-SNN]   [Step 200/500] (40.0%) | Val Acc: 0.7992 | Test Acc: 0.8006 | VRAM (Alloc/Reserved): 93.9/618.0 MiB | Time: 255.3s
[ByzFL-SNN]   [Step 250/500] (50.0%) | Val Acc: 0.7363 | Test Acc: 0.7458 | VRAM (Alloc/Reserved): 93.5/618.0 MiB | Time: 320.1s
[ByzFL-SNN]   [Step 300/500] (60.0%) | Val Acc: 0.7311 | Test Acc: 0.7386 | VRAM (Alloc/Reserved): 93.0/618.0 MiB | Time: 384.1s
[ByzFL-SNN]   [Step 350/500] (70.0%) | Val Acc: 0.8416 | Test Acc: 0.8448 | VRAM (Alloc/Reserved): 94.2/618.0 MiB | Time: 447.5s
[ByzFL-SNN]   [Step 400/500] (80.0%) | Val Acc: 0.8173 | Test Acc: 0.8339 | VRAM (Alloc/Reserved): 93.8/618.0 MiB | Time: 510.0s
[ByzFL-SNN]   [Step 450/500] (90.0%) | Val Acc: 0.8489 | Test Acc: 0.8574 | VRAM (Alloc/Reserved): 94.9/618.0 MiB | Time: 566.9s
[ByzFL-SNN] [Training Complete] Peak VRAM (Alloc/Reserved): 398.9/618.0 MiB | Total time: 605.1s

Training 20 done

[ByzFL-SNN] [Training Start] Model: cnn_mnist | Dataset: mnist
[ByzFL-SNN]   Aggregator: GeometricMedian | Attack: Optimal_ALittleIsEnough_neg1
[ByzFL-SNN]   Distribution: gamma_similarity_niid (gamma=1.0)
[ByzFL-SNN]   Clients: 10 honest, 4 byzantine | Algorithm: DSGD
[ByzFL-SNN]   Learning Rate: 0.15 | Steps: 500 | Device: cuda:1
[ByzFL-SNN]   Validation samples: 12000 | Test samples: 10000
[ByzFL-SNN] Initial VRAM (Alloc/Reserved): 36.1/42.0 MiB
[ByzFL-SNN]   [Step 0/500] (0.0%) | Val Acc: 0.1542 | Test Acc: 0.1595 | VRAM (Alloc/Reserved): 44.3/64.0 MiB | Time: 3.1s
[ByzFL-SNN]   [Step 50/500] (10.0%) | Val Acc: 0.8691 | Test Acc: 0.8784 | VRAM (Alloc/Reserved): 93.7/620.0 MiB | Time: 61.0s
[ByzFL-SNN]   [Step 100/500] (20.0%) | Val Acc: 0.8980 | Test Acc: 0.9054 | VRAM (Alloc/Reserved): 94.7/620.0 MiB | Time: 122.8s
[ByzFL-SNN]   [Step 150/500] (30.0%) | Val Acc: 0.9139 | Test Acc: 0.9187 | VRAM (Alloc/Reserved): 94.4/620.0 MiB | Time: 184.6s
[ByzFL-SNN]   [Step 200/500] (40.0%) | Val Acc: 0.9100 | Test Acc: 0.9172 | VRAM (Alloc/Reserved): 93.9/620.0 MiB | Time: 248.1s
[ByzFL-SNN]   [Step 250/500] (50.0%) | Val Acc: 0.9227 | Test Acc: 0.9321 | VRAM (Alloc/Reserved): 93.5/620.0 MiB | Time: 310.7s
[ByzFL-SNN]   [Step 300/500] (60.0%) | Val Acc: 0.9331 | Test Acc: 0.9381 | VRAM (Alloc/Reserved): 93.0/620.0 MiB | Time: 372.9s
[ByzFL-SNN]   [Step 350/500] (70.0%) | Val Acc: 0.9348 | Test Acc: 0.9421 | VRAM (Alloc/Reserved): 94.2/620.0 MiB | Time: 436.5s
[ByzFL-SNN]   [Step 400/500] (80.0%) | Val Acc: 0.9385 | Test Acc: 0.9456 | VRAM (Alloc/Reserved): 93.8/620.0 MiB | Time: 498.4s
[ByzFL-SNN]   [Step 450/500] (90.0%) | Val Acc: 0.9417 | Test Acc: 0.9499 | VRAM (Alloc/Reserved): 94.9/620.0 MiB | Time: 559.0s
[ByzFL-SNN] [Training Complete] Peak VRAM (Alloc/Reserved): 398.9/620.0 MiB | Total time: 615.6s

Training 21 done

[ByzFL-SNN] [Training Start] Model: cnn_mnist | Dataset: mnist
[ByzFL-SNN]   Aggregator: GeometricMedian | Attack: Optimal_ALittleIsEnough_neg1
[ByzFL-SNN]   Distribution: gamma_similarity_niid (gamma=0.66)
[ByzFL-SNN]   Clients: 10 honest, 4 byzantine | Algorithm: DSGD
[ByzFL-SNN]   Learning Rate: 0.15 | Steps: 500 | Device: cuda:1
[ByzFL-SNN]   Validation samples: 12000 | Test samples: 10000
[ByzFL-SNN] Initial VRAM (Alloc/Reserved): 36.1/42.0 MiB
[ByzFL-SNN]   [Step 0/500] (0.0%) | Val Acc: 0.1542 | Test Acc: 0.1595 | VRAM (Alloc/Reserved): 44.3/64.0 MiB | Time: 3.1s
[ByzFL-SNN]   [Step 50/500] (10.0%) | Val Acc: 0.7712 | Test Acc: 0.7771 | VRAM (Alloc/Reserved): 93.7/618.0 MiB | Time: 61.5s
[ByzFL-SNN]   [Step 100/500] (20.0%) | Val Acc: 0.7724 | Test Acc: 0.7745 | VRAM (Alloc/Reserved): 94.7/618.0 MiB | Time: 123.1s
[ByzFL-SNN]   [Step 150/500] (30.0%) | Val Acc: 0.7557 | Test Acc: 0.7633 | VRAM (Alloc/Reserved): 94.4/618.0 MiB | Time: 185.2s
[ByzFL-SNN]   [Step 200/500] (40.0%) | Val Acc: 0.8257 | Test Acc: 0.8282 | VRAM (Alloc/Reserved): 93.9/618.0 MiB | Time: 248.4s
[ByzFL-SNN]   [Step 250/500] (50.0%) | Val Acc: 0.8364 | Test Acc: 0.8474 | VRAM (Alloc/Reserved): 93.5/618.0 MiB | Time: 310.5s
[ByzFL-SNN]   [Step 300/500] (60.0%) | Val Acc: 0.8094 | Test Acc: 0.8119 | VRAM (Alloc/Reserved): 93.0/618.0 MiB | Time: 373.1s
[ByzFL-SNN]   [Step 350/500] (70.0%) | Val Acc: 0.8755 | Test Acc: 0.8839 | VRAM (Alloc/Reserved): 94.2/618.0 MiB | Time: 436.0s
[ByzFL-SNN]   [Step 400/500] (80.0%) | Val Acc: 0.8790 | Test Acc: 0.8918 | VRAM (Alloc/Reserved): 93.8/618.0 MiB | Time: 496.7s
[ByzFL-SNN]   [Step 450/500] (90.0%) | Val Acc: 0.8624 | Test Acc: 0.8741 | VRAM (Alloc/Reserved): 94.9/618.0 MiB | Time: 557.2s
[ByzFL-SNN] [Training Complete] Peak VRAM (Alloc/Reserved): 398.9/618.0 MiB | Total time: 614.5s

Training 22 done

[ByzFL-SNN] [Training Start] Model: cnn_mnist | Dataset: mnist
[ByzFL-SNN]   Aggregator: GeometricMedian | Attack: Optimal_ALittleIsEnough_neg1
[ByzFL-SNN]   Distribution: gamma_similarity_niid (gamma=0.33)
[ByzFL-SNN]   Clients: 10 honest, 4 byzantine | Algorithm: DSGD
[ByzFL-SNN]   Learning Rate: 0.15 | Steps: 500 | Device: cuda:1
[ByzFL-SNN]   Validation samples: 12000 | Test samples: 10000
[ByzFL-SNN] Initial VRAM (Alloc/Reserved): 36.1/42.0 MiB
[ByzFL-SNN]   [Step 0/500] (0.0%) | Val Acc: 0.1542 | Test Acc: 0.1595 | VRAM (Alloc/Reserved): 44.3/64.0 MiB | Time: 3.6s
[ByzFL-SNN]   [Step 50/500] (10.0%) | Val Acc: 0.2910 | Test Acc: 0.2982 | VRAM (Alloc/Reserved): 93.7/616.0 MiB | Time: 61.8s
[ByzFL-SNN]   [Step 100/500] (20.0%) | Val Acc: 0.5998 | Test Acc: 0.6155 | VRAM (Alloc/Reserved): 94.7/616.0 MiB | Time: 120.7s
[ByzFL-SNN]   [Step 150/500] (30.0%) | Val Acc: 0.6828 | Test Acc: 0.6839 | VRAM (Alloc/Reserved): 94.4/616.0 MiB | Time: 181.3s
[ByzFL-SNN]   [Step 200/500] (40.0%) | Val Acc: 0.7922 | Test Acc: 0.7842 | VRAM (Alloc/Reserved): 93.9/616.0 MiB | Time: 242.5s
[ByzFL-SNN]   [Step 250/500] (50.0%) | Val Acc: 0.8128 | Test Acc: 0.8222 | VRAM (Alloc/Reserved): 93.5/616.0 MiB | Time: 303.0s
[ByzFL-SNN]   [Step 300/500] (60.0%) | Val Acc: 0.8851 | Test Acc: 0.8936 | VRAM (Alloc/Reserved): 93.0/616.0 MiB | Time: 363.5s
[ByzFL-SNN]   [Step 350/500] (70.0%) | Val Acc: 0.9209 | Test Acc: 0.9288 | VRAM (Alloc/Reserved): 94.2/616.0 MiB | Time: 424.9s
[ByzFL-SNN]   [Step 400/500] (80.0%) | Val Acc: 0.8858 | Test Acc: 0.8948 | VRAM (Alloc/Reserved): 93.8/616.0 MiB | Time: 481.3s
[ByzFL-SNN]   [Step 450/500] (90.0%) | Val Acc: 0.8942 | Test Acc: 0.8960 | VRAM (Alloc/Reserved): 94.9/616.0 MiB | Time: 543.0s
[ByzFL-SNN] [Training Complete] Peak VRAM (Alloc/Reserved): 398.9/616.0 MiB | Total time: 595.1s

Training 23 done

[ByzFL-SNN] [Training Start] Model: cnn_mnist | Dataset: mnist
[ByzFL-SNN]   Aggregator: GeometricMedian | Attack: SignFlipping
[ByzFL-SNN]   Distribution: gamma_similarity_niid (gamma=0.33)
[ByzFL-SNN]   Clients: 10 honest, 4 byzantine | Algorithm: DSGD
[ByzFL-SNN]   Learning Rate: 0.15 | Steps: 500 | Device: cuda:0
[ByzFL-SNN]   Validation samples: 12000 | Test samples: 10000
[ByzFL-SNN] Initial VRAM (Alloc/Reserved): 36.1/42.0 MiB
[ByzFL-SNN]   [Step 0/500] (0.0%) | Val Acc: 0.1542 | Test Acc: 0.1595 | VRAM (Alloc/Reserved): 44.3/64.0 MiB | Time: 3.2s
[ByzFL-SNN]   [Step 50/500] (10.0%) | Val Acc: 0.4422 | Test Acc: 0.4437 | VRAM (Alloc/Reserved): 93.7/616.0 MiB | Time: 23.8s
[ByzFL-SNN]   [Step 100/500] (20.0%) | Val Acc: 0.6012 | Test Acc: 0.6027 | VRAM (Alloc/Reserved): 94.4/616.0 MiB | Time: 43.9s
[ByzFL-SNN]   [Step 150/500] (30.0%) | Val Acc: 0.6168 | Test Acc: 0.6214 | VRAM (Alloc/Reserved): 95.0/616.0 MiB | Time: 64.2s
[ByzFL-SNN]   [Step 200/500] (40.0%) | Val Acc: 0.7817 | Test Acc: 0.7841 | VRAM (Alloc/Reserved): 94.7/616.0 MiB | Time: 82.8s
[ByzFL-SNN]   [Step 250/500] (50.0%) | Val Acc: 0.8406 | Test Acc: 0.8471 | VRAM (Alloc/Reserved): 94.0/616.0 MiB | Time: 99.1s
[ByzFL-SNN]   [Step 300/500] (60.0%) | Val Acc: 0.8411 | Test Acc: 0.8401 | VRAM (Alloc/Reserved): 94.8/616.0 MiB | Time: 116.4s
[ByzFL-SNN]   [Step 350/500] (70.0%) | Val Acc: 0.8715 | Test Acc: 0.8804 | VRAM (Alloc/Reserved): 94.1/616.0 MiB | Time: 135.8s
[ByzFL-SNN]   [Step 400/500] (80.0%) | Val Acc: 0.8852 | Test Acc: 0.8936 | VRAM (Alloc/Reserved): 94.7/616.0 MiB | Time: 155.6s
[ByzFL-SNN]   [Step 450/500] (90.0%) | Val Acc: 0.8910 | Test Acc: 0.8985 | VRAM (Alloc/Reserved): 94.4/616.0 MiB | Time: 175.2s
[ByzFL-SNN] [Training Complete] Peak VRAM (Alloc/Reserved): 372.1/616.0 MiB | Total time: 192.3s

Training 24 done

[ByzFL-SNN] [Training Start] Model: cnn_mnist | Dataset: mnist
[ByzFL-SNN]   Aggregator: GeometricMedian | Attack: SignFlipping
[ByzFL-SNN]   Distribution: gamma_similarity_niid (gamma=0.33)
[ByzFL-SNN]   Clients: 10 honest, 4 byzantine | Algorithm: DSGD
[ByzFL-SNN]   Learning Rate: 0.15 | Steps: 500 | Device: cuda:0
[ByzFL-SNN]   Validation samples: 12000 | Test samples: 10000
[ByzFL-SNN] Initial VRAM (Alloc/Reserved): 36.1/42.0 MiB
[ByzFL-SNN]   [Step 0/500] (0.0%) | Val Acc: 0.1542 | Test Acc: 0.1595 | VRAM (Alloc/Reserved): 44.3/64.0 MiB | Time: 3.1s
[ByzFL-SNN]   [Step 50/500] (10.0%) | Val Acc: 0.3422 | Test Acc: 0.3433 | VRAM (Alloc/Reserved): 93.7/616.0 MiB | Time: 19.5s
[ByzFL-SNN]   [Step 100/500] (20.0%) | Val Acc: 0.6969 | Test Acc: 0.7099 | VRAM (Alloc/Reserved): 94.4/616.0 MiB | Time: 37.0s
[ByzFL-SNN]   [Step 150/500] (30.0%) | Val Acc: 0.7705 | Test Acc: 0.7796 | VRAM (Alloc/Reserved): 95.0/616.0 MiB | Time: 56.6s
[ByzFL-SNN]   [Step 200/500] (40.0%) | Val Acc: 0.7943 | Test Acc: 0.8042 | VRAM (Alloc/Reserved): 94.7/616.0 MiB | Time: 76.8s
[ByzFL-SNN]   [Step 250/500] (50.0%) | Val Acc: 0.7971 | Test Acc: 0.8084 | VRAM (Alloc/Reserved): 94.0/616.0 MiB | Time: 96.0s
[ByzFL-SNN]   [Step 300/500] (60.0%) | Val Acc: 0.8716 | Test Acc: 0.8819 | VRAM (Alloc/Reserved): 94.8/616.0 MiB | Time: 116.1s
[ByzFL-SNN]   [Step 350/500] (70.0%) | Val Acc: 0.8730 | Test Acc: 0.8867 | VRAM (Alloc/Reserved): 94.1/616.0 MiB | Time: 134.8s
[ByzFL-SNN]   [Step 400/500] (80.0%) | Val Acc: 0.8880 | Test Acc: 0.9033 | VRAM (Alloc/Reserved): 94.7/616.0 MiB | Time: 154.1s
[ByzFL-SNN]   [Step 450/500] (90.0%) | Val Acc: 0.9022 | Test Acc: 0.9134 | VRAM (Alloc/Reserved): 94.4/616.0 MiB | Time: 173.4s
[ByzFL-SNN] [Training Complete] Peak VRAM (Alloc/Reserved): 372.1/616.0 MiB | Total time: 189.4s

Training 25 done

[ByzFL-SNN] [Training Start] Model: cnn_mnist | Dataset: mnist
[ByzFL-SNN]   Aggregator: GeometricMedian | Attack: SignFlipping
[ByzFL-SNN]   Distribution: gamma_similarity_niid (gamma=0.33)
[ByzFL-SNN]   Clients: 10 honest, 4 byzantine | Algorithm: DSGD
[ByzFL-SNN]   Learning Rate: 0.15 | Steps: 500 | Device: cuda:1
[ByzFL-SNN]   Validation samples: 12000 | Test samples: 10000
[ByzFL-SNN] Initial VRAM (Alloc/Reserved): 36.1/42.0 MiB
[ByzFL-SNN]   [Step 0/500] (0.0%) | Val Acc: 0.1542 | Test Acc: 0.1595 | VRAM (Alloc/Reserved): 44.3/64.0 MiB | Time: 3.5s
[ByzFL-SNN]   [Step 50/500] (10.0%) | Val Acc: 0.4404 | Test Acc: 0.4422 | VRAM (Alloc/Reserved): 93.7/616.0 MiB | Time: 24.5s
[ByzFL-SNN]   [Step 100/500] (20.0%) | Val Acc: 0.6700 | Test Acc: 0.6754 | VRAM (Alloc/Reserved): 94.4/616.0 MiB | Time: 43.3s
[ByzFL-SNN]   [Step 150/500] (30.0%) | Val Acc: 0.7408 | Test Acc: 0.7402 | VRAM (Alloc/Reserved): 95.0/616.0 MiB | Time: 61.8s
[ByzFL-SNN]   [Step 200/500] (40.0%) | Val Acc: 0.8029 | Test Acc: 0.8176 | VRAM (Alloc/Reserved): 94.7/616.0 MiB | Time: 81.3s
[ByzFL-SNN]   [Step 250/500] (50.0%) | Val Acc: 0.7880 | Test Acc: 0.7878 | VRAM (Alloc/Reserved): 94.0/616.0 MiB | Time: 100.8s
[ByzFL-SNN]   [Step 300/500] (60.0%) | Val Acc: 0.8679 | Test Acc: 0.8742 | VRAM (Alloc/Reserved): 94.8/616.0 MiB | Time: 120.2s
[ByzFL-SNN]   [Step 350/500] (70.0%) | Val Acc: 0.8760 | Test Acc: 0.8859 | VRAM (Alloc/Reserved): 94.1/616.0 MiB | Time: 138.7s
[ByzFL-SNN]   [Step 400/500] (80.0%) | Val Acc: 0.8974 | Test Acc: 0.8995 | VRAM (Alloc/Reserved): 94.7/616.0 MiB | Time: 157.5s
[ByzFL-SNN]   [Step 450/500] (90.0%) | Val Acc: 0.9048 | Test Acc: 0.9080 | VRAM (Alloc/Reserved): 94.4/616.0 MiB | Time: 176.7s
[ByzFL-SNN] [Training Complete] Peak VRAM (Alloc/Reserved): 372.1/616.0 MiB | Total time: 192.4s

Training 26 done

[ByzFL-SNN] [Training Start] Model: cnn_mnist | Dataset: mnist
[ByzFL-SNN]   Aggregator: GeometricMedian | Attack: SignFlipping
[ByzFL-SNN]   Distribution: gamma_similarity_niid (gamma=0.0)
[ByzFL-SNN]   Clients: 10 honest, 4 byzantine | Algorithm: DSGD
[ByzFL-SNN]   Learning Rate: 0.15 | Steps: 500 | Device: cuda:1
[ByzFL-SNN]   Validation samples: 12000 | Test samples: 10000
[ByzFL-SNN] Initial VRAM (Alloc/Reserved): 36.1/42.0 MiB
[ByzFL-SNN]   [Step 0/500] (0.0%) | Val Acc: 0.1542 | Test Acc: 0.1595 | VRAM (Alloc/Reserved): 44.3/64.0 MiB | Time: 3.1s
[ByzFL-SNN]   [Step 50/500] (10.0%) | Val Acc: 0.3323 | Test Acc: 0.3375 | VRAM (Alloc/Reserved): 93.7/614.0 MiB | Time: 22.7s
[ByzFL-SNN]   [Step 100/500] (20.0%) | Val Acc: 0.4374 | Test Acc: 0.4429 | VRAM (Alloc/Reserved): 94.4/614.0 MiB | Time: 42.1s
[ByzFL-SNN]   [Step 150/500] (30.0%) | Val Acc: 0.2962 | Test Acc: 0.2959 | VRAM (Alloc/Reserved): 95.0/614.0 MiB | Time: 61.3s
[ByzFL-SNN]   [Step 200/500] (40.0%) | Val Acc: 0.1223 | Test Acc: 0.1239 | VRAM (Alloc/Reserved): 94.7/614.0 MiB | Time: 79.6s
[ByzFL-SNN]   [Step 250/500] (50.0%) | Val Acc: 0.2133 | Test Acc: 0.2111 | VRAM (Alloc/Reserved): 94.0/614.0 MiB | Time: 98.2s
[ByzFL-SNN]   [Step 300/500] (60.0%) | Val Acc: 0.1680 | Test Acc: 0.1626 | VRAM (Alloc/Reserved): 94.8/614.0 MiB | Time: 117.2s
[ByzFL-SNN]   [Step 350/500] (70.0%) | Val Acc: 0.2869 | Test Acc: 0.2951 | VRAM (Alloc/Reserved): 94.1/614.0 MiB | Time: 135.6s
[ByzFL-SNN]   [Step 400/500] (80.0%) | Val Acc: 0.0988 | Test Acc: 0.1002 | VRAM (Alloc/Reserved): 94.7/614.0 MiB | Time: 153.5s
[ByzFL-SNN]   [Step 450/500] (90.0%) | Val Acc: 0.1988 | Test Acc: 0.1959 | VRAM (Alloc/Reserved): 94.4/614.0 MiB | Time: 179.0s
[ByzFL-SNN] [Training Complete] Peak VRAM (Alloc/Reserved): 372.1/614.0 MiB | Total time: 195.2s

Training 27 done

[ByzFL-SNN] [Training Start] Model: cnn_mnist | Dataset: mnist
[ByzFL-SNN]   Aggregator: GeometricMedian | Attack: SignFlipping
[ByzFL-SNN]   Distribution: gamma_similarity_niid (gamma=0.0)
[ByzFL-SNN]   Clients: 10 honest, 4 byzantine | Algorithm: DSGD
[ByzFL-SNN]   Learning Rate: 0.15 | Steps: 500 | Device: cuda:0
[ByzFL-SNN]   Validation samples: 12000 | Test samples: 10000
[ByzFL-SNN] Initial VRAM (Alloc/Reserved): 36.1/42.0 MiB
[ByzFL-SNN]   [Step 0/500] (0.0%) | Val Acc: 0.1542 | Test Acc: 0.1595 | VRAM (Alloc/Reserved): 44.3/64.0 MiB | Time: 3.0s
[ByzFL-SNN]   [Step 50/500] (10.0%) | Val Acc: 0.3793 | Test Acc: 0.3839 | VRAM (Alloc/Reserved): 93.7/614.0 MiB | Time: 21.7s
[ByzFL-SNN]   [Step 100/500] (20.0%) | Val Acc: 0.5019 | Test Acc: 0.5073 | VRAM (Alloc/Reserved): 94.4/614.0 MiB | Time: 40.8s
[ByzFL-SNN]   [Step 150/500] (30.0%) | Val Acc: 0.5241 | Test Acc: 0.5305 | VRAM (Alloc/Reserved): 95.0/614.0 MiB | Time: 59.4s
[ByzFL-SNN]   [Step 200/500] (40.0%) | Val Acc: 0.3128 | Test Acc: 0.3205 | VRAM (Alloc/Reserved): 94.7/614.0 MiB | Time: 77.6s
[ByzFL-SNN]   [Step 250/500] (50.0%) | Val Acc: 0.3083 | Test Acc: 0.3197 | VRAM (Alloc/Reserved): 94.0/614.0 MiB | Time: 100.8s
[ByzFL-SNN]   [Step 300/500] (60.0%) | Val Acc: 0.3584 | Test Acc: 0.3604 | VRAM (Alloc/Reserved): 94.8/614.0 MiB | Time: 124.1s
[ByzFL-SNN]   [Step 350/500] (70.0%) | Val Acc: 0.1654 | Test Acc: 0.1690 | VRAM (Alloc/Reserved): 94.1/614.0 MiB | Time: 143.7s
[ByzFL-SNN]   [Step 400/500] (80.0%) | Val Acc: 0.1709 | Test Acc: 0.1659 | VRAM (Alloc/Reserved): 94.7/614.0 MiB | Time: 163.7s
[ByzFL-SNN]   [Step 450/500] (90.0%) | Val Acc: 0.2220 | Test Acc: 0.2203 | VRAM (Alloc/Reserved): 94.4/614.0 MiB | Time: 182.7s
[ByzFL-SNN] [Training Complete] Peak VRAM (Alloc/Reserved): 372.1/614.0 MiB | Total time: 200.2s

Training 28 done

[ByzFL-SNN] [Training Start] Model: cnn_mnist | Dataset: mnist
[ByzFL-SNN]   Aggregator: GeometricMedian | Attack: SignFlipping
[ByzFL-SNN]   Distribution: gamma_similarity_niid (gamma=0.0)
[ByzFL-SNN]   Clients: 10 honest, 4 byzantine | Algorithm: DSGD
[ByzFL-SNN]   Learning Rate: 0.15 | Steps: 500 | Device: cuda:1
[ByzFL-SNN]   Validation samples: 12000 | Test samples: 10000
[ByzFL-SNN] Initial VRAM (Alloc/Reserved): 36.1/42.0 MiB
[ByzFL-SNN]   [Step 0/500] (0.0%) | Val Acc: 0.1542 | Test Acc: 0.1595 | VRAM (Alloc/Reserved): 44.3/64.0 MiB | Time: 3.2s
[ByzFL-SNN]   [Step 50/500] (10.0%) | Val Acc: 0.2776 | Test Acc: 0.2795 | VRAM (Alloc/Reserved): 93.7/614.0 MiB | Time: 27.9s
[ByzFL-SNN]   [Step 100/500] (20.0%) | Val Acc: 0.3734 | Test Acc: 0.3801 | VRAM (Alloc/Reserved): 94.4/614.0 MiB | Time: 48.7s
[ByzFL-SNN]   [Step 150/500] (30.0%) | Val Acc: 0.1304 | Test Acc: 0.1387 | VRAM (Alloc/Reserved): 95.0/614.0 MiB | Time: 67.5s
[ByzFL-SNN]   [Step 200/500] (40.0%) | Val Acc: 0.2796 | Test Acc: 0.2822 | VRAM (Alloc/Reserved): 94.7/614.0 MiB | Time: 87.3s
[ByzFL-SNN]   [Step 250/500] (50.0%) | Val Acc: 0.1473 | Test Acc: 0.1436 | VRAM (Alloc/Reserved): 94.0/614.0 MiB | Time: 106.8s
[ByzFL-SNN]   [Step 300/500] (60.0%) | Val Acc: 0.3244 | Test Acc: 0.3200 | VRAM (Alloc/Reserved): 94.8/614.0 MiB | Time: 127.3s
[ByzFL-SNN]   [Step 350/500] (70.0%) | Val Acc: 0.1068 | Test Acc: 0.1028 | VRAM (Alloc/Reserved): 94.1/614.0 MiB | Time: 147.0s
[ByzFL-SNN]   [Step 400/500] (80.0%) | Val Acc: 0.1178 | Test Acc: 0.1191 | VRAM (Alloc/Reserved): 94.7/614.0 MiB | Time: 166.8s
[ByzFL-SNN]   [Step 450/500] (90.0%) | Val Acc: 0.1932 | Test Acc: 0.1958 | VRAM (Alloc/Reserved): 94.4/614.0 MiB | Time: 186.0s
[ByzFL-SNN] [Training Complete] Peak VRAM (Alloc/Reserved): 372.1/614.0 MiB | Total time: 202.1s

Training 29 done

[ByzFL-SNN] [Training Start] Model: cnn_mnist | Dataset: mnist
[ByzFL-SNN]   Aggregator: GeometricMedian | Attack: Optimal_ALittleIsEnough_neg1
[ByzFL-SNN]   Distribution: gamma_similarity_niid (gamma=0.33)
[ByzFL-SNN]   Clients: 10 honest, 4 byzantine | Algorithm: DSGD
[ByzFL-SNN]   Learning Rate: 0.15 | Steps: 500 | Device: cuda:0
[ByzFL-SNN]   Validation samples: 12000 | Test samples: 10000
[ByzFL-SNN] Initial VRAM (Alloc/Reserved): 36.1/42.0 MiB
[ByzFL-SNN]   [Step 0/500] (0.0%) | Val Acc: 0.1542 | Test Acc: 0.1595 | VRAM (Alloc/Reserved): 44.3/64.0 MiB | Time: 3.2s
[ByzFL-SNN]   [Step 50/500] (10.0%) | Val Acc: 0.5354 | Test Acc: 0.5527 | VRAM (Alloc/Reserved): 93.7/616.0 MiB | Time: 55.1s
[ByzFL-SNN]   [Step 100/500] (20.0%) | Val Acc: 0.6238 | Test Acc: 0.6288 | VRAM (Alloc/Reserved): 94.7/616.0 MiB | Time: 101.8s
[ByzFL-SNN]   [Step 150/500] (30.0%) | Val Acc: 0.6028 | Test Acc: 0.6162 | VRAM (Alloc/Reserved): 94.4/616.0 MiB | Time: 137.9s
[ByzFL-SNN]   [Step 200/500] (40.0%) | Val Acc: 0.7754 | Test Acc: 0.7845 | VRAM (Alloc/Reserved): 93.9/616.0 MiB | Time: 189.6s
[ByzFL-SNN]   [Step 250/500] (50.0%) | Val Acc: 0.7806 | Test Acc: 0.7775 | VRAM (Alloc/Reserved): 93.5/616.0 MiB | Time: 240.3s
[ByzFL-SNN]   [Step 300/500] (60.0%) | Val Acc: 0.8606 | Test Acc: 0.8697 | VRAM (Alloc/Reserved): 93.0/616.0 MiB | Time: 292.6s
[ByzFL-SNN]   [Step 350/500] (70.0%) | Val Acc: 0.9019 | Test Acc: 0.9120 | VRAM (Alloc/Reserved): 94.2/616.0 MiB | Time: 347.2s
[ByzFL-SNN]   [Step 400/500] (80.0%) | Val Acc: 0.8850 | Test Acc: 0.8950 | VRAM (Alloc/Reserved): 93.8/616.0 MiB | Time: 406.1s
[ByzFL-SNN]   [Step 450/500] (90.0%) | Val Acc: 0.8952 | Test Acc: 0.9035 | VRAM (Alloc/Reserved): 94.9/616.0 MiB | Time: 464.8s
[ByzFL-SNN] [Training Complete] Peak VRAM (Alloc/Reserved): 398.9/616.0 MiB | Total time: 521.4s

Training 30 done

[ByzFL-SNN] [Training Start] Model: cnn_mnist | Dataset: mnist
[ByzFL-SNN]   Aggregator: GeometricMedian | Attack: Optimal_ALittleIsEnough_neg1
[ByzFL-SNN]   Distribution: gamma_similarity_niid (gamma=0.33)
[ByzFL-SNN]   Clients: 10 honest, 4 byzantine | Algorithm: DSGD
[ByzFL-SNN]   Learning Rate: 0.15 | Steps: 500 | Device: cuda:1
[ByzFL-SNN]   Validation samples: 12000 | Test samples: 10000
[ByzFL-SNN] Initial VRAM (Alloc/Reserved): 36.1/42.0 MiB
[ByzFL-SNN]   [Step 0/500] (0.0%) | Val Acc: 0.1542 | Test Acc: 0.1595 | VRAM (Alloc/Reserved): 44.3/64.0 MiB | Time: 3.0s
[ByzFL-SNN]   [Step 50/500] (10.0%) | Val Acc: 0.3851 | Test Acc: 0.3863 | VRAM (Alloc/Reserved): 93.7/616.0 MiB | Time: 59.4s
[ByzFL-SNN]   [Step 100/500] (20.0%) | Val Acc: 0.6602 | Test Acc: 0.6596 | VRAM (Alloc/Reserved): 94.7/616.0 MiB | Time: 116.0s
[ByzFL-SNN]   [Step 150/500] (30.0%) | Val Acc: 0.7320 | Test Acc: 0.7423 | VRAM (Alloc/Reserved): 94.4/616.0 MiB | Time: 169.6s
[ByzFL-SNN]   [Step 200/500] (40.0%) | Val Acc: 0.8598 | Test Acc: 0.8712 | VRAM (Alloc/Reserved): 93.9/616.0 MiB | Time: 221.5s
[ByzFL-SNN]   [Step 250/500] (50.0%) | Val Acc: 0.8550 | Test Acc: 0.8707 | VRAM (Alloc/Reserved): 93.5/616.0 MiB | Time: 274.7s
[ByzFL-SNN]   [Step 300/500] (60.0%) | Val Acc: 0.7906 | Test Acc: 0.8012 | VRAM (Alloc/Reserved): 93.0/616.0 MiB | Time: 325.1s
[ByzFL-SNN]   [Step 350/500] (70.0%) | Val Acc: 0.9261 | Test Acc: 0.9327 | VRAM (Alloc/Reserved): 94.2/616.0 MiB | Time: 376.9s
[ByzFL-SNN]   [Step 400/500] (80.0%) | Val Acc: 0.9163 | Test Acc: 0.9194 | VRAM (Alloc/Reserved): 93.8/616.0 MiB | Time: 434.4s
[ByzFL-SNN]   [Step 450/500] (90.0%) | Val Acc: 0.9151 | Test Acc: 0.9280 | VRAM (Alloc/Reserved): 94.9/616.0 MiB | Time: 489.8s
[ByzFL-SNN] [Training Complete] Peak VRAM (Alloc/Reserved): 398.9/616.0 MiB | Total time: 545.2s

Training 31 done

[ByzFL-SNN] [Training Start] Model: cnn_mnist | Dataset: mnist
[ByzFL-SNN]   Aggregator: GeometricMedian | Attack: Optimal_InnerProductManipulation
[ByzFL-SNN]   Distribution: gamma_similarity_niid (gamma=0.33)
[ByzFL-SNN]   Clients: 10 honest, 4 byzantine | Algorithm: DSGD
[ByzFL-SNN]   Learning Rate: 0.15 | Steps: 500 | Device: cuda:1
[ByzFL-SNN]   Validation samples: 12000 | Test samples: 10000
[ByzFL-SNN] Initial VRAM (Alloc/Reserved): 36.1/42.0 MiB
[ByzFL-SNN]   [Step 0/500] (0.0%) | Val Acc: 0.1542 | Test Acc: 0.1595 | VRAM (Alloc/Reserved): 44.3/64.0 MiB | Time: 3.1s
[ByzFL-SNN]   [Step 50/500] (10.0%) | Val Acc: 0.3372 | Test Acc: 0.3442 | VRAM (Alloc/Reserved): 93.8/616.0 MiB | Time: 54.0s
[ByzFL-SNN]   [Step 100/500] (20.0%) | Val Acc: 0.4051 | Test Acc: 0.4090 | VRAM (Alloc/Reserved): 93.2/616.0 MiB | Time: 99.2s
[ByzFL-SNN]   [Step 150/500] (30.0%) | Val Acc: 0.5753 | Test Acc: 0.5807 | VRAM (Alloc/Reserved): 93.9/616.0 MiB | Time: 148.0s
[ByzFL-SNN]   [Step 200/500] (40.0%) | Val Acc: 0.6502 | Test Acc: 0.6511 | VRAM (Alloc/Reserved): 93.8/616.0 MiB | Time: 195.7s
[ByzFL-SNN]   [Step 250/500] (50.0%) | Val Acc: 0.7752 | Test Acc: 0.7852 | VRAM (Alloc/Reserved): 94.3/616.0 MiB | Time: 244.3s
[ByzFL-SNN]   [Step 300/500] (60.0%) | Val Acc: 0.7663 | Test Acc: 0.7747 | VRAM (Alloc/Reserved): 93.3/616.0 MiB | Time: 296.5s
[ByzFL-SNN]   [Step 350/500] (70.0%) | Val Acc: 0.7736 | Test Acc: 0.7848 | VRAM (Alloc/Reserved): 95.7/616.0 MiB | Time: 351.8s
[ByzFL-SNN]   [Step 400/500] (80.0%) | Val Acc: 0.8043 | Test Acc: 0.8131 | VRAM (Alloc/Reserved): 94.2/616.0 MiB | Time: 406.5s
[ByzFL-SNN]   [Step 450/500] (90.0%) | Val Acc: 0.7936 | Test Acc: 0.7975 | VRAM (Alloc/Reserved): 93.8/616.0 MiB | Time: 463.0s
[ByzFL-SNN] [Training Complete] Peak VRAM (Alloc/Reserved): 401.1/616.0 MiB | Total time: 518.7s

Training 32 done

[ByzFL-SNN] [Training Start] Model: cnn_mnist | Dataset: mnist
[ByzFL-SNN]   Aggregator: GeometricMedian | Attack: Optimal_InnerProductManipulation
[ByzFL-SNN]   Distribution: gamma_similarity_niid (gamma=0.33)
[ByzFL-SNN]   Clients: 10 honest, 4 byzantine | Algorithm: DSGD
[ByzFL-SNN]   Learning Rate: 0.15 | Steps: 500 | Device: cuda:0
[ByzFL-SNN]   Validation samples: 12000 | Test samples: 10000
[ByzFL-SNN] Initial VRAM (Alloc/Reserved): 36.1/42.0 MiB
[ByzFL-SNN]   [Step 0/500] (0.0%) | Val Acc: 0.1542 | Test Acc: 0.1595 | VRAM (Alloc/Reserved): 44.3/64.0 MiB | Time: 3.0s
[ByzFL-SNN]   [Step 50/500] (10.0%) | Val Acc: 0.1988 | Test Acc: 0.1981 | VRAM (Alloc/Reserved): 93.8/616.0 MiB | Time: 38.2s
[ByzFL-SNN]   [Step 100/500] (20.0%) | Val Acc: 0.3367 | Test Acc: 0.3397 | VRAM (Alloc/Reserved): 93.2/616.0 MiB | Time: 87.1s
[ByzFL-SNN]   [Step 150/500] (30.0%) | Val Acc: 0.4393 | Test Acc: 0.4408 | VRAM (Alloc/Reserved): 93.9/616.0 MiB | Time: 135.5s
[ByzFL-SNN]   [Step 200/500] (40.0%) | Val Acc: 0.5010 | Test Acc: 0.5041 | VRAM (Alloc/Reserved): 93.8/616.0 MiB | Time: 182.9s
[ByzFL-SNN]   [Step 250/500] (50.0%) | Val Acc: 0.6132 | Test Acc: 0.6208 | VRAM (Alloc/Reserved): 94.3/616.0 MiB | Time: 233.8s
[ByzFL-SNN]   [Step 300/500] (60.0%) | Val Acc: 0.7077 | Test Acc: 0.7111 | VRAM (Alloc/Reserved): 93.3/616.0 MiB | Time: 289.5s
[ByzFL-SNN]   [Step 350/500] (70.0%) | Val Acc: 0.7123 | Test Acc: 0.7115 | VRAM (Alloc/Reserved): 95.7/616.0 MiB | Time: 343.2s
[ByzFL-SNN]   [Step 400/500] (80.0%) | Val Acc: 0.7827 | Test Acc: 0.7844 | VRAM (Alloc/Reserved): 94.2/616.0 MiB | Time: 403.3s
[ByzFL-SNN]   [Step 450/500] (90.0%) | Val Acc: 0.8082 | Test Acc: 0.8160 | VRAM (Alloc/Reserved): 93.8/616.0 MiB | Time: 461.6s
[ByzFL-SNN] [Training Complete] Peak VRAM (Alloc/Reserved): 401.1/616.0 MiB | Total time: 519.1s

Training 33 done

[ByzFL-SNN] [Training Start] Model: cnn_mnist | Dataset: mnist
[ByzFL-SNN]   Aggregator: GeometricMedian | Attack: Optimal_InnerProductManipulation
[ByzFL-SNN]   Distribution: gamma_similarity_niid (gamma=0.33)
[ByzFL-SNN]   Clients: 10 honest, 4 byzantine | Algorithm: DSGD
[ByzFL-SNN]   Learning Rate: 0.15 | Steps: 500 | Device: cuda:1
[ByzFL-SNN]   Validation samples: 12000 | Test samples: 10000
[ByzFL-SNN] Initial VRAM (Alloc/Reserved): 36.1/42.0 MiB
[ByzFL-SNN]   [Step 0/500] (0.0%) | Val Acc: 0.1542 | Test Acc: 0.1595 | VRAM (Alloc/Reserved): 44.3/64.0 MiB | Time: 3.2s
[ByzFL-SNN]   [Step 50/500] (10.0%) | Val Acc: 0.3458 | Test Acc: 0.3482 | VRAM (Alloc/Reserved): 93.8/616.0 MiB | Time: 52.1s
[ByzFL-SNN]   [Step 100/500] (20.0%) | Val Acc: 0.3912 | Test Acc: 0.3928 | VRAM (Alloc/Reserved): 93.2/616.0 MiB | Time: 99.9s
[ByzFL-SNN]   [Step 150/500] (30.0%) | Val Acc: 0.4749 | Test Acc: 0.4803 | VRAM (Alloc/Reserved): 93.9/616.0 MiB | Time: 148.3s
[ByzFL-SNN]   [Step 200/500] (40.0%) | Val Acc: 0.5978 | Test Acc: 0.6030 | VRAM (Alloc/Reserved): 93.8/616.0 MiB | Time: 196.5s
[ByzFL-SNN]   [Step 250/500] (50.0%) | Val Acc: 0.6837 | Test Acc: 0.6854 | VRAM (Alloc/Reserved): 94.3/616.0 MiB | Time: 243.7s
[ByzFL-SNN]   [Step 300/500] (60.0%) | Val Acc: 0.7540 | Test Acc: 0.7649 | VRAM (Alloc/Reserved): 93.3/616.0 MiB | Time: 297.8s
[ByzFL-SNN]   [Step 350/500] (70.0%) | Val Acc: 0.8155 | Test Acc: 0.8249 | VRAM (Alloc/Reserved): 95.7/616.0 MiB | Time: 351.8s
[ByzFL-SNN]   [Step 400/500] (80.0%) | Val Acc: 0.8240 | Test Acc: 0.8326 | VRAM (Alloc/Reserved): 94.2/616.0 MiB | Time: 406.4s
[ByzFL-SNN]   [Step 450/500] (90.0%) | Val Acc: 0.8735 | Test Acc: 0.8843 | VRAM (Alloc/Reserved): 93.8/616.0 MiB | Time: 462.6s
[ByzFL-SNN] [Training Complete] Peak VRAM (Alloc/Reserved): 401.1/616.0 MiB | Total time: 515.8s

Training 34 done

[ByzFL-SNN] [Training Start] Model: cnn_mnist | Dataset: mnist
[ByzFL-SNN]   Aggregator: GeometricMedian | Attack: Optimal_ALittleIsEnough_neg1
[ByzFL-SNN]   Distribution: gamma_similarity_niid (gamma=0.0)
[ByzFL-SNN]   Clients: 10 honest, 4 byzantine | Algorithm: DSGD
[ByzFL-SNN]   Learning Rate: 0.15 | Steps: 500 | Device: cuda:1
[ByzFL-SNN]   Validation samples: 12000 | Test samples: 10000
[ByzFL-SNN] Initial VRAM (Alloc/Reserved): 36.1/42.0 MiB
[ByzFL-SNN]   [Step 0/500] (0.0%) | Val Acc: 0.1542 | Test Acc: 0.1595 | VRAM (Alloc/Reserved): 44.3/64.0 MiB | Time: 3.1s
[ByzFL-SNN]   [Step 50/500] (10.0%) | Val Acc: 0.3180 | Test Acc: 0.3268 | VRAM (Alloc/Reserved): 93.7/614.0 MiB | Time: 52.5s
[ByzFL-SNN]   [Step 100/500] (20.0%) | Val Acc: 0.5898 | Test Acc: 0.6011 | VRAM (Alloc/Reserved): 94.7/614.0 MiB | Time: 102.4s
[ByzFL-SNN]   [Step 150/500] (30.0%) | Val Acc: 0.5821 | Test Acc: 0.5922 | VRAM (Alloc/Reserved): 94.4/614.0 MiB | Time: 153.2s
[ByzFL-SNN]   [Step 200/500] (40.0%) | Val Acc: 0.6923 | Test Acc: 0.6939 | VRAM (Alloc/Reserved): 93.9/614.0 MiB | Time: 201.4s
[ByzFL-SNN]   [Step 250/500] (50.0%) | Val Acc: 0.5737 | Test Acc: 0.5782 | VRAM (Alloc/Reserved): 93.5/614.0 MiB | Time: 251.1s
[ByzFL-SNN]   [Step 300/500] (60.0%) | Val Acc: 0.3882 | Test Acc: 0.3873 | VRAM (Alloc/Reserved): 93.0/614.0 MiB | Time: 306.5s
[ByzFL-SNN]   [Step 350/500] (70.0%) | Val Acc: 0.7857 | Test Acc: 0.7971 | VRAM (Alloc/Reserved): 94.2/614.0 MiB | Time: 361.1s
[ByzFL-SNN]   [Step 400/500] (80.0%) | Val Acc: 0.6418 | Test Acc: 0.6401 | VRAM (Alloc/Reserved): 93.8/614.0 MiB | Time: 419.5s
[ByzFL-SNN]   [Step 450/500] (90.0%) | Val Acc: 0.7632 | Test Acc: 0.7742 | VRAM (Alloc/Reserved): 94.9/614.0 MiB | Time: 476.7s
[ByzFL-SNN] [Training Complete] Peak VRAM (Alloc/Reserved): 398.9/614.0 MiB | Total time: 524.0s

Training 35 done

[ByzFL-SNN] [Training Start] Model: cnn_mnist | Dataset: mnist
[ByzFL-SNN]   Aggregator: GeometricMedian | Attack: Optimal_ALittleIsEnough_neg1
[ByzFL-SNN]   Distribution: gamma_similarity_niid (gamma=0.0)
[ByzFL-SNN]   Clients: 10 honest, 4 byzantine | Algorithm: DSGD
[ByzFL-SNN]   Learning Rate: 0.15 | Steps: 500 | Device: cuda:0
[ByzFL-SNN]   Validation samples: 12000 | Test samples: 10000
[ByzFL-SNN] Initial VRAM (Alloc/Reserved): 36.1/42.0 MiB
[ByzFL-SNN]   [Step 0/500] (0.0%) | Val Acc: 0.1542 | Test Acc: 0.1595 | VRAM (Alloc/Reserved): 44.3/64.0 MiB | Time: 3.3s
[ByzFL-SNN]   [Step 50/500] (10.0%) | Val Acc: 0.2414 | Test Acc: 0.2450 | VRAM (Alloc/Reserved): 93.7/614.0 MiB | Time: 51.4s
[ByzFL-SNN]   [Step 100/500] (20.0%) | Val Acc: 0.4522 | Test Acc: 0.4540 | VRAM (Alloc/Reserved): 94.7/614.0 MiB | Time: 98.3s
[ByzFL-SNN]   [Step 150/500] (30.0%) | Val Acc: 0.6504 | Test Acc: 0.6510 | VRAM (Alloc/Reserved): 94.4/614.0 MiB | Time: 148.0s
[ByzFL-SNN]   [Step 200/500] (40.0%) | Val Acc: 0.7491 | Test Acc: 0.7575 | VRAM (Alloc/Reserved): 93.9/614.0 MiB | Time: 200.1s
[ByzFL-SNN]   [Step 250/500] (50.0%) | Val Acc: 0.7761 | Test Acc: 0.7778 | VRAM (Alloc/Reserved): 93.5/614.0 MiB | Time: 256.0s
[ByzFL-SNN]   [Step 300/500] (60.0%) | Val Acc: 0.6832 | Test Acc: 0.6842 | VRAM (Alloc/Reserved): 93.0/614.0 MiB | Time: 309.4s
[ByzFL-SNN]   [Step 350/500] (70.0%) | Val Acc: 0.6543 | Test Acc: 0.6566 | VRAM (Alloc/Reserved): 94.2/614.0 MiB | Time: 368.2s
[ByzFL-SNN]   [Step 400/500] (80.0%) | Val Acc: 0.7582 | Test Acc: 0.7675 | VRAM (Alloc/Reserved): 93.8/614.0 MiB | Time: 424.1s
[ByzFL-SNN]   [Step 450/500] (90.0%) | Val Acc: 0.6428 | Test Acc: 0.6362 | VRAM (Alloc/Reserved): 94.9/614.0 MiB | Time: 484.0s
[ByzFL-SNN] [Training Complete] Peak VRAM (Alloc/Reserved): 398.9/614.0 MiB | Total time: 542.1s

Training 36 done

[ByzFL-SNN] [Training Start] Model: cnn_mnist | Dataset: mnist
[ByzFL-SNN]   Aggregator: GeometricMedian | Attack: Optimal_ALittleIsEnough_neg1
[ByzFL-SNN]   Distribution: gamma_similarity_niid (gamma=0.0)
[ByzFL-SNN]   Clients: 10 honest, 4 byzantine | Algorithm: DSGD
[ByzFL-SNN]   Learning Rate: 0.15 | Steps: 500 | Device: cuda:0
[ByzFL-SNN]   Validation samples: 12000 | Test samples: 10000
[ByzFL-SNN] Initial VRAM (Alloc/Reserved): 36.1/42.0 MiB
[ByzFL-SNN]   [Step 0/500] (0.0%) | Val Acc: 0.1542 | Test Acc: 0.1595 | VRAM (Alloc/Reserved): 44.3/64.0 MiB | Time: 3.6s
[ByzFL-SNN]   [Step 50/500] (10.0%) | Val Acc: 0.2774 | Test Acc: 0.2820 | VRAM (Alloc/Reserved): 93.7/614.0 MiB | Time: 52.8s
[ByzFL-SNN]   [Step 100/500] (20.0%) | Val Acc: 0.4278 | Test Acc: 0.4327 | VRAM (Alloc/Reserved): 94.7/614.0 MiB | Time: 100.2s
[ByzFL-SNN]   [Step 150/500] (30.0%) | Val Acc: 0.7150 | Test Acc: 0.7277 | VRAM (Alloc/Reserved): 94.4/614.0 MiB | Time: 149.1s
[ByzFL-SNN]   [Step 200/500] (40.0%) | Val Acc: 0.5427 | Test Acc: 0.5477 | VRAM (Alloc/Reserved): 93.9/614.0 MiB | Time: 200.8s
[ByzFL-SNN]   [Step 250/500] (50.0%) | Val Acc: 0.6937 | Test Acc: 0.6946 | VRAM (Alloc/Reserved): 93.5/614.0 MiB | Time: 256.5s
[ByzFL-SNN]   [Step 300/500] (60.0%) | Val Acc: 0.7786 | Test Acc: 0.7827 | VRAM (Alloc/Reserved): 93.0/614.0 MiB | Time: 310.5s
[ByzFL-SNN]   [Step 350/500] (70.0%) | Val Acc: 0.6940 | Test Acc: 0.6910 | VRAM (Alloc/Reserved): 94.2/614.0 MiB | Time: 368.4s
[ByzFL-SNN]   [Step 400/500] (80.0%) | Val Acc: 0.7957 | Test Acc: 0.7949 | VRAM (Alloc/Reserved): 93.8/614.0 MiB | Time: 425.4s
[ByzFL-SNN]   [Step 450/500] (90.0%) | Val Acc: 0.6672 | Test Acc: 0.6700 | VRAM (Alloc/Reserved): 94.9/614.0 MiB | Time: 483.2s
[ByzFL-SNN] [Training Complete] Peak VRAM (Alloc/Reserved): 398.9/614.0 MiB | Total time: 538.9s

Training 37 done

[ByzFL-SNN] [Training Start] Model: cnn_mnist | Dataset: mnist
[ByzFL-SNN]   Aggregator: GeometricMedian | Attack: SignFlipping
[ByzFL-SNN]   Distribution: gamma_similarity_niid (gamma=1.0)
[ByzFL-SNN]   Clients: 10 honest, 5 byzantine | Algorithm: DSGD
[ByzFL-SNN]   Learning Rate: 0.15 | Steps: 500 | Device: cuda:0
[ByzFL-SNN]   Validation samples: 12000 | Test samples: 10000
[ByzFL-SNN] Initial VRAM (Alloc/Reserved): 36.1/42.0 MiB
[ByzFL-SNN]   [Step 0/500] (0.0%) | Val Acc: 0.1542 | Test Acc: 0.1595 | VRAM (Alloc/Reserved): 44.3/64.0 MiB | Time: 3.2s
[ByzFL-SNN]   [Step 50/500] (10.0%) | Val Acc: 0.8403 | Test Acc: 0.8463 | VRAM (Alloc/Reserved): 93.7/636.0 MiB | Time: 23.4s
[ByzFL-SNN]   [Step 100/500] (20.0%) | Val Acc: 0.8892 | Test Acc: 0.8985 | VRAM (Alloc/Reserved): 94.4/636.0 MiB | Time: 43.4s
[ByzFL-SNN]   [Step 150/500] (30.0%) | Val Acc: 0.9008 | Test Acc: 0.9077 | VRAM (Alloc/Reserved): 95.0/636.0 MiB | Time: 62.7s
[ByzFL-SNN]   [Step 200/500] (40.0%) | Val Acc: 0.9061 | Test Acc: 0.9126 | VRAM (Alloc/Reserved): 94.7/636.0 MiB | Time: 82.1s
[ByzFL-SNN]   [Step 250/500] (50.0%) | Val Acc: 0.9110 | Test Acc: 0.9187 | VRAM (Alloc/Reserved): 94.0/636.0 MiB | Time: 100.9s
[ByzFL-SNN]   [Step 300/500] (60.0%) | Val Acc: 0.9135 | Test Acc: 0.9226 | VRAM (Alloc/Reserved): 94.8/636.0 MiB | Time: 120.1s
[ByzFL-SNN]   [Step 350/500] (70.0%) | Val Acc: 0.9193 | Test Acc: 0.9269 | VRAM (Alloc/Reserved): 94.1/636.0 MiB | Time: 138.9s
[ByzFL-SNN]   [Step 400/500] (80.0%) | Val Acc: 0.9231 | Test Acc: 0.9312 | VRAM (Alloc/Reserved): 94.7/636.0 MiB | Time: 158.1s
[ByzFL-SNN]   [Step 450/500] (90.0%) | Val Acc: 0.9270 | Test Acc: 0.9352 | VRAM (Alloc/Reserved): 94.4/636.0 MiB | Time: 178.1s
[ByzFL-SNN] [Training Complete] Peak VRAM (Alloc/Reserved): 391.9/636.0 MiB | Total time: 194.4s

Training 38 done

[ByzFL-SNN] [Training Start] Model: cnn_mnist | Dataset: mnist
[ByzFL-SNN]   Aggregator: GeometricMedian | Attack: SignFlipping
[ByzFL-SNN]   Distribution: gamma_similarity_niid (gamma=1.0)
[ByzFL-SNN]   Clients: 10 honest, 5 byzantine | Algorithm: DSGD
[ByzFL-SNN]   Learning Rate: 0.15 | Steps: 500 | Device: cuda:1
[ByzFL-SNN]   Validation samples: 12000 | Test samples: 10000
[ByzFL-SNN] Initial VRAM (Alloc/Reserved): 36.1/42.0 MiB
[ByzFL-SNN]   [Step 0/500] (0.0%) | Val Acc: 0.1542 | Test Acc: 0.1595 | VRAM (Alloc/Reserved): 44.3/64.0 MiB | Time: 3.7s
[ByzFL-SNN]   [Step 50/500] (10.0%) | Val Acc: 0.8438 | Test Acc: 0.8510 | VRAM (Alloc/Reserved): 93.7/636.0 MiB | Time: 22.3s
[ByzFL-SNN]   [Step 100/500] (20.0%) | Val Acc: 0.8899 | Test Acc: 0.8976 | VRAM (Alloc/Reserved): 94.4/636.0 MiB | Time: 40.3s
[ByzFL-SNN]   [Step 150/500] (30.0%) | Val Acc: 0.9004 | Test Acc: 0.9100 | VRAM (Alloc/Reserved): 95.0/636.0 MiB | Time: 59.7s
[ByzFL-SNN]   [Step 200/500] (40.0%) | Val Acc: 0.9072 | Test Acc: 0.9161 | VRAM (Alloc/Reserved): 94.7/636.0 MiB | Time: 80.1s
[ByzFL-SNN]   [Step 250/500] (50.0%) | Val Acc: 0.9137 | Test Acc: 0.9218 | VRAM (Alloc/Reserved): 94.0/636.0 MiB | Time: 100.4s
[ByzFL-SNN]   [Step 300/500] (60.0%) | Val Acc: 0.9176 | Test Acc: 0.9257 | VRAM (Alloc/Reserved): 94.8/636.0 MiB | Time: 120.1s
[ByzFL-SNN]   [Step 350/500] (70.0%) | Val Acc: 0.9231 | Test Acc: 0.9280 | VRAM (Alloc/Reserved): 94.1/636.0 MiB | Time: 140.0s
[ByzFL-SNN]   [Step 400/500] (80.0%) | Val Acc: 0.9249 | Test Acc: 0.9351 | VRAM (Alloc/Reserved): 94.7/636.0 MiB | Time: 160.3s
[ByzFL-SNN]   [Step 450/500] (90.0%) | Val Acc: 0.9285 | Test Acc: 0.9381 | VRAM (Alloc/Reserved): 94.4/636.0 MiB | Time: 179.5s
[ByzFL-SNN] [Training Complete] Peak VRAM (Alloc/Reserved): 391.9/636.0 MiB | Total time: 197.3s

Training 39 done

[ByzFL-SNN] [Training Start] Model: cnn_mnist | Dataset: mnist
[ByzFL-SNN]   Aggregator: GeometricMedian | Attack: SignFlipping
[ByzFL-SNN]   Distribution: gamma_similarity_niid (gamma=1.0)
[ByzFL-SNN]   Clients: 10 honest, 5 byzantine | Algorithm: DSGD
[ByzFL-SNN]   Learning Rate: 0.15 | Steps: 500 | Device: cuda:0
[ByzFL-SNN]   Validation samples: 12000 | Test samples: 10000
[ByzFL-SNN] Initial VRAM (Alloc/Reserved): 36.1/42.0 MiB
[ByzFL-SNN]   [Step 0/500] (0.0%) | Val Acc: 0.1542 | Test Acc: 0.1595 | VRAM (Alloc/Reserved): 44.3/64.0 MiB | Time: 3.8s
[ByzFL-SNN]   [Step 50/500] (10.0%) | Val Acc: 0.8462 | Test Acc: 0.8536 | VRAM (Alloc/Reserved): 93.7/636.0 MiB | Time: 24.6s
[ByzFL-SNN]   [Step 100/500] (20.0%) | Val Acc: 0.8885 | Test Acc: 0.8967 | VRAM (Alloc/Reserved): 94.4/636.0 MiB | Time: 43.9s
[ByzFL-SNN]   [Step 150/500] (30.0%) | Val Acc: 0.9008 | Test Acc: 0.9095 | VRAM (Alloc/Reserved): 95.0/636.0 MiB | Time: 63.3s
[ByzFL-SNN]   [Step 200/500] (40.0%) | Val Acc: 0.9077 | Test Acc: 0.9152 | VRAM (Alloc/Reserved): 94.7/636.0 MiB | Time: 82.2s
[ByzFL-SNN]   [Step 250/500] (50.0%) | Val Acc: 0.9122 | Test Acc: 0.9210 | VRAM (Alloc/Reserved): 94.0/636.0 MiB | Time: 102.3s
[ByzFL-SNN]   [Step 300/500] (60.0%) | Val Acc: 0.9174 | Test Acc: 0.9248 | VRAM (Alloc/Reserved): 94.8/636.0 MiB | Time: 121.4s
[ByzFL-SNN]   [Step 350/500] (70.0%) | Val Acc: 0.9226 | Test Acc: 0.9292 | VRAM (Alloc/Reserved): 94.1/636.0 MiB | Time: 140.6s
[ByzFL-SNN]   [Step 400/500] (80.0%) | Val Acc: 0.9239 | Test Acc: 0.9295 | VRAM (Alloc/Reserved): 94.7/636.0 MiB | Time: 160.5s
[ByzFL-SNN]   [Step 450/500] (90.0%) | Val Acc: 0.9297 | Test Acc: 0.9373 | VRAM (Alloc/Reserved): 94.4/636.0 MiB | Time: 180.0s
[ByzFL-SNN] [Training Complete] Peak VRAM (Alloc/Reserved): 391.9/636.0 MiB | Total time: 196.6s

Training 40 done

[ByzFL-SNN] [Training Start] Model: cnn_mnist | Dataset: mnist
[ByzFL-SNN]   Aggregator: GeometricMedian | Attack: Optimal_InnerProductManipulation
[ByzFL-SNN]   Distribution: gamma_similarity_niid (gamma=0.0)
[ByzFL-SNN]   Clients: 10 honest, 4 byzantine | Algorithm: DSGD
[ByzFL-SNN]   Learning Rate: 0.15 | Steps: 500 | Device: cuda:0
[ByzFL-SNN]   Validation samples: 12000 | Test samples: 10000
[ByzFL-SNN] Initial VRAM (Alloc/Reserved): 36.1/42.0 MiB
[ByzFL-SNN]   [Step 0/500] (0.0%) | Val Acc: 0.1542 | Test Acc: 0.1595 | VRAM (Alloc/Reserved): 44.3/64.0 MiB | Time: 3.0s
[ByzFL-SNN]   [Step 50/500] (10.0%) | Val Acc: 0.1041 | Test Acc: 0.1062 | VRAM (Alloc/Reserved): 93.8/614.0 MiB | Time: 58.2s
[ByzFL-SNN]   [Step 100/500] (20.0%) | Val Acc: 0.1140 | Test Acc: 0.1138 | VRAM (Alloc/Reserved): 93.2/614.0 MiB | Time: 112.0s
[ByzFL-SNN]   [Step 150/500] (30.0%) | Val Acc: 0.1057 | Test Acc: 0.1034 | VRAM (Alloc/Reserved): 93.9/614.0 MiB | Time: 166.8s
[ByzFL-SNN]   [Step 200/500] (40.0%) | Val Acc: 0.1029 | Test Acc: 0.1060 | VRAM (Alloc/Reserved): 93.8/614.0 MiB | Time: 226.7s
[ByzFL-SNN]   [Step 250/500] (50.0%) | Val Acc: 0.1687 | Test Acc: 0.1725 | VRAM (Alloc/Reserved): 94.3/614.0 MiB | Time: 285.3s
[ByzFL-SNN]   [Step 300/500] (60.0%) | Val Acc: 0.1147 | Test Acc: 0.1149 | VRAM (Alloc/Reserved): 93.3/614.0 MiB | Time: 345.1s
[ByzFL-SNN]   [Step 350/500] (70.0%) | Val Acc: 0.1821 | Test Acc: 0.1833 | VRAM (Alloc/Reserved): 95.7/614.0 MiB | Time: 398.6s
[ByzFL-SNN]   [Step 400/500] (80.0%) | Val Acc: 0.1880 | Test Acc: 0.1883 | VRAM (Alloc/Reserved): 94.2/614.0 MiB | Time: 447.7s
[ByzFL-SNN]   [Step 450/500] (90.0%) | Val Acc: 0.1037 | Test Acc: 0.1010 | VRAM (Alloc/Reserved): 93.8/614.0 MiB | Time: 498.0s
[ByzFL-SNN] [Training Complete] Peak VRAM (Alloc/Reserved): 401.1/614.0 MiB | Total time: 545.0s

Training 41 done

[ByzFL-SNN] [Training Start] Model: cnn_mnist | Dataset: mnist
[ByzFL-SNN]   Aggregator: GeometricMedian | Attack: Optimal_InnerProductManipulation
[ByzFL-SNN]   Distribution: gamma_similarity_niid (gamma=0.0)
[ByzFL-SNN]   Clients: 10 honest, 4 byzantine | Algorithm: DSGD
[ByzFL-SNN]   Learning Rate: 0.15 | Steps: 500 | Device: cuda:1
[ByzFL-SNN]   Validation samples: 12000 | Test samples: 10000
[ByzFL-SNN] Initial VRAM (Alloc/Reserved): 36.1/42.0 MiB
[ByzFL-SNN]   [Step 0/500] (0.0%) | Val Acc: 0.1542 | Test Acc: 0.1595 | VRAM (Alloc/Reserved): 44.3/64.0 MiB | Time: 3.2s
[ByzFL-SNN]   [Step 50/500] (10.0%) | Val Acc: 0.1344 | Test Acc: 0.1276 | VRAM (Alloc/Reserved): 93.8/614.0 MiB | Time: 58.3s
[ByzFL-SNN]   [Step 100/500] (20.0%) | Val Acc: 0.0877 | Test Acc: 0.0892 | VRAM (Alloc/Reserved): 93.2/614.0 MiB | Time: 111.3s
[ByzFL-SNN]   [Step 150/500] (30.0%) | Val Acc: 0.1044 | Test Acc: 0.1017 | VRAM (Alloc/Reserved): 93.9/614.0 MiB | Time: 167.4s
[ByzFL-SNN]   [Step 200/500] (40.0%) | Val Acc: 0.0877 | Test Acc: 0.0892 | VRAM (Alloc/Reserved): 93.8/614.0 MiB | Time: 225.6s
[ByzFL-SNN]   [Step 250/500] (50.0%) | Val Acc: 0.0877 | Test Acc: 0.0892 | VRAM (Alloc/Reserved): 94.3/614.0 MiB | Time: 281.0s
[ByzFL-SNN]   [Step 300/500] (60.0%) | Val Acc: 0.0997 | Test Acc: 0.1032 | VRAM (Alloc/Reserved): 93.3/614.0 MiB | Time: 324.1s
[ByzFL-SNN]   [Step 350/500] (70.0%) | Val Acc: 0.1903 | Test Acc: 0.1885 | VRAM (Alloc/Reserved): 95.7/614.0 MiB | Time: 377.7s
[ByzFL-SNN]   [Step 400/500] (80.0%) | Val Acc: 0.0968 | Test Acc: 0.0982 | VRAM (Alloc/Reserved): 94.2/614.0 MiB | Time: 432.3s
[ByzFL-SNN]   [Step 450/500] (90.0%) | Val Acc: 0.0997 | Test Acc: 0.1032 | VRAM (Alloc/Reserved): 93.8/614.0 MiB | Time: 486.3s
[ByzFL-SNN] [Training Complete] Peak VRAM (Alloc/Reserved): 401.1/614.0 MiB | Total time: 548.6s

Training 42 done

[ByzFL-SNN] [Training Start] Model: cnn_mnist | Dataset: mnist
[ByzFL-SNN]   Aggregator: GeometricMedian | Attack: Optimal_InnerProductManipulation
[ByzFL-SNN]   Distribution: gamma_similarity_niid (gamma=0.0)
[ByzFL-SNN]   Clients: 10 honest, 4 byzantine | Algorithm: DSGD
[ByzFL-SNN]   Learning Rate: 0.15 | Steps: 500 | Device: cuda:0
[ByzFL-SNN]   Validation samples: 12000 | Test samples: 10000
[ByzFL-SNN] Initial VRAM (Alloc/Reserved): 36.1/42.0 MiB
[ByzFL-SNN]   [Step 0/500] (0.0%) | Val Acc: 0.1542 | Test Acc: 0.1595 | VRAM (Alloc/Reserved): 44.3/64.0 MiB | Time: 3.0s
[ByzFL-SNN]   [Step 50/500] (10.0%) | Val Acc: 0.1037 | Test Acc: 0.1010 | VRAM (Alloc/Reserved): 93.8/614.0 MiB | Time: 61.2s
[ByzFL-SNN]   [Step 100/500] (20.0%) | Val Acc: 0.2293 | Test Acc: 0.2325 | VRAM (Alloc/Reserved): 93.2/614.0 MiB | Time: 116.4s
[ByzFL-SNN]   [Step 150/500] (30.0%) | Val Acc: 0.1248 | Test Acc: 0.1221 | VRAM (Alloc/Reserved): 93.9/614.0 MiB | Time: 175.7s
[ByzFL-SNN]   [Step 200/500] (40.0%) | Val Acc: 0.0877 | Test Acc: 0.0892 | VRAM (Alloc/Reserved): 93.8/614.0 MiB | Time: 233.1s
[ByzFL-SNN]   [Step 250/500] (50.0%) | Val Acc: 0.1133 | Test Acc: 0.1135 | VRAM (Alloc/Reserved): 94.3/614.0 MiB | Time: 283.4s
[ByzFL-SNN]   [Step 300/500] (60.0%) | Val Acc: 0.1037 | Test Acc: 0.1010 | VRAM (Alloc/Reserved): 93.3/614.0 MiB | Time: 331.0s
[ByzFL-SNN]   [Step 350/500] (70.0%) | Val Acc: 0.1037 | Test Acc: 0.1010 | VRAM (Alloc/Reserved): 95.7/614.0 MiB | Time: 381.9s
[ByzFL-SNN]   [Step 400/500] (80.0%) | Val Acc: 0.0983 | Test Acc: 0.0997 | VRAM (Alloc/Reserved): 94.2/614.0 MiB | Time: 429.5s
[ByzFL-SNN]   [Step 450/500] (90.0%) | Val Acc: 0.1023 | Test Acc: 0.1057 | VRAM (Alloc/Reserved): 93.8/614.0 MiB | Time: 478.1s
[ByzFL-SNN] [Training Complete] Peak VRAM (Alloc/Reserved): 401.1/614.0 MiB | Total time: 529.3s

Training 43 done

[ByzFL-SNN] [Training Start] Model: cnn_mnist | Dataset: mnist
[ByzFL-SNN]   Aggregator: GeometricMedian | Attack: SignFlipping
[ByzFL-SNN]   Distribution: gamma_similarity_niid (gamma=0.66)
[ByzFL-SNN]   Clients: 10 honest, 5 byzantine | Algorithm: DSGD
[ByzFL-SNN]   Learning Rate: 0.15 | Steps: 500 | Device: cuda:1
[ByzFL-SNN]   Validation samples: 12000 | Test samples: 10000
[ByzFL-SNN] Initial VRAM (Alloc/Reserved): 36.1/42.0 MiB
[ByzFL-SNN]   [Step 0/500] (0.0%) | Val Acc: 0.1542 | Test Acc: 0.1595 | VRAM (Alloc/Reserved): 44.3/64.0 MiB | Time: 3.3s
[ByzFL-SNN]   [Step 50/500] (10.0%) | Val Acc: 0.4042 | Test Acc: 0.4059 | VRAM (Alloc/Reserved): 93.7/634.0 MiB | Time: 26.4s
[ByzFL-SNN]   [Step 100/500] (20.0%) | Val Acc: 0.5027 | Test Acc: 0.5104 | VRAM (Alloc/Reserved): 94.4/634.0 MiB | Time: 49.2s
[ByzFL-SNN]   [Step 150/500] (30.0%) | Val Acc: 0.5952 | Test Acc: 0.6041 | VRAM (Alloc/Reserved): 95.0/634.0 MiB | Time: 70.5s
[ByzFL-SNN]   [Step 200/500] (40.0%) | Val Acc: 0.7223 | Test Acc: 0.7316 | VRAM (Alloc/Reserved): 94.7/634.0 MiB | Time: 91.9s
[ByzFL-SNN]   [Step 250/500] (50.0%) | Val Acc: 0.7889 | Test Acc: 0.7977 | VRAM (Alloc/Reserved): 94.0/634.0 MiB | Time: 112.5s
[ByzFL-SNN]   [Step 300/500] (60.0%) | Val Acc: 0.8393 | Test Acc: 0.8468 | VRAM (Alloc/Reserved): 94.8/634.0 MiB | Time: 135.0s
[ByzFL-SNN]   [Step 350/500] (70.0%) | Val Acc: 0.8628 | Test Acc: 0.8756 | VRAM (Alloc/Reserved): 94.1/634.0 MiB | Time: 157.2s
[ByzFL-SNN]   [Step 400/500] (80.0%) | Val Acc: 0.8765 | Test Acc: 0.8881 | VRAM (Alloc/Reserved): 94.7/634.0 MiB | Time: 179.3s
[ByzFL-SNN]   [Step 450/500] (90.0%) | Val Acc: 0.8605 | Test Acc: 0.8736 | VRAM (Alloc/Reserved): 94.4/634.0 MiB | Time: 201.3s
[ByzFL-SNN] [Training Complete] Peak VRAM (Alloc/Reserved): 391.9/634.0 MiB | Total time: 220.3s

Training 44 done

[ByzFL-SNN] [Training Start] Model: cnn_mnist | Dataset: mnist
[ByzFL-SNN]   Aggregator: GeometricMedian | Attack: SignFlipping
[ByzFL-SNN]   Distribution: gamma_similarity_niid (gamma=0.66)
[ByzFL-SNN]   Clients: 10 honest, 5 byzantine | Algorithm: DSGD
[ByzFL-SNN]   Learning Rate: 0.15 | Steps: 500 | Device: cuda:0
[ByzFL-SNN]   Validation samples: 12000 | Test samples: 10000
[ByzFL-SNN] Initial VRAM (Alloc/Reserved): 36.1/42.0 MiB
[ByzFL-SNN]   [Step 0/500] (0.0%) | Val Acc: 0.1542 | Test Acc: 0.1595 | VRAM (Alloc/Reserved): 44.3/64.0 MiB | Time: 3.2s
[ByzFL-SNN]   [Step 50/500] (10.0%) | Val Acc: 0.3949 | Test Acc: 0.3919 | VRAM (Alloc/Reserved): 93.7/634.0 MiB | Time: 24.5s
[ByzFL-SNN]   [Step 100/500] (20.0%) | Val Acc: 0.4712 | Test Acc: 0.4695 | VRAM (Alloc/Reserved): 94.4/634.0 MiB | Time: 44.1s
[ByzFL-SNN]   [Step 150/500] (30.0%) | Val Acc: 0.6440 | Test Acc: 0.6454 | VRAM (Alloc/Reserved): 95.0/634.0 MiB | Time: 62.6s
[ByzFL-SNN]   [Step 200/500] (40.0%) | Val Acc: 0.7648 | Test Acc: 0.7713 | VRAM (Alloc/Reserved): 94.7/634.0 MiB | Time: 80.8s
[ByzFL-SNN]   [Step 250/500] (50.0%) | Val Acc: 0.8137 | Test Acc: 0.8205 | VRAM (Alloc/Reserved): 94.0/634.0 MiB | Time: 98.7s
[ByzFL-SNN]   [Step 300/500] (60.0%) | Val Acc: 0.8476 | Test Acc: 0.8494 | VRAM (Alloc/Reserved): 94.8/634.0 MiB | Time: 117.4s
[ByzFL-SNN]   [Step 350/500] (70.0%) | Val Acc: 0.8343 | Test Acc: 0.8403 | VRAM (Alloc/Reserved): 94.1/634.0 MiB | Time: 135.4s
[ByzFL-SNN]   [Step 400/500] (80.0%) | Val Acc: 0.8488 | Test Acc: 0.8546 | VRAM (Alloc/Reserved): 94.7/634.0 MiB | Time: 153.6s
[ByzFL-SNN]   [Step 450/500] (90.0%) | Val Acc: 0.8862 | Test Acc: 0.8924 | VRAM (Alloc/Reserved): 94.4/634.0 MiB | Time: 172.2s
[ByzFL-SNN] [Training Complete] Peak VRAM (Alloc/Reserved): 391.9/634.0 MiB | Total time: 189.5s

Training 45 done

[ByzFL-SNN] [Training Start] Model: cnn_mnist | Dataset: mnist
[ByzFL-SNN]   Aggregator: GeometricMedian | Attack: Optimal_ALittleIsEnough_neg1
[ByzFL-SNN]   Distribution: gamma_similarity_niid (gamma=1.0)
[ByzFL-SNN]   Clients: 10 honest, 5 byzantine | Algorithm: DSGD
[ByzFL-SNN]   Learning Rate: 0.15 | Steps: 500 | Device: cuda:0
[ByzFL-SNN]   Validation samples: 12000 | Test samples: 10000
[ByzFL-SNN] Initial VRAM (Alloc/Reserved): 36.1/42.0 MiB
[ByzFL-SNN]   [Step 0/500] (0.0%) | Val Acc: 0.1542 | Test Acc: 0.1595 | VRAM (Alloc/Reserved): 44.3/64.0 MiB | Time: 3.1s
[ByzFL-SNN]   [Step 50/500] (10.0%) | Val Acc: 0.8599 | Test Acc: 0.8698 | VRAM (Alloc/Reserved): 93.7/636.0 MiB | Time: 69.8s
[ByzFL-SNN]   [Step 100/500] (20.0%) | Val Acc: 0.8987 | Test Acc: 0.9075 | VRAM (Alloc/Reserved): 94.7/636.0 MiB | Time: 134.7s
[ByzFL-SNN]   [Step 150/500] (30.0%) | Val Acc: 0.9046 | Test Acc: 0.9131 | VRAM (Alloc/Reserved): 94.4/636.0 MiB | Time: 191.7s
[ByzFL-SNN]   [Step 200/500] (40.0%) | Val Acc: 0.9164 | Test Acc: 0.9235 | VRAM (Alloc/Reserved): 93.9/636.0 MiB | Time: 248.9s
[ByzFL-SNN]   [Step 250/500] (50.0%) | Val Acc: 0.9170 | Test Acc: 0.9263 | VRAM (Alloc/Reserved): 93.5/636.0 MiB | Time: 304.0s
[ByzFL-SNN]   [Step 300/500] (60.0%) | Val Acc: 0.9273 | Test Acc: 0.9344 | VRAM (Alloc/Reserved): 93.0/636.0 MiB | Time: 359.3s
[ByzFL-SNN]   [Step 350/500] (70.0%) | Val Acc: 0.9341 | Test Acc: 0.9422 | VRAM (Alloc/Reserved): 94.2/636.0 MiB | Time: 420.2s
[ByzFL-SNN]   [Step 400/500] (80.0%) | Val Acc: 0.9338 | Test Acc: 0.9407 | VRAM (Alloc/Reserved): 93.8/636.0 MiB | Time: 472.1s
[ByzFL-SNN]   [Step 450/500] (90.0%) | Val Acc: 0.9407 | Test Acc: 0.9503 | VRAM (Alloc/Reserved): 94.9/636.0 MiB | Time: 522.9s
[ByzFL-SNN] [Training Complete] Peak VRAM (Alloc/Reserved): 420.3/636.0 MiB | Total time: 576.8s

Training 46 done

[ByzFL-SNN] [Training Start] Model: cnn_mnist | Dataset: mnist
[ByzFL-SNN]   Aggregator: GeometricMedian | Attack: Optimal_InnerProductManipulation
[ByzFL-SNN]   Distribution: gamma_similarity_niid (gamma=1.0)
[ByzFL-SNN]   Clients: 10 honest, 5 byzantine | Algorithm: DSGD
[ByzFL-SNN]   Learning Rate: 0.15 | Steps: 500 | Device: cuda:0
[ByzFL-SNN]   Validation samples: 12000 | Test samples: 10000
[ByzFL-SNN] Initial VRAM (Alloc/Reserved): 36.1/42.0 MiB
[ByzFL-SNN]   [Step 0/500] (0.0%) | Val Acc: 0.1542 | Test Acc: 0.1595 | VRAM (Alloc/Reserved): 44.3/64.0 MiB | Time: 3.8s
[ByzFL-SNN]   [Step 50/500] (10.0%) | Val Acc: 0.8492 | Test Acc: 0.8599 | VRAM (Alloc/Reserved): 93.8/636.0 MiB | Time: 50.8s
[ByzFL-SNN]   [Step 100/500] (20.0%) | Val Acc: 0.8907 | Test Acc: 0.8989 | VRAM (Alloc/Reserved): 93.2/636.0 MiB | Time: 102.9s
[ByzFL-SNN]   [Step 150/500] (30.0%) | Val Acc: 0.9064 | Test Acc: 0.9132 | VRAM (Alloc/Reserved): 93.9/636.0 MiB | Time: 153.9s
[ByzFL-SNN]   [Step 200/500] (40.0%) | Val Acc: 0.9136 | Test Acc: 0.9222 | VRAM (Alloc/Reserved): 93.8/636.0 MiB | Time: 198.5s
[ByzFL-SNN]   [Step 250/500] (50.0%) | Val Acc: 0.9213 | Test Acc: 0.9299 | VRAM (Alloc/Reserved): 94.3/636.0 MiB | Time: 240.0s
[ByzFL-SNN]   [Step 300/500] (60.0%) | Val Acc: 0.9258 | Test Acc: 0.9348 | VRAM (Alloc/Reserved): 93.3/636.0 MiB | Time: 287.7s
[ByzFL-SNN]   [Step 350/500] (70.0%) | Val Acc: 0.9324 | Test Acc: 0.9390 | VRAM (Alloc/Reserved): 95.7/636.0 MiB | Time: 328.1s
[ByzFL-SNN]   [Step 400/500] (80.0%) | Val Acc: 0.9370 | Test Acc: 0.9439 | VRAM (Alloc/Reserved): 94.2/636.0 MiB | Time: 368.0s
[ByzFL-SNN]   [Step 450/500] (90.0%) | Val Acc: 0.9404 | Test Acc: 0.9468 | VRAM (Alloc/Reserved): 93.8/636.0 MiB | Time: 406.2s
[ByzFL-SNN] [Training Complete] Peak VRAM (Alloc/Reserved): 422.3/636.0 MiB | Total time: 445.4s

Training 47 done

[ByzFL-SNN] [Training Start] Model: cnn_mnist | Dataset: mnist
[ByzFL-SNN]   Aggregator: GeometricMedian | Attack: Optimal_ALittleIsEnough_neg1
[ByzFL-SNN]   Distribution: gamma_similarity_niid (gamma=1.0)
[ByzFL-SNN]   Clients: 10 honest, 5 byzantine | Algorithm: DSGD
[ByzFL-SNN]   Learning Rate: 0.15 | Steps: 500 | Device: cuda:1
[ByzFL-SNN]   Validation samples: 12000 | Test samples: 10000
[ByzFL-SNN] Initial VRAM (Alloc/Reserved): 36.1/42.0 MiB
[ByzFL-SNN]   [Step 0/500] (0.0%) | Val Acc: 0.1542 | Test Acc: 0.1595 | VRAM (Alloc/Reserved): 44.3/64.0 MiB | Time: 3.2s
[ByzFL-SNN]   [Step 50/500] (10.0%) | Val Acc: 0.8554 | Test Acc: 0.8656 | VRAM (Alloc/Reserved): 93.7/636.0 MiB | Time: 68.2s
[ByzFL-SNN]   [Step 100/500] (20.0%) | Val Acc: 0.8984 | Test Acc: 0.9061 | VRAM (Alloc/Reserved): 94.7/636.0 MiB | Time: 129.7s
[ByzFL-SNN]   [Step 150/500] (30.0%) | Val Acc: 0.9100 | Test Acc: 0.9188 | VRAM (Alloc/Reserved): 94.4/636.0 MiB | Time: 177.4s
[ByzFL-SNN]   [Step 200/500] (40.0%) | Val Acc: 0.9152 | Test Acc: 0.9257 | VRAM (Alloc/Reserved): 93.9/636.0 MiB | Time: 239.3s
[ByzFL-SNN]   [Step 250/500] (50.0%) | Val Acc: 0.9178 | Test Acc: 0.9286 | VRAM (Alloc/Reserved): 93.5/636.0 MiB | Time: 301.4s
[ByzFL-SNN]   [Step 300/500] (60.0%) | Val Acc: 0.9263 | Test Acc: 0.9329 | VRAM (Alloc/Reserved): 93.0/636.0 MiB | Time: 369.0s
[ByzFL-SNN]   [Step 350/500] (70.0%) | Val Acc: 0.9283 | Test Acc: 0.9377 | VRAM (Alloc/Reserved): 94.2/636.0 MiB | Time: 438.5s
[ByzFL-SNN]   [Step 400/500] (80.0%) | Val Acc: 0.9268 | Test Acc: 0.9352 | VRAM (Alloc/Reserved): 93.8/636.0 MiB | Time: 507.5s
[ByzFL-SNN]   [Step 450/500] (90.0%) | Val Acc: 0.9323 | Test Acc: 0.9384 | VRAM (Alloc/Reserved): 94.9/636.0 MiB | Time: 578.6s
[ByzFL-SNN] [Training Complete] Peak VRAM (Alloc/Reserved): 420.3/636.0 MiB | Total time: 649.7s

Training 48 done

[ByzFL-SNN] [Training Start] Model: cnn_mnist | Dataset: mnist
[ByzFL-SNN]   Aggregator: GeometricMedian | Attack: Optimal_InnerProductManipulation
[ByzFL-SNN]   Distribution: gamma_similarity_niid (gamma=1.0)
[ByzFL-SNN]   Clients: 10 honest, 5 byzantine | Algorithm: DSGD
[ByzFL-SNN]   Learning Rate: 0.15 | Steps: 500 | Device: cuda:1
[ByzFL-SNN]   Validation samples: 12000 | Test samples: 10000
[ByzFL-SNN] Initial VRAM (Alloc/Reserved): 36.1/42.0 MiB
[ByzFL-SNN]   [Step 0/500] (0.0%) | Val Acc: 0.1542 | Test Acc: 0.1595 | VRAM (Alloc/Reserved): 44.3/64.0 MiB | Time: 3.0s
[ByzFL-SNN]   [Step 50/500] (10.0%) | Val Acc: 0.8522 | Test Acc: 0.8596 | VRAM (Alloc/Reserved): 93.8/636.0 MiB | Time: 48.5s
[ByzFL-SNN]   [Step 100/500] (20.0%) | Val Acc: 0.8902 | Test Acc: 0.8998 | VRAM (Alloc/Reserved): 93.2/636.0 MiB | Time: 104.3s
[ByzFL-SNN]   [Step 150/500] (30.0%) | Val Acc: 0.9042 | Test Acc: 0.9113 | VRAM (Alloc/Reserved): 93.9/636.0 MiB | Time: 151.3s
[ByzFL-SNN]   [Step 200/500] (40.0%) | Val Acc: 0.9133 | Test Acc: 0.9199 | VRAM (Alloc/Reserved): 93.8/636.0 MiB | Time: 199.1s
[ByzFL-SNN]   [Step 250/500] (50.0%) | Val Acc: 0.9191 | Test Acc: 0.9268 | VRAM (Alloc/Reserved): 94.3/636.0 MiB | Time: 254.7s
[ByzFL-SNN]   [Step 300/500] (60.0%) | Val Acc: 0.9248 | Test Acc: 0.9314 | VRAM (Alloc/Reserved): 93.3/636.0 MiB | Time: 303.0s
[ByzFL-SNN]   [Step 350/500] (70.0%) | Val Acc: 0.9288 | Test Acc: 0.9373 | VRAM (Alloc/Reserved): 95.7/636.0 MiB | Time: 353.4s
[ByzFL-SNN]   [Step 400/500] (80.0%) | Val Acc: 0.9342 | Test Acc: 0.9414 | VRAM (Alloc/Reserved): 94.2/636.0 MiB | Time: 406.0s
[ByzFL-SNN]   [Step 450/500] (90.0%) | Val Acc: 0.9377 | Test Acc: 0.9456 | VRAM (Alloc/Reserved): 93.8/636.0 MiB | Time: 454.9s
[ByzFL-SNN] [Training Complete] Peak VRAM (Alloc/Reserved): 422.3/636.0 MiB | Total time: 512.7s

Training 49 done

[ByzFL-SNN] [Training Start] Model: cnn_mnist | Dataset: mnist
[ByzFL-SNN]   Aggregator: GeometricMedian | Attack: SignFlipping
[ByzFL-SNN]   Distribution: gamma_similarity_niid (gamma=0.66)
[ByzFL-SNN]   Clients: 10 honest, 5 byzantine | Algorithm: DSGD
[ByzFL-SNN]   Learning Rate: 0.15 | Steps: 500 | Device: cuda:1
[ByzFL-SNN]   Validation samples: 12000 | Test samples: 10000
[ByzFL-SNN] Initial VRAM (Alloc/Reserved): 36.1/42.0 MiB
[ByzFL-SNN]   [Step 0/500] (0.0%) | Val Acc: 0.1542 | Test Acc: 0.1595 | VRAM (Alloc/Reserved): 44.3/64.0 MiB | Time: 3.1s
[ByzFL-SNN]   [Step 50/500] (10.0%) | Val Acc: 0.3795 | Test Acc: 0.3811 | VRAM (Alloc/Reserved): 93.7/634.0 MiB | Time: 25.0s
[ByzFL-SNN]   [Step 100/500] (20.0%) | Val Acc: 0.5016 | Test Acc: 0.5008 | VRAM (Alloc/Reserved): 94.4/634.0 MiB | Time: 46.0s
[ByzFL-SNN]   [Step 150/500] (30.0%) | Val Acc: 0.6859 | Test Acc: 0.6839 | VRAM (Alloc/Reserved): 95.0/634.0 MiB | Time: 67.7s
[ByzFL-SNN]   [Step 200/500] (40.0%) | Val Acc: 0.7407 | Test Acc: 0.7450 | VRAM (Alloc/Reserved): 94.7/634.0 MiB | Time: 89.7s
[ByzFL-SNN]   [Step 250/500] (50.0%) | Val Acc: 0.8438 | Test Acc: 0.8527 | VRAM (Alloc/Reserved): 94.0/634.0 MiB | Time: 110.7s
[ByzFL-SNN]   [Step 300/500] (60.0%) | Val Acc: 0.8360 | Test Acc: 0.8456 | VRAM (Alloc/Reserved): 94.8/634.0 MiB | Time: 131.1s
[ByzFL-SNN]   [Step 350/500] (70.0%) | Val Acc: 0.8821 | Test Acc: 0.8937 | VRAM (Alloc/Reserved): 94.1/634.0 MiB | Time: 151.1s
[ByzFL-SNN]   [Step 400/500] (80.0%) | Val Acc: 0.8568 | Test Acc: 0.8608 | VRAM (Alloc/Reserved): 94.7/634.0 MiB | Time: 174.2s
[ByzFL-SNN]   [Step 450/500] (90.0%) | Val Acc: 0.8953 | Test Acc: 0.9092 | VRAM (Alloc/Reserved): 94.4/634.0 MiB | Time: 197.9s
[ByzFL-SNN] [Training Complete] Peak VRAM (Alloc/Reserved): 391.9/634.0 MiB | Total time: 216.8s

Training 50 done

[ByzFL-SNN] [Training Start] Model: cnn_mnist | Dataset: mnist
[ByzFL-SNN]   Aggregator: GeometricMedian | Attack: Optimal_InnerProductManipulation
[ByzFL-SNN]   Distribution: gamma_similarity_niid (gamma=1.0)
[ByzFL-SNN]   Clients: 10 honest, 5 byzantine | Algorithm: DSGD
[ByzFL-SNN]   Learning Rate: 0.15 | Steps: 500 | Device: cuda:1
[ByzFL-SNN]   Validation samples: 12000 | Test samples: 10000
[ByzFL-SNN] Initial VRAM (Alloc/Reserved): 36.1/42.0 MiB
[ByzFL-SNN]   [Step 0/500] (0.0%) | Val Acc: 0.1542 | Test Acc: 0.1595 | VRAM (Alloc/Reserved): 44.3/64.0 MiB | Time: 3.1s
[ByzFL-SNN]   [Step 50/500] (10.0%) | Val Acc: 0.8532 | Test Acc: 0.8633 | VRAM (Alloc/Reserved): 93.8/636.0 MiB | Time: 50.3s
[ByzFL-SNN]   [Step 100/500] (20.0%) | Val Acc: 0.8918 | Test Acc: 0.8984 | VRAM (Alloc/Reserved): 93.2/636.0 MiB | Time: 107.2s
[ByzFL-SNN]   [Step 150/500] (30.0%) | Val Acc: 0.9062 | Test Acc: 0.9142 | VRAM (Alloc/Reserved): 93.9/636.0 MiB | Time: 160.9s
[ByzFL-SNN]   [Step 200/500] (40.0%) | Val Acc: 0.9128 | Test Acc: 0.9212 | VRAM (Alloc/Reserved): 93.8/636.0 MiB | Time: 215.8s
[ByzFL-SNN]   [Step 250/500] (50.0%) | Val Acc: 0.9207 | Test Acc: 0.9268 | VRAM (Alloc/Reserved): 94.3/636.0 MiB | Time: 267.8s
[ByzFL-SNN]   [Step 300/500] (60.0%) | Val Acc: 0.9267 | Test Acc: 0.9349 | VRAM (Alloc/Reserved): 93.3/636.0 MiB | Time: 319.2s
[ByzFL-SNN]   [Step 350/500] (70.0%) | Val Acc: 0.9312 | Test Acc: 0.9399 | VRAM (Alloc/Reserved): 95.7/636.0 MiB | Time: 372.6s
[ByzFL-SNN]   [Step 400/500] (80.0%) | Val Acc: 0.9367 | Test Acc: 0.9432 | VRAM (Alloc/Reserved): 94.2/636.0 MiB | Time: 422.9s
[ByzFL-SNN]   [Step 450/500] (90.0%) | Val Acc: 0.9416 | Test Acc: 0.9457 | VRAM (Alloc/Reserved): 93.8/636.0 MiB | Time: 481.3s
[ByzFL-SNN] [Training Complete] Peak VRAM (Alloc/Reserved): 422.3/636.0 MiB | Total time: 530.4s

Training 51 done

[ByzFL-SNN] [Training Start] Model: cnn_mnist | Dataset: mnist
[ByzFL-SNN]   Aggregator: GeometricMedian | Attack: Optimal_ALittleIsEnough_neg1
[ByzFL-SNN]   Distribution: gamma_similarity_niid (gamma=1.0)
[ByzFL-SNN]   Clients: 10 honest, 5 byzantine | Algorithm: DSGD
[ByzFL-SNN]   Learning Rate: 0.15 | Steps: 500 | Device: cuda:1
[ByzFL-SNN]   Validation samples: 12000 | Test samples: 10000
[ByzFL-SNN] Initial VRAM (Alloc/Reserved): 36.1/42.0 MiB
[ByzFL-SNN]   [Step 0/500] (0.0%) | Val Acc: 0.1542 | Test Acc: 0.1595 | VRAM (Alloc/Reserved): 44.3/64.0 MiB | Time: 3.0s
[ByzFL-SNN]   [Step 50/500] (10.0%) | Val Acc: 0.8673 | Test Acc: 0.8773 | VRAM (Alloc/Reserved): 93.7/636.0 MiB | Time: 66.5s
[ByzFL-SNN]   [Step 100/500] (20.0%) | Val Acc: 0.8947 | Test Acc: 0.9021 | VRAM (Alloc/Reserved): 94.7/636.0 MiB | Time: 113.1s
[ByzFL-SNN]   [Step 150/500] (30.0%) | Val Acc: 0.9098 | Test Acc: 0.9130 | VRAM (Alloc/Reserved): 94.4/636.0 MiB | Time: 174.1s
[ByzFL-SNN]   [Step 200/500] (40.0%) | Val Acc: 0.9067 | Test Acc: 0.9120 | VRAM (Alloc/Reserved): 93.9/636.0 MiB | Time: 234.9s
[ByzFL-SNN]   [Step 250/500] (50.0%) | Val Acc: 0.9173 | Test Acc: 0.9275 | VRAM (Alloc/Reserved): 93.5/636.0 MiB | Time: 298.1s
[ByzFL-SNN]   [Step 300/500] (60.0%) | Val Acc: 0.9313 | Test Acc: 0.9367 | VRAM (Alloc/Reserved): 93.0/636.0 MiB | Time: 370.8s
[ByzFL-SNN]   [Step 350/500] (70.0%) | Val Acc: 0.9297 | Test Acc: 0.9377 | VRAM (Alloc/Reserved): 94.2/636.0 MiB | Time: 437.6s
[ByzFL-SNN]   [Step 400/500] (80.0%) | Val Acc: 0.9305 | Test Acc: 0.9392 | VRAM (Alloc/Reserved): 93.8/636.0 MiB | Time: 508.6s
[ByzFL-SNN]   [Step 450/500] (90.0%) | Val Acc: 0.9357 | Test Acc: 0.9432 | VRAM (Alloc/Reserved): 94.9/636.0 MiB | Time: 575.3s
[ByzFL-SNN] [Training Complete] Peak VRAM (Alloc/Reserved): 420.3/636.0 MiB | Total time: 646.1s

Training 52 done

[ByzFL-SNN] [Training Start] Model: cnn_mnist | Dataset: mnist
[ByzFL-SNN]   Aggregator: GeometricMedian | Attack: Optimal_ALittleIsEnough_neg1
[ByzFL-SNN]   Distribution: gamma_similarity_niid (gamma=0.66)
[ByzFL-SNN]   Clients: 10 honest, 5 byzantine | Algorithm: DSGD
[ByzFL-SNN]   Learning Rate: 0.15 | Steps: 500 | Device: cuda:0
[ByzFL-SNN]   Validation samples: 12000 | Test samples: 10000
[ByzFL-SNN] Initial VRAM (Alloc/Reserved): 36.1/42.0 MiB
[ByzFL-SNN]   [Step 0/500] (0.0%) | Val Acc: 0.1542 | Test Acc: 0.1595 | VRAM (Alloc/Reserved): 44.3/64.0 MiB | Time: 3.5s
[ByzFL-SNN]   [Step 50/500] (10.0%) | Val Acc: 0.6228 | Test Acc: 0.6304 | VRAM (Alloc/Reserved): 93.7/634.0 MiB | Time: 57.1s
[ByzFL-SNN]   [Step 100/500] (20.0%) | Val Acc: 0.5972 | Test Acc: 0.6003 | VRAM (Alloc/Reserved): 94.7/634.0 MiB | Time: 113.0s
[ByzFL-SNN]   [Step 150/500] (30.0%) | Val Acc: 0.7221 | Test Acc: 0.7245 | VRAM (Alloc/Reserved): 94.4/634.0 MiB | Time: 165.7s
[ByzFL-SNN]   [Step 200/500] (40.0%) | Val Acc: 0.6818 | Test Acc: 0.6957 | VRAM (Alloc/Reserved): 93.9/634.0 MiB | Time: 213.9s
[ByzFL-SNN]   [Step 250/500] (50.0%) | Val Acc: 0.7439 | Test Acc: 0.7526 | VRAM (Alloc/Reserved): 93.5/634.0 MiB | Time: 265.4s
[ByzFL-SNN]   [Step 300/500] (60.0%) | Val Acc: 0.8301 | Test Acc: 0.8389 | VRAM (Alloc/Reserved): 93.0/634.0 MiB | Time: 313.4s
[ByzFL-SNN]   [Step 350/500] (70.0%) | Val Acc: 0.8241 | Test Acc: 0.8252 | VRAM (Alloc/Reserved): 94.2/634.0 MiB | Time: 361.1s
[ByzFL-SNN]   [Step 400/500] (80.0%) | Val Acc: 0.8547 | Test Acc: 0.8640 | VRAM (Alloc/Reserved): 93.8/634.0 MiB | Time: 420.3s
[ByzFL-SNN]   [Step 450/500] (90.0%) | Val Acc: 0.8372 | Test Acc: 0.8371 | VRAM (Alloc/Reserved): 94.9/634.0 MiB | Time: 486.8s
[ByzFL-SNN] [Training Complete] Peak VRAM (Alloc/Reserved): 420.3/634.0 MiB | Total time: 550.1s

Training 53 done

[ByzFL-SNN] [Training Start] Model: cnn_mnist | Dataset: mnist
[ByzFL-SNN]   Aggregator: GeometricMedian | Attack: Optimal_ALittleIsEnough_neg1
[ByzFL-SNN]   Distribution: gamma_similarity_niid (gamma=0.66)
[ByzFL-SNN]   Clients: 10 honest, 5 byzantine | Algorithm: DSGD
[ByzFL-SNN]   Learning Rate: 0.15 | Steps: 500 | Device: cuda:0
[ByzFL-SNN]   Validation samples: 12000 | Test samples: 10000
[ByzFL-SNN] Initial VRAM (Alloc/Reserved): 36.1/42.0 MiB
[ByzFL-SNN]   [Step 0/500] (0.0%) | Val Acc: 0.1542 | Test Acc: 0.1595 | VRAM (Alloc/Reserved): 44.3/64.0 MiB | Time: 3.0s
[ByzFL-SNN]   [Step 50/500] (10.0%) | Val Acc: 0.6877 | Test Acc: 0.6878 | VRAM (Alloc/Reserved): 93.7/634.0 MiB | Time: 55.7s
[ByzFL-SNN]   [Step 100/500] (20.0%) | Val Acc: 0.6615 | Test Acc: 0.6715 | VRAM (Alloc/Reserved): 94.7/634.0 MiB | Time: 114.0s
[ByzFL-SNN]   [Step 150/500] (30.0%) | Val Acc: 0.7384 | Test Acc: 0.7545 | VRAM (Alloc/Reserved): 94.4/634.0 MiB | Time: 163.9s
[ByzFL-SNN]   [Step 200/500] (40.0%) | Val Acc: 0.8303 | Test Acc: 0.8400 | VRAM (Alloc/Reserved): 93.9/634.0 MiB | Time: 213.0s
[ByzFL-SNN]   [Step 250/500] (50.0%) | Val Acc: 0.8792 | Test Acc: 0.8875 | VRAM (Alloc/Reserved): 93.5/634.0 MiB | Time: 268.6s
[ByzFL-SNN]   [Step 300/500] (60.0%) | Val Acc: 0.8077 | Test Acc: 0.8098 | VRAM (Alloc/Reserved): 93.0/634.0 MiB | Time: 311.5s
[ByzFL-SNN]   [Step 350/500] (70.0%) | Val Acc: 0.8838 | Test Acc: 0.8916 | VRAM (Alloc/Reserved): 94.2/634.0 MiB | Time: 366.3s
[ByzFL-SNN]   [Step 400/500] (80.0%) | Val Acc: 0.9031 | Test Acc: 0.9129 | VRAM (Alloc/Reserved): 93.8/634.0 MiB | Time: 430.9s
[ByzFL-SNN]   [Step 450/500] (90.0%) | Val Acc: 0.8986 | Test Acc: 0.9033 | VRAM (Alloc/Reserved): 94.9/634.0 MiB | Time: 497.6s
[ByzFL-SNN] [Training Complete] Peak VRAM (Alloc/Reserved): 420.3/634.0 MiB | Total time: 557.2s

Training 54 done

[ByzFL-SNN] [Training Start] Model: cnn_mnist | Dataset: mnist
[ByzFL-SNN]   Aggregator: GeometricMedian | Attack: SignFlipping
[ByzFL-SNN]   Distribution: gamma_similarity_niid (gamma=0.33)
[ByzFL-SNN]   Clients: 10 honest, 5 byzantine | Algorithm: DSGD
[ByzFL-SNN]   Learning Rate: 0.15 | Steps: 500 | Device: cuda:1
[ByzFL-SNN]   Validation samples: 12000 | Test samples: 10000
[ByzFL-SNN] Initial VRAM (Alloc/Reserved): 36.1/42.0 MiB
[ByzFL-SNN]   [Step 0/500] (0.0%) | Val Acc: 0.1542 | Test Acc: 0.1595 | VRAM (Alloc/Reserved): 44.3/64.0 MiB | Time: 3.7s
[ByzFL-SNN]   [Step 50/500] (10.0%) | Val Acc: 0.1144 | Test Acc: 0.1153 | VRAM (Alloc/Reserved): 93.7/632.0 MiB | Time: 23.8s
[ByzFL-SNN]   [Step 100/500] (20.0%) | Val Acc: 0.2413 | Test Acc: 0.2405 | VRAM (Alloc/Reserved): 94.4/632.0 MiB | Time: 42.4s
[ByzFL-SNN]   [Step 150/500] (30.0%) | Val Acc: 0.3096 | Test Acc: 0.3109 | VRAM (Alloc/Reserved): 95.0/632.0 MiB | Time: 62.3s
[ByzFL-SNN]   [Step 200/500] (40.0%) | Val Acc: 0.4027 | Test Acc: 0.4064 | VRAM (Alloc/Reserved): 94.7/632.0 MiB | Time: 79.8s
[ByzFL-SNN]   [Step 250/500] (50.0%) | Val Acc: 0.3428 | Test Acc: 0.3409 | VRAM (Alloc/Reserved): 94.0/632.0 MiB | Time: 98.5s
[ByzFL-SNN]   [Step 300/500] (60.0%) | Val Acc: 0.3100 | Test Acc: 0.3085 | VRAM (Alloc/Reserved): 94.8/632.0 MiB | Time: 116.2s
[ByzFL-SNN]   [Step 350/500] (70.0%) | Val Acc: 0.5239 | Test Acc: 0.5270 | VRAM (Alloc/Reserved): 94.1/632.0 MiB | Time: 134.2s
[ByzFL-SNN]   [Step 400/500] (80.0%) | Val Acc: 0.3615 | Test Acc: 0.3643 | VRAM (Alloc/Reserved): 94.7/632.0 MiB | Time: 152.5s
[ByzFL-SNN]   [Step 450/500] (90.0%) | Val Acc: 0.5282 | Test Acc: 0.5301 | VRAM (Alloc/Reserved): 94.4/632.0 MiB | Time: 170.1s
[ByzFL-SNN] [Training Complete] Peak VRAM (Alloc/Reserved): 391.9/632.0 MiB | Total time: 187.0s

Training 55 done

[ByzFL-SNN] [Training Start] Model: cnn_mnist | Dataset: mnist
[ByzFL-SNN]   Aggregator: GeometricMedian | Attack: SignFlipping
[ByzFL-SNN]   Distribution: gamma_similarity_niid (gamma=0.33)
[ByzFL-SNN]   Clients: 10 honest, 5 byzantine | Algorithm: DSGD
[ByzFL-SNN]   Learning Rate: 0.15 | Steps: 500 | Device: cuda:0
[ByzFL-SNN]   Validation samples: 12000 | Test samples: 10000
[ByzFL-SNN] Initial VRAM (Alloc/Reserved): 36.1/42.0 MiB
[ByzFL-SNN]   [Step 0/500] (0.0%) | Val Acc: 0.1542 | Test Acc: 0.1595 | VRAM (Alloc/Reserved): 44.3/64.0 MiB | Time: 3.1s
[ByzFL-SNN]   [Step 50/500] (10.0%) | Val Acc: 0.1643 | Test Acc: 0.1671 | VRAM (Alloc/Reserved): 93.7/632.0 MiB | Time: 31.0s
[ByzFL-SNN]   [Step 100/500] (20.0%) | Val Acc: 0.1646 | Test Acc: 0.1666 | VRAM (Alloc/Reserved): 94.4/632.0 MiB | Time: 53.9s
[ByzFL-SNN]   [Step 150/500] (30.0%) | Val Acc: 0.3963 | Test Acc: 0.3897 | VRAM (Alloc/Reserved): 95.0/632.0 MiB | Time: 75.9s
[ByzFL-SNN]   [Step 200/500] (40.0%) | Val Acc: 0.3570 | Test Acc: 0.3564 | VRAM (Alloc/Reserved): 94.7/632.0 MiB | Time: 97.0s
[ByzFL-SNN]   [Step 250/500] (50.0%) | Val Acc: 0.5050 | Test Acc: 0.5109 | VRAM (Alloc/Reserved): 94.0/632.0 MiB | Time: 119.3s
[ByzFL-SNN]   [Step 300/500] (60.0%) | Val Acc: 0.4455 | Test Acc: 0.4516 | VRAM (Alloc/Reserved): 94.8/632.0 MiB | Time: 141.3s
[ByzFL-SNN]   [Step 350/500] (70.0%) | Val Acc: 0.4695 | Test Acc: 0.4702 | VRAM (Alloc/Reserved): 94.1/632.0 MiB | Time: 161.9s
[ByzFL-SNN]   [Step 400/500] (80.0%) | Val Acc: 0.5607 | Test Acc: 0.5670 | VRAM (Alloc/Reserved): 94.7/632.0 MiB | Time: 183.6s
[ByzFL-SNN]   [Step 450/500] (90.0%) | Val Acc: 0.5401 | Test Acc: 0.5466 | VRAM (Alloc/Reserved): 94.4/632.0 MiB | Time: 203.8s
[ByzFL-SNN] [Training Complete] Peak VRAM (Alloc/Reserved): 391.9/632.0 MiB | Total time: 219.1s

Training 56 done

[ByzFL-SNN] [Training Start] Model: cnn_mnist | Dataset: mnist
[ByzFL-SNN]   Aggregator: GeometricMedian | Attack: SignFlipping
[ByzFL-SNN]   Distribution: gamma_similarity_niid (gamma=0.33)
[ByzFL-SNN]   Clients: 10 honest, 5 byzantine | Algorithm: DSGD
[ByzFL-SNN]   Learning Rate: 0.15 | Steps: 500 | Device: cuda:0
[ByzFL-SNN]   Validation samples: 12000 | Test samples: 10000
[ByzFL-SNN] Initial VRAM (Alloc/Reserved): 36.1/42.0 MiB
[ByzFL-SNN]   [Step 0/500] (0.0%) | Val Acc: 0.1542 | Test Acc: 0.1595 | VRAM (Alloc/Reserved): 44.3/64.0 MiB | Time: 4.7s
[ByzFL-SNN]   [Step 50/500] (10.0%) | Val Acc: 0.1218 | Test Acc: 0.1229 | VRAM (Alloc/Reserved): 93.7/632.0 MiB | Time: 28.3s
[ByzFL-SNN]   [Step 100/500] (20.0%) | Val Acc: 0.1953 | Test Acc: 0.1977 | VRAM (Alloc/Reserved): 94.4/632.0 MiB | Time: 50.7s
[ByzFL-SNN]   [Step 150/500] (30.0%) | Val Acc: 0.3696 | Test Acc: 0.3774 | VRAM (Alloc/Reserved): 95.0/632.0 MiB | Time: 71.4s
[ByzFL-SNN]   [Step 200/500] (40.0%) | Val Acc: 0.3886 | Test Acc: 0.3898 | VRAM (Alloc/Reserved): 94.7/632.0 MiB | Time: 92.6s
[ByzFL-SNN]   [Step 250/500] (50.0%) | Val Acc: 0.3927 | Test Acc: 0.4013 | VRAM (Alloc/Reserved): 94.0/632.0 MiB | Time: 114.0s
[ByzFL-SNN]   [Step 300/500] (60.0%) | Val Acc: 0.4392 | Test Acc: 0.4424 | VRAM (Alloc/Reserved): 94.8/632.0 MiB | Time: 134.3s
[ByzFL-SNN]   [Step 350/500] (70.0%) | Val Acc: 0.4437 | Test Acc: 0.4529 | VRAM (Alloc/Reserved): 94.1/632.0 MiB | Time: 155.7s
[ByzFL-SNN]   [Step 400/500] (80.0%) | Val Acc: 0.4704 | Test Acc: 0.4781 | VRAM (Alloc/Reserved): 94.7/632.0 MiB | Time: 175.5s
[ByzFL-SNN]   [Step 450/500] (90.0%) | Val Acc: 0.4698 | Test Acc: 0.4737 | VRAM (Alloc/Reserved): 94.4/632.0 MiB | Time: 193.5s
[ByzFL-SNN] [Training Complete] Peak VRAM (Alloc/Reserved): 391.9/632.0 MiB | Total time: 210.3s

Training 57 done

[ByzFL-SNN] [Training Start] Model: cnn_mnist | Dataset: mnist
[ByzFL-SNN]   Aggregator: GeometricMedian | Attack: Optimal_ALittleIsEnough_neg1
[ByzFL-SNN]   Distribution: gamma_similarity_niid (gamma=0.66)
[ByzFL-SNN]   Clients: 10 honest, 5 byzantine | Algorithm: DSGD
[ByzFL-SNN]   Learning Rate: 0.15 | Steps: 500 | Device: cuda:1
[ByzFL-SNN]   Validation samples: 12000 | Test samples: 10000
[ByzFL-SNN] Initial VRAM (Alloc/Reserved): 36.1/42.0 MiB
[ByzFL-SNN]   [Step 0/500] (0.0%) | Val Acc: 0.1542 | Test Acc: 0.1595 | VRAM (Alloc/Reserved): 44.3/64.0 MiB | Time: 3.1s
[ByzFL-SNN]   [Step 50/500] (10.0%) | Val Acc: 0.7500 | Test Acc: 0.7578 | VRAM (Alloc/Reserved): 93.7/634.0 MiB | Time: 73.3s
[ByzFL-SNN]   [Step 100/500] (20.0%) | Val Acc: 0.7357 | Test Acc: 0.7389 | VRAM (Alloc/Reserved): 94.7/634.0 MiB | Time: 136.3s
[ByzFL-SNN]   [Step 150/500] (30.0%) | Val Acc: 0.6291 | Test Acc: 0.6363 | VRAM (Alloc/Reserved): 94.4/634.0 MiB | Time: 206.4s
[ByzFL-SNN]   [Step 200/500] (40.0%) | Val Acc: 0.7056 | Test Acc: 0.7130 | VRAM (Alloc/Reserved): 93.9/634.0 MiB | Time: 273.0s
[ByzFL-SNN]   [Step 250/500] (50.0%) | Val Acc: 0.7517 | Test Acc: 0.7576 | VRAM (Alloc/Reserved): 93.5/634.0 MiB | Time: 349.2s
[ByzFL-SNN]   [Step 300/500] (60.0%) | Val Acc: 0.7583 | Test Acc: 0.7684 | VRAM (Alloc/Reserved): 93.0/634.0 MiB | Time: 404.4s
[ByzFL-SNN]   [Step 350/500] (70.0%) | Val Acc: 0.7562 | Test Acc: 0.7701 | VRAM (Alloc/Reserved): 94.2/634.0 MiB | Time: 452.8s
[ByzFL-SNN]   [Step 400/500] (80.0%) | Val Acc: 0.7821 | Test Acc: 0.7921 | VRAM (Alloc/Reserved): 93.8/634.0 MiB | Time: 501.7s
[ByzFL-SNN]   [Step 450/500] (90.0%) | Val Acc: 0.8826 | Test Acc: 0.8921 | VRAM (Alloc/Reserved): 94.9/634.0 MiB | Time: 551.6s
[ByzFL-SNN] [Training Complete] Peak VRAM (Alloc/Reserved): 420.3/634.0 MiB | Total time: 611.4s

Training 58 done

[ByzFL-SNN] [Training Start] Model: cnn_mnist | Dataset: mnist
[ByzFL-SNN]   Aggregator: GeometricMedian | Attack: Optimal_InnerProductManipulation
[ByzFL-SNN]   Distribution: gamma_similarity_niid (gamma=0.66)
[ByzFL-SNN]   Clients: 10 honest, 5 byzantine | Algorithm: DSGD
[ByzFL-SNN]   Learning Rate: 0.15 | Steps: 500 | Device: cuda:0
[ByzFL-SNN]   Validation samples: 12000 | Test samples: 10000
[ByzFL-SNN] Initial VRAM (Alloc/Reserved): 36.1/42.0 MiB
[ByzFL-SNN]   [Step 0/500] (0.0%) | Val Acc: 0.1542 | Test Acc: 0.1595 | VRAM (Alloc/Reserved): 44.3/64.0 MiB | Time: 3.3s
[ByzFL-SNN]   [Step 50/500] (10.0%) | Val Acc: 0.3848 | Test Acc: 0.3915 | VRAM (Alloc/Reserved): 93.8/634.0 MiB | Time: 51.0s
[ByzFL-SNN]   [Step 100/500] (20.0%) | Val Acc: 0.5126 | Test Acc: 0.5190 | VRAM (Alloc/Reserved): 93.2/634.0 MiB | Time: 91.1s
[ByzFL-SNN]   [Step 150/500] (30.0%) | Val Acc: 0.5986 | Test Acc: 0.6091 | VRAM (Alloc/Reserved): 93.9/634.0 MiB | Time: 146.2s
[ByzFL-SNN]   [Step 200/500] (40.0%) | Val Acc: 0.8338 | Test Acc: 0.8399 | VRAM (Alloc/Reserved): 93.8/634.0 MiB | Time: 207.9s
[ByzFL-SNN]   [Step 250/500] (50.0%) | Val Acc: 0.8369 | Test Acc: 0.8460 | VRAM (Alloc/Reserved): 94.3/634.0 MiB | Time: 272.0s
[ByzFL-SNN]   [Step 300/500] (60.0%) | Val Acc: 0.8413 | Test Acc: 0.8554 | VRAM (Alloc/Reserved): 93.3/634.0 MiB | Time: 328.4s
[ByzFL-SNN]   [Step 350/500] (70.0%) | Val Acc: 0.8747 | Test Acc: 0.8871 | VRAM (Alloc/Reserved): 95.7/634.0 MiB | Time: 377.6s
[ByzFL-SNN]   [Step 400/500] (80.0%) | Val Acc: 0.8773 | Test Acc: 0.8860 | VRAM (Alloc/Reserved): 94.2/634.0 MiB | Time: 436.6s
[ByzFL-SNN]   [Step 450/500] (90.0%) | Val Acc: 0.9006 | Test Acc: 0.9083 | VRAM (Alloc/Reserved): 93.8/634.0 MiB | Time: 498.0s
[ByzFL-SNN] [Training Complete] Peak VRAM (Alloc/Reserved): 422.3/634.0 MiB | Total time: 556.3s

Training 59 done

[ByzFL-SNN] [Training Start] Model: cnn_mnist | Dataset: mnist
[ByzFL-SNN]   Aggregator: GeometricMedian | Attack: Optimal_InnerProductManipulation
[ByzFL-SNN]   Distribution: gamma_similarity_niid (gamma=0.66)
[ByzFL-SNN]   Clients: 10 honest, 5 byzantine | Algorithm: DSGD
[ByzFL-SNN]   Learning Rate: 0.15 | Steps: 500 | Device: cuda:0
[ByzFL-SNN]   Validation samples: 12000 | Test samples: 10000
[ByzFL-SNN] Initial VRAM (Alloc/Reserved): 36.1/42.0 MiB
[ByzFL-SNN]   [Step 0/500] (0.0%) | Val Acc: 0.1542 | Test Acc: 0.1595 | VRAM (Alloc/Reserved): 44.3/64.0 MiB | Time: 3.4s
[ByzFL-SNN]   [Step 50/500] (10.0%) | Val Acc: 0.4014 | Test Acc: 0.3987 | VRAM (Alloc/Reserved): 93.8/634.0 MiB | Time: 44.0s
[ByzFL-SNN]   [Step 100/500] (20.0%) | Val Acc: 0.6998 | Test Acc: 0.6985 | VRAM (Alloc/Reserved): 93.2/634.0 MiB | Time: 96.5s
[ByzFL-SNN]   [Step 150/500] (30.0%) | Val Acc: 0.7907 | Test Acc: 0.8005 | VRAM (Alloc/Reserved): 93.9/634.0 MiB | Time: 159.3s
[ByzFL-SNN]   [Step 200/500] (40.0%) | Val Acc: 0.8588 | Test Acc: 0.8630 | VRAM (Alloc/Reserved): 93.8/634.0 MiB | Time: 221.8s
[ByzFL-SNN]   [Step 250/500] (50.0%) | Val Acc: 0.8775 | Test Acc: 0.8871 | VRAM (Alloc/Reserved): 94.3/634.0 MiB | Time: 281.5s
[ByzFL-SNN]   [Step 300/500] (60.0%) | Val Acc: 0.9172 | Test Acc: 0.9250 | VRAM (Alloc/Reserved): 93.3/634.0 MiB | Time: 329.6s
[ByzFL-SNN]   [Step 350/500] (70.0%) | Val Acc: 0.8842 | Test Acc: 0.8971 | VRAM (Alloc/Reserved): 95.7/634.0 MiB | Time: 389.5s
[ByzFL-SNN]   [Step 400/500] (80.0%) | Val Acc: 0.9368 | Test Acc: 0.9418 | VRAM (Alloc/Reserved): 94.2/634.0 MiB | Time: 448.1s
[ByzFL-SNN]   [Step 450/500] (90.0%) | Val Acc: 0.9287 | Test Acc: 0.9362 | VRAM (Alloc/Reserved): 93.8/634.0 MiB | Time: 509.1s
[ByzFL-SNN] [Training Complete] Peak VRAM (Alloc/Reserved): 422.3/634.0 MiB | Total time: 558.0s

Training 60 done

[ByzFL-SNN] [Training Start] Model: cnn_mnist | Dataset: mnist
[ByzFL-SNN]   Aggregator: GeometricMedian | Attack: Optimal_InnerProductManipulation
[ByzFL-SNN]   Distribution: gamma_similarity_niid (gamma=0.66)
[ByzFL-SNN]   Clients: 10 honest, 5 byzantine | Algorithm: DSGD
[ByzFL-SNN]   Learning Rate: 0.15 | Steps: 500 | Device: cuda:1
[ByzFL-SNN]   Validation samples: 12000 | Test samples: 10000
[ByzFL-SNN] Initial VRAM (Alloc/Reserved): 36.1/42.0 MiB
[ByzFL-SNN]   [Step 0/500] (0.0%) | Val Acc: 0.1542 | Test Acc: 0.1595 | VRAM (Alloc/Reserved): 44.3/64.0 MiB | Time: 3.5s
[ByzFL-SNN]   [Step 50/500] (10.0%) | Val Acc: 0.3443 | Test Acc: 0.3469 | VRAM (Alloc/Reserved): 93.8/634.0 MiB | Time: 73.3s
[ByzFL-SNN]   [Step 100/500] (20.0%) | Val Acc: 0.5420 | Test Acc: 0.5428 | VRAM (Alloc/Reserved): 93.2/634.0 MiB | Time: 125.7s
[ByzFL-SNN]   [Step 150/500] (30.0%) | Val Acc: 0.6460 | Test Acc: 0.6502 | VRAM (Alloc/Reserved): 93.9/634.0 MiB | Time: 172.3s
[ByzFL-SNN]   [Step 200/500] (40.0%) | Val Acc: 0.7346 | Test Acc: 0.7438 | VRAM (Alloc/Reserved): 93.8/634.0 MiB | Time: 218.1s
[ByzFL-SNN]   [Step 250/500] (50.0%) | Val Acc: 0.8201 | Test Acc: 0.8263 | VRAM (Alloc/Reserved): 94.3/634.0 MiB | Time: 263.5s
[ByzFL-SNN]   [Step 300/500] (60.0%) | Val Acc: 0.8611 | Test Acc: 0.8707 | VRAM (Alloc/Reserved): 93.3/634.0 MiB | Time: 315.9s
[ByzFL-SNN]   [Step 350/500] (70.0%) | Val Acc: 0.8656 | Test Acc: 0.8734 | VRAM (Alloc/Reserved): 95.7/634.0 MiB | Time: 378.4s
[ByzFL-SNN]   [Step 400/500] (80.0%) | Val Acc: 0.8872 | Test Acc: 0.8953 | VRAM (Alloc/Reserved): 94.2/634.0 MiB | Time: 441.2s
[ByzFL-SNN]   [Step 450/500] (90.0%) | Val Acc: 0.8638 | Test Acc: 0.8691 | VRAM (Alloc/Reserved): 93.8/634.0 MiB | Time: 502.7s
[ByzFL-SNN] [Training Complete] Peak VRAM (Alloc/Reserved): 422.3/634.0 MiB | Total time: 564.2s

Training 61 done

[ByzFL-SNN] [Training Start] Model: cnn_mnist | Dataset: mnist
[ByzFL-SNN]   Aggregator: GeometricMedian | Attack: Optimal_ALittleIsEnough_neg1
[ByzFL-SNN]   Distribution: gamma_similarity_niid (gamma=0.33)
[ByzFL-SNN]   Clients: 10 honest, 5 byzantine | Algorithm: DSGD
[ByzFL-SNN]   Learning Rate: 0.15 | Steps: 500 | Device: cuda:1
[ByzFL-SNN]   Validation samples: 12000 | Test samples: 10000
[ByzFL-SNN] Initial VRAM (Alloc/Reserved): 36.1/42.0 MiB
[ByzFL-SNN]   [Step 0/500] (0.0%) | Val Acc: 0.1542 | Test Acc: 0.1595 | VRAM (Alloc/Reserved): 44.3/64.0 MiB | Time: 3.2s
[ByzFL-SNN]   [Step 50/500] (10.0%) | Val Acc: 0.3541 | Test Acc: 0.3587 | VRAM (Alloc/Reserved): 93.7/632.0 MiB | Time: 75.4s
[ByzFL-SNN]   [Step 100/500] (20.0%) | Val Acc: 0.6734 | Test Acc: 0.6789 | VRAM (Alloc/Reserved): 94.7/632.0 MiB | Time: 124.3s
[ByzFL-SNN]   [Step 150/500] (30.0%) | Val Acc: 0.7063 | Test Acc: 0.7197 | VRAM (Alloc/Reserved): 94.4/632.0 MiB | Time: 173.9s
[ByzFL-SNN]   [Step 200/500] (40.0%) | Val Acc: 0.6838 | Test Acc: 0.6832 | VRAM (Alloc/Reserved): 93.9/632.0 MiB | Time: 221.7s
[ByzFL-SNN]   [Step 250/500] (50.0%) | Val Acc: 0.6575 | Test Acc: 0.6668 | VRAM (Alloc/Reserved): 93.5/632.0 MiB | Time: 269.7s
[ByzFL-SNN]   [Step 300/500] (60.0%) | Val Acc: 0.8908 | Test Acc: 0.8960 | VRAM (Alloc/Reserved): 93.0/632.0 MiB | Time: 332.8s
[ByzFL-SNN]   [Step 350/500] (70.0%) | Val Acc: 0.8602 | Test Acc: 0.8656 | VRAM (Alloc/Reserved): 94.2/632.0 MiB | Time: 397.3s
[ByzFL-SNN]   [Step 400/500] (80.0%) | Val Acc: 0.8085 | Test Acc: 0.8192 | VRAM (Alloc/Reserved): 93.8/632.0 MiB | Time: 463.1s
[ByzFL-SNN]   [Step 450/500] (90.0%) | Val Acc: 0.8747 | Test Acc: 0.8874 | VRAM (Alloc/Reserved): 94.9/632.0 MiB | Time: 528.7s
[ByzFL-SNN] [Training Complete] Peak VRAM (Alloc/Reserved): 420.3/632.0 MiB | Total time: 592.6s

Training 62 done

[ByzFL-SNN] [Training Start] Model: cnn_mnist | Dataset: mnist
[ByzFL-SNN]   Aggregator: GeometricMedian | Attack: Optimal_ALittleIsEnough_neg1
[ByzFL-SNN]   Distribution: gamma_similarity_niid (gamma=0.33)
[ByzFL-SNN]   Clients: 10 honest, 5 byzantine | Algorithm: DSGD
[ByzFL-SNN]   Learning Rate: 0.15 | Steps: 500 | Device: cuda:1
[ByzFL-SNN]   Validation samples: 12000 | Test samples: 10000
[ByzFL-SNN] Initial VRAM (Alloc/Reserved): 36.1/42.0 MiB
[ByzFL-SNN]   [Step 0/500] (0.0%) | Val Acc: 0.1542 | Test Acc: 0.1595 | VRAM (Alloc/Reserved): 44.3/64.0 MiB | Time: 3.2s
[ByzFL-SNN]   [Step 50/500] (10.0%) | Val Acc: 0.3689 | Test Acc: 0.3824 | VRAM (Alloc/Reserved): 93.7/632.0 MiB | Time: 59.2s
[ByzFL-SNN]   [Step 100/500] (20.0%) | Val Acc: 0.5150 | Test Acc: 0.5211 | VRAM (Alloc/Reserved): 94.7/632.0 MiB | Time: 107.1s
[ByzFL-SNN]   [Step 150/500] (30.0%) | Val Acc: 0.5700 | Test Acc: 0.5720 | VRAM (Alloc/Reserved): 94.4/632.0 MiB | Time: 156.3s
[ByzFL-SNN]   [Step 200/500] (40.0%) | Val Acc: 0.7663 | Test Acc: 0.7715 | VRAM (Alloc/Reserved): 93.9/632.0 MiB | Time: 203.6s
[ByzFL-SNN]   [Step 250/500] (50.0%) | Val Acc: 0.8584 | Test Acc: 0.8639 | VRAM (Alloc/Reserved): 93.5/632.0 MiB | Time: 262.2s
[ByzFL-SNN]   [Step 300/500] (60.0%) | Val Acc: 0.8926 | Test Acc: 0.8962 | VRAM (Alloc/Reserved): 93.0/632.0 MiB | Time: 328.4s
[ByzFL-SNN]   [Step 350/500] (70.0%) | Val Acc: 0.7232 | Test Acc: 0.7385 | VRAM (Alloc/Reserved): 94.2/632.0 MiB | Time: 393.7s
[ByzFL-SNN]   [Step 400/500] (80.0%) | Val Acc: 0.8572 | Test Acc: 0.8691 | VRAM (Alloc/Reserved): 93.8/632.0 MiB | Time: 458.9s
[ByzFL-SNN]   [Step 450/500] (90.0%) | Val Acc: 0.8839 | Test Acc: 0.8947 | VRAM (Alloc/Reserved): 94.9/632.0 MiB | Time: 528.2s
[ByzFL-SNN] [Training Complete] Peak VRAM (Alloc/Reserved): 420.3/632.0 MiB | Total time: 581.9s

Training 63 done

[ByzFL-SNN] [Training Start] Model: cnn_mnist | Dataset: mnist
[ByzFL-SNN]   Aggregator: GeometricMedian | Attack: Optimal_ALittleIsEnough_neg1
[ByzFL-SNN]   Distribution: gamma_similarity_niid (gamma=0.33)
[ByzFL-SNN]   Clients: 10 honest, 5 byzantine | Algorithm: DSGD
[ByzFL-SNN]   Learning Rate: 0.15 | Steps: 500 | Device: cuda:0
[ByzFL-SNN]   Validation samples: 12000 | Test samples: 10000
[ByzFL-SNN] Initial VRAM (Alloc/Reserved): 36.1/42.0 MiB
[ByzFL-SNN]   [Step 0/500] (0.0%) | Val Acc: 0.1542 | Test Acc: 0.1595 | VRAM (Alloc/Reserved): 44.3/64.0 MiB | Time: 3.0s
[ByzFL-SNN]   [Step 50/500] (10.0%) | Val Acc: 0.3729 | Test Acc: 0.3852 | VRAM (Alloc/Reserved): 93.7/632.0 MiB | Time: 57.7s
[ByzFL-SNN]   [Step 100/500] (20.0%) | Val Acc: 0.6370 | Test Acc: 0.6499 | VRAM (Alloc/Reserved): 94.7/632.0 MiB | Time: 121.8s
[ByzFL-SNN]   [Step 150/500] (30.0%) | Val Acc: 0.7999 | Test Acc: 0.8022 | VRAM (Alloc/Reserved): 94.4/632.0 MiB | Time: 188.1s
[ByzFL-SNN]   [Step 200/500] (40.0%) | Val Acc: 0.6398 | Test Acc: 0.6443 | VRAM (Alloc/Reserved): 93.9/632.0 MiB | Time: 247.2s
[ByzFL-SNN]   [Step 250/500] (50.0%) | Val Acc: 0.8232 | Test Acc: 0.8412 | VRAM (Alloc/Reserved): 93.5/632.0 MiB | Time: 301.5s
[ByzFL-SNN]   [Step 300/500] (60.0%) | Val Acc: 0.7734 | Test Acc: 0.7785 | VRAM (Alloc/Reserved): 93.0/632.0 MiB | Time: 367.6s
[ByzFL-SNN]   [Step 350/500] (70.0%) | Val Acc: 0.7901 | Test Acc: 0.7953 | VRAM (Alloc/Reserved): 94.2/632.0 MiB | Time: 433.6s
[ByzFL-SNN]   [Step 400/500] (80.0%) | Val Acc: 0.8734 | Test Acc: 0.8847 | VRAM (Alloc/Reserved): 93.8/632.0 MiB | Time: 495.8s
[ByzFL-SNN]   [Step 450/500] (90.0%) | Val Acc: 0.7416 | Test Acc: 0.7382 | VRAM (Alloc/Reserved): 94.9/632.0 MiB | Time: 544.2s
[ByzFL-SNN] [Training Complete] Peak VRAM (Alloc/Reserved): 420.3/632.0 MiB | Total time: 596.8s

Training 64 done

[ByzFL-SNN] [Training Start] Model: cnn_mnist | Dataset: mnist
[ByzFL-SNN]   Aggregator: GeometricMedian | Attack: SignFlipping
[ByzFL-SNN]   Distribution: gamma_similarity_niid (gamma=0.0)
[ByzFL-SNN]   Clients: 10 honest, 5 byzantine | Algorithm: DSGD
[ByzFL-SNN]   Learning Rate: 0.15 | Steps: 500 | Device: cuda:1
[ByzFL-SNN]   Validation samples: 12000 | Test samples: 10000
[ByzFL-SNN] Initial VRAM (Alloc/Reserved): 36.1/42.0 MiB
[ByzFL-SNN]   [Step 0/500] (0.0%) | Val Acc: 0.1542 | Test Acc: 0.1595 | VRAM (Alloc/Reserved): 44.3/64.0 MiB | Time: 3.2s
[ByzFL-SNN]   [Step 50/500] (10.0%) | Val Acc: 0.1256 | Test Acc: 0.1285 | VRAM (Alloc/Reserved): 93.7/630.0 MiB | Time: 24.9s
[ByzFL-SNN]   [Step 100/500] (20.0%) | Val Acc: 0.2144 | Test Acc: 0.2120 | VRAM (Alloc/Reserved): 94.4/630.0 MiB | Time: 45.8s
[ByzFL-SNN]   [Step 150/500] (30.0%) | Val Acc: 0.1037 | Test Acc: 0.1011 | VRAM (Alloc/Reserved): 95.0/630.0 MiB | Time: 66.8s
[ByzFL-SNN]   [Step 200/500] (40.0%) | Val Acc: 0.1133 | Test Acc: 0.1135 | VRAM (Alloc/Reserved): 94.7/630.0 MiB | Time: 86.3s
[ByzFL-SNN]   [Step 250/500] (50.0%) | Val Acc: 0.1252 | Test Acc: 0.1251 | VRAM (Alloc/Reserved): 94.0/630.0 MiB | Time: 104.5s
[ByzFL-SNN]   [Step 300/500] (60.0%) | Val Acc: 0.1491 | Test Acc: 0.1489 | VRAM (Alloc/Reserved): 94.8/630.0 MiB | Time: 122.0s
[ByzFL-SNN]   [Step 350/500] (70.0%) | Val Acc: 0.1068 | Test Acc: 0.1028 | VRAM (Alloc/Reserved): 94.1/630.0 MiB | Time: 141.0s
[ByzFL-SNN]   [Step 400/500] (80.0%) | Val Acc: 0.1967 | Test Acc: 0.1985 | VRAM (Alloc/Reserved): 94.7/630.0 MiB | Time: 160.6s
[ByzFL-SNN]   [Step 450/500] (90.0%) | Val Acc: 0.0997 | Test Acc: 0.1032 | VRAM (Alloc/Reserved): 94.4/630.0 MiB | Time: 180.3s
[ByzFL-SNN] [Training Complete] Peak VRAM (Alloc/Reserved): 391.9/630.0 MiB | Total time: 196.1s

Training 65 done

[ByzFL-SNN] [Training Start] Model: cnn_mnist | Dataset: mnist
[ByzFL-SNN]   Aggregator: GeometricMedian | Attack: SignFlipping
[ByzFL-SNN]   Distribution: gamma_similarity_niid (gamma=0.0)
[ByzFL-SNN]   Clients: 10 honest, 5 byzantine | Algorithm: DSGD
[ByzFL-SNN]   Learning Rate: 0.15 | Steps: 500 | Device: cuda:0
[ByzFL-SNN]   Validation samples: 12000 | Test samples: 10000
[ByzFL-SNN] Initial VRAM (Alloc/Reserved): 36.1/42.0 MiB
[ByzFL-SNN]   [Step 0/500] (0.0%) | Val Acc: 0.1542 | Test Acc: 0.1595 | VRAM (Alloc/Reserved): 44.3/64.0 MiB | Time: 3.6s
[ByzFL-SNN]   [Step 50/500] (10.0%) | Val Acc: 0.1133 | Test Acc: 0.1135 | VRAM (Alloc/Reserved): 93.7/630.0 MiB | Time: 22.1s
[ByzFL-SNN]   [Step 100/500] (20.0%) | Val Acc: 0.1958 | Test Acc: 0.1937 | VRAM (Alloc/Reserved): 94.4/630.0 MiB | Time: 39.9s
[ByzFL-SNN]   [Step 150/500] (30.0%) | Val Acc: 0.0997 | Test Acc: 0.1032 | VRAM (Alloc/Reserved): 95.0/630.0 MiB | Time: 58.9s
[ByzFL-SNN]   [Step 200/500] (40.0%) | Val Acc: 0.0997 | Test Acc: 0.1032 | VRAM (Alloc/Reserved): 94.7/630.0 MiB | Time: 78.7s
[ByzFL-SNN]   [Step 250/500] (50.0%) | Val Acc: 0.1940 | Test Acc: 0.2005 | VRAM (Alloc/Reserved): 94.0/630.0 MiB | Time: 97.2s
[ByzFL-SNN]   [Step 300/500] (60.0%) | Val Acc: 0.0997 | Test Acc: 0.1032 | VRAM (Alloc/Reserved): 94.8/630.0 MiB | Time: 116.7s
[ByzFL-SNN]   [Step 350/500] (70.0%) | Val Acc: 0.1145 | Test Acc: 0.1149 | VRAM (Alloc/Reserved): 94.1/630.0 MiB | Time: 136.8s
[ByzFL-SNN]   [Step 400/500] (80.0%) | Val Acc: 0.1133 | Test Acc: 0.1135 | VRAM (Alloc/Reserved): 94.7/630.0 MiB | Time: 156.0s
[ByzFL-SNN]   [Step 450/500] (90.0%) | Val Acc: 0.1133 | Test Acc: 0.1135 | VRAM (Alloc/Reserved): 94.4/630.0 MiB | Time: 175.8s
[ByzFL-SNN] [Training Complete] Peak VRAM (Alloc/Reserved): 391.9/630.0 MiB | Total time: 192.9s

Training 66 done

[ByzFL-SNN] [Training Start] Model: cnn_mnist | Dataset: mnist
[ByzFL-SNN]   Aggregator: GeometricMedian | Attack: SignFlipping
[ByzFL-SNN]   Distribution: gamma_similarity_niid (gamma=0.0)
[ByzFL-SNN]   Clients: 10 honest, 5 byzantine | Algorithm: DSGD
[ByzFL-SNN]   Learning Rate: 0.15 | Steps: 500 | Device: cuda:1
[ByzFL-SNN]   Validation samples: 12000 | Test samples: 10000
[ByzFL-SNN] Initial VRAM (Alloc/Reserved): 36.1/42.0 MiB
[ByzFL-SNN]   [Step 0/500] (0.0%) | Val Acc: 0.1542 | Test Acc: 0.1595 | VRAM (Alloc/Reserved): 44.3/64.0 MiB | Time: 3.1s
[ByzFL-SNN]   [Step 50/500] (10.0%) | Val Acc: 0.1313 | Test Acc: 0.1330 | VRAM (Alloc/Reserved): 93.7/630.0 MiB | Time: 24.2s
[ByzFL-SNN]   [Step 100/500] (20.0%) | Val Acc: 0.0997 | Test Acc: 0.1032 | VRAM (Alloc/Reserved): 94.4/630.0 MiB | Time: 44.2s
[ByzFL-SNN]   [Step 150/500] (30.0%) | Val Acc: 0.0997 | Test Acc: 0.1032 | VRAM (Alloc/Reserved): 95.0/630.0 MiB | Time: 62.4s
[ByzFL-SNN]   [Step 200/500] (40.0%) | Val Acc: 0.1133 | Test Acc: 0.1135 | VRAM (Alloc/Reserved): 94.7/630.0 MiB | Time: 79.8s
[ByzFL-SNN]   [Step 250/500] (50.0%) | Val Acc: 0.0968 | Test Acc: 0.0982 | VRAM (Alloc/Reserved): 94.0/630.0 MiB | Time: 98.7s
[ByzFL-SNN]   [Step 300/500] (60.0%) | Val Acc: 0.0968 | Test Acc: 0.0982 | VRAM (Alloc/Reserved): 94.8/630.0 MiB | Time: 118.2s
[ByzFL-SNN]   [Step 350/500] (70.0%) | Val Acc: 0.0877 | Test Acc: 0.0892 | VRAM (Alloc/Reserved): 94.1/630.0 MiB | Time: 137.9s
[ByzFL-SNN]   [Step 400/500] (80.0%) | Val Acc: 0.1473 | Test Acc: 0.1418 | VRAM (Alloc/Reserved): 94.7/630.0 MiB | Time: 156.8s
[ByzFL-SNN]   [Step 450/500] (90.0%) | Val Acc: 0.1068 | Test Acc: 0.1028 | VRAM (Alloc/Reserved): 94.4/630.0 MiB | Time: 175.0s
[ByzFL-SNN] [Training Complete] Peak VRAM (Alloc/Reserved): 391.9/630.0 MiB | Total time: 190.3s

Training 67 done

[ByzFL-SNN] [Training Start] Model: cnn_mnist | Dataset: mnist
[ByzFL-SNN]   Aggregator: GeometricMedian | Attack: Optimal_InnerProductManipulation
[ByzFL-SNN]   Distribution: gamma_similarity_niid (gamma=0.33)
[ByzFL-SNN]   Clients: 10 honest, 5 byzantine | Algorithm: DSGD
[ByzFL-SNN]   Learning Rate: 0.15 | Steps: 500 | Device: cuda:1
[ByzFL-SNN]   Validation samples: 12000 | Test samples: 10000
[ByzFL-SNN] Initial VRAM (Alloc/Reserved): 36.1/42.0 MiB
[ByzFL-SNN]   [Step 0/500] (0.0%) | Val Acc: 0.1542 | Test Acc: 0.1595 | VRAM (Alloc/Reserved): 44.3/64.0 MiB | Time: 3.0s
[ByzFL-SNN]   [Step 50/500] (10.0%) | Val Acc: 0.2904 | Test Acc: 0.2918 | VRAM (Alloc/Reserved): 93.8/632.0 MiB | Time: 61.2s
[ByzFL-SNN]   [Step 100/500] (20.0%) | Val Acc: 0.3445 | Test Acc: 0.3477 | VRAM (Alloc/Reserved): 93.2/632.0 MiB | Time: 117.5s
[ByzFL-SNN]   [Step 150/500] (30.0%) | Val Acc: 0.4467 | Test Acc: 0.4496 | VRAM (Alloc/Reserved): 93.9/632.0 MiB | Time: 174.3s
[ByzFL-SNN]   [Step 200/500] (40.0%) | Val Acc: 0.5211 | Test Acc: 0.5241 | VRAM (Alloc/Reserved): 93.8/632.0 MiB | Time: 231.3s
[ByzFL-SNN]   [Step 250/500] (50.0%) | Val Acc: 0.5954 | Test Acc: 0.5895 | VRAM (Alloc/Reserved): 94.3/632.0 MiB | Time: 293.8s
[ByzFL-SNN]   [Step 300/500] (60.0%) | Val Acc: 0.5964 | Test Acc: 0.5917 | VRAM (Alloc/Reserved): 93.3/632.0 MiB | Time: 350.7s
[ByzFL-SNN]   [Step 350/500] (70.0%) | Val Acc: 0.6733 | Test Acc: 0.6775 | VRAM (Alloc/Reserved): 95.7/632.0 MiB | Time: 401.3s
[ByzFL-SNN]   [Step 400/500] (80.0%) | Val Acc: 0.6819 | Test Acc: 0.6835 | VRAM (Alloc/Reserved): 94.2/632.0 MiB | Time: 453.3s
[ByzFL-SNN]   [Step 450/500] (90.0%) | Val Acc: 0.7738 | Test Acc: 0.7803 | VRAM (Alloc/Reserved): 93.8/632.0 MiB | Time: 499.1s
[ByzFL-SNN] [Training Complete] Peak VRAM (Alloc/Reserved): 422.3/632.0 MiB | Total time: 538.3s

Training 68 done

[ByzFL-SNN] [Training Start] Model: cnn_mnist | Dataset: mnist
[ByzFL-SNN]   Aggregator: GeometricMedian | Attack: Optimal_InnerProductManipulation
[ByzFL-SNN]   Distribution: gamma_similarity_niid (gamma=0.33)
[ByzFL-SNN]   Clients: 10 honest, 5 byzantine | Algorithm: DSGD
[ByzFL-SNN]   Learning Rate: 0.15 | Steps: 500 | Device: cuda:0
[ByzFL-SNN]   Validation samples: 12000 | Test samples: 10000
[ByzFL-SNN] Initial VRAM (Alloc/Reserved): 36.1/42.0 MiB
[ByzFL-SNN]   [Step 0/500] (0.0%) | Val Acc: 0.1542 | Test Acc: 0.1595 | VRAM (Alloc/Reserved): 44.3/64.0 MiB | Time: 3.0s
[ByzFL-SNN]   [Step 50/500] (10.0%) | Val Acc: 0.1179 | Test Acc: 0.1149 | VRAM (Alloc/Reserved): 93.8/632.0 MiB | Time: 53.7s
[ByzFL-SNN]   [Step 100/500] (20.0%) | Val Acc: 0.1047 | Test Acc: 0.1023 | VRAM (Alloc/Reserved): 93.2/632.0 MiB | Time: 110.6s
[ByzFL-SNN]   [Step 150/500] (30.0%) | Val Acc: 0.2062 | Test Acc: 0.2091 | VRAM (Alloc/Reserved): 93.9/632.0 MiB | Time: 166.6s
[ByzFL-SNN]   [Step 200/500] (40.0%) | Val Acc: 0.2116 | Test Acc: 0.2108 | VRAM (Alloc/Reserved): 93.8/632.0 MiB | Time: 224.8s
[ByzFL-SNN]   [Step 250/500] (50.0%) | Val Acc: 0.1835 | Test Acc: 0.1778 | VRAM (Alloc/Reserved): 94.3/632.0 MiB | Time: 271.9s
[ByzFL-SNN]   [Step 300/500] (60.0%) | Val Acc: 0.4064 | Test Acc: 0.4037 | VRAM (Alloc/Reserved): 93.3/632.0 MiB | Time: 313.9s
[ByzFL-SNN]   [Step 350/500] (70.0%) | Val Acc: 0.3533 | Test Acc: 0.3482 | VRAM (Alloc/Reserved): 95.7/632.0 MiB | Time: 367.1s
[ByzFL-SNN]   [Step 400/500] (80.0%) | Val Acc: 0.4268 | Test Acc: 0.4330 | VRAM (Alloc/Reserved): 94.2/632.0 MiB | Time: 423.0s
[ByzFL-SNN]   [Step 450/500] (90.0%) | Val Acc: 0.4458 | Test Acc: 0.4440 | VRAM (Alloc/Reserved): 93.8/632.0 MiB | Time: 476.9s
[ByzFL-SNN] [Training Complete] Peak VRAM (Alloc/Reserved): 422.3/632.0 MiB | Total time: 524.4s

Training 69 done

[ByzFL-SNN] [Training Start] Model: cnn_mnist | Dataset: mnist
[ByzFL-SNN]   Aggregator: GeometricMedian | Attack: Optimal_InnerProductManipulation
[ByzFL-SNN]   Distribution: gamma_similarity_niid (gamma=0.33)
[ByzFL-SNN]   Clients: 10 honest, 5 byzantine | Algorithm: DSGD
[ByzFL-SNN]   Learning Rate: 0.15 | Steps: 500 | Device: cuda:1
[ByzFL-SNN]   Validation samples: 12000 | Test samples: 10000
[ByzFL-SNN] Initial VRAM (Alloc/Reserved): 36.1/42.0 MiB
[ByzFL-SNN]   [Step 0/500] (0.0%) | Val Acc: 0.1542 | Test Acc: 0.1595 | VRAM (Alloc/Reserved): 44.3/64.0 MiB | Time: 3.2s
[ByzFL-SNN]   [Step 50/500] (10.0%) | Val Acc: 0.1591 | Test Acc: 0.1634 | VRAM (Alloc/Reserved): 93.8/632.0 MiB | Time: 67.3s
[ByzFL-SNN]   [Step 100/500] (20.0%) | Val Acc: 0.1143 | Test Acc: 0.1144 | VRAM (Alloc/Reserved): 93.2/632.0 MiB | Time: 128.5s
[ByzFL-SNN]   [Step 150/500] (30.0%) | Val Acc: 0.2347 | Test Acc: 0.2390 | VRAM (Alloc/Reserved): 93.9/632.0 MiB | Time: 189.8s
[ByzFL-SNN]   [Step 200/500] (40.0%) | Val Acc: 0.4313 | Test Acc: 0.4395 | VRAM (Alloc/Reserved): 93.8/632.0 MiB | Time: 251.2s
[ByzFL-SNN]   [Step 250/500] (50.0%) | Val Acc: 0.3777 | Test Acc: 0.3763 | VRAM (Alloc/Reserved): 94.3/632.0 MiB | Time: 312.1s
[ByzFL-SNN]   [Step 300/500] (60.0%) | Val Acc: 0.2699 | Test Acc: 0.2731 | VRAM (Alloc/Reserved): 93.3/632.0 MiB | Time: 361.9s
[ByzFL-SNN]   [Step 350/500] (70.0%) | Val Acc: 0.4358 | Test Acc: 0.4399 | VRAM (Alloc/Reserved): 95.7/632.0 MiB | Time: 412.9s
[ByzFL-SNN]   [Step 400/500] (80.0%) | Val Acc: 0.4492 | Test Acc: 0.4543 | VRAM (Alloc/Reserved): 94.2/632.0 MiB | Time: 462.1s
[ByzFL-SNN]   [Step 450/500] (90.0%) | Val Acc: 0.4812 | Test Acc: 0.4835 | VRAM (Alloc/Reserved): 93.8/632.0 MiB | Time: 503.6s
[ByzFL-SNN] [Training Complete] Peak VRAM (Alloc/Reserved): 422.3/632.0 MiB | Total time: 535.4s

Training 70 done

[ByzFL-SNN] [Training Start] Model: cnn_mnist | Dataset: mnist
[ByzFL-SNN]   Aggregator: GeometricMedian | Attack: Optimal_ALittleIsEnough_neg1
[ByzFL-SNN]   Distribution: gamma_similarity_niid (gamma=0.0)
[ByzFL-SNN]   Clients: 10 honest, 5 byzantine | Algorithm: DSGD
[ByzFL-SNN]   Learning Rate: 0.15 | Steps: 500 | Device: cuda:1
[ByzFL-SNN]   Validation samples: 12000 | Test samples: 10000
[ByzFL-SNN] Initial VRAM (Alloc/Reserved): 36.1/42.0 MiB
[ByzFL-SNN]   [Step 0/500] (0.0%) | Val Acc: 0.1542 | Test Acc: 0.1595 | VRAM (Alloc/Reserved): 44.3/64.0 MiB | Time: 3.2s
[ByzFL-SNN]   [Step 50/500] (10.0%) | Val Acc: 0.2799 | Test Acc: 0.2792 | VRAM (Alloc/Reserved): 93.7/630.0 MiB | Time: 65.3s
[ByzFL-SNN]   [Step 100/500] (20.0%) | Val Acc: 0.4118 | Test Acc: 0.4170 | VRAM (Alloc/Reserved): 94.7/630.0 MiB | Time: 126.7s
[ByzFL-SNN]   [Step 150/500] (30.0%) | Val Acc: 0.4257 | Test Acc: 0.4224 | VRAM (Alloc/Reserved): 94.4/630.0 MiB | Time: 188.6s
[ByzFL-SNN]   [Step 200/500] (40.0%) | Val Acc: 0.7342 | Test Acc: 0.7347 | VRAM (Alloc/Reserved): 93.9/630.0 MiB | Time: 253.7s
[ByzFL-SNN]   [Step 250/500] (50.0%) | Val Acc: 0.6716 | Test Acc: 0.6678 | VRAM (Alloc/Reserved): 93.5/630.0 MiB | Time: 312.4s
[ByzFL-SNN]   [Step 300/500] (60.0%) | Val Acc: 0.5657 | Test Acc: 0.5658 | VRAM (Alloc/Reserved): 93.0/630.0 MiB | Time: 363.0s
[ByzFL-SNN]   [Step 350/500] (70.0%) | Val Acc: 0.5776 | Test Acc: 0.5763 | VRAM (Alloc/Reserved): 94.2/630.0 MiB | Time: 415.0s
[ByzFL-SNN]   [Step 400/500] (80.0%) | Val Acc: 0.5762 | Test Acc: 0.5867 | VRAM (Alloc/Reserved): 93.8/630.0 MiB | Time: 459.6s
[ByzFL-SNN]   [Step 450/500] (90.0%) | Val Acc: 0.6500 | Test Acc: 0.6538 | VRAM (Alloc/Reserved): 94.9/630.0 MiB | Time: 499.3s
[ByzFL-SNN] [Training Complete] Peak VRAM (Alloc/Reserved): 420.3/630.0 MiB | Total time: 526.3s

Training 71 done

[ByzFL-SNN] [Training Start] Model: cnn_mnist | Dataset: mnist
[ByzFL-SNN]   Aggregator: GeometricMedian | Attack: Optimal_ALittleIsEnough_neg1
[ByzFL-SNN]   Distribution: gamma_similarity_niid (gamma=0.0)
[ByzFL-SNN]   Clients: 10 honest, 5 byzantine | Algorithm: DSGD
[ByzFL-SNN]   Learning Rate: 0.15 | Steps: 500 | Device: cuda:0
[ByzFL-SNN]   Validation samples: 12000 | Test samples: 10000
[ByzFL-SNN] Initial VRAM (Alloc/Reserved): 36.1/42.0 MiB
[ByzFL-SNN]   [Step 0/500] (0.0%) | Val Acc: 0.1542 | Test Acc: 0.1595 | VRAM (Alloc/Reserved): 44.3/64.0 MiB | Time: 3.1s
[ByzFL-SNN]   [Step 50/500] (10.0%) | Val Acc: 0.2003 | Test Acc: 0.2070 | VRAM (Alloc/Reserved): 93.7/630.0 MiB | Time: 58.9s
[ByzFL-SNN]   [Step 100/500] (20.0%) | Val Acc: 0.4925 | Test Acc: 0.4926 | VRAM (Alloc/Reserved): 94.7/630.0 MiB | Time: 120.6s
[ByzFL-SNN]   [Step 150/500] (30.0%) | Val Acc: 0.5588 | Test Acc: 0.5633 | VRAM (Alloc/Reserved): 94.4/630.0 MiB | Time: 183.9s
[ByzFL-SNN]   [Step 200/500] (40.0%) | Val Acc: 0.6272 | Test Acc: 0.6389 | VRAM (Alloc/Reserved): 93.9/630.0 MiB | Time: 242.2s
[ByzFL-SNN]   [Step 250/500] (50.0%) | Val Acc: 0.7668 | Test Acc: 0.7835 | VRAM (Alloc/Reserved): 93.5/630.0 MiB | Time: 289.9s
[ByzFL-SNN]   [Step 300/500] (60.0%) | Val Acc: 0.7970 | Test Acc: 0.8140 | VRAM (Alloc/Reserved): 93.0/630.0 MiB | Time: 344.4s
[ByzFL-SNN]   [Step 350/500] (70.0%) | Val Acc: 0.5160 | Test Acc: 0.5136 | VRAM (Alloc/Reserved): 94.2/630.0 MiB | Time: 401.3s
[ByzFL-SNN]   [Step 400/500] (80.0%) | Val Acc: 0.5982 | Test Acc: 0.6022 | VRAM (Alloc/Reserved): 93.8/630.0 MiB | Time: 460.0s
[ByzFL-SNN]   [Step 450/500] (90.0%) | Val Acc: 0.2593 | Test Acc: 0.2668 | VRAM (Alloc/Reserved): 94.9/630.0 MiB | Time: 511.7s
[ByzFL-SNN] [Training Complete] Peak VRAM (Alloc/Reserved): 420.3/630.0 MiB | Total time: 552.6s

Training 72 done

[ByzFL-SNN] [Training Start] Model: cnn_mnist | Dataset: mnist
[ByzFL-SNN]   Aggregator: GeometricMedian | Attack: Optimal_ALittleIsEnough_neg1
[ByzFL-SNN]   Distribution: gamma_similarity_niid (gamma=0.0)
[ByzFL-SNN]   Clients: 10 honest, 5 byzantine | Algorithm: DSGD
[ByzFL-SNN]   Learning Rate: 0.15 | Steps: 500 | Device: cuda:0
[ByzFL-SNN]   Validation samples: 12000 | Test samples: 10000
[ByzFL-SNN] Initial VRAM (Alloc/Reserved): 36.1/42.0 MiB
[ByzFL-SNN]   [Step 0/500] (0.0%) | Val Acc: 0.1542 | Test Acc: 0.1595 | VRAM (Alloc/Reserved): 44.3/64.0 MiB | Time: 3.1s
[ByzFL-SNN]   [Step 50/500] (10.0%) | Val Acc: 0.2063 | Test Acc: 0.2098 | VRAM (Alloc/Reserved): 93.7/630.0 MiB | Time: 65.6s
[ByzFL-SNN]   [Step 100/500] (20.0%) | Val Acc: 0.4277 | Test Acc: 0.4445 | VRAM (Alloc/Reserved): 94.7/630.0 MiB | Time: 127.1s
[ByzFL-SNN]   [Step 150/500] (30.0%) | Val Acc: 0.4434 | Test Acc: 0.4484 | VRAM (Alloc/Reserved): 94.4/630.0 MiB | Time: 187.6s
[ByzFL-SNN]   [Step 200/500] (40.0%) | Val Acc: 0.5042 | Test Acc: 0.4993 | VRAM (Alloc/Reserved): 93.9/630.0 MiB | Time: 237.1s
[ByzFL-SNN]   [Step 250/500] (50.0%) | Val Acc: 0.6847 | Test Acc: 0.6956 | VRAM (Alloc/Reserved): 93.5/630.0 MiB | Time: 286.7s
[ByzFL-SNN]   [Step 300/500] (60.0%) | Val Acc: 0.5378 | Test Acc: 0.5423 | VRAM (Alloc/Reserved): 93.0/630.0 MiB | Time: 342.3s
[ByzFL-SNN]   [Step 350/500] (70.0%) | Val Acc: 0.6026 | Test Acc: 0.6045 | VRAM (Alloc/Reserved): 94.2/630.0 MiB | Time: 401.5s
[ByzFL-SNN]   [Step 400/500] (80.0%) | Val Acc: 0.7675 | Test Acc: 0.7669 | VRAM (Alloc/Reserved): 93.8/630.0 MiB | Time: 455.0s
[ByzFL-SNN]   [Step 450/500] (90.0%) | Val Acc: 0.5927 | Test Acc: 0.5997 | VRAM (Alloc/Reserved): 94.9/630.0 MiB | Time: 502.7s
[ByzFL-SNN] [Training Complete] Peak VRAM (Alloc/Reserved): 420.3/630.0 MiB | Total time: 534.1s

Training 73 done

[ByzFL-SNN] [Training Start] Model: cnn_mnist | Dataset: mnist
[ByzFL-SNN]   Aggregator: GeometricMedian | Attack: Optimal_InnerProductManipulation
[ByzFL-SNN]   Distribution: gamma_similarity_niid (gamma=0.0)
[ByzFL-SNN]   Clients: 10 honest, 5 byzantine | Algorithm: DSGD
[ByzFL-SNN]   Learning Rate: 0.15 | Steps: 500 | Device: cuda:1
[ByzFL-SNN]   Validation samples: 12000 | Test samples: 10000
[ByzFL-SNN] Initial VRAM (Alloc/Reserved): 36.1/42.0 MiB
[ByzFL-SNN]   [Step 0/500] (0.0%) | Val Acc: 0.1542 | Test Acc: 0.1595 | VRAM (Alloc/Reserved): 44.3/64.0 MiB | Time: 3.1s
[ByzFL-SNN]   [Step 50/500] (10.0%) | Val Acc: 0.0877 | Test Acc: 0.0892 | VRAM (Alloc/Reserved): 93.8/630.0 MiB | Time: 55.1s
[ByzFL-SNN]   [Step 100/500] (20.0%) | Val Acc: 0.1068 | Test Acc: 0.1028 | VRAM (Alloc/Reserved): 93.2/630.0 MiB | Time: 103.8s
[ByzFL-SNN]   [Step 150/500] (30.0%) | Val Acc: 0.1190 | Test Acc: 0.1214 | VRAM (Alloc/Reserved): 93.9/630.0 MiB | Time: 144.8s
[ByzFL-SNN]   [Step 200/500] (40.0%) | Val Acc: 0.1037 | Test Acc: 0.1011 | VRAM (Alloc/Reserved): 93.8/630.0 MiB | Time: 181.4s
[ByzFL-SNN]   [Step 250/500] (50.0%) | Val Acc: 0.1139 | Test Acc: 0.1117 | VRAM (Alloc/Reserved): 94.3/630.0 MiB | Time: 206.2s
[ByzFL-SNN]   [Step 300/500] (60.0%) | Val Acc: 0.1169 | Test Acc: 0.1177 | VRAM (Alloc/Reserved): 93.3/630.0 MiB | Time: 222.9s
[ByzFL-SNN]   [Step 350/500] (70.0%) | Val Acc: 0.0969 | Test Acc: 0.0985 | VRAM (Alloc/Reserved): 95.7/630.0 MiB | Time: 239.6s
[ByzFL-SNN]   [Step 400/500] (80.0%) | Val Acc: 0.0877 | Test Acc: 0.0892 | VRAM (Alloc/Reserved): 94.2/630.0 MiB | Time: 256.5s
[ByzFL-SNN]   [Step 450/500] (90.0%) | Val Acc: 0.0997 | Test Acc: 0.1032 | VRAM (Alloc/Reserved): 93.8/630.0 MiB | Time: 273.4s
[ByzFL-SNN] [Training Complete] Peak VRAM (Alloc/Reserved): 422.3/630.0 MiB | Total time: 287.9s

Training 74 done

[ByzFL-SNN] [Training Start] Model: cnn_mnist | Dataset: mnist
[ByzFL-SNN]   Aggregator: GeometricMedian | Attack: Optimal_InnerProductManipulation
[ByzFL-SNN]   Distribution: gamma_similarity_niid (gamma=0.0)
[ByzFL-SNN]   Clients: 10 honest, 5 byzantine | Algorithm: DSGD
[ByzFL-SNN]   Learning Rate: 0.15 | Steps: 500 | Device: cuda:0
[ByzFL-SNN]   Validation samples: 12000 | Test samples: 10000
[ByzFL-SNN] Initial VRAM (Alloc/Reserved): 36.1/42.0 MiB
[ByzFL-SNN]   [Step 0/500] (0.0%) | Val Acc: 0.1542 | Test Acc: 0.1595 | VRAM (Alloc/Reserved): 44.3/64.0 MiB | Time: 3.1s
[ByzFL-SNN]   [Step 50/500] (10.0%) | Val Acc: 0.1889 | Test Acc: 0.1874 | VRAM (Alloc/Reserved): 93.8/630.0 MiB | Time: 60.8s
[ByzFL-SNN]   [Step 100/500] (20.0%) | Val Acc: 0.0997 | Test Acc: 0.1032 | VRAM (Alloc/Reserved): 93.2/630.0 MiB | Time: 117.6s
[ByzFL-SNN]   [Step 150/500] (30.0%) | Val Acc: 0.1068 | Test Acc: 0.1030 | VRAM (Alloc/Reserved): 93.9/630.0 MiB | Time: 172.7s
[ByzFL-SNN]   [Step 200/500] (40.0%) | Val Acc: 0.2135 | Test Acc: 0.2071 | VRAM (Alloc/Reserved): 93.8/630.0 MiB | Time: 222.4s
[ByzFL-SNN]   [Step 250/500] (50.0%) | Val Acc: 0.1037 | Test Acc: 0.1010 | VRAM (Alloc/Reserved): 94.3/630.0 MiB | Time: 260.6s
[ByzFL-SNN]   [Step 300/500] (60.0%) | Val Acc: 0.0997 | Test Acc: 0.1032 | VRAM (Alloc/Reserved): 93.3/630.0 MiB | Time: 285.9s
[ByzFL-SNN]   [Step 350/500] (70.0%) | Val Acc: 0.1612 | Test Acc: 0.1525 | VRAM (Alloc/Reserved): 95.7/630.0 MiB | Time: 305.9s
[ByzFL-SNN]   [Step 400/500] (80.0%) | Val Acc: 0.1072 | Test Acc: 0.1032 | VRAM (Alloc/Reserved): 94.2/630.0 MiB | Time: 331.0s
[ByzFL-SNN]   [Step 450/500] (90.0%) | Val Acc: 0.1037 | Test Acc: 0.1010 | VRAM (Alloc/Reserved): 93.8/630.0 MiB | Time: 356.2s
[ByzFL-SNN] [Training Complete] Peak VRAM (Alloc/Reserved): 422.3/630.0 MiB | Total time: 379.2s

Training 75 done

[ByzFL-SNN] [Training Start] Model: cnn_mnist | Dataset: mnist
[ByzFL-SNN]   Aggregator: GeometricMedian | Attack: Optimal_InnerProductManipulation
[ByzFL-SNN]   Distribution: gamma_similarity_niid (gamma=0.0)
[ByzFL-SNN]   Clients: 10 honest, 5 byzantine | Algorithm: DSGD
[ByzFL-SNN]   Learning Rate: 0.15 | Steps: 500 | Device: cuda:0
[ByzFL-SNN]   Validation samples: 12000 | Test samples: 10000
[ByzFL-SNN] Initial VRAM (Alloc/Reserved): 36.1/42.0 MiB
[ByzFL-SNN]   [Step 0/500] (0.0%) | Val Acc: 0.1542 | Test Acc: 0.1595 | VRAM (Alloc/Reserved): 44.3/64.0 MiB | Time: 3.1s
[ByzFL-SNN]   [Step 50/500] (10.0%) | Val Acc: 0.1939 | Test Acc: 0.1936 | VRAM (Alloc/Reserved): 93.8/630.0 MiB | Time: 61.5s
[ByzFL-SNN]   [Step 100/500] (20.0%) | Val Acc: 0.1754 | Test Acc: 0.1749 | VRAM (Alloc/Reserved): 93.2/630.0 MiB | Time: 116.7s
[ByzFL-SNN]   [Step 150/500] (30.0%) | Val Acc: 0.2122 | Test Acc: 0.2146 | VRAM (Alloc/Reserved): 93.9/630.0 MiB | Time: 167.9s
[ByzFL-SNN]   [Step 200/500] (40.0%) | Val Acc: 0.1358 | Test Acc: 0.1421 | VRAM (Alloc/Reserved): 93.8/630.0 MiB | Time: 208.5s
[ByzFL-SNN]   [Step 250/500] (50.0%) | Val Acc: 0.1395 | Test Acc: 0.1363 | VRAM (Alloc/Reserved): 94.3/630.0 MiB | Time: 235.5s
[ByzFL-SNN]   [Step 300/500] (60.0%) | Val Acc: 0.1133 | Test Acc: 0.1135 | VRAM (Alloc/Reserved): 93.3/630.0 MiB | Time: 254.3s
[ByzFL-SNN]   [Step 350/500] (70.0%) | Val Acc: 0.0877 | Test Acc: 0.0892 | VRAM (Alloc/Reserved): 95.7/630.0 MiB | Time: 279.3s
[ByzFL-SNN]   [Step 400/500] (80.0%) | Val Acc: 0.0968 | Test Acc: 0.0983 | VRAM (Alloc/Reserved): 94.2/630.0 MiB | Time: 305.6s
[ByzFL-SNN]   [Step 450/500] (90.0%) | Val Acc: 0.0997 | Test Acc: 0.1032 | VRAM (Alloc/Reserved): 93.8/630.0 MiB | Time: 330.2s
[ByzFL-SNN] [Training Complete] Peak VRAM (Alloc/Reserved): 422.3/630.0 MiB | Total time: 346.8s

Training 76 done
All trainings finished.
Done

============================================================
Benchmark complete! Generating heatmaps...
  results_dir = results/activation_clip/cnn_mnist_selfclip_w1_gm3
  plots_dir   = results/activation_clip_plots/cnn_mnist_selfclip_w1_gm3
============================================================

--> Generating heatmaps for attack: merged
    - Saved line plots
    - Saved loss heatmaps
    - Saved aggregated test heatmaps

--> Generating heatmaps for attack: SignFlipping
    - Saved line plots
    - Saved loss heatmaps
    - Saved aggregated test heatmaps

--> Generating heatmaps for attack: Optimal_InnerProductManipulation
    - Saved line plots
    - Saved loss heatmaps
    - Saved aggregated test heatmaps

--> Generating heatmaps for attack: Optimal_ALittleIsEnough_neg1
    - Saved line plots
    - Saved loss heatmaps
    - Saved aggregated test heatmaps

All plots saved in results/activation_clip_plots/cnn_mnist_selfclip_w1_gm3/
