step,CV_eff,CV_eff__c1,CV_eff__c2,CV_eff__f1,CV_eff__f2,CV_eff_act,N,Pi,Pi__c1,Pi__c2,Pi__f1,Pi__f2,absmu_med__c1,absmu_med__c2,absmu_med__f1,absmu_med__f2,cos_max,cos_mean,cos_min,g_CV_eff,g_CV_eff__c1,g_CV_eff__c2,g_CV_eff__f1,g_CV_eff__f2,g_CV_eff_act,g_N,g_Pi,g_Pi__c1,g_Pi__c2,g_Pi__f1,g_Pi__f2,g_absmu_med__c1,g_absmu_med__c2,g_absmu_med__f1,g_absmu_med__f2,g_cos_max,g_cos_mean,g_cos_min,g_norm_0,g_norm_1,g_norm_2,g_norm_3,g_norm_4,g_norm_5,g_norm_6,g_norm_7,g_norm_8,g_norm_9,g_scale,g_sigma_H,norm_0,norm_1,norm_2,norm_3,norm_4,norm_5,norm_6,norm_7,norm_8,norm_9,scale,sigma_H
0,9.503483772277832,5.347756385803223,6.479475021362305,9.51694393157959,12.677186965942383,9.4287093010948,0.07958200573921204,0.9977441430091858,0.9993554353713989,0.9997069239616394,0.995851993560791,0.9995999932289124,0.00013222885900177062,8.900149259716272e-05,1.3371943168749567e-05,9.146910451818258e-05,0.03628827631473541,-0.0984869971871376,-0.1659812033176422,9.503483772277832,5.347756385803223,6.479475498199463,9.516944885253906,12.677186012268066,9.428709308753149,0.07958205044269562,0.9977442026138306,0.9993554353713989,0.9997069835662842,0.9958520531654358,0.9995998740196228,0.0013222892303019762,0.0008900149841792881,0.00013371945533435792,0.0009146928787231445,0.03628827631473541,-0.098486989736557,-0.1659812033176422,5.346772193908691,4.291892051696777,4.916629791259766,4.9830474853515625,4.713150978088379,4.707265853881836,5.376100540161133,4.734594345092773,5.737005710601807,5.17365026473999,4.998011112213135,4.986284255981445,0.5346772074699402,0.42918920516967773,0.49166297912597656,0.4983047544956207,0.4713151156902313,0.4707266092300415,0.5376101136207581,0.473459392786026,0.5737005472183228,0.517365038394928,0.49980106949806213,0.4986284375190735
1,9.461665153503418,5.394618988037109,6.424057960510254,9.462664604187012,12.717114448547363,9.37814408291569,0.08307019621133804,0.9984543323516846,0.9992365837097168,0.9998220801353455,0.9971466064453125,0.9997425675392151,0.0002525653690099716,0.00017203633615281433,2.525358650018461e-05,0.0001769521477399394,0.049604617059230804,-0.09836803376674652,-0.1645679473876953,9.27187442779541,5.3300395011901855,6.270308971405029,9.271105766296387,12.57004451751709,9.158234033856912,0.08934864401817322,0.9972094297409058,0.9999358057975769,0.9996504783630371,0.9948764443397522,0.9994117021560669,0.0014450130984187126,0.0009330841130577028,0.00013622983533423394,0.0009519915911369026,0.0618850514292717,-0.09789064526557922,-0.1629747748374939,5.38152551651001,4.284369468688965,4.490937232971191,4.742758274078369,4.506399631500244,4.9029412269592285,5.4253106117248535,4.7455267906188965,5.678604602813721,5.208426475524902,4.936679840087891,4.927768230438232,1.0183870792388916,0.814162015914917,0.8900589942932129,0.9217515587806702,0.8739947080612183,0.91265469789505,1.02543044090271,0.8997563123703003,1.083009123802185,0.9855703711509705,0.9424776434898376,0.9404856562614441
2,9.435261726379395,5.54586935043335,6.440742015838623,9.42013168334961,12.574148178100586,9.391996284399967,0.08711554110050201,0.9987658858299255,0.9999114274978638,0.9995884299278259,0.997860312461853,0.9998072981834412,0.0003608823462855071,0.00024483574088662863,3.6028726754011586e-05,0.0002547717303968966,0.0524262897670269,-0.0986422449350357,-0.16085535287857056,9.169986724853516,5.741084098815918,6.353454113006592,9.118460655212402,12.05901050567627,9.094375279776367,0.09457142651081085,0.997120201587677,0.9999507665634155,0.9997724890708923,0.9946351647377014,0.9995121955871582,0.0014739838661625981,0.0009145369986072183,0.0001384077622788027,0.000996805727481842,0.05850199609994888,-0.09858904033899307,-0.1546558439731598,5.436624050140381,4.249343395233154,4.674880027770996,4.8510613441467285,4.498279571533203,4.786978244781494,5.457833766937256,4.823770999908447,5.885629177093506,5.1336870193481445,4.979808807373047,4.972548484802246,1.4580641984939575,1.156389832496643,1.2665140628814697,1.3127042055130005,1.2348374128341675,1.2981021404266357,1.4663705825805664,1.290625810623169,1.5611854791641235,1.3982182741165161,1.3443012237548828,1.3418771028518677
3,9.40938663482666,5.636480808258057,6.476105213165283,9.354059219360352,12.462248802185059,9.383567037731174,0.08537523448467255,0.9990663528442383,0.9979029893875122,0.9997435808181763,0.9983987212181091,0.9998446702957153,0.0004506245895754546,0.00030683857039548457,4.5858596422476694e-05,0.0003367577737662941,0.0313611775636673,-0.09890080988407135,-0.1551152616739273,9.070826530456543,5.819793224334717,6.4590349197387695,8.925156593322754,11.754996299743652,8.999244324703385,0.08426671475172043,0.9973425269126892,0.9987127184867859,0.9996640682220459,0.9951949715614319,0.9994922280311584,0.0013948673149570823,0.0009062737226486206,0.00013797915016766638,0.0010099327191710472,0.04712541028857231,-0.0988389328122139,-0.163986474275589,5.419584274291992,4.278119087219238,4.79736328125,4.5923590660095215,4.791045188903809,4.828283309936523,5.486413478851318,4.782768726348877,5.678513526916504,5.21429443359375,4.986874580383301,4.974411487579346,1.8488953113555908,1.4653644561767578,1.6152534484863281,1.63638174533844,1.5859044790267944,1.6472985744476318,1.8628861904144287,1.6362109184265137,1.9668411016464233,1.7760621309280396,1.704109787940979,1.7007313966751099
4,9.257769584655762,5.686122894287109,6.436460494995117,9.168180465698242,12.11108112335205,9.235110469080428,0.09034267067909241,0.9991785883903503,0.9999043345451355,0.999767005443573,0.9985612630844116,0.9998582005500793,0.0005943506839685142,0.0003650004218798131,5.527618486667052e-05,0.000401872064685449,0.03446975350379944,-0.09905022382736206,-0.15846464037895203,8.315366744995117,5.599377632141113,6.037994861602783,8.1699800491333,10.483588218688965,8.267785058697127,0.10963238775730133,0.9977245330810547,0.9997193813323975,0.9996544122695923,0.9958093166351318,0.9995816349983215,0.0015618785982951522,0.0009613979491405189,0.0001446149981347844,0.0010311183286830783,0.050125446170568466,-0.0983569398522377,-0.17301617562770844,5.826107978820801,4.472696781158447,4.80869722366333,4.851353645324707,4.5099663734436035,4.701529502868652,5.781292915344238,4.822899341583252,6.099871635437012,5.28059720993042,5.115501403808594,5.10933780670166,2.2339937686920166,1.7590351104736328,1.9270145893096924,1.9492623805999756,1.8692759275436401,1.9455269575119019,2.2420830726623535,1.9468419551849365,2.3671762943267822,2.1191790103912354,2.0359389781951904,2.0324079990386963
5,8.936540603637695,5.745519638061523,6.253992557525635,8.850759506225586,11.500362396240234,8.921464873325714,0.09791259467601776,0.9993059635162354,0.9984736442565918,0.9997348189353943,0.9988414645195007,0.9998633861541748,0.000681294419337064,0.00042565129115246236,6.535784632433206e-05,0.00047895018360577524,0.02387870103120804,-0.09901779890060425,-0.16279108822345734,7.372855186462402,5.341684818267822,5.3496832847595215,7.307116508483887,9.14061450958252,7.350189971802571,0.12944917380809784,0.9983310103416443,0.9999530911445618,0.9997541308403015,0.9967693090438843,0.9996829628944397,0.0017677426803857088,0.0010983797255903482,0.00015685803373344243,0.0010583823313936591,0.09578298032283783,-0.09715167433023453,-0.18503524363040924,6.215334892272949,4.627523899078369,5.063169479370117,4.980964660644531,4.852077484130859,5.020320415496826,6.354123592376709,4.959925174713135,6.758610248565674,5.5900678634643555,5.442212104797363,5.437830448150635,2.6093080043792725,2.0345706939697266,2.2269551753997803,2.238316535949707,2.1516377925872803,2.240227699279785,2.630047082901001,2.2348718643188477,2.7826106548309326,2.4520187377929688,2.3600564002990723,2.3566336631774902
6,8.483637809753418,5.444910526275635,5.923766613006592,8.4507417678833,10.74569034576416,8.473502978643346,0.10673613846302032,0.9994962811470032,0.999846875667572,0.999731183052063,0.9991538524627686,0.9999098181724548,0.0007925689569674432,0.0004959743819199502,7.386274955933914e-05,0.0005586129263974726,0.02637553960084915,-0.09892011433839798,-0.16870687901973724,6.406445026397705,4.290294170379639,4.506136894226074,6.483224391937256,7.9538984298706055,6.389862226173284,0.14881712198257446,0.99883633852005,0.9999552369117737,0.9997653961181641,0.997526228427887,0.9998827576637268,0.0026214756071567535,0.0013230597833171487,0.0001490726717747748,0.0010866507655009627,0.17357772588729858,-0.09561952203512192,-0.19506022334098816,6.838249206542969,4.968574047088623,5.376438140869141,5.033167362213135,5.155521869659424,5.693443298339844,7.026402473449707,5.4149298667907715,7.573800086975098,5.8154377937316895,5.889596462249756,5.883215427398682,2.9952478408813477,2.3104732036590576,2.521597385406494,2.496882438659668,2.4298980236053467,2.563735008239746,3.0342819690704346,2.5308446884155273,3.2253811359405518,2.767425537109375,2.6875767707824707,2.6842589378356934
7,7.697662830352783,4.632750034332275,5.2740797996521,7.8033647537231445,9.640485763549805,7.691591567420656,0.12293995171785355,0.9996030926704407,0.9999578595161438,0.9997196793556213,0.9993366599082947,0.999932050704956,0.0010336015839129686,0.000601849693339318,8.267276280093938e-05,0.0006142890197224915,0.0730389952659607,-0.09808258712291718,-0.17442698776721954,5.135135173797607,3.1908698081970215,3.44749116897583,5.374303817749023,6.557647228240967,5.129374126058135,0.1940499097108841,0.9992505311965942,0.9997586607933044,0.9997760653495789,0.9982816576957703,0.9999350309371948,0.0053654382936656475,0.0018576618749648333,0.00015488232020288706,0.001202474581077695,0.2612537443637848,-0.09051651507616043,-0.19619843363761902,8.024889945983887,5.391915798187256,5.962955474853516,5.706908226013184,5.37459659576416,5.759241580963135,8.385293006896973,5.92756462097168,9.022353172302246,6.483738899230957,6.603946208953857,6.6030964851379395,3.444279670715332,2.5959274768829346,2.837942600250244,2.7887539863586426,2.693089723587036,2.8562521934509277,3.5198984146118164,2.8428168296813965,3.752777576446533,3.1092212200164795,3.0440962314605713,3.041457176208496
8,6.709364891052246,3.6991348266601562,4.437191963195801,6.983252048492432,8.429778099060059,6.706280894190989,0.14160312712192535,0.9997348189353943,1.0,0.9997724294662476,0.9995495676994324,0.999963104724884,0.0016603091498836875,0.0007749134674668312,9.209528070641682e-05,0.0007137138745747507,0.13181373476982117,-0.09604115039110184,-0.17870169878005981,4.24791955947876,2.547421932220459,2.7461957931518555,4.528500556945801,5.599921226501465,4.244548613426967,0.2189009040594101,0.9995846748352051,0.999906063079834,0.9998688101768494,0.9989796876907349,0.9999498724937439,0.009454738348722458,0.0025300991255789995,0.0001524967810837552,0.0012180759804323316,0.3357430398464203,-0.0822315365076065,-0.1985848844051361,9.767952919006348,6.169332981109619,6.537323951721191,6.460877418518066,6.49886417388916,6.526676177978516,10.047404289245605,6.792639255523682,10.822480201721191,7.45546817779541,7.707901954650879,7.680466651916504,4.0071539878845215,2.9222660064697266,3.171537399291992,3.120366334915161,3.036038637161255,3.1907131671905518,4.108689785003662,3.2016661167144775,4.398392677307129,3.5058040618896484,3.4662628173828125,3.4625935554504395
9,5.697150230407715,2.9771413803100586,3.6297082901000977,6.076188564300537,7.278200149536133,5.695310628203452,0.1614893525838852,0.9997775554656982,0.9997912645339966,0.999786913394928,0.9996311068534851,0.9999776482582092,0.003077202243730426,0.0010312108788639307,0.00010099737119162455,0.000823434442281723,0.19436083734035492,-0.09218215942382812,-0.18651291728019714,3.5649471282958984,2.119464635848999,2.2360363006591797,3.790952444076538,4.845419406890869,3.5626042986556556,0.23903506994247437,0.9995313286781311,0.9999579191207886,0.9997187852859497,0.9989296793937683,0.9999448657035828,0.015908248722553253,0.0034770523197948933,0.00015565678768325597,0.0012076644925400615,0.392306387424469,-0.0695062205195427,-0.21628251671791077,12.251530647277832,7.104736328125,6.989251136779785,7.7610392570495605,7.444600582122803,8.055954933166504,12.15468692779541,7.975405693054199,12.616617202758789,8.568962097167969,9.092278480529785,9.001008033752441,4.746729850769043,3.3029234409332275,3.5138349533081055,3.540635108947754,3.4345951080322266,3.634119749069214,4.844766139984131,3.6345486640930176,5.156716346740723,3.9657199382781982,3.977458953857422,3.9683215618133545
10,4.821306228637695,2.4740428924560547,2.990006685256958,5.224716663360596,6.304260730743408,4.82021007446025,0.1858159750699997,0.9998178482055664,0.9998551607131958,0.9997425079345703,0.9997590184211731,0.99998939037323,0.005229245871305466,0.0013797518331557512,0.00010991406452376395,0.0009079291485249996,0.2605499029159546,-0.08641158789396286,-0.1957346349954605,3.147047519683838,1.870802640914917,1.9392707347869873,3.329077959060669,4.402430534362793,3.1455582283550223,0.26779672503471375,0.9997146725654602,0.9998363256454468,0.9997323751449585,0.9994571208953857,0.9999712109565735,0.025373786687850952,0.004481861833482981,0.00015144178178161383,0.0012405643938109279,0.44301918148994446,-0.05760427564382553,-0.23372715711593628,15.002140998840332,8.253152847290039,9.404267311096191,8.746642112731934,8.61089038848877,9.281638145446777,15.218576431274414,9.412745475769043,16.181682586669922,10.319503784179688,11.043124198913574,10.895416259765625,5.684460163116455,3.7553296089172363,4.05259895324707,4.014728546142578,3.9062135219573975,4.1502227783203125,5.8093037605285645,4.162814617156982,6.189901351928711,4.54531192779541,4.62708854675293,4.608212947845459
11,4.128482818603516,2.1408298015594482,2.5246336460113525,4.486616611480713,5.538965225219727,4.127844772852663,0.21329496800899506,0.9998638033866882,1.0,0.9997512698173523,0.9998559355735779,0.999994695186615,0.00883705634623766,0.0018203987274318933,0.00011881939281011,0.0009996820008382201,0.32368987798690796,-0.07900723069906235,-0.2016575038433075,2.8490664958953857,1.7262133359909058,1.7584383487701416,2.9491617679595947,4.06037712097168,2.847866637927278,0.29722681641578674,0.999616265296936,0.9992448091506958,0.9996920824050903,0.9993446469306946,0.9999641180038452,0.03890334442257881,0.005871799774467945,0.0001376708096358925,0.0013058185577392578,0.48062437772750854,-0.047039203345775604,-0.2649087607860565,19.289501190185547,9.92320728302002,10.29647159576416,11.225691795349121,10.416990280151367,11.358675956726074,19.010393142700195,11.765581130981445,20.953031539916992,12.557757377624512,13.679730415344238,13.46582317352295,6.95121431350708,4.3218674659729,4.627270221710205,4.679236888885498,4.507366180419922,4.819610118865967,7.057708263397217,4.864894866943359,7.591150760650635,5.288190841674805,5.470851421356201,5.436700344085693
12,3.636737823486328,1.9312639236450195,2.2115654945373535,3.9170877933502197,4.9992594718933105,3.636333106092971,0.2387676239013672,0.9998917579650879,0.9999953508377075,0.9997798204421997,0.9999058842658997,0.9999970197677612,0.014032612554728985,0.0023643423337489367,0.00012573525600600988,0.0010843357304111123,0.3781897723674774,-0.07080409675836563,-0.21660424768924713,2.7151949405670166,1.6494669914245605,1.6682875156402588,2.7461323738098145,3.938070774078369,2.7142436922152076,0.3100438117980957,0.9997597932815552,0.9998905658721924,0.9997982382774353,0.999541163444519,0.9999018311500549,0.056010302156209946,0.007432758808135986,0.00013238082465250045,0.0011664042249321938,0.5057749152183533,-0.040164049714803696,-0.2818531394004822,24.851036071777344,12.156896591186523,13.960067749023438,13.984541893005371,12.681561470031738,13.486642837524414,24.605009078979492,14.35840892791748,25.990903854370117,15.365514755249023,17.144058227539062,16.843143463134766,8.647686004638672,5.050403118133545,5.501312732696533,5.551840782165527,5.27149772644043,5.632854461669922,8.737943649291992,5.7543439865112305,9.361979484558105,6.234705924987793,6.574456691741943,6.5173659324646
13,3.2641117572784424,1.7903798818588257,1.9899868965148926,3.457218647003174,4.582523345947266,3.263706100437406,0.2662092447280884,0.9998750686645508,0.9997202157974243,0.9997724294662476,0.9999377131462097,0.9999984502792358,0.020741842687129974,0.0030321262311190367,0.00013068519183434546,0.0011575609678402543,0.4262523055076599,-0.06239691004157066,-0.23925627768039703,2.5714149475097656,1.5971367359161377,1.602051019668579,2.5366601943969727,3.7553999423980713,2.564166540364101,0.3374554514884949,0.999381959438324,0.9998465776443481,0.9996607303619385,0.9997193217277527,0.9984133243560791,0.08765789121389389,0.009517091326415539,0.00011765903764171526,0.0011966441525146365,0.5294267535209656,-0.03418101370334625,-0.30452823638916016,32.50967025756836,15.012848854064941,16.13230323791504,18.698810577392578,15.785543441772461,17.951080322265625,33.06724548339844,18.406986236572266,34.3406982421875,19.045957565307617,22.095115661621094,21.733640670776367,10.93786334991455,5.989233016967773,6.50333833694458,6.802773475646973,6.266410827636719,6.806628227233887,11.093801498413086,6.957005977630615,11.784991264343262,7.450497150421143,8.05925464630127,7.974111080169678
14,3.0267021656036377,1.7154779434204102,1.8513683080673218,3.129755973815918,4.350216865539551,3.0261535939750366,0.29224151372909546,0.9998186826705933,0.9991701245307922,0.9998050928115845,0.9999431371688843,0.9999914765357971,0.031131332740187645,0.0039285835810005665,0.00013584223052021116,0.0012084547197446227,0.4657388925552368,-0.05612967908382416,-0.25730961561203003,2.572948694229126,1.6089130640029907,1.6080321073532104,2.4670400619506836,3.8306925296783447,1.5581062745983836,0.3543449342250824,0.884064257144928,0.9998842477798462,0.9997960925102234,0.9996825456619263,0.5456826090812683,0.12577727437019348,0.012304892763495445,0.0001051708750310354,0.0012227281695231795,0.5437429547309875,-0.03740769997239113,-0.29915064573287964,43.19713592529297,20.561914443969727,23.315073013305664,20.565290451049805,22.45465087890625,22.499435424804688,43.28705978393555,23.46287727355957,48.08660888671875,25.132116317749023,29.2562198638916,28.93039321899414,14.071670532226562,7.381341457366943,8.113861083984375,8.111276626586914,7.819687843322754,8.31607437133789,14.239811897277832,8.544482231140137,15.330700874328613,9.152506828308105,10.10814094543457,9.99931526184082
15,2.865441083908081,1.664987325668335,1.7553147077560425,2.8753514289855957,4.221786022186279,2.864964247814819,0.31285104155540466,0.9998347163200378,0.9994227886199951,0.9997792840003967,0.9999614357948303,0.9999911785125732,0.04694027453660965,0.005082455929368734,0.00014105152513366193,0.0013014080468565226,0.49816542863845825,-0.05115927755832672,-0.2695830464363098,2.558175563812256,1.592654824256897,1.590593695640564,2.3718414306640625,3.895615816116333,0.5392230529108979,0.3568122386932373,0.8508469462394714,0.999605655670166,0.9997312426567078,0.999847412109375,0.4099173843860626,0.18655896186828613,0.01606731303036213,9.796927770366892e-05,0.001310871448367834,0.5574855208396912,-0.03728647530078888,-0.2912816107273102,58.64671325683594,26.8808650970459,30.860816955566406,31.680734634399414,30.09269905090332,30.561193466186523,62.24980926513672,30.480260848999023,63.74101257324219,34.75963592529297,39.9953727722168,39.550716400146484,18.4300537109375,9.26352310180664,10.31286334991455,10.397337913513184,9.978994369506836,10.470867156982422,18.951745986938477,10.671762466430664,20.089399337768555,11.635684967041016,13.020224571228027,12.880684852600098
16,2.718773126602173,1.6223355531692505,1.6795849800109863,2.630983829498291,4.110199451446533,2.717587198136826,0.3406696915626526,0.9995844960212708,0.9980530738830566,0.999728798866272,0.9999637007713318,0.9999990463256836,0.07322405278682709,0.006843194365501404,0.00014538018149323761,0.0015390421031042933,0.5263102054595947,-0.04746171087026596,-0.25438034534454346,2.448369264602661,1.566062092781067,1.5623905658721924,2.1886661052703857,3.759052038192749,0.6786848703004987,0.3960358798503876,0.8580943942070007,0.9990972280502319,0.9998881220817566,0.9998349547386169,0.43839630484580994,0.3067648112773895,0.022440463304519653,0.00010202376142842695,0.0017108230385929346,0.572060763835907,-0.03662125766277313,-0.2754128873348236,87.8008041381836,34.439178466796875,42.715423583984375,45.26765060424805,45.65161895751953,41.84160614013672,93.83670043945312,40.28270721435547,93.76282501220703,49.857418060302734,57.54559326171875,57.299095153808594,25.239017486572266,11.709568977355957,13.466971397399902,13.792224884033203,13.459070205688477,13.526532173156738,26.32935333251953,13.560500144958496,27.351564407348633,15.35682487487793,17.37916374206543,17.231342315673828
17,2.5401551723480225,1.5846244096755981,1.6175731420516968,2.3621981143951416,3.8257720470428467,2.5399857541675175,0.38270437717437744,0.9999330043792725,1.0,0.9998006820678711,0.9999686479568481,0.9999984502792358,0.11951154470443726,0.009461645968258381,0.000152702908962965,0.001588652259670198,0.553403377532959,-0.042485255748033524,-0.2948765754699707,2.2222659587860107,1.539579153060913,1.534340500831604,1.9508485794067383,3.1046223640441895,0.6501094659254719,0.4576169550418854,0.8746129274368286,0.9987698197364807,0.9998618364334106,0.9998769760131836,0.5920213460922241,0.5327445864677429,0.03309426084160805,0.000103348123957403,0.002638049190863967,0.5942679643630981,-0.023187002167105675,-0.43935319781303406,148.45016479492188,45.03042984008789,49.066436767578125,63.61693572998047,57.34516906738281,70.79415130615234,147.47837829589844,76.27899932861328,152.1433563232422,81.7573013305664,89.19612884521484,89.45246124267578,37.352508544921875,14.949250221252441,16.918895721435547,18.614778518676758,17.715681076049805,19.109914779663086,38.26374816894531,19.71304702758789,39.657737731933594,21.820283889770508,24.411584854125977,24.321392059326172
18,2.280074119567871,1.5383967161178589,1.5577054023742676,2.088190793991089,3.0994272232055664,2.279820339191457,0.40291890501976013,0.9998899698257446,0.9997335076332092,0.9997819662094116,0.9999821782112122,0.9999983310699463,0.2069413661956787,0.013878374360501766,0.00016665049770381302,0.0016289547784253955,0.5822916626930237,-0.015142207965254784,-0.3863625228404999,1.683184027671814,1.489875078201294,1.4868569374084473,1.6294959783554077,1.7883659601211548,0.4837779048402532,0.4448543190956116,0.9271881580352783,0.9996793866157532,0.9997319579124451,0.9999127984046936,0.8680786490440369,0.9835144281387329,0.05428433418273926,0.00017669695080257952,0.00986325740814209,0.6410632133483887,0.10141241550445557,-0.6622195243835449,274.3330078125,119.27143096923828,162.50384521484375,160.39068603515625,157.93128967285156,83.5407943725586,263.3000183105469,86.46620178222656,277.31500244140625,86.61035919189453,167.166259765625,157.29470825195312,59.98401641845703,24.830459594726562,30.600542068481445,31.710329055786133,30.877159118652344,24.47641372680664,59.742591857910156,25.70794105529785,62.53058624267578,27.528804779052734,37.798885345458984,37.320167541503906
19,1.8026137351989746,1.3597850799560547,1.372982382774353,1.6416844129562378,2.1749987602233887,1.8020045636517288,0.44370537996292114,0.999674916267395,0.9984389543533325,0.9997839331626892,0.9999880790710449,0.9999979138374329,0.45366382598876953,0.024875368922948837,0.00020701308676507324,0.0025469367392361164,0.6393329501152039,0.05191236361861229,-0.6078920364379883,1.2240508794784546,1.2412631511688232,1.2330704927444458,1.2219066619873047,1.2200177907943726,0.4355324880739991,0.4834139943122864,0.9352901577949524,0.998680830001831,0.999616265296936,0.9997369050979614,0.8990212678909302,2.6555655002593994,0.12239225953817368,0.0003499587473925203,0.01303236186504364,0.990999162197113,0.37425342202186584,0.047326695173978806,638.4937744140625,271.5592956542969,26.875276565551758,242.74232482910156,355.23699951171875,362.158447265625,630.9237060546875,336.1338806152344,646.3111572265625,404.2824401855469,391.4717712402344,336.7289123535156,113.68946075439453,47.10694885253906,26.611154556274414,47.73611068725586,58.2366943359375,55.360469818115234,112.93115997314453,54.55644226074219,117.09236907958984,62.15612030029297,69.54769134521484,66.53421783447266
20,1.4524190425872803,1.1028727293014526,1.1115888357162476,1.2549747228622437,1.8146721124649048,1.4522067043658156,0.4988372027873993,0.9998682737350464,0.9995296597480774,0.9998384118080139,0.9999952912330627,0.999997079372406,1.2659956216812134,0.057819634675979614,0.00025892697158269584,0.004390534944832325,0.6983590126037598,0.15403589606285095,-0.740136444568634,1.0647687911987305,0.999537467956543,0.9971680045127869,1.030905842781067,1.1043462753295898,0.4017571724330711,0.5373426675796509,0.9377552270889282,0.984044075012207,0.9992198944091797,0.9999264478683472,0.8953049182891846,8.68262767791748,0.3537003695964813,0.0004583045083563775,0.009402254596352577,0.9938995242118835,0.4923085570335388,0.29579979181289673,1563.3145751953125,88.17102813720703,1051.3050537109375,956.5390014648438,132.32940673828125,865.515869140625,1630.1337890625,846.4500122070312,1673.986083984375,1036.278076171875,984.4022827148438,814.5919799804688,247.53121948242188,48.656620025634766,120.45748138427734,127.56999969482422,47.70528793334961,123.86068725585938,253.90664672851562,124.6156005859375,262.485595703125,148.69482421875,150.54840087890625,138.57167053222656
21,1.192347764968872,0.9356850385665894,0.9401355981826782,1.0040478706359863,1.5911059379577637,1.1923448283450642,0.46507760882377625,0.9999957084655762,0.9999998807907104,0.9999857544898987,0.9999989867210388,0.9999971389770508,3.8566365242004395,0.15846696496009827,0.0003566827217582613,0.008349264971911907,0.7744486927986145,0.2718973159790039,-0.5250643491744995,0.9444056749343872,0.9167060852050781,0.9185479283332825,0.9289621114730835,0.97003573179245,0.5210660624573314,0.48431047797203064,0.865128755569458,0.89999920129776,0.8999984860420227,0.899975597858429,0.8254205584526062,27.2376651763916,1.0713567733764648,0.00012318251538090408,0.00036282557994127274,0.8310346007347107,0.4468258321285248,-2.9594271921951076e-08,4067.89404296875,1545.7161865234375,2677.9228515625,2183.232177734375,3383.298583984375,1946.4407958984375,4143.8388671875,7.934087022235629e-20,4201.76904296875,2227.669189453125,2637.778076171875,2012.3477783203125,606.5880737304688,185.6851806640625,348.6570739746094,298.8602294921875,357.0600891113281,272.0672302246094,618.9344482421875,112.15403747558594,632.3717041015625,320.6763916015625,375.3054504394531,317.13787841796875
22,1.0078376531600952,0.8090020418167114,0.81252521276474,0.8645572662353516,1.8476734161376953,1.0078349027089695,0.49347159266471863,0.9999968409538269,0.9999998211860657,0.9999939203262329,0.9999973177909851,0.9999945163726807,6.664724826812744,0.2877335548400879,0.00040166659164242446,0.010180775076150894,0.8609210252761841,0.4261223375797272,-0.09374938905239105,0.8488394021987915,0.8350085020065308,0.8373069763183594,0.8399545550346375,0.9753002524375916,0.6278451501206037,0.6891286969184875,0.8940141201019287,0.899996817111969,0.8999967575073242,0.8999162316322327,0.8247299790382385,31.506839752197266,1.4310067892074585,0.0,0.0,0.9630753397941589,0.6925365328788757,-0.06983635574579239,3290.063232421875,707.3455810546875,1159.878662109375,741.5569458007812,2272.541015625,795.560302734375,3201.332275390625,3827.794189453125,3408.129150390625,1.1677863120951315e-08,1940.420166015625,1525.005615234375,845.9571533203125,210.35682678222656,400.40704345703125,310.410400390625,517.7806396484375,291.35015869140625,848.2889404296875,415.51434326171875,880.164306640625,288.6087341308594,500.88385009765625,396.4935302734375
23,1.0079084634780884,0.809012770652771,0.8125512003898621,0.8645603656768799,1.8479622602462769,1.007905289088265,0.49343404173851013,0.9999975562095642,0.9999996423721313,0.9999939799308777,0.9999975562095642,0.9999999403953552,6.005714416503906,0.2605398893356323,0.0004650681803468615,0.009179489687085152,0.8608919382095337,0.42605236172676086,-0.09375680983066559,1.1911604404449463,1.1696654558181763,1.1614619493484497,1.2856361865997314,2.7342257499694824,1.1906136388900541,0.9127028584480286,0.9992808103561401,0.9990015029907227,0.9999198317527771,0.9969555139541626,0.9997590184211731,0.028684163466095924,0.00037817846168763936,1.6621488612145185e-06,0.0010298531269654632,0.9513202905654907,0.25252917408943176,-0.9101090431213379,26.861116409301758,4.950233459472656,3.9161126613616943,5.475651741027832,22.639493942260742,2.832282543182373,32.971160888671875,64.65059661865234,32.25127410888672,8.229541778564453,20.477746963500977,21.233966827392578,761.3710327148438,189.34359741210938,360.3820495605469,279.38922119140625,466.01300048828125,262.23321533203125,763.464599609375,374.0172119140625,792.1521606445312,259.77423095703125,450.81402587890625,356.865966796875
24,1.0080329179763794,0.8090446591377258,0.8127285242080688,0.8646161556243896,1.8483529090881348,1.0080308503677247,0.493342787027359,0.9999968409538269,0.9999996423721313,0.999993085861206,0.9999977350234985,0.9999963641166687,5.409544944763184,0.2382831871509552,0.0005766249960288405,0.00855113472789526,0.8608542680740356,0.42592889070510864,-0.09330643713474274,1.1049407720565796,1.069626808166504,1.0806254148483276,1.2304047346115112,2.1474125385284424,1.1044996024531508,0.8872725367546082,0.9991267919540405,0.9998258948326111,0.9999511241912842,0.9944632649421692,0.9987477660179138,0.027907444164156914,0.0,0.0,0.0019126872066408396,0.9436059594154358,0.37878236174583435,-0.8856845498085022,62.20361328125,15.929388999938965,8.90117359161377,7.720458507537842,45.86765670776367,2.562507152557373,71.43887329101562,140.6723175048828,75.61808013916016,29.183048248291016,46.00971221923828,45.60553741455078,685.2575073242188,170.4449462890625,324.3614501953125,251.46571350097656,419.4345703125,236.02993774414062,687.155029296875,336.92962646484375,712.971923828125,233.84625244140625,405.7897033691406,321.23260498046875
25,1.00809645652771,0.8090410232543945,0.8128839731216431,0.8646385073661804,1.8485223054885864,1.008094266921089,0.4933416545391083,0.9999966025352478,0.9999995827674866,0.9999926090240479,0.999997615814209,0.9999964237213135,4.867074489593506,0.21608518064022064,0.0005823767860420048,0.007758818566799164,0.860822856426239,0.42588403820991516,-0.09318488836288452,1.4666755199432373,1.540190577507019,1.465097427368164,1.4708384275436401,3.0681052207946777,1.4600187943163252,0.8481887578964233,0.9909842014312744,0.9878397583961487,0.9918325543403625,0.9825170636177063,0.9996629357337952,0.0057053654454648495,0.0,0.0,0.0007222699350677431,0.8582013249397278,0.01576325111091137,-0.8331577777862549,56.02750778198242,1.186080813407898,1.525802731513977,5.718653678894043,21.592952728271484,3.7991695404052734,38.4984130859375,34.33635711669922,37.08488845825195,14.695783615112305,21.446561813354492,23.235368728637695,616.79638671875,153.40884399414062,291.9324645996094,226.32850646972656,377.505126953125,212.4368438720703,618.4749145507812,303.28167724609375,641.6974487304688,210.48330688476562,365.23455810546875,289.1370849609375
26,1.008169174194336,0.8090347647666931,0.8130947947502136,0.8646775484085083,1.8486613035202026,1.0081669601197982,0.4933502972126007,0.9999964833259583,0.9999996423721313,0.999991774559021,0.9999974966049194,0.9999963045120239,4.380218505859375,0.1956842690706253,0.0005554194794967771,0.00719630578532815,0.8607946634292603,0.4258357584476471,-0.09311257302761078,1.6487756967544556,1.6610138416290283,1.6586779356002808,1.5612629652023315,3.3612866401672363,1.6233370167078802,0.8812024593353271,0.976982593536377,0.9911542534828186,0.9757676124572754,0.9859619736671448,0.9997690916061401,0.004651594441384077,0.0,0.0,0.0005153663805685937,0.8421369791030884,-0.013018269091844559,-0.7251469492912292,47.953365325927734,1.2528529167175293,1.778096079826355,7.453884601593018,15.676355361938477,3.8856418132781982,42.84532928466797,21.64420509338379,36.8482666015625,10.29844856262207,18.96364402770996,21.61157989501953,555.164306640625,138.07484436035156,262.7449035644531,203.70616149902344,339.76715087890625,191.201904296875,556.6760864257812,272.9882507324219,577.5663452148438,189.4520721435547,328.73419189453125,260.25189208984375
27,1.0085738897323608,0.8090242147445679,0.8150374293327332,0.8647723197937012,1.8488584756851196,1.008570049584865,0.4935764670372009,0.9999949336051941,0.999999463558197,0.9999864101409912,0.9999976754188538,0.9999982714653015,3.9423694610595703,0.18221314251422882,0.0005382784293033183,0.006594548467546701,0.8606501817703247,0.4256551265716553,-0.09266446530818939,1.4564208984375,1.4711849689483643,1.451915979385376,1.6577420234680176,2.796272039413452,1.4549155139952052,1.0384498834609985,0.9988831281661987,0.9989811778068542,0.9994803667068481,0.9693906903266907,0.999720573425293,0.012278256006538868,0.0,0.0,0.0010326289338991046,0.948706328868866,0.1463434100151062,-0.8988977670669556,188.9177703857422,1.4918479919433594,1.82732355594635,12.551809310913086,67.01806640625,5.4912028312683105,111.66332244873047,57.32084274291992,78.23178100585938,25.64259910583496,55.015655517578125,65.3848876953125,500.2396545410156,124.27291870117188,236.47740173339844,183.3544158935547,305.9067077636719,172.0931854248047,501.2825012207031,245.80783081054688,519.9616088867188,170.55856323242188,295.9954528808594,234.4010009765625
28,1.0090620517730713,0.8090121746063232,0.8175321817398071,0.8649004697799683,1.8490052223205566,1.0090578142410114,0.4939097762107849,0.9999949932098389,0.9999998211860657,0.9999856948852539,0.9999974966049194,1.0,3.547780752182007,0.16600732505321503,0.0005097098764963448,0.006146332249045372,0.8604751825332642,0.42545264959335327,-0.09184618294239044,1.4147562980651855,1.3611329793930054,1.4054265022277832,1.76140558719635,3.2935874462127686,1.4031686680248814,0.968252956867218,0.9891039729118347,0.9975435137748718,0.9898814558982849,0.9553134441375732,0.999649167060852,0.005628067068755627,0.0,0.0,0.0007763816392980516,0.9250890016555786,0.016992293298244476,-0.7843701243400574,84.3930435180664,2.0660033226013184,3.091642379760742,12.460525512695312,22.86205291748047,5.4685378074646,100.17532348632812,29.854230880737305,92.26597595214844,27.952030181884766,38.05894088745117,43.2602424621582,450.6908264160156,111.8496322631836,212.8346405029297,165.0446319580078,275.3836364746094,154.8949432373047,451.6167297363281,221.3325958251953,468.2989196777344,153.601806640625,266.5548400878906,211.16531372070312
29,1.0101664066314697,0.808992326259613,0.823698103427887,0.8651838898658752,1.8492355346679688,1.0101471586151072,0.4948725700378418,0.9999791383743286,0.9999996423721313,0.9999327659606934,0.9999971985816956,1.0,3.1927380561828613,0.151661679148674,0.0004969668807461858,0.0059103830717504025,0.8602357506752014,0.425067663192749,-0.08925732970237732,1.2839945554733276,1.246793270111084,1.2730013132095337,1.7504160404205322,2.851439952850342,1.2774321250711398,0.9864358305931091,0.9921732544898987,0.9998027086257935,0.9934409856796265,0.9274171590805054,0.9993579983711243,0.009779754094779491,0.0,0.0,0.0012667345581576228,0.9676405191421509,0.21803057193756104,-0.8031015992164612,140.55612182617188,2.4711718559265137,2.969738245010376,14.952214241027832,42.33574295043945,6.142327308654785,160.44451904296875,43.53860855102539,140.68045043945312,48.22400665283203,60.23149490356445,66.74901580810547,406.7277526855469,100.66890716552734,191.55772399902344,148.5825958251953,247.99940490722656,139.42141723632812,407.6748352050781,199.39340209960938,422.3432922363281,138.53150939941406,240.2900848388672,190.53433227539062
30,1.0096112489700317,0.8089669346809387,0.836746096611023,0.8668112754821777,1.849908709526062,1.0095983184117276,0.4962908625602722,0.9999816417694092,0.9999989867210388,0.9999471306800842,0.9999949336051941,0.9999999403953552,2.8789165019989014,0.143166184425354,0.0005320718046277761,0.0073347860015928745,0.8594496250152588,0.4257751703262329,-0.04130584001541138,0.9370712637901306,0.9767486453056335,0.9243475198745728,1.7006311416625977,1.8100234270095825,0.9375486043952146,0.824118435382843,0.9990401864051819,0.9999048709869385,0.9998099207878113,0.933455765247345,0.9974213242530823,0.04131457954645157,0.0,0.0,0.00223391130566597,0.9870726466178894,0.556511640548706,-0.9489744901657104,439.7650451660156,34.22775650024414,52.3761100769043,11.993978500366211,210.03018188476562,48.90232849121094,415.3367919921875,538.008056640625,344.36651611328125,151.5244903564453,224.6531219482422,199.054931640625,372.5840148925781,90.67949676513672,172.5055694580078,133.7591094970703,224.93679809570312,125.58048248291016,372.06231689453125,188.72560119628906,382.8847961425781,125.98798370361328,218.97061157226562,173.6801300048828
31,1.011130928993225,0.8089393973350525,0.8433796763420105,0.8672018051147461,1.8500851392745972,1.011118413229028,0.4974469244480133,0.9999741315841675,0.9999983906745911,0.999927282333374,0.9999908804893494,1.0000001192092896,2.5903642177581787,0.13182324171066284,0.000508741068188101,0.006790434010326862,0.8590666055679321,0.42522722482681274,-0.0404365211725235,1.6324125528335571,1.5287631750106812,1.6217644214630127,2.2592098712921143,3.990415096282959,1.5240568487320891,1.1850841045379639,0.9199039340019226,0.9964578151702881,0.9215265512466431,0.8006777167320251,0.9962347149848938,0.007061725948005915,0.0,0.0,0.0007012711139395833,0.9263570308685303,0.12521520256996155,-0.9326534867286682,156.12020874023438,1.7962712049484253,3.434671401977539,11.89778995513916,18.12508201599121,4.841240882873535,126.3267593383789,24.213266372680664,117.8479232788086,16.169139862060547,48.07723617553711,63.569908142089844,336.1418762207031,81.61400604248047,155.26097106933594,120.41363525390625,202.4595184326172,113.0365219116211,335.50665283203125,169.93426513671875,345.7337646484375,113.44486999511719,197.3546142578125,156.7237548828125
32,1.0182149410247803,0.8088679909706116,0.8756277561187744,0.8717880845069885,1.8510464429855347,1.0182116802941803,0.5045756697654724,0.9999427795410156,0.9999988079071045,0.9998953938484192,0.9999064803123474,1.0,2.328598737716675,0.12454243749380112,0.000547953590285033,0.009208234958350658,0.8593710064888,0.4235859513282776,-0.028894633054733276,1.2855440378189087,1.1331980228424072,1.2558207511901855,1.9755841493606567,1.81269109249115,1.2824580766915514,1.0318496227264404,0.9949461221694946,0.999806821346283,0.9987536072731018,0.8814646601676941,0.9928432106971741,0.023738492280244827,0.0,0.0,0.0026081970427185297,0.9477492570877075,0.44335994124412537,-0.8549734354019165,507.9216613769531,4.899338245391846,34.1699333190918,8.299790382385254,159.35284423828125,24.872291564941406,411.266845703125,137.97799682617188,251.14266967773438,82.18663024902344,162.20899963378906,183.9729766845703,310.0614318847656,73.45960235595703,139.80250549316406,108.3990478515625,183.1426239013672,101.78948974609375,307.15966796875,153.978515625,314.927490234375,103.0732192993164,179.57936096191406,143.50857543945312
33,1.0287245512008667,0.8087881803512573,0.9156046509742737,0.8767672181129456,1.851657748222351,1.0287389445683957,0.5139041543006897,0.9999132752418518,0.9999979138374329,0.999880850315094,0.9998059272766113,0.9999999403953552,2.0920066833496094,0.11708754301071167,0.0005386658594943583,0.009566730819642544,0.8554660081863403,0.4208812415599823,-0.020675435662269592,1.5847629308700562,1.3103312253952026,1.5669715404510498,2.0825092792510986,2.2196834087371826,1.5494554644301834,1.2195179462432861,0.9707658290863037,0.9998794794082642,0.975266695022583,0.8243316411972046,0.9937220215797424,0.016897762194275856,0.0,0.0,0.0014857967616990209,0.9234627485275269,0.32333803176879883,-0.855941891670227,297.6501770019531,2.650057554244995,12.889777183532715,11.356874465942383,42.64969253540039,11.774272918701172,336.79693603515625,40.31492233276367,213.0903778076172,39.08670425415039,100.82598114013672,134.4774627685547,286.26690673828125,66.11875915527344,125.85526275634766,97.59700775146484,164.98635864257812,91.65918731689453,282.25567626953125,138.9890899658203,288.10687255859375,93.41561889648438,163.5250701904297,131.8323974609375
34,1.027219295501709,0.8092988729476929,0.9622230529785156,0.9493868947029114,1.8572957515716553,1.0268226903739943,0.524333119392395,0.9994019269943237,0.9999948740005493,0.9993579387664795,0.9985929131507874,0.9999998211860657,1.881357192993164,0.11539887636899948,0.0006724796257913113,0.015056720934808254,0.8529450297355652,0.4573579728603363,0.011304035782814026,1.0491224527359009,0.9189319014549255,1.0261225700378418,1.3140279054641724,1.1520942449569702,1.04902835403734,0.9662073850631714,0.9987888336181641,0.9998785853385925,0.9996306300163269,0.9877788424491882,0.9570434093475342,0.11495526134967804,0.0,0.0,0.012788310647010803,0.9768235683441162,0.9064256548881531,0.7979260087013245,1026.4930419921875,360.5321350097656,186.84103393554688,12.51292896270752,725.8809204101562,114.29569244384766,1062.270751953125,2761.08251953125,813.3046264648438,705.6995239257812,776.8912963867188,781.96484375,292.3758544921875,69.65331268310547,115.0557632446289,87.82466125488281,167.1007843017578,83.57876586914062,289.3283386230469,305.6263427734375,277.77874755859375,111.12582397460938,179.94485473632812,145.5861358642578
35,1.0294665098190308,0.8094471096992493,0.9671112298965454,0.9527037143707275,1.8585765361785889,1.0290829102494554,0.5247243046760559,0.9993937015533447,0.9999966025352478,0.9993554353713989,0.9985634088516235,0.9999998211860657,1.6881097555160522,0.10788535326719284,0.000674218637868762,0.01647106371819973,0.8465346693992615,0.45629751682281494,0.009817123413085938,0.8765110373497009,1.0403374433517456,0.8331066966056824,1.262077808380127,1.5497139692306519,0.8749841157421258,0.7485303282737732,0.9955655336380005,0.9998546838760376,0.9983018040657043,0.9650174379348755,0.9991244077682495,0.022093597799539566,0.0,0.0,0.004472566302865744,0.9647356867790222,0.5380051732063293,-0.8543472290039062,243.82200622558594,51.00625228881836,23.272314071655273,5.668025016784668,129.26292419433594,29.440767288208008,277.3910827636719,334.4725036621094,286.8696594238281,295.8033752441406,167.70089721679688,138.07720947265625,268.2031555175781,62.91814422607422,103.57514190673828,79.05218505859375,150.87152099609375,75.2940902709961,261.7882080078125,276.9846496582031,251.37107849121094,104.1142807006836,163.417236328125,132.37612915039062
36,1.0339804887771606,0.8094350695610046,0.976022481918335,0.9532924294471741,1.8586987257003784,1.0335971432975792,0.526995837688446,0.9993780851364136,0.9999982118606567,0.9993330836296082,0.9985435605049133,0.9999998807907104,1.5195764303207397,0.09739958494901657,0.0006080230814404786,0.014937827363610268,0.8468183875083923,0.45472896099090576,0.009705629199743271,2.1146178245544434,2.494145393371582,2.1126139163970947,2.259099006652832,10.395454406738281,1.8337775276198531,1.8284565210342407,0.8423162698745728,0.9998833537101746,0.8445422053337097,0.5658252835273743,0.9776179790496826,0.0031103927176445723,0.0,0.0,0.00023510282335337251,0.9553942084312439,0.04388738423585892,-0.5207841992378235,125.21092987060547,1.6546510457992554,2.9081156253814697,3.824554681777954,1.857674241065979,1.8931092023849487,22.5507755279541,3.7926790714263916,32.41004943847656,3.4530487060546875,19.955556869506836,37.59636306762695,245.7352294921875,56.629180908203125,93.22435760498047,71.15570068359375,135.7864532470703,67.76451110839844,235.84695434570312,249.2940216064453,226.45848083496094,93.70925903320312,147.5604248046875,119.89704132080078
37,1.0343067646026611,0.8094308972358704,0.9766240119934082,0.953401505947113,1.8588441610336304,1.0339226775254746,0.5271628499031067,0.9993758201599121,0.9999961853027344,0.9993314743041992,0.9985398054122925,0.9999999403953552,1.3675802946090698,0.0875614657998085,0.0005520819104276597,0.013543224893510342,0.8468270897865295,0.45457807183265686,0.009419579058885574,2.1674225330352783,2.5071160793304443,2.130500316619873,2.4009203910827637,8.581287384033203,1.4622687680900524,1.0658705234527588,0.760917067527771,0.8999991416931152,0.7929537892341614,0.49395859241485596,0.970424234867096,0.0011568268528208137,0.0,0.0,0.000338034238666296,0.7434021830558777,0.012684579007327557,-0.6179782152175903,27.03505516052246,1.480871558189392,1.7965844869613647,4.229091167449951,1.5177032947540283,2.287374496459961,10.842506408691406,34.48756790161133,9.705839157104492,9.187979698181152,10.257057189941406,13.612080574035645,221.4551239013672,50.9691047668457,83.90373992919922,64.05139923095703,122.20805358886719,60.99122619628906,212.27394104003906,224.4086456298828,203.84190368652344,84.35554504394531,132.8458709716797,107.96495056152344
38,1.034739375114441,0.8094356060028076,0.977403998374939,0.9536154270172119,1.859005331993103,1.0343527990859336,0.5274012684822083,0.9993733167648315,0.9999986290931702,0.9993321895599365,0.9985207319259644,0.9999980926513672,1.230772852897644,0.07914657890796661,0.0005015080678276718,0.012255567125976086,0.8467996120452881,0.4543730914592743,0.008384332060813904,2.1123368740081787,2.3090009689331055,2.1045258045196533,2.2220823764801025,8.682173728942871,1.8009508417405673,1.4278720617294312,0.8727261424064636,0.9999821782112122,0.8863953948020935,0.5603803992271423,0.9913427233695984,0.0014315593289211392,0.0,0.0,0.0002932345378212631,0.8883782625198364,0.023699788376688957,-0.8279574513435364,27.588199615478516,1.491421103477478,1.6049938201904297,4.134342193603516,2.0725367069244385,1.7898350954055786,9.226500511169434,60.9836540222168,9.459364891052246,6.3338775634765625,12.468472480773926,19.64510154724121,199.52528381347656,45.87554931640625,75.51580810546875,57.660362243652344,109.98906707763672,54.89375686645508,191.05262756347656,202.18951416015625,183.46202087402344,75.93583679199219,119.6099853515625,97.23723602294922
39,1.035438060760498,0.8094632029533386,0.9787121415138245,0.9540577530860901,1.859291672706604,1.0350486755116124,0.5279824137687683,0.9993711113929749,0.9999986290931702,0.9993285536766052,0.9985214471817017,0.9999964833259583,1.1078364849090576,0.07159595936536789,0.0004575269704218954,0.011202479712665081,0.8466634750366211,0.4540952444076538,0.0067849792540073395,1.5690988302230835,2.3671059608459473,1.5532053709030151,1.8482589721679688,6.215274333953857,1.2705777915594119,1.1952334642410278,0.7844312787055969,0.8999804854393005,0.7914157509803772,0.6305358409881592,0.9670414328575134,0.0030338321812450886,0.0,0.0,0.0005714492290280759,0.947749674320221,0.24797724187374115,-0.517632782459259,35.52324295043945,1.565619707107544,4.106170654296875,3.040519952774048,15.830222129821777,2.9671266078948975,13.208807945251465,83.21946716308594,31.279706954956055,9.254392623901367,19.999526977539062,26.28321647644043,179.8516387939453,41.2919807434082,67.97084045410156,51.90391540527344,99.02055358886719,49.41337203979492,171.96633911132812,182.58087158203125,165.18569946289062,68.3752212524414,107.75605773925781,87.65011596679688
40,1.0405141115188599,0.8095735311508179,0.9882469177246094,0.9554989337921143,1.859692931175232,1.040120488818843,0.5306715965270996,0.9993740916252136,0.9999945163726807,0.9993358254432678,0.9985220432281494,0.9999996423721313,0.9970573782920837,0.06471303850412369,0.0004185066500212997,0.010479127056896687,0.846397340297699,0.45276546478271484,0.0029639340937137604,2.5774707794189453,3.8513147830963135,2.5778472423553467,2.5574533939361572,5.413329601287842,2.1830722733556205,2.1000022888183594,0.8552749752998352,0.999966561794281,0.8741390109062195,0.5728082656860352,0.9821621775627136,0.003052686806768179,0.0,0.0,0.0006497667054645717,0.871222734451294,0.1426386833190918,-0.6579013466835022,21.557373046875,3.5853235721588135,3.4707961082458496,2.8079445362091064,3.181086540222168,2.3264918327331543,20.10599708557129,198.01808166503906,9.57097053527832,8.268061637878418,27.289215087890625,59.175479888916016,162.1474609375,37.17106628417969,61.1807861328125,46.72117614746094,89.1224365234375,44.47907257080078,154.83250427246094,167.3656463623047,148.68307495117188,61.57330322265625,97.32765197753906,79.4424057006836
41,1.056511402130127,0.8096604347229004,1.0184330940246582,0.9594148993492126,1.8604425191879272,1.056096200458879,0.5411689281463623,0.9993707537651062,0.9999909996986389,0.999335527420044,0.9985249638557434,0.9999788999557495,0.897046685218811,0.05900704488158226,0.000384920829674229,0.009863883256912231,0.8427539467811584,0.44912034273147583,-0.0036125406622886658,1.754930853843689,1.9269044399261475,1.7501765489578247,1.8780845403671265,3.9866533279418945,1.6913704544896606,1.5176324844360352,0.9758470058441162,0.9990454316139221,0.9843680262565613,0.7395353317260742,0.9647106528282166,0.007475313730537891,0.0,0.0,0.0011063028359785676,0.9065240621566772,0.4342125356197357,-0.4893297255039215,88.34062194824219,5.533560752868652,5.210709571838379,3.2329044342041016,19.73950958251953,5.950277805328369,30.829782485961914,305.50262451171875,108.94233703613281,15.997178077697754,58.927947998046875,93.0531005859375,147.36537170410156,33.46995544433594,55.077274322509766,42.06163024902344,80.28465270996094,40.051429748535156,139.5363006591797,159.758544921875,134.6361083984375,55.50772476196289,88.77490234375,73.30958557128906
42,1.0806560516357422,0.8097903728485107,1.061347246170044,0.9679389595985413,1.8613879680633545,1.080227301790288,0.5591080784797668,0.9993804693222046,0.9999884366989136,0.9993571639060974,0.9985287189483643,0.9999768733978271,0.8064589500427246,0.05350537225604057,0.00035412461147643626,0.009250028058886528,0.8350265622138977,0.4442695677280426,-0.010177714750170708,1.609021544456482,1.5155327320098877,1.6048787832260132,1.680169939994812,4.111546039581299,1.5163670369169309,1.34136962890625,0.9604429602622986,0.9999820590019226,0.9734857678413391,0.7267899513244629,0.9695258736610413,0.008016667328774929,0.0,0.0,0.0011728795943781734,0.9581944942474365,0.38906610012054443,-0.3836769759654999,99.51912689208984,2.8730788230895996,5.962155342102051,3.5103647708892822,29.918453216552734,3.9789440631866455,46.148094177246094,273.5978088378906,119.48695373535156,20.25120735168457,60.52462387084961,86.00680541992188,135.0810089111328,30.135581970214844,49.591453552246094,37.87205123901367,72.46810913085938,36.06179428100586,125.99279022216797,156.1542510986328,123.03778839111328,50.108219146728516,81.65030670166016,68.65947723388672
43,1.0912961959838867,0.8099186420440674,1.0791137218475342,0.9725274443626404,1.8619592189788818,1.0908733018080443,0.5665022730827332,0.9993905425071716,0.9999980330467224,0.9993731379508972,0.9985315799713135,0.9999707937240601,0.7260907888412476,0.04826527461409569,0.00032378884498029947,0.008556682616472244,0.8347585797309875,0.442156046628952,-0.013499662280082703,1.9764156341552734,2.7297205924987793,1.9618899822235107,2.1182868480682373,5.631556034088135,1.5451772151155967,1.3708502054214478,0.8010298013687134,0.8999806046485901,0.8154793381690979,0.6254436373710632,0.9644055962562561,0.00256799696944654,0.0,0.0,0.0006671407027170062,0.8053048849105835,0.08893288671970367,-0.49557679891586304,34.39081954956055,1.4831371307373047,5.681573867797852,3.257843017578125,3.7146503925323486,4.131092548370361,13.619712829589844,87.84342956542969,15.073454856872559,12.989559173583984,18.21852684020996,27.583938598632812,122.57135772705078,27.128841400146484,44.6566047668457,34.10322570800781,65.23922729492188,32.47243118286133,113.52628326416016,145.00767517089844,111.032470703125,45.17063522338867,74.09087371826172,62.7816047668457
44,1.0994439125061035,0.8100671768188477,1.0923235416412354,0.9764988422393799,1.8624985218048096,1.0990104924977486,0.5719618201255798,0.9993600249290466,0.9999958872795105,0.999324381351471,0.9985235333442688,0.9999710917472839,0.653243362903595,0.04349973797798157,0.0002947182802017778,0.007937255315482616,0.8341307044029236,0.43994829058647156,-0.017443181946873665,2.0309178829193115,3.7336020469665527,2.0066893100738525,2.291121482849121,5.579444885253906,1.3276963192291193,1.327438235282898,0.688722550868988,0.8999453783035278,0.7053351998329163,0.44778838753700256,0.9637157320976257,0.0021471213549375534,0.0,0.0,0.0005780282663181424,0.8355448842048645,0.014561695978045464,-0.6975660920143127,55.62105178833008,1.454335331916809,1.5872002840042114,3.0264782905578613,2.5735161304473877,1.7205060720443726,14.742547035217285,52.39834976196289,8.037650108337402,8.961580276489258,15.012321472167969,22.383508682250977,112.00809478759766,24.42359161376953,40.19615173339844,30.713748931884766,58.724884033203125,29.229761123657227,102.26861572265625,132.91773986816406,100.0535888671875,40.722957611083984,67.12590789794922,57.20655059814453
45,1.10397469997406,0.8101197481155396,1.0985552072525024,0.983135461807251,1.8632633686065674,1.1034429083648343,0.5750606060028076,0.9992352724075317,0.9999983310699463,0.9991235733032227,0.998491644859314,0.9999635219573975,0.5877296328544617,0.03950823098421097,0.0002677481097634882,0.007434345781803131,0.8322534561157227,0.43804776668548584,-0.01923469267785549,1.8125392198562622,3.001652956008911,1.761836290359497,2.633078098297119,5.235678672790527,1.3778902539174152,1.2771754264831543,0.7834479212760925,0.8994614481925964,0.7985125780105591,0.4659353494644165,0.9562272429466248,0.0030844202265143394,0.0,0.0,0.0006970134563744068,0.9525447487831116,0.06906856596469879,-0.6226410269737244,97.18887329101562,1.4234458208084106,2.2815427780151367,2.94932222366333,49.73202896118164,22.82822036743164,15.865020751953125,16.930099487304688,4.4061737060546875,9.572470664978027,22.317720413208008,31.697261810302734,104.3412857055664,21.989715576171875,36.185020446777344,27.66280746459961,53.170440673828125,26.465784072875977,92.16813659667969,119.82809448242188,90.07124328613281,36.71052932739258,60.85930252075195,52.031951904296875
46,1.10665762424469,0.810250461101532,1.1020861864089966,0.9871667623519897,1.8640186786651611,1.1061035442585039,0.5761372447013855,0.9991850852966309,0.9999975562095642,0.9990421533584595,0.9984860420227051,0.9999634027481079,0.5288216471672058,0.03562229871749878,0.00024396258231718093,0.006921369582414627,0.8305579423904419,0.43698248267173767,-0.023242339491844177,1.9160897731781006,5.25090217590332,1.7975226640701294,2.682727575302124,5.218509674072266,1.1158876705668714,0.8785019516944885,0.715115487575531,0.9999924302101135,0.736821711063385,0.5164600610733032,0.9760252833366394,0.0010066829854622483,0.0,0.0,0.00058497249847278,0.7388973832130432,0.061946623027324677,-0.5372658967971802,35.240413665771484,1.4828484058380127,1.7673970460891724,3.5934815406799316,6.257798671722412,14.648838996887207,14.565235137939453,14.218647956848145,4.913984775543213,12.230934143066406,10.891959190368652,12.852910041809082,95.23933410644531,19.801353454589844,32.57475280761719,24.92656707763672,47.9119758605957,24.002073287963867,83.07621002197266,108.02816772460938,81.0762939453125,33.16237258911133,54.97990798950195,47.07863235473633
47,1.110538125038147,0.8103305101394653,1.106887698173523,0.9945852756500244,1.8650496006011963,1.1099939807340273,0.5808923244476318,0.9991861581802368,0.9999973177909851,0.999046802520752,0.998494029045105,0.9999610185623169,0.475751131772995,0.03209599107503891,0.00022103833907749504,0.006501463241875172,0.8297708034515381,0.4354286789894104,-0.025884434580802917,2.071188449859619,3.963632345199585,2.038024425506592,2.3502848148345947,5.368790626525879,1.2858916647833285,1.459355354309082,0.8017409443855286,0.8989322781562805,0.8200981020927429,0.6100410223007202,0.9608811736106873,0.0017827118281275034,0.0,0.0,0.0005433137994259596,0.6778423190116882,0.07608997076749802,-0.6152545809745789,64.04962921142578,1.362647294998169,2.5426642894744873,3.0736193656921387,7.235121250152588,2.147718667984009,24.328065872192383,12.691168785095215,4.754983425140381,3.792259931564331,12.597787857055664,20.069936752319336,88.21331024169922,17.83150291442871,29.332040786743164,22.46190643310547,43.17112731933594,21.60976219177246,75.03593444824219,97.8136215209961,72.98564147949219,29.869565963745117,49.83243942260742,42.82615661621094
48,1.1297162771224976,0.8106027841567993,1.1337512731552124,1.016188621520996,1.866564154624939,1.1291281875793193,0.5956897139549255,0.9991816878318787,0.9999964237213135,0.9990430474281311,0.9985163807868958,0.9999606609344482,0.4278213679790497,0.028945473954081535,0.00020167148613836616,0.006234277039766312,0.8280096650123596,0.43078309297561646,-0.030674993991851807,2.030991792678833,3.442943811416626,1.9989807605743408,2.2260959148406982,4.721886157989502,1.4621788877279362,1.5210036039352417,0.7823529243469238,0.8996748328208923,0.8294702172279358,0.45667365193367004,0.9412321448326111,0.0024154281709343195,0.0,0.0,0.0007139965309761465,0.8704943060874939,0.012623591348528862,-0.6407524347305298,96.12859344482422,1.334447979927063,1.8298624753952026,2.852821111679077,3.190312623977661,1.5841796398162842,14.0751371383667,61.20766067504883,5.788977146148682,13.262104988098145,20.125410079956055,32.86619186401367,83.59481048583984,16.059606552124023,26.40574073791504,20.244409561157227,38.870147705078125,19.459033966064453,67.7016830444336,91.47900390625,65.71294403076172,27.063623428344727,45.65909957885742,39.79521942138672
49,1.1393396854400635,0.8106182217597961,1.1441287994384766,1.0386840105056763,1.8683346509933472,1.1387497424431114,0.6039077639579773,0.9991978406906128,0.9999990463256836,0.9990701079368591,0.9985371232032776,0.9999627470970154,0.3848763108253479,0.026161422953009605,0.0001840077602537349,0.006099651101976633,0.8259419798851013,0.4283873736858368,-0.036435939371585846,2.202714681625366,4.110448837280273,2.0920515060424805,2.614182233810425,4.534451007843018,1.544012991306928,1.39639151096344,0.8816518783569336,0.9999805092811584,0.9490400552749634,0.5876642465591431,0.9756292700767517,0.002151090418919921,0.0,0.0,0.0008971852366812527,0.7528026700019836,0.11929245293140411,-0.5960488319396973,67.1195297241211,2.867368698120117,2.719834804534912,3.5288634300231934,10.19932746887207,3.3255906105041504,12.314837455749512,20.37676429748535,6.672094821929932,4.681244850158691,13.380545616149902,20.925989151000977,78.66737365722656,14.476516723632812,23.785377502441406,18.261032104492188,35.085079193115234,17.54315185546875,61.110225677490234,83.05622863769531,59.16917037963867,24.3809757232666,41.55351638793945,36.48348617553711
50,1.192599892616272,0.8111974596977234,1.214416742324829,1.0954391956329346,1.8714492321014404,1.1919796730608234,0.6476507782936096,0.999251127243042,0.999998152256012,0.9991612434387207,0.9985990524291992,0.999962329864502,0.34578433632850647,0.0235762856900692,0.00016833269910421222,0.006035277619957924,0.8212000727653503,0.42012855410575867,-0.04918983578681946,2.045064926147461,2.0020625591278076,2.04783034324646,1.9952881336212158,3.732414484024048,1.848456203009146,1.7143000364303589,0.9485586285591125,0.9975797533988953,0.9639406204223633,0.6903592348098755,0.9374970197677612,0.006744360085576773,0.0,0.0,0.0015298161888495088,0.817905604839325,0.2508731782436371,-0.4544113874435425,141.7855224609375,1.2858622074127197,4.786371231079102,4.107152938842773,10.945829391479492,7.42411994934082,20.573740005493164,284.9917907714844,11.95875358581543,22.553775787353516,51.04129409790039,91.00204467773438,79.356201171875,13.042621612548828,21.44821548461914,16.490123748779297,31.718460083007812,15.872185707092285,55.337093353271484,84.0290298461914,53.403045654296875,22.400943756103516,39.309791564941406,35.887428283691406
51,1.262873888015747,0.8128582239151001,1.2868285179138184,1.2257566452026367,1.877139925956726,1.262291772342887,0.7234687805175781,0.9993737936019897,0.9999980926513672,0.9993414878845215,0.9987854361534119,0.9999598860740662,0.310776025056839,0.021333632990717888,0.0001556652132421732,0.006193618755787611,0.8087334632873535,0.4143592417240143,-0.06408169120550156,2.027573823928833,1.8761963844299316,2.0480329990386963,1.825101613998413,2.7863030433654785,1.8921696644468853,1.8316642045974731,0.948239803314209,0.9997071623802185,0.9636690020561218,0.8025433421134949,0.8966582417488098,0.026471007615327835,0.0,0.0,0.0030230828560888767,0.9289126992225647,0.37986138463020325,-0.5402930378913879,342.023193359375,1.9542278051376343,7.731634140014648,4.5130720138549805,101.55915069580078,7.195958614349365,33.37322235107422,918.1917114257812,19.42171859741211,60.83657455444336,149.6800537109375,280.1425476074219,88.27841186523438,11.760411262512207,19.385725021362305,14.909128189086914,30.133386611938477,14.372958183288574,50.52528381347656,89.96207427978516,48.48643493652344,21.681331634521484,38.94951629638672,37.688934326171875
52,1.3639285564422607,0.8165610432624817,1.3930115699768066,1.3573312759399414,1.8841824531555176,1.3633657376919843,0.8301109671592712,0.9994738698005676,0.9999979734420776,0.9994704127311707,0.9989917874336243,0.9999094605445862,0.2802046239376068,0.019307918846607208,0.00014416388876270503,0.006438362877815962,0.7998843193054199,0.405103474855423,-0.07129314541816711,2.4346210956573486,2.1155693531036377,2.455275535583496,2.127737283706665,2.738369941711426,2.2781209951892425,2.2992637157440186,0.9493296146392822,0.9998453855514526,0.9693033695220947,0.669339120388031,0.8421146273612976,0.03678091615438461,0.0,0.0,0.002853013575077057,0.8584771752357483,0.24208121001720428,-0.6388225555419922,340.2817687988281,1.398985743522644,12.91718578338623,4.378550052642822,39.87065124511719,5.779033184051514,23.0052547454834,1651.442138671875,11.850198745727539,37.11021423339844,212.8033905029297,493.5530090332031,101.17056274414062,10.60185432434082,17.62383460998535,13.493826866149902,28.55524444580078,13.037043571472168,46.025917053222656,101.45774841308594,43.86021041870117,21.049114227294922,39.687538146972656,41.59733581542969
53,1.3520996570587158,0.8195430636405945,1.3524950742721558,1.441179871559143,1.8978890180587769,1.3517453591843145,0.9161598682403564,0.9996604919433594,0.9999994039535522,0.9996834993362427,0.9992946982383728,0.9999142289161682,0.24867253005504608,0.017720822244882584,0.0001377630978822708,0.007136463653296232,0.8193415999412537,0.4409513771533966,0.006226217374205589,1.8741552829742432,1.519505500793457,1.8769450187683105,1.8581187725067139,2.046182632446289,1.7727721190696017,1.7102831602096558,0.9722406268119812,0.999963641166687,0.9982269406318665,0.804593026638031,0.9145240187644958,0.061589863151311874,0.0,0.0,0.007425182498991489,0.8619689345359802,0.646954357624054,0.2686132788658142,843.2222290039062,16.565641403198242,15.192890167236328,16.89481544494629,138.72171020507812,20.910703659057617,94.16427612304688,1990.650390625,138.41604614257812,209.97438049316406,348.4713134765625,609.1015014648438,116.19596862792969,9.792424201965332,16.16324234008789,12.209320068359375,29.638290405273438,12.35167407989502,43.70817947387695,116.1086196899414,44.655235290527344,22.221527099609375,42.304447174072266,46.128971099853516
54,1.4200056791305542,0.8255024552345276,1.4164962768554688,1.5330654382705688,1.9125837087631226,1.4197322065218982,1.0213983058929443,0.9997571706771851,1.0,0.9997818470001221,0.9994930028915405,0.9998289346694946,0.23198877274990082,0.0161171592772007,0.0001271890796488151,0.007257415447384119,0.8324133157730103,0.44994133710861206,0.0002494174987077713,1.9205526113510132,1.6738704442977905,1.919535756111145,1.9286160469055176,2.7755401134490967,1.6214509866458853,1.7247761487960815,0.9323664307594299,0.9977930188179016,0.977830171585083,0.6408867835998535,0.8243748545646667,0.030605822801589966,0.0,0.0,0.003685342613607645,0.8813287019729614,0.2632003426551819,-0.5272110104560852,610.1178588867188,5.9211745262146,8.128860473632812,5.359192848205566,14.633986473083496,25.99174690246582,82.09136199951172,797.5642700195312,11.729433059692383,38.6008415222168,160.0138702392578,282.9608459472656,133.34112548828125,8.912915229797363,14.711782455444336,11.092144966125488,27.326122283935547,12.174285888671875,42.34161376953125,131.5189971923828,40.41056442260742,22.377817153930664,44.420738220214844,51.91483688354492
55,1.4890695810317993,0.8386945724487305,1.4886705875396729,1.5910019874572754,1.9278676509857178,1.488858255056566,1.124522089958191,0.9998250007629395,0.999997615814209,0.9998517632484436,0.9995688796043396,0.9996440410614014,0.21108372509479523,0.01461765170097351,0.00011734777217498049,0.0071633681654930115,0.8399343490600586,0.4555248022079468,-0.007096233777701855,1.9963760375976562,1.7796651124954224,1.9791295528411865,2.378110647201538,4.308155536651611,1.7343938930221823,1.7306982278823853,0.9294655323028564,0.9997630715370178,0.9423778057098389,0.6152470111846924,0.923865556716919,0.021986236795783043,0.0,0.0,0.0029797577299177647,0.8960705995559692,0.13106045126914978,-0.44470900297164917,478.7048034667969,1.576454520225525,12.75393295288086,12.071516990661621,8.922507286071777,22.942779541015625,74.30030059814453,681.3377075195312,14.829143524169922,16.503847122192383,132.39430236816406,236.60946655273438,151.22195434570312,8.041043281555176,13.592703819274902,10.249919891357422,24.621135711669922,11.85273551940918,41.83591079711914,146.82086181640625,36.49778366088867,20.580516815185547,46.53145980834961,58.130611419677734
56,1.568311333656311,0.861814022064209,1.5539871454238892,1.7710930109024048,1.9561576843261719,1.5680858751499256,1.2057350873947144,0.9998338222503662,0.9999979138374329,0.9998530745506287,0.9996601939201355,0.9995333552360535,0.19160045683383942,0.013286526314914227,0.00010853041749214754,0.007564489729702473,0.8358817100524902,0.44485875964164734,-0.03422112390398979,2.425114870071411,3.312633514404297,2.349778652191162,2.6621217727661133,3.686444044113159,1.629942667888774,1.6647415161132812,0.8250676989555359,0.9998321533203125,0.8699871301651001,0.6673812866210938,0.9547266364097595,0.013325922191143036,0.0,0.0,0.0037617140915244818,0.8552411198616028,0.1031007468700409,-0.46804729104042053,476.583984375,3.4442083835601807,6.141129016876221,15.639314651489258,11.974928855895996,19.134929656982422,42.2667121887207,297.0208435058594,24.34214210510254,23.263444900512695,91.98116302490234,165.1387176513672,168.1778564453125,7.266853332519531,12.305696487426758,9.704060554504395,22.300193786621094,11.817492485046387,38.15898895263672,149.1089324951172,33.169918060302734,18.65043067932129,47.0660400390625,62.16505432128906
57,1.6611683368682861,0.8949533104896545,1.6332271099090576,1.9458894729614258,1.9943050146102905,1.6610009215793464,1.2904797792434692,0.9998915791511536,0.9999878406524658,0.9999105930328369,0.9997492432594299,0.9994348883628845,0.1719624251127243,0.011966208927333355,9.936559945344925e-05,0.007890800945460796,0.8006147146224976,0.4298333525657654,-0.05128580331802368,2.452157735824585,4.031663417816162,2.4064691066741943,2.6232187747955322,3.7297632694244385,1.8751962260664967,1.7287540435791016,0.8738720417022705,0.9999560117721558,0.9137783050537109,0.7095584273338318,0.8997494578361511,0.016276324167847633,0.0,0.0,0.0031800249125808477,0.527601957321167,0.064112089574337,-0.7074723839759827,617.919677734375,1.9405502080917358,8.51880168914795,15.446653366088867,13.87877082824707,35.17082214355469,22.943113327026367,483.3272399902344,27.08968162536621,19.33550262451172,124.55708312988281,230.34153747558594,190.1505584716797,6.571447372436523,11.281582832336426,9.35527229309082,20.364168167114258,12.223739624023438,35.135189056396484,153.44064331054688,30.436065673828125,17.13193130493164,48.609066009521484,67.98970031738281
58,1.721433162689209,0.9628008008003235,1.6956734657287598,1.9451851844787598,2.0619871616363525,1.721306193237674,1.3534339666366577,0.9999225735664368,0.9997594952583313,0.9999392032623291,0.9998425245285034,0.9993895292282104,0.15482096374034882,0.01094926055520773,9.096808935282752e-05,0.008500373922288418,0.7828234434127808,0.41118326783180237,-0.07327540218830109,2.1221985816955566,2.959470748901367,2.08980393409729,2.229264497756958,2.8519678115844727,1.695961604429052,1.7090083360671997,0.8587782382965088,1.0,0.8667153716087341,0.8304945230484009,0.9102709889411926,0.03843066468834877,0.0,0.0,0.004883854184299707,0.8522176146507263,0.1899145543575287,-0.27818286418914795,842.3147583007812,5.452882766723633,17.32171630859375,15.244187355041504,45.74492263793945,61.91542053222656,21.58158302307129,1361.807861328125,124.94818115234375,74.96379852294922,257.1295471191406,460.5660095214844,214.42849731445312,5.995999336242676,10.808213233947754,9.162970542907715,19.867616653442383,13.289230346679688,31.898452758789062,169.0095977783203,31.22260856628418,18.031686782836914,52.371490478515625,76.20524597167969
59,1.6864010095596313,1.0250837802886963,1.6523675918579102,1.9338184595108032,2.1585533618927,1.6863102587615024,1.386568546295166,0.9999500513076782,0.999895453453064,0.999960720539093,0.9998987317085266,0.9991853833198547,0.14146356284618378,0.009922727011144161,8.324617374455556e-05,0.00814734771847725,0.8188205361366272,0.4497510492801666,-0.0185844749212265,2.044034481048584,1.7747527360916138,2.0235683917999268,2.167783737182617,2.547104597091675,1.8697702997199934,1.8921130895614624,0.9465655088424683,0.9999930262565613,0.9706510305404663,0.7986712455749512,0.8114577531814575,0.13857616484165192,0.0,0.0,0.009683913551270962,0.9249130487442017,0.40728649497032166,-0.02415630593895912,1728.7691650390625,9.029840469360352,16.06658935546875,23.044086456298828,23.520788192749023,109.77011108398438,51.41539001464844,3736.96484375,281.89111328125,123.43650817871094,610.3908081054688,1173.407958984375,238.80172729492188,5.596958160400391,10.343183517456055,8.876262664794922,18.951519012451172,14.599838256835938,30.281702041625977,185.61973571777344,36.279991149902344,20.565427780151367,56.99163818359375,83.80421447753906
60,1.683034062385559,1.0752898454666138,1.6483817100524902,1.8817230463027954,2.341742515563965,1.6829740513973324,1.4006807804107666,0.9999657869338989,0.9999879598617554,0.9999727010726929,0.9999381303787231,0.9990605115890503,0.13021259009838104,0.008978311903774738,7.666423334740102e-05,0.007494294084608555,0.8279328942298889,0.43456900119781494,-0.0683458223938942,2.2622129917144775,1.9297622442245483,2.2722396850585938,2.224810838699341,2.423283338546753,1.8580740778632576,1.963169813156128,0.9340846538543701,0.9998442530632019,0.9920505881309509,0.7045015096664429,0.7958004474639893,0.20726144313812256,0.0,0.0,0.014876775443553925,0.8468084335327148,0.2503659129142761,-0.42199617624282837,2436.829833984375,21.002334594726562,54.041236877441406,38.08002471923828,79.68756103515625,160.62643432617188,76.91419982910156,5251.73779296875,73.44706726074219,125.41638946533203,831.7783203125,1676.10693359375,258.983642578125,5.7710089683532715,10.433755874633789,8.873258590698242,21.17102813720703,16.258020401000977,30.42972755432129,202.6543426513672,35.69012451171875,24.289670944213867,61.4554557800293,90.92683410644531
61,1.633297324180603,1.1220142841339111,1.5910789966583252,1.8444494009017944,2.5990726947784424,1.6332582921807626,1.3783457279205322,0.9999760985374451,0.9999997615814209,0.9999815225601196,0.9999585747718811,0.9987888932228088,0.11760476976633072,0.00811596866697073,7.063531666062772e-05,0.007645198609679937,0.8429725766181946,0.43917539715766907,-0.08585969358682632,2.1795318126678467,1.9472333192825317,2.169886350631714,2.234809160232544,2.4464304447174072,1.919765894905543,1.970317006111145,0.95754474401474,0.9999098777770996,0.9998182058334351,0.7191764116287231,0.851166844367981,0.2631322145462036,0.0,0.0,0.02558280900120735,0.938520610332489,0.3529433608055115,-0.19337090849876404,3729.341064453125,71.76779174804688,53.35356521606445,61.197418212890625,69.92449951171875,166.24803161621094,127.65276336669922,9786.8095703125,533.8582153320312,424.9111328125,1502.50634765625,3017.4326171875,275.2760925292969,6.249500274658203,10.912363052368164,9.039121627807617,23.47845458984375,18.07013511657715,34.89154815673828,218.997802734375,41.20323181152344,27.64909553527832,66.57673645019531,96.68965148925781
62,1.6837788820266724,1.1999263763427734,1.6305383443832397,1.8915421962738037,2.9080357551574707,1.6837422094940613,1.401112675666809,0.9999801516532898,0.9997301697731018,0.9999854564666748,0.9999719858169556,0.99870765209198,0.10654371976852417,0.007313072681427002,6.468206265708432e-05,0.009654042311012745,0.8098692893981934,0.38065415620803833,-0.19560188055038452,2.1631546020507812,2.0945537090301514,2.074714183807373,2.2892234325408936,2.0641462802886963,1.4082960974279917,1.6411527395248413,0.8389905691146851,0.9999917149543762,0.9981251955032349,0.6010583639144897,0.8725773692131042,0.1623721420764923,0.0,0.0,0.013372917659580708,0.7776170372962952,0.126085564494133,-0.6243748664855957,5333.34423828125,215.208984375,72.94947814941406,159.39366149902344,241.7579803466797,219.7561798095703,327.55914306640625,3479.186279296875,429.8736877441406,60.775726318359375,1053.9805908203125,1838.60009765625,292.53875732421875,6.001737117767334,11.24283504486084,9.009193420410156,23.505334854125977,18.916311264038086,35.06007766723633,240.60833740234375,44.07073211669922,27.040607452392578,70.79940032958984,104.78521728515625
63,1.7365734577178955,1.2834473848342896,1.677622675895691,1.9250390529632568,3.001980781555176,1.7365476864674136,1.4150649309158325,0.9999859929084778,0.999999463558197,0.9999898076057434,0.9999799132347107,0.9990023970603943,0.09589755535125732,0.006579556502401829,5.9958711062790826e-05,0.011866998858749866,0.7972105741500854,0.3303232491016388,-0.24370047450065613,2.2337589263916016,2.0428006649017334,2.2105307579040527,2.282304048538208,1.847033143043518,1.598320430479442,1.8145513534545898,0.876198410987854,0.9999721050262451,0.999985933303833,0.6201716661453247,0.8458154797554016,0.3683837354183197,0.0,0.0,0.023201873525977135,0.7903932929039001,0.18903334438800812,-0.21929356455802917,7870.33935546875,139.10728454589844,48.83766174316406,141.37139892578125,24.88819694519043,197.68853759765625,275.24615478515625,11482.74609375,235.67259216308594,886.4781494140625,2130.237548828125,4028.3076171875,316.0092468261719,7.294291019439697,12.111968040466309,9.248819351196289,21.363698959350586,21.364521026611328,38.632808685302734,278.4364929199219,48.919132232666016,27.861209869384766,78.12422180175781,117.30967712402344
64,1.713599443435669,1.3027478456497192,1.6701611280441284,1.831024169921875,3.6266729831695557,1.7135811728185621,1.4035029411315918,0.9999890327453613,0.9996878504753113,0.9999933242797852,0.9999852776527405,0.9984305500984192,0.08375883102416992,0.00593729829415679,5.4924923460930586e-05,0.011673396453261375,0.8053325414657593,0.3349386751651764,-0.2809160053730011,2.2669906616210938,1.9291791915893555,2.309192419052124,2.194697380065918,2.233795642852783,1.6987267122008425,1.8207348585128784,0.8820382356643677,0.9999076724052429,0.9996351003646851,0.6824601292610168,0.7065389156341553,0.8223590850830078,0.0,0.0,0.04394320771098137,0.8989924788475037,0.2478189468383789,-0.26957619190216064,9002.666015625,62.499141693115234,112.91910552978516,125.3420639038086,111.20098876953125,236.46124267578125,530.1532592773438,12391.6201171875,581.546630859375,200.18408203125,2335.45947265625,4438.72998046875,340.02362060546875,8.691312789916992,13.489705085754395,9.814286231994629,22.9644775390625,25.063236236572266,45.601505279541016,326.4064636230469,58.32255935668945,29.713970184326172,88.00911712646484,130.99392700195312
65,1.7242190837860107,1.2758616209030151,1.6911219358444214,1.7970681190490723,3.977241277694702,1.7241769445386586,1.3818492889404297,0.9999874234199524,0.9999994039535522,0.9999909400939941,0.9999858736991882,0.9973662495613098,0.07369911670684814,0.005363857839256525,5.067195161245763e-05,0.01186468917876482,0.8356568813323975,0.3291545808315277,-0.30666884779930115,2.4926974773406982,2.2060012817382812,2.6686758995056152,2.2898712158203125,2.439436674118042,1.8131900806541839,1.8720426559448242,0.8118491768836975,0.9996985197067261,0.9993788599967957,0.6109416484832764,0.6429118514060974,1.1825780868530273,0.0,0.0,0.039950188249349594,0.7829527258872986,0.19474051892757416,-0.2690604329109192,12680.703125,92.05644989013672,147.68450927734375,70.98757934570312,108.90866088867188,334.20709228515625,203.8512420654297,14920.1806640625,444.1806640625,188.4906463623047,2919.125,5750.07421875,360.1772766113281,8.657453536987305,15.313652992248535,10.870126724243164,27.64024543762207,28.925601959228516,52.959659576416016,371.76953125,70.4876708984375,32.039276123046875,97.8840560913086,144.43040466308594
66,1.7191779613494873,1.3161336183547974,1.712079644203186,1.7264819145202637,3.986865520477295,1.7191425034529908,1.356999397277832,0.9999900460243225,0.9999313950538635,0.9999966025352478,0.9999867081642151,0.9956352114677429,0.06014662981033325,0.004831831902265549,4.599616659106687e-05,0.011518657207489014,0.907760739326477,0.3227803707122803,-0.26514169573783875,2.3230369091033936,2.097567081451416,2.576716184616089,2.131319284439087,2.616690158843994,1.50752557791384,1.7786788940429688,0.8038449883460999,0.9986011385917664,0.9996036291122437,0.6696334481239319,0.5962569117546082,1.3833726644515991,0.0,0.0,0.04315851256251335,0.9225555658340454,0.21189993619918823,-0.2931634783744812,15496.7763671875,15.690905570983887,142.6644287109375,84.2192611694336,168.78121948242188,273.97442626953125,602.1978149414062,12810.99609375,1519.398681640625,154.0014190673828,3126.869873046875,5860.4951171875,396.5357360839844,8.457924842834473,16.96847152709961,12.57947826385498,32.186256408691406,33.251808166503906,65.67743682861328,416.231689453125,85.2901611328125,36.41017150878906,110.3589096069336,160.80270385742188
67,1.7572067975997925,1.3596830368041992,1.7634907960891724,1.7404929399490356,4.290492534637451,1.7571600520983341,1.3541560173034668,0.9999878406524658,0.9994820356369019,0.999997615814209,0.9999855160713196,0.9939023852348328,0.050504691898822784,0.004351114854216576,4.180518226348795e-05,0.011473817750811577,0.8894516825675964,0.2663273513317108,-0.25826528668403625,2.436375379562378,2.285625696182251,2.448065757751465,2.4284095764160156,2.845095634460449,1.456596099053245,1.9492720365524292,0.7220755815505981,0.9998223781585693,0.999903678894043,0.5501019358634949,0.4969308376312256,1.1974146366119385,0.0,0.0,0.02420940063893795,0.6655697822570801,0.09261254221200943,-0.49123433232307434,17262.734375,103.20207977294922,107.84220123291016,107.41716003417969,92.16704559326172,225.67845153808594,580.0808715820312,8862.8330078125,521.340576171875,173.5127410888672,2803.680908203125,5682.32275390625,433.0545654296875,9.436877250671387,18.503875732421875,14.583612442016602,35.424564361572266,38.19028854370117,78.21282958984375,475.669921875,95.16494750976562,39.114017486572266,123.73554992675781,181.0313262939453
68,1.8217127323150635,1.4586135149002075,1.801545262336731,1.8403784036636353,4.469833850860596,1.8216584819973185,1.3825441598892212,0.9999883770942688,0.9998956918716431,0.999998152256012,0.9999894499778748,0.9934920072555542,0.04429378733038902,0.003917480818927288,3.8043628592276946e-05,0.01132267713546753,0.8529277443885803,0.22444549202919006,-0.27480119466781616,2.6934971809387207,2.7333030700683594,2.5938360691070557,2.759195327758789,2.9232101440429688,1.2457918096817833,2.390763282775879,0.6504925489425659,0.9998265504837036,0.9999673366546631,0.4108099937438965,0.42322835326194763,1.3574897050857544,0.0,0.0,0.01136812474578619,0.5383341312408447,0.05811319872736931,-0.7446016073226929,22934.953125,136.32443237304688,108.28929138183594,152.4433135986328,78.76659393310547,182.49961853027344,329.2884216308594,4187.515625,189.29031372070312,156.7722930908203,2845.614501953125,6913.26513671875,468.4462585449219,11.413636207580566,19.396120071411133,17.27808380126953,36.85371780395508,39.88837432861328,84.89106750488281,544.5242309570312,93.31502532958984,42.65239715576172,135.8658905029297,203.22166442871094
69,1.8688586950302124,1.5314652919769287,1.8101701736450195,1.9251207113265991,4.251384735107422,1.8687844839457193,1.402127981185913,0.9999862909317017,0.9999311566352844,0.9999987483024597,0.9999876618385315,0.9927768707275391,0.038222409784793854,0.0035270180087536573,3.4327040339121595e-05,0.011017761193215847,0.8608163595199585,0.19101300835609436,-0.3594120740890503,2.651893377304077,2.8181912899017334,2.590008020401001,2.687358856201172,2.6321780681610107,1.190471214044963,2.2222461700439453,0.6552165746688843,0.9999594688415527,0.9994698166847229,0.45298901200294495,0.4858770966529846,1.6955652236938477,0.0,0.0,0.006528023164719343,0.8299842476844788,0.1291087120771408,-0.4266562759876251,27868.998046875,205.90667724609375,109.82136535644531,54.28610610961914,262.1398620605469,202.41664123535156,376.0499267578125,7547.58544921875,501.90130615234375,354.0129699707031,3748.311767578125,8546.716796875,522.7518920898438,13.871529579162598,21.059736251831055,19.305906295776367,38.0400505065918,42.894073486328125,94.46131896972656,620.6688842773438,99.41148376464844,45.806983947753906,151.8271942138672,230.54644775390625
70,1.9379884004592896,1.658067226409912,1.8779513835906982,1.9823790788650513,3.742964744567871,1.937835979817194,1.449957251548767,0.9999809265136719,0.999888002872467,0.9999990463256836,0.9999861717224121,0.9905457496643066,0.030737971886992455,0.0031776276882737875,3.1002557079773396e-05,0.011005494743585587,0.8393073678016663,0.19909366965293884,-0.37246549129486084,2.519678831100464,2.3677937984466553,2.4583821296691895,2.5425865650177,2.7085859775543213,1.6851350802399498,1.9711023569107056,0.7173746228218079,0.9998436570167542,0.9983724355697632,0.6088520884513855,0.5109542608261108,2.6645092964172363,0.0,0.0,0.01650202088057995,0.6054102778434753,0.20080149173736572,-0.3767715096473694,28154.6640625,110.2516098022461,227.4611358642578,200.06097412109375,282.3299255371094,232.75372314453125,298.66497802734375,16743.966796875,207.0388946533203,421.6357727050781,4687.8828125,9630.6904296875,620.6298828125,16.27794647216797,22.657045364379883,21.828777313232422,38.56260299682617,51.55243682861328,96.7563705444336,726.5191040039062,97.96730041503906,47.58104705810547,174.0332489013672,272.4073791503906
71,1.9857048988342285,1.9068799018859863,1.9329031705856323,2.012834072113037,3.234997034072876,1.9852893778333747,1.4789470434188843,0.9999724626541138,0.9990907907485962,0.9999992847442627,0.9999881386756897,0.9871580600738525,0.04777848720550537,0.002860097214579582,2.8148200726718642e-05,0.010784833692014217,0.8812636733055115,0.21628187596797943,-0.29633599519729614,2.4542322158813477,2.1503241062164307,2.762169599533081,2.3679254055023193,2.574565887451172,1.625100048663882,1.8556922674179077,0.7582200169563293,0.9997035264968872,0.9997239112854004,0.695759117603302,0.5582694411277771,4.968023777008057,0.0,0.0,0.0258951336145401,0.9195125102996826,0.19652806222438812,-0.3008754849433899,31304.6640625,56.29939651489258,433.1123962402344,229.08815002441406,219.66571044921875,379.0075988769531,411.30462646484375,24578.677734375,1365.727294921875,787.3692016601562,5976.49169921875,11667.0185546875,705.6314086914062,17.499143600463867,23.826650619506836,23.44966697692871,40.58039474487305,60.25245666503906,108.12686920166016,861.8480224609375,106.36611938476562,50.91435241699219,199.84951782226562,318.6631774902344
72,2.0291709899902344,2.162415027618408,2.0184295177459717,2.0310678482055664,2.738118886947632,2.028059768717621,1.512279987335205,0.9999589920043945,0.9993647336959839,0.999999463558197,0.9999898076057434,0.9845720529556274,0.10021128505468369,0.0025749385822564363,2.5473000277997926e-05,0.010782166384160519,0.9072897434234619,0.234368696808815,-0.3244458734989166,2.3485140800476074,1.9831531047821045,2.374415159225464,2.3416831493377686,2.4128973484039307,1.8403807660617661,1.8141950368881226,0.8269128799438477,0.9997949004173279,0.9999710917472839,0.7745431065559387,0.6262509822845459,10.885379791259766,0.0,0.0,0.05102498084306717,0.8837767243385315,0.24764467775821686,-0.5070003271102905,42359.640625,708.2939453125,1246.530029296875,211.0134735107422,240.63934326171875,468.5560302734375,1176.8232421875,49154.81640625,2384.489501953125,1232.588134765625,9918.3388671875,18903.935546875,831.6903686523438,19.36841583251953,26.368816375732422,25.485288619995117,42.83601379394531,68.52450561523438,120.61485290527344,1039.8260498046875,117.6004867553711,56.05120849609375,234.8365936279297,381.9031677246094
73,2.066908121109009,2.093330144882202,2.1177477836608887,2.046898126602173,2.458209753036499,2.064796949994524,1.5506097078323364,0.999934196472168,0.9998147487640381,0.9999997019767761,0.9999869465827942,0.9814457893371582,0.18527954816818237,0.0023245883639901876,2.3048101866152138e-05,0.010600055567920208,0.9120078682899475,0.27453622221946716,-0.38321858644485474,2.3305628299713135,1.96932852268219,2.412039279937744,2.3076717853546143,2.4840292930603027,1.963475270836914,1.7728407382965088,0.898855984210968,0.9993376135826111,0.9999249577522278,0.8709625601768494,0.63331538438797,19.882247924804688,0.0,0.0,0.04905734956264496,0.7720998525619507,0.34035253524780273,-0.41174280643463135,63743.34375,574.6131591796875,1579.413330078125,708.976318359375,608.0259399414062,553.3330078125,2925.860595703125,68737.5234375,3222.284423828125,3268.466796875,14592.1845703125,27294.79296875,1011.357177734375,21.421844482421875,30.795101165771484,27.564973831176758,44.20058059692383,77.070068359375,127.1986083984375,1259.894287109375,132.3652801513672,62.2343864440918,279.4102478027344,464.0780029296875
74,2.0885865688323975,2.0140976905822754,2.1826424598693848,2.055600166320801,2.3602023124694824,2.0849915219275448,1.572851538658142,0.9998972415924072,0.9996728897094727,0.9999997615814209,0.999993085861206,0.977085292339325,0.3058278560638428,0.002100791782140732,2.0806412067031488e-05,0.010700196027755737,0.8983057737350464,0.3045576512813568,-0.4608360826969147,2.349487781524658,1.9904991388320923,2.4159281253814697,2.332502603530884,2.4607741832733154,2.0255750823869985,1.8025447130203247,0.9277681112289429,0.9993112683296204,0.9996442198753357,0.909248948097229,0.649802029132843,41.087989807128906,0.0,0.0,0.07671843469142914,0.6957278847694397,0.2967871427536011,-0.5531094074249268,94602.296875,1159.6988525390625,3271.3564453125,1241.06640625,1229.6544189453125,988.52294921875,5419.7626953125,122165.8359375,3783.734619140625,3530.818359375,23739.275390625,45026.23828125,1236.2559814453125,25.094898223876953,36.68135452270508,31.006078720092773,47.19977951049805,85.67884063720703,133.5452880859375,1477.91064453125,150.7375946044922,70.44941711425781,329.45599365234375,553.8407592773438
75,2.091784715652466,1.9705313444137573,2.2218921184539795,2.0494163036346436,2.3233401775360107,2.084237382375478,1.5914466381072998,0.9998392462730408,0.9999171495437622,0.9999998211860657,0.9999938607215881,0.9738367199897766,0.460798978805542,0.0019028872484341264,1.87652312888531e-05,0.010537280701100826,0.9043318629264832,0.3381846249103546,-0.521953284740448,2.171779155731201,1.9245483875274658,2.3081274032592773,2.1423630714416504,2.2643656730651855,1.813285701832381,1.6883403062820435,0.9331444501876831,0.9995562434196472,0.9998816251754761,0.9204033017158508,0.6929639577865601,75.37450408935547,0.0,0.0,0.10470973700284958,0.8151156902313232,0.32824477553367615,-0.5714097023010254,132117.84375,5271.31689453125,6946.3447265625,1531.6575927734375,3997.020751953125,3885.109375,6654.47216796875,198268.421875,12559.71484375,14485.4306640625,38571.73046875,68750.0625,1471.4984130859375,26.381481170654297,42.442081451416016,35.4554328918457,51.8670539855957,93.34544372558594,136.12213134765625,1678.5146484375,168.75331115722656,76.78567504882812,378.1165466308594,641.186279296875
76,2.0693206787109375,1.9320495128631592,2.2225170135498047,2.019420623779297,2.373213291168213,2.0573788658046244,1.5955520868301392,0.9997407793998718,0.9999846816062927,0.9999998807907104,0.9999940991401672,0.967898428440094,0.6872953772544861,0.0017203374300152063,1.6927593605942093e-05,0.010915602557361126,0.9231591820716858,0.3685247004032135,-0.6111150979995728,2.0209102630615234,1.864161491394043,2.119114398956299,1.9929264783859253,2.387652635574341,1.740797968671347,1.6299880743026733,0.96693354845047,0.998508632183075,0.9999400973320007,0.9622015357017517,0.6633704900741577,166.82168579101562,0.0,0.0,0.2668285369873047,0.9309435486793518,0.3985615372657776,-0.6496342420578003,209782.078125,11558.8251953125,11017.5166015625,4501.18359375,12028.4013671875,3566.997802734375,19157.041015625,351083.3125,34430.9296875,24389.67578125,68151.59375,116807.6171875,1708.30810546875,29.87095832824707,47.2595329284668,40.31328201293945,57.83241653442383,99.8375473022461,151.73992919921875,1879.1177978515625,193.5605926513672,85.29071044921875,429.3130798339844,727.87255859375
77,2.0450665950775146,1.9151077270507812,2.198768138885498,1.993431806564331,2.477097511291504,2.026797981441049,1.6047765016555786,0.999579668045044,0.9996623992919922,1.0,0.9999998807907104,0.9592873454093933,0.9464346170425415,0.001560509786941111,1.5406572856591083e-05,0.011407824233174324,0.915603756904602,0.39631199836730957,-0.6711403131484985,1.8989548683166504,1.8579849004745483,1.9442789554595947,1.8794925212860107,2.5191829204559326,1.6443717525454988,1.5341885089874268,0.9832555651664734,0.9999880790710449,0.9997638463973999,0.9837762117385864,0.6488178372383118,302.58770751953125,0.0,0.0,0.7232827544212341,0.8016942143440247,0.435604989528656,-0.6910975575447083,300180.875,19851.595703125,18992.7109375,14716.28125,30500.90625,12203.0263671875,34143.125,546644.75,55460.5390625,57384.2265625,109007.8046875,176633.546875,1998.74853515625,34.743858337402344,51.814823150634766,46.31119155883789,65.0960922241211,106.93846130371094,167.55470275878906,2114.555419921875,212.97952270507812,97.45120239257812,489.6193542480469,831.6902465820312
78,2.0191447734832764,1.9207240343093872,2.1669251918792725,1.9650813341140747,2.547276496887207,1.978530054610091,1.6224514245986938,0.9992810487747192,0.9999207258224487,0.9999998211860657,0.9999999403953552,0.9497168660163879,1.3710756301879883,0.001424165559001267,1.3936152754467912e-05,0.013089797459542751,0.9104411005973816,0.4280337691307068,-0.6990091800689697,1.5728764533996582,1.706801414489746,1.6463232040405273,1.5394806861877441,2.2438771724700928,1.3631071492324947,1.253812313079834,0.9962280988693237,0.9997669458389282,0.9996863603591919,0.9999303817749023,0.7249312400817871,536.7553100585938,0.0,0.0,2.258502960205078,0.8257841467857361,0.48481854796409607,-0.6762412786483765,435111.0625,69642.546875,41628.52734375,21762.82421875,114189.78125,30450.00390625,98760.6875,818393.5625,137987.40625,129057.6015625,189698.40625,256735.78125,2408.010498046875,39.832183837890625,57.1699333190918,53.61534118652344,74.16319274902344,115.5625991821289,183.99130249023438,2438.990478515625,232.0966796875,114.17683410644531,571.7609252929688,976.5049438476562
79,1.9808909893035889,1.912319302558899,2.0923612117767334,1.9320944547653198,2.4570729732513428,1.9102433755332182,1.6485270261764526,0.9989069104194641,0.9998489618301392,0.9999998807907104,0.9999999403953552,0.9492322206497192,2.0652809143066406,0.0012953276745975018,1.2644362868741155e-05,0.01548882108181715,0.907317042350769,0.4895142614841461,-0.5656884908676147,1.2787984609603882,1.5006047487258911,1.3565365076065063,1.2400709390640259,1.4556578397750854,1.1493294846977116,1.0536712408065796,0.9966235160827637,0.9999963641166687,0.9995693564414978,0.9999529123306274,0.8705905079841614,1126.582275390625,0.0,0.0,4.493332862854004,0.9130975604057312,0.6564069390296936,0.28832313418388367,621454.0,166190.609375,105681.125,15075.1181640625,218754.28125,81377.40625,361667.09375,1383304.25,324879.875,319525.28125,359790.90625,411717.5,2941.1904296875,44.46185302734375,63.374839782714844,52.72965621948242,84.4588851928711,124.23606872558594,204.2021026611328,2886.391357421875,254.48475646972656,134.02850341796875,678.9558715820312,1168.637939453125
80,1.9486275911331177,1.8908065557479858,2.0136923789978027,1.9062217473983765,2.3835442066192627,1.8529511031772938,1.6684672832489014,0.9984449744224548,0.9999691843986511,1.0,0.9999998807907104,0.9510891437530518,2.9145290851593018,0.0011761205969378352,1.1460282621555962e-05,0.017983732745051384,0.9087812304496765,0.5492336750030518,-0.3371685743331909,1.1269339323043823,1.2511097192764282,1.1446701288223267,1.1018675565719604,1.1920393705368042,0.9314395923137004,0.9082239866256714,0.9941891431808472,0.9999991059303284,0.9999973773956299,0.9999877214431763,0.8934372663497925,2452.939453125,0.0,0.0,12.472750663757324,0.9740536212921143,0.6845628023147583,0.4526245594024658,1100763.75,327879.6875,221477.390625,23483.0234375,521181.6875,199729.65625,700580.5,2152897.25,562033.1875,585980.375,639600.6875,646267.625,3507.296630859375,50.21430587768555,69.40935516357422,51.159122467041016,95.08695220947266,132.9611358642578,231.0062713623047,3389.75390625,278.34271240234375,156.2350616455078,796.1466064453125,1377.8228759765625
81,1.930773138999939,1.8781968355178833,1.9571094512939453,1.8899019956588745,2.3456320762634277,1.7972006766813946,1.6912291049957275,0.9977408051490784,0.9999944567680359,1.0,0.9999999403953552,0.9521735906600952,4.238379955291748,0.001063844421878457,1.0391085197625216e-05,0.01965733803808689,0.9143381714820862,0.5898320078849792,-0.1128382608294487,1.0720083713531494,1.163650631904602,1.0638941526412964,1.060724139213562,1.0592947006225586,0.8198767424224337,0.8371788263320923,0.9903460144996643,0.9999865889549255,0.9999995827674866,0.9999845623970032,0.9063267707824707,5128.85693359375,0.0,0.0,22.817289352416992,0.9912863969802856,0.6573120951652527,0.3875557780265808,1834247.0,660512.375,479713.875,46212.578125,869881.8125,445679.90625,1165023.625,3512279.5,1043520.25,986476.375,1104354.875,1053182.25,4291.93896484375,56.036983489990234,75.7970962524414,53.84251022338867,106.2186279296875,143.3971710205078,258.74420166015625,3919.809814453125,304.2996826171875,177.6669158935547,938.7752075195312,1637.8248291015625
82,1.9207206964492798,1.8736696243286133,1.9171048402786255,1.8782190084457397,2.312596082687378,1.7449821516300934,1.7128137350082397,0.9968955516815186,0.9999909400939941,1.0,1.0,0.953423798084259,5.653858184814453,0.0009599099867045879,9.39892834139755e-06,0.02206050045788288,0.9158092141151428,0.6163655519485474,0.09117723256349564,1.0224297046661377,1.0832303762435913,1.0121253728866577,1.0176864862442017,1.0013209581375122,0.7458144478495362,0.7626787424087524,0.9856641888618469,0.9999993443489075,0.9999997615814209,0.9999697208404541,0.913709819316864,10730.0361328125,0.0,0.0,55.13296127319336,0.9881757497787476,0.6510353088378906,0.39058709144592285,3412143.0,1366255.0,1043458.9375,116445.375,1615599.875,1008643.8125,2118000.0,5998375.5,1869160.625,1782788.5,2033087.0,1827946.375,5216.8544921875,65.06916809082031,83.3788070678711,61.08793258666992,116.39209747314453,157.187744140625,284.7398986816406,4510.64892578125,336.4795227050781,196.96971130371094,1102.880859375,1940.203369140625
83,1.9124422073364258,1.8672484159469604,1.8888691663742065,1.867680549621582,2.270867347717285,1.693631556323801,1.7271168231964111,0.9958939552307129,0.9999998211860657,1.0,1.0,0.9530094861984253,7.222265720367432,0.0008649931405670941,8.483558303851169e-06,0.023655464872717857,0.9025257229804993,0.6264765858650208,0.22887858748435974,0.9943181276321411,1.0243369340896606,0.9839113354682922,0.9955445528030396,0.9854100942611694,0.7143305657452929,0.6713805794715881,0.9798009991645813,0.9999950528144836,0.9999998211860657,0.9999994039535522,0.9173679947853088,20257.234375,0.0,0.0,122.05207824707031,0.9977965950965881,0.6165554523468018,0.355325847864151,6425148.5,2841509.5,2470752.75,235597.78125,3224957.5,2315651.5,3956829.25,10347624.0,3510436.0,3467252.0,3879576.0,3294769.0,6218.30859375,76.4925765991211,92.7903823852539,71.72380828857422,125.83920288085938,173.06715393066406,308.45623779296875,5143.97607421875,388.6576843261719,223.5247039794922,1282.2835693359375,2267.777587890625
84,1.905058741569519,1.8611648082733154,1.8686435222625732,1.8561712503433228,2.2274088859558105,1.6525316637097265,1.7336483001708984,0.9950658082962036,1.0,1.0,0.9999999403953552,0.9552311897277832,8.788342475891113,0.0007791426032781601,7.643352546438109e-06,0.02602163329720497,0.9118639230728149,0.6288378834724426,0.32200199365615845,0.9625362157821655,0.981413722038269,0.9477384686470032,0.9571366906166077,0.9678957462310791,0.6145867286783259,0.6075810790061951,0.973903477191925,0.9999954700469971,0.9999998807907104,0.999998927116394,0.9173853993415833,37675.3984375,0.0,0.0,275.5423889160156,0.9951900243759155,0.6110489964485168,0.3735851049423218,12750708.0,5836378.5,5198985.5,420918.375,6568540.0,4939156.0,7735243.0,18403228.0,7111853.5,6910875.0,7587589.0,6156945.5,7325.92724609375,89.01100158691406,107.97640991210938,83.65369415283203,135.52638244628906,190.0000762939453,338.2464294433594,5779.5712890625,470.7965087890625,264.2994079589844,1478.5008544921875,2620.0224609375
85,1.9123175144195557,1.869411587715149,1.8667309284210205,1.8519755601882935,2.2081711292266846,1.6147192923297216,1.7451421022415161,0.9939354658126831,0.9999999403953552,1.0,1.0,0.956007719039917,10.472064018249512,0.0007014466100372374,6.884901267767418e-06,0.028097277507185936,0.9462747573852539,0.6225107908248901,0.37936776876449585,0.9526638388633728,0.9537056684494019,0.9348064661026001,0.9478359818458557,0.9646883010864258,0.5045787397362673,0.5380370020866394,0.9657455682754517,0.9999986886978149,0.9999998807907104,0.9999994039535522,0.9151182174682617,64950.6875,0.0,0.0,645.0173950195312,0.9920055866241455,0.5884528160095215,0.3556813597679138,24485124.0,11390243.0,10783399.0,1102338.75,12612236.0,10357539.0,14751276.0,31028920.0,13790144.0,13442605.0,14374383.0,11258921.0,8794.474609375,105.06500244140625,138.06529235839844,96.60448455810547,145.73126220703125,206.888427734375,395.4942321777344,6394.81103515625,558.7431640625,308.0311279296875,1714.390869140625,3055.666259765625
86,1.9227718114852905,1.8836946487426758,1.8723206520080566,1.8530421257019043,2.181942939758301,1.5871089945702912,1.753933072090149,0.9929112195968628,1.0,1.0,1.0,0.9571344256401062,11.85103702545166,0.000631447765044868,6.196036792971427e-06,0.031374040991067886,0.9686285853385925,0.6093829274177551,0.38143619894981384,0.9632678627967834,0.9714802503585815,0.9491952657699585,0.9562334418296814,0.9686312079429626,0.4802610729098846,0.5083051323890686,0.9609732031822205,0.9999997019767761,1.0,0.999947190284729,0.916293740272522,101903.1796875,0.0,0.0,1350.33642578125,0.9961687922477722,0.5714195966720581,0.3523067235946655,49232796.0,21986948.0,22597094.0,1954499.125,23298210.0,21506896.0,29130272.0,55246088.0,27477954.0,26193058.0,27862382.0,21683512.0,10495.0107421875,126.85588073730469,214.3936004638672,109.82066345214844,160.4976348876953,229.3827362060547,458.1297302246094,7107.388671875,651.9067993164062,355.8189392089844,1990.9205322265625,3566.162109375
87,1.9252910614013672,1.8890973329544067,1.8753613233566284,1.8546175956726074,2.1365129947662354,1.5631026988730916,1.7469412088394165,0.9921383857727051,1.0,1.0,1.0,0.9593055844306946,12.962480545043945,0.0005683029303327203,5.576358944381354e-06,0.034452494233846664,0.9844241738319397,0.5935779213905334,0.35917526483535767,0.9839650392532349,1.0102522373199463,0.9893800020217896,0.9924672842025757,0.9723463654518127,0.4611289785684362,0.4830095171928406,0.9547056555747986,0.9999997019767761,1.0,0.9999574422836304,0.9161319732666016,155501.453125,0.0,0.0,2813.941162109375,0.9979023933410645,0.5511540174484253,0.35016435384750366,94178536.0,41998528.0,45260020.0,3547281.25,44877460.0,42300296.0,54540224.0,97990104.0,52919812.0,51496004.0,52910828.0,41212132.0,12165.0546875,161.1570281982422,302.9148864746094,149.61936950683594,189.51502990722656,256.79498291015625,543.4444580078125,7897.10107421875,780.4057006835938,410.1241455078125,2285.613037109375,4082.84521484375
88,1.9180127382278442,1.885838270187378,1.8733094930648804,1.8552364110946655,2.075345516204834,1.541605668567712,1.7243014574050903,0.9916396141052246,1.0,1.0,1.0,0.9624553322792053,13.861053466796875,0.0005114726372994483,5.0187222768727224e-06,0.04070460423827171,0.9902747869491577,0.5759033560752869,0.3354760408401489,1.0061970949172974,1.0874814987182617,1.0676017999649048,1.0666515827178955,0.9622377753257751,0.5055669777874436,0.45936599373817444,0.9478111267089844,0.9999955296516418,1.0,0.9999976754188538,0.9159671068191528,222441.453125,0.0,0.0,5674.71630859375,0.9950578808784485,0.5323559641838074,0.3234100639820099,173624432.0,76487624.0,85633456.0,9315994.0,86305048.0,76749288.0,102483968.0,171024240.0,99746568.0,95766544.0,97713720.0,76269880.0,13821.736328125,206.14247131347656,390.73663330078125,205.61163330078125,230.63821411132812,294.7295227050781,686.763671875,8982.2861328125,955.230224609375,472.6474609375,2624.65234375,4639.04248046875
89,1.9443933963775635,1.879690408706665,1.8697760105133057,1.8585654497146606,2.2405660152435303,1.4091831099794265,1.7307066917419434,0.9863923192024231,1.0,1.0,1.0,0.9277026653289795,14.781386375427246,0.00046032536192797124,4.516076387517387e-06,0.05468263849616051,0.8761183619499207,0.4794463515281677,0.2456483542919159,1.0567786693572998,1.2410246133804321,1.224000096321106,1.237697720527649,0.9747065305709839,0.5094813497825255,0.45356640219688416,0.9402188062667847,0.9999991655349731,1.0,0.999995231628418,0.9156128168106079,294456.0,0.0,0.0,11410.1943359375,0.9999622702598572,0.5143735408782959,0.30185383558273315,320312032.0,133023680.0,9937818.0,159768608.0,170919360.0,146056000.0,176208064.0,287270784.0,182591760.0,175778864.0,176186704.0,140521520.0,15272.7041015625,229.98692321777344,325.3558044433594,109.58096313476562,259.7850036621094,310.4750061035156,823.291015625,10652.8359375,1061.1204833984375,516.2451782226562,2956.13818359375,5254.6259765625
90,1.9590401649475098,1.8784021139144897,1.8715745210647583,1.8693212270736694,2.2775676250457764,1.4204534809578284,1.7258837223052979,0.9863079190254211,1.0,1.0,1.0,0.930256724357605,16.1113338470459,0.0004142927937209606,4.065218945470406e-06,0.06977880001068115,0.8686589598655701,0.440843790769577,-0.09882670640945435,1.0657087564468384,1.3343454599380493,1.3185523748397827,1.330700159072876,0.9707974791526794,0.5491170262801469,0.4304584562778473,0.9361404776573181,0.9999998807907104,0.9999998807907104,0.9999896883964539,0.9164324998855591,402625.09375,0.0,0.0,22593.541015625,0.9999890327453613,0.5043714642524719,0.33772799372673035,582046016.0,244401280.0,28035520.0,287121920.0,314288576.0,275157472.0,341003776.0,484011680.0,349475040.0,306206368.0,321174752.0,254987792.0,17550.8046875,262.2617492675781,330.45550537109375,36.835662841796875,332.2655944824219,341.754150390625,1002.467529296875,14127.603515625,1210.4669189453125,639.5707397460938,3583.448486328125,6366.31298828125
91,1.974229097366333,1.892714262008667,1.8876957893371582,1.8891583681106567,2.222285509109497,1.429198395777429,1.7160323858261108,0.9861571788787842,0.9999997615814209,1.0,1.0,0.9419935345649719,17.694215774536133,0.00037286352016963065,3.658696869024425e-06,0.09151407331228256,0.9776251912117004,0.40070006251335144,-0.02185509353876114,1.076772689819336,1.4563729763031006,1.4459609985351562,1.4582785367965698,0.9742005467414856,0.44617629671072545,0.41993534564971924,0.9302389025688171,0.9999969005584717,1.0,0.9999964833259583,0.9148242473602295,585146.375,0.0,0.0,44856.02734375,0.9999583959579468,0.4979439377784729,0.353577584028244,1059182848.0,454499744.0,27086292.0,554999552.0,587322112.0,536886848.0,657709888.0,852518080.0,653411776.0,626947264.0,601056448.0,477679136.0,21368.013671875,329.8598327636719,463.8979797363281,126.62370300292969,484.05865478515625,387.5534362792969,1252.1485595703125,18919.533203125,1399.8734130859375,847.6466064453125,4557.9208984375,8075.775390625
92,2.0237064361572266,1.8954129219055176,1.8929487466812134,1.8999457359313965,2.4385409355163574,1.2308336033938065,1.7477262020111084,0.9769347310066223,0.9999980330467224,1.0,1.0,0.8917014002799988,19.877607345581055,0.00033557714777998626,3.2928271593846148e-06,0.12461935728788376,0.826842188835144,0.28735682368278503,-0.27230435609817505,1.0707571506500244,1.4705469608306885,1.4621412754058838,1.475084662437439,0.9680445194244385,0.4667548649851766,0.4268650412559509,0.9298083782196045,0.9999992847442627,1.0,0.9999744892120361,0.9152717590332031,958439.4375,0.0,0.0,92229.6328125,0.994211733341217,0.5008651614189148,0.3632063567638397,2160188928.0,928408896.0,1267508864.0,1202456064.0,1230109184.0,1086954624.0,1263759744.0,1663103872.0,13270044.0,1223888896.0,1203964928.0,956720896.0,26454.556640625,393.307373046875,466.24334716796875,213.90524291992188,643.7318115234375,451.90753173828125,1456.058837890625,25906.5625,1290.2435302734375,996.2188720703125,5827.2734375,10519.5087890625
93,2.0255515575408936,1.8937667608261108,1.8929096460342407,1.9038615226745605,2.367144823074341,1.2675750597717816,1.7483149766921997,0.9788178205490112,0.9999958872795105,1.0,1.0,0.915996253490448,22.224212646484375,0.0003020194126293063,2.963544602607726e-06,0.16649949550628662,0.8213106393814087,0.3246821165084839,-0.12749190628528595,1.055203914642334,1.35562264919281,1.3482999801635742,1.3555020093917847,0.9700154066085815,0.44671831219774544,0.43169456720352173,0.9311824440956116,1.0,1.0,0.9999938011169434,0.914627730846405,1721785.625,0.0,0.0,195004.953125,0.9971714615821838,0.512252688407898,0.39782220125198364,4853221888.0,1879832192.0,2683709952.0,2648609024.0,2539330048.0,2405288448.0,2860666368.0,3535217408.0,106277144.0,2711069696.0,2622322432.0,2073166720.0,34094.78515625,622.0609130859375,769.1846923828125,361.825439453125,898.2667236328125,627.537109375,1802.1632080078125,37851.41796875,1526.490234375,1590.5738525390625,8014.4306640625,14474.0673828125
94,1.9964284896850586,1.8833647966384888,1.8834713697433472,1.8965938091278076,2.221987009048462,1.3090418429576596,1.7177757024765015,0.9818382859230042,1.0,1.0,1.0,0.9409816265106201,25.57466697692871,0.00027181749464944005,2.667154831215157e-06,0.231278657913208,0.9715391993522644,0.40710997581481934,0.16929900646209717,1.0207747220993042,1.2421166896820068,1.2368948459625244,1.2456889152526855,0.957953155040741,0.43623453852554883,0.41400495171546936,0.9326092600822449,1.0,1.0,0.999997615814209,0.9158288836479187,3277418.75,0.0,0.0,420981.34375,0.9985563158988953,0.5270501375198364,0.4177998900413513,9918540800.0,4285460736.0,5754329600.0,5808702464.0,5685692928.0,4927121408.0,6466420736.0,7664236032.0,214006112.0,5914011648.0,5663852032.0,4378935808.0,45004.54296875,1193.847412109375,1423.74560546875,585.6317749023438,1341.924560546875,904.9901733398438,2467.313720703125,56538.5703125,2805.53515625,3027.189453125,11529.330078125,20489.603515625
95,1.9626014232635498,1.8745312690734863,1.8751070499420166,1.8888851404190063,2.1021480560302734,1.3432132503500636,1.6792258024215698,0.9844451546669006,1.0,1.0,1.0,0.9568786025047302,30.186939239501953,0.00024463573936372995,2.4004709757718956e-06,0.31479892134666443,0.9956809878349304,0.4558655023574829,0.32732054591178894,1.0263051986694336,1.2841005325317383,1.280767560005188,1.291133165359497,0.9586108326911926,0.44156700739601723,0.4069158136844635,0.9309223294258118,1.0,1.0,0.9999969005584717,0.9154170751571655,5763913.5,0.0,0.0,931826.8125,0.997877836227417,0.5204911828041077,0.3982093334197998,21358389248.0,9318301696.0,12513573888.0,12935147520.0,13053096960.0,10905969664.0,14148022272.0,17203877888.0,582644928.0,12983599104.0,12500261888.0,9665856512.0,61167.32421875,2222.70263671875,2370.66162109375,975.739501953125,2394.994140625,1192.1688232421875,4080.541015625,85729.6171875,5861.18505859375,5139.939453125,17113.48828125,29801.578125
96,2.071802854537964,1.926882266998291,1.927224040031433,1.943191409111023,2.364238739013672,1.1701286166420872,1.7438960075378418,0.9737507104873657,1.0,1.0,0.9999999403953552,0.9128019213676453,34.530067443847656,0.00022017215087544173,2.1604237190331332e-06,0.4894169867038727,0.7861558794975281,0.3009449243545532,-0.31155407428741455,1.054401159286499,1.5008091926574707,1.499626874923706,1.5001081228256226,0.9648749232292175,0.5372498543923329,0.4030872583389282,0.928954541683197,0.9999938011169434,0.9999947547912598,0.9971375465393066,0.9178285598754883,8939200.0,0.0,0.0,2167419.5,0.9993560910224915,0.5043889284133911,0.35760751366615295,46308052992.0,21429884928.0,28810655744.0,28646977536.0,28813172736.0,25829054464.0,31036792832.0,39030198272.0,31655319552.0,379786752.0,28193986560.0,22056294400.0,79455.5234375,3341.39599609375,3305.767578125,1855.0133056640625,4183.4697265625,1851.1156005859375,5955.560546875,121141.5859375,6518.60498046875,967.455322265625,22857.55078125,41381.5625
97,1.9461278915405273,1.8618452548980713,1.862631916999817,1.8765983581542969,2.081369161605835,1.1758110669008315,1.5826773643493652,0.9785050749778748,1.0,1.0,1.0,0.9397250413894653,40.48772048950195,0.00019815492851193994,1.944892801475362e-06,0.37250062823295593,0.9873905181884766,0.3922070562839508,0.19295364618301392,1.0159811973571777,1.2464464902877808,1.2458796501159668,1.2559716701507568,0.9514296650886536,0.4833413549934306,0.40769240260124207,0.9325085282325745,1.0,1.0,0.9999970197677612,0.9163029789924622,22132390.0,0.0,0.0,5352577.5,0.9990389347076416,0.525655210018158,0.37123599648475647,120385060864.0,51647774720.0,71948009472.0,69113274368.0,74163404800.0,63722741760.0,78428356608.0,103222534144.0,4380067840.0,75110236160.0,71212146688.0,54807953408.0,108455.53125,7734.48779296875,6046.3408203125,2989.48095703125,11296.83984375,3821.790771484375,12222.55859375,178031.34375,14654.650390625,9722.423828125,35497.54296875,59109.18359375
98,1.8911265134811401,1.765676736831665,1.7666579484939575,1.777846336364746,2.1503350734710693,0.9710819652463022,1.4571274518966675,0.9760904908180237,1.0,1.0,1.0,0.9195883274078369,51.388153076171875,0.00017833944002632052,1.7503158460385748e-06,0.8556567430496216,0.9779092073440552,0.34606829285621643,0.15240319073200226,1.0181305408477783,1.1682206392288208,1.1676005125045776,1.1772429943084717,0.9728251695632935,0.44545231787886946,0.4126899540424347,0.93376225233078,1.0,1.0,0.9999998807907104,0.9159156680107117,42928992.0,0.0,0.0,11394605.0,0.9951667189598083,0.5240028500556946,0.4015924632549286,260228988928.0,110358167552.0,164349542400.0,163450650624.0,150754885632.0,146164613120.0,2438177792.0,221995565056.0,186452967424.0,167370440704.0,157356392448.0,121447096320.0,142356.921875,15794.5791015625,10615.1259765625,3945.78955078125,22431.982421875,7526.044921875,20053.7109375,253095.640625,25784.677734375,26228.767578125,52783.32421875,82462.8984375
99,1.8587754964828491,1.7188855409622192,1.7191444635391235,1.7308334112167358,2.187401056289673,1.0062485083260815,1.3195568323135376,0.9795680046081543,0.9999999403953552,1.0,1.0,0.9237141013145447,63.0492057800293,0.00016099627828225493,1.5769463743708911e-06,2.4879956245422363,0.9575240015983582,0.3079652190208435,0.1412833333015442,1.0173702239990234,1.1353263854980469,1.135337233543396,1.146988034248352,0.9691158533096313,0.4818902907717641,0.4016942083835602,0.9384564161300659,1.0,1.0,0.9999996423721313,0.9160194993019104,74781768.0,0.0,0.0,20142270.0,0.9957290887832642,0.5143073201179504,0.3399510681629181,494248656896.0,203434622976.0,289572847616.0,279395368960.0,35965702144.0,235228233728.0,362461691904.0,410978222080.0,339025821696.0,285181607936.0,293549277184.0,225609007104.0,192921.140625,30446.951171875,19942.26171875,5157.93310546875,26854.30078125,15318.728515625,52531.953125,367814.5,52556.76953125,54096.8125,81764.140625,119216.515625
100,1.6797311305999756,1.524603247642517,1.5237417221069336,1.5332696437835693,2.232746124267578,1.0451585657994662,1.2059838771820068,0.9865150451660156,0.9999999403953552,1.0,1.0,0.9268520474433899,87.53173065185547,0.0001461401116102934,1.4249584410208627e-06,4.54891300201416,0.7919768691062927,0.30709725618362427,-0.36309945583343506,0.9020785689353943,0.8398759961128235,0.8395283818244934,0.8510651588439941,0.9711766839027405,0.45638990948450797,0.4860236942768097,0.8675576448440552,0.9000000953674316,0.9000000953674316,0.8999999761581421,0.8264270424842834,200418208.0,0.0,0.0,29596634.0,0.8697178959846497,0.4809406101703644,0.0,922357202944.0,296977170432.0,416783171584.0,467932676096.0,637043146752.0,434869960704.0,645723062272.0,835786047488.0,514303590400.0,0.0,517177606144.0,385162149888.0,291596.5,60469.1640625,40756.64453125,6920.69091796875,69664.2890625,35076.234375,118837.7890625,560691.9375,103148.8828125,48687.12890625,133584.921875,179826.171875
101,1.5018868446350098,1.376900553703308,1.3733426332473755,1.376645565032959,2.3271145820617676,1.0917880142165113,1.1174870729446411,0.992413341999054,1.0,1.0,1.0,0.9264273643493652,143.9384307861328,0.00013220378605183214,1.285843154619215e-06,5.668778896331787,0.8589763641357422,0.36883535981178284,-0.4112967848777771,0.8770463466644287,0.8458957076072693,0.8434593677520752,0.8500713109970093,0.970449686050415,0.4963595448814322,0.5717425346374512,0.882193922996521,0.9000000953674316,0.9000000357627869,0.8999995589256287,0.8236938118934631,261581568.0,0.0,0.0,20237678.0,0.9304318428039551,0.5137140154838562,0.0,998950240256.0,0.0,284441182208.0,336644997120.0,723817529344.0,354505883648.0,524223315968.0,862399168512.0,337106141184.0,533392293888.0,495548071936.0,376388190208.0,467236.96875,54422.24609375,85557.4765625,11033.9912109375,156751.609375,79604.2890625,231655.3125,887286.1875,188570.09375,94380.2734375,225649.859375,281660.34375
102,1.159149408340454,1.2677805423736572,1.1740208864212036,1.013587236404419,2.3994455337524414,1.0369199813580416,1.0197478532791138,0.997894287109375,1.0,1.0,0.9999999403953552,0.9113348722457886,538.4315795898438,0.00011898338561877608,1.1572865332709625e-06,5.568178653717041,0.91600501537323,0.7763508558273315,0.5110196471214294,0.9455887079238892,1.3888109922409058,1.0562520027160645,0.7923213839530945,1.4542351961135864,0.9315906753659566,0.8241754174232483,0.9996582865715027,0.9999994039535522,0.9999960064888,0.9999994039535522,0.8630447387695312,105702528.0,0.0,0.0,29672.193359375,0.9905534982681274,0.8744027018547058,0.7052275538444519,151287463936.0,43847376896.0,26617055232.0,40180621312.0,31137640448.0,33378930688.0,30557214720.0,128445456384.0,3723435520.0,54460125184.0,54363533312.0,48402051072.0,801318.5,98734.4453125,177617.0625,20189.8046875,309070.5,179867.46875,413554.59375,1407074.0,309196.84375,174557.59375,389118.09375,420803.625
103,1.1591492891311646,1.2677805423736572,1.1740208864212036,1.013587236404419,2.3994452953338623,1.0369201481189516,1.0197479724884033,0.997893750667572,1.0,1.0,1.0,0.9113155007362366,484.58837890625,0.00010708504123613238,1.0416423492642934e-06,5.011360168457031,0.9160050749778748,0.776350736618042,0.5110194087028503,0.5519038438796997,0.0,0.0,0.5518983602523804,0.9443574547767639,0.5518903626396445,0.5499782562255859,0.9999991655349731,0.0,0.0,1.0000001192092896,0.9169648289680481,0.0,0.0,0.0,0.0,1.0,0.9973773956298828,0.9882335662841797,558.282470703125,553.8905639648438,154.6438751220703,199.37098693847656,447.34814453125,214.01708984375,276.4506530761719,640.3029174804688,30.014198303222656,458.4091796875,353.27301025390625,194.81411743164062,721186.625,88861.015625,159855.359375,18170.837890625,278163.4375,161880.71875,372199.09375,1266366.625,278277.15625,157101.84375,350206.28125,378723.25
104,1.159149408340454,1.2677805423736572,1.1740208864212036,1.013587236404419,2.3994455337524414,1.0369213695727684,1.0197478532791138,0.9978934526443481,0.9999999403953552,1.0,1.0000001192092896,0.9112988710403442,436.1294860839844,9.637654147809371e-05,9.374780347570777e-07,4.510223388671875,0.91600501537323,0.7763508558273315,0.5110194087028503,2.859668493270874,0.0,0.0,2.8473663330078125,6.508317470550537,2.859668537949852,0.4950833022594452,1.0,0.0,0.0,1.0,1.0000001192092896,0.0,0.0,0.0,0.0,0.9819402694702148,-0.09022842347621918,-0.9855899810791016,10.709488868713379,17.2291259765625,8.203730583190918,3.595417022705078,4.265689373016357,5.173007488250732,4.790711402893066,13.602832794189453,11.60754680633545,7.537309646606445,8.671485900878906,9.133676528930664,649067.875,79974.9140625,143869.8125,16353.7529296875,250347.09375,145692.640625,334979.1875,1139729.875,250449.4375,141391.65625,315185.625,340850.9375
105,1.1591492891311646,1.2677804231643677,1.1740208864212036,1.013587236404419,2.3994455337524414,1.0369219750890475,1.0197478532791138,0.9978930950164795,1.0,1.0,1.0,0.9112825393676758,392.5165710449219,8.673888078192249e-05,8.437302199126862e-07,4.059202671051025,0.9160050749778748,0.776350736618042,0.5110192894935608,2.2395870685577393,0.0,0.0,2.2303295135498047,5.6990461349487305,2.239586803046108,0.6155776381492615,1.0,0.0,0.0,1.0000001192092896,1.0000001192092896,0.0,0.0,0.0,0.0,0.9876407980918884,-0.09439790993928909,-0.9860946536064148,10.262063026428223,20.541173934936523,6.429235458374023,2.9307680130004883,1.9952516555786133,5.566782474517822,6.071354866027832,12.339570045471191,14.696706771850586,7.246467113494873,8.807937622070312,9.444290161132812,584161.125,71977.421875,129482.8359375,14718.3779296875,225312.375,131123.375,301481.25,1025756.875,225404.5,127252.484375,283667.0625,306765.8125
106,1.159149408340454,1.2677804231643677,1.1740208864212036,1.013587236404419,2.3994457721710205,1.0369226355564385,1.0197480916976929,0.9978926181793213,1.0,1.0,1.0,0.911264955997467,353.264892578125,7.8064993431326e-05,7.593571922370757e-07,3.6532809734344482,0.9160050749778748,0.776350736618042,0.5110193490982056,3.2567811012268066,0.0,0.0,3.2478396892547607,7.619089603424072,3.2567812216988603,0.556563675403595,1.0,0.0,0.0,1.0000001192092896,1.0,0.0,0.0,0.0,0.0,0.9892787337303162,-0.10814724117517471,-0.9924560189247131,9.975690841674805,23.202465057373047,9.890848159790039,4.491774559020996,3.0486209392547607,7.830992221832275,9.107192039489746,12.109336853027344,18.027324676513672,6.615564346313477,10.429980278015137,11.410785675048828,525745.0,64779.6796875,116534.5390625,13246.5390625,202781.125,118011.0390625,271333.125,923181.1875,202864.03125,114527.234375,255300.328125,276089.25
107,1.1596089601516724,1.2677804231643677,1.1756744384765625,1.0135871171951294,2.3994455337524414,1.0373209723480574,1.01920485496521,0.9978916049003601,0.9999999403953552,0.9999973773956299,1.0,0.9112390875816345,317.93524169921875,7.22519398550503e-05,6.891318093948939e-07,3.2879531383514404,0.9156020879745483,0.7754783034324646,0.5110194087028503,3.000000238418579,2.999999761581421,2.999999761581421,3.0000250339508057,10.44571590423584,8.498442007223929e-06,2.9997620582580566,0.10000001639127731,0.10000000149011612,0.10000000149011612,0.1000012457370758,0.965600311756134,0.018498290330171585,0.0,0.0,0.0,0.5430362224578857,-0.08298365771770477,-0.7201120853424072,1.538589358329773,1.9135658740997314,1.5055186748504639,1.3322430849075317,1.5662755966186523,1.5299805402755737,252919.671875,2.6040964126586914,4.3990092277526855,1.6563161611557007,25293.771484375,75875.90625,473170.5,58301.70703125,104881.0859375,11921.8857421875,182503.015625,106209.9296875,245506.0625,830863.0625,182577.625,103074.5078125,229900.953125,248596.125
108,1.1596089601516724,1.2677804231643677,1.175674319267273,1.013587236404419,2.3994452953338623,1.0373212196880124,1.019205093383789,0.997891366481781,1.0,0.9999973773956299,1.000000238418579,0.9112289547920227,286.1416931152344,6.502673932118341e-05,6.202186000336951e-07,2.9591574668884277,0.9156020879745483,0.7754783034324646,0.5110194087028503,11.162374496459961,0.0,0.0,11.256644248962402,10.706320762634277,11.162525036302798,0.48791977763175964,0.9999989867210388,0.0,0.0,0.9999986290931702,1.0000001192092896,0.0,0.0,0.0,0.0,0.6006668210029602,-0.08434581011533737,-0.7541692852973938,1.5742685794830322,2.097614049911499,1.7023472785949707,1.3356146812438965,1.623909831047058,1.5236282348632812,1.769076943397522,2.6564905643463135,4.987106800079346,1.713132381439209,2.0983188152313232,2.3254525661468506,425853.4375,52471.53515625,94392.9765625,10729.6962890625,164252.703125,95588.9296875,220955.453125,747776.75,164319.859375,92767.0546875,206910.828125,223736.515625
109,1.1596089601516724,1.2677804231643677,1.175674319267273,1.0135873556137085,2.3994455337524414,1.0371016489469402,1.01920485496521,0.997890293598175,1.0,0.9999972581863403,1.0,0.9111838936805725,257.5275573730469,5.852405956829898e-05,5.581967457146675e-07,2.6632423400878906,0.9156020283699036,0.7754783034324646,0.5110194087028503,10.953347206115723,0.0,0.0,11.018975257873535,10.573647499084473,10.95334774776892,0.5298858284950256,1.0,0.0,0.0,1.0000001192092896,0.9999998807907104,0.0,0.0,0.0,0.0,0.6407358050346375,-0.08388794958591461,-0.780063807964325,1.6233253479003906,2.2729830741882324,1.855165958404541,1.3890857696533203,1.7805306911468506,1.6070894002914429,1.8788306713104248,2.7096292972564697,5.659961700439453,1.7078571319580078,2.248445987701416,2.5340614318847656,383268.09375,47224.37890625,84953.6796875,9656.7265625,147827.4375,86030.03125,198859.90625,672999.0625,147887.875,83490.34375,186219.765625,201362.859375
110,1.159609079360962,1.2677804231643677,1.175674319267273,1.013587236404419,2.3994455337524414,1.0371021578761388,1.01920485496521,0.997890055179596,1.0,0.9999973177909851,1.0000001192092896,0.9111723303794861,231.77476501464844,5.267165397526696e-05,5.023770768275426e-07,2.3969175815582275,0.9156022071838379,0.7754783034324646,0.5110194087028503,10.906779289245605,0.0,0.0,10.975930213928223,10.462913513183594,10.905918348141993,0.5346075296401978,0.9999018311500549,0.0,0.0,0.9998866319656372,0.9999979138374329,0.0,0.0,0.0,0.0,0.6631041765213013,-0.07867563515901566,-0.8006905317306519,1.6568448543548584,2.4394209384918213,1.8554326295852661,1.4041721820831299,1.8910108804702759,1.6846829652786255,1.982877492904663,2.7644705772399902,5.936088562011719,1.833318829536438,2.344832181930542,2.647777795791626,344941.25,42501.94140625,76458.3046875,8691.0537109375,133044.6875,77427.03125,178973.90625,605699.125,133099.078125,75141.3125,167597.78125,181226.5625
111,1.1596089601516724,1.2677805423736572,1.175674319267273,1.013587236404419,2.3994457721710205,1.036840874462526,1.0192049741744995,0.9978891015052795,1.0,0.9999973177909851,1.0000001192092896,0.9111325144767761,208.5972900390625,4.740449003293179e-05,4.521393464074208e-07,2.1572256088256836,0.9156022071838379,0.7754783034324646,0.5110194087028503,11.165488243103027,0.0,0.0,11.288777351379395,10.333683013916016,11.165446586311724,0.5468881726264954,0.9999932646751404,0.0,0.0,0.9999922513961792,0.9999998807907104,0.0,0.0,0.0,0.0,0.6867377161979675,-0.0749872624874115,-0.8190624117851257,1.7012194395065308,2.5971598625183105,1.9658257961273193,1.4216914176940918,1.9676753282546997,1.7692655324935913,2.093301296234131,2.8212969303131104,6.291683197021484,1.8619645833969116,2.449108362197876,2.780303478240967,310447.125,38251.74609375,68812.46875,7821.9482421875,119740.2109375,69684.328125,161076.5,545129.1875,119789.1640625,67627.1796875,150837.984375,163103.90625
112,1.1596089601516724,1.2677804231643677,1.1756744384765625,1.0135873556137085,2.3994452953338623,1.0368405931135438,1.01920485496521,0.997888445854187,1.0,0.9999974370002747,1.0000001192092896,0.9111086130142212,187.73753356933594,4.266403630026616e-05,4.0692535208108893e-07,1.9415034055709839,0.9156022071838379,0.7754783034324646,0.5110193490982056,10.613245964050293,0.0,0.0,10.715916633605957,9.823822021484375,10.613245894799682,0.5919403433799744,1.0,0.0,0.0,1.0,0.9999998807907104,0.0,0.0,0.0,0.0,0.7082952260971069,-0.06625915318727493,-0.8370139002799988,1.7482842206954956,2.7471883296966553,2.0063064098358154,1.441808819770813,2.008941650390625,1.7270478010177612,2.2003824710845947,2.8808951377868652,6.934701919555664,1.9320321083068848,2.5627591609954834,2.964958667755127,279402.40625,34426.5703125,61931.2265625,7039.7529296875,107766.1875,62715.890625,144968.859375,490616.25,107810.25,60864.45703125,135754.1875,146793.515625
113,1.1596089601516724,1.2677803039550781,1.175674319267273,1.0135873556137085,2.3994455337524414,1.0368389064556391,1.01920485496521,0.9978876113891602,1.0,0.9999973177909851,1.0,0.9110782146453857,168.9637908935547,3.8397633034037426e-05,3.6623279697778344e-07,1.7473528385162354,0.9156020879745483,0.7754783034324646,0.5110193490982056,10.366034507751465,0.0,0.0,10.414840698242188,9.940075874328613,10.366034706392016,0.5881706476211548,1.0,0.0,0.0,1.0,1.0,0.0,0.0,0.0,0.0,0.7156388759613037,-0.05919864401221275,-0.8485814332962036,1.7917414903640747,2.889901638031006,1.9380054473876953,1.4463430643081665,2.2419259548187256,1.8378010988235474,2.3039753437042236,2.9438583850860596,7.124577522277832,1.968180775642395,2.6486308574676514,3.0586061477661133,251462.171875,30983.9140625,55738.1015625,6335.77783203125,96989.5703125,56444.30078125,130471.96875,441554.625,97029.2265625,54778.0078125,122178.7734375,132114.15625
114,1.1596088409423828,1.2677804231643677,1.1756742000579834,1.0135873556137085,2.3994455337524414,1.0368398292428678,1.01920485496521,0.9978867173194885,1.0,0.9999973177909851,1.0,0.9110350012779236,152.06741333007812,3.4557870094431564e-05,3.2960952012217604e-07,1.572617530822754,0.9156020283699036,0.7754783034324646,0.5110193490982056,10.656660079956055,0.0,0.0,10.806111335754395,9.436641693115234,10.656727971040869,0.5825448632240295,0.9999983906745911,0.0,0.0,0.9999982118606567,1.0,0.0,0.0,0.0,0.0,0.7433658838272095,-0.04509233310818672,-0.8650678992271423,1.8356984853744507,3.025963068008423,2.2240793704986572,1.4521749019622803,2.216372489929199,1.8892946243286133,2.426867961883545,3.0104098320007324,7.3784990310668945,2.144883632659912,2.7604243755340576,3.1806840896606445,226315.953125,27885.521484375,50164.2890625,5702.19970703125,87290.609375,50799.8671875,117424.765625,397399.15625,87326.296875,49300.20703125,109960.890625,118902.734375
115,1.1596089601516724,1.2677804231643677,1.175674319267273,1.013587236404419,2.3994455337524414,1.036838248233447,1.01920485496521,0.997886061668396,1.0,0.9999973773956299,1.0,0.9110052585601807,136.8606719970703,3.1102081265999004e-05,2.966485794786422e-07,1.415355920791626,0.9156022071838379,0.7754783034324646,0.5110193490982056,9.946113586425781,0.0,0.0,10.000201225280762,9.409076690673828,9.945837494469643,0.5802583694458008,0.9999620914459229,0.0,0.0,0.9999581575393677,1.000000238418579,0.0,0.0,0.0,0.0,0.7604144215583801,-0.02825240045785904,-0.8756474852561951,1.8855764865875244,3.157069444656372,2.3771870136260986,1.4659467935562134,2.4111897945404053,1.9558671712875366,2.4816393852233887,3.0812270641326904,7.6509785652160645,2.244835376739502,2.8711516857147217,3.302851438522339,203684.34375,25096.96875,45147.859375,5131.9794921875,78561.546875,45719.87890625,105682.2890625,357659.21875,78593.6640625,44370.1875,98964.796875,107012.453125
116,1.1596089601516724,1.2677804231643677,1.175674319267273,1.013587236404419,2.3994455337524414,1.0368384016609613,1.0192049741744995,0.997884213924408,1.0,0.9999972581863403,1.0,0.910926103591919,123.1745834350586,2.7991869501420297e-05,2.6698373289946176e-07,1.2738200426101685,0.9156020283699036,0.7754783034324646,0.5110193490982056,8.916590690612793,0.0,0.0,8.90848159790039,9.012011528015137,8.916590860733361,0.5910534858703613,1.0,0.0,0.0,1.0000001192092896,0.9999999403953552,0.0,0.0,0.0,0.0,0.7607442140579224,-0.009814002551138401,-0.8885859251022339,1.935605525970459,3.284158706665039,2.193166732788086,1.4851486682891846,2.459975481033325,2.0700185298919678,2.6253602504730225,3.1560215950012207,7.9558610916137695,2.352123975753784,2.9517440795898438,3.407421588897705,183315.90625,22587.271484375,40633.0703125,4618.78173828125,70705.390625,41147.890625,95114.0546875,321893.3125,70734.296875,39933.16796875,89068.3125,96311.2109375
117,1.1596089601516724,1.2677804231643677,1.175674319267273,1.0135873556137085,2.3994455337524414,1.0368392874938628,1.0192049741744995,0.9978832006454468,0.9999999403953552,0.9999973773956299,0.9999999403953552,0.9108824729919434,110.85713195800781,2.5192683096975088e-05,2.4028534539866087e-07,1.1464382410049438,0.9156022071838379,0.7754783034324646,0.5110193490982056,5.136287689208984,0.0,0.0,4.7883524894714355,8.58408260345459,5.136287304332636,0.39303216338157654,1.0,0.0,0.0,0.9999999403953552,1.0,0.0,0.0,0.0,0.0,0.6850482225418091,-0.09457056224346161,-0.8669347763061523,1.9485039710998535,3.2786245346069336,1.535670280456543,1.3133161067962646,1.6090351343154907,1.2070165872573853,1.2797248363494873,3.2309210300445557,3.2962112426757812,2.2959752082824707,2.0994999408721924,2.2142624855041504,164984.296875,20328.54296875,36569.765625,4156.9033203125,63634.8515625,37033.1015625,85602.6484375,289703.96875,63660.8671875,35939.8515625,80161.4765625,86680.0859375
118,1.1596089601516724,1.2677804231643677,1.175674319267273,1.013587236404419,2.3994455337524414,1.036807738419153,1.01920485496521,0.9978814721107483,1.0,0.9999973177909851,0.9999998807907104,0.9108141660690308,99.77141571044922,2.2673413695883937e-05,2.1625680801662384e-07,1.0317943096160889,0.9156020879745483,0.7754783034324646,0.5110193490982056,4.279548168182373,0.0,0.0,3.95888352394104,7.921385765075684,4.279548522275291,0.3898640275001526,1.0,0.0,0.0,1.0,0.9999999403953552,0.0,0.0,0.0,0.0,0.6996378302574158,-0.09085775911808014,-0.8678795099258423,2.012582540512085,3.4050986766815186,1.4499949216842651,1.3197758197784424,1.7835979461669922,1.2233823537826538,1.2759674787521362,3.3033668994903564,3.141249656677246,2.374579668045044,2.1289596557617188,2.2250938415527344,148485.875,18295.689453125,32912.78515625,3741.213134765625,57271.36328125,33329.79296875,77042.3828125,260733.5625,57294.77734375,32345.86328125,72145.3359375,78012.078125
119,1.1596089601516724,1.2677804231643677,1.175674319267273,1.013587236404419,2.3994455337524414,1.0368064989082135,1.01920485496521,0.9978804588317871,1.0,0.9999973177909851,1.0,0.9107738137245178,89.79427337646484,2.0406072508194484e-05,1.9463111300410674e-07,0.9286150336265564,0.9156022071838379,0.7754783034324646,0.5110193490982056,3.873544454574585,0.0,0.0,3.5803310871124268,7.484137535095215,3.873544622359545,0.3973783850669861,1.0,0.0,0.0,1.0000001192092896,1.0,0.0,0.0,0.0,0.0,0.723000705242157,-0.08859554678201675,-0.8674315214157104,2.0807180404663086,3.5221073627471924,1.4283148050308228,1.2726210355758667,1.7626211643218994,1.2419096231460571,1.2795159816741943,3.3719303607940674,3.0214900970458984,2.4487788677215576,2.143000841140747,2.2327969074249268,133637.28125,16466.119140625,29621.5078125,3367.091552734375,51544.2265625,29996.8125,69338.1484375,234660.1875,51565.296875,29111.27734375,64930.79296875,70210.8671875
120,1.1596089601516724,1.2677805423736572,1.175674319267273,1.013587236404419,2.3994455337524414,1.0367931481901662,1.01920485496521,0.9978784918785095,1.0,0.9999973177909851,1.0,0.9106875658035278,80.8148422241211,1.8365466530667618e-05,1.7516799744043965e-07,0.8357534408569336,0.9156022071838379,0.7754783034324646,0.5110193490982056,3.539153575897217,0.0,0.0,3.2702794075012207,7.063192367553711,3.5391533433969733,0.422659695148468,1.0,0.0,0.0,1.0,1.0,0.0,0.0,0.0,0.0,0.7232353091239929,-0.08195021748542786,-0.8711315989494324,2.1298954486846924,3.628122091293335,1.2562581300735474,1.268568515777588,1.834931492805481,1.1871860027313232,1.2539950609207153,3.4350695610046387,3.153233051300049,2.4763028621673584,2.16235613822937,2.2591187953948975,120273.546875,14819.5068359375,26659.35546875,3030.382568359375,46389.8046875,26997.12890625,62404.32421875,211194.171875,46408.765625,26200.1484375,58437.71484375,63189.78125
121,1.1596089601516724,1.2677804231643677,1.1756742000579834,1.0135873556137085,2.3994455337524414,1.0367842395364013,1.0192049741744995,0.9978766441345215,1.0,0.9999972581863403,1.0,0.9106064438819885,72.73336029052734,1.6528918422409333e-05,1.5765120053856663e-07,0.7521780133247375,0.9156022667884827,0.7754783034324646,0.5110192894935608,3.5764970779418945,0.0,0.0,3.3099727630615234,7.105091571807861,3.576497282339981,0.4029107391834259,1.0,0.0,0.0,0.9999999403953552,1.0,0.0,0.0,0.0,0.0,0.7396582365036011,-0.0818861797451973,-0.8712957501411438,2.1834075450897217,3.7211313247680664,1.6276243925094604,1.257537841796875,1.9617714881896973,1.183855414390564,1.2641382217407227,3.490751266479492,3.1178839206695557,2.5350749492645264,2.2343177795410156,2.3198812007904053,108246.1875,13337.556640625,23993.419921875,2727.34423828125,41750.8203125,24297.416015625,56163.89453125,190074.734375,41767.890625,23580.1328125,52593.9375,56870.796875
122,1.1596089601516724,1.2677804231643677,1.175674319267273,1.013587236404419,2.3994455337524414,1.0367613081160902,1.01920485496521,0.9978753924369812,1.0,0.9999973177909851,1.0,0.9105575680732727,65.46001434326172,1.4876025488774758e-05,1.4188607622145355e-07,0.676960289478302,0.9156022071838379,0.7754783034324646,0.5110193490982056,3.38962459564209,0.0,0.0,3.1368768215179443,6.869742393493652,3.389624249528028,0.41946643590927124,1.0,0.0,0.0,1.0000001192092896,0.9999999403953552,0.0,0.0,0.0,0.0,0.7427042126655579,-0.0791872963309288,-0.8737421631813049,2.216322660446167,3.8020572662353516,1.4483146667480469,1.2461066246032715,1.9792370796203613,1.1908931732177734,1.2759935855865479,3.539246082305908,3.2153396606445312,2.6637468338012695,2.257725954055786,2.3482489585876465,97421.5703125,12003.7998046875,21594.076171875,2454.60986328125,37575.73828125,21867.673828125,50547.50390625,171067.265625,37591.1015625,21222.119140625,47334.546875,51183.71875
123,1.1596088409423828,1.2677804231643677,1.175674319267273,1.0135873556137085,2.3994455337524414,1.0367436284954865,1.0192049741744995,0.9978752136230469,1.0,0.9999973177909851,1.0,0.9105485081672668,58.91401290893555,1.3388423212745693e-05,1.2769746149388084e-07,0.6092643141746521,0.9156022071838379,0.7754783034324646,0.5110193490982056,3.179783821105957,0.0,0.0,2.942260265350342,6.585554122924805,3.1796856674222984,0.43025583028793335,0.9998573064804077,0.0,0.0,0.9998510479927063,0.9999998211860657,0.0,0.0,0.0,0.0,0.7495388388633728,-0.07687200605869293,-0.8724744915962219,2.2549779415130615,3.8697192668914795,1.377607822418213,1.214751958847046,1.9904080629348755,1.1668890714645386,1.2685803174972534,3.579329490661621,3.142070770263672,2.706278085708618,2.25706148147583,2.3439323902130127,87679.4140625,10803.419921875,19434.669921875,2209.14892578125,33818.1640625,19680.904296875,45492.75,153960.53125,33831.98828125,19099.90625,42601.08984375,46065.34375
124,1.1596089601516724,1.2677804231643677,1.175674319267273,1.013587236404419,2.3994455337524414,1.0367412093127333,1.0192049741744995,0.9978746771812439,1.0,0.9999974370002747,1.0,0.9105260968208313,53.02260971069336,1.2049579709128011e-05,1.149277082390654e-07,0.5483379364013672,0.9156020879745483,0.7754783034324646,0.511019229888916,3.0270395278930664,0.0,0.0,2.8012218475341797,6.3634161949157715,3.027044630586687,0.44887176156044006,0.9999916553497314,0.0,0.0,0.999991238117218,1.0,0.0,0.0,0.0,0.0,0.7625973224639893,-0.07124299556016922,-0.8739241361618042,2.2903823852539062,3.923159122467041,1.1653382778167725,1.226516604423523,1.9505778551101685,1.1852195262908936,1.2533713579177856,3.6099326610565186,3.207205057144165,2.737973213195801,2.25496768951416,2.3469696044921875,78911.46875,9723.078125,17491.201171875,1988.2340087890625,30436.34375,17712.814453125,40943.4765625,138564.484375,30448.791015625,17189.916015625,38340.98046875,41458.80859375
125,1.1596088409423828,1.2677805423736572,1.175674319267273,1.0135873556137085,2.3994455337524414,1.0366978287741113,1.01920485496521,0.9978737831115723,1.0,0.9999972581863403,1.0000001192092896,0.9104904532432556,47.7203483581543,1.084462201106362e-05,1.0343493528353065e-07,0.49350404739379883,0.9156020879745483,0.775478184223175,0.5110192894935608,3.216609001159668,0.0,0.0,2.985448122024536,6.533310890197754,3.2166091581699434,0.44008615612983704,1.0,0.0,0.0,1.0,0.9999998211860657,0.0,0.0,0.0,0.0,0.7638407349586487,-0.07531885802745819,-0.8753380179405212,2.3049142360687256,3.9617421627044678,1.4175403118133545,1.2301710844039917,1.9001935720443726,1.1335840225219727,1.2909529209136963,3.6303327083587646,3.280756711959839,2.7580184936523438,2.290820598602295,2.390012502670288,71020.3203125,8750.76953125,15742.08203125,1789.41064453125,27392.708984375,15941.5322265625,36849.125,124708.03125,27403.91015625,15470.923828125,34506.8828125,37312.92578125
126,1.1596089601516724,1.2677805423736572,1.175674319267273,1.0135873556137085,2.3994455337524414,1.0366653480022772,1.0192049741744995,0.9978725910186768,1.0,0.9999973177909851,1.0,0.9104426503181458,42.94831466674805,9.760158718563616e-06,9.309143678137843e-08,0.4441536068916321,0.9156020879745483,0.775478184223175,0.511019229888916,3.0512499809265137,0.0,0.0,2.8263304233551025,6.341954708099365,3.051226455845244,0.44385671615600586,0.9999513626098633,0.0,0.0,0.9999492168426514,0.9999998211860657,0.0,0.0,0.0,0.0,0.7634266018867493,-0.07451167702674866,-0.8727393746376038,2.3113389015197754,3.988421678543091,1.2984203100204468,1.2329751253128052,2.0074100494384766,1.1414693593978882,1.2682753801345825,3.6427273750305176,3.1790084838867188,2.725216865539551,2.2795262336730957,2.3699493408203125,63918.28515625,7875.69287109375,14167.873046875,1610.4696044921875,24653.4375,14347.3798828125,33164.2109375,112237.2265625,24663.51953125,13923.830078125,31056.193359375,33581.6328125
127,1.1596088409423828,1.2677805423736572,1.175674319267273,1.013587236404419,2.3994455337524414,1.0366326211473078,1.01920485496521,0.9978718757629395,1.0,0.9999973177909851,1.0,0.9104092717170715,38.653480529785156,8.784142664808314e-06,8.378228955052691e-08,0.39973828196525574,0.9156020879745483,0.775478184223175,0.511019229888916,3.1432044506073,0.0,0.0,2.9127285480499268,6.335204124450684,3.1429794227828136,0.4308222532272339,0.9998660087585449,0.0,0.0,0.9999998807907104,0.9969629645347595,0.0,0.0,0.0,0.0,0.7570737600326538,-0.07387907058000565,-0.873242974281311,2.297327756881714,4.002379417419434,1.44756281375885,1.2883192300796509,2.0023012161254883,1.172836422920227,1.2791295051574707,3.646319627761841,3.218810796737671,2.7696731090545654,2.3124661445617676,2.399437189102173,57526.45703125,7088.12353515625,12751.0849609375,1449.422607421875,22188.09375,12912.640625,29847.791015625,101013.5,22197.166015625,12531.4462890625,27950.576171875,30223.46875
128,1.1596089601516724,1.2677805423736572,1.1756742000579834,1.013587236404419,2.3994455337524414,1.0366226534105485,1.01920485496521,0.9978715777397156,1.0,0.9999973177909851,1.0,0.910394549369812,34.78813552856445,7.905729034973774e-06,7.540406699035884e-08,0.3597644567489624,0.9156022071838379,0.775478184223175,0.5110191702842712,3.300977945327759,0.0,0.0,3.06709623336792,6.574499607086182,3.3009807176826946,0.44015011191368103,0.9999911785125732,0.0,0.0,0.9999907612800598,1.0,0.0,0.0,0.0,0.0,0.763649046421051,-0.0786963477730751,-0.8774109482765198,2.303889036178589,4.005297660827637,1.334902048110962,1.2765213251113892,1.9785099029541016,1.189732551574707,1.3080666065216064,3.6424155235290527,3.4001564979553223,2.7612898349761963,2.320078134536743,2.425994873046875,51773.80859375,6379.31103515625,11475.9765625,1304.48046875,19969.28515625,11621.376953125,26863.01171875,90912.140625,19977.44921875,11278.302734375,25155.513671875,27201.123046875
129,1.1596089601516724,1.2677803039550781,1.175674319267273,1.0135873556137085,2.3994455337524414,1.0366181862270778,1.0192049741744995,0.9978711605072021,0.9999998807907104,0.9999973177909851,1.0000001192092896,0.910384476184845,31.309316635131836,7.115155312931165e-06,6.786365247535286e-08,0.32378795742988586,0.9156020879745483,0.7754781246185303,0.5110191702842712,3.5492804050445557,0.0,0.0,3.307124614715576,6.766311168670654,3.5492800649916063,0.43366286158561707,1.0,0.0,0.0,1.0000001192092896,1.0000001192092896,0.0,0.0,0.0,0.0,0.7518854737281799,-0.08117442578077316,-0.8801713585853577,2.270785331726074,3.9995603561401367,1.4280635118484497,1.2946468591690063,2.067084312438965,1.2303283214569092,1.309664249420166,3.632805109024048,3.59020733833313,2.7468929290771484,2.357003927230835,2.47282075881958,46596.4296875,5741.38037109375,10328.37890625,1174.032470703125,17972.35546875,10459.23828125,24176.708984375,81820.9296875,17979.705078125,10150.4716796875,22639.962890625,24481.009765625
130,1.1596089601516724,1.2677805423736572,1.175674319267273,1.013587236404419,2.3994455337524414,1.036615453380773,1.01920485496521,0.9978708624839783,0.9999998807907104,0.9999972581863403,1.0,0.9103735685348511,28.178388595581055,6.40364032733487e-06,6.107728722781758e-08,0.2914091646671295,0.9156022667884827,0.7754781246185303,0.5110191106796265,3.688985824584961,0.0,0.0,3.44211745262146,6.7777018547058105,3.6889857112781925,0.4261959493160248,1.0,0.0,0.0,1.0000001192092896,1.0000001192092896,0.0,0.0,0.0,0.0,0.7476587295532227,-0.08429892361164093,-0.878331184387207,2.25162410736084,3.9876747131347656,1.4927172660827637,1.3075766563415527,1.9385719299316406,1.2746648788452148,1.3255563974380493,3.6194849014282227,3.5022473335266113,2.728137254714966,2.342825412750244,2.4580209255218506,41936.78125,5167.2421875,9295.5400390625,1056.62939453125,16175.119140625,9413.314453125,21759.037109375,73638.8359375,16181.7333984375,9135.4248046875,20375.966796875,22032.908203125
131,1.1596088409423828,1.2677804231643677,1.1756742000579834,1.013587236404419,2.3994455337524414,1.0366026973926623,1.01920485496521,0.9978708624839783,0.9999999403953552,0.9999971985816956,1.0,0.9103673696517944,25.36054801940918,5.763276476500323e-06,5.4969554241779406e-08,0.2622682750225067,0.9156023263931274,0.7754781246185303,0.5110191106796265,3.7634971141815186,0.0,0.0,3.5127904415130615,6.788959503173828,3.763598132574747,0.43708768486976624,0.9999828338623047,0.0,0.0,0.9999818801879883,0.9999999403953552,0.0,0.0,0.0,0.0,0.7782455682754517,-0.08544886857271194,-0.8799260854721069,2.2243807315826416,3.9692342281341553,1.412427544593811,1.3305716514587402,1.953691840171814,1.1712268590927124,1.3471596240997314,3.604008913040161,3.601252317428589,2.61751389503479,2.3231468200683594,2.4503426551818848,37743.1015625,4650.51806640625,8365.986328125,950.966552734375,14557.607421875,8471.9833984375,19583.134765625,66274.9453125,14563.55859375,8221.8818359375,18338.369140625,19829.615234375
132,1.1596089601516724,1.2677804231643677,1.175674319267273,1.013587236404419,2.3994455337524414,1.036462062809234,1.0192049741744995,0.9978703260421753,1.0,0.9999973177909851,0.9999998807907104,0.9103479385375977,22.824491500854492,5.186947873880854e-06,4.947259668597326e-08,0.23604141175746918,0.9156021475791931,0.775477945804596,0.5110189914703369,4.1995110511779785,0.0,0.0,3.9414656162261963,7.105433464050293,4.199517162537774,0.4362412691116333,0.9999968409538269,0.0,0.0,0.9999964833259583,1.0,0.0,0.0,0.0,0.0,0.773270308971405,-0.08841748535633087,-0.882163405418396,2.2179529666900635,3.9500832557678223,1.3723597526550293,1.3515914678573608,1.8222757577896118,1.3870019912719727,1.3397258520126343,3.5871243476867676,3.7957141399383545,2.593837261199951,2.341766834259033,2.4854018688201904,33968.79296875,4185.466796875,7529.38720703125,855.8701171875,13101.845703125,7624.7841796875,17624.8203125,59647.453125,13107.203125,7399.69384765625,16504.53125,17846.654296875
133,1.159609079360962,1.2677804231643677,1.175674319267273,1.0135873556137085,2.3994452953338623,1.0363949202626552,1.01920485496521,0.9978702068328857,1.0,0.9999972581863403,1.0,0.9103381633758545,20.542043685913086,4.668253041018033e-06,4.4525336306833196e-08,0.2124372273683548,0.9156022667884827,0.7754780650138855,0.5110189318656921,4.173198699951172,0.0,0.0,3.899322748184204,6.87204647064209,4.173250252510902,0.40742138028144836,0.9999983310699463,0.0,0.0,0.999998152256012,1.0,0.0,0.0,0.0,0.0,0.7541370391845703,-0.08954493701457977,-0.8681246638298035,2.172987699508667,3.749398708343506,1.5521209239959717,1.3566362857818604,1.7248170375823975,1.2670559883117676,1.385372281074524,3.5121958255767822,3.393374443054199,2.5066821575164795,2.262064218521118,2.3753578662872314,30571.912109375,3766.920166015625,6776.4482421875,770.2832641601562,11791.6611328125,6862.30615234375,15862.3369140625,53682.703125,11796.482421875,6659.72412109375,14854.078125,16061.9892578125
134,1.1596089601516724,1.2677804231643677,1.175674319267273,1.0135873556137085,2.3994455337524414,1.0362857150215694,1.01920485496521,0.9978696703910828,1.0,0.9999973773956299,1.0,0.9103189706802368,18.487836837768555,4.201427600492025e-06,4.007280196560714e-08,0.19119347631931305,0.9156022667884827,0.7754778861999512,0.5110188126564026,4.631849765777588,0.0,0.0,4.352710723876953,7.114057540893555,4.631866899529591,0.40286189317703247,0.9999942183494568,0.0,0.0,0.9999938607215881,1.0000001192092896,0.0,0.0,0.0,0.0,0.7431891560554504,-0.08983894437551498,-0.8722572922706604,2.162916898727417,3.7363858222961426,1.5051602125167847,1.4085588455200195,1.7704440355300903,1.484424352645874,1.3837859630584717,3.5021979808807373,3.6600351333618164,2.4045708179473877,2.3018481731414795,2.4257309436798096,27514.720703125,3390.228515625,6098.8037109375,693.2551879882812,10612.494140625,6176.0751953125,14276.1025390625,48314.43359375,10616.8349609375,5993.751953125,13368.6708984375,14455.7890625
135,1.1596089601516724,1.2677804231643677,1.175674319267273,1.0135873556137085,2.3994455337524414,1.036273857972652,1.0192047357559204,0.9978696703910828,1.0,0.9999974370002747,1.0,0.9103165864944458,16.639053344726562,3.781284704018617e-06,3.6065522124317795e-08,0.17207413911819458,0.9156022667884827,0.7754777669906616,0.511018693447113,4.331850528717041,0.0,0.0,4.048532485961914,6.910933017730713,4.331850940527267,0.3963712453842163,1.0,0.0,0.0,0.9999998807907104,1.0000001192092896,0.0,0.0,0.0,0.0,0.7464134097099304,-0.09048943966627121,-0.869342565536499,2.148366689682007,3.726728677749634,1.384541392326355,1.4321577548980713,1.8634008169174194,1.4589413404464722,1.4178876876831055,3.495335578918457,3.5101444721221924,2.477876663208008,2.2915380001068115,2.4018189907073975,24763.248046875,3051.205810546875,5488.9228515625,623.9298706054688,9551.2451171875,5558.4677734375,12848.4921875,43482.98828125,9555.150390625,5394.37646484375,12031.8037109375,13010.2099609375
136,1.1596089601516724,1.2677805423736572,1.175674319267273,1.0135873556137085,2.3994455337524414,1.0362666616565235,1.01920485496521,0.9978693127632141,1.0,0.9999973177909851,1.0,0.9103055000305176,14.97514820098877,3.4031563700409606e-06,3.245896706971507e-08,0.15486671030521393,0.9156021475791931,0.7754776477813721,0.5110184550285339,4.504697322845459,0.0,0.0,4.237400054931641,6.787811279296875,4.504697436512513,0.4162180423736572,1.0,0.0,0.0,0.9999998807907104,1.0000001192092896,0.0,0.0,0.0,0.0,0.7428082823753357,-0.0906013697385788,-0.8701464533805847,2.136258363723755,3.7183284759521484,1.5075901746749878,1.417320966720581,1.6834601163864136,1.1975775957107544,1.432802438735962,3.489927291870117,3.585695743560791,2.467292547225952,2.263625383377075,2.393601655960083,22286.921875,2746.085693359375,4940.03076171875,561.5372314453125,8596.1201171875,5002.62060546875,11563.642578125,39134.69140625,8599.6357421875,4854.93896484375,10828.623046875,11709.1884765625
137,1.1596088409423828,1.2677804231643677,1.175674319267273,1.013587236404419,2.3994455337524414,1.036150513807386,1.01920485496521,0.9978689551353455,1.0,0.9999973177909851,1.0,0.9102869033813477,13.477633476257324,3.062840505663189e-06,2.921307284964314e-08,0.1393800526857376,0.9156021475791931,0.7754774689674377,0.5110182762145996,4.705531120300293,0.0,0.0,4.427693843841553,6.970451831817627,4.705531278266719,0.39812901616096497,1.0,0.0,0.0,1.0000001192092896,0.9999999403953552,0.0,0.0,0.0,0.0,0.7325112819671631,-0.0923132374882698,-0.870790958404541,2.130544424057007,3.712320327758789,1.3822654485702515,1.4405421018600464,1.8869341611862183,1.4921517372131348,1.455201506614685,3.4867241382598877,3.6574275493621826,2.372884750366211,2.30169939994812,2.423292875289917,20058.23046875,2471.4775390625,4446.02783203125,505.3837890625,7736.50830078125,4502.3583984375,10407.2783203125,35221.21875,7739.671875,4369.44482421875,9745.759765625,10538.26953125
138,1.1596089601516724,1.2677805423736572,1.1756742000579834,1.013587474822998,2.3994455337524414,1.0359784540016406,1.01920485496521,0.9978683590888977,1.0,0.9999972581863403,1.0,0.9102599620819092,12.12986946105957,2.756556568783708e-06,2.629176165669378e-08,0.1254420280456543,0.9156022667884827,0.7754772901535034,0.5110180974006653,4.885056018829346,0.0,0.0,4.624227046966553,6.8969807624816895,4.885056101557682,0.40228980779647827,1.0,0.0,0.0,1.0000001192092896,1.0000001192092896,0.0,0.0,0.0,0.0,0.7370610237121582,-0.09166040271520615,-0.8706097602844238,2.134887218475342,3.7094459533691406,1.646726131439209,1.4450221061706543,1.7111263275146484,1.284597635269165,1.4669111967086792,3.4862122535705566,3.678481340408325,2.4545726776123047,2.3017983436584473,2.4306695461273193,18052.40625,2224.330322265625,4001.4248046875,454.8458251953125,6962.85693359375,4052.12255859375,9366.5498046875,31699.095703125,6965.70458984375,3932.500732421875,8771.18359375,9484.4423828125
139,1.1596089601516724,1.2677804231643677,1.175674319267273,1.013587474822998,2.3994457721710205,1.0359815168000628,1.0192047357559204,0.9978670477867126,1.0,0.9999973773956299,1.0,0.9102035164833069,10.916882514953613,2.480900775481132e-06,2.3662584780481666e-08,0.1128978282213211,0.9156021475791931,0.7754771113395691,0.5110177397727966,5.082487106323242,0.0,0.0,4.829570293426514,6.899730205535889,5.082487637130631,0.40635615587234497,1.0,0.0,0.0,0.9999999403953552,1.0,0.0,0.0,0.0,0.0,0.7352849841117859,-0.0921471118927002,-0.871661901473999,2.1262590885162354,3.710825204849243,1.4727678298950195,1.4559986591339111,1.6676807403564453,1.4908077716827393,1.4608982801437378,3.4891233444213867,3.7867236137390137,2.4539291858673096,2.3115012645721436,2.4481208324432373,16247.1650390625,2001.8978271484375,3601.2822265625,409.3616638183594,6266.5712890625,3646.91015625,8429.89453125,28529.1875,6269.1337890625,3539.250732421875,7894.06591796875,8535.998046875
140,1.1596089601516724,1.2677804231643677,1.175674319267273,1.013587474822998,2.3994455337524414,1.03597749210148,1.0192047357559204,0.9978668689727783,0.9999999403953552,0.9999972581863403,1.0,0.9101967811584473,9.825194358825684,2.232810629720916e-06,2.1296328256426023e-08,0.1016080304980278,0.9156022667884827,0.7754767537117004,0.5110173225402832,4.744496822357178,0.0,0.0,4.49143123626709,6.655111789703369,4.74449732404423,0.3952777087688446,1.0,0.0,0.0,0.9999999403953552,1.0,0.0,0.0,0.0,0.0,0.7270107269287109,-0.09015996754169464,-0.8692212104797363,2.138035297393799,3.716926097869873,1.7365520000457764,1.4418385028839111,1.9269170761108398,1.2345482110977173,1.4383924007415771,3.495769739151001,3.657043695449829,2.3710122108459473,2.3157036304473877,2.436516284942627,14622.4482421875,1801.708740234375,3241.154052734375,368.42596435546875,5639.9140625,3282.218994140625,7586.90576171875,25676.265625,5642.22119140625,3185.32568359375,7104.65869140625,7682.39794921875
141,1.159609079360962,1.2677805423736572,1.1756744384765625,1.0135873556137085,2.3994457721710205,1.0359776421353337,1.0192046165466309,0.9978660941123962,1.0,0.9999973177909851,1.0,0.9101621508598328,8.842673301696777,2.0095292256883113e-06,1.916669312151953e-08,0.09144722670316696,0.9156022667884827,0.7754764556884766,0.5110169649124146,5.0634565353393555,0.0,0.0,4.808431148529053,6.871475696563721,5.063456426298449,0.3866104185581207,1.0,0.0,0.0,0.9999999403953552,0.9999999403953552,0.0,0.0,0.0,0.0,0.7305344343185425,-0.0910649448633194,-0.8695278763771057,2.1532392501831055,3.7261147499084473,1.700400471687317,1.4692609310150146,1.7599211931228638,1.4978700876235962,1.457838773727417,3.5048129558563232,3.7085256576538086,2.421046257019043,2.3399031162261963,2.4611477851867676,13160.203125,1621.53857421875,2917.03857421875,331.5839538574219,5075.9228515625,2953.9970703125,6828.21484375,23108.638671875,5077.9990234375,2866.79296875,6394.19287109375,6914.158203125
142,1.1596089601516724,1.2677804231643677,1.1756742000579834,1.0135873556137085,2.3994457721710205,1.0359760802337408,1.0192046165466309,0.9978641271591187,1.0,0.9999972581863403,1.0,0.9100817441940308,7.9584059715271,1.8085765987052582e-06,1.725002540808873e-08,0.0823025032877922,0.9156021475791931,0.7754759192466736,0.5110161900520325,4.97316837310791,0.0,0.0,4.723123073577881,6.806609630584717,4.973165386370005,0.41083717346191406,0.9999983310699463,0.0,0.0,0.9999980926513672,0.9999999403953552,0.0,0.0,0.0,0.0,0.734749436378479,-0.0908726304769516,-0.8715886473655701,2.158487558364868,3.7399046421051025,1.5856266021728516,1.4488333463668823,1.7907121181488037,1.3407483100891113,1.4606106281280518,3.5173771381378174,3.895096778869629,2.475632905960083,2.3413028717041016,2.481523036956787,11844.1826171875,1459.3856201171875,2625.334716796875,298.4261474609375,4568.33056640625,2658.59765625,6145.39306640625,20797.775390625,4570.19873046875,2580.114013671875,5754.77392578125,6222.7421875
143,1.159609079360962,1.2677804231643677,1.175674319267273,1.013587474822998,2.3994457721710205,1.035975915052174,1.0192046165466309,0.99786376953125,1.0,0.9999974370002747,1.0,0.910066545009613,7.1625657081604,1.6277189160973649e-06,1.5525023044915542e-08,0.07444643974304199,0.9156021475791931,0.7754753232002258,0.5110154151916504,4.725436210632324,0.0,0.0,4.464402198791504,6.6535139083862305,4.725435771262544,0.4023588299751282,1.0,0.0,0.0,1.0,1.0000001192092896,0.0,0.0,0.0,0.0,0.7359651923179626,-0.09032567590475082,-0.8683891296386719,2.176922082901001,3.7569425106048584,1.507189154624939,1.4647085666656494,1.6967376470565796,1.446953535079956,1.4765324592590332,3.5324721336364746,3.703665018081665,2.4897749423980713,2.3251895904541016,2.4520442485809326,10659.763671875,1313.447998046875,2362.80126953125,268.5842590332031,4111.4970703125,2392.73779296875,5530.853515625,18717.998046875,4113.1796875,2322.102783203125,5179.29638671875,5600.4677734375
144,1.1596091985702515,1.2677803039550781,1.175674319267273,1.013587474822998,2.3994460105895996,1.035965498531586,1.0192043781280518,0.9978632926940918,1.0,0.9999973773956299,1.0,0.9100447297096252,6.4463090896606445,1.4649468766947393e-06,1.3972517365345993e-08,0.06700179725885391,0.9156022667884827,0.7754746675491333,0.5110143423080444,4.719473838806152,0.0,0.0,4.459889888763428,6.623793601989746,4.719489384569827,0.40984174609184265,0.9999926686286926,0.0,0.0,0.9999922513961792,0.9999977350234985,0.0,0.0,0.0,0.0,0.7304123640060425,-0.09052592515945435,-0.8691966533660889,2.18428373336792,3.7759125232696533,1.4643713235855103,1.4453437328338623,1.7957228422164917,1.3967527151107788,1.4917205572128296,3.5491108894348145,3.7897472381591797,2.4183998107910156,2.331136465072632,2.4646029472351074,9593.787109375,1182.104248046875,2126.52099609375,241.72659301757812,3700.34765625,2153.4638671875,4977.76806640625,16846.197265625,3701.861572265625,2089.892822265625,4661.3671875,5040.42138671875
145,1.1596091985702515,1.2677804231643677,1.175674319267273,1.0135875940322876,2.3994462490081787,1.0359669636561721,1.0192042589187622,0.9978625774383545,1.0,0.9999973773956299,1.0,0.9100188612937927,5.801677703857422,1.318452063969744e-06,1.2575266161718446e-08,0.06030162051320076,0.9156022667884827,0.7754737138748169,0.5110131502151489,4.520298004150391,0.0,0.0,4.25676155090332,6.5115885734558105,4.52035135311812,0.4022885262966156,0.9999920725822449,0.0,0.0,0.9999913573265076,1.0000001192092896,0.0,0.0,0.0,0.0,0.7323789000511169,-0.08954228460788727,-0.8661789298057556,2.2087290287017822,3.796421527862549,1.5280649662017822,1.4323331117630005,1.7684909105300903,1.4119906425476074,1.4760099649429321,3.567006826400757,3.6403920650482178,2.4358015060424805,2.326524019241333,2.4485251903533936,8634.408203125,1063.89501953125,1913.869140625,217.55477905273438,3330.312744140625,1938.11767578125,4479.9912109375,15161.5771484375,3331.67578125,1880.9036865234375,4195.23046875,4536.37939453125
146,1.1596091985702515,1.2677804231643677,1.1756744384765625,1.0135877132415771,2.3994462490081787,1.0359699258662585,1.0192041397094727,0.997861385345459,1.0,0.9999973177909851,1.0,0.9099643230438232,5.22150993347168,1.1866068234667182e-06,1.1317740522542863e-08,0.0544002428650856,0.9156022071838379,0.7754727005958557,0.5110116004943848,4.499052047729492,0.0,0.0,4.228198528289795,6.557721138000488,4.499051377595894,0.3970608115196228,1.0,0.0,0.0,0.9999998807907104,0.9999999403953552,0.0,0.0,0.0,0.0,0.7379907369613647,-0.08840067684650421,-0.8670830130577087,2.227843999862671,3.8176777362823486,1.5552525520324707,1.4612926244735718,1.8494256734848022,1.4489492177963257,1.4897578954696655,3.585541248321533,3.722511053085327,2.4978506565093994,2.365610361099243,2.484631299972534,7770.96728515625,957.5068359375,1722.482177734375,195.80027770996094,2997.281494140625,1744.305908203125,4031.991943359375,13645.4189453125,2998.508544921875,1692.8135986328125,3775.707763671875,4082.7412109375
147,1.1596091985702515,1.2677804231643677,1.175674319267273,1.0135878324508667,2.3994462490081787,1.0359678369129273,1.019204020500183,0.9978609085083008,0.9999999403953552,0.9999973773956299,1.0,0.9099489450454712,4.699358940124512,1.0679461865947815e-06,1.0185965848563683e-08,0.04953605681657791,0.9156020879745483,0.7754711508750916,0.511009693145752,4.312325954437256,0.0,0.0,4.0398783683776855,6.500357627868652,4.312326293047395,0.3969867527484894,1.0,0.0,0.0,0.9999998807907104,1.0,0.0,0.0,0.0,0.0,0.7400335669517517,-0.08816801756620407,-0.8663381934165955,2.247260093688965,3.839069128036499,1.5822815895080566,1.4284541606903076,2.0200202465057373,1.3748060464859009,1.4788793325424194,3.6042771339416504,3.7107555866241455,2.516444683074951,2.3802249431610107,2.494727611541748,6993.87109375,861.7577514648438,1550.234130859375,176.2213134765625,2697.553466796875,1569.87548828125,3628.79296875,12280.8779296875,2698.658203125,1523.5325927734375,3398.137451171875,3674.46728515625
148,1.1596091985702515,1.2677805423736572,1.1756744384765625,1.0135877132415771,2.399446487426758,1.0359679501870025,1.019203782081604,0.9978605508804321,1.0,0.9999974370002747,1.0,0.9099352359771729,4.2294230461120605,9.611516134100384e-07,9.16736908607163e-09,0.04462958499789238,0.9156021475791931,0.7754696607589722,0.5110073685646057,4.0902605056762695,0.0,0.0,3.8178951740264893,6.282776832580566,4.090279221739941,0.4043482840061188,0.9999939203262329,0.0,0.0,0.9999933242797852,1.0,0.0,0.0,0.0,0.0,0.7384834289550781,-0.08728165179491043,-0.8617841005325317,2.265850305557251,3.8592281341552734,1.4297780990600586,1.4142378568649292,1.7960070371627808,1.4339083433151245,1.4878267049789429,3.6221811771392822,3.513906240463257,2.490088939666748,2.33130145072937,2.4427270889282227,6294.4833984375,775.5836791992188,1395.2108154296875,158.60035705566406,2427.798095703125,1412.887939453125,3265.91357421875,11052.7890625,2428.792724609375,1371.1796875,3058.323974609375,3307.0205078125
149,1.1596091985702515,1.2677805423736572,1.175674319267273,1.0135879516601562,2.399446964263916,1.0359696288172515,1.0192034244537354,0.9978600144386292,1.0,0.9999973773956299,1.0000001192092896,0.9099100232124329,3.8064804077148438,8.650364407003508e-07,8.250632177464468e-09,0.040485914796590805,0.9156021475791931,0.7754674553871155,0.5110042095184326,4.2747673988342285,0.0,0.0,4.004634380340576,6.435361862182617,4.273720328040969,0.41613057255744934,0.9996925592422485,0.0,0.0,0.9996628165245056,0.9999998211860657,0.0,0.0,0.0,0.0,0.7465245127677917,-0.08681191504001617,-0.8664591312408447,2.283019781112671,3.8774261474609375,1.4226607084274292,1.42117440700531,1.7677439451217651,1.4502205848693848,1.4779043197631836,3.6386988162994385,3.783569097518921,2.5943140983581543,2.371673345565796,2.501295566558838,5665.03515625,698.0272216796875,1255.68994140625,142.74163818359375,2185.018310546875,1271.5992431640625,2939.322265625,9947.509765625,2185.9140625,1234.062255859375,2752.491943359375,2976.318603515625
150,1.1596094369888306,1.2677804231643677,1.175674319267273,1.0135880708694458,2.399447202682495,1.0359707601156705,1.0192030668258667,0.9978591203689575,0.9999999403953552,0.9999973177909851,1.0,0.9098715782165527,3.425832509994507,7.785327511555806e-07,7.425568160357443e-09,0.03643731772899628,0.9156021475791931,0.7754648923873901,0.511000394821167,3.7905869483947754,0.0,0.0,3.514277935028076,6.106810569763184,3.790604297517769,0.3983631134033203,0.9999966621398926,0.0,0.0,0.9999963641166687,1.0,0.0,0.0,0.0,0.0,0.7490968704223633,-0.08371307700872421,-0.8589540719985962,2.2924492359161377,3.8941822052001953,1.4862961769104004,1.4127477407455444,1.9333105087280273,1.3981578350067139,1.4708527326583862,3.6529293060302734,3.4486265182495117,2.6012122631073,2.359076499938965,2.4553661346435547,5098.53173828125,628.2266845703125,1130.12109375,128.4689178466797,1966.5167236328125,1144.439453125,2645.389892578125,8952.7587890625,1967.3232421875,1110.656494140625,2477.243408203125,2678.68701171875
151,1.1596094369888306,1.2677804231643677,1.175674319267273,1.013588309288025,2.3994476795196533,1.0359728554625187,1.019202709197998,0.9978582859039307,1.0,0.9999972581863403,1.0000001192092896,0.9098349213600159,3.0832488536834717,7.006794362496294e-07,6.683011033459252e-09,0.03292074799537659,0.9156021475791931,0.7754616737365723,0.5109953880310059,3.99994158744812,0.0,0.0,3.7372419834136963,6.187284469604492,3.9999414449004482,0.42857468128204346,1.0,0.0,0.0,0.9999999403953552,0.9999998807907104,0.0,0.0,0.0,0.0,0.7433788180351257,-0.08349510282278061,-0.8658733367919922,2.3120574951171875,3.9070568084716797,1.518118977546692,1.375952124595642,1.9443459510803223,1.1516060829162598,1.486641764640808,3.665647268295288,3.8156471252441406,2.5243308544158936,2.370140552520752,2.501645088195801,4588.6787109375,565.4064331054688,1017.109130859375,115.62359619140625,1769.865234375,1029.9957275390625,2380.85107421875,8057.48291015625,1770.591552734375,999.5913696289062,2229.51953125,2410.818359375
152,1.1596096754074097,1.2677805423736572,1.1756744384765625,1.013588547706604,2.3994481563568115,1.0359762147409166,1.0192019939422607,0.997856080532074,1.0,0.9999973773956299,1.0,0.9097436666488647,2.7749240398406982,6.306113959908544e-07,6.01471006334009e-09,0.029628673568367958,0.9156022071838379,0.7754577994346619,0.5109899640083313,3.779790163040161,0.0,0.0,3.49880051612854,6.122733116149902,3.7797764183734537,0.3927517831325531,0.9999935626983643,0.0,0.0,0.9999929666519165,1.0000001192092896,0.0,0.0,0.0,0.0,0.7498926520347595,-0.08346965909004211,-0.8574762344360352,2.320136547088623,3.917572259902954,1.5156512260437012,1.4193122386932373,1.953482747077942,1.4597830772399902,1.4791672229766846,3.6766772270202637,3.4392452239990234,2.6223838329315186,2.3803412914276123,2.472288131713867,4129.810546875,508.8685302734375,915.3984375,104.06302642822266,1592.8787841796875,926.9962768554688,2142.765869140625,7251.73486328125,1593.5330810546875,899.6329345703125,2006.568359375,2169.73681640625
153,1.1596096754074097,1.2677805423736572,1.175674319267273,1.013588786125183,2.3994486331939697,1.0359770477193162,1.0192015171051025,0.9978545904159546,1.0,0.9999974370002747,1.0,0.9096863269805908,2.497431516647339,5.675503302882134e-07,5.413239190232844e-09,0.026680151000618935,0.9156022071838379,0.7754528522491455,0.5109825730323792,4.127155303955078,0.0,0.0,3.852741241455078,6.353484153747559,4.127182085005485,0.41541117429733276,0.9999999403953552,0.0,0.0,1.0000001192092896,1.0,0.0,0.0,0.0,0.0,0.7495419383049011,-0.08482551574707031,-0.864724338054657,2.3353025913238525,3.924351930618286,1.4800432920455933,1.3923330307006836,1.8307695388793945,1.4385520219802856,1.4931355714797974,3.6849582195281982,3.8115127086639404,2.6286683082580566,2.4019627571105957,2.5278241634368896,3716.82958984375,457.9847412109375,823.8588256835938,93.65869140625,1433.591064453125,834.2968139648438,1928.4893798828125,6526.56103515625,1434.1806640625,809.67041015625,1805.912109375,1952.7633056640625
154,1.1596100330352783,1.2677805423736572,1.175674319267273,1.0135891437530518,2.399449586868286,1.0359846812513864,1.0192005634307861,0.9978508949279785,1.0,0.9999973177909851,1.0,0.9095277190208435,2.2476882934570312,5.107952461003151e-07,4.87191531561848e-09,0.024051478132605553,0.9156022071838379,0.7754468321800232,0.5109736919403076,4.0908098220825195,0.0,0.0,3.8167099952697754,6.235357284545898,4.090809567330189,0.39325764775276184,1.0,0.0,0.0,1.0,1.0,0.0,0.0,0.0,0.0,0.7490703463554382,-0.08313490450382233,-0.8616628050804138,2.336634635925293,3.9303624629974365,1.776257038116455,1.3975229263305664,1.9435055255889893,1.4179260730743408,1.4705339670181274,3.692753553390503,3.6704695224761963,2.634336471557617,2.427030324935913,2.53336501121521,3345.146728515625,412.1896667480469,741.4732666015625,84.29501342773438,1290.232177734375,750.8673706054688,1735.640625,5873.9052734375,1290.7635498046875,728.7041625976562,1625.32177734375,1757.4873046875
155,1.1596102714538574,1.2677804231643677,1.1756744384765625,1.01358962059021,2.3994505405426025,1.0359861867565443,1.0191993713378906,0.997849702835083,1.0,0.9999974370002747,1.0,0.9094730019569397,2.0229194164276123,4.5971574991199304e-07,4.38472325114958e-09,0.021746009588241577,0.9156020283699036,0.7754393815994263,0.510962724685669,3.9291391372680664,0.0,0.0,3.650521755218506,6.164979457855225,3.929139270885178,0.3915460705757141,1.0,0.0,0.0,0.9999998211860657,1.0,0.0,0.0,0.0,0.0,0.7485120892524719,-0.08213011920452118,-0.8601276874542236,2.347282648086548,3.9357106685638428,1.7009179592132568,1.4129414558410645,2.0139482021331787,1.4194755554199219,1.47477126121521,3.7000768184661865,3.624063491821289,2.639442205429077,2.426863193511963,2.525742769241333,3010.632080078125,370.97454833984375,667.3262939453125,75.86797332763672,1161.209228515625,675.7808837890625,1562.0765380859375,5286.51513671875,1161.688232421875,655.834716796875,1462.7906494140625,1581.7388916015625
156,1.159610629081726,1.2677806615829468,1.175674319267273,1.0135900974273682,2.399451732635498,1.0359868766988711,1.0191980600357056,0.997848629951477,1.0,0.9999974370002747,1.0,0.9094305634498596,1.8206274509429932,4.137441464990843e-07,3.946250881625701e-09,0.019640864804387093,0.9156020879745483,0.7754299640655518,0.5109487771987915,3.682971954345703,0.0,0.0,3.4069972038269043,5.960727691650391,3.6829718500178683,0.4101509153842926,1.0,0.0,0.0,1.0,1.0,0.0,0.0,0.0,0.0,0.7476706504821777,-0.0794723629951477,-0.859575629234314,2.3502392768859863,3.9391372203826904,1.4833872318267822,1.4313114881515503,1.9956631660461426,1.295167326927185,1.4794950485229492,3.7059900760650635,3.625948667526245,2.642857313156128,2.3949196338653564,2.4980885982513428,2709.56884765625,333.8813781738281,600.5940551757812,68.28394317626953,1045.0887451171875,608.2030639648438,1405.8690185546875,4757.86376953125,1045.5205078125,590.2522583007812,1316.5125732421875,1423.5654296875
157,1.1596108675003052,1.2677805423736572,1.175674319267273,1.0135908126831055,2.3994531631469727,1.0359952107851467,1.019196629524231,0.9978453516960144,1.0,0.9999972581863403,1.0,0.9092867970466614,1.6385644674301147,3.72369726164834e-07,3.5516254381917634e-09,0.01785959117114544,0.9156021475791931,0.775418758392334,0.510931670665741,3.805494785308838,0.0,0.0,3.532515048980713,6.057193279266357,3.805494989172847,0.41415634751319885,1.0,0.0,0.0,1.0000001192092896,1.0,0.0,0.0,0.0,0.0,0.7431342005729675,-0.0832555815577507,-0.8600742220878601,2.362645387649536,3.93853497505188,1.4183690547943115,1.3725848197937012,1.9959139823913574,1.3625859022140503,1.4984335899353027,3.7089526653289795,3.678184747695923,2.598278760910034,2.3934483528137207,2.5055348873138428,2438.6123046875,300.49798583984375,540.5349731445312,61.458492279052734,940.5801391601562,547.383056640625,1265.2822265625,4282.0771484375,940.9697875976562,531.2282104492188,1184.8624267578125,1281.209228515625
158,1.1596113443374634,1.2677804231643677,1.175674319267273,1.0135916471481323,2.3994550704956055,1.035996662129894,1.0191946029663086,0.9978433847427368,1.0,0.9999973177909851,1.0,0.9092099666595459,1.4747081995010376,3.351327393374959e-07,3.1964633162573364e-09,0.01628902368247509,0.9156020879745483,0.7754045724868774,0.5109105110168457,3.9873123168945312,0.0,0.0,3.7105491161346436,6.135734558105469,3.9873123766889917,0.40996894240379333,1.0,0.0,0.0,0.9999999403953552,1.0,0.0,0.0,0.0,0.0,0.7380298376083374,-0.08179003745317459,-0.8614020943641663,2.3635268211364746,3.9356400966644287,1.602481484413147,1.4254226684570312,1.9506921768188477,1.3060072660446167,1.5050021409988403,3.7102718353271484,3.7796595096588135,2.551846981048584,2.413055181503296,2.529627799987793,2194.751220703125,270.4534912109375,486.4819641113281,55.31605529785156,846.5225219726562,492.64508056640625,1138.754150390625,3853.869873046875,846.8743286132812,478.1066589355469,1066.3775634765625,1153.0887451171875
159,1.1596119403839111,1.2677804231643677,1.175674319267273,1.0135926008224487,2.3994572162628174,1.035996018296293,1.019192099571228,0.9978403449058533,1.0,0.9999973773956299,1.0,0.9090849161148071,1.3272373676300049,3.016194511928916e-07,2.8768167847914583e-09,0.014924466609954834,0.9156017303466797,0.7753871083259583,0.5108845233917236,4.005275249481201,0.0,0.0,3.726163625717163,6.058942794799805,4.005275421140947,0.4040696918964386,1.0,0.0,0.0,1.0,1.0,0.0,0.0,0.0,0.0,0.7360540628433228,-0.08321501314640045,-0.8582718372344971,2.352738857269287,3.932218313217163,1.5717819929122925,1.4203495979309082,1.8622491359710693,1.396535038948059,1.514365792274475,3.711045503616333,3.646577835083008,2.549326181411743,2.395719051361084,2.5069501399993896,1975.2763671875,243.41404724121094,437.8342590332031,49.78823471069336,761.8706665039062,443.3809814453125,1024.87890625,3468.483154296875,762.1885375976562,430.29742431640625,959.7413330078125,1037.7803955078125
160,1.1596126556396484,1.2677804231643677,1.175674319267273,1.0135939121246338,2.3994603157043457,1.036001803166015,1.0191892385482788,0.9978376626968384,0.9999999403953552,0.9999973773956299,0.9999998807907104,0.9089681506156921,1.1945135593414307,2.714575373374828e-07,2.589134906472168e-09,0.013513556681573391,0.9156017303466797,0.7753653526306152,0.5108525156974792,3.7500829696655273,0.0,0.0,3.47147798538208,5.888175964355469,3.7500829711793346,0.4133588373661041,1.0,0.0,0.0,1.0,1.0,0.0,0.0,0.0,0.0,0.7405346632003784,-0.08141326159238815,-0.85574871301651,2.356067657470703,3.9286484718322754,1.4019787311553955,1.42164945602417,1.817439317703247,1.3603984117507935,1.5176594257354736,3.7119550704956055,3.5612316131591797,2.635399580001831,2.3712427616119385,2.479207754135132,1777.7489013671875,219.07920837402344,394.05133056640625,44.81362533569336,685.68408203125,399.0433044433594,922.3912353515625,3121.63525390625,685.971435546875,387.2693176269531,863.7687377929688,934.0029907226562
161,1.1596137285232544,1.2677804231643677,1.175674319267273,1.013595461845398,2.399463653564453,1.0360125170040724,1.0191854238510132,0.9978329539299011,1.0,0.9999973773956299,1.0,0.9087634086608887,1.0750621557235718,2.443117352868285e-07,2.3302215712561747e-09,0.012643891386687756,0.9156017303466797,0.7753384113311768,0.5108128786087036,4.0259318351745605,0.0,0.0,3.747987747192383,6.032205581665039,4.025932503594263,0.39999330043792725,1.0,0.0,0.0,1.0000001192092896,1.0,0.0,0.0,0.0,0.0,0.7350003719329834,-0.08236230909824371,-0.8584519028663635,2.3551478385925293,3.922759532928467,1.6233367919921875,1.428794026374817,1.9426498413085938,1.3894273042678833,1.5116126537322998,3.711200714111328,3.710954427719116,2.5863394737243652,2.418222188949585,2.5276899337768555,1599.9742431640625,197.17857360839844,354.6468505859375,40.33697509765625,617.1162109375,359.13946533203125,830.1524047851562,2809.471923828125,617.3763427734375,348.544189453125,777.3937377929688,840.6034545898438
162,1.1596145629882812,1.2677804231643677,1.175674319267273,1.0135973691940308,2.399468183517456,1.0360280710059897,1.0191806554794312,0.9978257417678833,1.0,0.9999973177909851,1.0,0.9084673523902893,0.9675559401512146,2.1988057596900035e-07,2.0971993031082548e-09,0.011408708058297634,0.9156017303466797,0.7753048539161682,0.5107637643814087,4.025805473327637,0.0,0.0,3.7453160285949707,6.0091423988342285,4.025805720277403,0.4056113660335541,1.0,0.0,0.0,1.0,1.0,0.0,0.0,0.0,0.0,0.7326598763465881,-0.08257762342691422,-0.85713130235672,2.3567955493927,3.9170565605163574,1.5222382545471191,1.4501235485076904,1.7885277271270752,1.4186382293701172,1.5323951244354248,3.710608959197998,3.6736268997192383,2.5818896293640137,2.3951900005340576,2.5084900856018066,1439.9771728515625,177.4688262939453,319.1828308105469,36.3086051940918,555.4050903320312,323.22607421875,747.1373901367188,2528.525146484375,555.6409912109375,313.6917419433594,699.6564331054688,756.5437622070312
163,1.1596159934997559,1.2677805423736572,1.1756744384765625,1.0135998725891113,2.3994736671447754,1.0360298955451708,1.0191748142242432,0.9978201985359192,1.0,0.9999973177909851,1.0,0.9082319736480713,0.8708003163337708,1.978925183721003e-07,1.8874792839795873e-09,0.010306260548532009,0.9156015515327454,0.7752629518508911,0.5107031464576721,3.974226236343384,0.0,0.0,3.693903923034668,5.955733299255371,3.9742402554066323,0.40685370564460754,0.9999858140945435,0.0,0.0,0.9999843835830688,1.0,0.0,0.0,0.0,0.0,0.7336652278900146,-0.08188113570213318,-0.8567559719085693,2.356313943862915,3.9117202758789062,1.5658730268478394,1.4620391130447388,1.8277006149291992,1.2997030019760132,1.553818941116333,3.7103188037872314,3.6826415061950684,2.6221635341644287,2.3992295265197754,2.5119028091430664,1295.979736328125,159.73095703125,287.2653503417969,32.68373107910156,499.8652648925781,290.904052734375,672.4239501953125,2275.67333984375,500.0794372558594,282.3248291015625,629.6930541992188,680.8903198242188
164,1.1596176624298096,1.2677805423736572,1.175674319267273,1.0136027336120605,2.3994803428649902,1.036026363175013,1.0191679000854492,0.9978179335594177,1.0,0.9999973177909851,1.0,0.9081355333328247,0.7837202548980713,1.7810326369271934e-07,1.6987314888083915e-09,0.009350729174911976,0.9156014323234558,0.7752111554145813,0.510628879070282,4.112493515014648,0.0,0.0,3.8377156257629395,5.92460298538208,4.11249397278126,0.40572431683540344,0.9999999403953552,0.0,0.0,1.0000001192092896,0.9999998807907104,0.0,0.0,0.0,0.0,0.7313541769981384,-0.08195007592439651,-0.8553871512413025,2.353532314300537,3.906071186065674,1.6472505331039429,1.4689637422561646,1.6564401388168335,1.3483887910842896,1.5468273162841797,3.709829092025757,3.645141839981079,2.6178104877471924,2.3900258541107178,2.5062193870544434,1166.3822021484375,143.7678680419922,258.53973388671875,29.42206382751465,449.8793640136719,261.8143005371094,605.1819458007812,2048.1064453125,450.0743103027344,254.09483337402344,566.7262573242188,612.8021850585938
165,1.1596198081970215,1.2677805423736572,1.1756744384765625,1.0136064291000366,2.399488925933838,1.0360361562981257,1.0191590785980225,0.9978125691413879,0.9999998807907104,0.9999973177909851,1.0,0.9079105854034424,0.7053481936454773,1.602929273758491e-07,1.5288581511896382e-09,0.008482969366014004,0.9156011939048767,0.7751472592353821,0.5105348229408264,4.266564846038818,0.0,0.0,3.9896299839019775,6.129005432128906,4.266564654101931,0.41668280959129333,1.0,0.0,0.0,1.0,1.0,0.0,0.0,0.0,0.0,0.7292689085006714,-0.08453991264104843,-0.8593940138816833,2.358224630355835,3.901686191558838,1.4386123418807983,1.4513238668441772,1.7579028606414795,1.4404265880584717,1.5575493574142456,3.7102773189544678,3.88814377784729,2.6143949031829834,2.4118542671203613,2.543916940689087,1049.7445068359375,129.40219116210938,232.68666076660156,26.48724365234375,404.8921813964844,235.63365173339844,544.6641235351562,1843.296630859375,405.0701599121094,228.68814086914062,510.0565490722656,551.5230712890625
166,1.159622311592102,1.2677805423736572,1.175674319267273,1.0136109590530396,2.3994996547698975,1.0360399335449288,1.0191478729248047,0.9978029131889343,1.0,0.9999973177909851,1.0,0.9075077772140503,0.6348134279251099,1.4426362326958042e-07,1.3759723360706744e-09,0.007656069006770849,0.9156010150909424,0.7750681638717651,0.5104207992553711,4.134964466094971,0.0,0.0,3.854990005493164,5.98565149307251,4.1349645002111854,0.3956887722015381,0.9999999403953552,0.0,0.0,1.0,0.999999463558197,0.0,0.0,0.0,0.0,0.7240298986434937,-0.08350195735692978,-0.8555724024772644,2.357764482498169,3.8990204334259033,1.6230347156524658,1.4565378427505493,1.9068493843078613,1.4030158519744873,1.5491821765899658,3.7120137214660645,3.7058897018432617,2.5684125423431396,2.4181721210479736,2.527728319168091,944.7705688476562,116.47431182861328,209.4191131591797,23.84676742553711,364.40386962890625,212.07115173339844,490.1981506347656,1658.9676513671875,364.5666809082031,205.82237243652344,459.0541076660156,496.3719482421875
167,1.1596256494522095,1.2677805423736572,1.175674319267273,1.0136164426803589,2.399512529373169,1.0360356731888167,1.019134521484375,0.9977941513061523,1.0,0.9999974966049194,1.0,0.9071332812309265,0.5713319778442383,1.2983726094262238e-07,1.2383750691569162e-09,0.007123935967683792,0.9156007170677185,0.7749695181846619,0.5102822184562683,4.020613670349121,0.0,0.0,3.732757329940796,5.8876051902771,4.020614006338234,0.3834580183029175,1.0,0.0,0.0,1.0,1.0,0.0,0.0,0.0,0.0,0.7149824500083923,-0.08300789445638657,-0.8507449626922607,2.3602542877197266,3.897289752960205,1.6652073860168457,1.4800053834915161,1.9502978324890137,1.4082201719284058,1.5697081089019775,3.714409589767456,3.525207996368408,2.4793972969055176,2.4049997329711914,2.4995999336242676,850.2940673828125,104.84059143066406,188.47848510742188,21.471431732177734,327.9645080566406,190.86497497558594,441.1788330078125,1493.0716552734375,328.1137390136719,185.24339294433594,413.1521911621094,446.736083984375
168,1.1596295833587646,1.2677803039550781,1.1756744384765625,1.0136234760284424,2.399528980255127,1.0360492750642052,1.0191174745559692,0.9977825880050659,0.9999999403953552,0.9999973773956299,1.0000001192092896,0.9066532850265503,0.5141987800598145,1.1685352774293278e-07,1.1145374623211524e-09,0.006458961870521307,0.9156005382537842,0.7748457193374634,0.5101084113121033,4.17564582824707,0.0,0.0,3.8883864879608154,6.011553764343262,4.175644684661724,0.38106751441955566,0.9999998211860657,0.0,0.0,1.0,0.9999982118606567,0.0,0.0,0.0,0.0,0.7241663932800293,-0.08245153725147247,-0.85466468334198,2.362992286682129,3.895901918411255,1.74530827999115,1.506410837173462,1.9943675994873047,1.4347490072250366,1.5605942010879517,3.7170019149780273,3.7158799171447754,2.6113579273223877,2.454456329345703,2.5543973445892334,765.2653198242188,94.37175750732422,169.6321563720703,19.334880828857422,295.16925048828125,171.77957153320312,397.0615234375,1343.765380859375,295.3067321777344,166.72286987304688,371.8409118652344,402.06396484375
169,1.1596343517303467,1.2677805423736572,1.1756744384765625,1.013631820678711,2.3995490074157715,1.036067345247919,1.019096851348877,0.9977653622627258,1.0,0.9999974370002747,1.0,0.9059221744537354,0.46277889609336853,1.0516816928429762e-07,1.0030837271912674e-09,0.005993124563246965,0.9156001210212708,0.7746953368186951,0.509895920753479,4.125316619873047,0.0,0.0,3.846163034439087,5.873591423034668,4.125330471308419,0.39492112398147583,0.9999961256980896,0.0,0.0,0.999995768070221,0.9999999403953552,0.0,0.0,0.0,0.0,0.7192625999450684,-0.08254190534353256,-0.8521430492401123,2.364837169647217,3.895423173904419,1.600264310836792,1.469442367553711,1.7782779932022095,1.4829182624816895,1.5270708799362183,3.720224380493164,3.6263928413391113,2.567307949066162,2.4032161235809326,2.511110544204712,688.7395629882812,84.95150756835938,152.67051696777344,17.412918090820312,265.65350341796875,154.60287475585938,357.35595703125,1209.389892578125,265.7807922363281,150.05474853515625,334.6612243652344,361.85919189453125
170,1.1596406698226929,1.2677804231643677,1.175674319267273,1.01364266872406,2.3995747566223145,1.036087618611619,1.0190709829330444,0.9977535009384155,1.0,0.9999973773956299,1.0,0.9054279327392578,0.4165010154247284,9.46513551980388e-08,9.027752989609894e-10,0.005564025603234768,0.9155994653701782,0.7745075225830078,0.5096299052238464,4.368580341339111,0.0,0.0,4.087353229522705,6.080297946929932,4.3685805034497545,0.37908968329429626,1.0,0.0,0.0,1.0,1.0,0.0,0.0,0.0,0.0,0.7215113639831543,-0.08396118134260178,-0.8546217679977417,2.372474431991577,3.8961055278778076,1.8293204307556152,1.4867115020751953,1.9528310298919678,1.4646154642105103,1.5853854417800903,3.72424578666687,3.7693240642547607,2.6128764152526855,2.469388961791992,2.5742881298065186,619.866455078125,76.47517395019531,137.40545654296875,15.684614181518555,239.08958435058594,139.1439666748047,321.6210632324219,1088.4521484375,239.20822143554688,135.0540008544922,301.2000732421875,325.6751708984375
171,1.159647822380066,1.2677804231643677,1.175674319267273,1.013655424118042,2.3996057510375977,1.036110858406417,1.0190393924713135,0.9977427124977112,1.0,0.9999973177909851,1.0,0.9049720764160156,0.3748508393764496,8.518622252040586e-08,8.12497791269351e-10,0.005137476604431868,0.9155987501144409,0.7742793560028076,0.5093070268630981,3.8168563842773438,0.0,0.0,3.5269954204559326,5.754946708679199,3.81685669773759,0.400310754776001,1.0,0.0,0.0,1.0,0.9999998211860657,0.0,0.0,0.0,0.0,0.7206971049308777,-0.08224077522754669,-0.8499493598937988,2.3768157958984375,3.899096727371216,1.3946236371994019,1.4618436098098755,1.9563902616500854,1.380920171737671,1.5998525619506836,3.729893922805786,3.5830726623535156,2.616151809692383,2.3998661041259766,2.50061297416687,557.8807373046875,68.84856414794922,123.66658782958984,14.130331993103027,215.18223571777344,125.23103332519531,289.4597473144531,979.608154296875,215.29318237304688,121.55384063720703,271.08544921875,293.1096496582031
172,1.1596572399139404,1.2677804231643677,1.175674319267273,1.0136713981628418,2.399644613265991,1.0361160361053017,1.0190004110336304,0.997731626033783,1.0,0.9999973177909851,1.0,0.9045064449310303,0.3373657763004303,7.66675967156516e-08,7.312480065913007e-10,0.004759608302265406,0.9155979156494141,0.7739986777305603,0.5089021325111389,4.194854259490967,0.0,0.0,3.9150450229644775,5.926385402679443,4.194853472676837,0.39922967553138733,0.9999998211860657,0.0,0.0,0.9999998807907104,0.9999983310699463,0.0,0.0,0.0,0.0,0.7194730639457703,-0.08381408452987671,-0.8535811901092529,2.381071090698242,3.899704933166504,1.536218523979187,1.4540526866912842,1.8490623235702515,1.470583200454712,1.5898535251617432,3.7338294982910156,3.7724053859710693,2.617347002029419,2.430412769317627,2.545607805252075,502.09368896484375,61.9869499206543,111.30199432373047,12.732928276062012,193.6656951904297,112.70966339111328,260.5146789550781,881.6488647460938,193.7706298828125,109.4043197631836,243.9829559326172,263.8009948730469
173,1.1596688032150269,1.2677805423736572,1.175674319267273,1.0136914253234863,2.399693012237549,1.0361213959380846,1.0189520120620728,0.9977156519889832,1.0,0.9999973773956299,1.0,0.9038360714912415,0.30362918972969055,6.900083349137276e-08,6.581231670743648e-10,0.00439456244930625,0.9155972003936768,0.7736489176750183,0.5084087252616882,4.169612407684326,0.0,0.0,3.8899707794189453,5.830948352813721,4.169612462272723,0.37988200783729553,1.0,0.0,0.0,1.0,1.0,0.0,0.0,0.0,0.0,0.7182333469390869,-0.08219874650239944,-0.8500341773033142,2.383864641189575,3.9000563621520996,1.8745338916778564,1.475180745124817,1.938610553741455,1.343253254890442,1.6078436374664307,3.737773895263672,3.6330950260162354,2.616734743118286,2.451094627380371,2.5496933460235596,451.8854675292969,55.81407165527344,100.17460632324219,11.477307319641113,174.3011016845703,101.44044494628906,234.4641876220703,793.485595703125,174.4008331298828,98.47039794921875,219.59141540527344,237.42344665527344
174,1.1596832275390625,1.2677805423736572,1.175674319267273,1.013716459274292,2.399754047393799,1.0361574920910375,1.01889169216156,0.9976847171783447,1.0,0.9999973773956299,1.0,0.9025295376777649,0.2732662856578827,6.210074587897907e-08,5.923108115091225e-10,0.004038635641336441,0.9155956506729126,0.7732154130935669,0.5077903866767883,4.407995700836182,0.0,0.0,4.129585266113281,6.004279136657715,4.407995161066652,0.3866148591041565,0.9999999403953552,0.0,0.0,1.0,0.9999992847442627,0.0,0.0,0.0,0.0,0.7174109220504761,-0.08341313153505325,-0.8533758521080017,2.3898520469665527,3.902884006500244,1.723151683807373,1.4862724542617798,1.8332867622375488,1.539669394493103,1.596920371055603,3.7432398796081543,3.8209192752838135,2.619849443435669,2.465604543685913,2.5779523849487305,406.6982421875,50.26136016845703,90.16006469726562,10.349373817443848,156.87307739257812,91.29863739013672,211.0188751220703,714.138916015625,156.96923828125,88.63059997558594,197.6398468017578,213.68397521972656
175,1.159700632095337,1.2677805423736572,1.1756744384765625,1.0137462615966797,2.3998281955718994,1.036195065794971,1.0188177824020386,0.9976742267608643,0.9999998807907104,0.9999973773956299,1.0,0.9020935297012329,0.24593964219093323,5.589067342270937e-08,5.330797470115556e-10,0.0037611655425280333,0.9155945181846619,0.7726829051971436,0.507045328617096,3.930846691131592,0.0,0.0,3.6414365768432617,5.7032470703125,3.9308467715613977,0.38419681787490845,1.0,0.0,0.0,0.9999999403953552,1.0,0.0,0.0,0.0,0.0,0.7170360684394836,-0.08019577711820602,-0.8464764356613159,2.397770881652832,3.908278703689575,1.722926378250122,1.4867868423461914,1.9036189317703247,1.3673288822174072,1.585689902305603,3.7505288124084473,3.5389387607574463,2.6252083778381348,2.4287075996398926,2.5214738845825195,366.02984619140625,45.267147064208984,81.1473159790039,9.336447715759277,141.18817138671875,82.1709976196289,189.918212890625,642.72705078125,141.2810516357422,79.77562713623047,177.88418579101562,192.31871032714844
176,1.1597223281860352,1.2677805423736572,1.175674319267273,1.0137836933135986,2.3999199867248535,1.0362238762440288,1.0187269449234009,0.9976522326469421,1.0,0.9999972581863403,0.9999999403953552,0.9011688828468323,0.2213456630706787,5.030160465935296e-08,4.797717778615151e-10,0.0035338704474270344,0.9155927300453186,0.7720355987548828,0.5061048865318298,4.116535663604736,0.0,0.0,3.832632064819336,5.855472087860107,4.116535730372972,0.4080803394317627,1.0,0.0,0.0,1.0,1.0,0.0,0.0,0.0,0.0,0.7129952907562256,-0.08185060322284698,-0.8522086143493652,2.4072628021240234,3.9126434326171875,1.5054271221160889,1.4655181169509888,1.8215950727462769,1.4108721017837524,1.588961124420166,3.757028341293335,3.8178627490997314,2.585308313369751,2.427248001098633,2.5474853515625,329.4284973144531,40.77593231201172,73.03573608398438,8.426851272583008,127.07188415527344,73.95643615722656,170.92776489257812,578.45654296875,127.1634292602539,71.8069076538086,160.10499572753906,173.09036254882812
177,1.1597498655319214,1.2677805423736572,1.1756744384765625,1.0138309001922607,2.4000372886657715,1.0362843500404961,1.0186125040054321,0.9976138472557068,1.0,0.9999973177909851,1.0,0.8995481729507446,0.19921110570430756,4.527144525923177e-08,4.3179460007536363e-10,0.0032806512899696827,0.9155904650688171,0.7712215781211853,0.5049441456794739,4.345552921295166,0.0,0.0,4.054514408111572,6.028488636016846,4.345553014718205,0.3826354742050171,1.0,0.0,0.0,1.0,1.0,0.0,0.0,0.0,0.0,0.716016411781311,-0.08265171945095062,-0.8516308069229126,2.414546489715576,3.9173781871795654,1.7613325119018555,1.5163664817810059,1.8694911003112793,1.5207891464233398,1.6101881265640259,3.763805627822876,3.8164288997650146,2.6344175338745117,2.4824745655059814,2.5902981758117676,296.4874572753906,36.73781204223633,65.73628234863281,7.611755847930908,114.36760711669922,66.56385040283203,153.83651733398438,520.6134643554688,114.45877075195312,64.63624572753906,144.10498046875,155.78530883789062
178,1.1597827672958374,1.2677806615829468,1.1756744384765625,1.0138871669769287,2.4001808166503906,1.0363380379870182,1.018472671508789,0.9975763559341431,1.0,0.9999973773956299,0.9999998807907104,0.897972583770752,0.17928998172283173,4.0744296825323545e-08,3.8861511231225165e-10,0.0030355374328792095,0.915587306022644,0.7702282667160034,0.5035299062728882,3.869572639465332,0.0,0.0,3.569227695465088,5.729245185852051,3.8695751052869016,0.3936102092266083,0.9999964833259583,0.0,0.0,0.9999960660934448,1.0,0.0,0.0,0.0,0.0,0.71585613489151,-0.07971999794244766,-0.8481007814407349,2.4203407764434814,3.923985481262207,1.5053369998931885,1.5107043981552124,1.9632779359817505,1.4125089645385742,1.608865737915039,3.7719199657440186,3.672426462173462,2.640833854675293,2.4430201053619385,2.5419464111328125,266.84075927734375,33.107940673828125,59.16655349731445,6.881129264831543,102.93423461914062,59.91062545776367,138.45458984375,468.5549621582031,103.02539825439453,58.18381118774414,129.70599365234375,140.21112060546875
179,1.1598243713378906,1.2677805423736572,1.1756744384765625,1.0139580965042114,2.400362014770508,1.0363770140552913,1.0182989835739136,0.9975297451019287,1.0,0.9999974370002747,1.0000001192092896,0.8960137367248535,0.1613609790802002,3.666987069550487e-08,3.497535872032387e-10,0.0028774894308298826,0.9155833721160889,0.7690100073814392,0.5017827153205872,4.128554821014404,0.0,0.0,3.8246188163757324,5.91793966293335,4.128563198622031,0.38105857372283936,0.9999998211860657,0.0,0.0,0.9999997615814209,0.9999999403953552,0.0,0.0,0.0,0.0,0.71528160572052,-0.08227277547121048,-0.8485528230667114,2.42814302444458,3.928251028060913,1.5413020849227905,1.5122045278549194,1.9238567352294922,1.6584335565567017,1.6159437894821167,3.7783799171447754,3.7181806564331055,2.645214080810547,2.4749910831451416,2.5741591453552246,240.15895080566406,29.845951080322266,53.25431442260742,6.226933002471924,92.64452362060547,53.92372131347656,124.6110610961914,421.7026062011719,92.73693084716797,52.377899169921875,116.748291015625,126.19491577148438
180,1.159874439239502,1.2677804231643677,1.175674319267273,1.0140434503555298,2.4005825519561768,1.036372832257971,1.0180867910385132,0.9974874258041382,1.0,0.9999973177909851,1.0,0.8942349553108215,0.14522488415241241,3.300288398122575e-08,3.1477820350289676e-10,0.002669417532160878,0.9155791997909546,0.7675333023071289,0.4996510148048401,3.7969136238098145,0.0,0.0,3.4941728115081787,5.693177223205566,3.796913753489944,0.3944295346736908,1.0,0.0,0.0,0.9999999403953552,0.9999999403953552,0.0,0.0,0.0,0.0,0.7147095203399658,-0.07940267771482468,-0.8458061814308167,2.4352941513061523,3.9326012134552,1.5072072744369507,1.5020159482955933,1.972466230392456,1.3948180675506592,1.5934861898422241,3.7849252223968506,3.6237597465515137,2.649686813354492,2.4396259784698486,2.5360589027404785,216.14559936523438,26.915586471557617,47.933650970458984,5.641571044921875,83.38430786132812,48.53525924682617,112.15206909179688,379.535888671875,83.47846221923828,47.15401077270508,105.087646484375,113.58079528808594
181,1.1599364280700684,1.2677806615829468,1.175674319267273,1.0141490697860718,2.400855541229248,1.0364271061736863,1.0178276300430298,0.9974781274795532,1.0,0.9999972581863403,1.0,0.8938462138175964,0.13070239126682281,2.9702590609304025e-08,2.833004109081827e-10,0.0024883088190108538,0.9155729413032532,0.7657621502876282,0.49703413248062134,3.921542167663574,0.0,0.0,3.622898578643799,5.700692176818848,3.92048438843638,0.39115065336227417,0.9996340870857239,0.0,0.0,0.9995859265327454,1.0,0.0,0.0,0.0,0.0,0.7065489292144775,-0.0807809978723526,-0.8452717065811157,2.4404799938201904,3.9343087673187256,1.5448256731033325,1.474174976348877,1.9309660196304321,1.4616868495941162,1.61984384059906,3.789602518081665,3.6251702308654785,2.563204288482666,2.4384262561798096,2.537137269973755,194.5338897705078,24.284217834472656,43.145694732666016,5.1178412437438965,75.05050659179688,43.6862907409668,100.93926239013672,341.58624267578125,75.14750671386719,42.45354461669922,94.5945053100586,102.22868347167969
182,1.1600127220153809,1.2677804231643677,1.175674319267273,1.014278769493103,2.4011924266815186,1.0365495087460097,1.0175071954727173,0.997451901435852,1.0,0.9999973773956299,1.0,0.8927518725395203,0.11763215065002441,2.673233190364499e-08,2.549703503884615e-10,0.002338545396924019,0.9155667424201965,0.7635829448699951,0.49377283453941345,3.779165267944336,0.0,0.0,3.4790680408477783,5.656013488769531,3.7791650750996717,0.4213933050632477,1.0,0.0,0.0,1.0,1.0000001192092896,0.0,0.0,0.0,0.0,0.7090094089508057,-0.07657844573259354,-0.8488357067108154,2.445098876953125,3.935253143310547,1.285707712173462,1.519897222518921,1.8674535751342773,1.339924693107605,1.5988578796386719,3.793731689453125,3.8146965503692627,2.608964443206787,2.4209585189819336,2.5397191047668457,175.0836639404297,21.92255401611328,38.83595657348633,4.652011394500732,67.55043029785156,39.3222770690918,90.84796905517578,307.4320068359375,67.65251159667969,38.22506332397461,85.1524429321289,92.012451171875
183,1.160109281539917,1.2677805423736572,1.175674319267273,1.0144426822662354,2.401618480682373,1.036699415363887,1.0171114206314087,0.9974173307418823,1.0,0.9999973773956299,1.0,0.8913013935089111,0.10586892813444138,2.405909960145891e-08,2.2947331534961535e-10,0.00218382989987731,0.9155575633049011,0.7609760165214539,0.48979318141937256,4.1150431632995605,0.0,0.0,3.8172521591186523,5.813411235809326,4.115046982347922,0.3892233669757843,0.9999969601631165,0.0,0.0,0.9999964237213135,1.0,0.0,0.0,0.0,0.0,0.7073209881782532,-0.08155231922864914,-0.8474671840667725,2.447786331176758,3.9335248470306396,1.6243536472320557,1.4912023544311523,1.9326456785202026,1.470442533493042,1.6444720029830933,3.7960410118103027,3.7722465991973877,2.6081995964050293,2.4720914363861084,2.577723979949951,157.57882690429688,19.804235458374023,34.95924758911133,4.236506938934326,60.80110549926758,35.39567947387695,81.76618957519531,276.69366455078125,60.909027099609375,34.421295166015625,76.65657806396484,82.8187026977539
184,1.1602282524108887,1.2677804231643677,1.175674319267273,1.0146440267562866,2.4021496772766113,1.0368039403654723,1.0166209936141968,0.9973868131637573,1.0,0.9999973177909851,1.0,0.8900209069252014,0.09528203308582306,2.1653187687320496e-08,2.065259768757599e-10,0.0020709000527858734,0.9155473709106445,0.7577913999557495,0.48494774103164673,4.090339183807373,0.0,0.0,3.7860538959503174,5.789267539978027,4.090339172738956,0.3874046802520752,1.0,0.0,0.0,1.0000001192092896,1.0,0.0,0.0,0.0,0.0,0.7093091607093811,-0.08044126629829407,-0.846021294593811,2.4508543014526367,3.9326372146606445,1.592829704284668,1.5416932106018066,1.8245189189910889,1.518790364265442,1.6496567726135254,3.798959493637085,3.7291550636291504,2.6525638103485107,2.4691660404205322,2.5722250938415527,141.8248748779297,17.905649185180664,31.470844268798828,3.8692169189453125,54.726985931396484,31.86260986328125,73.59295654296875,249.02972412109375,54.84205627441406,31.000349044799805,69.01252746582031,74.54515075683594
185,1.1603753566741943,1.2677804231643677,1.1756744384765625,1.014892339706421,2.4028103351593018,1.0370216642068701,1.0160218477249146,0.9973276853561401,1.0,0.9999973177909851,0.9999999403953552,0.8875409960746765,0.08575382083654404,1.948786909622413e-08,1.8587337224929001e-10,0.001974209677428007,0.9155339598655701,0.7540158033370972,0.4699329435825348,4.051171779632568,0.0,0.0,3.743561029434204,5.782492637634277,4.051171936807745,0.3828614056110382,1.0,0.0,0.0,1.0,1.0,0.0,0.0,0.0,0.0,0.700593113899231,-0.08079127222299576,-0.8455430865287781,2.4548609256744385,3.9322731494903564,1.5969598293304443,1.5268748998641968,2.0003750324249268,1.5013362169265747,1.6546924114227295,3.8022682666778564,3.7325334548950195,2.5643835067749023,2.4766557216644287,2.5746889114379883,127.64678192138672,16.20558738708496,28.332151412963867,3.543642282485962,49.2615966796875,28.683517456054688,66.23743438720703,224.1328125,49.38447189331055,27.923046112060547,62.135108947753906,67.09990692138672
186,1.160556674003601,1.2677805423736572,1.175674319267273,1.01519775390625,2.4036262035369873,1.0372572972949117,1.0152900218963623,0.9972777962684631,1.0,0.9999973773956299,0.9999999403953552,0.8854565024375916,0.07717844098806381,1.753907952206646e-08,1.6728603224880345e-10,0.0018687244737520814,0.9155170321464539,0.7495632767677307,0.44426804780960083,3.9701168537139893,0.0,0.0,3.6628730297088623,5.720311641693115,3.970116898279081,0.38863733410835266,1.0,0.0,0.0,1.0,1.0000001192092896,0.0,0.0,0.0,0.0,0.7028743624687195,-0.08003377914428711,-0.8450632691383362,2.4586844444274902,3.9321084022521973,1.530421257019043,1.5190726518630981,2.0015010833740234,1.483945608139038,1.633466362953186,3.805722713470459,3.735715627670288,2.6092467308044434,2.4709885120391846,2.5707411766052246,114.88700103759766,14.684999465942383,25.507858276367188,3.2559921741485596,44.343605041503906,25.82306480407715,59.617855072021484,201.72625732421875,44.47563171386719,25.156402587890625,55.947872161865234,60.400211334228516
187,1.1607825756072998,1.2677805423736572,1.175674319267273,1.0155785083770752,2.404646158218384,1.037461505585142,1.0143893957138062,0.9972035884857178,0.9999999403953552,0.9999973773956299,0.9999998807907104,0.8823533058166504,0.06946059316396713,1.5785174056759388e-08,1.5055744151393213e-10,0.0017313730204477906,0.9154967069625854,0.7442993521690369,0.4145209789276123,4.07243013381958,0.0,0.0,3.762268304824829,5.826239109039307,4.072429847193775,0.37638401985168457,1.0,0.0,0.0,1.0,0.9999999403953552,0.0,0.0,0.0,0.0,0.7048611640930176,-0.08035173267126083,-0.8445982933044434,2.4644694328308105,3.9312944412231445,1.714751124382019,1.5351252555847168,2.0244181156158447,1.488675594329834,1.6498863697052002,3.808732748031616,3.7395143508911133,2.6093249320983887,2.496619462966919,2.5906455516815186,103.40376281738281,13.326757431030273,22.968217849731445,3.003772735595703,39.91847229003906,23.249582290649414,53.66075134277344,181.56112670898438,40.06100082397461,22.66925048828125,50.38227081298828,54.37171936035156
188,1.161064624786377,1.2677804231643677,1.1756744384765625,1.0160527229309082,2.405918598175049,1.0376541598516245,1.0132887363433838,0.9971602559089661,1.0,0.9999973773956299,1.0,0.8805473446846008,0.0625145360827446,1.4206654519455242e-08,1.3550169319920258e-10,0.0016420293832197785,0.9154713153839111,0.7381759881973267,0.38056498765945435,4.237599849700928,0.0,0.0,3.936718463897705,5.821404933929443,4.2376023984539035,0.37353745102882385,0.999996542930603,0.0,0.0,0.9999960064888,0.9999999403953552,0.0,0.0,0.0,0.0,0.6991241574287415,-0.07996143400669098,-0.8450958728790283,2.4661998748779297,3.9310970306396484,1.8316000699996948,1.545351266860962,1.9809411764144897,1.5148448944091797,1.6403334140777588,3.8121562004089355,3.78971529006958,2.565704345703125,2.5077943801879883,2.605476140975952,93.06945037841797,12.115499496459961,20.68475914001465,2.783026695251465,35.936702728271484,20.93463134765625,48.29985809326172,163.41334533691406,36.09199905395508,20.433378219604492,45.37626266479492,48.947444915771484
189,1.1614148616790771,1.2677805423736572,1.175674319267273,1.0166407823562622,2.4075090885162354,1.0379175648191146,1.0119506120681763,0.9971174597740173,1.0,0.9999973773956299,1.0,0.8787736892700195,0.05626307800412178,1.278598826814914e-08,1.219515183281672e-10,0.001544827246107161,0.9154399633407593,0.7311577796936035,0.3431209325790405,4.322216510772705,0.0,0.0,4.008598804473877,5.980220317840576,4.322216875043268,0.37268543243408203,1.0,0.0,0.0,1.0000001192092896,0.9999998211860657,0.0,0.0,0.0,0.0,0.7050359845161438,-0.08118481189012527,-0.8454915881156921,2.474045991897583,3.93298602104187,1.7214759588241577,1.589958906173706,1.9173952341079712,1.6298000812530518,1.6739994287490845,3.8170056343078613,3.838111162185669,2.5680947303771973,2.516287326812744,2.6162469387054443,83.7692642211914,11.037470817565918,18.630416870117188,2.590341567993164,32.353878021240234,18.85320472717285,43.475765228271484,147.081298828125,32.52460479736328,18.424470901489258,40.87407302856445,44.06709671020508
190,1.1618458032608032,1.2677805423736572,1.1756744384765625,1.017362356185913,2.4094691276550293,1.0383227643643116,1.0103275775909424,0.9971128702163696,1.0,0.9999974370002747,1.0,0.8786119818687439,0.05063677579164505,1.1507390595966172e-08,1.0975636371979292e-10,0.0014526809100061655,0.9154012799263,0.7231326699256897,0.30007871985435486,4.189487457275391,0.0,0.0,3.8833935260772705,5.806138038635254,4.189487326545238,0.3803766965866089,1.0,0.0,0.0,1.0000001192092896,0.9999999403953552,0.0,0.0,0.0,0.0,0.7017671465873718,-0.08093954622745514,-0.8440098762512207,2.478471040725708,3.9371144771575928,1.6858104467391968,1.5316483974456787,1.8999112844467163,1.5419678688049316,1.6774706840515137,3.8234214782714844,3.7900452613830566,2.6610584259033203,2.5026919841766357,2.6044647693634033,75.39985656738281,10.080307960510254,16.7828311920166,2.4233360290527344,29.130414962768555,16.98064613342285,39.1347770690918,132.3834686279297,29.318056106567383,16.621612548828125,36.825531005859375,39.676353454589844
191,1.162380337715149,1.2677805423736572,1.175674319267273,1.0182570219039917,2.4118988513946533,1.0388524578919116,1.008366346359253,0.9970850348472595,1.0,0.9999972581863403,1.0,0.8774799704551697,0.04557309299707413,1.0356649760012715e-08,9.878072665392423e-11,0.0013730082428082824,0.9153526425361633,0.7141111493110657,0.25269490480422974,4.180135726928711,0.0,0.0,3.8746888637542725,5.8086256980896,4.18013578987378,0.3827809989452362,1.0,0.0,0.0,1.0,1.0,0.0,0.0,0.0,0.0,0.7012722492218018,-0.08066251873970032,-0.8443496227264404,2.486074209213257,3.942145347595215,1.7231650352478027,1.5213485956192017,1.9489856958389282,1.478156328201294,1.6806670427322388,3.8304710388183594,3.835488796234131,2.666195869445801,2.5112698078155518,2.6151692867279053,67.86823272705078,9.232820510864258,15.122176170349121,2.2785611152648926,26.230958938598633,15.296177864074707,35.22865676879883,119.1565933227539,26.437891006469727,15.003512382507324,33.1855583190918,35.726539611816406
192,1.16301429271698,1.2677805423736572,1.175674319267273,1.019309401512146,2.4148519039154053,1.0394409183866746,1.0060368776321411,0.9970476031303406,1.0,0.9999973177909851,1.0,0.8759560585021973,0.041015781462192535,9.320984872829285e-09,8.890265607019998e-11,0.0012850485509261489,0.9152929782867432,0.7041354179382324,0.20324881374835968,3.665442705154419,0.0,0.0,3.339364767074585,5.559455871582031,3.6653418815910563,0.38458487391471863,0.9999610781669617,0.0,0.0,0.999955952167511,0.9999999403953552,0.0,0.0,0.0,0.0,0.6980781555175781,-0.0762655958533287,-0.8384111523628235,2.4941813945770264,3.947845935821533,1.4762192964553833,1.5732780694961548,2.0888261795043945,1.4161341190338135,1.6686855554580688,3.8379905223846436,3.5990865230560303,2.627481460571289,2.472972869873047,2.5561327934265137,61.09071731567383,8.484869003295898,13.626582145690918,2.1545424461364746,23.62354850769043,13.780956268310547,31.71393394470215,107.2536849975586,23.847761154174805,13.551319122314453,29.91279411315918,32.173152923583984
193,1.1638081073760986,1.2677805423736572,1.1756744384765625,1.0206272602081299,2.418531894683838,1.0401882383936167,1.0032211542129517,0.9970248937606812,1.0,0.9999973773956299,0.9999998807907104,0.8750712871551514,0.03691419959068298,8.388886918453409e-09,8.001237866706035e-11,0.0011959311086684465,0.915219247341156,0.69305419921875,0.1494733691215515,3.808645009994507,0.0,0.0,3.4876184463500977,5.6401777267456055,3.8086457396523827,0.383706271648407,0.9999998807907104,0.0,0.0,1.0,0.9999999403953552,0.0,0.0,0.0,0.0,0.6998105645179749,-0.07745321094989777,-0.8402242660522461,2.4994723796844482,3.9496705532073975,1.5128687620162964,1.5366111993789673,2.0464463233947754,1.5259760618209839,1.6445657014846802,3.842808723449707,3.693472385406494,2.674267053604126,2.4926159381866455,2.5822863578796387,54.99199676513672,7.826999187469482,12.282716751098633,2.0489277839660645,21.278696060180664,12.420108795166016,28.55145835876465,96.54248809814453,21.523881912231445,12.250517845153809,26.971776962280273,28.977487564086914
194,1.164815902709961,1.2677805423736572,1.175674319267273,1.0223010778427124,2.4231598377227783,1.0410705781860377,0.9998353719711304,0.9969709515571594,1.0,0.9999973177909851,1.0,0.8728877902030945,0.033222779631614685,7.549997960154542e-09,7.201114010646492e-11,0.0011380283394828439,0.9151276350021362,0.680928111076355,0.09467445313930511,4.205544471740723,0.0,0.0,3.892963171005249,5.818642616271973,4.205503638072474,0.3794270157814026,0.9999845027923584,0.0,0.0,0.9999819993972778,0.9999998807907104,0.0,0.0,0.0,0.0,0.6948670744895935,-0.07890075445175171,-0.8444309234619141,2.5034823417663574,3.949420213699341,1.6936657428741455,1.5666584968566895,2.092604160308838,1.5746142864227295,1.6375287771224976,3.8461861610412598,3.9326725006103516,2.541990280151367,2.5338821411132812,2.63663387298584,49.504295349121094,7.250593662261963,11.07784366607666,1.959257960319519,19.170331954956055,11.197936058044434,25.7061824798584,86.90399169921875,19.44346046447754,11.082530975341797,24.329641342163086,26.1042537689209
195,1.1660594940185547,1.2677805423736572,1.175674319267273,1.0243644714355469,2.4288456439971924,1.0422524051641522,0.9957971572875977,0.9969514608383179,1.0,0.9999973177909851,1.0,0.8721692562103271,0.029900504276156425,6.794997009507142e-09,6.481002540192904e-11,0.0010850350372493267,0.9150139689445496,0.6677674055099487,0.03824020177125931,4.2041754722595215,0.0,0.0,3.899449348449707,5.7660136222839355,4.204175571755908,0.3843531608581543,1.0,0.0,0.0,0.9999999403953552,1.0000001192092896,0.0,0.0,0.0,0.0,0.6971837878227234,-0.07796698063611984,-0.8431053757667542,2.5081636905670166,3.950843572616577,1.883902907371521,1.5565916299819946,1.9164927005767822,1.3664158582687378,1.6822148561477661,3.850735664367676,3.886866331100464,2.676853656768799,2.5279080867767334,2.6346936225891113,44.5666618347168,6.747813701629639,9.998678207397461,1.8836872577667236,17.273845672607422,10.097101211547852,23.1468505859375,78.23110961914062,17.57818603515625,10.040435791015625,21.956436157226562,23.521066665649414
196,1.167585849761963,1.2677804231643677,1.1756744384765625,1.0268815755844116,2.4359138011932373,1.0435998672088094,0.9910269379615784,0.9969165921211243,0.9999999403953552,0.9999973773956299,0.9999998807907104,0.8708431124687195,0.02691044844686985,6.115497885872401e-09,5.832902216784674e-11,0.0010319892317056656,0.9148737192153931,0.6536391377449036,-0.01850547268986702,4.0682783126831055,0.0,0.0,3.7465553283691406,5.756707668304443,4.068238914642787,0.3793789744377136,0.9999882578849792,0.0,0.0,0.9999864101409912,0.9999999403953552,0.0,0.0,0.0,0.0,0.6937390565872192,-0.07932692021131516,-0.8416907787322998,2.5144598484039307,3.953476667404175,1.5918278694152832,1.5528030395507812,2.053145408630371,1.5812013149261475,1.686217188835144,3.8561177253723145,3.8400864601135254,2.6354711055755615,2.5264806747436523,2.6240766048431396,40.124210357666016,6.311368465423584,9.026201248168945,1.8202989101409912,15.570460319519043,9.11182975769043,20.844768524169922,70.42745208740234,15.906984329223633,9.108582496643066,19.82521629333496,21.199121475219727
197,1.1694570779800415,1.2677804231643677,1.175674319267273,1.0299586057662964,2.4445555210113525,1.0452544332703453,0.9854128360748291,0.9969078302383423,1.0,0.9999972581863403,1.0,0.8706357479095459,0.02421940676867962,5.503947964058398e-09,5.249611856328329e-11,0.0009625385864637792,0.9147012233734131,0.6385698914527893,-0.07376814633607864,4.138494968414307,0.0,0.0,3.8221585750579834,5.738274574279785,4.138554249194805,0.3710595965385437,0.9999879598617554,0.0,0.0,0.9999991059303284,0.999918520450592,0.0,0.0,0.0,0.0,0.6967605352401733,-0.07907724380493164,-0.8381420373916626,2.5195367336273193,3.9560387134552,1.888505458831787,1.562111735343933,1.9009134769439697,1.4754502773284912,1.6937716007232666,3.8614728450775146,3.6996684074401855,2.6384811401367188,2.51959490776062,2.612279176712036,36.12759780883789,5.934459209442139,8.158697128295898,1.7673801183700562,14.038518905639648,8.225972175598145,18.774333953857422,63.40633010864258,14.408446311950684,8.277381896972656,17.91191291809082,19.112472534179688
198,1.171746850013733,1.2677805423736572,1.175674319267273,1.0337082147598267,2.4551548957824707,1.0473502128706356,0.9788630604743958,0.9968286156654358,1.0,0.9999973773956299,1.0,0.8675239682197571,0.021797463297843933,4.953553123243637e-09,4.724650184972923e-11,0.0009063047473318875,0.914486289024353,0.6226435303688049,-0.1285465806722641,3.9052491188049316,0.0,0.0,3.583212375640869,5.634546756744385,3.9051921953082527,0.39146989583969116,0.9999802708625793,0.0,0.0,0.9999774098396301,0.9999998211860657,0.0,0.0,0.0,0.0,0.6944620013237,-0.07769729197025299,-0.8396497368812561,2.526841640472412,3.959489345550537,1.527388572692871,1.539178490638733,1.9708364009857178,1.4569356441497803,1.6940120458602905,3.8674068450927734,3.793379783630371,2.6866960525512695,2.5022165775299072,2.6031274795532227,32.53239822387695,5.610723495483398,7.375125408172607,1.7233771085739136,12.663520812988281,7.431014060974121,16.91253089904785,57.089725494384766,13.071800231933594,7.538082599639893,16.1948299407959,17.238033294677734
199,1.1746002435684204,1.2677804231643677,1.175674319267273,1.0383703708648682,2.46826434135437,1.0499585090873607,0.971207320690155,0.9968299865722656,1.0,0.9999972581863403,1.0,0.867832601070404,0.01961771585047245,4.458197810919273e-09,4.252185409336917e-11,0.000849932141136378,0.9142202138900757,0.60576993227005,-0.18040704727172852,4.151320457458496,0.0,0.0,3.8352479934692383,5.740507125854492,4.151327805486347,0.39095547795295715,0.9999997615814209,0.0,0.0,0.9999997615814209,1.0,0.0,0.0,0.0,0.0,0.6922436356544495,-0.07932241261005402,-0.8409392833709717,2.5322659015655518,3.961419105529785,1.564549446105957,1.5421380996704102,1.885500192642212,1.5680897235870361,1.6982637643814087,3.8723196983337402,3.889293909072876,2.6003708839416504,2.5114212036132812,2.6215426921844482,29.298673629760742,5.334199905395508,6.674033164978027,1.6869916915893555,11.427704811096191,6.720460414886475,15.238667488098145,51.407447814941406,11.882469177246094,6.879066467285156,14.6549711227417,15.555316925048828
200,1.1781080961227417,1.2677805423736572,1.175674557685852,1.0440702438354492,2.484358310699463,1.0531022229652665,0.9623000621795654,0.9968104362487793,0.9999999403953552,0.9999974370002747,1.0,0.8673442602157593,0.01765594445168972,4.012377541329215e-09,3.82696652145853e-11,0.0008154853130690753,0.9138916730880737,0.587908923625946,-0.22859852015972137,4.141149044036865,0.0,0.0,3.819585084915161,5.729041576385498,4.141150328203174,0.37649834156036377,0.9999966025352478,0.0,0.0,0.9999960660934448,0.9999999403953552,0.0,0.0,0.0,0.0,0.6898862719535828,-0.07994385808706284,-0.8385587930679321,2.539344072341919,3.9642465114593506,1.6369065046310425,1.5446571111679077,1.9326896667480469,1.6381621360778809,1.717456340789795,3.8778858184814453,3.7951502799987793,2.647951364517212,2.529444932937622,2.6272661685943604,26.390474319458008,5.099316120147705,6.048691749572754,1.6570243835449219,10.31955623626709,6.084502220153809,13.734134674072266,46.29635238647461,10.82087230682373,6.296790599822998,13.274771690368652,14.045305252075195
201,1.1824140548706055,1.2677805423736572,1.175674319267273,1.0510300397872925,2.504077196121216,1.0570340802310527,0.9520044326782227,0.9968165159225464,1.0,0.9999973177909851,1.0,0.8679757714271545,0.015890348702669144,3.6111398316052146e-09,3.444269869312677e-11,0.0007663160213269293,0.9134918451309204,0.5690632462501526,-0.2710804045200348,4.062969207763672,0.0,0.0,3.7325799465179443,5.758307933807373,4.062933003859841,0.3734108805656433,0.999988853931427,0.0,0.0,0.9999872446060181,1.0,0.0,0.0,0.0,0.0,0.6965255737304688,-0.07919655740261078,-0.8369821906089783,2.543060541152954,3.9674932956695557,1.7108341455459595,1.5661532878875732,1.9364471435546875,1.57390296459198,1.7095814943313599,3.8837547302246094,3.748189926147461,2.6960742473602295,2.5335490703582764,2.6260499954223633,23.775501251220703,4.900914192199707,5.492429733276367,1.632435917854309,9.325982093811035,5.516063690185547,12.382210731506348,41.69964599609375,9.875946998596191,5.782721996307373,12.038385391235352,12.691149711608887
202,1.1877341270446777,1.2677805423736572,1.175674319267273,1.0595760345458984,2.5282578468322754,1.0619037231541468,0.9401436448097229,0.9968152642250061,0.9999998807907104,0.9999973177909851,1.0,0.8684032559394836,0.014301314949989319,3.250026026080377e-09,3.0998429517703485e-11,0.0007140443776734173,0.9129951000213623,0.5491196513175964,-0.30855995416641235,4.0875678062438965,0.0,0.0,3.757457971572876,5.738288879394531,4.087568304117605,0.36888009309768677,1.0,0.0,0.0,1.0000001192092896,1.0000001192092896,0.0,0.0,0.0,0.0,0.692689836025238,-0.07862655818462372,-0.8374207019805908,2.55043888092041,3.970931053161621,1.7862398624420166,1.5754501819610596,2.0518903732299805,1.5329070091247559,1.7252473831176758,3.8897511959075928,3.7951738834381104,2.6553759574890137,2.5533406734466553,2.643561363220215,21.4246826171875,4.734189987182617,4.998124122619629,1.612280011177063,8.437298774719238,5.008264541625977,11.16786003112793,37.56624984741211,9.040276527404785,5.3301777839660645,10.931941032409668,11.478080749511719
203,1.1941267251968384,1.2677805423736572,1.1756744384765625,1.0697436332702637,2.557189464569092,1.0678004123088238,0.9267567992210388,0.9968284964561462,1.0,0.9999973773956299,1.0,0.8695495128631592,0.012871183454990387,2.9250231126098925e-09,2.7898584484264966e-11,0.000659931858535856,0.9123842120170593,0.5283046364784241,-0.34205737709999084,3.9904165267944336,0.0,0.0,3.657625198364258,5.620649814605713,3.990416347146743,0.35680779814720154,1.0,0.0,0.0,1.0,0.9999999403953552,0.0,0.0,0.0,0.0,0.6922863125801086,-0.07815877348184586,-0.8310108780860901,2.557039737701416,3.9745590686798096,1.900886058807373,1.5709654092788696,2.01108980178833,1.557318091392517,1.729048490524292,3.895869016647339,3.5616140365600586,2.614957809448242,2.537334680557251,2.6132075786590576,19.3118839263916,4.594778537750244,4.558884143829346,1.5958589315414429,7.642223358154297,4.555987358093262,10.077573776245117,33.8502197265625,8.291300773620605,4.931356430053711,9.941006660461426,10.391215324401855
204,1.2020606994628906,1.2677804231643677,1.1756744384765625,1.0822718143463135,2.5926685333251953,1.0749399951355674,0.9114763140678406,0.9967840313911438,1.0,0.9999973773956299,0.9999999403953552,0.8684625029563904,0.011584064923226833,2.6325206459176798e-09,2.5108724127642645e-11,0.0006114765419624746,0.9116260409355164,0.5062595009803772,-0.36835533380508423,4.006324291229248,0.0,0.0,3.6712913513183594,5.66335391998291,4.006288950282037,0.37144145369529724,0.9999889731407166,0.0,0.0,0.9999871253967285,1.0,0.0,0.0,0.0,0.0,0.6889844536781311,-0.07683704793453217,-0.8352407813072205,2.5654263496398926,3.977571964263916,1.7534512281417847,1.6105520725250244,1.947919249534607,1.5385187864303589,1.7056844234466553,3.901498556137085,3.7482240200042725,2.707221508026123,2.5456066131591797,2.634706974029541,17.413606643676758,4.4787373542785645,4.1697468757629395,1.5821765661239624,6.930319309234619,4.153751850128174,9.099215507507324,30.510250091552734,7.6392822265625,4.584902286529541,9.056199073791504,9.420122146606445
205,1.2118113040924072,1.2677804231643677,1.175674319267273,1.0975922346115112,2.635037899017334,1.0838588786665397,0.8942539095878601,0.9967887997627258,0.9999998807907104,0.9999973177909851,0.9999999403953552,0.8695661425590515,0.010425657033920288,2.3692687811660562e-09,2.259785240876777e-11,0.0005698816967196763,0.910698652267456,0.48292919993400574,-0.3952779471874237,4.195004463195801,0.0,0.0,3.868997097015381,5.736521244049072,4.195004628148319,0.36021125316619873,1.0,0.0,0.0,1.0000001192092896,1.0000001192092896,0.0,0.0,0.0,0.0,0.6894992589950562,-0.07957129925489426,-0.8346635699272156,2.570145606994629,3.980301856994629,1.9054394960403442,1.5565526485443115,2.0180046558380127,1.6298807859420776,1.713114619255066,3.906931161880493,3.7488515377044678,2.665828227996826,2.569505214691162,2.6566824913024902,15.708752632141113,4.382549285888672,3.8258860111236572,1.5713155269622803,6.2965617179870605,3.796950578689575,8.22187614440918,27.50921058654785,7.067178249359131,4.283900737762451,8.26641845703125,8.553342819213867
206,1.2235729694366455,1.2677804231643677,1.175674319267273,1.1158620119094849,2.685483694076538,1.094712332261058,0.8752530217170715,0.9967359900474548,1.0,0.9999973773956299,1.0,0.8685145974159241,0.009383091703057289,2.1323418586405296e-09,2.0338068035252732e-11,0.0005391464801505208,0.9095665216445923,0.45888349413871765,-0.420085072517395,3.8970072269439697,0.0,0.0,3.565274238586426,5.624335765838623,3.8970071009300105,0.3927589952945709,1.0,0.0,0.0,1.0,1.0,0.0,0.0,0.0,0.0,0.6908958554267883,-0.07646752893924713,-0.8369621634483337,2.575488328933716,3.9837982654571533,1.5467063188552856,1.5406419038772583,2.0444164276123047,1.4391107559204102,1.725427269935608,3.9128634929656982,3.8905181884765625,2.714144706726074,2.537311553955078,2.6404507160186768,14.17835521697998,4.303114891052246,3.5133588314056396,1.5623364448547363,5.732227802276611,3.4768214225769043,7.435771942138672,24.813724517822266,6.571267127990723,4.02373743057251,7.561071872711182,7.780299186706543
207,1.2379961013793945,1.2677803039550781,1.175674319267273,1.1379845142364502,2.7458505630493164,1.1078694838153929,0.8540249466896057,0.9967796802520752,0.9999999403953552,0.9999974370002747,1.0,0.871614933013916,0.00844478141516447,1.9191075395497137e-09,1.8304259150059288e-11,0.0005094532389193773,0.9081656336784363,0.4333290755748749,-0.4402405321598053,4.036519527435303,0.0,0.0,3.702953815460205,5.6553215980529785,4.036519397175107,0.3730376660823822,1.0,0.0,0.0,1.0,1.0,0.0,0.0,0.0,0.0,0.6860431432723999,-0.07871739566326141,-0.8337163329124451,2.5790677070617676,3.980363368988037,1.691311001777649,1.557761311531067,1.975624442100525,1.5938094854354858,1.7222599983215332,3.9135496616363525,3.75468111038208,2.711876153945923,2.5480306148529053,2.6397461891174316,12.805440902709961,4.23777437210083,3.2453954219818115,1.5556621551513672,5.229878902435303,3.198688507080078,6.732110500335693,22.393857955932617,6.13674783706665,3.800281047821045,6.933583736419678,7.09305477142334
208,1.2554655075073242,1.2677804231643677,1.1756744384765625,1.164449691772461,2.816457748413086,1.1238870287561016,0.8308750987052917,0.9967464208602905,1.0,0.9999973177909851,1.0000001192092896,0.8719272613525391,0.007600303273648024,1.727196496936756e-09,1.6473834449359792e-11,0.00047653523506596684,0.9064542651176453,0.40691402554512024,-0.4575723707675934,4.136142253875732,0.0,0.0,3.808461904525757,5.655860900878906,4.136141717795184,0.37726080417633057,1.0,0.0,0.0,1.0,0.9999998211860657,0.0,0.0,0.0,0.0,0.6860178112983704,-0.07902343571186066,-0.8333171606063843,2.5656540393829346,3.959017276763916,1.6384143829345703,1.5797693729400635,1.8509865999221802,1.6330382823944092,1.732183575630188,3.903303623199463,3.7791635990142822,2.6501517295837402,2.5291683673858643,2.6274642944335938,11.57470989227295,4.184251308441162,3.008061408996582,1.5506455898284912,4.779312610626221,2.9544806480407715,6.1030073165893555,20.222679138183594,5.762372016906738,3.6090381145477295,6.374855995178223,6.482979774475098
209,1.2764300107955933,1.2677805423736572,1.175674319267273,1.1956321001052856,2.8984830379486084,1.1430798465278977,0.8058914542198181,0.9967204928398132,1.0,0.9999973177909851,1.0,0.8729332089424133,0.006840272340923548,1.554477102594376e-09,1.4826450830951465e-11,0.0004413895367179066,0.9043422937393188,0.379698783159256,-0.4729914963245392,4.000461578369141,0.0,0.0,3.669459819793701,5.538890838623047,3.990014812921869,0.3786473870277405,0.9974222183227539,0.0,0.0,0.9969763159751892,1.0,0.0,0.0,0.0,0.0,0.680560290813446,-0.07773969322443008,-0.8318590521812439,2.5576326847076416,3.9387216567993164,1.551809549331665,1.5951430797576904,1.9467673301696777,1.5607922077178955,1.7421956062316895,3.8938632011413574,3.7556545734405518,2.6339588165283203,2.5176541805267334,2.611732006072998,10.472496032714844,4.1392316818237305,2.7956085205078125,1.5468169450759888,4.384415626525879,2.7409400939941406,5.541357040405273,18.276037216186523,5.43874979019165,3.445199489593506,5.878085136413574,5.94273042678833
210,1.302031397819519,1.2677805423736572,1.175674319267273,1.2333070039749146,2.9928550720214844,1.166541610284686,0.7789015173912048,0.9967339038848877,1.0,0.9999973773956299,1.0,0.8758460283279419,0.0061562457121908665,1.3990292258014847e-09,1.3343804360077538e-11,0.0004124213592149317,0.9017877578735352,0.35144442319869995,-0.4908904731273651,4.541280269622803,0.0,0.0,4.237469673156738,5.777371406555176,4.541279577905243,0.3640700876712799,1.0,0.0,0.0,1.0,0.9999999403953552,0.0,0.0,0.0,0.0,0.68239426612854,-0.07986399531364441,-0.8343622088432312,2.5431315898895264,3.9185667037963867,1.8189868927001953,1.6657350063323975,1.7807866334915161,1.7353143692016602,1.755275845527649,3.8845865726470947,3.9202992916107178,2.6622486114501953,2.568493366241455,2.6694672107696533,9.486483573913574,4.100398540496826,2.6215035915374756,1.5438623428344727,4.028097152709961,2.5548975467681885,5.040791034698486,16.532251358032227,5.166038513183594,3.3083205223083496,5.4382643699646,5.466949462890625
211,1.3327291011810303,1.2677804231643677,1.175674319267273,1.2775194644927979,3.100663900375366,1.1947130217014663,0.7502362132072449,0.9967504739761353,0.9999998807907104,0.9999973773956299,1.0,0.8793538212776184,0.005540620535612106,1.259126247710185e-09,1.2009422969971872e-11,0.00038143183337524533,0.8986491560935974,0.322409451007843,-0.53702312707901,4.350566387176514,0.0,0.0,4.04122257232666,5.614826202392578,4.350565007035886,0.3593832552433014,0.9999999403953552,0.0,0.0,1.0,0.9999998807907104,0.0,0.0,0.0,0.0,0.675583004951477,-0.08000946044921875,-0.8310658931732178,2.5387661457061768,3.90108323097229,1.835471272468567,1.637129306793213,1.9662128686904907,1.5478041172027588,1.7996468544006348,3.8771419525146484,3.7994377613067627,2.6043295860290527,2.5507023334503174,2.6415388584136963,8.605629920959473,4.066742420196533,2.4719555377960205,1.5418797731399536,3.7235589027404785,2.3939003944396973,4.595534324645996,14.97185230255127,4.933286666870117,3.1889305114746094,5.049327373504639,5.049075603485107
212,1.3689661026000977,1.2677804231643677,1.175674319267273,1.3284639120101929,3.220914125442505,1.2280360309462413,0.7202968001365662,0.996766984462738,1.0,0.9999973177909851,1.0,0.8833506107330322,0.004986558109521866,1.1332137450636992e-09,1.0808480846447033e-11,0.0003540426550898701,0.8948936462402344,0.2931223213672638,-0.5784403085708618,4.101978778839111,0.0,0.0,3.7734408378601074,5.528677940368652,4.102039192608599,0.36056411266326904,0.9999997019767761,0.0,0.0,0.9999996423721313,0.9999997615814209,0.0,0.0,0.0,0.0,0.6781840920448303,-0.07786501199007034,-0.8284063339233398,2.5508134365081787,3.9152674674987793,1.7561426162719727,1.6403671503067017,2.091125249862671,1.5450705289840698,1.7415415048599243,3.8903586864471436,3.7443647384643555,2.572532892227173,2.5447585582733154,2.6281533241271973,7.820079803466797,4.040299415588379,2.344383716583252,1.5405293703079224,3.459310293197632,2.2552273273468018,4.200480937957764,13.577364921569824,4.7321953773498535,3.085845470428467,4.70557165145874,4.682855606079102
213,1.4113613367080688,1.2677805423736572,1.175674319267273,1.3866403102874756,3.352001428604126,1.2671649216959837,0.6894957423210144,0.9967933893203735,1.0,0.9999973177909851,0.9999998807907104,0.8881672024726868,0.004487902857363224,1.0198921707171849e-09,9.727631894440592e-12,0.00032975320937111974,0.890437126159668,0.26404619216918945,-0.6145225763320923,4.014434337615967,0.0,0.0,3.6840367317199707,5.468610763549805,4.0144324139451655,0.35874807834625244,0.9999999403953552,0.0,0.0,1.0,0.9999997615814209,0.0,0.0,0.0,0.0,0.6806657314300537,-0.07774966955184937,-0.8235248327255249,2.5859458446502686,3.957247495651245,1.918859601020813,1.5897303819656372,2.0101242065429688,1.4648566246032715,1.7928751707077026,3.921910524368286,3.6172566413879395,2.6521668434143066,2.5510973930358887,2.6299264430999756,7.120817184448242,4.0223493576049805,2.2359540462493896,1.539526343345642,3.229916572570801,2.1308090686798096,3.850938081741333,12.333019256591797,4.552013397216797,3.0063083171844482,4.402165412902832,4.362983703613281
214,1.461071252822876,1.2677804231643677,1.175674319267273,1.4530154466629028,3.495877981185913,1.313118991675627,0.6581681370735168,0.9968219995498657,1.0,0.9999973177909851,1.0,0.8934187293052673,0.004039112012833357,9.179029203387756e-10,8.754869225413575e-12,0.000305238674627617,0.8852380514144897,0.2351682484149933,-0.647224485874176,3.804945230484009,0.0,0.0,3.4525859355926514,5.521390914916992,3.8049453616877744,0.3673497140407562,1.0,0.0,0.0,1.0,0.9999998807907104,0.0,0.0,0.0,0.0,0.6859351396560669,-0.07607828080654144,-0.8246604204177856,2.636746644973755,4.021508693695068,1.626437783241272,1.5651943683624268,2.08280348777771,1.697309970855713,1.7358527183532715,3.968796968460083,3.7007853984832764,2.75173282623291,2.578716993331909,2.6569764614105225,6.499776840209961,4.008101940155029,2.1364855766296387,1.5390559434890747,3.031730890274048,2.0297670364379883,3.542527437210083,11.224652290344238,4.40675163269043,2.9413084983825684,4.136015892028809,4.086060047149658
215,1.5167901515960693,1.2677804231643677,1.175674319267273,1.524395227432251,3.6478424072265625,1.3650866651406577,0.6278917193412781,0.996865451335907,1.0,0.9999973177909851,1.0,0.8994572162628174,0.0036352009046822786,8.261126782649342e-10,7.879381175301958e-12,0.00027847252204082906,0.879281222820282,0.20780080556869507,-0.6750375628471375,3.386164426803589,0.0,0.0,3.0304858684539795,5.324195861816406,3.386217484669778,0.3940156400203705,0.9999989867210388,0.0,0.0,1.0,0.9999918341636658,0.0,0.0,0.0,0.0,0.6939351558685303,-0.06913716346025467,-0.8204895257949829,2.681352376937866,4.080777168273926,1.407600998878479,1.5627825260162354,1.9945250749588013,1.498030662536621,1.754160761833191,4.012630939483643,3.6037163734436035,2.758176326751709,2.5353753566741943,2.6135001182556152,5.94973087310791,3.996821880340576,2.0317413806915283,1.5386477708816528,2.8610215187072754,1.9406903982162476,3.271397113800049,10.239575386047363,4.27651834487915,2.887934684753418,3.8994081020355225,3.8440966606140137
216,1.5839802026748657,1.2677804231643677,1.175674319267273,1.6091753244400024,3.811675548553467,1.4277255948738519,0.5970985293388367,0.9969131946563721,1.0,0.9999974966049194,1.0,0.9059776067733765,0.0032716807909309864,7.435014270917861e-10,7.091443317980284e-12,0.00025544787058606744,0.8722374439239502,0.17999878525733948,-0.7003647685050964,3.9610190391540527,0.0,0.0,3.605912685394287,5.62108039855957,3.9610337028820775,0.37091168761253357,0.999997615814209,0.0,0.0,0.9999972581863403,0.9999996423721313,0.0,0.0,0.0,0.0,0.6851031184196472,-0.07758868485689163,-0.8239372968673706,2.642768383026123,4.020617961883545,1.635946273803711,1.6038565635681152,2.0371382236480713,1.6643043756484985,1.7908169031143188,3.976011276245117,3.857032299041748,2.750176191329956,2.5978667736053467,2.6865196228027344,5.464186191558838,3.987963914871216,1.9627454280853271,1.539354681968689,2.7153759002685547,1.8686174154281616,3.034281015396118,9.36637020111084,4.184113025665283,2.8443679809570312,3.696737766265869,3.6407532691955566
217,1.660884141921997,1.2677804231643677,1.175674319267273,1.7031387090682983,3.978186845779419,1.499739170105655,0.5672361254692078,0.9969699382781982,1.0,0.9999973177909851,1.0,0.9131476879119873,0.002944512292742729,6.691512899337226e-10,6.382298769341821e-12,0.00023312182747758925,0.8640798330307007,0.15307319164276123,-0.7214288711547852,3.964076280593872,0.0,0.0,3.6125853061676025,5.5296950340271,3.964075785415955,0.3609563708305359,0.9999999403953552,0.0,0.0,0.9999999403953552,1.0,0.0,0.0,0.0,0.0,0.6800009608268738,-0.0776766687631607,-0.8189195990562439,2.6143908500671387,3.976922035217285,1.7745423316955566,1.6450456380844116,2.0936481952667236,1.5394564867019653,1.7928065061569214,3.9508635997772217,3.7656641006469727,2.7117815017700195,2.5865120887756348,2.666321039199829,5.037130832672119,3.980980157852173,1.9126226902008057,1.540316104888916,2.591825485229492,1.8086225986480713,2.8280506134033203,8.594651222229004,4.10551643371582,2.808958053588867,3.520867109298706,3.467810869216919
218,1.7420560121536255,1.2677805423736572,1.1756744384765625,1.7964351177215576,4.141048908233643,1.5768113231753464,0.5400393605232239,0.9970462918281555,1.0,0.9999973177909851,1.0,0.9206146597862244,0.0026500611566007137,6.022360943269689e-10,5.744068415358683e-12,0.0002121579454978928,0.8554279804229736,0.12834785878658295,-0.737513542175293,3.222843647003174,0.0,0.0,2.86350417137146,5.2635650634765625,3.222843436363466,0.3821435868740082,1.0,0.0,0.0,1.0000001192092896,1.0,0.0,0.0,0.0,0.0,0.7006247043609619,-0.06817946583032608,-0.8087814450263977,2.763061761856079,4.180861949920654,1.6502037048339844,1.504078984260559,2.1835262775421143,1.4888179302215576,1.754251480102539,4.089796543121338,3.485455274581909,2.796273708343506,2.589632749557495,2.6477487087249756,4.663158893585205,3.9756357669830322,1.8648877143859863,1.5355406999588013,2.4875059127807617,1.753438949584961,2.648843765258789,7.914980411529541,4.014679908752441,2.7802772521972656,3.3638951778411865,3.315636396408081
219,1.826375961303711,1.2677805423736572,1.1756744384765625,1.8866183757781982,4.298110008239746,1.6583460220396586,0.5162193179130554,0.9971471428871155,0.9999999403953552,0.9999973773956299,1.0000001192092896,0.9281775951385498,0.002385054947808385,5.420124904453871e-10,5.169661140141946e-12,0.0001929695572471246,0.8465314507484436,0.10621557384729385,-0.751089334487915,2.723475456237793,0.0,0.0,2.3907625675201416,5.00097131729126,2.723474876195012,0.4080761969089508,1.0,0.0,0.0,0.9999999403953552,0.9999995827674866,0.0,0.0,0.0,0.0,0.7340434193611145,-0.04571373388171196,-0.8081979155540466,2.913135528564453,4.380611896514893,1.5479530096054077,1.4864774942398071,2.233893394470215,1.3878718614578247,1.71475350856781,4.232326030731201,3.486539602279663,3.0630016326904297,2.6446564197540283,2.681347370147705,4.336942672729492,3.971445322036743,1.814318060874939,1.5257538557052612,2.399507761001587,1.6948206424713135,2.4925696849823,7.318474292755127,3.9375529289245605,2.757237195968628,3.2248623371124268,3.1832728385925293
220,1.906510591506958,1.2677805423736572,1.175674319267273,1.9621509313583374,4.437038421630859,1.738348943166367,0.495900958776474,0.9972807168960571,1.0,0.9999973177909851,1.0,0.9358228445053101,0.002146549290046096,4.878112358497333e-10,4.652695763385228e-12,0.0001737538113957271,0.8378829956054688,0.0869472324848175,-0.7608116269111633,2.2416915893554688,0.0,0.0,1.945740818977356,4.5449604988098145,2.241718298824517,0.42084941267967224,0.9999983310699463,0.0,0.0,0.9999982118606567,0.9999997019767761,0.0,0.0,0.0,0.0,0.7605443000793457,-0.015790073201060295,-0.7931429743766785,3.0822062492370605,4.592319965362549,1.5202586650848389,1.4308605194091797,2.5085227489471436,1.358239769935608,1.7113165855407715,4.3899664878845215,3.154325246810913,3.2559762001037598,2.700399160385132,2.675642490386963,4.053260326385498,3.9682838916778564,1.7668170928955078,1.507222294807434,2.325612783432007,1.6368577480316162,2.3560400009155273,6.796969890594482,3.839829683303833,2.7384798526763916,3.098937511444092,3.0632472038269043
221,1.9821194410324097,1.2677804231643677,1.1756744384765625,2.0233395099639893,4.556241035461426,1.8167320288756756,0.47923925518989563,0.9974468350410461,1.0,0.9999973773956299,1.0000001192092896,0.943453311920166,0.0019318944541737437,4.3903006230472386e-10,4.187426013574358e-12,0.00015333980263676494,0.8293178677558899,0.07063011080026627,-0.7691611647605896,2.0384531021118164,0.0,0.0,1.7645683288574219,4.270695209503174,2.0384726137203506,0.43515539169311523,0.9999992847442627,0.0,0.0,0.9999991059303284,0.9999998807907104,0.0,0.0,0.0,0.0,0.7731030583381653,0.0171783696860075,-0.794901967048645,3.1771206855773926,4.70847225189209,1.3501558303833008,1.4405670166015625,2.5849595069885254,1.3840177059173584,1.71736478805542,4.479373931884766,3.1856863498687744,3.3627126216888428,2.7390432357788086,2.6818203926086426,3.8080310821533203,3.9660515785217285,1.7018870115280151,1.4886798858642578,2.2638206481933594,1.5878766775131226,2.235793113708496,6.343254089355469,3.7576873302459717,2.7241246700286865,2.987720489501953,2.9579691886901855
222,2.052558422088623,1.2677805423736572,1.175674319267273,2.0709903240203857,4.658965110778809,1.8927166428519846,0.46435996890068054,0.9976379871368408,1.0,0.9999973773956299,0.9999998807907104,0.9507957696914673,0.0017387049738317728,3.951270977076149e-10,3.7686828484317925e-12,0.00013123238750267774,0.8210555911064148,0.056285541504621506,-0.7751650810241699,1.95352303981781,0.0,0.0,1.6861258745193481,4.167803764343262,1.9535322568452846,0.434947669506073,0.9999973773956299,0.0,0.0,0.9999972581863403,0.9999998807907104,0.0,0.0,0.0,0.0,0.7818790674209595,0.021395890042185783,-0.7843000292778015,3.2525835037231445,4.7975029945373535,1.3962522745132446,1.406265139579773,2.6642820835113525,1.4556547403335571,1.75038743019104,4.549036502838135,3.0157103538513184,3.445185661315918,2.7732861042022705,2.692044973373413,3.5972626209259033,3.964510440826416,1.651776909828186,1.4684423208236694,2.212724208831787,1.554009199142456,2.134293556213379,5.950794696807861,3.6694893836975098,2.713548183441162,2.8916852474212646,2.866180896759033
223,2.1116507053375244,1.2677804231643677,1.1756744384765625,2.098733901977539,4.733604907989502,1.9608257820807682,0.45210352540016174,0.9978557229042053,1.0,0.9999973773956299,1.0000001192092896,0.9578786492347717,0.0015648342669010162,3.5561437128350804e-10,3.3918146069567e-12,0.00011343166988808662,0.8130271434783936,0.04495847970247269,-0.779641330242157,1.8443434238433838,0.0,0.0,1.5861852169036865,3.997446060180664,1.8443432947076577,0.4392126798629761,1.0,0.0,0.0,1.0000001192092896,1.0,0.0,0.0,0.0,0.0,0.7867667078971863,0.04456331580877304,-0.7792162895202637,3.3054614067077637,4.8670334815979,1.372267484664917,1.4691123962402344,2.749591112136841,1.4212658405303955,1.7452278137207031,4.604518413543701,2.95603346824646,3.4630379676818848,2.7953548431396484,2.683964490890503,3.417628288269043,3.9635915756225586,1.6036455631256104,1.454390525817871,2.170966863632202,1.5195906162261963,2.0474488735198975,5.613091468811035,3.5861799716949463,2.705364465713501,2.808189868927002,2.7853140830993652
224,2.158235549926758,1.2677805423736572,1.175674319267273,2.109271764755249,4.781698226928711,2.019350703347029,0.44215458631515503,0.9980896711349487,0.9999999403953552,0.9999972581863403,1.0,0.9644151926040649,0.0014083508867770433,3.200529008484665e-10,3.052633232997204e-12,0.00010590945748845115,0.805722177028656,0.03621552512049675,-0.7828134894371033,1.7729119062423706,0.0,0.0,1.5253899097442627,3.8697738647460938,1.7729355244581757,0.44452300667762756,0.9999825954437256,0.0,0.0,0.9999814033508301,1.0,0.0,0.0,0.0,0.0,0.7928970456123352,0.05760504677891731,-0.7744134664535522,3.3602912425994873,4.92589807510376,1.3869127035140991,1.4105666875839233,2.825655937194824,1.4197744131088257,1.7730183601379395,4.652194499969482,2.906703472137451,3.5644474029541016,2.8225462436676025,2.6903913021087646,3.265256643295288,3.963324546813965,1.56404447555542,1.4379143714904785,2.1371912956237793,1.4890879392623901,1.9736515283584595,5.324385643005371,3.5079686641693115,2.698991298675537,2.7361817359924316,2.7144880294799805
225,2.1936471462249756,1.2677806615829468,1.1756744384765625,2.106431722640991,4.813382625579834,2.0686497686799457,0.433273583650589,0.9983281493186951,0.9999998807907104,0.9999973177909851,1.0,0.9703066945075989,0.0012675159377977252,2.880476135391774e-10,2.7473698229613097e-12,9.237820631824434e-05,0.7988446950912476,0.029868749901652336,-0.7851075530052185,1.749127984046936,0.0,0.0,1.4999985694885254,3.840670585632324,1.749127650691102,0.4399566650390625,1.0,0.0,0.0,1.0000001192092896,0.9999996423721313,0.0,0.0,0.0,0.0,0.7965928316116333,0.0661262571811676,-0.7733899354934692,3.393724203109741,4.975362777709961,1.3733813762664795,1.521784782409668,2.8240644931793213,1.4746140241622925,1.7759976387023926,4.692840576171875,2.911130428314209,3.610409736633301,2.8553311824798584,2.7081143856048584,3.1373181343078613,3.963479995727539,1.5267492532730103,1.4321062564849854,2.110011339187622,1.4713472127914429,1.9128618240356445,5.078877925872803,3.439516305923462,2.6941683292388916,2.6766438484191895,2.654296398162842
226,2.223881721496582,1.2677805423736572,1.175674319267273,2.1012766361236572,4.837904930114746,2.113126053391443,0.4253506064414978,0.9985551834106445,0.9999999403953552,0.9999973177909851,1.0000001192092896,0.975357174873352,0.0011407642159610987,2.592428494097021e-10,2.4726327756130484e-12,8.681124745635316e-05,0.7929704785346985,0.024939605966210365,-0.7869427800178528,1.778660535812378,0.0,0.0,1.532214879989624,3.8701579570770264,1.7786599766917919,0.4374684691429138,1.0,0.0,0.0,1.000000238418579,0.9999996423721313,0.0,0.0,0.0,0.0,0.7997050285339355,0.05780881270766258,-0.7761937379837036,3.4358201026916504,5.018155574798584,1.5359350442886353,1.445479393005371,2.8626067638397217,1.4422298669815063,1.8081481456756592,4.728043079376221,2.96641206741333,3.6501946449279785,2.8893024921417236,2.749000072479248,3.0302047729492188,3.9637715816497803,1.5192445516586304,1.422196865081787,2.088693857192993,1.4509961605072021,1.8632712364196777,4.87149715423584,3.384739637374878,2.6905956268310547,2.628521203994751,2.605159282684326
227,2.2397780418395996,1.2677803039550781,1.175674319267273,2.0834617614746094,4.834838390350342,2.143944459540444,0.4203179180622101,0.998772382736206,1.0,0.9999973773956299,1.0000001192092896,0.9798328876495361,0.001026687677949667,2.3331855891761677e-10,2.2253696281560043e-12,7.9199620813597e-05,0.7870998978614807,0.022003045305609703,-0.7875247001647949,1.7738345861434937,0.0,0.0,1.522725224494934,3.854288101196289,1.7738342121045683,0.44805940985679626,1.0,0.0,0.0,0.9999998807907104,0.9999998211860657,0.0,0.0,0.0,0.0,0.7875639796257019,0.06961255520582199,-0.7691336274147034,3.3422179222106934,4.913552761077881,1.3095638751983643,1.4906781911849976,2.7142133712768555,1.3802896738052368,1.7402970790863037,4.6463518142700195,2.985982656478882,3.452301263809204,2.7975449562072754,2.670407295227051,2.9417150020599365,3.9643309116363525,1.4796258211135864,1.4220807552337646,2.073279857635498,1.4306285381317139,1.8262441158294678,4.697872161865234,3.338620901107788,2.688448429107666,2.586284637451172,2.5617239475250244
228,2.262296438217163,1.2677805423736572,1.175674319267273,2.0776820182800293,4.8399763107299805,2.1794398688643604,0.41513770818710327,0.9989591836929321,1.0,0.9999973177909851,1.0,0.9835259318351746,0.0009240189683623612,2.0998672245475802e-10,2.00283257860423e-12,7.252108480315655e-05,0.7811388969421387,0.01784737966954708,-0.787071704864502,1.9152861833572388,0.0,0.0,1.6449556350708008,4.082157135009766,1.91528596873331,0.439732164144516,1.0,0.0,0.0,1.0,0.9999998807907104,0.0,0.0,0.0,0.0,0.7790523171424866,0.02836204506456852,-0.7625393271446228,3.2451584339141846,4.80314826965332,1.323469638824463,1.458772897720337,2.6763694286346436,1.4222875833511353,1.725726842880249,4.561424255371094,3.011035442352295,3.4356675148010254,2.766306161880493,2.6787986755371094,2.869377851486206,3.965022087097168,1.4550375938415527,1.422882318496704,2.062204599380493,1.4238886833190918,1.7987099885940552,4.553478240966797,3.3005917072296143,2.687180995941162,2.553837537765503,2.529095411300659
229,2.3058698177337646,1.2677806615829468,1.175674319267273,2.0981898307800293,4.8752031326293945,2.2331505633853506,0.4092763066291809,0.9991106986999512,1.0,0.9999973773956299,1.0,0.9864619374275208,0.0008316170424222946,1.8898800580036124e-10,1.8025491039033725e-12,6.728432344971225e-05,0.7747555375099182,0.011193289421498775,-0.7865426540374756,2.1975929737091064,0.0,0.0,1.8965563774108887,4.467737674713135,2.1975828640491604,0.4165681302547455,0.9999931454658508,0.0,0.0,0.9999925494194031,1.0,0.0,0.0,0.0,0.0,0.7649718523025513,-0.016768312081694603,-0.7662973403930664,3.143913745880127,4.689891815185547,1.5162731409072876,1.4403023719787598,2.685037136077881,1.5068719387054443,1.7049919366836548,4.4757585525512695,3.1715071201324463,3.2776198387145996,2.761216878890991,2.7225897312164307,2.810227155685425,3.965740442276001,1.457806944847107,1.4238001108169556,2.0538129806518555,1.428408145904541,1.7759782075881958,4.433794021606445,3.2834584712982178,2.686558246612549,2.53195858001709,2.509946584701538
230,2.3632285594940186,1.2677805423736572,1.1756744384765625,2.136321783065796,4.925493240356445,2.298907249290084,0.404546320438385,0.9992375373840332,1.0,0.9999974370002747,1.0,0.9888284802436829,0.0007484552334062755,1.700892343636795e-10,1.622294204355057e-12,6.118346937000751e-05,0.76862633228302,0.0036932681687176228,-0.7863213419914246,2.460197925567627,0.0,0.0,2.145125389099121,4.715163230895996,2.4601977047998167,0.4121015667915344,1.0,0.0,0.0,1.0,1.0,0.0,0.0,0.0,0.0,0.7528316378593445,-0.03520510718226433,-0.7721742987632751,3.052658796310425,4.574726104736328,1.7187409400939941,1.4236172437667847,2.4119789600372314,1.3901921510696411,1.6960397958755493,4.389754772186279,3.378767490386963,3.210205078125,2.724668264389038,2.730051279067993,2.762113332748413,3.966409206390381,1.4777708053588867,1.4233171939849854,2.0477664470672607,1.4217159748077393,1.7568869590759277,4.3351216316223145,3.289558172225952,2.6862897872924805,2.516695022583008,2.5002071857452393
231,2.406825065612793,1.2677805423736572,1.175674319267273,2.1626179218292236,4.944563388824463,2.3510233824822864,0.4040625989437103,0.9993544220924377,1.0,0.9999974370002747,1.0,0.9908812046051025,0.0006736097275279462,1.5308028455951472e-10,1.4600647080253992e-12,5.333077933755703e-05,0.7621698975563049,-0.001659218454733491,-0.7861552834510803,2.414571762084961,0.0,0.0,2.10740065574646,4.509328365325928,2.414571791331235,0.43810099363327026,1.0,0.0,0.0,1.0000001192092896,1.0000001192092896,0.0,0.0,0.0,0.0,0.740169107913971,-0.026684150099754333,-0.7743520140647888,2.979950428009033,4.492769718170166,1.311138391494751,1.4158865213394165,2.4045116901397705,1.2562180757522583,1.7034746408462524,4.329326152801514,3.507755756378174,3.0842320919036865,2.648526430130005,2.6714982986450195,2.723355531692505,3.967120409011841,1.457160234451294,1.4214900732040405,2.043699264526367,1.4013925790786743,1.7418450117111206,4.254237174987793,3.308528184890747,2.6871986389160156,2.5006027221679688,2.4906015396118164
232,2.4825046062469482,1.2677804231643677,1.175674319267273,2.222367525100708,5.008152961730957,2.4327685556846625,0.4001747667789459,0.9994446039199829,1.0,0.9999973773956299,1.0,0.9924836754798889,0.0006062487955205142,1.3777226581801472e-10,1.314058128802642e-12,4.6694298362126574e-05,0.755465567111969,-0.010160285048186779,-0.7858445048332214,2.875124454498291,0.0,0.0,2.528404474258423,5.000274181365967,2.8751245747705054,0.39514368772506714,1.0,0.0,0.0,1.0,0.9999999403953552,0.0,0.0,0.0,0.0,0.7308376431465149,-0.05963506922125816,-0.7741073966026306,2.911294460296631,4.411097526550293,1.6769368648529053,1.4808969497680664,2.3287224769592285,1.540682077407837,1.7064995765686035,4.269951820373535,3.5904178619384766,3.0499072074890137,2.696640729904175,2.738612413406372,2.692136764526367,3.9679582118988037,1.4737950563430786,1.42594313621521,2.041409492492676,1.4104417562484741,1.729506492614746,4.187997817993164,3.3343517780303955,2.6885488033294678,2.495208978652954,2.4929287433624268
233,2.5578341484069824,1.2677805423736572,1.1756744384765625,2.283174753189087,5.057944297790527,2.513726803907788,0.39677485823631287,0.9995239973068237,1.0,0.9999973773956299,1.0,0.9938401579856873,0.0005456238868646324,1.2399503646065568e-10,1.18265239181653e-12,4.2089919588761404e-05,0.7484444379806519,-0.018108675256371498,-0.7849634289741516,3.0342400074005127,0.0,0.0,2.6812002658843994,5.030548095703125,3.0342292911395554,0.38532498478889465,0.9999611377716064,0.0,0.0,0.9999563694000244,1.0,0.0,0.0,0.0,0.0,0.7189190983772278,-0.06294648349285126,-0.7694180607795715,2.846552848815918,4.3317952156066895,1.830426812171936,1.5492454767227173,2.2328174114227295,1.5308234691619873,1.6390279531478882,4.213220119476318,3.57914137840271,2.972728729248047,2.6725780963897705,2.7201969623565674,2.6676836013793945,3.9687461853027344,1.49128258228302,1.436289668083191,2.0422911643981934,1.4178844690322876,1.7134538888931274,4.134884357452393,3.356886148452759,2.6898691654205322,2.491926908493042,2.4968762397766113
234,2.6395986080169678,1.2677805423736572,1.175674319267273,2.35158371925354,5.103368282318115,2.600411618736886,0.39503979682922363,0.9995915293693542,0.9999998807907104,0.9999973177909851,0.9999999403953552,0.9949687719345093,0.0004910614807158709,1.1159552448791743e-10,1.0643870767407249e-12,4.1823364881565794e-05,0.7412441968917847,-0.025999821722507477,-0.7841485142707825,3.294613838195801,0.0,0.0,2.9387810230255127,5.058305740356445,3.294612236050573,0.38941505551338196,0.9999998807907104,0.0,0.0,1.0,0.9999994039535522,0.0,0.0,0.0,0.0,0.6994941830635071,-0.07214313000440598,-0.7696032524108887,2.765312910079956,4.229923248291016,1.5562978982925415,1.5964329242706299,2.0275707244873047,1.641494870185852,1.7178703546524048,4.14167594909668,3.6809632778167725,2.8301875591278076,2.6187732219696045,2.6891822814941406,2.650562047958374,3.970369338989258,1.4948424100875854,1.445322871208191,2.0375380516052246,1.4233543872833252,1.705346941947937,4.093959808349609,3.3875951766967773,2.691777229309082,2.4900670051574707,2.5036747455596924
235,2.7318780422210693,1.2677803039550781,1.1756744384765625,2.4321680068969727,5.143986701965332,2.696879761949268,0.3937745988368988,0.9996486306190491,0.9999998807907104,0.9999973773956299,1.0,0.9959031939506531,0.0004419553151819855,1.0043597203912569e-10,9.57948347382609e-13,3.813371222349815e-05,0.7351974844932556,-0.03402079641819,-0.7833909392356873,3.562915086746216,0.0,0.0,3.218564510345459,5.07670783996582,3.562913966790211,0.3811909556388855,1.0,0.0,0.0,0.9999999403953552,0.9999995827674866,0.0,0.0,0.0,0.0,0.6784055233001709,-0.07872471213340759,-0.7695692777633667,2.690272092819214,4.1328535079956055,1.616662621498108,1.5920575857162476,2.1725363731384277,1.604255199432373,1.7125961780548096,4.075012683868408,3.7780885696411133,2.6938467025756836,2.6068179607391357,2.6860008239746094,2.6384122371673584,3.9746809005737305,1.5033010244369507,1.4513431787490845,2.0395030975341797,1.4288758039474487,1.6973134279251099,4.0622148513793945,3.425114154815674,2.6904499530792236,2.4911210536956787,2.5141539573669434
236,2.8410136699676514,1.2677805423736572,1.175674319267273,2.5314533710479736,5.188758850097656,2.809336835767191,0.39328065514564514,0.9996949434280396,1.0,0.9999973177909851,0.9999999403953552,0.9966529011726379,0.0003977597807534039,9.039237414132373e-11,8.621536102225436e-13,3.4486769436625764e-05,0.7287800908088684,-0.0422067828476429,-0.7828450798988342,4.119770050048828,0.0,0.0,3.816434383392334,5.224880218505859,4.1197671329147765,0.37391552329063416,0.9999999403953552,0.0,0.0,1.0000001192092896,0.9999998211860657,0.0,0.0,0.0,0.0,0.6669379472732544,-0.08548655360937119,-0.7710732817649841,2.6197102069854736,4.041671276092529,1.7485369443893433,1.6417980194091797,1.8880587816238403,1.6795530319213867,1.787673830986023,4.013805866241455,3.9156312942504883,2.695629358291626,2.6032068729400635,2.700810670852661,2.6271162033081055,3.97892427444458,1.5201172828674316,1.4560741186141968,2.0210354328155518,1.4329231977462769,1.6899405717849731,4.037819862365723,3.4607059955596924,2.68955397605896,2.4914212226867676,2.525301218032837
237,2.951615333557129,1.2677805423736572,1.175674319267273,2.634181261062622,5.215554237365723,2.922929868307044,0.3941499888896942,0.9997346997261047,1.0,0.9999971985816956,0.9999998807907104,0.9972736835479736,0.00035798377939499915,8.135313950274892e-11,7.759380703069307e-13,3.0871477065375075e-05,0.7214590907096863,-0.04951655864715576,-0.7822992205619812,4.300493240356445,0.0,0.0,4.0594611167907715,5.0720672607421875,4.300474444965978,0.3862149715423584,0.9999866485595703,0.0,0.0,0.9999833106994629,0.9999986886978149,0.0,0.0,0.0,0.0,0.6489733457565308,-0.08710258454084396,-0.7703303694725037,2.5593409538269043,3.958301544189453,1.5364395380020142,1.6525239944458008,1.796930193901062,1.7095435857772827,1.789888858795166,3.9592182636260986,3.999969720840454,2.6170313358306885,2.5579187870025635,2.670806646347046,2.6117303371429443,3.975930690765381,1.5188978910446167,1.4573626518249512,1.9950209856033325,1.4367228746414185,1.683344841003418,4.015909671783447,3.4929275512695312,2.680730104446411,2.4868578910827637,2.531705617904663
238,3.061528444290161,1.2677804231643677,1.175674319267273,2.7156827449798584,5.270837306976318,3.034647043569643,0.3844924569129944,0.9997604489326477,0.9999998807907104,0.9999972581863403,0.9999998807907104,0.9977709650993347,0.00032218542764894664,7.321782069524829e-11,6.983442686972485e-13,2.778433008643333e-05,0.700109601020813,-0.05454516038298607,-0.7662258148193359,4.464137077331543,0.0,0.0,4.098644256591797,5.282497406005859,4.464135412296928,0.3198104500770569,0.9999998807907104,0.0,0.0,1.0000001192092896,1.0000001192092896,0.0,0.0,0.0,0.0,0.5821225047111511,-0.08584803342819214,-0.6596605181694031,2.3875792026519775,3.198439836502075,1.829403281211853,1.626825213432312,1.810109257698059,1.597638487815857,1.7350988388061523,3.651165723800659,3.394761562347412,2.1302177906036377,2.3361239433288574,2.3933701515197754,2.5645928382873535,3.840803861618042,1.529675841331482,1.4602736234664917,1.9584017992019653,1.440712571144104,1.6786450147628784,3.939218044281006,3.4283883571624756,2.5896079540252686,2.4430320262908936,2.4880311489105225
239,3.168236017227173,1.2677806615829468,1.1756744384765625,2.797478675842285,5.303184986114502,3.1433172440334594,0.37645307183265686,0.9997857809066772,1.0,0.9999974370002747,1.0000001192092896,0.9981873631477356,0.0002899668470490724,6.589603168682956e-11,6.285098309855019e-13,2.500589471310377e-05,0.6851075887680054,-0.058865632861852646,-0.7510091662406921,4.3259077072143555,0.0,0.0,3.9697530269622803,5.114367961883545,4.32606508632112,0.3294757604598999,0.9999986886978149,0.0,0.0,0.9999982118606567,0.9999999403953552,0.0,0.0,0.0,0.0,0.5781574249267578,-0.08521508425474167,-0.6487135887145996,2.3513357639312744,3.1688437461853027,1.7354451417922974,1.6361867189407349,1.644903302192688,1.5180799961090088,1.7307560443878174,3.635314464569092,3.2871837615966797,2.134276866912842,2.2842328548431396,2.3432273864746094,2.522958517074585,3.724994659423828,1.5421130657196045,1.463625192642212,1.9125455617904663,1.4427971839904785,1.6757326126098633,3.8752362728118896,3.370421886444092,2.5131521224975586,2.404357671737671,2.449944019317627
240,3.2781729698181152,1.2677805423736572,1.175674319267273,2.8864846229553223,5.317526340484619,3.2552053933536995,0.36969050765037537,0.9998095035552979,1.0,0.9999972581863403,1.0000001192092896,0.9985346794128418,0.0002609701768960804,5.930643476315112e-11,5.656589020970604e-13,2.2505304514197633e-05,0.6707740426063538,-0.06289171427488327,-0.7372066974639893,4.42147970199585,0.0,0.0,4.109555244445801,5.053184509277344,4.4215076305504315,0.3206399083137512,0.9999993443489075,0.0,0.0,0.9999991059303284,0.9999997615814209,0.0,0.0,0.0,0.0,0.5674403309822083,-0.0854828730225563,-0.6469008922576904,2.342249631881714,3.140540361404419,1.6679235696792603,1.6516749858856201,1.6800751686096191,1.6988917589187622,1.7501912117004395,3.6204357147216797,3.3163318634033203,2.0651869773864746,2.2933502197265625,2.3490264415740967,2.487180709838867,3.625352621078491,1.548524260520935,1.4674627780914307,1.8766498565673828,1.447603702545166,1.6739307641983032,3.821589469909668,3.328441619873047,2.4416286945343018,2.3718364238739014,2.4186959266662598
241,3.394113063812256,1.2677804231643677,1.1756744384765625,2.985502004623413,5.331463813781738,3.3730303375578417,0.36334070563316345,0.9998311400413513,1.0,0.9999973773956299,1.0,0.9988150000572205,0.00023487313592340797,5.337578642961027e-11,5.090929305721914e-13,1.9888388123945333e-05,0.6579944491386414,-0.06668554991483688,-0.7247183322906494,4.562259674072266,0.0,0.0,4.282147407531738,5.111696243286133,4.562051135961442,0.3120110034942627,0.9999520182609558,0.0,0.0,0.9999294281005859,1.0000001192092896,0.0,0.0,0.0,0.0,0.5662794709205627,-0.08638136088848114,-0.6441105008125305,2.306143283843994,3.1204123497009277,1.8369182348251343,1.6421223878860474,1.7411227226257324,1.6327682733535767,1.7886087894439697,3.6113781929016113,3.342510461807251,2.0774712562561035,2.309945821762085,2.3636584281921387,2.4548091888427734,3.540199041366577,1.5615119934082031,1.4713797569274902,1.852034330368042,1.4538805484771729,1.6732184886932373,3.7771356105804443,3.299579620361328,2.3824198246002197,2.3466169834136963,2.3949289321899414
242,3.520686149597168,1.2677805423736572,1.1756744384765625,3.100800037384033,5.337070941925049,3.50133133523114,0.3586955666542053,0.9998507499694824,1.0,0.9999973773956299,0.9999999403953552,0.9990445375442505,0.00021138582087587565,4.803820882748333e-11,4.581836754620483e-13,1.8059183275909163e-05,0.6458765268325806,-0.07007143646478653,-0.7141621112823486,4.68532657623291,0.0,0.0,4.496249675750732,5.027883052825928,4.685326251512492,0.32419949769973755,1.0,0.0,0.0,1.0,1.0000001192092896,0.0,0.0,0.0,0.0,0.5572928190231323,-0.08650154620409012,-0.6498702764511108,2.3046579360961914,3.1040868759155273,1.8547658920288086,1.632887601852417,1.678219199180603,1.6463216543197632,1.7639846801757812,3.604942560195923,3.506031036376953,2.0287296772003174,2.312462568283081,2.377406597137451,2.4273250102996826,3.4674875736236572,1.5746376514434814,1.4751168489456177,1.824926495552063,1.4607187509536743,1.673948049545288,3.7404589653015137,3.294292688369751,2.3278589248657227,2.326677083969116,2.377772808074951
243,3.635627031326294,1.2677805423736572,1.175674319267273,3.2093472480773926,5.324875354766846,3.6181202923108065,0.3555442988872528,0.9998694062232971,1.0,0.9999974370002747,1.0000001192092896,0.9992335438728333,0.00019024722860194743,4.323438482223274e-11,4.123652916528109e-13,1.624189280846622e-05,0.6346268653869629,-0.0729406550526619,-0.7046323418617249,4.5555548667907715,0.0,0.0,4.365283489227295,4.89556360244751,4.555584143538486,0.3364022970199585,0.9999992251396179,0.0,0.0,0.9999988079071045,1.0000001192092896,0.0,0.0,0.0,0.0,0.5508224368095398,-0.08642521500587463,-0.6444535851478577,2.2780263423919678,3.0784804821014404,1.5879299640655518,1.6553452014923096,1.695796012878418,1.5866870880126953,1.811238169670105,3.5936639308929443,3.5033371448516846,1.9737099409103394,2.276421308517456,2.3459224700927734,2.4019734859466553,3.4042727947235107,1.5726728439331055,1.4793732166290283,1.803553581237793,1.4682178497314453,1.6748266220092773,3.709550619125366,3.2942585945129395,2.276200532913208,2.308490037918091,2.3623266220092773
244,3.7523248195648193,1.2677806615829468,1.175674319267273,3.3260326385498047,5.301673412322998,3.7365673698394613,0.3523455560207367,0.9998862743377686,1.0,0.9999974370002747,1.0000001192092896,0.9993875622749329,0.0001712225202936679,3.89109439113966e-11,3.711287462244972e-13,1.4627937162003946e-05,0.623818576335907,-0.07546642422676086,-0.6959744691848755,4.658149242401123,0.0,0.0,4.531147003173828,4.868279933929443,4.658149434509271,0.3169896900653839,1.0,0.0,0.0,1.0,1.0,0.0,0.0,0.0,0.0,0.5412729382514954,-0.08522999286651611,-0.6388841867446899,2.2679977416992188,3.056999683380127,1.7242238521575928,1.6978398561477661,1.6572036743164062,1.8197575807571411,1.7916911840438843,3.5848987102508545,3.4972076416015625,1.9843906164169312,2.3082211017608643,2.367473840713501,2.3794784545898438,3.3492445945739746,1.5843870639801025,1.4851232767105103,1.781692624092102,1.474128007888794,1.6767550706863403,3.683541774749756,3.2976551055908203,2.233229875564575,2.2945237159729004,2.350740909576416
245,3.864821672439575,1.2677805423736572,1.175674319267273,3.4435431957244873,5.274848461151123,3.8507460216207625,0.35003888607025146,0.9999014735221863,1.0,0.9999973773956299,1.0000001192092896,0.9995110034942627,0.0001541002420708537,3.501985160192511e-11,3.340158553390149e-13,1.3165144082449842e-05,0.6136134266853333,-0.07765063643455505,-0.6880197525024414,4.6569504737854,0.0,0.0,4.552894592285156,4.8243727684021,4.656950470569778,0.3237164318561554,1.0,0.0,0.0,1.0000001192092896,0.9999999403953552,0.0,0.0,0.0,0.0,0.5341684818267822,-0.0857749879360199,-0.6330285668373108,2.2543461322784424,3.039992332458496,1.7153116464614868,1.7234214544296265,1.545558214187622,1.7093851566314697,1.8381036520004272,3.5788474082946777,3.487704038619995,1.9984668493270874,2.289113759994507,2.3524422645568848,2.359170436859131,3.30137300491333,1.5945849418640137,1.4917832612991333,1.7517340183258057,1.4814848899841309,1.6785286664962769,3.6617648601531982,3.303011417388916,2.1981053352355957,2.282154083251953,2.3408398628234863
246,3.960853099822998,1.2677804231643677,1.175674319267273,3.549288511276245,5.237036228179932,3.948474570109793,0.34724661707878113,0.9999154806137085,0.9999999403953552,0.9999973773956299,1.0,0.9996105432510376,0.00013869022950530052,3.1517868176456076e-11,3.006142969101677e-13,1.1960239135078155e-05,0.6041722893714905,-0.07945708185434341,-0.6800554394721985,4.674819469451904,0.0,0.0,4.569236755371094,4.841732501983643,4.674820053118858,0.2964397370815277,1.0,0.0,0.0,1.0,1.0000001192092896,0.0,0.0,0.0,0.0,0.5295387506484985,-0.08401130139827728,-0.6199079751968384,2.2360990047454834,3.027148485183716,2.0403287410736084,1.7626466751098633,1.610756754875183,1.7689610719680786,1.8321101665496826,3.575223207473755,3.3712894916534424,1.984915018081665,2.3209478855133057,2.367224931716919,2.3403615951538086,3.2598071098327637,1.6060236692428589,1.4987703561782837,1.7322062253952026,1.4888560771942139,1.681229829788208,3.6436712741851807,3.2988901138305664,2.1669585704803467,2.2716774940490723,2.331578493118286
247,4.056632995605469,1.2677805423736572,1.1756744384765625,3.6615989208221436,5.194039344787598,4.045786610761196,0.34538066387176514,0.9999277591705322,0.9999999403953552,0.9999973773956299,1.0,0.9996902942657471,0.00012482119200285524,2.836607684852943e-11,2.7055284011409664e-13,1.0764214493974578e-05,0.5954582691192627,-0.08106231689453125,-0.6729094982147217,4.683985710144043,0.0,0.0,4.643558502197266,4.745084285736084,4.683985530696838,0.30039772391319275,1.0,0.0,0.0,1.0,1.0000001192092896,0.0,0.0,0.0,0.0,0.525536060333252,-0.08398004621267319,-0.618301510810852,2.2204535007476807,3.018402338027954,2.0558977127075195,1.737485408782959,1.5826231241226196,1.8269078731536865,1.8593558073043823,3.57393217086792,3.424208641052246,1.9137389659881592,2.321300506591797,2.370356559753418,2.322953939437866,3.223863363265991,1.6173701286315918,1.504783034324646,1.712529182434082,1.4963269233703613,1.6842873096466064,3.628822088241577,3.3024380207061768,2.133155584335327,2.262653112411499,2.324228286743164
248,4.145777702331543,1.2677806615829468,1.175674319267273,3.7715017795562744,5.1501569747924805,4.13636518223307,0.3442910611629486,0.9999386668205261,1.0,0.9999973773956299,1.0,0.9997541308403015,0.00011233907571295276,2.5529470898399964e-11,2.434975506816761e-13,9.687793863122351e-06,0.5870993137359619,-0.08230440318584442,-0.6668779253959656,4.694146156311035,0.0,0.0,4.684709072113037,4.7079362869262695,4.6940713526519815,0.3094158172607422,0.9999430775642395,0.0,0.0,0.9999041557312012,1.0,0.0,0.0,0.0,0.0,0.5190424919128418,-0.08438374847173691,-0.6211152076721191,2.2228968143463135,3.015942335128784,1.8170154094696045,1.7762280702590942,1.5401102304458618,1.9481971263885498,1.8658666610717773,3.575951099395752,3.5408895015716553,1.9696255922317505,2.327272415161133,2.3826651573181152,2.308197021484375,3.193230152130127,1.630107045173645,1.5116347074508667,1.6911450624465942,1.503345012664795,1.687671184539795,3.6169960498809814,3.3188719749450684,2.109839677810669,2.257103681564331,2.3205790519714355
249,4.212678909301758,1.2677805423736572,1.1756744384765625,3.8596973419189453,5.102076053619385,4.204653822919898,0.3428449332714081,0.9999486207962036,1.0,0.9999972581863403,1.0,0.9998053312301636,0.00010110515722772107,2.2976521726891797e-11,2.1914776579794876e-13,8.561295544495806e-06,0.5792871117591858,-0.08313657343387604,-0.6608157157897949,4.586075305938721,0.0,0.0,4.530897617340088,4.668942451477051,4.586093683707572,0.3082277178764343,0.9999997615814209,0.0,0.0,0.9999995231628418,1.0,0.0,0.0,0.0,0.0,0.5149338841438293,-0.08311273902654648,-0.6124889254570007,2.220133066177368,3.0165975093841553,1.8853561878204346,1.7828776836395264,1.576458215713501,1.8003334999084473,1.8356759548187256,3.5797243118286133,3.4811205863952637,1.9670982360839844,2.314537763595581,2.3663854598999023,2.2953643798828125,3.167367696762085,1.6427830457687378,1.5183966159820557,1.6762288808822632,1.5119825601577759,1.6918799877166748,3.6078500747680664,3.329148769378662,2.0897376537323,2.2530739307403564,2.317415237426758
250,4.283868789672852,1.2677805423736572,1.1756744384765625,3.957592248916626,5.059080600738525,4.2770295536337555,0.3419628143310547,0.9999570250511169,1.0,0.9999973773956299,1.0,0.9998456835746765,9.099463932216167e-05,2.0678866605172708e-11,1.972329905734066e-13,7.557543085567886e-06,0.5721997618675232,-0.08393953740596771,-0.6557033061981201,4.70435905456543,0.0,0.0,4.716369152069092,4.686882019042969,4.704358856048147,0.3041073679924011,1.0,0.0,0.0,1.0,1.0,0.0,0.0,0.0,0.0,0.5132352709770203,-0.08358953148126602,-0.6150763034820557,2.2119152545928955,3.0199813842773438,2.0791971683502197,1.7506661415100098,1.6351131200790405,1.8722200393676758,1.856781005859375,3.585026979446411,3.5932037830352783,1.9363428354263306,2.3540446758270264,2.40671706199646,2.283735752105713,3.1458001136779785,1.6539924144744873,1.5247697830200195,1.6692430973052979,1.521863579750061,1.6959197521209717,3.6010866165161133,3.3506548404693604,2.0694315433502197,2.251649856567383,2.3173625469207764
251,4.332606792449951,1.2677804231643677,1.175674319267273,4.031209945678711,5.012083053588867,4.326873124650231,0.3409115970134735,0.9999642372131348,1.0,0.9999974370002747,1.0000001192092896,0.9998779296875,8.189517393475398e-05,1.8610980812017175e-11,1.7750968609505507e-13,6.9800021265109535e-06,0.5649552345275879,-0.084383025765419,-0.6503744721412659,4.583184242248535,0.0,0.0,4.55831241607666,4.61992883682251,4.583179845493434,0.3087116777896881,0.9999998807907104,0.0,0.0,1.0,0.9999996423721313,0.0,0.0,0.0,0.0,0.5038924217224121,-0.08231859654188156,-0.6063444018363953,2.2341299057006836,3.025970935821533,2.082576036453247,1.7536638975143433,1.5977973937988281,1.744813084602356,1.8128767013549805,3.591796398162842,3.5285985469818115,1.9686825275421143,2.3340907096862793,2.3866336345672607,2.2756268978118896,3.1281323432922363,1.665946364402771,1.5317809581756592,1.659674048423767,1.531548023223877,1.700331211090088,3.5964605808258057,3.3645339012145996,2.0553088188171387,2.250934362411499,2.3172214031219482
252,4.212839603424072,1.2677805423736572,1.1756744384765625,3.8301310539245605,4.987204551696777,4.20819233672984,0.32823920249938965,0.9999701976776123,1.0,0.9999974370002747,0.9999998211860657,0.9999030232429504,7.37056543584913e-05,1.6749884465538933e-11,1.5975872155130771e-13,6.296845185715938e-06,0.5367609262466431,-0.08284766972064972,-0.5935808420181274,3.488769292831421,0.0,0.0,2.37880539894104,4.652976036071777,3.488765947315056,0.27433815598487854,1.0,0.0,0.0,0.9999998807907104,0.9999998211860657,0.0,0.0,0.0,0.0,0.36171936988830566,-0.06480248272418976,-0.3504735231399536,1.8988810777664185,1.8075069189071655,1.5147185325622559,1.5194759368896484,1.3749622106552124,1.438959002494812,1.6966328620910645,3.161614179611206,2.0427958965301514,1.5866097211837769,1.804215669631958,1.7984564304351807,2.2081570625305176,2.9182708263397217,1.6235644817352295,1.5137169361114502,1.606162667274475,1.5033360719680786,1.690277099609375,3.5082802772521973,3.14839243888855,1.9729827642440796,2.16931414604187,2.221461534500122
253,4.102872848510742,1.2677805423736572,1.1756744384765625,3.64243745803833,4.950488090515137,4.099126660430689,0.3185139298439026,0.9999755024909973,1.0,0.9999973177909851,1.0,0.9999234080314636,6.633509474340826e-05,1.5074894457733912e-11,1.4378282635688078e-13,5.661924660671502e-06,0.5106881856918335,-0.08137442916631699,-0.5326436758041382,3.444413185119629,0.0,0.0,2.3800153732299805,4.526978015899658,3.444407227646038,0.2887035012245178,1.0,0.0,0.0,1.0,0.9999997615814209,0.0,0.0,0.0,0.0,0.3538319766521454,-0.06539568305015564,-0.37892472743988037,1.9285184144973755,1.8197540044784546,1.5047435760498047,1.4084162712097168,1.2489768266677856,1.4574735164642334,1.6995259523391724,3.1703543663024902,2.0615828037261963,1.6049525737762451,1.790429949760437,1.7896543741226196,2.154611587524414,2.7377867698669434,1.5890061855316162,1.48982572555542,1.5503302812576294,1.482843041419983,1.683243751525879,3.4369354248046875,2.9638257026672363,1.9053833484649658,2.099379301071167,2.140634298324585
254,4.00295877456665,1.2677805423736572,1.175674319267273,3.4621880054473877,4.920092582702637,3.9999625629216395,0.3087295591831207,0.9999798536300659,1.0,0.9999974370002747,1.0000001192092896,0.9999393820762634,5.9701578720705584e-05,1.3567404144598783e-11,1.294045437211927e-13,5.100444468553178e-06,0.4867978096008301,-0.07972973585128784,-0.4688798487186432,3.4433305263519287,0.0,0.0,2.327378511428833,4.603736877441406,3.4433270031782186,0.2683345675468445,0.9999998807907104,0.0,0.0,1.0000001192092896,0.9999995827674866,0.0,0.0,0.0,0.0,0.3566255569458008,-0.06265031546354294,-0.34138041734695435,1.9732667207717896,1.8323845863342285,1.5091233253479004,1.5675326585769653,1.4261821508407593,1.5051466226577759,1.6574417352676392,3.179912805557251,2.073509454727173,1.610247015953064,1.8334747552871704,1.8230136632919312,2.1145246028900146,2.5837767124176025,1.562088966369629,1.4856925010681152,1.5189753770828247,1.4715213775634766,1.6743378639221191,3.3798675537109375,2.8071656227111816,1.8495510816574097,2.044750213623047,2.0761749744415283
255,3.9203081130981445,1.2677805423736572,1.1756744384765625,3.304708242416382,4.889747142791748,3.9179076387796976,0.3011050522327423,0.9999834299087524,1.0,0.9999973773956299,1.0,0.9999520778656006,5.373142266762443e-05,1.2210663036249514e-11,1.1646410290160059e-13,4.633640401152661e-06,0.4654238224029541,-0.07826247066259384,-0.40367886424064636,3.469770669937134,0.0,0.0,2.372891902923584,4.560581684112549,3.46980643854272,0.27372342348098755,0.9999980926513672,0.0,0.0,0.9999967217445374,0.9999998211860657,0.0,0.0,0.0,0.0,0.348868727684021,-0.06460849195718765,-0.3609982430934906,1.9760650396347046,1.8451811075210571,1.5413368940353394,1.4777345657348633,1.334363579750061,1.568405270576477,1.7074942588806152,3.190248727798462,2.0926647186279297,1.616225004196167,1.8349720239639282,1.8280662298202515,2.082329750061035,2.453465700149536,1.5440263748168945,1.475744366645813,1.485666275024414,1.4694344997406006,1.6722222566604614,3.3348388671875,2.675827741622925,1.8038830757141113,1.9997440576553345,2.0236318111419678
256,3.8393354415893555,1.2677805423736572,1.175674319267273,3.158198118209839,4.845241546630859,3.837425579992024,0.2963953912258148,0.9999865293502808,0.9999999403953552,0.9999973773956299,1.0000001192092896,0.9999622106552124,4.835828076465987e-05,1.0989597253041605e-11,1.0481768447992423e-13,4.1702764974616e-06,0.4466244578361511,-0.07672468572854996,-0.35466787219047546,3.3718059062957764,0.0,0.0,2.319697618484497,4.421837329864502,3.3718253958138873,0.2872658669948578,0.9999992847442627,0.0,0.0,0.999998927116394,0.9999998807907104,0.0,0.0,0.0,0.0,0.36287376284599304,-0.06264528632164001,-0.3819319009780884,1.9512699842453003,1.8582937717437744,1.5190157890319824,1.443463921546936,1.2496223449707031,1.5149682760238647,1.6893765926361084,3.2006711959838867,2.094568967819214,1.6084986925125122,1.8129749298095703,1.80843985080719,2.054145336151123,2.3442747592926025,1.5285414457321167,1.4650176763534546,1.449609637260437,1.4649053812026978,1.6695365905761719,3.299851894378662,2.5654735565185547,1.7656246423721313,1.960698127746582,1.9789834022521973
257,3.7661385536193848,1.2677804231643677,1.175674319267273,3.0231871604919434,4.806234359741211,3.7646243478676484,0.29204291105270386,0.9999891519546509,1.0,0.9999973177909851,1.0,0.9999700784683228,4.3522450141608715e-05,9.890636920584228e-12,9.433590925566823e-14,3.7532486203417648e-06,0.42996546626091003,-0.07514418661594391,-0.3345078229904175,3.3517203330993652,0.0,0.0,2.2775063514709473,4.459733963012695,3.351911891292925,0.2774791419506073,0.9999889135360718,0.0,0.0,0.9999814629554749,0.9999997019767761,0.0,0.0,0.0,0.0,0.4185960292816162,-0.06051112338900566,-0.35325294733047485,1.954850435256958,1.871861457824707,1.484174370765686,1.512359380722046,1.371996283531189,1.5063139200210571,1.6904122829437256,3.2115836143493652,2.0738906860351562,1.6293178796768188,1.8306759595870972,1.8205444812774658,2.0316708087921143,2.2537589073181152,1.5134943723678589,1.4634885787963867,1.4310342073440552,1.4617061614990234,1.6679613590240479,3.273242473602295,2.4714760780334473,1.736185908317566,1.9304020404815674,1.943687915802002
258,3.701348304748535,1.2677805423736572,1.175674319267273,2.903616428375244,4.766077041625977,3.700149493810166,0.2890726625919342,0.9999912977218628,1.0,0.9999973773956299,1.000000238418579,0.9999764561653137,3.9170205127447844e-05,8.901573055053458e-12,8.49023135867169e-14,3.3779238037823234e-06,0.4150724709033966,-0.07360559701919556,-0.31848251819610596,3.3283259868621826,0.0,0.0,2.2564709186553955,4.412362098693848,3.328366834316488,0.2795926332473755,0.9999978542327881,0.0,0.0,0.9999964237213135,1.0,0.0,0.0,0.0,0.0,0.37857770919799805,-0.05958215147256851,-0.340352863073349,1.9868253469467163,1.885962724685669,1.4385688304901123,1.438820481300354,1.4351603984832764,1.5416520833969116,1.6996697187423706,3.2226614952087402,2.113802909851074,1.6365149021148682,1.8399639129638672,1.829726219177246,2.0166494846343994,2.1796345710754395,1.497044324874878,1.455920696258545,1.4220037460327148,1.4635570049285889,1.6681334972381592,3.2535672187805176,2.397024631500244,1.7130321264266968,1.9066566228866577,1.9160250425338745
259,3.6495845317840576,1.2677804231643677,1.175674319267273,2.8030195236206055,4.731203079223633,3.6486331502492635,0.2865486145019531,0.9999929070472717,0.9999999403953552,0.9999974370002747,1.0000001192092896,0.9999813437461853,3.525318606989458e-05,8.011416183228981e-12,7.641207545178164e-14,3.040131332454621e-06,0.4022617042064667,-0.07214368879795074,-0.3044818341732025,3.354321002960205,0.0,0.0,2.279414653778076,4.407934188842773,3.3543119530839838,0.27648821473121643,0.9999998807907104,0.0,0.0,0.9999999403953552,0.9999995231628418,0.0,0.0,0.0,0.0,0.37155881524086,-0.05993708223104477,-0.35150811076164246,1.9347858428955078,1.8990575075149536,1.4938337802886963,1.5060532093048096,1.3805243968963623,1.591099739074707,1.7225059270858765,3.2336537837982178,2.1307902336120605,1.6001243591308594,1.8492428064346313,1.8386563062667847,1.9997888803482056,2.119572401046753,1.4894299507141113,1.4565540552139282,1.4100614786148071,1.4709231853485107,1.67056405544281,3.2395670413970947,2.3371851444244385,1.6907154321670532,1.888436198234558,1.8946020603179932
260,3.600337028503418,1.2677805423736572,1.175674319267273,2.711013078689575,4.696785926818848,3.599583841752717,0.2846285104751587,0.9999942779541016,0.9999999403953552,0.9999974370002747,1.0000001192092896,0.9999852180480957,3.172786455252208e-05,7.21027404448904e-12,6.877087603811977e-14,2.7361181764717912e-06,0.390646755695343,-0.07070781290531158,-0.29293692111968994,3.3140201568603516,0.0,0.0,2.233182191848755,4.39850378036499,3.3140175191860433,0.27561309933662415,1.0,0.0,0.0,1.0000001192092896,0.9999997615814209,0.0,0.0,0.0,0.0,0.4154573976993561,-0.058759722858667374,-0.3306046426296234,1.9965263605117798,1.9119704961776733,1.4740298986434937,1.4458645582199097,1.4751718044281006,1.5680986642837524,1.7292966842651367,3.2455310821533203,2.1169512271881104,1.636352300643921,1.859979271888733,1.8470724821090698,1.9921456575393677,2.0717010498046875,1.481811285018921,1.4518818855285645,1.4095216989517212,1.476431131362915,1.6739553213119507,3.2303359508514404,2.28727388381958,1.6760646104812622,1.8751121759414673,1.878475308418274
261,3.5631871223449707,1.2677806615829468,1.1756744384765625,2.6356446743011475,4.672745227813721,3.5625883282015263,0.28342604637145996,0.9999954104423523,0.9999998807907104,0.9999974370002747,1.0000001192092896,0.9999881982803345,2.8555075914482586e-05,6.489246206359267e-12,6.189378843430779e-14,2.46250647251145e-06,0.3806687891483307,-0.06949754059314728,-0.28475648164749146,3.3515124320983887,0.0,0.0,2.2537477016448975,4.45145320892334,3.3514923810025583,0.2779254913330078,0.9999995827674866,0.0,0.0,1.0,0.999998927116394,0.0,0.0,0.0,0.0,0.37563014030456543,-0.06029592081904411,-0.3374677896499634,1.9618234634399414,1.9250550270080566,1.5317970514297485,1.5440053939819336,1.4391167163848877,1.4452314376831055,1.7368836402893066,3.25771427154541,2.1586008071899414,1.6314642429351807,1.8631693124771118,1.8530616760253906,1.9831464290618896,2.034237861633301,1.4818874597549438,1.458035945892334,1.407033920288086,1.4698951244354248,1.6781947612762451,3.225041627883911,2.2509288787841797,1.6639964580535889,1.8652399778366089,1.8665943145751953
262,3.5324716567993164,1.2677805423736572,1.1756742000579834,2.57254958152771,4.6494855880737305,3.531994491142348,0.28288695216178894,0.9999963641166687,0.9999999403953552,0.9999973177909851,0.9999999403953552,0.999990701675415,2.5699568141135387e-05,5.840321282146732e-12,5.570440688037158e-14,2.2162555524118943e-06,0.3720441460609436,-0.06847197562456131,-0.2812243103981018,3.355656385421753,0.0,0.0,2.2608776092529297,4.429142475128174,3.355642403764913,0.28080686926841736,0.9999997019767761,0.0,0.0,1.0,0.9999992847442627,0.0,0.0,0.0,0.0,0.35710152983665466,-0.0610801987349987,-0.32835090160369873,1.9669362306594849,1.936678171157837,1.564733624458313,1.4171925783157349,1.458463191986084,1.4942100048065186,1.729548692703247,3.269609212875366,2.188196897506714,1.6509267091751099,1.8676494359970093,1.8590927124023438,1.9763915538787842,2.0053048133850098,1.4861040115356445,1.451217770576477,1.4072726964950562,1.4695830345153809,1.6816293001174927,3.2229018211364746,2.2249739170074463,1.6560684442520142,1.858144760131836,1.8580468893051147
263,3.5078866481781006,1.2677805423736572,1.175674319267273,2.519407272338867,4.630836486816406,3.507506802051701,0.2818642258644104,0.9999971985816956,1.0,0.9999973773956299,1.0,0.9999925494194031,2.3129610781325027e-05,5.2562893274044065e-12,5.013396585352124e-14,1.994629883483867e-06,0.3642542362213135,-0.06753890961408615,-0.27640965580940247,3.373216152191162,0.0,0.0,2.261040687561035,4.464453220367432,3.3732057363950307,0.2749466300010681,0.9999997019767761,0.0,0.0,1.0000001192092896,0.9999993443489075,0.0,0.0,0.0,0.0,0.37953847646713257,-0.06122320145368576,-0.3403286337852478,1.9877527952194214,1.9498836994171143,1.612722635269165,1.540520191192627,1.3942646980285645,1.5155255794525146,1.7524778842926025,3.2819626331329346,2.1867592334747314,1.6605088710784912,1.8882378339767456,1.8775428533554077,1.973259687423706,1.9838228225708008,1.4953101873397827,1.4579987525939941,1.4021724462509155,1.4719210863113403,1.6872899532318115,3.2234230041503906,2.2050113677978516,1.6510547399520874,1.8551266193389893,1.8535656929016113
264,3.4762609004974365,1.2677805423736572,1.175674319267273,2.4658963680267334,4.604479789733887,3.4759601139757788,0.2811315655708313,0.9999975562095642,1.0,0.9999973177909851,1.0,0.9999940991401672,2.0816651158384047e-05,4.730659874246923e-12,4.5120564185971435e-14,1.7951668951354804e-06,0.35732677578926086,-0.06636068969964981,-0.2812291383743286,3.2715036869049072,0.0,0.0,2.1819071769714355,4.3735833168029785,3.2715006125985764,0.27564892172813416,0.9999998211860657,0.0,0.0,1.0,0.9999996423721313,0.0,0.0,0.0,0.0,0.44296592473983765,-0.0570979118347168,-0.32472512125968933,1.9810534715652466,1.9630204439163208,1.52169930934906,1.5461046695709229,1.4604793787002563,1.5078774690628052,1.7481166124343872,3.294274091720581,2.1603519916534424,1.6852784156799316,1.8868255615234375,1.871707797050476,1.970495343208313,1.968552827835083,1.495179533958435,1.465038537979126,1.4047268629074097,1.4736407995224,1.6922214031219482,3.226112127304077,2.186946392059326,1.6499711275100708,1.8532885313034058,1.8501051664352417
265,3.4558022022247314,1.2677804231643677,1.1756744384765625,2.424856424331665,4.587055206298828,3.4555632865426706,0.2798866033554077,0.999998152256012,1.0,0.9999974370002747,1.0,0.9999953508377075,1.8734983314061537e-05,4.257594277135013e-12,4.060850776737429e-14,1.6156502624653513e-06,0.3510233759880066,-0.06542934477329254,-0.2903435230255127,3.340545892715454,0.0,0.0,2.218383550643921,4.440245628356934,3.3405367113741504,0.2680491507053375,0.9999996423721313,0.0,0.0,1.0,0.9999991059303284,0.0,0.0,0.0,0.0,0.39308786392211914,-0.05855304002761841,-0.3297467529773712,2.0033743381500244,1.9753726720809937,1.581723690032959,1.6692235469818115,1.425122618675232,1.5893319845199585,1.7141093015670776,3.3070454597473145,2.2076330184936523,1.6967707872390747,1.9169708490371704,1.901282548904419,1.9708366394042969,1.9583736658096313,1.5016286373138428,1.4791709184646606,1.4041810035705566,1.4835965633392334,1.693449854850769,3.2306158542633057,2.1780736446380615,1.6509474515914917,1.8550872802734375,1.8504619598388672
266,3.4378483295440674,1.2677804231643677,1.175674319267273,2.39141583442688,4.567137241363525,3.437657781730791,0.2794360816478729,0.9999985694885254,0.9999999403953552,0.9999974370002747,1.0,0.9999963641166687,1.6861484255059622e-05,3.83183458921299e-12,3.654765224725236e-14,1.4540851225319784e-06,0.34524211287498474,-0.06471683084964752,-0.29877758026123047,3.325667142868042,0.0,0.0,2.2205355167388916,4.394337177276611,3.3256603092061203,0.276045024394989,0.9999997019767761,0.0,0.0,0.9999999403953552,0.9999992251396179,0.0,0.0,0.0,0.0,0.39459529519081116,-0.05979331582784653,-0.3412746787071228,2.026003122329712,1.9877753257751465,1.6160917282104492,1.5581576824188232,1.3631161451339722,1.5817357301712036,1.7640291452407837,3.3199098110198975,2.221994161605835,1.6941629648208618,1.9132976531982422,1.9007859230041504,1.973890781402588,1.9523943662643433,1.5112199783325195,1.4858886003494263,1.3977974653244019,1.4921149015426636,1.6996755599975586,3.236611843109131,2.173499822616577,1.6522163152694702,1.857530951499939,1.8519338369369507
267,3.4203362464904785,1.2677805423736572,1.175674319267273,2.361461639404297,4.547114849090576,3.420184962254028,0.27896177768707275,0.9999988079071045,1.0,0.9999973177909851,1.0000001192092896,0.9999971389770508,1.517533564765472e-05,3.4486510869236042e-12,3.289288803896666e-14,1.308676587541413e-06,0.3426467180252075,-0.06400217860937119,-0.30457666516304016,3.3057079315185547,0.0,0.0,2.2015085220336914,4.3742475509643555,3.305694122020162,0.27440616488456726,0.9999997615814209,0.0,0.0,1.0,0.9999993443489075,0.0,0.0,0.0,0.0,0.41635313630104065,-0.05874914303421974,-0.32789766788482666,2.0348317623138428,2.0002732276916504,1.5661324262619019,1.5359266996383667,1.4137401580810547,1.619958519935608,1.7840383052825928,3.3328943252563477,2.2221992015838623,1.7202680110931396,1.9230263233184814,1.9086918830871582,1.9779287576675415,1.9498717784881592,1.5151981115341187,1.4899396896362305,1.3976134061813354,1.5037654638290405,1.7055445909500122,3.243838310241699,2.170978546142578,1.656510591506958,1.8611189126968384,1.8545407056808472
268,3.3971645832061768,1.2677806615829468,1.1756742000579834,2.3301191329956055,4.521257400512695,3.3970445540952983,0.27919062972068787,0.9999989867210388,1.0,0.9999973177909851,1.0000001192092896,0.999997615814209,1.3657801900990307e-05,3.1037856746546355e-12,2.9603598218630456e-14,1.1778089401559555e-06,0.3559402525424957,-0.06316179037094116,-0.30833977460861206,3.2280473709106445,0.0,0.0,2.1448354721069336,4.294208526611328,3.228043353303778,0.28076040744781494,0.9999998211860657,0.0,0.0,1.0,0.999999463558197,0.0,0.0,0.0,0.0,0.43791863322257996,-0.05628029257059097,-0.3182096481323242,2.0437912940979004,2.0118885040283203,1.5061761140823364,1.514269232749939,1.4517078399658203,1.5515835285186768,1.7803250551223755,3.345738172531128,2.2231850624084473,1.7320748567581177,1.9160740375518799,1.9010318517684937,1.9827935695648193,1.9500970840454102,1.5126423835754395,1.4915552139282227,1.4015395641326904,1.507643461227417,1.7117472887039185,3.2520599365234375,2.1699976921081543,1.6619974374771118,1.8642072677612305,1.8567277193069458
269,3.377880573272705,1.2677805423736572,1.1756744384765625,2.3024308681488037,4.500631809234619,3.3777854068687363,0.27885326743125916,0.9999992251396179,1.0,0.9999972581863403,1.0,0.9999982118606567,1.2292021892790217e-05,2.7934074324498237e-12,2.664323839676741e-14,1.0600280120343086e-06,0.36428314447402954,-0.06238941103219986,-0.3106974959373474,3.2360610961914062,0.0,0.0,2.132873773574829,4.318367004394531,3.236057750386743,0.27564460039138794,0.9999998211860657,0.0,0.0,1.0000001192092896,0.9999997019767761,0.0,0.0,0.0,0.0,0.4086577594280243,-0.05618777871131897,-0.31228622794151306,2.0667123794555664,2.023150682449341,1.577872633934021,1.562437891960144,1.4753931760787964,1.5585516691207886,1.7549159526824951,3.3582844734191895,2.256824254989624,1.7287812232971191,1.9362925291061401,1.918971300125122,1.9897266626358032,1.9525225162506104,1.5181320905685425,1.4979523420333862,1.4076706171035767,1.5119733810424805,1.7154470682144165,3.2610671520233154,2.173781394958496,1.6669504642486572,1.8695224523544312,1.8610094785690308
270,3.370133399963379,1.2677805423736572,1.175674319267273,2.284923791885376,4.493749618530273,3.3700574123172773,0.27763715386390686,0.9999994039535522,1.0,0.9999973773956299,1.0000001192092896,0.9999985694885254,1.1062819794460665e-05,2.51406642899632e-12,2.3978914895903848e-14,9.54025153987459e-07,0.37339726090431213,-0.061904363334178925,-0.31168773770332336,3.323976993560791,0.0,0.0,2.1885130405426025,4.430575370788574,3.3239124843967116,0.266110897064209,0.9999803304672241,0.0,0.0,0.9999663233757019,0.9999995827674866,0.0,0.0,0.0,0.0,0.42952683568000793,-0.0582798533141613,-0.30507028102874756,2.020353317260742,2.032482147216797,1.6404680013656616,1.5978734493255615,1.4992656707763672,1.6109943389892578,1.8091062307357788,3.370659828186035,2.255539894104004,1.7552443742752075,1.9591988325119019,1.941428542137146,1.9915494918823242,1.9565476179122925,1.5294569730758667,1.5072880983352661,1.4157559871673584,1.5212469100952148,1.7210880517959595,3.2706997394561768,2.1778759956359863,1.6743704080581665,1.8765881061553955,1.867110013961792
271,3.364994764328003,1.2677805423736572,1.1756744384765625,2.2716481685638428,4.485550403594971,3.364933683486186,0.2773054242134094,0.9999996423721313,0.9999998807907104,0.9999973177909851,1.0,0.9999986886978149,9.956536814570427e-06,2.2626596776764707e-12,2.1581022220467337e-14,8.586225703766104e-07,0.37601661682128906,-0.06164877861738205,-0.313277006149292,3.333768844604492,0.0,0.0,2.1989970207214355,4.40710973739624,3.3337595014508428,0.2737485468387604,0.9999998211860657,0.0,0.0,1.0000001192092896,0.9999995827674866,0.0,0.0,0.0,0.0,0.38012775778770447,-0.05984639748930931,-0.3151257038116455,2.087207317352295,2.0418639183044434,1.6035003662109375,1.6044154167175293,1.4335157871246338,1.6026878356933594,1.8016728162765503,3.383146047592163,2.305187225341797,1.7674243450164795,1.9630622863769531,1.9494730234146118,2.000086545944214,1.9618456363677979,1.5361566543579102,1.5164426565170288,1.4166462421417236,1.5288691520690918,1.7266526222229004,3.280851125717163,2.1872951984405518,1.6825076341629028,1.8837352991104126,1.8738294839859009
272,3.356929302215576,1.2677804231643677,1.175674319267273,2.2605395317077637,4.469906330108643,3.3568805286014127,0.27797743678092957,0.9999996423721313,0.9999999403953552,0.9999972581863403,0.9999999403953552,0.9999991059303284,8.960882951214444e-06,2.03639362317265e-12,1.9422919490200835e-14,7.727603019702656e-07,0.37911462783813477,-0.06138388812541962,-0.31607624888420105,3.3018946647644043,0.0,0.0,2.1997549533843994,4.334545612335205,3.3018843214616336,0.28269854187965393,0.9999997615814209,0.0,0.0,0.9999999403953552,0.9999994039535522,0.0,0.0,0.0,0.0,0.39085617661476135,-0.05932457372546196,-0.3311912417411804,2.01254940032959,2.05124568939209,1.609455943107605,1.524155616760254,1.3449143171310425,1.640832781791687,1.8261029720306396,3.395702362060547,2.3100385665893555,1.7796618938446045,1.9494659900665283,1.9388986825942993,2.0003650188446045,1.9681490659713745,1.5428944826126099,1.5167505741119385,1.4080519676208496,1.5388013124465942,1.732083797454834,3.2914316654205322,2.1969149112701416,1.6912500858306885,1.8886693716049194,1.878696322441101
273,3.3497931957244873,1.2677804231643677,1.1756744384765625,2.246136426925659,4.463398456573486,3.3497544806094006,0.27711576223373413,0.9999997019767761,1.0,0.9999974370002747,1.0,0.9999993443489075,8.064794201345649e-06,1.832754217487298e-12,1.7480627202367573e-14,6.954842888262647e-07,0.38063037395477295,-0.06096078082919121,-0.3139655590057373,3.2932517528533936,0.0,0.0,2.1505043506622314,4.388443946838379,3.293233024583047,0.26952487230300903,0.9999991059303284,0.0,0.0,1.0000001192092896,0.9999980330467224,0.0,0.0,0.0,0.0,0.38166430592536926,-0.057328060269355774,-0.2878062129020691,2.0646989345550537,2.060662031173706,1.6154344081878662,1.6326854228973389,1.5576918125152588,1.5710537433624268,1.7942442893981934,3.4083638191223145,2.330960988998413,1.7774131298065186,1.9813209772109985,1.963498830795288,2.0060651302337646,1.9752463102340698,1.5496464967727661,1.5278383493423462,1.422153115272522,1.5415688753128052,1.7373589277267456,3.3023719787597656,2.208122491836548,1.6990259885787964,1.8969398736953735,1.8861762285232544
274,3.3423333168029785,1.2677804231643677,1.1756744384765625,2.233461380004883,4.45357608795166,3.342302295923937,0.27644845843315125,0.9999998211860657,1.0,0.9999974370002747,0.9999999403953552,0.999999463558197,7.258314781211084e-06,1.649478839106655e-12,1.5732564651537405e-14,6.259358542592963e-07,0.38286247849464417,-0.06054535135626793,-0.31148356199264526,3.2868638038635254,0.0,0.0,2.14774751663208,4.359690189361572,3.286061217510054,0.26885607838630676,0.9997683167457581,0.0,0.0,0.9995952844619751,0.999997615814209,0.0,0.0,0.0,0.0,0.392305850982666,-0.056838907301425934,-0.28383681178092957,2.089318037033081,2.0700247287750244,1.5527156591415405,1.624224305152893,1.5670132637023926,1.6395564079284668,1.8433911800384521,3.421027898788452,2.3357696533203125,1.7896727323532104,1.9932714700698853,1.9746860265731812,2.0137665271759033,1.9829597473144531,1.5492448806762695,1.5370903015136719,1.4359188079833984,1.5504827499389648,1.742197871208191,3.313607692718506,2.219120740890503,1.7073792219161987,1.9051769971847534,1.8936954736709595
275,3.332880735397339,1.2677805423736572,1.175674319267273,2.2199201583862305,4.444425106048584,3.332856033633577,0.27636080980300903,0.9999998211860657,1.0,0.9999972581863403,0.9999999403953552,0.9999995827674866,6.53248298476683e-06,1.4845307058294899e-12,1.4159306831130949e-14,5.633422688333667e-07,0.3868173658847809,-0.06016222760081291,-0.30866798758506775,3.2563483715057373,0.0,0.0,2.123164176940918,4.347925662994385,3.256326990483259,0.27437761425971985,0.999998927116394,0.0,0.0,1.0,0.999997615814209,0.0,0.0,0.0,0.0,0.41281411051750183,-0.0567111037671566,-0.27976348996162415,2.0851316452026367,2.0793137550354004,1.5854312181472778,1.6007661819458008,1.5763128995895386,1.5254266262054443,1.8395144939422607,3.433712959289551,2.3331472873687744,1.8165619373321533,1.9875320196151733,1.9701811075210571,2.0203604698181152,1.9911450147628784,1.552412748336792,1.5431771278381348,1.4493521451950073,1.547315001487732,1.74673593044281,3.325087547302246,2.2290492057800293,1.7177151441574097,1.912235140800476,1.9002249240875244
276,3.329373359680176,1.2677805423736572,1.175674319267273,2.211718797683716,4.437949180603027,3.329353656495105,0.2760782539844513,0.9999998211860657,1.0,0.9999973773956299,1.0,0.9999995827674866,5.879234322492266e-06,1.3360777328247364e-12,1.2743376063314559e-14,5.070079964752949e-07,0.3871600329875946,-0.06001439690589905,-0.3074266016483307,3.319122791290283,0.0,0.0,2.161689519882202,4.395066261291504,3.2687259509864357,0.2691093981266022,0.9855003952980042,0.0,0.0,0.9744204878807068,0.9999972581863403,0.0,0.0,0.0,0.0,0.38381022214889526,-0.05864925682544708,-0.29224246740341187,2.139432907104492,2.0885517597198486,1.6193023920059204,1.6844333410263062,1.4918898344039917,1.6381385326385498,1.86078941822052,3.4464170932769775,2.369553565979004,1.8141673803329468,2.0152676105499268,1.9982421398162842,2.031768560409546,1.9996891021728516,1.5587739944458008,1.551720142364502,1.453205943107605,1.5561366081237793,1.7509015798568726,3.3367700576782227,2.24187970161438,1.726836919784546,1.9207683801651,1.9084001779556274
277,3.3240199089050293,1.2677805423736572,1.175674319267273,2.2022645473480225,4.431451320648193,3.324003856302509,0.27546826004981995,0.9999998807907104,1.0,0.9999973177909851,1.0,0.9999997615814209,5.291311026667245e-06,1.202469872806089e-12,1.1469038711092987e-14,4.56307219565133e-07,0.3905158042907715,-0.05980197712779045,-0.3043861389160156,3.290067195892334,0.0,0.0,2.135104179382324,4.379678249359131,3.290042016347402,0.2672726511955261,0.9999988079071045,0.0,0.0,1.0000001192092896,0.9999972581863403,0.0,0.0,0.0,0.0,0.4140411913394928,-0.05797112360596657,-0.2750982642173767,2.1499247550964355,2.0977745056152344,1.669090747833252,1.5693618059158325,1.5786700248718262,1.6610991954803467,1.85683274269104,3.459170341491699,2.3585619926452637,1.826408863067627,2.0226895809173584,2.003201723098755,2.043147563934326,2.00850510597229,1.5694680213928223,1.5532270669937134,1.4653282165527344,1.5641274452209473,1.7547916173934937,3.3486249446868896,2.252531051635742,1.7363406419754028,1.9296091794967651,1.9166287183761597
278,3.317948341369629,1.2677804231643677,1.175674319267273,2.1933977603912354,4.42209529876709,3.317935886948166,0.2751685380935669,0.9999999403953552,1.0,0.9999972581863403,0.9999999403953552,0.9999997019767761,4.76217974210158e-06,1.0822229614196321e-12,1.0322134077654036e-14,4.106765061351325e-07,0.3914148807525635,-0.059491489082574844,-0.30121007561683655,3.27461314201355,0.0,0.0,2.127847909927368,4.33981466293335,3.2745500399134246,0.269507497549057,0.9999985694885254,0.0,0.0,1.0000001192092896,0.9999967813491821,0.0,0.0,0.0,0.0,0.3949434757232666,-0.05657802149653435,-0.27144259214401245,2.1158485412597656,2.10701060295105,1.5759197473526,1.6360887289047241,1.5878565311431885,1.6524087190628052,1.878383994102478,3.47196888923645,2.386975049972534,1.838654637336731,2.025111675262451,2.00592041015625,2.0500454902648926,2.0175275802612305,1.5696325302124023,1.5612787008285522,1.4772130250930786,1.5714857578277588,1.7583696842193604,3.360626459121704,2.26515531539917,1.7461758852005005,1.937751054763794,1.9242757558822632
279,3.3119382858276367,1.2677805423736572,1.175674319267273,2.184795618057251,4.4127936363220215,3.311928222314821,0.2749819755554199,0.9999999403953552,1.0,0.9999971985816956,1.0,0.9999998211860657,4.285961949790362e-06,9.740006110675603e-13,9.289921093405106e-15,3.6960884131076455e-07,0.39220157265663147,-0.05924485623836517,-0.29850876331329346,3.2749083042144775,0.0,0.0,2.1214568614959717,4.34288215637207,3.2748808896900194,0.26886382699012756,0.9999987483024597,0.0,0.0,1.0,0.999997079372406,0.0,0.0,0.0,0.0,0.39555180072784424,-0.05696474760770798,-0.27304160594940186,2.1558837890625,2.1161892414093018,1.6092733144760132,1.643010139465332,1.5649741888046265,1.6755260229110718,1.8743535280227661,3.4847946166992188,2.399751663208008,1.8508702516555786,2.0374627113342285,2.0178439617156982,2.0602946281433105,2.026698112487793,1.57331383228302,1.568571925163269,1.4857224225997925,1.5781227350234985,1.7616621255874634,3.372753143310547,2.277930498123169,1.7562958002090454,1.946136474609375,1.9322184324264526
280,3.3110244274139404,1.2677805423736572,1.1756744384765625,2.1796185970306396,4.4117231369018555,3.3110163673837287,0.274863064289093,0.9999999403953552,1.0,0.9999974370002747,1.0,0.9999998211860657,3.857365754811326e-06,8.76600441540587e-13,8.36092923817448e-15,3.326479429688334e-07,0.3929021954536438,-0.05925055593252182,-0.29678064584732056,3.319748878479004,0.0,0.0,2.146300792694092,4.41525936126709,3.3197185950274184,0.26967668533325195,0.9999986290931702,0.0,0.0,0.9999999403953552,0.9999967813491821,0.0,0.0,0.0,0.0,0.3961416482925415,-0.05904173478484154,-0.2798546254634857,2.1512765884399414,2.1253223419189453,1.7186198234558105,1.6814498901367188,1.5116010904312134,1.6040323972702026,1.8664021492004395,3.497638463973999,2.412505626678467,1.8779164552688599,2.0446765422821045,2.0277233123779297,2.069096326828003,2.035971164703369,1.5874202251434326,1.5752111673355103,1.4879937171936035,1.5804100036621094,1.7648571729660034,3.384986162185669,2.2908124923706055,1.7681677341461182,1.9544925689697266,1.9404109716415405
281,3.310518741607666,1.2677804231643677,1.1756742000579834,2.1747334003448486,4.409740447998047,3.310512388860577,0.2743416428565979,0.9999999403953552,0.9999998807907104,0.9999971985816956,0.9999999403953552,0.9999998807907104,3.471629042905988e-06,7.889404732806804e-13,7.524835721433969e-15,2.993831458297791e-07,0.3914842903614044,-0.0591568760573864,-0.29284340143203735,3.3252763748168945,0.0,0.0,2.1432108879089355,4.407569408416748,3.325197966681242,0.2641126811504364,0.9999983310699463,0.0,0.0,1.0000001192092896,0.9999963641166687,0.0,0.0,0.0,0.0,0.3772546947002411,-0.05817927420139313,-0.2584386467933655,2.1466901302337646,2.1345176696777344,1.6500355005264282,1.672751545906067,1.6318552494049072,1.6739087104797363,1.8882863521575928,3.510559558868408,2.4423787593841553,1.8901467323303223,2.064113140106201,2.044445514678955,2.0765795707702637,2.0453221797943115,1.5934864282608032,1.5815403461456299,1.5020346641540527,1.5863003730773926,1.7681875228881836,3.397315740585327,2.305422782897949,1.7801049947738647,1.9636296033859253,1.949197769165039
282,3.3039779663085938,1.2677805423736572,1.1756744384765625,2.1668848991394043,4.399964332580566,3.30397292437956,0.2743523120880127,1.0,1.0,0.9999973773956299,1.0000001192092896,0.9999998211860657,3.1244658202922437e-06,7.100463880055363e-13,6.772351556367509e-15,2.694448255624593e-07,0.393309086561203,-0.058953478932380676,-0.2892652750015259,3.262709379196167,0.0,0.0,2.1061766147613525,4.328747272491455,3.2626762636476285,0.2698234021663666,0.9999984502792358,0.0,0.0,0.9999998807907104,0.9999964833259583,0.0,0.0,0.0,0.0,0.4070342183113098,-0.05707162991166115,-0.2577049136161804,2.1721131801605225,2.1437065601348877,1.6563189029693604,1.5723938941955566,1.6246320009231567,1.6811431646347046,1.9010436534881592,3.5235214233398438,2.429964780807495,1.8873716592788696,2.059221029281616,2.0392329692840576,2.0858826637268066,2.0547258853912354,1.5995887517929077,1.5803216695785522,1.5140395164489746,1.5917611122131348,1.7715023756027222,3.40973162651062,2.3174471855163574,1.7905728816986084,1.9715574979782104,1.956748366355896
283,3.2977633476257324,1.2677804231643677,1.175674319267273,2.159069538116455,4.391249179840088,3.2977591011307354,0.27422064542770386,1.0,0.9999999403953552,0.9999973177909851,1.0,0.9999998807907104,2.812019147313549e-06,6.390417166789175e-13,6.0951165277857e-15,2.4250036290140997e-07,0.3959859013557434,-0.05875692144036293,-0.2859565317630768,3.261157512664795,0.0,0.0,2.0997977256774902,4.332761764526367,3.26106713781401,0.2680356204509735,0.9999737739562988,0.0,0.0,0.9999566078186035,0.9999961853027344,0.0,0.0,0.0,0.0,0.41730573773384094,-0.05694269388914108,-0.2572314143180847,2.197844982147217,2.1528775691986084,1.677346110343933,1.5939966440200806,1.6173852682113647,1.7210674285888672,1.8632073402404785,3.536508798599243,2.4347898960113525,1.9144995212554932,2.0709524154663086,2.049847364425659,2.096837282180786,2.064161777496338,1.6071960926055908,1.5814790725708008,1.5241737365722656,1.5971698760986328,1.7750201225280762,3.4222233295440674,2.328773260116577,1.8027502298355103,1.9799785614013672,1.9647293090820312
284,3.2921500205993652,1.2677804231643677,1.1756744384765625,2.1531577110290527,4.381551265716553,3.292146796644547,0.2743561863899231,0.9999998211860657,1.0,0.9999974370002747,1.0,0.9999998807907104,2.530817255319562e-06,5.751375395900149e-13,5.4856051714686615e-15,2.1825030671607237e-07,0.3984062671661377,-0.058578286319971085,-0.28349214792251587,3.2701151371002197,0.0,0.0,2.1106679439544678,4.330515384674072,3.270076436919719,0.26817047595977783,0.9999982714653015,0.0,0.0,0.9999999403953552,0.9999959468841553,0.0,0.0,0.0,0.0,0.4177941083908081,-0.056903161108493805,-0.26455771923065186,2.1475110054016113,2.1630048751831055,1.6986867189407349,1.6009114980697632,1.5780282020568848,1.7451703548431396,1.91845703125,3.5496113300323486,2.4475908279418945,1.911719560623169,2.0760693550109863,2.055464744567871,2.1016359329223633,2.0737123489379883,1.6161696910858154,1.5832340717315674,1.5293643474578857,1.6026846170425415,1.778315544128418,3.43479061126709,2.3403005599975586,1.8134257793426514,1.9873634576797485,1.9718421697616577
285,3.2859833240509033,1.2677805423736572,1.175674319267273,2.145719528198242,4.371636867523193,3.285980427740397,0.2743031680583954,1.0,0.9999999403953552,0.9999972581863403,1.0,1.0,2.2777355752623407e-06,5.176237585259591e-13,4.937044611970148e-15,1.9642527604446514e-07,0.39958176016807556,-0.05838467553257942,-0.2795892357826233,3.245746374130249,0.0,0.0,2.0857162475585938,4.296910285949707,3.2456519698338653,0.26965048909187317,0.9999979138374329,0.0,0.0,1.0000001192092896,0.9999954104423523,0.0,0.0,0.0,0.0,0.4085642695426941,-0.05649810656905174,-0.256888747215271,2.2341949939727783,2.1731765270233154,1.6604077816009521,1.6078987121582031,1.6692042350769043,1.670766830444336,1.9403351545333862,3.5627875328063965,2.468456745147705,1.8943120241165161,2.0881543159484863,2.0668656826019287,2.1146481037139893,2.0833613872528076,1.6204140186309814,1.585529088973999,1.5430928468704224,1.6084036827087402,1.7814627885818481,3.447431802749634,2.352835178375244,1.8212125301361084,1.9958391189575195,1.9799108505249023
286,3.2850961685180664,1.2677805423736572,1.175674319267273,2.1413793563842773,4.371246337890625,3.2850937420987765,0.27391576766967773,1.0,1.0,0.9999972581863403,1.0,1.0,2.0499617221503286e-06,4.658613447262872e-13,4.4433396002017175e-15,1.7678274844001862e-07,0.4026980996131897,-0.058379434049129486,-0.27626198530197144,3.2859230041503906,0.0,0.0,2.1070542335510254,4.371528148651123,3.2856864953759,0.26754024624824524,0.9999949932098389,0.0,0.0,0.9999999403953552,0.9999884366989136,0.0,0.0,0.0,0.0,0.42842239141464233,-0.058076128363609314,-0.2652924656867981,2.213477611541748,2.1833229064941406,1.774094820022583,1.6304256916046143,1.6450501680374146,1.6305190324783325,1.9143613576889038,3.5759849548339844,2.4654293060302734,1.9361416101455688,2.0968806743621826,2.0765950679779053,2.1243321895599365,2.093090534210205,1.6353763341903687,1.589877963066101,1.553123116493225,1.6102688312530518,1.7847013473510742,3.4601383209228516,2.3637630939483643,1.8325179815292358,2.0047190189361572,1.9884779453277588
287,3.2835566997528076,1.2677805423736572,1.1756744384765625,2.136728525161743,4.367920875549316,3.2835551598756947,0.27363279461860657,1.0,1.0,0.9999973773956299,1.0,0.9999998807907104,1.8449657090968685e-06,4.1927521025365844e-13,3.999005597829898e-15,1.5910447359601676e-07,0.4024782180786133,-0.05833389237523079,-0.27349692583084106,3.291818618774414,0.0,0.0,2.1026904582977295,4.365045070648193,3.2917257186895577,0.26449301838874817,0.9999956488609314,0.0,0.0,1.0000001192092896,0.9999901056289673,0.0,0.0,0.0,0.0,0.3998638689517975,-0.05770649388432503,-0.2604948878288269,2.223468542098999,2.193518877029419,1.7804548740386963,1.6371506452560425,1.6212023496627808,1.7341325283050537,1.9304736852645874,3.5892746448516846,2.5022807121276855,1.9483590126037598,2.1160316467285156,2.094292640686035,2.1340155601501465,2.1028854846954346,1.6490403413772583,1.5944108963012695,1.5597705841064453,1.6156278848648071,1.7887694835662842,3.4729111194610596,2.3773586750030518,1.8439245223999023,2.013871431350708,1.9973328113555908
288,3.275108814239502,1.2677805423736572,1.1756744384765625,2.127490758895874,4.35600471496582,3.275107513978648,0.27337658405303955,1.0,0.9999999403953552,0.9999973177909851,1.0,1.0,1.660469024500344e-06,3.7734767567576544e-13,3.599104826288672e-15,1.431940148677313e-07,0.4043440818786621,-0.05800219252705574,-0.2699085772037506,3.2421064376831055,0.0,0.0,2.061701536178589,4.306070327758789,3.242012831382998,0.26003727316856384,0.9999955892562866,0.0,0.0,1.0000001192092896,0.999989926815033,0.0,0.0,0.0,0.0,0.4196242690086365,-0.05487611144781113,-0.2575596570968628,2.2496237754821777,2.203913450241089,1.7245784997940063,1.6919066905975342,1.680274486541748,1.7926024198532104,1.9262924194335938,3.6027112007141113,2.4987056255340576,1.9455331563949585,2.1316142082214355,2.1046640872955322,2.1453518867492676,2.112761974334717,1.6564408540725708,1.5989238023757935,1.5716406106948853,1.620957612991333,1.7929518222808838,3.485757350921631,2.3892416954040527,1.8538848161697388,2.0227913856506348,2.0056090354919434
289,3.2726757526397705,1.2677805423736572,1.1756744384765625,2.122920274734497,4.349801063537598,3.272674812102517,0.27342644333839417,1.0,0.9999999403953552,0.9999974370002747,0.9999999403953552,1.0,1.4944220083634718e-06,3.3961294063425407e-13,3.239194386011452e-15,1.288746176442146e-07,0.40301835536956787,-0.0579175166785717,-0.26636821031570435,3.275655746459961,0.0,0.0,2.0909111499786377,4.322844505310059,3.275435141356946,0.2664937674999237,0.999995231628418,0.0,0.0,1.0,0.9999893307685852,0.0,0.0,0.0,0.0,0.3912097215652466,-0.05690056085586548,-0.2617104947566986,2.2443745136260986,2.214261770248413,1.671578049659729,1.6828224658966064,1.6895699501037598,1.6998867988586426,1.9748860597610474,3.616124153137207,2.5370588302612305,1.9880865812301636,2.1318650245666504,2.110128879547119,2.1550514698028564,2.1227033138275146,1.6576673984527588,1.6030786037445068,1.5832656621932983,1.6260921955108643,1.797078013420105,3.498666763305664,2.4037864208221436,1.8671586513519287,2.0314548015594482,2.014096736907959
290,3.2679293155670166,1.2677805423736572,1.175674319267273,2.1181304454803467,4.340557098388672,3.267928533249301,0.273832768201828,1.0,1.0,0.9999973177909851,1.0,1.0,1.3449798643705435e-06,3.0565163572880694e-13,2.915274587421304e-15,1.1598714166893842e-07,0.40489661693573,-0.05779697746038437,-0.264514684677124,3.2582643032073975,0.0,0.0,2.086928129196167,4.30171537399292,3.258032588255685,0.2688056528568268,0.9999949932098389,0.0,0.0,1.0000001192092896,0.9999887943267822,0.0,0.0,0.0,0.0,0.4204602837562561,-0.05652529373764992,-0.2749139666557312,2.223539352416992,2.224581003189087,1.7233697175979614,1.7063014507293701,1.5993893146514893,1.7073872089385986,1.9660131931304932,3.6295626163482666,2.5244572162628174,1.984830617904663,2.1289432048797607,2.107492446899414,2.161686658859253,2.132697105407715,1.6640981435775757,1.6069124937057495,1.5845998525619507,1.6309393644332886,1.8010337352752686,3.511634588241577,2.4156389236450195,1.8787732124328613,2.038801670074463,2.021338701248169
291,3.2651255130767822,1.2677805423736572,1.175674557685852,2.112499713897705,4.336578369140625,3.265124903751857,0.27376243472099304,1.0,1.0,0.9999973177909851,1.0,1.0,1.2104818551961216e-06,2.750864586033991e-13,2.623747234558292e-15,1.0438842679150184e-07,0.4056068956851959,-0.05772633105516434,-0.2612333595752716,3.273338794708252,0.0,0.0,2.0749478340148926,4.341771602630615,3.2732469322328535,0.26388710737228394,0.9999956488609314,0.0,0.0,1.0,0.9999901652336121,0.0,0.0,0.0,0.0,0.4112589955329895,-0.056764595210552216,-0.2633272707462311,2.2808353900909424,2.234910011291504,1.7612159252166748,1.746506690979004,1.6909509897232056,1.650569200515747,1.9787204265594482,3.643068313598633,2.5456621646881104,2.0122838020324707,2.1544723510742188,2.13100004196167,2.173372745513916,2.142735004425049,1.6736085414886475,1.61054265499115,1.5950912237167358,1.6324843168258667,1.804814338684082,3.524660110473633,2.42846941947937,1.8919867277145386,2.047776460647583,2.0300512313842773
292,3.262577533721924,1.2677805423736572,1.175674319267273,2.108269453048706,4.330570220947266,3.262577174509073,0.27381694316864014,1.0,0.9999999403953552,0.9999973177909851,0.9999999403953552,1.0,1.0894335673583555e-06,2.4757781003255375e-13,2.3613722146409314e-15,9.394958055963798e-08,0.4062797427177429,-0.05766141414642334,-0.2592761814594269,3.292693853378296,0.0,0.0,2.0892887115478516,4.349977970123291,3.292460458594164,0.26051226258277893,0.9999951124191284,0.0,0.0,1.0,0.9999887943267822,0.0,0.0,0.0,0.0,0.411661297082901,-0.05683198571205139,-0.26663029193878174,2.275400161743164,2.245265007019043,1.7528741359710693,1.7882081270217896,1.6661869287490845,1.7391560077667236,1.9836970567703247,3.6566059589385986,2.5586068630218506,2.024320125579834,2.169032096862793,2.1446990966796875,2.1833722591400146,2.152815341949463,1.6813706159591675,1.6142592430114746,1.6020684242248535,1.6370980739593506,1.8087815046310425,3.5377414226531982,2.44132399559021,1.9050883054733276,2.056391954421997,2.0384838581085205
293,3.2494924068450928,1.2677805423736572,1.175674319267273,2.0996763706207275,4.307024955749512,3.249491592076988,0.27499935030937195,1.0,1.0,0.9999973773956299,1.0000001192092896,1.0,9.804901992538362e-07,2.2282002631879294e-13,2.1252350990559566e-15,8.455462108258871e-08,0.4089450538158417,-0.057289544492959976,-0.26248419284820557,3.2093636989593506,0.0,0.0,2.0495805740356445,4.204122066497803,3.209273072724418,0.2668028473854065,0.9999955892562866,0.0,0.0,1.0000001192092896,0.9999904036521912,0.0,0.0,0.0,0.0,0.4313885271549225,-0.053405385464429855,-0.2898004651069641,2.302600145339966,2.256197452545166,1.6154696941375732,1.7621585130691528,1.593872308731079,1.9044674634933472,1.9964677095413208,3.6708364486694336,2.556281089782715,2.0374693870544434,2.1695821285247803,2.143815755844116,2.1950926780700684,2.1629879474639893,1.6736209392547607,1.617898941040039,1.6008456945419312,1.641286849975586,1.8134468793869019,3.5509390830993652,2.4525983333587646,1.9181979894638062,2.0626914501190186,2.044637441635132
294,3.2417867183685303,1.2677805423736572,1.1756744384765625,2.0920495986938477,4.293656349182129,3.241786312537601,0.2749342620372772,1.0,1.0,0.9999973773956299,1.0000001192092896,1.0,8.82441156591085e-07,2.0053800471337563e-13,1.9127115679745373e-15,7.609915542161616e-08,0.40938371419906616,-0.056977905333042145,-0.2624715566635132,3.2252402305603027,0.0,0.0,2.04028582572937,4.249584674835205,3.2251491021071477,0.260743647813797,0.9999954104423523,0.0,0.0,1.0,0.9999897480010986,0.0,0.0,0.0,0.0,0.4128282070159912,-0.054036159068346024,-0.2612154185771942,2.3137662410736084,2.2670252323150635,1.6927063465118408,1.7195535898208618,1.7543296813964844,1.8419349193572998,1.9915149211883545,3.6850719451904297,2.586947441101074,2.034874677658081,2.188772678375244,2.1604881286621094,2.2067670822143555,2.173231601715088,1.6752386093139648,1.6217026710510254,1.6159571409225464,1.6467257738113403,1.8176947832107544,3.5642435550689697,2.4658918380737305,1.929724931716919,2.0717179775238037,2.0531277656555176
295,3.2355005741119385,1.2677804231643677,1.1756744384765625,2.086085796356201,4.2815399169921875,3.2355004453776464,0.27509790658950806,1.0,1.0,0.9999973773956299,1.0,1.0,7.941969784042158e-07,1.804842083077962e-13,1.7214403052979652e-15,6.848923561619813e-08,0.40983206033706665,-0.05670839920639992,-0.26292669773101807,3.2441089153289795,0.0,0.0,2.054757595062256,4.263857841491699,3.243883192380239,0.26001983880996704,0.9999950528144836,0.0,0.0,1.0,0.9999891519546509,0.0,0.0,0.0,0.0,0.41338229179382324,-0.05394597724080086,-0.2655092179775238,2.276559591293335,2.2777795791625977,1.6715859174728394,1.8306472301483154,1.7466050386428833,1.781059741973877,2.028477668762207,3.6992831230163574,2.6010403633117676,2.063408851623535,2.1976449489593506,2.169966697692871,2.213545083999634,2.1835315227508545,1.6744245290756226,1.6257702112197876,1.6288559436798096,1.651845097541809,1.8217320442199707,3.5776402950286865,2.479271411895752,1.9429712295532227,2.07995867729187,2.061032772064209
296,3.230628728866577,1.2677805423736572,1.1756744384765625,2.0804474353790283,4.272437572479248,3.2306286422013035,0.27500319480895996,1.0,0.9999999403953552,0.9999973177909851,0.9999999403953552,0.9999999403953552,7.147772862481361e-07,1.624357793455003e-13,1.5492961053615792e-15,6.164031418620652e-08,0.4103078544139862,-0.056508466601371765,-0.26297882199287415,3.252349853515625,0.0,0.0,2.051497220993042,4.286188125610352,3.252258615314994,0.25743451714515686,0.9999956488609314,0.0,0.0,1.0,0.9999902844429016,0.0,0.0,0.0,0.0,0.41410529613494873,-0.05451269447803497,-0.26296329498291016,2.3040597438812256,2.287900447845459,1.7695300579071045,1.8392003774642944,1.739233374595642,1.789914846420288,2.0052413940429688,3.7139432430267334,2.616077423095703,2.045999765396118,2.2111101150512695,2.182373523712158,2.222421169281006,2.193814992904663,1.683786153793335,1.6298316717147827,1.6397647857666016,1.6566842794418335,1.8255670070648193,3.5911641120910645,2.4928205013275146,1.9531038999557495,2.088895797729492,2.069566011428833
297,3.2278082370758057,1.2677805423736572,1.1756744384765625,2.0772933959960938,4.263634204864502,3.227808030300221,0.2754685580730438,1.0,0.9999998807907104,0.9999973773956299,1.0000001192092896,1.0,6.43299529201613e-07,1.461921946346867e-13,1.394366579528716e-15,5.547627779378672e-08,0.4098125100135803,-0.056487929075956345,-0.26457449793815613,3.260283946990967,0.0,0.0,2.0660011768341064,4.270139694213867,3.2600566129483433,0.2644772231578827,0.9999946355819702,0.0,0.0,1.0000001192092896,0.9999883770942688,0.0,0.0,0.0,0.0,0.4053548276424408,-0.056129079312086105,-0.2783893644809723,2.3483734130859375,2.2980103492736816,1.7470405101776123,1.7775142192840576,1.6637723445892334,1.8161375522613525,2.029141426086426,3.7286410331726074,2.6400020122528076,2.075277090072632,2.212390899658203,2.1878576278686523,2.2348337173461914,2.2040817737579346,1.6899720430374146,1.6341549158096313,1.6419271230697632,1.6616860628128052,1.8292385339736938,3.6048061847686768,2.5074050426483154,1.9651907682418823,2.09732985496521,2.078010320663452
298,3.2262001037597656,1.2677806615829468,1.175674319267273,2.0736091136932373,4.260960578918457,3.2261994632313264,0.27511322498321533,1.0,1.0,0.9999974370002747,1.0000001192092896,1.0,5.789695478597423e-07,1.3157297517121802e-13,1.2549299215758444e-15,4.992864433006616e-08,0.4144015312194824,-0.056479062885046005,-0.263449490070343,3.3022537231445312,0.0,0.0,2.0695157051086426,4.365843296051025,3.3003194847413284,0.24874365329742432,0.9999592900276184,0.0,0.0,1.0000001192092896,0.9999089241027832,0.0,0.0,0.0,0.0,0.45335686206817627,-0.05622115731239319,-0.2529403567314148,2.36017107963562,2.308133602142334,1.8687654733657837,1.7857664823532104,1.7950180768966675,1.896411418914795,2.0386693477630615,3.7434139251708984,2.613316297531128,2.1048693656921387,2.251453399658203,2.220482110977173,2.247189998626709,2.214334487915039,1.6975409984588623,1.6387739181518555,1.657021164894104,1.6662468910217285,1.8327717781066895,3.6185617446899414,2.5176191329956055,1.9790418148040771,2.106910228729248,2.08722186088562
299,3.223306179046631,1.2677805423736572,1.175674319267273,2.068636417388916,4.254619598388672,3.2233059994766617,0.2748967111110687,1.0,0.9999999403953552,0.9999973773956299,1.0,1.0,5.210726499171869e-07,1.1841568036460165e-13,1.1294370141215547e-15,4.49357848708587e-08,0.4136207401752472,-0.05635723099112511,-0.26263371109962463,3.2693850994110107,0.0,0.0,2.0467658042907715,4.30275821685791,3.2682534343956258,0.2540530562400818,0.9999462962150574,0.0,0.0,1.0,0.9998816251754761,0.0,0.0,0.0,0.0,0.4067531228065491,-0.05504295229911804,-0.2550465762615204,2.372072696685791,2.318373203277588,1.7956326007843018,1.8653059005737305,1.8235455751419067,1.7995225191116333,2.0335464477539062,3.758324384689331,2.6703591346740723,2.1027212142944336,2.2539403438568115,2.2238407135009766,2.259505033493042,2.224586248397827,1.7050786018371582,1.6429146528244019,1.6734222173690796,1.670662522315979,1.8361810445785522,3.6324338912963867,2.5327587127685547,1.9912819862365723,2.116882562637329,2.0968196392059326
300,3.2179605960845947,1.2677804231643677,1.175674319267273,2.0628604888916016,4.2446417808532715,3.2179606774761633,0.2748919725418091,1.0,0.9999998807907104,0.9999973177909851,1.0,1.0,4.689653110290237e-07,1.0657410555187791e-13,1.0164932174181926e-15,4.044220247578778e-08,0.41496723890304565,-0.05616088584065437,-0.2627336084842682,3.2216804027557373,0.0,0.0,2.0244076251983643,4.233177661895752,3.2200263121649058,0.2606988847255707,0.9999207854270935,0.0,0.0,0.9999998807907104,0.9998257756233215,0.0,0.0,0.0,0.0,0.426209956407547,-0.054280705749988556,-0.2629329264163971,2.383972644805908,2.328591823577881,1.757577896118164,1.7507847547531128,1.7975308895111084,1.8435388803482056,2.047440767288208,3.773250102996826,2.6677744388580322,2.132368326187134,2.2482831478118896,2.2189903259277344,2.271782636642456,2.234835147857666,1.7101420164108276,1.647051453590393,1.6856964826583862,1.675860047340393,1.8399473428726196,3.6464121341705322,2.5461223125457764,2.005276918411255,2.126312732696533,2.1058504581451416
301,3.21528697013855,1.2677805423736572,1.175674319267273,2.059964895248413,4.235422134399414,3.2152870391570625,0.2753928303718567,1.0,1.0,0.9999972581863403,1.0000001192092896,1.0,4.220688083478308e-07,9.591668957567925e-14,9.148438639126379e-16,3.639798151766627e-08,0.414264976978302,-0.056141726672649384,-0.2642735540866852,3.264376640319824,0.0,0.0,2.054267168045044,4.262644290924072,3.2597022875802235,0.2609306573867798,0.9998990297317505,0.0,0.0,1.0,0.9997809529304504,0.0,0.0,0.0,0.0,0.40807634592056274,-0.055772777646780014,-0.2774463891983032,2.41287899017334,2.3387792110443115,1.7510502338409424,1.8290725946426392,1.7193433046340942,1.8706214427947998,2.0865025520324707,3.788196086883545,2.700795888900757,2.1460115909576416,2.2643253803253174,2.23750638961792,2.2857048511505127,2.2450780868530273,1.7140040397644043,1.6515101194381714,1.6888591051101685,1.6816037893295288,1.8438446521759033,3.660487651824951,2.5614616870880127,2.0192384719848633,2.135179281234741,2.1147477626800537
302,3.2127766609191895,1.2677805423736572,1.175674319267273,2.055410623550415,4.228021621704102,3.212776513407412,0.27528542280197144,1.0,0.9999999403953552,0.9999973177909851,0.9999999403953552,1.0000001192092896,3.798618877226545e-07,8.632501045371596e-14,8.233594881092859e-16,3.275818372117101e-08,0.41075599193573,-0.05603637173771858,-0.263630211353302,3.221546173095703,0.0,0.0,2.0207223892211914,4.208828449249268,3.2147426820712,0.2647024989128113,0.9998505711555481,0.0,0.0,1.0,0.9996764063835144,0.0,0.0,0.0,0.0,0.38082975149154663,-0.054915089160203934,-0.27774906158447266,2.4249136447906494,2.34895658493042,1.775151252746582,1.7000874280929565,1.8545551300048828,1.8443536758422852,2.03354549407959,3.803205728530884,2.745192766189575,2.143465280532837,2.2673428058624268,2.2399959564208984,2.2994446754455566,2.255314826965332,1.719868540763855,1.6557493209838867,1.7051955461502075,1.6869385242462158,1.8483781814575195,3.6746575832366943,2.579542636871338,2.0315375328063965,2.145663022994995,2.1249260902404785
303,3.211081027984619,1.2677804231643677,1.1756744384765625,2.051143169403076,4.223520278930664,3.21108092340063,0.27523452043533325,1.0,1.0,0.9999974370002747,1.0,1.0,3.4187570463473094e-07,7.769251144122344e-14,7.410233857736356e-16,2.948236499378254e-08,0.40964967012405396,-0.056000106036663055,-0.2629353702068329,3.277636766433716,0.0,0.0,2.0375285148620605,4.303735256195068,3.2744597129046937,0.25287699699401855,0.9998494386672974,0.0,0.0,1.0,0.9996716380119324,0.0,0.0,0.0,0.0,0.400040864944458,-0.05540785938501358,-0.2574986219406128,2.4369075298309326,2.3590736389160156,1.848022699356079,1.9015040397644043,1.8462677001953125,1.8184497356414795,2.076387882232666,3.8181753158569336,2.7407631874084473,2.173110008239746,2.301866292953491,2.2709789276123047,2.3130156993865967,2.2655398845672607,1.7251331806182861,1.6599901914596558,1.7191437482833862,1.692097544670105,1.8537925481796265,3.688908576965332,2.595529794692993,2.045586109161377,2.1558737754821777,2.134911060333252
304,3.204130172729492,1.2677804231643677,1.175674319267273,2.0464110374450684,4.2089715003967285,3.2041298936508573,0.27564379572868347,1.0,1.0,0.9999972581863403,1.0000001192092896,1.0,3.076881114338903e-07,6.992326097472745e-14,6.669210789600076e-16,2.653412778386155e-08,0.41263604164123535,-0.05574445798993111,-0.2638355791568756,3.2057526111602783,0.0,0.0,2.0214385986328125,4.176194667816162,3.1969838546412404,0.26319363713264465,0.9997931122779846,0.0,0.0,0.9999794960021973,0.9995774030685425,0.0,0.0,0.0,0.0,0.4378976821899414,-0.053228914737701416,-0.2703983783721924,2.3973631858825684,2.369189977645874,1.7039198875427246,1.7845529317855835,1.8195288181304932,1.8989430665969849,2.0969929695129395,3.833157539367676,2.7195982933044434,2.186528444290161,2.280977725982666,2.25165057182312,2.321293592453003,2.275754928588867,1.7221933603286743,1.6647413969039917,1.729077696800232,1.6972708702087402,1.8597846031188965,3.7032337188720703,2.6077158451080322,2.0595736503601074,2.1640639305114746,2.1428349018096924
305,3.200805425643921,1.2677804231643677,1.1756744384765625,2.0433778762817383,4.201563835144043,3.200805480248431,0.2761605978012085,1.0,0.9999999403953552,0.9999973177909851,1.0,1.0,2.769193088170141e-07,6.293093623250742e-14,6.002289340063154e-16,2.38807160712895e-08,0.4163411557674408,-0.05572238191962242,-0.26550039649009705,3.2456860542297363,0.0,0.0,2.0374763011932373,4.246581554412842,3.2328639171510987,0.2618955671787262,0.9997222423553467,0.0,0.0,1.0,0.9993959665298462,0.0,0.0,0.0,0.0,0.4477456510066986,-0.05535981059074402,-0.27999773621559143,2.4262139797210693,2.379253625869751,1.8338512182235718,1.8647629022598267,1.7229549884796143,1.8192816972732544,2.1261281967163086,3.8482069969177246,2.726243734359741,2.199894905090332,2.2946794033050537,2.266913414001465,2.331639051437378,2.2859551906585693,1.7272746562957764,1.6701539754867554,1.7280858755111694,1.7023162841796875,1.8656655550003052,3.71763277053833,2.6192848682403564,2.073500633239746,2.1721508502960205,2.1509289741516113
306,3.1989223957061768,1.2677806615829468,1.175674319267273,2.0394365787506104,4.197701454162598,3.198922613407393,0.27574247121810913,1.0,1.0,0.9999973773956299,0.9999998807907104,1.0,2.492273836196546e-07,5.663783380011403e-14,5.402060088419483e-16,2.149264410888918e-08,0.41970962285995483,-0.05564034357666969,-0.2642483413219452,3.2577016353607178,0.0,0.0,2.02726411819458,4.2741618156433105,3.2395533703635957,0.2526480257511139,0.9996073842048645,0.0,0.0,1.0,0.9991451501846313,0.0,0.0,0.0,0.0,0.448227196931839,-0.05471447482705116,-0.2678089439868927,2.45600962638855,2.387693166732788,1.8434388637542725,1.910984754562378,1.9143683910369873,1.811258316040039,2.1171255111694336,3.8639743328094482,2.7416903972625732,2.2158327102661133,2.326237440109253,2.2936997413635254,2.343918800354004,2.295971632003784,1.7318943738937378,1.6755386590957642,1.7464191913604736,1.7089542150497437,1.8716766834259033,3.7321672439575195,2.631268262863159,2.0876271724700928,2.1825435161590576,2.1608753204345703
307,3.199012279510498,1.2677805423736572,1.175674319267273,2.0380754470825195,4.193119049072266,3.1990124987670194,0.27590063214302063,1.0,1.0,0.9999973177909851,1.0,1.0,2.2430462820466346e-07,5.097405313060806e-14,4.861854238396213e-16,1.9343380230907314e-08,0.4198545813560486,-0.05571424961090088,-0.26491424441337585,3.288196325302124,0.0,0.0,2.0494885444641113,4.284470558166504,3.267579214195711,0.2541596293449402,0.9995551109313965,0.0,0.0,1.0,0.9990474581718445,0.0,0.0,0.0,0.0,0.42087501287460327,-0.056181252002716064,-0.27030953764915466,2.4862756729125977,2.3961308002471924,1.8369460105895996,1.8651219606399536,1.8125392198562622,1.9655046463012695,2.146984338760376,3.879840612411499,2.7837073802948,2.2317638397216797,2.3404815196990967,2.3104124069213867,2.3579723834991455,2.3058226108551025,1.7362157106399536,1.6817958354949951,1.7529034614562988,1.7161391973495483,1.8776167631149292,3.746833562850952,2.6463968753814697,2.1019327640533447,2.1923630237579346,2.1706905364990234
308,3.1971967220306396,1.2677805423736572,1.1756742000579834,2.0344350337982178,4.188131809234619,3.1971966209560887,0.2756698429584503,1.0,1.0,0.9999971985816956,1.0000001192092896,1.0,2.0187415827876976e-07,4.5876649511613146e-14,4.375668973375269e-16,1.7409041319638163e-08,0.42003726959228516,-0.05561092123389244,-0.26441484689712524,3.2498364448547363,0.0,0.0,2.0199108123779297,4.247936248779297,3.240839699444616,0.25496381521224976,0.9995704293251038,0.0,0.0,1.0,0.9990741610527039,0.0,0.0,0.0,0.0,0.4213807284832001,-0.054546039551496506,-0.26804158091545105,2.446000576019287,2.4045729637145996,1.8467539548873901,1.8745566606521606,1.896707534790039,1.8833284378051758,2.126638412475586,3.8958160877227783,2.799440622329712,2.247680187225342,2.342149496078491,2.310182809829712,2.3666224479675293,2.315525770187378,1.7408314943313599,1.6882305145263672,1.7671194076538086,1.7234492301940918,1.8842768669128418,3.761629819869995,2.66158390045166,2.1163978576660156,2.2025668621063232,2.1805543899536133
309,3.1913809776306152,1.2677805423736572,1.1756744384765625,2.0294246673583984,4.176528453826904,3.191380866463557,0.27571460604667664,1.0,0.9999999403953552,0.9999974966049194,1.0000001192092896,1.0000001192092896,1.8168672966112354e-07,4.1288980155880506e-14,3.938101811339946e-16,1.5668135233681824e-08,0.4221903085708618,-0.05537617206573486,-0.26502326130867004,3.2344555854797363,0.0,0.0,2.012068271636963,4.217796325683594,3.2254488411623394,0.2522890269756317,0.9995687007904053,0.0,0.0,0.9999998807907104,0.9990756511688232,0.0,0.0,0.0,0.0,0.4403284192085266,-0.05314299464225769,-0.26995667815208435,2.4760897159576416,2.4129762649536133,1.8244305849075317,1.9785090684890747,1.8504194021224976,1.9671117067337036,2.1326839923858643,3.911839008331299,2.7970004081726074,2.214308261871338,2.356536865234375,2.3219356536865234,2.377417802810669,2.3250925540924072,1.7465907335281372,1.6941572427749634,1.7753340005874634,1.730350136756897,1.8925179243087769,3.77654767036438,2.6749472618103027,2.1259689331054688,2.2118923664093018,2.1894562244415283
310,3.1912686824798584,1.2677805423736572,1.175674319267273,2.027266025543213,4.172703266143799,3.19126861255304,0.2757274806499481,1.0,1.0,0.9999973177909851,1.0,1.0,1.6351806664260948e-07,3.716008417317153e-14,3.544291577266392e-16,1.4101321887949325e-08,0.4212612509727478,-0.05539070442318916,-0.265197217464447,3.2566819190979004,0.0,0.0,2.0253708362579346,4.2391133308410645,3.247079350484674,0.2581396698951721,0.9995393753051758,0.0,0.0,1.0000001192092896,0.9990176558494568,0.0,0.0,0.0,0.0,0.4131603538990021,-0.055317170917987823,-0.27517080307006836,2.4886789321899414,2.4213156700134277,1.8504117727279663,1.8938109874725342,1.8789819478988647,1.8668683767318726,2.1629998683929443,3.9279356002807617,2.840579032897949,2.2626492977142334,2.3594231605529785,2.329423666000366,2.3883910179138184,2.3345305919647217,1.7518068552017212,1.69975745677948,1.785583257675171,1.7370727062225342,1.9007155895233154,3.7915830612182617,2.691375494003296,2.1395158767700195,2.2220332622528076,2.1994943618774414
311,3.1926660537719727,1.2677805423736572,1.1756744384765625,2.0264062881469727,4.17080545425415,3.19266601743879,0.2754193842411041,1.0,0.9999999403953552,0.9999973773956299,1.0000001192092896,1.0,1.471662471885793e-07,3.3444072706535766e-14,3.189862287190855e-16,1.2691188544522447e-08,0.422410249710083,-0.05545547232031822,-0.2640981674194336,3.302088499069214,0.0,0.0,2.0439014434814453,4.298996448516846,3.269321888758126,0.2474818378686905,0.9992932677268982,0.0,0.0,1.0,0.9984971880912781,0.0,0.0,0.0,0.0,0.4319896399974823,-0.05581166595220566,-0.2546841502189636,2.5008246898651123,2.43149733543396,1.8767728805541992,1.8665027618408203,1.965831995010376,2.045321226119995,2.1893014907836914,3.9434797763824463,2.8370862007141113,2.29251766204834,2.3949134349823,2.361262321472168,2.399484634399414,2.344048261642456,1.7565044164657593,1.705168604850769,1.8033479452133179,1.7432968616485596,1.9084763526916504,3.806671380996704,2.70581316947937,2.1547083854675293,2.2327520847320557,2.2100164890289307
312,3.1931612491607666,1.2677805423736572,1.175674319267273,2.0248661041259766,4.1675333976745605,3.1931615226465424,0.27550825476646423,1.0,1.0,0.9999973773956299,0.9999998807907104,0.9999999403953552,1.3244961394320853e-07,3.009966475825583e-14,2.870875767304194e-16,1.1422069512434518e-08,0.42059415578842163,-0.05550270155072212,-0.26424333453178406,3.262124538421631,0.0,0.0,2.0258147716522217,4.236330032348633,3.2494942650629555,0.25825464725494385,0.9993941187858582,0.0,0.0,0.9999998807907104,0.9987173080444336,0.0,0.0,0.0,0.0,0.40497100353240967,-0.055710095912218094,-0.2766392230987549,2.495492696762085,2.439866304397583,1.8870625495910645,1.8220590353012085,1.8987939357757568,1.9600334167480469,2.168382406234741,3.959754705429077,2.882070779800415,2.2914183139801025,2.380493640899658,2.3506288528442383,2.408938407897949,2.3534460067749023,1.7625892162322998,1.7105640172958374,1.8127810955047607,1.7500864267349243,1.9160332679748535,3.8218774795532227,2.723270893096924,2.1682610511779785,2.2427849769592285,2.2200284004211426
313,3.1953108310699463,1.2677805423736572,1.175674319267273,2.0257136821746826,4.165919303894043,3.1953109909347828,0.2759939432144165,1.0,1.0,0.9999973177909851,0.9999998807907104,0.9999999403953552,1.1920464970671674e-07,2.70896942166721e-14,2.5837879788155377e-16,1.027986229473754e-08,0.4209398031234741,-0.05569673329591751,-0.2656921148300171,3.298928737640381,0.0,0.0,2.054262638092041,4.277602195739746,3.266205064512728,0.2583771347999573,0.9992918372154236,0.0,0.0,1.0,0.9985036253929138,0.0,0.0,0.0,0.0,0.42368054389953613,-0.05717001110315323,-0.2778662443161011,2.4900946617126465,2.44822359085083,1.9142924547195435,1.8496733903884888,1.8157761096954346,1.9894033670425415,2.211101770401001,3.976090908050537,2.8783187866210938,2.3240180015563965,2.3896994590759277,2.362041473388672,2.416900634765625,2.362734794616699,1.7680388689041138,1.7158318758010864,1.8127397298812866,1.7566229104995728,1.9235395193099976,3.8371963500976562,2.738654613494873,2.183727502822876,2.251598834991455,2.2291641235351562
314,3.1974008083343506,1.2677805423736572,1.175674319267273,2.0247035026550293,4.165323257446289,3.1974008147985056,0.27595996856689453,1.0,1.0,0.9999971985816956,1.0,0.9999999403953552,1.0728417976224591e-07,2.438072869135645e-14,2.325409313282882e-16,9.251876598170838e-09,0.4203348755836487,-0.05583973601460457,-0.2652933895587921,3.306938886642456,0.0,0.0,2.0401010513305664,4.295655727386475,3.290783717825724,0.25083616375923157,0.9992367625236511,0.0,0.0,1.0000001192092896,0.9983897805213928,0.0,0.0,0.0,0.0,0.41499239206314087,-0.05682995170354843,-0.26201075315475464,2.576371669769287,2.4566571712493896,1.924803614616394,1.9337157011032104,1.9383386373519897,2.0000646114349365,2.1654293537139893,3.992593765258789,2.9042556285858154,2.339768886566162,2.4231998920440674,2.391326427459717,2.432626724243164,2.371934175491333,1.7736380100250244,1.721770167350769,1.8251674175262451,1.7627085447311401,1.930890440940857,3.852633237838745,2.755087375640869,2.19922137260437,2.2625675201416016,2.2401349544525146
315,3.202080726623535,1.2677804231643677,1.175674319267273,2.0258588790893555,4.166851043701172,3.20208083168622,0.276210755109787,1.0,0.9999999403953552,0.9999973177909851,1.0,1.0,9.655576604927774e-08,2.1942652772902194e-14,2.0928684613639325e-16,8.326688671900229e-09,0.4169701933860779,-0.05612386018037796,-0.26546740531921387,3.3548977375030518,0.0,0.0,2.06801700592041,4.344859600067139,3.1752255943492154,0.25027012825012207,0.9989528059959412,0.0,0.0,0.9999998807907104,0.9978088736534119,0.0,0.0,0.0,0.0,0.3882715404033661,-0.05826583132147789,-0.26563915610313416,2.552241086959839,2.465106248855591,1.9883431196212769,1.9631624221801758,1.8911110162734985,1.9916086196899414,2.233384609222412,4.009175777435303,2.9519035816192627,2.3383748531341553,2.438441038131714,2.408912181854248,2.444432258605957,2.3810553550720215,1.7789092063903809,1.7273062467575073,1.8316197395324707,1.7682685852050781,1.9386510848999023,3.8668575286865234,2.7744834423065186,2.2130160331726074,2.2724599838256836,2.250366687774658
316,3.2051713466644287,1.2677804231643677,1.175674319267273,2.025484561920166,4.167934417724609,3.205171482504715,0.2764224410057068,1.0,1.0,0.9999972581863403,1.0,1.0,8.690018660217902e-08,1.974838851205151e-14,1.883581707871768e-16,7.494018738896102e-09,0.41591891646385193,-0.056370239704847336,-0.26570555567741394,3.288952589035034,0.0,0.0,2.0377182960510254,4.257734298706055,3.26587071304685,0.26254528760910034,0.9988939762115479,0.0,0.0,0.9999998807907104,0.9976809024810791,0.0,0.0,0.0,0.0,0.4067918062210083,-0.05808819830417633,-0.300844669342041,2.6029860973358154,2.4736173152923584,1.9814810752868652,1.807684302330017,1.9012446403503418,1.908656358718872,2.2075915336608887,4.0258588790893555,2.9470584392547607,2.3539767265319824,2.421015501022339,2.3948171138763428,2.4600703716278076,2.390113353729248,1.783909559249878,1.7322901487350464,1.8384437561035156,1.7732462882995605,1.947537899017334,3.8810784816741943,2.7916014194488525,2.22699236869812,2.2825284004211426,2.2606537342071533
317,3.205568790435791,1.2677804231643677,1.1756744384765625,2.0239086151123047,4.165200233459473,3.205568767300574,0.2763335704803467,1.0,1.0,0.9999974370002747,0.9999998807907104,0.9999999403953552,7.821017078413206e-08,1.7773548136187055e-14,1.695223417970583e-16,6.744616865006492e-09,0.4178801476955414,-0.05645109340548515,-0.2648926377296448,3.3292243480682373,0.0,0.0,2.042229413986206,4.324602127075195,3.263649423716471,0.24466456472873688,0.9985752105712891,0.0,0.0,1.0,0.997005045413971,0.0,0.0,0.0,0.0,0.43441540002822876,-0.05689754709601402,-0.2572743594646454,2.6164159774780273,2.482200860977173,1.9746127128601074,1.9842960834503174,1.9893529415130615,2.0522541999816895,2.256040096282959,4.042637348175049,2.933488368988037,2.3695895671844482,2.4700889587402344,2.4354512691497803,2.4744210243225098,2.3991222381591797,1.7888120412826538,1.7373758554458618,1.8488125801086426,1.7787615060806274,1.9556503295898438,3.89448881149292,2.8056118488311768,2.241133451461792,2.292419195175171,2.2704226970672607
318,3.2077748775482178,1.2677805423736572,1.175674319267273,2.024082660675049,4.163140773773193,3.2077749067762813,0.27641400694847107,1.0,0.9999999403953552,0.9999973177909851,1.0,1.0,7.03891487319197e-08,1.599619349197494e-14,1.5257008908850674e-16,6.07015548936829e-09,0.4177754521369934,-0.0566079206764698,-0.2659834623336792,3.32340407371521,0.0,0.0,2.0536646842956543,4.29079532623291,3.2465922726343392,0.2541908621788025,0.9983105659484863,0.0,0.0,1.0,0.9964879155158997,0.0,0.0,0.0,0.0,0.4166918992996216,-0.057755645364522934,-0.2752886116504669,2.5918421745300293,2.490859031677246,1.932057499885559,1.9184412956237793,1.902681827545166,2.0834593772888184,2.247962236404419,4.059694290161133,2.969876766204834,2.4026646614074707,2.459953784942627,2.430537462234497,2.4860126972198486,2.408095359802246,1.7935099601745605,1.7421151399612427,1.8540165424346924,1.7849303483963013,1.963310956954956,3.9065587520599365,2.8219144344329834,2.2545299530029297,2.301499605178833,2.27960205078125
319,3.2104156017303467,1.2677805423736572,1.175674319267273,2.0239601135253906,4.163576126098633,3.210415840573204,0.2763974368572235,1.0,1.0,0.9999973177909851,1.0,1.0,6.335022817438585e-08,1.4396573465151087e-14,1.3731308017965606e-16,5.463139274297646e-09,0.4186740219593048,-0.056806109845638275,-0.2653689682483673,3.3717589378356934,0.0,0.0,2.062786817550659,4.379409313201904,3.2837322254713985,0.2433166354894638,0.9980896711349487,0.0,0.0,1.0,0.9959921836853027,0.0,0.0,0.0,0.0,0.42613500356674194,-0.05820677801966667,-0.26003342866897583,2.586275577545166,2.4995269775390625,2.0686213970184326,2.00590443611145,1.971327304840088,2.055288314819336,2.2814905643463135,4.076869964599609,2.976487636566162,2.4184632301330566,2.494025468826294,2.460843324661255,2.495896339416504,2.4170374870300293,1.7975016832351685,1.7469488382339478,1.8604124784469604,1.790693759918213,1.9703105688095093,3.917421817779541,2.837236166000366,2.266587257385254,2.310004949569702,2.2881832122802734
320,3.207359552383423,1.2677806615829468,1.175674319267273,2.0210633277893066,4.156490802764893,3.207359514530723,0.27628016471862793,1.0,1.0,0.9999973773956299,1.0,1.0,5.7015206778032734e-08,1.295691561041621e-14,1.235817761321574e-16,4.916825613321407e-09,0.42425763607025146,-0.056713126599788666,-0.26758575439453125,3.2570321559906006,0.0,0.0,2.0188605785369873,4.212843418121338,3.1593407339737825,0.25930070877075195,0.997763454914093,0.0,0.0,0.9999109506607056,0.9954162240028381,0.0,0.0,0.0,0.0,0.47180020809173584,-0.05582313612103462,-0.28733018040657043,2.618431568145752,2.510525703430176,1.88413405418396,1.958215355873108,1.8855998516082764,2.0078766345977783,2.2938361167907715,4.093550205230713,2.946453809738159,2.4314818382263184,2.463010549545288,2.432401180267334,2.504899263381958,2.426196575164795,1.801750659942627,1.7531886100769043,1.8626315593719482,1.7963696718215942,1.97720468044281,3.9272024631500244,2.847572088241577,2.2774438858032227,2.317445993423462,2.2952916622161865
321,3.2040016651153564,1.2677805423736572,1.175674319267273,2.0158214569091797,4.149439334869385,3.204001521384005,0.2761029303073883,1.0,1.0,0.9999972581863403,1.0000001192092896,0.9999999403953552,5.131368752131493e-08,1.1661224557594357e-14,1.1122359190149676e-16,4.4251429187625035e-09,0.4226629436016083,-0.0565476268529892,-0.2687597870826721,3.2309813499450684,0.0,0.0,1.9852031469345093,4.1811017990112305,3.1940688776122217,0.26063501834869385,0.9981955885887146,0.0,0.0,1.0,0.9962400794029236,0.0,0.0,0.0,0.0,0.4089096784591675,-0.054886240512132645,-0.2963697612285614,2.631627082824707,2.5215585231781006,1.9440149068832397,1.9494513273239136,2.0127830505371094,1.9065059423446655,2.240912437438965,4.110358238220215,3.030315399169922,2.409485101699829,2.475701093673706,2.4440248012542725,2.5130059719085693,2.4355523586273193,1.8061561584472656,1.7600812911987305,1.8667383193969727,1.8028372526168823,1.9845083951950073,3.9360082149505615,2.8656952381134033,2.2871828079223633,2.3257768154144287,2.3032240867614746
322,3.203793525695801,1.2677804231643677,1.175674319267273,2.0127053260803223,4.146297454833984,3.2037934407746462,0.27581465244293213,1.0,0.9999999403953552,0.9999973773956299,0.9999998807907104,1.0000001192092896,4.618231841391207e-08,1.0495101593615153e-14,1.0010123535832504e-16,3.982628449250569e-09,0.4212833046913147,-0.05651472508907318,-0.2695101201534271,3.2711288928985596,0.0,0.0,2.0053677558898926,4.226429462432861,3.23321476441765,0.25670990347862244,0.9981741309165955,0.0,0.0,1.0000001192092896,0.9962161183357239,0.0,0.0,0.0,0.0,0.40935182571411133,-0.0561261922121048,-0.2770000994205475,2.6616969108581543,2.535510301589966,1.9704737663269043,1.978164553642273,1.9433097839355469,2.0290627479553223,2.2517833709716797,4.126223564147949,3.0462398529052734,2.456212043762207,2.4998679161071777,2.468167781829834,2.520282745361328,2.445387363433838,1.810302495956421,1.7669099569320679,1.8704255819320679,1.8095495700836182,1.9936470985412598,3.943939447402954,2.8836169242858887,2.295989990234375,2.334005117416382,2.3111884593963623
323,3.205889940261841,1.2677805423736572,1.1756744384765625,2.012608289718628,4.144809246063232,3.205889578011412,0.27543509006500244,1.0,1.0,0.9999973177909851,1.0,1.0000001192092896,4.156408195399308e-08,9.445591349550343e-15,9.009110586679213e-17,3.5843654710987494e-09,0.4229208827018738,-0.056605156511068344,-0.2696186900138855,3.3284459114074707,0.0,0.0,2.038147449493408,4.297302722930908,3.2208202638707295,0.2474510669708252,0.9976107478141785,0.0,0.0,0.9999998807907104,0.9950613379478455,0.0,0.0,0.0,0.0,0.43668603897094727,-0.057301055639982224,-0.27027761936187744,2.672328233718872,2.5495195388793945,1.9973381757736206,2.007270574569702,2.0524299144744873,2.05889892578125,2.3288278579711914,4.1420698165893555,3.031012535095215,2.46783447265625,2.5307528972625732,2.4968302249908447,2.52683424949646,2.4556567668914795,1.8143198490142822,1.7733595371246338,1.8737316131591797,1.8159586191177368,2.0030198097229004,3.9510819911956787,2.8982203006744385,2.303922176361084,2.3416104316711426,2.3186287879943848
324,3.207345485687256,1.2677805423736572,1.175674319267273,2.0120584964752197,4.141040325164795,3.2073457075252416,0.2750698924064636,1.0,1.0,0.9999972581863403,0.9999998807907104,1.0,3.740766985060873e-08,8.501031028749183e-15,8.108198403045658e-17,3.225928635330888e-09,0.4216066002845764,-0.05663834884762764,-0.2686678469181061,3.3548877239227295,0.0,0.0,2.0389068126678467,4.330229759216309,3.311932197459854,0.23963740468025208,0.9979707598686218,0.0,0.0,1.0,0.9958277344703674,0.0,0.0,0.0,0.0,0.41022318601608276,-0.05678911879658699,-0.2600859999656677,2.643913507461548,2.5636706352233887,2.0246615409851074,2.077284574508667,2.188690423965454,2.089197874069214,2.32279896736145,4.158029079437256,3.078197479248047,2.47944974899292,2.562589406967163,2.525344133377075,2.5327436923980713,2.46632719039917,1.8185533285140991,1.7799675464630127,1.8762503862380981,1.822874903678894,2.012739658355713,3.9575142860412598,2.9161012172698975,2.311065435409546,2.3494136333465576,2.3262314796447754
325,3.210893154144287,1.2677805423736572,1.1756744384765625,2.01192045211792,4.141735553741455,3.210893315800297,0.2745462656021118,1.0,1.0,0.9999973177909851,1.0,1.0,3.366690393136196e-08,7.650927587061086e-15,7.29737876126444e-17,2.9033357940022597e-09,0.42047494649887085,-0.056761737912893295,-0.27008041739463806,3.336016893386841,0.0,0.0,2.0401647090911865,4.298088073730469,3.2875904821285604,0.2500830590724945,0.996248185634613,0.0,0.0,0.9966654181480408,0.9958083033561707,0.0,0.0,0.0,0.0,0.4106437563896179,-0.057736922055482864,-0.2818802297115326,2.654541015625,2.577894926071167,2.0898547172546387,2.026951551437378,2.031224250793457,2.001474618911743,2.333977460861206,4.174028396606445,3.0942723751068115,2.473027229309082,2.545724630355835,2.5136220455169678,2.538058042526245,2.4773638248443604,1.8235019445419312,1.7871588468551636,1.8790538311004639,1.8300682306289673,2.023282527923584,3.963306188583374,2.9338128566741943,2.3174936771392822,2.3573100566864014,2.333966016769409
326,3.2138750553131104,1.2677805423736572,1.1756744384765625,2.0120489597320557,4.140398025512695,3.213875262275629,0.2740132808685303,1.0,0.9999999403953552,0.9999973773956299,1.0000001192092896,1.0,3.030021389349713e-08,6.885835336574745e-15,6.567640686614649e-17,2.61300203696635e-09,0.4195135235786438,-0.05683358758687973,-0.2735830843448639,3.297786235809326,0.0,0.0,2.0270800590515137,4.226990222930908,3.249363012427649,0.25663426518440247,0.9976547956466675,0.0,0.0,1.0,0.9952312707901001,0.0,0.0,0.0,0.0,0.4111308157444,-0.05733960121870041,-0.30377039313316345,2.6847002506256104,2.5963265895843506,2.0080161094665527,1.9022719860076904,2.145447015762329,1.9927029609680176,2.3234846591949463,4.190468788146973,3.1111764907836914,2.5002517700195312,2.5454845428466797,2.5148916244506836,2.542834520339966,2.489154577255249,1.8288800716400146,1.7944378852844238,1.881413459777832,1.836814522743225,2.0335044860839844,3.968522071838379,2.951455593109131,2.323284387588501,2.365030288696289,2.3414833545684814
327,3.2134742736816406,1.2677803039550781,1.175674319267273,2.0096852779388428,4.136037349700928,3.2134744415446685,0.27343928813934326,1.0,1.0,0.9999974370002747,1.0000001192092896,1.0,2.7270193214690153e-08,6.197250913532676e-15,5.910876485604286e-17,2.3517017222474124e-09,0.42057037353515625,-0.05675990507006645,-0.27268800139427185,3.2973146438598633,0.0,0.0,2.0156242847442627,4.234672546386719,3.238160592015237,0.24903658032417297,0.9971470236778259,0.0,0.0,1.0,0.9941890835762024,0.0,0.0,0.0,0.0,0.4293921887874603,-0.056110940873622894,-0.2748620808124542,2.7351319789886475,2.6148269176483154,2.035738706588745,2.088430643081665,2.010991096496582,2.1011927127838135,2.3391196727752686,4.206997394561768,3.1065993309020996,2.4913394451141357,2.5730366706848145,2.537496566772461,2.5470972061157227,2.501626491546631,1.834360957145691,1.8013609647750854,1.8836467266082764,1.8435536623001099,2.0428619384765625,3.973217487335205,2.966878890991211,2.3284945487976074,2.372309923171997,2.3483214378356934
328,3.217531681060791,1.2677805423736572,1.1756744384765625,2.0109519958496094,4.134994983673096,3.2175315159308138,0.2730187773704529,1.0,0.9999999403953552,0.9999973773956299,1.0,1.0,2.4543172827407034e-08,5.577525610421172e-15,5.319789432613898e-17,2.1165316166360526e-09,0.4187682569026947,-0.05689443647861481,-0.2737935185432434,3.3441693782806396,0.0,0.0,2.0507359504699707,4.2736968994140625,3.2070956085619935,0.25091925263404846,0.9968976378440857,0.0,0.0,1.0,0.9937493205070496,0.0,0.0,0.0,0.0,0.4032640755176544,-0.05802815780043602,-0.28332293033599854,2.6864500045776367,2.633357524871826,2.0639188289642334,2.018216371536255,2.0823869705200195,2.0522842407226562,2.3852906227111816,4.2236008644104,3.1565115451812744,2.5187082290649414,2.5820724964141846,2.5505261421203613,2.550940752029419,2.5147104263305664,1.8394335508346558,1.8076995611190796,1.8857197761535645,1.8497899770736694,2.0520286560058594,3.9774439334869385,2.9857168197631836,2.3331823348999023,2.379666566848755,2.355614185333252
329,3.2188427448272705,1.2677804231643677,1.1756744384765625,2.010464668273926,4.131094932556152,3.2188428675396175,0.2725103199481964,1.0,1.0,0.9999973773956299,1.0,1.0,2.2088853413038123e-08,5.019773472895528e-15,4.7878093974741e-17,1.904878255132303e-09,0.4190656840801239,-0.05689626559615135,-0.27231886982917786,3.3348488807678223,0.0,0.0,2.0381593704223633,4.261767387390137,3.19541916556479,0.24460692703723907,0.9968457818031311,0.0,0.0,1.0,0.9936580657958984,0.0,0.0,0.0,0.0,0.4214214086532593,-0.056859638541936874,-0.2667829394340515,2.756903886795044,2.651949882507324,2.055847644805908,2.151962995529175,2.0928564071655273,2.123135805130005,2.3530330657958984,4.240322113037109,3.1513125896453857,2.5095858573913574,2.6086909770965576,2.572434425354004,2.554386615753174,2.528348684310913,1.8446669578552246,1.8134765625,1.887586236000061,1.8563988208770752,2.0617294311523438,3.9812474250793457,3.0022032260894775,2.337399959564209,2.386744499206543,2.3624000549316406
330,3.2212257385253906,1.2677805423736572,1.175674319267273,2.009244918823242,4.131139278411865,3.221226070356577,0.27177783846855164,1.0,1.0,0.9999973773956299,1.0,1.0,1.9879967894098627e-08,4.5177959138477386e-15,4.309028656250037e-17,1.7143904074146121e-09,0.41937872767448425,-0.05694177374243736,-0.2724412679672241,3.314518451690674,0.0,0.0,2.027400255203247,4.239734172821045,3.2544037005137656,0.25190603733062744,0.9971180558204651,0.0,0.0,1.0,0.9941886067390442,0.0,0.0,0.0,0.0,0.42187535762786865,-0.05729310214519501,-0.2804746627807617,2.747860908508301,2.6705684661865234,2.1598639488220215,1.9995540380477905,1.962162733078003,2.1754887104034424,2.355823040008545,4.257156848907471,3.168490409851074,2.5371830463409424,2.6034152507781982,2.5703132152557373,2.5574960708618164,2.5424869060516357,1.8516414165496826,1.8197962045669556,1.888852596282959,1.8656865358352661,2.071768045425415,3.9846689701080322,3.0187580585479736,2.3411898612976074,2.3942344188690186,2.369528293609619
331,3.222365140914917,1.2677805423736572,1.1756742000579834,2.0080113410949707,4.129299163818359,3.222365328236317,0.2708905339241028,1.0,1.0,0.9999973177909851,1.0,1.0,1.7891968795424873e-08,4.0660160683530806e-15,3.878125459752788e-17,1.5429514332865324e-09,0.42248398065567017,-0.05691816657781601,-0.27228596806526184,3.3028578758239746,0.0,0.0,2.0276834964752197,4.218216419219971,3.242150787636667,0.25150614976882935,0.9970845580101013,0.0,0.0,1.0,0.9941318035125732,0.0,0.0,0.0,0.0,0.4488719403743744,-0.05667814984917641,-0.2858063280582428,2.758957624435425,2.68926739692688,2.132056713104248,2.0700252056121826,1.9529918432235718,2.145411252975464,2.4018137454986572,4.27408504486084,3.1540095806121826,2.527921676635742,2.610653877258301,2.576456069946289,2.5602872371673584,2.5570812225341797,1.859031319618225,1.8272783756256104,1.889933705329895,1.8751626014709473,2.0811195373535156,3.98774790763855,3.03206205368042,2.3446004390716553,2.401430606842041,2.3761909008026123
332,3.2260890007019043,1.2677804231643677,1.1756744384765625,2.0082144737243652,4.129631996154785,3.226088863670343,0.270067036151886,1.0,1.0,0.9999974370002747,1.0,1.0,1.6102772448789437e-08,3.659414842682599e-15,3.490312748341387e-17,1.388656190037807e-09,0.421616792678833,-0.056986745446920395,-0.273264080286026,3.343362808227539,0.0,0.0,2.0410149097442627,4.268373489379883,3.285165936021612,0.246689572930336,0.9972155690193176,0.0,0.0,1.0,0.9944196343421936,0.0,0.0,0.0,0.0,0.41399383544921875,-0.05757082626223564,-0.28152939677238464,2.7303175926208496,2.7080392837524414,2.240405321121216,2.0400331020355225,2.1043107509613037,2.1158626079559326,2.3912065029144287,4.291171550750732,3.214437961578369,2.5188217163085938,2.635460615158081,2.6006319522857666,2.5627596378326416,2.5705907344818115,1.8661985397338867,1.8346068859100342,1.8913698196411133,1.884142279624939,2.0901870727539062,3.9905169010162354,3.0465359687805176,2.3476505279541016,2.4084560871124268,2.38288950920105
333,3.2295961380004883,1.2677805423736572,1.175674319267273,2.008876085281372,4.129456043243408,3.2295964106136963,0.2691692113876343,1.0,1.0,0.9999973773956299,1.0000001192092896,1.0,1.4492495203910494e-08,3.293472892546218e-15,3.1412815727689216e-17,1.249790604340717e-09,0.4227153956890106,-0.05703882873058319,-0.2710587680339813,3.370614528656006,0.0,0.0,2.0518617630004883,4.296207904815674,3.225922967450576,0.23868565261363983,0.9967607259750366,0.0,0.0,0.9999865889549255,0.9935593605041504,0.0,0.0,0.0,0.0,0.4320247769355774,-0.057451311498880386,-0.2681639790534973,2.7815258502960205,2.7268784046173096,2.21134614944458,2.154008388519287,2.0737617015838623,2.2526724338531494,2.4434945583343506,4.3083624839782715,3.209636926651001,2.5465915203094482,2.670827865600586,2.6324427127838135,2.5650105476379395,2.5827481746673584,1.8743647336959839,1.841381311416626,1.8926472663879395,1.8926512002944946,2.1003546714782715,3.9930076599121094,3.0594611167907715,2.350409507751465,2.41520357131958,2.389253616333008
334,3.22749924659729,1.2677804231643677,1.1756744384765625,2.005585193634033,4.122566223144531,3.2274996154915865,0.26810771226882935,1.0,1.0,0.9999973773956299,1.0,1.0000001192092896,1.3043245594701602e-08,2.9641257303465382e-15,2.827153117707009e-17,1.1248114661910336e-09,0.4246545433998108,-0.05678090080618858,-0.270546555519104,3.270965337753296,0.0,0.0,2.002636671066284,4.160249710083008,3.2122924117589635,0.2478170245885849,0.9971507787704468,0.0,0.0,0.9999998807907104,0.9943357110023499,0.0,0.0,0.0,0.0,0.441241979598999,-0.05434346944093704,-0.27509307861328125,2.7728750705718994,2.745788812637329,2.090153455734253,2.186497926712036,2.0848865509033203,2.1383683681488037,2.4191737174987793,4.325709342956543,3.2163946628570557,2.556049346923828,2.6535897254943848,2.6144096851348877,2.5670197010040283,2.5936880111694336,1.8837628364562988,1.848282814025879,1.8937968015670776,1.9022672176361084,2.1110568046569824,3.9952476024627686,3.071052074432373,2.3528892993927,2.4219062328338623,2.395111083984375
335,3.2274701595306396,1.2677804231643677,1.175674319267273,2.0043301582336426,4.117587566375732,3.227470194854839,0.2670738101005554,1.0,1.0,0.9999972581863403,1.0,0.9999997615814209,1.17389209464136e-08,2.667713114960237e-15,2.5444378390235326e-17,1.0123303306741605e-09,0.42642587423324585,-0.0566357746720314,-0.26940596103668213,3.3300845623016357,0.0,0.0,2.0234382152557373,4.240584850311279,3.1881125768957297,0.2354547381401062,0.9967935085296631,0.0,0.0,1.0,0.9936339855194092,0.0,0.0,0.0,0.0,0.441633939743042,-0.05525831878185272,-0.25916212797164917,2.784335136413574,2.764596462249756,2.194202184677124,2.1762168407440186,2.2689208984375,2.2122321128845215,2.4674196243286133,4.343109130859375,3.233898878097534,2.528427839279175,2.697335958480835,2.654014825820923,2.5688223838806152,2.603532075881958,1.8929202556610107,1.8554648160934448,1.8944919109344482,1.911134123802185,2.1213934421539307,3.9972622394561768,3.0814921855926514,2.355074882507324,2.428158760070801,2.400672674179077
336,3.2320539951324463,1.2677804231643677,1.175674319267273,2.0047738552093506,4.1207098960876465,3.2320540774052167,0.26606041193008423,1.0,1.0,0.9999973177909851,1.0000001192092896,1.0,1.056502796359382e-08,2.4009417822883896e-15,2.289994104752016e-17,9.110972531978234e-10,0.4271414577960968,-0.05669098719954491,-0.2692645490169525,3.3299248218536377,0.0,0.0,2.036141872406006,4.224466323852539,3.2695115219256774,0.2477329820394516,0.9971178770065308,0.0,0.0,0.9999972581863403,0.9943152666091919,0.0,0.0,0.0,0.0,0.4332432448863983,-0.057021524757146835,-0.28705814480781555,2.8161051273345947,2.7833924293518066,2.244476079940796,2.1238112449645996,1.9671342372894287,2.2884936332702637,2.420015811920166,4.3606157302856445,3.2623751163482666,2.594189405441284,2.686060667037964,2.6503279209136963,2.5704517364501953,2.6123898029327393,1.9017952680587769,1.8635149002075195,1.8960888385772705,1.919230580329895,2.132643699645996,4.000373840332031,3.090927839279175,2.3570656776428223,2.4344482421875,2.4065825939178467
337,3.2331745624542236,1.2677805423736572,1.175674319267273,2.004141330718994,4.117810249328613,3.2331747608350545,0.265048623085022,1.0,1.0,0.9999973177909851,1.0,1.0,9.508524634327387e-09,2.1608475405320796e-15,2.0609947769948757e-17,8.199874668157747e-10,0.4287222623825073,-0.05655274912714958,-0.26969701051712036,3.2992911338806152,0.0,0.0,2.021752119064331,4.175583839416504,3.159270980350256,0.24574388563632965,0.9968056678771973,0.0,0.0,1.0,0.9937277436256409,0.0,0.0,0.0,0.0,0.4423823058605194,-0.05505603924393654,-0.27250543236732483,2.8075318336486816,2.80224609375,2.140989065170288,2.264625310897827,2.1190998554229736,2.1315791606903076,2.468714952468872,4.378249168395996,3.269132375717163,2.5848445892333984,2.6967012882232666,2.657546281814575,2.57256817817688,2.6203596591949463,1.9103851318359375,1.8719642162322998,1.9003242254257202,1.9270950555801392,2.1434905529022217,4.004856109619141,3.0993871688842773,2.358872175216675,2.440930128097534,2.4124579429626465
338,3.2376339435577393,1.2677805423736572,1.1756744384765625,2.0056710243225098,4.119085788726807,3.2376339268538494,0.26409491896629333,1.0,0.9999999403953552,0.9999973177909851,0.9999998807907104,1.0,8.557671904441122e-09,1.9447626594239296e-15,1.8548951173156534e-17,7.379887256853124e-10,0.42927736043930054,-0.056575220078229904,-0.27029508352279663,3.3399646282196045,0.0,0.0,2.0430757999420166,4.221720218658447,3.1039492891206706,0.2433522790670395,0.9944074153900146,0.0,0.0,0.9999969601631165,0.9890689253807068,0.0,0.0,0.0,0.0,0.43401727080345154,-0.056617483496665955,-0.2752111852169037,2.8177998065948486,2.820904016494751,2.207854986190796,2.209346055984497,2.088226079940796,2.246947765350342,2.480118751525879,4.395470142364502,3.297370433807373,2.6153762340545654,2.7179412841796875,2.6797306537628174,2.57562255859375,2.6275312900543213,1.9192259311676025,1.880567193031311,1.9046581983566284,1.9345707893371582,2.1538989543914795,4.010598182678223,3.1070351600646973,2.363264322280884,2.447697401046753,2.4188661575317383
339,3.2394232749938965,1.2677805423736572,1.1756744384765625,2.004354476928711,4.1186676025390625,3.2394234128178017,0.2632047235965729,1.0,1.0,0.9999974370002747,1.0,1.0000001192092896,7.701905779811113e-09,1.7502863299540656e-15,1.6694054897788023e-17,6.641898697701265e-10,0.42892464995384216,-0.05647364258766174,-0.2713019847869873,3.2992489337921143,0.0,0.0,2.0102529525756836,4.173905372619629,3.1990248120191125,0.2461702972650528,0.9950602650642395,0.0,0.0,0.9999998807907104,0.9903423190116882,0.0,0.0,0.0,0.0,0.42568957805633545,-0.05548648536205292,-0.27970975637435913,2.8691184520721436,2.839571952819824,2.238051652908325,2.1981403827667236,2.0580663681030273,2.2583115100860596,2.4594647884368896,4.412831783294678,3.326160192489624,2.607581615447998,2.7267301082611084,2.68740177154541,2.5794899463653564,2.633984327316284,1.928377628326416,1.8890315294265747,1.9093868732452393,1.9422361850738525,2.163609027862549,4.017472743988037,3.113919496536255,2.367957830429077,2.4545466899871826,2.4252192974090576
340,3.239398956298828,1.2677804231643677,1.175674319267273,2.0038416385650635,4.115164279937744,3.2393987148018666,0.26225295662879944,1.0,1.0,0.9999973773956299,1.0,1.0,6.931714757740792e-09,1.5752576651949235e-15,1.5024648911700853e-17,5.97770888344229e-10,0.4331243336200714,-0.05632573366165161,-0.27178990840911865,3.292121410369873,0.0,0.0,2.021056652069092,4.15920352935791,3.048538297786907,0.2443917691707611,0.9941582679748535,0.0,0.0,1.0,0.9885695576667786,0.0,0.0,0.0,0.0,0.4696568250656128,-0.054852444678545,-0.2754911482334137,2.818267345428467,2.8581974506378174,2.2105343341827393,2.2085328102111816,2.1098904609680176,2.2482149600982666,2.5032176971435547,4.430236339569092,3.2892932891845703,2.619178295135498,2.7295563220977783,2.6885905265808105,2.5833401679992676,2.6397910118103027,1.9381155967712402,1.8978567123413086,1.9146124124526978,1.9511613845825195,2.173239231109619,4.025331020355225,3.119825839996338,2.3731606006622314,2.4616434574127197,2.4316608905792236
341,3.239736795425415,1.2677805423736572,1.175674319267273,2.0039095878601074,4.111313343048096,3.2397368841644965,0.2613844573497772,1.0,0.9999999403953552,0.9999973177909851,0.9999998807907104,1.0,6.238542571423977e-09,1.4177318774996075e-15,1.3522183689658523e-17,5.379937606520002e-10,0.4369122385978699,-0.05617998167872429,-0.27437624335289,3.294346570968628,0.0,0.0,2.0277624130249023,4.139888286590576,2.9222852019213064,0.24513928592205048,0.9904332160949707,0.0,0.0,1.0,0.9815122485160828,0.0,0.0,0.0,0.0,0.46994471549987793,-0.054503463208675385,-0.29487061500549316,2.8490076065063477,2.876828193664551,2.165846824645996,2.263232946395874,1.9999916553497314,2.3924813270568848,2.5382468700408936,4.447813034057617,3.3065345287323,2.6505343914031982,2.749051809310913,2.7084152698516846,2.588134765625,2.6450159549713135,1.9476004838943481,1.9058895111083984,1.919004201889038,1.960379719734192,2.1841962337493896,4.034065246582031,3.1251940727233887,2.3793656826019287,2.4688847064971924,2.438317060470581
342,3.243278980255127,1.2677806615829468,1.175674319267273,2.004589796066284,4.11129903793335,3.2432788606397573,0.2605396807193756,1.0,1.0,0.9999973177909851,1.0000001192092896,1.0,5.6146882698726586e-09,1.2759585732826165e-15,1.2169965899719099e-17,4.841943512801095e-10,0.4350278973579407,-0.05611662566661835,-0.2724291980266571,3.314556121826172,0.0,0.0,2.0201869010925293,4.174497604370117,3.1609811583115714,0.24228179454803467,0.9921666383743286,0.0,0.0,1.0,0.9848608374595642,0.0,0.0,0.0,0.0,0.41813379526138306,-0.0553278774023056,-0.2755250930786133,2.839186191558838,2.8954384326934814,2.252058982849121,2.229302406311035,2.284960985183716,2.1864802837371826,2.5076208114624023,4.465562343597412,3.390822649002075,2.642998218536377,2.7694432735443115,2.728111743927002,2.5936107635498047,2.6497175693511963,1.9571177959442139,1.9139437675476074,1.92350435256958,1.9692755937576294,2.1956491470336914,4.043512344360352,3.130202054977417,2.3871748447418213,2.4763708114624023,2.4454381465911865
343,3.2474818229675293,1.2677805423736572,1.175674319267273,2.0062103271484375,4.110698699951172,3.247481536297845,0.25969401001930237,1.0,1.0,0.9999973177909851,1.0,0.9999998807907104,5.053219620521077e-09,1.1483628006576495e-15,1.0952968978874944e-17,4.3577494390767413e-10,0.43250665068626404,-0.05603426322340965,-0.27286994457244873,3.298713207244873,0.0,0.0,2.0246541500091553,4.1233811378479,2.9618557269964216,0.2481015920639038,0.9913474917411804,0.0,0.0,0.9999819397926331,0.983555018901825,0.0,0.0,0.0,0.0,0.4098743498325348,-0.05497145652770996,-0.2745679020881653,2.8907670974731445,2.9139881134033203,2.152427911758423,2.2398715019226074,2.1647512912750244,2.2612967491149902,2.5622878074645996,4.483355522155762,3.4209229946136475,2.655099630355835,2.774477005004883,2.7356529235839844,2.599571943283081,2.6539487838745117,1.9663487672805786,1.922540307044983,1.9285593032836914,1.9775389432907104,2.208266019821167,4.0536017417907715,3.1346607208251953,2.395237684249878,2.484027624130249,2.4527692794799805
344,3.2524876594543457,1.2677804231643677,1.175674319267273,2.0086288452148438,4.11144495010376,3.2524876601105204,0.25894278287887573,1.0,1.0,0.9999973177909851,1.0000001192092896,1.0,4.547897169970838e-09,1.0335265205918846e-15,9.857671832833266e-18,3.921973856790828e-10,0.43027395009994507,-0.05602187290787697,-0.2718566060066223,3.3123178482055664,0.0,0.0,2.031003713607788,4.142033100128174,2.9711205719986165,0.24700580537319183,0.9912717342376709,0.0,0.0,1.0,0.9833869338035583,0.0,0.0,0.0,0.0,0.4102090299129486,-0.055591098964214325,-0.2807880938053131,2.860173225402832,2.9324254989624023,2.199537515640259,2.1631577014923096,2.263957977294922,2.251394271850586,2.574378490447998,4.501201152801514,3.4388115406036377,2.687152147293091,2.7872188091278076,2.748462677001953,2.6056771278381348,2.6577565670013428,1.9751824140548706,1.9306973218917847,1.9346566200256348,1.9852604866027832,2.219788074493408,4.064279556274414,3.138698101043701,2.403026819229126,2.491502523422241,2.460028648376465
345,3.2538907527923584,1.2677804231643677,1.175674319267273,2.008648633956909,4.109442710876465,3.2538907725809154,0.25825411081314087,1.0,1.0,0.9999973177909851,1.0000001192092896,1.0,4.093107630609438e-09,9.301737838294014e-16,8.871904980422185e-18,3.5297767486675014e-10,0.4308963716030121,-0.055899593979120255,-0.2714226543903351,3.2762959003448486,0.0,0.0,2.0091350078582764,4.102869987487793,3.1207516570163536,0.24780789017677307,0.9919902086257935,0.0,0.0,0.9999999403953552,0.9846957921981812,0.0,0.0,0.0,0.0,0.43631264567375183,-0.05459447577595711,-0.2777673900127411,2.9120242595672607,2.9507977962493896,2.2108469009399414,2.1521544456481934,2.231379747390747,2.3064656257629395,2.543240547180176,4.519121170043945,3.4203169345855713,2.6796529293060303,2.79259991645813,2.751743793487549,2.6123085021972656,2.6611838340759277,1.9838961362838745,1.9383207559585571,1.9413129091262817,1.9930343627929688,2.230706214904785,4.075498580932617,3.142413377761841,2.410802125930786,2.4989476203918457,2.467060089111328
346,3.2526729106903076,1.2677805423736572,1.1756744384765625,2.007192850112915,4.1051130294799805,3.25267299452119,0.2575642466545105,1.0,1.0,0.9999974370002747,1.0,1.0,3.6837968231395735e-09,8.371563842706376e-16,7.984713241609047e-18,3.1767988240005707e-10,0.43412157893180847,-0.055667731910943985,-0.27087000012397766,3.2461369037628174,0.0,0.0,1.9951671361923218,4.066640377044678,3.0858162749820752,0.24882321059703827,0.991705060005188,0.0,0.0,1.0,0.9841143488883972,0.0,0.0,0.0,0.0,0.46249058842658997,-0.05328822135925293,-0.2841939628124237,2.92266583442688,2.969125509262085,2.186109781265259,2.249908447265625,2.265507698059082,2.1901845932006836,2.531546115875244,4.537123203277588,3.4042811393737793,2.712169885635376,2.7968621253967285,2.754408121109009,2.6192996501922607,2.6642684936523438,1.9921026229858398,1.946395993232727,1.9481948614120483,2.001753330230713,2.2410342693328857,4.087242603302002,3.145587205886841,2.418919801712036,2.5064799785614014,2.474003314971924
347,3.2546284198760986,1.2677805423736572,1.175674319267273,2.006654977798462,4.105886936187744,3.254628443740378,0.25692859292030334,1.0,1.0,0.9999973773956299,1.0000001192092896,1.0,3.3154166079185643e-09,7.534407299617061e-16,7.186241586575897e-18,2.859119052622816e-10,0.4361531734466553,-0.05561362951993942,-0.2708541750907898,3.293938398361206,0.0,0.0,2.0103015899658203,4.138767242431641,3.129778848565861,0.24524320662021637,0.9916250109672546,0.0,0.0,1.0000001192092896,0.9839010238647461,0.0,0.0,0.0,0.0,0.45405590534210205,-0.05498849228024483,-0.27680128812789917,2.890075206756592,2.987288475036621,2.329195499420166,2.2585368156433105,2.1892712116241455,2.241122007369995,2.589744806289673,4.555215835571289,3.4329123497009277,2.7035911083221436,2.817695379257202,2.7760818004608154,2.6264169216156006,2.667036771774292,2.0007777214050293,1.9544023275375366,1.9548897743225098,2.010335683822632,2.250887155532837,4.099466800689697,3.1485488414764404,2.4270272254943848,2.513978958129883,2.4811534881591797
348,3.2563538551330566,1.2677805423736572,1.175674319267273,2.0071280002593994,4.1039605140686035,3.256353935758854,0.25622567534446716,1.0,0.9999999403953552,0.9999972581863403,1.0,1.0,2.9838751469668523e-09,6.78096619907844e-16,6.467617262482185e-18,2.5732069253159295e-10,0.4379890263080597,-0.05551085248589516,-0.27080127596855164,3.298650026321411,0.0,0.0,2.016974925994873,4.123297214508057,2.402909752811033,0.24186494946479797,0.9675758481025696,0.0,0.0,1.0,0.938447117805481,0.0,0.0,0.0,0.0,0.45417696237564087,-0.054354630410671234,-0.26920372247695923,2.921215295791626,3.002143144607544,2.2259747982025146,2.2915663719177246,2.243587017059326,2.3616573810577393,2.62190318107605,4.573277950286865,3.4501564502716064,2.7409074306488037,2.8432388305664062,2.799410343170166,2.6364893913269043,2.669536590576172,2.0087854862213135,1.9632893800735474,1.962867021560669,2.0194382667541504,2.2609400749206543,4.112135410308838,3.151230573654175,2.435272693634033,2.521998405456543,2.4887609481811523
349,3.2607271671295166,1.2677805423736572,1.1756744384765625,2.008044481277466,4.10675573348999,3.2607272810321217,0.25543561577796936,1.0,1.0,0.9999973177909851,1.0,1.0,2.6854876100657066e-09,6.102869208593682e-16,5.820855494874936e-18,2.3158862327843366e-10,0.43790966272354126,-0.05551214888691902,-0.2693418562412262,3.3310253620147705,0.0,0.0,2.016450881958008,4.1750335693359375,2.7318890854851188,0.23633231222629547,0.960152804851532,0.0,0.0,0.9998679161071777,0.9243614077568054,0.0,0.0,0.0,0.0,0.43708622455596924,-0.05543418973684311,-0.2616220712661743,2.9740591049194336,3.0170068740844727,2.3121838569641113,2.3021719455718994,2.3452794551849365,2.373246431350708,2.6144628524780273,4.59147310256958,3.490781307220459,2.737934112548828,2.8758599758148193,2.8302927017211914,2.6462202072143555,2.67179274559021,2.016836643218994,1.9738718271255493,1.9717116355895996,2.028992176055908,2.2708451747894287,4.125214576721191,3.153705358505249,2.4434566497802734,2.5302646160125732,2.4967329502105713
350,3.2584621906280518,1.2677805423736572,1.175674319267273,2.0064375400543213,4.09904146194458,3.258462235126777,0.2547423839569092,1.0,1.0,0.9999973773956299,0.9999998807907104,1.0000001192092896,2.4169386492189915e-09,5.49258249949255e-16,5.238769738592289e-18,2.084297595628115e-10,0.43958479166030884,-0.055176742374897,-0.2685791850090027,3.2495875358581543,0.0,0.0,1.988424301147461,4.04787540435791,2.666378412426775,0.2423723340034485,0.9603901505470276,0.0,0.0,0.9999974370002747,0.9254623651504517,0.0,0.0,0.0,0.0,0.454376757144928,-0.05172043666243553,-0.2678599953651428,2.942075729370117,3.03192138671875,2.1442489624023438,2.33599591255188,2.427386522293091,2.317753791809082,2.602532148361206,4.6097588539123535,3.4848787784576416,2.775700807571411,2.867225408554077,2.819746732711792,2.6562001705169678,2.6738274097442627,2.0235044956207275,1.9842065572738647,1.9802138805389404,2.0383784770965576,2.2822556495666504,4.138672828674316,3.1558847427368164,2.4510257244110107,2.538417100906372,2.504211664199829
351,3.266733407974243,1.2677806615829468,1.1756744384765625,2.009398937225342,4.10723876953125,3.2667335675151246,0.25387120246887207,1.0,1.0,0.9999974370002747,1.0000001192092896,1.0,2.1752448731149343e-09,4.943323984845499e-16,4.714892682014999e-18,1.875867655654062e-10,0.43850812315940857,-0.05532000958919525,-0.2702275514602661,3.3132967948913574,0.0,0.0,2.02423095703125,4.131287574768066,2.7239010673194834,0.24985069036483765,0.9605770111083984,0.0,0.0,1.0,0.9256852865219116,0.0,0.0,0.0,0.0,0.4287410080432892,-0.05643213167786598,-0.28459620475769043,2.9737389087677,3.046713352203369,2.2962069511413574,2.2113072872161865,2.2099475860595703,2.32902193069458,2.6394412517547607,4.62809419631958,3.5381367206573486,2.793201446533203,2.8665809631347656,2.8286733627319336,2.665971517562866,2.675661563873291,2.0344645977020264,1.9950027465820312,1.9895113706588745,2.0476644039154053,2.2932279109954834,4.152482986450195,3.1578781604766846,2.458592414855957,2.547045946121216,2.5127482414245605
352,3.2715442180633545,1.2677805423736572,1.1756742000579834,2.0108230113983154,4.110084056854248,3.271544252936773,0.2530795931816101,1.0,1.0,0.9999972581863403,1.0,1.0000001192092896,1.957720208167757e-09,4.448991321663153e-16,4.24340345517253e-18,1.6882810427443218e-10,0.4375402331352234,-0.05531797930598259,-0.2680972218513489,3.350539207458496,0.0,0.0,2.023253917694092,4.186800479888916,2.7543820769665306,0.23286062479019165,0.9607248902320862,0.0,0.0,0.9999976754188538,0.9260188937187195,0.0,0.0,0.0,0.0,0.42883798480033875,-0.05509471520781517,-0.2586338520050049,2.9627599716186523,3.061587333679199,2.3074777126312256,2.526973247528076,2.37954044342041,2.362844944000244,2.6274712085723877,4.646551609039307,3.5558645725250244,2.810880661010742,2.9241952896118164,2.8770227432250977,2.675218343734741,2.679192066192627,2.045109272003174,2.0076231956481934,1.998669981956482,2.05673885345459,2.304312229156494,4.166623592376709,3.163064479827881,2.4656312465667725,2.556218385696411,2.521639347076416
353,3.2719244956970215,1.2677805423736572,1.1756744384765625,2.009911298751831,4.107368469238281,3.2719244772312988,0.25230273604393005,1.0,1.0,0.9999973177909851,1.0,1.0000001192092896,1.7619481429420603e-09,4.0040920306781604e-16,3.819063109655277e-18,1.519452758058648e-10,0.438411682844162,-0.05514278635382652,-0.26831409335136414,3.2751054763793945,0.0,0.0,1.9949158430099487,4.080368995666504,2.681389795244134,0.2422121912240982,0.9599429965019226,0.0,0.0,1.0,0.9247753620147705,0.0,0.0,0.0,0.0,0.4460068941116333,-0.05337347462773323,-0.2691032886505127,2.9730536937713623,3.0764780044555664,2.2449543476104736,2.2770774364471436,2.321135997772217,2.513955593109131,2.6449413299560547,4.665085315704346,3.5491302013397217,2.787508726119995,2.905332326889038,2.8590378761291504,2.6848392486572266,2.684255361557007,2.0548007488250732,2.0218632221221924,2.0072879791259766,2.065797805786133,2.315681219100952,4.1810736656188965,3.1681559085845947,2.4728403091430664,2.565659523010254,2.5305111408233643
354,3.28135347366333,1.2677805423736572,1.175674319267273,2.0138676166534424,4.117625713348389,3.2813534319374735,0.25159555673599243,1.0,0.9999999403953552,0.9999973773956299,0.9999998807907104,1.0,1.5857534174656962e-09,3.6036826158521076e-16,3.4371565091765348e-18,1.367507496130571e-10,0.4383313059806824,-0.05542133376002312,-0.2694346308708191,3.345606565475464,0.0,0.0,2.0353643894195557,4.171579837799072,2.7364006324459216,0.24615585803985596,0.9596036672592163,0.0,0.0,1.0,0.9240281581878662,0.0,0.0,0.0,0.0,0.43751922249794006,-0.05761956796050072,-0.2856675386428833,3.004939079284668,3.0913429260253906,2.3698220252990723,2.1557891368865967,2.2868406772613525,2.455265998840332,2.677666664123535,4.683699131011963,3.5789902210235596,2.8463871479034424,2.915074110031128,2.876352071762085,2.69425892829895,2.6907010078430176,2.0646111965179443,2.0340685844421387,2.0153701305389404,2.07682728767395,2.3264801502227783,4.195814609527588,3.1732594966888428,2.480300188064575,2.575169324874878,2.5400876998901367
355,3.2881815433502197,1.2677804231643677,1.175674319267273,2.017058849334717,4.121748447418213,3.2881818616461986,0.25097140669822693,1.0,1.0,0.9999973177909851,1.0,1.0,1.4271779313901334e-09,3.2433145660251336e-16,3.093440837579366e-18,1.230756746517514e-10,0.4356814920902252,-0.055542051792144775,-0.26767605543136597,3.383984327316284,0.0,0.0,2.039609432220459,4.215193748474121,2.7927937337634496,0.23158884048461914,0.9614860415458679,0.0,0.0,1.0000001192092896,0.9281212687492371,0.0,0.0,0.0,0.0,0.41205647587776184,-0.056386906653642654,-0.2549628019332886,2.949857234954834,3.101860523223877,2.340702772140503,2.3906702995300293,2.4614064693450928,2.53783917427063,2.6900081634521484,4.701809883117676,3.634558916091919,2.8697032928466797,2.967841863632202,2.9214980602264404,2.703382730484009,2.6983795166015625,2.074183940887451,2.04591703414917,2.023024797439575,2.0875449180603027,2.3384017944335938,4.210824012756348,3.1797049045562744,2.488355875015259,2.5849721431732178,2.549830198287964
356,3.2918002605438232,1.2677805423736572,1.175674319267273,2.017918825149536,4.123969078063965,3.2918002033300344,0.2504141926765442,1.0,1.0,0.9999973773956299,0.9999998807907104,1.0,1.284460093842199e-09,2.918983003543502e-16,2.78409679518046e-18,1.1076810996213382e-10,0.4367573857307434,-0.05558972433209419,-0.26823776960372925,3.3376927375793457,0.0,0.0,2.020258665084839,4.164334297180176,2.728408199856477,0.23766468465328217,0.9596131443977356,0.0,0.0,1.0,0.9241312742233276,0.0,0.0,0.0,0.0,0.4460809826850891,-0.05579923093318939,-0.27258870005607605,3.0023715496063232,3.1123342514038086,2.3315491676330566,2.400846481323242,2.4240524768829346,2.3848226070404053,2.702420711517334,4.720028877258301,3.6005773544311523,2.8719778060913086,2.9550981521606445,2.9096250534057617,2.713676929473877,2.707164764404297,2.08365797996521,2.0568854808807373,2.0311119556427,2.098094940185547,2.350569009780884,4.226083278656006,3.188007354736328,2.4980990886688232,2.595335006713867,2.5599541664123535
357,3.3040757179260254,1.2677804231643677,1.1756742000579834,2.0236642360687256,4.1366047859191895,3.3040758912800516,0.24982880055904388,1.0,0.9999999403953552,0.9999971985816956,1.0,1.0,1.1560140622535187e-09,2.6270845973100333e-16,2.5056868261491996e-18,9.969128994535836e-11,0.4342583119869232,-0.05600670352578163,-0.268227756023407,3.4286534786224365,0.0,0.0,2.0676071643829346,4.269157886505127,1.8702369790079534,0.23634235560894012,0.9021130204200745,0.0,0.0,0.9964893460273743,0.8204866647720337,0.0,0.0,0.0,0.0,0.41212984919548035,-0.05936921760439873,-0.2688860595226288,3.0118942260742188,3.1227941513061523,2.4216978549957275,2.34017276763916,2.363590717315674,2.5127642154693604,2.735849618911743,4.738390922546387,3.669114112854004,2.9160826206207275,2.9832351207733154,2.94281005859375,2.723665237426758,2.716944694519043,2.093867063522339,2.067657947540283,2.039088726043701,2.109910488128662,2.3621559143066406,4.2415690422058105,3.1963419914245605,2.50788950920105,2.6059091091156006,2.570835590362549
358,3.3068621158599854,1.2677804231643677,1.175674319267273,2.024395227432251,4.137234687805176,3.3068622421564204,0.24924655258655548,1.0,1.0,0.9999972581863403,1.0,1.0,1.0404126449259365e-09,2.364376005230132e-16,2.255118308970402e-18,8.972216025693314e-11,0.43548691272735596,-0.05601157248020172,-0.2684387266635895,3.325434446334839,0.0,0.0,2.0242128372192383,4.131649494171143,2.3452333506857306,0.24271947145462036,0.9123697280883789,0.0,0.0,1.0000001192092896,0.8366867899894714,0.0,0.0,0.0,0.0,0.4461215138435364,-0.055798109620809555,-0.27895402908325195,3.000102996826172,3.1380467414855957,2.29695200920105,2.375192165374756,2.329159736633301,2.5014240741729736,2.7028794288635254,4.757551670074463,3.635786533355713,2.912905216217041,2.9650001525878906,2.9218389987945557,2.7328007221221924,2.727612257003784,2.103654146194458,2.0786116123199463,2.0474793910980225,2.1230268478393555,2.3729441165924072,4.257231712341309,3.2056870460510254,2.517925262451172,2.616697311401367,2.581307888031006
359,3.3141653537750244,1.2677805423736572,1.1756744384765625,2.0267674922943115,4.145816802978516,3.3141652181702765,0.24865704774856567,1.0,0.9999998807907104,0.9999973177909851,1.0,1.0,9.363713138199614e-10,2.1279384047071187e-16,2.0296063333167548e-18,8.074994145568226e-11,0.43659189343452454,-0.056249480694532394,-0.26897522807121277,3.395824670791626,0.0,0.0,2.04357647895813,4.242822647094727,1.8063259977199637,0.2351132184267044,0.8969919681549072,0.0,0.0,0.9964954853057861,0.8094674944877625,0.0,0.0,0.0,0.0,0.4461517930030823,-0.05808628723025322,-0.27415356040000916,3.056358575820923,3.1525731086730957,2.4460842609405518,2.459286689758301,2.412010908126831,2.3967301845550537,2.7625977993011475,4.77613639831543,3.653486967086792,2.906144142150879,3.002140760421753,2.958394765853882,2.741494655609131,2.7390832901000977,2.1132049560546875,2.0894386768341064,2.057574510574341,2.135228157043457,2.3840136528015137,4.273067951202393,3.2149362564086914,2.527637243270874,2.627568006515503,2.592151403427124
360,3.321380853652954,1.2677804231643677,1.1756744384765625,2.0284719467163086,4.15473747253418,3.321380890327483,0.24807609617710114,1.0,1.0,0.9999973773956299,1.0,1.0000001192092896,8.427341602335048e-10,1.9151445377666273e-16,1.8266455759079874e-18,7.26749424528883e-11,0.4367227256298065,-0.05648551508784294,-0.271209180355072,3.380824327468872,0.0,0.0,2.0339081287384033,4.225015640258789,2.3655454113045606,0.23929205536842346,0.910027027130127,0.0,0.0,1.0,0.8308165669441223,0.0,0.0,0.0,0.0,0.437788724899292,-0.05832051485776901,-0.29000619053840637,3.020888328552246,3.1776132583618164,2.481678009033203,2.329721212387085,2.4509713649749756,2.410822868347168,2.734992027282715,4.79712438583374,3.6868059635162354,2.9612436294555664,3.0051863193511963,2.9631247520446777,2.7511816024780273,2.751274347305298,2.1224889755249023,2.1003270149230957,2.0686612129211426,2.146397590637207,2.3959109783172607,4.2890625,3.2244110107421875,2.5371811389923096,2.6386897563934326,2.603240966796875
361,3.3281142711639404,1.2677805423736572,1.1756744384765625,2.029068946838379,4.164373397827148,3.3281142359528353,0.24758148193359375,1.0,1.0,0.9999974370002747,1.0,1.0,7.584607941701904e-10,1.723629991345736e-16,1.6439811423942805e-18,6.540745028926764e-11,0.4368552565574646,-0.05672450363636017,-0.27223628759384155,3.391962766647339,0.0,0.0,2.0282256603240967,4.247631549835205,2.3599010253709687,0.23726744949817657,0.9085294008255005,0.0,0.0,0.9999999403953552,0.8276361227035522,0.0,0.0,0.0,0.0,0.4379294514656067,-0.05861266702413559,-0.2806170880794525,3.0969491004943848,3.202697992324829,2.5178112983703613,2.390669107437134,2.41776180267334,2.448336362838745,2.7290198802948,4.818309307098389,3.7077460289001465,2.9741711616516113,3.0303473472595215,2.9873580932617188,2.7608799934387207,2.764108657836914,2.1310324668884277,2.111060619354248,2.080589532852173,2.1567957401275635,2.4073901176452637,4.305216312408447,3.2357993125915527,2.547821521759033,2.65006947517395,2.614605188369751
362,3.331098794937134,1.2677805423736572,1.175674319267273,2.0289080142974854,4.166366100311279,3.3310988108180846,0.24733494222164154,1.0,1.0,0.9999974370002747,0.9999998807907104,1.0000001192092896,6.826146314864445e-10,1.5512669922111623e-16,1.479582924757276e-18,5.886671011756661e-11,0.4361104667186737,-0.05678476020693779,-0.2712050974369049,3.3746519088745117,0.0,0.0,2.026360273361206,4.201420783996582,2.3893150508466166,0.2366127222776413,0.9133530259132385,0.0,0.0,1.0,0.8388245701789856,0.0,0.0,0.0,0.0,0.42962539196014404,-0.05699341744184494,-0.2688310146331787,3.1056160926818848,3.2278506755828857,2.409698009490967,2.5782907009124756,2.408830404281616,2.4630465507507324,2.7588934898376465,4.839689254760742,3.7419941425323486,2.9441630840301514,3.047807455062866,3.002894163131714,2.770681381225586,2.777514934539795,2.1388401985168457,2.1204886436462402,2.0917603969573975,2.1663706302642822,2.41984224319458,4.321526050567627,3.2514798641204834,2.5580644607543945,2.6616570949554443,2.6260814666748047
363,3.3352394104003906,1.2677804231643677,1.1756744384765625,2.030346393585205,4.168636322021484,3.335239500015298,0.2471434772014618,1.0,0.9999998807907104,0.9999972581863403,1.0000001192092896,1.0,6.143531794400303e-10,1.3961403194598257e-16,1.3316245082044564e-18,5.298003355469483e-11,0.4354551434516907,-0.056886907666921616,-0.27062395215034485,3.3638103008270264,0.0,0.0,2.037299871444702,4.165913105010986,1.820783713107914,0.243027001619339,0.9020774364471436,0.0,0.0,1.0000001192092896,0.8195310831069946,0.0,0.0,0.0,0.0,0.4297475516796112,-0.05732030048966408,-0.274177223443985,3.1138200759887695,3.252776861190796,2.3494904041290283,2.419151544570923,2.3763060569763184,2.5982890129089355,2.745213270187378,4.861070156097412,3.7631189823150635,2.976653575897217,3.0455892086029053,3.004293918609619,2.7806355953216553,2.791426420211792,2.145648241043091,2.1298036575317383,2.103792428970337,2.175431728363037,2.4315974712371826,4.337980270385742,3.2669873237609863,2.56815505027771,2.6731457710266113,2.6375696659088135
364,3.3455147743225098,1.2677805423736572,1.1756744384765625,2.0337307453155518,4.182145118713379,3.34551504223095,0.24687422811985016,1.0,0.9999999403953552,0.9999973177909851,1.0,1.0,5.529178226382214e-10,1.2565261286951655e-16,1.1984619746659495e-18,4.768203193394882e-11,0.4348773658275604,-0.0573248453438282,-0.27354323863983154,3.4364848136901855,0.0,0.0,2.057467460632324,4.293676853179932,1.8335752108563141,0.24019193649291992,0.8983451128005981,0.0,0.0,1.0,0.809437096118927,0.0,0.0,0.0,0.0,0.4298442602157593,-0.060744207352399826,-0.29756098985671997,3.0768184661865234,3.2761056423187256,2.6077115535736084,2.292443037033081,2.486757755279541,2.4686591625213623,2.813852548599243,4.882297992706299,3.783944606781006,2.9877970218658447,3.067638874053955,3.029238224029541,2.791282892227173,2.8057827949523926,2.153421401977539,2.1392688751220703,2.1166834831237793,2.1843624114990234,2.44301176071167,4.354571342468262,3.2822368144989014,2.579343795776367,2.6849966049194336,2.6497669219970703
365,3.3474786281585693,1.2677804231643677,1.175674319267273,2.032221555709839,4.185887813568115,3.3474786396386995,0.2464722990989685,1.0,1.0,0.9999973773956299,1.0,1.0,4.976260514766295e-10,1.1308735555303184e-16,1.0786159116162041e-18,4.2913821801660035e-11,0.43789762258529663,-0.05738794803619385,-0.2720065116882324,3.380786180496216,0.0,0.0,2.0199906826019287,4.228633880615234,2.329883611027068,0.23548507690429688,0.9057402610778809,0.0,0.0,1.0,0.8229944705963135,0.0,0.0,0.0,0.0,0.46371838450431824,-0.05758308991789818,-0.27137047052383423,3.130892038345337,3.2996320724487305,2.4954769611358643,2.4475467205047607,2.381849765777588,2.679056406021118,2.814415693283081,4.903834819793701,3.7534193992614746,2.9990665912628174,3.0905189514160156,3.044654607772827,2.8013482093811035,2.8205318450927734,2.161823034286499,2.149405002593994,2.12947940826416,2.194795846939087,2.4550461769104004,4.371292591094971,3.2960774898529053,2.5903353691101074,2.6970136165618896,2.6615054607391357
366,3.3548176288604736,1.2677804231643677,1.1756744384765625,2.033951997756958,4.195684432983398,3.3548178426761526,0.24606120586395264,1.0,1.0,0.9999974370002747,0.9999998807907104,1.0,4.4786344077785145e-10,1.0177861205679477e-16,9.707542480762801e-19,3.8622438580659946e-11,0.4388311505317688,-0.05765824392437935,-0.27054867148399353,3.440078020095825,0.0,0.0,2.0511577129364014,4.301995754241943,1.808843500532157,0.23452702164649963,0.8952972292900085,0.0,0.0,1.0,0.8036892414093018,0.0,0.0,0.0,0.0,0.44684886932373047,-0.0595882423222065,-0.274116575717926,3.0929625034332275,3.32285737991333,2.573575258255005,2.511073112487793,2.3500571250915527,2.6441690921783447,2.8773903846740723,4.925356864929199,3.7993719577789307,3.0084640979766846,3.110527753829956,3.0679328441619873,2.8122801780700684,2.8356261253356934,2.169609785079956,2.1594762802124023,2.1424560546875,2.206012010574341,2.4671456813812256,4.388139247894287,3.309757947921753,2.601706027984619,2.7092208862304688,2.6737756729125977
367,3.364593267440796,1.2677805423736572,1.175674319267273,2.0368447303771973,4.207387447357178,3.3645935586748026,0.24571549892425537,1.0,0.9999999403953552,0.9999973177909851,1.0,1.0000001192092896,4.0307709947562387e-10,9.16007501893708e-17,8.736787095313179e-19,3.476019472259395e-11,0.43621277809143066,-0.05797341838479042,-0.2687458097934723,3.499659299850464,0.0,0.0,2.0598673820495605,4.380959987640381,1.883706275099398,0.2242114245891571,0.9003328680992126,0.0,0.0,1.0,0.8138561248779297,0.0,0.0,0.0,0.0,0.41337642073631287,-0.06028331443667412,-0.251923531293869,3.123638153076172,3.346224308013916,2.5895795822143555,2.653674840927124,2.608137607574463,2.5854129791259766,2.8975884914398193,4.947208881378174,3.8754677772521973,3.040252923965454,3.1667184829711914,3.120448589324951,2.822896718978882,2.8509504795074463,2.17696213722229,2.1689937114715576,2.154482126235962,2.217278480529785,2.479518175125122,4.4051032066345215,3.322669744491577,2.6131160259246826,2.7211971282958984,2.6860158443450928
368,3.3692338466644287,1.2677805423736572,1.175674319267273,2.037196159362793,4.213150501251221,3.3692337352726214,0.24542738497257233,1.0,1.0,0.9999973177909851,1.0,1.0,3.6276937009915855e-10,8.244067781741169e-17,7.863108592577014e-19,3.1284173168666385e-11,0.4364531636238098,-0.058115214109420776,-0.26711827516555786,3.4598381519317627,0.0,0.0,2.042360305786133,4.337660312652588,1.8299578517444988,0.22549982368946075,0.8966237306594849,0.0,0.0,1.0,0.8058979511260986,0.0,0.0,0.0,0.0,0.43852534890174866,-0.058867815881967545,-0.2515183687210083,3.0642147064208984,3.366142988204956,2.6048882007598877,2.6944098472595215,2.571805953979492,2.575265407562256,2.915842294692993,4.968147277832031,3.8537561893463135,3.029139757156372,3.1643614768981934,3.1162638664245605,2.832864761352539,2.8662281036376953,2.1837668418884277,2.177938222885132,2.1660659313201904,2.228947162628174,2.4919190406799316,4.42218017578125,3.336000919342041,2.625520944595337,2.7331433296203613,2.6979289054870605
369,3.374492645263672,1.2677804231643677,1.175674319267273,2.037121534347534,4.220436096191406,3.374492828972932,0.24512535333633423,1.0,1.0,0.9999973773956299,1.0,1.0000001192092896,3.2649244419147294e-10,7.419661202090399e-17,7.076796389150817e-19,2.815575550485505e-11,0.4358012080192566,-0.058277230709791183,-0.26601025462150574,3.4333126544952393,0.0,0.0,2.036266803741455,4.295417785644531,2.4026944825727834,0.23515331745147705,0.909542977809906,0.0,0.0,1.0,0.8306668400764465,0.0,0.0,0.0,0.0,0.43016815185546875,-0.05914715677499771,-0.26974284648895264,3.0742084980010986,3.3858134746551514,2.599215269088745,2.604377269744873,2.391522169113159,2.638944149017334,2.912168264389038,4.989206314086914,3.8876020908355713,3.0388622283935547,3.1521918773651123,3.1089823246002197,2.843576669692993,2.8814663887023926,2.1913630962371826,2.1866843700408936,2.1774513721466064,2.2421114444732666,2.504194736480713,4.439370155334473,3.350891590118408,2.6376194953918457,2.7454731464385986,2.710252046585083
370,3.3812994956970215,1.2677805423736572,1.175674319267273,2.0378353595733643,4.2308549880981445,3.381299490635618,0.24475164711475372,1.0,1.0,0.9999972581863403,0.9999998807907104,1.0,2.9384317201675003e-10,6.677694751009114e-17,6.369118042705443e-19,2.534017960742485e-11,0.43696528673171997,-0.05851900577545166,-0.2658778727054596,3.459920644760132,0.0,0.0,2.044930934906006,4.336737632751465,2.3867642929247554,0.23294836282730103,0.9058020114898682,0.0,0.0,1.0,0.8231295943260193,0.0,0.0,0.0,0.0,0.44696399569511414,-0.06009220704436302,-0.2708089053630829,3.1534857749938965,3.405583381652832,2.615293502807617,2.567335605621338,2.381887435913086,2.7557597160339355,2.9308273792266846,5.010463714599609,3.880587339401245,3.0713753700256348,3.177259922027588,3.134052038192749,2.854198932647705,2.89667010307312,2.2017438411712646,2.1958706378936768,2.1884641647338867,2.254100799560547,2.5159499645233154,4.456670761108398,3.365687131881714,2.6515085697174072,2.758086681365967,2.7229111194610596
371,3.383514404296875,1.2677805423736572,1.175674319267273,2.036226272583008,4.2355637550354,3.3835145807330913,0.24439725279808044,1.0,1.0,0.9999972581863403,1.0,1.0000001192092896,2.644588714684204e-10,6.009924415640365e-17,5.732206031639745e-19,2.2806159738486542e-11,0.439789354801178,-0.05860288441181183,-0.26439526677131653,3.4341671466827393,0.0,0.0,2.023954391479492,4.3140950202941895,2.3404198555405844,0.22910626232624054,0.9012733101844788,0.0,0.0,0.9968112707138062,0.8166482448577881,0.0,0.0,0.0,0.0,0.4637603163719177,-0.05891771614551544,-0.2573547065258026,3.167738676071167,3.4207983016967773,2.6086833477020264,2.529094696044922,2.5630125999450684,2.7434284687042236,2.927393913269043,5.030563831329346,3.873224973678589,3.080425262451172,3.194436550140381,3.146515369415283,2.8650283813476562,2.9118475914001465,2.2113523483276367,2.2052688598632812,2.201751470565796,2.2660562992095947,2.527191638946533,4.47408390045166,3.382892608642578,2.6650795936584473,2.7710554599761963,2.7356345653533936
372,3.3872504234313965,1.2677805423736572,1.175674319267273,2.035168409347534,4.242507457733154,3.3872506391482093,0.24411305785179138,1.0,0.9999999403953552,0.9999973773956299,1.0,1.0000001192092896,2.3801294268821493e-10,5.408931709378533e-17,5.1589848597891e-19,2.0525544805471974e-11,0.44142407178878784,-0.05875512212514877,-0.2657274603843689,3.4213812351226807,0.0,0.0,2.0221710205078125,4.29551887512207,2.3450972642595618,0.23646631836891174,0.9036063551902771,0.0,0.0,1.0,0.8182364106178284,0.0,0.0,0.0,0.0,0.4553482234477997,-0.059628818184137344,-0.2808924913406372,3.15897274017334,3.436415195465088,2.66668963432312,2.419389247894287,2.5511233806610107,2.655215263366699,2.942197799682617,5.051172256469727,3.9053878784179688,3.0704762935638428,3.185703992843628,3.1420981884002686,2.8756375312805176,2.9270076751708984,2.220944881439209,2.2134876251220703,2.2147064208984375,2.2779600620269775,2.538396120071411,4.491610527038574,3.399500846862793,2.6781320571899414,2.783738374710083,2.7482190132141113
373,3.3917860984802246,1.2677806615829468,1.1756744384765625,2.036475419998169,4.246732711791992,3.391786464111525,0.2438095510005951,1.0,1.0,0.9999972581863403,1.0,1.0,2.1421164841939344e-10,4.868038637702353e-17,4.643086270412613e-19,1.8472988763673648e-11,0.442008912563324,-0.058867186307907104,-0.26468002796173096,3.4492928981781006,0.0,0.0,2.0472187995910645,4.301712989807129,1.800422572365966,0.23342309892177582,0.893613338470459,0.0,0.0,0.9999999403953552,0.8024036288261414,0.0,0.0,0.0,0.0,0.4469667077064514,-0.05951028689742088,-0.26121634244918823,3.1793105602264404,3.448122501373291,2.57462215423584,2.604640245437622,2.489161252975464,2.7445294857025146,2.9738030433654785,5.071296215057373,3.937486171722412,3.1056365966796875,3.2128608226776123,3.168747663497925,2.88529109954834,2.9421591758728027,2.230116844177246,2.2228121757507324,2.22768235206604,2.28938627243042,2.5495941638946533,4.509251594543457,3.415510892868042,2.6920056343078613,2.7963809967041016,2.760802984237671
374,3.3970108032226562,1.2677805423736572,1.1756744384765625,2.0373995304107666,4.252485752105713,3.397011039421437,0.2434384673833847,1.0,1.0,0.9999973177909851,1.0000001192092896,1.0,1.9279049190412678e-10,4.381234906281016e-17,4.178777126383469e-19,1.6625690407723326e-11,0.44166436791419983,-0.059010639786720276,-0.26333919167518616,3.4862444400787354,0.0,0.0,2.0474448204040527,4.364003658294678,1.828880386444735,0.22574010491371155,0.8942245841026306,0.0,0.0,1.0000001192092896,0.8026807904243469,0.0,0.0,0.0,0.0,0.43862226605415344,-0.06008201837539673,-0.25117313861846924,3.223773241043091,3.459728717803955,2.6726877689361572,2.7489705085754395,2.600818395614624,2.680510997772217,2.988112449645996,5.091589450836182,3.970212936401367,3.0718305110931396,3.250823736190796,3.2034411430358887,2.8945577144622803,2.9572055339813232,2.239999532699585,2.2332942485809326,2.2400949001312256,2.300311803817749,2.5625553131103516,4.526988506317139,3.432220220565796,2.7078168392181396,2.809504270553589,2.7738637924194336
375,3.4069459438323975,1.2677805423736572,1.175674319267273,2.040527105331421,4.264100074768066,3.406945915759058,0.24309350550174713,1.0,1.0,0.9999973773956299,1.0,1.0,1.7351142744814751e-10,3.943111084780669e-17,3.760899956582399e-19,1.4963119285282822e-11,0.4387718439102173,-0.05935296788811684,-0.2628682851791382,3.542776346206665,0.0,0.0,2.0672123432159424,4.4379777908325195,2.4585131745203754,0.22414135932922363,0.9080840349197388,0.0,0.0,1.0000001192092896,0.8287544846534729,0.0,0.0,0.0,0.0,0.41371527314186096,-0.06217081472277641,-0.2585984468460083,3.2207529544830322,3.4712493419647217,2.7774248123168945,2.6289825439453125,2.6648097038269043,2.744593620300293,3.007138729095459,5.1120123863220215,4.033059120178223,3.1304128170013428,3.279043674468994,3.2340383529663086,2.9050521850585938,2.9718031883239746,2.2490146160125732,2.2435829639434814,2.2525198459625244,2.312049627304077,2.5754873752593994,4.544772148132324,3.4495325088500977,2.7239596843719482,2.822777509689331,2.7873950004577637
376,3.4098267555236816,1.2677805423736572,1.1756744384765625,2.0399556159973145,4.2671661376953125,3.409826512536189,0.24277670681476593,1.0,1.0,0.9999972581863403,0.9999998807907104,1.0,1.5616029303000545e-10,3.548799711604806e-17,3.3848096248820353e-19,1.3466808397588625e-11,0.4387694001197815,-0.05940139293670654,-0.2658827304840088,3.4312007427215576,0.0,0.0,2.026289701461792,4.281135082244873,2.360590010845334,0.2350541204214096,0.9058936238288879,0.0,0.0,0.9999971985816956,0.8254417777061462,0.0,0.0,0.0,0.0,0.4386458992958069,-0.05953002721071243,-0.2909195125102997,3.2573585510253906,3.48824143409729,2.637653112411499,2.5152647495269775,2.7853429317474365,2.582643747329712,2.9719583988189697,5.133984565734863,4.009903907775879,3.1491003036499023,3.253145217895508,3.2083263397216797,2.91473126411438,2.9859886169433594,2.2581958770751953,2.253584384918213,2.2644293308258057,2.3253164291381836,2.5880990028381348,4.56260347366333,3.46799898147583,2.739359140396118,2.8360307216644287,2.800466299057007
377,3.41133975982666,1.2677806615829468,1.175674319267273,2.039341449737549,4.268044471740723,3.411339954814715,0.24239443242549896,1.0,1.0,0.9999972581863403,1.0,1.0,1.405442429103232e-10,3.193920038229346e-17,3.0463286106950434e-19,1.2120126950676546e-11,0.440517783164978,-0.05937806889414787,-0.2676699161529541,3.4010863304138184,0.0,0.0,2.027693271636963,4.230247974395752,2.3409713966472308,0.24227960407733917,0.9045405387878418,0.0,0.0,1.0,0.8235262632369995,0.0,0.0,0.0,0.0,0.4553476572036743,-0.05893198773264885,-0.2821784019470215,3.2457170486450195,3.5052719116210938,2.5908615589141846,2.5039706230163574,2.5135498046875,2.695803642272949,3.037705421447754,5.156045436859131,4.002809047698975,3.144418239593506,3.2396152019500732,3.1979739665985107,2.9237937927246094,2.9998977184295654,2.267238140106201,2.2656261920928955,2.27567458152771,2.3383841514587402,2.6000425815582275,4.58050537109375,3.4850077629089355,2.756103992462158,2.8492271900177,2.813349723815918
378,3.4220170974731445,1.2677805423736572,1.175674319267273,2.0427701473236084,4.283216953277588,3.4220172559039415,0.24203802645206451,1.0,1.0,0.9999973177909851,1.0,1.0000001192092896,1.2648981861929087e-10,2.874527736621391e-17,2.74169556867978e-19,1.0908113821928023e-11,0.4412042200565338,-0.05982257053256035,-0.2649379372596741,3.615337371826172,0.0,0.0,2.0829215049743652,4.561421871185303,1.8428790508247583,0.2134050726890564,0.8868435621261597,0.0,0.0,1.0,0.786596417427063,0.0,0.0,0.0,0.0,0.44698140025138855,-0.06346262246370316,-0.24174636602401733,3.307339906692505,3.522355794906616,2.9467265605926514,2.7779181003570557,2.678884267807007,2.8681044578552246,3.0765511989593506,5.178277492523193,4.037339210510254,3.1634905338287354,3.355698347091675,3.3070836067199707,2.932662010192871,3.0139260292053223,2.2770698070526123,2.2778470516204834,2.2862014770507812,2.350717544555664,2.612981081008911,4.598521709442139,3.5020971298217773,2.771780252456665,2.8623807430267334,2.826803684234619
379,3.426208019256592,1.2677806615829468,1.175674319267273,2.042862892150879,4.287174224853516,3.426208093805463,0.24166253209114075,1.0,1.0,0.9999973177909851,1.0,1.0000001192092896,1.1384083953291935e-10,2.587075029133701e-17,2.467526037661196e-19,9.817302352999047e-12,0.43922504782676697,-0.05990077182650566,-0.26722458004951477,3.4626898765563965,0.0,0.0,2.0352518558502197,4.322578430175781,2.3838853667531805,0.23385052382946014,0.9065797328948975,0.0,0.0,1.0,0.8268905878067017,0.0,0.0,0.0,0.0,0.422050416469574,-0.06036058068275452,-0.2860073149204254,3.171708822250366,3.5394604206085205,2.7482664585113525,2.6317036151885986,2.745229482650757,2.5985615253448486,3.0453131198883057,5.200790882110596,4.102171421051025,3.212235927581787,3.299544095993042,3.255523920059204,2.941894054412842,3.0282111167907715,2.290515422821045,2.289243221282959,2.2957680225372314,2.3625752925872803,2.625115156173706,4.616642475128174,3.5190281867980957,2.7866921424865723,2.875568389892578,2.839857339859009
380,3.436206817626953,1.2677806615829468,1.1756744384765625,2.0455212593078613,4.299405574798584,3.43620674897327,0.24122554063796997,1.0,1.0,0.9999973773956299,1.0,1.0,1.0245675835518497e-10,2.328367344240596e-17,2.2207734080456825e-19,8.83557116360123e-12,0.43659448623657227,-0.06020648404955864,-0.2682088613510132,3.5152459144592285,0.0,0.0,2.0603837966918945,4.387225151062012,2.423093446541739,0.2353394329547882,0.9070329666137695,0.0,0.0,1.0000001192092896,0.8280593752861023,0.0,0.0,0.0,0.0,0.4137890040874481,-0.06264499574899673,-0.27616727352142334,3.295897960662842,3.5542237758636475,2.739640235900879,2.6439144611358643,2.5989975929260254,2.7110817432403564,3.054168462753296,5.223075866699219,4.138339996337891,3.2475764751434326,3.3206918239593506,3.281224489212036,2.953374147415161,3.043557643890381,2.3040404319763184,2.300670862197876,2.305535078048706,2.376573085784912,2.6363022327423096,4.63504695892334,3.536038398742676,2.8026998043060303,2.8893837928771973,2.853867769241333
381,3.4407811164855957,1.2677804231643677,1.1756744384765625,2.045123338699341,4.306872367858887,3.440781367163302,0.2407887727022171,1.0,1.0,0.9999973177909851,1.0,0.9999999403953552,9.221107211132562e-11,2.0955307256218222e-17,1.998695834596567e-19,7.952014047241107e-12,0.4385632276535034,-0.060372915118932724,-0.2680540084838867,3.4824154376983643,0.0,0.0,2.041189432144165,4.362703323364258,2.334119071144118,0.23422788083553314,0.8992568850517273,0.0,0.0,0.9999198317527771,0.811931848526001,0.0,0.0,0.0,0.0,0.4552956521511078,-0.06150386855006218,-0.2693416178226471,3.301410436630249,3.5703423023223877,2.754272699356079,2.7102296352386475,2.5107803344726562,2.7769627571105957,3.045820951461792,5.245935916900635,4.085965156555176,3.279252529144287,3.3280975818634033,3.285399913787842,2.9645214080810547,3.059863328933716,2.318859577178955,2.3124239444732666,2.315328598022461,2.3901283740997314,2.6473586559295654,4.65372371673584,3.5537257194519043,2.8187270164489746,2.903465986251831,2.8677890300750732
382,3.4481472969055176,1.2677805423736572,1.175674319267273,2.046743869781494,4.314911842346191,3.4481477378724565,0.24042432010173798,1.0,1.0,0.9999973177909851,0.9999998807907104,1.0,8.29899621246355e-11,1.885977586885191e-17,1.7988262511369103e-19,7.156812902725518e-12,0.4360016882419586,-0.06058403104543686,-0.26774337887763977,3.5128607749938965,0.0,0.0,2.056410551071167,4.378251075744629,2.4086191827867753,0.23454442620277405,0.9068410992622375,0.0,0.0,0.9999714493751526,0.828435480594635,0.0,0.0,0.0,0.0,0.41392868757247925,-0.0620703399181366,-0.2675253450870514,3.286241054534912,3.5877835750579834,2.725376844406128,2.8060898780822754,2.5476033687591553,2.739126443862915,3.1134400367736816,5.26906156539917,4.181890487670898,3.3043642044067383,3.356097936630249,3.3154542446136475,2.975416421890259,3.0770423412323,2.335219621658325,2.3234567642211914,2.324739694595337,2.4028613567352295,2.658491849899292,4.672667980194092,3.5725831985473633,2.8342339992523193,2.9176712036132812,2.8820598125457764
383,3.451093912124634,1.2677805423736572,1.175674319267273,2.0451815128326416,4.320219039916992,3.4510939272933605,0.2399960607290268,1.0,1.0,0.9999973177909851,0.9999998807907104,1.0,7.46909617488356e-11,1.6973797454786106e-17,1.6189436777220075e-19,6.441131916029574e-12,0.4371706545352936,-0.0606701597571373,-0.2689603269100189,3.463900566101074,0.0,0.0,2.0249521732330322,4.3358683586120605,2.317263704791005,0.23555845022201538,0.8998558521270752,0.0,0.0,1.0000001192092896,0.8136214017868042,0.0,0.0,0.0,0.0,0.4471149444580078,-0.061048902571201324,-0.27820122241973877,3.346555709838867,3.610936403274536,2.7430708408355713,2.6087539196014404,2.6387295722961426,2.808415412902832,3.0842959880828857,5.293670654296875,4.145058631896973,3.3232321739196777,3.36027193069458,3.3167903423309326,2.9857161045074463,3.094966411590576,2.351503610610962,2.335724115371704,2.3340466022491455,2.4170081615448,2.6697535514831543,4.691850185394287,3.5907371044158936,2.848607301712036,2.9319913387298584,2.896115303039551
384,3.4608571529388428,1.2677805423736572,1.1756744384765625,2.048032283782959,4.332028865814209,3.4608571426524524,0.23940031230449677,1.0,1.0,0.9999973773956299,1.0,1.0,6.722186002283692e-11,1.5276416220382393e-17,1.4570490514558653e-19,5.79701868105853e-12,0.4356410801410675,-0.06096518412232399,-0.2680242657661438,3.572491407394409,0.0,0.0,2.067772626876831,4.473236560821533,1.844385545131652,0.2229093760251999,0.8913387656211853,0.0,0.0,1.0,0.7985516786575317,0.0,0.0,0.0,0.0,0.4224415421485901,-0.0631338432431221,-0.2594143748283386,3.3060944080352783,3.6335909366607666,2.8510079383850098,2.8117082118988037,2.7876715660095215,2.8254027366638184,3.140817403793335,5.318366050720215,4.213735580444336,3.3447699546813965,3.423316717147827,3.3775107860565186,2.9963953495025635,3.113433837890625,2.369105339050293,2.348795175552368,2.3428430557250977,2.4328773021698,2.6840286254882812,4.711240768432617,3.608262538909912,2.862657070159912,2.9469640254974365,2.911146879196167
385,3.4653358459472656,1.2677805423736572,1.175674319267273,2.047884225845337,4.338092803955078,3.465335934439853,0.23870046436786652,1.0,1.0,0.9999973177909851,1.0,1.0000001192092896,6.049967471444262e-11,1.3748774102035786e-17,1.3113441592349759e-19,5.2173161624313735e-12,0.43686962127685547,-0.06105688586831093,-0.2665623724460602,3.5381829738616943,0.0,0.0,2.0434353351593018,4.43934440612793,2.365499147680638,0.2200341820716858,0.9007107615470886,0.0,0.0,1.0,0.8151558041572571,0.0,0.0,0.0,0.0,0.44735193252563477,-0.0615101233124733,-0.25351184606552124,3.341245412826538,3.6569879055023193,2.822798728942871,2.884878635406494,2.831822395324707,2.842526912689209,3.1633262634277344,5.343324184417725,4.192234039306641,3.3635997772216797,3.444274663925171,3.393724203109741,3.006498098373413,3.132401466369629,2.3894600868225098,2.3641629219055176,2.3514506816864014,2.4478025436401367,2.6982221603393555,4.7308430671691895,3.6260080337524414,2.876386880874634,2.9623236656188965,2.926147937774658
386,3.4760525226593018,1.2677805423736572,1.1756744384765625,2.050776481628418,4.351356506347656,3.4760523561043026,0.2380407750606537,1.0,0.9999998807907104,0.9999973177909851,1.0,1.0000001192092896,5.444971210022409e-11,1.2373896526396085e-17,1.1802097950102666e-19,4.69558463292441e-12,0.4345487952232361,-0.06135546416044235,-0.26535090804100037,3.5887348651885986,0.0,0.0,2.067624568939209,4.490962028503418,1.8528173168412552,0.22114184498786926,0.8921012282371521,0.0,0.0,1.0,0.8006837368011475,0.0,0.0,0.0,0.0,0.4145319163799286,-0.06350219994783401,-0.2540239095687866,3.376894474029541,3.6804897785186768,2.8637149333953857,2.763505220413208,2.8767378330230713,2.969971179962158,3.1468496322631836,5.368474006652832,4.277990818023682,3.382387399673462,3.4707016944885254,3.424104928970337,3.016432046890259,3.151797294616699,2.4081640243530273,2.378803253173828,2.3612465858459473,2.461538314819336,2.716376304626465,4.750641822814941,3.644244432449341,2.889904737472534,2.977914810180664,2.941807508468628
387,3.476426362991333,1.2677805423736572,1.1756742000579834,2.048190116882324,4.351744651794434,3.4764265519238644,0.23754136264324188,1.0,1.0,0.9999971389770508,1.0000001192092896,1.0,4.900473429825247e-11,1.113650712191066e-17,1.0621887638104516e-19,4.226025779319187e-12,0.43505528569221497,-0.061290640383958817,-0.2633846700191498,3.4792919158935547,0.0,0.0,2.0258870124816895,4.343667507171631,2.3762884603356,0.23034898936748505,0.902800977230072,0.0,0.0,1.0,0.8206566572189331,0.0,0.0,0.0,0.0,0.43933412432670593,-0.06026235967874527,-0.26309463381767273,3.3354856967926025,3.704139471054077,2.7914083003997803,2.920685291290283,2.5995564460754395,2.9319345951080322,3.1691691875457764,5.39382791519165,4.255293369293213,3.3519091606140137,3.445340871810913,3.398000478744507,3.026244878768921,3.1715199947357178,2.4260010719299316,2.392421245574951,2.3710861206054688,2.4750771522521973,2.734675645828247,4.770625591278076,3.6654770374298096,2.9038751125335693,2.9937005043029785,2.9570934772491455
388,3.479515314102173,1.2677805423736572,1.175674319267273,2.047717809677124,4.354794025421143,3.4795152732880963,0.23709726333618164,1.0,0.9999999403953552,0.9999972581863403,1.0,0.9999999403953552,4.410425843981436e-11,1.0022855665257043e-17,9.559697258706931e-20,3.803423288123442e-12,0.4346552789211273,-0.061357028782367706,-0.26050177216529846,3.5697522163391113,0.0,0.0,2.044633388519287,4.47838020324707,1.8475305632364034,0.21363238990306854,0.8897567391395569,0.0,0.0,1.0,0.7956052422523499,0.0,0.0,0.0,0.0,0.4312160313129425,-0.061588965356349945,-0.2355833202600479,3.3236217498779297,3.726732015609741,2.9226481914520264,2.966811418533325,2.91144061088562,3.033607006072998,3.2407820224761963,5.418459892272949,4.294301509857178,3.3663127422332764,3.5204715728759766,3.466465950012207,3.035989761352539,3.1912641525268555,2.4425179958343506,2.405625104904175,2.382326364517212,2.4879348278045654,2.7523679733276367,4.79071044921875,3.686201333999634,2.917267084121704,3.009220600128174,2.9723289012908936
389,3.482482433319092,1.2677805423736572,1.175674319267273,2.0460245609283447,4.360193729400635,3.4824825259074164,0.23670943081378937,1.0,0.9999998807907104,0.9999973773956299,1.0000001192092896,1.0,3.969383155499884e-11,9.020570016013277e-18,8.603728502188518e-20,3.4230810460472716e-12,0.4351714253425598,-0.061430249363183975,-0.2629401683807373,3.4854469299316406,0.0,0.0,2.020749568939209,4.36109733581543,2.3604035134008488,0.23304371535778046,0.9003519415855408,0.0,0.0,0.9999356865882874,0.8155127763748169,0.0,0.0,0.0,0.0,0.43955400586128235,-0.061453379690647125,-0.28032201528549194,3.388883590698242,3.749447822570801,2.893450975418091,2.5539300441741943,2.8443942070007324,2.966076374053955,3.20888352394104,5.443277359008789,4.30249547958374,3.4052939414978027,3.4756133556365967,3.4303505420684814,3.0458321571350098,3.211008310317993,2.4581966400146484,2.4164483547210693,2.393315076828003,2.5030314922332764,2.7688231468200684,4.8109002113342285,3.705132484436035,2.930067777633667,3.024275541305542,2.987133741378784
390,3.488009214401245,1.2677805423736572,1.175674319267273,2.045691967010498,4.369551181793213,3.488009310031052,0.23624345660209656,1.0,1.0,0.9999973177909851,1.0,1.0,3.5724447705609563e-11,8.11851301441195e-18,7.743354682617386e-20,3.080772833022327e-12,0.43650633096694946,-0.06159798800945282,-0.26302263140678406,3.568965435028076,0.0,0.0,2.0396852493286133,4.496133327484131,2.313351229855464,0.21933826804161072,0.8975851535797119,0.0,0.0,1.0,0.8082987070083618,0.0,0.0,0.0,0.0,0.4479040503501892,-0.06273269653320312,-0.2624436020851135,3.4295616149902344,3.7722957134246826,3.005937337875366,2.915971040725708,2.9468510150909424,2.819605588912964,3.250608205795288,5.46826696395874,4.311031341552734,3.444903612136841,3.536503314971924,3.48630690574646,3.0565991401672363,3.230668783187866,2.472687005996704,2.430311441421509,2.4048330783843994,2.5169572830200195,2.7846553325653076,4.831175804138184,3.7226903438568115,2.944019079208374,3.039459705352783,3.0021800994873047
391,3.4889419078826904,1.2677805423736572,1.175674319267273,2.044839859008789,4.368448257446289,3.4889423091805676,0.23584763705730438,1.0,1.0,0.9999973177909851,1.0,1.0,3.21520032819933e-11,7.306660885790142e-18,6.969019278979133e-20,2.772695484667964e-12,0.43600568175315857,-0.061525858938694,-0.2616499960422516,3.50295090675354,0.0,0.0,2.029606342315674,4.366456508636475,1.8242656031051618,0.22547416388988495,0.8910112977027893,0.0,0.0,1.0,0.8001543879508972,0.0,0.0,0.0,0.0,0.4316704571247101,-0.06045372411608696,-0.24908235669136047,3.310443162918091,3.800607681274414,2.8842804431915283,2.8241796493530273,2.8541979789733887,3.0605039596557617,3.2949435710906982,5.495601654052734,4.368542671203613,3.4341652393341064,3.5327470302581787,3.482316255569458,3.0667309761047363,3.2498860359191895,2.4859514236450195,2.4440736770629883,2.416278123855591,2.5310521125793457,2.7993719577789307,4.851438045501709,3.739442825317383,2.9566543102264404,3.0540881156921387,3.016422986984253
392,3.4864184856414795,1.2677805423736572,1.175674319267273,2.040761947631836,4.365306377410889,3.486418647454104,0.23544831573963165,1.0,1.0,0.9999973177909851,1.0000001192092896,1.0,2.8936802606849277e-11,6.575994466338883e-18,6.272117674198646e-20,2.495425957885211e-12,0.4364304542541504,-0.06133285164833069,-0.25899848341941833,3.4880921840667725,0.0,0.0,2.0020999908447266,4.368800163269043,2.363600774729561,0.22054603695869446,0.9010446071624756,0.0,0.0,1.0,0.8171144723892212,0.0,0.0,0.0,0.0,0.4400768578052521,-0.05924495309591293,-0.23569996654987335,3.371000051498413,3.828871250152588,2.9039101600646973,3.0747861862182617,2.874741554260254,2.9956095218658447,3.2643420696258545,5.523183345794678,4.379358291625977,3.448643684387207,3.5664448738098145,3.510725259780884,3.0767812728881836,3.2686564922332764,2.4981069564819336,2.4575421810150146,2.429363489151001,2.5457684993743896,2.8141138553619385,4.871718883514404,3.7565743923187256,2.9682250022888184,3.068685293197632,3.0304036140441895
393,3.4880504608154297,1.2677805423736572,1.175674319267273,2.03897762298584,4.366006374359131,3.4880507745972498,0.23511023819446564,1.0,1.0,0.9999973177909851,0.9999999403953552,1.0,2.604312078491322e-11,5.91839539193627e-18,5.644905389790899e-20,2.2458833837807335e-12,0.4334520101547241,-0.06124395504593849,-0.25752437114715576,3.492466688156128,0.0,0.0,2.0125815868377686,4.350730895996094,1.8456922442228465,0.22733375430107117,0.8940257430076599,0.0,0.0,0.9999567866325378,0.8064976334571838,0.0,0.0,0.0,0.0,0.4077266454696655,-0.059955693781375885,-0.24417833983898163,3.380688190460205,3.857048749923706,2.8795547485351562,2.9212915897369385,2.867502450942993,3.0443263053894043,3.308624505996704,5.550933361053467,4.472285270690918,3.4630520343780518,3.574530839920044,3.5241167545318604,3.0862956047058105,3.2867090702056885,2.5097782611846924,2.4720957279205322,2.4416260719299316,2.559422492980957,2.8298144340515137,4.89198112487793,3.7750518321990967,2.979820966720581,3.0832595825195312,3.044674873352051
394,3.4892618656158447,1.2677805423736572,1.1756744384765625,2.0366406440734863,4.368687629699707,3.4892617346397503,0.23483368754386902,1.0,1.0,0.9999973773956299,1.0,1.0,2.343880645128138e-11,5.326555521870398e-18,5.080414721564838e-20,2.0212950237186167e-12,0.4333264231681824,-0.06122663617134094,-0.2581709325313568,3.4927456378936768,0.0,0.0,2.0063188076019287,4.372172832489014,2.370465847441134,0.22674360871315002,0.9018142819404602,0.0,0.0,1.0000001192092896,0.8187314867973328,0.0,0.0,0.0,0.0,0.43224507570266724,-0.06058216840028763,-0.26180335879325867,3.422234296798706,3.880032539367676,2.987582206726074,2.7464261054992676,2.998730182647705,3.0334765911102295,3.326411485671997,5.576579570770264,4.446651935577393,3.451685667037964,3.5869812965393066,3.5359625816345215,3.0963311195373535,3.30412220954895,2.5230352878570557,2.4845898151397705,2.4537575244903564,2.5732498168945312,2.844386100769043,4.912253379821777,3.795118808746338,2.9927594661712646,3.0979602336883545,3.059084177017212
395,3.4879257678985596,1.2677805423736572,1.175674319267273,2.0328710079193115,4.369761943817139,3.4879256115870008,0.23449647426605225,1.0,1.0,0.9999973177909851,0.9999999403953552,1.0,2.1094927887821413e-11,4.793900011042389e-18,4.5723733140318397e-20,1.8191652611382336e-12,0.43669384717941284,-0.061141472309827805,-0.258615106344223,3.47983455657959,0.0,0.0,1.9971572160720825,4.372938632965088,2.320207307679645,0.2250315397977829,0.896351158618927,0.0,0.0,1.0000001192092896,0.8068351149559021,0.0,0.0,0.0,0.0,0.4651552438735962,-0.06003710627555847,-0.2610737681388855,3.4917023181915283,3.9031219482421875,3.00468373298645,2.9002857208251953,2.9879446029663086,2.9120569229125977,3.3134913444519043,5.602400779724121,4.408752918243408,3.4657764434814453,3.5990219116210938,3.5455284118652344,3.1087255477905273,3.321061849594116,2.5374155044555664,2.4972598552703857,2.465984582901001,2.587130308151245,2.8590216636657715,4.932575702667236,3.8156893253326416,3.0066771507263184,3.113154172897339,3.0737674236297607
396,3.4852662086486816,1.2677805423736572,1.175674319267273,2.0287277698516846,4.365823745727539,3.485266375064836,0.23408804833889008,1.0,1.0,0.9999973177909851,1.0000001192092896,1.0,1.89854330173711e-11,4.3145099685791195e-18,4.115135659511229e-20,1.6372487133403668e-12,0.4362601637840271,-0.06090940162539482,-0.2566836476325989,3.4671363830566406,0.0,0.0,1.9874756336212158,4.3321661949157715,2.353360799799075,0.22355815768241882,0.9020067453384399,0.0,0.0,1.0,0.8200928568840027,0.0,0.0,0.0,0.0,0.4325224757194519,-0.05847982317209244,-0.23864886164665222,3.454742908477783,3.926346778869629,2.9301493167877197,3.153264045715332,2.94844388961792,2.9564108848571777,3.3371095657348633,5.62843656539917,4.496218681335449,3.5058252811431885,3.6336944103240967,3.577558755874634,3.1205809116363525,3.3380134105682373,2.5515713691711426,2.509979009628296,2.4791860580444336,2.6021313667297363,2.8743226528167725,4.953068733215332,3.8354814052581787,3.020434856414795,3.128476858139038,3.0884368419647217
397,3.4901506900787354,1.2677805423736572,1.175674319267273,2.0285441875457764,4.3733367919921875,3.490151098547604,0.23369207978248596,1.0,0.9999999403953552,0.9999974370002747,1.0,1.0,1.7086890929940424e-11,3.8830587649260544e-18,3.703621705819194e-20,1.473523885374417e-12,0.43673941493034363,-0.0610041618347168,-0.2574283480644226,3.5300955772399902,0.0,0.0,2.020170211791992,4.424140930175781,1.744823255485966,0.22540056705474854,0.8858246207237244,0.0,0.0,0.9999999403953552,0.7889386415481567,0.0,0.0,0.0,0.0,0.44080451130867004,-0.06139190122485161,-0.26113176345825195,3.4984915256500244,3.949549674987793,3.063260793685913,3.052239418029785,2.994417667388916,2.813444137573242,3.4067139625549316,5.654557228088379,4.504759311676025,3.546541213989258,3.648397445678711,3.598336935043335,3.1332499980926514,3.3549790382385254,2.5691351890563965,2.5222649574279785,2.4911561012268066,2.6149697303771973,2.8906853199005127,4.973725318908691,3.8552310466766357,3.033463716506958,3.1438863277435303,3.1037063598632812
398,3.4875476360321045,1.2677805423736572,1.175674319267273,2.026205062866211,4.367577075958252,3.4875478128950714,0.23341138660907745,1.0,0.9999999403953552,0.9999973177909851,0.9999999403953552,1.0000001192092896,1.5378202183891077e-11,3.494752888433449e-18,3.333259664484245e-20,1.3261714859949536e-12,0.43718546628952026,-0.060818884521722794,-0.25847408175468445,3.4537854194641113,0.0,0.0,1.992983102798462,4.299014568328857,2.345614072657017,0.22715860605239868,0.9019807577133179,0.0,0.0,1.0,0.8212547302246094,0.0,0.0,0.0,0.0,0.44094836711883545,-0.058814261108636856,-0.2654322385787964,3.4434866905212402,3.9664440155029297,2.98295521736145,2.758277654647827,3.1857025623321533,3.0712976455688477,3.394233465194702,5.6771697998046875,4.526892185211182,3.5350406169891357,3.6541500091552734,3.5994064807891846,3.1460790634155273,3.3719778060913086,2.5860204696655273,2.5333802700042725,2.5018398761749268,2.6278510093688965,2.906083345413208,4.994558334350586,3.874338388442993,3.0473580360412598,3.1589486598968506,3.118206024169922
399,3.479752540588379,1.2677804231643677,1.175674319267273,2.0212666988372803,4.3562822341918945,3.479752555879155,0.2331821173429489,1.0,0.9999998807907104,0.9999973773956299,1.0,0.9999998807907104,1.3840381965501969e-11,3.145277144640767e-18,2.999933342606651e-20,1.1935542615013062e-12,0.4410690665245056,-0.06049567833542824,-0.258440226316452,3.411479949951172,0.0,0.0,1.9760713577270508,4.252519607543945,2.149083728104106,0.22891958057880402,0.8943274021148682,0.0,0.0,1.0,0.8062492609024048,0.0,0.0,0.0,0.0,0.47376349568367004,-0.057549308985471725,-0.2576032280921936,3.533510446548462,3.978163719177246,2.9478700160980225,2.877387285232544,2.9881863594055176,3.082122802734375,3.3229262828826904,5.698241233825684,4.484964370727539,3.574259042739868,3.648763418197632,3.592007637023926,3.1602354049682617,3.388960361480713,2.601404905319214,2.5459468364715576,2.513007640838623,2.6396961212158203,2.920077085494995,5.015569686889648,3.895446300506592,3.064472198486328,3.1744816303253174,3.1328463554382324
400,3.481682538986206,1.2677805423736572,1.1756744384765625,2.02074933052063,4.356761455535889,3.4816826369658496,0.23283326625823975,1.0,0.9999999403953552,0.9999973177909851,0.9999999403953552,1.0000001192092896,1.2456341513811253e-11,2.8307497817284508e-18,2.6999399760342434e-20,1.074198781141067e-12,0.44024181365966797,-0.06050494685769081,-0.2577817440032959,3.492746353149414,0.0,0.0,2.0097405910491943,4.348230838775635,2.222570091834462,0.22790449857711792,0.8994203805923462,0.0,0.0,1.0,0.8167421817779541,0.0,0.0,0.0,0.0,0.43306785821914673,-0.0604817196726799,-0.2520183324813843,3.570115804672241,3.98974871635437,3.0492305755615234,2.9740982055664062,2.885237216949463,3.093259572982788,3.3909707069396973,5.719569206237793,4.585111618041992,3.5873684883117676,3.6844711303710938,3.6329774856567383,3.1738669872283936,3.405749559402466,2.61617112159729,2.5610599517822266,2.525702476501465,2.6516804695129395,2.9338788986206055,5.036725997924805,3.91678524017334,3.083345651626587,3.1904966831207275,3.1485414505004883
401,3.4830849170684814,1.2677804231643677,1.175674319267273,2.021759271621704,4.353663921356201,3.483085264593763,0.23244473338127136,1.0,0.9999998211860657,0.9999972581863403,1.0,1.0,1.1210707709374823e-11,2.5476745140423913e-18,2.4299459622749478e-20,9.667789572370689e-13,0.4395175576210022,-0.06048964709043503,-0.25489377975463867,3.5397706031799316,0.0,0.0,2.027737617492676,4.392724990844727,1.8293910733933427,0.2148592174053192,0.8888180255889893,0.0,0.0,1.0000001192092896,0.7994569540023804,0.0,0.0,0.0,0.0,0.43324992060661316,-0.060252245515584946,-0.23171158134937286,3.6337521076202393,4.001249313354492,3.0123403072357178,3.1043851375579834,3.0974948406219482,3.284634590148926,3.4554951190948486,5.741159439086914,4.606319427490234,3.5739893913269043,3.751081943511963,3.6921823024749756,3.186664581298828,3.4224870204925537,2.6303322315216064,2.5765163898468018,2.539792776107788,2.6643247604370117,2.948202133178711,5.058055400848389,3.939018487930298,3.103381395339966,3.2068774700164795,3.1645326614379883
402,3.482933521270752,1.2677804231643677,1.175674319267273,2.020754337310791,4.350747108459473,3.4829335618373447,0.2319115698337555,1.0,0.9999998807907104,0.9999972581863403,1.0,1.0000001192092896,1.0089637458854384e-11,2.2929072280742747e-18,2.186951317579839e-20,8.701010289872968e-13,0.4397395849227905,-0.06043381243944168,-0.2535346746444702,3.5138213634490967,0.0,0.0,2.007045269012451,4.372905731201172,2.3603918669917556,0.21511401236057281,0.8988998532295227,0.0,0.0,1.0000001192092896,0.8165568113327026,0.0,0.0,0.0,0.0,0.4415549039840698,-0.05984693393111229,-0.24197310209274292,3.631718635559082,4.018213748931885,3.096686840057373,3.000326156616211,3.2028605937957764,3.269016742706299,3.4169914722442627,5.764492988586426,4.612359046936035,3.5896849632263184,3.76023530960083,3.69935941696167,3.198589324951172,3.4394052028656006,2.6452476978302,2.593498468399048,2.554715633392334,2.6785149574279785,2.962332248687744,5.079593181610107,3.9603073596954346,3.123798370361328,3.223600149154663,3.180650472640991
403,3.486499071121216,1.2677805423736572,1.1756742000579834,2.020495653152466,4.354401588439941,3.4864992222403233,0.23131351172924042,1.0,0.9999998807907104,0.9999971985816956,1.0000001192092896,1.0,9.080672845607207e-12,2.0636162777921788e-18,1.968256234289469e-20,7.830909857196866e-13,0.4391123652458191,-0.06051010638475418,-0.2537182569503784,3.5129590034484863,0.0,0.0,2.0116779804229736,4.370100975036621,2.332431406879661,0.22353917360305786,0.8966172933578491,0.0,0.0,1.0000001192092896,0.8123944401741028,0.0,0.0,0.0,0.0,0.43367353081703186,-0.06104939803481102,-0.2545146346092224,3.7050211429595947,4.041675090789795,3.137620449066162,2.903236150741577,3.0692496299743652,3.2262163162231445,3.4017231464385986,5.79036283493042,4.654662132263184,3.605816125869751,3.753558397293091,3.6992390155792236,3.209451913833618,3.4569430351257324,2.6603808403015137,2.608888626098633,2.5745198726654053,2.6920166015625,2.9779295921325684,5.101441383361816,3.982618570327759,3.144116163253784,3.240830659866333,3.197479724884033
404,3.4862048625946045,1.2677805423736572,1.175674319267273,2.0203347206115723,4.3519206047058105,3.486205015454099,0.23066413402557373,1.0,0.9999998807907104,0.9999971985816956,1.0,1.0,8.17260495389327e-12,1.8572545672948996e-18,1.7714303846783234e-20,7.047818275165985e-13,0.44286391139030457,-0.06045284494757652,-0.251578688621521,3.514735460281372,0.0,0.0,2.0215375423431396,4.368619918823242,1.6479122206459338,0.2160973995923996,0.8776058554649353,0.0,0.0,1.0,0.7779424786567688,0.0,0.0,0.0,0.0,0.4745006859302521,-0.059888701885938644,-0.23871731758117676,3.6585683822631836,4.065016269683838,3.1038355827331543,3.217600107192993,3.0272107124328613,3.2138941287994385,3.472102403640747,5.816834926605225,4.599059581756592,3.6613621711730957,3.7835488319396973,3.7231221199035645,3.219773769378662,3.4750168323516846,2.677149772644043,2.623518943786621,2.5955312252044678,2.7048377990722656,2.994243621826172,5.123585224151611,4.003653526306152,3.1642603874206543,3.25815749168396,3.2140960693359375
405,3.485577344894409,1.2677803039550781,1.1756742000579834,2.0188047885894775,4.350422382354736,3.4855773431969923,0.23012852668762207,1.0,0.9999997019767761,0.9999971389770508,1.0000001192092896,0.9999999403953552,7.35534463197629e-12,1.6715290485268637e-18,1.5942875562368185e-20,6.343036447649386e-13,0.4453720450401306,-0.06039293110370636,-0.2519105076789856,3.4782536029815674,0.0,0.0,2.002927303314209,4.326186656951904,2.245606485196856,0.22465987503528595,0.8895275592803955,0.0,0.0,1.0,0.7991220355033875,0.0,0.0,0.0,0.0,0.46653905510902405,-0.05982518941164017,-0.2545071244239807,3.665501117706299,4.093379974365234,3.1471760272979736,2.9677181243896484,3.0178112983703613,3.204516649246216,3.496858835220337,5.845609664916992,4.642294406890869,3.658538818359375,3.7739408016204834,3.7174227237701416,3.230353593826294,3.4936304092407227,2.694748640060425,2.637585163116455,2.615448236465454,2.7172014713287354,3.0097920894622803,5.1460137367248535,4.02530574798584,3.183210849761963,3.2753288745880127,3.2306129932403564
406,3.483858823776245,1.2677803039550781,1.175674319267273,2.0167670249938965,4.3466362953186035,3.483858981352432,0.22962000966072083,1.0,0.9999997615814209,0.9999971985816956,0.9999999403953552,1.0,6.6198101687786615e-12,1.504376216052481e-18,1.4348588329248793e-20,5.708732640254122e-13,0.44678154587745667,-0.06024237722158432,-0.2530822455883026,3.442258358001709,0.0,0.0,1.9953147172927856,4.263452529907227,1.933298384673317,0.23147733509540558,0.8909433484077454,0.0,0.0,1.0,0.8032325506210327,0.0,0.0,0.0,0.0,0.4586256146430969,-0.058785464614629745,-0.26263952255249023,3.6718437671661377,4.121837615966797,3.0700480937957764,3.0457911491394043,2.9800939559936523,3.0500056743621826,3.516923666000366,5.874680042266846,4.686371803283691,3.7109293937683105,3.7728524208068848,3.7188644409179688,3.240936756134033,3.5127346515655518,2.7117011547088623,2.652114152908325,2.6369471549987793,2.729741096496582,3.025216817855835,5.168715476989746,4.048664093017578,3.201240301132202,3.2928013801574707,3.247364044189453
407,3.4860074520111084,1.2677803039550781,1.1756742000579834,2.0157837867736816,4.349397659301758,3.486007519787088,0.22909283638000488,1.0,0.9999995827674866,0.999997079372406,0.9999999403953552,1.0,5.957828848324187e-12,1.3539384290111104e-18,1.2913729657882627e-20,5.137858996757949e-13,0.44720977544784546,-0.060264069586992264,-0.2525729238986969,3.502903938293457,0.0,0.0,2.0035853385925293,4.359796047210693,1.7658402367467387,0.22300150990486145,0.8831073641777039,0.0,0.0,1.0,0.7877143621444702,0.0,0.0,0.0,0.0,0.45076313614845276,-0.06035425513982773,-0.24800993502140045,3.7059154510498047,4.150315761566162,3.1854093074798584,3.0956380367279053,3.0571787357330322,3.1872103214263916,3.5376086235046387,5.904012203216553,4.731279373168945,3.736283540725708,3.8290855884552,3.7724287509918213,3.251028537750244,3.5322654247283936,2.728524684906006,2.6675684452056885,2.657747745513916,2.7443814277648926,3.0403523445129395,5.191661834716797,4.071863651275635,3.2179996967315674,3.3103394508361816,3.2644386291503906
408,3.491997718811035,1.2677801847457886,1.1756740808486938,2.0165841579437256,4.355679035186768,3.4919978308278483,0.2285512387752533,1.0,0.999999463558197,0.999997079372406,1.0,1.0000001192092896,5.3620458767555945e-12,1.2185445757702417e-18,1.16223553188453e-20,4.624073476552915e-13,0.44426900148391724,-0.06037377566099167,-0.25191470980644226,3.5453367233276367,0.0,0.0,2.014653444290161,4.404667377471924,1.515711604527887,0.21889130771160126,0.874950110912323,0.0,0.0,1.0,0.7745689153671265,0.0,0.0,0.0,0.0,0.4189144968986511,-0.06118516996502876,-0.2458512932062149,3.7114570140838623,4.178892612457275,3.205052137374878,3.1461989879608154,3.2587432861328125,3.1791574954986572,3.5865254402160645,5.933623313903809,4.830749988555908,3.7619903087615967,3.8792388439178467,3.821960687637329,3.2610220909118652,3.552093505859375,2.744218349456787,2.682155132293701,2.677443265914917,2.761413812637329,3.0577433109283447,5.214772701263428,4.094034194946289,3.234818458557129,3.3279712200164795,3.281867265701294
409,3.491015911102295,1.2677801847457886,1.1756740808486938,2.0145208835601807,4.353150367736816,3.4910160442387133,0.22799301147460938,1.0,0.999999463558197,0.9999970197677612,1.0,1.0000001192092896,4.8258411156076875e-12,1.096690014795641e-18,1.046011809059428e-20,4.16166585784708e-13,0.4450095295906067,-0.0602559968829155,-0.24872493743896484,3.50374698638916,0.0,0.0,1.99454665184021,4.356796741485596,1.6875442691117195,0.21316422522068024,0.8623551726341248,0.0,0.0,0.9999998807907104,0.7511277198791504,0.0,0.0,0.0,0.0,0.4512929916381836,-0.0589836947619915,-0.22786343097686768,3.6044507026672363,4.20765495300293,3.250154972076416,3.3559722900390625,3.186150550842285,3.3221371173858643,3.576385974884033,5.963581562042236,4.788875102996826,3.759726047515869,3.9015090465545654,3.835986614227295,3.2718887329101562,3.572199583053589,2.7592456340789795,2.6968517303466797,2.6965134143829346,2.7788374423980713,3.0761237144470215,5.238048553466797,4.11496114730835,3.2523550987243652,3.345702886581421,3.2988829612731934
410,3.49544358253479,1.267780065536499,1.1756740808486938,2.0134387016296387,4.362285614013672,3.4954434379816655,0.22741156816482544,1.0,0.9999993443489075,0.9999969005584717,1.0,1.0000001192092896,4.3432570907830925e-12,9.870210650148651e-19,9.414107008549062e-21,3.745499190747209e-13,0.44739794731140137,-0.06039949133992195,-0.24854888021945953,3.5479164123535156,0.0,0.0,2.0011727809906006,4.450004577636719,1.625242328173454,0.21434076130390167,0.8423610925674438,0.0,0.0,0.9999998807907104,0.7098507285118103,0.0,0.0,0.0,0.0,0.4677146077156067,-0.06136268004775047,-0.24628092348575592,3.7503738403320312,4.236456394195557,3.4037978649139404,3.157092332839966,3.299398422241211,3.1925222873687744,3.5994808673858643,5.993809223175049,4.784505844116211,3.785456895828247,3.9202897548675537,3.8589766025543213,3.2823867797851562,3.5926735401153564,2.7734365463256836,2.714933395385742,2.7141706943511963,2.796542167663574,3.093717575073242,5.261532783508301,4.135493278503418,3.2706480026245117,3.363553762435913,3.31638503074646
411,3.495769739151001,1.267780065536499,1.1756739616394043,2.0110013484954834,4.3618855476379395,3.4957695580027845,0.2270255833864212,1.0,0.9999992251396179,0.9999968409538269,1.0,0.9999999403953552,3.908931338336696e-12,8.88318979192894e-19,8.472695499900589e-21,3.370949352987651e-13,0.44535353779792786,-0.060308218002319336,-0.24691462516784668,3.4820165634155273,0.0,0.0,1.9831608533859253,4.322028160095215,1.6485685841499187,0.22206754982471466,0.8508208990097046,0.0,0.0,0.9999998807907104,0.7314363121986389,0.0,0.0,0.0,0.0,0.4278455972671509,-0.059100713580846786,-0.2323811799287796,3.6973650455474854,4.265481472015381,3.241103172302246,3.240281820297241,3.135183334350586,3.3047876358032227,3.622987747192383,6.0243916511535645,4.901096820831299,3.7835896015167236,3.9216268062591553,3.861085891723633,3.2923130989074707,3.613912582397461,2.788346529006958,2.73209810256958,2.730327606201172,2.813458204269409,3.111250162124634,5.285396099090576,4.158831596374512,3.2880008220672607,3.3813934326171875,3.3337204456329346
412,3.4952523708343506,1.26777982711792,1.1756738424301147,2.0091423988342285,4.358465671539307,3.495252176691694,0.22673971951007843,1.0,0.999998927116394,0.9999966621398926,1.0,0.9999998807907104,3.518038074398766e-12,7.994870192350586e-19,7.625425869131174e-21,3.0338543634787773e-13,0.4427330791950226,-0.06015429273247719,-0.24384461343288422,3.494525671005249,0.0,0.0,1.9857594966888428,4.322444915771484,1.2084824509996202,0.21764442324638367,0.8487495183944702,0.0,0.0,0.9999998807907104,0.7303641438484192,0.0,0.0,0.0,0.0,0.420238196849823,-0.05830790847539902,-0.22553718090057373,3.76006817817688,4.29453182220459,3.142975091934204,3.3574118614196777,3.2154672145843506,3.420931816101074,3.6804912090301514,6.055202484130859,4.949856758117676,3.866176128387451,3.974311113357544,3.910393714904785,3.3025591373443604,3.6358349323272705,2.8019254207611084,2.7486660480499268,2.7461893558502197,2.829395055770874,3.129751443862915,5.309623718261719,4.181219577789307,3.303985834121704,3.3989150524139404,3.350750684738159
413,3.491820812225342,1.2677797079086304,1.1756738424301147,2.0046520233154297,4.355193138122559,3.4918209501436457,0.22646014392375946,1.0,0.9999988079071045,0.9999964833259583,0.9999999403953552,1.0,3.1662339850663246e-12,7.195383069717951e-19,6.862884090011623e-21,2.7304685747651936e-13,0.443754643201828,-0.05998191982507706,-0.2440532147884369,3.435598850250244,0.0,0.0,1.9608067274093628,4.271470546722412,1.9782242894323538,0.22492121160030365,0.8628774285316467,0.0,0.0,1.0,0.7518828511238098,0.0,0.0,0.0,0.0,0.4524875581264496,-0.057876259088516235,-0.24427662789821625,3.6492464542388916,4.323554515838623,3.3351218700408936,3.2206246852874756,3.174881935119629,3.198256254196167,3.6761646270751953,6.08621072769165,4.90704345703125,3.8639166355133057,3.943502187728882,3.880962371826172,3.314485549926758,3.658261775970459,2.8162617683410645,2.7641777992248535,2.763136863708496,2.8462159633636475,3.1475846767425537,5.334151268005371,4.2045745849609375,3.3188345432281494,3.416768789291382,3.3678975105285645
414,3.4935319423675537,1.2677797079086304,1.1756737232208252,2.002938747406006,4.358059883117676,3.4935320648779165,0.22619333863258362,1.0,0.9999985694885254,0.9999963045120239,0.9999999403953552,1.0,2.8496105215075618e-12,6.475845021240097e-19,6.176595196334321e-21,2.4574220154442716e-13,0.44302067160606384,-0.060000039637088776,-0.24275340139865875,3.5082144737243652,0.0,0.0,1.9820805788040161,4.366226673126221,1.2078083658499597,0.2172492891550064,0.8450397849082947,0.0,0.0,1.0,0.720087468624115,0.0,0.0,0.0,0.0,0.4368407726287842,-0.059598468244075775,-0.2305208444595337,3.740462064743042,4.352627754211426,3.3574390411376953,3.2731122970581055,3.2868752479553223,3.3408596515655518,3.7291502952575684,6.117447376251221,4.973151683807373,3.919102430343628,4.0090227127075195,3.9453864097595215,3.3262059688568115,3.6807310581207275,2.8299472332000732,2.779266119003296,2.7813656330108643,2.8647637367248535,3.164194107055664,5.358784198760986,4.229147434234619,3.333144187927246,3.4347550868988037,3.3855578899383545
415,3.4886868000030518,1.2677794694900513,1.1756736040115356,1.9992395639419556,4.3519792556762695,3.4886869525177246,0.2260470986366272,1.0,0.9999982118606567,0.9999960660934448,1.0000001192092896,1.0,2.5646496645131966e-12,5.828260312320934e-19,5.55893563631121e-21,2.21167959705941e-13,0.4457809329032898,-0.0597953274846077,-0.24141307175159454,3.437753677368164,0.0,0.0,1.9649096727371216,4.263874053955078,0.8989027277924496,0.22281549870967865,0.7872573733329773,0.0,0.0,0.9999998807907104,0.6171529293060303,0.0,0.0,0.0,0.0,0.46918225288391113,-0.05725610628724098,-0.2297893762588501,3.745798110961914,4.381813049316406,3.27890682220459,3.1708433628082275,3.1543402671813965,3.4899485111236572,3.7539145946502686,6.1489410400390625,4.932801723480225,3.945833921432495,4.000314235687256,3.9352991580963135,3.338092565536499,3.7032506465911865,2.8449504375457764,2.792935371398926,2.7981669902801514,2.881565809249878,3.1799569129943848,5.3835320472717285,4.2533769607543945,3.347031354904175,3.4522857666015625,3.4023725986480713
416,3.481971263885498,1.2677792310714722,1.175673484802246,1.9948556423187256,4.341435432434082,3.4819715275261185,0.22588980197906494,1.0,0.9999978542327881,0.999995768070221,1.0,1.0,2.308184459537399e-12,5.2454335056070165e-19,5.003041588003949e-21,1.9905117051161048e-13,0.446580171585083,-0.0594661608338356,-0.24001279473304749,3.4024593830108643,0.0,0.0,1.9520466327667236,4.201310634613037,0.8909824611505676,0.22321772575378418,0.7906779050827026,0.0,0.0,1.0000001192092896,0.6269589066505432,0.0,0.0,0.0,0.0,0.45349234342575073,-0.05577404424548149,-0.22652986645698547,3.66418719291687,4.411094665527344,3.2767789363861084,3.3478336334228516,3.2345826625823975,3.3549387454986572,3.744676351547241,6.1807403564453125,4.99806547164917,3.972747802734375,4.018564701080322,3.950378656387329,3.3503055572509766,3.7258286476135254,2.8590478897094727,2.806467056274414,2.8162262439727783,2.897693157196045,3.1946072578430176,5.408402442932129,4.276583194732666,3.3633079528808594,3.4698472023010254,3.419063091278076
417,3.4805331230163574,1.267778754234314,1.175673246383667,1.9911409616470337,4.3408284187316895,3.4805333932340874,0.2257053405046463,1.0,0.9999971985816956,0.9999955892562866,1.0,1.0,2.077366056951746e-12,4.720890361841468e-19,4.502737065696449e-21,1.7914604532893313e-13,0.44648903608322144,-0.05934348329901695,-0.2394164651632309,3.4203760623931885,0.0,0.0,1.9520269632339478,4.242912769317627,1.4658541450619829,0.23023568093776703,0.7956938743591309,0.0,0.0,1.0,0.6324436068534851,0.0,0.0,0.0,0.0,0.44581738114356995,-0.05737056955695152,-0.23682397603988647,3.792997121810913,4.4431633949279785,3.375684976577759,3.1840193271636963,3.0514769554138184,3.4421496391296387,3.7365474700927734,6.213865756988525,5.0482258796691895,3.9318864345550537,4.02200174331665,3.9613914489746094,3.364496946334839,3.7483389377593994,2.8734326362609863,2.821899890899658,2.831813335418701,2.9129421710968018,3.209690809249878,5.433328151702881,4.29856014251709,3.380484104156494,3.4874989986419678,3.4362123012542725
418,3.479631185531616,1.2677783966064453,1.175673007965088,1.9884860515594482,4.3404316902160645,3.47963121760585,0.225546732544899,1.0,0.9999964833259583,0.9999949932098389,0.9999999403953552,1.0,1.869629234416137e-12,4.248801325657321e-19,4.052463237957769e-21,1.6123143401977624e-13,0.4472675025463104,-0.059266913682222366,-0.239686980843544,3.4570400714874268,0.0,0.0,1.9556859731674194,4.297783851623535,0.8963664589131972,0.21873874962329865,0.7863587737083435,0.0,0.0,0.9999998807907104,0.61495441198349,0.0,0.0,0.0,0.0,0.45401954650878906,-0.05793027952313423,-0.24009937047958374,3.779940128326416,4.473011016845703,3.4503304958343506,3.1735939979553223,3.5347979068756104,3.3708276748657227,3.795867919921875,6.245800971984863,5.060879707336426,4.007052421569824,4.089210510253906,4.021045207977295,3.3785369396209717,3.770195960998535,2.886615514755249,2.8359177112579346,2.846846103668213,2.927608013153076,3.2276995182037354,5.458002090454102,4.319459915161133,3.397456645965576,3.504833936691284,3.45310640335083
419,3.4821090698242188,1.2677778005599976,1.1756726503372192,1.9870200157165527,4.34336519241333,3.4821091657670316,0.22539475560188293,1.0,0.9999957084655762,0.9999944567680359,0.9999999403953552,1.0,1.6826663760266536e-12,3.823920779501283e-19,3.647217035331027e-21,1.4510829061779862e-13,0.44469153881073,-0.0592765286564827,-0.23858924210071564,3.4903645515441895,0.0,0.0,1.9644092321395874,4.336554050445557,0.8872652883277068,0.2204045206308365,0.7828850746154785,0.0,0.0,1.0,0.6101305484771729,0.0,0.0,0.0,0.0,0.42249834537506104,-0.058949366211891174,-0.22802336513996124,3.8386945724487305,4.497786045074463,3.467633008956909,3.408125400543213,3.2920126914978027,3.3570351600646973,3.8523054122924805,6.274582862854004,5.164717674255371,4.023600101470947,4.117649555206299,4.053398132324219,3.3947014808654785,3.7910780906677246,2.8997809886932373,2.8500804901123047,2.8615012168884277,2.9418723583221436,3.244377613067627,5.482346057891846,4.3411126136779785,3.4149727821350098,3.5221824645996094,3.4702742099761963
420,3.4776387214660645,1.2677773237228394,1.1756722927093506,1.982632040977478,4.337910175323486,3.4776387687062065,0.22522446513175964,1.0,0.9999948740005493,0.9999938011169434,1.0,1.0,1.5143997167399448e-12,3.441528624002972e-19,3.2824950086804977e-21,1.3059745071399703e-13,0.4457020163536072,-0.05909392610192299,-0.23742549121379852,3.439607620239258,0.0,0.0,1.939870834350586,4.280681133270264,1.7067137921733944,0.21754737198352814,0.8098165392875671,0.0,0.0,0.9999786615371704,0.6567654013633728,0.0,0.0,0.0,0.0,0.45426297187805176,-0.057268090546131134,-0.2269197553396225,3.7488114833831787,4.522650241851807,3.5672028064727783,3.391284942626953,3.3376762866973877,3.4363481998443604,3.8444464206695557,6.3034796714782715,5.1166605949401855,4.010225772857666,4.127878665924072,4.05647087097168,3.412735939025879,3.8110604286193848,2.9146673679351807,2.865903377532959,2.875498056411743,2.9560015201568604,3.2601053714752197,5.506414890289307,4.365674018859863,3.431055784225464,3.5399117469787598,3.4872732162475586
421,3.4734890460968018,1.267776608467102,1.1756716966629028,1.9806269407272339,4.329038619995117,3.473488994880695,0.22495880722999573,1.0,0.9999936819076538,0.9999929666519165,1.0,1.0,1.3629596583297765e-12,3.0973757357532807e-19,2.9542454674227696e-21,1.1753770699785004e-13,0.44659826159477234,-0.05887255817651749,-0.23748864233493805,3.4131104946136475,0.0,0.0,1.9554935693740845,4.20654296875,0.889810434785234,0.22752027213573456,0.788633406162262,0.0,0.0,1.0,0.6253369450569153,0.0,0.0,0.0,0.0,0.45414280891418457,-0.05672459304332733,-0.23940710723400116,3.8459362983703613,4.536093235015869,3.387418508529663,3.1443686485290527,3.1850247383117676,3.672542095184326,3.886148452758789,6.326081275939941,5.138760566711426,4.05045223236084,4.117282867431641,4.052162170410156,3.4323692321777344,3.830364227294922,2.9294092655181885,2.8831865787506104,2.889448642730713,2.970947742462158,3.2749264240264893,5.530304908752441,4.389090061187744,3.44667387008667,3.5576722621917725,3.5042500495910645
422,3.470106840133667,1.2677756547927856,1.1756712198257446,1.978461742401123,4.320548057556152,3.470106928966225,0.22450892627239227,1.0,0.9999921917915344,0.9999919533729553,1.0000001192092896,1.0,1.2266636274446685e-12,2.7876379553827995e-19,2.6588210216546885e-21,1.0578393900857047e-13,0.4457443952560425,-0.05866599828004837,-0.23719027638435364,3.4253807067871094,0.0,0.0,1.95149564743042,4.22071647644043,1.4749392092518148,0.22125035524368286,0.797368049621582,0.0,0.0,1.0,0.6418771743774414,0.0,0.0,0.0,0.0,0.43833959102630615,-0.05675983428955078,-0.23975256085395813,3.9115207195281982,4.550000190734863,3.4190309047698975,3.431424856185913,3.279884099960327,3.5135879516601562,3.8996927738189697,6.349609851837158,5.199584007263184,4.002274513244629,4.155661106109619,4.0856146812438965,3.4522719383239746,3.8495588302612305,2.9438846111297607,2.900376081466675,2.9036314487457275,2.9918689727783203,3.2898449897766113,5.554184913635254,4.410869598388672,3.4612083435058594,3.5757699012756348,3.5214741230010986
423,3.470245599746704,1.2677744626998901,1.1756705045700073,1.9788354635238647,4.315359592437744,3.470245882842444,0.22405864298343658,1.0,0.9999902248382568,0.999990701675415,1.0000001192092896,0.9999998807907104,1.1039973189103103e-12,2.508874211543308e-19,2.3929387983201846e-21,9.520554104195528e-14,0.444174200296402,-0.058589428663253784,-0.2359428107738495,3.4488251209259033,0.0,0.0,1.9739344120025635,4.223072052001953,0.8879885685907083,0.22297793626785278,0.7873235940933228,0.0,0.0,1.0,0.6293728947639465,0.0,0.0,0.0,0.0,0.43062812089920044,-0.057445697486400604,-0.25828319787979126,4.065896511077881,4.564182281494141,3.3516321182250977,3.4363746643066406,3.131326675415039,3.7600412368774414,3.8786983489990234,6.3738884925842285,5.243045330047607,4.074682235717773,4.187976837158203,4.121084690093994,3.470649242401123,3.869130849838257,2.958768367767334,2.9180219173431396,2.9178290367126465,3.010660409927368,3.3066351413726807,5.578245639801025,4.4314799308776855,3.476606607437134,3.5938026905059814,3.5389037132263184
424,3.4752748012542725,1.267772912979126,1.175669550895691,1.980315923690796,4.320090293884277,3.475274680058387,0.2236746847629547,1.0,0.9999880194664001,0.9999891519546509,1.0,0.9999998807907104,9.935974569150186e-13,2.2579867128407947e-19,2.1536446963449352e-21,8.568497880624346e-14,0.44359856843948364,-0.05882019177079201,-0.23999667167663574,3.482935667037964,0.0,0.0,1.9827066659927368,4.289667129516602,1.4874963327974622,0.22368501126766205,0.7930275797843933,0.0,0.0,1.0,0.6347535848617554,0.0,0.0,0.0,0.0,0.4387589991092682,-0.06012580916285515,-0.2736085057258606,4.09511137008667,4.578497409820557,3.6285650730133057,3.1527349948883057,3.387742519378662,3.465573310852051,3.9301936626434326,6.398832321166992,5.247849464416504,4.05789041519165,4.194299221038818,4.131050109863281,3.4886322021484375,3.8891124725341797,2.97320556640625,2.935137987136841,2.931701183319092,3.0287537574768066,3.3235011100769043,5.602553367614746,4.4526686668396,3.494685173034668,3.611994981765747,3.5569217205047607
425,3.473267078399658,1.2677712440490723,1.175668478012085,1.9797471761703491,4.315847396850586,3.4732672127604256,0.22329457104206085,1.0,0.9999851584434509,0.9999873638153076,1.0,1.0000001192092896,8.942377545916036e-13,2.0321882483518683e-19,1.93828026710012e-21,7.711648160324547e-14,0.44811293482780457,-0.058844391256570816,-0.2426176220178604,3.4420835971832275,0.0,0.0,1.9705805778503418,4.232903480529785,0.9666366411656683,0.2161680907011032,0.8003912568092346,0.0,0.0,1.0,0.6482795476913452,0.0,0.0,0.0,0.0,0.48667436838150024,-0.05801131948828697,-0.26306864619255066,4.183413505554199,4.59301233291626,3.581766366958618,3.2510054111480713,3.4967873096466064,3.5752429962158203,3.844782829284668,6.424403667449951,5.162585735321045,4.1028361320495605,4.221583843231201,4.147602558135986,3.5056333541870117,3.9098591804504395,2.9893100261688232,2.9525091648101807,2.9452898502349854,3.045541286468506,3.3409688472747803,5.627269744873047,4.472801208496094,3.5120961666107178,3.6301276683807373,3.5743305683135986
426,3.471339702606201,1.2677689790725708,1.1756670475006104,1.9789115190505981,4.308654308319092,3.4713398996158773,0.22292309999465942,1.0,0.9999817609786987,0.9999849200248718,1.0000001192092896,1.0,8.048139520273889e-13,1.8289691003992547e-19,1.744452220195269e-21,6.940482937716277e-14,0.44718191027641296,-0.05877060443162918,-0.24356810748577118,3.441833972930908,0.0,0.0,1.963024377822876,4.214743137359619,1.7080858987943675,0.21571241319179535,0.8108552098274231,0.0,0.0,1.0,0.6708121299743652,0.0,0.0,0.0,0.0,0.4393250346183777,-0.05732811987400055,-0.2499312311410904,4.142776012420654,4.624447822570801,3.547667980194092,3.367154598236084,3.4849016666412354,3.6663572788238525,3.942039966583252,6.457551002502441,5.305095195770264,4.090274810791016,4.262826442718506,4.1877055168151855,3.521442413330078,3.931429386138916,3.0045433044433594,2.971515417098999,2.9607224464416504,3.0612752437591553,3.3587663173675537,5.652454853057861,4.49488639831543,3.532290458679199,3.648932695388794,3.59240984916687
427,3.471214771270752,1.2677663564682007,1.1756653785705566,1.9785722494125366,4.307870388031006,3.471214799896403,0.22269022464752197,1.0,0.9999775290489197,0.9999819397926331,0.9999999403953552,1.0000001192092896,7.243324863515088e-13,1.6460722291334205e-19,1.570006877006707e-21,6.246434982757829e-14,0.4505464732646942,-0.05887358635663986,-0.24604427814483643,3.475581407546997,0.0,0.0,1.9757888317108154,4.289946556091309,1.4669006142398453,0.21769359707832336,0.7931971549987793,0.0,0.0,0.9999998807907104,0.6332378387451172,0.0,0.0,0.0,0.0,0.4790538251399994,-0.059269942343235016,-0.2660002112388611,4.186551094055176,4.654322147369385,3.771996021270752,3.452198028564453,3.33895206451416,3.421233892440796,3.9970993995666504,6.490251541137695,5.242602348327637,4.120688438415527,4.267589569091797,4.197261810302734,3.5359201431274414,3.9537465572357178,3.0184855461120605,2.988866090774536,2.9776949882507324,3.0762972831726074,3.3772788047790527,5.678094387054443,4.519188404083252,3.5530154705047607,3.667858839035034,3.610854387283325
428,3.4602699279785156,1.2677628993988037,1.1756632328033447,1.9726881980895996,4.290039539337158,3.4602703518604163,0.22251476347446442,1.0,0.9999722838401794,0.9999783635139465,1.0000001192092896,1.0,6.518992702424231e-13,1.481465096692958e-19,1.413006441741526e-21,5.6217912134315026e-14,0.45106565952301025,-0.05847422778606415,-0.24518102407455444,3.3883962631225586,0.0,0.0,1.921689510345459,4.161059379577637,1.6701371085440462,0.21188127994537354,0.810399055480957,0.0,0.0,1.0,0.6683948636054993,0.0,0.0,0.0,0.0,0.45547208189964294,-0.054578498005867004,-0.2412286102771759,4.229816913604736,4.684360980987549,3.534142017364502,3.6813056468963623,3.5261998176574707,3.6415152549743652,3.9242501258850098,6.523222923278809,5.329466819763184,4.061223030090332,4.3135504722595215,4.228987693786621,3.549960136413574,3.9767332077026367,3.0353846549987793,3.0042569637298584,2.993499279022217,3.0920138359069824,3.397218704223633,5.704163074493408,4.545714855194092,3.5734317302703857,3.687237501144409,3.6289162635803223
429,3.454587459564209,1.267758846282959,1.1756606101989746,1.9707186222076416,4.277780532836914,3.4545873939898932,0.22229202091693878,1.0,0.9999656677246094,0.9999738931655884,0.9999999403953552,1.0,5.867093377971699e-13,1.3333183414544178e-19,1.2717056763983383e-21,5.0596117193938556e-14,0.45155125856399536,-0.05824146792292595,-0.24505844712257385,3.4212610721588135,0.0,0.0,1.9496829509735107,4.188555717468262,0.9458987744761211,0.21363042294979095,0.8030611872673035,0.0,0.0,1.0,0.6575711369514465,0.0,0.0,0.0,0.0,0.4556494951248169,-0.05598380044102669,-0.2431577891111374,4.20841121673584,4.7142653465271,3.529047966003418,3.6300272941589355,3.5125644207000732,3.6291675567626953,4.015537738800049,6.55620813369751,5.361052989959717,4.213692665100098,4.3369975090026855,4.25675106048584,3.564812660217285,4.000324726104736,3.052832841873169,3.0187594890594482,3.009828805923462,3.109956979751587,3.416329860687256,5.730644702911377,4.570798397064209,3.592625141143799,3.706691026687622,3.6474273204803467
430,3.449760675430298,1.2677537202835083,1.1756573915481567,1.9691485166549683,4.267203330993652,3.4497605984052346,0.22215241193771362,1.0,0.9999576807022095,0.9999685287475586,1.0,1.0000001192092896,5.280383877544204e-13,1.1999866494806438e-19,1.1445350380765674e-21,4.5536501408786553e-14,0.4520089030265808,-0.058076161891222,-0.24584820866584778,3.4348442554473877,0.0,0.0,1.951453685760498,4.211063861846924,1.4798410277937506,0.2110929936170578,0.7998473048210144,0.0,0.0,0.9999915361404419,0.6511816382408142,0.0,0.0,0.0,0.0,0.4558227062225342,-0.05646716430783272,-0.2523343563079834,4.1545023918151855,4.744123458862305,3.6334073543548584,3.544923782348633,3.7097554206848145,3.6168951988220215,4.0710859298706055,6.589323043823242,5.392757892608643,4.213420391082764,4.3670196533203125,4.285339832305908,3.5787553787231445,4.024458885192871,3.0717930793762207,3.0327675342559814,3.0257809162139893,3.127774953842163,3.435053825378418,5.757519245147705,4.598143577575684,3.611703395843506,3.7263753414154053,3.6662909984588623
431,3.441406488418579,1.267747402191162,1.175653338432312,1.9663517475128174,4.252220153808594,3.4414065891045507,0.22214533388614655,1.0,0.9999477863311768,0.9999617338180542,0.9999998807907104,1.0,4.752345435579675e-13,1.0799878811350028e-19,1.0300814938792323e-21,4.0982852284347435e-14,0.45411986112594604,-0.05777962505817413,-0.2459138035774231,3.401566743850708,0.0,0.0,1.9416708946228027,4.162615776062012,1.4668406943044279,0.21315082907676697,0.8022059798240662,0.0,0.0,1.0,0.6562367081642151,0.0,0.0,0.0,0.0,0.4717559218406677,-0.055122748017311096,-0.24629148840904236,4.2574238777160645,4.774005889892578,3.5215494632720947,3.531674861907959,3.659919261932373,3.7426164150238037,4.058308124542236,6.6226277351379395,5.386371612548828,4.244407653808594,4.379890441894531,4.296466827392578,3.5915298461914062,4.049090385437012,3.089657783508301,3.0465850830078125,3.0413970947265625,3.145709991455078,3.4548590183258057,5.784774303436279,4.6283955574035645,3.630603075027466,3.746260166168213,3.6851558685302734
432,3.4410853385925293,1.2677396535873413,1.1756484508514404,1.9656420946121216,4.249476432800293,3.4410855926603263,0.2220863252878189,1.0,0.999935507774353,0.9999533295631409,1.0000001192092896,1.0,4.277110349920621e-13,9.719891124085481e-20,9.270733747835678e-22,3.688456807235223e-14,0.4535142779350281,-0.05777546763420105,-0.24594515562057495,3.4537594318389893,0.0,0.0,1.9561457633972168,4.240865707397461,0.893498054382587,0.21597439050674438,0.7867307662963867,0.0,0.0,1.0,0.6273044943809509,0.0,0.0,0.0,0.0,0.44827863574028015,-0.05771855264902115,-0.2460969090461731,4.233994960784912,4.8076090812683105,3.6834161281585693,3.593181610107422,3.4776439666748047,3.6986546516418457,4.121866226196289,6.658085346221924,5.478486061096191,4.2963714599609375,4.40493106842041,4.328701019287109,3.6040682792663574,4.074166774749756,3.10837459564209,3.059426784515381,3.055742025375366,3.1636927127838135,3.477032423019409,5.812392234802246,4.656728267669678,3.653918743133545,3.766554355621338,3.705045700073242
433,3.4390594959259033,1.2677301168441772,1.175642490386963,1.9632712602615356,4.2462944984436035,3.439059575666674,0.22210641205310822,1.0,0.9999203681945801,0.9999430179595947,1.0,1.0,3.8493990980881243e-13,8.747901559312536e-20,8.343659363310152e-22,3.319610889342475e-14,0.4538123905658722,-0.057725440710783005,-0.24750278890132904,3.4323620796203613,0.0,0.0,1.9386694431304932,4.2275004386901855,0.9426393448138689,0.21677997708320618,0.8001010417938232,0.0,0.0,0.9999497532844543,0.6483800411224365,0.0,0.0,0.0,0.0,0.45625579357147217,-0.05722690373659134,-0.2604828476905823,4.242044448852539,4.8412322998046875,3.7396559715270996,3.550398588180542,3.677489757537842,3.555082082748413,4.078812599182129,6.693819999694824,5.492822170257568,4.316646099090576,4.418800354003906,4.340954303741455,3.6177804470062256,4.099632263183594,3.126479148864746,3.072507858276367,3.0689501762390137,3.1812682151794434,3.4982950687408447,5.840351104736328,4.684629440307617,3.6761398315429688,3.7866032123565674,3.724612236022949
434,3.4370412826538086,1.2677183151245117,1.1756348609924316,1.960057258605957,4.24397611618042,3.437041301752688,0.22198283672332764,1.0,0.9999016523361206,0.999930202960968,1.0,1.0,3.4644593509096377e-13,7.873110240158546e-20,7.509293426979136e-22,2.9876498681708635e-14,0.45409199595451355,-0.057631950825452805,-0.24901503324508667,3.400378704071045,0.0,0.0,1.9275519847869873,4.186804294586182,1.6949897835817553,0.22447314858436584,0.811140239238739,0.0,0.0,0.9999999403953552,0.6675359010696411,0.0,0.0,0.0,0.0,0.4563971161842346,-0.056709691882133484,-0.2616097629070282,4.249598503112793,4.874882698059082,3.738877534866333,3.4757349491119385,3.4625749588012695,3.6139931678771973,4.142913341522217,6.729806900024414,5.527313232421875,4.30470609664917,4.4120402336120605,4.338127613067627,3.6306068897247314,4.125448703765869,3.147627353668213,3.086799144744873,3.082237720489502,3.1984317302703857,3.521469831466675,5.868636608123779,4.711563587188721,3.700632333755493,3.807345151901245,3.7447452545166016
435,3.431584119796753,1.2677035331726074,1.1756255626678467,1.9569389820098877,4.23299503326416,3.4315842323665233,0.22201360762119293,1.0,0.9998786449432373,0.9999145269393921,1.0,1.0,3.1180133887136197e-13,7.08579908689572e-20,6.758363983307027e-22,2.6888845764219162e-14,0.4519154131412506,-0.05732565000653267,-0.248117595911026,3.375080108642578,0.0,0.0,1.9241138696670532,4.120574951171875,1.4793038962322713,0.22370591759681702,0.8033651113510132,0.0,0.0,1.0,0.6604599356651306,0.0,0.0,0.0,0.0,0.43320801854133606,-0.054448191076517105,-0.24013644456863403,4.255099773406982,4.90496826171875,3.5492055416107178,3.6022682189941406,3.484076499938965,3.809596061706543,4.199830532073975,6.76404333114624,5.622252941131592,4.336669921875,4.45280122756958,4.3748698234558105,3.642422676086426,4.1515913009643555,3.1667723655700684,3.100503921508789,3.0956203937530518,3.2144665718078613,3.5430712699890137,5.897241592407227,4.738051414489746,3.723966360092163,3.8273708820343018,3.76399827003479
436,3.417146921157837,1.2676855325698853,1.1756142377853394,1.9512887001037598,4.2106428146362305,3.417146725185335,0.22210164368152618,1.0,0.9998502135276794,0.9998951554298401,0.9999998807907104,1.0,2.8062120227372034e-13,6.377219372076605e-20,6.082527029618247e-22,2.4199961696017014e-14,0.4557707905769348,-0.056735336780548096,-0.245255246758461,3.3311660289764404,0.0,0.0,1.9054036140441895,4.068221092224121,1.4488125231215663,0.21274200081825256,0.8077583909034729,0.0,0.0,1.0,0.6673319339752197,0.0,0.0,0.0,0.0,0.48822396993637085,-0.05127090588212013,-0.22807623445987701,4.16361665725708,4.935069561004639,3.5479791164398193,3.806055784225464,3.6433560848236084,3.9418325424194336,4.224920749664307,6.798480987548828,5.515616416931152,4.36868143081665,4.494561195373535,4.401114463806152,3.653219699859619,4.178089141845703,3.1847164630889893,3.1143527030944824,3.1099162101745605,3.2307698726654053,3.5633349418640137,5.926182746887207,4.764580726623535,3.746607780456543,3.847177267074585,3.7822940349578857
437,3.417262077331543,1.2676632404327393,1.1756001710891724,1.9492104053497314,4.21027946472168,3.4172617103117413,0.22214311361312866,1.0,0.9998151063919067,0.9998710751533508,0.9999998807907104,0.9999999403953552,2.5255909559887546e-13,5.739497370245459e-20,5.47427462957901e-22,2.1779964848788955e-14,0.4534565508365631,-0.05671215057373047,-0.2454988956451416,3.4128551483154297,0.0,0.0,1.9257442951202393,4.191287994384766,1.483037966056485,0.22123044729232788,0.7995202541351318,0.0,0.0,0.9998863935470581,0.650128960609436,0.0,0.0,0.0,0.0,0.4336680769920349,-0.056222088634967804,-0.24645793437957764,4.29881477355957,4.9651994705200195,3.7271065711975098,3.7214393615722656,3.597017765045166,3.648207426071167,4.211380481719971,6.833189010620117,5.689143180847168,4.400524139404297,4.509202480316162,4.43189811706543,3.664247989654541,4.205083847045898,3.203923225402832,3.1283457279205322,3.125067710876465,3.2493042945861816,3.5831234455108643,5.955508232116699,4.7929887771606445,3.769713878631592,3.8677308559417725,3.802544593811035
438,3.41147780418396,1.2676359415054321,1.1755826473236084,1.943688154220581,4.202307224273682,3.411478133352346,0.22214066982269287,1.0,0.9997716546058655,0.9998414516448975,1.0,1.0,2.2730316164443903e-13,5.165547439350457e-20,4.926846560775934e-22,1.9601967008657344e-14,0.4514040946960449,-0.05642864480614662,-0.2449931651353836,3.3608295917510986,0.0,0.0,1.8899039030075073,4.126791954040527,0.9200451562395524,0.21768222749233246,0.8038861155509949,0.0,0.0,0.9999999403953552,0.6582567095756531,0.0,0.0,0.0,0.0,0.43385791778564453,-0.05363484099507332,-0.23985792696475983,4.240137577056885,4.998941421508789,3.701730966567993,3.643746852874756,3.838813304901123,3.8134827613830566,4.181084156036377,6.870133399963379,5.724958419799805,4.4534077644348145,4.5466437339782715,4.459881782531738,3.676020860671997,4.232243537902832,3.2222816944122314,3.1441140174865723,3.140331745147705,3.266679286956787,3.605059862136841,5.985021114349365,4.820699214935303,3.7929346561431885,3.8885388374328613,3.8224880695343018
439,3.4131104946136475,1.2676019668579102,1.1755611896514893,1.942254662513733,4.204441070556641,3.41311069388368,0.22207880020141602,1.0,0.999718189239502,0.9998048543930054,1.0,1.0000001192092896,2.0457283599322612e-13,4.648992533856698e-20,4.434161652262851e-22,1.764177013838502e-14,0.44957834482192993,-0.05645546689629555,-0.24179640412330627,3.4443838596343994,0.0,0.0,1.9260022640228271,4.2372870445251465,0.8885765405343338,0.21228331327438354,0.7882294058799744,0.0,0.0,1.0,0.6300482153892517,0.0,0.0,0.0,0.0,0.43405821919441223,-0.0563029870390892,-0.22717277705669403,4.281041622161865,5.032597541809082,3.81264591217041,3.9285848140716553,3.6175336837768555,3.9492387771606445,4.26507043838501,6.907142639160156,5.7609333992004395,4.473184108734131,4.602797031402588,4.518773555755615,3.6885907649993896,4.259147644042969,3.2406070232391357,3.1642251014709473,3.154768943786621,3.2835614681243896,3.6288537979125977,6.014452934265137,4.850550651550293,3.814263343811035,3.909902334213257,3.843583822250366
440,3.4090144634246826,1.2675600051879883,1.1755346059799194,1.939035415649414,4.198312759399414,3.4090145871445,0.22208674252033234,1.0,0.9996521472930908,0.9997598528862,1.0,0.9999999403953552,1.8411555374915622e-13,4.1840931189123146e-20,3.9907453355752718e-22,1.5877593632766286e-14,0.44959136843681335,-0.056240685284137726,-0.24092747271060944,3.3807928562164307,0.0,0.0,1.9062104225158691,4.147353649139404,0.888084352637039,0.21500276029109955,0.7934344410896301,0.0,0.0,1.0,0.6405322551727295,0.0,0.0,0.0,0.0,0.4497487545013428,-0.053898733109235764,-0.23239466547966003,4.223350524902344,5.066380977630615,3.759197950363159,3.773906707763672,3.896367311477661,3.798285484313965,4.330974578857422,6.9444499015808105,5.753937721252441,4.492794513702393,4.603964805603027,4.515771389007568,3.703634262084961,4.285599708557129,3.258746862411499,3.183265209197998,3.168302536010742,3.2995986938476562,3.650447368621826,6.043694019317627,4.87972354888916,3.8339664936065674,3.9306976795196533,3.86366605758667
441,3.406649112701416,1.2675082683563232,1.175501823425293,1.9338836669921875,4.198570251464844,3.406649068649672,0.22205957770347595,1.0,0.9995705485343933,0.9997040033340454,1.0,1.0,1.6570398482171345e-13,3.765683516215399e-20,3.591671079696783e-22,1.4289832067203995e-14,0.4496217370033264,-0.05613959580659866,-0.2374872863292694,3.4011390209198,0.0,0.0,1.888398289680481,4.207935333251953,0.934016277403896,0.21259379386901855,0.8008512854576111,0.0,0.0,0.9999493360519409,0.6481015086174011,0.0,0.0,0.0,0.0,0.4499463737010956,-0.05473489314317703,-0.22368186712265015,4.333186149597168,5.100231647491455,3.9005019664764404,4.027850151062012,3.6051511764526367,3.969294786453247,4.2209882736206055,6.982024192810059,5.790215492248535,4.5123090744018555,4.6441755294799805,4.555154800415039,3.7191078662872314,4.310743808746338,3.2780520915985107,3.2004053592681885,3.1814632415771484,3.3165063858032227,3.670802593231201,6.072279930114746,4.907916069030762,3.853292942047119,3.951057195663452,3.8834421634674072
442,3.4030871391296387,1.2674444913864136,1.1754615306854248,1.9296098947525024,4.19596529006958,3.4030870821535584,0.22179190814495087,1.0,0.9994698762893677,0.9996352195739746,1.0,1.0,1.491335944710584e-13,3.389115358464315e-20,3.23250384550936e-22,1.2860849368703364e-14,0.4521294832229614,-0.055925700813531876,-0.23594830930233002,3.363542318344116,0.0,0.0,1.8906482458114624,4.146406650543213,0.9466360490679288,0.21665801107883453,0.805862307548523,0.0,0.0,0.9999999403953552,0.6583744287490845,0.0,0.0,0.0,0.0,0.47349098324775696,-0.053442664444446564,-0.22113420069217682,4.276076316833496,5.134156703948975,3.873278856277466,3.981873035430908,3.6671507358551025,3.7838902473449707,4.351522922515869,7.019773006439209,5.764197826385498,4.531749248504639,4.638367176055908,4.549186706542969,3.741364002227783,4.334754467010498,3.29789662361145,3.2173280715942383,3.1966278553009033,3.333731174468994,3.691570997238159,6.100367069244385,4.933964252471924,3.8729727268218994,3.972057819366455,3.903538227081299
443,3.40100359916687,1.267365574836731,1.175411581993103,1.926383376121521,4.191222190856934,3.401003302385167,0.22135871648788452,1.0,0.9993455410003662,0.9995504021644592,1.0,1.0000001192092896,1.3422021740566725e-13,3.0502036287474276e-20,2.909253637663267e-22,1.1574763669503375e-14,0.4495255649089813,-0.05561657249927521,-0.23415854573249817,3.3640077114105225,0.0,0.0,1.8903146982192993,4.1174421310424805,0.8797140732022782,0.21654310822486877,0.7953989505767822,0.0,0.0,1.0,0.6464577317237854,0.0,0.0,0.0,0.0,0.4272608757019043,-0.05235006660223007,-0.21765072643756866,4.321593284606934,5.1681904792785645,3.7187018394470215,3.936256170272827,3.9459848403930664,3.8814306259155273,4.412229061126709,7.057806968688965,5.9303998947143555,4.551351547241211,4.692394256591797,4.602117538452148,3.7743396759033203,4.3577728271484375,3.318812608718872,3.2348837852478027,3.2115328311920166,3.352247953414917,3.7111058235168457,6.128080368041992,4.961071968078613,3.8913400173187256,3.9941184520721436,3.924668312072754
444,3.4017252922058105,1.2672685384750366,1.1753499507904053,1.9238163232803345,4.192686080932617,3.4017253307418276,0.22080254554748535,1.0,0.9991922378540039,0.9994455575942993,1.0,1.0,1.207982010861114e-13,2.745183362807913e-20,2.6183277942695098e-22,1.0417287217849742e-14,0.4488150477409363,-0.05548471584916115,-0.23218213021755219,3.3792715072631836,0.0,0.0,1.893483281135559,4.152322769165039,0.8845612260740953,0.21471042931079865,0.7931757569313049,0.0,0.0,0.9999779462814331,0.6394821405410767,0.0,0.0,0.0,0.0,0.4428550601005554,-0.05371217802166939,-0.2233542799949646,4.266199111938477,5.202203273773193,3.9057936668395996,3.8191978931427,3.900305986404419,4.0546112060546875,4.3995795249938965,7.096004009246826,5.922460079193115,4.571041107177734,4.71373987197876,4.6229987144470215,3.8072354793548584,4.3799147605896,3.339724063873291,3.252211570739746,3.230459451675415,3.372715473175049,3.7302358150482178,6.155523777008057,4.989066123962402,3.9084012508392334,4.016549110412598,3.946312189102173
445,3.400681257247925,1.2671483755111694,1.1752740144729614,1.9188408851623535,4.193114280700684,3.4006812828861883,0.22008995711803436,1.0,0.9990029335021973,0.9993162155151367,1.0,0.9999999403953552,1.0871837284598396e-13,2.470664897280151e-20,2.3564951410603036e-22,9.375558665471358e-15,0.4474043846130371,-0.05526821315288544,-0.22919856011867523,3.3614511489868164,0.0,0.0,1.86676824092865,4.1416802406311035,1.6888017276179916,0.2105940580368042,0.8159793019294739,0.0,0.0,1.0,0.6781224012374878,0.0,0.0,0.0,0.0,0.43539294600486755,-0.05285373330116272,-0.22145026922225952,4.212691783905029,5.236327648162842,4.022177696228027,3.921438694000244,4.003068923950195,4.158290863037109,4.359476089477539,7.134461402893066,5.98244571685791,4.5567193031311035,4.758709907531738,4.661201477050781,3.840693950653076,4.4016265869140625,3.359149217605591,3.2699880599975586,3.2537050247192383,3.3934130668640137,3.749488353729248,6.18292760848999,5.014354705810547,3.9251437187194824,4.03904914855957,3.9677276611328125
446,3.4021246433258057,1.2670003175735474,1.1751799583435059,1.9165370464324951,4.199637413024902,3.402124781377569,0.21948345005512238,1.0,0.9987694025039673,0.9991564750671387,1.0,0.9999999403953552,9.784653556138556e-14,2.2235984883314925e-20,2.1208456017107243e-22,8.438002460111043e-15,0.45270150899887085,-0.055275771766901016,-0.22666282951831818,3.4163858890533447,0.0,0.0,1.8938714265823364,4.240376949310303,0.9077213305025144,0.20439842343330383,0.7901602387428284,0.0,0.0,1.0,0.6264110803604126,0.0,0.0,0.0,0.0,0.4976245164871216,-0.05476181209087372,-0.2209896296262741,4.327477931976318,5.270457744598389,4.175136089324951,3.9883642196655273,3.957169771194458,4.0739593505859375,4.494645118713379,7.173024654388428,5.8506646156311035,4.611382484436035,4.7922282218933105,4.694343090057373,3.872180223464966,4.42427396774292,3.3771491050720215,3.286747932434082,3.276036500930786,3.4153316020965576,3.7675888538360596,6.210896015167236,5.0378851890563965,3.941706895828247,4.06097936630249,3.988898277282715
447,3.3982272148132324,1.2668174505233765,1.175064206123352,1.9113978147506714,4.194769382476807,3.398227133260417,0.2191317081451416,1.0,0.9984810948371887,0.9989596605300903,0.9999998807907104,1.0,8.8061882005247e-14,2.0012382840691738e-20,1.908760915321907e-22,7.594201790583465e-15,0.4509182274341583,-0.05495148524641991,-0.224870502948761,3.340688943862915,0.0,0.0,1.8586483001708984,4.111344337463379,1.6832378833673813,0.21508540213108063,0.8169131875038147,0.0,0.0,0.9999766945838928,0.6804773211479187,0.0,0.0,0.0,0.0,0.4356399178504944,-0.05177665501832962,-0.21899589896202087,4.408695220947266,5.29696798324585,3.8984391689300537,3.930234432220459,3.9719882011413574,4.1268792152404785,4.44596529006958,7.205479621887207,6.051885604858398,4.595271110534668,4.793180465698242,4.696881294250488,3.9016506671905518,4.447722434997559,3.393629312515259,3.3035364151000977,3.296738624572754,3.4355993270874023,3.7859652042388916,6.239389419555664,5.064910411834717,3.9580514430999756,4.082719326019287,4.009591102600098
448,3.394979476928711,1.2665917873382568,1.1749211549758911,1.9085973501205444,4.188409805297852,3.3949795778037064,0.21882770955562592,1.0,0.9981256127357483,0.9987165927886963,1.0000001192092896,0.9999999403953552,7.925568702845873e-14,1.801114536441613e-20,1.7178847228155205e-22,6.83478127271194e-15,0.45009946823120117,-0.054720424115657806,-0.22371532022953033,3.3554303646087646,0.0,0.0,1.8784128427505493,4.113580226898193,1.6903739048479027,0.21447840332984924,0.8167924284934998,0.0,0.0,1.0,0.6825917959213257,0.0,0.0,0.0,0.0,0.44305720925331116,-0.05251777172088623,-0.21482326090335846,4.515988826751709,5.309690475463867,3.8918371200561523,4.072545051574707,3.850388526916504,4.157046794891357,4.436741352081299,7.228692054748535,6.05226993560791,4.596937656402588,4.811213970184326,4.715664863586426,3.9298348426818848,4.471905708312988,3.409069776535034,3.3217380046844482,3.315624952316284,3.455045223236084,3.807373523712158,6.268363952636719,5.091919422149658,3.9761061668395996,4.104698181152344,4.030612945556641
449,3.398771286010742,1.2663134336471558,1.174744725227356,1.9094536304473877,4.191684722900391,3.398771637026225,0.21849830448627472,1.0,0.9976869225502014,0.9984166026115417,1.0,1.0,7.133011493748107e-14,1.6210030666415804e-20,1.546096187425096e-22,6.151303187792393e-15,0.44936972856521606,-0.05489301681518555,-0.2242479920387268,3.4303998947143555,0.0,0.0,1.9105743169784546,4.20530366897583,1.4870220144079687,0.20672769844532013,0.8003997206687927,0.0,0.0,1.0,0.6549060940742493,0.0,0.0,0.0,0.0,0.4433237910270691,-0.055461179465055466,-0.22668224573135376,4.643128395080566,5.324830055236816,4.093649387359619,3.9540176391601562,4.033402919769287,4.232869625091553,4.516247749328613,7.255070209503174,6.078639507293701,4.604405403137207,4.873626232147217,4.7778096199035645,3.9558796882629395,4.496512413024902,3.4246888160705566,3.342719793319702,3.3336212635040283,3.4732699394226074,3.8287601470947266,6.297630310058594,5.119134902954102,3.9996070861816406,4.1271820068359375,4.052773475646973
450,3.398428440093994,1.2659701108932495,1.1745269298553467,1.9090988636016846,4.1891255378723145,3.3984283162137565,0.21823905408382416,1.0,0.9971458911895752,0.9980466365814209,1.0,1.0000001192092896,6.419710141085389e-14,1.4589028084450364e-20,1.3914865181954885e-22,5.536173038419743e-15,0.45035505294799805,-0.05492864176630974,-0.22708383202552795,3.356684923171997,0.0,0.0,1.900008201599121,4.08853006362915,1.6924185761549209,0.2156098484992981,0.8165990710258484,0.0,0.0,1.0,0.686095654964447,0.0,0.0,0.0,0.0,0.4591582417488098,-0.05373957008123398,-0.2477666735649109,4.730147361755371,5.343611240386963,4.06990385055542,3.7717843055725098,3.922240972518921,4.198672294616699,4.452068328857422,7.2840166091918945,6.062100887298584,4.624668598175049,4.845921516418457,4.750932693481445,3.981145143508911,4.521502494812012,3.4408130645751953,3.3621225357055664,3.351343870162964,3.490539312362671,3.8515686988830566,6.327188491821289,5.145643711090088,4.021236419677734,4.14931058883667,4.074249744415283
451,3.3995862007141113,1.2655463218688965,1.1742583513259888,1.9088059663772583,4.187625885009766,3.3995866980338376,0.2179970145225525,1.0,0.9964787364006042,0.9975900650024414,1.0,0.9999999403953552,5.77773912697685e-14,1.3130123821976907e-20,1.2523378916194886e-22,4.9825556922261215e-15,0.44807878136634827,-0.055020496249198914,-0.22887243330478668,3.3873353004455566,0.0,0.0,1.8985570669174194,4.124909400939941,1.6937900472935141,0.20987246930599213,0.8144610524177551,0.0,0.0,1.0,0.6838251948356628,0.0,0.0,0.0,0.0,0.42886650562286377,-0.054353244602680206,-0.24119481444358826,4.737733364105225,5.366973400115967,4.1755170822143555,3.9684410095214844,4.009601593017578,4.210446357727051,4.477523326873779,7.3157453536987305,6.185165882110596,4.666380882263184,4.91135311126709,4.812997817993164,4.004420757293701,4.54705810546875,3.458815097808838,3.3813796043395996,3.36848783493042,3.5076892375946045,3.8732244968414307,6.357171058654785,5.171640872955322,4.044196128845215,4.171408176422119,4.095852375030518
452,3.4006638526916504,1.2650243043899536,1.1739271879196167,1.909513235092163,4.186028957366943,3.4006637854606416,0.217871755361557,1.0,0.995656430721283,0.9970271587371826,1.0000001192092896,1.0000001192092896,5.199964739940714e-14,1.181711111666179e-20,1.1271040141051183e-22,4.484299995948567e-15,0.4476500451564789,-0.05512810871005058,-0.22954045236110687,3.4061176776885986,0.0,0.0,1.912147879600525,4.148313522338867,0.9341351099981321,0.2102339118719101,0.799253523349762,0.0,0.0,0.988545298576355,0.6656738519668579,0.0,0.0,0.0,0.0,0.44425371289253235,-0.05498743802309036,-0.24533526599407196,4.822429180145264,5.398115634918213,4.165746212005615,4.229532718658447,3.8055920600891113,4.154085159301758,4.5362653732299805,7.352361679077148,6.173534393310547,4.740350723266602,4.937801361083984,4.841403484344482,4.026379585266113,4.573517322540283,3.4767603874206543,3.4018654823303223,3.385789155960083,3.524393320083618,3.894347667694092,6.387775421142578,5.202387809753418,4.0692830085754395,4.194249629974365,4.118277072906494
453,3.39652156829834,1.2643802165985107,1.173518419265747,1.9053449630737305,4.17918062210083,3.3965215158205093,0.21759846806526184,1.0,0.9946430325508118,0.9963331818580627,1.0,1.0,4.679968503115868e-14,1.0635399601098827e-20,1.01439365055993e-22,4.035869742243826e-15,0.4457002282142639,-0.055005598813295364,-0.23145751655101776,3.3566055297851562,0.0,0.0,1.8653781414031982,4.105152130126953,1.6763175269505899,0.208952397108078,0.8131012320518494,0.0,0.0,1.0,0.6790449619293213,0.0,0.0,0.0,0.0,0.42915064096450806,-0.053227901458740234,-0.24659639596939087,4.728787899017334,5.429333209991455,4.286881923675537,4.012326717376709,4.2163286209106445,4.17705774307251,4.384170055389404,7.389142036437988,6.256872177124023,4.743554592132568,4.9624457359313965,4.858589172363281,4.046675205230713,4.600769519805908,3.4969112873077393,3.422250986099243,3.406230926513672,3.542487859725952,3.916801691055298,6.418951988220215,5.231634140014648,4.092857837677002,4.217557430267334,4.140524864196777
454,3.3918938636779785,1.2635866403579712,1.1730144023895264,1.903409719467163,4.168849468231201,3.3918939180737175,0.2173258513212204,1.0,0.9933947324752808,0.9954773783683777,1.0,1.0000001192092896,4.2119716189229633e-14,9.571859398650875e-21,9.129541529753049e-23,3.632282683316149e-15,0.4447702169418335,-0.05477515608072281,-0.23216675221920013,3.326784133911133,0.0,0.0,1.8811298608779907,4.036619663238525,1.6807121834684018,0.21875086426734924,0.818011462688446,0.0,0.0,0.9999999403953552,0.6916680335998535,0.0,0.0,0.0,0.0,0.4368804693222046,-0.05231447517871857,-0.25104498863220215,4.80845832824707,5.4604573249816895,4.058879852294922,4.195060729980469,3.7418882846832275,4.200397968292236,4.551204204559326,7.425816535949707,6.268560409545898,4.7821455001831055,4.949286937713623,4.851864814758301,4.065486431121826,4.628647804260254,3.5174014568328857,3.442952871322632,3.425274610519409,3.5627081394195557,3.9400203227996826,6.450615882873535,5.260136604309082,4.115498065948486,4.240874767303467,4.162726879119873
455,3.3825631141662598,1.2626088857650757,1.1723928451538086,1.8991013765335083,4.153263568878174,3.3825631881720253,0.21708032488822937,1.0,0.9918580055236816,0.994422972202301,1.0,1.0000001192092896,3.7907743215053954e-14,8.61467410502064e-21,8.216587755430978e-23,3.269054626742771e-15,0.4455564320087433,-0.05437394231557846,-0.23372843861579895,3.2979512214660645,0.0,0.0,1.858309030532837,4.010993003845215,0.9249259664469907,0.2129105180501938,0.8088995218276978,0.0,0.0,1.0000001192092896,0.6747336983680725,0.0,0.0,0.0,0.0,0.45226380228996277,-0.05061022564768791,-0.24640411138534546,4.74506950378418,5.491591453552246,4.082617282867432,4.177532196044922,4.144693851470947,4.107010841369629,4.508716583251953,7.462626934051514,6.257056713104248,4.85684061050415,4.983375549316406,4.875855445861816,4.082875728607178,4.656787395477295,3.537454128265381,3.4636073112487793,3.444711446762085,3.582735538482666,3.9642012119293213,6.482570171356201,5.288653373718262,4.138159275054932,4.2641754150390625,4.18446159362793
456,3.3784143924713135,1.2614047527313232,1.171627163887024,1.8975954055786133,4.145541667938232,3.378414567062523,0.21694250404834747,1.0,0.9899672865867615,0.9931244850158691,1.0,1.0,3.411696584422995e-14,7.753205078931443e-21,7.394928538125774e-23,2.9421490370135518e-15,0.44709843397140503,-0.054240282624959946,-0.23498636484146118,3.3529744148254395,0.0,0.0,1.8819776773452759,4.087642669677734,0.9372436323101664,0.21043160557746887,0.8068318963050842,0.0,0.0,1.0,0.6697087287902832,0.0,0.0,0.0,0.0,0.46003687381744385,-0.052955273538827896,-0.24544796347618103,4.82145357131958,5.522675514221191,4.167501449584961,4.120866298675537,4.129307270050049,4.209495544433594,4.602850437164307,7.499481201171875,6.269575119018555,4.895296573638916,5.023850440979004,4.919735908508301,4.098899841308594,4.685148239135742,3.5565876960754395,3.486116647720337,3.4647603034973145,3.603079319000244,3.987924337387085,6.514795780181885,5.323217868804932,4.1617865562438965,4.28823184967041,4.2075324058532715
457,3.3754119873046875,1.2599231004714966,1.1706838607788086,1.8965481519699097,4.141358375549316,3.3754122039532573,0.21689097583293915,1.0,0.9876429438591003,0.9915258884429932,1.0000001192092896,1.0,3.070527298675192e-14,6.977884813376368e-21,6.655435810530941e-23,2.647934048608902e-15,0.4509783387184143,-0.0542224682867527,-0.23598715662956238,3.374850034713745,0.0,0.0,1.8884261846542358,4.131140232086182,1.6998352010428324,0.20860961079597473,0.8154969811439514,0.0,0.0,0.9999828338623047,0.6816339492797852,0.0,0.0,0.0,0.0,0.48322343826293945,-0.05401099473237991,-0.24413007497787476,4.86179780960083,5.553924083709717,4.288029193878174,4.0657572746276855,4.074857711791992,4.314998626708984,4.665032863616943,7.536604881286621,6.238289833068848,4.897167205810547,5.049645900726318,4.945799350738525,4.114016532897949,4.713769435882568,3.5746257305145264,3.51054310798645,3.484369993209839,3.6227355003356934,4.0103888511657715,6.547323703765869,5.360030651092529,4.186674118041992,4.312448024749756,4.2309441566467285
458,3.3770833015441895,1.258101224899292,1.1695225238800049,1.8975932598114014,4.142992973327637,3.3770832717645938,0.216938316822052,1.0,0.9847885370254517,0.9895596504211426,1.0,1.0,2.7634741283505404e-14,6.280096978273585e-21,5.989892166368975e-23,2.3831405378688933e-15,0.4527933895587921,-0.05438796430826187,-0.23775188624858856,3.4067342281341553,0.0,0.0,1.9059295654296875,4.169497013092041,0.8931812159880782,0.21229353547096252,0.7898060083389282,0.0,0.0,1.0,0.6374619007110596,0.0,0.0,0.0,0.0,0.4679446518421173,-0.055721115320920944,-0.25261521339416504,4.791890621185303,5.585482597351074,4.414516448974609,4.090113162994385,4.022189617156982,4.1815900802612305,4.729123592376709,7.574164390563965,6.3185224533081055,4.971984386444092,5.067957401275635,4.971159934997559,4.1281046867370605,4.7429022789001465,3.590877056121826,3.536604166030884,3.5027308464050293,3.6413512229919434,4.0313873291015625,6.580295085906982,5.396949291229248,4.213705062866211,4.336490631103516,4.254744052886963
459,3.3709371089935303,1.2558627128601074,1.1680934429168701,1.8949406147003174,4.130514144897461,3.3709375914220976,0.21709921956062317,1.0,0.9812872409820557,0.9871426224708557,0.9999999403953552,1.0,2.4871267493968043e-14,5.652086351483625e-21,5.39090250796997e-23,2.144826547609475e-15,0.4496132433414459,-0.054084427654743195,-0.23919528722763062,3.315849542617798,0.0,0.0,1.8652786016464233,4.0196733474731445,1.4679442823394988,0.21750906109809875,0.806947648525238,0.0,0.0,1.0,0.6743282675743103,0.0,0.0,0.0,0.0,0.4225013852119446,-0.05121013894677162,-0.25051814317703247,4.830158710479736,5.617412090301514,4.067821979522705,3.9589903354644775,4.329677104949951,4.368960857391357,4.721096038818359,7.612205505371094,6.500673294067383,4.937194347381592,5.094419002532959,4.991482734680176,4.14116096496582,4.772480487823486,3.606682300567627,3.560336112976074,3.5203890800476074,3.6598241329193115,4.051473617553711,6.613670825958252,5.432460784912109,4.239957332611084,4.359843730926514,4.277170181274414
460,3.3703062534332275,1.2531155347824097,1.1663362979888916,1.893574833869934,4.128476619720459,3.370306482917216,0.21699786186218262,1.0,0.9769986867904663,0.9841750860214233,1.0,1.0,2.238413989753829e-14,5.0868776355559055e-21,4.8518123202818456e-23,1.9303438293210564e-15,0.448360800743103,-0.05402883514761925,-0.23975248634815216,3.357287883758545,0.0,0.0,1.8757847547531128,4.0954790115356445,1.6882993261945893,0.21538008749485016,0.8161137104034424,0.0,0.0,0.9999798536300659,0.6856382489204407,0.0,0.0,0.0,0.0,0.43766018748283386,-0.05341082811355591,-0.24411815404891968,4.8335137367248535,5.652810573577881,4.2444281578063965,4.106380462646484,4.159183502197266,4.321061134338379,4.75232458114624,7.652680397033691,6.489734649658203,4.993709564208984,5.120582580566406,5.020046234130859,4.1538238525390625,4.802478313446045,3.62392258644104,3.5850210189819336,3.5398974418640137,3.68312406539917,4.0740814208984375,6.6474432945251465,5.465278625488281,4.265577793121338,4.3840651512146,4.300776481628418
461,3.3665332794189453,1.2497484683990479,1.1641780138015747,1.8916350603103638,4.121361255645752,3.3665333883242696,0.21667736768722534,1.0,0.9717556834220886,0.9805358648300171,1.0000001192092896,1.0000001192092896,2.014572658541082e-14,4.57819023550742e-21,4.3666306780459903e-23,1.737309361685656e-15,0.4488416314125061,-0.053771644830703735,-0.2388477772474289,3.335519313812256,0.0,0.0,1.8709383010864258,4.059177875518799,1.4681881353778379,0.2116231918334961,0.8074654936790466,0.0,0.0,0.9999792575836182,0.6723638772964478,0.0,0.0,0.0,0.0,0.4529181718826294,-0.051345065236091614,-0.23088131844997406,4.8368239402771,5.688390254974365,4.128079414367676,4.300119876861572,4.273577690124512,4.35486364364624,4.821472644805908,7.693476676940918,6.480287075042725,5.013284206390381,5.159038066864014,5.051173210144043,4.166116237640381,4.832848072052002,3.6429734230041504,3.6103460788726807,3.561263084411621,3.7090578079223633,4.100044250488281,6.681591033935547,5.495612621307373,4.290565490722656,4.409041881561279,4.324599742889404
462,3.3705718517303467,1.245629072189331,1.161529779434204,1.8915263414382935,4.126148223876953,3.3705720613392773,0.21612752974033356,1.0,0.9653599858283997,0.976080060005188,1.0,1.0000001192092896,1.8131151893990664e-14,4.120371211956678e-21,3.92996745246921e-23,1.5635782455225892e-15,0.4469040334224701,-0.053811706602573395,-0.23833657801151276,3.3837244510650635,0.0,0.0,1.8836898803710938,4.130480766296387,0.8784711154742609,0.2149430811405182,0.7921423316001892,0.0,0.0,0.9999998807907104,0.6445274353027344,0.0,0.0,0.0,0.0,0.4303084909915924,-0.05387645587325096,-0.23329293727874756,4.877901554107666,5.724145412445068,4.246587753295898,4.333140850067139,4.186341762542725,4.268732070922852,4.853981018066406,7.734644412994385,6.595169544219971,5.069850921630859,5.18904972076416,5.089941024780273,4.17791748046875,4.863554000854492,3.66611647605896,3.6414573192596436,3.586191177368164,3.733121395111084,4.1252055168151855,6.716091156005859,5.526101589202881,4.3149638175964355,4.435072422027588,4.350059509277344
463,3.3695595264434814,1.2405991554260254,1.158285140991211,1.8874720335006714,4.126409530639648,3.369559310922917,0.2157488912343979,1.0,0.9575792551040649,0.9706345200538635,0.9999998211860657,1.0000001192092896,1.6318037212811366e-14,3.708334292709402e-21,3.536970517895672e-23,1.4072204103824184e-15,0.4451708197593689,-0.05371566489338875,-0.23424750566482544,3.3764331340789795,0.0,0.0,1.849044680595398,4.1441850662231445,1.6887989349248864,0.20395569503307343,0.8144252300262451,0.0,0.0,0.9999998807907104,0.680173933506012,0.0,0.0,0.0,0.0,0.43043461441993713,-0.052610430866479874,-0.2108081579208374,4.807802677154541,5.760162353515625,4.372525691986084,4.578930377960205,4.259451866149902,4.675066947937012,4.776517391204834,7.776197910308838,6.635876178741455,5.051100730895996,5.2693634033203125,5.156443119049072,4.190408229827881,4.894567489624023,3.6886839866638184,3.669522285461426,3.6115448474884033,3.7579269409179688,4.148890972137451,6.7509307861328125,5.559815883636475,4.338583469390869,4.461087703704834,4.375128269195557
464,3.3703813552856445,1.234472393989563,1.154316782951355,1.886328101158142,4.127405166625977,3.3703815342125414,0.21546772122383118,1.0,0.9481447339057922,0.9639949798583984,1.0,1.0,1.4686235016189535e-14,3.3375007018797484e-21,3.183273371442796e-23,1.2664983799320884e-15,0.44441816210746765,-0.0536666102707386,-0.2333519458770752,3.3752245903015137,0.0,0.0,1.8715598583221436,4.124660968780518,0.8823678455299369,0.2097369134426117,0.7939576506614685,0.0,0.0,1.0,0.6471660733222961,0.0,0.0,0.0,0.0,0.4381052553653717,-0.05280227214097977,-0.2247355878353119,4.850686073303223,5.796324253082275,4.282984733581543,4.356709957122803,4.500977516174316,4.376317977905273,4.920321941375732,7.817955017089844,6.651017189025879,5.107504367828369,5.266080379486084,5.158994197845459,4.203607082366943,4.92585563659668,3.709266424179077,3.6955511569976807,3.6359524726867676,3.7876393795013428,4.172525882720947,6.786094665527344,5.596104145050049,4.360518455505371,4.487311840057373,4.400678634643555
465,3.3736000061035156,1.2270325422286987,1.1494733095169067,1.8854492902755737,4.135376930236816,3.373600070323738,0.21527288854122162,1.0,0.9367505311965942,0.9559221863746643,1.0000001192092896,1.0000001192092896,1.3217609481691508e-14,3.003750086431116e-21,2.864945908080772e-23,1.1398484254718493e-15,0.44697362184524536,-0.053861286491155624,-0.22991898655891418,3.4409232139587402,0.0,0.0,1.8774405717849731,4.250129222869873,1.475593891903968,0.19708706438541412,0.7974875569343567,0.0,0.0,0.9969006180763245,0.6482330560684204,0.0,0.0,0.0,0.0,0.46858105063438416,-0.05508151277899742,-0.2061622142791748,4.820291042327881,5.832755088806152,4.6451592445373535,4.602533340454102,4.4501543045043945,4.616701126098633,4.864314079284668,7.860096454620361,6.592941761016846,5.087811470031738,5.337275981903076,5.223816871643066,4.216044902801514,4.957401275634766,3.7272937297821045,3.7195475101470947,3.6618664264678955,3.8167197704315186,4.195182800292969,6.821573257446289,5.630213260650635,4.381879806518555,4.512772560119629,4.425811767578125
466,3.378541946411133,1.2180302143096924,1.1435768604278564,1.8847256898880005,4.14634895324707,3.378541753467156,0.2151959240436554,1.0,0.9230556488037109,0.9461402893066406,1.0000001192092896,1.0,1.1895847601786115e-14,2.703375279736396e-21,2.5784513488271308e-23,1.0258635193971933e-15,0.4484623074531555,-0.054151296615600586,-0.22606851160526276,3.4775583744049072,0.0,0.0,1.878125786781311,4.3097734451293945,0.9522717158943071,0.19331960380077362,0.7990453839302063,0.0,0.0,0.9999999403953552,0.6470111012458801,0.0,0.0,0.0,0.0,0.46110206842422485,-0.05611620098352432,-0.20807810127735138,4.867337226867676,5.869585990905762,4.754035472869873,4.550031661987305,4.526042938232422,4.823506832122803,4.90390682220459,7.902736663818359,6.6581597328186035,5.14493465423584,5.400027751922607,5.285808086395264,4.229216575622559,4.989030838012695,3.745884418487549,3.7428665161132812,3.6858880519866943,3.845545530319214,4.217158794403076,6.857224464416504,5.6665849685668945,4.403045177459717,4.538244724273682,4.451248645782471
467,3.3751442432403564,1.2071847915649414,1.1364212036132812,1.881491780281067,4.1439127922058105,3.3751441162978204,0.2149164229631424,1.0,0.9066911339759827,0.9343367218971252,1.0000001192092896,1.0,1.0706262672200914e-14,2.4330376709833997e-21,2.3206061666127634e-23,9.232772415728569e-16,0.45144179463386536,-0.05396973341703415,-0.22368556261062622,3.359976291656494,0.0,0.0,1.8552067279815674,4.1289567947387695,1.457801527225147,0.20525287091732025,0.8042963147163391,0.0,0.0,1.0000001192092896,0.6606830358505249,0.0,0.0,0.0,0.0,0.4764714539051056,-0.05181334912776947,-0.20784780383110046,4.91746187210083,5.906816482543945,4.415970802307129,4.670841217041016,4.39260196685791,4.515690803527832,4.975437641143799,7.945817470550537,6.651360988616943,5.125245571136475,5.351724624633789,5.236300945281982,4.249228477478027,5.019853115081787,3.7737185955047607,3.7643208503723145,3.709702491760254,3.8738391399383545,4.239037036895752,6.892359733581543,5.704653263092041,4.422377109527588,4.564908981323242,4.476781368255615
468,3.3813250064849854,1.1941869258880615,1.1277694702148438,1.8802763223648071,4.154857158660889,3.38132508754313,0.2144700139760971,1.0,0.8872711062431335,0.9201642870903015,1.0000001192092896,1.0,9.635636743794002e-15,2.1897338836902206e-21,2.08854569194645e-23,8.309494856518357e-16,0.4493088722229004,-0.05413021147251129,-0.2224629521369934,3.4098470211029053,0.0,0.0,1.8635234832763672,4.200802803039551,0.9184463925894168,0.21084359288215637,0.8005991578102112,0.0,0.0,0.9999998807907104,0.653397798538208,0.0,0.0,0.0,0.0,0.431254506111145,-0.054694220423698425,-0.2256336808204651,4.931709289550781,5.944314479827881,4.613711833953857,4.3650922775268555,4.343576431274414,4.630825042724609,5.015647888183594,7.989307403564453,6.844853401184082,5.183694362640381,5.386273384094238,5.282227039337158,4.278359889984131,5.048902988433838,3.8021128177642822,3.7842936515808105,3.7330288887023926,3.901693105697632,4.259638786315918,6.9263596534729,5.739312648773193,4.440495014190674,4.5914201736450195,4.503031253814697
469,3.382542848587036,1.1787045001983643,1.1173559427261353,1.876560091972351,4.158348083496094,3.3825429618608167,0.21399818360805511,1.0,0.8644139170646667,0.9032498002052307,1.0000001192092896,1.0,8.672072391788244e-15,1.970760434736681e-21,1.879690980756842e-23,7.4785444179544555e-16,0.44664859771728516,-0.05403418093919754,-0.22153867781162262,3.353280544281006,0.0,0.0,1.8360137939453125,4.120335102081299,1.470342246335815,0.21130691468715668,0.8025345206260681,0.0,0.0,0.9999363422393799,0.6588073968887329,0.0,0.0,0.0,0.0,0.4239760637283325,-0.052465979009866714,-0.23006311058998108,4.832651615142822,5.982064723968506,4.614154815673828,4.356066703796387,4.583773612976074,4.620560646057129,5.0112996101379395,8.033077239990234,6.914958477020264,5.165039539337158,5.411365032196045,5.300195217132568,4.316376209259033,5.076628684997559,3.8284900188446045,3.8033432960510254,3.7555034160614014,3.9269680976867676,4.279137134552002,6.959646701812744,5.771547794342041,4.457636833190918,4.617527961730957,4.528330326080322
470,3.38362193107605,1.1603962182998657,1.104889154434204,1.8739644289016724,4.1633758544921875,3.3836220259784375,0.2135985791683197,1.0,0.8377693891525269,0.8832064270973206,1.0,1.0,7.804865660829188e-15,1.7736842498991387e-21,1.6917216775773225e-23,6.730690558494161e-16,0.4490247368812561,-0.054002709686756134,-0.21883779764175415,3.3855597972869873,0.0,0.0,1.8494676351547241,4.181514739990234,1.457792631901618,0.2051602303981781,0.8004558086395264,0.0,0.0,1.0,0.6509978175163269,0.0,0.0,0.0,0.0,0.46927809715270996,-0.053004954010248184,-0.22283199429512024,5.007009983062744,6.019913196563721,4.646701812744141,4.727049827575684,4.326189994812012,4.65188455581665,5.122867107391357,8.076963424682617,6.801322937011719,5.147323131561279,5.452722549438477,5.338294506072998,4.357480525970459,5.103550434112549,3.852656602859497,3.8220224380493164,3.776872158050537,3.950202226638794,4.299074172973633,6.992556571960449,5.803778171539307,4.474933624267578,4.643312931060791,4.553361892700195
471,3.3842220306396484,1.1389281749725342,1.09005868434906,1.8720799684524536,4.167243480682373,3.3842222758205116,0.21334482729434967,1.0,0.8070575594902039,0.8596557974815369,1.0,1.0,7.024377739493553e-15,1.5963158047143857e-21,1.5225496675917713e-23,6.057621237946949e-16,0.4519921541213989,-0.053967349231243134,-0.21835514903068542,3.374086618423462,0.0,0.0,1.8541291952133179,4.1613054275512695,0.8919879275323084,0.2083812803030014,0.7920100092887878,0.0,0.0,0.9999998807907104,0.6367501616477966,0.0,0.0,0.0,0.0,0.47701266407966614,-0.05290167033672333,-0.22475793957710266,4.987833023071289,6.058038234710693,4.6794819831848145,4.585100173950195,4.519965171813965,4.436949729919434,5.157447338104248,8.121233940124512,6.819254398345947,5.248466491699219,5.461377143859863,5.348721504211426,4.394800662994385,5.130275249481201,3.875654935836792,3.841108798980713,3.799379348754883,3.9716334342956543,4.318682670593262,7.025450706481934,5.840510845184326,4.4953413009643555,4.669283866882324,4.578657627105713
472,3.379737377166748,1.1139984130859375,1.0725475549697876,1.8663883209228516,4.164575576782227,3.379737434841226,0.21315644681453705,1.0,0.7721131443977356,0.8322580456733704,1.0,1.0000001192092896,6.321939669082666e-15,1.4366841838532687e-21,1.3702944641743226e-23,5.45185874357534e-16,0.4530370235443115,-0.05370613932609558,-0.21578940749168396,3.3234009742736816,0.0,0.0,1.8155735731124878,4.101369380950928,1.6765189241996208,0.20781448483467102,0.8161193132400513,0.0,0.0,0.9999998807907104,0.6790457963943481,0.0,0.0,0.0,0.0,0.4619866609573364,-0.05083613097667694,-0.22356829047203064,4.970949649810791,6.096451759338379,4.677839279174805,4.702747821807861,4.424890041351318,4.756718635559082,5.029139041900635,8.165884971618652,6.911971569061279,5.232472896575928,5.496906280517578,5.376242637634277,4.429154396057129,5.157450199127197,3.8979334831237793,3.8603549003601074,3.820096731185913,3.9927823543548584,4.337451457977295,7.0587286949157715,5.875829696655273,4.519720554351807,4.694950103759766,4.603158473968506
473,3.373582601547241,1.0853670835494995,1.052050232887268,1.8624464273452759,4.157299518585205,3.3735824696457573,0.213051900267601,1.0,0.7329341769218445,0.8007513880729675,1.0,1.0,5.689746040987579e-15,1.2930157755653615e-21,1.2332651439746352e-23,4.906672869217806e-16,0.4555964767932892,-0.05337121710181236,-0.2133636623620987,3.3073830604553223,0.0,0.0,1.8275591135025024,4.059688568115234,0.9416874705783221,0.2100650668144226,0.810603141784668,0.0,0.0,1.0,0.6724639534950256,0.0,0.0,0.0,0.0,0.4772179126739502,-0.049880705773830414,-0.22886212170124054,4.924710273742676,6.135092258453369,4.611047267913818,4.560996055603027,4.372349739074707,4.963919639587402,5.1871514320373535,8.210607528686523,6.904740333557129,5.288649559020996,5.515926361083984,5.395102024078369,4.461483478546143,5.185040473937988,3.9212100505828857,3.8806049823760986,3.8396549224853516,4.013000011444092,4.355559825897217,7.092365741729736,5.912066459655762,4.542699813842773,4.7203688621521,4.627301216125488
474,3.3723130226135254,1.0528887510299683,1.0282949209213257,1.8572847843170166,4.16009521484375,3.3723129719262266,0.21293261647224426,1.0,0.6897261738777161,0.7649978399276733,1.0,1.0,5.120771140427289e-15,1.1637141778139861e-21,1.1099385743569083e-23,4.4160049470213147e-16,0.455488383769989,-0.05327557772397995,-0.21111926436424255,3.3487489223480225,0.0,0.0,1.8097981214523315,4.152059555053711,1.6762508406396728,0.2068050354719162,0.8129000663757324,0.0,0.0,1.0,0.6708918809890747,0.0,0.0,0.0,0.0,0.4546387195587158,-0.05189298093318939,-0.2274165153503418,5.119074821472168,6.1739349365234375,4.81014347076416,4.58901309967041,4.481697082519531,4.9958415031433105,5.059105396270752,8.255654335021973,7.024708271026611,5.26505708694458,5.577423095703125,5.457314968109131,4.494666576385498,5.2129974365234375,3.9454598426818848,3.8997843265533447,3.859487533569336,4.0315842628479,4.373447895050049,7.126320838928223,5.946413993835449,4.568004608154297,4.745816707611084,4.6519927978515625
475,3.3710086345672607,1.0165460109710693,1.0010737180709839,1.8553342819213867,4.157952308654785,3.3710085324195105,0.21274827420711517,1.0,0.6429333090782166,0.7250315546989441,1.0000001192092896,0.9999998807907104,4.608693560516439e-15,1.0473427297403288e-21,9.989446617009541e-24,3.9744043199702853e-16,0.4553828835487366,-0.05314726382493973,-0.2105029821395874,3.3602519035339355,0.0,0.0,1.8344861268997192,4.137227535247803,0.9312268200302063,0.2071838676929474,0.8060781955718994,0.0,0.0,0.9999318718910217,0.6636010408401489,0.0,0.0,0.0,0.0,0.4544484317302704,-0.05192890390753746,-0.20503681898117065,5.200815677642822,6.197040557861328,4.606420040130615,4.708929061889648,4.55733585357666,4.859491348266602,5.233640193939209,8.287281036376953,7.055567264556885,5.330743312835693,5.603726863861084,5.484999179840088,4.525921821594238,5.241387844085693,3.967268228530884,3.919076919555664,3.882047653198242,4.049324989318848,4.392190456390381,7.160630226135254,5.977650165557861,4.597600936889648,4.771309852600098,4.676660537719727
476,3.365842819213867,0.9764752388000488,0.9702721238136292,1.8527309894561768,4.150665283203125,3.3658428826076006,0.2125813513994217,1.0,0.5932452082633972,0.6811015605926514,0.9999999403953552,0.9999998807907104,4.1478242044647954e-15,9.426084567662959e-22,8.990501797536406e-24,3.5769637556243587e-16,0.45845842361450195,-0.052924126386642456,-0.2157975733280182,3.269197702407837,0.0,0.0,1.8278261423110962,4.0015788078308105,1.668604992558277,0.22344011068344116,0.8194819688796997,0.0,0.0,1.0000001192092896,0.6886404752731323,0.0,0.0,0.0,0.0,0.4847870469093323,-0.050360046327114105,-0.26091405749320984,5.366830825805664,6.217401504516602,4.564236640930176,4.3877997398376465,4.454833507537842,4.422484397888184,5.143405437469482,8.317553520202637,6.983005046844482,5.31229305267334,5.516984462738037,5.4057817459106445,4.55435848236084,5.269935131072998,3.9871633052825928,3.937182664871216,3.9067866802215576,4.064159393310547,4.414254188537598,7.195093631744385,6.006246566772461,4.627195358276367,4.796237945556641,4.700349807739258
477,3.3596301078796387,0.9329805374145508,0.9358993768692017,1.848401427268982,4.141218662261963,3.359630519422025,0.21240665018558502,1.0,0.5415729284286499,0.6336989998817444,1.0000001192092896,1.0,3.733041487556784e-15,8.483476312845055e-22,8.091452012213218e-24,3.219267300652584e-16,0.45805659890174866,-0.0526801161468029,-0.21924036741256714,3.2808420658111572,0.0,0.0,1.8069990873336792,4.007478713989258,1.662305130516832,0.20873436331748962,0.8196305632591248,0.0,0.0,0.9999886751174927,0.6922522783279419,0.0,0.0,0.0,0.0,0.454944908618927,-0.049084533005952835,-0.24671156704425812,5.470334529876709,6.244492053985596,4.567590236663818,4.687616348266602,4.995086193084717,4.5897440910339355,5.132256984710693,8.353513717651367,7.120704650878906,5.307897090911865,5.646924018859863,5.518002986907959,4.58091926574707,5.298614501953125,4.0063886642456055,3.956195831298828,3.928459644317627,4.081128120422363,4.439952373504639,7.2297210693359375,6.033250331878662,4.654553413391113,4.820918560028076,4.723659992218018
478,3.3601410388946533,0.8865318894386292,0.898110568523407,1.8480699062347412,4.139660835266113,3.3601410891210013,0.21210677921772003,1.0,0.4889906048774719,0.5835584402084351,1.0000001192092896,1.0,3.359737338801106e-15,7.635127469870199e-22,7.282305548814448e-24,2.8973405176477664e-16,0.45694124698638916,-0.0527101531624794,-0.22417348623275757,3.3094406127929688,0.0,0.0,1.8391635417938232,4.0349955558776855,1.4552892218071491,0.21960806846618652,0.8055797815322876,0.0,0.0,0.9999998807907104,0.6687182188034058,0.0,0.0,0.0,0.0,0.44762173295021057,-0.052095506340265274,-0.26546064019203186,5.411799907684326,6.279531002044678,4.718191146850586,4.359821796417236,4.554574012756348,4.653880596160889,5.331446170806885,8.396119117736816,7.188992977142334,5.365045547485352,5.625939846038818,5.513787269592285,4.604901313781738,5.32766580581665,4.029904365539551,3.9776370525360107,3.9517581462860107,4.100444793701172,4.467825412750244,7.26470947265625,6.064741134643555,4.683162689208984,4.8472747802734375,4.7492547035217285
479,3.36226487159729,0.8377437591552734,0.8572178483009338,1.8482025861740112,4.141636848449707,3.3622649942416047,0.21203355491161346,1.0,0.4366508424282074,0.5316272974014282,1.0000001192092896,1.0,3.023763414338582e-15,6.871614621908983e-22,6.554075309477365e-24,2.6076065452923286e-16,0.455955445766449,-0.052895501255989075,-0.22754770517349243,3.358752489089966,0.0,0.0,1.8466242551803589,4.113041400909424,1.4640511193847623,0.21386252343654633,0.8022459745407104,0.0,0.0,1.0,0.6606512069702148,0.0,0.0,0.0,0.0,0.44779273867607117,-0.05382848531007767,-0.25553444027900696,5.513471603393555,6.314788818359375,4.843548774719238,4.595107078552246,4.52796745300293,4.676924705505371,5.363247394561768,8.439032554626465,7.230517864227295,5.422531604766846,5.692714214324951,5.579405307769775,4.626745700836182,5.357130527496338,4.051839828491211,3.9998364448547363,3.9755654335021973,4.121747970581055,4.494104862213135,7.300096035003662,6.106267929077148,4.7122063636779785,4.874553680419922,4.776156425476074
480,3.3652920722961426,0.7873367071151733,0.8136847615242004,1.849566102027893,4.143842697143555,3.365292018735889,0.21191580593585968,1.0,0.3856850266456604,0.4790017902851105,1.0000001192092896,1.0,2.7213870517289003e-15,6.184452907282595e-22,5.898667581314402e-24,2.346845864293316e-16,0.45510125160217285,-0.053129684180021286,-0.2276562750339508,3.41705322265625,0.0,0.0,1.859065055847168,4.187737941741943,0.8915391574125567,0.1990695595741272,0.7919665575027466,0.0,0.0,1.0,0.6436399817466736,0.0,0.0,0.0,0.0,0.44796890020370483,-0.05438061058521271,-0.22660449147224426,5.489833831787109,6.3503336906433105,4.901550769805908,4.8933491706848145,4.724942207336426,5.020095348358154,5.395651817321777,8.482295989990234,7.272365570068359,5.56257438659668,5.809299468994141,5.684852123260498,4.647062301635742,5.387231349945068,4.074518203735352,4.0234198570251465,4.000117301940918,4.141600608825684,4.520158290863037,7.336028575897217,6.144659996032715,4.74054479598999,4.901534557342529,4.802828311920166
481,3.364821672439575,0.7360863089561462,0.7681026458740234,1.8478672504425049,4.1423845291137695,3.364821632651964,0.21169966459274292,1.0,0.33710816502571106,0.42683830857276917,1.0000001192092896,1.0,2.449248283028539e-15,5.566008171912413e-22,5.308800389309464e-24,2.1121612249244253e-16,0.4535802900791168,-0.05314917117357254,-0.23182350397109985,3.3191843032836914,0.0,0.0,1.82796049118042,4.060053825378418,1.673188592589291,0.21951396763324738,0.8162708282470703,0.0,0.0,1.0,0.6854064464569092,0.0,0.0,0.0,0.0,0.4407074749469757,-0.052997130900621414,-0.2673547863960266,5.54638147354126,6.386137962341309,4.852113723754883,4.508219242095947,4.564887046813965,4.682738780975342,5.29598331451416,8.52587890625,7.342741966247559,5.577517032623291,5.728260040283203,5.6153340339660645,4.665545463562012,5.417910099029541,4.095577239990234,4.0513458251953125,4.026167392730713,4.162929058074951,4.546501636505127,7.372475624084473,6.181909084320068,4.768444538116455,4.92888069152832,4.829357624053955
482,3.362107753753662,0.6847705245018005,0.721153199672699,1.847049593925476,4.138139724731445,3.3621081557728387,0.21159937977790833,1.0,0.2917439937591553,0.3762528896331787,1.0,1.0,2.204323412374038e-15,5.009406597414703e-22,4.777920271492427e-24,1.900945089197093e-16,0.45621004700660706,-0.053139034658670425,-0.23556384444236755,3.3220696449279785,0.0,0.0,1.8384013175964355,4.062955379486084,0.9409050335729991,0.21531133353710175,0.8083769679069519,0.0,0.0,0.9999375343322754,0.6714833974838257,0.0,0.0,0.0,0.0,0.4783044457435608,-0.052755650132894516,-0.26732704043388367,5.559872150421143,6.422134876251221,4.875394821166992,4.488330364227295,4.629446029663086,4.753530502319336,5.418917655944824,8.569663047790527,7.2486371994018555,5.675363063812256,5.764129161834717,5.6459760665893555,4.6822991371154785,5.449116230010986,4.116339206695557,4.079500198364258,4.05183219909668,4.183521270751953,4.574493408203125,7.409414291381836,6.222690582275391,4.796976089477539,4.956618309020996,4.856118202209473
483,3.3600924015045166,0.6341189742088318,0.6735600233078003,1.846336007118225,4.132687091827393,3.3600925509130057,0.2113783061504364,1.0,0.2501804828643799,0.3282293677330017,1.0,1.0000001192092896,1.983891134664105e-15,4.508466038647428e-22,4.300127731583596e-24,1.7108503817540367e-16,0.4553951621055603,-0.05308711528778076,-0.23547980189323425,3.3403642177581787,0.0,0.0,1.837558388710022,4.073313236236572,1.473038402429616,0.2083386480808258,0.8072668313980103,0.0,0.0,1.0,0.6726790070533752,0.0,0.0,0.0,0.0,0.4485267698764801,-0.05216578021645546,-0.2391534447669983,5.5300798416137695,6.458450794219971,4.827879428863525,4.924173831939697,4.60564661026001,5.011914253234863,5.444459438323975,8.613836288452148,7.399765491485596,5.688131332397461,5.850433826446533,5.725015640258789,4.697901725769043,5.480810642242432,4.142625331878662,4.106499671936035,4.079196453094482,4.203319549560547,4.6024699211120605,7.4468231201171875,6.260622501373291,4.824554443359375,4.984482765197754,4.882960796356201
484,3.362107992172241,0.5847747325897217,0.6260393857955933,1.8473122119903564,4.136874198913574,3.3621084304567077,0.21125046908855438,1.0,0.2127595692873001,0.2835489511489868,0.9999999403953552,1.0000001192092896,1.7855018306152815e-15,4.057619030885902e-22,3.870114918982191e-24,1.539765343578633e-16,0.4594573974609375,-0.053340647369623184,-0.23613053560256958,3.4075000286102295,0.0,0.0,1.856637716293335,4.198969841003418,0.9022763278890377,0.20252341032028198,0.7899868488311768,0.0,0.0,0.9999510049819946,0.635154664516449,0.0,0.0,0.0,0.0,0.4935619533061981,-0.05520979315042496,-0.24106374382972717,5.585633754730225,6.498258113861084,5.200623035430908,4.771210670471191,4.682036399841309,5.002840042114258,5.480245590209961,8.660687446594238,7.283755302429199,5.757778644561768,5.892306804656982,5.768649578094482,4.7133073806762695,5.512992858886719,4.168241500854492,4.131481170654297,4.104438304901123,4.225327491760254,4.629317283630371,7.4847025871276855,6.297783851623535,4.8512139320373535,5.011880397796631,4.909913539886475
485,3.361600160598755,0.5372686386108398,0.5792549252510071,1.8462622165679932,4.134096145629883,3.361600286670104,0.21114890277385712,1.0,0.1795952320098877,0.242752805352211,0.9999998807907104,1.0,1.6069516263779297e-15,3.651857001579567e-22,3.483103308754836e-24,1.38578878275099e-16,0.4567801356315613,-0.053322598338127136,-0.23675331473350525,3.366455316543579,0.0,0.0,1.8311022520065308,4.1183977127075195,0.9198542000969374,0.20553182065486908,0.8066969513893127,0.0,0.0,0.9999998807907104,0.6703646183013916,0.0,0.0,0.0,0.0,0.43377888202667236,-0.05291537195444107,-0.24148936569690704,5.5559306144714355,6.538512229919434,4.928588390350342,4.669309139251709,5.143892288208008,5.088849067687988,5.523914813995361,8.708054542541504,7.5493855476379395,5.784102916717529,5.94905424118042,5.8219780921936035,4.728194713592529,5.545628547668457,4.19589900970459,4.154245853424072,4.127482891082764,4.247828483581543,4.657037258148193,7.523036479949951,6.332828998565674,4.877148628234863,5.038933277130127,4.936253547668457
486,3.3596205711364746,0.49200910329818726,0.5337846875190735,1.8445311784744263,4.130397319793701,3.35962098157498,0.21073976159095764,1.0,0.15061147511005402,0.20613746345043182,0.9999998807907104,1.0,1.4462564531522249e-15,3.286671452882904e-22,3.1347932145376242e-24,1.2472098250665523e-16,0.45670604705810547,-0.053226616233587265,-0.23543070256710052,3.351984739303589,0.0,0.0,1.8256943225860596,4.108302116394043,0.9330946519884936,0.20350933074951172,0.8080049157142639,0.0,0.0,1.0,0.6709240078926086,0.0,0.0,0.0,0.0,0.45604440569877625,-0.05224965885281563,-0.22405356168746948,5.483639240264893,6.578921794891357,4.9973530769348145,4.891633033752441,4.88969612121582,5.224484920501709,5.559292316436768,8.755577087402344,7.508459091186523,5.808879852294922,5.969793796539307,5.837908744812012,4.742151260375977,5.578701019287109,4.232746601104736,4.175669193267822,4.152257442474365,4.275669574737549,4.68441915512085,7.561819076538086,6.364769458770752,4.902306079864502,5.067050933837891,4.963150501251221
487,3.3590147495269775,0.4492831826210022,0.4900997281074524,1.8421093225479126,4.131476879119873,3.3590150410489166,0.2102981060743332,1.0,0.12558916211128235,0.17377755045890808,1.0,1.0000001192092896,1.301630765485355e-15,2.9580044842994563e-22,2.8213136958686355e-24,1.1224889881436849e-16,0.4582093358039856,-0.05319751799106598,-0.2355296015739441,3.3404483795166016,0.0,0.0,1.8189359903335571,4.114986896514893,0.935683886175643,0.21078798174858093,0.8053053617477417,0.0,0.0,1.0,0.6620877385139465,0.0,0.0,0.0,0.0,0.4710029661655426,-0.052837468683719635,-0.2357226312160492,5.623037338256836,6.619563102722168,5.067253589630127,4.978647232055664,4.696435451507568,4.887217044830322,5.501242160797119,8.803378105163574,7.498600482940674,5.832478046417236,5.950785160064697,5.82609224319458,4.7564697265625,5.6121931076049805,4.2669172286987305,4.198719501495361,4.176626682281494,4.3072662353515625,4.71414041519165,7.6010422706604,6.396835803985596,4.926565170288086,5.095677852630615,4.990672588348389
488,3.3573665618896484,0.40926727652549744,0.4485570788383484,1.8400802612304688,4.129072189331055,3.3573665491541735,0.2099289894104004,1.0,0.10421396046876907,0.14556610584259033,1.0,1.0,1.1714676359972603e-15,2.6622036067291783e-22,2.539182326281772e-24,1.010239983450198e-16,0.4579913020133972,-0.05308134853839874,-0.23436212539672852,3.3328871726989746,0.0,0.0,1.8206101655960083,4.087608814239502,1.4637767881938057,0.21059031784534454,0.8059269189834595,0.0,0.0,1.0,0.6664663553237915,0.0,0.0,0.0,0.0,0.456106960773468,-0.05196795240044594,-0.22929677367210388,5.550241947174072,6.660521507263184,4.990642547607422,5.0182013511657715,4.732760429382324,5.0635762214660645,5.6731696128845215,8.851521492004395,7.60113525390625,5.8120574951171875,5.995382785797119,5.868424415588379,4.772651195526123,5.646082878112793,4.300813674926758,4.22792911529541,4.201664924621582,4.338229179382324,4.74385929107666,7.640694618225098,6.43759298324585,4.948938846588135,5.1258463859558105,5.019645690917969
489,3.363210439682007,0.37204232811927795,0.40940263867378235,1.8398222923278809,4.138645648956299,3.3632109279172946,0.20971417427062988,1.0,0.08611850440502167,0.12126235663890839,1.0,1.0,1.0543208618096224e-15,2.3959831198385156e-22,2.2852641725396852e-24,9.092159520179537e-17,0.4554731845855713,-0.05331556499004364,-0.23257866501808167,3.412874460220337,0.0,0.0,1.8335071802139282,4.214237689971924,1.486956033097869,0.2080545425415039,0.7995923161506653,0.0,0.0,1.0,0.6517627239227295,0.0,0.0,0.0,0.0,0.433921217918396,-0.05511031672358513,-0.2280745804309845,5.6523847579956055,6.702394962310791,5.216689586639404,5.1578688621521,4.728085994720459,5.057994842529297,5.709208011627197,8.90011215209961,7.737278938293457,5.821800708770752,6.0683817863464355,5.948247909545898,4.7879533767700195,5.68034553527832,4.331534385681152,4.25646448135376,4.226153373718262,4.366547584533691,4.77122163772583,7.680753231048584,6.476014137268066,4.970853328704834,5.154784679412842,5.04848051071167
490,3.3603293895721436,0.3376115560531616,0.3727818429470062,1.8374910354614258,4.133439540863037,3.360329236387855,0.209657683968544,1.0,0.07091635465621948,0.10053892433643341,1.0000001192092896,1.0,9.488887650407484e-16,2.156384984559507e-22,2.0567376763996262e-24,8.18294310494044e-17,0.4532206058502197,-0.05309254303574562,-0.2301623374223709,3.327918291091919,0.0,0.0,1.8152756690979004,4.073450088500977,0.8731253075778024,0.21349556744098663,0.7964474558830261,0.0,0.0,1.0,0.6520746946334839,0.0,0.0,0.0,0.0,0.4339520037174225,-0.050968218594789505,-0.21662864089012146,5.714861869812012,6.744783878326416,4.830101013183594,5.0530476570129395,4.813180446624756,5.290191650390625,5.642884254455566,8.94920539855957,7.785361289978027,5.8751726150512695,6.069879055023193,5.944113254547119,4.803012847900391,5.714948654174805,4.357250213623047,4.285952091217041,4.249285697937012,4.393233776092529,4.797430515289307,7.721189022064209,6.5138654708862305,4.993017673492432,5.182918548583984,5.075623989105225
491,3.3596644401550293,0.3059183955192566,0.3387547433376312,1.8351598978042603,4.135258197784424,3.359664487677195,0.20968471467494965,1.0,0.0582268051803112,0.08302244544029236,0.9999999403953552,1.0,8.539998991245854e-16,1.9407462589116154e-22,1.8510636918229146e-24,7.364648397399702e-17,0.4543135166168213,-0.05307397618889809,-0.23103883862495422,3.323354721069336,0.0,0.0,1.8115370273590088,4.096866607666016,0.92576499752387,0.21827779710292816,0.8056096434593201,0.0,0.0,1.0,0.6618862748146057,0.0,0.0,0.0,0.0,0.463584840297699,-0.05245697498321533,-0.23661839962005615,5.602871417999268,6.787479400634766,5.180888652801514,4.636044025421143,4.854206085205078,5.093193531036377,5.737943649291992,8.998672485351562,7.714359760284424,5.884165287017822,6.0489821434021,5.928821563720703,4.8200459480285645,5.749881744384766,4.383416175842285,4.311400890350342,4.272632598876953,4.418832302093506,4.824774742126465,7.761998653411865,6.552951335906982,5.017176628112793,5.211311340332031,5.103374004364014
492,3.366564989089966,0.2768622934818268,0.3073127269744873,1.8355497121810913,4.147903919219971,3.366565134621762,0.2096915990114212,1.0,0.04769132658839226,0.06832598149776459,1.0,1.0,7.685998139209203e-16,1.7466717087511008e-22,1.665957283197578e-24,6.62818302826414e-17,0.4537307322025299,-0.05340060219168663,-0.22900526225566864,3.4407482147216797,0.0,0.0,1.8341987133026123,4.26996374130249,0.8876447020208632,0.20289839804172516,0.786349892616272,0.0,0.0,1.0,0.625154435634613,0.0,0.0,0.0,0.0,0.4488031268119812,-0.05579383298754692,-0.22034624218940735,5.714571952819824,6.830682277679443,5.417494773864746,4.849852561950684,5.13049840927124,5.422828674316406,5.8196120262146,9.04865550994873,7.821663856506348,5.893863201141357,6.194972515106201,6.070035934448242,4.837115287780762,5.785139083862305,4.408600330352783,4.337595462799072,4.295613765716553,4.442497730255127,4.85462760925293,7.803177356719971,6.588795185089111,5.040523529052734,5.239368438720703,5.131712913513184
493,3.3666069507598877,0.2503127157688141,0.2783944010734558,1.8338114023208618,4.149870872497559,3.366606926645081,0.2097572237253189,1.0,0.03898321092128754,0.05607195943593979,1.0,0.9999999403953552,6.91739779589269e-16,1.5720045252542162e-22,1.499361397105639e-24,5.965364526914379e-17,0.4539889693260193,-0.05337537080049515,-0.2261515110731125,3.3727641105651855,0.0,0.0,1.8157998323440552,4.1677680015563965,0.8834954908231256,0.2072710245847702,0.7915205955505371,0.0,0.0,1.0,0.6368139982223511,0.0,0.0,0.0,0.0,0.45627737045288086,-0.052762873470783234,-0.20949310064315796,5.78645658493042,6.874505043029785,5.142768859863281,5.171014785766602,4.937279224395752,5.317904472351074,5.8569231033325195,9.099223136901855,7.840858459472656,5.904257774353027,6.193119525909424,6.063836097717285,4.856184482574463,5.820712566375732,4.432664394378662,4.3622236251831055,4.317813873291016,4.465646743774414,4.882450580596924,7.844700813293457,6.622637748718262,5.06333065032959,5.266836643218994,5.158689498901367
494,3.367607593536377,0.22612038254737854,0.25190040469169617,1.8317232131958008,4.153383731842041,3.367607530990148,0.20990580320358276,1.0,0.031812023371458054,0.04590737074613571,1.0,0.9999999403953552,6.225658281001217e-16,1.414804110594118e-22,1.3494254644710628e-24,5.368828338920737e-17,0.45268264412879944,-0.05340326577425003,-0.22284622490406036,3.3860971927642822,0.0,0.0,1.8091741800308228,4.1906328201293945,1.4797167097546802,0.20314981043338776,0.8014910817146301,0.0,0.0,1.0,0.6537886261940002,0.0,0.0,0.0,0.0,0.4416007697582245,-0.05324380099773407,-0.20663422346115112,5.680930137634277,6.918761253356934,5.330481052398682,5.258192539215088,5.1197123527526855,5.407776832580566,5.894114971160889,9.150269508361816,7.95131778717041,5.870366096496582,6.25819206237793,6.1245245933532715,4.883926868438721,5.85627555847168,4.4569549560546875,4.384753227233887,4.338510513305664,4.486738204956055,4.908646583557129,7.886293888092041,6.659316062927246,5.086135387420654,5.294755458831787,5.186314582824707
495,3.364746570587158,0.20412619411945343,0.22770558297634125,1.8293845653533936,4.152994632720947,3.36474669507167,0.21004551649093628,1.0,0.025924431160092354,0.0375121608376503,0.9999998807907104,1.0,5.603092770538451e-16,1.2733236111822849e-22,1.2144828194163434e-24,4.831945107981969e-17,0.45702552795410156,-0.05332057923078537,-0.21900609135627747,3.359114170074463,0.0,0.0,1.809430480003357,4.162312030792236,0.8963384113982241,0.2014807015657425,0.7864111065864563,0.0,0.0,0.9877288341522217,0.6345686316490173,0.0,0.0,0.0,0.0,0.49371451139450073,-0.052114032208919525,-0.21089844405651093,5.667255878448486,6.963409900665283,5.407619476318359,5.396390438079834,4.928435325622559,5.49793815612793,5.878152370452881,9.201717376708984,7.79635763168335,5.928689002990723,6.266596794128418,6.126798152923584,4.918657302856445,5.890519618988037,4.479619979858398,4.40546989440918,4.357240200042725,4.507574558258057,4.933886528015137,7.926853179931641,6.695589542388916,5.108280181884766,5.322369575500488,5.2131500244140625
496,3.3664307594299316,0.18416769802570343,0.20566926896572113,1.8265817165374756,4.159120559692383,3.366430544704775,0.20995406806468964,1.0,0.02110273204743862,0.030602972954511642,1.0,1.0,5.042783122907691e-16,1.145991237442282e-22,1.0930345276139477e-24,4.348750531009323e-17,0.45696279406547546,-0.05334893614053726,-0.21608418226242065,3.3886594772338867,0.0,0.0,1.7982652187347412,4.213422775268555,1.687329357703166,0.1994801014661789,0.811631977558136,0.0,0.0,1.0000001192092896,0.6684614419937134,0.0,0.0,0.0,0.0,0.4565419852733612,-0.053092941641807556,-0.21000748872756958,5.880359649658203,7.00855016708374,5.4062418937683105,5.233073711395264,5.3503828048706055,5.538290500640869,5.869059085845947,9.253763198852539,7.990507125854492,5.897822856903076,6.3428053855896,6.203301429748535,4.964123249053955,5.923496723175049,4.503938674926758,4.42563009262085,4.376611709594727,4.532055377960205,4.959903717041016,7.966490268707275,6.732725143432617,5.12894344329834,5.351391792297363,5.24169397354126
497,3.3714046478271484,0.16608421504497528,0.18564283847808838,1.8250914812088013,4.169336318969727,3.37140491802974,0.20989900827407837,1.0,0.017162024974822998,0.024933381006121635,1.0,1.0,4.538504704737804e-16,1.0313920253456323e-22,9.837309466626558e-25,3.913875213210595e-17,0.4553720951080322,-0.053487345576286316,-0.2151406705379486,3.386845350265503,0.0,0.0,1.8070086240768433,4.206719398498535,1.4737315771305826,0.21022048592567444,0.7980601787567139,0.0,0.0,0.9999999403953552,0.6448409557342529,0.0,0.0,0.0,0.0,0.4419167935848236,-0.05396248772740364,-0.21575061976909637,5.821435451507568,7.054062843322754,5.566997528076172,5.124026298522949,5.101949214935303,5.285967826843262,6.004301071166992,9.306174278259277,8.103446006774902,5.9152607917785645,6.328361988067627,6.201992034912109,5.00987434387207,5.956035614013672,4.529430389404297,4.446835994720459,4.39445161819458,4.555053234100342,4.988316535949707,8.005888938903809,6.77264404296875,5.149706840515137,5.380823612213135,5.271093845367432
498,3.367164134979248,0.14972008764743805,0.16747573018074036,1.8191674947738647,4.1668701171875,3.367164212184203,0.20977908372879028,1.0,0.0139467166736722,0.020292168483138084,0.9999998807907104,1.0000001192092896,4.084654128384905e-16,9.282527533913094e-23,8.853578224141063e-25,3.5224877580639845e-17,0.4547276198863983,-0.05317747965455055,-0.21450643241405487,3.280909538269043,0.0,0.0,1.7657002210617065,4.063628673553467,1.6490286287112297,0.2178754359483719,0.8135517835617065,0.0,0.0,0.9998895525932312,0.6734642386436462,0.0,0.0,0.0,0.0,0.4493693709373474,-0.04977094382047653,-0.217434361577034,5.901518821716309,7.0999674797058105,5.325475215911865,5.111107349395752,5.002583980560303,5.276602268218994,5.949537754058838,9.358969688415527,8.123316764831543,5.89068603515625,6.303976535797119,6.17156457901001,5.055990219116211,5.988826751708984,4.557310581207275,4.468489170074463,4.410926818847656,4.581660270690918,5.019516468048096,8.045618057250977,6.814934730529785,5.1722493171691895,5.4115519523620605,5.300528049468994
499,3.3617208003997803,0.13492697477340698,0.15101955831050873,1.8155986070632935,4.160272598266602,3.361720711267752,0.20968183875083923,1.0,0.011326855048537254,0.01650027558207512,1.0,1.0000001192092896,3.6761886361370757e-16,8.35427490673953e-23,7.968220401726957e-25,3.170238849908688e-17,0.4565086364746094,-0.05283806100487709,-0.21092474460601807,3.3246686458587646,0.0,0.0,1.7845035791397095,4.107309341430664,0.888535461617731,0.20114074647426605,0.7947342991828918,0.0,0.0,0.9999998211860657,0.6430062651634216,0.0,0.0,0.0,0.0,0.471632719039917,-0.04954177513718605,-0.20574647188186646,5.936872959136963,7.145980358123779,5.215672492980957,5.439185619354248,5.372517108917236,5.705693244934082,6.0780158042907715,9.411890983581543,8.082573890686035,6.008990287780762,6.439739227294922,6.2903337478637695,5.098695278167725,6.021878719329834,4.582712173461914,4.488781452178955,4.428407669067383,4.609734058380127,5.051146030426025,8.085679054260254,6.856564521789551,5.199966907501221,5.442356109619141,5.329896450042725
